<?xml version="1.0" encoding="UTF-8"?>
<gpx version="1.1" creator="Apple Health Export" xmlns="http://www.topografix.com/GPX/1/1" xmlns:xsi="http://www.w3.org/2001/XMLSchema-instance" xsi:schemaLocation="http://www.topografix.com/GPX/1/1 http://www.topografix.com/GPX/1/1/gpx.xsd">
  <metadata>
    <time>2026-03-14T12:16:06Z</time>
  </metadata>
  <trk>
    <name>Route 2022-11-13 12:03pm</name>
    <trkseg>
      <trkpt lon="-82.146286" lat="33.556489"><ele>75.834404</ele><time>2022-11-13T16:35:30Z</time><extensions><speed>0.531152</speed><course>239.516891</course><hAcc>3.406104</hAcc><vAcc>2.151897</vAcc></extensions></trkpt>
      <trkpt lon="-82.146290" lat="33.556489"><ele>75.776901</ele><time>2022-11-13T16:35:30Z</time><extensions><speed>0.581463</speed><course>245.147644</course><hAcc>3.300485</hAcc><vAcc>2.063858</vAcc></extensions></trkpt>
      <trkpt lon="-82.146294" lat="33.556489"><ele>75.705391</ele><time>2022-11-13T16:35:31Z</time><extensions><speed>0.616924</speed><course>249.875214</course><hAcc>3.216009</hAcc><vAcc>1.985808</vAcc></extensions></trkpt>
      <trkpt lon="-82.146302" lat="33.556489"><ele>75.598381</ele><time>2022-11-13T16:35:32Z</time><extensions><speed>0.724335</speed><course>266.601868</course><hAcc>3.084406</hAcc><vAcc>1.836934</vAcc></extensions></trkpt>
      <trkpt lon="-82.146311" lat="33.556489"><ele>75.505211</ele><time>2022-11-13T16:35:33Z</time><extensions><speed>0.729187</speed><course>264.743896</course><hAcc>2.968457</hAcc><vAcc>1.716490</vAcc></extensions></trkpt>
      <trkpt lon="-82.146319" lat="33.556489"><ele>75.422409</ele><time>2022-11-13T16:35:34Z</time><extensions><speed>0.685055</speed><course>258.259674</course><hAcc>2.844520</hAcc><vAcc>1.620333</vAcc></extensions></trkpt>
      <trkpt lon="-82.146327" lat="33.556488"><ele>75.351929</ele><time>2022-11-13T16:35:35Z</time><extensions><speed>0.672188</speed><course>247.543442</course><hAcc>2.740299</hAcc><vAcc>1.544654</vAcc></extensions></trkpt>
      <trkpt lon="-82.146335" lat="33.556486"><ele>75.294960</ele><time>2022-11-13T16:35:36Z</time><extensions><speed>0.675813</speed><course>242.281754</course><hAcc>2.683998</hAcc><vAcc>1.485958</vAcc></extensions></trkpt>
      <trkpt lon="-82.146343" lat="33.556483"><ele>75.224762</ele><time>2022-11-13T16:35:37Z</time><extensions><speed>0.727662</speed><course>244.470200</course><hAcc>2.660121</hAcc><vAcc>1.441084</vAcc></extensions></trkpt>
      <trkpt lon="-82.146351" lat="33.556480"><ele>75.164299</ele><time>2022-11-13T16:35:38Z</time><extensions><speed>0.844798</speed><course>248.626434</course><hAcc>2.626535</hAcc><vAcc>1.407239</vAcc></extensions></trkpt>
      <trkpt lon="-82.146362" lat="33.556478"><ele>75.113731</ele><time>2022-11-13T16:35:39Z</time><extensions><speed>1.001076</speed><course>260.891693</course><hAcc>2.592709</hAcc><vAcc>1.382025</vAcc></extensions></trkpt>
      <trkpt lon="-82.146374" lat="33.556478"><ele>75.101440</ele><time>2022-11-13T16:35:40Z</time><extensions><speed>1.065202</speed><course>273.000641</course><hAcc>2.596566</hAcc><vAcc>1.363439</vAcc></extensions></trkpt>
      <trkpt lon="-82.146386" lat="33.556480"><ele>75.084473</ele><time>2022-11-13T16:35:41Z</time><extensions><speed>1.061529</speed><course>296.693878</course><hAcc>2.545457</hAcc><vAcc>1.349847</vAcc></extensions></trkpt>
      <trkpt lon="-82.146397" lat="33.556485"><ele>75.095467</ele><time>2022-11-13T16:35:42Z</time><extensions><speed>1.052046</speed><course>303.362640</course><hAcc>2.496243</hAcc><vAcc>1.339953</vAcc></extensions></trkpt>
      <trkpt lon="-82.146407" lat="33.556489"><ele>75.123268</ele><time>2022-11-13T16:35:43Z</time><extensions><speed>0.990270</speed><course>297.481110</course><hAcc>2.486553</hAcc><vAcc>1.332753</vAcc></extensions></trkpt>
      <trkpt lon="-82.146418" lat="33.556492"><ele>75.182823</ele><time>2022-11-13T16:35:44Z</time><extensions><speed>0.875080</speed><course>285.690521</course><hAcc>2.510563</hAcc><vAcc>1.327480</vAcc></extensions></trkpt>
      <trkpt lon="-82.146428" lat="33.556493"><ele>75.231613</ele><time>2022-11-13T16:35:45Z</time><extensions><speed>0.973622</speed><course>275.320618</course><hAcc>2.510136</hAcc><vAcc>1.323567</vAcc></extensions></trkpt>
      <trkpt lon="-82.146440" lat="33.556492"><ele>75.301582</ele><time>2022-11-13T16:35:46Z</time><extensions><speed>0.957469</speed><course>261.601624</course><hAcc>2.500313</hAcc><vAcc>1.320598</vAcc></extensions></trkpt>
      <trkpt lon="-82.146451" lat="33.556489"><ele>75.337944</ele><time>2022-11-13T16:35:47Z</time><extensions><speed>1.009253</speed><course>248.126892</course><hAcc>2.496046</hAcc><vAcc>1.318276</vAcc></extensions></trkpt>
      <trkpt lon="-82.146462" lat="33.556485"><ele>75.378067</ele><time>2022-11-13T16:35:48Z</time><extensions><speed>1.047412</speed><course>241.161560</course><hAcc>2.491873</hAcc><vAcc>1.316395</vAcc></extensions></trkpt>
      <trkpt lon="-82.146473" lat="33.556479"><ele>75.419113</ele><time>2022-11-13T16:35:49Z</time><extensions><speed>1.143977</speed><course>242.017975</course><hAcc>2.475785</hAcc><vAcc>1.314815</vAcc></extensions></trkpt>
      <trkpt lon="-82.146486" lat="33.556474"><ele>75.496078</ele><time>2022-11-13T16:35:50Z</time><extensions><speed>1.218779</speed><course>246.994614</course><hAcc>2.480245</hAcc><vAcc>1.287964</vAcc></extensions></trkpt>
      <trkpt lon="-82.146499" lat="33.556469"><ele>75.593422</ele><time>2022-11-13T16:35:51Z</time><extensions><speed>1.178482</speed><course>248.904083</course><hAcc>2.507980</hAcc><vAcc>1.264984</vAcc></extensions></trkpt>
      <trkpt lon="-82.146512" lat="33.556464"><ele>75.693176</ele><time>2022-11-13T16:35:52Z</time><extensions><speed>1.258030</speed><course>248.646027</course><hAcc>2.499248</hAcc><vAcc>1.243742</vAcc></extensions></trkpt>
      <trkpt lon="-82.146526" lat="33.556459"><ele>75.790176</ele><time>2022-11-13T16:35:53Z</time><extensions><speed>1.307903</speed><course>245.455566</course><hAcc>2.491812</hAcc><vAcc>1.223088</vAcc></extensions></trkpt>
      <trkpt lon="-82.146540" lat="33.556453"><ele>75.906647</ele><time>2022-11-13T16:35:54Z</time><extensions><speed>1.448584</speed><course>243.833969</course><hAcc>2.495953</hAcc><vAcc>1.202354</vAcc></extensions></trkpt>
      <trkpt lon="-82.146555" lat="33.556446"><ele>75.999413</ele><time>2022-11-13T16:35:55Z</time><extensions><speed>1.444925</speed><course>241.367981</course><hAcc>2.521294</hAcc><vAcc>1.181161</vAcc></extensions></trkpt>
      <trkpt lon="-82.146569" lat="33.556439"><ele>76.092110</ele><time>2022-11-13T16:35:56Z</time><extensions><speed>1.464491</speed><course>238.559631</course><hAcc>2.532850</hAcc><vAcc>1.159347</vAcc></extensions></trkpt>
      <trkpt lon="-82.146584" lat="33.556431"><ele>76.168488</ele><time>2022-11-13T16:35:57Z</time><extensions><speed>1.563353</speed><course>237.719696</course><hAcc>2.533474</hAcc><vAcc>1.136932</vAcc></extensions></trkpt>
      <trkpt lon="-82.146599" lat="33.556422"><ele>76.231255</ele><time>2022-11-13T16:35:58Z</time><extensions><speed>1.638335</speed><course>239.854218</course><hAcc>2.532830</hAcc><vAcc>1.114123</vAcc></extensions></trkpt>
      <trkpt lon="-82.146616" lat="33.556415"><ele>76.275055</ele><time>2022-11-13T16:35:59Z</time><extensions><speed>1.710148</speed><course>245.206100</course><hAcc>2.521440</hAcc><vAcc>1.091315</vAcc></extensions></trkpt>
      <trkpt lon="-82.146633" lat="33.556407"><ele>76.316414</ele><time>2022-11-13T16:36:00Z</time><extensions><speed>1.784952</speed><course>245.862930</course><hAcc>2.508417</hAcc><vAcc>1.069092</vAcc></extensions></trkpt>
      <trkpt lon="-82.146651" lat="33.556400"><ele>76.340385</ele><time>2022-11-13T16:36:01Z</time><extensions><speed>1.799501</speed><course>242.349915</course><hAcc>2.506516</hAcc><vAcc>1.048125</vAcc></extensions></trkpt>
      <trkpt lon="-82.146668" lat="33.556390"><ele>76.350914</ele><time>2022-11-13T16:36:02Z</time><extensions><speed>1.844671</speed><course>233.853394</course><hAcc>2.507930</hAcc><vAcc>1.028967</vAcc></extensions></trkpt>
      <trkpt lon="-82.146683" lat="33.556379"><ele>76.352547</ele><time>2022-11-13T16:36:03Z</time><extensions><speed>1.757244</speed><course>226.814575</course><hAcc>2.518912</hAcc><vAcc>1.011964</vAcc></extensions></trkpt>
      <trkpt lon="-82.146696" lat="33.556368"><ele>76.342155</ele><time>2022-11-13T16:36:04Z</time><extensions><speed>1.557970</speed><course>222.742615</course><hAcc>2.502935</hAcc><vAcc>0.997273</vAcc></extensions></trkpt>
      <trkpt lon="-82.146708" lat="33.556357"><ele>76.307068</ele><time>2022-11-13T16:36:05Z</time><extensions><speed>1.511624</speed><course>222.169449</course><hAcc>2.493697</hAcc><vAcc>0.984896</vAcc></extensions></trkpt>
      <trkpt lon="-82.146719" lat="33.556347"><ele>76.254860</ele><time>2022-11-13T16:36:06Z</time><extensions><speed>1.378630</speed><course>224.318466</course><hAcc>2.518185</hAcc><vAcc>0.974716</vAcc></extensions></trkpt>
      <trkpt lon="-82.146731" lat="33.556338"><ele>76.190674</ele><time>2022-11-13T16:36:07Z</time><extensions><speed>1.449720</speed><course>228.041809</course><hAcc>2.514922</hAcc><vAcc>0.966534</vAcc></extensions></trkpt>
      <trkpt lon="-82.146744" lat="33.556330"><ele>76.131371</ele><time>2022-11-13T16:36:08Z</time><extensions><speed>1.463268</speed><course>234.943375</course><hAcc>2.514639</hAcc><vAcc>0.960107</vAcc></extensions></trkpt>
      <trkpt lon="-82.146759" lat="33.556322"><ele>76.070824</ele><time>2022-11-13T16:36:09Z</time><extensions><speed>1.486162</speed><course>241.922607</course><hAcc>2.508498</hAcc><vAcc>0.955171</vAcc></extensions></trkpt>
      <trkpt lon="-82.146774" lat="33.556317"><ele>76.008171</ele><time>2022-11-13T16:36:10Z</time><extensions><speed>1.383951</speed><course>246.984344</course><hAcc>2.531433</hAcc><vAcc>0.951467</vAcc></extensions></trkpt>
      <trkpt lon="-82.146787" lat="33.556312"><ele>75.941643</ele><time>2022-11-13T16:36:11Z</time><extensions><speed>1.094119</speed><course>245.088409</course><hAcc>2.557839</hAcc><vAcc>0.948752</vAcc></extensions></trkpt>
      <trkpt lon="-82.146798" lat="33.556307"><ele>75.883316</ele><time>2022-11-13T16:36:12Z</time><extensions><speed>1.021838</speed><course>233.185364</course><hAcc>2.578348</hAcc><vAcc>0.946813</vAcc></extensions></trkpt>
      <trkpt lon="-82.146807" lat="33.556302"><ele>75.830215</ele><time>2022-11-13T16:36:13Z</time><extensions><speed>1.073400</speed><course>232.543106</course><hAcc>2.581799</hAcc><vAcc>0.945465</vAcc></extensions></trkpt>
      <trkpt lon="-82.146818" lat="33.556296"><ele>75.782455</ele><time>2022-11-13T16:36:14Z</time><extensions><speed>1.211435</speed><course>237.680450</course><hAcc>2.568179</hAcc><vAcc>0.944557</vAcc></extensions></trkpt>
      <trkpt lon="-82.146830" lat="33.556290"><ele>75.747185</ele><time>2022-11-13T16:36:15Z</time><extensions><speed>1.363570</speed><course>246.950272</course><hAcc>2.571518</hAcc><vAcc>0.943967</vAcc></extensions></trkpt>
      <trkpt lon="-82.146845" lat="33.556286"><ele>75.723419</ele><time>2022-11-13T16:36:16Z</time><extensions><speed>1.539904</speed><course>254.030014</course><hAcc>2.591109</hAcc><vAcc>0.943600</vAcc></extensions></trkpt>
      <trkpt lon="-82.146863" lat="33.556283"><ele>75.711235</ele><time>2022-11-13T16:36:17Z</time><extensions><speed>1.767585</speed><course>260.055023</course><hAcc>2.619365</hAcc><vAcc>0.943384</vAcc></extensions></trkpt>
      <trkpt lon="-82.146882" lat="33.556281"><ele>75.723045</ele><time>2022-11-13T16:36:18Z</time><extensions><speed>1.816320</speed><course>264.272247</course><hAcc>2.648366</hAcc><vAcc>0.943265</vAcc></extensions></trkpt>
      <trkpt lon="-82.146902" lat="33.556280"><ele>75.739723</ele><time>2022-11-13T16:36:19Z</time><extensions><speed>1.784952</speed><course>266.404724</course><hAcc>2.651374</hAcc><vAcc>0.943207</vAcc></extensions></trkpt>
      <trkpt lon="-82.146921" lat="33.556279"><ele>75.769485</ele><time>2022-11-13T16:36:20Z</time><extensions><speed>1.728772</speed><course>264.234558</course><hAcc>2.649668</hAcc><vAcc>0.943182</vAcc></extensions></trkpt>
      <trkpt lon="-82.146938" lat="33.556277"><ele>75.805908</ele><time>2022-11-13T16:36:21Z</time><extensions><speed>1.561022</speed><course>258.062286</course><hAcc>2.668012</hAcc><vAcc>0.948927</vAcc></extensions></trkpt>
      <trkpt lon="-82.146954" lat="33.556274"><ele>75.847366</ele><time>2022-11-13T16:36:22Z</time><extensions><speed>1.391808</speed><course>248.225433</course><hAcc>2.653689</hAcc><vAcc>0.956808</vAcc></extensions></trkpt>
      <trkpt lon="-82.146968" lat="33.556269"><ele>75.890312</ele><time>2022-11-13T16:36:23Z</time><extensions><speed>1.446437</speed><course>240.684662</course><hAcc>2.625099</hAcc><vAcc>0.967026</vAcc></extensions></trkpt>
      <trkpt lon="-82.146981" lat="33.556264"><ele>75.949982</ele><time>2022-11-13T16:36:24Z</time><extensions><speed>1.358110</speed><course>239.480728</course><hAcc>2.616335</hAcc><vAcc>0.969779</vAcc></extensions></trkpt>
      <trkpt lon="-82.146992" lat="33.556260"><ele>76.011940</ele><time>2022-11-13T16:36:25Z</time><extensions><speed>0.943578</speed><course>247.833527</course><hAcc>2.593840</hAcc><vAcc>0.972859</vAcc></extensions></trkpt>
      <trkpt lon="-82.147002" lat="33.556258"><ele>76.079735</ele><time>2022-11-13T16:36:26Z</time><extensions><speed>0.782202</speed><course>268.253662</course><hAcc>2.556505</hAcc><vAcc>0.976185</vAcc></extensions></trkpt>
      <trkpt lon="-82.147009" lat="33.556260"><ele>76.171455</ele><time>2022-11-13T16:36:27Z</time><extensions><speed>0.679896</speed><course>291.468933</course><hAcc>2.547447</hAcc><vAcc>0.979626</vAcc></extensions></trkpt>
      <trkpt lon="-82.147015" lat="33.556264"><ele>76.264275</ele><time>2022-11-13T16:36:28Z</time><extensions><speed>0.643821</speed><course>312.308899</course><hAcc>2.580359</hAcc><vAcc>0.982989</vAcc></extensions></trkpt>
      <trkpt lon="-82.147019" lat="33.556269"><ele>76.347572</ele><time>2022-11-13T16:36:29Z</time><extensions><speed>0.692612</speed><course>330.772827</course><hAcc>2.588131</hAcc><vAcc>0.986010</vAcc></extensions></trkpt>
      <trkpt lon="-82.147022" lat="33.556275"><ele>76.443794</ele><time>2022-11-13T16:36:30Z</time><extensions><speed>0.758911</speed><course>330.955872</course><hAcc>2.596357</hAcc><vAcc>0.988346</vAcc></extensions></trkpt>
      <trkpt lon="-82.147029" lat="33.556283"><ele>76.519989</ele><time>2022-11-13T16:36:31Z</time><extensions><speed>1.263352</speed><course>309.015961</course><hAcc>2.577394</hAcc><vAcc>0.989589</vAcc></extensions></trkpt>
      <trkpt lon="-82.147041" lat="33.556290"><ele>76.610451</ele><time>2022-11-13T16:36:32Z</time><extensions><speed>1.467048</speed><course>297.221771</course><hAcc>2.579323</hAcc><vAcc>0.989371</vAcc></extensions></trkpt>
      <trkpt lon="-82.147055" lat="33.556296"><ele>76.673729</ele><time>2022-11-13T16:36:33Z</time><extensions><speed>1.568766</speed><course>286.304016</course><hAcc>2.607858</hAcc><vAcc>0.987566</vAcc></extensions></trkpt>
      <trkpt lon="-82.147071" lat="33.556300"><ele>76.709778</ele><time>2022-11-13T16:36:34Z</time><extensions><speed>1.698836</speed><course>281.071014</course><hAcc>2.612576</hAcc><vAcc>0.984381</vAcc></extensions></trkpt>
      <trkpt lon="-82.147088" lat="33.556303"><ele>76.732422</ele><time>2022-11-13T16:36:35Z</time><extensions><speed>1.746614</speed><course>277.085754</course><hAcc>2.614510</hAcc><vAcc>0.980246</vAcc></extensions></trkpt>
      <trkpt lon="-82.147105" lat="33.556306"><ele>76.742920</ele><time>2022-11-13T16:36:36Z</time><extensions><speed>1.634592</speed><course>278.702576</course><hAcc>2.624841</hAcc><vAcc>0.975615</vAcc></extensions></trkpt>
      <trkpt lon="-82.147120" lat="33.556309"><ele>76.743248</ele><time>2022-11-13T16:36:37Z</time><extensions><speed>1.473812</speed><course>283.097015</course><hAcc>2.663272</hAcc><vAcc>0.970854</vAcc></extensions></trkpt>
      <trkpt lon="-82.147130" lat="33.556312"><ele>76.740387</ele><time>2022-11-13T16:36:38Z</time><extensions><speed>0.650004</speed><course>306.211426</course><hAcc>2.695195</hAcc><vAcc>0.966240</vAcc></extensions></trkpt>
      <trkpt lon="-82.147131" lat="33.556317"><ele>76.735191</ele><time>2022-11-13T16:36:39Z</time><extensions><speed>0.628506</speed><course>355.401611</course><hAcc>2.664653</hAcc><vAcc>0.961966</vAcc></extensions></trkpt>
      <trkpt lon="-82.147129" lat="33.556323"><ele>76.717552</ele><time>2022-11-13T16:36:40Z</time><extensions><speed>0.796882</speed><course>18.546661</course><hAcc>2.624978</hAcc><vAcc>0.958149</vAcc></extensions></trkpt>
      <trkpt lon="-82.147125" lat="33.556330"><ele>76.699272</ele><time>2022-11-13T16:36:41Z</time><extensions><speed>0.886309</speed><course>29.437271</course><hAcc>2.614917</hAcc><vAcc>0.954846</vAcc></extensions></trkpt>
      <trkpt lon="-82.147118" lat="33.556337"><ele>76.673477</ele><time>2022-11-13T16:36:42Z</time><extensions><speed>0.914045</speed><course>34.645409</course><hAcc>2.620438</hAcc><vAcc>0.952068</vAcc></extensions></trkpt>
      <trkpt lon="-82.147112" lat="33.556344"><ele>76.651138</ele><time>2022-11-13T16:36:43Z</time><extensions><speed>0.847875</speed><course>30.573334</course><hAcc>2.636972</hAcc><vAcc>0.949790</vAcc></extensions></trkpt>
      <trkpt lon="-82.147108" lat="33.556350"><ele>76.633667</ele><time>2022-11-13T16:36:44Z</time><extensions><speed>0.675072</speed><course>24.912615</course><hAcc>2.626489</hAcc><vAcc>0.947968</vAcc></extensions></trkpt>
      <trkpt lon="-82.147102" lat="33.556353"><ele>76.626823</ele><time>2022-11-13T16:36:45Z</time><extensions><speed>0.655739</speed><course>61.836796</course><hAcc>2.594797</hAcc><vAcc>0.946546</vAcc></extensions></trkpt>
      <trkpt lon="-82.147094" lat="33.556353"><ele>76.624115</ele><time>2022-11-13T16:36:46Z</time><extensions><speed>0.756042</speed><course>106.208923</course><hAcc>2.565750</hAcc><vAcc>0.945463</vAcc></extensions></trkpt>
      <trkpt lon="-82.147085" lat="33.556349"><ele>76.638382</ele><time>2022-11-13T16:36:47Z</time><extensions><speed>0.993646</speed><course>129.290482</course><hAcc>2.556435</hAcc><vAcc>0.944659</vAcc></extensions></trkpt>
      <trkpt lon="-82.147076" lat="33.556342"><ele>76.648941</ele><time>2022-11-13T16:36:48Z</time><extensions><speed>1.057392</speed><course>144.470123</course><hAcc>2.538263</hAcc><vAcc>0.944078</vAcc></extensions></trkpt>
      <trkpt lon="-82.147071" lat="33.556333"><ele>76.659027</ele><time>2022-11-13T16:36:49Z</time><extensions><speed>0.964879</speed><course>160.706223</course><hAcc>2.551221</hAcc><vAcc>0.943670</vAcc></extensions></trkpt>
      <trkpt lon="-82.147067" lat="33.556325"><ele>76.674889</ele><time>2022-11-13T16:36:50Z</time><extensions><speed>0.792631</speed><course>167.678513</course><hAcc>2.561336</hAcc><vAcc>0.943394</vAcc></extensions></trkpt>
      <trkpt lon="-82.147066" lat="33.556319"><ele>76.691246</ele><time>2022-11-13T16:36:51Z</time><extensions><speed>0.408175</speed><course>179.923203</course><hAcc>2.565336</hAcc><vAcc>0.943215</vAcc></extensions></trkpt>
      <trkpt lon="-82.147066" lat="33.556315"><ele>76.722679</ele><time>2022-11-13T16:36:52Z</time><extensions><speed>0.195913</speed><course>197.865356</course><hAcc>2.561347</hAcc><vAcc>0.943105</vAcc></extensions></trkpt>
      <trkpt lon="-82.147065" lat="33.556311"><ele>76.746941</ele><time>2022-11-13T16:36:53Z</time><extensions><speed>0.664035</speed><course>165.171387</course><hAcc>2.545708</hAcc><vAcc>0.943042</vAcc></extensions></trkpt>
      <trkpt lon="-82.147062" lat="33.556303"><ele>76.766357</ele><time>2022-11-13T16:36:54Z</time><extensions><speed>1.053337</speed><course>158.820648</course><hAcc>2.544346</hAcc><vAcc>0.936491</vAcc></extensions></trkpt>
      <trkpt lon="-82.147056" lat="33.556292"><ele>76.800926</ele><time>2022-11-13T16:36:55Z</time><extensions><speed>1.479116</speed><course>156.430237</course><hAcc>2.547405</hAcc><vAcc>0.935083</vAcc></extensions></trkpt>
      <trkpt lon="-82.147049" lat="33.556279"><ele>76.846046</ele><time>2022-11-13T16:36:56Z</time><extensions><speed>1.630038</speed><course>156.154709</course><hAcc>2.558790</hAcc><vAcc>0.933557</vAcc></extensions></trkpt>
      <trkpt lon="-82.147042" lat="33.556265"><ele>76.880699</ele><time>2022-11-13T16:36:57Z</time><extensions><speed>1.607005</speed><course>159.451233</course><hAcc>2.568493</hAcc><vAcc>0.931922</vAcc></extensions></trkpt>
      <trkpt lon="-82.147037" lat="33.556252"><ele>76.916901</ele><time>2022-11-13T16:36:58Z</time><extensions><speed>1.465375</speed><course>166.274261</course><hAcc>2.583325</hAcc><vAcc>0.930205</vAcc></extensions></trkpt>
      <trkpt lon="-82.147035" lat="33.556239"><ele>76.952667</ele><time>2022-11-13T16:36:59Z</time><extensions><speed>1.322314</speed><course>174.800430</course><hAcc>2.609706</hAcc><vAcc>0.922978</vAcc></extensions></trkpt>
      <trkpt lon="-82.147035" lat="33.556227"><ele>76.977386</ele><time>2022-11-13T16:37:00Z</time><extensions><speed>1.244056</speed><course>186.008896</course><hAcc>2.637211</hAcc><vAcc>0.919859</vAcc></extensions></trkpt>
      <trkpt lon="-82.147037" lat="33.556216"><ele>77.000771</ele><time>2022-11-13T16:37:01Z</time><extensions><speed>1.210008</speed><course>185.188461</course><hAcc>2.605190</hAcc><vAcc>0.916769</vAcc></extensions></trkpt>
      <trkpt lon="-82.147037" lat="33.556205"><ele>77.032745</ele><time>2022-11-13T16:37:02Z</time><extensions><speed>1.202793</speed><course>176.185242</course><hAcc>2.575985</hAcc><vAcc>0.913878</vAcc></extensions></trkpt>
      <trkpt lon="-82.147035" lat="33.556195"><ele>77.066383</ele><time>2022-11-13T16:37:03Z</time><extensions><speed>1.099454</speed><course>162.880859</course><hAcc>2.567936</hAcc><vAcc>0.911404</vAcc></extensions></trkpt>
      <trkpt lon="-82.147031" lat="33.556185"><ele>77.107628</ele><time>2022-11-13T16:37:04Z</time><extensions><speed>1.069939</speed><course>159.255341</course><hAcc>2.568028</hAcc><vAcc>0.909603</vAcc></extensions></trkpt>
      <trkpt lon="-82.147027" lat="33.556176"><ele>77.165817</ele><time>2022-11-13T16:37:05Z</time><extensions><speed>1.093972</speed><course>166.175049</course><hAcc>2.564866</hAcc><vAcc>0.903280</vAcc></extensions></trkpt>
      <trkpt lon="-82.147025" lat="33.556165"><ele>77.217896</ele><time>2022-11-13T16:37:06Z</time><extensions><speed>1.174935</speed><course>175.381561</course><hAcc>2.564663</hAcc><vAcc>0.897208</vAcc></extensions></trkpt>
      <trkpt lon="-82.147024" lat="33.556154"><ele>77.272774</ele><time>2022-11-13T16:37:07Z</time><extensions><speed>1.401536</speed><course>182.872482</course><hAcc>2.565313</hAcc><vAcc>0.894809</vAcc></extensions></trkpt>
      <trkpt lon="-82.147025" lat="33.556141"><ele>77.337730</ele><time>2022-11-13T16:37:08Z</time><extensions><speed>1.416541</speed><course>188.517776</course><hAcc>2.570697</hAcc><vAcc>0.892845</vAcc></extensions></trkpt>
      <trkpt lon="-82.147027" lat="33.556129"><ele>77.411545</ele><time>2022-11-13T16:37:09Z</time><extensions><speed>1.228756</speed><course>193.438324</course><hAcc>2.570666</hAcc><vAcc>0.891412</vAcc></extensions></trkpt>
      <trkpt lon="-82.147030" lat="33.556119"><ele>77.481705</ele><time>2022-11-13T16:37:10Z</time><extensions><speed>1.052610</speed><course>194.305725</course><hAcc>2.533046</hAcc><vAcc>0.890568</vAcc></extensions></trkpt>
      <trkpt lon="-82.147032" lat="33.556110"><ele>77.555794</ele><time>2022-11-13T16:37:11Z</time><extensions><speed>1.018149</speed><course>188.675766</course><hAcc>2.526835</hAcc><vAcc>0.890228</vAcc></extensions></trkpt>
      <trkpt lon="-82.147033" lat="33.556100"><ele>77.636360</ele><time>2022-11-13T16:37:12Z</time><extensions><speed>1.216562</speed><course>181.886795</course><hAcc>2.543566</hAcc><vAcc>0.890299</vAcc></extensions></trkpt>
      <trkpt lon="-82.147032" lat="33.556089"><ele>77.726639</ele><time>2022-11-13T16:37:13Z</time><extensions><speed>1.228507</speed><course>175.822021</course><hAcc>2.547246</hAcc><vAcc>0.890814</vAcc></extensions></trkpt>
      <trkpt lon="-82.147031" lat="33.556077"><ele>77.824577</ele><time>2022-11-13T16:37:14Z</time><extensions><speed>1.345169</speed><course>177.790253</course><hAcc>2.530140</hAcc><vAcc>0.891936</vAcc></extensions></trkpt>
      <trkpt lon="-82.147029" lat="33.556064"><ele>77.922165</ele><time>2022-11-13T16:37:15Z</time><extensions><speed>1.491713</speed><course>173.913239</course><hAcc>2.488756</hAcc><vAcc>0.893937</vAcc></extensions></trkpt>
      <trkpt lon="-82.147026" lat="33.556051"><ele>78.030029</ele><time>2022-11-13T16:37:16Z</time><extensions><speed>1.479989</speed><course>171.063171</course><hAcc>2.471263</hAcc><vAcc>0.897046</vAcc></extensions></trkpt>
      <trkpt lon="-82.147023" lat="33.556038"><ele>78.143044</ele><time>2022-11-13T16:37:17Z</time><extensions><speed>1.294299</speed><course>170.513077</course><hAcc>2.473071</hAcc><vAcc>0.901191</vAcc></extensions></trkpt>
      <trkpt lon="-82.147021" lat="33.556027"><ele>78.259483</ele><time>2022-11-13T16:37:18Z</time><extensions><speed>1.166707</speed><course>175.848618</course><hAcc>2.485239</hAcc><vAcc>0.906000</vAcc></extensions></trkpt>
      <trkpt lon="-82.147020" lat="33.556017"><ele>78.377419</ele><time>2022-11-13T16:37:19Z</time><extensions><speed>1.080650</speed><course>179.068512</course><hAcc>2.515773</hAcc><vAcc>0.911061</vAcc></extensions></trkpt>
      <trkpt lon="-82.147019" lat="33.556007"><ele>78.499298</ele><time>2022-11-13T16:37:20Z</time><extensions><speed>1.259625</speed><course>177.467331</course><hAcc>2.558161</hAcc><vAcc>0.916050</vAcc></extensions></trkpt>
      <trkpt lon="-82.147020" lat="33.555996"><ele>78.618584</ele><time>2022-11-13T16:37:21Z</time><extensions><speed>1.206130</speed><course>201.222687</course><hAcc>2.528635</hAcc><vAcc>0.920738</vAcc></extensions></trkpt>
      <trkpt lon="-82.147024" lat="33.555985"><ele>78.735069</ele><time>2022-11-13T16:37:22Z</time><extensions><speed>1.221856</speed><course>200.261612</course><hAcc>2.519415</hAcc><vAcc>0.924978</vAcc></extensions></trkpt>
      <trkpt lon="-82.147028" lat="33.555975"><ele>78.856079</ele><time>2022-11-13T16:37:23Z</time><extensions><speed>1.159961</speed><course>197.500763</course><hAcc>2.541684</hAcc><vAcc>0.928695</vAcc></extensions></trkpt>
      <trkpt lon="-82.147029" lat="33.555964"><ele>78.974854</ele><time>2022-11-13T16:37:24Z</time><extensions><speed>1.157948</speed><course>178.008728</course><hAcc>2.514071</hAcc><vAcc>0.931863</vAcc></extensions></trkpt>
      <trkpt lon="-82.147027" lat="33.555953"><ele>79.100929</ele><time>2022-11-13T16:37:25Z</time><extensions><speed>1.169954</speed><course>167.705338</course><hAcc>2.490705</hAcc><vAcc>0.934497</vAcc></extensions></trkpt>
      <trkpt lon="-82.147023" lat="33.555943"><ele>79.222458</ele><time>2022-11-13T16:37:26Z</time><extensions><speed>1.113121</speed><course>162.486176</course><hAcc>2.502182</hAcc><vAcc>0.936637</vAcc></extensions></trkpt>
      <trkpt lon="-82.147019" lat="33.555933"><ele>79.355148</ele><time>2022-11-13T16:37:27Z</time><extensions><speed>0.952830</speed><course>159.883469</course><hAcc>2.539178</hAcc><vAcc>0.938337</vAcc></extensions></trkpt>
      <trkpt lon="-82.147015" lat="33.555924"><ele>79.494713</ele><time>2022-11-13T16:37:28Z</time><extensions><speed>1.095293</speed><course>160.028137</course><hAcc>2.584853</hAcc><vAcc>0.939657</vAcc></extensions></trkpt>
      <trkpt lon="-82.147009" lat="33.555913"><ele>79.635529</ele><time>2022-11-13T16:37:29Z</time><extensions><speed>1.208932</speed><course>154.451797</course><hAcc>2.579345</hAcc><vAcc>0.940661</vAcc></extensions></trkpt>
      <trkpt lon="-82.147002" lat="33.555902"><ele>79.772736</ele><time>2022-11-13T16:37:30Z</time><extensions><speed>1.356534</speed><course>152.514389</course><hAcc>2.559754</hAcc><vAcc>0.941405</vAcc></extensions></trkpt>
      <trkpt lon="-82.146995" lat="33.555891"><ele>79.906357</ele><time>2022-11-13T16:37:31Z</time><extensions><speed>1.336320</speed><course>155.551285</course><hAcc>2.568421</hAcc><vAcc>0.941944</vAcc></extensions></trkpt>
      <trkpt lon="-82.146990" lat="33.555879"><ele>80.036362</ele><time>2022-11-13T16:37:32Z</time><extensions><speed>1.360003</speed><course>163.600586</course><hAcc>2.539624</hAcc><vAcc>0.935773</vAcc></extensions></trkpt>
      <trkpt lon="-82.146986" lat="33.555866"><ele>80.165680</ele><time>2022-11-13T16:37:33Z</time><extensions><speed>1.350688</speed><course>168.906525</course><hAcc>2.509616</hAcc><vAcc>0.929410</vAcc></extensions></trkpt>
      <trkpt lon="-82.146983" lat="33.555854"><ele>80.286896</ele><time>2022-11-13T16:37:34Z</time><extensions><speed>1.242663</speed><course>170.371475</course><hAcc>2.506806</hAcc><vAcc>0.922432</vAcc></extensions></trkpt>
      <trkpt lon="-82.146980" lat="33.555844"><ele>80.405090</ele><time>2022-11-13T16:37:35Z</time><extensions><speed>0.901895</speed><course>163.286331</course><hAcc>2.512206</hAcc><vAcc>0.914551</vAcc></extensions></trkpt>
      <trkpt lon="-82.146976" lat="33.555836"><ele>80.521103</ele><time>2022-11-13T16:37:36Z</time><extensions><speed>0.908110</speed><course>154.943054</course><hAcc>2.495606</hAcc><vAcc>0.905562</vAcc></extensions></trkpt>
      <trkpt lon="-82.146971" lat="33.555828"><ele>80.637756</ele><time>2022-11-13T16:37:37Z</time><extensions><speed>0.915104</speed><course>153.062973</course><hAcc>2.501421</hAcc><vAcc>0.895334</vAcc></extensions></trkpt>
      <trkpt lon="-82.146966" lat="33.555819"><ele>80.751198</ele><time>2022-11-13T16:37:38Z</time><extensions><speed>1.205651</speed><course>157.173004</course><hAcc>2.492599</hAcc><vAcc>0.883832</vAcc></extensions></trkpt>
      <trkpt lon="-82.146960" lat="33.555807"><ele>80.858063</ele><time>2022-11-13T16:37:39Z</time><extensions><speed>1.374206</speed><course>156.598221</course><hAcc>2.463963</hAcc><vAcc>0.871135</vAcc></extensions></trkpt>
      <trkpt lon="-82.146953" lat="33.555795"><ele>80.957413</ele><time>2022-11-13T16:37:40Z</time><extensions><speed>1.435041</speed><course>155.324997</course><hAcc>2.449286</hAcc><vAcc>0.857469</vAcc></extensions></trkpt>
      <trkpt lon="-82.146947" lat="33.555783"><ele>81.048279</ele><time>2022-11-13T16:37:41Z</time><extensions><speed>1.379162</speed><course>155.931824</course><hAcc>2.468364</hAcc><vAcc>0.843234</vAcc></extensions></trkpt>
      <trkpt lon="-82.146941" lat="33.555772"><ele>81.130112</ele><time>2022-11-13T16:37:42Z</time><extensions><speed>1.314571</speed><course>160.044205</course><hAcc>2.477371</hAcc><vAcc>0.830488</vAcc></extensions></trkpt>
      <trkpt lon="-82.146937" lat="33.555761"><ele>81.203430</ele><time>2022-11-13T16:37:43Z</time><extensions><speed>1.174145</speed><course>164.558151</course><hAcc>2.470726</hAcc><vAcc>0.819481</vAcc></extensions></trkpt>
      <trkpt lon="-82.146934" lat="33.555751"><ele>81.269424</ele><time>2022-11-13T16:37:44Z</time><extensions><speed>1.124714</speed><course>165.161301</course><hAcc>2.456098</hAcc><vAcc>0.811056</vAcc></extensions></trkpt>
      <trkpt lon="-82.146931" lat="33.555741"><ele>81.329720</ele><time>2022-11-13T16:37:45Z</time><extensions><speed>1.049960</speed><course>164.532898</course><hAcc>2.447599</hAcc><vAcc>0.805775</vAcc></extensions></trkpt>
      <trkpt lon="-82.146928" lat="33.555732"><ele>81.387222</ele><time>2022-11-13T16:37:46Z</time><extensions><speed>1.016021</speed><course>166.695435</course><hAcc>2.472045</hAcc><vAcc>0.803926</vAcc></extensions></trkpt>
      <trkpt lon="-82.146926" lat="33.555722"><ele>81.437927</ele><time>2022-11-13T16:37:47Z</time><extensions><speed>1.205892</speed><course>167.068512</course><hAcc>2.483908</hAcc><vAcc>0.805555</vAcc></extensions></trkpt>
      <trkpt lon="-82.146923" lat="33.555711"><ele>81.488937</ele><time>2022-11-13T16:37:48Z</time><extensions><speed>1.136212</speed><course>163.227097</course><hAcc>2.505965</hAcc><vAcc>0.810500</vAcc></extensions></trkpt>
      <trkpt lon="-82.146919" lat="33.555702"><ele>81.543388</ele><time>2022-11-13T16:37:49Z</time><extensions><speed>0.783055</speed><course>151.614685</course><hAcc>2.544486</hAcc><vAcc>0.818421</vAcc></extensions></trkpt>
      <trkpt lon="-82.146914" lat="33.555697"><ele>81.595177</ele><time>2022-11-13T16:37:50Z</time><extensions><speed>0.492557</speed><course>109.642494</course><hAcc>2.568607</hAcc><vAcc>0.828810</vAcc></extensions></trkpt>
      <trkpt lon="-82.146910" lat="33.555697"><ele>81.647247</ele><time>2022-11-13T16:37:51Z</time><extensions><speed>0.609369</speed><course>46.199677</course><hAcc>2.584060</hAcc><vAcc>0.840998</vAcc></extensions></trkpt>
      <trkpt lon="-82.146907" lat="33.555700"><ele>81.692345</ele><time>2022-11-13T16:37:52Z</time><extensions><speed>0.590217</speed><course>10.394462</course><hAcc>2.581020</hAcc><vAcc>0.854158</vAcc></extensions></trkpt>
      <trkpt lon="-82.146907" lat="33.555703"><ele>81.736694</ele><time>2022-11-13T16:37:53Z</time><extensions><speed>0.428449</speed><course>355.148193</course><hAcc>2.567556</hAcc><vAcc>0.867413</vAcc></extensions></trkpt>
      <trkpt lon="-82.146907" lat="33.555705"><ele>81.780823</ele><time>2022-11-13T16:37:54Z</time><extensions><speed>0.162989</speed><course>355.659943</course><hAcc>2.566644</hAcc><vAcc>0.880054</vAcc></extensions></trkpt>
      <trkpt lon="-82.146906" lat="33.555704"><ele>81.828445</ele><time>2022-11-13T16:37:55Z</time><extensions><speed>0.214570</speed><course>126.411064</course><hAcc>2.594617</hAcc><vAcc>0.891620</vAcc></extensions></trkpt>
      <trkpt lon="-82.146903" lat="33.555701"><ele>81.877327</ele><time>2022-11-13T16:37:56Z</time><extensions><speed>0.515040</speed><course>118.754005</course><hAcc>2.632213</hAcc><vAcc>0.901856</vAcc></extensions></trkpt>
      <trkpt lon="-82.146898" lat="33.555693"><ele>81.938583</ele><time>2022-11-13T16:37:57Z</time><extensions><speed>1.098528</speed><course>162.788116</course><hAcc>2.611261</hAcc><vAcc>0.903787</vAcc></extensions></trkpt>
      <trkpt lon="-82.146895" lat="33.555681"><ele>82.002327</ele><time>2022-11-13T16:37:58Z</time><extensions><speed>1.421468</speed><course>170.846313</course><hAcc>2.597665</hAcc><vAcc>0.904364</vAcc></extensions></trkpt>
      <trkpt lon="-82.146893" lat="33.555667"><ele>82.063477</ele><time>2022-11-13T16:37:59Z</time><extensions><speed>1.413006</speed><course>173.578766</course><hAcc>2.615579</hAcc><vAcc>0.903193</vAcc></extensions></trkpt>
      <trkpt lon="-82.146892" lat="33.555653"><ele>82.114220</ele><time>2022-11-13T16:38:00Z</time><extensions><speed>1.428652</speed><course>178.604584</course><hAcc>2.586705</hAcc><vAcc>0.900067</vAcc></extensions></trkpt>
      <trkpt lon="-82.146892" lat="33.555640"><ele>82.157280</ele><time>2022-11-13T16:38:01Z</time><extensions><speed>1.296490</speed><course>183.195312</course><hAcc>2.554900</hAcc><vAcc>0.894889</vAcc></extensions></trkpt>
      <trkpt lon="-82.146894" lat="33.555627"><ele>82.203903</ele><time>2022-11-13T16:38:02Z</time><extensions><speed>1.261991</speed><course>187.569931</course><hAcc>2.531531</hAcc><vAcc>0.887654</vAcc></extensions></trkpt>
      <trkpt lon="-82.146895" lat="33.555615"><ele>82.249771</ele><time>2022-11-13T16:38:03Z</time><extensions><speed>1.394058</speed><course>185.042145</course><hAcc>2.511079</hAcc><vAcc>0.878449</vAcc></extensions></trkpt>
      <trkpt lon="-82.146896" lat="33.555601"><ele>82.288345</ele><time>2022-11-13T16:38:04Z</time><extensions><speed>1.398511</speed><course>181.898834</course><hAcc>2.526721</hAcc><vAcc>0.867474</vAcc></extensions></trkpt>
      <trkpt lon="-82.146896" lat="33.555588"><ele>82.320831</ele><time>2022-11-13T16:38:05Z</time><extensions><speed>1.527191</speed><course>178.188599</course><hAcc>2.493230</hAcc><vAcc>0.855066</vAcc></extensions></trkpt>
      <trkpt lon="-82.146895" lat="33.555573"><ele>82.355309</ele><time>2022-11-13T16:38:06Z</time><extensions><speed>1.574531</speed><course>175.606888</course><hAcc>2.483864</hAcc><vAcc>0.841723</vAcc></extensions></trkpt>
      <trkpt lon="-82.146893" lat="33.555559"><ele>82.393471</ele><time>2022-11-13T16:38:07Z</time><extensions><speed>1.460723</speed><course>173.984344</course><hAcc>2.519138</hAcc><vAcc>0.828124</vAcc></extensions></trkpt>
      <trkpt lon="-82.146892" lat="33.555545"><ele>82.423386</ele><time>2022-11-13T16:38:08Z</time><extensions><speed>1.426138</speed><course>176.773529</course><hAcc>2.529171</hAcc><vAcc>0.815024</vAcc></extensions></trkpt>
      <trkpt lon="-82.146892" lat="33.555532"><ele>82.439384</ele><time>2022-11-13T16:38:09Z</time><extensions><speed>1.390418</speed><course>180.491211</course><hAcc>2.523950</hAcc><vAcc>0.803036</vAcc></extensions></trkpt>
      <trkpt lon="-82.146892" lat="33.555519"><ele>82.451889</ele><time>2022-11-13T16:38:10Z</time><extensions><speed>1.431078</speed><course>184.239410</course><hAcc>2.505224</hAcc><vAcc>0.792531</vAcc></extensions></trkpt>
      <trkpt lon="-82.146894" lat="33.555505"><ele>82.454971</ele><time>2022-11-13T16:38:11Z</time><extensions><speed>1.456594</speed><course>185.455368</course><hAcc>2.498280</hAcc><vAcc>0.783672</vAcc></extensions></trkpt>
      <trkpt lon="-82.146896" lat="33.555492"><ele>82.458969</ele><time>2022-11-13T16:38:12Z</time><extensions><speed>1.422674</speed><course>187.590805</course><hAcc>2.508822</hAcc><vAcc>0.776460</vAcc></extensions></trkpt>
      <trkpt lon="-82.146898" lat="33.555479"><ele>82.455902</ele><time>2022-11-13T16:38:13Z</time><extensions><speed>1.281882</speed><course>193.151901</course><hAcc>2.535738</hAcc><vAcc>0.770779</vAcc></extensions></trkpt>
      <trkpt lon="-82.146902" lat="33.555468"><ele>82.441917</ele><time>2022-11-13T16:38:14Z</time><extensions><speed>1.203905</speed><course>195.631165</course><hAcc>2.523391</hAcc><vAcc>0.766447</vAcc></extensions></trkpt>
      <trkpt lon="-82.146906" lat="33.555456"><ele>82.426292</ele><time>2022-11-13T16:38:15Z</time><extensions><speed>1.316041</speed><course>197.593445</course><hAcc>2.514886</hAcc><vAcc>0.763245</vAcc></extensions></trkpt>
      <trkpt lon="-82.146911" lat="33.555444"><ele>82.413071</ele><time>2022-11-13T16:38:16Z</time><extensions><speed>1.412580</speed><course>198.519989</course><hAcc>2.538733</hAcc><vAcc>0.760957</vAcc></extensions></trkpt>
      <trkpt lon="-82.146916" lat="33.555432"><ele>82.398186</ele><time>2022-11-13T16:38:17Z</time><extensions><speed>1.418690</speed><course>198.775955</course><hAcc>2.540974</hAcc><vAcc>0.759376</vAcc></extensions></trkpt>
      <trkpt lon="-82.146921" lat="33.555418"><ele>82.372467</ele><time>2022-11-13T16:38:18Z</time><extensions><speed>1.570539</speed><course>195.131180</course><hAcc>2.525015</hAcc><vAcc>0.758326</vAcc></extensions></trkpt>
      <trkpt lon="-82.146924" lat="33.555403"><ele>82.341629</ele><time>2022-11-13T16:38:19Z</time><extensions><speed>1.830876</speed><course>187.229401</course><hAcc>2.518005</hAcc><vAcc>0.757658</vAcc></extensions></trkpt>
      <trkpt lon="-82.146926" lat="33.555386"><ele>82.302460</ele><time>2022-11-13T16:38:20Z</time><extensions><speed>1.854614</speed><course>184.090836</course><hAcc>2.516439</hAcc><vAcc>0.757256</vAcc></extensions></trkpt>
      <trkpt lon="-82.146928" lat="33.555369"><ele>82.256805</ele><time>2022-11-13T16:38:21Z</time><extensions><speed>1.689049</speed><course>185.718399</course><hAcc>2.542528</hAcc><vAcc>0.757030</vAcc></extensions></trkpt>
      <trkpt lon="-82.146932" lat="33.555355"><ele>82.209190</ele><time>2022-11-13T16:38:22Z</time><extensions><speed>1.525650</speed><course>195.333755</course><hAcc>2.549626</hAcc><vAcc>0.756914</vAcc></extensions></trkpt>
      <trkpt lon="-82.146937" lat="33.555340"><ele>82.157745</ele><time>2022-11-13T16:38:23Z</time><extensions><speed>1.660581</speed><course>202.089432</course><hAcc>2.537879</hAcc><vAcc>0.756864</vAcc></extensions></trkpt>
      <trkpt lon="-82.146944" lat="33.555326"><ele>82.109573</ele><time>2022-11-13T16:38:24Z</time><extensions><speed>1.679165</speed><course>200.178772</course><hAcc>2.540389</hAcc><vAcc>0.756849</vAcc></extensions></trkpt>
      <trkpt lon="-82.146950" lat="33.555311"><ele>82.065689</ele><time>2022-11-13T16:38:25Z</time><extensions><speed>1.563689</speed><course>195.517242</course><hAcc>2.563753</hAcc><vAcc>0.756849</vAcc></extensions></trkpt>
      <trkpt lon="-82.146953" lat="33.555297"><ele>82.024986</ele><time>2022-11-13T16:38:26Z</time><extensions><speed>1.448574</speed><course>189.405975</course><hAcc>2.599222</hAcc><vAcc>0.756854</vAcc></extensions></trkpt>
      <trkpt lon="-82.146956" lat="33.555283"><ele>81.986504</ele><time>2022-11-13T16:38:27Z</time><extensions><speed>1.389660</speed><course>186.327438</course><hAcc>2.599205</hAcc><vAcc>0.756856</vAcc></extensions></trkpt>
      <trkpt lon="-82.146957" lat="33.555270"><ele>81.955627</ele><time>2022-11-13T16:38:28Z</time><extensions><speed>1.423837</speed><course>186.181290</course><hAcc>2.589351</hAcc><vAcc>0.756855</vAcc></extensions></trkpt>
      <trkpt lon="-82.146959" lat="33.555256"><ele>81.936668</ele><time>2022-11-13T16:38:29Z</time><extensions><speed>1.468323</speed><course>188.745529</course><hAcc>2.593582</hAcc><vAcc>0.756850</vAcc></extensions></trkpt>
      <trkpt lon="-82.146962" lat="33.555242"><ele>81.925560</ele><time>2022-11-13T16:38:30Z</time><extensions><speed>1.556441</speed><course>192.668472</course><hAcc>2.600326</hAcc><vAcc>0.756841</vAcc></extensions></trkpt>
      <trkpt lon="-82.146966" lat="33.555227"><ele>81.916580</ele><time>2022-11-13T16:38:31Z</time><extensions><speed>1.653958</speed><course>194.206909</course><hAcc>2.604892</hAcc><vAcc>0.756829</vAcc></extensions></trkpt>
      <trkpt lon="-82.146970" lat="33.555212"><ele>81.926346</ele><time>2022-11-13T16:38:32Z</time><extensions><speed>1.745282</speed><course>193.701904</course><hAcc>2.614276</hAcc><vAcc>0.756817</vAcc></extensions></trkpt>
      <trkpt lon="-82.146974" lat="33.555196"><ele>81.950844</ele><time>2022-11-13T16:38:33Z</time><extensions><speed>1.717261</speed><course>195.675583</course><hAcc>2.618659</hAcc><vAcc>0.756805</vAcc></extensions></trkpt>
      <trkpt lon="-82.146979" lat="33.555181"><ele>81.979134</ele><time>2022-11-13T16:38:34Z</time><extensions><speed>1.645405</speed><course>199.560532</course><hAcc>2.619653</hAcc><vAcc>0.756793</vAcc></extensions></trkpt>
      <trkpt lon="-82.146985" lat="33.555168"><ele>82.011520</ele><time>2022-11-13T16:38:35Z</time><extensions><speed>1.466387</speed><course>203.552109</course><hAcc>2.622100</hAcc><vAcc>0.758425</vAcc></extensions></trkpt>
      <trkpt lon="-82.146990" lat="33.555155"><ele>82.049713</ele><time>2022-11-13T16:38:36Z</time><extensions><speed>1.493925</speed><course>198.153183</course><hAcc>2.589761</hAcc><vAcc>0.761116</vAcc></extensions></trkpt>
      <trkpt lon="-82.146995" lat="33.555142"><ele>82.094917</ele><time>2022-11-13T16:38:37Z</time><extensions><speed>1.501840</speed><course>191.833160</course><hAcc>2.551172</hAcc><vAcc>0.762689</vAcc></extensions></trkpt>
      <trkpt lon="-82.146997" lat="33.555129"><ele>82.143654</ele><time>2022-11-13T16:38:38Z</time><extensions><speed>1.438498</speed><course>188.230942</course><hAcc>2.535866</hAcc><vAcc>0.764520</vAcc></extensions></trkpt>
      <trkpt lon="-82.147000" lat="33.555116"><ele>82.191826</ele><time>2022-11-13T16:38:39Z</time><extensions><speed>1.259855</speed><course>188.583405</course><hAcc>2.561345</hAcc><vAcc>0.766604</vAcc></extensions></trkpt>
      <trkpt lon="-82.147002" lat="33.555105"><ele>82.240585</ele><time>2022-11-13T16:38:40Z</time><extensions><speed>1.259619</speed><course>193.557297</course><hAcc>2.595750</hAcc><vAcc>0.768903</vAcc></extensions></trkpt>
      <trkpt lon="-82.147005" lat="33.555094"><ele>82.290657</ele><time>2022-11-13T16:38:41Z</time><extensions><speed>1.273090</speed><course>186.418106</course><hAcc>2.564212</hAcc><vAcc>0.771332</vAcc></extensions></trkpt>
      <trkpt lon="-82.147006" lat="33.555083"><ele>82.334267</ele><time>2022-11-13T16:38:42Z</time><extensions><speed>1.229507</speed><course>178.419250</course><hAcc>2.539802</hAcc><vAcc>0.773753</vAcc></extensions></trkpt>
      <trkpt lon="-82.147005" lat="33.555072"><ele>82.384171</ele><time>2022-11-13T16:38:43Z</time><extensions><speed>1.104470</speed><course>171.463257</course><hAcc>2.526122</hAcc><vAcc>0.775956</vAcc></extensions></trkpt>
      <trkpt lon="-82.147003" lat="33.555061"><ele>82.427864</ele><time>2022-11-13T16:38:44Z</time><extensions><speed>1.341305</speed><course>170.535599</course><hAcc>2.528048</hAcc><vAcc>0.779575</vAcc></extensions></trkpt>
      <trkpt lon="-82.147002" lat="33.555049"><ele>82.473701</ele><time>2022-11-13T16:38:45Z</time><extensions><speed>1.355250</speed><course>180.247482</course><hAcc>2.518932</hAcc><vAcc>0.783364</vAcc></extensions></trkpt>
      <trkpt lon="-82.147003" lat="33.555036"><ele>82.524025</ele><time>2022-11-13T16:38:46Z</time><extensions><speed>1.391324</speed><course>190.424728</course><hAcc>2.519060</hAcc><vAcc>0.787268</vAcc></extensions></trkpt>
      <trkpt lon="-82.147008" lat="33.555023"><ele>82.575089</ele><time>2022-11-13T16:38:47Z</time><extensions><speed>1.538708</speed><course>198.686050</course><hAcc>2.510532</hAcc><vAcc>0.791507</vAcc></extensions></trkpt>
      <trkpt lon="-82.147014" lat="33.555010"><ele>82.621559</ele><time>2022-11-13T16:38:48Z</time><extensions><speed>1.566331</speed><course>202.684189</course><hAcc>2.533783</hAcc><vAcc>0.796549</vAcc></extensions></trkpt>
      <trkpt lon="-82.147020" lat="33.554997"><ele>82.670586</ele><time>2022-11-13T16:38:49Z</time><extensions><speed>1.377351</speed><course>199.313446</course><hAcc>2.545308</hAcc><vAcc>0.802855</vAcc></extensions></trkpt>
      <trkpt lon="-82.147025" lat="33.554985"><ele>82.716835</ele><time>2022-11-13T16:38:50Z</time><extensions><speed>1.350527</speed><course>192.966827</course><hAcc>2.536432</hAcc><vAcc>0.810730</vAcc></extensions></trkpt>
      <trkpt lon="-82.147027" lat="33.554973"><ele>82.755066</ele><time>2022-11-13T16:38:51Z</time><extensions><speed>1.369099</speed><course>186.936234</course><hAcc>2.547749</hAcc><vAcc>0.820284</vAcc></extensions></trkpt>
      <trkpt lon="-82.147029" lat="33.554959"><ele>82.792633</ele><time>2022-11-13T16:38:52Z</time><extensions><speed>1.637112</speed><course>183.646133</course><hAcc>2.567394</hAcc><vAcc>0.831403</vAcc></extensions></trkpt>
      <trkpt lon="-82.147030" lat="33.554944"><ele>82.839645</ele><time>2022-11-13T16:38:53Z</time><extensions><speed>1.576847</speed><course>183.950470</course><hAcc>2.556968</hAcc><vAcc>0.843737</vAcc></extensions></trkpt>
      <trkpt lon="-82.147032" lat="33.554930"><ele>82.889565</ele><time>2022-11-13T16:38:54Z</time><extensions><speed>1.540549</speed><course>188.401657</course><hAcc>2.554530</hAcc><vAcc>0.856699</vAcc></extensions></trkpt>
      <trkpt lon="-82.147036" lat="33.554916"><ele>82.944649</ele><time>2022-11-13T16:38:55Z</time><extensions><speed>1.491692</speed><course>196.705414</course><hAcc>2.574594</hAcc><vAcc>0.869583</vAcc></extensions></trkpt>
      <trkpt lon="-82.147043" lat="33.554903"><ele>82.988991</ele><time>2022-11-13T16:38:56Z</time><extensions><speed>1.625403</speed><course>209.432571</course><hAcc>2.586616</hAcc><vAcc>0.881791</vAcc></extensions></trkpt>
      <trkpt lon="-82.147053" lat="33.554890"><ele>83.022324</ele><time>2022-11-13T16:38:57Z</time><extensions><speed>1.658895</speed><course>219.558105</course><hAcc>2.599335</hAcc><vAcc>0.892931</vAcc></extensions></trkpt>
      <trkpt lon="-82.147065" lat="33.554879"><ele>83.047295</ele><time>2022-11-13T16:38:58Z</time><extensions><speed>1.575764</speed><course>224.916290</course><hAcc>2.625247</hAcc><vAcc>0.902786</vAcc></extensions></trkpt>
      <trkpt lon="-82.147074" lat="33.554874"><ele>83.300316</ele><time>2022-11-13T16:38:59Z</time><extensions><speed>1.127407</speed><course>225.336105</course><hAcc>2.593203</hAcc><vAcc>0.909719</vAcc></extensions></trkpt>
      <trkpt lon="-82.147082" lat="33.554867"><ele>83.327911</ele><time>2022-11-13T16:39:00Z</time><extensions><speed>0.959072</speed><course>220.822189</course><hAcc>2.559152</hAcc><vAcc>0.915101</vAcc></extensions></trkpt>
      <trkpt lon="-82.147088" lat="33.554861"><ele>83.354668</ele><time>2022-11-13T16:39:01Z</time><extensions><speed>0.867324</speed><course>216.530121</course><hAcc>2.518814</hAcc><vAcc>0.919093</vAcc></extensions></trkpt>
      <trkpt lon="-82.147093" lat="33.554855"><ele>83.383926</ele><time>2022-11-13T16:39:02Z</time><extensions><speed>0.814672</speed><course>213.543365</course><hAcc>2.489382</hAcc><vAcc>0.921875</vAcc></extensions></trkpt>
      <trkpt lon="-82.147098" lat="33.554849"><ele>83.383369</ele><time>2022-11-13T16:39:03Z</time><extensions><speed>0.780785</speed><course>213.364166</course><hAcc>2.481554</hAcc><vAcc>0.915062</vAcc></extensions></trkpt>
      <trkpt lon="-82.147102" lat="33.554843"><ele>83.402122</ele><time>2022-11-13T16:39:04Z</time><extensions><speed>0.767803</speed><course>217.553818</course><hAcc>2.480349</hAcc><vAcc>0.914633</vAcc></extensions></trkpt>
      <trkpt lon="-82.147108" lat="33.554838"><ele>83.386436</ele><time>2022-11-13T16:39:05Z</time><extensions><speed>0.809766</speed><course>226.666061</course><hAcc>2.462770</hAcc><vAcc>0.906348</vAcc></extensions></trkpt>
      <trkpt lon="-82.147115" lat="33.554832"><ele>83.368729</ele><time>2022-11-13T16:39:06Z</time><extensions><speed>0.999751</speed><course>228.790436</course><hAcc>2.440852</hAcc><vAcc>0.897431</vAcc></extensions></trkpt>
      <trkpt lon="-82.147122" lat="33.554825"><ele>83.345558</ele><time>2022-11-13T16:39:07Z</time><extensions><speed>0.881847</speed><course>222.247131</course><hAcc>2.430776</hAcc><vAcc>0.887861</vAcc></extensions></trkpt>
      <trkpt lon="-82.147130" lat="33.554816"><ele>83.330528</ele><time>2022-11-13T16:39:08Z</time><extensions><speed>1.505658</speed><course>211.011993</course><hAcc>2.450390</hAcc><vAcc>0.877695</vAcc></extensions></trkpt>
      <trkpt lon="-82.147130" lat="33.554816"><ele>83.325523</ele><time>2022-11-13T16:39:08Z</time><extensions><speed>1.505918</speed><course>211.028885</course><hAcc>2.434109</hAcc><vAcc>0.870263</vAcc></extensions></trkpt>
      <trkpt lon="-82.147138" lat="33.554806"><ele>83.292130</ele><time>2022-11-13T16:39:09Z</time><extensions><speed>0.982285</speed><course>219.174179</course><hAcc>2.373168</hAcc><vAcc>0.860356</vAcc></extensions></trkpt>
      <trkpt lon="-82.147145" lat="33.554800"><ele>83.257843</ele><time>2022-11-13T16:39:10Z</time><extensions><speed>0.897676</speed><course>222.468033</course><hAcc>2.358408</hAcc><vAcc>0.849814</vAcc></extensions></trkpt>
      <trkpt lon="-82.147151" lat="33.554793"><ele>83.228027</ele><time>2022-11-13T16:39:11Z</time><extensions><speed>0.986244</speed><course>215.221100</course><hAcc>2.399874</hAcc><vAcc>0.838777</vAcc></extensions></trkpt>
      <trkpt lon="-82.147158" lat="33.554784"><ele>83.186699</ele><time>2022-11-13T16:39:12Z</time><extensions><speed>1.270478</speed><course>202.954269</course><hAcc>2.457730</hAcc><vAcc>0.827534</vAcc></extensions></trkpt>
      <trkpt lon="-82.147162" lat="33.554771"><ele>83.151794</ele><time>2022-11-13T16:39:13Z</time><extensions><speed>1.414638</speed><course>193.771286</course><hAcc>2.495446</hAcc><vAcc>0.816438</vAcc></extensions></trkpt>
      <trkpt lon="-82.147166" lat="33.554758"><ele>83.117188</ele><time>2022-11-13T16:39:14Z</time><extensions><speed>1.492556</speed><course>192.519699</course><hAcc>2.536581</hAcc><vAcc>0.805834</vAcc></extensions></trkpt>
      <trkpt lon="-82.147170" lat="33.554745"><ele>83.079750</ele><time>2022-11-13T16:39:15Z</time><extensions><speed>1.400727</speed><course>199.416458</course><hAcc>2.552244</hAcc><vAcc>0.796083</vAcc></extensions></trkpt>
      <trkpt lon="-82.147176" lat="33.554734"><ele>83.048561</ele><time>2022-11-13T16:39:16Z</time><extensions><speed>1.281900</speed><course>210.365112</course><hAcc>2.569345</hAcc><vAcc>0.787478</vAcc></extensions></trkpt>
      <trkpt lon="-82.147183" lat="33.554725"><ele>83.015900</ele><time>2022-11-13T16:39:17Z</time><extensions><speed>1.002347</speed><course>217.192200</course><hAcc>2.561646</hAcc><vAcc>0.780158</vAcc></extensions></trkpt>
      <trkpt lon="-82.147191" lat="33.554717"><ele>82.989609</ele><time>2022-11-13T16:39:18Z</time><extensions><speed>0.997064</speed><course>221.212570</course><hAcc>2.530994</hAcc><vAcc>0.774137</vAcc></extensions></trkpt>
      <trkpt lon="-82.147199" lat="33.554710"><ele>82.974449</ele><time>2022-11-13T16:39:19Z</time><extensions><speed>1.046350</speed><course>222.257553</course><hAcc>2.529819</hAcc><vAcc>0.769338</vAcc></extensions></trkpt>
      <trkpt lon="-82.147207" lat="33.554703"><ele>82.948883</ele><time>2022-11-13T16:39:20Z</time><extensions><speed>1.026014</speed><course>221.544006</course><hAcc>2.560753</hAcc><vAcc>0.765627</vAcc></extensions></trkpt>
      <trkpt lon="-82.147215" lat="33.554696"><ele>82.913025</ele><time>2022-11-13T16:39:21Z</time><extensions><speed>0.997971</speed><course>222.934845</course><hAcc>2.583938</hAcc><vAcc>0.762841</vAcc></extensions></trkpt>
      <trkpt lon="-82.147223" lat="33.554689"><ele>82.879852</ele><time>2022-11-13T16:39:22Z</time><extensions><speed>0.943073</speed><course>219.324249</course><hAcc>2.618633</hAcc><vAcc>0.760812</vAcc></extensions></trkpt>
      <trkpt lon="-82.147230" lat="33.554683"><ele>82.854095</ele><time>2022-11-13T16:39:23Z</time><extensions><speed>0.921617</speed><course>220.497086</course><hAcc>2.623777</hAcc><vAcc>0.759380</vAcc></extensions></trkpt>
      <trkpt lon="-82.147237" lat="33.554676"><ele>82.828491</ele><time>2022-11-13T16:39:24Z</time><extensions><speed>0.998702</speed><course>223.120895</course><hAcc>2.596483</hAcc><vAcc>0.758402</vAcc></extensions></trkpt>
      <trkpt lon="-82.147246" lat="33.554670"><ele>82.803185</ele><time>2022-11-13T16:39:25Z</time><extensions><speed>1.114500</speed><course>233.940720</course><hAcc>2.585717</hAcc><vAcc>0.757759</vAcc></extensions></trkpt>
      <trkpt lon="-82.147258" lat="33.554664"><ele>82.784760</ele><time>2022-11-13T16:39:26Z</time><extensions><speed>1.374998</speed><course>245.764618</course><hAcc>2.596182</hAcc><vAcc>0.757352</vAcc></extensions></trkpt>
      <trkpt lon="-82.147274" lat="33.554659"><ele>82.758492</ele><time>2022-11-13T16:39:27Z</time><extensions><speed>1.891466</speed><course>254.861633</course><hAcc>2.617973</hAcc><vAcc>0.757108</vAcc></extensions></trkpt>
      <trkpt lon="-82.147295" lat="33.554655"><ele>82.731133</ele><time>2022-11-13T16:39:28Z</time><extensions><speed>2.031862</speed><course>260.139038</course><hAcc>2.627429</hAcc><vAcc>0.756970</vAcc></extensions></trkpt>
      <trkpt lon="-82.147316" lat="33.554652"><ele>82.700073</ele><time>2022-11-13T16:39:29Z</time><extensions><speed>1.896539</speed><course>262.419312</course><hAcc>2.624800</hAcc><vAcc>0.758539</vAcc></extensions></trkpt>
      <trkpt lon="-82.147335" lat="33.554650"><ele>82.661652</ele><time>2022-11-13T16:39:30Z</time><extensions><speed>1.585019</speed><course>262.573334</course><hAcc>2.603735</hAcc><vAcc>0.759220</vAcc></extensions></trkpt>
      <trkpt lon="-82.147351" lat="33.554648"><ele>82.621101</ele><time>2022-11-13T16:39:31Z</time><extensions><speed>1.476361</speed><course>260.232941</course><hAcc>2.577851</hAcc><vAcc>0.760052</vAcc></extensions></trkpt>
      <trkpt lon="-82.147366" lat="33.554645"><ele>82.586395</ele><time>2022-11-13T16:39:32Z</time><extensions><speed>1.367755</speed><course>257.469696</course><hAcc>2.568685</hAcc><vAcc>0.761025</vAcc></extensions></trkpt>
      <trkpt lon="-82.147380" lat="33.554641"><ele>82.548317</ele><time>2022-11-13T16:39:33Z</time><extensions><speed>1.205910</speed><course>254.526794</course><hAcc>2.576617</hAcc><vAcc>0.762121</vAcc></extensions></trkpt>
      <trkpt lon="-82.147390" lat="33.554637"><ele>82.509262</ele><time>2022-11-13T16:39:34Z</time><extensions><speed>0.915151</speed><course>235.233948</course><hAcc>2.559294</hAcc><vAcc>0.765219</vAcc></extensions></trkpt>
      <trkpt lon="-82.147397" lat="33.554630"><ele>82.463531</ele><time>2022-11-13T16:39:35Z</time><extensions><speed>0.939587</speed><course>210.129654</course><hAcc>2.551797</hAcc><vAcc>0.767159</vAcc></extensions></trkpt>
      <trkpt lon="-82.147405" lat="33.554623"><ele>82.422218</ele><time>2022-11-13T16:39:36Z</time><extensions><speed>1.119115</speed><course>235.140167</course><hAcc>2.540768</hAcc><vAcc>0.769178</vAcc></extensions></trkpt>
      <trkpt lon="-82.147417" lat="33.554617"><ele>82.379715</ele><time>2022-11-13T16:39:37Z</time><extensions><speed>1.208893</speed><course>246.477356</course><hAcc>2.518872</hAcc><vAcc>0.771159</vAcc></extensions></trkpt>
      <trkpt lon="-82.147430" lat="33.554612"><ele>82.335121</ele><time>2022-11-13T16:39:38Z</time><extensions><speed>1.280064</speed><course>251.311630</course><hAcc>2.481333</hAcc><vAcc>0.772938</vAcc></extensions></trkpt>
      <trkpt lon="-82.147444" lat="33.554608"><ele>82.296776</ele><time>2022-11-13T16:39:39Z</time><extensions><speed>1.371546</speed><course>250.820312</course><hAcc>2.461953</hAcc><vAcc>0.774306</vAcc></extensions></trkpt>
      <trkpt lon="-82.147460" lat="33.554602"><ele>82.262001</ele><time>2022-11-13T16:39:40Z</time><extensions><speed>1.667753</speed><course>246.913818</course><hAcc>2.479730</hAcc><vAcc>0.775120</vAcc></extensions></trkpt>
      <trkpt lon="-82.147476" lat="33.554595"><ele>82.229965</ele><time>2022-11-13T16:39:41Z</time><extensions><speed>1.345963</speed><course>242.282120</course><hAcc>2.495058</hAcc><vAcc>0.775405</vAcc></extensions></trkpt>
      <trkpt lon="-82.147489" lat="33.554588"><ele>82.202408</ele><time>2022-11-13T16:39:42Z</time><extensions><speed>1.375025</speed><course>237.095596</course><hAcc>2.490050</hAcc><vAcc>0.775236</vAcc></extensions></trkpt>
      <trkpt lon="-82.147503" lat="33.554581"><ele>82.175179</ele><time>2022-11-13T16:39:43Z</time><extensions><speed>1.403734</speed><course>238.962830</course><hAcc>2.465199</hAcc><vAcc>0.774621</vAcc></extensions></trkpt>
      <trkpt lon="-82.147517" lat="33.554573"><ele>82.154968</ele><time>2022-11-13T16:39:44Z</time><extensions><speed>1.515465</speed><course>239.645218</course><hAcc>2.450386</hAcc><vAcc>0.773504</vAcc></extensions></trkpt>
      <trkpt lon="-82.147532" lat="33.554565"><ele>82.145676</ele><time>2022-11-13T16:39:45Z</time><extensions><speed>1.467169</speed><course>243.352661</course><hAcc>2.470598</hAcc><vAcc>0.771883</vAcc></extensions></trkpt>
      <trkpt lon="-82.147547" lat="33.554559"><ele>82.144096</ele><time>2022-11-13T16:39:46Z</time><extensions><speed>1.520469</speed><course>249.114319</course><hAcc>2.481858</hAcc><vAcc>0.769919</vAcc></extensions></trkpt>
      <trkpt lon="-82.147564" lat="33.554553"><ele>82.158348</ele><time>2022-11-13T16:39:47Z</time><extensions><speed>1.511557</speed><course>253.938599</course><hAcc>2.492475</hAcc><vAcc>0.767832</vAcc></extensions></trkpt>
      <trkpt lon="-82.147581" lat="33.554548"><ele>82.186234</ele><time>2022-11-13T16:39:48Z</time><extensions><speed>1.666830</speed><course>254.317368</course><hAcc>2.478618</hAcc><vAcc>0.765793</vAcc></extensions></trkpt>
      <trkpt lon="-82.147598" lat="33.554543"><ele>82.226181</ele><time>2022-11-13T16:39:49Z</time><extensions><speed>1.759896</speed><course>248.953949</course><hAcc>2.463326</hAcc><vAcc>0.763917</vAcc></extensions></trkpt>
      <trkpt lon="-82.147616" lat="33.554535"><ele>82.277267</ele><time>2022-11-13T16:39:50Z</time><extensions><speed>1.777809</speed><course>243.934769</course><hAcc>2.460202</hAcc><vAcc>0.762271</vAcc></extensions></trkpt>
      <trkpt lon="-82.147633" lat="33.554527"><ele>82.335327</ele><time>2022-11-13T16:39:51Z</time><extensions><speed>1.706720</speed><course>239.162170</course><hAcc>2.473834</hAcc><vAcc>0.760886</vAcc></extensions></trkpt>
      <trkpt lon="-82.147649" lat="33.554518"><ele>82.402184</ele><time>2022-11-13T16:39:52Z</time><extensions><speed>1.558966</speed><course>238.272659</course><hAcc>2.505253</hAcc><vAcc>0.759761</vAcc></extensions></trkpt>
      <trkpt lon="-82.147664" lat="33.554510"><ele>82.477524</ele><time>2022-11-13T16:39:53Z</time><extensions><speed>1.614581</speed><course>237.125839</course><hAcc>2.488997</hAcc><vAcc>0.758878</vAcc></extensions></trkpt>
      <trkpt lon="-82.147679" lat="33.554500"><ele>82.566483</ele><time>2022-11-13T16:39:54Z</time><extensions><speed>1.694356</speed><course>234.105118</course><hAcc>2.476714</hAcc><vAcc>0.758207</vAcc></extensions></trkpt>
      <trkpt lon="-82.147694" lat="33.554490"><ele>82.664886</ele><time>2022-11-13T16:39:55Z</time><extensions><speed>1.567393</speed><course>231.650604</course><hAcc>2.483503</hAcc><vAcc>0.757713</vAcc></extensions></trkpt>
      <trkpt lon="-82.147707" lat="33.554480"><ele>82.766441</ele><time>2022-11-13T16:39:56Z</time><extensions><speed>1.453049</speed><course>234.492691</course><hAcc>2.485703</hAcc><vAcc>0.757361</vAcc></extensions></trkpt>
      <trkpt lon="-82.147720" lat="33.554473"><ele>82.868843</ele><time>2022-11-13T16:39:57Z</time><extensions><speed>1.294855</speed><course>247.162170</course><hAcc>2.471219</hAcc><vAcc>0.757120</vAcc></extensions></trkpt>
      <trkpt lon="-82.147734" lat="33.554469"><ele>82.969925</ele><time>2022-11-13T16:39:58Z</time><extensions><speed>1.187818</speed><course>256.300171</course><hAcc>2.445684</hAcc><vAcc>0.756961</vAcc></extensions></trkpt>
      <trkpt lon="-82.147748" lat="33.554465"><ele>83.062302</ele><time>2022-11-13T16:39:59Z</time><extensions><speed>1.390497</speed><course>259.051056</course><hAcc>2.428720</hAcc><vAcc>0.756862</vAcc></extensions></trkpt>
      <trkpt lon="-82.147763" lat="33.554462"><ele>83.153191</ele><time>2022-11-13T16:40:00Z</time><extensions><speed>1.499575</speed><course>254.627106</course><hAcc>2.436594</hAcc><vAcc>0.756803</vAcc></extensions></trkpt>
      <trkpt lon="-82.147779" lat="33.554457"><ele>83.229752</ele><time>2022-11-13T16:40:01Z</time><extensions><speed>1.568985</speed><course>245.215363</course><hAcc>2.445317</hAcc><vAcc>0.756772</vAcc></extensions></trkpt>
      <trkpt lon="-82.147795" lat="33.554449"><ele>83.298012</ele><time>2022-11-13T16:40:02Z</time><extensions><speed>1.642953</speed><course>236.785461</course><hAcc>2.444973</hAcc><vAcc>0.756757</vAcc></extensions></trkpt>
      <trkpt lon="-82.147810" lat="33.554441"><ele>83.359993</ele><time>2022-11-13T16:40:03Z</time><extensions><speed>1.576220</speed><course>239.730179</course><hAcc>2.448896</hAcc><vAcc>0.756752</vAcc></extensions></trkpt>
      <trkpt lon="-82.147825" lat="33.554437"><ele>83.421104</ele><time>2022-11-13T16:40:04Z</time><extensions><speed>1.498894</speed><course>257.675446</course><hAcc>2.455333</hAcc><vAcc>0.756752</vAcc></extensions></trkpt>
      <trkpt lon="-82.147841" lat="33.554433"><ele>83.484131</ele><time>2022-11-13T16:40:05Z</time><extensions><speed>1.476187</speed><course>248.634872</course><hAcc>2.419425</hAcc><vAcc>0.756754</vAcc></extensions></trkpt>
      <trkpt lon="-82.147855" lat="33.554427"><ele>83.544395</ele><time>2022-11-13T16:40:06Z</time><extensions><speed>1.490331</speed><course>241.474014</course><hAcc>2.393450</hAcc><vAcc>0.756756</vAcc></extensions></trkpt>
      <trkpt lon="-82.147870" lat="33.554421"><ele>83.591431</ele><time>2022-11-13T16:40:07Z</time><extensions><speed>1.460406</speed><course>243.701431</course><hAcc>2.409203</hAcc><vAcc>0.756757</vAcc></extensions></trkpt>
      <trkpt lon="-82.147884" lat="33.554416"><ele>83.635643</ele><time>2022-11-13T16:40:08Z</time><extensions><speed>1.426580</speed><course>251.400589</course><hAcc>2.437383</hAcc><vAcc>0.756758</vAcc></extensions></trkpt>
      <trkpt lon="-82.147899" lat="33.554413"><ele>83.680298</ele><time>2022-11-13T16:40:09Z</time><extensions><speed>1.423444</speed><course>254.013763</course><hAcc>2.432145</hAcc><vAcc>0.756758</vAcc></extensions></trkpt>
      <trkpt lon="-82.147914" lat="33.554410"><ele>83.727325</ele><time>2022-11-13T16:40:10Z</time><extensions><speed>1.357747</speed><course>255.298538</course><hAcc>2.451144</hAcc><vAcc>0.756757</vAcc></extensions></trkpt>
      <trkpt lon="-82.147928" lat="33.554408"><ele>83.780121</ele><time>2022-11-13T16:40:11Z</time><extensions><speed>1.289042</speed><course>272.789612</course><hAcc>2.450546</hAcc><vAcc>0.756756</vAcc></extensions></trkpt>
      <trkpt lon="-82.147942" lat="33.554410"><ele>83.819214</ele><time>2022-11-13T16:40:12Z</time><extensions><speed>1.397585</speed><course>279.082214</course><hAcc>2.463769</hAcc><vAcc>0.756754</vAcc></extensions></trkpt>
      <trkpt lon="-82.147957" lat="33.554412"><ele>83.859039</ele><time>2022-11-13T16:40:13Z</time><extensions><speed>1.310082</speed><course>279.308960</course><hAcc>2.468388</hAcc><vAcc>0.756752</vAcc></extensions></trkpt>
      <trkpt lon="-82.147970" lat="33.554413"><ele>83.890915</ele><time>2022-11-13T16:40:14Z</time><extensions><speed>1.247786</speed><course>263.942993</course><hAcc>2.471619</hAcc><vAcc>0.756750</vAcc></extensions></trkpt>
      <trkpt lon="-82.147983" lat="33.554411"><ele>83.920944</ele><time>2022-11-13T16:40:15Z</time><extensions><speed>1.166909</speed><course>263.005280</course><hAcc>2.450681</hAcc><vAcc>0.756749</vAcc></extensions></trkpt>
      <trkpt lon="-82.147995" lat="33.554410"><ele>83.944458</ele><time>2022-11-13T16:40:16Z</time><extensions><speed>1.099550</speed><course>262.026276</course><hAcc>2.448443</hAcc><vAcc>0.756747</vAcc></extensions></trkpt>
      <trkpt lon="-82.148006" lat="33.554409"><ele>83.960777</ele><time>2022-11-13T16:40:17Z</time><extensions><speed>1.020601</speed><course>264.810699</course><hAcc>2.485881</hAcc><vAcc>0.756746</vAcc></extensions></trkpt>
      <trkpt lon="-82.148017" lat="33.554410"><ele>83.972237</ele><time>2022-11-13T16:40:18Z</time><extensions><speed>1.007588</speed><course>277.217133</course><hAcc>2.508685</hAcc><vAcc>0.756745</vAcc></extensions></trkpt>
      <trkpt lon="-82.148028" lat="33.554411"><ele>83.981247</ele><time>2022-11-13T16:40:19Z</time><extensions><speed>1.061754</speed><course>271.831055</course><hAcc>2.480398</hAcc><vAcc>0.756745</vAcc></extensions></trkpt>
      <trkpt lon="-82.148039" lat="33.554410"><ele>83.988724</ele><time>2022-11-13T16:40:20Z</time><extensions><speed>1.124391</speed><course>259.821808</course><hAcc>2.468890</hAcc><vAcc>0.756744</vAcc></extensions></trkpt>
      <trkpt lon="-82.148051" lat="33.554407"><ele>83.996162</ele><time>2022-11-13T16:40:21Z</time><extensions><speed>1.133398</speed><course>248.541565</course><hAcc>2.453846</hAcc><vAcc>0.756744</vAcc></extensions></trkpt>
      <trkpt lon="-82.148062" lat="33.554402"><ele>84.007309</ele><time>2022-11-13T16:40:22Z</time><extensions><speed>1.167583</speed><course>237.879410</course><hAcc>2.462416</hAcc><vAcc>0.756743</vAcc></extensions></trkpt>
      <trkpt lon="-82.148073" lat="33.554397"><ele>84.018806</ele><time>2022-11-13T16:40:23Z</time><extensions><speed>1.273279</speed><course>244.155731</course><hAcc>2.465556</hAcc><vAcc>0.756743</vAcc></extensions></trkpt>
      <trkpt lon="-82.148087" lat="33.554392"><ele>84.036697</ele><time>2022-11-13T16:40:24Z</time><extensions><speed>1.465237</speed><course>254.435089</course><hAcc>2.460392</hAcc><vAcc>0.756743</vAcc></extensions></trkpt>
      <trkpt lon="-82.148102" lat="33.554390"><ele>84.060966</ele><time>2022-11-13T16:40:25Z</time><extensions><speed>1.397285</speed><course>267.066101</course><hAcc>2.455137</hAcc><vAcc>0.756743</vAcc></extensions></trkpt>
      <trkpt lon="-82.148117" lat="33.554390"><ele>84.099403</ele><time>2022-11-13T16:40:26Z</time><extensions><speed>1.360153</speed><course>276.859070</course><hAcc>2.462350</hAcc><vAcc>0.756743</vAcc></extensions></trkpt>
      <trkpt lon="-82.148131" lat="33.554391"><ele>84.147049</ele><time>2022-11-13T16:40:27Z</time><extensions><speed>1.239831</speed><course>276.293488</course><hAcc>2.457316</hAcc><vAcc>0.756743</vAcc></extensions></trkpt>
      <trkpt lon="-82.148143" lat="33.554391"><ele>84.210602</ele><time>2022-11-13T16:40:28Z</time><extensions><speed>1.175935</speed><course>266.503693</course><hAcc>2.476224</hAcc><vAcc>0.756743</vAcc></extensions></trkpt>
      <trkpt lon="-82.148155" lat="33.554388"><ele>84.290558</ele><time>2022-11-13T16:40:29Z</time><extensions><speed>1.189337</speed><course>242.715378</course><hAcc>2.492297</hAcc><vAcc>0.756743</vAcc></extensions></trkpt>
      <trkpt lon="-82.148167" lat="33.554382"><ele>84.379951</ele><time>2022-11-13T16:40:30Z</time><extensions><speed>1.202048</speed><course>243.547470</course><hAcc>2.462128</hAcc><vAcc>0.756743</vAcc></extensions></trkpt>
      <trkpt lon="-82.148179" lat="33.554377"><ele>84.476280</ele><time>2022-11-13T16:40:31Z</time><extensions><speed>1.267795</speed><course>246.671631</course><hAcc>2.448519</hAcc><vAcc>0.756743</vAcc></extensions></trkpt>
      <trkpt lon="-82.148192" lat="33.554373"><ele>84.580376</ele><time>2022-11-13T16:40:32Z</time><extensions><speed>1.354470</speed><course>259.204529</course><hAcc>2.474797</hAcc><vAcc>0.756743</vAcc></extensions></trkpt>
      <trkpt lon="-82.148206" lat="33.554371"><ele>84.688171</ele><time>2022-11-13T16:40:33Z</time><extensions><speed>1.285464</speed><course>265.550171</course><hAcc>2.493354</hAcc><vAcc>0.756743</vAcc></extensions></trkpt>
      <trkpt lon="-82.148220" lat="33.554369"><ele>84.800537</ele><time>2022-11-13T16:40:34Z</time><extensions><speed>1.315309</speed><course>267.933350</course><hAcc>2.479359</hAcc><vAcc>0.756743</vAcc></extensions></trkpt>
      <trkpt lon="-82.148234" lat="33.554369"><ele>84.913612</ele><time>2022-11-13T16:40:35Z</time><extensions><speed>1.350102</speed><course>270.808716</course><hAcc>2.485227</hAcc><vAcc>0.756743</vAcc></extensions></trkpt>
      <trkpt lon="-82.148249" lat="33.554368"><ele>85.018562</ele><time>2022-11-13T16:40:36Z</time><extensions><speed>1.357266</speed><course>270.160889</course><hAcc>2.486243</hAcc><vAcc>0.756743</vAcc></extensions></trkpt>
      <trkpt lon="-82.148263" lat="33.554367"><ele>85.112083</ele><time>2022-11-13T16:40:37Z</time><extensions><speed>1.311375</speed><course>268.632782</course><hAcc>2.479221</hAcc><vAcc>0.756743</vAcc></extensions></trkpt>
      <trkpt lon="-82.148277" lat="33.554366"><ele>85.196869</ele><time>2022-11-13T16:40:38Z</time><extensions><speed>1.159595</speed><course>265.083527</course><hAcc>2.473685</hAcc><vAcc>0.756743</vAcc></extensions></trkpt>
      <trkpt lon="-82.148288" lat="33.554364"><ele>85.273415</ele><time>2022-11-13T16:40:39Z</time><extensions><speed>0.888288</speed><course>266.243469</course><hAcc>2.468672</hAcc><vAcc>0.756743</vAcc></extensions></trkpt>
      <trkpt lon="-82.148297" lat="33.554363"><ele>85.342888</ele><time>2022-11-13T16:40:40Z</time><extensions><speed>0.804147</speed><course>268.886108</course><hAcc>2.450203</hAcc><vAcc>0.756743</vAcc></extensions></trkpt>
      <trkpt lon="-82.148305" lat="33.554363"><ele>85.405785</ele><time>2022-11-13T16:40:41Z</time><extensions><speed>0.773557</speed><course>276.527191</course><hAcc>2.449442</hAcc><vAcc>0.756743</vAcc></extensions></trkpt>
      <trkpt lon="-82.148314" lat="33.554363"><ele>85.452789</ele><time>2022-11-13T16:40:42Z</time><extensions><speed>0.847635</speed><course>278.144104</course><hAcc>2.444988</hAcc><vAcc>0.756743</vAcc></extensions></trkpt>
      <trkpt lon="-82.148324" lat="33.554363"><ele>85.487572</ele><time>2022-11-13T16:40:43Z</time><extensions><speed>1.050132</speed><course>283.373199</course><hAcc>2.465344</hAcc><vAcc>0.756743</vAcc></extensions></trkpt>
      <trkpt lon="-82.148335" lat="33.554364"><ele>85.502747</ele><time>2022-11-13T16:40:44Z</time><extensions><speed>1.137702</speed><course>279.259216</course><hAcc>2.461743</hAcc><vAcc>0.756743</vAcc></extensions></trkpt>
      <trkpt lon="-82.148347" lat="33.554364"><ele>85.505478</ele><time>2022-11-13T16:40:45Z</time><extensions><speed>1.168777</speed><course>274.011414</course><hAcc>2.457463</hAcc><vAcc>0.756743</vAcc></extensions></trkpt>
      <trkpt lon="-82.148360" lat="33.554364"><ele>85.487877</ele><time>2022-11-13T16:40:46Z</time><extensions><speed>1.158050</speed><course>275.996918</course><hAcc>2.468702</hAcc><vAcc>0.756743</vAcc></extensions></trkpt>
      <trkpt lon="-82.148372" lat="33.554364"><ele>85.456230</ele><time>2022-11-13T16:40:47Z</time><extensions><speed>1.040675</speed><course>271.765015</course><hAcc>2.453408</hAcc><vAcc>0.756743</vAcc></extensions></trkpt>
      <trkpt lon="-82.148384" lat="33.554363"><ele>85.416534</ele><time>2022-11-13T16:40:48Z</time><extensions><speed>1.292797</speed><course>269.119812</course><hAcc>2.441061</hAcc><vAcc>0.756743</vAcc></extensions></trkpt>
      <trkpt lon="-82.148398" lat="33.554361"><ele>85.371864</ele><time>2022-11-13T16:40:49Z</time><extensions><speed>1.224557</speed><course>261.523956</course><hAcc>2.435177</hAcc><vAcc>0.756743</vAcc></extensions></trkpt>
      <trkpt lon="-82.148410" lat="33.554359"><ele>85.320900</ele><time>2022-11-13T16:40:50Z</time><extensions><speed>1.181259</speed><course>254.389969</course><hAcc>2.433989</hAcc><vAcc>0.756743</vAcc></extensions></trkpt>
      <trkpt lon="-82.148422" lat="33.554355"><ele>85.254509</ele><time>2022-11-13T16:40:51Z</time><extensions><speed>1.064453</speed><course>245.279617</course><hAcc>2.430533</hAcc><vAcc>0.756743</vAcc></extensions></trkpt>
      <trkpt lon="-82.148434" lat="33.554349"><ele>85.182846</ele><time>2022-11-13T16:40:52Z</time><extensions><speed>1.434069</speed><course>242.006226</course><hAcc>2.422424</hAcc><vAcc>0.756743</vAcc></extensions></trkpt>
      <trkpt lon="-82.148448" lat="33.554342"><ele>85.103325</ele><time>2022-11-13T16:40:53Z</time><extensions><speed>1.491378</speed><course>240.112961</course><hAcc>2.410506</hAcc><vAcc>0.756743</vAcc></extensions></trkpt>
      <trkpt lon="-82.148462" lat="33.554336"><ele>85.028130</ele><time>2022-11-13T16:40:54Z</time><extensions><speed>1.454551</speed><course>244.974075</course><hAcc>2.428895</hAcc><vAcc>0.756743</vAcc></extensions></trkpt>
      <trkpt lon="-82.148476" lat="33.554329"><ele>84.954056</ele><time>2022-11-13T16:40:55Z</time><extensions><speed>1.405910</speed><course>244.494797</course><hAcc>2.416944</hAcc><vAcc>0.756743</vAcc></extensions></trkpt>
      <trkpt lon="-82.148490" lat="33.554323"><ele>84.873558</ele><time>2022-11-13T16:40:56Z</time><extensions><speed>1.410996</speed><course>245.284882</course><hAcc>2.424280</hAcc><vAcc>0.756743</vAcc></extensions></trkpt>
      <trkpt lon="-82.148503" lat="33.554318"><ele>84.790504</ele><time>2022-11-13T16:40:57Z</time><extensions><speed>1.134572</speed><course>246.489670</course><hAcc>2.427595</hAcc><vAcc>0.756743</vAcc></extensions></trkpt>
      <trkpt lon="-82.148511" lat="33.554314"><ele>84.688698</ele><time>2022-11-13T16:40:58Z</time><extensions><speed>0.610250</speed><course>251.897202</course><hAcc>2.423836</hAcc><vAcc>0.756743</vAcc></extensions></trkpt>
      <trkpt lon="-82.148520" lat="33.554313"><ele>84.578667</ele><time>2022-11-13T16:40:59Z</time><extensions><speed>0.986727</speed><course>271.690491</course><hAcc>2.422031</hAcc><vAcc>0.756743</vAcc></extensions></trkpt>
      <trkpt lon="-82.148531" lat="33.554314"><ele>84.475395</ele><time>2022-11-13T16:41:00Z</time><extensions><speed>1.100496</speed><course>283.604492</course><hAcc>2.423797</hAcc><vAcc>0.758386</vAcc></extensions></trkpt>
      <trkpt lon="-82.148543" lat="33.554316"><ele>84.372505</ele><time>2022-11-13T16:41:01Z</time><extensions><speed>1.148962</speed><course>285.145996</course><hAcc>2.427654</hAcc><vAcc>0.761086</vAcc></extensions></trkpt>
      <trkpt lon="-82.148556" lat="33.554318"><ele>84.265556</ele><time>2022-11-13T16:41:02Z</time><extensions><speed>1.179116</speed><course>281.520844</course><hAcc>2.438445</hAcc><vAcc>0.762666</vAcc></extensions></trkpt>
      <trkpt lon="-82.148569" lat="33.554319"><ele>84.155144</ele><time>2022-11-13T16:41:03Z</time><extensions><speed>1.353776</speed><course>269.208801</course><hAcc>2.447690</hAcc><vAcc>0.764504</vAcc></extensions></trkpt>
      <trkpt lon="-82.148584" lat="33.554317"><ele>84.048119</ele><time>2022-11-13T16:41:04Z</time><extensions><speed>1.412338</speed><course>254.852783</course><hAcc>2.453223</hAcc><vAcc>0.766593</vAcc></extensions></trkpt>
      <trkpt lon="-82.148598" lat="33.554312"><ele>83.943024</ele><time>2022-11-13T16:41:05Z</time><extensions><speed>1.374748</speed><course>245.343140</course><hAcc>2.460194</hAcc><vAcc>0.768895</vAcc></extensions></trkpt>
      <trkpt lon="-82.148611" lat="33.554306"><ele>83.844856</ele><time>2022-11-13T16:41:06Z</time><extensions><speed>1.348484</speed><course>244.121979</course><hAcc>2.496991</hAcc><vAcc>0.771327</vAcc></extensions></trkpt>
      <trkpt lon="-82.148625" lat="33.554301"><ele>83.763130</ele><time>2022-11-13T16:41:07Z</time><extensions><speed>1.445812</speed><course>247.649887</course><hAcc>2.513766</hAcc><vAcc>0.773749</vAcc></extensions></trkpt>
      <trkpt lon="-82.148642" lat="33.554295"><ele>83.686707</ele><time>2022-11-13T16:41:08Z</time><extensions><speed>1.995074</speed><course>253.910278</course><hAcc>2.544568</hAcc><vAcc>0.775953</vAcc></extensions></trkpt>
      <trkpt lon="-82.148663" lat="33.554290"><ele>83.619675</ele><time>2022-11-13T16:41:09Z</time><extensions><speed>2.069068</speed><course>254.040024</course><hAcc>2.538424</hAcc><vAcc>0.777662</vAcc></extensions></trkpt>
      <trkpt lon="-82.148684" lat="33.554284"><ele>83.563797</ele><time>2022-11-13T16:41:10Z</time><extensions><speed>2.102700</speed><course>253.443939</course><hAcc>2.523515</hAcc><vAcc>0.778537</vAcc></extensions></trkpt>
      <trkpt lon="-82.148704" lat="33.554278"><ele>83.513657</ele><time>2022-11-13T16:41:11Z</time><extensions><speed>1.988273</speed><course>252.758667</course><hAcc>2.527834</hAcc><vAcc>0.778310</vAcc></extensions></trkpt>
      <trkpt lon="-82.148723" lat="33.554272"><ele>83.472244</ele><time>2022-11-13T16:41:12Z</time><extensions><speed>1.826581</speed><course>253.289001</course><hAcc>2.563214</hAcc><vAcc>0.777000</vAcc></extensions></trkpt>
      <trkpt lon="-82.148740" lat="33.554267"><ele>83.444168</ele><time>2022-11-13T16:41:13Z</time><extensions><speed>1.521453</speed><course>254.320389</course><hAcc>2.586324</hAcc><vAcc>0.774916</vAcc></extensions></trkpt>
      <trkpt lon="-82.148754" lat="33.554263"><ele>83.425896</ele><time>2022-11-13T16:41:14Z</time><extensions><speed>1.341783</speed><course>255.491898</course><hAcc>2.571167</hAcc><vAcc>0.772419</vAcc></extensions></trkpt>
      <trkpt lon="-82.148766" lat="33.554261"><ele>83.415726</ele><time>2022-11-13T16:41:15Z</time><extensions><speed>1.127564</speed><course>262.367828</course><hAcc>2.572230</hAcc><vAcc>0.769802</vAcc></extensions></trkpt>
      <trkpt lon="-82.148777" lat="33.554259"><ele>83.420334</ele><time>2022-11-13T16:41:16Z</time><extensions><speed>1.048608</speed><course>271.379822</course><hAcc>2.565830</hAcc><vAcc>0.767279</vAcc></extensions></trkpt>
      <trkpt lon="-82.148788" lat="33.554259"><ele>83.439835</ele><time>2022-11-13T16:41:17Z</time><extensions><speed>1.017173</speed><course>276.605316</course><hAcc>2.557375</hAcc><vAcc>0.764989</vAcc></extensions></trkpt>
      <trkpt lon="-82.148798" lat="33.554259"><ele>83.468285</ele><time>2022-11-13T16:41:18Z</time><extensions><speed>0.951309</speed><course>268.162018</course><hAcc>2.521344</hAcc><vAcc>0.763008</vAcc></extensions></trkpt>
      <trkpt lon="-82.148807" lat="33.554257"><ele>83.503922</ele><time>2022-11-13T16:41:19Z</time><extensions><speed>0.842690</speed><course>257.879150</course><hAcc>2.495541</hAcc><vAcc>0.761364</vAcc></extensions></trkpt>
      <trkpt lon="-82.148815" lat="33.554255"><ele>83.553436</ele><time>2022-11-13T16:41:20Z</time><extensions><speed>0.797303</speed><course>254.539047</course><hAcc>2.492816</hAcc><vAcc>0.760048</vAcc></extensions></trkpt>
      <trkpt lon="-82.148822" lat="33.554252"><ele>83.610977</ele><time>2022-11-13T16:41:21Z</time><extensions><speed>0.693877</speed><course>267.018036</course><hAcc>2.500780</hAcc><vAcc>0.759031</vAcc></extensions></trkpt>
      <trkpt lon="-82.148828" lat="33.554252"><ele>83.675209</ele><time>2022-11-13T16:41:22Z</time><extensions><speed>0.489960</speed><course>291.171906</course><hAcc>2.489330</hAcc><vAcc>0.758271</vAcc></extensions></trkpt>
      <trkpt lon="-82.148833" lat="33.554254"><ele>83.744232</ele><time>2022-11-13T16:41:23Z</time><extensions><speed>0.624448</speed><course>318.181061</course><hAcc>2.505500</hAcc><vAcc>0.757723</vAcc></extensions></trkpt>
      <trkpt lon="-82.148839" lat="33.554257"><ele>83.811554</ele><time>2022-11-13T16:41:24Z</time><extensions><speed>0.766387</speed><course>301.515625</course><hAcc>2.507976</hAcc><vAcc>0.757341</vAcc></extensions></trkpt>
      <trkpt lon="-82.148846" lat="33.554258"><ele>83.879738</ele><time>2022-11-13T16:41:25Z</time><extensions><speed>0.848460</speed><course>280.990417</course><hAcc>2.494991</hAcc><vAcc>0.757087</vAcc></extensions></trkpt>
      <trkpt lon="-82.148856" lat="33.554257"><ele>83.954651</ele><time>2022-11-13T16:41:26Z</time><extensions><speed>0.924305</speed><course>262.592102</course><hAcc>2.474294</hAcc><vAcc>0.756926</vAcc></extensions></trkpt>
      <trkpt lon="-82.148867" lat="33.554254"><ele>84.035942</ele><time>2022-11-13T16:41:27Z</time><extensions><speed>1.096021</speed><course>252.328674</course><hAcc>2.486193</hAcc><vAcc>0.756829</vAcc></extensions></trkpt>
      <trkpt lon="-82.148879" lat="33.554250"><ele>84.126709</ele><time>2022-11-13T16:41:28Z</time><extensions><speed>1.247566</speed><course>250.322510</course><hAcc>2.488049</hAcc><vAcc>0.756777</vAcc></extensions></trkpt>
      <trkpt lon="-82.148891" lat="33.554245"><ele>84.223701</ele><time>2022-11-13T16:41:29Z</time><extensions><speed>1.227307</speed><course>248.829773</course><hAcc>2.487094</hAcc><vAcc>0.756752</vAcc></extensions></trkpt>
      <trkpt lon="-82.148904" lat="33.554241"><ele>84.331604</ele><time>2022-11-13T16:41:30Z</time><extensions><speed>1.255371</speed><course>253.617249</course><hAcc>2.504321</hAcc><vAcc>0.756744</vAcc></extensions></trkpt>
      <trkpt lon="-82.148917" lat="33.554236"><ele>84.443047</ele><time>2022-11-13T16:41:31Z</time><extensions><speed>1.369283</speed><course>249.097427</course><hAcc>2.496057</hAcc><vAcc>0.756745</vAcc></extensions></trkpt>
      <trkpt lon="-82.148931" lat="33.554231"><ele>84.558441</ele><time>2022-11-13T16:41:32Z</time><extensions><speed>1.464914</speed><course>244.630875</course><hAcc>2.496252</hAcc><vAcc>0.756749</vAcc></extensions></trkpt>
      <trkpt lon="-82.148946" lat="33.554224"><ele>84.677132</ele><time>2022-11-13T16:41:33Z</time><extensions><speed>1.433217</speed><course>242.011459</course><hAcc>2.514254</hAcc><vAcc>0.756754</vAcc></extensions></trkpt>
      <trkpt lon="-82.148959" lat="33.554217"><ele>84.798004</ele><time>2022-11-13T16:41:34Z</time><extensions><speed>1.383018</speed><course>237.178528</course><hAcc>2.511780</hAcc><vAcc>0.756758</vAcc></extensions></trkpt>
      <trkpt lon="-82.148971" lat="33.554209"><ele>84.914040</ele><time>2022-11-13T16:41:35Z</time><extensions><speed>1.409124</speed><course>234.722702</course><hAcc>2.514094</hAcc><vAcc>0.756760</vAcc></extensions></trkpt>
      <trkpt lon="-82.148984" lat="33.554201"><ele>85.032455</ele><time>2022-11-13T16:41:36Z</time><extensions><speed>1.455942</speed><course>236.465195</course><hAcc>2.534121</hAcc><vAcc>0.756761</vAcc></extensions></trkpt>
      <trkpt lon="-82.148997" lat="33.554195"><ele>85.149818</ele><time>2022-11-13T16:41:37Z</time><extensions><speed>1.214725</speed><course>241.881348</course><hAcc>2.551854</hAcc><vAcc>0.756761</vAcc></extensions></trkpt>
      <trkpt lon="-82.149009" lat="33.554190"><ele>85.255432</ele><time>2022-11-13T16:41:38Z</time><extensions><speed>1.065170</speed><course>249.305115</course><hAcc>2.527520</hAcc><vAcc>0.756760</vAcc></extensions></trkpt>
      <trkpt lon="-82.149020" lat="33.554187"><ele>85.351135</ele><time>2022-11-13T16:41:39Z</time><extensions><speed>1.012937</speed><course>260.097839</course><hAcc>2.523044</hAcc><vAcc>0.756758</vAcc></extensions></trkpt>
      <trkpt lon="-82.149032" lat="33.554186"><ele>85.432297</ele><time>2022-11-13T16:41:40Z</time><extensions><speed>1.152884</speed><course>268.019287</course><hAcc>2.547641</hAcc><vAcc>0.756756</vAcc></extensions></trkpt>
      <trkpt lon="-82.149045" lat="33.554185"><ele>85.499855</ele><time>2022-11-13T16:41:41Z</time><extensions><speed>1.131443</speed><course>257.989380</course><hAcc>2.524829</hAcc><vAcc>0.756754</vAcc></extensions></trkpt>
      <trkpt lon="-82.149056" lat="33.554182"><ele>85.551506</ele><time>2022-11-13T16:41:42Z</time><extensions><speed>0.994581</speed><course>247.429230</course><hAcc>2.500867</hAcc><vAcc>0.756752</vAcc></extensions></trkpt>
      <trkpt lon="-82.149065" lat="33.554178"><ele>85.584122</ele><time>2022-11-13T16:41:43Z</time><extensions><speed>0.602351</speed><course>237.262268</course><hAcc>2.506428</hAcc><vAcc>0.756750</vAcc></extensions></trkpt>
      <trkpt lon="-82.149070" lat="33.554175"><ele>85.590820</ele><time>2022-11-13T16:41:44Z</time><extensions><speed>0.521157</speed><course>228.305450</course><hAcc>2.501481</hAcc><vAcc>0.756748</vAcc></extensions></trkpt>
      <trkpt lon="-82.149075" lat="33.554172"><ele>85.582375</ele><time>2022-11-13T16:41:45Z</time><extensions><speed>0.418689</speed><course>224.419754</course><hAcc>2.519964</hAcc><vAcc>0.756747</vAcc></extensions></trkpt>
      <trkpt lon="-82.149080" lat="33.554169"><ele>85.564598</ele><time>2022-11-13T16:41:46Z</time><extensions><speed>0.530900</speed><course>254.247955</course><hAcc>2.517254</hAcc><vAcc>0.756746</vAcc></extensions></trkpt>
      <trkpt lon="-82.149088" lat="33.554167"><ele>85.539909</ele><time>2022-11-13T16:41:47Z</time><extensions><speed>0.735155</speed><course>265.837585</course><hAcc>2.513303</hAcc><vAcc>0.756745</vAcc></extensions></trkpt>
      <trkpt lon="-82.149097" lat="33.554166"><ele>85.505066</ele><time>2022-11-13T16:41:48Z</time><extensions><speed>0.790841</speed><course>271.525452</course><hAcc>2.531740</hAcc><vAcc>0.756744</vAcc></extensions></trkpt>
      <trkpt lon="-82.149106" lat="33.554166"><ele>85.465538</ele><time>2022-11-13T16:41:49Z</time><extensions><speed>0.789709</speed><course>271.763977</course><hAcc>2.532068</hAcc><vAcc>0.756744</vAcc></extensions></trkpt>
      <trkpt lon="-82.149116" lat="33.554166"><ele>85.426506</ele><time>2022-11-13T16:41:50Z</time><extensions><speed>0.821809</speed><course>275.636810</course><hAcc>2.548318</hAcc><vAcc>0.756743</vAcc></extensions></trkpt>
      <trkpt lon="-82.149127" lat="33.554166"><ele>85.389824</ele><time>2022-11-13T16:41:51Z</time><extensions><speed>1.162228</speed><course>277.938934</course><hAcc>2.550782</hAcc><vAcc>0.756743</vAcc></extensions></trkpt>
      <trkpt lon="-82.149141" lat="33.554167"><ele>85.355957</ele><time>2022-11-13T16:41:52Z</time><extensions><speed>1.296684</speed><course>275.869263</course><hAcc>2.565022</hAcc><vAcc>0.756743</vAcc></extensions></trkpt>
      <trkpt lon="-82.149157" lat="33.554167"><ele>85.319588</ele><time>2022-11-13T16:41:53Z</time><extensions><speed>1.393576</speed><course>266.292908</course><hAcc>2.558566</hAcc><vAcc>0.756743</vAcc></extensions></trkpt>
      <trkpt lon="-82.149173" lat="33.554165"><ele>85.290070</ele><time>2022-11-13T16:41:54Z</time><extensions><speed>1.497392</speed><course>252.867126</course><hAcc>2.553752</hAcc><vAcc>0.756743</vAcc></extensions></trkpt>
      <trkpt lon="-82.149189" lat="33.554159"><ele>85.272385</ele><time>2022-11-13T16:41:55Z</time><extensions><speed>1.580438</speed><course>240.802399</course><hAcc>2.561752</hAcc><vAcc>0.756743</vAcc></extensions></trkpt>
      <trkpt lon="-82.149205" lat="33.554150"><ele>85.262428</ele><time>2022-11-13T16:41:56Z</time><extensions><speed>1.656531</speed><course>229.367065</course><hAcc>2.580795</hAcc><vAcc>0.756743</vAcc></extensions></trkpt>
      <trkpt lon="-82.149218" lat="33.554139"><ele>85.262604</ele><time>2022-11-13T16:41:57Z</time><extensions><speed>1.483980</speed><course>224.554779</course><hAcc>2.608068</hAcc><vAcc>0.756743</vAcc></extensions></trkpt>
      <trkpt lon="-82.149231" lat="33.554130"><ele>85.271751</ele><time>2022-11-13T16:41:58Z</time><extensions><speed>1.388672</speed><course>229.766037</course><hAcc>2.585815</hAcc><vAcc>0.756743</vAcc></extensions></trkpt>
      <trkpt lon="-82.149244" lat="33.554122"><ele>85.287994</ele><time>2022-11-13T16:41:59Z</time><extensions><speed>1.435387</speed><course>242.088745</course><hAcc>2.556146</hAcc><vAcc>0.756743</vAcc></extensions></trkpt>
      <trkpt lon="-82.149260" lat="33.554116"><ele>85.300804</ele><time>2022-11-13T16:42:00Z</time><extensions><speed>1.466705</speed><course>251.674255</course><hAcc>2.555383</hAcc><vAcc>0.756743</vAcc></extensions></trkpt>
      <trkpt lon="-82.149276" lat="33.554111"><ele>85.320732</ele><time>2022-11-13T16:42:01Z</time><extensions><speed>1.423744</speed><course>257.940521</course><hAcc>2.573703</hAcc><vAcc>0.756743</vAcc></extensions></trkpt>
      <trkpt lon="-82.149291" lat="33.554108"><ele>85.337875</ele><time>2022-11-13T16:42:02Z</time><extensions><speed>1.264065</speed><course>263.933136</course><hAcc>2.602908</hAcc><vAcc>0.756743</vAcc></extensions></trkpt>
      <trkpt lon="-82.149305" lat="33.554106"><ele>85.355713</ele><time>2022-11-13T16:42:03Z</time><extensions><speed>1.089294</speed><course>261.663452</course><hAcc>2.596213</hAcc><vAcc>0.756743</vAcc></extensions></trkpt>
      <trkpt lon="-82.149318" lat="33.554103"><ele>85.373375</ele><time>2022-11-13T16:42:04Z</time><extensions><speed>1.233822</speed><course>253.433411</course><hAcc>2.565304</hAcc><vAcc>0.756743</vAcc></extensions></trkpt>
      <trkpt lon="-82.149332" lat="33.554099"><ele>85.395576</ele><time>2022-11-13T16:42:05Z</time><extensions><speed>1.341866</speed><course>244.487595</course><hAcc>2.558645</hAcc><vAcc>0.758386</vAcc></extensions></trkpt>
      <trkpt lon="-82.149345" lat="33.554092"><ele>85.414627</ele><time>2022-11-13T16:42:06Z</time><extensions><speed>1.366584</speed><course>237.033844</course><hAcc>2.579108</hAcc><vAcc>0.761086</vAcc></extensions></trkpt>
      <trkpt lon="-82.149359" lat="33.554084"><ele>85.430138</ele><time>2022-11-13T16:42:07Z</time><extensions><speed>1.668377</speed><course>232.659302</course><hAcc>2.561377</hAcc><vAcc>0.762666</vAcc></extensions></trkpt>
      <trkpt lon="-82.149375" lat="33.554074"><ele>85.434258</ele><time>2022-11-13T16:42:08Z</time><extensions><speed>1.793327</speed><course>231.914673</course><hAcc>2.548991</hAcc><vAcc>0.764504</vAcc></extensions></trkpt>
      <trkpt lon="-82.149391" lat="33.554064"><ele>85.440163</ele><time>2022-11-13T16:42:09Z</time><extensions><speed>1.866144</speed><course>235.014038</course><hAcc>2.546149</hAcc><vAcc>0.766593</vAcc></extensions></trkpt>
      <trkpt lon="-82.149408" lat="33.554055"><ele>85.452034</ele><time>2022-11-13T16:42:10Z</time><extensions><speed>1.856625</speed><course>239.546356</course><hAcc>2.561219</hAcc><vAcc>0.768895</vAcc></extensions></trkpt>
      <trkpt lon="-82.149427" lat="33.554047"><ele>85.465813</ele><time>2022-11-13T16:42:11Z</time><extensions><speed>1.859502</speed><course>243.764938</course><hAcc>2.567100</hAcc><vAcc>0.771327</vAcc></extensions></trkpt>
      <trkpt lon="-82.149446" lat="33.554040"><ele>85.475830</ele><time>2022-11-13T16:42:12Z</time><extensions><speed>1.961905</speed><course>250.353271</course><hAcc>2.541457</hAcc><vAcc>0.773749</vAcc></extensions></trkpt>
      <trkpt lon="-82.149466" lat="33.554034"><ele>85.488213</ele><time>2022-11-13T16:42:13Z</time><extensions><speed>1.939049</speed><course>257.169586</course><hAcc>2.527210</hAcc><vAcc>0.775953</vAcc></extensions></trkpt>
      <trkpt lon="-82.149486" lat="33.554031"><ele>85.511986</ele><time>2022-11-13T16:42:14Z</time><extensions><speed>1.815692</speed><course>263.587341</course><hAcc>2.534436</hAcc><vAcc>0.777662</vAcc></extensions></trkpt>
      <trkpt lon="-82.149505" lat="33.554029"><ele>85.541389</ele><time>2022-11-13T16:42:15Z</time><extensions><speed>1.592322</speed><course>263.858124</course><hAcc>2.536057</hAcc><vAcc>0.778537</vAcc></extensions></trkpt>
      <trkpt lon="-82.149522" lat="33.554028"><ele>85.563492</ele><time>2022-11-13T16:42:16Z</time><extensions><speed>1.530745</speed><course>260.467957</course><hAcc>2.523225</hAcc><vAcc>0.780067</vAcc></extensions></trkpt>
      <trkpt lon="-82.149538" lat="33.554026"><ele>85.584343</ele><time>2022-11-13T16:42:17Z</time><extensions><speed>1.352247</speed><course>260.179199</course><hAcc>2.505671</hAcc><vAcc>0.779461</vAcc></extensions></trkpt>
      <trkpt lon="-82.149551" lat="33.554025"><ele>85.591133</ele><time>2022-11-13T16:42:18Z</time><extensions><speed>0.975291</speed><course>262.741058</course><hAcc>2.484823</hAcc><vAcc>0.778218</vAcc></extensions></trkpt>
      <trkpt lon="-82.149563" lat="33.554024"><ele>85.591805</ele><time>2022-11-13T16:42:19Z</time><extensions><speed>1.161927</speed><course>270.725098</course><hAcc>2.471915</hAcc><vAcc>0.776699</vAcc></extensions></trkpt>
      <trkpt lon="-82.149576" lat="33.554024"><ele>85.599335</ele><time>2022-11-13T16:42:20Z</time><extensions><speed>1.239339</speed><course>271.418610</course><hAcc>2.457719</hAcc><vAcc>0.775184</vAcc></extensions></trkpt>
      <trkpt lon="-82.149589" lat="33.554025"><ele>85.614220</ele><time>2022-11-13T16:42:21Z</time><extensions><speed>1.189235</speed><course>275.827820</course><hAcc>2.455769</hAcc><vAcc>0.773856</vAcc></extensions></trkpt>
      <trkpt lon="-82.149602" lat="33.554026"><ele>85.620758</ele><time>2022-11-13T16:42:22Z</time><extensions><speed>1.086681</speed><course>276.528473</course><hAcc>2.435771</hAcc><vAcc>0.772798</vAcc></extensions></trkpt>
      <trkpt lon="-82.149615" lat="33.554027"><ele>85.621239</ele><time>2022-11-13T16:42:23Z</time><extensions><speed>1.288924</speed><course>278.727386</course><hAcc>2.435012</hAcc><vAcc>0.771999</vAcc></extensions></trkpt>
      <trkpt lon="-82.149629" lat="33.554029"><ele>85.608131</ele><time>2022-11-13T16:42:24Z</time><extensions><speed>1.354307</speed><course>283.313843</course><hAcc>2.456693</hAcc><vAcc>0.771363</vAcc></extensions></trkpt>
      <trkpt lon="-82.149643" lat="33.554031"><ele>85.590248</ele><time>2022-11-13T16:42:25Z</time><extensions><speed>1.350610</speed><course>279.058960</course><hAcc>2.447111</hAcc><vAcc>0.770730</vAcc></extensions></trkpt>
      <trkpt lon="-82.149658" lat="33.554030"><ele>85.567017</ele><time>2022-11-13T16:42:26Z</time><extensions><speed>1.435240</speed><course>256.733765</course><hAcc>2.460708</hAcc><vAcc>0.769888</vAcc></extensions></trkpt>
      <trkpt lon="-82.149675" lat="33.554025"><ele>85.547974</ele><time>2022-11-13T16:42:27Z</time><extensions><speed>1.709078</speed><course>243.932648</course><hAcc>2.459817</hAcc><vAcc>0.768711</vAcc></extensions></trkpt>
      <trkpt lon="-82.149691" lat="33.554016"><ele>85.530151</ele><time>2022-11-13T16:42:28Z</time><extensions><speed>1.714441</speed><course>233.837097</course><hAcc>2.431998</hAcc><vAcc>0.767264</vAcc></extensions></trkpt>
      <trkpt lon="-82.149706" lat="33.554007"><ele>85.518570</ele><time>2022-11-13T16:42:29Z</time><extensions><speed>1.562674</speed><course>237.275497</course><hAcc>2.432019</hAcc><vAcc>0.765700</vAcc></extensions></trkpt>
      <trkpt lon="-82.149720" lat="33.554000"><ele>85.511391</ele><time>2022-11-13T16:42:30Z</time><extensions><speed>1.336544</speed><course>243.417160</course><hAcc>2.436535</hAcc><vAcc>0.764144</vAcc></extensions></trkpt>
      <trkpt lon="-82.149732" lat="33.553996"><ele>85.504799</ele><time>2022-11-13T16:42:31Z</time><extensions><speed>0.989418</speed><course>261.109283</course><hAcc>2.458747</hAcc><vAcc>0.762689</vAcc></extensions></trkpt>
      <trkpt lon="-82.149742" lat="33.553996"><ele>85.496231</ele><time>2022-11-13T16:42:32Z</time><extensions><speed>0.769831</speed><course>284.312439</course><hAcc>2.453503</hAcc><vAcc>0.761392</vAcc></extensions></trkpt>
      <trkpt lon="-82.149752" lat="33.553996"><ele>85.492706</ele><time>2022-11-13T16:42:33Z</time><extensions><speed>0.811255</speed><course>273.397827</course><hAcc>2.461730</hAcc><vAcc>0.760283</vAcc></extensions></trkpt>
      <trkpt lon="-82.149761" lat="33.553994"><ele>85.494987</ele><time>2022-11-13T16:42:34Z</time><extensions><speed>0.923688</speed><course>234.628311</course><hAcc>2.459559</hAcc><vAcc>0.759368</vAcc></extensions></trkpt>
      <trkpt lon="-82.149769" lat="33.553988"><ele>85.501991</ele><time>2022-11-13T16:42:35Z</time><extensions><speed>0.916713</speed><course>221.559464</course><hAcc>2.473707</hAcc><vAcc>0.758637</vAcc></extensions></trkpt>
      <trkpt lon="-82.149775" lat="33.553982"><ele>85.510895</ele><time>2022-11-13T16:42:36Z</time><extensions><speed>0.565341</speed><course>222.360428</course><hAcc>2.482868</hAcc><vAcc>0.758072</vAcc></extensions></trkpt>
      <trkpt lon="-82.149779" lat="33.553979"><ele>85.515251</ele><time>2022-11-13T16:42:37Z</time><extensions><speed>0.426197</speed><course>227.038010</course><hAcc>2.477623</hAcc><vAcc>0.757648</vAcc></extensions></trkpt>
      <trkpt lon="-82.149783" lat="33.553975"><ele>85.523750</ele><time>2022-11-13T16:42:38Z</time><extensions><speed>0.589934</speed><course>203.004562</course><hAcc>2.490937</hAcc><vAcc>0.757339</vAcc></extensions></trkpt>
      <trkpt lon="-82.149787" lat="33.553969"><ele>85.537552</ele><time>2022-11-13T16:42:39Z</time><extensions><speed>0.911544</speed><course>212.336136</course><hAcc>2.494747</hAcc><vAcc>0.757122</vAcc></extensions></trkpt>
      <trkpt lon="-82.149794" lat="33.553961"><ele>85.555412</ele><time>2022-11-13T16:42:40Z</time><extensions><speed>1.120553</speed><course>210.951706</course><hAcc>2.518530</hAcc><vAcc>0.756975</vAcc></extensions></trkpt>
      <trkpt lon="-82.149802" lat="33.553952"><ele>85.581383</ele><time>2022-11-13T16:42:41Z</time><extensions><speed>1.262971</speed><course>219.688080</course><hAcc>2.522469</hAcc><vAcc>0.756879</vAcc></extensions></trkpt>
      <trkpt lon="-82.149812" lat="33.553943"><ele>85.615562</ele><time>2022-11-13T16:42:42Z</time><extensions><speed>1.347136</speed><course>228.604095</course><hAcc>2.548644</hAcc><vAcc>0.756820</vAcc></extensions></trkpt>
      <trkpt lon="-82.149826" lat="33.553935"><ele>85.653236</ele><time>2022-11-13T16:42:43Z</time><extensions><speed>1.636725</speed><course>240.212555</course><hAcc>2.538670</hAcc><vAcc>0.756785</vAcc></extensions></trkpt>
      <trkpt lon="-82.149842" lat="33.553928"><ele>85.695892</ele><time>2022-11-13T16:42:44Z</time><extensions><speed>1.619712</speed><course>248.376282</course><hAcc>2.537906</hAcc><vAcc>0.756766</vAcc></extensions></trkpt>
      <trkpt lon="-82.149857" lat="33.553923"><ele>85.745903</ele><time>2022-11-13T16:42:45Z</time><extensions><speed>1.227377</speed><course>257.077698</course><hAcc>2.558410</hAcc><vAcc>0.756757</vAcc></extensions></trkpt>
      <trkpt lon="-82.149870" lat="33.553921"><ele>85.794701</ele><time>2022-11-13T16:42:46Z</time><extensions><speed>1.124887</speed><course>260.590302</course><hAcc>2.578263</hAcc><vAcc>0.756754</vAcc></extensions></trkpt>
      <trkpt lon="-82.149883" lat="33.553919"><ele>85.845688</ele><time>2022-11-13T16:42:47Z</time><extensions><speed>1.141977</speed><course>262.032196</course><hAcc>2.588995</hAcc><vAcc>0.756753</vAcc></extensions></trkpt>
      <trkpt lon="-82.149896" lat="33.553917"><ele>85.904221</ele><time>2022-11-13T16:42:48Z</time><extensions><speed>1.200618</speed><course>259.550201</course><hAcc>2.589532</hAcc><vAcc>0.756754</vAcc></extensions></trkpt>
      <trkpt lon="-82.149909" lat="33.553914"><ele>85.959396</ele><time>2022-11-13T16:42:49Z</time><extensions><speed>1.273092</speed><course>255.050766</course><hAcc>2.585227</hAcc><vAcc>0.756755</vAcc></extensions></trkpt>
      <trkpt lon="-82.149923" lat="33.553910"><ele>86.018120</ele><time>2022-11-13T16:42:50Z</time><extensions><speed>1.373424</speed><course>248.817657</course><hAcc>2.587869</hAcc><vAcc>0.756755</vAcc></extensions></trkpt>
      <trkpt lon="-82.149938" lat="33.553904"><ele>86.077209</ele><time>2022-11-13T16:42:51Z</time><extensions><speed>1.582844</speed><course>242.802902</course><hAcc>2.599851</hAcc><vAcc>0.756755</vAcc></extensions></trkpt>
      <trkpt lon="-82.149954" lat="33.553896"><ele>86.139229</ele><time>2022-11-13T16:42:52Z</time><extensions><speed>1.600231</speed><course>235.885239</course><hAcc>2.612395</hAcc><vAcc>0.756754</vAcc></extensions></trkpt>
      <trkpt lon="-82.149968" lat="33.553887"><ele>86.202751</ele><time>2022-11-13T16:42:53Z</time><extensions><speed>1.595072</speed><course>233.556564</course><hAcc>2.581697</hAcc><vAcc>0.756753</vAcc></extensions></trkpt>
      <trkpt lon="-82.149982" lat="33.553878"><ele>86.263733</ele><time>2022-11-13T16:42:54Z</time><extensions><speed>1.548563</speed><course>232.769196</course><hAcc>2.566134</hAcc><vAcc>0.756752</vAcc></extensions></trkpt>
      <trkpt lon="-82.149996" lat="33.553869"><ele>86.319275</ele><time>2022-11-13T16:42:55Z</time><extensions><speed>1.592613</speed><course>227.559647</course><hAcc>2.547621</hAcc><vAcc>0.756750</vAcc></extensions></trkpt>
      <trkpt lon="-82.150009" lat="33.553858"><ele>86.365494</ele><time>2022-11-13T16:42:56Z</time><extensions><speed>1.588599</speed><course>222.323441</course><hAcc>2.513444</hAcc><vAcc>0.756749</vAcc></extensions></trkpt>
      <trkpt lon="-82.150021" lat="33.553847"><ele>86.405975</ele><time>2022-11-13T16:42:57Z</time><extensions><speed>1.437392</speed><course>221.261215</course><hAcc>2.506943</hAcc><vAcc>0.756748</vAcc></extensions></trkpt>
      <trkpt lon="-82.150032" lat="33.553839"><ele>86.435181</ele><time>2022-11-13T16:42:58Z</time><extensions><speed>1.105746</speed><course>232.333908</course><hAcc>2.494958</hAcc><vAcc>0.756747</vAcc></extensions></trkpt>
      <trkpt lon="-82.150043" lat="33.553833"><ele>86.460938</ele><time>2022-11-13T16:42:59Z</time><extensions><speed>1.031543</speed><course>247.078003</course><hAcc>2.497129</hAcc><vAcc>0.756746</vAcc></extensions></trkpt>
      <trkpt lon="-82.150054" lat="33.553829"><ele>86.485535</ele><time>2022-11-13T16:43:00Z</time><extensions><speed>1.055341</speed><course>246.499344</course><hAcc>2.490566</hAcc><vAcc>0.756745</vAcc></extensions></trkpt>
      <trkpt lon="-82.150066" lat="33.553825"><ele>86.516563</ele><time>2022-11-13T16:43:01Z</time><extensions><speed>1.054410</speed><course>246.650558</course><hAcc>2.483339</hAcc><vAcc>0.756744</vAcc></extensions></trkpt>
      <trkpt lon="-82.150077" lat="33.553821"><ele>86.538635</ele><time>2022-11-13T16:43:02Z</time><extensions><speed>1.059802</speed><course>250.056274</course><hAcc>2.465966</hAcc><vAcc>0.756744</vAcc></extensions></trkpt>
      <trkpt lon="-82.150089" lat="33.553817"><ele>86.558281</ele><time>2022-11-13T16:43:03Z</time><extensions><speed>0.953388</speed><course>251.979385</course><hAcc>2.459512</hAcc><vAcc>0.756744</vAcc></extensions></trkpt>
      <trkpt lon="-82.150100" lat="33.553814"><ele>86.577766</ele><time>2022-11-13T16:43:04Z</time><extensions><speed>0.975684</speed><course>250.089462</course><hAcc>2.453210</hAcc><vAcc>0.756743</vAcc></extensions></trkpt>
      <trkpt lon="-82.150110" lat="33.553811"><ele>86.592400</ele><time>2022-11-13T16:43:05Z</time><extensions><speed>0.934065</speed><course>246.118240</course><hAcc>2.471078</hAcc><vAcc>0.756743</vAcc></extensions></trkpt>
      <trkpt lon="-82.150121" lat="33.553806"><ele>86.608795</ele><time>2022-11-13T16:43:06Z</time><extensions><speed>1.165087</speed><course>243.060791</course><hAcc>2.455229</hAcc><vAcc>0.756743</vAcc></extensions></trkpt>
      <trkpt lon="-82.150134" lat="33.553801"><ele>86.624886</ele><time>2022-11-13T16:43:07Z</time><extensions><speed>1.232133</speed><course>240.700958</course><hAcc>2.431901</hAcc><vAcc>0.756743</vAcc></extensions></trkpt>
      <trkpt lon="-82.150146" lat="33.553795"><ele>86.640305</ele><time>2022-11-13T16:43:08Z</time><extensions><speed>1.185600</speed><course>238.148773</course><hAcc>2.437237</hAcc><vAcc>0.756743</vAcc></extensions></trkpt>
      <trkpt lon="-82.150157" lat="33.553790"><ele>86.654861</ele><time>2022-11-13T16:43:09Z</time><extensions><speed>1.122205</speed><course>239.763947</course><hAcc>2.442337</hAcc><vAcc>0.756743</vAcc></extensions></trkpt>
      <trkpt lon="-82.150169" lat="33.553786"><ele>86.675453</ele><time>2022-11-13T16:43:10Z</time><extensions><speed>1.137534</speed><course>248.496933</course><hAcc>2.446785</hAcc><vAcc>0.756743</vAcc></extensions></trkpt>
      <trkpt lon="-82.150182" lat="33.553782"><ele>86.695618</ele><time>2022-11-13T16:43:11Z</time><extensions><speed>1.325045</speed><course>254.148926</course><hAcc>2.443828</hAcc><vAcc>0.756743</vAcc></extensions></trkpt>
      <trkpt lon="-82.150198" lat="33.553779"><ele>86.710571</ele><time>2022-11-13T16:43:12Z</time><extensions><speed>1.515590</speed><course>251.030945</course><hAcc>2.435111</hAcc><vAcc>0.756743</vAcc></extensions></trkpt>
      <trkpt lon="-82.150214" lat="33.553774"><ele>86.729378</ele><time>2022-11-13T16:43:13Z</time><extensions><speed>1.519574</speed><course>245.209091</course><hAcc>2.439302</hAcc><vAcc>0.756743</vAcc></extensions></trkpt>
      <trkpt lon="-82.150229" lat="33.553768"><ele>86.751122</ele><time>2022-11-13T16:43:14Z</time><extensions><speed>1.514323</speed><course>241.150040</course><hAcc>2.431056</hAcc><vAcc>0.756743</vAcc></extensions></trkpt>
      <trkpt lon="-82.150242" lat="33.553762"><ele>86.774536</ele><time>2022-11-13T16:43:15Z</time><extensions><speed>1.390805</speed><course>232.421356</course><hAcc>2.446479</hAcc><vAcc>0.756743</vAcc></extensions></trkpt>
      <trkpt lon="-82.150254" lat="33.553753"><ele>86.799507</ele><time>2022-11-13T16:43:16Z</time><extensions><speed>1.433167</speed><course>223.809738</course><hAcc>2.446681</hAcc><vAcc>0.756743</vAcc></extensions></trkpt>
      <trkpt lon="-82.150264" lat="33.553745"><ele>86.826859</ele><time>2022-11-13T16:43:17Z</time><extensions><speed>1.339609</speed><course>221.927795</course><hAcc>2.443579</hAcc><vAcc>0.756743</vAcc></extensions></trkpt>
      <trkpt lon="-82.150275" lat="33.553737"><ele>86.849686</ele><time>2022-11-13T16:43:18Z</time><extensions><speed>1.435843</speed><course>231.189438</course><hAcc>2.457335</hAcc><vAcc>0.756743</vAcc></extensions></trkpt>
      <trkpt lon="-82.150289" lat="33.553729"><ele>86.879425</ele><time>2022-11-13T16:43:19Z</time><extensions><speed>1.580173</speed><course>241.377777</course><hAcc>2.464103</hAcc><vAcc>0.756743</vAcc></extensions></trkpt>
      <trkpt lon="-82.150306" lat="33.553723"><ele>86.910614</ele><time>2022-11-13T16:43:20Z</time><extensions><speed>1.744926</speed><course>247.876785</course><hAcc>2.448730</hAcc><vAcc>0.756743</vAcc></extensions></trkpt>
      <trkpt lon="-82.150323" lat="33.553717"><ele>86.939346</ele><time>2022-11-13T16:43:21Z</time><extensions><speed>1.611852</speed><course>244.931564</course><hAcc>2.481109</hAcc><vAcc>0.761314</vAcc></extensions></trkpt>
      <trkpt lon="-82.150338" lat="33.553709"><ele>86.970833</ele><time>2022-11-13T16:43:22Z</time><extensions><speed>1.537297</speed><course>242.825424</course><hAcc>2.512250</hAcc><vAcc>0.770092</vAcc></extensions></trkpt>
      <trkpt lon="-82.150352" lat="33.553703"><ele>87.006905</ele><time>2022-11-13T16:43:23Z</time><extensions><speed>1.373889</speed><course>240.263184</course><hAcc>2.556286</hAcc><vAcc>0.784780</vAcc></extensions></trkpt>
      <trkpt lon="-82.150365" lat="33.553697"><ele>87.045685</ele><time>2022-11-13T16:43:24Z</time><extensions><speed>1.280166</speed><course>238.186493</course><hAcc>2.585009</hAcc><vAcc>0.807940</vAcc></extensions></trkpt>
      <trkpt lon="-82.150376" lat="33.553690"><ele>87.103020</ele><time>2022-11-13T16:43:25Z</time><extensions><speed>1.105210</speed><course>234.724472</course><hAcc>2.615722</hAcc><vAcc>0.841921</vAcc></extensions></trkpt>
      <trkpt lon="-82.150386" lat="33.553685"><ele>87.161514</ele><time>2022-11-13T16:43:26Z</time><extensions><speed>1.026803</speed><course>230.830231</course><hAcc>2.714174</hAcc><vAcc>0.890574</vAcc></extensions></trkpt>
      <trkpt lon="-82.150395" lat="33.553678"><ele>87.236549</ele><time>2022-11-13T16:43:27Z</time><extensions><speed>1.174743</speed><course>229.884720</course><hAcc>2.854581</hAcc><vAcc>0.956087</vAcc></extensions></trkpt>
      <trkpt lon="-82.150406" lat="33.553671"><ele>87.314423</ele><time>2022-11-13T16:43:28Z</time><extensions><speed>1.306973</speed><course>237.822189</course><hAcc>2.958009</hAcc><vAcc>1.041991</vAcc></extensions></trkpt>
      <trkpt lon="-82.150420" lat="33.553665"><ele>87.449898</ele><time>2022-11-13T16:43:29Z</time><extensions><speed>1.435361</speed><course>241.200531</course><hAcc>3.045905</hAcc><vAcc>1.144624</vAcc></extensions></trkpt>
      <trkpt lon="-82.150435" lat="33.553658"><ele>87.556198</ele><time>2022-11-13T16:43:30Z</time><extensions><speed>1.706462</speed><course>240.798676</course><hAcc>3.159879</hAcc><vAcc>1.273309</vAcc></extensions></trkpt>
      <trkpt lon="-82.150605" lat="33.553545"><ele>89.205490</ele><time>2022-11-13T16:43:38Z</time><extensions><speed>2.853997</speed><course>225.952438</course><hAcc>4.018718</hAcc><vAcc>2.635018</vAcc></extensions></trkpt>
      <trkpt lon="-82.150667" lat="33.553502"><ele>90.423622</ele><time>2022-11-13T16:43:42Z</time><extensions><speed>0.372003</speed><course>232.919098</course><hAcc>4.162082</hAcc><vAcc>3.301735</vAcc></extensions></trkpt>
      <trkpt lon="-82.150678" lat="33.553498"><ele>90.951630</ele><time>2022-11-13T16:43:43Z</time><extensions><speed>0.266388</speed><course>240.393463</course><hAcc>3.886958</hAcc><vAcc>3.294847</vAcc></extensions></trkpt>
      <trkpt lon="-82.150682" lat="33.553497"><ele>91.234726</ele><time>2022-11-13T16:43:44Z</time><extensions><speed>0.285885</speed><course>244.857254</course><hAcc>3.735605</hAcc><vAcc>3.361474</vAcc></extensions></trkpt>
      <trkpt lon="-82.150687" lat="33.553495"><ele>91.509888</ele><time>2022-11-13T16:43:45Z</time><extensions><speed>0.286621</speed><course>246.629715</course><hAcc>3.581506</hAcc><vAcc>3.440942</vAcc></extensions></trkpt>
      <trkpt lon="-82.150691" lat="33.553493"><ele>92.133179</ele><time>2022-11-13T16:43:46Z</time><extensions><speed>0.293254</speed><course>246.240570</course><hAcc>3.440577</hAcc><vAcc>3.357326</vAcc></extensions></trkpt>
      <trkpt lon="-82.150695" lat="33.553490"><ele>92.905121</ele><time>2022-11-13T16:43:47Z</time><extensions><speed>0.290939</speed><course>244.788330</course><hAcc>3.322569</hAcc><vAcc>3.167305</vAcc></extensions></trkpt>
      <trkpt lon="-82.150700" lat="33.553487"><ele>93.570824</ele><time>2022-11-13T16:43:48Z</time><extensions><speed>0.321452</speed><course>243.050018</course><hAcc>3.184250</hAcc><vAcc>2.948728</vAcc></extensions></trkpt>
      <trkpt lon="-82.150705" lat="33.553484"><ele>94.152382</ele><time>2022-11-13T16:43:49Z</time><extensions><speed>0.351461</speed><course>242.454361</course><hAcc>3.061883</hAcc><vAcc>2.738422</vAcc></extensions></trkpt>
      <trkpt lon="-82.150710" lat="33.553481"><ele>94.657516</ele><time>2022-11-13T16:43:50Z</time><extensions><speed>0.309904</speed><course>242.411972</course><hAcc>2.969361</hAcc><vAcc>2.553859</vAcc></extensions></trkpt>
      <trkpt lon="-82.150714" lat="33.553479"><ele>95.098839</ele><time>2022-11-13T16:43:51Z</time><extensions><speed>0.304035</speed><course>241.879288</course><hAcc>2.885756</hAcc><vAcc>2.393704</vAcc></extensions></trkpt>
      <trkpt lon="-82.150720" lat="33.553476"><ele>95.464539</ele><time>2022-11-13T16:43:52Z</time><extensions><speed>0.285677</speed><course>239.249283</course><hAcc>2.755293</hAcc><vAcc>2.253720</vAcc></extensions></trkpt>
      <trkpt lon="-82.150725" lat="33.553474"><ele>95.781380</ele><time>2022-11-13T16:43:53Z</time><extensions><speed>0.281939</speed><course>235.116135</course><hAcc>2.649400</hAcc><vAcc>2.129992</vAcc></extensions></trkpt>
      <trkpt lon="-82.150729" lat="33.553472"><ele>96.067368</ele><time>2022-11-13T16:43:54Z</time><extensions><speed>0.295839</speed><course>233.442703</course><hAcc>2.566512</hAcc><vAcc>2.019556</vAcc></extensions></trkpt>
      <trkpt lon="-82.150734" lat="33.553470"><ele>96.327126</ele><time>2022-11-13T16:43:55Z</time><extensions><speed>0.350813</speed><course>235.473083</course><hAcc>2.510965</hAcc><vAcc>1.917075</vAcc></extensions></trkpt>
      <trkpt lon="-82.150740" lat="33.553468"><ele>96.563393</ele><time>2022-11-13T16:43:56Z</time><extensions><speed>0.598232</speed><course>238.991470</course><hAcc>2.482362</hAcc><vAcc>1.822548</vAcc></extensions></trkpt>
      <trkpt lon="-82.150747" lat="33.553465"><ele>96.782043</ele><time>2022-11-13T16:43:57Z</time><extensions><speed>0.698081</speed><course>240.239868</course><hAcc>2.402877</hAcc><vAcc>1.733801</vAcc></extensions></trkpt>
      <trkpt lon="-82.150755" lat="33.553462"><ele>96.999695</ele><time>2022-11-13T16:43:59Z</time><extensions><speed>0.701970</speed><course>246.664764</course><hAcc>2.368816</hAcc><vAcc>1.645680</vAcc></extensions></trkpt>
      <trkpt lon="-82.150764" lat="33.553460"><ele>97.185791</ele><time>2022-11-13T16:44:00Z</time><extensions><speed>0.900521</speed><course>246.373718</course><hAcc>2.297417</hAcc><vAcc>1.565411</vAcc></extensions></trkpt>
      <trkpt lon="-82.150774" lat="33.553456"><ele>97.356850</ele><time>2022-11-13T16:44:01Z</time><extensions><speed>0.975996</speed><course>244.807999</course><hAcc>2.237381</hAcc><vAcc>1.490078</vAcc></extensions></trkpt>
      <trkpt lon="-82.150784" lat="33.553453"><ele>97.511108</ele><time>2022-11-13T16:44:02Z</time><extensions><speed>0.957243</speed><course>243.784882</course><hAcc>2.188725</hAcc><vAcc>1.420034</vAcc></extensions></trkpt>
      <trkpt lon="-82.150794" lat="33.553449"><ele>97.651039</ele><time>2022-11-13T16:44:03Z</time><extensions><speed>0.950786</speed><course>241.819153</course><hAcc>2.144589</hAcc><vAcc>1.355741</vAcc></extensions></trkpt>
      <trkpt lon="-82.150804" lat="33.553445"><ele>97.778267</ele><time>2022-11-13T16:44:04Z</time><extensions><speed>0.961274</speed><course>241.544724</course><hAcc>2.103603</hAcc><vAcc>1.297429</vAcc></extensions></trkpt>
      <trkpt lon="-82.150814" lat="33.553440"><ele>97.897369</ele><time>2022-11-13T16:44:05Z</time><extensions><speed>1.026776</speed><course>243.989395</course><hAcc>2.064505</hAcc><vAcc>1.245376</vAcc></extensions></trkpt>
      <trkpt lon="-82.150825" lat="33.553436"><ele>98.005211</ele><time>2022-11-13T16:44:06Z</time><extensions><speed>1.053118</speed><course>245.509979</course><hAcc>2.032157</hAcc><vAcc>1.199610</vAcc></extensions></trkpt>
      <trkpt lon="-82.150836" lat="33.553432"><ele>98.102318</ele><time>2022-11-13T16:44:07Z</time><extensions><speed>1.037612</speed><course>245.806503</course><hAcc>2.011669</hAcc><vAcc>1.159992</vAcc></extensions></trkpt>
      <trkpt lon="-82.150847" lat="33.553428"><ele>98.188850</ele><time>2022-11-13T16:44:08Z</time><extensions><speed>1.077106</speed><course>248.076080</course><hAcc>1.972015</hAcc><vAcc>1.126228</vAcc></extensions></trkpt>
      <trkpt lon="-82.150859" lat="33.553424"><ele>98.268021</ele><time>2022-11-13T16:44:09Z</time><extensions><speed>1.025071</speed><course>247.092041</course><hAcc>1.972576</hAcc><vAcc>1.097886</vAcc></extensions></trkpt>
      <trkpt lon="-82.150870" lat="33.553420"><ele>98.337662</ele><time>2022-11-13T16:44:10Z</time><extensions><speed>1.059590</speed><course>246.287277</course><hAcc>1.955714</hAcc><vAcc>1.074450</vAcc></extensions></trkpt>
      <trkpt lon="-82.150881" lat="33.553415"><ele>98.399612</ele><time>2022-11-13T16:44:11Z</time><extensions><speed>1.101569</speed><course>244.649750</course><hAcc>1.929572</hAcc><vAcc>1.055334</vAcc></extensions></trkpt>
      <trkpt lon="-82.150892" lat="33.553410"><ele>98.453796</ele><time>2022-11-13T16:44:12Z</time><extensions><speed>1.145682</speed><course>244.257324</course><hAcc>1.895847</hAcc><vAcc>1.039935</vAcc></extensions></trkpt>
      <trkpt lon="-82.150905" lat="33.553405"><ele>98.492432</ele><time>2022-11-13T16:44:13Z</time><extensions><speed>1.147515</speed><course>243.083954</course><hAcc>1.890807</hAcc><vAcc>1.027392</vAcc></extensions></trkpt>
      <trkpt lon="-82.150916" lat="33.553399"><ele>98.517868</ele><time>2022-11-13T16:44:14Z</time><extensions><speed>1.071154</speed><course>242.173767</course><hAcc>1.905986</hAcc><vAcc>1.017145</vAcc></extensions></trkpt>
      <trkpt lon="-82.150928" lat="33.553393"><ele>98.535172</ele><time>2022-11-13T16:44:15Z</time><extensions><speed>1.253292</speed><course>239.034775</course><hAcc>1.846417</hAcc><vAcc>1.008669</vAcc></extensions></trkpt>
      <trkpt lon="-82.150940" lat="33.553386"><ele>98.546120</ele><time>2022-11-13T16:44:16Z</time><extensions><speed>1.286809</speed><course>236.184006</course><hAcc>1.831452</hAcc><vAcc>1.001515</vAcc></extensions></trkpt>
      <trkpt lon="-82.150952" lat="33.553379"><ele>98.554153</ele><time>2022-11-13T16:44:17Z</time><extensions><speed>1.153800</speed><course>233.798141</course><hAcc>1.855245</hAcc><vAcc>0.995321</vAcc></extensions></trkpt>
      <trkpt lon="-82.150962" lat="33.553372"><ele>98.561424</ele><time>2022-11-13T16:44:18Z</time><extensions><speed>1.298452</speed><course>231.093719</course><hAcc>1.811975</hAcc><vAcc>0.989860</vAcc></extensions></trkpt>
      <trkpt lon="-82.150973" lat="33.553364"><ele>98.562653</ele><time>2022-11-13T16:44:19Z</time><extensions><speed>1.203828</speed><course>229.190704</course><hAcc>1.826504</hAcc><vAcc>0.984866</vAcc></extensions></trkpt>
      <trkpt lon="-82.150984" lat="33.553355"><ele>98.560173</ele><time>2022-11-13T16:44:20Z</time><extensions><speed>1.481591</speed><course>227.688339</course><hAcc>1.758188</hAcc><vAcc>0.980180</vAcc></extensions></trkpt>
      <trkpt lon="-82.150996" lat="33.553346"><ele>98.559402</ele><time>2022-11-13T16:44:21Z</time><extensions><speed>1.511896</speed><course>227.845062</course><hAcc>1.765419</hAcc><vAcc>0.975673</vAcc></extensions></trkpt>
      <trkpt lon="-82.151008" lat="33.553337"><ele>98.554214</ele><time>2022-11-13T16:44:22Z</time><extensions><speed>1.298441</speed><course>229.940201</course><hAcc>1.810020</hAcc><vAcc>0.971215</vAcc></extensions></trkpt>
      <trkpt lon="-82.151019" lat="33.553328"><ele>98.547478</ele><time>2022-11-13T16:44:23Z</time><extensions><speed>1.444979</speed><course>229.124176</course><hAcc>1.769231</hAcc><vAcc>0.966802</vAcc></extensions></trkpt>
      <trkpt lon="-82.151031" lat="33.553319"><ele>98.537758</ele><time>2022-11-13T16:44:24Z</time><extensions><speed>1.402360</speed><course>230.392075</course><hAcc>1.779784</hAcc><vAcc>0.962410</vAcc></extensions></trkpt>
      <trkpt lon="-82.151043" lat="33.553310"><ele>98.530487</ele><time>2022-11-13T16:44:25Z</time><extensions><speed>1.540928</speed><course>229.133667</course><hAcc>1.740192</hAcc><vAcc>0.958086</vAcc></extensions></trkpt>
      <trkpt lon="-82.151055" lat="33.553300"><ele>98.522568</ele><time>2022-11-13T16:44:26Z</time><extensions><speed>1.526098</speed><course>228.870850</course><hAcc>1.729263</hAcc><vAcc>0.953873</vAcc></extensions></trkpt>
      <trkpt lon="-82.151067" lat="33.553291"><ele>98.513687</ele><time>2022-11-13T16:44:27Z</time><extensions><speed>1.410045</speed><course>227.547653</course><hAcc>1.728742</hAcc><vAcc>0.949781</vAcc></extensions></trkpt>
      <trkpt lon="-82.151078" lat="33.553281"><ele>98.509232</ele><time>2022-11-13T16:44:28Z</time><extensions><speed>1.505717</speed><course>225.265213</course><hAcc>1.678695</hAcc><vAcc>0.945864</vAcc></extensions></trkpt>
      <trkpt lon="-82.151089" lat="33.553269"><ele>98.507111</ele><time>2022-11-13T16:44:29Z</time><extensions><speed>1.502684</speed><course>227.535324</course><hAcc>1.668239</hAcc><vAcc>0.942135</vAcc></extensions></trkpt>
      <trkpt lon="-82.151101" lat="33.553259"><ele>98.508095</ele><time>2022-11-13T16:44:30Z</time><extensions><speed>1.409924</speed><course>228.572998</course><hAcc>1.655869</hAcc><vAcc>0.938630</vAcc></extensions></trkpt>
      <trkpt lon="-82.151112" lat="33.553249"><ele>98.511162</ele><time>2022-11-13T16:44:31Z</time><extensions><speed>1.465686</speed><course>228.641251</course><hAcc>1.609069</hAcc><vAcc>0.935351</vAcc></extensions></trkpt>
      <trkpt lon="-82.151123" lat="33.553239"><ele>98.513313</ele><time>2022-11-13T16:44:32Z</time><extensions><speed>1.383971</speed><course>229.935959</course><hAcc>1.591337</hAcc><vAcc>0.932323</vAcc></extensions></trkpt>
      <trkpt lon="-82.151134" lat="33.553229"><ele>98.516533</ele><time>2022-11-13T16:44:33Z</time><extensions><speed>1.480371</speed><course>230.094254</course><hAcc>1.542597</hAcc><vAcc>0.929540</vAcc></extensions></trkpt>
      <trkpt lon="-82.151146" lat="33.553219"><ele>98.519699</ele><time>2022-11-13T16:44:34Z</time><extensions><speed>1.487994</speed><course>230.396317</course><hAcc>1.519996</hAcc><vAcc>0.926999</vAcc></extensions></trkpt>
      <trkpt lon="-82.151157" lat="33.553209"><ele>98.523064</ele><time>2022-11-13T16:44:35Z</time><extensions><speed>1.413059</speed><course>229.694809</course><hAcc>1.515928</hAcc><vAcc>0.924681</vAcc></extensions></trkpt>
      <trkpt lon="-82.151169" lat="33.553199"><ele>98.528046</ele><time>2022-11-13T16:44:36Z</time><extensions><speed>1.514543</speed><course>228.824585</course><hAcc>1.477664</hAcc><vAcc>0.922607</vAcc></extensions></trkpt>
      <trkpt lon="-82.151180" lat="33.553190"><ele>98.534378</ele><time>2022-11-13T16:44:37Z</time><extensions><speed>1.442886</speed><course>227.440018</course><hAcc>1.479778</hAcc><vAcc>0.920779</vAcc></extensions></trkpt>
      <trkpt lon="-82.151192" lat="33.553180"><ele>98.539207</ele><time>2022-11-13T16:44:38Z</time><extensions><speed>1.569159</speed><course>227.316315</course><hAcc>1.446907</hAcc><vAcc>0.919172</vAcc></extensions></trkpt>
      <trkpt lon="-82.151204" lat="33.553170"><ele>98.545441</ele><time>2022-11-13T16:44:39Z</time><extensions><speed>1.606546</speed><course>227.379333</course><hAcc>1.432256</hAcc><vAcc>0.917778</vAcc></extensions></trkpt>
      <trkpt lon="-82.151216" lat="33.553160"><ele>98.553505</ele><time>2022-11-13T16:44:40Z</time><extensions><speed>1.502859</speed><course>225.179855</course><hAcc>1.446580</hAcc><vAcc>0.916563</vAcc></extensions></trkpt>
      <trkpt lon="-82.151227" lat="33.553149"><ele>98.560425</ele><time>2022-11-13T16:44:41Z</time><extensions><speed>1.556429</speed><course>224.629013</course><hAcc>1.427981</hAcc><vAcc>0.915542</vAcc></extensions></trkpt>
      <trkpt lon="-82.151238" lat="33.553139"><ele>98.564842</ele><time>2022-11-13T16:44:42Z</time><extensions><speed>1.501443</speed><course>223.554016</course><hAcc>1.434336</hAcc><vAcc>0.914702</vAcc></extensions></trkpt>
      <trkpt lon="-82.151249" lat="33.553128"><ele>98.566650</ele><time>2022-11-13T16:44:43Z</time><extensions><speed>1.578947</speed><course>223.459335</course><hAcc>1.414297</hAcc><vAcc>0.913989</vAcc></extensions></trkpt>
      <trkpt lon="-82.151260" lat="33.553117"><ele>98.564743</ele><time>2022-11-13T16:44:44Z</time><extensions><speed>1.583476</speed><course>223.725037</course><hAcc>1.424948</hAcc><vAcc>0.913387</vAcc></extensions></trkpt>
      <trkpt lon="-82.151271" lat="33.553107"><ele>98.564095</ele><time>2022-11-13T16:44:45Z</time><extensions><speed>1.522190</speed><course>225.146057</course><hAcc>1.453356</hAcc><vAcc>0.912873</vAcc></extensions></trkpt>
      <trkpt lon="-82.151282" lat="33.553097"><ele>98.561707</ele><time>2022-11-13T16:44:46Z</time><extensions><speed>1.552471</speed><course>223.051147</course><hAcc>1.440140</hAcc><vAcc>0.912430</vAcc></extensions></trkpt>
      <trkpt lon="-82.151293" lat="33.553086"><ele>98.560722</ele><time>2022-11-13T16:44:47Z</time><extensions><speed>1.534962</speed><course>226.258209</course><hAcc>1.473986</hAcc><vAcc>0.912055</vAcc></extensions></trkpt>
      <trkpt lon="-82.151304" lat="33.553077"><ele>98.561859</ele><time>2022-11-13T16:44:48Z</time><extensions><speed>1.520379</speed><course>225.997726</course><hAcc>1.499241</hAcc><vAcc>0.911717</vAcc></extensions></trkpt>
      <trkpt lon="-82.151316" lat="33.553067"><ele>98.564438</ele><time>2022-11-13T16:44:49Z</time><extensions><speed>1.496825</speed><course>227.258362</course><hAcc>1.489213</hAcc><vAcc>0.911432</vAcc></extensions></trkpt>
      <trkpt lon="-82.151327" lat="33.553058"><ele>98.566093</ele><time>2022-11-13T16:44:50Z</time><extensions><speed>1.467451</speed><course>227.768478</course><hAcc>1.505945</hAcc><vAcc>0.911184</vAcc></extensions></trkpt>
      <trkpt lon="-82.151338" lat="33.553049"><ele>98.564781</ele><time>2022-11-13T16:44:51Z</time><extensions><speed>1.434458</speed><course>227.640442</course><hAcc>1.487566</hAcc><vAcc>0.910991</vAcc></extensions></trkpt>
      <trkpt lon="-82.151348" lat="33.553040"><ele>98.559921</ele><time>2022-11-13T16:44:52Z</time><extensions><speed>1.429793</speed><course>221.604416</course><hAcc>1.501015</hAcc><vAcc>0.910828</vAcc></extensions></trkpt>
      <trkpt lon="-82.151358" lat="33.553031"><ele>98.555489</ele><time>2022-11-13T16:44:53Z</time><extensions><speed>1.462118</speed><course>227.325241</course><hAcc>1.567317</hAcc><vAcc>0.910653</vAcc></extensions></trkpt>
      <trkpt lon="-82.151369" lat="33.553022"><ele>98.552452</ele><time>2022-11-13T16:44:54Z</time><extensions><speed>1.412281</speed><course>227.377136</course><hAcc>1.551584</hAcc><vAcc>0.910472</vAcc></extensions></trkpt>
      <trkpt lon="-82.151380" lat="33.553013"><ele>98.550301</ele><time>2022-11-13T16:44:55Z</time><extensions><speed>1.424315</speed><course>227.807953</course><hAcc>1.560611</hAcc><vAcc>0.910292</vAcc></extensions></trkpt>
      <trkpt lon="-82.151391" lat="33.553005"><ele>98.550247</ele><time>2022-11-13T16:44:56Z</time><extensions><speed>1.356730</speed><course>228.038086</course><hAcc>1.537165</hAcc><vAcc>0.910104</vAcc></extensions></trkpt>
      <trkpt lon="-82.151401" lat="33.552997"><ele>98.551735</ele><time>2022-11-13T16:44:57Z</time><extensions><speed>1.326291</speed><course>228.140030</course><hAcc>1.542942</hAcc><vAcc>0.909932</vAcc></extensions></trkpt>
      <trkpt lon="-82.151412" lat="33.552989"><ele>98.553429</ele><time>2022-11-13T16:44:58Z</time><extensions><speed>1.381250</speed><course>228.290405</course><hAcc>1.565013</hAcc><vAcc>0.909757</vAcc></extensions></trkpt>
      <trkpt lon="-82.151422" lat="33.552981"><ele>98.559265</ele><time>2022-11-13T16:44:59Z</time><extensions><speed>1.316737</speed><course>228.790939</course><hAcc>1.546167</hAcc><vAcc>0.909573</vAcc></extensions></trkpt>
      <trkpt lon="-82.151433" lat="33.552973"><ele>98.567764</ele><time>2022-11-13T16:45:00Z</time><extensions><speed>1.344097</speed><course>228.216843</course><hAcc>1.554295</hAcc><vAcc>0.909379</vAcc></extensions></trkpt>
      <trkpt lon="-82.151443" lat="33.552965"><ele>98.576920</ele><time>2022-11-13T16:45:01Z</time><extensions><speed>1.284190</speed><course>228.379211</course><hAcc>1.530936</hAcc><vAcc>0.909157</vAcc></extensions></trkpt>
      <trkpt lon="-82.151453" lat="33.552958"><ele>98.587517</ele><time>2022-11-13T16:45:02Z</time><extensions><speed>1.295710</speed><course>228.615738</course><hAcc>1.545160</hAcc><vAcc>0.908904</vAcc></extensions></trkpt>
      <trkpt lon="-82.151464" lat="33.552950"><ele>98.599281</ele><time>2022-11-13T16:45:03Z</time><extensions><speed>1.335046</speed><course>225.932220</course><hAcc>1.560308</hAcc><vAcc>0.908640</vAcc></extensions></trkpt>
      <trkpt lon="-82.151474" lat="33.552941"><ele>98.613052</ele><time>2022-11-13T16:45:04Z</time><extensions><speed>1.285604</speed><course>225.613358</course><hAcc>1.537634</hAcc><vAcc>0.908377</vAcc></extensions></trkpt>
      <trkpt lon="-82.151483" lat="33.552933"><ele>98.631493</ele><time>2022-11-13T16:45:05Z</time><extensions><speed>1.288687</speed><course>224.821320</course><hAcc>1.545635</hAcc><vAcc>0.908121</vAcc></extensions></trkpt>
      <trkpt lon="-82.151493" lat="33.552925"><ele>98.652496</ele><time>2022-11-13T16:45:06Z</time><extensions><speed>1.322706</speed><course>224.434769</course><hAcc>1.561442</hAcc><vAcc>0.907873</vAcc></extensions></trkpt>
      <trkpt lon="-82.151503" lat="33.552917"><ele>98.676338</ele><time>2022-11-13T16:45:07Z</time><extensions><speed>1.298124</speed><course>224.021103</course><hAcc>1.539931</hAcc><vAcc>0.907652</vAcc></extensions></trkpt>
      <trkpt lon="-82.151513" lat="33.552909"><ele>98.700363</ele><time>2022-11-13T16:45:08Z</time><extensions><speed>1.340931</speed><course>224.731491</course><hAcc>1.582224</hAcc><vAcc>0.907461</vAcc></extensions></trkpt>
      <trkpt lon="-82.151524" lat="33.552901"><ele>98.723801</ele><time>2022-11-13T16:45:09Z</time><extensions><speed>1.315242</speed><course>225.274994</course><hAcc>1.565913</hAcc><vAcc>0.907302</vAcc></extensions></trkpt>
      <trkpt lon="-82.151534" lat="33.552893"><ele>98.738922</ele><time>2022-11-13T16:45:10Z</time><extensions><speed>1.308458</speed><course>227.105881</course><hAcc>1.566090</hAcc><vAcc>0.907174</vAcc></extensions></trkpt>
      <trkpt lon="-82.151545" lat="33.552885"><ele>98.748917</ele><time>2022-11-13T16:45:11Z</time><extensions><speed>1.344157</speed><course>226.335968</course><hAcc>1.611305</hAcc><vAcc>0.907092</vAcc></extensions></trkpt>
      <trkpt lon="-82.151556" lat="33.552877"><ele>98.756500</ele><time>2022-11-13T16:45:12Z</time><extensions><speed>1.330437</speed><course>226.720367</course><hAcc>1.590825</hAcc><vAcc>0.907133</vAcc></extensions></trkpt>
      <trkpt lon="-82.151567" lat="33.552869"><ele>98.761772</ele><time>2022-11-13T16:45:13Z</time><extensions><speed>1.355462</speed><course>226.146271</course><hAcc>1.600561</hAcc><vAcc>0.907307</vAcc></extensions></trkpt>
      <trkpt lon="-82.151578" lat="33.552860"><ele>98.764603</ele><time>2022-11-13T16:45:14Z</time><extensions><speed>1.358088</speed><course>226.650040</course><hAcc>1.573200</hAcc><vAcc>0.907670</vAcc></extensions></trkpt>
      <trkpt lon="-82.151590" lat="33.552852"><ele>98.767609</ele><time>2022-11-13T16:45:15Z</time><extensions><speed>1.361922</speed><course>229.871872</course><hAcc>1.574260</hAcc><vAcc>0.908228</vAcc></extensions></trkpt>
      <trkpt lon="-82.151601" lat="33.552844"><ele>98.771866</ele><time>2022-11-13T16:45:16Z</time><extensions><speed>1.362591</speed><course>226.572906</course><hAcc>1.624939</hAcc><vAcc>0.908984</vAcc></extensions></trkpt>
      <trkpt lon="-82.151612" lat="33.552835"><ele>98.775742</ele><time>2022-11-13T16:45:17Z</time><extensions><speed>1.360055</speed><course>226.381454</course><hAcc>1.604211</hAcc><vAcc>0.909934</vAcc></extensions></trkpt>
      <trkpt lon="-82.151623" lat="33.552827"><ele>98.778160</ele><time>2022-11-13T16:45:18Z</time><extensions><speed>1.341834</speed><course>226.425934</course><hAcc>1.612477</hAcc><vAcc>0.911061</vAcc></extensions></trkpt>
      <trkpt lon="-82.151634" lat="33.552818"><ele>98.777351</ele><time>2022-11-13T16:45:19Z</time><extensions><speed>1.407926</speed><course>226.603210</course><hAcc>1.589052</hAcc><vAcc>0.912325</vAcc></extensions></trkpt>
      <trkpt lon="-82.151645" lat="33.552809"><ele>98.777061</ele><time>2022-11-13T16:45:20Z</time><extensions><speed>1.450441</speed><course>226.793655</course><hAcc>1.594160</hAcc><vAcc>0.913736</vAcc></extensions></trkpt>
      <trkpt lon="-82.151657" lat="33.552800"><ele>98.775467</ele><time>2022-11-13T16:45:21Z</time><extensions><speed>1.428130</speed><course>226.354309</course><hAcc>1.593309</hAcc><vAcc>0.915245</vAcc></extensions></trkpt>
      <trkpt lon="-82.151669" lat="33.552790"><ele>98.770775</ele><time>2022-11-13T16:45:22Z</time><extensions><speed>1.513140</speed><course>227.685822</course><hAcc>1.540507</hAcc><vAcc>0.916845</vAcc></extensions></trkpt>
      <trkpt lon="-82.151681" lat="33.552781"><ele>98.766075</ele><time>2022-11-13T16:45:23Z</time><extensions><speed>1.537427</speed><course>227.005463</course><hAcc>1.548689</hAcc><vAcc>0.918515</vAcc></extensions></trkpt>
      <trkpt lon="-82.151693" lat="33.552771"><ele>98.759705</ele><time>2022-11-13T16:45:24Z</time><extensions><speed>1.476575</speed><course>224.954453</course><hAcc>1.585008</hAcc><vAcc>0.920156</vAcc></extensions></trkpt>
      <trkpt lon="-82.151705" lat="33.552761"><ele>98.753998</ele><time>2022-11-13T16:45:25Z</time><extensions><speed>1.549190</speed><course>224.322128</course><hAcc>1.545331</hAcc><vAcc>0.921706</vAcc></extensions></trkpt>
      <trkpt lon="-82.151717" lat="33.552752"><ele>98.752029</ele><time>2022-11-13T16:45:26Z</time><extensions><speed>1.512773</speed><course>223.895737</course><hAcc>1.533834</hAcc><vAcc>0.923092</vAcc></extensions></trkpt>
      <trkpt lon="-82.151729" lat="33.552742"><ele>98.752930</ele><time>2022-11-13T16:45:27Z</time><extensions><speed>1.560598</speed><course>223.368271</course><hAcc>1.491875</hAcc><vAcc>0.924263</vAcc></extensions></trkpt>
      <trkpt lon="-82.151741" lat="33.552732"><ele>98.753876</ele><time>2022-11-13T16:45:28Z</time><extensions><speed>1.561636</speed><course>223.136932</course><hAcc>1.469468</hAcc><vAcc>0.925187</vAcc></extensions></trkpt>
      <trkpt lon="-82.151753" lat="33.552723"><ele>98.754814</ele><time>2022-11-13T16:45:29Z</time><extensions><speed>1.520891</speed><course>223.341385</course><hAcc>1.464215</hAcc><vAcc>0.925804</vAcc></extensions></trkpt>
      <trkpt lon="-82.151764" lat="33.552713"><ele>98.753098</ele><time>2022-11-13T16:45:30Z</time><extensions><speed>1.546257</speed><course>223.626968</course><hAcc>1.428405</hAcc><vAcc>0.926107</vAcc></extensions></trkpt>
      <trkpt lon="-82.151776" lat="33.552703"><ele>98.748489</ele><time>2022-11-13T16:45:31Z</time><extensions><speed>1.533252</speed><course>222.919693</course><hAcc>1.423037</hAcc><vAcc>0.926085</vAcc></extensions></trkpt>
      <trkpt lon="-82.151787" lat="33.552693"><ele>98.742638</ele><time>2022-11-13T16:45:32Z</time><extensions><speed>1.550232</speed><course>222.811081</course><hAcc>1.386091</hAcc><vAcc>0.925771</vAcc></extensions></trkpt>
      <trkpt lon="-82.151799" lat="33.552683"><ele>98.740341</ele><time>2022-11-13T16:45:33Z</time><extensions><speed>1.540550</speed><course>222.774155</course><hAcc>1.372033</hAcc><vAcc>0.925178</vAcc></extensions></trkpt>
      <trkpt lon="-82.151810" lat="33.552673"><ele>98.741455</ele><time>2022-11-13T16:45:34Z</time><extensions><speed>1.517471</speed><course>223.239883</course><hAcc>1.382546</hAcc><vAcc>0.924347</vAcc></extensions></trkpt>
      <trkpt lon="-82.151822" lat="33.552664"><ele>98.744560</ele><time>2022-11-13T16:45:35Z</time><extensions><speed>1.506680</speed><course>224.034973</course><hAcc>1.358251</hAcc><vAcc>0.923323</vAcc></extensions></trkpt>
      <trkpt lon="-82.151834" lat="33.552655"><ele>98.749794</ele><time>2022-11-13T16:45:36Z</time><extensions><speed>1.512455</speed><course>224.688721</course><hAcc>1.364858</hAcc><vAcc>0.922134</vAcc></extensions></trkpt>
      <trkpt lon="-82.151845" lat="33.552646"><ele>98.756119</ele><time>2022-11-13T16:45:37Z</time><extensions><speed>1.482580</speed><course>225.003143</course><hAcc>1.334167</hAcc><vAcc>0.920819</vAcc></extensions></trkpt>
      <trkpt lon="-82.151857" lat="33.552637"><ele>98.759712</ele><time>2022-11-13T16:45:38Z</time><extensions><speed>1.462928</speed><course>229.067993</course><hAcc>1.314441</hAcc><vAcc>0.919421</vAcc></extensions></trkpt>
      <trkpt lon="-82.151869" lat="33.552628"><ele>98.761688</ele><time>2022-11-13T16:45:39Z</time><extensions><speed>1.478792</speed><course>224.074600</course><hAcc>1.370090</hAcc><vAcc>0.917980</vAcc></extensions></trkpt>
      <trkpt lon="-82.151879" lat="33.552619"><ele>98.763016</ele><time>2022-11-13T16:45:40Z</time><extensions><speed>1.445138</speed><course>223.345413</course><hAcc>1.340026</hAcc><vAcc>0.916536</vAcc></extensions></trkpt>
      <trkpt lon="-82.151890" lat="33.552610"><ele>98.762184</ele><time>2022-11-13T16:45:41Z</time><extensions><speed>1.446976</speed><course>223.525146</course><hAcc>1.331921</hAcc><vAcc>0.915119</vAcc></extensions></trkpt>
      <trkpt lon="-82.151901" lat="33.552601"><ele>98.759972</ele><time>2022-11-13T16:45:42Z</time><extensions><speed>1.477686</speed><course>222.804596</course><hAcc>1.340878</hAcc><vAcc>0.913775</vAcc></extensions></trkpt>
      <trkpt lon="-82.151912" lat="33.552591"><ele>98.757240</ele><time>2022-11-13T16:45:43Z</time><extensions><speed>1.436828</speed><course>223.151321</course><hAcc>1.315688</hAcc><vAcc>0.912531</vAcc></extensions></trkpt>
      <trkpt lon="-82.151923" lat="33.552582"><ele>98.754082</ele><time>2022-11-13T16:45:44Z</time><extensions><speed>1.472390</speed><course>223.614227</course><hAcc>1.323309</hAcc><vAcc>0.911391</vAcc></extensions></trkpt>
      <trkpt lon="-82.151934" lat="33.552572"><ele>98.748192</ele><time>2022-11-13T16:45:45Z</time><extensions><speed>1.414795</speed><course>224.440765</course><hAcc>1.297756</hAcc><vAcc>0.910368</vAcc></extensions></trkpt>
      <trkpt lon="-82.151945" lat="33.552564"><ele>98.741547</ele><time>2022-11-13T16:45:46Z</time><extensions><speed>1.409585</speed><course>227.181793</course><hAcc>1.286997</hAcc><vAcc>0.909506</vAcc></extensions></trkpt>
      <trkpt lon="-82.151956" lat="33.552555"><ele>98.739311</ele><time>2022-11-13T16:45:47Z</time><extensions><speed>1.417335</speed><course>225.090042</course><hAcc>1.320218</hAcc><vAcc>0.908798</vAcc></extensions></trkpt>
      <trkpt lon="-82.151967" lat="33.552546"><ele>98.734642</ele><time>2022-11-13T16:45:48Z</time><extensions><speed>1.395614</speed><course>224.957642</course><hAcc>1.299640</hAcc><vAcc>0.908237</vAcc></extensions></trkpt>
      <trkpt lon="-82.151978" lat="33.552537"><ele>98.729897</ele><time>2022-11-13T16:45:49Z</time><extensions><speed>1.398596</speed><course>225.259872</course><hAcc>1.305908</hAcc><vAcc>0.907798</vAcc></extensions></trkpt>
      <trkpt lon="-82.151989" lat="33.552529"><ele>98.727760</ele><time>2022-11-13T16:45:50Z</time><extensions><speed>1.388551</speed><course>224.491760</course><hAcc>1.278425</hAcc><vAcc>0.907468</vAcc></extensions></trkpt>
      <trkpt lon="-82.152000" lat="33.552520"><ele>98.725388</ele><time>2022-11-13T16:45:51Z</time><extensions><speed>1.392316</speed><course>224.075317</course><hAcc>1.282999</hAcc><vAcc>0.907239</vAcc></extensions></trkpt>
      <trkpt lon="-82.152010" lat="33.552512"><ele>98.722404</ele><time>2022-11-13T16:45:52Z</time><extensions><speed>1.396532</speed><course>224.415939</course><hAcc>1.300804</hAcc><vAcc>0.907100</vAcc></extensions></trkpt>
      <trkpt lon="-82.152021" lat="33.552503"><ele>98.719673</ele><time>2022-11-13T16:45:53Z</time><extensions><speed>1.419765</speed><course>224.858917</course><hAcc>1.273880</hAcc><vAcc>0.907038</vAcc></extensions></trkpt>
      <trkpt lon="-82.152032" lat="33.552494"><ele>98.712227</ele><time>2022-11-13T16:45:54Z</time><extensions><speed>1.431884</speed><course>225.316498</course><hAcc>1.271568</hAcc><vAcc>0.907025</vAcc></extensions></trkpt>
      <trkpt lon="-82.152043" lat="33.552486"><ele>98.703972</ele><time>2022-11-13T16:45:55Z</time><extensions><speed>1.458349</speed><course>224.745972</course><hAcc>1.288406</hAcc><vAcc>0.907068</vAcc></extensions></trkpt>
      <trkpt lon="-82.152054" lat="33.552477"><ele>98.695290</ele><time>2022-11-13T16:45:56Z</time><extensions><speed>1.444645</speed><course>224.689026</course><hAcc>1.266014</hAcc><vAcc>0.907140</vAcc></extensions></trkpt>
      <trkpt lon="-82.152065" lat="33.552468"><ele>98.687195</ele><time>2022-11-13T16:45:57Z</time><extensions><speed>1.469360</speed><course>225.031342</course><hAcc>1.283687</hAcc><vAcc>0.907219</vAcc></extensions></trkpt>
      <trkpt lon="-82.152076" lat="33.552459"><ele>98.678665</ele><time>2022-11-13T16:45:58Z</time><extensions><speed>1.420829</speed><course>225.591812</course><hAcc>1.269426</hAcc><vAcc>0.907330</vAcc></extensions></trkpt>
      <trkpt lon="-82.152087" lat="33.552450"><ele>98.670273</ele><time>2022-11-13T16:45:59Z</time><extensions><speed>1.404594</speed><course>225.548920</course><hAcc>1.280807</hAcc><vAcc>0.907481</vAcc></extensions></trkpt>
      <trkpt lon="-82.152098" lat="33.552442"><ele>98.661972</ele><time>2022-11-13T16:46:00Z</time><extensions><speed>1.391174</speed><course>225.760239</course><hAcc>1.299787</hAcc><vAcc>0.907654</vAcc></extensions></trkpt>
      <trkpt lon="-82.152109" lat="33.552434"><ele>98.652039</ele><time>2022-11-13T16:46:01Z</time><extensions><speed>1.348053</speed><course>225.589783</course><hAcc>1.281953</hAcc><vAcc>0.907847</vAcc></extensions></trkpt>
      <trkpt lon="-82.152120" lat="33.552426"><ele>98.642883</ele><time>2022-11-13T16:46:02Z</time><extensions><speed>1.373366</speed><course>224.770874</course><hAcc>1.290042</hAcc><vAcc>0.908057</vAcc></extensions></trkpt>
      <trkpt lon="-82.152130" lat="33.552418"><ele>98.637527</ele><time>2022-11-13T16:46:03Z</time><extensions><speed>1.292449</speed><course>224.945969</course><hAcc>1.268963</hAcc><vAcc>0.908266</vAcc></extensions></trkpt>
      <trkpt lon="-82.152141" lat="33.552411"><ele>98.636894</ele><time>2022-11-13T16:46:04Z</time><extensions><speed>1.291562</speed><course>225.363739</course><hAcc>1.282739</hAcc><vAcc>0.908466</vAcc></extensions></trkpt>
      <trkpt lon="-82.152151" lat="33.552403"><ele>98.638519</ele><time>2022-11-13T16:46:05Z</time><extensions><speed>1.329379</speed><course>225.805542</course><hAcc>1.298828</hAcc><vAcc>0.908648</vAcc></extensions></trkpt>
      <trkpt lon="-82.152162" lat="33.552396"><ele>98.644341</ele><time>2022-11-13T16:46:06Z</time><extensions><speed>1.295027</speed><course>226.259903</course><hAcc>1.283582</hAcc><vAcc>0.908796</vAcc></extensions></trkpt>
      <trkpt lon="-82.152174" lat="33.552389"><ele>98.651497</ele><time>2022-11-13T16:46:07Z</time><extensions><speed>1.332012</speed><course>227.253021</course><hAcc>1.296864</hAcc><vAcc>0.908893</vAcc></extensions></trkpt>
      <trkpt lon="-82.152185" lat="33.552382"><ele>98.658684</ele><time>2022-11-13T16:46:08Z</time><extensions><speed>1.293629</speed><course>227.344727</course><hAcc>1.276470</hAcc><vAcc>0.908962</vAcc></extensions></trkpt>
      <trkpt lon="-82.152196" lat="33.552375"><ele>98.665703</ele><time>2022-11-13T16:46:09Z</time><extensions><speed>1.291287</speed><course>228.033737</course><hAcc>1.280786</hAcc><vAcc>0.909013</vAcc></extensions></trkpt>
      <trkpt lon="-82.152207" lat="33.552368"><ele>98.671425</ele><time>2022-11-13T16:46:10Z</time><extensions><speed>1.353442</speed><course>228.069244</course><hAcc>1.300070</hAcc><vAcc>0.909011</vAcc></extensions></trkpt>
      <trkpt lon="-82.152218" lat="33.552361"><ele>98.678253</ele><time>2022-11-13T16:46:11Z</time><extensions><speed>1.300313</speed><course>228.545792</course><hAcc>1.272539</hAcc><vAcc>0.908937</vAcc></extensions></trkpt>
      <trkpt lon="-82.152228" lat="33.552354"><ele>98.685425</ele><time>2022-11-13T16:46:12Z</time><extensions><speed>1.292824</speed><course>229.171997</course><hAcc>1.269145</hAcc><vAcc>0.908786</vAcc></extensions></trkpt>
      <trkpt lon="-82.152239" lat="33.552347"><ele>98.694901</ele><time>2022-11-13T16:46:13Z</time><extensions><speed>1.340144</speed><course>228.873596</course><hAcc>1.290422</hAcc><vAcc>0.908557</vAcc></extensions></trkpt>
      <trkpt lon="-82.152250" lat="33.552339"><ele>98.701584</ele><time>2022-11-13T16:46:14Z</time><extensions><speed>1.308006</speed><course>228.862030</course><hAcc>1.278008</hAcc><vAcc>0.908237</vAcc></extensions></trkpt>
      <trkpt lon="-82.152261" lat="33.552332"><ele>98.704910</ele><time>2022-11-13T16:46:15Z</time><extensions><speed>1.380260</speed><course>229.739395</course><hAcc>1.293253</hAcc><vAcc>0.907864</vAcc></extensions></trkpt>
      <trkpt lon="-82.152273" lat="33.552324"><ele>98.702965</ele><time>2022-11-13T16:46:16Z</time><extensions><speed>1.337830</speed><course>230.933533</course><hAcc>1.280037</hAcc><vAcc>0.907436</vAcc></extensions></trkpt>
      <trkpt lon="-82.152284" lat="33.552317"><ele>98.696854</ele><time>2022-11-13T16:46:17Z</time><extensions><speed>1.328491</speed><course>231.313538</course><hAcc>1.285044</hAcc><vAcc>0.906981</vAcc></extensions></trkpt>
      <trkpt lon="-82.152296" lat="33.552310"><ele>98.692078</ele><time>2022-11-13T16:46:18Z</time><extensions><speed>1.376460</speed><course>230.917084</course><hAcc>1.301317</hAcc><vAcc>0.906514</vAcc></extensions></trkpt>
      <trkpt lon="-82.152307" lat="33.552303"><ele>98.689850</ele><time>2022-11-13T16:46:19Z</time><extensions><speed>1.283392</speed><course>233.288834</course><hAcc>1.280920</hAcc><vAcc>0.906020</vAcc></extensions></trkpt>
      <trkpt lon="-82.152318" lat="33.552296"><ele>98.687393</ele><time>2022-11-13T16:46:20Z</time><extensions><speed>1.290072</speed><course>230.186584</course><hAcc>1.308479</hAcc><vAcc>0.905513</vAcc></extensions></trkpt>
      <trkpt lon="-82.152329" lat="33.552289"><ele>98.692207</ele><time>2022-11-13T16:46:21Z</time><extensions><speed>1.242382</speed><course>229.556091</course><hAcc>1.288251</hAcc><vAcc>0.905013</vAcc></extensions></trkpt>
      <trkpt lon="-82.152339" lat="33.552281"><ele>98.697525</ele><time>2022-11-13T16:46:22Z</time><extensions><speed>1.237683</speed><course>228.491608</course><hAcc>1.297519</hAcc><vAcc>0.904527</vAcc></extensions></trkpt>
      <trkpt lon="-82.152349" lat="33.552273"><ele>98.701813</ele><time>2022-11-13T16:46:23Z</time><extensions><speed>1.277990</speed><course>228.347336</course><hAcc>1.319009</hAcc><vAcc>0.904059</vAcc></extensions></trkpt>
      <trkpt lon="-82.152359" lat="33.552266"><ele>98.709618</ele><time>2022-11-13T16:46:24Z</time><extensions><speed>1.275057</speed><course>227.936447</course><hAcc>1.299194</hAcc><vAcc>0.903596</vAcc></extensions></trkpt>
      <trkpt lon="-82.152369" lat="33.552258"><ele>98.722221</ele><time>2022-11-13T16:46:25Z</time><extensions><speed>1.313245</speed><course>227.031891</course><hAcc>1.315977</hAcc><vAcc>0.903185</vAcc></extensions></trkpt>
      <trkpt lon="-82.152379" lat="33.552250"><ele>98.735260</ele><time>2022-11-13T16:46:26Z</time><extensions><speed>1.325874</speed><course>227.458054</course><hAcc>1.288853</hAcc><vAcc>0.902861</vAcc></extensions></trkpt>
      <trkpt lon="-82.152390" lat="33.552242"><ele>98.749565</ele><time>2022-11-13T16:46:27Z</time><extensions><speed>1.322834</speed><course>228.103180</course><hAcc>1.285767</hAcc><vAcc>0.902638</vAcc></extensions></trkpt>
      <trkpt lon="-82.152400" lat="33.552234"><ele>98.763718</ele><time>2022-11-13T16:46:28Z</time><extensions><speed>1.336622</speed><course>227.677948</course><hAcc>1.302456</hAcc><vAcc>0.902533</vAcc></extensions></trkpt>
      <trkpt lon="-82.152411" lat="33.552225"><ele>98.778786</ele><time>2022-11-13T16:46:29Z</time><extensions><speed>1.336432</speed><course>226.204391</course><hAcc>1.275946</hAcc><vAcc>0.902550</vAcc></extensions></trkpt>
      <trkpt lon="-82.152421" lat="33.552217"><ele>98.796585</ele><time>2022-11-13T16:46:30Z</time><extensions><speed>1.340973</speed><course>225.940140</course><hAcc>1.267919</hAcc><vAcc>0.902694</vAcc></extensions></trkpt>
      <trkpt lon="-82.152431" lat="33.552208"><ele>98.816589</ele><time>2022-11-13T16:46:31Z</time><extensions><speed>1.363477</speed><course>223.950684</course><hAcc>1.284576</hAcc><vAcc>0.902953</vAcc></extensions></trkpt>
      <trkpt lon="-82.152442" lat="33.552200"><ele>98.745461</ele><time>2022-11-13T16:46:32Z</time><extensions><speed>1.333470</speed><course>225.120132</course><hAcc>1.273714</hAcc><vAcc>0.902534</vAcc></extensions></trkpt>
      <trkpt lon="-82.152453" lat="33.552192"><ele>98.647682</ele><time>2022-11-13T16:46:33Z</time><extensions><speed>1.306505</speed><course>224.618011</course><hAcc>1.294901</hAcc><vAcc>0.902283</vAcc></extensions></trkpt>
      <trkpt lon="-82.152464" lat="33.552183"><ele>98.472420</ele><time>2022-11-13T16:46:34Z</time><extensions><speed>1.296230</speed><course>224.933334</course><hAcc>1.283743</hAcc><vAcc>0.902236</vAcc></extensions></trkpt>
      <trkpt lon="-82.152474" lat="33.552176"><ele>98.291779</ele><time>2022-11-13T16:46:35Z</time><extensions><speed>1.233320</speed><course>226.317856</course><hAcc>1.300118</hAcc><vAcc>0.902420</vAcc></extensions></trkpt>
      <trkpt lon="-82.152485" lat="33.552168"><ele>98.087082</ele><time>2022-11-13T16:46:36Z</time><extensions><speed>1.201035</speed><course>224.973892</course><hAcc>1.330424</hAcc><vAcc>0.902891</vAcc></extensions></trkpt>
      <trkpt lon="-82.152494" lat="33.552160"><ele>97.867790</ele><time>2022-11-13T16:46:37Z</time><extensions><speed>1.234744</speed><course>224.521439</course><hAcc>1.327342</hAcc><vAcc>0.903684</vAcc></extensions></trkpt>
      <trkpt lon="-82.152504" lat="33.552152"><ele>97.614433</ele><time>2022-11-13T16:46:38Z</time><extensions><speed>1.230193</speed><course>224.007782</course><hAcc>1.355362</hAcc><vAcc>0.904854</vAcc></extensions></trkpt>
      <trkpt lon="-82.152515" lat="33.552144"><ele>97.378540</ele><time>2022-11-13T16:46:39Z</time><extensions><speed>1.313332</speed><course>226.019409</course><hAcc>1.358025</hAcc><vAcc>0.906445</vAcc></extensions></trkpt>
      <trkpt lon="-82.152525" lat="33.552136"><ele>97.148117</ele><time>2022-11-13T16:46:40Z</time><extensions><speed>1.304580</speed><course>224.372635</course><hAcc>1.401741</hAcc><vAcc>0.908487</vAcc></extensions></trkpt>
      <trkpt lon="-82.152536" lat="33.552128"><ele>96.939087</ele><time>2022-11-13T16:46:41Z</time><extensions><speed>1.259964</speed><course>224.076981</course><hAcc>1.440183</hAcc><vAcc>0.910955</vAcc></extensions></trkpt>
      <trkpt lon="-82.152537" lat="33.552127"><ele>96.927109</ele><time>2022-11-13T16:46:41Z</time><extensions><speed>1.264085</speed><course>224.301849</course><hAcc>1.435938</hAcc><vAcc>0.901167</vAcc></extensions></trkpt>
      <trkpt lon="-82.152548" lat="33.552119"><ele>96.645157</ele><time>2022-11-13T16:46:42Z</time><extensions><speed>1.505055</speed><course>225.824860</course><hAcc>1.453491</hAcc><vAcc>0.905070</vAcc></extensions></trkpt>
      <trkpt lon="-82.152561" lat="33.552109"><ele>96.374794</ele><time>2022-11-13T16:46:43Z</time><extensions><speed>1.661274</speed><course>227.671082</course><hAcc>1.605721</hAcc><vAcc>0.909250</vAcc></extensions></trkpt>
      <trkpt lon="-82.152575" lat="33.552099"><ele>96.131371</ele><time>2022-11-13T16:46:44Z</time><extensions><speed>1.674772</speed><course>229.747147</course><hAcc>1.810735</hAcc><vAcc>0.913500</vAcc></extensions></trkpt>
      <trkpt lon="-82.152590" lat="33.552091"><ele>95.905342</ele><time>2022-11-13T16:46:45Z</time><extensions><speed>1.625075</speed><course>239.932999</course><hAcc>1.965606</hAcc><vAcc>0.917821</vAcc></extensions></trkpt>
      <trkpt lon="-82.152607" lat="33.552085"><ele>95.719543</ele><time>2022-11-13T16:46:46Z</time><extensions><speed>1.663742</speed><course>246.717880</course><hAcc>2.097412</hAcc><vAcc>0.921796</vAcc></extensions></trkpt>
      <trkpt lon="-82.152624" lat="33.552080"><ele>95.508545</ele><time>2022-11-13T16:46:47Z</time><extensions><speed>1.692105</speed><course>249.053757</course><hAcc>2.193509</hAcc><vAcc>0.925498</vAcc></extensions></trkpt>
      <trkpt lon="-82.152641" lat="33.552075"><ele>95.299553</ele><time>2022-11-13T16:46:48Z</time><extensions><speed>1.597575</speed><course>240.958618</course><hAcc>2.279282</hAcc><vAcc>0.928751</vAcc></extensions></trkpt>
      <trkpt lon="-82.152657" lat="33.552068"><ele>95.112923</ele><time>2022-11-13T16:46:49Z</time><extensions><speed>1.630946</speed><course>242.825104</course><hAcc>2.314645</hAcc><vAcc>0.931609</vAcc></extensions></trkpt>
      <trkpt lon="-82.152674" lat="33.552062"><ele>94.943764</ele><time>2022-11-13T16:46:50Z</time><extensions><speed>1.657098</speed><course>246.120438</course><hAcc>2.352442</hAcc><vAcc>0.934026</vAcc></extensions></trkpt>
      <trkpt lon="-82.152691" lat="33.552057"><ele>94.799675</ele><time>2022-11-13T16:46:51Z</time><extensions><speed>1.633482</speed><course>249.465973</course><hAcc>2.406391</hAcc><vAcc>0.936026</vAcc></extensions></trkpt>
      <trkpt lon="-82.152709" lat="33.552053"><ele>94.674408</ele><time>2022-11-13T16:46:52Z</time><extensions><speed>1.633102</speed><course>258.166077</course><hAcc>2.442654</hAcc><vAcc>0.937828</vAcc></extensions></trkpt>
      <trkpt lon="-82.152727" lat="33.552051"><ele>94.544670</ele><time>2022-11-13T16:46:53Z</time><extensions><speed>1.628474</speed><course>265.016205</course><hAcc>2.446327</hAcc><vAcc>0.944929</vAcc></extensions></trkpt>
      <trkpt lon="-82.152743" lat="33.552049"><ele>94.435287</ele><time>2022-11-13T16:46:54Z</time><extensions><speed>1.324746</speed><course>258.477936</course><hAcc>2.474688</hAcc><vAcc>0.953895</vAcc></extensions></trkpt>
      <trkpt lon="-82.152756" lat="33.552046"><ele>94.350929</ele><time>2022-11-13T16:46:55Z</time><extensions><speed>1.083106</speed><course>251.339661</course><hAcc>2.521751</hAcc><vAcc>0.956529</vAcc></extensions></trkpt>
      <trkpt lon="-82.152766" lat="33.552043"><ele>94.303169</ele><time>2022-11-13T16:46:56Z</time><extensions><speed>0.948930</speed><course>260.832642</course><hAcc>2.538670</hAcc><vAcc>0.959207</vAcc></extensions></trkpt>
      <trkpt lon="-82.152777" lat="33.552043"><ele>94.245544</ele><time>2022-11-13T16:46:57Z</time><extensions><speed>1.027576</speed><course>279.685516</course><hAcc>2.556359</hAcc><vAcc>0.961882</vAcc></extensions></trkpt>
      <trkpt lon="-82.152790" lat="33.552045"><ele>94.216606</ele><time>2022-11-13T16:46:58Z</time><extensions><speed>1.462896</speed><course>281.074127</course><hAcc>2.553946</hAcc><vAcc>0.964506</vAcc></extensions></trkpt>
      <trkpt lon="-82.152806" lat="33.552046"><ele>94.182800</ele><time>2022-11-13T16:46:59Z</time><extensions><speed>1.478325</speed><course>273.864655</course><hAcc>2.563547</hAcc><vAcc>0.974626</vAcc></extensions></trkpt>
      <trkpt lon="-82.152822" lat="33.552045"><ele>94.148186</ele><time>2022-11-13T16:47:00Z</time><extensions><speed>1.451996</speed><course>261.785004</course><hAcc>2.563130</hAcc><vAcc>0.986394</vAcc></extensions></trkpt>
      <trkpt lon="-82.152836" lat="33.552042"><ele>94.139771</ele><time>2022-11-13T16:47:01Z</time><extensions><speed>1.382028</speed><course>248.569107</course><hAcc>2.577679</hAcc><vAcc>0.999875</vAcc></extensions></trkpt>
      <trkpt lon="-82.152849" lat="33.552036"><ele>94.133812</ele><time>2022-11-13T16:47:02Z</time><extensions><speed>1.306961</speed><course>237.841125</course><hAcc>2.599803</hAcc><vAcc>1.014915</vAcc></extensions></trkpt>
      <trkpt lon="-82.152860" lat="33.552029"><ele>94.159195</ele><time>2022-11-13T16:47:03Z</time><extensions><speed>1.187753</speed><course>230.909515</course><hAcc>2.615425</hAcc><vAcc>1.031338</vAcc></extensions></trkpt>
      <trkpt lon="-82.152869" lat="33.552022"><ele>94.196899</ele><time>2022-11-13T16:47:04Z</time><extensions><speed>0.988340</speed><course>228.977173</course><hAcc>2.629106</hAcc><vAcc>1.048638</vAcc></extensions></trkpt>
      <trkpt lon="-82.152877" lat="33.552016"><ele>94.289383</ele><time>2022-11-13T16:47:05Z</time><extensions><speed>0.978658</speed><course>229.976013</course><hAcc>2.632016</hAcc><vAcc>1.050387</vAcc></extensions></trkpt>
      <trkpt lon="-82.152885" lat="33.552011"><ele>94.399651</ele><time>2022-11-13T16:47:06Z</time><extensions><speed>0.954551</speed><course>233.941498</course><hAcc>2.646624</hAcc><vAcc>1.052529</vAcc></extensions></trkpt>
      <trkpt lon="-82.152893" lat="33.552006"><ele>94.414375</ele><time>2022-11-13T16:47:07Z</time><extensions><speed>0.954871</speed><course>239.237915</course><hAcc>2.651036</hAcc><vAcc>1.067353</vAcc></extensions></trkpt>
      <trkpt lon="-82.152902" lat="33.552002"><ele>94.454323</ele><time>2022-11-13T16:47:08Z</time><extensions><speed>0.994367</speed><course>244.917480</course><hAcc>2.653699</hAcc><vAcc>1.082848</vAcc></extensions></trkpt>
      <trkpt lon="-82.152912" lat="33.551999"><ele>94.512352</ele><time>2022-11-13T16:47:09Z</time><extensions><speed>1.046909</speed><course>247.565948</course><hAcc>2.664393</hAcc><vAcc>1.098636</vAcc></extensions></trkpt>
      <trkpt lon="-82.152923" lat="33.551996"><ele>94.529160</ele><time>2022-11-13T16:47:10Z</time><extensions><speed>1.014163</speed><course>251.507111</course><hAcc>2.674221</hAcc><vAcc>1.097966</vAcc></extensions></trkpt>
      <trkpt lon="-82.152932" lat="33.551994"><ele>94.602043</ele><time>2022-11-13T16:47:11Z</time><extensions><speed>0.873257</speed><course>259.509155</course><hAcc>2.667509</hAcc><vAcc>1.096575</vAcc></extensions></trkpt>
      <trkpt lon="-82.152940" lat="33.551994"><ele>94.722664</ele><time>2022-11-13T16:47:12Z</time><extensions><speed>0.680405</speed><course>292.360443</course><hAcc>2.658223</hAcc><vAcc>1.093804</vAcc></extensions></trkpt>
      <trkpt lon="-82.152946" lat="33.552000"><ele>94.757774</ele><time>2022-11-13T16:47:13Z</time><extensions><speed>0.987638</speed><course>336.596802</course><hAcc>2.657688</hAcc><vAcc>1.089390</vAcc></extensions></trkpt>
      <trkpt lon="-82.152947" lat="33.552010"><ele>94.812462</ele><time>2022-11-13T16:47:14Z</time><extensions><speed>1.249461</speed><course>3.029727</course><hAcc>2.638114</hAcc><vAcc>1.083275</vAcc></extensions></trkpt>
      <trkpt lon="-82.152945" lat="33.552022"><ele>94.859253</ele><time>2022-11-13T16:47:15Z</time><extensions><speed>1.437044</speed><course>11.683972</course><hAcc>2.630565</hAcc><vAcc>1.075656</vAcc></extensions></trkpt>
      <trkpt lon="-82.152942" lat="33.552035"><ele>94.868507</ele><time>2022-11-13T16:47:16Z</time><extensions><speed>1.510148</speed><course>13.591187</course><hAcc>2.641356</hAcc><vAcc>1.066816</vAcc></extensions></trkpt>
      <trkpt lon="-82.152937" lat="33.552048"><ele>94.849144</ele><time>2022-11-13T16:47:17Z</time><extensions><speed>1.497233</speed><course>17.654022</course><hAcc>2.664773</hAcc><vAcc>1.056895</vAcc></extensions></trkpt>
      <trkpt lon="-82.152931" lat="33.552060"><ele>94.812752</ele><time>2022-11-13T16:47:18Z</time><extensions><speed>1.428665</speed><course>28.054922</course><hAcc>2.647043</hAcc><vAcc>1.046067</vAcc></extensions></trkpt>
      <trkpt lon="-82.152922" lat="33.552071"><ele>94.711197</ele><time>2022-11-13T16:47:19Z</time><extensions><speed>1.401592</speed><course>40.176708</course><hAcc>2.638934</hAcc><vAcc>1.034418</vAcc></extensions></trkpt>
      <trkpt lon="-82.152912" lat="33.552080"><ele>94.628403</ele><time>2022-11-13T16:47:20Z</time><extensions><speed>1.360677</speed><course>46.758358</course><hAcc>2.643024</hAcc><vAcc>1.022302</vAcc></extensions></trkpt>
      <trkpt lon="-82.152901" lat="33.552088"><ele>94.524582</ele><time>2022-11-13T16:47:21Z</time><extensions><speed>1.259160</speed><course>51.387180</course><hAcc>2.654592</hAcc><vAcc>1.010337</vAcc></extensions></trkpt>
      <trkpt lon="-82.152892" lat="33.552095"><ele>94.396683</ele><time>2022-11-13T16:47:22Z</time><extensions><speed>0.969409</speed><course>53.810593</course><hAcc>2.658715</hAcc><vAcc>0.999015</vAcc></extensions></trkpt>
      <trkpt lon="-82.152883" lat="33.552100"><ele>94.245445</ele><time>2022-11-13T16:47:23Z</time><extensions><speed>1.009857</speed><course>57.795399</course><hAcc>2.636119</hAcc><vAcc>0.988667</vAcc></extensions></trkpt>
      <trkpt lon="-82.152873" lat="33.552105"><ele>94.123009</ele><time>2022-11-13T16:47:24Z</time><extensions><speed>1.137817</speed><course>64.960068</course><hAcc>2.617969</hAcc><vAcc>0.979486</vAcc></extensions></trkpt>
      <trkpt lon="-82.152860" lat="33.552109"><ele>94.015854</ele><time>2022-11-13T16:47:25Z</time><extensions><speed>1.378561</speed><course>71.921745</course><hAcc>2.627926</hAcc><vAcc>0.971587</vAcc></extensions></trkpt>
      <trkpt lon="-82.152844" lat="33.552112"><ele>93.905769</ele><time>2022-11-13T16:47:26Z</time><extensions><speed>1.601480</speed><course>79.079292</course><hAcc>2.666033</hAcc><vAcc>0.964961</vAcc></extensions></trkpt>
      <trkpt lon="-82.152827" lat="33.552114"><ele>93.792801</ele><time>2022-11-13T16:47:27Z</time><extensions><speed>1.645608</speed><course>81.901047</course><hAcc>2.693054</hAcc><vAcc>0.959547</vAcc></extensions></trkpt>
      <trkpt lon="-82.152810" lat="33.552116"><ele>93.695763</ele><time>2022-11-13T16:47:28Z</time><extensions><speed>1.500533</speed><course>78.302696</course><hAcc>2.688916</hAcc><vAcc>0.955253</vAcc></extensions></trkpt>
      <trkpt lon="-82.152796" lat="33.552119"><ele>93.604881</ele><time>2022-11-13T16:47:29Z</time><extensions><speed>1.303039</speed><course>67.583038</course><hAcc>2.662677</hAcc><vAcc>0.951838</vAcc></extensions></trkpt>
      <trkpt lon="-82.152785" lat="33.552124"><ele>93.508850</ele><time>2022-11-13T16:47:30Z</time><extensions><speed>1.054760</speed><course>58.738312</course><hAcc>2.638206</hAcc><vAcc>0.949261</vAcc></extensions></trkpt>
      <trkpt lon="-82.152775" lat="33.552129"><ele>93.458588</ele><time>2022-11-13T16:47:31Z</time><extensions><speed>1.070824</speed><course>55.157574</course><hAcc>2.616299</hAcc><vAcc>0.947304</vAcc></extensions></trkpt>
      <trkpt lon="-82.152764" lat="33.552135"><ele>93.381996</ele><time>2022-11-13T16:47:32Z</time><extensions><speed>1.380486</speed><course>56.900322</course><hAcc>2.602768</hAcc><vAcc>0.945844</vAcc></extensions></trkpt>
      <trkpt lon="-82.152751" lat="33.552142"><ele>93.344231</ele><time>2022-11-13T16:47:33Z</time><extensions><speed>1.507875</speed><course>60.805107</course><hAcc>2.607256</hAcc><vAcc>0.944803</vAcc></extensions></trkpt>
      <trkpt lon="-82.152737" lat="33.552149"><ele>93.294662</ele><time>2022-11-13T16:47:34Z</time><extensions><speed>1.521116</speed><course>62.070606</course><hAcc>2.615874</hAcc><vAcc>0.949804</vAcc></extensions></trkpt>
      <trkpt lon="-82.152723" lat="33.552155"><ele>93.243370</ele><time>2022-11-13T16:47:35Z</time><extensions><speed>1.407927</speed><course>63.938229</course><hAcc>2.616051</hAcc><vAcc>0.957255</vAcc></extensions></trkpt>
      <trkpt lon="-82.152710" lat="33.552161"><ele>93.193718</ele><time>2022-11-13T16:47:36Z</time><extensions><speed>1.378095</speed><course>60.975307</course><hAcc>2.587636</hAcc><vAcc>0.967166</vAcc></extensions></trkpt>
      <trkpt lon="-82.152698" lat="33.552167"><ele>93.174316</ele><time>2022-11-13T16:47:37Z</time><extensions><speed>1.315535</speed><course>57.829456</course><hAcc>2.569204</hAcc><vAcc>0.979655</vAcc></extensions></trkpt>
      <trkpt lon="-82.152687" lat="33.552174"><ele>93.180107</ele><time>2022-11-13T16:47:38Z</time><extensions><speed>1.155821</speed><course>55.998981</course><hAcc>2.565484</hAcc><vAcc>0.994538</vAcc></extensions></trkpt>
      <trkpt lon="-82.152677" lat="33.552180"><ele>93.190132</ele><time>2022-11-13T16:47:39Z</time><extensions><speed>1.106564</speed><course>53.913139</course><hAcc>2.594282</hAcc><vAcc>1.012240</vAcc></extensions></trkpt>
      <trkpt lon="-82.152667" lat="33.552186"><ele>93.181229</ele><time>2022-11-13T16:47:40Z</time><extensions><speed>1.124606</speed><course>53.296093</course><hAcc>2.628147</hAcc><vAcc>1.031853</vAcc></extensions></trkpt>
      <trkpt lon="-82.152657" lat="33.552194"><ele>93.146271</ele><time>2022-11-13T16:47:41Z</time><extensions><speed>1.261331</speed><course>49.159321</course><hAcc>2.617393</hAcc><vAcc>1.036266</vAcc></extensions></trkpt>
      <trkpt lon="-82.152647" lat="33.552202"><ele>93.159401</ele><time>2022-11-13T16:47:42Z</time><extensions><speed>1.368149</speed><course>45.172203</course><hAcc>2.605248</hAcc><vAcc>1.041338</vAcc></extensions></trkpt>
      <trkpt lon="-82.152636" lat="33.552212"><ele>93.146675</ele><time>2022-11-13T16:47:43Z</time><extensions><speed>1.413552</speed><course>42.111027</course><hAcc>2.619396</hAcc><vAcc>1.047126</vAcc></extensions></trkpt>
      <trkpt lon="-82.152626" lat="33.552222"><ele>93.146805</ele><time>2022-11-13T16:47:44Z</time><extensions><speed>1.429556</speed><course>39.182133</course><hAcc>2.637881</hAcc><vAcc>1.052144</vAcc></extensions></trkpt>
      <trkpt lon="-82.152616" lat="33.552232"><ele>93.194489</ele><time>2022-11-13T16:47:45Z</time><extensions><speed>1.397330</speed><course>38.370487</course><hAcc>2.658756</hAcc><vAcc>1.055306</vAcc></extensions></trkpt>
      <trkpt lon="-82.152607" lat="33.552242"><ele>93.235977</ele><time>2022-11-13T16:47:46Z</time><extensions><speed>1.404851</speed><course>37.836937</course><hAcc>2.668486</hAcc><vAcc>1.066148</vAcc></extensions></trkpt>
      <trkpt lon="-82.152597" lat="33.552253"><ele>93.324539</ele><time>2022-11-13T16:47:47Z</time><extensions><speed>1.439137</speed><course>34.957451</course><hAcc>2.657329</hAcc><vAcc>1.065294</vAcc></extensions></trkpt>
      <trkpt lon="-82.152588" lat="33.552265"><ele>93.414192</ele><time>2022-11-13T16:47:48Z</time><extensions><speed>1.479856</speed><course>27.317232</course><hAcc>2.658125</hAcc><vAcc>1.061859</vAcc></extensions></trkpt>
      <trkpt lon="-82.152582" lat="33.552277"><ele>93.499512</ele><time>2022-11-13T16:47:49Z</time><extensions><speed>1.507028</speed><course>17.795086</course><hAcc>2.683975</hAcc><vAcc>1.056135</vAcc></extensions></trkpt>
      <trkpt lon="-82.152576" lat="33.552292"><ele>93.579811</ele><time>2022-11-13T16:47:50Z</time><extensions><speed>1.588449</speed><course>14.265156</course><hAcc>2.694333</hAcc><vAcc>1.048528</vAcc></extensions></trkpt>
      <trkpt lon="-82.152571" lat="33.552306"><ele>93.646362</ele><time>2022-11-13T16:47:51Z</time><extensions><speed>1.607797</speed><course>19.545557</course><hAcc>2.671985</hAcc><vAcc>1.039413</vAcc></extensions></trkpt>
      <trkpt lon="-82.152563" lat="33.552320"><ele>93.701790</ele><time>2022-11-13T16:47:52Z</time><extensions><speed>1.609841</speed><course>30.026459</course><hAcc>2.630734</hAcc><vAcc>1.029638</vAcc></extensions></trkpt>
      <trkpt lon="-82.152552" lat="33.552333"><ele>93.729614</ele><time>2022-11-13T16:47:53Z</time><extensions><speed>1.615365</speed><course>36.878494</course><hAcc>2.602586</hAcc><vAcc>1.019738</vAcc></extensions></trkpt>
      <trkpt lon="-82.152541" lat="33.552345"><ele>93.712433</ele><time>2022-11-13T16:47:54Z</time><extensions><speed>1.651905</speed><course>40.885963</course><hAcc>2.575994</hAcc><vAcc>1.010085</vAcc></extensions></trkpt>
      <trkpt lon="-82.152528" lat="33.552357"><ele>93.702415</ele><time>2022-11-13T16:47:55Z</time><extensions><speed>1.678060</speed><course>44.768635</course><hAcc>2.568375</hAcc><vAcc>1.000933</vAcc></extensions></trkpt>
      <trkpt lon="-82.152514" lat="33.552368"><ele>93.723412</ele><time>2022-11-13T16:47:56Z</time><extensions><speed>1.644374</speed><course>48.115330</course><hAcc>2.572289</hAcc><vAcc>0.992332</vAcc></extensions></trkpt>
      <trkpt lon="-82.152501" lat="33.552378"><ele>93.769203</ele><time>2022-11-13T16:47:57Z</time><extensions><speed>1.606834</speed><course>48.880760</course><hAcc>2.564352</hAcc><vAcc>0.984309</vAcc></extensions></trkpt>
      <trkpt lon="-82.152488" lat="33.552388"><ele>93.806831</ele><time>2022-11-13T16:47:58Z</time><extensions><speed>1.516990</speed><course>48.893181</course><hAcc>2.566408</hAcc><vAcc>0.977009</vAcc></extensions></trkpt>
      <trkpt lon="-82.152475" lat="33.552397"><ele>93.858215</ele><time>2022-11-13T16:47:59Z</time><extensions><speed>1.428429</speed><course>48.330696</course><hAcc>2.543001</hAcc><vAcc>0.970541</vAcc></extensions></trkpt>
      <trkpt lon="-82.152464" lat="33.552405"><ele>93.923004</ele><time>2022-11-13T16:48:00Z</time><extensions><speed>1.105173</speed><course>49.303017</course><hAcc>2.523248</hAcc><vAcc>0.964870</vAcc></extensions></trkpt>
      <trkpt lon="-82.152455" lat="33.552412"><ele>93.987587</ele><time>2022-11-13T16:48:01Z</time><extensions><speed>1.183229</speed><course>50.159985</course><hAcc>2.503574</hAcc><vAcc>0.960066</vAcc></extensions></trkpt>
      <trkpt lon="-82.152444" lat="33.552419"><ele>94.035530</ele><time>2022-11-13T16:48:02Z</time><extensions><speed>1.205166</speed><course>49.544571</course><hAcc>2.516363</hAcc><vAcc>0.956079</vAcc></extensions></trkpt>
      <trkpt lon="-82.152434" lat="33.552427"><ele>94.058212</ele><time>2022-11-13T16:48:03Z</time><extensions><speed>1.288925</speed><course>47.302593</course><hAcc>2.532669</hAcc><vAcc>0.952865</vAcc></extensions></trkpt>
      <trkpt lon="-82.152424" lat="33.552435"><ele>94.110863</ele><time>2022-11-13T16:48:04Z</time><extensions><speed>1.379619</speed><course>45.528767</course><hAcc>2.516929</hAcc><vAcc>0.950405</vAcc></extensions></trkpt>
      <trkpt lon="-82.152412" lat="33.552444"><ele>94.214157</ele><time>2022-11-13T16:48:05Z</time><extensions><speed>1.455763</speed><course>46.334213</course><hAcc>2.511356</hAcc><vAcc>0.948341</vAcc></extensions></trkpt>
      <trkpt lon="-82.152401" lat="33.552453"><ele>94.333809</ele><time>2022-11-13T16:48:06Z</time><extensions><speed>1.430658</speed><course>48.831989</course><hAcc>2.535925</hAcc><vAcc>0.946760</vAcc></extensions></trkpt>
      <trkpt lon="-82.152388" lat="33.552462"><ele>94.494789</ele><time>2022-11-13T16:48:07Z</time><extensions><speed>1.434327</speed><course>49.334396</course><hAcc>2.538069</hAcc><vAcc>0.945630</vAcc></extensions></trkpt>
      <trkpt lon="-82.152376" lat="33.552470"><ele>94.646553</ele><time>2022-11-13T16:48:08Z</time><extensions><speed>1.431539</speed><course>49.819855</course><hAcc>2.533709</hAcc><vAcc>0.944766</vAcc></extensions></trkpt>
      <trkpt lon="-82.152364" lat="33.552479"><ele>94.779976</ele><time>2022-11-13T16:48:09Z</time><extensions><speed>1.487232</speed><course>48.687859</course><hAcc>2.527697</hAcc><vAcc>0.944161</vAcc></extensions></trkpt>
      <trkpt lon="-82.152351" lat="33.552488"><ele>94.883240</ele><time>2022-11-13T16:48:10Z</time><extensions><speed>1.489187</speed><course>47.772167</course><hAcc>2.547208</hAcc><vAcc>0.943731</vAcc></extensions></trkpt>
      <trkpt lon="-82.152339" lat="33.552497"><ele>94.960014</ele><time>2022-11-13T16:48:11Z</time><extensions><speed>1.427552</speed><course>43.942726</course><hAcc>2.590417</hAcc><vAcc>0.943415</vAcc></extensions></trkpt>
      <trkpt lon="-82.152329" lat="33.552507"><ele>95.028473</ele><time>2022-11-13T16:48:12Z</time><extensions><speed>1.365562</speed><course>40.901253</course><hAcc>2.585849</hAcc><vAcc>0.943191</vAcc></extensions></trkpt>
      <trkpt lon="-82.152319" lat="33.552516"><ele>95.105927</ele><time>2022-11-13T16:48:13Z</time><extensions><speed>1.354210</speed><course>40.571678</course><hAcc>2.572104</hAcc><vAcc>0.943008</vAcc></extensions></trkpt>
      <trkpt lon="-82.152309" lat="33.552526"><ele>95.187798</ele><time>2022-11-13T16:48:14Z</time><extensions><speed>1.333400</speed><course>43.512787</course><hAcc>2.575578</hAcc><vAcc>0.942827</vAcc></extensions></trkpt>
      <trkpt lon="-82.152299" lat="33.552534"><ele>95.248604</ele><time>2022-11-13T16:48:15Z</time><extensions><speed>1.272606</speed><course>48.028938</course><hAcc>2.599909</hAcc><vAcc>0.942701</vAcc></extensions></trkpt>
      <trkpt lon="-82.152288" lat="33.552541"><ele>95.280289</ele><time>2022-11-13T16:48:16Z</time><extensions><speed>1.246872</speed><course>51.361668</course><hAcc>2.627334</hAcc><vAcc>0.942886</vAcc></extensions></trkpt>
      <trkpt lon="-82.152277" lat="33.552549"><ele>95.276451</ele><time>2022-11-13T16:48:17Z</time><extensions><speed>1.279015</speed><course>53.069981</course><hAcc>2.637153</hAcc><vAcc>0.943030</vAcc></extensions></trkpt>
      <trkpt lon="-82.152266" lat="33.552556"><ele>95.259384</ele><time>2022-11-13T16:48:18Z</time><extensions><speed>1.219884</speed><course>52.835926</course><hAcc>2.643451</hAcc><vAcc>0.943051</vAcc></extensions></trkpt>
      <trkpt lon="-82.152255" lat="33.552563"><ele>95.225609</ele><time>2022-11-13T16:48:19Z</time><extensions><speed>1.232499</speed><course>53.799137</course><hAcc>2.626426</hAcc><vAcc>0.943022</vAcc></extensions></trkpt>
      <trkpt lon="-82.152243" lat="33.552569"><ele>95.182838</ele><time>2022-11-13T16:48:20Z</time><extensions><speed>1.283630</speed><course>53.524624</course><hAcc>2.603600</hAcc><vAcc>0.942882</vAcc></extensions></trkpt>
      <trkpt lon="-82.152232" lat="33.552577"><ele>95.180557</ele><time>2022-11-13T16:48:21Z</time><extensions><speed>1.331692</speed><course>52.758423</course><hAcc>2.601327</hAcc><vAcc>0.942870</vAcc></extensions></trkpt>
      <trkpt lon="-82.152220" lat="33.552584"><ele>95.165092</ele><time>2022-11-13T16:48:22Z</time><extensions><speed>1.329929</speed><course>51.678139</course><hAcc>2.595089</hAcc><vAcc>0.943039</vAcc></extensions></trkpt>
      <trkpt lon="-82.152208" lat="33.552591"><ele>95.144478</ele><time>2022-11-13T16:48:23Z</time><extensions><speed>1.292137</speed><course>52.361084</course><hAcc>2.588852</hAcc><vAcc>0.943117</vAcc></extensions></trkpt>
      <trkpt lon="-82.152196" lat="33.552599"><ele>95.077499</ele><time>2022-11-13T16:48:24Z</time><extensions><speed>1.415573</speed><course>53.410690</course><hAcc>2.598388</hAcc><vAcc>0.943167</vAcc></extensions></trkpt>
      <trkpt lon="-82.152184" lat="33.552607"><ele>95.049126</ele><time>2022-11-13T16:48:25Z</time><extensions><speed>1.462781</speed><course>49.975704</course><hAcc>2.581980</hAcc><vAcc>0.943218</vAcc></extensions></trkpt>
      <trkpt lon="-82.152172" lat="33.552615"><ele>95.032539</ele><time>2022-11-13T16:48:26Z</time><extensions><speed>1.481269</speed><course>47.137203</course><hAcc>2.564836</hAcc><vAcc>0.943141</vAcc></extensions></trkpt>
      <trkpt lon="-82.152162" lat="33.552624"><ele>95.034447</ele><time>2022-11-13T16:48:27Z</time><extensions><speed>1.391782</speed><course>42.969715</course><hAcc>2.557959</hAcc><vAcc>0.943163</vAcc></extensions></trkpt>
      <trkpt lon="-82.152151" lat="33.552633"><ele>95.061646</ele><time>2022-11-13T16:48:28Z</time><extensions><speed>1.351735</speed><course>45.965076</course><hAcc>2.555120</hAcc><vAcc>0.943160</vAcc></extensions></trkpt>
      <trkpt lon="-82.152140" lat="33.552641"><ele>95.102661</ele><time>2022-11-13T16:48:29Z</time><extensions><speed>1.305257</speed><course>54.540783</course><hAcc>2.565558</hAcc><vAcc>0.943105</vAcc></extensions></trkpt>
      <trkpt lon="-82.152128" lat="33.552646"><ele>95.182259</ele><time>2022-11-13T16:48:30Z</time><extensions><speed>1.249251</speed><course>67.191322</course><hAcc>2.546666</hAcc><vAcc>0.943079</vAcc></extensions></trkpt>
      <trkpt lon="-82.152116" lat="33.552650"><ele>95.281189</ele><time>2022-11-13T16:48:31Z</time><extensions><speed>1.159477</speed><course>73.798042</course><hAcc>2.556405</hAcc><vAcc>0.943030</vAcc></extensions></trkpt>
      <trkpt lon="-82.152104" lat="33.552653"><ele>95.385201</ele><time>2022-11-13T16:48:32Z</time><extensions><speed>1.209687</speed><course>68.046913</course><hAcc>2.584494</hAcc><vAcc>0.942947</vAcc></extensions></trkpt>
      <trkpt lon="-82.152093" lat="33.552658"><ele>95.487595</ele><time>2022-11-13T16:48:33Z</time><extensions><speed>1.177439</speed><course>55.243343</course><hAcc>2.598188</hAcc><vAcc>0.948741</vAcc></extensions></trkpt>
      <trkpt lon="-82.152083" lat="33.552665"><ele>95.613342</ele><time>2022-11-13T16:48:34Z</time><extensions><speed>1.084988</speed><course>45.148907</course><hAcc>2.607270</hAcc><vAcc>0.956559</vAcc></extensions></trkpt>
      <trkpt lon="-82.152076" lat="33.552672"><ele>95.749184</ele><time>2022-11-13T16:48:35Z</time><extensions><speed>0.912485</speed><course>40.932976</course><hAcc>2.625252</hAcc><vAcc>0.966754</vAcc></extensions></trkpt>
      <trkpt lon="-82.152069" lat="33.552678"><ele>95.926674</ele><time>2022-11-13T16:48:36Z</time><extensions><speed>0.833534</speed><course>49.898067</course><hAcc>2.617074</hAcc><vAcc>0.969424</vAcc></extensions></trkpt>
      <trkpt lon="-82.152060" lat="33.552684"><ele>96.072968</ele><time>2022-11-13T16:48:37Z</time><extensions><speed>1.056797</speed><course>61.767818</course><hAcc>2.610058</hAcc><vAcc>0.982026</vAcc></extensions></trkpt>
      <trkpt lon="-82.152049" lat="33.552689"><ele>96.240852</ele><time>2022-11-13T16:48:38Z</time><extensions><speed>1.200551</speed><course>66.472343</course><hAcc>2.602992</hAcc><vAcc>0.996788</vAcc></extensions></trkpt>
      <trkpt lon="-82.152036" lat="33.552695"><ele>96.408325</ele><time>2022-11-13T16:48:39Z</time><extensions><speed>1.341326</speed><course>65.204338</course><hAcc>2.604697</hAcc><vAcc>1.013933</vAcc></extensions></trkpt>
      <trkpt lon="-82.152022" lat="33.552702"><ele>96.586166</ele><time>2022-11-13T16:48:40Z</time><extensions><speed>1.493266</speed><course>62.461826</course><hAcc>2.622569</hAcc><vAcc>1.033151</vAcc></extensions></trkpt>
      <trkpt lon="-82.152007" lat="33.552710"><ele>96.737282</ele><time>2022-11-13T16:48:41Z</time><extensions><speed>1.619146</speed><course>58.095348</course><hAcc>2.601044</hAcc><vAcc>1.053947</vAcc></extensions></trkpt>
      <trkpt lon="-82.151992" lat="33.552719"><ele>96.870369</ele><time>2022-11-13T16:48:42Z</time><extensions><speed>1.619538</speed><course>54.238770</course><hAcc>2.591629</hAcc><vAcc>1.057876</vAcc></extensions></trkpt>
      <trkpt lon="-82.151977" lat="33.552730"><ele>97.018883</ele><time>2022-11-13T16:48:43Z</time><extensions><speed>1.754498</speed><course>48.068928</course><hAcc>2.555752</hAcc><vAcc>1.062334</vAcc></extensions></trkpt>
      <trkpt lon="-82.151963" lat="33.552742"><ele>97.158356</ele><time>2022-11-13T16:48:44Z</time><extensions><speed>1.827104</speed><course>44.417786</course><hAcc>2.524521</hAcc><vAcc>1.065972</vAcc></extensions></trkpt>
      <trkpt lon="-82.151949" lat="33.552755"><ele>97.267319</ele><time>2022-11-13T16:48:45Z</time><extensions><speed>1.773004</speed><course>44.920864</course><hAcc>2.520798</hAcc><vAcc>1.068658</vAcc></extensions></trkpt>
      <trkpt lon="-82.151934" lat="33.552767"><ele>97.336647</ele><time>2022-11-13T16:48:46Z</time><extensions><speed>1.800515</speed><course>47.372402</course><hAcc>2.532598</hAcc><vAcc>1.069410</vAcc></extensions></trkpt>
      <trkpt lon="-82.151920" lat="33.552778"><ele>97.425919</ele><time>2022-11-13T16:48:47Z</time><extensions><speed>1.605037</speed><course>51.336464</course><hAcc>2.523670</hAcc><vAcc>1.068127</vAcc></extensions></trkpt>
      <trkpt lon="-82.151908" lat="33.552788"><ele>97.529129</ele><time>2022-11-13T16:48:48Z</time><extensions><speed>1.538735</speed><course>38.348644</course><hAcc>2.499493</hAcc><vAcc>1.063723</vAcc></extensions></trkpt>
      <trkpt lon="-82.151898" lat="33.552799"><ele>97.628021</ele><time>2022-11-13T16:48:49Z</time><extensions><speed>1.381687</speed><course>37.390171</course><hAcc>2.475940</hAcc><vAcc>1.057775</vAcc></extensions></trkpt>
      <trkpt lon="-82.151888" lat="33.552808"><ele>97.721031</ele><time>2022-11-13T16:48:50Z</time><extensions><speed>1.361057</speed><course>51.639744</course><hAcc>2.481662</hAcc><vAcc>1.049594</vAcc></extensions></trkpt>
      <trkpt lon="-82.151876" lat="33.552816"><ele>97.779182</ele><time>2022-11-13T16:48:51Z</time><extensions><speed>1.322258</speed><course>56.366486</course><hAcc>2.469250</hAcc><vAcc>1.039614</vAcc></extensions></trkpt>
      <trkpt lon="-82.151864" lat="33.552823"><ele>97.837784</ele><time>2022-11-13T16:48:52Z</time><extensions><speed>1.121243</speed><course>60.924305</course><hAcc>2.475722</hAcc><vAcc>1.028370</vAcc></extensions></trkpt>
      <trkpt lon="-82.151855" lat="33.552827"><ele>97.910042</ele><time>2022-11-13T16:48:53Z</time><extensions><speed>0.647908</speed><course>72.658897</course><hAcc>2.506296</hAcc><vAcc>1.016647</vAcc></extensions></trkpt>
      <trkpt lon="-82.151848" lat="33.552829"><ele>98.012352</ele><time>2022-11-13T16:48:54Z</time><extensions><speed>0.706457</speed><course>89.926796</course><hAcc>2.515497</hAcc><vAcc>0.998721</vAcc></extensions></trkpt>
      <trkpt lon="-82.151839" lat="33.552831"><ele>98.105492</ele><time>2022-11-13T16:48:55Z</time><extensions><speed>0.817447</speed><course>80.368797</course><hAcc>2.518066</hAcc><vAcc>0.981436</vAcc></extensions></trkpt>
      <trkpt lon="-82.151831" lat="33.552834"><ele>98.162277</ele><time>2022-11-13T16:48:56Z</time><extensions><speed>0.825431</speed><course>65.958244</course><hAcc>2.504642</hAcc><vAcc>0.964634</vAcc></extensions></trkpt>
      <trkpt lon="-82.151822" lat="33.552838"><ele>98.208580</ele><time>2022-11-13T16:48:57Z</time><extensions><speed>0.800005</speed><course>71.993347</course><hAcc>2.503883</hAcc><vAcc>0.948281</vAcc></extensions></trkpt>
      <trkpt lon="-82.151811" lat="33.552843"><ele>98.241325</ele><time>2022-11-13T16:48:58Z</time><extensions><speed>1.246515</speed><course>62.738758</course><hAcc>2.495519</hAcc><vAcc>0.931655</vAcc></extensions></trkpt>
      <trkpt lon="-82.151799" lat="33.552850"><ele>98.269081</ele><time>2022-11-13T16:48:59Z</time><extensions><speed>1.412853</speed><course>58.731525</course><hAcc>2.482039</hAcc><vAcc>0.917484</vAcc></extensions></trkpt>
      <trkpt lon="-82.151785" lat="33.552858"><ele>98.271210</ele><time>2022-11-13T16:49:00Z</time><extensions><speed>1.487802</speed><course>53.077511</course><hAcc>2.482567</hAcc><vAcc>0.901654</vAcc></extensions></trkpt>
      <trkpt lon="-82.151772" lat="33.552868"><ele>98.267372</ele><time>2022-11-13T16:49:01Z</time><extensions><speed>1.685202</speed><course>47.781914</course><hAcc>2.449656</hAcc><vAcc>0.885659</vAcc></extensions></trkpt>
      <trkpt lon="-82.151758" lat="33.552879"><ele>98.248672</ele><time>2022-11-13T16:49:02Z</time><extensions><speed>1.752383</speed><course>43.485920</course><hAcc>2.436480</hAcc><vAcc>0.870092</vAcc></extensions></trkpt>
      <trkpt lon="-82.151745" lat="33.552891"><ele>98.225998</ele><time>2022-11-13T16:49:03Z</time><extensions><speed>1.617417</speed><course>44.257603</course><hAcc>2.455966</hAcc><vAcc>0.856411</vAcc></extensions></trkpt>
      <trkpt lon="-82.151732" lat="33.552902"><ele>98.187164</ele><time>2022-11-13T16:49:04Z</time><extensions><speed>1.617085</speed><course>48.683834</course><hAcc>2.441948</hAcc><vAcc>0.842480</vAcc></extensions></trkpt>
      <trkpt lon="-82.151718" lat="33.552912"><ele>98.139824</ele><time>2022-11-13T16:49:05Z</time><extensions><speed>1.592009</speed><course>45.075691</course><hAcc>2.443534</hAcc><vAcc>0.829931</vAcc></extensions></trkpt>
      <trkpt lon="-82.151706" lat="33.552924"><ele>98.085129</ele><time>2022-11-13T16:49:06Z</time><extensions><speed>1.665967</speed><course>40.703259</course><hAcc>2.432976</hAcc><vAcc>0.819119</vAcc></extensions></trkpt>
      <trkpt lon="-82.151694" lat="33.552936"><ele>98.018806</ele><time>2022-11-13T16:49:07Z</time><extensions><speed>1.713773</speed><course>38.199966</course><hAcc>2.431713</hAcc><vAcc>0.810129</vAcc></extensions></trkpt>
      <trkpt lon="-82.151682" lat="33.552949"><ele>97.944160</ele><time>2022-11-13T16:49:08Z</time><extensions><speed>1.794559</speed><course>40.317188</course><hAcc>2.443999</hAcc><vAcc>0.802735</vAcc></extensions></trkpt>
      <trkpt lon="-82.151669" lat="33.552963"><ele>97.864525</ele><time>2022-11-13T16:49:09Z</time><extensions><speed>1.797125</speed><course>40.302242</course><hAcc>2.437865</hAcc><vAcc>0.796644</vAcc></extensions></trkpt>
      <trkpt lon="-82.151655" lat="33.552975"><ele>97.784767</ele><time>2022-11-13T16:49:10Z</time><extensions><speed>1.731385</speed><course>47.756397</course><hAcc>2.429351</hAcc><vAcc>0.791535</vAcc></extensions></trkpt>
      <trkpt lon="-82.151640" lat="33.552986"><ele>97.705818</ele><time>2022-11-13T16:49:11Z</time><extensions><speed>1.709749</speed><course>52.049156</course><hAcc>2.417993</hAcc><vAcc>0.787149</vAcc></extensions></trkpt>
      <trkpt lon="-82.151626" lat="33.552996"><ele>97.629013</ele><time>2022-11-13T16:49:12Z</time><extensions><speed>1.597195</speed><course>49.143700</course><hAcc>2.430088</hAcc><vAcc>0.783291</vAcc></extensions></trkpt>
      <trkpt lon="-82.151613" lat="33.553006"><ele>97.560394</ele><time>2022-11-13T16:49:13Z</time><extensions><speed>1.654959</speed><course>50.467697</course><hAcc>2.452302</hAcc><vAcc>0.779725</vAcc></extensions></trkpt>
      <trkpt lon="-82.151599" lat="33.553016"><ele>97.493027</ele><time>2022-11-13T16:49:14Z</time><extensions><speed>1.573538</speed><course>46.929062</course><hAcc>2.478220</hAcc><vAcc>0.776272</vAcc></extensions></trkpt>
      <trkpt lon="-82.151587" lat="33.553026"><ele>97.401825</ele><time>2022-11-13T16:49:15Z</time><extensions><speed>1.463054</speed><course>45.597374</course><hAcc>2.510757</hAcc><vAcc>0.773041</vAcc></extensions></trkpt>
      <trkpt lon="-82.151576" lat="33.553036"><ele>97.301872</ele><time>2022-11-13T16:49:16Z</time><extensions><speed>1.506990</speed><course>41.262199</course><hAcc>2.507397</hAcc><vAcc>0.770076</vAcc></extensions></trkpt>
      <trkpt lon="-82.151565" lat="33.553047"><ele>97.188400</ele><time>2022-11-13T16:49:17Z</time><extensions><speed>1.517441</speed><course>41.045322</course><hAcc>2.516462</hAcc><vAcc>0.767346</vAcc></extensions></trkpt>
      <trkpt lon="-82.151554" lat="33.553057"><ele>97.075142</ele><time>2022-11-13T16:49:18Z</time><extensions><speed>1.562425</speed><course>42.465157</course><hAcc>2.529624</hAcc><vAcc>0.765045</vAcc></extensions></trkpt>
      <trkpt lon="-82.151542" lat="33.553067"><ele>96.959114</ele><time>2022-11-13T16:49:19Z</time><extensions><speed>1.560696</speed><course>44.492638</course><hAcc>2.513139</hAcc><vAcc>0.763148</vAcc></extensions></trkpt>
      <trkpt lon="-82.151531" lat="33.553078"><ele>96.828125</ele><time>2022-11-13T16:49:20Z</time><extensions><speed>1.545958</speed><course>43.960716</course><hAcc>2.499264</hAcc><vAcc>0.761528</vAcc></extensions></trkpt>
      <trkpt lon="-82.151519" lat="33.553088"><ele>96.686417</ele><time>2022-11-13T16:49:21Z</time><extensions><speed>1.502761</speed><course>41.921177</course><hAcc>2.498744</hAcc><vAcc>0.760251</vAcc></extensions></trkpt>
      <trkpt lon="-82.151508" lat="33.553098"><ele>96.534477</ele><time>2022-11-13T16:49:22Z</time><extensions><speed>1.415677</speed><course>40.995155</course><hAcc>2.509648</hAcc><vAcc>0.759224</vAcc></extensions></trkpt>
      <trkpt lon="-82.151498" lat="33.553108"><ele>96.371918</ele><time>2022-11-13T16:49:23Z</time><extensions><speed>1.461692</speed><course>42.427509</course><hAcc>2.523529</hAcc><vAcc>0.758415</vAcc></extensions></trkpt>
      <trkpt lon="-82.151486" lat="33.553118"><ele>96.198349</ele><time>2022-11-13T16:49:24Z</time><extensions><speed>1.464261</speed><course>48.139225</course><hAcc>2.509874</hAcc><vAcc>0.757850</vAcc></extensions></trkpt>
      <trkpt lon="-82.151473" lat="33.553126"><ele>96.024323</ele><time>2022-11-13T16:49:25Z</time><extensions><speed>1.407639</speed><course>53.717503</course><hAcc>2.516515</hAcc><vAcc>0.757427</vAcc></extensions></trkpt>
      <trkpt lon="-82.151460" lat="33.553134"><ele>95.854355</ele><time>2022-11-13T16:49:26Z</time><extensions><speed>1.247678</speed><course>55.826935</course><hAcc>2.506176</hAcc><vAcc>0.757105</vAcc></extensions></trkpt>
      <trkpt lon="-82.151450" lat="33.553140"><ele>95.691261</ele><time>2022-11-13T16:49:27Z</time><extensions><speed>0.945732</speed><course>55.266567</course><hAcc>2.471817</hAcc><vAcc>0.756860</vAcc></extensions></trkpt>
      <trkpt lon="-82.151441" lat="33.553145"><ele>95.536293</ele><time>2022-11-13T16:49:28Z</time><extensions><speed>0.924099</speed><course>52.562550</course><hAcc>2.462366</hAcc><vAcc>0.756709</vAcc></extensions></trkpt>
      <trkpt lon="-82.151433" lat="33.553151"><ele>95.389854</ele><time>2022-11-13T16:49:29Z</time><extensions><speed>0.933390</speed><course>47.204269</course><hAcc>2.497906</hAcc><vAcc>0.756649</vAcc></extensions></trkpt>
      <trkpt lon="-82.151424" lat="33.553158"><ele>95.257401</ele><time>2022-11-13T16:49:30Z</time><extensions><speed>1.272807</speed><course>43.135662</course><hAcc>2.512277</hAcc><vAcc>0.756548</vAcc></extensions></trkpt>
      <trkpt lon="-82.151414" lat="33.553167"><ele>95.132530</ele><time>2022-11-13T16:49:31Z</time><extensions><speed>1.423695</speed><course>43.399323</course><hAcc>2.502930</hAcc><vAcc>0.756427</vAcc></extensions></trkpt>
      <trkpt lon="-82.151402" lat="33.553176"><ele>95.022232</ele><time>2022-11-13T16:49:32Z</time><extensions><speed>1.596645</speed><course>48.298351</course><hAcc>2.485454</hAcc><vAcc>0.756373</vAcc></extensions></trkpt>
      <trkpt lon="-82.151388" lat="33.553185"><ele>94.925117</ele><time>2022-11-13T16:49:33Z</time><extensions><speed>1.641731</speed><course>54.663876</course><hAcc>2.496617</hAcc><vAcc>0.756484</vAcc></extensions></trkpt>
      <trkpt lon="-82.151372" lat="33.553193"><ele>94.835312</ele><time>2022-11-13T16:49:34Z</time><extensions><speed>1.676458</speed><course>58.548515</course><hAcc>2.498069</hAcc><vAcc>0.756597</vAcc></extensions></trkpt>
      <trkpt lon="-82.151357" lat="33.553201"><ele>94.773460</ele><time>2022-11-13T16:49:35Z</time><extensions><speed>1.669611</speed><course>58.044933</course><hAcc>2.513098</hAcc><vAcc>0.756621</vAcc></extensions></trkpt>
      <trkpt lon="-82.151342" lat="33.553209"><ele>94.722984</ele><time>2022-11-13T16:49:36Z</time><extensions><speed>1.602525</speed><course>51.557907</course><hAcc>2.540689</hAcc><vAcc>0.756684</vAcc></extensions></trkpt>
      <trkpt lon="-82.151329" lat="33.553219"><ele>94.682457</ele><time>2022-11-13T16:49:37Z</time><extensions><speed>1.517623</speed><course>46.428829</course><hAcc>2.530885</hAcc><vAcc>0.756790</vAcc></extensions></trkpt>
      <trkpt lon="-82.151317" lat="33.553228"><ele>94.652916</ele><time>2022-11-13T16:49:38Z</time><extensions><speed>1.426642</speed><course>45.889393</course><hAcc>2.520563</hAcc><vAcc>0.756965</vAcc></extensions></trkpt>
      <trkpt lon="-82.151306" lat="33.553236"><ele>94.641609</ele><time>2022-11-13T16:49:39Z</time><extensions><speed>1.244219</speed><course>48.585777</course><hAcc>2.532374</hAcc><vAcc>0.757054</vAcc></extensions></trkpt>
      <trkpt lon="-82.151297" lat="33.553243"><ele>94.646088</ele><time>2022-11-13T16:49:40Z</time><extensions><speed>0.886750</speed><course>52.832142</course><hAcc>2.555188</hAcc><vAcc>0.756996</vAcc></extensions></trkpt>
      <trkpt lon="-82.151288" lat="33.553248"><ele>94.660461</ele><time>2022-11-13T16:49:41Z</time><extensions><speed>1.116750</speed><course>53.658607</course><hAcc>2.557899</hAcc><vAcc>0.757013</vAcc></extensions></trkpt>
      <trkpt lon="-82.151276" lat="33.553255"><ele>94.681732</ele><time>2022-11-13T16:49:42Z</time><extensions><speed>1.440464</speed><course>60.019115</course><hAcc>2.550979</hAcc><vAcc>0.757058</vAcc></extensions></trkpt>
      <trkpt lon="-82.151261" lat="33.553261"><ele>94.711227</ele><time>2022-11-13T16:49:43Z</time><extensions><speed>1.577299</speed><course>65.355598</course><hAcc>2.526209</hAcc><vAcc>0.756975</vAcc></extensions></trkpt>
      <trkpt lon="-82.151244" lat="33.553268"><ele>94.746536</ele><time>2022-11-13T16:49:44Z</time><extensions><speed>1.638718</speed><course>67.740898</course><hAcc>2.517319</hAcc><vAcc>0.756889</vAcc></extensions></trkpt>
      <trkpt lon="-82.151228" lat="33.553274"><ele>94.790672</ele><time>2022-11-13T16:49:45Z</time><extensions><speed>1.617843</speed><course>60.468796</course><hAcc>2.515043</hAcc><vAcc>0.756786</vAcc></extensions></trkpt>
      <trkpt lon="-82.151214" lat="33.553283"><ele>94.837181</ele><time>2022-11-13T16:49:46Z</time><extensions><speed>1.598215</speed><course>50.793079</course><hAcc>2.516563</hAcc><vAcc>0.756702</vAcc></extensions></trkpt>
      <trkpt lon="-82.151201" lat="33.553292"><ele>94.884483</ele><time>2022-11-13T16:49:47Z</time><extensions><speed>1.559555</speed><course>48.681026</course><hAcc>2.520319</hAcc><vAcc>0.756665</vAcc></extensions></trkpt>
      <trkpt lon="-82.151188" lat="33.553302"><ele>94.935410</ele><time>2022-11-13T16:49:48Z</time><extensions><speed>1.535496</speed><course>47.080692</course><hAcc>2.466700</hAcc><vAcc>0.756693</vAcc></extensions></trkpt>
      <trkpt lon="-82.151177" lat="33.553311"><ele>94.989944</ele><time>2022-11-13T16:49:49Z</time><extensions><speed>1.430772</speed><course>38.583279</course><hAcc>2.447373</hAcc><vAcc>0.756742</vAcc></extensions></trkpt>
      <trkpt lon="-82.151170" lat="33.553322"><ele>95.046944</ele><time>2022-11-13T16:49:50Z</time><extensions><speed>1.216338</speed><course>19.636837</course><hAcc>2.452208</hAcc><vAcc>0.756697</vAcc></extensions></trkpt>
      <trkpt lon="-82.151165" lat="33.553332"><ele>95.101921</ele><time>2022-11-13T16:49:51Z</time><extensions><speed>1.405652</speed><course>23.103464</course><hAcc>2.466622</hAcc><vAcc>0.756777</vAcc></extensions></trkpt>
      <trkpt lon="-82.151157" lat="33.553344"><ele>95.158562</ele><time>2022-11-13T16:49:52Z</time><extensions><speed>1.458775</speed><course>33.401791</course><hAcc>2.441055</hAcc><vAcc>0.756836</vAcc></extensions></trkpt>
      <trkpt lon="-82.151147" lat="33.553354"><ele>95.216042</ele><time>2022-11-13T16:49:53Z</time><extensions><speed>1.487046</speed><course>44.213936</course><hAcc>2.429576</hAcc><vAcc>0.756761</vAcc></extensions></trkpt>
      <trkpt lon="-82.151135" lat="33.553363"><ele>95.271210</ele><time>2022-11-13T16:49:54Z</time><extensions><speed>1.474632</speed><course>51.653236</course><hAcc>2.441015</hAcc><vAcc>0.756730</vAcc></extensions></trkpt>
      <trkpt lon="-82.151122" lat="33.553370"><ele>95.329514</ele><time>2022-11-13T16:49:55Z</time><extensions><speed>1.460316</speed><course>55.509144</course><hAcc>2.448800</hAcc><vAcc>0.756733</vAcc></extensions></trkpt>
      <trkpt lon="-82.151109" lat="33.553376"><ele>95.393021</ele><time>2022-11-13T16:49:56Z</time><extensions><speed>1.338361</speed><course>71.073967</course><hAcc>2.456469</hAcc><vAcc>0.756763</vAcc></extensions></trkpt>
      <trkpt lon="-82.151097" lat="33.553380"><ele>95.453445</ele><time>2022-11-13T16:49:57Z</time><extensions><speed>1.130094</speed><course>65.263992</course><hAcc>2.444574</hAcc><vAcc>0.756846</vAcc></extensions></trkpt>
      <trkpt lon="-82.151085" lat="33.553384"><ele>95.502357</ele><time>2022-11-13T16:49:58Z</time><extensions><speed>1.148174</speed><course>65.543510</course><hAcc>2.439227</hAcc><vAcc>0.756954</vAcc></extensions></trkpt>
      <trkpt lon="-82.151073" lat="33.553389"><ele>95.543373</ele><time>2022-11-13T16:49:59Z</time><extensions><speed>1.316247</speed><course>63.093819</course><hAcc>2.461020</hAcc><vAcc>0.756949</vAcc></extensions></trkpt>
      <trkpt lon="-82.151060" lat="33.553395"><ele>95.582565</ele><time>2022-11-13T16:50:00Z</time><extensions><speed>1.361579</speed><course>61.533726</course><hAcc>2.478456</hAcc><vAcc>0.756896</vAcc></extensions></trkpt>
      <trkpt lon="-82.151047" lat="33.553400"><ele>95.613045</ele><time>2022-11-13T16:50:01Z</time><extensions><speed>1.310936</speed><course>67.467102</course><hAcc>2.453274</hAcc><vAcc>0.756840</vAcc></extensions></trkpt>
      <trkpt lon="-82.151034" lat="33.553404"><ele>95.635468</ele><time>2022-11-13T16:50:02Z</time><extensions><speed>1.259024</speed><course>73.633347</course><hAcc>2.445369</hAcc><vAcc>0.756793</vAcc></extensions></trkpt>
      <trkpt lon="-82.151021" lat="33.553408"><ele>95.644501</ele><time>2022-11-13T16:50:03Z</time><extensions><speed>1.231011</speed><course>62.578918</course><hAcc>2.445839</hAcc><vAcc>0.756766</vAcc></extensions></trkpt>
      <trkpt lon="-82.151010" lat="33.553414"><ele>95.641838</ele><time>2022-11-13T16:50:04Z</time><extensions><speed>1.337097</speed><course>59.429058</course><hAcc>2.461897</hAcc><vAcc>0.756745</vAcc></extensions></trkpt>
      <trkpt lon="-82.150998" lat="33.553421"><ele>95.629715</ele><time>2022-11-13T16:50:05Z</time><extensions><speed>1.258579</speed><course>56.050552</course><hAcc>2.442194</hAcc><vAcc>0.756724</vAcc></extensions></trkpt>
      <trkpt lon="-82.150987" lat="33.553425"><ele>95.610367</ele><time>2022-11-13T16:50:06Z</time><extensions><speed>1.122340</speed><course>76.187813</course><hAcc>2.437986</hAcc><vAcc>0.756725</vAcc></extensions></trkpt>
      <trkpt lon="-82.150976" lat="33.553426"><ele>95.589798</ele><time>2022-11-13T16:50:07Z</time><extensions><speed>1.084745</speed><course>96.535103</course><hAcc>2.426967</hAcc><vAcc>0.756682</vAcc></extensions></trkpt>
      <trkpt lon="-82.150964" lat="33.553427"><ele>95.563408</ele><time>2022-11-13T16:50:08Z</time><extensions><speed>1.155722</speed><course>86.357437</course><hAcc>2.420602</hAcc><vAcc>0.756601</vAcc></extensions></trkpt>
      <trkpt lon="-82.150951" lat="33.553429"><ele>95.531502</ele><time>2022-11-13T16:50:09Z</time><extensions><speed>1.284145</speed><course>76.670013</course><hAcc>2.408022</hAcc><vAcc>0.756563</vAcc></extensions></trkpt>
      <trkpt lon="-82.150939" lat="33.553434"><ele>95.494072</ele><time>2022-11-13T16:50:10Z</time><extensions><speed>1.343350</speed><course>57.441990</course><hAcc>2.400387</hAcc><vAcc>0.756567</vAcc></extensions></trkpt>
      <trkpt lon="-82.150927" lat="33.553441"><ele>95.450378</ele><time>2022-11-13T16:50:11Z</time><extensions><speed>1.406925</speed><course>52.220242</course><hAcc>2.411685</hAcc><vAcc>0.756626</vAcc></extensions></trkpt>
      <trkpt lon="-82.150916" lat="33.553451"><ele>95.400429</ele><time>2022-11-13T16:50:12Z</time><extensions><speed>1.469543</speed><course>40.971001</course><hAcc>2.422025</hAcc><vAcc>0.756832</vAcc></extensions></trkpt>
      <trkpt lon="-82.150906" lat="33.553463"><ele>95.352631</ele><time>2022-11-13T16:50:13Z</time><extensions><speed>1.606401</speed><course>33.979885</course><hAcc>2.413951</hAcc><vAcc>0.756808</vAcc></extensions></trkpt>
      <trkpt lon="-82.150897" lat="33.553475"><ele>95.309052</ele><time>2022-11-13T16:50:14Z</time><extensions><speed>1.616738</speed><course>35.244465</course><hAcc>2.410808</hAcc><vAcc>0.756676</vAcc></extensions></trkpt>
      <trkpt lon="-82.150887" lat="33.553487"><ele>95.271187</ele><time>2022-11-13T16:50:15Z</time><extensions><speed>1.490091</speed><course>41.593910</course><hAcc>2.424984</hAcc><vAcc>0.756593</vAcc></extensions></trkpt>
      <trkpt lon="-82.150877" lat="33.553497"><ele>95.235161</ele><time>2022-11-13T16:50:16Z</time><extensions><speed>1.217725</speed><course>47.956970</course><hAcc>2.453020</hAcc><vAcc>0.756577</vAcc></extensions></trkpt>
      <trkpt lon="-82.150867" lat="33.553505"><ele>95.205635</ele><time>2022-11-13T16:50:17Z</time><extensions><speed>1.339991</speed><course>47.530941</course><hAcc>2.445945</hAcc><vAcc>0.756476</vAcc></extensions></trkpt>
      <trkpt lon="-82.150856" lat="33.553513"><ele>95.176765</ele><time>2022-11-13T16:50:18Z</time><extensions><speed>1.328904</speed><course>50.081650</course><hAcc>2.440592</hAcc><vAcc>0.756481</vAcc></extensions></trkpt>
      <trkpt lon="-82.150846" lat="33.553522"><ele>95.150902</ele><time>2022-11-13T16:50:19Z</time><extensions><speed>1.300598</speed><course>44.808910</course><hAcc>2.450567</hAcc><vAcc>0.756583</vAcc></extensions></trkpt>
      <trkpt lon="-82.150837" lat="33.553530"><ele>95.120605</ele><time>2022-11-13T16:50:20Z</time><extensions><speed>1.144182</speed><course>42.294380</course><hAcc>2.469690</hAcc><vAcc>0.756572</vAcc></extensions></trkpt>
      <trkpt lon="-82.150829" lat="33.553538"><ele>95.092537</ele><time>2022-11-13T16:50:21Z</time><extensions><speed>1.207810</speed><course>37.595669</course><hAcc>2.457792</hAcc><vAcc>0.756482</vAcc></extensions></trkpt>
      <trkpt lon="-82.150821" lat="33.553548"><ele>95.065987</ele><time>2022-11-13T16:50:22Z</time><extensions><speed>1.490681</speed><course>32.720535</course><hAcc>2.430521</hAcc><vAcc>0.756675</vAcc></extensions></trkpt>
      <trkpt lon="-82.150812" lat="33.553560"><ele>95.038330</ele><time>2022-11-13T16:50:23Z</time><extensions><speed>1.570794</speed><course>30.988443</course><hAcc>2.430820</hAcc><vAcc>0.756634</vAcc></extensions></trkpt>
      <trkpt lon="-82.150804" lat="33.553571"><ele>95.005295</ele><time>2022-11-13T16:50:24Z</time><extensions><speed>1.518029</speed><course>32.782833</course><hAcc>2.468786</hAcc><vAcc>0.756814</vAcc></extensions></trkpt>
      <trkpt lon="-82.150794" lat="33.553582"><ele>94.966385</ele><time>2022-11-13T16:50:25Z</time><extensions><speed>1.467776</speed><course>37.848640</course><hAcc>2.485734</hAcc><vAcc>0.756980</vAcc></extensions></trkpt>
      <trkpt lon="-82.150785" lat="33.553592"><ele>94.917595</ele><time>2022-11-13T16:50:26Z</time><extensions><speed>1.385931</speed><course>42.002148</course><hAcc>2.493132</hAcc><vAcc>0.756979</vAcc></extensions></trkpt>
      <trkpt lon="-82.150774" lat="33.553601"><ele>94.863297</ele><time>2022-11-13T16:50:27Z</time><extensions><speed>1.555844</speed><course>44.463932</course><hAcc>2.495671</hAcc><vAcc>0.757096</vAcc></extensions></trkpt>
      <trkpt lon="-82.150763" lat="33.553612"><ele>94.798241</ele><time>2022-11-13T16:50:28Z</time><extensions><speed>1.556717</speed><course>41.806274</course><hAcc>2.476789</hAcc><vAcc>0.757378</vAcc></extensions></trkpt>
      <trkpt lon="-82.150752" lat="33.553622"><ele>94.725975</ele><time>2022-11-13T16:50:29Z</time><extensions><speed>1.508505</speed><course>38.989613</course><hAcc>2.494716</hAcc><vAcc>0.757662</vAcc></extensions></trkpt>
      <trkpt lon="-82.150742" lat="33.553632"><ele>94.647263</ele><time>2022-11-13T16:50:30Z</time><extensions><speed>1.467737</speed><course>40.169064</course><hAcc>2.544891</hAcc><vAcc>0.758125</vAcc></extensions></trkpt>
      <trkpt lon="-82.150731" lat="33.553642"><ele>94.558182</ele><time>2022-11-13T16:50:31Z</time><extensions><speed>1.347143</speed><course>46.383419</course><hAcc>2.557689</hAcc><vAcc>0.758865</vAcc></extensions></trkpt>
      <trkpt lon="-82.150718" lat="33.553651"><ele>94.441765</ele><time>2022-11-13T16:50:32Z</time><extensions><speed>1.400148</speed><course>58.010048</course><hAcc>2.571463</hAcc><vAcc>0.758095</vAcc></extensions></trkpt>
      <trkpt lon="-82.150707" lat="33.553656"><ele>94.350327</ele><time>2022-11-13T16:50:33Z</time><extensions><speed>1.408736</speed><course>61.631424</course><hAcc>2.587785</hAcc><vAcc>0.756098</vAcc></extensions></trkpt>
      <trkpt lon="-82.150694" lat="33.553663"><ele>94.236359</ele><time>2022-11-13T16:50:34Z</time><extensions><speed>1.407665</speed><course>59.935658</course><hAcc>2.599317</hAcc><vAcc>0.756152</vAcc></extensions></trkpt>
      <trkpt lon="-82.150681" lat="33.553671"><ele>94.110542</ele><time>2022-11-13T16:50:35Z</time><extensions><speed>1.429945</speed><course>51.098793</course><hAcc>2.606895</hAcc><vAcc>0.756294</vAcc></extensions></trkpt>
      <trkpt lon="-82.150670" lat="33.553681"><ele>93.989830</ele><time>2022-11-13T16:50:36Z</time><extensions><speed>1.516980</speed><course>39.866898</course><hAcc>2.618960</hAcc><vAcc>0.756400</vAcc></extensions></trkpt>
      <trkpt lon="-82.150661" lat="33.553693"><ele>93.856186</ele><time>2022-11-13T16:50:37Z</time><extensions><speed>1.467502</speed><course>33.512917</course><hAcc>2.626232</hAcc><vAcc>0.756688</vAcc></extensions></trkpt>
      <trkpt lon="-82.150652" lat="33.553704"><ele>93.723991</ele><time>2022-11-13T16:50:38Z</time><extensions><speed>1.442051</speed><course>38.279724</course><hAcc>2.606595</hAcc><vAcc>0.756685</vAcc></extensions></trkpt>
      <trkpt lon="-82.150642" lat="33.553713"><ele>93.599602</ele><time>2022-11-13T16:50:39Z</time><extensions><speed>1.455788</speed><course>50.244331</course><hAcc>2.603329</hAcc><vAcc>0.756689</vAcc></extensions></trkpt>
      <trkpt lon="-82.150629" lat="33.553721"><ele>93.477440</ele><time>2022-11-13T16:50:40Z</time><extensions><speed>1.554452</speed><course>59.293911</course><hAcc>2.534973</hAcc><vAcc>0.756835</vAcc></extensions></trkpt>
      <trkpt lon="-82.150616" lat="33.553728"><ele>93.362015</ele><time>2022-11-13T16:50:41Z</time><extensions><speed>1.565341</speed><course>54.027176</course><hAcc>2.458079</hAcc><vAcc>0.756900</vAcc></extensions></trkpt>
      <trkpt lon="-82.150603" lat="33.553737"><ele>93.255814</ele><time>2022-11-13T16:50:42Z</time><extensions><speed>1.528908</speed><course>44.323452</course><hAcc>2.405795</hAcc><vAcc>0.756916</vAcc></extensions></trkpt>
      <trkpt lon="-82.150593" lat="33.553747"><ele>93.150772</ele><time>2022-11-13T16:50:43Z</time><extensions><speed>1.512859</speed><course>29.884277</course><hAcc>2.380698</hAcc><vAcc>0.756975</vAcc></extensions></trkpt>
      <trkpt lon="-82.150584" lat="33.553757"><ele>93.054703</ele><time>2022-11-13T16:50:44Z</time><extensions><speed>1.471239</speed><course>35.963261</course><hAcc>2.344124</hAcc><vAcc>0.757038</vAcc></extensions></trkpt>
      <trkpt lon="-82.150575" lat="33.553767"><ele>92.964775</ele><time>2022-11-13T16:50:45Z</time><extensions><speed>1.510321</speed><course>38.278618</course><hAcc>2.323869</hAcc><vAcc>0.756980</vAcc></extensions></trkpt>
      <trkpt lon="-82.150565" lat="33.553777"><ele>92.883049</ele><time>2022-11-13T16:50:46Z</time><extensions><speed>1.339825</speed><course>41.591221</course><hAcc>2.279492</hAcc><vAcc>0.756867</vAcc></extensions></trkpt>
      <trkpt lon="-82.150556" lat="33.553784"><ele>92.815132</ele><time>2022-11-13T16:50:47Z</time><extensions><speed>1.098739</speed><course>48.386501</course><hAcc>2.191324</hAcc><vAcc>0.756775</vAcc></extensions></trkpt>
      <trkpt lon="-82.150547" lat="33.553789"><ele>92.761833</ele><time>2022-11-13T16:50:48Z</time><extensions><speed>0.900310</speed><course>61.564312</course><hAcc>2.084925</hAcc><vAcc>0.756650</vAcc></extensions></trkpt>
      <trkpt lon="-82.150537" lat="33.553791"><ele>92.714081</ele><time>2022-11-13T16:50:49Z</time><extensions><speed>0.905522</speed><course>76.509987</course><hAcc>1.963463</hAcc><vAcc>0.756501</vAcc></extensions></trkpt>
      <trkpt lon="-82.150527" lat="33.553792"><ele>92.678764</ele><time>2022-11-13T16:50:50Z</time><extensions><speed>0.932875</speed><course>84.889198</course><hAcc>1.841406</hAcc><vAcc>0.756321</vAcc></extensions></trkpt>
      <trkpt lon="-82.150517" lat="33.553793"><ele>92.645775</ele><time>2022-11-13T16:50:51Z</time><extensions><speed>1.041762</speed><course>82.520134</course><hAcc>1.756147</hAcc><vAcc>0.756162</vAcc></extensions></trkpt>
      <trkpt lon="-82.150504" lat="33.553795"><ele>92.620110</ele><time>2022-11-13T16:50:52Z</time><extensions><speed>1.189050</speed><course>76.125374</course><hAcc>1.695929</hAcc><vAcc>0.756034</vAcc></extensions></trkpt>
      <trkpt lon="-82.150491" lat="33.553798"><ele>92.606812</ele><time>2022-11-13T16:50:53Z</time><extensions><speed>1.365662</speed><course>66.376671</course><hAcc>1.668619</hAcc><vAcc>0.755858</vAcc></extensions></trkpt>
      <trkpt lon="-82.150478" lat="33.553804"><ele>92.591476</ele><time>2022-11-13T16:50:54Z</time><extensions><speed>1.269922</speed><course>55.368504</course><hAcc>1.633292</hAcc><vAcc>0.755286</vAcc></extensions></trkpt>
      <trkpt lon="-82.150468" lat="33.553809"><ele>92.575844</ele><time>2022-11-13T16:50:55Z</time><extensions><speed>1.050828</speed><course>57.054363</course><hAcc>1.608809</hAcc><vAcc>0.754416</vAcc></extensions></trkpt>
      <trkpt lon="-82.150458" lat="33.553814"><ele>92.559662</ele><time>2022-11-13T16:50:56Z</time><extensions><speed>1.068152</speed><course>64.338806</course><hAcc>1.603087</hAcc><vAcc>0.753995</vAcc></extensions></trkpt>
      <trkpt lon="-82.150446" lat="33.553817"><ele>92.549446</ele><time>2022-11-13T16:50:57Z</time><extensions><speed>1.361995</speed><course>82.608398</course><hAcc>1.586559</hAcc><vAcc>0.753804</vAcc></extensions></trkpt>
      <trkpt lon="-82.150429" lat="33.553818"><ele>92.527687</ele><time>2022-11-13T16:50:58Z</time><extensions><speed>1.704195</speed><course>88.560356</course><hAcc>1.587337</hAcc><vAcc>0.754442</vAcc></extensions></trkpt>
      <trkpt lon="-82.150410" lat="33.553818"><ele>92.499214</ele><time>2022-11-13T16:50:59Z</time><extensions><speed>1.898861</speed><course>90.446831</course><hAcc>1.570383</hAcc><vAcc>0.754917</vAcc></extensions></trkpt>
      <trkpt lon="-82.150389" lat="33.553818"><ele>92.469490</ele><time>2022-11-13T16:51:00Z</time><extensions><speed>1.902860</speed><course>92.458580</course><hAcc>1.563956</hAcc><vAcc>0.755282</vAcc></extensions></trkpt>
      <trkpt lon="-82.150369" lat="33.553818"><ele>92.433571</ele><time>2022-11-13T16:51:01Z</time><extensions><speed>1.890056</speed><course>88.226051</course><hAcc>1.569227</hAcc><vAcc>0.755567</vAcc></extensions></trkpt>
      <trkpt lon="-82.150349" lat="33.553821"><ele>92.389809</ele><time>2022-11-13T16:51:02Z</time><extensions><speed>1.856110</speed><course>66.541679</course><hAcc>1.583732</hAcc><vAcc>0.755795</vAcc></extensions></trkpt>
      <trkpt lon="-82.150331" lat="33.553828"><ele>92.337364</ele><time>2022-11-13T16:51:03Z</time><extensions><speed>1.759244</speed><course>65.964615</course><hAcc>1.584282</hAcc><vAcc>0.755981</vAcc></extensions></trkpt>
      <trkpt lon="-82.150315" lat="33.553835"><ele>92.285912</ele><time>2022-11-13T16:51:04Z</time><extensions><speed>1.779675</speed><course>57.410378</course><hAcc>1.563258</hAcc><vAcc>0.756133</vAcc></extensions></trkpt>
      <trkpt lon="-82.150298" lat="33.553845"><ele>92.234253</ele><time>2022-11-13T16:51:05Z</time><extensions><speed>1.832831</speed><course>55.118752</course><hAcc>1.543559</hAcc><vAcc>0.756258</vAcc></extensions></trkpt>
      <trkpt lon="-82.150282" lat="33.553854"><ele>92.186485</ele><time>2022-11-13T16:51:06Z</time><extensions><speed>1.822217</speed><course>56.314053</course><hAcc>1.558641</hAcc><vAcc>0.756360</vAcc></extensions></trkpt>
      <trkpt lon="-82.150265" lat="33.553862"><ele>92.138298</ele><time>2022-11-13T16:51:07Z</time><extensions><speed>1.870600</speed><course>62.362003</course><hAcc>1.572659</hAcc><vAcc>0.756443</vAcc></extensions></trkpt>
      <trkpt lon="-82.150246" lat="33.553869"><ele>92.101028</ele><time>2022-11-13T16:51:08Z</time><extensions><speed>1.922284</speed><course>70.992752</course><hAcc>1.588126</hAcc><vAcc>0.756510</vAcc></extensions></trkpt>
      <trkpt lon="-82.150227" lat="33.553874"><ele>92.061455</ele><time>2022-11-13T16:51:09Z</time><extensions><speed>1.890474</speed><course>70.437653</course><hAcc>1.580904</hAcc><vAcc>0.756564</vAcc></extensions></trkpt>
      <trkpt lon="-82.150208" lat="33.553880"><ele>92.033577</ele><time>2022-11-13T16:51:10Z</time><extensions><speed>1.747977</speed><course>64.789970</course><hAcc>1.596917</hAcc><vAcc>0.756607</vAcc></extensions></trkpt>
      <trkpt lon="-82.150192" lat="33.553887"><ele>92.015709</ele><time>2022-11-13T16:51:11Z</time><extensions><speed>1.544909</speed><course>59.189331</course><hAcc>1.623444</hAcc><vAcc>0.756640</vAcc></extensions></trkpt>
      <trkpt lon="-82.150180" lat="33.553895"><ele>91.997948</ele><time>2022-11-13T16:51:12Z</time><extensions><speed>1.205284</speed><course>42.969780</course><hAcc>1.597376</hAcc><vAcc>0.756665</vAcc></extensions></trkpt>
      <trkpt lon="-82.150173" lat="33.553902"><ele>91.984619</ele><time>2022-11-13T16:51:13Z</time><extensions><speed>0.980766</speed><course>28.355501</course><hAcc>1.587236</hAcc><vAcc>0.756685</vAcc></extensions></trkpt>
      <trkpt lon="-82.150170" lat="33.553910"><ele>91.972504</ele><time>2022-11-13T16:51:14Z</time><extensions><speed>0.787980</speed><course>356.340546</course><hAcc>1.616302</hAcc><vAcc>0.756699</vAcc></extensions></trkpt>
      <trkpt lon="-82.150173" lat="33.553914"><ele>91.963280</ele><time>2022-11-13T16:51:15Z</time><extensions><speed>0.609886</speed><course>287.149170</course><hAcc>1.622135</hAcc><vAcc>0.756710</vAcc></extensions></trkpt>
      <trkpt lon="-82.150180" lat="33.553915"><ele>91.959511</ele><time>2022-11-13T16:51:16Z</time><extensions><speed>0.880201</speed><course>278.558533</course><hAcc>1.650777</hAcc><vAcc>0.756718</vAcc></extensions></trkpt>
      <trkpt lon="-82.150187" lat="33.553917"><ele>91.957100</ele><time>2022-11-13T16:51:17Z</time><extensions><speed>0.559818</speed><course>295.959290</course><hAcc>1.629659</hAcc><vAcc>0.756724</vAcc></extensions></trkpt>
      <trkpt lon="-82.150189" lat="33.553920"><ele>91.952263</ele><time>2022-11-13T16:51:18Z</time><extensions><speed>0.336288</speed><course>353.017334</course><hAcc>1.641709</hAcc><vAcc>0.756728</vAcc></extensions></trkpt>
      <trkpt lon="-82.150184" lat="33.553923"><ele>91.942093</ele><time>2022-11-13T16:51:19Z</time><extensions><speed>0.924681</speed><course>68.777222</course><hAcc>1.616017</hAcc><vAcc>0.756731</vAcc></extensions></trkpt>
      <trkpt lon="-82.150171" lat="33.553925"><ele>91.933044</ele><time>2022-11-13T16:51:20Z</time><extensions><speed>1.512199</speed><course>81.421417</course><hAcc>1.598589</hAcc><vAcc>0.756734</vAcc></extensions></trkpt>
      <trkpt lon="-82.150152" lat="33.553928"><ele>91.921082</ele><time>2022-11-13T16:51:21Z</time><extensions><speed>1.896102</speed><course>82.446838</course><hAcc>1.601840</hAcc><vAcc>0.756735</vAcc></extensions></trkpt>
      <trkpt lon="-82.150131" lat="33.553930"><ele>91.899078</ele><time>2022-11-13T16:51:22Z</time><extensions><speed>1.952244</speed><course>82.176292</course><hAcc>1.615699</hAcc><vAcc>0.756736</vAcc></extensions></trkpt>
      <trkpt lon="-82.150110" lat="33.553934"><ele>91.865700</ele><time>2022-11-13T16:51:23Z</time><extensions><speed>1.926193</speed><course>73.805870</course><hAcc>1.625000</hAcc><vAcc>0.756737</vAcc></extensions></trkpt>
      <trkpt lon="-82.150090" lat="33.553940"><ele>91.823212</ele><time>2022-11-13T16:51:24Z</time><extensions><speed>2.051261</speed><course>65.949455</course><hAcc>1.608838</hAcc><vAcc>0.756738</vAcc></extensions></trkpt>
      <trkpt lon="-82.150069" lat="33.553948"><ele>91.773636</ele><time>2022-11-13T16:51:25Z</time><extensions><speed>2.050106</speed><course>63.367928</course><hAcc>1.588290</hAcc><vAcc>0.756739</vAcc></extensions></trkpt>
      <trkpt lon="-82.150050" lat="33.553955"><ele>91.719780</ele><time>2022-11-13T16:51:26Z</time><extensions><speed>1.937955</speed><course>65.967514</course><hAcc>1.609171</hAcc><vAcc>0.756739</vAcc></extensions></trkpt>
      <trkpt lon="-82.150029" lat="33.553961"><ele>91.658272</ele><time>2022-11-13T16:51:27Z</time><extensions><speed>2.097866</speed><course>76.865494</course><hAcc>1.611297</hAcc><vAcc>0.756739</vAcc></extensions></trkpt>
      <trkpt lon="-82.150004" lat="33.553965"><ele>91.594910</ele><time>2022-11-13T16:51:28Z</time><extensions><speed>2.637703</speed><course>81.222923</course><hAcc>1.599809</hAcc><vAcc>0.756740</vAcc></extensions></trkpt>
      <trkpt lon="-82.149976" lat="33.553968"><ele>91.531891</ele><time>2022-11-13T16:51:29Z</time><extensions><speed>2.624070</speed><course>86.416191</course><hAcc>1.620855</hAcc><vAcc>0.756740</vAcc></extensions></trkpt>
      <trkpt lon="-82.149948" lat="33.553969"><ele>91.466232</ele><time>2022-11-13T16:51:30Z</time><extensions><speed>2.457453</speed><course>89.944565</course><hAcc>1.603231</hAcc><vAcc>0.756740</vAcc></extensions></trkpt>
      <trkpt lon="-82.149924" lat="33.553967"><ele>91.399559</ele><time>2022-11-13T16:51:31Z</time><extensions><speed>2.047762</speed><course>100.514694</course><hAcc>1.598468</hAcc><vAcc>0.756740</vAcc></extensions></trkpt>
      <trkpt lon="-82.149905" lat="33.553965"><ele>91.330002</ele><time>2022-11-13T16:51:32Z</time><extensions><speed>1.678517</speed><course>96.038757</course><hAcc>1.604800</hAcc><vAcc>0.756741</vAcc></extensions></trkpt>
      <trkpt lon="-82.149887" lat="33.553964"><ele>91.259193</ele><time>2022-11-13T16:51:33Z</time><extensions><speed>1.559249</speed><course>88.333168</course><hAcc>1.624101</hAcc><vAcc>0.756741</vAcc></extensions></trkpt>
      <trkpt lon="-82.149870" lat="33.553966"><ele>91.191628</ele><time>2022-11-13T16:51:34Z</time><extensions><speed>1.693123</speed><course>74.750191</course><hAcc>1.643173</hAcc><vAcc>0.756741</vAcc></extensions></trkpt>
      <trkpt lon="-82.149853" lat="33.553971"><ele>91.128914</ele><time>2022-11-13T16:51:35Z</time><extensions><speed>1.677673</speed><course>68.917854</course><hAcc>1.621542</hAcc><vAcc>0.756741</vAcc></extensions></trkpt>
      <trkpt lon="-82.149835" lat="33.553977"><ele>91.071487</ele><time>2022-11-13T16:51:36Z</time><extensions><speed>1.866654</speed><course>67.713196</course><hAcc>1.630302</hAcc><vAcc>0.756741</vAcc></extensions></trkpt>
      <trkpt lon="-82.149816" lat="33.553984"><ele>91.018532</ele><time>2022-11-13T16:51:37Z</time><extensions><speed>2.090499</speed><course>62.824017</course><hAcc>1.661684</hAcc><vAcc>0.756741</vAcc></extensions></trkpt>
      <trkpt lon="-82.149797" lat="33.553994"><ele>90.971085</ele><time>2022-11-13T16:51:38Z</time><extensions><speed>2.113716</speed><course>57.623989</course><hAcc>1.661717</hAcc><vAcc>0.756741</vAcc></extensions></trkpt>
      <trkpt lon="-82.149779" lat="33.554004"><ele>90.927933</ele><time>2022-11-13T16:51:39Z</time><extensions><speed>1.877882</speed><course>54.756435</course><hAcc>1.652754</hAcc><vAcc>0.756742</vAcc></extensions></trkpt>
      <trkpt lon="-82.149764" lat="33.554012"><ele>90.891106</ele><time>2022-11-13T16:51:40Z</time><extensions><speed>1.462732</speed><course>61.272236</course><hAcc>1.657954</hAcc><vAcc>0.756742</vAcc></extensions></trkpt>
      <trkpt lon="-82.149751" lat="33.554017"><ele>90.860008</ele><time>2022-11-13T16:51:41Z</time><extensions><speed>1.087484</speed><course>65.985794</course><hAcc>1.672758</hAcc><vAcc>0.756742</vAcc></extensions></trkpt>
      <trkpt lon="-82.149742" lat="33.554020"><ele>90.832413</ele><time>2022-11-13T16:51:42Z</time><extensions><speed>0.892192</speed><course>70.050179</course><hAcc>1.668337</hAcc><vAcc>0.756742</vAcc></extensions></trkpt>
      <trkpt lon="-82.149732" lat="33.554023"><ele>90.809227</ele><time>2022-11-13T16:51:43Z</time><extensions><speed>0.978093</speed><course>73.966614</course><hAcc>1.650444</hAcc><vAcc>0.756742</vAcc></extensions></trkpt>
      <trkpt lon="-82.149721" lat="33.554025"><ele>90.790985</ele><time>2022-11-13T16:51:44Z</time><extensions><speed>1.122436</speed><course>74.537567</course><hAcc>1.651037</hAcc><vAcc>0.756742</vAcc></extensions></trkpt>
      <trkpt lon="-82.149709" lat="33.554028"><ele>90.777641</ele><time>2022-11-13T16:51:45Z</time><extensions><speed>1.113249</speed><course>76.509262</course><hAcc>1.660992</hAcc><vAcc>0.756742</vAcc></extensions></trkpt>
      <trkpt lon="-82.149697" lat="33.554030"><ele>90.768944</ele><time>2022-11-13T16:51:46Z</time><extensions><speed>1.165836</speed><course>78.111725</course><hAcc>1.653486</hAcc><vAcc>0.756742</vAcc></extensions></trkpt>
      <trkpt lon="-82.149685" lat="33.554032"><ele>90.763252</ele><time>2022-11-13T16:51:47Z</time><extensions><speed>1.227560</speed><course>77.902130</course><hAcc>1.646584</hAcc><vAcc>0.756742</vAcc></extensions></trkpt>
      <trkpt lon="-82.149671" lat="33.554035"><ele>90.754829</ele><time>2022-11-13T16:51:48Z</time><extensions><speed>1.374267</speed><course>75.222450</course><hAcc>1.622696</hAcc><vAcc>0.756742</vAcc></extensions></trkpt>
      <trkpt lon="-82.149657" lat="33.554038"><ele>90.747185</ele><time>2022-11-13T16:51:49Z</time><extensions><speed>1.410821</speed><course>73.348534</course><hAcc>1.637509</hAcc><vAcc>0.756742</vAcc></extensions></trkpt>
      <trkpt lon="-82.149643" lat="33.554042"><ele>90.740967</ele><time>2022-11-13T16:51:50Z</time><extensions><speed>1.311772</speed><course>71.602531</course><hAcc>1.655189</hAcc><vAcc>0.756742</vAcc></extensions></trkpt>
      <trkpt lon="-82.149630" lat="33.554046"><ele>90.734428</ele><time>2022-11-13T16:51:51Z</time><extensions><speed>1.184687</speed><course>72.500229</course><hAcc>1.660404</hAcc><vAcc>0.756742</vAcc></extensions></trkpt>
      <trkpt lon="-82.149619" lat="33.554049"><ele>90.719742</ele><time>2022-11-13T16:51:52Z</time><extensions><speed>1.074353</speed><course>75.367043</course><hAcc>1.653678</hAcc><vAcc>0.756742</vAcc></extensions></trkpt>
      <trkpt lon="-82.149608" lat="33.554051"><ele>90.697693</ele><time>2022-11-13T16:51:53Z</time><extensions><speed>0.925603</speed><course>81.464417</course><hAcc>1.666830</hAcc><vAcc>0.756742</vAcc></extensions></trkpt>
      <trkpt lon="-82.149598" lat="33.554052"><ele>90.669853</ele><time>2022-11-13T16:51:54Z</time><extensions><speed>0.897525</speed><course>86.186592</course><hAcc>1.654654</hAcc><vAcc>0.756742</vAcc></extensions></trkpt>
      <trkpt lon="-82.149589" lat="33.554052"><ele>90.626572</ele><time>2022-11-13T16:51:55Z</time><extensions><speed>0.885730</speed><course>84.669502</course><hAcc>1.644422</hAcc><vAcc>0.756742</vAcc></extensions></trkpt>
      <trkpt lon="-82.149579" lat="33.554054"><ele>90.576042</ele><time>2022-11-13T16:51:56Z</time><extensions><speed>0.974286</speed><course>78.280319</course><hAcc>1.675142</hAcc><vAcc>0.756742</vAcc></extensions></trkpt>
      <trkpt lon="-82.149568" lat="33.554056"><ele>90.516579</ele><time>2022-11-13T16:51:57Z</time><extensions><speed>1.154945</speed><course>69.983994</course><hAcc>1.707117</hAcc><vAcc>0.756742</vAcc></extensions></trkpt>
      <trkpt lon="-82.149556" lat="33.554061"><ele>90.444450</ele><time>2022-11-13T16:51:58Z</time><extensions><speed>1.278052</speed><course>66.374153</course><hAcc>1.696582</hAcc><vAcc>0.756742</vAcc></extensions></trkpt>
      <trkpt lon="-82.149543" lat="33.554066"><ele>90.363419</ele><time>2022-11-13T16:51:59Z</time><extensions><speed>1.329534</speed><course>65.822815</course><hAcc>1.665388</hAcc><vAcc>0.756742</vAcc></extensions></trkpt>
      <trkpt lon="-82.149530" lat="33.554071"><ele>90.282173</ele><time>2022-11-13T16:52:00Z</time><extensions><speed>1.445883</speed><course>64.191216</course><hAcc>1.653237</hAcc><vAcc>0.756742</vAcc></extensions></trkpt>
      <trkpt lon="-82.149515" lat="33.554077"><ele>90.196838</ele><time>2022-11-13T16:52:01Z</time><extensions><speed>1.658921</speed><course>64.884995</course><hAcc>1.659090</hAcc><vAcc>0.756742</vAcc></extensions></trkpt>
      <trkpt lon="-82.149498" lat="33.554083"><ele>90.101074</ele><time>2022-11-13T16:52:02Z</time><extensions><speed>1.725801</speed><course>67.288002</course><hAcc>1.681643</hAcc><vAcc>0.756742</vAcc></extensions></trkpt>
      <trkpt lon="-82.149481" lat="33.554089"><ele>89.993820</ele><time>2022-11-13T16:52:03Z</time><extensions><speed>1.666811</speed><course>67.948891</course><hAcc>1.691375</hAcc><vAcc>0.756742</vAcc></extensions></trkpt>
      <trkpt lon="-82.149466" lat="33.554095"><ele>89.887985</ele><time>2022-11-13T16:52:04Z</time><extensions><speed>1.510554</speed><course>62.296421</course><hAcc>1.677455</hAcc><vAcc>0.756742</vAcc></extensions></trkpt>
      <trkpt lon="-82.149451" lat="33.554103"><ele>89.788872</ele><time>2022-11-13T16:52:05Z</time><extensions><speed>1.650782</speed><course>53.581066</course><hAcc>1.670875</hAcc><vAcc>0.756742</vAcc></extensions></trkpt>
      <trkpt lon="-82.149438" lat="33.554113"><ele>89.693687</ele><time>2022-11-13T16:52:06Z</time><extensions><speed>1.730975</speed><course>44.028118</course><hAcc>1.649543</hAcc><vAcc>0.756742</vAcc></extensions></trkpt>
      <trkpt lon="-82.149425" lat="33.554125"><ele>89.605461</ele><time>2022-11-13T16:52:07Z</time><extensions><speed>1.705393</speed><course>44.059353</course><hAcc>1.643245</hAcc><vAcc>0.756742</vAcc></extensions></trkpt>
      <trkpt lon="-82.149412" lat="33.554135"><ele>89.525238</ele><time>2022-11-13T16:52:08Z</time><extensions><speed>1.669198</speed><course>46.600208</course><hAcc>1.642401</hAcc><vAcc>0.756742</vAcc></extensions></trkpt>
      <trkpt lon="-82.149399" lat="33.554145"><ele>89.448769</ele><time>2022-11-13T16:52:09Z</time><extensions><speed>1.679870</speed><course>48.975094</course><hAcc>1.631683</hAcc><vAcc>0.756742</vAcc></extensions></trkpt>
      <trkpt lon="-82.149385" lat="33.554155"><ele>89.379372</ele><time>2022-11-13T16:52:10Z</time><extensions><speed>1.677325</speed><course>53.946354</course><hAcc>1.650718</hAcc><vAcc>0.756742</vAcc></extensions></trkpt>
      <trkpt lon="-82.149371" lat="33.554163"><ele>89.315834</ele><time>2022-11-13T16:52:11Z</time><extensions><speed>1.590395</speed><course>59.402351</course><hAcc>1.661564</hAcc><vAcc>0.756742</vAcc></extensions></trkpt>
      <trkpt lon="-82.149356" lat="33.554170"><ele>89.263603</ele><time>2022-11-13T16:52:12Z</time><extensions><speed>1.541158</speed><course>63.300144</course><hAcc>1.649925</hAcc><vAcc>0.756742</vAcc></extensions></trkpt>
      <trkpt lon="-82.149341" lat="33.554176"><ele>89.215942</ele><time>2022-11-13T16:52:13Z</time><extensions><speed>1.520781</speed><course>64.493317</course><hAcc>1.653289</hAcc><vAcc>0.756742</vAcc></extensions></trkpt>
      <trkpt lon="-82.149327" lat="33.554182"><ele>89.176781</ele><time>2022-11-13T16:52:14Z</time><extensions><speed>1.496781</speed><course>60.504772</course><hAcc>1.662387</hAcc><vAcc>0.756743</vAcc></extensions></trkpt>
      <trkpt lon="-82.149313" lat="33.554189"><ele>89.143906</ele><time>2022-11-13T16:52:15Z</time><extensions><speed>1.451201</speed><course>57.908581</course><hAcc>1.665411</hAcc><vAcc>0.756743</vAcc></extensions></trkpt>
      <trkpt lon="-82.149301" lat="33.554195"><ele>89.114754</ele><time>2022-11-13T16:52:16Z</time><extensions><speed>1.393874</speed><course>59.035629</course><hAcc>1.648754</hAcc><vAcc>0.756743</vAcc></extensions></trkpt>
      <trkpt lon="-82.149286" lat="33.554201"><ele>89.090889</ele><time>2022-11-13T16:52:17Z</time><extensions><speed>1.679967</speed><course>65.166832</course><hAcc>1.651194</hAcc><vAcc>0.756743</vAcc></extensions></trkpt>
      <trkpt lon="-82.149269" lat="33.554207"><ele>89.062088</ele><time>2022-11-13T16:52:18Z</time><extensions><speed>1.733361</speed><course>66.572861</course><hAcc>1.649592</hAcc><vAcc>0.756743</vAcc></extensions></trkpt>
      <trkpt lon="-82.149254" lat="33.554213"><ele>89.030464</ele><time>2022-11-13T16:52:19Z</time><extensions><speed>1.450521</speed><course>65.179543</course><hAcc>1.641985</hAcc><vAcc>0.756743</vAcc></extensions></trkpt>
      <trkpt lon="-82.149241" lat="33.554219"><ele>89.002563</ele><time>2022-11-13T16:52:20Z</time><extensions><speed>1.262893</speed><course>59.966488</course><hAcc>1.642164</hAcc><vAcc>0.756743</vAcc></extensions></trkpt>
      <trkpt lon="-82.149230" lat="33.554224"><ele>88.971260</ele><time>2022-11-13T16:52:21Z</time><extensions><speed>1.120172</speed><course>54.494583</course><hAcc>1.621199</hAcc><vAcc>0.756743</vAcc></extensions></trkpt>
      <trkpt lon="-82.149221" lat="33.554230"><ele>88.947021</ele><time>2022-11-13T16:52:22Z</time><extensions><speed>1.095289</speed><course>47.741535</course><hAcc>1.617870</hAcc><vAcc>0.756743</vAcc></extensions></trkpt>
      <trkpt lon="-82.149213" lat="33.554237"><ele>88.927361</ele><time>2022-11-13T16:52:23Z</time><extensions><speed>1.125296</speed><course>43.469494</course><hAcc>1.630051</hAcc><vAcc>0.756743</vAcc></extensions></trkpt>
      <trkpt lon="-82.149205" lat="33.554245"><ele>88.905029</ele><time>2022-11-13T16:52:24Z</time><extensions><speed>1.207739</speed><course>38.772266</course><hAcc>1.643900</hAcc><vAcc>0.756743</vAcc></extensions></trkpt>
      <trkpt lon="-82.149197" lat="33.554254"><ele>88.879318</ele><time>2022-11-13T16:52:25Z</time><extensions><speed>1.275570</speed><course>38.082485</course><hAcc>1.648389</hAcc><vAcc>0.756743</vAcc></extensions></trkpt>
      <trkpt lon="-82.149189" lat="33.554263"><ele>88.850365</ele><time>2022-11-13T16:52:26Z</time><extensions><speed>1.221457</speed><course>37.419037</course><hAcc>1.648152</hAcc><vAcc>0.756743</vAcc></extensions></trkpt>
      <trkpt lon="-82.149182" lat="33.554271"><ele>88.818954</ele><time>2022-11-13T16:52:27Z</time><extensions><speed>1.103109</speed><course>35.962364</course><hAcc>1.646206</hAcc><vAcc>0.756743</vAcc></extensions></trkpt>
      <trkpt lon="-82.149177" lat="33.554279"><ele>88.788895</ele><time>2022-11-13T16:52:28Z</time><extensions><speed>0.959846</speed><course>24.983749</course><hAcc>1.630916</hAcc><vAcc>0.756743</vAcc></extensions></trkpt>
      <trkpt lon="-82.149174" lat="33.554287"><ele>88.762993</ele><time>2022-11-13T16:52:29Z</time><extensions><speed>0.976774</speed><course>9.495130</course><hAcc>1.637227</hAcc><vAcc>0.756743</vAcc></extensions></trkpt>
      <trkpt lon="-82.149173" lat="33.554297"><ele>88.739319</ele><time>2022-11-13T16:52:30Z</time><extensions><speed>1.177885</speed><course>3.038050</course><hAcc>1.681804</hAcc><vAcc>0.756743</vAcc></extensions></trkpt>
      <trkpt lon="-82.149174" lat="33.554308"><ele>88.714050</ele><time>2022-11-13T16:52:31Z</time><extensions><speed>1.319952</speed><course>352.842896</course><hAcc>1.682713</hAcc><vAcc>0.756743</vAcc></extensions></trkpt>
      <trkpt lon="-82.149177" lat="33.554320"><ele>88.692108</ele><time>2022-11-13T16:52:32Z</time><extensions><speed>1.512959</speed><course>340.978516</course><hAcc>1.659476</hAcc><vAcc>0.756743</vAcc></extensions></trkpt>
      <trkpt lon="-82.149183" lat="33.554333"><ele>88.663589</ele><time>2022-11-13T16:52:33Z</time><extensions><speed>1.632171</speed><course>339.368408</course><hAcc>1.677205</hAcc><vAcc>0.756743</vAcc></extensions></trkpt>
      <trkpt lon="-82.149191" lat="33.554347"><ele>88.639992</ele><time>2022-11-13T16:52:34Z</time><extensions><speed>1.706033</speed><course>332.863647</course><hAcc>1.664351</hAcc><vAcc>0.756743</vAcc></extensions></trkpt>
      <trkpt lon="-82.149199" lat="33.554360"><ele>88.624596</ele><time>2022-11-13T16:52:35Z</time><extensions><speed>1.747314</speed><course>331.613373</course><hAcc>1.667096</hAcc><vAcc>0.756743</vAcc></extensions></trkpt>
      <trkpt lon="-82.149209" lat="33.554374"><ele>88.618256</ele><time>2022-11-13T16:52:36Z</time><extensions><speed>1.863053</speed><course>330.307709</course><hAcc>1.653150</hAcc><vAcc>0.756743</vAcc></extensions></trkpt>
      <trkpt lon="-82.149218" lat="33.554389"><ele>88.621246</ele><time>2022-11-13T16:52:37Z</time><extensions><speed>1.918240</speed><course>335.090210</course><hAcc>1.651806</hAcc><vAcc>0.756743</vAcc></extensions></trkpt>
      <trkpt lon="-82.149226" lat="33.554405"><ele>88.634094</ele><time>2022-11-13T16:52:38Z</time><extensions><speed>1.829582</speed><course>339.750061</course><hAcc>1.649663</hAcc><vAcc>0.756743</vAcc></extensions></trkpt>
      <trkpt lon="-82.149232" lat="33.554420"><ele>88.654785</ele><time>2022-11-13T16:52:39Z</time><extensions><speed>1.678734</speed><course>344.096130</course><hAcc>1.662593</hAcc><vAcc>0.756743</vAcc></extensions></trkpt>
      <trkpt lon="-82.149236" lat="33.554434"><ele>88.687630</ele><time>2022-11-13T16:52:40Z</time><extensions><speed>1.512519</speed><course>346.148499</course><hAcc>1.679286</hAcc><vAcc>0.756743</vAcc></extensions></trkpt>
      <trkpt lon="-82.149240" lat="33.554447"><ele>88.725487</ele><time>2022-11-13T16:52:41Z</time><extensions><speed>1.544106</speed><course>348.002838</course><hAcc>1.683343</hAcc><vAcc>0.756743</vAcc></extensions></trkpt>
      <trkpt lon="-82.149244" lat="33.554460"><ele>88.754616</ele><time>2022-11-13T16:52:42Z</time><extensions><speed>1.555466</speed><course>348.439636</course><hAcc>1.706210</hAcc><vAcc>0.756743</vAcc></extensions></trkpt>
      <trkpt lon="-82.149246" lat="33.554473"><ele>88.783005</ele><time>2022-11-13T16:52:43Z</time><extensions><speed>1.278959</speed><course>355.733795</course><hAcc>1.705488</hAcc><vAcc>0.756743</vAcc></extensions></trkpt>
      <trkpt lon="-82.149247" lat="33.554482"><ele>88.803406</ele><time>2022-11-13T16:52:44Z</time><extensions><speed>0.734895</speed><course>350.693665</course><hAcc>1.693146</hAcc><vAcc>0.756743</vAcc></extensions></trkpt>
      <trkpt lon="-82.149248" lat="33.554486"><ele>88.820389</ele><time>2022-11-13T16:52:45Z</time><extensions><speed>0.275313</speed><course>345.428101</course><hAcc>1.694757</hAcc><vAcc>0.756743</vAcc></extensions></trkpt>
      <trkpt lon="-82.149249" lat="33.554488"><ele>88.832329</ele><time>2022-11-13T16:52:46Z</time><extensions><speed>0.112563</speed><course>341.406860</course><hAcc>1.702506</hAcc><vAcc>0.756743</vAcc></extensions></trkpt>
      <trkpt lon="-82.149248" lat="33.554488"><ele>88.839432</ele><time>2022-11-13T16:52:47Z</time><extensions><speed>0.080794</speed><course>136.890335</course><hAcc>1.701873</hAcc><vAcc>0.756743</vAcc></extensions></trkpt>
      <trkpt lon="-82.149247" lat="33.554487"><ele>88.846443</ele><time>2022-11-13T16:52:48Z</time><extensions><speed>0.240478</speed><course>127.040253</course><hAcc>1.709875</hAcc><vAcc>0.756743</vAcc></extensions></trkpt>
      <trkpt lon="-82.149246" lat="33.554487"><ele>88.839806</ele><time>2022-11-13T16:52:49Z</time><extensions><speed>0.133180</speed><course>20.420282</course><hAcc>1.723688</hAcc><vAcc>0.756743</vAcc></extensions></trkpt>
      <trkpt lon="-82.149247" lat="33.554488"><ele>88.828514</ele><time>2022-11-13T16:52:50Z</time><extensions><speed>0.255539</speed><course>315.584290</course><hAcc>1.710104</hAcc><vAcc>0.756743</vAcc></extensions></trkpt>
      <trkpt lon="-82.149249" lat="33.554489"><ele>88.808365</ele><time>2022-11-13T16:52:51Z</time><extensions><speed>0.290961</speed><course>275.138916</course><hAcc>1.679361</hAcc><vAcc>0.756743</vAcc></extensions></trkpt>
      <trkpt lon="-82.149252" lat="33.554489"><ele>88.784073</ele><time>2022-11-13T16:52:52Z</time><extensions><speed>0.284834</speed><course>275.608337</course><hAcc>1.681327</hAcc><vAcc>0.756743</vAcc></extensions></trkpt>
      <trkpt lon="-82.149255" lat="33.554489"><ele>88.757080</ele><time>2022-11-13T16:52:53Z</time><extensions><speed>0.072105</speed><course>295.364594</course><hAcc>1.674112</hAcc><vAcc>0.758385</vAcc></extensions></trkpt>
      <trkpt lon="-82.149255" lat="33.554489"><ele>88.735962</ele><time>2022-11-13T16:52:54Z</time><extensions><speed>0.042014</speed><course>117.403862</course><hAcc>1.639520</hAcc><vAcc>0.759099</vAcc></extensions></trkpt>
      <trkpt lon="-82.149254" lat="33.554489"><ele>88.713516</ele><time>2022-11-13T16:52:55Z</time><extensions><speed>0.202918</speed><course>119.762527</course><hAcc>1.632117</hAcc><vAcc>0.761928</vAcc></extensions></trkpt>
      <trkpt lon="-82.149251" lat="33.554488"><ele>88.698708</ele><time>2022-11-13T16:52:56Z</time><extensions><speed>0.393492</speed><course>114.495888</course><hAcc>1.670439</hAcc><vAcc>0.766025</vAcc></extensions></trkpt>
      <trkpt lon="-82.149248" lat="33.554486"><ele>88.695518</ele><time>2022-11-13T16:52:57Z</time><extensions><speed>0.321085</speed><course>132.209808</course><hAcc>1.669133</hAcc><vAcc>0.771578</vAcc></extensions></trkpt>
      <trkpt lon="-82.149247" lat="33.554485"><ele>88.700340</ele><time>2022-11-13T16:52:58Z</time><extensions><speed>0.054469</speed><course>94.199646</course><hAcc>1.672966</hAcc><vAcc>0.778715</vAcc></extensions></trkpt>
      <trkpt lon="-82.149248" lat="33.554485"><ele>88.693291</ele><time>2022-11-13T16:52:59Z</time><extensions><speed>0.154779</speed><course>297.988403</course><hAcc>1.651265</hAcc><vAcc>0.783538</vAcc></extensions></trkpt>
      <trkpt lon="-82.149250" lat="33.554486"><ele>88.691765</ele><time>2022-11-13T16:53:00Z</time><extensions><speed>0.242982</speed><course>290.760864</course><hAcc>1.660430</hAcc><vAcc>0.788828</vAcc></extensions></trkpt>
      <trkpt lon="-82.149253" lat="33.554487"><ele>88.693787</ele><time>2022-11-13T16:53:01Z</time><extensions><speed>0.289061</speed><course>279.766968</course><hAcc>1.696052</hAcc><vAcc>0.794372</vAcc></extensions></trkpt>
      <trkpt lon="-82.149256" lat="33.554487"><ele>88.689697</ele><time>2022-11-13T16:53:02Z</time><extensions><speed>0.257249</speed><course>273.364838</course><hAcc>1.755319</hAcc><vAcc>0.799821</vAcc></extensions></trkpt>
      <trkpt lon="-82.149259" lat="33.554487"><ele>88.687805</ele><time>2022-11-13T16:53:03Z</time><extensions><speed>0.331464</speed><course>257.685516</course><hAcc>1.788580</hAcc><vAcc>0.804689</vAcc></extensions></trkpt>
      <trkpt lon="-82.149263" lat="33.554486"><ele>88.684402</ele><time>2022-11-13T16:53:04Z</time><extensions><speed>0.473268</speed><course>255.874969</course><hAcc>1.834885</hAcc><vAcc>0.808445</vAcc></extensions></trkpt>
      <trkpt lon="-82.149269" lat="33.554485"><ele>88.675804</ele><time>2022-11-13T16:53:05Z</time><extensions><speed>0.573378</speed><course>250.603470</course><hAcc>1.957815</hAcc><vAcc>0.810635</vAcc></extensions></trkpt>
      <trkpt lon="-82.149275" lat="33.554484"><ele>88.670837</ele><time>2022-11-13T16:53:06Z</time><extensions><speed>0.654081</speed><course>253.617706</course><hAcc>2.120507</hAcc><vAcc>0.810885</vAcc></extensions></trkpt>
      <trkpt lon="-82.149282" lat="33.554483"><ele>88.668266</ele><time>2022-11-13T16:53:07Z</time><extensions><speed>0.680831</speed><course>258.940308</course><hAcc>2.284454</hAcc><vAcc>0.809027</vAcc></extensions></trkpt>
      <trkpt lon="-82.149289" lat="33.554483"><ele>88.666817</ele><time>2022-11-13T16:53:08Z</time><extensions><speed>0.764710</speed><course>270.809143</course><hAcc>2.388852</hAcc><vAcc>0.805219</vAcc></extensions></trkpt>
      <trkpt lon="-82.149298" lat="33.554484"><ele>88.661461</ele><time>2022-11-13T16:53:09Z</time><extensions><speed>0.910908</speed><course>282.267212</course><hAcc>2.441518</hAcc><vAcc>0.799935</vAcc></extensions></trkpt>
      <trkpt lon="-82.149307" lat="33.554487"><ele>88.654915</ele><time>2022-11-13T16:53:10Z</time><extensions><speed>0.946981</speed><course>290.918335</course><hAcc>2.424966</hAcc><vAcc>0.793845</vAcc></extensions></trkpt>
      <trkpt lon="-82.149316" lat="33.554490"><ele>88.647606</ele><time>2022-11-13T16:53:11Z</time><extensions><speed>0.789719</speed><course>296.394806</course><hAcc>2.354143</hAcc><vAcc>0.787574</vAcc></extensions></trkpt>
      <trkpt lon="-82.149322" lat="33.554493"><ele>88.640358</ele><time>2022-11-13T16:53:12Z</time><extensions><speed>0.512944</speed><course>301.650574</course><hAcc>2.261793</hAcc><vAcc>0.781582</vAcc></extensions></trkpt>
      <trkpt lon="-82.149325" lat="33.554495"><ele>88.633972</ele><time>2022-11-13T16:53:13Z</time><extensions><speed>0.298001</speed><course>326.882385</course><hAcc>2.134994</hAcc><vAcc>0.776169</vAcc></extensions></trkpt>
      <trkpt lon="-82.149326" lat="33.554498"><ele>88.627892</ele><time>2022-11-13T16:53:14Z</time><extensions><speed>0.201191</speed><course>359.988556</course><hAcc>2.014645</hAcc><vAcc>0.771500</vAcc></extensions></trkpt>
      <trkpt lon="-82.149325" lat="33.554500"><ele>88.630188</ele><time>2022-11-13T16:53:15Z</time><extensions><speed>0.212999</speed><course>31.450323</course><hAcc>1.935616</hAcc><vAcc>0.767629</vAcc></extensions></trkpt>
      <trkpt lon="-82.149323" lat="33.554502"><ele>88.637817</ele><time>2022-11-13T16:53:16Z</time><extensions><speed>0.230800</speed><course>66.897728</course><hAcc>1.945956</hAcc><vAcc>0.764535</vAcc></extensions></trkpt>
      <trkpt lon="-82.149321" lat="33.554503"><ele>88.654411</ele><time>2022-11-13T16:53:17Z</time><extensions><speed>0.183625</speed><course>42.644032</course><hAcc>1.877742</hAcc><vAcc>0.762146</vAcc></extensions></trkpt>
      <trkpt lon="-82.149319" lat="33.554505"><ele>88.672165</ele><time>2022-11-13T16:53:18Z</time><extensions><speed>0.151781</speed><course>32.117123</course><hAcc>1.874788</hAcc><vAcc>0.761956</vAcc></extensions></trkpt>
      <trkpt lon="-82.149318" lat="33.554507"><ele>88.699142</ele><time>2022-11-13T16:53:19Z</time><extensions><speed>0.128079</speed><course>26.967112</course><hAcc>1.941862</hAcc><vAcc>0.763339</vAcc></extensions></trkpt>
      <trkpt lon="-82.149318" lat="33.554508"><ele>88.735603</ele><time>2022-11-13T16:53:20Z</time><extensions><speed>0.000665</speed><course>23.460461</course><hAcc>2.021889</hAcc><vAcc>0.766426</vAcc></extensions></trkpt>
      <trkpt lon="-82.149317" lat="33.554509"><ele>88.777664</ele><time>2022-11-13T16:53:21Z</time><extensions><speed>0.000741</speed><course>20.993267</course><hAcc>2.007788</hAcc><vAcc>0.771315</vAcc></extensions></trkpt>
      <trkpt lon="-82.149317" lat="33.554510"><ele>88.828407</ele><time>2022-11-13T16:53:22Z</time><extensions><speed>0.001136</speed><course>18.898640</course><hAcc>1.996382</hAcc><vAcc>0.774617</vAcc></extensions></trkpt>
      <trkpt lon="-82.149317" lat="33.554511"><ele>88.878357</ele><time>2022-11-13T16:53:23Z</time><extensions><speed>0.153004</speed><course>16.488926</course><hAcc>1.967541</hAcc><vAcc>0.781812</vAcc></extensions></trkpt>
      <trkpt lon="-82.149316" lat="33.554513"><ele>88.933174</ele><time>2022-11-13T16:53:24Z</time><extensions><speed>0.289212</speed><course>13.555449</course><hAcc>1.999999</hAcc><vAcc>0.790660</vAcc></extensions></trkpt>
      <trkpt lon="-82.149315" lat="33.554518"><ele>88.992142</ele><time>2022-11-13T16:53:25Z</time><extensions><speed>0.445111</speed><course>8.846167</course><hAcc>2.072560</hAcc><vAcc>0.801037</vAcc></extensions></trkpt>
      <trkpt lon="-82.149315" lat="33.554523"><ele>89.055130</ele><time>2022-11-13T16:53:26Z</time><extensions><speed>0.617871</speed><course>1.755439</course><hAcc>2.160453</hAcc><vAcc>0.807973</vAcc></extensions></trkpt>
      <trkpt lon="-82.149315" lat="33.554530"><ele>89.105949</ele><time>2022-11-13T16:53:27Z</time><extensions><speed>0.695862</speed><course>0.990987</course><hAcc>2.248470</hAcc><vAcc>0.814930</vAcc></extensions></trkpt>
      <trkpt lon="-82.149315" lat="33.554537"><ele>89.156380</ele><time>2022-11-13T16:53:28Z</time><extensions><speed>0.681636</speed><course>358.811951</course><hAcc>2.329466</hAcc><vAcc>0.821264</vAcc></extensions></trkpt>
      <trkpt lon="-82.149315" lat="33.554543"><ele>89.204155</ele><time>2022-11-13T16:53:29Z</time><extensions><speed>0.464584</speed><course>356.969177</course><hAcc>2.410581</hAcc><vAcc>0.826277</vAcc></extensions></trkpt>
      <trkpt lon="-82.149315" lat="33.554547"><ele>89.257370</ele><time>2022-11-13T16:53:30Z</time><extensions><speed>0.224690</speed><course>350.652344</course><hAcc>2.455618</hAcc><vAcc>0.829434</vAcc></extensions></trkpt>
      <trkpt lon="-82.149315" lat="33.554549"><ele>89.306915</ele><time>2022-11-13T16:53:31Z</time><extensions><speed>0.206015</speed><course>3.122218</course><hAcc>2.412713</hAcc><vAcc>0.832980</vAcc></extensions></trkpt>
      <trkpt lon="-82.149315" lat="33.554551"><ele>89.354332</ele><time>2022-11-13T16:53:32Z</time><extensions><speed>0.226468</speed><course>8.142395</course><hAcc>2.364473</hAcc><vAcc>0.835247</vAcc></extensions></trkpt>
      <trkpt lon="-82.149315" lat="33.554553"><ele>89.398788</ele><time>2022-11-13T16:53:33Z</time><extensions><speed>0.072727</speed><course>32.215477</course><hAcc>2.365562</hAcc><vAcc>0.836582</vAcc></extensions></trkpt>
      <trkpt lon="-82.149315" lat="33.554553"><ele>89.434326</ele><time>2022-11-13T16:53:34Z</time><extensions><speed>0.245861</speed><course>186.225464</course><hAcc>2.427965</hAcc><vAcc>0.837336</vAcc></extensions></trkpt>
      <trkpt lon="-82.149315" lat="33.554550"><ele>89.457275</ele><time>2022-11-13T16:53:35Z</time><extensions><speed>0.482029</speed><course>187.250015</course><hAcc>2.494039</hAcc><vAcc>0.837968</vAcc></extensions></trkpt>
      <trkpt lon="-82.149316" lat="33.554547"><ele>89.465378</ele><time>2022-11-13T16:53:36Z</time><extensions><speed>0.094848</speed><course>213.218475</course><hAcc>2.442458</hAcc><vAcc>0.839144</vAcc></extensions></trkpt>
      <trkpt lon="-82.149317" lat="33.554547"><ele>89.474701</ele><time>2022-11-13T16:53:37Z</time><extensions><speed>0.109003</speed><course>254.538651</course><hAcc>2.415935</hAcc><vAcc>0.841594</vAcc></extensions></trkpt>
      <trkpt lon="-82.149317" lat="33.554547"><ele>89.464493</ele><time>2022-11-13T16:53:38Z</time><extensions><speed>0.063412</speed><course>267.549194</course><hAcc>2.432305</hAcc><vAcc>0.845842</vAcc></extensions></trkpt>
      <trkpt lon="-82.149318" lat="33.554546"><ele>89.447495</ele><time>2022-11-13T16:53:39Z</time><extensions><speed>0.177599</speed><course>206.044052</course><hAcc>2.459291</hAcc><vAcc>0.852066</vAcc></extensions></trkpt>
      <trkpt lon="-82.149318" lat="33.554545"><ele>89.430832</ele><time>2022-11-13T16:53:40Z</time><extensions><speed>0.269634</speed><course>190.038254</course><hAcc>2.455400</hAcc><vAcc>0.860084</vAcc></extensions></trkpt>
      <trkpt lon="-82.149319" lat="33.554542"><ele>89.407120</ele><time>2022-11-13T16:53:41Z</time><extensions><speed>0.316626</speed><course>207.531097</course><hAcc>2.466484</hAcc><vAcc>0.869378</vAcc></extensions></trkpt>
      <trkpt lon="-82.149319" lat="33.554541"><ele>89.377548</ele><time>2022-11-13T16:53:42Z</time><extensions><speed>0.075513</speed><course>211.326263</course><hAcc>2.515889</hAcc><vAcc>0.879235</vAcc></extensions></trkpt>
      <trkpt lon="-82.149319" lat="33.554540"><ele>89.340279</ele><time>2022-11-13T16:53:43Z</time><extensions><speed>0.012272</speed><course>34.120930</course><hAcc>2.571302</hAcc><vAcc>0.889006</vAcc></extensions></trkpt>
      <trkpt lon="-82.149319" lat="33.554541"><ele>89.294861</ele><time>2022-11-13T16:53:44Z</time><extensions><speed>0.055968</speed><course>44.490658</course><hAcc>2.532833</hAcc><vAcc>0.898227</vAcc></extensions></trkpt>
      <trkpt lon="-82.149318" lat="33.554541"><ele>89.243469</ele><time>2022-11-13T16:53:45Z</time><extensions><speed>0.082561</speed><course>57.421440</course><hAcc>2.490569</hAcc><vAcc>0.906601</vAcc></extensions></trkpt>
      <trkpt lon="-82.149317" lat="33.554542"><ele>89.183762</ele><time>2022-11-13T16:53:46Z</time><extensions><speed>0.096988</speed><course>76.338226</course><hAcc>2.474502</hAcc><vAcc>0.907186</vAcc></extensions></trkpt>
      <trkpt lon="-82.149316" lat="33.554542"><ele>89.123123</ele><time>2022-11-13T16:53:47Z</time><extensions><speed>0.120183</speed><course>104.545738</course><hAcc>2.468419</hAcc><vAcc>0.906718</vAcc></extensions></trkpt>
      <trkpt lon="-82.149313" lat="33.554541"><ele>89.037712</ele><time>2022-11-13T16:53:48Z</time><extensions><speed>0.240604</speed><course>127.342537</course><hAcc>2.432883</hAcc><vAcc>0.904761</vAcc></extensions></trkpt>
      <trkpt lon="-82.149309" lat="33.554540"><ele>88.947044</ele><time>2022-11-13T16:53:49Z</time><extensions><speed>0.286985</speed><course>120.201431</course><hAcc>2.370981</hAcc><vAcc>0.901060</vAcc></extensions></trkpt>
      <trkpt lon="-82.149306" lat="33.554539"><ele>88.860283</ele><time>2022-11-13T16:53:50Z</time><extensions><speed>0.160987</speed><course>105.331810</course><hAcc>2.355821</hAcc><vAcc>0.898502</vAcc></extensions></trkpt>
      <trkpt lon="-82.149304" lat="33.554539"><ele>88.770142</ele><time>2022-11-13T16:53:51Z</time><extensions><speed>0.011447</speed><course>92.076210</course><hAcc>2.381372</hAcc><vAcc>0.894741</vAcc></extensions></trkpt>
      <trkpt lon="-82.149303" lat="33.554539"><ele>88.668564</ele><time>2022-11-13T16:53:52Z</time><extensions><speed>0.008197</speed><course>81.166183</course><hAcc>2.340720</hAcc><vAcc>0.890098</vAcc></extensions></trkpt>
      <trkpt lon="-82.149303" lat="33.554538"><ele>88.567314</ele><time>2022-11-13T16:53:53Z</time><extensions><speed>0.007959</speed><course>83.739494</course><hAcc>2.307584</hAcc><vAcc>0.884984</vAcc></extensions></trkpt>
      <trkpt lon="-82.149302" lat="33.554538"><ele>88.461403</ele><time>2022-11-13T16:53:54Z</time><extensions><speed>0.008548</speed><course>87.197205</course><hAcc>2.284169</hAcc><vAcc>0.879913</vAcc></extensions></trkpt>
      <trkpt lon="-82.149302" lat="33.554538"><ele>88.377533</ele><time>2022-11-13T16:53:55Z</time><extensions><speed>0.009228</speed><course>90.485039</course><hAcc>2.269227</hAcc><vAcc>0.875503</vAcc></extensions></trkpt>
      <trkpt lon="-82.149301" lat="33.554538"><ele>88.307060</ele><time>2022-11-13T16:53:56Z</time><extensions><speed>0.010187</speed><course>95.221146</course><hAcc>2.261437</hAcc><vAcc>0.872475</vAcc></extensions></trkpt>
      <trkpt lon="-82.149301" lat="33.554537"><ele>88.252022</ele><time>2022-11-13T16:53:57Z</time><extensions><speed>0.018336</speed><course>115.862503</course><hAcc>2.256299</hAcc><vAcc>0.871505</vAcc></extensions></trkpt>
      <trkpt lon="-82.149300" lat="33.554536"><ele>88.185852</ele><time>2022-11-13T16:53:58Z</time><extensions><speed>0.215474</speed><course>136.125427</course><hAcc>2.222757</hAcc><vAcc>0.877642</vAcc></extensions></trkpt>
      <trkpt lon="-82.149298" lat="33.554534"><ele>88.137459</ele><time>2022-11-13T16:53:59Z</time><extensions><speed>0.327921</speed><course>148.009308</course><hAcc>2.255747</hAcc><vAcc>0.888567</vAcc></extensions></trkpt>
      <trkpt lon="-82.149296" lat="33.554531"><ele>88.117889</ele><time>2022-11-13T16:54:00Z</time><extensions><speed>0.422988</speed><course>153.693588</course><hAcc>2.343959</hAcc><vAcc>0.896432</vAcc></extensions></trkpt>
      <trkpt lon="-82.149293" lat="33.554527"><ele>88.112045</ele><time>2022-11-13T16:54:01Z</time><extensions><speed>0.560340</speed><course>155.525986</course><hAcc>2.444925</hAcc><vAcc>0.905566</vAcc></extensions></trkpt>
      <trkpt lon="-82.149290" lat="33.554522"><ele>88.079727</ele><time>2022-11-13T16:54:02Z</time><extensions><speed>0.672040</speed><course>149.631424</course><hAcc>2.536219</hAcc><vAcc>0.915270</vAcc></extensions></trkpt>
      <trkpt lon="-82.149286" lat="33.554517"><ele>88.059258</ele><time>2022-11-13T16:54:03Z</time><extensions><speed>0.734608</speed><course>145.865067</course><hAcc>2.629702</hAcc><vAcc>0.924980</vAcc></extensions></trkpt>
      <trkpt lon="-82.149282" lat="33.554511"><ele>88.062271</ele><time>2022-11-13T16:54:04Z</time><extensions><speed>0.825573</speed><course>140.988846</course><hAcc>2.691218</hAcc><vAcc>0.934249</vAcc></extensions></trkpt>
      <trkpt lon="-82.149276" lat="33.554505"><ele>88.089821</ele><time>2022-11-13T16:54:05Z</time><extensions><speed>0.934250</speed><course>141.839218</course><hAcc>2.727888</hAcc><vAcc>0.949973</vAcc></extensions></trkpt>
      <trkpt lon="-82.149270" lat="33.554498"><ele>88.196365</ele><time>2022-11-13T16:54:06Z</time><extensions><speed>0.884412</speed><course>147.378174</course><hAcc>2.749533</hAcc><vAcc>0.958101</vAcc></extensions></trkpt>
      <trkpt lon="-82.149266" lat="33.554492"><ele>88.314560</ele><time>2022-11-13T16:54:07Z</time><extensions><speed>0.718478</speed><course>160.660797</course><hAcc>2.774414</hAcc><vAcc>0.964975</vAcc></extensions></trkpt>
      <trkpt lon="-82.149266" lat="33.554488"><ele>88.416862</ele><time>2022-11-13T16:54:08Z</time><extensions><speed>0.477020</speed><course>186.346741</course><hAcc>2.809803</hAcc><vAcc>0.970326</vAcc></extensions></trkpt>
      <trkpt lon="-82.149268" lat="33.554485"><ele>88.522568</ele><time>2022-11-13T16:54:09Z</time><extensions><speed>0.446219</speed><course>252.223938</course><hAcc>2.836640</hAcc><vAcc>0.973969</vAcc></extensions></trkpt>
      <trkpt lon="-82.149273" lat="33.554486"><ele>88.644943</ele><time>2022-11-13T16:54:10Z</time><extensions><speed>0.555850</speed><course>293.777100</course><hAcc>2.811352</hAcc><vAcc>0.975972</vAcc></extensions></trkpt>
      <trkpt lon="-82.149279" lat="33.554490"><ele>88.806160</ele><time>2022-11-13T16:54:11Z</time><extensions><speed>0.656074</speed><course>304.039795</course><hAcc>2.780796</hAcc><vAcc>0.976635</vAcc></extensions></trkpt>
      <trkpt lon="-82.149285" lat="33.554494"><ele>88.969749</ele><time>2022-11-13T16:54:12Z</time><extensions><speed>0.661034</speed><course>307.082031</course><hAcc>2.763189</hAcc><vAcc>0.976277</vAcc></extensions></trkpt>
      <trkpt lon="-82.149291" lat="33.554498"><ele>89.143158</ele><time>2022-11-13T16:54:13Z</time><extensions><speed>0.521583</speed><course>314.497650</course><hAcc>2.733415</hAcc><vAcc>0.975136</vAcc></extensions></trkpt>
      <trkpt lon="-82.149294" lat="33.554502"><ele>89.308052</ele><time>2022-11-13T16:54:14Z</time><extensions><speed>0.436490</speed><course>332.960876</course><hAcc>2.730557</hAcc><vAcc>0.973353</vAcc></extensions></trkpt>
      <trkpt lon="-82.149297" lat="33.554508"><ele>89.470161</ele><time>2022-11-13T16:54:15Z</time><extensions><speed>0.698882</speed><course>348.695770</course><hAcc>2.750720</hAcc><vAcc>0.970989</vAcc></extensions></trkpt>
      <trkpt lon="-82.149299" lat="33.554517"><ele>89.627411</ele><time>2022-11-13T16:54:16Z</time><extensions><speed>1.190064</speed><course>347.972351</course><hAcc>2.739703</hAcc><vAcc>0.968126</vAcc></extensions></trkpt>
      <trkpt lon="-82.149303" lat="33.554529"><ele>89.788589</ele><time>2022-11-13T16:54:17Z</time><extensions><speed>1.398402</speed><course>345.307037</course><hAcc>2.722507</hAcc><vAcc>0.964967</vAcc></extensions></trkpt>
      <trkpt lon="-82.149308" lat="33.554542"><ele>89.987091</ele><time>2022-11-13T16:54:18Z</time><extensions><speed>1.466368</speed><course>345.321198</course><hAcc>2.715445</hAcc><vAcc>0.961745</vAcc></extensions></trkpt>
      <trkpt lon="-82.149312" lat="33.554555"><ele>90.182388</ele><time>2022-11-13T16:54:19Z</time><extensions><speed>1.476035</speed><course>345.486847</course><hAcc>2.696525</hAcc><vAcc>0.958638</vAcc></extensions></trkpt>
      <trkpt lon="-82.149317" lat="33.554569"><ele>90.373955</ele><time>2022-11-13T16:54:20Z</time><extensions><speed>1.567397</speed><course>344.535706</course><hAcc>2.694506</hAcc><vAcc>0.955769</vAcc></extensions></trkpt>
      <trkpt lon="-82.149323" lat="33.554584"><ele>90.551659</ele><time>2022-11-13T16:54:21Z</time><extensions><speed>1.766249</speed><course>341.254242</course><hAcc>2.713977</hAcc><vAcc>0.958880</vAcc></extensions></trkpt>
      <trkpt lon="-82.149331" lat="33.554600"><ele>90.727791</ele><time>2022-11-13T16:54:22Z</time><extensions><speed>1.893131</speed><course>337.391510</course><hAcc>2.715449</hAcc><vAcc>0.964472</vAcc></extensions></trkpt>
      <trkpt lon="-82.149341" lat="33.554616"><ele>90.908524</ele><time>2022-11-13T16:54:23Z</time><extensions><speed>2.014163</speed><course>332.986481</course><hAcc>2.696593</hAcc><vAcc>0.972769</vAcc></extensions></trkpt>
      <trkpt lon="-82.149352" lat="33.554633"><ele>91.084274</ele><time>2022-11-13T16:54:24Z</time><extensions><speed>2.116601</speed><course>329.874176</course><hAcc>2.679375</hAcc><vAcc>0.983876</vAcc></extensions></trkpt>
      <trkpt lon="-82.149365" lat="33.554650"><ele>91.254768</ele><time>2022-11-13T16:54:25Z</time><extensions><speed>2.172211</speed><course>326.755676</course><hAcc>2.680667</hAcc><vAcc>0.986232</vAcc></extensions></trkpt>
      <trkpt lon="-82.149378" lat="33.554666"><ele>91.455009</ele><time>2022-11-13T16:54:26Z</time><extensions><speed>2.068259</speed><course>324.631226</course><hAcc>2.684840</hAcc><vAcc>0.989327</vAcc></extensions></trkpt>
      <trkpt lon="-82.149391" lat="33.554680"><ele>91.653320</ele><time>2022-11-13T16:54:27Z</time><extensions><speed>1.830715</speed><course>322.818451</course><hAcc>2.687082</hAcc><vAcc>0.992942</vAcc></extensions></trkpt>
      <trkpt lon="-82.149404" lat="33.554693"><ele>91.850998</ele><time>2022-11-13T16:54:28Z</time><extensions><speed>1.671975</speed><course>321.740356</course><hAcc>2.633164</hAcc><vAcc>0.996798</vAcc></extensions></trkpt>
      <trkpt lon="-82.149417" lat="33.554705"><ele>92.034859</ele><time>2022-11-13T16:54:29Z</time><extensions><speed>1.877086</speed><course>320.003418</course><hAcc>2.551118</hAcc><vAcc>1.000535</vAcc></extensions></trkpt>
      <trkpt lon="-82.149432" lat="33.554719"><ele>92.232788</ele><time>2022-11-13T16:54:30Z</time><extensions><speed>2.090471</speed><course>320.316681</course><hAcc>2.471487</hAcc><vAcc>1.003702</vAcc></extensions></trkpt>
      <trkpt lon="-82.149446" lat="33.554733"><ele>92.423973</ele><time>2022-11-13T16:54:31Z</time><extensions><speed>1.988566</speed><course>321.338287</course><hAcc>2.384968</hAcc><vAcc>1.005763</vAcc></extensions></trkpt>
      <trkpt lon="-82.149460" lat="33.554746"><ele>92.611153</ele><time>2022-11-13T16:54:32Z</time><extensions><speed>1.765581</speed><course>322.849640</course><hAcc>2.305295</hAcc><vAcc>1.006204</vAcc></extensions></trkpt>
      <trkpt lon="-82.149470" lat="33.554757"><ele>92.807343</ele><time>2022-11-13T16:54:33Z</time><extensions><speed>1.296355</speed><course>326.181427</course><hAcc>2.266912</hAcc><vAcc>0.997000</vAcc></extensions></trkpt>
      <trkpt lon="-82.149478" lat="33.554766"><ele>93.004654</ele><time>2022-11-13T16:54:34Z</time><extensions><speed>1.181994</speed><course>327.448914</course><hAcc>2.191180</hAcc><vAcc>0.986533</vAcc></extensions></trkpt>
      <trkpt lon="-82.149485" lat="33.554775"><ele>93.219894</ele><time>2022-11-13T16:54:35Z</time><extensions><speed>1.105857</speed><course>326.142609</course><hAcc>2.125031</hAcc><vAcc>0.974359</vAcc></extensions></trkpt>
      <trkpt lon="-82.149493" lat="33.554782"><ele>93.425110</ele><time>2022-11-13T16:54:36Z</time><extensions><speed>1.145582</speed><course>319.462433</course><hAcc>2.047983</hAcc><vAcc>0.960525</vAcc></extensions></trkpt>
      <trkpt lon="-82.149503" lat="33.554790"><ele>93.628677</ele><time>2022-11-13T16:54:37Z</time><extensions><speed>1.390384</speed><course>313.861908</course><hAcc>1.934649</hAcc><vAcc>0.945241</vAcc></extensions></trkpt>
      <trkpt lon="-82.149515" lat="33.554799"><ele>93.826729</ele><time>2022-11-13T16:54:38Z</time><extensions><speed>1.477531</speed><course>311.459717</course><hAcc>1.820505</hAcc><vAcc>0.928736</vAcc></extensions></trkpt>
      <trkpt lon="-82.149527" lat="33.554808"><ele>94.010963</ele><time>2022-11-13T16:54:39Z</time><extensions><speed>1.464245</speed><course>312.582794</course><hAcc>1.751959</hAcc><vAcc>0.911259</vAcc></extensions></trkpt>
      <trkpt lon="-82.149539" lat="33.554817"><ele>94.199066</ele><time>2022-11-13T16:54:40Z</time><extensions><speed>1.474743</speed><course>312.277069</course><hAcc>1.679772</hAcc><vAcc>0.893094</vAcc></extensions></trkpt>
      <trkpt lon="-82.149551" lat="33.554826"><ele>94.379318</ele><time>2022-11-13T16:54:41Z</time><extensions><speed>1.467839</speed><course>310.331635</course><hAcc>1.633225</hAcc><vAcc>0.874595</vAcc></extensions></trkpt>
      <trkpt lon="-82.149563" lat="33.554834"><ele>94.549545</ele><time>2022-11-13T16:54:42Z</time><extensions><speed>1.468614</speed><course>307.462799</course><hAcc>1.603436</hAcc><vAcc>0.856227</vAcc></extensions></trkpt>
      <trkpt lon="-82.149577" lat="33.554842"><ele>94.711639</ele><time>2022-11-13T16:54:43Z</time><extensions><speed>1.486769</speed><course>302.796570</course><hAcc>1.567438</hAcc><vAcc>0.838595</vAcc></extensions></trkpt>
      <trkpt lon="-82.149590" lat="33.554849"><ele>94.855995</ele><time>2022-11-13T16:54:44Z</time><extensions><speed>1.382103</speed><course>305.384888</course><hAcc>1.572000</hAcc><vAcc>0.822354</vAcc></extensions></trkpt>
      <trkpt lon="-82.149600" lat="33.554856"><ele>94.983498</ele><time>2022-11-13T16:54:45Z</time><extensions><speed>1.135916</speed><course>314.857666</course><hAcc>1.563001</hAcc><vAcc>0.807995</vAcc></extensions></trkpt>
      <trkpt lon="-82.149609" lat="33.554864"><ele>95.096901</ele><time>2022-11-13T16:54:46Z</time><extensions><speed>1.174704</speed><course>312.579620</course><hAcc>1.552122</hAcc><vAcc>0.795762</vAcc></extensions></trkpt>
      <trkpt lon="-82.149619" lat="33.554871"><ele>95.193840</ele><time>2022-11-13T16:54:47Z</time><extensions><speed>1.194604</speed><course>308.445984</course><hAcc>1.568583</hAcc><vAcc>0.785691</vAcc></extensions></trkpt>
      <trkpt lon="-82.149630" lat="33.554877"><ele>95.274940</ele><time>2022-11-13T16:54:48Z</time><extensions><speed>1.360677</speed><course>303.310333</course><hAcc>1.556430</hAcc><vAcc>0.777664</vAcc></extensions></trkpt>
      <trkpt lon="-82.149643" lat="33.554884"><ele>95.337585</ele><time>2022-11-13T16:54:49Z</time><extensions><speed>1.470451</speed><course>301.145508</course><hAcc>1.522335</hAcc><vAcc>0.771461</vAcc></extensions></trkpt>
      <trkpt lon="-82.149656" lat="33.554891"><ele>95.376686</ele><time>2022-11-13T16:54:50Z</time><extensions><speed>1.414757</speed><course>303.299591</course><hAcc>1.518024</hAcc><vAcc>0.766813</vAcc></extensions></trkpt>
      <trkpt lon="-82.149666" lat="33.554900"><ele>95.393684</ele><time>2022-11-13T16:54:51Z</time><extensions><speed>1.359457</speed><course>328.962189</course><hAcc>1.544860</hAcc><vAcc>0.763437</vAcc></extensions></trkpt>
      <trkpt lon="-82.149673" lat="33.554911"><ele>95.391487</ele><time>2022-11-13T16:54:52Z</time><extensions><speed>1.356498</speed><course>327.773529</course><hAcc>1.554528</hAcc><vAcc>0.761061</vAcc></extensions></trkpt>
      <trkpt lon="-82.149681" lat="33.554920"><ele>95.380516</ele><time>2022-11-13T16:54:53Z</time><extensions><speed>1.161386</speed><course>323.327576</course><hAcc>1.554120</hAcc><vAcc>0.759446</vAcc></extensions></trkpt>
      <trkpt lon="-82.149688" lat="33.554929"><ele>95.348137</ele><time>2022-11-13T16:54:54Z</time><extensions><speed>1.174696</speed><course>325.523376</course><hAcc>1.540387</hAcc><vAcc>0.758389</vAcc></extensions></trkpt>
      <trkpt lon="-82.149695" lat="33.554937"><ele>95.297127</ele><time>2022-11-13T16:54:55Z</time><extensions><speed>1.202320</speed><course>326.175049</course><hAcc>1.531685</hAcc><vAcc>0.757726</vAcc></extensions></trkpt>
      <trkpt lon="-82.149703" lat="33.554946"><ele>95.241287</ele><time>2022-11-13T16:54:56Z</time><extensions><speed>1.267239</speed><course>325.504547</course><hAcc>1.560339</hAcc><vAcc>0.757331</vAcc></extensions></trkpt>
      <trkpt lon="-82.149711" lat="33.554956"><ele>95.181198</ele><time>2022-11-13T16:54:57Z</time><extensions><speed>1.344393</speed><course>323.292267</course><hAcc>1.589394</hAcc><vAcc>0.757110</vAcc></extensions></trkpt>
      <trkpt lon="-82.149720" lat="33.554965"><ele>95.117561</ele><time>2022-11-13T16:54:58Z</time><extensions><speed>1.346086</speed><course>321.502502</course><hAcc>1.588155</hAcc><vAcc>0.756997</vAcc></extensions></trkpt>
      <trkpt lon="-82.149729" lat="33.554975"><ele>95.051346</ele><time>2022-11-13T16:54:59Z</time><extensions><speed>1.323250</speed><course>319.932831</course><hAcc>1.577129</hAcc><vAcc>0.756945</vAcc></extensions></trkpt>
      <trkpt lon="-82.149739" lat="33.554984"><ele>94.985931</ele><time>2022-11-13T16:55:00Z</time><extensions><speed>1.333806</speed><course>318.724243</course><hAcc>1.587761</hAcc><vAcc>0.756924</vAcc></extensions></trkpt>
      <trkpt lon="-82.149749" lat="33.554992"><ele>94.923058</ele><time>2022-11-13T16:55:01Z</time><extensions><speed>1.389801</speed><course>314.682068</course><hAcc>1.581711</hAcc><vAcc>0.756916</vAcc></extensions></trkpt>
      <trkpt lon="-82.149760" lat="33.555001"><ele>94.860786</ele><time>2022-11-13T16:55:02Z</time><extensions><speed>1.434303</speed><course>309.254028</course><hAcc>1.583603</hAcc><vAcc>0.756911</vAcc></extensions></trkpt>
      <trkpt lon="-82.149772" lat="33.555008"><ele>94.808571</ele><time>2022-11-13T16:55:03Z</time><extensions><speed>1.385707</speed><course>305.018402</course><hAcc>1.591297</hAcc><vAcc>0.756905</vAcc></extensions></trkpt>
      <trkpt lon="-82.149784" lat="33.555015"><ele>94.766060</ele><time>2022-11-13T16:55:04Z</time><extensions><speed>1.304707</speed><course>305.308044</course><hAcc>1.625330</hAcc><vAcc>0.756894</vAcc></extensions></trkpt>
      <trkpt lon="-82.149794" lat="33.555023"><ele>94.736221</ele><time>2022-11-13T16:55:05Z</time><extensions><speed>1.280516</speed><course>317.557190</course><hAcc>1.639600</hAcc><vAcc>0.756881</vAcc></extensions></trkpt>
      <trkpt lon="-82.149804" lat="33.555031"><ele>94.717720</ele><time>2022-11-13T16:55:06Z</time><extensions><speed>1.284730</speed><course>309.288727</course><hAcc>1.595982</hAcc><vAcc>0.756865</vAcc></extensions></trkpt>
      <trkpt lon="-82.149816" lat="33.555038"><ele>94.701126</ele><time>2022-11-13T16:55:07Z</time><extensions><speed>1.328185</speed><course>301.479370</course><hAcc>1.600376</hAcc><vAcc>0.756847</vAcc></extensions></trkpt>
      <trkpt lon="-82.149828" lat="33.555044"><ele>94.692696</ele><time>2022-11-13T16:55:08Z</time><extensions><speed>1.396166</speed><course>301.264343</course><hAcc>1.622031</hAcc><vAcc>0.756830</vAcc></extensions></trkpt>
      <trkpt lon="-82.149840" lat="33.555050"><ele>94.693314</ele><time>2022-11-13T16:55:09Z</time><extensions><speed>1.185371</speed><course>298.709045</course><hAcc>1.611609</hAcc><vAcc>0.756814</vAcc></extensions></trkpt>
      <trkpt lon="-82.149851" lat="33.555056"><ele>94.705040</ele><time>2022-11-13T16:55:10Z</time><extensions><speed>1.110498</speed><course>305.852112</course><hAcc>1.612278</hAcc><vAcc>0.756799</vAcc></extensions></trkpt>
      <trkpt lon="-82.149860" lat="33.555062"><ele>94.728485</ele><time>2022-11-13T16:55:11Z</time><extensions><speed>1.113252</speed><course>310.137787</course><hAcc>1.616487</hAcc><vAcc>0.756786</vAcc></extensions></trkpt>
      <trkpt lon="-82.149870" lat="33.555069"><ele>94.754372</ele><time>2022-11-13T16:55:12Z</time><extensions><speed>1.204377</speed><course>311.717010</course><hAcc>1.592524</hAcc><vAcc>0.756775</vAcc></extensions></trkpt>
      <trkpt lon="-82.149880" lat="33.555076"><ele>94.774261</ele><time>2022-11-13T16:55:13Z</time><extensions><speed>1.393578</speed><course>312.222961</course><hAcc>1.560862</hAcc><vAcc>0.756767</vAcc></extensions></trkpt>
      <trkpt lon="-82.149892" lat="33.555085"><ele>94.792442</ele><time>2022-11-13T16:55:14Z</time><extensions><speed>1.477822</speed><course>307.747192</course><hAcc>1.567659</hAcc><vAcc>0.756760</vAcc></extensions></trkpt>
      <trkpt lon="-82.149906" lat="33.555092"><ele>94.807602</ele><time>2022-11-13T16:55:15Z</time><extensions><speed>1.499408</speed><course>297.359985</course><hAcc>1.602806</hAcc><vAcc>0.756755</vAcc></extensions></trkpt>
      <trkpt lon="-82.149919" lat="33.555099"><ele>94.814880</ele><time>2022-11-13T16:55:16Z</time><extensions><speed>1.404160</speed><course>306.798462</course><hAcc>1.564962</hAcc><vAcc>0.756751</vAcc></extensions></trkpt>
      <trkpt lon="-82.149931" lat="33.555107"><ele>94.822449</ele><time>2022-11-13T16:55:17Z</time><extensions><speed>1.349061</speed><course>313.933838</course><hAcc>1.537844</hAcc><vAcc>0.756748</vAcc></extensions></trkpt>
      <trkpt lon="-82.149940" lat="33.555116"><ele>94.825218</ele><time>2022-11-13T16:55:18Z</time><extensions><speed>1.334647</speed><course>323.723572</course><hAcc>1.524350</hAcc><vAcc>0.756746</vAcc></extensions></trkpt>
      <trkpt lon="-82.149950" lat="33.555124"><ele>94.823463</ele><time>2022-11-13T16:55:19Z</time><extensions><speed>1.303610</speed><course>311.022461</course><hAcc>1.526044</hAcc><vAcc>0.756745</vAcc></extensions></trkpt>
      <trkpt lon="-82.149961" lat="33.555131"><ele>94.814018</ele><time>2022-11-13T16:55:20Z</time><extensions><speed>1.230767</speed><course>301.682129</course><hAcc>1.533009</hAcc><vAcc>0.756744</vAcc></extensions></trkpt>
      <trkpt lon="-82.149973" lat="33.555136"><ele>94.796104</ele><time>2022-11-13T16:55:21Z</time><extensions><speed>1.152721</speed><course>296.207886</course><hAcc>1.536670</hAcc><vAcc>0.756743</vAcc></extensions></trkpt>
      <trkpt lon="-82.149984" lat="33.555141"><ele>94.769920</ele><time>2022-11-13T16:55:22Z</time><extensions><speed>1.187996</speed><course>299.245422</course><hAcc>1.540555</hAcc><vAcc>0.756743</vAcc></extensions></trkpt>
      <trkpt lon="-82.149995" lat="33.555146"><ele>94.737801</ele><time>2022-11-13T16:55:23Z</time><extensions><speed>1.207965</speed><course>303.760559</course><hAcc>1.543406</hAcc><vAcc>0.756743</vAcc></extensions></trkpt>
      <trkpt lon="-82.150006" lat="33.555153"><ele>94.704979</ele><time>2022-11-13T16:55:24Z</time><extensions><speed>1.294793</speed><course>310.639648</course><hAcc>1.532288</hAcc><vAcc>0.756743</vAcc></extensions></trkpt>
      <trkpt lon="-82.150017" lat="33.555160"><ele>94.670853</ele><time>2022-11-13T16:55:25Z</time><extensions><speed>1.199892</speed><course>306.983917</course><hAcc>1.528206</hAcc><vAcc>0.756743</vAcc></extensions></trkpt>
      <trkpt lon="-82.150028" lat="33.555166"><ele>94.632370</ele><time>2022-11-13T16:55:26Z</time><extensions><speed>1.315676</speed><course>300.066803</course><hAcc>1.520529</hAcc><vAcc>0.756743</vAcc></extensions></trkpt>
      <trkpt lon="-82.150041" lat="33.555170"><ele>94.596031</ele><time>2022-11-13T16:55:27Z</time><extensions><speed>1.271083</speed><course>291.201508</course><hAcc>1.526662</hAcc><vAcc>0.756743</vAcc></extensions></trkpt>
      <trkpt lon="-82.150054" lat="33.555176"><ele>94.561661</ele><time>2022-11-13T16:55:28Z</time><extensions><speed>1.327629</speed><course>302.722565</course><hAcc>1.581169</hAcc><vAcc>0.756743</vAcc></extensions></trkpt>
      <trkpt lon="-82.150065" lat="33.555181"><ele>94.525810</ele><time>2022-11-13T16:55:29Z</time><extensions><speed>1.190817</speed><course>301.898132</course><hAcc>1.570545</hAcc><vAcc>0.756743</vAcc></extensions></trkpt>
      <trkpt lon="-82.150077" lat="33.555186"><ele>94.497948</ele><time>2022-11-13T16:55:30Z</time><extensions><speed>1.265871</speed><course>288.410126</course><hAcc>1.581408</hAcc><vAcc>0.756743</vAcc></extensions></trkpt>
      <trkpt lon="-82.150091" lat="33.555189"><ele>94.463272</ele><time>2022-11-13T16:55:31Z</time><extensions><speed>1.319465</speed><course>282.448517</course><hAcc>1.583119</hAcc><vAcc>0.756743</vAcc></extensions></trkpt>
      <trkpt lon="-82.150105" lat="33.555191"><ele>94.428467</ele><time>2022-11-13T16:55:32Z</time><extensions><speed>1.315272</speed><course>281.025635</course><hAcc>1.592155</hAcc><vAcc>0.756743</vAcc></extensions></trkpt>
      <trkpt lon="-82.150120" lat="33.555192"><ele>94.393524</ele><time>2022-11-13T16:55:33Z</time><extensions><speed>1.406896</speed><course>269.511688</course><hAcc>1.598059</hAcc><vAcc>0.756743</vAcc></extensions></trkpt>
      <trkpt lon="-82.150135" lat="33.555193"><ele>94.350960</ele><time>2022-11-13T16:55:34Z</time><extensions><speed>1.486818</speed><course>271.565063</course><hAcc>1.609544</hAcc><vAcc>0.756743</vAcc></extensions></trkpt>
      <trkpt lon="-82.150152" lat="33.555193"><ele>94.307579</ele><time>2022-11-13T16:55:35Z</time><extensions><speed>1.583990</speed><course>267.633301</course><hAcc>1.635162</hAcc><vAcc>0.756743</vAcc></extensions></trkpt>
      <trkpt lon="-82.150169" lat="33.555192"><ele>94.255867</ele><time>2022-11-13T16:55:36Z</time><extensions><speed>1.622254</speed><course>267.891022</course><hAcc>1.653239</hAcc><vAcc>0.756743</vAcc></extensions></trkpt>
      <trkpt lon="-82.150186" lat="33.555192"><ele>94.203255</ele><time>2022-11-13T16:55:37Z</time><extensions><speed>1.636878</speed><course>270.897369</course><hAcc>1.650324</hAcc><vAcc>0.756743</vAcc></extensions></trkpt>
      <trkpt lon="-82.150204" lat="33.555194"><ele>94.137726</ele><time>2022-11-13T16:55:38Z</time><extensions><speed>1.723473</speed><course>281.640259</course><hAcc>1.636651</hAcc><vAcc>0.756743</vAcc></extensions></trkpt>
      <trkpt lon="-82.150222" lat="33.555198"><ele>94.061134</ele><time>2022-11-13T16:55:39Z</time><extensions><speed>1.686311</speed><course>288.164459</course><hAcc>1.608731</hAcc><vAcc>0.756743</vAcc></extensions></trkpt>
      <trkpt lon="-82.150239" lat="33.555203"><ele>93.970558</ele><time>2022-11-13T16:55:40Z</time><extensions><speed>1.673246</speed><course>289.674805</course><hAcc>1.596169</hAcc><vAcc>0.756743</vAcc></extensions></trkpt>
      <trkpt lon="-82.150255" lat="33.555208"><ele>93.873627</ele><time>2022-11-13T16:55:41Z</time><extensions><speed>1.529830</speed><course>290.445251</course><hAcc>1.615148</hAcc><vAcc>0.756743</vAcc></extensions></trkpt>
      <trkpt lon="-82.150270" lat="33.555213"><ele>93.765388</ele><time>2022-11-13T16:55:42Z</time><extensions><speed>1.547291</speed><course>295.750854</course><hAcc>1.599880</hAcc><vAcc>0.756743</vAcc></extensions></trkpt>
      <trkpt lon="-82.150284" lat="33.555219"><ele>93.644348</ele><time>2022-11-13T16:55:43Z</time><extensions><speed>1.483370</speed><course>301.201996</course><hAcc>1.601584</hAcc><vAcc>0.756743</vAcc></extensions></trkpt>
      <trkpt lon="-82.150297" lat="33.555227"><ele>93.501183</ele><time>2022-11-13T16:55:44Z</time><extensions><speed>1.534568</speed><course>304.175140</course><hAcc>1.635470</hAcc><vAcc>0.756743</vAcc></extensions></trkpt>
      <trkpt lon="-82.150310" lat="33.555235"><ele>93.353874</ele><time>2022-11-13T16:55:45Z</time><extensions><speed>1.523101</speed><course>310.747345</course><hAcc>1.609391</hAcc><vAcc>0.756743</vAcc></extensions></trkpt>
      <trkpt lon="-82.150322" lat="33.555244"><ele>93.196175</ele><time>2022-11-13T16:55:46Z</time><extensions><speed>1.492181</speed><course>314.149780</course><hAcc>1.619083</hAcc><vAcc>0.756743</vAcc></extensions></trkpt>
      <trkpt lon="-82.150333" lat="33.555253"><ele>93.026405</ele><time>2022-11-13T16:55:47Z</time><extensions><speed>1.307569</speed><course>312.552643</course><hAcc>1.627077</hAcc><vAcc>0.756743</vAcc></extensions></trkpt>
      <trkpt lon="-82.150344" lat="33.555259"><ele>92.846413</ele><time>2022-11-13T16:55:48Z</time><extensions><speed>1.213403</speed><course>302.277924</course><hAcc>1.624187</hAcc><vAcc>0.756743</vAcc></extensions></trkpt>
      <trkpt lon="-82.150356" lat="33.555265"><ele>92.652328</ele><time>2022-11-13T16:55:49Z</time><extensions><speed>1.327190</speed><course>295.273010</course><hAcc>1.633364</hAcc><vAcc>0.756743</vAcc></extensions></trkpt>
      <trkpt lon="-82.150368" lat="33.555269"><ele>92.456306</ele><time>2022-11-13T16:55:50Z</time><extensions><speed>1.271622</speed><course>289.067352</course><hAcc>1.637324</hAcc><vAcc>0.756743</vAcc></extensions></trkpt>
      <trkpt lon="-82.150380" lat="33.555272"><ele>92.257950</ele><time>2022-11-13T16:55:51Z</time><extensions><speed>1.008234</speed><course>281.313782</course><hAcc>1.640439</hAcc><vAcc>0.756743</vAcc></extensions></trkpt>
      <trkpt lon="-82.150391" lat="33.555273"><ele>92.060219</ele><time>2022-11-13T16:55:52Z</time><extensions><speed>1.011556</speed><course>274.500763</course><hAcc>1.671552</hAcc><vAcc>0.756743</vAcc></extensions></trkpt>
      <trkpt lon="-82.150403" lat="33.555273"><ele>91.865028</ele><time>2022-11-13T16:55:53Z</time><extensions><speed>1.233026</speed><course>266.175140</course><hAcc>1.674805</hAcc><vAcc>0.756743</vAcc></extensions></trkpt>
      <trkpt lon="-82.150417" lat="33.555272"><ele>91.672882</ele><time>2022-11-13T16:55:54Z</time><extensions><speed>1.335854</speed><course>262.538025</course><hAcc>1.679702</hAcc><vAcc>0.756743</vAcc></extensions></trkpt>
      <trkpt lon="-82.150431" lat="33.555270"><ele>91.473412</ele><time>2022-11-13T16:55:55Z</time><extensions><speed>1.285732</speed><course>259.362732</course><hAcc>1.656094</hAcc><vAcc>0.756743</vAcc></extensions></trkpt>
      <trkpt lon="-82.150444" lat="33.555267"><ele>91.280365</ele><time>2022-11-13T16:55:56Z</time><extensions><speed>1.318387</speed><course>256.622986</course><hAcc>1.647595</hAcc><vAcc>0.756743</vAcc></extensions></trkpt>
      <trkpt lon="-82.150459" lat="33.555264"><ele>91.100578</ele><time>2022-11-13T16:55:57Z</time><extensions><speed>1.538699</speed><course>254.810226</course><hAcc>1.680215</hAcc><vAcc>0.756743</vAcc></extensions></trkpt>
      <trkpt lon="-82.150476" lat="33.555260"><ele>90.926277</ele><time>2022-11-13T16:55:58Z</time><extensions><speed>1.615528</speed><course>255.635117</course><hAcc>1.714074</hAcc><vAcc>0.756743</vAcc></extensions></trkpt>
      <trkpt lon="-82.150492" lat="33.555257"><ele>90.754196</ele><time>2022-11-13T16:55:59Z</time><extensions><speed>1.495326</speed><course>256.341766</course><hAcc>1.720906</hAcc><vAcc>0.756743</vAcc></extensions></trkpt>
      <trkpt lon="-82.150507" lat="33.555254"><ele>90.593536</ele><time>2022-11-13T16:56:00Z</time><extensions><speed>1.432342</speed><course>258.796204</course><hAcc>1.705039</hAcc><vAcc>0.756743</vAcc></extensions></trkpt>
      <trkpt lon="-82.150522" lat="33.555253"><ele>90.438896</ele><time>2022-11-13T16:56:01Z</time><extensions><speed>1.368903</speed><course>262.231964</course><hAcc>1.716846</hAcc><vAcc>0.756743</vAcc></extensions></trkpt>
      <trkpt lon="-82.150537" lat="33.555252"><ele>90.292236</ele><time>2022-11-13T16:56:02Z</time><extensions><speed>1.481335</speed><course>268.677185</course><hAcc>1.748738</hAcc><vAcc>0.756743</vAcc></extensions></trkpt>
      <trkpt lon="-82.150553" lat="33.555253"><ele>90.149628</ele><time>2022-11-13T16:56:03Z</time><extensions><speed>1.416234</speed><course>276.468323</course><hAcc>1.789802</hAcc><vAcc>0.756743</vAcc></extensions></trkpt>
      <trkpt lon="-82.150567" lat="33.555255"><ele>90.012764</ele><time>2022-11-13T16:56:04Z</time><extensions><speed>1.377020</speed><course>279.969147</course><hAcc>1.862661</hAcc><vAcc>0.756743</vAcc></extensions></trkpt>
      <trkpt lon="-82.150581" lat="33.555257"><ele>89.876648</ele><time>2022-11-13T16:56:05Z</time><extensions><speed>1.302398</speed><course>279.411621</course><hAcc>1.950606</hAcc><vAcc>0.756743</vAcc></extensions></trkpt>
      <trkpt lon="-82.150594" lat="33.555259"><ele>89.737854</ele><time>2022-11-13T16:56:06Z</time><extensions><speed>1.234700</speed><course>280.153015</course><hAcc>2.060755</hAcc><vAcc>0.756743</vAcc></extensions></trkpt>
      <trkpt lon="-82.150605" lat="33.555263"><ele>89.600433</ele><time>2022-11-13T16:56:07Z</time><extensions><speed>1.074406</speed><course>301.594421</course><hAcc>2.140000</hAcc><vAcc>0.756743</vAcc></extensions></trkpt>
      <trkpt lon="-82.150609" lat="33.555270"><ele>89.456696</ele><time>2022-11-13T16:56:08Z</time><extensions><speed>1.182839</speed><course>359.596954</course><hAcc>2.204186</hAcc><vAcc>0.756743</vAcc></extensions></trkpt>
      <trkpt lon="-82.150605" lat="33.555282"><ele>89.315247</ele><time>2022-11-13T16:56:09Z</time><extensions><speed>1.435839</speed><course>28.521105</course><hAcc>2.254240</hAcc><vAcc>0.756743</vAcc></extensions></trkpt>
      <trkpt lon="-82.150595" lat="33.555293"><ele>89.177940</ele><time>2022-11-13T16:56:10Z</time><extensions><speed>1.665018</speed><course>36.830742</course><hAcc>2.228839</hAcc><vAcc>0.756743</vAcc></extensions></trkpt>
      <trkpt lon="-82.150582" lat="33.555305"><ele>89.037819</ele><time>2022-11-13T16:56:11Z</time><extensions><speed>1.750002</speed><course>42.919750</course><hAcc>2.253811</hAcc><vAcc>0.756743</vAcc></extensions></trkpt>
      <trkpt lon="-82.150568" lat="33.555316"><ele>88.896072</ele><time>2022-11-13T16:56:12Z</time><extensions><speed>1.718477</speed><course>51.030930</course><hAcc>2.323128</hAcc><vAcc>0.756743</vAcc></extensions></trkpt>
      <trkpt lon="-82.150553" lat="33.555325"><ele>88.749146</ele><time>2022-11-13T16:56:13Z</time><extensions><speed>1.673338</speed><course>61.597446</course><hAcc>2.364773</hAcc><vAcc>0.756743</vAcc></extensions></trkpt>
      <trkpt lon="-82.150536" lat="33.555331"><ele>88.609650</ele><time>2022-11-13T16:56:14Z</time><extensions><speed>1.651314</speed><course>73.195534</course><hAcc>2.399721</hAcc><vAcc>0.756743</vAcc></extensions></trkpt>
      <trkpt lon="-82.150518" lat="33.555335"><ele>88.472916</ele><time>2022-11-13T16:56:15Z</time><extensions><speed>1.674395</speed><course>82.847717</course><hAcc>2.421696</hAcc><vAcc>0.756743</vAcc></extensions></trkpt>
      <trkpt lon="-82.150499" lat="33.555336"><ele>88.334045</ele><time>2022-11-13T16:56:16Z</time><extensions><speed>1.714574</speed><course>90.766335</course><hAcc>2.446941</hAcc><vAcc>0.756743</vAcc></extensions></trkpt>
      <trkpt lon="-82.150481" lat="33.555335"><ele>88.203255</ele><time>2022-11-13T16:56:17Z</time><extensions><speed>1.603950</speed><course>94.339828</course><hAcc>2.467993</hAcc><vAcc>0.756743</vAcc></extensions></trkpt>
      <trkpt lon="-82.150463" lat="33.555335"><ele>88.080460</ele><time>2022-11-13T16:56:18Z</time><extensions><speed>1.567238</speed><course>92.205307</course><hAcc>2.479003</hAcc><vAcc>0.756743</vAcc></extensions></trkpt>
      <trkpt lon="-82.150446" lat="33.555335"><ele>87.964417</ele><time>2022-11-13T16:56:19Z</time><extensions><speed>1.593537</speed><course>85.385986</course><hAcc>2.475702</hAcc><vAcc>0.756743</vAcc></extensions></trkpt>
      <trkpt lon="-82.150429" lat="33.555337"><ele>87.860405</ele><time>2022-11-13T16:56:20Z</time><extensions><speed>1.607895</speed><course>80.770218</course><hAcc>2.481954</hAcc><vAcc>0.756743</vAcc></extensions></trkpt>
      <trkpt lon="-82.150411" lat="33.555339"><ele>87.767975</ele><time>2022-11-13T16:56:21Z</time><extensions><speed>1.614756</speed><course>76.446815</course><hAcc>2.472138</hAcc><vAcc>0.756743</vAcc></extensions></trkpt>
      <trkpt lon="-82.150395" lat="33.555343"><ele>87.680473</ele><time>2022-11-13T16:56:22Z</time><extensions><speed>1.548363</speed><course>72.674637</course><hAcc>2.469134</hAcc><vAcc>0.756743</vAcc></extensions></trkpt>
      <trkpt lon="-82.150380" lat="33.555347"><ele>87.600143</ele><time>2022-11-13T16:56:23Z</time><extensions><speed>1.348367</speed><course>68.930077</course><hAcc>2.492668</hAcc><vAcc>0.756743</vAcc></extensions></trkpt>
      <trkpt lon="-82.150366" lat="33.555351"><ele>87.530907</ele><time>2022-11-13T16:56:24Z</time><extensions><speed>1.342753</speed><course>77.471840</course><hAcc>2.522129</hAcc><vAcc>0.756743</vAcc></extensions></trkpt>
      <trkpt lon="-82.150350" lat="33.555351"><ele>87.470497</ele><time>2022-11-13T16:56:25Z</time><extensions><speed>1.594212</speed><course>94.881081</course><hAcc>2.548326</hAcc><vAcc>0.756743</vAcc></extensions></trkpt>
      <trkpt lon="-82.150331" lat="33.555348"><ele>87.415184</ele><time>2022-11-13T16:56:26Z</time><extensions><speed>1.918127</speed><course>103.769295</course><hAcc>2.508529</hAcc><vAcc>0.756743</vAcc></extensions></trkpt>
      <trkpt lon="-82.150311" lat="33.555343"><ele>87.368996</ele><time>2022-11-13T16:56:27Z</time><extensions><speed>1.906251</speed><course>110.249741</course><hAcc>2.472235</hAcc><vAcc>0.756743</vAcc></extensions></trkpt>
      <trkpt lon="-82.150292" lat="33.555337"><ele>87.329750</ele><time>2022-11-13T16:56:28Z</time><extensions><speed>1.808833</speed><course>110.879776</course><hAcc>2.474686</hAcc><vAcc>0.756743</vAcc></extensions></trkpt>
      <trkpt lon="-82.150275" lat="33.555332"><ele>87.305374</ele><time>2022-11-13T16:56:29Z</time><extensions><speed>1.445328</speed><course>108.047424</course><hAcc>2.426726</hAcc><vAcc>0.756743</vAcc></extensions></trkpt>
      <trkpt lon="-82.150259" lat="33.555327"><ele>87.288101</ele><time>2022-11-13T16:56:30Z</time><extensions><speed>1.453819</speed><course>107.842964</course><hAcc>2.409207</hAcc><vAcc>0.756743</vAcc></extensions></trkpt>
      <trkpt lon="-82.150244" lat="33.555323"><ele>87.272812</ele><time>2022-11-13T16:56:31Z</time><extensions><speed>1.477769</speed><course>105.814377</course><hAcc>2.373747</hAcc><vAcc>0.756743</vAcc></extensions></trkpt>
      <trkpt lon="-82.150229" lat="33.555319"><ele>87.262383</ele><time>2022-11-13T16:56:32Z</time><extensions><speed>1.544406</speed><course>106.449814</course><hAcc>2.325316</hAcc><vAcc>0.756743</vAcc></extensions></trkpt>
      <trkpt lon="-82.150212" lat="33.555314"><ele>87.255936</ele><time>2022-11-13T16:56:33Z</time><extensions><speed>1.757409</speed><course>107.835373</course><hAcc>2.264595</hAcc><vAcc>0.756743</vAcc></extensions></trkpt>
      <trkpt lon="-82.150193" lat="33.555309"><ele>87.248222</ele><time>2022-11-13T16:56:34Z</time><extensions><speed>1.952019</speed><course>110.307327</course><hAcc>2.221877</hAcc><vAcc>0.756743</vAcc></extensions></trkpt>
      <trkpt lon="-82.150175" lat="33.555303"><ele>87.247597</ele><time>2022-11-13T16:56:35Z</time><extensions><speed>1.791982</speed><course>110.730133</course><hAcc>2.168836</hAcc><vAcc>0.756743</vAcc></extensions></trkpt>
      <trkpt lon="-82.150157" lat="33.555297"><ele>87.254395</ele><time>2022-11-13T16:56:36Z</time><extensions><speed>1.758419</speed><course>108.117012</course><hAcc>2.095308</hAcc><vAcc>0.756743</vAcc></extensions></trkpt>
      <trkpt lon="-82.150140" lat="33.555292"><ele>87.256699</ele><time>2022-11-13T16:56:37Z</time><extensions><speed>1.581425</speed><course>106.134956</course><hAcc>1.985825</hAcc><vAcc>0.756743</vAcc></extensions></trkpt>
      <trkpt lon="-82.150124" lat="33.555288"><ele>87.259789</ele><time>2022-11-13T16:56:38Z</time><extensions><speed>1.502146</speed><course>105.152687</course><hAcc>1.863223</hAcc><vAcc>0.756743</vAcc></extensions></trkpt>
      <trkpt lon="-82.150109" lat="33.555284"><ele>87.258545</ele><time>2022-11-13T16:56:39Z</time><extensions><speed>1.438591</speed><course>107.784950</course><hAcc>1.768069</hAcc><vAcc>0.756743</vAcc></extensions></trkpt>
      <trkpt lon="-82.150095" lat="33.555280"><ele>87.256760</ele><time>2022-11-13T16:56:40Z</time><extensions><speed>1.373704</speed><course>113.662842</course><hAcc>1.708073</hAcc><vAcc>0.756743</vAcc></extensions></trkpt>
      <trkpt lon="-82.150083" lat="33.555274"><ele>87.247284</ele><time>2022-11-13T16:56:41Z</time><extensions><speed>1.303179</speed><course>121.587090</course><hAcc>1.660338</hAcc><vAcc>0.756743</vAcc></extensions></trkpt>
      <trkpt lon="-82.150071" lat="33.555268"><ele>87.230087</ele><time>2022-11-13T16:56:42Z</time><extensions><speed>1.265023</speed><course>122.404060</course><hAcc>1.622857</hAcc><vAcc>0.756743</vAcc></extensions></trkpt>
      <trkpt lon="-82.150060" lat="33.555261"><ele>87.211937</ele><time>2022-11-13T16:56:43Z</time><extensions><speed>1.240768</speed><course>133.412903</course><hAcc>1.580277</hAcc><vAcc>0.756743</vAcc></extensions></trkpt>
      <trkpt lon="-82.150051" lat="33.555252"><ele>87.187378</ele><time>2022-11-13T16:56:44Z</time><extensions><speed>1.296045</speed><course>145.358551</course><hAcc>1.542745</hAcc><vAcc>0.756743</vAcc></extensions></trkpt>
      <trkpt lon="-82.150044" lat="33.555242"><ele>87.159470</ele><time>2022-11-13T16:56:45Z</time><extensions><speed>1.373270</speed><course>149.673920</course><hAcc>1.551638</hAcc><vAcc>0.756743</vAcc></extensions></trkpt>
      <trkpt lon="-82.150036" lat="33.555232"><ele>87.126122</ele><time>2022-11-13T16:56:46Z</time><extensions><speed>1.365641</speed><course>151.330551</course><hAcc>1.532308</hAcc><vAcc>0.756743</vAcc></extensions></trkpt>
      <trkpt lon="-82.150028" lat="33.555222"><ele>87.092148</ele><time>2022-11-13T16:56:47Z</time><extensions><speed>1.301885</speed><course>139.322693</course><hAcc>1.515736</hAcc><vAcc>0.756743</vAcc></extensions></trkpt>
      <trkpt lon="-82.150019" lat="33.555213"><ele>87.056129</ele><time>2022-11-13T16:56:48Z</time><extensions><speed>1.339676</speed><course>141.114609</course><hAcc>1.507248</hAcc><vAcc>0.756743</vAcc></extensions></trkpt>
      <trkpt lon="-82.150008" lat="33.555204"><ele>87.023140</ele><time>2022-11-13T16:56:49Z</time><extensions><speed>1.445099</speed><course>133.855225</course><hAcc>1.506348</hAcc><vAcc>0.756743</vAcc></extensions></trkpt>
      <trkpt lon="-82.149996" lat="33.555196"><ele>86.995293</ele><time>2022-11-13T16:56:50Z</time><extensions><speed>1.458250</speed><course>123.670288</course><hAcc>1.532665</hAcc><vAcc>0.756743</vAcc></extensions></trkpt>
      <trkpt lon="-82.149984" lat="33.555189"><ele>86.976250</ele><time>2022-11-13T16:56:51Z</time><extensions><speed>1.359270</speed><course>125.833290</course><hAcc>1.511393</hAcc><vAcc>0.756743</vAcc></extensions></trkpt>
      <trkpt lon="-82.149971" lat="33.555183"><ele>86.965935</ele><time>2022-11-13T16:56:52Z</time><extensions><speed>1.260934</speed><course>118.815315</course><hAcc>1.519433</hAcc><vAcc>0.756743</vAcc></extensions></trkpt>
      <trkpt lon="-82.149962" lat="33.555176"><ele>86.969711</ele><time>2022-11-13T16:56:53Z</time><extensions><speed>1.157807</speed><course>149.851913</course><hAcc>1.534584</hAcc><vAcc>0.756743</vAcc></extensions></trkpt>
      <trkpt lon="-82.149954" lat="33.555168"><ele>86.974861</ele><time>2022-11-13T16:56:54Z</time><extensions><speed>1.250040</speed><course>130.784912</course><hAcc>1.535352</hAcc><vAcc>0.756743</vAcc></extensions></trkpt>
      <trkpt lon="-82.149943" lat="33.555161"><ele>86.998413</ele><time>2022-11-13T16:56:55Z</time><extensions><speed>1.301980</speed><course>122.172043</course><hAcc>1.538667</hAcc><vAcc>0.756743</vAcc></extensions></trkpt>
      <trkpt lon="-82.149930" lat="33.555155"><ele>87.038307</ele><time>2022-11-13T16:56:56Z</time><extensions><speed>1.401423</speed><course>117.993172</course><hAcc>1.551833</hAcc><vAcc>0.756743</vAcc></extensions></trkpt>
      <trkpt lon="-82.149915" lat="33.555149"><ele>87.087906</ele><time>2022-11-13T16:56:57Z</time><extensions><speed>1.638903</speed><course>115.478127</course><hAcc>1.551083</hAcc><vAcc>0.756743</vAcc></extensions></trkpt>
      <trkpt lon="-82.149899" lat="33.555142"><ele>87.149010</ele><time>2022-11-13T16:56:58Z</time><extensions><speed>1.668778</speed><course>122.508781</course><hAcc>1.581488</hAcc><vAcc>0.756743</vAcc></extensions></trkpt>
      <trkpt lon="-82.149887" lat="33.555134"><ele>87.227318</ele><time>2022-11-13T16:56:59Z</time><extensions><speed>1.376713</speed><course>142.340424</course><hAcc>1.601347</hAcc><vAcc>0.756743</vAcc></extensions></trkpt>
      <trkpt lon="-82.149876" lat="33.555125"><ele>87.316330</ele><time>2022-11-13T16:57:00Z</time><extensions><speed>1.317002</speed><course>129.244934</course><hAcc>1.566286</hAcc><vAcc>0.756743</vAcc></extensions></trkpt>
      <trkpt lon="-82.149864" lat="33.555119"><ele>87.419243</ele><time>2022-11-13T16:57:01Z</time><extensions><speed>1.345471</speed><course>118.606728</course><hAcc>1.565444</hAcc><vAcc>0.756743</vAcc></extensions></trkpt>
      <trkpt lon="-82.149851" lat="33.555113"><ele>87.533295</ele><time>2022-11-13T16:57:02Z</time><extensions><speed>1.402938</speed><course>111.987198</course><hAcc>1.554092</hAcc><vAcc>0.756743</vAcc></extensions></trkpt>
      <trkpt lon="-82.149836" lat="33.555110"><ele>87.657661</ele><time>2022-11-13T16:57:03Z</time><extensions><speed>1.479380</speed><course>98.433952</course><hAcc>1.533868</hAcc><vAcc>0.756743</vAcc></extensions></trkpt>
      <trkpt lon="-82.149820" lat="33.555108"><ele>87.780930</ele><time>2022-11-13T16:57:04Z</time><extensions><speed>1.474601</speed><course>101.830605</course><hAcc>1.543779</hAcc><vAcc>0.756743</vAcc></extensions></trkpt>
      <trkpt lon="-82.149805" lat="33.555104"><ele>87.906082</ele><time>2022-11-13T16:57:05Z</time><extensions><speed>1.368714</speed><course>114.946281</course><hAcc>1.561654</hAcc><vAcc>0.756743</vAcc></extensions></trkpt>
      <trkpt lon="-82.149792" lat="33.555098"><ele>88.035873</ele><time>2022-11-13T16:57:06Z</time><extensions><speed>1.319444</speed><course>126.031685</course><hAcc>1.562582</hAcc><vAcc>0.756743</vAcc></extensions></trkpt>
      <trkpt lon="-82.149781" lat="33.555091"><ele>88.163200</ele><time>2022-11-13T16:57:07Z</time><extensions><speed>1.300098</speed><course>127.506805</course><hAcc>1.546885</hAcc><vAcc>0.756743</vAcc></extensions></trkpt>
      <trkpt lon="-82.149769" lat="33.555085"><ele>88.287086</ele><time>2022-11-13T16:57:08Z</time><extensions><speed>1.364826</speed><course>116.451675</course><hAcc>1.545334</hAcc><vAcc>0.756743</vAcc></extensions></trkpt>
      <trkpt lon="-82.149756" lat="33.555080"><ele>88.414658</ele><time>2022-11-13T16:57:09Z</time><extensions><speed>1.381224</speed><course>117.098869</course><hAcc>1.560313</hAcc><vAcc>0.756743</vAcc></extensions></trkpt>
      <trkpt lon="-82.149742" lat="33.555074"><ele>88.543800</ele><time>2022-11-13T16:57:10Z</time><extensions><speed>1.415675</speed><course>111.705963</course><hAcc>1.561757</hAcc><vAcc>0.756743</vAcc></extensions></trkpt>
      <trkpt lon="-82.149728" lat="33.555070"><ele>88.661369</ele><time>2022-11-13T16:57:11Z</time><extensions><speed>1.431120</speed><course>107.475784</course><hAcc>1.573466</hAcc><vAcc>0.756743</vAcc></extensions></trkpt>
      <trkpt lon="-82.149712" lat="33.555067"><ele>88.770973</ele><time>2022-11-13T16:57:12Z</time><extensions><speed>1.501773</speed><course>99.515205</course><hAcc>1.570003</hAcc><vAcc>0.756743</vAcc></extensions></trkpt>
      <trkpt lon="-82.149696" lat="33.555065"><ele>88.874657</ele><time>2022-11-13T16:57:13Z</time><extensions><speed>1.581683</speed><course>95.040947</course><hAcc>1.582092</hAcc><vAcc>0.756743</vAcc></extensions></trkpt>
      <trkpt lon="-82.149679" lat="33.555065"><ele>88.960922</ele><time>2022-11-13T16:57:14Z</time><extensions><speed>1.593159</speed><course>91.544991</course><hAcc>1.573331</hAcc><vAcc>0.756743</vAcc></extensions></trkpt>
      <trkpt lon="-82.149662" lat="33.555064"><ele>89.027542</ele><time>2022-11-13T16:57:15Z</time><extensions><speed>1.518084</speed><course>95.554161</course><hAcc>1.585964</hAcc><vAcc>0.756743</vAcc></extensions></trkpt>
      <trkpt lon="-82.149646" lat="33.555062"><ele>89.090652</ele><time>2022-11-13T16:57:16Z</time><extensions><speed>1.343935</speed><course>106.106529</course><hAcc>1.610077</hAcc><vAcc>0.756743</vAcc></extensions></trkpt>
      <trkpt lon="-82.149634" lat="33.555057"><ele>89.142448</ele><time>2022-11-13T16:57:17Z</time><extensions><speed>1.227098</speed><course>124.482765</course><hAcc>1.589050</hAcc><vAcc>0.756743</vAcc></extensions></trkpt>
      <trkpt lon="-82.149623" lat="33.555050"><ele>89.182068</ele><time>2022-11-13T16:57:18Z</time><extensions><speed>1.330603</speed><course>140.462692</course><hAcc>1.574342</hAcc><vAcc>0.756743</vAcc></extensions></trkpt>
      <trkpt lon="-82.149615" lat="33.555040"><ele>89.212570</ele><time>2022-11-13T16:57:19Z</time><extensions><speed>1.363485</speed><course>145.990494</course><hAcc>1.581362</hAcc><vAcc>0.756743</vAcc></extensions></trkpt>
      <trkpt lon="-82.149607" lat="33.555030"><ele>89.233139</ele><time>2022-11-13T16:57:20Z</time><extensions><speed>1.380549</speed><course>150.574905</course><hAcc>1.595028</hAcc><vAcc>0.756743</vAcc></extensions></trkpt>
      <trkpt lon="-82.149599" lat="33.555019"><ele>89.239449</ele><time>2022-11-13T16:57:21Z</time><extensions><speed>1.282418</speed><course>151.043854</course><hAcc>1.592948</hAcc><vAcc>0.756743</vAcc></extensions></trkpt>
      <trkpt lon="-82.149592" lat="33.555010"><ele>89.232109</ele><time>2022-11-13T16:57:22Z</time><extensions><speed>1.236040</speed><course>146.418365</course><hAcc>1.564569</hAcc><vAcc>0.756742</vAcc></extensions></trkpt>
      <trkpt lon="-82.149584" lat="33.555001"><ele>89.220085</ele><time>2022-11-13T16:57:23Z</time><extensions><speed>1.261075</speed><course>135.769455</course><hAcc>1.548570</hAcc><vAcc>0.756742</vAcc></extensions></trkpt>
      <trkpt lon="-82.149574" lat="33.554993"><ele>89.210007</ele><time>2022-11-13T16:57:24Z</time><extensions><speed>1.279904</speed><course>132.145050</course><hAcc>1.558446</hAcc><vAcc>0.756742</vAcc></extensions></trkpt>
      <trkpt lon="-82.149563" lat="33.554986"><ele>89.200638</ele><time>2022-11-13T16:57:25Z</time><extensions><speed>1.254920</speed><course>130.407074</course><hAcc>1.551458</hAcc><vAcc>0.756742</vAcc></extensions></trkpt>
      <trkpt lon="-82.149553" lat="33.554979"><ele>89.194801</ele><time>2022-11-13T16:57:26Z</time><extensions><speed>1.127326</speed><course>127.599014</course><hAcc>1.540569</hAcc><vAcc>0.756742</vAcc></extensions></trkpt>
      <trkpt lon="-82.149542" lat="33.554974"><ele>89.194626</ele><time>2022-11-13T16:57:27Z</time><extensions><speed>1.156306</speed><course>121.077888</course><hAcc>1.527723</hAcc><vAcc>0.756742</vAcc></extensions></trkpt>
      <trkpt lon="-82.149532" lat="33.554968"><ele>89.204613</ele><time>2022-11-13T16:57:28Z</time><extensions><speed>1.170944</speed><course>129.094940</course><hAcc>1.512399</hAcc><vAcc>0.756743</vAcc></extensions></trkpt>
      <trkpt lon="-82.149522" lat="33.554961"><ele>89.218735</ele><time>2022-11-13T16:57:29Z</time><extensions><speed>1.298363</speed><course>129.912018</course><hAcc>1.519812</hAcc><vAcc>0.756743</vAcc></extensions></trkpt>
      <trkpt lon="-82.149510" lat="33.554953"><ele>89.241150</ele><time>2022-11-13T16:57:30Z</time><extensions><speed>1.383297</speed><course>128.805496</course><hAcc>1.514150</hAcc><vAcc>0.756743</vAcc></extensions></trkpt>
      <trkpt lon="-82.149499" lat="33.554945"><ele>89.272293</ele><time>2022-11-13T16:57:31Z</time><extensions><speed>1.382404</speed><course>131.628067</course><hAcc>1.556367</hAcc><vAcc>0.756743</vAcc></extensions></trkpt>
      <trkpt lon="-82.149489" lat="33.554936"><ele>89.307487</ele><time>2022-11-13T16:57:32Z</time><extensions><speed>1.309990</speed><course>144.945053</course><hAcc>1.535784</hAcc><vAcc>0.756743</vAcc></extensions></trkpt>
      <trkpt lon="-82.149480" lat="33.554927"><ele>89.349525</ele><time>2022-11-13T16:57:33Z</time><extensions><speed>1.336546</speed><course>136.722992</course><hAcc>1.526874</hAcc><vAcc>0.756743</vAcc></extensions></trkpt>
      <trkpt lon="-82.149469" lat="33.554918"><ele>89.395386</ele><time>2022-11-13T16:57:34Z</time><extensions><speed>1.341085</speed><course>131.134354</course><hAcc>1.545739</hAcc><vAcc>0.756743</vAcc></extensions></trkpt>
      <trkpt lon="-82.149458" lat="33.554910"><ele>89.444443</ele><time>2022-11-13T16:57:35Z</time><extensions><speed>1.400777</speed><course>124.858284</course><hAcc>1.544179</hAcc><vAcc>0.756743</vAcc></extensions></trkpt>
      <trkpt lon="-82.149445" lat="33.554903"><ele>89.491272</ele><time>2022-11-13T16:57:36Z</time><extensions><speed>1.446863</speed><course>122.474655</course><hAcc>1.525219</hAcc><vAcc>0.756743</vAcc></extensions></trkpt>
      <trkpt lon="-82.149432" lat="33.554896"><ele>89.540855</ele><time>2022-11-13T16:57:37Z</time><extensions><speed>1.459944</speed><course>123.991791</course><hAcc>1.522882</hAcc><vAcc>0.756743</vAcc></extensions></trkpt>
      <trkpt lon="-82.149419" lat="33.554888"><ele>89.585556</ele><time>2022-11-13T16:57:38Z</time><extensions><speed>1.434950</speed><course>127.190460</course><hAcc>1.552037</hAcc><vAcc>0.756743</vAcc></extensions></trkpt>
      <trkpt lon="-82.149408" lat="33.554880"><ele>89.628136</ele><time>2022-11-13T16:57:39Z</time><extensions><speed>1.388828</speed><course>132.635956</course><hAcc>1.579068</hAcc><vAcc>0.756743</vAcc></extensions></trkpt>
      <trkpt lon="-82.149398" lat="33.554870"><ele>89.671127</ele><time>2022-11-13T16:57:40Z</time><extensions><speed>1.368878</speed><course>145.922714</course><hAcc>1.530268</hAcc><vAcc>0.756743</vAcc></extensions></trkpt>
      <trkpt lon="-82.149391" lat="33.554860"><ele>89.713333</ele><time>2022-11-13T16:57:41Z</time><extensions><speed>1.359590</speed><course>156.990295</course><hAcc>1.525862</hAcc><vAcc>0.756743</vAcc></extensions></trkpt>
      <trkpt lon="-82.149385" lat="33.554848"><ele>89.749603</ele><time>2022-11-13T16:57:42Z</time><extensions><speed>1.410238</speed><course>157.423645</course><hAcc>1.519677</hAcc><vAcc>0.756743</vAcc></extensions></trkpt>
      <trkpt lon="-82.149379" lat="33.554836"><ele>89.781021</ele><time>2022-11-13T16:57:43Z</time><extensions><speed>1.438133</speed><course>158.455582</course><hAcc>1.540835</hAcc><vAcc>0.756743</vAcc></extensions></trkpt>
      <trkpt lon="-82.149374" lat="33.554824"><ele>89.810028</ele><time>2022-11-13T16:57:44Z</time><extensions><speed>1.465381</speed><course>163.431244</course><hAcc>1.550238</hAcc><vAcc>0.756743</vAcc></extensions></trkpt>
      <trkpt lon="-82.149371" lat="33.554810"><ele>89.828720</ele><time>2022-11-13T16:57:45Z</time><extensions><speed>1.603259</speed><course>171.655258</course><hAcc>1.527177</hAcc><vAcc>0.756743</vAcc></extensions></trkpt>
      <trkpt lon="-82.149368" lat="33.554795"><ele>89.841446</ele><time>2022-11-13T16:57:46Z</time><extensions><speed>1.936399</speed><course>169.205460</course><hAcc>1.506641</hAcc><vAcc>0.756743</vAcc></extensions></trkpt>
      <trkpt lon="-82.149364" lat="33.554777"><ele>89.856010</ele><time>2022-11-13T16:57:47Z</time><extensions><speed>1.979203</speed><course>170.572937</course><hAcc>1.515073</hAcc><vAcc>0.756743</vAcc></extensions></trkpt>
      <trkpt lon="-82.149361" lat="33.554761"><ele>89.868942</ele><time>2022-11-13T16:57:48Z</time><extensions><speed>1.754511</speed><course>173.526947</course><hAcc>1.552031</hAcc><vAcc>0.756743</vAcc></extensions></trkpt>
      <trkpt lon="-82.149358" lat="33.554746"><ele>89.876633</ele><time>2022-11-13T16:57:49Z</time><extensions><speed>1.543991</speed><course>170.355591</course><hAcc>1.552510</hAcc><vAcc>0.756743</vAcc></extensions></trkpt>
      <trkpt lon="-82.149354" lat="33.554734"><ele>89.884834</ele><time>2022-11-13T16:57:50Z</time><extensions><speed>1.298190</speed><course>157.918228</course><hAcc>1.532791</hAcc><vAcc>0.756743</vAcc></extensions></trkpt>
      <trkpt lon="-82.149349" lat="33.554723"><ele>89.896660</ele><time>2022-11-13T16:57:51Z</time><extensions><speed>1.255454</speed><course>161.128967</course><hAcc>1.511557</hAcc><vAcc>0.756743</vAcc></extensions></trkpt>
      <trkpt lon="-82.149344" lat="33.554713"><ele>89.913414</ele><time>2022-11-13T16:57:52Z</time><extensions><speed>1.231710</speed><course>156.751587</course><hAcc>1.528532</hAcc><vAcc>0.756743</vAcc></extensions></trkpt>
      <trkpt lon="-82.149339" lat="33.554703"><ele>89.934875</ele><time>2022-11-13T16:57:53Z</time><extensions><speed>1.177339</speed><course>160.096069</course><hAcc>1.541272</hAcc><vAcc>0.756743</vAcc></extensions></trkpt>
      <trkpt lon="-82.149334" lat="33.554694"><ele>89.953720</ele><time>2022-11-13T16:57:54Z</time><extensions><speed>1.073890</speed><course>150.444870</course><hAcc>1.550833</hAcc><vAcc>0.756743</vAcc></extensions></trkpt>
      <trkpt lon="-82.149327" lat="33.554686"><ele>89.974236</ele><time>2022-11-13T16:57:55Z</time><extensions><speed>1.149824</speed><course>142.725082</course><hAcc>1.573350</hAcc><vAcc>0.756743</vAcc></extensions></trkpt>
      <trkpt lon="-82.149319" lat="33.554678"><ele>90.002869</ele><time>2022-11-13T16:57:56Z</time><extensions><speed>1.143943</speed><course>136.393372</course><hAcc>1.571213</hAcc><vAcc>0.756743</vAcc></extensions></trkpt>
      <trkpt lon="-82.149310" lat="33.554670"><ele>90.027603</ele><time>2022-11-13T16:57:57Z</time><extensions><speed>1.207860</speed><course>133.538971</course><hAcc>1.541406</hAcc><vAcc>0.756743</vAcc></extensions></trkpt>
      <trkpt lon="-82.149300" lat="33.554662"><ele>90.057449</ele><time>2022-11-13T16:57:58Z</time><extensions><speed>1.285430</speed><course>137.300110</course><hAcc>1.542408</hAcc><vAcc>0.756742</vAcc></extensions></trkpt>
      <trkpt lon="-82.149292" lat="33.554652"><ele>90.091698</ele><time>2022-11-13T16:57:59Z</time><extensions><speed>1.351017</speed><course>148.045609</course><hAcc>1.559497</hAcc><vAcc>0.756742</vAcc></extensions></trkpt>
      <trkpt lon="-82.149284" lat="33.554642"><ele>90.125099</ele><time>2022-11-13T16:58:00Z</time><extensions><speed>1.399239</speed><course>148.595306</course><hAcc>1.565751</hAcc><vAcc>0.756742</vAcc></extensions></trkpt>
      <trkpt lon="-82.149276" lat="33.554631"><ele>90.159348</ele><time>2022-11-13T16:58:01Z</time><extensions><speed>1.390093</speed><course>153.426300</course><hAcc>1.568778</hAcc><vAcc>0.756742</vAcc></extensions></trkpt>
      <trkpt lon="-82.149271" lat="33.554619"><ele>90.191238</ele><time>2022-11-13T16:58:02Z</time><extensions><speed>1.338331</speed><course>162.613724</course><hAcc>1.564482</hAcc><vAcc>0.756741</vAcc></extensions></trkpt>
      <trkpt lon="-82.149267" lat="33.554608"><ele>90.226105</ele><time>2022-11-13T16:58:03Z</time><extensions><speed>1.308271</speed><course>162.096405</course><hAcc>1.554221</hAcc><vAcc>0.756741</vAcc></extensions></trkpt>
      <trkpt lon="-82.149262" lat="33.554597"><ele>90.258095</ele><time>2022-11-13T16:58:04Z</time><extensions><speed>1.173279</speed><course>159.452072</course><hAcc>1.541618</hAcc><vAcc>0.756740</vAcc></extensions></trkpt>
      <trkpt lon="-82.149258" lat="33.554587"><ele>90.291000</ele><time>2022-11-13T16:58:05Z</time><extensions><speed>1.037556</speed><course>164.197586</course><hAcc>1.578961</hAcc><vAcc>0.756739</vAcc></extensions></trkpt>
      <trkpt lon="-82.149255" lat="33.554579"><ele>90.321053</ele><time>2022-11-13T16:58:06Z</time><extensions><speed>0.771583</speed><course>158.039963</course><hAcc>1.588751</hAcc><vAcc>0.756738</vAcc></extensions></trkpt>
      <trkpt lon="-82.149251" lat="33.554575"><ele>90.354507</ele><time>2022-11-13T16:58:07Z</time><extensions><speed>0.525897</speed><course>121.466187</course><hAcc>1.595874</hAcc><vAcc>0.756737</vAcc></extensions></trkpt>
      <trkpt lon="-82.149246" lat="33.554570"><ele>90.390030</ele><time>2022-11-13T16:58:08Z</time><extensions><speed>0.811283</speed><course>143.842377</course><hAcc>1.613591</hAcc><vAcc>0.756736</vAcc></extensions></trkpt>
      <trkpt lon="-82.149241" lat="33.554563"><ele>90.425629</ele><time>2022-11-13T16:58:09Z</time><extensions><speed>1.052028</speed><course>154.616608</course><hAcc>1.612491</hAcc><vAcc>0.756736</vAcc></extensions></trkpt>
      <trkpt lon="-82.149236" lat="33.554553"><ele>90.462120</ele><time>2022-11-13T16:58:10Z</time><extensions><speed>1.252316</speed><course>163.169312</course><hAcc>1.599985</hAcc><vAcc>0.756736</vAcc></extensions></trkpt>
      <trkpt lon="-82.149232" lat="33.554542"><ele>90.496078</ele><time>2022-11-13T16:58:11Z</time><extensions><speed>1.356993</speed><course>165.090775</course><hAcc>1.602904</hAcc><vAcc>0.756737</vAcc></extensions></trkpt>
      <trkpt lon="-82.149228" lat="33.554530"><ele>90.530815</ele><time>2022-11-13T16:58:12Z</time><extensions><speed>1.376564</speed><course>163.055557</course><hAcc>1.630448</hAcc><vAcc>0.756737</vAcc></extensions></trkpt>
      <trkpt lon="-82.149223" lat="33.554517"><ele>90.563004</ele><time>2022-11-13T16:58:13Z</time><extensions><speed>1.462183</speed><course>161.164490</course><hAcc>1.609232</hAcc><vAcc>0.756737</vAcc></extensions></trkpt>
      <trkpt lon="-82.149218" lat="33.554504"><ele>90.602669</ele><time>2022-11-13T16:58:14Z</time><extensions><speed>1.541612</speed><course>165.483429</course><hAcc>1.592185</hAcc><vAcc>0.756737</vAcc></extensions></trkpt>
      <trkpt lon="-82.149214" lat="33.554491"><ele>90.642067</ele><time>2022-11-13T16:58:15Z</time><extensions><speed>1.456068</speed><course>167.423203</course><hAcc>1.606762</hAcc><vAcc>0.756737</vAcc></extensions></trkpt>
      <trkpt lon="-82.149208" lat="33.554479"><ele>90.680855</ele><time>2022-11-13T16:58:16Z</time><extensions><speed>1.439517</speed><course>147.584839</course><hAcc>1.597287</hAcc><vAcc>0.756738</vAcc></extensions></trkpt>
      <trkpt lon="-82.149200" lat="33.554467"><ele>90.724167</ele><time>2022-11-13T16:58:17Z</time><extensions><speed>1.518799</speed><course>151.387985</course><hAcc>1.574260</hAcc><vAcc>0.756738</vAcc></extensions></trkpt>
      <trkpt lon="-82.149193" lat="33.554455"><ele>90.774017</ele><time>2022-11-13T16:58:18Z</time><extensions><speed>1.488782</speed><course>158.480423</course><hAcc>1.574482</hAcc><vAcc>0.756738</vAcc></extensions></trkpt>
      <trkpt lon="-82.149186" lat="33.554443"><ele>90.827919</ele><time>2022-11-13T16:58:19Z</time><extensions><speed>1.496201</speed><course>154.434387</course><hAcc>1.567407</hAcc><vAcc>0.756738</vAcc></extensions></trkpt>
      <trkpt lon="-82.149178" lat="33.554431"><ele>90.880112</ele><time>2022-11-13T16:58:20Z</time><extensions><speed>1.449689</speed><course>147.017975</course><hAcc>1.571843</hAcc><vAcc>0.756738</vAcc></extensions></trkpt>
      <trkpt lon="-82.149170" lat="33.554420"><ele>90.928459</ele><time>2022-11-13T16:58:21Z</time><extensions><speed>1.334909</speed><course>147.693817</course><hAcc>1.590304</hAcc><vAcc>0.756739</vAcc></extensions></trkpt>
      <trkpt lon="-82.149162" lat="33.554410"><ele>90.973915</ele><time>2022-11-13T16:58:22Z</time><extensions><speed>1.391374</speed><course>146.677551</course><hAcc>1.577647</hAcc><vAcc>0.756739</vAcc></extensions></trkpt>
      <trkpt lon="-82.149154" lat="33.554399"><ele>91.017143</ele><time>2022-11-13T16:58:23Z</time><extensions><speed>1.385592</speed><course>150.820435</course><hAcc>1.567176</hAcc><vAcc>0.756739</vAcc></extensions></trkpt>
      <trkpt lon="-82.149148" lat="33.554388"><ele>91.055962</ele><time>2022-11-13T16:58:24Z</time><extensions><speed>1.395741</speed><course>159.015335</course><hAcc>1.553322</hAcc><vAcc>0.756739</vAcc></extensions></trkpt>
      <trkpt lon="-82.149143" lat="33.554376"><ele>91.093269</ele><time>2022-11-13T16:58:25Z</time><extensions><speed>1.416313</speed><course>166.902573</course><hAcc>1.567379</hAcc><vAcc>0.756739</vAcc></extensions></trkpt>
      <trkpt lon="-82.149140" lat="33.554363"><ele>91.124146</ele><time>2022-11-13T16:58:26Z</time><extensions><speed>1.508555</speed><course>171.240128</course><hAcc>1.558594</hAcc><vAcc>0.756740</vAcc></extensions></trkpt>
      <trkpt lon="-82.149136" lat="33.554350"><ele>91.154053</ele><time>2022-11-13T16:58:27Z</time><extensions><speed>1.523090</speed><course>162.591705</course><hAcc>1.565714</hAcc><vAcc>0.756740</vAcc></extensions></trkpt>
      <trkpt lon="-82.149132" lat="33.554337"><ele>91.190941</ele><time>2022-11-13T16:58:28Z</time><extensions><speed>1.396943</speed><course>164.502609</course><hAcc>1.574347</hAcc><vAcc>0.756740</vAcc></extensions></trkpt>
      <trkpt lon="-82.149127" lat="33.554326"><ele>91.228188</ele><time>2022-11-13T16:58:29Z</time><extensions><speed>1.378149</speed><course>156.945206</course><hAcc>1.568107</hAcc><vAcc>0.756740</vAcc></extensions></trkpt>
      <trkpt lon="-82.149120" lat="33.554315"><ele>91.254875</ele><time>2022-11-13T16:58:30Z</time><extensions><speed>1.362819</speed><course>150.749527</course><hAcc>1.566364</hAcc><vAcc>0.756740</vAcc></extensions></trkpt>
      <trkpt lon="-82.149113" lat="33.554304"><ele>91.272827</ele><time>2022-11-13T16:58:31Z</time><extensions><speed>1.326114</speed><course>149.023346</course><hAcc>1.558548</hAcc><vAcc>0.756740</vAcc></extensions></trkpt>
      <trkpt lon="-82.149106" lat="33.554295"><ele>91.283684</ele><time>2022-11-13T16:58:32Z</time><extensions><speed>1.288712</speed><course>148.190552</course><hAcc>1.554334</hAcc><vAcc>0.756740</vAcc></extensions></trkpt>
      <trkpt lon="-82.149099" lat="33.554285"><ele>91.289680</ele><time>2022-11-13T16:58:33Z</time><extensions><speed>1.245762</speed><course>150.495926</course><hAcc>1.581022</hAcc><vAcc>0.756741</vAcc></extensions></trkpt>
      <trkpt lon="-82.149093" lat="33.554276"><ele>91.286484</ele><time>2022-11-13T16:58:34Z</time><extensions><speed>1.204113</speed><course>153.552307</course><hAcc>1.592833</hAcc><vAcc>0.756741</vAcc></extensions></trkpt>
      <trkpt lon="-82.149087" lat="33.554266"><ele>91.278893</ele><time>2022-11-13T16:58:35Z</time><extensions><speed>1.183971</speed><course>151.724747</course><hAcc>1.581521</hAcc><vAcc>0.756741</vAcc></extensions></trkpt>
      <trkpt lon="-82.149081" lat="33.554257"><ele>91.267822</ele><time>2022-11-13T16:58:36Z</time><extensions><speed>1.226785</speed><course>149.753677</course><hAcc>1.575776</hAcc><vAcc>0.756741</vAcc></extensions></trkpt>
      <trkpt lon="-82.149075" lat="33.554248"><ele>91.251198</ele><time>2022-11-13T16:58:37Z</time><extensions><speed>1.304421</speed><course>147.429855</course><hAcc>1.563964</hAcc><vAcc>0.756741</vAcc></extensions></trkpt>
      <trkpt lon="-82.149067" lat="33.554239"><ele>91.229881</ele><time>2022-11-13T16:58:38Z</time><extensions><speed>1.220667</speed><course>142.000305</course><hAcc>1.568053</hAcc><vAcc>0.756741</vAcc></extensions></trkpt>
      <trkpt lon="-82.149059" lat="33.554232"><ele>91.208229</ele><time>2022-11-13T16:58:39Z</time><extensions><speed>1.082817</speed><course>126.040436</course><hAcc>1.564692</hAcc><vAcc>0.756741</vAcc></extensions></trkpt>
      <trkpt lon="-82.149049" lat="33.554228"><ele>91.183495</ele><time>2022-11-13T16:58:40Z</time><extensions><speed>0.998972</speed><course>100.013672</course><hAcc>1.581616</hAcc><vAcc>0.756741</vAcc></extensions></trkpt>
      <trkpt lon="-82.149038" lat="33.554229"><ele>91.156837</ele><time>2022-11-13T16:58:41Z</time><extensions><speed>1.177508</speed><course>69.754456</course><hAcc>1.575768</hAcc><vAcc>0.756741</vAcc></extensions></trkpt>
      <trkpt lon="-82.149026" lat="33.554234"><ele>91.141068</ele><time>2022-11-13T16:58:42Z</time><extensions><speed>1.287015</speed><course>62.752293</course><hAcc>1.556717</hAcc><vAcc>0.756741</vAcc></extensions></trkpt>
      <trkpt lon="-82.149014" lat="33.554239"><ele>91.128761</ele><time>2022-11-13T16:58:43Z</time><extensions><speed>1.192765</speed><course>70.367615</course><hAcc>1.586443</hAcc><vAcc>0.756741</vAcc></extensions></trkpt>
      <trkpt lon="-82.149003" lat="33.554243"><ele>91.110901</ele><time>2022-11-13T16:58:44Z</time><extensions><speed>1.111733</speed><course>66.519455</course><hAcc>1.581121</hAcc><vAcc>0.756741</vAcc></extensions></trkpt>
      <trkpt lon="-82.148993" lat="33.554247"><ele>91.092476</ele><time>2022-11-13T16:58:45Z</time><extensions><speed>1.008460</speed><course>64.778442</course><hAcc>1.559175</hAcc><vAcc>0.756742</vAcc></extensions></trkpt>
      <trkpt lon="-82.148982" lat="33.554250"><ele>91.077477</ele><time>2022-11-13T16:58:46Z</time><extensions><speed>1.051423</speed><course>84.772133</course><hAcc>1.580344</hAcc><vAcc>0.756742</vAcc></extensions></trkpt>
      <trkpt lon="-82.148971" lat="33.554250"><ele>91.057663</ele><time>2022-11-13T16:58:47Z</time><extensions><speed>1.052318</speed><course>98.493950</course><hAcc>1.570442</hAcc><vAcc>0.756742</vAcc></extensions></trkpt>
      <trkpt lon="-82.148960" lat="33.554249"><ele>91.036819</ele><time>2022-11-13T16:58:48Z</time><extensions><speed>1.076169</speed><course>94.329262</course><hAcc>1.562530</hAcc><vAcc>0.756742</vAcc></extensions></trkpt>
      <trkpt lon="-82.148948" lat="33.554249"><ele>91.021217</ele><time>2022-11-13T16:58:49Z</time><extensions><speed>1.147979</speed><course>79.692070</course><hAcc>1.565134</hAcc><vAcc>0.756742</vAcc></extensions></trkpt>
      <trkpt lon="-82.148936" lat="33.554253"><ele>91.004204</ele><time>2022-11-13T16:58:50Z</time><extensions><speed>1.259724</speed><course>62.765263</course><hAcc>1.581366</hAcc><vAcc>0.756742</vAcc></extensions></trkpt>
      <trkpt lon="-82.148924" lat="33.554259"><ele>90.984474</ele><time>2022-11-13T16:58:51Z</time><extensions><speed>1.383007</speed><course>57.094585</course><hAcc>1.590252</hAcc><vAcc>0.756742</vAcc></extensions></trkpt>
      <trkpt lon="-82.148911" lat="33.554267"><ele>90.957664</ele><time>2022-11-13T16:58:52Z</time><extensions><speed>1.555269</speed><course>51.936554</course><hAcc>1.568321</hAcc><vAcc>0.756742</vAcc></extensions></trkpt>
      <trkpt lon="-82.148898" lat="33.554276"><ele>90.923782</ele><time>2022-11-13T16:58:53Z</time><extensions><speed>1.488339</speed><course>49.715919</course><hAcc>1.568255</hAcc><vAcc>0.756742</vAcc></extensions></trkpt>
      <trkpt lon="-82.148886" lat="33.554284"><ele>90.893669</ele><time>2022-11-13T16:58:54Z</time><extensions><speed>1.461229</speed><course>56.560581</course><hAcc>1.607264</hAcc><vAcc>0.756742</vAcc></extensions></trkpt>
      <trkpt lon="-82.148872" lat="33.554290"><ele>90.866379</ele><time>2022-11-13T16:58:55Z</time><extensions><speed>1.456664</speed><course>62.665970</course><hAcc>1.614512</hAcc><vAcc>0.756742</vAcc></extensions></trkpt>
      <trkpt lon="-82.148857" lat="33.554295"><ele>90.832840</ele><time>2022-11-13T16:58:56Z</time><extensions><speed>1.484206</speed><course>71.504959</course><hAcc>1.622732</hAcc><vAcc>0.756742</vAcc></extensions></trkpt>
      <trkpt lon="-82.148842" lat="33.554299"><ele>90.797920</ele><time>2022-11-13T16:58:57Z</time><extensions><speed>1.542904</speed><course>76.926323</course><hAcc>1.633437</hAcc><vAcc>0.756742</vAcc></extensions></trkpt>
      <trkpt lon="-82.148826" lat="33.554302"><ele>90.767235</ele><time>2022-11-13T16:58:58Z</time><extensions><speed>1.540895</speed><course>76.854782</course><hAcc>1.621849</hAcc><vAcc>0.756742</vAcc></extensions></trkpt>
      <trkpt lon="-82.148809" lat="33.554306"><ele>90.737038</ele><time>2022-11-13T16:58:59Z</time><extensions><speed>1.523644</speed><course>76.233559</course><hAcc>1.631104</hAcc><vAcc>0.756742</vAcc></extensions></trkpt>
      <trkpt lon="-82.148794" lat="33.554309"><ele>90.705849</ele><time>2022-11-13T16:59:00Z</time><extensions><speed>1.450566</speed><course>78.970467</course><hAcc>1.644756</hAcc><vAcc>0.756742</vAcc></extensions></trkpt>
      <trkpt lon="-82.148778" lat="33.554311"><ele>90.675468</ele><time>2022-11-13T16:59:01Z</time><extensions><speed>1.498179</speed><course>85.044701</course><hAcc>1.639501</hAcc><vAcc>0.756742</vAcc></extensions></trkpt>
      <trkpt lon="-82.148760" lat="33.554312"><ele>90.644272</ele><time>2022-11-13T16:59:02Z</time><extensions><speed>1.763081</speed><course>85.031425</course><hAcc>1.626301</hAcc><vAcc>0.756742</vAcc></extensions></trkpt>
      <trkpt lon="-82.148742" lat="33.554314"><ele>90.616814</ele><time>2022-11-13T16:59:03Z</time><extensions><speed>1.611358</speed><course>85.494148</course><hAcc>1.616549</hAcc><vAcc>0.756742</vAcc></extensions></trkpt>
      <trkpt lon="-82.148725" lat="33.554315"><ele>90.589561</ele><time>2022-11-13T16:59:04Z</time><extensions><speed>1.509201</speed><course>87.487991</course><hAcc>1.614264</hAcc><vAcc>0.756742</vAcc></extensions></trkpt>
      <trkpt lon="-82.148710" lat="33.554315"><ele>90.565201</ele><time>2022-11-13T16:59:05Z</time><extensions><speed>1.336380</speed><course>92.570045</course><hAcc>1.602381</hAcc><vAcc>0.756742</vAcc></extensions></trkpt>
      <trkpt lon="-82.148697" lat="33.554315"><ele>90.554367</ele><time>2022-11-13T16:59:06Z</time><extensions><speed>0.919907</speed><course>94.031105</course><hAcc>1.608427</hAcc><vAcc>0.756742</vAcc></extensions></trkpt>
      <trkpt lon="-82.148686" lat="33.554315"><ele>90.553810</ele><time>2022-11-13T16:59:07Z</time><extensions><speed>1.080869</speed><course>88.800079</course><hAcc>1.596632</hAcc><vAcc>0.756742</vAcc></extensions></trkpt>
      <trkpt lon="-82.148674" lat="33.554316"><ele>90.566887</ele><time>2022-11-13T16:59:08Z</time><extensions><speed>1.213852</speed><course>82.852394</course><hAcc>1.594277</hAcc><vAcc>0.756742</vAcc></extensions></trkpt>
      <trkpt lon="-82.148660" lat="33.554318"><ele>90.583115</ele><time>2022-11-13T16:59:09Z</time><extensions><speed>1.390759</speed><course>78.413315</course><hAcc>1.612634</hAcc><vAcc>0.756742</vAcc></extensions></trkpt>
      <trkpt lon="-82.148644" lat="33.554322"><ele>90.609764</ele><time>2022-11-13T16:59:10Z</time><extensions><speed>1.594930</speed><course>73.469406</course><hAcc>1.609251</hAcc><vAcc>0.756742</vAcc></extensions></trkpt>
      <trkpt lon="-82.148627" lat="33.554327"><ele>90.643265</ele><time>2022-11-13T16:59:11Z</time><extensions><speed>1.730685</speed><course>70.512741</course><hAcc>1.614220</hAcc><vAcc>0.756742</vAcc></extensions></trkpt>
      <trkpt lon="-82.148610" lat="33.554333"><ele>90.676712</ele><time>2022-11-13T16:59:12Z</time><extensions><speed>1.798345</speed><course>67.634033</course><hAcc>1.608950</hAcc><vAcc>0.756742</vAcc></extensions></trkpt>
      <trkpt lon="-82.148592" lat="33.554339"><ele>90.716118</ele><time>2022-11-13T16:59:13Z</time><extensions><speed>1.776174</speed><course>65.606567</course><hAcc>1.610018</hAcc><vAcc>0.756742</vAcc></extensions></trkpt>
      <trkpt lon="-82.148575" lat="33.554346"><ele>90.750648</ele><time>2022-11-13T16:59:14Z</time><extensions><speed>1.747774</speed><course>63.733387</course><hAcc>1.619969</hAcc><vAcc>0.756742</vAcc></extensions></trkpt>
      <trkpt lon="-82.148558" lat="33.554353"><ele>90.785965</ele><time>2022-11-13T16:59:15Z</time><extensions><speed>1.614743</speed><course>65.801872</course><hAcc>1.640983</hAcc><vAcc>0.756742</vAcc></extensions></trkpt>
      <trkpt lon="-82.148542" lat="33.554360"><ele>90.815865</ele><time>2022-11-13T16:59:16Z</time><extensions><speed>1.665431</speed><course>62.026218</course><hAcc>1.610124</hAcc><vAcc>0.756742</vAcc></extensions></trkpt>
      <trkpt lon="-82.148527" lat="33.554367"><ele>90.840942</ele><time>2022-11-13T16:59:17Z</time><extensions><speed>1.642880</speed><course>63.114105</course><hAcc>1.610076</hAcc><vAcc>0.756742</vAcc></extensions></trkpt>
      <trkpt lon="-82.148511" lat="33.554373"><ele>90.866997</ele><time>2022-11-13T16:59:18Z</time><extensions><speed>1.506558</speed><course>68.768829</course><hAcc>1.622492</hAcc><vAcc>0.756742</vAcc></extensions></trkpt>
      <trkpt lon="-82.148496" lat="33.554378"><ele>90.879478</ele><time>2022-11-13T16:59:19Z</time><extensions><speed>1.424778</speed><course>75.378128</course><hAcc>1.596438</hAcc><vAcc>0.756742</vAcc></extensions></trkpt>
      <trkpt lon="-82.148481" lat="33.554381"><ele>90.884651</ele><time>2022-11-13T16:59:20Z</time><extensions><speed>1.424149</speed><course>72.809784</course><hAcc>1.584560</hAcc><vAcc>0.756742</vAcc></extensions></trkpt>
      <trkpt lon="-82.148467" lat="33.554386"><ele>90.878838</ele><time>2022-11-13T16:59:21Z</time><extensions><speed>1.462252</speed><course>66.118713</course><hAcc>1.578182</hAcc><vAcc>0.756742</vAcc></extensions></trkpt>
      <trkpt lon="-82.148453" lat="33.554392"><ele>90.863899</ele><time>2022-11-13T16:59:22Z</time><extensions><speed>1.418578</speed><course>64.034897</course><hAcc>1.597192</hAcc><vAcc>0.756742</vAcc></extensions></trkpt>
      <trkpt lon="-82.148439" lat="33.554399"><ele>90.845886</ele><time>2022-11-13T16:59:23Z</time><extensions><speed>1.484058</speed><course>53.254833</course><hAcc>1.574805</hAcc><vAcc>0.756742</vAcc></extensions></trkpt>
      <trkpt lon="-82.148426" lat="33.554407"><ele>90.830643</ele><time>2022-11-13T16:59:24Z</time><extensions><speed>1.501048</speed><course>52.918388</course><hAcc>1.583962</hAcc><vAcc>0.756742</vAcc></extensions></trkpt>
      <trkpt lon="-82.148413" lat="33.554415"><ele>90.813629</ele><time>2022-11-13T16:59:25Z</time><extensions><speed>1.441263</speed><course>54.959965</course><hAcc>1.580245</hAcc><vAcc>0.756742</vAcc></extensions></trkpt>
      <trkpt lon="-82.148400" lat="33.554422"><ele>90.781891</ele><time>2022-11-13T16:59:26Z</time><extensions><speed>1.381917</speed><course>63.550739</course><hAcc>1.584023</hAcc><vAcc>0.756742</vAcc></extensions></trkpt>
      <trkpt lon="-82.148387" lat="33.554427"><ele>90.750084</ele><time>2022-11-13T16:59:27Z</time><extensions><speed>1.388752</speed><course>68.705200</course><hAcc>1.590703</hAcc><vAcc>0.756742</vAcc></extensions></trkpt>
      <trkpt lon="-82.148372" lat="33.554431"><ele>90.720192</ele><time>2022-11-13T16:59:28Z</time><extensions><speed>1.460927</speed><course>74.190613</course><hAcc>1.587502</hAcc><vAcc>0.756742</vAcc></extensions></trkpt>
      <trkpt lon="-82.148356" lat="33.554434"><ele>90.685997</ele><time>2022-11-13T16:59:29Z</time><extensions><speed>1.514603</speed><course>78.719872</course><hAcc>1.613534</hAcc><vAcc>0.756742</vAcc></extensions></trkpt>
      <trkpt lon="-82.148340" lat="33.554437"><ele>90.639740</ele><time>2022-11-13T16:59:30Z</time><extensions><speed>1.545226</speed><course>78.626923</course><hAcc>1.611792</hAcc><vAcc>0.756742</vAcc></extensions></trkpt>
      <trkpt lon="-82.148324" lat="33.554440"><ele>90.589600</ele><time>2022-11-13T16:59:31Z</time><extensions><speed>1.539635</speed><course>74.165695</course><hAcc>1.616324</hAcc><vAcc>0.756742</vAcc></extensions></trkpt>
      <trkpt lon="-82.148308" lat="33.554444"><ele>90.538681</ele><time>2022-11-13T16:59:32Z</time><extensions><speed>1.554440</speed><course>67.833908</course><hAcc>1.607132</hAcc><vAcc>0.756742</vAcc></extensions></trkpt>
      <trkpt lon="-82.148293" lat="33.554450"><ele>90.478897</ele><time>2022-11-13T16:59:33Z</time><extensions><speed>1.525960</speed><course>66.381081</course><hAcc>1.611222</hAcc><vAcc>0.756742</vAcc></extensions></trkpt>
      <trkpt lon="-82.148278" lat="33.554455"><ele>90.416840</ele><time>2022-11-13T16:59:34Z</time><extensions><speed>1.523611</speed><course>70.716301</course><hAcc>1.614162</hAcc><vAcc>0.756742</vAcc></extensions></trkpt>
      <trkpt lon="-82.148263" lat="33.554459"><ele>90.349525</ele><time>2022-11-13T16:59:35Z</time><extensions><speed>1.427017</speed><course>78.808815</course><hAcc>1.633691</hAcc><vAcc>0.756742</vAcc></extensions></trkpt>
      <trkpt lon="-82.148248" lat="33.554460"><ele>90.277100</ele><time>2022-11-13T16:59:36Z</time><extensions><speed>1.342047</speed><course>87.191490</course><hAcc>1.641351</hAcc><vAcc>0.756742</vAcc></extensions></trkpt>
      <trkpt lon="-82.148234" lat="33.554460"><ele>90.203499</ele><time>2022-11-13T16:59:37Z</time><extensions><speed>1.170709</speed><course>94.593964</course><hAcc>1.626640</hAcc><vAcc>0.756742</vAcc></extensions></trkpt>
      <trkpt lon="-82.148222" lat="33.554459"><ele>90.124771</ele><time>2022-11-13T16:59:38Z</time><extensions><speed>1.177284</speed><course>97.598206</course><hAcc>1.623458</hAcc><vAcc>0.756742</vAcc></extensions></trkpt>
      <trkpt lon="-82.148210" lat="33.554458"><ele>90.043839</ele><time>2022-11-13T16:59:39Z</time><extensions><speed>1.092472</speed><course>94.544495</course><hAcc>1.649894</hAcc><vAcc>0.756742</vAcc></extensions></trkpt>
      <trkpt lon="-82.148198" lat="33.554458"><ele>89.965218</ele><time>2022-11-13T16:59:40Z</time><extensions><speed>1.112472</speed><course>88.749268</course><hAcc>1.639471</hAcc><vAcc>0.756742</vAcc></extensions></trkpt>
      <trkpt lon="-82.148185" lat="33.554459"><ele>89.886353</ele><time>2022-11-13T16:59:41Z</time><extensions><speed>1.307407</speed><course>81.625954</course><hAcc>1.634435</hAcc><vAcc>0.756742</vAcc></extensions></trkpt>
      <trkpt lon="-82.148169" lat="33.554461"><ele>89.811691</ele><time>2022-11-13T16:59:42Z</time><extensions><speed>1.777602</speed><course>77.056030</course><hAcc>1.648173</hAcc><vAcc>0.756742</vAcc></extensions></trkpt>
      <trkpt lon="-82.148150" lat="33.554465"><ele>89.738525</ele><time>2022-11-13T16:59:43Z</time><extensions><speed>1.848422</speed><course>75.367699</course><hAcc>1.644642</hAcc><vAcc>0.756742</vAcc></extensions></trkpt>
      <trkpt lon="-82.148132" lat="33.554469"><ele>89.670952</ele><time>2022-11-13T16:59:44Z</time><extensions><speed>1.653942</speed><course>80.984749</course><hAcc>1.658312</hAcc><vAcc>0.756742</vAcc></extensions></trkpt>
      <trkpt lon="-82.148115" lat="33.554470"><ele>89.610123</ele><time>2022-11-13T16:59:45Z</time><extensions><speed>1.444964</speed><course>90.603065</course><hAcc>1.655594</hAcc><vAcc>0.756742</vAcc></extensions></trkpt>
      <trkpt lon="-82.148100" lat="33.554470"><ele>89.555611</ele><time>2022-11-13T16:59:46Z</time><extensions><speed>1.445227</speed><course>93.574310</course><hAcc>1.623185</hAcc><vAcc>0.756742</vAcc></extensions></trkpt>
      <trkpt lon="-82.148083" lat="33.554469"><ele>89.506226</ele><time>2022-11-13T16:59:47Z</time><extensions><speed>1.592071</speed><course>91.424591</course><hAcc>1.631224</hAcc><vAcc>0.756742</vAcc></extensions></trkpt>
      <trkpt lon="-82.148067" lat="33.554469"><ele>89.464546</ele><time>2022-11-13T16:59:48Z</time><extensions><speed>1.361823</speed><course>93.154373</course><hAcc>1.647444</hAcc><vAcc>0.756742</vAcc></extensions></trkpt>
      <trkpt lon="-82.148054" lat="33.554468"><ele>89.427773</ele><time>2022-11-13T16:59:49Z</time><extensions><speed>1.186513</speed><course>95.069099</course><hAcc>1.640103</hAcc><vAcc>0.756742</vAcc></extensions></trkpt>
      <trkpt lon="-82.148042" lat="33.554468"><ele>89.388771</ele><time>2022-11-13T16:59:50Z</time><extensions><speed>0.929609</speed><course>91.467896</course><hAcc>1.626322</hAcc><vAcc>0.756742</vAcc></extensions></trkpt>
      <trkpt lon="-82.148030" lat="33.554468"><ele>89.356956</ele><time>2022-11-13T16:59:51Z</time><extensions><speed>1.256046</speed><course>84.308952</course><hAcc>1.634692</hAcc><vAcc>0.756742</vAcc></extensions></trkpt>
      <trkpt lon="-82.148017" lat="33.554471"><ele>89.325806</ele><time>2022-11-13T16:59:52Z</time><extensions><speed>1.281058</speed><course>70.713875</course><hAcc>1.644901</hAcc><vAcc>0.756742</vAcc></extensions></trkpt>
      <trkpt lon="-82.148004" lat="33.554476"><ele>89.291130</ele><time>2022-11-13T16:59:53Z</time><extensions><speed>1.416594</speed><course>63.464787</course><hAcc>1.664288</hAcc><vAcc>0.756742</vAcc></extensions></trkpt>
      <trkpt lon="-82.147990" lat="33.554482"><ele>89.246361</ele><time>2022-11-13T16:59:54Z</time><extensions><speed>1.527052</speed><course>59.157894</course><hAcc>1.653282</hAcc><vAcc>0.756742</vAcc></extensions></trkpt>
      <trkpt lon="-82.147975" lat="33.554490"><ele>89.200111</ele><time>2022-11-13T16:59:55Z</time><extensions><speed>1.627684</speed><course>59.129414</course><hAcc>1.658662</hAcc><vAcc>0.756742</vAcc></extensions></trkpt>
      <trkpt lon="-82.147960" lat="33.554497"><ele>89.152153</ele><time>2022-11-13T16:59:56Z</time><extensions><speed>1.558010</speed><course>62.641254</course><hAcc>1.687060</hAcc><vAcc>0.756742</vAcc></extensions></trkpt>
      <trkpt lon="-82.147945" lat="33.554503"><ele>89.102859</ele><time>2022-11-13T16:59:57Z</time><extensions><speed>1.553132</speed><course>64.663025</course><hAcc>1.685317</hAcc><vAcc>0.756742</vAcc></extensions></trkpt>
      <trkpt lon="-82.147930" lat="33.554509"><ele>89.053146</ele><time>2022-11-13T16:59:58Z</time><extensions><speed>1.572628</speed><course>64.084923</course><hAcc>1.682155</hAcc><vAcc>0.756742</vAcc></extensions></trkpt>
      <trkpt lon="-82.147915" lat="33.554516"><ele>88.997025</ele><time>2022-11-13T16:59:59Z</time><extensions><speed>1.622184</speed><course>59.814877</course><hAcc>1.685906</hAcc><vAcc>0.756742</vAcc></extensions></trkpt>
      <trkpt lon="-82.147900" lat="33.554524"><ele>88.927887</ele><time>2022-11-13T17:00:00Z</time><extensions><speed>1.643903</speed><course>55.776707</course><hAcc>1.705938</hAcc><vAcc>0.756742</vAcc></extensions></trkpt>
      <trkpt lon="-82.147886" lat="33.554532"><ele>88.854210</ele><time>2022-11-13T17:00:01Z</time><extensions><speed>1.647479</speed><course>54.135948</course><hAcc>1.714238</hAcc><vAcc>0.756742</vAcc></extensions></trkpt>
      <trkpt lon="-82.147871" lat="33.554541"><ele>88.769211</ele><time>2022-11-13T17:00:02Z</time><extensions><speed>1.681749</speed><course>56.659878</course><hAcc>1.706100</hAcc><vAcc>0.756742</vAcc></extensions></trkpt>
      <trkpt lon="-82.147856" lat="33.554548"><ele>88.673714</ele><time>2022-11-13T17:00:03Z</time><extensions><speed>1.613460</speed><course>63.452183</course><hAcc>1.723302</hAcc><vAcc>0.756742</vAcc></extensions></trkpt>
      <trkpt lon="-82.147841" lat="33.554554"><ele>88.571312</ele><time>2022-11-13T17:00:04Z</time><extensions><speed>1.486471</speed><course>69.325577</course><hAcc>1.726566</hAcc><vAcc>0.756742</vAcc></extensions></trkpt>
      <trkpt lon="-82.147826" lat="33.554558"><ele>88.473251</ele><time>2022-11-13T17:00:05Z</time><extensions><speed>1.368531</speed><course>72.693314</course><hAcc>1.755203</hAcc><vAcc>0.756742</vAcc></extensions></trkpt>
      <trkpt lon="-82.147812" lat="33.554561"><ele>88.371223</ele><time>2022-11-13T17:00:06Z</time><extensions><speed>1.259809</speed><course>74.940720</course><hAcc>1.828956</hAcc><vAcc>0.756742</vAcc></extensions></trkpt>
      <trkpt lon="-82.147800" lat="33.554564"><ele>88.256279</ele><time>2022-11-13T17:00:07Z</time><extensions><speed>1.008181</speed><course>65.961868</course><hAcc>1.879704</hAcc><vAcc>0.756742</vAcc></extensions></trkpt>
      <trkpt lon="-82.147794" lat="33.554567"><ele>88.134468</ele><time>2022-11-13T17:00:08Z</time><extensions><speed>0.454077</speed><course>31.380383</course><hAcc>1.941081</hAcc><vAcc>0.756742</vAcc></extensions></trkpt>
      <trkpt lon="-82.147791" lat="33.554569"><ele>88.005730</ele><time>2022-11-13T17:00:09Z</time><extensions><speed>0.254357</speed><course>35.131298</course><hAcc>2.060848</hAcc><vAcc>0.756742</vAcc></extensions></trkpt>
      <trkpt lon="-82.147787" lat="33.554570"><ele>87.878914</ele><time>2022-11-13T17:00:10Z</time><extensions><speed>0.568261</speed><course>69.866257</course><hAcc>2.218582</hAcc><vAcc>0.756742</vAcc></extensions></trkpt>
      <trkpt lon="-82.147777" lat="33.554573"><ele>87.751129</ele><time>2022-11-13T17:00:11Z</time><extensions><speed>1.164497</speed><course>67.922119</course><hAcc>2.355121</hAcc><vAcc>0.756742</vAcc></extensions></trkpt>
      <trkpt lon="-82.147764" lat="33.554575"><ele>87.626419</ele><time>2022-11-13T17:00:12Z</time><extensions><speed>1.294135</speed><course>77.744110</course><hAcc>2.411334</hAcc><vAcc>0.756742</vAcc></extensions></trkpt>
      <trkpt lon="-82.147750" lat="33.554579"><ele>87.501213</ele><time>2022-11-13T17:00:13Z</time><extensions><speed>1.380808</speed><course>63.527660</course><hAcc>2.432367</hAcc><vAcc>0.756742</vAcc></extensions></trkpt>
      <trkpt lon="-82.147736" lat="33.554584"><ele>87.379440</ele><time>2022-11-13T17:00:14Z</time><extensions><speed>1.238447</speed><course>63.114883</course><hAcc>2.405761</hAcc><vAcc>0.756742</vAcc></extensions></trkpt>
      <trkpt lon="-82.147724" lat="33.554589"><ele>87.259827</ele><time>2022-11-13T17:00:15Z</time><extensions><speed>1.208036</speed><course>62.332214</course><hAcc>2.405182</hAcc><vAcc>0.756742</vAcc></extensions></trkpt>
      <trkpt lon="-82.147712" lat="33.554594"><ele>87.139336</ele><time>2022-11-13T17:00:16Z</time><extensions><speed>1.234651</speed><course>60.951027</course><hAcc>2.419274</hAcc><vAcc>0.756742</vAcc></extensions></trkpt>
      <trkpt lon="-82.147698" lat="33.554599"><ele>87.016800</ele><time>2022-11-13T17:00:17Z</time><extensions><speed>1.459320</speed><course>64.995682</course><hAcc>2.398243</hAcc><vAcc>0.756742</vAcc></extensions></trkpt>
      <trkpt lon="-82.147683" lat="33.554605"><ele>86.904869</ele><time>2022-11-13T17:00:18Z</time><extensions><speed>1.609793</speed><course>64.566696</course><hAcc>2.397737</hAcc><vAcc>0.756742</vAcc></extensions></trkpt>
      <trkpt lon="-82.147667" lat="33.554611"><ele>86.805435</ele><time>2022-11-13T17:00:19Z</time><extensions><speed>1.616353</speed><course>63.891987</course><hAcc>2.431352</hAcc><vAcc>0.756742</vAcc></extensions></trkpt>
      <trkpt lon="-82.147651" lat="33.554617"><ele>86.714287</ele><time>2022-11-13T17:00:20Z</time><extensions><speed>1.475431</speed><course>63.747189</course><hAcc>2.470040</hAcc><vAcc>0.756742</vAcc></extensions></trkpt>
      <trkpt lon="-82.147636" lat="33.554621"><ele>86.625084</ele><time>2022-11-13T17:00:21Z</time><extensions><speed>1.449935</speed><course>68.517128</course><hAcc>2.468332</hAcc><vAcc>0.756742</vAcc></extensions></trkpt>
      <trkpt lon="-82.147622" lat="33.554625"><ele>86.546364</ele><time>2022-11-13T17:00:22Z</time><extensions><speed>1.460831</speed><course>74.501060</course><hAcc>2.448493</hAcc><vAcc>0.756742</vAcc></extensions></trkpt>
      <trkpt lon="-82.147606" lat="33.554628"><ele>86.472664</ele><time>2022-11-13T17:00:23Z</time><extensions><speed>1.488642</speed><course>77.960175</course><hAcc>2.457491</hAcc><vAcc>0.756742</vAcc></extensions></trkpt>
      <trkpt lon="-82.147590" lat="33.554630"><ele>86.402245</ele><time>2022-11-13T17:00:24Z</time><extensions><speed>1.435451</speed><course>78.680763</course><hAcc>2.475112</hAcc><vAcc>0.756742</vAcc></extensions></trkpt>
      <trkpt lon="-82.147575" lat="33.554633"><ele>86.335693</ele><time>2022-11-13T17:00:25Z</time><extensions><speed>1.421041</speed><course>80.056046</course><hAcc>2.469692</hAcc><vAcc>0.756742</vAcc></extensions></trkpt>
      <trkpt lon="-82.147561" lat="33.554634"><ele>86.283096</ele><time>2022-11-13T17:00:26Z</time><extensions><speed>1.276437</speed><course>82.079422</course><hAcc>2.453015</hAcc><vAcc>0.756742</vAcc></extensions></trkpt>
      <trkpt lon="-82.147548" lat="33.554636"><ele>86.235489</ele><time>2022-11-13T17:00:27Z</time><extensions><speed>1.187348</speed><course>82.680473</course><hAcc>2.465018</hAcc><vAcc>0.756742</vAcc></extensions></trkpt>
      <trkpt lon="-82.147535" lat="33.554637"><ele>86.195961</ele><time>2022-11-13T17:00:28Z</time><extensions><speed>1.107142</speed><course>80.438545</course><hAcc>2.483166</hAcc><vAcc>0.756742</vAcc></extensions></trkpt>
      <trkpt lon="-82.147524" lat="33.554640"><ele>86.144295</ele><time>2022-11-13T17:00:29Z</time><extensions><speed>1.088035</speed><course>77.091133</course><hAcc>2.461222</hAcc><vAcc>0.756742</vAcc></extensions></trkpt>
      <trkpt lon="-82.147512" lat="33.554642"><ele>86.080650</ele><time>2022-11-13T17:00:30Z</time><extensions><speed>1.078404</speed><course>73.947777</course><hAcc>2.436084</hAcc><vAcc>0.756742</vAcc></extensions></trkpt>
      <trkpt lon="-82.147501" lat="33.554647"><ele>86.001373</ele><time>2022-11-13T17:00:31Z</time><extensions><speed>1.073969</speed><course>58.092972</course><hAcc>2.445724</hAcc><vAcc>0.756742</vAcc></extensions></trkpt>
      <trkpt lon="-82.147491" lat="33.554653"><ele>85.910774</ele><time>2022-11-13T17:00:32Z</time><extensions><speed>1.123400</speed><course>53.010307</course><hAcc>2.469928</hAcc><vAcc>0.756742</vAcc></extensions></trkpt>
      <trkpt lon="-82.147482" lat="33.554660"><ele>85.812057</ele><time>2022-11-13T17:00:33Z</time><extensions><speed>1.207653</speed><course>42.174408</course><hAcc>2.459504</hAcc><vAcc>0.756742</vAcc></extensions></trkpt>
      <trkpt lon="-82.147473" lat="33.554669"><ele>85.701630</ele><time>2022-11-13T17:00:34Z</time><extensions><speed>1.353697</speed><course>38.393410</course><hAcc>2.462910</hAcc><vAcc>0.756742</vAcc></extensions></trkpt>
      <trkpt lon="-82.147463" lat="33.554679"><ele>85.579140</ele><time>2022-11-13T17:00:35Z</time><extensions><speed>1.397757</speed><course>42.913815</course><hAcc>2.445822</hAcc><vAcc>0.756742</vAcc></extensions></trkpt>
      <trkpt lon="-82.147452" lat="33.554689"><ele>85.442368</ele><time>2022-11-13T17:00:36Z</time><extensions><speed>1.412055</speed><course>51.499435</course><hAcc>2.434933</hAcc><vAcc>0.756742</vAcc></extensions></trkpt>
      <trkpt lon="-82.147439" lat="33.554696"><ele>85.296043</ele><time>2022-11-13T17:00:37Z</time><extensions><speed>1.427710</speed><course>61.326675</course><hAcc>2.414471</hAcc><vAcc>0.756742</vAcc></extensions></trkpt>
      <trkpt lon="-82.147426" lat="33.554703"><ele>85.136948</ele><time>2022-11-13T17:00:38Z</time><extensions><speed>1.445026</speed><course>64.290665</course><hAcc>2.405663</hAcc><vAcc>0.756742</vAcc></extensions></trkpt>
      <trkpt lon="-82.147412" lat="33.554709"><ele>84.960579</ele><time>2022-11-13T17:00:39Z</time><extensions><speed>1.439026</speed><course>61.395840</course><hAcc>2.414719</hAcc><vAcc>0.756742</vAcc></extensions></trkpt>
      <trkpt lon="-82.147399" lat="33.554717"><ele>84.786629</ele><time>2022-11-13T17:00:40Z</time><extensions><speed>1.440112</speed><course>54.069557</course><hAcc>2.394289</hAcc><vAcc>0.756742</vAcc></extensions></trkpt>
      <trkpt lon="-82.147388" lat="33.554725"><ele>84.613670</ele><time>2022-11-13T17:00:41Z</time><extensions><speed>1.380144</speed><course>46.223541</course><hAcc>2.398113</hAcc><vAcc>0.756742</vAcc></extensions></trkpt>
      <trkpt lon="-82.147379" lat="33.554735"><ele>84.442734</ele><time>2022-11-13T17:00:42Z</time><extensions><speed>1.397762</speed><course>24.449392</course><hAcc>2.397638</hAcc><vAcc>0.756742</vAcc></extensions></trkpt>
      <trkpt lon="-82.147373" lat="33.554747"><ele>84.275299</ele><time>2022-11-13T17:00:43Z</time><extensions><speed>1.526944</speed><course>30.040943</course><hAcc>2.388877</hAcc><vAcc>0.756742</vAcc></extensions></trkpt>
      <trkpt lon="-82.147364" lat="33.554759"><ele>84.125168</ele><time>2022-11-13T17:00:44Z</time><extensions><speed>1.583242</speed><course>38.028126</course><hAcc>2.411673</hAcc><vAcc>0.756742</vAcc></extensions></trkpt>
      <trkpt lon="-82.147353" lat="33.554770"><ele>83.985970</ele><time>2022-11-13T17:00:45Z</time><extensions><speed>1.494622</speed><course>42.751930</course><hAcc>2.391956</hAcc><vAcc>0.756742</vAcc></extensions></trkpt>
      <trkpt lon="-82.147342" lat="33.554779"><ele>83.856758</ele><time>2022-11-13T17:00:46Z</time><extensions><speed>1.392037</speed><course>55.976269</course><hAcc>2.395298</hAcc><vAcc>0.756742</vAcc></extensions></trkpt>
      <trkpt lon="-82.147330" lat="33.554787"><ele>83.741631</ele><time>2022-11-13T17:00:47Z</time><extensions><speed>1.406906</speed><course>53.638485</course><hAcc>2.414989</hAcc><vAcc>0.756742</vAcc></extensions></trkpt>
      <trkpt lon="-82.147318" lat="33.554795"><ele>83.638779</ele><time>2022-11-13T17:00:48Z</time><extensions><speed>1.396300</speed><course>54.290421</course><hAcc>2.414832</hAcc><vAcc>0.756742</vAcc></extensions></trkpt>
      <trkpt lon="-82.147307" lat="33.554802"><ele>83.548927</ele><time>2022-11-13T17:00:49Z</time><extensions><speed>1.374752</speed><course>51.621597</course><hAcc>2.401693</hAcc><vAcc>0.756742</vAcc></extensions></trkpt>
      <trkpt lon="-82.147296" lat="33.554811"><ele>83.466278</ele><time>2022-11-13T17:00:50Z</time><extensions><speed>1.459460</speed><course>49.988129</course><hAcc>2.397362</hAcc><vAcc>0.756742</vAcc></extensions></trkpt>
      <trkpt lon="-82.147283" lat="33.554821"><ele>83.393425</ele><time>2022-11-13T17:00:51Z</time><extensions><speed>1.735535</speed><course>46.819397</course><hAcc>2.408920</hAcc><vAcc>0.756742</vAcc></extensions></trkpt>
      <trkpt lon="-82.147270" lat="33.554832"><ele>83.334557</ele><time>2022-11-13T17:00:52Z</time><extensions><speed>1.807736</speed><course>45.027370</course><hAcc>2.441859</hAcc><vAcc>0.756742</vAcc></extensions></trkpt>
      <trkpt lon="-82.147258" lat="33.554843"><ele>83.285103</ele><time>2022-11-13T17:00:53Z</time><extensions><speed>1.568665</speed><course>50.374916</course><hAcc>2.462908</hAcc><vAcc>0.756742</vAcc></extensions></trkpt>
      <trkpt lon="-82.147245" lat="33.554852"><ele>83.242638</ele><time>2022-11-13T17:00:54Z</time><extensions><speed>1.502233</speed><course>49.489029</course><hAcc>2.413700</hAcc><vAcc>0.756742</vAcc></extensions></trkpt>
      <trkpt lon="-82.147234" lat="33.554862"><ele>83.205872</ele><time>2022-11-13T17:00:55Z</time><extensions><speed>1.502280</speed><course>45.383183</course><hAcc>2.396788</hAcc><vAcc>0.756742</vAcc></extensions></trkpt>
      <trkpt lon="-82.147224" lat="33.554872"><ele>83.173492</ele><time>2022-11-13T17:00:56Z</time><extensions><speed>1.502691</speed><course>39.131927</course><hAcc>2.393578</hAcc><vAcc>0.756742</vAcc></extensions></trkpt>
      <trkpt lon="-82.147215" lat="33.554883"><ele>83.146843</ele><time>2022-11-13T17:00:57Z</time><extensions><speed>1.487175</speed><course>32.980766</course><hAcc>2.396191</hAcc><vAcc>0.756742</vAcc></extensions></trkpt>
      <trkpt lon="-82.147207" lat="33.554895"><ele>83.129913</ele><time>2022-11-13T17:00:58Z</time><extensions><speed>1.468801</speed><course>30.043087</course><hAcc>2.394459</hAcc><vAcc>0.756742</vAcc></extensions></trkpt>
      <trkpt lon="-82.147201" lat="33.554906"><ele>83.107910</ele><time>2022-11-13T17:00:59Z</time><extensions><speed>1.465212</speed><course>27.335821</course><hAcc>2.401449</hAcc><vAcc>0.756742</vAcc></extensions></trkpt>
      <trkpt lon="-82.147194" lat="33.554919"><ele>83.095192</ele><time>2022-11-13T17:01:00Z</time><extensions><speed>1.460354</speed><course>24.200764</course><hAcc>2.364252</hAcc><vAcc>0.756742</vAcc></extensions></trkpt>
      <trkpt lon="-82.147189" lat="33.554931"><ele>83.093925</ele><time>2022-11-13T17:01:01Z</time><extensions><speed>1.461991</speed><course>18.166134</course><hAcc>2.354529</hAcc><vAcc>0.756742</vAcc></extensions></trkpt>
      <trkpt lon="-82.147186" lat="33.554944"><ele>83.098671</ele><time>2022-11-13T17:01:02Z</time><extensions><speed>1.475316</speed><course>14.053025</course><hAcc>2.365641</hAcc><vAcc>0.756742</vAcc></extensions></trkpt>
      <trkpt lon="-82.147183" lat="33.554957"><ele>83.100159</ele><time>2022-11-13T17:01:03Z</time><extensions><speed>1.519904</speed><course>11.006800</course><hAcc>2.374991</hAcc><vAcc>0.756742</vAcc></extensions></trkpt>
      <trkpt lon="-82.147180" lat="33.554970"><ele>83.102493</ele><time>2022-11-13T17:01:04Z</time><extensions><speed>1.497999</speed><course>13.549718</course><hAcc>2.407678</hAcc><vAcc>0.756742</vAcc></extensions></trkpt>
      <trkpt lon="-82.147175" lat="33.554983"><ele>83.108482</ele><time>2022-11-13T17:01:05Z</time><extensions><speed>1.409882</speed><course>23.710018</course><hAcc>2.438136</hAcc><vAcc>0.756742</vAcc></extensions></trkpt>
      <trkpt lon="-82.147170" lat="33.554994"><ele>83.114555</ele><time>2022-11-13T17:01:06Z</time><extensions><speed>1.405720</speed><course>17.571692</course><hAcc>2.407407</hAcc><vAcc>0.756742</vAcc></extensions></trkpt>
      <trkpt lon="-82.147166" lat="33.555007"><ele>83.128700</ele><time>2022-11-13T17:01:07Z</time><extensions><speed>1.413868</speed><course>14.828977</course><hAcc>2.412999</hAcc><vAcc>0.756742</vAcc></extensions></trkpt>
      <trkpt lon="-82.147162" lat="33.555019"><ele>83.150574</ele><time>2022-11-13T17:01:08Z</time><extensions><speed>1.364052</speed><course>14.506908</course><hAcc>2.446427</hAcc><vAcc>0.756742</vAcc></extensions></trkpt>
      <trkpt lon="-82.147159" lat="33.555029"><ele>83.176643</ele><time>2022-11-13T17:01:09Z</time><extensions><speed>1.139502</speed><course>12.783308</course><hAcc>2.449447</hAcc><vAcc>0.756742</vAcc></extensions></trkpt>
      <trkpt lon="-82.147157" lat="33.555039"><ele>83.201897</ele><time>2022-11-13T17:01:10Z</time><extensions><speed>1.118995</speed><course>15.335742</course><hAcc>2.463461</hAcc><vAcc>0.756742</vAcc></extensions></trkpt>
      <trkpt lon="-82.147154" lat="33.555050"><ele>83.231621</ele><time>2022-11-13T17:01:11Z</time><extensions><speed>1.285173</speed><course>15.823087</course><hAcc>2.499933</hAcc><vAcc>0.756742</vAcc></extensions></trkpt>
      <trkpt lon="-82.147150" lat="33.555061"><ele>83.258125</ele><time>2022-11-13T17:01:12Z</time><extensions><speed>1.294664</speed><course>13.771070</course><hAcc>2.524308</hAcc><vAcc>0.756742</vAcc></extensions></trkpt>
      <trkpt lon="-82.147147" lat="33.555071"><ele>83.286362</ele><time>2022-11-13T17:01:13Z</time><extensions><speed>0.950402</speed><course>18.236855</course><hAcc>2.530014</hAcc><vAcc>0.756742</vAcc></extensions></trkpt>
      <trkpt lon="-82.147144" lat="33.555079"><ele>83.306358</ele><time>2022-11-13T17:01:14Z</time><extensions><speed>1.002544</speed><course>25.570057</course><hAcc>2.530802</hAcc><vAcc>0.756742</vAcc></extensions></trkpt>
      <trkpt lon="-82.147137" lat="33.555089"><ele>83.323204</ele><time>2022-11-13T17:01:15Z</time><extensions><speed>1.416657</speed><course>33.250862</course><hAcc>2.546386</hAcc><vAcc>0.756742</vAcc></extensions></trkpt>
      <trkpt lon="-82.147129" lat="33.555100"><ele>83.339775</ele><time>2022-11-13T17:01:16Z</time><extensions><speed>1.543425</speed><course>32.234859</course><hAcc>2.551035</hAcc><vAcc>0.756742</vAcc></extensions></trkpt>
      <trkpt lon="-82.147121" lat="33.555112"><ele>83.358253</ele><time>2022-11-13T17:01:17Z</time><extensions><speed>1.422757</speed><course>25.227465</course><hAcc>2.546191</hAcc><vAcc>0.756742</vAcc></extensions></trkpt>
      <trkpt lon="-82.147116" lat="33.555124"><ele>83.377640</ele><time>2022-11-13T17:01:18Z</time><extensions><speed>1.366849</speed><course>13.289433</course><hAcc>2.549440</hAcc><vAcc>0.756742</vAcc></extensions></trkpt>
      <trkpt lon="-82.147114" lat="33.555135"><ele>83.389755</ele><time>2022-11-13T17:01:19Z</time><extensions><speed>1.292902</speed><course>9.151325</course><hAcc>2.558798</hAcc><vAcc>0.756742</vAcc></extensions></trkpt>
      <trkpt lon="-82.147111" lat="33.555147"><ele>83.396912</ele><time>2022-11-13T17:01:20Z</time><extensions><speed>1.362413</speed><course>12.772155</course><hAcc>2.560599</hAcc><vAcc>0.756742</vAcc></extensions></trkpt>
      <trkpt lon="-82.147107" lat="33.555159"><ele>83.404396</ele><time>2022-11-13T17:01:21Z</time><extensions><speed>1.385718</speed><course>18.039612</course><hAcc>2.541091</hAcc><vAcc>0.756742</vAcc></extensions></trkpt>
      <trkpt lon="-82.147103" lat="33.555171"><ele>83.406212</ele><time>2022-11-13T17:01:22Z</time><extensions><speed>1.407679</speed><course>21.477373</course><hAcc>2.525875</hAcc><vAcc>0.756742</vAcc></extensions></trkpt>
      <trkpt lon="-82.147097" lat="33.555182"><ele>83.403778</ele><time>2022-11-13T17:01:23Z</time><extensions><speed>1.411733</speed><course>25.109831</course><hAcc>2.546099</hAcc><vAcc>0.756742</vAcc></extensions></trkpt>
      <trkpt lon="-82.147091" lat="33.555194"><ele>83.392723</ele><time>2022-11-13T17:01:24Z</time><extensions><speed>1.424403</speed><course>29.129692</course><hAcc>2.579382</hAcc><vAcc>0.756742</vAcc></extensions></trkpt>
      <trkpt lon="-82.147083" lat="33.555205"><ele>83.381210</ele><time>2022-11-13T17:01:25Z</time><extensions><speed>1.388304</speed><course>33.067780</course><hAcc>2.608479</hAcc><vAcc>0.756742</vAcc></extensions></trkpt>
      <trkpt lon="-82.147074" lat="33.555214"><ele>83.372574</ele><time>2022-11-13T17:01:26Z</time><extensions><speed>1.372089</speed><course>42.202732</course><hAcc>2.631391</hAcc><vAcc>0.756742</vAcc></extensions></trkpt>
      <trkpt lon="-82.147064" lat="33.555223"><ele>83.370499</ele><time>2022-11-13T17:01:27Z</time><extensions><speed>1.256115</speed><course>48.712849</course><hAcc>2.630686</hAcc><vAcc>0.756742</vAcc></extensions></trkpt>
      <trkpt lon="-82.147055" lat="33.555230"><ele>83.370590</ele><time>2022-11-13T17:01:28Z</time><extensions><speed>1.133119</speed><course>50.156143</course><hAcc>2.617764</hAcc><vAcc>0.756742</vAcc></extensions></trkpt>
      <trkpt lon="-82.147047" lat="33.555236"><ele>83.371696</ele><time>2022-11-13T17:01:29Z</time><extensions><speed>0.984959</speed><course>41.414394</course><hAcc>2.617591</hAcc><vAcc>0.756742</vAcc></extensions></trkpt>
      <trkpt lon="-82.147042" lat="33.555243"><ele>83.373520</ele><time>2022-11-13T17:01:30Z</time><extensions><speed>0.941397</speed><course>29.495941</course><hAcc>2.638348</hAcc><vAcc>0.756742</vAcc></extensions></trkpt>
      <trkpt lon="-82.147038" lat="33.555251"><ele>83.375008</ele><time>2022-11-13T17:01:31Z</time><extensions><speed>0.993671</speed><course>18.705267</course><hAcc>2.676342</hAcc><vAcc>0.758385</vAcc></extensions></trkpt>
      <trkpt lon="-82.147036" lat="33.555260"><ele>83.379745</ele><time>2022-11-13T17:01:32Z</time><extensions><speed>1.095219</speed><course>12.989431</course><hAcc>2.698224</hAcc><vAcc>0.761086</vAcc></extensions></trkpt>
      <trkpt lon="-82.147034" lat="33.555270"><ele>83.387131</ele><time>2022-11-13T17:01:33Z</time><extensions><speed>1.113006</speed><course>9.203569</course><hAcc>2.693729</hAcc><vAcc>0.765080</vAcc></extensions></trkpt>
      <trkpt lon="-82.147032" lat="33.555280"><ele>83.396736</ele><time>2022-11-13T17:01:34Z</time><extensions><speed>1.097436</speed><course>13.711809</course><hAcc>2.689300</hAcc><vAcc>0.770563</vAcc></extensions></trkpt>
      <trkpt lon="-82.147029" lat="33.555289"><ele>83.410072</ele><time>2022-11-13T17:01:35Z</time><extensions><speed>1.056448</speed><course>17.116215</course><hAcc>2.681174</hAcc><vAcc>0.777678</vAcc></extensions></trkpt>
      <trkpt lon="-82.147027" lat="33.555298"><ele>83.417679</ele><time>2022-11-13T17:01:36Z</time><extensions><speed>1.024235</speed><course>13.094091</course><hAcc>2.673463</hAcc><vAcc>0.786499</vAcc></extensions></trkpt>
      <trkpt lon="-82.147027" lat="33.555307"><ele>83.424767</ele><time>2022-11-13T17:01:37Z</time><extensions><speed>1.029595</speed><course>359.451416</course><hAcc>2.669353</hAcc><vAcc>0.797019</vAcc></extensions></trkpt>
      <trkpt lon="-82.147029" lat="33.555317"><ele>83.433624</ele><time>2022-11-13T17:01:38Z</time><extensions><speed>1.102055</speed><course>350.523010</course><hAcc>2.673811</hAcc><vAcc>0.809118</vAcc></extensions></trkpt>
      <trkpt lon="-82.147032" lat="33.555327"><ele>83.442253</ele><time>2022-11-13T17:01:39Z</time><extensions><speed>1.217200</speed><course>352.151337</course><hAcc>2.676995</hAcc><vAcc>0.822542</vAcc></extensions></trkpt>
      <trkpt lon="-82.147034" lat="33.555338"><ele>83.449303</ele><time>2022-11-13T17:01:40Z</time><extensions><speed>1.252978</speed><course>353.769714</course><hAcc>2.674070</hAcc><vAcc>0.836867</vAcc></extensions></trkpt>
      <trkpt lon="-82.147036" lat="33.555350"><ele>83.462646</ele><time>2022-11-13T17:01:41Z</time><extensions><speed>1.260922</speed><course>357.867889</course><hAcc>2.684832</hAcc><vAcc>0.851487</vAcc></extensions></trkpt>
      <trkpt lon="-82.147038" lat="33.555361"><ele>83.479561</ele><time>2022-11-13T17:01:42Z</time><extensions><speed>1.249150</speed><course>352.561157</course><hAcc>2.627933</hAcc><vAcc>0.865710</vAcc></extensions></trkpt>
      <trkpt lon="-82.147041" lat="33.555373"><ele>83.494156</ele><time>2022-11-13T17:01:43Z</time><extensions><speed>1.321117</speed><course>348.117249</course><hAcc>2.560439</hAcc><vAcc>0.878973</vAcc></extensions></trkpt>
      <trkpt lon="-82.147045" lat="33.555385"><ele>83.508873</ele><time>2022-11-13T17:01:44Z</time><extensions><speed>1.429586</speed><course>344.564911</course><hAcc>2.528324</hAcc><vAcc>0.890926</vAcc></extensions></trkpt>
      <trkpt lon="-82.147049" lat="33.555397"><ele>83.526047</ele><time>2022-11-13T17:01:45Z</time><extensions><speed>1.394484</speed><course>345.182190</course><hAcc>2.557060</hAcc><vAcc>0.901393</vAcc></extensions></trkpt>
      <trkpt lon="-82.147053" lat="33.555410"><ele>83.546013</ele><time>2022-11-13T17:01:46Z</time><extensions><speed>1.415426</speed><course>357.440155</course><hAcc>2.603282</hAcc><vAcc>0.910330</vAcc></extensions></trkpt>
      <trkpt lon="-82.147054" lat="33.555424"><ele>83.569138</ele><time>2022-11-13T17:01:47Z</time><extensions><speed>1.633220</speed><course>0.186320</course><hAcc>2.561841</hAcc><vAcc>0.917792</vAcc></extensions></trkpt>
      <trkpt lon="-82.147055" lat="33.555438"><ele>83.594597</ele><time>2022-11-13T17:01:48Z</time><extensions><speed>1.634555</speed><course>1.329433</course><hAcc>2.496942</hAcc><vAcc>0.923890</vAcc></extensions></trkpt>
      <trkpt lon="-82.147055" lat="33.555453"><ele>83.615997</ele><time>2022-11-13T17:01:49Z</time><extensions><speed>1.546980</speed><course>2.154929</course><hAcc>2.469290</hAcc><vAcc>0.928775</vAcc></extensions></trkpt>
      <trkpt lon="-82.147055" lat="33.555466"><ele>83.634521</ele><time>2022-11-13T17:01:50Z</time><extensions><speed>1.408888</speed><course>0.273467</course><hAcc>2.455032</hAcc><vAcc>0.932609</vAcc></extensions></trkpt>
      <trkpt lon="-82.147055" lat="33.555479"><ele>83.647713</ele><time>2022-11-13T17:01:51Z</time><extensions><speed>1.366827</speed><course>359.334839</course><hAcc>2.455565</hAcc><vAcc>0.935560</vAcc></extensions></trkpt>
      <trkpt lon="-82.147056" lat="33.555491"><ele>83.658112</ele><time>2022-11-13T17:01:52Z</time><extensions><speed>1.331531</speed><course>353.716461</course><hAcc>2.453433</hAcc><vAcc>0.937783</vAcc></extensions></trkpt>
      <trkpt lon="-82.147060" lat="33.555502"><ele>83.664543</ele><time>2022-11-13T17:01:53Z</time><extensions><speed>1.288792</speed><course>340.032135</course><hAcc>2.458390</hAcc><vAcc>0.939423</vAcc></extensions></trkpt>
      <trkpt lon="-82.147066" lat="33.555512"><ele>83.669342</ele><time>2022-11-13T17:01:54Z</time><extensions><speed>1.315954</speed><course>326.648163</course><hAcc>2.449301</hAcc><vAcc>0.940605</vAcc></extensions></trkpt>
      <trkpt lon="-82.147073" lat="33.555523"><ele>83.670464</ele><time>2022-11-13T17:01:55Z</time><extensions><speed>1.398191</speed><course>332.732391</course><hAcc>2.459420</hAcc><vAcc>0.941435</vAcc></extensions></trkpt>
      <trkpt lon="-82.147077" lat="33.555535"><ele>83.666954</ele><time>2022-11-13T17:01:56Z</time><extensions><speed>1.465796</speed><course>356.733032</course><hAcc>2.512159</hAcc><vAcc>0.942001</vAcc></extensions></trkpt>
      <trkpt lon="-82.147078" lat="33.555547"><ele>83.665901</ele><time>2022-11-13T17:01:57Z</time><extensions><speed>1.323967</speed><course>352.395996</course><hAcc>2.490957</hAcc><vAcc>0.942374</vAcc></extensions></trkpt>
      <trkpt lon="-82.147079" lat="33.555558"><ele>83.660439</ele><time>2022-11-13T17:01:58Z</time><extensions><speed>1.108656</speed><course>354.282928</course><hAcc>2.457758</hAcc><vAcc>0.942611</vAcc></extensions></trkpt>
      <trkpt lon="-82.147080" lat="33.555568"><ele>83.651878</ele><time>2022-11-13T17:01:59Z</time><extensions><speed>0.977431</speed><course>1.370049</course><hAcc>2.459613</hAcc><vAcc>0.942754</vAcc></extensions></trkpt>
      <trkpt lon="-82.147079" lat="33.555576"><ele>83.635635</ele><time>2022-11-13T17:02:00Z</time><extensions><speed>0.899565</speed><course>3.876447</course><hAcc>2.498618</hAcc><vAcc>0.936308</vAcc></extensions></trkpt>
      <trkpt lon="-82.147078" lat="33.555584"><ele>83.617851</ele><time>2022-11-13T17:02:01Z</time><extensions><speed>0.847784</speed><course>357.334625</course><hAcc>2.550491</hAcc><vAcc>0.929738</vAcc></extensions></trkpt>
      <trkpt lon="-82.147078" lat="33.555592"><ele>83.599594</ele><time>2022-11-13T17:02:02Z</time><extensions><speed>0.893648</speed><course>359.620697</course><hAcc>2.573077</hAcc><vAcc>0.922611</vAcc></extensions></trkpt>
      <trkpt lon="-82.147078" lat="33.555601"><ele>83.581825</ele><time>2022-11-13T17:02:03Z</time><extensions><speed>1.019020</speed><course>3.057932</course><hAcc>2.601939</hAcc><vAcc>0.914628</vAcc></extensions></trkpt>
      <trkpt lon="-82.147077" lat="33.555612"><ele>83.564171</ele><time>2022-11-13T17:02:04Z</time><extensions><speed>1.209069</speed><course>7.316940</course><hAcc>2.632131</hAcc><vAcc>0.905573</vAcc></extensions></trkpt>
      <trkpt lon="-82.147075" lat="33.555623"><ele>83.530182</ele><time>2022-11-13T17:02:05Z</time><extensions><speed>1.219546</speed><course>10.424092</course><hAcc>2.634216</hAcc><vAcc>0.895307</vAcc></extensions></trkpt>
      <trkpt lon="-82.147073" lat="33.555635"><ele>83.497314</ele><time>2022-11-13T17:02:06Z</time><extensions><speed>1.185444</speed><course>10.018621</course><hAcc>2.634576</hAcc><vAcc>0.883786</vAcc></extensions></trkpt>
      <trkpt lon="-82.147071" lat="33.555645"><ele>83.465202</ele><time>2022-11-13T17:02:07Z</time><extensions><speed>1.043931</speed><course>7.812499</course><hAcc>2.611500</hAcc><vAcc>0.871082</vAcc></extensions></trkpt>
      <trkpt lon="-82.147070" lat="33.555655"><ele>83.431183</ele><time>2022-11-13T17:02:08Z</time><extensions><speed>1.044253</speed><course>8.698880</course><hAcc>2.589925</hAcc><vAcc>0.857418</vAcc></extensions></trkpt>
      <trkpt lon="-82.147067" lat="33.555665"><ele>83.394066</ele><time>2022-11-13T17:02:09Z</time><extensions><speed>1.090610</speed><course>14.794635</course><hAcc>2.589587</hAcc><vAcc>0.843190</vAcc></extensions></trkpt>
      <trkpt lon="-82.147064" lat="33.555676"><ele>83.355850</ele><time>2022-11-13T17:02:10Z</time><extensions><speed>1.288493</speed><course>17.004108</course><hAcc>2.573603</hAcc><vAcc>0.828991</vAcc></extensions></trkpt>
      <trkpt lon="-82.147061" lat="33.555688"><ele>83.318047</ele><time>2022-11-13T17:02:11Z</time><extensions><speed>1.302812</speed><course>13.387535</course><hAcc>2.569958</hAcc><vAcc>0.815503</vAcc></extensions></trkpt>
      <trkpt lon="-82.147059" lat="33.555700"><ele>83.277946</ele><time>2022-11-13T17:02:12Z</time><extensions><speed>1.329449</speed><course>2.839534</course><hAcc>2.568644</hAcc><vAcc>0.803278</vAcc></extensions></trkpt>
      <trkpt lon="-82.147060" lat="33.555713"><ele>83.236427</ele><time>2022-11-13T17:02:13Z</time><extensions><speed>1.359600</speed><course>352.138885</course><hAcc>2.570986</hAcc><vAcc>0.792641</vAcc></extensions></trkpt>
      <trkpt lon="-82.147063" lat="33.555726"><ele>83.192459</ele><time>2022-11-13T17:02:14Z</time><extensions><speed>1.473787</speed><course>347.823853</course><hAcc>2.561081</hAcc><vAcc>0.783718</vAcc></extensions></trkpt>
      <trkpt lon="-82.147066" lat="33.555740"><ele>83.138878</ele><time>2022-11-13T17:02:15Z</time><extensions><speed>1.524387</speed><course>351.106445</course><hAcc>2.546811</hAcc><vAcc>0.776483</vAcc></extensions></trkpt>
      <trkpt lon="-82.147067" lat="33.555754"><ele>83.082123</ele><time>2022-11-13T17:02:16Z</time><extensions><speed>1.590647</speed><course>4.684204</course><hAcc>2.541911</hAcc><vAcc>0.770801</vAcc></extensions></trkpt>
      <trkpt lon="-82.147064" lat="33.555769"><ele>83.016724</ele><time>2022-11-13T17:02:17Z</time><extensions><speed>1.580488</speed><course>16.454670</course><hAcc>2.533057</hAcc><vAcc>0.766476</vAcc></extensions></trkpt>
      <trkpt lon="-82.147060" lat="33.555783"><ele>82.943542</ele><time>2022-11-13T17:02:18Z</time><extensions><speed>1.495324</speed><course>20.100321</course><hAcc>2.529685</hAcc><vAcc>0.763286</vAcc></extensions></trkpt>
      <trkpt lon="-82.147056" lat="33.555796"><ele>82.866112</ele><time>2022-11-13T17:02:19Z</time><extensions><speed>1.450813</speed><course>14.299823</course><hAcc>2.543664</hAcc><vAcc>0.761005</vAcc></extensions></trkpt>
      <trkpt lon="-82.147053" lat="33.555809"><ele>82.793365</ele><time>2022-11-13T17:02:20Z</time><extensions><speed>1.468206</speed><course>14.138292</course><hAcc>2.520577</hAcc><vAcc>0.761030</vAcc></extensions></trkpt>
      <trkpt lon="-82.147051" lat="33.555823"><ele>82.719688</ele><time>2022-11-13T17:02:21Z</time><extensions><speed>1.487209</speed><course>14.885840</course><hAcc>2.517735</hAcc><vAcc>0.762661</vAcc></extensions></trkpt>
      <trkpt lon="-82.147047" lat="33.555835"><ele>82.646561</ele><time>2022-11-13T17:02:22Z</time><extensions><speed>1.400799</speed><course>24.358763</course><hAcc>2.549243</hAcc><vAcc>0.765985</vAcc></extensions></trkpt>
      <trkpt lon="-82.147042" lat="33.555847"><ele>82.572510</ele><time>2022-11-13T17:02:23Z</time><extensions><speed>1.342508</speed><course>30.238527</course><hAcc>2.531496</hAcc><vAcc>0.771074</vAcc></extensions></trkpt>
      <trkpt lon="-82.147036" lat="33.555858"><ele>82.497528</ele><time>2022-11-13T17:02:24Z</time><extensions><speed>1.276484</speed><course>26.616644</course><hAcc>2.506884</hAcc><vAcc>0.777976</vAcc></extensions></trkpt>
      <trkpt lon="-82.147033" lat="33.555869"><ele>82.425819</ele><time>2022-11-13T17:02:25Z</time><extensions><speed>1.359823</speed><course>17.132421</course><hAcc>2.509554</hAcc><vAcc>0.786697</vAcc></extensions></trkpt>
      <trkpt lon="-82.147032" lat="33.555882"><ele>82.359337</ele><time>2022-11-13T17:02:26Z</time><extensions><speed>1.459915</speed><course>4.255566</course><hAcc>2.536336</hAcc><vAcc>0.797180</vAcc></extensions></trkpt>
      <trkpt lon="-82.147033" lat="33.555896"><ele>82.295906</ele><time>2022-11-13T17:02:27Z</time><extensions><speed>1.489242</speed><course>355.259674</course><hAcc>2.564614</hAcc><vAcc>0.809275</vAcc></extensions></trkpt>
      <trkpt lon="-82.147038" lat="33.555910"><ele>82.236839</ele><time>2022-11-13T17:02:28Z</time><extensions><speed>1.526068</speed><course>343.447113</course><hAcc>2.529865</hAcc><vAcc>0.822706</vAcc></extensions></trkpt>
      <trkpt lon="-82.147045" lat="33.555924"><ele>82.189011</ele><time>2022-11-13T17:02:29Z</time><extensions><speed>1.680727</speed><course>336.030731</course><hAcc>2.510545</hAcc><vAcc>0.837039</vAcc></extensions></trkpt>
      <trkpt lon="-82.147054" lat="33.555938"><ele>82.147064</ele><time>2022-11-13T17:02:30Z</time><extensions><speed>1.635116</speed><course>329.435883</course><hAcc>2.507416</hAcc><vAcc>0.851663</vAcc></extensions></trkpt>
      <trkpt lon="-82.147065" lat="33.555950"><ele>82.113266</ele><time>2022-11-13T17:02:31Z</time><extensions><speed>1.687140</speed><course>319.762695</course><hAcc>2.502943</hAcc><vAcc>0.865885</vAcc></extensions></trkpt>
      <trkpt lon="-82.147078" lat="33.555962"><ele>82.087158</ele><time>2022-11-13T17:02:32Z</time><extensions><speed>1.588647</speed><course>315.009705</course><hAcc>2.513778</hAcc><vAcc>0.879141</vAcc></extensions></trkpt>
      <trkpt lon="-82.147091" lat="33.555973"><ele>82.062332</ele><time>2022-11-13T17:02:33Z</time><extensions><speed>1.691425</speed><course>314.257263</course><hAcc>2.482926</hAcc><vAcc>0.891082</vAcc></extensions></trkpt>
      <trkpt lon="-82.147105" lat="33.555984"><ele>82.034225</ele><time>2022-11-13T17:02:34Z</time><extensions><speed>1.753384</speed><course>314.121765</course><hAcc>2.459457</hAcc><vAcc>0.901534</vAcc></extensions></trkpt>
      <trkpt lon="-82.147118" lat="33.555996"><ele>82.011246</ele><time>2022-11-13T17:02:35Z</time><extensions><speed>1.732931</speed><course>316.209137</course><hAcc>2.460741</hAcc><vAcc>0.910455</vAcc></extensions></trkpt>
      <trkpt lon="-82.147131" lat="33.556008"><ele>81.996094</ele><time>2022-11-13T17:02:36Z</time><extensions><speed>1.733044</speed><course>322.396820</course><hAcc>2.464365</hAcc><vAcc>0.911037</vAcc></extensions></trkpt>
      <trkpt lon="-82.147141" lat="33.556022"><ele>81.983482</ele><time>2022-11-13T17:02:37Z</time><extensions><speed>1.757913</speed><course>334.757996</course><hAcc>2.484097</hAcc><vAcc>0.910333</vAcc></extensions></trkpt>
      <trkpt lon="-82.147146" lat="33.556036"><ele>81.970993</ele><time>2022-11-13T17:02:38Z</time><extensions><speed>1.544700</speed><course>348.635559</course><hAcc>2.529635</hAcc><vAcc>0.907994</vAcc></extensions></trkpt>
      <trkpt lon="-82.147150" lat="33.556050"><ele>81.960213</ele><time>2022-11-13T17:02:39Z</time><extensions><speed>1.426573</speed><course>341.792419</course><hAcc>2.498560</hAcc><vAcc>0.903838</vAcc></extensions></trkpt>
      <trkpt lon="-82.147156" lat="33.556062"><ele>81.941109</ele><time>2022-11-13T17:02:40Z</time><extensions><speed>1.447315</speed><course>325.567444</course><hAcc>2.492388</hAcc><vAcc>0.897779</vAcc></extensions></trkpt>
      <trkpt lon="-82.147164" lat="33.556073"><ele>81.918861</ele><time>2022-11-13T17:02:41Z</time><extensions><speed>1.494012</speed><course>329.200500</course><hAcc>2.481288</hAcc><vAcc>0.889811</vAcc></extensions></trkpt>
      <trkpt lon="-82.147171" lat="33.556086"><ele>81.896820</ele><time>2022-11-13T17:02:42Z</time><extensions><speed>1.475931</speed><course>338.166260</course><hAcc>2.489437</hAcc><vAcc>0.880013</vAcc></extensions></trkpt>
      <trkpt lon="-82.147176" lat="33.556098"><ele>81.875397</ele><time>2022-11-13T17:02:43Z</time><extensions><speed>1.454240</speed><course>339.702423</course><hAcc>2.516356</hAcc><vAcc>0.868570</vAcc></extensions></trkpt>
      <trkpt lon="-82.147180" lat="33.556111"><ele>81.853798</ele><time>2022-11-13T17:02:44Z</time><extensions><speed>1.402958</speed><course>343.274872</course><hAcc>2.556437</hAcc><vAcc>0.855804</vAcc></extensions></trkpt>
      <trkpt lon="-82.147184" lat="33.556123"><ele>81.843834</ele><time>2022-11-13T17:02:45Z</time><extensions><speed>1.419254</speed><course>345.101501</course><hAcc>2.584562</hAcc><vAcc>0.842196</vAcc></extensions></trkpt>
      <trkpt lon="-82.147187" lat="33.556136"><ele>81.836159</ele><time>2022-11-13T17:02:46Z</time><extensions><speed>1.429912</speed><course>351.248505</course><hAcc>2.587768</hAcc><vAcc>0.828407</vAcc></extensions></trkpt>
      <trkpt lon="-82.147188" lat="33.556149"><ele>81.831551</ele><time>2022-11-13T17:02:47Z</time><extensions><speed>1.455040</speed><course>357.990082</course><hAcc>2.592636</hAcc><vAcc>0.815179</vAcc></extensions></trkpt>
      <trkpt lon="-82.147188" lat="33.556162"><ele>81.832726</ele><time>2022-11-13T17:02:48Z</time><extensions><speed>1.481262</speed><course>5.995619</course><hAcc>2.589275</hAcc><vAcc>0.804524</vAcc></extensions></trkpt>
      <trkpt lon="-82.147185" lat="33.556175"><ele>81.842926</ele><time>2022-11-13T17:02:49Z</time><extensions><speed>1.490047</speed><course>11.846270</course><hAcc>2.574122</hAcc><vAcc>0.796459</vAcc></extensions></trkpt>
      <trkpt lon="-82.147182" lat="33.556188"><ele>81.860825</ele><time>2022-11-13T17:02:50Z</time><extensions><speed>1.445385</speed><course>15.519711</course><hAcc>2.566252</hAcc><vAcc>0.791414</vAcc></extensions></trkpt>
      <trkpt lon="-82.147177" lat="33.556200"><ele>81.887550</ele><time>2022-11-13T17:02:51Z</time><extensions><speed>1.359963</speed><course>16.280323</course><hAcc>2.580024</hAcc><vAcc>0.789598</vAcc></extensions></trkpt>
      <trkpt lon="-82.147174" lat="33.556212"><ele>81.926102</ele><time>2022-11-13T17:02:52Z</time><extensions><speed>1.204064</speed><course>13.545079</course><hAcc>2.612981</hAcc><vAcc>0.791030</vAcc></extensions></trkpt>
      <trkpt lon="-82.147172" lat="33.556223"><ele>81.968369</ele><time>2022-11-13T17:02:53Z</time><extensions><speed>1.285016</speed><course>4.650864</course><hAcc>2.617789</hAcc><vAcc>0.795586</vAcc></extensions></trkpt>
      <trkpt lon="-82.147171" lat="33.556235"><ele>82.004433</ele><time>2022-11-13T17:02:54Z</time><extensions><speed>1.239065</speed><course>1.986242</course><hAcc>2.607288</hAcc><vAcc>0.803015</vAcc></extensions></trkpt>
      <trkpt lon="-82.147168" lat="33.556246"><ele>82.044098</ele><time>2022-11-13T17:02:55Z</time><extensions><speed>1.261408</speed><course>13.548324</course><hAcc>2.599052</hAcc><vAcc>0.812955</vAcc></extensions></trkpt>
      <trkpt lon="-82.147165" lat="33.556257"><ele>82.090874</ele><time>2022-11-13T17:02:56Z</time><extensions><speed>1.275806</speed><course>16.188780</course><hAcc>2.595154</hAcc><vAcc>0.834703</vAcc></extensions></trkpt>
      <trkpt lon="-82.147161" lat="33.556268"><ele>82.140282</ele><time>2022-11-13T17:02:57Z</time><extensions><speed>1.230899</speed><course>15.994807</course><hAcc>2.616649</hAcc><vAcc>0.864294</vAcc></extensions></trkpt>
      <trkpt lon="-82.147158" lat="33.556278"><ele>82.191147</ele><time>2022-11-13T17:02:58Z</time><extensions><speed>1.044919</speed><course>12.548332</course><hAcc>2.624684</hAcc><vAcc>0.903221</vAcc></extensions></trkpt>
      <trkpt lon="-82.147156" lat="33.556287"><ele>82.242325</ele><time>2022-11-13T17:02:59Z</time><extensions><speed>1.001498</speed><course>5.862626</course><hAcc>2.661654</hAcc><vAcc>0.953189</vAcc></extensions></trkpt>
      <trkpt lon="-82.147155" lat="33.556296"><ele>82.292908</ele><time>2022-11-13T17:03:00Z</time><extensions><speed>1.027735</speed><course>4.472970</course><hAcc>2.756548</hAcc><vAcc>1.016217</vAcc></extensions></trkpt>
      <trkpt lon="-82.147154" lat="33.556305"><ele>82.342255</ele><time>2022-11-13T17:03:01Z</time><extensions><speed>1.064857</speed><course>10.413043</course><hAcc>2.881953</hAcc><vAcc>1.094568</vAcc></extensions></trkpt>
      <trkpt lon="-82.147150" lat="33.556314"><ele>82.390060</ele><time>2022-11-13T17:03:02Z</time><extensions><speed>1.092588</speed><course>30.305374</course><hAcc>2.999738</hAcc><vAcc>1.190514</vAcc></extensions></trkpt>
      <trkpt lon="-82.147143" lat="33.556323"><ele>82.436348</ele><time>2022-11-13T17:03:03Z</time><extensions><speed>1.152090</speed><course>32.271347</course><hAcc>3.139573</hAcc><vAcc>1.306100</vAcc></extensions></trkpt>
      <trkpt lon="-82.147136" lat="33.556332"><ele>82.481445</ele><time>2022-11-13T17:03:04Z</time><extensions><speed>1.203118</speed><course>35.630707</course><hAcc>3.320184</hAcc><vAcc>1.442960</vAcc></extensions></trkpt>
      <trkpt lon="-82.147129" lat="33.556340"><ele>82.525864</ele><time>2022-11-13T17:03:05Z</time><extensions><speed>1.124926</speed><course>35.443867</course><hAcc>3.625403</hAcc><vAcc>1.602197</vAcc></extensions></trkpt>
    </trkseg>
  </trk>
</gpx>