<?xml version="1.0" encoding="UTF-8"?>
<gpx version="1.1" creator="Apple Health Export" xmlns="http://www.topografix.com/GPX/1/1" xmlns:xsi="http://www.w3.org/2001/XMLSchema-instance" xsi:schemaLocation="http://www.topografix.com/GPX/1/1 http://www.topografix.com/GPX/1/1/gpx.xsd">
  <metadata>
    <time>2026-03-14T12:17:14Z</time>
  </metadata>
  <trk>
    <name>Route 2026-03-08 10:36am</name>
    <trkseg>
      <trkpt lon="-82.145951" lat="33.556711"><ele>81.498856</ele><time>2026-03-08T14:03:45Z</time><extensions><speed>1.197294</speed><course>273.672756</course><hAcc>2.914767</hAcc><vAcc>2.956257</vAcc></extensions></trkpt>
      <trkpt lon="-82.145966" lat="33.556714"><ele>81.501028</ele><time>2026-03-08T14:03:46Z</time><extensions><speed>1.614620</speed><course>274.558034</course><hAcc>2.546611</hAcc><vAcc>2.664396</vAcc></extensions></trkpt>
      <trkpt lon="-82.145984" lat="33.556716"><ele>81.508645</ele><time>2026-03-08T14:03:47Z</time><extensions><speed>1.610653</speed><course>274.108898</course><hAcc>2.373233</hAcc><vAcc>2.416204</vAcc></extensions></trkpt>
      <trkpt lon="-82.146001" lat="33.556717"><ele>81.516971</ele><time>2026-03-08T14:03:48Z</time><extensions><speed>1.576369</speed><course>276.354792</course><hAcc>2.208952</hAcc><vAcc>2.201800</vAcc></extensions></trkpt>
      <trkpt lon="-82.146018" lat="33.556718"><ele>81.524069</ele><time>2026-03-08T14:03:49Z</time><extensions><speed>1.387528</speed><course>272.457604</course><hAcc>2.009458</hAcc><vAcc>2.016971</vAcc></extensions></trkpt>
      <trkpt lon="-82.146033" lat="33.556718"><ele>81.520658</ele><time>2026-03-08T14:03:50Z</time><extensions><speed>1.123119</speed><course>273.972920</course><hAcc>1.832951</hAcc><vAcc>1.858625</vAcc></extensions></trkpt>
      <trkpt lon="-82.146045" lat="33.556718"><ele>81.512244</ele><time>2026-03-08T14:03:51Z</time><extensions><speed>1.040586</speed><course>269.391651</course><hAcc>1.685865</hAcc><vAcc>1.724128</vAcc></extensions></trkpt>
      <trkpt lon="-82.146056" lat="33.556716"><ele>81.503616</ele><time>2026-03-08T14:03:52Z</time><extensions><speed>0.836430</speed><course>261.523988</course><hAcc>1.580637</hAcc><vAcc>1.611313</vAcc></extensions></trkpt>
      <trkpt lon="-82.146065" lat="33.556715"><ele>81.493255</ele><time>2026-03-08T14:03:53Z</time><extensions><speed>0.715509</speed><course>262.532489</course><hAcc>1.503991</hAcc><vAcc>1.517660</vAcc></extensions></trkpt>
      <trkpt lon="-82.146073" lat="33.556714"><ele>81.483658</ele><time>2026-03-08T14:03:54Z</time><extensions><speed>0.633593</speed><course>265.994896</course><hAcc>1.447573</hAcc><vAcc>1.441255</vAcc></extensions></trkpt>
      <trkpt lon="-82.146080" lat="33.556713"><ele>81.479156</ele><time>2026-03-08T14:03:55Z</time><extensions><speed>0.633818</speed><course>265.696560</course><hAcc>1.385767</hAcc><vAcc>1.379689</vAcc></extensions></trkpt>
      <trkpt lon="-82.146086" lat="33.556712"><ele>81.481954</ele><time>2026-03-08T14:03:56Z</time><extensions><speed>0.527561</speed><course>263.856159</course><hAcc>1.348946</hAcc><vAcc>1.330812</vAcc></extensions></trkpt>
      <trkpt lon="-82.146092" lat="33.556711"><ele>81.484990</ele><time>2026-03-08T14:03:57Z</time><extensions><speed>0.530032</speed><course>261.380196</course><hAcc>1.327991</hAcc><vAcc>1.292716</vAcc></extensions></trkpt>
      <trkpt lon="-82.146098" lat="33.556710"><ele>81.489633</ele><time>2026-03-08T14:03:58Z</time><extensions><speed>0.553355</speed><course>259.230554</course><hAcc>1.318592</hAcc><vAcc>1.263925</vAcc></extensions></trkpt>
      <trkpt lon="-82.146105" lat="33.556708"><ele>81.497733</ele><time>2026-03-08T14:03:59Z</time><extensions><speed>0.731747</speed><course>254.420307</course><hAcc>1.303712</hAcc><vAcc>1.241876</vAcc></extensions></trkpt>
      <trkpt lon="-82.146114" lat="33.556705"><ele>81.512692</ele><time>2026-03-08T14:04:00Z</time><extensions><speed>1.095800</speed><course>244.806146</course><hAcc>1.295687</hAcc><vAcc>1.225417</vAcc></extensions></trkpt>
      <trkpt lon="-82.146125" lat="33.556700"><ele>81.534219</ele><time>2026-03-08T14:04:01Z</time><extensions><speed>1.221592</speed><course>238.461223</course><hAcc>1.303737</hAcc><vAcc>1.212701</vAcc></extensions></trkpt>
      <trkpt lon="-82.146136" lat="33.556694"><ele>81.556035</ele><time>2026-03-08T14:04:02Z</time><extensions><speed>1.209218</speed><course>236.420134</course><hAcc>1.308448</hAcc><vAcc>1.202504</vAcc></extensions></trkpt>
      <trkpt lon="-82.146147" lat="33.556687"><ele>81.582341</ele><time>2026-03-08T14:04:03Z</time><extensions><speed>1.177772</speed><course>237.398146</course><hAcc>1.323432</hAcc><vAcc>1.192949</vAcc></extensions></trkpt>
      <trkpt lon="-82.146157" lat="33.556682"><ele>81.613830</ele><time>2026-03-08T14:04:04Z</time><extensions><speed>1.178452</speed><course>240.806903</course><hAcc>1.326543</hAcc><vAcc>1.184216</vAcc></extensions></trkpt>
      <trkpt lon="-82.146168" lat="33.556676"><ele>81.655252</ele><time>2026-03-08T14:04:05Z</time><extensions><speed>1.213533</speed><course>238.390912</course><hAcc>1.326354</hAcc><vAcc>1.175854</vAcc></extensions></trkpt>
      <trkpt lon="-82.146179" lat="33.556670"><ele>81.705902</ele><time>2026-03-08T14:04:06Z</time><extensions><speed>1.204361</speed><course>235.456271</course><hAcc>1.331567</hAcc><vAcc>1.168569</vAcc></extensions></trkpt>
      <trkpt lon="-82.146190" lat="33.556664"><ele>82.163944</ele><time>2026-03-08T14:04:07Z</time><extensions><speed>1.188512</speed><course>233.306779</course><hAcc>1.328508</hAcc><vAcc>1.139030</vAcc></extensions></trkpt>
      <trkpt lon="-82.146200" lat="33.556658"><ele>82.489507</ele><time>2026-03-08T14:04:08Z</time><extensions><speed>1.160345</speed><course>231.976162</course><hAcc>1.328349</hAcc><vAcc>1.116730</vAcc></extensions></trkpt>
      <trkpt lon="-82.146210" lat="33.556651"><ele>82.796645</ele><time>2026-03-08T14:04:09Z</time><extensions><speed>1.157923</speed><course>227.841549</course><hAcc>1.328083</hAcc><vAcc>1.093541</vAcc></extensions></trkpt>
      <trkpt lon="-82.146219" lat="33.556644"><ele>83.064000</ele><time>2026-03-08T14:04:09Z</time><extensions><speed>1.122825</speed><course>227.877516</course><hAcc>1.332477</hAcc><vAcc>1.074861</vAcc></extensions></trkpt>
      <trkpt lon="-82.146228" lat="33.556638"><ele>83.336565</ele><time>2026-03-08T14:04:10Z</time><extensions><speed>1.109633</speed><course>231.926103</course><hAcc>1.331717</hAcc><vAcc>1.056863</vAcc></extensions></trkpt>
      <trkpt lon="-82.146237" lat="33.556631"><ele>83.621054</ele><time>2026-03-08T14:04:11Z</time><extensions><speed>1.089565</speed><course>231.619812</course><hAcc>1.333611</hAcc><vAcc>1.037784</vAcc></extensions></trkpt>
      <trkpt lon="-82.146246" lat="33.556625"><ele>83.909090</ele><time>2026-03-08T14:04:12Z</time><extensions><speed>1.081873</speed><course>228.309127</course><hAcc>1.342279</hAcc><vAcc>1.017650</vAcc></extensions></trkpt>
      <trkpt lon="-82.146255" lat="33.556619"><ele>84.205302</ele><time>2026-03-08T14:04:13Z</time><extensions><speed>1.087167</speed><course>227.735359</course><hAcc>1.354959</hAcc><vAcc>0.997015</vAcc></extensions></trkpt>
      <trkpt lon="-82.146264" lat="33.556612"><ele>84.495002</ele><time>2026-03-08T14:04:14Z</time><extensions><speed>1.106029</speed><course>234.110157</course><hAcc>1.375475</hAcc><vAcc>0.976600</vAcc></extensions></trkpt>
      <trkpt lon="-82.146274" lat="33.556607"><ele>84.774453</ele><time>2026-03-08T14:04:15Z</time><extensions><speed>1.103553</speed><course>237.661049</course><hAcc>1.370075</hAcc><vAcc>0.957417</vAcc></extensions></trkpt>
      <trkpt lon="-82.146284" lat="33.556602"><ele>85.045100</ele><time>2026-03-08T14:04:16Z</time><extensions><speed>1.047938</speed><course>242.151263</course><hAcc>1.305918</hAcc><vAcc>0.940897</vAcc></extensions></trkpt>
      <trkpt lon="-82.146294" lat="33.556598"><ele>85.319340</ele><time>2026-03-08T14:04:17Z</time><extensions><speed>0.971203</speed><course>242.168011</course><hAcc>1.298426</hAcc><vAcc>0.934327</vAcc></extensions></trkpt>
      <trkpt lon="-82.146303" lat="33.556593"><ele>85.548134</ele><time>2026-03-08T14:04:18Z</time><extensions><speed>0.944070</speed><course>238.899606</course><hAcc>1.320072</hAcc><vAcc>0.924266</vAcc></extensions></trkpt>
      <trkpt lon="-82.146311" lat="33.556589"><ele>85.759451</ele><time>2026-03-08T14:04:19Z</time><extensions><speed>0.936222</speed><course>238.094791</course><hAcc>1.347046</hAcc><vAcc>0.917169</vAcc></extensions></trkpt>
      <trkpt lon="-82.146320" lat="33.556584"><ele>85.962096</ele><time>2026-03-08T14:04:20Z</time><extensions><speed>0.923697</speed><course>236.526963</course><hAcc>1.330092</hAcc><vAcc>0.912157</vAcc></extensions></trkpt>
      <trkpt lon="-82.146328" lat="33.556580"><ele>86.123914</ele><time>2026-03-08T14:04:21Z</time><extensions><speed>0.930415</speed><course>239.048936</course><hAcc>1.318914</hAcc><vAcc>0.910729</vAcc></extensions></trkpt>
      <trkpt lon="-82.146337" lat="33.556576"><ele>86.271474</ele><time>2026-03-08T14:04:22Z</time><extensions><speed>0.966528</speed><course>241.803195</course><hAcc>1.322178</hAcc><vAcc>0.910188</vAcc></extensions></trkpt>
      <trkpt lon="-82.146347" lat="33.556572"><ele>86.370404</ele><time>2026-03-08T14:04:23Z</time><extensions><speed>1.005721</speed><course>242.959111</course><hAcc>1.308103</hAcc><vAcc>0.912209</vAcc></extensions></trkpt>
      <trkpt lon="-82.146356" lat="33.556567"><ele>86.453016</ele><time>2026-03-08T14:04:24Z</time><extensions><speed>1.021900</speed><course>243.582781</course><hAcc>1.278585</hAcc><vAcc>0.914362</vAcc></extensions></trkpt>
      <trkpt lon="-82.146366" lat="33.556563"><ele>86.490269</ele><time>2026-03-08T14:04:25Z</time><extensions><speed>1.036008</speed><course>242.791884</course><hAcc>1.273269</hAcc><vAcc>0.915557</vAcc></extensions></trkpt>
      <trkpt lon="-82.146376" lat="33.556559"><ele>86.491605</ele><time>2026-03-08T14:04:26Z</time><extensions><speed>0.994285</speed><course>241.097486</course><hAcc>1.251312</hAcc><vAcc>0.915489</vAcc></extensions></trkpt>
      <trkpt lon="-82.146382" lat="33.556556"><ele>86.481144</ele><time>2026-03-08T14:04:27Z</time><extensions><speed>1.015026</speed><course>241.541271</course><hAcc>1.229149</hAcc><vAcc>0.910372</vAcc></extensions></trkpt>
      <trkpt lon="-82.146386" lat="33.556554"><ele>86.467796</ele><time>2026-03-08T14:04:27Z</time><extensions><speed>1.022185</speed><course>241.872631</course><hAcc>1.235708</hAcc><vAcc>0.904445</vAcc></extensions></trkpt>
      <trkpt lon="-82.146396" lat="33.556550"><ele>86.461511</ele><time>2026-03-08T14:04:28Z</time><extensions><speed>1.102107</speed><course>244.121592</course><hAcc>1.273979</hAcc><vAcc>0.909593</vAcc></extensions></trkpt>
      <trkpt lon="-82.146407" lat="33.556546"><ele>86.448273</ele><time>2026-03-08T14:04:29Z</time><extensions><speed>1.192868</speed><course>246.651019</course><hAcc>1.324955</hAcc><vAcc>0.912537</vAcc></extensions></trkpt>
      <trkpt lon="-82.146419" lat="33.556542"><ele>86.430415</ele><time>2026-03-08T14:04:30Z</time><extensions><speed>1.227585</speed><course>248.119048</course><hAcc>1.355405</hAcc><vAcc>0.914142</vAcc></extensions></trkpt>
      <trkpt lon="-82.146431" lat="33.556537"><ele>86.421268</ele><time>2026-03-08T14:04:31Z</time><extensions><speed>1.197246</speed><course>248.343966</course><hAcc>1.362128</hAcc><vAcc>0.914746</vAcc></extensions></trkpt>
      <trkpt lon="-82.146443" lat="33.556534"><ele>86.403504</ele><time>2026-03-08T14:04:32Z</time><extensions><speed>1.173772</speed><course>248.818795</course><hAcc>1.346147</hAcc><vAcc>0.913463</vAcc></extensions></trkpt>
      <trkpt lon="-82.146455" lat="33.556530"><ele>86.396837</ele><time>2026-03-08T14:04:33Z</time><extensions><speed>1.177702</speed><course>249.413881</course><hAcc>1.339011</hAcc><vAcc>0.910827</vAcc></extensions></trkpt>
      <trkpt lon="-82.146467" lat="33.556526"><ele>86.397362</ele><time>2026-03-08T14:04:34Z</time><extensions><speed>1.167193</speed><course>250.249248</course><hAcc>1.348811</hAcc><vAcc>0.907558</vAcc></extensions></trkpt>
      <trkpt lon="-82.146479" lat="33.556522"><ele>86.409759</ele><time>2026-03-08T14:04:35Z</time><extensions><speed>1.266222</speed><course>247.870192</course><hAcc>1.338125</hAcc><vAcc>0.903500</vAcc></extensions></trkpt>
      <trkpt lon="-82.146491" lat="33.556517"><ele>86.441863</ele><time>2026-03-08T14:04:36Z</time><extensions><speed>1.226036</speed><course>243.003791</course><hAcc>1.317575</hAcc><vAcc>0.899039</vAcc></extensions></trkpt>
      <trkpt lon="-82.146503" lat="33.556512"><ele>86.491965</ele><time>2026-03-08T14:04:37Z</time><extensions><speed>1.228885</speed><course>239.603165</course><hAcc>1.287724</hAcc><vAcc>0.894088</vAcc></extensions></trkpt>
      <trkpt lon="-82.146514" lat="33.556506"><ele>86.561928</ele><time>2026-03-08T14:04:38Z</time><extensions><speed>1.213342</speed><course>237.585650</course><hAcc>1.289167</hAcc><vAcc>0.888010</vAcc></extensions></trkpt>
      <trkpt lon="-82.146525" lat="33.556501"><ele>86.635641</ele><time>2026-03-08T14:04:39Z</time><extensions><speed>1.205862</speed><course>238.283534</course><hAcc>1.284308</hAcc><vAcc>0.882377</vAcc></extensions></trkpt>
      <trkpt lon="-82.146536" lat="33.556495"><ele>86.734322</ele><time>2026-03-08T14:04:40Z</time><extensions><speed>1.176886</speed><course>239.496949</course><hAcc>1.276109</hAcc><vAcc>0.876025</vAcc></extensions></trkpt>
      <trkpt lon="-82.146547" lat="33.556490"><ele>86.858871</ele><time>2026-03-08T14:04:41Z</time><extensions><speed>1.107528</speed><course>238.477197</course><hAcc>1.266327</hAcc><vAcc>0.869629</vAcc></extensions></trkpt>
      <trkpt lon="-82.146557" lat="33.556484"><ele>86.997518</ele><time>2026-03-08T14:04:42Z</time><extensions><speed>1.071633</speed><course>236.846395</course><hAcc>1.233822</hAcc><vAcc>0.862925</vAcc></extensions></trkpt>
      <trkpt lon="-82.146566" lat="33.556479"><ele>87.145568</ele><time>2026-03-08T14:04:43Z</time><extensions><speed>1.055358</speed><course>234.712463</course><hAcc>1.230760</hAcc><vAcc>0.856722</vAcc></extensions></trkpt>
      <trkpt lon="-82.146576" lat="33.556473"><ele>87.309293</ele><time>2026-03-08T14:04:44Z</time><extensions><speed>1.082661</speed><course>232.053007</course><hAcc>1.221510</hAcc><vAcc>0.850660</vAcc></extensions></trkpt>
      <trkpt lon="-82.146585" lat="33.556467"><ele>87.483455</ele><time>2026-03-08T14:04:45Z</time><extensions><speed>1.140665</speed><course>231.390739</course><hAcc>1.209020</hAcc><vAcc>0.844651</vAcc></extensions></trkpt>
      <trkpt lon="-82.146595" lat="33.556460"><ele>87.661809</ele><time>2026-03-08T14:04:46Z</time><extensions><speed>1.205612</speed><course>230.676643</course><hAcc>1.198579</hAcc><vAcc>0.839274</vAcc></extensions></trkpt>
      <trkpt lon="-82.146605" lat="33.556453"><ele>87.844480</ele><time>2026-03-08T14:04:47Z</time><extensions><speed>1.268829</speed><course>232.135122</course><hAcc>1.194753</hAcc><vAcc>0.833612</vAcc></extensions></trkpt>
      <trkpt lon="-82.146616" lat="33.556446"><ele>88.013283</ele><time>2026-03-08T14:04:48Z</time><extensions><speed>1.310188</speed><course>233.063251</course><hAcc>1.179692</hAcc><vAcc>0.828245</vAcc></extensions></trkpt>
      <trkpt lon="-82.146628" lat="33.556439"><ele>88.183612</ele><time>2026-03-08T14:04:49Z</time><extensions><speed>1.342644</speed><course>234.564109</course><hAcc>1.171809</hAcc><vAcc>0.823770</vAcc></extensions></trkpt>
      <trkpt lon="-82.146640" lat="33.556432"><ele>88.364797</ele><time>2026-03-08T14:04:50Z</time><extensions><speed>1.386352</speed><course>234.539588</course><hAcc>1.165194</hAcc><vAcc>0.819641</vAcc></extensions></trkpt>
      <trkpt lon="-82.146652" lat="33.556425"><ele>88.544562</ele><time>2026-03-08T14:04:51Z</time><extensions><speed>1.350641</speed><course>234.171012</course><hAcc>1.158372</hAcc><vAcc>0.815695</vAcc></extensions></trkpt>
      <trkpt lon="-82.146663" lat="33.556418"><ele>88.719741</ele><time>2026-03-08T14:04:52Z</time><extensions><speed>1.217527</speed><course>235.896832</course><hAcc>1.150592</hAcc><vAcc>0.812437</vAcc></extensions></trkpt>
      <trkpt lon="-82.146674" lat="33.556412"><ele>88.868244</ele><time>2026-03-08T14:04:53Z</time><extensions><speed>1.195605</speed><course>237.771225</course><hAcc>1.145927</hAcc><vAcc>0.809813</vAcc></extensions></trkpt>
      <trkpt lon="-82.146685" lat="33.556407"><ele>89.002305</ele><time>2026-03-08T14:04:54Z</time><extensions><speed>1.148307</speed><course>237.585929</course><hAcc>1.144052</hAcc><vAcc>0.807249</vAcc></extensions></trkpt>
      <trkpt lon="-82.146695" lat="33.556401"><ele>89.135200</ele><time>2026-03-08T14:04:55Z</time><extensions><speed>1.100562</speed><course>238.314565</course><hAcc>1.146812</hAcc><vAcc>0.805558</vAcc></extensions></trkpt>
      <trkpt lon="-82.146705" lat="33.556397"><ele>89.263807</ele><time>2026-03-08T14:04:56Z</time><extensions><speed>1.022717</speed><course>241.800033</course><hAcc>1.149697</hAcc><vAcc>0.804420</vAcc></extensions></trkpt>
      <trkpt lon="-82.146715" lat="33.556392"><ele>89.385332</ele><time>2026-03-08T14:04:57Z</time><extensions><speed>1.048120</speed><course>242.011924</course><hAcc>1.123013</hAcc><vAcc>0.803372</vAcc></extensions></trkpt>
      <trkpt lon="-82.146725" lat="33.556388"><ele>89.513311</ele><time>2026-03-08T14:04:58Z</time><extensions><speed>1.073372</speed><course>241.440607</course><hAcc>1.128892</hAcc><vAcc>0.802640</vAcc></extensions></trkpt>
      <trkpt lon="-82.146735" lat="33.556383"><ele>89.630671</ele><time>2026-03-08T14:04:59Z</time><extensions><speed>1.096333</speed><course>237.675820</course><hAcc>1.129818</hAcc><vAcc>0.801980</vAcc></extensions></trkpt>
      <trkpt lon="-82.146744" lat="33.556377"><ele>89.761611</ele><time>2026-03-08T14:05:00Z</time><extensions><speed>1.079398</speed><course>234.238298</course><hAcc>1.125083</hAcc><vAcc>0.801624</vAcc></extensions></trkpt>
      <trkpt lon="-82.146753" lat="33.556372"><ele>89.891495</ele><time>2026-03-08T14:05:01Z</time><extensions><speed>0.922440</speed><course>230.450076</course><hAcc>1.117105</hAcc><vAcc>0.801590</vAcc></extensions></trkpt>
      <trkpt lon="-82.146760" lat="33.556366"><ele>90.012156</ele><time>2026-03-08T14:05:02Z</time><extensions><speed>0.866554</speed><course>229.481984</course><hAcc>1.093449</hAcc><vAcc>0.801253</vAcc></extensions></trkpt>
      <trkpt lon="-82.146768" lat="33.556361"><ele>90.117823</ele><time>2026-03-08T14:05:03Z</time><extensions><speed>0.945488</speed><course>230.819770</course><hAcc>1.097264</hAcc><vAcc>0.800551</vAcc></extensions></trkpt>
      <trkpt lon="-82.146776" lat="33.556356"><ele>90.210382</ele><time>2026-03-08T14:05:04Z</time><extensions><speed>0.987905</speed><course>231.495411</course><hAcc>1.089371</hAcc><vAcc>0.799995</vAcc></extensions></trkpt>
      <trkpt lon="-82.146785" lat="33.556350"><ele>90.284675</ele><time>2026-03-08T14:05:05Z</time><extensions><speed>1.024210</speed><course>231.091851</course><hAcc>1.079603</hAcc><vAcc>0.799506</vAcc></extensions></trkpt>
      <trkpt lon="-82.146793" lat="33.556345"><ele>90.358616</ele><time>2026-03-08T14:05:06Z</time><extensions><speed>0.956525</speed><course>235.543724</course><hAcc>1.074853</hAcc><vAcc>0.799506</vAcc></extensions></trkpt>
      <trkpt lon="-82.146802" lat="33.556341"><ele>90.420266</ele><time>2026-03-08T14:05:07Z</time><extensions><speed>0.921601</speed><course>244.183217</course><hAcc>1.074596</hAcc><vAcc>0.799681</vAcc></extensions></trkpt>
      <trkpt lon="-82.146811" lat="33.556337"><ele>90.468902</ele><time>2026-03-08T14:05:08Z</time><extensions><speed>0.990060</speed><course>250.004949</course><hAcc>1.074385</hAcc><vAcc>0.800149</vAcc></extensions></trkpt>
      <trkpt lon="-82.146822" lat="33.556334"><ele>90.517948</ele><time>2026-03-08T14:05:09Z</time><extensions><speed>1.068698</speed><course>252.206827</course><hAcc>1.080115</hAcc><vAcc>0.800781</vAcc></extensions></trkpt>
      <trkpt lon="-82.146833" lat="33.556331"><ele>90.551117</ele><time>2026-03-08T14:05:10Z</time><extensions><speed>1.126248</speed><course>251.858072</course><hAcc>1.084170</hAcc><vAcc>0.801090</vAcc></extensions></trkpt>
      <trkpt lon="-82.146844" lat="33.556329"><ele>90.573004</ele><time>2026-03-08T14:05:11Z</time><extensions><speed>1.075532</speed><course>257.645982</course><hAcc>1.087902</hAcc><vAcc>0.801491</vAcc></extensions></trkpt>
      <trkpt lon="-82.146856" lat="33.556327"><ele>90.595156</ele><time>2026-03-08T14:05:12Z</time><extensions><speed>1.066588</speed><course>266.202715</course><hAcc>1.087226</hAcc><vAcc>0.802412</vAcc></extensions></trkpt>
      <trkpt lon="-82.146867" lat="33.556327"><ele>90.622389</ele><time>2026-03-08T14:05:13Z</time><extensions><speed>1.072850</speed><course>273.715895</course><hAcc>1.092481</hAcc><vAcc>0.803861</vAcc></extensions></trkpt>
      <trkpt lon="-82.146878" lat="33.556328"><ele>90.645642</ele><time>2026-03-08T14:05:14Z</time><extensions><speed>1.000984</speed><course>280.420512</course><hAcc>1.100196</hAcc><vAcc>0.805653</vAcc></extensions></trkpt>
      <trkpt lon="-82.146889" lat="33.556330"><ele>90.660534</ele><time>2026-03-08T14:05:15Z</time><extensions><speed>1.021694</speed><course>281.692947</course><hAcc>1.105300</hAcc><vAcc>0.806664</vAcc></extensions></trkpt>
      <trkpt lon="-82.146900" lat="33.556332"><ele>90.669887</ele><time>2026-03-08T14:05:16Z</time><extensions><speed>1.101170</speed><course>277.099930</course><hAcc>1.110605</hAcc><vAcc>0.807651</vAcc></extensions></trkpt>
      <trkpt lon="-82.146912" lat="33.556332"><ele>90.696340</ele><time>2026-03-08T14:05:17Z</time><extensions><speed>1.064917</speed><course>271.405680</course><hAcc>1.114681</hAcc><vAcc>0.808905</vAcc></extensions></trkpt>
      <trkpt lon="-82.146924" lat="33.556332"><ele>90.720242</ele><time>2026-03-08T14:05:18Z</time><extensions><speed>1.095068</speed><course>268.703854</course><hAcc>1.121636</hAcc><vAcc>0.809690</vAcc></extensions></trkpt>
      <trkpt lon="-82.146936" lat="33.556332"><ele>90.738665</ele><time>2026-03-08T14:05:19Z</time><extensions><speed>1.113527</speed><course>267.764929</course><hAcc>1.130333</hAcc><vAcc>0.810051</vAcc></extensions></trkpt>
      <trkpt lon="-82.146948" lat="33.556332"><ele>90.759462</ele><time>2026-03-08T14:05:20Z</time><extensions><speed>1.109884</speed><course>269.217637</course><hAcc>1.123684</hAcc><vAcc>0.810762</vAcc></extensions></trkpt>
      <trkpt lon="-82.146960" lat="33.556332"><ele>90.783030</ele><time>2026-03-08T14:05:21Z</time><extensions><speed>1.154102</speed><course>271.254687</course><hAcc>1.126071</hAcc><vAcc>0.811373</vAcc></extensions></trkpt>
      <trkpt lon="-82.146972" lat="33.556332"><ele>90.806372</ele><time>2026-03-08T14:05:22Z</time><extensions><speed>1.170374</speed><course>274.159279</course><hAcc>1.133119</hAcc><vAcc>0.812172</vAcc></extensions></trkpt>
      <trkpt lon="-82.146985" lat="33.556333"><ele>90.823361</ele><time>2026-03-08T14:05:23Z</time><extensions><speed>1.215560</speed><course>276.264023</course><hAcc>1.142488</hAcc><vAcc>0.812442</vAcc></extensions></trkpt>
      <trkpt lon="-82.146998" lat="33.556335"><ele>90.835997</ele><time>2026-03-08T14:05:24Z</time><extensions><speed>1.165122</speed><course>282.060292</course><hAcc>1.150979</hAcc><vAcc>0.813318</vAcc></extensions></trkpt>
      <trkpt lon="-82.147010" lat="33.556338"><ele>90.837492</ele><time>2026-03-08T14:05:25Z</time><extensions><speed>1.222687</speed><course>291.704628</course><hAcc>1.152692</hAcc><vAcc>0.813795</vAcc></extensions></trkpt>
      <trkpt lon="-82.147022" lat="33.556343"><ele>90.841374</ele><time>2026-03-08T14:05:26Z</time><extensions><speed>1.304138</speed><course>299.793435</course><hAcc>1.165292</hAcc><vAcc>0.813114</vAcc></extensions></trkpt>
      <trkpt lon="-82.147033" lat="33.556350"><ele>90.837891</ele><time>2026-03-08T14:05:27Z</time><extensions><speed>1.264188</speed><course>308.823186</course><hAcc>1.177862</hAcc><vAcc>0.812464</vAcc></extensions></trkpt>
      <trkpt lon="-82.147043" lat="33.556358"><ele>90.807038</ele><time>2026-03-08T14:05:28Z</time><extensions><speed>1.289795</speed><course>317.632720</course><hAcc>1.171161</hAcc><vAcc>0.812064</vAcc></extensions></trkpt>
      <trkpt lon="-82.147051" lat="33.556367"><ele>90.769490</ele><time>2026-03-08T14:05:29Z</time><extensions><speed>1.202809</speed><course>327.937839</course><hAcc>1.167674</hAcc><vAcc>0.811578</vAcc></extensions></trkpt>
      <trkpt lon="-82.147057" lat="33.556376"><ele>90.722407</ele><time>2026-03-08T14:05:30Z</time><extensions><speed>1.055918</speed><course>338.414552</course><hAcc>1.167061</hAcc><vAcc>0.810893</vAcc></extensions></trkpt>
      <trkpt lon="-82.147060" lat="33.556384"><ele>90.667763</ele><time>2026-03-08T14:05:31Z</time><extensions><speed>0.959791</speed><course>349.374560</course><hAcc>1.173195</hAcc><vAcc>0.809495</vAcc></extensions></trkpt>
      <trkpt lon="-82.147061" lat="33.556393"><ele>90.623123</ele><time>2026-03-08T14:05:32Z</time><extensions><speed>0.933516</speed><course>1.894391</course><hAcc>1.187747</hAcc><vAcc>0.807354</vAcc></extensions></trkpt>
      <trkpt lon="-82.147060" lat="33.556401"><ele>90.581074</ele><time>2026-03-08T14:05:33Z</time><extensions><speed>0.815645</speed><course>12.838795</course><hAcc>1.186814</hAcc><vAcc>0.804806</vAcc></extensions></trkpt>
      <trkpt lon="-82.147057" lat="33.556406"><ele>90.543715</ele><time>2026-03-08T14:05:34Z</time><extensions><speed>0.580299</speed><course>26.143157</course><hAcc>1.200504</hAcc><vAcc>0.801906</vAcc></extensions></trkpt>
      <trkpt lon="-82.147055" lat="33.556409"><ele>90.524367</ele><time>2026-03-08T14:05:35Z</time><extensions><speed>0.278800</speed><course>62.646155</course><hAcc>1.222719</hAcc><vAcc>0.798558</vAcc></extensions></trkpt>
      <trkpt lon="-82.147052" lat="33.556409"><ele>90.520168</ele><time>2026-03-08T14:05:36Z</time><extensions><speed>0.341649</speed><course>133.284620</course><hAcc>1.238971</hAcc><vAcc>0.795132</vAcc></extensions></trkpt>
      <trkpt lon="-82.147049" lat="33.556405"><ele>90.524205</ele><time>2026-03-08T14:05:37Z</time><extensions><speed>0.580399</speed><course>157.523342</course><hAcc>1.260106</hAcc><vAcc>0.791835</vAcc></extensions></trkpt>
      <trkpt lon="-82.147048" lat="33.556400"><ele>90.545662</ele><time>2026-03-08T14:05:38Z</time><extensions><speed>0.791954</speed><course>170.242369</course><hAcc>1.275194</hAcc><vAcc>0.788801</vAcc></extensions></trkpt>
      <trkpt lon="-82.147047" lat="33.556392"><ele>90.575211</ele><time>2026-03-08T14:05:39Z</time><extensions><speed>0.957361</speed><course>179.305530</course><hAcc>1.282763</hAcc><vAcc>0.786320</vAcc></extensions></trkpt>
      <trkpt lon="-82.147047" lat="33.556383"><ele>90.613747</ele><time>2026-03-08T14:05:40Z</time><extensions><speed>1.075752</speed><course>183.758487</course><hAcc>1.283975</hAcc><vAcc>0.784404</vAcc></extensions></trkpt>
      <trkpt lon="-82.147048" lat="33.556373"><ele>90.658503</ele><time>2026-03-08T14:05:41Z</time><extensions><speed>1.138150</speed><course>184.416464</course><hAcc>1.281477</hAcc><vAcc>0.782962</vAcc></extensions></trkpt>
      <trkpt lon="-82.147049" lat="33.556362"><ele>90.715131</ele><time>2026-03-08T14:05:42Z</time><extensions><speed>1.157873</speed><course>183.105578</course><hAcc>1.278037</hAcc><vAcc>0.781934</vAcc></extensions></trkpt>
      <trkpt lon="-82.147049" lat="33.556352"><ele>90.772928</ele><time>2026-03-08T14:05:43Z</time><extensions><speed>1.139012</speed><course>180.914314</course><hAcc>1.273508</hAcc><vAcc>0.781318</vAcc></extensions></trkpt>
      <trkpt lon="-82.147049" lat="33.556342"><ele>90.834137</ele><time>2026-03-08T14:05:44Z</time><extensions><speed>1.127105</speed><course>178.591914</course><hAcc>1.272037</hAcc><vAcc>0.780764</vAcc></extensions></trkpt>
      <trkpt lon="-82.147048" lat="33.556332"><ele>90.905386</ele><time>2026-03-08T14:05:45Z</time><extensions><speed>1.107594</speed><course>174.851460</course><hAcc>1.272015</hAcc><vAcc>0.779866</vAcc></extensions></trkpt>
      <trkpt lon="-82.147047" lat="33.556322"><ele>90.981251</ele><time>2026-03-08T14:05:46Z</time><extensions><speed>1.087739</speed><course>170.413440</course><hAcc>1.274396</hAcc><vAcc>0.778827</vAcc></extensions></trkpt>
      <trkpt lon="-82.147045" lat="33.556313"><ele>91.074849</ele><time>2026-03-08T14:05:47Z</time><extensions><speed>1.073732</speed><course>166.273082</course><hAcc>1.278711</hAcc><vAcc>0.777751</vAcc></extensions></trkpt>
      <trkpt lon="-82.147042" lat="33.556303"><ele>91.196451</ele><time>2026-03-08T14:05:48Z</time><extensions><speed>1.078291</speed><course>164.088388</course><hAcc>1.283692</hAcc><vAcc>0.777080</vAcc></extensions></trkpt>
      <trkpt lon="-82.147039" lat="33.556294"><ele>91.325646</ele><time>2026-03-08T14:05:49Z</time><extensions><speed>1.070670</speed><course>165.154720</course><hAcc>1.290139</hAcc><vAcc>0.776358</vAcc></extensions></trkpt>
      <trkpt lon="-82.147036" lat="33.556285"><ele>91.456768</ele><time>2026-03-08T14:05:50Z</time><extensions><speed>1.037128</speed><course>168.578138</course><hAcc>1.294476</hAcc><vAcc>0.775856</vAcc></extensions></trkpt>
      <trkpt lon="-82.147034" lat="33.556276"><ele>91.597963</ele><time>2026-03-08T14:05:51Z</time><extensions><speed>1.000890</speed><course>174.268102</course><hAcc>1.294749</hAcc><vAcc>0.776330</vAcc></extensions></trkpt>
      <trkpt lon="-82.147034" lat="33.556267"><ele>91.740243</ele><time>2026-03-08T14:05:52Z</time><extensions><speed>0.995984</speed><course>181.205893</course><hAcc>1.291009</hAcc><vAcc>0.777932</vAcc></extensions></trkpt>
      <trkpt lon="-82.147035" lat="33.556257"><ele>91.892742</ele><time>2026-03-08T14:05:53Z</time><extensions><speed>1.033929</speed><course>187.169113</course><hAcc>1.284754</hAcc><vAcc>0.780325</vAcc></extensions></trkpt>
      <trkpt lon="-82.147036" lat="33.556248"><ele>92.043756</ele><time>2026-03-08T14:05:54Z</time><extensions><speed>1.099168</speed><course>190.118826</course><hAcc>1.275274</hAcc><vAcc>0.782943</vAcc></extensions></trkpt>
      <trkpt lon="-82.147038" lat="33.556238"><ele>92.193119</ele><time>2026-03-08T14:05:55Z</time><extensions><speed>1.194505</speed><course>188.003002</course><hAcc>1.256638</hAcc><vAcc>0.786444</vAcc></extensions></trkpt>
      <trkpt lon="-82.147039" lat="33.556226"><ele>92.339001</ele><time>2026-03-08T14:05:56Z</time><extensions><speed>1.317468</speed><course>181.365561</course><hAcc>1.236939</hAcc><vAcc>0.790307</vAcc></extensions></trkpt>
      <trkpt lon="-82.147038" lat="33.556214"><ele>92.473315</ele><time>2026-03-08T14:05:57Z</time><extensions><speed>1.506085</speed><course>172.375332</course><hAcc>1.238077</hAcc><vAcc>0.794187</vAcc></extensions></trkpt>
      <trkpt lon="-82.147036" lat="33.556201"><ele>92.590335</ele><time>2026-03-08T14:05:58Z</time><extensions><speed>1.438538</speed><course>171.580868</course><hAcc>1.238412</hAcc><vAcc>0.798020</vAcc></extensions></trkpt>
      <trkpt lon="-82.147034" lat="33.556188"><ele>92.702686</ele><time>2026-03-08T14:05:59Z</time><extensions><speed>1.360171</speed><course>173.083228</course><hAcc>1.217475</hAcc><vAcc>0.801899</vAcc></extensions></trkpt>
      <trkpt lon="-82.147033" lat="33.556176"><ele>92.796808</ele><time>2026-03-08T14:06:00Z</time><extensions><speed>1.336621</speed><course>175.761139</course><hAcc>1.202505</hAcc><vAcc>0.805228</vAcc></extensions></trkpt>
      <trkpt lon="-82.147032" lat="33.556164"><ele>92.875708</ele><time>2026-03-08T14:06:01Z</time><extensions><speed>1.337048</speed><course>176.760158</course><hAcc>1.201082</hAcc><vAcc>0.808506</vAcc></extensions></trkpt>
      <trkpt lon="-82.147031" lat="33.556152"><ele>92.932859</ele><time>2026-03-08T14:06:02Z</time><extensions><speed>1.318746</speed><course>173.576377</course><hAcc>1.201802</hAcc><vAcc>0.811500</vAcc></extensions></trkpt>
      <trkpt lon="-82.147028" lat="33.556140"><ele>92.964215</ele><time>2026-03-08T14:06:03Z</time><extensions><speed>1.283640</speed><course>167.772487</course><hAcc>1.200324</hAcc><vAcc>0.813952</vAcc></extensions></trkpt>
      <trkpt lon="-82.147026" lat="33.556130"><ele>92.965778</ele><time>2026-03-08T14:06:04Z</time><extensions><speed>1.112872</speed><course>167.665795</course><hAcc>1.194296</hAcc><vAcc>0.815877</vAcc></extensions></trkpt>
      <trkpt lon="-82.147023" lat="33.556120"><ele>92.943078</ele><time>2026-03-08T14:06:05Z</time><extensions><speed>1.068962</speed><course>170.031960</course><hAcc>1.195097</hAcc><vAcc>0.817333</vAcc></extensions></trkpt>
      <trkpt lon="-82.147022" lat="33.556110"><ele>92.914674</ele><time>2026-03-08T14:06:06Z</time><extensions><speed>1.142069</speed><course>172.680145</course><hAcc>1.191844</hAcc><vAcc>0.818468</vAcc></extensions></trkpt>
      <trkpt lon="-82.147020" lat="33.556100"><ele>92.861695</ele><time>2026-03-08T14:06:07Z</time><extensions><speed>1.210120</speed><course>172.506875</course><hAcc>1.192536</hAcc><vAcc>0.819340</vAcc></extensions></trkpt>
      <trkpt lon="-82.147018" lat="33.556089"><ele>92.793321</ele><time>2026-03-08T14:06:08Z</time><extensions><speed>1.238080</speed><course>171.419291</course><hAcc>1.199506</hAcc><vAcc>0.820165</vAcc></extensions></trkpt>
      <trkpt lon="-82.147016" lat="33.556078"><ele>92.704709</ele><time>2026-03-08T14:06:09Z</time><extensions><speed>1.185371</speed><course>172.111950</course><hAcc>1.210363</hAcc><vAcc>0.820880</vAcc></extensions></trkpt>
      <trkpt lon="-82.147015" lat="33.556068"><ele>92.617875</ele><time>2026-03-08T14:06:10Z</time><extensions><speed>1.010031</speed><course>173.484525</course><hAcc>1.217384</hAcc><vAcc>0.821710</vAcc></extensions></trkpt>
      <trkpt lon="-82.147014" lat="33.556059"><ele>92.524521</ele><time>2026-03-08T14:06:11Z</time><extensions><speed>1.010634</speed><course>175.918097</course><hAcc>1.212646</hAcc><vAcc>0.822461</vAcc></extensions></trkpt>
      <trkpt lon="-82.147013" lat="33.556050"><ele>92.424667</ele><time>2026-03-08T14:06:12Z</time><extensions><speed>1.099265</speed><course>175.258847</course><hAcc>1.233693</hAcc><vAcc>0.822968</vAcc></extensions></trkpt>
      <trkpt lon="-82.147012" lat="33.556039"><ele>92.340227</ele><time>2026-03-08T14:06:13Z</time><extensions><speed>1.159384</speed><course>175.006246</course><hAcc>1.242804</hAcc><vAcc>0.823161</vAcc></extensions></trkpt>
      <trkpt lon="-82.147011" lat="33.556029"><ele>92.265543</ele><time>2026-03-08T14:06:14Z</time><extensions><speed>1.155153</speed><course>174.252818</course><hAcc>1.246817</hAcc><vAcc>0.823255</vAcc></extensions></trkpt>
      <trkpt lon="-82.147010" lat="33.556019"><ele>92.200167</ele><time>2026-03-08T14:06:15Z</time><extensions><speed>1.099077</speed><course>174.456288</course><hAcc>1.252881</hAcc><vAcc>0.822844</vAcc></extensions></trkpt>
      <trkpt lon="-82.147008" lat="33.556010"><ele>92.145544</ele><time>2026-03-08T14:06:16Z</time><extensions><speed>1.004112</speed><course>174.986018</course><hAcc>1.254169</hAcc><vAcc>0.822101</vAcc></extensions></trkpt>
      <trkpt lon="-82.147008" lat="33.556001"><ele>92.094552</ele><time>2026-03-08T14:06:17Z</time><extensions><speed>0.986541</speed><course>177.822813</course><hAcc>1.237786</hAcc><vAcc>0.821368</vAcc></extensions></trkpt>
      <trkpt lon="-82.147007" lat="33.555991"><ele>92.059893</ele><time>2026-03-08T14:06:18Z</time><extensions><speed>1.032788</speed><course>178.340486</course><hAcc>1.236280</hAcc><vAcc>0.820529</vAcc></extensions></trkpt>
      <trkpt lon="-82.147007" lat="33.555982"><ele>92.062126</ele><time>2026-03-08T14:06:19Z</time><extensions><speed>1.146544</speed><course>176.018910</course><hAcc>1.247687</hAcc><vAcc>0.819715</vAcc></extensions></trkpt>
      <trkpt lon="-82.147005" lat="33.555971"><ele>92.073072</ele><time>2026-03-08T14:06:20Z</time><extensions><speed>1.323852</speed><course>169.055322</course><hAcc>1.239547</hAcc><vAcc>0.819272</vAcc></extensions></trkpt>
      <trkpt lon="-82.147002" lat="33.555958"><ele>92.095430</ele><time>2026-03-08T14:06:21Z</time><extensions><speed>1.427145</speed><course>165.154322</course><hAcc>1.228149</hAcc><vAcc>0.818760</vAcc></extensions></trkpt>
      <trkpt lon="-82.146998" lat="33.555946"><ele>92.133641</ele><time>2026-03-08T14:06:22Z</time><extensions><speed>1.342242</speed><course>168.411184</course><hAcc>1.220497</hAcc><vAcc>0.818768</vAcc></extensions></trkpt>
      <trkpt lon="-82.146996" lat="33.555935"><ele>92.181707</ele><time>2026-03-08T14:06:23Z</time><extensions><speed>1.242424</speed><course>171.765574</course><hAcc>1.213240</hAcc><vAcc>0.818857</vAcc></extensions></trkpt>
      <trkpt lon="-82.146994" lat="33.555924"><ele>92.221327</ele><time>2026-03-08T14:06:24Z</time><extensions><speed>1.219518</speed><course>172.254714</course><hAcc>1.206073</hAcc><vAcc>0.818541</vAcc></extensions></trkpt>
      <trkpt lon="-82.146992" lat="33.555913"><ele>92.266731</ele><time>2026-03-08T14:06:25Z</time><extensions><speed>1.228548</speed><course>170.355070</course><hAcc>1.198348</hAcc><vAcc>0.817933</vAcc></extensions></trkpt>
      <trkpt lon="-82.146990" lat="33.555902"><ele>92.323461</ele><time>2026-03-08T14:06:26Z</time><extensions><speed>1.222562</speed><course>168.525616</course><hAcc>1.193377</hAcc><vAcc>0.817311</vAcc></extensions></trkpt>
      <trkpt lon="-82.146987" lat="33.555891"><ele>92.385900</ele><time>2026-03-08T14:06:27Z</time><extensions><speed>1.187355</speed><course>170.453545</course><hAcc>1.190204</hAcc><vAcc>0.816815</vAcc></extensions></trkpt>
      <trkpt lon="-82.146985" lat="33.555881"><ele>92.450101</ele><time>2026-03-08T14:06:28Z</time><extensions><speed>1.172586</speed><course>171.732105</course><hAcc>1.186345</hAcc><vAcc>0.816152</vAcc></extensions></trkpt>
      <trkpt lon="-82.146984" lat="33.555870"><ele>92.517015</ele><time>2026-03-08T14:06:29Z</time><extensions><speed>1.155558</speed><course>172.038775</course><hAcc>1.184968</hAcc><vAcc>0.815069</vAcc></extensions></trkpt>
      <trkpt lon="-82.146982" lat="33.555860"><ele>92.596162</ele><time>2026-03-08T14:06:30Z</time><extensions><speed>1.094970</speed><course>174.065200</course><hAcc>1.187737</hAcc><vAcc>0.813697</vAcc></extensions></trkpt>
      <trkpt lon="-82.146981" lat="33.555851"><ele>92.674755</ele><time>2026-03-08T14:06:31Z</time><extensions><speed>1.064091</speed><course>177.799491</course><hAcc>1.187049</hAcc><vAcc>0.811774</vAcc></extensions></trkpt>
      <trkpt lon="-82.146981" lat="33.555841"><ele>92.746832</ele><time>2026-03-08T14:06:33Z</time><extensions><speed>1.028517</speed><course>182.910448</course><hAcc>1.191043</hAcc><vAcc>0.809717</vAcc></extensions></trkpt>
      <trkpt lon="-82.146982" lat="33.555832"><ele>92.818345</ele><time>2026-03-08T14:06:34Z</time><extensions><speed>0.944709</speed><course>183.434531</course><hAcc>1.190842</hAcc><vAcc>0.807364</vAcc></extensions></trkpt>
      <trkpt lon="-82.146983" lat="33.555824"><ele>92.887570</ele><time>2026-03-08T14:06:35Z</time><extensions><speed>0.869275</speed><course>184.393308</course><hAcc>1.190020</hAcc><vAcc>0.805408</vAcc></extensions></trkpt>
      <trkpt lon="-82.146983" lat="33.555816"><ele>92.968977</ele><time>2026-03-08T14:06:36Z</time><extensions><speed>0.923230</speed><course>182.848083</course><hAcc>1.191186</hAcc><vAcc>0.804153</vAcc></extensions></trkpt>
      <trkpt lon="-82.146983" lat="33.555807"><ele>93.051961</ele><time>2026-03-08T14:06:37Z</time><extensions><speed>1.071134</speed><course>178.198833</course><hAcc>1.195983</hAcc><vAcc>0.803388</vAcc></extensions></trkpt>
      <trkpt lon="-82.146982" lat="33.555797"><ele>93.140879</ele><time>2026-03-08T14:06:38Z</time><extensions><speed>1.176614</speed><course>173.216226</course><hAcc>1.210246</hAcc><vAcc>0.803550</vAcc></extensions></trkpt>
      <trkpt lon="-82.146980" lat="33.555787"><ele>93.238237</ele><time>2026-03-08T14:06:39Z</time><extensions><speed>1.066339</speed><course>167.943334</course><hAcc>1.222935</hAcc><vAcc>0.805211</vAcc></extensions></trkpt>
      <trkpt lon="-82.146978" lat="33.555778"><ele>93.329554</ele><time>2026-03-08T14:06:40Z</time><extensions><speed>1.065754</speed><course>164.089671</course><hAcc>1.212054</hAcc><vAcc>0.807781</vAcc></extensions></trkpt>
      <trkpt lon="-82.146974" lat="33.555768"><ele>93.411068</ele><time>2026-03-08T14:06:41Z</time><extensions><speed>1.151315</speed><course>162.240825</course><hAcc>1.215667</hAcc><vAcc>0.811500</vAcc></extensions></trkpt>
      <trkpt lon="-82.146970" lat="33.555758"><ele>93.480138</ele><time>2026-03-08T14:06:42Z</time><extensions><speed>1.239035</speed><course>161.996762</course><hAcc>1.234747</hAcc><vAcc>0.816636</vAcc></extensions></trkpt>
      <trkpt lon="-82.146966" lat="33.555747"><ele>93.537565</ele><time>2026-03-08T14:06:43Z</time><extensions><speed>1.291144</speed><course>160.651954</course><hAcc>1.243669</hAcc><vAcc>0.822562</vAcc></extensions></trkpt>
      <trkpt lon="-82.146962" lat="33.555736"><ele>93.605050</ele><time>2026-03-08T14:06:44Z</time><extensions><speed>1.243188</speed><course>162.697239</course><hAcc>1.249659</hAcc><vAcc>0.828266</vAcc></extensions></trkpt>
      <trkpt lon="-82.146958" lat="33.555725"><ele>93.678505</ele><time>2026-03-08T14:06:45Z</time><extensions><speed>1.193824</speed><course>167.148520</course><hAcc>1.245715</hAcc><vAcc>0.834665</vAcc></extensions></trkpt>
      <trkpt lon="-82.146956" lat="33.555715"><ele>93.748324</ele><time>2026-03-08T14:06:46Z</time><extensions><speed>1.204647</speed><course>173.447900</course><hAcc>1.247958</hAcc><vAcc>0.840205</vAcc></extensions></trkpt>
      <trkpt lon="-82.146955" lat="33.555704"><ele>93.808590</ele><time>2026-03-08T14:06:47Z</time><extensions><speed>1.214037</speed><course>177.549220</course><hAcc>1.253956</hAcc><vAcc>0.845263</vAcc></extensions></trkpt>
      <trkpt lon="-82.146955" lat="33.555693"><ele>93.865375</ele><time>2026-03-08T14:06:48Z</time><extensions><speed>1.211231</speed><course>181.845411</course><hAcc>1.253755</hAcc><vAcc>0.849669</vAcc></extensions></trkpt>
      <trkpt lon="-82.146956" lat="33.555682"><ele>93.907600</ele><time>2026-03-08T14:06:49Z</time><extensions><speed>1.231371</speed><course>186.657234</course><hAcc>1.251323</hAcc><vAcc>0.852660</vAcc></extensions></trkpt>
      <trkpt lon="-82.146957" lat="33.555671"><ele>93.952254</ele><time>2026-03-08T14:06:50Z</time><extensions><speed>1.241071</speed><course>187.741403</course><hAcc>1.247071</hAcc><vAcc>0.854378</vAcc></extensions></trkpt>
      <trkpt lon="-82.146959" lat="33.555660"><ele>93.994500</ele><time>2026-03-08T14:06:51Z</time><extensions><speed>1.163598</speed><course>185.104210</course><hAcc>1.242577</hAcc><vAcc>0.855334</vAcc></extensions></trkpt>
      <trkpt lon="-82.146960" lat="33.555650"><ele>94.024204</ele><time>2026-03-08T14:06:52Z</time><extensions><speed>1.030102</speed><course>185.183718</course><hAcc>1.242801</hAcc><vAcc>0.854528</vAcc></extensions></trkpt>
      <trkpt lon="-82.146961" lat="33.555641"><ele>94.047992</ele><time>2026-03-08T14:06:53Z</time><extensions><speed>0.931876</speed><course>184.390749</course><hAcc>1.237953</hAcc><vAcc>0.852766</vAcc></extensions></trkpt>
      <trkpt lon="-82.146961" lat="33.555633"><ele>94.072411</ele><time>2026-03-08T14:06:54Z</time><extensions><speed>0.952322</speed><course>179.803268</course><hAcc>1.232803</hAcc><vAcc>0.850182</vAcc></extensions></trkpt>
      <trkpt lon="-82.146960" lat="33.555624"><ele>94.109643</ele><time>2026-03-08T14:06:55Z</time><extensions><speed>0.993020</speed><course>173.421199</course><hAcc>1.230500</hAcc><vAcc>0.847240</vAcc></extensions></trkpt>
      <trkpt lon="-82.146959" lat="33.555615"><ele>94.140843</ele><time>2026-03-08T14:06:56Z</time><extensions><speed>1.015623</speed><course>169.367759</course><hAcc>1.215592</hAcc><vAcc>0.843968</vAcc></extensions></trkpt>
      <trkpt lon="-82.146957" lat="33.555606"><ele>94.168654</ele><time>2026-03-08T14:06:57Z</time><extensions><speed>1.114731</speed><course>168.058829</course><hAcc>1.221597</hAcc><vAcc>0.840446</vAcc></extensions></trkpt>
      <trkpt lon="-82.146954" lat="33.555596"><ele>94.195992</ele><time>2026-03-08T14:06:58Z</time><extensions><speed>1.212993</speed><course>167.092664</course><hAcc>1.221612</hAcc><vAcc>0.837220</vAcc></extensions></trkpt>
      <trkpt lon="-82.146951" lat="33.555585"><ele>94.214397</ele><time>2026-03-08T14:06:59Z</time><extensions><speed>1.265330</speed><course>165.239180</course><hAcc>1.217374</hAcc><vAcc>0.833912</vAcc></extensions></trkpt>
      <trkpt lon="-82.146947" lat="33.555574"><ele>94.240128</ele><time>2026-03-08T14:07:00Z</time><extensions><speed>1.294680</speed><course>164.091876</course><hAcc>1.216591</hAcc><vAcc>0.830947</vAcc></extensions></trkpt>
      <trkpt lon="-82.146943" lat="33.555563"><ele>94.272154</ele><time>2026-03-08T14:07:01Z</time><extensions><speed>1.191820</speed><course>164.213830</course><hAcc>1.211343</hAcc><vAcc>0.827967</vAcc></extensions></trkpt>
      <trkpt lon="-82.146940" lat="33.555553"><ele>94.293454</ele><time>2026-03-08T14:07:02Z</time><extensions><speed>1.111358</speed><course>165.479525</course><hAcc>1.198686</hAcc><vAcc>0.825411</vAcc></extensions></trkpt>
      <trkpt lon="-82.146938" lat="33.555543"><ele>94.299236</ele><time>2026-03-08T14:07:03Z</time><extensions><speed>1.096998</speed><course>169.892449</course><hAcc>1.217759</hAcc><vAcc>0.823731</vAcc></extensions></trkpt>
      <trkpt lon="-82.146936" lat="33.555533"><ele>94.310188</ele><time>2026-03-08T14:07:04Z</time><extensions><speed>1.172372</speed><course>170.033366</course><hAcc>1.227583</hAcc><vAcc>0.822863</vAcc></extensions></trkpt>
      <trkpt lon="-82.146934" lat="33.555523"><ele>94.327311</ele><time>2026-03-08T14:07:05Z</time><extensions><speed>1.133399</speed><course>171.800079</course><hAcc>1.230155</hAcc><vAcc>0.822025</vAcc></extensions></trkpt>
      <trkpt lon="-82.146932" lat="33.555513"><ele>94.342907</ele><time>2026-03-08T14:07:06Z</time><extensions><speed>1.056994</speed><course>172.975014</course><hAcc>1.229057</hAcc><vAcc>0.821528</vAcc></extensions></trkpt>
      <trkpt lon="-82.146931" lat="33.555503"><ele>94.358025</ele><time>2026-03-08T14:07:07Z</time><extensions><speed>1.051993</speed><course>173.504846</course><hAcc>1.225409</hAcc><vAcc>0.821233</vAcc></extensions></trkpt>
      <trkpt lon="-82.146930" lat="33.555494"><ele>94.373815</ele><time>2026-03-08T14:07:08Z</time><extensions><speed>1.112195</speed><course>176.987847</course><hAcc>1.219166</hAcc><vAcc>0.821244</vAcc></extensions></trkpt>
      <trkpt lon="-82.146930" lat="33.555484"><ele>94.396710</ele><time>2026-03-08T14:07:09Z</time><extensions><speed>1.092122</speed><course>180.237743</course><hAcc>1.213652</hAcc><vAcc>0.821175</vAcc></extensions></trkpt>
      <trkpt lon="-82.146930" lat="33.555474"><ele>94.408329</ele><time>2026-03-08T14:07:10Z</time><extensions><speed>1.068701</speed><course>180.543216</course><hAcc>1.208541</hAcc><vAcc>0.820720</vAcc></extensions></trkpt>
      <trkpt lon="-82.146930" lat="33.555465"><ele>94.417914</ele><time>2026-03-08T14:07:11Z</time><extensions><speed>1.022623</speed><course>183.736229</course><hAcc>1.198287</hAcc><vAcc>0.819749</vAcc></extensions></trkpt>
      <trkpt lon="-82.146931" lat="33.555456"><ele>94.423675</ele><time>2026-03-08T14:07:12Z</time><extensions><speed>0.968933</speed><course>187.227048</course><hAcc>1.193038</hAcc><vAcc>0.818379</vAcc></extensions></trkpt>
      <trkpt lon="-82.146932" lat="33.555447"><ele>94.444407</ele><time>2026-03-08T14:07:13Z</time><extensions><speed>0.946674</speed><course>186.907661</course><hAcc>1.191533</hAcc><vAcc>0.817302</vAcc></extensions></trkpt>
      <trkpt lon="-82.146933" lat="33.555438"><ele>94.462169</ele><time>2026-03-08T14:07:14Z</time><extensions><speed>1.060782</speed><course>185.364623</course><hAcc>1.192027</hAcc><vAcc>0.815907</vAcc></extensions></trkpt>
      <trkpt lon="-82.146935" lat="33.555428"><ele>94.478394</ele><time>2026-03-08T14:07:15Z</time><extensions><speed>1.126167</speed><course>185.729390</course><hAcc>1.181394</hAcc><vAcc>0.814501</vAcc></extensions></trkpt>
      <trkpt lon="-82.146936" lat="33.555418"><ele>94.492909</ele><time>2026-03-08T14:07:16Z</time><extensions><speed>1.187620</speed><course>184.897354</course><hAcc>1.177427</hAcc><vAcc>0.812648</vAcc></extensions></trkpt>
      <trkpt lon="-82.146937" lat="33.555407"><ele>94.479623</ele><time>2026-03-08T14:07:17Z</time><extensions><speed>1.210545</speed><course>182.197756</course><hAcc>1.177927</hAcc><vAcc>0.810284</vAcc></extensions></trkpt>
      <trkpt lon="-82.146937" lat="33.555396"><ele>94.463151</ele><time>2026-03-08T14:07:18Z</time><extensions><speed>1.299311</speed><course>178.045047</course><hAcc>1.171697</hAcc><vAcc>0.807435</vAcc></extensions></trkpt>
      <trkpt lon="-82.146936" lat="33.555384"><ele>94.446526</ele><time>2026-03-08T14:07:19Z</time><extensions><speed>1.312589</speed><course>174.917866</course><hAcc>1.166617</hAcc><vAcc>0.804612</vAcc></extensions></trkpt>
      <trkpt lon="-82.146935" lat="33.555373"><ele>94.424743</ele><time>2026-03-08T14:07:20Z</time><extensions><speed>1.241912</speed><course>178.093039</course><hAcc>1.161602</hAcc><vAcc>0.801623</vAcc></extensions></trkpt>
      <trkpt lon="-82.146935" lat="33.555362"><ele>94.396220</ele><time>2026-03-08T14:07:21Z</time><extensions><speed>1.189675</speed><course>184.264325</course><hAcc>1.152601</hAcc><vAcc>0.798697</vAcc></extensions></trkpt>
      <trkpt lon="-82.146937" lat="33.555351"><ele>94.370329</ele><time>2026-03-08T14:07:22Z</time><extensions><speed>1.184231</speed><course>188.975762</course><hAcc>1.143040</hAcc><vAcc>0.795985</vAcc></extensions></trkpt>
      <trkpt lon="-82.146939" lat="33.555341"><ele>94.331730</ele><time>2026-03-08T14:07:23Z</time><extensions><speed>1.155279</speed><course>190.407960</course><hAcc>1.134696</hAcc><vAcc>0.793455</vAcc></extensions></trkpt>
      <trkpt lon="-82.146942" lat="33.555331"><ele>94.281038</ele><time>2026-03-08T14:07:24Z</time><extensions><speed>1.044290</speed><course>199.532546</course><hAcc>1.129410</hAcc><vAcc>0.791390</vAcc></extensions></trkpt>
      <trkpt lon="-82.146946" lat="33.555323"><ele>94.230491</ele><time>2026-03-08T14:07:25Z</time><extensions><speed>0.918543</speed><course>210.196314</course><hAcc>1.126975</hAcc><vAcc>0.789295</vAcc></extensions></trkpt>
      <trkpt lon="-82.146951" lat="33.555316"><ele>94.173197</ele><time>2026-03-08T14:07:26Z</time><extensions><speed>0.904427</speed><course>211.090188</course><hAcc>1.115640</hAcc><vAcc>0.787155</vAcc></extensions></trkpt>
      <trkpt lon="-82.146956" lat="33.555309"><ele>94.108487</ele><time>2026-03-08T14:07:27Z</time><extensions><speed>0.903597</speed><course>205.976367</course><hAcc>1.112613</hAcc><vAcc>0.784910</vAcc></extensions></trkpt>
      <trkpt lon="-82.146960" lat="33.555301"><ele>94.044081</ele><time>2026-03-08T14:07:28Z</time><extensions><speed>0.982736</speed><course>200.897177</course><hAcc>1.110776</hAcc><vAcc>0.782762</vAcc></extensions></trkpt>
      <trkpt lon="-82.146963" lat="33.555292"><ele>93.986949</ele><time>2026-03-08T14:07:29Z</time><extensions><speed>1.077202</speed><course>194.636314</course><hAcc>1.113726</hAcc><vAcc>0.780798</vAcc></extensions></trkpt>
      <trkpt lon="-82.146966" lat="33.555283"><ele>93.937740</ele><time>2026-03-08T14:07:30Z</time><extensions><speed>1.096484</speed><course>191.369630</course><hAcc>1.122179</hAcc><vAcc>0.779201</vAcc></extensions></trkpt>
      <trkpt lon="-82.146968" lat="33.555273"><ele>93.888292</ele><time>2026-03-08T14:07:31Z</time><extensions><speed>1.089607</speed><course>191.239073</course><hAcc>1.116769</hAcc><vAcc>0.778021</vAcc></extensions></trkpt>
      <trkpt lon="-82.146970" lat="33.555263"><ele>93.843596</ele><time>2026-03-08T14:07:32Z</time><extensions><speed>1.123550</speed><course>191.927353</course><hAcc>1.121860</hAcc><vAcc>0.777187</vAcc></extensions></trkpt>
      <trkpt lon="-82.146973" lat="33.555253"><ele>93.807296</ele><time>2026-03-08T14:07:33Z</time><extensions><speed>1.177643</speed><course>191.318851</course><hAcc>1.130839</hAcc><vAcc>0.776736</vAcc></extensions></trkpt>
      <trkpt lon="-82.146976" lat="33.555242"><ele>93.782564</ele><time>2026-03-08T14:07:34Z</time><extensions><speed>1.235699</speed><course>191.374952</course><hAcc>1.140248</hAcc><vAcc>0.776719</vAcc></extensions></trkpt>
      <trkpt lon="-82.146978" lat="33.555231"><ele>93.760030</ele><time>2026-03-08T14:07:35Z</time><extensions><speed>1.187872</speed><course>189.290699</course><hAcc>1.151257</hAcc><vAcc>0.777050</vAcc></extensions></trkpt>
      <trkpt lon="-82.146980" lat="33.555221"><ele>93.727735</ele><time>2026-03-08T14:07:36Z</time><extensions><speed>1.090310</speed><course>188.318333</course><hAcc>1.163051</hAcc><vAcc>0.777956</vAcc></extensions></trkpt>
      <trkpt lon="-82.146982" lat="33.555212"><ele>93.704692</ele><time>2026-03-08T14:07:37Z</time><extensions><speed>1.054852</speed><course>189.515208</course><hAcc>1.161675</hAcc><vAcc>0.779212</vAcc></extensions></trkpt>
      <trkpt lon="-82.146984" lat="33.555202"><ele>93.685490</ele><time>2026-03-08T14:07:38Z</time><extensions><speed>1.091990</speed><course>191.388553</course><hAcc>1.172926</hAcc><vAcc>0.780559</vAcc></extensions></trkpt>
      <trkpt lon="-82.146986" lat="33.555192"><ele>93.669689</ele><time>2026-03-08T14:07:39Z</time><extensions><speed>1.181768</speed><course>192.492660</course><hAcc>1.191620</hAcc><vAcc>0.782366</vAcc></extensions></trkpt>
      <trkpt lon="-82.146989" lat="33.555181"><ele>93.667998</ele><time>2026-03-08T14:07:40Z</time><extensions><speed>1.276010</speed><course>193.005040</course><hAcc>1.190355</hAcc><vAcc>0.784834</vAcc></extensions></trkpt>
      <trkpt lon="-82.146992" lat="33.555170"><ele>93.686115</ele><time>2026-03-08T14:07:41Z</time><extensions><speed>1.267108</speed><course>194.495102</course><hAcc>1.184590</hAcc><vAcc>0.788242</vAcc></extensions></trkpt>
      <trkpt lon="-82.146996" lat="33.555160"><ele>93.713611</ele><time>2026-03-08T14:07:42Z</time><extensions><speed>1.178329</speed><course>195.634932</course><hAcc>1.178748</hAcc><vAcc>0.792229</vAcc></extensions></trkpt>
      <trkpt lon="-82.146999" lat="33.555150"><ele>93.744642</ele><time>2026-03-08T14:07:43Z</time><extensions><speed>1.109286</speed><course>196.094137</course><hAcc>1.173274</hAcc><vAcc>0.797004</vAcc></extensions></trkpt>
      <trkpt lon="-82.147002" lat="33.555140"><ele>93.770515</ele><time>2026-03-08T14:07:44Z</time><extensions><speed>1.155242</speed><course>194.672596</course><hAcc>1.170025</hAcc><vAcc>0.802398</vAcc></extensions></trkpt>
      <trkpt lon="-82.147005" lat="33.555130"><ele>93.792170</ele><time>2026-03-08T14:07:45Z</time><extensions><speed>1.167216</speed><course>192.304545</course><hAcc>1.175599</hAcc><vAcc>0.808120</vAcc></extensions></trkpt>
      <trkpt lon="-82.147008" lat="33.555119"><ele>93.808933</ele><time>2026-03-08T14:07:46Z</time><extensions><speed>1.137982</speed><course>187.756119</course><hAcc>1.193081</hAcc><vAcc>0.814238</vAcc></extensions></trkpt>
      <trkpt lon="-82.147009" lat="33.555109"><ele>93.843905</ele><time>2026-03-08T14:07:47Z</time><extensions><speed>1.263345</speed><course>187.954063</course><hAcc>1.193715</hAcc><vAcc>0.820061</vAcc></extensions></trkpt>
      <trkpt lon="-82.147012" lat="33.555097"><ele>93.875155</ele><time>2026-03-08T14:07:48Z</time><extensions><speed>1.285179</speed><course>190.794160</course><hAcc>1.198671</hAcc><vAcc>0.825949</vAcc></extensions></trkpt>
      <trkpt lon="-82.147015" lat="33.555086"><ele>93.908211</ele><time>2026-03-08T14:07:49Z</time><extensions><speed>1.271728</speed><course>194.897729</course><hAcc>1.211338</hAcc><vAcc>0.831651</vAcc></extensions></trkpt>
      <trkpt lon="-82.147019" lat="33.555075"><ele>93.957868</ele><time>2026-03-08T14:07:50Z</time><extensions><speed>1.265487</speed><course>200.115211</course><hAcc>1.225056</hAcc><vAcc>0.837261</vAcc></extensions></trkpt>
      <trkpt lon="-82.147024" lat="33.555065"><ele>94.012722</ele><time>2026-03-08T14:07:51Z</time><extensions><speed>1.262368</speed><course>203.185000</course><hAcc>1.229598</hAcc><vAcc>0.842524</vAcc></extensions></trkpt>
      <trkpt lon="-82.147029" lat="33.555054"><ele>94.069945</ele><time>2026-03-08T14:07:52Z</time><extensions><speed>1.252563</speed><course>205.011506</course><hAcc>1.233820</hAcc><vAcc>0.847844</vAcc></extensions></trkpt>
      <trkpt lon="-82.147035" lat="33.555044"><ele>94.127064</ele><time>2026-03-08T14:07:53Z</time><extensions><speed>1.117128</speed><course>203.752294</course><hAcc>1.233345</hAcc><vAcc>0.852213</vAcc></extensions></trkpt>
      <trkpt lon="-82.147039" lat="33.555036"><ele>94.193523</ele><time>2026-03-08T14:07:54Z</time><extensions><speed>1.006245</speed><course>201.096300</course><hAcc>1.221654</hAcc><vAcc>0.856094</vAcc></extensions></trkpt>
      <trkpt lon="-82.147043" lat="33.555027"><ele>94.251319</ele><time>2026-03-08T14:07:55Z</time><extensions><speed>1.049534</speed><course>198.977749</course><hAcc>1.231702</hAcc><vAcc>0.858949</vAcc></extensions></trkpt>
      <trkpt lon="-82.147047" lat="33.555018"><ele>94.302955</ele><time>2026-03-08T14:07:56Z</time><extensions><speed>1.162519</speed><course>199.635900</course><hAcc>1.232416</hAcc><vAcc>0.861035</vAcc></extensions></trkpt>
      <trkpt lon="-82.147051" lat="33.555008"><ele>94.295256</ele><time>2026-03-08T14:07:57Z</time><extensions><speed>1.172159</speed><course>203.449677</course><hAcc>1.225028</hAcc><vAcc>0.863250</vAcc></extensions></trkpt>
      <trkpt lon="-82.147057" lat="33.554998"><ele>94.295100</ele><time>2026-03-08T14:07:58Z</time><extensions><speed>1.215331</speed><course>206.323464</course><hAcc>1.216979</hAcc><vAcc>0.865254</vAcc></extensions></trkpt>
      <trkpt lon="-82.147062" lat="33.554989"><ele>94.299007</ele><time>2026-03-08T14:07:59Z</time><extensions><speed>1.113894</speed><course>205.974607</course><hAcc>1.210388</hAcc><vAcc>0.867110</vAcc></extensions></trkpt>
      <trkpt lon="-82.147067" lat="33.554979"><ele>94.304725</ele><time>2026-03-08T14:08:00Z</time><extensions><speed>1.123448</speed><course>202.665127</course><hAcc>1.204029</hAcc><vAcc>0.867964</vAcc></extensions></trkpt>
      <trkpt lon="-82.147072" lat="33.554970"><ele>94.323920</ele><time>2026-03-08T14:08:01Z</time><extensions><speed>1.183842</speed><course>201.664912</course><hAcc>1.200405</hAcc><vAcc>0.868928</vAcc></extensions></trkpt>
      <trkpt lon="-82.147077" lat="33.554960"><ele>94.342052</ele><time>2026-03-08T14:08:02Z</time><extensions><speed>1.134551</speed><course>204.196153</course><hAcc>1.203532</hAcc><vAcc>0.869169</vAcc></extensions></trkpt>
      <trkpt lon="-82.147082" lat="33.554951"><ele>94.373814</ele><time>2026-03-08T14:08:03Z</time><extensions><speed>1.097589</speed><course>210.857743</course><hAcc>1.198127</hAcc><vAcc>0.868550</vAcc></extensions></trkpt>
      <trkpt lon="-82.147089" lat="33.554943"><ele>94.402521</ele><time>2026-03-08T14:08:04Z</time><extensions><speed>1.078891</speed><course>215.705561</course><hAcc>1.192331</hAcc><vAcc>0.867049</vAcc></extensions></trkpt>
      <trkpt lon="-82.147096" lat="33.554935"><ele>94.464043</ele><time>2026-03-08T14:08:05Z</time><extensions><speed>1.040428</speed><course>219.151719</course><hAcc>1.184558</hAcc><vAcc>0.865016</vAcc></extensions></trkpt>
      <trkpt lon="-82.147103" lat="33.554928"><ele>94.534846</ele><time>2026-03-08T14:08:06Z</time><extensions><speed>1.063418</speed><course>219.191090</course><hAcc>1.182680</hAcc><vAcc>0.862662</vAcc></extensions></trkpt>
      <trkpt lon="-82.147110" lat="33.554920"><ele>94.595611</ele><time>2026-03-08T14:08:07Z</time><extensions><speed>1.060781</speed><course>216.349614</course><hAcc>1.179741</hAcc><vAcc>0.860409</vAcc></extensions></trkpt>
      <trkpt lon="-82.147117" lat="33.554912"><ele>94.614378</ele><time>2026-03-08T14:08:08Z</time><extensions><speed>1.133950</speed><course>212.381701</course><hAcc>1.177410</hAcc><vAcc>0.857947</vAcc></extensions></trkpt>
      <trkpt lon="-82.147123" lat="33.554904"><ele>94.630634</ele><time>2026-03-08T14:08:09Z</time><extensions><speed>1.108758</speed><course>212.671204</course><hAcc>1.178353</hAcc><vAcc>0.855157</vAcc></extensions></trkpt>
      <trkpt lon="-82.147129" lat="33.554895"><ele>94.651675</ele><time>2026-03-08T14:08:10Z</time><extensions><speed>1.095395</speed><course>212.846084</course><hAcc>1.174214</hAcc><vAcc>0.851982</vAcc></extensions></trkpt>
      <trkpt lon="-82.147136" lat="33.554887"><ele>94.662091</ele><time>2026-03-08T14:08:11Z</time><extensions><speed>1.160546</speed><course>212.816914</course><hAcc>1.175544</hAcc><vAcc>0.848172</vAcc></extensions></trkpt>
      <trkpt lon="-82.147143" lat="33.554878"><ele>94.684252</ele><time>2026-03-08T14:08:12Z</time><extensions><speed>1.192216</speed><course>212.428296</course><hAcc>1.175480</hAcc><vAcc>0.844290</vAcc></extensions></trkpt>
      <trkpt lon="-82.147150" lat="33.554869"><ele>94.704782</ele><time>2026-03-08T14:08:13Z</time><extensions><speed>1.262238</speed><course>210.826333</course><hAcc>1.176122</hAcc><vAcc>0.840898</vAcc></extensions></trkpt>
      <trkpt lon="-82.147156" lat="33.554859"><ele>94.727774</ele><time>2026-03-08T14:08:14Z</time><extensions><speed>1.259646</speed><course>206.959748</course><hAcc>1.174581</hAcc><vAcc>0.837532</vAcc></extensions></trkpt>
      <trkpt lon="-82.147162" lat="33.554849"><ele>94.755658</ele><time>2026-03-08T14:08:15Z</time><extensions><speed>1.142838</speed><course>202.140611</course><hAcc>1.172188</hAcc><vAcc>0.834216</vAcc></extensions></trkpt>
      <trkpt lon="-82.147166" lat="33.554840"><ele>94.776486</ele><time>2026-03-08T14:08:16Z</time><extensions><speed>1.056901</speed><course>202.926941</course><hAcc>1.168153</hAcc><vAcc>0.831230</vAcc></extensions></trkpt>
      <trkpt lon="-82.147171" lat="33.554831"><ele>94.799626</ele><time>2026-03-08T14:08:17Z</time><extensions><speed>1.023194</speed><course>206.065329</course><hAcc>1.164619</hAcc><vAcc>0.827892</vAcc></extensions></trkpt>
      <trkpt lon="-82.147176" lat="33.554823"><ele>94.822940</ele><time>2026-03-08T14:08:18Z</time><extensions><speed>1.060756</speed><course>211.341784</course><hAcc>1.164893</hAcc><vAcc>0.824722</vAcc></extensions></trkpt>
      <trkpt lon="-82.147183" lat="33.554814"><ele>94.846496</ele><time>2026-03-08T14:08:19Z</time><extensions><speed>1.127352</speed><course>214.839879</course><hAcc>1.162179</hAcc><vAcc>0.821465</vAcc></extensions></trkpt>
      <trkpt lon="-82.147190" lat="33.554806"><ele>94.845945</ele><time>2026-03-08T14:08:20Z</time><extensions><speed>1.161740</speed><course>217.160716</course><hAcc>1.160277</hAcc><vAcc>0.817898</vAcc></extensions></trkpt>
      <trkpt lon="-82.147198" lat="33.554798"><ele>94.850671</ele><time>2026-03-08T14:08:21Z</time><extensions><speed>1.171714</speed><course>221.060762</course><hAcc>1.155254</hAcc><vAcc>0.814351</vAcc></extensions></trkpt>
      <trkpt lon="-82.147207" lat="33.554790"><ele>94.853792</ele><time>2026-03-08T14:08:22Z</time><extensions><speed>1.256682</speed><course>222.905676</course><hAcc>1.149484</hAcc><vAcc>0.810808</vAcc></extensions></trkpt>
      <trkpt lon="-82.147216" lat="33.554781"><ele>94.868618</ele><time>2026-03-08T14:08:23Z</time><extensions><speed>1.291441</speed><course>222.132439</course><hAcc>1.141582</hAcc><vAcc>0.807180</vAcc></extensions></trkpt>
      <trkpt lon="-82.147225" lat="33.554772"><ele>94.876659</ele><time>2026-03-08T14:08:24Z</time><extensions><speed>1.321970</speed><course>218.839984</course><hAcc>1.132865</hAcc><vAcc>0.803523</vAcc></extensions></trkpt>
      <trkpt lon="-82.147234" lat="33.554763"><ele>94.882633</ele><time>2026-03-08T14:08:25Z</time><extensions><speed>1.292280</speed><course>216.337345</course><hAcc>1.125226</hAcc><vAcc>0.799842</vAcc></extensions></trkpt>
      <trkpt lon="-82.147242" lat="33.554754"><ele>94.896879</ele><time>2026-03-08T14:08:26Z</time><extensions><speed>1.155815</speed><course>216.487258</course><hAcc>1.123529</hAcc><vAcc>0.796547</vAcc></extensions></trkpt>
      <trkpt lon="-82.147249" lat="33.554746"><ele>94.905636</ele><time>2026-03-08T14:08:27Z</time><extensions><speed>1.141665</speed><course>217.670009</course><hAcc>1.112684</hAcc><vAcc>0.793420</vAcc></extensions></trkpt>
      <trkpt lon="-82.147257" lat="33.554738"><ele>94.900466</ele><time>2026-03-08T14:08:28Z</time><extensions><speed>1.189034</speed><course>218.794307</course><hAcc>1.108548</hAcc><vAcc>0.790723</vAcc></extensions></trkpt>
      <trkpt lon="-82.147265" lat="33.554729"><ele>94.898714</ele><time>2026-03-08T14:08:29Z</time><extensions><speed>1.215806</speed><course>221.851672</course><hAcc>1.107266</hAcc><vAcc>0.788836</vAcc></extensions></trkpt>
      <trkpt lon="-82.147274" lat="33.554722"><ele>94.903479</ele><time>2026-03-08T14:08:30Z</time><extensions><speed>1.198589</speed><course>225.283587</course><hAcc>1.105667</hAcc><vAcc>0.787933</vAcc></extensions></trkpt>
      <trkpt lon="-82.147283" lat="33.554714"><ele>94.923928</ele><time>2026-03-08T14:08:31Z</time><extensions><speed>1.147359</speed><course>228.304584</course><hAcc>1.104132</hAcc><vAcc>0.788272</vAcc></extensions></trkpt>
      <trkpt lon="-82.147293" lat="33.554708"><ele>94.954934</ele><time>2026-03-08T14:08:32Z</time><extensions><speed>1.126175</speed><course>230.221142</course><hAcc>1.106234</hAcc><vAcc>0.789312</vAcc></extensions></trkpt>
      <trkpt lon="-82.147302" lat="33.554701"><ele>94.990313</ele><time>2026-03-08T14:08:33Z</time><extensions><speed>1.221792</speed><course>228.209377</course><hAcc>1.111875</hAcc><vAcc>0.791618</vAcc></extensions></trkpt>
      <trkpt lon="-82.147312" lat="33.554693"><ele>95.042270</ele><time>2026-03-08T14:08:34Z</time><extensions><speed>1.246193</speed><course>226.881605</course><hAcc>1.119744</hAcc><vAcc>0.795154</vAcc></extensions></trkpt>
      <trkpt lon="-82.147322" lat="33.554686"><ele>95.096311</ele><time>2026-03-08T14:08:35Z</time><extensions><speed>1.204364</speed><course>227.844990</course><hAcc>1.129939</hAcc><vAcc>0.799625</vAcc></extensions></trkpt>
      <trkpt lon="-82.147331" lat="33.554679"><ele>95.139975</ele><time>2026-03-08T14:08:36Z</time><extensions><speed>1.161757</speed><course>228.822567</course><hAcc>1.142913</hAcc><vAcc>0.804426</vAcc></extensions></trkpt>
      <trkpt lon="-82.147340" lat="33.554672"><ele>95.176201</ele><time>2026-03-08T14:08:37Z</time><extensions><speed>1.083810</speed><course>229.402719</course><hAcc>1.152287</hAcc><vAcc>0.808963</vAcc></extensions></trkpt>
      <trkpt lon="-82.147349" lat="33.554666"><ele>95.221601</ele><time>2026-03-08T14:08:38Z</time><extensions><speed>1.065458</speed><course>229.437754</course><hAcc>1.158002</hAcc><vAcc>0.813074</vAcc></extensions></trkpt>
      <trkpt lon="-82.147358" lat="33.554659"><ele>95.271387</ele><time>2026-03-08T14:08:39Z</time><extensions><speed>1.117597</speed><course>226.208515</course><hAcc>1.158666</hAcc><vAcc>0.817371</vAcc></extensions></trkpt>
      <trkpt lon="-82.147367" lat="33.554652"><ele>95.325747</ele><time>2026-03-08T14:08:40Z</time><extensions><speed>1.162593</speed><course>222.367643</course><hAcc>1.157772</hAcc><vAcc>0.821595</vAcc></extensions></trkpt>
      <trkpt lon="-82.147375" lat="33.554644"><ele>95.386397</ele><time>2026-03-08T14:08:41Z</time><extensions><speed>1.210348</speed><course>223.210057</course><hAcc>1.157581</hAcc><vAcc>0.825199</vAcc></extensions></trkpt>
      <trkpt lon="-82.147384" lat="33.554637"><ele>95.471983</ele><time>2026-03-08T14:08:41Z</time><extensions><speed>1.107050</speed><course>227.956614</course><hAcc>1.153441</hAcc><vAcc>0.828036</vAcc></extensions></trkpt>
      <trkpt lon="-82.147393" lat="33.554630"><ele>95.552301</ele><time>2026-03-08T14:08:42Z</time><extensions><speed>1.027638</speed><course>233.441030</course><hAcc>1.154002</hAcc><vAcc>0.830277</vAcc></extensions></trkpt>
      <trkpt lon="-82.147402" lat="33.554625"><ele>95.642180</ele><time>2026-03-08T14:08:43Z</time><extensions><speed>1.071977</speed><course>237.546744</course><hAcc>1.159155</hAcc><vAcc>0.832225</vAcc></extensions></trkpt>
      <trkpt lon="-82.147412" lat="33.554620"><ele>95.737077</ele><time>2026-03-08T14:08:44Z</time><extensions><speed>1.141980</speed><course>239.271325</course><hAcc>1.166018</hAcc><vAcc>0.833843</vAcc></extensions></trkpt>
      <trkpt lon="-82.147423" lat="33.554614"><ele>95.825402</ele><time>2026-03-08T14:08:45Z</time><extensions><speed>1.136916</speed><course>236.497795</course><hAcc>1.173499</hAcc><vAcc>0.835754</vAcc></extensions></trkpt>
      <trkpt lon="-82.147432" lat="33.554609"><ele>95.910520</ele><time>2026-03-08T14:08:46Z</time><extensions><speed>1.005381</speed><course>236.352870</course><hAcc>1.174731</hAcc><vAcc>0.837595</vAcc></extensions></trkpt>
      <trkpt lon="-82.147442" lat="33.554604"><ele>95.989851</ele><time>2026-03-08T14:08:47Z</time><extensions><speed>0.994823</speed><course>239.423467</course><hAcc>1.162148</hAcc><vAcc>0.839062</vAcc></extensions></trkpt>
      <trkpt lon="-82.147451" lat="33.554600"><ele>96.070604</ele><time>2026-03-08T14:08:48Z</time><extensions><speed>1.059111</speed><course>240.879096</course><hAcc>1.176203</hAcc><vAcc>0.841113</vAcc></extensions></trkpt>
      <trkpt lon="-82.147461" lat="33.554595"><ele>96.143612</ele><time>2026-03-08T14:08:49Z</time><extensions><speed>1.136561</speed><course>239.711984</course><hAcc>1.179674</hAcc><vAcc>0.843241</vAcc></extensions></trkpt>
      <trkpt lon="-82.147472" lat="33.554589"><ele>96.220296</ele><time>2026-03-08T14:08:50Z</time><extensions><speed>1.142403</speed><course>238.999662</course><hAcc>1.174966</hAcc><vAcc>0.845269</vAcc></extensions></trkpt>
      <trkpt lon="-82.147483" lat="33.554584"><ele>96.289703</ele><time>2026-03-08T14:08:51Z</time><extensions><speed>1.162292</speed><course>237.709820</course><hAcc>1.171891</hAcc><vAcc>0.847020</vAcc></extensions></trkpt>
      <trkpt lon="-82.147493" lat="33.554579"><ele>96.360087</ele><time>2026-03-08T14:08:52Z</time><extensions><speed>1.084946</speed><course>238.612722</course><hAcc>1.167029</hAcc><vAcc>0.848710</vAcc></extensions></trkpt>
      <trkpt lon="-82.147503" lat="33.554574"><ele>96.408919</ele><time>2026-03-08T14:08:53Z</time><extensions><speed>1.113792</speed><course>241.644316</course><hAcc>1.167655</hAcc><vAcc>0.850339</vAcc></extensions></trkpt>
      <trkpt lon="-82.147514" lat="33.554569"><ele>96.462266</ele><time>2026-03-08T14:08:54Z</time><extensions><speed>1.229036</speed><course>243.776511</course><hAcc>1.173318</hAcc><vAcc>0.852002</vAcc></extensions></trkpt>
      <trkpt lon="-82.147527" lat="33.554564"><ele>96.513319</ele><time>2026-03-08T14:08:55Z</time><extensions><speed>1.317299</speed><course>245.913671</course><hAcc>1.183023</hAcc><vAcc>0.853727</vAcc></extensions></trkpt>
      <trkpt lon="-82.147539" lat="33.554560"><ele>96.549208</ele><time>2026-03-08T14:08:56Z</time><extensions><speed>1.206440</speed><course>248.469125</course><hAcc>1.193970</hAcc><vAcc>0.855412</vAcc></extensions></trkpt>
      <trkpt lon="-82.147551" lat="33.554556"><ele>96.577487</ele><time>2026-03-08T14:08:57Z</time><extensions><speed>1.072425</speed><course>250.141220</course><hAcc>1.198112</hAcc><vAcc>0.856278</vAcc></extensions></trkpt>
      <trkpt lon="-82.147561" lat="33.554552"><ele>96.599646</ele><time>2026-03-08T14:08:58Z</time><extensions><speed>1.056504</speed><course>246.432471</course><hAcc>1.201022</hAcc><vAcc>0.856872</vAcc></extensions></trkpt>
      <trkpt lon="-82.147572" lat="33.554548"><ele>96.630366</ele><time>2026-03-08T14:08:59Z</time><extensions><speed>1.072106</speed><course>243.535591</course><hAcc>1.200806</hAcc><vAcc>0.856991</vAcc></extensions></trkpt>
      <trkpt lon="-82.147582" lat="33.554544"><ele>96.661700</ele><time>2026-03-08T14:09:00Z</time><extensions><speed>1.136602</speed><course>243.010281</course><hAcc>1.196235</hAcc><vAcc>0.856366</vAcc></extensions></trkpt>
      <trkpt lon="-82.147593" lat="33.554539"><ele>96.693210</ele><time>2026-03-08T14:09:01Z</time><extensions><speed>1.141934</speed><course>241.711220</course><hAcc>1.188498</hAcc><vAcc>0.856194</vAcc></extensions></trkpt>
      <trkpt lon="-82.147604" lat="33.554534"><ele>96.730115</ele><time>2026-03-08T14:09:02Z</time><extensions><speed>1.098439</speed><course>242.987572</course><hAcc>1.181258</hAcc><vAcc>0.855724</vAcc></extensions></trkpt>
      <trkpt lon="-82.147615" lat="33.554530"><ele>96.784422</ele><time>2026-03-08T14:09:03Z</time><extensions><speed>1.096641</speed><course>244.973826</course><hAcc>1.179884</hAcc><vAcc>0.855246</vAcc></extensions></trkpt>
      <trkpt lon="-82.147625" lat="33.554526"><ele>96.824981</ele><time>2026-03-08T14:09:04Z</time><extensions><speed>1.110182</speed><course>246.204237</course><hAcc>1.183458</hAcc><vAcc>0.855888</vAcc></extensions></trkpt>
      <trkpt lon="-82.147636" lat="33.554521"><ele>96.875461</ele><time>2026-03-08T14:09:05Z</time><extensions><speed>1.174219</speed><course>240.106585</course><hAcc>1.190472</hAcc><vAcc>0.856899</vAcc></extensions></trkpt>
      <trkpt lon="-82.147647" lat="33.554515"><ele>96.943793</ele><time>2026-03-08T14:09:06Z</time><extensions><speed>1.216771</speed><course>234.890918</course><hAcc>1.196024</hAcc><vAcc>0.858587</vAcc></extensions></trkpt>
      <trkpt lon="-82.147658" lat="33.554509"><ele>97.013130</ele><time>2026-03-08T14:09:07Z</time><extensions><speed>1.157825</speed><course>233.784391</course><hAcc>1.198223</hAcc><vAcc>0.860512</vAcc></extensions></trkpt>
      <trkpt lon="-82.147668" lat="33.554503"><ele>97.077543</ele><time>2026-03-08T14:09:08Z</time><extensions><speed>1.096226</speed><course>236.932245</course><hAcc>1.201235</hAcc><vAcc>0.863298</vAcc></extensions></trkpt>
      <trkpt lon="-82.147678" lat="33.554498"><ele>97.152626</ele><time>2026-03-08T14:09:09Z</time><extensions><speed>1.083224</speed><course>239.317611</course><hAcc>1.206530</hAcc><vAcc>0.866159</vAcc></extensions></trkpt>
      <trkpt lon="-82.147688" lat="33.554493"><ele>97.238017</ele><time>2026-03-08T14:09:10Z</time><extensions><speed>1.095943</speed><course>241.037356</course><hAcc>1.210132</hAcc><vAcc>0.869179</vAcc></extensions></trkpt>
      <trkpt lon="-82.147698" lat="33.554489"><ele>97.338713</ele><time>2026-03-08T14:09:11Z</time><extensions><speed>1.053116</speed><course>241.874442</course><hAcc>1.213269</hAcc><vAcc>0.872234</vAcc></extensions></trkpt>
      <trkpt lon="-82.147708" lat="33.554484"><ele>97.458300</ele><time>2026-03-08T14:09:12Z</time><extensions><speed>1.021886</speed><course>243.033430</course><hAcc>1.206258</hAcc><vAcc>0.875465</vAcc></extensions></trkpt>
      <trkpt lon="-82.147718" lat="33.554480"><ele>97.577602</ele><time>2026-03-08T14:09:13Z</time><extensions><speed>1.094932</speed><course>245.109131</course><hAcc>1.224867</hAcc><vAcc>0.877625</vAcc></extensions></trkpt>
      <trkpt lon="-82.147730" lat="33.554476"><ele>97.689828</ele><time>2026-03-08T14:09:14Z</time><extensions><speed>1.213231</speed><course>248.722723</course><hAcc>1.230215</hAcc><vAcc>0.878794</vAcc></extensions></trkpt>
      <trkpt lon="-82.147742" lat="33.554472"><ele>97.816620</ele><time>2026-03-08T14:09:15Z</time><extensions><speed>1.193113</speed><course>252.000936</course><hAcc>1.226416</hAcc><vAcc>0.878901</vAcc></extensions></trkpt>
      <trkpt lon="-82.147754" lat="33.554469"><ele>97.912293</ele><time>2026-03-08T14:09:16Z</time><extensions><speed>1.119192</speed><course>252.154267</course><hAcc>1.223447</hAcc><vAcc>0.878846</vAcc></extensions></trkpt>
      <trkpt lon="-82.147765" lat="33.554466"><ele>98.014928</ele><time>2026-03-08T14:09:17Z</time><extensions><speed>1.134907</speed><course>253.004264</course><hAcc>1.216896</hAcc><vAcc>0.877133</vAcc></extensions></trkpt>
      <trkpt lon="-82.147777" lat="33.554463"><ele>98.119669</ele><time>2026-03-08T14:09:18Z</time><extensions><speed>1.190834</speed><course>252.612225</course><hAcc>1.213099</hAcc><vAcc>0.875195</vAcc></extensions></trkpt>
      <trkpt lon="-82.147789" lat="33.554460"><ele>98.218418</ele><time>2026-03-08T14:09:19Z</time><extensions><speed>1.193853</speed><course>251.335383</course><hAcc>1.208138</hAcc><vAcc>0.872660</vAcc></extensions></trkpt>
      <trkpt lon="-82.147802" lat="33.554456"><ele>98.300769</ele><time>2026-03-08T14:09:20Z</time><extensions><speed>1.188250</speed><course>249.662715</course><hAcc>1.203698</hAcc><vAcc>0.869447</vAcc></extensions></trkpt>
      <trkpt lon="-82.147813" lat="33.554452"><ele>98.381370</ele><time>2026-03-08T14:09:21Z</time><extensions><speed>1.087861</speed><course>248.664164</course><hAcc>1.199596</hAcc><vAcc>0.866255</vAcc></extensions></trkpt>
      <trkpt lon="-82.147824" lat="33.554449"><ele>98.464590</ele><time>2026-03-08T14:09:22Z</time><extensions><speed>1.029349</speed><course>246.195426</course><hAcc>1.195890</hAcc><vAcc>0.863730</vAcc></extensions></trkpt>
      <trkpt lon="-82.147834" lat="33.554445"><ele>98.545058</ele><time>2026-03-08T14:09:23Z</time><extensions><speed>1.038556</speed><course>244.327715</course><hAcc>1.187414</hAcc><vAcc>0.861898</vAcc></extensions></trkpt>
      <trkpt lon="-82.147844" lat="33.554441"><ele>98.625187</ele><time>2026-03-08T14:09:24Z</time><extensions><speed>1.076292</speed><course>243.473293</course><hAcc>1.181581</hAcc><vAcc>0.860818</vAcc></extensions></trkpt>
      <trkpt lon="-82.147854" lat="33.554436"><ele>98.690954</ele><time>2026-03-08T14:09:25Z</time><extensions><speed>1.077456</speed><course>244.295600</course><hAcc>1.179873</hAcc><vAcc>0.860456</vAcc></extensions></trkpt>
      <trkpt lon="-82.147865" lat="33.554432"><ele>98.755518</ele><time>2026-03-08T14:09:26Z</time><extensions><speed>1.103994</speed><course>247.316989</course><hAcc>1.183332</hAcc><vAcc>0.861255</vAcc></extensions></trkpt>
      <trkpt lon="-82.147876" lat="33.554429"><ele>98.815197</ele><time>2026-03-08T14:09:27Z</time><extensions><speed>1.113265</speed><course>248.400849</course><hAcc>1.182123</hAcc><vAcc>0.863393</vAcc></extensions></trkpt>
      <trkpt lon="-82.147887" lat="33.554425"><ele>98.881348</ele><time>2026-03-08T14:09:28Z</time><extensions><speed>1.116662</speed><course>249.667393</course><hAcc>1.191404</hAcc><vAcc>0.866100</vAcc></extensions></trkpt>
      <trkpt lon="-82.147899" lat="33.554422"><ele>98.950319</ele><time>2026-03-08T14:09:29Z</time><extensions><speed>1.103348</speed><course>248.933345</course><hAcc>1.204614</hAcc><vAcc>0.869309</vAcc></extensions></trkpt>
      <trkpt lon="-82.147909" lat="33.554418"><ele>99.010366</ele><time>2026-03-08T14:09:30Z</time><extensions><speed>1.076982</speed><course>246.045141</course><hAcc>1.211639</hAcc><vAcc>0.872348</vAcc></extensions></trkpt>
      <trkpt lon="-82.147920" lat="33.554414"><ele>99.070764</ele><time>2026-03-08T14:09:31Z</time><extensions><speed>1.075294</speed><course>244.407101</course><hAcc>1.223116</hAcc><vAcc>0.875481</vAcc></extensions></trkpt>
      <trkpt lon="-82.147931" lat="33.554410"><ele>99.136055</ele><time>2026-03-08T14:09:32Z</time><extensions><speed>1.084273</speed><course>247.596026</course><hAcc>1.238149</hAcc><vAcc>0.878658</vAcc></extensions></trkpt>
      <trkpt lon="-82.147942" lat="33.554406"><ele>99.197802</ele><time>2026-03-08T14:09:33Z</time><extensions><speed>1.147505</speed><course>250.589808</course><hAcc>1.251743</hAcc><vAcc>0.880924</vAcc></extensions></trkpt>
      <trkpt lon="-82.147953" lat="33.554403"><ele>99.264974</ele><time>2026-03-08T14:09:34Z</time><extensions><speed>1.086262</speed><course>254.942634</course><hAcc>1.253086</hAcc><vAcc>0.882655</vAcc></extensions></trkpt>
      <trkpt lon="-82.147964" lat="33.554401"><ele>99.340113</ele><time>2026-03-08T14:09:35Z</time><extensions><speed>1.052721</speed><course>258.256342</course><hAcc>1.243426</hAcc><vAcc>0.884192</vAcc></extensions></trkpt>
      <trkpt lon="-82.147975" lat="33.554399"><ele>99.426913</ele><time>2026-03-08T14:09:36Z</time><extensions><speed>1.027062</speed><course>256.364565</course><hAcc>1.257493</hAcc><vAcc>0.885699</vAcc></extensions></trkpt>
      <trkpt lon="-82.147986" lat="33.554396"><ele>99.521425</ele><time>2026-03-08T14:09:37Z</time><extensions><speed>1.069711</speed><course>254.104144</course><hAcc>1.257314</hAcc><vAcc>0.886455</vAcc></extensions></trkpt>
      <trkpt lon="-82.147997" lat="33.554394"><ele>99.614938</ele><time>2026-03-08T14:09:38Z</time><extensions><speed>1.073425</speed><course>253.595555</course><hAcc>1.249536</hAcc><vAcc>0.887281</vAcc></extensions></trkpt>
      <trkpt lon="-82.148008" lat="33.554391"><ele>99.706780</ele><time>2026-03-08T14:09:39Z</time><extensions><speed>1.056089</speed><course>254.948159</course><hAcc>1.242236</hAcc><vAcc>0.888065</vAcc></extensions></trkpt>
      <trkpt lon="-82.148019" lat="33.554389"><ele>99.784196</ele><time>2026-03-08T14:09:40Z</time><extensions><speed>1.015331</speed><course>256.452621</course><hAcc>1.238718</hAcc><vAcc>0.888277</vAcc></extensions></trkpt>
      <trkpt lon="-82.148030" lat="33.554387"><ele>99.852853</ele><time>2026-03-08T14:09:41Z</time><extensions><speed>1.037326</speed><course>257.090153</course><hAcc>1.240478</hAcc><vAcc>0.888745</vAcc></extensions></trkpt>
      <trkpt lon="-82.148041" lat="33.554385"><ele>99.915870</ele><time>2026-03-08T14:09:42Z</time><extensions><speed>1.052378</speed><course>257.451306</course><hAcc>1.242382</hAcc><vAcc>0.889528</vAcc></extensions></trkpt>
      <trkpt lon="-82.148052" lat="33.554382"><ele>99.989775</ele><time>2026-03-08T14:09:43Z</time><extensions><speed>1.007459</speed><course>253.924484</course><hAcc>1.227826</hAcc><vAcc>0.891392</vAcc></extensions></trkpt>
      <trkpt lon="-82.148062" lat="33.554379"><ele>100.049287</ele><time>2026-03-08T14:09:44Z</time><extensions><speed>1.064045</speed><course>250.088761</course><hAcc>1.243323</hAcc><vAcc>0.893925</vAcc></extensions></trkpt>
      <trkpt lon="-82.148073" lat="33.554376"><ele>100.090699</ele><time>2026-03-08T14:09:45Z</time><extensions><speed>1.123362</speed><course>248.365802</course><hAcc>1.248516</hAcc><vAcc>0.896419</vAcc></extensions></trkpt>
      <trkpt lon="-82.148085" lat="33.554372"><ele>100.119805</ele><time>2026-03-08T14:09:46Z</time><extensions><speed>1.106961</speed><course>249.345917</course><hAcc>1.247793</hAcc><vAcc>0.898992</vAcc></extensions></trkpt>
      <trkpt lon="-82.148096" lat="33.554369"><ele>100.149724</ele><time>2026-03-08T14:09:47Z</time><extensions><speed>1.047874</speed><course>250.596700</course><hAcc>1.245853</hAcc><vAcc>0.901780</vAcc></extensions></trkpt>
      <trkpt lon="-82.148106" lat="33.554366"><ele>100.169906</ele><time>2026-03-08T14:09:48Z</time><extensions><speed>1.068196</speed><course>250.607661</course><hAcc>1.244247</hAcc><vAcc>0.904402</vAcc></extensions></trkpt>
      <trkpt lon="-82.148117" lat="33.554362"><ele>100.180550</ele><time>2026-03-08T14:09:49Z</time><extensions><speed>1.129690</speed><course>244.933105</course><hAcc>1.244152</hAcc><vAcc>0.906640</vAcc></extensions></trkpt>
      <trkpt lon="-82.148129" lat="33.554358"><ele>100.189904</ele><time>2026-03-08T14:09:50Z</time><extensions><speed>1.225460</speed><course>244.384835</course><hAcc>1.242751</hAcc><vAcc>0.908186</vAcc></extensions></trkpt>
      <trkpt lon="-82.148141" lat="33.554353"><ele>100.206417</ele><time>2026-03-08T14:09:51Z</time><extensions><speed>1.186470</speed><course>246.811586</course><hAcc>1.243063</hAcc><vAcc>0.910294</vAcc></extensions></trkpt>
      <trkpt lon="-82.148152" lat="33.554349"><ele>100.227084</ele><time>2026-03-08T14:09:52Z</time><extensions><speed>1.107428</speed><course>250.490083</course><hAcc>1.241490</hAcc><vAcc>0.911566</vAcc></extensions></trkpt>
      <trkpt lon="-82.148163" lat="33.554346"><ele>100.246245</ele><time>2026-03-08T14:09:53Z</time><extensions><speed>1.080338</speed><course>253.230131</course><hAcc>1.243533</hAcc><vAcc>0.912148</vAcc></extensions></trkpt>
      <trkpt lon="-82.148174" lat="33.554344"><ele>100.244772</ele><time>2026-03-08T14:09:54Z</time><extensions><speed>1.052817</speed><course>255.337944</course><hAcc>1.242299</hAcc><vAcc>0.911622</vAcc></extensions></trkpt>
      <trkpt lon="-82.148185" lat="33.554342"><ele>100.219658</ele><time>2026-03-08T14:09:55Z</time><extensions><speed>1.067187</speed><course>258.791905</course><hAcc>1.240623</hAcc><vAcc>0.910417</vAcc></extensions></trkpt>
      <trkpt lon="-82.148197" lat="33.554340"><ele>100.185002</ele><time>2026-03-08T14:09:56Z</time><extensions><speed>1.130938</speed><course>259.982870</course><hAcc>1.240138</hAcc><vAcc>0.908438</vAcc></extensions></trkpt>
      <trkpt lon="-82.148209" lat="33.554338"><ele>100.146018</ele><time>2026-03-08T14:09:57Z</time><extensions><speed>1.145362</speed><course>260.052622</course><hAcc>1.241023</hAcc><vAcc>0.905687</vAcc></extensions></trkpt>
      <trkpt lon="-82.148221" lat="33.554336"><ele>100.096163</ele><time>2026-03-08T14:09:58Z</time><extensions><speed>1.116891</speed><course>259.829520</course><hAcc>1.241445</hAcc><vAcc>0.901796</vAcc></extensions></trkpt>
      <trkpt lon="-82.148233" lat="33.554334"><ele>100.056801</ele><time>2026-03-08T14:09:59Z</time><extensions><speed>1.157911</speed><course>258.224417</course><hAcc>1.242537</hAcc><vAcc>0.897818</vAcc></extensions></trkpt>
      <trkpt lon="-82.148246" lat="33.554332"><ele>100.012452</ele><time>2026-03-08T14:10:00Z</time><extensions><speed>1.182437</speed><course>257.338071</course><hAcc>1.241918</hAcc><vAcc>0.893255</vAcc></extensions></trkpt>
      <trkpt lon="-82.148258" lat="33.554329"><ele>99.973414</ele><time>2026-03-08T14:10:01Z</time><extensions><speed>1.189799</speed><course>255.915667</course><hAcc>1.242969</hAcc><vAcc>0.888473</vAcc></extensions></trkpt>
      <trkpt lon="-82.148270" lat="33.554327"><ele>99.938796</ele><time>2026-03-08T14:10:02Z</time><extensions><speed>1.201835</speed><course>255.312347</course><hAcc>1.241867</hAcc><vAcc>0.883422</vAcc></extensions></trkpt>
      <trkpt lon="-82.148283" lat="33.554324"><ele>99.888752</ele><time>2026-03-08T14:10:03Z</time><extensions><speed>1.190499</speed><course>257.656803</course><hAcc>1.237824</hAcc><vAcc>0.878346</vAcc></extensions></trkpt>
      <trkpt lon="-82.148295" lat="33.554322"><ele>99.830226</ele><time>2026-03-08T14:10:04Z</time><extensions><speed>1.083953</speed><course>261.713105</course><hAcc>1.233119</hAcc><vAcc>0.873286</vAcc></extensions></trkpt>
      <trkpt lon="-82.148306" lat="33.554321"><ele>99.770145</ele><time>2026-03-08T14:10:05Z</time><extensions><speed>1.017642</speed><course>264.386317</course><hAcc>1.229642</hAcc><vAcc>0.868397</vAcc></extensions></trkpt>
      <trkpt lon="-82.148318" lat="33.554320"><ele>99.699495</ele><time>2026-03-08T14:10:06Z</time><extensions><speed>1.127279</speed><course>261.323508</course><hAcc>1.221401</hAcc><vAcc>0.863734</vAcc></extensions></trkpt>
      <trkpt lon="-82.148331" lat="33.554318"><ele>99.623826</ele><time>2026-03-08T14:10:07Z</time><extensions><speed>1.278303</speed><course>257.382515</course><hAcc>1.216321</hAcc><vAcc>0.859333</vAcc></extensions></trkpt>
      <trkpt lon="-82.148344" lat="33.554315"><ele>99.530197</ele><time>2026-03-08T14:10:09Z</time><extensions><speed>1.310770</speed><course>254.127572</course><hAcc>1.218119</hAcc><vAcc>0.855311</vAcc></extensions></trkpt>
      <trkpt lon="-82.148357" lat="33.554312"><ele>99.431724</ele><time>2026-03-08T14:10:10Z</time><extensions><speed>1.299102</speed><course>250.160590</course><hAcc>1.223158</hAcc><vAcc>0.852021</vAcc></extensions></trkpt>
      <trkpt lon="-82.148370" lat="33.554307"><ele>99.350901</ele><time>2026-03-08T14:10:11Z</time><extensions><speed>1.270611</speed><course>247.862155</course><hAcc>1.224897</hAcc><vAcc>0.849578</vAcc></extensions></trkpt>
      <trkpt lon="-82.148383" lat="33.554303"><ele>99.277071</ele><time>2026-03-08T14:10:12Z</time><extensions><speed>1.288022</speed><course>247.453178</course><hAcc>1.224552</hAcc><vAcc>0.847783</vAcc></extensions></trkpt>
      <trkpt lon="-82.148396" lat="33.554299"><ele>99.189286</ele><time>2026-03-08T14:10:13Z</time><extensions><speed>1.347261</speed><course>248.923936</course><hAcc>1.222753</hAcc><vAcc>0.846288</vAcc></extensions></trkpt>
      <trkpt lon="-82.148410" lat="33.554295"><ele>99.102413</ele><time>2026-03-08T14:10:14Z</time><extensions><speed>1.333915</speed><course>253.039086</course><hAcc>1.219229</hAcc><vAcc>0.845487</vAcc></extensions></trkpt>
      <trkpt lon="-82.148424" lat="33.554292"><ele>99.028424</ele><time>2026-03-08T14:10:15Z</time><extensions><speed>1.339151</speed><course>259.011783</course><hAcc>1.215174</hAcc><vAcc>0.844620</vAcc></extensions></trkpt>
      <trkpt lon="-82.148438" lat="33.554290"><ele>98.970574</ele><time>2026-03-08T14:10:16Z</time><extensions><speed>1.286823</speed><course>262.793378</course><hAcc>1.209949</hAcc><vAcc>0.844230</vAcc></extensions></trkpt>
      <trkpt lon="-82.148451" lat="33.554289"><ele>98.914323</ele><time>2026-03-08T14:10:17Z</time><extensions><speed>1.158123</speed><course>265.784534</course><hAcc>1.205114</hAcc><vAcc>0.843917</vAcc></extensions></trkpt>
      <trkpt lon="-82.148463" lat="33.554288"><ele>98.859266</ele><time>2026-03-08T14:10:18Z</time><extensions><speed>1.067106</speed><course>264.635478</course><hAcc>1.200412</hAcc><vAcc>0.844090</vAcc></extensions></trkpt>
      <trkpt lon="-82.148474" lat="33.554287"><ele>98.818951</ele><time>2026-03-08T14:10:19Z</time><extensions><speed>1.057513</speed><course>260.144984</course><hAcc>1.196937</hAcc><vAcc>0.844517</vAcc></extensions></trkpt>
      <trkpt lon="-82.148485" lat="33.554285"><ele>98.798974</ele><time>2026-03-08T14:10:20Z</time><extensions><speed>1.033605</speed><course>256.279877</course><hAcc>1.192513</hAcc><vAcc>0.845098</vAcc></extensions></trkpt>
      <trkpt lon="-82.148496" lat="33.554282"><ele>98.784044</ele><time>2026-03-08T14:10:21Z</time><extensions><speed>1.037495</speed><course>254.729183</course><hAcc>1.191593</hAcc><vAcc>0.846265</vAcc></extensions></trkpt>
      <trkpt lon="-82.148507" lat="33.554280"><ele>98.782047</ele><time>2026-03-08T14:10:22Z</time><extensions><speed>1.117338</speed><course>254.307607</course><hAcc>1.190295</hAcc><vAcc>0.847096</vAcc></extensions></trkpt>
      <trkpt lon="-82.148519" lat="33.554277"><ele>98.791283</ele><time>2026-03-08T14:10:23Z</time><extensions><speed>1.116896</speed><course>256.487683</course><hAcc>1.189186</hAcc><vAcc>0.847685</vAcc></extensions></trkpt>
      <trkpt lon="-82.148531" lat="33.554275"><ele>98.797639</ele><time>2026-03-08T14:10:24Z</time><extensions><speed>1.193087</speed><course>257.712363</course><hAcc>1.191655</hAcc><vAcc>0.847838</vAcc></extensions></trkpt>
      <trkpt lon="-82.148544" lat="33.554273"><ele>98.798864</ele><time>2026-03-08T14:10:25Z</time><extensions><speed>1.238102</speed><course>259.796857</course><hAcc>1.192946</hAcc><vAcc>0.848685</vAcc></extensions></trkpt>
      <trkpt lon="-82.148557" lat="33.554271"><ele>98.800493</ele><time>2026-03-08T14:10:26Z</time><extensions><speed>1.270164</speed><course>260.875607</course><hAcc>1.194111</hAcc><vAcc>0.849613</vAcc></extensions></trkpt>
      <trkpt lon="-82.148570" lat="33.554269"><ele>98.812778</ele><time>2026-03-08T14:10:27Z</time><extensions><speed>1.215943</speed><course>260.369603</course><hAcc>1.194854</hAcc><vAcc>0.850246</vAcc></extensions></trkpt>
      <trkpt lon="-82.148583" lat="33.554267"><ele>98.828884</ele><time>2026-03-08T14:10:28Z</time><extensions><speed>1.172142</speed><course>258.243866</course><hAcc>1.197944</hAcc><vAcc>0.850385</vAcc></extensions></trkpt>
      <trkpt lon="-82.148596" lat="33.554265"><ele>98.855978</ele><time>2026-03-08T14:10:29Z</time><extensions><speed>1.229105</speed><course>259.000709</course><hAcc>1.201157</hAcc><vAcc>0.850551</vAcc></extensions></trkpt>
      <trkpt lon="-82.148609" lat="33.554263"><ele>98.884931</ele><time>2026-03-08T14:10:30Z</time><extensions><speed>1.202284</speed><course>258.932617</course><hAcc>1.206523</hAcc><vAcc>0.850653</vAcc></extensions></trkpt>
      <trkpt lon="-82.148621" lat="33.554261"><ele>98.915312</ele><time>2026-03-08T14:10:31Z</time><extensions><speed>1.169116</speed><course>257.471944</course><hAcc>1.212805</hAcc><vAcc>0.850567</vAcc></extensions></trkpt>
      <trkpt lon="-82.148633" lat="33.554258"><ele>98.954542</ele><time>2026-03-08T14:10:32Z</time><extensions><speed>1.055517</speed><course>255.657187</course><hAcc>1.214407</hAcc><vAcc>0.849839</vAcc></extensions></trkpt>
      <trkpt lon="-82.148643" lat="33.554256"><ele>99.011550</ele><time>2026-03-08T14:10:33Z</time><extensions><speed>0.977748</speed><course>251.755732</course><hAcc>1.208064</hAcc><vAcc>0.848842</vAcc></extensions></trkpt>
      <trkpt lon="-82.148653" lat="33.554253"><ele>99.062972</ele><time>2026-03-08T14:10:34Z</time><extensions><speed>0.973763</speed><course>249.763729</course><hAcc>1.190904</hAcc><vAcc>0.848202</vAcc></extensions></trkpt>
      <trkpt lon="-82.148663" lat="33.554250"><ele>99.116920</ele><time>2026-03-08T14:10:35Z</time><extensions><speed>1.036060</speed><course>252.266923</course><hAcc>1.200640</hAcc><vAcc>0.847936</vAcc></extensions></trkpt>
      <trkpt lon="-82.148675" lat="33.554247"><ele>99.183818</ele><time>2026-03-08T14:10:36Z</time><extensions><speed>1.133303</speed><course>252.105058</course><hAcc>1.198839</hAcc><vAcc>0.847767</vAcc></extensions></trkpt>
      <trkpt lon="-82.148686" lat="33.554244"><ele>99.256865</ele><time>2026-03-08T14:10:37Z</time><extensions><speed>1.147132</speed><course>254.656902</course><hAcc>1.193130</hAcc><vAcc>0.847376</vAcc></extensions></trkpt>
      <trkpt lon="-82.148698" lat="33.554241"><ele>99.337596</ele><time>2026-03-08T14:10:38Z</time><extensions><speed>1.165258</speed><course>254.649658</course><hAcc>1.193448</hAcc><vAcc>0.847030</vAcc></extensions></trkpt>
      <trkpt lon="-82.148710" lat="33.554239"><ele>99.426643</ele><time>2026-03-08T14:10:39Z</time><extensions><speed>1.049944</speed><course>253.275557</course><hAcc>1.197288</hAcc><vAcc>0.846536</vAcc></extensions></trkpt>
      <trkpt lon="-82.148721" lat="33.554236"><ele>99.517284</ele><time>2026-03-08T14:10:40Z</time><extensions><speed>1.072672</speed><course>254.341807</course><hAcc>1.191070</hAcc><vAcc>0.846665</vAcc></extensions></trkpt>
      <trkpt lon="-82.148732" lat="33.554233"><ele>99.599871</ele><time>2026-03-08T14:10:41Z</time><extensions><speed>1.165709</speed><course>254.437333</course><hAcc>1.205189</hAcc><vAcc>0.846730</vAcc></extensions></trkpt>
      <trkpt lon="-82.148745" lat="33.554230"><ele>99.688718</ele><time>2026-03-08T14:10:42Z</time><extensions><speed>1.189405</speed><course>255.693667</course><hAcc>1.204503</hAcc><vAcc>0.847039</vAcc></extensions></trkpt>
      <trkpt lon="-82.148757" lat="33.554228"><ele>99.761793</ele><time>2026-03-08T14:10:43Z</time><extensions><speed>1.168301</speed><course>257.098025</course><hAcc>1.199312</hAcc><vAcc>0.847672</vAcc></extensions></trkpt>
      <trkpt lon="-82.148769" lat="33.554225"><ele>99.848155</ele><time>2026-03-08T14:10:44Z</time><extensions><speed>1.082982</speed><course>254.526784</course><hAcc>1.201012</hAcc><vAcc>0.847903</vAcc></extensions></trkpt>
      <trkpt lon="-82.148780" lat="33.554223"><ele>99.929964</ele><time>2026-03-08T14:10:45Z</time><extensions><speed>1.074647</speed><course>252.666423</course><hAcc>1.201977</hAcc><vAcc>0.847745</vAcc></extensions></trkpt>
      <trkpt lon="-82.148791" lat="33.554220"><ele>100.008203</ele><time>2026-03-08T14:10:46Z</time><extensions><speed>1.134303</speed><course>251.409715</course><hAcc>1.198967</hAcc><vAcc>0.847211</vAcc></extensions></trkpt>
      <trkpt lon="-82.148803" lat="33.554216"><ele>100.071355</ele><time>2026-03-08T14:10:47Z</time><extensions><speed>1.186884</speed><course>249.760763</course><hAcc>1.196156</hAcc><vAcc>0.846360</vAcc></extensions></trkpt>
      <trkpt lon="-82.148815" lat="33.554212"><ele>100.135846</ele><time>2026-03-08T14:10:48Z</time><extensions><speed>1.165646</speed><course>249.697867</course><hAcc>1.193177</hAcc><vAcc>0.844939</vAcc></extensions></trkpt>
      <trkpt lon="-82.148827" lat="33.554209"><ele>100.199887</ele><time>2026-03-08T14:10:49Z</time><extensions><speed>1.206759</speed><course>252.650064</course><hAcc>1.190391</hAcc><vAcc>0.843084</vAcc></extensions></trkpt>
      <trkpt lon="-82.148839" lat="33.554206"><ele>100.243083</ele><time>2026-03-08T14:10:50Z</time><extensions><speed>1.168615</speed><course>256.018384</course><hAcc>1.188034</hAcc><vAcc>0.841078</vAcc></extensions></trkpt>
      <trkpt lon="-82.148852" lat="33.554204"><ele>100.289846</ele><time>2026-03-08T14:10:51Z</time><extensions><speed>1.208317</speed><course>258.182074</course><hAcc>1.182475</hAcc><vAcc>0.838670</vAcc></extensions></trkpt>
      <trkpt lon="-82.148865" lat="33.554201"><ele>100.335781</ele><time>2026-03-08T14:10:52Z</time><extensions><speed>1.219702</speed><course>258.209489</course><hAcc>1.182464</hAcc><vAcc>0.835862</vAcc></extensions></trkpt>
      <trkpt lon="-82.148878" lat="33.554199"><ele>100.383680</ele><time>2026-03-08T14:10:53Z</time><extensions><speed>1.244287</speed><course>257.888846</course><hAcc>1.186025</hAcc><vAcc>0.833139</vAcc></extensions></trkpt>
      <trkpt lon="-82.148891" lat="33.554197"><ele>100.427486</ele><time>2026-03-08T14:10:54Z</time><extensions><speed>1.329111</speed><course>258.077065</course><hAcc>1.183048</hAcc><vAcc>0.830637</vAcc></extensions></trkpt>
      <trkpt lon="-82.148905" lat="33.554194"><ele>100.467823</ele><time>2026-03-08T14:10:55Z</time><extensions><speed>1.307943</speed><course>257.452941</course><hAcc>1.182796</hAcc><vAcc>0.828325</vAcc></extensions></trkpt>
      <trkpt lon="-82.148918" lat="33.554191"><ele>100.509435</ele><time>2026-03-08T14:10:56Z</time><extensions><speed>1.191709</speed><course>253.723537</course><hAcc>1.181051</hAcc><vAcc>0.826539</vAcc></extensions></trkpt>
      <trkpt lon="-82.148930" lat="33.554188"><ele>100.561489</ele><time>2026-03-08T14:10:57Z</time><extensions><speed>1.092829</speed><course>251.455571</course><hAcc>1.177593</hAcc><vAcc>0.825347</vAcc></extensions></trkpt>
      <trkpt lon="-82.148941" lat="33.554185"><ele>100.614293</ele><time>2026-03-08T14:10:58Z</time><extensions><speed>1.074658</speed><course>250.021538</course><hAcc>1.173828</hAcc><vAcc>0.825509</vAcc></extensions></trkpt>
      <trkpt lon="-82.148952" lat="33.554182"><ele>100.663372</ele><time>2026-03-08T14:10:59Z</time><extensions><speed>1.078659</speed><course>248.944097</course><hAcc>1.174217</hAcc><vAcc>0.826331</vAcc></extensions></trkpt>
      <trkpt lon="-82.148962" lat="33.554178"><ele>100.708853</ele><time>2026-03-08T14:11:00Z</time><extensions><speed>1.035079</speed><course>248.529896</course><hAcc>1.177967</hAcc><vAcc>0.827317</vAcc></extensions></trkpt>
      <trkpt lon="-82.148972" lat="33.554175"><ele>100.747838</ele><time>2026-03-08T14:11:01Z</time><extensions><speed>0.933454</speed><course>249.170803</course><hAcc>1.179218</hAcc><vAcc>0.828794</vAcc></extensions></trkpt>
      <trkpt lon="-82.148982" lat="33.554172"><ele>100.791931</ele><time>2026-03-08T14:11:02Z</time><extensions><speed>0.929235</speed><course>251.737190</course><hAcc>1.182293</hAcc><vAcc>0.830829</vAcc></extensions></trkpt>
      <trkpt lon="-82.148992" lat="33.554170"><ele>100.841767</ele><time>2026-03-08T14:11:03Z</time><extensions><speed>1.004574</speed><course>253.141267</course><hAcc>1.189036</hAcc><vAcc>0.833118</vAcc></extensions></trkpt>
      <trkpt lon="-82.149002" lat="33.554167"><ele>100.903482</ele><time>2026-03-08T14:11:04Z</time><extensions><speed>1.056759</speed><course>252.392712</course><hAcc>1.196348</hAcc><vAcc>0.835806</vAcc></extensions></trkpt>
      <trkpt lon="-82.149013" lat="33.554164"><ele>100.963040</ele><time>2026-03-08T14:11:05Z</time><extensions><speed>1.053774</speed><course>248.227342</course><hAcc>1.199981</hAcc><vAcc>0.838363</vAcc></extensions></trkpt>
      <trkpt lon="-82.149023" lat="33.554160"><ele>101.023030</ele><time>2026-03-08T14:11:06Z</time><extensions><speed>1.028872</speed><course>246.762245</course><hAcc>1.200302</hAcc><vAcc>0.840499</vAcc></extensions></trkpt>
      <trkpt lon="-82.149034" lat="33.554156"><ele>101.068528</ele><time>2026-03-08T14:11:07Z</time><extensions><speed>1.054420</speed><course>248.156261</course><hAcc>1.196243</hAcc><vAcc>0.842132</vAcc></extensions></trkpt>
      <trkpt lon="-82.149045" lat="33.554153"><ele>101.111084</ele><time>2026-03-08T14:11:08Z</time><extensions><speed>1.128989</speed><course>254.278081</course><hAcc>1.189337</hAcc><vAcc>0.843301</vAcc></extensions></trkpt>
      <trkpt lon="-82.149057" lat="33.554151"><ele>101.148412</ele><time>2026-03-08T14:11:09Z</time><extensions><speed>1.199272</speed><course>257.694615</course><hAcc>1.182199</hAcc><vAcc>0.843595</vAcc></extensions></trkpt>
      <trkpt lon="-82.149070" lat="33.554148"><ele>101.186511</ele><time>2026-03-08T14:11:10Z</time><extensions><speed>1.295777</speed><course>257.200457</course><hAcc>1.176909</hAcc><vAcc>0.843396</vAcc></extensions></trkpt>
      <trkpt lon="-82.149084" lat="33.554146"><ele>101.233062</ele><time>2026-03-08T14:11:11Z</time><extensions><speed>1.308231</speed><course>256.777309</course><hAcc>1.173914</hAcc><vAcc>0.842679</vAcc></extensions></trkpt>
      <trkpt lon="-82.149097" lat="33.554143"><ele>101.293801</ele><time>2026-03-08T14:11:12Z</time><extensions><speed>1.260995</speed><course>255.414708</course><hAcc>1.173622</hAcc><vAcc>0.840932</vAcc></extensions></trkpt>
      <trkpt lon="-82.149110" lat="33.554140"><ele>101.350673</ele><time>2026-03-08T14:11:13Z</time><extensions><speed>1.181840</speed><course>255.070463</course><hAcc>1.176340</hAcc><vAcc>0.839364</vAcc></extensions></trkpt>
      <trkpt lon="-82.149122" lat="33.554137"><ele>101.406276</ele><time>2026-03-08T14:11:14Z</time><extensions><speed>1.146670</speed><course>255.409685</course><hAcc>1.184911</hAcc><vAcc>0.838182</vAcc></extensions></trkpt>
      <trkpt lon="-82.149133" lat="33.554135"><ele>101.461510</ele><time>2026-03-08T14:11:15Z</time><extensions><speed>1.009884</speed><course>254.526765</course><hAcc>1.196845</hAcc><vAcc>0.837079</vAcc></extensions></trkpt>
      <trkpt lon="-82.149142" lat="33.554133"><ele>101.516173</ele><time>2026-03-08T14:11:16Z</time><extensions><speed>0.775873</speed><course>250.677730</course><hAcc>1.211987</hAcc><vAcc>0.836302</vAcc></extensions></trkpt>
      <trkpt lon="-82.149148" lat="33.554131"><ele>101.540788</ele><time>2026-03-08T14:11:17Z</time><extensions><speed>0.399922</speed><course>240.900936</course><hAcc>1.218195</hAcc><vAcc>0.835113</vAcc></extensions></trkpt>
      <trkpt lon="-82.149150" lat="33.554129"><ele>101.562585</ele><time>2026-03-08T14:11:18Z</time><extensions><speed>0.112726</speed><course>207.233054</course><hAcc>1.232227</hAcc><vAcc>0.834687</vAcc></extensions></trkpt>
      <trkpt lon="-82.149150" lat="33.554128"><ele>101.571633</ele><time>2026-03-08T14:11:19Z</time><extensions><speed>0.082959</speed><course>157.000600</course><hAcc>1.255175</hAcc><vAcc>0.834903</vAcc></extensions></trkpt>
      <trkpt lon="-82.149150" lat="33.554128"><ele>101.562079</ele><time>2026-03-08T14:11:20Z</time><extensions><speed>0.109094</speed><course>180.937614</course><hAcc>1.272694</hAcc><vAcc>0.836226</vAcc></extensions></trkpt>
      <trkpt lon="-82.149151" lat="33.554126"><ele>101.535539</ele><time>2026-03-08T14:11:21Z</time><extensions><speed>0.172227</speed><course>206.175684</course><hAcc>1.277106</hAcc><vAcc>0.837655</vAcc></extensions></trkpt>
      <trkpt lon="-82.149152" lat="33.554125"><ele>101.496669</ele><time>2026-03-08T14:11:22Z</time><extensions><speed>0.154431</speed><course>212.285744</course><hAcc>1.279291</hAcc><vAcc>0.839667</vAcc></extensions></trkpt>
      <trkpt lon="-82.149152" lat="33.554124"><ele>101.446607</ele><time>2026-03-08T14:11:23Z</time><extensions><speed>0.047407</speed><course>189.696300</course><hAcc>1.297126</hAcc><vAcc>0.842413</vAcc></extensions></trkpt>
      <trkpt lon="-82.149152" lat="33.554124"><ele>101.385457</ele><time>2026-03-08T14:11:24Z</time><extensions><speed>0.025256</speed><course>113.319322</course><hAcc>1.309224</hAcc><vAcc>0.845590</vAcc></extensions></trkpt>
      <trkpt lon="-82.149152" lat="33.554124"><ele>101.312253</ele><time>2026-03-08T14:11:25Z</time><extensions><speed>0.037049</speed><course>80.305143</course><hAcc>1.329068</hAcc><vAcc>0.848635</vAcc></extensions></trkpt>
      <trkpt lon="-82.149151" lat="33.554124"><ele>101.229152</ele><time>2026-03-08T14:11:26Z</time><extensions><speed>0.049557</speed><course>71.862724</course><hAcc>1.338884</hAcc><vAcc>0.851551</vAcc></extensions></trkpt>
      <trkpt lon="-82.149151" lat="33.554124"><ele>101.135386</ele><time>2026-03-08T14:11:27Z</time><extensions><speed>0.048417</speed><course>64.232850</course><hAcc>1.349054</hAcc><vAcc>0.854547</vAcc></extensions></trkpt>
      <trkpt lon="-82.149150" lat="33.554125"><ele>101.036004</ele><time>2026-03-08T14:11:28Z</time><extensions><speed>0.045386</speed><course>49.262026</course><hAcc>1.379487</hAcc><vAcc>0.857806</vAcc></extensions></trkpt>
      <trkpt lon="-82.149150" lat="33.554125"><ele>100.931703</ele><time>2026-03-08T14:11:29Z</time><extensions><speed>0.038249</speed><course>33.185614</course><hAcc>1.421016</hAcc><vAcc>0.860656</vAcc></extensions></trkpt>
      <trkpt lon="-82.149150" lat="33.554125"><ele>100.825987</ele><time>2026-03-08T14:11:30Z</time><extensions><speed>0.025189</speed><course>20.415735</course><hAcc>1.465032</hAcc><vAcc>0.864007</vAcc></extensions></trkpt>
      <trkpt lon="-82.149150" lat="33.554125"><ele>100.720925</ele><time>2026-03-08T14:11:31Z</time><extensions><speed>0.014354</speed><course>338.110627</course><hAcc>1.468344</hAcc><vAcc>0.866418</vAcc></extensions></trkpt>
      <trkpt lon="-82.149150" lat="33.554125"><ele>100.617929</ele><time>2026-03-08T14:11:32Z</time><extensions><speed>0.017998</speed><course>275.282491</course><hAcc>1.482881</hAcc><vAcc>0.868589</vAcc></extensions></trkpt>
      <trkpt lon="-82.149150" lat="33.554125"><ele>100.519050</ele><time>2026-03-08T14:11:33Z</time><extensions><speed>0.028606</speed><course>256.797444</course><hAcc>1.504384</hAcc><vAcc>0.870613</vAcc></extensions></trkpt>
      <trkpt lon="-82.149150" lat="33.554125"><ele>100.419130</ele><time>2026-03-08T14:11:34Z</time><extensions><speed>0.020755</speed><course>263.104169</course><hAcc>1.520468</hAcc><vAcc>0.872000</vAcc></extensions></trkpt>
      <trkpt lon="-82.149151" lat="33.554125"><ele>100.321092</ele><time>2026-03-08T14:11:35Z</time><extensions><speed>0.018179</speed><course>265.153481</course><hAcc>1.527111</hAcc><vAcc>0.873224</vAcc></extensions></trkpt>
      <trkpt lon="-82.149151" lat="33.554125"><ele>100.226806</ele><time>2026-03-08T14:11:36Z</time><extensions><speed>0.018109</speed><course>260.394815</course><hAcc>1.527686</hAcc><vAcc>0.874504</vAcc></extensions></trkpt>
      <trkpt lon="-82.149151" lat="33.554125"><ele>100.135958</ele><time>2026-03-08T14:11:37Z</time><extensions><speed>0.010514</speed><course>260.802047</course><hAcc>1.527007</hAcc><vAcc>0.875891</vAcc></extensions></trkpt>
      <trkpt lon="-82.149151" lat="33.554125"><ele>100.050743</ele><time>2026-03-08T14:11:38Z</time><extensions><speed>0.003650</speed><course>265.576593</course><hAcc>1.524772</hAcc><vAcc>0.878200</vAcc></extensions></trkpt>
      <trkpt lon="-82.149151" lat="33.554125"><ele>99.961373</ele><time>2026-03-08T14:11:39Z</time><extensions><speed>0.006524</speed><course>255.171300</course><hAcc>1.529043</hAcc><vAcc>0.880771</vAcc></extensions></trkpt>
      <trkpt lon="-82.149151" lat="33.554125"><ele>99.876419</ele><time>2026-03-08T14:11:40Z</time><extensions><speed>0.008387</speed><course>32.601273</course><hAcc>1.544501</hAcc><vAcc>0.884411</vAcc></extensions></trkpt>
      <trkpt lon="-82.149151" lat="33.554125"><ele>99.795173</ele><time>2026-03-08T14:11:41Z</time><extensions><speed>0.014964</speed><course>30.214287</course><hAcc>1.522318</hAcc><vAcc>0.888978</vAcc></extensions></trkpt>
      <trkpt lon="-82.149151" lat="33.554125"><ele>99.709243</ele><time>2026-03-08T14:11:42Z</time><extensions><speed>0.015449</speed><course>20.213344</course><hAcc>1.513583</hAcc><vAcc>0.895198</vAcc></extensions></trkpt>
      <trkpt lon="-82.149151" lat="33.554126"><ele>99.624383</ele><time>2026-03-08T14:11:43Z</time><extensions><speed>0.022244</speed><course>29.914234</course><hAcc>1.520869</hAcc><vAcc>0.902058</vAcc></extensions></trkpt>
      <trkpt lon="-82.149151" lat="33.554126"><ele>99.541846</ele><time>2026-03-08T14:11:44Z</time><extensions><speed>0.020739</speed><course>27.238534</course><hAcc>1.529217</hAcc><vAcc>0.910512</vAcc></extensions></trkpt>
      <trkpt lon="-82.149151" lat="33.554126"><ele>99.461579</ele><time>2026-03-08T14:11:45Z</time><extensions><speed>0.017357</speed><course>23.044213</course><hAcc>1.544109</hAcc><vAcc>0.920381</vAcc></extensions></trkpt>
      <trkpt lon="-82.149151" lat="33.554126"><ele>99.386648</ele><time>2026-03-08T14:11:46Z</time><extensions><speed>0.011534</speed><course>334.913326</course><hAcc>1.566367</hAcc><vAcc>0.931677</vAcc></extensions></trkpt>
      <trkpt lon="-82.149151" lat="33.554126"><ele>99.316719</ele><time>2026-03-08T14:11:47Z</time><extensions><speed>0.014533</speed><course>341.923867</course><hAcc>1.597612</hAcc><vAcc>0.944430</vAcc></extensions></trkpt>
      <trkpt lon="-82.149151" lat="33.554126"><ele>99.250442</ele><time>2026-03-08T14:11:48Z</time><extensions><speed>0.018434</speed><course>347.648530</course><hAcc>1.633874</hAcc><vAcc>0.958195</vAcc></extensions></trkpt>
      <trkpt lon="-82.149151" lat="33.554126"><ele>99.190200</ele><time>2026-03-08T14:11:49Z</time><extensions><speed>0.021430</speed><course>344.725343</course><hAcc>1.668926</hAcc><vAcc>0.973085</vAcc></extensions></trkpt>
      <trkpt lon="-82.149151" lat="33.554127"><ele>99.133320</ele><time>2026-03-08T14:11:50Z</time><extensions><speed>0.024245</speed><course>345.293927</course><hAcc>1.702995</hAcc><vAcc>0.989995</vAcc></extensions></trkpt>
      <trkpt lon="-82.149151" lat="33.554127"><ele>99.090628</ele><time>2026-03-08T14:11:51Z</time><extensions><speed>0.027125</speed><course>346.389417</course><hAcc>1.738970</hAcc><vAcc>1.008212</vAcc></extensions></trkpt>
      <trkpt lon="-82.149151" lat="33.554127"><ele>99.060729</ele><time>2026-03-08T14:11:52Z</time><extensions><speed>0.027939</speed><course>349.636040</course><hAcc>1.774968</hAcc><vAcc>1.026270</vAcc></extensions></trkpt>
      <trkpt lon="-82.149151" lat="33.554127"><ele>99.036360</ele><time>2026-03-08T14:11:53Z</time><extensions><speed>0.033530</speed><course>354.421974</course><hAcc>1.786816</hAcc><vAcc>1.045662</vAcc></extensions></trkpt>
      <trkpt lon="-82.149151" lat="33.554128"><ele>99.018636</ele><time>2026-03-08T14:11:54Z</time><extensions><speed>0.038577</speed><course>358.811377</course><hAcc>1.804806</hAcc><vAcc>1.065644</vAcc></extensions></trkpt>
      <trkpt lon="-82.149151" lat="33.554128"><ele>99.024322</ele><time>2026-03-08T14:11:55Z</time><extensions><speed>0.042867</speed><course>2.718669</course><hAcc>1.828499</hAcc><vAcc>1.085089</vAcc></extensions></trkpt>
      <trkpt lon="-82.149151" lat="33.554129"><ele>99.042188</ele><time>2026-03-08T14:11:56Z</time><extensions><speed>0.043359</speed><course>6.579584</course><hAcc>1.852020</hAcc><vAcc>1.104388</vAcc></extensions></trkpt>
      <trkpt lon="-82.149151" lat="33.554129"><ele>99.070417</ele><time>2026-03-08T14:11:57Z</time><extensions><speed>0.040028</speed><course>10.696542</course><hAcc>1.875286</hAcc><vAcc>1.124020</vAcc></extensions></trkpt>
      <trkpt lon="-82.149151" lat="33.554129"><ele>99.112866</ele><time>2026-03-08T14:11:58Z</time><extensions><speed>0.036651</speed><course>14.462081</course><hAcc>1.901197</hAcc><vAcc>1.143150</vAcc></extensions></trkpt>
      <trkpt lon="-82.149151" lat="33.554130"><ele>99.161415</ele><time>2026-03-08T14:11:58Z</time><extensions><speed>0.033474</speed><course>15.916659</course><hAcc>1.933013</hAcc><vAcc>1.162352</vAcc></extensions></trkpt>
      <trkpt lon="-82.149151" lat="33.554130"><ele>99.219367</ele><time>2026-03-08T14:11:59Z</time><extensions><speed>0.035410</speed><course>23.389004</course><hAcc>1.971956</hAcc><vAcc>1.180833</vAcc></extensions></trkpt>
      <trkpt lon="-82.149150" lat="33.554130"><ele>99.282470</ele><time>2026-03-08T14:12:00Z</time><extensions><speed>0.036218</speed><course>27.766892</course><hAcc>2.004945</hAcc><vAcc>1.198424</vAcc></extensions></trkpt>
      <trkpt lon="-82.149150" lat="33.554130"><ele>99.350188</ele><time>2026-03-08T14:12:01Z</time><extensions><speed>0.034785</speed><course>31.146657</course><hAcc>2.031754</hAcc><vAcc>1.214190</vAcc></extensions></trkpt>
      <trkpt lon="-82.149150" lat="33.554131"><ele>99.424668</ele><time>2026-03-08T14:12:02Z</time><extensions><speed>0.037840</speed><course>39.814480</course><hAcc>2.061666</hAcc><vAcc>1.230361</vAcc></extensions></trkpt>
      <trkpt lon="-82.149150" lat="33.554131"><ele>99.501297</ele><time>2026-03-08T14:12:03Z</time><extensions><speed>0.040433</speed><course>45.353908</course><hAcc>2.086377</hAcc><vAcc>1.245337</vAcc></extensions></trkpt>
      <trkpt lon="-82.149149" lat="33.554131"><ele>99.578466</ele><time>2026-03-08T14:12:04Z</time><extensions><speed>0.041467</speed><course>47.377479</course><hAcc>2.105283</hAcc><vAcc>1.259857</vAcc></extensions></trkpt>
      <trkpt lon="-82.149149" lat="33.554132"><ele>99.655200</ele><time>2026-03-08T14:12:05Z</time><extensions><speed>0.038086</speed><course>45.630033</course><hAcc>2.120098</hAcc><vAcc>1.274283</vAcc></extensions></trkpt>
      <trkpt lon="-82.149149" lat="33.554132"><ele>99.748659</ele><time>2026-03-08T14:12:06Z</time><extensions><speed>0.030434</speed><course>41.084633</course><hAcc>2.130346</hAcc><vAcc>1.284655</vAcc></extensions></trkpt>
      <trkpt lon="-82.149149" lat="33.554132"><ele>99.839363</ele><time>2026-03-08T14:12:07Z</time><extensions><speed>0.028783</speed><course>40.380464</course><hAcc>2.136849</hAcc><vAcc>1.295861</vAcc></extensions></trkpt>
      <trkpt lon="-82.149148" lat="33.554132"><ele>99.923890</ele><time>2026-03-08T14:12:08Z</time><extensions><speed>0.034666</speed><course>45.785394</course><hAcc>2.139146</hAcc><vAcc>1.305603</vAcc></extensions></trkpt>
      <trkpt lon="-82.149148" lat="33.554132"><ele>100.004836</ele><time>2026-03-08T14:12:09Z</time><extensions><speed>0.031059</speed><course>47.938256</course><hAcc>2.134620</hAcc><vAcc>1.317742</vAcc></extensions></trkpt>
      <trkpt lon="-82.149148" lat="33.554133"><ele>100.082452</ele><time>2026-03-08T14:12:10Z</time><extensions><speed>0.030556</speed><course>52.846307</course><hAcc>2.126942</hAcc><vAcc>1.331459</vAcc></extensions></trkpt>
      <trkpt lon="-82.149147" lat="33.554133"><ele>100.159777</ele><time>2026-03-08T14:12:11Z</time><extensions><speed>0.026719</speed><course>57.923606</course><hAcc>2.121612</hAcc><vAcc>1.346304</vAcc></extensions></trkpt>
      <trkpt lon="-82.149147" lat="33.554133"><ele>100.233909</ele><time>2026-03-08T14:12:12Z</time><extensions><speed>0.020385</speed><course>64.831378</course><hAcc>2.122662</hAcc><vAcc>1.362431</vAcc></extensions></trkpt>
      <trkpt lon="-82.149147" lat="33.554133"><ele>100.306218</ele><time>2026-03-08T14:12:13Z</time><extensions><speed>0.015736</speed><course>74.891704</course><hAcc>2.120107</hAcc><vAcc>1.376419</vAcc></extensions></trkpt>
      <trkpt lon="-82.149147" lat="33.554133"><ele>100.375480</ele><time>2026-03-08T14:12:15Z</time><extensions><speed>0.011851</speed><course>90.057736</course><hAcc>2.125161</hAcc><vAcc>1.391809</vAcc></extensions></trkpt>
      <trkpt lon="-82.149147" lat="33.554133"><ele>100.440692</ele><time>2026-03-08T14:12:16Z</time><extensions><speed>0.009654</speed><course>112.521705</course><hAcc>2.129979</hAcc><vAcc>1.407371</vAcc></extensions></trkpt>
      <trkpt lon="-82.149147" lat="33.554133"><ele>100.501779</ele><time>2026-03-08T14:12:17Z</time><extensions><speed>0.009157</speed><course>134.359299</course><hAcc>2.123388</hAcc><vAcc>1.423439</vAcc></extensions></trkpt>
      <trkpt lon="-82.149147" lat="33.554133"><ele>100.560153</ele><time>2026-03-08T14:12:18Z</time><extensions><speed>0.010334</speed><course>109.034517</course><hAcc>2.132949</hAcc><vAcc>1.439722</vAcc></extensions></trkpt>
      <trkpt lon="-82.149146" lat="33.554133"><ele>100.614315</ele><time>2026-03-08T14:12:19Z</time><extensions><speed>0.009165</speed><course>108.216185</course><hAcc>2.153225</hAcc><vAcc>1.456366</vAcc></extensions></trkpt>
      <trkpt lon="-82.149146" lat="33.554133"><ele>100.665385</ele><time>2026-03-08T14:12:20Z</time><extensions><speed>0.010447</speed><course>95.101444</course><hAcc>2.187254</hAcc><vAcc>1.474583</vAcc></extensions></trkpt>
      <trkpt lon="-82.149146" lat="33.554133"><ele>100.712315</ele><time>2026-03-08T14:12:21Z</time><extensions><speed>0.008099</speed><course>101.029362</course><hAcc>2.227154</hAcc><vAcc>1.492856</vAcc></extensions></trkpt>
      <trkpt lon="-82.149146" lat="33.554133"><ele>100.755555</ele><time>2026-03-08T14:12:22Z</time><extensions><speed>0.005223</speed><course>153.247680</course><hAcc>2.258920</hAcc><vAcc>1.510906</vAcc></extensions></trkpt>
      <trkpt lon="-82.149146" lat="33.554133"><ele>100.789921</ele><time>2026-03-08T14:12:23Z</time><extensions><speed>0.005058</speed><course>185.120898</course><hAcc>2.288763</hAcc><vAcc>1.524676</vAcc></extensions></trkpt>
      <trkpt lon="-82.149146" lat="33.554133"><ele>100.821948</ele><time>2026-03-08T14:12:24Z</time><extensions><speed>0.013278</speed><course>222.122221</course><hAcc>2.290929</hAcc><vAcc>1.540843</vAcc></extensions></trkpt>
      <trkpt lon="-82.149146" lat="33.554132"><ele>100.843524</ele><time>2026-03-08T14:12:25Z</time><extensions><speed>0.013018</speed><course>227.144013</course><hAcc>2.308618</hAcc><vAcc>1.557026</vAcc></extensions></trkpt>
      <trkpt lon="-82.149147" lat="33.554132"><ele>100.861950</ele><time>2026-03-08T14:12:26Z</time><extensions><speed>0.018723</speed><course>237.044010</course><hAcc>2.333603</hAcc><vAcc>1.573484</vAcc></extensions></trkpt>
      <trkpt lon="-82.149147" lat="33.554132"><ele>100.867530</ele><time>2026-03-08T14:12:27Z</time><extensions><speed>0.013896</speed><course>244.137448</course><hAcc>2.353663</hAcc><vAcc>1.586821</vAcc></extensions></trkpt>
      <trkpt lon="-82.149147" lat="33.554132"><ele>100.832358</ele><time>2026-03-08T14:12:28Z</time><extensions><speed>0.014892</speed><course>247.940954</course><hAcc>2.370658</hAcc><vAcc>1.596248</vAcc></extensions></trkpt>
      <trkpt lon="-82.149147" lat="33.554132"><ele>100.765265</ele><time>2026-03-08T14:12:29Z</time><extensions><speed>0.018045</speed><course>247.564496</course><hAcc>2.385022</hAcc><vAcc>1.604861</vAcc></extensions></trkpt>
      <trkpt lon="-82.149148" lat="33.554132"><ele>100.712796</ele><time>2026-03-08T14:12:30Z</time><extensions><speed>0.020759</speed><course>251.356752</course><hAcc>2.399041</hAcc><vAcc>1.614317</vAcc></extensions></trkpt>
      <trkpt lon="-82.149148" lat="33.554132"><ele>100.666936</ele><time>2026-03-08T14:12:31Z</time><extensions><speed>0.030706</speed><course>252.825178</course><hAcc>2.403528</hAcc><vAcc>1.622931</vAcc></extensions></trkpt>
      <trkpt lon="-82.149149" lat="33.554132"><ele>100.649762</ele><time>2026-03-08T14:12:32Z</time><extensions><speed>0.046899</speed><course>253.202867</course><hAcc>2.392426</hAcc><vAcc>1.627936</vAcc></extensions></trkpt>
      <trkpt lon="-82.149150" lat="33.554131"><ele>100.651977</ele><time>2026-03-08T14:12:33Z</time><extensions><speed>0.066967</speed><course>250.755858</course><hAcc>2.376196</hAcc><vAcc>1.629373</vAcc></extensions></trkpt>
      <trkpt lon="-82.149151" lat="33.554131"><ele>100.666556</ele><time>2026-03-08T14:12:34Z</time><extensions><speed>0.091688</speed><course>247.532834</course><hAcc>2.367085</hAcc><vAcc>1.629568</vAcc></extensions></trkpt>
      <trkpt lon="-82.149152" lat="33.554130"><ele>100.685743</ele><time>2026-03-08T14:12:35Z</time><extensions><speed>0.128470</speed><course>245.877066</course><hAcc>2.358788</hAcc><vAcc>1.626846</vAcc></extensions></trkpt>
      <trkpt lon="-82.149154" lat="33.554130"><ele>100.711405</ele><time>2026-03-08T14:12:36Z</time><extensions><speed>0.206193</speed><course>246.501112</course><hAcc>2.331369</hAcc><vAcc>1.622265</vAcc></extensions></trkpt>
      <trkpt lon="-82.149157" lat="33.554129"><ele>100.756467</ele><time>2026-03-08T14:12:37Z</time><extensions><speed>0.399604</speed><course>248.070490</course><hAcc>2.272606</hAcc><vAcc>1.619139</vAcc></extensions></trkpt>
      <trkpt lon="-82.149162" lat="33.554127"><ele>100.811757</ele><time>2026-03-08T14:12:38Z</time><extensions><speed>0.639549</speed><course>250.372656</course><hAcc>2.230172</hAcc><vAcc>1.611993</vAcc></extensions></trkpt>
      <trkpt lon="-82.149170" lat="33.554125"><ele>100.871394</ele><time>2026-03-08T14:12:39Z</time><extensions><speed>0.830520</speed><course>253.877800</course><hAcc>2.223945</hAcc><vAcc>1.601643</vAcc></extensions></trkpt>
      <trkpt lon="-82.149180" lat="33.554123"><ele>100.931391</ele><time>2026-03-08T14:12:40Z</time><extensions><speed>1.136624</speed><course>255.864918</course><hAcc>2.181007</hAcc><vAcc>1.589245</vAcc></extensions></trkpt>
      <trkpt lon="-82.149194" lat="33.554120"><ele>101.001452</ele><time>2026-03-08T14:12:41Z</time><extensions><speed>1.444129</speed><course>255.531989</course><hAcc>2.127395</hAcc><vAcc>1.574069</vAcc></extensions></trkpt>
      <trkpt lon="-82.149210" lat="33.554117"><ele>101.082739</ele><time>2026-03-08T14:12:42Z</time><extensions><speed>1.484268</speed><course>254.227396</course><hAcc>2.077336</hAcc><vAcc>1.555493</vAcc></extensions></trkpt>
      <trkpt lon="-82.149225" lat="33.554113"><ele>101.137606</ele><time>2026-03-08T14:12:43Z</time><extensions><speed>1.431737</speed><course>250.511966</course><hAcc>2.031127</hAcc><vAcc>1.535476</vAcc></extensions></trkpt>
      <trkpt lon="-82.149239" lat="33.554109"><ele>101.177915</ele><time>2026-03-08T14:12:44Z</time><extensions><speed>1.436661</speed><course>248.376707</course><hAcc>1.988472</hAcc><vAcc>1.513708</vAcc></extensions></trkpt>
      <trkpt lon="-82.149253" lat="33.554104"><ele>101.180684</ele><time>2026-03-08T14:12:45Z</time><extensions><speed>1.335550</speed><course>247.884686</course><hAcc>1.949864</hAcc><vAcc>1.491859</vAcc></extensions></trkpt>
      <trkpt lon="-82.149266" lat="33.554100"><ele>101.185239</ele><time>2026-03-08T14:12:46Z</time><extensions><speed>1.166946</speed><course>250.575845</course><hAcc>1.915096</hAcc><vAcc>1.468140</vAcc></extensions></trkpt>
      <trkpt lon="-82.149277" lat="33.554097"><ele>101.176497</ele><time>2026-03-08T14:12:47Z</time><extensions><speed>1.089682</speed><course>255.013482</course><hAcc>1.875702</hAcc><vAcc>1.443151</vAcc></extensions></trkpt>
      <trkpt lon="-82.149288" lat="33.554095"><ele>101.176456</ele><time>2026-03-08T14:12:48Z</time><extensions><speed>1.086322</speed><course>257.199674</course><hAcc>1.821231</hAcc><vAcc>1.416784</vAcc></extensions></trkpt>
      <trkpt lon="-82.149301" lat="33.554093"><ele>101.180284</ele><time>2026-03-08T14:12:49Z</time><extensions><speed>1.221128</speed><course>256.692928</course><hAcc>1.794079</hAcc><vAcc>1.390371</vAcc></extensions></trkpt>
      <trkpt lon="-82.149315" lat="33.554090"><ele>101.187879</ele><time>2026-03-08T14:12:50Z</time><extensions><speed>1.427657</speed><course>255.824804</course><hAcc>1.765330</hAcc><vAcc>1.363724</vAcc></extensions></trkpt>
      <trkpt lon="-82.149330" lat="33.554087"><ele>101.202514</ele><time>2026-03-08T14:12:51Z</time><extensions><speed>1.537858</speed><course>256.399129</course><hAcc>1.731992</hAcc><vAcc>1.342380</vAcc></extensions></trkpt>
      <trkpt lon="-82.149346" lat="33.554083"><ele>101.203327</ele><time>2026-03-08T14:12:52Z</time><extensions><speed>1.486929</speed><course>255.603605</course><hAcc>1.698835</hAcc><vAcc>1.317906</vAcc></extensions></trkpt>
      <trkpt lon="-82.149361" lat="33.554080"><ele>101.203393</ele><time>2026-03-08T14:12:53Z</time><extensions><speed>1.343558</speed><course>253.976395</course><hAcc>1.667203</hAcc><vAcc>1.296337</vAcc></extensions></trkpt>
      <trkpt lon="-82.149374" lat="33.554077"><ele>101.194466</ele><time>2026-03-08T14:12:54Z</time><extensions><speed>1.230658</speed><course>254.856276</course><hAcc>1.638163</hAcc><vAcc>1.274219</vAcc></extensions></trkpt>
      <trkpt lon="-82.149386" lat="33.554075"><ele>101.165011</ele><time>2026-03-08T14:12:55Z</time><extensions><speed>1.157922</speed><course>256.670858</course><hAcc>1.612450</hAcc><vAcc>1.251581</vAcc></extensions></trkpt>
      <trkpt lon="-82.149399" lat="33.554072"><ele>101.113788</ele><time>2026-03-08T14:12:56Z</time><extensions><speed>1.135021</speed><course>258.564549</course><hAcc>1.580658</hAcc><vAcc>1.228203</vAcc></extensions></trkpt>
      <trkpt lon="-82.149411" lat="33.554071"><ele>101.066030</ele><time>2026-03-08T14:12:57Z</time><extensions><speed>1.145949</speed><course>259.688080</course><hAcc>1.548229</hAcc><vAcc>1.208681</vAcc></extensions></trkpt>
      <trkpt lon="-82.149423" lat="33.554068"><ele>101.005584</ele><time>2026-03-08T14:12:58Z</time><extensions><speed>1.217465</speed><course>257.549661</course><hAcc>1.514943</hAcc><vAcc>1.187097</vAcc></extensions></trkpt>
      <trkpt lon="-82.149437" lat="33.554066"><ele>100.930444</ele><time>2026-03-08T14:12:59Z</time><extensions><speed>1.367167</speed><course>257.086129</course><hAcc>1.482169</hAcc><vAcc>1.169027</vAcc></extensions></trkpt>
      <trkpt lon="-82.149451" lat="33.554063"><ele>100.844869</ele><time>2026-03-08T14:13:00Z</time><extensions><speed>1.423561</speed><course>257.946496</course><hAcc>1.464161</hAcc><vAcc>1.151204</vAcc></extensions></trkpt>
      <trkpt lon="-82.149466" lat="33.554061"><ele>100.756637</ele><time>2026-03-08T14:13:01Z</time><extensions><speed>1.333984</speed><course>257.235043</course><hAcc>1.469937</hAcc><vAcc>1.133579</vAcc></extensions></trkpt>
      <trkpt lon="-82.149479" lat="33.554058"><ele>100.677533</ele><time>2026-03-08T14:13:02Z</time><extensions><speed>1.154434</speed><course>258.251794</course><hAcc>1.431064</hAcc><vAcc>1.116962</vAcc></extensions></trkpt>
      <trkpt lon="-82.149491" lat="33.554056"><ele>100.585726</ele><time>2026-03-08T14:13:03Z</time><extensions><speed>1.094883</speed><course>256.140640</course><hAcc>1.410271</hAcc><vAcc>1.099653</vAcc></extensions></trkpt>
      <trkpt lon="-82.149503" lat="33.554054"><ele>100.486277</ele><time>2026-03-08T14:13:04Z</time><extensions><speed>1.170557</speed><course>255.960174</course><hAcc>1.389325</hAcc><vAcc>1.083644</vAcc></extensions></trkpt>
      <trkpt lon="-82.149516" lat="33.554051"><ele>100.373834</ele><time>2026-03-08T14:13:05Z</time><extensions><speed>1.318036</speed><course>253.394370</course><hAcc>1.371125</hAcc><vAcc>1.068033</vAcc></extensions></trkpt>
      <trkpt lon="-82.149529" lat="33.554047"><ele>100.267267</ele><time>2026-03-08T14:13:06Z</time><extensions><speed>1.377689</speed><course>250.483752</course><hAcc>1.354446</hAcc><vAcc>1.054008</vAcc></extensions></trkpt>
      <trkpt lon="-82.149543" lat="33.554043"><ele>100.165091</ele><time>2026-03-08T14:13:07Z</time><extensions><speed>1.308438</speed><course>249.875523</course><hAcc>1.342120</hAcc><vAcc>1.040290</vAcc></extensions></trkpt>
      <trkpt lon="-82.149555" lat="33.554039"><ele>100.085568</ele><time>2026-03-08T14:13:08Z</time><extensions><speed>1.137023</speed><course>251.906073</course><hAcc>1.323525</hAcc><vAcc>1.025777</vAcc></extensions></trkpt>
      <trkpt lon="-82.149567" lat="33.554036"><ele>100.011037</ele><time>2026-03-08T14:13:09Z</time><extensions><speed>1.080532</speed><course>252.965907</course><hAcc>1.327318</hAcc><vAcc>1.012156</vAcc></extensions></trkpt>
      <trkpt lon="-82.149578" lat="33.554034"><ele>99.943880</ele><time>2026-03-08T14:13:10Z</time><extensions><speed>1.075829</speed><course>256.570881</course><hAcc>1.299390</hAcc><vAcc>1.000828</vAcc></extensions></trkpt>
      <trkpt lon="-82.149590" lat="33.554031"><ele>99.906515</ele><time>2026-03-08T14:13:11Z</time><extensions><speed>1.177337</speed><course>256.401269</course><hAcc>1.284034</hAcc><vAcc>0.990483</vAcc></extensions></trkpt>
      <trkpt lon="-82.149603" lat="33.554028"><ele>99.884747</ele><time>2026-03-08T14:13:12Z</time><extensions><speed>1.298150</speed><course>254.114420</course><hAcc>1.276582</hAcc><vAcc>0.978995</vAcc></extensions></trkpt>
      <trkpt lon="-82.149616" lat="33.554025"><ele>99.873690</ele><time>2026-03-08T14:13:13Z</time><extensions><speed>1.248835</speed><course>251.463065</course><hAcc>1.267465</hAcc><vAcc>0.967922</vAcc></extensions></trkpt>
      <trkpt lon="-82.149628" lat="33.554021"><ele>99.875485</ele><time>2026-03-08T14:13:14Z</time><extensions><speed>1.126286</speed><course>249.387569</course><hAcc>1.260363</hAcc><vAcc>0.957449</vAcc></extensions></trkpt>
      <trkpt lon="-82.149639" lat="33.554018"><ele>99.888159</ele><time>2026-03-08T14:13:15Z</time><extensions><speed>1.025282</speed><course>249.472902</course><hAcc>1.245650</hAcc><vAcc>0.947210</vAcc></extensions></trkpt>
      <trkpt lon="-82.149650" lat="33.554015"><ele>99.902234</ele><time>2026-03-08T14:13:16Z</time><extensions><speed>1.102562</speed><course>251.176962</course><hAcc>1.229400</hAcc><vAcc>0.937603</vAcc></extensions></trkpt>
      <trkpt lon="-82.149661" lat="33.554011"><ele>99.912144</ele><time>2026-03-08T14:13:17Z</time><extensions><speed>1.202051</speed><course>249.002328</course><hAcc>1.208568</hAcc><vAcc>0.929879</vAcc></extensions></trkpt>
      <trkpt lon="-82.149674" lat="33.554007"><ele>99.931491</ele><time>2026-03-08T14:13:18Z</time><extensions><speed>1.360854</speed><course>247.388063</course><hAcc>1.181824</hAcc><vAcc>0.921015</vAcc></extensions></trkpt>
      <trkpt lon="-82.149688" lat="33.554002"><ele>99.950935</ele><time>2026-03-08T14:13:19Z</time><extensions><speed>1.436969</speed><course>246.793305</course><hAcc>1.167371</hAcc><vAcc>0.912243</vAcc></extensions></trkpt>
      <trkpt lon="-82.149701" lat="33.553998"><ele>99.964015</ele><time>2026-03-08T14:13:20Z</time><extensions><speed>1.263936</speed><course>249.399507</course><hAcc>1.184878</hAcc><vAcc>0.903547</vAcc></extensions></trkpt>
      <trkpt lon="-82.149714" lat="33.553994"><ele>99.977426</ele><time>2026-03-08T14:13:21Z</time><extensions><speed>1.164653</speed><course>251.865423</course><hAcc>1.162686</hAcc><vAcc>0.895441</vAcc></extensions></trkpt>
      <trkpt lon="-82.149725" lat="33.553991"><ele>99.994046</ele><time>2026-03-08T14:13:22Z</time><extensions><speed>0.995071</speed><course>258.512353</course><hAcc>1.141118</hAcc><vAcc>0.886720</vAcc></extensions></trkpt>
      <trkpt lon="-82.149736" lat="33.553990"><ele>100.005231</ele><time>2026-03-08T14:13:23Z</time><extensions><speed>1.016265</speed><course>258.647862</course><hAcc>1.136649</hAcc><vAcc>0.878470</vAcc></extensions></trkpt>
      <trkpt lon="-82.149747" lat="33.553987"><ele>100.016839</ele><time>2026-03-08T14:13:24Z</time><extensions><speed>1.142454</speed><course>255.142756</course><hAcc>1.131033</hAcc><vAcc>0.870007</vAcc></extensions></trkpt>
      <trkpt lon="-82.149760" lat="33.553984"><ele>100.025171</ele><time>2026-03-08T14:13:25Z</time><extensions><speed>1.330860</speed><course>250.585285</course><hAcc>1.117722</hAcc><vAcc>0.861517</vAcc></extensions></trkpt>
      <trkpt lon="-82.149773" lat="33.553980"><ele>100.013203</ele><time>2026-03-08T14:13:26Z</time><extensions><speed>1.405422</speed><course>249.158777</course><hAcc>1.113417</hAcc><vAcc>0.853359</vAcc></extensions></trkpt>
      <trkpt lon="-82.149787" lat="33.553976"><ele>99.993217</ele><time>2026-03-08T14:13:27Z</time><extensions><speed>1.244249</speed><course>252.172448</course><hAcc>1.136044</hAcc><vAcc>0.845047</vAcc></extensions></trkpt>
      <trkpt lon="-82.149799" lat="33.553973"><ele>99.972858</ele><time>2026-03-08T14:13:28Z</time><extensions><speed>1.150059</speed><course>254.087619</course><hAcc>1.101440</hAcc><vAcc>0.837282</vAcc></extensions></trkpt>
      <trkpt lon="-82.149811" lat="33.553969"><ele>99.950869</ele><time>2026-03-08T14:13:29Z</time><extensions><speed>1.141214</speed><course>249.834966</course><hAcc>1.091793</hAcc><vAcc>0.829656</vAcc></extensions></trkpt>
      <trkpt lon="-82.149823" lat="33.553966"><ele>99.941133</ele><time>2026-03-08T14:13:30Z</time><extensions><speed>1.241431</speed><course>247.486979</course><hAcc>1.093970</hAcc><vAcc>0.822343</vAcc></extensions></trkpt>
      <trkpt lon="-82.149835" lat="33.553961"><ele>99.937002</ele><time>2026-03-08T14:13:31Z</time><extensions><speed>1.289587</speed><course>245.895714</course><hAcc>1.096602</hAcc><vAcc>0.815157</vAcc></extensions></trkpt>
      <trkpt lon="-82.149848" lat="33.553956"><ele>99.929946</ele><time>2026-03-08T14:13:32Z</time><extensions><speed>1.312337</speed><course>245.049417</course><hAcc>1.096466</hAcc><vAcc>0.808334</vAcc></extensions></trkpt>
      <trkpt lon="-82.149861" lat="33.553952"><ele>99.921453</ele><time>2026-03-08T14:13:33Z</time><extensions><speed>1.267554</speed><course>248.460761</course><hAcc>1.104117</hAcc><vAcc>0.801974</vAcc></extensions></trkpt>
      <trkpt lon="-82.149873" lat="33.553948"><ele>99.921567</ele><time>2026-03-08T14:13:34Z</time><extensions><speed>1.178411</speed><course>256.056939</course><hAcc>1.094528</hAcc><vAcc>0.796004</vAcc></extensions></trkpt>
      <trkpt lon="-82.149885" lat="33.553946"><ele>99.928983</ele><time>2026-03-08T14:13:35Z</time><extensions><speed>1.052701</speed><course>260.710288</course><hAcc>1.090450</hAcc><vAcc>0.790546</vAcc></extensions></trkpt>
      <trkpt lon="-82.149896" lat="33.553944"><ele>99.937735</ele><time>2026-03-08T14:13:36Z</time><extensions><speed>1.067926</speed><course>260.166609</course><hAcc>1.087798</hAcc><vAcc>0.786081</vAcc></extensions></trkpt>
      <trkpt lon="-82.149908" lat="33.553942"><ele>99.954449</ele><time>2026-03-08T14:13:37Z</time><extensions><speed>1.148266</speed><course>254.883560</course><hAcc>1.079500</hAcc><vAcc>0.781935</vAcc></extensions></trkpt>
      <trkpt lon="-82.149920" lat="33.553939"><ele>99.980511</ele><time>2026-03-08T14:13:38Z</time><extensions><speed>1.206619</speed><course>251.579965</course><hAcc>1.071400</hAcc><vAcc>0.778339</vAcc></extensions></trkpt>
      <trkpt lon="-82.149932" lat="33.553935"><ele>100.006389</ele><time>2026-03-08T14:13:39Z</time><extensions><speed>1.210768</speed><course>247.024177</course><hAcc>1.064475</hAcc><vAcc>0.775221</vAcc></extensions></trkpt>
      <trkpt lon="-82.149944" lat="33.553931"><ele>100.030862</ele><time>2026-03-08T14:13:40Z</time><extensions><speed>1.138527</speed><course>243.832270</course><hAcc>1.060018</hAcc><vAcc>0.772592</vAcc></extensions></trkpt>
      <trkpt lon="-82.149954" lat="33.553927"><ele>100.056347</ele><time>2026-03-08T14:13:41Z</time><extensions><speed>1.038664</speed><course>241.592162</course><hAcc>1.046301</hAcc><vAcc>0.770307</vAcc></extensions></trkpt>
      <trkpt lon="-82.149964" lat="33.553922"><ele>100.078482</ele><time>2026-03-08T14:13:42Z</time><extensions><speed>1.114805</speed><course>240.430649</course><hAcc>1.038268</hAcc><vAcc>0.768389</vAcc></extensions></trkpt>
      <trkpt lon="-82.149976" lat="33.553917"><ele>100.091645</ele><time>2026-03-08T14:13:43Z</time><extensions><speed>1.276507</speed><course>242.470903</course><hAcc>1.028428</hAcc><vAcc>0.766800</vAcc></extensions></trkpt>
      <trkpt lon="-82.149989" lat="33.553911"><ele>100.101541</ele><time>2026-03-08T14:13:44Z</time><extensions><speed>1.384604</speed><course>244.531845</course><hAcc>1.020416</hAcc><vAcc>0.765482</vAcc></extensions></trkpt>
      <trkpt lon="-82.150002" lat="33.553906"><ele>100.118482</ele><time>2026-03-08T14:13:45Z</time><extensions><speed>1.390256</speed><course>246.015154</course><hAcc>1.019170</hAcc><vAcc>0.764368</vAcc></extensions></trkpt>
      <trkpt lon="-82.150015" lat="33.553901"><ele>100.153922</ele><time>2026-03-08T14:13:46Z</time><extensions><speed>1.252828</speed><course>246.717470</course><hAcc>1.035471</hAcc><vAcc>0.763519</vAcc></extensions></trkpt>
      <trkpt lon="-82.150027" lat="33.553897"><ele>100.197119</ele><time>2026-03-08T14:13:47Z</time><extensions><speed>1.149994</speed><course>248.393541</course><hAcc>1.014945</hAcc><vAcc>0.762906</vAcc></extensions></trkpt>
      <trkpt lon="-82.150038" lat="33.553893"><ele>100.241837</ele><time>2026-03-08T14:13:48Z</time><extensions><speed>1.071537</speed><course>247.824607</course><hAcc>1.017324</hAcc><vAcc>0.762228</vAcc></extensions></trkpt>
      <trkpt lon="-82.150049" lat="33.553890"><ele>100.286441</ele><time>2026-03-08T14:13:49Z</time><extensions><speed>1.133533</speed><course>246.101710</course><hAcc>1.023344</hAcc><vAcc>0.762309</vAcc></extensions></trkpt>
      <trkpt lon="-82.150061" lat="33.553885"><ele>100.341854</ele><time>2026-03-08T14:13:50Z</time><extensions><speed>1.246967</speed><course>243.056527</course><hAcc>1.027274</hAcc><vAcc>0.762130</vAcc></extensions></trkpt>
      <trkpt lon="-82.150073" lat="33.553879"><ele>100.406292</ele><time>2026-03-08T14:13:51Z</time><extensions><speed>1.367405</speed><course>241.045186</course><hAcc>1.033080</hAcc><vAcc>0.762111</vAcc></extensions></trkpt>
      <trkpt lon="-82.150086" lat="33.553874"><ele>100.475818</ele><time>2026-03-08T14:13:52Z</time><extensions><speed>1.350417</speed><course>243.485224</course><hAcc>1.021376</hAcc><vAcc>0.762246</vAcc></extensions></trkpt>
      <trkpt lon="-82.150099" lat="33.553869"><ele>100.548046</ele><time>2026-03-08T14:13:53Z</time><extensions><speed>1.225955</speed><course>247.023198</course><hAcc>1.015611</hAcc><vAcc>0.762516</vAcc></extensions></trkpt>
      <trkpt lon="-82.150110" lat="33.553865"><ele>100.619853</ele><time>2026-03-08T14:13:54Z</time><extensions><speed>1.112162</speed><course>247.347508</course><hAcc>1.011849</hAcc><vAcc>0.762882</vAcc></extensions></trkpt>
      <trkpt lon="-82.150121" lat="33.553861"><ele>100.693729</ele><time>2026-03-08T14:13:55Z</time><extensions><speed>1.076589</speed><course>242.912499</course><hAcc>1.012673</hAcc><vAcc>0.763283</vAcc></extensions></trkpt>
      <trkpt lon="-82.150132" lat="33.553856"><ele>100.774765</ele><time>2026-03-08T14:13:56Z</time><extensions><speed>1.181399</speed><course>242.051193</course><hAcc>1.012067</hAcc><vAcc>0.764111</vAcc></extensions></trkpt>
      <trkpt lon="-82.150144" lat="33.553851"><ele>100.853667</ele><time>2026-03-08T14:13:57Z</time><extensions><speed>1.328804</speed><course>242.838770</course><hAcc>1.003704</hAcc><vAcc>0.764739</vAcc></extensions></trkpt>
      <trkpt lon="-82.150157" lat="33.553845"><ele>100.929188</ele><time>2026-03-08T14:13:58Z</time><extensions><speed>1.501754</speed><course>239.696823</course><hAcc>1.000360</hAcc><vAcc>0.765063</vAcc></extensions></trkpt>
      <trkpt lon="-82.150170" lat="33.553838"><ele>101.016029</ele><time>2026-03-08T14:13:59Z</time><extensions><speed>1.276507</speed><course>235.229654</course><hAcc>1.021370</hAcc><vAcc>0.765177</vAcc></extensions></trkpt>
      <trkpt lon="-82.150181" lat="33.553832"><ele>101.098376</ele><time>2026-03-08T14:14:00Z</time><extensions><speed>1.166988</speed><course>235.644948</course><hAcc>1.003141</hAcc><vAcc>0.765178</vAcc></extensions></trkpt>
      <trkpt lon="-82.150191" lat="33.553826"><ele>101.184122</ele><time>2026-03-08T14:14:01Z</time><extensions><speed>1.098776</speed><course>240.189027</course><hAcc>1.003562</hAcc><vAcc>0.764978</vAcc></extensions></trkpt>
      <trkpt lon="-82.150202" lat="33.553822"><ele>101.261818</ele><time>2026-03-08T14:14:02Z</time><extensions><speed>1.150909</speed><course>245.942878</course><hAcc>1.005050</hAcc><vAcc>0.765153</vAcc></extensions></trkpt>
      <trkpt lon="-82.150214" lat="33.553817"><ele>101.326382</ele><time>2026-03-08T14:14:03Z</time><extensions><speed>1.270488</speed><course>245.642221</course><hAcc>0.998042</hAcc><vAcc>0.765072</vAcc></extensions></trkpt>
      <trkpt lon="-82.150226" lat="33.553812"><ele>101.376244</ele><time>2026-03-08T14:14:04Z</time><extensions><speed>1.342681</speed><course>245.040070</course><hAcc>0.983637</hAcc><vAcc>0.765027</vAcc></extensions></trkpt>
      <trkpt lon="-82.150240" lat="33.553807"><ele>101.423850</ele><time>2026-03-08T14:14:05Z</time><extensions><speed>1.377951</speed><course>244.193842</course><hAcc>0.971069</hAcc><vAcc>0.764991</vAcc></extensions></trkpt>
      <trkpt lon="-82.150252" lat="33.553802"><ele>101.476210</ele><time>2026-03-08T14:14:06Z</time><extensions><speed>1.229863</speed><course>243.976771</course><hAcc>1.004781</hAcc><vAcc>0.764901</vAcc></extensions></trkpt>
      <trkpt lon="-82.150264" lat="33.553797"><ele>101.516899</ele><time>2026-03-08T14:14:07Z</time><extensions><speed>1.157687</speed><course>246.743104</course><hAcc>0.986302</hAcc><vAcc>0.764702</vAcc></extensions></trkpt>
      <trkpt lon="-82.150275" lat="33.553793"><ele>101.554080</ele><time>2026-03-08T14:14:08Z</time><extensions><speed>1.121036</speed><course>249.663595</course><hAcc>0.975207</hAcc><vAcc>0.764387</vAcc></extensions></trkpt>
      <trkpt lon="-82.150287" lat="33.553790"><ele>101.591683</ele><time>2026-03-08T14:14:09Z</time><extensions><speed>1.186566</speed><course>248.270491</course><hAcc>0.983330</hAcc><vAcc>0.764157</vAcc></extensions></trkpt>
      <trkpt lon="-82.150299" lat="33.553785"><ele>101.617419</ele><time>2026-03-08T14:14:10Z</time><extensions><speed>1.331499</speed><course>245.727622</course><hAcc>0.983545</hAcc><vAcc>0.763763</vAcc></extensions></trkpt>
      <trkpt lon="-82.150313" lat="33.553780"><ele>101.631972</ele><time>2026-03-08T14:14:11Z</time><extensions><speed>1.427597</speed><course>243.513389</course><hAcc>0.983830</hAcc><vAcc>0.763313</vAcc></extensions></trkpt>
      <trkpt lon="-82.150326" lat="33.553775"><ele>101.632880</ele><time>2026-03-08T14:14:11Z</time><extensions><speed>1.227906</speed><course>243.519481</course><hAcc>1.017841</hAcc><vAcc>0.762793</vAcc></extensions></trkpt>
      <trkpt lon="-82.150337" lat="33.553770"><ele>101.627441</ele><time>2026-03-08T14:14:12Z</time><extensions><speed>1.094189</speed><course>242.904592</course><hAcc>0.987950</hAcc><vAcc>0.762205</vAcc></extensions></trkpt>
      <trkpt lon="-82.150347" lat="33.553766"><ele>101.605764</ele><time>2026-03-08T14:14:13Z</time><extensions><speed>0.964536</speed><course>242.279196</course><hAcc>0.989582</hAcc><vAcc>0.761586</vAcc></extensions></trkpt>
      <trkpt lon="-82.150356" lat="33.553761"><ele>101.579905</ele><time>2026-03-08T14:14:14Z</time><extensions><speed>0.998402</speed><course>240.269717</course><hAcc>0.988188</hAcc><vAcc>0.760987</vAcc></extensions></trkpt>
      <trkpt lon="-82.150366" lat="33.553756"><ele>101.545898</ele><time>2026-03-08T14:14:15Z</time><extensions><speed>1.185835</speed><course>237.663235</course><hAcc>0.999729</hAcc><vAcc>0.760435</vAcc></extensions></trkpt>
      <trkpt lon="-82.150377" lat="33.553750"><ele>101.516117</ele><time>2026-03-08T14:14:16Z</time><extensions><speed>1.395544</speed><course>234.399213</course><hAcc>0.992187</hAcc><vAcc>0.760162</vAcc></extensions></trkpt>
      <trkpt lon="-82.150390" lat="33.553742"><ele>101.490532</ele><time>2026-03-08T14:14:17Z</time><extensions><speed>1.434732</speed><course>233.010187</course><hAcc>0.988078</hAcc><vAcc>0.759824</vAcc></extensions></trkpt>
      <trkpt lon="-82.150401" lat="33.553735"><ele>101.472301</ele><time>2026-03-08T14:14:18Z</time><extensions><speed>1.235187</speed><course>232.719213</course><hAcc>1.004141</hAcc><vAcc>0.759543</vAcc></extensions></trkpt>
      <trkpt lon="-82.150411" lat="33.553729"><ele>101.456465</ele><time>2026-03-08T14:14:19Z</time><extensions><speed>1.043471</speed><course>232.324056</course><hAcc>0.982609</hAcc><vAcc>0.759303</vAcc></extensions></trkpt>
      <trkpt lon="-82.150420" lat="33.553723"><ele>101.444562</ele><time>2026-03-08T14:14:20Z</time><extensions><speed>1.055875</speed><course>230.779131</course><hAcc>0.969346</hAcc><vAcc>0.759105</vAcc></extensions></trkpt>
      <trkpt lon="-82.150429" lat="33.553716"><ele>101.435642</ele><time>2026-03-08T14:14:21Z</time><extensions><speed>1.222207</speed><course>232.080605</course><hAcc>0.979704</hAcc><vAcc>0.758955</vAcc></extensions></trkpt>
      <trkpt lon="-82.150440" lat="33.553709"><ele>101.428589</ele><time>2026-03-08T14:14:23Z</time><extensions><speed>1.365013</speed><course>233.876717</course><hAcc>0.970101</hAcc><vAcc>0.758849</vAcc></extensions></trkpt>
      <trkpt lon="-82.150453" lat="33.553702"><ele>101.432107</ele><time>2026-03-08T14:14:24Z</time><extensions><speed>1.400500</speed><course>238.455825</course><hAcc>0.959570</hAcc><vAcc>0.758780</vAcc></extensions></trkpt>
      <trkpt lon="-82.150465" lat="33.553696"><ele>101.434696</ele><time>2026-03-08T14:14:25Z</time><extensions><speed>1.336018</speed><course>236.975932</course><hAcc>0.963979</hAcc><vAcc>0.758728</vAcc></extensions></trkpt>
      <trkpt lon="-82.150477" lat="33.553689"><ele>101.443937</ele><time>2026-03-08T14:14:26Z</time><extensions><speed>1.361891</speed><course>238.046839</course><hAcc>0.942868</hAcc><vAcc>0.758669</vAcc></extensions></trkpt>
      <trkpt lon="-82.150490" lat="33.553683"><ele>101.460404</ele><time>2026-03-08T14:14:27Z</time><extensions><speed>1.260205</speed><course>241.716501</course><hAcc>0.961955</hAcc><vAcc>0.758574</vAcc></extensions></trkpt>
      <trkpt lon="-82.150502" lat="33.553678"><ele>101.486258</ele><time>2026-03-08T14:14:28Z</time><extensions><speed>1.300688</speed><course>246.589250</course><hAcc>0.946828</hAcc><vAcc>0.758424</vAcc></extensions></trkpt>
      <trkpt lon="-82.150516" lat="33.553674"><ele>101.512610</ele><time>2026-03-08T14:14:29Z</time><extensions><speed>1.415472</speed><course>248.860193</course><hAcc>0.951203</hAcc><vAcc>0.758230</vAcc></extensions></trkpt>
      <trkpt lon="-82.150530" lat="33.553669"><ele>101.538008</ele><time>2026-03-08T14:14:30Z</time><extensions><speed>1.382090</speed><course>246.637536</course><hAcc>0.966534</hAcc><vAcc>0.758015</vAcc></extensions></trkpt>
      <trkpt lon="-82.150543" lat="33.553664"><ele>101.569306</ele><time>2026-03-08T14:14:31Z</time><extensions><speed>1.366348</speed><course>242.494402</course><hAcc>0.959379</hAcc><vAcc>0.757799</vAcc></extensions></trkpt>
      <trkpt lon="-82.150555" lat="33.553658"><ele>101.605834</ele><time>2026-03-08T14:14:32Z</time><extensions><speed>1.277365</speed><course>240.676542</course><hAcc>0.956794</hAcc><vAcc>0.757594</vAcc></extensions></trkpt>
      <trkpt lon="-82.150567" lat="33.553652"><ele>101.636777</ele><time>2026-03-08T14:14:33Z</time><extensions><speed>1.210568</speed><course>239.754477</course><hAcc>0.956752</hAcc><vAcc>0.757411</vAcc></extensions></trkpt>
      <trkpt lon="-82.150578" lat="33.553647"><ele>101.673739</ele><time>2026-03-08T14:14:34Z</time><extensions><speed>1.135172</speed><course>240.093309</course><hAcc>0.963367</hAcc><vAcc>0.757254</vAcc></extensions></trkpt>
      <trkpt lon="-82.150588" lat="33.553642"><ele>101.715915</ele><time>2026-03-08T14:14:35Z</time><extensions><speed>1.076098</speed><course>239.485600</course><hAcc>0.950252</hAcc><vAcc>0.757123</vAcc></extensions></trkpt>
      <trkpt lon="-82.150599" lat="33.553637"><ele>101.756906</ele><time>2026-03-08T14:14:36Z</time><extensions><speed>1.295975</speed><course>237.414833</course><hAcc>0.944433</hAcc><vAcc>0.757018</vAcc></extensions></trkpt>
      <trkpt lon="-82.150612" lat="33.553630"><ele>101.798420</ele><time>2026-03-08T14:14:37Z</time><extensions><speed>1.495975</speed><course>235.349190</course><hAcc>0.941555</hAcc><vAcc>0.756937</vAcc></extensions></trkpt>
      <trkpt lon="-82.150624" lat="33.553622"><ele>101.843210</ele><time>2026-03-08T14:14:38Z</time><extensions><speed>1.317760</speed><course>234.805487</course><hAcc>0.952670</hAcc><vAcc>0.756876</vAcc></extensions></trkpt>
      <trkpt lon="-82.150635" lat="33.553616"><ele>101.885493</ele><time>2026-03-08T14:14:39Z</time><extensions><speed>1.248399</speed><course>236.392892</course><hAcc>0.940329</hAcc><vAcc>0.756831</vAcc></extensions></trkpt>
      <trkpt lon="-82.150646" lat="33.553610"><ele>101.923556</ele><time>2026-03-08T14:14:40Z</time><extensions><speed>1.120955</speed><course>237.937228</course><hAcc>0.949924</hAcc><vAcc>0.756800</vAcc></extensions></trkpt>
      <trkpt lon="-82.150656" lat="33.553605"><ele>101.954014</ele><time>2026-03-08T14:14:41Z</time><extensions><speed>1.118766</speed><course>239.324733</course><hAcc>0.947264</hAcc><vAcc>0.756778</vAcc></extensions></trkpt>
      <trkpt lon="-82.150667" lat="33.553599"><ele>101.983563</ele><time>2026-03-08T14:14:42Z</time><extensions><speed>1.164457</speed><course>238.298942</course><hAcc>0.953774</hAcc><vAcc>0.756764</vAcc></extensions></trkpt>
      <trkpt lon="-82.150678" lat="33.553593"><ele>102.006924</ele><time>2026-03-08T14:14:43Z</time><extensions><speed>1.311715</speed><course>236.256186</course><hAcc>0.959060</hAcc><vAcc>0.756755</vAcc></extensions></trkpt>
      <trkpt lon="-82.150690" lat="33.553587"><ele>102.032615</ele><time>2026-03-08T14:14:44Z</time><extensions><speed>1.273389</speed><course>233.420048</course><hAcc>0.964752</hAcc><vAcc>0.756750</vAcc></extensions></trkpt>
      <trkpt lon="-82.150700" lat="33.553580"><ele>102.056464</ele><time>2026-03-08T14:14:45Z</time><extensions><speed>1.195359</speed><course>230.188112</course><hAcc>0.950198</hAcc><vAcc>0.756747</vAcc></extensions></trkpt>
      <trkpt lon="-82.150709" lat="33.553573"><ele>102.082194</ele><time>2026-03-08T14:14:46Z</time><extensions><speed>1.102755</speed><course>228.923576</course><hAcc>0.950389</hAcc><vAcc>0.756746</vAcc></extensions></trkpt>
      <trkpt lon="-82.150719" lat="33.553567"><ele>102.099155</ele><time>2026-03-08T14:14:47Z</time><extensions><speed>1.123521</speed><course>233.950132</course><hAcc>0.961185</hAcc><vAcc>0.756819</vAcc></extensions></trkpt>
      <trkpt lon="-82.150729" lat="33.553561"><ele>102.106985</ele><time>2026-03-08T14:14:48Z</time><extensions><speed>1.189248</speed><course>240.204650</course><hAcc>0.943006</hAcc><vAcc>0.756853</vAcc></extensions></trkpt>
      <trkpt lon="-82.150741" lat="33.553556"><ele>102.114081</ele><time>2026-03-08T14:14:49Z</time><extensions><speed>1.239160</speed><course>240.367023</course><hAcc>0.939878</hAcc><vAcc>0.756893</vAcc></extensions></trkpt>
      <trkpt lon="-82.150752" lat="33.553550"><ele>102.113025</ele><time>2026-03-08T14:14:50Z</time><extensions><speed>1.271469</speed><course>235.722316</course><hAcc>0.940850</hAcc><vAcc>0.756941</vAcc></extensions></trkpt>
      <trkpt lon="-82.150763" lat="33.553543"><ele>102.114956</ele><time>2026-03-08T14:14:51Z</time><extensions><speed>1.212990</speed><course>229.672651</course><hAcc>0.941291</hAcc><vAcc>0.756994</vAcc></extensions></trkpt>
      <trkpt lon="-82.150772" lat="33.553536"><ele>102.124465</ele><time>2026-03-08T14:14:52Z</time><extensions><speed>1.196394</speed><course>226.769943</course><hAcc>0.922157</hAcc><vAcc>0.757051</vAcc></extensions></trkpt>
      <trkpt lon="-82.150782" lat="33.553528"><ele>102.133945</ele><time>2026-03-08T14:14:53Z</time><extensions><speed>1.313861</speed><course>227.150342</course><hAcc>0.930157</hAcc><vAcc>0.757111</vAcc></extensions></trkpt>
      <trkpt lon="-82.150793" lat="33.553520"><ele>102.139076</ele><time>2026-03-08T14:14:54Z</time><extensions><speed>1.248717</speed><course>231.429132</course><hAcc>0.934486</hAcc><vAcc>0.757168</vAcc></extensions></trkpt>
      <trkpt lon="-82.150804" lat="33.553514"><ele>102.142509</ele><time>2026-03-08T14:14:55Z</time><extensions><speed>1.316608</speed><course>236.203323</course><hAcc>0.917443</hAcc><vAcc>0.757216</vAcc></extensions></trkpt>
      <trkpt lon="-82.150816" lat="33.553507"><ele>102.151019</ele><time>2026-03-08T14:14:56Z</time><extensions><speed>1.311075</speed><course>235.965882</course><hAcc>0.924406</hAcc><vAcc>0.757250</vAcc></extensions></trkpt>
      <trkpt lon="-82.150826" lat="33.553501"><ele>102.156093</ele><time>2026-03-08T14:14:57Z</time><extensions><speed>1.132078</speed><course>234.834804</course><hAcc>0.950333</hAcc><vAcc>0.757258</vAcc></extensions></trkpt>
      <trkpt lon="-82.150836" lat="33.553495"><ele>102.158259</ele><time>2026-03-08T14:14:58Z</time><extensions><speed>1.123921</speed><course>229.649285</course><hAcc>0.931273</hAcc><vAcc>0.757239</vAcc></extensions></trkpt>
      <trkpt lon="-82.150845" lat="33.553488"><ele>102.156774</ele><time>2026-03-08T14:14:59Z</time><extensions><speed>1.137678</speed><course>227.116157</course><hAcc>0.928609</hAcc><vAcc>0.757196</vAcc></extensions></trkpt>
      <trkpt lon="-82.150854" lat="33.553481"><ele>102.148163</ele><time>2026-03-08T14:15:00Z</time><extensions><speed>1.147220</speed><course>228.751039</course><hAcc>0.933184</hAcc><vAcc>0.757140</vAcc></extensions></trkpt>
      <trkpt lon="-82.150864" lat="33.553474"><ele>102.140944</ele><time>2026-03-08T14:15:01Z</time><extensions><speed>1.123166</speed><course>232.155706</course><hAcc>0.952226</hAcc><vAcc>0.757078</vAcc></extensions></trkpt>
      <trkpt lon="-82.150873" lat="33.553468"><ele>102.121752</ele><time>2026-03-08T14:15:02Z</time><extensions><speed>1.115686</speed><course>231.986168</course><hAcc>0.932314</hAcc><vAcc>0.757017</vAcc></extensions></trkpt>
      <trkpt lon="-82.150883" lat="33.553461"><ele>102.098921</ele><time>2026-03-08T14:15:03Z</time><extensions><speed>1.259636</speed><course>229.493360</course><hAcc>0.928980</hAcc><vAcc>0.756960</vAcc></extensions></trkpt>
      <trkpt lon="-82.150893" lat="33.553453"><ele>102.078210</ele><time>2026-03-08T14:15:04Z</time><extensions><speed>1.338532</speed><course>224.963379</course><hAcc>0.920814</hAcc><vAcc>0.756909</vAcc></extensions></trkpt>
      <trkpt lon="-82.150903" lat="33.553445"><ele>102.076304</ele><time>2026-03-08T14:15:05Z</time><extensions><speed>1.371968</speed><course>223.127450</course><hAcc>0.918223</hAcc><vAcc>0.756867</vAcc></extensions></trkpt>
      <trkpt lon="-82.150913" lat="33.553436"><ele>102.068726</ele><time>2026-03-08T14:15:06Z</time><extensions><speed>1.221705</speed><course>222.193152</course><hAcc>0.945734</hAcc><vAcc>0.756833</vAcc></extensions></trkpt>
      <trkpt lon="-82.150922" lat="33.553429"><ele>102.058773</ele><time>2026-03-08T14:15:07Z</time><extensions><speed>1.094619</speed><course>231.340082</course><hAcc>0.919561</hAcc><vAcc>0.756806</vAcc></extensions></trkpt>
      <trkpt lon="-82.150931" lat="33.553423"><ele>102.047219</ele><time>2026-03-08T14:15:08Z</time><extensions><speed>1.048397</speed><course>238.217089</course><hAcc>0.923555</hAcc><vAcc>0.756785</vAcc></extensions></trkpt>
      <trkpt lon="-82.150942" lat="33.553418"><ele>102.029154</ele><time>2026-03-08T14:15:09Z</time><extensions><speed>1.200268</speed><course>236.818357</course><hAcc>0.932562</hAcc><vAcc>0.756770</vAcc></extensions></trkpt>
      <trkpt lon="-82.150953" lat="33.553411"><ele>102.003361</ele><time>2026-03-08T14:15:10Z</time><extensions><speed>1.383729</speed><course>233.321851</course><hAcc>0.933698</hAcc><vAcc>0.756760</vAcc></extensions></trkpt>
      <trkpt lon="-82.150965" lat="33.553403"><ele>101.989315</ele><time>2026-03-08T14:15:11Z</time><extensions><speed>1.454633</speed><course>230.167123</course><hAcc>0.934180</hAcc><vAcc>0.756753</vAcc></extensions></trkpt>
      <trkpt lon="-82.150976" lat="33.553395"><ele>101.992477</ele><time>2026-03-08T14:15:12Z</time><extensions><speed>1.264426</speed><course>228.700212</course><hAcc>0.950308</hAcc><vAcc>0.756748</vAcc></extensions></trkpt>
      <trkpt lon="-82.150986" lat="33.553388"><ele>102.003984</ele><time>2026-03-08T14:15:13Z</time><extensions><speed>1.182622</speed><course>231.157275</course><hAcc>0.932018</hAcc><vAcc>0.756745</vAcc></extensions></trkpt>
      <trkpt lon="-82.150996" lat="33.553382"><ele>102.030307</ele><time>2026-03-08T14:15:14Z</time><extensions><speed>1.130381</speed><course>233.080121</course><hAcc>0.932382</hAcc><vAcc>0.756743</vAcc></extensions></trkpt>
      <trkpt lon="-82.151006" lat="33.553375"><ele>102.070527</ele><time>2026-03-08T14:15:15Z</time><extensions><speed>1.200229</speed><course>231.418102</course><hAcc>0.941579</hAcc><vAcc>0.756743</vAcc></extensions></trkpt>
      <trkpt lon="-82.151016" lat="33.553368"><ele>102.123719</ele><time>2026-03-08T14:15:16Z</time><extensions><speed>1.287455</speed><course>229.809365</course><hAcc>0.939753</hAcc><vAcc>0.756742</vAcc></extensions></trkpt>
      <trkpt lon="-82.151027" lat="33.553360"><ele>102.176018</ele><time>2026-03-08T14:15:17Z</time><extensions><speed>1.377139</speed><course>227.988470</course><hAcc>0.943570</hAcc><vAcc>0.756742</vAcc></extensions></trkpt>
      <trkpt lon="-82.151038" lat="33.553352"><ele>102.229752</ele><time>2026-03-08T14:15:18Z</time><extensions><speed>1.333538</speed><course>225.071635</course><hAcc>0.947957</hAcc><vAcc>0.756742</vAcc></extensions></trkpt>
      <trkpt lon="-82.151047" lat="33.553344"><ele>102.286029</ele><time>2026-03-08T14:15:19Z</time><extensions><speed>1.161464</speed><course>224.891877</course><hAcc>0.951107</hAcc><vAcc>0.756742</vAcc></extensions></trkpt>
      <trkpt lon="-82.151056" lat="33.553337"><ele>102.344818</ele><time>2026-03-08T14:15:20Z</time><extensions><speed>1.041880</speed><course>228.733503</course><hAcc>0.950279</hAcc><vAcc>0.756742</vAcc></extensions></trkpt>
      <trkpt lon="-82.151065" lat="33.553331"><ele>102.413545</ele><time>2026-03-08T14:15:21Z</time><extensions><speed>1.110182</speed><course>229.763551</course><hAcc>0.944134</hAcc><vAcc>0.756743</vAcc></extensions></trkpt>
      <trkpt lon="-82.151074" lat="33.553324"><ele>102.484304</ele><time>2026-03-08T14:15:22Z</time><extensions><speed>1.187604</speed><course>226.554561</course><hAcc>0.934739</hAcc><vAcc>0.756743</vAcc></extensions></trkpt>
      <trkpt lon="-82.151084" lat="33.553316"><ele>102.561116</ele><time>2026-03-08T14:15:23Z</time><extensions><speed>1.385198</speed><course>225.744224</course><hAcc>0.928979</hAcc><vAcc>0.756743</vAcc></extensions></trkpt>
      <trkpt lon="-82.151094" lat="33.553307"><ele>102.644786</ele><time>2026-03-08T14:15:24Z</time><extensions><speed>1.284943</speed><course>225.887633</course><hAcc>0.953591</hAcc><vAcc>0.756743</vAcc></extensions></trkpt>
      <trkpt lon="-82.151104" lat="33.553300"><ele>102.718381</ele><time>2026-03-08T14:15:25Z</time><extensions><speed>1.289209</speed><course>229.668344</course><hAcc>0.928274</hAcc><vAcc>0.756742</vAcc></extensions></trkpt>
      <trkpt lon="-82.151115" lat="33.553292"><ele>102.791910</ele><time>2026-03-08T14:15:26Z</time><extensions><speed>1.237083</speed><course>232.197265</course><hAcc>0.930613</hAcc><vAcc>0.756742</vAcc></extensions></trkpt>
      <trkpt lon="-82.151125" lat="33.553286"><ele>102.849129</ele><time>2026-03-08T14:15:27Z</time><extensions><speed>1.210236</speed><course>232.381439</course><hAcc>0.938014</hAcc><vAcc>0.756742</vAcc></extensions></trkpt>
      <trkpt lon="-82.151136" lat="33.553279"><ele>102.906838</ele><time>2026-03-08T14:15:28Z</time><extensions><speed>1.232866</speed><course>233.071465</course><hAcc>0.936524</hAcc><vAcc>0.756742</vAcc></extensions></trkpt>
      <trkpt lon="-82.151147" lat="33.553272"><ele>102.958107</ele><time>2026-03-08T14:15:29Z</time><extensions><speed>1.358081</speed><course>230.296499</course><hAcc>0.926412</hAcc><vAcc>0.756742</vAcc></extensions></trkpt>
      <trkpt lon="-82.151158" lat="33.553264"><ele>102.998527</ele><time>2026-03-08T14:15:30Z</time><extensions><speed>1.459723</speed><course>228.028722</course><hAcc>0.922091</hAcc><vAcc>0.756840</vAcc></extensions></trkpt>
      <trkpt lon="-82.151169" lat="33.553255"><ele>103.035759</ele><time>2026-03-08T14:15:31Z</time><extensions><speed>1.281239</speed><course>224.036532</course><hAcc>0.946964</hAcc><vAcc>0.756886</vAcc></extensions></trkpt>
      <trkpt lon="-82.151178" lat="33.553247"><ele>103.071810</ele><time>2026-03-08T14:15:32Z</time><extensions><speed>1.300066</speed><course>224.700463</course><hAcc>0.914015</hAcc><vAcc>0.756940</vAcc></extensions></trkpt>
      <trkpt lon="-82.151189" lat="33.553238"><ele>103.107039</ele><time>2026-03-08T14:15:33Z</time><extensions><speed>1.341146</speed><course>226.443275</course><hAcc>0.909821</hAcc><vAcc>0.757003</vAcc></extensions></trkpt>
      <trkpt lon="-82.151200" lat="33.553230"><ele>103.137432</ele><time>2026-03-08T14:15:34Z</time><extensions><speed>1.490822</speed><course>227.356192</course><hAcc>0.922786</hAcc><vAcc>0.757074</vAcc></extensions></trkpt>
      <trkpt lon="-82.151211" lat="33.553221"><ele>103.164347</ele><time>2026-03-08T14:15:35Z</time><extensions><speed>1.369382</speed><course>231.623489</course><hAcc>0.938542</hAcc><vAcc>0.757150</vAcc></extensions></trkpt>
      <trkpt lon="-82.151223" lat="33.553213"><ele>103.190992</ele><time>2026-03-08T14:15:36Z</time><extensions><speed>1.392907</speed><course>229.218236</course><hAcc>0.928991</hAcc><vAcc>0.757230</vAcc></extensions></trkpt>
      <trkpt lon="-82.151233" lat="33.553205"><ele>103.212501</ele><time>2026-03-08T14:15:37Z</time><extensions><speed>1.195782</speed><course>225.920474</course><hAcc>0.943276</hAcc><vAcc>0.757306</vAcc></extensions></trkpt>
      <trkpt lon="-82.151242" lat="33.553198"><ele>103.220888</ele><time>2026-03-08T14:15:38Z</time><extensions><speed>1.187202</speed><course>224.135708</course><hAcc>0.932935</hAcc><vAcc>0.757371</vAcc></extensions></trkpt>
      <trkpt lon="-82.151252" lat="33.553190"><ele>103.233292</ele><time>2026-03-08T14:15:39Z</time><extensions><speed>1.241054</speed><course>231.049862</course><hAcc>0.936166</hAcc><vAcc>0.757415</vAcc></extensions></trkpt>
      <trkpt lon="-82.151263" lat="33.553184"><ele>103.248183</ele><time>2026-03-08T14:15:40Z</time><extensions><speed>1.225678</speed><course>238.700473</course><hAcc>0.966399</hAcc><vAcc>0.757428</vAcc></extensions></trkpt>
      <trkpt lon="-82.151274" lat="33.553179"><ele>103.258162</ele><time>2026-03-08T14:15:41Z</time><extensions><speed>1.191790</speed><course>240.711404</course><hAcc>0.935114</hAcc><vAcc>0.757402</vAcc></extensions></trkpt>
      <trkpt lon="-82.151285" lat="33.553173"><ele>103.266055</ele><time>2026-03-08T14:15:42Z</time><extensions><speed>1.225355</speed><course>235.031507</course><hAcc>0.931899</hAcc><vAcc>0.757528</vAcc></extensions></trkpt>
      <trkpt lon="-82.151296" lat="33.553165"><ele>103.275159</ele><time>2026-03-08T14:15:43Z</time><extensions><speed>1.397313</speed><course>229.076444</course><hAcc>0.936551</hAcc><vAcc>0.757538</vAcc></extensions></trkpt>
      <trkpt lon="-82.151307" lat="33.553157"><ele>103.280815</ele><time>2026-03-08T14:15:44Z</time><extensions><speed>1.398332</speed><course>224.520460</course><hAcc>0.944952</hAcc><vAcc>0.757693</vAcc></extensions></trkpt>
      <trkpt lon="-82.151318" lat="33.553148"><ele>103.293550</ele><time>2026-03-08T14:15:45Z</time><extensions><speed>1.407083</speed><course>226.381893</course><hAcc>0.932931</hAcc><vAcc>0.757789</vAcc></extensions></trkpt>
      <trkpt lon="-82.151328" lat="33.553140"><ele>103.303805</ele><time>2026-03-08T14:15:46Z</time><extensions><speed>1.191157</speed><course>232.186222</course><hAcc>0.961810</hAcc><vAcc>0.757919</vAcc></extensions></trkpt>
      <trkpt lon="-82.151338" lat="33.553135"><ele>103.318035</ele><time>2026-03-08T14:15:47Z</time><extensions><speed>1.027371</speed><course>237.229818</course><hAcc>0.942667</hAcc><vAcc>0.758080</vAcc></extensions></trkpt>
      <trkpt lon="-82.151347" lat="33.553129"><ele>103.330828</ele><time>2026-03-08T14:15:48Z</time><extensions><speed>1.078861</speed><course>232.037744</course><hAcc>0.949445</hAcc><vAcc>0.758266</vAcc></extensions></trkpt>
      <trkpt lon="-82.151357" lat="33.553122"><ele>103.331935</ele><time>2026-03-08T14:15:49Z</time><extensions><speed>1.208093</speed><course>226.089670</course><hAcc>0.956693</hAcc><vAcc>0.758466</vAcc></extensions></trkpt>
      <trkpt lon="-82.151366" lat="33.553114"><ele>103.331095</ele><time>2026-03-08T14:15:50Z</time><extensions><speed>1.335027</speed><course>223.862853</course><hAcc>0.949649</hAcc><vAcc>0.758659</vAcc></extensions></trkpt>
      <trkpt lon="-82.151377" lat="33.553105"><ele>103.327257</ele><time>2026-03-08T14:15:51Z</time><extensions><speed>1.416965</speed><course>224.201424</course><hAcc>0.941763</hAcc><vAcc>0.758818</vAcc></extensions></trkpt>
      <trkpt lon="-82.151387" lat="33.553097"><ele>103.324262</ele><time>2026-03-08T14:15:52Z</time><extensions><speed>1.258950</speed><course>224.134740</course><hAcc>0.963111</hAcc><vAcc>0.758909</vAcc></extensions></trkpt>
      <trkpt lon="-82.151396" lat="33.553089"><ele>103.322609</ele><time>2026-03-08T14:15:53Z</time><extensions><speed>1.284363</speed><course>227.176994</course><hAcc>0.931217</hAcc><vAcc>0.758907</vAcc></extensions></trkpt>
      <trkpt lon="-82.151406" lat="33.553081"><ele>103.317841</ele><time>2026-03-08T14:15:54Z</time><extensions><speed>1.163813</speed><course>229.572987</course><hAcc>0.952341</hAcc><vAcc>0.758809</vAcc></extensions></trkpt>
      <trkpt lon="-82.151415" lat="33.553075"><ele>103.315955</ele><time>2026-03-08T14:15:55Z</time><extensions><speed>1.024101</speed><course>232.760470</course><hAcc>0.943404</hAcc><vAcc>0.758630</vAcc></extensions></trkpt>
      <trkpt lon="-82.151425" lat="33.553069"><ele>103.319030</ele><time>2026-03-08T14:15:56Z</time><extensions><speed>1.117057</speed><course>232.840860</course><hAcc>0.949681</hAcc><vAcc>0.758396</vAcc></extensions></trkpt>
      <trkpt lon="-82.151435" lat="33.553062"><ele>103.314902</ele><time>2026-03-08T14:15:57Z</time><extensions><speed>1.288319</speed><course>230.082621</course><hAcc>0.953454</hAcc><vAcc>0.758141</vAcc></extensions></trkpt>
      <trkpt lon="-82.151445" lat="33.553055"><ele>103.310442</ele><time>2026-03-08T14:15:58Z</time><extensions><speed>1.305634</speed><course>227.968385</course><hAcc>0.955471</hAcc><vAcc>0.757887</vAcc></extensions></trkpt>
      <trkpt lon="-82.151455" lat="33.553047"><ele>103.306653</ele><time>2026-03-08T14:15:59Z</time><extensions><speed>1.173539</speed><course>228.834287</course><hAcc>0.972593</hAcc><vAcc>0.757651</vAcc></extensions></trkpt>
      <trkpt lon="-82.151465" lat="33.553041"><ele>103.293926</ele><time>2026-03-08T14:16:00Z</time><extensions><speed>1.136146</speed><course>230.260907</course><hAcc>0.953165</hAcc><vAcc>0.757443</vAcc></extensions></trkpt>
      <trkpt lon="-82.151474" lat="33.553034"><ele>103.284889</ele><time>2026-03-08T14:16:01Z</time><extensions><speed>1.143454</speed><course>230.962716</course><hAcc>0.952412</hAcc><vAcc>0.757267</vAcc></extensions></trkpt>
      <trkpt lon="-82.151484" lat="33.553027"><ele>103.288958</ele><time>2026-03-08T14:16:02Z</time><extensions><speed>1.162053</speed><course>228.761460</course><hAcc>0.957623</hAcc><vAcc>0.757124</vAcc></extensions></trkpt>
      <trkpt lon="-82.151493" lat="33.553020"><ele>103.295404</ele><time>2026-03-08T14:16:03Z</time><extensions><speed>1.197223</speed><course>227.456574</course><hAcc>0.958369</hAcc><vAcc>0.757012</vAcc></extensions></trkpt>
      <trkpt lon="-82.151503" lat="33.553013"><ele>103.299546</ele><time>2026-03-08T14:16:04Z</time><extensions><speed>1.272058</speed><course>225.785345</course><hAcc>0.951755</hAcc><vAcc>0.756926</vAcc></extensions></trkpt>
      <trkpt lon="-82.151512" lat="33.553004"><ele>103.305209</ele><time>2026-03-08T14:16:05Z</time><extensions><speed>1.318331</speed><course>221.720506</course><hAcc>0.940485</hAcc><vAcc>0.756863</vAcc></extensions></trkpt>
      <trkpt lon="-82.151522" lat="33.552995"><ele>103.309165</ele><time>2026-03-08T14:16:06Z</time><extensions><speed>1.344099</speed><course>221.549164</course><hAcc>0.935217</hAcc><vAcc>0.756819</vAcc></extensions></trkpt>
      <trkpt lon="-82.151531" lat="33.552987"><ele>103.323165</ele><time>2026-03-08T14:16:07Z</time><extensions><speed>1.209990</speed><course>226.807189</course><hAcc>0.959606</hAcc><vAcc>0.756788</vAcc></extensions></trkpt>
      <trkpt lon="-82.151541" lat="33.552980"><ele>103.333435</ele><time>2026-03-08T14:16:08Z</time><extensions><speed>1.108165</speed><course>234.369228</course><hAcc>0.938068</hAcc><vAcc>0.756768</vAcc></extensions></trkpt>
      <trkpt lon="-82.151551" lat="33.552975"><ele>103.342338</ele><time>2026-03-08T14:16:09Z</time><extensions><speed>1.051164</speed><course>238.352771</course><hAcc>0.944668</hAcc><vAcc>0.756756</vAcc></extensions></trkpt>
      <trkpt lon="-82.151560" lat="33.552970"><ele>103.345745</ele><time>2026-03-08T14:16:10Z</time><extensions><speed>1.084455</speed><course>237.157088</course><hAcc>0.962122</hAcc><vAcc>0.756874</vAcc></extensions></trkpt>
      <trkpt lon="-82.151571" lat="33.552964"><ele>103.340888</ele><time>2026-03-08T14:16:11Z</time><extensions><speed>1.183880</speed><course>234.785323</course><hAcc>0.975028</hAcc><vAcc>0.756928</vAcc></extensions></trkpt>
      <trkpt lon="-82.151581" lat="33.552957"><ele>103.335576</ele><time>2026-03-08T14:16:12Z</time><extensions><speed>1.372776</speed><course>229.215201</course><hAcc>0.978224</hAcc><vAcc>0.756995</vAcc></extensions></trkpt>
      <trkpt lon="-82.151593" lat="33.552948"><ele>103.325308</ele><time>2026-03-08T14:16:13Z</time><extensions><speed>1.446778</speed><course>225.667052</course><hAcc>0.980648</hAcc><vAcc>0.757075</vAcc></extensions></trkpt>
      <trkpt lon="-82.151603" lat="33.552940"><ele>103.303149</ele><time>2026-03-08T14:16:14Z</time><extensions><speed>1.303265</speed><course>223.803981</course><hAcc>1.001234</hAcc><vAcc>0.757232</vAcc></extensions></trkpt>
      <trkpt lon="-82.151612" lat="33.552931"><ele>103.279384</ele><time>2026-03-08T14:16:15Z</time><extensions><speed>1.251392</speed><course>223.396760</course><hAcc>0.981928</hAcc><vAcc>0.757361</vAcc></extensions></trkpt>
      <trkpt lon="-82.151622" lat="33.552923"><ele>103.254308</ele><time>2026-03-08T14:16:16Z</time><extensions><speed>1.204492</speed><course>224.804816</course><hAcc>0.981229</hAcc><vAcc>0.757592</vAcc></extensions></trkpt>
      <trkpt lon="-82.151631" lat="33.552916"><ele>103.232726</ele><time>2026-03-08T14:16:17Z</time><extensions><speed>1.200523</speed><course>225.209952</course><hAcc>0.985264</hAcc><vAcc>0.758639</vAcc></extensions></trkpt>
      <trkpt lon="-82.151640" lat="33.552908"><ele>103.209866</ele><time>2026-03-08T14:16:18Z</time><extensions><speed>1.271892</speed><course>227.006891</course><hAcc>0.986462</hAcc><vAcc>0.759635</vAcc></extensions></trkpt>
      <trkpt lon="-82.151651" lat="33.552900"><ele>103.203711</ele><time>2026-03-08T14:16:19Z</time><extensions><speed>1.369162</speed><course>225.715391</course><hAcc>0.989571</hAcc><vAcc>0.759421</vAcc></extensions></trkpt>
      <trkpt lon="-82.151661" lat="33.552891"><ele>103.205728</ele><time>2026-03-08T14:16:20Z</time><extensions><speed>1.277709</speed><course>225.233582</course><hAcc>1.003705</hAcc><vAcc>0.758676</vAcc></extensions></trkpt>
      <trkpt lon="-82.151671" lat="33.552884"><ele>103.218806</ele><time>2026-03-08T14:16:21Z</time><extensions><speed>1.244046</speed><course>230.511844</course><hAcc>0.992890</hAcc><vAcc>0.757956</vAcc></extensions></trkpt>
      <trkpt lon="-82.151681" lat="33.552877"><ele>103.242441</ele><time>2026-03-08T14:16:22Z</time><extensions><speed>1.244240</speed><course>233.939554</course><hAcc>1.006887</hAcc><vAcc>0.757120</vAcc></extensions></trkpt>
      <trkpt lon="-82.151692" lat="33.552870"><ele>103.279583</ele><time>2026-03-08T14:16:23Z</time><extensions><speed>1.156449</speed><course>234.033775</course><hAcc>1.014779</hAcc><vAcc>0.755967</vAcc></extensions></trkpt>
      <trkpt lon="-82.151702" lat="33.552864"><ele>103.330009</ele><time>2026-03-08T14:16:24Z</time><extensions><speed>1.086208</speed><course>232.155075</course><hAcc>0.989847</hAcc><vAcc>0.754512</vAcc></extensions></trkpt>
      <trkpt lon="-82.151711" lat="33.552858"><ele>103.391993</ele><time>2026-03-08T14:16:25Z</time><extensions><speed>1.277440</speed><course>229.427748</course><hAcc>0.978724</hAcc><vAcc>0.752565</vAcc></extensions></trkpt>
      <trkpt lon="-82.151722" lat="33.552849"><ele>103.461087</ele><time>2026-03-08T14:16:26Z</time><extensions><speed>1.413854</speed><course>226.367472</course><hAcc>0.950975</hAcc><vAcc>0.749821</vAcc></extensions></trkpt>
      <trkpt lon="-82.151732" lat="33.552841"><ele>103.537617</ele><time>2026-03-08T14:16:27Z</time><extensions><speed>1.243189</speed><course>222.239553</course><hAcc>0.970245</hAcc><vAcc>0.745813</vAcc></extensions></trkpt>
      <trkpt lon="-82.151737" lat="33.552836"><ele>103.582597</ele><time>2026-03-08T14:16:27Z</time><extensions><speed>1.223681</speed><course>221.964115</course><hAcc>0.973192</hAcc><vAcc>0.741744</vAcc></extensions></trkpt>
      <trkpt lon="-82.151741" lat="33.552833"><ele>103.612966</ele><time>2026-03-08T14:16:28Z</time><extensions><speed>1.199805</speed><course>222.303617</course><hAcc>0.969094</hAcc><vAcc>0.740097</vAcc></extensions></trkpt>
      <trkpt lon="-82.151749" lat="33.552826"><ele>103.691591</ele><time>2026-03-08T14:16:29Z</time><extensions><speed>1.005103</speed><course>224.755740</course><hAcc>0.974167</hAcc><vAcc>0.744300</vAcc></extensions></trkpt>
      <trkpt lon="-82.151755" lat="33.552821"><ele>103.773187</ele><time>2026-03-08T14:16:30Z</time><extensions><speed>0.526359</speed><course>224.914490</course><hAcc>1.035232</hAcc><vAcc>0.747181</vAcc></extensions></trkpt>
      <trkpt lon="-82.151757" lat="33.552818"><ele>103.851761</ele><time>2026-03-08T14:16:31Z</time><extensions><speed>0.180366</speed><course>213.435743</course><hAcc>1.103916</hAcc><vAcc>0.749197</vAcc></extensions></trkpt>
      <trkpt lon="-82.151757" lat="33.552818"><ele>103.924905</ele><time>2026-03-08T14:16:32Z</time><extensions><speed>0.103394</speed><course>98.991159</course><hAcc>1.129240</hAcc><vAcc>0.750650</vAcc></extensions></trkpt>
      <trkpt lon="-82.151756" lat="33.552817"><ele>103.992969</ele><time>2026-03-08T14:16:33Z</time><extensions><speed>0.164691</speed><course>86.255811</course><hAcc>1.149261</hAcc><vAcc>0.751744</vAcc></extensions></trkpt>
      <trkpt lon="-82.151754" lat="33.552818"><ele>104.054746</ele><time>2026-03-08T14:16:34Z</time><extensions><speed>0.168929</speed><course>87.826256</course><hAcc>1.164133</hAcc><vAcc>0.752605</vAcc></extensions></trkpt>
      <trkpt lon="-82.151753" lat="33.552818"><ele>104.108586</ele><time>2026-03-08T14:16:35Z</time><extensions><speed>0.137499</speed><course>89.680675</course><hAcc>1.171682</hAcc><vAcc>0.753312</vAcc></extensions></trkpt>
      <trkpt lon="-82.151751" lat="33.552818"><ele>104.153205</ele><time>2026-03-08T14:16:36Z</time><extensions><speed>0.100232</speed><course>80.968383</course><hAcc>1.173222</hAcc><vAcc>0.753909</vAcc></extensions></trkpt>
      <trkpt lon="-82.151750" lat="33.552818"><ele>104.190047</ele><time>2026-03-08T14:16:37Z</time><extensions><speed>0.061123</speed><course>57.997608</course><hAcc>1.168130</hAcc><vAcc>0.754419</vAcc></extensions></trkpt>
      <trkpt lon="-82.151750" lat="33.552818"><ele>104.219338</ele><time>2026-03-08T14:16:38Z</time><extensions><speed>0.043864</speed><course>5.983416</course><hAcc>1.159861</hAcc><vAcc>0.754857</vAcc></extensions></trkpt>
      <trkpt lon="-82.151750" lat="33.552819"><ele>104.244005</ele><time>2026-03-08T14:16:39Z</time><extensions><speed>0.057327</speed><course>340.109189</course><hAcc>1.156308</hAcc><vAcc>0.755231</vAcc></extensions></trkpt>
      <trkpt lon="-82.151751" lat="33.552819"><ele>104.262649</ele><time>2026-03-08T14:16:40Z</time><extensions><speed>0.059552</speed><course>330.346415</course><hAcc>1.160688</hAcc><vAcc>0.755547</vAcc></extensions></trkpt>
      <trkpt lon="-82.151751" lat="33.552820"><ele>104.275890</ele><time>2026-03-08T14:16:41Z</time><extensions><speed>0.058913</speed><course>314.381305</course><hAcc>1.153933</hAcc><vAcc>0.755810</vAcc></extensions></trkpt>
      <trkpt lon="-82.151751" lat="33.552820"><ele>104.290485</ele><time>2026-03-08T14:16:42Z</time><extensions><speed>0.052575</speed><course>315.387911</course><hAcc>1.153756</hAcc><vAcc>0.756026</vAcc></extensions></trkpt>
      <trkpt lon="-82.151752" lat="33.552820"><ele>104.299827</ele><time>2026-03-08T14:16:43Z</time><extensions><speed>0.047999</speed><course>312.236376</course><hAcc>1.157370</hAcc><vAcc>0.756200</vAcc></extensions></trkpt>
      <trkpt lon="-82.151752" lat="33.552821"><ele>104.307438</ele><time>2026-03-08T14:16:44Z</time><extensions><speed>0.047413</speed><course>307.475677</course><hAcc>1.164183</hAcc><vAcc>0.756337</vAcc></extensions></trkpt>
      <trkpt lon="-82.151753" lat="33.552821"><ele>104.317888</ele><time>2026-03-08T14:16:45Z</time><extensions><speed>0.040669</speed><course>302.289440</course><hAcc>1.174241</hAcc><vAcc>0.756445</vAcc></extensions></trkpt>
      <trkpt lon="-82.151753" lat="33.552821"><ele>104.328476</ele><time>2026-03-08T14:16:46Z</time><extensions><speed>0.035894</speed><course>294.132765</course><hAcc>1.162156</hAcc><vAcc>0.756526</vAcc></extensions></trkpt>
      <trkpt lon="-82.151753" lat="33.552821"><ele>104.339768</ele><time>2026-03-08T14:16:47Z</time><extensions><speed>0.031729</speed><course>281.562008</course><hAcc>1.158766</hAcc><vAcc>0.756587</vAcc></extensions></trkpt>
      <trkpt lon="-82.151754" lat="33.552821"><ele>104.352162</ele><time>2026-03-08T14:16:48Z</time><extensions><speed>0.029400</speed><course>264.277107</course><hAcc>1.160840</hAcc><vAcc>0.756633</vAcc></extensions></trkpt>
      <trkpt lon="-82.151754" lat="33.552821"><ele>104.365851</ele><time>2026-03-08T14:16:49Z</time><extensions><speed>0.025793</speed><course>248.331448</course><hAcc>1.160976</hAcc><vAcc>0.756665</vAcc></extensions></trkpt>
      <trkpt lon="-82.151754" lat="33.552821"><ele>104.380841</ele><time>2026-03-08T14:16:50Z</time><extensions><speed>0.028480</speed><course>233.070661</course><hAcc>1.159022</hAcc><vAcc>0.756688</vAcc></extensions></trkpt>
      <trkpt lon="-82.151754" lat="33.552821"><ele>104.396985</ele><time>2026-03-08T14:16:51Z</time><extensions><speed>0.036651</speed><course>222.910458</course><hAcc>1.156924</hAcc><vAcc>0.756705</vAcc></extensions></trkpt>
      <trkpt lon="-82.151755" lat="33.552820"><ele>104.414000</ele><time>2026-03-08T14:16:52Z</time><extensions><speed>0.043302</speed><course>214.587238</course><hAcc>1.153502</hAcc><vAcc>0.756716</vAcc></extensions></trkpt>
      <trkpt lon="-82.151755" lat="33.552820"><ele>104.431510</ele><time>2026-03-08T14:16:53Z</time><extensions><speed>0.043622</speed><course>208.073495</course><hAcc>1.147347</hAcc><vAcc>0.756723</vAcc></extensions></trkpt>
      <trkpt lon="-82.151755" lat="33.552820"><ele>104.449135</ele><time>2026-03-08T14:16:54Z</time><extensions><speed>0.032989</speed><course>202.240780</course><hAcc>1.144689</hAcc><vAcc>0.756728</vAcc></extensions></trkpt>
      <trkpt lon="-82.151755" lat="33.552819"><ele>104.466479</ele><time>2026-03-08T14:16:55Z</time><extensions><speed>0.022122</speed><course>200.403223</course><hAcc>1.147604</hAcc><vAcc>0.756732</vAcc></extensions></trkpt>
      <trkpt lon="-82.151755" lat="33.552819"><ele>104.472838</ele><time>2026-03-08T14:16:56Z</time><extensions><speed>0.012785</speed><course>198.796064</course><hAcc>1.147894</hAcc><vAcc>0.756734</vAcc></extensions></trkpt>
      <trkpt lon="-82.151755" lat="33.552819"><ele>104.476034</ele><time>2026-03-08T14:16:57Z</time><extensions><speed>0.006653</speed><course>196.866191</course><hAcc>1.149688</hAcc><vAcc>0.756736</vAcc></extensions></trkpt>
      <trkpt lon="-82.151755" lat="33.552819"><ele>104.475841</ele><time>2026-03-08T14:16:58Z</time><extensions><speed>0.003673</speed><course>195.486134</course><hAcc>1.146576</hAcc><vAcc>0.756737</vAcc></extensions></trkpt>
      <trkpt lon="-82.151755" lat="33.552819"><ele>104.466224</ele><time>2026-03-08T14:16:59Z</time><extensions><speed>0.003111</speed><course>202.387979</course><hAcc>1.155038</hAcc><vAcc>0.756738</vAcc></extensions></trkpt>
      <trkpt lon="-82.151755" lat="33.552819"><ele>104.453144</ele><time>2026-03-08T14:17:00Z</time><extensions><speed>0.006667</speed><course>210.105472</course><hAcc>1.163948</hAcc><vAcc>0.756739</vAcc></extensions></trkpt>
      <trkpt lon="-82.151755" lat="33.552819"><ele>104.436030</ele><time>2026-03-08T14:17:01Z</time><extensions><speed>0.016841</speed><course>211.590960</course><hAcc>1.169348</hAcc><vAcc>0.756739</vAcc></extensions></trkpt>
      <trkpt lon="-82.151755" lat="33.552819"><ele>104.404431</ele><time>2026-03-08T14:17:02Z</time><extensions><speed>0.037250</speed><course>211.636131</course><hAcc>1.173031</hAcc><vAcc>0.756740</vAcc></extensions></trkpt>
      <trkpt lon="-82.151756" lat="33.552818"><ele>104.350251</ele><time>2026-03-08T14:17:03Z</time><extensions><speed>0.071675</speed><course>211.518299</course><hAcc>1.175071</hAcc><vAcc>0.756740</vAcc></extensions></trkpt>
      <trkpt lon="-82.151756" lat="33.552818"><ele>104.294150</ele><time>2026-03-08T14:17:04Z</time><extensions><speed>0.118367</speed><course>211.185792</course><hAcc>1.176338</hAcc><vAcc>0.756740</vAcc></extensions></trkpt>
      <trkpt lon="-82.151757" lat="33.552817"><ele>104.244995</ele><time>2026-03-08T14:17:05Z</time><extensions><speed>0.164021</speed><course>210.559873</course><hAcc>1.176970</hAcc><vAcc>0.756741</vAcc></extensions></trkpt>
      <trkpt lon="-82.151758" lat="33.552815"><ele>104.203155</ele><time>2026-03-08T14:17:06Z</time><extensions><speed>0.161166</speed><course>209.199978</course><hAcc>1.176276</hAcc><vAcc>0.756912</vAcc></extensions></trkpt>
      <trkpt lon="-82.151759" lat="33.552814"><ele>104.159869</ele><time>2026-03-08T14:17:07Z</time><extensions><speed>0.116098</speed><course>205.569512</course><hAcc>1.174045</hAcc><vAcc>0.757192</vAcc></extensions></trkpt>
      <trkpt lon="-82.151759" lat="33.552813"><ele>104.116048</ele><time>2026-03-08T14:17:08Z</time><extensions><speed>0.071485</speed><course>197.765091</course><hAcc>1.181431</hAcc><vAcc>0.757541</vAcc></extensions></trkpt>
      <trkpt lon="-82.151759" lat="33.552813"><ele>104.079992</ele><time>2026-03-08T14:17:09Z</time><extensions><speed>0.048546</speed><course>190.526666</course><hAcc>1.187993</hAcc><vAcc>0.757880</vAcc></extensions></trkpt>
      <trkpt lon="-82.151759" lat="33.552812"><ele>104.055720</ele><time>2026-03-08T14:17:10Z</time><extensions><speed>0.060327</speed><course>200.093616</course><hAcc>1.182180</hAcc><vAcc>0.758302</vAcc></extensions></trkpt>
      <trkpt lon="-82.151760" lat="33.552812"><ele>104.043887</ele><time>2026-03-08T14:17:11Z</time><extensions><speed>0.150287</speed><course>215.427679</course><hAcc>1.176472</hAcc><vAcc>0.758731</vAcc></extensions></trkpt>
      <trkpt lon="-82.151762" lat="33.552810"><ele>104.053441</ele><time>2026-03-08T14:17:12Z</time><extensions><speed>0.373630</speed><course>221.812164</course><hAcc>1.164581</hAcc><vAcc>0.759198</vAcc></extensions></trkpt>
      <trkpt lon="-82.151766" lat="33.552806"><ele>104.071627</ele><time>2026-03-08T14:17:13Z</time><extensions><speed>0.701428</speed><course>224.598472</course><hAcc>1.150455</hAcc><vAcc>0.759683</vAcc></extensions></trkpt>
      <trkpt lon="-82.151773" lat="33.552801"><ele>104.099205</ele><time>2026-03-08T14:17:14Z</time><extensions><speed>1.117249</speed><course>225.975900</course><hAcc>1.149450</hAcc><vAcc>0.760155</vAcc></extensions></trkpt>
      <trkpt lon="-82.151783" lat="33.552793"><ele>104.134544</ele><time>2026-03-08T14:17:15Z</time><extensions><speed>1.351448</speed><course>229.219220</course><hAcc>1.144324</hAcc><vAcc>0.760568</vAcc></extensions></trkpt>
      <trkpt lon="-82.151794" lat="33.552785"><ele>104.177220</ele><time>2026-03-08T14:17:16Z</time><extensions><speed>1.331106</speed><course>231.120501</course><hAcc>1.133671</hAcc><vAcc>0.761173</vAcc></extensions></trkpt>
      <trkpt lon="-82.151804" lat="33.552779"><ele>104.223742</ele><time>2026-03-08T14:17:17Z</time><extensions><speed>1.088071</speed><course>232.901915</course><hAcc>1.120091</hAcc><vAcc>0.761749</vAcc></extensions></trkpt>
      <trkpt lon="-82.151813" lat="33.552773"><ele>104.274881</ele><time>2026-03-08T14:17:18Z</time><extensions><speed>0.980230</speed><course>231.490032</course><hAcc>1.100469</hAcc><vAcc>0.761733</vAcc></extensions></trkpt>
      <trkpt lon="-82.151821" lat="33.552767"><ele>104.321153</ele><time>2026-03-08T14:17:19Z</time><extensions><speed>1.057163</speed><course>229.189849</course><hAcc>1.107207</hAcc><vAcc>0.760626</vAcc></extensions></trkpt>
      <trkpt lon="-82.151830" lat="33.552760"><ele>104.363177</ele><time>2026-03-08T14:17:20Z</time><extensions><speed>1.219148</speed><course>227.827922</course><hAcc>1.104284</hAcc><vAcc>0.759183</vAcc></extensions></trkpt>
      <trkpt lon="-82.151840" lat="33.552753"><ele>104.397851</ele><time>2026-03-08T14:17:21Z</time><extensions><speed>1.321261</speed><course>227.248131</course><hAcc>1.097062</hAcc><vAcc>0.757600</vAcc></extensions></trkpt>
      <trkpt lon="-82.151851" lat="33.552745"><ele>104.431075</ele><time>2026-03-08T14:17:22Z</time><extensions><speed>1.257650</speed><course>227.406136</course><hAcc>1.090592</hAcc><vAcc>0.756641</vAcc></extensions></trkpt>
      <trkpt lon="-82.151860" lat="33.552737"><ele>104.458852</ele><time>2026-03-08T14:17:23Z</time><extensions><speed>1.117876</speed><course>228.343079</course><hAcc>1.077950</hAcc><vAcc>0.755506</vAcc></extensions></trkpt>
      <trkpt lon="-82.151869" lat="33.552731"><ele>104.476335</ele><time>2026-03-08T14:17:24Z</time><extensions><speed>1.034183</speed><course>225.294035</course><hAcc>1.062279</hAcc><vAcc>0.754135</vAcc></extensions></trkpt>
      <trkpt lon="-82.151877" lat="33.552724"><ele>104.479589</ele><time>2026-03-08T14:17:25Z</time><extensions><speed>1.034521</speed><course>224.839733</course><hAcc>1.037771</hAcc><vAcc>0.752225</vAcc></extensions></trkpt>
      <trkpt lon="-82.151885" lat="33.552717"><ele>104.496765</ele><time>2026-03-08T14:17:26Z</time><extensions><speed>1.145041</speed><course>226.034887</course><hAcc>1.003819</hAcc><vAcc>0.749804</vAcc></extensions></trkpt>
      <trkpt lon="-82.151894" lat="33.552710"><ele>104.505055</ele><time>2026-03-08T14:17:27Z</time><extensions><speed>1.271437</speed><course>228.147751</course><hAcc>0.975423</hAcc><vAcc>0.747396</vAcc></extensions></trkpt>
      <trkpt lon="-82.151901" lat="33.552705"><ele>104.505152</ele><time>2026-03-08T14:17:27Z</time><extensions><speed>1.314541</speed><course>229.168181</course><hAcc>0.961225</hAcc><vAcc>0.743826</vAcc></extensions></trkpt>
      <trkpt lon="-82.151905" lat="33.552702"><ele>104.513261</ele><time>2026-03-08T14:17:28Z</time><extensions><speed>1.339517</speed><course>229.892619</course><hAcc>0.964407</hAcc><vAcc>0.742068</vAcc></extensions></trkpt>
      <trkpt lon="-82.151916" lat="33.552694"><ele>104.525313</ele><time>2026-03-08T14:17:29Z</time><extensions><speed>1.314448</speed><course>229.448222</course><hAcc>0.977873</hAcc><vAcc>0.747466</vAcc></extensions></trkpt>
      <trkpt lon="-82.151926" lat="33.552687"><ele>104.540277</ele><time>2026-03-08T14:17:30Z</time><extensions><speed>1.189039</speed><course>228.586555</course><hAcc>1.004959</hAcc><vAcc>0.751656</vAcc></extensions></trkpt>
      <trkpt lon="-82.151935" lat="33.552680"><ele>104.562134</ele><time>2026-03-08T14:17:31Z</time><extensions><speed>1.037388</speed><course>227.825005</course><hAcc>1.036058</hAcc><vAcc>0.754861</vAcc></extensions></trkpt>
      <trkpt lon="-82.151944" lat="33.552674"><ele>104.588859</ele><time>2026-03-08T14:17:32Z</time><extensions><speed>1.110420</speed><course>228.522738</course><hAcc>1.031031</hAcc><vAcc>0.757203</vAcc></extensions></trkpt>
      <trkpt lon="-82.151953" lat="33.552667"><ele>104.620995</ele><time>2026-03-08T14:17:33Z</time><extensions><speed>1.261429</speed><course>228.396148</course><hAcc>1.031309</hAcc><vAcc>0.758802</vAcc></extensions></trkpt>
      <trkpt lon="-82.151964" lat="33.552659"><ele>104.657831</ele><time>2026-03-08T14:17:34Z</time><extensions><speed>1.458633</speed><course>228.446862</course><hAcc>1.031728</hAcc><vAcc>0.759797</vAcc></extensions></trkpt>
      <trkpt lon="-82.151976" lat="33.552650"><ele>104.694079</ele><time>2026-03-08T14:17:35Z</time><extensions><speed>1.484922</speed><course>227.550731</course><hAcc>1.036469</hAcc><vAcc>0.760317</vAcc></extensions></trkpt>
      <trkpt lon="-82.151987" lat="33.552641"><ele>104.728282</ele><time>2026-03-08T14:17:36Z</time><extensions><speed>1.312520</speed><course>225.007023</course><hAcc>1.056146</hAcc><vAcc>0.760454</vAcc></extensions></trkpt>
      <trkpt lon="-82.151996" lat="33.552633"><ele>104.677399</ele><time>2026-03-08T14:17:37Z</time><extensions><speed>1.195161</speed><course>224.327770</course><hAcc>1.044778</hAcc><vAcc>0.760287</vAcc></extensions></trkpt>
      <trkpt lon="-82.152005" lat="33.552626"><ele>104.694642</ele><time>2026-03-08T14:17:38Z</time><extensions><speed>1.051511</speed><course>227.254431</course><hAcc>1.054829</hAcc><vAcc>0.759918</vAcc></extensions></trkpt>
      <trkpt lon="-82.152013" lat="33.552620"><ele>104.702372</ele><time>2026-03-08T14:17:39Z</time><extensions><speed>0.950990</speed><course>227.742491</course><hAcc>1.072704</hAcc><vAcc>0.759449</vAcc></extensions></trkpt>
      <trkpt lon="-82.152019" lat="33.552615"><ele>104.701134</ele><time>2026-03-08T14:17:40Z</time><extensions><speed>0.573007</speed><course>224.891385</course><hAcc>1.085229</hAcc><vAcc>0.758953</vAcc></extensions></trkpt>
      <trkpt lon="-82.152022" lat="33.552613"><ele>104.687395</ele><time>2026-03-08T14:17:41Z</time><extensions><speed>0.218689</speed><course>220.460412</course><hAcc>1.110733</hAcc><vAcc>0.758480</vAcc></extensions></trkpt>
      <trkpt lon="-82.152023" lat="33.552612"><ele>104.692958</ele><time>2026-03-08T14:17:42Z</time><extensions><speed>0.050775</speed><course>192.916753</course><hAcc>1.126853</hAcc><vAcc>0.758058</vAcc></extensions></trkpt>
      <trkpt lon="-82.152023" lat="33.552611"><ele>104.701304</ele><time>2026-03-08T14:17:43Z</time><extensions><speed>0.062485</speed><course>134.796959</course><hAcc>1.126204</hAcc><vAcc>0.757703</vAcc></extensions></trkpt>
      <trkpt lon="-82.152022" lat="33.552611"><ele>104.715065</ele><time>2026-03-08T14:17:44Z</time><extensions><speed>0.110732</speed><course>124.424918</course><hAcc>1.089926</hAcc><vAcc>0.757421</vAcc></extensions></trkpt>
      <trkpt lon="-82.152021" lat="33.552610"><ele>104.721875</ele><time>2026-03-08T14:17:45Z</time><extensions><speed>0.144871</speed><course>124.975591</course><hAcc>1.004724</hAcc><vAcc>0.757582</vAcc></extensions></trkpt>
      <trkpt lon="-82.152019" lat="33.552609"><ele>104.733704</ele><time>2026-03-08T14:17:46Z</time><extensions><speed>0.154140</speed><course>124.768097</course><hAcc>0.892185</hAcc><vAcc>0.757953</vAcc></extensions></trkpt>
      <trkpt lon="-82.152019" lat="33.552609"><ele>104.753757</ele><time>2026-03-08T14:17:47Z</time><extensions><speed>0.014421</speed><course>206.720187</course><hAcc>0.940635</hAcc><vAcc>0.758464</vAcc></extensions></trkpt>
      <trkpt lon="-82.152020" lat="33.552609"><ele>104.770552</ele><time>2026-03-08T14:17:48Z</time><extensions><speed>0.146274</speed><course>268.921314</course><hAcc>0.896677</hAcc><vAcc>0.759249</vAcc></extensions></trkpt>
      <trkpt lon="-82.152021" lat="33.552608"><ele>104.800830</ele><time>2026-03-08T14:17:49Z</time><extensions><speed>0.220323</speed><course>251.033158</course><hAcc>1.018247</hAcc><vAcc>0.760810</vAcc></extensions></trkpt>
      <trkpt lon="-82.152024" lat="33.552607"><ele>104.847545</ele><time>2026-03-08T14:17:50Z</time><extensions><speed>0.349054</speed><course>235.680316</course><hAcc>1.126302</hAcc><vAcc>0.762885</vAcc></extensions></trkpt>
      <trkpt lon="-82.152028" lat="33.552604"><ele>104.904731</ele><time>2026-03-08T14:17:51Z</time><extensions><speed>0.632457</speed><course>227.620535</course><hAcc>1.168059</hAcc><vAcc>0.765743</vAcc></extensions></trkpt>
      <trkpt lon="-82.152035" lat="33.552599"><ele>104.968319</ele><time>2026-03-08T14:17:52Z</time><extensions><speed>1.129781</speed><course>224.615332</course><hAcc>1.184622</hAcc><vAcc>0.769044</vAcc></extensions></trkpt>
      <trkpt lon="-82.152043" lat="33.552592"><ele>105.030218</ele><time>2026-03-08T14:17:53Z</time><extensions><speed>1.026527</speed><course>218.104549</course><hAcc>1.179498</hAcc><vAcc>0.772290</vAcc></extensions></trkpt>
      <trkpt lon="-82.152050" lat="33.552585"><ele>105.094487</ele><time>2026-03-08T14:17:54Z</time><extensions><speed>1.020148</speed><course>223.740567</course><hAcc>1.159268</hAcc><vAcc>0.775291</vAcc></extensions></trkpt>
      <trkpt lon="-82.152058" lat="33.552578"><ele>105.153306</ele><time>2026-03-08T14:17:55Z</time><extensions><speed>1.156442</speed><course>224.009650</course><hAcc>1.141255</hAcc><vAcc>0.778377</vAcc></extensions></trkpt>
      <trkpt lon="-82.152067" lat="33.552570"><ele>105.207250</ele><time>2026-03-08T14:17:56Z</time><extensions><speed>1.183046</speed><course>224.555307</course><hAcc>1.133883</hAcc><vAcc>0.781188</vAcc></extensions></trkpt>
      <trkpt lon="-82.152076" lat="33.552562"><ele>105.260995</ele><time>2026-03-08T14:17:57Z</time><extensions><speed>1.183814</speed><course>225.105374</course><hAcc>1.133147</hAcc><vAcc>0.783601</vAcc></extensions></trkpt>
      <trkpt lon="-82.152086" lat="33.552555"><ele>105.311592</ele><time>2026-03-08T14:17:58Z</time><extensions><speed>1.279350</speed><course>230.370362</course><hAcc>1.137998</hAcc><vAcc>0.785430</vAcc></extensions></trkpt>
      <trkpt lon="-82.152096" lat="33.552549"><ele>105.357492</ele><time>2026-03-08T14:17:59Z</time><extensions><speed>1.138180</speed><course>240.028425</course><hAcc>1.148738</hAcc><vAcc>0.786478</vAcc></extensions></trkpt>
      <trkpt lon="-82.152105" lat="33.552545"><ele>105.399745</ele><time>2026-03-08T14:18:00Z</time><extensions><speed>0.821843</speed><course>243.225888</course><hAcc>1.158760</hAcc><vAcc>0.786569</vAcc></extensions></trkpt>
      <trkpt lon="-82.152112" lat="33.552542"><ele>105.436528</ele><time>2026-03-08T14:18:01Z</time><extensions><speed>0.440846</speed><course>248.854340</course><hAcc>1.163341</hAcc><vAcc>0.785620</vAcc></extensions></trkpt>
      <trkpt lon="-82.152115" lat="33.552541"><ele>105.464540</ele><time>2026-03-08T14:18:02Z</time><extensions><speed>0.203495</speed><course>253.633249</course><hAcc>1.169714</hAcc><vAcc>0.783683</vAcc></extensions></trkpt>
      <trkpt lon="-82.152116" lat="33.552541"><ele>105.483639</ele><time>2026-03-08T14:18:03Z</time><extensions><speed>0.056350</speed><course>343.085609</course><hAcc>1.164958</hAcc><vAcc>0.780961</vAcc></extensions></trkpt>
      <trkpt lon="-82.152116" lat="33.552542"><ele>105.495122</ele><time>2026-03-08T14:18:04Z</time><extensions><speed>0.057492</speed><course>13.118766</course><hAcc>1.167899</hAcc><vAcc>0.777758</vAcc></extensions></trkpt>
      <trkpt lon="-82.152116" lat="33.552542"><ele>105.499817</ele><time>2026-03-08T14:18:05Z</time><extensions><speed>0.050047</speed><course>34.461728</course><hAcc>1.189315</hAcc><vAcc>0.774393</vAcc></extensions></trkpt>
      <trkpt lon="-82.152116" lat="33.552542"><ele>105.500086</ele><time>2026-03-08T14:18:06Z</time><extensions><speed>0.027646</speed><course>58.044763</course><hAcc>1.174648</hAcc><vAcc>0.771121</vAcc></extensions></trkpt>
      <trkpt lon="-82.152115" lat="33.552542"><ele>105.481003</ele><time>2026-03-08T14:18:07Z</time><extensions><speed>0.018779</speed><course>144.152706</course><hAcc>1.174408</hAcc><vAcc>0.768119</vAcc></extensions></trkpt>
      <trkpt lon="-82.152115" lat="33.552542"><ele>105.444523</ele><time>2026-03-08T14:18:08Z</time><extensions><speed>0.033114</speed><course>179.803017</course><hAcc>1.182724</hAcc><vAcc>0.765493</vAcc></extensions></trkpt>
      <trkpt lon="-82.152115" lat="33.552542"><ele>105.404030</ele><time>2026-03-08T14:18:09Z</time><extensions><speed>0.050152</speed><course>205.969071</course><hAcc>1.185350</hAcc><vAcc>0.763324</vAcc></extensions></trkpt>
      <trkpt lon="-82.152116" lat="33.552541"><ele>105.357018</ele><time>2026-03-08T14:18:10Z</time><extensions><speed>0.051379</speed><course>223.517235</course><hAcc>1.182520</hAcc><vAcc>0.761671</vAcc></extensions></trkpt>
      <trkpt lon="-82.152116" lat="33.552541"><ele>105.294664</ele><time>2026-03-08T14:18:11Z</time><extensions><speed>0.050196</speed><course>239.568898</course><hAcc>1.179159</hAcc><vAcc>0.760422</vAcc></extensions></trkpt>
      <trkpt lon="-82.152117" lat="33.552541"><ele>105.223162</ele><time>2026-03-08T14:18:12Z</time><extensions><speed>0.065182</speed><course>241.001308</course><hAcc>1.176198</hAcc><vAcc>0.759486</vAcc></extensions></trkpt>
      <trkpt lon="-82.152117" lat="33.552540"><ele>105.143189</ele><time>2026-03-08T14:18:13Z</time><extensions><speed>0.096219</speed><course>233.911967</course><hAcc>1.179320</hAcc><vAcc>0.758853</vAcc></extensions></trkpt>
      <trkpt lon="-82.152118" lat="33.552540"><ele>105.054328</ele><time>2026-03-08T14:18:14Z</time><extensions><speed>0.148540</speed><course>228.899787</course><hAcc>1.187709</hAcc><vAcc>0.758465</vAcc></extensions></trkpt>
      <trkpt lon="-82.152120" lat="33.552538"><ele>104.954409</ele><time>2026-03-08T14:18:15Z</time><extensions><speed>0.288957</speed><course>228.131329</course><hAcc>1.188540</hAcc><vAcc>0.758280</vAcc></extensions></trkpt>
      <trkpt lon="-82.152123" lat="33.552536"><ele>104.841725</ele><time>2026-03-08T14:18:16Z</time><extensions><speed>0.529673</speed><course>228.485449</course><hAcc>1.171007</hAcc><vAcc>0.758223</vAcc></extensions></trkpt>
      <trkpt lon="-82.152129" lat="33.552532"><ele>104.724209</ele><time>2026-03-08T14:18:17Z</time><extensions><speed>0.835009</speed><course>228.156569</course><hAcc>1.144942</hAcc><vAcc>0.758255</vAcc></extensions></trkpt>
      <trkpt lon="-82.152137" lat="33.552526"><ele>104.605962</ele><time>2026-03-08T14:18:18Z</time><extensions><speed>1.089000</speed><course>227.532316</course><hAcc>1.143913</hAcc><vAcc>0.758328</vAcc></extensions></trkpt>
      <trkpt lon="-82.152146" lat="33.552519"><ele>104.498269</ele><time>2026-03-08T14:18:19Z</time><extensions><speed>1.262969</speed><course>230.101397</course><hAcc>1.122079</hAcc><vAcc>0.758398</vAcc></extensions></trkpt>
      <trkpt lon="-82.152157" lat="33.552511"><ele>104.399766</ele><time>2026-03-08T14:18:20Z</time><extensions><speed>1.368917</speed><course>229.315261</course><hAcc>1.100036</hAcc><vAcc>0.758425</vAcc></extensions></trkpt>
      <trkpt lon="-82.152168" lat="33.552503"><ele>104.306945</ele><time>2026-03-08T14:18:21Z</time><extensions><speed>1.405002</speed><course>227.102112</course><hAcc>1.085572</hAcc><vAcc>0.758384</vAcc></extensions></trkpt>
      <trkpt lon="-82.152179" lat="33.552495"><ele>104.215503</ele><time>2026-03-08T14:18:22Z</time><extensions><speed>1.356853</speed><course>226.517813</course><hAcc>1.075827</hAcc><vAcc>0.758760</vAcc></extensions></trkpt>
      <trkpt lon="-82.152189" lat="33.552487"><ele>104.126479</ele><time>2026-03-08T14:18:23Z</time><extensions><speed>1.248230</speed><course>228.377557</course><hAcc>1.068878</hAcc><vAcc>0.759521</vAcc></extensions></trkpt>
      <trkpt lon="-82.152199" lat="33.552480"><ele>104.042053</ele><time>2026-03-08T14:18:24Z</time><extensions><speed>1.133103</speed><course>232.578338</course><hAcc>1.063429</hAcc><vAcc>0.760614</vAcc></extensions></trkpt>
      <trkpt lon="-82.152209" lat="33.552474"><ele>103.959384</ele><time>2026-03-08T14:18:25Z</time><extensions><speed>1.112588</speed><course>233.507801</course><hAcc>1.056762</hAcc><vAcc>0.761910</vAcc></extensions></trkpt>
      <trkpt lon="-82.152218" lat="33.552468"><ele>103.871410</ele><time>2026-03-08T14:18:26Z</time><extensions><speed>1.127969</speed><course>230.767286</course><hAcc>1.053484</hAcc><vAcc>0.763296</vAcc></extensions></trkpt>
      <trkpt lon="-82.152228" lat="33.552461"><ele>103.791853</ele><time>2026-03-08T14:18:27Z</time><extensions><speed>1.189002</speed><course>226.917443</course><hAcc>1.048253</hAcc><vAcc>0.764693</vAcc></extensions></trkpt>
      <trkpt lon="-82.152238" lat="33.552453"><ele>103.720285</ele><time>2026-03-08T14:18:28Z</time><extensions><speed>1.330265</speed><course>226.056469</course><hAcc>1.043402</hAcc><vAcc>0.766264</vAcc></extensions></trkpt>
      <trkpt lon="-82.152248" lat="33.552445"><ele>103.646161</ele><time>2026-03-08T14:18:29Z</time><extensions><speed>1.340659</speed><course>226.749370</course><hAcc>1.040621</hAcc><vAcc>0.767948</vAcc></extensions></trkpt>
      <trkpt lon="-82.152258" lat="33.552436"><ele>103.569871</ele><time>2026-03-08T14:18:30Z</time><extensions><speed>1.332631</speed><course>225.853368</course><hAcc>1.039124</hAcc><vAcc>0.769641</vAcc></extensions></trkpt>
      <trkpt lon="-82.152268" lat="33.552428"><ele>103.493439</ele><time>2026-03-08T14:18:31Z</time><extensions><speed>1.211600</speed><course>222.462461</course><hAcc>1.038556</hAcc><vAcc>0.771187</vAcc></extensions></trkpt>
      <trkpt lon="-82.152276" lat="33.552420"><ele>103.411024</ele><time>2026-03-08T14:18:32Z</time><extensions><speed>1.097392</speed><course>220.249316</course><hAcc>1.038733</hAcc><vAcc>0.772434</vAcc></extensions></trkpt>
      <trkpt lon="-82.152284" lat="33.552413"><ele>103.334608</ele><time>2026-03-08T14:18:33Z</time><extensions><speed>1.023694</speed><course>220.673868</course><hAcc>1.040347</hAcc><vAcc>0.773331</vAcc></extensions></trkpt>
      <trkpt lon="-82.152291" lat="33.552406"><ele>103.258263</ele><time>2026-03-08T14:18:34Z</time><extensions><speed>1.039975</speed><course>217.730134</course><hAcc>1.034447</hAcc><vAcc>0.773382</vAcc></extensions></trkpt>
      <trkpt lon="-82.152297" lat="33.552398"><ele>103.190210</ele><time>2026-03-08T14:18:35Z</time><extensions><speed>1.158052</speed><course>212.799061</course><hAcc>1.029409</hAcc><vAcc>0.773402</vAcc></extensions></trkpt>
      <trkpt lon="-82.152305" lat="33.552388"><ele>103.123507</ele><time>2026-03-08T14:18:36Z</time><extensions><speed>1.488566</speed><course>213.993416</course><hAcc>1.026155</hAcc><vAcc>0.772727</vAcc></extensions></trkpt>
      <trkpt lon="-82.152315" lat="33.552377"><ele>103.058462</ele><time>2026-03-08T14:18:37Z</time><extensions><speed>1.597111</speed><course>219.611867</course><hAcc>1.022999</hAcc><vAcc>0.771654</vAcc></extensions></trkpt>
      <trkpt lon="-82.152327" lat="33.552367"><ele>102.996926</ele><time>2026-03-08T14:18:38Z</time><extensions><speed>1.461674</speed><course>228.780738</course><hAcc>1.020518</hAcc><vAcc>0.770481</vAcc></extensions></trkpt>
      <trkpt lon="-82.152339" lat="33.552359"><ele>102.934155</ele><time>2026-03-08T14:18:39Z</time><extensions><speed>1.351187</speed><course>238.312545</course><hAcc>1.019090</hAcc><vAcc>0.769445</vAcc></extensions></trkpt>
      <trkpt lon="-82.152351" lat="33.552353"><ele>102.879943</ele><time>2026-03-08T14:18:40Z</time><extensions><speed>1.284031</speed><course>241.550456</course><hAcc>1.018851</hAcc><vAcc>0.769009</vAcc></extensions></trkpt>
      <trkpt lon="-82.152363" lat="33.552348"><ele>102.832624</ele><time>2026-03-08T14:18:41Z</time><extensions><speed>1.241486</speed><course>240.897850</course><hAcc>1.020744</hAcc><vAcc>0.768784</vAcc></extensions></trkpt>
      <trkpt lon="-82.152374" lat="33.552342"><ele>102.793500</ele><time>2026-03-08T14:18:42Z</time><extensions><speed>1.273637</speed><course>234.476231</course><hAcc>1.022739</hAcc><vAcc>0.769999</vAcc></extensions></trkpt>
      <trkpt lon="-82.152385" lat="33.552334"><ele>102.765086</ele><time>2026-03-08T14:18:43Z</time><extensions><speed>1.372616</speed><course>227.404383</course><hAcc>1.020004</hAcc><vAcc>0.770904</vAcc></extensions></trkpt>
      <trkpt lon="-82.152397" lat="33.552325"><ele>102.751731</ele><time>2026-03-08T14:18:44Z</time><extensions><speed>1.514168</speed><course>224.392369</course><hAcc>1.018854</hAcc><vAcc>0.773041</vAcc></extensions></trkpt>
      <trkpt lon="-82.152407" lat="33.552316"><ele>102.756973</ele><time>2026-03-08T14:18:45Z</time><extensions><speed>1.358014</speed><course>224.421379</course><hAcc>1.043061</hAcc><vAcc>0.774963</vAcc></extensions></trkpt>
      <trkpt lon="-82.152418" lat="33.552307"><ele>102.767680</ele><time>2026-03-08T14:18:46Z</time><extensions><speed>1.374688</speed><course>225.639146</course><hAcc>1.030576</hAcc><vAcc>0.777570</vAcc></extensions></trkpt>
      <trkpt lon="-82.152428" lat="33.552299"><ele>102.788510</ele><time>2026-03-08T14:18:47Z</time><extensions><speed>1.336413</speed><course>226.092049</course><hAcc>1.033983</hAcc><vAcc>0.779567</vAcc></extensions></trkpt>
      <trkpt lon="-82.152439" lat="33.552290"><ele>102.815888</ele><time>2026-03-08T14:18:48Z</time><extensions><speed>1.319134</speed><course>226.124242</course><hAcc>1.043828</hAcc><vAcc>0.781572</vAcc></extensions></trkpt>
      <trkpt lon="-82.152449" lat="33.552282"><ele>102.840518</ele><time>2026-03-08T14:18:49Z</time><extensions><speed>1.247741</speed><course>227.620947</course><hAcc>1.046911</hAcc><vAcc>0.783580</vAcc></extensions></trkpt>
      <trkpt lon="-82.152458" lat="33.552274"><ele>102.870243</ele><time>2026-03-08T14:18:50Z</time><extensions><speed>1.298551</speed><course>223.049068</course><hAcc>1.040058</hAcc><vAcc>0.785418</vAcc></extensions></trkpt>
      <trkpt lon="-82.152468" lat="33.552265"><ele>102.907281</ele><time>2026-03-08T14:18:51Z</time><extensions><speed>1.502641</speed><course>220.960305</course><hAcc>1.036076</hAcc><vAcc>0.786946</vAcc></extensions></trkpt>
      <trkpt lon="-82.152479" lat="33.552255"><ele>102.947384</ele><time>2026-03-08T14:18:52Z</time><extensions><speed>1.410845</speed><course>221.972241</course><hAcc>1.046506</hAcc><vAcc>0.788448</vAcc></extensions></trkpt>
      <trkpt lon="-82.152489" lat="33.552245"><ele>102.983961</ele><time>2026-03-08T14:18:53Z</time><extensions><speed>1.475391</speed><course>222.606146</course><hAcc>1.022292</hAcc><vAcc>0.788837</vAcc></extensions></trkpt>
      <trkpt lon="-82.152500" lat="33.552236"><ele>103.012812</ele><time>2026-03-08T14:18:54Z</time><extensions><speed>1.377498</speed><course>226.018542</course><hAcc>1.025557</hAcc><vAcc>0.788513</vAcc></extensions></trkpt>
      <trkpt lon="-82.152511" lat="33.552228"><ele>103.041943</ele><time>2026-03-08T14:18:55Z</time><extensions><speed>1.336850</speed><course>230.270093</course><hAcc>1.019884</hAcc><vAcc>0.787661</vAcc></extensions></trkpt>
      <trkpt lon="-82.152522" lat="33.552221"><ele>103.077878</ele><time>2026-03-08T14:18:56Z</time><extensions><speed>1.226745</speed><course>234.031647</course><hAcc>1.040080</hAcc><vAcc>0.786100</vAcc></extensions></trkpt>
      <trkpt lon="-82.152532" lat="33.552215"><ele>103.112556</ele><time>2026-03-08T14:18:57Z</time><extensions><speed>1.123681</speed><course>236.368513</course><hAcc>1.026104</hAcc><vAcc>0.783975</vAcc></extensions></trkpt>
      <trkpt lon="-82.152542" lat="33.552209"><ele>103.137837</ele><time>2026-03-08T14:18:58Z</time><extensions><speed>1.148679</speed><course>236.135697</course><hAcc>1.027561</hAcc><vAcc>0.781959</vAcc></extensions></trkpt>
      <trkpt lon="-82.152553" lat="33.552203"><ele>103.156041</ele><time>2026-03-08T14:18:59Z</time><extensions><speed>1.243734</speed><course>236.781596</course><hAcc>1.029941</hAcc><vAcc>0.780169</vAcc></extensions></trkpt>
      <trkpt lon="-82.152565" lat="33.552197"><ele>103.167315</ele><time>2026-03-08T14:19:00Z</time><extensions><speed>1.329833</speed><course>237.193763</course><hAcc>1.026289</hAcc><vAcc>0.778472</vAcc></extensions></trkpt>
      <trkpt lon="-82.152577" lat="33.552190"><ele>103.171614</ele><time>2026-03-08T14:19:01Z</time><extensions><speed>1.403263</speed><course>237.839740</course><hAcc>1.025445</hAcc><vAcc>0.777772</vAcc></extensions></trkpt>
      <trkpt lon="-82.152590" lat="33.552184"><ele>103.171647</ele><time>2026-03-08T14:19:02Z</time><extensions><speed>1.344371</speed><course>238.660027</course><hAcc>1.036378</hAcc><vAcc>0.777379</vAcc></extensions></trkpt>
      <trkpt lon="-82.152602" lat="33.552178"><ele>103.164153</ele><time>2026-03-08T14:19:03Z</time><extensions><speed>1.232514</speed><course>240.540491</course><hAcc>1.021697</hAcc><vAcc>0.776877</vAcc></extensions></trkpt>
      <trkpt lon="-82.152613" lat="33.552173"><ele>103.161183</ele><time>2026-03-08T14:19:04Z</time><extensions><speed>1.145873</speed><course>239.250040</course><hAcc>1.018145</hAcc><vAcc>0.776460</vAcc></extensions></trkpt>
      <trkpt lon="-82.152623" lat="33.552167"><ele>103.165277</ele><time>2026-03-08T14:19:05Z</time><extensions><speed>1.145502</speed><course>234.267868</course><hAcc>1.020855</hAcc><vAcc>0.775997</vAcc></extensions></trkpt>
      <trkpt lon="-82.152633" lat="33.552160"><ele>103.167861</ele><time>2026-03-08T14:19:06Z</time><extensions><speed>1.174585</speed><course>229.730507</course><hAcc>1.022662</hAcc><vAcc>0.775888</vAcc></extensions></trkpt>
      <trkpt lon="-82.152643" lat="33.552153"><ele>103.177794</ele><time>2026-03-08T14:19:07Z</time><extensions><speed>1.350958</speed><course>229.121877</course><hAcc>1.023346</hAcc><vAcc>0.775516</vAcc></extensions></trkpt>
      <trkpt lon="-82.152654" lat="33.552145"><ele>103.189638</ele><time>2026-03-08T14:19:08Z</time><extensions><speed>1.380871</speed><course>231.169594</course><hAcc>1.022043</hAcc><vAcc>0.775126</vAcc></extensions></trkpt>
      <trkpt lon="-82.152666" lat="33.552137"><ele>103.208095</ele><time>2026-03-08T14:19:09Z</time><extensions><speed>1.396166</speed><course>232.343776</course><hAcc>1.016231</hAcc><vAcc>0.774762</vAcc></extensions></trkpt>
      <trkpt lon="-82.152678" lat="33.552130"><ele>103.253493</ele><time>2026-03-08T14:19:10Z</time><extensions><speed>1.344468</speed><course>234.279426</course><hAcc>1.013844</hAcc><vAcc>0.774221</vAcc></extensions></trkpt>
      <trkpt lon="-82.152690" lat="33.552123"><ele>103.306038</ele><time>2026-03-08T14:19:11Z</time><extensions><speed>1.232721</speed><course>237.684183</course><hAcc>1.034662</hAcc><vAcc>0.773480</vAcc></extensions></trkpt>
      <trkpt lon="-82.152701" lat="33.552118"><ele>103.362793</ele><time>2026-03-08T14:19:12Z</time><extensions><speed>1.197111</speed><course>238.068512</course><hAcc>1.014855</hAcc><vAcc>0.772470</vAcc></extensions></trkpt>
      <trkpt lon="-82.152711" lat="33.552112"><ele>103.433329</ele><time>2026-03-08T14:19:13Z</time><extensions><speed>1.227176</speed><course>234.608786</course><hAcc>1.013480</hAcc><vAcc>0.771197</vAcc></extensions></trkpt>
      <trkpt lon="-82.152723" lat="33.552104"><ele>103.523172</ele><time>2026-03-08T14:19:14Z</time><extensions><speed>1.398632</speed><course>230.408942</course><hAcc>1.017975</hAcc><vAcc>0.769743</vAcc></extensions></trkpt>
      <trkpt lon="-82.152734" lat="33.552096"><ele>103.621690</ele><time>2026-03-08T14:19:15Z</time><extensions><speed>1.470134</speed><course>226.966446</course><hAcc>1.022790</hAcc><vAcc>0.768200</vAcc></extensions></trkpt>
      <trkpt lon="-82.152745" lat="33.552087"><ele>103.731019</ele><time>2026-03-08T14:19:16Z</time><extensions><speed>1.372699</speed><course>225.680518</course><hAcc>1.035059</hAcc><vAcc>0.766631</vAcc></extensions></trkpt>
      <trkpt lon="-82.152755" lat="33.552079"><ele>103.850740</ele><time>2026-03-08T14:19:17Z</time><extensions><speed>1.230707</speed><course>225.477659</course><hAcc>1.026160</hAcc><vAcc>0.765088</vAcc></extensions></trkpt>
      <trkpt lon="-82.152764" lat="33.552072"><ele>103.980964</ele><time>2026-03-08T14:19:18Z</time><extensions><speed>0.966859</speed><course>228.788448</course><hAcc>1.028916</hAcc><vAcc>0.763628</vAcc></extensions></trkpt>
      <trkpt lon="-82.152772" lat="33.552067"><ele>104.118301</ele><time>2026-03-08T14:19:19Z</time><extensions><speed>0.882451</speed><course>236.824145</course><hAcc>1.040839</hAcc><vAcc>0.762663</vAcc></extensions></trkpt>
      <trkpt lon="-82.152780" lat="33.552063"><ele>104.263195</ele><time>2026-03-08T14:19:20Z</time><extensions><speed>0.830112</speed><course>245.501889</course><hAcc>1.060983</hAcc><vAcc>0.761698</vAcc></extensions></trkpt>
      <trkpt lon="-82.152787" lat="33.552061"><ele>104.415132</ele><time>2026-03-08T14:19:21Z</time><extensions><speed>0.500663</speed><course>256.495378</course><hAcc>1.080465</hAcc><vAcc>0.761029</vAcc></extensions></trkpt>
      <trkpt lon="-82.152790" lat="33.552061"><ele>104.564254</ele><time>2026-03-08T14:19:22Z</time><extensions><speed>0.113972</speed><course>269.002494</course><hAcc>1.091758</hAcc><vAcc>0.760686</vAcc></extensions></trkpt>
      <trkpt lon="-82.152790" lat="33.552061"><ele>104.710440</ele><time>2026-03-08T14:19:23Z</time><extensions><speed>0.057718</speed><course>70.021945</course><hAcc>1.121055</hAcc><vAcc>0.760559</vAcc></extensions></trkpt>
      <trkpt lon="-82.152789" lat="33.552061"><ele>104.849981</ele><time>2026-03-08T14:19:24Z</time><extensions><speed>0.075030</speed><course>85.751248</course><hAcc>1.152800</hAcc><vAcc>0.760933</vAcc></extensions></trkpt>
      <trkpt lon="-82.152789" lat="33.552061"><ele>104.986100</ele><time>2026-03-08T14:19:25Z</time><extensions><speed>0.056096</speed><course>95.410541</course><hAcc>1.175272</hAcc><vAcc>0.761760</vAcc></extensions></trkpt>
      <trkpt lon="-82.152788" lat="33.552061"><ele>105.114752</ele><time>2026-03-08T14:19:26Z</time><extensions><speed>0.026628</speed><course>126.428583</course><hAcc>1.189458</hAcc><vAcc>0.763277</vAcc></extensions></trkpt>
      <trkpt lon="-82.152788" lat="33.552061"><ele>105.231800</ele><time>2026-03-08T14:19:27Z</time><extensions><speed>0.029839</speed><course>188.570760</course><hAcc>1.204945</hAcc><vAcc>0.765632</vAcc></extensions></trkpt>
      <trkpt lon="-82.152788" lat="33.552060"><ele>105.328906</ele><time>2026-03-08T14:19:28Z</time><extensions><speed>0.049956</speed><course>199.250556</course><hAcc>1.231024</hAcc><vAcc>0.767891</vAcc></extensions></trkpt>
      <trkpt lon="-82.152789" lat="33.552060"><ele>105.402813</ele><time>2026-03-08T14:19:29Z</time><extensions><speed>0.075639</speed><course>201.941163</course><hAcc>1.263728</hAcc><vAcc>0.770265</vAcc></extensions></trkpt>
      <trkpt lon="-82.152789" lat="33.552059"><ele>105.460278</ele><time>2026-03-08T14:19:30Z</time><extensions><speed>0.155361</speed><course>213.193295</course><hAcc>1.265773</hAcc><vAcc>0.772670</vAcc></extensions></trkpt>
      <trkpt lon="-82.152791" lat="33.552057"><ele>105.496955</ele><time>2026-03-08T14:19:31Z</time><extensions><speed>0.296542</speed><course>221.566399</course><hAcc>1.263036</hAcc><vAcc>0.775069</vAcc></extensions></trkpt>
      <trkpt lon="-82.152794" lat="33.552054"><ele>105.518644</ele><time>2026-03-08T14:19:32Z</time><extensions><speed>0.561562</speed><course>227.618885</course><hAcc>1.257318</hAcc><vAcc>0.777528</vAcc></extensions></trkpt>
      <trkpt lon="-82.152800" lat="33.552050"><ele>105.525246</ele><time>2026-03-08T14:19:33Z</time><extensions><speed>0.951794</speed><course>229.160062</course><hAcc>1.264476</hAcc><vAcc>0.779902</vAcc></extensions></trkpt>
      <trkpt lon="-82.152808" lat="33.552044"><ele>105.514158</ele><time>2026-03-08T14:19:34Z</time><extensions><speed>1.003621</speed><course>228.590507</course><hAcc>1.271425</hAcc><vAcc>0.782042</vAcc></extensions></trkpt>
      <trkpt lon="-82.152816" lat="33.552039"><ele>105.488533</ele><time>2026-03-08T14:19:35Z</time><extensions><speed>0.842063</speed><course>235.650542</course><hAcc>1.271006</hAcc><vAcc>0.783720</vAcc></extensions></trkpt>
      <trkpt lon="-82.152822" lat="33.552036"><ele>105.449733</ele><time>2026-03-08T14:19:36Z</time><extensions><speed>0.510250</speed><course>251.690488</course><hAcc>1.262851</hAcc><vAcc>0.784952</vAcc></extensions></trkpt>
      <trkpt lon="-82.152826" lat="33.552035"><ele>105.398004</ele><time>2026-03-08T14:19:37Z</time><extensions><speed>0.179007</speed><course>273.324004</course><hAcc>1.270672</hAcc><vAcc>0.785507</vAcc></extensions></trkpt>
      <trkpt lon="-82.152827" lat="33.552036"><ele>105.335689</ele><time>2026-03-08T14:19:38Z</time><extensions><speed>0.060576</speed><course>14.855446</course><hAcc>1.284774</hAcc><vAcc>0.785538</vAcc></extensions></trkpt>
      <trkpt lon="-82.152826" lat="33.552036"><ele>105.264988</ele><time>2026-03-08T14:19:39Z</time><extensions><speed>0.090751</speed><course>50.928000</course><hAcc>1.297325</hAcc><vAcc>0.785319</vAcc></extensions></trkpt>
      <trkpt lon="-82.152825" lat="33.552037"><ele>105.186588</ele><time>2026-03-08T14:19:40Z</time><extensions><speed>0.078333</speed><course>60.133177</course><hAcc>1.305563</hAcc><vAcc>0.785217</vAcc></extensions></trkpt>
      <trkpt lon="-82.152825" lat="33.552037"><ele>105.104180</ele><time>2026-03-08T14:19:41Z</time><extensions><speed>0.044229</speed><course>63.144269</course><hAcc>1.311070</hAcc><vAcc>0.785838</vAcc></extensions></trkpt>
      <trkpt lon="-82.152825" lat="33.552037"><ele>105.020122</ele><time>2026-03-08T14:19:42Z</time><extensions><speed>0.015740</speed><course>64.580114</course><hAcc>1.320774</hAcc><vAcc>0.787419</vAcc></extensions></trkpt>
      <trkpt lon="-82.152825" lat="33.552037"><ele>104.929788</ele><time>2026-03-08T14:19:43Z</time><extensions><speed>0.013932</speed><course>279.413097</course><hAcc>1.331346</hAcc><vAcc>0.789986</vAcc></extensions></trkpt>
      <trkpt lon="-82.152825" lat="33.552037"><ele>104.838605</ele><time>2026-03-08T14:19:44Z</time><extensions><speed>0.019111</speed><course>287.114783</course><hAcc>1.342502</hAcc><vAcc>0.792999</vAcc></extensions></trkpt>
      <trkpt lon="-82.152825" lat="33.552037"><ele>104.748811</ele><time>2026-03-08T14:19:45Z</time><extensions><speed>0.030657</speed><course>293.903451</course><hAcc>1.352308</hAcc><vAcc>0.797540</vAcc></extensions></trkpt>
      <trkpt lon="-82.152825" lat="33.552037"><ele>104.660862</ele><time>2026-03-08T14:19:46Z</time><extensions><speed>0.041669</speed><course>302.677016</course><hAcc>1.361179</hAcc><vAcc>0.802395</vAcc></extensions></trkpt>
      <trkpt lon="-82.152826" lat="33.552038"><ele>104.575846</ele><time>2026-03-08T14:19:47Z</time><extensions><speed>0.049679</speed><course>315.884940</course><hAcc>1.370297</hAcc><vAcc>0.807841</vAcc></extensions></trkpt>
      <trkpt lon="-82.152826" lat="33.552038"><ele>104.494436</ele><time>2026-03-08T14:19:48Z</time><extensions><speed>0.053800</speed><course>333.288109</course><hAcc>1.380166</hAcc><vAcc>0.813746</vAcc></extensions></trkpt>
      <trkpt lon="-82.152826" lat="33.552039"><ele>104.413056</ele><time>2026-03-08T14:19:49Z</time><extensions><speed>0.060242</speed><course>336.747849</course><hAcc>1.386753</hAcc><vAcc>0.820058</vAcc></extensions></trkpt>
      <trkpt lon="-82.152827" lat="33.552039"><ele>104.334130</ele><time>2026-03-08T14:19:50Z</time><extensions><speed>0.060560</speed><course>333.375756</course><hAcc>1.397541</hAcc><vAcc>0.826934</vAcc></extensions></trkpt>
      <trkpt lon="-82.152827" lat="33.552039"><ele>104.257298</ele><time>2026-03-08T14:19:51Z</time><extensions><speed>0.046122</speed><course>333.858597</course><hAcc>1.422647</hAcc><vAcc>0.832929</vAcc></extensions></trkpt>
      <trkpt lon="-82.152827" lat="33.552040"><ele>104.180771</ele><time>2026-03-08T14:19:52Z</time><extensions><speed>0.034863</speed><course>333.347189</course><hAcc>1.436037</hAcc><vAcc>0.838243</vAcc></extensions></trkpt>
      <trkpt lon="-82.152827" lat="33.552040"><ele>104.108143</ele><time>2026-03-08T14:19:53Z</time><extensions><speed>0.029071</speed><course>325.330774</course><hAcc>1.439620</hAcc><vAcc>0.842631</vAcc></extensions></trkpt>
      <trkpt lon="-82.152827" lat="33.552040"><ele>104.035057</ele><time>2026-03-08T14:19:54Z</time><extensions><speed>0.024243</speed><course>325.598633</course><hAcc>1.438988</hAcc><vAcc>0.846066</vAcc></extensions></trkpt>
      <trkpt lon="-82.152828" lat="33.552040"><ele>103.964291</ele><time>2026-03-08T14:19:55Z</time><extensions><speed>0.020587</speed><course>319.177863</course><hAcc>1.456436</hAcc><vAcc>0.848478</vAcc></extensions></trkpt>
      <trkpt lon="-82.152828" lat="33.552041"><ele>103.897294</ele><time>2026-03-08T14:19:56Z</time><extensions><speed>0.025034</speed><course>310.237903</course><hAcc>1.454579</hAcc><vAcc>0.850234</vAcc></extensions></trkpt>
      <trkpt lon="-82.152828" lat="33.552041"><ele>103.833703</ele><time>2026-03-08T14:19:57Z</time><extensions><speed>0.032277</speed><course>304.228778</course><hAcc>1.456677</hAcc><vAcc>0.851692</vAcc></extensions></trkpt>
      <trkpt lon="-82.152828" lat="33.552041"><ele>103.767919</ele><time>2026-03-08T14:19:58Z</time><extensions><speed>0.040746</speed><course>301.362647</course><hAcc>1.462926</hAcc><vAcc>0.853155</vAcc></extensions></trkpt>
      <trkpt lon="-82.152829" lat="33.552041"><ele>103.703786</ele><time>2026-03-08T14:19:59Z</time><extensions><speed>0.044820</speed><course>300.870755</course><hAcc>1.472451</hAcc><vAcc>0.853838</vAcc></extensions></trkpt>
      <trkpt lon="-82.152829" lat="33.552041"><ele>103.640789</ele><time>2026-03-08T14:20:00Z</time><extensions><speed>0.042459</speed><course>302.514452</course><hAcc>1.483698</hAcc><vAcc>0.853955</vAcc></extensions></trkpt>
      <trkpt lon="-82.152829" lat="33.552042"><ele>103.577262</ele><time>2026-03-08T14:20:01Z</time><extensions><speed>0.047573</speed><course>300.824590</course><hAcc>1.478959</hAcc><vAcc>0.853679</vAcc></extensions></trkpt>
      <trkpt lon="-82.152830" lat="33.552042"><ele>103.513223</ele><time>2026-03-08T14:20:02Z</time><extensions><speed>0.044632</speed><course>299.665026</course><hAcc>1.480053</hAcc><vAcc>0.853208</vAcc></extensions></trkpt>
      <trkpt lon="-82.152830" lat="33.552042"><ele>103.447986</ele><time>2026-03-08T14:20:03Z</time><extensions><speed>0.033880</speed><course>299.249211</course><hAcc>1.482415</hAcc><vAcc>0.852896</vAcc></extensions></trkpt>
      <trkpt lon="-82.152831" lat="33.552042"><ele>103.382116</ele><time>2026-03-08T14:20:04Z</time><extensions><speed>0.029619</speed><course>289.412971</course><hAcc>1.482324</hAcc><vAcc>0.853374</vAcc></extensions></trkpt>
      <trkpt lon="-82.152831" lat="33.552042"><ele>103.315446</ele><time>2026-03-08T14:20:05Z</time><extensions><speed>0.030797</speed><course>277.309338</course><hAcc>1.481489</hAcc><vAcc>0.853669</vAcc></extensions></trkpt>
      <trkpt lon="-82.152831" lat="33.552042"><ele>103.245829</ele><time>2026-03-08T14:20:06Z</time><extensions><speed>0.025438</speed><course>268.171860</course><hAcc>1.483941</hAcc><vAcc>0.854196</vAcc></extensions></trkpt>
      <trkpt lon="-82.152831" lat="33.552042"><ele>103.173673</ele><time>2026-03-08T14:20:07Z</time><extensions><speed>0.029932</speed><course>260.703166</course><hAcc>1.492361</hAcc><vAcc>0.854771</vAcc></extensions></trkpt>
      <trkpt lon="-82.152832" lat="33.552042"><ele>103.100264</ele><time>2026-03-08T14:20:08Z</time><extensions><speed>0.042776</speed><course>259.414960</course><hAcc>1.496917</hAcc><vAcc>0.855443</vAcc></extensions></trkpt>
      <trkpt lon="-82.152832" lat="33.552042"><ele>103.021624</ele><time>2026-03-08T14:20:09Z</time><extensions><speed>0.049630</speed><course>258.334657</course><hAcc>1.490274</hAcc><vAcc>0.856264</vAcc></extensions></trkpt>
      <trkpt lon="-82.152833" lat="33.552042"><ele>102.945367</ele><time>2026-03-08T14:20:10Z</time><extensions><speed>0.051104</speed><course>257.289030</course><hAcc>1.485880</hAcc><vAcc>0.857385</vAcc></extensions></trkpt>
      <trkpt lon="-82.152833" lat="33.552042"><ele>102.870289</ele><time>2026-03-08T14:20:11Z</time><extensions><speed>0.055619</speed><course>259.726427</course><hAcc>1.481326</hAcc><vAcc>0.859431</vAcc></extensions></trkpt>
      <trkpt lon="-82.152834" lat="33.552042"><ele>102.796370</ele><time>2026-03-08T14:20:12Z</time><extensions><speed>0.053002</speed><course>264.025232</course><hAcc>1.482092</hAcc><vAcc>0.862237</vAcc></extensions></trkpt>
      <trkpt lon="-82.152835" lat="33.552042"><ele>102.724618</ele><time>2026-03-08T14:20:13Z</time><extensions><speed>0.042473</speed><course>270.951372</course><hAcc>1.493653</hAcc><vAcc>0.865609</vAcc></extensions></trkpt>
      <trkpt lon="-82.152835" lat="33.552042"><ele>102.655244</ele><time>2026-03-08T14:20:14Z</time><extensions><speed>0.034518</speed><course>282.569904</course><hAcc>1.511437</hAcc><vAcc>0.869687</vAcc></extensions></trkpt>
      <trkpt lon="-82.152835" lat="33.552042"><ele>102.588968</ele><time>2026-03-08T14:20:15Z</time><extensions><speed>0.037574</speed><course>288.015933</course><hAcc>1.515275</hAcc><vAcc>0.874468</vAcc></extensions></trkpt>
      <trkpt lon="-82.152836" lat="33.552042"><ele>102.522376</ele><time>2026-03-08T14:20:16Z</time><extensions><speed>0.040492</speed><course>285.281537</course><hAcc>1.521849</hAcc><vAcc>0.879953</vAcc></extensions></trkpt>
      <trkpt lon="-82.152836" lat="33.552042"><ele>102.454093</ele><time>2026-03-08T14:20:17Z</time><extensions><speed>0.035325</speed><course>280.680366</course><hAcc>1.533541</hAcc><vAcc>0.885153</vAcc></extensions></trkpt>
      <trkpt lon="-82.152836" lat="33.552042"><ele>102.389217</ele><time>2026-03-08T14:20:18Z</time><extensions><speed>0.017782</speed><course>270.013163</course><hAcc>1.545557</hAcc><vAcc>0.890736</vAcc></extensions></trkpt>
      <trkpt lon="-82.152837" lat="33.552042"><ele>102.325212</ele><time>2026-03-08T14:20:19Z</time><extensions><speed>0.012066</speed><course>215.827905</course><hAcc>1.557506</hAcc><vAcc>0.896282</vAcc></extensions></trkpt>
      <trkpt lon="-82.152837" lat="33.552042"><ele>102.259275</ele><time>2026-03-08T14:20:20Z</time><extensions><speed>0.020879</speed><course>178.267778</course><hAcc>1.571244</hAcc><vAcc>0.902237</vAcc></extensions></trkpt>
      <trkpt lon="-82.152837" lat="33.552042"><ele>102.193453</ele><time>2026-03-08T14:20:21Z</time><extensions><speed>0.031963</speed><course>172.934471</course><hAcc>1.585309</hAcc><vAcc>0.908803</vAcc></extensions></trkpt>
      <trkpt lon="-82.152836" lat="33.552041"><ele>102.121504</ele><time>2026-03-08T14:20:22Z</time><extensions><speed>0.040275</speed><course>176.953878</course><hAcc>1.596686</hAcc><vAcc>0.914820</vAcc></extensions></trkpt>
      <trkpt lon="-82.152837" lat="33.552041"><ele>102.038450</ele><time>2026-03-08T14:20:23Z</time><extensions><speed>0.040673</speed><course>188.316378</course><hAcc>1.604314</hAcc><vAcc>0.920857</vAcc></extensions></trkpt>
      <trkpt lon="-82.152837" lat="33.552041"><ele>101.964364</ele><time>2026-03-08T14:20:24Z</time><extensions><speed>0.040003</speed><course>213.857404</course><hAcc>1.610388</hAcc><vAcc>0.927806</vAcc></extensions></trkpt>
      <trkpt lon="-82.152837" lat="33.552040"><ele>101.900144</ele><time>2026-03-08T14:20:25Z</time><extensions><speed>0.027611</speed><course>205.676441</course><hAcc>1.619912</hAcc><vAcc>0.934855</vAcc></extensions></trkpt>
      <trkpt lon="-82.152837" lat="33.552040"><ele>101.846388</ele><time>2026-03-08T14:20:26Z</time><extensions><speed>0.026244</speed><course>216.269839</course><hAcc>1.626092</hAcc><vAcc>0.941928</vAcc></extensions></trkpt>
      <trkpt lon="-82.152837" lat="33.552040"><ele>101.822375</ele><time>2026-03-08T14:20:27Z</time><extensions><speed>0.036121</speed><course>227.114285</course><hAcc>1.625055</hAcc><vAcc>0.948640</vAcc></extensions></trkpt>
      <trkpt lon="-82.152838" lat="33.552040"><ele>101.808704</ele><time>2026-03-08T14:20:28Z</time><extensions><speed>0.061311</speed><course>232.537566</course><hAcc>1.625510</hAcc><vAcc>0.954615</vAcc></extensions></trkpt>
      <trkpt lon="-82.152838" lat="33.552039"><ele>101.809739</ele><time>2026-03-08T14:20:29Z</time><extensions><speed>0.122010</speed><course>237.812356</course><hAcc>1.622405</hAcc><vAcc>0.960297</vAcc></extensions></trkpt>
      <trkpt lon="-82.152840" lat="33.552038"><ele>101.826379</ele><time>2026-03-08T14:20:30Z</time><extensions><speed>0.235737</speed><course>240.635965</course><hAcc>1.610576</hAcc><vAcc>0.965638</vAcc></extensions></trkpt>
      <trkpt lon="-82.152843" lat="33.552037"><ele>101.859642</ele><time>2026-03-08T14:20:31Z</time><extensions><speed>0.439914</speed><course>242.794014</course><hAcc>1.588525</hAcc><vAcc>0.970336</vAcc></extensions></trkpt>
      <trkpt lon="-82.152849" lat="33.552034"><ele>101.907322</ele><time>2026-03-08T14:20:32Z</time><extensions><speed>0.738973</speed><course>242.270703</course><hAcc>1.566790</hAcc><vAcc>0.974536</vAcc></extensions></trkpt>
      <trkpt lon="-82.152856" lat="33.552031"><ele>101.988042</ele><time>2026-03-08T14:20:33Z</time><extensions><speed>0.874969</speed><course>239.776720</course><hAcc>1.561299</hAcc><vAcc>0.978538</vAcc></extensions></trkpt>
      <trkpt lon="-82.152865" lat="33.552026"><ele>102.069918</ele><time>2026-03-08T14:20:34Z</time><extensions><speed>0.915865</speed><course>237.630662</course><hAcc>1.520989</hAcc><vAcc>0.982567</vAcc></extensions></trkpt>
      <trkpt lon="-82.152874" lat="33.552021"><ele>102.146504</ele><time>2026-03-08T14:20:35Z</time><extensions><speed>1.223787</speed><course>236.841074</course><hAcc>1.490735</hAcc><vAcc>0.985932</vAcc></extensions></trkpt>
      <trkpt lon="-82.152886" lat="33.552015"><ele>102.225177</ele><time>2026-03-08T14:20:36Z</time><extensions><speed>1.469082</speed><course>237.678084</course><hAcc>1.462890</hAcc><vAcc>0.987553</vAcc></extensions></trkpt>
      <trkpt lon="-82.152900" lat="33.552007"><ele>102.287966</ele><time>2026-03-08T14:20:37Z</time><extensions><speed>1.549912</speed><course>238.876621</course><hAcc>1.437393</hAcc><vAcc>0.987473</vAcc></extensions></trkpt>
      <trkpt lon="-82.152914" lat="33.552000"><ele>102.351319</ele><time>2026-03-08T14:20:38Z</time><extensions><speed>1.437291</speed><course>238.780311</course><hAcc>1.413151</hAcc><vAcc>0.988726</vAcc></extensions></trkpt>
      <trkpt lon="-82.152926" lat="33.551994"><ele>102.404162</ele><time>2026-03-08T14:20:39Z</time><extensions><speed>1.308044</speed><course>237.545940</course><hAcc>1.391188</hAcc><vAcc>0.987430</vAcc></extensions></trkpt>
      <trkpt lon="-82.152937" lat="33.551987"><ele>102.438864</ele><time>2026-03-08T14:20:40Z</time><extensions><speed>1.230033</speed><course>231.327948</course><hAcc>1.371973</hAcc><vAcc>0.984598</vAcc></extensions></trkpt>
      <trkpt lon="-82.152947" lat="33.551980"><ele>102.456876</ele><time>2026-03-08T14:20:41Z</time><extensions><speed>1.211051</speed><course>222.502932</course><hAcc>1.353156</hAcc><vAcc>0.983503</vAcc></extensions></trkpt>
      <trkpt lon="-82.152954" lat="33.551972"><ele>102.454823</ele><time>2026-03-08T14:20:42Z</time><extensions><speed>1.061062</speed><course>212.685566</course><hAcc>1.335816</hAcc><vAcc>0.981675</vAcc></extensions></trkpt>
      <trkpt lon="-82.152959" lat="33.551964"><ele>102.436464</ele><time>2026-03-08T14:20:43Z</time><extensions><speed>0.985604</speed><course>201.236029</course><hAcc>1.321767</hAcc><vAcc>0.978969</vAcc></extensions></trkpt>
      <trkpt lon="-82.152963" lat="33.551955"><ele>102.419304</ele><time>2026-03-08T14:20:44Z</time><extensions><speed>1.095310</speed><course>196.627106</course><hAcc>1.304237</hAcc><vAcc>0.976296</vAcc></extensions></trkpt>
      <trkpt lon="-82.152966" lat="33.551944"><ele>102.383226</ele><time>2026-03-08T14:20:45Z</time><extensions><speed>1.292238</speed><course>195.680847</course><hAcc>1.280016</hAcc><vAcc>0.971500</vAcc></extensions></trkpt>
      <trkpt lon="-82.152970" lat="33.551932"><ele>102.330714</ele><time>2026-03-08T14:20:46Z</time><extensions><speed>1.454191</speed><course>191.925996</course><hAcc>1.253825</hAcc><vAcc>0.968655</vAcc></extensions></trkpt>
      <trkpt lon="-82.152972" lat="33.551919"><ele>102.249921</ele><time>2026-03-08T14:20:47Z</time><extensions><speed>1.513766</speed><course>185.441655</course><hAcc>1.238666</hAcc><vAcc>0.966307</vAcc></extensions></trkpt>
      <trkpt lon="-82.152973" lat="33.551906"><ele>102.157447</ele><time>2026-03-08T14:20:48Z</time><extensions><speed>1.398998</speed><course>180.450614</course><hAcc>1.248352</hAcc><vAcc>0.962345</vAcc></extensions></trkpt>
      <trkpt lon="-82.152971" lat="33.551893"><ele>102.064207</ele><time>2026-03-08T14:20:49Z</time><extensions><speed>1.393386</speed><course>165.535949</course><hAcc>1.198316</hAcc><vAcc>0.957976</vAcc></extensions></trkpt>
      <trkpt lon="-82.152966" lat="33.551882"><ele>101.957021</ele><time>2026-03-08T14:20:50Z</time><extensions><speed>1.391839</speed><course>156.494853</course><hAcc>1.175097</hAcc><vAcc>0.954686</vAcc></extensions></trkpt>
      <trkpt lon="-82.152961" lat="33.551871"><ele>101.843343</ele><time>2026-03-08T14:20:51Z</time><extensions><speed>1.175386</speed><course>156.682152</course><hAcc>1.188537</hAcc><vAcc>0.950388</vAcc></extensions></trkpt>
      <trkpt lon="-82.152957" lat="33.551862"><ele>101.733984</ele><time>2026-03-08T14:20:52Z</time><extensions><speed>0.939743</speed><course>159.456682</course><hAcc>1.180688</hAcc><vAcc>0.947416</vAcc></extensions></trkpt>
      <trkpt lon="-82.152953" lat="33.551854"><ele>101.626010</ele><time>2026-03-08T14:20:53Z</time><extensions><speed>0.942416</speed><course>159.928152</course><hAcc>1.176738</hAcc><vAcc>0.944426</vAcc></extensions></trkpt>
      <trkpt lon="-82.152949" lat="33.551845"><ele>101.520991</ele><time>2026-03-08T14:20:54Z</time><extensions><speed>1.187049</speed><course>161.381626</course><hAcc>1.160220</hAcc><vAcc>0.942691</vAcc></extensions></trkpt>
      <trkpt lon="-82.152945" lat="33.551834"><ele>101.417090</ele><time>2026-03-08T14:20:55Z</time><extensions><speed>1.515751</speed><course>159.719529</course><hAcc>1.153711</hAcc><vAcc>0.941317</vAcc></extensions></trkpt>
      <trkpt lon="-82.152938" lat="33.551821"><ele>101.312785</ele><time>2026-03-08T14:20:56Z</time><extensions><speed>1.441677</speed><course>153.825040</course><hAcc>1.183016</hAcc><vAcc>0.938950</vAcc></extensions></trkpt>
      <trkpt lon="-82.152931" lat="33.551810"><ele>101.212193</ele><time>2026-03-08T14:20:57Z</time><extensions><speed>1.313218</speed><course>151.431019</course><hAcc>1.199635</hAcc><vAcc>0.936925</vAcc></extensions></trkpt>
      <trkpt lon="-82.152926" lat="33.551800"><ele>101.117007</ele><time>2026-03-08T14:20:58Z</time><extensions><speed>1.233505</speed><course>158.838421</course><hAcc>1.173615</hAcc><vAcc>0.935640</vAcc></extensions></trkpt>
      <trkpt lon="-82.152922" lat="33.551790"><ele>101.026290</ele><time>2026-03-08T14:20:59Z</time><extensions><speed>1.171861</speed><course>163.725278</course><hAcc>1.174700</hAcc><vAcc>0.933943</vAcc></extensions></trkpt>
      <trkpt lon="-82.152918" lat="33.551780"><ele>100.937706</ele><time>2026-03-08T14:21:00Z</time><extensions><speed>1.091660</speed><course>164.531853</course><hAcc>1.185553</hAcc><vAcc>0.932341</vAcc></extensions></trkpt>
      <trkpt lon="-82.152915" lat="33.551770"><ele>100.860727</ele><time>2026-03-08T14:21:01Z</time><extensions><speed>1.160264</speed><course>163.454560</course><hAcc>1.184120</hAcc><vAcc>0.932308</vAcc></extensions></trkpt>
      <trkpt lon="-82.152911" lat="33.551759"><ele>100.789338</ele><time>2026-03-08T14:21:02Z</time><extensions><speed>1.282638</speed><course>161.329098</course><hAcc>1.180340</hAcc><vAcc>0.931201</vAcc></extensions></trkpt>
      <trkpt lon="-82.152906" lat="33.551748"><ele>100.722843</ele><time>2026-03-08T14:21:03Z</time><extensions><speed>1.416478</speed><course>157.786879</course><hAcc>1.182399</hAcc><vAcc>0.931884</vAcc></extensions></trkpt>
      <trkpt lon="-82.152900" lat="33.551737"><ele>100.659715</ele><time>2026-03-08T14:21:04Z</time><extensions><speed>1.329787</speed><course>153.136076</course><hAcc>1.205724</hAcc><vAcc>0.931100</vAcc></extensions></trkpt>
      <trkpt lon="-82.152893" lat="33.551727"><ele>100.591236</ele><time>2026-03-08T14:21:05Z</time><extensions><speed>1.187718</speed><course>147.779459</course><hAcc>1.204684</hAcc><vAcc>0.931830</vAcc></extensions></trkpt>
      <trkpt lon="-82.152886" lat="33.551718"><ele>100.517999</ele><time>2026-03-08T14:21:06Z</time><extensions><speed>1.163884</speed><course>148.034937</course><hAcc>1.190080</hAcc><vAcc>0.932581</vAcc></extensions></trkpt>
      <trkpt lon="-82.152880" lat="33.551709"><ele>100.440267</ele><time>2026-03-08T14:21:07Z</time><extensions><speed>1.221717</speed><course>148.201983</course><hAcc>1.202707</hAcc><vAcc>0.932800</vAcc></extensions></trkpt>
      <trkpt lon="-82.152873" lat="33.551700"><ele>100.379835</ele><time>2026-03-08T14:21:08Z</time><extensions><speed>1.161790</speed><course>149.274074</course><hAcc>1.220220</hAcc><vAcc>0.933318</vAcc></extensions></trkpt>
      <trkpt lon="-82.152866" lat="33.551690"><ele>100.322953</ele><time>2026-03-08T14:21:09Z</time><extensions><speed>1.240832</speed><course>151.615103</course><hAcc>1.226110</hAcc><vAcc>0.934946</vAcc></extensions></trkpt>
      <trkpt lon="-82.152860" lat="33.551680"><ele>100.276933</ele><time>2026-03-08T14:21:10Z</time><extensions><speed>1.321233</speed><course>152.230597</course><hAcc>1.226185</hAcc><vAcc>0.936866</vAcc></extensions></trkpt>
      <trkpt lon="-82.152853" lat="33.551669"><ele>100.236098</ele><time>2026-03-08T14:21:11Z</time><extensions><speed>1.346110</speed><course>148.402217</course><hAcc>1.223036</hAcc><vAcc>0.940729</vAcc></extensions></trkpt>
      <trkpt lon="-82.152845" lat="33.551659"><ele>100.203243</ele><time>2026-03-08T14:21:12Z</time><extensions><speed>1.470232</speed><course>147.186910</course><hAcc>1.211307</hAcc><vAcc>0.943818</vAcc></extensions></trkpt>
      <trkpt lon="-82.152836" lat="33.551648"><ele>100.184268</ele><time>2026-03-08T14:21:13Z</time><extensions><speed>1.463495</speed><course>146.894733</course><hAcc>1.215416</hAcc><vAcc>0.947749</vAcc></extensions></trkpt>
      <trkpt lon="-82.152828" lat="33.551636"><ele>100.172904</ele><time>2026-03-08T14:21:14Z</time><extensions><speed>1.461131</speed><course>149.916324</course><hAcc>1.207351</hAcc><vAcc>0.949958</vAcc></extensions></trkpt>
      <trkpt lon="-82.152821" lat="33.551625"><ele>100.178639</ele><time>2026-03-08T14:21:15Z</time><extensions><speed>1.325766</speed><course>155.406384</course><hAcc>1.236421</hAcc><vAcc>0.950806</vAcc></extensions></trkpt>
      <trkpt lon="-82.152816" lat="33.551615"><ele>100.201222</ele><time>2026-03-08T14:21:16Z</time><extensions><speed>1.150982</speed><course>157.950245</course><hAcc>1.215461</hAcc><vAcc>0.951144</vAcc></extensions></trkpt>
      <trkpt lon="-82.152811" lat="33.551606"><ele>100.219983</ele><time>2026-03-08T14:21:17Z</time><extensions><speed>1.061914</speed><course>151.809068</course><hAcc>1.216402</hAcc><vAcc>0.952541</vAcc></extensions></trkpt>
      <trkpt lon="-82.152805" lat="33.551598"><ele>100.240713</ele><time>2026-03-08T14:21:18Z</time><extensions><speed>1.231158</speed><course>145.047006</course><hAcc>1.224721</hAcc><vAcc>0.953685</vAcc></extensions></trkpt>
      <trkpt lon="-82.152796" lat="33.551588"><ele>100.277210</ele><time>2026-03-08T14:21:19Z</time><extensions><speed>1.396221</speed><course>141.671371</course><hAcc>1.225438</hAcc><vAcc>0.952630</vAcc></extensions></trkpt>
      <trkpt lon="-82.152787" lat="33.551578"><ele>100.347702</ele><time>2026-03-08T14:21:20Z</time><extensions><speed>1.458639</speed><course>140.194252</course><hAcc>1.208985</hAcc><vAcc>0.950792</vAcc></extensions></trkpt>
      <trkpt lon="-82.152777" lat="33.551569"><ele>100.427023</ele><time>2026-03-08T14:21:21Z</time><extensions><speed>1.320427</speed><course>140.905732</course><hAcc>1.208954</hAcc><vAcc>0.948199</vAcc></extensions></trkpt>
      <trkpt lon="-82.152769" lat="33.551559"><ele>100.503958</ele><time>2026-03-08T14:21:22Z</time><extensions><speed>1.256459</speed><course>147.724769</course><hAcc>1.211533</hAcc><vAcc>0.944803</vAcc></extensions></trkpt>
      <trkpt lon="-82.152764" lat="33.551550"><ele>100.584202</ele><time>2026-03-08T14:21:23Z</time><extensions><speed>0.999469</speed><course>164.427372</course><hAcc>1.218533</hAcc><vAcc>0.940687</vAcc></extensions></trkpt>
      <trkpt lon="-82.152767" lat="33.551544"><ele>100.651431</ele><time>2026-03-08T14:21:24Z</time><extensions><speed>0.818224</speed><course>247.213954</course><hAcc>1.178551</hAcc><vAcc>0.936283</vAcc></extensions></trkpt>
      <trkpt lon="-82.152779" lat="33.551544"><ele>100.717165</ele><time>2026-03-08T14:21:25Z</time><extensions><speed>1.439479</speed><course>279.333444</course><hAcc>1.180628</hAcc><vAcc>0.932293</vAcc></extensions></trkpt>
      <trkpt lon="-82.152796" lat="33.551549"><ele>100.778526</ele><time>2026-03-08T14:21:26Z</time><extensions><speed>1.984897</speed><course>295.385988</course><hAcc>1.167336</hAcc><vAcc>0.929218</vAcc></extensions></trkpt>
      <trkpt lon="-82.152813" lat="33.551557"><ele>100.829638</ele><time>2026-03-08T14:21:27Z</time><extensions><speed>1.736679</speed><course>307.065175</course><hAcc>1.181695</hAcc><vAcc>0.926780</vAcc></extensions></trkpt>
      <trkpt lon="-82.152826" lat="33.551567"><ele>100.844997</ele><time>2026-03-08T14:21:28Z</time><extensions><speed>1.464903</speed><course>312.109969</course><hAcc>1.208444</hAcc><vAcc>0.924977</vAcc></extensions></trkpt>
      <trkpt lon="-82.152838" lat="33.551575"><ele>100.845613</ele><time>2026-03-08T14:21:29Z</time><extensions><speed>1.436199</speed><course>311.571780</course><hAcc>1.183880</hAcc><vAcc>0.923316</vAcc></extensions></trkpt>
      <trkpt lon="-82.152849" lat="33.551583"><ele>100.853262</ele><time>2026-03-08T14:21:30Z</time><extensions><speed>1.215411</speed><course>306.768941</course><hAcc>1.191565</hAcc><vAcc>0.921982</vAcc></extensions></trkpt>
      <trkpt lon="-82.152858" lat="33.551588"><ele>100.878291</ele><time>2026-03-08T14:21:31Z</time><extensions><speed>0.926685</speed><course>303.454249</course><hAcc>1.207912</hAcc><vAcc>0.920930</vAcc></extensions></trkpt>
      <trkpt lon="-82.152866" lat="33.551592"><ele>100.913944</ele><time>2026-03-08T14:21:32Z</time><extensions><speed>0.714220</speed><course>298.901650</course><hAcc>1.211441</hAcc><vAcc>0.920422</vAcc></extensions></trkpt>
      <trkpt lon="-82.152872" lat="33.551595"><ele>100.956873</ele><time>2026-03-08T14:21:33Z</time><extensions><speed>0.582607</speed><course>296.768880</course><hAcc>1.223345</hAcc><vAcc>0.919983</vAcc></extensions></trkpt>
      <trkpt lon="-82.152877" lat="33.551598"><ele>100.988173</ele><time>2026-03-08T14:21:34Z</time><extensions><speed>0.555626</speed><course>300.898599</course><hAcc>1.226041</hAcc><vAcc>0.919406</vAcc></extensions></trkpt>
      <trkpt lon="-82.152882" lat="33.551601"><ele>101.008077</ele><time>2026-03-08T14:21:35Z</time><extensions><speed>0.552915</speed><course>309.406489</course><hAcc>1.229026</hAcc><vAcc>0.918263</vAcc></extensions></trkpt>
      <trkpt lon="-82.152887" lat="33.551604"><ele>101.027744</ele><time>2026-03-08T14:21:36Z</time><extensions><speed>0.620258</speed><course>314.716088</course><hAcc>1.246642</hAcc><vAcc>0.916219</vAcc></extensions></trkpt>
      <trkpt lon="-82.152892" lat="33.551609"><ele>101.042480</ele><time>2026-03-08T14:21:37Z</time><extensions><speed>0.776986</speed><course>317.939423</course><hAcc>1.265546</hAcc><vAcc>0.913712</vAcc></extensions></trkpt>
      <trkpt lon="-82.152899" lat="33.551615"><ele>101.059157</ele><time>2026-03-08T14:21:38Z</time><extensions><speed>1.213425</speed><course>317.276351</course><hAcc>1.257287</hAcc><vAcc>0.911238</vAcc></extensions></trkpt>
      <trkpt lon="-82.152909" lat="33.551624"><ele>101.077934</ele><time>2026-03-08T14:21:39Z</time><extensions><speed>1.385203</speed><course>318.438724</course><hAcc>1.241632</hAcc><vAcc>0.908198</vAcc></extensions></trkpt>
      <trkpt lon="-82.152917" lat="33.551633"><ele>101.093877</ele><time>2026-03-08T14:21:40Z</time><extensions><speed>1.116018</speed><course>322.314860</course><hAcc>1.227238</hAcc><vAcc>0.904710</vAcc></extensions></trkpt>
      <trkpt lon="-82.152924" lat="33.551641"><ele>101.108916</ele><time>2026-03-08T14:21:41Z</time><extensions><speed>1.061152</speed><course>328.017987</course><hAcc>1.242868</hAcc><vAcc>0.901611</vAcc></extensions></trkpt>
      <trkpt lon="-82.152930" lat="33.551649"><ele>101.116302</ele><time>2026-03-08T14:21:42Z</time><extensions><speed>1.103703</speed><course>331.012609</course><hAcc>1.241365</hAcc><vAcc>0.897877</vAcc></extensions></trkpt>
      <trkpt lon="-82.152936" lat="33.551658"><ele>101.119848</ele><time>2026-03-08T14:21:43Z</time><extensions><speed>1.090917</speed><course>331.421594</course><hAcc>1.233485</hAcc><vAcc>0.894523</vAcc></extensions></trkpt>
      <trkpt lon="-82.152942" lat="33.551667"><ele>101.126272</ele><time>2026-03-08T14:21:44Z</time><extensions><speed>1.124243</speed><course>328.051322</course><hAcc>1.228705</hAcc><vAcc>0.892639</vAcc></extensions></trkpt>
      <trkpt lon="-82.152949" lat="33.551675"><ele>101.136658</ele><time>2026-03-08T14:21:45Z</time><extensions><speed>1.205574</speed><course>322.469026</course><hAcc>1.223661</hAcc><vAcc>0.890445</vAcc></extensions></trkpt>
      <trkpt lon="-82.152957" lat="33.551684"><ele>101.159524</ele><time>2026-03-08T14:21:46Z</time><extensions><speed>1.347641</speed><course>319.657970</course><hAcc>1.216797</hAcc><vAcc>0.888900</vAcc></extensions></trkpt>
      <trkpt lon="-82.152967" lat="33.551694"><ele>101.164932</ele><time>2026-03-08T14:21:47Z</time><extensions><speed>1.578147</speed><course>321.053540</course><hAcc>1.215487</hAcc><vAcc>0.887721</vAcc></extensions></trkpt>
      <trkpt lon="-82.152977" lat="33.551705"><ele>101.161176</ele><time>2026-03-08T14:21:48Z</time><extensions><speed>1.491598</speed><course>326.532867</course><hAcc>1.215546</hAcc><vAcc>0.886931</vAcc></extensions></trkpt>
      <trkpt lon="-82.152985" lat="33.551716"><ele>101.163336</ele><time>2026-03-08T14:21:49Z</time><extensions><speed>1.294107</speed><course>329.224858</course><hAcc>1.211118</hAcc><vAcc>0.886997</vAcc></extensions></trkpt>
      <trkpt lon="-82.152992" lat="33.551726"><ele>101.161694</ele><time>2026-03-08T14:21:50Z</time><extensions><speed>1.206106</speed><course>333.610664</course><hAcc>1.204136</hAcc><vAcc>0.886622</vAcc></extensions></trkpt>
      <trkpt lon="-82.152997" lat="33.551736"><ele>101.156650</ele><time>2026-03-08T14:21:51Z</time><extensions><speed>1.178575</speed><course>336.840974</course><hAcc>1.194709</hAcc><vAcc>0.886561</vAcc></extensions></trkpt>
      <trkpt lon="-82.153002" lat="33.551746"><ele>101.165777</ele><time>2026-03-08T14:21:52Z</time><extensions><speed>1.323440</speed><course>338.833809</course><hAcc>1.177798</hAcc><vAcc>0.885974</vAcc></extensions></trkpt>
      <trkpt lon="-82.153007" lat="33.551758"><ele>101.190486</ele><time>2026-03-08T14:21:53Z</time><extensions><speed>1.428552</speed><course>339.977283</course><hAcc>1.178506</hAcc><vAcc>0.884851</vAcc></extensions></trkpt>
      <trkpt lon="-82.153012" lat="33.551770"><ele>101.230170</ele><time>2026-03-08T14:21:54Z</time><extensions><speed>1.447100</speed><course>342.631701</course><hAcc>1.210252</hAcc><vAcc>0.883503</vAcc></extensions></trkpt>
      <trkpt lon="-82.153016" lat="33.551783"><ele>101.273014</ele><time>2026-03-08T14:21:55Z</time><extensions><speed>1.393699</speed><course>348.314478</course><hAcc>1.181969</hAcc><vAcc>0.882049</vAcc></extensions></trkpt>
      <trkpt lon="-82.153019" lat="33.551794"><ele>101.320858</ele><time>2026-03-08T14:21:56Z</time><extensions><speed>1.293561</speed><course>349.845692</course><hAcc>1.183244</hAcc><vAcc>0.881782</vAcc></extensions></trkpt>
      <trkpt lon="-82.153021" lat="33.551806"><ele>101.388945</ele><time>2026-03-08T14:21:57Z</time><extensions><speed>1.229163</speed><course>349.779713</course><hAcc>1.193817</hAcc><vAcc>0.881345</vAcc></extensions></trkpt>
      <trkpt lon="-82.153024" lat="33.551817"><ele>101.456537</ele><time>2026-03-08T14:21:58Z</time><extensions><speed>1.262950</speed><course>349.360414</course><hAcc>1.204875</hAcc><vAcc>0.881958</vAcc></extensions></trkpt>
      <trkpt lon="-82.153026" lat="33.551828"><ele>101.543917</ele><time>2026-03-08T14:21:59Z</time><extensions><speed>1.334452</speed><course>352.770322</course><hAcc>1.210626</hAcc><vAcc>0.882506</vAcc></extensions></trkpt>
      <trkpt lon="-82.153027" lat="33.551840"><ele>101.653305</ele><time>2026-03-08T14:22:00Z</time><extensions><speed>1.264477</speed><course>356.124797</course><hAcc>1.210741</hAcc><vAcc>0.882007</vAcc></extensions></trkpt>
      <trkpt lon="-82.153028" lat="33.551851"><ele>101.766810</ele><time>2026-03-08T14:22:01Z</time><extensions><speed>1.141625</speed><course>359.994936</course><hAcc>1.207219</hAcc><vAcc>0.880942</vAcc></extensions></trkpt>
      <trkpt lon="-82.153028" lat="33.551861"><ele>101.869718</ele><time>2026-03-08T14:22:02Z</time><extensions><speed>1.138948</speed><course>357.683220</course><hAcc>1.198122</hAcc><vAcc>0.881609</vAcc></extensions></trkpt>
      <trkpt lon="-82.153029" lat="33.551872"><ele>101.987152</ele><time>2026-03-08T14:22:03Z</time><extensions><speed>1.278813</speed><course>353.626329</course><hAcc>1.185424</hAcc><vAcc>0.880810</vAcc></extensions></trkpt>
      <trkpt lon="-82.153031" lat="33.551884"><ele>102.117939</ele><time>2026-03-08T14:22:04Z</time><extensions><speed>1.430474</speed><course>351.801137</course><hAcc>1.166670</hAcc><vAcc>0.879413</vAcc></extensions></trkpt>
      <trkpt lon="-82.153033" lat="33.551897"><ele>102.253049</ele><time>2026-03-08T14:22:05Z</time><extensions><speed>1.449691</speed><course>353.207927</course><hAcc>1.151545</hAcc><vAcc>0.879023</vAcc></extensions></trkpt>
      <trkpt lon="-82.153034" lat="33.551909"><ele>102.399381</ele><time>2026-03-08T14:22:06Z</time><extensions><speed>1.299027</speed><course>356.415924</course><hAcc>1.152610</hAcc><vAcc>0.877155</vAcc></extensions></trkpt>
      <trkpt lon="-82.153035" lat="33.551921"><ele>102.564089</ele><time>2026-03-08T14:22:07Z</time><extensions><speed>1.287343</speed><course>355.005309</course><hAcc>1.129201</hAcc><vAcc>0.873759</vAcc></extensions></trkpt>
      <trkpt lon="-82.153036" lat="33.551932"><ele>102.725896</ele><time>2026-03-08T14:22:08Z</time><extensions><speed>1.184588</speed><course>354.879255</course><hAcc>1.139991</hAcc><vAcc>0.869287</vAcc></extensions></trkpt>
      <trkpt lon="-82.153037" lat="33.551943"><ele>102.891823</ele><time>2026-03-08T14:22:09Z</time><extensions><speed>1.189915</speed><course>354.726481</course><hAcc>1.111503</hAcc><vAcc>0.864506</vAcc></extensions></trkpt>
      <trkpt lon="-82.153038" lat="33.551954"><ele>103.065438</ele><time>2026-03-08T14:22:10Z</time><extensions><speed>1.355482</speed><course>354.213164</course><hAcc>1.096611</hAcc><vAcc>0.857998</vAcc></extensions></trkpt>
      <trkpt lon="-82.153039" lat="33.551966"><ele>103.238430</ele><time>2026-03-08T14:22:11Z</time><extensions><speed>1.393295</speed><course>357.811315</course><hAcc>1.096014</hAcc><vAcc>0.851069</vAcc></extensions></trkpt>
      <trkpt lon="-82.153039" lat="33.551978"><ele>103.405473</ele><time>2026-03-08T14:22:12Z</time><extensions><speed>1.295439</speed><course>10.265516</course><hAcc>1.108456</hAcc><vAcc>0.845049</vAcc></extensions></trkpt>
      <trkpt lon="-82.153034" lat="33.551990"><ele>103.571048</ele><time>2026-03-08T14:22:13Z</time><extensions><speed>1.433695</speed><course>24.466382</course><hAcc>1.080377</hAcc><vAcc>0.838787</vAcc></extensions></trkpt>
      <trkpt lon="-82.153027" lat="33.552002"><ele>103.730829</ele><time>2026-03-08T14:22:14Z</time><extensions><speed>1.461284</speed><course>31.089568</course><hAcc>1.075726</hAcc><vAcc>0.832405</vAcc></extensions></trkpt>
      <trkpt lon="-82.153019" lat="33.552012"><ele>103.897019</ele><time>2026-03-08T14:22:15Z</time><extensions><speed>1.267794</speed><course>36.942137</course><hAcc>1.103177</hAcc><vAcc>0.826115</vAcc></extensions></trkpt>
      <trkpt lon="-82.153010" lat="33.552021"><ele>104.057308</ele><time>2026-03-08T14:22:16Z</time><extensions><speed>1.288464</speed><course>43.201586</course><hAcc>1.077103</hAcc><vAcc>0.820167</vAcc></extensions></trkpt>
      <trkpt lon="-82.153000" lat="33.552029"><ele>104.216742</ele><time>2026-03-08T14:22:17Z</time><extensions><speed>1.362071</speed><course>43.901234</course><hAcc>1.072077</hAcc><vAcc>0.814877</vAcc></extensions></trkpt>
      <trkpt lon="-82.152990" lat="33.552038"><ele>104.359132</ele><time>2026-03-08T14:22:18Z</time><extensions><speed>1.423487</speed><course>41.798314</course><hAcc>1.075985</hAcc><vAcc>0.810951</vAcc></extensions></trkpt>
      <trkpt lon="-82.152980" lat="33.552048"><ele>104.484076</ele><time>2026-03-08T14:22:19Z</time><extensions><speed>1.382335</speed><course>42.047143</course><hAcc>1.077714</hAcc><vAcc>0.806983</vAcc></extensions></trkpt>
      <trkpt lon="-82.152969" lat="33.552057"><ele>104.596520</ele><time>2026-03-08T14:22:20Z</time><extensions><speed>1.421207</speed><course>47.532148</course><hAcc>1.059112</hAcc><vAcc>0.804021</vAcc></extensions></trkpt>
      <trkpt lon="-82.152957" lat="33.552065"><ele>104.686525</ele><time>2026-03-08T14:22:21Z</time><extensions><speed>1.409124</speed><course>54.505988</course><hAcc>1.051216</hAcc><vAcc>0.800882</vAcc></extensions></trkpt>
      <trkpt lon="-82.152945" lat="33.552071"><ele>104.762375</ele><time>2026-03-08T14:22:22Z</time><extensions><speed>1.239354</speed><course>60.197150</course><hAcc>1.067291</hAcc><vAcc>0.798229</vAcc></extensions></trkpt>
      <trkpt lon="-82.152934" lat="33.552076"><ele>104.830783</ele><time>2026-03-08T14:22:23Z</time><extensions><speed>1.123932</speed><course>68.422516</course><hAcc>1.048969</hAcc><vAcc>0.795640</vAcc></extensions></trkpt>
      <trkpt lon="-82.152922" lat="33.552079"><ele>104.900529</ele><time>2026-03-08T14:22:24Z</time><extensions><speed>1.169274</speed><course>72.711772</course><hAcc>1.036333</hAcc><vAcc>0.792888</vAcc></extensions></trkpt>
      <trkpt lon="-82.152909" lat="33.552083"><ele>104.964312</ele><time>2026-03-08T14:22:25Z</time><extensions><speed>1.330281</speed><course>72.175496</course><hAcc>1.036250</hAcc><vAcc>0.790544</vAcc></extensions></trkpt>
      <trkpt lon="-82.152895" lat="33.552087"><ele>105.016699</ele><time>2026-03-08T14:22:26Z</time><extensions><speed>1.497051</speed><course>68.820894</course><hAcc>1.031196</hAcc><vAcc>0.788130</vAcc></extensions></trkpt>
      <trkpt lon="-82.152880" lat="33.552093"><ele>105.058957</ele><time>2026-03-08T14:22:27Z</time><extensions><speed>1.508878</speed><course>63.138290</course><hAcc>1.029371</hAcc><vAcc>0.786280</vAcc></extensions></trkpt>
      <trkpt lon="-82.152866" lat="33.552099"><ele>105.089045</ele><time>2026-03-08T14:22:28Z</time><extensions><speed>1.407273</speed><course>57.573137</course><hAcc>1.044562</hAcc><vAcc>0.784283</vAcc></extensions></trkpt>
      <trkpt lon="-82.152854" lat="33.552106"><ele>105.103594</ele><time>2026-03-08T14:22:29Z</time><extensions><speed>1.393192</speed><course>57.055896</course><hAcc>1.020175</hAcc><vAcc>0.782248</vAcc></extensions></trkpt>
      <trkpt lon="-82.152842" lat="33.552112"><ele>105.112500</ele><time>2026-03-08T14:22:30Z</time><extensions><speed>1.221418</speed><course>57.725555</course><hAcc>1.045054</hAcc><vAcc>0.780176</vAcc></extensions></trkpt>
      <trkpt lon="-82.152831" lat="33.552118"><ele>105.120953</ele><time>2026-03-08T14:22:31Z</time><extensions><speed>1.075002</speed><course>59.544996</course><hAcc>1.025256</hAcc><vAcc>0.778211</vAcc></extensions></trkpt>
      <trkpt lon="-82.152821" lat="33.552123"><ele>105.125628</ele><time>2026-03-08T14:22:32Z</time><extensions><speed>1.159149</speed><course>61.226239</course><hAcc>1.028138</hAcc><vAcc>0.776187</vAcc></extensions></trkpt>
      <trkpt lon="-82.152809" lat="33.552128"><ele>105.130997</ele><time>2026-03-08T14:22:33Z</time><extensions><speed>1.372541</speed><course>60.559571</course><hAcc>1.032502</hAcc><vAcc>0.774677</vAcc></extensions></trkpt>
      <trkpt lon="-82.152796" lat="33.552135"><ele>105.131115</ele><time>2026-03-08T14:22:34Z</time><extensions><speed>1.492272</speed><course>58.259700</course><hAcc>1.028273</hAcc><vAcc>0.772993</vAcc></extensions></trkpt>
      <trkpt lon="-82.152782" lat="33.552142"><ele>105.122164</ele><time>2026-03-08T14:22:35Z</time><extensions><speed>1.427200</speed><course>55.932835</course><hAcc>1.029399</hAcc><vAcc>0.772115</vAcc></extensions></trkpt>
      <trkpt lon="-82.152770" lat="33.552149"><ele>105.105716</ele><time>2026-03-08T14:22:36Z</time><extensions><speed>1.402621</speed><course>54.302373</course><hAcc>1.015515</hAcc><vAcc>0.770977</vAcc></extensions></trkpt>
      <trkpt lon="-82.152758" lat="33.552156"><ele>105.086786</ele><time>2026-03-08T14:22:37Z</time><extensions><speed>1.253271</speed><course>53.394686</course><hAcc>1.032664</hAcc><vAcc>0.770005</vAcc></extensions></trkpt>
      <trkpt lon="-82.152748" lat="33.552163"><ele>105.068844</ele><time>2026-03-08T14:22:38Z</time><extensions><speed>1.150869</speed><course>52.895341</course><hAcc>1.008015</hAcc><vAcc>0.769190</vAcc></extensions></trkpt>
      <trkpt lon="-82.152738" lat="33.552169"><ele>105.053302</ele><time>2026-03-08T14:22:39Z</time><extensions><speed>1.167593</speed><course>49.840413</course><hAcc>1.007838</hAcc><vAcc>0.769123</vAcc></extensions></trkpt>
      <trkpt lon="-82.152729" lat="33.552177"><ele>105.039784</ele><time>2026-03-08T14:22:40Z</time><extensions><speed>1.240817</speed><course>45.119840</course><hAcc>1.011826</hAcc><vAcc>0.769115</vAcc></extensions></trkpt>
      <trkpt lon="-82.152719" lat="33.552185"><ele>105.026801</ele><time>2026-03-08T14:22:41Z</time><extensions><speed>1.346317</speed><course>45.441129</course><hAcc>1.010026</hAcc><vAcc>0.769744</vAcc></extensions></trkpt>
      <trkpt lon="-82.152708" lat="33.552194"><ele>105.017935</ele><time>2026-03-08T14:22:42Z</time><extensions><speed>1.525377</speed><course>44.868489</course><hAcc>1.000687</hAcc><vAcc>0.770612</vAcc></extensions></trkpt>
      <trkpt lon="-82.152697" lat="33.552203"><ele>105.007276</ele><time>2026-03-08T14:22:43Z</time><extensions><speed>1.392381</speed><course>43.699994</course><hAcc>1.010322</hAcc><vAcc>0.771656</vAcc></extensions></trkpt>
      <trkpt lon="-82.152686" lat="33.552212"><ele>104.989837</ele><time>2026-03-08T14:22:44Z</time><extensions><speed>1.443217</speed><course>45.570522</course><hAcc>0.993167</hAcc><vAcc>0.772393</vAcc></extensions></trkpt>
      <trkpt lon="-82.152675" lat="33.552221"><ele>104.967961</ele><time>2026-03-08T14:22:45Z</time><extensions><speed>1.260005</speed><course>50.713776</course><hAcc>1.010118</hAcc><vAcc>0.773117</vAcc></extensions></trkpt>
      <trkpt lon="-82.152665" lat="33.552227"><ele>104.941677</ele><time>2026-03-08T14:22:46Z</time><extensions><speed>1.176361</speed><course>53.066972</course><hAcc>0.990302</hAcc><vAcc>0.773693</vAcc></extensions></trkpt>
      <trkpt lon="-82.152655" lat="33.552234"><ele>104.912045</ele><time>2026-03-08T14:22:47Z</time><extensions><speed>1.223446</speed><course>50.025109</course><hAcc>0.984043</hAcc><vAcc>0.774155</vAcc></extensions></trkpt>
      <trkpt lon="-82.152645" lat="33.552242"><ele>104.882437</ele><time>2026-03-08T14:22:48Z</time><extensions><speed>1.364827</speed><course>44.063507</course><hAcc>0.989007</hAcc><vAcc>0.774479</vAcc></extensions></trkpt>
      <trkpt lon="-82.152635" lat="33.552251"><ele>104.848887</ele><time>2026-03-08T14:22:49Z</time><extensions><speed>1.312004</speed><course>39.070385</course><hAcc>1.012101</hAcc><vAcc>0.775138</vAcc></extensions></trkpt>
      <trkpt lon="-82.152626" lat="33.552260"><ele>104.797184</ele><time>2026-03-08T14:22:50Z</time><extensions><speed>1.412122</speed><course>42.113134</course><hAcc>0.984629</hAcc><vAcc>0.775118</vAcc></extensions></trkpt>
      <trkpt lon="-82.152615" lat="33.552269"><ele>104.741745</ele><time>2026-03-08T14:22:51Z</time><extensions><speed>1.327597</speed><course>45.217184</course><hAcc>0.996638</hAcc><vAcc>0.774715</vAcc></extensions></trkpt>
      <trkpt lon="-82.152605" lat="33.552277"><ele>104.676670</ele><time>2026-03-08T14:22:52Z</time><extensions><speed>1.268688</speed><course>51.204216</course><hAcc>1.000021</hAcc><vAcc>0.773903</vAcc></extensions></trkpt>
      <trkpt lon="-82.152595" lat="33.552284"><ele>104.600991</ele><time>2026-03-08T14:22:53Z</time><extensions><speed>1.180894</speed><course>54.003812</course><hAcc>1.016828</hAcc><vAcc>0.772728</vAcc></extensions></trkpt>
      <trkpt lon="-82.152584" lat="33.552290"><ele>104.516746</ele><time>2026-03-08T14:22:54Z</time><extensions><speed>1.172953</speed><course>55.154134</course><hAcc>1.017288</hAcc><vAcc>0.771925</vAcc></extensions></trkpt>
      <trkpt lon="-82.152574" lat="33.552297"><ele>104.422951</ele><time>2026-03-08T14:22:55Z</time><extensions><speed>1.285162</speed><course>51.656257</course><hAcc>1.030282</hAcc><vAcc>0.770673</vAcc></extensions></trkpt>
      <trkpt lon="-82.152563" lat="33.552304"><ele>104.320014</ele><time>2026-03-08T14:22:56Z</time><extensions><speed>1.383988</speed><course>46.804975</course><hAcc>1.037327</hAcc><vAcc>0.770229</vAcc></extensions></trkpt>
      <trkpt lon="-82.152552" lat="33.552314"><ele>104.213329</ele><time>2026-03-08T14:22:57Z</time><extensions><speed>1.457390</speed><course>41.669173</course><hAcc>1.032998</hAcc><vAcc>0.770035</vAcc></extensions></trkpt>
      <trkpt lon="-82.152542" lat="33.552324"><ele>104.108202</ele><time>2026-03-08T14:22:58Z</time><extensions><speed>1.506930</speed><course>39.031397</course><hAcc>1.034605</hAcc><vAcc>0.769717</vAcc></extensions></trkpt>
      <trkpt lon="-82.152532" lat="33.552333"><ele>104.003196</ele><time>2026-03-08T14:22:59Z</time><extensions><speed>1.272646</speed><course>44.263283</course><hAcc>1.064028</hAcc><vAcc>0.769601</vAcc></extensions></trkpt>
      <trkpt lon="-82.152521" lat="33.552340"><ele>103.909017</ele><time>2026-03-08T14:23:00Z</time><extensions><speed>1.240473</speed><course>58.124945</course><hAcc>1.036008</hAcc><vAcc>0.769636</vAcc></extensions></trkpt>
      <trkpt lon="-82.152510" lat="33.552346"><ele>103.850843</ele><time>2026-03-08T14:23:01Z</time><extensions><speed>1.277999</speed><course>63.356168</course><hAcc>1.033222</hAcc><vAcc>0.769793</vAcc></extensions></trkpt>
      <trkpt lon="-82.152496" lat="33.552352"><ele>103.781822</ele><time>2026-03-08T14:23:02Z</time><extensions><speed>1.533852</speed><course>60.160015</course><hAcc>1.037400</hAcc><vAcc>0.770547</vAcc></extensions></trkpt>
      <trkpt lon="-82.152482" lat="33.552359"><ele>103.723723</ele><time>2026-03-08T14:23:03Z</time><extensions><speed>1.642464</speed><course>56.270952</course><hAcc>1.040040</hAcc><vAcc>0.770990</vAcc></extensions></trkpt>
      <trkpt lon="-82.152468" lat="33.552367"><ele>103.670027</ele><time>2026-03-08T14:23:04Z</time><extensions><speed>1.477865</speed><course>56.041324</course><hAcc>1.050774</hAcc><vAcc>0.771345</vAcc></extensions></trkpt>
      <trkpt lon="-82.152454" lat="33.552375"><ele>103.622906</ele><time>2026-03-08T14:23:05Z</time><extensions><speed>1.596043</speed><course>59.166427</course><hAcc>1.031444</hAcc><vAcc>0.771450</vAcc></extensions></trkpt>
      <trkpt lon="-82.152440" lat="33.552381"><ele>103.588106</ele><time>2026-03-08T14:23:06Z</time><extensions><speed>1.332999</speed><course>65.044867</course><hAcc>1.053618</hAcc><vAcc>0.771220</vAcc></extensions></trkpt>
      <trkpt lon="-82.152427" lat="33.552386"><ele>103.566722</ele><time>2026-03-08T14:23:07Z</time><extensions><speed>1.231577</speed><course>65.489324</course><hAcc>1.039297</hAcc><vAcc>0.770614</vAcc></extensions></trkpt>
      <trkpt lon="-82.152416" lat="33.552391"><ele>103.560796</ele><time>2026-03-08T14:23:08Z</time><extensions><speed>1.143772</speed><course>60.623977</course><hAcc>1.027389</hAcc><vAcc>0.769684</vAcc></extensions></trkpt>
      <trkpt lon="-82.152405" lat="33.552396"><ele>103.567992</ele><time>2026-03-08T14:23:09Z</time><extensions><speed>1.251358</speed><course>55.041629</course><hAcc>1.029302</hAcc><vAcc>0.768554</vAcc></extensions></trkpt>
      <trkpt lon="-82.152394" lat="33.552403"><ele>103.586585</ele><time>2026-03-08T14:23:10Z</time><extensions><speed>1.406444</speed><course>51.829272</course><hAcc>1.027084</hAcc><vAcc>0.767333</vAcc></extensions></trkpt>
      <trkpt lon="-82.152381" lat="33.552412"><ele>103.613903</ele><time>2026-03-08T14:23:11Z</time><extensions><speed>1.483379</speed><course>50.094820</course><hAcc>1.033586</hAcc><vAcc>0.766085</vAcc></extensions></trkpt>
      <trkpt lon="-82.152370" lat="33.552420"><ele>103.648303</ele><time>2026-03-08T14:23:12Z</time><extensions><speed>1.324463</speed><course>47.520931</course><hAcc>1.061732</hAcc><vAcc>0.764827</vAcc></extensions></trkpt>
      <trkpt lon="-82.152360" lat="33.552428"><ele>103.687262</ele><time>2026-03-08T14:23:13Z</time><extensions><speed>1.271599</speed><course>43.560658</course><hAcc>1.038823</hAcc><vAcc>0.763572</vAcc></extensions></trkpt>
      <trkpt lon="-82.152352" lat="33.552436"><ele>103.730340</ele><time>2026-03-08T14:23:14Z</time><extensions><speed>1.111891</speed><course>39.775823</course><hAcc>1.045934</hAcc><vAcc>0.762363</vAcc></extensions></trkpt>
      <trkpt lon="-82.152344" lat="33.552443"><ele>103.776747</ele><time>2026-03-08T14:23:15Z</time><extensions><speed>0.982386</speed><course>41.976300</course><hAcc>1.063406</hAcc><vAcc>0.761252</vAcc></extensions></trkpt>
      <trkpt lon="-82.152337" lat="33.552449"><ele>103.825888</ele><time>2026-03-08T14:23:16Z</time><extensions><speed>0.826535</speed><course>45.473763</course><hAcc>1.076826</hAcc><vAcc>0.760272</vAcc></extensions></trkpt>
      <trkpt lon="-82.152332" lat="33.552454"><ele>103.867883</ele><time>2026-03-08T14:23:17Z</time><extensions><speed>0.676147</speed><course>47.040758</course><hAcc>1.076879</hAcc><vAcc>0.759439</vAcc></extensions></trkpt>
      <trkpt lon="-82.152327" lat="33.552458"><ele>103.908807</ele><time>2026-03-08T14:23:18Z</time><extensions><speed>0.499073</speed><course>47.148933</course><hAcc>1.096279</hAcc><vAcc>0.758752</vAcc></extensions></trkpt>
      <trkpt lon="-82.152324" lat="33.552460"><ele>103.943411</ele><time>2026-03-08T14:23:19Z</time><extensions><speed>0.268009</speed><course>36.886070</course><hAcc>1.120645</hAcc><vAcc>0.758204</vAcc></extensions></trkpt>
      <trkpt lon="-82.152324" lat="33.552462"><ele>103.973875</ele><time>2026-03-08T14:23:20Z</time><extensions><speed>0.123541</speed><course>340.169460</course><hAcc>1.127032</hAcc><vAcc>0.757779</vAcc></extensions></trkpt>
      <trkpt lon="-82.152324" lat="33.552462"><ele>103.999276</ele><time>2026-03-08T14:23:21Z</time><extensions><speed>0.125643</speed><course>311.874726</course><hAcc>1.144568</hAcc><vAcc>0.757458</vAcc></extensions></trkpt>
      <trkpt lon="-82.152325" lat="33.552463"><ele>104.010657</ele><time>2026-03-08T14:23:22Z</time><extensions><speed>0.105773</speed><course>306.604133</course><hAcc>1.165732</hAcc><vAcc>0.757224</vAcc></extensions></trkpt>
      <trkpt lon="-82.152326" lat="33.552464"><ele>104.014147</ele><time>2026-03-08T14:23:23Z</time><extensions><speed>0.075083</speed><course>311.984332</course><hAcc>1.185547</hAcc><vAcc>0.757057</vAcc></extensions></trkpt>
      <trkpt lon="-82.152326" lat="33.552464"><ele>104.009575</ele><time>2026-03-08T14:23:24Z</time><extensions><speed>0.052648</speed><course>329.623909</course><hAcc>1.205208</hAcc><vAcc>0.756942</vAcc></extensions></trkpt>
      <trkpt lon="-82.152327" lat="33.552464"><ele>103.997140</ele><time>2026-03-08T14:23:25Z</time><extensions><speed>0.046353</speed><course>355.665420</course><hAcc>1.223445</hAcc><vAcc>0.756865</vAcc></extensions></trkpt>
      <trkpt lon="-82.152327" lat="33.552465"><ele>103.977385</ele><time>2026-03-08T14:23:26Z</time><extensions><speed>0.054509</speed><course>16.339465</course><hAcc>1.236459</hAcc><vAcc>0.756816</vAcc></extensions></trkpt>
      <trkpt lon="-82.152326" lat="33.552465"><ele>103.951209</ele><time>2026-03-08T14:23:27Z</time><extensions><speed>0.062459</speed><course>29.746299</course><hAcc>1.242264</hAcc><vAcc>0.756786</vAcc></extensions></trkpt>
      <trkpt lon="-82.152326" lat="33.552466"><ele>103.919800</ele><time>2026-03-08T14:23:28Z</time><extensions><speed>0.054180</speed><course>38.002850</course><hAcc>1.243486</hAcc><vAcc>0.756769</vAcc></extensions></trkpt>
      <trkpt lon="-82.152326" lat="33.552466"><ele>103.884454</ele><time>2026-03-08T14:23:29Z</time><extensions><speed>0.049393</speed><course>47.916869</course><hAcc>1.241236</hAcc><vAcc>0.756760</vAcc></extensions></trkpt>
      <trkpt lon="-82.152325" lat="33.552466"><ele>103.848873</ele><time>2026-03-08T14:23:30Z</time><extensions><speed>0.036988</speed><course>56.701035</course><hAcc>1.240094</hAcc><vAcc>0.756755</vAcc></extensions></trkpt>
      <trkpt lon="-82.152325" lat="33.552467"><ele>103.815973</ele><time>2026-03-08T14:23:31Z</time><extensions><speed>0.035063</speed><course>66.121614</course><hAcc>1.240233</hAcc><vAcc>0.756752</vAcc></extensions></trkpt>
      <trkpt lon="-82.152324" lat="33.552467"><ele>103.784135</ele><time>2026-03-08T14:23:32Z</time><extensions><speed>0.040459</speed><course>69.417829</course><hAcc>1.240466</hAcc><vAcc>0.756749</vAcc></extensions></trkpt>
      <trkpt lon="-82.152324" lat="33.552467"><ele>103.758021</ele><time>2026-03-08T14:23:33Z</time><extensions><speed>0.021111</speed><course>83.490218</course><hAcc>1.246896</hAcc><vAcc>0.756747</vAcc></extensions></trkpt>
      <trkpt lon="-82.152324" lat="33.552467"><ele>103.735737</ele><time>2026-03-08T14:23:34Z</time><extensions><speed>0.015391</speed><course>103.653368</course><hAcc>1.255721</hAcc><vAcc>0.756744</vAcc></extensions></trkpt>
      <trkpt lon="-82.152324" lat="33.552467"><ele>103.718775</ele><time>2026-03-08T14:23:35Z</time><extensions><speed>0.019253</speed><course>113.786129</course><hAcc>1.259867</hAcc><vAcc>0.756948</vAcc></extensions></trkpt>
      <trkpt lon="-82.152324" lat="33.552467"><ele>103.706717</ele><time>2026-03-08T14:23:36Z</time><extensions><speed>0.030017</speed><course>113.525530</course><hAcc>1.258482</hAcc><vAcc>0.757378</vAcc></extensions></trkpt>
      <trkpt lon="-82.152323" lat="33.552466"><ele>103.698505</ele><time>2026-03-08T14:23:37Z</time><extensions><speed>0.046962</speed><course>111.270769</course><hAcc>1.256508</hAcc><vAcc>0.758183</vAcc></extensions></trkpt>
      <trkpt lon="-82.152323" lat="33.552466"><ele>103.694705</ele><time>2026-03-08T14:23:38Z</time><extensions><speed>0.067725</speed><course>108.778570</course><hAcc>1.260825</hAcc><vAcc>0.758922</vAcc></extensions></trkpt>
      <trkpt lon="-82.152322" lat="33.552466"><ele>103.695226</ele><time>2026-03-08T14:23:39Z</time><extensions><speed>0.094656</speed><course>105.411759</course><hAcc>1.262030</hAcc><vAcc>0.759951</vAcc></extensions></trkpt>
      <trkpt lon="-82.152321" lat="33.552466"><ele>103.694904</ele><time>2026-03-08T14:23:40Z</time><extensions><speed>0.097723</speed><course>97.563351</course><hAcc>1.274393</hAcc><vAcc>0.761269</vAcc></extensions></trkpt>
      <trkpt lon="-82.152320" lat="33.552466"><ele>103.696699</ele><time>2026-03-08T14:23:41Z</time><extensions><speed>0.095577</speed><course>80.910498</course><hAcc>1.280153</hAcc><vAcc>0.763064</vAcc></extensions></trkpt>
      <trkpt lon="-82.152319" lat="33.552466"><ele>103.700115</ele><time>2026-03-08T14:23:42Z</time><extensions><speed>0.089813</speed><course>60.314388</course><hAcc>1.297001</hAcc><vAcc>0.765775</vAcc></extensions></trkpt>
      <trkpt lon="-82.152318" lat="33.552467"><ele>103.704029</ele><time>2026-03-08T14:23:43Z</time><extensions><speed>0.093295</speed><course>43.042965</course><hAcc>1.314974</hAcc><vAcc>0.769212</vAcc></extensions></trkpt>
      <trkpt lon="-82.152317" lat="33.552467"><ele>103.708808</ele><time>2026-03-08T14:23:44Z</time><extensions><speed>0.100752</speed><course>32.526245</course><hAcc>1.329371</hAcc><vAcc>0.773591</vAcc></extensions></trkpt>
      <trkpt lon="-82.152317" lat="33.552468"><ele>103.714697</ele><time>2026-03-08T14:23:45Z</time><extensions><speed>0.109289</speed><course>28.013351</course><hAcc>1.344585</hAcc><vAcc>0.779327</vAcc></extensions></trkpt>
      <trkpt lon="-82.152316" lat="33.552469"><ele>103.720012</ele><time>2026-03-08T14:23:46Z</time><extensions><speed>0.103186</speed><course>23.219106</course><hAcc>1.362003</hAcc><vAcc>0.786078</vAcc></extensions></trkpt>
      <trkpt lon="-82.152316" lat="33.552470"><ele>103.724610</ele><time>2026-03-08T14:23:47Z</time><extensions><speed>0.090072</speed><course>20.932784</course><hAcc>1.381544</hAcc><vAcc>0.793147</vAcc></extensions></trkpt>
      <trkpt lon="-82.152316" lat="33.552471"><ele>103.728356</ele><time>2026-03-08T14:23:48Z</time><extensions><speed>0.083391</speed><course>19.407518</course><hAcc>1.381638</hAcc><vAcc>0.800817</vAcc></extensions></trkpt>
      <trkpt lon="-82.152315" lat="33.552471"><ele>103.731341</ele><time>2026-03-08T14:23:49Z</time><extensions><speed>0.069858</speed><course>18.150481</course><hAcc>1.393103</hAcc><vAcc>0.808970</vAcc></extensions></trkpt>
      <trkpt lon="-82.152315" lat="33.552472"><ele>103.733774</ele><time>2026-03-08T14:23:50Z</time><extensions><speed>0.058296</speed><course>18.971452</course><hAcc>1.412710</hAcc><vAcc>0.817253</vAcc></extensions></trkpt>
      <trkpt lon="-82.152315" lat="33.552472"><ele>103.735897</ele><time>2026-03-08T14:23:51Z</time><extensions><speed>0.046861</speed><course>19.757857</course><hAcc>1.435191</hAcc><vAcc>0.825732</vAcc></extensions></trkpt>
      <trkpt lon="-82.152315" lat="33.552473"><ele>103.737928</ele><time>2026-03-08T14:23:52Z</time><extensions><speed>0.043172</speed><course>24.604252</course><hAcc>1.456511</hAcc><vAcc>0.834267</vAcc></extensions></trkpt>
      <trkpt lon="-82.152315" lat="33.552473"><ele>103.740017</ele><time>2026-03-08T14:23:53Z</time><extensions><speed>0.044964</speed><course>30.775697</course><hAcc>1.473013</hAcc><vAcc>0.841722</vAcc></extensions></trkpt>
      <trkpt lon="-82.152314" lat="33.552473"><ele>103.742201</ele><time>2026-03-08T14:23:54Z</time><extensions><speed>0.045180</speed><course>37.439169</course><hAcc>1.496111</hAcc><vAcc>0.848280</vAcc></extensions></trkpt>
      <trkpt lon="-82.152314" lat="33.552474"><ele>103.744459</ele><time>2026-03-08T14:23:55Z</time><extensions><speed>0.021391</speed><course>33.452333</course><hAcc>1.534324</hAcc><vAcc>0.854277</vAcc></extensions></trkpt>
      <trkpt lon="-82.152314" lat="33.552474"><ele>103.746739</ele><time>2026-03-08T14:23:56Z</time><extensions><speed>0.011316</speed><course>28.843919</course><hAcc>1.544242</hAcc><vAcc>0.859071</vAcc></extensions></trkpt>
      <trkpt lon="-82.152314" lat="33.552474"><ele>103.738265</ele><time>2026-03-08T14:23:57Z</time><extensions><speed>0.008039</speed><course>25.842534</course><hAcc>1.528814</hAcc><vAcc>0.862325</vAcc></extensions></trkpt>
      <trkpt lon="-82.152314" lat="33.552474"><ele>103.727723</ele><time>2026-03-08T14:23:58Z</time><extensions><speed>0.005811</speed><course>26.296672</course><hAcc>1.530806</hAcc><vAcc>0.864425</vAcc></extensions></trkpt>
      <trkpt lon="-82.152314" lat="33.552474"><ele>103.716174</ele><time>2026-03-08T14:23:59Z</time><extensions><speed>0.004845</speed><course>32.365816</course><hAcc>1.539489</hAcc><vAcc>0.865911</vAcc></extensions></trkpt>
      <trkpt lon="-82.152314" lat="33.552474"><ele>103.704512</ele><time>2026-03-08T14:24:00Z</time><extensions><speed>0.005146</speed><course>41.128106</course><hAcc>1.543859</hAcc><vAcc>0.866271</vAcc></extensions></trkpt>
      <trkpt lon="-82.152314" lat="33.552474"><ele>103.691590</ele><time>2026-03-08T14:24:01Z</time><extensions><speed>0.006943</speed><course>47.919352</course><hAcc>1.544310</hAcc><vAcc>0.866062</vAcc></extensions></trkpt>
      <trkpt lon="-82.152314" lat="33.552474"><ele>103.674800</ele><time>2026-03-08T14:24:02Z</time><extensions><speed>0.010496</speed><course>50.869407</course><hAcc>1.542401</hAcc><vAcc>0.865372</vAcc></extensions></trkpt>
      <trkpt lon="-82.152314" lat="33.552474"><ele>103.656874</ele><time>2026-03-08T14:24:03Z</time><extensions><speed>0.016205</speed><course>51.788679</course><hAcc>1.538362</hAcc><vAcc>0.865219</vAcc></extensions></trkpt>
      <trkpt lon="-82.152313" lat="33.552474"><ele>103.630621</ele><time>2026-03-08T14:24:03Z</time><extensions><speed>0.023565</speed><course>51.839448</course><hAcc>1.537715</hAcc><vAcc>0.864655</vAcc></extensions></trkpt>
      <trkpt lon="-82.152313" lat="33.552474"><ele>103.602514</ele><time>2026-03-08T14:24:04Z</time><extensions><speed>0.031456</speed><course>51.477619</course><hAcc>1.542205</hAcc><vAcc>0.864418</vAcc></extensions></trkpt>
      <trkpt lon="-82.152313" lat="33.552475"><ele>103.568196</ele><time>2026-03-08T14:24:05Z</time><extensions><speed>0.037417</speed><course>50.430923</course><hAcc>1.544847</hAcc><vAcc>0.863637</vAcc></extensions></trkpt>
      <trkpt lon="-82.152313" lat="33.552475"><ele>103.532670</ele><time>2026-03-08T14:24:06Z</time><extensions><speed>0.032873</speed><course>47.327095</course><hAcc>1.543942</hAcc><vAcc>0.862760</vAcc></extensions></trkpt>
      <trkpt lon="-82.152312" lat="33.552475"><ele>103.498469</ele><time>2026-03-08T14:24:07Z</time><extensions><speed>0.017892</speed><course>33.130167</course><hAcc>1.543802</hAcc><vAcc>0.861794</vAcc></extensions></trkpt>
      <trkpt lon="-82.152312" lat="33.552475"><ele>103.466324</ele><time>2026-03-08T14:24:08Z</time><extensions><speed>0.011672</speed><course>299.714475</course><hAcc>1.542255</hAcc><vAcc>0.861173</vAcc></extensions></trkpt>
      <trkpt lon="-82.152313" lat="33.552475"><ele>103.434840</ele><time>2026-03-08T14:24:09Z</time><extensions><speed>0.023812</speed><course>273.217095</course><hAcc>1.531957</hAcc><vAcc>0.860812</vAcc></extensions></trkpt>
      <trkpt lon="-82.152313" lat="33.552475"><ele>103.403989</ele><time>2026-03-08T14:24:10Z</time><extensions><speed>0.031794</speed><course>269.275804</course><hAcc>1.520821</hAcc><vAcc>0.860654</vAcc></extensions></trkpt>
      <trkpt lon="-82.152313" lat="33.552475"><ele>103.374053</ele><time>2026-03-08T14:24:11Z</time><extensions><speed>0.036607</speed><course>266.300616</course><hAcc>1.521973</hAcc><vAcc>0.860973</vAcc></extensions></trkpt>
      <trkpt lon="-82.152314" lat="33.552475"><ele>103.345635</ele><time>2026-03-08T14:24:12Z</time><extensions><speed>0.036214</speed><course>263.807429</course><hAcc>1.536143</hAcc><vAcc>0.861328</vAcc></extensions></trkpt>
      <trkpt lon="-82.152314" lat="33.552475"><ele>103.328248</ele><time>2026-03-08T14:24:13Z</time><extensions><speed>0.041052</speed><course>266.560389</course><hAcc>1.515540</hAcc><vAcc>0.860890</vAcc></extensions></trkpt>
      <trkpt lon="-82.152315" lat="33.552475"><ele>103.315120</ele><time>2026-03-08T14:24:14Z</time><extensions><speed>0.040232</speed><course>270.136598</course><hAcc>1.504360</hAcc><vAcc>0.860439</vAcc></extensions></trkpt>
      <trkpt lon="-82.152315" lat="33.552475"><ele>103.306087</ele><time>2026-03-08T14:24:15Z</time><extensions><speed>0.035521</speed><course>273.922436</course><hAcc>1.490348</hAcc><vAcc>0.859882</vAcc></extensions></trkpt>
      <trkpt lon="-82.152315" lat="33.552475"><ele>103.300627</ele><time>2026-03-08T14:24:16Z</time><extensions><speed>0.024725</speed><course>277.444240</course><hAcc>1.473034</hAcc><vAcc>0.859659</vAcc></extensions></trkpt>
      <trkpt lon="-82.152316" lat="33.552475"><ele>103.298917</ele><time>2026-03-08T14:24:17Z</time><extensions><speed>0.025438</speed><course>259.819573</course><hAcc>1.456426</hAcc><vAcc>0.859860</vAcc></extensions></trkpt>
      <trkpt lon="-82.152316" lat="33.552475"><ele>103.300777</ele><time>2026-03-08T14:24:18Z</time><extensions><speed>0.028630</speed><course>248.601008</course><hAcc>1.448490</hAcc><vAcc>0.860727</vAcc></extensions></trkpt>
      <trkpt lon="-82.152316" lat="33.552475"><ele>103.306201</ele><time>2026-03-08T14:24:19Z</time><extensions><speed>0.027484</speed><course>245.308346</course><hAcc>1.452872</hAcc><vAcc>0.861886</vAcc></extensions></trkpt>
      <trkpt lon="-82.152316" lat="33.552475"><ele>103.316582</ele><time>2026-03-08T14:24:20Z</time><extensions><speed>0.027887</speed><course>245.320190</course><hAcc>1.461281</hAcc><vAcc>0.863151</vAcc></extensions></trkpt>
      <trkpt lon="-82.152317" lat="33.552475"><ele>103.329873</ele><time>2026-03-08T14:24:21Z</time><extensions><speed>0.033803</speed><course>246.529290</course><hAcc>1.464875</hAcc><vAcc>0.864721</vAcc></extensions></trkpt>
      <trkpt lon="-82.152317" lat="33.552474"><ele>103.344809</ele><time>2026-03-08T14:24:22Z</time><extensions><speed>0.037779</speed><course>248.200276</course><hAcc>1.476805</hAcc><vAcc>0.866282</vAcc></extensions></trkpt>
      <trkpt lon="-82.152317" lat="33.552474"><ele>103.373178</ele><time>2026-03-08T14:24:23Z</time><extensions><speed>0.041596</speed><course>250.623609</course><hAcc>1.467987</hAcc><vAcc>0.867357</vAcc></extensions></trkpt>
      <trkpt lon="-82.152318" lat="33.552474"><ele>103.403844</ele><time>2026-03-08T14:24:24Z</time><extensions><speed>0.035871</speed><course>251.973559</course><hAcc>1.474628</hAcc><vAcc>0.868455</vAcc></extensions></trkpt>
      <trkpt lon="-82.152318" lat="33.552474"><ele>103.438356</ele><time>2026-03-08T14:24:25Z</time><extensions><speed>0.035637</speed><course>249.421003</course><hAcc>1.487933</hAcc><vAcc>0.869649</vAcc></extensions></trkpt>
      <trkpt lon="-82.152319" lat="33.552474"><ele>103.477321</ele><time>2026-03-08T14:24:26Z</time><extensions><speed>0.032324</speed><course>248.428245</course><hAcc>1.499308</hAcc><vAcc>0.870893</vAcc></extensions></trkpt>
      <trkpt lon="-82.152319" lat="33.552474"><ele>103.516581</ele><time>2026-03-08T14:24:27Z</time><extensions><speed>0.030454</speed><course>248.044588</course><hAcc>1.508595</hAcc><vAcc>0.872397</vAcc></extensions></trkpt>
      <trkpt lon="-82.152319" lat="33.552474"><ele>103.557890</ele><time>2026-03-08T14:24:28Z</time><extensions><speed>0.031230</speed><course>247.861247</course><hAcc>1.515545</hAcc><vAcc>0.873494</vAcc></extensions></trkpt>
      <trkpt lon="-82.152319" lat="33.552474"><ele>103.599732</ele><time>2026-03-08T14:24:29Z</time><extensions><speed>0.033865</speed><course>247.056046</course><hAcc>1.516433</hAcc><vAcc>0.874565</vAcc></extensions></trkpt>
      <trkpt lon="-82.152320" lat="33.552474"><ele>103.639315</ele><time>2026-03-08T14:24:30Z</time><extensions><speed>0.030852</speed><course>244.093264</course><hAcc>1.523804</hAcc><vAcc>0.875223</vAcc></extensions></trkpt>
      <trkpt lon="-82.152320" lat="33.552473"><ele>103.676619</ele><time>2026-03-08T14:24:31Z</time><extensions><speed>0.026147</speed><course>235.061532</course><hAcc>1.534096</hAcc><vAcc>0.876172</vAcc></extensions></trkpt>
      <trkpt lon="-82.152320" lat="33.552473"><ele>103.712835</ele><time>2026-03-08T14:24:32Z</time><extensions><speed>0.024426</speed><course>216.792325</course><hAcc>1.533734</hAcc><vAcc>0.876306</vAcc></extensions></trkpt>
      <trkpt lon="-82.152320" lat="33.552473"><ele>103.747760</ele><time>2026-03-08T14:24:33Z</time><extensions><speed>0.027011</speed><course>197.562581</course><hAcc>1.530607</hAcc><vAcc>0.876625</vAcc></extensions></trkpt>
      <trkpt lon="-82.152320" lat="33.552473"><ele>103.781604</ele><time>2026-03-08T14:24:34Z</time><extensions><speed>0.029511</speed><course>184.937372</course><hAcc>1.536646</hAcc><vAcc>0.877080</vAcc></extensions></trkpt>
      <trkpt lon="-82.152320" lat="33.552473"><ele>103.811177</ele><time>2026-03-08T14:24:35Z</time><extensions><speed>0.028288</speed><course>173.671044</course><hAcc>1.545656</hAcc><vAcc>0.878102</vAcc></extensions></trkpt>
      <trkpt lon="-82.152320" lat="33.552472"><ele>103.836182</ele><time>2026-03-08T14:24:36Z</time><extensions><speed>0.020542</speed><course>148.531247</course><hAcc>1.552850</hAcc><vAcc>0.879470</vAcc></extensions></trkpt>
      <trkpt lon="-82.152320" lat="33.552472"><ele>103.860486</ele><time>2026-03-08T14:24:37Z</time><extensions><speed>0.016796</speed><course>98.071806</course><hAcc>1.557343</hAcc><vAcc>0.881560</vAcc></extensions></trkpt>
      <trkpt lon="-82.152320" lat="33.552472"><ele>103.878552</ele><time>2026-03-08T14:24:38Z</time><extensions><speed>0.031896</speed><course>64.443128</course><hAcc>1.558955</hAcc><vAcc>0.884976</vAcc></extensions></trkpt>
      <trkpt lon="-82.152320" lat="33.552472"><ele>103.894762</ele><time>2026-03-08T14:24:39Z</time><extensions><speed>0.021911</speed><course>61.865480</course><hAcc>1.562481</hAcc><vAcc>0.888229</vAcc></extensions></trkpt>
      <trkpt lon="-82.152320" lat="33.552472"><ele>103.907004</ele><time>2026-03-08T14:24:40Z</time><extensions><speed>0.017379</speed><course>65.476633</course><hAcc>1.571399</hAcc><vAcc>0.891700</vAcc></extensions></trkpt>
      <trkpt lon="-82.152319" lat="33.552473"><ele>103.917706</ele><time>2026-03-08T14:24:41Z</time><extensions><speed>0.013120</speed><course>74.685020</course><hAcc>1.586463</hAcc><vAcc>0.896194</vAcc></extensions></trkpt>
      <trkpt lon="-82.152319" lat="33.552473"><ele>103.926012</ele><time>2026-03-08T14:24:42Z</time><extensions><speed>0.004883</speed><course>115.878745</course><hAcc>1.591538</hAcc><vAcc>0.900841</vAcc></extensions></trkpt>
      <trkpt lon="-82.152319" lat="33.552473"><ele>103.932204</ele><time>2026-03-08T14:24:43Z</time><extensions><speed>0.007450</speed><course>215.933681</course><hAcc>1.603201</hAcc><vAcc>0.905907</vAcc></extensions></trkpt>
      <trkpt lon="-82.152319" lat="33.552472"><ele>103.940020</ele><time>2026-03-08T14:24:44Z</time><extensions><speed>0.009902</speed><course>229.349258</course><hAcc>1.619178</hAcc><vAcc>0.909728</vAcc></extensions></trkpt>
      <trkpt lon="-82.152319" lat="33.552472"><ele>103.942480</ele><time>2026-03-08T14:24:45Z</time><extensions><speed>0.020274</speed><course>236.966170</course><hAcc>1.633710</hAcc><vAcc>0.913664</vAcc></extensions></trkpt>
      <trkpt lon="-82.152320" lat="33.552472"><ele>103.941708</ele><time>2026-03-08T14:24:46Z</time><extensions><speed>0.020907</speed><course>241.089759</course><hAcc>1.642790</hAcc><vAcc>0.917297</vAcc></extensions></trkpt>
      <trkpt lon="-82.152320" lat="33.552472"><ele>103.940080</ele><time>2026-03-08T14:24:47Z</time><extensions><speed>0.024953</speed><course>244.978039</course><hAcc>1.648639</hAcc><vAcc>0.920611</vAcc></extensions></trkpt>
      <trkpt lon="-82.152320" lat="33.552472"><ele>103.938111</ele><time>2026-03-08T14:24:48Z</time><extensions><speed>0.027438</speed><course>246.964715</course><hAcc>1.649154</hAcc><vAcc>0.923136</vAcc></extensions></trkpt>
      <trkpt lon="-82.152320" lat="33.552472"><ele>103.935741</ele><time>2026-03-08T14:24:49Z</time><extensions><speed>0.028099</speed><course>245.708036</course><hAcc>1.627939</hAcc><vAcc>0.924932</vAcc></extensions></trkpt>
      <trkpt lon="-82.152321" lat="33.552472"><ele>103.932895</ele><time>2026-03-08T14:24:51Z</time><extensions><speed>0.023646</speed><course>241.571482</course><hAcc>1.612699</hAcc><vAcc>0.926131</vAcc></extensions></trkpt>
      <trkpt lon="-82.152321" lat="33.552472"><ele>103.929674</ele><time>2026-03-08T14:24:52Z</time><extensions><speed>0.027258</speed><course>234.979242</course><hAcc>1.617438</hAcc><vAcc>0.926883</vAcc></extensions></trkpt>
      <trkpt lon="-82.152321" lat="33.552472"><ele>103.926145</ele><time>2026-03-08T14:24:53Z</time><extensions><speed>0.029244</speed><course>229.267100</course><hAcc>1.618088</hAcc><vAcc>0.927344</vAcc></extensions></trkpt>
      <trkpt lon="-82.152321" lat="33.552471"><ele>103.922362</ele><time>2026-03-08T14:24:54Z</time><extensions><speed>0.030670</speed><course>223.694546</course><hAcc>1.614072</hAcc><vAcc>0.927610</vAcc></extensions></trkpt>
      <trkpt lon="-82.152322" lat="33.552471"><ele>103.918377</ele><time>2026-03-08T14:24:55Z</time><extensions><speed>0.031652</speed><course>217.022023</course><hAcc>1.603934</hAcc><vAcc>0.927728</vAcc></extensions></trkpt>
      <trkpt lon="-82.152322" lat="33.552471"><ele>103.937960</ele><time>2026-03-08T14:24:56Z</time><extensions><speed>0.033430</speed><course>214.534432</course><hAcc>1.610212</hAcc><vAcc>0.928023</vAcc></extensions></trkpt>
      <trkpt lon="-82.152322" lat="33.552471"><ele>103.968237</ele><time>2026-03-08T14:24:57Z</time><extensions><speed>0.027728</speed><course>207.911174</course><hAcc>1.621895</hAcc><vAcc>0.927171</vAcc></extensions></trkpt>
      <trkpt lon="-82.152322" lat="33.552470"><ele>104.001704</ele><time>2026-03-08T14:24:58Z</time><extensions><speed>0.029772</speed><course>211.180481</course><hAcc>1.627627</hAcc><vAcc>0.925954</vAcc></extensions></trkpt>
      <trkpt lon="-82.152322" lat="33.552470"><ele>104.042897</ele><time>2026-03-08T14:24:59Z</time><extensions><speed>0.027200</speed><course>212.351968</course><hAcc>1.623844</hAcc><vAcc>0.924523</vAcc></extensions></trkpt>
      <trkpt lon="-82.152323" lat="33.552470"><ele>104.091925</ele><time>2026-03-08T14:25:00Z</time><extensions><speed>0.025565</speed><course>217.399777</course><hAcc>1.614581</hAcc><vAcc>0.922784</vAcc></extensions></trkpt>
      <trkpt lon="-82.152323" lat="33.552470"><ele>104.146002</ele><time>2026-03-08T14:25:01Z</time><extensions><speed>0.021598</speed><course>223.814736</course><hAcc>1.605215</hAcc><vAcc>0.920659</vAcc></extensions></trkpt>
      <trkpt lon="-82.152323" lat="33.552470"><ele>104.199880</ele><time>2026-03-08T14:25:02Z</time><extensions><speed>0.018903</speed><course>232.580382</course><hAcc>1.595930</hAcc><vAcc>0.918227</vAcc></extensions></trkpt>
      <trkpt lon="-82.152323" lat="33.552470"><ele>104.247531</ele><time>2026-03-08T14:25:03Z</time><extensions><speed>0.018996</speed><course>242.101535</course><hAcc>1.585240</hAcc><vAcc>0.915428</vAcc></extensions></trkpt>
      <trkpt lon="-82.152323" lat="33.552470"><ele>104.296790</ele><time>2026-03-08T14:25:04Z</time><extensions><speed>0.021025</speed><course>249.550843</course><hAcc>1.584624</hAcc><vAcc>0.911707</vAcc></extensions></trkpt>
      <trkpt lon="-82.152323" lat="33.552470"><ele>104.339701</ele><time>2026-03-08T14:25:05Z</time><extensions><speed>0.024152</speed><course>254.456502</course><hAcc>1.597776</hAcc><vAcc>0.907903</vAcc></extensions></trkpt>
      <trkpt lon="-82.152324" lat="33.552469"><ele>104.382032</ele><time>2026-03-08T14:25:06Z</time><extensions><speed>0.030638</speed><course>257.077272</course><hAcc>1.603540</hAcc><vAcc>0.903664</vAcc></extensions></trkpt>
      <trkpt lon="-82.152324" lat="33.552469"><ele>104.422112</ele><time>2026-03-08T14:25:07Z</time><extensions><speed>0.046261</speed><course>261.189648</course><hAcc>1.581125</hAcc><vAcc>0.898752</vAcc></extensions></trkpt>
      <trkpt lon="-82.152325" lat="33.552469"><ele>104.459427</ele><time>2026-03-08T14:25:08Z</time><extensions><speed>0.057204</speed><course>269.382139</course><hAcc>1.573370</hAcc><vAcc>0.893831</vAcc></extensions></trkpt>
      <trkpt lon="-82.152325" lat="33.552469"><ele>104.492304</ele><time>2026-03-08T14:25:09Z</time><extensions><speed>0.062887</speed><course>285.386180</course><hAcc>1.574372</hAcc><vAcc>0.888514</vAcc></extensions></trkpt>
      <trkpt lon="-82.152326" lat="33.552470"><ele>104.520603</ele><time>2026-03-08T14:25:10Z</time><extensions><speed>0.069913</speed><course>305.932879</course><hAcc>1.571274</hAcc><vAcc>0.883534</vAcc></extensions></trkpt>
      <trkpt lon="-82.152327" lat="33.552470"><ele>104.543608</ele><time>2026-03-08T14:25:11Z</time><extensions><speed>0.074238</speed><course>321.230457</course><hAcc>1.559104</hAcc><vAcc>0.878875</vAcc></extensions></trkpt>
      <trkpt lon="-82.152327" lat="33.552471"><ele>104.561214</ele><time>2026-03-08T14:25:12Z</time><extensions><speed>0.067864</speed><course>327.135258</course><hAcc>1.539711</hAcc><vAcc>0.874692</vAcc></extensions></trkpt>
      <trkpt lon="-82.152327" lat="33.552471"><ele>104.573648</ele><time>2026-03-08T14:25:13Z</time><extensions><speed>0.056577</speed><course>313.442929</course><hAcc>1.515841</hAcc><vAcc>0.871031</vAcc></extensions></trkpt>
      <trkpt lon="-82.152328" lat="33.552471"><ele>104.581515</ele><time>2026-03-08T14:25:14Z</time><extensions><speed>0.043421</speed><course>314.250985</course><hAcc>1.490071</hAcc><vAcc>0.868097</vAcc></extensions></trkpt>
      <trkpt lon="-82.152328" lat="33.552472"><ele>104.585520</ele><time>2026-03-08T14:25:15Z</time><extensions><speed>0.028929</speed><course>319.881993</course><hAcc>1.477062</hAcc><vAcc>0.866052</vAcc></extensions></trkpt>
      <trkpt lon="-82.152328" lat="33.552472"><ele>104.555536</ele><time>2026-03-08T14:25:16Z</time><extensions><speed>0.018343</speed><course>325.690567</course><hAcc>1.471474</hAcc><vAcc>0.865510</vAcc></extensions></trkpt>
      <trkpt lon="-82.152328" lat="33.552472"><ele>104.514039</ele><time>2026-03-08T14:25:17Z</time><extensions><speed>0.012642</speed><course>333.995633</course><hAcc>1.470524</hAcc><vAcc>0.865354</vAcc></extensions></trkpt>
      <trkpt lon="-82.152328" lat="33.552472"><ele>104.462197</ele><time>2026-03-08T14:25:18Z</time><extensions><speed>0.011185</speed><course>346.847258</course><hAcc>1.476086</hAcc><vAcc>0.865824</vAcc></extensions></trkpt>
      <trkpt lon="-82.152328" lat="33.552472"><ele>104.397756</ele><time>2026-03-08T14:25:19Z</time><extensions><speed>0.014974</speed><course>358.739041</course><hAcc>1.481177</hAcc><vAcc>0.866800</vAcc></extensions></trkpt>
      <trkpt lon="-82.152328" lat="33.552472"><ele>104.326290</ele><time>2026-03-08T14:25:20Z</time><extensions><speed>0.022352</speed><course>5.171213</course><hAcc>1.500895</hAcc><vAcc>0.868297</vAcc></extensions></trkpt>
      <trkpt lon="-82.152328" lat="33.552473"><ele>104.249995</ele><time>2026-03-08T14:25:21Z</time><extensions><speed>0.034943</speed><course>7.805565</course><hAcc>1.521395</hAcc><vAcc>0.871336</vAcc></extensions></trkpt>
      <trkpt lon="-82.152328" lat="33.552473"><ele>104.165965</ele><time>2026-03-08T14:25:22Z</time><extensions><speed>0.053967</speed><course>8.727376</course><hAcc>1.534208</hAcc><vAcc>0.873778</vAcc></extensions></trkpt>
      <trkpt lon="-82.152328" lat="33.552474"><ele>104.076996</ele><time>2026-03-08T14:25:23Z</time><extensions><speed>0.080132</speed><course>8.998443</course><hAcc>1.540500</hAcc><vAcc>0.876670</vAcc></extensions></trkpt>
      <trkpt lon="-82.152328" lat="33.552474"><ele>103.984325</ele><time>2026-03-08T14:25:24Z</time><extensions><speed>0.110665</speed><course>8.949920</course><hAcc>1.545698</hAcc><vAcc>0.879827</vAcc></extensions></trkpt>
      <trkpt lon="-82.152328" lat="33.552476"><ele>103.889054</ele><time>2026-03-08T14:25:25Z</time><extensions><speed>0.135746</speed><course>8.655009</course><hAcc>1.556932</hAcc><vAcc>0.882766</vAcc></extensions></trkpt>
      <trkpt lon="-82.152328" lat="33.552477"><ele>103.779312</ele><time>2026-03-08T14:25:26Z</time><extensions><speed>0.128986</speed><course>7.840394</course><hAcc>1.572557</hAcc><vAcc>0.885478</vAcc></extensions></trkpt>
      <trkpt lon="-82.152327" lat="33.552478"><ele>103.669096</ele><time>2026-03-08T14:25:27Z</time><extensions><speed>0.121294</speed><course>7.043763</course><hAcc>1.561188</hAcc><vAcc>0.888144</vAcc></extensions></trkpt>
      <trkpt lon="-82.152327" lat="33.552479"><ele>103.557964</ele><time>2026-03-08T14:25:28Z</time><extensions><speed>0.102897</speed><course>6.701075</course><hAcc>1.550348</hAcc><vAcc>0.890001</vAcc></extensions></trkpt>
      <trkpt lon="-82.152327" lat="33.552480"><ele>103.449302</ele><time>2026-03-08T14:25:29Z</time><extensions><speed>0.080054</speed><course>3.714773</course><hAcc>1.545596</hAcc><vAcc>0.891633</vAcc></extensions></trkpt>
      <trkpt lon="-82.152327" lat="33.552480"><ele>103.332952</ele><time>2026-03-08T14:25:30Z</time><extensions><speed>0.061752</speed><course>2.229037</course><hAcc>1.553055</hAcc><vAcc>0.892745</vAcc></extensions></trkpt>
      <trkpt lon="-82.152327" lat="33.552481"><ele>103.219652</ele><time>2026-03-08T14:25:31Z</time><extensions><speed>0.045490</speed><course>5.441807</course><hAcc>1.572053</hAcc><vAcc>0.893321</vAcc></extensions></trkpt>
      <trkpt lon="-82.152327" lat="33.552481"><ele>103.105658</ele><time>2026-03-08T14:25:32Z</time><extensions><speed>0.049592</speed><course>12.497435</course><hAcc>1.555316</hAcc><vAcc>0.893633</vAcc></extensions></trkpt>
      <trkpt lon="-82.152327" lat="33.552482"><ele>102.992952</ele><time>2026-03-08T14:25:33Z</time><extensions><speed>0.053132</speed><course>18.836178</course><hAcc>1.550831</hAcc><vAcc>0.893172</vAcc></extensions></trkpt>
      <trkpt lon="-82.152327" lat="33.552482"><ele>102.884104</ele><time>2026-03-08T14:25:34Z</time><extensions><speed>0.057382</speed><course>23.757403</course><hAcc>1.557135</hAcc><vAcc>0.892534</vAcc></extensions></trkpt>
      <trkpt lon="-82.152326" lat="33.552483"><ele>102.782401</ele><time>2026-03-08T14:25:35Z</time><extensions><speed>0.063070</speed><course>27.304639</course><hAcc>1.562177</hAcc><vAcc>0.891777</vAcc></extensions></trkpt>
      <trkpt lon="-82.152326" lat="33.552483"><ele>102.680621</ele><time>2026-03-08T14:25:36Z</time><extensions><speed>0.064030</speed><course>29.923695</course><hAcc>1.563543</hAcc><vAcc>0.890022</vAcc></extensions></trkpt>
      <trkpt lon="-82.152326" lat="33.552484"><ele>102.583782</ele><time>2026-03-08T14:25:37Z</time><extensions><speed>0.051758</speed><course>28.565496</course><hAcc>1.561736</hAcc><vAcc>0.887940</vAcc></extensions></trkpt>
      <trkpt lon="-82.152325" lat="33.552484"><ele>102.489776</ele><time>2026-03-08T14:25:38Z</time><extensions><speed>0.047097</speed><course>31.248067</course><hAcc>1.553971</hAcc><vAcc>0.886068</vAcc></extensions></trkpt>
      <trkpt lon="-82.152325" lat="33.552484"><ele>102.401585</ele><time>2026-03-08T14:25:39Z</time><extensions><speed>0.029320</speed><course>21.093807</course><hAcc>1.545056</hAcc><vAcc>0.883551</vAcc></extensions></trkpt>
      <trkpt lon="-82.152325" lat="33.552485"><ele>102.322474</ele><time>2026-03-08T14:25:40Z</time><extensions><speed>0.025155</speed><course>18.401701</course><hAcc>1.534992</hAcc><vAcc>0.880834</vAcc></extensions></trkpt>
      <trkpt lon="-82.152325" lat="33.552485"><ele>102.250547</ele><time>2026-03-08T14:25:41Z</time><extensions><speed>0.026287</speed><course>20.070969</course><hAcc>1.525491</hAcc><vAcc>0.878199</vAcc></extensions></trkpt>
      <trkpt lon="-82.152325" lat="33.552485"><ele>102.182794</ele><time>2026-03-08T14:25:42Z</time><extensions><speed>0.033039</speed><course>29.929358</course><hAcc>1.516244</hAcc><vAcc>0.875817</vAcc></extensions></trkpt>
      <trkpt lon="-82.152325" lat="33.552485"><ele>102.121814</ele><time>2026-03-08T14:25:43Z</time><extensions><speed>0.033657</speed><course>35.001865</course><hAcc>1.506007</hAcc><vAcc>0.874033</vAcc></extensions></trkpt>
      <trkpt lon="-82.152325" lat="33.552485"><ele>102.060368</ele><time>2026-03-08T14:25:44Z</time><extensions><speed>0.024396</speed><course>34.681526</course><hAcc>1.501095</hAcc><vAcc>0.871943</vAcc></extensions></trkpt>
      <trkpt lon="-82.152324" lat="33.552486"><ele>101.993581</ele><time>2026-03-08T14:25:45Z</time><extensions><speed>0.020740</speed><course>44.114580</course><hAcc>1.499698</hAcc><vAcc>0.869678</vAcc></extensions></trkpt>
      <trkpt lon="-82.152324" lat="33.552486"><ele>101.936947</ele><time>2026-03-08T14:25:46Z</time><extensions><speed>0.025728</speed><course>53.820543</course><hAcc>1.492812</hAcc><vAcc>0.868343</vAcc></extensions></trkpt>
      <trkpt lon="-82.152324" lat="33.552486"><ele>101.905250</ele><time>2026-03-08T14:25:47Z</time><extensions><speed>0.042231</speed><course>53.544859</course><hAcc>1.490813</hAcc><vAcc>0.867879</vAcc></extensions></trkpt>
      <trkpt lon="-82.152324" lat="33.552486"><ele>101.880368</ele><time>2026-03-08T14:25:48Z</time><extensions><speed>0.044666</speed><course>51.628893</course><hAcc>1.494666</hAcc><vAcc>0.868255</vAcc></extensions></trkpt>
      <trkpt lon="-82.152323" lat="33.552486"><ele>101.873361</ele><time>2026-03-08T14:25:49Z</time><extensions><speed>0.060612</speed><course>53.495397</course><hAcc>1.495497</hAcc><vAcc>0.869802</vAcc></extensions></trkpt>
      <trkpt lon="-82.152323" lat="33.552487"><ele>101.877959</ele><time>2026-03-08T14:25:50Z</time><extensions><speed>0.061519</speed><course>55.365914</course><hAcc>1.500196</hAcc><vAcc>0.872378</vAcc></extensions></trkpt>
      <trkpt lon="-82.152322" lat="33.552487"><ele>101.896417</ele><time>2026-03-08T14:25:51Z</time><extensions><speed>0.095110</speed><course>57.708383</course><hAcc>1.506845</hAcc><vAcc>0.875557</vAcc></extensions></trkpt>
      <trkpt lon="-82.152321" lat="33.552488"><ele>101.936216</ele><time>2026-03-08T14:25:52Z</time><extensions><speed>0.159936</speed><course>57.694466</course><hAcc>1.512541</hAcc><vAcc>0.879197</vAcc></extensions></trkpt>
      <trkpt lon="-82.152319" lat="33.552489"><ele>101.990387</ele><time>2026-03-08T14:25:53Z</time><extensions><speed>0.288348</speed><course>56.005864</course><hAcc>1.506677</hAcc><vAcc>0.883092</vAcc></extensions></trkpt>
      <trkpt lon="-82.152315" lat="33.552491"><ele>102.056693</ele><time>2026-03-08T14:25:54Z</time><extensions><speed>0.570127</speed><course>54.356780</course><hAcc>1.470635</hAcc><vAcc>0.887167</vAcc></extensions></trkpt>
      <trkpt lon="-82.152309" lat="33.552495"><ele>102.141260</ele><time>2026-03-08T14:25:55Z</time><extensions><speed>0.860117</speed><course>51.566978</course><hAcc>1.433913</hAcc><vAcc>0.890988</vAcc></extensions></trkpt>
      <trkpt lon="-82.152300" lat="33.552501"><ele>102.225296</ele><time>2026-03-08T14:25:56Z</time><extensions><speed>1.156359</speed><course>46.634278</course><hAcc>1.422903</hAcc><vAcc>0.894174</vAcc></extensions></trkpt>
      <trkpt lon="-82.152291" lat="33.552509"><ele>102.312103</ele><time>2026-03-08T14:25:57Z</time><extensions><speed>1.319960</speed><course>45.746581</course><hAcc>1.396949</hAcc><vAcc>0.896811</vAcc></extensions></trkpt>
      <trkpt lon="-82.152280" lat="33.552517"><ele>102.399128</ele><time>2026-03-08T14:25:58Z</time><extensions><speed>1.385163</speed><course>46.457080</course><hAcc>1.363228</hAcc><vAcc>0.897974</vAcc></extensions></trkpt>
      <trkpt lon="-82.152270" lat="33.552525"><ele>102.491370</ele><time>2026-03-08T14:25:59Z</time><extensions><speed>1.291331</speed><course>50.254167</course><hAcc>1.335069</hAcc><vAcc>0.898578</vAcc></extensions></trkpt>
      <trkpt lon="-82.152258" lat="33.552532"><ele>102.595481</ele><time>2026-03-08T14:26:00Z</time><extensions><speed>1.359493</speed><course>52.586637</course><hAcc>1.312118</hAcc><vAcc>0.897620</vAcc></extensions></trkpt>
      <trkpt lon="-82.152247" lat="33.552540"><ele>102.698097</ele><time>2026-03-08T14:26:01Z</time><extensions><speed>1.364356</speed><course>54.563782</course><hAcc>1.293464</hAcc><vAcc>0.896239</vAcc></extensions></trkpt>
      <trkpt lon="-82.152235" lat="33.552547"><ele>102.800537</ele><time>2026-03-08T14:26:02Z</time><extensions><speed>1.363715</speed><course>54.460458</course><hAcc>1.277391</hAcc><vAcc>0.894682</vAcc></extensions></trkpt>
      <trkpt lon="-82.152222" lat="33.552554"><ele>102.890018</ele><time>2026-03-08T14:26:03Z</time><extensions><speed>1.459699</speed><course>52.155034</course><hAcc>1.261964</hAcc><vAcc>0.892094</vAcc></extensions></trkpt>
      <trkpt lon="-82.152210" lat="33.552563"><ele>102.972846</ele><time>2026-03-08T14:26:04Z</time><extensions><speed>1.536895</speed><course>49.784091</course><hAcc>1.246328</hAcc><vAcc>0.888082</vAcc></extensions></trkpt>
      <trkpt lon="-82.152197" lat="33.552572"><ele>103.049496</ele><time>2026-03-08T14:26:05Z</time><extensions><speed>1.669906</speed><course>49.330046</course><hAcc>1.230799</hAcc><vAcc>0.882990</vAcc></extensions></trkpt>
      <trkpt lon="-82.152183" lat="33.552582"><ele>103.124443</ele><time>2026-03-08T14:26:06Z</time><extensions><speed>1.662420</speed><course>49.948272</course><hAcc>1.215766</hAcc><vAcc>0.877805</vAcc></extensions></trkpt>
      <trkpt lon="-82.152170" lat="33.552591"><ele>103.195473</ele><time>2026-03-08T14:26:07Z</time><extensions><speed>1.576996</speed><course>51.429631</course><hAcc>1.199510</hAcc><vAcc>0.873537</vAcc></extensions></trkpt>
      <trkpt lon="-82.152156" lat="33.552600"><ele>103.264035</ele><time>2026-03-08T14:26:08Z</time><extensions><speed>1.562534</speed><course>51.605928</course><hAcc>1.178120</hAcc><vAcc>0.868586</vAcc></extensions></trkpt>
      <trkpt lon="-82.152143" lat="33.552609"><ele>103.336202</ele><time>2026-03-08T14:26:09Z</time><extensions><speed>1.500199</speed><course>51.851732</course><hAcc>1.152830</hAcc><vAcc>0.864931</vAcc></extensions></trkpt>
      <trkpt lon="-82.152131" lat="33.552617"><ele>103.397585</ele><time>2026-03-08T14:26:10Z</time><extensions><speed>1.434745</speed><course>51.585075</course><hAcc>1.133018</hAcc><vAcc>0.861930</vAcc></extensions></trkpt>
      <trkpt lon="-82.152120" lat="33.552625"><ele>103.474824</ele><time>2026-03-08T14:26:11Z</time><extensions><speed>1.336598</speed><course>47.023471</course><hAcc>1.140863</hAcc><vAcc>0.858143</vAcc></extensions></trkpt>
      <trkpt lon="-82.152110" lat="33.552633"><ele>103.548429</ele><time>2026-03-08T14:26:12Z</time><extensions><speed>1.057979</speed><course>44.093782</course><hAcc>1.130577</hAcc><vAcc>0.855499</vAcc></extensions></trkpt>
      <trkpt lon="-82.152103" lat="33.552639"><ele>103.628340</ele><time>2026-03-08T14:26:13Z</time><extensions><speed>1.007659</speed><course>42.716686</course><hAcc>1.119166</hAcc><vAcc>0.852675</vAcc></extensions></trkpt>
      <trkpt lon="-82.152095" lat="33.552646"><ele>103.710596</ele><time>2026-03-08T14:26:14Z</time><extensions><speed>1.071955</speed><course>42.496809</course><hAcc>1.096730</hAcc><vAcc>0.850830</vAcc></extensions></trkpt>
      <trkpt lon="-82.152087" lat="33.552654"><ele>103.784058</ele><time>2026-03-08T14:26:15Z</time><extensions><speed>1.294817</speed><course>41.849485</course><hAcc>1.087070</hAcc><vAcc>0.849008</vAcc></extensions></trkpt>
      <trkpt lon="-82.152077" lat="33.552663"><ele>103.863981</ele><time>2026-03-08T14:26:16Z</time><extensions><speed>1.445049</speed><course>40.957065</course><hAcc>1.090521</hAcc><vAcc>0.847243</vAcc></extensions></trkpt>
      <trkpt lon="-82.152067" lat="33.552673"><ele>103.945747</ele><time>2026-03-08T14:26:17Z</time><extensions><speed>1.425130</speed><course>35.795629</course><hAcc>1.117557</hAcc><vAcc>0.844295</vAcc></extensions></trkpt>
      <trkpt lon="-82.152059" lat="33.552684"><ele>104.018027</ele><time>2026-03-08T14:26:18Z</time><extensions><speed>1.488832</speed><course>30.361968</course><hAcc>1.078532</hAcc><vAcc>0.841295</vAcc></extensions></trkpt>
      <trkpt lon="-82.152051" lat="33.552696"><ele>104.085945</ele><time>2026-03-08T14:26:19Z</time><extensions><speed>1.477666</speed><course>29.393611</course><hAcc>1.066949</hAcc><vAcc>0.837852</vAcc></extensions></trkpt>
      <trkpt lon="-82.152042" lat="33.552707"><ele>104.166219</ele><time>2026-03-08T14:26:20Z</time><extensions><speed>1.455878</speed><course>35.750594</course><hAcc>1.069739</hAcc><vAcc>0.834676</vAcc></extensions></trkpt>
      <trkpt lon="-82.152032" lat="33.552717"><ele>104.256374</ele><time>2026-03-08T14:26:21Z</time><extensions><speed>1.495848</speed><course>47.600932</course><hAcc>1.044557</hAcc><vAcc>0.830625</vAcc></extensions></trkpt>
      <trkpt lon="-82.152019" lat="33.552725"><ele>104.333905</ele><time>2026-03-08T14:26:22Z</time><extensions><speed>1.444879</speed><course>56.634217</course><hAcc>1.057786</hAcc><vAcc>0.826886</vAcc></extensions></trkpt>
      <trkpt lon="-82.152005" lat="33.552732"><ele>104.387144</ele><time>2026-03-08T14:26:22Z</time><extensions><speed>1.598932</speed><course>65.037432</course><hAcc>1.013270</hAcc><vAcc>0.822202</vAcc></extensions></trkpt>
      <trkpt lon="-82.151990" lat="33.552738"><ele>104.445482</ele><time>2026-03-08T14:26:23Z</time><extensions><speed>1.469222</speed><course>66.412485</course><hAcc>1.025356</hAcc><vAcc>0.817876</vAcc></extensions></trkpt>
      <trkpt lon="-82.151976" lat="33.552742"><ele>104.496100</ele><time>2026-03-08T14:26:24Z</time><extensions><speed>1.400843</speed><course>69.384750</course><hAcc>1.042751</hAcc><vAcc>0.812672</vAcc></extensions></trkpt>
      <trkpt lon="-82.151962" lat="33.552747"><ele>104.544657</ele><time>2026-03-08T14:26:25Z</time><extensions><speed>1.275416</speed><course>65.650687</course><hAcc>1.029597</hAcc><vAcc>0.807819</vAcc></extensions></trkpt>
      <trkpt lon="-82.151950" lat="33.552753"><ele>104.590319</ele><time>2026-03-08T14:26:26Z</time><extensions><speed>1.258500</speed><course>56.142908</course><hAcc>1.021244</hAcc><vAcc>0.802601</vAcc></extensions></trkpt>
      <trkpt lon="-82.151939" lat="33.552760"><ele>104.623578</ele><time>2026-03-08T14:26:27Z</time><extensions><speed>1.393413</speed><course>49.385170</course><hAcc>1.034071</hAcc><vAcc>0.798571</vAcc></extensions></trkpt>
      <trkpt lon="-82.151927" lat="33.552769"><ele>104.646728</ele><time>2026-03-08T14:26:28Z</time><extensions><speed>1.522657</speed><course>46.211635</course><hAcc>1.043642</hAcc><vAcc>0.794572</vAcc></extensions></trkpt>
      <trkpt lon="-82.151915" lat="33.552778"><ele>104.670011</ele><time>2026-03-08T14:26:29Z</time><extensions><speed>1.578121</speed><course>44.811543</course><hAcc>1.048988</hAcc><vAcc>0.791089</vAcc></extensions></trkpt>
      <trkpt lon="-82.151903" lat="33.552789"><ele>104.685409</ele><time>2026-03-08T14:26:30Z</time><extensions><speed>1.666444</speed><course>46.016346</course><hAcc>1.039328</hAcc><vAcc>0.788186</vAcc></extensions></trkpt>
      <trkpt lon="-82.151890" lat="33.552799"><ele>104.700770</ele><time>2026-03-08T14:26:31Z</time><extensions><speed>1.638096</speed><course>48.116859</course><hAcc>1.037379</hAcc><vAcc>0.785767</vAcc></extensions></trkpt>
      <trkpt lon="-82.151876" lat="33.552809"><ele>104.701496</ele><time>2026-03-08T14:26:32Z</time><extensions><speed>1.746215</speed><course>49.521451</course><hAcc>1.022570</hAcc><vAcc>0.784449</vAcc></extensions></trkpt>
      <trkpt lon="-82.151862" lat="33.552819"><ele>104.698692</ele><time>2026-03-08T14:26:33Z</time><extensions><speed>1.569784</speed><course>51.017883</course><hAcc>1.026110</hAcc><vAcc>0.783386</vAcc></extensions></trkpt>
      <trkpt lon="-82.151849" lat="33.552828"><ele>104.686709</ele><time>2026-03-08T14:26:34Z</time><extensions><speed>1.630830</speed><course>49.259909</course><hAcc>1.011363</hAcc><vAcc>0.782513</vAcc></extensions></trkpt>
      <trkpt lon="-82.151837" lat="33.552837"><ele>104.666706</ele><time>2026-03-08T14:26:35Z</time><extensions><speed>1.490539</speed><course>48.136645</course><hAcc>1.032478</hAcc><vAcc>0.781729</vAcc></extensions></trkpt>
      <trkpt lon="-82.151825" lat="33.552846"><ele>104.647901</ele><time>2026-03-08T14:26:36Z</time><extensions><speed>1.546280</speed><course>46.235744</course><hAcc>1.013247</hAcc><vAcc>0.781880</vAcc></extensions></trkpt>
      <trkpt lon="-82.151813" lat="33.552856"><ele>104.625353</ele><time>2026-03-08T14:26:37Z</time><extensions><speed>1.426188</speed><course>46.780739</course><hAcc>1.037126</hAcc><vAcc>0.781462</vAcc></extensions></trkpt>
      <trkpt lon="-82.151802" lat="33.552864"><ele>104.598663</ele><time>2026-03-08T14:26:38Z</time><extensions><speed>1.380530</speed><course>44.581244</course><hAcc>1.029590</hAcc><vAcc>0.781725</vAcc></extensions></trkpt>
      <trkpt lon="-82.151792" lat="33.552873"><ele>104.579033</ele><time>2026-03-08T14:26:39Z</time><extensions><speed>1.381217</speed><course>46.124413</course><hAcc>1.038219</hAcc><vAcc>0.782268</vAcc></extensions></trkpt>
      <trkpt lon="-82.151781" lat="33.552882"><ele>104.556104</ele><time>2026-03-08T14:26:40Z</time><extensions><speed>1.433285</speed><course>47.713250</course><hAcc>1.046598</hAcc><vAcc>0.782497</vAcc></extensions></trkpt>
      <trkpt lon="-82.151769" lat="33.552891"><ele>104.531407</ele><time>2026-03-08T14:26:41Z</time><extensions><speed>1.545356</speed><course>48.630301</course><hAcc>1.050012</hAcc><vAcc>0.782887</vAcc></extensions></trkpt>
      <trkpt lon="-82.151756" lat="33.552900"><ele>104.503411</ele><time>2026-03-08T14:26:42Z</time><extensions><speed>1.555650</speed><course>46.774299</course><hAcc>1.055293</hAcc><vAcc>0.783605</vAcc></extensions></trkpt>
      <trkpt lon="-82.151744" lat="33.552910"><ele>104.466092</ele><time>2026-03-08T14:26:43Z</time><extensions><speed>1.545318</speed><course>48.057468</course><hAcc>1.052300</hAcc><vAcc>0.783971</vAcc></extensions></trkpt>
      <trkpt lon="-82.151732" lat="33.552919"><ele>104.430376</ele><time>2026-03-08T14:26:44Z</time><extensions><speed>1.518211</speed><course>47.821960</course><hAcc>1.046703</hAcc><vAcc>0.784050</vAcc></extensions></trkpt>
      <trkpt lon="-82.151719" lat="33.552929"><ele>104.392208</ele><time>2026-03-08T14:26:45Z</time><extensions><speed>1.593180</speed><course>46.006686</course><hAcc>1.047103</hAcc><vAcc>0.783739</vAcc></extensions></trkpt>
      <trkpt lon="-82.151707" lat="33.552938"><ele>104.352204</ele><time>2026-03-08T14:26:46Z</time><extensions><speed>1.561554</speed><course>44.853146</course><hAcc>1.058067</hAcc><vAcc>0.782944</vAcc></extensions></trkpt>
      <trkpt lon="-82.151695" lat="33.552949"><ele>104.314590</ele><time>2026-03-08T14:26:47Z</time><extensions><speed>1.632713</speed><course>45.949358</course><hAcc>1.039749</hAcc><vAcc>0.781613</vAcc></extensions></trkpt>
      <trkpt lon="-82.151683" lat="33.552958"><ele>104.279968</ele><time>2026-03-08T14:26:48Z</time><extensions><speed>1.565127</speed><course>47.441330</course><hAcc>1.038346</hAcc><vAcc>0.779771</vAcc></extensions></trkpt>
      <trkpt lon="-82.151670" lat="33.552968"><ele>104.244215</ele><time>2026-03-08T14:26:49Z</time><extensions><speed>1.493327</speed><course>48.267667</course><hAcc>1.042703</hAcc><vAcc>0.777781</vAcc></extensions></trkpt>
      <trkpt lon="-82.151658" lat="33.552976"><ele>104.209405</ele><time>2026-03-08T14:26:50Z</time><extensions><speed>1.427644</speed><course>50.940129</course><hAcc>1.031274</hAcc><vAcc>0.775347</vAcc></extensions></trkpt>
      <trkpt lon="-82.151646" lat="33.552984"><ele>104.172443</ele><time>2026-03-08T14:26:51Z</time><extensions><speed>1.433229</speed><course>50.504945</course><hAcc>1.030322</hAcc><vAcc>0.773237</vAcc></extensions></trkpt>
      <trkpt lon="-82.151634" lat="33.552993"><ele>104.140266</ele><time>2026-03-08T14:26:52Z</time><extensions><speed>1.420280</speed><course>51.826844</course><hAcc>1.042519</hAcc><vAcc>0.771257</vAcc></extensions></trkpt>
      <trkpt lon="-82.151622" lat="33.553000"><ele>104.103276</ele><time>2026-03-08T14:26:53Z</time><extensions><speed>1.390862</speed><course>55.852126</course><hAcc>1.034789</hAcc><vAcc>0.769489</vAcc></extensions></trkpt>
      <trkpt lon="-82.151610" lat="33.553007"><ele>104.063180</ele><time>2026-03-08T14:26:54Z</time><extensions><speed>1.382737</speed><course>59.993045</course><hAcc>1.037670</hAcc><vAcc>0.767958</vAcc></extensions></trkpt>
      <trkpt lon="-82.151597" lat="33.553013"><ele>104.018223</ele><time>2026-03-08T14:26:55Z</time><extensions><speed>1.394660</speed><course>60.617739</course><hAcc>1.039550</hAcc><vAcc>0.766797</vAcc></extensions></trkpt>
      <trkpt lon="-82.151583" lat="33.553019"><ele>103.979061</ele><time>2026-03-08T14:26:56Z</time><extensions><speed>1.457786</speed><course>58.402622</course><hAcc>1.032454</hAcc><vAcc>0.765999</vAcc></extensions></trkpt>
      <trkpt lon="-82.151570" lat="33.553027"><ele>103.946915</ele><time>2026-03-08T14:26:57Z</time><extensions><speed>1.567328</speed><course>56.958105</course><hAcc>1.017173</hAcc><vAcc>0.765525</vAcc></extensions></trkpt>
      <trkpt lon="-82.151555" lat="33.553035"><ele>103.918795</ele><time>2026-03-08T14:26:58Z</time><extensions><speed>1.639857</speed><course>54.680897</course><hAcc>1.007421</hAcc><vAcc>0.765265</vAcc></extensions></trkpt>
      <trkpt lon="-82.151542" lat="33.553043"><ele>103.892967</ele><time>2026-03-08T14:26:59Z</time><extensions><speed>1.493457</speed><course>49.323906</course><hAcc>1.017913</hAcc><vAcc>0.765593</vAcc></extensions></trkpt>
      <trkpt lon="-82.151530" lat="33.553053"><ele>103.869816</ele><time>2026-03-08T14:27:00Z</time><extensions><speed>1.619950</speed><course>43.432949</course><hAcc>0.984763</hAcc><vAcc>0.765626</vAcc></extensions></trkpt>
      <trkpt lon="-82.151519" lat="33.553063"><ele>103.850278</ele><time>2026-03-08T14:27:01Z</time><extensions><speed>1.444458</speed><course>41.886582</course><hAcc>1.003730</hAcc><vAcc>0.766161</vAcc></extensions></trkpt>
      <trkpt lon="-82.151508" lat="33.553073"><ele>103.836732</ele><time>2026-03-08T14:27:02Z</time><extensions><speed>1.443167</speed><course>43.703666</course><hAcc>0.991874</hAcc><vAcc>0.766209</vAcc></extensions></trkpt>
      <trkpt lon="-82.151497" lat="33.553082"><ele>103.836572</ele><time>2026-03-08T14:27:03Z</time><extensions><speed>1.410227</speed><course>44.950261</course><hAcc>0.995210</hAcc><vAcc>0.766375</vAcc></extensions></trkpt>
      <trkpt lon="-82.151487" lat="33.553091"><ele>103.839384</ele><time>2026-03-08T14:27:04Z</time><extensions><speed>1.347197</speed><course>44.500203</course><hAcc>0.997971</hAcc><vAcc>0.766344</vAcc></extensions></trkpt>
      <trkpt lon="-82.151477" lat="33.553100"><ele>103.839969</ele><time>2026-03-08T14:27:05Z</time><extensions><speed>1.320731</speed><course>43.712904</course><hAcc>1.004445</hAcc><vAcc>0.766409</vAcc></extensions></trkpt>
      <trkpt lon="-82.151467" lat="33.553108"><ele>103.843904</ele><time>2026-03-08T14:27:06Z</time><extensions><speed>1.386825</speed><course>43.743301</course><hAcc>1.004941</hAcc><vAcc>0.766900</vAcc></extensions></trkpt>
      <trkpt lon="-82.151456" lat="33.553118"><ele>103.842710</ele><time>2026-03-08T14:27:07Z</time><extensions><speed>1.478860</speed><course>45.584086</course><hAcc>0.996277</hAcc><vAcc>0.767807</vAcc></extensions></trkpt>
      <trkpt lon="-82.151444" lat="33.553127"><ele>103.846088</ele><time>2026-03-08T14:27:08Z</time><extensions><speed>1.557774</speed><course>45.935400</course><hAcc>0.988837</hAcc><vAcc>0.768367</vAcc></extensions></trkpt>
      <trkpt lon="-82.151433" lat="33.553137"><ele>103.850312</ele><time>2026-03-08T14:27:09Z</time><extensions><speed>1.480956</speed><course>44.972778</course><hAcc>0.986716</hAcc><vAcc>0.768911</vAcc></extensions></trkpt>
      <trkpt lon="-82.151421" lat="33.553146"><ele>103.863657</ele><time>2026-03-08T14:27:10Z</time><extensions><speed>1.598179</speed><course>46.471680</course><hAcc>0.964302</hAcc><vAcc>0.769347</vAcc></extensions></trkpt>
      <trkpt lon="-82.151409" lat="33.553156"><ele>103.873028</ele><time>2026-03-08T14:27:11Z</time><extensions><speed>1.460739</speed><course>48.544446</course><hAcc>0.981749</hAcc><vAcc>0.769610</vAcc></extensions></trkpt>
      <trkpt lon="-82.151396" lat="33.553165"><ele>103.873117</ele><time>2026-03-08T14:27:12Z</time><extensions><speed>1.579935</speed><course>48.625893</course><hAcc>0.955782</hAcc><vAcc>0.769988</vAcc></extensions></trkpt>
      <trkpt lon="-82.151384" lat="33.553174"><ele>103.865869</ele><time>2026-03-08T14:27:13Z</time><extensions><speed>1.440923</speed><course>47.636297</course><hAcc>0.972556</hAcc><vAcc>0.769981</vAcc></extensions></trkpt>
      <trkpt lon="-82.151372" lat="33.553182"><ele>103.858581</ele><time>2026-03-08T14:27:14Z</time><extensions><speed>1.488964</speed><course>51.647625</course><hAcc>0.947509</hAcc><vAcc>0.769814</vAcc></extensions></trkpt>
      <trkpt lon="-82.151360" lat="33.553190"><ele>103.850044</ele><time>2026-03-08T14:27:15Z</time><extensions><speed>1.409883</speed><course>52.645367</course><hAcc>0.960217</hAcc><vAcc>0.769857</vAcc></extensions></trkpt>
      <trkpt lon="-82.151348" lat="33.553198"><ele>103.850394</ele><time>2026-03-08T14:27:16Z</time><extensions><speed>1.389892</speed><course>49.684064</course><hAcc>0.962783</hAcc><vAcc>0.769485</vAcc></extensions></trkpt>
      <trkpt lon="-82.151337" lat="33.553207"><ele>103.850601</ele><time>2026-03-08T14:27:17Z</time><extensions><speed>1.351414</speed><course>44.158321</course><hAcc>0.975771</hAcc><vAcc>0.768909</vAcc></extensions></trkpt>
      <trkpt lon="-82.151327" lat="33.553215"><ele>103.855728</ele><time>2026-03-08T14:27:18Z</time><extensions><speed>1.348842</speed><course>46.981771</course><hAcc>0.958514</hAcc><vAcc>0.768150</vAcc></extensions></trkpt>
      <trkpt lon="-82.151316" lat="33.553223"><ele>103.865393</ele><time>2026-03-08T14:27:19Z</time><extensions><speed>1.339973</speed><course>50.241494</course><hAcc>0.965864</hAcc><vAcc>0.767296</vAcc></extensions></trkpt>
      <trkpt lon="-82.151304" lat="33.553231"><ele>103.874145</ele><time>2026-03-08T14:27:20Z</time><extensions><speed>1.460858</speed><course>52.510380</course><hAcc>0.970854</hAcc><vAcc>0.766429</vAcc></extensions></trkpt>
      <trkpt lon="-82.151291" lat="33.553240"><ele>103.887030</ele><time>2026-03-08T14:27:21Z</time><extensions><speed>1.615461</speed><course>53.893698</course><hAcc>0.960735</hAcc><vAcc>0.765591</vAcc></extensions></trkpt>
      <trkpt lon="-82.151277" lat="33.553248"><ele>103.904764</ele><time>2026-03-08T14:27:22Z</time><extensions><speed>1.617076</speed><course>52.800607</course><hAcc>0.955407</hAcc><vAcc>0.764780</vAcc></extensions></trkpt>
      <trkpt lon="-82.151263" lat="33.553257"><ele>103.918749</ele><time>2026-03-08T14:27:23Z</time><extensions><speed>1.594249</speed><course>49.202693</course><hAcc>0.949683</hAcc><vAcc>0.764054</vAcc></extensions></trkpt>
      <trkpt lon="-82.151251" lat="33.553267"><ele>103.926814</ele><time>2026-03-08T14:27:24Z</time><extensions><speed>1.672488</speed><course>44.715355</course><hAcc>0.929100</hAcc><vAcc>0.763290</vAcc></extensions></trkpt>
      <trkpt lon="-82.151239" lat="33.553278"><ele>103.940360</ele><time>2026-03-08T14:27:25Z</time><extensions><speed>1.479259</speed><course>41.365711</course><hAcc>0.948282</hAcc><vAcc>0.762523</vAcc></extensions></trkpt>
      <trkpt lon="-82.151228" lat="33.553288"><ele>103.955507</ele><time>2026-03-08T14:27:26Z</time><extensions><speed>1.602038</speed><course>43.438759</course><hAcc>0.916233</hAcc><vAcc>0.761748</vAcc></extensions></trkpt>
      <trkpt lon="-82.151216" lat="33.553298"><ele>103.971636</ele><time>2026-03-08T14:27:27Z</time><extensions><speed>1.483808</speed><course>45.067288</course><hAcc>0.930132</hAcc><vAcc>0.760994</vAcc></extensions></trkpt>
      <trkpt lon="-82.151204" lat="33.553307"><ele>103.982843</ele><time>2026-03-08T14:27:28Z</time><extensions><speed>1.515034</speed><course>48.278610</course><hAcc>0.929801</hAcc><vAcc>0.760297</vAcc></extensions></trkpt>
      <trkpt lon="-82.151192" lat="33.553316"><ele>103.995278</ele><time>2026-03-08T14:27:29Z</time><extensions><speed>1.533225</speed><course>50.116364</course><hAcc>0.928283</hAcc><vAcc>0.759946</vAcc></extensions></trkpt>
      <trkpt lon="-82.151179" lat="33.553325"><ele>104.013492</ele><time>2026-03-08T14:27:30Z</time><extensions><speed>1.507085</speed><course>51.998689</course><hAcc>0.929449</hAcc><vAcc>0.759543</vAcc></extensions></trkpt>
      <trkpt lon="-82.151167" lat="33.553333"><ele>104.029546</ele><time>2026-03-08T14:27:31Z</time><extensions><speed>1.431093</speed><course>51.528044</course><hAcc>0.944727</hAcc><vAcc>0.759354</vAcc></extensions></trkpt>
      <trkpt lon="-82.151155" lat="33.553341"><ele>104.040519</ele><time>2026-03-08T14:27:32Z</time><extensions><speed>1.445263</speed><course>49.414834</course><hAcc>0.922283</hAcc><vAcc>0.759209</vAcc></extensions></trkpt>
      <trkpt lon="-82.151144" lat="33.553350"><ele>104.047898</ele><time>2026-03-08T14:27:33Z</time><extensions><speed>1.380109</speed><course>47.303517</course><hAcc>0.942492</hAcc><vAcc>0.759154</vAcc></extensions></trkpt>
      <trkpt lon="-82.151132" lat="33.553358"><ele>104.052599</ele><time>2026-03-08T14:27:34Z</time><extensions><speed>1.432711</speed><course>48.759505</course><hAcc>0.931368</hAcc><vAcc>0.759168</vAcc></extensions></trkpt>
      <trkpt lon="-82.151121" lat="33.553367"><ele>104.057714</ele><time>2026-03-08T14:27:35Z</time><extensions><speed>1.408610</speed><course>50.370715</course><hAcc>0.963527</hAcc><vAcc>0.759234</vAcc></extensions></trkpt>
      <trkpt lon="-82.151109" lat="33.553375"><ele>104.062299</ele><time>2026-03-08T14:27:36Z</time><extensions><speed>1.514281</speed><course>47.537536</course><hAcc>0.942021</hAcc><vAcc>0.759332</vAcc></extensions></trkpt>
      <trkpt lon="-82.151097" lat="33.553385"><ele>104.057950</ele><time>2026-03-08T14:27:37Z</time><extensions><speed>1.613326</speed><course>43.905427</course><hAcc>0.943916</hAcc><vAcc>0.759436</vAcc></extensions></trkpt>
      <trkpt lon="-82.151085" lat="33.553396"><ele>104.045545</ele><time>2026-03-08T14:27:38Z</time><extensions><speed>1.674244</speed><course>40.156603</course><hAcc>0.958309</hAcc><vAcc>0.759510</vAcc></extensions></trkpt>
      <trkpt lon="-82.151074" lat="33.553407"><ele>104.034917</ele><time>2026-03-08T14:27:39Z</time><extensions><speed>1.563428</speed><course>41.257902</course><hAcc>0.971646</hAcc><vAcc>0.759511</vAcc></extensions></trkpt>
      <trkpt lon="-82.151061" lat="33.553418"><ele>104.019435</ele><time>2026-03-08T14:27:40Z</time><extensions><speed>1.675077</speed><course>46.312004</course><hAcc>0.947382</hAcc><vAcc>0.759827</vAcc></extensions></trkpt>
      <trkpt lon="-82.151049" lat="33.553427"><ele>103.998199</ele><time>2026-03-08T14:27:41Z</time><extensions><speed>1.543469</speed><course>50.201431</course><hAcc>0.949460</hAcc><vAcc>0.759818</vAcc></extensions></trkpt>
      <trkpt lon="-82.151035" lat="33.553436"><ele>103.979121</ele><time>2026-03-08T14:27:42Z</time><extensions><speed>1.590741</speed><course>52.691411</course><hAcc>0.944519</hAcc><vAcc>0.759860</vAcc></extensions></trkpt>
      <trkpt lon="-82.151022" lat="33.553444"><ele>103.962295</ele><time>2026-03-08T14:27:43Z</time><extensions><speed>1.433801</speed><course>53.613311</course><hAcc>0.970060</hAcc><vAcc>0.759850</vAcc></extensions></trkpt>
      <trkpt lon="-82.151010" lat="33.553452"><ele>103.944166</ele><time>2026-03-08T14:27:44Z</time><extensions><speed>1.456347</speed><course>54.501553</course><hAcc>0.943061</hAcc><vAcc>0.760137</vAcc></extensions></trkpt>
      <trkpt lon="-82.150997" lat="33.553460"><ele>103.924955</ele><time>2026-03-08T14:27:45Z</time><extensions><speed>1.469114</speed><course>55.592518</course><hAcc>0.944912</hAcc><vAcc>0.760322</vAcc></extensions></trkpt>
      <trkpt lon="-82.150984" lat="33.553467"><ele>103.897736</ele><time>2026-03-08T14:27:46Z</time><extensions><speed>1.352610</speed><course>55.965847</course><hAcc>0.967897</hAcc><vAcc>0.760835</vAcc></extensions></trkpt>
      <trkpt lon="-82.150972" lat="33.553474"><ele>103.869222</ele><time>2026-03-08T14:27:47Z</time><extensions><speed>1.318647</speed><course>54.640263</course><hAcc>0.960419</hAcc><vAcc>0.760951</vAcc></extensions></trkpt>
      <trkpt lon="-82.150960" lat="33.553480"><ele>103.845851</ele><time>2026-03-08T14:27:48Z</time><extensions><speed>1.398194</speed><course>56.107134</course><hAcc>0.961415</hAcc><vAcc>0.759771</vAcc></extensions></trkpt>
      <trkpt lon="-82.150947" lat="33.553488"><ele>103.832242</ele><time>2026-03-08T14:27:49Z</time><extensions><speed>1.483190</speed><course>57.029773</course><hAcc>0.966354</hAcc><vAcc>0.758325</vAcc></extensions></trkpt>
      <trkpt lon="-82.150934" lat="33.553495"><ele>103.822057</ele><time>2026-03-08T14:27:50Z</time><extensions><speed>1.473622</speed><course>54.181544</course><hAcc>0.979443</hAcc><vAcc>0.756568</vAcc></extensions></trkpt>
      <trkpt lon="-82.150921" lat="33.553503"><ele>103.813223</ele><time>2026-03-08T14:27:51Z</time><extensions><speed>1.536554</speed><course>51.178645</course><hAcc>0.961832</hAcc><vAcc>0.754463</vAcc></extensions></trkpt>
      <trkpt lon="-82.150910" lat="33.553512"><ele>103.802038</ele><time>2026-03-08T14:27:52Z</time><extensions><speed>1.375652</speed><course>47.248009</course><hAcc>0.979143</hAcc><vAcc>0.752004</vAcc></extensions></trkpt>
      <trkpt lon="-82.150899" lat="33.553521"><ele>103.788820</ele><time>2026-03-08T14:27:53Z</time><extensions><speed>1.404909</speed><course>44.091707</course><hAcc>0.946555</hAcc><vAcc>0.749178</vAcc></extensions></trkpt>
      <trkpt lon="-82.150888" lat="33.553530"><ele>103.777495</ele><time>2026-03-08T14:27:54Z</time><extensions><speed>1.339671</speed><course>44.885896</course><hAcc>0.932209</hAcc><vAcc>0.745922</vAcc></extensions></trkpt>
      <trkpt lon="-82.150878" lat="33.553538"><ele>103.767169</ele><time>2026-03-08T14:27:55Z</time><extensions><speed>1.358544</speed><course>47.693036</course><hAcc>0.896197</hAcc><vAcc>0.742095</vAcc></extensions></trkpt>
      <trkpt lon="-82.150867" lat="33.553546"><ele>103.748245</ele><time>2026-03-08T14:27:56Z</time><extensions><speed>1.339021</speed><course>47.998637</course><hAcc>0.898274</hAcc><vAcc>0.737436</vAcc></extensions></trkpt>
      <trkpt lon="-82.150861" lat="33.553551"><ele>103.726382</ele><time>2026-03-08T14:27:57Z</time><extensions><speed>1.329581</speed><course>47.637108</course><hAcc>0.901106</hAcc><vAcc>0.733409</vAcc></extensions></trkpt>
      <trkpt lon="-82.150857" lat="33.553554"><ele>103.717989</ele><time>2026-03-08T14:27:57Z</time><extensions><speed>1.310103</speed><course>47.409159</course><hAcc>0.899966</hAcc><vAcc>0.731696</vAcc></extensions></trkpt>
      <trkpt lon="-82.150847" lat="33.553562"><ele>103.704471</ele><time>2026-03-08T14:27:58Z</time><extensions><speed>1.219837</speed><course>46.323721</course><hAcc>0.905000</hAcc><vAcc>0.735992</vAcc></extensions></trkpt>
      <trkpt lon="-82.150837" lat="33.553570"><ele>103.695933</ele><time>2026-03-08T14:27:59Z</time><extensions><speed>1.310256</speed><course>47.932510</course><hAcc>0.938368</hAcc><vAcc>0.739717</vAcc></extensions></trkpt>
      <trkpt lon="-82.150825" lat="33.553578"><ele>103.690900</ele><time>2026-03-08T14:28:00Z</time><extensions><speed>1.449264</speed><course>52.396380</course><hAcc>0.971607</hAcc><vAcc>0.742773</vAcc></extensions></trkpt>
      <trkpt lon="-82.150812" lat="33.553586"><ele>103.678566</ele><time>2026-03-08T14:28:01Z</time><extensions><speed>1.537482</speed><course>55.231156</course><hAcc>0.986674</hAcc><vAcc>0.745844</vAcc></extensions></trkpt>
      <trkpt lon="-82.150799" lat="33.553593"><ele>103.670561</ele><time>2026-03-08T14:28:02Z</time><extensions><speed>1.529172</speed><course>56.105897</course><hAcc>0.990978</hAcc><vAcc>0.748450</vAcc></extensions></trkpt>
      <trkpt lon="-82.150785" lat="33.553601"><ele>103.670260</ele><time>2026-03-08T14:28:03Z</time><extensions><speed>1.594297</speed><course>55.537864</course><hAcc>0.989112</hAcc><vAcc>0.750848</vAcc></extensions></trkpt>
      <trkpt lon="-82.150770" lat="33.553610"><ele>103.670734</ele><time>2026-03-08T14:28:04Z</time><extensions><speed>1.721609</speed><course>56.168620</course><hAcc>0.980609</hAcc><vAcc>0.753053</vAcc></extensions></trkpt>
      <trkpt lon="-82.150755" lat="33.553618"><ele>103.666447</ele><time>2026-03-08T14:28:05Z</time><extensions><speed>1.613458</speed><course>59.463800</course><hAcc>0.986626</hAcc><vAcc>0.755025</vAcc></extensions></trkpt>
      <trkpt lon="-82.150739" lat="33.553625"><ele>103.652813</ele><time>2026-03-08T14:28:06Z</time><extensions><speed>1.723532</speed><course>59.388155</course><hAcc>0.970523</hAcc><vAcc>0.756863</vAcc></extensions></trkpt>
      <trkpt lon="-82.150724" lat="33.553633"><ele>103.628466</ele><time>2026-03-08T14:28:07Z</time><extensions><speed>1.604697</speed><course>55.963908</course><hAcc>0.970062</hAcc><vAcc>0.758410</vAcc></extensions></trkpt>
      <trkpt lon="-82.150709" lat="33.553642"><ele>103.598098</ele><time>2026-03-08T14:28:08Z</time><extensions><speed>1.712234</speed><course>52.454286</course><hAcc>0.956891</hAcc><vAcc>0.759605</vAcc></extensions></trkpt>
      <trkpt lon="-82.150696" lat="33.553651"><ele>103.567358</ele><time>2026-03-08T14:28:09Z</time><extensions><speed>1.471895</speed><course>50.491013</course><hAcc>0.979550</hAcc><vAcc>0.760651</vAcc></extensions></trkpt>
      <trkpt lon="-82.150683" lat="33.553659"><ele>103.536334</ele><time>2026-03-08T14:28:10Z</time><extensions><speed>1.570852</speed><course>55.969763</course><hAcc>0.955209</hAcc><vAcc>0.761270</vAcc></extensions></trkpt>
      <trkpt lon="-82.150670" lat="33.553667"><ele>103.506317</ele><time>2026-03-08T14:28:11Z</time><extensions><speed>1.406774</speed><course>57.148715</course><hAcc>0.982717</hAcc><vAcc>0.761693</vAcc></extensions></trkpt>
      <trkpt lon="-82.150657" lat="33.553674"><ele>103.487117</ele><time>2026-03-08T14:28:12Z</time><extensions><speed>1.411489</speed><course>56.878785</course><hAcc>0.957683</hAcc><vAcc>0.761819</vAcc></extensions></trkpt>
      <trkpt lon="-82.150644" lat="33.553681"><ele>103.468768</ele><time>2026-03-08T14:28:13Z</time><extensions><speed>1.468645</speed><course>55.885193</course><hAcc>0.961548</hAcc><vAcc>0.762002</vAcc></extensions></trkpt>
      <trkpt lon="-82.150631" lat="33.553688"><ele>103.453740</ele><time>2026-03-08T14:28:14Z</time><extensions><speed>1.422062</speed><course>55.583627</course><hAcc>0.991956</hAcc><vAcc>0.761978</vAcc></extensions></trkpt>
      <trkpt lon="-82.150618" lat="33.553695"><ele>103.438200</ele><time>2026-03-08T14:28:15Z</time><extensions><speed>1.443011</speed><course>56.107933</course><hAcc>0.970320</hAcc><vAcc>0.762222</vAcc></extensions></trkpt>
      <trkpt lon="-82.150605" lat="33.553703"><ele>103.421509</ele><time>2026-03-08T14:28:16Z</time><extensions><speed>1.460213</speed><course>56.220864</course><hAcc>0.989363</hAcc><vAcc>0.762271</vAcc></extensions></trkpt>
      <trkpt lon="-82.150592" lat="33.553710"><ele>103.408833</ele><time>2026-03-08T14:28:17Z</time><extensions><speed>1.517739</speed><course>58.846006</course><hAcc>0.984222</hAcc><vAcc>0.761572</vAcc></extensions></trkpt>
      <trkpt lon="-82.150577" lat="33.553717"><ele>103.401378</ele><time>2026-03-08T14:28:18Z</time><extensions><speed>1.666116</speed><course>59.886756</course><hAcc>0.980207</hAcc><vAcc>0.759975</vAcc></extensions></trkpt>
      <trkpt lon="-82.150562" lat="33.553725"><ele>103.394183</ele><time>2026-03-08T14:28:19Z</time><extensions><speed>1.563227</speed><course>57.851549</course><hAcc>0.989689</hAcc><vAcc>0.757979</vAcc></extensions></trkpt>
      <trkpt lon="-82.150548" lat="33.553733"><ele>103.394820</ele><time>2026-03-08T14:28:20Z</time><extensions><speed>1.650973</speed><course>55.560336</course><hAcc>0.978702</hAcc><vAcc>0.755702</vAcc></extensions></trkpt>
      <trkpt lon="-82.150534" lat="33.553741"><ele>103.400814</ele><time>2026-03-08T14:28:21Z</time><extensions><speed>1.502125</speed><course>53.186160</course><hAcc>0.984801</hAcc><vAcc>0.753154</vAcc></extensions></trkpt>
      <trkpt lon="-82.150521" lat="33.553749"><ele>103.412466</ele><time>2026-03-08T14:28:22Z</time><extensions><speed>1.536664</speed><course>52.090316</course><hAcc>0.965882</hAcc><vAcc>0.750335</vAcc></extensions></trkpt>
      <trkpt lon="-82.150508" lat="33.553758"><ele>103.421034</ele><time>2026-03-08T14:28:23Z</time><extensions><speed>1.463265</speed><course>51.811717</course><hAcc>0.960836</hAcc><vAcc>0.748095</vAcc></extensions></trkpt>
      <trkpt lon="-82.150495" lat="33.553766"><ele>103.430786</ele><time>2026-03-08T14:28:24Z</time><extensions><speed>1.532445</speed><course>55.504665</course><hAcc>0.935691</hAcc><vAcc>0.745334</vAcc></extensions></trkpt>
      <trkpt lon="-82.150481" lat="33.553773"><ele>103.430056</ele><time>2026-03-08T14:28:25Z</time><extensions><speed>1.468409</speed><course>60.493575</course><hAcc>0.924262</hAcc><vAcc>0.742187</vAcc></extensions></trkpt>
      <trkpt lon="-82.150467" lat="33.553779"><ele>103.416812</ele><time>2026-03-08T14:28:26Z</time><extensions><speed>1.462035</speed><course>64.674942</course><hAcc>0.898723</hAcc><vAcc>0.739444</vAcc></extensions></trkpt>
      <trkpt lon="-82.150458" lat="33.553782"><ele>103.401964</ele><time>2026-03-08T14:28:27Z</time><extensions><speed>1.416870</speed><course>64.687981</course><hAcc>0.899431</hAcc><vAcc>0.735899</vAcc></extensions></trkpt>
      <trkpt lon="-82.150453" lat="33.553784"><ele>103.400757</ele><time>2026-03-08T14:28:27Z</time><extensions><speed>1.386522</speed><course>64.528917</course><hAcc>0.907934</hAcc><vAcc>0.734075</vAcc></extensions></trkpt>
      <trkpt lon="-82.150441" lat="33.553790"><ele>103.407882</ele><time>2026-03-08T14:28:28Z</time><extensions><speed>1.271573</speed><course>63.590177</course><hAcc>0.919908</hAcc><vAcc>0.739522</vAcc></extensions></trkpt>
      <trkpt lon="-82.150428" lat="33.553795"><ele>103.428355</ele><time>2026-03-08T14:28:29Z</time><extensions><speed>1.270276</speed><course>63.401626</course><hAcc>0.956382</hAcc><vAcc>0.744981</vAcc></extensions></trkpt>
      <trkpt lon="-82.150415" lat="33.553800"><ele>103.459518</ele><time>2026-03-08T14:28:30Z</time><extensions><speed>1.377493</speed><course>65.431864</course><hAcc>0.983369</hAcc><vAcc>0.749681</vAcc></extensions></trkpt>
      <trkpt lon="-82.150401" lat="33.553805"><ele>103.485780</ele><time>2026-03-08T14:28:31Z</time><extensions><speed>1.497269</speed><course>64.208546</course><hAcc>0.997434</hAcc><vAcc>0.754481</vAcc></extensions></trkpt>
      <trkpt lon="-82.150387" lat="33.553811"><ele>103.510758</ele><time>2026-03-08T14:28:32Z</time><extensions><speed>1.523173</speed><course>62.186772</course><hAcc>1.002061</hAcc><vAcc>0.758944</vAcc></extensions></trkpt>
      <trkpt lon="-82.150372" lat="33.553818"><ele>103.527101</ele><time>2026-03-08T14:28:33Z</time><extensions><speed>1.580354</speed><course>60.591411</course><hAcc>0.999574</hAcc><vAcc>0.763493</vAcc></extensions></trkpt>
      <trkpt lon="-82.150357" lat="33.553825"><ele>103.542516</ele><time>2026-03-08T14:28:34Z</time><extensions><speed>1.614255</speed><course>59.144199</course><hAcc>0.995127</hAcc><vAcc>0.767059</vAcc></extensions></trkpt>
      <trkpt lon="-82.150343" lat="33.553833"><ele>103.565806</ele><time>2026-03-08T14:28:35Z</time><extensions><speed>1.531331</speed><course>60.210769</course><hAcc>0.998867</hAcc><vAcc>0.770207</vAcc></extensions></trkpt>
      <trkpt lon="-82.150328" lat="33.553839"><ele>103.594172</ele><time>2026-03-08T14:28:36Z</time><extensions><speed>1.593539</speed><course>62.659768</course><hAcc>0.982405</hAcc><vAcc>0.772577</vAcc></extensions></trkpt>
      <trkpt lon="-82.150313" lat="33.553845"><ele>103.622488</ele><time>2026-03-08T14:28:37Z</time><extensions><speed>1.441686</speed><course>65.315946</course><hAcc>0.994086</hAcc><vAcc>0.774679</vAcc></extensions></trkpt>
      <trkpt lon="-82.150299" lat="33.553851"><ele>103.651524</ele><time>2026-03-08T14:28:38Z</time><extensions><speed>1.449070</speed><course>66.695726</course><hAcc>0.976943</hAcc><vAcc>0.776585</vAcc></extensions></trkpt>
      <trkpt lon="-82.150285" lat="33.553856"><ele>103.674089</ele><time>2026-03-08T14:28:39Z</time><extensions><speed>1.326093</speed><course>64.056920</course><hAcc>1.006360</hAcc><vAcc>0.777730</vAcc></extensions></trkpt>
      <trkpt lon="-82.150273" lat="33.553861"><ele>103.691387</ele><time>2026-03-08T14:28:40Z</time><extensions><speed>1.299983</speed><course>65.584696</course><hAcc>0.971050</hAcc><vAcc>0.779082</vAcc></extensions></trkpt>
      <trkpt lon="-82.150260" lat="33.553866"><ele>103.697852</ele><time>2026-03-08T14:28:41Z</time><extensions><speed>1.306729</speed><course>65.532349</course><hAcc>0.983162</hAcc><vAcc>0.779534</vAcc></extensions></trkpt>
      <trkpt lon="-82.150247" lat="33.553871"><ele>103.700115</ele><time>2026-03-08T14:28:42Z</time><extensions><speed>1.330232</speed><course>64.889948</course><hAcc>0.986677</hAcc><vAcc>0.780261</vAcc></extensions></trkpt>
      <trkpt lon="-82.150234" lat="33.553876"><ele>103.702865</ele><time>2026-03-08T14:28:43Z</time><extensions><speed>1.364819</speed><course>65.063828</course><hAcc>1.012339</hAcc><vAcc>0.780561</vAcc></extensions></trkpt>
      <trkpt lon="-82.150220" lat="33.553881"><ele>103.701929</ele><time>2026-03-08T14:28:44Z</time><extensions><speed>1.499629</speed><course>65.063812</course><hAcc>1.000813</hAcc><vAcc>0.780752</vAcc></extensions></trkpt>
      <trkpt lon="-82.150205" lat="33.553887"><ele>103.697427</ele><time>2026-03-08T14:28:45Z</time><extensions><speed>1.520980</speed><course>64.397545</course><hAcc>1.017844</hAcc><vAcc>0.780535</vAcc></extensions></trkpt>
      <trkpt lon="-82.150190" lat="33.553894"><ele>103.680402</ele><time>2026-03-08T14:28:46Z</time><extensions><speed>1.558601</speed><course>61.771441</course><hAcc>1.032030</hAcc><vAcc>0.780258</vAcc></extensions></trkpt>
      <trkpt lon="-82.150175" lat="33.553900"><ele>103.661381</ele><time>2026-03-08T14:28:47Z</time><extensions><speed>1.645872</speed><course>61.836473</course><hAcc>1.044881</hAcc><vAcc>0.780457</vAcc></extensions></trkpt>
      <trkpt lon="-82.150159" lat="33.553907"><ele>103.635033</ele><time>2026-03-08T14:28:48Z</time><extensions><speed>1.680624</speed><course>60.964976</course><hAcc>1.053577</hAcc><vAcc>0.780759</vAcc></extensions></trkpt>
      <trkpt lon="-82.150143" lat="33.553915"><ele>103.598064</ele><time>2026-03-08T14:28:49Z</time><extensions><speed>1.754729</speed><course>59.467866</course><hAcc>1.044047</hAcc><vAcc>0.781387</vAcc></extensions></trkpt>
      <trkpt lon="-82.150128" lat="33.553923"><ele>103.567612</ele><time>2026-03-08T14:28:50Z</time><extensions><speed>1.649437</speed><course>59.064140</course><hAcc>1.047908</hAcc><vAcc>0.783067</vAcc></extensions></trkpt>
      <trkpt lon="-82.150112" lat="33.553931"><ele>103.533845</ele><time>2026-03-08T14:28:51Z</time><extensions><speed>1.777535</speed><course>61.408455</course><hAcc>1.036723</hAcc><vAcc>0.784589</vAcc></extensions></trkpt>
      <trkpt lon="-82.150096" lat="33.553938"><ele>103.493899</ele><time>2026-03-08T14:28:52Z</time><extensions><speed>1.558783</speed><course>63.147907</course><hAcc>1.052349</hAcc><vAcc>0.786688</vAcc></extensions></trkpt>
      <trkpt lon="-82.150081" lat="33.553944"><ele>103.454469</ele><time>2026-03-08T14:28:53Z</time><extensions><speed>1.500112</speed><course>60.692316</course><hAcc>1.057831</hAcc><vAcc>0.788047</vAcc></extensions></trkpt>
      <trkpt lon="-82.150067" lat="33.553951"><ele>103.415578</ele><time>2026-03-08T14:28:54Z</time><extensions><speed>1.456147</speed><course>57.269413</course><hAcc>1.048505</hAcc><vAcc>0.790325</vAcc></extensions></trkpt>
      <trkpt lon="-82.150054" lat="33.553957"><ele>103.389495</ele><time>2026-03-08T14:28:55Z</time><extensions><speed>1.437658</speed><course>63.628689</course><hAcc>1.043830</hAcc><vAcc>0.791950</vAcc></extensions></trkpt>
      <trkpt lon="-82.150040" lat="33.553963"><ele>103.367334</ele><time>2026-03-08T14:28:56Z</time><extensions><speed>1.466181</speed><course>69.920939</course><hAcc>1.052944</hAcc><vAcc>0.794531</vAcc></extensions></trkpt>
      <trkpt lon="-82.150025" lat="33.553967"><ele>103.346031</ele><time>2026-03-08T14:28:57Z</time><extensions><speed>1.442841</speed><course>75.410197</course><hAcc>1.074208</hAcc><vAcc>0.796379</vAcc></extensions></trkpt>
      <trkpt lon="-82.150009" lat="33.553969"><ele>103.325920</ele><time>2026-03-08T14:28:58Z</time><extensions><speed>1.464341</speed><course>78.770006</course><hAcc>1.055759</hAcc><vAcc>0.798890</vAcc></extensions></trkpt>
      <trkpt lon="-82.149993" lat="33.553972"><ele>103.304634</ele><time>2026-03-08T14:28:59Z</time><extensions><speed>1.571144</speed><course>77.050147</course><hAcc>1.057461</hAcc><vAcc>0.800541</vAcc></extensions></trkpt>
      <trkpt lon="-82.149978" lat="33.553976"><ele>103.283152</ele><time>2026-03-08T14:29:00Z</time><extensions><speed>1.440546</speed><course>71.325663</course><hAcc>1.071260</hAcc><vAcc>0.802646</vAcc></extensions></trkpt>
      <trkpt lon="-82.149963" lat="33.553981"><ele>103.260247</ele><time>2026-03-08T14:29:01Z</time><extensions><speed>1.528629</speed><course>67.896396</course><hAcc>1.064220</hAcc><vAcc>0.804125</vAcc></extensions></trkpt>
      <trkpt lon="-82.149947" lat="33.553986"><ele>103.240100</ele><time>2026-03-08T14:29:03Z</time><extensions><speed>1.560760</speed><course>64.639173</course><hAcc>1.077142</hAcc><vAcc>0.805826</vAcc></extensions></trkpt>
      <trkpt lon="-82.149932" lat="33.553993"><ele>103.230293</ele><time>2026-03-08T14:29:04Z</time><extensions><speed>1.636410</speed><course>62.195434</course><hAcc>1.071795</hAcc><vAcc>0.806956</vAcc></extensions></trkpt>
      <trkpt lon="-82.149917" lat="33.554000"><ele>103.216576</ele><time>2026-03-08T14:29:05Z</time><extensions><speed>1.587312</speed><course>62.254188</course><hAcc>1.082628</hAcc><vAcc>0.808564</vAcc></extensions></trkpt>
      <trkpt lon="-82.149901" lat="33.554006"><ele>103.198499</ele><time>2026-03-08T14:29:06Z</time><extensions><speed>1.660658</speed><course>64.498059</course><hAcc>1.071111</hAcc><vAcc>0.810165</vAcc></extensions></trkpt>
      <trkpt lon="-82.149885" lat="33.554012"><ele>103.182185</ele><time>2026-03-08T14:29:07Z</time><extensions><speed>1.612765</speed><course>68.034947</course><hAcc>1.068322</hAcc><vAcc>0.812542</vAcc></extensions></trkpt>
      <trkpt lon="-82.149868" lat="33.554017"><ele>103.160046</ele><time>2026-03-08T14:29:08Z</time><extensions><speed>1.722863</speed><course>70.476128</course><hAcc>1.050923</hAcc><vAcc>0.814787</vAcc></extensions></trkpt>
      <trkpt lon="-82.149851" lat="33.554022"><ele>103.132912</ele><time>2026-03-08T14:29:09Z</time><extensions><speed>1.491779</speed><course>71.082924</course><hAcc>1.069698</hAcc><vAcc>0.816097</vAcc></extensions></trkpt>
      <trkpt lon="-82.149836" lat="33.554026"><ele>103.103678</ele><time>2026-03-08T14:29:10Z</time><extensions><speed>1.581105</speed><course>72.722975</course><hAcc>1.034356</hAcc><vAcc>0.818585</vAcc></extensions></trkpt>
      <trkpt lon="-82.149820" lat="33.554031"><ele>103.068650</ele><time>2026-03-08T14:29:11Z</time><extensions><speed>1.479236</speed><course>72.673198</course><hAcc>1.053824</hAcc><vAcc>0.820270</vAcc></extensions></trkpt>
      <trkpt lon="-82.149804" lat="33.554035"><ele>103.035383</ele><time>2026-03-08T14:29:12Z</time><extensions><speed>1.584629</speed><course>70.217721</course><hAcc>1.031992</hAcc><vAcc>0.823457</vAcc></extensions></trkpt>
      <trkpt lon="-82.149789" lat="33.554040"><ele>102.993054</ele><time>2026-03-08T14:29:13Z</time><extensions><speed>1.486301</speed><course>67.429969</course><hAcc>1.058684</hAcc><vAcc>0.826244</vAcc></extensions></trkpt>
      <trkpt lon="-82.149774" lat="33.554045"><ele>102.948784</ele><time>2026-03-08T14:29:14Z</time><extensions><speed>1.562586</speed><course>68.133420</course><hAcc>1.046500</hAcc><vAcc>0.829222</vAcc></extensions></trkpt>
      <trkpt lon="-82.149758" lat="33.554050"><ele>102.900882</ele><time>2026-03-08T14:29:15Z</time><extensions><speed>1.520732</speed><course>67.386263</course><hAcc>1.071442</hAcc><vAcc>0.831110</vAcc></extensions></trkpt>
      <trkpt lon="-82.149743" lat="33.554056"><ele>102.850890</ele><time>2026-03-08T14:29:16Z</time><extensions><speed>1.537998</speed><course>66.718402</course><hAcc>1.072862</hAcc><vAcc>0.832771</vAcc></extensions></trkpt>
      <trkpt lon="-82.149728" lat="33.554061"><ele>102.797328</ele><time>2026-03-08T14:29:17Z</time><extensions><speed>1.479106</speed><course>69.670959</course><hAcc>1.090291</hAcc><vAcc>0.833468</vAcc></extensions></trkpt>
      <trkpt lon="-82.149712" lat="33.554065"><ele>102.750324</ele><time>2026-03-08T14:29:18Z</time><extensions><speed>1.588718</speed><course>71.393953</course><hAcc>1.081405</hAcc><vAcc>0.834998</vAcc></extensions></trkpt>
      <trkpt lon="-82.149696" lat="33.554070"><ele>102.707028</ele><time>2026-03-08T14:29:19Z</time><extensions><speed>1.684724</speed><course>72.259165</course><hAcc>1.083505</hAcc><vAcc>0.836888</vAcc></extensions></trkpt>
      <trkpt lon="-82.149678" lat="33.554075"><ele>102.662032</ele><time>2026-03-08T14:29:20Z</time><extensions><speed>1.655220</speed><course>73.096194</course><hAcc>1.101200</hAcc><vAcc>0.839352</vAcc></extensions></trkpt>
      <trkpt lon="-82.149661" lat="33.554079"><ele>102.619056</ele><time>2026-03-08T14:29:21Z</time><extensions><speed>1.783541</speed><course>74.563099</course><hAcc>1.088980</hAcc><vAcc>0.842084</vAcc></extensions></trkpt>
      <trkpt lon="-82.149643" lat="33.554083"><ele>102.583677</ele><time>2026-03-08T14:29:22Z</time><extensions><speed>1.642249</speed><course>73.229523</course><hAcc>1.084845</hAcc><vAcc>0.843738</vAcc></extensions></trkpt>
      <trkpt lon="-82.149626" lat="33.554088"><ele>102.551792</ele><time>2026-03-08T14:29:23Z</time><extensions><speed>1.631217</speed><course>69.957526</course><hAcc>1.079823</hAcc><vAcc>0.845964</vAcc></extensions></trkpt>
      <trkpt lon="-82.149610" lat="33.554093"><ele>102.508539</ele><time>2026-03-08T14:29:24Z</time><extensions><speed>1.526317</speed><course>66.638337</course><hAcc>1.099528</hAcc><vAcc>0.848082</vAcc></extensions></trkpt>
      <trkpt lon="-82.149595" lat="33.554099"><ele>102.464585</ele><time>2026-03-08T14:29:25Z</time><extensions><speed>1.606767</speed><course>66.377827</course><hAcc>1.076720</hAcc><vAcc>0.850983</vAcc></extensions></trkpt>
      <trkpt lon="-82.149578" lat="33.554104"><ele>102.421636</ele><time>2026-03-08T14:29:26Z</time><extensions><speed>1.613201</speed><course>69.523825</course><hAcc>1.065588</hAcc><vAcc>0.854468</vAcc></extensions></trkpt>
      <trkpt lon="-82.149561" lat="33.554109"><ele>102.370598</ele><time>2026-03-08T14:29:27Z</time><extensions><speed>1.737078</speed><course>72.817303</course><hAcc>1.047612</hAcc><vAcc>0.857677</vAcc></extensions></trkpt>
      <trkpt lon="-82.149544" lat="33.554113"><ele>102.321656</ele><time>2026-03-08T14:29:28Z</time><extensions><speed>1.601393</speed><course>74.483154</course><hAcc>1.060089</hAcc><vAcc>0.858345</vAcc></extensions></trkpt>
      <trkpt lon="-82.149527" lat="33.554117"><ele>102.284768</ele><time>2026-03-08T14:29:29Z</time><extensions><speed>1.632547</speed><course>76.497565</course><hAcc>1.049662</hAcc><vAcc>0.859021</vAcc></extensions></trkpt>
      <trkpt lon="-82.149510" lat="33.554120"><ele>102.248731</ele><time>2026-03-08T14:29:30Z</time><extensions><speed>1.609470</speed><course>77.088055</course><hAcc>1.037976</hAcc><vAcc>0.857911</vAcc></extensions></trkpt>
      <trkpt lon="-82.149493" lat="33.554124"><ele>102.221403</ele><time>2026-03-08T14:29:31Z</time><extensions><speed>1.580304</speed><course>73.434304</course><hAcc>1.037896</hAcc><vAcc>0.857481</vAcc></extensions></trkpt>
      <trkpt lon="-82.149476" lat="33.554128"><ele>102.194602</ele><time>2026-03-08T14:29:32Z</time><extensions><speed>1.709939</speed><course>73.239657</course><hAcc>1.008952</hAcc><vAcc>0.856356</vAcc></extensions></trkpt>
      <trkpt lon="-82.149459" lat="33.554133"><ele>102.171039</ele><time>2026-03-08T14:29:33Z</time><extensions><speed>1.589448</speed><course>73.290239</course><hAcc>1.021995</hAcc><vAcc>0.854836</vAcc></extensions></trkpt>
      <trkpt lon="-82.149443" lat="33.554137"><ele>102.137325</ele><time>2026-03-08T14:29:34Z</time><extensions><speed>1.647321</speed><course>73.186833</course><hAcc>1.004849</hAcc><vAcc>0.851558</vAcc></extensions></trkpt>
      <trkpt lon="-82.149426" lat="33.554141"><ele>102.111206</ele><time>2026-03-08T14:29:35Z</time><extensions><speed>1.530551</speed><course>71.807461</course><hAcc>1.024417</hAcc><vAcc>0.847028</vAcc></extensions></trkpt>
      <trkpt lon="-82.149411" lat="33.554145"><ele>102.090575</ele><time>2026-03-08T14:29:36Z</time><extensions><speed>1.523701</speed><course>72.975772</course><hAcc>1.024185</hAcc><vAcc>0.842723</vAcc></extensions></trkpt>
      <trkpt lon="-82.149395" lat="33.554149"><ele>102.075448</ele><time>2026-03-08T14:29:37Z</time><extensions><speed>1.547491</speed><course>74.564896</course><hAcc>1.021908</hAcc><vAcc>0.838279</vAcc></extensions></trkpt>
      <trkpt lon="-82.149378" lat="33.554153"><ele>102.062369</ele><time>2026-03-08T14:29:38Z</time><extensions><speed>1.636902</speed><course>75.989692</course><hAcc>1.013346</hAcc><vAcc>0.833032</vAcc></extensions></trkpt>
      <trkpt lon="-82.149361" lat="33.554156"><ele>102.033263</ele><time>2026-03-08T14:29:39Z</time><extensions><speed>1.622712</speed><course>75.203290</course><hAcc>1.020708</hAcc><vAcc>0.827714</vAcc></extensions></trkpt>
      <trkpt lon="-82.149344" lat="33.554160"><ele>102.009973</ele><time>2026-03-08T14:29:40Z</time><extensions><speed>1.663489</speed><course>73.084717</course><hAcc>1.012884</hAcc><vAcc>0.823530</vAcc></extensions></trkpt>
      <trkpt lon="-82.149327" lat="33.554165"><ele>101.992102</ele><time>2026-03-08T14:29:41Z</time><extensions><speed>1.602592</speed><course>70.534623</course><hAcc>1.015645</hAcc><vAcc>0.820171</vAcc></extensions></trkpt>
      <trkpt lon="-82.149311" lat="33.554170"><ele>101.988810</ele><time>2026-03-08T14:29:42Z</time><extensions><speed>1.531074</speed><course>68.156557</course><hAcc>1.034332</hAcc><vAcc>0.817916</vAcc></extensions></trkpt>
      <trkpt lon="-82.149296" lat="33.554175"><ele>101.981132</ele><time>2026-03-08T14:29:43Z</time><extensions><speed>1.538082</speed><course>66.166745</course><hAcc>1.027308</hAcc><vAcc>0.816416</vAcc></extensions></trkpt>
      <trkpt lon="-82.149280" lat="33.554181"><ele>101.974944</ele><time>2026-03-08T14:29:44Z</time><extensions><speed>1.657797</speed><course>65.201424</course><hAcc>1.005565</hAcc><vAcc>0.815323</vAcc></extensions></trkpt>
      <trkpt lon="-82.149263" lat="33.554188"><ele>101.963494</ele><time>2026-03-08T14:29:45Z</time><extensions><speed>1.850959</speed><course>68.226810</course><hAcc>1.006817</hAcc><vAcc>0.815602</vAcc></extensions></trkpt>
      <trkpt lon="-82.149245" lat="33.554193"><ele>101.946980</ele><time>2026-03-08T14:29:46Z</time><extensions><speed>1.736622</speed><course>70.156404</course><hAcc>1.034885</hAcc><vAcc>0.816752</vAcc></extensions></trkpt>
      <trkpt lon="-82.149228" lat="33.554198"><ele>101.924070</ele><time>2026-03-08T14:29:47Z</time><extensions><speed>1.566297</speed><course>70.181073</course><hAcc>1.069416</hAcc><vAcc>0.818496</vAcc></extensions></trkpt>
      <trkpt lon="-82.149211" lat="33.554203"><ele>101.899048</ele><time>2026-03-08T14:29:48Z</time><extensions><speed>1.751043</speed><course>71.760276</course><hAcc>1.042046</hAcc><vAcc>0.821034</vAcc></extensions></trkpt>
      <trkpt lon="-82.149192" lat="33.554208"><ele>101.864156</ele><time>2026-03-08T14:29:49Z</time><extensions><speed>1.836439</speed><course>73.567315</course><hAcc>1.041677</hAcc><vAcc>0.824422</vAcc></extensions></trkpt>
      <trkpt lon="-82.149174" lat="33.554212"><ele>101.844481</ele><time>2026-03-08T14:29:50Z</time><extensions><speed>1.704150</speed><course>75.277942</course><hAcc>1.062543</hAcc><vAcc>0.828414</vAcc></extensions></trkpt>
      <trkpt lon="-82.149156" lat="33.554216"><ele>101.831470</ele><time>2026-03-08T14:29:51Z</time><extensions><speed>1.711015</speed><course>77.108519</course><hAcc>1.065333</hAcc><vAcc>0.833478</vAcc></extensions></trkpt>
      <trkpt lon="-82.149138" lat="33.554219"><ele>101.818360</ele><time>2026-03-08T14:29:52Z</time><extensions><speed>1.715789</speed><course>83.272351</course><hAcc>1.059562</hAcc><vAcc>0.838872</vAcc></extensions></trkpt>
      <trkpt lon="-82.149119" lat="33.554220"><ele>101.804391</ele><time>2026-03-08T14:29:53Z</time><extensions><speed>1.772721</speed><course>89.723910</course><hAcc>1.047527</hAcc><vAcc>0.844738</vAcc></extensions></trkpt>
      <trkpt lon="-82.149099" lat="33.554220"><ele>101.800442</ele><time>2026-03-08T14:29:54Z</time><extensions><speed>1.827060</speed><course>90.977993</course><hAcc>1.038801</hAcc><vAcc>0.850817</vAcc></extensions></trkpt>
      <trkpt lon="-82.149080" lat="33.554220"><ele>101.797135</ele><time>2026-03-08T14:29:55Z</time><extensions><speed>1.776333</speed><course>86.983193</course><hAcc>1.029823</hAcc><vAcc>0.857148</vAcc></extensions></trkpt>
      <trkpt lon="-82.149061" lat="33.554222"><ele>101.806690</ele><time>2026-03-08T14:29:56Z</time><extensions><speed>1.668925</speed><course>80.917985</course><hAcc>1.037303</hAcc><vAcc>0.863997</vAcc></extensions></trkpt>
      <trkpt lon="-82.149043" lat="33.554225"><ele>101.796275</ele><time>2026-03-08T14:29:57Z</time><extensions><speed>1.707495</speed><course>75.476542</course><hAcc>1.018038</hAcc><vAcc>0.871261</vAcc></extensions></trkpt>
      <trkpt lon="-82.149026" lat="33.554229"><ele>101.777949</ele><time>2026-03-08T14:29:58Z</time><extensions><speed>1.647716</speed><course>73.613106</course><hAcc>1.020317</hAcc><vAcc>0.878540</vAcc></extensions></trkpt>
      <trkpt lon="-82.149008" lat="33.554233"><ele>101.759436</ele><time>2026-03-08T14:29:59Z</time><extensions><speed>1.735331</speed><course>72.693093</course><hAcc>0.992056</hAcc><vAcc>0.886142</vAcc></extensions></trkpt>
      <trkpt lon="-82.148991" lat="33.554238"><ele>101.741520</ele><time>2026-03-08T14:30:00Z</time><extensions><speed>1.693728</speed><course>70.855998</course><hAcc>0.999935</hAcc><vAcc>0.893588</vAcc></extensions></trkpt>
      <trkpt lon="-82.148973" lat="33.554243"><ele>101.708437</ele><time>2026-03-08T14:30:01Z</time><extensions><speed>1.688430</speed><course>71.141479</course><hAcc>1.000159</hAcc><vAcc>0.899659</vAcc></extensions></trkpt>
      <trkpt lon="-82.148956" lat="33.554248"><ele>101.691807</ele><time>2026-03-08T14:30:02Z</time><extensions><speed>1.663825</speed><course>73.167731</course><hAcc>1.002449</hAcc><vAcc>0.904393</vAcc></extensions></trkpt>
      <trkpt lon="-82.148938" lat="33.554252"><ele>101.683286</ele><time>2026-03-08T14:30:03Z</time><extensions><speed>1.709680</speed><course>76.708379</course><hAcc>0.991057</hAcc><vAcc>0.909402</vAcc></extensions></trkpt>
      <trkpt lon="-82.148920" lat="33.554255"><ele>101.667066</ele><time>2026-03-08T14:30:04Z</time><extensions><speed>1.685695</speed><course>78.828639</course><hAcc>0.997060</hAcc><vAcc>0.912681</vAcc></extensions></trkpt>
      <trkpt lon="-82.148902" lat="33.554258"><ele>101.651666</ele><time>2026-03-08T14:30:05Z</time><extensions><speed>1.701344</speed><course>77.243489</course><hAcc>0.998254</hAcc><vAcc>0.916887</vAcc></extensions></trkpt>
      <trkpt lon="-82.148884" lat="33.554262"><ele>101.637745</ele><time>2026-03-08T14:30:06Z</time><extensions><speed>1.720597</speed><course>73.917755</course><hAcc>0.997206</hAcc><vAcc>0.919956</vAcc></extensions></trkpt>
      <trkpt lon="-82.148867" lat="33.554266"><ele>101.625487</ele><time>2026-03-08T14:30:07Z</time><extensions><speed>1.698077</speed><course>72.455713</course><hAcc>1.002949</hAcc><vAcc>0.922006</vAcc></extensions></trkpt>
      <trkpt lon="-82.148850" lat="33.554271"><ele>101.612991</ele><time>2026-03-08T14:30:08Z</time><extensions><speed>1.644653</speed><course>73.006483</course><hAcc>1.012121</hAcc><vAcc>0.922995</vAcc></extensions></trkpt>
      <trkpt lon="-82.148833" lat="33.554275"><ele>101.607005</ele><time>2026-03-08T14:30:09Z</time><extensions><speed>1.621454</speed><course>73.897091</course><hAcc>1.015632</hAcc><vAcc>0.922530</vAcc></extensions></trkpt>
      <trkpt lon="-82.148816" lat="33.554279"><ele>101.613096</ele><time>2026-03-08T14:30:10Z</time><extensions><speed>1.609761</speed><course>76.833719</course><hAcc>1.025480</hAcc><vAcc>0.922314</vAcc></extensions></trkpt>
      <trkpt lon="-82.148799" lat="33.554282"><ele>101.623701</ele><time>2026-03-08T14:30:11Z</time><extensions><speed>1.636889</speed><course>79.625891</course><hAcc>1.025366</hAcc><vAcc>0.923270</vAcc></extensions></trkpt>
      <trkpt lon="-82.148781" lat="33.554285"><ele>101.629944</ele><time>2026-03-08T14:30:12Z</time><extensions><speed>1.754848</speed><course>79.759789</course><hAcc>1.025479</hAcc><vAcc>0.924773</vAcc></extensions></trkpt>
      <trkpt lon="-82.148763" lat="33.554287"><ele>101.630496</ele><time>2026-03-08T14:30:13Z</time><extensions><speed>1.615846</speed><course>81.932102</course><hAcc>1.071514</hAcc><vAcc>0.926552</vAcc></extensions></trkpt>
      <trkpt lon="-82.148745" lat="33.554289"><ele>101.625139</ele><time>2026-03-08T14:30:14Z</time><extensions><speed>1.676335</speed><course>83.771467</course><hAcc>1.073654</hAcc><vAcc>0.927958</vAcc></extensions></trkpt>
      <trkpt lon="-82.148727" lat="33.554291"><ele>101.618238</ele><time>2026-03-08T14:30:15Z</time><extensions><speed>1.587064</speed><course>81.176402</course><hAcc>1.083879</hAcc><vAcc>0.929484</vAcc></extensions></trkpt>
      <trkpt lon="-82.148711" lat="33.554294"><ele>101.604620</ele><time>2026-03-08T14:30:16Z</time><extensions><speed>1.500323</speed><course>74.811330</course><hAcc>1.121573</hAcc><vAcc>0.929852</vAcc></extensions></trkpt>
      <trkpt lon="-82.148696" lat="33.554298"><ele>101.601575</ele><time>2026-03-08T14:30:17Z</time><extensions><speed>1.459460</speed><course>69.439508</course><hAcc>1.131728</hAcc><vAcc>0.930938</vAcc></extensions></trkpt>
      <trkpt lon="-82.148681" lat="33.554302"><ele>101.605843</ele><time>2026-03-08T14:30:18Z</time><extensions><speed>1.472093</speed><course>68.427706</course><hAcc>1.137052</hAcc><vAcc>0.931782</vAcc></extensions></trkpt>
      <trkpt lon="-82.148666" lat="33.554307"><ele>101.610896</ele><time>2026-03-08T14:30:19Z</time><extensions><speed>1.600609</speed><course>69.343306</course><hAcc>1.146651</hAcc><vAcc>0.932843</vAcc></extensions></trkpt>
      <trkpt lon="-82.148649" lat="33.554313"><ele>101.601476</ele><time>2026-03-08T14:30:20Z</time><extensions><speed>1.764632</speed><course>70.207574</course><hAcc>1.155126</hAcc><vAcc>0.933103</vAcc></extensions></trkpt>
      <trkpt lon="-82.148631" lat="33.554318"><ele>101.589394</ele><time>2026-03-08T14:30:21Z</time><extensions><speed>1.652970</speed><course>69.976888</course><hAcc>1.174119</hAcc><vAcc>0.930460</vAcc></extensions></trkpt>
      <trkpt lon="-82.148614" lat="33.554323"><ele>101.593354</ele><time>2026-03-08T14:30:22Z</time><extensions><speed>1.639649</speed><course>70.822105</course><hAcc>1.168466</hAcc><vAcc>0.928507</vAcc></extensions></trkpt>
      <trkpt lon="-82.148597" lat="33.554327"><ele>101.585500</ele><time>2026-03-08T14:30:23Z</time><extensions><speed>1.665581</speed><course>74.149580</course><hAcc>1.146996</hAcc><vAcc>0.926852</vAcc></extensions></trkpt>
      <trkpt lon="-82.148580" lat="33.554331"><ele>101.576745</ele><time>2026-03-08T14:30:24Z</time><extensions><speed>1.700400</speed><course>76.213702</course><hAcc>1.140370</hAcc><vAcc>0.925071</vAcc></extensions></trkpt>
      <trkpt lon="-82.148562" lat="33.554335"><ele>101.580263</ele><time>2026-03-08T14:30:25Z</time><extensions><speed>1.671733</speed><course>77.559546</course><hAcc>1.141701</hAcc><vAcc>0.921908</vAcc></extensions></trkpt>
      <trkpt lon="-82.148544" lat="33.554338"><ele>101.577365</ele><time>2026-03-08T14:30:26Z</time><extensions><speed>1.754119</speed><course>74.881593</course><hAcc>1.123155</hAcc><vAcc>0.918201</vAcc></extensions></trkpt>
      <trkpt lon="-82.148527" lat="33.554343"><ele>101.557927</ele><time>2026-03-08T14:30:27Z</time><extensions><speed>1.661398</speed><course>71.461725</course><hAcc>1.119310</hAcc><vAcc>0.914197</vAcc></extensions></trkpt>
      <trkpt lon="-82.148510" lat="33.554348"><ele>101.535104</ele><time>2026-03-08T14:30:28Z</time><extensions><speed>1.640802</speed><course>70.044254</course><hAcc>1.108610</hAcc><vAcc>0.911232</vAcc></extensions></trkpt>
      <trkpt lon="-82.148493" lat="33.554353"><ele>101.504148</ele><time>2026-03-08T14:30:29Z</time><extensions><speed>1.580935</speed><course>70.575291</course><hAcc>1.107245</hAcc><vAcc>0.906825</vAcc></extensions></trkpt>
      <trkpt lon="-82.148478" lat="33.554357"><ele>101.433461</ele><time>2026-03-08T14:30:30Z</time><extensions><speed>1.522734</speed><course>70.880905</course><hAcc>1.104864</hAcc><vAcc>0.903792</vAcc></extensions></trkpt>
      <trkpt lon="-82.148462" lat="33.554361"><ele>101.368459</ele><time>2026-03-08T14:30:31Z</time><extensions><speed>1.559747</speed><course>73.782020</course><hAcc>1.080905</hAcc><vAcc>0.901029</vAcc></extensions></trkpt>
      <trkpt lon="-82.148445" lat="33.554365"><ele>101.297301</ele><time>2026-03-08T14:30:32Z</time><extensions><speed>1.567054</speed><course>77.232471</course><hAcc>1.099906</hAcc><vAcc>0.899059</vAcc></extensions></trkpt>
      <trkpt lon="-82.148429" lat="33.554368"><ele>101.227519</ele><time>2026-03-08T14:30:33Z</time><extensions><speed>1.599112</speed><course>79.649683</course><hAcc>1.091804</hAcc><vAcc>0.898713</vAcc></extensions></trkpt>
      <trkpt lon="-82.148412" lat="33.554370"><ele>101.159428</ele><time>2026-03-08T14:30:34Z</time><extensions><speed>1.572572</speed><course>83.271291</course><hAcc>1.098194</hAcc><vAcc>0.899206</vAcc></extensions></trkpt>
      <trkpt lon="-82.148395" lat="33.554371"><ele>101.091004</ele><time>2026-03-08T14:30:35Z</time><extensions><speed>1.609274</speed><course>85.502383</course><hAcc>1.089106</hAcc><vAcc>0.900689</vAcc></extensions></trkpt>
      <trkpt lon="-82.148377" lat="33.554373"><ele>101.019921</ele><time>2026-03-08T14:30:36Z</time><extensions><speed>1.590405</speed><course>82.493844</course><hAcc>1.106625</hAcc><vAcc>0.902220</vAcc></extensions></trkpt>
      <trkpt lon="-82.148360" lat="33.554375"><ele>100.955323</ele><time>2026-03-08T14:30:37Z</time><extensions><speed>1.661106</speed><course>80.128585</course><hAcc>1.090112</hAcc><vAcc>0.903070</vAcc></extensions></trkpt>
      <trkpt lon="-82.148343" lat="33.554378"><ele>100.886900</ele><time>2026-03-08T14:30:38Z</time><extensions><speed>1.585949</speed><course>79.341188</course><hAcc>1.092810</hAcc><vAcc>0.904393</vAcc></extensions></trkpt>
      <trkpt lon="-82.148326" lat="33.554381"><ele>100.804276</ele><time>2026-03-08T14:30:39Z</time><extensions><speed>1.601266</speed><course>79.025417</course><hAcc>1.082355</hAcc><vAcc>0.905738</vAcc></extensions></trkpt>
      <trkpt lon="-82.148309" lat="33.554383"><ele>100.719957</ele><time>2026-03-08T14:30:40Z</time><extensions><speed>1.544960</speed><course>77.977911</course><hAcc>1.106802</hAcc><vAcc>0.907897</vAcc></extensions></trkpt>
      <trkpt lon="-82.148292" lat="33.554387"><ele>100.617871</ele><time>2026-03-08T14:30:41Z</time><extensions><speed>1.660883</speed><course>75.441092</course><hAcc>1.073897</hAcc><vAcc>0.910775</vAcc></extensions></trkpt>
      <trkpt lon="-82.148275" lat="33.554391"><ele>100.513816</ele><time>2026-03-08T14:30:42Z</time><extensions><speed>1.703590</speed><course>72.096621</course><hAcc>1.065530</hAcc><vAcc>0.913087</vAcc></extensions></trkpt>
      <trkpt lon="-82.148258" lat="33.554396"><ele>100.407131</ele><time>2026-03-08T14:30:43Z</time><extensions><speed>1.595451</speed><course>68.878710</course><hAcc>1.094397</hAcc><vAcc>0.915289</vAcc></extensions></trkpt>
      <trkpt lon="-82.148242" lat="33.554401"><ele>100.307240</ele><time>2026-03-08T14:30:44Z</time><extensions><speed>1.626349</speed><course>68.011184</course><hAcc>1.085648</hAcc><vAcc>0.917527</vAcc></extensions></trkpt>
      <trkpt lon="-82.148225" lat="33.554407"><ele>100.216752</ele><time>2026-03-08T14:30:45Z</time><extensions><speed>1.625160</speed><course>69.907064</course><hAcc>1.086168</hAcc><vAcc>0.919566</vAcc></extensions></trkpt>
      <trkpt lon="-82.148209" lat="33.554411"><ele>100.137667</ele><time>2026-03-08T14:30:46Z</time><extensions><speed>1.636314</speed><course>71.259050</course><hAcc>1.084878</hAcc><vAcc>0.921156</vAcc></extensions></trkpt>
      <trkpt lon="-82.148191" lat="33.554417"><ele>100.066587</ele><time>2026-03-08T14:30:47Z</time><extensions><speed>1.750087</speed><course>69.867262</course><hAcc>1.062284</hAcc><vAcc>0.919851</vAcc></extensions></trkpt>
      <trkpt lon="-82.148174" lat="33.554422"><ele>99.996151</ele><time>2026-03-08T14:30:48Z</time><extensions><speed>1.672947</speed><course>67.547103</course><hAcc>1.077017</hAcc><vAcc>0.919172</vAcc></extensions></trkpt>
      <trkpt lon="-82.148157" lat="33.554428"><ele>99.918432</ele><time>2026-03-08T14:30:49Z</time><extensions><speed>1.668699</speed><course>67.912140</course><hAcc>1.067816</hAcc><vAcc>0.919333</vAcc></extensions></trkpt>
      <trkpt lon="-82.148141" lat="33.554433"><ele>99.839945</ele><time>2026-03-08T14:30:50Z</time><extensions><speed>1.639348</speed><course>69.834624</course><hAcc>1.060814</hAcc><vAcc>0.918379</vAcc></extensions></trkpt>
      <trkpt lon="-82.148124" lat="33.554438"><ele>99.754155</ele><time>2026-03-08T14:30:51Z</time><extensions><speed>1.613011</speed><course>72.872621</course><hAcc>1.056784</hAcc><vAcc>0.915524</vAcc></extensions></trkpt>
      <trkpt lon="-82.148107" lat="33.554442"><ele>99.676766</ele><time>2026-03-08T14:30:52Z</time><extensions><speed>1.618655</speed><course>76.633098</course><hAcc>1.041971</hAcc><vAcc>0.913130</vAcc></extensions></trkpt>
      <trkpt lon="-82.148090" lat="33.554445"><ele>99.612554</ele><time>2026-03-08T14:30:53Z</time><extensions><speed>1.584636</speed><course>76.753645</course><hAcc>1.043835</hAcc><vAcc>0.911124</vAcc></extensions></trkpt>
      <trkpt lon="-82.148073" lat="33.554449"><ele>99.560185</ele><time>2026-03-08T14:30:54Z</time><extensions><speed>1.613232</speed><course>75.450650</course><hAcc>1.026700</hAcc><vAcc>0.907129</vAcc></extensions></trkpt>
      <trkpt lon="-82.148057" lat="33.554452"><ele>99.512190</ele><time>2026-03-08T14:30:55Z</time><extensions><speed>1.561947</speed><course>73.510502</course><hAcc>1.050439</hAcc><vAcc>0.904046</vAcc></extensions></trkpt>
      <trkpt lon="-82.148041" lat="33.554456"><ele>99.462309</ele><time>2026-03-08T14:30:56Z</time><extensions><speed>1.578203</speed><course>75.189442</course><hAcc>1.047649</hAcc><vAcc>0.900703</vAcc></extensions></trkpt>
      <trkpt lon="-82.148024" lat="33.554460"><ele>99.412840</ele><time>2026-03-08T14:30:57Z</time><extensions><speed>1.638419</speed><course>74.671987</course><hAcc>1.039400</hAcc><vAcc>0.899424</vAcc></extensions></trkpt>
      <trkpt lon="-82.148007" lat="33.554464"><ele>99.364845</ele><time>2026-03-08T14:30:58Z</time><extensions><speed>1.579782</speed><course>75.968896</course><hAcc>1.085212</hAcc><vAcc>0.899264</vAcc></extensions></trkpt>
      <trkpt lon="-82.147990" lat="33.554467"><ele>99.327497</ele><time>2026-03-08T14:30:59Z</time><extensions><speed>1.579500</speed><course>75.569776</course><hAcc>1.097060</hAcc><vAcc>0.899922</vAcc></extensions></trkpt>
      <trkpt lon="-82.147974" lat="33.554471"><ele>99.302607</ele><time>2026-03-08T14:31:00Z</time><extensions><speed>1.625628</speed><course>75.369969</course><hAcc>1.087938</hAcc><vAcc>0.901633</vAcc></extensions></trkpt>
      <trkpt lon="-82.147956" lat="33.554475"><ele>99.284629</ele><time>2026-03-08T14:31:01Z</time><extensions><speed>1.694811</speed><course>74.206383</course><hAcc>1.096888</hAcc><vAcc>0.903287</vAcc></extensions></trkpt>
      <trkpt lon="-82.147938" lat="33.554479"><ele>99.267858</ele><time>2026-03-08T14:31:02Z</time><extensions><speed>1.731672</speed><course>73.746060</course><hAcc>1.120451</hAcc><vAcc>0.906892</vAcc></extensions></trkpt>
      <trkpt lon="-82.147921" lat="33.554483"><ele>99.245970</ele><time>2026-03-08T14:31:03Z</time><extensions><speed>1.649973</speed><course>75.483790</course><hAcc>1.150430</hAcc><vAcc>0.912350</vAcc></extensions></trkpt>
      <trkpt lon="-82.147902" lat="33.554487"><ele>99.225926</ele><time>2026-03-08T14:31:04Z</time><extensions><speed>1.877429</speed><course>75.220108</course><hAcc>1.126663</hAcc><vAcc>0.918174</vAcc></extensions></trkpt>
      <trkpt lon="-82.147883" lat="33.554492"><ele>99.202046</ele><time>2026-03-08T14:31:05Z</time><extensions><speed>1.800235</speed><course>72.279882</course><hAcc>1.129709</hAcc><vAcc>0.924652</vAcc></extensions></trkpt>
      <trkpt lon="-82.147864" lat="33.554497"><ele>99.180633</ele><time>2026-03-08T14:31:06Z</time><extensions><speed>1.821414</speed><course>69.986935</course><hAcc>1.135727</hAcc><vAcc>0.931378</vAcc></extensions></trkpt>
      <trkpt lon="-82.147846" lat="33.554503"><ele>99.167444</ele><time>2026-03-08T14:31:07Z</time><extensions><speed>1.739682</speed><course>70.522243</course><hAcc>1.141971</hAcc><vAcc>0.938184</vAcc></extensions></trkpt>
      <trkpt lon="-82.147829" lat="33.554508"><ele>99.146006</ele><time>2026-03-08T14:31:08Z</time><extensions><speed>1.632617</speed><course>69.945761</course><hAcc>1.158845</hAcc><vAcc>0.944076</vAcc></extensions></trkpt>
      <trkpt lon="-82.147812" lat="33.554513"><ele>99.104281</ele><time>2026-03-08T14:31:09Z</time><extensions><speed>1.688635</speed><course>67.904860</course><hAcc>1.150214</hAcc><vAcc>0.945797</vAcc></extensions></trkpt>
      <trkpt lon="-82.147795" lat="33.554519"><ele>99.068458</ele><time>2026-03-08T14:31:10Z</time><extensions><speed>1.735790</speed><course>68.499790</course><hAcc>1.141682</hAcc><vAcc>0.948333</vAcc></extensions></trkpt>
      <trkpt lon="-82.147777" lat="33.554525"><ele>99.013198</ele><time>2026-03-08T14:31:11Z</time><extensions><speed>1.889921</speed><course>68.850228</course><hAcc>1.132100</hAcc><vAcc>0.949888</vAcc></extensions></trkpt>
      <trkpt lon="-82.147759" lat="33.554531"><ele>98.939157</ele><time>2026-03-08T14:31:12Z</time><extensions><speed>1.719266</speed><course>68.013360</course><hAcc>1.149454</hAcc><vAcc>0.949843</vAcc></extensions></trkpt>
      <trkpt lon="-82.147742" lat="33.554537"><ele>98.861303</ele><time>2026-03-08T14:31:13Z</time><extensions><speed>1.620773</speed><course>67.178326</course><hAcc>1.164047</hAcc><vAcc>0.949432</vAcc></extensions></trkpt>
      <trkpt lon="-82.147726" lat="33.554543"><ele>98.754647</ele><time>2026-03-08T14:31:14Z</time><extensions><speed>1.714014</speed><course>62.585849</course><hAcc>1.139026</hAcc><vAcc>0.948827</vAcc></extensions></trkpt>
      <trkpt lon="-82.147710" lat="33.554551"><ele>98.632232</ele><time>2026-03-08T14:31:15Z</time><extensions><speed>1.682202</speed><course>58.333821</course><hAcc>1.147897</hAcc><vAcc>0.945378</vAcc></extensions></trkpt>
      <trkpt lon="-82.147694" lat="33.554559"><ele>98.515660</ele><time>2026-03-08T14:31:16Z</time><extensions><speed>1.675780</speed><course>59.430871</course><hAcc>1.152993</hAcc><vAcc>0.942510</vAcc></extensions></trkpt>
      <trkpt lon="-82.147679" lat="33.554566"><ele>98.406308</ele><time>2026-03-08T14:31:17Z</time><extensions><speed>1.644829</speed><course>61.605342</course><hAcc>1.165110</hAcc><vAcc>0.939022</vAcc></extensions></trkpt>
      <trkpt lon="-82.147662" lat="33.554573"><ele>98.310970</ele><time>2026-03-08T14:31:18Z</time><extensions><speed>1.737193</speed><course>64.775357</course><hAcc>1.147272</hAcc><vAcc>0.934032</vAcc></extensions></trkpt>
      <trkpt lon="-82.147644" lat="33.554580"><ele>98.201544</ele><time>2026-03-08T14:31:19Z</time><extensions><speed>1.962392</speed><course>64.518765</course><hAcc>1.123199</hAcc><vAcc>0.929413</vAcc></extensions></trkpt>
      <trkpt lon="-82.147626" lat="33.554587"><ele>98.105524</ele><time>2026-03-08T14:31:20Z</time><extensions><speed>1.714517</speed><course>63.491281</course><hAcc>1.142768</hAcc><vAcc>0.926153</vAcc></extensions></trkpt>
      <trkpt lon="-82.147610" lat="33.554595"><ele>98.027092</ele><time>2026-03-08T14:31:21Z</time><extensions><speed>1.625076</speed><course>60.989698</course><hAcc>1.149292</hAcc><vAcc>0.923910</vAcc></extensions></trkpt>
      <trkpt lon="-82.147594" lat="33.554602"><ele>97.967605</ele><time>2026-03-08T14:31:22Z</time><extensions><speed>1.732459</speed><course>58.571307</course><hAcc>1.112569</hAcc><vAcc>0.922888</vAcc></extensions></trkpt>
      <trkpt lon="-82.147579" lat="33.554611"><ele>97.912705</ele><time>2026-03-08T14:31:23Z</time><extensions><speed>1.633652</speed><course>56.518105</course><hAcc>1.121062</hAcc><vAcc>0.922056</vAcc></extensions></trkpt>
      <trkpt lon="-82.147564" lat="33.554618"><ele>97.869740</ele><time>2026-03-08T14:31:24Z</time><extensions><speed>1.569198</speed><course>59.933885</course><hAcc>1.132018</hAcc><vAcc>0.922554</vAcc></extensions></trkpt>
      <trkpt lon="-82.147548" lat="33.554626"><ele>97.856193</ele><time>2026-03-08T14:31:25Z</time><extensions><speed>1.787290</speed><course>58.171387</course><hAcc>1.096165</hAcc><vAcc>0.924211</vAcc></extensions></trkpt>
      <trkpt lon="-82.147532" lat="33.554635"><ele>97.870585</ele><time>2026-03-08T14:31:26Z</time><extensions><speed>1.755460</speed><course>54.405148</course><hAcc>1.094285</hAcc><vAcc>0.926529</vAcc></extensions></trkpt>
      <trkpt lon="-82.147517" lat="33.554644"><ele>97.907349</ele><time>2026-03-08T14:31:27Z</time><extensions><speed>1.707558</speed><course>54.251896</course><hAcc>1.093812</hAcc><vAcc>0.929870</vAcc></extensions></trkpt>
      <trkpt lon="-82.147501" lat="33.554654"><ele>97.946610</ele><time>2026-03-08T14:31:28Z</time><extensions><speed>1.813422</speed><course>54.963322</course><hAcc>1.071277</hAcc><vAcc>0.934463</vAcc></extensions></trkpt>
      <trkpt lon="-82.147486" lat="33.554663"><ele>97.993525</ele><time>2026-03-08T14:31:29Z</time><extensions><speed>1.730179</speed><course>54.236528</course><hAcc>1.085828</hAcc><vAcc>0.939744</vAcc></extensions></trkpt>
      <trkpt lon="-82.147470" lat="33.554672"><ele>98.058308</ele><time>2026-03-08T14:31:30Z</time><extensions><speed>1.755606</speed><course>53.818361</course><hAcc>1.080271</hAcc><vAcc>0.945529</vAcc></extensions></trkpt>
      <trkpt lon="-82.147455" lat="33.554682"><ele>98.122328</ele><time>2026-03-08T14:31:31Z</time><extensions><speed>1.787391</speed><course>54.386627</course><hAcc>1.073498</hAcc><vAcc>0.951313</vAcc></extensions></trkpt>
      <trkpt lon="-82.147439" lat="33.554691"><ele>98.153307</ele><time>2026-03-08T14:31:32Z</time><extensions><speed>1.814156</speed><course>55.266977</course><hAcc>1.066098</hAcc><vAcc>0.955390</vAcc></extensions></trkpt>
      <trkpt lon="-82.147422" lat="33.554701"><ele>98.185374</ele><time>2026-03-08T14:31:33Z</time><extensions><speed>1.902505</speed><course>55.269803</course><hAcc>1.057499</hAcc><vAcc>0.960856</vAcc></extensions></trkpt>
      <trkpt lon="-82.147406" lat="33.554711"><ele>98.221006</ele><time>2026-03-08T14:31:34Z</time><extensions><speed>1.770751</speed><course>54.382472</course><hAcc>1.072572</hAcc><vAcc>0.966177</vAcc></extensions></trkpt>
      <trkpt lon="-82.147390" lat="33.554720"><ele>98.259331</ele><time>2026-03-08T14:31:35Z</time><extensions><speed>1.767067</speed><course>52.653656</course><hAcc>1.071591</hAcc><vAcc>0.971091</vAcc></extensions></trkpt>
      <trkpt lon="-82.147375" lat="33.554730"><ele>98.300227</ele><time>2026-03-08T14:31:36Z</time><extensions><speed>1.730990</speed><course>51.208614</course><hAcc>1.078483</hAcc><vAcc>0.974904</vAcc></extensions></trkpt>
      <trkpt lon="-82.147361" lat="33.554740"><ele>98.351260</ele><time>2026-03-08T14:31:37Z</time><extensions><speed>1.750729</speed><course>47.386265</course><hAcc>1.074216</hAcc><vAcc>0.977135</vAcc></extensions></trkpt>
      <trkpt lon="-82.147347" lat="33.554751"><ele>98.393326</ele><time>2026-03-08T14:31:38Z</time><extensions><speed>1.746748</speed><course>45.643659</course><hAcc>1.071033</hAcc><vAcc>0.978704</vAcc></extensions></trkpt>
      <trkpt lon="-82.147334" lat="33.554763"><ele>98.430810</ele><time>2026-03-08T14:31:39Z</time><extensions><speed>1.729582</speed><course>44.205808</course><hAcc>1.068761</hAcc><vAcc>0.979420</vAcc></extensions></trkpt>
      <trkpt lon="-82.147321" lat="33.554774"><ele>98.459104</ele><time>2026-03-08T14:31:40Z</time><extensions><speed>1.719204</speed><course>41.739213</course><hAcc>1.071413</hAcc><vAcc>0.978328</vAcc></extensions></trkpt>
      <trkpt lon="-82.147309" lat="33.554786"><ele>98.483219</ele><time>2026-03-08T14:31:41Z</time><extensions><speed>1.689785</speed><course>40.392691</course><hAcc>1.076881</hAcc><vAcc>0.976566</vAcc></extensions></trkpt>
      <trkpt lon="-82.147297" lat="33.554798"><ele>98.508512</ele><time>2026-03-08T14:31:42Z</time><extensions><speed>1.714545</speed><course>39.158906</course><hAcc>1.068695</hAcc><vAcc>0.973967</vAcc></extensions></trkpt>
      <trkpt lon="-82.147286" lat="33.554810"><ele>98.487741</ele><time>2026-03-08T14:31:43Z</time><extensions><speed>1.775445</speed><course>35.963358</course><hAcc>1.055259</hAcc><vAcc>0.971753</vAcc></extensions></trkpt>
      <trkpt lon="-82.147274" lat="33.554823"><ele>98.448460</ele><time>2026-03-08T14:31:44Z</time><extensions><speed>1.783917</speed><course>35.537070</course><hAcc>1.043861</hAcc><vAcc>0.969729</vAcc></extensions></trkpt>
      <trkpt lon="-82.147263" lat="33.554837"><ele>98.413871</ele><time>2026-03-08T14:31:45Z</time><extensions><speed>1.739477</speed><course>35.115552</course><hAcc>1.043141</hAcc><vAcc>0.966296</vAcc></extensions></trkpt>
      <trkpt lon="-82.147253" lat="33.554850"><ele>98.378200</ele><time>2026-03-08T14:31:46Z</time><extensions><speed>1.706359</speed><course>33.310088</course><hAcc>1.038368</hAcc><vAcc>0.964469</vAcc></extensions></trkpt>
      <trkpt lon="-82.147243" lat="33.554863"><ele>98.326720</ele><time>2026-03-08T14:31:47Z</time><extensions><speed>1.668454</speed><course>30.990365</course><hAcc>1.040278</hAcc><vAcc>0.962435</vAcc></extensions></trkpt>
      <trkpt lon="-82.147233" lat="33.554876"><ele>98.283244</ele><time>2026-03-08T14:31:48Z</time><extensions><speed>1.712738</speed><course>30.880153</course><hAcc>1.034545</hAcc><vAcc>0.960314</vAcc></extensions></trkpt>
      <trkpt lon="-82.147224" lat="33.554889"><ele>98.242658</ele><time>2026-03-08T14:31:49Z</time><extensions><speed>1.743770</speed><course>30.060653</course><hAcc>1.032280</hAcc><vAcc>0.957618</vAcc></extensions></trkpt>
      <trkpt lon="-82.147214" lat="33.554903"><ele>98.177400</ele><time>2026-03-08T14:31:50Z</time><extensions><speed>1.800098</speed><course>30.021401</course><hAcc>1.032730</hAcc><vAcc>0.955031</vAcc></extensions></trkpt>
      <trkpt lon="-82.147204" lat="33.554918"><ele>98.111290</ele><time>2026-03-08T14:31:51Z</time><extensions><speed>1.831909</speed><course>29.335973</course><hAcc>1.043174</hAcc><vAcc>0.953755</vAcc></extensions></trkpt>
      <trkpt lon="-82.147195" lat="33.554932"><ele>98.027789</ele><time>2026-03-08T14:31:52Z</time><extensions><speed>1.804905</speed><course>27.193393</course><hAcc>1.063352</hAcc><vAcc>0.953201</vAcc></extensions></trkpt>
      <trkpt lon="-82.147187" lat="33.554947"><ele>97.947846</ele><time>2026-03-08T14:31:53Z</time><extensions><speed>1.784828</speed><course>23.518953</course><hAcc>1.073238</hAcc><vAcc>0.952543</vAcc></extensions></trkpt>
      <trkpt lon="-82.147179" lat="33.554962"><ele>97.841202</ele><time>2026-03-08T14:31:54Z</time><extensions><speed>1.787834</speed><course>25.252644</course><hAcc>1.068063</hAcc><vAcc>0.948359</vAcc></extensions></trkpt>
      <trkpt lon="-82.147170" lat="33.554977"><ele>97.743903</ele><time>2026-03-08T14:31:55Z</time><extensions><speed>1.946539</speed><course>27.969000</course><hAcc>1.057250</hAcc><vAcc>0.947898</vAcc></extensions></trkpt>
      <trkpt lon="-82.147160" lat="33.554992"><ele>97.654083</ele><time>2026-03-08T14:31:56Z</time><extensions><speed>1.781338</speed><course>28.354031</course><hAcc>1.077535</hAcc><vAcc>0.947220</vAcc></extensions></trkpt>
      <trkpt lon="-82.147151" lat="33.555006"><ele>97.570216</ele><time>2026-03-08T14:31:57Z</time><extensions><speed>1.712767</speed><course>26.913671</course><hAcc>1.082834</hAcc><vAcc>0.946164</vAcc></extensions></trkpt>
      <trkpt lon="-82.147143" lat="33.555020"><ele>97.477598</ele><time>2026-03-08T14:31:58Z</time><extensions><speed>1.705263</speed><course>23.649049</course><hAcc>1.080683</hAcc><vAcc>0.943669</vAcc></extensions></trkpt>
      <trkpt lon="-82.147136" lat="33.555035"><ele>97.386222</ele><time>2026-03-08T14:31:59Z</time><extensions><speed>1.826036</speed><course>23.805086</course><hAcc>1.063009</hAcc><vAcc>0.940348</vAcc></extensions></trkpt>
      <trkpt lon="-82.147128" lat="33.555049"><ele>97.303920</ele><time>2026-03-08T14:32:00Z</time><extensions><speed>1.636437</speed><course>22.020788</course><hAcc>1.088370</hAcc><vAcc>0.938913</vAcc></extensions></trkpt>
      <trkpt lon="-82.147122" lat="33.555063"><ele>97.222528</ele><time>2026-03-08T14:32:01Z</time><extensions><speed>1.727597</speed><course>20.617579</course><hAcc>1.082025</hAcc><vAcc>0.937945</vAcc></extensions></trkpt>
      <trkpt lon="-82.147115" lat="33.555078"><ele>97.137842</ele><time>2026-03-08T14:32:02Z</time><extensions><speed>1.750412</speed><course>21.467129</course><hAcc>1.091188</hAcc><vAcc>0.936736</vAcc></extensions></trkpt>
      <trkpt lon="-82.147108" lat="33.555093"><ele>97.051629</ele><time>2026-03-08T14:32:03Z</time><extensions><speed>1.767832</speed><course>20.444234</course><hAcc>1.109160</hAcc><vAcc>0.934093</vAcc></extensions></trkpt>
      <trkpt lon="-82.147101" lat="33.555109"><ele>96.983614</ele><time>2026-03-08T14:32:04Z</time><extensions><speed>2.021729</speed><course>20.904692</course><hAcc>1.100926</hAcc><vAcc>0.931270</vAcc></extensions></trkpt>
      <trkpt lon="-82.147094" lat="33.555125"><ele>96.924037</ele><time>2026-03-08T14:32:05Z</time><extensions><speed>1.797316</speed><course>19.704047</course><hAcc>1.129242</hAcc><vAcc>0.930777</vAcc></extensions></trkpt>
      <trkpt lon="-82.147087" lat="33.555140"><ele>96.884176</ele><time>2026-03-08T14:32:06Z</time><extensions><speed>1.719238</speed><course>19.829040</course><hAcc>1.147783</hAcc><vAcc>0.929505</vAcc></extensions></trkpt>
      <trkpt lon="-82.147081" lat="33.555154"><ele>96.835120</ele><time>2026-03-08T14:32:07Z</time><extensions><speed>1.603330</speed><course>20.357573</course><hAcc>1.169244</hAcc><vAcc>0.931535</vAcc></extensions></trkpt>
      <trkpt lon="-82.147075" lat="33.555168"><ele>96.787323</ele><time>2026-03-08T14:32:08Z</time><extensions><speed>1.710902</speed><course>20.241711</course><hAcc>1.142310</hAcc><vAcc>0.932758</vAcc></extensions></trkpt>
      <trkpt lon="-82.147069" lat="33.555183"><ele>96.731898</ele><time>2026-03-08T14:32:09Z</time><extensions><speed>1.738662</speed><course>19.561954</course><hAcc>1.136258</hAcc><vAcc>0.935516</vAcc></extensions></trkpt>
      <trkpt lon="-82.147063" lat="33.555197"><ele>96.675969</ele><time>2026-03-08T14:32:10Z</time><extensions><speed>1.580506</speed><course>18.845359</course><hAcc>1.155352</hAcc><vAcc>0.936514</vAcc></extensions></trkpt>
      <trkpt lon="-82.147058" lat="33.555210"><ele>96.639922</ele><time>2026-03-08T14:32:11Z</time><extensions><speed>1.495872</speed><course>17.691713</course><hAcc>1.176149</hAcc><vAcc>0.938378</vAcc></extensions></trkpt>
      <trkpt lon="-82.147053" lat="33.555223"><ele>96.601778</ele><time>2026-03-08T14:32:12Z</time><extensions><speed>1.511599</speed><course>19.090419</course><hAcc>1.172055</hAcc><vAcc>0.940537</vAcc></extensions></trkpt>
      <trkpt lon="-82.147047" lat="33.555236"><ele>96.556844</ele><time>2026-03-08T14:32:13Z</time><extensions><speed>1.575648</speed><course>21.466813</course><hAcc>1.161362</hAcc><vAcc>0.943055</vAcc></extensions></trkpt>
      <trkpt lon="-82.147041" lat="33.555250"><ele>96.518719</ele><time>2026-03-08T14:32:14Z</time><extensions><speed>1.625496</speed><course>19.527868</course><hAcc>1.169739</hAcc><vAcc>0.945928</vAcc></extensions></trkpt>
      <trkpt lon="-82.147035" lat="33.555264"><ele>96.481337</ele><time>2026-03-08T14:32:15Z</time><extensions><speed>1.566700</speed><course>16.495798</course><hAcc>1.181079</hAcc><vAcc>0.948439</vAcc></extensions></trkpt>
      <trkpt lon="-82.147031" lat="33.555278"><ele>96.447703</ele><time>2026-03-08T14:32:16Z</time><extensions><speed>1.625963</speed><course>13.014288</course><hAcc>1.173455</hAcc><vAcc>0.951367</vAcc></extensions></trkpt>
      <trkpt lon="-82.147028" lat="33.555292"><ele>96.421267</ele><time>2026-03-08T14:32:17Z</time><extensions><speed>1.519210</speed><course>9.667075</course><hAcc>1.180782</hAcc><vAcc>0.953080</vAcc></extensions></trkpt>
      <trkpt lon="-82.147025" lat="33.555305"><ele>96.392046</ele><time>2026-03-08T14:32:18Z</time><extensions><speed>1.552471</speed><course>6.842255</course><hAcc>1.162251</hAcc><vAcc>0.953461</vAcc></extensions></trkpt>
      <trkpt lon="-82.147024" lat="33.555319"><ele>96.358897</ele><time>2026-03-08T14:32:19Z</time><extensions><speed>1.479623</speed><course>6.086496</course><hAcc>1.179994</hAcc><vAcc>0.951775</vAcc></extensions></trkpt>
      <trkpt lon="-82.147022" lat="33.555333"><ele>96.306712</ele><time>2026-03-08T14:32:20Z</time><extensions><speed>1.616451</speed><course>6.545680</course><hAcc>1.136896</hAcc><vAcc>0.952583</vAcc></extensions></trkpt>
      <trkpt lon="-82.147020" lat="33.555348"><ele>96.249954</ele><time>2026-03-08T14:32:21Z</time><extensions><speed>1.667560</speed><course>7.754414</course><hAcc>1.117659</hAcc><vAcc>0.952993</vAcc></extensions></trkpt>
      <trkpt lon="-82.147017" lat="33.555363"><ele>96.216570</ele><time>2026-03-08T14:32:22Z</time><extensions><speed>1.638530</speed><course>6.013505</course><hAcc>1.114568</hAcc><vAcc>0.953973</vAcc></extensions></trkpt>
      <trkpt lon="-82.147016" lat="33.555377"><ele>96.186106</ele><time>2026-03-08T14:32:23Z</time><extensions><speed>1.541846</speed><course>4.964285</course><hAcc>1.122410</hAcc><vAcc>0.954972</vAcc></extensions></trkpt>
      <trkpt lon="-82.147014" lat="33.555391"><ele>96.167431</ele><time>2026-03-08T14:32:24Z</time><extensions><speed>1.598192</speed><course>3.617805</course><hAcc>1.103688</hAcc><vAcc>0.956151</vAcc></extensions></trkpt>
      <trkpt lon="-82.147014" lat="33.555406"><ele>96.155268</ele><time>2026-03-08T14:32:25Z</time><extensions><speed>1.554576</speed><course>1.791613</course><hAcc>1.104893</hAcc><vAcc>0.957842</vAcc></extensions></trkpt>
      <trkpt lon="-82.147013" lat="33.555420"><ele>96.141222</ele><time>2026-03-08T14:32:26Z</time><extensions><speed>1.601919</speed><course>0.445707</course><hAcc>1.095185</hAcc><vAcc>0.958126</vAcc></extensions></trkpt>
      <trkpt lon="-82.147014" lat="33.555435"><ele>96.142792</ele><time>2026-03-08T14:32:27Z</time><extensions><speed>1.630414</speed><course>358.557664</course><hAcc>1.100565</hAcc><vAcc>0.959707</vAcc></extensions></trkpt>
      <trkpt lon="-82.147014" lat="33.555450"><ele>96.156782</ele><time>2026-03-08T14:32:28Z</time><extensions><speed>1.776025</speed><course>357.841443</course><hAcc>1.087889</hAcc><vAcc>0.961719</vAcc></extensions></trkpt>
      <trkpt lon="-82.147015" lat="33.555466"><ele>96.160907</ele><time>2026-03-08T14:32:29Z</time><extensions><speed>1.855692</speed><course>356.208113</course><hAcc>1.082132</hAcc><vAcc>0.963687</vAcc></extensions></trkpt>
      <trkpt lon="-82.147017" lat="33.555482"><ele>96.164983</ele><time>2026-03-08T14:32:30Z</time><extensions><speed>1.613610</speed><course>354.090934</course><hAcc>1.110978</hAcc><vAcc>0.966065</vAcc></extensions></trkpt>
      <trkpt lon="-82.147019" lat="33.555497"><ele>96.170480</ele><time>2026-03-08T14:32:31Z</time><extensions><speed>1.579350</speed><course>351.872767</course><hAcc>1.115773</hAcc><vAcc>0.968784</vAcc></extensions></trkpt>
      <trkpt lon="-82.147021" lat="33.555511"><ele>96.170186</ele><time>2026-03-08T14:32:32Z</time><extensions><speed>1.637835</speed><course>351.847067</course><hAcc>1.101921</hAcc><vAcc>0.969790</vAcc></extensions></trkpt>
      <trkpt lon="-82.147024" lat="33.555526"><ele>96.167357</ele><time>2026-03-08T14:32:33Z</time><extensions><speed>1.646785</speed><course>352.692831</course><hAcc>1.116164</hAcc><vAcc>0.969190</vAcc></extensions></trkpt>
      <trkpt lon="-82.147026" lat="33.555541"><ele>96.180133</ele><time>2026-03-08T14:32:34Z</time><extensions><speed>1.674826</speed><course>352.628183</course><hAcc>1.128840</hAcc><vAcc>0.968596</vAcc></extensions></trkpt>
      <trkpt lon="-82.147028" lat="33.555556"><ele>96.170584</ele><time>2026-03-08T14:32:35Z</time><extensions><speed>1.723918</speed><course>351.692889</course><hAcc>1.128272</hAcc><vAcc>0.965703</vAcc></extensions></trkpt>
      <trkpt lon="-82.147031" lat="33.555572"><ele>96.155910</ele><time>2026-03-08T14:32:36Z</time><extensions><speed>1.884893</speed><course>350.186394</course><hAcc>1.126556</hAcc><vAcc>0.964053</vAcc></extensions></trkpt>
      <trkpt lon="-82.147034" lat="33.555588"><ele>96.136095</ele><time>2026-03-08T14:32:37Z</time><extensions><speed>1.745565</speed><course>351.980455</course><hAcc>1.134941</hAcc><vAcc>0.961152</vAcc></extensions></trkpt>
      <trkpt lon="-82.147037" lat="33.555604"><ele>96.117011</ele><time>2026-03-08T14:32:38Z</time><extensions><speed>1.700245</speed><course>354.113888</course><hAcc>1.135788</hAcc><vAcc>0.958634</vAcc></extensions></trkpt>
      <trkpt lon="-82.147038" lat="33.555619"><ele>96.106974</ele><time>2026-03-08T14:32:39Z</time><extensions><speed>1.733108</speed><course>356.854464</course><hAcc>1.133394</hAcc><vAcc>0.954287</vAcc></extensions></trkpt>
      <trkpt lon="-82.147039" lat="33.555635"><ele>96.104210</ele><time>2026-03-08T14:32:40Z</time><extensions><speed>1.700743</speed><course>0.424594</course><hAcc>1.122867</hAcc><vAcc>0.950749</vAcc></extensions></trkpt>
      <trkpt lon="-82.147039" lat="33.555650"><ele>96.084652</ele><time>2026-03-08T14:32:41Z</time><extensions><speed>1.679506</speed><course>358.229598</course><hAcc>1.116968</hAcc><vAcc>0.944707</vAcc></extensions></trkpt>
      <trkpt lon="-82.147040" lat="33.555665"><ele>96.038110</ele><time>2026-03-08T14:32:42Z</time><extensions><speed>1.652412</speed><course>356.166324</course><hAcc>1.110357</hAcc><vAcc>0.939311</vAcc></extensions></trkpt>
      <trkpt lon="-82.147042" lat="33.555680"><ele>95.967661</ele><time>2026-03-08T14:32:43Z</time><extensions><speed>1.601260</speed><course>352.349274</course><hAcc>1.114720</hAcc><vAcc>0.934793</vAcc></extensions></trkpt>
      <trkpt lon="-82.147044" lat="33.555694"><ele>95.904028</ele><time>2026-03-08T14:32:44Z</time><extensions><speed>1.565832</speed><course>350.586234</course><hAcc>1.109653</hAcc><vAcc>0.931527</vAcc></extensions></trkpt>
      <trkpt lon="-82.147047" lat="33.555708"><ele>95.849608</ele><time>2026-03-08T14:32:45Z</time><extensions><speed>1.609266</speed><course>352.258418</course><hAcc>1.092682</hAcc><vAcc>0.929572</vAcc></extensions></trkpt>
      <trkpt lon="-82.147049" lat="33.555722"><ele>95.786569</ele><time>2026-03-08T14:32:46Z</time><extensions><speed>1.527082</speed><course>353.274958</course><hAcc>1.107439</hAcc><vAcc>0.927927</vAcc></extensions></trkpt>
      <trkpt lon="-82.147051" lat="33.555736"><ele>95.727587</ele><time>2026-03-08T14:32:47Z</time><extensions><speed>1.595764</speed><course>352.301622</course><hAcc>1.083824</hAcc><vAcc>0.927520</vAcc></extensions></trkpt>
      <trkpt lon="-82.147053" lat="33.555750"><ele>95.675064</ele><time>2026-03-08T14:32:48Z</time><extensions><speed>1.502329</speed><course>351.163217</course><hAcc>1.104528</hAcc><vAcc>0.927589</vAcc></extensions></trkpt>
      <trkpt lon="-82.147056" lat="33.555764"><ele>95.615666</ele><time>2026-03-08T14:32:49Z</time><extensions><speed>1.620368</speed><course>350.501236</course><hAcc>1.081023</hAcc><vAcc>0.927566</vAcc></extensions></trkpt>
      <trkpt lon="-82.147059" lat="33.555778"><ele>95.547124</ele><time>2026-03-08T14:32:50Z</time><extensions><speed>1.469302</speed><course>348.392415</course><hAcc>1.104548</hAcc><vAcc>0.928944</vAcc></extensions></trkpt>
      <trkpt lon="-82.147062" lat="33.555791"><ele>95.461068</ele><time>2026-03-08T14:32:51Z</time><extensions><speed>1.560939</speed><course>348.649633</course><hAcc>1.068590</hAcc><vAcc>0.931052</vAcc></extensions></trkpt>
      <trkpt lon="-82.147065" lat="33.555805"><ele>95.360248</ele><time>2026-03-08T14:32:52Z</time><extensions><speed>1.550331</speed><course>349.784037</course><hAcc>1.067157</hAcc><vAcc>0.933783</vAcc></extensions></trkpt>
      <trkpt lon="-82.147068" lat="33.555818"><ele>95.261700</ele><time>2026-03-08T14:32:53Z</time><extensions><speed>1.516539</speed><course>350.165410</course><hAcc>1.087426</hAcc><vAcc>0.936778</vAcc></extensions></trkpt>
      <trkpt lon="-82.147071" lat="33.555832"><ele>95.155905</ele><time>2026-03-08T14:32:54Z</time><extensions><speed>1.530566</speed><course>349.697833</course><hAcc>1.068398</hAcc><vAcc>0.939878</vAcc></extensions></trkpt>
      <trkpt lon="-82.147074" lat="33.555846"><ele>95.040545</ele><time>2026-03-08T14:32:55Z</time><extensions><speed>1.549804</speed><course>351.510971</course><hAcc>1.071639</hAcc><vAcc>0.943184</vAcc></extensions></trkpt>
      <trkpt lon="-82.147076" lat="33.555860"><ele>94.911130</ele><time>2026-03-08T14:32:56Z</time><extensions><speed>1.557801</speed><course>351.584333</course><hAcc>1.078297</hAcc><vAcc>0.945141</vAcc></extensions></trkpt>
      <trkpt lon="-82.147078" lat="33.555874"><ele>94.777622</ele><time>2026-03-08T14:32:57Z</time><extensions><speed>1.566874</speed><course>352.650316</course><hAcc>1.077654</hAcc><vAcc>0.944548</vAcc></extensions></trkpt>
      <trkpt lon="-82.147080" lat="33.555888"><ele>94.638093</ele><time>2026-03-08T14:32:58Z</time><extensions><speed>1.586563</speed><course>353.099570</course><hAcc>1.083127</hAcc><vAcc>0.944487</vAcc></extensions></trkpt>
      <trkpt lon="-82.147083" lat="33.555902"><ele>94.492053</ele><time>2026-03-08T14:32:59Z</time><extensions><speed>1.639146</speed><course>352.239542</course><hAcc>1.071097</hAcc><vAcc>0.942879</vAcc></extensions></trkpt>
      <trkpt lon="-82.147086" lat="33.555917"><ele>94.356010</ele><time>2026-03-08T14:33:00Z</time><extensions><speed>1.583539</speed><course>347.294153</course><hAcc>1.087330</hAcc><vAcc>0.940013</vAcc></extensions></trkpt>
      <trkpt lon="-82.147090" lat="33.555930"><ele>94.215946</ele><time>2026-03-08T14:33:01Z</time><extensions><speed>1.553986</speed><course>344.782392</course><hAcc>1.083568</hAcc><vAcc>0.935846</vAcc></extensions></trkpt>
      <trkpt lon="-82.147094" lat="33.555944"><ele>94.082312</ele><time>2026-03-08T14:33:02Z</time><extensions><speed>1.575254</speed><course>348.323726</course><hAcc>1.070729</hAcc><vAcc>0.932712</vAcc></extensions></trkpt>
      <trkpt lon="-82.147097" lat="33.555958"><ele>93.957781</ele><time>2026-03-08T14:33:03Z</time><extensions><speed>1.571279</speed><course>352.093560</course><hAcc>1.079567</hAcc><vAcc>0.928216</vAcc></extensions></trkpt>
      <trkpt lon="-82.147098" lat="33.555972"><ele>93.872116</ele><time>2026-03-08T14:33:04Z</time><extensions><speed>1.562644</speed><course>357.623733</course><hAcc>1.077442</hAcc><vAcc>0.921595</vAcc></extensions></trkpt>
      <trkpt lon="-82.147098" lat="33.555986"><ele>93.791200</ele><time>2026-03-08T14:33:05Z</time><extensions><speed>1.528106</speed><course>1.363600</course><hAcc>1.096865</hAcc><vAcc>0.913762</vAcc></extensions></trkpt>
      <trkpt lon="-82.147098" lat="33.556000"><ele>93.715365</ele><time>2026-03-08T14:33:06Z</time><extensions><speed>1.476007</speed><course>4.113841</course><hAcc>1.103597</hAcc><vAcc>0.906579</vAcc></extensions></trkpt>
      <trkpt lon="-82.147097" lat="33.556013"><ele>93.643549</ele><time>2026-03-08T14:33:07Z</time><extensions><speed>1.462142</speed><course>1.119843</course><hAcc>1.096043</hAcc><vAcc>0.899783</vAcc></extensions></trkpt>
      <trkpt lon="-82.147097" lat="33.556026"><ele>93.572801</ele><time>2026-03-08T14:33:08Z</time><extensions><speed>1.400771</speed><course>357.453924</course><hAcc>1.124800</hAcc><vAcc>0.891580</vAcc></extensions></trkpt>
      <trkpt lon="-82.147098" lat="33.556038"><ele>93.519010</ele><time>2026-03-08T14:33:09Z</time><extensions><speed>1.353168</speed><course>355.942566</course><hAcc>1.141237</hAcc><vAcc>0.884265</vAcc></extensions></trkpt>
      <trkpt lon="-82.147099" lat="33.556051"><ele>93.489614</ele><time>2026-03-08T14:33:10Z</time><extensions><speed>1.466275</speed><course>355.964861</course><hAcc>1.145721</hAcc><vAcc>0.876967</vAcc></extensions></trkpt>
      <trkpt lon="-82.147100" lat="33.556064"><ele>93.470551</ele><time>2026-03-08T14:33:11Z</time><extensions><speed>1.573109</speed><course>356.175053</course><hAcc>1.150329</hAcc><vAcc>0.870189</vAcc></extensions></trkpt>
      <trkpt lon="-82.147101" lat="33.556078"><ele>93.452433</ele><time>2026-03-08T14:33:12Z</time><extensions><speed>1.509924</speed><course>354.051294</course><hAcc>1.173762</hAcc><vAcc>0.864997</vAcc></extensions></trkpt>
      <trkpt lon="-82.147103" lat="33.556092"><ele>93.444301</ele><time>2026-03-08T14:33:13Z</time><extensions><speed>1.485127</speed><course>352.832694</course><hAcc>1.149888</hAcc><vAcc>0.860662</vAcc></extensions></trkpt>
      <trkpt lon="-82.147105" lat="33.556105"><ele>93.436427</ele><time>2026-03-08T14:33:14Z</time><extensions><speed>1.499065</speed><course>356.279700</course><hAcc>1.129310</hAcc><vAcc>0.857887</vAcc></extensions></trkpt>
      <trkpt lon="-82.147105" lat="33.556119"><ele>93.429230</ele><time>2026-03-08T14:33:15Z</time><extensions><speed>1.588395</speed><course>359.875116</course><hAcc>1.129815</hAcc><vAcc>0.855065</vAcc></extensions></trkpt>
      <trkpt lon="-82.147105" lat="33.556133"><ele>93.413803</ele><time>2026-03-08T14:33:16Z</time><extensions><speed>1.593322</speed><course>2.023177</course><hAcc>1.150901</hAcc><vAcc>0.854087</vAcc></extensions></trkpt>
      <trkpt lon="-82.147104" lat="33.556148"><ele>93.412787</ele><time>2026-03-08T14:33:17Z</time><extensions><speed>1.571947</speed><course>3.116509</course><hAcc>1.141317</hAcc><vAcc>0.852933</vAcc></extensions></trkpt>
      <trkpt lon="-82.147103" lat="33.556162"><ele>93.407627</ele><time>2026-03-08T14:33:18Z</time><extensions><speed>1.529171</speed><course>6.596163</course><hAcc>1.133867</hAcc><vAcc>0.854119</vAcc></extensions></trkpt>
      <trkpt lon="-82.147101" lat="33.556175"><ele>93.406498</ele><time>2026-03-08T14:33:19Z</time><extensions><speed>1.433225</speed><course>9.962737</course><hAcc>1.137514</hAcc><vAcc>0.856177</vAcc></extensions></trkpt>
      <trkpt lon="-82.147098" lat="33.556187"><ele>93.401895</ele><time>2026-03-08T14:33:20Z</time><extensions><speed>1.389384</speed><course>10.613934</course><hAcc>1.133307</hAcc><vAcc>0.859627</vAcc></extensions></trkpt>
      <trkpt lon="-82.147095" lat="33.556200"><ele>93.393335</ele><time>2026-03-08T14:33:21Z</time><extensions><speed>1.484949</speed><course>9.813948</course><hAcc>1.134385</hAcc><vAcc>0.862564</vAcc></extensions></trkpt>
      <trkpt lon="-82.147092" lat="33.556213"><ele>93.386920</ele><time>2026-03-08T14:33:22Z</time><extensions><speed>1.508370</speed><course>8.993330</course><hAcc>1.156782</hAcc><vAcc>0.866711</vAcc></extensions></trkpt>
      <trkpt lon="-82.147090" lat="33.556227"><ele>93.380119</ele><time>2026-03-08T14:33:23Z</time><extensions><speed>1.562219</speed><course>6.742169</course><hAcc>1.141024</hAcc><vAcc>0.870560</vAcc></extensions></trkpt>
      <trkpt lon="-82.147089" lat="33.556241"><ele>93.360190</ele><time>2026-03-08T14:33:24Z</time><extensions><speed>1.518148</speed><course>2.841575</course><hAcc>1.148477</hAcc><vAcc>0.873145</vAcc></extensions></trkpt>
      <trkpt lon="-82.147088" lat="33.556254"><ele>93.324196</ele><time>2026-03-08T14:33:25Z</time><extensions><speed>1.533376</speed><course>4.775866</course><hAcc>1.134449</hAcc><vAcc>0.876108</vAcc></extensions></trkpt>
      <trkpt lon="-82.147085" lat="33.556268"><ele>93.275694</ele><time>2026-03-08T14:33:26Z</time><extensions><speed>1.486468</speed><course>10.912777</course><hAcc>1.135458</hAcc><vAcc>0.878457</vAcc></extensions></trkpt>
      <trkpt lon="-82.147081" lat="33.556281"><ele>93.230382</ele><time>2026-03-08T14:33:27Z</time><extensions><speed>1.506967</speed><course>18.724322</course><hAcc>1.140309</hAcc><vAcc>0.881228</vAcc></extensions></trkpt>
      <trkpt lon="-82.147075" lat="33.556293"><ele>93.180844</ele><time>2026-03-08T14:33:28Z</time><extensions><speed>1.480699</speed><course>24.489449</course><hAcc>1.163914</hAcc><vAcc>0.882351</vAcc></extensions></trkpt>
      <trkpt lon="-82.147068" lat="33.556305"><ele>93.110651</ele><time>2026-03-08T14:33:29Z</time><extensions><speed>1.476511</speed><course>32.069975</course><hAcc>1.149702</hAcc><vAcc>0.882674</vAcc></extensions></trkpt>
      <trkpt lon="-82.147058" lat="33.556316"><ele>93.058395</ele><time>2026-03-08T14:33:30Z</time><extensions><speed>1.453895</speed><course>40.636268</course><hAcc>1.149563</hAcc><vAcc>0.883842</vAcc></extensions></trkpt>
      <trkpt lon="-82.147047" lat="33.556325"><ele>93.021664</ele><time>2026-03-08T14:33:31Z</time><extensions><speed>1.464063</speed><course>53.725259</course><hAcc>1.144175</hAcc><vAcc>0.883321</vAcc></extensions></trkpt>
      <trkpt lon="-82.147034" lat="33.556332"><ele>93.001108</ele><time>2026-03-08T14:33:32Z</time><extensions><speed>1.488997</speed><course>61.464007</course><hAcc>1.174801</hAcc><vAcc>0.883327</vAcc></extensions></trkpt>
      <trkpt lon="-82.147019" lat="33.556337"><ele>92.979118</ele><time>2026-03-08T14:33:33Z</time><extensions><speed>1.424619</speed><course>70.263491</course><hAcc>1.163834</hAcc><vAcc>0.883029</vAcc></extensions></trkpt>
      <trkpt lon="-82.147005" lat="33.556341"><ele>92.967776</ele><time>2026-03-08T14:33:34Z</time><extensions><speed>1.381824</speed><course>75.841997</course><hAcc>1.167161</hAcc><vAcc>0.882348</vAcc></extensions></trkpt>
      <trkpt lon="-82.146990" lat="33.556344"><ele>92.950492</ele><time>2026-03-08T14:33:35Z</time><extensions><speed>1.447154</speed><course>77.739018</course><hAcc>1.177603</hAcc><vAcc>0.882918</vAcc></extensions></trkpt>
      <trkpt lon="-82.146974" lat="33.556346"><ele>92.944921</ele><time>2026-03-08T14:33:36Z</time><extensions><speed>1.485135</speed><course>78.766182</course><hAcc>1.183188</hAcc><vAcc>0.884063</vAcc></extensions></trkpt>
      <trkpt lon="-82.146959" lat="33.556349"><ele>92.961013</ele><time>2026-03-08T14:33:37Z</time><extensions><speed>1.421758</speed><course>81.730069</course><hAcc>1.185322</hAcc><vAcc>0.883065</vAcc></extensions></trkpt>
      <trkpt lon="-82.146944" lat="33.556351"><ele>92.987802</ele><time>2026-03-08T14:33:38Z</time><extensions><speed>1.416566</speed><course>78.416495</course><hAcc>1.163373</hAcc><vAcc>0.881763</vAcc></extensions></trkpt>
      <trkpt lon="-82.146929" lat="33.556354"><ele>93.024136</ele><time>2026-03-08T14:33:39Z</time><extensions><speed>1.543077</speed><course>73.450518</course><hAcc>1.150800</hAcc><vAcc>0.880360</vAcc></extensions></trkpt>
      <trkpt lon="-82.146913" lat="33.556358"><ele>93.071765</ele><time>2026-03-08T14:33:40Z</time><extensions><speed>1.524989</speed><course>74.082252</course><hAcc>1.154819</hAcc><vAcc>0.879699</vAcc></extensions></trkpt>
      <trkpt lon="-82.146897" lat="33.556361"><ele>93.119998</ele><time>2026-03-08T14:33:41Z</time><extensions><speed>1.551586</speed><course>78.373801</course><hAcc>1.134831</hAcc><vAcc>0.879983</vAcc></extensions></trkpt>
      <trkpt lon="-82.146881" lat="33.556364"><ele>93.161211</ele><time>2026-03-08T14:33:42Z</time><extensions><speed>1.455796</speed><course>80.060048</course><hAcc>1.158986</hAcc><vAcc>0.879237</vAcc></extensions></trkpt>
      <trkpt lon="-82.146865" lat="33.556366"><ele>93.198796</ele><time>2026-03-08T14:33:43Z</time><extensions><speed>1.407977</speed><course>81.794335</course><hAcc>1.124764</hAcc><vAcc>0.878269</vAcc></extensions></trkpt>
      <trkpt lon="-82.146850" lat="33.556368"><ele>93.238041</ele><time>2026-03-08T14:33:44Z</time><extensions><speed>1.426279</speed><course>80.054237</course><hAcc>1.124397</hAcc><vAcc>0.878264</vAcc></extensions></trkpt>
      <trkpt lon="-82.146835" lat="33.556370"><ele>93.283161</ele><time>2026-03-08T14:33:45Z</time><extensions><speed>1.421345</speed><course>77.629191</course><hAcc>1.150789</hAcc><vAcc>0.878742</vAcc></extensions></trkpt>
      <trkpt lon="-82.146820" lat="33.556373"><ele>93.325741</ele><time>2026-03-08T14:33:46Z</time><extensions><speed>1.410384</speed><course>75.513653</course><hAcc>1.148750</hAcc><vAcc>0.877569</vAcc></extensions></trkpt>
      <trkpt lon="-82.146806" lat="33.556377"><ele>93.366784</ele><time>2026-03-08T14:33:47Z</time><extensions><speed>1.291950</speed><course>69.225550</course><hAcc>1.141391</hAcc><vAcc>0.876291</vAcc></extensions></trkpt>
      <trkpt lon="-82.146794" lat="33.556382"><ele>93.410600</ele><time>2026-03-08T14:33:48Z</time><extensions><speed>1.313096</speed><course>63.408737</course><hAcc>1.146030</hAcc><vAcc>0.875328</vAcc></extensions></trkpt>
      <trkpt lon="-82.146780" lat="33.556388"><ele>93.441766</ele><time>2026-03-08T14:33:49Z</time><extensions><speed>1.452382</speed><course>59.114952</course><hAcc>1.149783</hAcc><vAcc>0.876170</vAcc></extensions></trkpt>
      <trkpt lon="-82.146766" lat="33.556395"><ele>93.455677</ele><time>2026-03-08T14:33:50Z</time><extensions><speed>1.614071</speed><course>57.398801</course><hAcc>1.154910</hAcc><vAcc>0.876846</vAcc></extensions></trkpt>
      <trkpt lon="-82.146752" lat="33.556402"><ele>93.458905</ele><time>2026-03-08T14:33:51Z</time><extensions><speed>1.551705</speed><course>59.392973</course><hAcc>1.169745</hAcc><vAcc>0.877193</vAcc></extensions></trkpt>
      <trkpt lon="-82.146737" lat="33.556409"><ele>93.463673</ele><time>2026-03-08T14:33:52Z</time><extensions><speed>1.531030</speed><course>63.972420</course><hAcc>1.151754</hAcc><vAcc>0.878971</vAcc></extensions></trkpt>
      <trkpt lon="-82.146722" lat="33.556415"><ele>93.473365</ele><time>2026-03-08T14:33:53Z</time><extensions><speed>1.601066</speed><course>62.740443</course><hAcc>1.147096</hAcc><vAcc>0.880050</vAcc></extensions></trkpt>
      <trkpt lon="-82.146707" lat="33.556422"><ele>93.479576</ele><time>2026-03-08T14:33:54Z</time><extensions><speed>1.593656</speed><course>60.042476</course><hAcc>1.158827</hAcc><vAcc>0.880412</vAcc></extensions></trkpt>
      <trkpt lon="-82.146692" lat="33.556429"><ele>93.486023</ele><time>2026-03-08T14:33:55Z</time><extensions><speed>1.541350</speed><course>59.648808</course><hAcc>1.170938</hAcc><vAcc>0.880306</vAcc></extensions></trkpt>
      <trkpt lon="-82.146678" lat="33.556436"><ele>93.487453</ele><time>2026-03-08T14:33:56Z</time><extensions><speed>1.535405</speed><course>61.257140</course><hAcc>1.156549</hAcc><vAcc>0.879570</vAcc></extensions></trkpt>
      <trkpt lon="-82.146663" lat="33.556443"><ele>93.485019</ele><time>2026-03-08T14:33:57Z</time><extensions><speed>1.617527</speed><course>62.138450</course><hAcc>1.154390</hAcc><vAcc>0.878969</vAcc></extensions></trkpt>
      <trkpt lon="-82.146647" lat="33.556450"><ele>93.469444</ele><time>2026-03-08T14:33:58Z</time><extensions><speed>1.669191</speed><course>59.063053</course><hAcc>1.165578</hAcc><vAcc>0.878871</vAcc></extensions></trkpt>
      <trkpt lon="-82.146633" lat="33.556458"><ele>93.440428</ele><time>2026-03-08T14:33:59Z</time><extensions><speed>1.528890</speed><course>56.026048</course><hAcc>1.194664</hAcc><vAcc>0.877995</vAcc></extensions></trkpt>
      <trkpt lon="-82.146619" lat="33.556465"><ele>93.407222</ele><time>2026-03-08T14:34:00Z</time><extensions><speed>1.482345</speed><course>58.959580</course><hAcc>1.168298</hAcc><vAcc>0.878726</vAcc></extensions></trkpt>
      <trkpt lon="-82.146605" lat="33.556472"><ele>93.359730</ele><time>2026-03-08T14:34:01Z</time><extensions><speed>1.486006</speed><course>59.755350</course><hAcc>1.170536</hAcc><vAcc>0.878993</vAcc></extensions></trkpt>
      <trkpt lon="-82.146592" lat="33.556478"><ele>93.314611</ele><time>2026-03-08T14:34:02Z</time><extensions><speed>1.440197</speed><course>62.140537</course><hAcc>1.201966</hAcc><vAcc>0.879459</vAcc></extensions></trkpt>
      <trkpt lon="-82.146578" lat="33.556484"><ele>93.251893</ele><time>2026-03-08T14:34:03Z</time><extensions><speed>1.362500</speed><course>69.161698</course><hAcc>1.185640</hAcc><vAcc>0.880368</vAcc></extensions></trkpt>
      <trkpt lon="-82.146564" lat="33.556488"><ele>93.181104</ele><time>2026-03-08T14:34:04Z</time><extensions><speed>1.334872</speed><course>71.431327</course><hAcc>1.185596</hAcc><vAcc>0.881464</vAcc></extensions></trkpt>
      <trkpt lon="-82.146550" lat="33.556492"><ele>93.099109</ele><time>2026-03-08T14:34:05Z</time><extensions><speed>1.400031</speed><course>71.452408</course><hAcc>1.191051</hAcc><vAcc>0.882525</vAcc></extensions></trkpt>
      <trkpt lon="-82.146535" lat="33.556496"><ele>93.002115</ele><time>2026-03-08T14:34:06Z</time><extensions><speed>1.495685</speed><course>69.915728</course><hAcc>1.190908</hAcc><vAcc>0.882908</vAcc></extensions></trkpt>
      <trkpt lon="-82.146519" lat="33.556501"><ele>92.891234</ele><time>2026-03-08T14:34:07Z</time><extensions><speed>1.688160</speed><course>67.897779</course><hAcc>1.184683</hAcc><vAcc>0.885084</vAcc></extensions></trkpt>
      <trkpt lon="-82.146502" lat="33.556508"><ele>92.762996</ele><time>2026-03-08T14:34:08Z</time><extensions><speed>1.771556</speed><course>64.263078</course><hAcc>1.175041</hAcc><vAcc>0.886352</vAcc></extensions></trkpt>
      <trkpt lon="-82.146485" lat="33.556515"><ele>92.644563</ele><time>2026-03-08T14:34:09Z</time><extensions><speed>1.869390</speed><course>59.743289</course><hAcc>1.162238</hAcc><vAcc>0.887970</vAcc></extensions></trkpt>
      <trkpt lon="-82.146469" lat="33.556523"><ele>92.517409</ele><time>2026-03-08T14:34:10Z</time><extensions><speed>1.647872</speed><course>58.371147</course><hAcc>1.173189</hAcc><vAcc>0.889877</vAcc></extensions></trkpt>
      <trkpt lon="-82.146453" lat="33.556531"><ele>92.379689</ele><time>2026-03-08T14:34:11Z</time><extensions><speed>1.674560</speed><course>60.079714</course><hAcc>1.144784</hAcc><vAcc>0.890059</vAcc></extensions></trkpt>
      <trkpt lon="-82.146438" lat="33.556539"><ele>92.236609</ele><time>2026-03-08T14:34:12Z</time><extensions><speed>1.644638</speed><course>58.015923</course><hAcc>1.123328</hAcc><vAcc>0.890083</vAcc></extensions></trkpt>
      <trkpt lon="-82.146424" lat="33.556547"><ele>92.101307</ele><time>2026-03-08T14:34:13Z</time><extensions><speed>1.537021</speed><course>55.011478</course><hAcc>1.132376</hAcc><vAcc>0.890594</vAcc></extensions></trkpt>
      <trkpt lon="-82.146410" lat="33.556555"><ele>91.981746</ele><time>2026-03-08T14:34:14Z</time><extensions><speed>1.534767</speed><course>52.077249</course><hAcc>1.124348</hAcc><vAcc>0.890827</vAcc></extensions></trkpt>
      <trkpt lon="-82.146397" lat="33.556564"><ele>91.856755</ele><time>2026-03-08T14:34:15Z</time><extensions><speed>1.563738</speed><course>49.867100</course><hAcc>1.107301</hAcc><vAcc>0.889992</vAcc></extensions></trkpt>
      <trkpt lon="-82.146384" lat="33.556573"><ele>91.725153</ele><time>2026-03-08T14:34:16Z</time><extensions><speed>1.598668</speed><course>52.275862</course><hAcc>1.105439</hAcc><vAcc>0.890349</vAcc></extensions></trkpt>
      <trkpt lon="-82.146370" lat="33.556581"><ele>91.580238</ele><time>2026-03-08T14:34:17Z</time><extensions><speed>1.516165</speed><course>56.859764</course><hAcc>1.136391</hAcc><vAcc>0.890645</vAcc></extensions></trkpt>
      <trkpt lon="-82.146356" lat="33.556588"><ele>91.443357</ele><time>2026-03-08T14:34:18Z</time><extensions><speed>1.545135</speed><course>65.263673</course><hAcc>1.108633</hAcc><vAcc>0.892018</vAcc></extensions></trkpt>
      <trkpt lon="-82.146340" lat="33.556593"><ele>91.305711</ele><time>2026-03-08T14:34:19Z</time><extensions><speed>1.523241</speed><course>68.482356</course><hAcc>1.128063</hAcc><vAcc>0.894213</vAcc></extensions></trkpt>
      <trkpt lon="-82.146325" lat="33.556598"><ele>91.174483</ele><time>2026-03-08T14:34:20Z</time><extensions><speed>1.470254</speed><course>67.832708</course><hAcc>1.147005</hAcc><vAcc>0.897810</vAcc></extensions></trkpt>
      <trkpt lon="-82.146311" lat="33.556603"><ele>91.043131</ele><time>2026-03-08T14:34:21Z</time><extensions><speed>1.394243</speed><course>63.027426</course><hAcc>1.124038</hAcc><vAcc>0.902403</vAcc></extensions></trkpt>
      <trkpt lon="-82.146298" lat="33.556610"><ele>90.918586</ele><time>2026-03-08T14:34:22Z</time><extensions><speed>1.494333</speed><course>59.122605</course><hAcc>1.137538</hAcc><vAcc>0.907161</vAcc></extensions></trkpt>
      <trkpt lon="-82.146284" lat="33.556617"><ele>90.800610</ele><time>2026-03-08T14:34:23Z</time><extensions><speed>1.519626</speed><course>55.657313</course><hAcc>1.177921</hAcc><vAcc>0.912167</vAcc></extensions></trkpt>
      <trkpt lon="-82.146270" lat="33.556625"><ele>90.676798</ele><time>2026-03-08T14:34:24Z</time><extensions><speed>1.631031</speed><course>52.771189</course><hAcc>1.154167</hAcc><vAcc>0.915690</vAcc></extensions></trkpt>
      <trkpt lon="-82.146256" lat="33.556635"><ele>90.557067</ele><time>2026-03-08T14:34:25Z</time><extensions><speed>1.826469</speed><course>51.166262</course><hAcc>1.151980</hAcc><vAcc>0.921124</vAcc></extensions></trkpt>
      <trkpt lon="-82.146241" lat="33.556645"><ele>90.438898</ele><time>2026-03-08T14:34:26Z</time><extensions><speed>1.603770</speed><course>48.507825</course><hAcc>1.196694</hAcc><vAcc>0.926998</vAcc></extensions></trkpt>
      <trkpt lon="-82.146228" lat="33.556655"><ele>90.316885</ele><time>2026-03-08T14:34:27Z</time><extensions><speed>1.660137</speed><course>48.153751</course><hAcc>1.177742</hAcc><vAcc>0.933235</vAcc></extensions></trkpt>
      <trkpt lon="-82.146215" lat="33.556664"><ele>90.208806</ele><time>2026-03-08T14:34:28Z</time><extensions><speed>1.621735</speed><course>50.503679</course><hAcc>1.171499</hAcc><vAcc>0.937674</vAcc></extensions></trkpt>
      <trkpt lon="-82.146201" lat="33.556674"><ele>90.103902</ele><time>2026-03-08T14:34:29Z</time><extensions><speed>1.635389</speed><course>51.918378</course><hAcc>1.164905</hAcc><vAcc>0.938426</vAcc></extensions></trkpt>
      <trkpt lon="-82.146187" lat="33.556683"><ele>89.997149</ele><time>2026-03-08T14:34:30Z</time><extensions><speed>1.634436</speed><course>50.831947</course><hAcc>1.173239</hAcc><vAcc>0.937416</vAcc></extensions></trkpt>
      <trkpt lon="-82.146174" lat="33.556692"><ele>89.894292</ele><time>2026-03-08T14:34:31Z</time><extensions><speed>1.578951</speed><course>48.661203</course><hAcc>1.188452</hAcc><vAcc>0.935892</vAcc></extensions></trkpt>
      <trkpt lon="-82.146161" lat="33.556702"><ele>89.787217</ele><time>2026-03-08T14:34:32Z</time><extensions><speed>1.644045</speed><course>48.996074</course><hAcc>1.159847</hAcc><vAcc>0.934267</vAcc></extensions></trkpt>
      <trkpt lon="-82.146148" lat="33.556711"><ele>89.666886</ele><time>2026-03-08T14:34:33Z</time><extensions><speed>1.593986</speed><course>49.777745</course><hAcc>1.157069</hAcc><vAcc>0.930527</vAcc></extensions></trkpt>
      <trkpt lon="-82.146134" lat="33.556720"><ele>89.556648</ele><time>2026-03-08T14:34:34Z</time><extensions><speed>1.668593</speed><course>52.326339</course><hAcc>1.137729</hAcc><vAcc>0.926630</vAcc></extensions></trkpt>
      <trkpt lon="-82.146120" lat="33.556729"><ele>89.471426</ele><time>2026-03-08T14:34:35Z</time><extensions><speed>1.584939</speed><course>54.330957</course><hAcc>1.158883</hAcc><vAcc>0.920028</vAcc></extensions></trkpt>
      <trkpt lon="-82.146106" lat="33.556736"><ele>89.399758</ele><time>2026-03-08T14:34:36Z</time><extensions><speed>1.547800</speed><course>62.089549</course><hAcc>1.163339</hAcc><vAcc>0.911263</vAcc></extensions></trkpt>
      <trkpt lon="-82.146090" lat="33.556741"><ele>89.335133</ele><time>2026-03-08T14:34:37Z</time><extensions><speed>1.498186</speed><course>74.718132</course><hAcc>1.161710</hAcc><vAcc>0.901513</vAcc></extensions></trkpt>
      <trkpt lon="-82.146075" lat="33.556743"><ele>89.287211</ele><time>2026-03-08T14:34:38Z</time><extensions><speed>1.386323</speed><course>88.102066</course><hAcc>1.160105</hAcc><vAcc>0.890872</vAcc></extensions></trkpt>
      <trkpt lon="-82.146061" lat="33.556743"><ele>89.290128</ele><time>2026-03-08T14:34:39Z</time><extensions><speed>1.198258</speed><course>92.846294</course><hAcc>1.151595</hAcc><vAcc>0.879581</vAcc></extensions></trkpt>
      <trkpt lon="-82.146048" lat="33.556744"><ele>89.307011</ele><time>2026-03-08T14:34:40Z</time><extensions><speed>1.339002</speed><course>82.176498</course><hAcc>1.164157</hAcc><vAcc>0.867939</vAcc></extensions></trkpt>
      <trkpt lon="-82.146033" lat="33.556746"><ele>89.321094</ele><time>2026-03-08T14:34:41Z</time><extensions><speed>1.473314</speed><course>74.641628</course><hAcc>1.177380</hAcc><vAcc>0.856184</vAcc></extensions></trkpt>
      <trkpt lon="-82.146017" lat="33.556750"><ele>89.345599</ele><time>2026-03-08T14:34:42Z</time><extensions><speed>1.502498</speed><course>76.923669</course><hAcc>1.198879</hAcc><vAcc>0.844450</vAcc></extensions></trkpt>
      <trkpt lon="-82.146001" lat="33.556752"><ele>89.379684</ele><time>2026-03-08T14:34:43Z</time><extensions><speed>1.538450</speed><course>87.882200</course><hAcc>1.180192</hAcc><vAcc>0.832831</vAcc></extensions></trkpt>
      <trkpt lon="-82.145985" lat="33.556751"><ele>89.428913</ele><time>2026-03-08T14:34:44Z</time><extensions><speed>1.459937</speed><course>98.481104</course><hAcc>1.205374</hAcc><vAcc>0.821463</vAcc></extensions></trkpt>
      <trkpt lon="-82.145971" lat="33.556748"><ele>89.478201</ele><time>2026-03-08T14:34:45Z</time><extensions><speed>1.201446</speed><course>106.400455</course><hAcc>1.184624</hAcc><vAcc>0.810562</vAcc></extensions></trkpt>
      <trkpt lon="-82.145960" lat="33.556746"><ele>89.515192</ele><time>2026-03-08T14:34:46Z</time><extensions><speed>0.953539</speed><course>99.467937</course><hAcc>1.179662</hAcc><vAcc>0.800426</vAcc></extensions></trkpt>
      <trkpt lon="-82.145950" lat="33.556746"><ele>89.537246</ele><time>2026-03-08T14:34:47Z</time><extensions><speed>0.896749</speed><course>84.125334</course><hAcc>1.213782</hAcc><vAcc>0.791345</vAcc></extensions></trkpt>
      <trkpt lon="-82.145941" lat="33.556747"><ele>89.530552</ele><time>2026-03-08T14:34:48Z</time><extensions><speed>0.886069</speed><course>75.231859</course><hAcc>1.239662</hAcc><vAcc>0.783498</vAcc></extensions></trkpt>
      <trkpt lon="-82.145933" lat="33.556749"><ele>89.516642</ele><time>2026-03-08T14:34:49Z</time><extensions><speed>0.671780</speed><course>66.279056</course><hAcc>1.278162</hAcc><vAcc>0.776939</vAcc></extensions></trkpt>
      <trkpt lon="-82.145927" lat="33.556752"><ele>89.496349</ele><time>2026-03-08T14:34:50Z</time><extensions><speed>0.526974</speed><course>56.331681</course><hAcc>1.293058</hAcc><vAcc>0.771624</vAcc></extensions></trkpt>
      <trkpt lon="-82.145923" lat="33.556755"><ele>89.453466</ele><time>2026-03-08T14:34:51Z</time><extensions><speed>0.375204</speed><course>43.556718</course><hAcc>1.300553</hAcc><vAcc>0.767443</vAcc></extensions></trkpt>
      <trkpt lon="-82.145921" lat="33.556757"><ele>89.386353</ele><time>2026-03-08T14:34:52Z</time><extensions><speed>0.356321</speed><course>35.021594</course><hAcc>1.331624</hAcc><vAcc>0.764247</vAcc></extensions></trkpt>
      <trkpt lon="-82.145918" lat="33.556760"><ele>89.290302</ele><time>2026-03-08T14:34:53Z</time><extensions><speed>0.436910</speed><course>39.825284</course><hAcc>1.393337</hAcc><vAcc>0.761873</vAcc></extensions></trkpt>
      <trkpt lon="-82.145915" lat="33.556763"><ele>89.167635</ele><time>2026-03-08T14:34:54Z</time><extensions><speed>0.522745</speed><course>48.672987</course><hAcc>1.460407</hAcc><vAcc>0.760160</vAcc></extensions></trkpt>
      <trkpt lon="-82.145909" lat="33.556766"><ele>89.026408</ele><time>2026-03-08T14:34:55Z</time><extensions><speed>0.703224</speed><course>66.527291</course><hAcc>1.497701</hAcc><vAcc>0.758961</vAcc></extensions></trkpt>
      <trkpt lon="-82.145901" lat="33.556769"><ele>88.860483</ele><time>2026-03-08T14:34:56Z</time><extensions><speed>0.993112</speed><course>70.556719</course><hAcc>1.523621</hAcc><vAcc>0.758148</vAcc></extensions></trkpt>
      <trkpt lon="-82.145889" lat="33.556772"><ele>88.682520</ele><time>2026-03-08T14:34:57Z</time><extensions><speed>1.269590</speed><course>65.872288</course><hAcc>1.539692</hAcc><vAcc>0.757616</vAcc></extensions></trkpt>
      <trkpt lon="-82.145877" lat="33.556778"><ele>88.496603</ele><time>2026-03-08T14:34:58Z</time><extensions><speed>1.384475</speed><course>58.727344</course><hAcc>1.553551</hAcc><vAcc>0.757282</vAcc></extensions></trkpt>
      <trkpt lon="-82.145865" lat="33.556784"><ele>88.306792</ele><time>2026-03-08T14:34:59Z</time><extensions><speed>1.175597</speed><course>53.617081</course><hAcc>1.575113</hAcc><vAcc>0.757081</vAcc></extensions></trkpt>
      <trkpt lon="-82.145856" lat="33.556790"><ele>88.116319</ele><time>2026-03-08T14:35:00Z</time><extensions><speed>0.935565</speed><course>49.414624</course><hAcc>1.598310</hAcc><vAcc>0.756966</vAcc></extensions></trkpt>
      <trkpt lon="-82.145849" lat="33.556796"><ele>87.927850</ele><time>2026-03-08T14:35:01Z</time><extensions><speed>0.854535</speed><course>42.178901</course><hAcc>1.611327</hAcc><vAcc>0.756904</vAcc></extensions></trkpt>
      <trkpt lon="-82.145844" lat="33.556801"><ele>87.743939</ele><time>2026-03-08T14:35:02Z</time><extensions><speed>0.709384</speed><course>35.407172</course><hAcc>1.653182</hAcc><vAcc>0.756873</vAcc></extensions></trkpt>
      <trkpt lon="-82.145841" lat="33.556806"><ele>87.567114</ele><time>2026-03-08T14:35:03Z</time><extensions><speed>0.478253</speed><course>30.782717</course><hAcc>1.721012</hAcc><vAcc>0.756858</vAcc></extensions></trkpt>
      <trkpt lon="-82.145839" lat="33.556808"><ele>87.399364</ele><time>2026-03-08T14:35:04Z</time><extensions><speed>0.230148</speed><course>33.727461</course><hAcc>1.788914</hAcc><vAcc>0.757037</vAcc></extensions></trkpt>
      <trkpt lon="-82.145838" lat="33.556810"><ele>87.242299</ele><time>2026-03-08T14:35:05Z</time><extensions><speed>0.102616</speed><course>30.438885</course><hAcc>1.836342</hAcc><vAcc>0.757684</vAcc></extensions></trkpt>
      <trkpt lon="-82.145837" lat="33.556810"><ele>87.097419</ele><time>2026-03-08T14:35:06Z</time><extensions><speed>0.049438</speed><course>16.129867</course><hAcc>1.882593</hAcc><vAcc>0.759056</vAcc></extensions></trkpt>
      <trkpt lon="-82.145837" lat="33.556810"><ele>86.966005</ele><time>2026-03-08T14:35:07Z</time><extensions><speed>0.033182</speed><course>246.777650</course><hAcc>1.937450</hAcc><vAcc>0.761364</vAcc></extensions></trkpt>
      <trkpt lon="-82.145838" lat="33.556810"><ele>86.849510</ele><time>2026-03-08T14:35:08Z</time><extensions><speed>0.047962</speed><course>231.848497</course><hAcc>1.971007</hAcc><vAcc>0.764403</vAcc></extensions></trkpt>
      <trkpt lon="-82.145838" lat="33.556810"><ele>86.747452</ele><time>2026-03-08T14:35:09Z</time><extensions><speed>0.046346</speed><course>228.454653</course><hAcc>1.988846</hAcc><vAcc>0.768446</vAcc></extensions></trkpt>
      <trkpt lon="-82.145838" lat="33.556810"><ele>86.659311</ele><time>2026-03-08T14:35:10Z</time><extensions><speed>0.034419</speed><course>227.056765</course><hAcc>2.024570</hAcc><vAcc>0.773639</vAcc></extensions></trkpt>
      <trkpt lon="-82.145839" lat="33.556810"><ele>86.584612</ele><time>2026-03-08T14:35:11Z</time><extensions><speed>0.027264</speed><course>226.323302</course><hAcc>2.065173</hAcc><vAcc>0.779815</vAcc></extensions></trkpt>
      <trkpt lon="-82.145839" lat="33.556809"><ele>86.522855</ele><time>2026-03-08T14:35:12Z</time><extensions><speed>0.019904</speed><course>225.933294</course><hAcc>2.123165</hAcc><vAcc>0.786364</vAcc></extensions></trkpt>
      <trkpt lon="-82.145839" lat="33.556809"><ele>86.472148</ele><time>2026-03-08T14:35:13Z</time><extensions><speed>0.016426</speed><course>225.708754</course><hAcc>2.167720</hAcc><vAcc>0.793520</vAcc></extensions></trkpt>
      <trkpt lon="-82.145839" lat="33.556809"><ele>86.431051</ele><time>2026-03-08T14:35:14Z</time><extensions><speed>0.017546</speed><course>225.601454</course><hAcc>2.189376</hAcc><vAcc>0.801304</vAcc></extensions></trkpt>
      <trkpt lon="-82.145839" lat="33.556809"><ele>86.398486</ele><time>2026-03-08T14:35:15Z</time><extensions><speed>0.015749</speed><course>225.554136</course><hAcc>2.239044</hAcc><vAcc>0.809361</vAcc></extensions></trkpt>
      <trkpt lon="-82.145839" lat="33.556809"><ele>86.373418</ele><time>2026-03-08T14:35:16Z</time><extensions><speed>0.012960</speed><course>225.527318</course><hAcc>2.299894</hAcc><vAcc>0.817197</vAcc></extensions></trkpt>
      <trkpt lon="-82.145839" lat="33.556809"><ele>86.354746</ele><time>2026-03-08T14:35:17Z</time><extensions><speed>0.010079</speed><course>225.510043</course><hAcc>2.351013</hAcc><vAcc>0.824495</vAcc></extensions></trkpt>
      <trkpt lon="-82.145839" lat="33.556809"><ele>86.340925</ele><time>2026-03-08T14:35:18Z</time><extensions><speed>0.007645</speed><course>225.497997</course><hAcc>2.387172</hAcc><vAcc>0.832409</vAcc></extensions></trkpt>
      <trkpt lon="-82.145840" lat="33.556809"><ele>86.331837</ele><time>2026-03-08T14:35:19Z</time><extensions><speed>0.005706</speed><course>225.489190</course><hAcc>2.412101</hAcc><vAcc>0.839573</vAcc></extensions></trkpt>
      <trkpt lon="-82.145840" lat="33.556809"><ele>86.326334</ele><time>2026-03-08T14:35:20Z</time><extensions><speed>0.004218</speed><course>225.482538</course><hAcc>2.427753</hAcc><vAcc>0.847077</vAcc></extensions></trkpt>
      <trkpt lon="-82.145840" lat="33.556809"><ele>86.323888</ele><time>2026-03-08T14:35:21Z</time><extensions><speed>0.003075</speed><course>225.477421</course><hAcc>2.434334</hAcc><vAcc>0.854805</vAcc></extensions></trkpt>
      <trkpt lon="-82.145840" lat="33.556809"><ele>86.323850</ele><time>2026-03-08T14:35:22Z</time><extensions><speed>0.002243</speed><course>225.473468</course><hAcc>2.431942</hAcc><vAcc>0.863247</vAcc></extensions></trkpt>
      <trkpt lon="-82.145840" lat="33.556809"><ele>86.325823</ele><time>2026-03-08T14:35:23Z</time><extensions><speed>0.001618</speed><course>225.470426</course><hAcc>2.426262</hAcc><vAcc>0.871590</vAcc></extensions></trkpt>
      <trkpt lon="-82.145840" lat="33.556809"><ele>86.329128</ele><time>2026-03-08T14:35:24Z</time><extensions><speed>0.001149</speed><course>225.468071</course><hAcc>2.420840</hAcc><vAcc>0.881351</vAcc></extensions></trkpt>
      <trkpt lon="-82.145840" lat="33.556809"><ele>86.333495</ele><time>2026-03-08T14:35:25Z</time><extensions><speed>0.000802</speed><course>225.466228</course><hAcc>2.414134</hAcc><vAcc>0.891159</vAcc></extensions></trkpt>
      <trkpt lon="-82.145840" lat="33.556809"><ele>86.345443</ele><time>2026-03-08T14:35:26Z</time><extensions><speed>0.009175</speed><course>239.743644</course><hAcc>2.401030</hAcc><vAcc>0.902429</vAcc></extensions></trkpt>
      <trkpt lon="-82.145840" lat="33.556808"><ele>86.365778</ele><time>2026-03-08T14:35:27Z</time><extensions><speed>0.016394</speed><course>246.153729</course><hAcc>2.398434</hAcc><vAcc>0.911737</vAcc></extensions></trkpt>
      <trkpt lon="-82.145841" lat="33.556808"><ele>86.355921</ele><time>2026-03-08T14:35:28Z</time><extensions><speed>0.028885</speed><course>245.214508</course><hAcc>2.405792</hAcc><vAcc>0.921179</vAcc></extensions></trkpt>
      <trkpt lon="-82.145842" lat="33.556808"><ele>86.334107</ele><time>2026-03-08T14:35:29Z</time><extensions><speed>0.043859</speed><course>243.654010</course><hAcc>2.408355</hAcc><vAcc>0.927637</vAcc></extensions></trkpt>
      <trkpt lon="-82.145842" lat="33.556808"><ele>86.282569</ele><time>2026-03-08T14:35:30Z</time><extensions><speed>0.058704</speed><course>246.288998</course><hAcc>2.409776</hAcc><vAcc>0.929037</vAcc></extensions></trkpt>
      <trkpt lon="-82.145843" lat="33.556807"><ele>86.227523</ele><time>2026-03-08T14:35:31Z</time><extensions><speed>0.101622</speed><course>246.380663</course><hAcc>2.379436</hAcc><vAcc>0.928561</vAcc></extensions></trkpt>
      <trkpt lon="-82.145844" lat="33.556807"><ele>86.165883</ele><time>2026-03-08T14:35:32Z</time><extensions><speed>0.143625</speed><course>246.055258</course><hAcc>2.370961</hAcc><vAcc>0.926548</vAcc></extensions></trkpt>
      <trkpt lon="-82.145846" lat="33.556806"><ele>86.097694</ele><time>2026-03-08T14:35:33Z</time><extensions><speed>0.188965</speed><course>244.802005</course><hAcc>2.390247</hAcc><vAcc>0.922466</vAcc></extensions></trkpt>
      <trkpt lon="-82.145848" lat="33.556805"><ele>86.039817</ele><time>2026-03-08T14:35:34Z</time><extensions><speed>0.222199</speed><course>246.748283</course><hAcc>2.427382</hAcc><vAcc>0.918667</vAcc></extensions></trkpt>
      <trkpt lon="-82.145851" lat="33.556804"><ele>85.989030</ele><time>2026-03-08T14:35:35Z</time><extensions><speed>0.238506</speed><course>247.143546</course><hAcc>2.479475</hAcc><vAcc>0.912845</vAcc></extensions></trkpt>
      <trkpt lon="-82.145853" lat="33.556803"><ele>85.935020</ele><time>2026-03-08T14:35:36Z</time><extensions><speed>0.205879</speed><course>249.582628</course><hAcc>2.533107</hAcc><vAcc>0.906307</vAcc></extensions></trkpt>
      <trkpt lon="-82.145855" lat="33.556803"><ele>85.879411</ele><time>2026-03-08T14:35:37Z</time><extensions><speed>0.191634</speed><course>256.250735</course><hAcc>2.553854</hAcc><vAcc>0.899396</vAcc></extensions></trkpt>
      <trkpt lon="-82.145857" lat="33.556803"><ele>85.823865</ele><time>2026-03-08T14:35:38Z</time><extensions><speed>0.128064</speed><course>274.981880</course><hAcc>2.586965</hAcc><vAcc>0.892761</vAcc></extensions></trkpt>
      <trkpt lon="-82.145858" lat="33.556802"><ele>85.805508</ele><time>2026-03-08T14:35:39Z</time><extensions><speed>0.089025</speed><course>321.829488</course><hAcc>2.614639</hAcc><vAcc>0.886321</vAcc></extensions></trkpt>
      <trkpt lon="-82.145858" lat="33.556802"><ele>85.823485</ele><time>2026-03-08T14:35:40Z</time><extensions><speed>0.075040</speed><course>355.444421</course><hAcc>2.650944</hAcc><vAcc>0.880923</vAcc></extensions></trkpt>
      <trkpt lon="-82.145858" lat="33.556802"><ele>85.852467</ele><time>2026-03-08T14:35:41Z</time><extensions><speed>0.034254</speed><course>176.181024</course><hAcc>2.698205</hAcc><vAcc>0.878982</vAcc></extensions></trkpt>
      <trkpt lon="-82.145858" lat="33.556801"><ele>85.899139</ele><time>2026-03-08T14:35:42Z</time><extensions><speed>0.196020</speed><course>196.278467</course><hAcc>2.736357</hAcc><vAcc>0.879836</vAcc></extensions></trkpt>
      <trkpt lon="-82.145858" lat="33.556798"><ele>85.959622</ele><time>2026-03-08T14:35:43Z</time><extensions><speed>0.318237</speed><course>193.360956</course><hAcc>2.761938</hAcc><vAcc>0.884269</vAcc></extensions></trkpt>
      <trkpt lon="-82.145859" lat="33.556795"><ele>86.040786</ele><time>2026-03-08T14:35:44Z</time><extensions><speed>0.385868</speed><course>185.977537</course><hAcc>2.775529</hAcc><vAcc>0.891166</vAcc></extensions></trkpt>
      <trkpt lon="-82.145858" lat="33.556791"><ele>86.139423</ele><time>2026-03-08T14:35:45Z</time><extensions><speed>0.432700</speed><course>178.176978</course><hAcc>2.781260</hAcc><vAcc>0.900047</vAcc></extensions></trkpt>
      <trkpt lon="-82.145858" lat="33.556787"><ele>86.239992</ele><time>2026-03-08T14:35:46Z</time><extensions><speed>0.454297</speed><course>172.507381</course><hAcc>2.781186</hAcc><vAcc>0.909998</vAcc></extensions></trkpt>
      <trkpt lon="-82.145857" lat="33.556782"><ele>86.345889</ele><time>2026-03-08T14:35:47Z</time><extensions><speed>0.484775</speed><course>165.276808</course><hAcc>2.759918</hAcc><vAcc>0.918196</vAcc></extensions></trkpt>
      <trkpt lon="-82.145855" lat="33.556778"><ele>86.424522</ele><time>2026-03-08T14:35:48Z</time><extensions><speed>0.495322</speed><course>156.365473</course><hAcc>2.716350</hAcc><vAcc>0.924249</vAcc></extensions></trkpt>
      <trkpt lon="-82.145853" lat="33.556774"><ele>86.498197</ele><time>2026-03-08T14:35:49Z</time><extensions><speed>0.500439</speed><course>143.300622</course><hAcc>2.651708</hAcc><vAcc>0.926501</vAcc></extensions></trkpt>
      <trkpt lon="-82.145850" lat="33.556771"><ele>86.553141</ele><time>2026-03-08T14:35:50Z</time><extensions><speed>0.458438</speed><course>140.660993</course><hAcc>2.599440</hAcc><vAcc>0.925325</vAcc></extensions></trkpt>
      <trkpt lon="-82.145848" lat="33.556769"><ele>86.585311</ele><time>2026-03-08T14:35:51Z</time><extensions><speed>0.374907</speed><course>135.550941</course><hAcc>2.559579</hAcc><vAcc>0.922956</vAcc></extensions></trkpt>
      <trkpt lon="-82.145846" lat="33.556767"><ele>86.614074</ele><time>2026-03-08T14:35:52Z</time><extensions><speed>0.314111</speed><course>136.581323</course><hAcc>2.521261</hAcc><vAcc>0.919638</vAcc></extensions></trkpt>
      <trkpt lon="-82.145844" lat="33.556766"><ele>86.620772</ele><time>2026-03-08T14:35:53Z</time><extensions><speed>0.263111</speed><course>133.715379</course><hAcc>2.486530</hAcc><vAcc>0.913740</vAcc></extensions></trkpt>
      <trkpt lon="-82.145842" lat="33.556764"><ele>86.648621</ele><time>2026-03-08T14:35:54Z</time><extensions><speed>0.258850</speed><course>133.891042</course><hAcc>2.463810</hAcc><vAcc>0.914524</vAcc></extensions></trkpt>
      <trkpt lon="-82.145840" lat="33.556762"><ele>86.664274</ele><time>2026-03-08T14:35:55Z</time><extensions><speed>0.405690</speed><course>129.268524</course><hAcc>2.431683</hAcc><vAcc>0.916628</vAcc></extensions></trkpt>
      <trkpt lon="-82.145835" lat="33.556759"><ele>86.667967</ele><time>2026-03-08T14:35:56Z</time><extensions><speed>0.745290</speed><course>126.964053</course><hAcc>2.422991</hAcc><vAcc>0.922234</vAcc></extensions></trkpt>
      <trkpt lon="-82.145828" lat="33.556755"><ele>86.660561</ele><time>2026-03-08T14:35:57Z</time><extensions><speed>0.721345</speed><course>128.108627</course><hAcc>2.417067</hAcc><vAcc>0.934425</vAcc></extensions></trkpt>
      <trkpt lon="-82.145823" lat="33.556753"><ele>86.643470</ele><time>2026-03-08T14:35:58Z</time><extensions><speed>0.364657</speed><course>101.157899</course><hAcc>2.418495</hAcc><vAcc>0.957183</vAcc></extensions></trkpt>
      <trkpt lon="-82.145821" lat="33.556754"><ele>86.618510</ele><time>2026-03-08T14:35:59Z</time><extensions><speed>0.298625</speed><course>25.744100</course><hAcc>2.460200</hAcc><vAcc>0.995141</vAcc></extensions></trkpt>
      <trkpt lon="-82.145820" lat="33.556757"><ele>86.587692</ele><time>2026-03-08T14:36:00Z</time><extensions><speed>0.552868</speed><course>7.244558</course><hAcc>2.547858</hAcc><vAcc>1.053042</vAcc></extensions></trkpt>
      <trkpt lon="-82.145819" lat="33.556763"><ele>86.553053</ele><time>2026-03-08T14:36:01Z</time><extensions><speed>0.819271</speed><course>9.777168</course><hAcc>2.714941</hAcc><vAcc>1.134998</vAcc></extensions></trkpt>
      <trkpt lon="-82.145817" lat="33.556770"><ele>86.516420</ele><time>2026-03-08T14:36:02Z</time><extensions><speed>0.727516</speed><course>12.137248</course><hAcc>2.993177</hAcc><vAcc>1.243853</vAcc></extensions></trkpt>
      <trkpt lon="-82.145815" lat="33.556776"><ele>86.479102</ele><time>2026-03-08T14:36:03Z</time><extensions><speed>0.649453</speed><course>12.925569</course><hAcc>3.493289</hAcc><vAcc>1.380951</vAcc></extensions></trkpt>
    </trkseg>
  </trk>
</gpx>