<?xml version="1.0" encoding="UTF-8"?>
<gpx version="1.1" creator="Apple Health Export" xmlns="http://www.topografix.com/GPX/1/1" xmlns:xsi="http://www.w3.org/2001/XMLSchema-instance" xsi:schemaLocation="http://www.topografix.com/GPX/1/1 http://www.topografix.com/GPX/1/1/gpx.xsd">
  <metadata>
    <time>2026-03-14T12:16:35Z</time>
  </metadata>
  <trk>
    <name>Route 2024-05-24 7:22am</name>
    <trkseg>
      <trkpt lon="-82.146073" lat="33.556598"><ele>84.324800</ele><time>2024-05-24T10:54:12Z</time><extensions><speed>0.317812</speed><course>215.574455</course><hAcc>6.821510</hAcc><vAcc>7.210504</vAcc></extensions></trkpt>
      <trkpt lon="-82.146082" lat="33.556587"><ele>84.336327</ele><time>2024-05-24T10:54:16Z</time><extensions><speed>0.352975</speed><course>210.734415</course><hAcc>4.875196</hAcc><vAcc>6.565569</vAcc></extensions></trkpt>
      <trkpt lon="-82.146085" lat="33.556583"><ele>84.403627</ele><time>2024-05-24T10:54:17Z</time><extensions><speed>0.358163</speed><course>207.982834</course><hAcc>4.558350</hAcc><vAcc>5.891216</vAcc></extensions></trkpt>
      <trkpt lon="-82.146090" lat="33.556575"><ele>84.417469</ele><time>2024-05-24T10:54:19Z</time><extensions><speed>0.572989</speed><course>204.331223</course><hAcc>3.975948</hAcc><vAcc>5.638641</vAcc></extensions></trkpt>
      <trkpt lon="-82.146094" lat="33.556569"><ele>84.440891</ele><time>2024-05-24T10:54:20Z</time><extensions><speed>0.613225</speed><course>204.971590</course><hAcc>3.755823</hAcc><vAcc>5.399446</vAcc></extensions></trkpt>
      <trkpt lon="-82.146097" lat="33.556563"><ele>84.448205</ele><time>2024-05-24T10:54:21Z</time><extensions><speed>0.694768</speed><course>204.602360</course><hAcc>3.615545</hAcc><vAcc>5.310494</vAcc></extensions></trkpt>
      <trkpt lon="-82.146103" lat="33.556556"><ele>84.474326</ele><time>2024-05-24T10:54:22Z</time><extensions><speed>0.750247</speed><course>205.878392</course><hAcc>3.470865</hAcc><vAcc>5.094978</vAcc></extensions></trkpt>
      <trkpt lon="-82.146109" lat="33.556549"><ele>84.493034</ele><time>2024-05-24T10:54:23Z</time><extensions><speed>0.733736</speed><course>207.860326</course><hAcc>3.365957</hAcc><vAcc>4.946862</vAcc></extensions></trkpt>
      <trkpt lon="-82.146116" lat="33.556543"><ele>84.524332</ele><time>2024-05-24T10:54:24Z</time><extensions><speed>0.622702</speed><course>213.327715</course><hAcc>3.270543</hAcc><vAcc>4.697784</vAcc></extensions></trkpt>
      <trkpt lon="-82.146121" lat="33.556539"><ele>84.533329</ele><time>2024-05-24T10:54:25Z</time><extensions><speed>0.553823</speed><course>220.602134</course><hAcc>3.241402</hAcc><vAcc>4.633670</vAcc></extensions></trkpt>
      <trkpt lon="-82.146126" lat="33.556536"><ele>84.540924</ele><time>2024-05-24T10:54:26Z</time><extensions><speed>0.539388</speed><course>229.765319</course><hAcc>3.241284</hAcc><vAcc>4.590384</vAcc></extensions></trkpt>
      <trkpt lon="-82.146133" lat="33.556532"><ele>84.560633</ele><time>2024-05-24T10:54:27Z</time><extensions><speed>0.599098</speed><course>236.010172</course><hAcc>3.261614</hAcc><vAcc>4.441574</vAcc></extensions></trkpt>
      <trkpt lon="-82.146141" lat="33.556528"><ele>84.577245</ele><time>2024-05-24T10:54:28Z</time><extensions><speed>0.590527</speed><course>240.611614</course><hAcc>3.294696</hAcc><vAcc>4.379827</vAcc></extensions></trkpt>
      <trkpt lon="-82.146150" lat="33.556524"><ele>84.598427</ele><time>2024-05-24T10:54:29Z</time><extensions><speed>0.671116</speed><course>244.120516</course><hAcc>3.299743</hAcc><vAcc>4.312812</vAcc></extensions></trkpt>
      <trkpt lon="-82.146159" lat="33.556521"><ele>84.610494</ele><time>2024-05-24T10:54:30Z</time><extensions><speed>0.635303</speed><course>246.844653</course><hAcc>3.323523</hAcc><vAcc>4.301006</vAcc></extensions></trkpt>
      <trkpt lon="-82.146175" lat="33.556515"><ele>84.654175</ele><time>2024-05-24T10:54:31Z</time><extensions><speed>0.695118</speed><course>248.083220</course><hAcc>3.288378</hAcc><vAcc>4.180259</vAcc></extensions></trkpt>
      <trkpt lon="-82.146183" lat="33.556513"><ele>84.663262</ele><time>2024-05-24T10:54:32Z</time><extensions><speed>0.761353</speed><course>249.258271</course><hAcc>3.282980</hAcc><vAcc>4.197717</vAcc></extensions></trkpt>
      <trkpt lon="-82.146190" lat="33.556510"><ele>84.972592</ele><time>2024-05-24T10:54:33Z</time><extensions><speed>0.657861</speed><course>249.811212</course><hAcc>3.304024</hAcc><vAcc>4.043596</vAcc></extensions></trkpt>
      <trkpt lon="-82.146198" lat="33.556507"><ele>85.232159</ele><time>2024-05-24T10:54:34Z</time><extensions><speed>0.726601</speed><course>248.962424</course><hAcc>3.314033</hAcc><vAcc>3.782512</vAcc></extensions></trkpt>
      <trkpt lon="-82.146208" lat="33.556504"><ele>85.462445</ele><time>2024-05-24T10:54:35Z</time><extensions><speed>1.049989</speed><course>247.747488</course><hAcc>3.316408</hAcc><vAcc>3.495781</vAcc></extensions></trkpt>
      <trkpt lon="-82.146220" lat="33.556500"><ele>85.584443</ele><time>2024-05-24T10:54:36Z</time><extensions><speed>1.163409</speed><course>246.878030</course><hAcc>3.365280</hAcc><vAcc>3.230588</vAcc></extensions></trkpt>
      <trkpt lon="-82.146232" lat="33.556496"><ele>85.651622</ele><time>2024-05-24T10:54:37Z</time><extensions><speed>1.117035</speed><course>246.408525</course><hAcc>3.460484</hAcc><vAcc>3.002237</vAcc></extensions></trkpt>
      <trkpt lon="-82.146243" lat="33.556492"><ele>85.698384</ele><time>2024-05-24T10:54:38Z</time><extensions><speed>0.910085</speed><course>246.196591</course><hAcc>3.548075</hAcc><vAcc>2.809878</vAcc></extensions></trkpt>
      <trkpt lon="-82.146254" lat="33.556489"><ele>85.729801</ele><time>2024-05-24T10:54:39Z</time><extensions><speed>0.998242</speed><course>246.387377</course><hAcc>3.585464</hAcc><vAcc>2.647584</vAcc></extensions></trkpt>
      <trkpt lon="-82.146264" lat="33.556486"><ele>85.754971</ele><time>2024-05-24T10:54:40Z</time><extensions><speed>0.943809</speed><course>247.336075</course><hAcc>3.632402</hAcc><vAcc>2.509366</vAcc></extensions></trkpt>
      <trkpt lon="-82.146275" lat="33.556483"><ele>85.772704</ele><time>2024-05-24T10:54:41Z</time><extensions><speed>0.979412</speed><course>249.276333</course><hAcc>3.713861</hAcc><vAcc>2.389283</vAcc></extensions></trkpt>
      <trkpt lon="-82.146294" lat="33.556479"><ele>85.807685</ele><time>2024-05-24T10:54:43Z</time><extensions><speed>0.785031</speed><course>254.410899</course><hAcc>3.920345</hAcc><vAcc>2.211408</vAcc></extensions></trkpt>
      <trkpt lon="-82.146306" lat="33.556477"><ele>85.815176</ele><time>2024-05-24T10:54:44Z</time><extensions><speed>1.173725</speed><course>256.018185</course><hAcc>3.870673</hAcc><vAcc>2.092327</vAcc></extensions></trkpt>
      <trkpt lon="-82.146324" lat="33.556475"><ele>85.849606</ele><time>2024-05-24T10:54:45Z</time><extensions><speed>1.436933</speed><course>257.206568</course><hAcc>3.806582</hAcc><vAcc>1.984024</vAcc></extensions></trkpt>
      <trkpt lon="-82.146349" lat="33.556471"><ele>85.910316</ele><time>2024-05-24T10:54:47Z</time><extensions><speed>1.384971</speed><course>253.762360</course><hAcc>3.883595</hAcc><vAcc>1.854974</vAcc></extensions></trkpt>
      <trkpt lon="-82.146366" lat="33.556467"><ele>85.954827</ele><time>2024-05-24T10:54:48Z</time><extensions><speed>1.099466</speed><course>246.882259</course><hAcc>3.858181</hAcc><vAcc>1.759248</vAcc></extensions></trkpt>
      <trkpt lon="-82.146381" lat="33.556463"><ele>85.989226</ele><time>2024-05-24T10:54:49Z</time><extensions><speed>1.240154</speed><course>247.441546</course><hAcc>3.689084</hAcc><vAcc>1.672090</vAcc></extensions></trkpt>
      <trkpt lon="-82.146397" lat="33.556459"><ele>86.020018</ele><time>2024-05-24T10:54:50Z</time><extensions><speed>1.351767</speed><course>249.311598</course><hAcc>3.533778</hAcc><vAcc>1.593080</vAcc></extensions></trkpt>
      <trkpt lon="-82.146413" lat="33.556454"><ele>86.045141</ele><time>2024-05-24T10:54:51Z</time><extensions><speed>1.405461</speed><course>246.916033</course><hAcc>3.424070</hAcc><vAcc>1.521886</vAcc></extensions></trkpt>
      <trkpt lon="-82.146430" lat="33.556448"><ele>86.069096</ele><time>2024-05-24T10:54:52Z</time><extensions><speed>1.533655</speed><course>246.944061</course><hAcc>3.280603</hAcc><vAcc>1.458318</vAcc></extensions></trkpt>
      <trkpt lon="-82.146447" lat="33.556441"><ele>86.098318</ele><time>2024-05-24T10:54:53Z</time><extensions><speed>1.552868</speed><course>243.791286</course><hAcc>3.173328</hAcc><vAcc>1.402076</vAcc></extensions></trkpt>
      <trkpt lon="-82.146465" lat="33.556435"><ele>86.133139</ele><time>2024-05-24T10:54:54Z</time><extensions><speed>1.468376</speed><course>242.020392</course><hAcc>3.014607</hAcc><vAcc>1.352798</vAcc></extensions></trkpt>
      <trkpt lon="-82.146482" lat="33.556428"><ele>86.168826</ele><time>2024-05-24T10:54:55Z</time><extensions><speed>1.582367</speed><course>245.654358</course><hAcc>2.842903</hAcc><vAcc>1.309994</vAcc></extensions></trkpt>
      <trkpt lon="-82.146498" lat="33.556422"><ele>86.207584</ele><time>2024-05-24T10:54:56Z</time><extensions><speed>1.508399</speed><course>248.094673</course><hAcc>2.737964</hAcc><vAcc>1.273213</vAcc></extensions></trkpt>
      <trkpt lon="-82.146514" lat="33.556418"><ele>86.241370</ele><time>2024-05-24T10:54:57Z</time><extensions><speed>1.668157</speed><course>253.950754</course><hAcc>2.618185</hAcc><vAcc>1.241993</vAcc></extensions></trkpt>
      <trkpt lon="-82.146531" lat="33.556414"><ele>86.274579</ele><time>2024-05-24T10:54:58Z</time><extensions><speed>1.712761</speed><course>257.873489</course><hAcc>2.520002</hAcc><vAcc>1.215736</vAcc></extensions></trkpt>
      <trkpt lon="-82.146548" lat="33.556411"><ele>86.300630</ele><time>2024-05-24T10:54:59Z</time><extensions><speed>1.643100</speed><course>258.528823</course><hAcc>2.454191</hAcc><vAcc>1.193877</vAcc></extensions></trkpt>
      <trkpt lon="-82.146565" lat="33.556407"><ele>86.317575</ele><time>2024-05-24T10:55:00Z</time><extensions><speed>1.713837</speed><course>257.531300</course><hAcc>2.366288</hAcc><vAcc>1.175835</vAcc></extensions></trkpt>
      <trkpt lon="-82.146583" lat="33.556403"><ele>86.329008</ele><time>2024-05-24T10:55:01Z</time><extensions><speed>1.691409</speed><course>259.130945</course><hAcc>2.335230</hAcc><vAcc>1.161089</vAcc></extensions></trkpt>
      <trkpt lon="-82.146600" lat="33.556399"><ele>86.341009</ele><time>2024-05-24T10:55:02Z</time><extensions><speed>1.797935</speed><course>257.047904</course><hAcc>2.262853</hAcc><vAcc>1.149175</vAcc></extensions></trkpt>
      <trkpt lon="-82.146619" lat="33.556395"><ele>86.363657</ele><time>2024-05-24T10:55:03Z</time><extensions><speed>1.808366</speed><course>253.912789</course><hAcc>2.198507</hAcc><vAcc>1.139610</vAcc></extensions></trkpt>
      <trkpt lon="-82.146637" lat="33.556390"><ele>86.394449</ele><time>2024-05-24T10:55:04Z</time><extensions><speed>1.767607</speed><course>253.782816</course><hAcc>2.185244</hAcc><vAcc>1.132067</vAcc></extensions></trkpt>
      <trkpt lon="-82.146654" lat="33.556385"><ele>86.427514</ele><time>2024-05-24T10:55:05Z</time><extensions><speed>1.736098</speed><course>253.138789</course><hAcc>2.126349</hAcc><vAcc>1.126181</vAcc></extensions></trkpt>
      <trkpt lon="-82.146671" lat="33.556381"><ele>86.462666</ele><time>2024-05-24T10:55:06Z</time><extensions><speed>1.656933</speed><course>253.295375</course><hAcc>2.090953</hAcc><vAcc>1.121584</vAcc></extensions></trkpt>
      <trkpt lon="-82.146686" lat="33.556376"><ele>86.500422</ele><time>2024-05-24T10:55:07Z</time><extensions><speed>1.493378</speed><course>249.359437</course><hAcc>2.019373</hAcc><vAcc>1.117939</vAcc></extensions></trkpt>
      <trkpt lon="-82.146700" lat="33.556370"><ele>86.543737</ele><time>2024-05-24T10:55:08Z</time><extensions><speed>1.416382</speed><course>248.752547</course><hAcc>2.012263</hAcc><vAcc>1.114888</vAcc></extensions></trkpt>
      <trkpt lon="-82.146713" lat="33.556366"><ele>86.586988</ele><time>2024-05-24T10:55:09Z</time><extensions><speed>1.327018</speed><course>252.457582</course><hAcc>2.052267</hAcc><vAcc>1.112189</vAcc></extensions></trkpt>
      <trkpt lon="-82.146725" lat="33.556363"><ele>86.633589</ele><time>2024-05-24T10:55:10Z</time><extensions><speed>1.223912</speed><course>261.876750</course><hAcc>2.055260</hAcc><vAcc>1.109615</vAcc></extensions></trkpt>
      <trkpt lon="-82.146737" lat="33.556361"><ele>86.683007</ele><time>2024-05-24T10:55:11Z</time><extensions><speed>1.158895</speed><course>260.431200</course><hAcc>2.018632</hAcc><vAcc>1.107023</vAcc></extensions></trkpt>
      <trkpt lon="-82.146748" lat="33.556358"><ele>86.732068</ele><time>2024-05-24T10:55:12Z</time><extensions><speed>1.104770</speed><course>257.527136</course><hAcc>2.001368</hAcc><vAcc>1.104377</vAcc></extensions></trkpt>
      <trkpt lon="-82.146759" lat="33.556356"><ele>86.777576</ele><time>2024-05-24T10:55:13Z</time><extensions><speed>1.077067</speed><course>256.437994</course><hAcc>2.004277</hAcc><vAcc>1.101596</vAcc></extensions></trkpt>
      <trkpt lon="-82.146771" lat="33.556353"><ele>86.828560</ele><time>2024-05-24T10:55:14Z</time><extensions><speed>1.040624</speed><course>255.854359</course><hAcc>2.010518</hAcc><vAcc>1.098591</vAcc></extensions></trkpt>
      <trkpt lon="-82.146782" lat="33.556351"><ele>86.875984</ele><time>2024-05-24T10:55:15Z</time><extensions><speed>1.000209</speed><course>255.337497</course><hAcc>2.010900</hAcc><vAcc>1.095315</vAcc></extensions></trkpt>
      <trkpt lon="-82.146792" lat="33.556348"><ele>86.926565</ele><time>2024-05-24T10:55:16Z</time><extensions><speed>0.984459</speed><course>253.146447</course><hAcc>2.009086</hAcc><vAcc>1.091727</vAcc></extensions></trkpt>
      <trkpt lon="-82.146802" lat="33.556345"><ele>86.977882</ele><time>2024-05-24T10:55:17Z</time><extensions><speed>0.945005</speed><course>252.761322</course><hAcc>2.001210</hAcc><vAcc>1.087894</vAcc></extensions></trkpt>
      <trkpt lon="-82.146813" lat="33.556342"><ele>87.030256</ele><time>2024-05-24T10:55:18Z</time><extensions><speed>0.955900</speed><course>255.057195</course><hAcc>1.989476</hAcc><vAcc>1.084050</vAcc></extensions></trkpt>
      <trkpt lon="-82.146824" lat="33.556339"><ele>87.081235</ele><time>2024-05-24T10:55:19Z</time><extensions><speed>0.961313</speed><course>254.296126</course><hAcc>1.963002</hAcc><vAcc>1.080317</vAcc></extensions></trkpt>
      <trkpt lon="-82.146834" lat="33.556336"><ele>87.133168</ele><time>2024-05-24T10:55:20Z</time><extensions><speed>0.965513</speed><course>256.366528</course><hAcc>1.937691</hAcc><vAcc>1.076756</vAcc></extensions></trkpt>
      <trkpt lon="-82.146845" lat="33.556333"><ele>87.185205</ele><time>2024-05-24T10:55:21Z</time><extensions><speed>0.992244</speed><course>257.066814</course><hAcc>1.924936</hAcc><vAcc>1.073390</vAcc></extensions></trkpt>
      <trkpt lon="-82.146856" lat="33.556331"><ele>87.235639</ele><time>2024-05-24T10:55:22Z</time><extensions><speed>0.995805</speed><course>262.821939</course><hAcc>1.947106</hAcc><vAcc>1.070314</vAcc></extensions></trkpt>
      <trkpt lon="-82.146868" lat="33.556329"><ele>87.285331</ele><time>2024-05-24T10:55:23Z</time><extensions><speed>1.124659</speed><course>267.169874</course><hAcc>1.896075</hAcc><vAcc>1.067686</vAcc></extensions></trkpt>
      <trkpt lon="-82.146880" lat="33.556328"><ele>87.327734</ele><time>2024-05-24T10:55:24Z</time><extensions><speed>1.115865</speed><course>275.387321</course><hAcc>1.895102</hAcc><vAcc>1.065592</vAcc></extensions></trkpt>
      <trkpt lon="-82.146892" lat="33.556328"><ele>87.362271</ele><time>2024-05-24T10:55:25Z</time><extensions><speed>1.217634</speed><course>270.168911</course><hAcc>1.850154</hAcc><vAcc>1.064033</vAcc></extensions></trkpt>
      <trkpt lon="-82.146905" lat="33.556328"><ele>87.400152</ele><time>2024-05-24T10:55:26Z</time><extensions><speed>1.232167</speed><course>272.718716</course><hAcc>1.846361</hAcc><vAcc>1.063032</vAcc></extensions></trkpt>
      <trkpt lon="-82.146918" lat="33.556328"><ele>87.435254</ele><time>2024-05-24T10:55:27Z</time><extensions><speed>1.195002</speed><course>276.894198</course><hAcc>1.883612</hAcc><vAcc>1.062567</vAcc></extensions></trkpt>
      <trkpt lon="-82.146931" lat="33.556328"><ele>87.468769</ele><time>2024-05-24T10:55:28Z</time><extensions><speed>1.265022</speed><course>269.992406</course><hAcc>1.842072</hAcc><vAcc>1.062491</vAcc></extensions></trkpt>
      <trkpt lon="-82.146944" lat="33.556327"><ele>87.499202</ele><time>2024-05-24T10:55:29Z</time><extensions><speed>1.277289</speed><course>267.235614</course><hAcc>1.853487</hAcc><vAcc>1.062688</vAcc></extensions></trkpt>
      <trkpt lon="-82.146957" lat="33.556326"><ele>87.529854</ele><time>2024-05-24T10:55:30Z</time><extensions><speed>1.281416</speed><course>273.235324</course><hAcc>1.905815</hAcc><vAcc>1.063048</vAcc></extensions></trkpt>
      <trkpt lon="-82.146970" lat="33.556325"><ele>87.562013</ele><time>2024-05-24T10:55:31Z</time><extensions><speed>1.251974</speed><course>265.863347</course><hAcc>1.862976</hAcc><vAcc>1.063412</vAcc></extensions></trkpt>
      <trkpt lon="-82.146982" lat="33.556324"><ele>87.597785</ele><time>2024-05-24T10:55:32Z</time><extensions><speed>1.221611</speed><course>261.611502</course><hAcc>1.864904</hAcc><vAcc>1.063595</vAcc></extensions></trkpt>
      <trkpt lon="-82.146994" lat="33.556321"><ele>87.633856</ele><time>2024-05-24T10:55:33Z</time><extensions><speed>1.182022</speed><course>258.642903</course><hAcc>1.894200</hAcc><vAcc>1.063526</vAcc></extensions></trkpt>
      <trkpt lon="-82.147005" lat="33.556318"><ele>87.668739</ele><time>2024-05-24T10:55:34Z</time><extensions><speed>1.120631</speed><course>253.701213</course><hAcc>1.923517</hAcc><vAcc>1.063097</vAcc></extensions></trkpt>
      <trkpt lon="-82.147016" lat="33.556314"><ele>87.707069</ele><time>2024-05-24T10:55:35Z</time><extensions><speed>1.092430</speed><course>245.901533</course><hAcc>1.947001</hAcc><vAcc>1.062243</vAcc></extensions></trkpt>
      <trkpt lon="-82.147025" lat="33.556309"><ele>87.748225</ele><time>2024-05-24T10:55:36Z</time><extensions><speed>1.072005</speed><course>237.472203</course><hAcc>1.953172</hAcc><vAcc>1.060924</vAcc></extensions></trkpt>
      <trkpt lon="-82.147033" lat="33.556303"><ele>87.791042</ele><time>2024-05-24T10:55:37Z</time><extensions><speed>1.002089</speed><course>232.722333</course><hAcc>1.950269</hAcc><vAcc>1.059157</vAcc></extensions></trkpt>
      <trkpt lon="-82.147040" lat="33.556297"><ele>87.834029</ele><time>2024-05-24T10:55:38Z</time><extensions><speed>1.014787</speed><course>222.139377</course><hAcc>1.948335</hAcc><vAcc>1.056945</vAcc></extensions></trkpt>
      <trkpt lon="-82.147046" lat="33.556289"><ele>87.877589</ele><time>2024-05-24T10:55:39Z</time><extensions><speed>1.054690</speed><course>208.721488</course><hAcc>1.944971</hAcc><vAcc>1.054287</vAcc></extensions></trkpt>
      <trkpt lon="-82.147049" lat="33.556279"><ele>87.921132</ele><time>2024-05-24T10:55:40Z</time><extensions><speed>1.149928</speed><course>189.769955</course><hAcc>1.931060</hAcc><vAcc>1.051236</vAcc></extensions></trkpt>
      <trkpt lon="-82.147050" lat="33.556268"><ele>87.963786</ele><time>2024-05-24T10:55:41Z</time><extensions><speed>1.181210</speed><course>185.896670</course><hAcc>1.919565</hAcc><vAcc>1.047807</vAcc></extensions></trkpt>
      <trkpt lon="-82.147050" lat="33.556257"><ele>88.007142</ele><time>2024-05-24T10:55:42Z</time><extensions><speed>1.114543</speed><course>190.186837</course><hAcc>1.932858</hAcc><vAcc>1.044036</vAcc></extensions></trkpt>
      <trkpt lon="-82.147051" lat="33.556247"><ele>88.049303</ele><time>2024-05-24T10:55:43Z</time><extensions><speed>1.155629</speed><course>189.005433</course><hAcc>1.880390</hAcc><vAcc>1.039979</vAcc></extensions></trkpt>
      <trkpt lon="-82.147052" lat="33.556237"><ele>88.092854</ele><time>2024-05-24T10:55:44Z</time><extensions><speed>1.138642</speed><course>189.017641</course><hAcc>1.859341</hAcc><vAcc>1.035716</vAcc></extensions></trkpt>
      <trkpt lon="-82.147053" lat="33.556227"><ele>88.136687</ele><time>2024-05-24T10:55:45Z</time><extensions><speed>1.081262</speed><course>193.786352</course><hAcc>1.872706</hAcc><vAcc>1.031305</vAcc></extensions></trkpt>
      <trkpt lon="-82.147053" lat="33.556217"><ele>88.181947</ele><time>2024-05-24T10:55:46Z</time><extensions><speed>1.131300</speed><course>184.904587</course><hAcc>1.810513</hAcc><vAcc>1.026792</vAcc></extensions></trkpt>
      <trkpt lon="-82.147053" lat="33.556206"><ele>88.229893</ele><time>2024-05-24T10:55:47Z</time><extensions><speed>1.149871</speed><course>183.810930</course><hAcc>1.795235</hAcc><vAcc>1.022232</vAcc></extensions></trkpt>
      <trkpt lon="-82.147053" lat="33.556196"><ele>88.278847</ele><time>2024-05-24T10:55:48Z</time><extensions><speed>1.108582</speed><course>193.968597</course><hAcc>1.822688</hAcc><vAcc>1.017656</vAcc></extensions></trkpt>
      <trkpt lon="-82.147054" lat="33.556186"><ele>88.329299</ele><time>2024-05-24T10:55:49Z</time><extensions><speed>1.128712</speed><course>187.164485</course><hAcc>1.775433</hAcc><vAcc>1.013135</vAcc></extensions></trkpt>
      <trkpt lon="-82.147054" lat="33.556176"><ele>88.383374</ele><time>2024-05-24T10:55:50Z</time><extensions><speed>1.128193</speed><course>193.452270</course><hAcc>1.787071</hAcc><vAcc>1.008761</vAcc></extensions></trkpt>
      <trkpt lon="-82.147055" lat="33.556165"><ele>88.438282</ele><time>2024-05-24T10:55:51Z</time><extensions><speed>1.132824</speed><course>184.420931</course><hAcc>1.736442</hAcc><vAcc>1.004560</vAcc></extensions></trkpt>
      <trkpt lon="-82.147055" lat="33.556155"><ele>88.497164</ele><time>2024-05-24T10:55:52Z</time><extensions><speed>1.122613</speed><course>184.590818</course><hAcc>1.735531</hAcc><vAcc>1.000560</vAcc></extensions></trkpt>
      <trkpt lon="-82.147056" lat="33.556145"><ele>88.562140</ele><time>2024-05-24T10:55:53Z</time><extensions><speed>1.114446</speed><course>195.970217</course><hAcc>1.758179</hAcc><vAcc>0.996795</vAcc></extensions></trkpt>
      <trkpt lon="-82.147057" lat="33.556135"><ele>88.630668</ele><time>2024-05-24T10:55:54Z</time><extensions><speed>1.076454</speed><course>189.124587</course><hAcc>1.721796</hAcc><vAcc>0.993280</vAcc></extensions></trkpt>
      <trkpt lon="-82.147058" lat="33.556126"><ele>88.701802</ele><time>2024-05-24T10:55:55Z</time><extensions><speed>1.076525</speed><course>194.828013</course><hAcc>1.736043</hAcc><vAcc>0.990075</vAcc></extensions></trkpt>
      <trkpt lon="-82.147059" lat="33.556116"><ele>88.773255</ele><time>2024-05-24T10:55:56Z</time><extensions><speed>1.104947</speed><course>183.816247</course><hAcc>1.690539</hAcc><vAcc>0.987195</vAcc></extensions></trkpt>
      <trkpt lon="-82.147058" lat="33.556106"><ele>88.845369</ele><time>2024-05-24T10:55:57Z</time><extensions><speed>1.125010</speed><course>182.524239</course><hAcc>1.699160</hAcc><vAcc>0.984729</vAcc></extensions></trkpt>
      <trkpt lon="-82.147059" lat="33.556096"><ele>88.917771</ele><time>2024-05-24T10:55:58Z</time><extensions><speed>1.129094</speed><course>193.443853</course><hAcc>1.740168</hAcc><vAcc>0.982674</vAcc></extensions></trkpt>
      <trkpt lon="-82.147060" lat="33.556085"><ele>88.989734</ele><time>2024-05-24T10:55:59Z</time><extensions><speed>1.129252</speed><course>184.472211</course><hAcc>1.703276</hAcc><vAcc>0.981037</vAcc></extensions></trkpt>
      <trkpt lon="-82.147060" lat="33.556075"><ele>89.057612</ele><time>2024-05-24T10:56:00Z</time><extensions><speed>1.129316</speed><course>193.070960</course><hAcc>1.732752</hAcc><vAcc>0.979823</vAcc></extensions></trkpt>
      <trkpt lon="-82.147061" lat="33.556065"><ele>89.122211</ele><time>2024-05-24T10:56:01Z</time><extensions><speed>1.128579</speed><course>186.281990</course><hAcc>1.695198</hAcc><vAcc>0.978997</vAcc></extensions></trkpt>
      <trkpt lon="-82.147061" lat="33.556054"><ele>89.181577</ele><time>2024-05-24T10:56:02Z</time><extensions><speed>1.142581</speed><course>186.536483</course><hAcc>1.708590</hAcc><vAcc>0.978493</vAcc></extensions></trkpt>
      <trkpt lon="-82.147062" lat="33.556044"><ele>89.239934</ele><time>2024-05-24T10:56:03Z</time><extensions><speed>1.157959</speed><course>189.499147</course><hAcc>1.739039</hAcc><vAcc>0.978294</vAcc></extensions></trkpt>
      <trkpt lon="-82.147062" lat="33.556033"><ele>89.295033</ele><time>2024-05-24T10:56:04Z</time><extensions><speed>1.132423</speed><course>183.114159</course><hAcc>1.713102</hAcc><vAcc>0.978410</vAcc></extensions></trkpt>
      <trkpt lon="-82.147061" lat="33.556023"><ele>89.345323</ele><time>2024-05-24T10:56:05Z</time><extensions><speed>1.137258</speed><course>180.701642</course><hAcc>1.727306</hAcc><vAcc>0.978826</vAcc></extensions></trkpt>
      <trkpt lon="-82.147060" lat="33.556012"><ele>89.391823</ele><time>2024-05-24T10:56:06Z</time><extensions><speed>1.135543</speed><course>181.616794</course><hAcc>1.758573</hAcc><vAcc>0.979406</vAcc></extensions></trkpt>
      <trkpt lon="-82.147058" lat="33.556001"><ele>89.440191</ele><time>2024-05-24T10:56:07Z</time><extensions><speed>1.186187</speed><course>177.145398</course><hAcc>1.742301</hAcc><vAcc>0.980097</vAcc></extensions></trkpt>
      <trkpt lon="-82.147056" lat="33.555990"><ele>89.490271</ele><time>2024-05-24T10:56:08Z</time><extensions><speed>1.202347</speed><course>176.348191</course><hAcc>1.765334</hAcc><vAcc>0.980884</vAcc></extensions></trkpt>
      <trkpt lon="-82.147054" lat="33.555979"><ele>89.540555</ele><time>2024-05-24T10:56:09Z</time><extensions><speed>1.201063</speed><course>178.265616</course><hAcc>1.760313</hAcc><vAcc>0.981690</vAcc></extensions></trkpt>
      <trkpt lon="-82.147052" lat="33.555968"><ele>89.588193</ele><time>2024-05-24T10:56:10Z</time><extensions><speed>1.216992</speed><course>175.913201</course><hAcc>1.771134</hAcc><vAcc>0.982504</vAcc></extensions></trkpt>
      <trkpt lon="-82.147049" lat="33.555957"><ele>89.632379</ele><time>2024-05-24T10:56:11Z</time><extensions><speed>1.255408</speed><course>169.830330</course><hAcc>1.783407</hAcc><vAcc>0.983213</vAcc></extensions></trkpt>
      <trkpt lon="-82.147044" lat="33.555945"><ele>89.676081</ele><time>2024-05-24T10:56:12Z</time><extensions><speed>1.363928</speed><course>164.092789</course><hAcc>1.770037</hAcc><vAcc>0.983821</vAcc></extensions></trkpt>
      <trkpt lon="-82.147039" lat="33.555933"><ele>89.717303</ele><time>2024-05-24T10:56:13Z</time><extensions><speed>1.254508</speed><course>177.596159</course><hAcc>1.810192</hAcc><vAcc>0.984327</vAcc></extensions></trkpt>
      <trkpt lon="-82.147036" lat="33.555922"><ele>89.763395</ele><time>2024-05-24T10:56:14Z</time><extensions><speed>1.302666</speed><course>171.031956</course><hAcc>1.775112</hAcc><vAcc>0.984705</vAcc></extensions></trkpt>
      <trkpt lon="-82.147032" lat="33.555910"><ele>89.809137</ele><time>2024-05-24T10:56:15Z</time><extensions><speed>1.330816</speed><course>167.403977</course><hAcc>1.772044</hAcc><vAcc>0.984990</vAcc></extensions></trkpt>
      <trkpt lon="-82.147027" lat="33.555898"><ele>89.855550</ele><time>2024-05-24T10:56:16Z</time><extensions><speed>1.271315</speed><course>171.794961</course><hAcc>1.800345</hAcc><vAcc>0.985195</vAcc></extensions></trkpt>
      <trkpt lon="-82.147023" lat="33.555886"><ele>89.902124</ele><time>2024-05-24T10:56:17Z</time><extensions><speed>1.346033</speed><course>167.902671</course><hAcc>1.762637</hAcc><vAcc>0.985410</vAcc></extensions></trkpt>
      <trkpt lon="-82.147018" lat="33.555875"><ele>89.948187</ele><time>2024-05-24T10:56:18Z</time><extensions><speed>1.333875</speed><course>170.366396</course><hAcc>1.764750</hAcc><vAcc>0.985708</vAcc></extensions></trkpt>
      <trkpt lon="-82.147015" lat="33.555863"><ele>89.994296</ele><time>2024-05-24T10:56:19Z</time><extensions><speed>1.285096</speed><course>181.538414</course><hAcc>1.791133</hAcc><vAcc>0.986133</vAcc></extensions></trkpt>
      <trkpt lon="-82.147013" lat="33.555852"><ele>90.030962</ele><time>2024-05-24T10:56:20Z</time><extensions><speed>1.296598</speed><course>171.517153</course><hAcc>1.750606</hAcc><vAcc>0.986805</vAcc></extensions></trkpt>
      <trkpt lon="-82.147009" lat="33.555840"><ele>90.059499</ele><time>2024-05-24T10:56:21Z</time><extensions><speed>1.277625</speed><course>173.273455</course><hAcc>1.762207</hAcc><vAcc>0.987799</vAcc></extensions></trkpt>
      <trkpt lon="-82.147006" lat="33.555829"><ele>90.083335</ele><time>2024-05-24T10:56:22Z</time><extensions><speed>1.322728</speed><course>166.125207</course><hAcc>1.725409</hAcc><vAcc>0.989159</vAcc></extensions></trkpt>
      <trkpt lon="-82.147001" lat="33.555817"><ele>90.103206</ele><time>2024-05-24T10:56:23Z</time><extensions><speed>1.318611</speed><course>166.524704</course><hAcc>1.734356</hAcc><vAcc>0.990899</vAcc></extensions></trkpt>
      <trkpt lon="-82.146998" lat="33.555806"><ele>90.118559</ele><time>2024-05-24T10:56:24Z</time><extensions><speed>1.274932</speed><course>178.405312</course><hAcc>1.767528</hAcc><vAcc>0.993045</vAcc></extensions></trkpt>
      <trkpt lon="-82.146997" lat="33.555794"><ele>90.130617</ele><time>2024-05-24T10:56:25Z</time><extensions><speed>1.259480</speed><course>181.274106</course><hAcc>1.747479</hAcc><vAcc>0.995514</vAcc></extensions></trkpt>
      <trkpt lon="-82.146996" lat="33.555782"><ele>90.137252</ele><time>2024-05-24T10:56:26Z</time><extensions><speed>1.293846</speed><course>180.219776</course><hAcc>1.754358</hAcc><vAcc>0.998254</vAcc></extensions></trkpt>
      <trkpt lon="-82.146993" lat="33.555771"><ele>90.141100</ele><time>2024-05-24T10:56:27Z</time><extensions><speed>1.296969</speed><course>168.499659</course><hAcc>1.718435</hAcc><vAcc>1.001182</vAcc></extensions></trkpt>
      <trkpt lon="-82.146989" lat="33.555759"><ele>90.146092</ele><time>2024-05-24T10:56:28Z</time><extensions><speed>1.317035</speed><course>162.028130</course><hAcc>1.729369</hAcc><vAcc>1.004232</vAcc></extensions></trkpt>
      <trkpt lon="-82.146982" lat="33.555748"><ele>90.148436</ele><time>2024-05-24T10:56:29Z</time><extensions><speed>1.351745</speed><course>152.708930</course><hAcc>1.753088</hAcc><vAcc>1.007296</vAcc></extensions></trkpt>
      <trkpt lon="-82.146975" lat="33.555738"><ele>90.150671</ele><time>2024-05-24T10:56:30Z</time><extensions><speed>1.286839</speed><course>159.850047</course><hAcc>1.769934</hAcc><vAcc>1.010294</vAcc></extensions></trkpt>
      <trkpt lon="-82.146969" lat="33.555727"><ele>90.155205</ele><time>2024-05-24T10:56:31Z</time><extensions><speed>1.237918</speed><course>167.357682</course><hAcc>1.800943</hAcc><vAcc>1.013120</vAcc></extensions></trkpt>
      <trkpt lon="-82.146965" lat="33.555717"><ele>90.162944</ele><time>2024-05-24T10:56:32Z</time><extensions><speed>1.270929</speed><course>165.125236</course><hAcc>1.765715</hAcc><vAcc>1.015653</vAcc></extensions></trkpt>
      <trkpt lon="-82.146960" lat="33.555706"><ele>90.171868</ele><time>2024-05-24T10:56:33Z</time><extensions><speed>1.265206</speed><course>166.318192</course><hAcc>1.772631</hAcc><vAcc>1.017773</vAcc></extensions></trkpt>
      <trkpt lon="-82.146956" lat="33.555695"><ele>90.183197</ele><time>2024-05-24T10:56:34Z</time><extensions><speed>1.257326</speed><course>172.158255</course><hAcc>1.795806</hAcc><vAcc>1.019370</vAcc></extensions></trkpt>
      <trkpt lon="-82.146953" lat="33.555685"><ele>90.196070</ele><time>2024-05-24T10:56:35Z</time><extensions><speed>1.232638</speed><course>172.297364</course><hAcc>1.759259</hAcc><vAcc>1.020424</vAcc></extensions></trkpt>
      <trkpt lon="-82.146950" lat="33.555674"><ele>90.208949</ele><time>2024-05-24T10:56:36Z</time><extensions><speed>1.213345</speed><course>177.487719</course><hAcc>1.758709</hAcc><vAcc>1.020863</vAcc></extensions></trkpt>
      <trkpt lon="-82.146949" lat="33.555663"><ele>90.222395</ele><time>2024-05-24T10:56:37Z</time><extensions><speed>1.268233</speed><course>186.422999</course><hAcc>1.781729</hAcc><vAcc>1.020690</vAcc></extensions></trkpt>
      <trkpt lon="-82.146950" lat="33.555653"><ele>90.234548</ele><time>2024-05-24T10:56:38Z</time><extensions><speed>1.172284</speed><course>191.919754</course><hAcc>1.758659</hAcc><vAcc>1.019980</vAcc></extensions></trkpt>
      <trkpt lon="-82.146952" lat="33.555642"><ele>90.244547</ele><time>2024-05-24T10:56:39Z</time><extensions><speed>1.255192</speed><course>194.555658</course><hAcc>1.761191</hAcc><vAcc>1.018805</vAcc></extensions></trkpt>
      <trkpt lon="-82.146954" lat="33.555632"><ele>90.252955</ele><time>2024-05-24T10:56:40Z</time><extensions><speed>1.109814</speed><course>190.479269</course><hAcc>1.723474</hAcc><vAcc>1.017221</vAcc></extensions></trkpt>
      <trkpt lon="-82.146955" lat="33.555622"><ele>90.257613</ele><time>2024-05-24T10:56:41Z</time><extensions><speed>1.067957</speed><course>190.333510</course><hAcc>1.729750</hAcc><vAcc>1.015278</vAcc></extensions></trkpt>
      <trkpt lon="-82.146956" lat="33.555613"><ele>90.258768</ele><time>2024-05-24T10:56:42Z</time><extensions><speed>1.114087</speed><course>197.228009</course><hAcc>1.764799</hAcc><vAcc>1.013008</vAcc></extensions></trkpt>
      <trkpt lon="-82.146958" lat="33.555603"><ele>90.258502</ele><time>2024-05-24T10:56:43Z</time><extensions><speed>1.019594</speed><course>193.270217</course><hAcc>1.738405</hAcc><vAcc>1.010466</vAcc></extensions></trkpt>
      <trkpt lon="-82.146960" lat="33.555594"><ele>90.256590</ele><time>2024-05-24T10:56:44Z</time><extensions><speed>1.082642</speed><course>198.149395</course><hAcc>1.760952</hAcc><vAcc>1.007725</vAcc></extensions></trkpt>
      <trkpt lon="-82.146961" lat="33.555585"><ele>90.253303</ele><time>2024-05-24T10:56:45Z</time><extensions><speed>1.003629</speed><course>188.745884</course><hAcc>1.716689</hAcc><vAcc>1.004834</vAcc></extensions></trkpt>
      <trkpt lon="-82.146962" lat="33.555576"><ele>90.249037</ele><time>2024-05-24T10:56:46Z</time><extensions><speed>1.020517</speed><course>187.755505</course><hAcc>1.727673</hAcc><vAcc>1.001846</vAcc></extensions></trkpt>
      <trkpt lon="-82.146963" lat="33.555566"><ele>90.236633</ele><time>2024-05-24T10:56:47Z</time><extensions><speed>1.106001</speed><course>192.120099</course><hAcc>1.763146</hAcc><vAcc>0.998943</vAcc></extensions></trkpt>
      <trkpt lon="-82.146963" lat="33.555556"><ele>90.224923</ele><time>2024-05-24T10:56:48Z</time><extensions><speed>1.106520</speed><course>184.961968</course><hAcc>1.739459</hAcc><vAcc>0.996255</vAcc></extensions></trkpt>
      <trkpt lon="-82.146964" lat="33.555545"><ele>90.214851</ele><time>2024-05-24T10:56:49Z</time><extensions><speed>1.128199</speed><course>189.261169</course><hAcc>1.764787</hAcc><vAcc>0.993883</vAcc></extensions></trkpt>
      <trkpt lon="-82.146964" lat="33.555535"><ele>90.203483</ele><time>2024-05-24T10:56:50Z</time><extensions><speed>1.141779</speed><course>182.586830</course><hAcc>1.733123</hAcc><vAcc>0.991881</vAcc></extensions></trkpt>
      <trkpt lon="-82.146963" lat="33.555524"><ele>90.193689</ele><time>2024-05-24T10:56:51Z</time><extensions><speed>1.170763</speed><course>183.410548</course><hAcc>1.745235</hAcc><vAcc>0.990349</vAcc></extensions></trkpt>
      <trkpt lon="-82.146963" lat="33.555514"><ele>90.184920</ele><time>2024-05-24T10:56:52Z</time><extensions><speed>1.182403</speed><course>188.005201</course><hAcc>1.778887</hAcc><vAcc>0.989374</vAcc></extensions></trkpt>
      <trkpt lon="-82.146963" lat="33.555503"><ele>90.180592</ele><time>2024-05-24T10:56:53Z</time><extensions><speed>1.182221</speed><course>183.139024</course><hAcc>1.745824</hAcc><vAcc>0.989026</vAcc></extensions></trkpt>
      <trkpt lon="-82.146962" lat="33.555492"><ele>90.180102</ele><time>2024-05-24T10:56:54Z</time><extensions><speed>1.188510</speed><course>181.253450</course><hAcc>1.753177</hAcc><vAcc>0.989346</vAcc></extensions></trkpt>
      <trkpt lon="-82.146961" lat="33.555481"><ele>90.176339</ele><time>2024-05-24T10:56:55Z</time><extensions><speed>1.210346</speed><course>180.850198</course><hAcc>1.784271</hAcc><vAcc>0.990290</vAcc></extensions></trkpt>
      <trkpt lon="-82.146961" lat="33.555470"><ele>90.168979</ele><time>2024-05-24T10:56:56Z</time><extensions><speed>1.190889</speed><course>185.445144</course><hAcc>1.784830</hAcc><vAcc>0.991859</vAcc></extensions></trkpt>
      <trkpt lon="-82.146962" lat="33.555460"><ele>90.156507</ele><time>2024-05-24T10:56:57Z</time><extensions><speed>1.246457</speed><course>194.023278</course><hAcc>1.811737</hAcc><vAcc>0.994011</vAcc></extensions></trkpt>
      <trkpt lon="-82.146963" lat="33.555449"><ele>90.143255</ele><time>2024-05-24T10:56:58Z</time><extensions><speed>1.229799</speed><course>185.509882</course><hAcc>1.762925</hAcc><vAcc>0.996651</vAcc></extensions></trkpt>
      <trkpt lon="-82.146964" lat="33.555438"><ele>90.127891</ele><time>2024-05-24T10:56:59Z</time><extensions><speed>1.218698</speed><course>185.844594</course><hAcc>1.768746</hAcc><vAcc>0.999661</vAcc></extensions></trkpt>
      <trkpt lon="-82.146966" lat="33.555426"><ele>90.113237</ele><time>2024-05-24T10:57:00Z</time><extensions><speed>1.238666</speed><course>192.916923</course><hAcc>1.811162</hAcc><vAcc>1.002895</vAcc></extensions></trkpt>
      <trkpt lon="-82.146968" lat="33.555415"><ele>90.104413</ele><time>2024-05-24T10:57:01Z</time><extensions><speed>1.206426</speed><course>189.893715</course><hAcc>1.785969</hAcc><vAcc>1.006234</vAcc></extensions></trkpt>
      <trkpt lon="-82.146969" lat="33.555404"><ele>90.099040</ele><time>2024-05-24T10:57:02Z</time><extensions><speed>1.230616</speed><course>188.324229</course><hAcc>1.791142</hAcc><vAcc>1.009536</vAcc></extensions></trkpt>
      <trkpt lon="-82.146971" lat="33.555393"><ele>90.093546</ele><time>2024-05-24T10:57:03Z</time><extensions><speed>1.207725</speed><course>188.305096</course><hAcc>1.767839</hAcc><vAcc>1.012618</vAcc></extensions></trkpt>
      <trkpt lon="-82.146973" lat="33.555381"><ele>90.085587</ele><time>2024-05-24T10:57:04Z</time><extensions><speed>1.209165</speed><course>188.732557</course><hAcc>1.774158</hAcc><vAcc>1.015373</vAcc></extensions></trkpt>
      <trkpt lon="-82.146975" lat="33.555370"><ele>90.077972</ele><time>2024-05-24T10:57:05Z</time><extensions><speed>1.196905</speed><course>193.565754</course><hAcc>1.800044</hAcc><vAcc>1.017678</vAcc></extensions></trkpt>
      <trkpt lon="-82.146978" lat="33.555359"><ele>90.069043</ele><time>2024-05-24T10:57:06Z</time><extensions><speed>1.212236</speed><course>192.667939</course><hAcc>1.761991</hAcc><vAcc>1.019458</vAcc></extensions></trkpt>
      <trkpt lon="-82.146980" lat="33.555348"><ele>90.060635</ele><time>2024-05-24T10:57:07Z</time><extensions><speed>1.210524</speed><course>192.067261</course><hAcc>1.764632</hAcc><vAcc>1.020670</vAcc></extensions></trkpt>
      <trkpt lon="-82.146983" lat="33.555337"><ele>90.057562</ele><time>2024-05-24T10:57:08Z</time><extensions><speed>1.169484</speed><course>196.359398</course><hAcc>1.793364</hAcc><vAcc>1.021239</vAcc></extensions></trkpt>
      <trkpt lon="-82.146987" lat="33.555326"><ele>90.056308</ele><time>2024-05-24T10:57:09Z</time><extensions><speed>1.241779</speed><course>196.712401</course><hAcc>1.754618</hAcc><vAcc>1.021200</vAcc></extensions></trkpt>
      <trkpt lon="-82.146990" lat="33.555315"><ele>90.056375</ele><time>2024-05-24T10:57:10Z</time><extensions><speed>1.242229</speed><course>199.387329</course><hAcc>1.770480</hAcc><vAcc>1.020589</vAcc></extensions></trkpt>
      <trkpt lon="-82.146994" lat="33.555303"><ele>90.059625</ele><time>2024-05-24T10:57:11Z</time><extensions><speed>1.351760</speed><course>195.738357</course><hAcc>1.726402</hAcc><vAcc>1.019451</vAcc></extensions></trkpt>
      <trkpt lon="-82.146998" lat="33.555291"><ele>90.064886</ele><time>2024-05-24T10:57:12Z</time><extensions><speed>1.386132</speed><course>196.944091</course><hAcc>1.735629</hAcc><vAcc>1.017814</vAcc></extensions></trkpt>
      <trkpt lon="-82.147002" lat="33.555279"><ele>90.071649</ele><time>2024-05-24T10:57:13Z</time><extensions><speed>1.338163</speed><course>202.024692</course><hAcc>1.769367</hAcc><vAcc>1.015746</vAcc></extensions></trkpt>
      <trkpt lon="-82.147006" lat="33.555266"><ele>90.078258</ele><time>2024-05-24T10:57:14Z</time><extensions><speed>1.416293</speed><course>197.400169</course><hAcc>1.730833</hAcc><vAcc>1.013336</vAcc></extensions></trkpt>
      <trkpt lon="-82.147009" lat="33.555253"><ele>90.087099</ele><time>2024-05-24T10:57:15Z</time><extensions><speed>1.359938</speed><course>194.518051</course><hAcc>1.749215</hAcc><vAcc>1.010634</vAcc></extensions></trkpt>
      <trkpt lon="-82.147011" lat="33.555240"><ele>90.095525</ele><time>2024-05-24T10:57:16Z</time><extensions><speed>1.480142</speed><course>186.349686</course><hAcc>1.717621</hAcc><vAcc>1.007714</vAcc></extensions></trkpt>
      <trkpt lon="-82.147013" lat="33.555226"><ele>90.102415</ele><time>2024-05-24T10:57:17Z</time><extensions><speed>1.526605</speed><course>187.427021</course><hAcc>1.716988</hAcc><vAcc>1.004657</vAcc></extensions></trkpt>
      <trkpt lon="-82.147015" lat="33.555213"><ele>90.104713</ele><time>2024-05-24T10:57:18Z</time><extensions><speed>1.418495</speed><course>197.315168</course><hAcc>1.761102</hAcc><vAcc>1.001513</vAcc></extensions></trkpt>
      <trkpt lon="-82.147018" lat="33.555199"><ele>90.105540</ele><time>2024-05-24T10:57:19Z</time><extensions><speed>1.483851</speed><course>191.790278</course><hAcc>1.736845</hAcc><vAcc>0.998336</vAcc></extensions></trkpt>
      <trkpt lon="-82.147020" lat="33.555186"><ele>90.105635</ele><time>2024-05-24T10:57:20Z</time><extensions><speed>1.406674</speed><course>187.327002</course><hAcc>1.737309</hAcc><vAcc>0.995177</vAcc></extensions></trkpt>
      <trkpt lon="-82.147021" lat="33.555173"><ele>90.105351</ele><time>2024-05-24T10:57:21Z</time><extensions><speed>1.534961</speed><course>181.128762</course><hAcc>1.703517</hAcc><vAcc>0.992049</vAcc></extensions></trkpt>
      <trkpt lon="-82.147021" lat="33.555159"><ele>90.105492</ele><time>2024-05-24T10:57:22Z</time><extensions><speed>1.523611</speed><course>186.080372</course><hAcc>1.726968</hAcc><vAcc>0.988989</vAcc></extensions></trkpt>
      <trkpt lon="-82.147023" lat="33.555146"><ele>90.108191</ele><time>2024-05-24T10:57:23Z</time><extensions><speed>1.433333</speed><course>189.674253</course><hAcc>1.745539</hAcc><vAcc>0.986016</vAcc></extensions></trkpt>
      <trkpt lon="-82.147025" lat="33.555132"><ele>90.110418</ele><time>2024-05-24T10:57:24Z</time><extensions><speed>1.528885</speed><course>188.590891</course><hAcc>1.714395</hAcc><vAcc>0.983155</vAcc></extensions></trkpt>
      <trkpt lon="-82.147029" lat="33.555119"><ele>90.112734</ele><time>2024-05-24T10:57:25Z</time><extensions><speed>1.485112</speed><course>194.355939</course><hAcc>1.745396</hAcc><vAcc>0.980406</vAcc></extensions></trkpt>
      <trkpt lon="-82.147032" lat="33.555106"><ele>90.118710</ele><time>2024-05-24T10:57:26Z</time><extensions><speed>1.525833</speed><course>195.236320</course><hAcc>1.717917</hAcc><vAcc>0.977774</vAcc></extensions></trkpt>
      <trkpt lon="-82.147036" lat="33.555092"><ele>90.129915</ele><time>2024-05-24T10:57:27Z</time><extensions><speed>1.527362</speed><course>191.970334</course><hAcc>1.715422</hAcc><vAcc>0.975254</vAcc></extensions></trkpt>
      <trkpt lon="-82.147039" lat="33.555079"><ele>90.148285</ele><time>2024-05-24T10:57:28Z</time><extensions><speed>1.478169</speed><course>194.535067</course><hAcc>1.760333</hAcc><vAcc>0.972887</vAcc></extensions></trkpt>
      <trkpt lon="-82.147043" lat="33.555066"><ele>90.168152</ele><time>2024-05-24T10:57:29Z</time><extensions><speed>1.496068</speed><course>194.617053</course><hAcc>1.727200</hAcc><vAcc>0.970696</vAcc></extensions></trkpt>
      <trkpt lon="-82.147046" lat="33.555053"><ele>90.189174</ele><time>2024-05-24T10:57:30Z</time><extensions><speed>1.480013</speed><course>191.042800</course><hAcc>1.725880</hAcc><vAcc>0.968689</vAcc></extensions></trkpt>
      <trkpt lon="-82.147049" lat="33.555040"><ele>90.213622</ele><time>2024-05-24T10:57:31Z</time><extensions><speed>1.406663</speed><course>192.754286</course><hAcc>1.764792</hAcc><vAcc>0.966866</vAcc></extensions></trkpt>
      <trkpt lon="-82.147052" lat="33.555028"><ele>90.239563</ele><time>2024-05-24T10:57:32Z</time><extensions><speed>1.395339</speed><course>201.554758</course><hAcc>1.772343</hAcc><vAcc>0.965309</vAcc></extensions></trkpt>
      <trkpt lon="-82.147057" lat="33.555016"><ele>90.265428</ele><time>2024-05-24T10:57:33Z</time><extensions><speed>1.412231</speed><course>202.173432</course><hAcc>1.776144</hAcc><vAcc>0.964053</vAcc></extensions></trkpt>
      <trkpt lon="-82.147062" lat="33.555004"><ele>90.292546</ele><time>2024-05-24T10:57:34Z</time><extensions><speed>1.394894</speed><course>202.292351</course><hAcc>1.756843</hAcc><vAcc>0.963122</vAcc></extensions></trkpt>
      <trkpt lon="-82.147067" lat="33.554992"><ele>90.319142</ele><time>2024-05-24T10:57:35Z</time><extensions><speed>1.397260</speed><course>203.797318</course><hAcc>1.788418</hAcc><vAcc>0.962527</vAcc></extensions></trkpt>
      <trkpt lon="-82.147072" lat="33.554980"><ele>90.343191</ele><time>2024-05-24T10:57:36Z</time><extensions><speed>1.414918</speed><course>204.198696</course><hAcc>1.815178</hAcc><vAcc>0.962251</vAcc></extensions></trkpt>
      <trkpt lon="-82.147078" lat="33.554969"><ele>90.366142</ele><time>2024-05-24T10:57:37Z</time><extensions><speed>1.379217</speed><course>211.185081</course><hAcc>1.780714</hAcc><vAcc>0.962275</vAcc></extensions></trkpt>
      <trkpt lon="-82.147085" lat="33.554958"><ele>90.390786</ele><time>2024-05-24T10:57:38Z</time><extensions><speed>1.410181</speed><course>212.414466</course><hAcc>1.774858</hAcc><vAcc>0.962568</vAcc></extensions></trkpt>
      <trkpt lon="-82.147091" lat="33.554947"><ele>90.416965</ele><time>2024-05-24T10:57:39Z</time><extensions><speed>1.346856</speed><course>206.554389</course><hAcc>1.742715</hAcc><vAcc>0.963081</vAcc></extensions></trkpt>
      <trkpt lon="-82.147096" lat="33.554936"><ele>90.441283</ele><time>2024-05-24T10:57:40Z</time><extensions><speed>1.339363</speed><course>206.397725</course><hAcc>1.763691</hAcc><vAcc>0.963764</vAcc></extensions></trkpt>
      <trkpt lon="-82.147103" lat="33.554925"><ele>90.462685</ele><time>2024-05-24T10:57:41Z</time><extensions><speed>1.372847</speed><course>211.592246</course><hAcc>1.805253</hAcc><vAcc>0.964578</vAcc></extensions></trkpt>
      <trkpt lon="-82.147109" lat="33.554914"><ele>90.483601</ele><time>2024-05-24T10:57:42Z</time><extensions><speed>1.349046</speed><course>209.484925</course><hAcc>1.776737</hAcc><vAcc>0.965474</vAcc></extensions></trkpt>
      <trkpt lon="-82.147115" lat="33.554902"><ele>90.498997</ele><time>2024-05-24T10:57:43Z</time><extensions><speed>1.382646</speed><course>201.880154</course><hAcc>1.762419</hAcc><vAcc>0.966411</vAcc></extensions></trkpt>
      <trkpt lon="-82.147120" lat="33.554890"><ele>90.511757</ele><time>2024-05-24T10:57:44Z</time><extensions><speed>1.332282</speed><course>203.033392</course><hAcc>1.735789</hAcc><vAcc>0.967321</vAcc></extensions></trkpt>
      <trkpt lon="-82.147125" lat="33.554879"><ele>90.522686</ele><time>2024-05-24T10:57:45Z</time><extensions><speed>1.291828</speed><course>208.897042</course><hAcc>1.750104</hAcc><vAcc>0.968142</vAcc></extensions></trkpt>
      <trkpt lon="-82.147133" lat="33.554869"><ele>90.534893</ele><time>2024-05-24T10:57:46Z</time><extensions><speed>1.330500</speed><course>220.532102</course><hAcc>1.791030</hAcc><vAcc>0.968831</vAcc></extensions></trkpt>
      <trkpt lon="-82.147141" lat="33.554859"><ele>90.546188</ele><time>2024-05-24T10:57:47Z</time><extensions><speed>1.305671</speed><course>216.640608</course><hAcc>1.753832</hAcc><vAcc>0.969354</vAcc></extensions></trkpt>
      <trkpt lon="-82.147148" lat="33.554849"><ele>90.557049</ele><time>2024-05-24T10:57:48Z</time><extensions><speed>1.327544</speed><course>210.611912</course><hAcc>1.737280</hAcc><vAcc>0.969702</vAcc></extensions></trkpt>
      <trkpt lon="-82.147154" lat="33.554839"><ele>90.566387</ele><time>2024-05-24T10:57:49Z</time><extensions><speed>1.363744</speed><course>206.520622</course><hAcc>1.739845</hAcc><vAcc>0.969867</vAcc></extensions></trkpt>
      <trkpt lon="-82.147161" lat="33.554828"><ele>90.574283</ele><time>2024-05-24T10:57:50Z</time><extensions><speed>1.329552</speed><course>213.968318</course><hAcc>1.739835</hAcc><vAcc>0.969857</vAcc></extensions></trkpt>
      <trkpt lon="-82.147169" lat="33.554818"><ele>90.584848</ele><time>2024-05-24T10:57:51Z</time><extensions><speed>1.357970</speed><course>217.609063</course><hAcc>1.741166</hAcc><vAcc>0.969668</vAcc></extensions></trkpt>
      <trkpt lon="-82.147176" lat="33.554809"><ele>90.596537</ele><time>2024-05-24T10:57:52Z</time><extensions><speed>1.335592</speed><course>217.966915</course><hAcc>1.706774</hAcc><vAcc>0.969312</vAcc></extensions></trkpt>
      <trkpt lon="-82.147184" lat="33.554799"><ele>90.606812</ele><time>2024-05-24T10:57:53Z</time><extensions><speed>1.346434</speed><course>212.837068</course><hAcc>1.688471</hAcc><vAcc>0.968813</vAcc></extensions></trkpt>
      <trkpt lon="-82.147191" lat="33.554789"><ele>90.615845</ele><time>2024-05-24T10:57:54Z</time><extensions><speed>1.402821</speed><course>214.408132</course><hAcc>1.719363</hAcc><vAcc>0.968198</vAcc></extensions></trkpt>
      <trkpt lon="-82.147199" lat="33.554778"><ele>90.626967</ele><time>2024-05-24T10:57:55Z</time><extensions><speed>1.360117</speed><course>215.517728</course><hAcc>1.693201</hAcc><vAcc>0.967501</vAcc></extensions></trkpt>
      <trkpt lon="-82.147207" lat="33.554769"><ele>90.642236</ele><time>2024-05-24T10:57:56Z</time><extensions><speed>1.386310</speed><course>221.960152</course><hAcc>1.695749</hAcc><vAcc>0.966735</vAcc></extensions></trkpt>
      <trkpt lon="-82.147216" lat="33.554760"><ele>90.661357</ele><time>2024-05-24T10:57:57Z</time><extensions><speed>1.266666</speed><course>219.584655</course><hAcc>1.660048</hAcc><vAcc>0.965889</vAcc></extensions></trkpt>
      <trkpt lon="-82.147224" lat="33.554752"><ele>90.683109</ele><time>2024-05-24T10:57:58Z</time><extensions><speed>1.240599</speed><course>224.164794</course><hAcc>1.686862</hAcc><vAcc>0.964999</vAcc></extensions></trkpt>
      <trkpt lon="-82.147233" lat="33.554743"><ele>90.707700</ele><time>2024-05-24T10:57:59Z</time><extensions><speed>1.311010</speed><course>223.059572</course><hAcc>1.697835</hAcc><vAcc>0.964060</vAcc></extensions></trkpt>
      <trkpt lon="-82.147241" lat="33.554735"><ele>90.734872</ele><time>2024-05-24T10:58:00Z</time><extensions><speed>1.188386</speed><course>221.522579</course><hAcc>1.665294</hAcc><vAcc>0.963070</vAcc></extensions></trkpt>
      <trkpt lon="-82.147249" lat="33.554727"><ele>90.764425</ele><time>2024-05-24T10:58:01Z</time><extensions><speed>1.160122</speed><course>225.421195</course><hAcc>1.687340</hAcc><vAcc>0.962024</vAcc></extensions></trkpt>
      <trkpt lon="-82.147257" lat="33.554720"><ele>90.799436</ele><time>2024-05-24T10:58:02Z</time><extensions><speed>1.231293</speed><course>222.512794</course><hAcc>1.710385</hAcc><vAcc>0.960929</vAcc></extensions></trkpt>
      <trkpt lon="-82.147265" lat="33.554712"><ele>90.838698</ele><time>2024-05-24T10:58:03Z</time><extensions><speed>1.157329</speed><course>219.497917</course><hAcc>1.687026</hAcc><vAcc>0.959794</vAcc></extensions></trkpt>
      <trkpt lon="-82.147272" lat="33.554703"><ele>90.883804</ele><time>2024-05-24T10:58:04Z</time><extensions><speed>1.220664</speed><course>221.475796</course><hAcc>1.698327</hAcc><vAcc>0.958621</vAcc></extensions></trkpt>
      <trkpt lon="-82.147280" lat="33.554695"><ele>90.934879</ele><time>2024-05-24T10:58:05Z</time><extensions><speed>1.123970</speed><course>217.253936</course><hAcc>1.659710</hAcc><vAcc>0.957389</vAcc></extensions></trkpt>
      <trkpt lon="-82.147287" lat="33.554687"><ele>90.988336</ele><time>2024-05-24T10:58:06Z</time><extensions><speed>1.127261</speed><course>216.738919</course><hAcc>1.677586</hAcc><vAcc>0.956127</vAcc></extensions></trkpt>
      <trkpt lon="-82.147294" lat="33.554679"><ele>91.045128</ele><time>2024-05-24T10:58:07Z</time><extensions><speed>1.206354</speed><course>219.517516</course><hAcc>1.713264</hAcc><vAcc>0.954806</vAcc></extensions></trkpt>
      <trkpt lon="-82.147301" lat="33.554671"><ele>91.103903</ele><time>2024-05-24T10:58:08Z</time><extensions><speed>1.126384</speed><course>216.542949</course><hAcc>1.693415</hAcc><vAcc>0.953422</vAcc></extensions></trkpt>
      <trkpt lon="-82.147309" lat="33.554663"><ele>91.169033</ele><time>2024-05-24T10:58:09Z</time><extensions><speed>1.185384</speed><course>218.912880</course><hAcc>1.717776</hAcc><vAcc>0.951982</vAcc></extensions></trkpt>
      <trkpt lon="-82.147316" lat="33.554655"><ele>91.235640</ele><time>2024-05-24T10:58:10Z</time><extensions><speed>1.106791</speed><course>215.192439</course><hAcc>1.672008</hAcc><vAcc>0.950470</vAcc></extensions></trkpt>
      <trkpt lon="-82.147323" lat="33.554647"><ele>91.304079</ele><time>2024-05-24T10:58:11Z</time><extensions><speed>1.109439</speed><course>215.308653</course><hAcc>1.689729</hAcc><vAcc>0.948906</vAcc></extensions></trkpt>
      <trkpt lon="-82.147330" lat="33.554639"><ele>91.371780</ele><time>2024-05-24T10:58:12Z</time><extensions><speed>1.173633</speed><course>218.949659</course><hAcc>1.730263</hAcc><vAcc>0.947299</vAcc></extensions></trkpt>
      <trkpt lon="-82.147337" lat="33.554631"><ele>91.443626</ele><time>2024-05-24T10:58:13Z</time><extensions><speed>1.124108</speed><course>216.030174</course><hAcc>1.695828</hAcc><vAcc>0.945674</vAcc></extensions></trkpt>
      <trkpt lon="-82.147345" lat="33.554623"><ele>91.519721</ele><time>2024-05-24T10:58:14Z</time><extensions><speed>1.175962</speed><course>217.413923</course><hAcc>1.717778</hAcc><vAcc>0.944069</vAcc></extensions></trkpt>
      <trkpt lon="-82.147352" lat="33.554616"><ele>91.595774</ele><time>2024-05-24T10:58:15Z</time><extensions><speed>1.120846</speed><course>221.720958</course><hAcc>1.677929</hAcc><vAcc>0.942585</vAcc></extensions></trkpt>
      <trkpt lon="-82.147360" lat="33.554609"><ele>91.678461</ele><time>2024-05-24T10:58:16Z</time><extensions><speed>1.140448</speed><course>226.238763</course><hAcc>1.688844</hAcc><vAcc>0.941370</vAcc></extensions></trkpt>
      <trkpt lon="-82.147370" lat="33.554602"><ele>91.767990</ele><time>2024-05-24T10:58:17Z</time><extensions><speed>1.236400</speed><course>233.687160</course><hAcc>1.721788</hAcc><vAcc>0.940632</vAcc></extensions></trkpt>
      <trkpt lon="-82.147380" lat="33.554596"><ele>91.859836</ele><time>2024-05-24T10:58:18Z</time><extensions><speed>1.174649</speed><course>237.233029</course><hAcc>1.686298</hAcc><vAcc>0.940521</vAcc></extensions></trkpt>
      <trkpt lon="-82.147390" lat="33.554591"><ele>91.951541</ele><time>2024-05-24T10:58:19Z</time><extensions><speed>1.150454</speed><course>239.280164</course><hAcc>1.689293</hAcc><vAcc>0.941147</vAcc></extensions></trkpt>
      <trkpt lon="-82.147401" lat="33.554586"><ele>92.042597</ele><time>2024-05-24T10:58:20Z</time><extensions><speed>1.197823</speed><course>239.041484</course><hAcc>1.729709</hAcc><vAcc>0.942508</vAcc></extensions></trkpt>
      <trkpt lon="-82.147411" lat="33.554581"><ele>92.134521</ele><time>2024-05-24T10:58:21Z</time><extensions><speed>1.147151</speed><course>241.349082</course><hAcc>1.696368</hAcc><vAcc>0.944666</vAcc></extensions></trkpt>
      <trkpt lon="-82.147422" lat="33.554576"><ele>92.226293</ele><time>2024-05-24T10:58:22Z</time><extensions><speed>1.205561</speed><course>239.563358</course><hAcc>1.717518</hAcc><vAcc>0.947613</vAcc></extensions></trkpt>
      <trkpt lon="-82.147433" lat="33.554571"><ele>92.319601</ele><time>2024-05-24T10:58:23Z</time><extensions><speed>1.150908</speed><course>240.131722</course><hAcc>1.687962</hAcc><vAcc>0.951353</vAcc></extensions></trkpt>
      <trkpt lon="-82.147443" lat="33.554566"><ele>92.406466</ele><time>2024-05-24T10:58:24Z</time><extensions><speed>1.141900</speed><course>242.078367</course><hAcc>1.688926</hAcc><vAcc>0.955805</vAcc></extensions></trkpt>
      <trkpt lon="-82.147454" lat="33.554562"><ele>92.492456</ele><time>2024-05-24T10:58:25Z</time><extensions><speed>1.210621</speed><course>242.992140</course><hAcc>1.727327</hAcc><vAcc>0.960840</vAcc></extensions></trkpt>
      <trkpt lon="-82.147466" lat="33.554557"><ele>92.579313</ele><time>2024-05-24T10:58:26Z</time><extensions><speed>1.127877</speed><course>243.853255</course><hAcc>1.701791</hAcc><vAcc>0.966310</vAcc></extensions></trkpt>
      <trkpt lon="-82.147477" lat="33.554553"><ele>92.667629</ele><time>2024-05-24T10:58:27Z</time><extensions><speed>1.162712</speed><course>242.941702</course><hAcc>1.728084</hAcc><vAcc>0.972007</vAcc></extensions></trkpt>
      <trkpt lon="-82.147488" lat="33.554549"><ele>92.752561</ele><time>2024-05-24T10:58:28Z</time><extensions><speed>1.066755</speed><course>245.841587</course><hAcc>1.682441</hAcc><vAcc>0.977723</vAcc></extensions></trkpt>
      <trkpt lon="-82.147498" lat="33.554546"><ele>92.837387</ele><time>2024-05-24T10:58:29Z</time><extensions><speed>1.052634</speed><course>246.250454</course><hAcc>1.702464</hAcc><vAcc>0.983198</vAcc></extensions></trkpt>
      <trkpt lon="-82.147509" lat="33.554542"><ele>92.917176</ele><time>2024-05-24T10:58:30Z</time><extensions><speed>1.137375</speed><course>243.689246</course><hAcc>1.762224</hAcc><vAcc>0.988224</vAcc></extensions></trkpt>
      <trkpt lon="-82.147520" lat="33.554538"><ele>92.993553</ele><time>2024-05-24T10:58:31Z</time><extensions><speed>1.092744</speed><course>245.293591</course><hAcc>1.728223</hAcc><vAcc>0.992629</vAcc></extensions></trkpt>
      <trkpt lon="-82.147530" lat="33.554534"><ele>93.070292</ele><time>2024-05-24T10:58:32Z</time><extensions><speed>1.141975</speed><course>243.060671</course><hAcc>1.746010</hAcc><vAcc>0.996311</vAcc></extensions></trkpt>
      <trkpt lon="-82.147541" lat="33.554529"><ele>93.148261</ele><time>2024-05-24T10:58:33Z</time><extensions><speed>1.081422</speed><course>244.636899</course><hAcc>1.699144</hAcc><vAcc>0.999204</vAcc></extensions></trkpt>
      <trkpt lon="-82.147551" lat="33.554525"><ele>93.224418</ele><time>2024-05-24T10:58:34Z</time><extensions><speed>1.077579</speed><course>243.966967</course><hAcc>1.710202</hAcc><vAcc>1.001272</vAcc></extensions></trkpt>
      <trkpt lon="-82.147561" lat="33.554521"><ele>93.303075</ele><time>2024-05-24T10:58:35Z</time><extensions><speed>1.126039</speed><course>240.517857</course><hAcc>1.750868</hAcc><vAcc>1.002509</vAcc></extensions></trkpt>
      <trkpt lon="-82.147572" lat="33.554516"><ele>93.378812</ele><time>2024-05-24T10:58:36Z</time><extensions><speed>1.130052</speed><course>242.264711</course><hAcc>1.706668</hAcc><vAcc>1.002968</vAcc></extensions></trkpt>
      <trkpt lon="-82.147582" lat="33.554511"><ele>93.453030</ele><time>2024-05-24T10:58:37Z</time><extensions><speed>1.148844</speed><course>241.683681</course><hAcc>1.711379</hAcc><vAcc>1.002694</vAcc></extensions></trkpt>
      <trkpt lon="-82.147593" lat="33.554506"><ele>93.523020</ele><time>2024-05-24T10:58:38Z</time><extensions><speed>1.184506</speed><course>239.741254</course><hAcc>1.739805</hAcc><vAcc>1.001771</vAcc></extensions></trkpt>
      <trkpt lon="-82.147604" lat="33.554500"><ele>93.590297</ele><time>2024-05-24T10:58:39Z</time><extensions><speed>1.168918</speed><course>240.147734</course><hAcc>1.708635</hAcc><vAcc>1.000337</vAcc></extensions></trkpt>
      <trkpt lon="-82.147616" lat="33.554495"><ele>93.659652</ele><time>2024-05-24T10:58:40Z</time><extensions><speed>1.187024</speed><course>239.627004</course><hAcc>1.729742</hAcc><vAcc>0.998489</vAcc></extensions></trkpt>
      <trkpt lon="-82.147626" lat="33.554489"><ele>93.731589</ele><time>2024-05-24T10:58:41Z</time><extensions><speed>1.153346</speed><course>238.799950</course><hAcc>1.681561</hAcc><vAcc>0.996330</vAcc></extensions></trkpt>
      <trkpt lon="-82.147637" lat="33.554484"><ele>93.802866</ele><time>2024-05-24T10:58:42Z</time><extensions><speed>1.140847</speed><course>238.108209</course><hAcc>1.699908</hAcc><vAcc>0.993976</vAcc></extensions></trkpt>
      <trkpt lon="-82.147647" lat="33.554478"><ele>93.874800</ele><time>2024-05-24T10:58:43Z</time><extensions><speed>1.146613</speed><course>238.021956</course><hAcc>1.742317</hAcc><vAcc>0.991486</vAcc></extensions></trkpt>
      <trkpt lon="-82.147657" lat="33.554472"><ele>93.947164</ele><time>2024-05-24T10:58:44Z</time><extensions><speed>1.144935</speed><course>237.408143</course><hAcc>1.706866</hAcc><vAcc>0.988955</vAcc></extensions></trkpt>
      <trkpt lon="-82.147667" lat="33.554467"><ele>94.019845</ele><time>2024-05-24T10:58:45Z</time><extensions><speed>1.161723</speed><course>238.901944</course><hAcc>1.726427</hAcc><vAcc>0.986441</vAcc></extensions></trkpt>
      <trkpt lon="-82.147678" lat="33.554461"><ele>94.092071</ele><time>2024-05-24T10:58:46Z</time><extensions><speed>1.189677</speed><course>239.158843</course><hAcc>1.682127</hAcc><vAcc>0.984021</vAcc></extensions></trkpt>
      <trkpt lon="-82.147688" lat="33.554455"><ele>94.163066</ele><time>2024-05-24T10:58:47Z</time><extensions><speed>1.196717</speed><course>238.695568</course><hAcc>1.691076</hAcc><vAcc>0.981750</vAcc></extensions></trkpt>
      <trkpt lon="-82.147699" lat="33.554449"><ele>94.232980</ele><time>2024-05-24T10:58:48Z</time><extensions><speed>1.219784</speed><course>239.686010</course><hAcc>1.742202</hAcc><vAcc>0.979715</vAcc></extensions></trkpt>
      <trkpt lon="-82.147710" lat="33.554444"><ele>94.301003</ele><time>2024-05-24T10:58:49Z</time><extensions><speed>1.245582</speed><course>240.148277</course><hAcc>1.720453</hAcc><vAcc>0.977972</vAcc></extensions></trkpt>
      <trkpt lon="-82.147722" lat="33.554438"><ele>94.370116</ele><time>2024-05-24T10:58:50Z</time><extensions><speed>1.264192</speed><course>239.774541</course><hAcc>1.724116</hAcc><vAcc>0.976559</vAcc></extensions></trkpt>
      <trkpt lon="-82.147733" lat="33.554433"><ele>94.436117</ele><time>2024-05-24T10:58:51Z</time><extensions><speed>1.229657</speed><course>236.922431</course><hAcc>1.685245</hAcc><vAcc>0.975518</vAcc></extensions></trkpt>
      <trkpt lon="-82.147744" lat="33.554427"><ele>94.500041</ele><time>2024-05-24T10:58:52Z</time><extensions><speed>1.201847</speed><course>237.489528</course><hAcc>1.703221</hAcc><vAcc>0.974846</vAcc></extensions></trkpt>
      <trkpt lon="-82.147755" lat="33.554421"><ele>94.563456</ele><time>2024-05-24T10:58:53Z</time><extensions><speed>1.215760</speed><course>243.295236</course><hAcc>1.752806</hAcc><vAcc>0.974501</vAcc></extensions></trkpt>
      <trkpt lon="-82.147766" lat="33.554417"><ele>94.622379</ele><time>2024-05-24T10:58:54Z</time><extensions><speed>1.136662</speed><course>240.618219</course><hAcc>1.700449</hAcc><vAcc>0.974477</vAcc></extensions></trkpt>
      <trkpt lon="-82.147776" lat="33.554412"><ele>94.678929</ele><time>2024-05-24T10:58:55Z</time><extensions><speed>1.130734</speed><course>241.233470</course><hAcc>1.720479</hAcc><vAcc>0.974746</vAcc></extensions></trkpt>
      <trkpt lon="-82.147786" lat="33.554407"><ele>94.733287</ele><time>2024-05-24T10:58:56Z</time><extensions><speed>1.186018</speed><course>241.186212</course><hAcc>1.774319</hAcc><vAcc>0.975276</vAcc></extensions></trkpt>
      <trkpt lon="-82.147797" lat="33.554402"><ele>94.785201</ele><time>2024-05-24T10:58:57Z</time><extensions><speed>1.153117</speed><course>240.014271</course><hAcc>1.749677</hAcc><vAcc>0.976000</vAcc></extensions></trkpt>
      <trkpt lon="-82.147808" lat="33.554396"><ele>94.834095</ele><time>2024-05-24T10:58:58Z</time><extensions><speed>1.193389</speed><course>238.515066</course><hAcc>1.765907</hAcc><vAcc>0.976848</vAcc></extensions></trkpt>
      <trkpt lon="-82.147818" lat="33.554391"><ele>94.880176</ele><time>2024-05-24T10:58:59Z</time><extensions><speed>1.167356</speed><course>239.232427</course><hAcc>1.716969</hAcc><vAcc>0.977737</vAcc></extensions></trkpt>
      <trkpt lon="-82.147829" lat="33.554386"><ele>94.926278</ele><time>2024-05-24T10:59:00Z</time><extensions><speed>1.174548</speed><course>241.564948</course><hAcc>1.727026</hAcc><vAcc>0.978643</vAcc></extensions></trkpt>
      <trkpt lon="-82.147841" lat="33.554380"><ele>94.976879</ele><time>2024-05-24T10:59:01Z</time><extensions><speed>1.231148</speed><course>242.233439</course><hAcc>1.764093</hAcc><vAcc>0.979476</vAcc></extensions></trkpt>
      <trkpt lon="-82.147852" lat="33.554375"><ele>95.028206</ele><time>2024-05-24T10:59:02Z</time><extensions><speed>1.151133</speed><course>241.650407</course><hAcc>1.730967</hAcc><vAcc>0.980169</vAcc></extensions></trkpt>
      <trkpt lon="-82.147863" lat="33.554371"><ele>95.077879</ele><time>2024-05-24T10:59:03Z</time><extensions><speed>1.160162</speed><course>243.908365</course><hAcc>1.757159</hAcc><vAcc>0.980670</vAcc></extensions></trkpt>
      <trkpt lon="-82.147874" lat="33.554366"><ele>95.129258</ele><time>2024-05-24T10:59:04Z</time><extensions><speed>1.118656</speed><course>243.754656</course><hAcc>1.712723</hAcc><vAcc>0.980944</vAcc></extensions></trkpt>
      <trkpt lon="-82.147884" lat="33.554362"><ele>95.180471</ele><time>2024-05-24T10:59:05Z</time><extensions><speed>1.115078</speed><course>244.473536</course><hAcc>1.725190</hAcc><vAcc>0.980966</vAcc></extensions></trkpt>
      <trkpt lon="-82.147895" lat="33.554358"><ele>95.228088</ele><time>2024-05-24T10:59:06Z</time><extensions><speed>1.165273</speed><course>244.886509</course><hAcc>1.773153</hAcc><vAcc>0.980717</vAcc></extensions></trkpt>
      <trkpt lon="-82.147906" lat="33.554354"><ele>95.274905</ele><time>2024-05-24T10:59:07Z</time><extensions><speed>1.130036</speed><course>243.965064</course><hAcc>1.723188</hAcc><vAcc>0.980211</vAcc></extensions></trkpt>
      <trkpt lon="-82.147917" lat="33.554349"><ele>95.321213</ele><time>2024-05-24T10:59:08Z</time><extensions><speed>1.128757</speed><course>243.089744</course><hAcc>1.732140</hAcc><vAcc>0.979462</vAcc></extensions></trkpt>
      <trkpt lon="-82.147928" lat="33.554345"><ele>95.367927</ele><time>2024-05-24T10:59:09Z</time><extensions><speed>1.204744</speed><course>243.089737</course><hAcc>1.778987</hAcc><vAcc>0.978537</vAcc></extensions></trkpt>
      <trkpt lon="-82.147940" lat="33.554340"><ele>95.414148</ele><time>2024-05-24T10:59:10Z</time><extensions><speed>1.187372</speed><course>243.745836</course><hAcc>1.740373</hAcc><vAcc>0.977479</vAcc></extensions></trkpt>
      <trkpt lon="-82.147952" lat="33.554336"><ele>95.459182</ele><time>2024-05-24T10:59:11Z</time><extensions><speed>1.226279</speed><course>244.361663</course><hAcc>1.754188</hAcc><vAcc>0.976350</vAcc></extensions></trkpt>
      <trkpt lon="-82.147964" lat="33.554332"><ele>95.504838</ele><time>2024-05-24T10:59:12Z</time><extensions><speed>1.191399</speed><course>247.297661</course><hAcc>1.724384</hAcc><vAcc>0.975193</vAcc></extensions></trkpt>
      <trkpt lon="-82.147976" lat="33.554329"><ele>95.550247</ele><time>2024-05-24T10:59:13Z</time><extensions><speed>1.183093</speed><course>248.979191</course><hAcc>1.735197</hAcc><vAcc>0.974028</vAcc></extensions></trkpt>
      <trkpt lon="-82.147988" lat="33.554325"><ele>95.596191</ele><time>2024-05-24T10:59:14Z</time><extensions><speed>1.162841</speed><course>248.118910</course><hAcc>1.764186</hAcc><vAcc>0.972937</vAcc></extensions></trkpt>
      <trkpt lon="-82.148000" lat="33.554322"><ele>95.637160</ele><time>2024-05-24T10:59:15Z</time><extensions><speed>1.126025</speed><course>251.722235</course><hAcc>1.723611</hAcc><vAcc>0.971959</vAcc></extensions></trkpt>
      <trkpt lon="-82.148011" lat="33.554319"><ele>95.671777</ele><time>2024-05-24T10:59:16Z</time><extensions><speed>1.126618</speed><course>249.800974</course><hAcc>1.744933</hAcc><vAcc>0.971230</vAcc></extensions></trkpt>
      <trkpt lon="-82.148023" lat="33.554316"><ele>95.708981</ele><time>2024-05-24T10:59:17Z</time><extensions><speed>1.147903</speed><course>253.163362</course><hAcc>1.701166</hAcc><vAcc>0.970787</vAcc></extensions></trkpt>
      <trkpt lon="-82.148034" lat="33.554313"><ele>95.740713</ele><time>2024-05-24T10:59:18Z</time><extensions><speed>1.157316</speed><course>254.557737</course><hAcc>1.712440</hAcc><vAcc>0.970740</vAcc></extensions></trkpt>
      <trkpt lon="-82.148046" lat="33.554310"><ele>95.775184</ele><time>2024-05-24T10:59:19Z</time><extensions><speed>1.157587</speed><course>253.716682</course><hAcc>1.750965</hAcc><vAcc>0.971174</vAcc></extensions></trkpt>
      <trkpt lon="-82.148059" lat="33.554308"><ele>95.809331</ele><time>2024-05-24T10:59:20Z</time><extensions><speed>1.204497</speed><course>258.353666</course><hAcc>1.716366</hAcc><vAcc>0.972169</vAcc></extensions></trkpt>
      <trkpt lon="-82.148072" lat="33.554306"><ele>95.844206</ele><time>2024-05-24T10:59:21Z</time><extensions><speed>1.247776</speed><course>256.792703</course><hAcc>1.734164</hAcc><vAcc>0.973698</vAcc></extensions></trkpt>
      <trkpt lon="-82.148085" lat="33.554304"><ele>95.878251</ele><time>2024-05-24T10:59:22Z</time><extensions><speed>1.241564</speed><course>259.620787</course><hAcc>1.691180</hAcc><vAcc>0.975703</vAcc></extensions></trkpt>
      <trkpt lon="-82.148098" lat="33.554302"><ele>95.911558</ele><time>2024-05-24T10:59:23Z</time><extensions><speed>1.233485</speed><course>258.657387</course><hAcc>1.717157</hAcc><vAcc>0.978130</vAcc></extensions></trkpt>
      <trkpt lon="-82.148112" lat="33.554300"><ele>95.940361</ele><time>2024-05-24T10:59:24Z</time><extensions><speed>1.218129</speed><course>257.705834</course><hAcc>1.740319</hAcc><vAcc>0.980883</vAcc></extensions></trkpt>
      <trkpt lon="-82.148125" lat="33.554298"><ele>95.968617</ele><time>2024-05-24T10:59:25Z</time><extensions><speed>1.180407</speed><course>257.538524</course><hAcc>1.698783</hAcc><vAcc>0.983863</vAcc></extensions></trkpt>
      <trkpt lon="-82.148137" lat="33.554296"><ele>95.998678</ele><time>2024-05-24T10:59:26Z</time><extensions><speed>1.162183</speed><course>257.818993</course><hAcc>1.702699</hAcc><vAcc>0.987015</vAcc></extensions></trkpt>
      <trkpt lon="-82.148150" lat="33.554295"><ele>96.024726</ele><time>2024-05-24T10:59:27Z</time><extensions><speed>1.158354</speed><course>257.821456</course><hAcc>1.742823</hAcc><vAcc>0.990246</vAcc></extensions></trkpt>
      <trkpt lon="-82.148163" lat="33.554293"><ele>96.042313</ele><time>2024-05-24T10:59:28Z</time><extensions><speed>1.159207</speed><course>259.428898</course><hAcc>1.731379</hAcc><vAcc>0.993560</vAcc></extensions></trkpt>
      <trkpt lon="-82.148176" lat="33.554292"><ele>96.055318</ele><time>2024-05-24T10:59:29Z</time><extensions><speed>1.141163</speed><course>258.774833</course><hAcc>1.753660</hAcc><vAcc>0.996961</vAcc></extensions></trkpt>
      <trkpt lon="-82.148189" lat="33.554291"><ele>96.064752</ele><time>2024-05-24T10:59:30Z</time><extensions><speed>1.202387</speed><course>262.380865</course><hAcc>1.712077</hAcc><vAcc>1.000506</vAcc></extensions></trkpt>
      <trkpt lon="-82.148202" lat="33.554290"><ele>96.075349</ele><time>2024-05-24T10:59:31Z</time><extensions><speed>1.227430</speed><course>262.501027</course><hAcc>1.716509</hAcc><vAcc>1.004168</vAcc></extensions></trkpt>
      <trkpt lon="-82.148216" lat="33.554289"><ele>96.084264</ele><time>2024-05-24T10:59:32Z</time><extensions><speed>1.186069</speed><course>261.628902</course><hAcc>1.745436</hAcc><vAcc>1.007860</vAcc></extensions></trkpt>
      <trkpt lon="-82.148229" lat="33.554287"><ele>96.086027</ele><time>2024-05-24T10:59:33Z</time><extensions><speed>1.224300</speed><course>256.999330</course><hAcc>1.732024</hAcc><vAcc>1.011579</vAcc></extensions></trkpt>
      <trkpt lon="-82.148241" lat="33.554285"><ele>96.084992</ele><time>2024-05-24T10:59:34Z</time><extensions><speed>1.202431</speed><course>249.414533</course><hAcc>1.760725</hAcc><vAcc>1.015284</vAcc></extensions></trkpt>
      <trkpt lon="-82.148254" lat="33.554282"><ele>96.079152</ele><time>2024-05-24T10:59:35Z</time><extensions><speed>1.236725</speed><course>248.289415</course><hAcc>1.738376</hAcc><vAcc>1.018872</vAcc></extensions></trkpt>
      <trkpt lon="-82.148266" lat="33.554279"><ele>96.066674</ele><time>2024-05-24T10:59:36Z</time><extensions><speed>1.284987</speed><course>254.392655</course><hAcc>1.724065</hAcc><vAcc>1.022352</vAcc></extensions></trkpt>
      <trkpt lon="-82.148280" lat="33.554276"><ele>96.050995</ele><time>2024-05-24T10:59:37Z</time><extensions><speed>1.279583</speed><course>250.833453</course><hAcc>1.769494</hAcc><vAcc>1.025714</vAcc></extensions></trkpt>
      <trkpt lon="-82.148293" lat="33.554273"><ele>96.031555</ele><time>2024-05-24T10:59:38Z</time><extensions><speed>1.291140</speed><course>255.904212</course><hAcc>1.745746</hAcc><vAcc>1.028955</vAcc></extensions></trkpt>
      <trkpt lon="-82.148307" lat="33.554271"><ele>96.007455</ele><time>2024-05-24T10:59:39Z</time><extensions><speed>1.282161</speed><course>258.169474</course><hAcc>1.760101</hAcc><vAcc>1.032076</vAcc></extensions></trkpt>
      <trkpt lon="-82.148321" lat="33.554269"><ele>95.980419</ele><time>2024-05-24T10:59:40Z</time><extensions><speed>1.296536</speed><course>262.210844</course><hAcc>1.740129</hAcc><vAcc>1.035005</vAcc></extensions></trkpt>
      <trkpt lon="-82.148335" lat="33.554268"><ele>95.950120</ele><time>2024-05-24T10:59:41Z</time><extensions><speed>1.306772</speed><course>264.834585</course><hAcc>1.764707</hAcc><vAcc>1.037687</vAcc></extensions></trkpt>
      <trkpt lon="-82.148349" lat="33.554267"><ele>95.912953</ele><time>2024-05-24T10:59:42Z</time><extensions><speed>1.303280</speed><course>266.086333</course><hAcc>1.800440</hAcc><vAcc>1.039981</vAcc></extensions></trkpt>
      <trkpt lon="-82.148363" lat="33.554266"><ele>95.868787</ele><time>2024-05-24T10:59:43Z</time><extensions><speed>1.260061</speed><course>261.421212</course><hAcc>1.795920</hAcc><vAcc>1.041791</vAcc></extensions></trkpt>
      <trkpt lon="-82.148376" lat="33.554265"><ele>95.824899</ele><time>2024-05-24T10:59:44Z</time><extensions><speed>1.227735</speed><course>261.731797</course><hAcc>1.808674</hAcc><vAcc>1.043140</vAcc></extensions></trkpt>
      <trkpt lon="-82.148389" lat="33.554263"><ele>95.777867</ele><time>2024-05-24T10:59:45Z</time><extensions><speed>1.212439</speed><course>258.933074</course><hAcc>1.845840</hAcc><vAcc>1.043928</vAcc></extensions></trkpt>
      <trkpt lon="-82.148403" lat="33.554261"><ele>95.727802</ele><time>2024-05-24T10:59:46Z</time><extensions><speed>1.214348</speed><course>262.769039</course><hAcc>1.807941</hAcc><vAcc>1.044126</vAcc></extensions></trkpt>
      <trkpt lon="-82.148416" lat="33.554260"><ele>95.673120</ele><time>2024-05-24T10:59:47Z</time><extensions><speed>1.196931</speed><course>263.407516</course><hAcc>1.823946</hAcc><vAcc>1.043735</vAcc></extensions></trkpt>
      <trkpt lon="-82.148429" lat="33.554259"><ele>95.616128</ele><time>2024-05-24T10:59:48Z</time><extensions><speed>1.253443</speed><course>266.637914</course><hAcc>1.773554</hAcc><vAcc>1.042773</vAcc></extensions></trkpt>
      <trkpt lon="-82.148443" lat="33.554258"><ele>95.560588</ele><time>2024-05-24T10:59:49Z</time><extensions><speed>1.283950</speed><course>266.087326</course><hAcc>1.769880</hAcc><vAcc>1.041217</vAcc></extensions></trkpt>
      <trkpt lon="-82.148457" lat="33.554256"><ele>95.505211</ele><time>2024-05-24T10:59:50Z</time><extensions><speed>1.251455</speed><course>262.605413</course><hAcc>1.800222</hAcc><vAcc>1.039084</vAcc></extensions></trkpt>
      <trkpt lon="-82.148471" lat="33.554255"><ele>95.449812</ele><time>2024-05-24T10:59:51Z</time><extensions><speed>1.281010</speed><course>261.892156</course><hAcc>1.762069</hAcc><vAcc>1.036409</vAcc></extensions></trkpt>
      <trkpt lon="-82.148484" lat="33.554253"><ele>95.397799</ele><time>2024-05-24T10:59:52Z</time><extensions><speed>1.242166</speed><course>262.219277</course><hAcc>1.773464</hAcc><vAcc>1.033236</vAcc></extensions></trkpt>
      <trkpt lon="-82.148498" lat="33.554251"><ele>95.350315</ele><time>2024-05-24T10:59:53Z</time><extensions><speed>1.292366</speed><course>262.009273</course><hAcc>1.730545</hAcc><vAcc>1.029652</vAcc></extensions></trkpt>
      <trkpt lon="-82.148512" lat="33.554249"><ele>95.307546</ele><time>2024-05-24T10:59:54Z</time><extensions><speed>1.309973</speed><course>260.522526</course><hAcc>1.732358</hAcc><vAcc>1.025695</vAcc></extensions></trkpt>
      <trkpt lon="-82.148525" lat="33.554247"><ele>95.269241</ele><time>2024-05-24T10:59:55Z</time><extensions><speed>1.272984</speed><course>260.035342</course><hAcc>1.760384</hAcc><vAcc>1.021462</vAcc></extensions></trkpt>
      <trkpt lon="-82.148539" lat="33.554245"><ele>95.235020</ele><time>2024-05-24T10:59:56Z</time><extensions><speed>1.297187</speed><course>259.415627</course><hAcc>1.726793</hAcc><vAcc>1.017075</vAcc></extensions></trkpt>
      <trkpt lon="-82.148552" lat="33.554243"><ele>95.204865</ele><time>2024-05-24T10:59:57Z</time><extensions><speed>1.285892</speed><course>258.637221</course><hAcc>1.717638</hAcc><vAcc>1.012628</vAcc></extensions></trkpt>
      <trkpt lon="-82.148565" lat="33.554241"><ele>95.176905</ele><time>2024-05-24T10:59:58Z</time><extensions><speed>1.303796</speed><course>258.055184</course><hAcc>1.686476</hAcc><vAcc>1.008196</vAcc></extensions></trkpt>
      <trkpt lon="-82.148579" lat="33.554239"><ele>95.150600</ele><time>2024-05-24T10:59:59Z</time><extensions><speed>1.306150</speed><course>258.161751</course><hAcc>1.682912</hAcc><vAcc>1.003860</vAcc></extensions></trkpt>
      <trkpt lon="-82.148593" lat="33.554236"><ele>95.127206</ele><time>2024-05-24T11:00:00Z</time><extensions><speed>1.326529</speed><course>258.167792</course><hAcc>1.691275</hAcc><vAcc>0.999642</vAcc></extensions></trkpt>
      <trkpt lon="-82.148607" lat="33.554234"><ele>95.110885</ele><time>2024-05-24T11:00:01Z</time><extensions><speed>1.294149</speed><course>258.977754</course><hAcc>1.657704</hAcc><vAcc>0.995602</vAcc></extensions></trkpt>
      <trkpt lon="-82.148621" lat="33.554232"><ele>95.096603</ele><time>2024-05-24T11:00:02Z</time><extensions><speed>1.282254</speed><course>259.572071</course><hAcc>1.651131</hAcc><vAcc>0.991784</vAcc></extensions></trkpt>
      <trkpt lon="-82.148634" lat="33.554230"><ele>95.079904</ele><time>2024-05-24T11:00:03Z</time><extensions><speed>1.279157</speed><course>259.227519</course><hAcc>1.687396</hAcc><vAcc>0.988228</vAcc></extensions></trkpt>
      <trkpt lon="-82.148648" lat="33.554228"><ele>95.065131</ele><time>2024-05-24T11:00:04Z</time><extensions><speed>1.254123</speed><course>257.502784</course><hAcc>1.663494</hAcc><vAcc>0.984993</vAcc></extensions></trkpt>
      <trkpt lon="-82.148661" lat="33.554225"><ele>95.050579</ele><time>2024-05-24T11:00:05Z</time><extensions><speed>1.225873</speed><course>256.187436</course><hAcc>1.670436</hAcc><vAcc>0.982085</vAcc></extensions></trkpt>
      <trkpt lon="-82.148675" lat="33.554223"><ele>95.036715</ele><time>2024-05-24T11:00:06Z</time><extensions><speed>1.218155</speed><course>259.618055</course><hAcc>1.631938</hAcc><vAcc>0.979505</vAcc></extensions></trkpt>
      <trkpt lon="-82.148688" lat="33.554221"><ele>95.021480</ele><time>2024-05-24T11:00:07Z</time><extensions><speed>1.216788</speed><course>260.644867</course><hAcc>1.653502</hAcc><vAcc>0.977224</vAcc></extensions></trkpt>
      <trkpt lon="-82.148701" lat="33.554219"><ele>95.007953</ele><time>2024-05-24T11:00:08Z</time><extensions><speed>1.182918</speed><course>261.294973</course><hAcc>1.691793</hAcc><vAcc>0.975229</vAcc></extensions></trkpt>
      <trkpt lon="-82.148713" lat="33.554217"><ele>94.992336</ele><time>2024-05-24T11:00:09Z</time><extensions><speed>1.204147</speed><course>261.230703</course><hAcc>1.675522</hAcc><vAcc>0.973494</vAcc></extensions></trkpt>
      <trkpt lon="-82.148726" lat="33.554216"><ele>94.974990</ele><time>2024-05-24T11:00:10Z</time><extensions><speed>1.199507</speed><course>260.964223</course><hAcc>1.703265</hAcc><vAcc>0.971988</vAcc></extensions></trkpt>
      <trkpt lon="-82.148738" lat="33.554214"><ele>94.956663</ele><time>2024-05-24T11:00:11Z</time><extensions><speed>1.239674</speed><course>261.185540</course><hAcc>1.662942</hAcc><vAcc>0.970695</vAcc></extensions></trkpt>
      <trkpt lon="-82.148751" lat="33.554212"><ele>94.936359</ele><time>2024-05-24T11:00:12Z</time><extensions><speed>1.248968</speed><course>259.793101</course><hAcc>1.675964</hAcc><vAcc>0.969624</vAcc></extensions></trkpt>
      <trkpt lon="-82.148764" lat="33.554209"><ele>94.913863</ele><time>2024-05-24T11:00:13Z</time><extensions><speed>1.238530</speed><course>255.698116</course><hAcc>1.711470</hAcc><vAcc>0.968828</vAcc></extensions></trkpt>
      <trkpt lon="-82.148776" lat="33.554206"><ele>94.886596</ele><time>2024-05-24T11:00:14Z</time><extensions><speed>1.264377</speed><course>252.539532</course><hAcc>1.676621</hAcc><vAcc>0.968311</vAcc></extensions></trkpt>
      <trkpt lon="-82.148789" lat="33.554203"><ele>94.856356</ele><time>2024-05-24T11:00:15Z</time><extensions><speed>1.268865</speed><course>253.681924</course><hAcc>1.697452</hAcc><vAcc>0.968155</vAcc></extensions></trkpt>
      <trkpt lon="-82.148802" lat="33.554199"><ele>94.818708</ele><time>2024-05-24T11:00:16Z</time><extensions><speed>1.276067</speed><course>254.521788</course><hAcc>1.680786</hAcc><vAcc>0.968306</vAcc></extensions></trkpt>
      <trkpt lon="-82.148815" lat="33.554196"><ele>94.780636</ele><time>2024-05-24T11:00:17Z</time><extensions><speed>1.266087</speed><course>256.721086</course><hAcc>1.684547</hAcc><vAcc>0.968803</vAcc></extensions></trkpt>
      <trkpt lon="-82.148829" lat="33.554193"><ele>94.741271</ele><time>2024-05-24T11:00:18Z</time><extensions><speed>1.261604</speed><course>258.588454</course><hAcc>1.703541</hAcc><vAcc>0.969699</vAcc></extensions></trkpt>
      <trkpt lon="-82.148841" lat="33.554191"><ele>94.697548</ele><time>2024-05-24T11:00:19Z</time><extensions><speed>1.192898</speed><course>257.464007</course><hAcc>1.672348</hAcc><vAcc>0.970966</vAcc></extensions></trkpt>
      <trkpt lon="-82.148854" lat="33.554188"><ele>94.651814</ele><time>2024-05-24T11:00:20Z</time><extensions><speed>1.158824</speed><course>257.071584</course><hAcc>1.691854</hAcc><vAcc>0.972614</vAcc></extensions></trkpt>
      <trkpt lon="-82.148866" lat="33.554185"><ele>94.604616</ele><time>2024-05-24T11:00:21Z</time><extensions><speed>1.102213</speed><course>256.783480</course><hAcc>1.725694</hAcc><vAcc>0.974588</vAcc></extensions></trkpt>
      <trkpt lon="-82.148877" lat="33.554182"><ele>94.552125</ele><time>2024-05-24T11:00:22Z</time><extensions><speed>1.090215</speed><course>252.192789</course><hAcc>1.704055</hAcc><vAcc>0.976800</vAcc></extensions></trkpt>
      <trkpt lon="-82.148888" lat="33.554179"><ele>94.499921</ele><time>2024-05-24T11:00:23Z</time><extensions><speed>1.102241</speed><course>253.913018</course><hAcc>1.732249</hAcc><vAcc>0.979188</vAcc></extensions></trkpt>
      <trkpt lon="-82.148900" lat="33.554175"><ele>94.447086</ele><time>2024-05-24T11:00:24Z</time><extensions><speed>1.136206</speed><course>246.914445</course><hAcc>1.689065</hAcc><vAcc>0.981668</vAcc></extensions></trkpt>
      <trkpt lon="-82.148911" lat="33.554170"><ele>94.395099</ele><time>2024-05-24T11:00:25Z</time><extensions><speed>1.193125</speed><course>245.392329</course><hAcc>1.699457</hAcc><vAcc>0.984126</vAcc></extensions></trkpt>
      <trkpt lon="-82.148923" lat="33.554166"><ele>94.345318</ele><time>2024-05-24T11:00:26Z</time><extensions><speed>1.202973</speed><course>247.702737</course><hAcc>1.747361</hAcc><vAcc>0.986466</vAcc></extensions></trkpt>
      <trkpt lon="-82.148935" lat="33.554162"><ele>94.299587</ele><time>2024-05-24T11:00:27Z</time><extensions><speed>1.210571</speed><course>246.436618</course><hAcc>1.722169</hAcc><vAcc>0.988596</vAcc></extensions></trkpt>
      <trkpt lon="-82.148947" lat="33.554157"><ele>94.256654</ele><time>2024-05-24T11:00:28Z</time><extensions><speed>1.196430</speed><course>248.737018</course><hAcc>1.751251</hAcc><vAcc>0.990495</vAcc></extensions></trkpt>
      <trkpt lon="-82.148960" lat="33.554153"><ele>94.218494</ele><time>2024-05-24T11:00:29Z</time><extensions><speed>1.238147</speed><course>245.988698</course><hAcc>1.713094</hAcc><vAcc>0.992110</vAcc></extensions></trkpt>
      <trkpt lon="-82.148972" lat="33.554149"><ele>94.187025</ele><time>2024-05-24T11:00:30Z</time><extensions><speed>1.278099</speed><course>245.039936</course><hAcc>1.720438</hAcc><vAcc>0.993422</vAcc></extensions></trkpt>
      <trkpt lon="-82.148985" lat="33.554144"><ele>94.159351</ele><time>2024-05-24T11:00:31Z</time><extensions><speed>1.258448</speed><course>244.521275</course><hAcc>1.755574</hAcc><vAcc>0.994418</vAcc></extensions></trkpt>
      <trkpt lon="-82.148998" lat="33.554140"><ele>94.134012</ele><time>2024-05-24T11:00:32Z</time><extensions><speed>1.270138</speed><course>244.414630</course><hAcc>1.764271</hAcc><vAcc>0.995088</vAcc></extensions></trkpt>
      <trkpt lon="-82.149010" lat="33.554135"><ele>94.110855</ele><time>2024-05-24T11:00:33Z</time><extensions><speed>1.241247</speed><course>241.923331</course><hAcc>1.789580</hAcc><vAcc>0.995432</vAcc></extensions></trkpt>
      <trkpt lon="-82.149022" lat="33.554130"><ele>94.093656</ele><time>2024-05-24T11:00:34Z</time><extensions><speed>1.272920</speed><course>242.678901</course><hAcc>1.761330</hAcc><vAcc>0.995457</vAcc></extensions></trkpt>
      <trkpt lon="-82.149035" lat="33.554125"><ele>94.084019</ele><time>2024-05-24T11:00:35Z</time><extensions><speed>1.274014</speed><course>244.071481</course><hAcc>1.773127</hAcc><vAcc>0.995176</vAcc></extensions></trkpt>
      <trkpt lon="-82.149047" lat="33.554120"><ele>94.083151</ele><time>2024-05-24T11:00:36Z</time><extensions><speed>1.263011</speed><course>244.479768</course><hAcc>1.792755</hAcc><vAcc>0.994621</vAcc></extensions></trkpt>
      <trkpt lon="-82.149060" lat="33.554116"><ele>94.091848</ele><time>2024-05-24T11:00:37Z</time><extensions><speed>1.250650</speed><course>246.114353</course><hAcc>1.790671</hAcc><vAcc>0.993814</vAcc></extensions></trkpt>
      <trkpt lon="-82.149073" lat="33.554112"><ele>94.110380</ele><time>2024-05-24T11:00:38Z</time><extensions><speed>1.250814</speed><course>247.375114</course><hAcc>1.800894</hAcc><vAcc>0.992796</vAcc></extensions></trkpt>
      <trkpt lon="-82.149086" lat="33.554108"><ele>94.131509</ele><time>2024-05-24T11:00:39Z</time><extensions><speed>1.247818</speed><course>247.968571</course><hAcc>1.821739</hAcc><vAcc>0.991639</vAcc></extensions></trkpt>
      <trkpt lon="-82.149099" lat="33.554104"><ele>94.159171</ele><time>2024-05-24T11:00:40Z</time><extensions><speed>1.273064</speed><course>250.041908</course><hAcc>1.792348</hAcc><vAcc>0.990348</vAcc></extensions></trkpt>
      <trkpt lon="-82.149112" lat="33.554101"><ele>94.190432</ele><time>2024-05-24T11:00:41Z</time><extensions><speed>1.258395</speed><course>250.894239</course><hAcc>1.794504</hAcc><vAcc>0.988952</vAcc></extensions></trkpt>
      <trkpt lon="-82.149125" lat="33.554097"><ele>94.226829</ele><time>2024-05-24T11:00:42Z</time><extensions><speed>1.294097</speed><course>250.717463</course><hAcc>1.764861</hAcc><vAcc>0.987427</vAcc></extensions></trkpt>
      <trkpt lon="-82.149139" lat="33.554093"><ele>94.265399</ele><time>2024-05-24T11:00:43Z</time><extensions><speed>1.300629</speed><course>250.164651</course><hAcc>1.775097</hAcc><vAcc>0.985773</vAcc></extensions></trkpt>
      <trkpt lon="-82.149152" lat="33.554089"><ele>94.305061</ele><time>2024-05-24T11:00:44Z</time><extensions><speed>1.262208</speed><course>247.826927</course><hAcc>1.809891</hAcc><vAcc>0.984021</vAcc></extensions></trkpt>
      <trkpt lon="-82.149165" lat="33.554085"><ele>94.345154</ele><time>2024-05-24T11:00:45Z</time><extensions><speed>1.288194</speed><course>247.495327</course><hAcc>1.785006</hAcc><vAcc>0.982174</vAcc></extensions></trkpt>
      <trkpt lon="-82.149178" lat="33.554081"><ele>94.386015</ele><time>2024-05-24T11:00:46Z</time><extensions><speed>1.267063</speed><course>246.816020</course><hAcc>1.781268</hAcc><vAcc>0.980241</vAcc></extensions></trkpt>
      <trkpt lon="-82.149191" lat="33.554077"><ele>94.425994</ele><time>2024-05-24T11:00:47Z</time><extensions><speed>1.299615</speed><course>249.292521</course><hAcc>1.741525</hAcc><vAcc>0.978232</vAcc></extensions></trkpt>
      <trkpt lon="-82.149204" lat="33.554073"><ele>94.462875</ele><time>2024-05-24T11:00:48Z</time><extensions><speed>1.300627</speed><course>250.614681</course><hAcc>1.742261</hAcc><vAcc>0.976155</vAcc></extensions></trkpt>
      <trkpt lon="-82.149218" lat="33.554069"><ele>94.497264</ele><time>2024-05-24T11:00:49Z</time><extensions><speed>1.271193</speed><course>250.904378</course><hAcc>1.761257</hAcc><vAcc>0.974016</vAcc></extensions></trkpt>
      <trkpt lon="-82.149231" lat="33.554065"><ele>94.532009</ele><time>2024-05-24T11:00:50Z</time><extensions><speed>1.298727</speed><course>250.242824</course><hAcc>1.737001</hAcc><vAcc>0.971855</vAcc></extensions></trkpt>
      <trkpt lon="-82.149245" lat="33.554062"><ele>94.566714</ele><time>2024-05-24T11:00:51Z</time><extensions><speed>1.297248</speed><course>250.096965</course><hAcc>1.741127</hAcc><vAcc>0.969690</vAcc></extensions></trkpt>
      <trkpt lon="-82.149258" lat="33.554058"><ele>94.601804</ele><time>2024-05-24T11:00:52Z</time><extensions><speed>1.261530</speed><course>248.126862</course><hAcc>1.765259</hAcc><vAcc>0.967558</vAcc></extensions></trkpt>
      <trkpt lon="-82.149272" lat="33.554055"><ele>94.639609</ele><time>2024-05-24T11:00:53Z</time><extensions><speed>1.313843</speed><course>250.973526</course><hAcc>1.728351</hAcc><vAcc>0.965470</vAcc></extensions></trkpt>
      <trkpt lon="-82.149286" lat="33.554052"><ele>94.679406</ele><time>2024-05-24T11:00:54Z</time><extensions><speed>1.295983</speed><course>250.536266</course><hAcc>1.729243</hAcc><vAcc>0.963460</vAcc></extensions></trkpt>
      <trkpt lon="-82.149300" lat="33.554049"><ele>94.718587</ele><time>2024-05-24T11:00:55Z</time><extensions><speed>1.321256</speed><course>251.171729</course><hAcc>1.696763</hAcc><vAcc>0.961571</vAcc></extensions></trkpt>
      <trkpt lon="-82.149313" lat="33.554045"><ele>94.756281</ele><time>2024-05-24T11:00:56Z</time><extensions><speed>1.296173</speed><course>251.295356</course><hAcc>1.693478</hAcc><vAcc>0.959811</vAcc></extensions></trkpt>
      <trkpt lon="-82.149327" lat="33.554042"><ele>94.794854</ele><time>2024-05-24T11:00:57Z</time><extensions><speed>1.248618</speed><course>251.365856</course><hAcc>1.701068</hAcc><vAcc>0.958186</vAcc></extensions></trkpt>
      <trkpt lon="-82.149340" lat="33.554039"><ele>94.832529</ele><time>2024-05-24T11:00:58Z</time><extensions><speed>1.312712</speed><course>254.045179</course><hAcc>1.666051</hAcc><vAcc>0.956698</vAcc></extensions></trkpt>
      <trkpt lon="-82.149354" lat="33.554036"><ele>94.871594</ele><time>2024-05-24T11:00:59Z</time><extensions><speed>1.302844</speed><course>251.796611</course><hAcc>1.690045</hAcc><vAcc>0.955366</vAcc></extensions></trkpt>
      <trkpt lon="-82.149368" lat="33.554033"><ele>94.909119</ele><time>2024-05-24T11:01:00Z</time><extensions><speed>1.331614</speed><course>255.850904</course><hAcc>1.659104</hAcc><vAcc>0.954178</vAcc></extensions></trkpt>
      <trkpt lon="-82.149382" lat="33.554031"><ele>94.947902</ele><time>2024-05-24T11:01:01Z</time><extensions><speed>1.334955</speed><course>257.381975</course><hAcc>1.678467</hAcc><vAcc>0.953142</vAcc></extensions></trkpt>
      <trkpt lon="-82.149396" lat="33.554028"><ele>94.989844</ele><time>2024-05-24T11:01:02Z</time><extensions><speed>1.287149</speed><course>254.202152</course><hAcc>1.713990</hAcc><vAcc>0.952237</vAcc></extensions></trkpt>
      <trkpt lon="-82.149411" lat="33.554026"><ele>95.034730</ele><time>2024-05-24T11:01:03Z</time><extensions><speed>1.373192</speed><course>258.826746</course><hAcc>1.673625</hAcc><vAcc>0.951461</vAcc></extensions></trkpt>
      <trkpt lon="-82.149425" lat="33.554024"><ele>95.081124</ele><time>2024-05-24T11:01:04Z</time><extensions><speed>1.348736</speed><course>257.915596</course><hAcc>1.689593</hAcc><vAcc>0.950788</vAcc></extensions></trkpt>
      <trkpt lon="-82.149440" lat="33.554021"><ele>95.126071</ele><time>2024-05-24T11:01:05Z</time><extensions><speed>1.371934</speed><course>255.618284</course><hAcc>1.669899</hAcc><vAcc>0.950164</vAcc></extensions></trkpt>
      <trkpt lon="-82.149454" lat="33.554018"><ele>95.174965</ele><time>2024-05-24T11:01:06Z</time><extensions><speed>1.363201</speed><course>255.600192</course><hAcc>1.666029</hAcc><vAcc>0.949581</vAcc></extensions></trkpt>
      <trkpt lon="-82.149468" lat="33.554015"><ele>95.226361</ele><time>2024-05-24T11:01:07Z</time><extensions><speed>1.318397</speed><course>254.862422</course><hAcc>1.675926</hAcc><vAcc>0.949001</vAcc></extensions></trkpt>
      <trkpt lon="-82.149482" lat="33.554013"><ele>95.278819</ele><time>2024-05-24T11:01:08Z</time><extensions><speed>1.352739</speed><course>254.560633</course><hAcc>1.643339</hAcc><vAcc>0.948420</vAcc></extensions></trkpt>
      <trkpt lon="-82.149496" lat="33.554010"><ele>95.333035</ele><time>2024-05-24T11:01:09Z</time><extensions><speed>1.354426</speed><course>256.760989</course><hAcc>1.630175</hAcc><vAcc>0.947811</vAcc></extensions></trkpt>
      <trkpt lon="-82.149510" lat="33.554007"><ele>95.387184</ele><time>2024-05-24T11:01:10Z</time><extensions><speed>1.329690</speed><course>255.107647</course><hAcc>1.662107</hAcc><vAcc>0.947168</vAcc></extensions></trkpt>
      <trkpt lon="-82.149524" lat="33.554004"><ele>95.441692</ele><time>2024-05-24T11:01:11Z</time><extensions><speed>1.333160</speed><course>254.130288</course><hAcc>1.636208</hAcc><vAcc>0.946495</vAcc></extensions></trkpt>
      <trkpt lon="-82.149537" lat="33.554001"><ele>95.494996</ele><time>2024-05-24T11:01:12Z</time><extensions><speed>1.327769</speed><course>254.206877</course><hAcc>1.640297</hAcc><vAcc>0.945781</vAcc></extensions></trkpt>
      <trkpt lon="-82.149551" lat="33.553998"><ele>95.544523</ele><time>2024-05-24T11:01:13Z</time><extensions><speed>1.322174</speed><course>252.961145</course><hAcc>1.611624</hAcc><vAcc>0.945032</vAcc></extensions></trkpt>
      <trkpt lon="-82.149564" lat="33.553994"><ele>95.590372</ele><time>2024-05-24T11:01:14Z</time><extensions><speed>1.316651</speed><course>253.233517</course><hAcc>1.612788</hAcc><vAcc>0.944265</vAcc></extensions></trkpt>
      <trkpt lon="-82.149578" lat="33.553991"><ele>95.632126</ele><time>2024-05-24T11:01:15Z</time><extensions><speed>1.326156</speed><course>252.684437</course><hAcc>1.620860</hAcc><vAcc>0.943496</vAcc></extensions></trkpt>
      <trkpt lon="-82.149590" lat="33.553987"><ele>95.671957</ele><time>2024-05-24T11:01:16Z</time><extensions><speed>1.292894</speed><course>251.820475</course><hAcc>1.622086</hAcc><vAcc>0.942750</vAcc></extensions></trkpt>
      <trkpt lon="-82.149604" lat="33.553984"><ele>95.712973</ele><time>2024-05-24T11:01:17Z</time><extensions><speed>1.307157</speed><course>253.816528</course><hAcc>1.629254</hAcc><vAcc>0.942057</vAcc></extensions></trkpt>
      <trkpt lon="-82.149617" lat="33.553981"><ele>95.751639</ele><time>2024-05-24T11:01:18Z</time><extensions><speed>1.225121</speed><course>254.386836</course><hAcc>1.594418</hAcc><vAcc>0.941425</vAcc></extensions></trkpt>
      <trkpt lon="-82.149629" lat="33.553978"><ele>95.786901</ele><time>2024-05-24T11:01:19Z</time><extensions><speed>1.220275</speed><course>253.435236</course><hAcc>1.628806</hAcc><vAcc>0.940887</vAcc></extensions></trkpt>
      <trkpt lon="-82.149642" lat="33.553975"><ele>95.818417</ele><time>2024-05-24T11:01:20Z</time><extensions><speed>1.250403</speed><course>252.503779</course><hAcc>1.656728</hAcc><vAcc>0.940459</vAcc></extensions></trkpt>
      <trkpt lon="-82.149655" lat="33.553971"><ele>95.848924</ele><time>2024-05-24T11:01:21Z</time><extensions><speed>1.222614</speed><course>252.653881</course><hAcc>1.630241</hAcc><vAcc>0.940167</vAcc></extensions></trkpt>
      <trkpt lon="-82.149667" lat="33.553968"><ele>95.875982</ele><time>2024-05-24T11:01:22Z</time><extensions><speed>1.248702</speed><course>252.867660</course><hAcc>1.662966</hAcc><vAcc>0.940142</vAcc></extensions></trkpt>
      <trkpt lon="-82.149680" lat="33.553964"><ele>95.901867</ele><time>2024-05-24T11:01:23Z</time><extensions><speed>1.217280</speed><course>251.107978</course><hAcc>1.639873</hAcc><vAcc>0.940474</vAcc></extensions></trkpt>
      <trkpt lon="-82.149692" lat="33.553961"><ele>95.932164</ele><time>2024-05-24T11:01:24Z</time><extensions><speed>1.206866</speed><course>250.274365</course><hAcc>1.636686</hAcc><vAcc>0.941198</vAcc></extensions></trkpt>
      <trkpt lon="-82.149704" lat="33.553957"><ele>95.961990</ele><time>2024-05-24T11:01:25Z</time><extensions><speed>1.231084</speed><course>248.633470</course><hAcc>1.675665</hAcc><vAcc>0.942331</vAcc></extensions></trkpt>
      <trkpt lon="-82.149715" lat="33.553953"><ele>95.993911</ele><time>2024-05-24T11:01:26Z</time><extensions><speed>1.187797</speed><course>247.011751</course><hAcc>1.671221</hAcc><vAcc>0.943880</vAcc></extensions></trkpt>
      <trkpt lon="-82.149727" lat="33.553949"><ele>96.024022</ele><time>2024-05-24T11:01:27Z</time><extensions><speed>1.185212</speed><course>247.316248</course><hAcc>1.691103</hAcc><vAcc>0.945820</vAcc></extensions></trkpt>
      <trkpt lon="-82.149738" lat="33.553945"><ele>96.051019</ele><time>2024-05-24T11:01:28Z</time><extensions><speed>1.247838</speed><course>247.830426</course><hAcc>1.737215</hAcc><vAcc>0.948137</vAcc></extensions></trkpt>
      <trkpt lon="-82.149751" lat="33.553940"><ele>96.075736</ele><time>2024-05-24T11:01:29Z</time><extensions><speed>1.250545</speed><course>247.319217</course><hAcc>1.721179</hAcc><vAcc>0.950770</vAcc></extensions></trkpt>
      <trkpt lon="-82.149763" lat="33.553936"><ele>96.098600</ele><time>2024-05-24T11:01:30Z</time><extensions><speed>1.263682</speed><course>248.620524</course><hAcc>1.748676</hAcc><vAcc>0.953674</vAcc></extensions></trkpt>
      <trkpt lon="-82.149775" lat="33.553932"><ele>96.116922</ele><time>2024-05-24T11:01:31Z</time><extensions><speed>1.216367</speed><course>247.763620</course><hAcc>1.704951</hAcc><vAcc>0.956746</vAcc></extensions></trkpt>
      <trkpt lon="-82.149786" lat="33.553928"><ele>96.134509</ele><time>2024-05-24T11:01:32Z</time><extensions><speed>1.203643</speed><course>247.432119</course><hAcc>1.708769</hAcc><vAcc>0.959907</vAcc></extensions></trkpt>
      <trkpt lon="-82.149798" lat="33.553923"><ele>96.148695</ele><time>2024-05-24T11:01:33Z</time><extensions><speed>1.266314</speed><course>248.987723</course><hAcc>1.748755</hAcc><vAcc>0.963047</vAcc></extensions></trkpt>
      <trkpt lon="-82.149810" lat="33.553919"><ele>96.159477</ele><time>2024-05-24T11:01:34Z</time><extensions><speed>1.207953</speed><course>248.671933</course><hAcc>1.722200</hAcc><vAcc>0.966052</vAcc></extensions></trkpt>
      <trkpt lon="-82.149822" lat="33.553915"><ele>96.166700</ele><time>2024-05-24T11:01:35Z</time><extensions><speed>1.246506</speed><course>250.427126</course><hAcc>1.747669</hAcc><vAcc>0.968856</vAcc></extensions></trkpt>
      <trkpt lon="-82.149833" lat="33.553911"><ele>96.170339</ele><time>2024-05-24T11:01:36Z</time><extensions><speed>1.154784</speed><course>249.669483</course><hAcc>1.705740</hAcc><vAcc>0.971335</vAcc></extensions></trkpt>
      <trkpt lon="-82.149844" lat="33.553907"><ele>96.173158</ele><time>2024-05-24T11:01:37Z</time><extensions><speed>1.146768</speed><course>249.134134</course><hAcc>1.714915</hAcc><vAcc>0.973421</vAcc></extensions></trkpt>
      <trkpt lon="-82.149855" lat="33.553903"><ele>96.174939</ele><time>2024-05-24T11:01:38Z</time><extensions><speed>1.218523</speed><course>250.641249</course><hAcc>1.748913</hAcc><vAcc>0.975098</vAcc></extensions></trkpt>
      <trkpt lon="-82.149867" lat="33.553899"><ele>96.170984</ele><time>2024-05-24T11:01:39Z</time><extensions><speed>1.157204</speed><course>248.325553</course><hAcc>1.714517</hAcc><vAcc>0.976374</vAcc></extensions></trkpt>
      <trkpt lon="-82.149878" lat="33.553895"><ele>96.165009</ele><time>2024-05-24T11:01:40Z</time><extensions><speed>1.217112</speed><course>249.856339</course><hAcc>1.738101</hAcc><vAcc>0.977325</vAcc></extensions></trkpt>
      <trkpt lon="-82.149889" lat="33.553891"><ele>96.158809</ele><time>2024-05-24T11:01:41Z</time><extensions><speed>1.126537</speed><course>246.400023</course><hAcc>1.693219</hAcc><vAcc>0.978036</vAcc></extensions></trkpt>
      <trkpt lon="-82.149900" lat="33.553887"><ele>96.152793</ele><time>2024-05-24T11:01:42Z</time><extensions><speed>1.112595</speed><course>245.434060</course><hAcc>1.706247</hAcc><vAcc>0.978573</vAcc></extensions></trkpt>
      <trkpt lon="-82.149912" lat="33.553883"><ele>96.146935</ele><time>2024-05-24T11:01:43Z</time><extensions><speed>1.200962</speed><course>249.989786</course><hAcc>1.758394</hAcc><vAcc>0.978987</vAcc></extensions></trkpt>
      <trkpt lon="-82.149923" lat="33.553879"><ele>96.141284</ele><time>2024-05-24T11:01:44Z</time><extensions><speed>1.139479</speed><course>246.794568</course><hAcc>1.714698</hAcc><vAcc>0.979328</vAcc></extensions></trkpt>
      <trkpt lon="-82.149934" lat="33.553875"><ele>96.134449</ele><time>2024-05-24T11:01:45Z</time><extensions><speed>1.124283</speed><course>245.755103</course><hAcc>1.715515</hAcc><vAcc>0.979641</vAcc></extensions></trkpt>
      <trkpt lon="-82.149945" lat="33.553870"><ele>96.129092</ele><time>2024-05-24T11:01:46Z</time><extensions><speed>1.182697</speed><course>248.753679</course><hAcc>1.756040</hAcc><vAcc>0.979955</vAcc></extensions></trkpt>
      <trkpt lon="-82.149957" lat="33.553866"><ele>96.125832</ele><time>2024-05-24T11:01:47Z</time><extensions><speed>1.114206</speed><course>247.523845</course><hAcc>1.716308</hAcc><vAcc>0.980360</vAcc></extensions></trkpt>
      <trkpt lon="-82.149968" lat="33.553863"><ele>96.126217</ele><time>2024-05-24T11:01:48Z</time><extensions><speed>1.142264</speed><course>251.964128</course><hAcc>1.739098</hAcc><vAcc>0.980850</vAcc></extensions></trkpt>
      <trkpt lon="-82.149979" lat="33.553859"><ele>96.129381</ele><time>2024-05-24T11:01:49Z</time><extensions><speed>1.114045</speed><course>252.052074</course><hAcc>1.699826</hAcc><vAcc>0.981434</vAcc></extensions></trkpt>
      <trkpt lon="-82.149991" lat="33.553855"><ele>96.135636</ele><time>2024-05-24T11:01:50Z</time><extensions><speed>1.123829</speed><course>250.581178</course><hAcc>1.708260</hAcc><vAcc>0.982107</vAcc></extensions></trkpt>
      <trkpt lon="-82.150002" lat="33.553852"><ele>96.142885</ele><time>2024-05-24T11:01:51Z</time><extensions><speed>1.150110</speed><course>251.594967</course><hAcc>1.743173</hAcc><vAcc>0.982844</vAcc></extensions></trkpt>
      <trkpt lon="-82.150014" lat="33.553848"><ele>96.161049</ele><time>2024-05-24T11:01:52Z</time><extensions><speed>1.193040</speed><course>249.690481</course><hAcc>1.709669</hAcc><vAcc>0.983402</vAcc></extensions></trkpt>
      <trkpt lon="-82.150027" lat="33.553843"><ele>96.188900</ele><time>2024-05-24T11:01:53Z</time><extensions><speed>1.240595</speed><course>249.911999</course><hAcc>1.727285</hAcc><vAcc>0.983726</vAcc></extensions></trkpt>
      <trkpt lon="-82.150039" lat="33.553838"><ele>96.221878</ele><time>2024-05-24T11:01:54Z</time><extensions><speed>1.246949</speed><course>244.310263</course><hAcc>1.680524</hAcc><vAcc>0.983723</vAcc></extensions></trkpt>
      <trkpt lon="-82.150051" lat="33.553833"><ele>96.260215</ele><time>2024-05-24T11:01:55Z</time><extensions><speed>1.242319</speed><course>241.488353</course><hAcc>1.687144</hAcc><vAcc>0.983400</vAcc></extensions></trkpt>
      <trkpt lon="-82.150062" lat="33.553828"><ele>96.312488</ele><time>2024-05-24T11:01:56Z</time><extensions><speed>1.214273</speed><course>242.483366</course><hAcc>1.726353</hAcc><vAcc>0.982655</vAcc></extensions></trkpt>
      <trkpt lon="-82.150074" lat="33.553822"><ele>96.370405</ele><time>2024-05-24T11:01:57Z</time><extensions><speed>1.241332</speed><course>238.650921</course><hAcc>1.682781</hAcc><vAcc>0.981466</vAcc></extensions></trkpt>
      <trkpt lon="-82.150085" lat="33.553817"><ele>96.428462</ele><time>2024-05-24T11:01:58Z</time><extensions><speed>1.240407</speed><course>240.236919</course><hAcc>1.700594</hAcc><vAcc>0.979865</vAcc></extensions></trkpt>
      <trkpt lon="-82.150097" lat="33.553811"><ele>96.487922</ele><time>2024-05-24T11:01:59Z</time><extensions><speed>1.278293</speed><course>239.542887</course><hAcc>1.653568</hAcc><vAcc>0.977835</vAcc></extensions></trkpt>
      <trkpt lon="-82.150109" lat="33.553805"><ele>96.548217</ele><time>2024-05-24T11:02:00Z</time><extensions><speed>1.284891</speed><course>240.532614</course><hAcc>1.659297</hAcc><vAcc>0.975397</vAcc></extensions></trkpt>
      <trkpt lon="-82.150121" lat="33.553799"><ele>96.617589</ele><time>2024-05-24T11:02:01Z</time><extensions><speed>1.280708</speed><course>240.344812</course><hAcc>1.663610</hAcc><vAcc>0.972562</vAcc></extensions></trkpt>
      <trkpt lon="-82.150134" lat="33.553794"><ele>96.690716</ele><time>2024-05-24T11:02:02Z</time><extensions><speed>1.308996</speed><course>241.240022</course><hAcc>1.609024</hAcc><vAcc>0.969353</vAcc></extensions></trkpt>
      <trkpt lon="-82.150147" lat="33.553789"><ele>96.760588</ele><time>2024-05-24T11:02:03Z</time><extensions><speed>1.304693</speed><course>242.572177</course><hAcc>1.573208</hAcc><vAcc>0.965834</vAcc></extensions></trkpt>
      <trkpt lon="-82.150160" lat="33.553784"><ele>96.823858</ele><time>2024-05-24T11:02:04Z</time><extensions><speed>1.305461</speed><course>242.373046</course><hAcc>1.548268</hAcc><vAcc>0.962080</vAcc></extensions></trkpt>
      <trkpt lon="-82.150172" lat="33.553779"><ele>96.883303</ele><time>2024-05-24T11:02:05Z</time><extensions><speed>1.293686</speed><course>241.960707</course><hAcc>1.506457</hAcc><vAcc>0.958195</vAcc></extensions></trkpt>
      <trkpt lon="-82.150184" lat="33.553774"><ele>96.938329</ele><time>2024-05-24T11:02:06Z</time><extensions><speed>1.269148</speed><course>240.810064</course><hAcc>1.493424</hAcc><vAcc>0.954267</vAcc></extensions></trkpt>
      <trkpt lon="-82.150196" lat="33.553770"><ele>96.988095</ele><time>2024-05-24T11:02:07Z</time><extensions><speed>1.233761</speed><course>240.042168</course><hAcc>1.454368</hAcc><vAcc>0.950337</vAcc></extensions></trkpt>
      <trkpt lon="-82.150207" lat="33.553765"><ele>97.034607</ele><time>2024-05-24T11:02:08Z</time><extensions><speed>1.203777</speed><course>239.058353</course><hAcc>1.435542</hAcc><vAcc>0.946493</vAcc></extensions></trkpt>
      <trkpt lon="-82.150219" lat="33.553760"><ele>97.083373</ele><time>2024-05-24T11:02:09Z</time><extensions><speed>1.207504</speed><course>239.887111</course><hAcc>1.422312</hAcc><vAcc>0.942742</vAcc></extensions></trkpt>
      <trkpt lon="-82.150230" lat="33.553756"><ele>97.130138</ele><time>2024-05-24T11:02:10Z</time><extensions><speed>1.202162</speed><course>237.953038</course><hAcc>1.399922</hAcc><vAcc>0.939141</vAcc></extensions></trkpt>
      <trkpt lon="-82.150242" lat="33.553751"><ele>97.173551</ele><time>2024-05-24T11:02:11Z</time><extensions><speed>1.250013</speed><course>240.290978</course><hAcc>1.382813</hAcc><vAcc>0.935729</vAcc></extensions></trkpt>
      <trkpt lon="-82.150254" lat="33.553746"><ele>97.212517</ele><time>2024-05-24T11:02:12Z</time><extensions><speed>1.241921</speed><course>242.297081</course><hAcc>1.350445</hAcc><vAcc>0.932475</vAcc></extensions></trkpt>
      <trkpt lon="-82.150266" lat="33.553741"><ele>97.245032</ele><time>2024-05-24T11:02:13Z</time><extensions><speed>1.212040</speed><course>239.176442</course><hAcc>1.343368</hAcc><vAcc>0.929427</vAcc></extensions></trkpt>
      <trkpt lon="-82.150278" lat="33.553736"><ele>97.270092</ele><time>2024-05-24T11:02:14Z</time><extensions><speed>1.233623</speed><course>236.922635</course><hAcc>1.340850</hAcc><vAcc>0.926616</vAcc></extensions></trkpt>
      <trkpt lon="-82.150289" lat="33.553730"><ele>97.288967</ele><time>2024-05-24T11:02:15Z</time><extensions><speed>1.185042</speed><course>236.913427</course><hAcc>1.312559</hAcc><vAcc>0.924098</vAcc></extensions></trkpt>
      <trkpt lon="-82.150300" lat="33.553725"><ele>97.304773</ele><time>2024-05-24T11:02:16Z</time><extensions><speed>1.163500</speed><course>233.333272</course><hAcc>1.309781</hAcc><vAcc>0.921941</vAcc></extensions></trkpt>
      <trkpt lon="-82.150310" lat="33.553719"><ele>97.315888</ele><time>2024-05-24T11:02:17Z</time><extensions><speed>1.160540</speed><course>234.125873</course><hAcc>1.307545</hAcc><vAcc>0.920174</vAcc></extensions></trkpt>
      <trkpt lon="-82.150321" lat="33.553713"><ele>97.327128</ele><time>2024-05-24T11:02:18Z</time><extensions><speed>1.128196</speed><course>237.074400</course><hAcc>1.291034</hAcc><vAcc>0.918855</vAcc></extensions></trkpt>
      <trkpt lon="-82.150331" lat="33.553708"><ele>97.334407</ele><time>2024-05-24T11:02:19Z</time><extensions><speed>1.145023</speed><course>237.378641</course><hAcc>1.302394</hAcc><vAcc>0.918006</vAcc></extensions></trkpt>
      <trkpt lon="-82.150341" lat="33.553702"><ele>97.339832</ele><time>2024-05-24T11:02:20Z</time><extensions><speed>1.136203</speed><course>236.796333</course><hAcc>1.293273</hAcc><vAcc>0.917645</vAcc></extensions></trkpt>
      <trkpt lon="-82.150352" lat="33.553697"><ele>97.350635</ele><time>2024-05-24T11:02:21Z</time><extensions><speed>1.154556</speed><course>234.984138</course><hAcc>1.309749</hAcc><vAcc>0.917783</vAcc></extensions></trkpt>
      <trkpt lon="-82.150362" lat="33.553691"><ele>97.361100</ele><time>2024-05-24T11:02:22Z</time><extensions><speed>1.174986</speed><course>231.141668</course><hAcc>1.343244</hAcc><vAcc>0.918380</vAcc></extensions></trkpt>
      <trkpt lon="-82.150372" lat="33.553684"><ele>97.367281</ele><time>2024-05-24T11:02:23Z</time><extensions><speed>1.221062</speed><course>229.429608</course><hAcc>1.343124</hAcc><vAcc>0.919427</vAcc></extensions></trkpt>
      <trkpt lon="-82.150383" lat="33.553678"><ele>97.368678</ele><time>2024-05-24T11:02:24Z</time><extensions><speed>1.246371</speed><course>234.200138</course><hAcc>1.349475</hAcc><vAcc>0.920884</vAcc></extensions></trkpt>
      <trkpt lon="-82.150394" lat="33.553671"><ele>97.372121</ele><time>2024-05-24T11:02:25Z</time><extensions><speed>1.249739</speed><course>234.342149</course><hAcc>1.341439</hAcc><vAcc>0.922657</vAcc></extensions></trkpt>
      <trkpt lon="-82.150406" lat="33.553665"><ele>97.376946</ele><time>2024-05-24T11:02:26Z</time><extensions><speed>1.253395</speed><course>231.343751</course><hAcc>1.371846</hAcc><vAcc>0.924715</vAcc></extensions></trkpt>
      <trkpt lon="-82.150416" lat="33.553658"><ele>97.387555</ele><time>2024-05-24T11:02:27Z</time><extensions><speed>1.256017</speed><course>230.851464</course><hAcc>1.390301</hAcc><vAcc>0.926951</vAcc></extensions></trkpt>
      <trkpt lon="-82.150427" lat="33.553652"><ele>97.405163</ele><time>2024-05-24T11:02:28Z</time><extensions><speed>1.219398</speed><course>230.586990</course><hAcc>1.386018</hAcc><vAcc>0.929277</vAcc></extensions></trkpt>
      <trkpt lon="-82.150437" lat="33.553646"><ele>97.424991</ele><time>2024-05-24T11:02:29Z</time><extensions><speed>1.221057</speed><course>230.471162</course><hAcc>1.411260</hAcc><vAcc>0.931604</vAcc></extensions></trkpt>
      <trkpt lon="-82.150448" lat="33.553640"><ele>97.451878</ele><time>2024-05-24T11:02:30Z</time><extensions><speed>1.203602</speed><course>228.747074</course><hAcc>1.408125</hAcc><vAcc>0.933880</vAcc></extensions></trkpt>
      <trkpt lon="-82.150458" lat="33.553634"><ele>97.479602</ele><time>2024-05-24T11:02:31Z</time><extensions><speed>1.203361</speed><course>232.370567</course><hAcc>1.419690</hAcc><vAcc>0.936068</vAcc></extensions></trkpt>
      <trkpt lon="-82.150469" lat="33.553628"><ele>97.518909</ele><time>2024-05-24T11:02:32Z</time><extensions><speed>1.253491</speed><course>240.844928</course><hAcc>1.446344</hAcc><vAcc>0.938116</vAcc></extensions></trkpt>
      <trkpt lon="-82.150481" lat="33.553623"><ele>97.561257</ele><time>2024-05-24T11:02:33Z</time><extensions><speed>1.227213</speed><course>234.712827</course><hAcc>1.475142</hAcc><vAcc>0.939982</vAcc></extensions></trkpt>
      <trkpt lon="-82.150492" lat="33.553618"><ele>97.600934</ele><time>2024-05-24T11:02:34Z</time><extensions><speed>1.230190</speed><course>233.948585</course><hAcc>1.481869</hAcc><vAcc>0.941612</vAcc></extensions></trkpt>
      <trkpt lon="-82.150503" lat="33.553613"><ele>97.637522</ele><time>2024-05-24T11:02:35Z</time><extensions><speed>1.261709</speed><course>238.241749</course><hAcc>1.483283</hAcc><vAcc>0.943015</vAcc></extensions></trkpt>
      <trkpt lon="-82.150514" lat="33.553609"><ele>97.668654</ele><time>2024-05-24T11:02:36Z</time><extensions><speed>1.206263</speed><course>240.696958</course><hAcc>1.470244</hAcc><vAcc>0.944239</vAcc></extensions></trkpt>
      <trkpt lon="-82.150526" lat="33.553604"><ele>97.704570</ele><time>2024-05-24T11:02:37Z</time><extensions><speed>1.247038</speed><course>241.652949</course><hAcc>1.487766</hAcc><vAcc>0.945346</vAcc></extensions></trkpt>
      <trkpt lon="-82.150537" lat="33.553600"><ele>97.740960</ele><time>2024-05-24T11:02:38Z</time><extensions><speed>1.115355</speed><course>237.701070</course><hAcc>1.481161</hAcc><vAcc>0.946392</vAcc></extensions></trkpt>
      <trkpt lon="-82.150548" lat="33.553595"><ele>97.776698</ele><time>2024-05-24T11:02:39Z</time><extensions><speed>1.121224</speed><course>240.238678</course><hAcc>1.477862</hAcc><vAcc>0.947442</vAcc></extensions></trkpt>
      <trkpt lon="-82.150559" lat="33.553590"><ele>97.815514</ele><time>2024-05-24T11:02:40Z</time><extensions><speed>1.186050</speed><course>240.724381</course><hAcc>1.487353</hAcc><vAcc>0.948481</vAcc></extensions></trkpt>
      <trkpt lon="-82.150571" lat="33.553585"><ele>97.857052</ele><time>2024-05-24T11:02:41Z</time><extensions><speed>1.125401</speed><course>237.196082</course><hAcc>1.476458</hAcc><vAcc>0.949528</vAcc></extensions></trkpt>
      <trkpt lon="-82.150582" lat="33.553580"><ele>97.891512</ele><time>2024-05-24T11:02:42Z</time><extensions><speed>1.177663</speed><course>239.058237</course><hAcc>1.473240</hAcc><vAcc>0.950611</vAcc></extensions></trkpt>
      <trkpt lon="-82.150594" lat="33.553575"><ele>97.915630</ele><time>2024-05-24T11:02:43Z</time><extensions><speed>1.167742</speed><course>247.526046</course><hAcc>1.424980</hAcc><vAcc>0.951694</vAcc></extensions></trkpt>
      <trkpt lon="-82.150606" lat="33.553571"><ele>97.941796</ele><time>2024-05-24T11:02:44Z</time><extensions><speed>1.161314</speed><course>244.740842</course><hAcc>1.418451</hAcc><vAcc>0.952799</vAcc></extensions></trkpt>
      <trkpt lon="-82.150617" lat="33.553567"><ele>97.969610</ele><time>2024-05-24T11:02:45Z</time><extensions><speed>1.125571</speed><course>235.068012</course><hAcc>1.435806</hAcc><vAcc>0.953852</vAcc></extensions></trkpt>
      <trkpt lon="-82.150627" lat="33.553561"><ele>98.005892</ele><time>2024-05-24T11:02:46Z</time><extensions><speed>1.084445</speed><course>230.151450</course><hAcc>1.414150</hAcc><vAcc>0.954876</vAcc></extensions></trkpt>
      <trkpt lon="-82.150636" lat="33.553555"><ele>98.039291</ele><time>2024-05-24T11:02:47Z</time><extensions><speed>1.092483</speed><course>228.245328</course><hAcc>1.411638</hAcc><vAcc>0.955915</vAcc></extensions></trkpt>
      <trkpt lon="-82.150645" lat="33.553549"><ele>98.083979</ele><time>2024-05-24T11:02:48Z</time><extensions><speed>1.181493</speed><course>231.115855</course><hAcc>1.377459</hAcc><vAcc>0.956906</vAcc></extensions></trkpt>
      <trkpt lon="-82.150656" lat="33.553542"><ele>98.132480</ele><time>2024-05-24T11:02:49Z</time><extensions><speed>1.223123</speed><course>231.843885</course><hAcc>1.376678</hAcc><vAcc>0.957849</vAcc></extensions></trkpt>
      <trkpt lon="-82.150667" lat="33.553536"><ele>98.180938</ele><time>2024-05-24T11:02:50Z</time><extensions><speed>1.211504</speed><course>230.521175</course><hAcc>1.390192</hAcc><vAcc>0.958760</vAcc></extensions></trkpt>
      <trkpt lon="-82.150678" lat="33.553529"><ele>98.228591</ele><time>2024-05-24T11:02:51Z</time><extensions><speed>1.294361</speed><course>235.274466</course><hAcc>1.350728</hAcc><vAcc>0.959676</vAcc></extensions></trkpt>
      <trkpt lon="-82.150690" lat="33.553522"><ele>98.269518</ele><time>2024-05-24T11:02:52Z</time><extensions><speed>1.288716</speed><course>228.672454</course><hAcc>1.367105</hAcc><vAcc>0.960574</vAcc></extensions></trkpt>
      <trkpt lon="-82.150702" lat="33.553516"><ele>98.311281</ele><time>2024-05-24T11:02:53Z</time><extensions><speed>1.297391</speed><course>238.080918</course><hAcc>1.349923</hAcc><vAcc>0.961411</vAcc></extensions></trkpt>
      <trkpt lon="-82.150714" lat="33.553510"><ele>98.351352</ele><time>2024-05-24T11:02:54Z</time><extensions><speed>1.299608</speed><course>235.831390</course><hAcc>1.335842</hAcc><vAcc>0.962206</vAcc></extensions></trkpt>
      <trkpt lon="-82.150725" lat="33.553503"><ele>98.393270</ele><time>2024-05-24T11:02:55Z</time><extensions><speed>1.252177</speed><course>228.317681</course><hAcc>1.355730</hAcc><vAcc>0.962952</vAcc></extensions></trkpt>
      <trkpt lon="-82.150736" lat="33.553496"><ele>98.444964</ele><time>2024-05-24T11:02:56Z</time><extensions><speed>1.244889</speed><course>226.482844</course><hAcc>1.327499</hAcc><vAcc>0.963712</vAcc></extensions></trkpt>
      <trkpt lon="-82.150747" lat="33.553489"><ele>98.504294</ele><time>2024-05-24T11:02:57Z</time><extensions><speed>1.255777</speed><course>229.991216</course><hAcc>1.311904</hAcc><vAcc>0.964577</vAcc></extensions></trkpt>
      <trkpt lon="-82.150758" lat="33.553482"><ele>98.556626</ele><time>2024-05-24T11:02:58Z</time><extensions><speed>1.249819</speed><course>228.138483</course><hAcc>1.324544</hAcc><vAcc>0.965505</vAcc></extensions></trkpt>
      <trkpt lon="-82.150770" lat="33.553476"><ele>98.603544</ele><time>2024-05-24T11:02:59Z</time><extensions><speed>1.312989</speed><course>233.052967</course><hAcc>1.299622</hAcc><vAcc>0.966559</vAcc></extensions></trkpt>
      <trkpt lon="-82.150782" lat="33.553469"><ele>98.653730</ele><time>2024-05-24T11:03:00Z</time><extensions><speed>1.272374</speed><course>231.360495</course><hAcc>1.307582</hAcc><vAcc>0.967621</vAcc></extensions></trkpt>
      <trkpt lon="-82.150793" lat="33.553462"><ele>98.700670</ele><time>2024-05-24T11:03:01Z</time><extensions><speed>1.327026</speed><course>231.001017</course><hAcc>1.282016</hAcc><vAcc>0.968653</vAcc></extensions></trkpt>
      <trkpt lon="-82.150805" lat="33.553455"><ele>98.745529</ele><time>2024-05-24T11:03:02Z</time><extensions><speed>1.335775</speed><course>227.595324</course><hAcc>1.280043</hAcc><vAcc>0.969601</vAcc></extensions></trkpt>
      <trkpt lon="-82.150815" lat="33.553447"><ele>98.790087</ele><time>2024-05-24T11:03:03Z</time><extensions><speed>1.344680</speed><course>224.039830</course><hAcc>1.293288</hAcc><vAcc>0.970410</vAcc></extensions></trkpt>
      <trkpt lon="-82.150827" lat="33.553439"><ele>98.838739</ele><time>2024-05-24T11:03:04Z</time><extensions><speed>1.376680</speed><course>234.721208</course><hAcc>1.265011</hAcc><vAcc>0.971044</vAcc></extensions></trkpt>
      <trkpt lon="-82.150839" lat="33.553432"><ele>98.891789</ele><time>2024-05-24T11:03:05Z</time><extensions><speed>1.329705</speed><course>234.013975</course><hAcc>1.297127</hAcc><vAcc>0.971443</vAcc></extensions></trkpt>
      <trkpt lon="-82.150852" lat="33.553425"><ele>98.943569</ele><time>2024-05-24T11:03:06Z</time><extensions><speed>1.385706</speed><course>239.450219</course><hAcc>1.279184</hAcc><vAcc>0.971498</vAcc></extensions></trkpt>
      <trkpt lon="-82.150865" lat="33.553419"><ele>98.995284</ele><time>2024-05-24T11:03:07Z</time><extensions><speed>1.400669</speed><course>242.700883</course><hAcc>1.276881</hAcc><vAcc>0.971148</vAcc></extensions></trkpt>
      <trkpt lon="-82.150879" lat="33.553413"><ele>99.044513</ele><time>2024-05-24T11:03:08Z</time><extensions><speed>1.352221</speed><course>238.740522</course><hAcc>1.308985</hAcc><vAcc>0.970362</vAcc></extensions></trkpt>
      <trkpt lon="-82.150892" lat="33.553407"><ele>99.098643</ele><time>2024-05-24T11:03:09Z</time><extensions><speed>1.408230</speed><course>236.625123</course><hAcc>1.286578</hAcc><vAcc>0.969097</vAcc></extensions></trkpt>
      <trkpt lon="-82.150905" lat="33.553400"><ele>99.158320</ele><time>2024-05-24T11:03:10Z</time><extensions><speed>1.396699</speed><course>236.592662</course><hAcc>1.281784</hAcc><vAcc>0.967383</vAcc></extensions></trkpt>
      <trkpt lon="-82.150918" lat="33.553393"><ele>99.220082</ele><time>2024-05-24T11:03:11Z</time><extensions><speed>1.343450</speed><course>235.402616</course><hAcc>1.289375</hAcc><vAcc>0.965206</vAcc></extensions></trkpt>
      <trkpt lon="-82.150930" lat="33.553386"><ele>99.279133</ele><time>2024-05-24T11:03:12Z</time><extensions><speed>1.400999</speed><course>236.316115</course><hAcc>1.258978</hAcc><vAcc>0.962583</vAcc></extensions></trkpt>
      <trkpt lon="-82.150943" lat="33.553379"><ele>99.333659</ele><time>2024-05-24T11:03:13Z</time><extensions><speed>1.356512</speed><course>234.369506</course><hAcc>1.266282</hAcc><vAcc>0.959593</vAcc></extensions></trkpt>
      <trkpt lon="-82.150956" lat="33.553371"><ele>99.389224</ele><time>2024-05-24T11:03:14Z</time><extensions><speed>1.409323</speed><course>232.706099</course><hAcc>1.246601</hAcc><vAcc>0.956256</vAcc></extensions></trkpt>
      <trkpt lon="-82.150968" lat="33.553363"><ele>99.445132</ele><time>2024-05-24T11:03:15Z</time><extensions><speed>1.410927</speed><course>233.299128</course><hAcc>1.239318</hAcc><vAcc>0.952652</vAcc></extensions></trkpt>
      <trkpt lon="-82.150981" lat="33.553355"><ele>99.498602</ele><time>2024-05-24T11:03:16Z</time><extensions><speed>1.356516</speed><course>233.187375</course><hAcc>1.242549</hAcc><vAcc>0.948802</vAcc></extensions></trkpt>
      <trkpt lon="-82.150993" lat="33.553347"><ele>99.544995</ele><time>2024-05-24T11:03:17Z</time><extensions><speed>1.437998</speed><course>232.781985</course><hAcc>1.225335</hAcc><vAcc>0.944765</vAcc></extensions></trkpt>
      <trkpt lon="-82.151005" lat="33.553339"><ele>99.587735</ele><time>2024-05-24T11:03:18Z</time><extensions><speed>1.402882</speed><course>231.996966</course><hAcc>1.223910</hAcc><vAcc>0.940623</vAcc></extensions></trkpt>
      <trkpt lon="-82.151018" lat="33.553331"><ele>99.632544</ele><time>2024-05-24T11:03:19Z</time><extensions><speed>1.468203</speed><course>231.388036</course><hAcc>1.205546</hAcc><vAcc>0.936414</vAcc></extensions></trkpt>
      <trkpt lon="-82.151030" lat="33.553322"><ele>99.675646</ele><time>2024-05-24T11:03:20Z</time><extensions><speed>1.470759</speed><course>231.014769</course><hAcc>1.203430</hAcc><vAcc>0.932279</vAcc></extensions></trkpt>
      <trkpt lon="-82.151042" lat="33.553314"><ele>99.718750</ele><time>2024-05-24T11:03:21Z</time><extensions><speed>1.413613</speed><course>232.317631</course><hAcc>1.207231</hAcc><vAcc>0.928258</vAcc></extensions></trkpt>
      <trkpt lon="-82.151054" lat="33.553305"><ele>99.760317</ele><time>2024-05-24T11:03:22Z</time><extensions><speed>1.498021</speed><course>231.242978</course><hAcc>1.194952</hAcc><vAcc>0.924431</vAcc></extensions></trkpt>
      <trkpt lon="-82.151067" lat="33.553297"><ele>99.803048</ele><time>2024-05-24T11:03:23Z</time><extensions><speed>1.491108</speed><course>232.032133</course><hAcc>1.207433</hAcc><vAcc>0.920827</vAcc></extensions></trkpt>
      <trkpt lon="-82.151080" lat="33.553288"><ele>99.851548</ele><time>2024-05-24T11:03:24Z</time><extensions><speed>1.568487</speed><course>231.959569</course><hAcc>1.192072</hAcc><vAcc>0.917501</vAcc></extensions></trkpt>
      <trkpt lon="-82.151093" lat="33.553279"><ele>99.904927</ele><time>2024-05-24T11:03:25Z</time><extensions><speed>1.567238</speed><course>232.605232</course><hAcc>1.191936</hAcc><vAcc>0.914451</vAcc></extensions></trkpt>
      <trkpt lon="-82.151107" lat="33.553270"><ele>99.963441</ele><time>2024-05-24T11:03:26Z</time><extensions><speed>1.516277</speed><course>231.168198</course><hAcc>1.197422</hAcc><vAcc>0.911668</vAcc></extensions></trkpt>
      <trkpt lon="-82.151120" lat="33.553261"><ele>100.023924</ele><time>2024-05-24T11:03:27Z</time><extensions><speed>1.558520</speed><course>228.296646</course><hAcc>1.180917</hAcc><vAcc>0.909169</vAcc></extensions></trkpt>
      <trkpt lon="-82.151132" lat="33.553251"><ele>100.087088</ele><time>2024-05-24T11:03:28Z</time><extensions><speed>1.551492</speed><course>227.901396</course><hAcc>1.192028</hAcc><vAcc>0.906939</vAcc></extensions></trkpt>
      <trkpt lon="-82.151145" lat="33.553242"><ele>100.144241</ele><time>2024-05-24T11:03:29Z</time><extensions><speed>1.496781</speed><course>228.247492</course><hAcc>1.212371</hAcc><vAcc>0.904984</vAcc></extensions></trkpt>
      <trkpt lon="-82.151158" lat="33.553232"><ele>100.192548</ele><time>2024-05-24T11:03:30Z</time><extensions><speed>1.539652</speed><course>227.755447</course><hAcc>1.190509</hAcc><vAcc>0.903312</vAcc></extensions></trkpt>
      <trkpt lon="-82.151170" lat="33.553223"><ele>100.235849</ele><time>2024-05-24T11:03:31Z</time><extensions><speed>1.462865</speed><course>227.371212</course><hAcc>1.204856</hAcc><vAcc>0.901864</vAcc></extensions></trkpt>
      <trkpt lon="-82.151182" lat="33.553214"><ele>100.269027</ele><time>2024-05-24T11:03:32Z</time><extensions><speed>1.528174</speed><course>227.346866</course><hAcc>1.191339</hAcc><vAcc>0.900634</vAcc></extensions></trkpt>
      <trkpt lon="-82.151195" lat="33.553205"><ele>100.297033</ele><time>2024-05-24T11:03:33Z</time><extensions><speed>1.557541</speed><course>228.172873</course><hAcc>1.192246</hAcc><vAcc>0.899589</vAcc></extensions></trkpt>
      <trkpt lon="-82.151208" lat="33.553195"><ele>100.318692</ele><time>2024-05-24T11:03:34Z</time><extensions><speed>1.526132</speed><course>228.328235</course><hAcc>1.198814</hAcc><vAcc>0.898694</vAcc></extensions></trkpt>
      <trkpt lon="-82.151220" lat="33.553186"><ele>100.330578</ele><time>2024-05-24T11:03:35Z</time><extensions><speed>1.562579</speed><course>228.698681</course><hAcc>1.184103</hAcc><vAcc>0.897910</vAcc></extensions></trkpt>
      <trkpt lon="-82.151233" lat="33.553177"><ele>100.334711</ele><time>2024-05-24T11:03:36Z</time><extensions><speed>1.515946</speed><course>229.776999</course><hAcc>1.193634</hAcc><vAcc>0.897229</vAcc></extensions></trkpt>
      <trkpt lon="-82.151246" lat="33.553168"><ele>100.332708</ele><time>2024-05-24T11:03:37Z</time><extensions><speed>1.574076</speed><course>229.133071</course><hAcc>1.175095</hAcc><vAcc>0.896561</vAcc></extensions></trkpt>
      <trkpt lon="-82.151259" lat="33.553158"><ele>100.330218</ele><time>2024-05-24T11:03:38Z</time><extensions><speed>1.621795</speed><course>228.317160</course><hAcc>1.174020</hAcc><vAcc>0.895871</vAcc></extensions></trkpt>
      <trkpt lon="-82.151271" lat="33.553148"><ele>100.324710</ele><time>2024-05-24T11:03:39Z</time><extensions><speed>1.579406</speed><course>228.795324</course><hAcc>1.183220</hAcc><vAcc>0.895161</vAcc></extensions></trkpt>
      <trkpt lon="-82.151284" lat="33.553138"><ele>100.312235</ele><time>2024-05-24T11:03:40Z</time><extensions><speed>1.606722</speed><course>230.004986</course><hAcc>1.166560</hAcc><vAcc>0.894440</vAcc></extensions></trkpt>
      <trkpt lon="-82.151297" lat="33.553129"><ele>100.299772</ele><time>2024-05-24T11:03:41Z</time><extensions><speed>1.573476</speed><course>229.563306</course><hAcc>1.186142</hAcc><vAcc>0.893690</vAcc></extensions></trkpt>
      <trkpt lon="-82.151310" lat="33.553119"><ele>100.281081</ele><time>2024-05-24T11:03:42Z</time><extensions><speed>1.588516</speed><course>228.912684</course><hAcc>1.172286</hAcc><vAcc>0.892910</vAcc></extensions></trkpt>
      <trkpt lon="-82.151323" lat="33.553110"><ele>100.262125</ele><time>2024-05-24T11:03:43Z</time><extensions><speed>1.584367</speed><course>228.390426</course><hAcc>1.173530</hAcc><vAcc>0.892108</vAcc></extensions></trkpt>
      <trkpt lon="-82.151335" lat="33.553100"><ele>100.239034</ele><time>2024-05-24T11:03:44Z</time><extensions><speed>1.552133</speed><course>224.748066</course><hAcc>1.187520</hAcc><vAcc>0.891269</vAcc></extensions></trkpt>
      <trkpt lon="-82.151346" lat="33.553090"><ele>100.211588</ele><time>2024-05-24T11:03:45Z</time><extensions><speed>1.523842</speed><course>225.555333</course><hAcc>1.179648</hAcc><vAcc>0.890405</vAcc></extensions></trkpt>
      <trkpt lon="-82.151358" lat="33.553080"><ele>100.184054</ele><time>2024-05-24T11:03:46Z</time><extensions><speed>1.520372</speed><course>225.889770</course><hAcc>1.182605</hAcc><vAcc>0.889515</vAcc></extensions></trkpt>
      <trkpt lon="-82.151369" lat="33.553071"><ele>100.158250</ele><time>2024-05-24T11:03:47Z</time><extensions><speed>1.543746</speed><course>224.618669</course><hAcc>1.193122</hAcc><vAcc>0.888590</vAcc></extensions></trkpt>
      <trkpt lon="-82.151380" lat="33.553061"><ele>100.125779</ele><time>2024-05-24T11:03:48Z</time><extensions><speed>1.561270</speed><course>222.901297</course><hAcc>1.176619</hAcc><vAcc>0.887675</vAcc></extensions></trkpt>
      <trkpt lon="-82.151390" lat="33.553051"><ele>100.094360</ele><time>2024-05-24T11:03:49Z</time><extensions><speed>1.542755</speed><course>220.048385</course><hAcc>1.187206</hAcc><vAcc>0.886757</vAcc></extensions></trkpt>
      <trkpt lon="-82.151400" lat="33.553041"><ele>100.064083</ele><time>2024-05-24T11:03:50Z</time><extensions><speed>1.514960</speed><course>221.713032</course><hAcc>1.194648</hAcc><vAcc>0.885833</vAcc></extensions></trkpt>
      <trkpt lon="-82.151411" lat="33.553031"><ele>100.032731</ele><time>2024-05-24T11:03:51Z</time><extensions><speed>1.499205</speed><course>225.756980</course><hAcc>1.204869</hAcc><vAcc>0.884907</vAcc></extensions></trkpt>
      <trkpt lon="-82.151422" lat="33.553022"><ele>99.997436</ele><time>2024-05-24T11:03:52Z</time><extensions><speed>1.530225</speed><course>230.692183</course><hAcc>1.224918</hAcc><vAcc>0.883968</vAcc></extensions></trkpt>
      <trkpt lon="-82.151434" lat="33.553014"><ele>99.961949</ele><time>2024-05-24T11:03:53Z</time><extensions><speed>1.460424</speed><course>231.323130</course><hAcc>1.205853</hAcc><vAcc>0.883032</vAcc></extensions></trkpt>
      <trkpt lon="-82.151445" lat="33.553006"><ele>99.923289</ele><time>2024-05-24T11:03:54Z</time><extensions><speed>1.520818</speed><course>230.799623</course><hAcc>1.209535</hAcc><vAcc>0.882104</vAcc></extensions></trkpt>
      <trkpt lon="-82.151457" lat="33.552997"><ele>99.885866</ele><time>2024-05-24T11:03:55Z</time><extensions><speed>1.393750</speed><course>230.056368</course><hAcc>1.193226</hAcc><vAcc>0.881194</vAcc></extensions></trkpt>
      <trkpt lon="-82.151467" lat="33.552989"><ele>99.853597</ele><time>2024-05-24T11:03:56Z</time><extensions><speed>1.351420</speed><course>229.722324</course><hAcc>1.193527</hAcc><vAcc>0.880288</vAcc></extensions></trkpt>
      <trkpt lon="-82.151477" lat="33.552981"><ele>99.825376</ele><time>2024-05-24T11:03:57Z</time><extensions><speed>1.356565</speed><course>228.899921</course><hAcc>1.199269</hAcc><vAcc>0.879397</vAcc></extensions></trkpt>
      <trkpt lon="-82.151487" lat="33.552973"><ele>99.801221</ele><time>2024-05-24T11:03:58Z</time><extensions><speed>1.257875</speed><course>226.080858</course><hAcc>1.173214</hAcc><vAcc>0.878495</vAcc></extensions></trkpt>
      <trkpt lon="-82.151497" lat="33.552965"><ele>99.782476</ele><time>2024-05-24T11:03:59Z</time><extensions><speed>1.265196</speed><course>229.089390</course><hAcc>1.190837</hAcc><vAcc>0.877565</vAcc></extensions></trkpt>
      <trkpt lon="-82.151507" lat="33.552957"><ele>99.767950</ele><time>2024-05-24T11:04:00Z</time><extensions><speed>1.337228</speed><course>231.375913</course><hAcc>1.198290</hAcc><vAcc>0.876614</vAcc></extensions></trkpt>
      <trkpt lon="-82.151517" lat="33.552949"><ele>99.755008</ele><time>2024-05-24T11:04:01Z</time><extensions><speed>1.244389</speed><course>225.856595</course><hAcc>1.179822</hAcc><vAcc>0.875638</vAcc></extensions></trkpt>
      <trkpt lon="-82.151526" lat="33.552941"><ele>99.748198</ele><time>2024-05-24T11:04:02Z</time><extensions><speed>1.248625</speed><course>226.535954</course><hAcc>1.188293</hAcc><vAcc>0.874641</vAcc></extensions></trkpt>
      <trkpt lon="-82.151536" lat="33.552933"><ele>99.751886</ele><time>2024-05-24T11:04:03Z</time><extensions><speed>1.206910</speed><course>225.291590</course><hAcc>1.166522</hAcc><vAcc>0.873626</vAcc></extensions></trkpt>
      <trkpt lon="-82.151545" lat="33.552925"><ele>99.765125</ele><time>2024-05-24T11:04:04Z</time><extensions><speed>1.222729</speed><course>225.495426</course><hAcc>1.168272</hAcc><vAcc>0.872593</vAcc></extensions></trkpt>
      <trkpt lon="-82.151554" lat="33.552917"><ele>99.779407</ele><time>2024-05-24T11:04:05Z</time><extensions><speed>1.299263</speed><course>224.335755</course><hAcc>1.172868</hAcc><vAcc>0.871604</vAcc></extensions></trkpt>
      <trkpt lon="-82.151564" lat="33.552908"><ele>99.801078</ele><time>2024-05-24T11:04:06Z</time><extensions><speed>1.321718</speed><course>224.507187</course><hAcc>1.153389</hAcc><vAcc>0.870726</vAcc></extensions></trkpt>
      <trkpt lon="-82.151574" lat="33.552900"><ele>99.827919</ele><time>2024-05-24T11:04:07Z</time><extensions><speed>1.354083</speed><course>224.269690</course><hAcc>1.155496</hAcc><vAcc>0.869997</vAcc></extensions></trkpt>
      <trkpt lon="-82.151583" lat="33.552891"><ele>99.860131</ele><time>2024-05-24T11:04:08Z</time><extensions><speed>1.345356</speed><course>225.442479</course><hAcc>1.139064</hAcc><vAcc>0.869446</vAcc></extensions></trkpt>
      <trkpt lon="-82.151593" lat="33.552883"><ele>99.893518</ele><time>2024-05-24T11:04:09Z</time><extensions><speed>1.347931</speed><course>225.139189</course><hAcc>1.138259</hAcc><vAcc>0.869120</vAcc></extensions></trkpt>
      <trkpt lon="-82.151603" lat="33.552874"><ele>99.932070</ele><time>2024-05-24T11:04:10Z</time><extensions><speed>1.381937</speed><course>225.696513</course><hAcc>1.146374</hAcc><vAcc>0.869074</vAcc></extensions></trkpt>
      <trkpt lon="-82.151613" lat="33.552866"><ele>99.975089</ele><time>2024-05-24T11:04:11Z</time><extensions><speed>1.388506</speed><course>224.547582</course><hAcc>1.129791</hAcc><vAcc>0.869405</vAcc></extensions></trkpt>
      <trkpt lon="-82.151622" lat="33.552857"><ele>100.017173</ele><time>2024-05-24T11:04:12Z</time><extensions><speed>1.407691</speed><course>224.961672</course><hAcc>1.138581</hAcc><vAcc>0.870184</vAcc></extensions></trkpt>
      <trkpt lon="-82.151632" lat="33.552849"><ele>100.055366</ele><time>2024-05-24T11:04:13Z</time><extensions><speed>1.376429</speed><course>225.496142</course><hAcc>1.122204</hAcc><vAcc>0.871420</vAcc></extensions></trkpt>
      <trkpt lon="-82.151642" lat="33.552840"><ele>100.095249</ele><time>2024-05-24T11:04:14Z</time><extensions><speed>1.367552</speed><course>225.915910</course><hAcc>1.126755</hAcc><vAcc>0.873145</vAcc></extensions></trkpt>
      <trkpt lon="-82.151653" lat="33.552832"><ele>100.136149</ele><time>2024-05-24T11:04:15Z</time><extensions><speed>1.424409</speed><course>225.269237</course><hAcc>1.139079</hAcc><vAcc>0.875342</vAcc></extensions></trkpt>
      <trkpt lon="-82.151662" lat="33.552824"><ele>100.174011</ele><time>2024-05-24T11:04:16Z</time><extensions><speed>1.331424</speed><course>224.080425</course><hAcc>1.122456</hAcc><vAcc>0.878039</vAcc></extensions></trkpt>
      <trkpt lon="-82.151672" lat="33.552816"><ele>100.217109</ele><time>2024-05-24T11:04:17Z</time><extensions><speed>1.271893</speed><course>222.145402</course><hAcc>1.135307</hAcc><vAcc>0.881150</vAcc></extensions></trkpt>
      <trkpt lon="-82.151681" lat="33.552807"><ele>100.268227</ele><time>2024-05-24T11:04:18Z</time><extensions><speed>1.357823</speed><course>220.617283</course><hAcc>1.166456</hAcc><vAcc>0.884574</vAcc></extensions></trkpt>
      <trkpt lon="-82.151690" lat="33.552798"><ele>100.322396</ele><time>2024-05-24T11:04:19Z</time><extensions><speed>1.234868</speed><course>220.810179</course><hAcc>1.170493</hAcc><vAcc>0.888224</vAcc></extensions></trkpt>
      <trkpt lon="-82.151699" lat="33.552790"><ele>100.384135</ele><time>2024-05-24T11:04:20Z</time><extensions><speed>1.299957</speed><course>220.315532</course><hAcc>1.178559</hAcc><vAcc>0.892005</vAcc></extensions></trkpt>
      <trkpt lon="-82.151707" lat="33.552782"><ele>100.449854</ele><time>2024-05-24T11:04:21Z</time><extensions><speed>1.121960</speed><course>220.725987</course><hAcc>1.174721</hAcc><vAcc>0.895807</vAcc></extensions></trkpt>
      <trkpt lon="-82.151715" lat="33.552775"><ele>100.520484</ele><time>2024-05-24T11:04:22Z</time><extensions><speed>1.083564</speed><course>221.317281</course><hAcc>1.176689</hAcc><vAcc>0.899486</vAcc></extensions></trkpt>
      <trkpt lon="-82.151723" lat="33.552767"><ele>100.593525</ele><time>2024-05-24T11:04:23Z</time><extensions><speed>1.191950</speed><course>221.254109</course><hAcc>1.191396</hAcc><vAcc>0.902913</vAcc></extensions></trkpt>
      <trkpt lon="-82.151731" lat="33.552759"><ele>100.662478</ele><time>2024-05-24T11:04:24Z</time><extensions><speed>1.131432</speed><course>220.018335</course><hAcc>1.173889</hAcc><vAcc>0.905970</vAcc></extensions></trkpt>
      <trkpt lon="-82.151740" lat="33.552751"><ele>100.724247</ele><time>2024-05-24T11:04:25Z</time><extensions><speed>1.192366</speed><course>218.870759</course><hAcc>1.187031</hAcc><vAcc>0.908578</vAcc></extensions></trkpt>
      <trkpt lon="-82.151748" lat="33.552743"><ele>100.778141</ele><time>2024-05-24T11:04:26Z</time><extensions><speed>1.154788</speed><course>219.408546</course><hAcc>1.163595</hAcc><vAcc>0.910665</vAcc></extensions></trkpt>
      <trkpt lon="-82.151757" lat="33.552735"><ele>100.825043</ele><time>2024-05-24T11:04:27Z</time><extensions><speed>1.198293</speed><course>218.757447</course><hAcc>1.176928</hAcc><vAcc>0.912207</vAcc></extensions></trkpt>
      <trkpt lon="-82.151766" lat="33.552726"><ele>100.859066</ele><time>2024-05-24T11:04:28Z</time><extensions><speed>1.228417</speed><course>219.769696</course><hAcc>1.185819</hAcc><vAcc>0.913171</vAcc></extensions></trkpt>
      <trkpt lon="-82.151775" lat="33.552718"><ele>100.883802</ele><time>2024-05-24T11:04:29Z</time><extensions><speed>1.245952</speed><course>222.052864</course><hAcc>1.165168</hAcc><vAcc>0.913569</vAcc></extensions></trkpt>
      <trkpt lon="-82.151785" lat="33.552710"><ele>100.903293</ele><time>2024-05-24T11:04:30Z</time><extensions><speed>1.249325</speed><course>221.720509</course><hAcc>1.177515</hAcc><vAcc>0.913389</vAcc></extensions></trkpt>
      <trkpt lon="-82.151795" lat="33.552701"><ele>100.917992</ele><time>2024-05-24T11:04:31Z</time><extensions><speed>1.300609</speed><course>218.292247</course><hAcc>1.173865</hAcc><vAcc>0.912671</vAcc></extensions></trkpt>
      <trkpt lon="-82.151804" lat="33.552692"><ele>100.924023</ele><time>2024-05-24T11:04:32Z</time><extensions><speed>1.305184</speed><course>216.021991</course><hAcc>1.179386</hAcc><vAcc>0.911516</vAcc></extensions></trkpt>
      <trkpt lon="-82.151813" lat="33.552684"><ele>100.924779</ele><time>2024-05-24T11:04:33Z</time><extensions><speed>1.285578</speed><course>218.330635</course><hAcc>1.186996</hAcc><vAcc>0.909999</vAcc></extensions></trkpt>
      <trkpt lon="-82.151822" lat="33.552675"><ele>100.917010</ele><time>2024-05-24T11:04:34Z</time><extensions><speed>1.323457</speed><course>218.820076</course><hAcc>1.170316</hAcc><vAcc>0.908212</vAcc></extensions></trkpt>
      <trkpt lon="-82.151832" lat="33.552666"><ele>100.900842</ele><time>2024-05-24T11:04:35Z</time><extensions><speed>1.365970</speed><course>217.623487</course><hAcc>1.170680</hAcc><vAcc>0.906267</vAcc></extensions></trkpt>
      <trkpt lon="-82.151841" lat="33.552656"><ele>100.877144</ele><time>2024-05-24T11:04:36Z</time><extensions><speed>1.400000</speed><course>216.295189</course><hAcc>1.181955</hAcc><vAcc>0.904241</vAcc></extensions></trkpt>
      <trkpt lon="-82.151851" lat="33.552647"><ele>100.847102</ele><time>2024-05-24T11:04:37Z</time><extensions><speed>1.417509</speed><course>218.057646</course><hAcc>1.166302</hAcc><vAcc>0.902259</vAcc></extensions></trkpt>
      <trkpt lon="-82.151861" lat="33.552637"><ele>100.826899</ele><time>2024-05-24T11:04:38Z</time><extensions><speed>1.408897</speed><course>217.176488</course><hAcc>1.183068</hAcc><vAcc>0.900383</vAcc></extensions></trkpt>
      <trkpt lon="-82.151871" lat="33.552628"><ele>100.800056</ele><time>2024-05-24T11:04:39Z</time><extensions><speed>1.409573</speed><course>221.427417</course><hAcc>1.163843</hAcc><vAcc>0.898749</vAcc></extensions></trkpt>
      <trkpt lon="-82.151881" lat="33.552619"><ele>100.761122</ele><time>2024-05-24T11:04:40Z</time><extensions><speed>1.389429</speed><course>218.347380</course><hAcc>1.181523</hAcc><vAcc>0.897421</vAcc></extensions></trkpt>
      <trkpt lon="-82.151891" lat="33.552610"><ele>100.716069</ele><time>2024-05-24T11:04:41Z</time><extensions><speed>1.333097</speed><course>221.414678</course><hAcc>1.190896</hAcc><vAcc>0.896451</vAcc></extensions></trkpt>
      <trkpt lon="-82.151902" lat="33.552602"><ele>100.669674</ele><time>2024-05-24T11:04:42Z</time><extensions><speed>1.322945</speed><course>225.733434</course><hAcc>1.170639</hAcc><vAcc>0.895878</vAcc></extensions></trkpt>
      <trkpt lon="-82.151913" lat="33.552595"><ele>100.620726</ele><time>2024-05-24T11:04:43Z</time><extensions><speed>1.318391</speed><course>227.610896</course><hAcc>1.182802</hAcc><vAcc>0.895711</vAcc></extensions></trkpt>
      <trkpt lon="-82.151924" lat="33.552587"><ele>100.573566</ele><time>2024-05-24T11:04:44Z</time><extensions><speed>1.296054</speed><course>221.416234</course><hAcc>1.179837</hAcc><vAcc>0.895987</vAcc></extensions></trkpt>
      <trkpt lon="-82.151934" lat="33.552579"><ele>100.525841</ele><time>2024-05-24T11:04:45Z</time><extensions><speed>1.312004</speed><course>226.808635</course><hAcc>1.177743</hAcc><vAcc>0.896655</vAcc></extensions></trkpt>
      <trkpt lon="-82.151945" lat="33.552572"><ele>100.476369</ele><time>2024-05-24T11:04:46Z</time><extensions><speed>1.329812</speed><course>223.769661</course><hAcc>1.194301</hAcc><vAcc>0.897612</vAcc></extensions></trkpt>
      <trkpt lon="-82.151956" lat="33.552564"><ele>100.426497</ele><time>2024-05-24T11:04:47Z</time><extensions><speed>1.314005</speed><course>223.072167</course><hAcc>1.176827</hAcc><vAcc>0.898798</vAcc></extensions></trkpt>
      <trkpt lon="-82.151967" lat="33.552556"><ele>100.370790</ele><time>2024-05-24T11:04:48Z</time><extensions><speed>1.330761</speed><course>228.082796</course><hAcc>1.181984</hAcc><vAcc>0.900135</vAcc></extensions></trkpt>
      <trkpt lon="-82.151978" lat="33.552549"><ele>100.317008</ele><time>2024-05-24T11:04:49Z</time><extensions><speed>1.300836</speed><course>224.500975</course><hAcc>1.177746</hAcc><vAcc>0.901482</vAcc></extensions></trkpt>
      <trkpt lon="-82.151988" lat="33.552541"><ele>100.263793</ele><time>2024-05-24T11:04:50Z</time><extensions><speed>1.290327</speed><course>222.739310</course><hAcc>1.179907</hAcc><vAcc>0.902737</vAcc></extensions></trkpt>
      <trkpt lon="-82.151998" lat="33.552533"><ele>100.210042</ele><time>2024-05-24T11:04:51Z</time><extensions><speed>1.273358</speed><course>221.724490</course><hAcc>1.186903</hAcc><vAcc>0.903818</vAcc></extensions></trkpt>
      <trkpt lon="-82.152008" lat="33.552526"><ele>100.156552</ele><time>2024-05-24T11:04:52Z</time><extensions><speed>1.257910</speed><course>225.876055</course><hAcc>1.165875</hAcc><vAcc>0.904627</vAcc></extensions></trkpt>
      <trkpt lon="-82.152018" lat="33.552518"><ele>100.102886</ele><time>2024-05-24T11:04:53Z</time><extensions><speed>1.256431</speed><course>222.753922</course><hAcc>1.174904</hAcc><vAcc>0.905089</vAcc></extensions></trkpt>
      <trkpt lon="-82.152029" lat="33.552511"><ele>100.059529</ele><time>2024-05-24T11:04:54Z</time><extensions><speed>1.321419</speed><course>231.611341</course><hAcc>1.181354</hAcc><vAcc>0.905141</vAcc></extensions></trkpt>
      <trkpt lon="-82.152041" lat="33.552504"><ele>100.017999</ele><time>2024-05-24T11:04:55Z</time><extensions><speed>1.293373</speed><course>226.488502</course><hAcc>1.181804</hAcc><vAcc>0.904746</vAcc></extensions></trkpt>
      <trkpt lon="-82.152052" lat="33.552497"><ele>99.976227</ele><time>2024-05-24T11:04:56Z</time><extensions><speed>1.279585</speed><course>225.813794</course><hAcc>1.192850</hAcc><vAcc>0.903855</vAcc></extensions></trkpt>
      <trkpt lon="-82.152063" lat="33.552489"><ele>99.936067</ele><time>2024-05-24T11:04:57Z</time><extensions><speed>1.272071</speed><course>228.017186</course><hAcc>1.172989</hAcc><vAcc>0.902483</vAcc></extensions></trkpt>
      <trkpt lon="-82.152073" lat="33.552482"><ele>99.897113</ele><time>2024-05-24T11:04:58Z</time><extensions><speed>1.264005</speed><course>224.850697</course><hAcc>1.175418</hAcc><vAcc>0.900686</vAcc></extensions></trkpt>
      <trkpt lon="-82.152084" lat="33.552475"><ele>99.861721</ele><time>2024-05-24T11:04:59Z</time><extensions><speed>1.264688</speed><course>227.579707</course><hAcc>1.181429</hAcc><vAcc>0.898489</vAcc></extensions></trkpt>
      <trkpt lon="-82.152095" lat="33.552467"><ele>99.826203</ele><time>2024-05-24T11:05:00Z</time><extensions><speed>1.262915</speed><course>228.079632</course><hAcc>1.169008</hAcc><vAcc>0.895972</vAcc></extensions></trkpt>
      <trkpt lon="-82.152106" lat="33.552460"><ele>99.792062</ele><time>2024-05-24T11:05:01Z</time><extensions><speed>1.238370</speed><course>224.730320</course><hAcc>1.179510</hAcc><vAcc>0.893193</vAcc></extensions></trkpt>
      <trkpt lon="-82.152116" lat="33.552453"><ele>99.754200</ele><time>2024-05-24T11:05:02Z</time><extensions><speed>1.274796</speed><course>225.971655</course><hAcc>1.158803</hAcc><vAcc>0.890210</vAcc></extensions></trkpt>
      <trkpt lon="-82.152126" lat="33.552446"><ele>99.716513</ele><time>2024-05-24T11:05:03Z</time><extensions><speed>1.274236</speed><course>224.622733</course><hAcc>1.160382</hAcc><vAcc>0.887088</vAcc></extensions></trkpt>
      <trkpt lon="-82.152136" lat="33.552438"><ele>99.688251</ele><time>2024-05-24T11:05:04Z</time><extensions><speed>1.277296</speed><course>224.027223</course><hAcc>1.164577</hAcc><vAcc>0.883932</vAcc></extensions></trkpt>
      <trkpt lon="-82.152146" lat="33.552431"><ele>99.667846</ele><time>2024-05-24T11:05:05Z</time><extensions><speed>1.279428</speed><course>221.812828</course><hAcc>1.146368</hAcc><vAcc>0.880836</vAcc></extensions></trkpt>
      <trkpt lon="-82.152156" lat="33.552423"><ele>99.651774</ele><time>2024-05-24T11:05:06Z</time><extensions><speed>1.308392</speed><course>224.364390</course><hAcc>1.145949</hAcc><vAcc>0.877862</vAcc></extensions></trkpt>
      <trkpt lon="-82.152167" lat="33.552415"><ele>99.637784</ele><time>2024-05-24T11:05:07Z</time><extensions><speed>1.330879</speed><course>222.368319</course><hAcc>1.161638</hAcc><vAcc>0.875063</vAcc></extensions></trkpt>
      <trkpt lon="-82.152177" lat="33.552407"><ele>99.627473</ele><time>2024-05-24T11:05:08Z</time><extensions><speed>1.318501</speed><course>224.034558</course><hAcc>1.145588</hAcc><vAcc>0.872495</vAcc></extensions></trkpt>
      <trkpt lon="-82.152188" lat="33.552399"><ele>99.618031</ele><time>2024-05-24T11:05:09Z</time><extensions><speed>1.330044</speed><course>224.332233</course><hAcc>1.152862</hAcc><vAcc>0.870184</vAcc></extensions></trkpt>
      <trkpt lon="-82.152198" lat="33.552391"><ele>99.603902</ele><time>2024-05-24T11:05:10Z</time><extensions><speed>1.300419</speed><course>224.881271</course><hAcc>1.134113</hAcc><vAcc>0.868167</vAcc></extensions></trkpt>
      <trkpt lon="-82.152209" lat="33.552384"><ele>99.591667</ele><time>2024-05-24T11:05:11Z</time><extensions><speed>1.256378</speed><course>226.358972</course><hAcc>1.133000</hAcc><vAcc>0.866460</vAcc></extensions></trkpt>
      <trkpt lon="-82.152220" lat="33.552377"><ele>99.579985</ele><time>2024-05-24T11:05:12Z</time><extensions><speed>1.276782</speed><course>230.661850</course><hAcc>1.142823</hAcc><vAcc>0.865072</vAcc></extensions></trkpt>
      <trkpt lon="-82.152231" lat="33.552370"><ele>99.569698</ele><time>2024-05-24T11:05:13Z</time><extensions><speed>1.234386</speed><course>229.392269</course><hAcc>1.136948</hAcc><vAcc>0.864007</vAcc></extensions></trkpt>
      <trkpt lon="-82.152242" lat="33.552363"><ele>99.558730</ele><time>2024-05-24T11:05:14Z</time><extensions><speed>1.219592</speed><course>230.229658</course><hAcc>1.142501</hAcc><vAcc>0.863261</vAcc></extensions></trkpt>
      <trkpt lon="-82.152253" lat="33.552357"><ele>99.551385</ele><time>2024-05-24T11:05:15Z</time><extensions><speed>1.239233</speed><course>230.075658</course><hAcc>1.127935</hAcc><vAcc>0.862770</vAcc></extensions></trkpt>
      <trkpt lon="-82.152264" lat="33.552350"><ele>99.551135</ele><time>2024-05-24T11:05:16Z</time><extensions><speed>1.263194</speed><course>229.397324</course><hAcc>1.135403</hAcc><vAcc>0.862544</vAcc></extensions></trkpt>
      <trkpt lon="-82.152274" lat="33.552344"><ele>99.556699</ele><time>2024-05-24T11:05:17Z</time><extensions><speed>1.262866</speed><course>229.432415</course><hAcc>1.144895</hAcc><vAcc>0.862566</vAcc></extensions></trkpt>
      <trkpt lon="-82.152285" lat="33.552337"><ele>99.559918</ele><time>2024-05-24T11:05:18Z</time><extensions><speed>1.264651</speed><course>231.379139</course><hAcc>1.130569</hAcc><vAcc>0.862781</vAcc></extensions></trkpt>
      <trkpt lon="-82.152296" lat="33.552330"><ele>99.562494</ele><time>2024-05-24T11:05:19Z</time><extensions><speed>1.271304</speed><course>229.908310</course><hAcc>1.146897</hAcc><vAcc>0.863165</vAcc></extensions></trkpt>
      <trkpt lon="-82.152307" lat="33.552324"><ele>99.566625</ele><time>2024-05-24T11:05:20Z</time><extensions><speed>1.287280</speed><course>235.828313</course><hAcc>1.135229</hAcc><vAcc>0.863697</vAcc></extensions></trkpt>
      <trkpt lon="-82.152319" lat="33.552317"><ele>99.570812</ele><time>2024-05-24T11:05:21Z</time><extensions><speed>1.314644</speed><course>231.597881</course><hAcc>1.156136</hAcc><vAcc>0.864343</vAcc></extensions></trkpt>
      <trkpt lon="-82.152331" lat="33.552311"><ele>99.578429</ele><time>2024-05-24T11:05:22Z</time><extensions><speed>1.328380</speed><course>233.529025</course><hAcc>1.171712</hAcc><vAcc>0.865061</vAcc></extensions></trkpt>
      <trkpt lon="-82.152343" lat="33.552304"><ele>99.583684</ele><time>2024-05-24T11:05:23Z</time><extensions><speed>1.316179</speed><course>231.575135</course><hAcc>1.167824</hAcc><vAcc>0.865829</vAcc></extensions></trkpt>
      <trkpt lon="-82.152355" lat="33.552297"><ele>99.587189</ele><time>2024-05-24T11:05:24Z</time><extensions><speed>1.327671</speed><course>233.542518</course><hAcc>1.176556</hAcc><vAcc>0.866612</vAcc></extensions></trkpt>
      <trkpt lon="-82.152367" lat="33.552290"><ele>99.593153</ele><time>2024-05-24T11:05:25Z</time><extensions><speed>1.327154</speed><course>234.443607</course><hAcc>1.180345</hAcc><vAcc>0.867405</vAcc></extensions></trkpt>
      <trkpt lon="-82.152378" lat="33.552283"><ele>99.602519</ele><time>2024-05-24T11:05:26Z</time><extensions><speed>1.223315</speed><course>226.433333</course><hAcc>1.173501</hAcc><vAcc>0.868219</vAcc></extensions></trkpt>
      <trkpt lon="-82.152388" lat="33.552276"><ele>99.613858</ele><time>2024-05-24T11:05:27Z</time><extensions><speed>1.227900</speed><course>223.771428</course><hAcc>1.180612</hAcc><vAcc>0.869014</vAcc></extensions></trkpt>
      <trkpt lon="-82.152398" lat="33.552269"><ele>99.623708</ele><time>2024-05-24T11:05:28Z</time><extensions><speed>1.223739</speed><course>225.663940</course><hAcc>1.159388</hAcc><vAcc>0.869789</vAcc></extensions></trkpt>
      <trkpt lon="-82.152408" lat="33.552262"><ele>99.634255</ele><time>2024-05-24T11:05:29Z</time><extensions><speed>1.237289</speed><course>230.598277</course><hAcc>1.156330</hAcc><vAcc>0.870522</vAcc></extensions></trkpt>
      <trkpt lon="-82.152419" lat="33.552255"><ele>99.650160</ele><time>2024-05-24T11:05:30Z</time><extensions><speed>1.240413</speed><course>231.106636</course><hAcc>1.167282</hAcc><vAcc>0.871204</vAcc></extensions></trkpt>
      <trkpt lon="-82.152430" lat="33.552249"><ele>99.669034</ele><time>2024-05-24T11:05:31Z</time><extensions><speed>1.275459</speed><course>231.931684</course><hAcc>1.153324</hAcc><vAcc>0.871840</vAcc></extensions></trkpt>
      <trkpt lon="-82.152441" lat="33.552242"><ele>99.687383</ele><time>2024-05-24T11:05:32Z</time><extensions><speed>1.302124</speed><course>234.606212</course><hAcc>1.156186</hAcc><vAcc>0.872429</vAcc></extensions></trkpt>
      <trkpt lon="-82.152454" lat="33.552236"><ele>99.705986</ele><time>2024-05-24T11:05:33Z</time><extensions><speed>1.330203</speed><course>239.385415</course><hAcc>1.137531</hAcc><vAcc>0.873010</vAcc></extensions></trkpt>
      <trkpt lon="-82.152467" lat="33.552231"><ele>99.728107</ele><time>2024-05-24T11:05:34Z</time><extensions><speed>1.342631</speed><course>238.799792</course><hAcc>1.143442</hAcc><vAcc>0.873627</vAcc></extensions></trkpt>
      <trkpt lon="-82.152480" lat="33.552225"><ele>99.758522</ele><time>2024-05-24T11:05:35Z</time><extensions><speed>1.329589</speed><course>239.894996</course><hAcc>1.151278</hAcc><vAcc>0.874287</vAcc></extensions></trkpt>
      <trkpt lon="-82.152493" lat="33.552219"><ele>99.785325</ele><time>2024-05-24T11:05:36Z</time><extensions><speed>1.301525</speed><course>239.053127</course><hAcc>1.142262</hAcc><vAcc>0.875045</vAcc></extensions></trkpt>
      <trkpt lon="-82.152505" lat="33.552213"><ele>99.812677</ele><time>2024-05-24T11:05:37Z</time><extensions><speed>1.305999</speed><course>235.880764</course><hAcc>1.157391</hAcc><vAcc>0.875912</vAcc></extensions></trkpt>
      <trkpt lon="-82.152517" lat="33.552206"><ele>99.839021</ele><time>2024-05-24T11:05:38Z</time><extensions><speed>1.289701</speed><course>230.870800</course><hAcc>1.148753</hAcc><vAcc>0.876888</vAcc></extensions></trkpt>
      <trkpt lon="-82.152527" lat="33.552199"><ele>99.867518</ele><time>2024-05-24T11:05:39Z</time><extensions><speed>1.283188</speed><course>226.847260</course><hAcc>1.156571</hAcc><vAcc>0.877964</vAcc></extensions></trkpt>
      <trkpt lon="-82.152537" lat="33.552191"><ele>99.895148</ele><time>2024-05-24T11:05:40Z</time><extensions><speed>1.275259</speed><course>226.660857</course><hAcc>1.164155</hAcc><vAcc>0.879152</vAcc></extensions></trkpt>
      <trkpt lon="-82.152547" lat="33.552183"><ele>99.917456</ele><time>2024-05-24T11:05:41Z</time><extensions><speed>1.292705</speed><course>227.486112</course><hAcc>1.145183</hAcc><vAcc>0.880443</vAcc></extensions></trkpt>
      <trkpt lon="-82.152557" lat="33.552175"><ele>99.933212</ele><time>2024-05-24T11:05:42Z</time><extensions><speed>1.321212</speed><course>227.110952</course><hAcc>1.147874</hAcc><vAcc>0.881818</vAcc></extensions></trkpt>
      <trkpt lon="-82.152568" lat="33.552166"><ele>99.947937</ele><time>2024-05-24T11:05:43Z</time><extensions><speed>1.311745</speed><course>224.853673</course><hAcc>1.159813</hAcc><vAcc>0.883260</vAcc></extensions></trkpt>
      <trkpt lon="-82.152578" lat="33.552158"><ele>99.961534</ele><time>2024-05-24T11:05:44Z</time><extensions><speed>1.325960</speed><course>228.001205</course><hAcc>1.143276</hAcc><vAcc>0.884772</vAcc></extensions></trkpt>
      <trkpt lon="-82.152588" lat="33.552150"><ele>99.975121</ele><time>2024-05-24T11:05:45Z</time><extensions><speed>1.316431</speed><course>230.165491</course><hAcc>1.175514</hAcc><vAcc>0.886283</vAcc></extensions></trkpt>
      <trkpt lon="-82.152599" lat="33.552142"><ele>99.981414</ele><time>2024-05-24T11:05:46Z</time><extensions><speed>1.387396</speed><course>232.419918</course><hAcc>1.172229</hAcc><vAcc>0.887749</vAcc></extensions></trkpt>
      <trkpt lon="-82.152611" lat="33.552134"><ele>99.985183</ele><time>2024-05-24T11:05:47Z</time><extensions><speed>1.385451</speed><course>232.629166</course><hAcc>1.178199</hAcc><vAcc>0.889115</vAcc></extensions></trkpt>
      <trkpt lon="-82.152622" lat="33.552126"><ele>99.986479</ele><time>2024-05-24T11:05:48Z</time><extensions><speed>1.357450</speed><course>231.017251</course><hAcc>1.190067</hAcc><vAcc>0.890340</vAcc></extensions></trkpt>
      <trkpt lon="-82.152633" lat="33.552119"><ele>99.978469</ele><time>2024-05-24T11:05:49Z</time><extensions><speed>1.324705</speed><course>233.301203</course><hAcc>1.170901</hAcc><vAcc>0.891404</vAcc></extensions></trkpt>
      <trkpt lon="-82.152644" lat="33.552112"><ele>99.966675</ele><time>2024-05-24T11:05:50Z</time><extensions><speed>1.320822</speed><course>237.672003</course><hAcc>1.183215</hAcc><vAcc>0.892295</vAcc></extensions></trkpt>
      <trkpt lon="-82.152655" lat="33.552105"><ele>99.947780</ele><time>2024-05-24T11:05:51Z</time><extensions><speed>1.281041</speed><course>236.876330</course><hAcc>1.163371</hAcc><vAcc>0.893037</vAcc></extensions></trkpt>
      <trkpt lon="-82.152667" lat="33.552099"><ele>99.918840</ele><time>2024-05-24T11:05:52Z</time><extensions><speed>1.282274</speed><course>236.294705</course><hAcc>1.172400</hAcc><vAcc>0.893596</vAcc></extensions></trkpt>
      <trkpt lon="-82.152678" lat="33.552092"><ele>99.883529</ele><time>2024-05-24T11:05:53Z</time><extensions><speed>1.298737</speed><course>233.604825</course><hAcc>1.179098</hAcc><vAcc>0.894007</vAcc></extensions></trkpt>
      <trkpt lon="-82.152689" lat="33.552085"><ele>99.840851</ele><time>2024-05-24T11:05:54Z</time><extensions><speed>1.316947</speed><course>232.136258</course><hAcc>1.163702</hAcc><vAcc>0.894272</vAcc></extensions></trkpt>
      <trkpt lon="-82.152700" lat="33.552077"><ele>99.789389</ele><time>2024-05-24T11:05:55Z</time><extensions><speed>1.334050</speed><course>230.643259</course><hAcc>1.170133</hAcc><vAcc>0.894391</vAcc></extensions></trkpt>
      <trkpt lon="-82.152711" lat="33.552070"><ele>99.731715</ele><time>2024-05-24T11:05:56Z</time><extensions><speed>1.278964</speed><course>232.519087</course><hAcc>1.156198</hAcc><vAcc>0.894403</vAcc></extensions></trkpt>
      <trkpt lon="-82.152723" lat="33.552063"><ele>99.670623</ele><time>2024-05-24T11:05:57Z</time><extensions><speed>1.272810</speed><course>235.815968</course><hAcc>1.159970</hAcc><vAcc>0.894333</vAcc></extensions></trkpt>
      <trkpt lon="-82.152734" lat="33.552057"><ele>99.604519</ele><time>2024-05-24T11:05:58Z</time><extensions><speed>1.287179</speed><course>238.191996</course><hAcc>1.169533</hAcc><vAcc>0.894201</vAcc></extensions></trkpt>
      <trkpt lon="-82.152746" lat="33.552051"><ele>99.534770</ele><time>2024-05-24T11:05:59Z</time><extensions><speed>1.242901</speed><course>236.261105</course><hAcc>1.154848</hAcc><vAcc>0.894026</vAcc></extensions></trkpt>
      <trkpt lon="-82.152757" lat="33.552045"><ele>99.458608</ele><time>2024-05-24T11:06:00Z</time><extensions><speed>1.241914</speed><course>234.520846</course><hAcc>1.157151</hAcc><vAcc>0.893873</vAcc></extensions></trkpt>
      <trkpt lon="-82.152768" lat="33.552038"><ele>99.375389</ele><time>2024-05-24T11:06:01Z</time><extensions><speed>1.258977</speed><course>235.841385</course><hAcc>1.172635</hAcc><vAcc>0.893726</vAcc></extensions></trkpt>
      <trkpt lon="-82.152779" lat="33.552032"><ele>99.294678</ele><time>2024-05-24T11:06:02Z</time><extensions><speed>1.278216</speed><course>236.286707</course><hAcc>1.168582</hAcc><vAcc>0.893601</vAcc></extensions></trkpt>
      <trkpt lon="-82.152790" lat="33.552026"><ele>99.210535</ele><time>2024-05-24T11:06:03Z</time><extensions><speed>1.287685</speed><course>236.422347</course><hAcc>1.173360</hAcc><vAcc>0.893484</vAcc></extensions></trkpt>
      <trkpt lon="-82.152802" lat="33.552020"><ele>99.126312</ele><time>2024-05-24T11:06:04Z</time><extensions><speed>1.287922</speed><course>238.523786</course><hAcc>1.169704</hAcc><vAcc>0.893398</vAcc></extensions></trkpt>
      <trkpt lon="-82.152814" lat="33.552014"><ele>99.047742</ele><time>2024-05-24T11:06:05Z</time><extensions><speed>1.290642</speed><course>240.211377</course><hAcc>1.206980</hAcc><vAcc>0.893357</vAcc></extensions></trkpt>
      <trkpt lon="-82.152825" lat="33.552008"><ele>98.971041</ele><time>2024-05-24T11:06:06Z</time><extensions><speed>1.306397</speed><course>240.445992</course><hAcc>1.226919</hAcc><vAcc>0.893377</vAcc></extensions></trkpt>
      <trkpt lon="-82.152837" lat="33.552002"><ele>98.899742</ele><time>2024-05-24T11:06:07Z</time><extensions><speed>1.299849</speed><course>240.070192</course><hAcc>1.210433</hAcc><vAcc>0.893437</vAcc></extensions></trkpt>
      <trkpt lon="-82.152849" lat="33.551996"><ele>98.840452</ele><time>2024-05-24T11:06:08Z</time><extensions><speed>1.305623</speed><course>239.082339</course><hAcc>1.215751</hAcc><vAcc>0.893544</vAcc></extensions></trkpt>
      <trkpt lon="-82.152861" lat="33.551990"><ele>98.787016</ele><time>2024-05-24T11:06:09Z</time><extensions><speed>1.283824</speed><course>237.545579</course><hAcc>1.199787</hAcc><vAcc>0.893704</vAcc></extensions></trkpt>
      <trkpt lon="-82.152873" lat="33.551984"><ele>98.734548</ele><time>2024-05-24T11:06:10Z</time><extensions><speed>1.262580</speed><course>237.130076</course><hAcc>1.225784</hAcc><vAcc>0.893901</vAcc></extensions></trkpt>
      <trkpt lon="-82.152884" lat="33.551978"><ele>98.681177</ele><time>2024-05-24T11:06:11Z</time><extensions><speed>1.247234</speed><course>237.935033</course><hAcc>1.271472</hAcc><vAcc>0.894140</vAcc></extensions></trkpt>
      <trkpt lon="-82.152895" lat="33.551973"><ele>98.630286</ele><time>2024-05-24T11:06:12Z</time><extensions><speed>1.232738</speed><course>238.373627</course><hAcc>1.270768</hAcc><vAcc>0.894459</vAcc></extensions></trkpt>
      <trkpt lon="-82.152907" lat="33.551967"><ele>98.584399</ele><time>2024-05-24T11:06:13Z</time><extensions><speed>1.260401</speed><course>240.413126</course><hAcc>1.283533</hAcc><vAcc>0.894903</vAcc></extensions></trkpt>
      <trkpt lon="-82.152918" lat="33.551962"><ele>98.541628</ele><time>2024-05-24T11:06:14Z</time><extensions><speed>1.230406</speed><course>239.105029</course><hAcc>1.278025</hAcc><vAcc>0.895492</vAcc></extensions></trkpt>
      <trkpt lon="-82.152929" lat="33.551956"><ele>98.507708</ele><time>2024-05-24T11:06:15Z</time><extensions><speed>1.225346</speed><course>235.532840</course><hAcc>1.290102</hAcc><vAcc>0.896220</vAcc></extensions></trkpt>
      <trkpt lon="-82.152939" lat="33.551949"><ele>98.470453</ele><time>2024-05-24T11:06:16Z</time><extensions><speed>1.216544</speed><course>229.107218</course><hAcc>1.337491</hAcc><vAcc>0.897116</vAcc></extensions></trkpt>
      <trkpt lon="-82.152949" lat="33.551942"><ele>98.430670</ele><time>2024-05-24T11:06:17Z</time><extensions><speed>1.197269</speed><course>225.532516</course><hAcc>1.353759</hAcc><vAcc>0.898243</vAcc></extensions></trkpt>
      <trkpt lon="-82.152957" lat="33.551933"><ele>98.383312</ele><time>2024-05-24T11:06:18Z</time><extensions><speed>1.197956</speed><course>219.574533</course><hAcc>1.362916</hAcc><vAcc>0.899694</vAcc></extensions></trkpt>
      <trkpt lon="-82.152964" lat="33.551924"><ele>98.338883</ele><time>2024-05-24T11:06:19Z</time><extensions><speed>1.229902</speed><course>214.594266</course><hAcc>1.405717</hAcc><vAcc>0.901503</vAcc></extensions></trkpt>
      <trkpt lon="-82.152971" lat="33.551915"><ele>98.292374</ele><time>2024-05-24T11:06:20Z</time><extensions><speed>1.205269</speed><course>213.786920</course><hAcc>1.406044</hAcc><vAcc>0.903695</vAcc></extensions></trkpt>
      <trkpt lon="-82.152977" lat="33.551906"><ele>98.245440</ele><time>2024-05-24T11:06:21Z</time><extensions><speed>1.197301</speed><course>207.994914</course><hAcc>1.422157</hAcc><vAcc>0.906274</vAcc></extensions></trkpt>
      <trkpt lon="-82.152982" lat="33.551896"><ele>98.198910</ele><time>2024-05-24T11:06:22Z</time><extensions><speed>1.176973</speed><course>205.204926</course><hAcc>1.413842</hAcc><vAcc>0.909219</vAcc></extensions></trkpt>
      <trkpt lon="-82.152985" lat="33.551886"><ele>98.151139</ele><time>2024-05-24T11:06:23Z</time><extensions><speed>1.164817</speed><course>196.630955</course><hAcc>1.431596</hAcc><vAcc>0.912527</vAcc></extensions></trkpt>
      <trkpt lon="-82.152987" lat="33.551875"><ele>98.100213</ele><time>2024-05-24T11:06:24Z</time><extensions><speed>1.179275</speed><course>183.838613</course><hAcc>1.464916</hAcc><vAcc>0.916120</vAcc></extensions></trkpt>
      <trkpt lon="-82.152986" lat="33.551864"><ele>98.050436</ele><time>2024-05-24T11:06:25Z</time><extensions><speed>1.244374</speed><course>174.557468</course><hAcc>1.458742</hAcc><vAcc>0.920018</vAcc></extensions></trkpt>
      <trkpt lon="-82.152983" lat="33.551853"><ele>98.006127</ele><time>2024-05-24T11:06:26Z</time><extensions><speed>1.275989</speed><course>169.193525</course><hAcc>1.483492</hAcc><vAcc>0.924165</vAcc></extensions></trkpt>
      <trkpt lon="-82.152981" lat="33.551841"><ele>97.964145</ele><time>2024-05-24T11:06:27Z</time><extensions><speed>1.304674</speed><course>178.320814</course><hAcc>1.511667</hAcc><vAcc>0.928535</vAcc></extensions></trkpt>
      <trkpt lon="-82.152979" lat="33.551830"><ele>97.921641</ele><time>2024-05-24T11:06:28Z</time><extensions><speed>1.323922</speed><course>173.684489</course><hAcc>1.529040</hAcc><vAcc>0.933071</vAcc></extensions></trkpt>
      <trkpt lon="-82.152976" lat="33.551818"><ele>97.875685</ele><time>2024-05-24T11:06:29Z</time><extensions><speed>1.306585</speed><course>170.174770</course><hAcc>1.553832</hAcc><vAcc>0.937751</vAcc></extensions></trkpt>
      <trkpt lon="-82.152972" lat="33.551806"><ele>97.831053</ele><time>2024-05-24T11:06:30Z</time><extensions><speed>1.366298</speed><course>172.332017</course><hAcc>1.547223</hAcc><vAcc>0.942529</vAcc></extensions></trkpt>
      <trkpt lon="-82.152969" lat="33.551794"><ele>97.784999</ele><time>2024-05-24T11:06:31Z</time><extensions><speed>1.393171</speed><course>172.011232</course><hAcc>1.559697</hAcc><vAcc>0.947308</vAcc></extensions></trkpt>
      <trkpt lon="-82.152965" lat="33.551781"><ele>97.727458</ele><time>2024-05-24T11:06:32Z</time><extensions><speed>1.374389</speed><course>165.576803</course><hAcc>1.563924</hAcc><vAcc>0.952019</vAcc></extensions></trkpt>
      <trkpt lon="-82.152960" lat="33.551769"><ele>97.659559</ele><time>2024-05-24T11:06:33Z</time><extensions><speed>1.410168</speed><course>163.246991</course><hAcc>1.555154</hAcc><vAcc>0.956612</vAcc></extensions></trkpt>
      <trkpt lon="-82.152956" lat="33.551757"><ele>97.588195</ele><time>2024-05-24T11:06:34Z</time><extensions><speed>1.367511</speed><course>167.327477</course><hAcc>1.587596</hAcc><vAcc>0.961015</vAcc></extensions></trkpt>
      <trkpt lon="-82.152951" lat="33.551745"><ele>97.512535</ele><time>2024-05-24T11:06:35Z</time><extensions><speed>1.389582</speed><course>166.326406</course><hAcc>1.568081</hAcc><vAcc>0.965180</vAcc></extensions></trkpt>
      <trkpt lon="-82.152946" lat="33.551733"><ele>97.435665</ele><time>2024-05-24T11:06:36Z</time><extensions><speed>1.372891</speed><course>161.276052</course><hAcc>1.562217</hAcc><vAcc>0.969032</vAcc></extensions></trkpt>
      <trkpt lon="-82.152940" lat="33.551722"><ele>97.359008</ele><time>2024-05-24T11:06:37Z</time><extensions><speed>1.348834</speed><course>158.565609</course><hAcc>1.583364</hAcc><vAcc>0.972514</vAcc></extensions></trkpt>
      <trkpt lon="-82.152933" lat="33.551711"><ele>97.275069</ele><time>2024-05-24T11:06:38Z</time><extensions><speed>1.320826</speed><course>162.696149</course><hAcc>1.572690</hAcc><vAcc>0.975620</vAcc></extensions></trkpt>
      <trkpt lon="-82.152928" lat="33.551701"><ele>97.190699</ele><time>2024-05-24T11:06:39Z</time><extensions><speed>1.291985</speed><course>163.091111</course><hAcc>1.561391</hAcc><vAcc>0.978342</vAcc></extensions></trkpt>
      <trkpt lon="-82.152922" lat="33.551690"><ele>97.098164</ele><time>2024-05-24T11:06:40Z</time><extensions><speed>1.312692</speed><course>163.222146</course><hAcc>1.524677</hAcc><vAcc>0.980628</vAcc></extensions></trkpt>
      <trkpt lon="-82.152916" lat="33.551680"><ele>97.009813</ele><time>2024-05-24T11:06:41Z</time><extensions><speed>1.351924</speed><course>155.631280</course><hAcc>1.500680</hAcc><vAcc>0.982447</vAcc></extensions></trkpt>
      <trkpt lon="-82.152908" lat="33.551670"><ele>96.924508</ele><time>2024-05-24T11:06:42Z</time><extensions><speed>1.347534</speed><course>154.481224</course><hAcc>1.510519</hAcc><vAcc>0.983718</vAcc></extensions></trkpt>
      <trkpt lon="-82.152900" lat="33.551659"><ele>96.833815</ele><time>2024-05-24T11:06:43Z</time><extensions><speed>1.354527</speed><course>152.294201</course><hAcc>1.485660</hAcc><vAcc>0.984447</vAcc></extensions></trkpt>
      <trkpt lon="-82.152891" lat="33.551650"><ele>96.748301</ele><time>2024-05-24T11:06:44Z</time><extensions><speed>1.340663</speed><course>150.682757</course><hAcc>1.485443</hAcc><vAcc>0.984586</vAcc></extensions></trkpt>
      <trkpt lon="-82.152883" lat="33.551640"><ele>96.668568</ele><time>2024-05-24T11:06:45Z</time><extensions><speed>1.339184</speed><course>149.814999</course><hAcc>1.453755</hAcc><vAcc>0.984107</vAcc></extensions></trkpt>
      <trkpt lon="-82.152873" lat="33.551631"><ele>96.602713</ele><time>2024-05-24T11:06:46Z</time><extensions><speed>1.305619</speed><course>141.440787</course><hAcc>1.424191</hAcc><vAcc>0.983098</vAcc></extensions></trkpt>
      <trkpt lon="-82.152863" lat="33.551623"><ele>96.541965</ele><time>2024-05-24T11:06:47Z</time><extensions><speed>1.291801</speed><course>141.283998</course><hAcc>1.421428</hAcc><vAcc>0.981658</vAcc></extensions></trkpt>
      <trkpt lon="-82.152853" lat="33.551614"><ele>96.491992</ele><time>2024-05-24T11:06:48Z</time><extensions><speed>1.269647</speed><course>146.061667</course><hAcc>1.395225</hAcc><vAcc>0.979840</vAcc></extensions></trkpt>
      <trkpt lon="-82.152844" lat="33.551605"><ele>96.449531</ele><time>2024-05-24T11:06:49Z</time><extensions><speed>1.259147</speed><course>146.003817</course><hAcc>1.379224</hAcc><vAcc>0.977721</vAcc></extensions></trkpt>
      <trkpt lon="-82.152835" lat="33.551597"><ele>96.420403</ele><time>2024-05-24T11:06:50Z</time><extensions><speed>1.240739</speed><course>142.058046</course><hAcc>1.379571</hAcc><vAcc>0.975270</vAcc></extensions></trkpt>
      <trkpt lon="-82.152825" lat="33.551589"><ele>96.400242</ele><time>2024-05-24T11:06:51Z</time><extensions><speed>1.268309</speed><course>136.930149</course><hAcc>1.346430</hAcc><vAcc>0.972523</vAcc></extensions></trkpt>
      <trkpt lon="-82.152815" lat="33.551581"><ele>96.376802</ele><time>2024-05-24T11:06:52Z</time><extensions><speed>1.248912</speed><course>143.325402</course><hAcc>1.355754</hAcc><vAcc>0.969496</vAcc></extensions></trkpt>
      <trkpt lon="-82.152805" lat="33.551573"><ele>96.351966</ele><time>2024-05-24T11:06:53Z</time><extensions><speed>1.322913</speed><course>123.716506</course><hAcc>1.321149</hAcc><vAcc>0.966291</vAcc></extensions></trkpt>
      <trkpt lon="-82.152792" lat="33.551567"><ele>96.327773</ele><time>2024-05-24T11:06:54Z</time><extensions><speed>1.302736</speed><course>129.188764</course><hAcc>1.320201</hAcc><vAcc>0.962974</vAcc></extensions></trkpt>
      <trkpt lon="-82.152782" lat="33.551560"><ele>96.307841</ele><time>2024-05-24T11:06:55Z</time><extensions><speed>1.253457</speed><course>142.313907</course><hAcc>1.340641</hAcc><vAcc>0.959610</vAcc></extensions></trkpt>
      <trkpt lon="-82.152772" lat="33.551552"><ele>96.288595</ele><time>2024-05-24T11:06:56Z</time><extensions><speed>1.292251</speed><course>135.301440</course><hAcc>1.311093</hAcc><vAcc>0.956254</vAcc></extensions></trkpt>
      <trkpt lon="-82.152761" lat="33.551544"><ele>96.269615</ele><time>2024-05-24T11:06:57Z</time><extensions><speed>1.312607</speed><course>129.038827</course><hAcc>1.310196</hAcc><vAcc>0.952923</vAcc></extensions></trkpt>
      <trkpt lon="-82.152749" lat="33.551537"><ele>96.249859</ele><time>2024-05-24T11:06:58Z</time><extensions><speed>1.307376</speed><course>134.754268</course><hAcc>1.301848</hAcc><vAcc>0.949639</vAcc></extensions></trkpt>
      <trkpt lon="-82.152737" lat="33.551530"><ele>96.234952</ele><time>2024-05-24T11:06:59Z</time><extensions><speed>1.349649</speed><course>124.683600</course><hAcc>1.291622</hAcc><vAcc>0.946390</vAcc></extensions></trkpt>
      <trkpt lon="-82.152725" lat="33.551523"><ele>96.228974</ele><time>2024-05-24T11:07:00Z</time><extensions><speed>1.304116</speed><course>131.236729</course><hAcc>1.315685</hAcc><vAcc>0.943203</vAcc></extensions></trkpt>
      <trkpt lon="-82.152713" lat="33.551515"><ele>96.228294</ele><time>2024-05-24T11:07:01Z</time><extensions><speed>1.342785</speed><course>131.124291</course><hAcc>1.296100</hAcc><vAcc>0.940065</vAcc></extensions></trkpt>
      <trkpt lon="-82.152701" lat="33.551508"><ele>96.231978</ele><time>2024-05-24T11:07:02Z</time><extensions><speed>1.318885</speed><course>127.392218</course><hAcc>1.290937</hAcc><vAcc>0.936983</vAcc></extensions></trkpt>
      <trkpt lon="-82.152689" lat="33.551501"><ele>96.242116</ele><time>2024-05-24T11:07:03Z</time><extensions><speed>1.325914</speed><course>131.346782</course><hAcc>1.273718</hAcc><vAcc>0.933983</vAcc></extensions></trkpt>
      <trkpt lon="-82.152678" lat="33.551492"><ele>96.261042</ele><time>2024-05-24T11:07:04Z</time><extensions><speed>1.321625</speed><course>133.095681</course><hAcc>1.273758</hAcc><vAcc>0.931128</vAcc></extensions></trkpt>
      <trkpt lon="-82.152667" lat="33.551484"><ele>96.277496</ele><time>2024-05-24T11:07:05Z</time><extensions><speed>1.265693</speed><course>134.094624</course><hAcc>1.285481</hAcc><vAcc>0.928458</vAcc></extensions></trkpt>
      <trkpt lon="-82.152655" lat="33.551476"><ele>96.292722</ele><time>2024-05-24T11:07:06Z</time><extensions><speed>1.365202</speed><course>126.918491</course><hAcc>1.263115</hAcc><vAcc>0.926023</vAcc></extensions></trkpt>
      <trkpt lon="-82.152643" lat="33.551469"><ele>96.296559</ele><time>2024-05-24T11:07:07Z</time><extensions><speed>1.386465</speed><course>127.191113</course><hAcc>1.260319</hAcc><vAcc>0.923831</vAcc></extensions></trkpt>
      <trkpt lon="-82.152631" lat="33.551461"><ele>96.300209</ele><time>2024-05-24T11:07:08Z</time><extensions><speed>1.311115</speed><course>132.574919</course><hAcc>1.282367</hAcc><vAcc>0.921907</vAcc></extensions></trkpt>
      <trkpt lon="-82.152619" lat="33.551453"><ele>96.310153</ele><time>2024-05-24T11:07:09Z</time><extensions><speed>1.397343</speed><course>130.318844</course><hAcc>1.253893</hAcc><vAcc>0.920241</vAcc></extensions></trkpt>
      <trkpt lon="-82.152608" lat="33.551445"><ele>96.324678</ele><time>2024-05-24T11:07:10Z</time><extensions><speed>1.358841</speed><course>130.390762</course><hAcc>1.267870</hAcc><vAcc>0.918914</vAcc></extensions></trkpt>
      <trkpt lon="-82.152596" lat="33.551436"><ele>96.334537</ele><time>2024-05-24T11:07:11Z</time><extensions><speed>1.439251</speed><course>135.561451</course><hAcc>1.268697</hAcc><vAcc>0.917931</vAcc></extensions></trkpt>
      <trkpt lon="-82.152586" lat="33.551427"><ele>96.340504</ele><time>2024-05-24T11:07:12Z</time><extensions><speed>1.450071</speed><course>136.680409</course><hAcc>1.272475</hAcc><vAcc>0.917302</vAcc></extensions></trkpt>
      <trkpt lon="-82.152575" lat="33.551418"><ele>96.342561</ele><time>2024-05-24T11:07:13Z</time><extensions><speed>1.376388</speed><course>130.136340</course><hAcc>1.280600</hAcc><vAcc>0.917049</vAcc></extensions></trkpt>
      <trkpt lon="-82.152563" lat="33.551409"><ele>96.345275</ele><time>2024-05-24T11:07:14Z</time><extensions><speed>1.485935</speed><course>131.078469</course><hAcc>1.266896</hAcc><vAcc>0.917191</vAcc></extensions></trkpt>
      <trkpt lon="-82.152551" lat="33.551400"><ele>96.344040</ele><time>2024-05-24T11:07:15Z</time><extensions><speed>1.455359</speed><course>131.562504</course><hAcc>1.274586</hAcc><vAcc>0.917748</vAcc></extensions></trkpt>
      <trkpt lon="-82.152540" lat="33.551391"><ele>96.337824</ele><time>2024-05-24T11:07:16Z</time><extensions><speed>1.485894</speed><course>134.260805</course><hAcc>1.276686</hAcc><vAcc>0.918678</vAcc></extensions></trkpt>
      <trkpt lon="-82.152529" lat="33.551381"><ele>96.332921</ele><time>2024-05-24T11:07:17Z</time><extensions><speed>1.477287</speed><course>136.021087</course><hAcc>1.279847</hAcc><vAcc>0.919931</vAcc></extensions></trkpt>
      <trkpt lon="-82.152518" lat="33.551371"><ele>96.326449</ele><time>2024-05-24T11:07:18Z</time><extensions><speed>1.395835</speed><course>138.931082</course><hAcc>1.294616</hAcc><vAcc>0.921478</vAcc></extensions></trkpt>
      <trkpt lon="-82.152509" lat="33.551361"><ele>96.324682</ele><time>2024-05-24T11:07:19Z</time><extensions><speed>1.428877</speed><course>142.395373</course><hAcc>1.306660</hAcc><vAcc>0.923203</vAcc></extensions></trkpt>
      <trkpt lon="-82.152500" lat="33.551351"><ele>96.322182</ele><time>2024-05-24T11:07:20Z</time><extensions><speed>1.396187</speed><course>144.845426</course><hAcc>1.330720</hAcc><vAcc>0.925021</vAcc></extensions></trkpt>
      <trkpt lon="-82.152491" lat="33.551340"><ele>96.314952</ele><time>2024-05-24T11:07:21Z</time><extensions><speed>1.446685</speed><course>147.679726</course><hAcc>1.315714</hAcc><vAcc>0.926848</vAcc></extensions></trkpt>
      <trkpt lon="-82.152483" lat="33.551329"><ele>96.307249</ele><time>2024-05-24T11:07:22Z</time><extensions><speed>1.438396</speed><course>148.278571</course><hAcc>1.329264</hAcc><vAcc>0.928599</vAcc></extensions></trkpt>
      <trkpt lon="-82.152476" lat="33.551318"><ele>96.298995</ele><time>2024-05-24T11:07:23Z</time><extensions><speed>1.382508</speed><course>148.073776</course><hAcc>1.349115</hAcc><vAcc>0.930204</vAcc></extensions></trkpt>
      <trkpt lon="-82.152468" lat="33.551307"><ele>96.292746</ele><time>2024-05-24T11:07:24Z</time><extensions><speed>1.390886</speed><course>147.693940</course><hAcc>1.327402</hAcc><vAcc>0.931631</vAcc></extensions></trkpt>
      <trkpt lon="-82.152461" lat="33.551297"><ele>96.289164</ele><time>2024-05-24T11:07:25Z</time><extensions><speed>1.396471</speed><course>147.946935</course><hAcc>1.318298</hAcc><vAcc>0.932804</vAcc></extensions></trkpt>
      <trkpt lon="-82.152453" lat="33.551286"><ele>96.289828</ele><time>2024-05-24T11:07:26Z</time><extensions><speed>1.427659</speed><course>148.222078</course><hAcc>1.327301</hAcc><vAcc>0.933655</vAcc></extensions></trkpt>
      <trkpt lon="-82.152445" lat="33.551276"><ele>96.293933</ele><time>2024-05-24T11:07:27Z</time><extensions><speed>1.426636</speed><course>146.076448</course><hAcc>1.327632</hAcc><vAcc>0.934118</vAcc></extensions></trkpt>
      <trkpt lon="-82.152436" lat="33.551266"><ele>96.306413</ele><time>2024-05-24T11:07:28Z</time><extensions><speed>1.419947</speed><course>144.961476</course><hAcc>1.338001</hAcc><vAcc>0.934123</vAcc></extensions></trkpt>
      <trkpt lon="-82.152427" lat="33.551256"><ele>96.316800</ele><time>2024-05-24T11:07:29Z</time><extensions><speed>1.396403</speed><course>142.394394</course><hAcc>1.309071</hAcc><vAcc>0.933671</vAcc></extensions></trkpt>
      <trkpt lon="-82.152418" lat="33.551247"><ele>96.330222</ele><time>2024-05-24T11:07:30Z</time><extensions><speed>1.388046</speed><course>141.641968</course><hAcc>1.307614</hAcc><vAcc>0.932768</vAcc></extensions></trkpt>
      <trkpt lon="-82.152408" lat="33.551238"><ele>96.349550</ele><time>2024-05-24T11:07:31Z</time><extensions><speed>1.424902</speed><course>141.636493</course><hAcc>1.307834</hAcc><vAcc>0.931442</vAcc></extensions></trkpt>
      <trkpt lon="-82.152399" lat="33.551228"><ele>96.372164</ele><time>2024-05-24T11:07:32Z</time><extensions><speed>1.377501</speed><course>142.272896</course><hAcc>1.288062</hAcc><vAcc>0.929806</vAcc></extensions></trkpt>
      <trkpt lon="-82.152389" lat="33.551219"><ele>96.402358</ele><time>2024-05-24T11:07:33Z</time><extensions><speed>1.398575</speed><course>143.347858</course><hAcc>1.285410</hAcc><vAcc>0.927970</vAcc></extensions></trkpt>
      <trkpt lon="-82.152380" lat="33.551210"><ele>96.440637</ele><time>2024-05-24T11:07:34Z</time><extensions><speed>1.288649</speed><course>142.628113</course><hAcc>1.257341</hAcc><vAcc>0.925996</vAcc></extensions></trkpt>
      <trkpt lon="-82.152372" lat="33.551201"><ele>96.481450</ele><time>2024-05-24T11:07:35Z</time><extensions><speed>1.259194</speed><course>142.940903</course><hAcc>1.260906</hAcc><vAcc>0.923970</vAcc></extensions></trkpt>
      <trkpt lon="-82.152363" lat="33.551191"><ele>96.527567</ele><time>2024-05-24T11:07:36Z</time><extensions><speed>1.289967</speed><course>142.897118</course><hAcc>1.275339</hAcc><vAcc>0.921962</vAcc></extensions></trkpt>
      <trkpt lon="-82.152354" lat="33.551183"><ele>96.579262</ele><time>2024-05-24T11:07:37Z</time><extensions><speed>1.234144</speed><course>143.584751</course><hAcc>1.260685</hAcc><vAcc>0.920004</vAcc></extensions></trkpt>
      <trkpt lon="-82.152346" lat="33.551174"><ele>96.631491</ele><time>2024-05-24T11:07:38Z</time><extensions><speed>1.265370</speed><course>140.559245</course><hAcc>1.262467</hAcc><vAcc>0.918171</vAcc></extensions></trkpt>
      <trkpt lon="-82.152337" lat="33.551165"><ele>96.683036</ele><time>2024-05-24T11:07:39Z</time><extensions><speed>1.211542</speed><course>140.488032</course><hAcc>1.249494</hAcc><vAcc>0.916520</vAcc></extensions></trkpt>
      <trkpt lon="-82.152328" lat="33.551157"><ele>96.735985</ele><time>2024-05-24T11:07:40Z</time><extensions><speed>1.216705</speed><course>139.661941</course><hAcc>1.248579</hAcc><vAcc>0.915137</vAcc></extensions></trkpt>
      <trkpt lon="-82.152319" lat="33.551149"><ele>96.789004</ele><time>2024-05-24T11:07:41Z</time><extensions><speed>1.230941</speed><course>137.437082</course><hAcc>1.252213</hAcc><vAcc>0.914055</vAcc></extensions></trkpt>
      <trkpt lon="-82.152310" lat="33.551141"><ele>96.838577</ele><time>2024-05-24T11:07:42Z</time><extensions><speed>1.235643</speed><course>140.072320</course><hAcc>1.240568</hAcc><vAcc>0.913274</vAcc></extensions></trkpt>
      <trkpt lon="-82.152301" lat="33.551133"><ele>96.881845</ele><time>2024-05-24T11:07:43Z</time><extensions><speed>1.245278</speed><course>141.007599</course><hAcc>1.238974</hAcc><vAcc>0.912791</vAcc></extensions></trkpt>
      <trkpt lon="-82.152292" lat="33.551124"><ele>96.922884</ele><time>2024-05-24T11:07:44Z</time><extensions><speed>1.259843</speed><course>140.166675</course><hAcc>1.245583</hAcc><vAcc>0.912544</vAcc></extensions></trkpt>
      <trkpt lon="-82.152283" lat="33.551116"><ele>96.966112</ele><time>2024-05-24T11:07:45Z</time><extensions><speed>1.298531</speed><course>141.551675</course><hAcc>1.231611</hAcc><vAcc>0.912482</vAcc></extensions></trkpt>
      <trkpt lon="-82.152274" lat="33.551107"><ele>97.013698</ele><time>2024-05-24T11:07:46Z</time><extensions><speed>1.372660</speed><course>140.544021</course><hAcc>1.238319</hAcc><vAcc>0.912546</vAcc></extensions></trkpt>
      <trkpt lon="-82.152265" lat="33.551097"><ele>97.061068</ele><time>2024-05-24T11:07:47Z</time><extensions><speed>1.366580</speed><course>141.903191</course><hAcc>1.223644</hAcc><vAcc>0.912709</vAcc></extensions></trkpt>
      <trkpt lon="-82.152255" lat="33.551088"><ele>97.110157</ele><time>2024-05-24T11:07:48Z</time><extensions><speed>1.353113</speed><course>141.971989</course><hAcc>1.227247</hAcc><vAcc>0.912978</vAcc></extensions></trkpt>
      <trkpt lon="-82.152246" lat="33.551078"><ele>97.157696</ele><time>2024-05-24T11:07:49Z</time><extensions><speed>1.337253</speed><course>140.872915</course><hAcc>1.240792</hAcc><vAcc>0.913372</vAcc></extensions></trkpt>
      <trkpt lon="-82.152236" lat="33.551069"><ele>97.203545</ele><time>2024-05-24T11:07:50Z</time><extensions><speed>1.337499</speed><course>138.060251</course><hAcc>1.220639</hAcc><vAcc>0.913905</vAcc></extensions></trkpt>
      <trkpt lon="-82.152227" lat="33.551060"><ele>97.247241</ele><time>2024-05-24T11:07:51Z</time><extensions><speed>1.342881</speed><course>141.141629</course><hAcc>1.253798</hAcc><vAcc>0.914589</vAcc></extensions></trkpt>
      <trkpt lon="-82.152217" lat="33.551051"><ele>97.288168</ele><time>2024-05-24T11:07:52Z</time><extensions><speed>1.330204</speed><course>139.330361</course><hAcc>1.237305</hAcc><vAcc>0.915443</vAcc></extensions></trkpt>
      <trkpt lon="-82.152208" lat="33.551042"><ele>97.333711</ele><time>2024-05-24T11:07:53Z</time><extensions><speed>1.309563</speed><course>138.800226</course><hAcc>1.260870</hAcc><vAcc>0.916446</vAcc></extensions></trkpt>
      <trkpt lon="-82.152198" lat="33.551034"><ele>97.373045</ele><time>2024-05-24T11:07:54Z</time><extensions><speed>1.301521</speed><course>136.836448</course><hAcc>1.273891</hAcc><vAcc>0.917586</vAcc></extensions></trkpt>
      <trkpt lon="-82.152188" lat="33.551026"><ele>97.411940</ele><time>2024-05-24T11:07:55Z</time><extensions><speed>1.298585</speed><course>132.403618</course><hAcc>1.257828</hAcc><vAcc>0.918822</vAcc></extensions></trkpt>
      <trkpt lon="-82.152178" lat="33.551018"><ele>97.445813</ele><time>2024-05-24T11:07:56Z</time><extensions><speed>1.277401</speed><course>132.303772</course><hAcc>1.282198</hAcc><vAcc>0.920165</vAcc></extensions></trkpt>
      <trkpt lon="-82.152168" lat="33.551011"><ele>97.473844</ele><time>2024-05-24T11:07:57Z</time><extensions><speed>1.283255</speed><course>136.956592</course><hAcc>1.288600</hAcc><vAcc>0.921572</vAcc></extensions></trkpt>
      <trkpt lon="-82.152158" lat="33.551003"><ele>97.497816</ele><time>2024-05-24T11:07:58Z</time><extensions><speed>1.288111</speed><course>133.399035</course><hAcc>1.284970</hAcc><vAcc>0.923004</vAcc></extensions></trkpt>
      <trkpt lon="-82.152148" lat="33.550996"><ele>97.519675</ele><time>2024-05-24T11:07:58Z</time><extensions><speed>1.327175</speed><course>135.038864</course><hAcc>1.294391</hAcc><vAcc>0.924400</vAcc></extensions></trkpt>
      <trkpt lon="-82.152137" lat="33.550988"><ele>97.538923</ele><time>2024-05-24T11:07:59Z</time><extensions><speed>1.292245</speed><course>133.983562</course><hAcc>1.267603</hAcc><vAcc>0.925647</vAcc></extensions></trkpt>
      <trkpt lon="-82.152127" lat="33.550981"><ele>97.559949</ele><time>2024-05-24T11:08:00Z</time><extensions><speed>1.257764</speed><course>134.331974</course><hAcc>1.271086</hAcc><vAcc>0.926673</vAcc></extensions></trkpt>
      <trkpt lon="-82.152117" lat="33.550973"><ele>97.578269</ele><time>2024-05-24T11:08:01Z</time><extensions><speed>1.291817</speed><course>138.795041</course><hAcc>1.302215</hAcc><vAcc>0.927472</vAcc></extensions></trkpt>
      <trkpt lon="-82.152108" lat="33.550965"><ele>97.597089</ele><time>2024-05-24T11:08:02Z</time><extensions><speed>1.244859</speed><course>136.974228</course><hAcc>1.292392</hAcc><vAcc>0.927986</vAcc></extensions></trkpt>
      <trkpt lon="-82.152098" lat="33.550958"><ele>97.613103</ele><time>2024-05-24T11:08:03Z</time><extensions><speed>1.273769</speed><course>131.038284</course><hAcc>1.298064</hAcc><vAcc>0.928185</vAcc></extensions></trkpt>
      <trkpt lon="-82.152088" lat="33.550950"><ele>97.632026</ele><time>2024-05-24T11:08:04Z</time><extensions><speed>1.198690</speed><course>135.983660</course><hAcc>1.311493</hAcc><vAcc>0.928044</vAcc></extensions></trkpt>
      <trkpt lon="-82.152078" lat="33.550944"><ele>97.649616</ele><time>2024-05-24T11:08:05Z</time><extensions><speed>1.178426</speed><course>130.862814</course><hAcc>1.316446</hAcc><vAcc>0.927540</vAcc></extensions></trkpt>
      <trkpt lon="-82.152068" lat="33.550937"><ele>97.674716</ele><time>2024-05-24T11:08:06Z</time><extensions><speed>1.240468</speed><course>126.287552</course><hAcc>1.342069</hAcc><vAcc>0.926684</vAcc></extensions></trkpt>
      <trkpt lon="-82.152057" lat="33.550931"><ele>97.705990</ele><time>2024-05-24T11:08:07Z</time><extensions><speed>1.164281</speed><course>126.603103</course><hAcc>1.361310</hAcc><vAcc>0.925489</vAcc></extensions></trkpt>
      <trkpt lon="-82.152046" lat="33.550926"><ele>97.738954</ele><time>2024-05-24T11:08:08Z</time><extensions><speed>1.186918</speed><course>124.363557</course><hAcc>1.383454</hAcc><vAcc>0.924024</vAcc></extensions></trkpt>
      <trkpt lon="-82.152035" lat="33.550920"><ele>97.769355</ele><time>2024-05-24T11:08:09Z</time><extensions><speed>1.181475</speed><course>121.543243</course><hAcc>1.384548</hAcc><vAcc>0.922358</vAcc></extensions></trkpt>
      <trkpt lon="-82.152024" lat="33.550915"><ele>97.797940</ele><time>2024-05-24T11:08:10Z</time><extensions><speed>1.232702</speed><course>122.856346</course><hAcc>1.404420</hAcc><vAcc>0.920564</vAcc></extensions></trkpt>
      <trkpt lon="-82.152012" lat="33.550910"><ele>97.822184</ele><time>2024-05-24T11:08:11Z</time><extensions><speed>1.253756</speed><course>122.078676</course><hAcc>1.416854</hAcc><vAcc>0.918704</vAcc></extensions></trkpt>
      <trkpt lon="-82.152001" lat="33.550904"><ele>97.846204</ele><time>2024-05-24T11:08:12Z</time><extensions><speed>1.211383</speed><course>121.783843</course><hAcc>1.410031</hAcc><vAcc>0.916884</vAcc></extensions></trkpt>
      <trkpt lon="-82.151989" lat="33.550899"><ele>97.867336</ele><time>2024-05-24T11:08:13Z</time><extensions><speed>1.211437</speed><course>118.692543</course><hAcc>1.423258</hAcc><vAcc>0.915122</vAcc></extensions></trkpt>
      <trkpt lon="-82.151977" lat="33.550894"><ele>97.890122</ele><time>2024-05-24T11:08:14Z</time><extensions><speed>1.203687</speed><course>121.753762</course><hAcc>1.447176</hAcc><vAcc>0.913474</vAcc></extensions></trkpt>
      <trkpt lon="-82.151965" lat="33.550889"><ele>97.917634</ele><time>2024-05-24T11:08:15Z</time><extensions><speed>1.226110</speed><course>116.906050</course><hAcc>1.432296</hAcc><vAcc>0.911971</vAcc></extensions></trkpt>
      <trkpt lon="-82.151953" lat="33.550884"><ele>97.949165</ele><time>2024-05-24T11:08:16Z</time><extensions><speed>1.237832</speed><course>117.989193</course><hAcc>1.452827</hAcc><vAcc>0.910685</vAcc></extensions></trkpt>
      <trkpt lon="-82.151940" lat="33.550879"><ele>97.981954</ele><time>2024-05-24T11:08:17Z</time><extensions><speed>1.243770</speed><course>119.601538</course><hAcc>1.446824</hAcc><vAcc>0.909659</vAcc></extensions></trkpt>
      <trkpt lon="-82.151928" lat="33.550874"><ele>98.012499</ele><time>2024-05-24T11:08:18Z</time><extensions><speed>1.244036</speed><course>120.855748</course><hAcc>1.458449</hAcc><vAcc>0.908936</vAcc></extensions></trkpt>
      <trkpt lon="-82.151916" lat="33.550868"><ele>98.041105</ele><time>2024-05-24T11:08:19Z</time><extensions><speed>1.211380</speed><course>121.575500</course><hAcc>1.476874</hAcc><vAcc>0.908556</vAcc></extensions></trkpt>
      <trkpt lon="-82.151905" lat="33.550863"><ele>98.065886</ele><time>2024-05-24T11:08:20Z</time><extensions><speed>1.211533</speed><course>121.168032</course><hAcc>1.471848</hAcc><vAcc>0.908509</vAcc></extensions></trkpt>
      <trkpt lon="-82.151894" lat="33.550857"><ele>98.091152</ele><time>2024-05-24T11:08:21Z</time><extensions><speed>1.192467</speed><course>127.487540</course><hAcc>1.501556</hAcc><vAcc>0.908812</vAcc></extensions></trkpt>
      <trkpt lon="-82.151885" lat="33.550850"><ele>98.120737</ele><time>2024-05-24T11:08:22Z</time><extensions><speed>1.186667</speed><course>132.442614</course><hAcc>1.490796</hAcc><vAcc>0.909394</vAcc></extensions></trkpt>
      <trkpt lon="-82.151877" lat="33.550842"><ele>98.146112</ele><time>2024-05-24T11:08:23Z</time><extensions><speed>1.142731</speed><course>147.991173</course><hAcc>1.511167</hAcc><vAcc>0.910246</vAcc></extensions></trkpt>
      <trkpt lon="-82.151875" lat="33.550833"><ele>98.177404</ele><time>2024-05-24T11:08:24Z</time><extensions><speed>1.215519</speed><course>184.767768</course><hAcc>1.525943</hAcc><vAcc>0.911284</vAcc></extensions></trkpt>
      <trkpt lon="-82.151879" lat="33.550823"><ele>98.206683</ele><time>2024-05-24T11:08:25Z</time><extensions><speed>1.185839</speed><course>203.016158</course><hAcc>1.529538</hAcc><vAcc>0.912458</vAcc></extensions></trkpt>
      <trkpt lon="-82.151886" lat="33.550813"><ele>98.242204</ele><time>2024-05-24T11:08:26Z</time><extensions><speed>1.289038</speed><course>211.316691</course><hAcc>1.553585</hAcc><vAcc>0.913705</vAcc></extensions></trkpt>
      <trkpt lon="-82.151894" lat="33.550804"><ele>98.281395</ele><time>2024-05-24T11:08:27Z</time><extensions><speed>1.259171</speed><course>220.521839</course><hAcc>1.529566</hAcc><vAcc>0.914980</vAcc></extensions></trkpt>
      <trkpt lon="-82.151904" lat="33.550797"><ele>98.319008</ele><time>2024-05-24T11:08:28Z</time><extensions><speed>1.270848</speed><course>228.597927</course><hAcc>1.551998</hAcc><vAcc>0.916217</vAcc></extensions></trkpt>
      <trkpt lon="-82.151915" lat="33.550790"><ele>98.344915</ele><time>2024-05-24T11:08:29Z</time><extensions><speed>1.282959</speed><course>229.295129</course><hAcc>1.596501</hAcc><vAcc>0.917483</vAcc></extensions></trkpt>
      <trkpt lon="-82.151927" lat="33.550783"><ele>98.366159</ele><time>2024-05-24T11:08:30Z</time><extensions><speed>1.308052</speed><course>232.984157</course><hAcc>1.581074</hAcc><vAcc>0.918871</vAcc></extensions></trkpt>
      <trkpt lon="-82.151939" lat="33.550778"><ele>98.381684</ele><time>2024-05-24T11:08:31Z</time><extensions><speed>1.339346</speed><course>241.586414</course><hAcc>1.583626</hAcc><vAcc>0.920416</vAcc></extensions></trkpt>
      <trkpt lon="-82.151953" lat="33.550773"><ele>98.393652</ele><time>2024-05-24T11:08:32Z</time><extensions><speed>1.304604</speed><course>251.930405</course><hAcc>1.590207</hAcc><vAcc>0.922157</vAcc></extensions></trkpt>
      <trkpt lon="-82.151967" lat="33.550771"><ele>98.399897</ele><time>2024-05-24T11:08:33Z</time><extensions><speed>1.418424</speed><course>262.213092</course><hAcc>1.566512</hAcc><vAcc>0.924141</vAcc></extensions></trkpt>
      <trkpt lon="-82.151984" lat="33.550770"><ele>98.404196</ele><time>2024-05-24T11:08:34Z</time><extensions><speed>1.639605</speed><course>265.407923</course><hAcc>1.585916</hAcc><vAcc>0.926404</vAcc></extensions></trkpt>
      <trkpt lon="-82.152003" lat="33.550770"><ele>98.401915</ele><time>2024-05-24T11:08:35Z</time><extensions><speed>1.682177</speed><course>266.588188</course><hAcc>1.575577</hAcc><vAcc>0.928958</vAcc></extensions></trkpt>
      <trkpt lon="-82.152021" lat="33.550770"><ele>98.395258</ele><time>2024-05-24T11:08:36Z</time><extensions><speed>1.600311</speed><course>271.214640</course><hAcc>1.573910</hAcc><vAcc>0.931860</vAcc></extensions></trkpt>
      <trkpt lon="-82.152037" lat="33.550773"><ele>98.387374</ele><time>2024-05-24T11:08:37Z</time><extensions><speed>1.514636</speed><course>287.151780</course><hAcc>1.584616</hAcc><vAcc>0.935113</vAcc></extensions></trkpt>
      <trkpt lon="-82.152053" lat="33.550778"><ele>98.377630</ele><time>2024-05-24T11:08:39Z</time><extensions><speed>1.595756</speed><course>294.281372</course><hAcc>1.608286</hAcc><vAcc>0.938715</vAcc></extensions></trkpt>
      <trkpt lon="-82.152069" lat="33.550785"><ele>98.359417</ele><time>2024-05-24T11:08:40Z</time><extensions><speed>1.537004</speed><course>299.376209</course><hAcc>1.624680</hAcc><vAcc>0.942640</vAcc></extensions></trkpt>
      <trkpt lon="-82.152084" lat="33.550792"><ele>98.338517</ele><time>2024-05-24T11:08:41Z</time><extensions><speed>1.661636</speed><course>297.695285</course><hAcc>1.617671</hAcc><vAcc>0.946810</vAcc></extensions></trkpt>
      <trkpt lon="-82.152100" lat="33.550799"><ele>98.316222</ele><time>2024-05-24T11:08:42Z</time><extensions><speed>1.627296</speed><course>296.593252</course><hAcc>1.638243</hAcc><vAcc>0.951119</vAcc></extensions></trkpt>
      <trkpt lon="-82.152115" lat="33.550806"><ele>98.290092</ele><time>2024-05-24T11:08:43Z</time><extensions><speed>1.466951</speed><course>295.474868</course><hAcc>1.659432</hAcc><vAcc>0.955445</vAcc></extensions></trkpt>
      <trkpt lon="-82.152130" lat="33.550812"><ele>98.259130</ele><time>2024-05-24T11:08:44Z</time><extensions><speed>1.582470</speed><course>296.327393</course><hAcc>1.646746</hAcc><vAcc>0.959634</vAcc></extensions></trkpt>
      <trkpt lon="-82.152145" lat="33.550819"><ele>98.224330</ele><time>2024-05-24T11:08:45Z</time><extensions><speed>1.508372</speed><course>297.786689</course><hAcc>1.667780</hAcc><vAcc>0.963581</vAcc></extensions></trkpt>
      <trkpt lon="-82.152160" lat="33.550825"><ele>98.187982</ele><time>2024-05-24T11:08:46Z</time><extensions><speed>1.600984</speed><course>293.535587</course><hAcc>1.679212</hAcc><vAcc>0.967097</vAcc></extensions></trkpt>
      <trkpt lon="-82.152176" lat="33.550831"><ele>98.146424</ele><time>2024-05-24T11:08:47Z</time><extensions><speed>1.602825</speed><course>295.042571</course><hAcc>1.682250</hAcc><vAcc>0.970097</vAcc></extensions></trkpt>
      <trkpt lon="-82.152190" lat="33.550837"><ele>98.098720</ele><time>2024-05-24T11:08:48Z</time><extensions><speed>1.503009</speed><course>293.159275</course><hAcc>1.731507</hAcc><vAcc>0.972467</vAcc></extensions></trkpt>
      <trkpt lon="-82.152205" lat="33.550844"><ele>98.047597</ele><time>2024-05-24T11:08:49Z</time><extensions><speed>1.552795</speed><course>298.309881</course><hAcc>1.696145</hAcc><vAcc>0.974166</vAcc></extensions></trkpt>
      <trkpt lon="-82.152218" lat="33.550852"><ele>97.992208</ele><time>2024-05-24T11:08:50Z</time><extensions><speed>1.556805</speed><course>305.819366</course><hAcc>1.703102</hAcc><vAcc>0.975205</vAcc></extensions></trkpt>
      <trkpt lon="-82.152231" lat="33.550860"><ele>97.936036</ele><time>2024-05-24T11:08:51Z</time><extensions><speed>1.505591</speed><course>307.625164</course><hAcc>1.742549</hAcc><vAcc>0.975663</vAcc></extensions></trkpt>
      <trkpt lon="-82.152244" lat="33.550868"><ele>97.876511</ele><time>2024-05-24T11:08:52Z</time><extensions><speed>1.526773</speed><course>306.605427</course><hAcc>1.728913</hAcc><vAcc>0.975587</vAcc></extensions></trkpt>
      <trkpt lon="-82.152256" lat="33.550877"><ele>97.808736</ele><time>2024-05-24T11:08:53Z</time><extensions><speed>1.503743</speed><course>308.550990</course><hAcc>1.729214</hAcc><vAcc>0.975034</vAcc></extensions></trkpt>
      <trkpt lon="-82.152267" lat="33.550887"><ele>97.736706</ele><time>2024-05-24T11:08:54Z</time><extensions><speed>1.508301</speed><course>318.202376</course><hAcc>1.697800</hAcc><vAcc>0.974093</vAcc></extensions></trkpt>
      <trkpt lon="-82.152277" lat="33.550897"><ele>97.665270</ele><time>2024-05-24T11:08:55Z</time><extensions><speed>1.495555</speed><course>321.207678</course><hAcc>1.688220</hAcc><vAcc>0.972817</vAcc></extensions></trkpt>
      <trkpt lon="-82.152287" lat="33.550908"><ele>97.597597</ele><time>2024-05-24T11:08:56Z</time><extensions><speed>1.482035</speed><course>320.840860</course><hAcc>1.702705</hAcc><vAcc>0.971297</vAcc></extensions></trkpt>
      <trkpt lon="-82.152297" lat="33.550918"><ele>97.533335</ele><time>2024-05-24T11:08:57Z</time><extensions><speed>1.456553</speed><course>316.447293</course><hAcc>1.695367</hAcc><vAcc>0.969650</vAcc></extensions></trkpt>
      <trkpt lon="-82.152307" lat="33.550928"><ele>97.467598</ele><time>2024-05-24T11:08:58Z</time><extensions><speed>1.436932</speed><course>313.895092</course><hAcc>1.699509</hAcc><vAcc>0.968029</vAcc></extensions></trkpt>
      <trkpt lon="-82.152318" lat="33.550937"><ele>97.404709</ele><time>2024-05-24T11:08:59Z</time><extensions><speed>1.397615</speed><course>313.582299</course><hAcc>1.670129</hAcc><vAcc>0.966507</vAcc></extensions></trkpt>
      <trkpt lon="-82.152328" lat="33.550946"><ele>97.345775</ele><time>2024-05-24T11:09:00Z</time><extensions><speed>1.387827</speed><course>316.232961</course><hAcc>1.654326</hAcc><vAcc>0.965171</vAcc></extensions></trkpt>
      <trkpt lon="-82.152337" lat="33.550955"><ele>97.290863</ele><time>2024-05-24T11:09:01Z</time><extensions><speed>1.376957</speed><course>314.236953</course><hAcc>1.673812</hAcc><vAcc>0.964081</vAcc></extensions></trkpt>
      <trkpt lon="-82.152347" lat="33.550964"><ele>97.235249</ele><time>2024-05-24T11:09:02Z</time><extensions><speed>1.343524</speed><course>314.399047</course><hAcc>1.629826</hAcc><vAcc>0.963279</vAcc></extensions></trkpt>
      <trkpt lon="-82.152357" lat="33.550973"><ele>97.180999</ele><time>2024-05-24T11:09:03Z</time><extensions><speed>1.351502</speed><course>311.632459</course><hAcc>1.623926</hAcc><vAcc>0.962830</vAcc></extensions></trkpt>
      <trkpt lon="-82.152366" lat="33.550981"><ele>97.127917</ele><time>2024-05-24T11:09:04Z</time><extensions><speed>1.319951</speed><course>314.452553</course><hAcc>1.575137</hAcc><vAcc>0.962723</vAcc></extensions></trkpt>
      <trkpt lon="-82.152376" lat="33.550989"><ele>97.078247</ele><time>2024-05-24T11:09:05Z</time><extensions><speed>1.311664</speed><course>310.842785</course><hAcc>1.572902</hAcc><vAcc>0.962962</vAcc></extensions></trkpt>
      <trkpt lon="-82.152385" lat="33.550998"><ele>97.030449</ele><time>2024-05-24T11:09:06Z</time><extensions><speed>1.337275</speed><course>316.073379</course><hAcc>1.569220</hAcc><vAcc>0.963530</vAcc></extensions></trkpt>
      <trkpt lon="-82.152394" lat="33.551007"><ele>96.982656</ele><time>2024-05-24T11:09:07Z</time><extensions><speed>1.338715</speed><course>320.883056</course><hAcc>1.548353</hAcc><vAcc>0.964378</vAcc></extensions></trkpt>
      <trkpt lon="-82.152403" lat="33.551016"><ele>96.928374</ele><time>2024-05-24T11:09:08Z</time><extensions><speed>1.334477</speed><course>320.943885</course><hAcc>1.539637</hAcc><vAcc>0.965464</vAcc></extensions></trkpt>
      <trkpt lon="-82.152411" lat="33.551025"><ele>96.869715</ele><time>2024-05-24T11:09:09Z</time><extensions><speed>1.369495</speed><course>323.802946</course><hAcc>1.536952</hAcc><vAcc>0.966683</vAcc></extensions></trkpt>
      <trkpt lon="-82.152420" lat="33.551035"><ele>96.808776</ele><time>2024-05-24T11:09:10Z</time><extensions><speed>1.321188</speed><course>323.148556</course><hAcc>1.518133</hAcc><vAcc>0.968004</vAcc></extensions></trkpt>
      <trkpt lon="-82.152428" lat="33.551044"><ele>96.749461</ele><time>2024-05-24T11:09:11Z</time><extensions><speed>1.339585</speed><course>325.909877</course><hAcc>1.512006</hAcc><vAcc>0.969400</vAcc></extensions></trkpt>
      <trkpt lon="-82.152436" lat="33.551053"><ele>96.690828</ele><time>2024-05-24T11:09:12Z</time><extensions><speed>1.292366</speed><course>323.722152</course><hAcc>1.502411</hAcc><vAcc>0.970797</vAcc></extensions></trkpt>
      <trkpt lon="-82.152444" lat="33.551063"><ele>96.637664</ele><time>2024-05-24T11:09:13Z</time><extensions><speed>1.279059</speed><course>322.720060</course><hAcc>1.494383</hAcc><vAcc>0.972140</vAcc></extensions></trkpt>
      <trkpt lon="-82.152453" lat="33.551072"><ele>96.587201</ele><time>2024-05-24T11:09:14Z</time><extensions><speed>1.313846</speed><course>323.155126</course><hAcc>1.491071</hAcc><vAcc>0.973416</vAcc></extensions></trkpt>
      <trkpt lon="-82.152461" lat="33.551081"><ele>96.541615</ele><time>2024-05-24T11:09:15Z</time><extensions><speed>1.246533</speed><course>322.611607</course><hAcc>1.489557</hAcc><vAcc>0.974565</vAcc></extensions></trkpt>
      <trkpt lon="-82.152469" lat="33.551090"><ele>96.497571</ele><time>2024-05-24T11:09:16Z</time><extensions><speed>1.276846</speed><course>324.407403</course><hAcc>1.501326</hAcc><vAcc>0.975576</vAcc></extensions></trkpt>
      <trkpt lon="-82.152478" lat="33.551100"><ele>96.449280</ele><time>2024-05-24T11:09:17Z</time><extensions><speed>1.239217</speed><course>325.059473</course><hAcc>1.477901</hAcc><vAcc>0.976405</vAcc></extensions></trkpt>
      <trkpt lon="-82.152486" lat="33.551109"><ele>96.401537</ele><time>2024-05-24T11:09:18Z</time><extensions><speed>1.223379</speed><course>320.305395</course><hAcc>1.480574</hAcc><vAcc>0.977059</vAcc></extensions></trkpt>
      <trkpt lon="-82.152495" lat="33.551118"><ele>96.355152</ele><time>2024-05-24T11:09:19Z</time><extensions><speed>1.222770</speed><course>319.440394</course><hAcc>1.492165</hAcc><vAcc>0.977520</vAcc></extensions></trkpt>
      <trkpt lon="-82.152505" lat="33.551126"><ele>96.305419</ele><time>2024-05-24T11:09:20Z</time><extensions><speed>1.249108</speed><course>318.158270</course><hAcc>1.472963</hAcc><vAcc>0.977808</vAcc></extensions></trkpt>
      <trkpt lon="-82.152514" lat="33.551135"><ele>96.256723</ele><time>2024-05-24T11:09:21Z</time><extensions><speed>1.244633</speed><course>317.416925</course><hAcc>1.479447</hAcc><vAcc>0.977916</vAcc></extensions></trkpt>
      <trkpt lon="-82.152523" lat="33.551144"><ele>96.210981</ele><time>2024-05-24T11:09:22Z</time><extensions><speed>1.298406</speed><course>319.498095</course><hAcc>1.469188</hAcc><vAcc>0.977881</vAcc></extensions></trkpt>
      <trkpt lon="-82.152533" lat="33.551154"><ele>96.167689</ele><time>2024-05-24T11:09:23Z</time><extensions><speed>1.365793</speed><course>321.828377</course><hAcc>1.484981</hAcc><vAcc>0.977804</vAcc></extensions></trkpt>
      <trkpt lon="-82.152542" lat="33.551163"><ele>96.129564</ele><time>2024-05-24T11:09:24Z</time><extensions><speed>1.336091</speed><course>321.150593</course><hAcc>1.500242</hAcc><vAcc>0.977679</vAcc></extensions></trkpt>
      <trkpt lon="-82.152551" lat="33.551173"><ele>96.093395</ele><time>2024-05-24T11:09:25Z</time><extensions><speed>1.415846</speed><course>320.901772</course><hAcc>1.489005</hAcc><vAcc>0.977526</vAcc></extensions></trkpt>
      <trkpt lon="-82.152561" lat="33.551183"><ele>96.053704</ele><time>2024-05-24T11:09:26Z</time><extensions><speed>1.435870</speed><course>319.554451</course><hAcc>1.494455</hAcc><vAcc>0.977355</vAcc></extensions></trkpt>
      <trkpt lon="-82.152572" lat="33.551193"><ele>96.009306</ele><time>2024-05-24T11:09:27Z</time><extensions><speed>1.471945</speed><course>318.107863</course><hAcc>1.511917</hAcc><vAcc>0.977194</vAcc></extensions></trkpt>
      <trkpt lon="-82.152583" lat="33.551204"><ele>95.958649</ele><time>2024-05-24T11:09:28Z</time><extensions><speed>1.543326</speed><course>316.941198</course><hAcc>1.506815</hAcc><vAcc>0.977058</vAcc></extensions></trkpt>
      <trkpt lon="-82.152595" lat="33.551214"><ele>95.911240</ele><time>2024-05-24T11:09:29Z</time><extensions><speed>1.491553</speed><course>315.660454</course><hAcc>1.524753</hAcc><vAcc>0.976899</vAcc></extensions></trkpt>
      <trkpt lon="-82.152607" lat="33.551223"><ele>95.868764</ele><time>2024-05-24T11:09:30Z</time><extensions><speed>1.563197</speed><course>314.177338</course><hAcc>1.503202</hAcc><vAcc>0.976733</vAcc></extensions></trkpt>
      <trkpt lon="-82.152619" lat="33.551233"><ele>95.828271</ele><time>2024-05-24T11:09:31Z</time><extensions><speed>1.565025</speed><course>313.376464</course><hAcc>1.526441</hAcc><vAcc>0.976522</vAcc></extensions></trkpt>
      <trkpt lon="-82.152632" lat="33.551242"><ele>95.792218</ele><time>2024-05-24T11:09:32Z</time><extensions><speed>1.504792</speed><course>313.442066</course><hAcc>1.534117</hAcc><vAcc>0.976240</vAcc></extensions></trkpt>
      <trkpt lon="-82.152644" lat="33.551252"><ele>95.751202</ele><time>2024-05-24T11:09:33Z</time><extensions><speed>1.529628</speed><course>313.774111</course><hAcc>1.533017</hAcc><vAcc>0.975828</vAcc></extensions></trkpt>
      <trkpt lon="-82.152656" lat="33.551261"><ele>95.707513</ele><time>2024-05-24T11:09:34Z</time><extensions><speed>1.476558</speed><course>313.739185</course><hAcc>1.542405</hAcc><vAcc>0.975263</vAcc></extensions></trkpt>
      <trkpt lon="-82.152667" lat="33.551270"><ele>95.661966</ele><time>2024-05-24T11:09:35Z</time><extensions><speed>1.481705</speed><course>313.445831</course><hAcc>1.529217</hAcc><vAcc>0.974676</vAcc></extensions></trkpt>
      <trkpt lon="-82.152679" lat="33.551279"><ele>95.610118</ele><time>2024-05-24T11:09:36Z</time><extensions><speed>1.472444</speed><course>312.417944</course><hAcc>1.532915</hAcc><vAcc>0.974081</vAcc></extensions></trkpt>
      <trkpt lon="-82.152691" lat="33.551288"><ele>95.560094</ele><time>2024-05-24T11:09:37Z</time><extensions><speed>1.506138</speed><course>311.224527</course><hAcc>1.551827</hAcc><vAcc>0.973508</vAcc></extensions></trkpt>
      <trkpt lon="-82.152704" lat="33.551297"><ele>95.509376</ele><time>2024-05-24T11:09:38Z</time><extensions><speed>1.527202</speed><course>308.109982</course><hAcc>1.532946</hAcc><vAcc>0.972991</vAcc></extensions></trkpt>
      <trkpt lon="-82.152717" lat="33.551305"><ele>95.462247</ele><time>2024-05-24T11:09:39Z</time><extensions><speed>1.510140</speed><course>305.482019</course><hAcc>1.540446</hAcc><vAcc>0.972576</vAcc></extensions></trkpt>
      <trkpt lon="-82.152730" lat="33.551313"><ele>95.422414</ele><time>2024-05-24T11:09:40Z</time><extensions><speed>1.457063</speed><course>306.296753</course><hAcc>1.553038</hAcc><vAcc>0.972328</vAcc></extensions></trkpt>
      <trkpt lon="-82.152742" lat="33.551321"><ele>95.387530</ele><time>2024-05-24T11:09:41Z</time><extensions><speed>1.467117</speed><course>309.985233</course><hAcc>1.548673</hAcc><vAcc>0.972311</vAcc></extensions></trkpt>
      <trkpt lon="-82.152753" lat="33.551330"><ele>95.356589</ele><time>2024-05-24T11:09:42Z</time><extensions><speed>1.451590</speed><course>313.740783</course><hAcc>1.554458</hAcc><vAcc>0.972549</vAcc></extensions></trkpt>
      <trkpt lon="-82.152764" lat="33.551340"><ele>95.326705</ele><time>2024-05-24T11:09:43Z</time><extensions><speed>1.465521</speed><course>316.755225</course><hAcc>1.539150</hAcc><vAcc>0.973061</vAcc></extensions></trkpt>
      <trkpt lon="-82.152774" lat="33.551350"><ele>95.302450</ele><time>2024-05-24T11:09:44Z</time><extensions><speed>1.454866</speed><course>321.823446</course><hAcc>1.548543</hAcc><vAcc>0.973857</vAcc></extensions></trkpt>
      <trkpt lon="-82.152784" lat="33.551360"><ele>95.282524</ele><time>2024-05-24T11:09:45Z</time><extensions><speed>1.446941</speed><course>322.411761</course><hAcc>1.567379</hAcc><vAcc>0.974967</vAcc></extensions></trkpt>
      <trkpt lon="-82.152793" lat="33.551370"><ele>95.269027</ele><time>2024-05-24T11:09:46Z</time><extensions><speed>1.425579</speed><course>322.359082</course><hAcc>1.556908</hAcc><vAcc>0.976201</vAcc></extensions></trkpt>
      <trkpt lon="-82.152802" lat="33.551380"><ele>95.255800</ele><time>2024-05-24T11:09:47Z</time><extensions><speed>1.393472</speed><course>321.669908</course><hAcc>1.574133</hAcc><vAcc>0.977479</vAcc></extensions></trkpt>
      <trkpt lon="-82.152812" lat="33.551390"><ele>95.246086</ele><time>2024-05-24T11:09:48Z</time><extensions><speed>1.386736</speed><course>322.923696</course><hAcc>1.561439</hAcc><vAcc>0.978716</vAcc></extensions></trkpt>
      <trkpt lon="-82.152820" lat="33.551399"><ele>95.235271</ele><time>2024-05-24T11:09:49Z</time><extensions><speed>1.386097</speed><course>324.377698</course><hAcc>1.614332</hAcc><vAcc>0.979825</vAcc></extensions></trkpt>
      <trkpt lon="-82.152829" lat="33.551409"><ele>95.229033</ele><time>2024-05-24T11:09:50Z</time><extensions><speed>1.436267</speed><course>325.435722</course><hAcc>1.663123</hAcc><vAcc>0.980703</vAcc></extensions></trkpt>
      <trkpt lon="-82.152837" lat="33.551419"><ele>95.227786</ele><time>2024-05-24T11:09:51Z</time><extensions><speed>1.397770</speed><course>325.923443</course><hAcc>1.627591</hAcc><vAcc>0.981298</vAcc></extensions></trkpt>
      <trkpt lon="-82.152845" lat="33.551428"><ele>95.226038</ele><time>2024-05-24T11:09:52Z</time><extensions><speed>1.403735</speed><course>325.709166</course><hAcc>1.618059</hAcc><vAcc>0.981526</vAcc></extensions></trkpt>
      <trkpt lon="-82.152853" lat="33.551438"><ele>95.227762</ele><time>2024-05-24T11:09:53Z</time><extensions><speed>1.306447</speed><course>324.723710</course><hAcc>1.548886</hAcc><vAcc>0.981395</vAcc></extensions></trkpt>
      <trkpt lon="-82.152861" lat="33.551447"><ele>95.235352</ele><time>2024-05-24T11:09:54Z</time><extensions><speed>1.292657</speed><course>324.188961</course><hAcc>1.552280</hAcc><vAcc>0.980867</vAcc></extensions></trkpt>
      <trkpt lon="-82.152869" lat="33.551457"><ele>95.250905</ele><time>2024-05-24T11:09:55Z</time><extensions><speed>1.399298</speed><course>324.639296</course><hAcc>1.599815</hAcc><vAcc>0.979999</vAcc></extensions></trkpt>
      <trkpt lon="-82.152878" lat="33.551467"><ele>95.269150</ele><time>2024-05-24T11:09:56Z</time><extensions><speed>1.341099</speed><course>322.568290</course><hAcc>1.570937</hAcc><vAcc>0.978840</vAcc></extensions></trkpt>
      <trkpt lon="-82.152887" lat="33.551476"><ele>95.291048</ele><time>2024-05-24T11:09:57Z</time><extensions><speed>1.327759</speed><course>321.816817</course><hAcc>1.553783</hAcc><vAcc>0.977443</vAcc></extensions></trkpt>
      <trkpt lon="-82.152895" lat="33.551486"><ele>95.317311</ele><time>2024-05-24T11:09:58Z</time><extensions><speed>1.378068</speed><course>322.318276</course><hAcc>1.547927</hAcc><vAcc>0.975899</vAcc></extensions></trkpt>
      <trkpt lon="-82.152904" lat="33.551495"><ele>95.350941</ele><time>2024-05-24T11:09:59Z</time><extensions><speed>1.276709</speed><course>322.318695</course><hAcc>1.521734</hAcc><vAcc>0.974263</vAcc></extensions></trkpt>
      <trkpt lon="-82.152913" lat="33.551504"><ele>95.391324</ele><time>2024-05-24T11:10:00Z</time><extensions><speed>1.266324</speed><course>320.575229</course><hAcc>1.515599</hAcc><vAcc>0.972628</vAcc></extensions></trkpt>
      <trkpt lon="-82.152922" lat="33.551513"><ele>95.435698</ele><time>2024-05-24T11:10:01Z</time><extensions><speed>1.228574</speed><course>316.047342</course><hAcc>1.493699</hAcc><vAcc>0.971094</vAcc></extensions></trkpt>
      <trkpt lon="-82.152931" lat="33.551521"><ele>95.482763</ele><time>2024-05-24T11:10:02Z</time><extensions><speed>1.216906</speed><course>316.587318</course><hAcc>1.494417</hAcc><vAcc>0.969684</vAcc></extensions></trkpt>
      <trkpt lon="-82.152940" lat="33.551529"><ele>95.531325</ele><time>2024-05-24T11:10:03Z</time><extensions><speed>1.247611</speed><course>316.959909</course><hAcc>1.504767</hAcc><vAcc>0.968397</vAcc></extensions></trkpt>
      <trkpt lon="-82.152949" lat="33.551537"><ele>95.590970</ele><time>2024-05-24T11:10:04Z</time><extensions><speed>1.248018</speed><course>317.041408</course><hAcc>1.493234</hAcc><vAcc>0.967261</vAcc></extensions></trkpt>
      <trkpt lon="-82.152958" lat="33.551546"><ele>95.655478</ele><time>2024-05-24T11:10:05Z</time><extensions><speed>1.265186</speed><course>319.405157</course><hAcc>1.538521</hAcc><vAcc>0.966286</vAcc></extensions></trkpt>
      <trkpt lon="-82.152967" lat="33.551555"><ele>95.720387</ele><time>2024-05-24T11:10:06Z</time><extensions><speed>1.304035</speed><course>320.194403</course><hAcc>1.518975</hAcc><vAcc>0.965400</vAcc></extensions></trkpt>
      <trkpt lon="-82.152976" lat="33.551564"><ele>95.783500</ele><time>2024-05-24T11:10:07Z</time><extensions><speed>1.308508</speed><course>321.336052</course><hAcc>1.530892</hAcc><vAcc>0.964594</vAcc></extensions></trkpt>
      <trkpt lon="-82.152984" lat="33.551574"><ele>95.846739</ele><time>2024-05-24T11:10:08Z</time><extensions><speed>1.307957</speed><course>323.062203</course><hAcc>1.585037</hAcc><vAcc>0.963804</vAcc></extensions></trkpt>
      <trkpt lon="-82.152993" lat="33.551583"><ele>95.911049</ele><time>2024-05-24T11:10:09Z</time><extensions><speed>1.327744</speed><course>324.152244</course><hAcc>1.566266</hAcc><vAcc>0.963025</vAcc></extensions></trkpt>
      <trkpt lon="-82.153001" lat="33.551593"><ele>95.979436</ele><time>2024-05-24T11:10:10Z</time><extensions><speed>1.330548</speed><course>324.046185</course><hAcc>1.575228</hAcc><vAcc>0.962153</vAcc></extensions></trkpt>
      <trkpt lon="-82.153009" lat="33.551604"><ele>96.052052</ele><time>2024-05-24T11:10:11Z</time><extensions><speed>1.361662</speed><course>327.654740</course><hAcc>1.549661</hAcc><vAcc>0.961181</vAcc></extensions></trkpt>
      <trkpt lon="-82.153016" lat="33.551614"><ele>96.122769</ele><time>2024-05-24T11:10:12Z</time><extensions><speed>1.373750</speed><course>330.312913</course><hAcc>1.591263</hAcc><vAcc>0.960106</vAcc></extensions></trkpt>
      <trkpt lon="-82.153023" lat="33.551626"><ele>96.194501</ele><time>2024-05-24T11:10:13Z</time><extensions><speed>1.358494</speed><course>331.933366</course><hAcc>1.602961</hAcc><vAcc>0.958979</vAcc></extensions></trkpt>
      <trkpt lon="-82.153029" lat="33.551637"><ele>96.264228</ele><time>2024-05-24T11:10:14Z</time><extensions><speed>1.364980</speed><course>333.748909</course><hAcc>1.580211</hAcc><vAcc>0.957797</vAcc></extensions></trkpt>
      <trkpt lon="-82.153035" lat="33.551648"><ele>96.334879</ele><time>2024-05-24T11:10:15Z</time><extensions><speed>1.362496</speed><course>333.456982</course><hAcc>1.575671</hAcc><vAcc>0.956635</vAcc></extensions></trkpt>
      <trkpt lon="-82.153041" lat="33.551659"><ele>96.402482</ele><time>2024-05-24T11:10:16Z</time><extensions><speed>1.341280</speed><course>333.401256</course><hAcc>1.579380</hAcc><vAcc>0.955561</vAcc></extensions></trkpt>
      <trkpt lon="-82.153048" lat="33.551670"><ele>96.471131</ele><time>2024-05-24T11:10:17Z</time><extensions><speed>1.361493</speed><course>332.496024</course><hAcc>1.560720</hAcc><vAcc>0.954654</vAcc></extensions></trkpt>
      <trkpt lon="-82.153054" lat="33.551681"><ele>96.537938</ele><time>2024-05-24T11:10:18Z</time><extensions><speed>1.364743</speed><course>333.992299</course><hAcc>1.567627</hAcc><vAcc>0.953962</vAcc></extensions></trkpt>
      <trkpt lon="-82.153060" lat="33.551693"><ele>96.601681</ele><time>2024-05-24T11:10:19Z</time><extensions><speed>1.384608</speed><course>336.160977</course><hAcc>1.542332</hAcc><vAcc>0.953530</vAcc></extensions></trkpt>
      <trkpt lon="-82.153065" lat="33.551705"><ele>96.664406</ele><time>2024-05-24T11:10:20Z</time><extensions><speed>1.386088</speed><course>340.875633</course><hAcc>1.556868</hAcc><vAcc>0.953379</vAcc></extensions></trkpt>
      <trkpt lon="-82.153069" lat="33.551717"><ele>96.725533</ele><time>2024-05-24T11:10:21Z</time><extensions><speed>1.339111</speed><course>340.356533</course><hAcc>1.599476</hAcc><vAcc>0.953543</vAcc></extensions></trkpt>
      <trkpt lon="-82.153074" lat="33.551730"><ele>96.787983</ele><time>2024-05-24T11:10:22Z</time><extensions><speed>1.378056</speed><course>342.167561</course><hAcc>1.576838</hAcc><vAcc>0.954022</vAcc></extensions></trkpt>
      <trkpt lon="-82.153078" lat="33.551742"><ele>96.851006</ele><time>2024-05-24T11:10:23Z</time><extensions><speed>1.357922</speed><course>343.657565</course><hAcc>1.602034</hAcc><vAcc>0.954810</vAcc></extensions></trkpt>
      <trkpt lon="-82.153082" lat="33.551755"><ele>96.916070</ele><time>2024-05-24T11:10:24Z</time><extensions><speed>1.405618</speed><course>346.479705</course><hAcc>1.594482</hAcc><vAcc>0.955876</vAcc></extensions></trkpt>
      <trkpt lon="-82.153085" lat="33.551768"><ele>96.982215</ele><time>2024-05-24T11:10:25Z</time><extensions><speed>1.416561</speed><course>349.830654</course><hAcc>1.597651</hAcc><vAcc>0.957209</vAcc></extensions></trkpt>
      <trkpt lon="-82.153088" lat="33.551781"><ele>97.047157</ele><time>2024-05-24T11:10:26Z</time><extensions><speed>1.304376</speed><course>346.808059</course><hAcc>1.615971</hAcc><vAcc>0.958750</vAcc></extensions></trkpt>
      <trkpt lon="-82.153091" lat="33.551794"><ele>97.112444</ele><time>2024-05-24T11:10:27Z</time><extensions><speed>1.422082</speed><course>350.338723</course><hAcc>1.595479</hAcc><vAcc>0.960475</vAcc></extensions></trkpt>
      <trkpt lon="-82.153093" lat="33.551807"><ele>97.174392</ele><time>2024-05-24T11:10:28Z</time><extensions><speed>1.384887</speed><course>351.131863</course><hAcc>1.637373</hAcc><vAcc>0.962407</vAcc></extensions></trkpt>
      <trkpt lon="-82.153095" lat="33.551822"><ele>97.232580</ele><time>2024-05-24T11:10:29Z</time><extensions><speed>1.618219</speed><course>355.847086</course><hAcc>1.598874</hAcc><vAcc>0.964328</vAcc></extensions></trkpt>
      <trkpt lon="-82.153095" lat="33.551837"><ele>97.291821</ele><time>2024-05-24T11:10:30Z</time><extensions><speed>1.681010</speed><course>357.303641</course><hAcc>1.640953</hAcc><vAcc>0.966382</vAcc></extensions></trkpt>
      <trkpt lon="-82.153096" lat="33.551852"><ele>97.343896</ele><time>2024-05-24T11:10:31Z</time><extensions><speed>1.463280</speed><course>355.887784</course><hAcc>1.714047</hAcc><vAcc>0.968346</vAcc></extensions></trkpt>
      <trkpt lon="-82.153097" lat="33.551867"><ele>97.391592</ele><time>2024-05-24T11:10:32Z</time><extensions><speed>1.666233</speed><course>354.299200</course><hAcc>1.679343</hAcc><vAcc>0.970212</vAcc></extensions></trkpt>
      <trkpt lon="-82.153098" lat="33.551882"><ele>97.436092</ele><time>2024-05-24T11:10:33Z</time><extensions><speed>1.691224</speed><course>352.354029</course><hAcc>1.687856</hAcc><vAcc>0.971879</vAcc></extensions></trkpt>
      <trkpt lon="-82.153100" lat="33.551897"><ele>97.486414</ele><time>2024-05-24T11:10:34Z</time><extensions><speed>1.505912</speed><course>352.988933</course><hAcc>1.703133</hAcc><vAcc>0.973295</vAcc></extensions></trkpt>
      <trkpt lon="-82.153102" lat="33.551912"><ele>97.541739</ele><time>2024-05-24T11:10:35Z</time><extensions><speed>1.699343</speed><course>355.322154</course><hAcc>1.666144</hAcc><vAcc>0.974355</vAcc></extensions></trkpt>
      <trkpt lon="-82.153103" lat="33.551927"><ele>97.593073</ele><time>2024-05-24T11:10:36Z</time><extensions><speed>1.593185</speed><course>353.451957</course><hAcc>1.698159</hAcc><vAcc>0.975056</vAcc></extensions></trkpt>
      <trkpt lon="-82.153105" lat="33.551943"><ele>97.636662</ele><time>2024-05-24T11:10:37Z</time><extensions><speed>1.784176</speed><course>354.068569</course><hAcc>1.667171</hAcc><vAcc>0.975332</vAcc></extensions></trkpt>
      <trkpt lon="-82.153106" lat="33.551960"><ele>97.673078</ele><time>2024-05-24T11:10:38Z</time><extensions><speed>1.802877</speed><course>357.299795</course><hAcc>1.670178</hAcc><vAcc>0.975130</vAcc></extensions></trkpt>
      <trkpt lon="-82.153105" lat="33.551976"><ele>97.714799</ele><time>2024-05-24T11:10:39Z</time><extensions><speed>1.635944</speed><course>8.441383</course><hAcc>1.682326</hAcc><vAcc>0.974488</vAcc></extensions></trkpt>
      <trkpt lon="-82.153102" lat="33.551991"><ele>97.764251</ele><time>2024-05-24T11:10:40Z</time><extensions><speed>1.760072</speed><course>16.261863</course><hAcc>1.646290</hAcc><vAcc>0.973347</vAcc></extensions></trkpt>
      <trkpt lon="-82.153096" lat="33.552006"><ele>97.815688</ele><time>2024-05-24T11:10:41Z</time><extensions><speed>1.658020</speed><course>24.135377</course><hAcc>1.674860</hAcc><vAcc>0.971680</vAcc></extensions></trkpt>
      <trkpt lon="-82.153087" lat="33.552020"><ele>97.855032</ele><time>2024-05-24T11:10:42Z</time><extensions><speed>1.644091</speed><course>37.206631</course><hAcc>1.631948</hAcc><vAcc>0.969482</vAcc></extensions></trkpt>
      <trkpt lon="-82.153075" lat="33.552031"><ele>97.890801</ele><time>2024-05-24T11:10:43Z</time><extensions><speed>1.628322</speed><course>49.709305</course><hAcc>1.611129</hAcc><vAcc>0.966810</vAcc></extensions></trkpt>
      <trkpt lon="-82.153062" lat="33.552040"><ele>97.918500</ele><time>2024-05-24T11:10:44Z</time><extensions><speed>1.555862</speed><course>55.322601</course><hAcc>1.601750</hAcc><vAcc>0.963747</vAcc></extensions></trkpt>
      <trkpt lon="-82.153048" lat="33.552049"><ele>97.946557</ele><time>2024-05-24T11:10:45Z</time><extensions><speed>1.563559</speed><course>56.307612</course><hAcc>1.569138</hAcc><vAcc>0.960405</vAcc></extensions></trkpt>
      <trkpt lon="-82.153034" lat="33.552057"><ele>97.975763</ele><time>2024-05-24T11:10:46Z</time><extensions><speed>1.533801</speed><course>55.970446</course><hAcc>1.550426</hAcc><vAcc>0.956874</vAcc></extensions></trkpt>
      <trkpt lon="-82.153021" lat="33.552065"><ele>98.005530</ele><time>2024-05-24T11:10:47Z</time><extensions><speed>1.556574</speed><course>56.346975</course><hAcc>1.512793</hAcc><vAcc>0.953231</vAcc></extensions></trkpt>
      <trkpt lon="-82.153007" lat="33.552073"><ele>98.039356</ele><time>2024-05-24T11:10:48Z</time><extensions><speed>1.548782</speed><course>55.446327</course><hAcc>1.483298</hAcc><vAcc>0.949577</vAcc></extensions></trkpt>
      <trkpt lon="-82.152994" lat="33.552081"><ele>98.070405</ele><time>2024-05-24T11:10:49Z</time><extensions><speed>1.494998</speed><course>54.901161</course><hAcc>1.467925</hAcc><vAcc>0.945965</vAcc></extensions></trkpt>
      <trkpt lon="-82.152980" lat="33.552089"><ele>98.092263</ele><time>2024-05-24T11:10:50Z</time><extensions><speed>1.481826</speed><course>56.114722</course><hAcc>1.451123</hAcc><vAcc>0.942443</vAcc></extensions></trkpt>
      <trkpt lon="-82.152967" lat="33.552096"><ele>98.110942</ele><time>2024-05-24T11:10:51Z</time><extensions><speed>1.461394</speed><course>54.291328</course><hAcc>1.426753</hAcc><vAcc>0.939034</vAcc></extensions></trkpt>
      <trkpt lon="-82.152955" lat="33.552104"><ele>98.127182</ele><time>2024-05-24T11:10:52Z</time><extensions><speed>1.397683</speed><course>54.844458</course><hAcc>1.427930</hAcc><vAcc>0.935805</vAcc></extensions></trkpt>
      <trkpt lon="-82.152942" lat="33.552112"><ele>98.148150</ele><time>2024-05-24T11:10:53Z</time><extensions><speed>1.436974</speed><course>58.135078</course><hAcc>1.409750</hAcc><vAcc>0.932789</vAcc></extensions></trkpt>
      <trkpt lon="-82.152928" lat="33.552118"><ele>98.167818</ele><time>2024-05-24T11:10:54Z</time><extensions><speed>1.426525</speed><course>60.410257</course><hAcc>1.403682</hAcc><vAcc>0.929989</vAcc></extensions></trkpt>
      <trkpt lon="-82.152915" lat="33.552125"><ele>98.181014</ele><time>2024-05-24T11:10:55Z</time><extensions><speed>1.459381</speed><course>61.312110</course><hAcc>1.371057</hAcc><vAcc>0.927414</vAcc></extensions></trkpt>
      <trkpt lon="-82.152901" lat="33.552131"><ele>98.195569</ele><time>2024-05-24T11:10:56Z</time><extensions><speed>1.452095</speed><course>60.726229</course><hAcc>1.353876</hAcc><vAcc>0.925027</vAcc></extensions></trkpt>
      <trkpt lon="-82.152888" lat="33.552137"><ele>98.215116</ele><time>2024-05-24T11:10:57Z</time><extensions><speed>1.372195</speed><course>61.059295</course><hAcc>1.351107</hAcc><vAcc>0.922771</vAcc></extensions></trkpt>
      <trkpt lon="-82.152875" lat="33.552143"><ele>98.234220</ele><time>2024-05-24T11:10:57Z</time><extensions><speed>1.395462</speed><course>60.056319</course><hAcc>1.320358</hAcc><vAcc>0.920734</vAcc></extensions></trkpt>
      <trkpt lon="-82.152862" lat="33.552149"><ele>98.255602</ele><time>2024-05-24T11:10:58Z</time><extensions><speed>1.385854</speed><course>60.449929</course><hAcc>1.334378</hAcc><vAcc>0.918911</vAcc></extensions></trkpt>
      <trkpt lon="-82.152849" lat="33.552155"><ele>98.280400</ele><time>2024-05-24T11:10:59Z</time><extensions><speed>1.417393</speed><course>61.669503</course><hAcc>1.309952</hAcc><vAcc>0.917235</vAcc></extensions></trkpt>
      <trkpt lon="-82.152835" lat="33.552161"><ele>98.304535</ele><time>2024-05-24T11:11:00Z</time><extensions><speed>1.428241</speed><course>62.241763</course><hAcc>1.302124</hAcc><vAcc>0.915761</vAcc></extensions></trkpt>
      <trkpt lon="-82.152821" lat="33.552166"><ele>98.325974</ele><time>2024-05-24T11:11:01Z</time><extensions><speed>1.433929</speed><course>61.743901</course><hAcc>1.307191</hAcc><vAcc>0.914491</vAcc></extensions></trkpt>
      <trkpt lon="-82.152808" lat="33.552172"><ele>98.345694</ele><time>2024-05-24T11:11:02Z</time><extensions><speed>1.442773</speed><course>60.027261</course><hAcc>1.302825</hAcc><vAcc>0.913427</vAcc></extensions></trkpt>
      <trkpt lon="-82.152795" lat="33.552179"><ele>98.369506</ele><time>2024-05-24T11:11:03Z</time><extensions><speed>1.425526</speed><course>60.096494</course><hAcc>1.301642</hAcc><vAcc>0.912581</vAcc></extensions></trkpt>
      <trkpt lon="-82.152781" lat="33.552185"><ele>98.392265</ele><time>2024-05-24T11:11:04Z</time><extensions><speed>1.429252</speed><course>61.052140</course><hAcc>1.301673</hAcc><vAcc>0.911979</vAcc></extensions></trkpt>
      <trkpt lon="-82.152768" lat="33.552191"><ele>98.408886</ele><time>2024-05-24T11:11:05Z</time><extensions><speed>1.391073</speed><course>58.769077</course><hAcc>1.301984</hAcc><vAcc>0.911620</vAcc></extensions></trkpt>
      <trkpt lon="-82.152756" lat="33.552197"><ele>98.432878</ele><time>2024-05-24T11:11:06Z</time><extensions><speed>1.328302</speed><course>60.453398</course><hAcc>1.290646</hAcc><vAcc>0.911450</vAcc></extensions></trkpt>
      <trkpt lon="-82.152744" lat="33.552203"><ele>98.459594</ele><time>2024-05-24T11:11:07Z</time><extensions><speed>1.299525</speed><course>58.410669</course><hAcc>1.298063</hAcc><vAcc>0.911427</vAcc></extensions></trkpt>
      <trkpt lon="-82.152732" lat="33.552209"><ele>98.480770</ele><time>2024-05-24T11:11:08Z</time><extensions><speed>1.291939</speed><course>59.562409</course><hAcc>1.304038</hAcc><vAcc>0.911529</vAcc></extensions></trkpt>
      <trkpt lon="-82.152720" lat="33.552214"><ele>98.494180</ele><time>2024-05-24T11:11:09Z</time><extensions><speed>1.317519</speed><course>59.746946</course><hAcc>1.310640</hAcc><vAcc>0.911678</vAcc></extensions></trkpt>
      <trkpt lon="-82.152708" lat="33.552220"><ele>98.507391</ele><time>2024-05-24T11:11:10Z</time><extensions><speed>1.267184</speed><course>59.730818</course><hAcc>1.291613</hAcc><vAcc>0.911832</vAcc></extensions></trkpt>
      <trkpt lon="-82.152697" lat="33.552226"><ele>98.512685</ele><time>2024-05-24T11:11:11Z</time><extensions><speed>1.290688</speed><course>60.137964</course><hAcc>1.289119</hAcc><vAcc>0.912029</vAcc></extensions></trkpt>
      <trkpt lon="-82.152685" lat="33.552232"><ele>98.513418</ele><time>2024-05-24T11:11:12Z</time><extensions><speed>1.266309</speed><course>60.140197</course><hAcc>1.278414</hAcc><vAcc>0.912178</vAcc></extensions></trkpt>
      <trkpt lon="-82.152673" lat="33.552238"><ele>98.500031</ele><time>2024-05-24T11:11:13Z</time><extensions><speed>1.257865</speed><course>58.250080</course><hAcc>1.299933</hAcc><vAcc>0.912198</vAcc></extensions></trkpt>
      <trkpt lon="-82.152662" lat="33.552244"><ele>98.479020</ele><time>2024-05-24T11:11:14Z</time><extensions><speed>1.277628</speed><course>56.508002</course><hAcc>1.306706</hAcc><vAcc>0.912050</vAcc></extensions></trkpt>
      <trkpt lon="-82.152650" lat="33.552251"><ele>98.446277</ele><time>2024-05-24T11:11:15Z</time><extensions><speed>1.267525</speed><course>55.555836</course><hAcc>1.277332</hAcc><vAcc>0.911659</vAcc></extensions></trkpt>
      <trkpt lon="-82.152639" lat="33.552258"><ele>98.409453</ele><time>2024-05-24T11:11:16Z</time><extensions><speed>1.312819</speed><course>55.539494</course><hAcc>1.278654</hAcc><vAcc>0.911020</vAcc></extensions></trkpt>
      <trkpt lon="-82.152627" lat="33.552264"><ele>98.374445</ele><time>2024-05-24T11:11:17Z</time><extensions><speed>1.301758</speed><course>55.199371</course><hAcc>1.265329</hAcc><vAcc>0.910135</vAcc></extensions></trkpt>
      <trkpt lon="-82.152616" lat="33.552271"><ele>98.340408</ele><time>2024-05-24T11:11:18Z</time><extensions><speed>1.289635</speed><course>55.579316</course><hAcc>1.255691</hAcc><vAcc>0.909023</vAcc></extensions></trkpt>
      <trkpt lon="-82.152604" lat="33.552278"><ele>98.304740</ele><time>2024-05-24T11:11:19Z</time><extensions><speed>1.278104</speed><course>55.793090</course><hAcc>1.254939</hAcc><vAcc>0.907711</vAcc></extensions></trkpt>
      <trkpt lon="-82.152593" lat="33.552284"><ele>98.267757</ele><time>2024-05-24T11:11:20Z</time><extensions><speed>1.277299</speed><course>56.864107</course><hAcc>1.238734</hAcc><vAcc>0.906216</vAcc></extensions></trkpt>
      <trkpt lon="-82.152581" lat="33.552290"><ele>98.232028</ele><time>2024-05-24T11:11:21Z</time><extensions><speed>1.274816</speed><course>56.982034</course><hAcc>1.231229</hAcc><vAcc>0.904547</vAcc></extensions></trkpt>
      <trkpt lon="-82.152570" lat="33.552297"><ele>98.195336</ele><time>2024-05-24T11:11:22Z</time><extensions><speed>1.283393</speed><course>57.809147</course><hAcc>1.248849</hAcc><vAcc>0.902700</vAcc></extensions></trkpt>
      <trkpt lon="-82.152558" lat="33.552303"><ele>98.166328</ele><time>2024-05-24T11:11:23Z</time><extensions><speed>1.294300</speed><course>54.467360</course><hAcc>1.225652</hAcc><vAcc>0.900712</vAcc></extensions></trkpt>
      <trkpt lon="-82.152547" lat="33.552310"><ele>98.146674</ele><time>2024-05-24T11:11:24Z</time><extensions><speed>1.317516</speed><course>54.652436</course><hAcc>1.234772</hAcc><vAcc>0.898672</vAcc></extensions></trkpt>
      <trkpt lon="-82.152536" lat="33.552317"><ele>98.136298</ele><time>2024-05-24T11:11:25Z</time><extensions><speed>1.326697</speed><course>56.046256</course><hAcc>1.220764</hAcc><vAcc>0.896574</vAcc></extensions></trkpt>
      <trkpt lon="-82.152524" lat="33.552324"><ele>98.130803</ele><time>2024-05-24T11:11:26Z</time><extensions><speed>1.336462</speed><course>56.021951</course><hAcc>1.222431</hAcc><vAcc>0.894457</vAcc></extensions></trkpt>
      <trkpt lon="-82.152512" lat="33.552331"><ele>98.128752</ele><time>2024-05-24T11:11:27Z</time><extensions><speed>1.336399</speed><course>55.145262</course><hAcc>1.236830</hAcc><vAcc>0.892352</vAcc></extensions></trkpt>
      <trkpt lon="-82.152501" lat="33.552338"><ele>98.132496</ele><time>2024-05-24T11:11:28Z</time><extensions><speed>1.309126</speed><course>54.521679</course><hAcc>1.239209</hAcc><vAcc>0.890394</vAcc></extensions></trkpt>
      <trkpt lon="-82.152490" lat="33.552345"><ele>98.143526</ele><time>2024-05-24T11:11:29Z</time><extensions><speed>1.303698</speed><course>53.795503</course><hAcc>1.254637</hAcc><vAcc>0.888618</vAcc></extensions></trkpt>
      <trkpt lon="-82.152479" lat="33.552352"><ele>98.160960</ele><time>2024-05-24T11:11:30Z</time><extensions><speed>1.289332</speed><course>53.767214</course><hAcc>1.246534</hAcc><vAcc>0.887080</vAcc></extensions></trkpt>
      <trkpt lon="-82.152468" lat="33.552359"><ele>98.180844</ele><time>2024-05-24T11:11:31Z</time><extensions><speed>1.283337</speed><course>52.553864</course><hAcc>1.256309</hAcc><vAcc>0.885833</vAcc></extensions></trkpt>
      <trkpt lon="-82.152458" lat="33.552367"><ele>98.195537</ele><time>2024-05-24T11:11:32Z</time><extensions><speed>1.291897</speed><course>51.290350</course><hAcc>1.274805</hAcc><vAcc>0.884901</vAcc></extensions></trkpt>
      <trkpt lon="-82.152447" lat="33.552374"><ele>98.210805</ele><time>2024-05-24T11:11:33Z</time><extensions><speed>1.272398</speed><course>52.313214</course><hAcc>1.283125</hAcc><vAcc>0.884292</vAcc></extensions></trkpt>
      <trkpt lon="-82.152437" lat="33.552382"><ele>98.228309</ele><time>2024-05-24T11:11:34Z</time><extensions><speed>1.267485</speed><course>49.239884</course><hAcc>1.293440</hAcc><vAcc>0.883996</vAcc></extensions></trkpt>
      <trkpt lon="-82.152428" lat="33.552390"><ele>98.239215</ele><time>2024-05-24T11:11:35Z</time><extensions><speed>1.262115</speed><course>48.070408</course><hAcc>1.303846</hAcc><vAcc>0.884000</vAcc></extensions></trkpt>
      <trkpt lon="-82.152418" lat="33.552398"><ele>98.249390</ele><time>2024-05-24T11:11:36Z</time><extensions><speed>1.270637</speed><course>51.964276</course><hAcc>1.347097</hAcc><vAcc>0.884261</vAcc></extensions></trkpt>
      <trkpt lon="-82.152408" lat="33.552406"><ele>98.255398</ele><time>2024-05-24T11:11:37Z</time><extensions><speed>1.288248</speed><course>49.262917</course><hAcc>1.356493</hAcc><vAcc>0.884741</vAcc></extensions></trkpt>
      <trkpt lon="-82.152399" lat="33.552415"><ele>98.262502</ele><time>2024-05-24T11:11:38Z</time><extensions><speed>1.266311</speed><course>45.917005</course><hAcc>1.348017</hAcc><vAcc>0.885388</vAcc></extensions></trkpt>
      <trkpt lon="-82.152390" lat="33.552424"><ele>98.266537</ele><time>2024-05-24T11:11:39Z</time><extensions><speed>1.247075</speed><course>46.968599</course><hAcc>1.378162</hAcc><vAcc>0.886159</vAcc></extensions></trkpt>
      <trkpt lon="-82.152381" lat="33.552432"><ele>98.272304</ele><time>2024-05-24T11:11:40Z</time><extensions><speed>1.208418</speed><course>54.082566</course><hAcc>1.400425</hAcc><vAcc>0.886994</vAcc></extensions></trkpt>
      <trkpt lon="-82.152372" lat="33.552440"><ele>98.282907</ele><time>2024-05-24T11:11:41Z</time><extensions><speed>1.227009</speed><course>54.838153</course><hAcc>1.373131</hAcc><vAcc>0.887853</vAcc></extensions></trkpt>
      <trkpt lon="-82.152362" lat="33.552448"><ele>98.291058</ele><time>2024-05-24T11:11:42Z</time><extensions><speed>1.256486</speed><course>52.436142</course><hAcc>1.363121</hAcc><vAcc>0.888676</vAcc></extensions></trkpt>
      <trkpt lon="-82.152353" lat="33.552456"><ele>98.295258</ele><time>2024-05-24T11:11:43Z</time><extensions><speed>1.247791</speed><course>51.276086</course><hAcc>1.336648</hAcc><vAcc>0.889447</vAcc></extensions></trkpt>
      <trkpt lon="-82.152343" lat="33.552464"><ele>98.296296</ele><time>2024-05-24T11:11:44Z</time><extensions><speed>1.250178</speed><course>50.548634</course><hAcc>1.326677</hAcc><vAcc>0.890153</vAcc></extensions></trkpt>
      <trkpt lon="-82.152333" lat="33.552472"><ele>98.290955</ele><time>2024-05-24T11:11:45Z</time><extensions><speed>1.257549</speed><course>51.762622</course><hAcc>1.323134</hAcc><vAcc>0.890844</vAcc></extensions></trkpt>
      <trkpt lon="-82.152324" lat="33.552480"><ele>98.279673</ele><time>2024-05-24T11:11:46Z</time><extensions><speed>1.241984</speed><course>55.027379</course><hAcc>1.300679</hAcc><vAcc>0.891523</vAcc></extensions></trkpt>
      <trkpt lon="-82.152313" lat="33.552488"><ele>98.266023</ele><time>2024-05-24T11:11:47Z</time><extensions><speed>1.259240</speed><course>53.571451</course><hAcc>1.292934</hAcc><vAcc>0.892226</vAcc></extensions></trkpt>
      <trkpt lon="-82.152303" lat="33.552495"><ele>98.239091</ele><time>2024-05-24T11:11:48Z</time><extensions><speed>1.233482</speed><course>58.776328</course><hAcc>1.271292</hAcc><vAcc>0.892932</vAcc></extensions></trkpt>
      <trkpt lon="-82.152292" lat="33.552502"><ele>98.207815</ele><time>2024-05-24T11:11:49Z</time><extensions><speed>1.232805</speed><course>58.260064</course><hAcc>1.259763</hAcc><vAcc>0.893656</vAcc></extensions></trkpt>
      <trkpt lon="-82.152281" lat="33.552508"><ele>98.172078</ele><time>2024-05-24T11:11:50Z</time><extensions><speed>1.249925</speed><course>57.750869</course><hAcc>1.262135</hAcc><vAcc>0.894399</vAcc></extensions></trkpt>
      <trkpt lon="-82.152270" lat="33.552515"><ele>98.130748</ele><time>2024-05-24T11:11:51Z</time><extensions><speed>1.246582</speed><course>57.369989</course><hAcc>1.245160</hAcc><vAcc>0.895138</vAcc></extensions></trkpt>
      <trkpt lon="-82.152260" lat="33.552523"><ele>98.085893</ele><time>2024-05-24T11:11:52Z</time><extensions><speed>1.269388</speed><course>49.352072</course><hAcc>1.244293</hAcc><vAcc>0.895865</vAcc></extensions></trkpt>
      <trkpt lon="-82.152250" lat="33.552532"><ele>98.039121</ele><time>2024-05-24T11:11:53Z</time><extensions><speed>1.310943</speed><course>42.749367</course><hAcc>1.220212</hAcc><vAcc>0.896549</vAcc></extensions></trkpt>
      <trkpt lon="-82.152241" lat="33.552541"><ele>97.998731</ele><time>2024-05-24T11:11:54Z</time><extensions><speed>1.315648</speed><course>43.471994</course><hAcc>1.226663</hAcc><vAcc>0.897172</vAcc></extensions></trkpt>
      <trkpt lon="-82.152232" lat="33.552550"><ele>97.965882</ele><time>2024-05-24T11:11:55Z</time><extensions><speed>1.277230</speed><course>47.575627</course><hAcc>1.243743</hAcc><vAcc>0.897700</vAcc></extensions></trkpt>
      <trkpt lon="-82.152222" lat="33.552559"><ele>97.943066</ele><time>2024-05-24T11:11:56Z</time><extensions><speed>1.331655</speed><course>46.361906</course><hAcc>1.221842</hAcc><vAcc>0.898101</vAcc></extensions></trkpt>
      <trkpt lon="-82.152211" lat="33.552568"><ele>97.929595</ele><time>2024-05-24T11:11:57Z</time><extensions><speed>1.340904</speed><course>46.935414</course><hAcc>1.222583</hAcc><vAcc>0.898383</vAcc></extensions></trkpt>
      <trkpt lon="-82.152201" lat="33.552576"><ele>97.921032</ele><time>2024-05-24T11:11:58Z</time><extensions><speed>1.298921</speed><course>48.321333</course><hAcc>1.230450</hAcc><vAcc>0.898476</vAcc></extensions></trkpt>
      <trkpt lon="-82.152190" lat="33.552585"><ele>97.920626</ele><time>2024-05-24T11:11:59Z</time><extensions><speed>1.336705</speed><course>49.335357</course><hAcc>1.213777</hAcc><vAcc>0.898363</vAcc></extensions></trkpt>
      <trkpt lon="-82.152179" lat="33.552593"><ele>97.927254</ele><time>2024-05-24T11:12:00Z</time><extensions><speed>1.321450</speed><course>48.670379</course><hAcc>1.214162</hAcc><vAcc>0.898040</vAcc></extensions></trkpt>
      <trkpt lon="-82.152169" lat="33.552601"><ele>97.939925</ele><time>2024-05-24T11:12:01Z</time><extensions><speed>1.366935</speed><course>48.664149</course><hAcc>1.195509</hAcc><vAcc>0.897491</vAcc></extensions></trkpt>
      <trkpt lon="-82.152158" lat="33.552610"><ele>97.956884</ele><time>2024-05-24T11:12:02Z</time><extensions><speed>1.360613</speed><course>51.040836</course><hAcc>1.202566</hAcc><vAcc>0.896754</vAcc></extensions></trkpt>
      <trkpt lon="-82.152147" lat="33.552618"><ele>97.984259</ele><time>2024-05-24T11:12:03Z</time><extensions><speed>1.323423</speed><course>45.054703</course><hAcc>1.209838</hAcc><vAcc>0.895839</vAcc></extensions></trkpt>
      <trkpt lon="-82.152137" lat="33.552628"><ele>98.014166</ele><time>2024-05-24T11:12:04Z</time><extensions><speed>1.370550</speed><course>41.912841</course><hAcc>1.216383</hAcc><vAcc>0.894779</vAcc></extensions></trkpt>
      <trkpt lon="-82.152127" lat="33.552637"><ele>98.044435</ele><time>2024-05-24T11:12:05Z</time><extensions><speed>1.313225</speed><course>39.220731</course><hAcc>1.229761</hAcc><vAcc>0.893635</vAcc></extensions></trkpt>
      <trkpt lon="-82.152118" lat="33.552648"><ele>98.080212</ele><time>2024-05-24T11:12:06Z</time><extensions><speed>1.435215</speed><course>36.911573</course><hAcc>1.215468</hAcc><vAcc>0.892435</vAcc></extensions></trkpt>
      <trkpt lon="-82.152108" lat="33.552659"><ele>98.121280</ele><time>2024-05-24T11:12:07Z</time><extensions><speed>1.513167</speed><course>38.015012</course><hAcc>1.225924</hAcc><vAcc>0.891206</vAcc></extensions></trkpt>
      <trkpt lon="-82.152098" lat="33.552669"><ele>98.170231</ele><time>2024-05-24T11:12:08Z</time><extensions><speed>1.372995</speed><course>39.678790</course><hAcc>1.263924</hAcc><vAcc>0.889956</vAcc></extensions></trkpt>
      <trkpt lon="-82.152088" lat="33.552679"><ele>98.224796</ele><time>2024-05-24T11:12:09Z</time><extensions><speed>1.445180</speed><course>43.891532</course><hAcc>1.263970</hAcc><vAcc>0.888717</vAcc></extensions></trkpt>
      <trkpt lon="-82.152078" lat="33.552688"><ele>98.289080</ele><time>2024-05-24T11:12:10Z</time><extensions><speed>1.384084</speed><course>42.837860</course><hAcc>1.263389</hAcc><vAcc>0.887510</vAcc></extensions></trkpt>
      <trkpt lon="-82.152068" lat="33.552698"><ele>98.359648</ele><time>2024-05-24T11:12:11Z</time><extensions><speed>1.430931</speed><course>40.655994</course><hAcc>1.242983</hAcc><vAcc>0.886342</vAcc></extensions></trkpt>
      <trkpt lon="-82.152058" lat="33.552707"><ele>98.432515</ele><time>2024-05-24T11:12:12Z</time><extensions><speed>1.420952</speed><course>44.863980</course><hAcc>1.270218</hAcc><vAcc>0.885261</vAcc></extensions></trkpt>
      <trkpt lon="-82.152047" lat="33.552716"><ele>98.503679</ele><time>2024-05-24T11:12:13Z</time><extensions><speed>1.368494</speed><course>52.914820</course><hAcc>1.293717</hAcc><vAcc>0.884266</vAcc></extensions></trkpt>
      <trkpt lon="-82.152035" lat="33.552723"><ele>98.578761</ele><time>2024-05-24T11:12:14Z</time><extensions><speed>1.421621</speed><course>54.092683</course><hAcc>1.274342</hAcc><vAcc>0.883444</vAcc></extensions></trkpt>
      <trkpt lon="-82.152023" lat="33.552731"><ele>98.656288</ele><time>2024-05-24T11:12:15Z</time><extensions><speed>1.428257</speed><course>54.999570</course><hAcc>1.272794</hAcc><vAcc>0.882865</vAcc></extensions></trkpt>
      <trkpt lon="-82.152010" lat="33.552738"><ele>98.726124</ele><time>2024-05-24T11:12:16Z</time><extensions><speed>1.449258</speed><course>55.341862</course><hAcc>1.278846</hAcc><vAcc>0.882569</vAcc></extensions></trkpt>
      <trkpt lon="-82.151997" lat="33.552746"><ele>98.790489</ele><time>2024-05-24T11:12:17Z</time><extensions><speed>1.447146</speed><course>57.061993</course><hAcc>1.270308</hAcc><vAcc>0.882632</vAcc></extensions></trkpt>
      <trkpt lon="-82.151984" lat="33.552753"><ele>98.846345</ele><time>2024-05-24T11:12:18Z</time><extensions><speed>1.437234</speed><course>59.279331</course><hAcc>1.282619</hAcc><vAcc>0.883097</vAcc></extensions></trkpt>
      <trkpt lon="-82.151971" lat="33.552759"><ele>98.894566</ele><time>2024-05-24T11:12:19Z</time><extensions><speed>1.391066</speed><course>60.884059</course><hAcc>1.268812</hAcc><vAcc>0.883997</vAcc></extensions></trkpt>
      <trkpt lon="-82.151958" lat="33.552766"><ele>98.936100</ele><time>2024-05-24T11:12:20Z</time><extensions><speed>1.347188</speed><course>55.520547</course><hAcc>1.261226</hAcc><vAcc>0.885330</vAcc></extensions></trkpt>
      <trkpt lon="-82.151946" lat="33.552772"><ele>98.964967</ele><time>2024-05-24T11:12:21Z</time><extensions><speed>1.325758</speed><course>53.994713</course><hAcc>1.299904</hAcc><vAcc>0.887062</vAcc></extensions></trkpt>
      <trkpt lon="-82.151935" lat="33.552780"><ele>98.983236</ele><time>2024-05-24T11:12:22Z</time><extensions><speed>1.323926</speed><course>52.913671</course><hAcc>1.295288</hAcc><vAcc>0.889161</vAcc></extensions></trkpt>
      <trkpt lon="-82.151923" lat="33.552787"><ele>98.992900</ele><time>2024-05-24T11:12:23Z</time><extensions><speed>1.309483</speed><course>54.527299</course><hAcc>1.359128</hAcc><vAcc>0.891564</vAcc></extensions></trkpt>
      <trkpt lon="-82.151911" lat="33.552794"><ele>98.996032</ele><time>2024-05-24T11:12:24Z</time><extensions><speed>1.304678</speed><course>56.263776</course><hAcc>1.374598</hAcc><vAcc>0.894187</vAcc></extensions></trkpt>
      <trkpt lon="-82.151900" lat="33.552801"><ele>98.986329</ele><time>2024-05-24T11:12:25Z</time><extensions><speed>1.312049</speed><course>55.945710</course><hAcc>1.351426</hAcc><vAcc>0.896975</vAcc></extensions></trkpt>
      <trkpt lon="-82.151888" lat="33.552808"><ele>98.968919</ele><time>2024-05-24T11:12:26Z</time><extensions><speed>1.316326</speed><course>56.214461</course><hAcc>1.355403</hAcc><vAcc>0.899813</vAcc></extensions></trkpt>
      <trkpt lon="-82.151876" lat="33.552814"><ele>98.949066</ele><time>2024-05-24T11:12:27Z</time><extensions><speed>1.354404</speed><course>57.443740</course><hAcc>1.365913</hAcc><vAcc>0.902619</vAcc></extensions></trkpt>
      <trkpt lon="-82.151864" lat="33.552821"><ele>98.925041</ele><time>2024-05-24T11:12:28Z</time><extensions><speed>1.354232</speed><course>58.736627</course><hAcc>1.352906</hAcc><vAcc>0.905269</vAcc></extensions></trkpt>
      <trkpt lon="-82.151851" lat="33.552828"><ele>98.899608</ele><time>2024-05-24T11:12:29Z</time><extensions><speed>1.335163</speed><course>59.473863</course><hAcc>1.340289</hAcc><vAcc>0.907580</vAcc></extensions></trkpt>
      <trkpt lon="-82.151838" lat="33.552834"><ele>98.876998</ele><time>2024-05-24T11:12:30Z</time><extensions><speed>1.365663</speed><course>60.928906</course><hAcc>1.328997</hAcc><vAcc>0.909458</vAcc></extensions></trkpt>
      <trkpt lon="-82.151825" lat="33.552840"><ele>98.852378</ele><time>2024-05-24T11:12:31Z</time><extensions><speed>1.342495</speed><course>58.929517</course><hAcc>1.325198</hAcc><vAcc>0.910875</vAcc></extensions></trkpt>
      <trkpt lon="-82.151813" lat="33.552847"><ele>98.832812</ele><time>2024-05-24T11:12:32Z</time><extensions><speed>1.385064</speed><course>58.066759</course><hAcc>1.296269</hAcc><vAcc>0.911822</vAcc></extensions></trkpt>
      <trkpt lon="-82.151800" lat="33.552854"><ele>98.816218</ele><time>2024-05-24T11:12:33Z</time><extensions><speed>1.381477</speed><course>56.629321</course><hAcc>1.286869</hAcc><vAcc>0.912307</vAcc></extensions></trkpt>
      <trkpt lon="-82.151788" lat="33.552862"><ele>98.794788</ele><time>2024-05-24T11:12:34Z</time><extensions><speed>1.355161</speed><course>54.361938</course><hAcc>1.295916</hAcc><vAcc>0.912338</vAcc></extensions></trkpt>
      <trkpt lon="-82.151777" lat="33.552869"><ele>98.767753</ele><time>2024-05-24T11:12:35Z</time><extensions><speed>1.387479</speed><course>53.169944</course><hAcc>1.267794</hAcc><vAcc>0.911980</vAcc></extensions></trkpt>
      <trkpt lon="-82.151765" lat="33.552877"><ele>98.739174</ele><time>2024-05-24T11:12:36Z</time><extensions><speed>1.349006</speed><course>53.543887</course><hAcc>1.272939</hAcc><vAcc>0.911263</vAcc></extensions></trkpt>
      <trkpt lon="-82.151753" lat="33.552885"><ele>98.706705</ele><time>2024-05-24T11:12:37Z</time><extensions><speed>1.384949</speed><course>53.331211</course><hAcc>1.255403</hAcc><vAcc>0.910257</vAcc></extensions></trkpt>
      <trkpt lon="-82.151741" lat="33.552892"><ele>98.672656</ele><time>2024-05-24T11:12:38Z</time><extensions><speed>1.381795</speed><course>53.493421</course><hAcc>1.262879</hAcc><vAcc>0.909048</vAcc></extensions></trkpt>
      <trkpt lon="-82.151730" lat="33.552900"><ele>98.641650</ele><time>2024-05-24T11:12:39Z</time><extensions><speed>1.342848</speed><course>54.344908</course><hAcc>1.282953</hAcc><vAcc>0.907720</vAcc></extensions></trkpt>
      <trkpt lon="-82.151718" lat="33.552907"><ele>98.619813</ele><time>2024-05-24T11:12:40Z</time><extensions><speed>1.380683</speed><course>55.802318</course><hAcc>1.271749</hAcc><vAcc>0.906328</vAcc></extensions></trkpt>
      <trkpt lon="-82.151706" lat="33.552915"><ele>98.601686</ele><time>2024-05-24T11:12:41Z</time><extensions><speed>1.377262</speed><course>54.396035</course><hAcc>1.282007</hAcc><vAcc>0.904926</vAcc></extensions></trkpt>
      <trkpt lon="-82.151694" lat="33.552923"><ele>98.589659</ele><time>2024-05-24T11:12:42Z</time><extensions><speed>1.423906</speed><course>50.923034</course><hAcc>1.268864</hAcc><vAcc>0.903609</vAcc></extensions></trkpt>
      <trkpt lon="-82.151682" lat="33.552931"><ele>98.580098</ele><time>2024-05-24T11:12:43Z</time><extensions><speed>1.426163</speed><course>48.921088</course><hAcc>1.284708</hAcc><vAcc>0.902422</vAcc></extensions></trkpt>
      <trkpt lon="-82.151671" lat="33.552940"><ele>98.578378</ele><time>2024-05-24T11:12:44Z</time><extensions><speed>1.396991</speed><course>50.939334</course><hAcc>1.314168</hAcc><vAcc>0.901354</vAcc></extensions></trkpt>
      <trkpt lon="-82.151659" lat="33.552948"><ele>98.582615</ele><time>2024-05-24T11:12:45Z</time><extensions><speed>1.414118</speed><course>54.030555</course><hAcc>1.305344</hAcc><vAcc>0.900413</vAcc></extensions></trkpt>
      <trkpt lon="-82.151646" lat="33.552956"><ele>98.591658</ele><time>2024-05-24T11:12:46Z</time><extensions><speed>1.397100</speed><course>55.741425</course><hAcc>1.330550</hAcc><vAcc>0.899606</vAcc></extensions></trkpt>
      <trkpt lon="-82.151634" lat="33.552964"><ele>98.607343</ele><time>2024-05-24T11:12:47Z</time><extensions><speed>1.379680</speed><course>55.014419</course><hAcc>1.356074</hAcc><vAcc>0.898899</vAcc></extensions></trkpt>
      <trkpt lon="-82.151622" lat="33.552972"><ele>98.634162</ele><time>2024-05-24T11:12:48Z</time><extensions><speed>1.390890</speed><course>54.034570</course><hAcc>1.372320</hAcc><vAcc>0.898273</vAcc></extensions></trkpt>
      <trkpt lon="-82.151611" lat="33.552980"><ele>98.664659</ele><time>2024-05-24T11:12:49Z</time><extensions><speed>1.353813</speed><course>56.703967</course><hAcc>1.396274</hAcc><vAcc>0.897698</vAcc></extensions></trkpt>
      <trkpt lon="-82.151599" lat="33.552988"><ele>98.691558</ele><time>2024-05-24T11:12:50Z</time><extensions><speed>1.387514</speed><course>53.584895</course><hAcc>1.370642</hAcc><vAcc>0.897166</vAcc></extensions></trkpt>
      <trkpt lon="-82.151588" lat="33.552997"><ele>98.720493</ele><time>2024-05-24T11:12:51Z</time><extensions><speed>1.410559</speed><course>53.456489</course><hAcc>1.375097</hAcc><vAcc>0.896690</vAcc></extensions></trkpt>
      <trkpt lon="-82.151577" lat="33.553006"><ele>98.756822</ele><time>2024-05-24T11:12:52Z</time><extensions><speed>1.393007</speed><course>48.174600</course><hAcc>1.371241</hAcc><vAcc>0.896182</vAcc></extensions></trkpt>
      <trkpt lon="-82.151567" lat="33.553016"><ele>98.791780</ele><time>2024-05-24T11:12:53Z</time><extensions><speed>1.434887</speed><course>46.081124</course><hAcc>1.356396</hAcc><vAcc>0.895626</vAcc></extensions></trkpt>
      <trkpt lon="-82.151557" lat="33.553026"><ele>98.823989</ele><time>2024-05-24T11:12:54Z</time><extensions><speed>1.398391</speed><course>49.001231</course><hAcc>1.371719</hAcc><vAcc>0.894999</vAcc></extensions></trkpt>
      <trkpt lon="-82.151546" lat="33.553035"><ele>98.859366</ele><time>2024-05-24T11:12:55Z</time><extensions><speed>1.437665</speed><course>49.276780</course><hAcc>1.345384</hAcc><vAcc>0.894260</vAcc></extensions></trkpt>
      <trkpt lon="-82.151535" lat="33.553045"><ele>98.893728</ele><time>2024-05-24T11:12:56Z</time><extensions><speed>1.457406</speed><course>49.687531</course><hAcc>1.333001</hAcc><vAcc>0.893412</vAcc></extensions></trkpt>
      <trkpt lon="-82.151524" lat="33.553054"><ele>98.921378</ele><time>2024-05-24T11:12:57Z</time><extensions><speed>1.448809</speed><course>46.685309</course><hAcc>1.327322</hAcc><vAcc>0.892466</vAcc></extensions></trkpt>
      <trkpt lon="-82.151513" lat="33.553064"><ele>98.946419</ele><time>2024-05-24T11:12:58Z</time><extensions><speed>1.471423</speed><course>45.195007</course><hAcc>1.301753</hAcc><vAcc>0.891428</vAcc></extensions></trkpt>
      <trkpt lon="-82.151503" lat="33.553074"><ele>98.964867</ele><time>2024-05-24T11:12:59Z</time><extensions><speed>1.446116</speed><course>44.720754</course><hAcc>1.296436</hAcc><vAcc>0.890286</vAcc></extensions></trkpt>
      <trkpt lon="-82.151493" lat="33.553083"><ele>98.983656</ele><time>2024-05-24T11:13:00Z</time><extensions><speed>1.441452</speed><course>49.691524</course><hAcc>1.273234</hAcc><vAcc>0.889034</vAcc></extensions></trkpt>
      <trkpt lon="-82.151483" lat="33.553092"><ele>99.006142</ele><time>2024-05-24T11:13:01Z</time><extensions><speed>1.421059</speed><course>47.473846</course><hAcc>1.259885</hAcc><vAcc>0.887683</vAcc></extensions></trkpt>
      <trkpt lon="-82.151473" lat="33.553101"><ele>99.024934</ele><time>2024-05-24T11:13:02Z</time><extensions><speed>1.417148</speed><course>46.542188</course><hAcc>1.262333</hAcc><vAcc>0.886225</vAcc></extensions></trkpt>
      <trkpt lon="-82.151463" lat="33.553111"><ele>99.035571</ele><time>2024-05-24T11:13:03Z</time><extensions><speed>1.393201</speed><course>47.903028</course><hAcc>1.237893</hAcc><vAcc>0.884658</vAcc></extensions></trkpt>
      <trkpt lon="-82.151454" lat="33.553120"><ele>99.045195</ele><time>2024-05-24T11:13:04Z</time><extensions><speed>1.385805</speed><course>47.612060</course><hAcc>1.230354</hAcc><vAcc>0.882983</vAcc></extensions></trkpt>
      <trkpt lon="-82.151444" lat="33.553129"><ele>99.054185</ele><time>2024-05-24T11:13:05Z</time><extensions><speed>1.402334</speed><course>47.187895</course><hAcc>1.230419</hAcc><vAcc>0.881219</vAcc></extensions></trkpt>
      <trkpt lon="-82.151434" lat="33.553139"><ele>99.056049</ele><time>2024-05-24T11:13:06Z</time><extensions><speed>1.356541</speed><course>47.207221</course><hAcc>1.211027</hAcc><vAcc>0.879369</vAcc></extensions></trkpt>
      <trkpt lon="-82.151424" lat="33.553148"><ele>99.051972</ele><time>2024-05-24T11:13:07Z</time><extensions><speed>1.385501</speed><course>49.415925</course><hAcc>1.216702</hAcc><vAcc>0.877451</vAcc></extensions></trkpt>
      <trkpt lon="-82.151414" lat="33.553157"><ele>99.047900</ele><time>2024-05-24T11:13:08Z</time><extensions><speed>1.322528</speed><course>46.982137</course><hAcc>1.194432</hAcc><vAcc>0.875487</vAcc></extensions></trkpt>
      <trkpt lon="-82.151404" lat="33.553165"><ele>99.043701</ele><time>2024-05-24T11:13:09Z</time><extensions><speed>1.297043</speed><course>47.374770</course><hAcc>1.195906</hAcc><vAcc>0.873510</vAcc></extensions></trkpt>
      <trkpt lon="-82.151394" lat="33.553174"><ele>99.031695</ele><time>2024-05-24T11:13:10Z</time><extensions><speed>1.298703</speed><course>49.489273</course><hAcc>1.206165</hAcc><vAcc>0.871602</vAcc></extensions></trkpt>
      <trkpt lon="-82.151385" lat="33.553182"><ele>99.015427</ele><time>2024-05-24T11:13:11Z</time><extensions><speed>1.249863</speed><course>42.543268</course><hAcc>1.184588</hAcc><vAcc>0.869813</vAcc></extensions></trkpt>
      <trkpt lon="-82.151376" lat="33.553190"><ele>98.999103</ele><time>2024-05-24T11:13:12Z</time><extensions><speed>1.277011</speed><course>50.876756</course><hAcc>1.201336</hAcc><vAcc>0.868206</vAcc></extensions></trkpt>
      <trkpt lon="-82.151366" lat="33.553198"><ele>98.980875</ele><time>2024-05-24T11:13:13Z</time><extensions><speed>1.257455</speed><course>50.204813</course><hAcc>1.183929</hAcc><vAcc>0.866829</vAcc></extensions></trkpt>
      <trkpt lon="-82.151356" lat="33.553206"><ele>98.967806</ele><time>2024-05-24T11:13:14Z</time><extensions><speed>1.273762</speed><course>48.775392</course><hAcc>1.181053</hAcc><vAcc>0.865741</vAcc></extensions></trkpt>
      <trkpt lon="-82.151346" lat="33.553215"><ele>98.962308</ele><time>2024-05-24T11:13:15Z</time><extensions><speed>1.322141</speed><course>46.000702</course><hAcc>1.188837</hAcc><vAcc>0.864998</vAcc></extensions></trkpt>
      <trkpt lon="-82.151336" lat="33.553224"><ele>98.959463</ele><time>2024-05-24T11:13:16Z</time><extensions><speed>1.346796</speed><course>47.099595</course><hAcc>1.182070</hAcc><vAcc>0.864639</vAcc></extensions></trkpt>
      <trkpt lon="-82.151325" lat="33.553232"><ele>98.958707</ele><time>2024-05-24T11:13:17Z</time><extensions><speed>1.388576</speed><course>49.431016</course><hAcc>1.192992</hAcc><vAcc>0.864655</vAcc></extensions></trkpt>
      <trkpt lon="-82.151314" lat="33.553242"><ele>98.956933</ele><time>2024-05-24T11:13:18Z</time><extensions><speed>1.391058</speed><course>43.715833</course><hAcc>1.174175</hAcc><vAcc>0.865016</vAcc></extensions></trkpt>
      <trkpt lon="-82.151304" lat="33.553251"><ele>98.959409</ele><time>2024-05-24T11:13:19Z</time><extensions><speed>1.411203</speed><course>39.025986</course><hAcc>1.184920</hAcc><vAcc>0.865699</vAcc></extensions></trkpt>
      <trkpt lon="-82.151295" lat="33.553262"><ele>98.958564</ele><time>2024-05-24T11:13:20Z</time><extensions><speed>1.401738</speed><course>37.410977</course><hAcc>1.216795</hAcc><vAcc>0.866670</vAcc></extensions></trkpt>
      <trkpt lon="-82.151286" lat="33.553271"><ele>98.960555</ele><time>2024-05-24T11:13:21Z</time><extensions><speed>1.376879</speed><course>47.708807</course><hAcc>1.234997</hAcc><vAcc>0.867864</vAcc></extensions></trkpt>
      <trkpt lon="-82.151275" lat="33.553280"><ele>98.965063</ele><time>2024-05-24T11:13:22Z</time><extensions><speed>1.392818</speed><course>40.209188</course><hAcc>1.231201</hAcc><vAcc>0.869211</vAcc></extensions></trkpt>
      <trkpt lon="-82.151266" lat="33.553290"><ele>98.973703</ele><time>2024-05-24T11:13:23Z</time><extensions><speed>1.359771</speed><course>41.442481</course><hAcc>1.238516</hAcc><vAcc>0.870649</vAcc></extensions></trkpt>
      <trkpt lon="-82.151256" lat="33.553299"><ele>98.988869</ele><time>2024-05-24T11:13:24Z</time><extensions><speed>1.400653</speed><course>45.058506</course><hAcc>1.222866</hAcc><vAcc>0.872087</vAcc></extensions></trkpt>
      <trkpt lon="-82.151246" lat="33.553308"><ele>99.006415</ele><time>2024-05-24T11:13:25Z</time><extensions><speed>1.383780</speed><course>46.860268</course><hAcc>1.231278</hAcc><vAcc>0.873441</vAcc></extensions></trkpt>
      <trkpt lon="-82.151235" lat="33.553317"><ele>99.026748</ele><time>2024-05-24T11:13:26Z</time><extensions><speed>1.445905</speed><course>44.744626</course><hAcc>1.208323</hAcc><vAcc>0.874623</vAcc></extensions></trkpt>
      <trkpt lon="-82.151225" lat="33.553326"><ele>99.042965</ele><time>2024-05-24T11:13:27Z</time><extensions><speed>1.441150</speed><course>45.284824</course><hAcc>1.220670</hAcc><vAcc>0.875575</vAcc></extensions></trkpt>
      <trkpt lon="-82.151214" lat="33.553335"><ele>99.060421</ele><time>2024-05-24T11:13:28Z</time><extensions><speed>1.435915</speed><course>50.200339</course><hAcc>1.239191</hAcc><vAcc>0.876256</vAcc></extensions></trkpt>
      <trkpt lon="-82.151202" lat="33.553343"><ele>99.078819</ele><time>2024-05-24T11:13:29Z</time><extensions><speed>1.400707</speed><course>51.788731</course><hAcc>1.225380</hAcc><vAcc>0.876677</vAcc></extensions></trkpt>
      <trkpt lon="-82.151191" lat="33.553351"><ele>99.096275</ele><time>2024-05-24T11:13:30Z</time><extensions><speed>1.405842</speed><course>47.919765</course><hAcc>1.220327</hAcc><vAcc>0.876878</vAcc></extensions></trkpt>
      <trkpt lon="-82.151180" lat="33.553359"><ele>99.113839</ele><time>2024-05-24T11:13:31Z</time><extensions><speed>1.343205</speed><course>48.190589</course><hAcc>1.217705</hAcc><vAcc>0.876870</vAcc></extensions></trkpt>
      <trkpt lon="-82.151170" lat="33.553367"><ele>99.132190</ele><time>2024-05-24T11:13:32Z</time><extensions><speed>1.358661</speed><course>47.896665</course><hAcc>1.217318</hAcc><vAcc>0.876676</vAcc></extensions></trkpt>
      <trkpt lon="-82.151159" lat="33.553376"><ele>99.150418</ele><time>2024-05-24T11:13:33Z</time><extensions><speed>1.361413</speed><course>46.855093</course><hAcc>1.222232</hAcc><vAcc>0.876346</vAcc></extensions></trkpt>
      <trkpt lon="-82.151149" lat="33.553384"><ele>99.169756</ele><time>2024-05-24T11:13:34Z</time><extensions><speed>1.320182</speed><course>48.235139</course><hAcc>1.204862</hAcc><vAcc>0.875913</vAcc></extensions></trkpt>
      <trkpt lon="-82.151138" lat="33.553391"><ele>99.194731</ele><time>2024-05-24T11:13:35Z</time><extensions><speed>1.327291</speed><course>56.673324</course><hAcc>1.210783</hAcc><vAcc>0.875409</vAcc></extensions></trkpt>
      <trkpt lon="-82.151127" lat="33.553398"><ele>99.219815</ele><time>2024-05-24T11:13:36Z</time><extensions><speed>1.271428</speed><course>55.560021</course><hAcc>1.189899</hAcc><vAcc>0.874866</vAcc></extensions></trkpt>
      <trkpt lon="-82.151116" lat="33.553405"><ele>99.242891</ele><time>2024-05-24T11:13:37Z</time><extensions><speed>1.269074</speed><course>52.647270</course><hAcc>1.195188</hAcc><vAcc>0.874282</vAcc></extensions></trkpt>
      <trkpt lon="-82.151105" lat="33.553412"><ele>99.270102</ele><time>2024-05-24T11:13:38Z</time><extensions><speed>1.297161</speed><course>52.017206</course><hAcc>1.212220</hAcc><vAcc>0.873673</vAcc></extensions></trkpt>
      <trkpt lon="-82.151093" lat="33.553419"><ele>99.295072</ele><time>2024-05-24T11:13:39Z</time><extensions><speed>1.265009</speed><course>53.304115</course><hAcc>1.197236</hAcc><vAcc>0.873048</vAcc></extensions></trkpt>
      <trkpt lon="-82.151082" lat="33.553426"><ele>99.323738</ele><time>2024-05-24T11:13:40Z</time><extensions><speed>1.270493</speed><course>51.727544</course><hAcc>1.191598</hAcc><vAcc>0.872412</vAcc></extensions></trkpt>
      <trkpt lon="-82.151072" lat="33.553433"><ele>99.353203</ele><time>2024-05-24T11:13:41Z</time><extensions><speed>1.312954</speed><course>46.350829</course><hAcc>1.216041</hAcc><vAcc>0.871749</vAcc></extensions></trkpt>
      <trkpt lon="-82.151061" lat="33.553441"><ele>99.383158</ele><time>2024-05-24T11:13:42Z</time><extensions><speed>1.304927</speed><course>44.779020</course><hAcc>1.227771</hAcc><vAcc>0.871070</vAcc></extensions></trkpt>
      <trkpt lon="-82.151051" lat="33.553449"><ele>99.408844</ele><time>2024-05-24T11:13:43Z</time><extensions><speed>1.308787</speed><course>47.851420</course><hAcc>1.230327</hAcc><vAcc>0.870344</vAcc></extensions></trkpt>
      <trkpt lon="-82.151040" lat="33.553456"><ele>99.434442</ele><time>2024-05-24T11:13:44Z</time><extensions><speed>1.300182</speed><course>49.415912</course><hAcc>1.211904</hAcc><vAcc>0.869595</vAcc></extensions></trkpt>
      <trkpt lon="-82.151030" lat="33.553464"><ele>99.457015</ele><time>2024-05-24T11:13:45Z</time><extensions><speed>1.303945</speed><course>50.152255</course><hAcc>1.213566</hAcc><vAcc>0.868864</vAcc></extensions></trkpt>
      <trkpt lon="-82.151019" lat="33.553471"><ele>99.477758</ele><time>2024-05-24T11:13:46Z</time><extensions><speed>1.332518</speed><course>52.056981</course><hAcc>1.220028</hAcc><vAcc>0.868155</vAcc></extensions></trkpt>
      <trkpt lon="-82.151007" lat="33.553478"><ele>99.495568</ele><time>2024-05-24T11:13:47Z</time><extensions><speed>1.358128</speed><course>52.457220</course><hAcc>1.208689</hAcc><vAcc>0.867491</vAcc></extensions></trkpt>
      <trkpt lon="-82.150995" lat="33.553486"><ele>99.509337</ele><time>2024-05-24T11:13:48Z</time><extensions><speed>1.361887</speed><course>53.339787</course><hAcc>1.218301</hAcc><vAcc>0.866897</vAcc></extensions></trkpt>
      <trkpt lon="-82.150983" lat="33.553493"><ele>99.525210</ele><time>2024-05-24T11:13:49Z</time><extensions><speed>1.388171</speed><course>54.500392</course><hAcc>1.199033</hAcc><vAcc>0.866384</vAcc></extensions></trkpt>
      <trkpt lon="-82.150971" lat="33.553500"><ele>99.538594</ele><time>2024-05-24T11:13:50Z</time><extensions><speed>1.388926</speed><course>54.550107</course><hAcc>1.198798</hAcc><vAcc>0.865933</vAcc></extensions></trkpt>
      <trkpt lon="-82.150959" lat="33.553508"><ele>99.550234</ele><time>2024-05-24T11:13:51Z</time><extensions><speed>1.378819</speed><course>56.315541</course><hAcc>1.200285</hAcc><vAcc>0.865586</vAcc></extensions></trkpt>
      <trkpt lon="-82.150946" lat="33.553514"><ele>99.559831</ele><time>2024-05-24T11:13:52Z</time><extensions><speed>1.376062</speed><course>56.314506</course><hAcc>1.193571</hAcc><vAcc>0.865400</vAcc></extensions></trkpt>
      <trkpt lon="-82.150934" lat="33.553521"><ele>99.563724</ele><time>2024-05-24T11:13:53Z</time><extensions><speed>1.365601</speed><course>55.755127</course><hAcc>1.190686</hAcc><vAcc>0.865416</vAcc></extensions></trkpt>
      <trkpt lon="-82.150922" lat="33.553528"><ele>99.564308</ele><time>2024-05-24T11:13:54Z</time><extensions><speed>1.341394</speed><course>54.855708</course><hAcc>1.212571</hAcc><vAcc>0.865653</vAcc></extensions></trkpt>
      <trkpt lon="-82.150910" lat="33.553535"><ele>99.558133</ele><time>2024-05-24T11:13:55Z</time><extensions><speed>1.346492</speed><course>53.670072</course><hAcc>1.195076</hAcc><vAcc>0.866107</vAcc></extensions></trkpt>
      <trkpt lon="-82.150899" lat="33.553543"><ele>99.548682</ele><time>2024-05-24T11:13:56Z</time><extensions><speed>1.356804</speed><course>54.147510</course><hAcc>1.198540</hAcc><vAcc>0.866736</vAcc></extensions></trkpt>
      <trkpt lon="-82.150887" lat="33.553550"><ele>99.536491</ele><time>2024-05-24T11:13:57Z</time><extensions><speed>1.366831</speed><course>55.821343</course><hAcc>1.175487</hAcc><vAcc>0.867534</vAcc></extensions></trkpt>
      <trkpt lon="-82.150875" lat="33.553557"><ele>99.516670</ele><time>2024-05-24T11:13:58Z</time><extensions><speed>1.367859</speed><course>55.387773</course><hAcc>1.192194</hAcc><vAcc>0.868433</vAcc></extensions></trkpt>
      <trkpt lon="-82.150863" lat="33.553564"><ele>99.491610</ele><time>2024-05-24T11:13:59Z</time><extensions><speed>1.366651</speed><course>61.067422</course><hAcc>1.216171</hAcc><vAcc>0.869385</vAcc></extensions></trkpt>
      <trkpt lon="-82.150850" lat="33.553570"><ele>99.465180</ele><time>2024-05-24T11:14:00Z</time><extensions><speed>1.377702</speed><course>59.760227</course><hAcc>1.202521</hAcc><vAcc>0.870331</vAcc></extensions></trkpt>
      <trkpt lon="-82.150837" lat="33.553577"><ele>99.431136</ele><time>2024-05-24T11:14:01Z</time><extensions><speed>1.399940</speed><course>59.914271</course><hAcc>1.202930</hAcc><vAcc>0.871256</vAcc></extensions></trkpt>
      <trkpt lon="-82.150825" lat="33.553583"><ele>99.390888</ele><time>2024-05-24T11:14:02Z</time><extensions><speed>1.392790</speed><course>59.252473</course><hAcc>1.188970</hAcc><vAcc>0.872156</vAcc></extensions></trkpt>
      <trkpt lon="-82.150812" lat="33.553590"><ele>99.342858</ele><time>2024-05-24T11:14:03Z</time><extensions><speed>1.367878</speed><course>60.091716</course><hAcc>1.194065</hAcc><vAcc>0.873009</vAcc></extensions></trkpt>
      <trkpt lon="-82.150800" lat="33.553597"><ele>99.281956</ele><time>2024-05-24T11:14:04Z</time><extensions><speed>1.347807</speed><course>58.939012</course><hAcc>1.195956</hAcc><vAcc>0.873793</vAcc></extensions></trkpt>
      <trkpt lon="-82.150787" lat="33.553603"><ele>99.216284</ele><time>2024-05-24T11:14:05Z</time><extensions><speed>1.342503</speed><course>60.054651</course><hAcc>1.190062</hAcc><vAcc>0.874513</vAcc></extensions></trkpt>
      <trkpt lon="-82.150775" lat="33.553610"><ele>99.147163</ele><time>2024-05-24T11:14:06Z</time><extensions><speed>1.330642</speed><course>58.547548</course><hAcc>1.188419</hAcc><vAcc>0.875132</vAcc></extensions></trkpt>
      <trkpt lon="-82.150763" lat="33.553617"><ele>99.079292</ele><time>2024-05-24T11:14:07Z</time><extensions><speed>1.333152</speed><course>57.877065</course><hAcc>1.168774</hAcc><vAcc>0.875685</vAcc></extensions></trkpt>
      <trkpt lon="-82.150751" lat="33.553623"><ele>99.005837</ele><time>2024-05-24T11:14:08Z</time><extensions><speed>1.336824</speed><course>57.409708</course><hAcc>1.179341</hAcc><vAcc>0.876113</vAcc></extensions></trkpt>
      <trkpt lon="-82.150739" lat="33.553630"><ele>98.925860</ele><time>2024-05-24T11:14:09Z</time><extensions><speed>1.346468</speed><course>60.068644</course><hAcc>1.190618</hAcc><vAcc>0.876423</vAcc></extensions></trkpt>
      <trkpt lon="-82.150726" lat="33.553636"><ele>98.845421</ele><time>2024-05-24T11:14:10Z</time><extensions><speed>1.351029</speed><course>60.085205</course><hAcc>1.172093</hAcc><vAcc>0.876630</vAcc></extensions></trkpt>
      <trkpt lon="-82.150714" lat="33.553643"><ele>98.773339</ele><time>2024-05-24T11:14:11Z</time><extensions><speed>1.345391</speed><course>58.934993</course><hAcc>1.176021</hAcc><vAcc>0.876766</vAcc></extensions></trkpt>
      <trkpt lon="-82.150702" lat="33.553650"><ele>98.706533</ele><time>2024-05-24T11:14:12Z</time><extensions><speed>1.340545</speed><course>58.348956</course><hAcc>1.186057</hAcc><vAcc>0.876780</vAcc></extensions></trkpt>
      <trkpt lon="-82.150690" lat="33.553657"><ele>98.640293</ele><time>2024-05-24T11:14:13Z</time><extensions><speed>1.311733</speed><course>58.901023</course><hAcc>1.172614</hAcc><vAcc>0.876683</vAcc></extensions></trkpt>
      <trkpt lon="-82.150679" lat="33.553664"><ele>98.574958</ele><time>2024-05-24T11:14:14Z</time><extensions><speed>1.313777</speed><course>49.062434</course><hAcc>1.170843</hAcc><vAcc>0.876467</vAcc></extensions></trkpt>
      <trkpt lon="-82.150668" lat="33.553672"><ele>98.517985</ele><time>2024-05-24T11:14:15Z</time><extensions><speed>1.355686</speed><course>53.692684</course><hAcc>1.195917</hAcc><vAcc>0.876151</vAcc></extensions></trkpt>
      <trkpt lon="-82.150656" lat="33.553680"><ele>98.462818</ele><time>2024-05-24T11:14:16Z</time><extensions><speed>1.394280</speed><course>52.046689</course><hAcc>1.205383</hAcc><vAcc>0.875772</vAcc></extensions></trkpt>
      <trkpt lon="-82.150645" lat="33.553688"><ele>98.411382</ele><time>2024-05-24T11:14:17Z</time><extensions><speed>1.375295</speed><course>54.403275</course><hAcc>1.229033</hAcc><vAcc>0.875301</vAcc></extensions></trkpt>
      <trkpt lon="-82.150633" lat="33.553695"><ele>98.373454</ele><time>2024-05-24T11:14:18Z</time><extensions><speed>1.372846</speed><course>56.834660</course><hAcc>1.220955</hAcc><vAcc>0.874726</vAcc></extensions></trkpt>
      <trkpt lon="-82.150622" lat="33.553703"><ele>98.343019</ele><time>2024-05-24T11:14:19Z</time><extensions><speed>1.363849</speed><course>51.376923</course><hAcc>1.213885</hAcc><vAcc>0.874078</vAcc></extensions></trkpt>
      <trkpt lon="-82.150611" lat="33.553711"><ele>98.316416</ele><time>2024-05-24T11:14:20Z</time><extensions><speed>1.372957</speed><course>50.405431</course><hAcc>1.205619</hAcc><vAcc>0.873396</vAcc></extensions></trkpt>
      <trkpt lon="-82.150600" lat="33.553719"><ele>98.289902</ele><time>2024-05-24T11:14:21Z</time><extensions><speed>1.372994</speed><course>51.196449</course><hAcc>1.222256</hAcc><vAcc>0.872700</vAcc></extensions></trkpt>
      <trkpt lon="-82.150589" lat="33.553728"><ele>98.267247</ele><time>2024-05-24T11:14:22Z</time><extensions><speed>1.373609</speed><course>49.058992</course><hAcc>1.230241</hAcc><vAcc>0.872047</vAcc></extensions></trkpt>
      <trkpt lon="-82.150578" lat="33.553736"><ele>98.258334</ele><time>2024-05-24T11:14:23Z</time><extensions><speed>1.378039</speed><course>50.806799</course><hAcc>1.218630</hAcc><vAcc>0.871469</vAcc></extensions></trkpt>
      <trkpt lon="-82.150567" lat="33.553744"><ele>98.258226</ele><time>2024-05-24T11:14:24Z</time><extensions><speed>1.382714</speed><course>53.205532</course><hAcc>1.222157</hAcc><vAcc>0.870999</vAcc></extensions></trkpt>
      <trkpt lon="-82.150556" lat="33.553752"><ele>98.261565</ele><time>2024-05-24T11:14:25Z</time><extensions><speed>1.367980</speed><course>52.843745</course><hAcc>1.199779</hAcc><vAcc>0.870650</vAcc></extensions></trkpt>
      <trkpt lon="-82.150545" lat="33.553760"><ele>98.269068</ele><time>2024-05-24T11:14:26Z</time><extensions><speed>1.330192</speed><course>53.148254</course><hAcc>1.202880</hAcc><vAcc>0.870438</vAcc></extensions></trkpt>
      <trkpt lon="-82.150533" lat="33.553767"><ele>98.279153</ele><time>2024-05-24T11:14:27Z</time><extensions><speed>1.344771</speed><course>62.837991</course><hAcc>1.233210</hAcc><vAcc>0.870347</vAcc></extensions></trkpt>
      <trkpt lon="-82.150521" lat="33.553773"><ele>98.291168</ele><time>2024-05-24T11:14:28Z</time><extensions><speed>1.268226</speed><course>63.777389</course><hAcc>1.217196</hAcc><vAcc>0.870399</vAcc></extensions></trkpt>
      <trkpt lon="-82.150509" lat="33.553778"><ele>98.305509</ele><time>2024-05-24T11:14:29Z</time><extensions><speed>1.252895</speed><course>63.977948</course><hAcc>1.222731</hAcc><vAcc>0.870575</vAcc></extensions></trkpt>
      <trkpt lon="-82.150498" lat="33.553783"><ele>98.322024</ele><time>2024-05-24T11:14:30Z</time><extensions><speed>1.291448</speed><course>60.581237</course><hAcc>1.233401</hAcc><vAcc>0.870856</vAcc></extensions></trkpt>
      <trkpt lon="-82.150486" lat="33.553789"><ele>98.334194</ele><time>2024-05-24T11:14:31Z</time><extensions><speed>1.247898</speed><course>63.045300</course><hAcc>1.233540</hAcc><vAcc>0.871252</vAcc></extensions></trkpt>
      <trkpt lon="-82.150474" lat="33.553794"><ele>98.339652</ele><time>2024-05-24T11:14:32Z</time><extensions><speed>1.277631</speed><course>62.501117</course><hAcc>1.246531</hAcc><vAcc>0.871802</vAcc></extensions></trkpt>
      <trkpt lon="-82.150463" lat="33.553799"><ele>98.343963</ele><time>2024-05-24T11:14:33Z</time><extensions><speed>1.240912</speed><course>63.420127</course><hAcc>1.245031</hAcc><vAcc>0.872544</vAcc></extensions></trkpt>
      <trkpt lon="-82.150451" lat="33.553805"><ele>98.351735</ele><time>2024-05-24T11:14:34Z</time><extensions><speed>1.238035</speed><course>59.962680</course><hAcc>1.251157</hAcc><vAcc>0.873497</vAcc></extensions></trkpt>
      <trkpt lon="-82.150440" lat="33.553810"><ele>98.365281</ele><time>2024-05-24T11:14:35Z</time><extensions><speed>1.272230</speed><course>61.722944</course><hAcc>1.284500</hAcc><vAcc>0.874646</vAcc></extensions></trkpt>
      <trkpt lon="-82.150429" lat="33.553816"><ele>98.377977</ele><time>2024-05-24T11:14:36Z</time><extensions><speed>1.240387</speed><course>60.504053</course><hAcc>1.277939</hAcc><vAcc>0.876009</vAcc></extensions></trkpt>
      <trkpt lon="-82.150417" lat="33.553822"><ele>98.392901</ele><time>2024-05-24T11:14:37Z</time><extensions><speed>1.277378</speed><course>60.967830</course><hAcc>1.295524</hAcc><vAcc>0.877574</vAcc></extensions></trkpt>
      <trkpt lon="-82.150405" lat="33.553828"><ele>98.409259</ele><time>2024-05-24T11:14:38Z</time><extensions><speed>1.237713</speed><course>60.329250</course><hAcc>1.290307</hAcc><vAcc>0.879290</vAcc></extensions></trkpt>
      <trkpt lon="-82.150394" lat="33.553834"><ele>98.424792</ele><time>2024-05-24T11:14:39Z</time><extensions><speed>1.229555</speed><course>60.753125</course><hAcc>1.311429</hAcc><vAcc>0.881181</vAcc></extensions></trkpt>
      <trkpt lon="-82.150383" lat="33.553840"><ele>98.431288</ele><time>2024-05-24T11:14:40Z</time><extensions><speed>1.218258</speed><course>61.895653</course><hAcc>1.330146</hAcc><vAcc>0.883205</vAcc></extensions></trkpt>
      <trkpt lon="-82.150372" lat="33.553846"><ele>98.431822</ele><time>2024-05-24T11:14:41Z</time><extensions><speed>1.159799</speed><course>62.426042</course><hAcc>1.324941</hAcc><vAcc>0.885328</vAcc></extensions></trkpt>
      <trkpt lon="-82.150361" lat="33.553852"><ele>98.427664</ele><time>2024-05-24T11:14:42Z</time><extensions><speed>1.176651</speed><course>60.165088</course><hAcc>1.336190</hAcc><vAcc>0.887485</vAcc></extensions></trkpt>
      <trkpt lon="-82.150351" lat="33.553857"><ele>98.418654</ele><time>2024-05-24T11:14:43Z</time><extensions><speed>1.158995</speed><course>63.406319</course><hAcc>1.343210</hAcc><vAcc>0.889561</vAcc></extensions></trkpt>
      <trkpt lon="-82.150340" lat="33.553863"><ele>98.406748</ele><time>2024-05-24T11:14:44Z</time><extensions><speed>1.159855</speed><course>63.980688</course><hAcc>1.360704</hAcc><vAcc>0.891476</vAcc></extensions></trkpt>
      <trkpt lon="-82.150329" lat="33.553867"><ele>98.391349</ele><time>2024-05-24T11:14:45Z</time><extensions><speed>1.183091</speed><course>75.829473</course><hAcc>1.387252</hAcc><vAcc>0.893145</vAcc></extensions></trkpt>
      <trkpt lon="-82.150317" lat="33.553870"><ele>98.375838</ele><time>2024-05-24T11:14:46Z</time><extensions><speed>1.208189</speed><course>76.078413</course><hAcc>1.376899</hAcc><vAcc>0.894518</vAcc></extensions></trkpt>
      <trkpt lon="-82.150304" lat="33.553874"><ele>98.356067</ele><time>2024-05-24T11:14:47Z</time><extensions><speed>1.252404</speed><course>72.632195</course><hAcc>1.380845</hAcc><vAcc>0.895577</vAcc></extensions></trkpt>
      <trkpt lon="-82.150292" lat="33.553878"><ele>98.329305</ele><time>2024-05-24T11:14:48Z</time><extensions><speed>1.277214</speed><course>71.337471</course><hAcc>1.390222</hAcc><vAcc>0.896287</vAcc></extensions></trkpt>
      <trkpt lon="-82.150280" lat="33.553882"><ele>98.298655</ele><time>2024-05-24T11:14:49Z</time><extensions><speed>1.282567</speed><course>69.652251</course><hAcc>1.381162</hAcc><vAcc>0.896720</vAcc></extensions></trkpt>
      <trkpt lon="-82.150267" lat="33.553886"><ele>98.263988</ele><time>2024-05-24T11:14:50Z</time><extensions><speed>1.304794</speed><course>71.220647</course><hAcc>1.397611</hAcc><vAcc>0.896894</vAcc></extensions></trkpt>
      <trkpt lon="-82.150254" lat="33.553890"><ele>98.225113</ele><time>2024-05-24T11:14:51Z</time><extensions><speed>1.252868</speed><course>72.283233</course><hAcc>1.389358</hAcc><vAcc>0.896866</vAcc></extensions></trkpt>
      <trkpt lon="-82.150242" lat="33.553894"><ele>98.179683</ele><time>2024-05-24T11:14:52Z</time><extensions><speed>1.243623</speed><course>72.132141</course><hAcc>1.394148</hAcc><vAcc>0.896697</vAcc></extensions></trkpt>
      <trkpt lon="-82.150230" lat="33.553898"><ele>98.129016</ele><time>2024-05-24T11:14:53Z</time><extensions><speed>1.260821</speed><course>72.538403</course><hAcc>1.405725</hAcc><vAcc>0.896415</vAcc></extensions></trkpt>
      <trkpt lon="-82.150217" lat="33.553902"><ele>98.079549</ele><time>2024-05-24T11:14:54Z</time><extensions><speed>1.217947</speed><course>72.382066</course><hAcc>1.399026</hAcc><vAcc>0.896089</vAcc></extensions></trkpt>
      <trkpt lon="-82.150205" lat="33.553906"><ele>98.028892</ele><time>2024-05-24T11:14:55Z</time><extensions><speed>1.241792</speed><course>72.133613</course><hAcc>1.410449</hAcc><vAcc>0.895781</vAcc></extensions></trkpt>
      <trkpt lon="-82.150193" lat="33.553911"><ele>97.978067</ele><time>2024-05-24T11:14:56Z</time><extensions><speed>1.230432</speed><course>68.209967</course><hAcc>1.404240</hAcc><vAcc>0.895569</vAcc></extensions></trkpt>
      <trkpt lon="-82.150181" lat="33.553917"><ele>97.924642</ele><time>2024-05-24T11:14:57Z</time><extensions><speed>1.227043</speed><course>67.669699</course><hAcc>1.415261</hAcc><vAcc>0.895501</vAcc></extensions></trkpt>
      <trkpt lon="-82.150169" lat="33.553922"><ele>97.867437</ele><time>2024-05-24T11:14:58Z</time><extensions><speed>1.226604</speed><course>67.862647</course><hAcc>1.427763</hAcc><vAcc>0.895623</vAcc></extensions></trkpt>
      <trkpt lon="-82.150158" lat="33.553928"><ele>97.811137</ele><time>2024-05-24T11:14:59Z</time><extensions><speed>1.191601</speed><course>70.200532</course><hAcc>1.414937</hAcc><vAcc>0.895970</vAcc></extensions></trkpt>
      <trkpt lon="-82.150146" lat="33.553933"><ele>97.754648</ele><time>2024-05-24T11:15:00Z</time><extensions><speed>1.202749</speed><course>71.963500</course><hAcc>1.411804</hAcc><vAcc>0.896524</vAcc></extensions></trkpt>
      <trkpt lon="-82.150134" lat="33.553936"><ele>97.698036</ele><time>2024-05-24T11:15:01Z</time><extensions><speed>1.187340</speed><course>72.994298</course><hAcc>1.399819</hAcc><vAcc>0.897262</vAcc></extensions></trkpt>
      <trkpt lon="-82.150122" lat="33.553940"><ele>97.642637</ele><time>2024-05-24T11:15:02Z</time><extensions><speed>1.194489</speed><course>73.661388</course><hAcc>1.399206</hAcc><vAcc>0.898137</vAcc></extensions></trkpt>
      <trkpt lon="-82.150110" lat="33.553944"><ele>97.587740</ele><time>2024-05-24T11:15:03Z</time><extensions><speed>1.209394</speed><course>71.695545</course><hAcc>1.403154</hAcc><vAcc>0.899129</vAcc></extensions></trkpt>
      <trkpt lon="-82.150097" lat="33.553948"><ele>97.539056</ele><time>2024-05-24T11:15:04Z</time><extensions><speed>1.255331</speed><course>76.834966</course><hAcc>1.392404</hAcc><vAcc>0.900208</vAcc></extensions></trkpt>
      <trkpt lon="-82.150084" lat="33.553952"><ele>97.490983</ele><time>2024-05-24T11:15:05Z</time><extensions><speed>1.309220</speed><course>70.835041</course><hAcc>1.384577</hAcc><vAcc>0.901359</vAcc></extensions></trkpt>
      <trkpt lon="-82.150071" lat="33.553956"><ele>97.444899</ele><time>2024-05-24T11:15:06Z</time><extensions><speed>1.344075</speed><course>69.975554</course><hAcc>1.399195</hAcc><vAcc>0.902568</vAcc></extensions></trkpt>
      <trkpt lon="-82.150057" lat="33.553961"><ele>97.406970</ele><time>2024-05-24T11:15:07Z</time><extensions><speed>1.333010</speed><course>72.305306</course><hAcc>1.395459</hAcc><vAcc>0.903750</vAcc></extensions></trkpt>
      <trkpt lon="-82.150044" lat="33.553966"><ele>97.374928</ele><time>2024-05-24T11:15:08Z</time><extensions><speed>1.297508</speed><course>70.892958</course><hAcc>1.399564</hAcc><vAcc>0.904902</vAcc></extensions></trkpt>
      <trkpt lon="-82.150031" lat="33.553971"><ele>97.353074</ele><time>2024-05-24T11:15:09Z</time><extensions><speed>1.312049</speed><course>67.153437</course><hAcc>1.384798</hAcc><vAcc>0.905985</vAcc></extensions></trkpt>
      <trkpt lon="-82.150018" lat="33.553977"><ele>97.338329</ele><time>2024-05-24T11:15:10Z</time><extensions><speed>1.321185</speed><course>64.844707</course><hAcc>1.397202</hAcc><vAcc>0.906943</vAcc></extensions></trkpt>
      <trkpt lon="-82.150006" lat="33.553983"><ele>97.329067</ele><time>2024-05-24T11:15:11Z</time><extensions><speed>1.312983</speed><course>61.650372</course><hAcc>1.420584</hAcc><vAcc>0.907756</vAcc></extensions></trkpt>
      <trkpt lon="-82.149994" lat="33.553990"><ele>97.324278</ele><time>2024-05-24T11:15:12Z</time><extensions><speed>1.355207</speed><course>55.133577</course><hAcc>1.413420</hAcc><vAcc>0.908420</vAcc></extensions></trkpt>
      <trkpt lon="-82.149982" lat="33.553998"><ele>97.323583</ele><time>2024-05-24T11:15:13Z</time><extensions><speed>1.319315</speed><course>53.610330</course><hAcc>1.429319</hAcc><vAcc>0.908897</vAcc></extensions></trkpt>
      <trkpt lon="-82.149971" lat="33.554006"><ele>97.329707</ele><time>2024-05-24T11:15:14Z</time><extensions><speed>1.375870</speed><course>54.285915</course><hAcc>1.429586</hAcc><vAcc>0.909215</vAcc></extensions></trkpt>
      <trkpt lon="-82.149959" lat="33.554014"><ele>97.338611</ele><time>2024-05-24T11:15:15Z</time><extensions><speed>1.410357</speed><course>52.429235</course><hAcc>1.448886</hAcc><vAcc>0.909330</vAcc></extensions></trkpt>
      <trkpt lon="-82.149947" lat="33.554023"><ele>97.350233</ele><time>2024-05-24T11:15:16Z</time><extensions><speed>1.354020</speed><course>50.955833</course><hAcc>1.476838</hAcc><vAcc>0.909242</vAcc></extensions></trkpt>
      <trkpt lon="-82.149936" lat="33.554031"><ele>97.369079</ele><time>2024-05-24T11:15:17Z</time><extensions><speed>1.444264</speed><course>52.515366</course><hAcc>1.477005</hAcc><vAcc>0.909011</vAcc></extensions></trkpt>
      <trkpt lon="-82.149923" lat="33.554040"><ele>97.399455</ele><time>2024-05-24T11:15:18Z</time><extensions><speed>1.391353</speed><course>56.517478</course><hAcc>1.490074</hAcc><vAcc>0.908610</vAcc></extensions></trkpt>
      <trkpt lon="-82.149911" lat="33.554047"><ele>97.438970</ele><time>2024-05-24T11:15:19Z</time><extensions><speed>1.474181</speed><course>57.764048</course><hAcc>1.473579</hAcc><vAcc>0.908048</vAcc></extensions></trkpt>
      <trkpt lon="-82.149897" lat="33.554055"><ele>97.487268</ele><time>2024-05-24T11:15:20Z</time><extensions><speed>1.486758</speed><course>56.191992</course><hAcc>1.479392</hAcc><vAcc>0.907363</vAcc></extensions></trkpt>
      <trkpt lon="-82.149884" lat="33.554063"><ele>97.539845</ele><time>2024-05-24T11:15:21Z</time><extensions><speed>1.422411</speed><course>55.665265</course><hAcc>1.489263</hAcc><vAcc>0.906618</vAcc></extensions></trkpt>
      <trkpt lon="-82.149872" lat="33.554071"><ele>97.598114</ele><time>2024-05-24T11:15:22Z</time><extensions><speed>1.473529</speed><course>55.227630</course><hAcc>1.473623</hAcc><vAcc>0.905857</vAcc></extensions></trkpt>
      <trkpt lon="-82.149859" lat="33.554079"><ele>97.665073</ele><time>2024-05-24T11:15:23Z</time><extensions><speed>1.460560</speed><course>56.040299</course><hAcc>1.490195</hAcc><vAcc>0.905100</vAcc></extensions></trkpt>
      <trkpt lon="-82.149847" lat="33.554087"><ele>97.738929</ele><time>2024-05-24T11:15:24Z</time><extensions><speed>1.420432</speed><course>52.616103</course><hAcc>1.499353</hAcc><vAcc>0.904386</vAcc></extensions></trkpt>
      <trkpt lon="-82.149834" lat="33.554095"><ele>97.817708</ele><time>2024-05-24T11:15:25Z</time><extensions><speed>1.468877</speed><course>51.898109</course><hAcc>1.483841</hAcc><vAcc>0.903729</vAcc></extensions></trkpt>
      <trkpt lon="-82.149822" lat="33.554104"><ele>97.902905</ele><time>2024-05-24T11:15:26Z</time><extensions><speed>1.442222</speed><course>51.587524</course><hAcc>1.496873</hAcc><vAcc>0.903147</vAcc></extensions></trkpt>
      <trkpt lon="-82.149810" lat="33.554113"><ele>97.988468</ele><time>2024-05-24T11:15:27Z</time><extensions><speed>1.490161</speed><course>53.117728</course><hAcc>1.483361</hAcc><vAcc>0.902672</vAcc></extensions></trkpt>
      <trkpt lon="-82.149797" lat="33.554121"><ele>98.073388</ele><time>2024-05-24T11:15:28Z</time><extensions><speed>1.465164</speed><course>57.902779</course><hAcc>1.499735</hAcc><vAcc>0.902318</vAcc></extensions></trkpt>
      <trkpt lon="-82.149783" lat="33.554127"><ele>98.157262</ele><time>2024-05-24T11:15:29Z</time><extensions><speed>1.428635</speed><course>68.190428</course><hAcc>1.513164</hAcc><vAcc>0.902137</vAcc></extensions></trkpt>
      <trkpt lon="-82.149768" lat="33.554132"><ele>98.240449</ele><time>2024-05-24T11:15:30Z</time><extensions><speed>1.426307</speed><course>70.348570</course><hAcc>1.496932</hAcc><vAcc>0.902198</vAcc></extensions></trkpt>
      <trkpt lon="-82.149754" lat="33.554137"><ele>98.320421</ele><time>2024-05-24T11:15:31Z</time><extensions><speed>1.396519</speed><course>69.189045</course><hAcc>1.503705</hAcc><vAcc>0.902446</vAcc></extensions></trkpt>
      <trkpt lon="-82.149739" lat="33.554142"><ele>98.391559</ele><time>2024-05-24T11:15:32Z</time><extensions><speed>1.409518</speed><course>69.016761</course><hAcc>1.488108</hAcc><vAcc>0.902888</vAcc></extensions></trkpt>
      <trkpt lon="-82.149725" lat="33.554147"><ele>98.454538</ele><time>2024-05-24T11:15:33Z</time><extensions><speed>1.409366</speed><course>65.701243</course><hAcc>1.494371</hAcc><vAcc>0.903564</vAcc></extensions></trkpt>
      <trkpt lon="-82.149711" lat="33.554152"><ele>98.510883</ele><time>2024-05-24T11:15:34Z</time><extensions><speed>1.346328</speed><course>69.420612</course><hAcc>1.534531</hAcc><vAcc>0.904421</vAcc></extensions></trkpt>
      <trkpt lon="-82.149697" lat="33.554157"><ele>98.562191</ele><time>2024-05-24T11:15:35Z</time><extensions><speed>1.378199</speed><course>71.037886</course><hAcc>1.518253</hAcc><vAcc>0.905432</vAcc></extensions></trkpt>
      <trkpt lon="-82.149683" lat="33.554162"><ele>98.605773</ele><time>2024-05-24T11:15:36Z</time><extensions><speed>1.425246</speed><course>71.563580</course><hAcc>1.517657</hAcc><vAcc>0.906573</vAcc></extensions></trkpt>
      <trkpt lon="-82.149668" lat="33.554166"><ele>98.639617</ele><time>2024-05-24T11:15:37Z</time><extensions><speed>1.405178</speed><course>70.501408</course><hAcc>1.517197</hAcc><vAcc>0.907800</vAcc></extensions></trkpt>
      <trkpt lon="-82.149654" lat="33.554171"><ele>98.664216</ele><time>2024-05-24T11:15:38Z</time><extensions><speed>1.415578</speed><course>70.049547</course><hAcc>1.500744</hAcc><vAcc>0.909054</vAcc></extensions></trkpt>
      <trkpt lon="-82.149640" lat="33.554176"><ele>98.682842</ele><time>2024-05-24T11:15:39Z</time><extensions><speed>1.384176</speed><course>70.993477</course><hAcc>1.505722</hAcc><vAcc>0.910272</vAcc></extensions></trkpt>
      <trkpt lon="-82.149625" lat="33.554180"><ele>98.704260</ele><time>2024-05-24T11:15:40Z</time><extensions><speed>1.457106</speed><course>71.849327</course><hAcc>1.484549</hAcc><vAcc>0.911403</vAcc></extensions></trkpt>
      <trkpt lon="-82.149610" lat="33.554185"><ele>98.722208</ele><time>2024-05-24T11:15:41Z</time><extensions><speed>1.483723</speed><course>73.806557</course><hAcc>1.471802</hAcc><vAcc>0.912363</vAcc></extensions></trkpt>
      <trkpt lon="-82.149596" lat="33.554189"><ele>98.732510</ele><time>2024-05-24T11:15:42Z</time><extensions><speed>1.461131</speed><course>72.850508</course><hAcc>1.463166</hAcc><vAcc>0.913160</vAcc></extensions></trkpt>
      <trkpt lon="-82.149581" lat="33.554193"><ele>98.735118</ele><time>2024-05-24T11:15:43Z</time><extensions><speed>1.480968</speed><course>73.828464</course><hAcc>1.437455</hAcc><vAcc>0.913703</vAcc></extensions></trkpt>
      <trkpt lon="-82.149566" lat="33.554197"><ele>98.736902</ele><time>2024-05-24T11:15:44Z</time><extensions><speed>1.447271</speed><course>74.591184</course><hAcc>1.439466</hAcc><vAcc>0.913932</vAcc></extensions></trkpt>
      <trkpt lon="-82.149552" lat="33.554200"><ele>98.740273</ele><time>2024-05-24T11:15:45Z</time><extensions><speed>1.438765</speed><course>75.993051</course><hAcc>1.426387</hAcc><vAcc>0.913873</vAcc></extensions></trkpt>
      <trkpt lon="-82.149537" lat="33.554204"><ele>98.740966</ele><time>2024-05-24T11:15:46Z</time><extensions><speed>1.419045</speed><course>73.077810</course><hAcc>1.417975</hAcc><vAcc>0.913500</vAcc></extensions></trkpt>
      <trkpt lon="-82.149523" lat="33.554208"><ele>98.734751</ele><time>2024-05-24T11:15:47Z</time><extensions><speed>1.419750</speed><course>68.488825</course><hAcc>1.413125</hAcc><vAcc>0.912767</vAcc></extensions></trkpt>
      <trkpt lon="-82.149508" lat="33.554213"><ele>98.722652</ele><time>2024-05-24T11:15:48Z</time><extensions><speed>1.414450</speed><course>70.261147</course><hAcc>1.411651</hAcc><vAcc>0.911641</vAcc></extensions></trkpt>
      <trkpt lon="-82.149493" lat="33.554218"><ele>98.709263</ele><time>2024-05-24T11:15:49Z</time><extensions><speed>1.419047</speed><course>69.747188</course><hAcc>1.402600</hAcc><vAcc>0.910182</vAcc></extensions></trkpt>
      <trkpt lon="-82.149479" lat="33.554222"><ele>98.698842</ele><time>2024-05-24T11:15:50Z</time><extensions><speed>1.390875</speed><course>68.956424</course><hAcc>1.368493</hAcc><vAcc>0.908457</vAcc></extensions></trkpt>
      <trkpt lon="-82.149465" lat="33.554227"><ele>98.691969</ele><time>2024-05-24T11:15:51Z</time><extensions><speed>1.362631</speed><course>70.148671</course><hAcc>1.360655</hAcc><vAcc>0.906547</vAcc></extensions></trkpt>
      <trkpt lon="-82.149451" lat="33.554231"><ele>98.685112</ele><time>2024-05-24T11:15:52Z</time><extensions><speed>1.276072</speed><course>70.678750</course><hAcc>1.350203</hAcc><vAcc>0.904496</vAcc></extensions></trkpt>
      <trkpt lon="-82.149438" lat="33.554234"><ele>98.678756</ele><time>2024-05-24T11:15:53Z</time><extensions><speed>1.310038</speed><course>72.302124</course><hAcc>1.323964</hAcc><vAcc>0.902363</vAcc></extensions></trkpt>
      <trkpt lon="-82.149424" lat="33.554237"><ele>98.675086</ele><time>2024-05-24T11:15:54Z</time><extensions><speed>1.313263</speed><course>75.397919</course><hAcc>1.322054</hAcc><vAcc>0.900197</vAcc></extensions></trkpt>
      <trkpt lon="-82.149410" lat="33.554240"><ele>98.677382</ele><time>2024-05-24T11:15:55Z</time><extensions><speed>1.305420</speed><course>76.085199</course><hAcc>1.318712</hAcc><vAcc>0.898020</vAcc></extensions></trkpt>
      <trkpt lon="-82.149396" lat="33.554242"><ele>98.685679</ele><time>2024-05-24T11:15:56Z</time><extensions><speed>1.325539</speed><course>77.191713</course><hAcc>1.300869</hAcc><vAcc>0.895881</vAcc></extensions></trkpt>
      <trkpt lon="-82.149382" lat="33.554244"><ele>98.692564</ele><time>2024-05-24T11:15:57Z</time><extensions><speed>1.332150</speed><course>78.534359</course><hAcc>1.313605</hAcc><vAcc>0.893829</vAcc></extensions></trkpt>
      <trkpt lon="-82.149368" lat="33.554247"><ele>98.697134</ele><time>2024-05-24T11:15:58Z</time><extensions><speed>1.358447</speed><course>74.928975</course><hAcc>1.302440</hAcc><vAcc>0.891905</vAcc></extensions></trkpt>
      <trkpt lon="-82.149354" lat="33.554250"><ele>98.700345</ele><time>2024-05-24T11:15:59Z</time><extensions><speed>1.403455</speed><course>75.204488</course><hAcc>1.295136</hAcc><vAcc>0.890144</vAcc></extensions></trkpt>
      <trkpt lon="-82.149339" lat="33.554253"><ele>98.697852</ele><time>2024-05-24T11:16:00Z</time><extensions><speed>1.392710</speed><course>76.082969</course><hAcc>1.319096</hAcc><vAcc>0.888575</vAcc></extensions></trkpt>
      <trkpt lon="-82.149324" lat="33.554256"><ele>98.692912</ele><time>2024-05-24T11:16:01Z</time><extensions><speed>1.392706</speed><course>73.401529</course><hAcc>1.347399</hAcc><vAcc>0.887210</vAcc></extensions></trkpt>
      <trkpt lon="-82.149310" lat="33.554259"><ele>98.687776</ele><time>2024-05-24T11:16:02Z</time><extensions><speed>1.380768</speed><course>74.244234</course><hAcc>1.370042</hAcc><vAcc>0.886091</vAcc></extensions></trkpt>
      <trkpt lon="-82.149295" lat="33.554262"><ele>98.678444</ele><time>2024-05-24T11:16:03Z</time><extensions><speed>1.367181</speed><course>73.588665</course><hAcc>1.372703</hAcc><vAcc>0.885224</vAcc></extensions></trkpt>
      <trkpt lon="-82.149281" lat="33.554265"><ele>98.664490</ele><time>2024-05-24T11:16:04Z</time><extensions><speed>1.313837</speed><course>75.213281</course><hAcc>1.379533</hAcc><vAcc>0.884614</vAcc></extensions></trkpt>
      <trkpt lon="-82.149267" lat="33.554268"><ele>98.644942</ele><time>2024-05-24T11:16:05Z</time><extensions><speed>1.313446</speed><course>73.680758</course><hAcc>1.409475</hAcc><vAcc>0.884251</vAcc></extensions></trkpt>
      <trkpt lon="-82.149254" lat="33.554272"><ele>98.616678</ele><time>2024-05-24T11:16:06Z</time><extensions><speed>1.324770</speed><course>71.902863</course><hAcc>1.410611</hAcc><vAcc>0.884128</vAcc></extensions></trkpt>
      <trkpt lon="-82.149240" lat="33.554275"><ele>98.581867</ele><time>2024-05-24T11:16:07Z</time><extensions><speed>1.335399</speed><course>71.743511</course><hAcc>1.421813</hAcc><vAcc>0.884252</vAcc></extensions></trkpt>
      <trkpt lon="-82.149226" lat="33.554279"><ele>98.542132</ele><time>2024-05-24T11:16:08Z</time><extensions><speed>1.382848</speed><course>74.553875</course><hAcc>1.406446</hAcc><vAcc>0.884618</vAcc></extensions></trkpt>
      <trkpt lon="-82.149211" lat="33.554282"><ele>98.496324</ele><time>2024-05-24T11:16:09Z</time><extensions><speed>1.384903</speed><course>75.023491</course><hAcc>1.435002</hAcc><vAcc>0.885225</vAcc></extensions></trkpt>
      <trkpt lon="-82.149197" lat="33.554285"><ele>98.442209</ele><time>2024-05-24T11:16:10Z</time><extensions><speed>1.358063</speed><course>74.109663</course><hAcc>1.450132</hAcc><vAcc>0.886054</vAcc></extensions></trkpt>
      <trkpt lon="-82.149183" lat="33.554288"><ele>98.382390</ele><time>2024-05-24T11:16:11Z</time><extensions><speed>1.348715</speed><course>70.048558</course><hAcc>1.446834</hAcc><vAcc>0.887083</vAcc></extensions></trkpt>
      <trkpt lon="-82.149169" lat="33.554292"><ele>98.318484</ele><time>2024-05-24T11:16:12Z</time><extensions><speed>1.357588</speed><course>70.512313</course><hAcc>1.456465</hAcc><vAcc>0.888286</vAcc></extensions></trkpt>
      <trkpt lon="-82.149155" lat="33.554295"><ele>98.248994</ele><time>2024-05-24T11:16:13Z</time><extensions><speed>1.363537</speed><course>74.057159</course><hAcc>1.480576</hAcc><vAcc>0.889649</vAcc></extensions></trkpt>
      <trkpt lon="-82.149141" lat="33.554299"><ele>98.177640</ele><time>2024-05-24T11:16:14Z</time><extensions><speed>1.363313</speed><course>70.291893</course><hAcc>1.522715</hAcc><vAcc>0.891104</vAcc></extensions></trkpt>
      <trkpt lon="-82.149127" lat="33.554302"><ele>98.102443</ele><time>2024-05-24T11:16:15Z</time><extensions><speed>1.364733</speed><course>69.326686</course><hAcc>1.542190</hAcc><vAcc>0.892619</vAcc></extensions></trkpt>
      <trkpt lon="-82.149113" lat="33.554306"><ele>98.022757</ele><time>2024-05-24T11:16:16Z</time><extensions><speed>1.366786</speed><course>71.659562</course><hAcc>1.523174</hAcc><vAcc>0.894144</vAcc></extensions></trkpt>
      <trkpt lon="-82.149099" lat="33.554309"><ele>97.942908</ele><time>2024-05-24T11:16:17Z</time><extensions><speed>1.364389</speed><course>70.045720</course><hAcc>1.535699</hAcc><vAcc>0.895629</vAcc></extensions></trkpt>
      <trkpt lon="-82.149086" lat="33.554313"><ele>97.854206</ele><time>2024-05-24T11:16:18Z</time><extensions><speed>1.367087</speed><course>67.653887</course><hAcc>1.553056</hAcc><vAcc>0.896989</vAcc></extensions></trkpt>
      <trkpt lon="-82.149072" lat="33.554318"><ele>97.763284</ele><time>2024-05-24T11:16:19Z</time><extensions><speed>1.331361</speed><course>64.743781</course><hAcc>1.545508</hAcc><vAcc>0.898234</vAcc></extensions></trkpt>
      <trkpt lon="-82.149059" lat="33.554323"><ele>97.668355</ele><time>2024-05-24T11:16:20Z</time><extensions><speed>1.342324</speed><course>63.805114</course><hAcc>1.553163</hAcc><vAcc>0.899355</vAcc></extensions></trkpt>
      <trkpt lon="-82.149046" lat="33.554328"><ele>97.569884</ele><time>2024-05-24T11:16:21Z</time><extensions><speed>1.326233</speed><course>64.157364</course><hAcc>1.534118</hAcc><vAcc>0.900342</vAcc></extensions></trkpt>
      <trkpt lon="-82.149033" lat="33.554333"><ele>97.473256</ele><time>2024-05-24T11:16:22Z</time><extensions><speed>1.316269</speed><course>64.364838</course><hAcc>1.543759</hAcc><vAcc>0.901217</vAcc></extensions></trkpt>
      <trkpt lon="-82.149021" lat="33.554338"><ele>97.373791</ele><time>2024-05-24T11:16:23Z</time><extensions><speed>1.326940</speed><course>65.299624</course><hAcc>1.560587</hAcc><vAcc>0.901978</vAcc></extensions></trkpt>
      <trkpt lon="-82.149008" lat="33.554342"><ele>97.277190</ele><time>2024-05-24T11:16:24Z</time><extensions><speed>1.291450</speed><course>64.484278</course><hAcc>1.559012</hAcc><vAcc>0.902696</vAcc></extensions></trkpt>
      <trkpt lon="-82.148995" lat="33.554347"><ele>97.182872</ele><time>2024-05-24T11:16:25Z</time><extensions><speed>1.309449</speed><course>64.025147</course><hAcc>1.573888</hAcc><vAcc>0.903439</vAcc></extensions></trkpt>
      <trkpt lon="-82.148982" lat="33.554351"><ele>97.081348</ele><time>2024-05-24T11:16:26Z</time><extensions><speed>1.280272</speed><course>73.378800</course><hAcc>1.551266</hAcc><vAcc>0.904263</vAcc></extensions></trkpt>
      <trkpt lon="-82.148969" lat="33.554354"><ele>96.979813</ele><time>2024-05-24T11:16:27Z</time><extensions><speed>1.277633</speed><course>77.573871</course><hAcc>1.574933</hAcc><vAcc>0.905215</vAcc></extensions></trkpt>
      <trkpt lon="-82.148955" lat="33.554356"><ele>96.880199</ele><time>2024-05-24T11:16:28Z</time><extensions><speed>1.295553</speed><course>77.835685</course><hAcc>1.621323</hAcc><vAcc>0.906314</vAcc></extensions></trkpt>
      <trkpt lon="-82.148942" lat="33.554357"><ele>96.790481</ele><time>2024-05-24T11:16:29Z</time><extensions><speed>1.305098</speed><course>90.133761</course><hAcc>1.606317</hAcc><vAcc>0.907556</vAcc></extensions></trkpt>
      <trkpt lon="-82.148928" lat="33.554357"><ele>96.705538</ele><time>2024-05-24T11:16:30Z</time><extensions><speed>1.305477</speed><course>96.978750</course><hAcc>1.641305</hAcc><vAcc>0.908968</vAcc></extensions></trkpt>
      <trkpt lon="-82.148914" lat="33.554355"><ele>96.622709</ele><time>2024-05-24T11:16:31Z</time><extensions><speed>1.275327</speed><course>98.846355</course><hAcc>1.649925</hAcc><vAcc>0.910523</vAcc></extensions></trkpt>
      <trkpt lon="-82.148901" lat="33.554353"><ele>96.543360</ele><time>2024-05-24T11:16:32Z</time><extensions><speed>1.252619</speed><course>98.563516</course><hAcc>1.635467</hAcc><vAcc>0.912206</vAcc></extensions></trkpt>
      <trkpt lon="-82.148887" lat="33.554352"><ele>96.468631</ele><time>2024-05-24T11:16:33Z</time><extensions><speed>1.250607</speed><course>98.950776</course><hAcc>1.633045</hAcc><vAcc>0.913997</vAcc></extensions></trkpt>
      <trkpt lon="-82.148873" lat="33.554350"><ele>96.398537</ele><time>2024-05-24T11:16:34Z</time><extensions><speed>1.284941</speed><course>96.592918</course><hAcc>1.645444</hAcc><vAcc>0.915835</vAcc></extensions></trkpt>
      <trkpt lon="-82.148859" lat="33.554349"><ele>96.336201</ele><time>2024-05-24T11:16:35Z</time><extensions><speed>1.302100</speed><course>94.469689</course><hAcc>1.640597</hAcc><vAcc>0.917699</vAcc></extensions></trkpt>
      <trkpt lon="-82.148845" lat="33.554349"><ele>96.275525</ele><time>2024-05-24T11:16:36Z</time><extensions><speed>1.286478</speed><course>93.395950</course><hAcc>1.646600</hAcc><vAcc>0.919542</vAcc></extensions></trkpt>
      <trkpt lon="-82.148830" lat="33.554348"><ele>96.222892</ele><time>2024-05-24T11:16:37Z</time><extensions><speed>1.283993</speed><course>93.488766</course><hAcc>1.638185</hAcc><vAcc>0.921300</vAcc></extensions></trkpt>
      <trkpt lon="-82.148816" lat="33.554348"><ele>96.176885</ele><time>2024-05-24T11:16:38Z</time><extensions><speed>1.261681</speed><course>90.921181</course><hAcc>1.634593</hAcc><vAcc>0.922931</vAcc></extensions></trkpt>
      <trkpt lon="-82.148802" lat="33.554348"><ele>96.130276</ele><time>2024-05-24T11:16:39Z</time><extensions><speed>1.256860</speed><course>86.141052</course><hAcc>1.631984</hAcc><vAcc>0.924396</vAcc></extensions></trkpt>
      <trkpt lon="-82.148788" lat="33.554349"><ele>96.084930</ele><time>2024-05-24T11:16:40Z</time><extensions><speed>1.266734</speed><course>84.395541</course><hAcc>1.616934</hAcc><vAcc>0.925683</vAcc></extensions></trkpt>
      <trkpt lon="-82.148774" lat="33.554350"><ele>96.041010</ele><time>2024-05-24T11:16:41Z</time><extensions><speed>1.229212</speed><course>84.160243</course><hAcc>1.650303</hAcc><vAcc>0.926776</vAcc></extensions></trkpt>
      <trkpt lon="-82.148760" lat="33.554351"><ele>96.001930</ele><time>2024-05-24T11:16:42Z</time><extensions><speed>1.281707</speed><course>85.244572</course><hAcc>1.674887</hAcc><vAcc>0.927691</vAcc></extensions></trkpt>
      <trkpt lon="-82.148746" lat="33.554352"><ele>95.974303</ele><time>2024-05-24T11:16:43Z</time><extensions><speed>1.325488</speed><course>86.211853</course><hAcc>1.663192</hAcc><vAcc>0.928388</vAcc></extensions></trkpt>
      <trkpt lon="-82.148732" lat="33.554353"><ele>95.952023</ele><time>2024-05-24T11:16:44Z</time><extensions><speed>1.329024</speed><course>86.178236</course><hAcc>1.644657</hAcc><vAcc>0.928861</vAcc></extensions></trkpt>
      <trkpt lon="-82.148718" lat="33.554354"><ele>95.936875</ele><time>2024-05-24T11:16:45Z</time><extensions><speed>1.393127</speed><course>86.622106</course><hAcc>1.639343</hAcc><vAcc>0.929125</vAcc></extensions></trkpt>
      <trkpt lon="-82.148703" lat="33.554355"><ele>95.925720</ele><time>2024-05-24T11:16:46Z</time><extensions><speed>1.367995</speed><course>86.695534</course><hAcc>1.637621</hAcc><vAcc>0.929210</vAcc></extensions></trkpt>
      <trkpt lon="-82.148688" lat="33.554356"><ele>95.918748</ele><time>2024-05-24T11:16:47Z</time><extensions><speed>1.399011</speed><course>86.809731</course><hAcc>1.620247</hAcc><vAcc>0.929119</vAcc></extensions></trkpt>
      <trkpt lon="-82.148673" lat="33.554356"><ele>95.915063</ele><time>2024-05-24T11:16:48Z</time><extensions><speed>1.405552</speed><course>86.094114</course><hAcc>1.615058</hAcc><vAcc>0.928914</vAcc></extensions></trkpt>
      <trkpt lon="-82.148658" lat="33.554357"><ele>95.910501</ele><time>2024-05-24T11:16:49Z</time><extensions><speed>1.369696</speed><course>85.470107</course><hAcc>1.598960</hAcc><vAcc>0.928544</vAcc></extensions></trkpt>
      <trkpt lon="-82.148643" lat="33.554358"><ele>95.907306</ele><time>2024-05-24T11:16:50Z</time><extensions><speed>1.398632</speed><course>85.291368</course><hAcc>1.557887</hAcc><vAcc>0.928022</vAcc></extensions></trkpt>
      <trkpt lon="-82.148628" lat="33.554359"><ele>95.906263</ele><time>2024-05-24T11:16:51Z</time><extensions><speed>1.383780</speed><course>84.135114</course><hAcc>1.554096</hAcc><vAcc>0.927349</vAcc></extensions></trkpt>
      <trkpt lon="-82.148613" lat="33.554360"><ele>95.897892</ele><time>2024-05-24T11:16:52Z</time><extensions><speed>1.377713</speed><course>81.503506</course><hAcc>1.513978</hAcc><vAcc>0.926121</vAcc></extensions></trkpt>
      <trkpt lon="-82.148599" lat="33.554363"><ele>95.887701</ele><time>2024-05-24T11:16:53Z</time><extensions><speed>1.340878</speed><course>76.556632</course><hAcc>1.508010</hAcc><vAcc>0.924619</vAcc></extensions></trkpt>
      <trkpt lon="-82.148586" lat="33.554366"><ele>95.880231</ele><time>2024-05-24T11:16:54Z</time><extensions><speed>1.272472</speed><course>68.527408</course><hAcc>1.524907</hAcc><vAcc>0.922857</vAcc></extensions></trkpt>
      <trkpt lon="-82.148573" lat="33.554371"><ele>95.874188</ele><time>2024-05-24T11:16:55Z</time><extensions><speed>1.283497</speed><course>68.588789</course><hAcc>1.514401</hAcc><vAcc>0.920878</vAcc></extensions></trkpt>
      <trkpt lon="-82.148560" lat="33.554375"><ele>95.872327</ele><time>2024-05-24T11:16:56Z</time><extensions><speed>1.284969</speed><course>69.315951</course><hAcc>1.511896</hAcc><vAcc>0.918721</vAcc></extensions></trkpt>
      <trkpt lon="-82.148547" lat="33.554379"><ele>95.870979</ele><time>2024-05-24T11:16:57Z</time><extensions><speed>1.297249</speed><course>70.508794</course><hAcc>1.493744</hAcc><vAcc>0.916408</vAcc></extensions></trkpt>
      <trkpt lon="-82.148534" lat="33.554383"><ele>95.869501</ele><time>2024-05-24T11:16:58Z</time><extensions><speed>1.307857</speed><course>71.768343</course><hAcc>1.491893</hAcc><vAcc>0.913965</vAcc></extensions></trkpt>
      <trkpt lon="-82.148521" lat="33.554387"><ele>95.866748</ele><time>2024-05-24T11:16:59Z</time><extensions><speed>1.320865</speed><course>71.976968</course><hAcc>1.494553</hAcc><vAcc>0.911436</vAcc></extensions></trkpt>
      <trkpt lon="-82.148507" lat="33.554391"><ele>95.867414</ele><time>2024-05-24T11:17:00Z</time><extensions><speed>1.327911</speed><course>72.621825</course><hAcc>1.494112</hAcc><vAcc>0.908912</vAcc></extensions></trkpt>
      <trkpt lon="-82.148493" lat="33.554394"><ele>95.873152</ele><time>2024-05-24T11:17:01Z</time><extensions><speed>1.314748</speed><course>73.216521</course><hAcc>1.503528</hAcc><vAcc>0.906485</vAcc></extensions></trkpt>
      <trkpt lon="-82.148479" lat="33.554397"><ele>95.884807</ele><time>2024-05-24T11:17:03Z</time><extensions><speed>1.294741</speed><course>77.673906</course><hAcc>1.509338</hAcc><vAcc>0.904287</vAcc></extensions></trkpt>
      <trkpt lon="-82.148466" lat="33.554399"><ele>95.900374</ele><time>2024-05-24T11:17:04Z</time><extensions><speed>1.282234</speed><course>78.572998</course><hAcc>1.504977</hAcc><vAcc>0.902410</vAcc></extensions></trkpt>
      <trkpt lon="-82.148452" lat="33.554402"><ele>95.913337</ele><time>2024-05-24T11:17:05Z</time><extensions><speed>1.286778</speed><course>75.941973</course><hAcc>1.518658</hAcc><vAcc>0.900977</vAcc></extensions></trkpt>
      <trkpt lon="-82.148438" lat="33.554404"><ele>95.929142</ele><time>2024-05-24T11:17:06Z</time><extensions><speed>1.295112</speed><course>74.406097</course><hAcc>1.542217</hAcc><vAcc>0.900101</vAcc></extensions></trkpt>
      <trkpt lon="-82.148424" lat="33.554408"><ele>95.949522</ele><time>2024-05-24T11:17:07Z</time><extensions><speed>1.298127</speed><course>73.647904</course><hAcc>1.567344</hAcc><vAcc>0.899828</vAcc></extensions></trkpt>
      <trkpt lon="-82.148411" lat="33.554411"><ele>95.972090</ele><time>2024-05-24T11:17:08Z</time><extensions><speed>1.266178</speed><course>74.230377</course><hAcc>1.583911</hAcc><vAcc>0.900171</vAcc></extensions></trkpt>
      <trkpt lon="-82.148397" lat="33.554414"><ele>96.002139</ele><time>2024-05-24T11:17:09Z</time><extensions><speed>1.304915</speed><course>77.134030</course><hAcc>1.570876</hAcc><vAcc>0.901136</vAcc></extensions></trkpt>
      <trkpt lon="-82.148383" lat="33.554416"><ele>96.037235</ele><time>2024-05-24T11:17:10Z</time><extensions><speed>1.303039</speed><course>76.945316</course><hAcc>1.596639</hAcc><vAcc>0.902716</vAcc></extensions></trkpt>
      <trkpt lon="-82.148369" lat="33.554419"><ele>96.076357</ele><time>2024-05-24T11:17:11Z</time><extensions><speed>1.344516</speed><course>76.215572</course><hAcc>1.575999</hAcc><vAcc>0.904834</vAcc></extensions></trkpt>
      <trkpt lon="-82.148355" lat="33.554422"><ele>96.119321</ele><time>2024-05-24T11:17:12Z</time><extensions><speed>1.380578</speed><course>77.219592</course><hAcc>1.575579</hAcc><vAcc>0.907483</vAcc></extensions></trkpt>
      <trkpt lon="-82.148340" lat="33.554425"><ele>96.165454</ele><time>2024-05-24T11:17:13Z</time><extensions><speed>1.352606</speed><course>76.824120</course><hAcc>1.596661</hAcc><vAcc>0.910552</vAcc></extensions></trkpt>
      <trkpt lon="-82.148326" lat="33.554428"><ele>96.217251</ele><time>2024-05-24T11:17:14Z</time><extensions><speed>1.376762</speed><course>73.993226</course><hAcc>1.570802</hAcc><vAcc>0.913948</vAcc></extensions></trkpt>
      <trkpt lon="-82.148312" lat="33.554432"><ele>96.272145</ele><time>2024-05-24T11:17:15Z</time><extensions><speed>1.383542</speed><course>72.067206</course><hAcc>1.589566</hAcc><vAcc>0.917552</vAcc></extensions></trkpt>
      <trkpt lon="-82.148298" lat="33.554436"><ele>96.327720</ele><time>2024-05-24T11:17:16Z</time><extensions><speed>1.402441</speed><course>72.707715</course><hAcc>1.567013</hAcc><vAcc>0.921270</vAcc></extensions></trkpt>
      <trkpt lon="-82.148283" lat="33.554440"><ele>96.384827</ele><time>2024-05-24T11:17:17Z</time><extensions><speed>1.401121</speed><course>74.449834</course><hAcc>1.567100</hAcc><vAcc>0.925032</vAcc></extensions></trkpt>
      <trkpt lon="-82.148269" lat="33.554443"><ele>96.441172</ele><time>2024-05-24T11:17:18Z</time><extensions><speed>1.371081</speed><course>75.110480</course><hAcc>1.580212</hAcc><vAcc>0.928759</vAcc></extensions></trkpt>
      <trkpt lon="-82.148254" lat="33.554446"><ele>96.497346</ele><time>2024-05-24T11:17:19Z</time><extensions><speed>1.390776</speed><course>74.965224</course><hAcc>1.555475</hAcc><vAcc>0.932419</vAcc></extensions></trkpt>
      <trkpt lon="-82.148240" lat="33.554449"><ele>96.554826</ele><time>2024-05-24T11:17:20Z</time><extensions><speed>1.400463</speed><course>72.454886</course><hAcc>1.557222</hAcc><vAcc>0.935961</vAcc></extensions></trkpt>
      <trkpt lon="-82.148226" lat="33.554453"><ele>96.612145</ele><time>2024-05-24T11:17:21Z</time><extensions><speed>1.380355</speed><course>70.477832</course><hAcc>1.589928</hAcc><vAcc>0.939350</vAcc></extensions></trkpt>
      <trkpt lon="-82.148212" lat="33.554457"><ele>96.669405</ele><time>2024-05-24T11:17:22Z</time><extensions><speed>1.377521</speed><course>69.143731</course><hAcc>1.569757</hAcc><vAcc>0.942550</vAcc></extensions></trkpt>
      <trkpt lon="-82.148198" lat="33.554462"><ele>96.729728</ele><time>2024-05-24T11:17:23Z</time><extensions><speed>1.360867</speed><course>66.792995</course><hAcc>1.582027</hAcc><vAcc>0.945543</vAcc></extensions></trkpt>
      <trkpt lon="-82.148185" lat="33.554467"><ele>96.791913</ele><time>2024-05-24T11:17:24Z</time><extensions><speed>1.338198</speed><course>66.507439</course><hAcc>1.564124</hAcc><vAcc>0.948318</vAcc></extensions></trkpt>
      <trkpt lon="-82.148172" lat="33.554471"><ele>96.853684</ele><time>2024-05-24T11:17:25Z</time><extensions><speed>1.327759</speed><course>66.519062</course><hAcc>1.579846</hAcc><vAcc>0.950874</vAcc></extensions></trkpt>
      <trkpt lon="-82.148160" lat="33.554476"><ele>96.915357</ele><time>2024-05-24T11:17:26Z</time><extensions><speed>1.313025</speed><course>67.278059</course><hAcc>1.606854</hAcc><vAcc>0.953211</vAcc></extensions></trkpt>
      <trkpt lon="-82.148147" lat="33.554480"><ele>96.972189</ele><time>2024-05-24T11:17:27Z</time><extensions><speed>1.309209</speed><course>67.040112</course><hAcc>1.624849</hAcc><vAcc>0.955445</vAcc></extensions></trkpt>
      <trkpt lon="-82.148133" lat="33.554484"><ele>97.025093</ele><time>2024-05-24T11:17:28Z</time><extensions><speed>1.369147</speed><course>67.278559</course><hAcc>1.663505</hAcc><vAcc>0.957643</vAcc></extensions></trkpt>
      <trkpt lon="-82.148120" lat="33.554488"><ele>97.071878</ele><time>2024-05-24T11:17:29Z</time><extensions><speed>1.320900</speed><course>67.476400</course><hAcc>1.655327</hAcc><vAcc>0.959785</vAcc></extensions></trkpt>
      <trkpt lon="-82.148107" lat="33.554492"><ele>97.120290</ele><time>2024-05-24T11:17:30Z</time><extensions><speed>1.305532</speed><course>67.747615</course><hAcc>1.673507</hAcc><vAcc>0.961859</vAcc></extensions></trkpt>
      <trkpt lon="-82.148094" lat="33.554496"><ele>97.166692</ele><time>2024-05-24T11:17:31Z</time><extensions><speed>1.341259</speed><course>65.706780</course><hAcc>1.718707</hAcc><vAcc>0.963961</vAcc></extensions></trkpt>
      <trkpt lon="-82.148082" lat="33.554500"><ele>97.208448</ele><time>2024-05-24T11:17:32Z</time><extensions><speed>1.269634</speed><course>67.157919</course><hAcc>1.684637</hAcc><vAcc>0.966078</vAcc></extensions></trkpt>
      <trkpt lon="-82.148069" lat="33.554504"><ele>97.244209</ele><time>2024-05-24T11:17:33Z</time><extensions><speed>1.303339</speed><course>66.724789</course><hAcc>1.705742</hAcc><vAcc>0.968264</vAcc></extensions></trkpt>
      <trkpt lon="-82.148057" lat="33.554508"><ele>97.272810</ele><time>2024-05-24T11:17:34Z</time><extensions><speed>1.219089</speed><course>69.349681</course><hAcc>1.667915</hAcc><vAcc>0.970515</vAcc></extensions></trkpt>
      <trkpt lon="-82.148045" lat="33.554511"><ele>97.291407</ele><time>2024-05-24T11:17:35Z</time><extensions><speed>1.199283</speed><course>72.039578</course><hAcc>1.681661</hAcc><vAcc>0.972832</vAcc></extensions></trkpt>
      <trkpt lon="-82.148033" lat="33.554514"><ele>97.304706</ele><time>2024-05-24T11:17:36Z</time><extensions><speed>1.268481</speed><course>74.367984</course><hAcc>1.723664</hAcc><vAcc>0.975199</vAcc></extensions></trkpt>
      <trkpt lon="-82.148021" lat="33.554516"><ele>97.312185</ele><time>2024-05-24T11:17:37Z</time><extensions><speed>1.220836</speed><course>81.262237</course><hAcc>1.696878</hAcc><vAcc>0.977554</vAcc></extensions></trkpt>
      <trkpt lon="-82.148008" lat="33.554517"><ele>97.313565</ele><time>2024-05-24T11:17:38Z</time><extensions><speed>1.249242</speed><course>85.425453</course><hAcc>1.679023</hAcc><vAcc>0.979788</vAcc></extensions></trkpt>
      <trkpt lon="-82.147995" lat="33.554519"><ele>97.310591</ele><time>2024-05-24T11:17:39Z</time><extensions><speed>1.321636</speed><course>82.971461</course><hAcc>1.693738</hAcc><vAcc>0.981861</vAcc></extensions></trkpt>
      <trkpt lon="-82.147982" lat="33.554520"><ele>97.296388</ele><time>2024-05-24T11:17:40Z</time><extensions><speed>1.264726</speed><course>82.546580</course><hAcc>1.671315</hAcc><vAcc>0.983695</vAcc></extensions></trkpt>
      <trkpt lon="-82.147968" lat="33.554522"><ele>97.275877</ele><time>2024-05-24T11:17:41Z</time><extensions><speed>1.305383</speed><course>81.761094</course><hAcc>1.671254</hAcc><vAcc>0.985328</vAcc></extensions></trkpt>
      <trkpt lon="-82.147955" lat="33.554524"><ele>97.245636</ele><time>2024-05-24T11:17:42Z</time><extensions><speed>1.175962</speed><course>84.501608</course><hAcc>1.631553</hAcc><vAcc>0.986630</vAcc></extensions></trkpt>
      <trkpt lon="-82.147943" lat="33.554525"><ele>97.211704</ele><time>2024-05-24T11:17:43Z</time><extensions><speed>1.147980</speed><course>84.700383</course><hAcc>1.647863</hAcc><vAcc>0.987581</vAcc></extensions></trkpt>
      <trkpt lon="-82.147931" lat="33.554526"><ele>97.173806</ele><time>2024-05-24T11:17:44Z</time><extensions><speed>1.214006</speed><course>85.492290</course><hAcc>1.695134</hAcc><vAcc>0.988266</vAcc></extensions></trkpt>
      <trkpt lon="-82.147918" lat="33.554528"><ele>97.134915</ele><time>2024-05-24T11:17:45Z</time><extensions><speed>1.137168</speed><course>87.042733</course><hAcc>1.683565</hAcc><vAcc>0.988636</vAcc></extensions></trkpt>
      <trkpt lon="-82.147906" lat="33.554528"><ele>97.092074</ele><time>2024-05-24T11:17:46Z</time><extensions><speed>1.148565</speed><course>88.491990</course><hAcc>1.694552</hAcc><vAcc>0.988723</vAcc></extensions></trkpt>
      <trkpt lon="-82.147894" lat="33.554530"><ele>97.050123</ele><time>2024-05-24T11:17:47Z</time><extensions><speed>1.121584</speed><course>82.285469</course><hAcc>1.656270</hAcc><vAcc>0.988558</vAcc></extensions></trkpt>
      <trkpt lon="-82.147882" lat="33.554532"><ele>97.007993</ele><time>2024-05-24T11:17:48Z</time><extensions><speed>1.153137</speed><course>78.455727</course><hAcc>1.677389</hAcc><vAcc>0.988179</vAcc></extensions></trkpt>
      <trkpt lon="-82.147870" lat="33.554535"><ele>96.962212</ele><time>2024-05-24T11:17:49Z</time><extensions><speed>1.214029</speed><course>73.033995</course><hAcc>1.679259</hAcc><vAcc>0.987598</vAcc></extensions></trkpt>
      <trkpt lon="-82.147857" lat="33.554539"><ele>96.914514</ele><time>2024-05-24T11:17:50Z</time><extensions><speed>1.232414</speed><course>70.947035</course><hAcc>1.663052</hAcc><vAcc>0.986846</vAcc></extensions></trkpt>
      <trkpt lon="-82.147845" lat="33.554544"><ele>96.867110</ele><time>2024-05-24T11:17:51Z</time><extensions><speed>1.265084</speed><course>69.811716</course><hAcc>1.672657</hAcc><vAcc>0.985915</vAcc></extensions></trkpt>
      <trkpt lon="-82.147832" lat="33.554548"><ele>96.825743</ele><time>2024-05-24T11:17:52Z</time><extensions><speed>1.272580</speed><course>67.820990</course><hAcc>1.651645</hAcc><vAcc>0.984837</vAcc></extensions></trkpt>
      <trkpt lon="-82.147819" lat="33.554553"><ele>96.786482</ele><time>2024-05-24T11:17:53Z</time><extensions><speed>1.273239</speed><course>71.302170</course><hAcc>1.673641</hAcc><vAcc>0.983605</vAcc></extensions></trkpt>
      <trkpt lon="-82.147806" lat="33.554557"><ele>96.751454</ele><time>2024-05-24T11:17:54Z</time><extensions><speed>1.270343</speed><course>69.410610</course><hAcc>1.675800</hAcc><vAcc>0.982263</vAcc></extensions></trkpt>
      <trkpt lon="-82.147793" lat="33.554561"><ele>96.715939</ele><time>2024-05-24T11:17:55Z</time><extensions><speed>1.288150</speed><course>69.056038</course><hAcc>1.655824</hAcc><vAcc>0.980798</vAcc></extensions></trkpt>
      <trkpt lon="-82.147780" lat="33.554566"><ele>96.685115</ele><time>2024-05-24T11:17:56Z</time><extensions><speed>1.304484</speed><course>66.867736</course><hAcc>1.653140</hAcc><vAcc>0.979209</vAcc></extensions></trkpt>
      <trkpt lon="-82.147767" lat="33.554571"><ele>96.657865</ele><time>2024-05-24T11:17:57Z</time><extensions><speed>1.279105</speed><course>71.641917</course><hAcc>1.690054</hAcc><vAcc>0.977509</vAcc></extensions></trkpt>
      <trkpt lon="-82.147754" lat="33.554575"><ele>96.628534</ele><time>2024-05-24T11:17:58Z</time><extensions><speed>1.329331</speed><course>68.864409</course><hAcc>1.664031</hAcc><vAcc>0.975633</vAcc></extensions></trkpt>
      <trkpt lon="-82.147741" lat="33.554580"><ele>96.594036</ele><time>2024-05-24T11:17:59Z</time><extensions><speed>1.328377</speed><course>72.047687</course><hAcc>1.694048</hAcc><vAcc>0.973608</vAcc></extensions></trkpt>
      <trkpt lon="-82.147727" lat="33.554585"><ele>96.562590</ele><time>2024-05-24T11:18:00Z</time><extensions><speed>1.374305</speed><course>66.757408</course><hAcc>1.647521</hAcc><vAcc>0.971356</vAcc></extensions></trkpt>
      <trkpt lon="-82.147714" lat="33.554590"><ele>96.525049</ele><time>2024-05-24T11:18:01Z</time><extensions><speed>1.379043</speed><course>63.996946</course><hAcc>1.659918</hAcc><vAcc>0.968924</vAcc></extensions></trkpt>
      <trkpt lon="-82.147701" lat="33.554596"><ele>96.480916</ele><time>2024-05-24T11:18:02Z</time><extensions><speed>1.336288</speed><course>68.396708</course><hAcc>1.707034</hAcc><vAcc>0.966329</vAcc></extensions></trkpt>
      <trkpt lon="-82.147688" lat="33.554602"><ele>96.424937</ele><time>2024-05-24T11:18:03Z</time><extensions><speed>1.341745</speed><course>66.553285</course><hAcc>1.682563</hAcc><vAcc>0.963566</vAcc></extensions></trkpt>
      <trkpt lon="-82.147675" lat="33.554608"><ele>96.364346</ele><time>2024-05-24T11:18:04Z</time><extensions><speed>1.322020</speed><course>68.924557</course><hAcc>1.685188</hAcc><vAcc>0.960667</vAcc></extensions></trkpt>
      <trkpt lon="-82.147662" lat="33.554613"><ele>96.303828</ele><time>2024-05-24T11:18:05Z</time><extensions><speed>1.330829</speed><course>71.099615</course><hAcc>1.659150</hAcc><vAcc>0.957717</vAcc></extensions></trkpt>
      <trkpt lon="-82.147649" lat="33.554617"><ele>96.243902</ele><time>2024-05-24T11:18:06Z</time><extensions><speed>1.345024</speed><course>71.478890</course><hAcc>1.651849</hAcc><vAcc>0.954760</vAcc></extensions></trkpt>
      <trkpt lon="-82.147636" lat="33.554622"><ele>96.180985</ele><time>2024-05-24T11:18:07Z</time><extensions><speed>1.336861</speed><course>71.098638</course><hAcc>1.657745</hAcc><vAcc>0.951841</vAcc></extensions></trkpt>
      <trkpt lon="-82.147622" lat="33.554627"><ele>96.117731</ele><time>2024-05-24T11:18:08Z</time><extensions><speed>1.368448</speed><course>69.057567</course><hAcc>1.636627</hAcc><vAcc>0.948989</vAcc></extensions></trkpt>
      <trkpt lon="-82.147609" lat="33.554633"><ele>96.057586</ele><time>2024-05-24T11:18:09Z</time><extensions><speed>1.369595</speed><course>65.833531</course><hAcc>1.630322</hAcc><vAcc>0.946131</vAcc></extensions></trkpt>
      <trkpt lon="-82.147596" lat="33.554639"><ele>95.997681</ele><time>2024-05-24T11:18:10Z</time><extensions><speed>1.405515</speed><course>56.418314</course><hAcc>1.599290</hAcc><vAcc>0.943283</vAcc></extensions></trkpt>
      <trkpt lon="-82.147584" lat="33.554647"><ele>95.935507</ele><time>2024-05-24T11:18:11Z</time><extensions><speed>1.397505</speed><course>58.662292</course><hAcc>1.627036</hAcc><vAcc>0.940474</vAcc></extensions></trkpt>
      <trkpt lon="-82.147571" lat="33.554654"><ele>95.873415</ele><time>2024-05-24T11:18:12Z</time><extensions><speed>1.366385</speed><course>65.630049</course><hAcc>1.665829</hAcc><vAcc>0.937786</vAcc></extensions></trkpt>
      <trkpt lon="-82.147558" lat="33.554660"><ele>95.813894</ele><time>2024-05-24T11:18:13Z</time><extensions><speed>1.354456</speed><course>69.325121</course><hAcc>1.657210</hAcc><vAcc>0.935294</vAcc></extensions></trkpt>
      <trkpt lon="-82.147545" lat="33.554665"><ele>95.754099</ele><time>2024-05-24T11:18:14Z</time><extensions><speed>1.351265</speed><course>65.160233</course><hAcc>1.643945</hAcc><vAcc>0.933018</vAcc></extensions></trkpt>
      <trkpt lon="-82.147532" lat="33.554671"><ele>95.693641</ele><time>2024-05-24T11:18:15Z</time><extensions><speed>1.325115</speed><course>63.915067</course><hAcc>1.645718</hAcc><vAcc>0.931009</vAcc></extensions></trkpt>
      <trkpt lon="-82.147520" lat="33.554677"><ele>95.633308</ele><time>2024-05-24T11:18:16Z</time><extensions><speed>1.325583</speed><course>65.914520</course><hAcc>1.629720</hAcc><vAcc>0.929365</vAcc></extensions></trkpt>
      <trkpt lon="-82.147508" lat="33.554682"><ele>95.566945</ele><time>2024-05-24T11:18:17Z</time><extensions><speed>1.321941</speed><course>65.535771</course><hAcc>1.632419</hAcc><vAcc>0.928157</vAcc></extensions></trkpt>
      <trkpt lon="-82.147496" lat="33.554688"><ele>95.495843</ele><time>2024-05-24T11:18:18Z</time><extensions><speed>1.333558</speed><course>58.527768</course><hAcc>1.595781</hAcc><vAcc>0.927495</vAcc></extensions></trkpt>
      <trkpt lon="-82.147484" lat="33.554694"><ele>95.418446</ele><time>2024-05-24T11:18:19Z</time><extensions><speed>1.329873</speed><course>63.142778</course><hAcc>1.628600</hAcc><vAcc>0.927443</vAcc></extensions></trkpt>
      <trkpt lon="-82.147472" lat="33.554700"><ele>95.338231</ele><time>2024-05-24T11:18:20Z</time><extensions><speed>1.352166</speed><course>62.589870</course><hAcc>1.635952</hAcc><vAcc>0.927993</vAcc></extensions></trkpt>
      <trkpt lon="-82.147460" lat="33.554706"><ele>95.257131</ele><time>2024-05-24T11:18:21Z</time><extensions><speed>1.350708</speed><course>59.760844</course><hAcc>1.614785</hAcc><vAcc>0.929210</vAcc></extensions></trkpt>
      <trkpt lon="-82.147448" lat="33.554713"><ele>95.173887</ele><time>2024-05-24T11:18:22Z</time><extensions><speed>1.361583</speed><course>58.466410</course><hAcc>1.618093</hAcc><vAcc>0.931166</vAcc></extensions></trkpt>
      <trkpt lon="-82.147436" lat="33.554720"><ele>95.089144</ele><time>2024-05-24T11:18:23Z</time><extensions><speed>1.334302</speed><course>57.755685</course><hAcc>1.601056</hAcc><vAcc>0.933848</vAcc></extensions></trkpt>
      <trkpt lon="-82.147425" lat="33.554727"><ele>95.003236</ele><time>2024-05-24T11:18:24Z</time><extensions><speed>1.309349</speed><course>57.423502</course><hAcc>1.609564</hAcc><vAcc>0.937206</vAcc></extensions></trkpt>
      <trkpt lon="-82.147414" lat="33.554734"><ele>94.917171</ele><time>2024-05-24T11:18:25Z</time><extensions><speed>1.274875</speed><course>60.280162</course><hAcc>1.634862</hAcc><vAcc>0.941184</vAcc></extensions></trkpt>
      <trkpt lon="-82.147404" lat="33.554741"><ele>94.828397</ele><time>2024-05-24T11:18:26Z</time><extensions><speed>1.245964</speed><course>50.377828</course><hAcc>1.594764</hAcc><vAcc>0.945668</vAcc></extensions></trkpt>
      <trkpt lon="-82.147394" lat="33.554748"><ele>94.740558</ele><time>2024-05-24T11:18:27Z</time><extensions><speed>1.205725</speed><course>52.982888</course><hAcc>1.623135</hAcc><vAcc>0.950559</vAcc></extensions></trkpt>
      <trkpt lon="-82.147385" lat="33.554756"><ele>94.652188</ele><time>2024-05-24T11:18:28Z</time><extensions><speed>1.221120</speed><course>53.493898</course><hAcc>1.655531</hAcc><vAcc>0.955720</vAcc></extensions></trkpt>
      <trkpt lon="-82.147375" lat="33.554763"><ele>94.561984</ele><time>2024-05-24T11:18:29Z</time><extensions><speed>1.148502</speed><course>57.050256</course><hAcc>1.659005</hAcc><vAcc>0.960999</vAcc></extensions></trkpt>
      <trkpt lon="-82.147366" lat="33.554770"><ele>94.473860</ele><time>2024-05-24T11:18:30Z</time><extensions><speed>1.176026</speed><course>55.359285</course><hAcc>1.668405</hAcc><vAcc>0.966238</vAcc></extensions></trkpt>
      <trkpt lon="-82.147357" lat="33.554777"><ele>94.388322</ele><time>2024-05-24T11:18:31Z</time><extensions><speed>1.172315</speed><course>50.456943</course><hAcc>1.640760</hAcc><vAcc>0.971315</vAcc></extensions></trkpt>
      <trkpt lon="-82.147349" lat="33.554785"><ele>94.306564</ele><time>2024-05-24T11:18:32Z</time><extensions><speed>1.190780</speed><course>39.634389</course><hAcc>1.633418</hAcc><vAcc>0.976141</vAcc></extensions></trkpt>
      <trkpt lon="-82.147342" lat="33.554794"><ele>94.228379</ele><time>2024-05-24T11:18:33Z</time><extensions><speed>1.209544</speed><course>47.902657</course><hAcc>1.680474</hAcc><vAcc>0.980613</vAcc></extensions></trkpt>
      <trkpt lon="-82.147334" lat="33.554803"><ele>94.152631</ele><time>2024-05-24T11:18:34Z</time><extensions><speed>1.220505</speed><course>37.485931</course><hAcc>1.653316</hAcc><vAcc>0.984764</vAcc></extensions></trkpt>
      <trkpt lon="-82.147327" lat="33.554812"><ele>94.079798</ele><time>2024-05-24T11:18:35Z</time><extensions><speed>1.247023</speed><course>44.877995</course><hAcc>1.688410</hAcc><vAcc>0.988594</vAcc></extensions></trkpt>
      <trkpt lon="-82.147319" lat="33.554821"><ele>94.011806</ele><time>2024-05-24T11:18:36Z</time><extensions><speed>1.263648</speed><course>34.346190</course><hAcc>1.652782</hAcc><vAcc>0.992074</vAcc></extensions></trkpt>
      <trkpt lon="-82.147312" lat="33.554831"><ele>93.946084</ele><time>2024-05-24T11:18:37Z</time><extensions><speed>1.264894</speed><course>33.636219</course><hAcc>1.679051</hAcc><vAcc>0.995235</vAcc></extensions></trkpt>
      <trkpt lon="-82.147305" lat="33.554840"><ele>93.879853</ele><time>2024-05-24T11:18:38Z</time><extensions><speed>1.273107</speed><course>46.836404</course><hAcc>1.735406</hAcc><vAcc>0.998042</vAcc></extensions></trkpt>
      <trkpt lon="-82.147296" lat="33.554849"><ele>93.813557</ele><time>2024-05-24T11:18:39Z</time><extensions><speed>1.241679</speed><course>37.854181</course><hAcc>1.712075</hAcc><vAcc>1.000551</vAcc></extensions></trkpt>
      <trkpt lon="-82.147289" lat="33.554858"><ele>93.751527</ele><time>2024-05-24T11:18:40Z</time><extensions><speed>1.276549</speed><course>45.185790</course><hAcc>1.751782</hAcc><vAcc>1.002814</vAcc></extensions></trkpt>
      <trkpt lon="-82.147282" lat="33.554867"><ele>93.689652</ele><time>2024-05-24T11:18:41Z</time><extensions><speed>1.275571</speed><course>28.616103</course><hAcc>1.711415</hAcc><vAcc>1.004837</vAcc></extensions></trkpt>
      <trkpt lon="-82.147276" lat="33.554878"><ele>93.630545</ele><time>2024-05-24T11:18:42Z</time><extensions><speed>1.270997</speed><course>26.792378</course><hAcc>1.735603</hAcc><vAcc>1.006667</vAcc></extensions></trkpt>
      <trkpt lon="-82.147271" lat="33.554888"><ele>93.569490</ele><time>2024-05-24T11:18:43Z</time><extensions><speed>1.293656</speed><course>29.776848</course><hAcc>1.779064</hAcc><vAcc>1.008278</vAcc></extensions></trkpt>
      <trkpt lon="-82.147266" lat="33.554899"><ele>93.508484</ele><time>2024-05-24T11:18:44Z</time><extensions><speed>1.258136</speed><course>22.983014</course><hAcc>1.750854</hAcc><vAcc>1.009714</vAcc></extensions></trkpt>
      <trkpt lon="-82.147262" lat="33.554909"><ele>93.445771</ele><time>2024-05-24T11:18:45Z</time><extensions><speed>1.253144</speed><course>21.605146</course><hAcc>1.763915</hAcc><vAcc>1.011032</vAcc></extensions></trkpt>
      <trkpt lon="-82.147258" lat="33.554920"><ele>93.385223</ele><time>2024-05-24T11:18:46Z</time><extensions><speed>1.290354</speed><course>25.375762</course><hAcc>1.799210</hAcc><vAcc>1.012215</vAcc></extensions></trkpt>
      <trkpt lon="-82.147253" lat="33.554930"><ele>93.321608</ele><time>2024-05-24T11:18:47Z</time><extensions><speed>1.227231</speed><course>26.335818</course><hAcc>1.786965</hAcc><vAcc>1.013286</vAcc></extensions></trkpt>
      <trkpt lon="-82.147247" lat="33.554940"><ele>93.255405</ele><time>2024-05-24T11:18:48Z</time><extensions><speed>1.257335</speed><course>35.242964</course><hAcc>1.812544</hAcc><vAcc>1.014223</vAcc></extensions></trkpt>
      <trkpt lon="-82.147242" lat="33.554949"><ele>93.185755</ele><time>2024-05-24T11:18:49Z</time><extensions><speed>1.157633</speed><course>25.198717</course><hAcc>1.758801</hAcc><vAcc>1.015012</vAcc></extensions></trkpt>
      <trkpt lon="-82.147238" lat="33.554958"><ele>93.110953</ele><time>2024-05-24T11:18:50Z</time><extensions><speed>1.103628</speed><course>23.585312</course><hAcc>1.760866</hAcc><vAcc>1.015657</vAcc></extensions></trkpt>
      <trkpt lon="-82.147232" lat="33.554967"><ele>93.032081</ele><time>2024-05-24T11:18:51Z</time><extensions><speed>1.188661</speed><course>34.377091</course><hAcc>1.806286</hAcc><vAcc>1.016100</vAcc></extensions></trkpt>
      <trkpt lon="-82.147227" lat="33.554975"><ele>92.951716</ele><time>2024-05-24T11:18:52Z</time><extensions><speed>1.107783</speed><course>28.179743</course><hAcc>1.766649</hAcc><vAcc>1.016342</vAcc></extensions></trkpt>
      <trkpt lon="-82.147221" lat="33.554984"><ele>92.872525</ele><time>2024-05-24T11:18:53Z</time><extensions><speed>1.186565</speed><course>34.614709</course><hAcc>1.788943</hAcc><vAcc>1.016350</vAcc></extensions></trkpt>
      <trkpt lon="-82.147216" lat="33.554992"><ele>92.793778</ele><time>2024-05-24T11:18:54Z</time><extensions><speed>1.036107</speed><course>29.689919</course><hAcc>1.735467</hAcc><vAcc>1.016082</vAcc></extensions></trkpt>
      <trkpt lon="-82.147211" lat="33.555000"><ele>92.717766</ele><time>2024-05-24T11:18:55Z</time><extensions><speed>0.975082</speed><course>29.320183</course><hAcc>1.741817</hAcc><vAcc>1.015541</vAcc></extensions></trkpt>
      <trkpt lon="-82.147206" lat="33.555007"><ele>92.641868</ele><time>2024-05-24T11:18:56Z</time><extensions><speed>1.117044</speed><course>37.674391</course><hAcc>1.791753</hAcc><vAcc>1.014755</vAcc></extensions></trkpt>
      <trkpt lon="-82.147199" lat="33.555015"><ele>92.566166</ele><time>2024-05-24T11:18:57Z</time><extensions><speed>1.011360</speed><course>36.630568</course><hAcc>1.757683</hAcc><vAcc>1.013708</vAcc></extensions></trkpt>
      <trkpt lon="-82.147193" lat="33.555022"><ele>92.494371</ele><time>2024-05-24T11:18:58Z</time><extensions><speed>1.107189</speed><course>38.951732</course><hAcc>1.777325</hAcc><vAcc>1.012403</vAcc></extensions></trkpt>
      <trkpt lon="-82.147187" lat="33.555030"><ele>92.424032</ele><time>2024-05-24T11:18:59Z</time><extensions><speed>0.969536</speed><course>32.274700</course><hAcc>1.729041</hAcc><vAcc>1.010867</vAcc></extensions></trkpt>
      <trkpt lon="-82.147182" lat="33.555037"><ele>92.353847</ele><time>2024-05-24T11:19:00Z</time><extensions><speed>0.960820</speed><course>30.789329</course><hAcc>1.739735</hAcc><vAcc>1.009120</vAcc></extensions></trkpt>
      <trkpt lon="-82.147176" lat="33.555045"><ele>92.286283</ele><time>2024-05-24T11:19:01Z</time><extensions><speed>1.078459</speed><course>33.205857</course><hAcc>1.782893</hAcc><vAcc>1.007175</vAcc></extensions></trkpt>
      <trkpt lon="-82.147171" lat="33.555052"><ele>92.223672</ele><time>2024-05-24T11:19:02Z</time><extensions><speed>0.981982</speed><course>29.650394</course><hAcc>1.734785</hAcc><vAcc>1.005060</vAcc></extensions></trkpt>
      <trkpt lon="-82.147166" lat="33.555060"><ele>92.165979</ele><time>2024-05-24T11:19:03Z</time><extensions><speed>0.975751</speed><course>28.869631</course><hAcc>1.738880</hAcc><vAcc>1.002791</vAcc></extensions></trkpt>
      <trkpt lon="-82.147160" lat="33.555068"><ele>92.110272</ele><time>2024-05-24T11:19:04Z</time><extensions><speed>1.058686</speed><course>31.939967</course><hAcc>1.774391</hAcc><vAcc>1.000403</vAcc></extensions></trkpt>
      <trkpt lon="-82.147154" lat="33.555076"><ele>92.057833</ele><time>2024-05-24T11:19:05Z</time><extensions><speed>0.986998</speed><course>31.496362</course><hAcc>1.746501</hAcc><vAcc>0.997938</vAcc></extensions></trkpt>
      <trkpt lon="-82.147148" lat="33.555084"><ele>92.009322</ele><time>2024-05-24T11:19:06Z</time><extensions><speed>1.034304</speed><course>34.581811</course><hAcc>1.774197</hAcc><vAcc>0.995431</vAcc></extensions></trkpt>
      <trkpt lon="-82.147142" lat="33.555093"><ele>91.963355</ele><time>2024-05-24T11:19:07Z</time><extensions><speed>1.017076</speed><course>31.415053</course><hAcc>1.721755</hAcc><vAcc>0.992919</vAcc></extensions></trkpt>
      <trkpt lon="-82.147137" lat="33.555101"><ele>91.919600</ele><time>2024-05-24T11:19:08Z</time><extensions><speed>1.044824</speed><course>31.728677</course><hAcc>1.736896</hAcc><vAcc>0.990429</vAcc></extensions></trkpt>
      <trkpt lon="-82.147131" lat="33.555109"><ele>91.879545</ele><time>2024-05-24T11:19:09Z</time><extensions><speed>1.083248</speed><course>34.637198</course><hAcc>1.786780</hAcc><vAcc>0.987980</vAcc></extensions></trkpt>
      <trkpt lon="-82.147125" lat="33.555117"><ele>91.841666</ele><time>2024-05-24T11:19:10Z</time><extensions><speed>1.112397</speed><course>32.532180</course><hAcc>1.750035</hAcc><vAcc>0.985625</vAcc></extensions></trkpt>
      <trkpt lon="-82.147119" lat="33.555126"><ele>91.807141</ele><time>2024-05-24T11:19:11Z</time><extensions><speed>1.116686</speed><course>33.956026</course><hAcc>1.776410</hAcc><vAcc>0.983467</vAcc></extensions></trkpt>
      <trkpt lon="-82.147113" lat="33.555135"><ele>91.776451</ele><time>2024-05-24T11:19:12Z</time><extensions><speed>1.151527</speed><course>32.361239</course><hAcc>1.730631</hAcc><vAcc>0.981554</vAcc></extensions></trkpt>
      <trkpt lon="-82.147106" lat="33.555144"><ele>91.744234</ele><time>2024-05-24T11:19:13Z</time><extensions><speed>1.175368</speed><course>32.731056</course><hAcc>1.750673</hAcc><vAcc>0.979910</vAcc></extensions></trkpt>
      <trkpt lon="-82.147100" lat="33.555153"><ele>91.708888</ele><time>2024-05-24T11:19:14Z</time><extensions><speed>1.180417</speed><course>36.538757</course><hAcc>1.800532</hAcc><vAcc>0.978546</vAcc></extensions></trkpt>
      <trkpt lon="-82.147093" lat="33.555162"><ele>91.669087</ele><time>2024-05-24T11:19:15Z</time><extensions><speed>1.258422</speed><course>32.752085</course><hAcc>1.759088</hAcc><vAcc>0.977474</vAcc></extensions></trkpt>
      <trkpt lon="-82.147086" lat="33.555172"><ele>91.629357</ele><time>2024-05-24T11:19:16Z</time><extensions><speed>1.293434</speed><course>31.244029</course><hAcc>1.765536</hAcc><vAcc>0.976692</vAcc></extensions></trkpt>
      <trkpt lon="-82.147080" lat="33.555182"><ele>91.592626</ele><time>2024-05-24T11:19:17Z</time><extensions><speed>1.265222</speed><course>31.828840</course><hAcc>1.758106</hAcc><vAcc>0.976182</vAcc></extensions></trkpt>
      <trkpt lon="-82.147073" lat="33.555191"><ele>91.555209</ele><time>2024-05-24T11:19:18Z</time><extensions><speed>1.240938</speed><course>33.655214</course><hAcc>1.791970</hAcc><vAcc>0.975918</vAcc></extensions></trkpt>
      <trkpt lon="-82.147066" lat="33.555200"><ele>91.514694</ele><time>2024-05-24T11:19:19Z</time><extensions><speed>1.222126</speed><course>38.026896</course><hAcc>1.835179</hAcc><vAcc>0.975870</vAcc></extensions></trkpt>
      <trkpt lon="-82.147060" lat="33.555210"><ele>91.470107</ele><time>2024-05-24T11:19:20Z</time><extensions><speed>1.190960</speed><course>32.988569</course><hAcc>1.780098</hAcc><vAcc>0.976025</vAcc></extensions></trkpt>
      <trkpt lon="-82.147054" lat="33.555219"><ele>91.424674</ele><time>2024-05-24T11:19:21Z</time><extensions><speed>1.187906</speed><course>32.198864</course><hAcc>1.782580</hAcc><vAcc>0.976360</vAcc></extensions></trkpt>
      <trkpt lon="-82.147048" lat="33.555228"><ele>91.377499</ele><time>2024-05-24T11:19:22Z</time><extensions><speed>1.231619</speed><course>37.016957</course><hAcc>1.820960</hAcc><vAcc>0.976837</vAcc></extensions></trkpt>
      <trkpt lon="-82.147042" lat="33.555237"><ele>91.331355</ele><time>2024-05-24T11:19:23Z</time><extensions><speed>1.175427</speed><course>30.747460</course><hAcc>1.781010</hAcc><vAcc>0.977422</vAcc></extensions></trkpt>
      <trkpt lon="-82.147037" lat="33.555246"><ele>91.283307</ele><time>2024-05-24T11:19:24Z</time><extensions><speed>1.208496</speed><course>33.912901</course><hAcc>1.805704</hAcc><vAcc>0.978048</vAcc></extensions></trkpt>
      <trkpt lon="-82.147032" lat="33.555255"><ele>91.235603</ele><time>2024-05-24T11:19:25Z</time><extensions><speed>1.132825</speed><course>23.686897</course><hAcc>1.757519</hAcc><vAcc>0.978660</vAcc></extensions></trkpt>
      <trkpt lon="-82.147029" lat="33.555265"><ele>91.189515</ele><time>2024-05-24T11:19:26Z</time><extensions><speed>1.125917</speed><course>19.357287</course><hAcc>1.758817</hAcc><vAcc>0.979195</vAcc></extensions></trkpt>
      <trkpt lon="-82.147027" lat="33.555275"><ele>91.146400</ele><time>2024-05-24T11:19:27Z</time><extensions><speed>1.196081</speed><course>20.299760</course><hAcc>1.791848</hAcc><vAcc>0.979626</vAcc></extensions></trkpt>
      <trkpt lon="-82.147025" lat="33.555285"><ele>91.109674</ele><time>2024-05-24T11:19:28Z</time><extensions><speed>1.120998</speed><course>18.091530</course><hAcc>1.781910</hAcc><vAcc>0.979916</vAcc></extensions></trkpt>
      <trkpt lon="-82.147022" lat="33.555295"><ele>91.076537</ele><time>2024-05-24T11:19:29Z</time><extensions><speed>1.165910</speed><course>27.359515</course><hAcc>1.812275</hAcc><vAcc>0.980060</vAcc></extensions></trkpt>
      <trkpt lon="-82.147020" lat="33.555306"><ele>91.048501</ele><time>2024-05-24T11:19:30Z</time><extensions><speed>1.128566</speed><course>11.228617</course><hAcc>1.756704</hAcc><vAcc>0.980135</vAcc></extensions></trkpt>
      <trkpt lon="-82.147020" lat="33.555316"><ele>91.025253</ele><time>2024-05-24T11:19:31Z</time><extensions><speed>1.132048</speed><course>8.572465</course><hAcc>1.761984</hAcc><vAcc>0.980195</vAcc></extensions></trkpt>
      <trkpt lon="-82.147019" lat="33.555327"><ele>91.006135</ele><time>2024-05-24T11:19:32Z</time><extensions><speed>1.164301</speed><course>22.393598</course><hAcc>1.806917</hAcc><vAcc>0.980272</vAcc></extensions></trkpt>
      <trkpt lon="-82.147018" lat="33.555337"><ele>90.992400</ele><time>2024-05-24T11:19:33Z</time><extensions><speed>1.120615</speed><course>8.695229</course><hAcc>1.765615</hAcc><vAcc>0.980402</vAcc></extensions></trkpt>
      <trkpt lon="-82.147017" lat="33.555348"><ele>90.982446</ele><time>2024-05-24T11:19:34Z</time><extensions><speed>1.120581</speed><course>19.847778</course><hAcc>1.792576</hAcc><vAcc>0.980582</vAcc></extensions></trkpt>
      <trkpt lon="-82.147016" lat="33.555358"><ele>90.976712</ele><time>2024-05-24T11:19:35Z</time><extensions><speed>1.154856</speed><course>1.501196</course><hAcc>1.743348</hAcc><vAcc>0.980878</vAcc></extensions></trkpt>
      <trkpt lon="-82.147018" lat="33.555369"><ele>90.976273</ele><time>2024-05-24T11:19:36Z</time><extensions><speed>1.201681</speed><course>357.593456</course><hAcc>1.754842</hAcc><vAcc>0.981405</vAcc></extensions></trkpt>
      <trkpt lon="-82.147018" lat="33.555380"><ele>90.980552</ele><time>2024-05-24T11:19:37Z</time><extensions><speed>1.168602</speed><course>12.270248</course><hAcc>1.803483</hAcc><vAcc>0.982266</vAcc></extensions></trkpt>
      <trkpt lon="-82.147019" lat="33.555391"><ele>90.986703</ele><time>2024-05-24T11:19:38Z</time><extensions><speed>1.258509</speed><course>356.349177</course><hAcc>1.750737</hAcc><vAcc>0.983653</vAcc></extensions></trkpt>
      <trkpt lon="-82.147021" lat="33.555402"><ele>90.993815</ele><time>2024-05-24T11:19:39Z</time><extensions><speed>1.303225</speed><course>353.977183</course><hAcc>1.761894</hAcc><vAcc>0.985664</vAcc></extensions></trkpt>
      <trkpt lon="-82.147022" lat="33.555413"><ele>90.998172</ele><time>2024-05-24T11:19:40Z</time><extensions><speed>1.268007</speed><course>9.278257</course><hAcc>1.814581</hAcc><vAcc>0.988304</vAcc></extensions></trkpt>
      <trkpt lon="-82.147022" lat="33.555425"><ele>90.996223</ele><time>2024-05-24T11:19:41Z</time><extensions><speed>1.321759</speed><course>357.470780</course><hAcc>1.779064</hAcc><vAcc>0.991546</vAcc></extensions></trkpt>
      <trkpt lon="-82.147022" lat="33.555436"><ele>90.991555</ele><time>2024-05-24T11:19:42Z</time><extensions><speed>1.284667</speed><course>6.326915</course><hAcc>1.807613</hAcc><vAcc>0.995337</vAcc></extensions></trkpt>
      <trkpt lon="-82.147024" lat="33.555448"><ele>90.991993</ele><time>2024-05-24T11:19:43Z</time><extensions><speed>1.360727</speed><course>352.247091</course><hAcc>1.751981</hAcc><vAcc>0.999689</vAcc></extensions></trkpt>
      <trkpt lon="-82.147027" lat="33.555460"><ele>90.995270</ele><time>2024-05-24T11:19:44Z</time><extensions><speed>1.371866</speed><course>350.022299</course><hAcc>1.766812</hAcc><vAcc>1.004590</vAcc></extensions></trkpt>
      <trkpt lon="-82.147030" lat="33.555472"><ele>90.996083</ele><time>2024-05-24T11:19:45Z</time><extensions><speed>1.335609</speed><course>357.127999</course><hAcc>1.822200</hAcc><vAcc>1.009964</vAcc></extensions></trkpt>
      <trkpt lon="-82.147032" lat="33.555484"><ele>90.995828</ele><time>2024-05-24T11:19:46Z</time><extensions><speed>1.309186</speed><course>355.050951</course><hAcc>1.801917</hAcc><vAcc>1.015690</vAcc></extensions></trkpt>
      <trkpt lon="-82.147034" lat="33.555495"><ele>90.994637</ele><time>2024-05-24T11:19:47Z</time><extensions><speed>1.299541</speed><course>1.017454</course><hAcc>1.824390</hAcc><vAcc>1.021648</vAcc></extensions></trkpt>
      <trkpt lon="-82.147035" lat="33.555507"><ele>90.988983</ele><time>2024-05-24T11:19:48Z</time><extensions><speed>1.233724</speed><course>355.592339</course><hAcc>1.782422</hAcc><vAcc>1.027668</vAcc></extensions></trkpt>
      <trkpt lon="-82.147037" lat="33.555518"><ele>90.981962</ele><time>2024-05-24T11:19:49Z</time><extensions><speed>1.205196</speed><course>355.210596</course><hAcc>1.794398</hAcc><vAcc>1.033582</vAcc></extensions></trkpt>
      <trkpt lon="-82.147038" lat="33.555528"><ele>90.976283</ele><time>2024-05-24T11:19:50Z</time><extensions><speed>1.184875</speed><course>4.029228</course><hAcc>1.841595</hAcc><vAcc>1.039155</vAcc></extensions></trkpt>
      <trkpt lon="-82.147039" lat="33.555539"><ele>90.972327</ele><time>2024-05-24T11:19:51Z</time><extensions><speed>1.165908</speed><course>354.777019</course><hAcc>1.801104</hAcc><vAcc>1.044229</vAcc></extensions></trkpt>
      <trkpt lon="-82.147041" lat="33.555549"><ele>90.963214</ele><time>2024-05-24T11:19:52Z</time><extensions><speed>1.191751</speed><course>359.970468</course><hAcc>1.828862</hAcc><vAcc>1.048658</vAcc></extensions></trkpt>
      <trkpt lon="-82.147043" lat="33.555560"><ele>90.960126</ele><time>2024-05-24T11:19:53Z</time><extensions><speed>1.186827</speed><course>348.572299</course><hAcc>1.774709</hAcc><vAcc>1.052298</vAcc></extensions></trkpt>
      <trkpt lon="-82.147046" lat="33.555570"><ele>90.962385</ele><time>2024-05-24T11:19:54Z</time><extensions><speed>1.198519</speed><course>347.864845</course><hAcc>1.792371</hAcc><vAcc>1.055054</vAcc></extensions></trkpt>
      <trkpt lon="-82.147049" lat="33.555581"><ele>90.967419</ele><time>2024-05-24T11:19:55Z</time><extensions><speed>1.205987</speed><course>352.118899</course><hAcc>1.836572</hAcc><vAcc>1.056934</vAcc></extensions></trkpt>
      <trkpt lon="-82.147052" lat="33.555593"><ele>90.973310</ele><time>2024-05-24T11:19:56Z</time><extensions><speed>1.232310</speed><course>346.705339</course><hAcc>1.791685</hAcc><vAcc>1.057949</vAcc></extensions></trkpt>
      <trkpt lon="-82.147056" lat="33.555604"><ele>90.981809</ele><time>2024-05-24T11:19:57Z</time><extensions><speed>1.242332</speed><course>345.938337</course><hAcc>1.794975</hAcc><vAcc>1.058127</vAcc></extensions></trkpt>
      <trkpt lon="-82.147058" lat="33.555614"><ele>90.992147</ele><time>2024-05-24T11:19:58Z</time><extensions><speed>1.215254</speed><course>354.096926</course><hAcc>1.842635</hAcc><vAcc>1.057515</vAcc></extensions></trkpt>
      <trkpt lon="-82.147061" lat="33.555625"><ele>91.008302</ele><time>2024-05-24T11:19:59Z</time><extensions><speed>1.231005</speed><course>349.563739</course><hAcc>1.803670</hAcc><vAcc>1.056227</vAcc></extensions></trkpt>
      <trkpt lon="-82.147063" lat="33.555636"><ele>91.028299</ele><time>2024-05-24T11:20:00Z</time><extensions><speed>1.202977</speed><course>354.209370</course><hAcc>1.832056</hAcc><vAcc>1.054341</vAcc></extensions></trkpt>
      <trkpt lon="-82.147065" lat="33.555647"><ele>91.043991</ele><time>2024-05-24T11:20:01Z</time><extensions><speed>1.233397</speed><course>349.416834</course><hAcc>1.787001</hAcc><vAcc>1.051927</vAcc></extensions></trkpt>
      <trkpt lon="-82.147068" lat="33.555659"><ele>91.057904</ele><time>2024-05-24T11:20:02Z</time><extensions><speed>1.240568</speed><course>349.482835</course><hAcc>1.805473</hAcc><vAcc>1.049131</vAcc></extensions></trkpt>
      <trkpt lon="-82.147069" lat="33.555670"><ele>91.068114</ele><time>2024-05-24T11:20:03Z</time><extensions><speed>1.178556</speed><course>354.051298</course><hAcc>1.864652</hAcc><vAcc>1.046098</vAcc></extensions></trkpt>
      <trkpt lon="-82.147071" lat="33.555682"><ele>91.072211</ele><time>2024-05-24T11:20:04Z</time><extensions><speed>1.300241</speed><course>350.738014</course><hAcc>1.810525</hAcc><vAcc>1.043008</vAcc></extensions></trkpt>
      <trkpt lon="-82.147074" lat="33.555694"><ele>91.075539</ele><time>2024-05-24T11:20:05Z</time><extensions><speed>1.410725</speed><course>350.585473</course><hAcc>1.807394</hAcc><vAcc>1.040136</vAcc></extensions></trkpt>
      <trkpt lon="-82.147076" lat="33.555708"><ele>91.076484</ele><time>2024-05-24T11:20:06Z</time><extensions><speed>1.441279</speed><course>351.168970</course><hAcc>1.834488</hAcc><vAcc>1.037607</vAcc></extensions></trkpt>
      <trkpt lon="-82.147078" lat="33.555721"><ele>91.074456</ele><time>2024-05-24T11:20:07Z</time><extensions><speed>1.414480</speed><course>351.144647</course><hAcc>1.876188</hAcc><vAcc>1.035516</vAcc></extensions></trkpt>
      <trkpt lon="-82.147081" lat="33.555734"><ele>91.075061</ele><time>2024-05-24T11:20:08Z</time><extensions><speed>1.308489</speed><course>352.512175</course><hAcc>1.921233</hAcc><vAcc>1.033890</vAcc></extensions></trkpt>
      <trkpt lon="-82.147083" lat="33.555746"><ele>91.071591</ele><time>2024-05-24T11:20:09Z</time><extensions><speed>1.432942</speed><course>352.206330</course><hAcc>1.853991</hAcc><vAcc>1.032758</vAcc></extensions></trkpt>
      <trkpt lon="-82.147085" lat="33.555759"><ele>91.065767</ele><time>2024-05-24T11:20:10Z</time><extensions><speed>1.448173</speed><course>352.974951</course><hAcc>1.850999</hAcc><vAcc>1.032110</vAcc></extensions></trkpt>
      <trkpt lon="-82.147088" lat="33.555772"><ele>91.059272</ele><time>2024-05-24T11:20:11Z</time><extensions><speed>1.360541</speed><course>354.091519</course><hAcc>1.889975</hAcc><vAcc>1.031973</vAcc></extensions></trkpt>
      <trkpt lon="-82.147090" lat="33.555785"><ele>91.051460</ele><time>2024-05-24T11:20:12Z</time><extensions><speed>1.462673</speed><course>354.393520</course><hAcc>1.839279</hAcc><vAcc>1.032327</vAcc></extensions></trkpt>
      <trkpt lon="-82.147092" lat="33.555797"><ele>91.041272</ele><time>2024-05-24T11:20:13Z</time><extensions><speed>1.396824</speed><course>356.389266</course><hAcc>1.850281</hAcc><vAcc>1.033114</vAcc></extensions></trkpt>
      <trkpt lon="-82.147093" lat="33.555810"><ele>91.031419</ele><time>2024-05-24T11:20:14Z</time><extensions><speed>1.529244</speed><course>356.764166</course><hAcc>1.809467</hAcc><vAcc>1.034268</vAcc></extensions></trkpt>
      <trkpt lon="-82.147095" lat="33.555824"><ele>91.016534</ele><time>2024-05-24T11:20:15Z</time><extensions><speed>1.559446</speed><course>356.749996</course><hAcc>1.808302</hAcc><vAcc>1.035696</vAcc></extensions></trkpt>
      <trkpt lon="-82.147097" lat="33.555837"><ele>90.997994</ele><time>2024-05-24T11:20:16Z</time><extensions><speed>1.508335</speed><course>359.640654</course><hAcc>1.847640</hAcc><vAcc>1.037265</vAcc></extensions></trkpt>
      <trkpt lon="-82.147098" lat="33.555851"><ele>90.980508</ele><time>2024-05-24T11:20:17Z</time><extensions><speed>1.506330</speed><course>357.169810</course><hAcc>1.801183</hAcc><vAcc>1.038956</vAcc></extensions></trkpt>
      <trkpt lon="-82.147100" lat="33.555864"><ele>90.966319</ele><time>2024-05-24T11:20:18Z</time><extensions><speed>1.483069</speed><course>359.272309</course><hAcc>1.818354</hAcc><vAcc>1.040857</vAcc></extensions></trkpt>
      <trkpt lon="-82.147100" lat="33.555876"><ele>90.946364</ele><time>2024-05-24T11:20:19Z</time><extensions><speed>1.428131</speed><course>2.789540</course><hAcc>1.786005</hAcc><vAcc>1.043005</vAcc></extensions></trkpt>
      <trkpt lon="-82.147100" lat="33.555889"><ele>90.925731</ele><time>2024-05-24T11:20:20Z</time><extensions><speed>1.374916</speed><course>3.192507</course><hAcc>1.773713</hAcc><vAcc>1.045347</vAcc></extensions></trkpt>
      <trkpt lon="-82.147100" lat="33.555901"><ele>90.908099</ele><time>2024-05-24T11:20:21Z</time><extensions><speed>1.418108</speed><course>8.819716</course><hAcc>1.810003</hAcc><vAcc>1.047777</vAcc></extensions></trkpt>
      <trkpt lon="-82.147099" lat="33.555913"><ele>90.892717</ele><time>2024-05-24T11:20:22Z</time><extensions><speed>1.322009</speed><course>4.846546</course><hAcc>1.778976</hAcc><vAcc>1.050292</vAcc></extensions></trkpt>
      <trkpt lon="-82.147098" lat="33.555924"><ele>90.873009</ele><time>2024-05-24T11:20:23Z</time><extensions><speed>1.368092</speed><course>8.677071</course><hAcc>1.811660</hAcc><vAcc>1.052854</vAcc></extensions></trkpt>
      <trkpt lon="-82.147098" lat="33.555936"><ele>90.854864</ele><time>2024-05-24T11:20:24Z</time><extensions><speed>1.230931</speed><course>357.036469</course><hAcc>1.759490</hAcc><vAcc>1.055426</vAcc></extensions></trkpt>
      <trkpt lon="-82.147099" lat="33.555946"><ele>90.835068</ele><time>2024-05-24T11:20:25Z</time><extensions><speed>1.210081</speed><course>354.525311</course><hAcc>1.782236</hAcc><vAcc>1.057957</vAcc></extensions></trkpt>
      <trkpt lon="-82.147101" lat="33.555957"><ele>90.812941</ele><time>2024-05-24T11:20:26Z</time><extensions><speed>1.300010</speed><course>358.976391</course><hAcc>1.831164</hAcc><vAcc>1.060379</vAcc></extensions></trkpt>
      <trkpt lon="-82.147102" lat="33.555968"><ele>90.788717</ele><time>2024-05-24T11:20:27Z</time><extensions><speed>1.179061</speed><course>353.317258</course><hAcc>1.787632</hAcc><vAcc>1.062635</vAcc></extensions></trkpt>
      <trkpt lon="-82.147104" lat="33.555978"><ele>90.768274</ele><time>2024-05-24T11:20:28Z</time><extensions><speed>1.174247</speed><course>352.909373</course><hAcc>1.802755</hAcc><vAcc>1.064642</vAcc></extensions></trkpt>
      <trkpt lon="-82.147106" lat="33.555989"><ele>90.747521</ele><time>2024-05-24T11:20:29Z</time><extensions><speed>1.268118</speed><course>0.893323</course><hAcc>1.849560</hAcc><vAcc>1.066329</vAcc></extensions></trkpt>
      <trkpt lon="-82.147107" lat="33.556000"><ele>90.724436</ele><time>2024-05-24T11:20:30Z</time><extensions><speed>1.179629</speed><course>355.827243</course><hAcc>1.805254</hAcc><vAcc>1.067602</vAcc></extensions></trkpt>
      <trkpt lon="-82.147108" lat="33.556011"><ele>90.698850</ele><time>2024-05-24T11:20:31Z</time><extensions><speed>1.234751</speed><course>2.392648</course><hAcc>1.827643</hAcc><vAcc>1.068454</vAcc></extensions></trkpt>
      <trkpt lon="-82.147109" lat="33.556022"><ele>90.676306</ele><time>2024-05-24T11:20:32Z</time><extensions><speed>1.162379</speed><course>359.884597</course><hAcc>1.775651</hAcc><vAcc>1.068887</vAcc></extensions></trkpt>
      <trkpt lon="-82.147110" lat="33.556032"><ele>90.655477</ele><time>2024-05-24T11:20:33Z</time><extensions><speed>1.155086</speed><course>2.213502</course><hAcc>1.781076</hAcc><vAcc>1.068938</vAcc></extensions></trkpt>
      <trkpt lon="-82.147110" lat="33.556043"><ele>90.633095</ele><time>2024-05-24T11:20:34Z</time><extensions><speed>1.228312</speed><course>10.185627</course><hAcc>1.827303</hAcc><vAcc>1.068593</vAcc></extensions></trkpt>
      <trkpt lon="-82.147110" lat="33.556054"><ele>90.610500</ele><time>2024-05-24T11:20:35Z</time><extensions><speed>1.170853</speed><course>4.812341</course><hAcc>1.784689</hAcc><vAcc>1.067874</vAcc></extensions></trkpt>
      <trkpt lon="-82.147110" lat="33.556066"><ele>90.583700</ele><time>2024-05-24T11:20:36Z</time><extensions><speed>1.205742</speed><course>11.670078</course><hAcc>1.811380</hAcc><vAcc>1.066787</vAcc></extensions></trkpt>
      <trkpt lon="-82.147110" lat="33.556077"><ele>90.558040</ele><time>2024-05-24T11:20:37Z</time><extensions><speed>1.209719</speed><course>1.960058</course><hAcc>1.759594</hAcc><vAcc>1.065346</vAcc></extensions></trkpt>
      <trkpt lon="-82.147112" lat="33.556088"><ele>90.533263</ele><time>2024-05-24T11:20:38Z</time><extensions><speed>1.252623</speed><course>358.436050</course><hAcc>1.769886</hAcc><vAcc>1.063686</vAcc></extensions></trkpt>
      <trkpt lon="-82.147113" lat="33.556100"><ele>90.508516</ele><time>2024-05-24T11:20:39Z</time><extensions><speed>1.251873</speed><course>7.460419</course><hAcc>1.821705</hAcc><vAcc>1.061900</vAcc></extensions></trkpt>
      <trkpt lon="-82.147114" lat="33.556112"><ele>90.479584</ele><time>2024-05-24T11:20:40Z</time><extensions><speed>1.343382</speed><course>356.753137</course><hAcc>1.780294</hAcc><vAcc>1.060062</vAcc></extensions></trkpt>
      <trkpt lon="-82.147116" lat="33.556124"><ele>90.447213</ele><time>2024-05-24T11:20:41Z</time><extensions><speed>1.328659</speed><course>2.810886</course><hAcc>1.811018</hAcc><vAcc>1.058213</vAcc></extensions></trkpt>
      <trkpt lon="-82.147118" lat="33.556137"><ele>90.413197</ele><time>2024-05-24T11:20:42Z</time><extensions><speed>1.409467</speed><course>352.091921</course><hAcc>1.769748</hAcc><vAcc>1.056359</vAcc></extensions></trkpt>
      <trkpt lon="-82.147122" lat="33.556150"><ele>90.377477</ele><time>2024-05-24T11:20:43Z</time><extensions><speed>1.432036</speed><course>350.761507</course><hAcc>1.792437</hAcc><vAcc>1.054509</vAcc></extensions></trkpt>
      <trkpt lon="-82.147124" lat="33.556162"><ele>90.341313</ele><time>2024-05-24T11:20:44Z</time><extensions><speed>1.348027</speed><course>2.037487</course><hAcc>1.849324</hAcc><vAcc>1.052674</vAcc></extensions></trkpt>
      <trkpt lon="-82.147127" lat="33.556175"><ele>90.306270</ele><time>2024-05-24T11:20:45Z</time><extensions><speed>1.566432</speed><course>348.015212</course><hAcc>1.791048</hAcc><vAcc>1.050851</vAcc></extensions></trkpt>
      <trkpt lon="-82.147132" lat="33.556189"><ele>90.271188</ele><time>2024-05-24T11:20:46Z</time><extensions><speed>1.594627</speed><course>348.820621</course><hAcc>1.799995</hAcc><vAcc>1.049025</vAcc></extensions></trkpt>
      <trkpt lon="-82.147135" lat="33.556203"><ele>90.236163</ele><time>2024-05-24T11:20:47Z</time><extensions><speed>1.501626</speed><course>357.193062</course><hAcc>1.849285</hAcc><vAcc>1.047158</vAcc></extensions></trkpt>
      <trkpt lon="-82.147138" lat="33.556217"><ele>90.204104</ele><time>2024-05-24T11:20:48Z</time><extensions><speed>1.565066</speed><course>350.691868</course><hAcc>1.818697</hAcc><vAcc>1.045221</vAcc></extensions></trkpt>
      <trkpt lon="-82.147141" lat="33.556230"><ele>90.175179</ele><time>2024-05-24T11:20:49Z</time><extensions><speed>1.502828</speed><course>358.973538</course><hAcc>1.850062</hAcc><vAcc>1.043170</vAcc></extensions></trkpt>
      <trkpt lon="-82.147143" lat="33.556244"><ele>90.145262</ele><time>2024-05-24T11:20:50Z</time><extensions><speed>1.542366</speed><course>348.828266</course><hAcc>1.793526</hAcc><vAcc>1.041060</vAcc></extensions></trkpt>
      <trkpt lon="-82.147147" lat="33.556257"><ele>90.113901</ele><time>2024-05-24T11:20:51Z</time><extensions><speed>1.528770</speed><course>348.324831</course><hAcc>1.802414</hAcc><vAcc>1.038883</vAcc></extensions></trkpt>
      <trkpt lon="-82.147150" lat="33.556270"><ele>90.083668</ele><time>2024-05-24T11:20:52Z</time><extensions><speed>1.471356</speed><course>358.551190</course><hAcc>1.857611</hAcc><vAcc>1.036639</vAcc></extensions></trkpt>
      <trkpt lon="-82.147151" lat="33.556283"><ele>90.051940</ele><time>2024-05-24T11:20:53Z</time><extensions><speed>1.463140</speed><course>354.768270</course><hAcc>1.826351</hAcc><vAcc>1.034339</vAcc></extensions></trkpt>
      <trkpt lon="-82.147152" lat="33.556296"><ele>90.019175</ele><time>2024-05-24T11:20:54Z</time><extensions><speed>1.470772</speed><course>1.730558</course><hAcc>1.863373</hAcc><vAcc>1.031972</vAcc></extensions></trkpt>
      <trkpt lon="-82.147152" lat="33.556309"><ele>89.981681</ele><time>2024-05-24T11:20:55Z</time><extensions><speed>1.392423</speed><course>354.066415</course><hAcc>1.821273</hAcc><vAcc>1.029516</vAcc></extensions></trkpt>
      <trkpt lon="-82.147154" lat="33.556321"><ele>89.937987</ele><time>2024-05-24T11:20:56Z</time><extensions><speed>1.367797</speed><course>353.690646</course><hAcc>1.853023</hAcc><vAcc>1.027010</vAcc></extensions></trkpt>
      <trkpt lon="-82.147155" lat="33.556333"><ele>89.889931</ele><time>2024-05-24T11:20:57Z</time><extensions><speed>1.391719</speed><course>359.834371</course><hAcc>1.923791</hAcc><vAcc>1.024594</vAcc></extensions></trkpt>
      <trkpt lon="-82.147154" lat="33.556344"><ele>89.839950</ele><time>2024-05-24T11:20:58Z</time><extensions><speed>1.321358</speed><course>0.034457</course><hAcc>1.906260</hAcc><vAcc>1.022372</vAcc></extensions></trkpt>
      <trkpt lon="-82.147153" lat="33.556355"><ele>89.789064</ele><time>2024-05-24T11:20:59Z</time><extensions><speed>1.368256</speed><course>3.425340</course><hAcc>1.939037</hAcc><vAcc>1.020395</vAcc></extensions></trkpt>
      <trkpt lon="-82.147150" lat="33.556366"><ele>89.734966</ele><time>2024-05-24T11:21:00Z</time><extensions><speed>1.183381</speed><course>8.996609</course><hAcc>1.899895</hAcc><vAcc>1.018737</vAcc></extensions></trkpt>
      <trkpt lon="-82.147146" lat="33.556375"><ele>89.676668</ele><time>2024-05-24T11:21:01Z</time><extensions><speed>1.157387</speed><course>22.560339</course><hAcc>1.941984</hAcc><vAcc>1.017505</vAcc></extensions></trkpt>
      <trkpt lon="-82.147140" lat="33.556384"><ele>89.612502</ele><time>2024-05-24T11:21:02Z</time><extensions><speed>1.308905</speed><course>26.969475</course><hAcc>2.029466</hAcc><vAcc>1.016652</vAcc></extensions></trkpt>
      <trkpt lon="-82.147132" lat="33.556394"><ele>89.539312</ele><time>2024-05-24T11:21:03Z</time><extensions><speed>1.205871</speed><course>32.405494</course><hAcc>2.017530</hAcc><vAcc>1.016155</vAcc></extensions></trkpt>
      <trkpt lon="-82.147124" lat="33.556402"><ele>89.456498</ele><time>2024-05-24T11:21:04Z</time><extensions><speed>1.216313</speed><course>36.944178</course><hAcc>2.071485</hAcc><vAcc>1.015993</vAcc></extensions></trkpt>
      <trkpt lon="-82.147114" lat="33.556410"><ele>89.364687</ele><time>2024-05-24T11:21:05Z</time><extensions><speed>1.359473</speed><course>33.088815</course><hAcc>2.159369</hAcc><vAcc>1.016104</vAcc></extensions></trkpt>
      <trkpt lon="-82.147103" lat="33.556417"><ele>89.268486</ele><time>2024-05-24T11:21:06Z</time><extensions><speed>1.296806</speed><course>38.766108</course><hAcc>2.155387</hAcc><vAcc>1.016451</vAcc></extensions></trkpt>
      <trkpt lon="-82.147092" lat="33.556425"><ele>89.169105</ele><time>2024-05-24T11:21:07Z</time><extensions><speed>1.355707</speed><course>33.167717</course><hAcc>2.191429</hAcc><vAcc>1.016959</vAcc></extensions></trkpt>
      <trkpt lon="-82.147081" lat="33.556432"><ele>89.063204</ele><time>2024-05-24T11:21:08Z</time><extensions><speed>1.267519</speed><course>43.747897</course><hAcc>2.139735</hAcc><vAcc>1.017490</vAcc></extensions></trkpt>
      <trkpt lon="-82.147068" lat="33.556437"><ele>88.951948</ele><time>2024-05-24T11:21:09Z</time><extensions><speed>1.277854</speed><course>55.609075</course><hAcc>2.125152</hAcc><vAcc>1.018005</vAcc></extensions></trkpt>
      <trkpt lon="-82.147052" lat="33.556441"><ele>88.838617</ele><time>2024-05-24T11:21:10Z</time><extensions><speed>1.366466</speed><course>65.862724</course><hAcc>2.149042</hAcc><vAcc>1.018436</vAcc></extensions></trkpt>
      <trkpt lon="-82.147034" lat="33.556443"><ele>88.726186</ele><time>2024-05-24T11:21:11Z</time><extensions><speed>1.517827</speed><course>75.221054</course><hAcc>2.186258</hAcc><vAcc>1.018684</vAcc></extensions></trkpt>
      <trkpt lon="-82.147014" lat="33.556445"><ele>88.613718</ele><time>2024-05-24T11:21:12Z</time><extensions><speed>1.593634</speed><course>77.337534</course><hAcc>2.228709</hAcc><vAcc>1.018661</vAcc></extensions></trkpt>
      <trkpt lon="-82.146993" lat="33.556445"><ele>88.498364</ele><time>2024-05-24T11:21:13Z</time><extensions><speed>1.666070</speed><course>79.819405</course><hAcc>2.239280</hAcc><vAcc>1.018299</vAcc></extensions></trkpt>
      <trkpt lon="-82.146972" lat="33.556445"><ele>88.384911</ele><time>2024-05-24T11:21:14Z</time><extensions><speed>1.776792</speed><course>84.192312</course><hAcc>2.217288</hAcc><vAcc>1.017530</vAcc></extensions></trkpt>
      <trkpt lon="-82.146950" lat="33.556444"><ele>88.276731</ele><time>2024-05-24T11:21:15Z</time><extensions><speed>1.803948</speed><course>86.459705</course><hAcc>2.169619</hAcc><vAcc>1.016373</vAcc></extensions></trkpt>
      <trkpt lon="-82.146928" lat="33.556443"><ele>88.169454</ele><time>2024-05-24T11:21:16Z</time><extensions><speed>1.896237</speed><course>85.911515</course><hAcc>2.104493</hAcc><vAcc>1.014840</vAcc></extensions></trkpt>
      <trkpt lon="-82.146906" lat="33.556443"><ele>88.063175</ele><time>2024-05-24T11:21:17Z</time><extensions><speed>1.793530</speed><course>80.923682</course><hAcc>2.060686</hAcc><vAcc>1.012967</vAcc></extensions></trkpt>
      <trkpt lon="-82.146887" lat="33.556445"><ele>87.959181</ele><time>2024-05-24T11:21:18Z</time><extensions><speed>1.521979</speed><course>69.362773</course><hAcc>2.052031</hAcc><vAcc>1.010772</vAcc></extensions></trkpt>
      <trkpt lon="-82.146870" lat="33.556448"><ele>87.860781</ele><time>2024-05-24T11:21:19Z</time><extensions><speed>1.396263</speed><course>79.069127</course><hAcc>1.993566</hAcc><vAcc>1.008304</vAcc></extensions></trkpt>
      <trkpt lon="-82.146855" lat="33.556450"><ele>87.770992</ele><time>2024-05-24T11:21:20Z</time><extensions><speed>1.170708</speed><course>73.755085</course><hAcc>1.977807</hAcc><vAcc>1.005597</vAcc></extensions></trkpt>
      <trkpt lon="-82.146839" lat="33.556453"><ele>87.687499</ele><time>2024-05-24T11:21:21Z</time><extensions><speed>1.670637</speed><course>72.341357</course><hAcc>1.924537</hAcc><vAcc>1.002705</vAcc></extensions></trkpt>
      <trkpt lon="-82.146821" lat="33.556456"><ele>87.608467</ele><time>2024-05-24T11:21:22Z</time><extensions><speed>1.670319</speed><course>76.167267</course><hAcc>1.886543</hAcc><vAcc>0.999659</vAcc></extensions></trkpt>
      <trkpt lon="-82.146804" lat="33.556460"><ele>87.534323</ele><time>2024-05-24T11:21:23Z</time><extensions><speed>1.496009</speed><course>67.326444</course><hAcc>1.894463</hAcc><vAcc>0.996530</vAcc></extensions></trkpt>
      <trkpt lon="-82.146788" lat="33.556465"><ele>87.460817</ele><time>2024-05-24T11:21:24Z</time><extensions><speed>1.461716</speed><course>69.932076</course><hAcc>1.857864</hAcc><vAcc>0.993359</vAcc></extensions></trkpt>
      <trkpt lon="-82.146774" lat="33.556469"><ele>87.393245</ele><time>2024-05-24T11:21:25Z</time><extensions><speed>1.279725</speed><course>61.528854</course><hAcc>1.869040</hAcc><vAcc>0.990188</vAcc></extensions></trkpt>
      <trkpt lon="-82.146760" lat="33.556475"><ele>87.330493</ele><time>2024-05-24T11:21:26Z</time><extensions><speed>1.402797</speed><course>67.798962</course><hAcc>1.814339</hAcc><vAcc>0.987047</vAcc></extensions></trkpt>
      <trkpt lon="-82.146746" lat="33.556479"><ele>87.274684</ele><time>2024-05-24T11:21:27Z</time><extensions><speed>1.397887</speed><course>65.807487</course><hAcc>1.813162</hAcc><vAcc>0.983967</vAcc></extensions></trkpt>
      <trkpt lon="-82.146732" lat="33.556485"><ele>87.222268</ele><time>2024-05-24T11:21:28Z</time><extensions><speed>1.280246</speed><course>54.429847</course><hAcc>1.854878</hAcc><vAcc>0.980987</vAcc></extensions></trkpt>
      <trkpt lon="-82.146720" lat="33.556492"><ele>87.172702</ele><time>2024-05-24T11:21:29Z</time><extensions><speed>1.365046</speed><course>60.253932</course><hAcc>1.811764</hAcc><vAcc>0.978174</vAcc></extensions></trkpt>
      <trkpt lon="-82.146707" lat="33.556498"><ele>87.125207</ele><time>2024-05-24T11:21:30Z</time><extensions><speed>1.315608</speed><course>56.132522</course><hAcc>1.832091</hAcc><vAcc>0.975642</vAcc></extensions></trkpt>
      <trkpt lon="-82.146694" lat="33.556505"><ele>87.080782</ele><time>2024-05-24T11:21:31Z</time><extensions><speed>1.445863</speed><course>57.963736</course><hAcc>1.793342</hAcc><vAcc>0.973431</vAcc></extensions></trkpt>
      <trkpt lon="-82.146681" lat="33.556512"><ele>87.037137</ele><time>2024-05-24T11:21:32Z</time><extensions><speed>1.443590</speed><course>57.608657</course><hAcc>1.796862</hAcc><vAcc>0.971563</vAcc></extensions></trkpt>
      <trkpt lon="-82.146668" lat="33.556519"><ele>86.994032</ele><time>2024-05-24T11:21:33Z</time><extensions><speed>1.365273</speed><course>55.133584</course><hAcc>1.828096</hAcc><vAcc>0.970077</vAcc></extensions></trkpt>
      <trkpt lon="-82.146656" lat="33.556527"><ele>86.948714</ele><time>2024-05-24T11:21:34Z</time><extensions><speed>1.440896</speed><course>54.190118</course><hAcc>1.797486</hAcc><vAcc>0.968982</vAcc></extensions></trkpt>
      <trkpt lon="-82.146644" lat="33.556535"><ele>86.902572</ele><time>2024-05-24T11:21:35Z</time><extensions><speed>1.458129</speed><course>53.346978</course><hAcc>1.802926</hAcc><vAcc>0.968298</vAcc></extensions></trkpt>
      <trkpt lon="-82.146632" lat="33.556543"><ele>86.854588</ele><time>2024-05-24T11:21:36Z</time><extensions><speed>1.404697</speed><course>51.647740</course><hAcc>1.835809</hAcc><vAcc>0.968029</vAcc></extensions></trkpt>
      <trkpt lon="-82.146621" lat="33.556552"><ele>86.805050</ele><time>2024-05-24T11:21:37Z</time><extensions><speed>1.439772</speed><course>50.750747</course><hAcc>1.816160</hAcc><vAcc>0.968166</vAcc></extensions></trkpt>
      <trkpt lon="-82.146610" lat="33.556560"><ele>86.754912</ele><time>2024-05-24T11:21:38Z</time><extensions><speed>1.402770</speed><course>49.757429</course><hAcc>1.843218</hAcc><vAcc>0.968693</vAcc></extensions></trkpt>
      <trkpt lon="-82.146599" lat="33.556569"><ele>86.705168</ele><time>2024-05-24T11:21:39Z</time><extensions><speed>1.414885</speed><course>48.502150</course><hAcc>1.793212</hAcc><vAcc>0.969565</vAcc></extensions></trkpt>
      <trkpt lon="-82.146588" lat="33.556577"><ele>86.652603</ele><time>2024-05-24T11:21:40Z</time><extensions><speed>1.391273</speed><course>47.429067</course><hAcc>1.794796</hAcc><vAcc>0.970716</vAcc></extensions></trkpt>
      <trkpt lon="-82.146578" lat="33.556586"><ele>86.597248</ele><time>2024-05-24T11:21:41Z</time><extensions><speed>1.378189</speed><course>48.562395</course><hAcc>1.839559</hAcc><vAcc>0.972082</vAcc></extensions></trkpt>
      <trkpt lon="-82.146567" lat="33.556594"><ele>86.541756</ele><time>2024-05-24T11:21:42Z</time><extensions><speed>1.365182</speed><course>50.722959</course><hAcc>1.802824</hAcc><vAcc>0.973551</vAcc></extensions></trkpt>
      <trkpt lon="-82.146555" lat="33.556601"><ele>86.487436</ele><time>2024-05-24T11:21:43Z</time><extensions><speed>1.382831</speed><course>56.980352</course><hAcc>1.829427</hAcc><vAcc>0.975056</vAcc></extensions></trkpt>
      <trkpt lon="-82.146544" lat="33.556608"><ele>86.431336</ele><time>2024-05-24T11:21:44Z</time><extensions><speed>1.323636</speed><course>53.809520</course><hAcc>1.775561</hAcc><vAcc>0.976517</vAcc></extensions></trkpt>
      <trkpt lon="-82.146532" lat="33.556615"><ele>86.372077</ele><time>2024-05-24T11:21:45Z</time><extensions><speed>1.293943</speed><course>56.045007</course><hAcc>1.786958</hAcc><vAcc>0.977838</vAcc></extensions></trkpt>
      <trkpt lon="-82.146520" lat="33.556621"><ele>86.310612</ele><time>2024-05-24T11:21:46Z</time><extensions><speed>1.341093</speed><course>59.157364</course><hAcc>1.823203</hAcc><vAcc>0.978958</vAcc></extensions></trkpt>
      <trkpt lon="-82.146508" lat="33.556627"><ele>86.244759</ele><time>2024-05-24T11:21:47Z</time><extensions><speed>1.262301</speed><course>58.996473</course><hAcc>1.786912</hAcc><vAcc>0.979832</vAcc></extensions></trkpt>
      <trkpt lon="-82.146497" lat="33.556633"><ele>86.175356</ele><time>2024-05-24T11:21:48Z</time><extensions><speed>1.292471</speed><course>60.414627</course><hAcc>1.807007</hAcc><vAcc>0.980418</vAcc></extensions></trkpt>
      <trkpt lon="-82.146485" lat="33.556639"><ele>86.104840</ele><time>2024-05-24T11:21:49Z</time><extensions><speed>1.215622</speed><course>60.922222</course><hAcc>1.774346</hAcc><vAcc>0.980686</vAcc></extensions></trkpt>
      <trkpt lon="-82.146474" lat="33.556644"><ele>86.035311</ele><time>2024-05-24T11:21:50Z</time><extensions><speed>1.193317</speed><course>62.682286</course><hAcc>1.782757</hAcc><vAcc>0.980614</vAcc></extensions></trkpt>
      <trkpt lon="-82.146463" lat="33.556649"><ele>85.965704</ele><time>2024-05-24T11:21:51Z</time><extensions><speed>1.243564</speed><course>63.081875</course><hAcc>1.823287</hAcc><vAcc>0.980228</vAcc></extensions></trkpt>
      <trkpt lon="-82.146451" lat="33.556655"><ele>85.894727</ele><time>2024-05-24T11:21:52Z</time><extensions><speed>1.206062</speed><course>61.905881</course><hAcc>1.766924</hAcc><vAcc>0.979562</vAcc></extensions></trkpt>
      <trkpt lon="-82.146440" lat="33.556660"><ele>85.820464</ele><time>2024-05-24T11:21:53Z</time><extensions><speed>1.208833</speed><course>61.075966</course><hAcc>1.767475</hAcc><vAcc>0.978638</vAcc></extensions></trkpt>
      <trkpt lon="-82.146428" lat="33.556665"><ele>85.742085</ele><time>2024-05-24T11:21:54Z</time><extensions><speed>1.249080</speed><course>61.979963</course><hAcc>1.808877</hAcc><vAcc>0.977481</vAcc></extensions></trkpt>
      <trkpt lon="-82.146417" lat="33.556671"><ele>85.662371</ele><time>2024-05-24T11:21:55Z</time><extensions><speed>1.263864</speed><course>59.331577</course><hAcc>1.769351</hAcc><vAcc>0.976138</vAcc></extensions></trkpt>
      <trkpt lon="-82.146405" lat="33.556677"><ele>85.583261</ele><time>2024-05-24T11:21:56Z</time><extensions><speed>1.288763</speed><course>58.429783</course><hAcc>1.786164</hAcc><vAcc>0.974641</vAcc></extensions></trkpt>
      <trkpt lon="-82.146393" lat="33.556683"><ele>85.506110</ele><time>2024-05-24T11:21:57Z</time><extensions><speed>1.270862</speed><course>54.440845</course><hAcc>1.731493</hAcc><vAcc>0.973023</vAcc></extensions></trkpt>
      <trkpt lon="-82.146382" lat="33.556690"><ele>85.430154</ele><time>2024-05-24T11:21:58Z</time><extensions><speed>1.267978</speed><course>53.358877</course><hAcc>1.739881</hAcc><vAcc>0.971339</vAcc></extensions></trkpt>
      <trkpt lon="-82.146372" lat="33.556696"><ele>85.355635</ele><time>2024-05-24T11:21:59Z</time><extensions><speed>1.268583</speed><course>54.059621</course><hAcc>1.784625</hAcc><vAcc>0.969641</vAcc></extensions></trkpt>
      <trkpt lon="-82.146361" lat="33.556703"><ele>85.281743</ele><time>2024-05-24T11:22:00Z</time><extensions><speed>1.261048</speed><course>53.330758</course><hAcc>1.747166</hAcc><vAcc>0.967944</vAcc></extensions></trkpt>
      <trkpt lon="-82.146350" lat="33.556710"><ele>85.212355</ele><time>2024-05-24T11:22:01Z</time><extensions><speed>1.268477</speed><course>52.688627</course><hAcc>1.764670</hAcc><vAcc>0.966271</vAcc></extensions></trkpt>
      <trkpt lon="-82.146340" lat="33.556717"><ele>85.144608</ele><time>2024-05-24T11:22:02Z</time><extensions><speed>1.257041</speed><course>52.655995</course><hAcc>1.719049</hAcc><vAcc>0.964649</vAcc></extensions></trkpt>
      <trkpt lon="-82.146329" lat="33.556724"><ele>85.077571</ele><time>2024-05-24T11:22:03Z</time><extensions><speed>1.248294</speed><course>53.198824</course><hAcc>1.723871</hAcc><vAcc>0.963078</vAcc></extensions></trkpt>
      <trkpt lon="-82.146319" lat="33.556730"><ele>85.009534</ele><time>2024-05-24T11:22:04Z</time><extensions><speed>1.263142</speed><course>53.987889</course><hAcc>1.767104</hAcc><vAcc>0.961568</vAcc></extensions></trkpt>
      <trkpt lon="-82.146308" lat="33.556737"><ele>84.936978</ele><time>2024-05-24T11:22:05Z</time><extensions><speed>1.255370</speed><course>52.450231</course><hAcc>1.729536</hAcc><vAcc>0.960149</vAcc></extensions></trkpt>
      <trkpt lon="-82.146297" lat="33.556744"><ele>84.862550</ele><time>2024-05-24T11:22:06Z</time><extensions><speed>1.275202</speed><course>51.603126</course><hAcc>1.756317</hAcc><vAcc>0.958822</vAcc></extensions></trkpt>
      <trkpt lon="-82.146287" lat="33.556751"><ele>84.789029</ele><time>2024-05-24T11:22:07Z</time><extensions><speed>1.246022</speed><course>51.181467</course><hAcc>1.715509</hAcc><vAcc>0.957599</vAcc></extensions></trkpt>
      <trkpt lon="-82.146276" lat="33.556758"><ele>84.717036</ele><time>2024-05-24T11:22:08Z</time><extensions><speed>1.236994</speed><course>50.340038</course><hAcc>1.724511</hAcc><vAcc>0.956477</vAcc></extensions></trkpt>
      <trkpt lon="-82.146266" lat="33.556765"><ele>84.646290</ele><time>2024-05-24T11:22:09Z</time><extensions><speed>1.258949</speed><course>49.580801</course><hAcc>1.767825</hAcc><vAcc>0.955475</vAcc></extensions></trkpt>
      <trkpt lon="-82.146256" lat="33.556772"><ele>84.576241</ele><time>2024-05-24T11:22:10Z</time><extensions><speed>1.211847</speed><course>47.849971</course><hAcc>1.722262</hAcc><vAcc>0.954614</vAcc></extensions></trkpt>
      <trkpt lon="-82.146246" lat="33.556779"><ele>84.513731</ele><time>2024-05-24T11:22:11Z</time><extensions><speed>1.199233</speed><course>46.859609</course><hAcc>1.753097</hAcc><vAcc>0.965909</vAcc></extensions></trkpt>
      <trkpt lon="-82.146237" lat="33.556787"><ele>84.451861</ele><time>2024-05-24T11:22:12Z</time><extensions><speed>1.208151</speed><course>45.164761</course><hAcc>1.819134</hAcc><vAcc>0.983136</vAcc></extensions></trkpt>
      <trkpt lon="-82.146228" lat="33.556794"><ele>84.390598</ele><time>2024-05-24T11:22:13Z</time><extensions><speed>1.176207</speed><course>46.067100</course><hAcc>1.820973</hAcc><vAcc>1.008496</vAcc></extensions></trkpt>
      <trkpt lon="-82.146219" lat="33.556802"><ele>84.329988</ele><time>2024-05-24T11:22:14Z</time><extensions><speed>1.177570</speed><course>44.963820</course><hAcc>1.871627</hAcc><vAcc>1.044581</vAcc></extensions></trkpt>
      <trkpt lon="-82.146210" lat="33.556809"><ele>84.270151</ele><time>2024-05-24T11:22:15Z</time><extensions><speed>1.201699</speed><course>45.732713</course><hAcc>1.874150</hAcc><vAcc>1.094236</vAcc></extensions></trkpt>
      <trkpt lon="-82.146200" lat="33.556817"><ele>84.211221</ele><time>2024-05-24T11:22:16Z</time><extensions><speed>1.205065</speed><course>46.950902</course><hAcc>1.946887</hAcc><vAcc>1.160347</vAcc></extensions></trkpt>
      <trkpt lon="-82.146191" lat="33.556824"><ele>84.153274</ele><time>2024-05-24T11:22:17Z</time><extensions><speed>1.200459</speed><course>46.299243</course><hAcc>2.031162</hAcc><vAcc>1.245587</vAcc></extensions></trkpt>
      <trkpt lon="-82.146181" lat="33.556831"><ele>84.096279</ele><time>2024-05-24T11:22:18Z</time><extensions><speed>1.184960</speed><course>53.769239</course><hAcc>2.060068</hAcc><vAcc>1.352186</vAcc></extensions></trkpt>
      <trkpt lon="-82.146171" lat="33.556837"><ele>84.040085</ele><time>2024-05-24T11:22:19Z</time><extensions><speed>1.165221</speed><course>55.014897</course><hAcc>2.131351</hAcc><vAcc>1.481778</vAcc></extensions></trkpt>
      <trkpt lon="-82.146160" lat="33.556843"><ele>83.984440</ele><time>2024-05-24T11:22:20Z</time><extensions><speed>1.164207</speed><course>56.068861</course><hAcc>2.182506</hAcc><vAcc>1.635331</vAcc></extensions></trkpt>
    </trkseg>
  </trk>
</gpx>