<?xml version="1.0" encoding="UTF-8"?>
<gpx version="1.1" creator="Apple Health Export" xmlns="http://www.topografix.com/GPX/1/1" xmlns:xsi="http://www.w3.org/2001/XMLSchema-instance" xsi:schemaLocation="http://www.topografix.com/GPX/1/1 http://www.topografix.com/GPX/1/1/gpx.xsd">
  <metadata>
    <time>2026-03-14T12:17:04Z</time>
  </metadata>
  <trk>
    <name>Route 2025-09-14 11:27am</name>
    <trkseg>
      <trkpt lon="-82.145780" lat="33.556751"><ele>81.810312</ele><time>2025-09-14T14:20:54Z</time><extensions><speed>0.000000</speed><course>359.435139</course><hAcc>6.249573</hAcc><vAcc>17.917296</vAcc></extensions></trkpt>
      <trkpt lon="-82.145780" lat="33.556751"><ele>81.810312</ele><time>2025-09-14T14:20:55Z</time><extensions><speed>0.000000</speed><course>359.432644</course><hAcc>5.820504</hAcc><vAcc>16.590107</vAcc></extensions></trkpt>
      <trkpt lon="-82.145780" lat="33.556751"><ele>81.810312</ele><time>2025-09-14T14:20:56Z</time><extensions><speed>0.000000</speed><course>359.440242</course><hAcc>5.489767</hAcc><vAcc>15.523100</vAcc></extensions></trkpt>
      <trkpt lon="-82.145780" lat="33.556751"><ele>81.810312</ele><time>2025-09-14T14:20:57Z</time><extensions><speed>0.000000</speed><course>359.431079</course><hAcc>5.222131</hAcc><vAcc>15.149112</vAcc></extensions></trkpt>
      <trkpt lon="-82.145780" lat="33.556751"><ele>81.810312</ele><time>2025-09-14T14:20:58Z</time><extensions><speed>0.000000</speed><course>359.420246</course><hAcc>5.014064</hAcc><vAcc>14.253999</vAcc></extensions></trkpt>
      <trkpt lon="-82.145780" lat="33.556751"><ele>81.810312</ele><time>2025-09-14T14:20:59Z</time><extensions><speed>0.000000</speed><course>359.404376</course><hAcc>4.820674</hAcc><vAcc>14.110058</vAcc></extensions></trkpt>
      <trkpt lon="-82.145780" lat="33.556751"><ele>81.810312</ele><time>2025-09-14T14:21:00Z</time><extensions><speed>0.000000</speed><course>359.390562</course><hAcc>4.654260</hAcc><vAcc>13.991585</vAcc></extensions></trkpt>
      <trkpt lon="-82.145780" lat="33.556751"><ele>81.810312</ele><time>2025-09-14T14:21:01Z</time><extensions><speed>0.000000</speed><course>359.373427</course><hAcc>4.549410</hAcc><vAcc>12.416382</vAcc></extensions></trkpt>
      <trkpt lon="-82.145780" lat="33.556751"><ele>81.810312</ele><time>2025-09-14T14:21:02Z</time><extensions><speed>0.000000</speed><course>359.359798</course><hAcc>4.477576</hAcc><vAcc>12.145932</vAcc></extensions></trkpt>
      <trkpt lon="-82.145787" lat="33.556750"><ele>81.813415</ele><time>2025-09-14T14:21:03Z</time><extensions><speed>0.095418</speed><course>260.645662</course><hAcc>4.396346</hAcc><vAcc>11.734496</vAcc></extensions></trkpt>
      <trkpt lon="-82.145797" lat="33.556749"><ele>82.049283</ele><time>2025-09-14T14:21:04Z</time><extensions><speed>0.233551</speed><course>260.354400</course><hAcc>4.299509</hAcc><vAcc>10.357541</vAcc></extensions></trkpt>
      <trkpt lon="-82.145806" lat="33.556747"><ele>82.083447</ele><time>2025-09-14T14:21:05Z</time><extensions><speed>0.381670</speed><course>260.201263</course><hAcc>4.212946</hAcc><vAcc>10.172054</vAcc></extensions></trkpt>
      <trkpt lon="-82.145817" lat="33.556746"><ele>82.097980</ele><time>2025-09-14T14:21:06Z</time><extensions><speed>0.530056</speed><course>259.967755</course><hAcc>4.148831</hAcc><vAcc>10.096089</vAcc></extensions></trkpt>
      <trkpt lon="-82.145828" lat="33.556744"><ele>82.106831</ele><time>2025-09-14T14:21:07Z</time><extensions><speed>0.596345</speed><course>259.719509</course><hAcc>4.118438</hAcc><vAcc>10.054661</vAcc></extensions></trkpt>
      <trkpt lon="-82.145840" lat="33.556742"><ele>82.115994</ele><time>2025-09-14T14:21:08Z</time><extensions><speed>0.694405</speed><course>259.308809</course><hAcc>4.096142</hAcc><vAcc>10.018916</vAcc></extensions></trkpt>
      <trkpt lon="-82.145851" lat="33.556740"><ele>82.123353</ele><time>2025-09-14T14:21:09Z</time><extensions><speed>0.652261</speed><course>259.171030</course><hAcc>4.090671</hAcc><vAcc>9.996697</vAcc></extensions></trkpt>
      <trkpt lon="-82.145862" lat="33.556738"><ele>82.182037</ele><time>2025-09-14T14:21:10Z</time><extensions><speed>0.762336</speed><course>259.287526</course><hAcc>4.053315</hAcc><vAcc>9.767833</vAcc></extensions></trkpt>
      <trkpt lon="-82.145877" lat="33.556737"><ele>82.526386</ele><time>2025-09-14T14:21:11Z</time><extensions><speed>0.998945</speed><course>260.045586</course><hAcc>3.996487</hAcc><vAcc>7.906135</vAcc></extensions></trkpt>
      <trkpt lon="-82.145911" lat="33.556733"><ele>82.771030</ele><time>2025-09-14T14:21:12Z</time><extensions><speed>1.473609</speed><course>260.685933</course><hAcc>3.820594</hAcc><vAcc>5.405187</vAcc></extensions></trkpt>
      <trkpt lon="-82.145943" lat="33.556727"><ele>83.083668</ele><time>2025-09-14T14:21:13Z</time><extensions><speed>1.949784</speed><course>260.285747</course><hAcc>3.667368</hAcc><vAcc>4.626545</vAcc></extensions></trkpt>
      <trkpt lon="-82.145974" lat="33.556721"><ele>83.935163</ele><time>2025-09-14T14:21:14Z</time><extensions><speed>1.893276</speed><course>258.385793</course><hAcc>3.533567</hAcc><vAcc>4.074971</vAcc></extensions></trkpt>
      <trkpt lon="-82.146001" lat="33.556715"><ele>84.032798</ele><time>2025-09-14T14:21:15Z</time><extensions><speed>2.123581</speed><course>256.920130</course><hAcc>3.376249</hAcc><vAcc>3.609853</vAcc></extensions></trkpt>
      <trkpt lon="-82.146025" lat="33.556711"><ele>83.623735</ele><time>2025-09-14T14:21:16Z</time><extensions><speed>1.900319</speed><course>257.528635</course><hAcc>3.225252</hAcc><vAcc>3.245168</vAcc></extensions></trkpt>
      <trkpt lon="-82.146045" lat="33.556707"><ele>82.968319</ele><time>2025-09-14T14:21:17Z</time><extensions><speed>1.742429</speed><course>257.951411</course><hAcc>3.079358</hAcc><vAcc>2.893775</vAcc></extensions></trkpt>
      <trkpt lon="-82.146063" lat="33.556704"><ele>82.686354</ele><time>2025-09-14T14:21:18Z</time><extensions><speed>1.516791</speed><course>258.384204</course><hAcc>2.935027</hAcc><vAcc>2.628725</vAcc></extensions></trkpt>
      <trkpt lon="-82.146079" lat="33.556702"><ele>82.523006</ele><time>2025-09-14T14:21:19Z</time><extensions><speed>1.503562</speed><course>258.463588</course><hAcc>2.769044</hAcc><vAcc>2.414552</vAcc></extensions></trkpt>
      <trkpt lon="-82.146094" lat="33.556699"><ele>82.438235</ele><time>2025-09-14T14:21:20Z</time><extensions><speed>1.401931</speed><course>257.950170</course><hAcc>2.611468</hAcc><vAcc>2.225058</vAcc></extensions></trkpt>
      <trkpt lon="-82.146107" lat="33.556697"><ele>82.366526</ele><time>2025-09-14T14:21:21Z</time><extensions><speed>0.975750</speed><course>255.704481</course><hAcc>2.517442</hAcc><vAcc>2.056090</vAcc></extensions></trkpt>
      <trkpt lon="-82.146123" lat="33.556692"><ele>82.269163</ele><time>2025-09-14T14:21:22Z</time><extensions><speed>1.316108</speed><course>246.374809</course><hAcc>2.440105</hAcc><vAcc>1.847147</vAcc></extensions></trkpt>
      <trkpt lon="-82.146138" lat="33.556686"><ele>82.196325</ele><time>2025-09-14T14:21:23Z</time><extensions><speed>1.837577</speed><course>246.133119</course><hAcc>2.245272</hAcc><vAcc>1.697867</vAcc></extensions></trkpt>
      <trkpt lon="-82.146157" lat="33.556679"><ele>82.140353</ele><time>2025-09-14T14:21:24Z</time><extensions><speed>1.990490</speed><course>244.835836</course><hAcc>1.986880</hAcc><vAcc>1.559807</vAcc></extensions></trkpt>
      <trkpt lon="-82.146174" lat="33.556672"><ele>82.097256</ele><time>2025-09-14T14:21:25Z</time><extensions><speed>1.524576</speed><course>242.715221</course><hAcc>1.849262</hAcc><vAcc>1.432893</vAcc></extensions></trkpt>
      <trkpt lon="-82.146188" lat="33.556666"><ele>82.066553</ele><time>2025-09-14T14:21:26Z</time><extensions><speed>1.363030</speed><course>238.960078</course><hAcc>1.740038</hAcc><vAcc>1.317568</vAcc></extensions></trkpt>
      <trkpt lon="-82.146200" lat="33.556660"><ele>82.043568</ele><time>2025-09-14T14:21:27Z</time><extensions><speed>1.240433</speed><course>241.710014</course><hAcc>1.634776</hAcc><vAcc>1.214373</vAcc></extensions></trkpt>
      <trkpt lon="-82.146212" lat="33.556655"><ele>82.026081</ele><time>2025-09-14T14:21:28Z</time><extensions><speed>1.170821</speed><course>243.366974</course><hAcc>1.582908</hAcc><vAcc>1.123776</vAcc></extensions></trkpt>
      <trkpt lon="-82.146222" lat="33.556650"><ele>82.007787</ele><time>2025-09-14T14:21:29Z</time><extensions><speed>1.014199</speed><course>241.872801</course><hAcc>1.549585</hAcc><vAcc>1.045941</vAcc></extensions></trkpt>
      <trkpt lon="-82.146231" lat="33.556646"><ele>81.986151</ele><time>2025-09-14T14:21:30Z</time><extensions><speed>0.895103</speed><course>236.628603</course><hAcc>1.536633</hAcc><vAcc>0.980607</vAcc></extensions></trkpt>
      <trkpt lon="-82.146238" lat="33.556641"><ele>81.960862</ele><time>2025-09-14T14:21:31Z</time><extensions><speed>0.827120</speed><course>230.744866</course><hAcc>1.536696</hAcc><vAcc>0.927072</vAcc></extensions></trkpt>
      <trkpt lon="-82.146245" lat="33.556637"><ele>81.930376</ele><time>2025-09-14T14:21:32Z</time><extensions><speed>0.788886</speed><course>226.166136</course><hAcc>1.544494</hAcc><vAcc>0.884220</vAcc></extensions></trkpt>
      <trkpt lon="-82.146251" lat="33.556632"><ele>81.891237</ele><time>2025-09-14T14:21:33Z</time><extensions><speed>0.749613</speed><course>222.617544</course><hAcc>1.556064</hAcc><vAcc>0.850804</vAcc></extensions></trkpt>
      <trkpt lon="-82.146254" lat="33.556627"><ele>81.854851</ele><time>2025-09-14T14:21:34Z</time><extensions><speed>0.465190</speed><course>206.489306</course><hAcc>1.545624</hAcc><vAcc>0.825283</vAcc></extensions></trkpt>
      <trkpt lon="-82.146258" lat="33.556623"><ele>81.820327</ele><time>2025-09-14T14:21:35Z</time><extensions><speed>0.694764</speed><course>215.102928</course><hAcc>1.532432</hAcc><vAcc>0.806182</vAcc></extensions></trkpt>
      <trkpt lon="-82.146263" lat="33.556617"><ele>81.787782</ele><time>2025-09-14T14:21:36Z</time><extensions><speed>0.855674</speed><course>220.139492</course><hAcc>1.524553</hAcc><vAcc>0.792223</vAcc></extensions></trkpt>
      <trkpt lon="-82.146270" lat="33.556612"><ele>81.764785</ele><time>2025-09-14T14:21:37Z</time><extensions><speed>0.960948</speed><course>232.031256</course><hAcc>1.519377</hAcc><vAcc>0.782260</vAcc></extensions></trkpt>
      <trkpt lon="-82.146279" lat="33.556607"><ele>81.745936</ele><time>2025-09-14T14:21:38Z</time><extensions><speed>1.123786</speed><course>241.673561</course><hAcc>1.513352</hAcc><vAcc>0.775310</vAcc></extensions></trkpt>
      <trkpt lon="-82.146291" lat="33.556602"><ele>81.740262</ele><time>2025-09-14T14:21:39Z</time><extensions><speed>1.267326</speed><course>246.018122</course><hAcc>1.509375</hAcc><vAcc>0.770566</vAcc></extensions></trkpt>
      <trkpt lon="-82.146303" lat="33.556597"><ele>81.743727</ele><time>2025-09-14T14:21:40Z</time><extensions><speed>1.308211</speed><course>245.158455</course><hAcc>1.508675</hAcc><vAcc>0.767385</vAcc></extensions></trkpt>
      <trkpt lon="-82.146316" lat="33.556592"><ele>81.759942</ele><time>2025-09-14T14:21:41Z</time><extensions><speed>1.289928</speed><course>241.339536</course><hAcc>1.506420</hAcc><vAcc>0.765268</vAcc></extensions></trkpt>
      <trkpt lon="-82.146328" lat="33.556586"><ele>81.793961</ele><time>2025-09-14T14:21:42Z</time><extensions><speed>1.191557</speed><course>238.344959</course><hAcc>1.504099</hAcc><vAcc>0.763836</vAcc></extensions></trkpt>
      <trkpt lon="-82.146338" lat="33.556581"><ele>81.835312</ele><time>2025-09-14T14:21:43Z</time><extensions><speed>1.028163</speed><course>237.362618</course><hAcc>1.499084</hAcc><vAcc>0.764208</vAcc></extensions></trkpt>
      <trkpt lon="-82.146346" lat="33.556577"><ele>81.895699</ele><time>2025-09-14T14:21:44Z</time><extensions><speed>0.770195</speed><course>235.773672</course><hAcc>1.494525</hAcc><vAcc>0.765483</vAcc></extensions></trkpt>
      <trkpt lon="-82.146352" lat="33.556573"><ele>81.978912</ele><time>2025-09-14T14:21:45Z</time><extensions><speed>0.565155</speed><course>241.587844</course><hAcc>1.486290</hAcc><vAcc>0.767803</vAcc></extensions></trkpt>
      <trkpt lon="-82.146357" lat="33.556571"><ele>82.070847</ele><time>2025-09-14T14:21:46Z</time><extensions><speed>0.473110</speed><course>234.992166</course><hAcc>1.476540</hAcc><vAcc>0.771750</vAcc></extensions></trkpt>
      <trkpt lon="-82.146360" lat="33.556568"><ele>82.179245</ele><time>2025-09-14T14:21:47Z</time><extensions><speed>0.471608</speed><course>221.815295</course><hAcc>1.467243</hAcc><vAcc>0.777511</vAcc></extensions></trkpt>
      <trkpt lon="-82.146364" lat="33.556565"><ele>82.312960</ele><time>2025-09-14T14:21:48Z</time><extensions><speed>0.492432</speed><course>214.226990</course><hAcc>1.461598</hAcc><vAcc>0.784322</vAcc></extensions></trkpt>
      <trkpt lon="-82.146367" lat="33.556561"><ele>82.492876</ele><time>2025-09-14T14:21:49Z</time><extensions><speed>0.523784</speed><course>210.565784</course><hAcc>1.459071</hAcc><vAcc>0.792166</vAcc></extensions></trkpt>
      <trkpt lon="-82.146369" lat="33.556557"><ele>82.678175</ele><time>2025-09-14T14:21:50Z</time><extensions><speed>0.485295</speed><course>215.630781</course><hAcc>1.462169</hAcc><vAcc>0.801656</vAcc></extensions></trkpt>
      <trkpt lon="-82.146373" lat="33.556554"><ele>82.850554</ele><time>2025-09-14T14:21:51Z</time><extensions><speed>0.425760</speed><course>227.990644</course><hAcc>1.471427</hAcc><vAcc>0.812454</vAcc></extensions></trkpt>
      <trkpt lon="-82.146376" lat="33.556552"><ele>83.033505</ele><time>2025-09-14T14:21:52Z</time><extensions><speed>0.437772</speed><course>234.362648</course><hAcc>1.480825</hAcc><vAcc>0.822970</vAcc></extensions></trkpt>
      <trkpt lon="-82.146380" lat="33.556549"><ele>83.210456</ele><time>2025-09-14T14:21:53Z</time><extensions><speed>0.477423</speed><course>236.080146</course><hAcc>1.484472</hAcc><vAcc>0.834595</vAcc></extensions></trkpt>
      <trkpt lon="-82.146385" lat="33.556547"><ele>83.382801</ele><time>2025-09-14T14:21:54Z</time><extensions><speed>0.500109</speed><course>237.075455</course><hAcc>1.482511</hAcc><vAcc>0.846081</vAcc></extensions></trkpt>
      <trkpt lon="-82.146389" lat="33.556544"><ele>83.557393</ele><time>2025-09-14T14:21:55Z</time><extensions><speed>0.523998</speed><course>238.051856</course><hAcc>1.480626</hAcc><vAcc>0.855899</vAcc></extensions></trkpt>
      <trkpt lon="-82.146394" lat="33.556542"><ele>83.739894</ele><time>2025-09-14T14:21:56Z</time><extensions><speed>0.535825</speed><course>235.797513</course><hAcc>1.484266</hAcc><vAcc>0.863197</vAcc></extensions></trkpt>
      <trkpt lon="-82.146399" lat="33.556539"><ele>83.931466</ele><time>2025-09-14T14:21:57Z</time><extensions><speed>0.543382</speed><course>224.968344</course><hAcc>1.461873</hAcc><vAcc>0.870376</vAcc></extensions></trkpt>
      <trkpt lon="-82.146403" lat="33.556534"><ele>84.103039</ele><time>2025-09-14T14:21:58Z</time><extensions><speed>0.783896</speed><course>217.123597</course><hAcc>1.442927</hAcc><vAcc>0.876186</vAcc></extensions></trkpt>
      <trkpt lon="-82.146409" lat="33.556528"><ele>84.258901</ele><time>2025-09-14T14:21:59Z</time><extensions><speed>0.908308</speed><course>224.090760</course><hAcc>1.445534</hAcc><vAcc>0.880276</vAcc></extensions></trkpt>
      <trkpt lon="-82.146418" lat="33.556523"><ele>84.408040</ele><time>2025-09-14T14:22:00Z</time><extensions><speed>1.042893</speed><course>239.294626</course><hAcc>1.438893</hAcc><vAcc>0.883223</vAcc></extensions></trkpt>
      <trkpt lon="-82.146428" lat="33.556518"><ele>84.549786</ele><time>2025-09-14T14:22:01Z</time><extensions><speed>1.124536</speed><course>246.750383</course><hAcc>1.444261</hAcc><vAcc>0.885305</vAcc></extensions></trkpt>
      <trkpt lon="-82.146439" lat="33.556515"><ele>84.660398</ele><time>2025-09-14T14:22:02Z</time><extensions><speed>1.101308</speed><course>248.651935</course><hAcc>1.448435</hAcc><vAcc>0.886528</vAcc></extensions></trkpt>
      <trkpt lon="-82.146450" lat="33.556511"><ele>84.749503</ele><time>2025-09-14T14:22:03Z</time><extensions><speed>0.974601</speed><course>247.145861</course><hAcc>1.459283</hAcc><vAcc>0.886765</vAcc></extensions></trkpt>
      <trkpt lon="-82.146458" lat="33.556508"><ele>84.838353</ele><time>2025-09-14T14:22:04Z</time><extensions><speed>0.769767</speed><course>247.836924</course><hAcc>1.457721</hAcc><vAcc>0.886249</vAcc></extensions></trkpt>
      <trkpt lon="-82.146466" lat="33.556506"><ele>84.944756</ele><time>2025-09-14T14:22:05Z</time><extensions><speed>0.824051</speed><course>253.005572</course><hAcc>1.442208</hAcc><vAcc>0.885362</vAcc></extensions></trkpt>
      <trkpt lon="-82.146476" lat="33.556504"><ele>85.038283</ele><time>2025-09-14T14:22:06Z</time><extensions><speed>1.002106</speed><course>257.030255</course><hAcc>1.439976</hAcc><vAcc>0.883474</vAcc></extensions></trkpt>
      <trkpt lon="-82.146487" lat="33.556502"><ele>85.121727</ele><time>2025-09-14T14:22:07Z</time><extensions><speed>1.139075</speed><course>258.749883</course><hAcc>1.442047</hAcc><vAcc>0.880782</vAcc></extensions></trkpt>
      <trkpt lon="-82.146500" lat="33.556499"><ele>85.192662</ele><time>2025-09-14T14:22:08Z</time><extensions><speed>1.234854</speed><course>258.348531</course><hAcc>1.446160</hAcc><vAcc>0.877862</vAcc></extensions></trkpt>
      <trkpt lon="-82.146513" lat="33.556496"><ele>85.252655</ele><time>2025-09-14T14:22:09Z</time><extensions><speed>1.331379</speed><course>253.073950</course><hAcc>1.419323</hAcc><vAcc>0.874725</vAcc></extensions></trkpt>
      <trkpt lon="-82.146527" lat="33.556492"><ele>85.304952</ele><time>2025-09-14T14:22:10Z</time><extensions><speed>1.443144</speed><course>247.792095</course><hAcc>1.413924</hAcc><vAcc>0.871484</vAcc></extensions></trkpt>
      <trkpt lon="-82.146542" lat="33.556487"><ele>85.362825</ele><time>2025-09-14T14:22:11Z</time><extensions><speed>1.481510</speed><course>242.652877</course><hAcc>1.408372</hAcc><vAcc>0.868426</vAcc></extensions></trkpt>
      <trkpt lon="-82.146556" lat="33.556480"><ele>85.418725</ele><time>2025-09-14T14:22:12Z</time><extensions><speed>1.517500</speed><course>239.016204</course><hAcc>1.394205</hAcc><vAcc>0.865829</vAcc></extensions></trkpt>
      <trkpt lon="-82.146570" lat="33.556473"><ele>85.485697</ele><time>2025-09-14T14:22:13Z</time><extensions><speed>1.540219</speed><course>236.123926</course><hAcc>1.393055</hAcc><vAcc>0.862411</vAcc></extensions></trkpt>
      <trkpt lon="-82.146584" lat="33.556465"><ele>85.556696</ele><time>2025-09-14T14:22:14Z</time><extensions><speed>1.583550</speed><course>235.329168</course><hAcc>1.385112</hAcc><vAcc>0.858639</vAcc></extensions></trkpt>
      <trkpt lon="-82.146598" lat="33.556457"><ele>85.630120</ele><time>2025-09-14T14:22:15Z</time><extensions><speed>1.644942</speed><course>236.880438</course><hAcc>1.369951</hAcc><vAcc>0.855066</vAcc></extensions></trkpt>
      <trkpt lon="-82.146613" lat="33.556449"><ele>85.694405</ele><time>2025-09-14T14:22:16Z</time><extensions><speed>1.621979</speed><course>239.124958</course><hAcc>1.362278</hAcc><vAcc>0.851377</vAcc></extensions></trkpt>
      <trkpt lon="-82.146628" lat="33.556442"><ele>85.779802</ele><time>2025-09-14T14:22:17Z</time><extensions><speed>1.541983</speed><course>240.694091</course><hAcc>1.346151</hAcc><vAcc>0.847576</vAcc></extensions></trkpt>
      <trkpt lon="-82.146642" lat="33.556435"><ele>85.867366</ele><time>2025-09-14T14:22:18Z</time><extensions><speed>1.443163</speed><course>241.149139</course><hAcc>1.327383</hAcc><vAcc>0.844142</vAcc></extensions></trkpt>
      <trkpt lon="-82.146655" lat="33.556429"><ele>85.963117</ele><time>2025-09-14T14:22:19Z</time><extensions><speed>1.364963</speed><course>242.887482</course><hAcc>1.312124</hAcc><vAcc>0.840986</vAcc></extensions></trkpt>
      <trkpt lon="-82.146668" lat="33.556423"><ele>86.066850</ele><time>2025-09-14T14:22:20Z</time><extensions><speed>1.379050</speed><course>240.907497</course><hAcc>1.297918</hAcc><vAcc>0.837416</vAcc></extensions></trkpt>
      <trkpt lon="-82.146682" lat="33.556416"><ele>86.172230</ele><time>2025-09-14T14:22:21Z</time><extensions><speed>1.556155</speed><course>236.196100</course><hAcc>1.289241</hAcc><vAcc>0.834188</vAcc></extensions></trkpt>
      <trkpt lon="-82.146695" lat="33.556408"><ele>86.279947</ele><time>2025-09-14T14:22:22Z</time><extensions><speed>1.403623</speed><course>231.961453</course><hAcc>1.300335</hAcc><vAcc>0.830670</vAcc></extensions></trkpt>
      <trkpt lon="-82.146706" lat="33.556401"><ele>86.396776</ele><time>2025-09-14T14:22:23Z</time><extensions><speed>1.327679</speed><course>229.470493</course><hAcc>1.278107</hAcc><vAcc>0.826693</vAcc></extensions></trkpt>
      <trkpt lon="-82.146716" lat="33.556393"><ele>86.520690</ele><time>2025-09-14T14:22:24Z</time><extensions><speed>1.180881</speed><course>228.855720</course><hAcc>1.279400</hAcc><vAcc>0.822251</vAcc></extensions></trkpt>
      <trkpt lon="-82.146726" lat="33.556387"><ele>86.642580</ele><time>2025-09-14T14:22:25Z</time><extensions><speed>1.123017</speed><course>231.531849</course><hAcc>1.292892</hAcc><vAcc>0.817451</vAcc></extensions></trkpt>
      <trkpt lon="-82.146736" lat="33.556380"><ele>86.767061</ele><time>2025-09-14T14:22:26Z</time><extensions><speed>1.190039</speed><course>235.606777</course><hAcc>1.292838</hAcc><vAcc>0.812937</vAcc></extensions></trkpt>
      <trkpt lon="-82.146747" lat="33.556374"><ele>86.889707</ele><time>2025-09-14T14:22:27Z</time><extensions><speed>1.301653</speed><course>237.006450</course><hAcc>1.301645</hAcc><vAcc>0.808501</vAcc></extensions></trkpt>
      <trkpt lon="-82.146759" lat="33.556368"><ele>86.998138</ele><time>2025-09-14T14:22:28Z</time><extensions><speed>1.317434</speed><course>234.985011</course><hAcc>1.309507</hAcc><vAcc>0.804660</vAcc></extensions></trkpt>
      <trkpt lon="-82.146770" lat="33.556361"><ele>87.100743</ele><time>2025-09-14T14:22:29Z</time><extensions><speed>1.269690</speed><course>234.397343</course><hAcc>1.303692</hAcc><vAcc>0.801328</vAcc></extensions></trkpt>
      <trkpt lon="-82.146781" lat="33.556355"><ele>87.197680</ele><time>2025-09-14T14:22:30Z</time><extensions><speed>1.222582</speed><course>237.809890</course><hAcc>1.284501</hAcc><vAcc>0.799348</vAcc></extensions></trkpt>
      <trkpt lon="-82.146793" lat="33.556349"><ele>87.299439</ele><time>2025-09-14T14:22:31Z</time><extensions><speed>1.254831</speed><course>243.621230</course><hAcc>1.298001</hAcc><vAcc>0.798066</vAcc></extensions></trkpt>
      <trkpt lon="-82.146805" lat="33.556344"><ele>87.400514</ele><time>2025-09-14T14:22:32Z</time><extensions><speed>1.245496</speed><course>244.333854</course><hAcc>1.295858</hAcc><vAcc>0.798119</vAcc></extensions></trkpt>
      <trkpt lon="-82.146817" lat="33.556340"><ele>87.507576</ele><time>2025-09-14T14:22:33Z</time><extensions><speed>1.172622</speed><course>245.002754</course><hAcc>1.288848</hAcc><vAcc>0.798929</vAcc></extensions></trkpt>
      <trkpt lon="-82.146828" lat="33.556335"><ele>87.619993</ele><time>2025-09-14T14:22:34Z</time><extensions><speed>1.091768</speed><course>246.523699</course><hAcc>1.276638</hAcc><vAcc>0.800098</vAcc></extensions></trkpt>
      <trkpt lon="-82.146839" lat="33.556332"><ele>87.741829</ele><time>2025-09-14T14:22:35Z</time><extensions><speed>1.132010</speed><course>252.165975</course><hAcc>1.259055</hAcc><vAcc>0.801755</vAcc></extensions></trkpt>
      <trkpt lon="-82.146851" lat="33.556329"><ele>87.856183</ele><time>2025-09-14T14:22:36Z</time><extensions><speed>1.201532</speed><course>259.894341</course><hAcc>1.263449</hAcc><vAcc>0.803132</vAcc></extensions></trkpt>
      <trkpt lon="-82.146865" lat="33.556328"><ele>87.947434</ele><time>2025-09-14T14:22:37Z</time><extensions><speed>1.367512</speed><course>264.542956</course><hAcc>1.270226</hAcc><vAcc>0.804321</vAcc></extensions></trkpt>
      <trkpt lon="-82.146880" lat="33.556327"><ele>88.046029</ele><time>2025-09-14T14:22:38Z</time><extensions><speed>1.404458</speed><course>267.522496</course><hAcc>1.273668</hAcc><vAcc>0.805498</vAcc></extensions></trkpt>
      <trkpt lon="-82.146894" lat="33.556326"><ele>88.135863</ele><time>2025-09-14T14:22:39Z</time><extensions><speed>1.288390</speed><course>265.449171</course><hAcc>1.273771</hAcc><vAcc>0.806014</vAcc></extensions></trkpt>
      <trkpt lon="-82.146908" lat="33.556325"><ele>88.237802</ele><time>2025-09-14T14:22:40Z</time><extensions><speed>1.199960</speed><course>264.420728</course><hAcc>1.277107</hAcc><vAcc>0.805873</vAcc></extensions></trkpt>
      <trkpt lon="-82.146921" lat="33.556324"><ele>88.349480</ele><time>2025-09-14T14:22:41Z</time><extensions><speed>1.218496</speed><course>266.959737</course><hAcc>1.253736</hAcc><vAcc>0.804949</vAcc></extensions></trkpt>
      <trkpt lon="-82.146934" lat="33.556324"><ele>88.436458</ele><time>2025-09-14T14:22:42Z</time><extensions><speed>1.246279</speed><course>268.932359</course><hAcc>1.254719</hAcc><vAcc>0.803135</vAcc></extensions></trkpt>
      <trkpt lon="-82.146948" lat="33.556324"><ele>88.518881</ele><time>2025-09-14T14:22:43Z</time><extensions><speed>1.247935</speed><course>272.014735</course><hAcc>1.257577</hAcc><vAcc>0.800407</vAcc></extensions></trkpt>
      <trkpt lon="-82.146961" lat="33.556325"><ele>88.592738</ele><time>2025-09-14T14:22:44Z</time><extensions><speed>1.243641</speed><course>272.937531</course><hAcc>1.255360</hAcc><vAcc>0.796852</vAcc></extensions></trkpt>
      <trkpt lon="-82.146974" lat="33.556326"><ele>88.655430</ele><time>2025-09-14T14:22:45Z</time><extensions><speed>1.206379</speed><course>275.549144</course><hAcc>1.255747</hAcc><vAcc>0.793378</vAcc></extensions></trkpt>
      <trkpt lon="-82.146987" lat="33.556327"><ele>88.701304</ele><time>2025-09-14T14:22:46Z</time><extensions><speed>1.183325</speed><course>279.898810</course><hAcc>1.241036</hAcc><vAcc>0.789994</vAcc></extensions></trkpt>
      <trkpt lon="-82.146999" lat="33.556329"><ele>88.737524</ele><time>2025-09-14T14:22:47Z</time><extensions><speed>1.216317</speed><course>284.435299</course><hAcc>1.228391</hAcc><vAcc>0.787621</vAcc></extensions></trkpt>
      <trkpt lon="-82.147012" lat="33.556332"><ele>88.752423</ele><time>2025-09-14T14:22:48Z</time><extensions><speed>1.234372</speed><course>286.897948</course><hAcc>1.230272</hAcc><vAcc>0.786054</vAcc></extensions></trkpt>
      <trkpt lon="-82.147024" lat="33.556336"><ele>88.752962</ele><time>2025-09-14T14:22:49Z</time><extensions><speed>1.228347</speed><course>288.938480</course><hAcc>1.235781</hAcc><vAcc>0.785325</vAcc></extensions></trkpt>
      <trkpt lon="-82.147036" lat="33.556340"><ele>88.745067</ele><time>2025-09-14T14:22:50Z</time><extensions><speed>1.139757</speed><course>293.274299</course><hAcc>1.235165</hAcc><vAcc>0.785475</vAcc></extensions></trkpt>
      <trkpt lon="-82.147048" lat="33.556344"><ele>88.717011</ele><time>2025-09-14T14:22:51Z</time><extensions><speed>1.179274</speed><course>297.694754</course><hAcc>1.208510</hAcc><vAcc>0.786407</vAcc></extensions></trkpt>
      <trkpt lon="-82.147058" lat="33.556350"><ele>88.690497</ele><time>2025-09-14T14:22:52Z</time><extensions><speed>1.133863</speed><course>306.568833</course><hAcc>1.209060</hAcc><vAcc>0.788790</vAcc></extensions></trkpt>
      <trkpt lon="-82.147066" lat="33.556357"><ele>88.653474</ele><time>2025-09-14T14:22:53Z</time><extensions><speed>1.078332</speed><course>325.103228</course><hAcc>1.204959</hAcc><vAcc>0.791821</vAcc></extensions></trkpt>
      <trkpt lon="-82.147071" lat="33.556365"><ele>88.618685</ele><time>2025-09-14T14:22:54Z</time><extensions><speed>1.095548</speed><course>345.270133</course><hAcc>1.206099</hAcc><vAcc>0.795774</vAcc></extensions></trkpt>
      <trkpt lon="-82.147072" lat="33.556375"><ele>88.584722</ele><time>2025-09-14T14:22:55Z</time><extensions><speed>1.114565</speed><course>11.312511</course><hAcc>1.221475</hAcc><vAcc>0.799680</vAcc></extensions></trkpt>
      <trkpt lon="-82.147068" lat="33.556385"><ele>88.542905</ele><time>2025-09-14T14:22:56Z</time><extensions><speed>1.094521</speed><course>19.609632</course><hAcc>1.235921</hAcc><vAcc>0.803594</vAcc></extensions></trkpt>
      <trkpt lon="-82.147065" lat="33.556393"><ele>88.506363</ele><time>2025-09-14T14:22:57Z</time><extensions><speed>0.902659</speed><course>21.617991</course><hAcc>1.266689</hAcc><vAcc>0.807650</vAcc></extensions></trkpt>
      <trkpt lon="-82.147061" lat="33.556399"><ele>88.477704</ele><time>2025-09-14T14:22:58Z</time><extensions><speed>0.489731</speed><course>34.470358</course><hAcc>1.272836</hAcc><vAcc>0.810890</vAcc></extensions></trkpt>
      <trkpt lon="-82.147059" lat="33.556401"><ele>88.460852</ele><time>2025-09-14T14:22:59Z</time><extensions><speed>0.211945</speed><course>88.140204</course><hAcc>1.298535</hAcc><vAcc>0.813407</vAcc></extensions></trkpt>
      <trkpt lon="-82.147057" lat="33.556399"><ele>88.450949</ele><time>2025-09-14T14:23:00Z</time><extensions><speed>0.401810</speed><course>152.737372</course><hAcc>1.333507</hAcc><vAcc>0.815726</vAcc></extensions></trkpt>
      <trkpt lon="-82.147054" lat="33.556395"><ele>88.449934</ele><time>2025-09-14T14:23:01Z</time><extensions><speed>0.687979</speed><course>163.098827</course><hAcc>1.355029</hAcc><vAcc>0.817767</vAcc></extensions></trkpt>
      <trkpt lon="-82.147052" lat="33.556388"><ele>88.460103</ele><time>2025-09-14T14:23:02Z</time><extensions><speed>0.907409</speed><course>165.422116</course><hAcc>1.365795</hAcc><vAcc>0.819740</vAcc></extensions></trkpt>
      <trkpt lon="-82.147050" lat="33.556379"><ele>88.474452</ele><time>2025-09-14T14:23:03Z</time><extensions><speed>1.070272</speed><course>166.307336</course><hAcc>1.371343</hAcc><vAcc>0.821814</vAcc></extensions></trkpt>
      <trkpt lon="-82.147047" lat="33.556369"><ele>88.491834</ele><time>2025-09-14T14:23:04Z</time><extensions><speed>1.203212</speed><course>167.369458</course><hAcc>1.378650</hAcc><vAcc>0.824451</vAcc></extensions></trkpt>
      <trkpt lon="-82.147044" lat="33.556358"><ele>88.528670</ele><time>2025-09-14T14:23:05Z</time><extensions><speed>1.289350</speed><course>168.027788</course><hAcc>1.386303</hAcc><vAcc>0.826893</vAcc></extensions></trkpt>
      <trkpt lon="-82.147041" lat="33.556346"><ele>88.575622</ele><time>2025-09-14T14:23:06Z</time><extensions><speed>1.312150</speed><course>170.304665</course><hAcc>1.396323</hAcc><vAcc>0.829549</vAcc></extensions></trkpt>
      <trkpt lon="-82.147039" lat="33.556335"><ele>88.640774</ele><time>2025-09-14T14:23:07Z</time><extensions><speed>1.310400</speed><course>172.868889</course><hAcc>1.405164</hAcc><vAcc>0.832347</vAcc></extensions></trkpt>
      <trkpt lon="-82.147038" lat="33.556323"><ele>88.722314</ele><time>2025-09-14T14:23:08Z</time><extensions><speed>1.247299</speed><course>175.010591</course><hAcc>1.418199</hAcc><vAcc>0.834750</vAcc></extensions></trkpt>
      <trkpt lon="-82.147037" lat="33.556312"><ele>88.808477</ele><time>2025-09-14T14:23:09Z</time><extensions><speed>1.208465</speed><course>176.608024</course><hAcc>1.431119</hAcc><vAcc>0.836067</vAcc></extensions></trkpt>
      <trkpt lon="-82.147036" lat="33.556301"><ele>88.903900</ele><time>2025-09-14T14:23:10Z</time><extensions><speed>1.202909</speed><course>177.925748</course><hAcc>1.439631</hAcc><vAcc>0.836342</vAcc></extensions></trkpt>
      <trkpt lon="-82.147036" lat="33.556290"><ele>89.000005</ele><time>2025-09-14T14:23:11Z</time><extensions><speed>1.290720</speed><course>178.978692</course><hAcc>1.432152</hAcc><vAcc>0.836712</vAcc></extensions></trkpt>
      <trkpt lon="-82.147036" lat="33.556279"><ele>89.092516</ele><time>2025-09-14T14:23:12Z</time><extensions><speed>1.260962</speed><course>180.265568</course><hAcc>1.430161</hAcc><vAcc>0.836822</vAcc></extensions></trkpt>
      <trkpt lon="-82.147036" lat="33.556268"><ele>89.187218</ele><time>2025-09-14T14:23:13Z</time><extensions><speed>1.129181</speed><course>180.717106</course><hAcc>1.432703</hAcc><vAcc>0.836897</vAcc></extensions></trkpt>
      <trkpt lon="-82.147036" lat="33.556258"><ele>89.282828</ele><time>2025-09-14T14:23:14Z</time><extensions><speed>1.057005</speed><course>180.062536</course><hAcc>1.425047</hAcc><vAcc>0.837238</vAcc></extensions></trkpt>
      <trkpt lon="-82.147036" lat="33.556249"><ele>89.377784</ele><time>2025-09-14T14:23:15Z</time><extensions><speed>1.004701</speed><course>177.611481</course><hAcc>1.416285</hAcc><vAcc>0.838112</vAcc></extensions></trkpt>
      <trkpt lon="-82.147035" lat="33.556240"><ele>89.470509</ele><time>2025-09-14T14:23:16Z</time><extensions><speed>1.002121</speed><course>173.834757</course><hAcc>1.403981</hAcc><vAcc>0.840298</vAcc></extensions></trkpt>
      <trkpt lon="-82.147033" lat="33.556231"><ele>89.559753</ele><time>2025-09-14T14:23:17Z</time><extensions><speed>0.994761</speed><course>170.722181</course><hAcc>1.393430</hAcc><vAcc>0.844411</vAcc></extensions></trkpt>
      <trkpt lon="-82.147032" lat="33.556222"><ele>89.643769</ele><time>2025-09-14T14:23:18Z</time><extensions><speed>0.879132</speed><course>168.114385</course><hAcc>1.394010</hAcc><vAcc>0.850840</vAcc></extensions></trkpt>
      <trkpt lon="-82.147030" lat="33.556215"><ele>89.720844</ele><time>2025-09-14T14:23:19Z</time><extensions><speed>0.733352</speed><course>165.699507</course><hAcc>1.393119</hAcc><vAcc>0.859506</vAcc></extensions></trkpt>
      <trkpt lon="-82.147028" lat="33.556210"><ele>89.790814</ele><time>2025-09-14T14:23:20Z</time><extensions><speed>0.556445</speed><course>165.075639</course><hAcc>1.397262</hAcc><vAcc>0.871507</vAcc></extensions></trkpt>
      <trkpt lon="-82.147027" lat="33.556205"><ele>89.853109</ele><time>2025-09-14T14:23:21Z</time><extensions><speed>0.408681</speed><course>165.877730</course><hAcc>1.399385</hAcc><vAcc>0.886857</vAcc></extensions></trkpt>
      <trkpt lon="-82.147026" lat="33.556202"><ele>89.907733</ele><time>2025-09-14T14:23:22Z</time><extensions><speed>0.311116</speed><course>165.202523</course><hAcc>1.392565</hAcc><vAcc>0.905385</vAcc></extensions></trkpt>
      <trkpt lon="-82.147025" lat="33.556200"><ele>89.954708</ele><time>2025-09-14T14:23:23Z</time><extensions><speed>0.202703</speed><course>167.932823</course><hAcc>1.406600</hAcc><vAcc>0.926063</vAcc></extensions></trkpt>
      <trkpt lon="-82.147025" lat="33.556199"><ele>90.019895</ele><time>2025-09-14T14:23:24Z</time><extensions><speed>0.122565</speed><course>171.589101</course><hAcc>1.428107</hAcc><vAcc>0.948625</vAcc></extensions></trkpt>
      <trkpt lon="-82.147024" lat="33.556198"><ele>90.082999</ele><time>2025-09-14T14:23:25Z</time><extensions><speed>0.082703</speed><course>173.123655</course><hAcc>1.442242</hAcc><vAcc>0.973427</vAcc></extensions></trkpt>
      <trkpt lon="-82.147024" lat="33.556197"><ele>90.147570</ele><time>2025-09-14T14:23:26Z</time><extensions><speed>0.058936</speed><course>171.677752</course><hAcc>1.463163</hAcc><vAcc>0.997084</vAcc></extensions></trkpt>
      <trkpt lon="-82.147024" lat="33.556196"><ele>90.210401</ele><time>2025-09-14T14:23:27Z</time><extensions><speed>0.043141</speed><course>167.540819</course><hAcc>1.491573</hAcc><vAcc>1.020787</vAcc></extensions></trkpt>
      <trkpt lon="-82.147024" lat="33.556196"><ele>90.271730</ele><time>2025-09-14T14:23:28Z</time><extensions><speed>0.038310</speed><course>161.036510</course><hAcc>1.514639</hAcc><vAcc>1.043718</vAcc></extensions></trkpt>
      <trkpt lon="-82.147024" lat="33.556196"><ele>90.331419</ele><time>2025-09-14T14:23:29Z</time><extensions><speed>0.044701</speed><course>153.859254</course><hAcc>1.530653</hAcc><vAcc>1.066048</vAcc></extensions></trkpt>
      <trkpt lon="-82.147023" lat="33.556195"><ele>90.396410</ele><time>2025-09-14T14:23:30Z</time><extensions><speed>0.049848</speed><course>146.306356</course><hAcc>1.564262</hAcc><vAcc>1.085712</vAcc></extensions></trkpt>
      <trkpt lon="-82.147023" lat="33.556195"><ele>90.460262</ele><time>2025-09-14T14:23:31Z</time><extensions><speed>0.056035</speed><course>140.190250</course><hAcc>1.600767</hAcc><vAcc>1.105118</vAcc></extensions></trkpt>
      <trkpt lon="-82.147023" lat="33.556194"><ele>90.522163</ele><time>2025-09-14T14:23:32Z</time><extensions><speed>0.063716</speed><course>135.855435</course><hAcc>1.629647</hAcc><vAcc>1.122217</vAcc></extensions></trkpt>
      <trkpt lon="-82.147022" lat="33.556194"><ele>90.574784</ele><time>2025-09-14T14:23:33Z</time><extensions><speed>0.071874</speed><course>132.612513</course><hAcc>1.647946</hAcc><vAcc>1.135155</vAcc></extensions></trkpt>
      <trkpt lon="-82.147021" lat="33.556193"><ele>90.625883</ele><time>2025-09-14T14:23:34Z</time><extensions><speed>0.077203</speed><course>129.256327</course><hAcc>1.664350</hAcc><vAcc>1.148075</vAcc></extensions></trkpt>
      <trkpt lon="-82.147021" lat="33.556193"><ele>90.674669</ele><time>2025-09-14T14:23:35Z</time><extensions><speed>0.052390</speed><course>130.238150</course><hAcc>1.698246</hAcc><vAcc>1.159891</vAcc></extensions></trkpt>
      <trkpt lon="-82.147020" lat="33.556193"><ele>90.720434</ele><time>2025-09-14T14:23:36Z</time><extensions><speed>0.072732</speed><course>128.367466</course><hAcc>1.668169</hAcc><vAcc>1.169068</vAcc></extensions></trkpt>
      <trkpt lon="-82.147020" lat="33.556192"><ele>90.762866</ele><time>2025-09-14T14:23:37Z</time><extensions><speed>0.058956</speed><course>132.027465</course><hAcc>1.676804</hAcc><vAcc>1.175650</vAcc></extensions></trkpt>
      <trkpt lon="-82.147019" lat="33.556192"><ele>90.778429</ele><time>2025-09-14T14:23:38Z</time><extensions><speed>0.051532</speed><course>133.742182</course><hAcc>1.679442</hAcc><vAcc>1.180009</vAcc></extensions></trkpt>
      <trkpt lon="-82.147019" lat="33.556192"><ele>90.786742</ele><time>2025-09-14T14:23:39Z</time><extensions><speed>0.046620</speed><course>134.067637</course><hAcc>1.667252</hAcc><vAcc>1.181125</vAcc></extensions></trkpt>
      <trkpt lon="-82.147019" lat="33.556191"><ele>90.791308</ele><time>2025-09-14T14:23:40Z</time><extensions><speed>0.041588</speed><course>132.481224</course><hAcc>1.651655</hAcc><vAcc>1.180631</vAcc></extensions></trkpt>
      <trkpt lon="-82.147018" lat="33.556191"><ele>90.792089</ele><time>2025-09-14T14:23:41Z</time><extensions><speed>0.018957</speed><course>142.131058</course><hAcc>1.672771</hAcc><vAcc>1.178686</vAcc></extensions></trkpt>
      <trkpt lon="-82.147018" lat="33.556191"><ele>90.789362</ele><time>2025-09-14T14:23:42Z</time><extensions><speed>0.011398</speed><course>146.813703</course><hAcc>1.653516</hAcc><vAcc>1.175760</vAcc></extensions></trkpt>
      <trkpt lon="-82.147018" lat="33.556191"><ele>90.783608</ele><time>2025-09-14T14:23:43Z</time><extensions><speed>0.007091</speed><course>151.994290</course><hAcc>1.621665</hAcc><vAcc>1.172713</vAcc></extensions></trkpt>
      <trkpt lon="-82.147018" lat="33.556191"><ele>90.785819</ele><time>2025-09-14T14:23:45Z</time><extensions><speed>0.001275</speed><course>216.406438</course><hAcc>1.619008</hAcc><vAcc>1.168981</vAcc></extensions></trkpt>
      <trkpt lon="-82.147018" lat="33.556191"><ele>90.787546</ele><time>2025-09-14T14:23:46Z</time><extensions><speed>0.005046</speed><course>333.927556</course><hAcc>1.622806</hAcc><vAcc>1.164735</vAcc></extensions></trkpt>
      <trkpt lon="-82.147018" lat="33.556191"><ele>90.782848</ele><time>2025-09-14T14:23:47Z</time><extensions><speed>0.009567</speed><course>340.524517</course><hAcc>1.625368</hAcc><vAcc>1.159415</vAcc></extensions></trkpt>
      <trkpt lon="-82.147018" lat="33.556191"><ele>90.737427</ele><time>2025-09-14T14:23:48Z</time><extensions><speed>0.013900</speed><course>342.354903</course><hAcc>1.621727</hAcc><vAcc>1.152940</vAcc></extensions></trkpt>
      <trkpt lon="-82.147019" lat="33.556191"><ele>90.670704</ele><time>2025-09-14T14:23:49Z</time><extensions><speed>0.015895</speed><course>340.962481</course><hAcc>1.625787</hAcc><vAcc>1.146014</vAcc></extensions></trkpt>
      <trkpt lon="-82.147019" lat="33.556192"><ele>90.603878</ele><time>2025-09-14T14:23:50Z</time><extensions><speed>0.019172</speed><course>332.045597</course><hAcc>1.620124</hAcc><vAcc>1.139358</vAcc></extensions></trkpt>
      <trkpt lon="-82.147019" lat="33.556192"><ele>90.537570</ele><time>2025-09-14T14:23:51Z</time><extensions><speed>0.019566</speed><course>316.411158</course><hAcc>1.631290</hAcc><vAcc>1.132828</vAcc></extensions></trkpt>
      <trkpt lon="-82.147019" lat="33.556192"><ele>90.467284</ele><time>2025-09-14T14:23:52Z</time><extensions><speed>0.022396</speed><course>297.489169</course><hAcc>1.653151</hAcc><vAcc>1.126274</vAcc></extensions></trkpt>
      <trkpt lon="-82.147020" lat="33.556192"><ele>90.388772</ele><time>2025-09-14T14:23:53Z</time><extensions><speed>0.028473</speed><course>279.789457</course><hAcc>1.677358</hAcc><vAcc>1.119712</vAcc></extensions></trkpt>
      <trkpt lon="-82.147020" lat="33.556192"><ele>90.317544</ele><time>2025-09-14T14:23:54Z</time><extensions><speed>0.037269</speed><course>259.620716</course><hAcc>1.694371</hAcc><vAcc>1.114559</vAcc></extensions></trkpt>
      <trkpt lon="-82.147021" lat="33.556191"><ele>90.249669</ele><time>2025-09-14T14:23:55Z</time><extensions><speed>0.058733</speed><course>227.538443</course><hAcc>1.697460</hAcc><vAcc>1.109382</vAcc></extensions></trkpt>
      <trkpt lon="-82.147021" lat="33.556191"><ele>90.174071</ele><time>2025-09-14T14:23:56Z</time><extensions><speed>0.106215</speed><course>195.711566</course><hAcc>1.719828</hAcc><vAcc>1.104548</vAcc></extensions></trkpt>
      <trkpt lon="-82.147021" lat="33.556189"><ele>90.102872</ele><time>2025-09-14T14:23:57Z</time><extensions><speed>0.235256</speed><course>175.962874</course><hAcc>1.712559</hAcc><vAcc>1.099973</vAcc></extensions></trkpt>
      <trkpt lon="-82.147021" lat="33.556186"><ele>90.029241</ele><time>2025-09-14T14:23:58Z</time><extensions><speed>0.491086</speed><course>164.701840</course><hAcc>1.696904</hAcc><vAcc>1.096173</vAcc></extensions></trkpt>
      <trkpt lon="-82.147019" lat="33.556181"><ele>89.947576</ele><time>2025-09-14T14:23:59Z</time><extensions><speed>0.787111</speed><course>167.172609</course><hAcc>1.698935</hAcc><vAcc>1.092136</vAcc></extensions></trkpt>
      <trkpt lon="-82.147017" lat="33.556172"><ele>89.865329</ele><time>2025-09-14T14:24:00Z</time><extensions><speed>1.116899</speed><course>169.650522</course><hAcc>1.697166</hAcc><vAcc>1.087664</vAcc></extensions></trkpt>
      <trkpt lon="-82.147015" lat="33.556162"><ele>89.784870</ele><time>2025-09-14T14:24:01Z</time><extensions><speed>1.212475</speed><course>173.257623</course><hAcc>1.676002</hAcc><vAcc>1.082736</vAcc></extensions></trkpt>
      <trkpt lon="-82.147015" lat="33.556152"><ele>89.696267</ele><time>2025-09-14T14:24:02Z</time><extensions><speed>1.073005</speed><course>179.857257</course><hAcc>1.648334</hAcc><vAcc>1.077978</vAcc></extensions></trkpt>
      <trkpt lon="-82.147015" lat="33.556142"><ele>89.603228</ele><time>2025-09-14T14:24:03Z</time><extensions><speed>1.054278</speed><course>184.634862</course><hAcc>1.623238</hAcc><vAcc>1.072536</vAcc></extensions></trkpt>
      <trkpt lon="-82.147016" lat="33.556132"><ele>89.509570</ele><time>2025-09-14T14:24:04Z</time><extensions><speed>1.149569</speed><course>184.789170</course><hAcc>1.601187</hAcc><vAcc>1.066779</vAcc></extensions></trkpt>
      <trkpt lon="-82.147017" lat="33.556121"><ele>89.423912</ele><time>2025-09-14T14:24:05Z</time><extensions><speed>1.285573</speed><course>182.524104</course><hAcc>1.588864</hAcc><vAcc>1.060813</vAcc></extensions></trkpt>
      <trkpt lon="-82.147017" lat="33.556110"><ele>89.371435</ele><time>2025-09-14T14:24:06Z</time><extensions><speed>1.228693</speed><course>180.114283</course><hAcc>1.579650</hAcc><vAcc>1.053583</vAcc></extensions></trkpt>
      <trkpt lon="-82.147018" lat="33.556100"><ele>89.304139</ele><time>2025-09-14T14:24:07Z</time><extensions><speed>0.968389</speed><course>180.706963</course><hAcc>1.559097</hAcc><vAcc>1.046199</vAcc></extensions></trkpt>
      <trkpt lon="-82.147018" lat="33.556091"><ele>89.247670</ele><time>2025-09-14T14:24:08Z</time><extensions><speed>0.894482</speed><course>184.067314</course><hAcc>1.522557</hAcc><vAcc>1.037572</vAcc></extensions></trkpt>
      <trkpt lon="-82.147019" lat="33.556083"><ele>89.195159</ele><time>2025-09-14T14:24:09Z</time><extensions><speed>0.970052</speed><course>185.874429</course><hAcc>1.497979</hAcc><vAcc>1.029198</vAcc></extensions></trkpt>
      <trkpt lon="-82.147020" lat="33.556074"><ele>89.137578</ele><time>2025-09-14T14:24:10Z</time><extensions><speed>1.162801</speed><course>184.358680</course><hAcc>1.486510</hAcc><vAcc>1.020463</vAcc></extensions></trkpt>
      <trkpt lon="-82.147021" lat="33.556062"><ele>89.094145</ele><time>2025-09-14T14:24:11Z</time><extensions><speed>1.295068</speed><course>183.341613</course><hAcc>1.462990</hAcc><vAcc>1.011558</vAcc></extensions></trkpt>
      <trkpt lon="-82.147021" lat="33.556051"><ele>89.011120</ele><time>2025-09-14T14:24:12Z</time><extensions><speed>1.275567</speed><course>182.386114</course><hAcc>1.435232</hAcc><vAcc>1.002376</vAcc></extensions></trkpt>
      <trkpt lon="-82.147022" lat="33.556040"><ele>88.918651</ele><time>2025-09-14T14:24:13Z</time><extensions><speed>1.177777</speed><course>178.203535</course><hAcc>1.409764</hAcc><vAcc>0.992363</vAcc></extensions></trkpt>
      <trkpt lon="-82.147021" lat="33.556030"><ele>88.848981</ele><time>2025-09-14T14:24:14Z</time><extensions><speed>1.086831</speed><course>175.686358</course><hAcc>1.389794</hAcc><vAcc>0.983897</vAcc></extensions></trkpt>
      <trkpt lon="-82.147020" lat="33.556019"><ele>88.783434</ele><time>2025-09-14T14:24:15Z</time><extensions><speed>1.231121</speed><course>178.146777</course><hAcc>1.364965</hAcc><vAcc>0.975417</vAcc></extensions></trkpt>
      <trkpt lon="-82.147020" lat="33.556008"><ele>88.711593</ele><time>2025-09-14T14:24:16Z</time><extensions><speed>1.274451</speed><course>175.471975</course><hAcc>1.346161</hAcc><vAcc>0.965763</vAcc></extensions></trkpt>
      <trkpt lon="-82.147018" lat="33.555996"><ele>88.642996</ele><time>2025-09-14T14:24:17Z</time><extensions><speed>1.281992</speed><course>170.985546</course><hAcc>1.338776</hAcc><vAcc>0.955424</vAcc></extensions></trkpt>
      <trkpt lon="-82.147016" lat="33.555986"><ele>88.569750</ele><time>2025-09-14T14:24:18Z</time><extensions><speed>1.141174</speed><course>167.801200</course><hAcc>1.327169</hAcc><vAcc>0.946432</vAcc></extensions></trkpt>
      <trkpt lon="-82.147013" lat="33.555976"><ele>88.501218</ele><time>2025-09-14T14:24:19Z</time><extensions><speed>1.036067</speed><course>170.170252</course><hAcc>1.313776</hAcc><vAcc>0.937039</vAcc></extensions></trkpt>
      <trkpt lon="-82.147012" lat="33.555967"><ele>88.437259</ele><time>2025-09-14T14:24:20Z</time><extensions><speed>0.966233</speed><course>174.481771</course><hAcc>1.291071</hAcc><vAcc>0.928886</vAcc></extensions></trkpt>
      <trkpt lon="-82.147011" lat="33.555958"><ele>88.382251</ele><time>2025-09-14T14:24:21Z</time><extensions><speed>1.026476</speed><course>173.308845</course><hAcc>1.257623</hAcc><vAcc>0.920628</vAcc></extensions></trkpt>
      <trkpt lon="-82.147009" lat="33.555948"><ele>88.332970</ele><time>2025-09-14T14:24:22Z</time><extensions><speed>1.144139</speed><course>169.089338</course><hAcc>1.224015</hAcc><vAcc>0.912629</vAcc></extensions></trkpt>
      <trkpt lon="-82.147006" lat="33.555937"><ele>88.278133</ele><time>2025-09-14T14:24:23Z</time><extensions><speed>1.310549</speed><course>165.431511</course><hAcc>1.203385</hAcc><vAcc>0.905418</vAcc></extensions></trkpt>
      <trkpt lon="-82.147002" lat="33.555927"><ele>88.231710</ele><time>2025-09-14T14:24:24Z</time><extensions><speed>1.064970</speed><course>161.703767</course><hAcc>1.228961</hAcc><vAcc>0.898242</vAcc></extensions></trkpt>
      <trkpt lon="-82.146999" lat="33.555917"><ele>88.191558</ele><time>2025-09-14T14:24:25Z</time><extensions><speed>1.133093</speed><course>167.916559</course><hAcc>1.210368</hAcc><vAcc>0.892238</vAcc></extensions></trkpt>
      <trkpt lon="-82.146998" lat="33.555906"><ele>88.157308</ele><time>2025-09-14T14:24:26Z</time><extensions><speed>1.288642</speed><course>174.759301</course><hAcc>1.163124</hAcc><vAcc>0.886769</vAcc></extensions></trkpt>
      <trkpt lon="-82.146997" lat="33.555894"><ele>88.126014</ele><time>2025-09-14T14:24:27Z</time><extensions><speed>1.399171</speed><course>177.162633</course><hAcc>1.151562</hAcc><vAcc>0.881590</vAcc></extensions></trkpt>
      <trkpt lon="-82.146996" lat="33.555881"><ele>88.121461</ele><time>2025-09-14T14:24:28Z</time><extensions><speed>1.418397</speed><course>177.974226</course><hAcc>1.159478</hAcc><vAcc>0.877537</vAcc></extensions></trkpt>
      <trkpt lon="-82.146995" lat="33.555868"><ele>88.128362</ele><time>2025-09-14T14:24:29Z</time><extensions><speed>1.485009</speed><course>174.907556</course><hAcc>1.140440</hAcc><vAcc>0.874871</vAcc></extensions></trkpt>
      <trkpt lon="-82.146993" lat="33.555857"><ele>88.138271</ele><time>2025-09-14T14:24:30Z</time><extensions><speed>1.142086</speed><course>169.204041</course><hAcc>1.164120</hAcc><vAcc>0.872721</vAcc></extensions></trkpt>
      <trkpt lon="-82.146991" lat="33.555847"><ele>88.159070</ele><time>2025-09-14T14:24:31Z</time><extensions><speed>1.036829</speed><course>166.369283</course><hAcc>1.167828</hAcc><vAcc>0.871049</vAcc></extensions></trkpt>
      <trkpt lon="-82.146988" lat="33.555837"><ele>88.189518</ele><time>2025-09-14T14:24:32Z</time><extensions><speed>1.248409</speed><course>171.033115</course><hAcc>1.125820</hAcc><vAcc>0.869454</vAcc></extensions></trkpt>
      <trkpt lon="-82.146986" lat="33.555825"><ele>88.209117</ele><time>2025-09-14T14:24:33Z</time><extensions><speed>1.446436</speed><course>173.285189</course><hAcc>1.121877</hAcc><vAcc>0.867595</vAcc></extensions></trkpt>
      <trkpt lon="-82.146984" lat="33.555812"><ele>88.228805</ele><time>2025-09-14T14:24:34Z</time><extensions><speed>1.465640</speed><course>172.014331</course><hAcc>1.145305</hAcc><vAcc>0.866311</vAcc></extensions></trkpt>
      <trkpt lon="-82.146982" lat="33.555800"><ele>88.248831</ele><time>2025-09-14T14:24:35Z</time><extensions><speed>1.077282</speed><course>168.710465</course><hAcc>1.196416</hAcc><vAcc>0.864960</vAcc></extensions></trkpt>
      <trkpt lon="-82.146980" lat="33.555790"><ele>88.275846</ele><time>2025-09-14T14:24:36Z</time><extensions><speed>1.143882</speed><course>174.227838</course><hAcc>1.181040</hAcc><vAcc>0.863057</vAcc></extensions></trkpt>
      <trkpt lon="-82.146980" lat="33.555780"><ele>88.318757</ele><time>2025-09-14T14:24:37Z</time><extensions><speed>1.171006</speed><course>180.076121</course><hAcc>1.154215</hAcc><vAcc>0.861660</vAcc></extensions></trkpt>
      <trkpt lon="-82.146980" lat="33.555769"><ele>88.367132</ele><time>2025-09-14T14:24:38Z</time><extensions><speed>1.242055</speed><course>181.215658</course><hAcc>1.171919</hAcc><vAcc>0.859217</vAcc></extensions></trkpt>
      <trkpt lon="-82.146980" lat="33.555758"><ele>88.419444</ele><time>2025-09-14T14:24:39Z</time><extensions><speed>1.336817</speed><course>177.027118</course><hAcc>1.191878</hAcc><vAcc>0.856923</vAcc></extensions></trkpt>
      <trkpt lon="-82.146978" lat="33.555745"><ele>88.484005</ele><time>2025-09-14T14:24:40Z</time><extensions><speed>1.380610</speed><course>171.365553</course><hAcc>1.206359</hAcc><vAcc>0.854019</vAcc></extensions></trkpt>
      <trkpt lon="-82.146975" lat="33.555733"><ele>88.560301</ele><time>2025-09-14T14:24:41Z</time><extensions><speed>1.339424</speed><course>166.328869</course><hAcc>1.211579</hAcc><vAcc>0.850989</vAcc></extensions></trkpt>
      <trkpt lon="-82.146972" lat="33.555722"><ele>88.659898</ele><time>2025-09-14T14:24:42Z</time><extensions><speed>1.209776</speed><course>165.803680</course><hAcc>1.178620</hAcc><vAcc>0.846621</vAcc></extensions></trkpt>
      <trkpt lon="-82.146969" lat="33.555712"><ele>88.780031</ele><time>2025-09-14T14:24:43Z</time><extensions><speed>1.187867</speed><course>167.981142</course><hAcc>1.163625</hAcc><vAcc>0.842492</vAcc></extensions></trkpt>
      <trkpt lon="-82.146967" lat="33.555701"><ele>88.908660</ele><time>2025-09-14T14:24:44Z</time><extensions><speed>1.228206</speed><course>168.491037</course><hAcc>1.162882</hAcc><vAcc>0.838366</vAcc></extensions></trkpt>
      <trkpt lon="-82.146964" lat="33.555690"><ele>89.021409</ele><time>2025-09-14T14:24:45Z</time><extensions><speed>1.285562</speed><course>166.964143</course><hAcc>1.157216</hAcc><vAcc>0.834774</vAcc></extensions></trkpt>
      <trkpt lon="-82.146960" lat="33.555678"><ele>89.155888</ele><time>2025-09-14T14:24:46Z</time><extensions><speed>1.452524</speed><course>162.739663</course><hAcc>1.144035</hAcc><vAcc>0.830848</vAcc></extensions></trkpt>
      <trkpt lon="-82.146955" lat="33.555666"><ele>89.288303</ele><time>2025-09-14T14:24:47Z</time><extensions><speed>1.362726</speed><course>160.248775</course><hAcc>1.161365</hAcc><vAcc>0.826590</vAcc></extensions></trkpt>
      <trkpt lon="-82.146951" lat="33.555655"><ele>89.430516</ele><time>2025-09-14T14:24:48Z</time><extensions><speed>1.257925</speed><course>164.928704</course><hAcc>1.128458</hAcc><vAcc>0.821959</vAcc></extensions></trkpt>
      <trkpt lon="-82.146948" lat="33.555643"><ele>89.592123</ele><time>2025-09-14T14:24:49Z</time><extensions><speed>1.365608</speed><course>173.041822</course><hAcc>1.134488</hAcc><vAcc>0.816955</vAcc></extensions></trkpt>
      <trkpt lon="-82.146947" lat="33.555631"><ele>89.751693</ele><time>2025-09-14T14:24:50Z</time><extensions><speed>1.415463</speed><course>179.032565</course><hAcc>1.139139</hAcc><vAcc>0.811653</vAcc></extensions></trkpt>
      <trkpt lon="-82.146947" lat="33.555619"><ele>89.911272</ele><time>2025-09-14T14:24:51Z</time><extensions><speed>1.265233</speed><course>184.446525</course><hAcc>1.171782</hAcc><vAcc>0.806148</vAcc></extensions></trkpt>
      <trkpt lon="-82.146949" lat="33.555609"><ele>90.065088</ele><time>2025-09-14T14:24:52Z</time><extensions><speed>0.956584</speed><course>190.450985</course><hAcc>1.128523</hAcc><vAcc>0.800868</vAcc></extensions></trkpt>
      <trkpt lon="-82.146950" lat="33.555600"><ele>90.213696</ele><time>2025-09-14T14:24:53Z</time><extensions><speed>1.033686</speed><course>183.905782</course><hAcc>1.116426</hAcc><vAcc>0.796219</vAcc></extensions></trkpt>
      <trkpt lon="-82.146950" lat="33.555590"><ele>90.344608</ele><time>2025-09-14T14:24:54Z</time><extensions><speed>1.194346</speed><course>173.240360</course><hAcc>1.140552</hAcc><vAcc>0.791678</vAcc></extensions></trkpt>
      <trkpt lon="-82.146946" lat="33.555579"><ele>90.452274</ele><time>2025-09-14T14:24:55Z</time><extensions><speed>1.254922</speed><course>157.329480</course><hAcc>1.175062</hAcc><vAcc>0.787377</vAcc></extensions></trkpt>
      <trkpt lon="-82.146941" lat="33.555569"><ele>90.551757</ele><time>2025-09-14T14:24:56Z</time><extensions><speed>1.323270</speed><course>154.454262</course><hAcc>1.136534</hAcc><vAcc>0.783655</vAcc></extensions></trkpt>
      <trkpt lon="-82.146935" lat="33.555557"><ele>90.644741</ele><time>2025-09-14T14:24:57Z</time><extensions><speed>1.531730</speed><course>160.475265</course><hAcc>1.124795</hAcc><vAcc>0.780319</vAcc></extensions></trkpt>
      <trkpt lon="-82.146930" lat="33.555542"><ele>90.728803</ele><time>2025-09-14T14:24:58Z</time><extensions><speed>1.757529</speed><course>168.176492</course><hAcc>1.124600</hAcc><vAcc>0.777601</vAcc></extensions></trkpt>
      <trkpt lon="-82.146928" lat="33.555527"><ele>90.815091</ele><time>2025-09-14T14:24:59Z</time><extensions><speed>1.773935</speed><course>176.769289</course><hAcc>1.115571</hAcc><vAcc>0.775336</vAcc></extensions></trkpt>
      <trkpt lon="-82.146928" lat="33.555511"><ele>90.903822</ele><time>2025-09-14T14:25:00Z</time><extensions><speed>1.651541</speed><course>185.788382</course><hAcc>1.094653</hAcc><vAcc>0.774168</vAcc></extensions></trkpt>
      <trkpt lon="-82.146930" lat="33.555498"><ele>90.984631</ele><time>2025-09-14T14:25:01Z</time><extensions><speed>1.407139</speed><course>188.722444</course><hAcc>1.080245</hAcc><vAcc>0.773904</vAcc></extensions></trkpt>
      <trkpt lon="-82.146932" lat="33.555486"><ele>91.041459</ele><time>2025-09-14T14:25:02Z</time><extensions><speed>1.132583</speed><course>183.762196</course><hAcc>1.105980</hAcc><vAcc>0.773758</vAcc></extensions></trkpt>
      <trkpt lon="-82.146932" lat="33.555476"><ele>91.093513</ele><time>2025-09-14T14:25:03Z</time><extensions><speed>1.182895</speed><course>180.488922</course><hAcc>1.102602</hAcc><vAcc>0.774658</vAcc></extensions></trkpt>
      <trkpt lon="-82.146933" lat="33.555464"><ele>91.142710</ele><time>2025-09-14T14:25:04Z</time><extensions><speed>1.304056</speed><course>181.938796</course><hAcc>1.081601</hAcc><vAcc>0.775901</vAcc></extensions></trkpt>
      <trkpt lon="-82.146933" lat="33.555453"><ele>91.196028</ele><time>2025-09-14T14:25:05Z</time><extensions><speed>1.346405</speed><course>180.748634</course><hAcc>1.102213</hAcc><vAcc>0.777629</vAcc></extensions></trkpt>
      <trkpt lon="-82.146933" lat="33.555440"><ele>91.247450</ele><time>2025-09-14T14:25:06Z</time><extensions><speed>1.359793</speed><course>178.566902</course><hAcc>1.138809</hAcc><vAcc>0.779704</vAcc></extensions></trkpt>
      <trkpt lon="-82.146932" lat="33.555428"><ele>91.303622</ele><time>2025-09-14T14:25:07Z</time><extensions><speed>1.392034</speed><course>178.379967</course><hAcc>1.155163</hAcc><vAcc>0.781971</vAcc></extensions></trkpt>
      <trkpt lon="-82.146932" lat="33.555416"><ele>91.355421</ele><time>2025-09-14T14:25:08Z</time><extensions><speed>1.272352</speed><course>179.807226</course><hAcc>1.166456</hAcc><vAcc>0.785029</vAcc></extensions></trkpt>
      <trkpt lon="-82.146932" lat="33.555405"><ele>91.401308</ele><time>2025-09-14T14:25:09Z</time><extensions><speed>1.217049</speed><course>182.151373</course><hAcc>1.158202</hAcc><vAcc>0.787603</vAcc></extensions></trkpt>
      <trkpt lon="-82.146933" lat="33.555394"><ele>91.442552</ele><time>2025-09-14T14:25:10Z</time><extensions><speed>1.260717</speed><course>185.421955</course><hAcc>1.162568</hAcc><vAcc>0.790985</vAcc></extensions></trkpt>
      <trkpt lon="-82.146935" lat="33.555382"><ele>91.476955</ele><time>2025-09-14T14:25:11Z</time><extensions><speed>1.396862</speed><course>187.454131</course><hAcc>1.157622</hAcc><vAcc>0.793582</vAcc></extensions></trkpt>
      <trkpt lon="-82.146937" lat="33.555368"><ele>91.515674</ele><time>2025-09-14T14:25:12Z</time><extensions><speed>1.576906</speed><course>189.067772</course><hAcc>1.127950</hAcc><vAcc>0.795408</vAcc></extensions></trkpt>
      <trkpt lon="-82.146940" lat="33.555355"><ele>91.549068</ele><time>2025-09-14T14:25:13Z</time><extensions><speed>1.454471</speed><course>188.582946</course><hAcc>1.126009</hAcc><vAcc>0.796857</vAcc></extensions></trkpt>
      <trkpt lon="-82.146942" lat="33.555342"><ele>91.594001</ele><time>2025-09-14T14:25:14Z</time><extensions><speed>1.323503</speed><course>184.391242</course><hAcc>1.110561</hAcc><vAcc>0.797336</vAcc></extensions></trkpt>
      <trkpt lon="-82.146942" lat="33.555332"><ele>91.648041</ele><time>2025-09-14T14:25:15Z</time><extensions><speed>1.100134</speed><course>183.036782</course><hAcc>1.116707</hAcc><vAcc>0.797001</vAcc></extensions></trkpt>
      <trkpt lon="-82.146943" lat="33.555321"><ele>91.720430</ele><time>2025-09-14T14:25:16Z</time><extensions><speed>1.202988</speed><course>183.848319</course><hAcc>1.086349</hAcc><vAcc>0.795987</vAcc></extensions></trkpt>
      <trkpt lon="-82.146944" lat="33.555309"><ele>91.798517</ele><time>2025-09-14T14:25:17Z</time><extensions><speed>1.384463</speed><course>184.253729</course><hAcc>1.081671</hAcc><vAcc>0.795090</vAcc></extensions></trkpt>
      <trkpt lon="-82.146945" lat="33.555297"><ele>91.875661</ele><time>2025-09-14T14:25:18Z</time><extensions><speed>1.423778</speed><course>182.179195</course><hAcc>1.091539</hAcc><vAcc>0.793419</vAcc></extensions></trkpt>
      <trkpt lon="-82.146946" lat="33.555284"><ele>91.950123</ele><time>2025-09-14T14:25:19Z</time><extensions><speed>1.410433</speed><course>183.345099</course><hAcc>1.092805</hAcc><vAcc>0.791054</vAcc></extensions></trkpt>
      <trkpt lon="-82.146947" lat="33.555272"><ele>92.030367</ele><time>2025-09-14T14:25:20Z</time><extensions><speed>1.340444</speed><course>186.021476</course><hAcc>1.122585</hAcc><vAcc>0.788547</vAcc></extensions></trkpt>
      <trkpt lon="-82.146949" lat="33.555260"><ele>92.115618</ele><time>2025-09-14T14:25:21Z</time><extensions><speed>1.268139</speed><course>191.998468</course><hAcc>1.098333</hAcc><vAcc>0.786270</vAcc></extensions></trkpt>
      <trkpt lon="-82.146953" lat="33.555249"><ele>92.205946</ele><time>2025-09-14T14:25:22Z</time><extensions><speed>1.323617</speed><course>195.651608</course><hAcc>1.100608</hAcc><vAcc>0.784083</vAcc></extensions></trkpt>
      <trkpt lon="-82.146957" lat="33.555237"><ele>92.304775</ele><time>2025-09-14T14:25:23Z</time><extensions><speed>1.425522</speed><course>197.197945</course><hAcc>1.112666</hAcc><vAcc>0.782692</vAcc></extensions></trkpt>
      <trkpt lon="-82.146961" lat="33.555225"><ele>92.407557</ele><time>2025-09-14T14:25:24Z</time><extensions><speed>1.419303</speed><course>198.545279</course><hAcc>1.109697</hAcc><vAcc>0.781462</vAcc></extensions></trkpt>
      <trkpt lon="-82.146967" lat="33.555213"><ele>92.508295</ele><time>2025-09-14T14:25:25Z</time><extensions><speed>1.436436</speed><course>201.977107</course><hAcc>1.104137</hAcc><vAcc>0.780412</vAcc></extensions></trkpt>
      <trkpt lon="-82.146973" lat="33.555201"><ele>92.616201</ele><time>2025-09-14T14:25:26Z</time><extensions><speed>1.387837</speed><course>202.910012</course><hAcc>1.108320</hAcc><vAcc>0.779756</vAcc></extensions></trkpt>
      <trkpt lon="-82.146978" lat="33.555189"><ele>92.718896</ele><time>2025-09-14T14:25:27Z</time><extensions><speed>1.372069</speed><course>202.074815</course><hAcc>1.139935</hAcc><vAcc>0.779251</vAcc></extensions></trkpt>
      <trkpt lon="-82.146984" lat="33.555178"><ele>92.810538</ele><time>2025-09-14T14:25:28Z</time><extensions><speed>1.271083</speed><course>207.789558</course><hAcc>1.113855</hAcc><vAcc>0.778709</vAcc></extensions></trkpt>
      <trkpt lon="-82.146991" lat="33.555168"><ele>92.900039</ele><time>2025-09-14T14:25:29Z</time><extensions><speed>1.266168</speed><course>209.066994</course><hAcc>1.110693</hAcc><vAcc>0.778613</vAcc></extensions></trkpt>
      <trkpt lon="-82.146997" lat="33.555159"><ele>92.992673</ele><time>2025-09-14T14:25:30Z</time><extensions><speed>1.203217</speed><course>208.548139</course><hAcc>1.117967</hAcc><vAcc>0.778064</vAcc></extensions></trkpt>
      <trkpt lon="-82.147003" lat="33.555149"><ele>93.086871</ele><time>2025-09-14T14:25:31Z</time><extensions><speed>1.180646</speed><course>203.333203</course><hAcc>1.118025</hAcc><vAcc>0.777359</vAcc></extensions></trkpt>
      <trkpt lon="-82.147007" lat="33.555138"><ele>93.168692</ele><time>2025-09-14T14:25:32Z</time><extensions><speed>1.342715</speed><course>195.270823</course><hAcc>1.122440</hAcc><vAcc>0.776425</vAcc></extensions></trkpt>
      <trkpt lon="-82.147010" lat="33.555127"><ele>93.222498</ele><time>2025-09-14T14:25:33Z</time><extensions><speed>1.344787</speed><course>190.706807</course><hAcc>1.154875</hAcc><vAcc>0.775217</vAcc></extensions></trkpt>
      <trkpt lon="-82.147013" lat="33.555116"><ele>93.278238</ele><time>2025-09-14T14:25:34Z</time><extensions><speed>1.134286</speed><course>193.427187</course><hAcc>1.125603</hAcc><vAcc>0.773751</vAcc></extensions></trkpt>
      <trkpt lon="-82.147016" lat="33.555106"><ele>93.337448</ele><time>2025-09-14T14:25:35Z</time><extensions><speed>1.063051</speed><course>191.517225</course><hAcc>1.120447</hAcc><vAcc>0.772114</vAcc></extensions></trkpt>
      <trkpt lon="-82.147017" lat="33.555096"><ele>93.392047</ele><time>2025-09-14T14:25:36Z</time><extensions><speed>1.128466</speed><course>180.755630</course><hAcc>1.121105</hAcc><vAcc>0.770421</vAcc></extensions></trkpt>
      <trkpt lon="-82.147017" lat="33.555085"><ele>93.468449</ele><time>2025-09-14T14:25:37Z</time><extensions><speed>1.282128</speed><course>176.507191</course><hAcc>1.122358</hAcc><vAcc>0.768754</vAcc></extensions></trkpt>
      <trkpt lon="-82.147016" lat="33.555073"><ele>93.548840</ele><time>2025-09-14T14:25:38Z</time><extensions><speed>1.356513</speed><course>178.372091</course><hAcc>1.127439</hAcc><vAcc>0.767416</vAcc></extensions></trkpt>
      <trkpt lon="-82.147016" lat="33.555061"><ele>93.626628</ele><time>2025-09-14T14:25:39Z</time><extensions><speed>1.293611</speed><course>183.506443</course><hAcc>1.149784</hAcc><vAcc>0.765999</vAcc></extensions></trkpt>
      <trkpt lon="-82.147018" lat="33.555051"><ele>93.703795</ele><time>2025-09-14T14:25:40Z</time><extensions><speed>1.008969</speed><course>190.177509</course><hAcc>1.116399</hAcc><vAcc>0.764674</vAcc></extensions></trkpt>
      <trkpt lon="-82.147020" lat="33.555042"><ele>93.773550</ele><time>2025-09-14T14:25:41Z</time><extensions><speed>1.022821</speed><course>197.411354</course><hAcc>1.107278</hAcc><vAcc>0.763469</vAcc></extensions></trkpt>
      <trkpt lon="-82.147024" lat="33.555033"><ele>93.831738</ele><time>2025-09-14T14:25:42Z</time><extensions><speed>1.214610</speed><course>201.385691</course><hAcc>1.117670</hAcc><vAcc>0.762428</vAcc></extensions></trkpt>
      <trkpt lon="-82.147030" lat="33.555022"><ele>93.890595</ele><time>2025-09-14T14:25:43Z</time><extensions><speed>1.306643</speed><course>203.986953</course><hAcc>1.106779</hAcc><vAcc>0.761629</vAcc></extensions></trkpt>
      <trkpt lon="-82.147035" lat="33.555011"><ele>93.943306</ele><time>2025-09-14T14:25:44Z</time><extensions><speed>1.357552</speed><course>202.532450</course><hAcc>1.106697</hAcc><vAcc>0.761031</vAcc></extensions></trkpt>
      <trkpt lon="-82.147041" lat="33.555000"><ele>93.987852</ele><time>2025-09-14T14:25:45Z</time><extensions><speed>1.286334</speed><course>202.584118</course><hAcc>1.106124</hAcc><vAcc>0.760593</vAcc></extensions></trkpt>
      <trkpt lon="-82.147046" lat="33.554990"><ele>94.025593</ele><time>2025-09-14T14:25:46Z</time><extensions><speed>1.216954</speed><course>208.972475</course><hAcc>1.094900</hAcc><vAcc>0.760274</vAcc></extensions></trkpt>
      <trkpt lon="-82.147054" lat="33.554980"><ele>94.058713</ele><time>2025-09-14T14:25:47Z</time><extensions><speed>1.370067</speed><course>211.627403</course><hAcc>1.083628</hAcc><vAcc>0.760044</vAcc></extensions></trkpt>
      <trkpt lon="-82.147061" lat="33.554970"><ele>94.079209</ele><time>2025-09-14T14:25:48Z</time><extensions><speed>1.317332</speed><course>208.238648</course><hAcc>1.096878</hAcc><vAcc>0.759929</vAcc></extensions></trkpt>
      <trkpt lon="-82.147067" lat="33.554959"><ele>94.077860</ele><time>2025-09-14T14:25:49Z</time><extensions><speed>1.285573</speed><course>202.833750</course><hAcc>1.083999</hAcc><vAcc>0.759763</vAcc></extensions></trkpt>
      <trkpt lon="-82.147072" lat="33.554948"><ele>94.064936</ele><time>2025-09-14T14:25:50Z</time><extensions><speed>1.264383</speed><course>199.758742</course><hAcc>1.087306</hAcc><vAcc>0.759692</vAcc></extensions></trkpt>
      <trkpt lon="-82.147076" lat="33.554938"><ele>94.054309</ele><time>2025-09-14T14:25:51Z</time><extensions><speed>1.224493</speed><course>197.403793</course><hAcc>1.078385</hAcc><vAcc>0.759568</vAcc></extensions></trkpt>
      <trkpt lon="-82.147080" lat="33.554927"><ele>94.033152</ele><time>2025-09-14T14:25:52Z</time><extensions><speed>1.169602</speed><course>200.227166</course><hAcc>1.066917</hAcc><vAcc>0.759458</vAcc></extensions></trkpt>
      <trkpt lon="-82.147086" lat="33.554917"><ele>94.008786</ele><time>2025-09-14T14:25:53Z</time><extensions><speed>1.316375</speed><course>209.087486</course><hAcc>1.068467</hAcc><vAcc>0.759357</vAcc></extensions></trkpt>
      <trkpt lon="-82.147093" lat="33.554907"><ele>93.970866</ele><time>2025-09-14T14:25:54Z</time><extensions><speed>1.348818</speed><course>210.924382</course><hAcc>1.063763</hAcc><vAcc>0.759255</vAcc></extensions></trkpt>
      <trkpt lon="-82.147100" lat="33.554897"><ele>93.929602</ele><time>2025-09-14T14:25:55Z</time><extensions><speed>1.295512</speed><course>210.171874</course><hAcc>1.051814</hAcc><vAcc>0.759148</vAcc></extensions></trkpt>
      <trkpt lon="-82.147107" lat="33.554887"><ele>93.882014</ele><time>2025-09-14T14:25:56Z</time><extensions><speed>1.184578</speed><course>209.937112</course><hAcc>1.039820</hAcc><vAcc>0.759034</vAcc></extensions></trkpt>
      <trkpt lon="-82.147113" lat="33.554878"><ele>93.828697</ele><time>2025-09-14T14:25:57Z</time><extensions><speed>0.999835</speed><course>209.106242</course><hAcc>1.034527</hAcc><vAcc>0.758912</vAcc></extensions></trkpt>
      <trkpt lon="-82.147118" lat="33.554871"><ele>93.777623</ele><time>2025-09-14T14:25:58Z</time><extensions><speed>0.877910</speed><course>211.251112</course><hAcc>1.060804</hAcc><vAcc>0.758775</vAcc></extensions></trkpt>
      <trkpt lon="-82.147124" lat="33.554864"><ele>93.718821</ele><time>2025-09-14T14:25:59Z</time><extensions><speed>0.958909</speed><course>219.642861</course><hAcc>1.017115</hAcc><vAcc>0.758612</vAcc></extensions></trkpt>
      <trkpt lon="-82.147131" lat="33.554857"><ele>93.649481</ele><time>2025-09-14T14:26:00Z</time><extensions><speed>1.100576</speed><course>219.027055</course><hAcc>1.020471</hAcc><vAcc>0.758421</vAcc></extensions></trkpt>
      <trkpt lon="-82.147138" lat="33.554849"><ele>93.576841</ele><time>2025-09-14T14:26:01Z</time><extensions><speed>1.301680</speed><course>215.227913</course><hAcc>1.021710</hAcc><vAcc>0.758206</vAcc></extensions></trkpt>
      <trkpt lon="-82.147146" lat="33.554838"><ele>93.488255</ele><time>2025-09-14T14:26:02Z</time><extensions><speed>1.348660</speed><course>208.626999</course><hAcc>1.008814</hAcc><vAcc>0.757980</vAcc></extensions></trkpt>
      <trkpt lon="-82.147152" lat="33.554828"><ele>93.397521</ele><time>2025-09-14T14:26:03Z</time><extensions><speed>1.291278</speed><course>200.387884</course><hAcc>1.032904</hAcc><vAcc>0.757760</vAcc></extensions></trkpt>
      <trkpt lon="-82.147157" lat="33.554818"><ele>93.326083</ele><time>2025-09-14T14:26:04Z</time><extensions><speed>1.056160</speed><course>204.068241</course><hAcc>0.994461</hAcc><vAcc>0.757556</vAcc></extensions></trkpt>
      <trkpt lon="-82.147162" lat="33.554810"><ele>93.258559</ele><time>2025-09-14T14:26:05Z</time><extensions><speed>1.030504</speed><course>214.632821</course><hAcc>0.989128</hAcc><vAcc>0.757377</vAcc></extensions></trkpt>
      <trkpt lon="-82.147169" lat="33.554802"><ele>93.207370</ele><time>2025-09-14T14:26:06Z</time><extensions><speed>1.165439</speed><course>220.351257</course><hAcc>1.003772</hAcc><vAcc>0.757224</vAcc></extensions></trkpt>
      <trkpt lon="-82.147178" lat="33.554793"><ele>93.158303</ele><time>2025-09-14T14:26:07Z</time><extensions><speed>1.368666</speed><course>220.179730</course><hAcc>0.986765</hAcc><vAcc>0.757099</vAcc></extensions></trkpt>
      <trkpt lon="-82.147187" lat="33.554784"><ele>93.115504</ele><time>2025-09-14T14:26:08Z</time><extensions><speed>1.339605</speed><course>217.332391</course><hAcc>1.009044</hAcc><vAcc>0.756999</vAcc></extensions></trkpt>
      <trkpt lon="-82.147195" lat="33.554775"><ele>93.085444</ele><time>2025-09-14T14:26:09Z</time><extensions><speed>1.115627</speed><course>217.412140</course><hAcc>0.983441</hAcc><vAcc>0.756923</vAcc></extensions></trkpt>
      <trkpt lon="-82.147202" lat="33.554767"><ele>93.067096</ele><time>2025-09-14T14:26:10Z</time><extensions><speed>0.960058</speed><course>218.329693</course><hAcc>0.985651</hAcc><vAcc>0.756865</vAcc></extensions></trkpt>
      <trkpt lon="-82.147209" lat="33.554761"><ele>93.058581</ele><time>2025-09-14T14:26:11Z</time><extensions><speed>1.027273</speed><course>221.779717</course><hAcc>1.001439</hAcc><vAcc>0.756824</vAcc></extensions></trkpt>
      <trkpt lon="-82.147217" lat="33.554753"><ele>93.064468</ele><time>2025-09-14T14:26:12Z</time><extensions><speed>1.184389</speed><course>226.173688</course><hAcc>1.017241</hAcc><vAcc>0.756794</vAcc></extensions></trkpt>
      <trkpt lon="-82.147228" lat="33.554746"><ele>93.079493</ele><time>2025-09-14T14:26:13Z</time><extensions><speed>1.301148</speed><course>234.255574</course><hAcc>1.016221</hAcc><vAcc>0.756774</vAcc></extensions></trkpt>
      <trkpt lon="-82.147239" lat="33.554739"><ele>93.109119</ele><time>2025-09-14T14:26:14Z</time><extensions><speed>1.361667</speed><course>236.472851</course><hAcc>1.034415</hAcc><vAcc>0.756761</vAcc></extensions></trkpt>
      <trkpt lon="-82.147251" lat="33.554733"><ele>93.143900</ele><time>2025-09-14T14:26:15Z</time><extensions><speed>1.263784</speed><course>232.528730</course><hAcc>1.064193</hAcc><vAcc>0.756753</vAcc></extensions></trkpt>
      <trkpt lon="-82.147260" lat="33.554726"><ele>93.182239</ele><time>2025-09-14T14:26:16Z</time><extensions><speed>1.079750</speed><course>225.605971</course><hAcc>1.051595</hAcc><vAcc>0.756749</vAcc></extensions></trkpt>
      <trkpt lon="-82.147268" lat="33.554719"><ele>93.221914</ele><time>2025-09-14T14:26:17Z</time><extensions><speed>1.068150</speed><course>221.516000</course><hAcc>1.057017</hAcc><vAcc>0.756746</vAcc></extensions></trkpt>
      <trkpt lon="-82.147276" lat="33.554711"><ele>93.259662</ele><time>2025-09-14T14:26:18Z</time><extensions><speed>1.196890</speed><course>219.138341</course><hAcc>1.060649</hAcc><vAcc>0.756745</vAcc></extensions></trkpt>
      <trkpt lon="-82.147285" lat="33.554702"><ele>93.286043</ele><time>2025-09-14T14:26:19Z</time><extensions><speed>1.340829</speed><course>215.627993</course><hAcc>1.056871</hAcc><vAcc>0.756744</vAcc></extensions></trkpt>
      <trkpt lon="-82.147293" lat="33.554692"><ele>93.306038</ele><time>2025-09-14T14:26:20Z</time><extensions><speed>1.321302</speed><course>213.251247</course><hAcc>1.083959</hAcc><vAcc>0.756744</vAcc></extensions></trkpt>
      <trkpt lon="-82.147300" lat="33.554683"><ele>93.323369</ele><time>2025-09-14T14:26:21Z</time><extensions><speed>1.148800</speed><course>217.521454</course><hAcc>1.042917</hAcc><vAcc>0.756744</vAcc></extensions></trkpt>
      <trkpt lon="-82.147308" lat="33.554675"><ele>93.338436</ele><time>2025-09-14T14:26:22Z</time><extensions><speed>1.125954</speed><course>223.544244</course><hAcc>1.029868</hAcc><vAcc>0.756754</vAcc></extensions></trkpt>
      <trkpt lon="-82.147317" lat="33.554667"><ele>93.350121</ele><time>2025-09-14T14:26:23Z</time><extensions><speed>1.274726</speed><course>226.386939</course><hAcc>1.027251</hAcc><vAcc>0.756759</vAcc></extensions></trkpt>
      <trkpt lon="-82.147328" lat="33.554659"><ele>93.359148</ele><time>2025-09-14T14:26:24Z</time><extensions><speed>1.357521</speed><course>225.521907</course><hAcc>1.027642</hAcc><vAcc>0.756764</vAcc></extensions></trkpt>
      <trkpt lon="-82.147338" lat="33.554651"><ele>93.340414</ele><time>2025-09-14T14:26:25Z</time><extensions><speed>1.311831</speed><course>224.119323</course><hAcc>1.044480</hAcc><vAcc>0.756771</vAcc></extensions></trkpt>
      <trkpt lon="-82.147347" lat="33.554643"><ele>93.314351</ele><time>2025-09-14T14:26:26Z</time><extensions><speed>1.113762</speed><course>228.821411</course><hAcc>1.020045</hAcc><vAcc>0.756778</vAcc></extensions></trkpt>
      <trkpt lon="-82.147356" lat="33.554637"><ele>93.275234</ele><time>2025-09-14T14:26:27Z</time><extensions><speed>1.068736</speed><course>232.448220</course><hAcc>1.020565</hAcc><vAcc>0.756785</vAcc></extensions></trkpt>
      <trkpt lon="-82.147366" lat="33.554631"><ele>93.227603</ele><time>2025-09-14T14:26:28Z</time><extensions><speed>1.201827</speed><course>232.780952</course><hAcc>1.020812</hAcc><vAcc>0.756793</vAcc></extensions></trkpt>
      <trkpt lon="-82.147377" lat="33.554624"><ele>93.175723</ele><time>2025-09-14T14:26:29Z</time><extensions><speed>1.341478</speed><course>232.892602</course><hAcc>1.015475</hAcc><vAcc>0.756801</vAcc></extensions></trkpt>
      <trkpt lon="-82.147389" lat="33.554616"><ele>93.124550</ele><time>2025-09-14T14:26:30Z</time><extensions><speed>1.417617</speed><course>230.653032</course><hAcc>1.006978</hAcc><vAcc>0.756807</vAcc></extensions></trkpt>
      <trkpt lon="-82.147400" lat="33.554608"><ele>93.081455</ele><time>2025-09-14T14:26:31Z</time><extensions><speed>1.319610</speed><course>229.444581</course><hAcc>1.029903</hAcc><vAcc>0.756812</vAcc></extensions></trkpt>
      <trkpt lon="-82.147410" lat="33.554601"><ele>93.041061</ele><time>2025-09-14T14:26:32Z</time><extensions><speed>1.097704</speed><course>232.014101</course><hAcc>1.016298</hAcc><vAcc>0.756813</vAcc></extensions></trkpt>
      <trkpt lon="-82.147420" lat="33.554595"><ele>93.005994</ele><time>2025-09-14T14:26:33Z</time><extensions><speed>1.284855</speed><course>236.513167</course><hAcc>0.985519</hAcc><vAcc>0.756810</vAcc></extensions></trkpt>
      <trkpt lon="-82.147433" lat="33.554588"><ele>92.977054</ele><time>2025-09-14T14:26:34Z</time><extensions><speed>1.515902</speed><course>238.607202</course><hAcc>0.985171</hAcc><vAcc>0.756804</vAcc></extensions></trkpt>
      <trkpt lon="-82.147447" lat="33.554581"><ele>92.956984</ele><time>2025-09-14T14:26:35Z</time><extensions><speed>1.599804</speed><course>238.875524</course><hAcc>0.978835</hAcc><vAcc>0.756796</vAcc></extensions></trkpt>
      <trkpt lon="-82.147461" lat="33.554574"><ele>92.949390</ele><time>2025-09-14T14:26:36Z</time><extensions><speed>1.369844</speed><course>238.528315</course><hAcc>1.000833</hAcc><vAcc>0.756788</vAcc></extensions></trkpt>
      <trkpt lon="-82.147473" lat="33.554568"><ele>92.951224</ele><time>2025-09-14T14:26:37Z</time><extensions><speed>1.157334</speed><course>236.961293</course><hAcc>0.991582</hAcc><vAcc>0.756780</vAcc></extensions></trkpt>
      <trkpt lon="-82.147483" lat="33.554562"><ele>92.962826</ele><time>2025-09-14T14:26:38Z</time><extensions><speed>1.056473</speed><course>236.827734</course><hAcc>0.973699</hAcc><vAcc>0.756772</vAcc></extensions></trkpt>
      <trkpt lon="-82.147493" lat="33.554557"><ele>92.986130</ele><time>2025-09-14T14:26:39Z</time><extensions><speed>1.111340</speed><course>239.953344</course><hAcc>0.982525</hAcc><vAcc>0.756765</vAcc></extensions></trkpt>
      <trkpt lon="-82.147504" lat="33.554552"><ele>93.021746</ele><time>2025-09-14T14:26:40Z</time><extensions><speed>1.334868</speed><course>242.116921</course><hAcc>0.991646</hAcc><vAcc>0.756760</vAcc></extensions></trkpt>
      <trkpt lon="-82.147518" lat="33.554546"><ele>93.064970</ele><time>2025-09-14T14:26:41Z</time><extensions><speed>1.453942</speed><course>244.729081</course><hAcc>0.998906</hAcc><vAcc>0.756755</vAcc></extensions></trkpt>
      <trkpt lon="-82.147531" lat="33.554541"><ele>93.107700</ele><time>2025-09-14T14:26:42Z</time><extensions><speed>1.333614</speed><course>244.523934</course><hAcc>1.035269</hAcc><vAcc>0.756751</vAcc></extensions></trkpt>
      <trkpt lon="-82.147543" lat="33.554537"><ele>93.159958</ele><time>2025-09-14T14:26:43Z</time><extensions><speed>1.149787</speed><course>249.402324</course><hAcc>1.010877</hAcc><vAcc>0.756749</vAcc></extensions></trkpt>
      <trkpt lon="-82.147555" lat="33.554533"><ele>93.229441</ele><time>2025-09-14T14:26:44Z</time><extensions><speed>1.088551</speed><course>251.125471</course><hAcc>1.013479</hAcc><vAcc>0.756747</vAcc></extensions></trkpt>
      <trkpt lon="-82.147566" lat="33.554530"><ele>93.315347</ele><time>2025-09-14T14:26:45Z</time><extensions><speed>1.174662</speed><course>250.232197</course><hAcc>1.023260</hAcc><vAcc>0.756745</vAcc></extensions></trkpt>
      <trkpt lon="-82.147579" lat="33.554526"><ele>93.395154</ele><time>2025-09-14T14:26:46Z</time><extensions><speed>1.384671</speed><course>248.981525</course><hAcc>1.022871</hAcc><vAcc>0.756744</vAcc></extensions></trkpt>
      <trkpt lon="-82.147594" lat="33.554521"><ele>93.475020</ele><time>2025-09-14T14:26:47Z</time><extensions><speed>1.603526</speed><course>246.105108</course><hAcc>1.005278</hAcc><vAcc>0.756744</vAcc></extensions></trkpt>
      <trkpt lon="-82.147609" lat="33.554515"><ele>93.562875</ele><time>2025-09-14T14:26:48Z</time><extensions><speed>1.421602</speed><course>242.236237</course><hAcc>1.027855</hAcc><vAcc>0.756743</vAcc></extensions></trkpt>
      <trkpt lon="-82.147622" lat="33.554509"><ele>93.648630</ele><time>2025-09-14T14:26:49Z</time><extensions><speed>1.383555</speed><course>242.605310</course><hAcc>1.017833</hAcc><vAcc>0.756743</vAcc></extensions></trkpt>
      <trkpt lon="-82.147636" lat="33.554503"><ele>93.730929</ele><time>2025-09-14T14:26:50Z</time><extensions><speed>1.483063</speed><course>246.017260</course><hAcc>1.000781</hAcc><vAcc>0.756743</vAcc></extensions></trkpt>
      <trkpt lon="-82.147651" lat="33.554498"><ele>93.815184</ele><time>2025-09-14T14:26:51Z</time><extensions><speed>1.489405</speed><course>249.734024</course><hAcc>1.016744</hAcc><vAcc>0.756743</vAcc></extensions></trkpt>
      <trkpt lon="-82.147665" lat="33.554494"><ele>93.905952</ele><time>2025-09-14T14:26:52Z</time><extensions><speed>1.296809</speed><course>253.675413</course><hAcc>1.060330</hAcc><vAcc>0.756743</vAcc></extensions></trkpt>
      <trkpt lon="-82.147677" lat="33.554491"><ele>94.001715</ele><time>2025-09-14T14:26:53Z</time><extensions><speed>1.106764</speed><course>248.950392</course><hAcc>1.029188</hAcc><vAcc>0.756743</vAcc></extensions></trkpt>
      <trkpt lon="-82.147689" lat="33.554487"><ele>94.097198</ele><time>2025-09-14T14:26:54Z</time><extensions><speed>1.308912</speed><course>245.997318</course><hAcc>1.027359</hAcc><vAcc>0.756743</vAcc></extensions></trkpt>
      <trkpt lon="-82.147704" lat="33.554481"><ele>94.188895</ele><time>2025-09-14T14:26:55Z</time><extensions><speed>1.592099</speed><course>246.200360</course><hAcc>1.046364</hAcc><vAcc>0.756743</vAcc></extensions></trkpt>
      <trkpt lon="-82.147719" lat="33.554475"><ele>94.280361</ele><time>2025-09-14T14:26:56Z</time><extensions><speed>1.558609</speed><course>244.361908</course><hAcc>1.062896</hAcc><vAcc>0.756743</vAcc></extensions></trkpt>
      <trkpt lon="-82.147734" lat="33.554469"><ele>94.378150</ele><time>2025-09-14T14:26:57Z</time><extensions><speed>1.488782</speed><course>240.708302</course><hAcc>1.046381</hAcc><vAcc>0.756743</vAcc></extensions></trkpt>
      <trkpt lon="-82.147747" lat="33.554463"><ele>94.480282</ele><time>2025-09-14T14:26:58Z</time><extensions><speed>1.399756</speed><course>243.329587</course><hAcc>1.032393</hAcc><vAcc>0.756743</vAcc></extensions></trkpt>
      <trkpt lon="-82.147761" lat="33.554458"><ele>94.574489</ele><time>2025-09-14T14:26:59Z</time><extensions><speed>1.377400</speed><course>247.597786</course><hAcc>1.027243</hAcc><vAcc>0.756743</vAcc></extensions></trkpt>
      <trkpt lon="-82.147775" lat="33.554453"><ele>94.672185</ele><time>2025-09-14T14:27:00Z</time><extensions><speed>1.409245</speed><course>250.964291</course><hAcc>1.039593</hAcc><vAcc>0.756743</vAcc></extensions></trkpt>
      <trkpt lon="-82.147790" lat="33.554449"><ele>94.771942</ele><time>2025-09-14T14:27:01Z</time><extensions><speed>1.467120</speed><course>251.135127</course><hAcc>1.032186</hAcc><vAcc>0.756743</vAcc></extensions></trkpt>
      <trkpt lon="-82.147805" lat="33.554445"><ele>94.868528</ele><time>2025-09-14T14:27:02Z</time><extensions><speed>1.469655</speed><course>251.100401</course><hAcc>1.022313</hAcc><vAcc>0.756743</vAcc></extensions></trkpt>
      <trkpt lon="-82.147819" lat="33.554441"><ele>94.959083</ele><time>2025-09-14T14:27:03Z</time><extensions><speed>1.320792</speed><course>250.820568</course><hAcc>1.020559</hAcc><vAcc>0.756743</vAcc></extensions></trkpt>
      <trkpt lon="-82.147831" lat="33.554437"><ele>95.043422</ele><time>2025-09-14T14:27:04Z</time><extensions><speed>1.174089</speed><course>247.462366</course><hAcc>1.016053</hAcc><vAcc>0.756743</vAcc></extensions></trkpt>
      <trkpt lon="-82.147843" lat="33.554433"><ele>95.113772</ele><time>2025-09-14T14:27:05Z</time><extensions><speed>1.162227</speed><course>247.211390</course><hAcc>1.007352</hAcc><vAcc>0.756744</vAcc></extensions></trkpt>
      <trkpt lon="-82.147855" lat="33.554429"><ele>95.188593</ele><time>2025-09-14T14:27:06Z</time><extensions><speed>1.212072</speed><course>248.432717</course><hAcc>1.010991</hAcc><vAcc>0.756744</vAcc></extensions></trkpt>
      <trkpt lon="-82.147867" lat="33.554425"><ele>95.257607</ele><time>2025-09-14T14:27:07Z</time><extensions><speed>1.216723</speed><course>252.441306</course><hAcc>1.010754</hAcc><vAcc>0.756745</vAcc></extensions></trkpt>
      <trkpt lon="-82.147879" lat="33.554422"><ele>95.319044</ele><time>2025-09-14T14:27:08Z</time><extensions><speed>1.146219</speed><course>252.388448</course><hAcc>0.998922</hAcc><vAcc>0.756746</vAcc></extensions></trkpt>
      <trkpt lon="-82.147890" lat="33.554419"><ele>95.381652</ele><time>2025-09-14T14:27:09Z</time><extensions><speed>1.051455</speed><course>250.654541</course><hAcc>1.027345</hAcc><vAcc>0.756748</vAcc></extensions></trkpt>
      <trkpt lon="-82.147901" lat="33.554416"><ele>95.438296</ele><time>2025-09-14T14:27:10Z</time><extensions><speed>1.075345</speed><course>253.047017</course><hAcc>1.006911</hAcc><vAcc>0.756749</vAcc></extensions></trkpt>
      <trkpt lon="-82.147913" lat="33.554413"><ele>95.478531</ele><time>2025-09-14T14:27:11Z</time><extensions><speed>1.123085</speed><course>254.710422</course><hAcc>1.004119</hAcc><vAcc>0.756751</vAcc></extensions></trkpt>
      <trkpt lon="-82.147925" lat="33.554410"><ele>95.502199</ele><time>2025-09-14T14:27:12Z</time><extensions><speed>1.159762</speed><course>256.292959</course><hAcc>1.014500</hAcc><vAcc>0.756753</vAcc></extensions></trkpt>
      <trkpt lon="-82.147937" lat="33.554408"><ele>95.515976</ele><time>2025-09-14T14:27:13Z</time><extensions><speed>1.299255</speed><course>257.830622</course><hAcc>1.008370</hAcc><vAcc>0.756756</vAcc></extensions></trkpt>
      <trkpt lon="-82.147951" lat="33.554405"><ele>95.522251</ele><time>2025-09-14T14:27:14Z</time><extensions><speed>1.295097</speed><course>255.922846</course><hAcc>1.030304</hAcc><vAcc>0.756759</vAcc></extensions></trkpt>
      <trkpt lon="-82.147964" lat="33.554403"><ele>95.515419</ele><time>2025-09-14T14:27:15Z</time><extensions><speed>1.095312</speed><course>257.011208</course><hAcc>0.994960</hAcc><vAcc>0.756761</vAcc></extensions></trkpt>
      <trkpt lon="-82.147975" lat="33.554401"><ele>95.502984</ele><time>2025-09-14T14:27:16Z</time><extensions><speed>1.041559</speed><course>257.365455</course><hAcc>0.984910</hAcc><vAcc>0.756756</vAcc></extensions></trkpt>
      <trkpt lon="-82.147986" lat="33.554398"><ele>95.491929</ele><time>2025-09-14T14:27:17Z</time><extensions><speed>1.105084</speed><course>256.012932</course><hAcc>1.002511</hAcc><vAcc>0.756753</vAcc></extensions></trkpt>
      <trkpt lon="-82.147999" lat="33.554396"><ele>95.479873</ele><time>2025-09-14T14:27:18Z</time><extensions><speed>1.301588</speed><course>253.728497</course><hAcc>0.987061</hAcc><vAcc>0.756750</vAcc></extensions></trkpt>
      <trkpt lon="-82.148012" lat="33.554392"><ele>95.472470</ele><time>2025-09-14T14:27:19Z</time><extensions><speed>1.295968</speed><course>250.275932</course><hAcc>1.017566</hAcc><vAcc>0.756747</vAcc></extensions></trkpt>
      <trkpt lon="-82.148025" lat="33.554388"><ele>95.459204</ele><time>2025-09-14T14:27:20Z</time><extensions><speed>1.206211</speed><course>253.295954</course><hAcc>0.993988</hAcc><vAcc>0.756745</vAcc></extensions></trkpt>
      <trkpt lon="-82.148037" lat="33.554385"><ele>95.441253</ele><time>2025-09-14T14:27:21Z</time><extensions><speed>1.205882</speed><course>254.155553</course><hAcc>0.996819</hAcc><vAcc>0.756744</vAcc></extensions></trkpt>
      <trkpt lon="-82.148050" lat="33.554382"><ele>95.421085</ele><time>2025-09-14T14:27:22Z</time><extensions><speed>1.246633</speed><course>255.024539</course><hAcc>0.996254</hAcc><vAcc>0.756742</vAcc></extensions></trkpt>
      <trkpt lon="-82.148063" lat="33.554379"><ele>95.402198</ele><time>2025-09-14T14:27:23Z</time><extensions><speed>1.294605</speed><course>255.010122</course><hAcc>1.005078</hAcc><vAcc>0.756741</vAcc></extensions></trkpt>
      <trkpt lon="-82.148077" lat="33.554376"><ele>95.385710</ele><time>2025-09-14T14:27:24Z</time><extensions><speed>1.355928</speed><course>253.522542</course><hAcc>0.983180</hAcc><vAcc>0.756740</vAcc></extensions></trkpt>
      <trkpt lon="-82.148090" lat="33.554372"><ele>95.370894</ele><time>2025-09-14T14:27:25Z</time><extensions><speed>1.288028</speed><course>247.882357</course><hAcc>1.008139</hAcc><vAcc>0.756740</vAcc></extensions></trkpt>
      <trkpt lon="-82.148102" lat="33.554368"><ele>95.365055</ele><time>2025-09-14T14:27:26Z</time><extensions><speed>1.059861</speed><course>245.810342</course><hAcc>1.007156</hAcc><vAcc>0.756739</vAcc></extensions></trkpt>
      <trkpt lon="-82.148112" lat="33.554365"><ele>95.373909</ele><time>2025-09-14T14:27:27Z</time><extensions><speed>0.959259</speed><course>255.174338</course><hAcc>0.977404</hAcc><vAcc>0.756738</vAcc></extensions></trkpt>
      <trkpt lon="-82.148123" lat="33.554363"><ele>95.398297</ele><time>2025-09-14T14:27:28Z</time><extensions><speed>1.050722</speed><course>262.007081</course><hAcc>0.993081</hAcc><vAcc>0.756738</vAcc></extensions></trkpt>
      <trkpt lon="-82.148135" lat="33.554362"><ele>95.429729</ele><time>2025-09-14T14:27:29Z</time><extensions><speed>1.299992</speed><course>261.470343</course><hAcc>1.007629</hAcc><vAcc>0.756738</vAcc></extensions></trkpt>
      <trkpt lon="-82.148150" lat="33.554360"><ele>95.462702</ele><time>2025-09-14T14:27:30Z</time><extensions><speed>1.465665</speed><course>259.070138</course><hAcc>1.012818</hAcc><vAcc>0.756738</vAcc></extensions></trkpt>
      <trkpt lon="-82.148165" lat="33.554357"><ele>95.505283</ele><time>2025-09-14T14:27:31Z</time><extensions><speed>1.378658</speed><course>256.776299</course><hAcc>1.017237</hAcc><vAcc>0.756738</vAcc></extensions></trkpt>
      <trkpt lon="-82.148179" lat="33.554354"><ele>95.553004</ele><time>2025-09-14T14:27:32Z</time><extensions><speed>1.270270</speed><course>256.152516</course><hAcc>0.998779</hAcc><vAcc>0.756738</vAcc></extensions></trkpt>
      <trkpt lon="-82.148191" lat="33.554351"><ele>95.610985</ele><time>2025-09-14T14:27:33Z</time><extensions><speed>1.179883</speed><course>255.261408</course><hAcc>0.998713</hAcc><vAcc>0.756738</vAcc></extensions></trkpt>
      <trkpt lon="-82.148204" lat="33.554349"><ele>95.681858</ele><time>2025-09-14T14:27:34Z</time><extensions><speed>1.217297</speed><course>253.565299</course><hAcc>1.004640</hAcc><vAcc>0.756738</vAcc></extensions></trkpt>
      <trkpt lon="-82.148218" lat="33.554345"><ele>95.760742</ele><time>2025-09-14T14:27:35Z</time><extensions><speed>1.455953</speed><course>251.709108</course><hAcc>1.009139</hAcc><vAcc>0.756738</vAcc></extensions></trkpt>
      <trkpt lon="-82.148232" lat="33.554341"><ele>95.844342</ele><time>2025-09-14T14:27:36Z</time><extensions><speed>1.434445</speed><course>249.091336</course><hAcc>1.018212</hAcc><vAcc>0.756738</vAcc></extensions></trkpt>
      <trkpt lon="-82.148246" lat="33.554336"><ele>95.934156</ele><time>2025-09-14T14:27:37Z</time><extensions><speed>1.348288</speed><course>247.280783</course><hAcc>1.020680</hAcc><vAcc>0.756738</vAcc></extensions></trkpt>
      <trkpt lon="-82.148259" lat="33.554332"><ele>96.028304</ele><time>2025-09-14T14:27:38Z</time><extensions><speed>1.191591</speed><course>251.521018</course><hAcc>1.007858</hAcc><vAcc>0.756738</vAcc></extensions></trkpt>
      <trkpt lon="-82.148271" lat="33.554329"><ele>96.120402</ele><time>2025-09-14T14:27:39Z</time><extensions><speed>1.062646</speed><course>258.125570</course><hAcc>1.017474</hAcc><vAcc>0.756739</vAcc></extensions></trkpt>
      <trkpt lon="-82.148282" lat="33.554328"><ele>96.209254</ele><time>2025-09-14T14:27:40Z</time><extensions><speed>1.067673</speed><course>263.229044</course><hAcc>1.026809</hAcc><vAcc>0.756739</vAcc></extensions></trkpt>
      <trkpt lon="-82.148294" lat="33.554326"><ele>96.293896</ele><time>2025-09-14T14:27:41Z</time><extensions><speed>1.145019</speed><course>259.579159</course><hAcc>1.018166</hAcc><vAcc>0.756739</vAcc></extensions></trkpt>
      <trkpt lon="-82.148307" lat="33.554324"><ele>96.372652</ele><time>2025-09-14T14:27:42Z</time><extensions><speed>1.310272</speed><course>255.547620</course><hAcc>1.001975</hAcc><vAcc>0.756739</vAcc></extensions></trkpt>
      <trkpt lon="-82.148321" lat="33.554320"><ele>96.451762</ele><time>2025-09-14T14:27:43Z</time><extensions><speed>1.379135</speed><course>252.970801</course><hAcc>0.991526</hAcc><vAcc>0.756739</vAcc></extensions></trkpt>
      <trkpt lon="-82.148334" lat="33.554317"><ele>96.522867</ele><time>2025-09-14T14:27:44Z</time><extensions><speed>1.282029</speed><course>251.777637</course><hAcc>1.015879</hAcc><vAcc>0.756740</vAcc></extensions></trkpt>
      <trkpt lon="-82.148346" lat="33.554314"><ele>96.587803</ele><time>2025-09-14T14:27:45Z</time><extensions><speed>1.065389</speed><course>255.837800</course><hAcc>0.978719</hAcc><vAcc>0.756740</vAcc></extensions></trkpt>
      <trkpt lon="-82.148357" lat="33.554311"><ele>96.648019</ele><time>2025-09-14T14:27:46Z</time><extensions><speed>1.052986</speed><course>255.273759</course><hAcc>0.975275</hAcc><vAcc>0.756740</vAcc></extensions></trkpt>
      <trkpt lon="-82.148369" lat="33.554309"><ele>96.731853</ele><time>2025-09-14T14:27:47Z</time><extensions><speed>1.189530</speed><course>251.793903</course><hAcc>0.978371</hAcc><vAcc>0.756740</vAcc></extensions></trkpt>
      <trkpt lon="-82.148382" lat="33.554305"><ele>96.822160</ele><time>2025-09-14T14:27:48Z</time><extensions><speed>1.300528</speed><course>251.232289</course><hAcc>0.984250</hAcc><vAcc>0.756740</vAcc></extensions></trkpt>
      <trkpt lon="-82.148395" lat="33.554301"><ele>96.906020</ele><time>2025-09-14T14:27:49Z</time><extensions><speed>1.337507</speed><course>251.819151</course><hAcc>0.985862</hAcc><vAcc>0.756740</vAcc></extensions></trkpt>
      <trkpt lon="-82.148409" lat="33.554298"><ele>96.990434</ele><time>2025-09-14T14:27:50Z</time><extensions><speed>1.256324</speed><course>254.083261</course><hAcc>1.007852</hAcc><vAcc>0.756740</vAcc></extensions></trkpt>
      <trkpt lon="-82.148421" lat="33.554295"><ele>97.070579</ele><time>2025-09-14T14:27:51Z</time><extensions><speed>1.103803</speed><course>258.081714</course><hAcc>0.978592</hAcc><vAcc>0.756740</vAcc></extensions></trkpt>
      <trkpt lon="-82.148433" lat="33.554293"><ele>97.152370</ele><time>2025-09-14T14:27:52Z</time><extensions><speed>1.213938</speed><course>258.973828</course><hAcc>0.994812</hAcc><vAcc>0.756741</vAcc></extensions></trkpt>
      <trkpt lon="-82.148446" lat="33.554291"><ele>97.239615</ele><time>2025-09-14T14:27:53Z</time><extensions><speed>1.286219</speed><course>256.487322</course><hAcc>0.999873</hAcc><vAcc>0.756741</vAcc></extensions></trkpt>
      <trkpt lon="-82.148460" lat="33.554288"><ele>97.327007</ele><time>2025-09-14T14:27:54Z</time><extensions><speed>1.337798</speed><course>253.530706</course><hAcc>0.996599</hAcc><vAcc>0.756741</vAcc></extensions></trkpt>
      <trkpt lon="-82.148473" lat="33.554284"><ele>97.415356</ele><time>2025-09-14T14:27:55Z</time><extensions><speed>1.289722</speed><course>251.801742</course><hAcc>1.017675</hAcc><vAcc>0.756741</vAcc></extensions></trkpt>
      <trkpt lon="-82.148486" lat="33.554281"><ele>97.498336</ele><time>2025-09-14T14:27:56Z</time><extensions><speed>1.197371</speed><course>254.316216</course><hAcc>1.005820</hAcc><vAcc>0.756741</vAcc></extensions></trkpt>
      <trkpt lon="-82.148499" lat="33.554278"><ele>97.570328</ele><time>2025-09-14T14:27:57Z</time><extensions><speed>1.248083</speed><course>257.066994</course><hAcc>0.999526</hAcc><vAcc>0.756741</vAcc></extensions></trkpt>
      <trkpt lon="-82.148512" lat="33.554275"><ele>97.622832</ele><time>2025-09-14T14:27:58Z</time><extensions><speed>1.318982</speed><course>256.178648</course><hAcc>1.016165</hAcc><vAcc>0.756740</vAcc></extensions></trkpt>
      <trkpt lon="-82.148526" lat="33.554272"><ele>97.662530</ele><time>2025-09-14T14:27:59Z</time><extensions><speed>1.228147</speed><course>252.097606</course><hAcc>1.019803</hAcc><vAcc>0.756738</vAcc></extensions></trkpt>
      <trkpt lon="-82.148538" lat="33.554269"><ele>97.690839</ele><time>2025-09-14T14:28:00Z</time><extensions><speed>1.187287</speed><course>250.641432</course><hAcc>1.015727</hAcc><vAcc>0.756736</vAcc></extensions></trkpt>
      <trkpt lon="-82.148550" lat="33.554266"><ele>97.697979</ele><time>2025-09-14T14:28:01Z</time><extensions><speed>1.166179</speed><course>253.180635</course><hAcc>1.011248</hAcc><vAcc>0.756734</vAcc></extensions></trkpt>
      <trkpt lon="-82.148562" lat="33.554262"><ele>97.694308</ele><time>2025-09-14T14:28:02Z</time><extensions><speed>1.191037</speed><course>253.008980</course><hAcc>1.004204</hAcc><vAcc>0.756731</vAcc></extensions></trkpt>
      <trkpt lon="-82.148574" lat="33.554259"><ele>97.672038</ele><time>2025-09-14T14:28:03Z</time><extensions><speed>1.229399</speed><course>251.365718</course><hAcc>0.997923</hAcc><vAcc>0.756728</vAcc></extensions></trkpt>
      <trkpt lon="-82.148587" lat="33.554256"><ele>97.631931</ele><time>2025-09-14T14:28:04Z</time><extensions><speed>1.196238</speed><course>251.779328</course><hAcc>0.986773</hAcc><vAcc>0.756724</vAcc></extensions></trkpt>
      <trkpt lon="-82.148599" lat="33.554253"><ele>97.577889</ele><time>2025-09-14T14:28:05Z</time><extensions><speed>1.126993</speed><course>256.323521</course><hAcc>0.982850</hAcc><vAcc>0.756719</vAcc></extensions></trkpt>
      <trkpt lon="-82.148611" lat="33.554251"><ele>97.508513</ele><time>2025-09-14T14:28:06Z</time><extensions><speed>1.157553</speed><course>258.593428</course><hAcc>0.996771</hAcc><vAcc>0.756713</vAcc></extensions></trkpt>
      <trkpt lon="-82.148623" lat="33.554248"><ele>97.426915</ele><time>2025-09-14T14:28:07Z</time><extensions><speed>1.081469</speed><course>254.157607</course><hAcc>0.979321</hAcc><vAcc>0.756704</vAcc></extensions></trkpt>
      <trkpt lon="-82.148634" lat="33.554245"><ele>97.333951</ele><time>2025-09-14T14:28:08Z</time><extensions><speed>1.228364</speed><course>248.624011</course><hAcc>0.990387</hAcc><vAcc>0.756701</vAcc></extensions></trkpt>
      <trkpt lon="-82.148647" lat="33.554240"><ele>97.246128</ele><time>2025-09-14T14:28:09Z</time><extensions><speed>1.283962</speed><course>243.683195</course><hAcc>1.015958</hAcc><vAcc>0.756710</vAcc></extensions></trkpt>
      <trkpt lon="-82.148659" lat="33.554236"><ele>97.161196</ele><time>2025-09-14T14:28:10Z</time><extensions><speed>1.201390</speed><course>246.643191</course><hAcc>1.026568</hAcc><vAcc>0.756717</vAcc></extensions></trkpt>
      <trkpt lon="-82.148670" lat="33.554232"><ele>97.084393</ele><time>2025-09-14T14:28:11Z</time><extensions><speed>1.082248</speed><course>252.715490</course><hAcc>1.023920</hAcc><vAcc>0.756722</vAcc></extensions></trkpt>
      <trkpt lon="-82.148682" lat="33.554229"><ele>97.005873</ele><time>2025-09-14T14:28:12Z</time><extensions><speed>1.168942</speed><course>255.129989</course><hAcc>1.018706</hAcc><vAcc>0.756726</vAcc></extensions></trkpt>
      <trkpt lon="-82.148696" lat="33.554226"><ele>96.939867</ele><time>2025-09-14T14:28:13Z</time><extensions><speed>1.449274</speed><course>254.467873</course><hAcc>1.019369</hAcc><vAcc>0.756729</vAcc></extensions></trkpt>
      <trkpt lon="-82.148711" lat="33.554222"><ele>96.880454</ele><time>2025-09-14T14:28:14Z</time><extensions><speed>1.555113</speed><course>252.153099</course><hAcc>1.018153</hAcc><vAcc>0.756732</vAcc></extensions></trkpt>
      <trkpt lon="-82.148726" lat="33.554218"><ele>96.830204</ele><time>2025-09-14T14:28:15Z</time><extensions><speed>1.381484</speed><course>247.750045</course><hAcc>1.046391</hAcc><vAcc>0.756734</vAcc></extensions></trkpt>
      <trkpt lon="-82.148739" lat="33.554213"><ele>96.795810</ele><time>2025-09-14T14:28:16Z</time><extensions><speed>1.214672</speed><course>245.695836</course><hAcc>1.014356</hAcc><vAcc>0.756735</vAcc></extensions></trkpt>
      <trkpt lon="-82.148750" lat="33.554209"><ele>96.773392</ele><time>2025-09-14T14:28:17Z</time><extensions><speed>1.098077</speed><course>252.844908</course><hAcc>0.999559</hAcc><vAcc>0.756737</vAcc></extensions></trkpt>
      <trkpt lon="-82.148762" lat="33.554207"><ele>96.758197</ele><time>2025-09-14T14:28:18Z</time><extensions><speed>1.158099</speed><course>257.858628</course><hAcc>1.015058</hAcc><vAcc>0.756738</vAcc></extensions></trkpt>
      <trkpt lon="-82.148775" lat="33.554204"><ele>96.755443</ele><time>2025-09-14T14:28:19Z</time><extensions><speed>1.309959</speed><course>257.806273</course><hAcc>1.002980</hAcc><vAcc>0.756739</vAcc></extensions></trkpt>
      <trkpt lon="-82.148789" lat="33.554202"><ele>96.761739</ele><time>2025-09-14T14:28:20Z</time><extensions><speed>1.354316</speed><course>255.744558</course><hAcc>0.999808</hAcc><vAcc>0.756739</vAcc></extensions></trkpt>
      <trkpt lon="-82.148803" lat="33.554198"><ele>96.764861</ele><time>2025-09-14T14:28:21Z</time><extensions><speed>1.257903</speed><course>252.430336</course><hAcc>1.024858</hAcc><vAcc>0.756740</vAcc></extensions></trkpt>
      <trkpt lon="-82.148814" lat="33.554196"><ele>96.774351</ele><time>2025-09-14T14:28:22Z</time><extensions><speed>0.994119</speed><course>255.031100</course><hAcc>0.993467</hAcc><vAcc>0.756741</vAcc></extensions></trkpt>
      <trkpt lon="-82.148825" lat="33.554193"><ele>96.782384</ele><time>2025-09-14T14:28:23Z</time><extensions><speed>0.991518</speed><course>254.343864</course><hAcc>0.988781</hAcc><vAcc>0.756741</vAcc></extensions></trkpt>
      <trkpt lon="-82.148836" lat="33.554191"><ele>96.788702</ele><time>2025-09-14T14:28:24Z</time><extensions><speed>1.176887</speed><course>253.127011</course><hAcc>0.991423</hAcc><vAcc>0.756741</vAcc></extensions></trkpt>
      <trkpt lon="-82.148849" lat="33.554187"><ele>96.802055</ele><time>2025-09-14T14:28:25Z</time><extensions><speed>1.330894</speed><course>251.213782</course><hAcc>0.989283</hAcc><vAcc>0.756741</vAcc></extensions></trkpt>
      <trkpt lon="-82.148862" lat="33.554183"><ele>96.817333</ele><time>2025-09-14T14:28:26Z</time><extensions><speed>1.264216</speed><course>250.578867</course><hAcc>0.993295</hAcc><vAcc>0.756741</vAcc></extensions></trkpt>
      <trkpt lon="-82.148874" lat="33.554180"><ele>96.840116</ele><time>2025-09-14T14:28:27Z</time><extensions><speed>1.066453</speed><course>248.855174</course><hAcc>0.978454</hAcc><vAcc>0.756742</vAcc></extensions></trkpt>
      <trkpt lon="-82.148884" lat="33.554176"><ele>96.860386</ele><time>2025-09-14T14:28:28Z</time><extensions><speed>0.919485</speed><course>249.311900</course><hAcc>0.991608</hAcc><vAcc>0.756742</vAcc></extensions></trkpt>
      <trkpt lon="-82.148894" lat="33.554173"><ele>96.878193</ele><time>2025-09-14T14:28:29Z</time><extensions><speed>1.166875</speed><course>250.802685</course><hAcc>0.978987</hAcc><vAcc>0.756742</vAcc></extensions></trkpt>
      <trkpt lon="-82.148907" lat="33.554170"><ele>96.895474</ele><time>2025-09-14T14:28:30Z</time><extensions><speed>1.261647</speed><course>252.638749</course><hAcc>0.976088</hAcc><vAcc>0.756742</vAcc></extensions></trkpt>
      <trkpt lon="-82.148920" lat="33.554166"><ele>96.909912</ele><time>2025-09-14T14:28:31Z</time><extensions><speed>1.312859</speed><course>254.047127</course><hAcc>0.965622</hAcc><vAcc>0.756742</vAcc></extensions></trkpt>
      <trkpt lon="-82.148933" lat="33.554163"><ele>96.918470</ele><time>2025-09-14T14:28:32Z</time><extensions><speed>1.331421</speed><course>253.922478</course><hAcc>0.966088</hAcc><vAcc>0.756742</vAcc></extensions></trkpt>
      <trkpt lon="-82.148947" lat="33.554160"><ele>96.931615</ele><time>2025-09-14T14:28:33Z</time><extensions><speed>1.291113</speed><course>254.675434</course><hAcc>0.988978</hAcc><vAcc>0.756742</vAcc></extensions></trkpt>
      <trkpt lon="-82.148960" lat="33.554158"><ele>96.952086</ele><time>2025-09-14T14:28:34Z</time><extensions><speed>1.200621</speed><course>260.631656</course><hAcc>0.965706</hAcc><vAcc>0.756742</vAcc></extensions></trkpt>
      <trkpt lon="-82.148973" lat="33.554156"><ele>96.984896</ele><time>2025-09-14T14:28:35Z</time><extensions><speed>1.212481</speed><course>266.266291</course><hAcc>0.955525</hAcc><vAcc>0.756742</vAcc></extensions></trkpt>
      <trkpt lon="-82.148987" lat="33.554156"><ele>97.031890</ele><time>2025-09-14T14:28:36Z</time><extensions><speed>1.334905</speed><course>268.875382</course><hAcc>0.956489</hAcc><vAcc>0.756742</vAcc></extensions></trkpt>
      <trkpt lon="-82.149002" lat="33.554156"><ele>97.085699</ele><time>2025-09-14T14:28:37Z</time><extensions><speed>1.406783</speed><course>273.901849</course><hAcc>0.963500</hAcc><vAcc>0.756742</vAcc></extensions></trkpt>
      <trkpt lon="-82.149016" lat="33.554157"><ele>97.142501</ele><time>2025-09-14T14:28:38Z</time><extensions><speed>1.301206</speed><course>276.910528</course><hAcc>0.986321</hAcc><vAcc>0.756742</vAcc></extensions></trkpt>
      <trkpt lon="-82.149029" lat="33.554159"><ele>97.198891</ele><time>2025-09-14T14:28:39Z</time><extensions><speed>1.101861</speed><course>278.264889</course><hAcc>0.968288</hAcc><vAcc>0.756742</vAcc></extensions></trkpt>
      <trkpt lon="-82.149040" lat="33.554160"><ele>97.257162</ele><time>2025-09-14T14:28:40Z</time><extensions><speed>1.008575</speed><course>274.671831</course><hAcc>0.956502</hAcc><vAcc>0.756742</vAcc></extensions></trkpt>
      <trkpt lon="-82.149051" lat="33.554160"><ele>97.312106</ele><time>2025-09-14T14:28:41Z</time><extensions><speed>1.089404</speed><course>271.923438</course><hAcc>0.968319</hAcc><vAcc>0.756742</vAcc></extensions></trkpt>
      <trkpt lon="-82.149064" lat="33.554161"><ele>97.373861</ele><time>2025-09-14T14:28:42Z</time><extensions><speed>1.227798</speed><course>275.655277</course><hAcc>0.962988</hAcc><vAcc>0.756742</vAcc></extensions></trkpt>
      <trkpt lon="-82.149077" lat="33.554163"><ele>97.444369</ele><time>2025-09-14T14:28:43Z</time><extensions><speed>1.302436</speed><course>281.201261</course><hAcc>0.960141</hAcc><vAcc>0.756742</vAcc></extensions></trkpt>
      <trkpt lon="-82.149091" lat="33.554166"><ele>97.528725</ele><time>2025-09-14T14:28:44Z</time><extensions><speed>1.276189</speed><course>287.094578</course><hAcc>0.993532</hAcc><vAcc>0.756742</vAcc></extensions></trkpt>
      <trkpt lon="-82.149103" lat="33.554170"><ele>97.610538</ele><time>2025-09-14T14:28:45Z</time><extensions><speed>1.179122</speed><course>296.760932</course><hAcc>0.960808</hAcc><vAcc>0.756742</vAcc></extensions></trkpt>
      <trkpt lon="-82.149114" lat="33.554175"><ele>97.694675</ele><time>2025-09-14T14:28:46Z</time><extensions><speed>1.252027</speed><course>301.537495</course><hAcc>0.956918</hAcc><vAcc>0.756742</vAcc></extensions></trkpt>
      <trkpt lon="-82.149127" lat="33.554181"><ele>97.781656</ele><time>2025-09-14T14:28:47Z</time><extensions><speed>1.410208</speed><course>302.495432</course><hAcc>0.961416</hAcc><vAcc>0.756742</vAcc></extensions></trkpt>
      <trkpt lon="-82.149140" lat="33.554188"><ele>97.867481</ele><time>2025-09-14T14:28:48Z</time><extensions><speed>1.448413</speed><course>302.625106</course><hAcc>0.959286</hAcc><vAcc>0.756742</vAcc></extensions></trkpt>
      <trkpt lon="-82.149152" lat="33.554195"><ele>97.946267</ele><time>2025-09-14T14:28:49Z</time><extensions><speed>1.310227</speed><course>302.626418</course><hAcc>0.979907</hAcc><vAcc>0.756742</vAcc></extensions></trkpt>
      <trkpt lon="-82.149163" lat="33.554201"><ele>98.024794</ele><time>2025-09-14T14:28:50Z</time><extensions><speed>1.119301</speed><course>308.352594</course><hAcc>0.946083</hAcc><vAcc>0.756742</vAcc></extensions></trkpt>
      <trkpt lon="-82.149172" lat="33.554208"><ele>98.106450</ele><time>2025-09-14T14:28:51Z</time><extensions><speed>1.135772</speed><course>312.781333</course><hAcc>0.943788</hAcc><vAcc>0.756742</vAcc></extensions></trkpt>
      <trkpt lon="-82.149181" lat="33.554215"><ele>98.189310</ele><time>2025-09-14T14:28:52Z</time><extensions><speed>1.279689</speed><course>312.642552</course><hAcc>0.942193</hAcc><vAcc>0.756742</vAcc></extensions></trkpt>
      <trkpt lon="-82.149191" lat="33.554223"><ele>98.271498</ele><time>2025-09-14T14:28:53Z</time><extensions><speed>1.234355</speed><course>314.121701</course><hAcc>0.988780</hAcc><vAcc>0.756742</vAcc></extensions></trkpt>
      <trkpt lon="-82.149200" lat="33.554230"><ele>98.356817</ele><time>2025-09-14T14:28:54Z</time><extensions><speed>1.003194</speed><course>317.324370</course><hAcc>0.982680</hAcc><vAcc>0.756742</vAcc></extensions></trkpt>
      <trkpt lon="-82.149207" lat="33.554237"><ele>98.437742</ele><time>2025-09-14T14:28:55Z</time><extensions><speed>1.095262</speed><course>319.523098</course><hAcc>0.973579</hAcc><vAcc>0.756742</vAcc></extensions></trkpt>
      <trkpt lon="-82.149215" lat="33.554246"><ele>98.514255</ele><time>2025-09-14T14:28:56Z</time><extensions><speed>1.260769</speed><course>323.410148</course><hAcc>0.994239</hAcc><vAcc>0.756742</vAcc></extensions></trkpt>
      <trkpt lon="-82.149223" lat="33.554255"><ele>98.587960</ele><time>2025-09-14T14:28:57Z</time><extensions><speed>1.352536</speed><course>324.151191</course><hAcc>1.004645</hAcc><vAcc>0.756742</vAcc></extensions></trkpt>
      <trkpt lon="-82.149232" lat="33.554265"><ele>98.662190</ele><time>2025-09-14T14:28:58Z</time><extensions><speed>1.319184</speed><course>327.115417</course><hAcc>1.027316</hAcc><vAcc>0.757012</vAcc></extensions></trkpt>
      <trkpt lon="-82.149238" lat="33.554275"><ele>98.733287</ele><time>2025-09-14T14:28:59Z</time><extensions><speed>1.254183</speed><course>336.445339</course><hAcc>1.018420</hAcc><vAcc>0.757136</vAcc></extensions></trkpt>
      <trkpt lon="-82.149242" lat="33.554286"><ele>98.801591</ele><time>2025-09-14T14:29:00Z</time><extensions><speed>1.215412</speed><course>345.283961</course><hAcc>1.016215</hAcc><vAcc>0.757284</vAcc></extensions></trkpt>
      <trkpt lon="-82.149245" lat="33.554297"><ele>98.861658</ele><time>2025-09-14T14:29:01Z</time><extensions><speed>1.260106</speed><course>351.254053</course><hAcc>1.017171</hAcc><vAcc>0.757456</vAcc></extensions></trkpt>
      <trkpt lon="-82.149247" lat="33.554308"><ele>98.923893</ele><time>2025-09-14T14:29:02Z</time><extensions><speed>1.251548</speed><course>350.122896</course><hAcc>1.015182</hAcc><vAcc>0.757649</vAcc></extensions></trkpt>
      <trkpt lon="-82.149250" lat="33.554318"><ele>98.985175</ele><time>2025-09-14T14:29:03Z</time><extensions><speed>1.145990</speed><course>346.662944</course><hAcc>1.019380</hAcc><vAcc>0.757918</vAcc></extensions></trkpt>
      <trkpt lon="-82.149253" lat="33.554328"><ele>99.028314</ele><time>2025-09-14T14:29:04Z</time><extensions><speed>1.116984</speed><course>344.327312</course><hAcc>1.030945</hAcc><vAcc>0.758160</vAcc></extensions></trkpt>
      <trkpt lon="-82.149255" lat="33.554338"><ele>99.069519</ele><time>2025-09-14T14:29:05Z</time><extensions><speed>1.106495</speed><course>352.090907</course><hAcc>1.024686</hAcc><vAcc>0.758400</vAcc></extensions></trkpt>
      <trkpt lon="-82.149257" lat="33.554348"><ele>99.099489</ele><time>2025-09-14T14:29:06Z</time><extensions><speed>1.047840</speed><course>355.131216</course><hAcc>1.028262</hAcc><vAcc>0.758615</vAcc></extensions></trkpt>
      <trkpt lon="-82.149258" lat="33.554357"><ele>99.124608</ele><time>2025-09-14T14:29:07Z</time><extensions><speed>1.031905</speed><course>355.340449</course><hAcc>1.042556</hAcc><vAcc>0.758778</vAcc></extensions></trkpt>
      <trkpt lon="-82.149259" lat="33.554367"><ele>99.146390</ele><time>2025-09-14T14:29:08Z</time><extensions><speed>1.124045</speed><course>349.218605</course><hAcc>1.064801</hAcc><vAcc>0.758857</vAcc></extensions></trkpt>
      <trkpt lon="-82.149262" lat="33.554377"><ele>99.146731</ele><time>2025-09-14T14:29:09Z</time><extensions><speed>1.259470</speed><course>345.390030</course><hAcc>1.044251</hAcc><vAcc>0.758833</vAcc></extensions></trkpt>
      <trkpt lon="-82.149266" lat="33.554388"><ele>99.147013</ele><time>2025-09-14T14:29:10Z</time><extensions><speed>1.260157</speed><course>343.402506</course><hAcc>1.049528</hAcc><vAcc>0.758724</vAcc></extensions></trkpt>
      <trkpt lon="-82.149269" lat="33.554399"><ele>99.142706</ele><time>2025-09-14T14:29:11Z</time><extensions><speed>1.184479</speed><course>345.364950</course><hAcc>1.066930</hAcc><vAcc>0.758560</vAcc></extensions></trkpt>
      <trkpt lon="-82.149272" lat="33.554409"><ele>99.132419</ele><time>2025-09-14T14:29:12Z</time><extensions><speed>1.212138</speed><course>350.750156</course><hAcc>1.047939</hAcc><vAcc>0.758362</vAcc></extensions></trkpt>
      <trkpt lon="-82.149274" lat="33.554420"><ele>99.120072</ele><time>2025-09-14T14:29:13Z</time><extensions><speed>1.247768</speed><course>351.839212</course><hAcc>1.054251</hAcc><vAcc>0.758147</vAcc></extensions></trkpt>
      <trkpt lon="-82.149276" lat="33.554432"><ele>99.100731</ele><time>2025-09-14T14:29:14Z</time><extensions><speed>1.316962</speed><course>347.055642</course><hAcc>1.048757</hAcc><vAcc>0.757925</vAcc></extensions></trkpt>
      <trkpt lon="-82.149280" lat="33.554443"><ele>99.078338</ele><time>2025-09-14T14:29:15Z</time><extensions><speed>1.279698</speed><course>342.781790</course><hAcc>1.045606</hAcc><vAcc>0.757711</vAcc></extensions></trkpt>
      <trkpt lon="-82.149284" lat="33.554454"><ele>99.057725</ele><time>2025-09-14T14:29:16Z</time><extensions><speed>1.291822</speed><course>340.597956</course><hAcc>1.048651</hAcc><vAcc>0.757514</vAcc></extensions></trkpt>
      <trkpt lon="-82.149289" lat="33.554466"><ele>99.043837</ele><time>2025-09-14T14:29:17Z</time><extensions><speed>1.400024</speed><course>344.040164</course><hAcc>1.033478</hAcc><vAcc>0.757342</vAcc></extensions></trkpt>
      <trkpt lon="-82.149293" lat="33.554478"><ele>99.032385</ele><time>2025-09-14T14:29:18Z</time><extensions><speed>1.463175</speed><course>345.765932</course><hAcc>1.028056</hAcc><vAcc>0.757197</vAcc></extensions></trkpt>
      <trkpt lon="-82.149297" lat="33.554490"><ele>99.027934</ele><time>2025-09-14T14:29:19Z</time><extensions><speed>1.313444</speed><course>341.100173</course><hAcc>1.042495</hAcc><vAcc>0.757081</vAcc></extensions></trkpt>
      <trkpt lon="-82.149302" lat="33.554501"><ele>99.032042</ele><time>2025-09-14T14:29:20Z</time><extensions><speed>1.201163</speed><course>336.002801</course><hAcc>1.030825</hAcc><vAcc>0.756991</vAcc></extensions></trkpt>
      <trkpt lon="-82.149307" lat="33.554510"><ele>99.048243</ele><time>2025-09-14T14:29:21Z</time><extensions><speed>1.176528</speed><course>334.858340</course><hAcc>1.037042</hAcc><vAcc>0.756921</vAcc></extensions></trkpt>
      <trkpt lon="-82.149313" lat="33.554520"><ele>99.079361</ele><time>2025-09-14T14:29:22Z</time><extensions><speed>1.243271</speed><course>337.365519</course><hAcc>1.035878</hAcc><vAcc>0.756864</vAcc></extensions></trkpt>
      <trkpt lon="-82.149318" lat="33.554531"><ele>99.115492</ele><time>2025-09-14T14:29:23Z</time><extensions><speed>1.295644</speed><course>339.755136</course><hAcc>1.029276</hAcc><vAcc>0.756823</vAcc></extensions></trkpt>
      <trkpt lon="-82.149322" lat="33.554542"><ele>99.159596</ele><time>2025-09-14T14:29:24Z</time><extensions><speed>1.323484</speed><course>340.946594</course><hAcc>1.033276</hAcc><vAcc>0.756795</vAcc></extensions></trkpt>
      <trkpt lon="-82.149327" lat="33.554553"><ele>99.222288</ele><time>2025-09-14T14:29:25Z</time><extensions><speed>1.232662</speed><course>342.434681</course><hAcc>1.060646</hAcc><vAcc>0.756776</vAcc></extensions></trkpt>
      <trkpt lon="-82.149330" lat="33.554563"><ele>99.296417</ele><time>2025-09-14T14:29:26Z</time><extensions><speed>1.110446</speed><course>346.817302</course><hAcc>1.032294</hAcc><vAcc>0.756763</vAcc></extensions></trkpt>
      <trkpt lon="-82.149333" lat="33.554573"><ele>99.380552</ele><time>2025-09-14T14:29:27Z</time><extensions><speed>1.077725</speed><course>347.070641</course><hAcc>1.025767</hAcc><vAcc>0.756756</vAcc></extensions></trkpt>
      <trkpt lon="-82.149336" lat="33.554583"><ele>99.472867</ele><time>2025-09-14T14:29:28Z</time><extensions><speed>1.155844</speed><course>344.946551</course><hAcc>1.030972</hAcc><vAcc>0.756751</vAcc></extensions></trkpt>
      <trkpt lon="-82.149339" lat="33.554593"><ele>99.580121</ele><time>2025-09-14T14:29:29Z</time><extensions><speed>1.224568</speed><course>341.566012</course><hAcc>1.039082</hAcc><vAcc>0.756749</vAcc></extensions></trkpt>
      <trkpt lon="-82.149344" lat="33.554603"><ele>99.694852</ele><time>2025-09-14T14:29:30Z</time><extensions><speed>1.186564</speed><course>338.367893</course><hAcc>1.056675</hAcc><vAcc>0.756747</vAcc></extensions></trkpt>
      <trkpt lon="-82.149348" lat="33.554612"><ele>99.810847</ele><time>2025-09-14T14:29:31Z</time><extensions><speed>1.065531</speed><course>336.566954</course><hAcc>1.044136</hAcc><vAcc>0.756746</vAcc></extensions></trkpt>
      <trkpt lon="-82.149353" lat="33.554621"><ele>99.928751</ele><time>2025-09-14T14:29:32Z</time><extensions><speed>1.071604</speed><course>337.582395</course><hAcc>1.048761</hAcc><vAcc>0.756746</vAcc></extensions></trkpt>
      <trkpt lon="-82.149357" lat="33.554630"><ele>100.047755</ele><time>2025-09-14T14:29:33Z</time><extensions><speed>1.112659</speed><course>338.661121</course><hAcc>1.060566</hAcc><vAcc>0.756745</vAcc></extensions></trkpt>
      <trkpt lon="-82.149361" lat="33.554640"><ele>100.166131</ele><time>2025-09-14T14:29:34Z</time><extensions><speed>1.110714</speed><course>341.252681</course><hAcc>1.070439</hAcc><vAcc>0.756744</vAcc></extensions></trkpt>
      <trkpt lon="-82.149365" lat="33.554649"><ele>100.276817</ele><time>2025-09-14T14:29:35Z</time><extensions><speed>1.104201</speed><course>340.059700</course><hAcc>1.075767</hAcc><vAcc>0.756743</vAcc></extensions></trkpt>
      <trkpt lon="-82.149370" lat="33.554658"><ele>100.390315</ele><time>2025-09-14T14:29:36Z</time><extensions><speed>1.007944</speed><course>335.182732</course><hAcc>1.073096</hAcc><vAcc>0.756742</vAcc></extensions></trkpt>
      <trkpt lon="-82.149375" lat="33.554666"><ele>100.498016</ele><time>2025-09-14T14:29:37Z</time><extensions><speed>1.036968</speed><course>329.102869</course><hAcc>1.060124</hAcc><vAcc>0.756741</vAcc></extensions></trkpt>
      <trkpt lon="-82.149381" lat="33.554675"><ele>100.599020</ele><time>2025-09-14T14:29:38Z</time><extensions><speed>1.220580</speed><course>327.287608</course><hAcc>1.060468</hAcc><vAcc>0.756741</vAcc></extensions></trkpt>
      <trkpt lon="-82.149389" lat="33.554685"><ele>100.694533</ele><time>2025-09-14T14:29:39Z</time><extensions><speed>1.396354</speed><course>325.454996</course><hAcc>1.050079</hAcc><vAcc>0.756740</vAcc></extensions></trkpt>
      <trkpt lon="-82.149398" lat="33.554695"><ele>100.777321</ele><time>2025-09-14T14:29:40Z</time><extensions><speed>1.343141</speed><course>323.356238</course><hAcc>1.053719</hAcc><vAcc>0.756740</vAcc></extensions></trkpt>
      <trkpt lon="-82.149406" lat="33.554704"><ele>100.855024</ele><time>2025-09-14T14:29:41Z</time><extensions><speed>1.282235</speed><course>321.927728</course><hAcc>1.028738</hAcc><vAcc>0.756740</vAcc></extensions></trkpt>
      <trkpt lon="-82.149414" lat="33.554713"><ele>100.927291</ele><time>2025-09-14T14:29:42Z</time><extensions><speed>1.175686</speed><course>323.302484</course><hAcc>1.040782</hAcc><vAcc>0.756739</vAcc></extensions></trkpt>
      <trkpt lon="-82.149421" lat="33.554721"><ele>100.990311</ele><time>2025-09-14T14:29:43Z</time><extensions><speed>1.130211</speed><course>328.447432</course><hAcc>1.017725</hAcc><vAcc>0.756739</vAcc></extensions></trkpt>
      <trkpt lon="-82.149428" lat="33.554731"><ele>101.040543</ele><time>2025-09-14T14:29:44Z</time><extensions><speed>1.276502</speed><course>329.447067</course><hAcc>1.014946</hAcc><vAcc>0.756739</vAcc></extensions></trkpt>
      <trkpt lon="-82.149435" lat="33.554741"><ele>101.082073</ele><time>2025-09-14T14:29:45Z</time><extensions><speed>1.373449</speed><course>327.547171</course><hAcc>1.026678</hAcc><vAcc>0.756739</vAcc></extensions></trkpt>
      <trkpt lon="-82.149443" lat="33.554751"><ele>101.107270</ele><time>2025-09-14T14:29:46Z</time><extensions><speed>1.295340</speed><course>326.839643</course><hAcc>1.047283</hAcc><vAcc>0.756739</vAcc></extensions></trkpt>
      <trkpt lon="-82.149451" lat="33.554760"><ele>101.133623</ele><time>2025-09-14T14:29:47Z</time><extensions><speed>1.193222</speed><course>322.945824</course><hAcc>1.035890</hAcc><vAcc>0.756739</vAcc></extensions></trkpt>
      <trkpt lon="-82.149458" lat="33.554768"><ele>101.148849</ele><time>2025-09-14T14:29:48Z</time><extensions><speed>1.109205</speed><course>321.608734</course><hAcc>1.035644</hAcc><vAcc>0.756739</vAcc></extensions></trkpt>
      <trkpt lon="-82.149466" lat="33.554776"><ele>101.147010</ele><time>2025-09-14T14:29:49Z</time><extensions><speed>1.112719</speed><course>320.069547</course><hAcc>1.039847</hAcc><vAcc>0.756753</vAcc></extensions></trkpt>
      <trkpt lon="-82.149474" lat="33.554784"><ele>101.133786</ele><time>2025-09-14T14:29:50Z</time><extensions><speed>1.239201</speed><course>316.728533</course><hAcc>1.041335</hAcc><vAcc>0.756759</vAcc></extensions></trkpt>
      <trkpt lon="-82.149484" lat="33.554792"><ele>101.124549</ele><time>2025-09-14T14:29:51Z</time><extensions><speed>1.383525</speed><course>312.756379</course><hAcc>1.039191</hAcc><vAcc>0.756766</vAcc></extensions></trkpt>
      <trkpt lon="-82.149496" lat="33.554801"><ele>101.110742</ele><time>2025-09-14T14:29:52Z</time><extensions><speed>1.395979</speed><course>309.347885</course><hAcc>1.043674</hAcc><vAcc>0.756775</vAcc></extensions></trkpt>
      <trkpt lon="-82.149507" lat="33.554808"><ele>101.091050</ele><time>2025-09-14T14:29:53Z</time><extensions><speed>1.297997</speed><course>304.240826</course><hAcc>1.062975</hAcc><vAcc>0.756784</vAcc></extensions></trkpt>
      <trkpt lon="-82.149519" lat="33.554814"><ele>101.063077</ele><time>2025-09-14T14:29:54Z</time><extensions><speed>1.230704</speed><course>297.730578</course><hAcc>1.047622</hAcc><vAcc>0.756794</vAcc></extensions></trkpt>
      <trkpt lon="-82.149531" lat="33.554819"><ele>101.033394</ele><time>2025-09-14T14:29:55Z</time><extensions><speed>1.230859</speed><course>297.036372</course><hAcc>1.050010</hAcc><vAcc>0.756805</vAcc></extensions></trkpt>
      <trkpt lon="-82.149542" lat="33.554824"><ele>100.980900</ele><time>2025-09-14T14:29:56Z</time><extensions><speed>1.247438</speed><course>301.780547</course><hAcc>1.059104</hAcc><vAcc>0.756815</vAcc></extensions></trkpt>
      <trkpt lon="-82.149554" lat="33.554831"><ele>100.916718</ele><time>2025-09-14T14:29:57Z</time><extensions><speed>1.385053</speed><course>309.202966</course><hAcc>1.053187</hAcc><vAcc>0.756824</vAcc></extensions></trkpt>
      <trkpt lon="-82.149565" lat="33.554840"><ele>100.841691</ele><time>2025-09-14T14:29:58Z</time><extensions><speed>1.539519</speed><course>313.974212</course><hAcc>1.052556</hAcc><vAcc>0.756830</vAcc></extensions></trkpt>
      <trkpt lon="-82.149577" lat="33.554849"><ele>100.765122</ele><time>2025-09-14T14:29:59Z</time><extensions><speed>1.394666</speed><course>314.238545</course><hAcc>1.073160</hAcc><vAcc>0.756832</vAcc></extensions></trkpt>
      <trkpt lon="-82.149587" lat="33.554859"><ele>100.685830</ele><time>2025-09-14T14:30:00Z</time><extensions><speed>1.373089</speed><course>321.701633</course><hAcc>1.043145</hAcc><vAcc>0.756829</vAcc></extensions></trkpt>
      <trkpt lon="-82.149595" lat="33.554869"><ele>100.603733</ele><time>2025-09-14T14:30:01Z</time><extensions><speed>1.333245</speed><course>329.726115</course><hAcc>1.059567</hAcc><vAcc>0.756821</vAcc></extensions></trkpt>
      <trkpt lon="-82.149601" lat="33.554880"><ele>100.505994</ele><time>2025-09-14T14:30:02Z</time><extensions><speed>1.429339</speed><course>338.656731</course><hAcc>1.032098</hAcc><vAcc>0.756811</vAcc></extensions></trkpt>
      <trkpt lon="-82.149607" lat="33.554893"><ele>100.402869</ele><time>2025-09-14T14:30:03Z</time><extensions><speed>1.595234</speed><course>338.402676</course><hAcc>1.033731</hAcc><vAcc>0.756800</vAcc></extensions></trkpt>
      <trkpt lon="-82.149614" lat="33.554905"><ele>100.292625</ele><time>2025-09-14T14:30:04Z</time><extensions><speed>1.427633</speed><course>334.517616</course><hAcc>1.067069</hAcc><vAcc>0.756790</vAcc></extensions></trkpt>
      <trkpt lon="-82.149621" lat="33.554917"><ele>100.191845</ele><time>2025-09-14T14:30:05Z</time><extensions><speed>1.490239</speed><course>331.015214</course><hAcc>1.052880</hAcc><vAcc>0.756779</vAcc></extensions></trkpt>
      <trkpt lon="-82.149629" lat="33.554928"><ele>100.088707</ele><time>2025-09-14T14:30:06Z</time><extensions><speed>1.315267</speed><course>325.375089</course><hAcc>1.091451</hAcc><vAcc>0.756771</vAcc></extensions></trkpt>
      <trkpt lon="-82.149637" lat="33.554937"><ele>99.988068</ele><time>2025-09-14T14:30:07Z</time><extensions><speed>1.226920</speed><course>327.326022</course><hAcc>1.058031</hAcc><vAcc>0.756763</vAcc></extensions></trkpt>
      <trkpt lon="-82.149644" lat="33.554946"><ele>99.881763</ele><time>2025-09-14T14:30:08Z</time><extensions><speed>1.241685</speed><course>326.601687</course><hAcc>1.070682</hAcc><vAcc>0.756757</vAcc></extensions></trkpt>
      <trkpt lon="-82.149652" lat="33.554956"><ele>99.773118</ele><time>2025-09-14T14:30:09Z</time><extensions><speed>1.302724</speed><course>323.800423</course><hAcc>1.108061</hAcc><vAcc>0.756752</vAcc></extensions></trkpt>
      <trkpt lon="-82.149661" lat="33.554966"><ele>99.650480</ele><time>2025-09-14T14:30:10Z</time><extensions><speed>1.453483</speed><course>322.511211</course><hAcc>1.114128</hAcc><vAcc>0.756749</vAcc></extensions></trkpt>
      <trkpt lon="-82.149669" lat="33.554976"><ele>99.530176</ele><time>2025-09-14T14:30:11Z</time><extensions><speed>1.338974</speed><course>324.599087</course><hAcc>1.132807</hAcc><vAcc>0.756746</vAcc></extensions></trkpt>
      <trkpt lon="-82.149678" lat="33.554985"><ele>99.408324</ele><time>2025-09-14T14:30:12Z</time><extensions><speed>1.156996</speed><course>320.797536</course><hAcc>1.125245</hAcc><vAcc>0.756744</vAcc></extensions></trkpt>
      <trkpt lon="-82.149685" lat="33.554993"><ele>99.292535</ele><time>2025-09-14T14:30:13Z</time><extensions><speed>1.158098</speed><course>321.037920</course><hAcc>1.115052</hAcc><vAcc>0.756743</vAcc></extensions></trkpt>
      <trkpt lon="-82.149694" lat="33.555002"><ele>99.178939</ele><time>2025-09-14T14:30:14Z</time><extensions><speed>1.370452</speed><course>318.600238</course><hAcc>1.125817</hAcc><vAcc>0.756742</vAcc></extensions></trkpt>
      <trkpt lon="-82.149705" lat="33.555011"><ele>99.054745</ele><time>2025-09-14T14:30:15Z</time><extensions><speed>1.568549</speed><course>315.797085</course><hAcc>1.124032</hAcc><vAcc>0.756742</vAcc></extensions></trkpt>
      <trkpt lon="-82.149718" lat="33.555022"><ele>98.919125</ele><time>2025-09-14T14:30:16Z</time><extensions><speed>1.779780</speed><course>315.356647</course><hAcc>1.097808</hAcc><vAcc>0.756741</vAcc></extensions></trkpt>
      <trkpt lon="-82.149730" lat="33.555033"><ele>98.780546</ele><time>2025-09-14T14:30:17Z</time><extensions><speed>1.575316</speed><course>316.805107</course><hAcc>1.103847</hAcc><vAcc>0.756741</vAcc></extensions></trkpt>
      <trkpt lon="-82.149741" lat="33.555043"><ele>98.633834</ele><time>2025-09-14T14:30:18Z</time><extensions><speed>1.413871</speed><course>318.212844</course><hAcc>1.111153</hAcc><vAcc>0.756741</vAcc></extensions></trkpt>
      <trkpt lon="-82.149751" lat="33.555052"><ele>98.485524</ele><time>2025-09-14T14:30:19Z</time><extensions><speed>1.216867</speed><course>316.067960</course><hAcc>1.076042</hAcc><vAcc>0.756741</vAcc></extensions></trkpt>
      <trkpt lon="-82.149760" lat="33.555059"><ele>98.329236</ele><time>2025-09-14T14:30:20Z</time><extensions><speed>1.073591</speed><course>312.114975</course><hAcc>1.065731</hAcc><vAcc>0.756741</vAcc></extensions></trkpt>
      <trkpt lon="-82.149768" lat="33.555065"><ele>98.170776</ele><time>2025-09-14T14:30:21Z</time><extensions><speed>1.053543</speed><course>308.012234</course><hAcc>1.078762</hAcc><vAcc>0.756741</vAcc></extensions></trkpt>
      <trkpt lon="-82.149778" lat="33.555070"><ele>98.004773</ele><time>2025-09-14T14:30:22Z</time><extensions><speed>1.130159</speed><course>299.053213</course><hAcc>1.066739</hAcc><vAcc>0.756741</vAcc></extensions></trkpt>
      <trkpt lon="-82.149790" lat="33.555075"><ele>97.844769</ele><time>2025-09-14T14:30:23Z</time><extensions><speed>1.322560</speed><course>295.743202</course><hAcc>1.069929</hAcc><vAcc>0.756741</vAcc></extensions></trkpt>
      <trkpt lon="-82.149803" lat="33.555080"><ele>97.686162</ele><time>2025-09-14T14:30:24Z</time><extensions><speed>1.272057</speed><course>292.982850</course><hAcc>1.089706</hAcc><vAcc>0.756741</vAcc></extensions></trkpt>
      <trkpt lon="-82.149814" lat="33.555084"><ele>97.530015</ele><time>2025-09-14T14:30:25Z</time><extensions><speed>1.002606</speed><course>288.218163</course><hAcc>1.068679</hAcc><vAcc>0.756742</vAcc></extensions></trkpt>
      <trkpt lon="-82.149824" lat="33.555087"><ele>97.370747</ele><time>2025-09-14T14:30:26Z</time><extensions><speed>1.041203</speed><course>293.780532</course><hAcc>1.070033</hAcc><vAcc>0.756742</vAcc></extensions></trkpt>
      <trkpt lon="-82.149835" lat="33.555092"><ele>97.206430</ele><time>2025-09-14T14:30:27Z</time><extensions><speed>1.250264</speed><course>301.915751</course><hAcc>1.094244</hAcc><vAcc>0.756742</vAcc></extensions></trkpt>
      <trkpt lon="-82.149847" lat="33.555099"><ele>97.044511</ele><time>2025-09-14T14:30:28Z</time><extensions><speed>1.442804</speed><course>303.998102</course><hAcc>1.106323</hAcc><vAcc>0.757221</vAcc></extensions></trkpt>
      <trkpt lon="-82.149861" lat="33.555106"><ele>96.889506</ele><time>2025-09-14T14:30:29Z</time><extensions><speed>1.490278</speed><course>301.480294</course><hAcc>1.118068</hAcc><vAcc>0.757938</vAcc></extensions></trkpt>
      <trkpt lon="-82.149875" lat="33.555113"><ele>96.751681</ele><time>2025-09-14T14:30:30Z</time><extensions><speed>1.553571</speed><course>300.047254</course><hAcc>1.137806</hAcc><vAcc>0.758599</vAcc></extensions></trkpt>
      <trkpt lon="-82.149889" lat="33.555120"><ele>96.606235</ele><time>2025-09-14T14:30:31Z</time><extensions><speed>1.515574</speed><course>300.513589</course><hAcc>1.157176</hAcc><vAcc>0.759235</vAcc></extensions></trkpt>
      <trkpt lon="-82.149903" lat="33.555127"><ele>96.477260</ele><time>2025-09-14T14:30:32Z</time><extensions><speed>1.504883</speed><course>301.125509</course><hAcc>1.171860</hAcc><vAcc>0.760384</vAcc></extensions></trkpt>
      <trkpt lon="-82.149917" lat="33.555134"><ele>96.357360</ele><time>2025-09-14T14:30:33Z</time><extensions><speed>1.459529</speed><course>299.368530</course><hAcc>1.181204</hAcc><vAcc>0.761561</vAcc></extensions></trkpt>
      <trkpt lon="-82.149930" lat="33.555140"><ele>96.239197</ele><time>2025-09-14T14:30:34Z</time><extensions><speed>1.297586</speed><course>297.953051</course><hAcc>1.185055</hAcc><vAcc>0.762704</vAcc></extensions></trkpt>
      <trkpt lon="-82.149942" lat="33.555145"><ele>96.114428</ele><time>2025-09-14T14:30:35Z</time><extensions><speed>1.339669</speed><course>297.536866</course><hAcc>1.187567</hAcc><vAcc>0.763901</vAcc></extensions></trkpt>
      <trkpt lon="-82.149956" lat="33.555151"><ele>96.000992</ele><time>2025-09-14T14:30:36Z</time><extensions><speed>1.495567</speed><course>298.700276</course><hAcc>1.189367</hAcc><vAcc>0.765078</vAcc></extensions></trkpt>
      <trkpt lon="-82.149970" lat="33.555158"><ele>95.884005</ele><time>2025-09-14T14:30:37Z</time><extensions><speed>1.620378</speed><course>299.071886</course><hAcc>1.198060</hAcc><vAcc>0.766135</vAcc></extensions></trkpt>
      <trkpt lon="-82.149985" lat="33.555165"><ele>95.788366</ele><time>2025-09-14T14:30:38Z</time><extensions><speed>1.513056</speed><course>299.459128</course><hAcc>1.217347</hAcc><vAcc>0.766938</vAcc></extensions></trkpt>
      <trkpt lon="-82.149999" lat="33.555171"><ele>95.699344</ele><time>2025-09-14T14:30:39Z</time><extensions><speed>1.445219</speed><course>298.460467</course><hAcc>1.204166</hAcc><vAcc>0.767363</vAcc></extensions></trkpt>
      <trkpt lon="-82.150012" lat="33.555177"><ele>95.601233</ele><time>2025-09-14T14:30:40Z</time><extensions><speed>1.296523</speed><course>296.360227</course><hAcc>1.199421</hAcc><vAcc>0.767359</vAcc></extensions></trkpt>
      <trkpt lon="-82.150024" lat="33.555182"><ele>95.520628</ele><time>2025-09-14T14:30:41Z</time><extensions><speed>1.132384</speed><course>296.780381</course><hAcc>1.196324</hAcc><vAcc>0.766961</vAcc></extensions></trkpt>
      <trkpt lon="-82.150035" lat="33.555186"><ele>95.433488</ele><time>2025-09-14T14:30:42Z</time><extensions><speed>1.092916</speed><course>295.997935</course><hAcc>1.198091</hAcc><vAcc>0.766232</vAcc></extensions></trkpt>
      <trkpt lon="-82.150045" lat="33.555191"><ele>95.355216</ele><time>2025-09-14T14:30:43Z</time><extensions><speed>1.106723</speed><course>296.925575</course><hAcc>1.190970</hAcc><vAcc>0.765239</vAcc></extensions></trkpt>
      <trkpt lon="-82.150056" lat="33.555195"><ele>95.282407</ele><time>2025-09-14T14:30:44Z</time><extensions><speed>1.142752</speed><course>297.204500</course><hAcc>1.183031</hAcc><vAcc>0.764135</vAcc></extensions></trkpt>
      <trkpt lon="-82.150067" lat="33.555200"><ele>95.225835</ele><time>2025-09-14T14:30:45Z</time><extensions><speed>1.203153</speed><course>295.124050</course><hAcc>1.172575</hAcc><vAcc>0.763061</vAcc></extensions></trkpt>
      <trkpt lon="-82.150080" lat="33.555204"><ele>95.182104</ele><time>2025-09-14T14:30:46Z</time><extensions><speed>1.232942</speed><course>290.713617</course><hAcc>1.168792</hAcc><vAcc>0.762385</vAcc></extensions></trkpt>
      <trkpt lon="-82.150092" lat="33.555208"><ele>95.153604</ele><time>2025-09-14T14:30:47Z</time><extensions><speed>1.278104</speed><course>288.388844</course><hAcc>1.168353</hAcc><vAcc>0.761896</vAcc></extensions></trkpt>
      <trkpt lon="-82.150105" lat="33.555212"><ele>95.137913</ele><time>2025-09-14T14:30:48Z</time><extensions><speed>1.269623</speed><course>287.157453</course><hAcc>1.177282</hAcc><vAcc>0.761841</vAcc></extensions></trkpt>
      <trkpt lon="-82.150119" lat="33.555215"><ele>95.136800</ele><time>2025-09-14T14:30:49Z</time><extensions><speed>1.325192</speed><course>286.578547</course><hAcc>1.174492</hAcc><vAcc>0.762019</vAcc></extensions></trkpt>
      <trkpt lon="-82.150133" lat="33.555219"><ele>95.148884</ele><time>2025-09-14T14:30:50Z</time><extensions><speed>1.414924</speed><course>287.091663</course><hAcc>1.172314</hAcc><vAcc>0.762590</vAcc></extensions></trkpt>
      <trkpt lon="-82.150147" lat="33.555223"><ele>95.195297</ele><time>2025-09-14T14:30:51Z</time><extensions><speed>1.411133</speed><course>288.862165</course><hAcc>1.182205</hAcc><vAcc>0.763522</vAcc></extensions></trkpt>
      <trkpt lon="-82.150161" lat="33.555227"><ele>95.247795</ele><time>2025-09-14T14:30:52Z</time><extensions><speed>1.336745</speed><course>291.980271</course><hAcc>1.180523</hAcc><vAcc>0.764476</vAcc></extensions></trkpt>
      <trkpt lon="-82.150174" lat="33.555231"><ele>95.308902</ele><time>2025-09-14T14:30:53Z</time><extensions><speed>1.233545</speed><course>295.358592</course><hAcc>1.186834</hAcc><vAcc>0.765581</vAcc></extensions></trkpt>
      <trkpt lon="-82.150185" lat="33.555236"><ele>95.390947</ele><time>2025-09-14T14:30:54Z</time><extensions><speed>1.138217</speed><course>296.849374</course><hAcc>1.192305</hAcc><vAcc>0.766818</vAcc></extensions></trkpt>
      <trkpt lon="-82.150196" lat="33.555240"><ele>95.470280</ele><time>2025-09-14T14:30:55Z</time><extensions><speed>1.064532</speed><course>293.930873</course><hAcc>1.194804</hAcc><vAcc>0.767999</vAcc></extensions></trkpt>
      <trkpt lon="-82.150206" lat="33.555244"><ele>95.555551</ele><time>2025-09-14T14:30:56Z</time><extensions><speed>1.008130</speed><course>286.574657</course><hAcc>1.190328</hAcc><vAcc>0.768909</vAcc></extensions></trkpt>
      <trkpt lon="-82.150217" lat="33.555246"><ele>95.648508</ele><time>2025-09-14T14:30:57Z</time><extensions><speed>1.052879</speed><course>281.547633</course><hAcc>1.196390</hAcc><vAcc>0.769470</vAcc></extensions></trkpt>
      <trkpt lon="-82.150229" lat="33.555248"><ele>95.748879</ele><time>2025-09-14T14:30:58Z</time><extensions><speed>1.152760</speed><course>277.034013</course><hAcc>1.197307</hAcc><vAcc>0.769606</vAcc></extensions></trkpt>
      <trkpt lon="-82.150242" lat="33.555249"><ele>95.860197</ele><time>2025-09-14T14:30:59Z</time><extensions><speed>1.337007</speed><course>275.161718</course><hAcc>1.193426</hAcc><vAcc>0.769303</vAcc></extensions></trkpt>
      <trkpt lon="-82.150257" lat="33.555250"><ele>95.967154</ele><time>2025-09-14T14:31:00Z</time><extensions><speed>1.462702</speed><course>275.465640</course><hAcc>1.189685</hAcc><vAcc>0.768601</vAcc></extensions></trkpt>
      <trkpt lon="-82.150273" lat="33.555251"><ele>96.059054</ele><time>2025-09-14T14:31:01Z</time><extensions><speed>1.451538</speed><course>276.284846</course><hAcc>1.187610</hAcc><vAcc>0.767578</vAcc></extensions></trkpt>
      <trkpt lon="-82.150288" lat="33.555253"><ele>96.146713</ele><time>2025-09-14T14:31:02Z</time><extensions><speed>1.368925</speed><course>278.909758</course><hAcc>1.185739</hAcc><vAcc>0.766342</vAcc></extensions></trkpt>
      <trkpt lon="-82.150302" lat="33.555255"><ele>96.231465</ele><time>2025-09-14T14:31:03Z</time><extensions><speed>1.241594</speed><course>281.292285</course><hAcc>1.182645</hAcc><vAcc>0.765013</vAcc></extensions></trkpt>
      <trkpt lon="-82.150315" lat="33.555257"><ele>96.293086</ele><time>2025-09-14T14:31:04Z</time><extensions><speed>1.172832</speed><course>281.862886</course><hAcc>1.177658</hAcc><vAcc>0.763686</vAcc></extensions></trkpt>
      <trkpt lon="-82.150327" lat="33.555259"><ele>96.343924</ele><time>2025-09-14T14:31:05Z</time><extensions><speed>1.198337</speed><course>280.413938</course><hAcc>1.166025</hAcc><vAcc>0.762424</vAcc></extensions></trkpt>
      <trkpt lon="-82.150340" lat="33.555261"><ele>96.380469</ele><time>2025-09-14T14:31:06Z</time><extensions><speed>1.252990</speed><course>278.527845</course><hAcc>1.156293</hAcc><vAcc>0.761272</vAcc></extensions></trkpt>
      <trkpt lon="-82.150354" lat="33.555262"><ele>96.412369</ele><time>2025-09-14T14:31:07Z</time><extensions><speed>1.287941</speed><course>275.456622</course><hAcc>1.151420</hAcc><vAcc>0.760261</vAcc></extensions></trkpt>
      <trkpt lon="-82.150368" lat="33.555263"><ele>96.441440</ele><time>2025-09-14T14:31:08Z</time><extensions><speed>1.288731</speed><course>274.757906</course><hAcc>1.140773</hAcc><vAcc>0.759407</vAcc></extensions></trkpt>
      <trkpt lon="-82.150381" lat="33.555265"><ele>96.451303</ele><time>2025-09-14T14:31:09Z</time><extensions><speed>1.272811</speed><course>276.104743</course><hAcc>1.133648</hAcc><vAcc>0.758709</vAcc></extensions></trkpt>
      <trkpt lon="-82.150395" lat="33.555266"><ele>96.462767</ele><time>2025-09-14T14:31:10Z</time><extensions><speed>1.252534</speed><course>276.546255</course><hAcc>1.126657</hAcc><vAcc>0.758156</vAcc></extensions></trkpt>
      <trkpt lon="-82.150408" lat="33.555267"><ele>96.466415</ele><time>2025-09-14T14:31:11Z</time><extensions><speed>1.262148</speed><course>274.733835</course><hAcc>1.121223</hAcc><vAcc>0.757732</vAcc></extensions></trkpt>
      <trkpt lon="-82.150422" lat="33.555268"><ele>96.458546</ele><time>2025-09-14T14:31:12Z</time><extensions><speed>1.343837</speed><course>273.364260</course><hAcc>1.116012</hAcc><vAcc>0.757415</vAcc></extensions></trkpt>
      <trkpt lon="-82.150437" lat="33.555268"><ele>96.458346</ele><time>2025-09-14T14:31:13Z</time><extensions><speed>1.415697</speed><course>272.733581</course><hAcc>1.118448</hAcc><vAcc>0.757186</vAcc></extensions></trkpt>
      <trkpt lon="-82.150452" lat="33.555269"><ele>96.449131</ele><time>2025-09-14T14:31:14Z</time><extensions><speed>1.423728</speed><course>271.357776</course><hAcc>1.116899</hAcc><vAcc>0.757025</vAcc></extensions></trkpt>
      <trkpt lon="-82.150468" lat="33.555269"><ele>96.447431</ele><time>2025-09-14T14:31:15Z</time><extensions><speed>1.422949</speed><course>271.440735</course><hAcc>1.115199</hAcc><vAcc>0.756917</vAcc></extensions></trkpt>
      <trkpt lon="-82.150483" lat="33.555269"><ele>96.447083</ele><time>2025-09-14T14:31:16Z</time><extensions><speed>1.383981</speed><course>271.530440</course><hAcc>1.109624</hAcc><vAcc>0.756847</vAcc></extensions></trkpt>
      <trkpt lon="-82.150498" lat="33.555270"><ele>96.448404</ele><time>2025-09-14T14:31:17Z</time><extensions><speed>1.386870</speed><course>270.730267</course><hAcc>1.111635</hAcc><vAcc>0.756804</vAcc></extensions></trkpt>
      <trkpt lon="-82.150513" lat="33.555269"><ele>96.422998</ele><time>2025-09-14T14:31:18Z</time><extensions><speed>1.365199</speed><course>267.254375</course><hAcc>1.109089</hAcc><vAcc>0.756779</vAcc></extensions></trkpt>
      <trkpt lon="-82.150527" lat="33.555269"><ele>96.395095</ele><time>2025-09-14T14:31:19Z</time><extensions><speed>1.411706</speed><course>263.680366</course><hAcc>1.102452</hAcc><vAcc>0.756766</vAcc></extensions></trkpt>
      <trkpt lon="-82.150543" lat="33.555267"><ele>96.370021</ele><time>2025-09-14T14:31:20Z</time><extensions><speed>1.410032</speed><course>262.589765</course><hAcc>1.105162</hAcc><vAcc>0.756760</vAcc></extensions></trkpt>
      <trkpt lon="-82.150557" lat="33.555266"><ele>96.340071</ele><time>2025-09-14T14:31:21Z</time><extensions><speed>1.386276</speed><course>266.312444</course><hAcc>1.104926</hAcc><vAcc>0.756891</vAcc></extensions></trkpt>
      <trkpt lon="-82.150572" lat="33.555266"><ele>96.292182</ele><time>2025-09-14T14:31:22Z</time><extensions><speed>1.275440</speed><course>273.432763</course><hAcc>1.103282</hAcc><vAcc>0.756953</vAcc></extensions></trkpt>
      <trkpt lon="-82.150585" lat="33.555267"><ele>96.224963</ele><time>2025-09-14T14:31:23Z</time><extensions><speed>1.164355</speed><course>278.893652</course><hAcc>1.106203</hAcc><vAcc>0.757028</vAcc></extensions></trkpt>
      <trkpt lon="-82.150597" lat="33.555269"><ele>96.153629</ele><time>2025-09-14T14:31:24Z</time><extensions><speed>1.170437</speed><course>282.235546</course><hAcc>1.118186</hAcc><vAcc>0.757115</vAcc></extensions></trkpt>
      <trkpt lon="-82.150610" lat="33.555271"><ele>96.066255</ele><time>2025-09-14T14:31:25Z</time><extensions><speed>1.223143</speed><course>279.538556</course><hAcc>1.137344</hAcc><vAcc>0.757214</vAcc></extensions></trkpt>
      <trkpt lon="-82.150623" lat="33.555272"><ele>95.974878</ele><time>2025-09-14T14:31:26Z</time><extensions><speed>1.208809</speed><course>274.248594</course><hAcc>1.165058</hAcc><vAcc>0.757684</vAcc></extensions></trkpt>
      <trkpt lon="-82.150636" lat="33.555272"><ele>95.891651</ele><time>2025-09-14T14:31:27Z</time><extensions><speed>1.176335</speed><course>265.724661</course><hAcc>1.197692</hAcc><vAcc>0.758303</vAcc></extensions></trkpt>
      <trkpt lon="-82.150649" lat="33.555271"><ele>95.803265</ele><time>2025-09-14T14:31:28Z</time><extensions><speed>1.259341</speed><course>261.648163</course><hAcc>1.221736</hAcc><vAcc>0.758752</vAcc></extensions></trkpt>
      <trkpt lon="-82.150662" lat="33.555269"><ele>95.711937</ele><time>2025-09-14T14:31:29Z</time><extensions><speed>1.234901</speed><course>259.152357</course><hAcc>1.248377</hAcc><vAcc>0.759248</vAcc></extensions></trkpt>
      <trkpt lon="-82.150675" lat="33.555267"><ele>95.631418</ele><time>2025-09-14T14:31:30Z</time><extensions><speed>1.147839</speed><course>258.573565</course><hAcc>1.271858</hAcc><vAcc>0.759774</vAcc></extensions></trkpt>
      <trkpt lon="-82.150687" lat="33.555265"><ele>95.526056</ele><time>2025-09-14T14:31:31Z</time><extensions><speed>1.103034</speed><course>263.023205</course><hAcc>1.272686</hAcc><vAcc>0.760305</vAcc></extensions></trkpt>
      <trkpt lon="-82.150699" lat="33.555265"><ele>95.428622</ele><time>2025-09-14T14:31:32Z</time><extensions><speed>1.172551</speed><course>270.282491</course><hAcc>1.265071</hAcc><vAcc>0.760814</vAcc></extensions></trkpt>
      <trkpt lon="-82.150712" lat="33.555265"><ele>95.330382</ele><time>2025-09-14T14:31:33Z</time><extensions><speed>1.330116</speed><course>272.305298</course><hAcc>1.261227</hAcc><vAcc>0.761278</vAcc></extensions></trkpt>
      <trkpt lon="-82.150727" lat="33.555265"><ele>95.234831</ele><time>2025-09-14T14:31:34Z</time><extensions><speed>1.472059</speed><course>271.642134</course><hAcc>1.266398</hAcc><vAcc>0.761668</vAcc></extensions></trkpt>
      <trkpt lon="-82.150743" lat="33.555266"><ele>95.132294</ele><time>2025-09-14T14:31:35Z</time><extensions><speed>1.407181</speed><course>269.617964</course><hAcc>1.262407</hAcc><vAcc>0.761937</vAcc></extensions></trkpt>
      <trkpt lon="-82.150757" lat="33.555266"><ele>95.043918</ele><time>2025-09-14T14:31:36Z</time><extensions><speed>1.297346</speed><course>269.694003</course><hAcc>1.256025</hAcc><vAcc>0.762018</vAcc></extensions></trkpt>
      <trkpt lon="-82.150771" lat="33.555265"><ele>94.958676</ele><time>2025-09-14T14:31:37Z</time><extensions><speed>1.255122</speed><course>269.317954</course><hAcc>1.245901</hAcc><vAcc>0.761861</vAcc></extensions></trkpt>
      <trkpt lon="-82.150785" lat="33.555265"><ele>94.876789</ele><time>2025-09-14T14:31:38Z</time><extensions><speed>1.271467</speed><course>267.275902</course><hAcc>1.242776</hAcc><vAcc>0.761477</vAcc></extensions></trkpt>
      <trkpt lon="-82.150799" lat="33.555265"><ele>94.788041</ele><time>2025-09-14T14:31:39Z</time><extensions><speed>1.320383</speed><course>267.002556</course><hAcc>1.241557</hAcc><vAcc>0.760937</vAcc></extensions></trkpt>
      <trkpt lon="-82.150813" lat="33.555264"><ele>94.704985</ele><time>2025-09-14T14:31:40Z</time><extensions><speed>1.377531</speed><course>266.114071</course><hAcc>1.228900</hAcc><vAcc>0.760323</vAcc></extensions></trkpt>
      <trkpt lon="-82.150828" lat="33.555263"><ele>94.624363</ele><time>2025-09-14T14:31:41Z</time><extensions><speed>1.377432</speed><course>266.527524</course><hAcc>1.214875</hAcc><vAcc>0.759698</vAcc></extensions></trkpt>
      <trkpt lon="-82.150843" lat="33.555263"><ele>94.549828</ele><time>2025-09-14T14:31:42Z</time><extensions><speed>1.319098</speed><course>268.844945</course><hAcc>1.218309</hAcc><vAcc>0.759108</vAcc></extensions></trkpt>
      <trkpt lon="-82.150856" lat="33.555263"><ele>94.486819</ele><time>2025-09-14T14:31:43Z</time><extensions><speed>1.257708</speed><course>272.102819</course><hAcc>1.215598</hAcc><vAcc>0.758580</vAcc></extensions></trkpt>
      <trkpt lon="-82.150869" lat="33.555263"><ele>94.410611</ele><time>2025-09-14T14:31:44Z</time><extensions><speed>1.131468</speed><course>272.118130</course><hAcc>1.210462</hAcc><vAcc>0.758129</vAcc></extensions></trkpt>
      <trkpt lon="-82.150881" lat="33.555263"><ele>94.336758</ele><time>2025-09-14T14:31:45Z</time><extensions><speed>0.994740</speed><course>270.544261</course><hAcc>1.197793</hAcc><vAcc>0.757758</vAcc></extensions></trkpt>
      <trkpt lon="-82.150892" lat="33.555263"><ele>94.257980</ele><time>2025-09-14T14:31:46Z</time><extensions><speed>1.014638</speed><course>270.328542</course><hAcc>1.194876</hAcc><vAcc>0.757464</vAcc></extensions></trkpt>
      <trkpt lon="-82.150903" lat="33.555263"><ele>94.169848</ele><time>2025-09-14T14:31:47Z</time><extensions><speed>1.154442</speed><course>268.949748</course><hAcc>1.194410</hAcc><vAcc>0.757239</vAcc></extensions></trkpt>
      <trkpt lon="-82.150916" lat="33.555263"><ele>94.091622</ele><time>2025-09-14T14:31:48Z</time><extensions><speed>1.273219</speed><course>268.110404</course><hAcc>1.196790</hAcc><vAcc>0.757072</vAcc></extensions></trkpt>
      <trkpt lon="-82.150930" lat="33.555263"><ele>94.016798</ele><time>2025-09-14T14:31:49Z</time><extensions><speed>1.297210</speed><course>268.252731</course><hAcc>1.206610</hAcc><vAcc>0.756976</vAcc></extensions></trkpt>
      <trkpt lon="-82.150944" lat="33.555262"><ele>93.938038</ele><time>2025-09-14T14:31:50Z</time><extensions><speed>1.305374</speed><course>268.004377</course><hAcc>1.219604</hAcc><vAcc>0.756905</vAcc></extensions></trkpt>
      <trkpt lon="-82.150958" lat="33.555262"><ele>93.872855</ele><time>2025-09-14T14:31:51Z</time><extensions><speed>1.257950</speed><course>266.225206</course><hAcc>1.238776</hAcc><vAcc>0.756863</vAcc></extensions></trkpt>
      <trkpt lon="-82.150971" lat="33.555261"><ele>93.815905</ele><time>2025-09-14T14:31:52Z</time><extensions><speed>1.204281</speed><course>262.565153</course><hAcc>1.252818</hAcc><vAcc>0.756845</vAcc></extensions></trkpt>
      <trkpt lon="-82.150983" lat="33.555259"><ele>93.755262</ele><time>2025-09-14T14:31:53Z</time><extensions><speed>1.101311</speed><course>262.181041</course><hAcc>1.250483</hAcc><vAcc>0.756842</vAcc></extensions></trkpt>
      <trkpt lon="-82.150995" lat="33.555258"><ele>93.720987</ele><time>2025-09-14T14:31:54Z</time><extensions><speed>1.130532</speed><course>266.780753</course><hAcc>1.251679</hAcc><vAcc>0.756850</vAcc></extensions></trkpt>
      <trkpt lon="-82.151008" lat="33.555258"><ele>93.677926</ele><time>2025-09-14T14:31:55Z</time><extensions><speed>1.213213</speed><course>270.243529</course><hAcc>1.255659</hAcc><vAcc>0.756865</vAcc></extensions></trkpt>
      <trkpt lon="-82.151022" lat="33.555258"><ele>93.652825</ele><time>2025-09-14T14:31:56Z</time><extensions><speed>1.332929</speed><course>272.390211</course><hAcc>1.254873</hAcc><vAcc>0.756882</vAcc></extensions></trkpt>
      <trkpt lon="-82.151036" lat="33.555259"><ele>93.624396</ele><time>2025-09-14T14:31:57Z</time><extensions><speed>1.383040</speed><course>273.761362</course><hAcc>1.264375</hAcc><vAcc>0.756899</vAcc></extensions></trkpt>
      <trkpt lon="-82.151051" lat="33.555260"><ele>93.602693</ele><time>2025-09-14T14:31:58Z</time><extensions><speed>1.318710</speed><course>273.239255</course><hAcc>1.284128</hAcc><vAcc>0.756911</vAcc></extensions></trkpt>
      <trkpt lon="-82.151064" lat="33.555261"><ele>93.587477</ele><time>2025-09-14T14:31:59Z</time><extensions><speed>1.213141</speed><course>277.682685</course><hAcc>1.288268</hAcc><vAcc>0.756915</vAcc></extensions></trkpt>
      <trkpt lon="-82.151077" lat="33.555263"><ele>93.581321</ele><time>2025-09-14T14:32:00Z</time><extensions><speed>1.224434</speed><course>284.344472</course><hAcc>1.280207</hAcc><vAcc>0.756909</vAcc></extensions></trkpt>
      <trkpt lon="-82.151090" lat="33.555266"><ele>93.578526</ele><time>2025-09-14T14:32:01Z</time><extensions><speed>1.264608</speed><course>288.810732</course><hAcc>1.271761</hAcc><vAcc>0.756896</vAcc></extensions></trkpt>
      <trkpt lon="-82.151103" lat="33.555270"><ele>93.577127</ele><time>2025-09-14T14:32:02Z</time><extensions><speed>1.265368</speed><course>288.355413</course><hAcc>1.260753</hAcc><vAcc>0.756877</vAcc></extensions></trkpt>
      <trkpt lon="-82.151117" lat="33.555273"><ele>93.585948</ele><time>2025-09-14T14:32:03Z</time><extensions><speed>1.329022</speed><course>284.019916</course><hAcc>1.250871</hAcc><vAcc>0.756857</vAcc></extensions></trkpt>
      <trkpt lon="-82.151131" lat="33.555275"><ele>93.591021</ele><time>2025-09-14T14:32:04Z</time><extensions><speed>1.361972</speed><course>278.732438</course><hAcc>1.240830</hAcc><vAcc>0.756836</vAcc></extensions></trkpt>
      <trkpt lon="-82.151145" lat="33.555277"><ele>93.604791</ele><time>2025-09-14T14:32:05Z</time><extensions><speed>1.290480</speed><course>273.996298</course><hAcc>1.225590</hAcc><vAcc>0.756816</vAcc></extensions></trkpt>
      <trkpt lon="-82.151158" lat="33.555277"><ele>93.618535</ele><time>2025-09-14T14:32:06Z</time><extensions><speed>1.203540</speed><course>270.347361</course><hAcc>1.220046</hAcc><vAcc>0.756799</vAcc></extensions></trkpt>
      <trkpt lon="-82.151171" lat="33.555277"><ele>93.630584</ele><time>2025-09-14T14:32:07Z</time><extensions><speed>1.222166</speed><course>269.908442</course><hAcc>1.212108</hAcc><vAcc>0.756785</vAcc></extensions></trkpt>
      <trkpt lon="-82.151185" lat="33.555277"><ele>93.639480</ele><time>2025-09-14T14:32:08Z</time><extensions><speed>1.276408</speed><course>270.550684</course><hAcc>1.211363</hAcc><vAcc>0.756773</vAcc></extensions></trkpt>
      <trkpt lon="-82.151199" lat="33.555278"><ele>93.641624</ele><time>2025-09-14T14:32:09Z</time><extensions><speed>1.388738</speed><course>273.230243</course><hAcc>1.206712</hAcc><vAcc>0.756764</vAcc></extensions></trkpt>
      <trkpt lon="-82.151215" lat="33.555278"><ele>93.637773</ele><time>2025-09-14T14:32:10Z</time><extensions><speed>1.493847</speed><course>274.263519</course><hAcc>1.207857</hAcc><vAcc>0.756756</vAcc></extensions></trkpt>
      <trkpt lon="-82.151231" lat="33.555279"><ele>93.628640</ele><time>2025-09-14T14:32:11Z</time><extensions><speed>1.480327</speed><course>275.227844</course><hAcc>1.209615</hAcc><vAcc>0.756751</vAcc></extensions></trkpt>
      <trkpt lon="-82.151246" lat="33.555281"><ele>93.611585</ele><time>2025-09-14T14:32:12Z</time><extensions><speed>1.392892</speed><course>276.880673</course><hAcc>1.205527</hAcc><vAcc>0.756748</vAcc></extensions></trkpt>
      <trkpt lon="-82.151260" lat="33.555282"><ele>93.579089</ele><time>2025-09-14T14:32:13Z</time><extensions><speed>1.234692</speed><course>278.218453</course><hAcc>1.198968</hAcc><vAcc>0.756745</vAcc></extensions></trkpt>
      <trkpt lon="-82.151273" lat="33.555284"><ele>93.528009</ele><time>2025-09-14T14:32:14Z</time><extensions><speed>1.123456</speed><course>279.970827</course><hAcc>1.193777</hAcc><vAcc>0.756743</vAcc></extensions></trkpt>
      <trkpt lon="-82.151284" lat="33.555286"><ele>93.444353</ele><time>2025-09-14T14:32:15Z</time><extensions><speed>1.044764</speed><course>282.329516</course><hAcc>1.186332</hAcc><vAcc>0.756742</vAcc></extensions></trkpt>
      <trkpt lon="-82.151295" lat="33.555288"><ele>93.335772</ele><time>2025-09-14T14:32:16Z</time><extensions><speed>1.073581</speed><course>285.060087</course><hAcc>1.176383</hAcc><vAcc>0.756742</vAcc></extensions></trkpt>
      <trkpt lon="-82.151307" lat="33.555291"><ele>93.225299</ele><time>2025-09-14T14:32:17Z</time><extensions><speed>1.180193</speed><course>284.311420</course><hAcc>1.167944</hAcc><vAcc>0.756741</vAcc></extensions></trkpt>
      <trkpt lon="-82.151319" lat="33.555293"><ele>93.103151</ele><time>2025-09-14T14:32:18Z</time><extensions><speed>1.226745</speed><course>280.842754</course><hAcc>1.157914</hAcc><vAcc>0.756741</vAcc></extensions></trkpt>
      <trkpt lon="-82.151332" lat="33.555295"><ele>92.965136</ele><time>2025-09-14T14:32:19Z</time><extensions><speed>1.213818</speed><course>278.184491</course><hAcc>1.151314</hAcc><vAcc>0.756741</vAcc></extensions></trkpt>
      <trkpt lon="-82.151345" lat="33.555296"><ele>92.806870</ele><time>2025-09-14T14:32:20Z</time><extensions><speed>1.119998</speed><course>276.463331</course><hAcc>1.147950</hAcc><vAcc>0.756741</vAcc></extensions></trkpt>
      <trkpt lon="-82.151357" lat="33.555298"><ele>92.636191</ele><time>2025-09-14T14:32:21Z</time><extensions><speed>1.154583</speed><course>277.415132</course><hAcc>1.144752</hAcc><vAcc>0.756741</vAcc></extensions></trkpt>
      <trkpt lon="-82.151370" lat="33.555299"><ele>92.456433</ele><time>2025-09-14T14:32:22Z</time><extensions><speed>1.228835</speed><course>279.735581</course><hAcc>1.141769</hAcc><vAcc>0.756741</vAcc></extensions></trkpt>
      <trkpt lon="-82.151383" lat="33.555302"><ele>92.264056</ele><time>2025-09-14T14:32:23Z</time><extensions><speed>1.261749</speed><course>284.976895</course><hAcc>1.136480</hAcc><vAcc>0.756741</vAcc></extensions></trkpt>
      <trkpt lon="-82.151396" lat="33.555305"><ele>92.057234</ele><time>2025-09-14T14:32:24Z</time><extensions><speed>1.236286</speed><course>290.476029</course><hAcc>1.132898</hAcc><vAcc>0.756741</vAcc></extensions></trkpt>
      <trkpt lon="-82.151408" lat="33.555309"><ele>91.842183</ele><time>2025-09-14T14:32:25Z</time><extensions><speed>1.195293</speed><course>290.737599</course><hAcc>1.128691</hAcc><vAcc>0.756741</vAcc></extensions></trkpt>
      <trkpt lon="-82.151420" lat="33.555312"><ele>91.634544</ele><time>2025-09-14T14:32:26Z</time><extensions><speed>1.197050</speed><course>287.077514</course><hAcc>1.122655</hAcc><vAcc>0.756741</vAcc></extensions></trkpt>
      <trkpt lon="-82.151433" lat="33.555315"><ele>91.407497</ele><time>2025-09-14T14:32:27Z</time><extensions><speed>1.195968</speed><course>283.399935</course><hAcc>1.128319</hAcc><vAcc>0.756741</vAcc></extensions></trkpt>
      <trkpt lon="-82.151445" lat="33.555318"><ele>91.182021</ele><time>2025-09-14T14:32:28Z</time><extensions><speed>1.243453</speed><course>281.192550</course><hAcc>1.131648</hAcc><vAcc>0.756741</vAcc></extensions></trkpt>
      <trkpt lon="-82.151459" lat="33.555320"><ele>90.976604</ele><time>2025-09-14T14:32:29Z</time><extensions><speed>1.309361</speed><course>281.522799</course><hAcc>1.130705</hAcc><vAcc>0.756741</vAcc></extensions></trkpt>
      <trkpt lon="-82.151473" lat="33.555322"><ele>90.777781</ele><time>2025-09-14T14:32:30Z</time><extensions><speed>1.349048</speed><course>282.767428</course><hAcc>1.130870</hAcc><vAcc>0.756741</vAcc></extensions></trkpt>
      <trkpt lon="-82.151488" lat="33.555325"><ele>90.595884</ele><time>2025-09-14T14:32:31Z</time><extensions><speed>1.458090</speed><course>284.815590</course><hAcc>1.135599</hAcc><vAcc>0.756741</vAcc></extensions></trkpt>
      <trkpt lon="-82.151503" lat="33.555329"><ele>90.446445</ele><time>2025-09-14T14:32:32Z</time><extensions><speed>1.526398</speed><course>287.468215</course><hAcc>1.145497</hAcc><vAcc>0.756741</vAcc></extensions></trkpt>
      <trkpt lon="-82.151518" lat="33.555333"><ele>90.298324</ele><time>2025-09-14T14:32:33Z</time><extensions><speed>1.470708</speed><course>289.167277</course><hAcc>1.159833</hAcc><vAcc>0.756741</vAcc></extensions></trkpt>
      <trkpt lon="-82.151532" lat="33.555338"><ele>90.150054</ele><time>2025-09-14T14:32:34Z</time><extensions><speed>1.328210</speed><course>289.677201</course><hAcc>1.171884</hAcc><vAcc>0.756741</vAcc></extensions></trkpt>
      <trkpt lon="-82.151546" lat="33.555341"><ele>90.016959</ele><time>2025-09-14T14:32:35Z</time><extensions><speed>1.268904</speed><course>288.921679</course><hAcc>1.181544</hAcc><vAcc>0.756741</vAcc></extensions></trkpt>
      <trkpt lon="-82.151559" lat="33.555345"><ele>89.889445</ele><time>2025-09-14T14:32:36Z</time><extensions><speed>1.262851</speed><course>290.096493</course><hAcc>1.187247</hAcc><vAcc>0.756741</vAcc></extensions></trkpt>
      <trkpt lon="-82.151571" lat="33.555349"><ele>89.756446</ele><time>2025-09-14T14:32:37Z</time><extensions><speed>1.232591</speed><course>290.044292</course><hAcc>1.174238</hAcc><vAcc>0.756741</vAcc></extensions></trkpt>
      <trkpt lon="-82.151584" lat="33.555353"><ele>89.644088</ele><time>2025-09-14T14:32:38Z</time><extensions><speed>1.280330</speed><course>291.911680</course><hAcc>1.166437</hAcc><vAcc>0.756741</vAcc></extensions></trkpt>
      <trkpt lon="-82.151597" lat="33.555358"><ele>89.530198</ele><time>2025-09-14T14:32:39Z</time><extensions><speed>1.363763</speed><course>292.457565</course><hAcc>1.169726</hAcc><vAcc>0.756741</vAcc></extensions></trkpt>
      <trkpt lon="-82.151611" lat="33.555362"><ele>89.414186</ele><time>2025-09-14T14:32:40Z</time><extensions><speed>1.379198</speed><course>293.074229</course><hAcc>1.158520</hAcc><vAcc>0.756741</vAcc></extensions></trkpt>
      <trkpt lon="-82.151624" lat="33.555367"><ele>89.293769</ele><time>2025-09-14T14:32:41Z</time><extensions><speed>1.284671</speed><course>291.750296</course><hAcc>1.145130</hAcc><vAcc>0.756741</vAcc></extensions></trkpt>
      <trkpt lon="-82.151637" lat="33.555371"><ele>89.169861</ele><time>2025-09-14T14:32:42Z</time><extensions><speed>1.252691</speed><course>290.519034</course><hAcc>1.135923</hAcc><vAcc>0.756806</vAcc></extensions></trkpt>
      <trkpt lon="-82.151649" lat="33.555375"><ele>89.029096</ele><time>2025-09-14T14:32:43Z</time><extensions><speed>1.192450</speed><course>288.521413</course><hAcc>1.133873</hAcc><vAcc>0.756949</vAcc></extensions></trkpt>
      <trkpt lon="-82.151661" lat="33.555378"><ele>88.894684</ele><time>2025-09-14T14:32:44Z</time><extensions><speed>1.161760</speed><course>287.287877</course><hAcc>1.124729</hAcc><vAcc>0.757036</vAcc></extensions></trkpt>
      <trkpt lon="-82.151673" lat="33.555381"><ele>88.736022</ele><time>2025-09-14T14:32:45Z</time><extensions><speed>1.113249</speed><course>288.175898</course><hAcc>1.132247</hAcc><vAcc>0.757324</vAcc></extensions></trkpt>
      <trkpt lon="-82.151684" lat="33.555385"><ele>88.586028</ele><time>2025-09-14T14:32:46Z</time><extensions><speed>1.134276</speed><course>291.791718</course><hAcc>1.139691</hAcc><vAcc>0.757526</vAcc></extensions></trkpt>
      <trkpt lon="-82.151695" lat="33.555389"><ele>88.421087</ele><time>2025-09-14T14:32:47Z</time><extensions><speed>1.128794</speed><course>295.739294</course><hAcc>1.139046</hAcc><vAcc>0.757776</vAcc></extensions></trkpt>
      <trkpt lon="-82.151707" lat="33.555392"><ele>88.251607</ele><time>2025-09-14T14:32:48Z</time><extensions><speed>1.163110</speed><course>286.524448</course><hAcc>1.127018</hAcc><vAcc>0.758116</vAcc></extensions></trkpt>
      <trkpt lon="-82.151720" lat="33.555395"><ele>88.107249</ele><time>2025-09-14T14:32:49Z</time><extensions><speed>1.341458</speed><course>282.516751</course><hAcc>1.142353</hAcc><vAcc>0.758549</vAcc></extensions></trkpt>
      <trkpt lon="-82.151735" lat="33.555398"><ele>87.999199</ele><time>2025-09-14T14:32:50Z</time><extensions><speed>1.492404</speed><course>281.725423</course><hAcc>1.153468</hAcc><vAcc>0.758997</vAcc></extensions></trkpt>
      <trkpt lon="-82.151751" lat="33.555401"><ele>87.923820</ele><time>2025-09-14T14:32:51Z</time><extensions><speed>1.503314</speed><course>281.328983</course><hAcc>1.166765</hAcc><vAcc>0.759401</vAcc></extensions></trkpt>
      <trkpt lon="-82.151766" lat="33.555404"><ele>87.871636</ele><time>2025-09-14T14:32:52Z</time><extensions><speed>1.472052</speed><course>283.869557</course><hAcc>1.185966</hAcc><vAcc>0.759777</vAcc></extensions></trkpt>
      <trkpt lon="-82.151781" lat="33.555407"><ele>87.859225</ele><time>2025-09-14T14:32:53Z</time><extensions><speed>1.325575</speed><course>286.467363</course><hAcc>1.206487</hAcc><vAcc>0.760092</vAcc></extensions></trkpt>
      <trkpt lon="-82.151794" lat="33.555410"><ele>87.876803</ele><time>2025-09-14T14:32:54Z</time><extensions><speed>1.261660</speed><course>289.442262</course><hAcc>1.221242</hAcc><vAcc>0.760557</vAcc></extensions></trkpt>
      <trkpt lon="-82.151806" lat="33.555414"><ele>87.923535</ele><time>2025-09-14T14:32:55Z</time><extensions><speed>1.211104</speed><course>291.156626</course><hAcc>1.222179</hAcc><vAcc>0.761100</vAcc></extensions></trkpt>
      <trkpt lon="-82.151819" lat="33.555418"><ele>88.010061</ele><time>2025-09-14T14:32:56Z</time><extensions><speed>1.189502</speed><course>291.419605</course><hAcc>1.238747</hAcc><vAcc>0.761663</vAcc></extensions></trkpt>
      <trkpt lon="-82.151830" lat="33.555422"><ele>88.118677</ele><time>2025-09-14T14:32:57Z</time><extensions><speed>1.179432</speed><course>290.519622</course><hAcc>1.238430</hAcc><vAcc>0.762074</vAcc></extensions></trkpt>
      <trkpt lon="-82.151842" lat="33.555426"><ele>88.248585</ele><time>2025-09-14T14:32:58Z</time><extensions><speed>1.113727</speed><course>292.035177</course><hAcc>1.238769</hAcc><vAcc>0.763487</vAcc></extensions></trkpt>
      <trkpt lon="-82.151853" lat="33.555430"><ele>88.405009</ele><time>2025-09-14T14:32:59Z</time><extensions><speed>1.085131</speed><course>293.163531</course><hAcc>1.239784</hAcc><vAcc>0.764742</vAcc></extensions></trkpt>
      <trkpt lon="-82.151864" lat="33.555433"><ele>88.563217</ele><time>2025-09-14T14:33:00Z</time><extensions><speed>1.068033</speed><course>293.258733</course><hAcc>1.239113</hAcc><vAcc>0.765744</vAcc></extensions></trkpt>
      <trkpt lon="-82.151875" lat="33.555437"><ele>88.721064</ele><time>2025-09-14T14:33:01Z</time><extensions><speed>1.129824</speed><course>292.029799</course><hAcc>1.252338</hAcc><vAcc>0.766832</vAcc></extensions></trkpt>
      <trkpt lon="-82.151886" lat="33.555441"><ele>88.874695</ele><time>2025-09-14T14:33:02Z</time><extensions><speed>1.164688</speed><course>287.444215</course><hAcc>1.265502</hAcc><vAcc>0.768228</vAcc></extensions></trkpt>
      <trkpt lon="-82.151898" lat="33.555443"><ele>89.025303</ele><time>2025-09-14T14:33:03Z</time><extensions><speed>1.135217</speed><course>280.868733</course><hAcc>1.259382</hAcc><vAcc>0.769859</vAcc></extensions></trkpt>
      <trkpt lon="-82.151910" lat="33.555445"><ele>89.169030</ele><time>2025-09-14T14:33:04Z</time><extensions><speed>1.119667</speed><course>279.394457</course><hAcc>1.241379</hAcc><vAcc>0.771558</vAcc></extensions></trkpt>
      <trkpt lon="-82.151923" lat="33.555447"><ele>89.269175</ele><time>2025-09-14T14:33:05Z</time><extensions><speed>1.271775</speed><course>281.851743</course><hAcc>1.227276</hAcc><vAcc>0.773223</vAcc></extensions></trkpt>
      <trkpt lon="-82.151937" lat="33.555450"><ele>89.344649</ele><time>2025-09-14T14:33:06Z</time><extensions><speed>1.498081</speed><course>286.571598</course><hAcc>1.229346</hAcc><vAcc>0.774558</vAcc></extensions></trkpt>
      <trkpt lon="-82.151953" lat="33.555455"><ele>89.384091</ele><time>2025-09-14T14:33:07Z</time><extensions><speed>1.571196</speed><course>291.255289</course><hAcc>1.214134</hAcc><vAcc>0.775799</vAcc></extensions></trkpt>
      <trkpt lon="-82.151968" lat="33.555460"><ele>89.381061</ele><time>2025-09-14T14:33:08Z</time><extensions><speed>1.467344</speed><course>294.269981</course><hAcc>1.211244</hAcc><vAcc>0.776360</vAcc></extensions></trkpt>
      <trkpt lon="-82.151982" lat="33.555465"><ele>89.347048</ele><time>2025-09-14T14:33:09Z</time><extensions><speed>1.444147</speed><course>295.105450</course><hAcc>1.198043</hAcc><vAcc>0.776464</vAcc></extensions></trkpt>
      <trkpt lon="-82.151996" lat="33.555471"><ele>89.296455</ele><time>2025-09-14T14:33:10Z</time><extensions><speed>1.449655</speed><course>294.346542</course><hAcc>1.193209</hAcc><vAcc>0.776170</vAcc></extensions></trkpt>
      <trkpt lon="-82.152011" lat="33.555476"><ele>89.226822</ele><time>2025-09-14T14:33:11Z</time><extensions><speed>1.452763</speed><course>291.754926</course><hAcc>1.200749</hAcc><vAcc>0.775707</vAcc></extensions></trkpt>
      <trkpt lon="-82.152025" lat="33.555480"><ele>89.139417</ele><time>2025-09-14T14:33:12Z</time><extensions><speed>1.443834</speed><course>288.509494</course><hAcc>1.209191</hAcc><vAcc>0.775074</vAcc></extensions></trkpt>
      <trkpt lon="-82.152040" lat="33.555484"><ele>89.028380</ele><time>2025-09-14T14:33:13Z</time><extensions><speed>1.400556</speed><course>286.902924</course><hAcc>1.216836</hAcc><vAcc>0.774788</vAcc></extensions></trkpt>
      <trkpt lon="-82.152054" lat="33.555488"><ele>88.914669</ele><time>2025-09-14T14:33:14Z</time><extensions><speed>1.321335</speed><course>287.801596</course><hAcc>1.218191</hAcc><vAcc>0.774822</vAcc></extensions></trkpt>
      <trkpt lon="-82.152067" lat="33.555492"><ele>88.815889</ele><time>2025-09-14T14:33:15Z</time><extensions><speed>1.210024</speed><course>289.898444</course><hAcc>1.218857</hAcc><vAcc>0.774919</vAcc></extensions></trkpt>
      <trkpt lon="-82.152079" lat="33.555496"><ele>88.724241</ele><time>2025-09-14T14:33:16Z</time><extensions><speed>1.188001</speed><course>292.531834</course><hAcc>1.220518</hAcc><vAcc>0.774846</vAcc></extensions></trkpt>
      <trkpt lon="-82.152091" lat="33.555500"><ele>88.631730</ele><time>2025-09-14T14:33:17Z</time><extensions><speed>1.172782</speed><course>294.544053</course><hAcc>1.212672</hAcc><vAcc>0.774791</vAcc></extensions></trkpt>
      <trkpt lon="-82.152102" lat="33.555505"><ele>88.531973</ele><time>2025-09-14T14:33:18Z</time><extensions><speed>1.210454</speed><course>296.141599</course><hAcc>1.206848</hAcc><vAcc>0.775083</vAcc></extensions></trkpt>
      <trkpt lon="-82.152114" lat="33.555509"><ele>88.441341</ele><time>2025-09-14T14:33:19Z</time><extensions><speed>1.265280</speed><course>296.044863</course><hAcc>1.205697</hAcc><vAcc>0.775594</vAcc></extensions></trkpt>
      <trkpt lon="-82.152127" lat="33.555514"><ele>88.348257</ele><time>2025-09-14T14:33:20Z</time><extensions><speed>1.343829</speed><course>294.895870</course><hAcc>1.198781</hAcc><vAcc>0.776138</vAcc></extensions></trkpt>
      <trkpt lon="-82.152141" lat="33.555520"><ele>88.264262</ele><time>2025-09-14T14:33:21Z</time><extensions><speed>1.474103</speed><course>291.929693</course><hAcc>1.185695</hAcc><vAcc>0.776812</vAcc></extensions></trkpt>
      <trkpt lon="-82.152156" lat="33.555525"><ele>88.183433</ele><time>2025-09-14T14:33:22Z</time><extensions><speed>1.593314</speed><course>291.221423</course><hAcc>1.174272</hAcc><vAcc>0.777616</vAcc></extensions></trkpt>
      <trkpt lon="-82.152172" lat="33.555530"><ele>88.106811</ele><time>2025-09-14T14:33:23Z</time><extensions><speed>1.536866</speed><course>294.150442</course><hAcc>1.180604</hAcc><vAcc>0.778090</vAcc></extensions></trkpt>
      <trkpt lon="-82.152186" lat="33.555535"><ele>88.019838</ele><time>2025-09-14T14:33:24Z</time><extensions><speed>1.364708</speed><course>295.373121</course><hAcc>1.201515</hAcc><vAcc>0.778125</vAcc></extensions></trkpt>
      <trkpt lon="-82.152199" lat="33.555541"><ele>87.923213</ele><time>2025-09-14T14:33:25Z</time><extensions><speed>1.362171</speed><course>294.352283</course><hAcc>1.167949</hAcc><vAcc>0.777591</vAcc></extensions></trkpt>
      <trkpt lon="-82.152213" lat="33.555546"><ele>87.832694</ele><time>2025-09-14T14:33:26Z</time><extensions><speed>1.369353</speed><course>294.537521</course><hAcc>1.166191</hAcc><vAcc>0.776489</vAcc></extensions></trkpt>
      <trkpt lon="-82.152226" lat="33.555551"><ele>87.740881</ele><time>2025-09-14T14:33:27Z</time><extensions><speed>1.324466</speed><course>296.506101</course><hAcc>1.177432</hAcc><vAcc>0.774925</vAcc></extensions></trkpt>
      <trkpt lon="-82.152238" lat="33.555556"><ele>87.636485</ele><time>2025-09-14T14:33:28Z</time><extensions><speed>1.243255</speed><course>295.809121</course><hAcc>1.182854</hAcc><vAcc>0.773036</vAcc></extensions></trkpt>
      <trkpt lon="-82.152250" lat="33.555561"><ele>87.517593</ele><time>2025-09-14T14:33:29Z</time><extensions><speed>1.225771</speed><course>294.912402</course><hAcc>1.182439</hAcc><vAcc>0.770960</vAcc></extensions></trkpt>
      <trkpt lon="-82.152262" lat="33.555565"><ele>87.399322</ele><time>2025-09-14T14:33:30Z</time><extensions><speed>1.293708</speed><course>292.562768</course><hAcc>1.178979</hAcc><vAcc>0.768831</vAcc></extensions></trkpt>
      <trkpt lon="-82.152276" lat="33.555570"><ele>87.269597</ele><time>2025-09-14T14:33:31Z</time><extensions><speed>1.332406</speed><course>289.497693</course><hAcc>1.180449</hAcc><vAcc>0.766774</vAcc></extensions></trkpt>
      <trkpt lon="-82.152289" lat="33.555573"><ele>87.137491</ele><time>2025-09-14T14:33:32Z</time><extensions><speed>1.291456</speed><course>288.180282</course><hAcc>1.183238</hAcc><vAcc>0.764869</vAcc></extensions></trkpt>
      <trkpt lon="-82.152302" lat="33.555577"><ele>86.981617</ele><time>2025-09-14T14:33:33Z</time><extensions><speed>1.261672</speed><course>286.101856</course><hAcc>1.183524</hAcc><vAcc>0.763164</vAcc></extensions></trkpt>
      <trkpt lon="-82.152315" lat="33.555580"><ele>86.827208</ele><time>2025-09-14T14:33:34Z</time><extensions><speed>1.220451</speed><course>285.869977</course><hAcc>1.180168</hAcc><vAcc>0.761692</vAcc></extensions></trkpt>
      <trkpt lon="-82.152327" lat="33.555583"><ele>86.653776</ele><time>2025-09-14T14:33:35Z</time><extensions><speed>1.129492</speed><course>284.852471</course><hAcc>1.179804</hAcc><vAcc>0.760465</vAcc></extensions></trkpt>
      <trkpt lon="-82.152339" lat="33.555585"><ele>86.473740</ele><time>2025-09-14T14:33:36Z</time><extensions><speed>1.121554</speed><course>284.274333</course><hAcc>1.191484</hAcc><vAcc>0.759474</vAcc></extensions></trkpt>
      <trkpt lon="-82.152351" lat="33.555588"><ele>86.314014</ele><time>2025-09-14T14:33:37Z</time><extensions><speed>1.254262</speed><course>285.670536</course><hAcc>1.185910</hAcc><vAcc>0.758697</vAcc></extensions></trkpt>
      <trkpt lon="-82.152365" lat="33.555591"><ele>86.154388</ele><time>2025-09-14T14:33:38Z</time><extensions><speed>1.353487</speed><course>286.667011</course><hAcc>1.178759</hAcc><vAcc>0.758105</vAcc></extensions></trkpt>
      <trkpt lon="-82.152379" lat="33.555595"><ele>86.004622</ele><time>2025-09-14T14:33:39Z</time><extensions><speed>1.425000</speed><course>288.729087</course><hAcc>1.171971</hAcc><vAcc>0.757667</vAcc></extensions></trkpt>
      <trkpt lon="-82.152393" lat="33.555600"><ele>85.879824</ele><time>2025-09-14T14:33:40Z</time><extensions><speed>1.417283</speed><course>293.529709</course><hAcc>1.169298</hAcc><vAcc>0.757352</vAcc></extensions></trkpt>
      <trkpt lon="-82.152406" lat="33.555605"><ele>85.761689</ele><time>2025-09-14T14:33:41Z</time><extensions><speed>1.302275</speed><course>298.324625</course><hAcc>1.169505</hAcc><vAcc>0.757132</vAcc></extensions></trkpt>
      <trkpt lon="-82.152418" lat="33.555611"><ele>85.676875</ele><time>2025-09-14T14:33:42Z</time><extensions><speed>1.187426</speed><course>300.589215</course><hAcc>1.169798</hAcc><vAcc>0.756985</vAcc></extensions></trkpt>
      <trkpt lon="-82.152429" lat="33.555616"><ele>85.608821</ele><time>2025-09-14T14:33:43Z</time><extensions><speed>1.071260</speed><course>296.306616</course><hAcc>1.164092</hAcc><vAcc>0.756889</vAcc></extensions></trkpt>
      <trkpt lon="-82.152440" lat="33.555620"><ele>85.542469</ele><time>2025-09-14T14:33:44Z</time><extensions><speed>1.157270</speed><course>290.377776</course><hAcc>1.169482</hAcc><vAcc>0.756829</vAcc></extensions></trkpt>
      <trkpt lon="-82.152453" lat="33.555623"><ele>85.495806</ele><time>2025-09-14T14:33:45Z</time><extensions><speed>1.371249</speed><course>288.460041</course><hAcc>1.164279</hAcc><vAcc>0.756794</vAcc></extensions></trkpt>
      <trkpt lon="-82.152467" lat="33.555627"><ele>85.451468</ele><time>2025-09-14T14:33:46Z</time><extensions><speed>1.498696</speed><course>289.188576</course><hAcc>1.171134</hAcc><vAcc>0.756775</vAcc></extensions></trkpt>
      <trkpt lon="-82.152482" lat="33.555632"><ele>85.413553</ele><time>2025-09-14T14:33:47Z</time><extensions><speed>1.416271</speed><course>291.851614</course><hAcc>1.193547</hAcc><vAcc>0.756765</vAcc></extensions></trkpt>
      <trkpt lon="-82.152496" lat="33.555637"><ele>85.386366</ele><time>2025-09-14T14:33:48Z</time><extensions><speed>1.435465</speed><course>291.661880</course><hAcc>1.173760</hAcc><vAcc>0.756761</vAcc></extensions></trkpt>
      <trkpt lon="-82.152510" lat="33.555642"><ele>85.368792</ele><time>2025-09-14T14:33:49Z</time><extensions><speed>1.356161</speed><course>293.358084</course><hAcc>1.175621</hAcc><vAcc>0.756759</vAcc></extensions></trkpt>
      <trkpt lon="-82.152523" lat="33.555647"><ele>85.368735</ele><time>2025-09-14T14:33:50Z</time><extensions><speed>1.327893</speed><course>297.660773</course><hAcc>1.184490</hAcc><vAcc>0.756758</vAcc></extensions></trkpt>
      <trkpt lon="-82.152536" lat="33.555653"><ele>85.365494</ele><time>2025-09-14T14:33:51Z</time><extensions><speed>1.351688</speed><course>300.241517</course><hAcc>1.188287</hAcc><vAcc>0.756757</vAcc></extensions></trkpt>
      <trkpt lon="-82.152549" lat="33.555659"><ele>85.370700</ele><time>2025-09-14T14:33:52Z</time><extensions><speed>1.415413</speed><course>301.677635</course><hAcc>1.190110</hAcc><vAcc>0.756757</vAcc></extensions></trkpt>
      <trkpt lon="-82.152562" lat="33.555666"><ele>85.390101</ele><time>2025-09-14T14:33:53Z</time><extensions><speed>1.411031</speed><course>302.658902</course><hAcc>1.202905</hAcc><vAcc>0.756756</vAcc></extensions></trkpt>
      <trkpt lon="-82.152574" lat="33.555673"><ele>85.412312</ele><time>2025-09-14T14:33:54Z</time><extensions><speed>1.376096</speed><course>304.640711</course><hAcc>1.208093</hAcc><vAcc>0.756935</vAcc></extensions></trkpt>
      <trkpt lon="-82.152586" lat="33.555680"><ele>85.463861</ele><time>2025-09-14T14:33:55Z</time><extensions><speed>1.387948</speed><course>306.783447</course><hAcc>1.219966</hAcc><vAcc>0.757270</vAcc></extensions></trkpt>
      <trkpt lon="-82.152598" lat="33.555688"><ele>85.510077</ele><time>2025-09-14T14:33:56Z</time><extensions><speed>1.366025</speed><course>311.913728</course><hAcc>1.222175</hAcc><vAcc>0.757782</vAcc></extensions></trkpt>
      <trkpt lon="-82.152608" lat="33.555696"><ele>85.561770</ele><time>2025-09-14T14:33:57Z</time><extensions><speed>1.354935</speed><course>313.496830</course><hAcc>1.213577</hAcc><vAcc>0.758661</vAcc></extensions></trkpt>
      <trkpt lon="-82.152619" lat="33.555705"><ele>85.609649</ele><time>2025-09-14T14:33:58Z</time><extensions><speed>1.288406</speed><course>314.446240</course><hAcc>1.206670</hAcc><vAcc>0.759870</vAcc></extensions></trkpt>
      <trkpt lon="-82.152628" lat="33.555712"><ele>85.655554</ele><time>2025-09-14T14:33:59Z</time><extensions><speed>1.201547</speed><course>313.210691</course><hAcc>1.197904</hAcc><vAcc>0.761471</vAcc></extensions></trkpt>
      <trkpt lon="-82.152638" lat="33.555720"><ele>85.706938</ele><time>2025-09-14T14:34:00Z</time><extensions><speed>1.200678</speed><course>313.361629</course><hAcc>1.184047</hAcc><vAcc>0.763270</vAcc></extensions></trkpt>
      <trkpt lon="-82.152647" lat="33.555727"><ele>85.763971</ele><time>2025-09-14T14:34:01Z</time><extensions><speed>1.221454</speed><course>312.340655</course><hAcc>1.185401</hAcc><vAcc>0.765296</vAcc></extensions></trkpt>
      <trkpt lon="-82.152657" lat="33.555735"><ele>85.822363</ele><time>2025-09-14T14:34:02Z</time><extensions><speed>1.365164</speed><course>315.469818</course><hAcc>1.169356</hAcc><vAcc>0.767198</vAcc></extensions></trkpt>
      <trkpt lon="-82.152667" lat="33.555745"><ele>85.894021</ele><time>2025-09-14T14:34:03Z</time><extensions><speed>1.437778</speed><course>319.186764</course><hAcc>1.176792</hAcc><vAcc>0.769754</vAcc></extensions></trkpt>
      <trkpt lon="-82.152677" lat="33.555755"><ele>85.978254</ele><time>2025-09-14T14:34:04Z</time><extensions><speed>1.364886</speed><course>325.848087</course><hAcc>1.207772</hAcc><vAcc>0.772874</vAcc></extensions></trkpt>
      <trkpt lon="-82.152685" lat="33.555765"><ele>86.070471</ele><time>2025-09-14T14:34:05Z</time><extensions><speed>1.413314</speed><course>328.574764</course><hAcc>1.175127</hAcc><vAcc>0.775609</vAcc></extensions></trkpt>
      <trkpt lon="-82.152692" lat="33.555777"><ele>86.161640</ele><time>2025-09-14T14:34:06Z</time><extensions><speed>1.445633</speed><course>332.968662</course><hAcc>1.189200</hAcc><vAcc>0.778624</vAcc></extensions></trkpt>
      <trkpt lon="-82.152698" lat="33.555789"><ele>86.239152</ele><time>2025-09-14T14:34:07Z</time><extensions><speed>1.480055</speed><course>340.270771</course><hAcc>1.208553</hAcc><vAcc>0.781720</vAcc></extensions></trkpt>
      <trkpt lon="-82.152702" lat="33.555802"><ele>86.297796</ele><time>2025-09-14T14:34:08Z</time><extensions><speed>1.526095</speed><course>350.249375</course><hAcc>1.215262</hAcc><vAcc>0.785220</vAcc></extensions></trkpt>
      <trkpt lon="-82.152704" lat="33.555816"><ele>86.318160</ele><time>2025-09-14T14:34:09Z</time><extensions><speed>1.573735</speed><course>0.817420</course><hAcc>1.214245</hAcc><vAcc>0.788456</vAcc></extensions></trkpt>
      <trkpt lon="-82.152702" lat="33.555830"><ele>86.372956</ele><time>2025-09-14T14:34:10Z</time><extensions><speed>1.547698</speed><course>9.600764</course><hAcc>1.213769</hAcc><vAcc>0.791489</vAcc></extensions></trkpt>
      <trkpt lon="-82.152699" lat="33.555843"><ele>86.420184</ele><time>2025-09-14T14:34:11Z</time><extensions><speed>1.472331</speed><course>16.333175</course><hAcc>1.214357</hAcc><vAcc>0.795063</vAcc></extensions></trkpt>
      <trkpt lon="-82.152693" lat="33.555856"><ele>86.448804</ele><time>2025-09-14T14:34:12Z</time><extensions><speed>1.536688</speed><course>20.671761</course><hAcc>1.194552</hAcc><vAcc>0.798035</vAcc></extensions></trkpt>
      <trkpt lon="-82.152687" lat="33.555869"><ele>86.473062</ele><time>2025-09-14T14:34:13Z</time><extensions><speed>1.565708</speed><course>21.597638</course><hAcc>1.194246</hAcc><vAcc>0.800576</vAcc></extensions></trkpt>
      <trkpt lon="-82.152682" lat="33.555881"><ele>86.505900</ele><time>2025-09-14T14:34:14Z</time><extensions><speed>1.305676</speed><course>21.925850</course><hAcc>1.215896</hAcc><vAcc>0.802865</vAcc></extensions></trkpt>
      <trkpt lon="-82.152676" lat="33.555891"><ele>86.530616</ele><time>2025-09-14T14:34:15Z</time><extensions><speed>1.101528</speed><course>26.156485</course><hAcc>1.197407</hAcc><vAcc>0.804817</vAcc></extensions></trkpt>
      <trkpt lon="-82.152671" lat="33.555899"><ele>86.537362</ele><time>2025-09-14T14:34:16Z</time><extensions><speed>1.017497</speed><course>30.263168</course><hAcc>1.208376</hAcc><vAcc>0.806159</vAcc></extensions></trkpt>
      <trkpt lon="-82.152665" lat="33.555907"><ele>86.546596</ele><time>2025-09-14T14:34:17Z</time><extensions><speed>1.057941</speed><course>31.537238</course><hAcc>1.219852</hAcc><vAcc>0.806627</vAcc></extensions></trkpt>
      <trkpt lon="-82.152659" lat="33.555916"><ele>86.551736</ele><time>2025-09-14T14:34:18Z</time><extensions><speed>1.191550</speed><course>30.769597</course><hAcc>1.233923</hAcc><vAcc>0.806179</vAcc></extensions></trkpt>
      <trkpt lon="-82.152653" lat="33.555926"><ele>86.570312</ele><time>2025-09-14T14:34:19Z</time><extensions><speed>1.363493</speed><course>24.563355</course><hAcc>1.226753</hAcc><vAcc>0.804699</vAcc></extensions></trkpt>
      <trkpt lon="-82.152647" lat="33.555938"><ele>86.603243</ele><time>2025-09-14T14:34:20Z</time><extensions><speed>1.434042</speed><course>17.769465</course><hAcc>1.230480</hAcc><vAcc>0.802490</vAcc></extensions></trkpt>
      <trkpt lon="-82.152644" lat="33.555950"><ele>86.651251</ele><time>2025-09-14T14:34:21Z</time><extensions><speed>1.292208</speed><course>9.895836</course><hAcc>1.254322</hAcc><vAcc>0.799625</vAcc></extensions></trkpt>
      <trkpt lon="-82.152641" lat="33.555962"><ele>86.698678</ele><time>2025-09-14T14:34:22Z</time><extensions><speed>1.390410</speed><course>10.439596</course><hAcc>1.234641</hAcc><vAcc>0.795826</vAcc></extensions></trkpt>
      <trkpt lon="-82.152638" lat="33.555974"><ele>86.761288</ele><time>2025-09-14T14:34:23Z</time><extensions><speed>1.455454</speed><course>10.026006</course><hAcc>1.228040</hAcc><vAcc>0.791590</vAcc></extensions></trkpt>
      <trkpt lon="-82.152636" lat="33.555987"><ele>86.829718</ele><time>2025-09-14T14:34:24Z</time><extensions><speed>1.486930</speed><course>10.305003</course><hAcc>1.230725</hAcc><vAcc>0.787639</vAcc></extensions></trkpt>
      <trkpt lon="-82.152633" lat="33.556000"><ele>86.903403</ele><time>2025-09-14T14:34:25Z</time><extensions><speed>1.420378</speed><course>10.684601</course><hAcc>1.233234</hAcc><vAcc>0.783614</vAcc></extensions></trkpt>
      <trkpt lon="-82.152630" lat="33.556013"><ele>86.951614</ele><time>2025-09-14T14:34:26Z</time><extensions><speed>1.414835</speed><course>9.778435</course><hAcc>1.237055</hAcc><vAcc>0.780456</vAcc></extensions></trkpt>
      <trkpt lon="-82.152628" lat="33.556025"><ele>87.012012</ele><time>2025-09-14T14:34:27Z</time><extensions><speed>1.403188</speed><course>8.141634</course><hAcc>1.241087</hAcc><vAcc>0.778011</vAcc></extensions></trkpt>
      <trkpt lon="-82.152626" lat="33.556037"><ele>87.061567</ele><time>2025-09-14T14:34:28Z</time><extensions><speed>1.251480</speed><course>5.037646</course><hAcc>1.242783</hAcc><vAcc>0.776420</vAcc></extensions></trkpt>
      <trkpt lon="-82.152626" lat="33.556049"><ele>87.107996</ele><time>2025-09-14T14:34:29Z</time><extensions><speed>1.314224</speed><course>359.695433</course><hAcc>1.226826</hAcc><vAcc>0.775046</vAcc></extensions></trkpt>
      <trkpt lon="-82.152626" lat="33.556061"><ele>87.164116</ele><time>2025-09-14T14:34:30Z</time><extensions><speed>1.432719</speed><course>357.532901</course><hAcc>1.221482</hAcc><vAcc>0.774461</vAcc></extensions></trkpt>
      <trkpt lon="-82.152626" lat="33.556074"><ele>87.221705</ele><time>2025-09-14T14:34:31Z</time><extensions><speed>1.453328</speed><course>359.102759</course><hAcc>1.225660</hAcc><vAcc>0.774190</vAcc></extensions></trkpt>
      <trkpt lon="-82.152626" lat="33.556087"><ele>87.266244</ele><time>2025-09-14T14:34:32Z</time><extensions><speed>1.403426</speed><course>3.624140</course><hAcc>1.225517</hAcc><vAcc>0.774074</vAcc></extensions></trkpt>
      <trkpt lon="-82.152624" lat="33.556100"><ele>87.303507</ele><time>2025-09-14T14:34:33Z</time><extensions><speed>1.415908</speed><course>8.661160</course><hAcc>1.221084</hAcc><vAcc>0.774108</vAcc></extensions></trkpt>
      <trkpt lon="-82.152621" lat="33.556112"><ele>87.338855</ele><time>2025-09-14T14:34:34Z</time><extensions><speed>1.417479</speed><course>13.297829</course><hAcc>1.227206</hAcc><vAcc>0.774178</vAcc></extensions></trkpt>
      <trkpt lon="-82.152618" lat="33.556125"><ele>87.381342</ele><time>2025-09-14T14:34:35Z</time><extensions><speed>1.375322</speed><course>15.877845</course><hAcc>1.228437</hAcc><vAcc>0.774149</vAcc></extensions></trkpt>
      <trkpt lon="-82.152614" lat="33.556136"><ele>87.435221</ele><time>2025-09-14T14:34:36Z</time><extensions><speed>1.278089</speed><course>17.056228</course><hAcc>1.218895</hAcc><vAcc>0.773892</vAcc></extensions></trkpt>
      <trkpt lon="-82.152610" lat="33.556147"><ele>87.491488</ele><time>2025-09-14T14:34:37Z</time><extensions><speed>1.274603</speed><course>15.028865</course><hAcc>1.225789</hAcc><vAcc>0.773287</vAcc></extensions></trkpt>
      <trkpt lon="-82.152607" lat="33.556159"><ele>87.538836</ele><time>2025-09-14T14:34:38Z</time><extensions><speed>1.329151</speed><course>9.981016</course><hAcc>1.212280</hAcc><vAcc>0.772279</vAcc></extensions></trkpt>
      <trkpt lon="-82.152605" lat="33.556170"><ele>87.609025</ele><time>2025-09-14T14:34:39Z</time><extensions><speed>1.355313</speed><course>7.430762</course><hAcc>1.202353</hAcc><vAcc>0.770906</vAcc></extensions></trkpt>
      <trkpt lon="-82.152603" lat="33.556182"><ele>87.699131</ele><time>2025-09-14T14:34:40Z</time><extensions><speed>1.313189</speed><course>5.824939</course><hAcc>1.189857</hAcc><vAcc>0.769275</vAcc></extensions></trkpt>
      <trkpt lon="-82.152602" lat="33.556194"><ele>87.782295</ele><time>2025-09-14T14:34:41Z</time><extensions><speed>1.267035</speed><course>3.319550</course><hAcc>1.179419</hAcc><vAcc>0.767505</vAcc></extensions></trkpt>
      <trkpt lon="-82.152602" lat="33.556205"><ele>87.869209</ele><time>2025-09-14T14:34:42Z</time><extensions><speed>1.224238</speed><course>359.251368</course><hAcc>1.181595</hAcc><vAcc>0.765713</vAcc></extensions></trkpt>
      <trkpt lon="-82.152602" lat="33.556216"><ele>87.965014</ele><time>2025-09-14T14:34:43Z</time><extensions><speed>1.168228</speed><course>353.909842</course><hAcc>1.181657</hAcc><vAcc>0.764010</vAcc></extensions></trkpt>
      <trkpt lon="-82.152604" lat="33.556226"><ele>88.061824</ele><time>2025-09-14T14:34:44Z</time><extensions><speed>1.172050</speed><course>349.637297</course><hAcc>1.187168</hAcc><vAcc>0.762471</vAcc></extensions></trkpt>
      <trkpt lon="-82.152606" lat="33.556237"><ele>88.177877</ele><time>2025-09-14T14:34:45Z</time><extensions><speed>1.228786</speed><course>353.540666</course><hAcc>1.186394</hAcc><vAcc>0.761645</vAcc></extensions></trkpt>
      <trkpt lon="-82.152606" lat="33.556248"><ele>88.300205</ele><time>2025-09-14T14:34:46Z</time><extensions><speed>1.288070</speed><course>2.652162</course><hAcc>1.188644</hAcc><vAcc>0.761170</vAcc></extensions></trkpt>
      <trkpt lon="-82.152605" lat="33.556260"><ele>88.418698</ele><time>2025-09-14T14:34:47Z</time><extensions><speed>1.364207</speed><course>11.811606</course><hAcc>1.202317</hAcc><vAcc>0.760733</vAcc></extensions></trkpt>
      <trkpt lon="-82.152601" lat="33.556272"><ele>88.548810</ele><time>2025-09-14T14:34:48Z</time><extensions><speed>1.402006</speed><course>16.347308</course><hAcc>1.209477</hAcc><vAcc>0.760570</vAcc></extensions></trkpt>
      <trkpt lon="-82.152597" lat="33.556284"><ele>88.672787</ele><time>2025-09-14T14:34:49Z</time><extensions><speed>1.351198</speed><course>17.131319</course><hAcc>1.217151</hAcc><vAcc>0.760649</vAcc></extensions></trkpt>
      <trkpt lon="-82.152592" lat="33.556296"><ele>88.798415</ele><time>2025-09-14T14:34:50Z</time><extensions><speed>1.379932</speed><course>16.883796</course><hAcc>1.213476</hAcc><vAcc>0.760930</vAcc></extensions></trkpt>
      <trkpt lon="-82.152588" lat="33.556308"><ele>88.910134</ele><time>2025-09-14T14:34:51Z</time><extensions><speed>1.435630</speed><course>14.788722</course><hAcc>1.206041</hAcc><vAcc>0.761356</vAcc></extensions></trkpt>
      <trkpt lon="-82.152585" lat="33.556321"><ele>89.003794</ele><time>2025-09-14T14:34:52Z</time><extensions><speed>1.472562</speed><course>12.796874</course><hAcc>1.198800</hAcc><vAcc>0.761863</vAcc></extensions></trkpt>
      <trkpt lon="-82.152581" lat="33.556334"><ele>89.092013</ele><time>2025-09-14T14:34:53Z</time><extensions><speed>1.545659</speed><course>13.498115</course><hAcc>1.187816</hAcc><vAcc>0.763118</vAcc></extensions></trkpt>
      <trkpt lon="-82.152577" lat="33.556348"><ele>89.161084</ele><time>2025-09-14T14:34:54Z</time><extensions><speed>1.577866</speed><course>14.530879</course><hAcc>1.189751</hAcc><vAcc>0.764490</vAcc></extensions></trkpt>
      <trkpt lon="-82.152572" lat="33.556361"><ele>89.237713</ele><time>2025-09-14T14:34:55Z</time><extensions><speed>1.467277</speed><course>16.247033</course><hAcc>1.218893</hAcc><vAcc>0.765790</vAcc></extensions></trkpt>
      <trkpt lon="-82.152568" lat="33.556373"><ele>89.310570</ele><time>2025-09-14T14:34:56Z</time><extensions><speed>1.390357</speed><course>19.550120</course><hAcc>1.186820</hAcc><vAcc>0.766823</vAcc></extensions></trkpt>
      <trkpt lon="-82.152563" lat="33.556385"><ele>89.371603</ele><time>2025-09-14T14:34:57Z</time><extensions><speed>1.357438</speed><course>20.804172</course><hAcc>1.172867</hAcc><vAcc>0.767771</vAcc></extensions></trkpt>
      <trkpt lon="-82.152558" lat="33.556396"><ele>89.428218</ele><time>2025-09-14T14:34:58Z</time><extensions><speed>1.337760</speed><course>19.015725</course><hAcc>1.174429</hAcc><vAcc>0.768528</vAcc></extensions></trkpt>
      <trkpt lon="-82.152554" lat="33.556408"><ele>89.461227</ele><time>2025-09-14T14:34:59Z</time><extensions><speed>1.296939</speed><course>15.056575</course><hAcc>1.172096</hAcc><vAcc>0.769291</vAcc></extensions></trkpt>
      <trkpt lon="-82.152551" lat="33.556419"><ele>89.498232</ele><time>2025-09-14T14:35:00Z</time><extensions><speed>1.245559</speed><course>9.660537</course><hAcc>1.159789</hAcc><vAcc>0.770070</vAcc></extensions></trkpt>
      <trkpt lon="-82.152548" lat="33.556430"><ele>89.515448</ele><time>2025-09-14T14:35:01Z</time><extensions><speed>1.317440</speed><course>9.069341</course><hAcc>1.139013</hAcc><vAcc>0.770819</vAcc></extensions></trkpt>
      <trkpt lon="-82.152546" lat="33.556443"><ele>89.486417</ele><time>2025-09-14T14:35:02Z</time><extensions><speed>1.573705</speed><course>11.187135</course><hAcc>1.124383</hAcc><vAcc>0.771427</vAcc></extensions></trkpt>
      <trkpt lon="-82.152542" lat="33.556457"><ele>89.452400</ele><time>2025-09-14T14:35:03Z</time><extensions><speed>1.451421</speed><course>14.501912</course><hAcc>1.135730</hAcc><vAcc>0.771729</vAcc></extensions></trkpt>
      <trkpt lon="-82.152538" lat="33.556469"><ele>89.399251</ele><time>2025-09-14T14:35:04Z</time><extensions><speed>1.374672</speed><course>13.033698</course><hAcc>1.145053</hAcc><vAcc>0.771561</vAcc></extensions></trkpt>
      <trkpt lon="-82.152536" lat="33.556481"><ele>89.324681</ele><time>2025-09-14T14:35:05Z</time><extensions><speed>1.258297</speed><course>6.217939</course><hAcc>1.131889</hAcc><vAcc>0.770865</vAcc></extensions></trkpt>
      <trkpt lon="-82.152535" lat="33.556491"><ele>89.244820</ele><time>2025-09-14T14:35:06Z</time><extensions><speed>1.129024</speed><course>4.396424</course><hAcc>1.121747</hAcc><vAcc>0.769703</vAcc></extensions></trkpt>
      <trkpt lon="-82.152534" lat="33.556501"><ele>89.157961</ele><time>2025-09-14T14:35:07Z</time><extensions><speed>1.064368</speed><course>7.022482</course><hAcc>1.149117</hAcc><vAcc>0.768211</vAcc></extensions></trkpt>
      <trkpt lon="-82.152532" lat="33.556511"><ele>89.076669</ele><time>2025-09-14T14:35:08Z</time><extensions><speed>1.076130</speed><course>10.078387</course><hAcc>1.171834</hAcc><vAcc>0.766548</vAcc></extensions></trkpt>
      <trkpt lon="-82.152530" lat="33.556520"><ele>88.992575</ele><time>2025-09-14T14:35:09Z</time><extensions><speed>1.129314</speed><course>11.612539</course><hAcc>1.191129</hAcc><vAcc>0.764894</vAcc></extensions></trkpt>
      <trkpt lon="-82.152527" lat="33.556530"><ele>88.895149</ele><time>2025-09-14T14:35:10Z</time><extensions><speed>1.107375</speed><course>12.869638</course><hAcc>1.200999</hAcc><vAcc>0.763315</vAcc></extensions></trkpt>
      <trkpt lon="-82.152524" lat="33.556540"><ele>88.797309</ele><time>2025-09-14T14:35:11Z</time><extensions><speed>1.153566</speed><course>14.638621</course><hAcc>1.210635</hAcc><vAcc>0.761905</vAcc></extensions></trkpt>
      <trkpt lon="-82.152521" lat="33.556551"><ele>88.693264</ele><time>2025-09-14T14:35:12Z</time><extensions><speed>1.264627</speed><course>16.301760</course><hAcc>1.206824</hAcc><vAcc>0.760701</vAcc></extensions></trkpt>
      <trkpt lon="-82.152517" lat="33.556562"><ele>88.595945</ele><time>2025-09-14T14:35:13Z</time><extensions><speed>1.338023</speed><course>16.736740</course><hAcc>1.223395</hAcc><vAcc>0.759713</vAcc></extensions></trkpt>
      <trkpt lon="-82.152512" lat="33.556574"><ele>88.522669</ele><time>2025-09-14T14:35:14Z</time><extensions><speed>1.403290</speed><course>18.527656</course><hAcc>1.223488</hAcc><vAcc>0.758931</vAcc></extensions></trkpt>
      <trkpt lon="-82.152507" lat="33.556586"><ele>88.428517</ele><time>2025-09-14T14:35:15Z</time><extensions><speed>1.378479</speed><course>18.046426</course><hAcc>1.218429</hAcc><vAcc>0.758334</vAcc></extensions></trkpt>
      <trkpt lon="-82.152503" lat="33.556597"><ele>88.349582</ele><time>2025-09-14T14:35:16Z</time><extensions><speed>1.276420</speed><course>17.673265</course><hAcc>1.218661</hAcc><vAcc>0.757893</vAcc></extensions></trkpt>
      <trkpt lon="-82.152499" lat="33.556608"><ele>88.267883</ele><time>2025-09-14T14:35:17Z</time><extensions><speed>1.255170</speed><course>14.953145</course><hAcc>1.215428</hAcc><vAcc>0.757578</vAcc></extensions></trkpt>
      <trkpt lon="-82.152496" lat="33.556619"><ele>88.194045</ele><time>2025-09-14T14:35:18Z</time><extensions><speed>1.319195</speed><course>13.559710</course><hAcc>1.205759</hAcc><vAcc>0.757358</vAcc></extensions></trkpt>
      <trkpt lon="-82.152492" lat="33.556631"><ele>88.142466</ele><time>2025-09-14T14:35:19Z</time><extensions><speed>1.354269</speed><course>13.259134</course><hAcc>1.195103</hAcc><vAcc>0.757203</vAcc></extensions></trkpt>
      <trkpt lon="-82.152489" lat="33.556643"><ele>88.100799</ele><time>2025-09-14T14:35:20Z</time><extensions><speed>1.359090</speed><course>12.281296</course><hAcc>1.196701</hAcc><vAcc>0.757093</vAcc></extensions></trkpt>
      <trkpt lon="-82.152486" lat="33.556655"><ele>88.077186</ele><time>2025-09-14T14:35:21Z</time><extensions><speed>1.311605</speed><course>12.420838</course><hAcc>1.193604</hAcc><vAcc>0.757012</vAcc></extensions></trkpt>
      <trkpt lon="-82.152483" lat="33.556666"><ele>88.090302</ele><time>2025-09-14T14:35:22Z</time><extensions><speed>1.267906</speed><course>13.250185</course><hAcc>1.191590</hAcc><vAcc>0.756952</vAcc></extensions></trkpt>
      <trkpt lon="-82.152480" lat="33.556677"><ele>88.121954</ele><time>2025-09-14T14:35:23Z</time><extensions><speed>1.302381</speed><course>13.458125</course><hAcc>1.189470</hAcc><vAcc>0.756907</vAcc></extensions></trkpt>
      <trkpt lon="-82.152477" lat="33.556689"><ele>88.177057</ele><time>2025-09-14T14:35:24Z</time><extensions><speed>1.289752</speed><course>14.669485</course><hAcc>1.185795</hAcc><vAcc>0.756872</vAcc></extensions></trkpt>
      <trkpt lon="-82.152473" lat="33.556700"><ele>88.286825</ele><time>2025-09-14T14:35:25Z</time><extensions><speed>1.300329</speed><course>17.578658</course><hAcc>1.197582</hAcc><vAcc>0.756845</vAcc></extensions></trkpt>
      <trkpt lon="-82.152468" lat="33.556711"><ele>88.425997</ele><time>2025-09-14T14:35:26Z</time><extensions><speed>1.251544</speed><course>18.410197</course><hAcc>1.214461</hAcc><vAcc>0.756824</vAcc></extensions></trkpt>
      <trkpt lon="-82.152465" lat="33.556721"><ele>88.546345</ele><time>2025-09-14T14:35:27Z</time><extensions><speed>1.180281</speed><course>15.995197</course><hAcc>1.216997</hAcc><vAcc>0.756807</vAcc></extensions></trkpt>
      <trkpt lon="-82.152462" lat="33.556731"><ele>88.706304</ele><time>2025-09-14T14:35:28Z</time><extensions><speed>1.110110</speed><course>11.828622</course><hAcc>1.210832</hAcc><vAcc>0.757032</vAcc></extensions></trkpt>
      <trkpt lon="-82.152459" lat="33.556741"><ele>88.875366</ele><time>2025-09-14T14:35:29Z</time><extensions><speed>1.157899</speed><course>8.612392</course><hAcc>1.203526</hAcc><vAcc>0.757130</vAcc></extensions></trkpt>
      <trkpt lon="-82.152457" lat="33.556752"><ele>89.057949</ele><time>2025-09-14T14:35:30Z</time><extensions><speed>1.217053</speed><course>9.366967</course><hAcc>1.199846</hAcc><vAcc>0.757253</vAcc></extensions></trkpt>
      <trkpt lon="-82.152455" lat="33.556763"><ele>89.257410</ele><time>2025-09-14T14:35:31Z</time><extensions><speed>1.272977</speed><course>12.425861</course><hAcc>1.194294</hAcc><vAcc>0.757398</vAcc></extensions></trkpt>
      <trkpt lon="-82.152452" lat="33.556774"><ele>89.469660</ele><time>2025-09-14T14:35:32Z</time><extensions><speed>1.245689</speed><course>14.329923</course><hAcc>1.194673</hAcc><vAcc>0.757564</vAcc></extensions></trkpt>
      <trkpt lon="-82.152449" lat="33.556786"><ele>89.689142</ele><time>2025-09-14T14:35:33Z</time><extensions><speed>1.409285</speed><course>11.543814</course><hAcc>1.197555</hAcc><vAcc>0.757745</vAcc></extensions></trkpt>
      <trkpt lon="-82.152446" lat="33.556799"><ele>89.922974</ele><time>2025-09-14T14:35:34Z</time><extensions><speed>1.555816</speed><course>9.764394</course><hAcc>1.195982</hAcc><vAcc>0.757934</vAcc></extensions></trkpt>
      <trkpt lon="-82.152443" lat="33.556813"><ele>90.139554</ele><time>2025-09-14T14:35:35Z</time><extensions><speed>1.734941</speed><course>7.806388</course><hAcc>1.186264</hAcc><vAcc>0.758116</vAcc></extensions></trkpt>
      <trkpt lon="-82.152440" lat="33.556829"><ele>90.358037</ele><time>2025-09-14T14:35:36Z</time><extensions><speed>1.747673</speed><course>8.302873</course><hAcc>1.178063</hAcc><vAcc>0.758275</vAcc></extensions></trkpt>
      <trkpt lon="-82.152437" lat="33.556844"><ele>90.549370</ele><time>2025-09-14T14:35:37Z</time><extensions><speed>1.657725</speed><course>9.658246</course><hAcc>1.182808</hAcc><vAcc>0.758381</vAcc></extensions></trkpt>
      <trkpt lon="-82.152435" lat="33.556858"><ele>90.708869</ele><time>2025-09-14T14:35:38Z</time><extensions><speed>1.409465</speed><course>8.862333</course><hAcc>1.211281</hAcc><vAcc>0.758405</vAcc></extensions></trkpt>
      <trkpt lon="-82.152433" lat="33.556870"><ele>90.844192</ele><time>2025-09-14T14:35:39Z</time><extensions><speed>1.246614</speed><course>3.766401</course><hAcc>1.184637</hAcc><vAcc>0.758340</vAcc></extensions></trkpt>
      <trkpt lon="-82.152433" lat="33.556880"><ele>90.956660</ele><time>2025-09-14T14:35:40Z</time><extensions><speed>1.123068</speed><course>1.319728</course><hAcc>1.174304</hAcc><vAcc>0.758201</vAcc></extensions></trkpt>
      <trkpt lon="-82.152432" lat="33.556891"><ele>91.051576</ele><time>2025-09-14T14:35:41Z</time><extensions><speed>1.154065</speed><course>3.840112</course><hAcc>1.169785</hAcc><vAcc>0.758020</vAcc></extensions></trkpt>
      <trkpt lon="-82.152430" lat="33.556901"><ele>91.129888</ele><time>2025-09-14T14:35:42Z</time><extensions><speed>1.224651</speed><course>9.978276</course><hAcc>1.176006</hAcc><vAcc>0.757821</vAcc></extensions></trkpt>
      <trkpt lon="-82.152428" lat="33.556912"><ele>91.188177</ele><time>2025-09-14T14:35:43Z</time><extensions><speed>1.278602</speed><course>14.756438</course><hAcc>1.189480</hAcc><vAcc>0.757623</vAcc></extensions></trkpt>
      <trkpt lon="-82.152424" lat="33.556923"><ele>91.212433</ele><time>2025-09-14T14:35:44Z</time><extensions><speed>1.242442</speed><course>16.918188</course><hAcc>1.196757</hAcc><vAcc>0.757440</vAcc></extensions></trkpt>
      <trkpt lon="-82.152420" lat="33.556934"><ele>91.219510</ele><time>2025-09-14T14:35:45Z</time><extensions><speed>1.170382</speed><course>19.013371</course><hAcc>1.203974</hAcc><vAcc>0.757278</vAcc></extensions></trkpt>
      <trkpt lon="-82.152416" lat="33.556943"><ele>91.218637</ele><time>2025-09-14T14:35:46Z</time><extensions><speed>1.140068</speed><course>16.744462</course><hAcc>1.204467</hAcc><vAcc>0.757142</vAcc></extensions></trkpt>
      <trkpt lon="-82.152413" lat="33.556953"><ele>91.223534</ele><time>2025-09-14T14:35:47Z</time><extensions><speed>1.136525</speed><course>14.795675</course><hAcc>1.216200</hAcc><vAcc>0.757032</vAcc></extensions></trkpt>
      <trkpt lon="-82.152410" lat="33.556964"><ele>91.215226</ele><time>2025-09-14T14:35:48Z</time><extensions><speed>1.186125</speed><course>11.206944</course><hAcc>1.211115</hAcc><vAcc>0.756945</vAcc></extensions></trkpt>
      <trkpt lon="-82.152408" lat="33.556974"><ele>91.213250</ele><time>2025-09-14T14:35:49Z</time><extensions><speed>1.254438</speed><course>9.416468</course><hAcc>1.201458</hAcc><vAcc>0.756880</vAcc></extensions></trkpt>
      <trkpt lon="-82.152406" lat="33.556986"><ele>91.205624</ele><time>2025-09-14T14:35:50Z</time><extensions><speed>1.250955</speed><course>7.861366</course><hAcc>1.195442</hAcc><vAcc>0.756832</vAcc></extensions></trkpt>
      <trkpt lon="-82.152404" lat="33.556996"><ele>91.196588</ele><time>2025-09-14T14:35:51Z</time><extensions><speed>1.153744</speed><course>6.744007</course><hAcc>1.189940</hAcc><vAcc>0.756798</vAcc></extensions></trkpt>
      <trkpt lon="-82.152403" lat="33.557006"><ele>91.189422</ele><time>2025-09-14T14:35:52Z</time><extensions><speed>1.079605</speed><course>4.271642</course><hAcc>1.176548</hAcc><vAcc>0.756775</vAcc></extensions></trkpt>
      <trkpt lon="-82.152402" lat="33.557016"><ele>91.199123</ele><time>2025-09-14T14:35:53Z</time><extensions><speed>1.145233</speed><course>4.415308</course><hAcc>1.169145</hAcc><vAcc>0.756760</vAcc></extensions></trkpt>
      <trkpt lon="-82.152401" lat="33.557027"><ele>91.214978</ele><time>2025-09-14T14:35:54Z</time><extensions><speed>1.181642</speed><course>6.522978</course><hAcc>1.169387</hAcc><vAcc>0.756751</vAcc></extensions></trkpt>
      <trkpt lon="-82.152399" lat="33.557038"><ele>91.222946</ele><time>2025-09-14T14:35:55Z</time><extensions><speed>1.224836</speed><course>5.886557</course><hAcc>1.159309</hAcc><vAcc>0.756745</vAcc></extensions></trkpt>
      <trkpt lon="-82.152398" lat="33.557049"><ele>91.238060</ele><time>2025-09-14T14:35:56Z</time><extensions><speed>1.319157</speed><course>3.256672</course><hAcc>1.144351</hAcc><vAcc>0.756743</vAcc></extensions></trkpt>
      <trkpt lon="-82.152397" lat="33.557061"><ele>91.251090</ele><time>2025-09-14T14:35:57Z</time><extensions><speed>1.307617</speed><course>1.744704</course><hAcc>1.134542</hAcc><vAcc>0.756741</vAcc></extensions></trkpt>
      <trkpt lon="-82.152397" lat="33.557072"><ele>91.269703</ele><time>2025-09-14T14:35:58Z</time><extensions><speed>1.265307</speed><course>6.128794</course><hAcc>1.129965</hAcc><vAcc>0.756741</vAcc></extensions></trkpt>
      <trkpt lon="-82.152395" lat="33.557083"><ele>91.291690</ele><time>2025-09-14T14:35:59Z</time><extensions><speed>1.176629</speed><course>11.190061</course><hAcc>1.121962</hAcc><vAcc>0.756741</vAcc></extensions></trkpt>
      <trkpt lon="-82.152392" lat="33.557093"><ele>91.317087</ele><time>2025-09-14T14:36:00Z</time><extensions><speed>1.122135</speed><course>17.904923</course><hAcc>1.115528</hAcc><vAcc>0.756742</vAcc></extensions></trkpt>
      <trkpt lon="-82.152387" lat="33.557103"><ele>91.310685</ele><time>2025-09-14T14:36:01Z</time><extensions><speed>1.090216</speed><course>25.097375</course><hAcc>1.113919</hAcc><vAcc>0.756742</vAcc></extensions></trkpt>
      <trkpt lon="-82.152382" lat="33.557112"><ele>91.326075</ele><time>2025-09-14T14:36:02Z</time><extensions><speed>1.175472</speed><course>27.369835</course><hAcc>1.111641</hAcc><vAcc>0.756742</vAcc></extensions></trkpt>
      <trkpt lon="-82.152376" lat="33.557121"><ele>91.324629</ele><time>2025-09-14T14:36:03Z</time><extensions><speed>1.187948</speed><course>25.140990</course><hAcc>1.099936</hAcc><vAcc>0.756743</vAcc></extensions></trkpt>
      <trkpt lon="-82.152371" lat="33.557131"><ele>91.323705</ele><time>2025-09-14T14:36:04Z</time><extensions><speed>1.088938</speed><course>21.462688</course><hAcc>1.094928</hAcc><vAcc>0.756743</vAcc></extensions></trkpt>
      <trkpt lon="-82.152367" lat="33.557139"><ele>91.307761</ele><time>2025-09-14T14:36:05Z</time><extensions><speed>0.988917</speed><course>18.049974</course><hAcc>1.091171</hAcc><vAcc>0.756743</vAcc></extensions></trkpt>
      <trkpt lon="-82.152364" lat="33.557149"><ele>91.289164</ele><time>2025-09-14T14:36:06Z</time><extensions><speed>1.134983</speed><course>17.171200</course><hAcc>1.085139</hAcc><vAcc>0.756742</vAcc></extensions></trkpt>
      <trkpt lon="-82.152360" lat="33.557159"><ele>91.272974</ele><time>2025-09-14T14:36:07Z</time><extensions><speed>1.305288</speed><course>18.481193</course><hAcc>1.078882</hAcc><vAcc>0.756742</vAcc></extensions></trkpt>
      <trkpt lon="-82.152355" lat="33.557171"><ele>91.241332</ele><time>2025-09-14T14:36:08Z</time><extensions><speed>1.485123</speed><course>19.527252</course><hAcc>1.072696</hAcc><vAcc>0.756742</vAcc></extensions></trkpt>
      <trkpt lon="-82.152349" lat="33.557184"><ele>91.206637</ele><time>2025-09-14T14:36:09Z</time><extensions><speed>1.549904</speed><course>20.509438</course><hAcc>1.076495</hAcc><vAcc>0.756742</vAcc></extensions></trkpt>
      <trkpt lon="-82.152344" lat="33.557196"><ele>91.197633</ele><time>2025-09-14T14:36:10Z</time><extensions><speed>1.359850</speed><course>19.296890</course><hAcc>1.097861</hAcc><vAcc>0.756742</vAcc></extensions></trkpt>
      <trkpt lon="-82.152340" lat="33.557207"><ele>91.187724</ele><time>2025-09-14T14:36:11Z</time><extensions><speed>1.250785</speed><course>13.093568</course><hAcc>1.065346</hAcc><vAcc>0.756742</vAcc></extensions></trkpt>
      <trkpt lon="-82.152338" lat="33.557218"><ele>91.191770</ele><time>2025-09-14T14:36:12Z</time><extensions><speed>1.199179</speed><course>9.189639</course><hAcc>1.074518</hAcc><vAcc>0.756742</vAcc></extensions></trkpt>
      <trkpt lon="-82.152335" lat="33.557229"><ele>91.201078</ele><time>2025-09-14T14:36:13Z</time><extensions><speed>1.250959</speed><course>9.976438</course><hAcc>1.080658</hAcc><vAcc>0.756741</vAcc></extensions></trkpt>
      <trkpt lon="-82.152333" lat="33.557240"><ele>91.203251</ele><time>2025-09-14T14:36:14Z</time><extensions><speed>1.305413</speed><course>12.656865</course><hAcc>1.093652</hAcc><vAcc>0.756741</vAcc></extensions></trkpt>
      <trkpt lon="-82.152329" lat="33.557252"><ele>91.194833</ele><time>2025-09-14T14:36:15Z</time><extensions><speed>1.401765</speed><course>14.539899</course><hAcc>1.099723</hAcc><vAcc>0.756741</vAcc></extensions></trkpt>
      <trkpt lon="-82.152325" lat="33.557265"><ele>91.204598</ele><time>2025-09-14T14:36:16Z</time><extensions><speed>1.488741</speed><course>14.840407</course><hAcc>1.100998</hAcc><vAcc>0.756741</vAcc></extensions></trkpt>
      <trkpt lon="-82.152321" lat="33.557278"><ele>91.204861</ele><time>2025-09-14T14:36:17Z</time><extensions><speed>1.473182</speed><course>13.703493</course><hAcc>1.091466</hAcc><vAcc>0.756741</vAcc></extensions></trkpt>
      <trkpt lon="-82.152318" lat="33.557291"><ele>91.202550</ele><time>2025-09-14T14:36:18Z</time><extensions><speed>1.518334</speed><course>12.545190</course><hAcc>1.078454</hAcc><vAcc>0.756741</vAcc></extensions></trkpt>
      <trkpt lon="-82.152314" lat="33.557305"><ele>91.189697</ele><time>2025-09-14T14:36:19Z</time><extensions><speed>1.625376</speed><course>12.921140</course><hAcc>1.081724</hAcc><vAcc>0.756741</vAcc></extensions></trkpt>
      <trkpt lon="-82.152310" lat="33.557318"><ele>91.171434</ele><time>2025-09-14T14:36:20Z</time><extensions><speed>1.440303</speed><course>13.081331</course><hAcc>1.111903</hAcc><vAcc>0.756741</vAcc></extensions></trkpt>
      <trkpt lon="-82.152307" lat="33.557332"><ele>91.141306</ele><time>2025-09-14T14:36:21Z</time><extensions><speed>1.565348</speed><course>13.648902</course><hAcc>1.081031</hAcc><vAcc>0.756741</vAcc></extensions></trkpt>
      <trkpt lon="-82.152302" lat="33.557345"><ele>91.098638</ele><time>2025-09-14T14:36:22Z</time><extensions><speed>1.636982</speed><course>15.101365</course><hAcc>1.072065</hAcc><vAcc>0.756741</vAcc></extensions></trkpt>
      <trkpt lon="-82.152297" lat="33.557359"><ele>91.038081</ele><time>2025-09-14T14:36:23Z</time><extensions><speed>1.614957</speed><course>19.836061</course><hAcc>1.077870</hAcc><vAcc>0.756741</vAcc></extensions></trkpt>
      <trkpt lon="-82.152291" lat="33.557373"><ele>90.957647</ele><time>2025-09-14T14:36:24Z</time><extensions><speed>1.551196</speed><course>23.813535</course><hAcc>1.085172</hAcc><vAcc>0.756741</vAcc></extensions></trkpt>
      <trkpt lon="-82.152284" lat="33.557384"><ele>90.878681</ele><time>2025-09-14T14:36:25Z</time><extensions><speed>1.308195</speed><course>25.335377</course><hAcc>1.096582</hAcc><vAcc>0.756741</vAcc></extensions></trkpt>
      <trkpt lon="-82.152279" lat="33.557394"><ele>90.787474</ele><time>2025-09-14T14:36:26Z</time><extensions><speed>1.158023</speed><course>25.114016</course><hAcc>1.088146</hAcc><vAcc>0.756741</vAcc></extensions></trkpt>
      <trkpt lon="-82.152273" lat="33.557403"><ele>90.694273</ele><time>2025-09-14T14:36:27Z</time><extensions><speed>1.052971</speed><course>26.965554</course><hAcc>1.078415</hAcc><vAcc>0.756741</vAcc></extensions></trkpt>
      <trkpt lon="-82.152268" lat="33.557412"><ele>90.560999</ele><time>2025-09-14T14:36:28Z</time><extensions><speed>1.034122</speed><course>27.137705</course><hAcc>1.075035</hAcc><vAcc>0.756741</vAcc></extensions></trkpt>
      <trkpt lon="-82.152263" lat="33.557420"><ele>90.426282</ele><time>2025-09-14T14:36:29Z</time><extensions><speed>1.074026</speed><course>26.630842</course><hAcc>1.069032</hAcc><vAcc>0.756741</vAcc></extensions></trkpt>
      <trkpt lon="-82.152258" lat="33.557429"><ele>90.288231</ele><time>2025-09-14T14:36:30Z</time><extensions><speed>1.136406</speed><course>27.387196</course><hAcc>1.066993</hAcc><vAcc>0.756741</vAcc></extensions></trkpt>
      <trkpt lon="-82.152252" lat="33.557438"><ele>90.130597</ele><time>2025-09-14T14:36:31Z</time><extensions><speed>1.165506</speed><course>29.873585</course><hAcc>1.064581</hAcc><vAcc>0.756741</vAcc></extensions></trkpt>
      <trkpt lon="-82.152246" lat="33.557447"><ele>89.991792</ele><time>2025-09-14T14:36:32Z</time><extensions><speed>1.177507</speed><course>29.630415</course><hAcc>1.063917</hAcc><vAcc>0.756741</vAcc></extensions></trkpt>
      <trkpt lon="-82.152239" lat="33.557457"><ele>89.850094</ele><time>2025-09-14T14:36:33Z</time><extensions><speed>1.259022</speed><course>29.987112</course><hAcc>1.058961</hAcc><vAcc>0.756741</vAcc></extensions></trkpt>
      <trkpt lon="-82.152232" lat="33.557467"><ele>89.712826</ele><time>2025-09-14T14:36:34Z</time><extensions><speed>1.346094</speed><course>31.296927</course><hAcc>1.054107</hAcc><vAcc>0.756741</vAcc></extensions></trkpt>
      <trkpt lon="-82.152224" lat="33.557478"><ele>89.588389</ele><time>2025-09-14T14:36:35Z</time><extensions><speed>1.432720</speed><course>32.647166</course><hAcc>1.057512</hAcc><vAcc>0.756741</vAcc></extensions></trkpt>
      <trkpt lon="-82.152216" lat="33.557489"><ele>89.480449</ele><time>2025-09-14T14:36:36Z</time><extensions><speed>1.481929</speed><course>31.467004</course><hAcc>1.056030</hAcc><vAcc>0.756741</vAcc></extensions></trkpt>
      <trkpt lon="-82.152208" lat="33.557501"><ele>89.380340</ele><time>2025-09-14T14:36:37Z</time><extensions><speed>1.582956</speed><course>27.444461</course><hAcc>1.051811</hAcc><vAcc>0.756741</vAcc></extensions></trkpt>
      <trkpt lon="-82.152200" lat="33.557514"><ele>89.284429</ele><time>2025-09-14T14:36:38Z</time><extensions><speed>1.597446</speed><course>23.634588</course><hAcc>1.052921</hAcc><vAcc>0.756741</vAcc></extensions></trkpt>
      <trkpt lon="-82.152194" lat="33.557527"><ele>89.194011</ele><time>2025-09-14T14:36:39Z</time><extensions><speed>1.561885</speed><course>20.871480</course><hAcc>1.059518</hAcc><vAcc>0.756741</vAcc></extensions></trkpt>
      <trkpt lon="-82.152188" lat="33.557540"><ele>89.096976</ele><time>2025-09-14T14:36:40Z</time><extensions><speed>1.570820</speed><course>19.281854</course><hAcc>1.047855</hAcc><vAcc>0.756741</vAcc></extensions></trkpt>
      <trkpt lon="-82.152182" lat="33.557553"><ele>89.023963</ele><time>2025-09-14T14:36:41Z</time><extensions><speed>1.409467</speed><course>22.479517</course><hAcc>1.069503</hAcc><vAcc>0.756741</vAcc></extensions></trkpt>
      <trkpt lon="-82.152176" lat="33.557565"><ele>88.982359</ele><time>2025-09-14T14:36:42Z</time><extensions><speed>1.495718</speed><course>24.071185</course><hAcc>1.051110</hAcc><vAcc>0.756741</vAcc></extensions></trkpt>
      <trkpt lon="-82.152169" lat="33.557577"><ele>88.955761</ele><time>2025-09-14T14:36:43Z</time><extensions><speed>1.530778</speed><course>27.165553</course><hAcc>1.060627</hAcc><vAcc>0.756741</vAcc></extensions></trkpt>
      <trkpt lon="-82.152162" lat="33.557588"><ele>88.938254</ele><time>2025-09-14T14:36:44Z</time><extensions><speed>1.309349</speed><course>30.128829</course><hAcc>1.092820</hAcc><vAcc>0.756741</vAcc></extensions></trkpt>
      <trkpt lon="-82.152155" lat="33.557598"><ele>88.919455</ele><time>2025-09-14T14:36:45Z</time><extensions><speed>1.154302</speed><course>35.970915</course><hAcc>1.094984</hAcc><vAcc>0.756741</vAcc></extensions></trkpt>
      <trkpt lon="-82.152147" lat="33.557606"><ele>88.911718</ele><time>2025-09-14T14:36:46Z</time><extensions><speed>1.097325</speed><course>38.794254</course><hAcc>1.107981</hAcc><vAcc>0.756741</vAcc></extensions></trkpt>
      <trkpt lon="-82.152139" lat="33.557614"><ele>88.908661</ele><time>2025-09-14T14:36:47Z</time><extensions><speed>1.191099</speed><course>38.214148</course><hAcc>1.127087</hAcc><vAcc>0.756741</vAcc></extensions></trkpt>
      <trkpt lon="-82.152131" lat="33.557623"><ele>88.910546</ele><time>2025-09-14T14:36:48Z</time><extensions><speed>1.355521</speed><course>36.089536</course><hAcc>1.135120</hAcc><vAcc>0.756741</vAcc></extensions></trkpt>
      <trkpt lon="-82.152123" lat="33.557633"><ele>88.906357</ele><time>2025-09-14T14:36:49Z</time><extensions><speed>1.417787</speed><course>31.925400</course><hAcc>1.137305</hAcc><vAcc>0.756741</vAcc></extensions></trkpt>
      <trkpt lon="-82.152115" lat="33.557644"><ele>88.895024</ele><time>2025-09-14T14:36:50Z</time><extensions><speed>1.419221</speed><course>28.852035</course><hAcc>1.138919</hAcc><vAcc>0.756741</vAcc></extensions></trkpt>
      <trkpt lon="-82.152108" lat="33.557656"><ele>88.876241</ele><time>2025-09-14T14:36:51Z</time><extensions><speed>1.369958</speed><course>26.240743</course><hAcc>1.152183</hAcc><vAcc>0.756741</vAcc></extensions></trkpt>
      <trkpt lon="-82.152101" lat="33.557667"><ele>88.840972</ele><time>2025-09-14T14:36:52Z</time><extensions><speed>1.456468</speed><course>27.883962</course><hAcc>1.154278</hAcc><vAcc>0.756741</vAcc></extensions></trkpt>
      <trkpt lon="-82.152093" lat="33.557678"><ele>88.795712</ele><time>2025-09-14T14:36:53Z</time><extensions><speed>1.430387</speed><course>32.458410</course><hAcc>1.157890</hAcc><vAcc>0.756741</vAcc></extensions></trkpt>
      <trkpt lon="-82.152085" lat="33.557689"><ele>88.743000</ele><time>2025-09-14T14:36:54Z</time><extensions><speed>1.349121</speed><course>36.023440</course><hAcc>1.161015</hAcc><vAcc>0.756741</vAcc></extensions></trkpt>
      <trkpt lon="-82.152076" lat="33.557698"><ele>88.685783</ele><time>2025-09-14T14:36:55Z</time><extensions><speed>1.388047</speed><course>37.699287</course><hAcc>1.149533</hAcc><vAcc>0.756741</vAcc></extensions></trkpt>
      <trkpt lon="-82.152067" lat="33.557708"><ele>88.612771</ele><time>2025-09-14T14:36:56Z</time><extensions><speed>1.412874</speed><course>37.460751</course><hAcc>1.155963</hAcc><vAcc>0.756741</vAcc></extensions></trkpt>
      <trkpt lon="-82.152058" lat="33.557719"><ele>88.519325</ele><time>2025-09-14T14:36:57Z</time><extensions><speed>1.469879</speed><course>34.038830</course><hAcc>1.158837</hAcc><vAcc>0.756741</vAcc></extensions></trkpt>
      <trkpt lon="-82.152049" lat="33.557730"><ele>88.421707</ele><time>2025-09-14T14:36:58Z</time><extensions><speed>1.458296</speed><course>31.444623</course><hAcc>1.160492</hAcc><vAcc>0.756788</vAcc></extensions></trkpt>
      <trkpt lon="-82.152041" lat="33.557741"><ele>88.301794</ele><time>2025-09-14T14:36:59Z</time><extensions><speed>1.425672</speed><course>31.988600</course><hAcc>1.161298</hAcc><vAcc>0.756810</vAcc></extensions></trkpt>
      <trkpt lon="-82.152033" lat="33.557752"><ele>88.179164</ele><time>2025-09-14T14:37:00Z</time><extensions><speed>1.352447</speed><course>34.382289</course><hAcc>1.162803</hAcc><vAcc>0.756846</vAcc></extensions></trkpt>
      <trkpt lon="-82.152025" lat="33.557761"><ele>88.059188</ele><time>2025-09-14T14:37:01Z</time><extensions><speed>1.231084</speed><course>37.048960</course><hAcc>1.163872</hAcc><vAcc>0.756881</vAcc></extensions></trkpt>
      <trkpt lon="-82.152017" lat="33.557770"><ele>87.942670</ele><time>2025-09-14T14:37:02Z</time><extensions><speed>1.232474</speed><course>37.959678</course><hAcc>1.165304</hAcc><vAcc>0.756920</vAcc></extensions></trkpt>
      <trkpt lon="-82.152008" lat="33.557779"><ele>87.823517</ele><time>2025-09-14T14:37:03Z</time><extensions><speed>1.254759</speed><course>39.219760</course><hAcc>1.169488</hAcc><vAcc>0.756964</vAcc></extensions></trkpt>
      <trkpt lon="-82.152000" lat="33.557788"><ele>87.714911</ele><time>2025-09-14T14:37:04Z</time><extensions><speed>1.320515</speed><course>39.531886</course><hAcc>1.166627</hAcc><vAcc>0.757009</vAcc></extensions></trkpt>
      <trkpt lon="-82.151990" lat="33.557797"><ele>87.619460</ele><time>2025-09-14T14:37:05Z</time><extensions><speed>1.451148</speed><course>40.112668</course><hAcc>1.160186</hAcc><vAcc>0.757053</vAcc></extensions></trkpt>
      <trkpt lon="-82.151980" lat="33.557808"><ele>87.526559</ele><time>2025-09-14T14:37:06Z</time><extensions><speed>1.551469</speed><course>39.561291</course><hAcc>1.168889</hAcc><vAcc>0.757093</vAcc></extensions></trkpt>
      <trkpt lon="-82.151969" lat="33.557818"><ele>87.436785</ele><time>2025-09-14T14:37:07Z</time><extensions><speed>1.481932</speed><course>39.410813</course><hAcc>1.199051</hAcc><vAcc>0.757122</vAcc></extensions></trkpt>
      <trkpt lon="-82.151959" lat="33.557829"><ele>87.359287</ele><time>2025-09-14T14:37:08Z</time><extensions><speed>1.491462</speed><course>38.807559</course><hAcc>1.191604</hAcc><vAcc>0.757134</vAcc></extensions></trkpt>
      <trkpt lon="-82.151949" lat="33.557839"><ele>87.301026</ele><time>2025-09-14T14:37:09Z</time><extensions><speed>1.468643</speed><course>35.988699</course><hAcc>1.202643</hAcc><vAcc>0.757127</vAcc></extensions></trkpt>
      <trkpt lon="-82.151940" lat="33.557850"><ele>87.245035</ele><time>2025-09-14T14:37:10Z</time><extensions><speed>1.469324</speed><course>34.277019</course><hAcc>1.228790</hAcc><vAcc>0.757112</vAcc></extensions></trkpt>
      <trkpt lon="-82.151931" lat="33.557861"><ele>87.179371</ele><time>2025-09-14T14:37:11Z</time><extensions><speed>1.515275</speed><course>33.415587</course><hAcc>1.235262</hAcc><vAcc>0.757282</vAcc></extensions></trkpt>
      <trkpt lon="-82.151922" lat="33.557873"><ele>87.110226</ele><time>2025-09-14T14:37:12Z</time><extensions><speed>1.485597</speed><course>33.876030</course><hAcc>1.239886</hAcc><vAcc>0.757376</vAcc></extensions></trkpt>
      <trkpt lon="-82.151913" lat="33.557884"><ele>87.029777</ele><time>2025-09-14T14:37:13Z</time><extensions><speed>1.535768</speed><course>35.708701</course><hAcc>1.237277</hAcc><vAcc>0.757466</vAcc></extensions></trkpt>
      <trkpt lon="-82.151903" lat="33.557895"><ele>86.942992</ele><time>2025-09-14T14:37:14Z</time><extensions><speed>1.532974</speed><course>37.338693</course><hAcc>1.239399</hAcc><vAcc>0.757580</vAcc></extensions></trkpt>
      <trkpt lon="-82.151893" lat="33.557906"><ele>86.859470</ele><time>2025-09-14T14:37:15Z</time><extensions><speed>1.478867</speed><course>39.547373</course><hAcc>1.239121</hAcc><vAcc>0.757719</vAcc></extensions></trkpt>
      <trkpt lon="-82.151883" lat="33.557915"><ele>86.780555</ele><time>2025-09-14T14:37:16Z</time><extensions><speed>1.401108</speed><course>40.970267</course><hAcc>1.248188</hAcc><vAcc>0.757879</vAcc></extensions></trkpt>
      <trkpt lon="-82.151873" lat="33.557925"><ele>86.697106</ele><time>2025-09-14T14:37:17Z</time><extensions><speed>1.445767</speed><course>43.052446</course><hAcc>1.251817</hAcc><vAcc>0.758052</vAcc></extensions></trkpt>
      <trkpt lon="-82.151862" lat="33.557934"><ele>86.606826</ele><time>2025-09-14T14:37:18Z</time><extensions><speed>1.413133</speed><course>43.929360</course><hAcc>1.266803</hAcc><vAcc>0.758225</vAcc></extensions></trkpt>
      <trkpt lon="-82.151852" lat="33.557943"><ele>86.513009</ele><time>2025-09-14T14:37:19Z</time><extensions><speed>1.414680</speed><course>44.364951</course><hAcc>1.277427</hAcc><vAcc>0.758376</vAcc></extensions></trkpt>
      <trkpt lon="-82.151840" lat="33.557953"><ele>86.434509</ele><time>2025-09-14T14:37:20Z</time><extensions><speed>1.501785</speed><course>46.597923</course><hAcc>1.291311</hAcc><vAcc>0.758482</vAcc></extensions></trkpt>
      <trkpt lon="-82.151828" lat="33.557962"><ele>86.361448</ele><time>2025-09-14T14:37:21Z</time><extensions><speed>1.468317</speed><course>50.291263</course><hAcc>1.303030</hAcc><vAcc>0.759405</vAcc></extensions></trkpt>
      <trkpt lon="-82.151816" lat="33.557970"><ele>86.308463</ele><time>2025-09-14T14:37:22Z</time><extensions><speed>1.411408</speed><course>53.799311</course><hAcc>1.305609</hAcc><vAcc>0.760726</vAcc></extensions></trkpt>
      <trkpt lon="-82.151804" lat="33.557977"><ele>86.255382</ele><time>2025-09-14T14:37:23Z</time><extensions><speed>1.329294</speed><course>56.534550</course><hAcc>1.300657</hAcc><vAcc>0.761908</vAcc></extensions></trkpt>
      <trkpt lon="-82.151792" lat="33.557983"><ele>86.210377</ele><time>2025-09-14T14:37:24Z</time><extensions><speed>1.302796</speed><course>57.981992</course><hAcc>1.303277</hAcc><vAcc>0.763440</vAcc></extensions></trkpt>
      <trkpt lon="-82.151780" lat="33.557990"><ele>86.174606</ele><time>2025-09-14T14:37:25Z</time><extensions><speed>1.352416</speed><course>56.507064</course><hAcc>1.310721</hAcc><vAcc>0.765199</vAcc></extensions></trkpt>
      <trkpt lon="-82.151768" lat="33.557996"><ele>86.148459</ele><time>2025-09-14T14:37:26Z</time><extensions><speed>1.373622</speed><course>56.532551</course><hAcc>1.307438</hAcc><vAcc>0.767295</vAcc></extensions></trkpt>
      <trkpt lon="-82.151756" lat="33.558004"><ele>86.162267</ele><time>2025-09-14T14:37:27Z</time><extensions><speed>1.389584</speed><course>52.753079</course><hAcc>1.299404</hAcc><vAcc>0.769623</vAcc></extensions></trkpt>
      <trkpt lon="-82.151744" lat="33.558012"><ele>86.183540</ele><time>2025-09-14T14:37:28Z</time><extensions><speed>1.437993</speed><course>45.759820</course><hAcc>1.286883</hAcc><vAcc>0.772516</vAcc></extensions></trkpt>
      <trkpt lon="-82.151733" lat="33.558022"><ele>86.222188</ele><time>2025-09-14T14:37:29Z</time><extensions><speed>1.525522</speed><course>41.467326</course><hAcc>1.272987</hAcc><vAcc>0.775857</vAcc></extensions></trkpt>
      <trkpt lon="-82.151722" lat="33.558032"><ele>86.264381</ele><time>2025-09-14T14:37:30Z</time><extensions><speed>1.567689</speed><course>41.468465</course><hAcc>1.276073</hAcc><vAcc>0.779846</vAcc></extensions></trkpt>
      <trkpt lon="-82.151712" lat="33.558043"><ele>86.324936</ele><time>2025-09-14T14:37:31Z</time><extensions><speed>1.452556</speed><course>40.953913</course><hAcc>1.306761</hAcc><vAcc>0.783153</vAcc></extensions></trkpt>
      <trkpt lon="-82.151701" lat="33.558053"><ele>86.380461</ele><time>2025-09-14T14:37:32Z</time><extensions><speed>1.472480</speed><course>39.596865</course><hAcc>1.276070</hAcc><vAcc>0.785547</vAcc></extensions></trkpt>
      <trkpt lon="-82.151691" lat="33.558063"><ele>86.439613</ele><time>2025-09-14T14:37:33Z</time><extensions><speed>1.473436</speed><course>37.362547</course><hAcc>1.270102</hAcc><vAcc>0.787266</vAcc></extensions></trkpt>
      <trkpt lon="-82.151682" lat="33.558074"><ele>86.519567</ele><time>2025-09-14T14:37:34Z</time><extensions><speed>1.452992</speed><course>34.552160</course><hAcc>1.271848</hAcc><vAcc>0.788545</vAcc></extensions></trkpt>
      <trkpt lon="-82.151674" lat="33.558085"><ele>86.599088</ele><time>2025-09-14T14:37:35Z</time><extensions><speed>1.443099</speed><course>31.211144</course><hAcc>1.264934</hAcc><vAcc>0.789285</vAcc></extensions></trkpt>
      <trkpt lon="-82.151666" lat="33.558096"><ele>86.649054</ele><time>2025-09-14T14:37:36Z</time><extensions><speed>1.532464</speed><course>27.467888</course><hAcc>1.249017</hAcc><vAcc>0.789792</vAcc></extensions></trkpt>
      <trkpt lon="-82.151658" lat="33.558109"><ele>86.701509</ele><time>2025-09-14T14:37:37Z</time><extensions><speed>1.604265</speed><course>24.608687</course><hAcc>1.236272</hAcc><vAcc>0.789755</vAcc></extensions></trkpt>
      <trkpt lon="-82.151652" lat="33.558122"><ele>86.756555</ele><time>2025-09-14T14:37:38Z</time><extensions><speed>1.527527</speed><course>20.376958</course><hAcc>1.243682</hAcc><vAcc>0.790065</vAcc></extensions></trkpt>
      <trkpt lon="-82.151646" lat="33.558135"><ele>86.803668</ele><time>2025-09-14T14:37:39Z</time><extensions><speed>1.514256</speed><course>23.060266</course><hAcc>1.225436</hAcc><vAcc>0.789288</vAcc></extensions></trkpt>
      <trkpt lon="-82.151639" lat="33.558147"><ele>86.846497</ele><time>2025-09-14T14:37:40Z</time><extensions><speed>1.401447</speed><course>30.301614</course><hAcc>1.234275</hAcc><vAcc>0.787961</vAcc></extensions></trkpt>
      <trkpt lon="-82.151631" lat="33.558157"><ele>86.881693</ele><time>2025-09-14T14:37:41Z</time><extensions><speed>1.329994</speed><course>37.505177</course><hAcc>1.217209</hAcc><vAcc>0.786208</vAcc></extensions></trkpt>
      <trkpt lon="-82.151622" lat="33.558166"><ele>86.928047</ele><time>2025-09-14T14:37:42Z</time><extensions><speed>1.257844</speed><course>42.094155</course><hAcc>1.218727</hAcc><vAcc>0.784311</vAcc></extensions></trkpt>
      <trkpt lon="-82.151613" lat="33.558174"><ele>86.976858</ele><time>2025-09-14T14:37:43Z</time><extensions><speed>1.269932</speed><course>42.337387</course><hAcc>1.228294</hAcc><vAcc>0.782376</vAcc></extensions></trkpt>
      <trkpt lon="-82.151603" lat="33.558183"><ele>87.001788</ele><time>2025-09-14T14:37:44Z</time><extensions><speed>1.330256</speed><course>42.972651</course><hAcc>1.231599</hAcc><vAcc>0.780444</vAcc></extensions></trkpt>
      <trkpt lon="-82.151593" lat="33.558191"><ele>87.020403</ele><time>2025-09-14T14:37:45Z</time><extensions><speed>1.362000</speed><course>46.971410</course><hAcc>1.234912</hAcc><vAcc>0.779275</vAcc></extensions></trkpt>
      <trkpt lon="-82.151582" lat="33.558200"><ele>87.023265</ele><time>2025-09-14T14:37:46Z</time><extensions><speed>1.411312</speed><course>51.376301</course><hAcc>1.225416</hAcc><vAcc>0.777772</vAcc></extensions></trkpt>
      <trkpt lon="-82.151570" lat="33.558208"><ele>87.032271</ele><time>2025-09-14T14:37:47Z</time><extensions><speed>1.429897</speed><course>50.651279</course><hAcc>1.233865</hAcc><vAcc>0.776300</vAcc></extensions></trkpt>
      <trkpt lon="-82.151558" lat="33.558216"><ele>87.063355</ele><time>2025-09-14T14:37:48Z</time><extensions><speed>1.384952</speed><course>47.462941</course><hAcc>1.239743</hAcc><vAcc>0.774791</vAcc></extensions></trkpt>
      <trkpt lon="-82.151548" lat="33.558225"><ele>87.077294</ele><time>2025-09-14T14:37:49Z</time><extensions><speed>1.362329</speed><course>44.749960</course><hAcc>1.230793</hAcc><vAcc>0.773228</vAcc></extensions></trkpt>
      <trkpt lon="-82.151538" lat="33.558233"><ele>87.083437</ele><time>2025-09-14T14:37:50Z</time><extensions><speed>1.266804</speed><course>43.891733</course><hAcc>1.226178</hAcc><vAcc>0.771673</vAcc></extensions></trkpt>
      <trkpt lon="-82.151528" lat="33.558241"><ele>87.095170</ele><time>2025-09-14T14:37:51Z</time><extensions><speed>1.265277</speed><course>41.162804</course><hAcc>1.222663</hAcc><vAcc>0.770205</vAcc></extensions></trkpt>
      <trkpt lon="-82.151519" lat="33.558250"><ele>87.108668</ele><time>2025-09-14T14:37:52Z</time><extensions><speed>1.353833</speed><course>39.555646</course><hAcc>1.211692</hAcc><vAcc>0.768853</vAcc></extensions></trkpt>
      <trkpt lon="-82.151510" lat="33.558260"><ele>87.117866</ele><time>2025-09-14T14:37:53Z</time><extensions><speed>1.484231</speed><course>39.841414</course><hAcc>1.205778</hAcc><vAcc>0.767605</vAcc></extensions></trkpt>
      <trkpt lon="-82.151499" lat="33.558271"><ele>87.127443</ele><time>2025-09-14T14:37:54Z</time><extensions><speed>1.529235</speed><course>40.999375</course><hAcc>1.213398</hAcc><vAcc>0.766420</vAcc></extensions></trkpt>
      <trkpt lon="-82.151489" lat="33.558281"><ele>87.132373</ele><time>2025-09-14T14:37:55Z</time><extensions><speed>1.405625</speed><course>41.092123</course><hAcc>1.224889</hAcc><vAcc>0.765244</vAcc></extensions></trkpt>
      <trkpt lon="-82.151479" lat="33.558290"><ele>87.153507</ele><time>2025-09-14T14:37:56Z</time><extensions><speed>1.283606</speed><course>36.813018</course><hAcc>1.204240</hAcc><vAcc>0.764044</vAcc></extensions></trkpt>
      <trkpt lon="-82.151472" lat="33.558300"><ele>87.165392</ele><time>2025-09-14T14:37:57Z</time><extensions><speed>1.291957</speed><course>32.805707</course><hAcc>1.197904</hAcc><vAcc>0.762854</vAcc></extensions></trkpt>
      <trkpt lon="-82.151464" lat="33.558310"><ele>87.172835</ele><time>2025-09-14T14:37:58Z</time><extensions><speed>1.392285</speed><course>29.508904</course><hAcc>1.187640</hAcc><vAcc>0.761731</vAcc></extensions></trkpt>
      <trkpt lon="-82.151457" lat="33.558321"><ele>87.188382</ele><time>2025-09-14T14:37:59Z</time><extensions><speed>1.382286</speed><course>28.625541</course><hAcc>1.191054</hAcc><vAcc>0.760717</vAcc></extensions></trkpt>
      <trkpt lon="-82.151450" lat="33.558331"><ele>87.200949</ele><time>2025-09-14T14:38:00Z</time><extensions><speed>1.277914</speed><course>28.724418</course><hAcc>1.188535</hAcc><vAcc>0.759834</vAcc></extensions></trkpt>
      <trkpt lon="-82.151444" lat="33.558341"><ele>87.213261</ele><time>2025-09-14T14:38:01Z</time><extensions><speed>1.136279</speed><course>27.662882</course><hAcc>1.190808</hAcc><vAcc>0.759091</vAcc></extensions></trkpt>
      <trkpt lon="-82.151437" lat="33.558350"><ele>87.229841</ele><time>2025-09-14T14:38:02Z</time><extensions><speed>1.186272</speed><course>33.972971</course><hAcc>1.197998</hAcc><vAcc>0.758485</vAcc></extensions></trkpt>
      <trkpt lon="-82.151430" lat="33.558358"><ele>87.233921</ele><time>2025-09-14T14:38:03Z</time><extensions><speed>1.155438</speed><course>41.831199</course><hAcc>1.206539</hAcc><vAcc>0.758004</vAcc></extensions></trkpt>
      <trkpt lon="-82.151422" lat="33.558366"><ele>87.246868</ele><time>2025-09-14T14:38:04Z</time><extensions><speed>1.161569</speed><course>38.873000</course><hAcc>1.194695</hAcc><vAcc>0.757634</vAcc></extensions></trkpt>
      <trkpt lon="-82.151414" lat="33.558375"><ele>87.251636</ele><time>2025-09-14T14:38:05Z</time><extensions><speed>1.280593</speed><course>34.533754</course><hAcc>1.200428</hAcc><vAcc>0.757357</vAcc></extensions></trkpt>
      <trkpt lon="-82.151406" lat="33.558385"><ele>87.242396</ele><time>2025-09-14T14:38:06Z</time><extensions><speed>1.485840</speed><course>32.508149</course><hAcc>1.217796</hAcc><vAcc>0.757155</vAcc></extensions></trkpt>
      <trkpt lon="-82.151397" lat="33.558397"><ele>87.217957</ele><time>2025-09-14T14:38:07Z</time><extensions><speed>1.497899</speed><course>30.500732</course><hAcc>1.220385</hAcc><vAcc>0.757012</vAcc></extensions></trkpt>
      <trkpt lon="-82.151389" lat="33.558408"><ele>87.196896</ele><time>2025-09-14T14:38:08Z</time><extensions><speed>1.426020</speed><course>30.397010</course><hAcc>1.217435</hAcc><vAcc>0.756914</vAcc></extensions></trkpt>
      <trkpt lon="-82.151382" lat="33.558419"><ele>87.176167</ele><time>2025-09-14T14:38:09Z</time><extensions><speed>1.351320</speed><course>30.849499</course><hAcc>1.219868</hAcc><vAcc>0.756849</vAcc></extensions></trkpt>
      <trkpt lon="-82.151374" lat="33.558429"><ele>87.136527</ele><time>2025-09-14T14:38:10Z</time><extensions><speed>1.260377</speed><course>31.932017</course><hAcc>1.227017</hAcc><vAcc>0.756808</vAcc></extensions></trkpt>
      <trkpt lon="-82.151367" lat="33.558439"><ele>87.099824</ele><time>2025-09-14T14:38:11Z</time><extensions><speed>1.274388</speed><course>33.519463</course><hAcc>1.235395</hAcc><vAcc>0.756913</vAcc></extensions></trkpt>
      <trkpt lon="-82.151359" lat="33.558448"><ele>87.048850</ele><time>2025-09-14T14:38:12Z</time><extensions><speed>1.236129</speed><course>34.681665</course><hAcc>1.239341</hAcc><vAcc>0.756959</vAcc></extensions></trkpt>
      <trkpt lon="-82.151351" lat="33.558457"><ele>86.997120</ele><time>2025-09-14T14:38:13Z</time><extensions><speed>1.286889</speed><course>36.192922</course><hAcc>1.243965</hAcc><vAcc>0.757023</vAcc></extensions></trkpt>
      <trkpt lon="-82.151343" lat="33.558467"><ele>86.921978</ele><time>2025-09-14T14:38:14Z</time><extensions><speed>1.305975</speed><course>35.771545</course><hAcc>1.245799</hAcc><vAcc>0.757103</vAcc></extensions></trkpt>
      <trkpt lon="-82.151335" lat="33.558477"><ele>86.837929</ele><time>2025-09-14T14:38:15Z</time><extensions><speed>1.387547</speed><course>35.834692</course><hAcc>1.233788</hAcc><vAcc>0.757195</vAcc></extensions></trkpt>
      <trkpt lon="-82.151326" lat="33.558487"><ele>86.747236</ele><time>2025-09-14T14:38:16Z</time><extensions><speed>1.367056</speed><course>36.393987</course><hAcc>1.222281</hAcc><vAcc>0.757296</vAcc></extensions></trkpt>
      <trkpt lon="-82.151317" lat="33.558496"><ele>86.621252</ele><time>2025-09-14T14:38:17Z</time><extensions><speed>1.313549</speed><course>35.862077</course><hAcc>1.211159</hAcc><vAcc>0.757401</vAcc></extensions></trkpt>
      <trkpt lon="-82.151310" lat="33.558506"><ele>86.484900</ele><time>2025-09-14T14:38:18Z</time><extensions><speed>1.264045</speed><course>31.907588</course><hAcc>1.203795</hAcc><vAcc>0.757501</vAcc></extensions></trkpt>
      <trkpt lon="-82.151303" lat="33.558516"><ele>86.343148</ele><time>2025-09-14T14:38:19Z</time><extensions><speed>1.251926</speed><course>27.654760</course><hAcc>1.198562</hAcc><vAcc>0.757587</vAcc></extensions></trkpt>
      <trkpt lon="-82.151297" lat="33.558526"><ele>86.198619</ele><time>2025-09-14T14:38:20Z</time><extensions><speed>1.302987</speed><course>23.948546</course><hAcc>1.199769</hAcc><vAcc>0.757645</vAcc></extensions></trkpt>
      <trkpt lon="-82.151291" lat="33.558537"><ele>86.043823</ele><time>2025-09-14T14:38:21Z</time><extensions><speed>1.368128</speed><course>22.566886</course><hAcc>1.206844</hAcc><vAcc>0.757661</vAcc></extensions></trkpt>
      <trkpt lon="-82.151285" lat="33.558549"><ele>85.876705</ele><time>2025-09-14T14:38:22Z</time><extensions><speed>1.400728</speed><course>23.774078</course><hAcc>1.213984</hAcc><vAcc>0.757625</vAcc></extensions></trkpt>
      <trkpt lon="-82.151279" lat="33.558560"><ele>85.697811</ele><time>2025-09-14T14:38:23Z</time><extensions><speed>1.354606</speed><course>26.668031</course><hAcc>1.222647</hAcc><vAcc>0.757549</vAcc></extensions></trkpt>
      <trkpt lon="-82.151272" lat="33.558571"><ele>85.520135</ele><time>2025-09-14T14:38:24Z</time><extensions><speed>1.288213</speed><course>30.724606</course><hAcc>1.226999</hAcc><vAcc>0.757449</vAcc></extensions></trkpt>
      <trkpt lon="-82.151265" lat="33.558580"><ele>85.345350</ele><time>2025-09-14T14:38:25Z</time><extensions><speed>1.150495</speed><course>36.051551</course><hAcc>1.229993</hAcc><vAcc>0.757339</vAcc></extensions></trkpt>
      <trkpt lon="-82.151257" lat="33.558588"><ele>85.172690</ele><time>2025-09-14T14:38:26Z</time><extensions><speed>1.222942</speed><course>42.246247</course><hAcc>1.227473</hAcc><vAcc>0.757229</vAcc></extensions></trkpt>
      <trkpt lon="-82.151247" lat="33.558596"><ele>85.003477</ele><time>2025-09-14T14:38:27Z</time><extensions><speed>1.385921</speed><course>46.003193</course><hAcc>1.203985</hAcc><vAcc>0.757128</vAcc></extensions></trkpt>
      <trkpt lon="-82.151236" lat="33.558606"><ele>84.852132</ele><time>2025-09-14T14:38:28Z</time><extensions><speed>1.537616</speed><course>45.920671</course><hAcc>1.190521</hAcc><vAcc>0.757441</vAcc></extensions></trkpt>
      <trkpt lon="-82.151224" lat="33.558616"><ele>84.708931</ele><time>2025-09-14T14:38:29Z</time><extensions><speed>1.616405</speed><course>43.065735</course><hAcc>1.202349</hAcc><vAcc>0.757788</vAcc></extensions></trkpt>
      <trkpt lon="-82.151213" lat="33.558626"><ele>84.582177</ele><time>2025-09-14T14:38:30Z</time><extensions><speed>1.418543</speed><course>39.633496</course><hAcc>1.238258</hAcc><vAcc>0.758356</vAcc></extensions></trkpt>
      <trkpt lon="-82.151204" lat="33.558636"><ele>84.464020</ele><time>2025-09-14T14:38:31Z</time><extensions><speed>1.397977</speed><course>33.890660</course><hAcc>1.209205</hAcc><vAcc>0.759268</vAcc></extensions></trkpt>
      <trkpt lon="-82.151196" lat="33.558646"><ele>84.354059</ele><time>2025-09-14T14:38:32Z</time><extensions><speed>1.303917</speed><course>31.895504</course><hAcc>1.203023</hAcc><vAcc>0.760372</vAcc></extensions></trkpt>
      <trkpt lon="-82.151189" lat="33.558656"><ele>84.264772</ele><time>2025-09-14T14:38:33Z</time><extensions><speed>1.163693</speed><course>29.474543</course><hAcc>1.206533</hAcc><vAcc>0.761854</vAcc></extensions></trkpt>
      <trkpt lon="-82.151183" lat="33.558665"><ele>84.187263</ele><time>2025-09-14T14:38:34Z</time><extensions><speed>1.186413</speed><course>27.359737</course><hAcc>1.214499</hAcc><vAcc>0.763623</vAcc></extensions></trkpt>
      <trkpt lon="-82.151177" lat="33.558675"><ele>84.126996</ele><time>2025-09-14T14:38:35Z</time><extensions><speed>1.313223</speed><course>26.405250</course><hAcc>1.202725</hAcc><vAcc>0.765297</vAcc></extensions></trkpt>
      <trkpt lon="-82.151171" lat="33.558687"><ele>84.089413</ele><time>2025-09-14T14:38:36Z</time><extensions><speed>1.432729</speed><course>25.530123</course><hAcc>1.170139</hAcc><vAcc>0.767064</vAcc></extensions></trkpt>
      <trkpt lon="-82.151164" lat="33.558699"><ele>84.042329</ele><time>2025-09-14T14:38:37Z</time><extensions><speed>1.589245</speed><course>26.072480</course><hAcc>1.141082</hAcc><vAcc>0.768769</vAcc></extensions></trkpt>
      <trkpt lon="-82.151156" lat="33.558712"><ele>84.001663</ele><time>2025-09-14T14:38:38Z</time><extensions><speed>1.642350</speed><course>25.384678</course><hAcc>1.147639</hAcc><vAcc>0.770325</vAcc></extensions></trkpt>
      <trkpt lon="-82.151149" lat="33.558725"><ele>83.964937</ele><time>2025-09-14T14:38:39Z</time><extensions><speed>1.614681</speed><course>23.326901</course><hAcc>1.142616</hAcc><vAcc>0.771583</vAcc></extensions></trkpt>
      <trkpt lon="-82.151142" lat="33.558739"><ele>83.933926</ele><time>2025-09-14T14:38:40Z</time><extensions><speed>1.598840</speed><course>19.181502</course><hAcc>1.126686</hAcc><vAcc>0.772420</vAcc></extensions></trkpt>
      <trkpt lon="-82.151137" lat="33.558752"><ele>83.906739</ele><time>2025-09-14T14:38:41Z</time><extensions><speed>1.589908</speed><course>17.156223</course><hAcc>1.127849</hAcc><vAcc>0.772753</vAcc></extensions></trkpt>
      <trkpt lon="-82.151132" lat="33.558766"><ele>83.891834</ele><time>2025-09-14T14:38:42Z</time><extensions><speed>1.565454</speed><course>18.121453</course><hAcc>1.157912</hAcc><vAcc>0.772536</vAcc></extensions></trkpt>
      <trkpt lon="-82.151127" lat="33.558779"><ele>83.874342</ele><time>2025-09-14T14:38:43Z</time><extensions><speed>1.478130</speed><course>20.190857</course><hAcc>1.172253</hAcc><vAcc>0.772242</vAcc></extensions></trkpt>
      <trkpt lon="-82.151121" lat="33.558791"><ele>83.849796</ele><time>2025-09-14T14:38:44Z</time><extensions><speed>1.387572</speed><course>25.164281</course><hAcc>1.186863</hAcc><vAcc>0.771515</vAcc></extensions></trkpt>
      <trkpt lon="-82.151114" lat="33.558802"><ele>83.808292</ele><time>2025-09-14T14:38:45Z</time><extensions><speed>1.338464</speed><course>29.840926</course><hAcc>1.201349</hAcc><vAcc>0.770310</vAcc></extensions></trkpt>
      <trkpt lon="-82.151107" lat="33.558812"><ele>83.777813</ele><time>2025-09-14T14:38:46Z</time><extensions><speed>1.353823</speed><course>29.088090</course><hAcc>1.215203</hAcc><vAcc>0.768986</vAcc></extensions></trkpt>
      <trkpt lon="-82.151100" lat="33.558823"><ele>83.720191</ele><time>2025-09-14T14:38:47Z</time><extensions><speed>1.322244</speed><course>26.274384</course><hAcc>1.228521</hAcc><vAcc>0.767694</vAcc></extensions></trkpt>
      <trkpt lon="-82.151094" lat="33.558833"><ele>83.665691</ele><time>2025-09-14T14:38:48Z</time><extensions><speed>1.217082</speed><course>25.479048</course><hAcc>1.234095</hAcc><vAcc>0.766963</vAcc></extensions></trkpt>
      <trkpt lon="-82.151089" lat="33.558842"><ele>83.595955</ele><time>2025-09-14T14:38:49Z</time><extensions><speed>1.032696</speed><course>27.812383</course><hAcc>1.232177</hAcc><vAcc>0.766373</vAcc></extensions></trkpt>
      <trkpt lon="-82.151084" lat="33.558850"><ele>83.522556</ele><time>2025-09-14T14:38:50Z</time><extensions><speed>0.996143</speed><course>28.740454</course><hAcc>1.234645</hAcc><vAcc>0.766432</vAcc></extensions></trkpt>
      <trkpt lon="-82.151078" lat="33.558858"><ele>83.435173</ele><time>2025-09-14T14:38:51Z</time><extensions><speed>1.033706</speed><course>28.081190</course><hAcc>1.232379</hAcc><vAcc>0.767012</vAcc></extensions></trkpt>
      <trkpt lon="-82.151073" lat="33.558867"><ele>83.346593</ele><time>2025-09-14T14:38:52Z</time><extensions><speed>1.058902</speed><course>23.780335</course><hAcc>1.232958</hAcc><vAcc>0.767777</vAcc></extensions></trkpt>
      <trkpt lon="-82.151069" lat="33.558876"><ele>83.247654</ele><time>2025-09-14T14:38:53Z</time><extensions><speed>1.150394</speed><course>18.170180</course><hAcc>1.246486</hAcc><vAcc>0.768459</vAcc></extensions></trkpt>
      <trkpt lon="-82.151065" lat="33.558887"><ele>83.141334</ele><time>2025-09-14T14:38:54Z</time><extensions><speed>1.286040</speed><course>14.578149</course><hAcc>1.246190</hAcc><vAcc>0.769153</vAcc></extensions></trkpt>
      <trkpt lon="-82.151062" lat="33.558898"><ele>83.037932</ele><time>2025-09-14T14:38:55Z</time><extensions><speed>1.377189</speed><course>13.914995</course><hAcc>1.247632</hAcc><vAcc>0.769827</vAcc></extensions></trkpt>
      <trkpt lon="-82.151058" lat="33.558911"><ele>82.934355</ele><time>2025-09-14T14:38:56Z</time><extensions><speed>1.385845</speed><course>15.450641</course><hAcc>1.258149</hAcc><vAcc>0.770459</vAcc></extensions></trkpt>
      <trkpt lon="-82.151054" lat="33.558923"><ele>82.831860</ele><time>2025-09-14T14:38:57Z</time><extensions><speed>1.465021</speed><course>17.811914</course><hAcc>1.259985</hAcc><vAcc>0.771005</vAcc></extensions></trkpt>
      <trkpt lon="-82.151049" lat="33.558935"><ele>82.726165</ele><time>2025-09-14T14:38:58Z</time><extensions><speed>1.427563</speed><course>18.537205</course><hAcc>1.266982</hAcc><vAcc>0.771370</vAcc></extensions></trkpt>
      <trkpt lon="-82.151044" lat="33.558947"><ele>82.622384</ele><time>2025-09-14T14:38:59Z</time><extensions><speed>1.432191</speed><course>17.966714</course><hAcc>1.265531</hAcc><vAcc>0.771435</vAcc></extensions></trkpt>
      <trkpt lon="-82.151039" lat="33.558960"><ele>82.523317</ele><time>2025-09-14T14:39:00Z</time><extensions><speed>1.513123</speed><course>16.049070</course><hAcc>1.265086</hAcc><vAcc>0.771441</vAcc></extensions></trkpt>
      <trkpt lon="-82.151035" lat="33.558973"><ele>82.407373</ele><time>2025-09-14T14:39:01Z</time><extensions><speed>1.508397</speed><course>16.254572</course><hAcc>1.258994</hAcc><vAcc>0.771450</vAcc></extensions></trkpt>
      <trkpt lon="-82.151030" lat="33.558986"><ele>82.311495</ele><time>2025-09-14T14:39:02Z</time><extensions><speed>1.429486</speed><course>18.406629</course><hAcc>1.252092</hAcc><vAcc>0.772254</vAcc></extensions></trkpt>
      <trkpt lon="-82.151025" lat="33.558998"><ele>82.211555</ele><time>2025-09-14T14:39:03Z</time><extensions><speed>1.338863</speed><course>20.441527</course><hAcc>1.246372</hAcc><vAcc>0.773075</vAcc></extensions></trkpt>
      <trkpt lon="-82.151020" lat="33.559009"><ele>82.110976</ele><time>2025-09-14T14:39:04Z</time><extensions><speed>1.292125</speed><course>20.526383</course><hAcc>1.241200</hAcc><vAcc>0.774219</vAcc></extensions></trkpt>
      <trkpt lon="-82.151016" lat="33.559020"><ele>82.002454</ele><time>2025-09-14T14:39:05Z</time><extensions><speed>1.316293</speed><course>17.451738</course><hAcc>1.241286</hAcc><vAcc>0.775446</vAcc></extensions></trkpt>
      <trkpt lon="-82.151012" lat="33.559032"><ele>81.920951</ele><time>2025-09-14T14:39:06Z</time><extensions><speed>1.374460</speed><course>15.513480</course><hAcc>1.239714</hAcc><vAcc>0.777170</vAcc></extensions></trkpt>
      <trkpt lon="-82.151008" lat="33.559044"><ele>81.859532</ele><time>2025-09-14T14:39:07Z</time><extensions><speed>1.434615</speed><course>12.840524</course><hAcc>1.236813</hAcc><vAcc>0.779426</vAcc></extensions></trkpt>
      <trkpt lon="-82.151004" lat="33.559057"><ele>81.780595</ele><time>2025-09-14T14:39:08Z</time><extensions><speed>1.466379</speed><course>13.177362</course><hAcc>1.246459</hAcc><vAcc>0.781802</vAcc></extensions></trkpt>
      <trkpt lon="-82.151001" lat="33.559070"><ele>81.702822</ele><time>2025-09-14T14:39:09Z</time><extensions><speed>1.531953</speed><course>11.800504</course><hAcc>1.251076</hAcc><vAcc>0.784291</vAcc></extensions></trkpt>
      <trkpt lon="-82.150998" lat="33.559084"><ele>81.640745</ele><time>2025-09-14T14:39:10Z</time><extensions><speed>1.652906</speed><course>9.995942</course><hAcc>1.251610</hAcc><vAcc>0.786662</vAcc></extensions></trkpt>
      <trkpt lon="-82.150995" lat="33.559099"><ele>81.566047</ele><time>2025-09-14T14:39:11Z</time><extensions><speed>1.691335</speed><course>8.459234</course><hAcc>1.247326</hAcc><vAcc>0.788543</vAcc></extensions></trkpt>
      <trkpt lon="-82.150993" lat="33.559113"><ele>81.505778</ele><time>2025-09-14T14:39:12Z</time><extensions><speed>1.527816</speed><course>6.476917</course><hAcc>1.265175</hAcc><vAcc>0.789559</vAcc></extensions></trkpt>
      <trkpt lon="-82.150991" lat="33.559127"><ele>81.452590</ele><time>2025-09-14T14:39:13Z</time><extensions><speed>1.441692</speed><course>4.692171</course><hAcc>1.251157</hAcc><vAcc>0.789455</vAcc></extensions></trkpt>
      <trkpt lon="-82.150990" lat="33.559139"><ele>81.391350</ele><time>2025-09-14T14:39:14Z</time><extensions><speed>1.357286</speed><course>3.152578</course><hAcc>1.242142</hAcc><vAcc>0.788196</vAcc></extensions></trkpt>
      <trkpt lon="-82.150989" lat="33.559151"><ele>81.340458</ele><time>2025-09-14T14:39:15Z</time><extensions><speed>1.314041</speed><course>3.171763</course><hAcc>1.236711</hAcc><vAcc>0.785941</vAcc></extensions></trkpt>
      <trkpt lon="-82.150988" lat="33.559163"><ele>81.294636</ele><time>2025-09-14T14:39:16Z</time><extensions><speed>1.343667</speed><course>4.664126</course><hAcc>1.231954</hAcc><vAcc>0.782951</vAcc></extensions></trkpt>
      <trkpt lon="-82.150986" lat="33.559175"><ele>81.265635</ele><time>2025-09-14T14:39:17Z</time><extensions><speed>1.354175</speed><course>9.090604</course><hAcc>1.229809</hAcc><vAcc>0.779517</vAcc></extensions></trkpt>
      <trkpt lon="-82.150984" lat="33.559187"><ele>81.246950</ele><time>2025-09-14T14:39:18Z</time><extensions><speed>1.354686</speed><course>11.590008</course><hAcc>1.237734</hAcc><vAcc>0.775921</vAcc></extensions></trkpt>
      <trkpt lon="-82.150981" lat="33.559199"><ele>81.223402</ele><time>2025-09-14T14:39:19Z</time><extensions><speed>1.319669</speed><course>10.136643</course><hAcc>1.236938</hAcc><vAcc>0.772413</vAcc></extensions></trkpt>
      <trkpt lon="-82.150979" lat="33.559211"><ele>81.235552</ele><time>2025-09-14T14:39:20Z</time><extensions><speed>1.314915</speed><course>10.092000</course><hAcc>1.225780</hAcc><vAcc>0.769185</vAcc></extensions></trkpt>
      <trkpt lon="-82.150976" lat="33.559222"><ele>81.259795</ele><time>2025-09-14T14:39:21Z</time><extensions><speed>1.288065</speed><course>12.312655</course><hAcc>1.224598</hAcc><vAcc>0.766350</vAcc></extensions></trkpt>
      <trkpt lon="-82.150973" lat="33.559234"><ele>81.295774</ele><time>2025-09-14T14:39:22Z</time><extensions><speed>1.299618</speed><course>14.135248</course><hAcc>1.227370</hAcc><vAcc>0.763959</vAcc></extensions></trkpt>
      <trkpt lon="-82.150969" lat="33.559245"><ele>81.336290</ele><time>2025-09-14T14:39:23Z</time><extensions><speed>1.359117</speed><course>13.749106</course><hAcc>1.216792</hAcc><vAcc>0.762014</vAcc></extensions></trkpt>
      <trkpt lon="-82.150966" lat="33.559258"><ele>81.387446</ele><time>2025-09-14T14:39:24Z</time><extensions><speed>1.453254</speed><course>11.110162</course><hAcc>1.203841</hAcc><vAcc>0.760484</vAcc></extensions></trkpt>
      <trkpt lon="-82.150963" lat="33.559271"><ele>81.461779</ele><time>2025-09-14T14:39:25Z</time><extensions><speed>1.554068</speed><course>9.334004</course><hAcc>1.203704</hAcc><vAcc>0.759317</vAcc></extensions></trkpt>
      <trkpt lon="-82.150960" lat="33.559285"><ele>81.549518</ele><time>2025-09-14T14:39:26Z</time><extensions><speed>1.546970</speed><course>9.911179</course><hAcc>1.207699</hAcc><vAcc>0.758457</vAcc></extensions></trkpt>
      <trkpt lon="-82.150957" lat="33.559298"><ele>81.633368</ele><time>2025-09-14T14:39:27Z</time><extensions><speed>1.478643</speed><course>11.631774</course><hAcc>1.214477</hAcc><vAcc>0.757843</vAcc></extensions></trkpt>
      <trkpt lon="-82.150954" lat="33.559311"><ele>81.736675</ele><time>2025-09-14T14:39:28Z</time><extensions><speed>1.354617</speed><course>15.569209</course><hAcc>1.217743</hAcc><vAcc>0.757420</vAcc></extensions></trkpt>
      <trkpt lon="-82.150949" lat="33.559322"><ele>81.865144</ele><time>2025-09-14T14:39:29Z</time><extensions><speed>1.335665</speed><course>20.913682</course><hAcc>1.213737</hAcc><vAcc>0.757311</vAcc></extensions></trkpt>
      <trkpt lon="-82.150943" lat="33.559333"><ele>82.015307</ele><time>2025-09-14T14:39:30Z</time><extensions><speed>1.329335</speed><course>26.763072</course><hAcc>1.207231</hAcc><vAcc>0.757214</vAcc></extensions></trkpt>
      <trkpt lon="-82.150937" lat="33.559344"><ele>82.189721</ele><time>2025-09-14T14:39:31Z</time><extensions><speed>1.293528</speed><course>29.263611</course><hAcc>1.213904</hAcc><vAcc>0.757215</vAcc></extensions></trkpt>
      <trkpt lon="-82.150930" lat="33.559354"><ele>82.365882</ele><time>2025-09-14T14:39:32Z</time><extensions><speed>1.303520</speed><course>31.226630</course><hAcc>1.221920</hAcc><vAcc>0.757391</vAcc></extensions></trkpt>
      <trkpt lon="-82.150923" lat="33.559363"><ele>82.535527</ele><time>2025-09-14T14:39:33Z</time><extensions><speed>1.230778</speed><course>32.659971</course><hAcc>1.222815</hAcc><vAcc>0.758450</vAcc></extensions></trkpt>
      <trkpt lon="-82.150915" lat="33.559372"><ele>82.710489</ele><time>2025-09-14T14:39:34Z</time><extensions><speed>1.202210</speed><course>34.826852</course><hAcc>1.222907</hAcc><vAcc>0.759693</vAcc></extensions></trkpt>
      <trkpt lon="-82.150908" lat="33.559382"><ele>82.908501</ele><time>2025-09-14T14:39:35Z</time><extensions><speed>1.227839</speed><course>30.944211</course><hAcc>1.212153</hAcc><vAcc>0.761333</vAcc></extensions></trkpt>
      <trkpt lon="-82.150902" lat="33.559392"><ele>83.085445</ele><time>2025-09-14T14:39:36Z</time><extensions><speed>1.297973</speed><course>26.195194</course><hAcc>1.212909</hAcc><vAcc>0.763353</vAcc></extensions></trkpt>
      <trkpt lon="-82.150896" lat="33.559403"><ele>83.275856</ele><time>2025-09-14T14:39:37Z</time><extensions><speed>1.387377</speed><course>22.720706</course><hAcc>1.215124</hAcc><vAcc>0.766003</vAcc></extensions></trkpt>
      <trkpt lon="-82.150890" lat="33.559415"><ele>83.455650</ele><time>2025-09-14T14:39:38Z</time><extensions><speed>1.485932</speed><course>22.059916</course><hAcc>1.231038</hAcc><vAcc>0.769052</vAcc></extensions></trkpt>
      <trkpt lon="-82.150884" lat="33.559427"><ele>83.632224</ele><time>2025-09-14T14:39:39Z</time><extensions><speed>1.402280</speed><course>24.560019</course><hAcc>1.267344</hAcc><vAcc>0.773097</vAcc></extensions></trkpt>
      <trkpt lon="-82.150877" lat="33.559437"><ele>83.812483</ele><time>2025-09-14T14:39:40Z</time><extensions><speed>1.262649</speed><course>32.797224</course><hAcc>1.264033</hAcc><vAcc>0.777565</vAcc></extensions></trkpt>
      <trkpt lon="-82.150869" lat="33.559445"><ele>83.988121</ele><time>2025-09-14T14:39:41Z</time><extensions><speed>1.072277</speed><course>42.112173</course><hAcc>1.278688</hAcc><vAcc>0.782098</vAcc></extensions></trkpt>
      <trkpt lon="-82.150861" lat="33.559452"><ele>84.162954</ele><time>2025-09-14T14:39:42Z</time><extensions><speed>1.100841</speed><course>47.717736</course><hAcc>1.305938</hAcc><vAcc>0.787373</vAcc></extensions></trkpt>
      <trkpt lon="-82.150852" lat="33.559459"><ele>84.333849</ele><time>2025-09-14T14:39:43Z</time><extensions><speed>1.210276</speed><course>47.928085</course><hAcc>1.344293</hAcc><vAcc>0.792905</vAcc></extensions></trkpt>
      <trkpt lon="-82.150842" lat="33.559466"><ele>84.502220</ele><time>2025-09-14T14:39:44Z</time><extensions><speed>1.263666</speed><course>51.532443</course><hAcc>1.352893</hAcc><vAcc>0.798789</vAcc></extensions></trkpt>
      <trkpt lon="-82.150830" lat="33.559473"><ele>84.647529</ele><time>2025-09-14T14:39:45Z</time><extensions><speed>1.318367</speed><course>56.249529</course><hAcc>1.344180</hAcc><vAcc>0.804444</vAcc></extensions></trkpt>
      <trkpt lon="-82.150818" lat="33.559479"><ele>84.788142</ele><time>2025-09-14T14:39:46Z</time><extensions><speed>1.308635</speed><course>62.591863</course><hAcc>1.339604</hAcc><vAcc>0.810163</vAcc></extensions></trkpt>
      <trkpt lon="-82.150805" lat="33.559484"><ele>84.906488</ele><time>2025-09-14T14:39:47Z</time><extensions><speed>1.314377</speed><course>67.044763</course><hAcc>1.344108</hAcc><vAcc>0.816064</vAcc></extensions></trkpt>
      <trkpt lon="-82.150792" lat="33.559488"><ele>84.982461</ele><time>2025-09-14T14:39:48Z</time><extensions><speed>1.296805</speed><course>74.797673</course><hAcc>1.341010</hAcc><vAcc>0.821407</vAcc></extensions></trkpt>
      <trkpt lon="-82.150779" lat="33.559491"><ele>85.050209</ele><time>2025-09-14T14:39:49Z</time><extensions><speed>1.292270</speed><course>82.180892</course><hAcc>1.332577</hAcc><vAcc>0.827133</vAcc></extensions></trkpt>
      <trkpt lon="-82.150765" lat="33.559492"><ele>85.116760</ele><time>2025-09-14T14:39:50Z</time><extensions><speed>1.315226</speed><course>86.977596</course><hAcc>1.315178</hAcc><vAcc>0.832128</vAcc></extensions></trkpt>
      <trkpt lon="-82.150750" lat="33.559492"><ele>85.190083</ele><time>2025-09-14T14:39:51Z</time><extensions><speed>1.348864</speed><course>90.344836</course><hAcc>1.303150</hAcc><vAcc>0.836580</vAcc></extensions></trkpt>
      <trkpt lon="-82.150736" lat="33.559492"><ele>85.237401</ele><time>2025-09-14T14:39:52Z</time><extensions><speed>1.334934</speed><course>89.686309</course><hAcc>1.290138</hAcc><vAcc>0.840261</vAcc></extensions></trkpt>
      <trkpt lon="-82.150722" lat="33.559492"><ele>85.274234</ele><time>2025-09-14T14:39:53Z</time><extensions><speed>1.312120</speed><course>87.610207</course><hAcc>1.275117</hAcc><vAcc>0.843438</vAcc></extensions></trkpt>
      <trkpt lon="-82.150707" lat="33.559493"><ele>85.289116</ele><time>2025-09-14T14:39:54Z</time><extensions><speed>1.307086</speed><course>86.432269</course><hAcc>1.264885</hAcc><vAcc>0.845188</vAcc></extensions></trkpt>
      <trkpt lon="-82.150693" lat="33.559493"><ele>85.311162</ele><time>2025-09-14T14:39:55Z</time><extensions><speed>1.346020</speed><course>87.435268</course><hAcc>1.260316</hAcc><vAcc>0.845606</vAcc></extensions></trkpt>
      <trkpt lon="-82.150679" lat="33.559493"><ele>85.309692</ele><time>2025-09-14T14:39:56Z</time><extensions><speed>1.319376</speed><course>93.620962</course><hAcc>1.256285</hAcc><vAcc>0.844864</vAcc></extensions></trkpt>
      <trkpt lon="-82.150665" lat="33.559491"><ele>85.327929</ele><time>2025-09-14T14:39:57Z</time><extensions><speed>1.247716</speed><course>107.357655</course><hAcc>1.254554</hAcc><vAcc>0.843224</vAcc></extensions></trkpt>
      <trkpt lon="-82.150653" lat="33.559487"><ele>85.331844</ele><time>2025-09-14T14:39:58Z</time><extensions><speed>1.236696</speed><course>112.739944</course><hAcc>1.244368</hAcc><vAcc>0.840474</vAcc></extensions></trkpt>
      <trkpt lon="-82.150641" lat="33.559483"><ele>85.338430</ele><time>2025-09-14T14:39:59Z</time><extensions><speed>1.193003</speed><course>114.697764</course><hAcc>1.237330</hAcc><vAcc>0.836721</vAcc></extensions></trkpt>
      <trkpt lon="-82.150629" lat="33.559479"><ele>85.371821</ele><time>2025-09-14T14:40:00Z</time><extensions><speed>1.210742</speed><course>114.380785</course><hAcc>1.229014</hAcc><vAcc>0.831937</vAcc></extensions></trkpt>
      <trkpt lon="-82.150617" lat="33.559474"><ele>85.402078</ele><time>2025-09-14T14:40:01Z</time><extensions><speed>1.275824</speed><course>111.226352</course><hAcc>1.220891</hAcc><vAcc>0.826015</vAcc></extensions></trkpt>
      <trkpt lon="-82.150604" lat="33.559471"><ele>85.435416</ele><time>2025-09-14T14:40:02Z</time><extensions><speed>1.267472</speed><course>105.809792</course><hAcc>1.224839</hAcc><vAcc>0.819462</vAcc></extensions></trkpt>
      <trkpt lon="-82.150590" lat="33.559468"><ele>85.481404</ele><time>2025-09-14T14:40:03Z</time><extensions><speed>1.283179</speed><course>100.497258</course><hAcc>1.223964</hAcc><vAcc>0.812812</vAcc></extensions></trkpt>
      <trkpt lon="-82.150576" lat="33.559466"><ele>85.535479</ele><time>2025-09-14T14:40:04Z</time><extensions><speed>1.318127</speed><course>96.534677</course><hAcc>1.219900</hAcc><vAcc>0.806803</vAcc></extensions></trkpt>
      <trkpt lon="-82.150562" lat="33.559465"><ele>85.601608</ele><time>2025-09-14T14:40:05Z</time><extensions><speed>1.351515</speed><course>94.909668</course><hAcc>1.219466</hAcc><vAcc>0.801674</vAcc></extensions></trkpt>
      <trkpt lon="-82.150548" lat="33.559464"><ele>85.676179</ele><time>2025-09-14T14:40:06Z</time><extensions><speed>1.317179</speed><course>96.364671</course><hAcc>1.228545</hAcc><vAcc>0.798239</vAcc></extensions></trkpt>
      <trkpt lon="-82.150533" lat="33.559462"><ele>85.762902</ele><time>2025-09-14T14:40:07Z</time><extensions><speed>1.351712</speed><course>97.947469</course><hAcc>1.241497</hAcc><vAcc>0.796846</vAcc></extensions></trkpt>
      <trkpt lon="-82.150519" lat="33.559460"><ele>85.875886</ele><time>2025-09-14T14:40:08Z</time><extensions><speed>1.390395</speed><course>98.864669</course><hAcc>1.266257</hAcc><vAcc>0.797065</vAcc></extensions></trkpt>
      <trkpt lon="-82.150503" lat="33.559458"><ele>85.998424</ele><time>2025-09-14T14:40:09Z</time><extensions><speed>1.498062</speed><course>99.533578</course><hAcc>1.282740</hAcc><vAcc>0.799441</vAcc></extensions></trkpt>
      <trkpt lon="-82.150487" lat="33.559456"><ele>86.139438</ele><time>2025-09-14T14:40:10Z</time><extensions><speed>1.646175</speed><course>99.093010</course><hAcc>1.291916</hAcc><vAcc>0.803357</vAcc></extensions></trkpt>
      <trkpt lon="-82.150469" lat="33.559454"><ele>86.284165</ele><time>2025-09-14T14:40:11Z</time><extensions><speed>1.646054</speed><course>100.741131</course><hAcc>1.310381</hAcc><vAcc>0.809551</vAcc></extensions></trkpt>
      <trkpt lon="-82.150452" lat="33.559451"><ele>86.421403</ele><time>2025-09-14T14:40:12Z</time><extensions><speed>1.564324</speed><course>101.589119</course><hAcc>1.323736</hAcc><vAcc>0.818304</vAcc></extensions></trkpt>
      <trkpt lon="-82.150436" lat="33.559448"><ele>86.551056</ele><time>2025-09-14T14:40:13Z</time><extensions><speed>1.449202</speed><course>99.787791</course><hAcc>1.333616</hAcc><vAcc>0.829544</vAcc></extensions></trkpt>
      <trkpt lon="-82.150421" lat="33.559446"><ele>86.697168</ele><time>2025-09-14T14:40:14Z</time><extensions><speed>1.377299</speed><course>99.391419</course><hAcc>1.350707</hAcc><vAcc>0.842399</vAcc></extensions></trkpt>
      <trkpt lon="-82.150407" lat="33.559444"><ele>86.844351</ele><time>2025-09-14T14:40:15Z</time><extensions><speed>1.300887</speed><course>99.339834</course><hAcc>1.362966</hAcc><vAcc>0.856292</vAcc></extensions></trkpt>
      <trkpt lon="-82.150394" lat="33.559442"><ele>87.000943</ele><time>2025-09-14T14:40:16Z</time><extensions><speed>1.201741</speed><course>100.402551</course><hAcc>1.376241</hAcc><vAcc>0.869831</vAcc></extensions></trkpt>
      <trkpt lon="-82.150381" lat="33.559440"><ele>87.164635</ele><time>2025-09-14T14:40:17Z</time><extensions><speed>1.145770</speed><course>100.304760</course><hAcc>1.384480</hAcc><vAcc>0.882028</vAcc></extensions></trkpt>
      <trkpt lon="-82.150369" lat="33.559439"><ele>87.335144</ele><time>2025-09-14T14:40:18Z</time><extensions><speed>1.181566</speed><course>98.976571</course><hAcc>1.383547</hAcc><vAcc>0.895793</vAcc></extensions></trkpt>
      <trkpt lon="-82.150356" lat="33.559437"><ele>87.493814</ele><time>2025-09-14T14:40:19Z</time><extensions><speed>1.280966</speed><course>98.892748</course><hAcc>1.399942</hAcc><vAcc>0.908873</vAcc></extensions></trkpt>
      <trkpt lon="-82.150342" lat="33.559435"><ele>87.648240</ele><time>2025-09-14T14:40:20Z</time><extensions><speed>1.225434</speed><course>97.765150</course><hAcc>1.409683</hAcc><vAcc>0.920356</vAcc></extensions></trkpt>
      <trkpt lon="-82.150330" lat="33.559434"><ele>87.797517</ele><time>2025-09-14T14:40:21Z</time><extensions><speed>1.156319</speed><course>91.934863</course><hAcc>1.416866</hAcc><vAcc>0.930241</vAcc></extensions></trkpt>
      <trkpt lon="-82.150317" lat="33.559435"><ele>87.936941</ele><time>2025-09-14T14:40:22Z</time><extensions><speed>1.197645</speed><course>86.024686</course><hAcc>1.434333</hAcc><vAcc>0.939849</vAcc></extensions></trkpt>
      <trkpt lon="-82.150304" lat="33.559436"><ele>88.101195</ele><time>2025-09-14T14:40:23Z</time><extensions><speed>1.191146</speed><course>83.063922</course><hAcc>1.446702</hAcc><vAcc>0.948548</vAcc></extensions></trkpt>
      <trkpt lon="-82.150291" lat="33.559437"><ele>88.263540</ele><time>2025-09-14T14:40:24Z</time><extensions><speed>1.219403</speed><course>85.239201</course><hAcc>1.455077</hAcc><vAcc>0.955677</vAcc></extensions></trkpt>
      <trkpt lon="-82.150278" lat="33.559437"><ele>88.421435</ele><time>2025-09-14T14:40:25Z</time><extensions><speed>1.183921</speed><course>89.399871</course><hAcc>1.456450</hAcc><vAcc>0.960487</vAcc></extensions></trkpt>
      <trkpt lon="-82.150266" lat="33.559437"><ele>88.568545</ele><time>2025-09-14T14:40:26Z</time><extensions><speed>1.077031</speed><course>95.444972</course><hAcc>1.450894</hAcc><vAcc>0.963910</vAcc></extensions></trkpt>
      <trkpt lon="-82.150255" lat="33.559436"><ele>88.720091</ele><time>2025-09-14T14:40:27Z</time><extensions><speed>1.092659</speed><course>101.293353</course><hAcc>1.453734</hAcc><vAcc>0.966377</vAcc></extensions></trkpt>
      <trkpt lon="-82.150243" lat="33.559433"><ele>88.860669</ele><time>2025-09-14T14:40:28Z</time><extensions><speed>1.197567</speed><course>103.601664</course><hAcc>1.470767</hAcc><vAcc>0.967898</vAcc></extensions></trkpt>
      <trkpt lon="-82.150230" lat="33.559431"><ele>89.020742</ele><time>2025-09-14T14:40:29Z</time><extensions><speed>1.243014</speed><course>103.664176</course><hAcc>1.486666</hAcc><vAcc>0.968776</vAcc></extensions></trkpt>
      <trkpt lon="-82.150217" lat="33.559428"><ele>89.142559</ele><time>2025-09-14T14:40:30Z</time><extensions><speed>1.267910</speed><course>100.637003</course><hAcc>1.484904</hAcc><vAcc>0.969028</vAcc></extensions></trkpt>
      <trkpt lon="-82.150203" lat="33.559427"><ele>89.254254</ele><time>2025-09-14T14:40:31Z</time><extensions><speed>1.243065</speed><course>98.114513</course><hAcc>1.478101</hAcc><vAcc>0.968210</vAcc></extensions></trkpt>
      <trkpt lon="-82.150190" lat="33.559425"><ele>89.368819</ele><time>2025-09-14T14:40:32Z</time><extensions><speed>1.127267</speed><course>97.351635</course><hAcc>1.469059</hAcc><vAcc>0.967181</vAcc></extensions></trkpt>
      <trkpt lon="-82.150178" lat="33.559424"><ele>89.487084</ele><time>2025-09-14T14:40:33Z</time><extensions><speed>1.121859</speed><course>91.559961</course><hAcc>1.456903</hAcc><vAcc>0.965106</vAcc></extensions></trkpt>
      <trkpt lon="-82.150166" lat="33.559424"><ele>89.601811</ele><time>2025-09-14T14:40:34Z</time><extensions><speed>1.143683</speed><course>86.998946</course><hAcc>1.459113</hAcc><vAcc>0.962473</vAcc></extensions></trkpt>
      <trkpt lon="-82.150154" lat="33.559425"><ele>89.695173</ele><time>2025-09-14T14:40:35Z</time><extensions><speed>1.112065</speed><course>87.689359</course><hAcc>1.458191</hAcc><vAcc>0.960585</vAcc></extensions></trkpt>
      <trkpt lon="-82.150142" lat="33.559425"><ele>89.753719</ele><time>2025-09-14T14:40:36Z</time><extensions><speed>1.065607</speed><course>88.262186</course><hAcc>1.441326</hAcc><vAcc>0.958623</vAcc></extensions></trkpt>
      <trkpt lon="-82.150131" lat="33.559425"><ele>89.828181</ele><time>2025-09-14T14:40:37Z</time><extensions><speed>1.113888</speed><course>89.859888</course><hAcc>1.448880</hAcc><vAcc>0.957671</vAcc></extensions></trkpt>
      <trkpt lon="-82.150118" lat="33.559425"><ele>89.906326</ele><time>2025-09-14T14:40:38Z</time><extensions><speed>1.154444</speed><course>91.476331</course><hAcc>1.456538</hAcc><vAcc>0.956893</vAcc></extensions></trkpt>
      <trkpt lon="-82.150106" lat="33.559425"><ele>89.968869</ele><time>2025-09-14T14:40:39Z</time><extensions><speed>1.138271</speed><course>95.135164</course><hAcc>1.452738</hAcc><vAcc>0.957083</vAcc></extensions></trkpt>
      <trkpt lon="-82.150094" lat="33.559424"><ele>90.043179</ele><time>2025-09-14T14:40:40Z</time><extensions><speed>1.074280</speed><course>98.471515</course><hAcc>1.459641</hAcc><vAcc>0.956574</vAcc></extensions></trkpt>
      <trkpt lon="-82.150083" lat="33.559422"><ele>90.085152</ele><time>2025-09-14T14:40:41Z</time><extensions><speed>1.063101</speed><course>102.876467</course><hAcc>1.465847</hAcc><vAcc>0.957319</vAcc></extensions></trkpt>
      <trkpt lon="-82.150071" lat="33.559419"><ele>90.128320</ele><time>2025-09-14T14:40:42Z</time><extensions><speed>1.131150</speed><course>107.228088</course><hAcc>1.461183</hAcc><vAcc>0.958862</vAcc></extensions></trkpt>
      <trkpt lon="-82.150060" lat="33.559416"><ele>90.206851</ele><time>2025-09-14T14:40:43Z</time><extensions><speed>1.161728</speed><course>109.733578</course><hAcc>1.465035</hAcc><vAcc>0.959813</vAcc></extensions></trkpt>
      <trkpt lon="-82.150048" lat="33.559413"><ele>90.283603</ele><time>2025-09-14T14:40:44Z</time><extensions><speed>1.129848</speed><course>109.253556</course><hAcc>1.470553</hAcc><vAcc>0.962760</vAcc></extensions></trkpt>
      <trkpt lon="-82.150036" lat="33.559410"><ele>90.360666</ele><time>2025-09-14T14:40:45Z</time><extensions><speed>1.118698</speed><course>104.466557</course><hAcc>1.471666</hAcc><vAcc>0.965988</vAcc></extensions></trkpt>
      <trkpt lon="-82.150025" lat="33.559408"><ele>90.434913</ele><time>2025-09-14T14:40:46Z</time><extensions><speed>1.103388</speed><course>97.096996</course><hAcc>1.463193</hAcc><vAcc>0.969511</vAcc></extensions></trkpt>
      <trkpt lon="-82.150013" lat="33.559407"><ele>90.522706</ele><time>2025-09-14T14:40:47Z</time><extensions><speed>1.124816</speed><course>91.959754</course><hAcc>1.456116</hAcc><vAcc>0.972304</vAcc></extensions></trkpt>
      <trkpt lon="-82.150000" lat="33.559407"><ele>90.607693</ele><time>2025-09-14T14:40:48Z</time><extensions><speed>1.207233</speed><course>90.633622</course><hAcc>1.451729</hAcc><vAcc>0.974076</vAcc></extensions></trkpt>
      <trkpt lon="-82.149987" lat="33.559407"><ele>90.678326</ele><time>2025-09-14T14:40:49Z</time><extensions><speed>1.264033</speed><course>91.848124</course><hAcc>1.457677</hAcc><vAcc>0.975868</vAcc></extensions></trkpt>
      <trkpt lon="-82.149973" lat="33.559406"><ele>90.775596</ele><time>2025-09-14T14:40:50Z</time><extensions><speed>1.283309</speed><course>94.273168</course><hAcc>1.454049</hAcc><vAcc>0.977494</vAcc></extensions></trkpt>
      <trkpt lon="-82.149960" lat="33.559405"><ele>90.892548</ele><time>2025-09-14T14:40:51Z</time><extensions><speed>1.202623</speed><course>97.174174</course><hAcc>1.457429</hAcc><vAcc>0.979265</vAcc></extensions></trkpt>
      <trkpt lon="-82.149947" lat="33.559403"><ele>90.995449</ele><time>2025-09-14T14:40:52Z</time><extensions><speed>1.112788</speed><course>97.199846</course><hAcc>1.464347</hAcc><vAcc>0.980823</vAcc></extensions></trkpt>
      <trkpt lon="-82.149936" lat="33.559402"><ele>91.111751</ele><time>2025-09-14T14:40:53Z</time><extensions><speed>1.092911</speed><course>96.620613</course><hAcc>1.462155</hAcc><vAcc>0.982113</vAcc></extensions></trkpt>
      <trkpt lon="-82.149924" lat="33.559401"><ele>91.232744</ele><time>2025-09-14T14:40:54Z</time><extensions><speed>1.103860</speed><course>95.796601</course><hAcc>1.472443</hAcc><vAcc>0.982350</vAcc></extensions></trkpt>
      <trkpt lon="-82.149912" lat="33.559400"><ele>91.341809</ele><time>2025-09-14T14:40:55Z</time><extensions><speed>1.131143</speed><course>93.956001</course><hAcc>1.487116</hAcc><vAcc>0.982989</vAcc></extensions></trkpt>
      <trkpt lon="-82.149900" lat="33.559400"><ele>91.458804</ele><time>2025-09-14T14:40:56Z</time><extensions><speed>1.113887</speed><course>94.671738</course><hAcc>1.485746</hAcc><vAcc>0.982720</vAcc></extensions></trkpt>
      <trkpt lon="-82.149888" lat="33.559399"><ele>91.536396</ele><time>2025-09-14T14:40:57Z</time><extensions><speed>1.124877</speed><course>97.305798</course><hAcc>1.477347</hAcc><vAcc>0.982774</vAcc></extensions></trkpt>
      <trkpt lon="-82.149876" lat="33.559397"><ele>91.612109</ele><time>2025-09-14T14:40:58Z</time><extensions><speed>1.154180</speed><course>99.594046</course><hAcc>1.470936</hAcc><vAcc>0.983032</vAcc></extensions></trkpt>
      <trkpt lon="-82.149863" lat="33.559395"><ele>91.669563</ele><time>2025-09-14T14:40:59Z</time><extensions><speed>1.257104</speed><course>101.214938</course><hAcc>1.462776</hAcc><vAcc>0.982436</vAcc></extensions></trkpt>
      <trkpt lon="-82.149849" lat="33.559393"><ele>91.711123</ele><time>2025-09-14T14:41:00Z</time><extensions><speed>1.324889</speed><course>102.739375</course><hAcc>1.457199</hAcc><vAcc>0.981030</vAcc></extensions></trkpt>
      <trkpt lon="-82.149836" lat="33.559390"><ele>91.764864</ele><time>2025-09-14T14:41:01Z</time><extensions><speed>1.310684</speed><course>106.437785</course><hAcc>1.447309</hAcc><vAcc>0.979347</vAcc></extensions></trkpt>
      <trkpt lon="-82.149822" lat="33.559386"><ele>91.806785</ele><time>2025-09-14T14:41:02Z</time><extensions><speed>1.322280</speed><course>108.206980</course><hAcc>1.448317</hAcc><vAcc>0.978121</vAcc></extensions></trkpt>
      <trkpt lon="-82.149809" lat="33.559383"><ele>91.856732</ele><time>2025-09-14T14:41:03Z</time><extensions><speed>1.280137</speed><course>106.859331</course><hAcc>1.440185</hAcc><vAcc>0.976316</vAcc></extensions></trkpt>
      <trkpt lon="-82.149796" lat="33.559379"><ele>91.884615</ele><time>2025-09-14T14:41:04Z</time><extensions><speed>1.235996</speed><course>105.552268</course><hAcc>1.432795</hAcc><vAcc>0.974542</vAcc></extensions></trkpt>
      <trkpt lon="-82.149783" lat="33.559377"><ele>91.899224</ele><time>2025-09-14T14:41:05Z</time><extensions><speed>1.229080</speed><course>101.998907</course><hAcc>1.424358</hAcc><vAcc>0.971732</vAcc></extensions></trkpt>
      <trkpt lon="-82.149769" lat="33.559375"><ele>91.931689</ele><time>2025-09-14T14:41:06Z</time><extensions><speed>1.254419</speed><course>99.449643</course><hAcc>1.411675</hAcc><vAcc>0.968290</vAcc></extensions></trkpt>
      <trkpt lon="-82.149756" lat="33.559373"><ele>91.946053</ele><time>2025-09-14T14:41:07Z</time><extensions><speed>1.264970</speed><course>99.880767</course><hAcc>1.402499</hAcc><vAcc>0.963907</vAcc></extensions></trkpt>
      <trkpt lon="-82.149743" lat="33.559371"><ele>91.967518</ele><time>2025-09-14T14:41:08Z</time><extensions><speed>1.185558</speed><course>98.920513</course><hAcc>1.400296</hAcc><vAcc>0.960101</vAcc></extensions></trkpt>
      <trkpt lon="-82.149731" lat="33.559369"><ele>91.983426</ele><time>2025-09-14T14:41:09Z</time><extensions><speed>1.132235</speed><course>98.151432</course><hAcc>1.393607</hAcc><vAcc>0.955439</vAcc></extensions></trkpt>
      <trkpt lon="-82.149718" lat="33.559368"><ele>91.998988</ele><time>2025-09-14T14:41:10Z</time><extensions><speed>1.170218</speed><course>98.734531</course><hAcc>1.386759</hAcc><vAcc>0.951009</vAcc></extensions></trkpt>
      <trkpt lon="-82.149705" lat="33.559366"><ele>92.008544</ele><time>2025-09-14T14:41:11Z</time><extensions><speed>1.274913</speed><course>102.730934</course><hAcc>1.380205</hAcc><vAcc>0.946445</vAcc></extensions></trkpt>
      <trkpt lon="-82.149692" lat="33.559363"><ele>92.004778</ele><time>2025-09-14T14:41:12Z</time><extensions><speed>1.347540</speed><course>104.168352</course><hAcc>1.383080</hAcc><vAcc>0.944167</vAcc></extensions></trkpt>
      <trkpt lon="-82.149677" lat="33.559361"><ele>91.996954</ele><time>2025-09-14T14:41:13Z</time><extensions><speed>1.346976</speed><course>102.216610</course><hAcc>1.385567</hAcc><vAcc>0.942679</vAcc></extensions></trkpt>
      <trkpt lon="-82.149663" lat="33.559358"><ele>91.993373</ele><time>2025-09-14T14:41:14Z</time><extensions><speed>1.283880</speed><course>99.365970</course><hAcc>1.389406</hAcc><vAcc>0.941374</vAcc></extensions></trkpt>
      <trkpt lon="-82.149650" lat="33.559357"><ele>91.993329</ele><time>2025-09-14T14:41:15Z</time><extensions><speed>1.197234</speed><course>96.740762</course><hAcc>1.385814</hAcc><vAcc>0.940768</vAcc></extensions></trkpt>
      <trkpt lon="-82.149637" lat="33.559356"><ele>91.985657</ele><time>2025-09-14T14:41:16Z</time><extensions><speed>1.202231</speed><course>95.552026</course><hAcc>1.374516</hAcc><vAcc>0.941043</vAcc></extensions></trkpt>
      <trkpt lon="-82.149625" lat="33.559355"><ele>91.965569</ele><time>2025-09-14T14:41:17Z</time><extensions><speed>1.167458</speed><course>97.015327</course><hAcc>1.371756</hAcc><vAcc>0.943026</vAcc></extensions></trkpt>
      <trkpt lon="-82.149612" lat="33.559353"><ele>91.960785</ele><time>2025-09-14T14:41:18Z</time><extensions><speed>1.256283</speed><course>100.765136</course><hAcc>1.373432</hAcc><vAcc>0.945673</vAcc></extensions></trkpt>
      <trkpt lon="-82.149598" lat="33.559351"><ele>91.953310</ele><time>2025-09-14T14:41:19Z</time><extensions><speed>1.352924</speed><course>97.603497</course><hAcc>1.361538</hAcc><vAcc>0.949065</vAcc></extensions></trkpt>
      <trkpt lon="-82.149582" lat="33.559350"><ele>91.944160</ele><time>2025-09-14T14:41:20Z</time><extensions><speed>1.483238</speed><course>94.989470</course><hAcc>1.350362</hAcc><vAcc>0.952643</vAcc></extensions></trkpt>
      <trkpt lon="-82.149566" lat="33.559349"><ele>91.917768</ele><time>2025-09-14T14:41:21Z</time><extensions><speed>1.565372</speed><course>91.968685</course><hAcc>1.354985</hAcc><vAcc>0.955271</vAcc></extensions></trkpt>
      <trkpt lon="-82.149550" lat="33.559349"><ele>91.884680</ele><time>2025-09-14T14:41:22Z</time><extensions><speed>1.408880</speed><course>89.200935</course><hAcc>1.383891</hAcc><vAcc>0.956218</vAcc></extensions></trkpt>
      <trkpt lon="-82.149534" lat="33.559349"><ele>91.836293</ele><time>2025-09-14T14:41:23Z</time><extensions><speed>1.470884</speed><course>89.612197</course><hAcc>1.367660</hAcc><vAcc>0.957983</vAcc></extensions></trkpt>
      <trkpt lon="-82.149519" lat="33.559349"><ele>91.762442</ele><time>2025-09-14T14:41:24Z</time><extensions><speed>1.488117</speed><course>92.449540</course><hAcc>1.379878</hAcc><vAcc>0.958500</vAcc></extensions></trkpt>
      <trkpt lon="-82.149503" lat="33.559348"><ele>91.683178</ele><time>2025-09-14T14:41:25Z</time><extensions><speed>1.488625</speed><course>95.410012</course><hAcc>1.400239</hAcc><vAcc>0.958161</vAcc></extensions></trkpt>
      <trkpt lon="-82.149487" lat="33.559346"><ele>91.598634</ele><time>2025-09-14T14:41:26Z</time><extensions><speed>1.412985</speed><course>95.639821</course><hAcc>1.417929</hAcc><vAcc>0.957104</vAcc></extensions></trkpt>
      <trkpt lon="-82.149472" lat="33.559345"><ele>91.532178</ele><time>2025-09-14T14:41:27Z</time><extensions><speed>1.287667</speed><course>94.126470</course><hAcc>1.431329</hAcc><vAcc>0.954691</vAcc></extensions></trkpt>
      <trkpt lon="-82.149459" lat="33.559345"><ele>91.470998</ele><time>2025-09-14T14:41:28Z</time><extensions><speed>1.266099</speed><course>92.496293</course><hAcc>1.447948</hAcc><vAcc>0.951632</vAcc></extensions></trkpt>
      <trkpt lon="-82.149445" lat="33.559344"><ele>91.396180</ele><time>2025-09-14T14:41:29Z</time><extensions><speed>1.216890</speed><course>90.560225</course><hAcc>1.463791</hAcc><vAcc>0.947816</vAcc></extensions></trkpt>
      <trkpt lon="-82.149432" lat="33.559344"><ele>91.320048</ele><time>2025-09-14T14:41:30Z</time><extensions><speed>1.172914</speed><course>90.704270</course><hAcc>1.468581</hAcc><vAcc>0.944273</vAcc></extensions></trkpt>
      <trkpt lon="-82.149419" lat="33.559344"><ele>91.255943</ele><time>2025-09-14T14:41:31Z</time><extensions><speed>1.273910</speed><course>89.004446</course><hAcc>1.465002</hAcc><vAcc>0.940753</vAcc></extensions></trkpt>
      <trkpt lon="-82.149405" lat="33.559344"><ele>91.182036</ele><time>2025-09-14T14:41:32Z</time><extensions><speed>1.328275</speed><course>90.533915</course><hAcc>1.471841</hAcc><vAcc>0.937334</vAcc></extensions></trkpt>
      <trkpt lon="-82.149391" lat="33.559344"><ele>91.118862</ele><time>2025-09-14T14:41:33Z</time><extensions><speed>1.328553</speed><course>91.103418</course><hAcc>1.471384</hAcc><vAcc>0.933790</vAcc></extensions></trkpt>
      <trkpt lon="-82.149376" lat="33.559343"><ele>91.026056</ele><time>2025-09-14T14:41:34Z</time><extensions><speed>1.302367</speed><course>95.349676</course><hAcc>1.469872</hAcc><vAcc>0.929980</vAcc></extensions></trkpt>
      <trkpt lon="-82.149363" lat="33.559342"><ele>90.949781</ele><time>2025-09-14T14:41:35Z</time><extensions><speed>1.287939</speed><course>99.274762</course><hAcc>1.466177</hAcc><vAcc>0.926773</vAcc></extensions></trkpt>
      <trkpt lon="-82.149348" lat="33.559340"><ele>90.886455</ele><time>2025-09-14T14:41:36Z</time><extensions><speed>1.423154</speed><course>101.439387</course><hAcc>1.455514</hAcc><vAcc>0.923496</vAcc></extensions></trkpt>
      <trkpt lon="-82.149333" lat="33.559337"><ele>90.844967</ele><time>2025-09-14T14:41:37Z</time><extensions><speed>1.505892</speed><course>101.512542</course><hAcc>1.443565</hAcc><vAcc>0.921332</vAcc></extensions></trkpt>
      <trkpt lon="-82.149317" lat="33.559335"><ele>90.806988</ele><time>2025-09-14T14:41:38Z</time><extensions><speed>1.448002</speed><course>98.438475</course><hAcc>1.429682</hAcc><vAcc>0.920663</vAcc></extensions></trkpt>
      <trkpt lon="-82.149302" lat="33.559333"><ele>90.783760</ele><time>2025-09-14T14:41:39Z</time><extensions><speed>1.409993</speed><course>97.283641</course><hAcc>1.420433</hAcc><vAcc>0.920007</vAcc></extensions></trkpt>
      <trkpt lon="-82.149287" lat="33.559332"><ele>90.769969</ele><time>2025-09-14T14:41:40Z</time><extensions><speed>1.380708</speed><course>94.557931</course><hAcc>1.414525</hAcc><vAcc>0.919309</vAcc></extensions></trkpt>
      <trkpt lon="-82.149272" lat="33.559331"><ele>90.747649</ele><time>2025-09-14T14:41:41Z</time><extensions><speed>1.379376</speed><course>90.919913</course><hAcc>1.416653</hAcc><vAcc>0.918147</vAcc></extensions></trkpt>
      <trkpt lon="-82.149257" lat="33.559331"><ele>90.734550</ele><time>2025-09-14T14:41:42Z</time><extensions><speed>1.377460</speed><course>88.462944</course><hAcc>1.417109</hAcc><vAcc>0.916829</vAcc></extensions></trkpt>
      <trkpt lon="-82.149242" lat="33.559332"><ele>90.722506</ele><time>2025-09-14T14:41:43Z</time><extensions><speed>1.380782</speed><course>87.995980</course><hAcc>1.412846</hAcc><vAcc>0.915370</vAcc></extensions></trkpt>
      <trkpt lon="-82.149228" lat="33.559332"><ele>90.703401</ele><time>2025-09-14T14:41:44Z</time><extensions><speed>1.302314</speed><course>87.129669</course><hAcc>1.399151</hAcc><vAcc>0.914066</vAcc></extensions></trkpt>
      <trkpt lon="-82.149214" lat="33.559333"><ele>90.668682</ele><time>2025-09-14T14:41:45Z</time><extensions><speed>1.235969</speed><course>86.617083</course><hAcc>1.399946</hAcc><vAcc>0.913377</vAcc></extensions></trkpt>
      <trkpt lon="-82.149201" lat="33.559334"><ele>90.636726</ele><time>2025-09-14T14:41:46Z</time><extensions><speed>1.215704</speed><course>85.269432</course><hAcc>1.399652</hAcc><vAcc>0.911675</vAcc></extensions></trkpt>
      <trkpt lon="-82.149188" lat="33.559335"><ele>90.585431</ele><time>2025-09-14T14:41:47Z</time><extensions><speed>1.269320</speed><course>83.082654</course><hAcc>1.400466</hAcc><vAcc>0.909005</vAcc></extensions></trkpt>
      <trkpt lon="-82.149174" lat="33.559337"><ele>90.531312</ele><time>2025-09-14T14:41:48Z</time><extensions><speed>1.307757</speed><course>79.967322</course><hAcc>1.396217</hAcc><vAcc>0.906169</vAcc></extensions></trkpt>
      <trkpt lon="-82.149161" lat="33.559339"><ele>90.484876</ele><time>2025-09-14T14:41:49Z</time><extensions><speed>1.198784</speed><course>75.835776</course><hAcc>1.384350</hAcc><vAcc>0.902293</vAcc></extensions></trkpt>
      <trkpt lon="-82.149149" lat="33.559342"><ele>90.427079</ele><time>2025-09-14T14:41:50Z</time><extensions><speed>1.119442</speed><course>74.202281</course><hAcc>1.374322</hAcc><vAcc>0.896387</vAcc></extensions></trkpt>
      <trkpt lon="-82.149137" lat="33.559345"><ele>90.345767</ele><time>2025-09-14T14:41:51Z</time><extensions><speed>1.064521</speed><course>70.031254</course><hAcc>1.359061</hAcc><vAcc>0.889792</vAcc></extensions></trkpt>
      <trkpt lon="-82.149127" lat="33.559348"><ele>90.240948</ele><time>2025-09-14T14:41:52Z</time><extensions><speed>1.077624</speed><course>66.992122</course><hAcc>1.360214</hAcc><vAcc>0.882432</vAcc></extensions></trkpt>
      <trkpt lon="-82.149116" lat="33.559352"><ele>90.148261</ele><time>2025-09-14T14:41:53Z</time><extensions><speed>1.165235</speed><course>66.848899</course><hAcc>1.355378</hAcc><vAcc>0.874371</vAcc></extensions></trkpt>
      <trkpt lon="-82.149104" lat="33.559357"><ele>90.033627</ele><time>2025-09-14T14:41:54Z</time><extensions><speed>1.239803</speed><course>65.399608</course><hAcc>1.342561</hAcc><vAcc>0.865388</vAcc></extensions></trkpt>
      <trkpt lon="-82.149092" lat="33.559362"><ele>89.916806</ele><time>2025-09-14T14:41:55Z</time><extensions><speed>1.235481</speed><course>61.353246</course><hAcc>1.330593</hAcc><vAcc>0.855748</vAcc></extensions></trkpt>
      <trkpt lon="-82.149081" lat="33.559367"><ele>89.788739</ele><time>2025-09-14T14:41:56Z</time><extensions><speed>1.171292</speed><course>56.817122</course><hAcc>1.327221</hAcc><vAcc>0.845555</vAcc></extensions></trkpt>
      <trkpt lon="-82.149070" lat="33.559373"><ele>89.647990</ele><time>2025-09-14T14:41:57Z</time><extensions><speed>1.205552</speed><course>53.118731</course><hAcc>1.312978</hAcc><vAcc>0.834920</vAcc></extensions></trkpt>
      <trkpt lon="-82.149060" lat="33.559380"><ele>89.495005</ele><time>2025-09-14T14:41:58Z</time><extensions><speed>1.235035</speed><course>50.237309</course><hAcc>1.308587</hAcc><vAcc>0.824532</vAcc></extensions></trkpt>
      <trkpt lon="-82.149049" lat="33.559388"><ele>89.333420</ele><time>2025-09-14T14:41:59Z</time><extensions><speed>1.271181</speed><course>50.192140</course><hAcc>1.316404</hAcc><vAcc>0.814942</vAcc></extensions></trkpt>
      <trkpt lon="-82.149039" lat="33.559395"><ele>89.165789</ele><time>2025-09-14T14:42:00Z</time><extensions><speed>1.269549</speed><course>49.687260</course><hAcc>1.323528</hAcc><vAcc>0.806495</vAcc></extensions></trkpt>
      <trkpt lon="-82.149029" lat="33.559402"><ele>88.997067</ele><time>2025-09-14T14:42:01Z</time><extensions><speed>1.250757</speed><course>47.410545</course><hAcc>1.327151</hAcc><vAcc>0.799699</vAcc></extensions></trkpt>
      <trkpt lon="-82.149019" lat="33.559410"><ele>88.825512</ele><time>2025-09-14T14:42:02Z</time><extensions><speed>1.259932</speed><course>44.582446</course><hAcc>1.334829</hAcc><vAcc>0.794844</vAcc></extensions></trkpt>
      <trkpt lon="-82.149010" lat="33.559418"><ele>88.654853</ele><time>2025-09-14T14:42:03Z</time><extensions><speed>1.214016</speed><course>41.702518</course><hAcc>1.347165</hAcc><vAcc>0.791051</vAcc></extensions></trkpt>
      <trkpt lon="-82.149002" lat="33.559427"><ele>88.504665</ele><time>2025-09-14T14:42:04Z</time><extensions><speed>1.170663</speed><course>40.685513</course><hAcc>1.366413</hAcc><vAcc>0.789007</vAcc></extensions></trkpt>
      <trkpt lon="-82.148993" lat="33.559434"><ele>88.357441</ele><time>2025-09-14T14:42:05Z</time><extensions><speed>1.129592</speed><course>42.013278</course><hAcc>1.369558</hAcc><vAcc>0.788388</vAcc></extensions></trkpt>
      <trkpt lon="-82.148986" lat="33.559442"><ele>88.198499</ele><time>2025-09-14T14:42:06Z</time><extensions><speed>1.090328</speed><course>40.429738</course><hAcc>1.355517</hAcc><vAcc>0.789741</vAcc></extensions></trkpt>
      <trkpt lon="-82.148978" lat="33.559449"><ele>88.062224</ele><time>2025-09-14T14:42:07Z</time><extensions><speed>1.088204</speed><course>40.287547</course><hAcc>1.340031</hAcc><vAcc>0.792290</vAcc></extensions></trkpt>
      <trkpt lon="-82.148970" lat="33.559457"><ele>87.930169</ele><time>2025-09-14T14:42:08Z</time><extensions><speed>1.092740</speed><course>41.765436</course><hAcc>1.332975</hAcc><vAcc>0.795884</vAcc></extensions></trkpt>
      <trkpt lon="-82.148962" lat="33.559464"><ele>87.817459</ele><time>2025-09-14T14:42:09Z</time><extensions><speed>1.178169</speed><course>43.850676</course><hAcc>1.326090</hAcc><vAcc>0.800308</vAcc></extensions></trkpt>
      <trkpt lon="-82.148953" lat="33.559472"><ele>87.724455</ele><time>2025-09-14T14:42:10Z</time><extensions><speed>1.220799</speed><course>42.707552</course><hAcc>1.327979</hAcc><vAcc>0.805337</vAcc></extensions></trkpt>
      <trkpt lon="-82.148944" lat="33.559481"><ele>87.648689</ele><time>2025-09-14T14:42:11Z</time><extensions><speed>1.265379</speed><course>38.531842</course><hAcc>1.330014</hAcc><vAcc>0.810496</vAcc></extensions></trkpt>
      <trkpt lon="-82.148936" lat="33.559490"><ele>87.585468</ele><time>2025-09-14T14:42:12Z</time><extensions><speed>1.351603</speed><course>32.851275</course><hAcc>1.332990</hAcc><vAcc>0.815627</vAcc></extensions></trkpt>
      <trkpt lon="-82.148929" lat="33.559501"><ele>87.518629</ele><time>2025-09-14T14:42:13Z</time><extensions><speed>1.444856</speed><course>27.166217</course><hAcc>1.335623</hAcc><vAcc>0.820299</vAcc></extensions></trkpt>
      <trkpt lon="-82.148921" lat="33.559513"><ele>87.457387</ele><time>2025-09-14T14:42:14Z</time><extensions><speed>1.474809</speed><course>26.787774</course><hAcc>1.335240</hAcc><vAcc>0.825054</vAcc></extensions></trkpt>
      <trkpt lon="-82.148914" lat="33.559525"><ele>87.408503</ele><time>2025-09-14T14:42:15Z</time><extensions><speed>1.453859</speed><course>27.651608</course><hAcc>1.338853</hAcc><vAcc>0.830005</vAcc></extensions></trkpt>
      <trkpt lon="-82.148907" lat="33.559537"><ele>87.371811</ele><time>2025-09-14T14:42:16Z</time><extensions><speed>1.525652</speed><course>26.907982</course><hAcc>1.334618</hAcc><vAcc>0.835484</vAcc></extensions></trkpt>
      <trkpt lon="-82.148899" lat="33.559549"><ele>87.342096</ele><time>2025-09-14T14:42:17Z</time><extensions><speed>1.444733</speed><course>28.315621</course><hAcc>1.345256</hAcc><vAcc>0.840775</vAcc></extensions></trkpt>
      <trkpt lon="-82.148892" lat="33.559560"><ele>87.315316</ele><time>2025-09-14T14:42:18Z</time><extensions><speed>1.422364</speed><course>30.477044</course><hAcc>1.346802</hAcc><vAcc>0.845716</vAcc></extensions></trkpt>
      <trkpt lon="-82.148884" lat="33.559571"><ele>87.249402</ele><time>2025-09-14T14:42:19Z</time><extensions><speed>1.405129</speed><course>32.821809</course><hAcc>1.345981</hAcc><vAcc>0.848808</vAcc></extensions></trkpt>
      <trkpt lon="-82.148875" lat="33.559581"><ele>87.188290</ele><time>2025-09-14T14:42:20Z</time><extensions><speed>1.417752</speed><course>37.079541</course><hAcc>1.343563</hAcc><vAcc>0.852039</vAcc></extensions></trkpt>
      <trkpt lon="-82.148866" lat="33.559591"><ele>87.119680</ele><time>2025-09-14T14:42:21Z</time><extensions><speed>1.350067</speed><course>43.670131</course><hAcc>1.343848</hAcc><vAcc>0.854741</vAcc></extensions></trkpt>
      <trkpt lon="-82.148856" lat="33.559600"><ele>87.061304</ele><time>2025-09-14T14:42:22Z</time><extensions><speed>1.309253</speed><course>40.980714</course><hAcc>1.346771</hAcc><vAcc>0.856665</vAcc></extensions></trkpt>
      <trkpt lon="-82.148847" lat="33.559609"><ele>86.990300</ele><time>2025-09-14T14:42:23Z</time><extensions><speed>1.271574</speed><course>38.030236</course><hAcc>1.346353</hAcc><vAcc>0.857442</vAcc></extensions></trkpt>
      <trkpt lon="-82.148839" lat="33.559618"><ele>86.924212</ele><time>2025-09-14T14:42:24Z</time><extensions><speed>1.280003</speed><course>33.941609</course><hAcc>1.357607</hAcc><vAcc>0.858104</vAcc></extensions></trkpt>
      <trkpt lon="-82.148831" lat="33.559628"><ele>86.845956</ele><time>2025-09-14T14:42:25Z</time><extensions><speed>1.362453</speed><course>29.951335</course><hAcc>1.371223</hAcc><vAcc>0.858677</vAcc></extensions></trkpt>
      <trkpt lon="-82.148824" lat="33.559639"><ele>86.751355</ele><time>2025-09-14T14:42:26Z</time><extensions><speed>1.409077</speed><course>26.997602</course><hAcc>1.376586</hAcc><vAcc>0.858149</vAcc></extensions></trkpt>
      <trkpt lon="-82.148818" lat="33.559650"><ele>86.676600</ele><time>2025-09-14T14:42:27Z</time><extensions><speed>1.381482</speed><course>25.416200</course><hAcc>1.376984</hAcc><vAcc>0.857488</vAcc></extensions></trkpt>
      <trkpt lon="-82.148811" lat="33.559662"><ele>86.570145</ele><time>2025-09-14T14:42:28Z</time><extensions><speed>1.368539</speed><course>26.391535</course><hAcc>1.370175</hAcc><vAcc>0.857522</vAcc></extensions></trkpt>
      <trkpt lon="-82.148804" lat="33.559672"><ele>86.476767</ele><time>2025-09-14T14:42:29Z</time><extensions><speed>1.352269</speed><course>28.348553</course><hAcc>1.355896</hAcc><vAcc>0.857313</vAcc></extensions></trkpt>
      <trkpt lon="-82.148797" lat="33.559683"><ele>86.376268</ele><time>2025-09-14T14:42:30Z</time><extensions><speed>1.272394</speed><course>32.065166</course><hAcc>1.366773</hAcc><vAcc>0.857511</vAcc></extensions></trkpt>
      <trkpt lon="-82.148790" lat="33.559692"><ele>86.251255</ele><time>2025-09-14T14:42:31Z</time><extensions><speed>1.242765</speed><course>32.698394</course><hAcc>1.347626</hAcc><vAcc>0.858244</vAcc></extensions></trkpt>
      <trkpt lon="-82.148783" lat="33.559702"><ele>86.151097</ele><time>2025-09-14T14:42:32Z</time><extensions><speed>1.245642</speed><course>29.751223</course><hAcc>1.342759</hAcc><vAcc>0.859079</vAcc></extensions></trkpt>
      <trkpt lon="-82.148777" lat="33.559712"><ele>86.044392</ele><time>2025-09-14T14:42:33Z</time><extensions><speed>1.244175</speed><course>27.212847</course><hAcc>1.340700</hAcc><vAcc>0.860048</vAcc></extensions></trkpt>
      <trkpt lon="-82.148771" lat="33.559722"><ele>85.937037</ele><time>2025-09-14T14:42:34Z</time><extensions><speed>1.238089</speed><course>25.990348</course><hAcc>1.348404</hAcc><vAcc>0.861360</vAcc></extensions></trkpt>
      <trkpt lon="-82.148765" lat="33.559732"><ele>85.843528</ele><time>2025-09-14T14:42:35Z</time><extensions><speed>1.241850</speed><course>25.896464</course><hAcc>1.354627</hAcc><vAcc>0.862113</vAcc></extensions></trkpt>
      <trkpt lon="-82.148759" lat="33.559742"><ele>85.795422</ele><time>2025-09-14T14:42:36Z</time><extensions><speed>1.245708</speed><course>27.400226</course><hAcc>1.354211</hAcc><vAcc>0.861951</vAcc></extensions></trkpt>
      <trkpt lon="-82.148753" lat="33.559752"><ele>85.723328</ele><time>2025-09-14T14:42:37Z</time><extensions><speed>1.179361</speed><course>29.481280</course><hAcc>1.358807</hAcc><vAcc>0.860725</vAcc></extensions></trkpt>
      <trkpt lon="-82.148746" lat="33.559761"><ele>85.639786</ele><time>2025-09-14T14:42:38Z</time><extensions><speed>1.143339</speed><course>31.074681</course><hAcc>1.363857</hAcc><vAcc>0.859117</vAcc></extensions></trkpt>
      <trkpt lon="-82.148740" lat="33.559770"><ele>85.582839</ele><time>2025-09-14T14:42:39Z</time><extensions><speed>1.258462</speed><course>28.509073</course><hAcc>1.373657</hAcc><vAcc>0.856726</vAcc></extensions></trkpt>
      <trkpt lon="-82.148734" lat="33.559780"><ele>85.540084</ele><time>2025-09-14T14:42:40Z</time><extensions><speed>1.326176</speed><course>25.021908</course><hAcc>1.370848</hAcc><vAcc>0.853289</vAcc></extensions></trkpt>
      <trkpt lon="-82.148727" lat="33.559792"><ele>85.491589</ele><time>2025-09-14T14:42:41Z</time><extensions><speed>1.477322</speed><course>23.735862</course><hAcc>1.353748</hAcc><vAcc>0.848754</vAcc></extensions></trkpt>
      <trkpt lon="-82.148721" lat="33.559804"><ele>85.468947</ele><time>2025-09-14T14:42:42Z</time><extensions><speed>1.507547</speed><course>24.263899</course><hAcc>1.370388</hAcc><vAcc>0.843276</vAcc></extensions></trkpt>
      <trkpt lon="-82.148714" lat="33.559816"><ele>85.457971</ele><time>2025-09-14T14:42:43Z</time><extensions><speed>1.329472</speed><course>27.339612</course><hAcc>1.397392</hAcc><vAcc>0.837519</vAcc></extensions></trkpt>
      <trkpt lon="-82.148708" lat="33.559826"><ele>85.446097</ele><time>2025-09-14T14:42:44Z</time><extensions><speed>1.208764</speed><course>30.684057</course><hAcc>1.370264</hAcc><vAcc>0.830740</vAcc></extensions></trkpt>
      <trkpt lon="-82.148701" lat="33.559835"><ele>85.437713</ele><time>2025-09-14T14:42:45Z</time><extensions><speed>1.076225</speed><course>29.911299</course><hAcc>1.353031</hAcc><vAcc>0.823384</vAcc></extensions></trkpt>
      <trkpt lon="-82.148696" lat="33.559843"><ele>85.439581</ele><time>2025-09-14T14:42:46Z</time><extensions><speed>1.099902</speed><course>26.724159</course><hAcc>1.358052</hAcc><vAcc>0.816026</vAcc></extensions></trkpt>
      <trkpt lon="-82.148690" lat="33.559853"><ele>85.452732</ele><time>2025-09-14T14:42:47Z</time><extensions><speed>1.234685</speed><course>25.977443</course><hAcc>1.362471</hAcc><vAcc>0.809018</vAcc></extensions></trkpt>
      <trkpt lon="-82.148684" lat="33.559863"><ele>85.458157</ele><time>2025-09-14T14:42:48Z</time><extensions><speed>1.319547</speed><course>27.523943</course><hAcc>1.349854</hAcc><vAcc>0.803087</vAcc></extensions></trkpt>
      <trkpt lon="-82.148677" lat="33.559874"><ele>85.475358</ele><time>2025-09-14T14:42:49Z</time><extensions><speed>1.402385</speed><course>29.517569</course><hAcc>1.342526</hAcc><vAcc>0.798160</vAcc></extensions></trkpt>
      <trkpt lon="-82.148669" lat="33.559885"><ele>85.498955</ele><time>2025-09-14T14:42:50Z</time><extensions><speed>1.402843</speed><course>32.186157</course><hAcc>1.321891</hAcc><vAcc>0.794850</vAcc></extensions></trkpt>
      <trkpt lon="-82.148661" lat="33.559895"><ele>85.518813</ele><time>2025-09-14T14:42:51Z</time><extensions><speed>1.442926</speed><course>33.231543</course><hAcc>1.300308</hAcc><vAcc>0.792712</vAcc></extensions></trkpt>
      <trkpt lon="-82.148653" lat="33.559906"><ele>85.546881</ele><time>2025-09-14T14:42:52Z</time><extensions><speed>1.434596</speed><course>31.818084</course><hAcc>1.290852</hAcc><vAcc>0.791224</vAcc></extensions></trkpt>
      <trkpt lon="-82.148645" lat="33.559917"><ele>85.586063</ele><time>2025-09-14T14:42:53Z</time><extensions><speed>1.258836</speed><course>30.660478</course><hAcc>1.293161</hAcc><vAcc>0.790495</vAcc></extensions></trkpt>
      <trkpt lon="-82.148638" lat="33.559926"><ele>85.621138</ele><time>2025-09-14T14:42:54Z</time><extensions><speed>1.132050</speed><course>31.454562</course><hAcc>1.272576</hAcc><vAcc>0.790104</vAcc></extensions></trkpt>
      <trkpt lon="-82.148632" lat="33.559935"><ele>85.689377</ele><time>2025-09-14T14:42:55Z</time><extensions><speed>1.122204</speed><course>33.891454</course><hAcc>1.267712</hAcc><vAcc>0.790336</vAcc></extensions></trkpt>
      <trkpt lon="-82.148625" lat="33.559943"><ele>85.753135</ele><time>2025-09-14T14:42:56Z</time><extensions><speed>1.169811</speed><course>37.885880</course><hAcc>1.271271</hAcc><vAcc>0.790408</vAcc></extensions></trkpt>
      <trkpt lon="-82.148616" lat="33.559951"><ele>85.818490</ele><time>2025-09-14T14:42:57Z</time><extensions><speed>1.201428</speed><course>41.559866</course><hAcc>1.273550</hAcc><vAcc>0.790099</vAcc></extensions></trkpt>
      <trkpt lon="-82.148608" lat="33.559959"><ele>85.876444</ele><time>2025-09-14T14:42:58Z</time><extensions><speed>1.252649</speed><course>41.988335</course><hAcc>1.275211</hAcc><vAcc>0.789948</vAcc></extensions></trkpt>
      <trkpt lon="-82.148599" lat="33.559968"><ele>85.935655</ele><time>2025-09-14T14:42:59Z</time><extensions><speed>1.315831</speed><course>37.504260</course><hAcc>1.273324</hAcc><vAcc>0.789482</vAcc></extensions></trkpt>
      <trkpt lon="-82.148591" lat="33.559978"><ele>85.998762</ele><time>2025-09-14T14:43:00Z</time><extensions><speed>1.322883</speed><course>33.631601</course><hAcc>1.269981</hAcc><vAcc>0.788698</vAcc></extensions></trkpt>
      <trkpt lon="-82.148583" lat="33.559988"><ele>86.076801</ele><time>2025-09-14T14:43:01Z</time><extensions><speed>1.348685</speed><course>30.878941</course><hAcc>1.269759</hAcc><vAcc>0.787407</vAcc></extensions></trkpt>
      <trkpt lon="-82.148576" lat="33.559999"><ele>86.148816</ele><time>2025-09-14T14:43:02Z</time><extensions><speed>1.390055</speed><course>28.359413</course><hAcc>1.269401</hAcc><vAcc>0.785820</vAcc></extensions></trkpt>
      <trkpt lon="-82.148569" lat="33.560010"><ele>86.218833</ele><time>2025-09-14T14:43:03Z</time><extensions><speed>1.444035</speed><course>26.372785</course><hAcc>1.271714</hAcc><vAcc>0.783988</vAcc></extensions></trkpt>
      <trkpt lon="-82.148562" lat="33.560022"><ele>86.289534</ele><time>2025-09-14T14:43:04Z</time><extensions><speed>1.463205</speed><course>24.515403</course><hAcc>1.278488</hAcc><vAcc>0.781985</vAcc></extensions></trkpt>
      <trkpt lon="-82.148555" lat="33.560034"><ele>86.354378</ele><time>2025-09-14T14:43:05Z</time><extensions><speed>1.415787</speed><course>25.587854</course><hAcc>1.279837</hAcc><vAcc>0.779839</vAcc></extensions></trkpt>
      <trkpt lon="-82.148549" lat="33.560045"><ele>86.425706</ele><time>2025-09-14T14:43:06Z</time><extensions><speed>1.332509</speed><course>27.961655</course><hAcc>1.283174</hAcc><vAcc>0.777781</vAcc></extensions></trkpt>
      <trkpt lon="-82.148542" lat="33.560056"><ele>86.502186</ele><time>2025-09-14T14:43:07Z</time><extensions><speed>1.311654</speed><course>28.794667</course><hAcc>1.281286</hAcc><vAcc>0.776210</vAcc></extensions></trkpt>
      <trkpt lon="-82.148535" lat="33.560066"><ele>86.571768</ele><time>2025-09-14T14:43:08Z</time><extensions><speed>1.424695</speed><course>29.413106</course><hAcc>1.275694</hAcc><vAcc>0.774543</vAcc></extensions></trkpt>
      <trkpt lon="-82.148527" lat="33.560078"><ele>86.637388</ele><time>2025-09-14T14:43:09Z</time><extensions><speed>1.568492</speed><course>28.947191</course><hAcc>1.278929</hAcc><vAcc>0.772825</vAcc></extensions></trkpt>
      <trkpt lon="-82.148519" lat="33.560091"><ele>86.691002</ele><time>2025-09-14T14:43:10Z</time><extensions><speed>1.603715</speed><course>28.501197</course><hAcc>1.275243</hAcc><vAcc>0.771273</vAcc></extensions></trkpt>
      <trkpt lon="-82.148511" lat="33.560103"><ele>86.737878</ele><time>2025-09-14T14:43:11Z</time><extensions><speed>1.537641</speed><course>26.832365</course><hAcc>1.266330</hAcc><vAcc>0.769991</vAcc></extensions></trkpt>
      <trkpt lon="-82.148504" lat="33.560115"><ele>86.785605</ele><time>2025-09-14T14:43:12Z</time><extensions><speed>1.421542</speed><course>26.529679</course><hAcc>1.259958</hAcc><vAcc>0.768940</vAcc></extensions></trkpt>
      <trkpt lon="-82.148497" lat="33.560126"><ele>86.836385</ele><time>2025-09-14T14:43:13Z</time><extensions><speed>1.377217</speed><course>27.551851</course><hAcc>1.261491</hAcc><vAcc>0.768197</vAcc></extensions></trkpt>
      <trkpt lon="-82.148490" lat="33.560137"><ele>86.895951</ele><time>2025-09-14T14:43:14Z</time><extensions><speed>1.377038</speed><course>30.229294</course><hAcc>1.263881</hAcc><vAcc>0.767886</vAcc></extensions></trkpt>
      <trkpt lon="-82.148482" lat="33.560148"><ele>86.951820</ele><time>2025-09-14T14:43:15Z</time><extensions><speed>1.350787</speed><course>32.584650</course><hAcc>1.268040</hAcc><vAcc>0.767767</vAcc></extensions></trkpt>
      <trkpt lon="-82.148474" lat="33.560158"><ele>87.003810</ele><time>2025-09-14T14:43:16Z</time><extensions><speed>1.339331</speed><course>32.772320</course><hAcc>1.268538</hAcc><vAcc>0.767612</vAcc></extensions></trkpt>
      <trkpt lon="-82.148467" lat="33.560168"><ele>87.039818</ele><time>2025-09-14T14:43:17Z</time><extensions><speed>1.284985</speed><course>31.181771</course><hAcc>1.266197</hAcc><vAcc>0.767343</vAcc></extensions></trkpt>
      <trkpt lon="-82.148460" lat="33.560178"><ele>87.047820</ele><time>2025-09-14T14:43:18Z</time><extensions><speed>1.259846</speed><course>28.260382</course><hAcc>1.273018</hAcc><vAcc>0.766896</vAcc></extensions></trkpt>
      <trkpt lon="-82.148454" lat="33.560188"><ele>87.051075</ele><time>2025-09-14T14:43:19Z</time><extensions><speed>1.237379</speed><course>24.935986</course><hAcc>1.274269</hAcc><vAcc>0.766288</vAcc></extensions></trkpt>
      <trkpt lon="-82.148449" lat="33.560198"><ele>87.050206</ele><time>2025-09-14T14:43:20Z</time><extensions><speed>1.147753</speed><course>22.099977</course><hAcc>1.266499</hAcc><vAcc>0.765591</vAcc></extensions></trkpt>
      <trkpt lon="-82.148444" lat="33.560207"><ele>87.022759</ele><time>2025-09-14T14:43:21Z</time><extensions><speed>1.144502</speed><course>21.471297</course><hAcc>1.268093</hAcc><vAcc>0.764868</vAcc></extensions></trkpt>
      <trkpt lon="-82.148439" lat="33.560217"><ele>86.987923</ele><time>2025-09-14T14:43:22Z</time><extensions><speed>1.222537</speed><course>22.328943</course><hAcc>1.281268</hAcc><vAcc>0.764229</vAcc></extensions></trkpt>
      <trkpt lon="-82.148434" lat="33.560228"><ele>86.942755</ele><time>2025-09-14T14:43:23Z</time><extensions><speed>1.285715</speed><course>22.890635</course><hAcc>1.292138</hAcc><vAcc>0.764264</vAcc></extensions></trkpt>
      <trkpt lon="-82.148429" lat="33.560239"><ele>86.882859</ele><time>2025-09-14T14:43:24Z</time><extensions><speed>1.373878</speed><course>22.660547</course><hAcc>1.300864</hAcc><vAcc>0.764432</vAcc></extensions></trkpt>
      <trkpt lon="-82.148423" lat="33.560250"><ele>86.822902</ele><time>2025-09-14T14:43:25Z</time><extensions><speed>1.373248</speed><course>21.964566</course><hAcc>1.314145</hAcc><vAcc>0.764743</vAcc></extensions></trkpt>
      <trkpt lon="-82.148418" lat="33.560262"><ele>86.749564</ele><time>2025-09-14T14:43:26Z</time><extensions><speed>1.299418</speed><course>22.267497</course><hAcc>1.325431</hAcc><vAcc>0.765704</vAcc></extensions></trkpt>
      <trkpt lon="-82.148412" lat="33.560272"><ele>86.663422</ele><time>2025-09-14T14:43:27Z</time><extensions><speed>1.164687</speed><course>23.418540</course><hAcc>1.331152</hAcc><vAcc>0.766976</vAcc></extensions></trkpt>
      <trkpt lon="-82.148408" lat="33.560281"><ele>86.579800</ele><time>2025-09-14T14:43:28Z</time><extensions><speed>1.008837</speed><course>20.437070</course><hAcc>1.321287</hAcc><vAcc>0.768791</vAcc></extensions></trkpt>
      <trkpt lon="-82.148404" lat="33.560289"><ele>86.491806</ele><time>2025-09-14T14:43:29Z</time><extensions><speed>0.991271</speed><course>17.677451</course><hAcc>1.321627</hAcc><vAcc>0.771613</vAcc></extensions></trkpt>
      <trkpt lon="-82.148401" lat="33.560298"><ele>86.414192</ele><time>2025-09-14T14:43:30Z</time><extensions><speed>1.037130</speed><course>14.712261</course><hAcc>1.329700</hAcc><vAcc>0.775039</vAcc></extensions></trkpt>
      <trkpt lon="-82.148399" lat="33.560308"><ele>86.345509</ele><time>2025-09-14T14:43:31Z</time><extensions><speed>1.126119</speed><course>11.711489</course><hAcc>1.320059</hAcc><vAcc>0.779028</vAcc></extensions></trkpt>
      <trkpt lon="-82.148397" lat="33.560318"><ele>86.286512</ele><time>2025-09-14T14:43:32Z</time><extensions><speed>1.090917</speed><course>9.261213</course><hAcc>1.319573</hAcc><vAcc>0.782386</vAcc></extensions></trkpt>
      <trkpt lon="-82.148395" lat="33.560328"><ele>86.249969</ele><time>2025-09-14T14:43:33Z</time><extensions><speed>1.171264</speed><course>6.266162</course><hAcc>1.313959</hAcc><vAcc>0.785739</vAcc></extensions></trkpt>
      <trkpt lon="-82.148394" lat="33.560339"><ele>86.220272</ele><time>2025-09-14T14:43:34Z</time><extensions><speed>1.290419</speed><course>2.519489</course><hAcc>1.316445</hAcc><vAcc>0.789516</vAcc></extensions></trkpt>
      <trkpt lon="-82.148394" lat="33.560351"><ele>86.197019</ele><time>2025-09-14T14:43:35Z</time><extensions><speed>1.342329</speed><course>358.568451</course><hAcc>1.324629</hAcc><vAcc>0.792925</vAcc></extensions></trkpt>
      <trkpt lon="-82.148395" lat="33.560363"><ele>86.180027</ele><time>2025-09-14T14:43:36Z</time><extensions><speed>1.444015</speed><course>353.935539</course><hAcc>1.329069</hAcc><vAcc>0.795803</vAcc></extensions></trkpt>
      <trkpt lon="-82.148398" lat="33.560376"><ele>86.180120</ele><time>2025-09-14T14:43:37Z</time><extensions><speed>1.471588</speed><course>348.146283</course><hAcc>1.329010</hAcc><vAcc>0.798085</vAcc></extensions></trkpt>
      <trkpt lon="-82.148401" lat="33.560389"><ele>86.179323</ele><time>2025-09-14T14:43:38Z</time><extensions><speed>1.505547</speed><course>344.565782</course><hAcc>1.325901</hAcc><vAcc>0.799930</vAcc></extensions></trkpt>
      <trkpt lon="-82.148406" lat="33.560402"><ele>86.173658</ele><time>2025-09-14T14:43:39Z</time><extensions><speed>1.456862</speed><course>341.402605</course><hAcc>1.321904</hAcc><vAcc>0.800737</vAcc></extensions></trkpt>
      <trkpt lon="-82.148411" lat="33.560414"><ele>86.172523</ele><time>2025-09-14T14:43:40Z</time><extensions><speed>1.429237</speed><course>338.680917</course><hAcc>1.323539</hAcc><vAcc>0.801695</vAcc></extensions></trkpt>
      <trkpt lon="-82.148417" lat="33.560426"><ele>86.175887</ele><time>2025-09-14T14:43:41Z</time><extensions><speed>1.371665</speed><course>337.182816</course><hAcc>1.327084</hAcc><vAcc>0.802345</vAcc></extensions></trkpt>
      <trkpt lon="-82.148423" lat="33.560437"><ele>86.172616</ele><time>2025-09-14T14:43:42Z</time><extensions><speed>1.299866</speed><course>337.955460</course><hAcc>1.337102</hAcc><vAcc>0.803119</vAcc></extensions></trkpt>
      <trkpt lon="-82.148428" lat="33.560448"><ele>86.178717</ele><time>2025-09-14T14:43:43Z</time><extensions><speed>1.249523</speed><course>334.983262</course><hAcc>1.353479</hAcc><vAcc>0.804078</vAcc></extensions></trkpt>
      <trkpt lon="-82.148434" lat="33.560457"><ele>86.193241</ele><time>2025-09-14T14:43:44Z</time><extensions><speed>1.176344</speed><course>329.311538</course><hAcc>1.367589</hAcc><vAcc>0.805701</vAcc></extensions></trkpt>
      <trkpt lon="-82.148442" lat="33.560466"><ele>86.186968</ele><time>2025-09-14T14:43:45Z</time><extensions><speed>1.216341</speed><course>320.064111</course><hAcc>1.375239</hAcc><vAcc>0.807974</vAcc></extensions></trkpt>
      <trkpt lon="-82.148451" lat="33.560474"><ele>86.185189</ele><time>2025-09-14T14:43:46Z</time><extensions><speed>1.285142</speed><course>316.769525</course><hAcc>1.410506</hAcc><vAcc>0.810996</vAcc></extensions></trkpt>
      <trkpt lon="-82.148461" lat="33.560483"><ele>86.170068</ele><time>2025-09-14T14:43:47Z</time><extensions><speed>1.276735</speed><course>312.705864</course><hAcc>1.436792</hAcc><vAcc>0.814352</vAcc></extensions></trkpt>
      <trkpt lon="-82.148471" lat="33.560490"><ele>86.160387</ele><time>2025-09-14T14:43:48Z</time><extensions><speed>1.258333</speed><course>309.201856</course><hAcc>1.446949</hAcc><vAcc>0.817398</vAcc></extensions></trkpt>
      <trkpt lon="-82.148482" lat="33.560497"><ele>86.138201</ele><time>2025-09-14T14:43:49Z</time><extensions><speed>1.306654</speed><course>306.553163</course><hAcc>1.445848</hAcc><vAcc>0.821061</vAcc></extensions></trkpt>
      <trkpt lon="-82.148494" lat="33.560504"><ele>86.100262</ele><time>2025-09-14T14:43:50Z</time><extensions><speed>1.337865</speed><course>306.467264</course><hAcc>1.448626</hAcc><vAcc>0.824926</vAcc></extensions></trkpt>
      <trkpt lon="-82.148505" lat="33.560511"><ele>86.049223</ele><time>2025-09-14T14:43:51Z</time><extensions><speed>1.352670</speed><course>306.485448</course><hAcc>1.453366</hAcc><vAcc>0.828255</vAcc></extensions></trkpt>
      <trkpt lon="-82.148517" lat="33.560519"><ele>86.001861</ele><time>2025-09-14T14:43:52Z</time><extensions><speed>1.379477</speed><course>307.093474</course><hAcc>1.448541</hAcc><vAcc>0.831179</vAcc></extensions></trkpt>
      <trkpt lon="-82.148529" lat="33.560526"><ele>85.955055</ele><time>2025-09-14T14:43:53Z</time><extensions><speed>1.321535</speed><course>307.950210</course><hAcc>1.437976</hAcc><vAcc>0.833367</vAcc></extensions></trkpt>
      <trkpt lon="-82.148540" lat="33.560533"><ele>85.882488</ele><time>2025-09-14T14:43:54Z</time><extensions><speed>1.237775</speed><course>307.533897</course><hAcc>1.420061</hAcc><vAcc>0.834905</vAcc></extensions></trkpt>
      <trkpt lon="-82.148550" lat="33.560540"><ele>85.808333</ele><time>2025-09-14T14:43:55Z</time><extensions><speed>1.216567</speed><course>307.124755</course><hAcc>1.406104</hAcc><vAcc>0.835620</vAcc></extensions></trkpt>
      <trkpt lon="-82.148560" lat="33.560547"><ele>85.723757</ele><time>2025-09-14T14:43:56Z</time><extensions><speed>1.198654</speed><course>306.693538</course><hAcc>1.406327</hAcc><vAcc>0.835537</vAcc></extensions></trkpt>
      <trkpt lon="-82.148571" lat="33.560553"><ele>85.641477</ele><time>2025-09-14T14:43:57Z</time><extensions><speed>1.210984</speed><course>307.474422</course><hAcc>1.400419</hAcc><vAcc>0.834377</vAcc></extensions></trkpt>
      <trkpt lon="-82.148581" lat="33.560560"><ele>85.607737</ele><time>2025-09-14T14:43:58Z</time><extensions><speed>1.210180</speed><course>309.637430</course><hAcc>1.395702</hAcc><vAcc>0.832690</vAcc></extensions></trkpt>
      <trkpt lon="-82.148591" lat="33.560567"><ele>85.570364</ele><time>2025-09-14T14:43:59Z</time><extensions><speed>1.230622</speed><course>311.850950</course><hAcc>1.396883</hAcc><vAcc>0.830828</vAcc></extensions></trkpt>
      <trkpt lon="-82.148601" lat="33.560575"><ele>85.542586</ele><time>2025-09-14T14:44:00Z</time><extensions><speed>1.260713</speed><course>311.368123</course><hAcc>1.395016</hAcc><vAcc>0.828844</vAcc></extensions></trkpt>
      <trkpt lon="-82.148611" lat="33.560582"><ele>85.527833</ele><time>2025-09-14T14:44:01Z</time><extensions><speed>1.212348</speed><course>311.486530</course><hAcc>1.399757</hAcc><vAcc>0.826862</vAcc></extensions></trkpt>
      <trkpt lon="-82.148621" lat="33.560590"><ele>85.517784</ele><time>2025-09-14T14:44:02Z</time><extensions><speed>1.299720</speed><course>310.629205</course><hAcc>1.412778</hAcc><vAcc>0.824617</vAcc></extensions></trkpt>
      <trkpt lon="-82.148632" lat="33.560598"><ele>85.520759</ele><time>2025-09-14T14:44:03Z</time><extensions><speed>1.390049</speed><course>312.408595</course><hAcc>1.414484</hAcc><vAcc>0.822932</vAcc></extensions></trkpt>
      <trkpt lon="-82.148643" lat="33.560606"><ele>85.521389</ele><time>2025-09-14T14:44:04Z</time><extensions><speed>1.355930</speed><course>316.556818</course><hAcc>1.411548</hAcc><vAcc>0.821233</vAcc></extensions></trkpt>
      <trkpt lon="-82.148652" lat="33.560615"><ele>85.521313</ele><time>2025-09-14T14:44:05Z</time><extensions><speed>1.249026</speed><course>322.168811</course><hAcc>1.405589</hAcc><vAcc>0.819311</vAcc></extensions></trkpt>
      <trkpt lon="-82.148660" lat="33.560624"><ele>85.519432</ele><time>2025-09-14T14:44:06Z</time><extensions><speed>1.127316</speed><course>324.866098</course><hAcc>1.394000</hAcc><vAcc>0.817198</vAcc></extensions></trkpt>
      <trkpt lon="-82.148667" lat="33.560632"><ele>85.523529</ele><time>2025-09-14T14:44:07Z</time><extensions><speed>1.068660</speed><course>322.812828</course><hAcc>1.388507</hAcc><vAcc>0.815041</vAcc></extensions></trkpt>
      <trkpt lon="-82.148674" lat="33.560639"><ele>85.524479</ele><time>2025-09-14T14:44:08Z</time><extensions><speed>1.112977</speed><course>315.721967</course><hAcc>1.378798</hAcc><vAcc>0.812695</vAcc></extensions></trkpt>
      <trkpt lon="-82.148684" lat="33.560647"><ele>85.531002</ele><time>2025-09-14T14:44:09Z</time><extensions><speed>1.228069</speed><course>311.717600</course><hAcc>1.380685</hAcc><vAcc>0.810106</vAcc></extensions></trkpt>
      <trkpt lon="-82.148694" lat="33.560655"><ele>85.521283</ele><time>2025-09-14T14:44:10Z</time><extensions><speed>1.391655</speed><course>310.560672</course><hAcc>1.377398</hAcc><vAcc>0.807142</vAcc></extensions></trkpt>
      <trkpt lon="-82.148706" lat="33.560663"><ele>85.510158</ele><time>2025-09-14T14:44:11Z</time><extensions><speed>1.461388</speed><course>312.515934</course><hAcc>1.373744</hAcc><vAcc>0.804036</vAcc></extensions></trkpt>
      <trkpt lon="-82.148717" lat="33.560672"><ele>85.508429</ele><time>2025-09-14T14:44:12Z</time><extensions><speed>1.386619</speed><course>316.038440</course><hAcc>1.372742</hAcc><vAcc>0.800605</vAcc></extensions></trkpt>
      <trkpt lon="-82.148726" lat="33.560681"><ele>85.507158</ele><time>2025-09-14T14:44:13Z</time><extensions><speed>1.261095</speed><course>320.341564</course><hAcc>1.374163</hAcc><vAcc>0.797336</vAcc></extensions></trkpt>
      <trkpt lon="-82.148735" lat="33.560690"><ele>85.497361</ele><time>2025-09-14T14:44:14Z</time><extensions><speed>1.261429</speed><course>321.074359</course><hAcc>1.378256</hAcc><vAcc>0.794052</vAcc></extensions></trkpt>
      <trkpt lon="-82.148744" lat="33.560699"><ele>85.498481</ele><time>2025-09-14T14:44:15Z</time><extensions><speed>1.294655</speed><course>319.689359</course><hAcc>1.376685</hAcc><vAcc>0.791171</vAcc></extensions></trkpt>
      <trkpt lon="-82.148753" lat="33.560708"><ele>85.485578</ele><time>2025-09-14T14:44:16Z</time><extensions><speed>1.390388</speed><course>320.800147</course><hAcc>1.374128</hAcc><vAcc>0.789102</vAcc></extensions></trkpt>
      <trkpt lon="-82.148763" lat="33.560718"><ele>85.460181</ele><time>2025-09-14T14:44:17Z</time><extensions><speed>1.511320</speed><course>321.821917</course><hAcc>1.375394</hAcc><vAcc>0.787966</vAcc></extensions></trkpt>
      <trkpt lon="-82.148773" lat="33.560729"><ele>85.431779</ele><time>2025-09-14T14:44:18Z</time><extensions><speed>1.519586</speed><course>321.992294</course><hAcc>1.369691</hAcc><vAcc>0.788150</vAcc></extensions></trkpt>
      <trkpt lon="-82.148783" lat="33.560739"><ele>85.408990</ele><time>2025-09-14T14:44:19Z</time><extensions><speed>1.404674</speed><course>321.882076</course><hAcc>1.361624</hAcc><vAcc>0.789799</vAcc></extensions></trkpt>
      <trkpt lon="-82.148792" lat="33.560749"><ele>85.373064</ele><time>2025-09-14T14:44:20Z</time><extensions><speed>1.363000</speed><course>321.113988</course><hAcc>1.347992</hAcc><vAcc>0.792825</vAcc></extensions></trkpt>
      <trkpt lon="-82.148801" lat="33.560759"><ele>85.333024</ele><time>2025-09-14T14:44:21Z</time><extensions><speed>1.389941</speed><course>320.493296</course><hAcc>1.347421</hAcc><vAcc>0.796529</vAcc></extensions></trkpt>
      <trkpt lon="-82.148811" lat="33.560768"><ele>85.280019</ele><time>2025-09-14T14:44:22Z</time><extensions><speed>1.387782</speed><course>319.337625</course><hAcc>1.355274</hAcc><vAcc>0.801482</vAcc></extensions></trkpt>
      <trkpt lon="-82.148821" lat="33.560778"><ele>85.215041</ele><time>2025-09-14T14:44:23Z</time><extensions><speed>1.412606</speed><course>320.486439</course><hAcc>1.359325</hAcc><vAcc>0.806386</vAcc></extensions></trkpt>
      <trkpt lon="-82.148830" lat="33.560788"><ele>85.153264</ele><time>2025-09-14T14:44:24Z</time><extensions><speed>1.368674</speed><course>323.696819</course><hAcc>1.360028</hAcc><vAcc>0.811356</vAcc></extensions></trkpt>
      <trkpt lon="-82.148838" lat="33.560798"><ele>85.085694</ele><time>2025-09-14T14:44:25Z</time><extensions><speed>1.297665</speed><course>325.030977</course><hAcc>1.356051</hAcc><vAcc>0.816051</vAcc></extensions></trkpt>
      <trkpt lon="-82.148846" lat="33.560807"><ele>85.010605</ele><time>2025-09-14T14:44:26Z</time><extensions><speed>1.157245</speed><course>325.504091</course><hAcc>1.352964</hAcc><vAcc>0.820612</vAcc></extensions></trkpt>
      <trkpt lon="-82.148852" lat="33.560815"><ele>84.916596</ele><time>2025-09-14T14:44:27Z</time><extensions><speed>1.115227</speed><course>326.749886</course><hAcc>1.336418</hAcc><vAcc>0.824145</vAcc></extensions></trkpt>
      <trkpt lon="-82.148859" lat="33.560824"><ele>84.818282</ele><time>2025-09-14T14:44:28Z</time><extensions><speed>1.119769</speed><course>329.138409</course><hAcc>1.325031</hAcc><vAcc>0.826446</vAcc></extensions></trkpt>
      <trkpt lon="-82.148865" lat="33.560833"><ele>84.731218</ele><time>2025-09-14T14:44:29Z</time><extensions><speed>1.188226</speed><course>332.576748</course><hAcc>1.313502</hAcc><vAcc>0.828680</vAcc></extensions></trkpt>
      <trkpt lon="-82.148870" lat="33.560843"><ele>84.645397</ele><time>2025-09-14T14:44:30Z</time><extensions><speed>1.263955</speed><course>338.051027</course><hAcc>1.284395</hAcc><vAcc>0.829421</vAcc></extensions></trkpt>
      <trkpt lon="-82.148875" lat="33.560854"><ele>84.534115</ele><time>2025-09-14T14:44:31Z</time><extensions><speed>1.335164</speed><course>341.016318</course><hAcc>1.280382</hAcc><vAcc>0.830410</vAcc></extensions></trkpt>
      <trkpt lon="-82.148879" lat="33.560865"><ele>84.426645</ele><time>2025-09-14T14:44:32Z</time><extensions><speed>1.261208</speed><course>344.221423</course><hAcc>1.295134</hAcc><vAcc>0.830501</vAcc></extensions></trkpt>
      <trkpt lon="-82.148883" lat="33.560876"><ele>84.325108</ele><time>2025-09-14T14:44:33Z</time><extensions><speed>1.182693</speed><course>346.777947</course><hAcc>1.261524</hAcc><vAcc>0.829110</vAcc></extensions></trkpt>
      <trkpt lon="-82.148885" lat="33.560886"><ele>84.224356</ele><time>2025-09-14T14:44:34Z</time><extensions><speed>1.141114</speed><course>347.200373</course><hAcc>1.261312</hAcc><vAcc>0.827200</vAcc></extensions></trkpt>
      <trkpt lon="-82.148888" lat="33.560896"><ele>84.128679</ele><time>2025-09-14T14:44:35Z</time><extensions><speed>1.161489</speed><course>348.088549</course><hAcc>1.265572</hAcc><vAcc>0.825609</vAcc></extensions></trkpt>
      <trkpt lon="-82.148890" lat="33.560907"><ele>84.034316</ele><time>2025-09-14T14:44:36Z</time><extensions><speed>1.169924</speed><course>350.752075</course><hAcc>1.270279</hAcc><vAcc>0.823771</vAcc></extensions></trkpt>
      <trkpt lon="-82.148892" lat="33.560917"><ele>83.925752</ele><time>2025-09-14T14:44:37Z</time><extensions><speed>1.219745</speed><course>354.872762</course><hAcc>1.271620</hAcc><vAcc>0.822197</vAcc></extensions></trkpt>
      <trkpt lon="-82.148893" lat="33.560929"><ele>83.846437</ele><time>2025-09-14T14:44:38Z</time><extensions><speed>1.368739</speed><course>356.287211</course><hAcc>1.262017</hAcc><vAcc>0.820607</vAcc></extensions></trkpt>
      <trkpt lon="-82.148894" lat="33.560942"><ele>83.774313</ele><time>2025-09-14T14:44:39Z</time><extensions><speed>1.492102</speed><course>355.369681</course><hAcc>1.256929</hAcc><vAcc>0.819550</vAcc></extensions></trkpt>
      <trkpt lon="-82.148895" lat="33.560955"><ele>83.693793</ele><time>2025-09-14T14:44:40Z</time><extensions><speed>1.501096</speed><course>356.300276</course><hAcc>1.262316</hAcc><vAcc>0.819191</vAcc></extensions></trkpt>
      <trkpt lon="-82.148896" lat="33.560968"><ele>83.618110</ele><time>2025-09-14T14:44:41Z</time><extensions><speed>1.343485</speed><course>359.697466</course><hAcc>1.295435</hAcc><vAcc>0.818765</vAcc></extensions></trkpt>
      <trkpt lon="-82.148895" lat="33.560981"><ele>83.560721</ele><time>2025-09-14T14:44:42Z</time><extensions><speed>1.439472</speed><course>3.411913</course><hAcc>1.261731</hAcc><vAcc>0.818458</vAcc></extensions></trkpt>
      <trkpt lon="-82.148894" lat="33.560994"><ele>83.502046</ele><time>2025-09-14T14:44:43Z</time><extensions><speed>1.466995</speed><course>5.560073</course><hAcc>1.256553</hAcc><vAcc>0.818225</vAcc></extensions></trkpt>
      <trkpt lon="-82.148892" lat="33.561007"><ele>83.459762</ele><time>2025-09-14T14:44:44Z</time><extensions><speed>1.448674</speed><course>7.047159</course><hAcc>1.271977</hAcc><vAcc>0.818305</vAcc></extensions></trkpt>
      <trkpt lon="-82.148890" lat="33.561020"><ele>83.424843</ele><time>2025-09-14T14:44:45Z</time><extensions><speed>1.505725</speed><course>7.975980</course><hAcc>1.289340</hAcc><vAcc>0.818651</vAcc></extensions></trkpt>
      <trkpt lon="-82.148888" lat="33.561033"><ele>83.393548</ele><time>2025-09-14T14:44:46Z</time><extensions><speed>1.474247</speed><course>7.875761</course><hAcc>1.299710</hAcc><vAcc>0.819957</vAcc></extensions></trkpt>
      <trkpt lon="-82.148886" lat="33.561047"><ele>83.364661</ele><time>2025-09-14T14:44:47Z</time><extensions><speed>1.470900</speed><course>7.451676</course><hAcc>1.297506</hAcc><vAcc>0.821114</vAcc></extensions></trkpt>
      <trkpt lon="-82.148884" lat="33.561060"><ele>83.336216</ele><time>2025-09-14T14:44:48Z</time><extensions><speed>1.434594</speed><course>4.905941</course><hAcc>1.297235</hAcc><vAcc>0.821871</vAcc></extensions></trkpt>
      <trkpt lon="-82.148883" lat="33.561073"><ele>83.308966</ele><time>2025-09-14T14:44:49Z</time><extensions><speed>1.487875</speed><course>3.590948</course><hAcc>1.308115</hAcc><vAcc>0.822208</vAcc></extensions></trkpt>
      <trkpt lon="-82.148882" lat="33.561085"><ele>83.281899</ele><time>2025-09-14T14:44:50Z</time><extensions><speed>1.300578</speed><course>7.850990</course><hAcc>1.328695</hAcc><vAcc>0.823002</vAcc></extensions></trkpt>
      <trkpt lon="-82.148879" lat="33.561096"><ele>83.239590</ele><time>2025-09-14T14:44:51Z</time><extensions><speed>1.216121</speed><course>17.413625</course><hAcc>1.303717</hAcc><vAcc>0.823841</vAcc></extensions></trkpt>
      <trkpt lon="-82.148874" lat="33.561106"><ele>83.229721</ele><time>2025-09-14T14:44:52Z</time><extensions><speed>1.123576</speed><course>20.971784</course><hAcc>1.280904</hAcc><vAcc>0.824706</vAcc></extensions></trkpt>
      <trkpt lon="-82.148870" lat="33.561116"><ele>83.208635</ele><time>2025-09-14T14:44:53Z</time><extensions><speed>1.143368</speed><course>17.723570</course><hAcc>1.287452</hAcc><vAcc>0.825196</vAcc></extensions></trkpt>
      <trkpt lon="-82.148867" lat="33.561126"><ele>83.183411</ele><time>2025-09-14T14:44:54Z</time><extensions><speed>1.225032</speed><course>14.235884</course><hAcc>1.296907</hAcc><vAcc>0.826299</vAcc></extensions></trkpt>
      <trkpt lon="-82.148864" lat="33.561137"><ele>83.149147</ele><time>2025-09-14T14:44:55Z</time><extensions><speed>1.244284</speed><course>12.167541</course><hAcc>1.293996</hAcc><vAcc>0.827321</vAcc></extensions></trkpt>
      <trkpt lon="-82.148862" lat="33.561148"><ele>83.111371</ele><time>2025-09-14T14:44:55Z</time><extensions><speed>1.230368</speed><course>6.791993</course><hAcc>1.287495</hAcc><vAcc>0.828331</vAcc></extensions></trkpt>
      <trkpt lon="-82.148861" lat="33.561159"><ele>83.066665</ele><time>2025-09-14T14:44:56Z</time><extensions><speed>1.210590</speed><course>358.650688</course><hAcc>1.283108</hAcc><vAcc>0.828691</vAcc></extensions></trkpt>
      <trkpt lon="-82.148861" lat="33.561170"><ele>83.040368</ele><time>2025-09-14T14:44:57Z</time><extensions><speed>1.216254</speed><course>359.620287</course><hAcc>1.284174</hAcc><vAcc>0.828986</vAcc></extensions></trkpt>
      <trkpt lon="-82.148861" lat="33.561181"><ele>83.029667</ele><time>2025-09-14T14:44:58Z</time><extensions><speed>1.162309</speed><course>2.508907</course><hAcc>1.295278</hAcc><vAcc>0.828838</vAcc></extensions></trkpt>
      <trkpt lon="-82.148860" lat="33.561191"><ele>82.990616</ele><time>2025-09-14T14:44:59Z</time><extensions><speed>1.088172</speed><course>7.681346</course><hAcc>1.309783</hAcc><vAcc>0.828631</vAcc></extensions></trkpt>
      <trkpt lon="-82.148858" lat="33.561200"><ele>82.942580</ele><time>2025-09-14T14:45:00Z</time><extensions><speed>1.020388</speed><course>12.148469</course><hAcc>1.307464</hAcc><vAcc>0.828155</vAcc></extensions></trkpt>
      <trkpt lon="-82.148856" lat="33.561209"><ele>82.886626</ele><time>2025-09-14T14:45:01Z</time><extensions><speed>1.078551</speed><course>10.542578</course><hAcc>1.312852</hAcc><vAcc>0.827545</vAcc></extensions></trkpt>
      <trkpt lon="-82.148854" lat="33.561219"><ele>82.829508</ele><time>2025-09-14T14:45:02Z</time><extensions><speed>1.201026</speed><course>8.019185</course><hAcc>1.314560</hAcc><vAcc>0.826218</vAcc></extensions></trkpt>
      <trkpt lon="-82.148852" lat="33.561231"><ele>82.764265</ele><time>2025-09-14T14:45:03Z</time><extensions><speed>1.321505</speed><course>6.289071</course><hAcc>1.325239</hAcc><vAcc>0.824172</vAcc></extensions></trkpt>
      <trkpt lon="-82.148850" lat="33.561243"><ele>82.704779</ele><time>2025-09-14T14:45:04Z</time><extensions><speed>1.391670</speed><course>6.939210</course><hAcc>1.328830</hAcc><vAcc>0.821567</vAcc></extensions></trkpt>
      <trkpt lon="-82.148849" lat="33.561255"><ele>82.648786</ele><time>2025-09-14T14:45:05Z</time><extensions><speed>1.364890</speed><course>7.993361</course><hAcc>1.329860</hAcc><vAcc>0.818353</vAcc></extensions></trkpt>
      <trkpt lon="-82.148846" lat="33.561267"><ele>82.581692</ele><time>2025-09-14T14:45:06Z</time><extensions><speed>1.308782</speed><course>8.916084</course><hAcc>1.333344</hAcc><vAcc>0.814381</vAcc></extensions></trkpt>
      <trkpt lon="-82.148844" lat="33.561279"><ele>82.500794</ele><time>2025-09-14T14:45:07Z</time><extensions><speed>1.354160</speed><course>8.447555</course><hAcc>1.335083</hAcc><vAcc>0.810296</vAcc></extensions></trkpt>
      <trkpt lon="-82.148842" lat="33.561291"><ele>82.431444</ele><time>2025-09-14T14:45:08Z</time><extensions><speed>1.282953</speed><course>9.735526</course><hAcc>1.341323</hAcc><vAcc>0.806517</vAcc></extensions></trkpt>
      <trkpt lon="-82.148840" lat="33.561302"><ele>82.355389</ele><time>2025-09-14T14:45:09Z</time><extensions><speed>1.180912</speed><course>9.418643</course><hAcc>1.350386</hAcc><vAcc>0.803040</vAcc></extensions></trkpt>
      <trkpt lon="-82.148838" lat="33.561312"><ele>82.264929</ele><time>2025-09-14T14:45:10Z</time><extensions><speed>1.116905</speed><course>7.556333</course><hAcc>1.349459</hAcc><vAcc>0.800293</vAcc></extensions></trkpt>
      <trkpt lon="-82.148837" lat="33.561322"><ele>82.169293</ele><time>2025-09-14T14:45:11Z</time><extensions><speed>1.089293</speed><course>5.987344</course><hAcc>1.340802</hAcc><vAcc>0.798147</vAcc></extensions></trkpt>
      <trkpt lon="-82.148835" lat="33.561332"><ele>82.076816</ele><time>2025-09-14T14:45:12Z</time><extensions><speed>1.134792</speed><course>4.998869</course><hAcc>1.343580</hAcc><vAcc>0.796342</vAcc></extensions></trkpt>
      <trkpt lon="-82.148835" lat="33.561342"><ele>81.972343</ele><time>2025-09-14T14:45:13Z</time><extensions><speed>1.212400</speed><course>2.767487</course><hAcc>1.340656</hAcc><vAcc>0.794700</vAcc></extensions></trkpt>
      <trkpt lon="-82.148834" lat="33.561354"><ele>81.870869</ele><time>2025-09-14T14:45:14Z</time><extensions><speed>1.268201</speed><course>0.987879</course><hAcc>1.334014</hAcc><vAcc>0.793713</vAcc></extensions></trkpt>
      <trkpt lon="-82.148834" lat="33.561365"><ele>81.759664</ele><time>2025-09-14T14:45:15Z</time><extensions><speed>1.315793</speed><course>0.264686</course><hAcc>1.328070</hAcc><vAcc>0.792724</vAcc></extensions></trkpt>
      <trkpt lon="-82.148834" lat="33.561377"><ele>81.638564</ele><time>2025-09-14T14:45:16Z</time><extensions><speed>1.264350</speed><course>358.904184</course><hAcc>1.320140</hAcc><vAcc>0.792659</vAcc></extensions></trkpt>
      <trkpt lon="-82.148835" lat="33.561388"><ele>81.504005</ele><time>2025-09-14T14:45:17Z</time><extensions><speed>1.229215</speed><course>357.401991</course><hAcc>1.312343</hAcc><vAcc>0.793795</vAcc></extensions></trkpt>
      <trkpt lon="-82.148835" lat="33.561399"><ele>81.363985</ele><time>2025-09-14T14:45:18Z</time><extensions><speed>1.160209</speed><course>356.654393</course><hAcc>1.305161</hAcc><vAcc>0.796043</vAcc></extensions></trkpt>
      <trkpt lon="-82.148836" lat="33.561410"><ele>81.226480</ele><time>2025-09-14T14:45:19Z</time><extensions><speed>1.249501</speed><course>356.588749</course><hAcc>1.316801</hAcc><vAcc>0.798985</vAcc></extensions></trkpt>
      <trkpt lon="-82.148837" lat="33.561421"><ele>81.094717</ele><time>2025-09-14T14:45:20Z</time><extensions><speed>1.322568</speed><course>356.488790</course><hAcc>1.304703</hAcc><vAcc>0.802383</vAcc></extensions></trkpt>
      <trkpt lon="-82.148837" lat="33.561433"><ele>80.939190</ele><time>2025-09-14T14:45:21Z</time><extensions><speed>1.373573</speed><course>358.521838</course><hAcc>1.297933</hAcc><vAcc>0.806190</vAcc></extensions></trkpt>
      <trkpt lon="-82.148838" lat="33.561446"><ele>80.784191</ele><time>2025-09-14T14:45:22Z</time><extensions><speed>1.366162</speed><course>0.529696</course><hAcc>1.293844</hAcc><vAcc>0.809917</vAcc></extensions></trkpt>
      <trkpt lon="-82.148838" lat="33.561458"><ele>80.625390</ele><time>2025-09-14T14:45:23Z</time><extensions><speed>1.354578</speed><course>359.703739</course><hAcc>1.286917</hAcc><vAcc>0.813632</vAcc></extensions></trkpt>
      <trkpt lon="-82.148838" lat="33.561470"><ele>80.452174</ele><time>2025-09-14T14:45:24Z</time><extensions><speed>1.273166</speed><course>357.549494</course><hAcc>1.286855</hAcc><vAcc>0.816353</vAcc></extensions></trkpt>
      <trkpt lon="-82.148839" lat="33.561481"><ele>80.282175</ele><time>2025-09-14T14:45:25Z</time><extensions><speed>1.167585</speed><course>354.737893</course><hAcc>1.285336</hAcc><vAcc>0.819084</vAcc></extensions></trkpt>
      <trkpt lon="-82.148840" lat="33.561491"><ele>80.099665</ele><time>2025-09-14T14:45:26Z</time><extensions><speed>1.040916</speed><course>348.709866</course><hAcc>1.287455</hAcc><vAcc>0.821413</vAcc></extensions></trkpt>
      <trkpt lon="-82.148843" lat="33.561500"><ele>79.914096</ele><time>2025-09-14T14:45:27Z</time><extensions><speed>0.971673</speed><course>342.217205</course><hAcc>1.291978</hAcc><vAcc>0.822879</vAcc></extensions></trkpt>
      <trkpt lon="-82.148847" lat="33.561508"><ele>79.726651</ele><time>2025-09-14T14:45:28Z</time><extensions><speed>0.977607</speed><course>336.739713</course><hAcc>1.304153</hAcc><vAcc>0.822943</vAcc></extensions></trkpt>
      <trkpt lon="-82.148851" lat="33.561516"><ele>79.538853</ele><time>2025-09-14T14:45:29Z</time><extensions><speed>1.024913</speed><course>333.270989</course><hAcc>1.314296</hAcc><vAcc>0.821998</vAcc></extensions></trkpt>
      <trkpt lon="-82.148857" lat="33.561525"><ele>79.343531</ele><time>2025-09-14T14:45:30Z</time><extensions><speed>1.118514</speed><course>333.692104</course><hAcc>1.307469</hAcc><vAcc>0.819998</vAcc></extensions></trkpt>
      <trkpt lon="-82.148862" lat="33.561534"><ele>79.133794</ele><time>2025-09-14T14:45:31Z</time><extensions><speed>1.136403</speed><course>334.095833</course><hAcc>1.280102</hAcc><vAcc>0.816979</vAcc></extensions></trkpt>
      <trkpt lon="-82.148867" lat="33.561543"><ele>78.918945</ele><time>2025-09-14T14:45:32Z</time><extensions><speed>1.212381</speed><course>336.058601</course><hAcc>1.272379</hAcc><vAcc>0.813039</vAcc></extensions></trkpt>
      <trkpt lon="-82.148873" lat="33.561554"><ele>78.701111</ele><time>2025-09-14T14:45:33Z</time><extensions><speed>1.249077</speed><course>335.971023</course><hAcc>1.269420</hAcc><vAcc>0.808333</vAcc></extensions></trkpt>
      <trkpt lon="-82.148878" lat="33.561564"><ele>78.483621</ele><time>2025-09-14T14:45:34Z</time><extensions><speed>1.287838</speed><course>334.226743</course><hAcc>1.254371</hAcc><vAcc>0.803066</vAcc></extensions></trkpt>
      <trkpt lon="-82.148884" lat="33.561574"><ele>78.268299</ele><time>2025-09-14T14:45:35Z</time><extensions><speed>1.217881</speed><course>333.571091</course><hAcc>1.244774</hAcc><vAcc>0.797459</vAcc></extensions></trkpt>
      <trkpt lon="-82.148890" lat="33.561583"><ele>78.052394</ele><time>2025-09-14T14:45:36Z</time><extensions><speed>1.121243</speed><course>332.323540</course><hAcc>1.229184</hAcc><vAcc>0.791719</vAcc></extensions></trkpt>
      <trkpt lon="-82.148896" lat="33.561592"><ele>77.844405</ele><time>2025-09-14T14:45:37Z</time><extensions><speed>1.084069</speed><course>332.321699</course><hAcc>1.218726</hAcc><vAcc>0.786053</vAcc></extensions></trkpt>
      <trkpt lon="-82.148901" lat="33.561601"><ele>77.652641</ele><time>2025-09-14T14:45:38Z</time><extensions><speed>1.157295</speed><course>334.895898</course><hAcc>1.216470</hAcc><vAcc>0.780674</vAcc></extensions></trkpt>
      <trkpt lon="-82.148906" lat="33.561611"><ele>77.468425</ele><time>2025-09-14T14:45:39Z</time><extensions><speed>1.247964</speed><course>337.528862</course><hAcc>1.213130</hAcc><vAcc>0.776122</vAcc></extensions></trkpt>
      <trkpt lon="-82.148911" lat="33.561622"><ele>77.306529</ele><time>2025-09-14T14:45:40Z</time><extensions><speed>1.270588</speed><course>337.863368</course><hAcc>1.207110</hAcc><vAcc>0.772235</vAcc></extensions></trkpt>
      <trkpt lon="-82.148916" lat="33.561632"><ele>77.176923</ele><time>2025-09-14T14:45:41Z</time><extensions><speed>1.232252</speed><course>338.245957</course><hAcc>1.197751</hAcc><vAcc>0.769267</vAcc></extensions></trkpt>
      <trkpt lon="-82.148922" lat="33.561642"><ele>77.048218</ele><time>2025-09-14T14:45:42Z</time><extensions><speed>1.216092</speed><course>334.844051</course><hAcc>1.189333</hAcc><vAcc>0.767228</vAcc></extensions></trkpt>
      <trkpt lon="-82.148928" lat="33.561652"><ele>76.932748</ele><time>2025-09-14T14:45:43Z</time><extensions><speed>1.262413</speed><course>332.674416</course><hAcc>1.190372</hAcc><vAcc>0.766687</vAcc></extensions></trkpt>
      <trkpt lon="-82.148934" lat="33.561663"><ele>76.853164</ele><time>2025-09-14T14:45:44Z</time><extensions><speed>1.260594</speed><course>332.027489</course><hAcc>1.192030</hAcc><vAcc>0.767145</vAcc></extensions></trkpt>
      <trkpt lon="-82.148940" lat="33.561673"><ele>76.808672</ele><time>2025-09-14T14:45:45Z</time><extensions><speed>1.303427</speed><course>332.468518</course><hAcc>1.196039</hAcc><vAcc>0.768808</vAcc></extensions></trkpt>
      <trkpt lon="-82.148947" lat="33.561684"><ele>76.809132</ele><time>2025-09-14T14:45:46Z</time><extensions><speed>1.403671</speed><course>331.996264</course><hAcc>1.195088</hAcc><vAcc>0.770965</vAcc></extensions></trkpt>
      <trkpt lon="-82.148954" lat="33.561695"><ele>76.840203</ele><time>2025-09-14T14:45:47Z</time><extensions><speed>1.497853</speed><course>331.966343</course><hAcc>1.189797</hAcc><vAcc>0.773281</vAcc></extensions></trkpt>
      <trkpt lon="-82.148962" lat="33.561707"><ele>76.898223</ele><time>2025-09-14T14:45:48Z</time><extensions><speed>1.559033</speed><course>330.875242</course><hAcc>1.190707</hAcc><vAcc>0.775798</vAcc></extensions></trkpt>
      <trkpt lon="-82.148970" lat="33.561719"><ele>76.980573</ele><time>2025-09-14T14:45:49Z</time><extensions><speed>1.405274</speed><course>330.315376</course><hAcc>1.220034</hAcc><vAcc>0.778449</vAcc></extensions></trkpt>
      <trkpt lon="-82.148978" lat="33.561729"><ele>77.091357</ele><time>2025-09-14T14:45:50Z</time><extensions><speed>1.297785</speed><course>328.650025</course><hAcc>1.193328</hAcc><vAcc>0.780984</vAcc></extensions></trkpt>
      <trkpt lon="-82.148985" lat="33.561739"><ele>77.218850</ele><time>2025-09-14T14:45:51Z</time><extensions><speed>1.191364</speed><course>327.848159</course><hAcc>1.183154</hAcc><vAcc>0.783153</vAcc></extensions></trkpt>
      <trkpt lon="-82.148992" lat="33.561748"><ele>77.366083</ele><time>2025-09-14T14:45:52Z</time><extensions><speed>1.237111</speed><course>325.677932</course><hAcc>1.193554</hAcc><vAcc>0.784711</vAcc></extensions></trkpt>
      <trkpt lon="-82.149000" lat="33.561758"><ele>77.524293</ele><time>2025-09-14T14:45:53Z</time><extensions><speed>1.341815</speed><course>324.677959</course><hAcc>1.201117</hAcc><vAcc>0.785680</vAcc></extensions></trkpt>
      <trkpt lon="-82.149008" lat="33.561767"><ele>77.699193</ele><time>2025-09-14T14:45:54Z</time><extensions><speed>1.333682</speed><course>323.840641</course><hAcc>1.200016</hAcc><vAcc>0.785587</vAcc></extensions></trkpt>
      <trkpt lon="-82.149017" lat="33.561777"><ele>77.890851</ele><time>2025-09-14T14:45:55Z</time><extensions><speed>1.338032</speed><course>322.217730</course><hAcc>1.195229</hAcc><vAcc>0.784458</vAcc></extensions></trkpt>
      <trkpt lon="-82.149026" lat="33.561786"><ele>78.086298</ele><time>2025-09-14T14:45:56Z</time><extensions><speed>1.287057</speed><course>318.813604</course><hAcc>1.187304</hAcc><vAcc>0.782407</vAcc></extensions></trkpt>
      <trkpt lon="-82.149035" lat="33.561794"><ele>78.279851</ele><time>2025-09-14T14:45:57Z</time><extensions><speed>1.257251</speed><course>312.660617</course><hAcc>1.182373</hAcc><vAcc>0.779740</vAcc></extensions></trkpt>
      <trkpt lon="-82.149046" lat="33.561802"><ele>78.472298</ele><time>2025-09-14T14:45:58Z</time><extensions><speed>1.330559</speed><course>308.956716</course><hAcc>1.183885</hAcc><vAcc>0.777067</vAcc></extensions></trkpt>
      <trkpt lon="-82.149057" lat="33.561809"><ele>78.662456</ele><time>2025-09-14T14:45:59Z</time><extensions><speed>1.363108</speed><course>307.247533</course><hAcc>1.191007</hAcc><vAcc>0.774252</vAcc></extensions></trkpt>
      <trkpt lon="-82.149068" lat="33.561816"><ele>78.854306</ele><time>2025-09-14T14:46:00Z</time><extensions><speed>1.198794</speed><course>306.266530</course><hAcc>1.194751</hAcc><vAcc>0.771644</vAcc></extensions></trkpt>
      <trkpt lon="-82.149078" lat="33.561822"><ele>79.028270</ele><time>2025-09-14T14:46:01Z</time><extensions><speed>1.086421</speed><course>305.855189</course><hAcc>1.197328</hAcc><vAcc>0.769366</vAcc></extensions></trkpt>
      <trkpt lon="-82.149088" lat="33.561828"><ele>79.183015</ele><time>2025-09-14T14:46:02Z</time><extensions><speed>1.142538</speed><course>306.292197</course><hAcc>1.200758</hAcc><vAcc>0.767452</vAcc></extensions></trkpt>
      <trkpt lon="-82.149098" lat="33.561835"><ele>79.331451</ele><time>2025-09-14T14:46:03Z</time><extensions><speed>1.285653</speed><course>308.968325</course><hAcc>1.202388</hAcc><vAcc>0.765872</vAcc></extensions></trkpt>
      <trkpt lon="-82.149109" lat="33.561843"><ele>79.457453</ele><time>2025-09-14T14:46:04Z</time><extensions><speed>1.321827</speed><course>311.956330</course><hAcc>1.200101</hAcc><vAcc>0.764568</vAcc></extensions></trkpt>
      <trkpt lon="-82.149119" lat="33.561851"><ele>79.558981</ele><time>2025-09-14T14:46:05Z</time><extensions><speed>1.314680</speed><course>314.514325</course><hAcc>1.200181</hAcc><vAcc>0.763485</vAcc></extensions></trkpt>
      <trkpt lon="-82.149129" lat="33.561859"><ele>79.652225</ele><time>2025-09-14T14:46:07Z</time><extensions><speed>1.247396</speed><course>315.647915</course><hAcc>1.207474</hAcc><vAcc>0.762577</vAcc></extensions></trkpt>
      <trkpt lon="-82.149138" lat="33.561867"><ele>79.732145</ele><time>2025-09-14T14:46:08Z</time><extensions><speed>1.213352</speed><course>319.629539</course><hAcc>1.212879</hAcc><vAcc>0.761796</vAcc></extensions></trkpt>
      <trkpt lon="-82.149146" lat="33.561876"><ele>79.779382</ele><time>2025-09-14T14:46:09Z</time><extensions><speed>1.216390</speed><course>325.555478</course><hAcc>1.216081</hAcc><vAcc>0.761095</vAcc></extensions></trkpt>
      <trkpt lon="-82.149153" lat="33.561885"><ele>79.812366</ele><time>2025-09-14T14:46:10Z</time><extensions><speed>1.163171</speed><course>331.576210</course><hAcc>1.212323</hAcc><vAcc>0.760652</vAcc></extensions></trkpt>
      <trkpt lon="-82.149159" lat="33.561894"><ele>79.845470</ele><time>2025-09-14T14:46:11Z</time><extensions><speed>1.148053</speed><course>332.099927</course><hAcc>1.203725</hAcc><vAcc>0.760365</vAcc></extensions></trkpt>
      <trkpt lon="-82.149164" lat="33.561903"><ele>79.874561</ele><time>2025-09-14T14:46:12Z</time><extensions><speed>1.079834</speed><course>330.113621</course><hAcc>1.205646</hAcc><vAcc>0.760414</vAcc></extensions></trkpt>
      <trkpt lon="-82.149171" lat="33.561911"><ele>79.892840</ele><time>2025-09-14T14:46:13Z</time><extensions><speed>1.043402</speed><course>324.866829</course><hAcc>1.204704</hAcc><vAcc>0.760511</vAcc></extensions></trkpt>
      <trkpt lon="-82.149177" lat="33.561919"><ele>79.897258</ele><time>2025-09-14T14:46:14Z</time><extensions><speed>1.057821</speed><course>321.271412</course><hAcc>1.206437</hAcc><vAcc>0.760856</vAcc></extensions></trkpt>
      <trkpt lon="-82.149185" lat="33.561926"><ele>79.905695</ele><time>2025-09-14T14:46:15Z</time><extensions><speed>1.053225</speed><course>319.128410</course><hAcc>1.206821</hAcc><vAcc>0.761777</vAcc></extensions></trkpt>
      <trkpt lon="-82.149192" lat="33.561933"><ele>79.914860</ele><time>2025-09-14T14:46:16Z</time><extensions><speed>1.051947</speed><course>314.934868</course><hAcc>1.214555</hAcc><vAcc>0.762862</vAcc></extensions></trkpt>
      <trkpt lon="-82.149201" lat="33.561939"><ele>79.928099</ele><time>2025-09-14T14:46:17Z</time><extensions><speed>1.055732</speed><course>311.844509</course><hAcc>1.220546</hAcc><vAcc>0.764663</vAcc></extensions></trkpt>
      <trkpt lon="-82.149209" lat="33.561946"><ele>79.946529</ele><time>2025-09-14T14:46:18Z</time><extensions><speed>1.041999</speed><course>310.580944</course><hAcc>1.236378</hAcc><vAcc>0.766540</vAcc></extensions></trkpt>
      <trkpt lon="-82.149217" lat="33.561952"><ele>79.966256</ele><time>2025-09-14T14:46:19Z</time><extensions><speed>0.937590</speed><course>311.352133</course><hAcc>1.255705</hAcc><vAcc>0.768834</vAcc></extensions></trkpt>
      <trkpt lon="-82.149225" lat="33.561957"><ele>79.992185</ele><time>2025-09-14T14:46:20Z</time><extensions><speed>0.912687</speed><course>311.739736</course><hAcc>1.271153</hAcc><vAcc>0.771373</vAcc></extensions></trkpt>
      <trkpt lon="-82.149232" lat="33.561963"><ele>80.033689</ele><time>2025-09-14T14:46:21Z</time><extensions><speed>0.976555</speed><course>314.552488</course><hAcc>1.266276</hAcc><vAcc>0.773568</vAcc></extensions></trkpt>
      <trkpt lon="-82.149240" lat="33.561970"><ele>80.070394</ele><time>2025-09-14T14:46:22Z</time><extensions><speed>1.107437</speed><course>316.598887</course><hAcc>1.264808</hAcc><vAcc>0.775485</vAcc></extensions></trkpt>
      <trkpt lon="-82.149248" lat="33.561977"><ele>80.108012</ele><time>2025-09-14T14:46:23Z</time><extensions><speed>1.144951</speed><course>317.796065</course><hAcc>1.270106</hAcc><vAcc>0.777260</vAcc></extensions></trkpt>
      <trkpt lon="-82.149256" lat="33.561985"><ele>80.135799</ele><time>2025-09-14T14:46:24Z</time><extensions><speed>1.128862</speed><course>317.666765</course><hAcc>1.268965</hAcc><vAcc>0.778622</vAcc></extensions></trkpt>
      <trkpt lon="-82.149265" lat="33.561992"><ele>80.168378</ele><time>2025-09-14T14:46:25Z</time><extensions><speed>1.111207</speed><course>315.015114</course><hAcc>1.269235</hAcc><vAcc>0.779530</vAcc></extensions></trkpt>
      <trkpt lon="-82.149274" lat="33.561999"><ele>80.209438</ele><time>2025-09-14T14:46:26Z</time><extensions><speed>1.190548</speed><course>311.757325</course><hAcc>1.265709</hAcc><vAcc>0.779906</vAcc></extensions></trkpt>
      <trkpt lon="-82.149284" lat="33.562006"><ele>80.267347</ele><time>2025-09-14T14:46:27Z</time><extensions><speed>1.155561</speed><course>309.267332</course><hAcc>1.263823</hAcc><vAcc>0.779679</vAcc></extensions></trkpt>
      <trkpt lon="-82.149293" lat="33.562012"><ele>80.319107</ele><time>2025-09-14T14:46:28Z</time><extensions><speed>1.136127</speed><course>307.548975</course><hAcc>1.256767</hAcc><vAcc>0.778827</vAcc></extensions></trkpt>
      <trkpt lon="-82.149303" lat="33.562019"><ele>80.369861</ele><time>2025-09-14T14:46:29Z</time><extensions><speed>1.139635</speed><course>306.793153</course><hAcc>1.280253</hAcc><vAcc>0.777389</vAcc></extensions></trkpt>
      <trkpt lon="-82.149314" lat="33.562025"><ele>80.411017</ele><time>2025-09-14T14:46:30Z</time><extensions><speed>1.305052</speed><course>304.062628</course><hAcc>1.282445</hAcc><vAcc>0.775461</vAcc></extensions></trkpt>
      <trkpt lon="-82.149326" lat="33.562031"><ele>80.455883</ele><time>2025-09-14T14:46:31Z</time><extensions><speed>1.375995</speed><course>299.779438</course><hAcc>1.268446</hAcc><vAcc>0.773194</vAcc></extensions></trkpt>
      <trkpt lon="-82.149339" lat="33.562037"><ele>80.502233</ele><time>2025-09-14T14:46:32Z</time><extensions><speed>1.282377</speed><course>294.914655</course><hAcc>1.266096</hAcc><vAcc>0.771006</vAcc></extensions></trkpt>
      <trkpt lon="-82.149351" lat="33.562041"><ele>80.562083</ele><time>2025-09-14T14:46:33Z</time><extensions><speed>1.252353</speed><course>293.672564</course><hAcc>1.267056</hAcc><vAcc>0.769229</vAcc></extensions></trkpt>
      <trkpt lon="-82.149364" lat="33.562046"><ele>80.628442</ele><time>2025-09-14T14:46:34Z</time><extensions><speed>1.246294</speed><course>294.047650</course><hAcc>1.267639</hAcc><vAcc>0.768049</vAcc></extensions></trkpt>
      <trkpt lon="-82.149376" lat="33.562051"><ele>80.709105</ele><time>2025-09-14T14:46:35Z</time><extensions><speed>1.257055</speed><course>294.894393</course><hAcc>1.268217</hAcc><vAcc>0.767598</vAcc></extensions></trkpt>
      <trkpt lon="-82.149388" lat="33.562055"><ele>80.787763</ele><time>2025-09-14T14:46:36Z</time><extensions><speed>1.147900</speed><course>295.027978</course><hAcc>1.267771</hAcc><vAcc>0.768073</vAcc></extensions></trkpt>
      <trkpt lon="-82.149398" lat="33.562059"><ele>80.870275</ele><time>2025-09-14T14:46:37Z</time><extensions><speed>1.076067</speed><course>293.880733</course><hAcc>1.256513</hAcc><vAcc>0.769198</vAcc></extensions></trkpt>
      <trkpt lon="-82.149409" lat="33.562063"><ele>80.981528</ele><time>2025-09-14T14:46:38Z</time><extensions><speed>1.050564</speed><course>293.759333</course><hAcc>1.263644</hAcc><vAcc>0.770813</vAcc></extensions></trkpt>
      <trkpt lon="-82.149419" lat="33.562068"><ele>81.100106</ele><time>2025-09-14T14:46:39Z</time><extensions><speed>1.102041</speed><course>296.882609</course><hAcc>1.267606</hAcc><vAcc>0.772539</vAcc></extensions></trkpt>
      <trkpt lon="-82.149430" lat="33.562072"><ele>81.212166</ele><time>2025-09-14T14:46:40Z</time><extensions><speed>1.127048</speed><course>299.623529</course><hAcc>1.264953</hAcc><vAcc>0.774644</vAcc></extensions></trkpt>
      <trkpt lon="-82.149440" lat="33.562077"><ele>81.334519</ele><time>2025-09-14T14:46:41Z</time><extensions><speed>1.134493</speed><course>301.727978</course><hAcc>1.275815</hAcc><vAcc>0.777370</vAcc></extensions></trkpt>
      <trkpt lon="-82.149451" lat="33.562083"><ele>81.454315</ele><time>2025-09-14T14:46:42Z</time><extensions><speed>1.139534</speed><course>303.976123</course><hAcc>1.281322</hAcc><vAcc>0.779900</vAcc></extensions></trkpt>
      <trkpt lon="-82.149461" lat="33.562089"><ele>81.589157</ele><time>2025-09-14T14:46:43Z</time><extensions><speed>1.123602</speed><course>305.957859</course><hAcc>1.280177</hAcc><vAcc>0.782378</vAcc></extensions></trkpt>
      <trkpt lon="-82.149471" lat="33.562095"><ele>81.707896</ele><time>2025-09-14T14:46:44Z</time><extensions><speed>1.109759</speed><course>305.441252</course><hAcc>1.290653</hAcc><vAcc>0.784160</vAcc></extensions></trkpt>
      <trkpt lon="-82.149480" lat="33.562100"><ele>81.818435</ele><time>2025-09-14T14:46:45Z</time><extensions><speed>1.093579</speed><course>302.660221</course><hAcc>1.281834</hAcc><vAcc>0.785020</vAcc></extensions></trkpt>
      <trkpt lon="-82.149491" lat="33.562106"><ele>81.935118</ele><time>2025-09-14T14:46:46Z</time><extensions><speed>1.123893</speed><course>301.441432</course><hAcc>1.288201</hAcc><vAcc>0.785018</vAcc></extensions></trkpt>
      <trkpt lon="-82.149501" lat="33.562111"><ele>82.029858</ele><time>2025-09-14T14:46:47Z</time><extensions><speed>1.117572</speed><course>300.609051</course><hAcc>1.284349</hAcc><vAcc>0.784081</vAcc></extensions></trkpt>
      <trkpt lon="-82.149511" lat="33.562116"><ele>82.123341</ele><time>2025-09-14T14:46:48Z</time><extensions><speed>1.073047</speed><course>298.661551</course><hAcc>1.266456</hAcc><vAcc>0.782406</vAcc></extensions></trkpt>
      <trkpt lon="-82.149521" lat="33.562120"><ele>82.206891</ele><time>2025-09-14T14:46:49Z</time><extensions><speed>1.066516</speed><course>295.707471</course><hAcc>1.258469</hAcc><vAcc>0.780233</vAcc></extensions></trkpt>
      <trkpt lon="-82.149532" lat="33.562124"><ele>82.294464</ele><time>2025-09-14T14:46:50Z</time><extensions><speed>1.110303</speed><course>291.141810</course><hAcc>1.254559</hAcc><vAcc>0.777802</vAcc></extensions></trkpt>
      <trkpt lon="-82.149544" lat="33.562128"><ele>82.364816</ele><time>2025-09-14T14:46:51Z</time><extensions><speed>1.188049</speed><course>290.956177</course><hAcc>1.254407</hAcc><vAcc>0.775282</vAcc></extensions></trkpt>
      <trkpt lon="-82.149556" lat="33.562131"><ele>82.419248</ele><time>2025-09-14T14:46:52Z</time><extensions><speed>1.243113</speed><course>287.900683</course><hAcc>1.250404</hAcc><vAcc>0.772771</vAcc></extensions></trkpt>
      <trkpt lon="-82.149570" lat="33.562134"><ele>82.479068</ele><time>2025-09-14T14:46:53Z</time><extensions><speed>1.341747</speed><course>283.213686</course><hAcc>1.250212</hAcc><vAcc>0.770515</vAcc></extensions></trkpt>
      <trkpt lon="-82.149584" lat="33.562137"><ele>82.537005</ele><time>2025-09-14T14:46:54Z</time><extensions><speed>1.387396</speed><course>278.459485</course><hAcc>1.254918</hAcc><vAcc>0.768735</vAcc></extensions></trkpt>
      <trkpt lon="-82.149599" lat="33.562138"><ele>82.596308</ele><time>2025-09-14T14:46:55Z</time><extensions><speed>1.331935</speed><course>273.330494</course><hAcc>1.258570</hAcc><vAcc>0.767078</vAcc></extensions></trkpt>
      <trkpt lon="-82.149612" lat="33.562138"><ele>82.661876</ele><time>2025-09-14T14:46:56Z</time><extensions><speed>1.246864</speed><course>270.809111</course><hAcc>1.264270</hAcc><vAcc>0.765761</vAcc></extensions></trkpt>
      <trkpt lon="-82.149626" lat="33.562139"><ele>82.729800</ele><time>2025-09-14T14:46:56Z</time><extensions><speed>1.272322</speed><course>272.538773</course><hAcc>1.270372</hAcc><vAcc>0.765586</vAcc></extensions></trkpt>
      <trkpt lon="-82.149640" lat="33.562140"><ele>82.797699</ele><time>2025-09-14T14:46:57Z</time><extensions><speed>1.293772</speed><course>276.555912</course><hAcc>1.276580</hAcc><vAcc>0.766377</vAcc></extensions></trkpt>
      <trkpt lon="-82.149653" lat="33.562141"><ele>82.849356</ele><time>2025-09-14T14:46:58Z</time><extensions><speed>1.222525</speed><course>279.600230</course><hAcc>1.280668</hAcc><vAcc>0.768050</vAcc></extensions></trkpt>
      <trkpt lon="-82.149666" lat="33.562143"><ele>82.891724</ele><time>2025-09-14T14:46:59Z</time><extensions><speed>1.134345</speed><course>279.779185</course><hAcc>1.287356</hAcc><vAcc>0.770572</vAcc></extensions></trkpt>
      <trkpt lon="-82.149677" lat="33.562144"><ele>82.944821</ele><time>2025-09-14T14:47:00Z</time><extensions><speed>1.012658</speed><course>275.982261</course><hAcc>1.308911</hAcc><vAcc>0.774212</vAcc></extensions></trkpt>
      <trkpt lon="-82.149688" lat="33.562145"><ele>83.001301</ele><time>2025-09-14T14:47:01Z</time><extensions><speed>0.985334</speed><course>266.930580</course><hAcc>1.333404</hAcc><vAcc>0.778511</vAcc></extensions></trkpt>
      <trkpt lon="-82.149699" lat="33.562144"><ele>83.059093</ele><time>2025-09-14T14:47:02Z</time><extensions><speed>1.048550</speed><course>261.779701</course><hAcc>1.364488</hAcc><vAcc>0.783218</vAcc></extensions></trkpt>
      <trkpt lon="-82.149710" lat="33.562142"><ele>83.113829</ele><time>2025-09-14T14:47:03Z</time><extensions><speed>1.057845</speed><course>259.666911</course><hAcc>1.374223</hAcc><vAcc>0.787771</vAcc></extensions></trkpt>
      <trkpt lon="-82.149722" lat="33.562140"><ele>83.206083</ele><time>2025-09-14T14:47:04Z</time><extensions><speed>1.101064</speed><course>259.718691</course><hAcc>1.383796</hAcc><vAcc>0.792004</vAcc></extensions></trkpt>
      <trkpt lon="-82.149734" lat="33.562138"><ele>83.285121</ele><time>2025-09-14T14:47:05Z</time><extensions><speed>1.151383</speed><course>260.908899</course><hAcc>1.403870</hAcc><vAcc>0.796425</vAcc></extensions></trkpt>
      <trkpt lon="-82.149746" lat="33.562137"><ele>83.349989</ele><time>2025-09-14T14:47:06Z</time><extensions><speed>1.164493</speed><course>260.663454</course><hAcc>1.413072</hAcc><vAcc>0.799960</vAcc></extensions></trkpt>
      <trkpt lon="-82.149759" lat="33.562135"><ele>83.402246</ele><time>2025-09-14T14:47:07Z</time><extensions><speed>1.238670</speed><course>259.137425</course><hAcc>1.413490</hAcc><vAcc>0.802810</vAcc></extensions></trkpt>
      <trkpt lon="-82.149772" lat="33.562133"><ele>83.458188</ele><time>2025-09-14T14:47:08Z</time><extensions><speed>1.271378</speed><course>259.678634</course><hAcc>1.406325</hAcc><vAcc>0.805301</vAcc></extensions></trkpt>
      <trkpt lon="-82.149785" lat="33.562130"><ele>83.502084</ele><time>2025-09-14T14:47:09Z</time><extensions><speed>1.245417</speed><course>255.882807</course><hAcc>1.397601</hAcc><vAcc>0.806573</vAcc></extensions></trkpt>
      <trkpt lon="-82.149798" lat="33.562127"><ele>83.534405</ele><time>2025-09-14T14:47:10Z</time><extensions><speed>1.191842</speed><course>252.099179</course><hAcc>1.406258</hAcc><vAcc>0.806587</vAcc></extensions></trkpt>
      <trkpt lon="-82.149810" lat="33.562124"><ele>83.550846</ele><time>2025-09-14T14:47:11Z</time><extensions><speed>1.266385</speed><course>249.043729</course><hAcc>1.400687</hAcc><vAcc>0.806093</vAcc></extensions></trkpt>
      <trkpt lon="-82.149823" lat="33.562119"><ele>83.569866</ele><time>2025-09-14T14:47:12Z</time><extensions><speed>1.308809</speed><course>248.917982</course><hAcc>1.403838</hAcc><vAcc>0.805133</vAcc></extensions></trkpt>
      <trkpt lon="-82.149836" lat="33.562115"><ele>83.592428</ele><time>2025-09-14T14:47:13Z</time><extensions><speed>1.240417</speed><course>248.649782</course><hAcc>1.402017</hAcc><vAcc>0.804342</vAcc></extensions></trkpt>
      <trkpt lon="-82.149848" lat="33.562111"><ele>83.580689</ele><time>2025-09-14T14:47:14Z</time><extensions><speed>1.145223</speed><course>248.537883</course><hAcc>1.397864</hAcc><vAcc>0.804344</vAcc></extensions></trkpt>
      <trkpt lon="-82.149859" lat="33.562108"><ele>83.568464</ele><time>2025-09-14T14:47:15Z</time><extensions><speed>1.076695</speed><course>251.287828</course><hAcc>1.417683</hAcc><vAcc>0.805811</vAcc></extensions></trkpt>
      <trkpt lon="-82.149870" lat="33.562105"><ele>83.539589</ele><time>2025-09-14T14:47:16Z</time><extensions><speed>1.053889</speed><course>251.551087</course><hAcc>1.418871</hAcc><vAcc>0.808250</vAcc></extensions></trkpt>
      <trkpt lon="-82.149881" lat="33.562102"><ele>83.507232</ele><time>2025-09-14T14:47:17Z</time><extensions><speed>1.040302</speed><course>249.421096</course><hAcc>1.428392</hAcc><vAcc>0.811606</vAcc></extensions></trkpt>
      <trkpt lon="-82.149891" lat="33.562098"><ele>83.485667</ele><time>2025-09-14T14:47:18Z</time><extensions><speed>1.049874</speed><course>248.150183</course><hAcc>1.453848</hAcc><vAcc>0.816541</vAcc></extensions></trkpt>
      <trkpt lon="-82.149902" lat="33.562095"><ele>83.491621</ele><time>2025-09-14T14:47:19Z</time><extensions><speed>1.044787</speed><course>245.770842</course><hAcc>1.443972</hAcc><vAcc>0.822112</vAcc></extensions></trkpt>
      <trkpt lon="-82.149912" lat="33.562090"><ele>83.499736</ele><time>2025-09-14T14:47:20Z</time><extensions><speed>1.079510</speed><course>242.701245</course><hAcc>1.457370</hAcc><vAcc>0.828326</vAcc></extensions></trkpt>
      <trkpt lon="-82.149923" lat="33.562086"><ele>83.512569</ele><time>2025-09-14T14:47:21Z</time><extensions><speed>1.128621</speed><course>239.807091</course><hAcc>1.490565</hAcc><vAcc>0.834728</vAcc></extensions></trkpt>
      <trkpt lon="-82.149933" lat="33.562080"><ele>83.509338</ele><time>2025-09-14T14:47:22Z</time><extensions><speed>1.187985</speed><course>239.130444</course><hAcc>1.509833</hAcc><vAcc>0.841251</vAcc></extensions></trkpt>
      <trkpt lon="-82.149945" lat="33.562075"><ele>83.515951</ele><time>2025-09-14T14:47:23Z</time><extensions><speed>1.222267</speed><course>239.921503</course><hAcc>1.511181</hAcc><vAcc>0.847797</vAcc></extensions></trkpt>
      <trkpt lon="-82.149956" lat="33.562069"><ele>83.521056</ele><time>2025-09-14T14:47:24Z</time><extensions><speed>1.230154</speed><course>242.235340</course><hAcc>1.515515</hAcc><vAcc>0.853577</vAcc></extensions></trkpt>
      <trkpt lon="-82.149968" lat="33.562064"><ele>83.534140</ele><time>2025-09-14T14:47:25Z</time><extensions><speed>1.246956</speed><course>243.603416</course><hAcc>1.521463</hAcc><vAcc>0.858799</vAcc></extensions></trkpt>
      <trkpt lon="-82.149981" lat="33.562059"><ele>83.562231</ele><time>2025-09-14T14:47:26Z</time><extensions><speed>1.370940</speed><course>245.375975</course><hAcc>1.526538</hAcc><vAcc>0.863123</vAcc></extensions></trkpt>
      <trkpt lon="-82.149995" lat="33.562054"><ele>83.586268</ele><time>2025-09-14T14:47:27Z</time><extensions><speed>1.481563</speed><course>247.239606</course><hAcc>1.546828</hAcc><vAcc>0.867625</vAcc></extensions></trkpt>
      <trkpt lon="-82.150011" lat="33.562049"><ele>83.609782</ele><time>2025-09-14T14:47:28Z</time><extensions><speed>1.644712</speed><course>249.744709</course><hAcc>1.548489</hAcc><vAcc>0.872207</vAcc></extensions></trkpt>
      <trkpt lon="-82.150027" lat="33.562044"><ele>83.635330</ele><time>2025-09-14T14:47:29Z</time><extensions><speed>1.602504</speed><course>252.235982</course><hAcc>1.549597</hAcc><vAcc>0.877574</vAcc></extensions></trkpt>
      <trkpt lon="-82.150043" lat="33.562040"><ele>83.652399</ele><time>2025-09-14T14:47:30Z</time><extensions><speed>1.424737</speed><course>253.084373</course><hAcc>1.554902</hAcc><vAcc>0.883114</vAcc></extensions></trkpt>
      <trkpt lon="-82.150057" lat="33.562036"><ele>83.655606</ele><time>2025-09-14T14:47:31Z</time><extensions><speed>1.278928</speed><course>250.870238</course><hAcc>1.552642</hAcc><vAcc>0.888583</vAcc></extensions></trkpt>
      <trkpt lon="-82.150069" lat="33.562032"><ele>83.668421</ele><time>2025-09-14T14:47:32Z</time><extensions><speed>1.219133</speed><course>246.456118</course><hAcc>1.538291</hAcc><vAcc>0.894737</vAcc></extensions></trkpt>
      <trkpt lon="-82.150081" lat="33.562027"><ele>83.688567</ele><time>2025-09-14T14:47:33Z</time><extensions><speed>1.248836</speed><course>243.367817</course><hAcc>1.528392</hAcc><vAcc>0.901062</vAcc></extensions></trkpt>
      <trkpt lon="-82.150093" lat="33.562022"><ele>83.726060</ele><time>2025-09-14T14:47:34Z</time><extensions><speed>1.254319</speed><course>242.867290</course><hAcc>1.532721</hAcc><vAcc>0.908375</vAcc></extensions></trkpt>
      <trkpt lon="-82.150106" lat="33.562017"><ele>83.734834</ele><time>2025-09-14T14:47:35Z</time><extensions><speed>1.266354</speed><course>244.892742</course><hAcc>1.536299</hAcc><vAcc>0.915872</vAcc></extensions></trkpt>
      <trkpt lon="-82.150118" lat="33.562013"><ele>83.735873</ele><time>2025-09-14T14:47:36Z</time><extensions><speed>1.199330</speed><course>247.830491</course><hAcc>1.532757</hAcc><vAcc>0.925068</vAcc></extensions></trkpt>
      <trkpt lon="-82.150130" lat="33.562009"><ele>83.741421</ele><time>2025-09-14T14:47:37Z</time><extensions><speed>1.102639</speed><course>250.356071</course><hAcc>1.532108</hAcc><vAcc>0.936369</vAcc></extensions></trkpt>
      <trkpt lon="-82.150141" lat="33.562005"><ele>83.734320</ele><time>2025-09-14T14:47:38Z</time><extensions><speed>1.126826</speed><course>249.217095</course><hAcc>1.538987</hAcc><vAcc>0.948723</vAcc></extensions></trkpt>
      <trkpt lon="-82.150153" lat="33.562001"><ele>83.732335</ele><time>2025-09-14T14:47:39Z</time><extensions><speed>1.204914</speed><course>247.530177</course><hAcc>1.543994</hAcc><vAcc>0.961061</vAcc></extensions></trkpt>
      <trkpt lon="-82.150164" lat="33.561997"><ele>83.716485</ele><time>2025-09-14T14:47:40Z</time><extensions><speed>1.201297</speed><course>246.402309</course><hAcc>1.551002</hAcc><vAcc>0.973993</vAcc></extensions></trkpt>
      <trkpt lon="-82.150176" lat="33.561993"><ele>83.694592</ele><time>2025-09-14T14:47:41Z</time><extensions><speed>1.103911</speed><course>245.230750</course><hAcc>1.545926</hAcc><vAcc>0.987353</vAcc></extensions></trkpt>
      <trkpt lon="-82.150186" lat="33.561989"><ele>83.684817</ele><time>2025-09-14T14:47:42Z</time><extensions><speed>1.056095</speed><course>242.079264</course><hAcc>1.538528</hAcc><vAcc>1.000539</vAcc></extensions></trkpt>
      <trkpt lon="-82.150196" lat="33.561984"><ele>83.687646</ele><time>2025-09-14T14:47:43Z</time><extensions><speed>1.098730</speed><course>239.605923</course><hAcc>1.540627</hAcc><vAcc>1.012727</vAcc></extensions></trkpt>
      <trkpt lon="-82.150207" lat="33.561979"><ele>83.686597</ele><time>2025-09-14T14:47:44Z</time><extensions><speed>1.198632</speed><course>241.202613</course><hAcc>1.515583</hAcc><vAcc>1.024075</vAcc></extensions></trkpt>
      <trkpt lon="-82.150218" lat="33.561974"><ele>83.682556</ele><time>2025-09-14T14:47:45Z</time><extensions><speed>1.276298</speed><course>241.677048</course><hAcc>1.481924</hAcc><vAcc>1.034512</vAcc></extensions></trkpt>
      <trkpt lon="-82.150231" lat="33.561968"><ele>83.647729</ele><time>2025-09-14T14:47:46Z</time><extensions><speed>1.473227</speed><course>242.699122</course><hAcc>1.457921</hAcc><vAcc>1.046036</vAcc></extensions></trkpt>
      <trkpt lon="-82.150245" lat="33.561962"><ele>83.620572</ele><time>2025-09-14T14:47:47Z</time><extensions><speed>1.554886</speed><course>245.363959</course><hAcc>1.452138</hAcc><vAcc>1.052432</vAcc></extensions></trkpt>
      <trkpt lon="-82.150260" lat="33.561957"><ele>83.624440</ele><time>2025-09-14T14:47:48Z</time><extensions><speed>1.544606</speed><course>248.305216</course><hAcc>1.437949</hAcc><vAcc>1.056832</vAcc></extensions></trkpt>
      <trkpt lon="-82.150276" lat="33.561952"><ele>83.644628</ele><time>2025-09-14T14:47:49Z</time><extensions><speed>1.520461</speed><course>247.497485</course><hAcc>1.416222</hAcc><vAcc>1.058800</vAcc></extensions></trkpt>
      <trkpt lon="-82.150291" lat="33.561947"><ele>83.653154</ele><time>2025-09-14T14:47:50Z</time><extensions><speed>1.512127</speed><course>248.769324</course><hAcc>1.399618</hAcc><vAcc>1.058821</vAcc></extensions></trkpt>
      <trkpt lon="-82.150306" lat="33.561942"><ele>83.679109</ele><time>2025-09-14T14:47:51Z</time><extensions><speed>1.519964</speed><course>250.258926</course><hAcc>1.405310</hAcc><vAcc>1.057970</vAcc></extensions></trkpt>
      <trkpt lon="-82.150321" lat="33.561937"><ele>83.695773</ele><time>2025-09-14T14:47:52Z</time><extensions><speed>1.515492</speed><course>249.009226</course><hAcc>1.408241</hAcc><vAcc>1.055678</vAcc></extensions></trkpt>
      <trkpt lon="-82.150336" lat="33.561932"><ele>83.730343</ele><time>2025-09-14T14:47:53Z</time><extensions><speed>1.495666</speed><course>245.572258</course><hAcc>1.405263</hAcc><vAcc>1.054067</vAcc></extensions></trkpt>
      <trkpt lon="-82.150350" lat="33.561926"><ele>83.778010</ele><time>2025-09-14T14:47:54Z</time><extensions><speed>1.489340</speed><course>241.379635</course><hAcc>1.424912</hAcc><vAcc>1.051329</vAcc></extensions></trkpt>
      <trkpt lon="-82.150364" lat="33.561919"><ele>83.832611</ele><time>2025-09-14T14:47:55Z</time><extensions><speed>1.411483</speed><course>237.218424</course><hAcc>1.439291</hAcc><vAcc>1.046781</vAcc></extensions></trkpt>
      <trkpt lon="-82.150375" lat="33.561913"><ele>83.915012</ele><time>2025-09-14T14:47:56Z</time><extensions><speed>1.145397</speed><course>236.094444</course><hAcc>1.457431</hAcc><vAcc>1.040267</vAcc></extensions></trkpt>
      <trkpt lon="-82.150385" lat="33.561908"><ele>84.023234</ele><time>2025-09-14T14:47:57Z</time><extensions><speed>0.975036</speed><course>239.062328</course><hAcc>1.469851</hAcc><vAcc>1.033144</vAcc></extensions></trkpt>
      <trkpt lon="-82.150394" lat="33.561904"><ele>84.122841</ele><time>2025-09-14T14:47:58Z</time><extensions><speed>0.957975</speed><course>241.840406</course><hAcc>1.496521</hAcc><vAcc>1.025392</vAcc></extensions></trkpt>
      <trkpt lon="-82.150403" lat="33.561899"><ele>84.238467</ele><time>2025-09-14T14:47:59Z</time><extensions><speed>0.975491</speed><course>242.043173</course><hAcc>1.527119</hAcc><vAcc>1.017688</vAcc></extensions></trkpt>
      <trkpt lon="-82.150412" lat="33.561895"><ele>84.361612</ele><time>2025-09-14T14:48:00Z</time><extensions><speed>0.902791</speed><course>243.230739</course><hAcc>1.545166</hAcc><vAcc>1.011047</vAcc></extensions></trkpt>
      <trkpt lon="-82.150421" lat="33.561892"><ele>84.487112</ele><time>2025-09-14T14:48:01Z</time><extensions><speed>0.900321</speed><course>243.277402</course><hAcc>1.544615</hAcc><vAcc>1.005883</vAcc></extensions></trkpt>
      <trkpt lon="-82.150430" lat="33.561888"><ele>84.637881</ele><time>2025-09-14T14:48:02Z</time><extensions><speed>1.006801</speed><course>242.738148</course><hAcc>1.571513</hAcc><vAcc>1.001855</vAcc></extensions></trkpt>
      <trkpt lon="-82.150441" lat="33.561883"><ele>84.796847</ele><time>2025-09-14T14:48:03Z</time><extensions><speed>1.180534</speed><course>242.220923</course><hAcc>1.592961</hAcc><vAcc>0.997329</vAcc></extensions></trkpt>
      <trkpt lon="-82.150453" lat="33.561878"><ele>84.946044</ele><time>2025-09-14T14:48:04Z</time><extensions><speed>1.231715</speed><course>243.995334</course><hAcc>1.606053</hAcc><vAcc>0.993746</vAcc></extensions></trkpt>
      <trkpt lon="-82.150465" lat="33.561874"><ele>85.106821</ele><time>2025-09-14T14:48:05Z</time><extensions><speed>1.212654</speed><course>248.773521</course><hAcc>1.610206</hAcc><vAcc>0.989351</vAcc></extensions></trkpt>
      <trkpt lon="-82.150477" lat="33.561870"><ele>85.269370</ele><time>2025-09-14T14:48:06Z</time><extensions><speed>1.210026</speed><course>252.362571</course><hAcc>1.610457</hAcc><vAcc>0.984633</vAcc></extensions></trkpt>
      <trkpt lon="-82.150489" lat="33.561867"><ele>85.437154</ele><time>2025-09-14T14:48:07Z</time><extensions><speed>1.146027</speed><course>253.506507</course><hAcc>1.615813</hAcc><vAcc>0.979408</vAcc></extensions></trkpt>
      <trkpt lon="-82.150501" lat="33.561864"><ele>85.581569</ele><time>2025-09-14T14:48:08Z</time><extensions><speed>1.110336</speed><course>252.796261</course><hAcc>1.628041</hAcc><vAcc>0.975412</vAcc></extensions></trkpt>
      <trkpt lon="-82.150513" lat="33.561861"><ele>85.721249</ele><time>2025-09-14T14:48:09Z</time><extensions><speed>1.162447</speed><course>251.467177</course><hAcc>1.633830</hAcc><vAcc>0.971409</vAcc></extensions></trkpt>
      <trkpt lon="-82.150525" lat="33.561857"><ele>85.842809</ele><time>2025-09-14T14:48:10Z</time><extensions><speed>1.220518</speed><course>252.611046</course><hAcc>1.631920</hAcc><vAcc>0.968243</vAcc></extensions></trkpt>
      <trkpt lon="-82.150538" lat="33.561854"><ele>85.965200</ele><time>2025-09-14T14:48:11Z</time><extensions><speed>1.244820</speed><course>254.746291</course><hAcc>1.627051</hAcc><vAcc>0.966748</vAcc></extensions></trkpt>
      <trkpt lon="-82.150551" lat="33.561851"><ele>86.063176</ele><time>2025-09-14T14:48:13Z</time><extensions><speed>1.348403</speed><course>254.363131</course><hAcc>1.616730</hAcc><vAcc>0.965654</vAcc></extensions></trkpt>
      <trkpt lon="-82.150565" lat="33.561848"><ele>86.135453</ele><time>2025-09-14T14:48:14Z</time><extensions><speed>1.363601</speed><course>252.949307</course><hAcc>1.615360</hAcc><vAcc>0.965015</vAcc></extensions></trkpt>
      <trkpt lon="-82.150579" lat="33.561844"><ele>86.193663</ele><time>2025-09-14T14:48:15Z</time><extensions><speed>1.290883</speed><course>249.124003</course><hAcc>1.615755</hAcc><vAcc>0.964407</vAcc></extensions></trkpt>
      <trkpt lon="-82.150591" lat="33.561839"><ele>86.244614</ele><time>2025-09-14T14:48:16Z</time><extensions><speed>1.231012</speed><course>244.083902</course><hAcc>1.614370</hAcc><vAcc>0.964141</vAcc></extensions></trkpt>
      <trkpt lon="-82.150604" lat="33.561834"><ele>86.265252</ele><time>2025-09-14T14:48:17Z</time><extensions><speed>1.298678</speed><course>243.054115</course><hAcc>1.618701</hAcc><vAcc>0.965044</vAcc></extensions></trkpt>
      <trkpt lon="-82.150616" lat="33.561829"><ele>86.266319</ele><time>2025-09-14T14:48:18Z</time><extensions><speed>1.358284</speed><course>242.310988</course><hAcc>1.627667</hAcc><vAcc>0.966751</vAcc></extensions></trkpt>
      <trkpt lon="-82.150630" lat="33.561823"><ele>86.256210</ele><time>2025-09-14T14:48:19Z</time><extensions><speed>1.425585</speed><course>240.707719</course><hAcc>1.644660</hAcc><vAcc>0.969973</vAcc></extensions></trkpt>
      <trkpt lon="-82.150643" lat="33.561817"><ele>86.239085</ele><time>2025-09-14T14:48:20Z</time><extensions><speed>1.342524</speed><course>240.748965</course><hAcc>1.660630</hAcc><vAcc>0.974055</vAcc></extensions></trkpt>
      <trkpt lon="-82.150655" lat="33.561811"><ele>86.218316</ele><time>2025-09-14T14:48:21Z</time><extensions><speed>1.280109</speed><course>241.539626</course><hAcc>1.673517</hAcc><vAcc>0.979561</vAcc></extensions></trkpt>
      <trkpt lon="-82.150667" lat="33.561805"><ele>86.175109</ele><time>2025-09-14T14:48:22Z</time><extensions><speed>1.272126</speed><course>242.200786</course><hAcc>1.690025</hAcc><vAcc>0.985529</vAcc></extensions></trkpt>
      <trkpt lon="-82.150679" lat="33.561801"><ele>86.122335</ele><time>2025-09-14T14:48:23Z</time><extensions><speed>1.180658</speed><course>246.078283</course><hAcc>1.698264</hAcc><vAcc>0.990931</vAcc></extensions></trkpt>
      <trkpt lon="-82.150690" lat="33.561797"><ele>86.066077</ele><time>2025-09-14T14:48:24Z</time><extensions><speed>1.094946</speed><course>250.189348</course><hAcc>1.699893</hAcc><vAcc>0.995324</vAcc></extensions></trkpt>
      <trkpt lon="-82.150701" lat="33.561793"><ele>86.010834</ele><time>2025-09-14T14:48:25Z</time><extensions><speed>0.997289</speed><course>250.421721</course><hAcc>1.701091</hAcc><vAcc>1.002886</vAcc></extensions></trkpt>
      <trkpt lon="-82.150711" lat="33.561790"><ele>85.954062</ele><time>2025-09-14T14:48:26Z</time><extensions><speed>0.979870</speed><course>245.362996</course><hAcc>1.701746</hAcc><vAcc>1.013817</vAcc></extensions></trkpt>
      <trkpt lon="-82.150720" lat="33.561786"><ele>85.896547</ele><time>2025-09-14T14:48:27Z</time><extensions><speed>0.985479</speed><course>241.749675</course><hAcc>1.715646</hAcc><vAcc>1.027075</vAcc></extensions></trkpt>
      <trkpt lon="-82.150729" lat="33.561782"><ele>85.839574</ele><time>2025-09-14T14:48:28Z</time><extensions><speed>0.978668</speed><course>240.590406</course><hAcc>1.732115</hAcc><vAcc>1.042541</vAcc></extensions></trkpt>
      <trkpt lon="-82.150738" lat="33.561778"><ele>85.784313</ele><time>2025-09-14T14:48:29Z</time><extensions><speed>0.872585</speed><course>239.229354</course><hAcc>1.736857</hAcc><vAcc>1.059589</vAcc></extensions></trkpt>
      <trkpt lon="-82.150746" lat="33.561774"><ele>85.731460</ele><time>2025-09-14T14:48:30Z</time><extensions><speed>0.731281</speed><course>238.931831</course><hAcc>1.760531</hAcc><vAcc>1.079257</vAcc></extensions></trkpt>
      <trkpt lon="-82.150752" lat="33.561771"><ele>85.681816</ele><time>2025-09-14T14:48:31Z</time><extensions><speed>0.596234</speed><course>239.184749</course><hAcc>1.798138</hAcc><vAcc>1.099895</vAcc></extensions></trkpt>
      <trkpt lon="-82.150756" lat="33.561769"><ele>85.635169</ele><time>2025-09-14T14:48:32Z</time><extensions><speed>0.399588</speed><course>237.939310</course><hAcc>1.853306</hAcc><vAcc>1.125137</vAcc></extensions></trkpt>
      <trkpt lon="-82.150759" lat="33.561767"><ele>85.559058</ele><time>2025-09-14T14:48:33Z</time><extensions><speed>0.235040</speed><course>231.209626</course><hAcc>1.904826</hAcc><vAcc>1.151054</vAcc></extensions></trkpt>
      <trkpt lon="-82.150760" lat="33.561766"><ele>85.485326</ele><time>2025-09-14T14:48:34Z</time><extensions><speed>0.102121</speed><course>213.123901</course><hAcc>1.982491</hAcc><vAcc>1.181302</vAcc></extensions></trkpt>
      <trkpt lon="-82.150761" lat="33.561765"><ele>85.409362</ele><time>2025-09-14T14:48:35Z</time><extensions><speed>0.056581</speed><course>191.497066</course><hAcc>2.084839</hAcc><vAcc>1.212897</vAcc></extensions></trkpt>
      <trkpt lon="-82.150761" lat="33.561765"><ele>85.344688</ele><time>2025-09-14T14:48:36Z</time><extensions><speed>0.030374</speed><course>145.977420</course><hAcc>2.193459</hAcc><vAcc>1.246184</vAcc></extensions></trkpt>
      <trkpt lon="-82.150761" lat="33.561765"><ele>85.209312</ele><time>2025-09-14T14:48:37Z</time><extensions><speed>0.021815</speed><course>99.303610</course><hAcc>2.289924</hAcc><vAcc>1.281012</vAcc></extensions></trkpt>
      <trkpt lon="-82.150760" lat="33.561766"><ele>85.060425</ele><time>2025-09-14T14:48:38Z</time><extensions><speed>0.022510</speed><course>44.294474</course><hAcc>2.373716</hAcc><vAcc>1.315513</vAcc></extensions></trkpt>
      <trkpt lon="-82.150760" lat="33.561766"><ele>84.912111</ele><time>2025-09-14T14:48:39Z</time><extensions><speed>0.031839</speed><course>355.367204</course><hAcc>2.444399</hAcc><vAcc>1.346741</vAcc></extensions></trkpt>
      <trkpt lon="-82.150760" lat="33.561767"><ele>84.757894</ele><time>2025-09-14T14:48:40Z</time><extensions><speed>0.060163</speed><course>323.104215</course><hAcc>2.499130</hAcc><vAcc>1.374237</vAcc></extensions></trkpt>
      <trkpt lon="-82.150761" lat="33.561768"><ele>84.610671</ele><time>2025-09-14T14:48:41Z</time><extensions><speed>0.114925</speed><course>303.118047</course><hAcc>2.535679</hAcc><vAcc>1.399284</vAcc></extensions></trkpt>
      <trkpt lon="-82.150763" lat="33.561769"><ele>84.475272</ele><time>2025-09-14T14:48:42Z</time><extensions><speed>0.226083</speed><course>290.688365</course><hAcc>2.549087</hAcc><vAcc>1.420290</vAcc></extensions></trkpt>
      <trkpt lon="-82.150767" lat="33.561770"><ele>84.378055</ele><time>2025-09-14T14:48:43Z</time><extensions><speed>0.471751</speed><course>282.911370</course><hAcc>2.544592</hAcc><vAcc>1.440229</vAcc></extensions></trkpt>
      <trkpt lon="-82.150774" lat="33.561771"><ele>84.279520</ele><time>2025-09-14T14:48:44Z</time><extensions><speed>0.707164</speed><course>285.074294</course><hAcc>2.550552</hAcc><vAcc>1.456461</vAcc></extensions></trkpt>
      <trkpt lon="-82.150781" lat="33.561774"><ele>84.220034</ele><time>2025-09-14T14:48:45Z</time><extensions><speed>0.700706</speed><course>310.833019</course><hAcc>2.523654</hAcc><vAcc>1.467883</vAcc></extensions></trkpt>
      <trkpt lon="-82.150787" lat="33.561780"><ele>84.171960</ele><time>2025-09-14T14:48:46Z</time><extensions><speed>0.916394</speed><course>333.624263</course><hAcc>2.495664</hAcc><vAcc>1.471855</vAcc></extensions></trkpt>
      <trkpt lon="-82.150790" lat="33.561790"><ele>84.099675</ele><time>2025-09-14T14:48:47Z</time><extensions><speed>1.183154</speed><course>354.787337</course><hAcc>2.488894</hAcc><vAcc>1.468056</vAcc></extensions></trkpt>
      <trkpt lon="-82.150791" lat="33.561800"><ele>84.084972</ele><time>2025-09-14T14:48:48Z</time><extensions><speed>1.162190</speed><course>356.410404</course><hAcc>2.451822</hAcc><vAcc>1.460825</vAcc></extensions></trkpt>
      <trkpt lon="-82.150793" lat="33.561811"><ele>84.068896</ele><time>2025-09-14T14:48:49Z</time><extensions><speed>1.096764</speed><course>349.759682</course><hAcc>2.407361</hAcc><vAcc>1.451351</vAcc></extensions></trkpt>
      <trkpt lon="-82.150796" lat="33.561820"><ele>84.068166</ele><time>2025-09-14T14:48:50Z</time><extensions><speed>1.116973</speed><course>342.595218</course><hAcc>2.367641</hAcc><vAcc>1.440075</vAcc></extensions></trkpt>
      <trkpt lon="-82.150801" lat="33.561830"><ele>84.070905</ele><time>2025-09-14T14:48:51Z</time><extensions><speed>1.134037</speed><course>335.041822</course><hAcc>2.330511</hAcc><vAcc>1.428477</vAcc></extensions></trkpt>
      <trkpt lon="-82.150807" lat="33.561840"><ele>84.054769</ele><time>2025-09-14T14:48:52Z</time><extensions><speed>1.209539</speed><course>331.304961</course><hAcc>2.313152</hAcc><vAcc>1.417030</vAcc></extensions></trkpt>
      <trkpt lon="-82.150814" lat="33.561850"><ele>84.035574</ele><time>2025-09-14T14:48:53Z</time><extensions><speed>1.300693</speed><course>329.767075</course><hAcc>2.287707</hAcc><vAcc>1.405857</vAcc></extensions></trkpt>
      <trkpt lon="-82.150821" lat="33.561860"><ele>84.037238</ele><time>2025-09-14T14:48:54Z</time><extensions><speed>1.304393</speed><course>329.485396</course><hAcc>2.247742</hAcc><vAcc>1.391275</vAcc></extensions></trkpt>
      <trkpt lon="-82.150829" lat="33.561870"><ele>84.029854</ele><time>2025-09-14T14:48:55Z</time><extensions><speed>1.271064</speed><course>328.413423</course><hAcc>2.201242</hAcc><vAcc>1.376808</vAcc></extensions></trkpt>
      <trkpt lon="-82.150836" lat="33.561880"><ele>84.047746</ele><time>2025-09-14T14:48:56Z</time><extensions><speed>1.250541</speed><course>328.873874</course><hAcc>2.165258</hAcc><vAcc>1.361628</vAcc></extensions></trkpt>
      <trkpt lon="-82.150843" lat="33.561890"><ele>84.076378</ele><time>2025-09-14T14:48:57Z</time><extensions><speed>1.248945</speed><course>332.222723</course><hAcc>2.135452</hAcc><vAcc>1.344836</vAcc></extensions></trkpt>
      <trkpt lon="-82.150848" lat="33.561900"><ele>84.090501</ele><time>2025-09-14T14:48:58Z</time><extensions><speed>1.252549</speed><course>335.801423</course><hAcc>2.113544</hAcc><vAcc>1.330144</vAcc></extensions></trkpt>
      <trkpt lon="-82.150854" lat="33.561911"><ele>84.118381</ele><time>2025-09-14T14:48:59Z</time><extensions><speed>1.304392</speed><course>336.341380</course><hAcc>2.090301</hAcc><vAcc>1.316951</vAcc></extensions></trkpt>
      <trkpt lon="-82.150860" lat="33.561922"><ele>84.152642</ele><time>2025-09-14T14:49:00Z</time><extensions><speed>1.301381</speed><course>336.861092</course><hAcc>2.069220</hAcc><vAcc>1.304541</vAcc></extensions></trkpt>
      <trkpt lon="-82.150865" lat="33.561933"><ele>84.194223</ele><time>2025-09-14T14:49:01Z</time><extensions><speed>1.191391</speed><course>339.846498</course><hAcc>2.049248</hAcc><vAcc>1.293279</vAcc></extensions></trkpt>
      <trkpt lon="-82.150869" lat="33.561944"><ele>84.246379</ele><time>2025-09-14T14:49:02Z</time><extensions><speed>1.227882</speed><course>342.873380</course><hAcc>2.027769</hAcc><vAcc>1.283225</vAcc></extensions></trkpt>
      <trkpt lon="-82.150873" lat="33.561955"><ele>84.304132</ele><time>2025-09-14T14:49:03Z</time><extensions><speed>1.269683</speed><course>345.006309</course><hAcc>2.013880</hAcc><vAcc>1.274518</vAcc></extensions></trkpt>
      <trkpt lon="-82.150877" lat="33.561966"><ele>84.369984</ele><time>2025-09-14T14:49:04Z</time><extensions><speed>1.281291</speed><course>345.240732</course><hAcc>2.011646</hAcc><vAcc>1.266578</vAcc></extensions></trkpt>
      <trkpt lon="-82.150880" lat="33.561978"><ele>84.428197</ele><time>2025-09-14T14:49:05Z</time><extensions><speed>1.321956</speed><course>345.194628</course><hAcc>2.002264</hAcc><vAcc>1.258527</vAcc></extensions></trkpt>
      <trkpt lon="-82.150884" lat="33.561990"><ele>84.488265</ele><time>2025-09-14T14:49:06Z</time><extensions><speed>1.350088</speed><course>346.080515</course><hAcc>1.985324</hAcc><vAcc>1.248679</vAcc></extensions></trkpt>
      <trkpt lon="-82.150888" lat="33.562001"><ele>84.554823</ele><time>2025-09-14T14:49:07Z</time><extensions><speed>1.291871</speed><course>347.693872</course><hAcc>1.955991</hAcc><vAcc>1.239771</vAcc></extensions></trkpt>
      <trkpt lon="-82.150891" lat="33.562013"><ele>84.605316</ele><time>2025-09-14T14:49:08Z</time><extensions><speed>1.283043</speed><course>348.645950</course><hAcc>1.948236</hAcc><vAcc>1.231843</vAcc></extensions></trkpt>
      <trkpt lon="-82.150894" lat="33.562025"><ele>84.635290</ele><time>2025-09-14T14:49:09Z</time><extensions><speed>1.383756</speed><course>347.689828</course><hAcc>1.944251</hAcc><vAcc>1.225532</vAcc></extensions></trkpt>
      <trkpt lon="-82.150898" lat="33.562037"><ele>84.684830</ele><time>2025-09-14T14:49:10Z</time><extensions><speed>1.385826</speed><course>345.109750</course><hAcc>1.929500</hAcc><vAcc>1.221446</vAcc></extensions></trkpt>
      <trkpt lon="-82.150903" lat="33.562049"><ele>84.700437</ele><time>2025-09-14T14:49:11Z</time><extensions><speed>1.346039</speed><course>341.598516</course><hAcc>1.914184</hAcc><vAcc>1.217841</vAcc></extensions></trkpt>
      <trkpt lon="-82.150908" lat="33.562060"><ele>84.713164</ele><time>2025-09-14T14:49:12Z</time><extensions><speed>1.258959</speed><course>337.256106</course><hAcc>1.898095</hAcc><vAcc>1.212443</vAcc></extensions></trkpt>
      <trkpt lon="-82.150914" lat="33.562070"><ele>84.735844</ele><time>2025-09-14T14:49:13Z</time><extensions><speed>1.220379</speed><course>332.247721</course><hAcc>1.885756</hAcc><vAcc>1.207347</vAcc></extensions></trkpt>
      <trkpt lon="-82.150921" lat="33.562080"><ele>84.728121</ele><time>2025-09-14T14:49:14Z</time><extensions><speed>1.264582</speed><course>329.373079</course><hAcc>1.875149</hAcc><vAcc>1.202209</vAcc></extensions></trkpt>
      <trkpt lon="-82.150928" lat="33.562090"><ele>84.719137</ele><time>2025-09-14T14:49:15Z</time><extensions><speed>1.229871</speed><course>326.302848</course><hAcc>1.864874</hAcc><vAcc>1.197659</vAcc></extensions></trkpt>
      <trkpt lon="-82.150936" lat="33.562099"><ele>84.705246</ele><time>2025-09-14T14:49:16Z</time><extensions><speed>1.278789</speed><course>322.429137</course><hAcc>1.861673</hAcc><vAcc>1.192544</vAcc></extensions></trkpt>
      <trkpt lon="-82.150945" lat="33.562108"><ele>84.697168</ele><time>2025-09-14T14:49:17Z</time><extensions><speed>1.370309</speed><course>318.586029</course><hAcc>1.862179</hAcc><vAcc>1.188944</vAcc></extensions></trkpt>
      <trkpt lon="-82.150956" lat="33.562117"><ele>84.690793</ele><time>2025-09-14T14:49:18Z</time><extensions><speed>1.396242</speed><course>314.869890</course><hAcc>1.863080</hAcc><vAcc>1.185062</vAcc></extensions></trkpt>
      <trkpt lon="-82.150967" lat="33.562126"><ele>84.647126</ele><time>2025-09-14T14:49:19Z</time><extensions><speed>1.420029</speed><course>312.790297</course><hAcc>1.858752</hAcc><vAcc>1.182830</vAcc></extensions></trkpt>
      <trkpt lon="-82.150978" lat="33.562134"><ele>84.589292</ele><time>2025-09-14T14:49:20Z</time><extensions><speed>1.363316</speed><course>310.052964</course><hAcc>1.855248</hAcc><vAcc>1.181500</vAcc></extensions></trkpt>
      <trkpt lon="-82.150990" lat="33.562142"><ele>84.550144</ele><time>2025-09-14T14:49:21Z</time><extensions><speed>1.325058</speed><course>309.068851</course><hAcc>1.840465</hAcc><vAcc>1.182074</vAcc></extensions></trkpt>
      <trkpt lon="-82.151001" lat="33.562149"><ele>84.516199</ele><time>2025-09-14T14:49:22Z</time><extensions><speed>1.258399</speed><course>306.079337</course><hAcc>1.836851</hAcc><vAcc>1.181464</vAcc></extensions></trkpt>
      <trkpt lon="-82.151013" lat="33.562155"><ele>84.464969</ele><time>2025-09-14T14:49:23Z</time><extensions><speed>1.262939</speed><course>301.421081</course><hAcc>1.831952</hAcc><vAcc>1.179802</vAcc></extensions></trkpt>
      <trkpt lon="-82.151024" lat="33.562160"><ele>84.409877</ele><time>2025-09-14T14:49:24Z</time><extensions><speed>1.184681</speed><course>297.956112</course><hAcc>1.823858</hAcc><vAcc>1.179004</vAcc></extensions></trkpt>
      <trkpt lon="-82.151036" lat="33.562165"><ele>84.341136</ele><time>2025-09-14T14:49:25Z</time><extensions><speed>1.165025</speed><course>297.651237</course><hAcc>1.818965</hAcc><vAcc>1.180813</vAcc></extensions></trkpt>
      <trkpt lon="-82.151047" lat="33.562169"><ele>84.267022</ele><time>2025-09-14T14:49:26Z</time><extensions><speed>1.080286</speed><course>297.656944</course><hAcc>1.808195</hAcc><vAcc>1.182272</vAcc></extensions></trkpt>
      <trkpt lon="-82.151057" lat="33.562174"><ele>84.193665</ele><time>2025-09-14T14:49:27Z</time><extensions><speed>1.074045</speed><course>297.759147</course><hAcc>1.799890</hAcc><vAcc>1.180269</vAcc></extensions></trkpt>
      <trkpt lon="-82.151068" lat="33.562178"><ele>84.084021</ele><time>2025-09-14T14:49:28Z</time><extensions><speed>1.085845</speed><course>292.686909</course><hAcc>1.791211</hAcc><vAcc>1.176951</vAcc></extensions></trkpt>
      <trkpt lon="-82.151079" lat="33.562181"><ele>83.967970</ele><time>2025-09-14T14:49:29Z</time><extensions><speed>1.136891</speed><course>282.854137</course><hAcc>1.778768</hAcc><vAcc>1.173609</vAcc></extensions></trkpt>
      <trkpt lon="-82.151091" lat="33.562182"><ele>83.863590</ele><time>2025-09-14T14:49:30Z</time><extensions><speed>1.157894</speed><course>269.990549</course><hAcc>1.772517</hAcc><vAcc>1.169118</vAcc></extensions></trkpt>
      <trkpt lon="-82.151104" lat="33.562181"><ele>83.751937</ele><time>2025-09-14T14:49:31Z</time><extensions><speed>1.195469</speed><course>256.087320</course><hAcc>1.771824</hAcc><vAcc>1.163468</vAcc></extensions></trkpt>
      <trkpt lon="-82.151116" lat="33.562177"><ele>83.634740</ele><time>2025-09-14T14:49:32Z</time><extensions><speed>1.240949</speed><course>246.705228</course><hAcc>1.753585</hAcc><vAcc>1.155351</vAcc></extensions></trkpt>
      <trkpt lon="-82.151128" lat="33.562172"><ele>83.502677</ele><time>2025-09-14T14:49:33Z</time><extensions><speed>1.270192</speed><course>239.969455</course><hAcc>1.725710</hAcc><vAcc>1.144940</vAcc></extensions></trkpt>
      <trkpt lon="-82.151141" lat="33.562166"><ele>83.397620</ele><time>2025-09-14T14:49:34Z</time><extensions><speed>1.403402</speed><course>236.153381</course><hAcc>1.729967</hAcc><vAcc>1.134180</vAcc></extensions></trkpt>
      <trkpt lon="-82.151152" lat="33.562159"><ele>83.342505</ele><time>2025-09-14T14:49:35Z</time><extensions><speed>1.257524</speed><course>234.751486</course><hAcc>1.753299</hAcc><vAcc>1.122655</vAcc></extensions></trkpt>
      <trkpt lon="-82.151163" lat="33.562153"><ele>83.276456</ele><time>2025-09-14T14:49:36Z</time><extensions><speed>1.098599</speed><course>240.305134</course><hAcc>1.713587</hAcc><vAcc>1.108690</vAcc></extensions></trkpt>
      <trkpt lon="-82.151173" lat="33.562149"><ele>83.208035</ele><time>2025-09-14T14:49:37Z</time><extensions><speed>1.023566</speed><course>245.084279</course><hAcc>1.674638</hAcc><vAcc>1.093073</vAcc></extensions></trkpt>
      <trkpt lon="-82.151183" lat="33.562145"><ele>83.133875</ele><time>2025-09-14T14:49:38Z</time><extensions><speed>1.010522</speed><course>245.806814</course><hAcc>1.646683</hAcc><vAcc>1.077627</vAcc></extensions></trkpt>
      <trkpt lon="-82.151193" lat="33.562141"><ele>83.070013</ele><time>2025-09-14T14:49:39Z</time><extensions><speed>0.986547</speed><course>244.336523</course><hAcc>1.633486</hAcc><vAcc>1.063121</vAcc></extensions></trkpt>
      <trkpt lon="-82.151203" lat="33.562137"><ele>83.004417</ele><time>2025-09-14T14:49:40Z</time><extensions><speed>1.108304</speed><course>243.142244</course><hAcc>1.641727</hAcc><vAcc>1.048463</vAcc></extensions></trkpt>
      <trkpt lon="-82.151214" lat="33.562132"><ele>82.943854</ele><time>2025-09-14T14:49:41Z</time><extensions><speed>1.195177</speed><course>241.566657</course><hAcc>1.632452</hAcc><vAcc>1.033552</vAcc></extensions></trkpt>
      <trkpt lon="-82.151226" lat="33.562126"><ele>82.886270</ele><time>2025-09-14T14:49:42Z</time><extensions><speed>1.236340</speed><course>237.133156</course><hAcc>1.613437</hAcc><vAcc>1.018946</vAcc></extensions></trkpt>
      <trkpt lon="-82.151237" lat="33.562120"><ele>82.836759</ele><time>2025-09-14T14:49:43Z</time><extensions><speed>1.298803</speed><course>232.401019</course><hAcc>1.595973</hAcc><vAcc>1.006392</vAcc></extensions></trkpt>
      <trkpt lon="-82.151248" lat="33.562112"><ele>82.803431</ele><time>2025-09-14T14:49:44Z</time><extensions><speed>1.287456</speed><course>229.135849</course><hAcc>1.581126</hAcc><vAcc>0.994403</vAcc></extensions></trkpt>
      <trkpt lon="-82.151259" lat="33.562105"><ele>82.790385</ele><time>2025-09-14T14:49:45Z</time><extensions><speed>1.400050</speed><course>228.938258</course><hAcc>1.561377</hAcc><vAcc>0.983321</vAcc></extensions></trkpt>
      <trkpt lon="-82.151270" lat="33.562096"><ele>82.779334</ele><time>2025-09-14T14:49:46Z</time><extensions><speed>1.396608</speed><course>229.683093</course><hAcc>1.557810</hAcc><vAcc>0.973718</vAcc></extensions></trkpt>
      <trkpt lon="-82.151282" lat="33.562088"><ele>82.755920</ele><time>2025-09-14T14:49:47Z</time><extensions><speed>1.431857</speed><course>231.911437</course><hAcc>1.550231</hAcc><vAcc>0.966131</vAcc></extensions></trkpt>
      <trkpt lon="-82.151294" lat="33.562081"><ele>82.747742</ele><time>2025-09-14T14:49:48Z</time><extensions><speed>1.405911</speed><course>234.322577</course><hAcc>1.542299</hAcc><vAcc>0.960318</vAcc></extensions></trkpt>
      <trkpt lon="-82.151306" lat="33.562073"><ele>82.729801</ele><time>2025-09-14T14:49:49Z</time><extensions><speed>1.327057</speed><course>236.331921</course><hAcc>1.541298</hAcc><vAcc>0.955928</vAcc></extensions></trkpt>
      <trkpt lon="-82.151318" lat="33.562067"><ele>82.704262</ele><time>2025-09-14T14:49:49Z</time><extensions><speed>1.322649</speed><course>238.396326</course><hAcc>1.534900</hAcc><vAcc>0.952960</vAcc></extensions></trkpt>
      <trkpt lon="-82.151330" lat="33.562061"><ele>82.687489</ele><time>2025-09-14T14:49:50Z</time><extensions><speed>1.206558</speed><course>238.637533</course><hAcc>1.520732</hAcc><vAcc>0.950232</vAcc></extensions></trkpt>
      <trkpt lon="-82.151341" lat="33.562055"><ele>82.665248</ele><time>2025-09-14T14:49:51Z</time><extensions><speed>1.110356</speed><course>236.275047</course><hAcc>1.495941</hAcc><vAcc>0.947733</vAcc></extensions></trkpt>
      <trkpt lon="-82.151351" lat="33.562050"><ele>82.644823</ele><time>2025-09-14T14:49:52Z</time><extensions><speed>1.147859</speed><course>232.767334</course><hAcc>1.493152</hAcc><vAcc>0.945428</vAcc></extensions></trkpt>
      <trkpt lon="-82.151361" lat="33.562043"><ele>82.636044</ele><time>2025-09-14T14:49:53Z</time><extensions><speed>1.212535</speed><course>231.010788</course><hAcc>1.481393</hAcc><vAcc>0.942910</vAcc></extensions></trkpt>
      <trkpt lon="-82.151371" lat="33.562036"><ele>82.621331</ele><time>2025-09-14T14:49:54Z</time><extensions><speed>1.288796</speed><course>230.791387</course><hAcc>1.464421</hAcc><vAcc>0.941281</vAcc></extensions></trkpt>
      <trkpt lon="-82.151382" lat="33.562029"><ele>82.597512</ele><time>2025-09-14T14:49:55Z</time><extensions><speed>1.276592</speed><course>232.065178</course><hAcc>1.450071</hAcc><vAcc>0.940820</vAcc></extensions></trkpt>
      <trkpt lon="-82.151392" lat="33.562022"><ele>82.570389</ele><time>2025-09-14T14:49:56Z</time><extensions><speed>1.212582</speed><course>233.162135</course><hAcc>1.432062</hAcc><vAcc>0.941562</vAcc></extensions></trkpt>
      <trkpt lon="-82.151403" lat="33.562016"><ele>82.545369</ele><time>2025-09-14T14:49:57Z</time><extensions><speed>1.152043</speed><course>233.615294</course><hAcc>1.427582</hAcc><vAcc>0.943371</vAcc></extensions></trkpt>
      <trkpt lon="-82.151413" lat="33.562009"><ele>82.507483</ele><time>2025-09-14T14:49:58Z</time><extensions><speed>1.155149</speed><course>234.819987</course><hAcc>1.423354</hAcc><vAcc>0.945804</vAcc></extensions></trkpt>
      <trkpt lon="-82.151423" lat="33.562004"><ele>82.471400</ele><time>2025-09-14T14:49:59Z</time><extensions><speed>1.146283</speed><course>238.137393</course><hAcc>1.427453</hAcc><vAcc>0.948779</vAcc></extensions></trkpt>
      <trkpt lon="-82.151433" lat="33.561999"><ele>82.444900</ele><time>2025-09-14T14:50:00Z</time><extensions><speed>1.084927</speed><course>242.555114</course><hAcc>1.431379</hAcc><vAcc>0.951916</vAcc></extensions></trkpt>
      <trkpt lon="-82.151443" lat="33.561995"><ele>82.399766</ele><time>2025-09-14T14:50:01Z</time><extensions><speed>0.916028</speed><course>244.386128</course><hAcc>1.447639</hAcc><vAcc>0.955464</vAcc></extensions></trkpt>
      <trkpt lon="-82.151451" lat="33.561991"><ele>82.350532</ele><time>2025-09-14T14:50:02Z</time><extensions><speed>0.766995</speed><course>243.697149</course><hAcc>1.468017</hAcc><vAcc>0.959325</vAcc></extensions></trkpt>
      <trkpt lon="-82.151457" lat="33.561989"><ele>82.309814</ele><time>2025-09-14T14:50:03Z</time><extensions><speed>0.526314</speed><course>238.627981</course><hAcc>1.480032</hAcc><vAcc>0.963795</vAcc></extensions></trkpt>
      <trkpt lon="-82.151461" lat="33.561986"><ele>82.270729</ele><time>2025-09-14T14:50:04Z</time><extensions><speed>0.301646</speed><course>229.608988</course><hAcc>1.516433</hAcc><vAcc>0.968155</vAcc></extensions></trkpt>
      <trkpt lon="-82.151463" lat="33.561985"><ele>82.223564</ele><time>2025-09-14T14:50:05Z</time><extensions><speed>0.229985</speed><course>223.221153</course><hAcc>1.565114</hAcc><vAcc>0.974195</vAcc></extensions></trkpt>
      <trkpt lon="-82.151465" lat="33.561983"><ele>82.195325</ele><time>2025-09-14T14:50:06Z</time><extensions><speed>0.305334</speed><course>225.846404</course><hAcc>1.595832</hAcc><vAcc>0.978512</vAcc></extensions></trkpt>
      <trkpt lon="-82.151469" lat="33.561981"><ele>82.154915</ele><time>2025-09-14T14:50:07Z</time><extensions><speed>0.542170</speed><course>231.312980</course><hAcc>1.605964</hAcc><vAcc>0.982808</vAcc></extensions></trkpt>
      <trkpt lon="-82.151475" lat="33.561977"><ele>82.116976</ele><time>2025-09-14T14:50:08Z</time><extensions><speed>0.899040</speed><course>235.485732</course><hAcc>1.624821</hAcc><vAcc>0.985452</vAcc></extensions></trkpt>
      <trkpt lon="-82.151484" lat="33.561972"><ele>82.069514</ele><time>2025-09-14T14:50:09Z</time><extensions><speed>1.119103</speed><course>235.873488</course><hAcc>1.629715</hAcc><vAcc>0.985043</vAcc></extensions></trkpt>
      <trkpt lon="-82.151494" lat="33.561966"><ele>81.996417</ele><time>2025-09-14T14:50:10Z</time><extensions><speed>1.169706</speed><course>233.939274</course><hAcc>1.607190</hAcc><vAcc>0.983054</vAcc></extensions></trkpt>
      <trkpt lon="-82.151503" lat="33.561960"><ele>81.930307</ele><time>2025-09-14T14:50:11Z</time><extensions><speed>0.979902</speed><course>231.222213</course><hAcc>1.567520</hAcc><vAcc>0.979950</vAcc></extensions></trkpt>
      <trkpt lon="-82.151511" lat="33.561954"><ele>81.852042</ele><time>2025-09-14T14:50:12Z</time><extensions><speed>0.941211</speed><course>231.216648</course><hAcc>1.543876</hAcc><vAcc>0.976138</vAcc></extensions></trkpt>
      <trkpt lon="-82.151520" lat="33.561949"><ele>81.760500</ele><time>2025-09-14T14:50:13Z</time><extensions><speed>0.972109</speed><course>235.289653</course><hAcc>1.547098</hAcc><vAcc>0.970640</vAcc></extensions></trkpt>
      <trkpt lon="-82.151529" lat="33.561945"><ele>81.662549</ele><time>2025-09-14T14:50:14Z</time><extensions><speed>0.993531</speed><course>242.935863</course><hAcc>1.537460</hAcc><vAcc>0.964487</vAcc></extensions></trkpt>
      <trkpt lon="-82.151538" lat="33.561942"><ele>81.575958</ele><time>2025-09-14T14:50:15Z</time><extensions><speed>0.833490</speed><course>256.441761</course><hAcc>1.518480</hAcc><vAcc>0.957317</vAcc></extensions></trkpt>
      <trkpt lon="-82.151547" lat="33.561940"><ele>81.489076</ele><time>2025-09-14T14:50:16Z</time><extensions><speed>0.920356</speed><course>257.363676</course><hAcc>1.501865</hAcc><vAcc>0.949829</vAcc></extensions></trkpt>
      <trkpt lon="-82.151557" lat="33.561938"><ele>81.403879</ele><time>2025-09-14T14:50:18Z</time><extensions><speed>0.944547</speed><course>250.436921</course><hAcc>1.482139</hAcc><vAcc>0.941872</vAcc></extensions></trkpt>
      <trkpt lon="-82.151567" lat="33.561934"><ele>81.330466</ele><time>2025-09-14T14:50:19Z</time><extensions><speed>1.054251</speed><course>247.508332</course><hAcc>1.472662</hAcc><vAcc>0.934779</vAcc></extensions></trkpt>
      <trkpt lon="-82.151578" lat="33.561931"><ele>81.257631</ele><time>2025-09-14T14:50:20Z</time><extensions><speed>1.129636</speed><course>247.855660</course><hAcc>1.457385</hAcc><vAcc>0.929296</vAcc></extensions></trkpt>
      <trkpt lon="-82.151588" lat="33.561927"><ele>81.188454</ele><time>2025-09-14T14:50:21Z</time><extensions><speed>1.023632</speed><course>247.472819</course><hAcc>1.429183</hAcc><vAcc>0.925020</vAcc></extensions></trkpt>
      <trkpt lon="-82.151599" lat="33.561923"><ele>81.122563</ele><time>2025-09-14T14:50:22Z</time><extensions><speed>1.024133</speed><course>246.884081</course><hAcc>1.429579</hAcc><vAcc>0.923489</vAcc></extensions></trkpt>
      <trkpt lon="-82.151609" lat="33.561920"><ele>81.073166</ele><time>2025-09-14T14:50:23Z</time><extensions><speed>1.021018</speed><course>245.419032</course><hAcc>1.417623</hAcc><vAcc>0.924237</vAcc></extensions></trkpt>
      <trkpt lon="-82.151619" lat="33.561916"><ele>81.031770</ele><time>2025-09-14T14:50:24Z</time><extensions><speed>1.024801</speed><course>243.667838</course><hAcc>1.401953</hAcc><vAcc>0.928078</vAcc></extensions></trkpt>
      <trkpt lon="-82.151628" lat="33.561912"><ele>81.000071</ele><time>2025-09-14T14:50:25Z</time><extensions><speed>0.932201</speed><course>242.300666</course><hAcc>1.399773</hAcc><vAcc>0.934869</vAcc></extensions></trkpt>
      <trkpt lon="-82.151636" lat="33.561908"><ele>80.982936</ele><time>2025-09-14T14:50:26Z</time><extensions><speed>0.755254</speed><course>238.557136</course><hAcc>1.415304</hAcc><vAcc>0.945048</vAcc></extensions></trkpt>
      <trkpt lon="-82.151641" lat="33.561905"><ele>80.968540</ele><time>2025-09-14T14:50:27Z</time><extensions><speed>0.364509</speed><course>229.657835</course><hAcc>1.422284</hAcc><vAcc>0.958405</vAcc></extensions></trkpt>
      <trkpt lon="-82.151642" lat="33.561903"><ele>80.952977</ele><time>2025-09-14T14:50:28Z</time><extensions><speed>0.121402</speed><course>193.209861</course><hAcc>1.442260</hAcc><vAcc>0.972815</vAcc></extensions></trkpt>
      <trkpt lon="-82.151642" lat="33.561903"><ele>80.939388</ele><time>2025-09-14T14:50:29Z</time><extensions><speed>0.091767</speed><course>146.556158</course><hAcc>1.493249</hAcc><vAcc>0.988996</vAcc></extensions></trkpt>
      <trkpt lon="-82.151642" lat="33.561902"><ele>80.922748</ele><time>2025-09-14T14:50:30Z</time><extensions><speed>0.085624</speed><course>130.052088</course><hAcc>1.554479</hAcc><vAcc>1.002882</vAcc></extensions></trkpt>
      <trkpt lon="-82.151641" lat="33.561902"><ele>80.898389</ele><time>2025-09-14T14:50:31Z</time><extensions><speed>0.068616</speed><course>144.113487</course><hAcc>1.609071</hAcc><vAcc>1.016682</vAcc></extensions></trkpt>
      <trkpt lon="-82.151641" lat="33.561901"><ele>80.901191</ele><time>2025-09-14T14:50:32Z</time><extensions><speed>0.066796</speed><course>185.783429</course><hAcc>1.655240</hAcc><vAcc>1.028423</vAcc></extensions></trkpt>
      <trkpt lon="-82.151642" lat="33.561900"><ele>80.884614</ele><time>2025-09-14T14:50:33Z</time><extensions><speed>0.106827</speed><course>223.504692</course><hAcc>1.686605</hAcc><vAcc>1.038186</vAcc></extensions></trkpt>
      <trkpt lon="-82.151643" lat="33.561900"><ele>80.876743</ele><time>2025-09-14T14:50:34Z</time><extensions><speed>0.199888</speed><course>242.295840</course><hAcc>1.703246</hAcc><vAcc>1.045414</vAcc></extensions></trkpt>
      <trkpt lon="-82.151646" lat="33.561899"><ele>80.890182</ele><time>2025-09-14T14:50:35Z</time><extensions><speed>0.372204</speed><course>249.073943</course><hAcc>1.703907</hAcc><vAcc>1.050227</vAcc></extensions></trkpt>
      <trkpt lon="-82.151651" lat="33.561897"><ele>80.881834</ele><time>2025-09-14T14:50:36Z</time><extensions><speed>0.682614</speed><course>250.734635</course><hAcc>1.700150</hAcc><vAcc>1.052457</vAcc></extensions></trkpt>
      <trkpt lon="-82.151660" lat="33.561895"><ele>80.886214</ele><time>2025-09-14T14:50:37Z</time><extensions><speed>0.962385</speed><course>253.059135</course><hAcc>1.715849</hAcc><vAcc>1.050434</vAcc></extensions></trkpt>
      <trkpt lon="-82.151671" lat="33.561892"><ele>80.911322</ele><time>2025-09-14T14:50:38Z</time><extensions><speed>1.157340</speed><course>256.284238</course><hAcc>1.703263</hAcc><vAcc>1.045963</vAcc></extensions></trkpt>
      <trkpt lon="-82.151683" lat="33.561890"><ele>80.925820</ele><time>2025-09-14T14:50:39Z</time><extensions><speed>1.136847</speed><course>257.687671</course><hAcc>1.679820</hAcc><vAcc>1.038292</vAcc></extensions></trkpt>
      <trkpt lon="-82.151695" lat="33.561887"><ele>80.946494</ele><time>2025-09-14T14:50:40Z</time><extensions><speed>1.129213</speed><course>256.230269</course><hAcc>1.652293</hAcc><vAcc>1.028837</vAcc></extensions></trkpt>
      <trkpt lon="-82.151706" lat="33.561885"><ele>80.984285</ele><time>2025-09-14T14:50:41Z</time><extensions><speed>1.101811</speed><course>253.687763</course><hAcc>1.627607</hAcc><vAcc>1.018015</vAcc></extensions></trkpt>
      <trkpt lon="-82.151718" lat="33.561881"><ele>80.997494</ele><time>2025-09-14T14:50:42Z</time><extensions><speed>1.154265</speed><course>249.501284</course><hAcc>1.607363</hAcc><vAcc>1.004988</vAcc></extensions></trkpt>
      <trkpt lon="-82.151729" lat="33.561878"><ele>80.996407</ele><time>2025-09-14T14:50:43Z</time><extensions><speed>1.130070</speed><course>246.090441</course><hAcc>1.597524</hAcc><vAcc>0.990728</vAcc></extensions></trkpt>
      <trkpt lon="-82.151740" lat="33.561873"><ele>80.995620</ele><time>2025-09-14T14:50:44Z</time><extensions><speed>1.125337</speed><course>242.843301</course><hAcc>1.573062</hAcc><vAcc>0.975103</vAcc></extensions></trkpt>
      <trkpt lon="-82.151751" lat="33.561868"><ele>80.987216</ele><time>2025-09-14T14:50:45Z</time><extensions><speed>1.100107</speed><course>239.159230</course><hAcc>1.528860</hAcc><vAcc>0.958902</vAcc></extensions></trkpt>
      <trkpt lon="-82.151761" lat="33.561863"><ele>80.970203</ele><time>2025-09-14T14:50:46Z</time><extensions><speed>1.158651</speed><course>236.266538</course><hAcc>1.513538</hAcc><vAcc>0.942678</vAcc></extensions></trkpt>
      <trkpt lon="-82.151772" lat="33.561857"><ele>80.949438</ele><time>2025-09-14T14:50:47Z</time><extensions><speed>1.279446</speed><course>235.470825</course><hAcc>1.495454</hAcc><vAcc>0.926380</vAcc></extensions></trkpt>
      <trkpt lon="-82.151783" lat="33.561850"><ele>80.925280</ele><time>2025-09-14T14:50:48Z</time><extensions><speed>1.312913</speed><course>235.801250</course><hAcc>1.468811</hAcc><vAcc>0.911026</vAcc></extensions></trkpt>
      <trkpt lon="-82.151795" lat="33.561844"><ele>80.891072</ele><time>2025-09-14T14:50:49Z</time><extensions><speed>1.290291</speed><course>239.033335</course><hAcc>1.446435</hAcc><vAcc>0.896195</vAcc></extensions></trkpt>
      <trkpt lon="-82.151807" lat="33.561838"><ele>80.834680</ele><time>2025-09-14T14:50:50Z</time><extensions><speed>1.255514</speed><course>243.897633</course><hAcc>1.431528</hAcc><vAcc>0.882187</vAcc></extensions></trkpt>
      <trkpt lon="-82.151819" lat="33.561834"><ele>80.759970</ele><time>2025-09-14T14:50:51Z</time><extensions><speed>1.231860</speed><course>247.398339</course><hAcc>1.409727</hAcc><vAcc>0.869562</vAcc></extensions></trkpt>
      <trkpt lon="-82.151831" lat="33.561830"><ele>80.677103</ele><time>2025-09-14T14:50:52Z</time><extensions><speed>1.129085</speed><course>247.416947</course><hAcc>1.392984</hAcc><vAcc>0.857973</vAcc></extensions></trkpt>
      <trkpt lon="-82.151842" lat="33.561826"><ele>80.598239</ele><time>2025-09-14T14:50:53Z</time><extensions><speed>1.023207</speed><course>246.139242</course><hAcc>1.380177</hAcc><vAcc>0.847858</vAcc></extensions></trkpt>
      <trkpt lon="-82.151852" lat="33.561822"><ele>80.514701</ele><time>2025-09-14T14:50:54Z</time><extensions><speed>0.987947</speed><course>245.707040</course><hAcc>1.368604</hAcc><vAcc>0.839119</vAcc></extensions></trkpt>
      <trkpt lon="-82.151862" lat="33.561819"><ele>80.424901</ele><time>2025-09-14T14:50:55Z</time><extensions><speed>0.998706</speed><course>246.638510</course><hAcc>1.356215</hAcc><vAcc>0.832115</vAcc></extensions></trkpt>
      <trkpt lon="-82.151872" lat="33.561815"><ele>80.340168</ele><time>2025-09-14T14:50:56Z</time><extensions><speed>1.074306</speed><course>248.945877</course><hAcc>1.348012</hAcc><vAcc>0.826427</vAcc></extensions></trkpt>
      <trkpt lon="-82.151883" lat="33.561812"><ele>80.243497</ele><time>2025-09-14T14:50:57Z</time><extensions><speed>1.172625</speed><course>251.536976</course><hAcc>1.341843</hAcc><vAcc>0.821953</vAcc></extensions></trkpt>
      <trkpt lon="-82.151895" lat="33.561809"><ele>80.149820</ele><time>2025-09-14T14:50:58Z</time><extensions><speed>1.162557</speed><course>254.314928</course><hAcc>1.335647</hAcc><vAcc>0.818767</vAcc></extensions></trkpt>
      <trkpt lon="-82.151907" lat="33.561806"><ele>80.062540</ele><time>2025-09-14T14:50:59Z</time><extensions><speed>1.126858</speed><course>253.546245</course><hAcc>1.327905</hAcc><vAcc>0.816517</vAcc></extensions></trkpt>
      <trkpt lon="-82.151918" lat="33.561802"><ele>79.985034</ele><time>2025-09-14T14:51:00Z</time><extensions><speed>1.029720</speed><course>247.576044</course><hAcc>1.311326</hAcc><vAcc>0.815009</vAcc></extensions></trkpt>
      <trkpt lon="-82.151928" lat="33.561799"><ele>79.911472</ele><time>2025-09-14T14:51:01Z</time><extensions><speed>1.075075</speed><course>243.997194</course><hAcc>1.293321</hAcc><vAcc>0.814491</vAcc></extensions></trkpt>
      <trkpt lon="-82.151939" lat="33.561794"><ele>79.848561</ele><time>2025-09-14T14:51:02Z</time><extensions><speed>1.166428</speed><course>242.823795</course><hAcc>1.295678</hAcc><vAcc>0.814462</vAcc></extensions></trkpt>
      <trkpt lon="-82.151950" lat="33.561789"><ele>79.790861</ele><time>2025-09-14T14:51:03Z</time><extensions><speed>1.198847</speed><course>241.251646</course><hAcc>1.292334</hAcc><vAcc>0.814554</vAcc></extensions></trkpt>
      <trkpt lon="-82.151962" lat="33.561784"><ele>79.738900</ele><time>2025-09-14T14:51:04Z</time><extensions><speed>1.175290</speed><course>240.494269</course><hAcc>1.282012</hAcc><vAcc>0.814846</vAcc></extensions></trkpt>
      <trkpt lon="-82.151972" lat="33.561779"><ele>79.673659</ele><time>2025-09-14T14:51:05Z</time><extensions><speed>1.078939</speed><course>241.507604</course><hAcc>1.277079</hAcc><vAcc>0.814849</vAcc></extensions></trkpt>
      <trkpt lon="-82.151983" lat="33.561774"><ele>79.615390</ele><time>2025-09-14T14:51:06Z</time><extensions><speed>1.104990</speed><course>243.745571</course><hAcc>1.256906</hAcc><vAcc>0.814617</vAcc></extensions></trkpt>
      <trkpt lon="-82.151994" lat="33.561770"><ele>79.573352</ele><time>2025-09-14T14:51:07Z</time><extensions><speed>1.141110</speed><course>244.823257</course><hAcc>1.244813</hAcc><vAcc>0.814153</vAcc></extensions></trkpt>
      <trkpt lon="-82.152005" lat="33.561766"><ele>79.524675</ele><time>2025-09-14T14:51:08Z</time><extensions><speed>1.195077</speed><course>248.011223</course><hAcc>1.239526</hAcc><vAcc>0.813522</vAcc></extensions></trkpt>
      <trkpt lon="-82.152018" lat="33.561762"><ele>79.473294</ele><time>2025-09-14T14:51:09Z</time><extensions><speed>1.315047</speed><course>248.076602</course><hAcc>1.229013</hAcc><vAcc>0.812195</vAcc></extensions></trkpt>
      <trkpt lon="-82.152031" lat="33.561757"><ele>79.421817</ele><time>2025-09-14T14:51:10Z</time><extensions><speed>1.320020</speed><course>247.522717</course><hAcc>1.226733</hAcc><vAcc>0.810296</vAcc></extensions></trkpt>
      <trkpt lon="-82.152043" lat="33.561753"><ele>79.375352</ele><time>2025-09-14T14:51:11Z</time><extensions><speed>1.218510</speed><course>246.306932</course><hAcc>1.237941</hAcc><vAcc>0.808088</vAcc></extensions></trkpt>
      <trkpt lon="-82.152055" lat="33.561748"><ele>79.316377</ele><time>2025-09-14T14:51:12Z</time><extensions><speed>1.155405</speed><course>243.305379</course><hAcc>1.219524</hAcc><vAcc>0.804943</vAcc></extensions></trkpt>
      <trkpt lon="-82.152066" lat="33.561743"><ele>79.259596</ele><time>2025-09-14T14:51:13Z</time><extensions><speed>1.152821</speed><course>244.559870</course><hAcc>1.221423</hAcc><vAcc>0.801168</vAcc></extensions></trkpt>
      <trkpt lon="-82.152077" lat="33.561739"><ele>79.205244</ele><time>2025-09-14T14:51:14Z</time><extensions><speed>1.173018</speed><course>244.849383</course><hAcc>1.222679</hAcc><vAcc>0.796955</vAcc></extensions></trkpt>
      <trkpt lon="-82.152089" lat="33.561735"><ele>79.157850</ele><time>2025-09-14T14:51:15Z</time><extensions><speed>1.141985</speed><course>245.506690</course><hAcc>1.218686</hAcc><vAcc>0.792512</vAcc></extensions></trkpt>
      <trkpt lon="-82.152100" lat="33.561730"><ele>79.098100</ele><time>2025-09-14T14:51:16Z</time><extensions><speed>1.125897</speed><course>245.165812</course><hAcc>1.217426</hAcc><vAcc>0.788053</vAcc></extensions></trkpt>
      <trkpt lon="-82.152111" lat="33.561726"><ele>79.035553</ele><time>2025-09-14T14:51:17Z</time><extensions><speed>1.158589</speed><course>243.755219</course><hAcc>1.214769</hAcc><vAcc>0.783757</vAcc></extensions></trkpt>
      <trkpt lon="-82.152122" lat="33.561721"><ele>78.969954</ele><time>2025-09-14T14:51:18Z</time><extensions><speed>1.189347</speed><course>242.023516</course><hAcc>1.206780</hAcc><vAcc>0.779740</vAcc></extensions></trkpt>
      <trkpt lon="-82.152134" lat="33.561716"><ele>78.912963</ele><time>2025-09-14T14:51:19Z</time><extensions><speed>1.222447</speed><course>240.196006</course><hAcc>1.192450</hAcc><vAcc>0.776066</vAcc></extensions></trkpt>
      <trkpt lon="-82.152145" lat="33.561710"><ele>78.847867</ele><time>2025-09-14T14:51:20Z</time><extensions><speed>1.167253</speed><course>239.025224</course><hAcc>1.189384</hAcc><vAcc>0.772765</vAcc></extensions></trkpt>
      <trkpt lon="-82.152155" lat="33.561705"><ele>78.777582</ele><time>2025-09-14T14:51:21Z</time><extensions><speed>1.116029</speed><course>241.182808</course><hAcc>1.197942</hAcc><vAcc>0.769827</vAcc></extensions></trkpt>
      <trkpt lon="-82.152166" lat="33.561701"><ele>78.716001</ele><time>2025-09-14T14:51:22Z</time><extensions><speed>1.128012</speed><course>247.915302</course><hAcc>1.161217</hAcc><vAcc>0.767235</vAcc></extensions></trkpt>
      <trkpt lon="-82.152178" lat="33.561697"><ele>78.648609</ele><time>2025-09-14T14:51:23Z</time><extensions><speed>1.266505</speed><course>252.258768</course><hAcc>1.147704</hAcc><vAcc>0.764989</vAcc></extensions></trkpt>
      <trkpt lon="-82.152192" lat="33.561694"><ele>78.585968</ele><time>2025-09-14T14:51:24Z</time><extensions><speed>1.374209</speed><course>251.282462</course><hAcc>1.150768</hAcc><vAcc>0.763094</vAcc></extensions></trkpt>
      <trkpt lon="-82.152205" lat="33.561689"><ele>78.536967</ele><time>2025-09-14T14:51:25Z</time><extensions><speed>1.318499</speed><course>247.866520</course><hAcc>1.163880</hAcc><vAcc>0.761537</vAcc></extensions></trkpt>
      <trkpt lon="-82.152218" lat="33.561685"><ele>78.498468</ele><time>2025-09-14T14:51:26Z</time><extensions><speed>1.219000</speed><course>247.410786</course><hAcc>1.136218</hAcc><vAcc>0.760289</vAcc></extensions></trkpt>
      <trkpt lon="-82.152230" lat="33.561681"><ele>78.498599</ele><time>2025-09-14T14:51:27Z</time><extensions><speed>1.187203</speed><course>249.298310</course><hAcc>1.120959</hAcc><vAcc>0.759314</vAcc></extensions></trkpt>
      <trkpt lon="-82.152243" lat="33.561677"><ele>78.513057</ele><time>2025-09-14T14:51:28Z</time><extensions><speed>1.251909</speed><course>252.042111</course><hAcc>1.112442</hAcc><vAcc>0.758569</vAcc></extensions></trkpt>
      <trkpt lon="-82.152256" lat="33.561674"><ele>78.533065</ele><time>2025-09-14T14:51:29Z</time><extensions><speed>1.319391</speed><course>254.353913</course><hAcc>1.095498</hAcc><vAcc>0.758015</vAcc></extensions></trkpt>
      <trkpt lon="-82.152270" lat="33.561671"><ele>78.565278</ele><time>2025-09-14T14:51:30Z</time><extensions><speed>1.339336</speed><course>256.376771</course><hAcc>1.083267</hAcc><vAcc>0.757612</vAcc></extensions></trkpt>
      <trkpt lon="-82.152283" lat="33.561668"><ele>78.609279</ele><time>2025-09-14T14:51:31Z</time><extensions><speed>1.280538</speed><course>255.460276</course><hAcc>1.107885</hAcc><vAcc>0.757327</vAcc></extensions></trkpt>
      <trkpt lon="-82.152297" lat="33.561665"><ele>78.664592</ele><time>2025-09-14T14:51:32Z</time><extensions><speed>1.326422</speed><course>252.693234</course><hAcc>1.076983</hAcc><vAcc>0.757129</vAcc></extensions></trkpt>
      <trkpt lon="-82.152310" lat="33.561661"><ele>78.731140</ele><time>2025-09-14T14:51:33Z</time><extensions><speed>1.273105</speed><course>249.434765</course><hAcc>1.074804</hAcc><vAcc>0.756997</vAcc></extensions></trkpt>
      <trkpt lon="-82.152322" lat="33.561657"><ele>78.806208</ele><time>2025-09-14T14:51:34Z</time><extensions><speed>1.214528</speed><course>246.286736</course><hAcc>1.095368</hAcc><vAcc>0.756910</vAcc></extensions></trkpt>
      <trkpt lon="-82.152334" lat="33.561653"><ele>78.888673</ele><time>2025-09-14T14:51:35Z</time><extensions><speed>1.043510</speed><course>243.213833</course><hAcc>1.112562</hAcc><vAcc>0.756855</vAcc></extensions></trkpt>
      <trkpt lon="-82.152342" lat="33.561649"><ele>78.975308</ele><time>2025-09-14T14:51:36Z</time><extensions><speed>0.721809</speed><course>244.841400</course><hAcc>1.131431</hAcc><vAcc>0.756821</vAcc></extensions></trkpt>
      <trkpt lon="-82.152347" lat="33.561648"><ele>79.063691</ele><time>2025-09-14T14:51:37Z</time><extensions><speed>0.280411</speed><course>269.245899</course><hAcc>1.140039</hAcc><vAcc>0.756800</vAcc></extensions></trkpt>
      <trkpt lon="-82.152349" lat="33.561648"><ele>79.167879</ele><time>2025-09-14T14:51:38Z</time><extensions><speed>0.092184</speed><course>334.539830</course><hAcc>1.139267</hAcc><vAcc>0.756787</vAcc></extensions></trkpt>
      <trkpt lon="-82.152349" lat="33.561649"><ele>79.273162</ele><time>2025-09-14T14:51:39Z</time><extensions><speed>0.107852</speed><course>37.692382</course><hAcc>1.152072</hAcc><vAcc>0.756779</vAcc></extensions></trkpt>
      <trkpt lon="-82.152348" lat="33.561649"><ele>79.374033</ele><time>2025-09-14T14:51:40Z</time><extensions><speed>0.134852</speed><course>54.039605</course><hAcc>1.160861</hAcc><vAcc>0.756774</vAcc></extensions></trkpt>
      <trkpt lon="-82.152346" lat="33.561650"><ele>79.470486</ele><time>2025-09-14T14:51:41Z</time><extensions><speed>0.142977</speed><course>56.632435</course><hAcc>1.153967</hAcc><vAcc>0.756770</vAcc></extensions></trkpt>
      <trkpt lon="-82.152345" lat="33.561651"><ele>79.562693</ele><time>2025-09-14T14:51:42Z</time><extensions><speed>0.129068</speed><course>55.734050</course><hAcc>1.147353</hAcc><vAcc>0.756767</vAcc></extensions></trkpt>
      <trkpt lon="-82.152344" lat="33.561651"><ele>79.651566</ele><time>2025-09-14T14:51:43Z</time><extensions><speed>0.095963</speed><course>55.981000</course><hAcc>1.152421</hAcc><vAcc>0.756763</vAcc></extensions></trkpt>
      <trkpt lon="-82.152343" lat="33.561652"><ele>79.743967</ele><time>2025-09-14T14:51:44Z</time><extensions><speed>0.082874</speed><course>62.205290</course><hAcc>1.135793</hAcc><vAcc>0.756760</vAcc></extensions></trkpt>
      <trkpt lon="-82.152343" lat="33.561652"><ele>79.832125</ele><time>2025-09-14T14:51:45Z</time><extensions><speed>0.073296</speed><course>71.783007</course><hAcc>1.127537</hAcc><vAcc>0.756758</vAcc></extensions></trkpt>
      <trkpt lon="-82.152342" lat="33.561652"><ele>79.915195</ele><time>2025-09-14T14:51:46Z</time><extensions><speed>0.079144</speed><course>84.365542</course><hAcc>1.136491</hAcc><vAcc>0.756755</vAcc></extensions></trkpt>
      <trkpt lon="-82.152341" lat="33.561652"><ele>79.990810</ele><time>2025-09-14T14:51:47Z</time><extensions><speed>0.092311</speed><course>95.998950</course><hAcc>1.141649</hAcc><vAcc>0.756752</vAcc></extensions></trkpt>
      <trkpt lon="-82.152340" lat="33.561652"><ele>80.059970</ele><time>2025-09-14T14:51:48Z</time><extensions><speed>0.092306</speed><course>111.055928</course><hAcc>1.128378</hAcc><vAcc>0.756750</vAcc></extensions></trkpt>
      <trkpt lon="-82.152339" lat="33.561652"><ele>80.123279</ele><time>2025-09-14T14:51:49Z</time><extensions><speed>0.118070</speed><course>125.888455</course><hAcc>1.134702</hAcc><vAcc>0.756748</vAcc></extensions></trkpt>
      <trkpt lon="-82.152338" lat="33.561651"><ele>80.179676</ele><time>2025-09-14T14:51:50Z</time><extensions><speed>0.127612</speed><course>137.777200</course><hAcc>1.138856</hAcc><vAcc>0.756747</vAcc></extensions></trkpt>
      <trkpt lon="-82.152337" lat="33.561650"><ele>80.230064</ele><time>2025-09-14T14:51:51Z</time><extensions><speed>0.117130</speed><course>155.354553</course><hAcc>1.135037</hAcc><vAcc>0.756745</vAcc></extensions></trkpt>
      <trkpt lon="-82.152337" lat="33.561649"><ele>80.272733</ele><time>2025-09-14T14:51:52Z</time><extensions><speed>0.112079</speed><course>182.114581</course><hAcc>1.128793</hAcc><vAcc>0.756744</vAcc></extensions></trkpt>
      <trkpt lon="-82.152337" lat="33.561648"><ele>80.306615</ele><time>2025-09-14T14:51:53Z</time><extensions><speed>0.122691</speed><course>210.137869</course><hAcc>1.121417</hAcc><vAcc>0.756744</vAcc></extensions></trkpt>
      <trkpt lon="-82.152338" lat="33.561647"><ele>80.332980</ele><time>2025-09-14T14:51:54Z</time><extensions><speed>0.117755</speed><course>227.125606</course><hAcc>1.119843</hAcc><vAcc>0.756743</vAcc></extensions></trkpt>
      <trkpt lon="-82.152339" lat="33.561647"><ele>80.352462</ele><time>2025-09-14T14:51:55Z</time><extensions><speed>0.105255</speed><course>244.247351</course><hAcc>1.110126</hAcc><vAcc>0.756742</vAcc></extensions></trkpt>
      <trkpt lon="-82.152340" lat="33.561646"><ele>80.365550</ele><time>2025-09-14T14:51:56Z</time><extensions><speed>0.083643</speed><course>256.280420</course><hAcc>1.101336</hAcc><vAcc>0.756742</vAcc></extensions></trkpt>
      <trkpt lon="-82.152341" lat="33.561646"><ele>80.372626</ele><time>2025-09-14T14:51:57Z</time><extensions><speed>0.047942</speed><course>260.191101</course><hAcc>1.096619</hAcc><vAcc>0.756742</vAcc></extensions></trkpt>
      <trkpt lon="-82.152341" lat="33.561646"><ele>80.374810</ele><time>2025-09-14T14:51:58Z</time><extensions><speed>0.014384</speed><course>282.853074</course><hAcc>1.085762</hAcc><vAcc>0.756742</vAcc></extensions></trkpt>
      <trkpt lon="-82.152341" lat="33.561646"><ele>80.372967</ele><time>2025-09-14T14:51:59Z</time><extensions><speed>0.019136</speed><course>34.570171</course><hAcc>1.079581</hAcc><vAcc>0.756742</vAcc></extensions></trkpt>
      <trkpt lon="-82.152341" lat="33.561646"><ele>80.373863</ele><time>2025-09-14T14:52:00Z</time><extensions><speed>0.034231</speed><course>43.328546</course><hAcc>1.084621</hAcc><vAcc>0.756742</vAcc></extensions></trkpt>
      <trkpt lon="-82.152341" lat="33.561647"><ele>80.373400</ele><time>2025-09-14T14:52:01Z</time><extensions><speed>0.038022</speed><course>32.187824</course><hAcc>1.081183</hAcc><vAcc>0.756741</vAcc></extensions></trkpt>
      <trkpt lon="-82.152341" lat="33.561647"><ele>80.372307</ele><time>2025-09-14T14:52:02Z</time><extensions><speed>0.030708</speed><course>22.888587</course><hAcc>1.092825</hAcc><vAcc>0.756741</vAcc></extensions></trkpt>
      <trkpt lon="-82.152340" lat="33.561647"><ele>80.371204</ele><time>2025-09-14T14:52:03Z</time><extensions><speed>0.018264</speed><course>15.904027</course><hAcc>1.129156</hAcc><vAcc>0.756741</vAcc></extensions></trkpt>
      <trkpt lon="-82.152340" lat="33.561647"><ele>80.370644</ele><time>2025-09-14T14:52:04Z</time><extensions><speed>0.008801</speed><course>344.721396</course><hAcc>1.162659</hAcc><vAcc>0.756741</vAcc></extensions></trkpt>
      <trkpt lon="-82.152341" lat="33.561647"><ele>80.371068</ele><time>2025-09-14T14:52:05Z</time><extensions><speed>0.012112</speed><course>294.995470</course><hAcc>1.154438</hAcc><vAcc>0.756741</vAcc></extensions></trkpt>
      <trkpt lon="-82.152341" lat="33.561647"><ele>80.380552</ele><time>2025-09-14T14:52:06Z</time><extensions><speed>0.011334</speed><course>282.213616</course><hAcc>1.158526</hAcc><vAcc>0.756931</vAcc></extensions></trkpt>
      <trkpt lon="-82.152341" lat="33.561647"><ele>80.393462</ele><time>2025-09-14T14:52:07Z</time><extensions><speed>0.004204</speed><course>264.395539</course><hAcc>1.172839</hAcc><vAcc>0.757097</vAcc></extensions></trkpt>
      <trkpt lon="-82.152341" lat="33.561647"><ele>80.409256</ele><time>2025-09-14T14:52:08Z</time><extensions><speed>0.004698</speed><course>255.467027</course><hAcc>1.171342</hAcc><vAcc>0.757570</vAcc></extensions></trkpt>
      <trkpt lon="-82.152341" lat="33.561647"><ele>80.430875</ele><time>2025-09-14T14:52:09Z</time><extensions><speed>0.008540</speed><course>259.708864</course><hAcc>1.160344</hAcc><vAcc>0.758340</vAcc></extensions></trkpt>
      <trkpt lon="-82.152341" lat="33.561647"><ele>80.458255</ele><time>2025-09-14T14:52:10Z</time><extensions><speed>0.013552</speed><course>260.586818</course><hAcc>1.140106</hAcc><vAcc>0.759208</vAcc></extensions></trkpt>
      <trkpt lon="-82.152341" lat="33.561647"><ele>80.487633</ele><time>2025-09-14T14:52:11Z</time><extensions><speed>0.008672</speed><course>226.046936</course><hAcc>1.137975</hAcc><vAcc>0.760358</vAcc></extensions></trkpt>
      <trkpt lon="-82.152341" lat="33.561647"><ele>80.523365</ele><time>2025-09-14T14:52:12Z</time><extensions><speed>0.011159</speed><course>197.878915</course><hAcc>1.143528</hAcc><vAcc>0.761772</vAcc></extensions></trkpt>
      <trkpt lon="-82.152341" lat="33.561647"><ele>80.563635</ele><time>2025-09-14T14:52:13Z</time><extensions><speed>0.016587</speed><course>189.845846</course><hAcc>1.173080</hAcc><vAcc>0.763479</vAcc></extensions></trkpt>
      <trkpt lon="-82.152341" lat="33.561647"><ele>80.614019</ele><time>2025-09-14T14:52:14Z</time><extensions><speed>0.026650</speed><course>187.890727</course><hAcc>1.208393</hAcc><vAcc>0.765629</vAcc></extensions></trkpt>
      <trkpt lon="-82.152341" lat="33.561647"><ele>80.665295</ele><time>2025-09-14T14:52:15Z</time><extensions><speed>0.042902</speed><course>188.044795</course><hAcc>1.237981</hAcc><vAcc>0.768622</vAcc></extensions></trkpt>
      <trkpt lon="-82.152341" lat="33.561646"><ele>80.723596</ele><time>2025-09-14T14:52:16Z</time><extensions><speed>0.052161</speed><course>188.899484</course><hAcc>1.276750</hAcc><vAcc>0.772188</vAcc></extensions></trkpt>
      <trkpt lon="-82.152341" lat="33.561646"><ele>80.781823</ele><time>2025-09-14T14:52:17Z</time><extensions><speed>0.057419</speed><course>191.379007</course><hAcc>1.311299</hAcc><vAcc>0.776185</vAcc></extensions></trkpt>
      <trkpt lon="-82.152342" lat="33.561645"><ele>80.833289</ele><time>2025-09-14T14:52:18Z</time><extensions><speed>0.061621</speed><course>199.165926</course><hAcc>1.351829</hAcc><vAcc>0.780387</vAcc></extensions></trkpt>
      <trkpt lon="-82.152342" lat="33.561645"><ele>80.876270</ele><time>2025-09-14T14:52:19Z</time><extensions><speed>0.073384</speed><course>218.437917</course><hAcc>1.385204</hAcc><vAcc>0.784177</vAcc></extensions></trkpt>
      <trkpt lon="-82.152343" lat="33.561644"><ele>80.919801</ele><time>2025-09-14T14:52:20Z</time><extensions><speed>0.151360</speed><course>239.816498</course><hAcc>1.373260</hAcc><vAcc>0.787231</vAcc></extensions></trkpt>
      <trkpt lon="-82.152345" lat="33.561643"><ele>80.962242</ele><time>2025-09-14T14:52:21Z</time><extensions><speed>0.227680</speed><course>255.331888</course><hAcc>1.400466</hAcc><vAcc>0.790004</vAcc></extensions></trkpt>
      <trkpt lon="-82.152348" lat="33.561643"><ele>80.998444</ele><time>2025-09-14T14:52:22Z</time><extensions><speed>0.364657</speed><course>268.029085</course><hAcc>1.410846</hAcc><vAcc>0.792382</vAcc></extensions></trkpt>
      <trkpt lon="-82.152352" lat="33.561643"><ele>81.031519</ele><time>2025-09-14T14:52:23Z</time><extensions><speed>0.468918</speed><course>276.871732</course><hAcc>1.409718</hAcc><vAcc>0.794222</vAcc></extensions></trkpt>
      <trkpt lon="-82.152358" lat="33.561644"><ele>81.058400</ele><time>2025-09-14T14:52:24Z</time><extensions><speed>0.507679</speed><course>284.277177</course><hAcc>1.407393</hAcc><vAcc>0.795342</vAcc></extensions></trkpt>
      <trkpt lon="-82.152362" lat="33.561646"><ele>81.080025</ele><time>2025-09-14T14:52:25Z</time><extensions><speed>0.458676</speed><course>297.482448</course><hAcc>1.399414</hAcc><vAcc>0.795542</vAcc></extensions></trkpt>
      <trkpt lon="-82.152366" lat="33.561648"><ele>81.091082</ele><time>2025-09-14T14:52:26Z</time><extensions><speed>0.404198</speed><course>322.576505</course><hAcc>1.394475</hAcc><vAcc>0.794663</vAcc></extensions></trkpt>
      <trkpt lon="-82.152368" lat="33.561651"><ele>81.096169</ele><time>2025-09-14T14:52:27Z</time><extensions><speed>0.407806</speed><course>347.237453</course><hAcc>1.380232</hAcc><vAcc>0.792657</vAcc></extensions></trkpt>
      <trkpt lon="-82.152368" lat="33.561655"><ele>81.094884</ele><time>2025-09-14T14:52:28Z</time><extensions><speed>0.349974</speed><course>1.784761</course><hAcc>1.353246</hAcc><vAcc>0.789629</vAcc></extensions></trkpt>
      <trkpt lon="-82.152368" lat="33.561657"><ele>81.088319</ele><time>2025-09-14T14:52:29Z</time><extensions><speed>0.221859</speed><course>14.475987</course><hAcc>1.331608</hAcc><vAcc>0.785835</vAcc></extensions></trkpt>
      <trkpt lon="-82.152367" lat="33.561659"><ele>81.077391</ele><time>2025-09-14T14:52:30Z</time><extensions><speed>0.095846</speed><course>38.906317</course><hAcc>1.327417</hAcc><vAcc>0.781627</vAcc></extensions></trkpt>
      <trkpt lon="-82.152367" lat="33.561659"><ele>81.062769</ele><time>2025-09-14T14:52:31Z</time><extensions><speed>0.055389</speed><course>72.032972</course><hAcc>1.317498</hAcc><vAcc>0.777367</vAcc></extensions></trkpt>
      <trkpt lon="-82.152366" lat="33.561659"><ele>81.034321</ele><time>2025-09-14T14:52:32Z</time><extensions><speed>0.039293</speed><course>102.967795</course><hAcc>1.306950</hAcc><vAcc>0.773337</vAcc></extensions></trkpt>
      <trkpt lon="-82.152366" lat="33.561659"><ele>80.996892</ele><time>2025-09-14T14:52:33Z</time><extensions><speed>0.029719</speed><course>127.467207</course><hAcc>1.303069</hAcc><vAcc>0.769721</vAcc></extensions></trkpt>
      <trkpt lon="-82.152366" lat="33.561659"><ele>80.949765</ele><time>2025-09-14T14:52:34Z</time><extensions><speed>0.029222</speed><course>143.259602</course><hAcc>1.277217</hAcc><vAcc>0.766613</vAcc></extensions></trkpt>
      <trkpt lon="-82.152365" lat="33.561658"><ele>80.895855</ele><time>2025-09-14T14:52:35Z</time><extensions><speed>0.027402</speed><course>152.457059</course><hAcc>1.258570</hAcc><vAcc>0.764042</vAcc></extensions></trkpt>
      <trkpt lon="-82.152365" lat="33.561658"><ele>80.837018</ele><time>2025-09-14T14:52:36Z</time><extensions><speed>0.023658</speed><course>156.629236</course><hAcc>1.244885</hAcc><vAcc>0.761988</vAcc></extensions></trkpt>
      <trkpt lon="-82.152365" lat="33.561658"><ele>80.774019</ele><time>2025-09-14T14:52:37Z</time><extensions><speed>0.022143</speed><course>160.994067</course><hAcc>1.232239</hAcc><vAcc>0.760400</vAcc></extensions></trkpt>
      <trkpt lon="-82.152365" lat="33.561658"><ele>80.707617</ele><time>2025-09-14T14:52:38Z</time><extensions><speed>0.024315</speed><course>166.538429</course><hAcc>1.223694</hAcc><vAcc>0.759212</vAcc></extensions></trkpt>
      <trkpt lon="-82.152365" lat="33.561658"><ele>80.638572</ele><time>2025-09-14T14:52:39Z</time><extensions><speed>0.027108</speed><course>164.604573</course><hAcc>1.208387</hAcc><vAcc>0.758351</vAcc></extensions></trkpt>
      <trkpt lon="-82.152365" lat="33.561657"><ele>80.567710</ele><time>2025-09-14T14:52:40Z</time><extensions><speed>0.023711</speed><course>149.827817</course><hAcc>1.203124</hAcc><vAcc>0.757749</vAcc></extensions></trkpt>
      <trkpt lon="-82.152365" lat="33.561657"><ele>80.495132</ele><time>2025-09-14T14:52:41Z</time><extensions><speed>0.020249</speed><course>123.730312</course><hAcc>1.199838</hAcc><vAcc>0.757343</vAcc></extensions></trkpt>
      <trkpt lon="-82.152365" lat="33.561657"><ele>80.421973</ele><time>2025-09-14T14:52:42Z</time><extensions><speed>0.018409</speed><course>72.358077</course><hAcc>1.177043</hAcc><vAcc>0.757082</vAcc></extensions></trkpt>
      <trkpt lon="-82.152364" lat="33.561657"><ele>80.350259</ele><time>2025-09-14T14:52:43Z</time><extensions><speed>0.014660</speed><course>40.582289</course><hAcc>1.173439</hAcc><vAcc>0.756923</vAcc></extensions></trkpt>
      <trkpt lon="-82.152364" lat="33.561657"><ele>80.283048</ele><time>2025-09-14T14:52:44Z</time><extensions><speed>0.031585</speed><course>9.835594</course><hAcc>1.161874</hAcc><vAcc>0.756832</vAcc></extensions></trkpt>
      <trkpt lon="-82.152364" lat="33.561658"><ele>80.220166</ele><time>2025-09-14T14:52:45Z</time><extensions><speed>0.014109</speed><course>3.577902</course><hAcc>1.157355</hAcc><vAcc>0.756786</vAcc></extensions></trkpt>
      <trkpt lon="-82.152364" lat="33.561658"><ele>80.162347</ele><time>2025-09-14T14:52:46Z</time><extensions><speed>0.008237</speed><course>319.149382</course><hAcc>1.139069</hAcc><vAcc>0.756766</vAcc></extensions></trkpt>
      <trkpt lon="-82.152364" lat="33.561658"><ele>80.110091</ele><time>2025-09-14T14:52:47Z</time><extensions><speed>0.013081</speed><course>282.495920</course><hAcc>1.132098</hAcc><vAcc>0.756761</vAcc></extensions></trkpt>
      <trkpt lon="-82.152365" lat="33.561658"><ele>80.066038</ele><time>2025-09-14T14:52:48Z</time><extensions><speed>0.022762</speed><course>275.561271</course><hAcc>1.129553</hAcc><vAcc>0.756763</vAcc></extensions></trkpt>
      <trkpt lon="-82.152365" lat="33.561658"><ele>80.028314</ele><time>2025-09-14T14:52:48Z</time><extensions><speed>0.039753</speed><course>274.774342</course><hAcc>1.118642</hAcc><vAcc>0.756767</vAcc></extensions></trkpt>
      <trkpt lon="-82.152366" lat="33.561658"><ele>79.999028</ele><time>2025-09-14T14:52:49Z</time><extensions><speed>0.057011</speed><course>274.984273</course><hAcc>1.124962</hAcc><vAcc>0.756771</vAcc></extensions></trkpt>
      <trkpt lon="-82.152366" lat="33.561658"><ele>79.976173</ele><time>2025-09-14T14:52:50Z</time><extensions><speed>0.060968</speed><course>275.596516</course><hAcc>1.145253</hAcc><vAcc>0.756773</vAcc></extensions></trkpt>
      <trkpt lon="-82.152367" lat="33.561658"><ele>79.959421</ele><time>2025-09-14T14:52:51Z</time><extensions><speed>0.067520</speed><course>276.827450</course><hAcc>1.145763</hAcc><vAcc>0.756773</vAcc></extensions></trkpt>
      <trkpt lon="-82.152368" lat="33.561658"><ele>79.949752</ele><time>2025-09-14T14:52:52Z</time><extensions><speed>0.063327</speed><course>270.970191</course><hAcc>1.163260</hAcc><vAcc>0.756772</vAcc></extensions></trkpt>
      <trkpt lon="-82.152368" lat="33.561658"><ele>79.945530</ele><time>2025-09-14T14:52:53Z</time><extensions><speed>0.055182</speed><course>268.706581</course><hAcc>1.178735</hAcc><vAcc>0.756769</vAcc></extensions></trkpt>
      <trkpt lon="-82.152369" lat="33.561658"><ele>79.945753</ele><time>2025-09-14T14:52:54Z</time><extensions><speed>0.045221</speed><course>255.497786</course><hAcc>1.191866</hAcc><vAcc>0.756766</vAcc></extensions></trkpt>
      <trkpt lon="-82.152369" lat="33.561658"><ele>79.951681</ele><time>2025-09-14T14:52:55Z</time><extensions><speed>0.043302</speed><course>244.724623</course><hAcc>1.198648</hAcc><vAcc>0.756762</vAcc></extensions></trkpt>
      <trkpt lon="-82.152370" lat="33.561658"><ele>79.962003</ele><time>2025-09-14T14:52:56Z</time><extensions><speed>0.046279</speed><course>239.546324</course><hAcc>1.199689</hAcc><vAcc>0.756759</vAcc></extensions></trkpt>
      <trkpt lon="-82.152370" lat="33.561657"><ele>79.970738</ele><time>2025-09-14T14:52:57Z</time><extensions><speed>0.043085</speed><course>240.456006</course><hAcc>1.194447</hAcc><vAcc>0.756755</vAcc></extensions></trkpt>
      <trkpt lon="-82.152370" lat="33.561657"><ele>79.981325</ele><time>2025-09-14T14:52:58Z</time><extensions><speed>0.032891</speed><course>247.965326</course><hAcc>1.185318</hAcc><vAcc>0.756752</vAcc></extensions></trkpt>
      <trkpt lon="-82.152371" lat="33.561657"><ele>79.994161</ele><time>2025-09-14T14:52:59Z</time><extensions><speed>0.025235</speed><course>261.768861</course><hAcc>1.172851</hAcc><vAcc>0.756749</vAcc></extensions></trkpt>
      <trkpt lon="-82.152371" lat="33.561657"><ele>80.007507</ele><time>2025-09-14T14:53:00Z</time><extensions><speed>0.023428</speed><course>277.892824</course><hAcc>1.158662</hAcc><vAcc>0.756747</vAcc></extensions></trkpt>
      <trkpt lon="-82.152371" lat="33.561657"><ele>80.021358</ele><time>2025-09-14T14:53:01Z</time><extensions><speed>0.025787</speed><course>287.832540</course><hAcc>1.154009</hAcc><vAcc>0.756746</vAcc></extensions></trkpt>
      <trkpt lon="-82.152371" lat="33.561657"><ele>80.034813</ele><time>2025-09-14T14:53:02Z</time><extensions><speed>0.029849</speed><course>287.651810</course><hAcc>1.152106</hAcc><vAcc>0.756744</vAcc></extensions></trkpt>
      <trkpt lon="-82.152372" lat="33.561657"><ele>80.047502</ele><time>2025-09-14T14:53:03Z</time><extensions><speed>0.033667</speed><course>285.323812</course><hAcc>1.155115</hAcc><vAcc>0.756743</vAcc></extensions></trkpt>
      <trkpt lon="-82.152372" lat="33.561658"><ele>80.063682</ele><time>2025-09-14T14:53:04Z</time><extensions><speed>0.041299</speed><course>293.608644</course><hAcc>1.144452</hAcc><vAcc>0.756743</vAcc></extensions></trkpt>
      <trkpt lon="-82.152373" lat="33.561658"><ele>80.079905</ele><time>2025-09-14T14:53:05Z</time><extensions><speed>0.041214</speed><course>307.536621</course><hAcc>1.144912</hAcc><vAcc>0.756742</vAcc></extensions></trkpt>
      <trkpt lon="-82.152373" lat="33.561658"><ele>80.095883</ele><time>2025-09-14T14:53:06Z</time><extensions><speed>0.027643</speed><course>314.496385</course><hAcc>1.159552</hAcc><vAcc>0.756742</vAcc></extensions></trkpt>
      <trkpt lon="-82.152373" lat="33.561658"><ele>80.111678</ele><time>2025-09-14T14:53:07Z</time><extensions><speed>0.031482</speed><course>344.856675</course><hAcc>1.162962</hAcc><vAcc>0.756742</vAcc></extensions></trkpt>
      <trkpt lon="-82.152373" lat="33.561659"><ele>80.127432</ele><time>2025-09-14T14:53:08Z</time><extensions><speed>0.039518</speed><course>359.196404</course><hAcc>1.164397</hAcc><vAcc>0.756742</vAcc></extensions></trkpt>
      <trkpt lon="-82.152373" lat="33.561659"><ele>80.143255</ele><time>2025-09-14T14:53:09Z</time><extensions><speed>0.032761</speed><course>5.361862</course><hAcc>1.170128</hAcc><vAcc>0.756742</vAcc></extensions></trkpt>
      <trkpt lon="-82.152373" lat="33.561659"><ele>80.156108</ele><time>2025-09-14T14:53:10Z</time><extensions><speed>0.034595</speed><course>8.986802</course><hAcc>1.169271</hAcc><vAcc>0.756742</vAcc></extensions></trkpt>
      <trkpt lon="-82.152373" lat="33.561659"><ele>80.168247</ele><time>2025-09-14T14:53:11Z</time><extensions><speed>0.036426</speed><course>10.181377</course><hAcc>1.167285</hAcc><vAcc>0.756741</vAcc></extensions></trkpt>
      <trkpt lon="-82.152373" lat="33.561660"><ele>80.179670</ele><time>2025-09-14T14:53:12Z</time><extensions><speed>0.036610</speed><course>10.258827</course><hAcc>1.167443</hAcc><vAcc>0.756742</vAcc></extensions></trkpt>
      <trkpt lon="-82.152373" lat="33.561660"><ele>80.188263</ele><time>2025-09-14T14:53:13Z</time><extensions><speed>0.038954</speed><course>9.098834</course><hAcc>1.169719</hAcc><vAcc>0.756742</vAcc></extensions></trkpt>
      <trkpt lon="-82.152373" lat="33.561660"><ele>80.195331</ele><time>2025-09-14T14:53:14Z</time><extensions><speed>0.037775</speed><course>5.642559</course><hAcc>1.172658</hAcc><vAcc>0.756742</vAcc></extensions></trkpt>
      <trkpt lon="-82.152373" lat="33.561661"><ele>80.201327</ele><time>2025-09-14T14:53:15Z</time><extensions><speed>0.023918</speed><course>357.079459</course><hAcc>1.174552</hAcc><vAcc>0.756742</vAcc></extensions></trkpt>
      <trkpt lon="-82.152373" lat="33.561661"><ele>80.206362</ele><time>2025-09-14T14:53:16Z</time><extensions><speed>0.016802</speed><course>334.236210</course><hAcc>1.167598</hAcc><vAcc>0.756742</vAcc></extensions></trkpt>
      <trkpt lon="-82.152373" lat="33.561661"><ele>80.209648</ele><time>2025-09-14T14:53:17Z</time><extensions><speed>0.018436</speed><course>306.425319</course><hAcc>1.158986</hAcc><vAcc>0.756742</vAcc></extensions></trkpt>
      <trkpt lon="-82.152373" lat="33.561661"><ele>80.220157</ele><time>2025-09-14T14:53:18Z</time><extensions><speed>0.026397</speed><course>294.365309</course><hAcc>1.147938</hAcc><vAcc>0.756742</vAcc></extensions></trkpt>
      <trkpt lon="-82.152373" lat="33.561661"><ele>80.234508</ele><time>2025-09-14T14:53:19Z</time><extensions><speed>0.036245</speed><course>292.441708</course><hAcc>1.132223</hAcc><vAcc>0.756742</vAcc></extensions></trkpt>
      <trkpt lon="-82.152374" lat="33.561661"><ele>80.253625</ele><time>2025-09-14T14:53:20Z</time><extensions><speed>0.037328</speed><course>296.654313</course><hAcc>1.117947</hAcc><vAcc>0.756742</vAcc></extensions></trkpt>
      <trkpt lon="-82.152374" lat="33.561661"><ele>80.279338</ele><time>2025-09-14T14:53:21Z</time><extensions><speed>0.024882</speed><course>295.301131</course><hAcc>1.114933</hAcc><vAcc>0.756742</vAcc></extensions></trkpt>
      <trkpt lon="-82.152374" lat="33.561662"><ele>80.308624</ele><time>2025-09-14T14:53:22Z</time><extensions><speed>0.015490</speed><course>296.728412</course><hAcc>1.114379</hAcc><vAcc>0.756742</vAcc></extensions></trkpt>
      <trkpt lon="-82.152374" lat="33.561662"><ele>80.341737</ele><time>2025-09-14T14:53:23Z</time><extensions><speed>0.009423</speed><course>284.804862</course><hAcc>1.119416</hAcc><vAcc>0.756742</vAcc></extensions></trkpt>
      <trkpt lon="-82.152374" lat="33.561662"><ele>80.383215</ele><time>2025-09-14T14:53:24Z</time><extensions><speed>0.012050</speed><course>244.557750</course><hAcc>1.104211</hAcc><vAcc>0.756742</vAcc></extensions></trkpt>
      <trkpt lon="-82.152375" lat="33.561662"><ele>80.425248</ele><time>2025-09-14T14:53:25Z</time><extensions><speed>0.023065</speed><course>221.822123</course><hAcc>1.107423</hAcc><vAcc>0.756742</vAcc></extensions></trkpt>
      <trkpt lon="-82.152375" lat="33.561661"><ele>80.459257</ele><time>2025-09-14T14:53:26Z</time><extensions><speed>0.046647</speed><course>208.951431</course><hAcc>1.123358</hAcc><vAcc>0.756742</vAcc></extensions></trkpt>
      <trkpt lon="-82.152375" lat="33.561661"><ele>80.478061</ele><time>2025-09-14T14:53:27Z</time><extensions><speed>0.068516</speed><course>207.468583</course><hAcc>1.139294</hAcc><vAcc>0.756742</vAcc></extensions></trkpt>
      <trkpt lon="-82.152375" lat="33.561660"><ele>80.487592</ele><time>2025-09-14T14:53:28Z</time><extensions><speed>0.080146</speed><course>208.192411</course><hAcc>1.148340</hAcc><vAcc>0.756742</vAcc></extensions></trkpt>
      <trkpt lon="-82.152376" lat="33.561660"><ele>80.492125</ele><time>2025-09-14T14:53:29Z</time><extensions><speed>0.077957</speed><course>209.123460</course><hAcc>1.163799</hAcc><vAcc>0.756742</vAcc></extensions></trkpt>
      <trkpt lon="-82.152376" lat="33.561659"><ele>80.494487</ele><time>2025-09-14T14:53:30Z</time><extensions><speed>0.071394</speed><course>210.157038</course><hAcc>1.180464</hAcc><vAcc>0.756742</vAcc></extensions></trkpt>
      <trkpt lon="-82.152377" lat="33.561658"><ele>80.500600</ele><time>2025-09-14T14:53:31Z</time><extensions><speed>0.074637</speed><course>208.655151</course><hAcc>1.179495</hAcc><vAcc>0.756742</vAcc></extensions></trkpt>
      <trkpt lon="-82.152377" lat="33.561658"><ele>80.523088</ele><time>2025-09-14T14:53:32Z</time><extensions><speed>0.088228</speed><course>208.784884</course><hAcc>1.179641</hAcc><vAcc>0.756742</vAcc></extensions></trkpt>
      <trkpt lon="-82.152378" lat="33.561657"><ele>80.523512</ele><time>2025-09-14T14:53:33Z</time><extensions><speed>0.135009</speed><course>212.498242</course><hAcc>1.181632</hAcc><vAcc>0.756742</vAcc></extensions></trkpt>
      <trkpt lon="-82.152379" lat="33.561656"><ele>80.523703</ele><time>2025-09-14T14:53:34Z</time><extensions><speed>0.232414</speed><course>217.622979</course><hAcc>1.181293</hAcc><vAcc>0.756742</vAcc></extensions></trkpt>
      <trkpt lon="-82.152381" lat="33.561653"><ele>80.513775</ele><time>2025-09-14T14:53:35Z</time><extensions><speed>0.392764</speed><course>220.094589</course><hAcc>1.181288</hAcc><vAcc>0.756742</vAcc></extensions></trkpt>
      <trkpt lon="-82.152384" lat="33.561650"><ele>80.517364</ele><time>2025-09-14T14:53:36Z</time><extensions><speed>0.579064</speed><course>222.480810</course><hAcc>1.177566</hAcc><vAcc>0.756742</vAcc></extensions></trkpt>
      <trkpt lon="-82.152389" lat="33.561646"><ele>80.515695</ele><time>2025-09-14T14:53:37Z</time><extensions><speed>0.765439</speed><course>224.189726</course><hAcc>1.172804</hAcc><vAcc>0.756742</vAcc></extensions></trkpt>
      <trkpt lon="-82.152396" lat="33.561641"><ele>80.511970</ele><time>2025-09-14T14:53:38Z</time><extensions><speed>0.912232</speed><course>227.508826</course><hAcc>1.167859</hAcc><vAcc>0.756742</vAcc></extensions></trkpt>
      <trkpt lon="-82.152404" lat="33.561635"><ele>80.513255</ele><time>2025-09-14T14:53:39Z</time><extensions><speed>0.988010</speed><course>232.679832</course><hAcc>1.157594</hAcc><vAcc>0.756742</vAcc></extensions></trkpt>
      <trkpt lon="-82.152412" lat="33.561630"><ele>80.520574</ele><time>2025-09-14T14:53:40Z</time><extensions><speed>0.951340</speed><course>237.628779</course><hAcc>1.145160</hAcc><vAcc>0.756742</vAcc></extensions></trkpt>
      <trkpt lon="-82.152420" lat="33.561626"><ele>80.533504</ele><time>2025-09-14T14:53:41Z</time><extensions><speed>0.755561</speed><course>244.414884</course><hAcc>1.138586</hAcc><vAcc>0.756742</vAcc></extensions></trkpt>
      <trkpt lon="-82.152427" lat="33.561624"><ele>80.556329</ele><time>2025-09-14T14:53:42Z</time><extensions><speed>0.512409</speed><course>256.549789</course><hAcc>1.139047</hAcc><vAcc>0.756742</vAcc></extensions></trkpt>
      <trkpt lon="-82.152431" lat="33.561623"><ele>80.582731</ele><time>2025-09-14T14:53:43Z</time><extensions><speed>0.345217</speed><course>254.279939</course><hAcc>1.132605</hAcc><vAcc>0.756742</vAcc></extensions></trkpt>
      <trkpt lon="-82.152435" lat="33.561622"><ele>80.619588</ele><time>2025-09-14T14:53:44Z</time><extensions><speed>0.388282</speed><course>250.297596</course><hAcc>1.112216</hAcc><vAcc>0.756742</vAcc></extensions></trkpt>
      <trkpt lon="-82.152440" lat="33.561621"><ele>80.657454</ele><time>2025-09-14T14:53:45Z</time><extensions><speed>0.603319</speed><course>245.311265</course><hAcc>1.090521</hAcc><vAcc>0.756742</vAcc></extensions></trkpt>
      <trkpt lon="-82.152447" lat="33.561618"><ele>80.686838</ele><time>2025-09-14T14:53:46Z</time><extensions><speed>0.968282</speed><course>243.654894</course><hAcc>1.073899</hAcc><vAcc>0.756742</vAcc></extensions></trkpt>
      <trkpt lon="-82.152458" lat="33.561613"><ele>80.724891</ele><time>2025-09-14T14:53:47Z</time><extensions><speed>1.172282</speed><course>241.218206</course><hAcc>1.063081</hAcc><vAcc>0.756742</vAcc></extensions></trkpt>
      <trkpt lon="-82.152469" lat="33.561607"><ele>80.765582</ele><time>2025-09-14T14:53:48Z</time><extensions><speed>1.279870</speed><course>237.841730</course><hAcc>1.043493</hAcc><vAcc>0.756742</vAcc></extensions></trkpt>
      <trkpt lon="-82.152480" lat="33.561601"><ele>80.799315</ele><time>2025-09-14T14:53:49Z</time><extensions><speed>1.302879</speed><course>232.124816</course><hAcc>1.026018</hAcc><vAcc>0.756742</vAcc></extensions></trkpt>
      <trkpt lon="-82.152491" lat="33.561593"><ele>80.828493</ele><time>2025-09-14T14:53:50Z</time><extensions><speed>1.354067</speed><course>226.028754</course><hAcc>1.013948</hAcc><vAcc>0.756742</vAcc></extensions></trkpt>
      <trkpt lon="-82.152501" lat="33.561584"><ele>80.852596</ele><time>2025-09-14T14:53:51Z</time><extensions><speed>1.352428</speed><course>222.040319</course><hAcc>1.009372</hAcc><vAcc>0.756742</vAcc></extensions></trkpt>
      <trkpt lon="-82.152511" lat="33.561576"><ele>80.872359</ele><time>2025-09-14T14:53:52Z</time><extensions><speed>1.266918</speed><course>224.500564</course><hAcc>1.009972</hAcc><vAcc>0.756742</vAcc></extensions></trkpt>
      <trkpt lon="-82.152520" lat="33.561568"><ele>80.886916</ele><time>2025-09-14T14:53:53Z</time><extensions><speed>1.098412</speed><course>232.205207</course><hAcc>1.019625</hAcc><vAcc>0.756742</vAcc></extensions></trkpt>
      <trkpt lon="-82.152529" lat="33.561564"><ele>80.893627</ele><time>2025-09-14T14:53:54Z</time><extensions><speed>0.860097</speed><course>244.925949</course><hAcc>1.017172</hAcc><vAcc>0.756742</vAcc></extensions></trkpt>
      <trkpt lon="-82.152537" lat="33.561561"><ele>80.893734</ele><time>2025-09-14T14:53:55Z</time><extensions><speed>0.702703</speed><course>258.513115</course><hAcc>1.018770</hAcc><vAcc>0.756742</vAcc></extensions></trkpt>
      <trkpt lon="-82.152544" lat="33.561561"><ele>80.890178</ele><time>2025-09-14T14:53:56Z</time><extensions><speed>0.634258</speed><course>269.793018</course><hAcc>1.031914</hAcc><vAcc>0.756742</vAcc></extensions></trkpt>
      <trkpt lon="-82.152551" lat="33.561561"><ele>80.881069</ele><time>2025-09-14T14:53:57Z</time><extensions><speed>0.598306</speed><course>275.779066</course><hAcc>1.049540</hAcc><vAcc>0.756742</vAcc></extensions></trkpt>
      <trkpt lon="-82.152556" lat="33.561562"><ele>80.864498</ele><time>2025-09-14T14:53:58Z</time><extensions><speed>0.414545</speed><course>283.242157</course><hAcc>1.056858</hAcc><vAcc>0.756742</vAcc></extensions></trkpt>
      <trkpt lon="-82.152559" lat="33.561563"><ele>80.843046</ele><time>2025-09-14T14:53:59Z</time><extensions><speed>0.126407</speed><course>322.196286</course><hAcc>1.057892</hAcc><vAcc>0.756742</vAcc></extensions></trkpt>
      <trkpt lon="-82.152559" lat="33.561564"><ele>80.822084</ele><time>2025-09-14T14:54:00Z</time><extensions><speed>0.109464</speed><course>35.505170</course><hAcc>1.069030</hAcc><vAcc>0.756742</vAcc></extensions></trkpt>
      <trkpt lon="-82.152558" lat="33.561564"><ele>80.805624</ele><time>2025-09-14T14:54:01Z</time><extensions><speed>0.118196</speed><course>47.634395</course><hAcc>1.087244</hAcc><vAcc>0.756742</vAcc></extensions></trkpt>
      <trkpt lon="-82.152557" lat="33.561565"><ele>80.789336</ele><time>2025-09-14T14:54:02Z</time><extensions><speed>0.110047</speed><course>46.320894</course><hAcc>1.098413</hAcc><vAcc>0.756742</vAcc></extensions></trkpt>
      <trkpt lon="-82.152556" lat="33.561566"><ele>80.750652</ele><time>2025-09-14T14:54:03Z</time><extensions><speed>0.100686</speed><course>40.352984</course><hAcc>1.099201</hAcc><vAcc>0.756742</vAcc></extensions></trkpt>
      <trkpt lon="-82.152556" lat="33.561566"><ele>80.721944</ele><time>2025-09-14T14:54:04Z</time><extensions><speed>0.095081</speed><course>32.716392</course><hAcc>1.094833</hAcc><vAcc>0.756742</vAcc></extensions></trkpt>
      <trkpt lon="-82.152555" lat="33.561567"><ele>80.696029</ele><time>2025-09-14T14:54:05Z</time><extensions><speed>0.093828</speed><course>20.601917</course><hAcc>1.096918</hAcc><vAcc>0.756742</vAcc></extensions></trkpt>
      <trkpt lon="-82.152555" lat="33.561568"><ele>80.675123</ele><time>2025-09-14T14:54:06Z</time><extensions><speed>0.085653</speed><course>8.963662</course><hAcc>1.114101</hAcc><vAcc>0.756742</vAcc></extensions></trkpt>
      <trkpt lon="-82.152555" lat="33.561569"><ele>80.643288</ele><time>2025-09-14T14:54:07Z</time><extensions><speed>0.074881</speed><course>348.054837</course><hAcc>1.117629</hAcc><vAcc>0.756742</vAcc></extensions></trkpt>
      <trkpt lon="-82.152556" lat="33.561569"><ele>80.594117</ele><time>2025-09-14T14:54:08Z</time><extensions><speed>0.072720</speed><course>298.192433</course><hAcc>1.134744</hAcc><vAcc>0.756742</vAcc></extensions></trkpt>
      <trkpt lon="-82.152557" lat="33.561569"><ele>80.550886</ele><time>2025-09-14T14:54:09Z</time><extensions><speed>0.145784</speed><course>260.361155</course><hAcc>1.162242</hAcc><vAcc>0.756742</vAcc></extensions></trkpt>
      <trkpt lon="-82.152559" lat="33.561569"><ele>80.513752</ele><time>2025-09-14T14:54:10Z</time><extensions><speed>0.302920</speed><course>247.453894</course><hAcc>1.184501</hAcc><vAcc>0.756742</vAcc></extensions></trkpt>
      <trkpt lon="-82.152563" lat="33.561567"><ele>80.469727</ele><time>2025-09-14T14:54:11Z</time><extensions><speed>0.529387</speed><course>241.608110</course><hAcc>1.199767</hAcc><vAcc>0.756742</vAcc></extensions></trkpt>
      <trkpt lon="-82.152569" lat="33.561564"><ele>80.431521</ele><time>2025-09-14T14:54:12Z</time><extensions><speed>0.751794</speed><course>237.508645</course><hAcc>1.220248</hAcc><vAcc>0.756742</vAcc></extensions></trkpt>
      <trkpt lon="-82.152576" lat="33.561560"><ele>80.395684</ele><time>2025-09-14T14:54:13Z</time><extensions><speed>0.802371</speed><course>233.433539</course><hAcc>1.231662</hAcc><vAcc>0.756742</vAcc></extensions></trkpt>
      <trkpt lon="-82.152582" lat="33.561556"><ele>80.347144</ele><time>2025-09-14T14:54:14Z</time><extensions><speed>0.773401</speed><course>229.367250</course><hAcc>1.219786</hAcc><vAcc>0.756742</vAcc></extensions></trkpt>
      <trkpt lon="-82.152589" lat="33.561551"><ele>80.294629</ele><time>2025-09-14T14:54:15Z</time><extensions><speed>0.810106</speed><course>230.206409</course><hAcc>1.205729</hAcc><vAcc>0.756742</vAcc></extensions></trkpt>
      <trkpt lon="-82.152596" lat="33.561546"><ele>80.250370</ele><time>2025-09-14T14:54:16Z</time><extensions><speed>1.002733</speed><course>229.517080</course><hAcc>1.204740</hAcc><vAcc>0.756742</vAcc></extensions></trkpt>
      <trkpt lon="-82.152605" lat="33.561539"><ele>80.202333</ele><time>2025-09-14T14:54:17Z</time><extensions><speed>1.184486</speed><course>229.236283</course><hAcc>1.198351</hAcc><vAcc>0.756742</vAcc></extensions></trkpt>
      <trkpt lon="-82.152614" lat="33.561534"><ele>80.147369</ele><time>2025-09-14T14:54:18Z</time><extensions><speed>0.931655</speed><course>239.194898</course><hAcc>1.166598</hAcc><vAcc>0.756742</vAcc></extensions></trkpt>
      <trkpt lon="-82.152624" lat="33.561529"><ele>80.088241</ele><time>2025-09-14T14:54:19Z</time><extensions><speed>1.057653</speed><course>243.029271</course><hAcc>1.142017</hAcc><vAcc>0.756738</vAcc></extensions></trkpt>
      <trkpt lon="-82.152635" lat="33.561525"><ele>80.016287</ele><time>2025-09-14T14:54:20Z</time><extensions><speed>1.347431</speed><course>244.926476</course><hAcc>1.139681</hAcc><vAcc>0.756734</vAcc></extensions></trkpt>
      <trkpt lon="-82.152650" lat="33.561519"><ele>79.950399</ele><time>2025-09-14T14:54:21Z</time><extensions><speed>1.525072</speed><course>247.697641</course><hAcc>1.128172</hAcc><vAcc>0.756730</vAcc></extensions></trkpt>
      <trkpt lon="-82.152664" lat="33.561515"><ele>79.887001</ele><time>2025-09-14T14:54:22Z</time><extensions><speed>1.341655</speed><course>251.180912</course><hAcc>1.113070</hAcc><vAcc>0.756724</vAcc></extensions></trkpt>
      <trkpt lon="-82.152677" lat="33.561511"><ele>79.827121</ele><time>2025-09-14T14:54:23Z</time><extensions><speed>1.123982</speed><course>250.652335</course><hAcc>1.100667</hAcc><vAcc>0.756718</vAcc></extensions></trkpt>
      <trkpt lon="-82.152687" lat="33.561508"><ele>79.761756</ele><time>2025-09-14T14:54:24Z</time><extensions><speed>1.003366</speed><course>247.499438</course><hAcc>1.090863</hAcc><vAcc>0.756711</vAcc></extensions></trkpt>
      <trkpt lon="-82.152697" lat="33.561504"><ele>79.698906</ele><time>2025-09-14T14:54:25Z</time><extensions><speed>1.059772</speed><course>240.011653</course><hAcc>1.083241</hAcc><vAcc>0.756702</vAcc></extensions></trkpt>
      <trkpt lon="-82.152708" lat="33.561498"><ele>79.637707</ele><time>2025-09-14T14:54:26Z</time><extensions><speed>1.286517</speed><course>237.162265</course><hAcc>1.074101</hAcc><vAcc>0.756691</vAcc></extensions></trkpt>
      <trkpt lon="-82.152720" lat="33.561491"><ele>79.590890</ele><time>2025-09-14T14:54:27Z</time><extensions><speed>1.474060</speed><course>236.829317</course><hAcc>1.069073</hAcc><vAcc>0.756677</vAcc></extensions></trkpt>
      <trkpt lon="-82.152733" lat="33.561485"><ele>79.545332</ele><time>2025-09-14T14:54:28Z</time><extensions><speed>1.361994</speed><course>240.309628</course><hAcc>1.061739</hAcc><vAcc>0.756659</vAcc></extensions></trkpt>
      <trkpt lon="-82.152746" lat="33.561480"><ele>79.498477</ele><time>2025-09-14T14:54:29Z</time><extensions><speed>1.289974</speed><course>250.151093</course><hAcc>1.049945</hAcc><vAcc>0.756651</vAcc></extensions></trkpt>
      <trkpt lon="-82.152760" lat="33.561476"><ele>79.459618</ele><time>2025-09-14T14:54:30Z</time><extensions><speed>1.434999</speed><course>254.748133</course><hAcc>1.036831</hAcc><vAcc>0.756673</vAcc></extensions></trkpt>
      <trkpt lon="-82.152776" lat="33.561472"><ele>79.430158</ele><time>2025-09-14T14:54:31Z</time><extensions><speed>1.533427</speed><course>254.140605</course><hAcc>1.036724</hAcc><vAcc>0.756689</vAcc></extensions></trkpt>
      <trkpt lon="-82.152791" lat="33.561468"><ele>79.407331</ele><time>2025-09-14T14:54:32Z</time><extensions><speed>1.431424</speed><course>250.517247</course><hAcc>1.036563</hAcc><vAcc>0.756702</vAcc></extensions></trkpt>
      <trkpt lon="-82.152804" lat="33.561464"><ele>79.389581</ele><time>2025-09-14T14:54:33Z</time><extensions><speed>1.166448</speed><course>249.331549</course><hAcc>1.023980</hAcc><vAcc>0.756713</vAcc></extensions></trkpt>
      <trkpt lon="-82.152815" lat="33.561461"><ele>79.372978</ele><time>2025-09-14T14:54:34Z</time><extensions><speed>1.036758</speed><course>246.167625</course><hAcc>1.018390</hAcc><vAcc>0.756722</vAcc></extensions></trkpt>
      <trkpt lon="-82.152826" lat="33.561456"><ele>79.363793</ele><time>2025-09-14T14:54:35Z</time><extensions><speed>1.183482</speed><course>244.428766</course><hAcc>1.015660</hAcc><vAcc>0.756729</vAcc></extensions></trkpt>
      <trkpt lon="-82.152838" lat="33.561452"><ele>79.358470</ele><time>2025-09-14T14:54:36Z</time><extensions><speed>1.340252</speed><course>246.074695</course><hAcc>1.009579</hAcc><vAcc>0.756735</vAcc></extensions></trkpt>
      <trkpt lon="-82.152852" lat="33.561447"><ele>79.357963</ele><time>2025-09-14T14:54:37Z</time><extensions><speed>1.399949</speed><course>245.679657</course><hAcc>1.002102</hAcc><vAcc>0.756741</vAcc></extensions></trkpt>
      <trkpt lon="-82.152865" lat="33.561441"><ele>79.360399</ele><time>2025-09-14T14:54:38Z</time><extensions><speed>1.276946</speed><course>244.297623</course><hAcc>1.014075</hAcc><vAcc>0.756745</vAcc></extensions></trkpt>
      <trkpt lon="-82.152876" lat="33.561436"><ele>79.363188</ele><time>2025-09-14T14:54:39Z</time><extensions><speed>1.144139</speed><course>240.233117</course><hAcc>0.988882</hAcc><vAcc>0.756749</vAcc></extensions></trkpt>
      <trkpt lon="-82.152887" lat="33.561431"><ele>79.363657</ele><time>2025-09-14T14:54:40Z</time><extensions><speed>1.159286</speed><course>237.265936</course><hAcc>0.968656</hAcc><vAcc>0.756752</vAcc></extensions></trkpt>
      <trkpt lon="-82.152898" lat="33.561425"><ele>79.358712</ele><time>2025-09-14T14:54:41Z</time><extensions><speed>1.333645</speed><course>237.838408</course><hAcc>0.955632</hAcc><vAcc>0.756755</vAcc></extensions></trkpt>
      <trkpt lon="-82.152911" lat="33.561419"><ele>79.348562</ele><time>2025-09-14T14:54:42Z</time><extensions><speed>1.332779</speed><course>242.526501</course><hAcc>0.982962</hAcc><vAcc>0.756757</vAcc></extensions></trkpt>
      <trkpt lon="-82.152924" lat="33.561414"><ele>79.327548</ele><time>2025-09-14T14:54:43Z</time><extensions><speed>1.381346</speed><course>246.482251</course><hAcc>0.955931</hAcc><vAcc>0.756759</vAcc></extensions></trkpt>
      <trkpt lon="-82.152937" lat="33.561409"><ele>79.309303</ele><time>2025-09-14T14:54:44Z</time><extensions><speed>1.225359</speed><course>244.950136</course><hAcc>0.978284</hAcc><vAcc>0.756760</vAcc></extensions></trkpt>
      <trkpt lon="-82.152948" lat="33.561405"><ele>79.289299</ele><time>2025-09-14T14:54:45Z</time><extensions><speed>1.052645</speed><course>253.420077</course><hAcc>0.966182</hAcc><vAcc>0.756761</vAcc></extensions></trkpt>
      <trkpt lon="-82.152960" lat="33.561403"><ele>79.276971</ele><time>2025-09-14T14:54:46Z</time><extensions><speed>1.130947</speed><course>258.989473</course><hAcc>0.986443</hAcc><vAcc>0.756761</vAcc></extensions></trkpt>
      <trkpt lon="-82.152972" lat="33.561401"><ele>79.261638</ele><time>2025-09-14T14:54:47Z</time><extensions><speed>1.222139</speed><course>259.781596</course><hAcc>1.006605</hAcc><vAcc>0.756761</vAcc></extensions></trkpt>
      <trkpt lon="-82.152986" lat="33.561399"><ele>79.241372</ele><time>2025-09-14T14:54:48Z</time><extensions><speed>1.351856</speed><course>257.546710</course><hAcc>1.022454</hAcc><vAcc>0.756761</vAcc></extensions></trkpt>
      <trkpt lon="-82.153000" lat="33.561396"><ele>79.212218</ele><time>2025-09-14T14:54:49Z</time><extensions><speed>1.365115</speed><course>259.026908</course><hAcc>1.031975</hAcc><vAcc>0.756761</vAcc></extensions></trkpt>
      <trkpt lon="-82.153014" lat="33.561394"><ele>79.189521</ele><time>2025-09-14T14:54:50Z</time><extensions><speed>1.341988</speed><course>261.246470</course><hAcc>1.017661</hAcc><vAcc>0.756760</vAcc></extensions></trkpt>
      <trkpt lon="-82.153028" lat="33.561392"><ele>79.160797</ele><time>2025-09-14T14:54:51Z</time><extensions><speed>1.321067</speed><course>260.115827</course><hAcc>1.025427</hAcc><vAcc>0.756760</vAcc></extensions></trkpt>
      <trkpt lon="-82.153041" lat="33.561390"><ele>79.134761</ele><time>2025-09-14T14:54:52Z</time><extensions><speed>1.081908</speed><course>256.431479</course><hAcc>1.070394</hAcc><vAcc>0.756759</vAcc></extensions></trkpt>
      <trkpt lon="-82.153053" lat="33.561388"><ele>79.105721</ele><time>2025-09-14T14:54:53Z</time><extensions><speed>1.181462</speed><course>255.370101</course><hAcc>1.042038</hAcc><vAcc>0.756758</vAcc></extensions></trkpt>
      <trkpt lon="-82.153065" lat="33.561384"><ele>79.076987</ele><time>2025-09-14T14:54:54Z</time><extensions><speed>1.260907</speed><course>250.346933</course><hAcc>1.044236</hAcc><vAcc>0.756757</vAcc></extensions></trkpt>
      <trkpt lon="-82.153078" lat="33.561380"><ele>79.055248</ele><time>2025-09-14T14:54:55Z</time><extensions><speed>1.265369</speed><course>243.200172</course><hAcc>1.055418</hAcc><vAcc>0.756757</vAcc></extensions></trkpt>
      <trkpt lon="-82.153090" lat="33.561374"><ele>79.033735</ele><time>2025-09-14T14:54:56Z</time><extensions><speed>1.321443</speed><course>241.426677</course><hAcc>1.053611</hAcc><vAcc>0.756756</vAcc></extensions></trkpt>
      <trkpt lon="-82.153103" lat="33.561369"><ele>79.001137</ele><time>2025-09-14T14:54:57Z</time><extensions><speed>1.303182</speed><course>240.307550</course><hAcc>1.057854</hAcc><vAcc>0.756755</vAcc></extensions></trkpt>
      <trkpt lon="-82.153114" lat="33.561363"><ele>78.971742</ele><time>2025-09-14T14:54:58Z</time><extensions><speed>1.070932</speed><course>241.926526</course><hAcc>1.087431</hAcc><vAcc>0.756755</vAcc></extensions></trkpt>
      <trkpt lon="-82.153125" lat="33.561359"><ele>78.946214</ele><time>2025-09-14T14:54:59Z</time><extensions><speed>1.245607</speed><course>244.562591</course><hAcc>1.048803</hAcc><vAcc>0.756754</vAcc></extensions></trkpt>
      <trkpt lon="-82.153137" lat="33.561354"><ele>78.938401</ele><time>2025-09-14T14:55:00Z</time><extensions><speed>1.328107</speed><course>244.623894</course><hAcc>1.043144</hAcc><vAcc>0.756753</vAcc></extensions></trkpt>
      <trkpt lon="-82.153150" lat="33.561349"><ele>78.943926</ele><time>2025-09-14T14:55:01Z</time><extensions><speed>1.244199</speed><course>247.311669</course><hAcc>1.048440</hAcc><vAcc>0.756753</vAcc></extensions></trkpt>
      <trkpt lon="-82.153163" lat="33.561345"><ele>78.957211</ele><time>2025-09-14T14:55:02Z</time><extensions><speed>1.336322</speed><course>250.929933</course><hAcc>1.041301</hAcc><vAcc>0.756752</vAcc></extensions></trkpt>
      <trkpt lon="-82.153177" lat="33.561341"><ele>78.982418</ele><time>2025-09-14T14:55:03Z</time><extensions><speed>1.401771</speed><course>252.747728</course><hAcc>1.039662</hAcc><vAcc>0.756752</vAcc></extensions></trkpt>
      <trkpt lon="-82.153191" lat="33.561338"><ele>79.015144</ele><time>2025-09-14T14:55:04Z</time><extensions><speed>1.252955</speed><course>254.036160</course><hAcc>1.053844</hAcc><vAcc>0.756751</vAcc></extensions></trkpt>
      <trkpt lon="-82.153203" lat="33.561334"><ele>79.044907</ele><time>2025-09-14T14:55:05Z</time><extensions><speed>1.067075</speed><course>249.761237</course><hAcc>1.039410</hAcc><vAcc>0.756751</vAcc></extensions></trkpt>
      <trkpt lon="-82.153213" lat="33.561330"><ele>79.072522</ele><time>2025-09-14T14:55:06Z</time><extensions><speed>1.105652</speed><course>243.473085</course><hAcc>1.041507</hAcc><vAcc>0.756750</vAcc></extensions></trkpt>
      <trkpt lon="-82.153224" lat="33.561326"><ele>79.090022</ele><time>2025-09-14T14:55:07Z</time><extensions><speed>1.149750</speed><course>241.893457</course><hAcc>1.042779</hAcc><vAcc>0.756750</vAcc></extensions></trkpt>
      <trkpt lon="-82.153235" lat="33.561321"><ele>79.108609</ele><time>2025-09-14T14:55:08Z</time><extensions><speed>1.160270</speed><course>244.461521</course><hAcc>1.049043</hAcc><vAcc>0.756749</vAcc></extensions></trkpt>
      <trkpt lon="-82.153247" lat="33.561317"><ele>79.124136</ele><time>2025-09-14T14:55:09Z</time><extensions><speed>1.200923</speed><course>247.392079</course><hAcc>1.053149</hAcc><vAcc>0.756749</vAcc></extensions></trkpt>
      <trkpt lon="-82.153259" lat="33.561312"><ele>79.128597</ele><time>2025-09-14T14:55:10Z</time><extensions><speed>1.289735</speed><course>247.292472</course><hAcc>1.049498</hAcc><vAcc>0.756749</vAcc></extensions></trkpt>
      <trkpt lon="-82.153272" lat="33.561308"><ele>79.098212</ele><time>2025-09-14T14:55:11Z</time><extensions><speed>1.218878</speed><course>250.407582</course><hAcc>1.044187</hAcc><vAcc>0.756748</vAcc></extensions></trkpt>
      <trkpt lon="-82.153285" lat="33.561305"><ele>79.050582</ele><time>2025-09-14T14:55:12Z</time><extensions><speed>1.293009</speed><course>254.694403</course><hAcc>1.044375</hAcc><vAcc>0.756748</vAcc></extensions></trkpt>
      <trkpt lon="-82.153298" lat="33.561302"><ele>78.972848</ele><time>2025-09-14T14:55:13Z</time><extensions><speed>1.271697</speed><course>259.895078</course><hAcc>1.039528</hAcc><vAcc>0.756748</vAcc></extensions></trkpt>
      <trkpt lon="-82.153312" lat="33.561301"><ele>78.868286</ele><time>2025-09-14T14:55:14Z</time><extensions><speed>1.239589</speed><course>260.595832</course><hAcc>1.046069</hAcc><vAcc>0.756747</vAcc></extensions></trkpt>
      <trkpt lon="-82.153324" lat="33.561299"><ele>78.744667</ele><time>2025-09-14T14:55:15Z</time><extensions><speed>1.053288</speed><course>259.123279</course><hAcc>1.060081</hAcc><vAcc>0.756747</vAcc></extensions></trkpt>
      <trkpt lon="-82.153333" lat="33.561297"><ele>78.602599</ele><time>2025-09-14T14:55:16Z</time><extensions><speed>0.723364</speed><course>261.475034</course><hAcc>1.061736</hAcc><vAcc>0.756747</vAcc></extensions></trkpt>
      <trkpt lon="-82.153339" lat="33.561297"><ele>78.447173</ele><time>2025-09-14T14:55:17Z</time><extensions><speed>0.444301</speed><course>268.020442</course><hAcc>1.064845</hAcc><vAcc>0.756747</vAcc></extensions></trkpt>
      <trkpt lon="-82.153345" lat="33.561296"><ele>78.276420</ele><time>2025-09-14T14:55:18Z</time><extensions><speed>0.575928</speed><course>258.453298</course><hAcc>1.075812</hAcc><vAcc>0.756746</vAcc></extensions></trkpt>
      <trkpt lon="-82.153352" lat="33.561295"><ele>78.097071</ele><time>2025-09-14T14:55:19Z</time><extensions><speed>0.781446</speed><course>256.465223</course><hAcc>1.105575</hAcc><vAcc>0.756746</vAcc></extensions></trkpt>
      <trkpt lon="-82.153360" lat="33.561293"><ele>77.908845</ele><time>2025-09-14T14:55:20Z</time><extensions><speed>0.722303</speed><course>250.872479</course><hAcc>1.126101</hAcc><vAcc>0.756746</vAcc></extensions></trkpt>
      <trkpt lon="-82.153366" lat="33.561291"><ele>77.721350</ele><time>2025-09-14T14:55:21Z</time><extensions><speed>0.484193</speed><course>241.102695</course><hAcc>1.118454</hAcc><vAcc>0.756746</vAcc></extensions></trkpt>
      <trkpt lon="-82.153370" lat="33.561289"><ele>77.538623</ele><time>2025-09-14T14:55:22Z</time><extensions><speed>0.377139</speed><course>242.521165</course><hAcc>1.122666</hAcc><vAcc>0.756746</vAcc></extensions></trkpt>
      <trkpt lon="-82.153373" lat="33.561288"><ele>77.357452</ele><time>2025-09-14T14:55:23Z</time><extensions><speed>0.321551</speed><course>249.062539</course><hAcc>1.131749</hAcc><vAcc>0.756746</vAcc></extensions></trkpt>
      <trkpt lon="-82.153377" lat="33.561287"><ele>77.180077</ele><time>2025-09-14T14:55:24Z</time><extensions><speed>0.365041</speed><course>248.810635</course><hAcc>1.133015</hAcc><vAcc>0.756745</vAcc></extensions></trkpt>
      <trkpt lon="-82.153381" lat="33.561285"><ele>77.019440</ele><time>2025-09-14T14:55:25Z</time><extensions><speed>0.480869</speed><course>245.429502</course><hAcc>1.131985</hAcc><vAcc>0.756745</vAcc></extensions></trkpt>
      <trkpt lon="-82.153386" lat="33.561283"><ele>76.877131</ele><time>2025-09-14T14:55:26Z</time><extensions><speed>0.662241</speed><course>242.831232</course><hAcc>1.127359</hAcc><vAcc>0.756745</vAcc></extensions></trkpt>
      <trkpt lon="-82.153394" lat="33.561280"><ele>76.754050</ele><time>2025-09-14T14:55:27Z</time><extensions><speed>0.918324</speed><course>245.175577</course><hAcc>1.121343</hAcc><vAcc>0.756745</vAcc></extensions></trkpt>
      <trkpt lon="-82.153404" lat="33.561276"><ele>76.645307</ele><time>2025-09-14T14:55:28Z</time><extensions><speed>1.102544</speed><course>248.148404</course><hAcc>1.127265</hAcc><vAcc>0.756745</vAcc></extensions></trkpt>
      <trkpt lon="-82.153415" lat="33.561272"><ele>76.564094</ele><time>2025-09-14T14:55:29Z</time><extensions><speed>1.081508</speed><course>246.217716</course><hAcc>1.129685</hAcc><vAcc>0.756745</vAcc></extensions></trkpt>
      <trkpt lon="-82.153425" lat="33.561268"><ele>76.512696</ele><time>2025-09-14T14:55:30Z</time><extensions><speed>1.091822</speed><course>240.446254</course><hAcc>1.125065</hAcc><vAcc>0.756745</vAcc></extensions></trkpt>
      <trkpt lon="-82.153435" lat="33.561263"><ele>76.480867</ele><time>2025-09-14T14:55:31Z</time><extensions><speed>1.108783</speed><course>238.133813</course><hAcc>1.119865</hAcc><vAcc>0.756745</vAcc></extensions></trkpt>
      <trkpt lon="-82.153446" lat="33.561257"><ele>76.470290</ele><time>2025-09-14T14:55:32Z</time><extensions><speed>1.221654</speed><course>238.500849</course><hAcc>1.108570</hAcc><vAcc>0.756745</vAcc></extensions></trkpt>
      <trkpt lon="-82.153457" lat="33.561252"><ele>76.478520</ele><time>2025-09-14T14:55:33Z</time><extensions><speed>1.186126</speed><course>242.639383</course><hAcc>1.091516</hAcc><vAcc>0.756745</vAcc></extensions></trkpt>
      <trkpt lon="-82.153469" lat="33.561247"><ele>76.502311</ele><time>2025-09-14T14:55:34Z</time><extensions><speed>1.321742</speed><course>246.232434</course><hAcc>1.088928</hAcc><vAcc>0.756744</vAcc></extensions></trkpt>
      <trkpt lon="-82.153482" lat="33.561242"><ele>76.533078</ele><time>2025-09-14T14:55:35Z</time><extensions><speed>1.279671</speed><course>245.136333</course><hAcc>1.104479</hAcc><vAcc>0.756744</vAcc></extensions></trkpt>
      <trkpt lon="-82.153494" lat="33.561237"><ele>76.580815</ele><time>2025-09-14T14:55:36Z</time><extensions><speed>1.269814</speed><course>238.948660</course><hAcc>1.078008</hAcc><vAcc>0.756744</vAcc></extensions></trkpt>
      <trkpt lon="-82.153506" lat="33.561231"><ele>76.636769</ele><time>2025-09-14T14:55:37Z</time><extensions><speed>1.312200</speed><course>236.253349</course><hAcc>1.064632</hAcc><vAcc>0.756744</vAcc></extensions></trkpt>
      <trkpt lon="-82.153518" lat="33.561224"><ele>76.706963</ele><time>2025-09-14T14:55:38Z</time><extensions><speed>1.331914</speed><course>236.453129</course><hAcc>1.067141</hAcc><vAcc>0.756744</vAcc></extensions></trkpt>
      <trkpt lon="-82.153529" lat="33.561218"><ele>76.794616</ele><time>2025-09-14T14:55:39Z</time><extensions><speed>1.223082</speed><course>237.307752</course><hAcc>1.084265</hAcc><vAcc>0.756744</vAcc></extensions></trkpt>
      <trkpt lon="-82.153540" lat="33.561212"><ele>76.886987</ele><time>2025-09-14T14:55:40Z</time><extensions><speed>1.146919</speed><course>242.246696</course><hAcc>1.066791</hAcc><vAcc>0.756744</vAcc></extensions></trkpt>
      <trkpt lon="-82.153552" lat="33.561208"><ele>76.997256</ele><time>2025-09-14T14:55:41Z</time><extensions><speed>1.212217</speed><course>249.800442</course><hAcc>1.070690</hAcc><vAcc>0.756744</vAcc></extensions></trkpt>
      <trkpt lon="-82.153565" lat="33.561205"><ele>77.109946</ele><time>2025-09-14T14:55:42Z</time><extensions><speed>1.246619</speed><course>252.721922</course><hAcc>1.106044</hAcc><vAcc>0.756744</vAcc></extensions></trkpt>
      <trkpt lon="-82.153577" lat="33.561201"><ele>77.221825</ele><time>2025-09-14T14:55:43Z</time><extensions><speed>1.208482</speed><course>250.095406</course><hAcc>1.088396</hAcc><vAcc>0.756744</vAcc></extensions></trkpt>
      <trkpt lon="-82.153589" lat="33.561197"><ele>77.333201</ele><time>2025-09-14T14:55:44Z</time><extensions><speed>1.212156</speed><course>248.276508</course><hAcc>1.084689</hAcc><vAcc>0.756744</vAcc></extensions></trkpt>
      <trkpt lon="-82.153602" lat="33.561193"><ele>77.439559</ele><time>2025-09-14T14:55:45Z</time><extensions><speed>1.252668</speed><course>250.562076</course><hAcc>1.101868</hAcc><vAcc>0.756744</vAcc></extensions></trkpt>
      <trkpt lon="-82.153614" lat="33.561190"><ele>77.549400</ele><time>2025-09-14T14:55:46Z</time><extensions><speed>1.189693</speed><course>254.316020</course><hAcc>1.122679</hAcc><vAcc>0.756744</vAcc></extensions></trkpt>
      <trkpt lon="-82.153626" lat="33.561187"><ele>77.656302</ele><time>2025-09-14T14:55:47Z</time><extensions><speed>1.074019</speed><course>255.952997</course><hAcc>1.124976</hAcc><vAcc>0.756744</vAcc></extensions></trkpt>
      <trkpt lon="-82.153637" lat="33.561185"><ele>77.770766</ele><time>2025-09-14T14:55:48Z</time><extensions><speed>1.005142</speed><course>255.529405</course><hAcc>1.130342</hAcc><vAcc>0.756744</vAcc></extensions></trkpt>
      <trkpt lon="-82.153647" lat="33.561183"><ele>77.890629</ele><time>2025-09-14T14:55:49Z</time><extensions><speed>0.973587</speed><course>255.152429</course><hAcc>1.134356</hAcc><vAcc>0.756744</vAcc></extensions></trkpt>
      <trkpt lon="-82.153657" lat="33.561181"><ele>78.013873</ele><time>2025-09-14T14:55:50Z</time><extensions><speed>0.988125</speed><course>258.449678</course><hAcc>1.136058</hAcc><vAcc>0.756744</vAcc></extensions></trkpt>
      <trkpt lon="-82.153668" lat="33.561179"><ele>78.130142</ele><time>2025-09-14T14:55:51Z</time><extensions><speed>1.014563</speed><course>262.142832</course><hAcc>1.133953</hAcc><vAcc>0.756744</vAcc></extensions></trkpt>
      <trkpt lon="-82.153679" lat="33.561178"><ele>78.248974</ele><time>2025-09-14T14:55:52Z</time><extensions><speed>0.983576</speed><course>268.281903</course><hAcc>1.135607</hAcc><vAcc>0.756744</vAcc></extensions></trkpt>
      <trkpt lon="-82.153689" lat="33.561179"><ele>78.371693</ele><time>2025-09-14T14:55:53Z</time><extensions><speed>0.935663</speed><course>273.676257</course><hAcc>1.135620</hAcc><vAcc>0.756744</vAcc></extensions></trkpt>
      <trkpt lon="-82.153699" lat="33.561179"><ele>78.498264</ele><time>2025-09-14T14:55:54Z</time><extensions><speed>0.937254</speed><course>271.592686</course><hAcc>1.133663</hAcc><vAcc>0.756744</vAcc></extensions></trkpt>
      <trkpt lon="-82.153710" lat="33.561179"><ele>78.620067</ele><time>2025-09-14T14:55:55Z</time><extensions><speed>0.980344</speed><course>267.884141</course><hAcc>1.129974</hAcc><vAcc>0.756744</vAcc></extensions></trkpt>
      <trkpt lon="-82.153720" lat="33.561179"><ele>78.748180</ele><time>2025-09-14T14:55:56Z</time><extensions><speed>0.971699</speed><course>269.484005</course><hAcc>1.134910</hAcc><vAcc>0.756744</vAcc></extensions></trkpt>
      <trkpt lon="-82.153730" lat="33.561179"><ele>78.867632</ele><time>2025-09-14T14:55:57Z</time><extensions><speed>0.971669</speed><course>272.228825</course><hAcc>1.144887</hAcc><vAcc>0.756744</vAcc></extensions></trkpt>
      <trkpt lon="-82.153741" lat="33.561179"><ele>78.988239</ele><time>2025-09-14T14:55:58Z</time><extensions><speed>0.991303</speed><course>272.317650</course><hAcc>1.146804</hAcc><vAcc>0.756744</vAcc></extensions></trkpt>
      <trkpt lon="-82.153751" lat="33.561179"><ele>79.108216</ele><time>2025-09-14T14:55:59Z</time><extensions><speed>0.883242</speed><course>267.088191</course><hAcc>1.137129</hAcc><vAcc>0.756784</vAcc></extensions></trkpt>
      <trkpt lon="-82.153761" lat="33.561179"><ele>79.223716</ele><time>2025-09-14T14:56:00Z</time><extensions><speed>0.899285</speed><course>265.957723</course><hAcc>1.137301</hAcc><vAcc>0.757050</vAcc></extensions></trkpt>
      <trkpt lon="-82.153771" lat="33.561178"><ele>79.336634</ele><time>2025-09-14T14:56:01Z</time><extensions><speed>0.955779</speed><course>268.709657</course><hAcc>1.151395</hAcc><vAcc>0.757206</vAcc></extensions></trkpt>
      <trkpt lon="-82.153781" lat="33.561178"><ele>79.439357</ele><time>2025-09-14T14:56:02Z</time><extensions><speed>0.932118</speed><course>271.944429</course><hAcc>1.149181</hAcc><vAcc>0.757376</vAcc></extensions></trkpt>
      <trkpt lon="-82.153791" lat="33.561179"><ele>79.530097</ele><time>2025-09-14T14:56:03Z</time><extensions><speed>0.905861</speed><course>276.580087</course><hAcc>1.156643</hAcc><vAcc>0.757573</vAcc></extensions></trkpt>
      <trkpt lon="-82.153800" lat="33.561180"><ele>79.616513</ele><time>2025-09-14T14:56:04Z</time><extensions><speed>0.904875</speed><course>281.201550</course><hAcc>1.180638</hAcc><vAcc>0.757794</vAcc></extensions></trkpt>
      <trkpt lon="-82.153810" lat="33.561182"><ele>79.690391</ele><time>2025-09-14T14:56:05Z</time><extensions><speed>0.936913</speed><course>283.133457</course><hAcc>1.216649</hAcc><vAcc>0.758032</vAcc></extensions></trkpt>
      <trkpt lon="-82.153820" lat="33.561184"><ele>79.763027</ele><time>2025-09-14T14:56:06Z</time><extensions><speed>0.907630</speed><course>283.218474</course><hAcc>1.248793</hAcc><vAcc>0.758277</vAcc></extensions></trkpt>
      <trkpt lon="-82.153829" lat="33.561186"><ele>79.827656</ele><time>2025-09-14T14:56:07Z</time><extensions><speed>0.903749</speed><course>283.659632</course><hAcc>1.310763</hAcc><vAcc>0.758509</vAcc></extensions></trkpt>
      <trkpt lon="-82.153838" lat="33.561187"><ele>79.919295</ele><time>2025-09-14T14:56:08Z</time><extensions><speed>0.797847</speed><course>274.283524</course><hAcc>1.351072</hAcc><vAcc>0.758705</vAcc></extensions></trkpt>
      <trkpt lon="-82.153846" lat="33.561187"><ele>80.012284</ele><time>2025-09-14T14:56:09Z</time><extensions><speed>0.720151</speed><course>262.694425</course><hAcc>1.360775</hAcc><vAcc>0.758834</vAcc></extensions></trkpt>
      <trkpt lon="-82.153854" lat="33.561186"><ele>80.098808</ele><time>2025-09-14T14:56:10Z</time><extensions><speed>0.717862</speed><course>259.368841</course><hAcc>1.375388</hAcc><vAcc>0.758863</vAcc></extensions></trkpt>
      <trkpt lon="-82.153862" lat="33.561185"><ele>80.177020</ele><time>2025-09-14T14:56:11Z</time><extensions><speed>0.764292</speed><course>265.120348</course><hAcc>1.386993</hAcc><vAcc>0.758863</vAcc></extensions></trkpt>
      <trkpt lon="-82.153870" lat="33.561185"><ele>80.261420</ele><time>2025-09-14T14:56:12Z</time><extensions><speed>0.790620</speed><course>275.432032</course><hAcc>1.387710</hAcc><vAcc>0.758929</vAcc></extensions></trkpt>
      <trkpt lon="-82.153879" lat="33.561186"><ele>80.363661</ele><time>2025-09-14T14:56:13Z</time><extensions><speed>0.803193</speed><course>285.358287</course><hAcc>1.378610</hAcc><vAcc>0.759062</vAcc></extensions></trkpt>
      <trkpt lon="-82.153887" lat="33.561189"><ele>80.464034</ele><time>2025-09-14T14:56:14Z</time><extensions><speed>0.817997</speed><course>293.299878</course><hAcc>1.370220</hAcc><vAcc>0.759275</vAcc></extensions></trkpt>
      <trkpt lon="-82.153895" lat="33.561192"><ele>80.567771</ele><time>2025-09-14T14:56:15Z</time><extensions><speed>0.829265</speed><course>297.974266</course><hAcc>1.368580</hAcc><vAcc>0.759631</vAcc></extensions></trkpt>
      <trkpt lon="-82.153904" lat="33.561195"><ele>80.683905</ele><time>2025-09-14T14:56:16Z</time><extensions><speed>0.972223</speed><course>295.154196</course><hAcc>1.362975</hAcc><vAcc>0.760043</vAcc></extensions></trkpt>
      <trkpt lon="-82.153914" lat="33.561199"><ele>80.803086</ele><time>2025-09-14T14:56:17Z</time><extensions><speed>1.060819</speed><course>289.644202</course><hAcc>1.361089</hAcc><vAcc>0.760492</vAcc></extensions></trkpt>
      <trkpt lon="-82.153925" lat="33.561202"><ele>80.930592</ele><time>2025-09-14T14:56:18Z</time><extensions><speed>1.096282</speed><course>283.402219</course><hAcc>1.362400</hAcc><vAcc>0.761028</vAcc></extensions></trkpt>
      <trkpt lon="-82.153937" lat="33.561204"><ele>81.069166</ele><time>2025-09-14T14:56:19Z</time><extensions><speed>1.132615</speed><course>280.359943</course><hAcc>1.369965</hAcc><vAcc>0.761651</vAcc></extensions></trkpt>
      <trkpt lon="-82.153949" lat="33.561206"><ele>81.216326</ele><time>2025-09-14T14:56:20Z</time><extensions><speed>1.137204</speed><course>279.508284</course><hAcc>1.367069</hAcc><vAcc>0.762405</vAcc></extensions></trkpt>
      <trkpt lon="-82.153961" lat="33.561207"><ele>81.367541</ele><time>2025-09-14T14:56:21Z</time><extensions><speed>1.134182</speed><course>280.152913</course><hAcc>1.355848</hAcc><vAcc>0.763125</vAcc></extensions></trkpt>
      <trkpt lon="-82.153973" lat="33.561209"><ele>81.516840</ele><time>2025-09-14T14:56:22Z</time><extensions><speed>1.119902</speed><course>281.653561</course><hAcc>1.352598</hAcc><vAcc>0.763650</vAcc></extensions></trkpt>
      <trkpt lon="-82.153985" lat="33.561211"><ele>81.667788</ele><time>2025-09-14T14:56:23Z</time><extensions><speed>1.204871</speed><course>281.443922</course><hAcc>1.345121</hAcc><vAcc>0.764040</vAcc></extensions></trkpt>
      <trkpt lon="-82.153998" lat="33.561213"><ele>81.814261</ele><time>2025-09-14T14:56:24Z</time><extensions><speed>1.215206</speed><course>281.432038</course><hAcc>1.332642</hAcc><vAcc>0.764543</vAcc></extensions></trkpt>
      <trkpt lon="-82.154010" lat="33.561215"><ele>81.967167</ele><time>2025-09-14T14:56:25Z</time><extensions><speed>1.172812</speed><course>278.963466</course><hAcc>1.307442</hAcc><vAcc>0.764943</vAcc></extensions></trkpt>
      <trkpt lon="-82.154023" lat="33.561217"><ele>82.113411</ele><time>2025-09-14T14:56:26Z</time><extensions><speed>1.205093</speed><course>279.382785</course><hAcc>1.300830</hAcc><vAcc>0.765289</vAcc></extensions></trkpt>
      <trkpt lon="-82.154036" lat="33.561219"><ele>82.254768</ele><time>2025-09-14T14:56:27Z</time><extensions><speed>1.264658</speed><course>279.154556</course><hAcc>1.300406</hAcc><vAcc>0.765788</vAcc></extensions></trkpt>
      <trkpt lon="-82.154049" lat="33.561221"><ele>82.388680</ele><time>2025-09-14T14:56:28Z</time><extensions><speed>1.178154</speed><course>282.756434</course><hAcc>1.306606</hAcc><vAcc>0.766319</vAcc></extensions></trkpt>
      <trkpt lon="-82.154062" lat="33.561223"><ele>82.515507</ele><time>2025-09-14T14:56:29Z</time><extensions><speed>1.180742</speed><course>284.128554</course><hAcc>1.309636</hAcc><vAcc>0.766820</vAcc></extensions></trkpt>
      <trkpt lon="-82.154074" lat="33.561226"><ele>82.621708</ele><time>2025-09-14T14:56:30Z</time><extensions><speed>1.221860</speed><course>281.533755</course><hAcc>1.301430</hAcc><vAcc>0.768011</vAcc></extensions></trkpt>
      <trkpt lon="-82.154087" lat="33.561228"><ele>82.725560</ele><time>2025-09-14T14:56:31Z</time><extensions><speed>1.243435</speed><course>279.587106</course><hAcc>1.316913</hAcc><vAcc>0.769848</vAcc></extensions></trkpt>
      <trkpt lon="-82.154101" lat="33.561230"><ele>82.820314</ele><time>2025-09-14T14:56:32Z</time><extensions><speed>1.254683</speed><course>279.254784</course><hAcc>1.317041</hAcc><vAcc>0.771497</vAcc></extensions></trkpt>
      <trkpt lon="-82.154114" lat="33.561231"><ele>82.893768</ele><time>2025-09-14T14:56:33Z</time><extensions><speed>1.206038</speed><course>278.961459</course><hAcc>1.304839</hAcc><vAcc>0.773253</vAcc></extensions></trkpt>
      <trkpt lon="-82.154126" lat="33.561233"><ele>82.941415</ele><time>2025-09-14T14:56:34Z</time><extensions><speed>1.182817</speed><course>280.506331</course><hAcc>1.286884</hAcc><vAcc>0.774804</vAcc></extensions></trkpt>
      <trkpt lon="-82.154139" lat="33.561235"><ele>82.985651</ele><time>2025-09-14T14:56:35Z</time><extensions><speed>1.196377</speed><course>281.493611</course><hAcc>1.284461</hAcc><vAcc>0.776657</vAcc></extensions></trkpt>
      <trkpt lon="-82.154152" lat="33.561237"><ele>83.028788</ele><time>2025-09-14T14:56:36Z</time><extensions><speed>1.195106</speed><course>281.565519</course><hAcc>1.285066</hAcc><vAcc>0.778182</vAcc></extensions></trkpt>
      <trkpt lon="-82.154164" lat="33.561239"><ele>83.068742</ele><time>2025-09-14T14:56:37Z</time><extensions><speed>1.191322</speed><course>281.016502</course><hAcc>1.283114</hAcc><vAcc>0.779369</vAcc></extensions></trkpt>
      <trkpt lon="-82.154176" lat="33.561241"><ele>83.106986</ele><time>2025-09-14T14:56:38Z</time><extensions><speed>1.063994</speed><course>276.437147</course><hAcc>1.273924</hAcc><vAcc>0.780122</vAcc></extensions></trkpt>
      <trkpt lon="-82.154187" lat="33.561242"><ele>83.138665</ele><time>2025-09-14T14:56:39Z</time><extensions><speed>1.006810</speed><course>270.111087</course><hAcc>1.283641</hAcc><vAcc>0.780535</vAcc></extensions></trkpt>
      <trkpt lon="-82.154198" lat="33.561241"><ele>83.168628</ele><time>2025-09-14T14:56:40Z</time><extensions><speed>0.995849</speed><course>260.215513</course><hAcc>1.274022</hAcc><vAcc>0.780475</vAcc></extensions></trkpt>
      <trkpt lon="-82.154209" lat="33.561239"><ele>83.193435</ele><time>2025-09-14T14:56:41Z</time><extensions><speed>1.042141</speed><course>252.223330</course><hAcc>1.274493</hAcc><vAcc>0.780144</vAcc></extensions></trkpt>
      <trkpt lon="-82.154219" lat="33.561235"><ele>83.201375</ele><time>2025-09-14T14:56:42Z</time><extensions><speed>1.108826</speed><course>242.743070</course><hAcc>1.273834</hAcc><vAcc>0.779377</vAcc></extensions></trkpt>
      <trkpt lon="-82.154230" lat="33.561229"><ele>83.208128</ele><time>2025-09-14T14:56:43Z</time><extensions><speed>1.224062</speed><course>231.959429</course><hAcc>1.255808</hAcc><vAcc>0.778260</vAcc></extensions></trkpt>
      <trkpt lon="-82.154240" lat="33.561221"><ele>83.205504</ele><time>2025-09-14T14:56:44Z</time><extensions><speed>1.393337</speed><course>226.292360</course><hAcc>1.247294</hAcc><vAcc>0.776941</vAcc></extensions></trkpt>
      <trkpt lon="-82.154251" lat="33.561212"><ele>83.201155</ele><time>2025-09-14T14:56:45Z</time><extensions><speed>1.438384</speed><course>222.223059</course><hAcc>1.252412</hAcc><vAcc>0.775337</vAcc></extensions></trkpt>
      <trkpt lon="-82.154261" lat="33.561202"><ele>83.188392</ele><time>2025-09-14T14:56:46Z</time><extensions><speed>1.409129</speed><course>219.059345</course><hAcc>1.249316</hAcc><vAcc>0.773761</vAcc></extensions></trkpt>
      <trkpt lon="-82.154270" lat="33.561193"><ele>83.164499</ele><time>2025-09-14T14:56:47Z</time><extensions><speed>1.359013</speed><course>215.385761</course><hAcc>1.239007</hAcc><vAcc>0.772283</vAcc></extensions></trkpt>
      <trkpt lon="-82.154278" lat="33.561182"><ele>83.131048</ele><time>2025-09-14T14:56:48Z</time><extensions><speed>1.288416</speed><course>210.090642</course><hAcc>1.230281</hAcc><vAcc>0.771341</vAcc></extensions></trkpt>
      <trkpt lon="-82.154284" lat="33.561172"><ele>83.109654</ele><time>2025-09-14T14:56:49Z</time><extensions><speed>1.219692</speed><course>204.305916</course><hAcc>1.228111</hAcc><vAcc>0.770788</vAcc></extensions></trkpt>
      <trkpt lon="-82.154289" lat="33.561162"><ele>83.085952</ele><time>2025-09-14T14:56:50Z</time><extensions><speed>1.245603</speed><course>197.469739</course><hAcc>1.230317</hAcc><vAcc>0.770630</vAcc></extensions></trkpt>
      <trkpt lon="-82.154292" lat="33.561151"><ele>83.051792</ele><time>2025-09-14T14:56:51Z</time><extensions><speed>1.198451</speed><course>189.721109</course><hAcc>1.237062</hAcc><vAcc>0.770887</vAcc></extensions></trkpt>
      <trkpt lon="-82.154294" lat="33.561141"><ele>83.016451</ele><time>2025-09-14T14:56:52Z</time><extensions><speed>1.187581</speed><course>187.809568</course><hAcc>1.244549</hAcc><vAcc>0.771630</vAcc></extensions></trkpt>
      <trkpt lon="-82.154296" lat="33.561130"><ele>82.981220</ele><time>2025-09-14T14:56:53Z</time><extensions><speed>1.199304</speed><course>188.782136</course><hAcc>1.264029</hAcc><vAcc>0.772930</vAcc></extensions></trkpt>
      <trkpt lon="-82.154298" lat="33.561119"><ele>82.941766</ele><time>2025-09-14T14:56:54Z</time><extensions><speed>1.271917</speed><course>189.475411</course><hAcc>1.273750</hAcc><vAcc>0.774814</vAcc></extensions></trkpt>
      <trkpt lon="-82.154300" lat="33.561108"><ele>82.901016</ele><time>2025-09-14T14:56:55Z</time><extensions><speed>1.203279</speed><course>192.459514</course><hAcc>1.267012</hAcc><vAcc>0.777601</vAcc></extensions></trkpt>
      <trkpt lon="-82.154303" lat="33.561097"><ele>82.865248</ele><time>2025-09-14T14:56:56Z</time><extensions><speed>1.251259</speed><course>195.706331</course><hAcc>1.278080</hAcc><vAcc>0.780808</vAcc></extensions></trkpt>
      <trkpt lon="-82.154307" lat="33.561086"><ele>82.827627</ele><time>2025-09-14T14:56:57Z</time><extensions><speed>1.407902</speed><course>195.768739</course><hAcc>1.301083</hAcc><vAcc>0.784629</vAcc></extensions></trkpt>
      <trkpt lon="-82.154312" lat="33.561074"><ele>82.796084</ele><time>2025-09-14T14:56:58Z</time><extensions><speed>1.440452</speed><course>197.333463</course><hAcc>1.316154</hAcc><vAcc>0.789280</vAcc></extensions></trkpt>
      <trkpt lon="-82.154316" lat="33.561062"><ele>82.755532</ele><time>2025-09-14T14:56:59Z</time><extensions><speed>1.318706</speed><course>197.049303</course><hAcc>1.337025</hAcc><vAcc>0.794588</vAcc></extensions></trkpt>
      <trkpt lon="-82.154320" lat="33.561051"><ele>82.700250</ele><time>2025-09-14T14:57:00Z</time><extensions><speed>1.225386</speed><course>196.693800</course><hAcc>1.350715</hAcc><vAcc>0.800189</vAcc></extensions></trkpt>
      <trkpt lon="-82.154324" lat="33.561041"><ele>82.644240</ele><time>2025-09-14T14:57:01Z</time><extensions><speed>1.048514</speed><course>197.602580</course><hAcc>1.351594</hAcc><vAcc>0.805823</vAcc></extensions></trkpt>
      <trkpt lon="-82.154327" lat="33.561032"><ele>82.593881</ele><time>2025-09-14T14:57:02Z</time><extensions><speed>1.064797</speed><course>200.798548</course><hAcc>1.362913</hAcc><vAcc>0.811526</vAcc></extensions></trkpt>
      <trkpt lon="-82.154332" lat="33.561023"><ele>82.538827</ele><time>2025-09-14T14:57:03Z</time><extensions><speed>1.125149</speed><course>203.206900</course><hAcc>1.373119</hAcc><vAcc>0.816850</vAcc></extensions></trkpt>
      <trkpt lon="-82.154337" lat="33.561013"><ele>82.472151</ele><time>2025-09-14T14:57:04Z</time><extensions><speed>1.233483</speed><course>205.755405</course><hAcc>1.377111</hAcc><vAcc>0.822169</vAcc></extensions></trkpt>
      <trkpt lon="-82.154343" lat="33.561003"><ele>82.390190</ele><time>2025-09-14T14:57:05Z</time><extensions><speed>1.304709</speed><course>207.328307</course><hAcc>1.376722</hAcc><vAcc>0.827202</vAcc></extensions></trkpt>
      <trkpt lon="-82.154350" lat="33.560992"><ele>82.301584</ele><time>2025-09-14T14:57:06Z</time><extensions><speed>1.314764</speed><course>205.748483</course><hAcc>1.371386</hAcc><vAcc>0.831300</vAcc></extensions></trkpt>
      <trkpt lon="-82.154355" lat="33.560982"><ele>82.205839</ele><time>2025-09-14T14:57:07Z</time><extensions><speed>1.288525</speed><course>203.427579</course><hAcc>1.362793</hAcc><vAcc>0.834358</vAcc></extensions></trkpt>
      <trkpt lon="-82.154360" lat="33.560971"><ele>82.109876</ele><time>2025-09-14T14:57:08Z</time><extensions><speed>1.169245</speed><course>201.133837</course><hAcc>1.358608</hAcc><vAcc>0.836550</vAcc></extensions></trkpt>
      <trkpt lon="-82.154365" lat="33.560962"><ele>82.010279</ele><time>2025-09-14T14:57:09Z</time><extensions><speed>1.155317</speed><course>201.219970</course><hAcc>1.348963</hAcc><vAcc>0.838484</vAcc></extensions></trkpt>
      <trkpt lon="-82.154369" lat="33.560952"><ele>81.927274</ele><time>2025-09-14T14:57:10Z</time><extensions><speed>1.180156</speed><course>201.384246</course><hAcc>1.334910</hAcc><vAcc>0.839283</vAcc></extensions></trkpt>
      <trkpt lon="-82.154374" lat="33.560942"><ele>81.843131</ele><time>2025-09-14T14:57:11Z</time><extensions><speed>1.222467</speed><course>201.984346</course><hAcc>1.324758</hAcc><vAcc>0.839649</vAcc></extensions></trkpt>
      <trkpt lon="-82.154379" lat="33.560932"><ele>81.760825</ele><time>2025-09-14T14:57:12Z</time><extensions><speed>1.144993</speed><course>202.611364</course><hAcc>1.314533</hAcc><vAcc>0.839387</vAcc></extensions></trkpt>
      <trkpt lon="-82.154384" lat="33.560922"><ele>81.693161</ele><time>2025-09-14T14:57:13Z</time><extensions><speed>1.116906</speed><course>203.579809</course><hAcc>1.302004</hAcc><vAcc>0.839764</vAcc></extensions></trkpt>
      <trkpt lon="-82.154389" lat="33.560913"><ele>81.644101</ele><time>2025-09-14T14:57:14Z</time><extensions><speed>1.106638</speed><course>204.111460</course><hAcc>1.287312</hAcc><vAcc>0.840039</vAcc></extensions></trkpt>
      <trkpt lon="-82.154394" lat="33.560904"><ele>81.610091</ele><time>2025-09-14T14:57:15Z</time><extensions><speed>1.182132</speed><course>204.730170</course><hAcc>1.277812</hAcc><vAcc>0.839949</vAcc></extensions></trkpt>
      <trkpt lon="-82.154399" lat="33.560894"><ele>81.587385</ele><time>2025-09-14T14:57:16Z</time><extensions><speed>1.253633</speed><course>204.841403</course><hAcc>1.284564</hAcc><vAcc>0.840553</vAcc></extensions></trkpt>
      <trkpt lon="-82.154405" lat="33.560883"><ele>81.584344</ele><time>2025-09-14T14:57:17Z</time><extensions><speed>1.281171</speed><course>203.809334</course><hAcc>1.298995</hAcc><vAcc>0.841407</vAcc></extensions></trkpt>
      <trkpt lon="-82.154410" lat="33.560873"><ele>81.594941</ele><time>2025-09-14T14:57:18Z</time><extensions><speed>1.274183</speed><course>201.692289</course><hAcc>1.313781</hAcc><vAcc>0.842428</vAcc></extensions></trkpt>
      <trkpt lon="-82.154415" lat="33.560862"><ele>81.626189</ele><time>2025-09-14T14:57:19Z</time><extensions><speed>1.155412</speed><course>201.685849</course><hAcc>1.330607</hAcc><vAcc>0.843302</vAcc></extensions></trkpt>
      <trkpt lon="-82.154419" lat="33.560852"><ele>81.663360</ele><time>2025-09-14T14:57:20Z</time><extensions><speed>1.197317</speed><course>199.194659</course><hAcc>1.343246</hAcc><vAcc>0.845250</vAcc></extensions></trkpt>
      <trkpt lon="-82.154424" lat="33.560842"><ele>81.710216</ele><time>2025-09-14T14:57:21Z</time><extensions><speed>1.194344</speed><course>199.302696</course><hAcc>1.351700</hAcc><vAcc>0.847771</vAcc></extensions></trkpt>
      <trkpt lon="-82.154428" lat="33.560832"><ele>81.764046</ele><time>2025-09-14T14:57:22Z</time><extensions><speed>1.198611</speed><course>199.703609</course><hAcc>1.359545</hAcc><vAcc>0.850128</vAcc></extensions></trkpt>
      <trkpt lon="-82.154432" lat="33.560821"><ele>81.824710</ele><time>2025-09-14T14:57:23Z</time><extensions><speed>1.279121</speed><course>198.356819</course><hAcc>1.372635</hAcc><vAcc>0.852457</vAcc></extensions></trkpt>
      <trkpt lon="-82.154437" lat="33.560810"><ele>81.888413</ele><time>2025-09-14T14:57:24Z</time><extensions><speed>1.372232</speed><course>198.123052</course><hAcc>1.370304</hAcc><vAcc>0.855021</vAcc></extensions></trkpt>
      <trkpt lon="-82.154441" lat="33.560798"><ele>81.949320</ele><time>2025-09-14T14:57:25Z</time><extensions><speed>1.407124</speed><course>196.769227</course><hAcc>1.371398</hAcc><vAcc>0.857738</vAcc></extensions></trkpt>
      <trkpt lon="-82.154445" lat="33.560786"><ele>82.011836</ele><time>2025-09-14T14:57:26Z</time><extensions><speed>1.301772</speed><course>197.204243</course><hAcc>1.388674</hAcc><vAcc>0.859927</vAcc></extensions></trkpt>
      <trkpt lon="-82.154450" lat="33.560775"><ele>82.087349</ele><time>2025-09-14T14:57:27Z</time><extensions><speed>1.306455</speed><course>198.170772</course><hAcc>1.360006</hAcc><vAcc>0.861636</vAcc></extensions></trkpt>
      <trkpt lon="-82.154454" lat="33.560764"><ele>82.151976</ele><time>2025-09-14T14:57:28Z</time><extensions><speed>1.293010</speed><course>196.668428</course><hAcc>1.347116</hAcc><vAcc>0.863710</vAcc></extensions></trkpt>
      <trkpt lon="-82.154457" lat="33.560752"><ele>82.225121</ele><time>2025-09-14T14:57:29Z</time><extensions><speed>1.342211</speed><course>191.657627</course><hAcc>1.343454</hAcc><vAcc>0.865374</vAcc></extensions></trkpt>
      <trkpt lon="-82.154459" lat="33.560740"><ele>82.304530</ele><time>2025-09-14T14:57:30Z</time><extensions><speed>1.402947</speed><course>186.373481</course><hAcc>1.340400</hAcc><vAcc>0.867308</vAcc></extensions></trkpt>
      <trkpt lon="-82.154461" lat="33.560727"><ele>82.375008</ele><time>2025-09-14T14:57:31Z</time><extensions><speed>1.439347</speed><course>185.252503</course><hAcc>1.340423</hAcc><vAcc>0.869489</vAcc></extensions></trkpt>
      <trkpt lon="-82.154463" lat="33.560715"><ele>82.456898</ele><time>2025-09-14T14:57:32Z</time><extensions><speed>1.367732</speed><course>187.989750</course><hAcc>1.338393</hAcc><vAcc>0.871430</vAcc></extensions></trkpt>
      <trkpt lon="-82.154465" lat="33.560702"><ele>82.544639</ele><time>2025-09-14T14:57:33Z</time><extensions><speed>1.370333</speed><course>190.011761</course><hAcc>1.333342</hAcc><vAcc>0.872703</vAcc></extensions></trkpt>
      <trkpt lon="-82.154468" lat="33.560690"><ele>82.615191</ele><time>2025-09-14T14:57:35Z</time><extensions><speed>1.346764</speed><course>193.380461</course><hAcc>1.324811</hAcc><vAcc>0.873524</vAcc></extensions></trkpt>
      <trkpt lon="-82.154472" lat="33.560679"><ele>82.668236</ele><time>2025-09-14T14:57:36Z</time><extensions><speed>1.384085</speed><course>195.580252</course><hAcc>1.314494</hAcc><vAcc>0.873395</vAcc></extensions></trkpt>
      <trkpt lon="-82.154476" lat="33.560667"><ele>82.715557</ele><time>2025-09-14T14:57:37Z</time><extensions><speed>1.379883</speed><course>197.636829</course><hAcc>1.307794</hAcc><vAcc>0.873358</vAcc></extensions></trkpt>
      <trkpt lon="-82.154480" lat="33.560655"><ele>82.763905</ele><time>2025-09-14T14:57:38Z</time><extensions><speed>1.338560</speed><course>197.764343</course><hAcc>1.307821</hAcc><vAcc>0.873509</vAcc></extensions></trkpt>
      <trkpt lon="-82.154485" lat="33.560644"><ele>82.811804</ele><time>2025-09-14T14:57:39Z</time><extensions><speed>1.254265</speed><course>197.355335</course><hAcc>1.307753</hAcc><vAcc>0.872606</vAcc></extensions></trkpt>
      <trkpt lon="-82.154488" lat="33.560633"><ele>82.858082</ele><time>2025-09-14T14:57:40Z</time><extensions><speed>1.160309</speed><course>197.166334</course><hAcc>1.310045</hAcc><vAcc>0.870862</vAcc></extensions></trkpt>
      <trkpt lon="-82.154492" lat="33.560623"><ele>82.891488</ele><time>2025-09-14T14:57:41Z</time><extensions><speed>1.186027</speed><course>196.148431</course><hAcc>1.312524</hAcc><vAcc>0.869348</vAcc></extensions></trkpt>
      <trkpt lon="-82.154496" lat="33.560613"><ele>82.905642</ele><time>2025-09-14T14:57:42Z</time><extensions><speed>1.225573</speed><course>197.584476</course><hAcc>1.311235</hAcc><vAcc>0.866957</vAcc></extensions></trkpt>
      <trkpt lon="-82.154500" lat="33.560602"><ele>82.934786</ele><time>2025-09-14T14:57:43Z</time><extensions><speed>1.265668</speed><course>198.455636</course><hAcc>1.309379</hAcc><vAcc>0.863427</vAcc></extensions></trkpt>
      <trkpt lon="-82.154504" lat="33.560591"><ele>82.967350</ele><time>2025-09-14T14:57:44Z</time><extensions><speed>1.340412</speed><course>199.441096</course><hAcc>1.303200</hAcc><vAcc>0.859380</vAcc></extensions></trkpt>
      <trkpt lon="-82.154509" lat="33.560580"><ele>82.998138</ele><time>2025-09-14T14:57:45Z</time><extensions><speed>1.311094</speed><course>201.093708</course><hAcc>1.291053</hAcc><vAcc>0.855022</vAcc></extensions></trkpt>
      <trkpt lon="-82.154514" lat="33.560569"><ele>83.010035</ele><time>2025-09-14T14:57:46Z</time><extensions><speed>1.181269</speed><course>200.261113</course><hAcc>1.275591</hAcc><vAcc>0.849948</vAcc></extensions></trkpt>
      <trkpt lon="-82.154518" lat="33.560559"><ele>83.011136</ele><time>2025-09-14T14:57:47Z</time><extensions><speed>1.191422</speed><course>197.072063</course><hAcc>1.261540</hAcc><vAcc>0.844923</vAcc></extensions></trkpt>
      <trkpt lon="-82.154522" lat="33.560549"><ele>83.000445</ele><time>2025-09-14T14:57:48Z</time><extensions><speed>1.258441</speed><course>196.642334</course><hAcc>1.244803</hAcc><vAcc>0.839451</vAcc></extensions></trkpt>
      <trkpt lon="-82.154526" lat="33.560537"><ele>82.971857</ele><time>2025-09-14T14:57:49Z</time><extensions><speed>1.304448</speed><course>195.315146</course><hAcc>1.222086</hAcc><vAcc>0.833637</vAcc></extensions></trkpt>
      <trkpt lon="-82.154529" lat="33.560526"><ele>82.946177</ele><time>2025-09-14T14:57:50Z</time><extensions><speed>1.349866</speed><course>194.662968</course><hAcc>1.217476</hAcc><vAcc>0.827582</vAcc></extensions></trkpt>
      <trkpt lon="-82.154533" lat="33.560515"><ele>82.923684</ele><time>2025-09-14T14:57:51Z</time><extensions><speed>1.270141</speed><course>195.489540</course><hAcc>1.247123</hAcc><vAcc>0.821363</vAcc></extensions></trkpt>
      <trkpt lon="-82.154537" lat="33.560504"><ele>82.916902</ele><time>2025-09-14T14:57:52Z</time><extensions><speed>1.170112</speed><course>201.726412</course><hAcc>1.206313</hAcc><vAcc>0.814894</vAcc></extensions></trkpt>
      <trkpt lon="-82.154542" lat="33.560494"><ele>82.910750</ele><time>2025-09-14T14:57:53Z</time><extensions><speed>1.141936</speed><course>202.836129</course><hAcc>1.193839</hAcc><vAcc>0.808469</vAcc></extensions></trkpt>
      <trkpt lon="-82.154547" lat="33.560485"><ele>82.907889</ele><time>2025-09-14T14:57:54Z</time><extensions><speed>1.217193</speed><course>202.900020</course><hAcc>1.197352</hAcc><vAcc>0.802767</vAcc></extensions></trkpt>
      <trkpt lon="-82.154552" lat="33.560474"><ele>82.901767</ele><time>2025-09-14T14:57:55Z</time><extensions><speed>1.286014</speed><course>201.594408</course><hAcc>1.204243</hAcc><vAcc>0.797678</vAcc></extensions></trkpt>
      <trkpt lon="-82.154557" lat="33.560463"><ele>82.902790</ele><time>2025-09-14T14:57:56Z</time><extensions><speed>1.274268</speed><course>200.545986</course><hAcc>1.206610</hAcc><vAcc>0.793408</vAcc></extensions></trkpt>
      <trkpt lon="-82.154562" lat="33.560453"><ele>82.904758</ele><time>2025-09-14T14:57:57Z</time><extensions><speed>1.225965</speed><course>199.773914</course><hAcc>1.204823</hAcc><vAcc>0.790012</vAcc></extensions></trkpt>
      <trkpt lon="-82.154566" lat="33.560443"><ele>82.918477</ele><time>2025-09-14T14:57:58Z</time><extensions><speed>1.075597</speed><course>199.722191</course><hAcc>1.199462</hAcc><vAcc>0.787402</vAcc></extensions></trkpt>
      <trkpt lon="-82.154570" lat="33.560434"><ele>82.933757</ele><time>2025-09-14T14:57:59Z</time><extensions><speed>1.058835</speed><course>198.091711</course><hAcc>1.195651</hAcc><vAcc>0.786166</vAcc></extensions></trkpt>
      <trkpt lon="-82.154573" lat="33.560424"><ele>82.963657</ele><time>2025-09-14T14:58:00Z</time><extensions><speed>1.152273</speed><course>194.687720</course><hAcc>1.214211</hAcc><vAcc>0.785304</vAcc></extensions></trkpt>
      <trkpt lon="-82.154576" lat="33.560414"><ele>82.991205</ele><time>2025-09-14T14:58:01Z</time><extensions><speed>1.230463</speed><course>194.674266</course><hAcc>1.224113</hAcc><vAcc>0.785136</vAcc></extensions></trkpt>
      <trkpt lon="-82.154580" lat="33.560403"><ele>83.020809</ele><time>2025-09-14T14:58:02Z</time><extensions><speed>1.293815</speed><course>195.998673</course><hAcc>1.225821</hAcc><vAcc>0.785128</vAcc></extensions></trkpt>
      <trkpt lon="-82.154584" lat="33.560392"><ele>83.053552</ele><time>2025-09-14T14:58:03Z</time><extensions><speed>1.361895</speed><course>197.446680</course><hAcc>1.235309</hAcc><vAcc>0.785288</vAcc></extensions></trkpt>
      <trkpt lon="-82.154588" lat="33.560380"><ele>83.087901</ele><time>2025-09-14T14:58:04Z</time><extensions><speed>1.350597</speed><course>199.826951</course><hAcc>1.237347</hAcc><vAcc>0.785422</vAcc></extensions></trkpt>
      <trkpt lon="-82.154593" lat="33.560368"><ele>83.124045</ele><time>2025-09-14T14:58:05Z</time><extensions><speed>1.343404</speed><course>197.824633</course><hAcc>1.230234</hAcc><vAcc>0.785305</vAcc></extensions></trkpt>
      <trkpt lon="-82.154597" lat="33.560357"><ele>83.161273</ele><time>2025-09-14T14:58:06Z</time><extensions><speed>1.330219</speed><course>196.335626</course><hAcc>1.219606</hAcc><vAcc>0.784767</vAcc></extensions></trkpt>
      <trkpt lon="-82.154601" lat="33.560345"><ele>83.210446</ele><time>2025-09-14T14:58:07Z</time><extensions><speed>1.352636</speed><course>196.533394</course><hAcc>1.206238</hAcc><vAcc>0.783719</vAcc></extensions></trkpt>
      <trkpt lon="-82.154606" lat="33.560334"><ele>83.263863</ele><time>2025-09-14T14:58:08Z</time><extensions><speed>1.374390</speed><course>196.165861</course><hAcc>1.202717</hAcc><vAcc>0.782380</vAcc></extensions></trkpt>
      <trkpt lon="-82.154610" lat="33.560322"><ele>83.318185</ele><time>2025-09-14T14:58:09Z</time><extensions><speed>1.292677</speed><course>196.193979</course><hAcc>1.220442</hAcc><vAcc>0.780707</vAcc></extensions></trkpt>
      <trkpt lon="-82.154613" lat="33.560311"><ele>83.369197</ele><time>2025-09-14T14:58:10Z</time><extensions><speed>1.224417</speed><course>195.426423</course><hAcc>1.197661</hAcc><vAcc>0.779123</vAcc></extensions></trkpt>
      <trkpt lon="-82.154617" lat="33.560300"><ele>83.412999</ele><time>2025-09-14T14:58:11Z</time><extensions><speed>1.265934</speed><course>196.018829</course><hAcc>1.189411</hAcc><vAcc>0.777524</vAcc></extensions></trkpt>
      <trkpt lon="-82.154621" lat="33.560289"><ele>83.446170</ele><time>2025-09-14T14:58:12Z</time><extensions><speed>1.333780</speed><course>197.506091</course><hAcc>1.193744</hAcc><vAcc>0.776458</vAcc></extensions></trkpt>
      <trkpt lon="-82.154625" lat="33.560277"><ele>83.485647</ele><time>2025-09-14T14:58:13Z</time><extensions><speed>1.359423</speed><course>198.185997</course><hAcc>1.197884</hAcc><vAcc>0.776104</vAcc></extensions></trkpt>
      <trkpt lon="-82.154630" lat="33.560266"><ele>83.523548</ele><time>2025-09-14T14:58:14Z</time><extensions><speed>1.330704</speed><course>199.169273</course><hAcc>1.203749</hAcc><vAcc>0.776692</vAcc></extensions></trkpt>
      <trkpt lon="-82.154635" lat="33.560255"><ele>83.560501</ele><time>2025-09-14T14:58:15Z</time><extensions><speed>1.208664</speed><course>200.477535</course><hAcc>1.213176</hAcc><vAcc>0.778378</vAcc></extensions></trkpt>
      <trkpt lon="-82.154639" lat="33.560245"><ele>83.600197</ele><time>2025-09-14T14:58:16Z</time><extensions><speed>1.133719</speed><course>200.227703</course><hAcc>1.223373</hAcc><vAcc>0.781179</vAcc></extensions></trkpt>
      <trkpt lon="-82.154643" lat="33.560236"><ele>83.632922</ele><time>2025-09-14T14:58:17Z</time><extensions><speed>1.112860</speed><course>197.189585</course><hAcc>1.229560</hAcc><vAcc>0.785044</vAcc></extensions></trkpt>
      <trkpt lon="-82.154647" lat="33.560226"><ele>83.673135</ele><time>2025-09-14T14:58:18Z</time><extensions><speed>1.197991</speed><course>195.263008</course><hAcc>1.262801</hAcc><vAcc>0.789533</vAcc></extensions></trkpt>
      <trkpt lon="-82.154650" lat="33.560214"><ele>83.703736</ele><time>2025-09-14T14:58:19Z</time><extensions><speed>1.417297</speed><course>195.639312</course><hAcc>1.277221</hAcc><vAcc>0.794830</vAcc></extensions></trkpt>
      <trkpt lon="-82.154655" lat="33.560202"><ele>83.733317</ele><time>2025-09-14T14:58:20Z</time><extensions><speed>1.440163</speed><course>196.677276</course><hAcc>1.291008</hAcc><vAcc>0.800759</vAcc></extensions></trkpt>
      <trkpt lon="-82.154659" lat="33.560190"><ele>83.762699</ele><time>2025-09-14T14:58:21Z</time><extensions><speed>1.289422</speed><course>198.783693</course><hAcc>1.308659</hAcc><vAcc>0.806639</vAcc></extensions></trkpt>
      <trkpt lon="-82.154663" lat="33.560180"><ele>83.789540</ele><time>2025-09-14T14:58:22Z</time><extensions><speed>1.190188</speed><course>199.547463</course><hAcc>1.323226</hAcc><vAcc>0.813518</vAcc></extensions></trkpt>
      <trkpt lon="-82.154667" lat="33.560170"><ele>83.825552</ele><time>2025-09-14T14:58:23Z</time><extensions><speed>1.176211</speed><course>196.543662</course><hAcc>1.338305</hAcc><vAcc>0.820290</vAcc></extensions></trkpt>
      <trkpt lon="-82.154671" lat="33.560159"><ele>83.864593</ele><time>2025-09-14T14:58:24Z</time><extensions><speed>1.184872</speed><course>197.496742</course><hAcc>1.345386</hAcc><vAcc>0.827251</vAcc></extensions></trkpt>
      <trkpt lon="-82.154675" lat="33.560149"><ele>83.904464</ele><time>2025-09-14T14:58:25Z</time><extensions><speed>1.192349</speed><course>200.324087</course><hAcc>1.350321</hAcc><vAcc>0.834338</vAcc></extensions></trkpt>
      <trkpt lon="-82.154680" lat="33.560139"><ele>83.924627</ele><time>2025-09-14T14:58:26Z</time><extensions><speed>1.238336</speed><course>203.161762</course><hAcc>1.350636</hAcc><vAcc>0.842520</vAcc></extensions></trkpt>
      <trkpt lon="-82.154686" lat="33.560129"><ele>83.928779</ele><time>2025-09-14T14:58:27Z</time><extensions><speed>1.178801</speed><course>206.207655</course><hAcc>1.347172</hAcc><vAcc>0.851858</vAcc></extensions></trkpt>
      <trkpt lon="-82.154691" lat="33.560120"><ele>83.934857</ele><time>2025-09-14T14:58:28Z</time><extensions><speed>1.119779</speed><course>205.474239</course><hAcc>1.345333</hAcc><vAcc>0.861764</vAcc></extensions></trkpt>
      <trkpt lon="-82.154696" lat="33.560110"><ele>83.932230</ele><time>2025-09-14T14:58:29Z</time><extensions><speed>1.166278</speed><course>200.449094</course><hAcc>1.356413</hAcc><vAcc>0.872000</vAcc></extensions></trkpt>
      <trkpt lon="-82.154700" lat="33.560100"><ele>83.922062</ele><time>2025-09-14T14:58:30Z</time><extensions><speed>1.243415</speed><course>198.533744</course><hAcc>1.372601</hAcc><vAcc>0.883746</vAcc></extensions></trkpt>
      <trkpt lon="-82.154704" lat="33.560090"><ele>83.908812</ele><time>2025-09-14T14:58:31Z</time><extensions><speed>1.234431</speed><course>197.940707</course><hAcc>1.395181</hAcc><vAcc>0.895726</vAcc></extensions></trkpt>
      <trkpt lon="-82.154708" lat="33.560079"><ele>83.893082</ele><time>2025-09-14T14:58:32Z</time><extensions><speed>1.217689</speed><course>194.941371</course><hAcc>1.423059</hAcc><vAcc>0.907934</vAcc></extensions></trkpt>
      <trkpt lon="-82.154711" lat="33.560068"><ele>83.868793</ele><time>2025-09-14T14:58:33Z</time><extensions><speed>1.226698</speed><course>191.818945</course><hAcc>1.450706</hAcc><vAcc>0.919207</vAcc></extensions></trkpt>
      <trkpt lon="-82.154714" lat="33.560057"><ele>83.841986</ele><time>2025-09-14T14:58:34Z</time><extensions><speed>1.255419</speed><course>193.194954</course><hAcc>1.480576</hAcc><vAcc>0.930512</vAcc></extensions></trkpt>
      <trkpt lon="-82.154717" lat="33.560046"><ele>83.822826</ele><time>2025-09-14T14:58:35Z</time><extensions><speed>1.232399</speed><course>198.217296</course><hAcc>1.514497</hAcc><vAcc>0.941963</vAcc></extensions></trkpt>
      <trkpt lon="-82.154722" lat="33.560036"><ele>83.812504</ele><time>2025-09-14T14:58:36Z</time><extensions><speed>1.157637</speed><course>200.494446</course><hAcc>1.544065</hAcc><vAcc>0.952318</vAcc></extensions></trkpt>
      <trkpt lon="-82.154726" lat="33.560026"><ele>83.792157</ele><time>2025-09-14T14:58:37Z</time><extensions><speed>1.183010</speed><course>197.641638</course><hAcc>1.567067</hAcc><vAcc>0.962085</vAcc></extensions></trkpt>
      <trkpt lon="-82.154730" lat="33.560016"><ele>83.767619</ele><time>2025-09-14T14:58:38Z</time><extensions><speed>1.230900</speed><course>196.113055</course><hAcc>1.597214</hAcc><vAcc>0.970405</vAcc></extensions></trkpt>
      <trkpt lon="-82.154734" lat="33.560005"><ele>83.759462</ele><time>2025-09-14T14:58:39Z</time><extensions><speed>1.229020</speed><course>196.544887</course><hAcc>1.615798</hAcc><vAcc>0.978040</vAcc></extensions></trkpt>
      <trkpt lon="-82.154737" lat="33.559994"><ele>83.769707</ele><time>2025-09-14T14:58:40Z</time><extensions><speed>1.161205</speed><course>196.318251</course><hAcc>1.628933</hAcc><vAcc>0.983758</vAcc></extensions></trkpt>
      <trkpt lon="-82.154741" lat="33.559984"><ele>83.792669</ele><time>2025-09-14T14:58:41Z</time><extensions><speed>1.201898</speed><course>194.391718</course><hAcc>1.633001</hAcc><vAcc>0.988785</vAcc></extensions></trkpt>
      <trkpt lon="-82.154744" lat="33.559973"><ele>83.824467</ele><time>2025-09-14T14:58:42Z</time><extensions><speed>1.240625</speed><course>191.927044</course><hAcc>1.633802</hAcc><vAcc>0.992537</vAcc></extensions></trkpt>
      <trkpt lon="-82.154747" lat="33.559962"><ele>83.866546</ele><time>2025-09-14T14:58:43Z</time><extensions><speed>1.294385</speed><course>190.511677</course><hAcc>1.631753</hAcc><vAcc>0.996154</vAcc></extensions></trkpt>
      <trkpt lon="-82.154749" lat="33.559951"><ele>83.924722</ele><time>2025-09-14T14:58:44Z</time><extensions><speed>1.263246</speed><course>192.072441</course><hAcc>1.622107</hAcc><vAcc>0.998844</vAcc></extensions></trkpt>
      <trkpt lon="-82.154752" lat="33.559940"><ele>83.988672</ele><time>2025-09-14T14:58:45Z</time><extensions><speed>1.225349</speed><course>195.481987</course><hAcc>1.594688</hAcc><vAcc>1.000430</vAcc></extensions></trkpt>
      <trkpt lon="-82.154756" lat="33.559929"><ele>84.053050</ele><time>2025-09-14T14:58:46Z</time><extensions><speed>1.306179</speed><course>197.899093</course><hAcc>1.590334</hAcc><vAcc>1.001240</vAcc></extensions></trkpt>
      <trkpt lon="-82.154761" lat="33.559917"><ele>84.119301</ele><time>2025-09-14T14:58:47Z</time><extensions><speed>1.399335</speed><course>200.181365</course><hAcc>1.594220</hAcc><vAcc>1.002086</vAcc></extensions></trkpt>
      <trkpt lon="-82.154767" lat="33.559905"><ele>84.196925</ele><time>2025-09-14T14:58:48Z</time><extensions><speed>1.454570</speed><course>203.566805</course><hAcc>1.580589</hAcc><vAcc>1.002300</vAcc></extensions></trkpt>
      <trkpt lon="-82.154773" lat="33.559894"><ele>84.289424</ele><time>2025-09-14T14:58:49Z</time><extensions><speed>1.414263</speed><course>206.562103</course><hAcc>1.555831</hAcc><vAcc>1.002037</vAcc></extensions></trkpt>
      <trkpt lon="-82.154780" lat="33.559883"><ele>84.396739</ele><time>2025-09-14T14:58:50Z</time><extensions><speed>1.339057</speed><course>208.686075</course><hAcc>1.528133</hAcc><vAcc>1.001438</vAcc></extensions></trkpt>
      <trkpt lon="-82.154787" lat="33.559872"><ele>84.516362</ele><time>2025-09-14T14:58:51Z</time><extensions><speed>1.351304</speed><course>206.453583</course><hAcc>1.513846</hAcc><vAcc>0.999558</vAcc></extensions></trkpt>
      <trkpt lon="-82.154793" lat="33.559861"><ele>84.621286</ele><time>2025-09-14T14:58:52Z</time><extensions><speed>1.321178</speed><course>200.568344</course><hAcc>1.501831</hAcc><vAcc>0.996227</vAcc></extensions></trkpt>
      <trkpt lon="-82.154797" lat="33.559850"><ele>84.715045</ele><time>2025-09-14T14:58:53Z</time><extensions><speed>1.272514</speed><course>194.640972</course><hAcc>1.491668</hAcc><vAcc>0.993149</vAcc></extensions></trkpt>
      <trkpt lon="-82.154800" lat="33.559838"><ele>84.837563</ele><time>2025-09-14T14:58:54Z</time><extensions><speed>1.304315</speed><course>191.844031</course><hAcc>1.477931</hAcc><vAcc>0.988322</vAcc></extensions></trkpt>
      <trkpt lon="-82.154803" lat="33.559827"><ele>84.963472</ele><time>2025-09-14T14:58:55Z</time><extensions><speed>1.324847</speed><course>193.464291</course><hAcc>1.468680</hAcc><vAcc>0.981698</vAcc></extensions></trkpt>
      <trkpt lon="-82.154807" lat="33.559815"><ele>85.116537</ele><time>2025-09-14T14:58:56Z</time><extensions><speed>1.233409</speed><course>196.490349</course><hAcc>1.457149</hAcc><vAcc>0.974236</vAcc></extensions></trkpt>
      <trkpt lon="-82.154810" lat="33.559805"><ele>85.244516</ele><time>2025-09-14T14:58:57Z</time><extensions><speed>1.191160</speed><course>198.592901</course><hAcc>1.449498</hAcc><vAcc>0.965681</vAcc></extensions></trkpt>
      <trkpt lon="-82.154815" lat="33.559794"><ele>85.372728</ele><time>2025-09-14T14:58:58Z</time><extensions><speed>1.261764</speed><course>197.951395</course><hAcc>1.448491</hAcc><vAcc>0.957363</vAcc></extensions></trkpt>
      <trkpt lon="-82.154819" lat="33.559783"><ele>85.499974</ele><time>2025-09-14T14:58:59Z</time><extensions><speed>1.306769</speed><course>194.604520</course><hAcc>1.442106</hAcc><vAcc>0.949117</vAcc></extensions></trkpt>
      <trkpt lon="-82.154822" lat="33.559772"><ele>85.645370</ele><time>2025-09-14T14:59:00Z</time><extensions><speed>1.335730</speed><course>192.256713</course><hAcc>1.427011</hAcc><vAcc>0.940744</vAcc></extensions></trkpt>
      <trkpt lon="-82.154825" lat="33.559760"><ele>85.802108</ele><time>2025-09-14T14:59:01Z</time><extensions><speed>1.283289</speed><course>191.192190</course><hAcc>1.410241</hAcc><vAcc>0.932350</vAcc></extensions></trkpt>
      <trkpt lon="-82.154827" lat="33.559749"><ele>85.949984</ele><time>2025-09-14T14:59:02Z</time><extensions><speed>1.183540</speed><course>189.990609</course><hAcc>1.403013</hAcc><vAcc>0.924417</vAcc></extensions></trkpt>
      <trkpt lon="-82.154830" lat="33.559739"><ele>86.088945</ele><time>2025-09-14T14:59:03Z</time><extensions><speed>1.188546</speed><course>191.311408</course><hAcc>1.395458</hAcc><vAcc>0.916956</vAcc></extensions></trkpt>
      <trkpt lon="-82.154832" lat="33.559728"><ele>86.229929</ele><time>2025-09-14T14:59:04Z</time><extensions><speed>1.210601</speed><course>190.141784</course><hAcc>1.386380</hAcc><vAcc>0.910697</vAcc></extensions></trkpt>
      <trkpt lon="-82.154834" lat="33.559717"><ele>86.365815</ele><time>2025-09-14T14:59:05Z</time><extensions><speed>1.233553</speed><course>190.854411</course><hAcc>1.377435</hAcc><vAcc>0.905766</vAcc></extensions></trkpt>
      <trkpt lon="-82.154837" lat="33.559706"><ele>86.493788</ele><time>2025-09-14T14:59:06Z</time><extensions><speed>1.264689</speed><course>194.070795</course><hAcc>1.368198</hAcc><vAcc>0.902306</vAcc></extensions></trkpt>
      <trkpt lon="-82.154841" lat="33.559696"><ele>86.620282</ele><time>2025-09-14T14:59:07Z</time><extensions><speed>1.207627</speed><course>196.797676</course><hAcc>1.367904</hAcc><vAcc>0.899776</vAcc></extensions></trkpt>
      <trkpt lon="-82.154845" lat="33.559685"><ele>86.738625</ele><time>2025-09-14T14:59:08Z</time><extensions><speed>1.248649</speed><course>197.297645</course><hAcc>1.371409</hAcc><vAcc>0.897820</vAcc></extensions></trkpt>
      <trkpt lon="-82.154849" lat="33.559674"><ele>86.824392</ele><time>2025-09-14T14:59:09Z</time><extensions><speed>1.318214</speed><course>200.143134</course><hAcc>1.373794</hAcc><vAcc>0.896347</vAcc></extensions></trkpt>
      <trkpt lon="-82.154855" lat="33.559663"><ele>86.910469</ele><time>2025-09-14T14:59:10Z</time><extensions><speed>1.272502</speed><course>205.240132</course><hAcc>1.369582</hAcc><vAcc>0.895170</vAcc></extensions></trkpt>
      <trkpt lon="-82.154861" lat="33.559653"><ele>86.983328</ele><time>2025-09-14T14:59:11Z</time><extensions><speed>1.212773</speed><course>207.537451</course><hAcc>1.359063</hAcc><vAcc>0.893805</vAcc></extensions></trkpt>
      <trkpt lon="-82.154866" lat="33.559644"><ele>87.044314</ele><time>2025-09-14T14:59:12Z</time><extensions><speed>1.147883</speed><course>206.914486</course><hAcc>1.364396</hAcc><vAcc>0.891325</vAcc></extensions></trkpt>
      <trkpt lon="-82.154872" lat="33.559635"><ele>87.100915</ele><time>2025-09-14T14:59:13Z</time><extensions><speed>1.118371</speed><course>206.165236</course><hAcc>1.365061</hAcc><vAcc>0.888582</vAcc></extensions></trkpt>
      <trkpt lon="-82.154877" lat="33.559625"><ele>87.149107</ele><time>2025-09-14T14:59:14Z</time><extensions><speed>1.153861</speed><course>203.626454</course><hAcc>1.361540</hAcc><vAcc>0.885711</vAcc></extensions></trkpt>
      <trkpt lon="-82.154882" lat="33.559616"><ele>87.190090</ele><time>2025-09-14T14:59:15Z</time><extensions><speed>1.188121</speed><course>202.964096</course><hAcc>1.358134</hAcc><vAcc>0.881358</vAcc></extensions></trkpt>
      <trkpt lon="-82.154887" lat="33.559605"><ele>87.212661</ele><time>2025-09-14T14:59:16Z</time><extensions><speed>1.259605</speed><course>201.666809</course><hAcc>1.354616</hAcc><vAcc>0.875629</vAcc></extensions></trkpt>
      <trkpt lon="-82.154892" lat="33.559595"><ele>87.234163</ele><time>2025-09-14T14:59:17Z</time><extensions><speed>1.233135</speed><course>200.244336</course><hAcc>1.346128</hAcc><vAcc>0.868661</vAcc></extensions></trkpt>
      <trkpt lon="-82.154896" lat="33.559585"><ele>87.264851</ele><time>2025-09-14T14:59:18Z</time><extensions><speed>1.177786</speed><course>198.484506</course><hAcc>1.336940</hAcc><vAcc>0.860787</vAcc></extensions></trkpt>
      <trkpt lon="-82.154900" lat="33.559574"><ele>87.295801</ele><time>2025-09-14T14:59:19Z</time><extensions><speed>1.210071</speed><course>198.512319</course><hAcc>1.331947</hAcc><vAcc>0.852753</vAcc></extensions></trkpt>
      <trkpt lon="-82.154905" lat="33.559564"><ele>87.322875</ele><time>2025-09-14T14:59:20Z</time><extensions><speed>1.177911</speed><course>201.130339</course><hAcc>1.332329</hAcc><vAcc>0.844674</vAcc></extensions></trkpt>
      <trkpt lon="-82.154909" lat="33.559554"><ele>87.347481</ele><time>2025-09-14T14:59:21Z</time><extensions><speed>1.144884</speed><course>200.231988</course><hAcc>1.333711</hAcc><vAcc>0.837173</vAcc></extensions></trkpt>
      <trkpt lon="-82.154913" lat="33.559545"><ele>87.365447</ele><time>2025-09-14T14:59:22Z</time><extensions><speed>1.132623</speed><course>200.131293</course><hAcc>1.326161</hAcc><vAcc>0.829938</vAcc></extensions></trkpt>
      <trkpt lon="-82.154917" lat="33.559535"><ele>87.386406</ele><time>2025-09-14T14:59:23Z</time><extensions><speed>1.186974</speed><course>199.923337</course><hAcc>1.311833</hAcc><vAcc>0.823646</vAcc></extensions></trkpt>
      <trkpt lon="-82.154922" lat="33.559525"><ele>87.425738</ele><time>2025-09-14T14:59:24Z</time><extensions><speed>1.233898</speed><course>199.970720</course><hAcc>1.324911</hAcc><vAcc>0.818218</vAcc></extensions></trkpt>
      <trkpt lon="-82.154926" lat="33.559514"><ele>87.478654</ele><time>2025-09-14T14:59:25Z</time><extensions><speed>1.174210</speed><course>201.235495</course><hAcc>1.322370</hAcc><vAcc>0.813790</vAcc></extensions></trkpt>
      <trkpt lon="-82.154931" lat="33.559505"><ele>87.542041</ele><time>2025-09-14T14:59:26Z</time><extensions><speed>1.086803</speed><course>202.688077</course><hAcc>1.301991</hAcc><vAcc>0.810459</vAcc></extensions></trkpt>
      <trkpt lon="-82.154936" lat="33.559496"><ele>87.611968</ele><time>2025-09-14T14:59:27Z</time><extensions><speed>1.072993</speed><course>203.903014</course><hAcc>1.286747</hAcc><vAcc>0.808567</vAcc></extensions></trkpt>
      <trkpt lon="-82.154940" lat="33.559487"><ele>87.673959</ele><time>2025-09-14T14:59:28Z</time><extensions><speed>1.143461</speed><course>203.647004</course><hAcc>1.292692</hAcc><vAcc>0.807979</vAcc></extensions></trkpt>
      <trkpt lon="-82.154946" lat="33.559477"><ele>87.738934</ele><time>2025-09-14T14:59:29Z</time><extensions><speed>1.217583</speed><course>203.835434</course><hAcc>1.297057</hAcc><vAcc>0.808171</vAcc></extensions></trkpt>
      <trkpt lon="-82.154951" lat="33.559467"><ele>87.811678</ele><time>2025-09-14T14:59:30Z</time><extensions><speed>1.204859</speed><course>205.435126</course><hAcc>1.301324</hAcc><vAcc>0.809633</vAcc></extensions></trkpt>
      <trkpt lon="-82.154957" lat="33.559457"><ele>87.890827</ele><time>2025-09-14T14:59:31Z</time><extensions><speed>1.208881</speed><course>205.116560</course><hAcc>1.306449</hAcc><vAcc>0.811376</vAcc></extensions></trkpt>
      <trkpt lon="-82.154962" lat="33.559447"><ele>87.978942</ele><time>2025-09-14T14:59:32Z</time><extensions><speed>1.213362</speed><course>204.136313</course><hAcc>1.308351</hAcc><vAcc>0.813412</vAcc></extensions></trkpt>
      <trkpt lon="-82.154968" lat="33.559437"><ele>88.071643</ele><time>2025-09-14T14:59:33Z</time><extensions><speed>1.261414</speed><course>206.322188</course><hAcc>1.313009</hAcc><vAcc>0.815214</vAcc></extensions></trkpt>
      <trkpt lon="-82.154974" lat="33.559427"><ele>88.150625</ele><time>2025-09-14T14:59:34Z</time><extensions><speed>1.287284</speed><course>210.749648</course><hAcc>1.316184</hAcc><vAcc>0.816722</vAcc></extensions></trkpt>
      <trkpt lon="-82.154982" lat="33.559418"><ele>88.224401</ele><time>2025-09-14T14:59:35Z</time><extensions><speed>1.223623</speed><course>218.596650</course><hAcc>1.326224</hAcc><vAcc>0.817623</vAcc></extensions></trkpt>
      <trkpt lon="-82.154990" lat="33.559410"><ele>88.299669</ele><time>2025-09-14T14:59:36Z</time><extensions><speed>1.100704</speed><course>225.446603</course><hAcc>1.331496</hAcc><vAcc>0.818168</vAcc></extensions></trkpt>
      <trkpt lon="-82.154999" lat="33.559403"><ele>88.360637</ele><time>2025-09-14T14:59:37Z</time><extensions><speed>1.123672</speed><course>227.240409</course><hAcc>1.332232</hAcc><vAcc>0.817968</vAcc></extensions></trkpt>
      <trkpt lon="-82.155008" lat="33.559396"><ele>88.418774</ele><time>2025-09-14T14:59:38Z</time><extensions><speed>1.270410</speed><course>226.352384</course><hAcc>1.323017</hAcc><vAcc>0.817686</vAcc></extensions></trkpt>
      <trkpt lon="-82.155019" lat="33.559387"><ele>88.473649</ele><time>2025-09-14T14:59:39Z</time><extensions><speed>1.367268</speed><course>225.735305</course><hAcc>1.327403</hAcc><vAcc>0.816174</vAcc></extensions></trkpt>
      <trkpt lon="-82.155029" lat="33.559379"><ele>88.513689</ele><time>2025-09-14T14:59:40Z</time><extensions><speed>1.299608</speed><course>224.267924</course><hAcc>1.328193</hAcc><vAcc>0.813826</vAcc></extensions></trkpt>
      <trkpt lon="-82.155038" lat="33.559371"><ele>88.549073</ele><time>2025-09-14T14:59:41Z</time><extensions><speed>1.250536</speed><course>224.286413</course><hAcc>1.313682</hAcc><vAcc>0.810734</vAcc></extensions></trkpt>
      <trkpt lon="-82.155048" lat="33.559362"><ele>88.559851</ele><time>2025-09-14T14:59:42Z</time><extensions><speed>1.286606</speed><course>224.208082</course><hAcc>1.295335</hAcc><vAcc>0.806942</vAcc></extensions></trkpt>
      <trkpt lon="-82.155058" lat="33.559354"><ele>88.565696</ele><time>2025-09-14T14:59:43Z</time><extensions><speed>1.352102</speed><course>224.170445</course><hAcc>1.279999</hAcc><vAcc>0.802604</vAcc></extensions></trkpt>
      <trkpt lon="-82.155068" lat="33.559345"><ele>88.552681</ele><time>2025-09-14T14:59:44Z</time><extensions><speed>1.393052</speed><course>223.875985</course><hAcc>1.263239</hAcc><vAcc>0.798113</vAcc></extensions></trkpt>
      <trkpt lon="-82.155079" lat="33.559335"><ele>88.535990</ele><time>2025-09-14T14:59:45Z</time><extensions><speed>1.504991</speed><course>221.516323</course><hAcc>1.241725</hAcc><vAcc>0.793971</vAcc></extensions></trkpt>
      <trkpt lon="-82.155089" lat="33.559325"><ele>88.510949</ele><time>2025-09-14T14:59:46Z</time><extensions><speed>1.544847</speed><course>219.017595</course><hAcc>1.220804</hAcc><vAcc>0.790415</vAcc></extensions></trkpt>
      <trkpt lon="-82.155099" lat="33.559314"><ele>88.482763</ele><time>2025-09-14T14:59:47Z</time><extensions><speed>1.491830</speed><course>216.464415</course><hAcc>1.216705</hAcc><vAcc>0.787758</vAcc></extensions></trkpt>
      <trkpt lon="-82.155108" lat="33.559304"><ele>88.443726</ele><time>2025-09-14T14:59:48Z</time><extensions><speed>1.214204</speed><course>214.537768</course><hAcc>1.239422</hAcc><vAcc>0.786186</vAcc></extensions></trkpt>
      <trkpt lon="-82.155115" lat="33.559295"><ele>88.383425</ele><time>2025-09-14T14:59:49Z</time><extensions><speed>1.250611</speed><course>213.060076</course><hAcc>1.209658</hAcc><vAcc>0.786135</vAcc></extensions></trkpt>
      <trkpt lon="-82.155122" lat="33.559285"><ele>88.324022</ele><time>2025-09-14T14:59:50Z</time><extensions><speed>1.229662</speed><course>210.732014</course><hAcc>1.209905</hAcc><vAcc>0.787335</vAcc></extensions></trkpt>
      <trkpt lon="-82.155129" lat="33.559276"><ele>88.277654</ele><time>2025-09-14T14:59:51Z</time><extensions><speed>1.264257</speed><course>211.011285</course><hAcc>1.218668</hAcc><vAcc>0.790104</vAcc></extensions></trkpt>
      <trkpt lon="-82.155136" lat="33.559266"><ele>88.231449</ele><time>2025-09-14T14:59:52Z</time><extensions><speed>1.362466</speed><course>211.468375</course><hAcc>1.215339</hAcc><vAcc>0.794617</vAcc></extensions></trkpt>
      <trkpt lon="-82.155144" lat="33.559255"><ele>88.167211</ele><time>2025-09-14T14:59:53Z</time><extensions><speed>1.401141</speed><course>210.817715</course><hAcc>1.202348</hAcc><vAcc>0.799088</vAcc></extensions></trkpt>
      <trkpt lon="-82.155152" lat="33.559244"><ele>88.118598</ele><time>2025-09-14T14:59:54Z</time><extensions><speed>1.470299</speed><course>208.461619</course><hAcc>1.182973</hAcc><vAcc>0.803715</vAcc></extensions></trkpt>
      <trkpt lon="-82.155159" lat="33.559232"><ele>88.092712</ele><time>2025-09-14T14:59:55Z</time><extensions><speed>1.556631</speed><course>207.108986</course><hAcc>1.188729</hAcc><vAcc>0.808793</vAcc></extensions></trkpt>
      <trkpt lon="-82.155167" lat="33.559219"><ele>88.089404</ele><time>2025-09-14T14:59:56Z</time><extensions><speed>1.568762</speed><course>208.809278</course><hAcc>1.173308</hAcc><vAcc>0.813098</vAcc></extensions></trkpt>
      <trkpt lon="-82.155175" lat="33.559207"><ele>88.086326</ele><time>2025-09-14T14:59:57Z</time><extensions><speed>1.580520</speed><course>208.269684</course><hAcc>1.155219</hAcc><vAcc>0.816541</vAcc></extensions></trkpt>
      <trkpt lon="-82.155184" lat="33.559195"><ele>88.073457</ele><time>2025-09-14T14:59:58Z</time><extensions><speed>1.574628</speed><course>209.489573</course><hAcc>1.146624</hAcc><vAcc>0.818750</vAcc></extensions></trkpt>
      <trkpt lon="-82.155192" lat="33.559182"><ele>88.063737</ele><time>2025-09-14T14:59:59Z</time><extensions><speed>1.563791</speed><course>213.427355</course><hAcc>1.152098</hAcc><vAcc>0.819528</vAcc></extensions></trkpt>
      <trkpt lon="-82.155202" lat="33.559171"><ele>88.061133</ele><time>2025-09-14T15:00:00Z</time><extensions><speed>1.541985</speed><course>214.593680</course><hAcc>1.156481</hAcc><vAcc>0.818772</vAcc></extensions></trkpt>
      <trkpt lon="-82.155211" lat="33.559160"><ele>88.057840</ele><time>2025-09-14T15:00:01Z</time><extensions><speed>1.463518</speed><course>219.562054</course><hAcc>1.158337</hAcc><vAcc>0.816673</vAcc></extensions></trkpt>
      <trkpt lon="-82.155221" lat="33.559151"><ele>88.058973</ele><time>2025-09-14T15:00:02Z</time><extensions><speed>1.233705</speed><course>225.066547</course><hAcc>1.171690</hAcc><vAcc>0.813427</vAcc></extensions></trkpt>
      <trkpt lon="-82.155230" lat="33.559144"><ele>88.070664</ele><time>2025-09-14T15:00:03Z</time><extensions><speed>1.115238</speed><course>227.683003</course><hAcc>1.174216</hAcc><vAcc>0.809105</vAcc></extensions></trkpt>
      <trkpt lon="-82.155239" lat="33.559137"><ele>88.091491</ele><time>2025-09-14T15:00:04Z</time><extensions><speed>1.096629</speed><course>228.492133</course><hAcc>1.201453</hAcc><vAcc>0.803890</vAcc></extensions></trkpt>
      <trkpt lon="-82.155248" lat="33.559130"><ele>88.107137</ele><time>2025-09-14T15:00:05Z</time><extensions><speed>1.141832</speed><course>228.946451</course><hAcc>1.215018</hAcc><vAcc>0.798462</vAcc></extensions></trkpt>
      <trkpt lon="-82.155258" lat="33.559123"><ele>88.113487</ele><time>2025-09-14T15:00:06Z</time><extensions><speed>1.201244</speed><course>226.218699</course><hAcc>1.214819</hAcc><vAcc>0.793290</vAcc></extensions></trkpt>
      <trkpt lon="-82.155268" lat="33.559115"><ele>88.113943</ele><time>2025-09-14T15:00:07Z</time><extensions><speed>1.344154</speed><course>227.209052</course><hAcc>1.211287</hAcc><vAcc>0.788700</vAcc></extensions></trkpt>
      <trkpt lon="-82.155279" lat="33.559107"><ele>88.109641</ele><time>2025-09-14T15:00:08Z</time><extensions><speed>1.397887</speed><course>228.932746</course><hAcc>1.209903</hAcc><vAcc>0.784697</vAcc></extensions></trkpt>
      <trkpt lon="-82.155290" lat="33.559099"><ele>88.104182</ele><time>2025-09-14T15:00:09Z</time><extensions><speed>1.420977</speed><course>229.264472</course><hAcc>1.215020</hAcc><vAcc>0.781593</vAcc></extensions></trkpt>
      <trkpt lon="-82.155301" lat="33.559091"><ele>88.103378</ele><time>2025-09-14T15:00:10Z</time><extensions><speed>1.357718</speed><course>229.337625</course><hAcc>1.225230</hAcc><vAcc>0.779327</vAcc></extensions></trkpt>
      <trkpt lon="-82.155313" lat="33.559083"><ele>88.095978</ele><time>2025-09-14T15:00:11Z</time><extensions><speed>1.332379</speed><course>230.959824</course><hAcc>1.237398</hAcc><vAcc>0.777534</vAcc></extensions></trkpt>
      <trkpt lon="-82.155324" lat="33.559075"><ele>88.076554</ele><time>2025-09-14T15:00:12Z</time><extensions><speed>1.454539</speed><course>230.738446</course><hAcc>1.252896</hAcc><vAcc>0.776109</vAcc></extensions></trkpt>
      <trkpt lon="-82.155337" lat="33.559066"><ele>88.043664</ele><time>2025-09-14T15:00:13Z</time><extensions><speed>1.526196</speed><course>230.425962</course><hAcc>1.263085</hAcc><vAcc>0.775175</vAcc></extensions></trkpt>
      <trkpt lon="-82.155349" lat="33.559058"><ele>88.015884</ele><time>2025-09-14T15:00:14Z</time><extensions><speed>1.501461</speed><course>229.369876</course><hAcc>1.276772</hAcc><vAcc>0.774500</vAcc></extensions></trkpt>
      <trkpt lon="-82.155361" lat="33.559049"><ele>87.974239</ele><time>2025-09-14T15:00:15Z</time><extensions><speed>1.470886</speed><course>229.109030</course><hAcc>1.283279</hAcc><vAcc>0.774244</vAcc></extensions></trkpt>
      <trkpt lon="-82.155373" lat="33.559040"><ele>87.921837</ele><time>2025-09-14T15:00:16Z</time><extensions><speed>1.369885</speed><course>229.025821</course><hAcc>1.284993</hAcc><vAcc>0.774287</vAcc></extensions></trkpt>
      <trkpt lon="-82.155384" lat="33.559032"><ele>87.853247</ele><time>2025-09-14T15:00:17Z</time><extensions><speed>1.309573</speed><course>228.290206</course><hAcc>1.287754</hAcc><vAcc>0.774343</vAcc></extensions></trkpt>
      <trkpt lon="-82.155394" lat="33.559025"><ele>87.788116</ele><time>2025-09-14T15:00:18Z</time><extensions><speed>1.238612</speed><course>226.950057</course><hAcc>1.291513</hAcc><vAcc>0.774503</vAcc></extensions></trkpt>
      <trkpt lon="-82.155403" lat="33.559017"><ele>87.717053</ele><time>2025-09-14T15:00:19Z</time><extensions><speed>1.269325</speed><course>226.144737</course><hAcc>1.297862</hAcc><vAcc>0.774741</vAcc></extensions></trkpt>
      <trkpt lon="-82.155414" lat="33.559009"><ele>87.644851</ele><time>2025-09-14T15:00:20Z</time><extensions><speed>1.301073</speed><course>228.028927</course><hAcc>1.296833</hAcc><vAcc>0.775134</vAcc></extensions></trkpt>
      <trkpt lon="-82.155424" lat="33.559001"><ele>87.554486</ele><time>2025-09-14T15:00:21Z</time><extensions><speed>1.291809</speed><course>227.110701</course><hAcc>1.290823</hAcc><vAcc>0.775435</vAcc></extensions></trkpt>
      <trkpt lon="-82.155434" lat="33.558993"><ele>87.451566</ele><time>2025-09-14T15:00:22Z</time><extensions><speed>1.320264</speed><course>225.460880</course><hAcc>1.281716</hAcc><vAcc>0.775419</vAcc></extensions></trkpt>
      <trkpt lon="-82.155444" lat="33.558985"><ele>87.355559</ele><time>2025-09-14T15:00:23Z</time><extensions><speed>1.244432</speed><course>223.083191</course><hAcc>1.275054</hAcc><vAcc>0.775116</vAcc></extensions></trkpt>
      <trkpt lon="-82.155453" lat="33.558976"><ele>87.253552</ele><time>2025-09-14T15:00:24Z</time><extensions><speed>1.284719</speed><course>224.408730</course><hAcc>1.277843</hAcc><vAcc>0.774465</vAcc></extensions></trkpt>
      <trkpt lon="-82.155463" lat="33.558968"><ele>87.150538</ele><time>2025-09-14T15:00:25Z</time><extensions><speed>1.294020</speed><course>223.110860</course><hAcc>1.270522</hAcc><vAcc>0.773443</vAcc></extensions></trkpt>
      <trkpt lon="-82.155472" lat="33.558960"><ele>87.024713</ele><time>2025-09-14T15:00:26Z</time><extensions><speed>1.208904</speed><course>223.143470</course><hAcc>1.255291</hAcc><vAcc>0.772090</vAcc></extensions></trkpt>
      <trkpt lon="-82.155481" lat="33.558952"><ele>86.894399</ele><time>2025-09-14T15:00:27Z</time><extensions><speed>1.175020</speed><course>225.679750</course><hAcc>1.238623</hAcc><vAcc>0.770500</vAcc></extensions></trkpt>
      <trkpt lon="-82.155490" lat="33.558945"><ele>86.761199</ele><time>2025-09-14T15:00:28Z</time><extensions><speed>1.143051</speed><course>226.798604</course><hAcc>1.233370</hAcc><vAcc>0.768803</vAcc></extensions></trkpt>
      <trkpt lon="-82.155499" lat="33.558938"><ele>86.620726</ele><time>2025-09-14T15:00:29Z</time><extensions><speed>1.068547</speed><course>229.017122</course><hAcc>1.225674</hAcc><vAcc>0.767109</vAcc></extensions></trkpt>
      <trkpt lon="-82.155508" lat="33.558932"><ele>86.484802</ele><time>2025-09-14T15:00:30Z</time><extensions><speed>1.085928</speed><course>228.754541</course><hAcc>1.216526</hAcc><vAcc>0.765482</vAcc></extensions></trkpt>
      <trkpt lon="-82.155517" lat="33.558925"><ele>86.333207</ele><time>2025-09-14T15:00:31Z</time><extensions><speed>1.154979</speed><course>228.605334</course><hAcc>1.199750</hAcc><vAcc>0.763955</vAcc></extensions></trkpt>
      <trkpt lon="-82.155526" lat="33.558918"><ele>86.172237</ele><time>2025-09-14T15:00:32Z</time><extensions><speed>1.245248</speed><course>226.881295</course><hAcc>1.189687</hAcc><vAcc>0.762557</vAcc></extensions></trkpt>
      <trkpt lon="-82.155536" lat="33.558910"><ele>86.016741</ele><time>2025-09-14T15:00:33Z</time><extensions><speed>1.342496</speed><course>224.973977</course><hAcc>1.188020</hAcc><vAcc>0.761318</vAcc></extensions></trkpt>
      <trkpt lon="-82.155546" lat="33.558901"><ele>85.863567</ele><time>2025-09-14T15:00:34Z</time><extensions><speed>1.305632</speed><course>223.392891</course><hAcc>1.181631</hAcc><vAcc>0.760258</vAcc></extensions></trkpt>
      <trkpt lon="-82.155555" lat="33.558893"><ele>85.708031</ele><time>2025-09-14T15:00:35Z</time><extensions><speed>1.183359</speed><course>223.380332</course><hAcc>1.174518</hAcc><vAcc>0.759380</vAcc></extensions></trkpt>
      <trkpt lon="-82.155564" lat="33.558885"><ele>85.551371</ele><time>2025-09-14T15:00:36Z</time><extensions><speed>1.164793</speed><course>224.164297</course><hAcc>1.157928</hAcc><vAcc>0.758672</vAcc></extensions></trkpt>
      <trkpt lon="-82.155573" lat="33.558878"><ele>85.409917</ele><time>2025-09-14T15:00:37Z</time><extensions><speed>1.188824</speed><course>224.315216</course><hAcc>1.155884</hAcc><vAcc>0.758118</vAcc></extensions></trkpt>
      <trkpt lon="-82.155582" lat="33.558870"><ele>85.288396</ele><time>2025-09-14T15:00:38Z</time><extensions><speed>1.252632</speed><course>226.899439</course><hAcc>1.157337</hAcc><vAcc>0.757695</vAcc></extensions></trkpt>
      <trkpt lon="-82.155592" lat="33.558862"><ele>85.172952</ele><time>2025-09-14T15:00:39Z</time><extensions><speed>1.286635</speed><course>229.498909</course><hAcc>1.154149</hAcc><vAcc>0.757379</vAcc></extensions></trkpt>
      <trkpt lon="-82.155603" lat="33.558855"><ele>85.072826</ele><time>2025-09-14T15:00:40Z</time><extensions><speed>1.286211</speed><course>230.956037</course><hAcc>1.148462</hAcc><vAcc>0.757148</vAcc></extensions></trkpt>
      <trkpt lon="-82.155614" lat="33.558848"><ele>84.984938</ele><time>2025-09-14T15:00:41Z</time><extensions><speed>1.187600</speed><course>233.411129</course><hAcc>1.136945</hAcc><vAcc>0.756990</vAcc></extensions></trkpt>
      <trkpt lon="-82.155623" lat="33.558842"><ele>84.899712</ele><time>2025-09-14T15:00:42Z</time><extensions><speed>1.040697</speed><course>233.074701</course><hAcc>1.123663</hAcc><vAcc>0.756894</vAcc></extensions></trkpt>
      <trkpt lon="-82.155632" lat="33.558836"><ele>84.830330</ele><time>2025-09-14T15:00:43Z</time><extensions><speed>1.084359</speed><course>223.983930</course><hAcc>1.126608</hAcc><vAcc>0.756832</vAcc></extensions></trkpt>
      <trkpt lon="-82.155640" lat="33.558828"><ele>84.773785</ele><time>2025-09-14T15:00:44Z</time><extensions><speed>1.211975</speed><course>216.250860</course><hAcc>1.122744</hAcc><vAcc>0.756977</vAcc></extensions></trkpt>
      <trkpt lon="-82.155647" lat="33.558819"><ele>84.717541</ele><time>2025-09-14T15:00:45Z</time><extensions><speed>1.220775</speed><course>208.155484</course><hAcc>1.117537</hAcc><vAcc>0.757210</vAcc></extensions></trkpt>
      <trkpt lon="-82.155652" lat="33.558809"><ele>84.689860</ele><time>2025-09-14T15:00:46Z</time><extensions><speed>1.187349</speed><course>201.620895</course><hAcc>1.112050</hAcc><vAcc>0.757675</vAcc></extensions></trkpt>
      <trkpt lon="-82.155656" lat="33.558799"><ele>84.669433</ele><time>2025-09-14T15:00:47Z</time><extensions><speed>1.147387</speed><course>194.727131</course><hAcc>1.113807</hAcc><vAcc>0.758457</vAcc></extensions></trkpt>
      <trkpt lon="-82.155659" lat="33.558789"><ele>84.649489</ele><time>2025-09-14T15:00:48Z</time><extensions><speed>1.110603</speed><course>190.289108</course><hAcc>1.115363</hAcc><vAcc>0.759652</vAcc></extensions></trkpt>
      <trkpt lon="-82.155660" lat="33.558779"><ele>84.629302</ele><time>2025-09-14T15:00:49Z</time><extensions><speed>1.183531</speed><course>186.118172</course><hAcc>1.113886</hAcc><vAcc>0.761268</vAcc></extensions></trkpt>
      <trkpt lon="-82.155661" lat="33.558768"><ele>84.610504</ele><time>2025-09-14T15:00:50Z</time><extensions><speed>1.256291</speed><course>180.744633</course><hAcc>1.120985</hAcc><vAcc>0.763152</vAcc></extensions></trkpt>
      <trkpt lon="-82.155660" lat="33.558756"><ele>84.573812</ele><time>2025-09-14T15:00:51Z</time><extensions><speed>1.343997</speed><course>174.003701</course><hAcc>1.129693</hAcc><vAcc>0.765098</vAcc></extensions></trkpt>
      <trkpt lon="-82.155658" lat="33.558744"><ele>84.535147</ele><time>2025-09-14T15:00:52Z</time><extensions><speed>1.336901</speed><course>166.425144</course><hAcc>1.146902</hAcc><vAcc>0.767413</vAcc></extensions></trkpt>
      <trkpt lon="-82.155653" lat="33.558733"><ele>84.486600</ele><time>2025-09-14T15:00:53Z</time><extensions><speed>1.363667</speed><course>157.011939</course><hAcc>1.173782</hAcc><vAcc>0.770000</vAcc></extensions></trkpt>
      <trkpt lon="-82.155647" lat="33.558722"><ele>84.425999</ele><time>2025-09-14T15:00:54Z</time><extensions><speed>1.373136</speed><course>146.884344</course><hAcc>1.203379</hAcc><vAcc>0.773142</vAcc></extensions></trkpt>
      <trkpt lon="-82.155637" lat="33.558712"><ele>84.361217</ele><time>2025-09-14T15:00:55Z</time><extensions><speed>1.419706</speed><course>139.377374</course><hAcc>1.215540</hAcc><vAcc>0.776298</vAcc></extensions></trkpt>
      <trkpt lon="-82.155627" lat="33.558702"><ele>84.287872</ele><time>2025-09-14T15:00:56Z</time><extensions><speed>1.391193</speed><course>134.250706</course><hAcc>1.222378</hAcc><vAcc>0.779084</vAcc></extensions></trkpt>
      <trkpt lon="-82.155616" lat="33.558694"><ele>84.211142</ele><time>2025-09-14T15:00:57Z</time><extensions><speed>1.368769</speed><course>133.660235</course><hAcc>1.233175</hAcc><vAcc>0.781243</vAcc></extensions></trkpt>
      <trkpt lon="-82.155606" lat="33.558686"><ele>84.123544</ele><time>2025-09-14T15:00:58Z</time><extensions><speed>1.325540</speed><course>132.757503</course><hAcc>1.231796</hAcc><vAcc>0.782901</vAcc></extensions></trkpt>
      <trkpt lon="-82.155595" lat="33.558677"><ele>84.029001</ele><time>2025-09-14T15:00:59Z</time><extensions><speed>1.379383</speed><course>134.025946</course><hAcc>1.218122</hAcc><vAcc>0.783948</vAcc></extensions></trkpt>
      <trkpt lon="-82.155585" lat="33.558668"><ele>83.923338</ele><time>2025-09-14T15:01:00Z</time><extensions><speed>1.415034</speed><course>135.218075</course><hAcc>1.205788</hAcc><vAcc>0.784343</vAcc></extensions></trkpt>
      <trkpt lon="-82.155574" lat="33.558659"><ele>83.814916</ele><time>2025-09-14T15:01:01Z</time><extensions><speed>1.416256</speed><course>134.774439</course><hAcc>1.195372</hAcc><vAcc>0.784108</vAcc></extensions></trkpt>
      <trkpt lon="-82.155563" lat="33.558651"><ele>83.712493</ele><time>2025-09-14T15:01:02Z</time><extensions><speed>1.281037</speed><course>131.252679</course><hAcc>1.189647</hAcc><vAcc>0.783290</vAcc></extensions></trkpt>
      <trkpt lon="-82.155553" lat="33.558643"><ele>83.625926</ele><time>2025-09-14T15:01:03Z</time><extensions><speed>1.330680</speed><course>130.606396</course><hAcc>1.181909</hAcc><vAcc>0.781924</vAcc></extensions></trkpt>
      <trkpt lon="-82.155542" lat="33.558635"><ele>83.544195</ele><time>2025-09-14T15:01:04Z</time><extensions><speed>1.373191</speed><course>131.851160</course><hAcc>1.171835</hAcc><vAcc>0.780036</vAcc></extensions></trkpt>
      <trkpt lon="-82.155530" lat="33.558627"><ele>83.465428</ele><time>2025-09-14T15:01:05Z</time><extensions><speed>1.400454</speed><course>131.239797</course><hAcc>1.167459</hAcc><vAcc>0.777800</vAcc></extensions></trkpt>
      <trkpt lon="-82.155519" lat="33.558618"><ele>83.385623</ele><time>2025-09-14T15:01:06Z</time><extensions><speed>1.457050</speed><course>130.078429</course><hAcc>1.161828</hAcc><vAcc>0.775166</vAcc></extensions></trkpt>
      <trkpt lon="-82.155507" lat="33.558610"><ele>83.334595</ele><time>2025-09-14T15:01:07Z</time><extensions><speed>1.418621</speed><course>127.104519</course><hAcc>1.155507</hAcc><vAcc>0.772402</vAcc></extensions></trkpt>
      <trkpt lon="-82.155494" lat="33.558603"><ele>83.288268</ele><time>2025-09-14T15:01:08Z</time><extensions><speed>1.416473</speed><course>124.955687</course><hAcc>1.149322</hAcc><vAcc>0.769706</vAcc></extensions></trkpt>
      <trkpt lon="-82.155482" lat="33.558596"><ele>83.259595</ele><time>2025-09-14T15:01:09Z</time><extensions><speed>1.349435</speed><course>124.031150</course><hAcc>1.141386</hAcc><vAcc>0.767229</vAcc></extensions></trkpt>
      <trkpt lon="-82.155470" lat="33.558589"><ele>83.254641</ele><time>2025-09-14T15:01:10Z</time><extensions><speed>1.343948</speed><course>125.212016</course><hAcc>1.133602</hAcc><vAcc>0.765061</vAcc></extensions></trkpt>
      <trkpt lon="-82.155458" lat="33.558581"><ele>83.246392</ele><time>2025-09-14T15:01:11Z</time><extensions><speed>1.411430</speed><course>128.781158</course><hAcc>1.125851</hAcc><vAcc>0.763240</vAcc></extensions></trkpt>
      <trkpt lon="-82.155447" lat="33.558573"><ele>83.235098</ele><time>2025-09-14T15:01:12Z</time><extensions><speed>1.450195</speed><course>132.820002</course><hAcc>1.120613</hAcc><vAcc>0.761763</vAcc></extensions></trkpt>
      <trkpt lon="-82.155435" lat="33.558564"><ele>83.225052</ele><time>2025-09-14T15:01:13Z</time><extensions><speed>1.461834</speed><course>134.631555</course><hAcc>1.110692</hAcc><vAcc>0.760599</vAcc></extensions></trkpt>
      <trkpt lon="-82.155424" lat="33.558555"><ele>83.211600</ele><time>2025-09-14T15:01:14Z</time><extensions><speed>1.460943</speed><course>135.616474</course><hAcc>1.119555</hAcc><vAcc>0.759700</vAcc></extensions></trkpt>
      <trkpt lon="-82.155414" lat="33.558546"><ele>83.197413</ele><time>2025-09-14T15:01:15Z</time><extensions><speed>1.325971</speed><course>134.967548</course><hAcc>1.149714</hAcc><vAcc>0.759006</vAcc></extensions></trkpt>
      <trkpt lon="-82.155403" lat="33.558538"><ele>83.169829</ele><time>2025-09-14T15:01:16Z</time><extensions><speed>1.273626</speed><course>131.805661</course><hAcc>1.128979</hAcc><vAcc>0.758467</vAcc></extensions></trkpt>
      <trkpt lon="-82.155393" lat="33.558530"><ele>83.140993</ele><time>2025-09-14T15:01:17Z</time><extensions><speed>1.334203</speed><course>128.050583</course><hAcc>1.135755</hAcc><vAcc>0.758046</vAcc></extensions></trkpt>
      <trkpt lon="-82.155381" lat="33.558523"><ele>83.095791</ele><time>2025-09-14T15:01:18Z</time><extensions><speed>1.336062</speed><course>127.344317</course><hAcc>1.146615</hAcc><vAcc>0.757721</vAcc></extensions></trkpt>
      <trkpt lon="-82.155370" lat="33.558515"><ele>83.040106</ele><time>2025-09-14T15:01:19Z</time><extensions><speed>1.322401</speed><course>127.486868</course><hAcc>1.150339</hAcc><vAcc>0.757472</vAcc></extensions></trkpt>
      <trkpt lon="-82.155359" lat="33.558508"><ele>82.962096</ele><time>2025-09-14T15:01:20Z</time><extensions><speed>1.261901</speed><course>128.100130</course><hAcc>1.145502</hAcc><vAcc>0.757283</vAcc></extensions></trkpt>
      <trkpt lon="-82.155349" lat="33.558501"><ele>82.875557</ele><time>2025-09-14T15:01:21Z</time><extensions><speed>1.164959</speed><course>129.877174</course><hAcc>1.139718</hAcc><vAcc>0.757141</vAcc></extensions></trkpt>
      <trkpt lon="-82.155339" lat="33.558495"><ele>82.775654</ele><time>2025-09-14T15:01:22Z</time><extensions><speed>1.173169</speed><course>129.904684</course><hAcc>1.129945</hAcc><vAcc>0.757036</vAcc></extensions></trkpt>
      <trkpt lon="-82.155329" lat="33.558488"><ele>82.665604</ele><time>2025-09-14T15:01:23Z</time><extensions><speed>1.171784</speed><course>128.973902</course><hAcc>1.129708</hAcc><vAcc>0.756958</vAcc></extensions></trkpt>
      <trkpt lon="-82.155320" lat="33.558481"><ele>82.548953</ele><time>2025-09-14T15:01:24Z</time><extensions><speed>1.129003</speed><course>131.705215</course><hAcc>1.126738</hAcc><vAcc>0.756901</vAcc></extensions></trkpt>
      <trkpt lon="-82.155311" lat="33.558474"><ele>82.409087</ele><time>2025-09-14T15:01:25Z</time><extensions><speed>1.185275</speed><course>133.152480</course><hAcc>1.129736</hAcc><vAcc>0.756860</vAcc></extensions></trkpt>
      <trkpt lon="-82.155301" lat="33.558467"><ele>82.263800</ele><time>2025-09-14T15:01:26Z</time><extensions><speed>1.196500</speed><course>132.337164</course><hAcc>1.126876</hAcc><vAcc>0.756830</vAcc></extensions></trkpt>
      <trkpt lon="-82.155291" lat="33.558460"><ele>82.112600</ele><time>2025-09-14T15:01:27Z</time><extensions><speed>1.203895</speed><course>126.836580</course><hAcc>1.129406</hAcc><vAcc>0.756808</vAcc></extensions></trkpt>
      <trkpt lon="-82.155280" lat="33.558454"><ele>81.958848</ele><time>2025-09-14T15:01:28Z</time><extensions><speed>1.236715</speed><course>122.148964</course><hAcc>1.124878</hAcc><vAcc>0.756792</vAcc></extensions></trkpt>
      <trkpt lon="-82.155269" lat="33.558448"><ele>81.802612</ele><time>2025-09-14T15:01:29Z</time><extensions><speed>1.247249</speed><course>119.931187</course><hAcc>1.119226</hAcc><vAcc>0.756781</vAcc></extensions></trkpt>
      <trkpt lon="-82.155258" lat="33.558442"><ele>81.655482</ele><time>2025-09-14T15:01:30Z</time><extensions><speed>1.186368</speed><course>120.481137</course><hAcc>1.108319</hAcc><vAcc>0.756772</vAcc></extensions></trkpt>
      <trkpt lon="-82.155247" lat="33.558437"><ele>81.508870</ele><time>2025-09-14T15:01:31Z</time><extensions><speed>1.132852</speed><course>122.385795</course><hAcc>1.102626</hAcc><vAcc>0.756766</vAcc></extensions></trkpt>
      <trkpt lon="-82.155237" lat="33.558431"><ele>81.360682</ele><time>2025-09-14T15:01:32Z</time><extensions><speed>1.233907</speed><course>126.663314</course><hAcc>1.094346</hAcc><vAcc>0.756761</vAcc></extensions></trkpt>
      <trkpt lon="-82.155225" lat="33.558424"><ele>81.214743</ele><time>2025-09-14T15:01:33Z</time><extensions><speed>1.338149</speed><course>127.676646</course><hAcc>1.082827</hAcc><vAcc>0.756758</vAcc></extensions></trkpt>
      <trkpt lon="-82.155213" lat="33.558416"><ele>81.072694</ele><time>2025-09-14T15:01:34Z</time><extensions><speed>1.469555</speed><course>126.524278</course><hAcc>1.067361</hAcc><vAcc>0.756755</vAcc></extensions></trkpt>
      <trkpt lon="-82.155200" lat="33.558408"><ele>80.932353</ele><time>2025-09-14T15:01:35Z</time><extensions><speed>1.536996</speed><course>125.890990</course><hAcc>1.058749</hAcc><vAcc>0.756752</vAcc></extensions></trkpt>
      <trkpt lon="-82.155187" lat="33.558401"><ele>80.811384</ele><time>2025-09-14T15:01:36Z</time><extensions><speed>1.431874</speed><course>125.814185</course><hAcc>1.077706</hAcc><vAcc>0.756751</vAcc></extensions></trkpt>
      <trkpt lon="-82.155175" lat="33.558393"><ele>80.702874</ele><time>2025-09-14T15:01:37Z</time><extensions><speed>1.421819</speed><course>122.371646</course><hAcc>1.054281</hAcc><vAcc>0.756749</vAcc></extensions></trkpt>
      <trkpt lon="-82.155162" lat="33.558387"><ele>80.599210</ele><time>2025-09-14T15:01:38Z</time><extensions><speed>1.356705</speed><course>117.945382</course><hAcc>1.048462</hAcc><vAcc>0.756748</vAcc></extensions></trkpt>
      <trkpt lon="-82.155148" lat="33.558381"><ele>80.502574</ele><time>2025-09-14T15:01:39Z</time><extensions><speed>1.434781</speed><course>117.412521</course><hAcc>1.049207</hAcc><vAcc>0.756747</vAcc></extensions></trkpt>
      <trkpt lon="-82.155134" lat="33.558375"><ele>80.421360</ele><time>2025-09-14T15:01:40Z</time><extensions><speed>1.527816</speed><course>118.861224</course><hAcc>1.060846</hAcc><vAcc>0.756747</vAcc></extensions></trkpt>
      <trkpt lon="-82.155121" lat="33.558368"><ele>80.347592</ele><time>2025-09-14T15:01:41Z</time><extensions><speed>1.417703</speed><course>120.362522</course><hAcc>1.085639</hAcc><vAcc>0.756746</vAcc></extensions></trkpt>
      <trkpt lon="-82.155107" lat="33.558362"><ele>80.281716</ele><time>2025-09-14T15:01:42Z</time><extensions><speed>1.453824</speed><course>119.620653</course><hAcc>1.078211</hAcc><vAcc>0.756746</vAcc></extensions></trkpt>
      <trkpt lon="-82.155094" lat="33.558356"><ele>80.223226</ele><time>2025-09-14T15:01:43Z</time><extensions><speed>1.391167</speed><course>118.908515</course><hAcc>1.084546</hAcc><vAcc>0.756745</vAcc></extensions></trkpt>
      <trkpt lon="-82.155081" lat="33.558350"><ele>80.168797</ele><time>2025-09-14T15:01:44Z</time><extensions><speed>1.347363</speed><course>119.641642</course><hAcc>1.093219</hAcc><vAcc>0.756745</vAcc></extensions></trkpt>
      <trkpt lon="-82.155069" lat="33.558344"><ele>80.125337</ele><time>2025-09-14T15:01:45Z</time><extensions><speed>1.247173</speed><course>120.671349</course><hAcc>1.095194</hAcc><vAcc>0.756745</vAcc></extensions></trkpt>
      <trkpt lon="-82.155058" lat="33.558338"><ele>80.090507</ele><time>2025-09-14T15:01:46Z</time><extensions><speed>1.186472</speed><course>121.169801</course><hAcc>1.091458</hAcc><vAcc>0.756745</vAcc></extensions></trkpt>
      <trkpt lon="-82.155046" lat="33.558333"><ele>80.063023</ele><time>2025-09-14T15:01:47Z</time><extensions><speed>1.270810</speed><course>116.670871</course><hAcc>1.088275</hAcc><vAcc>0.756745</vAcc></extensions></trkpt>
      <trkpt lon="-82.155033" lat="33.558328"><ele>80.051136</ele><time>2025-09-14T15:01:48Z</time><extensions><speed>1.378499</speed><course>112.377977</course><hAcc>1.083100</hAcc><vAcc>0.756745</vAcc></extensions></trkpt>
      <trkpt lon="-82.155019" lat="33.558323"><ele>80.039736</ele><time>2025-09-14T15:01:49Z</time><extensions><speed>1.410701</speed><course>113.437947</course><hAcc>1.075933</hAcc><vAcc>0.756745</vAcc></extensions></trkpt>
      <trkpt lon="-82.155005" lat="33.558317"><ele>80.044540</ele><time>2025-09-14T15:01:50Z</time><extensions><speed>1.419834</speed><course>117.132319</course><hAcc>1.075725</hAcc><vAcc>0.756745</vAcc></extensions></trkpt>
      <trkpt lon="-82.154992" lat="33.558311"><ele>80.046072</ele><time>2025-09-14T15:01:51Z</time><extensions><speed>1.411478</speed><course>122.572261</course><hAcc>1.076989</hAcc><vAcc>0.756745</vAcc></extensions></trkpt>
      <trkpt lon="-82.154980" lat="33.558304"><ele>80.052176</ele><time>2025-09-14T15:01:52Z</time><extensions><speed>1.353171</speed><course>127.976644</course><hAcc>1.080628</hAcc><vAcc>0.756745</vAcc></extensions></trkpt>
      <trkpt lon="-82.154969" lat="33.558297"><ele>80.063309</ele><time>2025-09-14T15:01:53Z</time><extensions><speed>1.255320</speed><course>128.594567</course><hAcc>1.083840</hAcc><vAcc>0.756744</vAcc></extensions></trkpt>
      <trkpt lon="-82.154958" lat="33.558290"><ele>80.075941</ele><time>2025-09-14T15:01:54Z</time><extensions><speed>1.252307</speed><course>124.472884</course><hAcc>1.083107</hAcc><vAcc>0.756744</vAcc></extensions></trkpt>
      <trkpt lon="-82.154946" lat="33.558283"><ele>80.086028</ele><time>2025-09-14T15:01:55Z</time><extensions><speed>1.386974</speed><course>120.790995</course><hAcc>1.082820</hAcc><vAcc>0.756744</vAcc></extensions></trkpt>
      <trkpt lon="-82.154933" lat="33.558277"><ele>80.096942</ele><time>2025-09-14T15:01:56Z</time><extensions><speed>1.484257</speed><course>118.787191</course><hAcc>1.075666</hAcc><vAcc>0.756744</vAcc></extensions></trkpt>
      <trkpt lon="-82.154919" lat="33.558271"><ele>80.107107</ele><time>2025-09-14T15:01:57Z</time><extensions><speed>1.519540</speed><course>118.416582</course><hAcc>1.062245</hAcc><vAcc>0.756744</vAcc></extensions></trkpt>
      <trkpt lon="-82.154904" lat="33.558264"><ele>80.099414</ele><time>2025-09-14T15:01:58Z</time><extensions><speed>1.481624</speed><course>119.022849</course><hAcc>1.058863</hAcc><vAcc>0.756744</vAcc></extensions></trkpt>
      <trkpt lon="-82.154891" lat="33.558258"><ele>80.078318</ele><time>2025-09-14T15:01:59Z</time><extensions><speed>1.322410</speed><course>119.681707</course><hAcc>1.085825</hAcc><vAcc>0.756745</vAcc></extensions></trkpt>
      <trkpt lon="-82.154879" lat="33.558252"><ele>80.053871</ele><time>2025-09-14T15:02:00Z</time><extensions><speed>1.281907</speed><course>121.428341</course><hAcc>1.052797</hAcc><vAcc>0.756745</vAcc></extensions></trkpt>
      <trkpt lon="-82.154867" lat="33.558246"><ele>80.008568</ele><time>2025-09-14T15:02:01Z</time><extensions><speed>1.328335</speed><course>121.251587</course><hAcc>1.053659</hAcc><vAcc>0.756745</vAcc></extensions></trkpt>
      <trkpt lon="-82.154855" lat="33.558239"><ele>79.948544</ele><time>2025-09-14T15:02:02Z</time><extensions><speed>1.352950</speed><course>120.922895</course><hAcc>1.065449</hAcc><vAcc>0.756745</vAcc></extensions></trkpt>
      <trkpt lon="-82.154843" lat="33.558233"><ele>79.869290</ele><time>2025-09-14T15:02:03Z</time><extensions><speed>1.315761</speed><course>121.587248</course><hAcc>1.074113</hAcc><vAcc>0.756745</vAcc></extensions></trkpt>
      <trkpt lon="-82.154831" lat="33.558227"><ele>79.778222</ele><time>2025-09-14T15:02:04Z</time><extensions><speed>1.324569</speed><course>123.143012</course><hAcc>1.077615</hAcc><vAcc>0.756745</vAcc></extensions></trkpt>
      <trkpt lon="-82.154819" lat="33.558220"><ele>79.670236</ele><time>2025-09-14T15:02:05Z</time><extensions><speed>1.316948</speed><course>124.184111</course><hAcc>1.085945</hAcc><vAcc>0.756745</vAcc></extensions></trkpt>
      <trkpt lon="-82.154807" lat="33.558214"><ele>79.543654</ele><time>2025-09-14T15:02:06Z</time><extensions><speed>1.318270</speed><course>124.934160</course><hAcc>1.101311</hAcc><vAcc>0.756745</vAcc></extensions></trkpt>
      <trkpt lon="-82.154796" lat="33.558206"><ele>79.413736</ele><time>2025-09-14T15:02:07Z</time><extensions><speed>1.318560</speed><course>127.858805</course><hAcc>1.120051</hAcc><vAcc>0.756745</vAcc></extensions></trkpt>
      <trkpt lon="-82.154784" lat="33.558199"><ele>79.275887</ele><time>2025-09-14T15:02:08Z</time><extensions><speed>1.311012</speed><course>128.237034</course><hAcc>1.131091</hAcc><vAcc>0.756745</vAcc></extensions></trkpt>
      <trkpt lon="-82.154773" lat="33.558192"><ele>79.129956</ele><time>2025-09-14T15:02:09Z</time><extensions><speed>1.310783</speed><course>126.633117</course><hAcc>1.147526</hAcc><vAcc>0.756745</vAcc></extensions></trkpt>
      <trkpt lon="-82.154762" lat="33.558185"><ele>78.967073</ele><time>2025-09-14T15:02:10Z</time><extensions><speed>1.278044</speed><course>123.637509</course><hAcc>1.165900</hAcc><vAcc>0.756745</vAcc></extensions></trkpt>
      <trkpt lon="-82.154750" lat="33.558179"><ele>78.800521</ele><time>2025-09-14T15:02:11Z</time><extensions><speed>1.302246</speed><course>122.151760</course><hAcc>1.167758</hAcc><vAcc>0.756745</vAcc></extensions></trkpt>
      <trkpt lon="-82.154738" lat="33.558173"><ele>78.636886</ele><time>2025-09-14T15:02:12Z</time><extensions><speed>1.329279</speed><course>122.891647</course><hAcc>1.167942</hAcc><vAcc>0.756761</vAcc></extensions></trkpt>
      <trkpt lon="-82.154727" lat="33.558166"><ele>78.485376</ele><time>2025-09-14T15:02:13Z</time><extensions><speed>1.277394</speed><course>125.868816</course><hAcc>1.164068</hAcc><vAcc>0.756769</vAcc></extensions></trkpt>
      <trkpt lon="-82.154716" lat="33.558159"><ele>78.337800</ele><time>2025-09-14T15:02:14Z</time><extensions><speed>1.264341</speed><course>127.083019</course><hAcc>1.166764</hAcc><vAcc>0.756778</vAcc></extensions></trkpt>
      <trkpt lon="-82.154705" lat="33.558152"><ele>78.201086</ele><time>2025-09-14T15:02:15Z</time><extensions><speed>1.293637</speed><course>127.640731</course><hAcc>1.160294</hAcc><vAcc>0.756788</vAcc></extensions></trkpt>
      <trkpt lon="-82.154694" lat="33.558145"><ele>78.070473</ele><time>2025-09-14T15:02:16Z</time><extensions><speed>1.311376</speed><course>129.818403</course><hAcc>1.152532</hAcc><vAcc>0.756800</vAcc></extensions></trkpt>
      <trkpt lon="-82.154683" lat="33.558137"><ele>77.948476</ele><time>2025-09-14T15:02:17Z</time><extensions><speed>1.267250</speed><course>130.309590</course><hAcc>1.157368</hAcc><vAcc>0.756813</vAcc></extensions></trkpt>
      <trkpt lon="-82.154672" lat="33.558130"><ele>77.833960</ele><time>2025-09-14T15:02:18Z</time><extensions><speed>1.328347</speed><course>131.204183</course><hAcc>1.159398</hAcc><vAcc>0.756826</vAcc></extensions></trkpt>
      <trkpt lon="-82.154662" lat="33.558122"><ele>77.735446</ele><time>2025-09-14T15:02:19Z</time><extensions><speed>1.362315</speed><course>131.566898</course><hAcc>1.152537</hAcc><vAcc>0.756839</vAcc></extensions></trkpt>
      <trkpt lon="-82.154650" lat="33.558113"><ele>77.651293</ele><time>2025-09-14T15:02:20Z</time><extensions><speed>1.409353</speed><course>131.308809</course><hAcc>1.132028</hAcc><vAcc>0.756993</vAcc></extensions></trkpt>
      <trkpt lon="-82.154639" lat="33.558105"><ele>77.573965</ele><time>2025-09-14T15:02:21Z</time><extensions><speed>1.446937</speed><course>128.160752</course><hAcc>1.124318</hAcc><vAcc>0.757066</vAcc></extensions></trkpt>
      <trkpt lon="-82.154626" lat="33.558097"><ele>77.517792</ele><time>2025-09-14T15:02:22Z</time><extensions><speed>1.407044</speed><course>128.360572</course><hAcc>1.144647</hAcc><vAcc>0.757147</vAcc></extensions></trkpt>
      <trkpt lon="-82.154615" lat="33.558089"><ele>77.473613</ele><time>2025-09-14T15:02:23Z</time><extensions><speed>1.427345</speed><course>129.863316</course><hAcc>1.116058</hAcc><vAcc>0.757234</vAcc></extensions></trkpt>
      <trkpt lon="-82.154603" lat="33.558081"><ele>77.442525</ele><time>2025-09-14T15:02:24Z</time><extensions><speed>1.410049</speed><course>132.617101</course><hAcc>1.101880</hAcc><vAcc>0.757327</vAcc></extensions></trkpt>
      <trkpt lon="-82.154592" lat="33.558072"><ele>77.421679</ele><time>2025-09-14T15:02:25Z</time><extensions><speed>1.470900</speed><course>134.144873</course><hAcc>1.090890</hAcc><vAcc>0.757426</vAcc></extensions></trkpt>
      <trkpt lon="-82.154580" lat="33.558062"><ele>77.410708</ele><time>2025-09-14T15:02:26Z</time><extensions><speed>1.544128</speed><course>135.187135</course><hAcc>1.070801</hAcc><vAcc>0.757527</vAcc></extensions></trkpt>
      <trkpt lon="-82.154569" lat="33.558052"><ele>77.410884</ele><time>2025-09-14T15:02:27Z</time><extensions><speed>1.541980</speed><course>134.615431</course><hAcc>1.061288</hAcc><vAcc>0.757624</vAcc></extensions></trkpt>
      <trkpt lon="-82.154557" lat="33.558043"><ele>77.419052</ele><time>2025-09-14T15:02:28Z</time><extensions><speed>1.405106</speed><course>135.423834</course><hAcc>1.077442</hAcc><vAcc>0.757706</vAcc></extensions></trkpt>
      <trkpt lon="-82.154547" lat="33.558033"><ele>77.432816</ele><time>2025-09-14T15:02:29Z</time><extensions><speed>1.479935</speed><course>138.859880</course><hAcc>1.044342</hAcc><vAcc>0.757759</vAcc></extensions></trkpt>
      <trkpt lon="-82.154537" lat="33.558023"><ele>77.443248</ele><time>2025-09-14T15:02:30Z</time><extensions><speed>1.391194</speed><course>143.166600</course><hAcc>1.068938</hAcc><vAcc>0.757768</vAcc></extensions></trkpt>
      <trkpt lon="-82.154528" lat="33.558013"><ele>77.460072</ele><time>2025-09-14T15:02:31Z</time><extensions><speed>1.403705</speed><course>146.675253</course><hAcc>1.052685</hAcc><vAcc>0.757723</vAcc></extensions></trkpt>
      <trkpt lon="-82.154520" lat="33.558003"><ele>77.481972</ele><time>2025-09-14T15:02:32Z</time><extensions><speed>1.312184</speed><course>147.301376</course><hAcc>1.057152</hAcc><vAcc>0.757635</vAcc></extensions></trkpt>
      <trkpt lon="-82.154513" lat="33.557993"><ele>77.502475</ele><time>2025-09-14T15:02:33Z</time><extensions><speed>1.178660</speed><course>146.215061</course><hAcc>1.064832</hAcc><vAcc>0.757522</vAcc></extensions></trkpt>
      <trkpt lon="-82.154506" lat="33.557985"><ele>77.527809</ele><time>2025-09-14T15:02:34Z</time><extensions><speed>1.186518</speed><course>145.894984</course><hAcc>1.071928</hAcc><vAcc>0.757399</vAcc></extensions></trkpt>
      <trkpt lon="-82.154499" lat="33.557975"><ele>77.560987</ele><time>2025-09-14T15:02:35Z</time><extensions><speed>1.231202</speed><course>148.319445</course><hAcc>1.076524</hAcc><vAcc>0.757278</vAcc></extensions></trkpt>
      <trkpt lon="-82.154492" lat="33.557966"><ele>77.597573</ele><time>2025-09-14T15:02:36Z</time><extensions><speed>1.136442</speed><course>145.316141</course><hAcc>1.076418</hAcc><vAcc>0.757166</vAcc></extensions></trkpt>
      <trkpt lon="-82.154485" lat="33.557960"><ele>77.631201</ele><time>2025-09-14T15:02:37Z</time><extensions><speed>0.859991</speed><course>134.753891</course><hAcc>1.078585</hAcc><vAcc>0.757068</vAcc></extensions></trkpt>
      <trkpt lon="-82.154479" lat="33.557956"><ele>77.661395</ele><time>2025-09-14T15:02:38Z</time><extensions><speed>0.627198</speed><course>104.314776</course><hAcc>1.082005</hAcc><vAcc>0.756986</vAcc></extensions></trkpt>
      <trkpt lon="-82.154472" lat="33.557956"><ele>77.685376</ele><time>2025-09-14T15:02:39Z</time><extensions><speed>0.595249</speed><course>84.170190</course><hAcc>1.093306</hAcc><vAcc>0.756919</vAcc></extensions></trkpt>
      <trkpt lon="-82.154467" lat="33.557956"><ele>77.703291</ele><time>2025-09-14T15:02:40Z</time><extensions><speed>0.452621</speed><course>77.904850</course><hAcc>1.100766</hAcc><vAcc>0.756867</vAcc></extensions></trkpt>
      <trkpt lon="-82.154463" lat="33.557957"><ele>77.722206</ele><time>2025-09-14T15:02:41Z</time><extensions><speed>0.253092</speed><course>105.756180</course><hAcc>1.113268</hAcc><vAcc>0.756828</vAcc></extensions></trkpt>
      <trkpt lon="-82.154462" lat="33.557955"><ele>77.736437</ele><time>2025-09-14T15:02:42Z</time><extensions><speed>0.337828</speed><course>179.266755</course><hAcc>1.122516</hAcc><vAcc>0.756799</vAcc></extensions></trkpt>
      <trkpt lon="-82.154462" lat="33.557950"><ele>77.748056</ele><time>2025-09-14T15:02:43Z</time><extensions><speed>0.642587</speed><course>190.353526</course><hAcc>1.121827</hAcc><vAcc>0.756778</vAcc></extensions></trkpt>
      <trkpt lon="-82.154464" lat="33.557944"><ele>77.766316</ele><time>2025-09-14T15:02:44Z</time><extensions><speed>0.843525</speed><course>191.248777</course><hAcc>1.126196</hAcc><vAcc>0.756765</vAcc></extensions></trkpt>
      <trkpt lon="-82.154465" lat="33.557936"><ele>77.790719</ele><time>2025-09-14T15:02:45Z</time><extensions><speed>0.936552</speed><course>187.321123</course><hAcc>1.129718</hAcc><vAcc>0.756756</vAcc></extensions></trkpt>
      <trkpt lon="-82.154466" lat="33.557927"><ele>77.815834</ele><time>2025-09-14T15:02:46Z</time><extensions><speed>1.012186</speed><course>178.673355</course><hAcc>1.119680</hAcc><vAcc>0.756750</vAcc></extensions></trkpt>
      <trkpt lon="-82.154465" lat="33.557918"><ele>77.845489</ele><time>2025-09-14T15:02:47Z</time><extensions><speed>1.121951</speed><course>170.235506</course><hAcc>1.097803</hAcc><vAcc>0.756747</vAcc></extensions></trkpt>
      <trkpt lon="-82.154461" lat="33.557907"><ele>77.870559</ele><time>2025-09-14T15:02:48Z</time><extensions><speed>1.328925</speed><course>162.011903</course><hAcc>1.074510</hAcc><vAcc>0.756746</vAcc></extensions></trkpt>
      <trkpt lon="-82.154456" lat="33.557895"><ele>77.892225</ele><time>2025-09-14T15:02:49Z</time><extensions><speed>1.437059</speed><course>156.945764</course><hAcc>1.068121</hAcc><vAcc>0.756745</vAcc></extensions></trkpt>
      <trkpt lon="-82.154450" lat="33.557883"><ele>77.917189</ele><time>2025-09-14T15:02:50Z</time><extensions><speed>1.460044</speed><course>155.788447</course><hAcc>1.048455</hAcc><vAcc>0.756745</vAcc></extensions></trkpt>
      <trkpt lon="-82.154443" lat="33.557872"><ele>77.946701</ele><time>2025-09-14T15:02:51Z</time><extensions><speed>1.391568</speed><course>154.970262</course><hAcc>1.033731</hAcc><vAcc>0.756745</vAcc></extensions></trkpt>
      <trkpt lon="-82.154437" lat="33.557860"><ele>77.979098</ele><time>2025-09-14T15:02:52Z</time><extensions><speed>1.323168</speed><course>157.449791</course><hAcc>1.028156</hAcc><vAcc>0.756745</vAcc></extensions></trkpt>
      <trkpt lon="-82.154432" lat="33.557849"><ele>78.025940</ele><time>2025-09-14T15:02:53Z</time><extensions><speed>1.306034</speed><course>159.753812</course><hAcc>1.031346</hAcc><vAcc>0.756745</vAcc></extensions></trkpt>
      <trkpt lon="-82.154428" lat="33.557838"><ele>78.079015</ele><time>2025-09-14T15:02:54Z</time><extensions><speed>1.300361</speed><course>161.852115</course><hAcc>1.034383</hAcc><vAcc>0.756745</vAcc></extensions></trkpt>
      <trkpt lon="-82.154424" lat="33.557827"><ele>78.128778</ele><time>2025-09-14T15:02:55Z</time><extensions><speed>1.361372</speed><course>165.761955</course><hAcc>1.034164</hAcc><vAcc>0.756745</vAcc></extensions></trkpt>
      <trkpt lon="-82.154421" lat="33.557814"><ele>78.183487</ele><time>2025-09-14T15:02:56Z</time><extensions><speed>1.421332</speed><course>170.600574</course><hAcc>1.027140</hAcc><vAcc>0.756744</vAcc></extensions></trkpt>
      <trkpt lon="-82.154419" lat="33.557801"><ele>78.241849</ele><time>2025-09-14T15:02:57Z</time><extensions><speed>1.473820</speed><course>174.590769</course><hAcc>1.010211</hAcc><vAcc>0.756743</vAcc></extensions></trkpt>
      <trkpt lon="-82.154417" lat="33.557788"><ele>78.309281</ele><time>2025-09-14T15:02:58Z</time><extensions><speed>1.454466</speed><course>176.348880</course><hAcc>1.003408</hAcc><vAcc>0.756742</vAcc></extensions></trkpt>
      <trkpt lon="-82.154416" lat="33.557776"><ele>78.375985</ele><time>2025-09-14T15:02:59Z</time><extensions><speed>1.276976</speed><course>175.254700</course><hAcc>1.025699</hAcc><vAcc>0.756742</vAcc></extensions></trkpt>
      <trkpt lon="-82.154415" lat="33.557764"><ele>78.432034</ele><time>2025-09-14T15:03:00Z</time><extensions><speed>1.318286</speed><course>173.077530</course><hAcc>0.995086</hAcc><vAcc>0.756741</vAcc></extensions></trkpt>
      <trkpt lon="-82.154413" lat="33.557753"><ele>78.493754</ele><time>2025-09-14T15:03:01Z</time><extensions><speed>1.266799</speed><course>172.540010</course><hAcc>0.989577</hAcc><vAcc>0.756740</vAcc></extensions></trkpt>
      <trkpt lon="-82.154411" lat="33.557741"><ele>78.560168</ele><time>2025-09-14T15:03:02Z</time><extensions><speed>1.325757</speed><course>171.731834</course><hAcc>0.994364</hAcc><vAcc>0.756740</vAcc></extensions></trkpt>
      <trkpt lon="-82.154409" lat="33.557729"><ele>78.639776</ele><time>2025-09-14T15:03:03Z</time><extensions><speed>1.452558</speed><course>174.435648</course><hAcc>0.990515</hAcc><vAcc>0.756739</vAcc></extensions></trkpt>
      <trkpt lon="-82.154409" lat="33.557716"><ele>78.714752</ele><time>2025-09-14T15:03:04Z</time><extensions><speed>1.453218</speed><course>178.534196</course><hAcc>0.985774</hAcc><vAcc>0.756739</vAcc></extensions></trkpt>
      <trkpt lon="-82.154408" lat="33.557703"><ele>78.782771</ele><time>2025-09-14T15:03:05Z</time><extensions><speed>1.333100</speed><course>180.869825</course><hAcc>0.993893</hAcc><vAcc>0.756739</vAcc></extensions></trkpt>
      <trkpt lon="-82.154408" lat="33.557691"><ele>78.872830</ele><time>2025-09-14T15:03:06Z</time><extensions><speed>1.315123</speed><course>177.776192</course><hAcc>0.971000</hAcc><vAcc>0.756738</vAcc></extensions></trkpt>
      <trkpt lon="-82.154408" lat="33.557679"><ele>78.966935</ele><time>2025-09-14T15:03:07Z</time><extensions><speed>1.356804</speed><course>179.109607</course><hAcc>0.973953</hAcc><vAcc>0.756738</vAcc></extensions></trkpt>
      <trkpt lon="-82.154408" lat="33.557667"><ele>79.049537</ele><time>2025-09-14T15:03:08Z</time><extensions><speed>1.258111</speed><course>181.774594</course><hAcc>1.009124</hAcc><vAcc>0.756738</vAcc></extensions></trkpt>
      <trkpt lon="-82.154408" lat="33.557656"><ele>79.133121</ele><time>2025-09-14T15:03:09Z</time><extensions><speed>1.279151</speed><course>181.366675</course><hAcc>0.988530</hAcc><vAcc>0.756738</vAcc></extensions></trkpt>
      <trkpt lon="-82.154409" lat="33.557644"><ele>79.238199</ele><time>2025-09-14T15:03:10Z</time><extensions><speed>1.283609</speed><course>183.276479</course><hAcc>0.988526</hAcc><vAcc>0.756738</vAcc></extensions></trkpt>
      <trkpt lon="-82.154410" lat="33.557633"><ele>79.348237</ele><time>2025-09-14T15:03:11Z</time><extensions><speed>1.273234</speed><course>183.187913</course><hAcc>1.002349</hAcc><vAcc>0.756739</vAcc></extensions></trkpt>
      <trkpt lon="-82.154410" lat="33.557621"><ele>79.497078</ele><time>2025-09-14T15:03:12Z</time><extensions><speed>1.286131</speed><course>181.327670</course><hAcc>1.009254</hAcc><vAcc>0.756739</vAcc></extensions></trkpt>
      <trkpt lon="-82.154411" lat="33.557610"><ele>79.658697</ele><time>2025-09-14T15:03:13Z</time><extensions><speed>1.242357</speed><course>183.776667</course><hAcc>1.012023</hAcc><vAcc>0.756739</vAcc></extensions></trkpt>
      <trkpt lon="-82.154412" lat="33.557599"><ele>79.818626</ele><time>2025-09-14T15:03:14Z</time><extensions><speed>1.261043</speed><course>188.615063</course><hAcc>1.013629</hAcc><vAcc>0.756739</vAcc></extensions></trkpt>
      <trkpt lon="-82.154415" lat="33.557588"><ele>79.983607</ele><time>2025-09-14T15:03:15Z</time><extensions><speed>1.252567</speed><course>192.309385</course><hAcc>1.010667</hAcc><vAcc>0.756739</vAcc></extensions></trkpt>
      <trkpt lon="-82.154418" lat="33.557577"><ele>80.148352</ele><time>2025-09-14T15:03:16Z</time><extensions><speed>1.209690</speed><course>193.817480</course><hAcc>1.008271</hAcc><vAcc>0.756740</vAcc></extensions></trkpt>
      <trkpt lon="-82.154421" lat="33.557565"><ele>80.316528</ele><time>2025-09-14T15:03:17Z</time><extensions><speed>1.403931</speed><course>194.897225</course><hAcc>1.004449</hAcc><vAcc>0.756740</vAcc></extensions></trkpt>
      <trkpt lon="-82.154425" lat="33.557553"><ele>80.499692</ele><time>2025-09-14T15:03:18Z</time><extensions><speed>1.564065</speed><course>194.539083</course><hAcc>0.998855</hAcc><vAcc>0.756740</vAcc></extensions></trkpt>
      <trkpt lon="-82.154429" lat="33.557539"><ele>80.686201</ele><time>2025-09-14T15:03:19Z</time><extensions><speed>1.544179</speed><course>192.576391</course><hAcc>1.007915</hAcc><vAcc>0.756740</vAcc></extensions></trkpt>
      <trkpt lon="-82.154432" lat="33.557525"><ele>80.871983</ele><time>2025-09-14T15:03:20Z</time><extensions><speed>1.536084</speed><course>189.783958</course><hAcc>0.996826</hAcc><vAcc>0.756741</vAcc></extensions></trkpt>
      <trkpt lon="-82.154435" lat="33.557512"><ele>81.052849</ele><time>2025-09-14T15:03:21Z</time><extensions><speed>1.506227</speed><course>191.464016</course><hAcc>0.995964</hAcc><vAcc>0.756741</vAcc></extensions></trkpt>
      <trkpt lon="-82.154439" lat="33.557499"><ele>81.227166</ele><time>2025-09-14T15:03:22Z</time><extensions><speed>1.400616</speed><course>193.561415</course><hAcc>0.997380</hAcc><vAcc>0.756741</vAcc></extensions></trkpt>
      <trkpt lon="-82.154442" lat="33.557487"><ele>81.401315</ele><time>2025-09-14T15:03:23Z</time><extensions><speed>1.396666</speed><course>192.810587</course><hAcc>1.008044</hAcc><vAcc>0.756741</vAcc></extensions></trkpt>
      <trkpt lon="-82.154445" lat="33.557474"><ele>81.555684</ele><time>2025-09-14T15:03:24Z</time><extensions><speed>1.425146</speed><course>191.589786</course><hAcc>1.008266</hAcc><vAcc>0.756741</vAcc></extensions></trkpt>
      <trkpt lon="-82.154449" lat="33.557462"><ele>81.708244</ele><time>2025-09-14T15:03:25Z</time><extensions><speed>1.458088</speed><course>191.847920</course><hAcc>0.996648</hAcc><vAcc>0.756742</vAcc></extensions></trkpt>
      <trkpt lon="-82.154452" lat="33.557448"><ele>81.846431</ele><time>2025-09-14T15:03:26Z</time><extensions><speed>1.515311</speed><course>193.000168</course><hAcc>0.986997</hAcc><vAcc>0.756742</vAcc></extensions></trkpt>
      <trkpt lon="-82.154456" lat="33.557435"><ele>81.962984</ele><time>2025-09-14T15:03:27Z</time><extensions><speed>1.450603</speed><course>194.326301</course><hAcc>0.993624</hAcc><vAcc>0.756742</vAcc></extensions></trkpt>
      <trkpt lon="-82.154460" lat="33.557423"><ele>82.065440</ele><time>2025-09-14T15:03:28Z</time><extensions><speed>1.467392</speed><course>197.841062</course><hAcc>0.981534</hAcc><vAcc>0.756742</vAcc></extensions></trkpt>
      <trkpt lon="-82.154465" lat="33.557411"><ele>82.152397</ele><time>2025-09-14T15:03:29Z</time><extensions><speed>1.343643</speed><course>201.182593</course><hAcc>1.025891</hAcc><vAcc>0.756742</vAcc></extensions></trkpt>
      <trkpt lon="-82.154470" lat="33.557400"><ele>82.224770</ele><time>2025-09-14T15:03:30Z</time><extensions><speed>1.350035</speed><course>200.473004</course><hAcc>1.007834</hAcc><vAcc>0.756742</vAcc></extensions></trkpt>
      <trkpt lon="-82.154475" lat="33.557388"><ele>82.279750</ele><time>2025-09-14T15:03:31Z</time><extensions><speed>1.361991</speed><course>200.509728</course><hAcc>1.026211</hAcc><vAcc>0.756742</vAcc></extensions></trkpt>
      <trkpt lon="-82.154481" lat="33.557376"><ele>82.321960</ele><time>2025-09-14T15:03:32Z</time><extensions><speed>1.413772</speed><course>200.208591</course><hAcc>1.056644</hAcc><vAcc>0.756742</vAcc></extensions></trkpt>
      <trkpt lon="-82.154486" lat="33.557364"><ele>82.340795</ele><time>2025-09-14T15:03:33Z</time><extensions><speed>1.409373</speed><course>198.964554</course><hAcc>1.080773</hAcc><vAcc>0.756743</vAcc></extensions></trkpt>
      <trkpt lon="-82.154490" lat="33.557352"><ele>82.351376</ele><time>2025-09-14T15:03:34Z</time><extensions><speed>1.418945</speed><course>195.845423</course><hAcc>1.107878</hAcc><vAcc>0.756743</vAcc></extensions></trkpt>
      <trkpt lon="-82.154494" lat="33.557340"><ele>82.347229</ele><time>2025-09-14T15:03:35Z</time><extensions><speed>1.373907</speed><course>192.200607</course><hAcc>1.139302</hAcc><vAcc>0.756743</vAcc></extensions></trkpt>
      <trkpt lon="-82.154497" lat="33.557328"><ele>82.329677</ele><time>2025-09-14T15:03:36Z</time><extensions><speed>1.250053</speed><course>191.706395</course><hAcc>1.178512</hAcc><vAcc>0.756743</vAcc></extensions></trkpt>
      <trkpt lon="-82.154500" lat="33.557317"><ele>82.290915</ele><time>2025-09-14T15:03:37Z</time><extensions><speed>1.293173</speed><course>191.659168</course><hAcc>1.218855</hAcc><vAcc>0.756743</vAcc></extensions></trkpt>
      <trkpt lon="-82.154503" lat="33.557305"><ele>82.239788</ele><time>2025-09-14T15:03:38Z</time><extensions><speed>1.452156</speed><course>190.755557</course><hAcc>1.260874</hAcc><vAcc>0.757027</vAcc></extensions></trkpt>
      <trkpt lon="-82.154506" lat="33.557292"><ele>82.190200</ele><time>2025-09-14T15:03:39Z</time><extensions><speed>1.554841</speed><course>191.483227</course><hAcc>1.304952</hAcc><vAcc>0.757812</vAcc></extensions></trkpt>
      <trkpt lon="-82.154510" lat="33.557278"><ele>82.128480</ele><time>2025-09-14T15:03:40Z</time><extensions><speed>1.521569</speed><course>194.922599</course><hAcc>1.344049</hAcc><vAcc>0.758789</vAcc></extensions></trkpt>
      <trkpt lon="-82.154514" lat="33.557265"><ele>82.047748</ele><time>2025-09-14T15:03:41Z</time><extensions><speed>1.567375</speed><course>195.717612</course><hAcc>1.355495</hAcc><vAcc>0.760017</vAcc></extensions></trkpt>
      <trkpt lon="-82.154518" lat="33.557252"><ele>81.952457</ele><time>2025-09-14T15:03:42Z</time><extensions><speed>1.493094</speed><course>196.284630</course><hAcc>1.384907</hAcc><vAcc>0.761682</vAcc></extensions></trkpt>
      <trkpt lon="-82.154523" lat="33.557239"><ele>81.857241</ele><time>2025-09-14T15:03:43Z</time><extensions><speed>1.497035</speed><course>197.681739</course><hAcc>1.383313</hAcc><vAcc>0.763792</vAcc></extensions></trkpt>
      <trkpt lon="-82.154528" lat="33.557226"><ele>81.750459</ele><time>2025-09-14T15:03:44Z</time><extensions><speed>1.466372</speed><course>200.385155</course><hAcc>1.386081</hAcc><vAcc>0.766226</vAcc></extensions></trkpt>
      <trkpt lon="-82.154534" lat="33.557214"><ele>81.640103</ele><time>2025-09-14T15:03:45Z</time><extensions><speed>1.397443</speed><course>204.905482</course><hAcc>1.391142</hAcc><vAcc>0.769275</vAcc></extensions></trkpt>
      <trkpt lon="-82.154541" lat="33.557203"><ele>81.520809</ele><time>2025-09-14T15:03:46Z</time><extensions><speed>1.333977</speed><course>205.419172</course><hAcc>1.391243</hAcc><vAcc>0.772853</vAcc></extensions></trkpt>
      <trkpt lon="-82.154546" lat="33.557192"><ele>81.399168</ele><time>2025-09-14T15:03:47Z</time><extensions><speed>1.326608</speed><course>203.554100</course><hAcc>1.393586</hAcc><vAcc>0.777671</vAcc></extensions></trkpt>
      <trkpt lon="-82.154553" lat="33.557181"><ele>81.294978</ele><time>2025-09-14T15:03:48Z</time><extensions><speed>1.380204</speed><course>206.759104</course><hAcc>1.406156</hAcc><vAcc>0.783498</vAcc></extensions></trkpt>
      <trkpt lon="-82.154560" lat="33.557171"><ele>81.190877</ele><time>2025-09-14T15:03:49Z</time><extensions><speed>1.260931</speed><course>213.946748</course><hAcc>1.431538</hAcc><vAcc>0.790260</vAcc></extensions></trkpt>
      <trkpt lon="-82.154568" lat="33.557161"><ele>81.092172</ele><time>2025-09-14T15:03:50Z</time><extensions><speed>1.212726</speed><course>217.438070</course><hAcc>1.416390</hAcc><vAcc>0.797111</vAcc></extensions></trkpt>
      <trkpt lon="-82.154575" lat="33.557153"><ele>81.004112</ele><time>2025-09-14T15:03:51Z</time><extensions><speed>1.137637</speed><course>215.239627</course><hAcc>1.412727</hAcc><vAcc>0.804099</vAcc></extensions></trkpt>
      <trkpt lon="-82.154582" lat="33.557144"><ele>80.923114</ele><time>2025-09-14T15:03:52Z</time><extensions><speed>1.195576</speed><course>209.459611</course><hAcc>1.419561</hAcc><vAcc>0.811565</vAcc></extensions></trkpt>
      <trkpt lon="-82.154588" lat="33.557134"><ele>80.842443</ele><time>2025-09-14T15:03:53Z</time><extensions><speed>1.312326</speed><course>205.342317</course><hAcc>1.433337</hAcc><vAcc>0.819171</vAcc></extensions></trkpt>
      <trkpt lon="-82.154594" lat="33.557123"><ele>80.773884</ele><time>2025-09-14T15:03:54Z</time><extensions><speed>1.416341</speed><course>203.624759</course><hAcc>1.438837</hAcc><vAcc>0.827178</vAcc></extensions></trkpt>
      <trkpt lon="-82.154601" lat="33.557111"><ele>80.741581</ele><time>2025-09-14T15:03:55Z</time><extensions><speed>1.465645</speed><course>205.866536</course><hAcc>1.442274</hAcc><vAcc>0.834483</vAcc></extensions></trkpt>
      <trkpt lon="-82.154608" lat="33.557099"><ele>80.703426</ele><time>2025-09-14T15:03:56Z</time><extensions><speed>1.505924</speed><course>207.201538</course><hAcc>1.444520</hAcc><vAcc>0.841462</vAcc></extensions></trkpt>
      <trkpt lon="-82.154615" lat="33.557087"><ele>80.673454</ele><time>2025-09-14T15:03:57Z</time><extensions><speed>1.445215</speed><course>203.774768</course><hAcc>1.440384</hAcc><vAcc>0.847484</vAcc></extensions></trkpt>
      <trkpt lon="-82.154620" lat="33.557076"><ele>80.646285</ele><time>2025-09-14T15:03:58Z</time><extensions><speed>1.252344</speed><course>202.114934</course><hAcc>1.426281</hAcc><vAcc>0.852581</vAcc></extensions></trkpt>
      <trkpt lon="-82.154626" lat="33.557066"><ele>80.625478</ele><time>2025-09-14T15:03:59Z</time><extensions><speed>1.189868</speed><course>203.733411</course><hAcc>1.408733</hAcc><vAcc>0.856435</vAcc></extensions></trkpt>
      <trkpt lon="-82.154631" lat="33.557055"><ele>80.624410</ele><time>2025-09-14T15:04:00Z</time><extensions><speed>1.273356</speed><course>203.779790</course><hAcc>1.412908</hAcc><vAcc>0.858778</vAcc></extensions></trkpt>
      <trkpt lon="-82.154636" lat="33.557044"><ele>80.630245</ele><time>2025-09-14T15:04:01Z</time><extensions><speed>1.372296</speed><course>202.823076</course><hAcc>1.401043</hAcc><vAcc>0.859193</vAcc></extensions></trkpt>
      <trkpt lon="-82.154642" lat="33.557033"><ele>80.645028</ele><time>2025-09-14T15:04:02Z</time><extensions><speed>1.404636</speed><course>202.109773</course><hAcc>1.387962</hAcc><vAcc>0.857812</vAcc></extensions></trkpt>
      <trkpt lon="-82.154648" lat="33.557021"><ele>80.671181</ele><time>2025-09-14T15:04:03Z</time><extensions><speed>1.451966</speed><course>201.288146</course><hAcc>1.374432</hAcc><vAcc>0.854754</vAcc></extensions></trkpt>
      <trkpt lon="-82.154653" lat="33.557009"><ele>80.711982</ele><time>2025-09-14T15:04:04Z</time><extensions><speed>1.398683</speed><course>199.376694</course><hAcc>1.359159</hAcc><vAcc>0.850444</vAcc></extensions></trkpt>
      <trkpt lon="-82.154658" lat="33.556997"><ele>80.745560</ele><time>2025-09-14T15:04:05Z</time><extensions><speed>1.321067</speed><course>196.665813</course><hAcc>1.342647</hAcc><vAcc>0.845011</vAcc></extensions></trkpt>
      <trkpt lon="-82.154662" lat="33.556986"><ele>80.772626</ele><time>2025-09-14T15:04:06Z</time><extensions><speed>1.228641</speed><course>196.493736</course><hAcc>1.340743</hAcc><vAcc>0.838627</vAcc></extensions></trkpt>
      <trkpt lon="-82.154665" lat="33.556976"><ele>80.786930</ele><time>2025-09-14T15:04:07Z</time><extensions><speed>1.134618</speed><course>196.998613</course><hAcc>1.331339</hAcc><vAcc>0.831485</vAcc></extensions></trkpt>
      <trkpt lon="-82.154669" lat="33.556966"><ele>80.795072</ele><time>2025-09-14T15:04:08Z</time><extensions><speed>1.199595</speed><course>197.658136</course><hAcc>1.317829</hAcc><vAcc>0.823785</vAcc></extensions></trkpt>
      <trkpt lon="-82.154673" lat="33.556955"><ele>80.796905</ele><time>2025-09-14T15:04:09Z</time><extensions><speed>1.345484</speed><course>195.302039</course><hAcc>1.307440</hAcc><vAcc>0.815735</vAcc></extensions></trkpt>
      <trkpt lon="-82.154677" lat="33.556942"><ele>80.789519</ele><time>2025-09-14T15:04:10Z</time><extensions><speed>1.477758</speed><course>195.153918</course><hAcc>1.301897</hAcc><vAcc>0.807557</vAcc></extensions></trkpt>
      <trkpt lon="-82.154681" lat="33.556930"><ele>80.785813</ele><time>2025-09-14T15:04:11Z</time><extensions><speed>1.490448</speed><course>197.751989</course><hAcc>1.290941</hAcc><vAcc>0.799506</vAcc></extensions></trkpt>
      <trkpt lon="-82.154686" lat="33.556917"><ele>80.773994</ele><time>2025-09-14T15:04:12Z</time><extensions><speed>1.417849</speed><course>198.641321</course><hAcc>1.277722</hAcc><vAcc>0.791857</vAcc></extensions></trkpt>
      <trkpt lon="-82.154691" lat="33.556905"><ele>80.768951</ele><time>2025-09-14T15:04:13Z</time><extensions><speed>1.340502</speed><course>198.850761</course><hAcc>1.266244</hAcc><vAcc>0.784978</vAcc></extensions></trkpt>
      <trkpt lon="-82.154696" lat="33.556894"><ele>80.761166</ele><time>2025-09-14T15:04:14Z</time><extensions><speed>1.346218</speed><course>197.612504</course><hAcc>1.255448</hAcc><vAcc>0.778932</vAcc></extensions></trkpt>
      <trkpt lon="-82.154700" lat="33.556882"><ele>80.754038</ele><time>2025-09-14T15:04:15Z</time><extensions><speed>1.292063</speed><course>196.691096</course><hAcc>1.248459</hAcc><vAcc>0.773820</vAcc></extensions></trkpt>
      <trkpt lon="-82.154704" lat="33.556871"><ele>80.732057</ele><time>2025-09-14T15:04:16Z</time><extensions><speed>1.318295</speed><course>196.943069</course><hAcc>1.239693</hAcc><vAcc>0.769647</vAcc></extensions></trkpt>
      <trkpt lon="-82.154708" lat="33.556860"><ele>80.712273</ele><time>2025-09-14T15:04:17Z</time><extensions><speed>1.347808</speed><course>198.530092</course><hAcc>1.226927</hAcc><vAcc>0.766363</vAcc></extensions></trkpt>
      <trkpt lon="-82.154713" lat="33.556848"><ele>80.689836</ele><time>2025-09-14T15:04:18Z</time><extensions><speed>1.386510</speed><course>199.448201</course><hAcc>1.223454</hAcc><vAcc>0.763866</vAcc></extensions></trkpt>
      <trkpt lon="-82.154718" lat="33.556836"><ele>80.668571</ele><time>2025-09-14T15:04:19Z</time><extensions><speed>1.373592</speed><course>200.420719</course><hAcc>1.218178</hAcc><vAcc>0.762034</vAcc></extensions></trkpt>
      <trkpt lon="-82.154723" lat="33.556825"><ele>80.672072</ele><time>2025-09-14T15:04:20Z</time><extensions><speed>1.281646</speed><course>201.051711</course><hAcc>1.209986</hAcc><vAcc>0.760738</vAcc></extensions></trkpt>
      <trkpt lon="-82.154728" lat="33.556814"><ele>80.677706</ele><time>2025-09-14T15:04:21Z</time><extensions><speed>1.280966</speed><course>200.387755</course><hAcc>1.208582</hAcc><vAcc>0.759850</vAcc></extensions></trkpt>
      <trkpt lon="-82.154733" lat="33.556803"><ele>80.671335</ele><time>2025-09-14T15:04:22Z</time><extensions><speed>1.357032</speed><course>201.907151</course><hAcc>1.199411</hAcc><vAcc>0.759252</vAcc></extensions></trkpt>
      <trkpt lon="-82.154739" lat="33.556792"><ele>80.680353</ele><time>2025-09-14T15:04:23Z</time><extensions><speed>1.394258</speed><course>203.198959</course><hAcc>1.194479</hAcc><vAcc>0.758838</vAcc></extensions></trkpt>
      <trkpt lon="-82.154745" lat="33.556780"><ele>80.694270</ele><time>2025-09-14T15:04:24Z</time><extensions><speed>1.421433</speed><course>203.562792</course><hAcc>1.190728</hAcc><vAcc>0.758524</vAcc></extensions></trkpt>
      <trkpt lon="-82.154751" lat="33.556768"><ele>80.714419</ele><time>2025-09-14T15:04:25Z</time><extensions><speed>1.385756</speed><course>203.109676</course><hAcc>1.183032</hAcc><vAcc>0.758262</vAcc></extensions></trkpt>
      <trkpt lon="-82.154756" lat="33.556757"><ele>80.731596</ele><time>2025-09-14T15:04:26Z</time><extensions><speed>1.285089</speed><course>199.830800</course><hAcc>1.175157</hAcc><vAcc>0.758030</vAcc></extensions></trkpt>
      <trkpt lon="-82.154761" lat="33.556746"><ele>80.759880</ele><time>2025-09-14T15:04:27Z</time><extensions><speed>1.239069</speed><course>196.976301</course><hAcc>1.169136</hAcc><vAcc>0.757821</vAcc></extensions></trkpt>
      <trkpt lon="-82.154764" lat="33.556736"><ele>80.808696</ele><time>2025-09-14T15:04:28Z</time><extensions><speed>1.236378</speed><course>196.470687</course><hAcc>1.159557</hAcc><vAcc>0.757632</vAcc></extensions></trkpt>
      <trkpt lon="-82.154768" lat="33.556725"><ele>80.864923</ele><time>2025-09-14T15:04:29Z</time><extensions><speed>1.254628</speed><course>194.167844</course><hAcc>1.155640</hAcc><vAcc>0.757513</vAcc></extensions></trkpt>
      <trkpt lon="-82.154771" lat="33.556714"><ele>80.900970</ele><time>2025-09-14T15:04:30Z</time><extensions><speed>1.271196</speed><course>190.502354</course><hAcc>1.149474</hAcc><vAcc>0.757595</vAcc></extensions></trkpt>
      <trkpt lon="-82.154773" lat="33.556703"><ele>80.933779</ele><time>2025-09-14T15:04:31Z</time><extensions><speed>1.257438</speed><course>190.573251</course><hAcc>1.150318</hAcc><vAcc>0.757721</vAcc></extensions></trkpt>
      <trkpt lon="-82.154776" lat="33.556691"><ele>80.966613</ele><time>2025-09-14T15:04:32Z</time><extensions><speed>1.265340</speed><course>194.284988</course><hAcc>1.149985</hAcc><vAcc>0.758174</vAcc></extensions></trkpt>
      <trkpt lon="-82.154780" lat="33.556680"><ele>81.005564</ele><time>2025-09-14T15:04:33Z</time><extensions><speed>1.328374</speed><course>197.483552</course><hAcc>1.167683</hAcc><vAcc>0.759302</vAcc></extensions></trkpt>
      <trkpt lon="-82.154785" lat="33.556669"><ele>81.064150</ele><time>2025-09-14T15:04:34Z</time><extensions><speed>1.401623</speed><course>200.683125</course><hAcc>1.180858</hAcc><vAcc>0.761177</vAcc></extensions></trkpt>
      <trkpt lon="-82.154790" lat="33.556657"><ele>81.125488</ele><time>2025-09-14T15:04:35Z</time><extensions><speed>1.414864</speed><course>200.616009</course><hAcc>1.193381</hAcc><vAcc>0.763572</vAcc></extensions></trkpt>
      <trkpt lon="-82.154795" lat="33.556644"><ele>81.175877</ele><time>2025-09-14T15:04:36Z</time><extensions><speed>1.474044</speed><course>198.434129</course><hAcc>1.207312</hAcc><vAcc>0.766511</vAcc></extensions></trkpt>
      <trkpt lon="-82.154800" lat="33.556632"><ele>81.220836</ele><time>2025-09-14T15:04:37Z</time><extensions><speed>1.499484</speed><course>194.077033</course><hAcc>1.224321</hAcc><vAcc>0.769718</vAcc></extensions></trkpt>
      <trkpt lon="-82.154803" lat="33.556619"><ele>81.263815</ele><time>2025-09-14T15:04:38Z</time><extensions><speed>1.405762</speed><course>190.433716</course><hAcc>1.246154</hAcc><vAcc>0.773336</vAcc></extensions></trkpt>
      <trkpt lon="-82.154806" lat="33.556606"><ele>81.297939</ele><time>2025-09-14T15:04:39Z</time><extensions><speed>1.348806</speed><course>187.578977</course><hAcc>1.271783</hAcc><vAcc>0.776808</vAcc></extensions></trkpt>
      <trkpt lon="-82.154808" lat="33.556594"><ele>81.326533</ele><time>2025-09-14T15:04:40Z</time><extensions><speed>1.390066</speed><course>189.438809</course><hAcc>1.284439</hAcc><vAcc>0.780839</vAcc></extensions></trkpt>
      <trkpt lon="-82.154811" lat="33.556582"><ele>81.354265</ele><time>2025-09-14T15:04:41Z</time><extensions><speed>1.391153</speed><course>193.990806</course><hAcc>1.313786</hAcc><vAcc>0.784244</vAcc></extensions></trkpt>
      <trkpt lon="-82.154815" lat="33.556570"><ele>81.375482</ele><time>2025-09-14T15:04:42Z</time><extensions><speed>1.365200</speed><course>196.520098</course><hAcc>1.343119</hAcc><vAcc>0.787263</vAcc></extensions></trkpt>
      <trkpt lon="-82.154819" lat="33.556559"><ele>81.394865</ele><time>2025-09-14T15:04:43Z</time><extensions><speed>1.273737</speed><course>199.403008</course><hAcc>1.351419</hAcc><vAcc>0.789600</vAcc></extensions></trkpt>
      <trkpt lon="-82.154824" lat="33.556548"><ele>81.415116</ele><time>2025-09-14T15:04:44Z</time><extensions><speed>1.287248</speed><course>200.116481</course><hAcc>1.332831</hAcc><vAcc>0.790976</vAcc></extensions></trkpt>
      <trkpt lon="-82.154829" lat="33.556537"><ele>81.412888</ele><time>2025-09-14T15:04:45Z</time><extensions><speed>1.332131</speed><course>200.739611</course><hAcc>1.327466</hAcc><vAcc>0.791216</vAcc></extensions></trkpt>
      <trkpt lon="-82.154834" lat="33.556525"><ele>81.407482</ele><time>2025-09-14T15:04:46Z</time><extensions><speed>1.376711</speed><course>199.786526</course><hAcc>1.312723</hAcc><vAcc>0.790299</vAcc></extensions></trkpt>
      <trkpt lon="-82.154839" lat="33.556513"><ele>81.399884</ele><time>2025-09-14T15:04:47Z</time><extensions><speed>1.395802</speed><course>198.433024</course><hAcc>1.286968</hAcc><vAcc>0.788344</vAcc></extensions></trkpt>
      <trkpt lon="-82.154844" lat="33.556501"><ele>81.387399</ele><time>2025-09-14T15:04:48Z</time><extensions><speed>1.433908</speed><course>199.496483</course><hAcc>1.265534</hAcc><vAcc>0.785625</vAcc></extensions></trkpt>
      <trkpt lon="-82.154849" lat="33.556489"><ele>81.367549</ele><time>2025-09-14T15:04:49Z</time><extensions><speed>1.476897</speed><course>201.429107</course><hAcc>1.252433</hAcc><vAcc>0.782330</vAcc></extensions></trkpt>
      <trkpt lon="-82.154855" lat="33.556477"><ele>81.365771</ele><time>2025-09-14T15:04:50Z</time><extensions><speed>1.405623</speed><course>204.376075</course><hAcc>1.259289</hAcc><vAcc>0.778747</vAcc></extensions></trkpt>
      <trkpt lon="-82.154861" lat="33.556466"><ele>81.358098</ele><time>2025-09-14T15:04:51Z</time><extensions><speed>1.357969</speed><course>206.027126</course><hAcc>1.237410</hAcc><vAcc>0.775130</vAcc></extensions></trkpt>
      <trkpt lon="-82.154868" lat="33.556455"><ele>81.346857</ele><time>2025-09-14T15:04:52Z</time><extensions><speed>1.244607</speed><course>208.840094</course><hAcc>1.231393</hAcc><vAcc>0.771695</vAcc></extensions></trkpt>
      <trkpt lon="-82.154874" lat="33.556445"><ele>81.328166</ele><time>2025-09-14T15:04:53Z</time><extensions><speed>1.267209</speed><course>207.628354</course><hAcc>1.234567</hAcc><vAcc>0.768602</vAcc></extensions></trkpt>
      <trkpt lon="-82.154880" lat="33.556435"><ele>81.304572</ele><time>2025-09-14T15:04:54Z</time><extensions><speed>1.353689</speed><course>203.714864</course><hAcc>1.233702</hAcc><vAcc>0.765938</vAcc></extensions></trkpt>
      <trkpt lon="-82.154886" lat="33.556423"><ele>81.271708</ele><time>2025-09-14T15:04:55Z</time><extensions><speed>1.387037</speed><course>201.828131</course><hAcc>1.215697</hAcc><vAcc>0.763727</vAcc></extensions></trkpt>
      <trkpt lon="-82.154891" lat="33.556411"><ele>81.241249</ele><time>2025-09-14T15:04:56Z</time><extensions><speed>1.413787</speed><course>198.868268</course><hAcc>1.201451</hAcc><vAcc>0.762344</vAcc></extensions></trkpt>
      <trkpt lon="-82.154896" lat="33.556399"><ele>81.209424</ele><time>2025-09-14T15:04:57Z</time><extensions><speed>1.451243</speed><course>197.354987</course><hAcc>1.191627</hAcc><vAcc>0.761145</vAcc></extensions></trkpt>
      <trkpt lon="-82.154901" lat="33.556387"><ele>81.174602</ele><time>2025-09-14T15:04:58Z</time><extensions><speed>1.379088</speed><course>195.806455</course><hAcc>1.206570</hAcc><vAcc>0.760308</vAcc></extensions></trkpt>
      <trkpt lon="-82.154905" lat="33.556375"><ele>81.143816</ele><time>2025-09-14T15:04:59Z</time><extensions><speed>1.406472</speed><course>194.884769</course><hAcc>1.173355</hAcc><vAcc>0.759769</vAcc></extensions></trkpt>
      <trkpt lon="-82.154908" lat="33.556363"><ele>81.106841</ele><time>2025-09-14T15:05:00Z</time><extensions><speed>1.321379</speed><course>192.863997</course><hAcc>1.183211</hAcc><vAcc>0.759468</vAcc></extensions></trkpt>
      <trkpt lon="-82.154911" lat="33.556351"><ele>81.060638</ele><time>2025-09-14T15:05:01Z</time><extensions><speed>1.306543</speed><course>194.705998</course><hAcc>1.170870</hAcc><vAcc>0.759352</vAcc></extensions></trkpt>
      <trkpt lon="-82.154915" lat="33.556340"><ele>81.014930</ele><time>2025-09-14T15:05:02Z</time><extensions><speed>1.351217</speed><course>198.222171</course><hAcc>1.173078</hAcc><vAcc>0.759369</vAcc></extensions></trkpt>
      <trkpt lon="-82.154921" lat="33.556328"><ele>80.970899</ele><time>2025-09-14T15:05:03Z</time><extensions><speed>1.427684</speed><course>201.528669</course><hAcc>1.178444</hAcc><vAcc>0.759845</vAcc></extensions></trkpt>
      <trkpt lon="-82.154926" lat="33.556316"><ele>80.927055</ele><time>2025-09-14T15:05:04Z</time><extensions><speed>1.464789</speed><course>199.829135</course><hAcc>1.175144</hAcc><vAcc>0.760133</vAcc></extensions></trkpt>
      <trkpt lon="-82.154931" lat="33.556303"><ele>80.877507</ele><time>2025-09-14T15:05:05Z</time><extensions><speed>1.478855</speed><course>197.445073</course><hAcc>1.172906</hAcc><vAcc>0.760418</vAcc></extensions></trkpt>
      <trkpt lon="-82.154936" lat="33.556291"><ele>80.828892</ele><time>2025-09-14T15:05:06Z</time><extensions><speed>1.358407</speed><course>198.673898</course><hAcc>1.182840</hAcc><vAcc>0.760638</vAcc></extensions></trkpt>
      <trkpt lon="-82.154941" lat="33.556280"><ele>80.776818</ele><time>2025-09-14T15:05:07Z</time><extensions><speed>1.274855</speed><course>199.902091</course><hAcc>1.155237</hAcc><vAcc>0.760757</vAcc></extensions></trkpt>
      <trkpt lon="-82.154945" lat="33.556269"><ele>80.721461</ele><time>2025-09-14T15:05:08Z</time><extensions><speed>1.213039</speed><course>200.314826</course><hAcc>1.142812</hAcc><vAcc>0.760788</vAcc></extensions></trkpt>
      <trkpt lon="-82.154950" lat="33.556259"><ele>80.664051</ele><time>2025-09-14T15:05:09Z</time><extensions><speed>1.306805</speed><course>198.355997</course><hAcc>1.136931</hAcc><vAcc>0.760763</vAcc></extensions></trkpt>
      <trkpt lon="-82.154954" lat="33.556247"><ele>80.609501</ele><time>2025-09-14T15:05:10Z</time><extensions><speed>1.422089</speed><course>198.638775</course><hAcc>1.126108</hAcc><vAcc>0.760702</vAcc></extensions></trkpt>
      <trkpt lon="-82.154960" lat="33.556235"><ele>80.560765</ele><time>2025-09-14T15:05:11Z</time><extensions><speed>1.474411</speed><course>201.451826</course><hAcc>1.112125</hAcc><vAcc>0.760606</vAcc></extensions></trkpt>
      <trkpt lon="-82.154966" lat="33.556222"><ele>80.505317</ele><time>2025-09-14T15:05:12Z</time><extensions><speed>1.476395</speed><course>202.191201</course><hAcc>1.106250</hAcc><vAcc>0.760457</vAcc></extensions></trkpt>
      <trkpt lon="-82.154971" lat="33.556211"><ele>80.455217</ele><time>2025-09-14T15:05:13Z</time><extensions><speed>1.349793</speed><course>200.183230</course><hAcc>1.123665</hAcc><vAcc>0.760227</vAcc></extensions></trkpt>
      <trkpt lon="-82.154976" lat="33.556199"><ele>80.405274</ele><time>2025-09-14T15:05:14Z</time><extensions><speed>1.292125</speed><course>196.782224</course><hAcc>1.101761</hAcc><vAcc>0.759898</vAcc></extensions></trkpt>
      <trkpt lon="-82.154980" lat="33.556188"><ele>80.367729</ele><time>2025-09-14T15:05:15Z</time><extensions><speed>1.312536</speed><course>197.360484</course><hAcc>1.100081</hAcc><vAcc>0.759497</vAcc></extensions></trkpt>
      <trkpt lon="-82.154984" lat="33.556177"><ele>80.344821</ele><time>2025-09-14T15:05:16Z</time><extensions><speed>1.309062</speed><course>199.202061</course><hAcc>1.109609</hAcc><vAcc>0.759070</vAcc></extensions></trkpt>
      <trkpt lon="-82.154989" lat="33.556166"><ele>80.337967</ele><time>2025-09-14T15:05:17Z</time><extensions><speed>1.318084</speed><course>200.667826</course><hAcc>1.112521</hAcc><vAcc>0.758650</vAcc></extensions></trkpt>
      <trkpt lon="-82.154994" lat="33.556155"><ele>80.350214</ele><time>2025-09-14T15:05:18Z</time><extensions><speed>1.302928</speed><course>201.075422</course><hAcc>1.106372</hAcc><vAcc>0.758262</vAcc></extensions></trkpt>
      <trkpt lon="-82.154999" lat="33.556143"><ele>80.355994</ele><time>2025-09-14T15:05:19Z</time><extensions><speed>1.361754</speed><course>201.097288</course><hAcc>1.092992</hAcc><vAcc>0.757919</vAcc></extensions></trkpt>
      <trkpt lon="-82.155004" lat="33.556132"><ele>80.374640</ele><time>2025-09-14T15:05:20Z</time><extensions><speed>1.429945</speed><course>200.293250</course><hAcc>1.088051</hAcc><vAcc>0.757629</vAcc></extensions></trkpt>
      <trkpt lon="-82.155010" lat="33.556120"><ele>80.407470</ele><time>2025-09-14T15:05:21Z</time><extensions><speed>1.337770</speed><course>202.214533</course><hAcc>1.106943</hAcc><vAcc>0.757393</vAcc></extensions></trkpt>
      <trkpt lon="-82.155015" lat="33.556109"><ele>80.454889</ele><time>2025-09-14T15:05:22Z</time><extensions><speed>1.274437</speed><course>201.883557</course><hAcc>1.075919</hAcc><vAcc>0.757206</vAcc></extensions></trkpt>
      <trkpt lon="-82.155020" lat="33.556098"><ele>80.516858</ele><time>2025-09-14T15:05:23Z</time><extensions><speed>1.289617</speed><course>198.202371</course><hAcc>1.071556</hAcc><vAcc>0.757062</vAcc></extensions></trkpt>
      <trkpt lon="-82.155024" lat="33.556087"><ele>80.586215</ele><time>2025-09-14T15:05:24Z</time><extensions><speed>1.345549</speed><course>195.085909</course><hAcc>1.079276</hAcc><vAcc>0.756956</vAcc></extensions></trkpt>
      <trkpt lon="-82.155027" lat="33.556075"><ele>80.655382</ele><time>2025-09-14T15:05:25Z</time><extensions><speed>1.354173</speed><course>193.267302</course><hAcc>1.086847</hAcc><vAcc>0.756880</vAcc></extensions></trkpt>
      <trkpt lon="-82.155030" lat="33.556063"><ele>80.741688</ele><time>2025-09-14T15:05:26Z</time><extensions><speed>1.317005</speed><course>190.927263</course><hAcc>1.090537</hAcc><vAcc>0.756827</vAcc></extensions></trkpt>
      <trkpt lon="-82.155033" lat="33.556052"><ele>80.815887</ele><time>2025-09-14T15:05:27Z</time><extensions><speed>1.243564</speed><course>189.377435</course><hAcc>1.092890</hAcc><vAcc>0.756792</vAcc></extensions></trkpt>
      <trkpt lon="-82.155035" lat="33.556041"><ele>80.892288</ele><time>2025-09-14T15:05:28Z</time><extensions><speed>1.220562</speed><course>187.735468</course><hAcc>1.094056</hAcc><vAcc>0.756769</vAcc></extensions></trkpt>
      <trkpt lon="-82.155037" lat="33.556030"><ele>80.969366</ele><time>2025-09-14T15:05:29Z</time><extensions><speed>1.261671</speed><course>188.166838</course><hAcc>1.092005</hAcc><vAcc>0.756756</vAcc></extensions></trkpt>
      <trkpt lon="-82.155039" lat="33.556018"><ele>81.031815</ele><time>2025-09-14T15:05:30Z</time><extensions><speed>1.386323</speed><course>191.813777</course><hAcc>1.091696</hAcc><vAcc>0.756748</vAcc></extensions></trkpt>
      <trkpt lon="-82.155043" lat="33.556006"><ele>81.095189</ele><time>2025-09-14T15:05:31Z</time><extensions><speed>1.386352</speed><course>196.303057</course><hAcc>1.092809</hAcc><vAcc>0.756745</vAcc></extensions></trkpt>
      <trkpt lon="-82.155047" lat="33.555994"><ele>81.142300</ele><time>2025-09-14T15:05:32Z</time><extensions><speed>1.364979</speed><course>198.546849</course><hAcc>1.080835</hAcc><vAcc>0.756841</vAcc></extensions></trkpt>
      <trkpt lon="-82.155052" lat="33.555982"><ele>81.181996</ele><time>2025-09-14T15:05:33Z</time><extensions><speed>1.382713</speed><course>199.791081</course><hAcc>1.073940</hAcc><vAcc>0.757071</vAcc></extensions></trkpt>
      <trkpt lon="-82.155057" lat="33.555971"><ele>81.215602</ele><time>2025-09-14T15:05:34Z</time><extensions><speed>1.412118</speed><course>199.564838</course><hAcc>1.073456</hAcc><vAcc>0.757781</vAcc></extensions></trkpt>
      <trkpt lon="-82.155063" lat="33.555958"><ele>81.243731</ele><time>2025-09-14T15:05:35Z</time><extensions><speed>1.455538</speed><course>201.232120</course><hAcc>1.068628</hAcc><vAcc>0.758515</vAcc></extensions></trkpt>
      <trkpt lon="-82.155069" lat="33.555947"><ele>81.265981</ele><time>2025-09-14T15:05:36Z</time><extensions><speed>1.441246</speed><course>206.717038</course><hAcc>1.073217</hAcc><vAcc>0.759316</vAcc></extensions></trkpt>
      <trkpt lon="-82.155076" lat="33.555936"><ele>81.283440</ele><time>2025-09-14T15:05:37Z</time><extensions><speed>1.344320</speed><course>210.812538</course><hAcc>1.105537</hAcc><vAcc>0.760503</vAcc></extensions></trkpt>
      <trkpt lon="-82.155083" lat="33.555925"><ele>81.294398</ele><time>2025-09-14T15:05:38Z</time><extensions><speed>1.337999</speed><course>207.391467</course><hAcc>1.103977</hAcc><vAcc>0.761715</vAcc></extensions></trkpt>
      <trkpt lon="-82.155089" lat="33.555914"><ele>81.299698</ele><time>2025-09-14T15:05:39Z</time><extensions><speed>1.386425</speed><course>202.647352</course><hAcc>1.127897</hAcc><vAcc>0.762925</vAcc></extensions></trkpt>
      <trkpt lon="-82.155095" lat="33.555902"><ele>81.294045</ele><time>2025-09-14T15:05:40Z</time><extensions><speed>1.430026</speed><course>198.945886</course><hAcc>1.152420</hAcc><vAcc>0.764203</vAcc></extensions></trkpt>
      <trkpt lon="-82.155099" lat="33.555890"><ele>81.296242</ele><time>2025-09-14T15:05:41Z</time><extensions><speed>1.446343</speed><course>196.190878</course><hAcc>1.175483</hAcc><vAcc>0.765479</vAcc></extensions></trkpt>
      <trkpt lon="-82.155103" lat="33.555877"><ele>81.304339</ele><time>2025-09-14T15:05:42Z</time><extensions><speed>1.384951</speed><course>195.429611</course><hAcc>1.186510</hAcc><vAcc>0.766651</vAcc></extensions></trkpt>
      <trkpt lon="-82.155108" lat="33.555866"><ele>81.302893</ele><time>2025-09-14T15:05:43Z</time><extensions><speed>1.328298</speed><course>196.841286</course><hAcc>1.204070</hAcc><vAcc>0.767589</vAcc></extensions></trkpt>
      <trkpt lon="-82.155112" lat="33.555854"><ele>81.302233</ele><time>2025-09-14T15:05:44Z</time><extensions><speed>1.250582</speed><course>199.495691</course><hAcc>1.229351</hAcc><vAcc>0.768220</vAcc></extensions></trkpt>
      <trkpt lon="-82.155116" lat="33.555844"><ele>81.312284</ele><time>2025-09-14T15:05:45Z</time><extensions><speed>1.221707</speed><course>198.279103</course><hAcc>1.215134</hAcc><vAcc>0.768361</vAcc></extensions></trkpt>
      <trkpt lon="-82.155120" lat="33.555833"><ele>81.337481</ele><time>2025-09-14T15:05:46Z</time><extensions><speed>1.274087</speed><course>196.570395</course><hAcc>1.214350</hAcc><vAcc>0.768068</vAcc></extensions></trkpt>
      <trkpt lon="-82.155124" lat="33.555822"><ele>81.367676</ele><time>2025-09-14T15:05:47Z</time><extensions><speed>1.285302</speed><course>196.042804</course><hAcc>1.220883</hAcc><vAcc>0.767358</vAcc></extensions></trkpt>
      <trkpt lon="-82.155128" lat="33.555811"><ele>81.405309</ele><time>2025-09-14T15:05:48Z</time><extensions><speed>1.259647</speed><course>197.471933</course><hAcc>1.220186</hAcc><vAcc>0.766336</vAcc></extensions></trkpt>
      <trkpt lon="-82.155132" lat="33.555801"><ele>81.450388</ele><time>2025-09-14T15:05:49Z</time><extensions><speed>1.196854</speed><course>196.232592</course><hAcc>1.213698</hAcc><vAcc>0.765127</vAcc></extensions></trkpt>
      <trkpt lon="-82.155136" lat="33.555790"><ele>81.503196</ele><time>2025-09-14T15:05:50Z</time><extensions><speed>1.243139</speed><course>196.228484</course><hAcc>1.203564</hAcc><vAcc>0.763861</vAcc></extensions></trkpt>
      <trkpt lon="-82.155139" lat="33.555779"><ele>81.557365</ele><time>2025-09-14T15:05:51Z</time><extensions><speed>1.376598</speed><course>194.683832</course><hAcc>1.198166</hAcc><vAcc>0.762641</vAcc></extensions></trkpt>
      <trkpt lon="-82.155143" lat="33.555766"><ele>81.627165</ele><time>2025-09-14T15:05:52Z</time><extensions><speed>1.432660</speed><course>193.144485</course><hAcc>1.194898</hAcc><vAcc>0.761535</vAcc></extensions></trkpt>
      <trkpt lon="-82.155146" lat="33.555754"><ele>81.687495</ele><time>2025-09-14T15:05:53Z</time><extensions><speed>1.361754</speed><course>193.629841</course><hAcc>1.207952</hAcc><vAcc>0.760567</vAcc></extensions></trkpt>
      <trkpt lon="-82.155150" lat="33.555742"><ele>81.754898</ele><time>2025-09-14T15:05:54Z</time><extensions><speed>1.321404</speed><course>194.791799</course><hAcc>1.195695</hAcc><vAcc>0.759746</vAcc></extensions></trkpt>
      <trkpt lon="-82.155154" lat="33.555731"><ele>81.835057</ele><time>2025-09-14T15:05:55Z</time><extensions><speed>1.244974</speed><course>195.251129</course><hAcc>1.197471</hAcc><vAcc>0.759065</vAcc></extensions></trkpt>
      <trkpt lon="-82.155157" lat="33.555720"><ele>81.928536</ele><time>2025-09-14T15:05:56Z</time><extensions><speed>1.193128</speed><course>195.681475</course><hAcc>1.206392</hAcc><vAcc>0.758509</vAcc></extensions></trkpt>
      <trkpt lon="-82.155161" lat="33.555710"><ele>82.002731</ele><time>2025-09-14T15:05:57Z</time><extensions><speed>1.162525</speed><course>199.351166</course><hAcc>1.209971</hAcc><vAcc>0.758065</vAcc></extensions></trkpt>
      <trkpt lon="-82.155165" lat="33.555700"><ele>82.081362</ele><time>2025-09-14T15:05:58Z</time><extensions><speed>1.190634</speed><course>202.411742</course><hAcc>1.207372</hAcc><vAcc>0.757717</vAcc></extensions></trkpt>
      <trkpt lon="-82.155170" lat="33.555690"><ele>82.154944</ele><time>2025-09-14T15:05:59Z</time><extensions><speed>1.283083</speed><course>202.714096</course><hAcc>1.204727</hAcc><vAcc>0.757451</vAcc></extensions></trkpt>
      <trkpt lon="-82.155176" lat="33.555679"><ele>82.223465</ele><time>2025-09-14T15:06:00Z</time><extensions><speed>1.368773</speed><course>202.243846</course><hAcc>1.203845</hAcc><vAcc>0.757252</vAcc></extensions></trkpt>
      <trkpt lon="-82.155181" lat="33.555668"><ele>82.291955</ele><time>2025-09-14T15:06:01Z</time><extensions><speed>1.380650</speed><course>201.409871</course><hAcc>1.205869</hAcc><vAcc>0.757106</vAcc></extensions></trkpt>
      <trkpt lon="-82.155186" lat="33.555656"><ele>82.351387</ele><time>2025-09-14T15:06:02Z</time><extensions><speed>1.364181</speed><course>198.123929</course><hAcc>1.204679</hAcc><vAcc>0.757001</vAcc></extensions></trkpt>
      <trkpt lon="-82.155191" lat="33.555644"><ele>82.407406</ele><time>2025-09-14T15:06:03Z</time><extensions><speed>1.354646</speed><course>194.971526</course><hAcc>1.202205</hAcc><vAcc>0.756926</vAcc></extensions></trkpt>
      <trkpt lon="-82.155194" lat="33.555632"><ele>82.455154</ele><time>2025-09-14T15:06:04Z</time><extensions><speed>1.378817</speed><course>193.217973</course><hAcc>1.203873</hAcc><vAcc>0.756873</vAcc></extensions></trkpt>
      <trkpt lon="-82.155197" lat="33.555620"><ele>82.475902</ele><time>2025-09-14T15:06:05Z</time><extensions><speed>1.368353</speed><course>192.296822</course><hAcc>1.202328</hAcc><vAcc>0.756836</vAcc></extensions></trkpt>
      <trkpt lon="-82.155201" lat="33.555608"><ele>82.490786</ele><time>2025-09-14T15:06:06Z</time><extensions><speed>1.303670</speed><course>193.760097</course><hAcc>1.185944</hAcc><vAcc>0.756810</vAcc></extensions></trkpt>
      <trkpt lon="-82.155204" lat="33.555597"><ele>82.486122</ele><time>2025-09-14T15:06:07Z</time><extensions><speed>1.292022</speed><course>195.876107</course><hAcc>1.172452</hAcc><vAcc>0.756793</vAcc></extensions></trkpt>
      <trkpt lon="-82.155208" lat="33.555586"><ele>82.475241</ele><time>2025-09-14T15:06:08Z</time><extensions><speed>1.328812</speed><course>195.855269</course><hAcc>1.167162</hAcc><vAcc>0.756922</vAcc></extensions></trkpt>
      <trkpt lon="-82.155212" lat="33.555574"><ele>82.451013</ele><time>2025-09-14T15:06:09Z</time><extensions><speed>1.432946</speed><course>193.067709</course><hAcc>1.154002</hAcc><vAcc>0.757220</vAcc></extensions></trkpt>
      <trkpt lon="-82.155215" lat="33.555560"><ele>82.409376</ele><time>2025-09-14T15:06:10Z</time><extensions><speed>1.518865</speed><course>190.525516</course><hAcc>1.151704</hAcc><vAcc>0.757800</vAcc></extensions></trkpt>
      <trkpt lon="-82.155218" lat="33.555547"><ele>82.358448</ele><time>2025-09-14T15:06:11Z</time><extensions><speed>1.403239</speed><course>189.158993</course><hAcc>1.188664</hAcc><vAcc>0.758520</vAcc></extensions></trkpt>
      <trkpt lon="-82.155221" lat="33.555534"><ele>82.302771</ele><time>2025-09-14T15:06:12Z</time><extensions><speed>1.521570</speed><course>190.462064</course><hAcc>1.161129</hAcc><vAcc>0.759254</vAcc></extensions></trkpt>
      <trkpt lon="-82.155224" lat="33.555521"><ele>82.235116</ele><time>2025-09-14T15:06:13Z</time><extensions><speed>1.541283</speed><course>192.793359</course><hAcc>1.166412</hAcc><vAcc>0.760037</vAcc></extensions></trkpt>
      <trkpt lon="-82.155228" lat="33.555508"><ele>82.165826</ele><time>2025-09-14T15:06:14Z</time><extensions><speed>1.482934</speed><course>195.013377</course><hAcc>1.188174</hAcc><vAcc>0.761129</vAcc></extensions></trkpt>
      <trkpt lon="-82.155232" lat="33.555495"><ele>82.098499</ele><time>2025-09-14T15:06:15Z</time><extensions><speed>1.387152</speed><course>197.117027</course><hAcc>1.205635</hAcc><vAcc>0.762633</vAcc></extensions></trkpt>
      <trkpt lon="-82.155237" lat="33.555484"><ele>82.029238</ele><time>2025-09-14T15:06:16Z</time><extensions><speed>1.319858</speed><course>199.531439</course><hAcc>1.228986</hAcc><vAcc>0.764398</vAcc></extensions></trkpt>
      <trkpt lon="-82.155241" lat="33.555472"><ele>81.967966</ele><time>2025-09-14T15:06:17Z</time><extensions><speed>1.335713</speed><course>199.557389</course><hAcc>1.247194</hAcc><vAcc>0.766249</vAcc></extensions></trkpt>
      <trkpt lon="-82.155246" lat="33.555461"><ele>81.905223</ele><time>2025-09-14T15:06:18Z</time><extensions><speed>1.371950</speed><course>199.182445</course><hAcc>1.261259</hAcc><vAcc>0.767798</vAcc></extensions></trkpt>
      <trkpt lon="-82.155251" lat="33.555449"><ele>81.835973</ele><time>2025-09-14T15:06:19Z</time><extensions><speed>1.330828</speed><course>199.613859</course><hAcc>1.269262</hAcc><vAcc>0.769211</vAcc></extensions></trkpt>
      <trkpt lon="-82.155256" lat="33.555438"><ele>81.751373</ele><time>2025-09-14T15:06:20Z</time><extensions><speed>1.319558</speed><course>198.561995</course><hAcc>1.275152</hAcc><vAcc>0.770379</vAcc></extensions></trkpt>
      <trkpt lon="-82.155260" lat="33.555427"><ele>81.648058</ele><time>2025-09-14T15:06:21Z</time><extensions><speed>1.331334</speed><course>198.715463</course><hAcc>1.282252</hAcc><vAcc>0.771228</vAcc></extensions></trkpt>
      <trkpt lon="-82.155265" lat="33.555416"><ele>81.555711</ele><time>2025-09-14T15:06:22Z</time><extensions><speed>1.267106</speed><course>199.942229</course><hAcc>1.287058</hAcc><vAcc>0.771732</vAcc></extensions></trkpt>
      <trkpt lon="-82.155270" lat="33.555405"><ele>81.456189</ele><time>2025-09-14T15:06:23Z</time><extensions><speed>1.203654</speed><course>201.209576</course><hAcc>1.291153</hAcc><vAcc>0.772046</vAcc></extensions></trkpt>
      <trkpt lon="-82.155275" lat="33.555396"><ele>81.373402</ele><time>2025-09-14T15:06:24Z</time><extensions><speed>1.144393</speed><course>204.932708</course><hAcc>1.292719</hAcc><vAcc>0.772165</vAcc></extensions></trkpt>
      <trkpt lon="-82.155281" lat="33.555386"><ele>81.297954</ele><time>2025-09-14T15:06:25Z</time><extensions><speed>1.219272</speed><course>209.826544</course><hAcc>1.289520</hAcc><vAcc>0.771811</vAcc></extensions></trkpt>
      <trkpt lon="-82.155288" lat="33.555376"><ele>81.229362</ele><time>2025-09-14T15:06:26Z</time><extensions><speed>1.368024</speed><course>211.965133</course><hAcc>1.305289</hAcc><vAcc>0.771847</vAcc></extensions></trkpt>
      <trkpt lon="-82.155296" lat="33.555365"><ele>81.160500</ele><time>2025-09-14T15:06:27Z</time><extensions><speed>1.458218</speed><course>214.007782</course><hAcc>1.307554</hAcc><vAcc>0.771809</vAcc></extensions></trkpt>
      <trkpt lon="-82.155305" lat="33.555355"><ele>81.106689</ele><time>2025-09-14T15:06:28Z</time><extensions><speed>1.433134</speed><course>215.223293</course><hAcc>1.303315</hAcc><vAcc>0.771796</vAcc></extensions></trkpt>
      <trkpt lon="-82.155313" lat="33.555344"><ele>81.051824</ele><time>2025-09-14T15:06:29Z</time><extensions><speed>1.303839</speed><course>214.028649</course><hAcc>1.299520</hAcc><vAcc>0.772175</vAcc></extensions></trkpt>
      <trkpt lon="-82.155321" lat="33.555334"><ele>81.008423</ele><time>2025-09-14T15:06:30Z</time><extensions><speed>1.318110</speed><course>211.437027</course><hAcc>1.289810</hAcc><vAcc>0.772959</vAcc></extensions></trkpt>
      <trkpt lon="-82.155328" lat="33.555324"><ele>80.976254</ele><time>2025-09-14T15:06:31Z</time><extensions><speed>1.372353</speed><course>209.433905</course><hAcc>1.287167</hAcc><vAcc>0.773880</vAcc></extensions></trkpt>
      <trkpt lon="-82.155336" lat="33.555313"><ele>80.961170</ele><time>2025-09-14T15:06:32Z</time><extensions><speed>1.466212</speed><course>207.484926</course><hAcc>1.301748</hAcc><vAcc>0.774928</vAcc></extensions></trkpt>
      <trkpt lon="-82.155343" lat="33.555300"><ele>80.969735</ele><time>2025-09-14T15:06:33Z</time><extensions><speed>1.608204</speed><course>206.351235</course><hAcc>1.299629</hAcc><vAcc>0.776208</vAcc></extensions></trkpt>
      <trkpt lon="-82.155351" lat="33.555287"><ele>81.002169</ele><time>2025-09-14T15:06:34Z</time><extensions><speed>1.742184</speed><course>205.683743</course><hAcc>1.288693</hAcc><vAcc>0.777562</vAcc></extensions></trkpt>
      <trkpt lon="-82.155360" lat="33.555273"><ele>81.042558</ele><time>2025-09-14T15:06:35Z</time><extensions><speed>1.732042</speed><course>208.199965</course><hAcc>1.283520</hAcc><vAcc>0.778789</vAcc></extensions></trkpt>
      <trkpt lon="-82.155368" lat="33.555260"><ele>81.092799</ele><time>2025-09-14T15:06:36Z</time><extensions><speed>1.506446</speed><course>210.786785</course><hAcc>1.296070</hAcc><vAcc>0.779660</vAcc></extensions></trkpt>
      <trkpt lon="-82.155376" lat="33.555249"><ele>81.148603</ele><time>2025-09-14T15:06:37Z</time><extensions><speed>1.448010</speed><course>211.856649</course><hAcc>1.271473</hAcc><vAcc>0.779954</vAcc></extensions></trkpt>
      <trkpt lon="-82.155384" lat="33.555237"><ele>81.212840</ele><time>2025-09-14T15:06:38Z</time><extensions><speed>1.451238</speed><course>210.556632</course><hAcc>1.261459</hAcc><vAcc>0.779799</vAcc></extensions></trkpt>
      <trkpt lon="-82.155392" lat="33.555226"><ele>81.269596</ele><time>2025-09-14T15:06:39Z</time><extensions><speed>1.514405</speed><course>207.738542</course><hAcc>1.257664</hAcc><vAcc>0.778786</vAcc></extensions></trkpt>
      <trkpt lon="-82.155400" lat="33.555213"><ele>81.353791</ele><time>2025-09-14T15:06:40Z</time><extensions><speed>1.552540</speed><course>206.581272</course><hAcc>1.252878</hAcc><vAcc>0.777230</vAcc></extensions></trkpt>
      <trkpt lon="-82.155407" lat="33.555201"><ele>81.439022</ele><time>2025-09-14T15:06:41Z</time><extensions><speed>1.524350</speed><course>206.319098</course><hAcc>1.244382</hAcc><vAcc>0.775267</vAcc></extensions></trkpt>
      <trkpt lon="-82.155414" lat="33.555189"><ele>81.509425</ele><time>2025-09-14T15:06:42Z</time><extensions><speed>1.502549</speed><course>206.819372</course><hAcc>1.235687</hAcc><vAcc>0.773368</vAcc></extensions></trkpt>
      <trkpt lon="-82.155422" lat="33.555177"><ele>81.584172</ele><time>2025-09-14T15:06:43Z</time><extensions><speed>1.413028</speed><course>207.536916</course><hAcc>1.228909</hAcc><vAcc>0.771642</vAcc></extensions></trkpt>
      <trkpt lon="-82.155428" lat="33.555166"><ele>81.659596</ele><time>2025-09-14T15:06:44Z</time><extensions><speed>1.289187</speed><course>208.178730</course><hAcc>1.225586</hAcc><vAcc>0.770097</vAcc></extensions></trkpt>
      <trkpt lon="-82.155435" lat="33.555156"><ele>81.741978</ele><time>2025-09-14T15:06:45Z</time><extensions><speed>1.172386</speed><course>207.565936</course><hAcc>1.225744</hAcc><vAcc>0.768761</vAcc></extensions></trkpt>
      <trkpt lon="-82.155440" lat="33.555147"><ele>81.817108</ele><time>2025-09-14T15:06:46Z</time><extensions><speed>1.172551</speed><course>204.932697</course><hAcc>1.231525</hAcc><vAcc>0.767788</vAcc></extensions></trkpt>
      <trkpt lon="-82.155446" lat="33.555137"><ele>81.892470</ele><time>2025-09-14T15:06:47Z</time><extensions><speed>1.241736</speed><course>203.809998</course><hAcc>1.238742</hAcc><vAcc>0.767148</vAcc></extensions></trkpt>
      <trkpt lon="-82.155451" lat="33.555127"><ele>81.976044</ele><time>2025-09-14T15:06:48Z</time><extensions><speed>1.301944</speed><course>206.295110</course><hAcc>1.243122</hAcc><vAcc>0.766763</vAcc></extensions></trkpt>
      <trkpt lon="-82.155458" lat="33.555116"><ele>82.050259</ele><time>2025-09-14T15:06:49Z</time><extensions><speed>1.349214</speed><course>208.925365</course><hAcc>1.242337</hAcc><vAcc>0.766531</vAcc></extensions></trkpt>
      <trkpt lon="-82.155465" lat="33.555105"><ele>82.116892</ele><time>2025-09-14T15:06:50Z</time><extensions><speed>1.333837</speed><course>206.472814</course><hAcc>1.248043</hAcc><vAcc>0.766355</vAcc></extensions></trkpt>
      <trkpt lon="-82.155471" lat="33.555095"><ele>82.175283</ele><time>2025-09-14T15:06:51Z</time><extensions><speed>1.229234</speed><course>204.623787</course><hAcc>1.254464</hAcc><vAcc>0.766135</vAcc></extensions></trkpt>
      <trkpt lon="-82.155476" lat="33.555085"><ele>82.237661</ele><time>2025-09-14T15:06:52Z</time><extensions><speed>1.183000</speed><course>203.510589</course><hAcc>1.239887</hAcc><vAcc>0.765772</vAcc></extensions></trkpt>
      <trkpt lon="-82.155481" lat="33.555075"><ele>82.296693</ele><time>2025-09-14T15:06:53Z</time><extensions><speed>1.177212</speed><course>203.484937</course><hAcc>1.240134</hAcc><vAcc>0.765195</vAcc></extensions></trkpt>
      <trkpt lon="-82.155486" lat="33.555065"><ele>82.356805</ele><time>2025-09-14T15:06:54Z</time><extensions><speed>1.260270</speed><course>203.471354</course><hAcc>1.231805</hAcc><vAcc>0.764524</vAcc></extensions></trkpt>
      <trkpt lon="-82.155492" lat="33.555054"><ele>82.393668</ele><time>2025-09-14T15:06:55Z</time><extensions><speed>1.324380</speed><course>203.352799</course><hAcc>1.220374</hAcc><vAcc>0.763902</vAcc></extensions></trkpt>
      <trkpt lon="-82.155498" lat="33.555043"><ele>82.432754</ele><time>2025-09-14T15:06:56Z</time><extensions><speed>1.364064</speed><course>203.114832</course><hAcc>1.217999</hAcc><vAcc>0.763309</vAcc></extensions></trkpt>
      <trkpt lon="-82.155503" lat="33.555032"><ele>82.442686</ele><time>2025-09-14T15:06:57Z</time><extensions><speed>1.365115</speed><course>203.929803</course><hAcc>1.215624</hAcc><vAcc>0.762999</vAcc></extensions></trkpt>
      <trkpt lon="-82.155510" lat="33.555021"><ele>82.432386</ele><time>2025-09-14T15:06:58Z</time><extensions><speed>1.325192</speed><course>206.799112</course><hAcc>1.218680</hAcc><vAcc>0.762611</vAcc></extensions></trkpt>
      <trkpt lon="-82.155516" lat="33.555011"><ele>82.424579</ele><time>2025-09-14T15:06:59Z</time><extensions><speed>1.217043</speed><course>212.501858</course><hAcc>1.229618</hAcc><vAcc>0.762410</vAcc></extensions></trkpt>
      <trkpt lon="-82.155524" lat="33.555002"><ele>82.403588</ele><time>2025-09-14T15:07:00Z</time><extensions><speed>1.222023</speed><course>213.575852</course><hAcc>1.233873</hAcc><vAcc>0.762400</vAcc></extensions></trkpt>
      <trkpt lon="-82.155531" lat="33.554992"><ele>82.376908</ele><time>2025-09-14T15:07:01Z</time><extensions><speed>1.291996</speed><course>211.377759</course><hAcc>1.238097</hAcc><vAcc>0.762559</vAcc></extensions></trkpt>
      <trkpt lon="-82.155538" lat="33.554982"><ele>82.329967</ele><time>2025-09-14T15:07:02Z</time><extensions><speed>1.395371</speed><course>208.069390</course><hAcc>1.251377</hAcc><vAcc>0.762841</vAcc></extensions></trkpt>
      <trkpt lon="-82.155545" lat="33.554970"><ele>82.283620</ele><time>2025-09-14T15:07:03Z</time><extensions><speed>1.498012</speed><course>204.911539</course><hAcc>1.252599</hAcc><vAcc>0.763173</vAcc></extensions></trkpt>
      <trkpt lon="-82.155552" lat="33.554957"><ele>82.237196</ele><time>2025-09-14T15:07:04Z</time><extensions><speed>1.601871</speed><course>205.111592</course><hAcc>1.238998</hAcc><vAcc>0.763460</vAcc></extensions></trkpt>
      <trkpt lon="-82.155560" lat="33.554944"><ele>82.192405</ele><time>2025-09-14T15:07:05Z</time><extensions><speed>1.647651</speed><course>207.103449</course><hAcc>1.218587</hAcc><vAcc>0.763597</vAcc></extensions></trkpt>
      <trkpt lon="-82.155568" lat="33.554931"><ele>82.152025</ele><time>2025-09-14T15:07:06Z</time><extensions><speed>1.618432</speed><course>207.468990</course><hAcc>1.216654</hAcc><vAcc>0.763501</vAcc></extensions></trkpt>
      <trkpt lon="-82.155575" lat="33.554919"><ele>82.108711</ele><time>2025-09-14T15:07:07Z</time><extensions><speed>1.467541</speed><course>205.582718</course><hAcc>1.227337</hAcc><vAcc>0.763140</vAcc></extensions></trkpt>
      <trkpt lon="-82.155582" lat="33.554907"><ele>82.070883</ele><time>2025-09-14T15:07:08Z</time><extensions><speed>1.437014</speed><course>205.659202</course><hAcc>1.190305</hAcc><vAcc>0.762550</vAcc></extensions></trkpt>
      <trkpt lon="-82.155588" lat="33.554895"><ele>82.024996</ele><time>2025-09-14T15:07:09Z</time><extensions><speed>1.392885</speed><course>205.063031</course><hAcc>1.184330</hAcc><vAcc>0.761813</vAcc></extensions></trkpt>
      <trkpt lon="-82.155595" lat="33.554884"><ele>81.974206</ele><time>2025-09-14T15:07:10Z</time><extensions><speed>1.415514</speed><course>204.952187</course><hAcc>1.186475</hAcc><vAcc>0.761020</vAcc></extensions></trkpt>
      <trkpt lon="-82.155601" lat="33.554872"><ele>81.930193</ele><time>2025-09-14T15:07:11Z</time><extensions><speed>1.440795</speed><course>203.291649</course><hAcc>1.180981</hAcc><vAcc>0.760238</vAcc></extensions></trkpt>
      <trkpt lon="-82.155608" lat="33.554860"><ele>81.902401</ele><time>2025-09-14T15:07:12Z</time><extensions><speed>1.471018</speed><course>204.616451</course><hAcc>1.171018</hAcc><vAcc>0.759516</vAcc></extensions></trkpt>
      <trkpt lon="-82.155614" lat="33.554848"><ele>81.875544</ele><time>2025-09-14T15:07:13Z</time><extensions><speed>1.447009</speed><course>207.956340</course><hAcc>1.163453</hAcc><vAcc>0.758881</vAcc></extensions></trkpt>
      <trkpt lon="-82.155622" lat="33.554837"><ele>81.846207</ele><time>2025-09-14T15:07:14Z</time><extensions><speed>1.456782</speed><course>209.523285</course><hAcc>1.154083</hAcc><vAcc>0.758345</vAcc></extensions></trkpt>
      <trkpt lon="-82.155630" lat="33.554826"><ele>81.818139</ele><time>2025-09-14T15:07:15Z</time><extensions><speed>1.391830</speed><course>210.859832</course><hAcc>1.144986</hAcc><vAcc>0.757909</vAcc></extensions></trkpt>
      <trkpt lon="-82.155637" lat="33.554815"><ele>81.791871</ele><time>2025-09-14T15:07:16Z</time><extensions><speed>1.278664</speed><course>213.033567</course><hAcc>1.137467</hAcc><vAcc>0.757566</vAcc></extensions></trkpt>
      <trkpt lon="-82.155645" lat="33.554806"><ele>81.771869</ele><time>2025-09-14T15:07:17Z</time><extensions><speed>1.201824</speed><course>212.595375</course><hAcc>1.131229</hAcc><vAcc>0.757306</vAcc></extensions></trkpt>
      <trkpt lon="-82.155651" lat="33.554797"><ele>81.759659</ele><time>2025-09-14T15:07:18Z</time><extensions><speed>1.236924</speed><course>208.396940</course><hAcc>1.125849</hAcc><vAcc>0.757114</vAcc></extensions></trkpt>
      <trkpt lon="-82.155657" lat="33.554786"><ele>81.767148</ele><time>2025-09-14T15:07:19Z</time><extensions><speed>1.313564</speed><course>205.157012</course><hAcc>1.116918</hAcc><vAcc>0.756977</vAcc></extensions></trkpt>
      <trkpt lon="-82.155664" lat="33.554775"><ele>81.783995</ele><time>2025-09-14T15:07:20Z</time><extensions><speed>1.373990</speed><course>205.103853</course><hAcc>1.110875</hAcc><vAcc>0.756883</vAcc></extensions></trkpt>
      <trkpt lon="-82.155670" lat="33.554764"><ele>81.797956</ele><time>2025-09-14T15:07:21Z</time><extensions><speed>1.415146</speed><course>205.041971</course><hAcc>1.115102</hAcc><vAcc>0.756822</vAcc></extensions></trkpt>
      <trkpt lon="-82.155676" lat="33.554752"><ele>81.819363</ele><time>2025-09-14T15:07:22Z</time><extensions><speed>1.436405</speed><course>204.947715</course><hAcc>1.120531</hAcc><vAcc>0.756783</vAcc></extensions></trkpt>
      <trkpt lon="-82.155683" lat="33.554741"><ele>81.840777</ele><time>2025-09-14T15:07:23Z</time><extensions><speed>1.367207</speed><course>206.882175</course><hAcc>1.124081</hAcc><vAcc>0.756761</vAcc></extensions></trkpt>
      <trkpt lon="-82.155689" lat="33.554730"><ele>81.869070</ele><time>2025-09-14T15:07:24Z</time><extensions><speed>1.244572</speed><course>207.733648</course><hAcc>1.128406</hAcc><vAcc>0.756749</vAcc></extensions></trkpt>
      <trkpt lon="-82.155696" lat="33.554721"><ele>81.904195</ele><time>2025-09-14T15:07:25Z</time><extensions><speed>1.228771</speed><course>206.896312</course><hAcc>1.124298</hAcc><vAcc>0.756743</vAcc></extensions></trkpt>
      <trkpt lon="-82.155702" lat="33.554710"><ele>81.944417</ele><time>2025-09-14T15:07:26Z</time><extensions><speed>1.315863</speed><course>208.200128</course><hAcc>1.124168</hAcc><vAcc>0.756742</vAcc></extensions></trkpt>
      <trkpt lon="-82.155709" lat="33.554700"><ele>81.987779</ele><time>2025-09-14T15:07:27Z</time><extensions><speed>1.417256</speed><course>209.930755</course><hAcc>1.118666</hAcc><vAcc>0.756742</vAcc></extensions></trkpt>
      <trkpt lon="-82.155717" lat="33.554688"><ele>82.021081</ele><time>2025-09-14T15:07:28Z</time><extensions><speed>1.479973</speed><course>214.122266</course><hAcc>1.118979</hAcc><vAcc>0.756743</vAcc></extensions></trkpt>
      <trkpt lon="-82.155727" lat="33.554678"><ele>82.048347</ele><time>2025-09-14T15:07:29Z</time><extensions><speed>1.386951</speed><course>221.219872</course><hAcc>1.150386</hAcc><vAcc>0.756846</vAcc></extensions></trkpt>
      <trkpt lon="-82.155737" lat="33.554669"><ele>82.081017</ele><time>2025-09-14T15:07:30Z</time><extensions><speed>1.343641</speed><course>223.861241</course><hAcc>1.126010</hAcc><vAcc>0.756893</vAcc></extensions></trkpt>
      <trkpt lon="-82.155746" lat="33.554661"><ele>82.111447</ele><time>2025-09-14T15:07:31Z</time><extensions><speed>1.244752</speed><course>221.874193</course><hAcc>1.139168</hAcc><vAcc>0.757007</vAcc></extensions></trkpt>
      <trkpt lon="-82.155755" lat="33.554652"><ele>82.142273</ele><time>2025-09-14T15:07:32Z</time><extensions><speed>1.384361</speed><course>219.197137</course><hAcc>1.164511</hAcc><vAcc>0.757423</vAcc></extensions></trkpt>
      <trkpt lon="-82.155765" lat="33.554642"><ele>82.172523</ele><time>2025-09-14T15:07:33Z</time><extensions><speed>1.409728</speed><course>216.641446</course><hAcc>1.189104</hAcc><vAcc>0.758052</vAcc></extensions></trkpt>
      <trkpt lon="-82.155773" lat="33.554631"><ele>82.203812</ele><time>2025-09-14T15:07:34Z</time><extensions><speed>1.414894</speed><course>213.922195</course><hAcc>1.210337</hAcc><vAcc>0.758873</vAcc></extensions></trkpt>
      <trkpt lon="-82.155782" lat="33.554620"><ele>82.217545</ele><time>2025-09-14T15:07:35Z</time><extensions><speed>1.481153</speed><course>212.279451</course><hAcc>1.226301</hAcc><vAcc>0.760002</vAcc></extensions></trkpt>
      <trkpt lon="-82.155791" lat="33.554609"><ele>82.227439</ele><time>2025-09-14T15:07:36Z</time><extensions><speed>1.488519</speed><course>212.599801</course><hAcc>1.241313</hAcc><vAcc>0.761152</vAcc></extensions></trkpt>
      <trkpt lon="-82.155799" lat="33.554597"><ele>82.248452</ele><time>2025-09-14T15:07:37Z</time><extensions><speed>1.497253</speed><course>211.059386</course><hAcc>1.253897</hAcc><vAcc>0.762279</vAcc></extensions></trkpt>
      <trkpt lon="-82.155807" lat="33.554586"><ele>82.271781</ele><time>2025-09-14T15:07:38Z</time><extensions><speed>1.424981</speed><course>208.688885</course><hAcc>1.257279</hAcc><vAcc>0.763554</vAcc></extensions></trkpt>
      <trkpt lon="-82.155814" lat="33.554575"><ele>82.299148</ele><time>2025-09-14T15:07:39Z</time><extensions><speed>1.346128</speed><course>207.468023</course><hAcc>1.257844</hAcc><vAcc>0.764814</vAcc></extensions></trkpt>
      <trkpt lon="-82.155821" lat="33.554564"><ele>82.316310</ele><time>2025-09-14T15:07:40Z</time><extensions><speed>1.341595</speed><course>207.532261</course><hAcc>1.264235</hAcc><vAcc>0.766026</vAcc></extensions></trkpt>
      <trkpt lon="-82.155827" lat="33.554554"><ele>82.322441</ele><time>2025-09-14T15:07:41Z</time><extensions><speed>1.340679</speed><course>207.910845</course><hAcc>1.269941</hAcc><vAcc>0.767286</vAcc></extensions></trkpt>
      <trkpt lon="-82.155834" lat="33.554543"><ele>82.330363</ele><time>2025-09-14T15:07:42Z</time><extensions><speed>1.404336</speed><course>208.706990</course><hAcc>1.277516</hAcc><vAcc>0.768712</vAcc></extensions></trkpt>
      <trkpt lon="-82.155842" lat="33.554531"><ele>82.345980</ele><time>2025-09-14T15:07:43Z</time><extensions><speed>1.459042</speed><course>210.062234</course><hAcc>1.282626</hAcc><vAcc>0.770584</vAcc></extensions></trkpt>
      <trkpt lon="-82.155850" lat="33.554520"><ele>82.355575</ele><time>2025-09-14T15:07:44Z</time><extensions><speed>1.496483</speed><course>211.965919</course><hAcc>1.286379</hAcc><vAcc>0.772212</vAcc></extensions></trkpt>
      <trkpt lon="-82.155859" lat="33.554509"><ele>82.352045</ele><time>2025-09-14T15:07:45Z</time><extensions><speed>1.482081</speed><course>211.732465</course><hAcc>1.292302</hAcc><vAcc>0.773877</vAcc></extensions></trkpt>
      <trkpt lon="-82.155866" lat="33.554498"><ele>82.343488</ele><time>2025-09-14T15:07:46Z</time><extensions><speed>1.343839</speed><course>209.127356</course><hAcc>1.301126</hAcc><vAcc>0.776205</vAcc></extensions></trkpt>
      <trkpt lon="-82.155873" lat="33.554487"><ele>82.335729</ele><time>2025-09-14T15:07:47Z</time><extensions><speed>1.314360</speed><course>204.652942</course><hAcc>1.301666</hAcc><vAcc>0.778609</vAcc></extensions></trkpt>
      <trkpt lon="-82.155878" lat="33.554476"><ele>82.314054</ele><time>2025-09-14T15:07:48Z</time><extensions><speed>1.348821</speed><course>200.371790</course><hAcc>1.308874</hAcc><vAcc>0.781081</vAcc></extensions></trkpt>
      <trkpt lon="-82.155883" lat="33.554464"><ele>82.278201</ele><time>2025-09-14T15:07:49Z</time><extensions><speed>1.434006</speed><course>199.130528</course><hAcc>1.314504</hAcc><vAcc>0.784240</vAcc></extensions></trkpt>
      <trkpt lon="-82.155888" lat="33.554452"><ele>82.219650</ele><time>2025-09-14T15:07:50Z</time><extensions><speed>1.453126</speed><course>198.205790</course><hAcc>1.320519</hAcc><vAcc>0.787769</vAcc></extensions></trkpt>
      <trkpt lon="-82.155893" lat="33.554439"><ele>82.137771</ele><time>2025-09-14T15:07:51Z</time><extensions><speed>1.443428</speed><course>195.762578</course><hAcc>1.317667</hAcc><vAcc>0.791757</vAcc></extensions></trkpt>
      <trkpt lon="-82.155896" lat="33.554427"><ele>82.061588</ele><time>2025-09-14T15:07:52Z</time><extensions><speed>1.341989</speed><course>193.481622</course><hAcc>1.316608</hAcc><vAcc>0.795501</vAcc></extensions></trkpt>
      <trkpt lon="-82.155899" lat="33.554415"><ele>81.989575</ele><time>2025-09-14T15:07:53Z</time><extensions><speed>1.328028</speed><course>190.118088</course><hAcc>1.310105</hAcc><vAcc>0.799340</vAcc></extensions></trkpt>
      <trkpt lon="-82.155901" lat="33.554403"><ele>81.890616</ele><time>2025-09-14T15:07:54Z</time><extensions><speed>1.338633</speed><course>182.400506</course><hAcc>1.296021</hAcc><vAcc>0.802518</vAcc></extensions></trkpt>
      <trkpt lon="-82.155900" lat="33.554391"><ele>81.772664</ele><time>2025-09-14T15:07:55Z</time><extensions><speed>1.464057</speed><course>175.332695</course><hAcc>1.291752</hAcc><vAcc>0.804444</vAcc></extensions></trkpt>
      <trkpt lon="-82.155899" lat="33.554378"><ele>81.656202</ele><time>2025-09-14T15:07:56Z</time><extensions><speed>1.435038</speed><course>172.621496</course><hAcc>1.315383</hAcc><vAcc>0.805584</vAcc></extensions></trkpt>
      <trkpt lon="-82.155896" lat="33.554365"><ele>81.563826</ele><time>2025-09-14T15:07:57Z</time><extensions><speed>1.468891</speed><course>166.879058</course><hAcc>1.299924</hAcc><vAcc>0.805825</vAcc></extensions></trkpt>
      <trkpt lon="-82.155892" lat="33.554352"><ele>81.476390</ele><time>2025-09-14T15:07:58Z</time><extensions><speed>1.425415</speed><course>160.875444</course><hAcc>1.300823</hAcc><vAcc>0.804963</vAcc></extensions></trkpt>
      <trkpt lon="-82.155886" lat="33.554341"><ele>81.386170</ele><time>2025-09-14T15:07:59Z</time><extensions><speed>1.371244</speed><course>152.259517</course><hAcc>1.301727</hAcc><vAcc>0.803313</vAcc></extensions></trkpt>
      <trkpt lon="-82.155878" lat="33.554330"><ele>81.317154</ele><time>2025-09-14T15:08:00Z</time><extensions><speed>1.374587</speed><course>145.052974</course><hAcc>1.293629</hAcc><vAcc>0.800972</vAcc></extensions></trkpt>
      <trkpt lon="-82.155869" lat="33.554320"><ele>81.256878</ele><time>2025-09-14T15:08:01Z</time><extensions><speed>1.345844</speed><course>142.897351</course><hAcc>1.287125</hAcc><vAcc>0.798180</vAcc></extensions></trkpt>
      <trkpt lon="-82.155861" lat="33.554311"><ele>81.199294</ele><time>2025-09-14T15:08:02Z</time><extensions><speed>1.288606</speed><course>144.251160</course><hAcc>1.295344</hAcc><vAcc>0.794804</vAcc></extensions></trkpt>
      <trkpt lon="-82.155853" lat="33.554301"><ele>81.172301</ele><time>2025-09-14T15:08:03Z</time><extensions><speed>1.263027</speed><course>142.781025</course><hAcc>1.289164</hAcc><vAcc>0.791056</vAcc></extensions></trkpt>
      <trkpt lon="-82.155844" lat="33.554292"><ele>81.175319</ele><time>2025-09-14T15:08:04Z</time><extensions><speed>1.294735</speed><course>143.036430</course><hAcc>1.267674</hAcc><vAcc>0.787061</vAcc></extensions></trkpt>
      <trkpt lon="-82.155836" lat="33.554283"><ele>81.170797</ele><time>2025-09-14T15:08:05Z</time><extensions><speed>1.274341</speed><course>144.704935</course><hAcc>1.258345</hAcc><vAcc>0.782977</vAcc></extensions></trkpt>
      <trkpt lon="-82.155829" lat="33.554273"><ele>81.182242</ele><time>2025-09-14T15:08:06Z</time><extensions><speed>1.221037</speed><course>149.163805</course><hAcc>1.255504</hAcc><vAcc>0.779149</vAcc></extensions></trkpt>
      <trkpt lon="-82.155823" lat="33.554264"><ele>81.206582</ele><time>2025-09-14T15:08:07Z</time><extensions><speed>1.166558</speed><course>154.094447</course><hAcc>1.239253</hAcc><vAcc>0.775456</vAcc></extensions></trkpt>
      <trkpt lon="-82.155817" lat="33.554254"><ele>81.239345</ele><time>2025-09-14T15:08:08Z</time><extensions><speed>1.200866</speed><course>151.383085</course><hAcc>1.231928</hAcc><vAcc>0.772282</vAcc></extensions></trkpt>
      <trkpt lon="-82.155810" lat="33.554245"><ele>81.277067</ele><time>2025-09-14T15:08:09Z</time><extensions><speed>1.250300</speed><course>145.665894</course><hAcc>1.234769</hAcc><vAcc>0.769446</vAcc></extensions></trkpt>
      <trkpt lon="-82.155802" lat="33.554236"><ele>81.331886</ele><time>2025-09-14T15:08:10Z</time><extensions><speed>1.328671</speed><course>140.245054</course><hAcc>1.225759</hAcc><vAcc>0.767587</vAcc></extensions></trkpt>
      <trkpt lon="-82.155792" lat="33.554227"><ele>81.393263</ele><time>2025-09-14T15:08:11Z</time><extensions><speed>1.346737</speed><course>136.141625</course><hAcc>1.222606</hAcc><vAcc>0.766381</vAcc></extensions></trkpt>
      <trkpt lon="-82.155782" lat="33.554218"><ele>81.459994</ele><time>2025-09-14T15:08:12Z</time><extensions><speed>1.375615</speed><course>133.400099</course><hAcc>1.217101</hAcc><vAcc>0.765704</vAcc></extensions></trkpt>
      <trkpt lon="-82.155771" lat="33.554210"><ele>81.533778</ele><time>2025-09-14T15:08:13Z</time><extensions><speed>1.382829</speed><course>129.847900</course><hAcc>1.215569</hAcc><vAcc>0.765347</vAcc></extensions></trkpt>
      <trkpt lon="-82.155758" lat="33.554202"><ele>81.608501</ele><time>2025-09-14T15:08:14Z</time><extensions><speed>1.501037</speed><course>127.156716</course><hAcc>1.210658</hAcc><vAcc>0.765580</vAcc></extensions></trkpt>
      <trkpt lon="-82.155745" lat="33.554193"><ele>81.679649</ele><time>2025-09-14T15:08:15Z</time><extensions><speed>1.527323</speed><course>128.088017</course><hAcc>1.210278</hAcc><vAcc>0.766794</vAcc></extensions></trkpt>
      <trkpt lon="-82.155733" lat="33.554185"><ele>81.744797</ele><time>2025-09-14T15:08:16Z</time><extensions><speed>1.433661</speed><course>130.514617</course><hAcc>1.211181</hAcc><vAcc>0.768066</vAcc></extensions></trkpt>
      <trkpt lon="-82.155722" lat="33.554176"><ele>81.814824</ele><time>2025-09-14T15:08:17Z</time><extensions><speed>1.389777</speed><course>133.334103</course><hAcc>1.202193</hAcc><vAcc>0.770391</vAcc></extensions></trkpt>
      <trkpt lon="-82.155711" lat="33.554168"><ele>81.870623</ele><time>2025-09-14T15:08:18Z</time><extensions><speed>1.458865</speed><course>132.321600</course><hAcc>1.192168</hAcc><vAcc>0.772316</vAcc></extensions></trkpt>
      <trkpt lon="-82.155699" lat="33.554159"><ele>81.913546</ele><time>2025-09-14T15:08:19Z</time><extensions><speed>1.462574</speed><course>132.839808</course><hAcc>1.191445</hAcc><vAcc>0.774332</vAcc></extensions></trkpt>
      <trkpt lon="-82.155688" lat="33.554150"><ele>81.954499</ele><time>2025-09-14T15:08:20Z</time><extensions><speed>1.346562</speed><course>133.900649</course><hAcc>1.210759</hAcc><vAcc>0.776047</vAcc></extensions></trkpt>
      <trkpt lon="-82.155678" lat="33.554142"><ele>81.984153</ele><time>2025-09-14T15:08:21Z</time><extensions><speed>1.168683</speed><course>132.796300</course><hAcc>1.194152</hAcc><vAcc>0.777524</vAcc></extensions></trkpt>
      <trkpt lon="-82.155669" lat="33.554135"><ele>82.018935</ele><time>2025-09-14T15:08:22Z</time><extensions><speed>1.201680</speed><course>131.609713</course><hAcc>1.187382</hAcc><vAcc>0.778620</vAcc></extensions></trkpt>
      <trkpt lon="-82.155658" lat="33.554128"><ele>82.045333</ele><time>2025-09-14T15:08:23Z</time><extensions><speed>1.308067</speed><course>128.724310</course><hAcc>1.182298</hAcc><vAcc>0.779305</vAcc></extensions></trkpt>
      <trkpt lon="-82.155647" lat="33.554120"><ele>82.066229</ele><time>2025-09-14T15:08:24Z</time><extensions><speed>1.420496</speed><course>129.764109</course><hAcc>1.180486</hAcc><vAcc>0.779537</vAcc></extensions></trkpt>
      <trkpt lon="-82.155635" lat="33.554112"><ele>82.083346</ele><time>2025-09-14T15:08:25Z</time><extensions><speed>1.420712</speed><course>132.494374</course><hAcc>1.186675</hAcc><vAcc>0.779247</vAcc></extensions></trkpt>
      <trkpt lon="-82.155624" lat="33.554103"><ele>82.091228</ele><time>2025-09-14T15:08:26Z</time><extensions><speed>1.440964</speed><course>136.344531</course><hAcc>1.174940</hAcc><vAcc>0.778373</vAcc></extensions></trkpt>
      <trkpt lon="-82.155614" lat="33.554093"><ele>82.099965</ele><time>2025-09-14T15:08:27Z</time><extensions><speed>1.359244</speed><course>138.152104</course><hAcc>1.191956</hAcc><vAcc>0.776911</vAcc></extensions></trkpt>
      <trkpt lon="-82.155605" lat="33.554084"><ele>82.114075</ele><time>2025-09-14T15:08:28Z</time><extensions><speed>1.248337</speed><course>141.464202</course><hAcc>1.173678</hAcc><vAcc>0.774941</vAcc></extensions></trkpt>
      <trkpt lon="-82.155597" lat="33.554076"><ele>82.117168</ele><time>2025-09-14T15:08:29Z</time><extensions><speed>1.180865</speed><course>137.639485</course><hAcc>1.171840</hAcc><vAcc>0.772629</vAcc></extensions></trkpt>
      <trkpt lon="-82.155588" lat="33.554069"><ele>82.118765</ele><time>2025-09-14T15:08:30Z</time><extensions><speed>1.124288</speed><course>132.825110</course><hAcc>1.181760</hAcc><vAcc>0.770179</vAcc></extensions></trkpt>
      <trkpt lon="-82.155578" lat="33.554062"><ele>82.105832</ele><time>2025-09-14T15:08:31Z</time><extensions><speed>1.159428</speed><course>126.261248</course><hAcc>1.179843</hAcc><vAcc>0.767772</vAcc></extensions></trkpt>
      <trkpt lon="-82.155568" lat="33.554056"><ele>82.093536</ele><time>2025-09-14T15:08:32Z</time><extensions><speed>1.248799</speed><course>124.317946</course><hAcc>1.175137</hAcc><vAcc>0.765542</vAcc></extensions></trkpt>
      <trkpt lon="-82.155557" lat="33.554050"><ele>82.080527</ele><time>2025-09-14T15:08:33Z</time><extensions><speed>1.197543</speed><course>126.533860</course><hAcc>1.168241</hAcc><vAcc>0.763573</vAcc></extensions></trkpt>
      <trkpt lon="-82.155548" lat="33.554043"><ele>82.083705</ele><time>2025-09-14T15:08:34Z</time><extensions><speed>1.078195</speed><course>134.965941</course><hAcc>1.165437</hAcc><vAcc>0.761901</vAcc></extensions></trkpt>
      <trkpt lon="-82.155540" lat="33.554036"><ele>82.088845</ele><time>2025-09-14T15:08:35Z</time><extensions><speed>1.012522</speed><course>140.299052</course><hAcc>1.167374</hAcc><vAcc>0.760534</vAcc></extensions></trkpt>
      <trkpt lon="-82.155533" lat="33.554029"><ele>82.111442</ele><time>2025-09-14T15:08:36Z</time><extensions><speed>1.001248</speed><course>139.844912</course><hAcc>1.172187</hAcc><vAcc>0.759452</vAcc></extensions></trkpt>
      <trkpt lon="-82.155527" lat="33.554022"><ele>82.136035</ele><time>2025-09-14T15:08:37Z</time><extensions><speed>0.961654</speed><course>141.856978</course><hAcc>1.178508</hAcc><vAcc>0.758622</vAcc></extensions></trkpt>
      <trkpt lon="-82.155521" lat="33.554015"><ele>82.158679</ele><time>2025-09-14T15:08:38Z</time><extensions><speed>0.994268</speed><course>148.050635</course><hAcc>1.187124</hAcc><vAcc>0.758006</vAcc></extensions></trkpt>
      <trkpt lon="-82.155515" lat="33.554007"><ele>82.188454</ele><time>2025-09-14T15:08:39Z</time><extensions><speed>1.100067</speed><course>151.661186</course><hAcc>1.207420</hAcc><vAcc>0.757562</vAcc></extensions></trkpt>
      <trkpt lon="-82.155509" lat="33.553998"><ele>82.230833</ele><time>2025-09-14T15:08:40Z</time><extensions><speed>1.187666</speed><course>151.941123</course><hAcc>1.228446</hAcc><vAcc>0.757254</vAcc></extensions></trkpt>
      <trkpt lon="-82.155503" lat="33.553988"><ele>82.270748</ele><time>2025-09-14T15:08:41Z</time><extensions><speed>1.282012</speed><course>151.423526</course><hAcc>1.220259</hAcc><vAcc>0.757099</vAcc></extensions></trkpt>
      <trkpt lon="-82.155496" lat="33.553978"><ele>82.302614</ele><time>2025-09-14T15:08:42Z</time><extensions><speed>1.347467</speed><course>148.832182</course><hAcc>1.234379</hAcc><vAcc>0.757258</vAcc></extensions></trkpt>
      <trkpt lon="-82.155488" lat="33.553967"><ele>82.338522</ele><time>2025-09-14T15:08:43Z</time><extensions><speed>1.420478</speed><course>145.179404</course><hAcc>1.238745</hAcc><vAcc>0.757779</vAcc></extensions></trkpt>
      <trkpt lon="-82.155478" lat="33.553957"><ele>82.375763</ele><time>2025-09-14T15:08:44Z</time><extensions><speed>1.490914</speed><course>141.487337</course><hAcc>1.238354</hAcc><vAcc>0.758363</vAcc></extensions></trkpt>
      <trkpt lon="-82.155468" lat="33.553946"><ele>82.400408</ele><time>2025-09-14T15:08:45Z</time><extensions><speed>1.512172</speed><course>142.193634</course><hAcc>1.243263</hAcc><vAcc>0.759681</vAcc></extensions></trkpt>
      <trkpt lon="-82.155458" lat="33.553935"><ele>82.417799</ele><time>2025-09-14T15:08:46Z</time><extensions><speed>1.513752</speed><course>144.734373</course><hAcc>1.242394</hAcc><vAcc>0.761159</vAcc></extensions></trkpt>
      <trkpt lon="-82.155449" lat="33.553924"><ele>82.429801</ele><time>2025-09-14T15:08:47Z</time><extensions><speed>1.543526</speed><course>145.619331</course><hAcc>1.252281</hAcc><vAcc>0.763045</vAcc></extensions></trkpt>
      <trkpt lon="-82.155439" lat="33.553912"><ele>82.426758</ele><time>2025-09-14T15:08:48Z</time><extensions><speed>1.510320</speed><course>142.932194</course><hAcc>1.269475</hAcc><vAcc>0.765201</vAcc></extensions></trkpt>
      <trkpt lon="-82.155429" lat="33.553902"><ele>82.414620</ele><time>2025-09-14T15:08:49Z</time><extensions><speed>1.492888</speed><course>138.879050</course><hAcc>1.276824</hAcc><vAcc>0.768304</vAcc></extensions></trkpt>
      <trkpt lon="-82.155418" lat="33.553892"><ele>82.403199</ele><time>2025-09-14T15:08:50Z</time><extensions><speed>1.556589</speed><course>134.667380</course><hAcc>1.277010</hAcc><vAcc>0.771242</vAcc></extensions></trkpt>
      <trkpt lon="-82.155406" lat="33.553883"><ele>82.383839</ele><time>2025-09-14T15:08:51Z</time><extensions><speed>1.540287</speed><course>129.760571</course><hAcc>1.276805</hAcc><vAcc>0.774039</vAcc></extensions></trkpt>
      <trkpt lon="-82.155392" lat="33.553874"><ele>82.374507</ele><time>2025-09-14T15:08:52Z</time><extensions><speed>1.578416</speed><course>123.856983</course><hAcc>1.259870</hAcc><vAcc>0.776782</vAcc></extensions></trkpt>
      <trkpt lon="-82.155378" lat="33.553866"><ele>82.338663</ele><time>2025-09-14T15:08:53Z</time><extensions><speed>1.647489</speed><course>121.628655</course><hAcc>1.251299</hAcc><vAcc>0.779943</vAcc></extensions></trkpt>
      <trkpt lon="-82.155363" lat="33.553859"><ele>82.304964</ele><time>2025-09-14T15:08:54Z</time><extensions><speed>1.620571</speed><course>121.784352</course><hAcc>1.245773</hAcc><vAcc>0.782903</vAcc></extensions></trkpt>
      <trkpt lon="-82.155349" lat="33.553851"><ele>82.272624</ele><time>2025-09-14T15:08:55Z</time><extensions><speed>1.463762</speed><course>125.200182</course><hAcc>1.253711</hAcc><vAcc>0.785244</vAcc></extensions></trkpt>
      <trkpt lon="-82.155336" lat="33.553843"><ele>82.266062</ele><time>2025-09-14T15:08:56Z</time><extensions><speed>1.385831</speed><course>125.243164</course><hAcc>1.233054</hAcc><vAcc>0.787010</vAcc></extensions></trkpt>
      <trkpt lon="-82.155325" lat="33.553836"><ele>82.270264</ele><time>2025-09-14T15:08:57Z</time><extensions><speed>1.304490</speed><course>127.929960</course><hAcc>1.223347</hAcc><vAcc>0.788762</vAcc></extensions></trkpt>
      <trkpt lon="-82.155314" lat="33.553829"><ele>82.286974</ele><time>2025-09-14T15:08:58Z</time><extensions><speed>1.305822</speed><course>130.101869</course><hAcc>1.230973</hAcc><vAcc>0.790088</vAcc></extensions></trkpt>
      <trkpt lon="-82.155303" lat="33.553821"><ele>82.311447</ele><time>2025-09-14T15:08:59Z</time><extensions><speed>1.314834</speed><course>131.292900</course><hAcc>1.229404</hAcc><vAcc>0.791108</vAcc></extensions></trkpt>
      <trkpt lon="-82.155292" lat="33.553813"><ele>82.342111</ele><time>2025-09-14T15:09:00Z</time><extensions><speed>1.344522</speed><course>134.658542</course><hAcc>1.210924</hAcc><vAcc>0.792250</vAcc></extensions></trkpt>
      <trkpt lon="-82.155282" lat="33.553804"><ele>82.376198</ele><time>2025-09-14T15:09:01Z</time><extensions><speed>1.383202</speed><course>135.848664</course><hAcc>1.195076</hAcc><vAcc>0.793711</vAcc></extensions></trkpt>
      <trkpt lon="-82.155272" lat="33.553795"><ele>82.413365</ele><time>2025-09-14T15:09:02Z</time><extensions><speed>1.410866</speed><course>136.633266</course><hAcc>1.195613</hAcc><vAcc>0.796052</vAcc></extensions></trkpt>
      <trkpt lon="-82.155262" lat="33.553786"><ele>82.456674</ele><time>2025-09-14T15:09:03Z</time><extensions><speed>1.296492</speed><course>137.055684</course><hAcc>1.236108</hAcc><vAcc>0.798123</vAcc></extensions></trkpt>
      <trkpt lon="-82.155253" lat="33.553777"><ele>82.512052</ele><time>2025-09-14T15:09:04Z</time><extensions><speed>1.282401</speed><course>143.048927</course><hAcc>1.215751</hAcc><vAcc>0.800738</vAcc></extensions></trkpt>
      <trkpt lon="-82.155245" lat="33.553768"><ele>82.579419</ele><time>2025-09-14T15:09:05Z</time><extensions><speed>1.295477</speed><course>146.541233</course><hAcc>1.224801</hAcc><vAcc>0.804437</vAcc></extensions></trkpt>
      <trkpt lon="-82.155237" lat="33.553758"><ele>82.651402</ele><time>2025-09-14T15:09:06Z</time><extensions><speed>1.294512</speed><course>147.775130</course><hAcc>1.248223</hAcc><vAcc>0.809071</vAcc></extensions></trkpt>
      <trkpt lon="-82.155229" lat="33.553748"><ele>82.704243</ele><time>2025-09-14T15:09:07Z</time><extensions><speed>1.357185</speed><course>144.617164</course><hAcc>1.276434</hAcc><vAcc>0.814392</vAcc></extensions></trkpt>
      <trkpt lon="-82.155220" lat="33.553738"><ele>82.787996</ele><time>2025-09-14T15:09:08Z</time><extensions><speed>1.388857</speed><course>140.045163</course><hAcc>1.299831</hAcc><vAcc>0.820791</vAcc></extensions></trkpt>
      <trkpt lon="-82.155210" lat="33.553729"><ele>82.851188</ele><time>2025-09-14T15:09:09Z</time><extensions><speed>1.382460</speed><course>135.183987</course><hAcc>1.311793</hAcc><vAcc>0.827559</vAcc></extensions></trkpt>
      <trkpt lon="-82.155199" lat="33.553720"><ele>82.918327</ele><time>2025-09-14T15:09:10Z</time><extensions><speed>1.359808</speed><course>132.217438</course><hAcc>1.318357</hAcc><vAcc>0.834930</vAcc></extensions></trkpt>
      <trkpt lon="-82.155189" lat="33.553712"><ele>83.000025</ele><time>2025-09-14T15:09:11Z</time><extensions><speed>1.355093</speed><course>133.155791</course><hAcc>1.324664</hAcc><vAcc>0.842709</vAcc></extensions></trkpt>
      <trkpt lon="-82.155178" lat="33.553704"><ele>83.092494</ele><time>2025-09-14T15:09:12Z</time><extensions><speed>1.353016</speed><course>131.606372</course><hAcc>1.331351</hAcc><vAcc>0.850211</vAcc></extensions></trkpt>
      <trkpt lon="-82.155167" lat="33.553696"><ele>83.175420</ele><time>2025-09-14T15:09:13Z</time><extensions><speed>1.256785</speed><course>132.836606</course><hAcc>1.337548</hAcc><vAcc>0.857745</vAcc></extensions></trkpt>
      <trkpt lon="-82.155158" lat="33.553689"><ele>83.268551</ele><time>2025-09-14T15:09:14Z</time><extensions><speed>1.121701</speed><course>133.895199</course><hAcc>1.348902</hAcc><vAcc>0.864675</vAcc></extensions></trkpt>
      <trkpt lon="-82.155149" lat="33.553682"><ele>83.354677</ele><time>2025-09-14T15:09:15Z</time><extensions><speed>1.118670</speed><course>129.929617</course><hAcc>1.362645</hAcc><vAcc>0.871256</vAcc></extensions></trkpt>
      <trkpt lon="-82.155139" lat="33.553676"><ele>83.434080</ele><time>2025-09-14T15:09:16Z</time><extensions><speed>1.183994</speed><course>125.941037</course><hAcc>1.382420</hAcc><vAcc>0.877313</vAcc></extensions></trkpt>
      <trkpt lon="-82.155128" lat="33.553669"><ele>83.515588</ele><time>2025-09-14T15:09:17Z</time><extensions><speed>1.293618</speed><course>126.250803</course><hAcc>1.399930</hAcc><vAcc>0.881958</vAcc></extensions></trkpt>
      <trkpt lon="-82.155117" lat="33.553662"><ele>83.608275</ele><time>2025-09-14T15:09:18Z</time><extensions><speed>1.275485</speed><course>127.717369</course><hAcc>1.409879</hAcc><vAcc>0.885093</vAcc></extensions></trkpt>
      <trkpt lon="-82.155107" lat="33.553655"><ele>83.709530</ele><time>2025-09-14T15:09:19Z</time><extensions><speed>1.251583</speed><course>127.578889</course><hAcc>1.412399</hAcc><vAcc>0.887198</vAcc></extensions></trkpt>
      <trkpt lon="-82.155096" lat="33.553648"><ele>83.820764</ele><time>2025-09-14T15:09:20Z</time><extensions><speed>1.258933</speed><course>126.021558</course><hAcc>1.409460</hAcc><vAcc>0.887286</vAcc></extensions></trkpt>
      <trkpt lon="-82.155084" lat="33.553641"><ele>83.949346</ele><time>2025-09-14T15:09:21Z</time><extensions><speed>1.329525</speed><course>124.538381</course><hAcc>1.395449</hAcc><vAcc>0.885782</vAcc></extensions></trkpt>
      <trkpt lon="-82.155072" lat="33.553634"><ele>84.078123</ele><time>2025-09-14T15:09:22Z</time><extensions><speed>1.383208</speed><course>125.713344</course><hAcc>1.387332</hAcc><vAcc>0.882848</vAcc></extensions></trkpt>
      <trkpt lon="-82.155061" lat="33.553627"><ele>84.199589</ele><time>2025-09-14T15:09:23Z</time><extensions><speed>1.325220</speed><course>129.617988</course><hAcc>1.384515</hAcc><vAcc>0.878348</vAcc></extensions></trkpt>
      <trkpt lon="-82.155050" lat="33.553619"><ele>84.318734</ele><time>2025-09-14T15:09:24Z</time><extensions><speed>1.258169</speed><course>131.619210</course><hAcc>1.367195</hAcc><vAcc>0.872805</vAcc></extensions></trkpt>
      <trkpt lon="-82.155040" lat="33.553612"><ele>84.452510</ele><time>2025-09-14T15:09:25Z</time><extensions><speed>1.204553</speed><course>131.523925</course><hAcc>1.358484</hAcc><vAcc>0.866133</vAcc></extensions></trkpt>
      <trkpt lon="-82.155031" lat="33.553605"><ele>84.582642</ele><time>2025-09-14T15:09:26Z</time><extensions><speed>1.141199</speed><course>130.150408</course><hAcc>1.356281</hAcc><vAcc>0.858389</vAcc></extensions></trkpt>
      <trkpt lon="-82.155021" lat="33.553598"><ele>84.706820</ele><time>2025-09-14T15:09:27Z</time><extensions><speed>1.192272</speed><course>127.713414</course><hAcc>1.347100</hAcc><vAcc>0.850247</vAcc></extensions></trkpt>
      <trkpt lon="-82.155010" lat="33.553592"><ele>84.832225</ele><time>2025-09-14T15:09:28Z</time><extensions><speed>1.277174</speed><course>128.268603</course><hAcc>1.335711</hAcc><vAcc>0.841553</vAcc></extensions></trkpt>
      <trkpt lon="-82.155000" lat="33.553584"><ele>84.937609</ele><time>2025-09-14T15:09:29Z</time><extensions><speed>1.278170</speed><course>128.205028</course><hAcc>1.331878</hAcc><vAcc>0.832944</vAcc></extensions></trkpt>
      <trkpt lon="-82.154989" lat="33.553577"><ele>85.029078</ele><time>2025-09-14T15:09:30Z</time><extensions><speed>1.243147</speed><course>128.249644</course><hAcc>1.321239</hAcc><vAcc>0.824288</vAcc></extensions></trkpt>
      <trkpt lon="-82.154979" lat="33.553571"><ele>85.123689</ele><time>2025-09-14T15:09:31Z</time><extensions><speed>1.190141</speed><course>127.672252</course><hAcc>1.305331</hAcc><vAcc>0.816469</vAcc></extensions></trkpt>
      <trkpt lon="-82.154969" lat="33.553564"><ele>85.221995</ele><time>2025-09-14T15:09:32Z</time><extensions><speed>1.191819</speed><course>129.592391</course><hAcc>1.297151</hAcc><vAcc>0.809506</vAcc></extensions></trkpt>
      <trkpt lon="-82.154959" lat="33.553557"><ele>85.312275</ele><time>2025-09-14T15:09:33Z</time><extensions><speed>1.127791</speed><course>130.603756</course><hAcc>1.297141</hAcc><vAcc>0.803722</vAcc></extensions></trkpt>
      <trkpt lon="-82.154950" lat="33.553551"><ele>85.412555</ele><time>2025-09-14T15:09:34Z</time><extensions><speed>1.075758</speed><course>124.354392</course><hAcc>1.290847</hAcc><vAcc>0.799146</vAcc></extensions></trkpt>
      <trkpt lon="-82.154940" lat="33.553547"><ele>85.501339</ele><time>2025-09-14T15:09:35Z</time><extensions><speed>1.001666</speed><course>113.039378</course><hAcc>1.274209</hAcc><vAcc>0.795378</vAcc></extensions></trkpt>
      <trkpt lon="-82.154929" lat="33.553544"><ele>85.593340</ele><time>2025-09-14T15:09:36Z</time><extensions><speed>1.054490</speed><course>104.762837</course><hAcc>1.270033</hAcc><vAcc>0.792266</vAcc></extensions></trkpt>
      <trkpt lon="-82.154918" lat="33.553541"><ele>85.708141</ele><time>2025-09-14T15:09:37Z</time><extensions><speed>1.189934</speed><course>102.008278</course><hAcc>1.274897</hAcc><vAcc>0.789986</vAcc></extensions></trkpt>
      <trkpt lon="-82.154905" lat="33.553539"><ele>85.845679</ele><time>2025-09-14T15:09:38Z</time><extensions><speed>1.160698</speed><course>108.978117</course><hAcc>1.266042</hAcc><vAcc>0.788361</vAcc></extensions></trkpt>
      <trkpt lon="-82.154894" lat="33.553534"><ele>85.994716</ele><time>2025-09-14T15:09:39Z</time><extensions><speed>1.108353</speed><course>119.770210</course><hAcc>1.266720</hAcc><vAcc>0.787174</vAcc></extensions></trkpt>
      <trkpt lon="-82.154884" lat="33.553529"><ele>86.152454</ele><time>2025-09-14T15:09:40Z</time><extensions><speed>1.128396</speed><course>122.546483</course><hAcc>1.273807</hAcc><vAcc>0.786190</vAcc></extensions></trkpt>
      <trkpt lon="-82.154874" lat="33.553524"><ele>86.328581</ele><time>2025-09-14T15:09:41Z</time><extensions><speed>1.140659</speed><course>119.477767</course><hAcc>1.281137</hAcc><vAcc>0.785160</vAcc></extensions></trkpt>
      <trkpt lon="-82.154863" lat="33.553519"><ele>86.514614</ele><time>2025-09-14T15:09:42Z</time><extensions><speed>1.072898</speed><course>116.251134</course><hAcc>1.274565</hAcc><vAcc>0.783850</vAcc></extensions></trkpt>
      <trkpt lon="-82.154853" lat="33.553515"><ele>86.699769</ele><time>2025-09-14T15:09:43Z</time><extensions><speed>1.061832</speed><course>112.101121</course><hAcc>1.266832</hAcc><vAcc>0.782090</vAcc></extensions></trkpt>
      <trkpt lon="-82.154841" lat="33.553512"><ele>86.889598</ele><time>2025-09-14T15:09:44Z</time><extensions><speed>1.129193</speed><course>107.725097</course><hAcc>1.260170</hAcc><vAcc>0.779824</vAcc></extensions></trkpt>
      <trkpt lon="-82.154830" lat="33.553509"><ele>87.100005</ele><time>2025-09-14T15:09:45Z</time><extensions><speed>1.167394</speed><course>106.219208</course><hAcc>1.265050</hAcc><vAcc>0.777433</vAcc></extensions></trkpt>
      <trkpt lon="-82.154818" lat="33.553506"><ele>87.304550</ele><time>2025-09-14T15:09:46Z</time><extensions><speed>1.121814</speed><course>102.290219</course><hAcc>1.257149</hAcc><vAcc>0.775052</vAcc></extensions></trkpt>
      <trkpt lon="-82.154806" lat="33.553505"><ele>87.506804</ele><time>2025-09-14T15:09:47Z</time><extensions><speed>1.078436</speed><course>99.705974</course><hAcc>1.243119</hAcc><vAcc>0.772836</vAcc></extensions></trkpt>
      <trkpt lon="-82.154794" lat="33.553503"><ele>87.723350</ele><time>2025-09-14T15:09:48Z</time><extensions><speed>1.100629</speed><course>96.112113</course><hAcc>1.233532</hAcc><vAcc>0.770924</vAcc></extensions></trkpt>
      <trkpt lon="-82.154782" lat="33.553503"><ele>87.949414</ele><time>2025-09-14T15:09:49Z</time><extensions><speed>1.164183</speed><course>90.191156</course><hAcc>1.234424</hAcc><vAcc>0.769219</vAcc></extensions></trkpt>
      <trkpt lon="-82.154769" lat="33.553503"><ele>88.168131</ele><time>2025-09-14T15:09:50Z</time><extensions><speed>1.223480</speed><course>85.036108</course><hAcc>1.237487</hAcc><vAcc>0.767963</vAcc></extensions></trkpt>
      <trkpt lon="-82.154756" lat="33.553504"><ele>88.383335</ele><time>2025-09-14T15:09:51Z</time><extensions><speed>1.260562</speed><course>82.466520</course><hAcc>1.241639</hAcc><vAcc>0.767151</vAcc></extensions></trkpt>
      <trkpt lon="-82.154743" lat="33.553507"><ele>88.588667</ele><time>2025-09-14T15:09:52Z</time><extensions><speed>1.247571</speed><course>75.866916</course><hAcc>1.238599</hAcc><vAcc>0.766732</vAcc></extensions></trkpt>
      <trkpt lon="-82.154730" lat="33.553510"><ele>88.791637</ele><time>2025-09-14T15:09:53Z</time><extensions><speed>1.201661</speed><course>68.342183</course><hAcc>1.236991</hAcc><vAcc>0.766608</vAcc></extensions></trkpt>
      <trkpt lon="-82.154718" lat="33.553515"><ele>88.987543</ele><time>2025-09-14T15:09:54Z</time><extensions><speed>1.251931</speed><course>62.319645</course><hAcc>1.234368</hAcc><vAcc>0.766645</vAcc></extensions></trkpt>
      <trkpt lon="-82.154706" lat="33.553520"><ele>89.170336</ele><time>2025-09-14T15:09:55Z</time><extensions><speed>1.355736</speed><course>57.893629</course><hAcc>1.225852</hAcc><vAcc>0.766677</vAcc></extensions></trkpt>
      <trkpt lon="-82.154693" lat="33.553527"><ele>89.358250</ele><time>2025-09-14T15:09:56Z</time><extensions><speed>1.453450</speed><course>56.342930</course><hAcc>1.224638</hAcc><vAcc>0.766537</vAcc></extensions></trkpt>
      <trkpt lon="-82.154680" lat="33.553535"><ele>89.523879</ele><time>2025-09-14T15:09:57Z</time><extensions><speed>1.570614</speed><course>56.033237</course><hAcc>1.211386</hAcc><vAcc>0.766115</vAcc></extensions></trkpt>
      <trkpt lon="-82.154666" lat="33.553543"><ele>89.679339</ele><time>2025-09-14T15:09:58Z</time><extensions><speed>1.656572</speed><course>55.942733</course><hAcc>1.190650</hAcc><vAcc>0.765392</vAcc></extensions></trkpt>
      <trkpt lon="-82.154651" lat="33.553551"><ele>89.813484</ele><time>2025-09-14T15:09:59Z</time><extensions><speed>1.652166</speed><course>56.328811</course><hAcc>1.172669</hAcc><vAcc>0.764432</vAcc></extensions></trkpt>
      <trkpt lon="-82.154636" lat="33.553560"><ele>89.936549</ele><time>2025-09-14T15:10:00Z</time><extensions><speed>1.596740</speed><course>56.088209</course><hAcc>1.162817</hAcc><vAcc>0.763345</vAcc></extensions></trkpt>
      <trkpt lon="-82.154623" lat="33.553567"><ele>90.032048</ele><time>2025-09-14T15:10:01Z</time><extensions><speed>1.349271</speed><course>59.055915</course><hAcc>1.167897</hAcc><vAcc>0.762235</vAcc></extensions></trkpt>
      <trkpt lon="-82.154611" lat="33.553573"><ele>90.088524</ele><time>2025-09-14T15:10:02Z</time><extensions><speed>1.359341</speed><course>54.654059</course><hAcc>1.146073</hAcc><vAcc>0.761178</vAcc></extensions></trkpt>
      <trkpt lon="-82.154599" lat="33.553581"><ele>90.130509</ele><time>2025-09-14T15:10:03Z</time><extensions><speed>1.342340</speed><course>50.515084</course><hAcc>1.132315</hAcc><vAcc>0.760225</vAcc></extensions></trkpt>
      <trkpt lon="-82.154588" lat="33.553589"><ele>90.156534</ele><time>2025-09-14T15:10:04Z</time><extensions><speed>1.333678</speed><course>45.512142</course><hAcc>1.133073</hAcc><vAcc>0.759403</vAcc></extensions></trkpt>
      <trkpt lon="-82.154578" lat="33.553598"><ele>90.159442</ele><time>2025-09-14T15:10:05Z</time><extensions><speed>1.390877</speed><course>43.118938</course><hAcc>1.129294</hAcc><vAcc>0.758719</vAcc></extensions></trkpt>
      <trkpt lon="-82.154568" lat="33.553607"><ele>90.140795</ele><time>2025-09-14T15:10:06Z</time><extensions><speed>1.460190</speed><course>41.531290</course><hAcc>1.131717</hAcc><vAcc>0.758171</vAcc></extensions></trkpt>
      <trkpt lon="-82.154558" lat="33.553617"><ele>90.103651</ele><time>2025-09-14T15:10:07Z</time><extensions><speed>1.403076</speed><course>41.394187</course><hAcc>1.144766</hAcc><vAcc>0.757745</vAcc></extensions></trkpt>
      <trkpt lon="-82.154548" lat="33.553625"><ele>90.053767</ele><time>2025-09-14T15:10:08Z</time><extensions><speed>1.178575</speed><course>44.406015</course><hAcc>1.133661</hAcc><vAcc>0.757425</vAcc></extensions></trkpt>
      <trkpt lon="-82.154540" lat="33.553632"><ele>89.980723</ele><time>2025-09-14T15:10:09Z</time><extensions><speed>1.038238</speed><course>47.292651</course><hAcc>1.129110</hAcc><vAcc>0.757191</vAcc></extensions></trkpt>
      <trkpt lon="-82.154532" lat="33.553639"><ele>89.899583</ele><time>2025-09-14T15:10:10Z</time><extensions><speed>0.981181</speed><course>47.616020</course><hAcc>1.132915</hAcc><vAcc>0.757026</vAcc></extensions></trkpt>
      <trkpt lon="-82.154523" lat="33.553645"><ele>89.831107</ele><time>2025-09-14T15:10:11Z</time><extensions><speed>1.156620</speed><course>47.126140</course><hAcc>1.138359</hAcc><vAcc>0.756914</vAcc></extensions></trkpt>
      <trkpt lon="-82.154513" lat="33.553653"><ele>89.757235</ele><time>2025-09-14T15:10:12Z</time><extensions><speed>1.350864</speed><course>49.111911</course><hAcc>1.127178</hAcc><vAcc>0.756842</vAcc></extensions></trkpt>
      <trkpt lon="-82.154502" lat="33.553661"><ele>89.679404</ele><time>2025-09-14T15:10:13Z</time><extensions><speed>1.411881</speed><course>49.761243</course><hAcc>1.120885</hAcc><vAcc>0.756796</vAcc></extensions></trkpt>
      <trkpt lon="-82.154491" lat="33.553668"><ele>89.618240</ele><time>2025-09-14T15:10:14Z</time><extensions><speed>1.273243</speed><course>51.400962</course><hAcc>1.110994</hAcc><vAcc>0.756770</vAcc></extensions></trkpt>
      <trkpt lon="-82.154480" lat="33.553675"><ele>89.566015</ele><time>2025-09-14T15:10:15Z</time><extensions><speed>1.212344</speed><course>52.498833</course><hAcc>1.097589</hAcc><vAcc>0.756757</vAcc></extensions></trkpt>
      <trkpt lon="-82.154470" lat="33.553682"><ele>89.515853</ele><time>2025-09-14T15:10:16Z</time><extensions><speed>1.152231</speed><course>50.548399</course><hAcc>1.087485</hAcc><vAcc>0.756750</vAcc></extensions></trkpt>
      <trkpt lon="-82.154461" lat="33.553689"><ele>89.474860</ele><time>2025-09-14T15:10:17Z</time><extensions><speed>1.207229</speed><course>44.031992</course><hAcc>1.088136</hAcc><vAcc>0.756748</vAcc></extensions></trkpt>
      <trkpt lon="-82.154452" lat="33.553698"><ele>89.450067</ele><time>2025-09-14T15:10:18Z</time><extensions><speed>1.268538</speed><course>38.230564</course><hAcc>1.087614</hAcc><vAcc>0.756748</vAcc></extensions></trkpt>
      <trkpt lon="-82.154444" lat="33.553707"><ele>89.428960</ele><time>2025-09-14T15:10:19Z</time><extensions><speed>1.289439</speed><course>35.899603</course><hAcc>1.081134</hAcc><vAcc>0.756749</vAcc></extensions></trkpt>
      <trkpt lon="-82.154436" lat="33.553716"><ele>89.422556</ele><time>2025-09-14T15:10:20Z</time><extensions><speed>1.333596</speed><course>35.947088</course><hAcc>1.079695</hAcc><vAcc>0.756750</vAcc></extensions></trkpt>
      <trkpt lon="-82.154427" lat="33.553726"><ele>89.414581</ele><time>2025-09-14T15:10:21Z</time><extensions><speed>1.356353</speed><course>40.939947</course><hAcc>1.080164</hAcc><vAcc>0.756751</vAcc></extensions></trkpt>
      <trkpt lon="-82.154417" lat="33.553735"><ele>89.408754</ele><time>2025-09-14T15:10:22Z</time><extensions><speed>1.330724</speed><course>44.970453</course><hAcc>1.079118</hAcc><vAcc>0.756751</vAcc></extensions></trkpt>
      <trkpt lon="-82.154407" lat="33.553743"><ele>89.401191</ele><time>2025-09-14T15:10:23Z</time><extensions><speed>1.248425</speed><course>44.881317</course><hAcc>1.078905</hAcc><vAcc>0.756750</vAcc></extensions></trkpt>
      <trkpt lon="-82.154398" lat="33.553751"><ele>89.392171</ele><time>2025-09-14T15:10:24Z</time><extensions><speed>1.105907</speed><course>38.000401</course><hAcc>1.078543</hAcc><vAcc>0.756750</vAcc></extensions></trkpt>
      <trkpt lon="-82.154392" lat="33.553759"><ele>89.376918</ele><time>2025-09-14T15:10:25Z</time><extensions><speed>1.127833</speed><course>30.865040</course><hAcc>1.069095</hAcc><vAcc>0.756749</vAcc></extensions></trkpt>
      <trkpt lon="-82.154385" lat="33.553768"><ele>89.341723</ele><time>2025-09-14T15:10:26Z</time><extensions><speed>1.240701</speed><course>31.001287</course><hAcc>1.084367</hAcc><vAcc>0.756748</vAcc></extensions></trkpt>
      <trkpt lon="-82.154378" lat="33.553778"><ele>89.302988</ele><time>2025-09-14T15:10:27Z</time><extensions><speed>1.317233</speed><course>33.824002</course><hAcc>1.091878</hAcc><vAcc>0.756747</vAcc></extensions></trkpt>
      <trkpt lon="-82.154370" lat="33.553787"><ele>89.278765</ele><time>2025-09-14T15:10:28Z</time><extensions><speed>1.222030</speed><course>38.512797</course><hAcc>1.092100</hAcc><vAcc>0.756746</vAcc></extensions></trkpt>
      <trkpt lon="-82.154361" lat="33.553796"><ele>89.246739</ele><time>2025-09-14T15:10:29Z</time><extensions><speed>1.250942</speed><course>42.503079</course><hAcc>1.090340</hAcc><vAcc>0.756745</vAcc></extensions></trkpt>
      <trkpt lon="-82.154351" lat="33.553804"><ele>89.202747</ele><time>2025-09-14T15:10:30Z</time><extensions><speed>1.338031</speed><course>43.620746</course><hAcc>1.097228</hAcc><vAcc>0.756745</vAcc></extensions></trkpt>
      <trkpt lon="-82.154341" lat="33.553813"><ele>89.166408</ele><time>2025-09-14T15:10:31Z</time><extensions><speed>1.450054</speed><course>44.476313</course><hAcc>1.094754</hAcc><vAcc>0.756744</vAcc></extensions></trkpt>
      <trkpt lon="-82.154330" lat="33.553823"><ele>89.125247</ele><time>2025-09-14T15:10:32Z</time><extensions><speed>1.485600</speed><course>45.778304</course><hAcc>1.094693</hAcc><vAcc>0.756744</vAcc></extensions></trkpt>
      <trkpt lon="-82.154318" lat="33.553832"><ele>89.083005</ele><time>2025-09-14T15:10:33Z</time><extensions><speed>1.456307</speed><course>47.123220</course><hAcc>1.100247</hAcc><vAcc>0.756743</vAcc></extensions></trkpt>
      <trkpt lon="-82.154307" lat="33.553840"><ele>89.033066</ele><time>2025-09-14T15:10:34Z</time><extensions><speed>1.450384</speed><course>50.401535</course><hAcc>1.102857</hAcc><vAcc>0.756743</vAcc></extensions></trkpt>
      <trkpt lon="-82.154295" lat="33.553849"><ele>88.983136</ele><time>2025-09-14T15:10:35Z</time><extensions><speed>1.430096</speed><course>51.608576</course><hAcc>1.097552</hAcc><vAcc>0.756743</vAcc></extensions></trkpt>
      <trkpt lon="-82.154283" lat="33.553856"><ele>88.919476</ele><time>2025-09-14T15:10:36Z</time><extensions><speed>1.301112</speed><course>51.394133</course><hAcc>1.095908</hAcc><vAcc>0.756743</vAcc></extensions></trkpt>
      <trkpt lon="-82.154272" lat="33.553864"><ele>88.845978</ele><time>2025-09-14T15:10:37Z</time><extensions><speed>1.299962</speed><course>48.545050</course><hAcc>1.098426</hAcc><vAcc>0.756743</vAcc></extensions></trkpt>
      <trkpt lon="-82.154262" lat="33.553872"><ele>88.769662</ele><time>2025-09-14T15:10:38Z</time><extensions><speed>1.348328</speed><course>46.275569</course><hAcc>1.097923</hAcc><vAcc>0.756743</vAcc></extensions></trkpt>
      <trkpt lon="-82.154251" lat="33.553880"><ele>88.683856</ele><time>2025-09-14T15:10:39Z</time><extensions><speed>1.381240</speed><course>44.948051</course><hAcc>1.101383</hAcc><vAcc>0.756743</vAcc></extensions></trkpt>
      <trkpt lon="-82.154240" lat="33.553889"><ele>88.603059</ele><time>2025-09-14T15:10:40Z</time><extensions><speed>1.422769</speed><course>47.230541</course><hAcc>1.099642</hAcc><vAcc>0.756743</vAcc></extensions></trkpt>
      <trkpt lon="-82.154229" lat="33.553898"><ele>88.518625</ele><time>2025-09-14T15:10:41Z</time><extensions><speed>1.396742</speed><course>49.222402</course><hAcc>1.097271</hAcc><vAcc>0.756743</vAcc></extensions></trkpt>
      <trkpt lon="-82.154218" lat="33.553906"><ele>88.433899</ele><time>2025-09-14T15:10:42Z</time><extensions><speed>1.263775</speed><course>49.192332</course><hAcc>1.095554</hAcc><vAcc>0.756743</vAcc></extensions></trkpt>
      <trkpt lon="-82.154208" lat="33.553913"><ele>88.350551</ele><time>2025-09-14T15:10:43Z</time><extensions><speed>1.191569</speed><course>48.876894</course><hAcc>1.093117</hAcc><vAcc>0.756743</vAcc></extensions></trkpt>
      <trkpt lon="-82.154199" lat="33.553920"><ele>88.266463</ele><time>2025-09-14T15:10:44Z</time><extensions><speed>1.212991</speed><course>49.103260</course><hAcc>1.094201</hAcc><vAcc>0.756743</vAcc></extensions></trkpt>
      <trkpt lon="-82.154189" lat="33.553927"><ele>88.185491</ele><time>2025-09-14T15:10:45Z</time><extensions><speed>1.190591</speed><course>48.806032</course><hAcc>1.096091</hAcc><vAcc>0.756743</vAcc></extensions></trkpt>
      <trkpt lon="-82.154179" lat="33.553935"><ele>88.120069</ele><time>2025-09-14T15:10:46Z</time><extensions><speed>1.339237</speed><course>46.472486</course><hAcc>1.085766</hAcc><vAcc>0.756743</vAcc></extensions></trkpt>
      <trkpt lon="-82.154168" lat="33.553944"><ele>88.058449</ele><time>2025-09-14T15:10:47Z</time><extensions><speed>1.454142</speed><course>43.172108</course><hAcc>1.083274</hAcc><vAcc>0.756743</vAcc></extensions></trkpt>
      <trkpt lon="-82.154157" lat="33.553954"><ele>87.997914</ele><time>2025-09-14T15:10:48Z</time><extensions><speed>1.508958</speed><course>40.112323</course><hAcc>1.090516</hAcc><vAcc>0.756743</vAcc></extensions></trkpt>
      <trkpt lon="-82.154147" lat="33.553965"><ele>87.942683</ele><time>2025-09-14T15:10:49Z</time><extensions><speed>1.577365</speed><course>35.097546</course><hAcc>1.089980</hAcc><vAcc>0.756743</vAcc></extensions></trkpt>
      <trkpt lon="-82.154138" lat="33.553977"><ele>87.893891</ele><time>2025-09-14T15:10:50Z</time><extensions><speed>1.566811</speed><course>31.821792</course><hAcc>1.101217</hAcc><vAcc>0.756743</vAcc></extensions></trkpt>
      <trkpt lon="-82.154130" lat="33.553988"><ele>87.848890</ele><time>2025-09-14T15:10:51Z</time><extensions><speed>1.457514</speed><course>28.935427</course><hAcc>1.116891</hAcc><vAcc>0.756743</vAcc></extensions></trkpt>
      <trkpt lon="-82.154122" lat="33.554000"><ele>87.823083</ele><time>2025-09-14T15:10:52Z</time><extensions><speed>1.573742</speed><course>27.895640</course><hAcc>1.120652</hAcc><vAcc>0.756743</vAcc></extensions></trkpt>
      <trkpt lon="-82.154114" lat="33.554013"><ele>87.818095</ele><time>2025-09-14T15:10:53Z</time><extensions><speed>1.650487</speed><course>29.522567</course><hAcc>1.130690</hAcc><vAcc>0.756743</vAcc></extensions></trkpt>
      <trkpt lon="-82.154104" lat="33.554026"><ele>87.815588</ele><time>2025-09-14T15:10:54Z</time><extensions><speed>1.653314</speed><course>35.296684</course><hAcc>1.132851</hAcc><vAcc>0.756743</vAcc></extensions></trkpt>
      <trkpt lon="-82.154093" lat="33.554037"><ele>87.825439</ele><time>2025-09-14T15:10:55Z</time><extensions><speed>1.624202</speed><course>41.401895</course><hAcc>1.124827</hAcc><vAcc>0.756743</vAcc></extensions></trkpt>
      <trkpt lon="-82.154081" lat="33.554048"><ele>87.849564</ele><time>2025-09-14T15:10:56Z</time><extensions><speed>1.531777</speed><course>45.883896</course><hAcc>1.114838</hAcc><vAcc>0.756743</vAcc></extensions></trkpt>
      <trkpt lon="-82.154070" lat="33.554056"><ele>87.882654</ele><time>2025-09-14T15:10:57Z</time><extensions><speed>1.371347</speed><course>50.140896</course><hAcc>1.134115</hAcc><vAcc>0.756743</vAcc></extensions></trkpt>
      <trkpt lon="-82.154058" lat="33.554064"><ele>87.927187</ele><time>2025-09-14T15:10:58Z</time><extensions><speed>1.375499</speed><course>56.533844</course><hAcc>1.104036</hAcc><vAcc>0.756743</vAcc></extensions></trkpt>
      <trkpt lon="-82.154045" lat="33.554071"><ele>87.966129</ele><time>2025-09-14T15:10:59Z</time><extensions><speed>1.435167</speed><course>55.675051</course><hAcc>1.092104</hAcc><vAcc>0.756743</vAcc></extensions></trkpt>
      <trkpt lon="-82.154033" lat="33.554079"><ele>88.002601</ele><time>2025-09-14T15:11:00Z</time><extensions><speed>1.508842</speed><course>51.218949</course><hAcc>1.094870</hAcc><vAcc>0.756743</vAcc></extensions></trkpt>
      <trkpt lon="-82.154020" lat="33.554088"><ele>88.037585</ele><time>2025-09-14T15:11:01Z</time><extensions><speed>1.623788</speed><course>47.274322</course><hAcc>1.091825</hAcc><vAcc>0.756743</vAcc></extensions></trkpt>
      <trkpt lon="-82.154007" lat="33.554098"><ele>88.078103</ele><time>2025-09-14T15:11:02Z</time><extensions><speed>1.636877</speed><course>44.052374</course><hAcc>1.080650</hAcc><vAcc>0.756743</vAcc></extensions></trkpt>
      <trkpt lon="-82.153995" lat="33.554109"><ele>88.124720</ele><time>2025-09-14T15:11:03Z</time><extensions><speed>1.603806</speed><course>44.148529</course><hAcc>1.069935</hAcc><vAcc>0.756743</vAcc></extensions></trkpt>
      <trkpt lon="-82.153984" lat="33.554118"><ele>88.185079</ele><time>2025-09-14T15:11:04Z</time><extensions><speed>1.402617</speed><course>47.833578</course><hAcc>1.083474</hAcc><vAcc>0.756743</vAcc></extensions></trkpt>
      <trkpt lon="-82.153973" lat="33.554126"><ele>88.236766</ele><time>2025-09-14T15:11:05Z</time><extensions><speed>1.267670</speed><course>50.596721</course><hAcc>1.072967</hAcc><vAcc>0.756743</vAcc></extensions></trkpt>
      <trkpt lon="-82.153962" lat="33.554133"><ele>88.288089</ele><time>2025-09-14T15:11:06Z</time><extensions><speed>1.292961</speed><course>49.497549</course><hAcc>1.062808</hAcc><vAcc>0.756743</vAcc></extensions></trkpt>
      <trkpt lon="-82.153952" lat="33.554141"><ele>88.335839</ele><time>2025-09-14T15:11:07Z</time><extensions><speed>1.338147</speed><course>45.755882</course><hAcc>1.069071</hAcc><vAcc>0.756743</vAcc></extensions></trkpt>
      <trkpt lon="-82.153941" lat="33.554150"><ele>88.387481</ele><time>2025-09-14T15:11:08Z</time><extensions><speed>1.393656</speed><course>43.717766</course><hAcc>1.076719</hAcc><vAcc>0.756743</vAcc></extensions></trkpt>
      <trkpt lon="-82.153931" lat="33.554159"><ele>88.438871</ele><time>2025-09-14T15:11:09Z</time><extensions><speed>1.397907</speed><course>44.261187</course><hAcc>1.082062</hAcc><vAcc>0.756743</vAcc></extensions></trkpt>
      <trkpt lon="-82.153920" lat="33.554168"><ele>88.477963</ele><time>2025-09-14T15:11:10Z</time><extensions><speed>1.377668</speed><course>47.503398</course><hAcc>1.080294</hAcc><vAcc>0.756743</vAcc></extensions></trkpt>
      <trkpt lon="-82.153909" lat="33.554176"><ele>88.516342</ele><time>2025-09-14T15:11:11Z</time><extensions><speed>1.319113</speed><course>50.447939</course><hAcc>1.080403</hAcc><vAcc>0.756743</vAcc></extensions></trkpt>
      <trkpt lon="-82.153899" lat="33.554183"><ele>88.551078</ele><time>2025-09-14T15:11:12Z</time><extensions><speed>1.238593</speed><course>51.897943</course><hAcc>1.083165</hAcc><vAcc>0.756744</vAcc></extensions></trkpt>
      <trkpt lon="-82.153888" lat="33.554190"><ele>88.601410</ele><time>2025-09-14T15:11:13Z</time><extensions><speed>1.222721</speed><course>50.227209</course><hAcc>1.075276</hAcc><vAcc>0.756744</vAcc></extensions></trkpt>
      <trkpt lon="-82.153878" lat="33.554197"><ele>88.662238</ele><time>2025-09-14T15:11:14Z</time><extensions><speed>1.250878</speed><course>46.811039</course><hAcc>1.062283</hAcc><vAcc>0.756744</vAcc></extensions></trkpt>
      <trkpt lon="-82.153869" lat="33.554206"><ele>88.730844</ele><time>2025-09-14T15:11:15Z</time><extensions><speed>1.316580</speed><course>43.467921</course><hAcc>1.055593</hAcc><vAcc>0.756745</vAcc></extensions></trkpt>
      <trkpt lon="-82.153859" lat="33.554215"><ele>88.802195</ele><time>2025-09-14T15:11:16Z</time><extensions><speed>1.436924</speed><course>41.664088</course><hAcc>1.042210</hAcc><vAcc>0.756745</vAcc></extensions></trkpt>
      <trkpt lon="-82.153848" lat="33.554224"><ele>88.874660</ele><time>2025-09-14T15:11:17Z</time><extensions><speed>1.489706</speed><course>43.968238</course><hAcc>1.036688</hAcc><vAcc>0.756746</vAcc></extensions></trkpt>
      <trkpt lon="-82.153837" lat="33.554234"><ele>88.965541</ele><time>2025-09-14T15:11:18Z</time><extensions><speed>1.359735</speed><course>46.532787</course><hAcc>1.057952</hAcc><vAcc>0.756746</vAcc></extensions></trkpt>
      <trkpt lon="-82.153826" lat="33.554242"><ele>89.071208</ele><time>2025-09-14T15:11:19Z</time><extensions><speed>1.347546</speed><course>49.625780</course><hAcc>1.043667</hAcc><vAcc>0.756745</vAcc></extensions></trkpt>
      <trkpt lon="-82.153815" lat="33.554249"><ele>89.167611</ele><time>2025-09-14T15:11:20Z</time><extensions><speed>1.329789</speed><course>50.503990</course><hAcc>1.051136</hAcc><vAcc>0.756744</vAcc></extensions></trkpt>
      <trkpt lon="-82.153804" lat="33.554257"><ele>89.277400</ele><time>2025-09-14T15:11:21Z</time><extensions><speed>1.305110</speed><course>53.024305</course><hAcc>1.065564</hAcc><vAcc>0.756744</vAcc></extensions></trkpt>
      <trkpt lon="-82.153792" lat="33.554264"><ele>89.385805</ele><time>2025-09-14T15:11:22Z</time><extensions><speed>1.336231</speed><course>53.402165</course><hAcc>1.079925</hAcc><vAcc>0.756743</vAcc></extensions></trkpt>
      <trkpt lon="-82.153781" lat="33.554271"><ele>89.493060</ele><time>2025-09-14T15:11:23Z</time><extensions><speed>1.270685</speed><course>49.678811</course><hAcc>1.093194</hAcc><vAcc>0.756742</vAcc></extensions></trkpt>
      <trkpt lon="-82.153772" lat="33.554279"><ele>89.614290</ele><time>2025-09-14T15:11:24Z</time><extensions><speed>1.273119</speed><course>43.217078</course><hAcc>1.101841</hAcc><vAcc>0.756742</vAcc></extensions></trkpt>
      <trkpt lon="-82.153762" lat="33.554288"><ele>89.737080</ele><time>2025-09-14T15:11:25Z</time><extensions><speed>1.349460</speed><course>37.669556</course><hAcc>1.110371</hAcc><vAcc>0.756742</vAcc></extensions></trkpt>
      <trkpt lon="-82.153753" lat="33.554298"><ele>89.845864</ele><time>2025-09-14T15:11:26Z</time><extensions><speed>1.446240</speed><course>35.769516</course><hAcc>1.109293</hAcc><vAcc>0.756741</vAcc></extensions></trkpt>
      <trkpt lon="-82.153744" lat="33.554309"><ele>89.954750</ele><time>2025-09-14T15:11:27Z</time><extensions><speed>1.542042</speed><course>35.649372</course><hAcc>1.099524</hAcc><vAcc>0.756741</vAcc></extensions></trkpt>
      <trkpt lon="-82.153734" lat="33.554321"><ele>90.053746</ele><time>2025-09-14T15:11:28Z</time><extensions><speed>1.571069</speed><course>33.558181</course><hAcc>1.100711</hAcc><vAcc>0.756741</vAcc></extensions></trkpt>
      <trkpt lon="-82.153726" lat="33.554332"><ele>90.138903</ele><time>2025-09-14T15:11:29Z</time><extensions><speed>1.417415</speed><course>33.815338</course><hAcc>1.135058</hAcc><vAcc>0.756741</vAcc></extensions></trkpt>
      <trkpt lon="-82.153717" lat="33.554343"><ele>90.222092</ele><time>2025-09-14T15:11:30Z</time><extensions><speed>1.440569</speed><course>35.222435</course><hAcc>1.105524</hAcc><vAcc>0.756740</vAcc></extensions></trkpt>
      <trkpt lon="-82.153708" lat="33.554353"><ele>90.296506</ele><time>2025-09-14T15:11:31Z</time><extensions><speed>1.351017</speed><course>39.330677</course><hAcc>1.107569</hAcc><vAcc>0.756740</vAcc></extensions></trkpt>
      <trkpt lon="-82.153698" lat="33.554362"><ele>90.365114</ele><time>2025-09-14T15:11:32Z</time><extensions><speed>1.406244</speed><course>42.484628</course><hAcc>1.124363</hAcc><vAcc>0.756740</vAcc></extensions></trkpt>
      <trkpt lon="-82.153687" lat="33.554371"><ele>90.425742</ele><time>2025-09-14T15:11:33Z</time><extensions><speed>1.413632</speed><course>47.035221</course><hAcc>1.134915</hAcc><vAcc>0.756740</vAcc></extensions></trkpt>
      <trkpt lon="-82.153676" lat="33.554379"><ele>90.468919</ele><time>2025-09-14T15:11:34Z</time><extensions><speed>1.417760</speed><course>50.026129</course><hAcc>1.137390</hAcc><vAcc>0.756739</vAcc></extensions></trkpt>
      <trkpt lon="-82.153664" lat="33.554387"><ele>90.519711</ele><time>2025-09-14T15:11:35Z</time><extensions><speed>1.443696</speed><course>53.484824</course><hAcc>1.141474</hAcc><vAcc>0.756739</vAcc></extensions></trkpt>
      <trkpt lon="-82.153652" lat="33.554395"><ele>90.576288</ele><time>2025-09-14T15:11:36Z</time><extensions><speed>1.393956</speed><course>53.235019</course><hAcc>1.141711</hAcc><vAcc>0.756739</vAcc></extensions></trkpt>
      <trkpt lon="-82.153640" lat="33.554402"><ele>90.625673</ele><time>2025-09-14T15:11:37Z</time><extensions><speed>1.266950</speed><course>52.819845</course><hAcc>1.136891</hAcc><vAcc>0.756739</vAcc></extensions></trkpt>
      <trkpt lon="-82.153630" lat="33.554409"><ele>90.661602</ele><time>2025-09-14T15:11:38Z</time><extensions><speed>1.179826</speed><course>50.450862</course><hAcc>1.128826</hAcc><vAcc>0.756740</vAcc></extensions></trkpt>
      <trkpt lon="-82.153620" lat="33.554417"><ele>90.698644</ele><time>2025-09-14T15:11:39Z</time><extensions><speed>1.302604</speed><course>45.383332</course><hAcc>1.117606</hAcc><vAcc>0.756740</vAcc></extensions></trkpt>
      <trkpt lon="-82.153610" lat="33.554425"><ele>90.732783</ele><time>2025-09-14T15:11:40Z</time><extensions><speed>1.362457</speed><course>40.259786</course><hAcc>1.098655</hAcc><vAcc>0.756740</vAcc></extensions></trkpt>
      <trkpt lon="-82.153600" lat="33.554435"><ele>90.758879</ele><time>2025-09-14T15:11:41Z</time><extensions><speed>1.471615</speed><course>38.784466</course><hAcc>1.076383</hAcc><vAcc>0.756740</vAcc></extensions></trkpt>
      <trkpt lon="-82.153590" lat="33.554446"><ele>90.764268</ele><time>2025-09-14T15:11:42Z</time><extensions><speed>1.571781</speed><course>38.718669</course><hAcc>1.067068</hAcc><vAcc>0.756740</vAcc></extensions></trkpt>
      <trkpt lon="-82.153580" lat="33.554457"><ele>90.767611</ele><time>2025-09-14T15:11:43Z</time><extensions><speed>1.483083</speed><course>39.986049</course><hAcc>1.095725</hAcc><vAcc>0.756740</vAcc></extensions></trkpt>
      <trkpt lon="-82.153570" lat="33.554466"><ele>90.758136</ele><time>2025-09-14T15:11:44Z</time><extensions><speed>1.376929</speed><course>42.981527</course><hAcc>1.087839</hAcc><vAcc>0.756740</vAcc></extensions></trkpt>
      <trkpt lon="-82.153559" lat="33.554474"><ele>90.744722</ele><time>2025-09-14T15:11:45Z</time><extensions><speed>1.209071</speed><course>49.723278</course><hAcc>1.079563</hAcc><vAcc>0.756740</vAcc></extensions></trkpt>
      <trkpt lon="-82.153550" lat="33.554481"><ele>90.730776</ele><time>2025-09-14T15:11:46Z</time><extensions><speed>1.159968</speed><course>50.967172</course><hAcc>1.097990</hAcc><vAcc>0.756740</vAcc></extensions></trkpt>
      <trkpt lon="-82.153540" lat="33.554488"><ele>90.704176</ele><time>2025-09-14T15:11:47Z</time><extensions><speed>1.264239</speed><course>49.307160</course><hAcc>1.118981</hAcc><vAcc>0.756741</vAcc></extensions></trkpt>
      <trkpt lon="-82.153529" lat="33.554496"><ele>90.669060</ele><time>2025-09-14T15:11:48Z</time><extensions><speed>1.415139</speed><course>48.486181</course><hAcc>1.130268</hAcc><vAcc>0.756741</vAcc></extensions></trkpt>
      <trkpt lon="-82.153517" lat="33.554505"><ele>90.629946</ele><time>2025-09-14T15:11:49Z</time><extensions><speed>1.476556</speed><course>47.742024</course><hAcc>1.143825</hAcc><vAcc>0.756741</vAcc></extensions></trkpt>
      <trkpt lon="-82.153505" lat="33.554514"><ele>90.585827</ele><time>2025-09-14T15:11:50Z</time><extensions><speed>1.465733</speed><course>48.031444</course><hAcc>1.149386</hAcc><vAcc>0.756741</vAcc></extensions></trkpt>
      <trkpt lon="-82.153494" lat="33.554522"><ele>90.523181</ele><time>2025-09-14T15:11:51Z</time><extensions><speed>1.404028</speed><course>50.215491</course><hAcc>1.148822</hAcc><vAcc>0.756741</vAcc></extensions></trkpt>
      <trkpt lon="-82.153482" lat="33.554530"><ele>90.467468</ele><time>2025-09-14T15:11:52Z</time><extensions><speed>1.325045</speed><course>55.158804</course><hAcc>1.143255</hAcc><vAcc>0.756741</vAcc></extensions></trkpt>
      <trkpt lon="-82.153471" lat="33.554536"><ele>90.416364</ele><time>2025-09-14T15:11:53Z</time><extensions><speed>1.208826</speed><course>59.931209</course><hAcc>1.146783</hAcc><vAcc>0.756741</vAcc></extensions></trkpt>
      <trkpt lon="-82.153460" lat="33.554541"><ele>90.371370</ele><time>2025-09-14T15:11:54Z</time><extensions><speed>1.167762</speed><course>58.561335</course><hAcc>1.143123</hAcc><vAcc>0.756741</vAcc></extensions></trkpt>
      <trkpt lon="-82.153449" lat="33.554548"><ele>90.329374</ele><time>2025-09-14T15:11:55Z</time><extensions><speed>1.279800</speed><course>53.898052</course><hAcc>1.142706</hAcc><vAcc>0.756741</vAcc></extensions></trkpt>
      <trkpt lon="-82.153438" lat="33.554555"><ele>90.281885</ele><time>2025-09-14T15:11:56Z</time><extensions><speed>1.356230</speed><course>49.641718</course><hAcc>1.142277</hAcc><vAcc>0.756741</vAcc></extensions></trkpt>
      <trkpt lon="-82.153426" lat="33.554563"><ele>90.237293</ele><time>2025-09-14T15:11:57Z</time><extensions><speed>1.375955</speed><course>48.603081</course><hAcc>1.147709</hAcc><vAcc>0.756741</vAcc></extensions></trkpt>
      <trkpt lon="-82.153415" lat="33.554571"><ele>90.198809</ele><time>2025-09-14T15:11:58Z</time><extensions><speed>1.372407</speed><course>47.056494</course><hAcc>1.152970</hAcc><vAcc>0.756742</vAcc></extensions></trkpt>
      <trkpt lon="-82.153405" lat="33.554580"><ele>90.149058</ele><time>2025-09-14T15:11:59Z</time><extensions><speed>1.384498</speed><course>43.684125</course><hAcc>1.159813</hAcc><vAcc>0.756742</vAcc></extensions></trkpt>
      <trkpt lon="-82.153395" lat="33.554589"><ele>90.105576</ele><time>2025-09-14T15:12:00Z</time><extensions><speed>1.419184</speed><course>42.481353</course><hAcc>1.160170</hAcc><vAcc>0.756742</vAcc></extensions></trkpt>
      <trkpt lon="-82.153384" lat="33.554599"><ele>90.075369</ele><time>2025-09-14T15:12:01Z</time><extensions><speed>1.475855</speed><course>41.195193</course><hAcc>1.157177</hAcc><vAcc>0.756742</vAcc></extensions></trkpt>
      <trkpt lon="-82.153374" lat="33.554609"><ele>90.047691</ele><time>2025-09-14T15:12:02Z</time><extensions><speed>1.468215</speed><course>40.993535</course><hAcc>1.161928</hAcc><vAcc>0.756742</vAcc></extensions></trkpt>
      <trkpt lon="-82.153363" lat="33.554619"><ele>90.018020</ele><time>2025-09-14T15:12:03Z</time><extensions><speed>1.491035</speed><course>44.277533</course><hAcc>1.152543</hAcc><vAcc>0.756742</vAcc></extensions></trkpt>
      <trkpt lon="-82.153351" lat="33.554628"><ele>89.995862</ele><time>2025-09-14T15:12:04Z</time><extensions><speed>1.515076</speed><course>48.902913</course><hAcc>1.143218</hAcc><vAcc>0.756742</vAcc></extensions></trkpt>
      <trkpt lon="-82.153339" lat="33.554637"><ele>89.969543</ele><time>2025-09-14T15:12:05Z</time><extensions><speed>1.508527</speed><course>52.397100</course><hAcc>1.137377</hAcc><vAcc>0.756742</vAcc></extensions></trkpt>
      <trkpt lon="-82.153326" lat="33.554645"><ele>89.930860</ele><time>2025-09-14T15:12:06Z</time><extensions><speed>1.396592</speed><course>53.080542</course><hAcc>1.133765</hAcc><vAcc>0.756742</vAcc></extensions></trkpt>
      <trkpt lon="-82.153316" lat="33.554652"><ele>89.896262</ele><time>2025-09-14T15:12:07Z</time><extensions><speed>1.197393</speed><course>46.022266</course><hAcc>1.130103</hAcc><vAcc>0.756742</vAcc></extensions></trkpt>
      <trkpt lon="-82.153307" lat="33.554660"><ele>89.875101</ele><time>2025-09-14T15:12:08Z</time><extensions><speed>1.202488</speed><course>36.852597</course><hAcc>1.122985</hAcc><vAcc>0.756742</vAcc></extensions></trkpt>
      <trkpt lon="-82.153299" lat="33.554670"><ele>89.861193</ele><time>2025-09-14T15:12:09Z</time><extensions><speed>1.311513</speed><course>32.614301</course><hAcc>1.115423</hAcc><vAcc>0.756742</vAcc></extensions></trkpt>
      <trkpt lon="-82.153292" lat="33.554680"><ele>89.857091</ele><time>2025-09-14T15:12:10Z</time><extensions><speed>1.345284</speed><course>28.207291</course><hAcc>1.115850</hAcc><vAcc>0.756742</vAcc></extensions></trkpt>
      <trkpt lon="-82.153286" lat="33.554691"><ele>89.862978</ele><time>2025-09-14T15:12:11Z</time><extensions><speed>1.348384</speed><course>21.108943</course><hAcc>1.116384</hAcc><vAcc>0.756742</vAcc></extensions></trkpt>
      <trkpt lon="-82.153281" lat="33.554702"><ele>89.864599</ele><time>2025-09-14T15:12:12Z</time><extensions><speed>1.303220</speed><course>24.366808</course><hAcc>1.122132</hAcc><vAcc>0.756742</vAcc></extensions></trkpt>
      <trkpt lon="-82.153274" lat="33.554713"><ele>89.876295</ele><time>2025-09-14T15:12:13Z</time><extensions><speed>1.374747</speed><course>28.135721</course><hAcc>1.125398</hAcc><vAcc>0.756742</vAcc></extensions></trkpt>
      <trkpt lon="-82.153267" lat="33.554723"><ele>89.890309</ele><time>2025-09-14T15:12:14Z</time><extensions><speed>1.336834</speed><course>32.493379</course><hAcc>1.132232</hAcc><vAcc>0.756742</vAcc></extensions></trkpt>
      <trkpt lon="-82.153259" lat="33.554733"><ele>89.912465</ele><time>2025-09-14T15:12:15Z</time><extensions><speed>1.289113</speed><course>36.945363</course><hAcc>1.135999</hAcc><vAcc>0.756742</vAcc></extensions></trkpt>
      <trkpt lon="-82.153250" lat="33.554742"><ele>89.934363</ele><time>2025-09-14T15:12:16Z</time><extensions><speed>1.292443</speed><course>39.476284</course><hAcc>1.138715</hAcc><vAcc>0.756742</vAcc></extensions></trkpt>
      <trkpt lon="-82.153241" lat="33.554751"><ele>89.959571</ele><time>2025-09-14T15:12:17Z</time><extensions><speed>1.279850</speed><course>44.142679</course><hAcc>1.145076</hAcc><vAcc>0.756742</vAcc></extensions></trkpt>
      <trkpt lon="-82.153231" lat="33.554759"><ele>89.991848</ele><time>2025-09-14T15:12:18Z</time><extensions><speed>1.298436</speed><course>49.052059</course><hAcc>1.144457</hAcc><vAcc>0.756742</vAcc></extensions></trkpt>
      <trkpt lon="-82.153220" lat="33.554767"><ele>90.017351</ele><time>2025-09-14T15:12:19Z</time><extensions><speed>1.363048</speed><course>46.413410</course><hAcc>1.150660</hAcc><vAcc>0.756742</vAcc></extensions></trkpt>
      <trkpt lon="-82.153210" lat="33.554776"><ele>90.036572</ele><time>2025-09-14T15:12:20Z</time><extensions><speed>1.430478</speed><course>44.435237</course><hAcc>1.158277</hAcc><vAcc>0.756742</vAcc></extensions></trkpt>
      <trkpt lon="-82.153199" lat="33.554785"><ele>90.040232</ele><time>2025-09-14T15:12:21Z</time><extensions><speed>1.488182</speed><course>40.956866</course><hAcc>1.164255</hAcc><vAcc>0.756742</vAcc></extensions></trkpt>
      <trkpt lon="-82.153189" lat="33.554795"><ele>90.034285</ele><time>2025-09-14T15:12:22Z</time><extensions><speed>1.437585</speed><course>40.481488</course><hAcc>1.165772</hAcc><vAcc>0.756742</vAcc></extensions></trkpt>
      <trkpt lon="-82.153179" lat="33.554805"><ele>90.027306</ele><time>2025-09-14T15:12:23Z</time><extensions><speed>1.309125</speed><course>39.894099</course><hAcc>1.167064</hAcc><vAcc>0.756742</vAcc></extensions></trkpt>
      <trkpt lon="-82.153170" lat="33.554814"><ele>90.018999</ele><time>2025-09-14T15:12:24Z</time><extensions><speed>1.202438</speed><course>39.169623</course><hAcc>1.163928</hAcc><vAcc>0.756742</vAcc></extensions></trkpt>
      <trkpt lon="-82.153163" lat="33.554822"><ele>89.998272</ele><time>2025-09-14T15:12:25Z</time><extensions><speed>1.221915</speed><course>34.692021</course><hAcc>1.164618</hAcc><vAcc>0.756742</vAcc></extensions></trkpt>
      <trkpt lon="-82.153155" lat="33.554832"><ele>89.960053</ele><time>2025-09-14T15:12:26Z</time><extensions><speed>1.308337</speed><course>31.929945</course><hAcc>1.163519</hAcc><vAcc>0.756742</vAcc></extensions></trkpt>
      <trkpt lon="-82.153148" lat="33.554842"><ele>89.910051</ele><time>2025-09-14T15:12:27Z</time><extensions><speed>1.370904</speed><course>30.556600</course><hAcc>1.161457</hAcc><vAcc>0.756742</vAcc></extensions></trkpt>
      <trkpt lon="-82.153140" lat="33.554853"><ele>89.855524</ele><time>2025-09-14T15:12:28Z</time><extensions><speed>1.300010</speed><course>31.322270</course><hAcc>1.162919</hAcc><vAcc>0.756742</vAcc></extensions></trkpt>
      <trkpt lon="-82.153133" lat="33.554862"><ele>89.791232</ele><time>2025-09-14T15:12:29Z</time><extensions><speed>1.215725</speed><course>33.537163</course><hAcc>1.159340</hAcc><vAcc>0.756742</vAcc></extensions></trkpt>
      <trkpt lon="-82.153125" lat="33.554871"><ele>89.718336</ele><time>2025-09-14T15:12:30Z</time><extensions><speed>1.197802</speed><course>37.874667</course><hAcc>1.153750</hAcc><vAcc>0.756742</vAcc></extensions></trkpt>
      <trkpt lon="-82.153117" lat="33.554879"><ele>89.626995</ele><time>2025-09-14T15:12:31Z</time><extensions><speed>1.223695</speed><course>42.006554</course><hAcc>1.144077</hAcc><vAcc>0.756742</vAcc></extensions></trkpt>
      <trkpt lon="-82.153108" lat="33.554888"><ele>89.535841</ele><time>2025-09-14T15:12:32Z</time><extensions><speed>1.237807</speed><course>42.859225</course><hAcc>1.143408</hAcc><vAcc>0.756742</vAcc></extensions></trkpt>
      <trkpt lon="-82.153099" lat="33.554896"><ele>89.440340</ele><time>2025-09-14T15:12:33Z</time><extensions><speed>1.212883</speed><course>41.915206</course><hAcc>1.144978</hAcc><vAcc>0.756742</vAcc></extensions></trkpt>
      <trkpt lon="-82.153091" lat="33.554904"><ele>89.351055</ele><time>2025-09-14T15:12:34Z</time><extensions><speed>1.198810</speed><course>41.174588</course><hAcc>1.139779</hAcc><vAcc>0.756742</vAcc></extensions></trkpt>
      <trkpt lon="-82.153082" lat="33.554912"><ele>89.265636</ele><time>2025-09-14T15:12:35Z</time><extensions><speed>1.195837</speed><course>39.403975</course><hAcc>1.138159</hAcc><vAcc>0.756742</vAcc></extensions></trkpt>
      <trkpt lon="-82.153074" lat="33.554921"><ele>89.189170</ele><time>2025-09-14T15:12:36Z</time><extensions><speed>1.222392</speed><course>38.661670</course><hAcc>1.138199</hAcc><vAcc>0.756742</vAcc></extensions></trkpt>
      <trkpt lon="-82.153066" lat="33.554929"><ele>89.119134</ele><time>2025-09-14T15:12:37Z</time><extensions><speed>1.229617</speed><course>38.829421</course><hAcc>1.145738</hAcc><vAcc>0.756742</vAcc></extensions></trkpt>
      <trkpt lon="-82.153058" lat="33.554937"><ele>89.061057</ele><time>2025-09-14T15:12:38Z</time><extensions><speed>1.154048</speed><course>41.288518</course><hAcc>1.153518</hAcc><vAcc>0.756742</vAcc></extensions></trkpt>
      <trkpt lon="-82.153049" lat="33.554945"><ele>88.990338</ele><time>2025-09-14T15:12:39Z</time><extensions><speed>1.180610</speed><course>41.085096</course><hAcc>1.151154</hAcc><vAcc>0.756742</vAcc></extensions></trkpt>
      <trkpt lon="-82.153041" lat="33.554954"><ele>88.933267</ele><time>2025-09-14T15:12:40Z</time><extensions><speed>1.265123</speed><course>33.570534</course><hAcc>1.148311</hAcc><vAcc>0.756742</vAcc></extensions></trkpt>
      <trkpt lon="-82.153034" lat="33.554964"><ele>88.883305</ele><time>2025-09-14T15:12:41Z</time><extensions><speed>1.391942</speed><course>26.340910</course><hAcc>1.142095</hAcc><vAcc>0.756742</vAcc></extensions></trkpt>
      <trkpt lon="-82.153028" lat="33.554976"><ele>88.841561</ele><time>2025-09-14T15:12:42Z</time><extensions><speed>1.478901</speed><course>22.486187</course><hAcc>1.147926</hAcc><vAcc>0.756742</vAcc></extensions></trkpt>
      <trkpt lon="-82.153022" lat="33.554989"><ele>88.789720</ele><time>2025-09-14T15:12:43Z</time><extensions><speed>1.528851</speed><course>19.458473</course><hAcc>1.145141</hAcc><vAcc>0.756742</vAcc></extensions></trkpt>
      <trkpt lon="-82.153017" lat="33.555002"><ele>88.737939</ele><time>2025-09-14T15:12:44Z</time><extensions><speed>1.561959</speed><course>16.730664</course><hAcc>1.140621</hAcc><vAcc>0.756742</vAcc></extensions></trkpt>
      <trkpt lon="-82.153012" lat="33.555015"><ele>88.688305</ele><time>2025-09-14T15:12:45Z</time><extensions><speed>1.524423</speed><course>17.378367</course><hAcc>1.136582</hAcc><vAcc>0.756742</vAcc></extensions></trkpt>
      <trkpt lon="-82.153007" lat="33.555028"><ele>88.638338</ele><time>2025-09-14T15:12:46Z</time><extensions><speed>1.358462</speed><course>20.571555</course><hAcc>1.138941</hAcc><vAcc>0.756742</vAcc></extensions></trkpt>
      <trkpt lon="-82.153002" lat="33.555039"><ele>88.584085</ele><time>2025-09-14T15:12:47Z</time><extensions><speed>1.247446</speed><course>22.818770</course><hAcc>1.142700</hAcc><vAcc>0.756742</vAcc></extensions></trkpt>
      <trkpt lon="-82.152996" lat="33.555050"><ele>88.545602</ele><time>2025-09-14T15:12:48Z</time><extensions><speed>1.355449</speed><course>22.350344</course><hAcc>1.140462</hAcc><vAcc>0.756742</vAcc></extensions></trkpt>
      <trkpt lon="-82.152991" lat="33.555061"><ele>88.502592</ele><time>2025-09-14T15:12:49Z</time><extensions><speed>1.452909</speed><course>20.936757</course><hAcc>1.132850</hAcc><vAcc>0.756742</vAcc></extensions></trkpt>
      <trkpt lon="-82.152985" lat="33.555074"><ele>88.467092</ele><time>2025-09-14T15:12:50Z</time><extensions><speed>1.510037</speed><course>19.788289</course><hAcc>1.128807</hAcc><vAcc>0.756742</vAcc></extensions></trkpt>
      <trkpt lon="-82.152980" lat="33.555087"><ele>88.429813</ele><time>2025-09-14T15:12:51Z</time><extensions><speed>1.553242</speed><course>21.194736</course><hAcc>1.134625</hAcc><vAcc>0.756742</vAcc></extensions></trkpt>
      <trkpt lon="-82.152974" lat="33.555099"><ele>88.396788</ele><time>2025-09-14T15:12:52Z</time><extensions><speed>1.399612</speed><course>21.888342</course><hAcc>1.167083</hAcc><vAcc>0.756742</vAcc></extensions></trkpt>
      <trkpt lon="-82.152967" lat="33.555110"><ele>88.367632</ele><time>2025-09-14T15:12:53Z</time><extensions><speed>1.394823</speed><course>33.430919</course><hAcc>1.125009</hAcc><vAcc>0.756742</vAcc></extensions></trkpt>
      <trkpt lon="-82.152957" lat="33.555121"><ele>88.336047</ele><time>2025-09-14T15:12:54Z</time><extensions><speed>1.488119</speed><course>40.690519</course><hAcc>1.120471</hAcc><vAcc>0.756742</vAcc></extensions></trkpt>
      <trkpt lon="-82.152946" lat="33.555131"><ele>88.314507</ele><time>2025-09-14T15:12:55Z</time><extensions><speed>1.559863</speed><course>44.148905</course><hAcc>1.134124</hAcc><vAcc>0.756742</vAcc></extensions></trkpt>
      <trkpt lon="-82.152935" lat="33.555141"><ele>88.305045</ele><time>2025-09-14T15:12:56Z</time><extensions><speed>1.578328</speed><course>42.532345</course><hAcc>1.140779</hAcc><vAcc>0.756742</vAcc></extensions></trkpt>
      <trkpt lon="-82.152924" lat="33.555152"><ele>88.282176</ele><time>2025-09-14T15:12:57Z</time><extensions><speed>1.552618</speed><course>37.355395</course><hAcc>1.138609</hAcc><vAcc>0.756742</vAcc></extensions></trkpt>
      <trkpt lon="-82.152915" lat="33.555163"><ele>88.248421</ele><time>2025-09-14T15:12:58Z</time><extensions><speed>1.430680</speed><course>29.399598</course><hAcc>1.136719</hAcc><vAcc>0.756742</vAcc></extensions></trkpt>
      <trkpt lon="-82.152909" lat="33.555174"><ele>88.217039</ele><time>2025-09-14T15:12:59Z</time><extensions><speed>1.304749</speed><course>22.902361</course><hAcc>1.140519</hAcc><vAcc>0.756742</vAcc></extensions></trkpt>
      <trkpt lon="-82.152904" lat="33.555185"><ele>88.190566</ele><time>2025-09-14T15:13:00Z</time><extensions><speed>1.245277</speed><course>17.654073</course><hAcc>1.134916</hAcc><vAcc>0.756742</vAcc></extensions></trkpt>
      <trkpt lon="-82.152900" lat="33.555196"><ele>88.161155</ele><time>2025-09-14T15:13:01Z</time><extensions><speed>1.206914</speed><course>11.905705</course><hAcc>1.116159</hAcc><vAcc>0.756742</vAcc></extensions></trkpt>
      <trkpt lon="-82.152898" lat="33.555206"><ele>88.121194</ele><time>2025-09-14T15:13:02Z</time><extensions><speed>1.254013</speed><course>11.943782</course><hAcc>1.127971</hAcc><vAcc>0.756742</vAcc></extensions></trkpt>
      <trkpt lon="-82.152894" lat="33.555218"><ele>88.071323</ele><time>2025-09-14T15:13:03Z</time><extensions><speed>1.358481</speed><course>15.205458</course><hAcc>1.129794</hAcc><vAcc>0.756742</vAcc></extensions></trkpt>
      <trkpt lon="-82.152890" lat="33.555230"><ele>87.999704</ele><time>2025-09-14T15:13:04Z</time><extensions><speed>1.442409</speed><course>18.866518</course><hAcc>1.126927</hAcc><vAcc>0.756742</vAcc></extensions></trkpt>
      <trkpt lon="-82.152885" lat="33.555242"><ele>87.910352</ele><time>2025-09-14T15:13:05Z</time><extensions><speed>1.498314</speed><course>20.327733</course><hAcc>1.127054</hAcc><vAcc>0.756742</vAcc></extensions></trkpt>
      <trkpt lon="-82.152879" lat="33.555255"><ele>87.817853</ele><time>2025-09-14T15:13:06Z</time><extensions><speed>1.465191</speed><course>24.001365</course><hAcc>1.134990</hAcc><vAcc>0.756742</vAcc></extensions></trkpt>
      <trkpt lon="-82.152872" lat="33.555266"><ele>87.712994</ele><time>2025-09-14T15:13:07Z</time><extensions><speed>1.329823</speed><course>29.536100</course><hAcc>1.139398</hAcc><vAcc>0.756742</vAcc></extensions></trkpt>
      <trkpt lon="-82.152865" lat="33.555276"><ele>87.606783</ele><time>2025-09-14T15:13:08Z</time><extensions><speed>1.269286</speed><course>30.675691</course><hAcc>1.136026</hAcc><vAcc>0.756742</vAcc></extensions></trkpt>
      <trkpt lon="-82.152858" lat="33.555286"><ele>87.495221</ele><time>2025-09-14T15:13:09Z</time><extensions><speed>1.276106</speed><course>28.338706</course><hAcc>1.145865</hAcc><vAcc>0.756742</vAcc></extensions></trkpt>
      <trkpt lon="-82.152851" lat="33.555297"><ele>87.376901</ele><time>2025-09-14T15:13:10Z</time><extensions><speed>1.398272</speed><course>27.699855</course><hAcc>1.150974</hAcc><vAcc>0.756742</vAcc></extensions></trkpt>
      <trkpt lon="-82.152844" lat="33.555308"><ele>87.253594</ele><time>2025-09-14T15:13:11Z</time><extensions><speed>1.434196</speed><course>28.811476</course><hAcc>1.151577</hAcc><vAcc>0.756742</vAcc></extensions></trkpt>
      <trkpt lon="-82.152837" lat="33.555319"><ele>87.125227</ele><time>2025-09-14T15:13:12Z</time><extensions><speed>1.421460</speed><course>26.848129</course><hAcc>1.147970</hAcc><vAcc>0.756742</vAcc></extensions></trkpt>
      <trkpt lon="-82.152831" lat="33.555331"><ele>87.005688</ele><time>2025-09-14T15:13:13Z</time><extensions><speed>1.375522</speed><course>22.180003</course><hAcc>1.140815</hAcc><vAcc>0.756742</vAcc></extensions></trkpt>
      <trkpt lon="-82.152826" lat="33.555342"><ele>86.885008</ele><time>2025-09-14T15:13:14Z</time><extensions><speed>1.348565</speed><course>17.856294</course><hAcc>1.128071</hAcc><vAcc>0.756743</vAcc></extensions></trkpt>
      <trkpt lon="-82.152821" lat="33.555354"><ele>86.767107</ele><time>2025-09-14T15:13:15Z</time><extensions><speed>1.322388</speed><course>15.373014</course><hAcc>1.120431</hAcc><vAcc>0.756743</vAcc></extensions></trkpt>
      <trkpt lon="-82.152818" lat="33.555365"><ele>86.666651</ele><time>2025-09-14T15:13:16Z</time><extensions><speed>1.268329</speed><course>13.334452</course><hAcc>1.116693</hAcc><vAcc>0.756743</vAcc></extensions></trkpt>
      <trkpt lon="-82.152815" lat="33.555376"><ele>86.568495</ele><time>2025-09-14T15:13:17Z</time><extensions><speed>1.202138</speed><course>9.886971</course><hAcc>1.103216</hAcc><vAcc>0.756743</vAcc></extensions></trkpt>
      <trkpt lon="-82.152813" lat="33.555387"><ele>86.472451</ele><time>2025-09-14T15:13:18Z</time><extensions><speed>1.154655</speed><course>7.435012</course><hAcc>1.092476</hAcc><vAcc>0.756744</vAcc></extensions></trkpt>
      <trkpt lon="-82.152812" lat="33.555397"><ele>86.364324</ele><time>2025-09-14T15:13:19Z</time><extensions><speed>1.185667</speed><course>7.143535</course><hAcc>1.081361</hAcc><vAcc>0.756744</vAcc></extensions></trkpt>
      <trkpt lon="-82.152810" lat="33.555408"><ele>86.262274</ele><time>2025-09-14T15:13:20Z</time><extensions><speed>1.269958</speed><course>8.731316</course><hAcc>1.064758</hAcc><vAcc>0.756745</vAcc></extensions></trkpt>
      <trkpt lon="-82.152808" lat="33.555420"><ele>86.167398</ele><time>2025-09-14T15:13:21Z</time><extensions><speed>1.368849</speed><course>9.906067</course><hAcc>1.057665</hAcc><vAcc>0.756745</vAcc></extensions></trkpt>
      <trkpt lon="-82.152805" lat="33.555432"><ele>86.086841</ele><time>2025-09-14T15:13:22Z</time><extensions><speed>1.321306</speed><course>12.589181</course><hAcc>1.066448</hAcc><vAcc>0.756746</vAcc></extensions></trkpt>
      <trkpt lon="-82.152801" lat="33.555443"><ele>86.013930</ele><time>2025-09-14T15:13:23Z</time><extensions><speed>1.347689</speed><course>15.467364</course><hAcc>1.049358</hAcc><vAcc>0.756747</vAcc></extensions></trkpt>
      <trkpt lon="-82.152797" lat="33.555455"><ele>85.946158</ele><time>2025-09-14T15:13:24Z</time><extensions><speed>1.347954</speed><course>22.037969</course><hAcc>1.045078</hAcc><vAcc>0.756747</vAcc></extensions></trkpt>
      <trkpt lon="-82.152791" lat="33.555466"><ele>85.889491</ele><time>2025-09-14T15:13:25Z</time><extensions><speed>1.299230</speed><course>27.981623</course><hAcc>1.046150</hAcc><vAcc>0.756746</vAcc></extensions></trkpt>
      <trkpt lon="-82.152784" lat="33.555475"><ele>85.837055</ele><time>2025-09-14T15:13:26Z</time><extensions><speed>1.166708</speed><course>29.515869</course><hAcc>1.049480</hAcc><vAcc>0.756745</vAcc></extensions></trkpt>
      <trkpt lon="-82.152779" lat="33.555485"><ele>85.788091</ele><time>2025-09-14T15:13:27Z</time><extensions><speed>1.154956</speed><course>25.681703</course><hAcc>1.057292</hAcc><vAcc>0.756745</vAcc></extensions></trkpt>
      <trkpt lon="-82.152773" lat="33.555495"><ele>85.758202</ele><time>2025-09-14T15:13:28Z</time><extensions><speed>1.245106</speed><course>22.535683</course><hAcc>1.055832</hAcc><vAcc>0.756744</vAcc></extensions></trkpt>
      <trkpt lon="-82.152768" lat="33.555505"><ele>85.725190</ele><time>2025-09-14T15:13:29Z</time><extensions><speed>1.244729</speed><course>21.517375</course><hAcc>1.043622</hAcc><vAcc>0.756744</vAcc></extensions></trkpt>
      <trkpt lon="-82.152763" lat="33.555515"><ele>85.688167</ele><time>2025-09-14T15:13:30Z</time><extensions><speed>1.232453</speed><course>21.670862</course><hAcc>1.043373</hAcc><vAcc>0.756743</vAcc></extensions></trkpt>
      <trkpt lon="-82.152758" lat="33.555525"><ele>85.656624</ele><time>2025-09-14T15:13:31Z</time><extensions><speed>1.186061</speed><course>24.681709</course><hAcc>1.044857</hAcc><vAcc>0.756743</vAcc></extensions></trkpt>
      <trkpt lon="-82.152753" lat="33.555535"><ele>85.632332</ele><time>2025-09-14T15:13:32Z</time><extensions><speed>1.128871</speed><course>25.282195</course><hAcc>1.043897</hAcc><vAcc>0.756743</vAcc></extensions></trkpt>
      <trkpt lon="-82.152748" lat="33.555544"><ele>85.616308</ele><time>2025-09-14T15:13:33Z</time><extensions><speed>1.116873</speed><course>23.748258</course><hAcc>1.044200</hAcc><vAcc>0.756742</vAcc></extensions></trkpt>
      <trkpt lon="-82.152743" lat="33.555554"><ele>85.600085</ele><time>2025-09-14T15:13:34Z</time><extensions><speed>1.170982</speed><course>22.038200</course><hAcc>1.046207</hAcc><vAcc>0.756742</vAcc></extensions></trkpt>
      <trkpt lon="-82.152738" lat="33.555564"><ele>85.591457</ele><time>2025-09-14T15:13:35Z</time><extensions><speed>1.240543</speed><course>24.147787</course><hAcc>1.049896</hAcc><vAcc>0.756742</vAcc></extensions></trkpt>
      <trkpt lon="-82.152732" lat="33.555573"><ele>85.588422</ele><time>2025-09-14T15:13:36Z</time><extensions><speed>1.234800</speed><course>29.890824</course><hAcc>1.058595</hAcc><vAcc>0.756742</vAcc></extensions></trkpt>
      <trkpt lon="-82.152725" lat="33.555582"><ele>85.583634</ele><time>2025-09-14T15:13:37Z</time><extensions><speed>1.143588</speed><course>37.307349</course><hAcc>1.064057</hAcc><vAcc>0.756742</vAcc></extensions></trkpt>
      <trkpt lon="-82.152717" lat="33.555590"><ele>85.581279</ele><time>2025-09-14T15:13:38Z</time><extensions><speed>1.113950</speed><course>39.059980</course><hAcc>1.067013</hAcc><vAcc>0.756742</vAcc></extensions></trkpt>
      <trkpt lon="-82.152710" lat="33.555599"><ele>85.584683</ele><time>2025-09-14T15:13:39Z</time><extensions><speed>1.174687</speed><course>37.309387</course><hAcc>1.074817</hAcc><vAcc>0.756742</vAcc></extensions></trkpt>
      <trkpt lon="-82.152702" lat="33.555607"><ele>85.589513</ele><time>2025-09-14T15:13:40Z</time><extensions><speed>1.277591</speed><course>36.138489</course><hAcc>1.077835</hAcc><vAcc>0.756742</vAcc></extensions></trkpt>
      <trkpt lon="-82.152694" lat="33.555617"><ele>85.599931</ele><time>2025-09-14T15:13:41Z</time><extensions><speed>1.351408</speed><course>36.628949</course><hAcc>1.083528</hAcc><vAcc>0.756742</vAcc></extensions></trkpt>
      <trkpt lon="-82.152685" lat="33.555627"><ele>85.611195</ele><time>2025-09-14T15:13:42Z</time><extensions><speed>1.367627</speed><course>36.686189</course><hAcc>1.079822</hAcc><vAcc>0.756742</vAcc></extensions></trkpt>
      <trkpt lon="-82.152676" lat="33.555637"><ele>85.632277</ele><time>2025-09-14T15:13:43Z</time><extensions><speed>1.385754</speed><course>36.182760</course><hAcc>1.074281</hAcc><vAcc>0.756742</vAcc></extensions></trkpt>
      <trkpt lon="-82.152667" lat="33.555647"><ele>85.656511</ele><time>2025-09-14T15:13:44Z</time><extensions><speed>1.385230</speed><course>36.690632</course><hAcc>1.067189</hAcc><vAcc>0.756742</vAcc></extensions></trkpt>
      <trkpt lon="-82.152658" lat="33.555656"><ele>85.695502</ele><time>2025-09-14T15:13:45Z</time><extensions><speed>1.298927</speed><course>41.895922</course><hAcc>1.057013</hAcc><vAcc>0.756742</vAcc></extensions></trkpt>
      <trkpt lon="-82.152648" lat="33.555664"><ele>85.744429</ele><time>2025-09-14T15:13:46Z</time><extensions><speed>1.300740</speed><course>48.108661</course><hAcc>1.048053</hAcc><vAcc>0.756742</vAcc></extensions></trkpt>
      <trkpt lon="-82.152637" lat="33.555672"><ele>85.797162</ele><time>2025-09-14T15:13:47Z</time><extensions><speed>1.316836</speed><course>53.322643</course><hAcc>1.034213</hAcc><vAcc>0.756742</vAcc></extensions></trkpt>
      <trkpt lon="-82.152625" lat="33.555679"><ele>85.842176</ele><time>2025-09-14T15:13:48Z</time><extensions><speed>1.382746</speed><course>58.796266</course><hAcc>1.015037</hAcc><vAcc>0.756742</vAcc></extensions></trkpt>
      <trkpt lon="-82.152612" lat="33.555684"><ele>85.898138</ele><time>2025-09-14T15:13:49Z</time><extensions><speed>1.467105</speed><course>66.853593</course><hAcc>1.004501</hAcc><vAcc>0.756742</vAcc></extensions></trkpt>
      <trkpt lon="-82.152597" lat="33.555688"><ele>85.956535</ele><time>2025-09-14T15:13:50Z</time><extensions><speed>1.416673</speed><course>77.954776</course><hAcc>1.015445</hAcc><vAcc>0.756742</vAcc></extensions></trkpt>
      <trkpt lon="-82.152581" lat="33.555690"><ele>86.020217</ele><time>2025-09-14T15:13:51Z</time><extensions><speed>1.512297</speed><course>87.540599</course><hAcc>0.996049</hAcc><vAcc>0.756742</vAcc></extensions></trkpt>
      <trkpt lon="-82.152565" lat="33.555690"><ele>86.093370</ele><time>2025-09-14T15:13:52Z</time><extensions><speed>1.434819</speed><course>95.096028</course><hAcc>1.017371</hAcc><vAcc>0.756742</vAcc></extensions></trkpt>
      <trkpt lon="-82.152550" lat="33.555688"><ele>86.158393</ele><time>2025-09-14T15:13:53Z</time><extensions><speed>1.414437</speed><course>97.826476</course><hAcc>1.019050</hAcc><vAcc>0.756742</vAcc></extensions></trkpt>
      <trkpt lon="-82.152535" lat="33.555686"><ele>86.219291</ele><time>2025-09-14T15:13:54Z</time><extensions><speed>1.373210</speed><course>100.964785</course><hAcc>1.030179</hAcc><vAcc>0.756742</vAcc></extensions></trkpt>
      <trkpt lon="-82.152521" lat="33.555684"><ele>86.285258</ele><time>2025-09-14T15:13:55Z</time><extensions><speed>1.349298</speed><course>102.151672</course><hAcc>1.045042</hAcc><vAcc>0.756742</vAcc></extensions></trkpt>
      <trkpt lon="-82.152507" lat="33.555681"><ele>86.356381</ele><time>2025-09-14T15:13:56Z</time><extensions><speed>1.330195</speed><course>101.137215</course><hAcc>1.064037</hAcc><vAcc>0.756742</vAcc></extensions></trkpt>
      <trkpt lon="-82.152493" lat="33.555679"><ele>86.414691</ele><time>2025-09-14T15:13:57Z</time><extensions><speed>1.244259</speed><course>99.157043</course><hAcc>1.073825</hAcc><vAcc>0.756742</vAcc></extensions></trkpt>
      <trkpt lon="-82.152480" lat="33.555678"><ele>86.477059</ele><time>2025-09-14T15:13:58Z</time><extensions><speed>1.228166</speed><course>99.211198</course><hAcc>1.075441</hAcc><vAcc>0.756742</vAcc></extensions></trkpt>
      <trkpt lon="-82.152467" lat="33.555676"><ele>86.537186</ele><time>2025-09-14T15:13:59Z</time><extensions><speed>1.264809</speed><course>100.420339</course><hAcc>1.094839</hAcc><vAcc>0.756742</vAcc></extensions></trkpt>
      <trkpt lon="-82.152453" lat="33.555673"><ele>86.595097</ele><time>2025-09-14T15:14:00Z</time><extensions><speed>1.292714</speed><course>103.942577</course><hAcc>1.109184</hAcc><vAcc>0.756742</vAcc></extensions></trkpt>
      <trkpt lon="-82.152440" lat="33.555670"><ele>86.655422</ele><time>2025-09-14T15:14:01Z</time><extensions><speed>1.227802</speed><course>112.372115</course><hAcc>1.113049</hAcc><vAcc>0.756742</vAcc></extensions></trkpt>
      <trkpt lon="-82.152429" lat="33.555665"><ele>86.730806</ele><time>2025-09-14T15:14:02Z</time><extensions><speed>1.222284</speed><course>118.390241</course><hAcc>1.112501</hAcc><vAcc>0.756742</vAcc></extensions></trkpt>
      <trkpt lon="-82.152417" lat="33.555659"><ele>86.795577</ele><time>2025-09-14T15:14:03Z</time><extensions><speed>1.249797</speed><course>121.416558</course><hAcc>1.122275</hAcc><vAcc>0.756742</vAcc></extensions></trkpt>
      <trkpt lon="-82.152406" lat="33.555654"><ele>86.862052</ele><time>2025-09-14T15:14:04Z</time><extensions><speed>1.166313</speed><course>120.908953</course><hAcc>1.122793</hAcc><vAcc>0.756742</vAcc></extensions></trkpt>
      <trkpt lon="-82.152395" lat="33.555649"><ele>86.920475</ele><time>2025-09-14T15:14:05Z</time><extensions><speed>1.172357</speed><course>116.374426</course><hAcc>1.120314</hAcc><vAcc>0.756742</vAcc></extensions></trkpt>
      <trkpt lon="-82.152383" lat="33.555644"><ele>86.981753</ele><time>2025-09-14T15:14:06Z</time><extensions><speed>1.271930</speed><course>111.345231</course><hAcc>1.117555</hAcc><vAcc>0.756742</vAcc></extensions></trkpt>
      <trkpt lon="-82.152370" lat="33.555640"><ele>87.033883</ele><time>2025-09-14T15:14:07Z</time><extensions><speed>1.349360</speed><course>108.538135</course><hAcc>1.120900</hAcc><vAcc>0.756742</vAcc></extensions></trkpt>
      <trkpt lon="-82.152355" lat="33.555636"><ele>87.083382</ele><time>2025-09-14T15:14:08Z</time><extensions><speed>1.486298</speed><course>106.509781</course><hAcc>1.117861</hAcc><vAcc>0.756742</vAcc></extensions></trkpt>
      <trkpt lon="-82.152340" lat="33.555633"><ele>87.120190</ele><time>2025-09-14T15:14:09Z</time><extensions><speed>1.501487</speed><course>105.656310</course><hAcc>1.112228</hAcc><vAcc>0.756742</vAcc></extensions></trkpt>
      <trkpt lon="-82.152324" lat="33.555629"><ele>87.148668</ele><time>2025-09-14T15:14:10Z</time><extensions><speed>1.488608</speed><course>104.542973</course><hAcc>1.106457</hAcc><vAcc>0.756742</vAcc></extensions></trkpt>
      <trkpt lon="-82.152309" lat="33.555626"><ele>87.183307</ele><time>2025-09-14T15:14:11Z</time><extensions><speed>1.345901</speed><course>103.821557</course><hAcc>1.100262</hAcc><vAcc>0.756742</vAcc></extensions></trkpt>
      <trkpt lon="-82.152295" lat="33.555623"><ele>87.212525</ele><time>2025-09-14T15:14:12Z</time><extensions><speed>1.381417</speed><course>104.015742</course><hAcc>1.093461</hAcc><vAcc>0.756742</vAcc></extensions></trkpt>
      <trkpt lon="-82.152281" lat="33.555620"><ele>87.250947</ele><time>2025-09-14T15:14:13Z</time><extensions><speed>1.359277</speed><course>105.051879</course><hAcc>1.100568</hAcc><vAcc>0.756742</vAcc></extensions></trkpt>
      <trkpt lon="-82.152266" lat="33.555617"><ele>87.288815</ele><time>2025-09-14T15:14:14Z</time><extensions><speed>1.384883</speed><course>106.849828</course><hAcc>1.103888</hAcc><vAcc>0.756742</vAcc></extensions></trkpt>
      <trkpt lon="-82.152252" lat="33.555613"><ele>87.328995</ele><time>2025-09-14T15:14:15Z</time><extensions><speed>1.372482</speed><course>109.007533</course><hAcc>1.106539</hAcc><vAcc>0.756742</vAcc></extensions></trkpt>
      <trkpt lon="-82.152238" lat="33.555609"><ele>87.364557</ele><time>2025-09-14T15:14:16Z</time><extensions><speed>1.361903</speed><course>111.015556</course><hAcc>1.112141</hAcc><vAcc>0.756742</vAcc></extensions></trkpt>
      <trkpt lon="-82.152225" lat="33.555604"><ele>87.397505</ele><time>2025-09-14T15:14:17Z</time><extensions><speed>1.295825</speed><course>112.200905</course><hAcc>1.111967</hAcc><vAcc>0.756784</vAcc></extensions></trkpt>
      <trkpt lon="-82.152212" lat="33.555600"><ele>87.441890</ele><time>2025-09-14T15:14:18Z</time><extensions><speed>1.257838</speed><course>112.495334</course><hAcc>1.110358</hAcc><vAcc>0.756803</vAcc></extensions></trkpt>
      <trkpt lon="-82.152200" lat="33.555595"><ele>87.484534</ele><time>2025-09-14T15:14:19Z</time><extensions><speed>1.251585</speed><course>112.190996</course><hAcc>1.097702</hAcc><vAcc>0.756826</vAcc></extensions></trkpt>
      <trkpt lon="-82.152187" lat="33.555591"><ele>87.547030</ele><time>2025-09-14T15:14:20Z</time><extensions><speed>1.351775</speed><course>110.583315</course><hAcc>1.083124</hAcc><vAcc>0.756853</vAcc></extensions></trkpt>
      <trkpt lon="-82.152173" lat="33.555587"><ele>87.609259</ele><time>2025-09-14T15:14:21Z</time><extensions><speed>1.402571</speed><course>107.112008</course><hAcc>1.062051</hAcc><vAcc>0.756883</vAcc></extensions></trkpt>
      <trkpt lon="-82.152158" lat="33.555584"><ele>87.674774</ele><time>2025-09-14T15:14:22Z</time><extensions><speed>1.446169</speed><course>103.676926</course><hAcc>1.054416</hAcc><vAcc>0.756916</vAcc></extensions></trkpt>
      <trkpt lon="-82.152144" lat="33.555581"><ele>87.745607</ele><time>2025-09-14T15:14:23Z</time><extensions><speed>1.325396</speed><course>104.255249</course><hAcc>1.086143</hAcc><vAcc>0.756950</vAcc></extensions></trkpt>
      <trkpt lon="-82.152130" lat="33.555578"><ele>87.824853</ele><time>2025-09-14T15:14:24Z</time><extensions><speed>1.350019</speed><course>105.955903</course><hAcc>1.050374</hAcc><vAcc>0.756982</vAcc></extensions></trkpt>
      <trkpt lon="-82.152116" lat="33.555574"><ele>87.905114</ele><time>2025-09-14T15:14:25Z</time><extensions><speed>1.380994</speed><course>109.798457</course><hAcc>1.043047</hAcc><vAcc>0.757010</vAcc></extensions></trkpt>
      <trkpt lon="-82.152101" lat="33.555569"><ele>87.980849</ele><time>2025-09-14T15:14:26Z</time><extensions><speed>1.482304</speed><course>111.908663</course><hAcc>1.061501</hAcc><vAcc>0.757029</vAcc></extensions></trkpt>
      <trkpt lon="-82.152087" lat="33.555564"><ele>88.060543</ele><time>2025-09-14T15:14:27Z</time><extensions><speed>1.459439</speed><course>112.787726</course><hAcc>1.087677</hAcc><vAcc>0.757034</vAcc></extensions></trkpt>
      <trkpt lon="-82.152073" lat="33.555559"><ele>88.151762</ele><time>2025-09-14T15:14:28Z</time><extensions><speed>1.355071</speed><course>112.161711</course><hAcc>1.080329</hAcc><vAcc>0.757023</vAcc></extensions></trkpt>
      <trkpt lon="-82.152060" lat="33.555555"><ele>88.242289</ele><time>2025-09-14T15:14:29Z</time><extensions><speed>1.243136</speed><course>110.759785</course><hAcc>1.083620</hAcc><vAcc>0.756999</vAcc></extensions></trkpt>
      <trkpt lon="-82.152047" lat="33.555551"><ele>88.338038</ele><time>2025-09-14T15:14:30Z</time><extensions><speed>1.199969</speed><course>110.293318</course><hAcc>1.085447</hAcc><vAcc>0.756967</vAcc></extensions></trkpt>
      <trkpt lon="-82.152035" lat="33.555547"><ele>88.433577</ele><time>2025-09-14T15:14:31Z</time><extensions><speed>1.205004</speed><course>111.792301</course><hAcc>1.099017</hAcc><vAcc>0.756932</vAcc></extensions></trkpt>
      <trkpt lon="-82.152023" lat="33.555543"><ele>88.523802</ele><time>2025-09-14T15:14:32Z</time><extensions><speed>1.172424</speed><course>112.148335</course><hAcc>1.103998</hAcc><vAcc>0.756898</vAcc></extensions></trkpt>
      <trkpt lon="-82.152012" lat="33.555540"><ele>88.605726</ele><time>2025-09-14T15:14:33Z</time><extensions><speed>1.047402</speed><course>111.582790</course><hAcc>1.096366</hAcc><vAcc>0.756865</vAcc></extensions></trkpt>
      <trkpt lon="-82.152002" lat="33.555536"><ele>88.680441</ele><time>2025-09-14T15:14:34Z</time><extensions><speed>1.084232</speed><course>110.296487</course><hAcc>1.083120</hAcc><vAcc>0.756837</vAcc></extensions></trkpt>
      <trkpt lon="-82.151990" lat="33.555533"><ele>88.734461</ele><time>2025-09-14T15:14:35Z</time><extensions><speed>1.185294</speed><course>109.553212</course><hAcc>1.072417</hAcc><vAcc>0.756813</vAcc></extensions></trkpt>
      <trkpt lon="-82.151977" lat="33.555529"><ele>88.792532</ele><time>2025-09-14T15:14:36Z</time><extensions><speed>1.276752</speed><course>106.270997</course><hAcc>1.057455</hAcc><vAcc>0.756793</vAcc></extensions></trkpt>
      <trkpt lon="-82.151963" lat="33.555526"><ele>88.844662</ele><time>2025-09-14T15:14:37Z</time><extensions><speed>1.430093</speed><course>104.697585</course><hAcc>1.044364</hAcc><vAcc>0.756778</vAcc></extensions></trkpt>
      <trkpt lon="-82.151948" lat="33.555523"><ele>88.885126</ele><time>2025-09-14T15:14:38Z</time><extensions><speed>1.452567</speed><course>105.467318</course><hAcc>1.064397</hAcc><vAcc>0.756767</vAcc></extensions></trkpt>
      <trkpt lon="-82.151934" lat="33.555519"><ele>88.917644</ele><time>2025-09-14T15:14:39Z</time><extensions><speed>1.395559</speed><course>108.557635</course><hAcc>1.045038</hAcc><vAcc>0.756758</vAcc></extensions></trkpt>
      <trkpt lon="-82.151920" lat="33.555515"><ele>88.940708</ele><time>2025-09-14T15:14:40Z</time><extensions><speed>1.260005</speed><course>111.251359</course><hAcc>1.032559</hAcc><vAcc>0.756752</vAcc></extensions></trkpt>
      <trkpt lon="-82.151908" lat="33.555511"><ele>88.952218</ele><time>2025-09-14T15:14:41Z</time><extensions><speed>1.233963</speed><course>113.092733</course><hAcc>1.039054</hAcc><vAcc>0.756748</vAcc></extensions></trkpt>
      <trkpt lon="-82.151896" lat="33.555506"><ele>88.960325</ele><time>2025-09-14T15:14:42Z</time><extensions><speed>1.236535</speed><course>113.862891</course><hAcc>1.050683</hAcc><vAcc>0.756745</vAcc></extensions></trkpt>
      <trkpt lon="-82.151883" lat="33.555501"><ele>88.962190</ele><time>2025-09-14T15:14:43Z</time><extensions><speed>1.289650</speed><course>115.083141</course><hAcc>1.050553</hAcc><vAcc>0.756744</vAcc></extensions></trkpt>
      <trkpt lon="-82.151871" lat="33.555496"><ele>88.967295</ele><time>2025-09-14T15:14:44Z</time><extensions><speed>1.254473</speed><course>118.231201</course><hAcc>1.050899</hAcc><vAcc>0.756743</vAcc></extensions></trkpt>
      <trkpt lon="-82.151859" lat="33.555491"><ele>88.964140</ele><time>2025-09-14T15:14:45Z</time><extensions><speed>1.242023</speed><course>119.445402</course><hAcc>1.048771</hAcc><vAcc>0.756743</vAcc></extensions></trkpt>
      <trkpt lon="-82.151847" lat="33.555486"><ele>88.964313</ele><time>2025-09-14T15:14:46Z</time><extensions><speed>1.285809</speed><course>114.058101</course><hAcc>1.049958</hAcc><vAcc>0.756742</vAcc></extensions></trkpt>
      <trkpt lon="-82.151834" lat="33.555482"><ele>88.963246</ele><time>2025-09-14T15:14:47Z</time><extensions><speed>1.268333</speed><course>106.465720</course><hAcc>1.044375</hAcc><vAcc>0.756742</vAcc></extensions></trkpt>
      <trkpt lon="-82.151821" lat="33.555479"><ele>88.955736</ele><time>2025-09-14T15:14:48Z</time><extensions><speed>1.273981</speed><course>103.818512</course><hAcc>1.041577</hAcc><vAcc>0.756742</vAcc></extensions></trkpt>
      <trkpt lon="-82.151808" lat="33.555476"><ele>88.953945</ele><time>2025-09-14T15:14:49Z</time><extensions><speed>1.302478</speed><course>106.490779</course><hAcc>1.037911</hAcc><vAcc>0.756742</vAcc></extensions></trkpt>
      <trkpt lon="-82.151795" lat="33.555472"><ele>88.953404</ele><time>2025-09-14T15:14:50Z</time><extensions><speed>1.231054</speed><course>111.323802</course><hAcc>1.037179</hAcc><vAcc>0.756742</vAcc></extensions></trkpt>
      <trkpt lon="-82.151783" lat="33.555468"><ele>88.977814</ele><time>2025-09-14T15:14:51Z</time><extensions><speed>1.195960</speed><course>115.481203</course><hAcc>1.042431</hAcc><vAcc>0.756743</vAcc></extensions></trkpt>
      <trkpt lon="-82.151771" lat="33.555463"><ele>89.001534</ele><time>2025-09-14T15:14:52Z</time><extensions><speed>1.175671</speed><course>114.087932</course><hAcc>1.050530</hAcc><vAcc>0.756743</vAcc></extensions></trkpt>
      <trkpt lon="-82.151760" lat="33.555459"><ele>89.041818</ele><time>2025-09-14T15:14:53Z</time><extensions><speed>1.141102</speed><course>110.315003</course><hAcc>1.056180</hAcc><vAcc>0.756743</vAcc></extensions></trkpt>
      <trkpt lon="-82.151748" lat="33.555456"><ele>89.101859</ele><time>2025-09-14T15:14:54Z</time><extensions><speed>1.161736</speed><course>110.488562</course><hAcc>1.065267</hAcc><vAcc>0.756743</vAcc></extensions></trkpt>
      <trkpt lon="-82.151736" lat="33.555452"><ele>89.152178</ele><time>2025-09-14T15:14:55Z</time><extensions><speed>1.152798</speed><course>109.639196</course><hAcc>1.069563</hAcc><vAcc>0.756743</vAcc></extensions></trkpt>
      <trkpt lon="-82.151725" lat="33.555449"><ele>89.201467</ele><time>2025-09-14T15:14:56Z</time><extensions><speed>1.148782</speed><course>107.552153</course><hAcc>1.069284</hAcc><vAcc>0.756742</vAcc></extensions></trkpt>
      <trkpt lon="-82.151712" lat="33.555445"><ele>89.258696</ele><time>2025-09-14T15:14:57Z</time><extensions><speed>1.211182</speed><course>108.368543</course><hAcc>1.064741</hAcc><vAcc>0.756742</vAcc></extensions></trkpt>
      <trkpt lon="-82.151700" lat="33.555442"><ele>89.337005</ele><time>2025-09-14T15:14:58Z</time><extensions><speed>1.278840</speed><course>110.259496</course><hAcc>1.069443</hAcc><vAcc>0.756742</vAcc></extensions></trkpt>
      <trkpt lon="-82.151687" lat="33.555438"><ele>89.425374</ele><time>2025-09-14T15:14:59Z</time><extensions><speed>1.341127</speed><course>109.566152</course><hAcc>1.073246</hAcc><vAcc>0.756742</vAcc></extensions></trkpt>
      <trkpt lon="-82.151673" lat="33.555434"><ele>89.528378</ele><time>2025-09-14T15:15:00Z</time><extensions><speed>1.361307</speed><course>110.659596</course><hAcc>1.073083</hAcc><vAcc>0.756742</vAcc></extensions></trkpt>
      <trkpt lon="-82.151659" lat="33.555429"><ele>89.636816</ele><time>2025-09-14T15:15:01Z</time><extensions><speed>1.314816</speed><course>108.762192</course><hAcc>1.070024</hAcc><vAcc>0.756742</vAcc></extensions></trkpt>
      <trkpt lon="-82.151646" lat="33.555426"><ele>89.744632</ele><time>2025-09-14T15:15:02Z</time><extensions><speed>1.211683</speed><course>106.592812</course><hAcc>1.075725</hAcc><vAcc>0.756742</vAcc></extensions></trkpt>
      <trkpt lon="-82.151634" lat="33.555423"><ele>89.854748</ele><time>2025-09-14T15:15:03Z</time><extensions><speed>1.121082</speed><course>103.103742</course><hAcc>1.070496</hAcc><vAcc>0.756742</vAcc></extensions></trkpt>
      <trkpt lon="-82.151623" lat="33.555421"><ele>89.966196</ele><time>2025-09-14T15:15:04Z</time><extensions><speed>1.084819</speed><course>102.058255</course><hAcc>1.062172</hAcc><vAcc>0.756742</vAcc></extensions></trkpt>
      <trkpt lon="-82.151612" lat="33.555419"><ele>90.087677</ele><time>2025-09-14T15:15:05Z</time><extensions><speed>1.008669</speed><course>104.273105</course><hAcc>1.073310</hAcc><vAcc>0.756742</vAcc></extensions></trkpt>
      <trkpt lon="-82.151601" lat="33.555417"><ele>90.223380</ele><time>2025-09-14T15:15:06Z</time><extensions><speed>1.065370</speed><course>106.255686</course><hAcc>1.075252</hAcc><vAcc>0.756742</vAcc></extensions></trkpt>
      <trkpt lon="-82.151590" lat="33.555414"><ele>90.361313</ele><time>2025-09-14T15:15:07Z</time><extensions><speed>1.141785</speed><course>109.344178</course><hAcc>1.074412</hAcc><vAcc>0.756742</vAcc></extensions></trkpt>
      <trkpt lon="-82.151577" lat="33.555410"><ele>90.502692</ele><time>2025-09-14T15:15:08Z</time><extensions><speed>1.347909</speed><course>111.423197</course><hAcc>1.052424</hAcc><vAcc>0.756742</vAcc></extensions></trkpt>
      <trkpt lon="-82.151563" lat="33.555405"><ele>90.644343</ele><time>2025-09-14T15:15:09Z</time><extensions><speed>1.509539</speed><course>112.684258</course><hAcc>1.033785</hAcc><vAcc>0.756742</vAcc></extensions></trkpt>
      <trkpt lon="-82.151548" lat="33.555399"><ele>90.775784</ele><time>2025-09-14T15:15:10Z</time><extensions><speed>1.654145</speed><course>112.285057</course><hAcc>1.045771</hAcc><vAcc>0.756742</vAcc></extensions></trkpt>
      <trkpt lon="-82.151531" lat="33.555394"><ele>90.903995</ele><time>2025-09-14T15:15:11Z</time><extensions><speed>1.622729</speed><course>112.877055</course><hAcc>1.016983</hAcc><vAcc>0.756742</vAcc></extensions></trkpt>
      <trkpt lon="-82.151515" lat="33.555388"><ele>91.047698</ele><time>2025-09-14T15:15:12Z</time><extensions><speed>1.647901</speed><course>111.342785</course><hAcc>1.010805</hAcc><vAcc>0.756742</vAcc></extensions></trkpt>
      <trkpt lon="-82.151499" lat="33.555384"><ele>91.174954</ele><time>2025-09-14T15:15:13Z</time><extensions><speed>1.623893</speed><course>104.681034</course><hAcc>1.011660</hAcc><vAcc>0.756742</vAcc></extensions></trkpt>
      <trkpt lon="-82.151482" lat="33.555381"><ele>91.302938</ele><time>2025-09-14T15:15:14Z</time><extensions><speed>1.520579</speed><course>98.902941</course><hAcc>1.001330</hAcc><vAcc>0.756742</vAcc></extensions></trkpt>
      <trkpt lon="-82.151466" lat="33.555379"><ele>91.452338</ele><time>2025-09-14T15:15:15Z</time><extensions><speed>1.453095</speed><course>96.606148</course><hAcc>1.007857</hAcc><vAcc>0.756742</vAcc></extensions></trkpt>
      <trkpt lon="-82.151452" lat="33.555377"><ele>91.601044</ele><time>2025-09-14T15:15:16Z</time><extensions><speed>1.303981</speed><course>98.984336</course><hAcc>1.011478</hAcc><vAcc>0.756742</vAcc></extensions></trkpt>
      <trkpt lon="-82.151438" lat="33.555375"><ele>91.747044</ele><time>2025-09-14T15:15:17Z</time><extensions><speed>1.265174</speed><course>100.757124</course><hAcc>1.013357</hAcc><vAcc>0.756742</vAcc></extensions></trkpt>
      <trkpt lon="-82.151425" lat="33.555373"><ele>91.884500</ele><time>2025-09-14T15:15:18Z</time><extensions><speed>1.260336</speed><course>104.879854</course><hAcc>1.013722</hAcc><vAcc>0.756742</vAcc></extensions></trkpt>
      <trkpt lon="-82.151412" lat="33.555370"><ele>92.030731</ele><time>2025-09-14T15:15:19Z</time><extensions><speed>1.266122</speed><course>108.943802</course><hAcc>1.016891</hAcc><vAcc>0.756742</vAcc></extensions></trkpt>
      <trkpt lon="-82.151399" lat="33.555366"><ele>92.171540</ele><time>2025-09-14T15:15:20Z</time><extensions><speed>1.251664</speed><course>113.388348</course><hAcc>1.016290</hAcc><vAcc>0.756742</vAcc></extensions></trkpt>
      <trkpt lon="-82.151387" lat="33.555361"><ele>92.300473</ele><time>2025-09-14T15:15:21Z</time><extensions><speed>1.288987</speed><course>113.919429</course><hAcc>1.017956</hAcc><vAcc>0.756743</vAcc></extensions></trkpt>
      <trkpt lon="-82.151375" lat="33.555357"><ele>92.420008</ele><time>2025-09-14T15:15:22Z</time><extensions><speed>1.209297</speed><course>112.639494</course><hAcc>1.010044</hAcc><vAcc>0.756743</vAcc></extensions></trkpt>
      <trkpt lon="-82.151362" lat="33.555353"><ele>92.528595</ele><time>2025-09-14T15:15:23Z</time><extensions><speed>1.285878</speed><course>109.310290</course><hAcc>1.012806</hAcc><vAcc>0.756818</vAcc></extensions></trkpt>
      <trkpt lon="-82.151350" lat="33.555349"><ele>92.616218</ele><time>2025-09-14T15:15:24Z</time><extensions><speed>1.180660</speed><course>103.429106</course><hAcc>1.006160</hAcc><vAcc>0.756906</vAcc></extensions></trkpt>
      <trkpt lon="-82.151337" lat="33.555347"><ele>92.687815</ele><time>2025-09-14T15:15:25Z</time><extensions><speed>1.214355</speed><course>99.878716</course><hAcc>1.015473</hAcc><vAcc>0.756972</vAcc></extensions></trkpt>
      <trkpt lon="-82.151324" lat="33.555346"><ele>92.760613</ele><time>2025-09-14T15:15:26Z</time><extensions><speed>1.284131</speed><course>95.930269</course><hAcc>1.010957</hAcc><vAcc>0.757049</vAcc></extensions></trkpt>
      <trkpt lon="-82.151309" lat="33.555345"><ele>92.817727</ele><time>2025-09-14T15:15:27Z</time><extensions><speed>1.414350</speed><course>94.467320</course><hAcc>1.019978</hAcc><vAcc>0.757137</vAcc></extensions></trkpt>
      <trkpt lon="-82.151294" lat="33.555344"><ele>92.873404</ele><time>2025-09-14T15:15:28Z</time><extensions><speed>1.411122</speed><course>94.289676</course><hAcc>1.017945</hAcc><vAcc>0.757234</vAcc></extensions></trkpt>
      <trkpt lon="-82.151280" lat="33.555343"><ele>92.944999</ele><time>2025-09-14T15:15:29Z</time><extensions><speed>1.330683</speed><course>94.164859</course><hAcc>1.017953</hAcc><vAcc>0.757337</vAcc></extensions></trkpt>
      <trkpt lon="-82.151266" lat="33.555342"><ele>93.029989</ele><time>2025-09-14T15:15:30Z</time><extensions><speed>1.287533</speed><course>93.707444</course><hAcc>1.021279</hAcc><vAcc>0.757438</vAcc></extensions></trkpt>
      <trkpt lon="-82.151252" lat="33.555341"><ele>93.121252</ele><time>2025-09-14T15:15:31Z</time><extensions><speed>1.334923</speed><course>92.812951</course><hAcc>1.028778</hAcc><vAcc>0.757527</vAcc></extensions></trkpt>
      <trkpt lon="-82.151237" lat="33.555341"><ele>93.237581</ele><time>2025-09-14T15:15:32Z</time><extensions><speed>1.354201</speed><course>91.558390</course><hAcc>1.020895</hAcc><vAcc>0.757622</vAcc></extensions></trkpt>
      <trkpt lon="-82.151223" lat="33.555340"><ele>93.353047</ele><time>2025-09-14T15:15:33Z</time><extensions><speed>1.379146</speed><course>96.707673</course><hAcc>1.019848</hAcc><vAcc>0.757666</vAcc></extensions></trkpt>
      <trkpt lon="-82.151208" lat="33.555339"><ele>93.486425</ele><time>2025-09-14T15:15:34Z</time><extensions><speed>1.388820</speed><course>94.521141</course><hAcc>1.020879</hAcc><vAcc>0.757668</vAcc></extensions></trkpt>
      <trkpt lon="-82.151193" lat="33.555338"><ele>93.634383</ele><time>2025-09-14T15:15:35Z</time><extensions><speed>1.426774</speed><course>92.812604</course><hAcc>1.022172</hAcc><vAcc>0.757628</vAcc></extensions></trkpt>
      <trkpt lon="-82.151178" lat="33.555338"><ele>93.795158</ele><time>2025-09-14T15:15:36Z</time><extensions><speed>1.361371</speed><course>88.365369</course><hAcc>1.009152</hAcc><vAcc>0.757560</vAcc></extensions></trkpt>
      <trkpt lon="-82.151163" lat="33.555338"><ele>93.963181</ele><time>2025-09-14T15:15:37Z</time><extensions><speed>1.393572</speed><course>86.225680</course><hAcc>1.007784</hAcc><vAcc>0.757478</vAcc></extensions></trkpt>
      <trkpt lon="-82.151149" lat="33.555339"><ele>94.140779</ele><time>2025-09-14T15:15:38Z</time><extensions><speed>1.346312</speed><course>89.172584</course><hAcc>0.998812</hAcc><vAcc>0.757394</vAcc></extensions></trkpt>
      <trkpt lon="-82.151135" lat="33.555339"><ele>94.337684</ele><time>2025-09-14T15:15:39Z</time><extensions><speed>1.333498</speed><course>90.315700</course><hAcc>0.992670</hAcc><vAcc>0.757313</vAcc></extensions></trkpt>
      <trkpt lon="-82.151120" lat="33.555339"><ele>94.545992</ele><time>2025-09-14T15:15:40Z</time><extensions><speed>1.345735</speed><course>89.575151</course><hAcc>0.982558</hAcc><vAcc>0.757239</vAcc></extensions></trkpt>
      <trkpt lon="-82.151106" lat="33.555339"><ele>94.764901</ele><time>2025-09-14T15:15:41Z</time><extensions><speed>1.305575</speed><course>93.991712</course><hAcc>0.973172</hAcc><vAcc>0.757173</vAcc></extensions></trkpt>
      <trkpt lon="-82.151092" lat="33.555338"><ele>94.989965</ele><time>2025-09-14T15:15:42Z</time><extensions><speed>1.281608</speed><course>94.948264</course><hAcc>0.980489</hAcc><vAcc>0.757111</vAcc></extensions></trkpt>
      <trkpt lon="-82.151079" lat="33.555336"><ele>95.189697</ele><time>2025-09-14T15:15:43Z</time><extensions><speed>1.208958</speed><course>99.996221</course><hAcc>0.959874</hAcc><vAcc>0.757052</vAcc></extensions></trkpt>
      <trkpt lon="-82.151067" lat="33.555334"><ele>95.368589</ele><time>2025-09-14T15:15:44Z</time><extensions><speed>1.207656</speed><course>101.360887</course><hAcc>0.952370</hAcc><vAcc>0.756997</vAcc></extensions></trkpt>
      <trkpt lon="-82.151054" lat="33.555333"><ele>95.525177</ele><time>2025-09-14T15:15:45Z</time><extensions><speed>1.202582</speed><course>95.072854</course><hAcc>0.943560</hAcc><vAcc>0.756946</vAcc></extensions></trkpt>
      <trkpt lon="-82.151041" lat="33.555332"><ele>95.658940</ele><time>2025-09-14T15:15:46Z</time><extensions><speed>1.232420</speed><course>87.709482</course><hAcc>0.933431</hAcc><vAcc>0.756942</vAcc></extensions></trkpt>
      <trkpt lon="-82.151027" lat="33.555333"><ele>95.781551</ele><time>2025-09-14T15:15:47Z</time><extensions><speed>1.330246</speed><course>85.280346</course><hAcc>0.935233</hAcc><vAcc>0.756923</vAcc></extensions></trkpt>
      <trkpt lon="-82.151013" lat="33.555334"><ele>95.891981</ele><time>2025-09-14T15:15:48Z</time><extensions><speed>1.345977</speed><course>80.755708</course><hAcc>0.935148</hAcc><vAcc>0.756915</vAcc></extensions></trkpt>
      <trkpt lon="-82.150999" lat="33.555336"><ele>95.997010</ele><time>2025-09-14T15:15:49Z</time><extensions><speed>1.299140</speed><course>79.667880</course><hAcc>0.940139</hAcc><vAcc>0.756916</vAcc></extensions></trkpt>
      <trkpt lon="-82.150986" lat="33.555338"><ele>96.075260</ele><time>2025-09-14T15:15:50Z</time><extensions><speed>1.323268</speed><course>84.840458</course><hAcc>0.959432</hAcc><vAcc>0.756926</vAcc></extensions></trkpt>
      <trkpt lon="-82.150972" lat="33.555339"><ele>96.131676</ele><time>2025-09-14T15:15:51Z</time><extensions><speed>1.268216</speed><course>88.819074</course><hAcc>0.968081</hAcc><vAcc>0.756942</vAcc></extensions></trkpt>
      <trkpt lon="-82.150959" lat="33.555339"><ele>96.162122</ele><time>2025-09-14T15:15:52Z</time><extensions><speed>1.158602</speed><course>93.462914</course><hAcc>0.976646</hAcc><vAcc>0.756964</vAcc></extensions></trkpt>
      <trkpt lon="-82.150947" lat="33.555337"><ele>96.174898</ele><time>2025-09-14T15:15:53Z</time><extensions><speed>1.164767</speed><course>99.538397</course><hAcc>0.989734</hAcc><vAcc>0.756987</vAcc></extensions></trkpt>
      <trkpt lon="-82.150934" lat="33.555336"><ele>96.168537</ele><time>2025-09-14T15:15:54Z</time><extensions><speed>1.170754</speed><course>98.855627</course><hAcc>0.999241</hAcc><vAcc>0.757008</vAcc></extensions></trkpt>
      <trkpt lon="-82.150922" lat="33.555334"><ele>96.142548</ele><time>2025-09-14T15:15:55Z</time><extensions><speed>1.137095</speed><course>95.824987</course><hAcc>0.994702</hAcc><vAcc>0.757023</vAcc></extensions></trkpt>
      <trkpt lon="-82.150910" lat="33.555333"><ele>96.100216</ele><time>2025-09-14T15:15:56Z</time><extensions><speed>1.179821</speed><course>97.725938</course><hAcc>0.996055</hAcc><vAcc>0.757026</vAcc></extensions></trkpt>
      <trkpt lon="-82.150897" lat="33.555332"><ele>96.047133</ele><time>2025-09-14T15:15:57Z</time><extensions><speed>1.287606</speed><course>96.984754</course><hAcc>1.010053</hAcc><vAcc>0.757014</vAcc></extensions></trkpt>
      <trkpt lon="-82.150883" lat="33.555330"><ele>95.989349</ele><time>2025-09-14T15:15:58Z</time><extensions><speed>1.253963</speed><course>99.092107</course><hAcc>1.011699</hAcc><vAcc>0.756990</vAcc></extensions></trkpt>
      <trkpt lon="-82.150870" lat="33.555329"><ele>95.915409</ele><time>2025-09-14T15:15:59Z</time><extensions><speed>1.122444</speed><course>95.541487</course><hAcc>1.010829</hAcc><vAcc>0.756959</vAcc></extensions></trkpt>
      <trkpt lon="-82.150858" lat="33.555328"><ele>95.830908</ele><time>2025-09-14T15:16:00Z</time><extensions><speed>1.197201</speed><course>92.019144</course><hAcc>1.018463</hAcc><vAcc>0.756925</vAcc></extensions></trkpt>
      <trkpt lon="-82.150846" lat="33.555328"><ele>95.743620</ele><time>2025-09-14T15:16:01Z</time><extensions><speed>1.087234</speed><course>88.474595</course><hAcc>1.032331</hAcc><vAcc>0.756891</vAcc></extensions></trkpt>
      <trkpt lon="-82.150834" lat="33.555329"><ele>95.654896</ele><time>2025-09-14T15:16:02Z</time><extensions><speed>1.010508</speed><course>84.707188</course><hAcc>1.052024</hAcc><vAcc>0.756860</vAcc></extensions></trkpt>
      <trkpt lon="-82.150824" lat="33.555329"><ele>95.570725</ele><time>2025-09-14T15:16:03Z</time><extensions><speed>0.947966</speed><course>84.651037</course><hAcc>1.068245</hAcc><vAcc>0.756833</vAcc></extensions></trkpt>
      <trkpt lon="-82.150814" lat="33.555330"><ele>95.491300</ele><time>2025-09-14T15:16:04Z</time><extensions><speed>0.860302</speed><course>85.705366</course><hAcc>1.078100</hAcc><vAcc>0.756810</vAcc></extensions></trkpt>
      <trkpt lon="-82.150805" lat="33.555330"><ele>95.431238</ele><time>2025-09-14T15:16:05Z</time><extensions><speed>0.914262</speed><course>87.895243</course><hAcc>1.090689</hAcc><vAcc>0.756791</vAcc></extensions></trkpt>
      <trkpt lon="-82.150794" lat="33.555331"><ele>95.372647</ele><time>2025-09-14T15:16:06Z</time><extensions><speed>0.990349</speed><course>91.433646</course><hAcc>1.097351</hAcc><vAcc>0.756777</vAcc></extensions></trkpt>
      <trkpt lon="-82.150784" lat="33.555330"><ele>95.317840</ele><time>2025-09-14T15:16:07Z</time><extensions><speed>1.023209</speed><course>94.942377</course><hAcc>1.097696</hAcc><vAcc>0.756766</vAcc></extensions></trkpt>
      <trkpt lon="-82.150772" lat="33.555329"><ele>95.269520</ele><time>2025-09-14T15:16:08Z</time><extensions><speed>1.054649</speed><course>94.551391</course><hAcc>1.099353</hAcc><vAcc>0.756757</vAcc></extensions></trkpt>
      <trkpt lon="-82.150761" lat="33.555329"><ele>95.237633</ele><time>2025-09-14T15:16:09Z</time><extensions><speed>1.048181</speed><course>93.284900</course><hAcc>1.100988</hAcc><vAcc>0.756752</vAcc></extensions></trkpt>
      <trkpt lon="-82.150750" lat="33.555328"><ele>95.220252</ele><time>2025-09-14T15:16:10Z</time><extensions><speed>1.081892</speed><course>91.805722</course><hAcc>1.101567</hAcc><vAcc>0.756748</vAcc></extensions></trkpt>
      <trkpt lon="-82.150738" lat="33.555328"><ele>95.217030</ele><time>2025-09-14T15:16:11Z</time><extensions><speed>1.140375</speed><course>92.985660</course><hAcc>1.104945</hAcc><vAcc>0.756745</vAcc></extensions></trkpt>
      <trkpt lon="-82.150725" lat="33.555327"><ele>95.226760</ele><time>2025-09-14T15:16:12Z</time><extensions><speed>1.155045</speed><course>95.957246</course><hAcc>1.113534</hAcc><vAcc>0.756744</vAcc></extensions></trkpt>
      <trkpt lon="-82.150713" lat="33.555326"><ele>95.246794</ele><time>2025-09-14T15:16:13Z</time><extensions><speed>1.111279</speed><course>96.679982</course><hAcc>1.121584</hAcc><vAcc>0.756743</vAcc></extensions></trkpt>
      <trkpt lon="-82.150701" lat="33.555325"><ele>95.281551</ele><time>2025-09-14T15:16:14Z</time><extensions><speed>1.132414</speed><course>96.737579</course><hAcc>1.118513</hAcc><vAcc>0.756742</vAcc></extensions></trkpt>
      <trkpt lon="-82.150689" lat="33.555324"><ele>95.323603</ele><time>2025-09-14T15:16:15Z</time><extensions><speed>1.202873</speed><course>93.906271</course><hAcc>1.115453</hAcc><vAcc>0.756742</vAcc></extensions></trkpt>
      <trkpt lon="-82.150676" lat="33.555323"><ele>95.368676</ele><time>2025-09-14T15:16:16Z</time><extensions><speed>1.211740</speed><course>90.996115</course><hAcc>1.130376</hAcc><vAcc>0.756742</vAcc></extensions></trkpt>
      <trkpt lon="-82.150662" lat="33.555323"><ele>95.430826</ele><time>2025-09-14T15:16:17Z</time><extensions><speed>1.283170</speed><course>92.125691</course><hAcc>1.125015</hAcc><vAcc>0.756742</vAcc></extensions></trkpt>
      <trkpt lon="-82.150648" lat="33.555323"><ele>95.498572</ele><time>2025-09-14T15:16:18Z</time><extensions><speed>1.366641</speed><course>91.517311</course><hAcc>1.119706</hAcc><vAcc>0.756742</vAcc></extensions></trkpt>
      <trkpt lon="-82.150633" lat="33.555322"><ele>95.584252</ele><time>2025-09-14T15:16:19Z</time><extensions><speed>1.370962</speed><course>90.499487</course><hAcc>1.118375</hAcc><vAcc>0.756742</vAcc></extensions></trkpt>
      <trkpt lon="-82.150619" lat="33.555322"><ele>95.699207</ele><time>2025-09-14T15:16:20Z</time><extensions><speed>1.289403</speed><course>87.913704</course><hAcc>1.114749</hAcc><vAcc>0.756742</vAcc></extensions></trkpt>
      <trkpt lon="-82.150605" lat="33.555323"><ele>95.820764</ele><time>2025-09-14T15:16:21Z</time><extensions><speed>1.238016</speed><course>85.228144</course><hAcc>1.111537</hAcc><vAcc>0.756742</vAcc></extensions></trkpt>
      <trkpt lon="-82.150592" lat="33.555324"><ele>95.935889</ele><time>2025-09-14T15:16:22Z</time><extensions><speed>1.265426</speed><course>83.570959</course><hAcc>1.109379</hAcc><vAcc>0.756742</vAcc></extensions></trkpt>
      <trkpt lon="-82.150578" lat="33.555326"><ele>96.053568</ele><time>2025-09-14T15:16:23Z</time><extensions><speed>1.320059</speed><course>82.926525</course><hAcc>1.100819</hAcc><vAcc>0.756742</vAcc></extensions></trkpt>
      <trkpt lon="-82.150564" lat="33.555327"><ele>96.184753</ele><time>2025-09-14T15:16:24Z</time><extensions><speed>1.304521</speed><course>84.246806</course><hAcc>1.096636</hAcc><vAcc>0.756742</vAcc></extensions></trkpt>
      <trkpt lon="-82.150550" lat="33.555328"><ele>96.344459</ele><time>2025-09-14T15:16:25Z</time><extensions><speed>1.244733</speed><course>85.876167</course><hAcc>1.096281</hAcc><vAcc>0.756742</vAcc></extensions></trkpt>
      <trkpt lon="-82.150537" lat="33.555329"><ele>96.522531</ele><time>2025-09-14T15:16:26Z</time><extensions><speed>1.186711</speed><course>87.083618</course><hAcc>1.094485</hAcc><vAcc>0.756742</vAcc></extensions></trkpt>
      <trkpt lon="-82.150524" lat="33.555329"><ele>96.700814</ele><time>2025-09-14T15:16:27Z</time><extensions><speed>1.215455</speed><course>89.133898</course><hAcc>1.085670</hAcc><vAcc>0.756742</vAcc></extensions></trkpt>
      <trkpt lon="-82.150511" lat="33.555329"><ele>96.888894</ele><time>2025-09-14T15:16:28Z</time><extensions><speed>1.287774</speed><course>88.118219</course><hAcc>1.086589</hAcc><vAcc>0.756742</vAcc></extensions></trkpt>
      <trkpt lon="-82.150497" lat="33.555330"><ele>97.080708</ele><time>2025-09-14T15:16:29Z</time><extensions><speed>1.333897</speed><course>83.892731</course><hAcc>1.080731</hAcc><vAcc>0.756742</vAcc></extensions></trkpt>
      <trkpt lon="-82.150483" lat="33.555332"><ele>97.259198</ele><time>2025-09-14T15:16:30Z</time><extensions><speed>1.285827</speed><course>78.629469</course><hAcc>1.071107</hAcc><vAcc>0.756742</vAcc></extensions></trkpt>
      <trkpt lon="-82.150470" lat="33.555334"><ele>97.420140</ele><time>2025-09-14T15:16:31Z</time><extensions><speed>1.168677</speed><course>78.667229</course><hAcc>1.069078</hAcc><vAcc>0.756742</vAcc></extensions></trkpt>
      <trkpt lon="-82.150458" lat="33.555336"><ele>97.583921</ele><time>2025-09-14T15:16:32Z</time><extensions><speed>1.091982</speed><course>78.587948</course><hAcc>1.063675</hAcc><vAcc>0.756742</vAcc></extensions></trkpt>
      <trkpt lon="-82.150446" lat="33.555338"><ele>97.723696</ele><time>2025-09-14T15:16:33Z</time><extensions><speed>1.107013</speed><course>80.283615</course><hAcc>1.065661</hAcc><vAcc>0.756742</vAcc></extensions></trkpt>
      <trkpt lon="-82.150434" lat="33.555339"><ele>97.846328</ele><time>2025-09-14T15:16:34Z</time><extensions><speed>1.132055</speed><course>84.457431</course><hAcc>1.067895</hAcc><vAcc>0.756742</vAcc></extensions></trkpt>
      <trkpt lon="-82.150423" lat="33.555340"><ele>97.962238</ele><time>2025-09-14T15:16:35Z</time><extensions><speed>1.081294</speed><course>87.701379</course><hAcc>1.062604</hAcc><vAcc>0.756742</vAcc></extensions></trkpt>
      <trkpt lon="-82.150411" lat="33.555340"><ele>98.056989</ele><time>2025-09-14T15:16:36Z</time><extensions><speed>1.128756</speed><course>91.900572</course><hAcc>1.062144</hAcc><vAcc>0.756742</vAcc></extensions></trkpt>
      <trkpt lon="-82.150398" lat="33.555339"><ele>98.124947</ele><time>2025-09-14T15:16:37Z</time><extensions><speed>1.268349</speed><course>95.796169</course><hAcc>1.068608</hAcc><vAcc>0.756742</vAcc></extensions></trkpt>
      <trkpt lon="-82.150384" lat="33.555338"><ele>98.161782</ele><time>2025-09-14T15:16:38Z</time><extensions><speed>1.303219</speed><course>97.143052</course><hAcc>1.065268</hAcc><vAcc>0.756742</vAcc></extensions></trkpt>
      <trkpt lon="-82.150370" lat="33.555336"><ele>98.194537</ele><time>2025-09-14T15:16:39Z</time><extensions><speed>1.281923</speed><course>100.308380</course><hAcc>1.072371</hAcc><vAcc>0.756742</vAcc></extensions></trkpt>
      <trkpt lon="-82.150357" lat="33.555334"><ele>98.209739</ele><time>2025-09-14T15:16:40Z</time><extensions><speed>1.223603</speed><course>102.920717</course><hAcc>1.088338</hAcc><vAcc>0.756742</vAcc></extensions></trkpt>
      <trkpt lon="-82.150344" lat="33.555331"><ele>98.204654</ele><time>2025-09-14T15:16:41Z</time><extensions><speed>1.315810</speed><course>102.457316</course><hAcc>1.099397</hAcc><vAcc>0.756742</vAcc></extensions></trkpt>
      <trkpt lon="-82.150329" lat="33.555329"><ele>98.190695</ele><time>2025-09-14T15:16:42Z</time><extensions><speed>1.419980</speed><course>103.360656</course><hAcc>1.104670</hAcc><vAcc>0.756741</vAcc></extensions></trkpt>
      <trkpt lon="-82.150314" lat="33.555326"><ele>98.167342</ele><time>2025-09-14T15:16:43Z</time><extensions><speed>1.443935</speed><course>102.947610</course><hAcc>1.119684</hAcc><vAcc>0.756739</vAcc></extensions></trkpt>
      <trkpt lon="-82.150300" lat="33.555323"><ele>98.130943</ele><time>2025-09-14T15:16:44Z</time><extensions><speed>1.381587</speed><course>103.287673</course><hAcc>1.125373</hAcc><vAcc>0.756737</vAcc></extensions></trkpt>
      <trkpt lon="-82.150285" lat="33.555320"><ele>98.084040</ele><time>2025-09-14T15:16:45Z</time><extensions><speed>1.302702</speed><course>102.696489</course><hAcc>1.116418</hAcc><vAcc>0.756735</vAcc></extensions></trkpt>
      <trkpt lon="-82.150272" lat="33.555318"><ele>98.047241</ele><time>2025-09-14T15:16:46Z</time><extensions><speed>1.324038</speed><course>101.708295</course><hAcc>1.123736</hAcc><vAcc>0.756732</vAcc></extensions></trkpt>
      <trkpt lon="-82.150257" lat="33.555315"><ele>97.998527</ele><time>2025-09-14T15:16:47Z</time><extensions><speed>1.360217</speed><course>100.809191</course><hAcc>1.133535</hAcc><vAcc>0.756729</vAcc></extensions></trkpt>
      <trkpt lon="-82.150243" lat="33.555313"><ele>97.957531</ele><time>2025-09-14T15:16:48Z</time><extensions><speed>1.333525</speed><course>100.963753</course><hAcc>1.133550</hAcc><vAcc>0.756725</vAcc></extensions></trkpt>
      <trkpt lon="-82.150230" lat="33.555310"><ele>97.918915</ele><time>2025-09-14T15:16:49Z</time><extensions><speed>1.217676</speed><course>103.237459</course><hAcc>1.137052</hAcc><vAcc>0.756720</vAcc></extensions></trkpt>
      <trkpt lon="-82.150218" lat="33.555308"><ele>97.879021</ele><time>2025-09-14T15:16:50Z</time><extensions><speed>1.012769</speed><course>106.941210</course><hAcc>1.130110</hAcc><vAcc>0.756714</vAcc></extensions></trkpt>
      <trkpt lon="-82.150208" lat="33.555305"><ele>97.840836</ele><time>2025-09-14T15:16:51Z</time><extensions><speed>0.982565</speed><course>109.548906</course><hAcc>1.104008</hAcc><vAcc>0.756705</vAcc></extensions></trkpt>
      <trkpt lon="-82.150197" lat="33.555302"><ele>97.815966</ele><time>2025-09-14T15:16:52Z</time><extensions><speed>1.113907</speed><course>108.469562</course><hAcc>1.100608</hAcc><vAcc>0.756702</vAcc></extensions></trkpt>
      <trkpt lon="-82.150185" lat="33.555299"><ele>97.786913</ele><time>2025-09-14T15:16:53Z</time><extensions><speed>1.243338</speed><course>106.902394</course><hAcc>1.087505</hAcc><vAcc>0.756711</vAcc></extensions></trkpt>
      <trkpt lon="-82.150172" lat="33.555296"><ele>97.780295</ele><time>2025-09-14T15:16:54Z</time><extensions><speed>1.380144</speed><course>104.054601</course><hAcc>1.071208</hAcc><vAcc>0.756718</vAcc></extensions></trkpt>
      <trkpt lon="-82.150156" lat="33.555293"><ele>97.785639</ele><time>2025-09-14T15:16:55Z</time><extensions><speed>1.521446</speed><course>101.447118</course><hAcc>1.056240</hAcc><vAcc>0.756723</vAcc></extensions></trkpt>
      <trkpt lon="-82.150141" lat="33.555290"><ele>97.806596</ele><time>2025-09-14T15:16:56Z</time><extensions><speed>1.383412</speed><course>100.343967</course><hAcc>1.070789</hAcc><vAcc>0.756727</vAcc></extensions></trkpt>
      <trkpt lon="-82.150126" lat="33.555288"><ele>97.832332</ele><time>2025-09-14T15:16:57Z</time><extensions><speed>1.437274</speed><course>101.708839</course><hAcc>1.048584</hAcc><vAcc>0.756730</vAcc></extensions></trkpt>
      <trkpt lon="-82.150111" lat="33.555285"><ele>97.870809</ele><time>2025-09-14T15:16:58Z</time><extensions><speed>1.429013</speed><course>101.821013</course><hAcc>1.048349</hAcc><vAcc>0.756732</vAcc></extensions></trkpt>
      <trkpt lon="-82.150097" lat="33.555282"><ele>97.915254</ele><time>2025-09-14T15:16:59Z</time><extensions><speed>1.328214</speed><course>105.209132</course><hAcc>1.056266</hAcc><vAcc>0.756734</vAcc></extensions></trkpt>
      <trkpt lon="-82.150083" lat="33.555279"><ele>97.995907</ele><time>2025-09-14T15:17:00Z</time><extensions><speed>1.291089</speed><course>107.264409</course><hAcc>1.061840</hAcc><vAcc>0.756736</vAcc></extensions></trkpt>
      <trkpt lon="-82.150070" lat="33.555275"><ele>98.088012</ele><time>2025-09-14T15:17:01Z</time><extensions><speed>1.335282</speed><course>109.859187</course><hAcc>1.069662</hAcc><vAcc>0.756737</vAcc></extensions></trkpt>
      <trkpt lon="-82.150056" lat="33.555271"><ele>98.183053</ele><time>2025-09-14T15:17:02Z</time><extensions><speed>1.377014</speed><course>111.517330</course><hAcc>1.070442</hAcc><vAcc>0.756738</vAcc></extensions></trkpt>
      <trkpt lon="-82.150042" lat="33.555266"><ele>98.288365</ele><time>2025-09-14T15:17:03Z</time><extensions><speed>1.331376</speed><course>112.516987</course><hAcc>1.065319</hAcc><vAcc>0.756739</vAcc></extensions></trkpt>
      <trkpt lon="-82.150029" lat="33.555262"><ele>98.405144</ele><time>2025-09-14T15:17:04Z</time><extensions><speed>1.358577</speed><course>112.755904</course><hAcc>1.058250</hAcc><vAcc>0.756740</vAcc></extensions></trkpt>
      <trkpt lon="-82.150015" lat="33.555257"><ele>98.532302</ele><time>2025-09-14T15:17:05Z</time><extensions><speed>1.423761</speed><course>115.732251</course><hAcc>1.063993</hAcc><vAcc>0.756740</vAcc></extensions></trkpt>
      <trkpt lon="-82.150002" lat="33.555251"><ele>98.659438</ele><time>2025-09-14T15:17:06Z</time><extensions><speed>1.303463</speed><course>117.306841</course><hAcc>1.095783</hAcc><vAcc>0.756741</vAcc></extensions></trkpt>
      <trkpt lon="-82.149990" lat="33.555246"><ele>98.766055</ele><time>2025-09-14T15:17:07Z</time><extensions><speed>1.288259</speed><course>118.163479</course><hAcc>1.070855</hAcc><vAcc>0.756741</vAcc></extensions></trkpt>
      <trkpt lon="-82.149977" lat="33.555241"><ele>98.852347</ele><time>2025-09-14T15:17:08Z</time><extensions><speed>1.314791</speed><course>113.396967</course><hAcc>1.074711</hAcc><vAcc>0.756741</vAcc></extensions></trkpt>
      <trkpt lon="-82.149964" lat="33.555236"><ele>98.922859</ele><time>2025-09-14T15:17:09Z</time><extensions><speed>1.372805</speed><course>107.327242</course><hAcc>1.092530</hAcc><vAcc>0.756742</vAcc></extensions></trkpt>
      <trkpt lon="-82.149949" lat="33.555233"><ele>98.984999</ele><time>2025-09-14T15:17:10Z</time><extensions><speed>1.401596</speed><course>105.062495</course><hAcc>1.109142</hAcc><vAcc>0.756742</vAcc></extensions></trkpt>
      <trkpt lon="-82.149935" lat="33.555229"><ele>99.030520</ele><time>2025-09-14T15:17:11Z</time><extensions><speed>1.325470</speed><course>110.197777</course><hAcc>1.122097</hAcc><vAcc>0.756742</vAcc></extensions></trkpt>
      <trkpt lon="-82.149923" lat="33.555225"><ele>99.072078</ele><time>2025-09-14T15:17:12Z</time><extensions><speed>1.061878</speed><course>114.160407</course><hAcc>1.117679</hAcc><vAcc>0.756742</vAcc></extensions></trkpt>
      <trkpt lon="-82.149913" lat="33.555221"><ele>99.092598</ele><time>2025-09-14T15:17:13Z</time><extensions><speed>1.026559</speed><course>119.772936</course><hAcc>1.114450</hAcc><vAcc>0.756742</vAcc></extensions></trkpt>
      <trkpt lon="-82.149904" lat="33.555216"><ele>99.089512</ele><time>2025-09-14T15:17:14Z</time><extensions><speed>1.058827</speed><course>121.765020</course><hAcc>1.114586</hAcc><vAcc>0.756742</vAcc></extensions></trkpt>
      <trkpt lon="-82.149894" lat="33.555211"><ele>99.087502</ele><time>2025-09-14T15:17:15Z</time><extensions><speed>1.103663</speed><course>123.667040</course><hAcc>1.120912</hAcc><vAcc>0.756742</vAcc></extensions></trkpt>
      <trkpt lon="-82.149884" lat="33.555205"><ele>99.066107</ele><time>2025-09-14T15:17:16Z</time><extensions><speed>1.158987</speed><course>125.844400</course><hAcc>1.115185</hAcc><vAcc>0.756742</vAcc></extensions></trkpt>
      <trkpt lon="-82.149874" lat="33.555199"><ele>99.029457</ele><time>2025-09-14T15:17:17Z</time><extensions><speed>1.096828</speed><course>131.877666</course><hAcc>1.093193</hAcc><vAcc>0.756742</vAcc></extensions></trkpt>
      <trkpt lon="-82.149866" lat="33.555192"><ele>99.015448</ele><time>2025-09-14T15:17:18Z</time><extensions><speed>1.079260</speed><course>132.617806</course><hAcc>1.090771</hAcc><vAcc>0.756742</vAcc></extensions></trkpt>
      <trkpt lon="-82.149857" lat="33.555185"><ele>99.003418</ele><time>2025-09-14T15:17:19Z</time><extensions><speed>1.206849</speed><course>129.257578</course><hAcc>1.093446</hAcc><vAcc>0.756742</vAcc></extensions></trkpt>
      <trkpt lon="-82.149846" lat="33.555178"><ele>98.998813</ele><time>2025-09-14T15:17:20Z</time><extensions><speed>1.340782</speed><course>127.247544</course><hAcc>1.092460</hAcc><vAcc>0.756742</vAcc></extensions></trkpt>
      <trkpt lon="-82.149834" lat="33.555171"><ele>99.007039</ele><time>2025-09-14T15:17:21Z</time><extensions><speed>1.372773</speed><course>128.279087</course><hAcc>1.082252</hAcc><vAcc>0.756742</vAcc></extensions></trkpt>
      <trkpt lon="-82.149823" lat="33.555163"><ele>99.024552</ele><time>2025-09-14T15:17:22Z</time><extensions><speed>1.308576</speed><course>130.733037</course><hAcc>1.066481</hAcc><vAcc>0.756742</vAcc></extensions></trkpt>
      <trkpt lon="-82.149813" lat="33.555155"><ele>99.061513</ele><time>2025-09-14T15:17:23Z</time><extensions><speed>1.195760</speed><course>133.320586</course><hAcc>1.059895</hAcc><vAcc>0.756742</vAcc></extensions></trkpt>
      <trkpt lon="-82.149803" lat="33.555148"><ele>99.086196</ele><time>2025-09-14T15:17:24Z</time><extensions><speed>1.275516</speed><course>133.366309</course><hAcc>1.048162</hAcc><vAcc>0.756742</vAcc></extensions></trkpt>
      <trkpt lon="-82.149793" lat="33.555140"><ele>99.127652</ele><time>2025-09-14T15:17:25Z</time><extensions><speed>1.366155</speed><course>128.085386</course><hAcc>1.029657</hAcc><vAcc>0.756742</vAcc></extensions></trkpt>
      <trkpt lon="-82.149781" lat="33.555133"><ele>99.176791</ele><time>2025-09-14T15:17:26Z</time><extensions><speed>1.349815</speed><course>122.494563</course><hAcc>1.027393</hAcc><vAcc>0.756742</vAcc></extensions></trkpt>
      <trkpt lon="-82.149769" lat="33.555127"><ele>99.252740</ele><time>2025-09-14T15:17:27Z</time><extensions><speed>1.237678</speed><course>119.340355</course><hAcc>1.052141</hAcc><vAcc>0.756743</vAcc></extensions></trkpt>
      <trkpt lon="-82.149757" lat="33.555122"><ele>99.356486</ele><time>2025-09-14T15:17:28Z</time><extensions><speed>1.167699</speed><course>119.138092</course><hAcc>1.023756</hAcc><vAcc>0.756743</vAcc></extensions></trkpt>
      <trkpt lon="-82.149746" lat="33.555116"><ele>99.469381</ele><time>2025-09-14T15:17:29Z</time><extensions><speed>1.229684</speed><course>123.444690</course><hAcc>1.024281</hAcc><vAcc>0.756744</vAcc></extensions></trkpt>
      <trkpt lon="-82.149735" lat="33.555109"><ele>99.600707</ele><time>2025-09-14T15:17:30Z</time><extensions><speed>1.358512</speed><course>126.618243</course><hAcc>1.032412</hAcc><vAcc>0.756744</vAcc></extensions></trkpt>
      <trkpt lon="-82.149723" lat="33.555102"><ele>99.735950</ele><time>2025-09-14T15:17:31Z</time><extensions><speed>1.410286</speed><course>128.525570</course><hAcc>1.027466</hAcc><vAcc>0.756745</vAcc></extensions></trkpt>
      <trkpt lon="-82.149712" lat="33.555094"><ele>99.872960</ele><time>2025-09-14T15:17:32Z</time><extensions><speed>1.394351</speed><course>131.372082</course><hAcc>1.008135</hAcc><vAcc>0.756745</vAcc></extensions></trkpt>
      <trkpt lon="-82.149700" lat="33.555086"><ele>100.020742</ele><time>2025-09-14T15:17:33Z</time><extensions><speed>1.345955</speed><course>130.481765</course><hAcc>0.994535</hAcc><vAcc>0.756746</vAcc></extensions></trkpt>
      <trkpt lon="-82.149690" lat="33.555078"><ele>100.166864</ele><time>2025-09-14T15:17:34Z</time><extensions><speed>1.203193</speed><course>131.394382</course><hAcc>1.023410</hAcc><vAcc>0.756747</vAcc></extensions></trkpt>
      <trkpt lon="-82.149680" lat="33.555071"><ele>100.312931</ele><time>2025-09-14T15:17:35Z</time><extensions><speed>1.195775</speed><course>128.113747</course><hAcc>0.984270</hAcc><vAcc>0.756749</vAcc></extensions></trkpt>
      <trkpt lon="-82.149670" lat="33.555065"><ele>100.476061</ele><time>2025-09-14T15:17:36Z</time><extensions><speed>1.203959</speed><course>126.181251</course><hAcc>0.973444</hAcc><vAcc>0.756749</vAcc></extensions></trkpt>
      <trkpt lon="-82.149659" lat="33.555058"><ele>100.631891</ele><time>2025-09-14T15:17:37Z</time><extensions><speed>1.250571</speed><course>122.976626</course><hAcc>0.982029</hAcc><vAcc>0.756748</vAcc></extensions></trkpt>
      <trkpt lon="-82.149648" lat="33.555053"><ele>100.768960</ele><time>2025-09-14T15:17:38Z</time><extensions><speed>1.180344</speed><course>120.692547</course><hAcc>1.023955</hAcc><vAcc>0.756747</vAcc></extensions></trkpt>
      <trkpt lon="-82.149637" lat="33.555047"><ele>100.899619</ele><time>2025-09-14T15:17:39Z</time><extensions><speed>1.141948</speed><course>118.821069</course><hAcc>0.996856</hAcc><vAcc>0.756746</vAcc></extensions></trkpt>
      <trkpt lon="-82.149626" lat="33.555042"><ele>101.020697</ele><time>2025-09-14T15:17:40Z</time><extensions><speed>1.213567</speed><course>118.886656</course><hAcc>0.994159</hAcc><vAcc>0.756745</vAcc></extensions></trkpt>
      <trkpt lon="-82.149614" lat="33.555036"><ele>101.119222</ele><time>2025-09-14T15:17:41Z</time><extensions><speed>1.274826</speed><course>122.489096</course><hAcc>1.014157</hAcc><vAcc>0.756744</vAcc></extensions></trkpt>
      <trkpt lon="-82.149603" lat="33.555030"><ele>101.198083</ele><time>2025-09-14T15:17:42Z</time><extensions><speed>1.270178</speed><course>126.187427</course><hAcc>1.016480</hAcc><vAcc>0.756744</vAcc></extensions></trkpt>
      <trkpt lon="-82.149592" lat="33.555023"><ele>101.271855</ele><time>2025-09-14T15:17:43Z</time><extensions><speed>1.206638</speed><course>129.117258</course><hAcc>1.014590</hAcc><vAcc>0.756743</vAcc></extensions></trkpt>
      <trkpt lon="-82.149583" lat="33.555016"><ele>101.337808</ele><time>2025-09-14T15:17:44Z</time><extensions><speed>1.101707</speed><course>134.536624</course><hAcc>1.013082</hAcc><vAcc>0.756743</vAcc></extensions></trkpt>
      <trkpt lon="-82.149575" lat="33.555009"><ele>101.382470</ele><time>2025-09-14T15:17:45Z</time><extensions><speed>1.185023</speed><course>137.454097</course><hAcc>1.012612</hAcc><vAcc>0.756743</vAcc></extensions></trkpt>
      <trkpt lon="-82.149566" lat="33.555001"><ele>101.413663</ele><time>2025-09-14T15:17:46Z</time><extensions><speed>1.242326</speed><course>139.617472</course><hAcc>1.010654</hAcc><vAcc>0.756743</vAcc></extensions></trkpt>
      <trkpt lon="-82.149558" lat="33.554992"><ele>101.432701</ele><time>2025-09-14T15:17:47Z</time><extensions><speed>1.199379</speed><course>143.980507</course><hAcc>1.014306</hAcc><vAcc>0.756743</vAcc></extensions></trkpt>
      <trkpt lon="-82.149551" lat="33.554983"><ele>101.435048</ele><time>2025-09-14T15:17:48Z</time><extensions><speed>1.177293</speed><course>147.232875</course><hAcc>1.010495</hAcc><vAcc>0.756742</vAcc></extensions></trkpt>
      <trkpt lon="-82.149544" lat="33.554974"><ele>101.442810</ele><time>2025-09-14T15:17:49Z</time><extensions><speed>1.221408</speed><course>145.957268</course><hAcc>1.011962</hAcc><vAcc>0.756742</vAcc></extensions></trkpt>
      <trkpt lon="-82.149536" lat="33.554965"><ele>101.454219</ele><time>2025-09-14T15:17:50Z</time><extensions><speed>1.351462</speed><course>143.267857</course><hAcc>1.002149</hAcc><vAcc>0.756742</vAcc></extensions></trkpt>
      <trkpt lon="-82.149526" lat="33.554955"><ele>101.464619</ele><time>2025-09-14T15:17:51Z</time><extensions><speed>1.448653</speed><course>142.757866</course><hAcc>0.999446</hAcc><vAcc>0.756742</vAcc></extensions></trkpt>
      <trkpt lon="-82.149517" lat="33.554945"><ele>101.472345</ele><time>2025-09-14T15:17:52Z</time><extensions><speed>1.309824</speed><course>141.833847</course><hAcc>1.025512</hAcc><vAcc>0.756742</vAcc></extensions></trkpt>
      <trkpt lon="-82.149508" lat="33.554936"><ele>101.480210</ele><time>2025-09-14T15:17:53Z</time><extensions><speed>1.326601</speed><course>140.429473</course><hAcc>0.990890</hAcc><vAcc>0.756742</vAcc></extensions></trkpt>
      <trkpt lon="-82.149499" lat="33.554927"><ele>101.485445</ele><time>2025-09-14T15:17:54Z</time><extensions><speed>1.299981</speed><course>138.443635</course><hAcc>0.991990</hAcc><vAcc>0.756742</vAcc></extensions></trkpt>
      <trkpt lon="-82.149490" lat="33.554918"><ele>101.482119</ele><time>2025-09-14T15:17:55Z</time><extensions><speed>1.195893</speed><course>136.038208</course><hAcc>1.008520</hAcc><vAcc>0.756742</vAcc></extensions></trkpt>
      <trkpt lon="-82.149481" lat="33.554911"><ele>101.478413</ele><time>2025-09-14T15:17:56Z</time><extensions><speed>1.138641</speed><course>132.812973</course><hAcc>1.015531</hAcc><vAcc>0.756742</vAcc></extensions></trkpt>
      <trkpt lon="-82.149473" lat="33.554904"><ele>101.485494</ele><time>2025-09-14T15:17:57Z</time><extensions><speed>1.129524</speed><course>136.457175</course><hAcc>1.018541</hAcc><vAcc>0.756742</vAcc></extensions></trkpt>
      <trkpt lon="-82.149465" lat="33.554896"><ele>101.492763</ele><time>2025-09-14T15:17:58Z</time><extensions><speed>1.105220</speed><course>140.516211</course><hAcc>1.017979</hAcc><vAcc>0.756742</vAcc></extensions></trkpt>
      <trkpt lon="-82.149457" lat="33.554888"><ele>101.491609</ele><time>2025-09-14T15:17:59Z</time><extensions><speed>1.254471</speed><course>140.694769</course><hAcc>1.018084</hAcc><vAcc>0.756742</vAcc></extensions></trkpt>
      <trkpt lon="-82.149447" lat="33.554879"><ele>101.505606</ele><time>2025-09-14T15:18:00Z</time><extensions><speed>1.392264</speed><course>140.718695</course><hAcc>1.021623</hAcc><vAcc>0.756742</vAcc></extensions></trkpt>
      <trkpt lon="-82.149438" lat="33.554869"><ele>101.534721</ele><time>2025-09-14T15:18:01Z</time><extensions><speed>1.440262</speed><course>142.086061</course><hAcc>1.023072</hAcc><vAcc>0.756742</vAcc></extensions></trkpt>
      <trkpt lon="-82.149429" lat="33.554858"><ele>101.566617</ele><time>2025-09-14T15:18:02Z</time><extensions><speed>1.448629</speed><course>143.552752</course><hAcc>1.019000</hAcc><vAcc>0.756742</vAcc></extensions></trkpt>
      <trkpt lon="-82.149419" lat="33.554848"><ele>101.589658</ele><time>2025-09-14T15:18:03Z</time><extensions><speed>1.481339</speed><course>143.463086</course><hAcc>1.011496</hAcc><vAcc>0.756742</vAcc></extensions></trkpt>
      <trkpt lon="-82.149410" lat="33.554837"><ele>101.615180</ele><time>2025-09-14T15:18:04Z</time><extensions><speed>1.397256</speed><course>146.357195</course><hAcc>1.002607</hAcc><vAcc>0.756742</vAcc></extensions></trkpt>
      <trkpt lon="-82.149403" lat="33.554827"><ele>101.643782</ele><time>2025-09-14T15:18:05Z</time><extensions><speed>1.272191</speed><course>148.650484</course><hAcc>1.001239</hAcc><vAcc>0.756742</vAcc></extensions></trkpt>
      <trkpt lon="-82.149395" lat="33.554817"><ele>101.679479</ele><time>2025-09-14T15:18:06Z</time><extensions><speed>1.272594</speed><course>149.058767</course><hAcc>0.997453</hAcc><vAcc>0.756742</vAcc></extensions></trkpt>
      <trkpt lon="-82.149388" lat="33.554807"><ele>101.709289</ele><time>2025-09-14T15:18:07Z</time><extensions><speed>1.351853</speed><course>150.359610</course><hAcc>0.990639</hAcc><vAcc>0.756742</vAcc></extensions></trkpt>
      <trkpt lon="-82.149381" lat="33.554796"><ele>101.752186</ele><time>2025-09-14T15:18:08Z</time><extensions><speed>1.526556</speed><course>151.911760</course><hAcc>0.982745</hAcc><vAcc>0.756742</vAcc></extensions></trkpt>
      <trkpt lon="-82.149373" lat="33.554784"><ele>101.790401</ele><time>2025-09-14T15:18:09Z</time><extensions><speed>1.497913</speed><course>153.218197</course><hAcc>0.980323</hAcc><vAcc>0.756742</vAcc></extensions></trkpt>
      <trkpt lon="-82.149366" lat="33.554772"><ele>101.835030</ele><time>2025-09-14T15:18:10Z</time><extensions><speed>1.440812</speed><course>152.332121</course><hAcc>0.989195</hAcc><vAcc>0.756742</vAcc></extensions></trkpt>
      <trkpt lon="-82.149359" lat="33.554760"><ele>101.862901</ele><time>2025-09-14T15:18:11Z</time><extensions><speed>1.462972</speed><course>149.316867</course><hAcc>0.986676</hAcc><vAcc>0.756742</vAcc></extensions></trkpt>
      <trkpt lon="-82.149350" lat="33.554749"><ele>101.889295</ele><time>2025-09-14T15:18:12Z</time><extensions><speed>1.451469</speed><course>145.208214</course><hAcc>0.985654</hAcc><vAcc>0.756742</vAcc></extensions></trkpt>
      <trkpt lon="-82.149341" lat="33.554738"><ele>101.904893</ele><time>2025-09-14T15:18:13Z</time><extensions><speed>1.500130</speed><course>144.458946</course><hAcc>0.977676</hAcc><vAcc>0.756742</vAcc></extensions></trkpt>
      <trkpt lon="-82.149332" lat="33.554727"><ele>101.911231</ele><time>2025-09-14T15:18:14Z</time><extensions><speed>1.469852</speed><course>146.653382</course><hAcc>0.971842</hAcc><vAcc>0.756742</vAcc></extensions></trkpt>
      <trkpt lon="-82.149324" lat="33.554717"><ele>101.910339</ele><time>2025-09-14T15:18:15Z</time><extensions><speed>1.370095</speed><course>149.042237</course><hAcc>0.964300</hAcc><vAcc>0.756742</vAcc></extensions></trkpt>
      <trkpt lon="-82.149317" lat="33.554706"><ele>101.909454</ele><time>2025-09-14T15:18:16Z</time><extensions><speed>1.257801</speed><course>151.840566</course><hAcc>0.969444</hAcc><vAcc>0.756742</vAcc></extensions></trkpt>
      <trkpt lon="-82.149311" lat="33.554697"><ele>101.918664</ele><time>2025-09-14T15:18:17Z</time><extensions><speed>1.130002</speed><course>159.334714</course><hAcc>0.976686</hAcc><vAcc>0.756742</vAcc></extensions></trkpt>
      <trkpt lon="-82.149308" lat="33.554688"><ele>101.924476</ele><time>2025-09-14T15:18:18Z</time><extensions><speed>0.927648</speed><course>163.260407</course><hAcc>0.961772</hAcc><vAcc>0.756742</vAcc></extensions></trkpt>
      <trkpt lon="-82.149305" lat="33.554680"><ele>101.931893</ele><time>2025-09-14T15:18:19Z</time><extensions><speed>0.925880</speed><course>168.927631</course><hAcc>0.963486</hAcc><vAcc>0.756742</vAcc></extensions></trkpt>
      <trkpt lon="-82.149304" lat="33.554671"><ele>101.939989</ele><time>2025-09-14T15:18:20Z</time><extensions><speed>1.064166</speed><course>173.163679</course><hAcc>0.977328</hAcc><vAcc>0.756742</vAcc></extensions></trkpt>
      <trkpt lon="-82.149302" lat="33.554661"><ele>101.945279</ele><time>2025-09-14T15:18:21Z</time><extensions><speed>1.097579</speed><course>170.959355</course><hAcc>0.985031</hAcc><vAcc>0.756742</vAcc></extensions></trkpt>
      <trkpt lon="-82.149300" lat="33.554652"><ele>101.950828</ele><time>2025-09-14T15:18:22Z</time><extensions><speed>1.050898</speed><course>166.274822</course><hAcc>0.988761</hAcc><vAcc>0.756742</vAcc></extensions></trkpt>
      <trkpt lon="-82.149297" lat="33.554643"><ele>101.961063</ele><time>2025-09-14T15:18:23Z</time><extensions><speed>0.986833</speed><course>158.856356</course><hAcc>0.978781</hAcc><vAcc>0.756742</vAcc></extensions></trkpt>
      <trkpt lon="-82.149292" lat="33.554635"><ele>101.973608</ele><time>2025-09-14T15:18:24Z</time><extensions><speed>1.050489</speed><course>153.026973</course><hAcc>0.992784</hAcc><vAcc>0.756742</vAcc></extensions></trkpt>
      <trkpt lon="-82.149287" lat="33.554626"><ele>101.996264</ele><time>2025-09-14T15:18:25Z</time><extensions><speed>1.064105</speed><course>150.829478</course><hAcc>1.004819</hAcc><vAcc>0.756742</vAcc></extensions></trkpt>
      <trkpt lon="-82.149281" lat="33.554619"><ele>102.030923</ele><time>2025-09-14T15:18:26Z</time><extensions><speed>0.814122</speed><course>144.741099</course><hAcc>1.014876</hAcc><vAcc>0.756742</vAcc></extensions></trkpt>
      <trkpt lon="-82.149278" lat="33.554616"><ele>102.076276</ele><time>2025-09-14T15:18:27Z</time><extensions><speed>0.206895</speed><course>100.060290</course><hAcc>1.017683</hAcc><vAcc>0.756742</vAcc></extensions></trkpt>
      <trkpt lon="-82.149277" lat="33.554617"><ele>102.137173</ele><time>2025-09-14T15:18:28Z</time><extensions><speed>0.418964</speed><course>348.609374</course><hAcc>1.033152</hAcc><vAcc>0.756742</vAcc></extensions></trkpt>
      <trkpt lon="-82.149279" lat="33.554622"><ele>102.203212</ele><time>2025-09-14T15:18:29Z</time><extensions><speed>0.638302</speed><course>340.645334</course><hAcc>1.045979</hAcc><vAcc>0.756742</vAcc></extensions></trkpt>
      <trkpt lon="-82.149281" lat="33.554628"><ele>102.274282</ele><time>2025-09-14T15:18:30Z</time><extensions><speed>0.733611</speed><course>339.755670</course><hAcc>1.053952</hAcc><vAcc>0.756742</vAcc></extensions></trkpt>
      <trkpt lon="-82.149284" lat="33.554634"><ele>102.348360</ele><time>2025-09-14T15:18:31Z</time><extensions><speed>0.753381</speed><course>340.554023</course><hAcc>1.060258</hAcc><vAcc>0.756742</vAcc></extensions></trkpt>
      <trkpt lon="-82.149286" lat="33.554641"><ele>102.421889</ele><time>2025-09-14T15:18:32Z</time><extensions><speed>0.743921</speed><course>343.718122</course><hAcc>1.061951</hAcc><vAcc>0.756742</vAcc></extensions></trkpt>
      <trkpt lon="-82.149288" lat="33.554647"><ele>102.503592</ele><time>2025-09-14T15:18:33Z</time><extensions><speed>0.680598</speed><course>350.039137</course><hAcc>1.063719</hAcc><vAcc>0.756742</vAcc></extensions></trkpt>
      <trkpt lon="-82.149289" lat="33.554652"><ele>102.581119</ele><time>2025-09-14T15:18:34Z</time><extensions><speed>0.587031</speed><course>356.798263</course><hAcc>1.063366</hAcc><vAcc>0.756742</vAcc></extensions></trkpt>
      <trkpt lon="-82.149289" lat="33.554657"><ele>102.657739</ele><time>2025-09-14T15:18:35Z</time><extensions><speed>0.482629</speed><course>0.650351</course><hAcc>1.059260</hAcc><vAcc>0.756742</vAcc></extensions></trkpt>
      <trkpt lon="-82.149289" lat="33.554661"><ele>102.732643</ele><time>2025-09-14T15:18:36Z</time><extensions><speed>0.379873</speed><course>355.954897</course><hAcc>1.057994</hAcc><vAcc>0.756742</vAcc></extensions></trkpt>
      <trkpt lon="-82.149290" lat="33.554664"><ele>102.804231</ele><time>2025-09-14T15:18:37Z</time><extensions><speed>0.293033</speed><course>346.617185</course><hAcc>1.057324</hAcc><vAcc>0.756742</vAcc></extensions></trkpt>
      <trkpt lon="-82.149291" lat="33.554666"><ele>102.870936</ele><time>2025-09-14T15:18:38Z</time><extensions><speed>0.205602</speed><course>341.571171</course><hAcc>1.051658</hAcc><vAcc>0.756742</vAcc></extensions></trkpt>
      <trkpt lon="-82.149291" lat="33.554668"><ele>102.931460</ele><time>2025-09-14T15:18:39Z</time><extensions><speed>0.126522</speed><course>338.362459</course><hAcc>1.055370</hAcc><vAcc>0.756742</vAcc></extensions></trkpt>
      <trkpt lon="-82.149291" lat="33.554668"><ele>102.988478</ele><time>2025-09-14T15:18:40Z</time><extensions><speed>0.045150</speed><course>342.846825</course><hAcc>1.059558</hAcc><vAcc>0.756742</vAcc></extensions></trkpt>
      <trkpt lon="-82.149291" lat="33.554668"><ele>103.036641</ele><time>2025-09-14T15:18:41Z</time><extensions><speed>0.052291</speed><course>141.407889</course><hAcc>1.057090</hAcc><vAcc>0.756742</vAcc></extensions></trkpt>
      <trkpt lon="-82.149291" lat="33.554668"><ele>103.075938</ele><time>2025-09-14T15:18:42Z</time><extensions><speed>0.122619</speed><course>148.489274</course><hAcc>1.066207</hAcc><vAcc>0.756742</vAcc></extensions></trkpt>
      <trkpt lon="-82.149290" lat="33.554667"><ele>103.108046</ele><time>2025-09-14T15:18:43Z</time><extensions><speed>0.098530</speed><course>150.920528</course><hAcc>1.077141</hAcc><vAcc>0.756742</vAcc></extensions></trkpt>
      <trkpt lon="-82.149290" lat="33.554666"><ele>103.133573</ele><time>2025-09-14T15:18:44Z</time><extensions><speed>0.067703</speed><course>146.933116</course><hAcc>1.082237</hAcc><vAcc>0.756742</vAcc></extensions></trkpt>
      <trkpt lon="-82.149289" lat="33.554666"><ele>103.148119</ele><time>2025-09-14T15:18:45Z</time><extensions><speed>0.013614</speed><course>127.732333</course><hAcc>1.092522</hAcc><vAcc>0.756742</vAcc></extensions></trkpt>
      <trkpt lon="-82.149289" lat="33.554666"><ele>103.157980</ele><time>2025-09-14T15:18:46Z</time><extensions><speed>0.015955</speed><course>62.330044</course><hAcc>1.099203</hAcc><vAcc>0.756742</vAcc></extensions></trkpt>
      <trkpt lon="-82.149289" lat="33.554666"><ele>103.164803</ele><time>2025-09-14T15:18:47Z</time><extensions><speed>0.035646</speed><course>74.483713</course><hAcc>1.104836</hAcc><vAcc>0.756742</vAcc></extensions></trkpt>
      <trkpt lon="-82.149289" lat="33.554666"><ele>103.154773</ele><time>2025-09-14T15:18:48Z</time><extensions><speed>0.065310</speed><course>83.968725</course><hAcc>1.113464</hAcc><vAcc>0.756742</vAcc></extensions></trkpt>
      <trkpt lon="-82.149288" lat="33.554666"><ele>103.142164</ele><time>2025-09-14T15:18:49Z</time><extensions><speed>0.096147</speed><course>89.088094</course><hAcc>1.128976</hAcc><vAcc>0.756742</vAcc></extensions></trkpt>
      <trkpt lon="-82.149287" lat="33.554666"><ele>103.141492</ele><time>2025-09-14T15:18:50Z</time><extensions><speed>0.110222</speed><course>93.748338</course><hAcc>1.140987</hAcc><vAcc>0.756742</vAcc></extensions></trkpt>
      <trkpt lon="-82.149285" lat="33.554666"><ele>103.149099</ele><time>2025-09-14T15:18:51Z</time><extensions><speed>0.098345</speed><course>99.707203</course><hAcc>1.154839</hAcc><vAcc>0.756742</vAcc></extensions></trkpt>
      <trkpt lon="-82.149285" lat="33.554666"><ele>103.154973</ele><time>2025-09-14T15:18:52Z</time><extensions><speed>0.075733</speed><course>106.153512</course><hAcc>1.177808</hAcc><vAcc>0.756742</vAcc></extensions></trkpt>
      <trkpt lon="-82.149284" lat="33.554666"><ele>103.149502</ele><time>2025-09-14T15:18:53Z</time><extensions><speed>0.061638</speed><course>120.013928</course><hAcc>1.208540</hAcc><vAcc>0.756742</vAcc></extensions></trkpt>
      <trkpt lon="-82.149283" lat="33.554665"><ele>103.137144</ele><time>2025-09-14T15:18:54Z</time><extensions><speed>0.091865</speed><course>141.296865</course><hAcc>1.235479</hAcc><vAcc>0.756742</vAcc></extensions></trkpt>
      <trkpt lon="-82.149283" lat="33.554664"><ele>103.119502</ele><time>2025-09-14T15:18:55Z</time><extensions><speed>0.185372</speed><course>152.729284</course><hAcc>1.250513</hAcc><vAcc>0.756742</vAcc></extensions></trkpt>
      <trkpt lon="-82.149281" lat="33.554662"><ele>103.093465</ele><time>2025-09-14T15:18:56Z</time><extensions><speed>0.356555</speed><course>157.971700</course><hAcc>1.254179</hAcc><vAcc>0.756742</vAcc></extensions></trkpt>
      <trkpt lon="-82.149280" lat="33.554658"><ele>103.058529</ele><time>2025-09-14T15:18:57Z</time><extensions><speed>0.628172</speed><course>160.589585</course><hAcc>1.248659</hAcc><vAcc>0.756742</vAcc></extensions></trkpt>
      <trkpt lon="-82.149277" lat="33.554651"><ele>103.017951</ele><time>2025-09-14T15:18:58Z</time><extensions><speed>0.923621</speed><course>163.738584</course><hAcc>1.237850</hAcc><vAcc>0.756742</vAcc></extensions></trkpt>
      <trkpt lon="-82.149274" lat="33.554642"><ele>102.973963</ele><time>2025-09-14T15:18:59Z</time><extensions><speed>1.206413</speed><course>166.440506</course><hAcc>1.221644</hAcc><vAcc>0.756742</vAcc></extensions></trkpt>
      <trkpt lon="-82.149271" lat="33.554630"><ele>102.913282</ele><time>2025-09-14T15:19:00Z</time><extensions><speed>1.534566</speed><course>167.062104</course><hAcc>1.199689</hAcc><vAcc>0.756742</vAcc></extensions></trkpt>
      <trkpt lon="-82.149267" lat="33.554616"><ele>102.834569</ele><time>2025-09-14T15:19:01Z</time><extensions><speed>1.583966</speed><course>167.030854</course><hAcc>1.173316</hAcc><vAcc>0.756742</vAcc></extensions></trkpt>
      <trkpt lon="-82.149263" lat="33.554602"><ele>102.735754</ele><time>2025-09-14T15:19:02Z</time><extensions><speed>1.533481</speed><course>166.336117</course><hAcc>1.153282</hAcc><vAcc>0.756742</vAcc></extensions></trkpt>
      <trkpt lon="-82.149259" lat="33.554590"><ele>102.616013</ele><time>2025-09-14T15:19:03Z</time><extensions><speed>1.398550</speed><course>165.588498</course><hAcc>1.135931</hAcc><vAcc>0.756742</vAcc></extensions></trkpt>
      <trkpt lon="-82.149256" lat="33.554578"><ele>102.482666</ele><time>2025-09-14T15:19:04Z</time><extensions><speed>1.282701</speed><course>169.256777</course><hAcc>1.118981</hAcc><vAcc>0.756742</vAcc></extensions></trkpt>
      <trkpt lon="-82.149254" lat="33.554567"><ele>102.338068</ele><time>2025-09-14T15:19:05Z</time><extensions><speed>1.222998</speed><course>170.947392</course><hAcc>1.106259</hAcc><vAcc>0.756742</vAcc></extensions></trkpt>
      <trkpt lon="-82.149251" lat="33.554556"><ele>102.179927</ele><time>2025-09-14T15:19:06Z</time><extensions><speed>1.252123</speed><course>168.371670</course><hAcc>1.094135</hAcc><vAcc>0.756742</vAcc></extensions></trkpt>
      <trkpt lon="-82.149248" lat="33.554545"><ele>102.010714</ele><time>2025-09-14T15:19:07Z</time><extensions><speed>1.319303</speed><course>162.060297</course><hAcc>1.080585</hAcc><vAcc>0.756742</vAcc></extensions></trkpt>
      <trkpt lon="-82.149243" lat="33.554533"><ele>101.844119</ele><time>2025-09-14T15:19:08Z</time><extensions><speed>1.375885</speed><course>155.464960</course><hAcc>1.065091</hAcc><vAcc>0.756742</vAcc></extensions></trkpt>
      <trkpt lon="-82.149236" lat="33.554522"><ele>101.685161</ele><time>2025-09-14T15:19:09Z</time><extensions><speed>1.295410</speed><course>151.847591</course><hAcc>1.063465</hAcc><vAcc>0.756742</vAcc></extensions></trkpt>
      <trkpt lon="-82.149230" lat="33.554513"><ele>101.525185</ele><time>2025-09-14T15:19:10Z</time><extensions><speed>1.113233</speed><course>153.774856</course><hAcc>1.089996</hAcc><vAcc>0.756742</vAcc></extensions></trkpt>
      <trkpt lon="-82.149226" lat="33.554503"><ele>101.362174</ele><time>2025-09-14T15:19:11Z</time><extensions><speed>1.163932</speed><course>161.061239</course><hAcc>1.049821</hAcc><vAcc>0.756742</vAcc></extensions></trkpt>
      <trkpt lon="-82.149222" lat="33.554493"><ele>101.198446</ele><time>2025-09-14T15:19:12Z</time><extensions><speed>1.257925</speed><course>165.026590</course><hAcc>1.040339</hAcc><vAcc>0.756742</vAcc></extensions></trkpt>
      <trkpt lon="-82.149218" lat="33.554481"><ele>101.031006</ele><time>2025-09-14T15:19:13Z</time><extensions><speed>1.381394</speed><course>165.050567</course><hAcc>1.040241</hAcc><vAcc>0.756742</vAcc></extensions></trkpt>
      <trkpt lon="-82.149214" lat="33.554469"><ele>100.868827</ele><time>2025-09-14T15:19:14Z</time><extensions><speed>1.512827</speed><course>164.769023</course><hAcc>1.024557</hAcc><vAcc>0.756742</vAcc></extensions></trkpt>
      <trkpt lon="-82.149210" lat="33.554456"><ele>100.711385</ele><time>2025-09-14T15:19:15Z</time><extensions><speed>1.397366</speed><course>162.505119</course><hAcc>1.004908</hAcc><vAcc>0.756742</vAcc></extensions></trkpt>
      <trkpt lon="-82.149205" lat="33.554445"><ele>100.551108</ele><time>2025-09-14T15:19:16Z</time><extensions><speed>1.165734</speed><course>156.157252</course><hAcc>1.018182</hAcc><vAcc>0.756742</vAcc></extensions></trkpt>
      <trkpt lon="-82.149200" lat="33.554437"><ele>100.381967</ele><time>2025-09-14T15:19:17Z</time><extensions><speed>0.940932</speed><course>156.289686</course><hAcc>1.023646</hAcc><vAcc>0.756742</vAcc></extensions></trkpt>
      <trkpt lon="-82.149197" lat="33.554429"><ele>100.213681</ele><time>2025-09-14T15:19:18Z</time><extensions><speed>0.877075</speed><course>159.420153</course><hAcc>0.973740</hAcc><vAcc>0.756742</vAcc></extensions></trkpt>
      <trkpt lon="-82.149193" lat="33.554421"><ele>100.047515</ele><time>2025-09-14T15:19:19Z</time><extensions><speed>1.069770</speed><course>163.079182</course><hAcc>0.978846</hAcc><vAcc>0.756742</vAcc></extensions></trkpt>
      <trkpt lon="-82.149190" lat="33.554411"><ele>99.878080</ele><time>2025-09-14T15:19:20Z</time><extensions><speed>1.268228</speed><course>165.519165</course><hAcc>0.992166</hAcc><vAcc>0.756742</vAcc></extensions></trkpt>
      <trkpt lon="-82.149186" lat="33.554398"><ele>99.706666</ele><time>2025-09-14T15:19:21Z</time><extensions><speed>1.562045</speed><course>162.935414</course><hAcc>0.974042</hAcc><vAcc>0.756742</vAcc></extensions></trkpt>
      <trkpt lon="-82.149181" lat="33.554386"><ele>99.532354</ele><time>2025-09-14T15:19:22Z</time><extensions><speed>1.428322</speed><course>159.843528</course><hAcc>1.002932</hAcc><vAcc>0.756742</vAcc></extensions></trkpt>
      <trkpt lon="-82.149176" lat="33.554374"><ele>99.357078</ele><time>2025-09-14T15:19:23Z</time><extensions><speed>1.191213</speed><course>159.734565</course><hAcc>1.005986</hAcc><vAcc>0.756742</vAcc></extensions></trkpt>
      <trkpt lon="-82.149172" lat="33.554365"><ele>99.194496</ele><time>2025-09-14T15:19:24Z</time><extensions><speed>1.013612</speed><course>166.073077</course><hAcc>0.989912</hAcc><vAcc>0.756742</vAcc></extensions></trkpt>
      <trkpt lon="-82.149170" lat="33.554356"><ele>99.040869</ele><time>2025-09-14T15:19:25Z</time><extensions><speed>1.033474</speed><course>171.609469</course><hAcc>1.007276</hAcc><vAcc>0.756742</vAcc></extensions></trkpt>
      <trkpt lon="-82.149169" lat="33.554346"><ele>98.903309</ele><time>2025-09-14T15:19:26Z</time><extensions><speed>1.257183</speed><course>173.957085</course><hAcc>1.028281</hAcc><vAcc>0.756742</vAcc></extensions></trkpt>
      <trkpt lon="-82.149167" lat="33.554334"><ele>98.775069</ele><time>2025-09-14T15:19:27Z</time><extensions><speed>1.398102</speed><course>176.604844</course><hAcc>1.037438</hAcc><vAcc>0.756742</vAcc></extensions></trkpt>
      <trkpt lon="-82.149167" lat="33.554322"><ele>98.655065</ele><time>2025-09-14T15:19:28Z</time><extensions><speed>1.324159</speed><course>179.379338</course><hAcc>1.062617</hAcc><vAcc>0.756742</vAcc></extensions></trkpt>
      <trkpt lon="-82.149167" lat="33.554311"><ele>98.555160</ele><time>2025-09-14T15:19:29Z</time><extensions><speed>1.112219</speed><course>179.348801</course><hAcc>1.044642</hAcc><vAcc>0.756742</vAcc></extensions></trkpt>
      <trkpt lon="-82.149167" lat="33.554301"><ele>98.471434</ele><time>2025-09-14T15:19:30Z</time><extensions><speed>0.930120</speed><course>179.540060</course><hAcc>1.039918</hAcc><vAcc>0.756742</vAcc></extensions></trkpt>
      <trkpt lon="-82.149167" lat="33.554293"><ele>98.410708</ele><time>2025-09-14T15:19:31Z</time><extensions><speed>0.964703</speed><course>187.869177</course><hAcc>1.033692</hAcc><vAcc>0.756742</vAcc></extensions></trkpt>
      <trkpt lon="-82.149169" lat="33.554284"><ele>98.366294</ele><time>2025-09-14T15:19:32Z</time><extensions><speed>1.049525</speed><course>192.748804</course><hAcc>1.041510</hAcc><vAcc>0.756742</vAcc></extensions></trkpt>
      <trkpt lon="-82.149172" lat="33.554274"><ele>98.340725</ele><time>2025-09-14T15:19:33Z</time><extensions><speed>1.127080</speed><course>195.346709</course><hAcc>1.047896</hAcc><vAcc>0.756741</vAcc></extensions></trkpt>
      <trkpt lon="-82.149175" lat="33.554265"><ele>98.334317</ele><time>2025-09-14T15:19:34Z</time><extensions><speed>1.051757</speed><course>198.059662</course><hAcc>1.046269</hAcc><vAcc>0.756740</vAcc></extensions></trkpt>
      <trkpt lon="-82.149179" lat="33.554257"><ele>98.348502</ele><time>2025-09-14T15:19:35Z</time><extensions><speed>0.769881</speed><course>205.177905</course><hAcc>1.032367</hAcc><vAcc>0.756739</vAcc></extensions></trkpt>
      <trkpt lon="-82.149183" lat="33.554252"><ele>98.378715</ele><time>2025-09-14T15:19:36Z</time><extensions><speed>0.702082</speed><course>211.538288</course><hAcc>1.030952</hAcc><vAcc>0.756738</vAcc></extensions></trkpt>
      <trkpt lon="-82.149187" lat="33.554245"><ele>98.423503</ele><time>2025-09-14T15:19:37Z</time><extensions><speed>0.947762</speed><course>213.086734</course><hAcc>1.035842</hAcc><vAcc>0.756737</vAcc></extensions></trkpt>
      <trkpt lon="-82.149193" lat="33.554238"><ele>98.475379</ele><time>2025-09-14T15:19:38Z</time><extensions><speed>0.893180</speed><course>218.326538</course><hAcc>1.047214</hAcc><vAcc>0.756736</vAcc></extensions></trkpt>
      <trkpt lon="-82.149199" lat="33.554234"><ele>98.536534</ele><time>2025-09-14T15:19:39Z</time><extensions><speed>0.524850</speed><course>235.833699</course><hAcc>1.048135</hAcc><vAcc>0.756734</vAcc></extensions></trkpt>
      <trkpt lon="-82.149202" lat="33.554233"><ele>98.621725</ele><time>2025-09-14T15:19:40Z</time><extensions><speed>0.282705</speed><course>265.572788</course><hAcc>1.065511</hAcc><vAcc>0.756732</vAcc></extensions></trkpt>
      <trkpt lon="-82.149205" lat="33.554233"><ele>98.708940</ele><time>2025-09-14T15:19:41Z</time><extensions><speed>0.201121</speed><course>298.445428</course><hAcc>1.082636</hAcc><vAcc>0.756729</vAcc></extensions></trkpt>
      <trkpt lon="-82.149207" lat="33.554234"><ele>98.792920</ele><time>2025-09-14T15:19:41Z</time><extensions><speed>0.172130</speed><course>294.282898</course><hAcc>1.112442</hAcc><vAcc>0.756727</vAcc></extensions></trkpt>
      <trkpt lon="-82.149208" lat="33.554234"><ele>98.871155</ele><time>2025-09-14T15:19:42Z</time><extensions><speed>0.160042</speed><course>273.267819</course><hAcc>1.139511</hAcc><vAcc>0.756731</vAcc></extensions></trkpt>
      <trkpt lon="-82.149210" lat="33.554234"><ele>98.951854</ele><time>2025-09-14T15:19:43Z</time><extensions><speed>0.169326</speed><course>251.463632</course><hAcc>1.152359</hAcc><vAcc>0.756733</vAcc></extensions></trkpt>
      <trkpt lon="-82.149211" lat="33.554233"><ele>99.027188</ele><time>2025-09-14T15:19:44Z</time><extensions><speed>0.037984</speed><course>182.137629</course><hAcc>1.164745</hAcc><vAcc>0.756736</vAcc></extensions></trkpt>
      <trkpt lon="-82.149210" lat="33.554233"><ele>99.089924</ele><time>2025-09-14T15:19:45Z</time><extensions><speed>0.134110</speed><course>113.154550</course><hAcc>1.160706</hAcc><vAcc>0.756737</vAcc></extensions></trkpt>
      <trkpt lon="-82.149208" lat="33.554232"><ele>99.131763</ele><time>2025-09-14T15:19:46Z</time><extensions><speed>0.258882</speed><course>113.785844</course><hAcc>1.154911</hAcc><vAcc>0.756739</vAcc></extensions></trkpt>
      <trkpt lon="-82.149205" lat="33.554231"><ele>99.158874</ele><time>2025-09-14T15:19:47Z</time><extensions><speed>0.431525</speed><course>120.731370</course><hAcc>1.144300</hAcc><vAcc>0.756740</vAcc></extensions></trkpt>
      <trkpt lon="-82.149200" lat="33.554228"><ele>99.179370</ele><time>2025-09-14T15:19:48Z</time><extensions><speed>0.684120</speed><course>123.597382</course><hAcc>1.123497</hAcc><vAcc>0.756741</vAcc></extensions></trkpt>
      <trkpt lon="-82.149192" lat="33.554224"><ele>99.186129</ele><time>2025-09-14T15:19:49Z</time><extensions><speed>1.012253</speed><course>122.256613</course><hAcc>1.104129</hAcc><vAcc>0.756742</vAcc></extensions></trkpt>
      <trkpt lon="-82.149181" lat="33.554219"><ele>99.190945</ele><time>2025-09-14T15:19:50Z</time><extensions><speed>1.372000</speed><course>117.466460</course><hAcc>1.100845</hAcc><vAcc>0.756743</vAcc></extensions></trkpt>
      <trkpt lon="-82.149167" lat="33.554214"><ele>99.182994</ele><time>2025-09-14T15:19:51Z</time><extensions><speed>1.546113</speed><course>109.154757</course><hAcc>1.080386</hAcc><vAcc>0.756743</vAcc></extensions></trkpt>
      <trkpt lon="-82.149151" lat="33.554210"><ele>99.161249</ele><time>2025-09-14T15:19:52Z</time><extensions><speed>1.442228</speed><course>105.286270</course><hAcc>1.066209</hAcc><vAcc>0.756744</vAcc></extensions></trkpt>
      <trkpt lon="-82.149137" lat="33.554207"><ele>99.133813</ele><time>2025-09-14T15:19:53Z</time><extensions><speed>1.325649</speed><course>102.551797</course><hAcc>1.061600</hAcc><vAcc>0.756744</vAcc></extensions></trkpt>
      <trkpt lon="-82.149123" lat="33.554205"><ele>99.105250</ele><time>2025-09-14T15:19:54Z</time><extensions><speed>1.265471</speed><course>95.514454</course><hAcc>1.056851</hAcc><vAcc>0.756744</vAcc></extensions></trkpt>
      <trkpt lon="-82.149110" lat="33.554204"><ele>99.073470</ele><time>2025-09-14T15:19:55Z</time><extensions><speed>1.247307</speed><course>91.110381</course><hAcc>1.046068</hAcc><vAcc>0.756745</vAcc></extensions></trkpt>
      <trkpt lon="-82.149096" lat="33.554204"><ele>99.040437</ele><time>2025-09-14T15:19:56Z</time><extensions><speed>1.376789</speed><course>87.307262</course><hAcc>1.039245</hAcc><vAcc>0.756745</vAcc></extensions></trkpt>
      <trkpt lon="-82.149080" lat="33.554205"><ele>99.007766</ele><time>2025-09-14T15:19:57Z</time><extensions><speed>1.483754</speed><course>81.905856</course><hAcc>1.033697</hAcc><vAcc>0.756745</vAcc></extensions></trkpt>
      <trkpt lon="-82.149064" lat="33.554208"><ele>98.971643</ele><time>2025-09-14T15:19:58Z</time><extensions><speed>1.557004</speed><course>77.502793</course><hAcc>1.020521</hAcc><vAcc>0.756745</vAcc></extensions></trkpt>
      <trkpt lon="-82.149048" lat="33.554211"><ele>98.939575</ele><time>2025-09-14T15:19:59Z</time><extensions><speed>1.552269</speed><course>74.925782</course><hAcc>1.006712</hAcc><vAcc>0.756745</vAcc></extensions></trkpt>
      <trkpt lon="-82.149033" lat="33.554215"><ele>98.905928</ele><time>2025-09-14T15:20:00Z</time><extensions><speed>1.417983</speed><course>73.424545</course><hAcc>1.015324</hAcc><vAcc>0.756745</vAcc></extensions></trkpt>
      <trkpt lon="-82.149019" lat="33.554219"><ele>98.875415</ele><time>2025-09-14T15:20:01Z</time><extensions><speed>1.221991</speed><course>70.801716</course><hAcc>0.996340</hAcc><vAcc>0.756745</vAcc></extensions></trkpt>
      <trkpt lon="-82.149007" lat="33.554222"><ele>98.847025</ele><time>2025-09-14T15:20:02Z</time><extensions><speed>1.174513</speed><course>71.465989</course><hAcc>0.995896</hAcc><vAcc>0.756745</vAcc></extensions></trkpt>
      <trkpt lon="-82.148994" lat="33.554225"><ele>98.821698</ele><time>2025-09-14T15:20:03Z</time><extensions><speed>1.284692</speed><course>73.247343</course><hAcc>0.997047</hAcc><vAcc>0.756745</vAcc></extensions></trkpt>
      <trkpt lon="-82.148981" lat="33.554229"><ele>98.799375</ele><time>2025-09-14T15:20:04Z</time><extensions><speed>1.358565</speed><course>74.265220</course><hAcc>0.995962</hAcc><vAcc>0.756745</vAcc></extensions></trkpt>
      <trkpt lon="-82.148967" lat="33.554232"><ele>98.770240</ele><time>2025-09-14T15:20:05Z</time><extensions><speed>1.337251</speed><course>73.839232</course><hAcc>0.988807</hAcc><vAcc>0.756745</vAcc></extensions></trkpt>
      <trkpt lon="-82.148953" lat="33.554235"><ele>98.733687</ele><time>2025-09-14T15:20:06Z</time><extensions><speed>1.298122</speed><course>73.842244</course><hAcc>0.971918</hAcc><vAcc>0.756745</vAcc></extensions></trkpt>
      <trkpt lon="-82.148939" lat="33.554239"><ele>98.697050</ele><time>2025-09-14T15:20:07Z</time><extensions><speed>1.327406</speed><course>74.167555</course><hAcc>0.953817</hAcc><vAcc>0.756744</vAcc></extensions></trkpt>
      <trkpt lon="-82.148925" lat="33.554242"><ele>98.662263</ele><time>2025-09-14T15:20:08Z</time><extensions><speed>1.374739</speed><course>71.687529</course><hAcc>0.956613</hAcc><vAcc>0.756744</vAcc></extensions></trkpt>
      <trkpt lon="-82.148911" lat="33.554246"><ele>98.630893</ele><time>2025-09-14T15:20:09Z</time><extensions><speed>1.374470</speed><course>70.780906</course><hAcc>0.959552</hAcc><vAcc>0.756744</vAcc></extensions></trkpt>
      <trkpt lon="-82.148898" lat="33.554250"><ele>98.596976</ele><time>2025-09-14T15:20:10Z</time><extensions><speed>1.309804</speed><course>75.257235</course><hAcc>0.946993</hAcc><vAcc>0.756744</vAcc></extensions></trkpt>
      <trkpt lon="-82.148884" lat="33.554253"><ele>98.565603</ele><time>2025-09-14T15:20:11Z</time><extensions><speed>1.295542</speed><course>67.283973</course><hAcc>0.950781</hAcc><vAcc>0.756744</vAcc></extensions></trkpt>
      <trkpt lon="-82.148871" lat="33.554259"><ele>98.533290</ele><time>2025-09-14T15:20:12Z</time><extensions><speed>1.368953</speed><course>62.365211</course><hAcc>0.949487</hAcc><vAcc>0.756744</vAcc></extensions></trkpt>
      <trkpt lon="-82.148858" lat="33.554265"><ele>98.505380</ele><time>2025-09-14T15:20:13Z</time><extensions><speed>1.521682</speed><course>63.161320</course><hAcc>0.953313</hAcc><vAcc>0.756744</vAcc></extensions></trkpt>
      <trkpt lon="-82.148843" lat="33.554270"><ele>98.486535</ele><time>2025-09-14T15:20:14Z</time><extensions><speed>1.508726</speed><course>68.381022</course><hAcc>0.970393</hAcc><vAcc>0.756744</vAcc></extensions></trkpt>
      <trkpt lon="-82.148827" lat="33.554275"><ele>98.475679</ele><time>2025-09-14T15:20:15Z</time><extensions><speed>1.509295</speed><course>73.918649</course><hAcc>0.949963</hAcc><vAcc>0.756744</vAcc></extensions></trkpt>
      <trkpt lon="-82.148812" lat="33.554278"><ele>98.471443</ele><time>2025-09-14T15:20:16Z</time><extensions><speed>1.435540</speed><course>75.494021</course><hAcc>0.962464</hAcc><vAcc>0.756744</vAcc></extensions></trkpt>
      <trkpt lon="-82.148797" lat="33.554281"><ele>98.466591</ele><time>2025-09-14T15:20:17Z</time><extensions><speed>1.359533</speed><course>78.142434</course><hAcc>0.955492</hAcc><vAcc>0.756744</vAcc></extensions></trkpt>
      <trkpt lon="-82.148784" lat="33.554283"><ele>98.459094</ele><time>2025-09-14T15:20:18Z</time><extensions><speed>1.259016</speed><course>79.167312</course><hAcc>0.950906</hAcc><vAcc>0.756743</vAcc></extensions></trkpt>
      <trkpt lon="-82.148770" lat="33.554285"><ele>98.459240</ele><time>2025-09-14T15:20:19Z</time><extensions><speed>1.314081</speed><course>81.902059</course><hAcc>0.948819</hAcc><vAcc>0.756743</vAcc></extensions></trkpt>
      <trkpt lon="-82.148756" lat="33.554287"><ele>98.468063</ele><time>2025-09-14T15:20:20Z</time><extensions><speed>1.412352</speed><course>77.933680</course><hAcc>0.942883</hAcc><vAcc>0.756743</vAcc></extensions></trkpt>
      <trkpt lon="-82.148741" lat="33.554290"><ele>98.484478</ele><time>2025-09-14T15:20:21Z</time><extensions><speed>1.421467</speed><course>73.618769</course><hAcc>0.945961</hAcc><vAcc>0.756743</vAcc></extensions></trkpt>
      <trkpt lon="-82.148726" lat="33.554294"><ele>98.497711</ele><time>2025-09-14T15:20:22Z</time><extensions><speed>1.370248</speed><course>71.893846</course><hAcc>0.935072</hAcc><vAcc>0.756743</vAcc></extensions></trkpt>
      <trkpt lon="-82.148712" lat="33.554298"><ele>98.511023</ele><time>2025-09-14T15:20:23Z</time><extensions><speed>1.336242</speed><course>74.842296</course><hAcc>0.950205</hAcc><vAcc>0.756743</vAcc></extensions></trkpt>
      <trkpt lon="-82.148700" lat="33.554301"><ele>98.526995</ele><time>2025-09-14T15:20:24Z</time><extensions><speed>1.142573</speed><course>75.410541</course><hAcc>0.930999</hAcc><vAcc>0.756743</vAcc></extensions></trkpt>
      <trkpt lon="-82.148688" lat="33.554303"><ele>98.552123</ele><time>2025-09-14T15:20:25Z</time><extensions><speed>1.137412</speed><course>76.392516</course><hAcc>0.935143</hAcc><vAcc>0.756743</vAcc></extensions></trkpt>
      <trkpt lon="-82.148675" lat="33.554305"><ele>98.574558</ele><time>2025-09-14T15:20:26Z</time><extensions><speed>1.267710</speed><course>78.673771</course><hAcc>0.935311</hAcc><vAcc>0.756743</vAcc></extensions></trkpt>
      <trkpt lon="-82.148661" lat="33.554308"><ele>98.593282</ele><time>2025-09-14T15:20:27Z</time><extensions><speed>1.433099</speed><course>80.993914</course><hAcc>0.928411</hAcc><vAcc>0.756743</vAcc></extensions></trkpt>
      <trkpt lon="-82.148645" lat="33.554310"><ele>98.609969</ele><time>2025-09-14T15:20:28Z</time><extensions><speed>1.456526</speed><course>81.115200</course><hAcc>0.933355</hAcc><vAcc>0.756743</vAcc></extensions></trkpt>
      <trkpt lon="-82.148630" lat="33.554312"><ele>98.621135</ele><time>2025-09-14T15:20:29Z</time><extensions><speed>1.412448</speed><course>79.007500</course><hAcc>0.929877</hAcc><vAcc>0.756743</vAcc></extensions></trkpt>
      <trkpt lon="-82.148616" lat="33.554314"><ele>98.626814</ele><time>2025-09-14T15:20:30Z</time><extensions><speed>1.321363</speed><course>77.489139</course><hAcc>0.921642</hAcc><vAcc>0.756743</vAcc></extensions></trkpt>
      <trkpt lon="-82.148603" lat="33.554316"><ele>98.632093</ele><time>2025-09-14T15:20:31Z</time><extensions><speed>1.123424</speed><course>83.980028</course><hAcc>0.911713</hAcc><vAcc>0.756743</vAcc></extensions></trkpt>
      <trkpt lon="-82.148590" lat="33.554317"><ele>98.639082</ele><time>2025-09-14T15:20:32Z</time><extensions><speed>1.234553</speed><course>83.582112</course><hAcc>0.922918</hAcc><vAcc>0.756743</vAcc></extensions></trkpt>
      <trkpt lon="-82.148577" lat="33.554319"><ele>98.646641</ele><time>2025-09-14T15:20:33Z</time><extensions><speed>1.269777</speed><course>81.762336</course><hAcc>0.941609</hAcc><vAcc>0.756743</vAcc></extensions></trkpt>
      <trkpt lon="-82.148563" lat="33.554321"><ele>98.662652</ele><time>2025-09-14T15:20:34Z</time><extensions><speed>1.392566</speed><course>77.021947</course><hAcc>0.925885</hAcc><vAcc>0.756743</vAcc></extensions></trkpt>
      <trkpt lon="-82.148548" lat="33.554324"><ele>98.673391</ele><time>2025-09-14T15:20:35Z</time><extensions><speed>1.392692</speed><course>72.878182</course><hAcc>0.934278</hAcc><vAcc>0.756743</vAcc></extensions></trkpt>
      <trkpt lon="-82.148535" lat="33.554328"><ele>98.676237</ele><time>2025-09-14T15:20:36Z</time><extensions><speed>1.306987</speed><course>66.671310</course><hAcc>0.943404</hAcc><vAcc>0.756743</vAcc></extensions></trkpt>
      <trkpt lon="-82.148522" lat="33.554333"><ele>98.678991</ele><time>2025-09-14T15:20:38Z</time><extensions><speed>1.204668</speed><course>66.444865</course><hAcc>0.944632</hAcc><vAcc>0.756743</vAcc></extensions></trkpt>
      <trkpt lon="-82.148510" lat="33.554337"><ele>98.671712</ele><time>2025-09-14T15:20:39Z</time><extensions><speed>1.159652</speed><course>70.468657</course><hAcc>0.948991</hAcc><vAcc>0.756743</vAcc></extensions></trkpt>
      <trkpt lon="-82.148499" lat="33.554340"><ele>98.660819</ele><time>2025-09-14T15:20:40Z</time><extensions><speed>1.094893</speed><course>72.680124</course><hAcc>0.946032</hAcc><vAcc>0.756743</vAcc></extensions></trkpt>
      <trkpt lon="-82.148487" lat="33.554343"><ele>98.646810</ele><time>2025-09-14T15:20:41Z</time><extensions><speed>1.263830</speed><course>78.305959</course><hAcc>0.933742</hAcc><vAcc>0.756743</vAcc></extensions></trkpt>
      <trkpt lon="-82.148472" lat="33.554345"><ele>98.629173</ele><time>2025-09-14T15:20:42Z</time><extensions><speed>1.424001</speed><course>80.255569</course><hAcc>0.921717</hAcc><vAcc>0.756743</vAcc></extensions></trkpt>
      <trkpt lon="-82.148457" lat="33.554347"><ele>98.603195</ele><time>2025-09-14T15:20:43Z</time><extensions><speed>1.505309</speed><course>80.106442</course><hAcc>0.911642</hAcc><vAcc>0.756743</vAcc></extensions></trkpt>
      <trkpt lon="-82.148441" lat="33.554349"><ele>98.572672</ele><time>2025-09-14T15:20:44Z</time><extensions><speed>1.438579</speed><course>80.754006</course><hAcc>0.936528</hAcc><vAcc>0.756743</vAcc></extensions></trkpt>
      <trkpt lon="-82.148426" lat="33.554351"><ele>98.536769</ele><time>2025-09-14T15:20:45Z</time><extensions><speed>1.319809</speed><course>79.749628</course><hAcc>0.921664</hAcc><vAcc>0.756743</vAcc></extensions></trkpt>
      <trkpt lon="-82.148414" lat="33.554353"><ele>98.495493</ele><time>2025-09-14T15:20:46Z</time><extensions><speed>1.086058</speed><course>78.598614</course><hAcc>0.905129</hAcc><vAcc>0.756743</vAcc></extensions></trkpt>
      <trkpt lon="-82.148402" lat="33.554356"><ele>98.444508</ele><time>2025-09-14T15:20:47Z</time><extensions><speed>1.065427</speed><course>75.809118</course><hAcc>0.916767</hAcc><vAcc>0.756743</vAcc></extensions></trkpt>
      <trkpt lon="-82.148391" lat="33.554358"><ele>98.382255</ele><time>2025-09-14T15:20:48Z</time><extensions><speed>1.130971</speed><course>71.841224</course><hAcc>0.935484</hAcc><vAcc>0.756743</vAcc></extensions></trkpt>
      <trkpt lon="-82.148379" lat="33.554362"><ele>98.314731</ele><time>2025-09-14T15:20:49Z</time><extensions><speed>1.295420</speed><course>69.810455</course><hAcc>0.916775</hAcc><vAcc>0.756743</vAcc></extensions></trkpt>
      <trkpt lon="-82.148365" lat="33.554366"><ele>98.237399</ele><time>2025-09-14T15:20:50Z</time><extensions><speed>1.377926</speed><course>68.869496</course><hAcc>0.916778</hAcc><vAcc>0.756743</vAcc></extensions></trkpt>
      <trkpt lon="-82.148351" lat="33.554370"><ele>98.151281</ele><time>2025-09-14T15:20:51Z</time><extensions><speed>1.368577</speed><course>73.125650</course><hAcc>0.950326</hAcc><vAcc>0.756743</vAcc></extensions></trkpt>
      <trkpt lon="-82.148338" lat="33.554373"><ele>98.061745</ele><time>2025-09-14T15:20:52Z</time><extensions><speed>1.152268</speed><course>76.587017</course><hAcc>0.925665</hAcc><vAcc>0.756743</vAcc></extensions></trkpt>
      <trkpt lon="-82.148327" lat="33.554376"><ele>97.971646</ele><time>2025-09-14T15:20:53Z</time><extensions><speed>1.074996</speed><course>72.352993</course><hAcc>0.926100</hAcc><vAcc>0.756743</vAcc></extensions></trkpt>
      <trkpt lon="-82.148315" lat="33.554380"><ele>97.885671</ele><time>2025-09-14T15:20:54Z</time><extensions><speed>1.231151</speed><course>67.021453</course><hAcc>0.931639</hAcc><vAcc>0.756743</vAcc></extensions></trkpt>
      <trkpt lon="-82.148302" lat="33.554384"><ele>97.775017</ele><time>2025-09-14T15:20:55Z</time><extensions><speed>1.400063</speed><course>64.089816</course><hAcc>0.927310</hAcc><vAcc>0.756743</vAcc></extensions></trkpt>
      <trkpt lon="-82.148289" lat="33.554390"><ele>97.656337</ele><time>2025-09-14T15:20:56Z</time><extensions><speed>1.416329</speed><course>61.840007</course><hAcc>0.934746</hAcc><vAcc>0.756743</vAcc></extensions></trkpt>
      <trkpt lon="-82.148275" lat="33.554396"><ele>97.542080</ele><time>2025-09-14T15:20:57Z</time><extensions><speed>1.374088</speed><course>65.165240</course><hAcc>0.938318</hAcc><vAcc>0.756743</vAcc></extensions></trkpt>
      <trkpt lon="-82.148262" lat="33.554401"><ele>97.437048</ele><time>2025-09-14T15:20:58Z</time><extensions><speed>1.294667</speed><course>69.651423</course><hAcc>0.939158</hAcc><vAcc>0.756742</vAcc></extensions></trkpt>
      <trkpt lon="-82.148250" lat="33.554404"><ele>97.335523</ele><time>2025-09-14T15:20:59Z</time><extensions><speed>1.118935</speed><course>75.303646</course><hAcc>0.927864</hAcc><vAcc>0.756742</vAcc></extensions></trkpt>
      <trkpt lon="-82.148238" lat="33.554406"><ele>97.236071</ele><time>2025-09-14T15:21:00Z</time><extensions><speed>1.127509</speed><course>77.122872</course><hAcc>0.920036</hAcc><vAcc>0.756742</vAcc></extensions></trkpt>
      <trkpt lon="-82.148225" lat="33.554409"><ele>97.141137</ele><time>2025-09-14T15:21:01Z</time><extensions><speed>1.296284</speed><course>76.324104</course><hAcc>0.914034</hAcc><vAcc>0.756742</vAcc></extensions></trkpt>
      <trkpt lon="-82.148211" lat="33.554412"><ele>97.048510</ele><time>2025-09-14T15:21:02Z</time><extensions><speed>1.463267</speed><course>74.972900</course><hAcc>0.935704</hAcc><vAcc>0.756742</vAcc></extensions></trkpt>
      <trkpt lon="-82.148196" lat="33.554415"><ele>96.965317</ele><time>2025-09-14T15:21:03Z</time><extensions><speed>1.415601</speed><course>73.541541</course><hAcc>0.948443</hAcc><vAcc>0.756742</vAcc></extensions></trkpt>
      <trkpt lon="-82.148182" lat="33.554419"><ele>96.885711</ele><time>2025-09-14T15:21:04Z</time><extensions><speed>1.244731</speed><course>75.028165</course><hAcc>0.926996</hAcc><vAcc>0.756742</vAcc></extensions></trkpt>
      <trkpt lon="-82.148170" lat="33.554421"><ele>96.821194</ele><time>2025-09-14T15:21:05Z</time><extensions><speed>1.163659</speed><course>77.504309</course><hAcc>0.930520</hAcc><vAcc>0.756742</vAcc></extensions></trkpt>
      <trkpt lon="-82.148157" lat="33.554424"><ele>96.767160</ele><time>2025-09-14T15:21:06Z</time><extensions><speed>1.195112</speed><course>76.273657</course><hAcc>0.953303</hAcc><vAcc>0.756742</vAcc></extensions></trkpt>
      <trkpt lon="-82.148144" lat="33.554426"><ele>96.727999</ele><time>2025-09-14T15:21:07Z</time><extensions><speed>1.259362</speed><course>76.198424</course><hAcc>0.966399</hAcc><vAcc>0.756742</vAcc></extensions></trkpt>
      <trkpt lon="-82.148131" lat="33.554429"><ele>96.678550</ele><time>2025-09-14T15:21:08Z</time><extensions><speed>1.350631</speed><course>76.951962</course><hAcc>0.954279</hAcc><vAcc>0.756742</vAcc></extensions></trkpt>
      <trkpt lon="-82.148116" lat="33.554432"><ele>96.641952</ele><time>2025-09-14T15:21:09Z</time><extensions><speed>1.479531</speed><course>76.155627</course><hAcc>0.949128</hAcc><vAcc>0.756742</vAcc></extensions></trkpt>
      <trkpt lon="-82.148100" lat="33.554435"><ele>96.620738</ele><time>2025-09-14T15:21:10Z</time><extensions><speed>1.529207</speed><course>74.932706</course><hAcc>0.951172</hAcc><vAcc>0.756742</vAcc></extensions></trkpt>
      <trkpt lon="-82.148085" lat="33.554439"><ele>96.600601</ele><time>2025-09-14T15:21:11Z</time><extensions><speed>1.415592</speed><course>74.535207</course><hAcc>0.971637</hAcc><vAcc>0.756742</vAcc></extensions></trkpt>
      <trkpt lon="-82.148071" lat="33.554442"><ele>96.593774</ele><time>2025-09-14T15:21:12Z</time><extensions><speed>1.229337</speed><course>71.270490</course><hAcc>0.950398</hAcc><vAcc>0.756742</vAcc></extensions></trkpt>
      <trkpt lon="-82.148059" lat="33.554446"><ele>96.595376</ele><time>2025-09-14T15:21:13Z</time><extensions><speed>1.207614</speed><course>69.691787</course><hAcc>0.945981</hAcc><vAcc>0.756742</vAcc></extensions></trkpt>
      <trkpt lon="-82.148046" lat="33.554450"><ele>96.599857</ele><time>2025-09-14T15:21:14Z</time><extensions><speed>1.318508</speed><course>70.454768</course><hAcc>0.949200</hAcc><vAcc>0.756742</vAcc></extensions></trkpt>
      <trkpt lon="-82.148032" lat="33.554454"><ele>96.604217</ele><time>2025-09-14T15:21:15Z</time><extensions><speed>1.412813</speed><course>72.017791</course><hAcc>0.956609</hAcc><vAcc>0.756742</vAcc></extensions></trkpt>
      <trkpt lon="-82.148018" lat="33.554458"><ele>96.597274</ele><time>2025-09-14T15:21:16Z</time><extensions><speed>1.344977</speed><course>72.919189</course><hAcc>0.971819</hAcc><vAcc>0.756742</vAcc></extensions></trkpt>
      <trkpt lon="-82.148004" lat="33.554461"><ele>96.578152</ele><time>2025-09-14T15:21:17Z</time><extensions><speed>1.311529</speed><course>74.063507</course><hAcc>0.959539</hAcc><vAcc>0.756742</vAcc></extensions></trkpt>
      <trkpt lon="-82.147991" lat="33.554464"><ele>96.560521</ele><time>2025-09-14T15:21:18Z</time><extensions><speed>1.162065</speed><course>78.118635</course><hAcc>0.960222</hAcc><vAcc>0.756742</vAcc></extensions></trkpt>
      <trkpt lon="-82.147979" lat="33.554466"><ele>96.546035</ele><time>2025-09-14T15:21:19Z</time><extensions><speed>1.105610</speed><course>80.645504</course><hAcc>0.957758</hAcc><vAcc>0.756742</vAcc></extensions></trkpt>
      <trkpt lon="-82.147967" lat="33.554467"><ele>96.538431</ele><time>2025-09-14T15:21:20Z</time><extensions><speed>1.244117</speed><course>80.500005</course><hAcc>0.965820</hAcc><vAcc>0.756742</vAcc></extensions></trkpt>
      <trkpt lon="-82.147952" lat="33.554469"><ele>96.529346</ele><time>2025-09-14T15:21:21Z</time><extensions><speed>1.497317</speed><course>79.505591</course><hAcc>0.957895</hAcc><vAcc>0.756742</vAcc></extensions></trkpt>
      <trkpt lon="-82.147935" lat="33.554472"><ele>96.514879</ele><time>2025-09-14T15:21:22Z</time><extensions><speed>1.693266</speed><course>78.432412</course><hAcc>0.955181</hAcc><vAcc>0.756742</vAcc></extensions></trkpt>
      <trkpt lon="-82.147918" lat="33.554475"><ele>96.497533</ele><time>2025-09-14T15:21:23Z</time><extensions><speed>1.556756</speed><course>78.416525</course><hAcc>0.977711</hAcc><vAcc>0.756742</vAcc></extensions></trkpt>
      <trkpt lon="-82.147902" lat="33.554478"><ele>96.474778</ele><time>2025-09-14T15:21:24Z</time><extensions><speed>1.461623</speed><course>77.755217</course><hAcc>0.950189</hAcc><vAcc>0.756742</vAcc></extensions></trkpt>
      <trkpt lon="-82.147888" lat="33.554481"><ele>96.435270</ele><time>2025-09-14T15:21:25Z</time><extensions><speed>1.255550</speed><course>76.800843</course><hAcc>0.940990</hAcc><vAcc>0.756742</vAcc></extensions></trkpt>
      <trkpt lon="-82.147876" lat="33.554483"><ele>96.412993</ele><time>2025-09-14T15:21:26Z</time><extensions><speed>1.168682</speed><course>75.181835</course><hAcc>0.942944</hAcc><vAcc>0.756742</vAcc></extensions></trkpt>
      <trkpt lon="-82.147863" lat="33.554486"><ele>96.399972</ele><time>2025-09-14T15:21:27Z</time><extensions><speed>1.173696</speed><course>71.824280</course><hAcc>0.974092</hAcc><vAcc>0.756742</vAcc></extensions></trkpt>
      <trkpt lon="-82.147851" lat="33.554490"><ele>96.387578</ele><time>2025-09-14T15:21:28Z</time><extensions><speed>1.370168</speed><course>68.467134</course><hAcc>0.951616</hAcc><vAcc>0.756742</vAcc></extensions></trkpt>
      <trkpt lon="-82.147836" lat="33.554495"><ele>96.379503</ele><time>2025-09-14T15:21:29Z</time><extensions><speed>1.456441</speed><course>68.078928</course><hAcc>0.955822</hAcc><vAcc>0.756742</vAcc></extensions></trkpt>
      <trkpt lon="-82.147822" lat="33.554500"><ele>96.366895</ele><time>2025-09-14T15:21:30Z</time><extensions><speed>1.411367</speed><course>67.192891</course><hAcc>0.981525</hAcc><vAcc>0.756742</vAcc></extensions></trkpt>
      <trkpt lon="-82.147809" lat="33.554505"><ele>96.352667</ele><time>2025-09-14T15:21:31Z</time><extensions><speed>1.295263</speed><course>67.259378</course><hAcc>0.979587</hAcc><vAcc>0.756742</vAcc></extensions></trkpt>
      <trkpt lon="-82.147796" lat="33.554509"><ele>96.325361</ele><time>2025-09-14T15:21:32Z</time><extensions><speed>1.204524</speed><course>67.151075</course><hAcc>0.989358</hAcc><vAcc>0.756742</vAcc></extensions></trkpt>
      <trkpt lon="-82.147784" lat="33.554513"><ele>96.295598</ele><time>2025-09-14T15:21:33Z</time><extensions><speed>1.229481</speed><course>65.135870</course><hAcc>1.002554</hAcc><vAcc>0.756742</vAcc></extensions></trkpt>
      <trkpt lon="-82.147772" lat="33.554518"><ele>96.264162</ele><time>2025-09-14T15:21:34Z</time><extensions><speed>1.373130</speed><course>63.923577</course><hAcc>1.000414</hAcc><vAcc>0.756742</vAcc></extensions></trkpt>
      <trkpt lon="-82.147757" lat="33.554524"><ele>96.224999</ele><time>2025-09-14T15:21:35Z</time><extensions><speed>1.565635</speed><course>63.283638</course><hAcc>0.980565</hAcc><vAcc>0.756742</vAcc></extensions></trkpt>
      <trkpt lon="-82.147742" lat="33.554530"><ele>96.179950</ele><time>2025-09-14T15:21:36Z</time><extensions><speed>1.582850</speed><course>65.396575</course><hAcc>0.987442</hAcc><vAcc>0.756742</vAcc></extensions></trkpt>
      <trkpt lon="-82.147727" lat="33.554536"><ele>96.130025</ele><time>2025-09-14T15:21:37Z</time><extensions><speed>1.468458</speed><course>65.093678</course><hAcc>1.011050</hAcc><vAcc>0.756742</vAcc></extensions></trkpt>
      <trkpt lon="-82.147713" lat="33.554542"><ele>96.069550</ele><time>2025-09-14T15:21:38Z</time><extensions><speed>1.362167</speed><course>65.898493</course><hAcc>1.003523</hAcc><vAcc>0.756742</vAcc></extensions></trkpt>
      <trkpt lon="-82.147700" lat="33.554546"><ele>95.991634</ele><time>2025-09-14T15:21:39Z</time><extensions><speed>1.215068</speed><course>74.224154</course><hAcc>0.983249</hAcc><vAcc>0.756742</vAcc></extensions></trkpt>
      <trkpt lon="-82.147688" lat="33.554548"><ele>95.905027</ele><time>2025-09-14T15:21:40Z</time><extensions><speed>1.225766</speed><course>81.474840</course><hAcc>0.996531</hAcc><vAcc>0.756743</vAcc></extensions></trkpt>
      <trkpt lon="-82.147674" lat="33.554549"><ele>95.816747</ele><time>2025-09-14T15:21:41Z</time><extensions><speed>1.318164</speed><course>82.690482</course><hAcc>1.010799</hAcc><vAcc>0.756743</vAcc></extensions></trkpt>
      <trkpt lon="-82.147659" lat="33.554552"><ele>95.717535</ele><time>2025-09-14T15:21:42Z</time><extensions><speed>1.467632</speed><course>77.684936</course><hAcc>1.012939</hAcc><vAcc>0.756743</vAcc></extensions></trkpt>
      <trkpt lon="-82.147644" lat="33.554555"><ele>95.609811</ele><time>2025-09-14T15:21:43Z</time><extensions><speed>1.471847</speed><course>73.377865</course><hAcc>1.013891</hAcc><vAcc>0.756743</vAcc></extensions></trkpt>
      <trkpt lon="-82.147629" lat="33.554559"><ele>95.501670</ele><time>2025-09-14T15:21:44Z</time><extensions><speed>1.389366</speed><course>68.275071</course><hAcc>1.015095</hAcc><vAcc>0.756743</vAcc></extensions></trkpt>
      <trkpt lon="-82.147617" lat="33.554564"><ele>95.399347</ele><time>2025-09-14T15:21:45Z</time><extensions><speed>1.217691</speed><course>64.041472</course><hAcc>1.010191</hAcc><vAcc>0.756743</vAcc></extensions></trkpt>
      <trkpt lon="-82.147606" lat="33.554569"><ele>95.302017</ele><time>2025-09-14T15:21:46Z</time><extensions><speed>1.110561</speed><course>58.624603</course><hAcc>1.003306</hAcc><vAcc>0.756743</vAcc></extensions></trkpt>
      <trkpt lon="-82.147596" lat="33.554574"><ele>95.204941</ele><time>2025-09-14T15:21:47Z</time><extensions><speed>1.118334</speed><course>54.947514</course><hAcc>1.002340</hAcc><vAcc>0.756743</vAcc></extensions></trkpt>
      <trkpt lon="-82.147585" lat="33.554580"><ele>95.109581</ele><time>2025-09-14T15:21:48Z</time><extensions><speed>1.179322</speed><course>54.773514</course><hAcc>0.996268</hAcc><vAcc>0.756744</vAcc></extensions></trkpt>
      <trkpt lon="-82.147574" lat="33.554587"><ele>95.014920</ele><time>2025-09-14T15:21:49Z</time><extensions><speed>1.313364</speed><course>55.190516</course><hAcc>0.973477</hAcc><vAcc>0.756744</vAcc></extensions></trkpt>
      <trkpt lon="-82.147562" lat="33.554594"><ele>94.917057</ele><time>2025-09-14T15:21:50Z</time><extensions><speed>1.461991</speed><course>53.447423</course><hAcc>0.962847</hAcc><vAcc>0.756744</vAcc></extensions></trkpt>
      <trkpt lon="-82.147550" lat="33.554602"><ele>94.826808</ele><time>2025-09-14T15:21:51Z</time><extensions><speed>1.451556</speed><course>50.689356</course><hAcc>0.978809</hAcc><vAcc>0.756744</vAcc></extensions></trkpt>
      <trkpt lon="-82.147538" lat="33.554610"><ele>94.740818</ele><time>2025-09-14T15:21:52Z</time><extensions><speed>1.343730</speed><course>48.566787</course><hAcc>0.976359</hAcc><vAcc>0.756744</vAcc></extensions></trkpt>
      <trkpt lon="-82.147528" lat="33.554618"><ele>94.654152</ele><time>2025-09-14T15:21:53Z</time><extensions><speed>1.147924</speed><course>49.686064</course><hAcc>0.955941</hAcc><vAcc>0.756744</vAcc></extensions></trkpt>
      <trkpt lon="-82.147519" lat="33.554624"><ele>94.562944</ele><time>2025-09-14T15:21:54Z</time><extensions><speed>1.115676</speed><course>53.127601</course><hAcc>0.969367</hAcc><vAcc>0.756744</vAcc></extensions></trkpt>
      <trkpt lon="-82.147508" lat="33.554630"><ele>94.475604</ele><time>2025-09-14T15:21:55Z</time><extensions><speed>1.268251</speed><course>55.079463</course><hAcc>0.967912</hAcc><vAcc>0.756744</vAcc></extensions></trkpt>
      <trkpt lon="-82.147496" lat="33.554637"><ele>94.384094</ele><time>2025-09-14T15:21:56Z</time><extensions><speed>1.451535</speed><course>55.411483</course><hAcc>0.961249</hAcc><vAcc>0.756744</vAcc></extensions></trkpt>
      <trkpt lon="-82.147483" lat="33.554645"><ele>94.297188</ele><time>2025-09-14T15:21:57Z</time><extensions><speed>1.539700</speed><course>55.827749</course><hAcc>0.956924</hAcc><vAcc>0.756744</vAcc></extensions></trkpt>
      <trkpt lon="-82.147470" lat="33.554652"><ele>94.204970</ele><time>2025-09-14T15:21:58Z</time><extensions><speed>1.466232</speed><course>56.529097</course><hAcc>0.977960</hAcc><vAcc>0.756744</vAcc></extensions></trkpt>
      <trkpt lon="-82.147457" lat="33.554659"><ele>94.093984</ele><time>2025-09-14T15:21:59Z</time><extensions><speed>1.378246</speed><course>58.054805</course><hAcc>0.963537</hAcc><vAcc>0.756745</vAcc></extensions></trkpt>
      <trkpt lon="-82.147445" lat="33.554665"><ele>93.980376</ele><time>2025-09-14T15:22:00Z</time><extensions><speed>1.188077</speed><course>58.383678</course><hAcc>0.955691</hAcc><vAcc>0.756745</vAcc></extensions></trkpt>
      <trkpt lon="-82.147434" lat="33.554671"><ele>93.865919</ele><time>2025-09-14T15:22:01Z</time><extensions><speed>1.116536</speed><course>58.857202</course><hAcc>0.970288</hAcc><vAcc>0.756745</vAcc></extensions></trkpt>
      <trkpt lon="-82.147424" lat="33.554676"><ele>93.744799</ele><time>2025-09-14T15:22:02Z</time><extensions><speed>1.135437</speed><course>59.246900</course><hAcc>0.978361</hAcc><vAcc>0.756745</vAcc></extensions></trkpt>
      <trkpt lon="-82.147413" lat="33.554682"><ele>93.619054</ele><time>2025-09-14T15:22:03Z</time><extensions><speed>1.216615</speed><course>59.134308</course><hAcc>0.980268</hAcc><vAcc>0.756745</vAcc></extensions></trkpt>
      <trkpt lon="-82.147402" lat="33.554687"><ele>93.497926</ele><time>2025-09-14T15:22:04Z</time><extensions><speed>1.218542</speed><course>57.298333</course><hAcc>0.981571</hAcc><vAcc>0.756745</vAcc></extensions></trkpt>
      <trkpt lon="-82.147392" lat="33.554693"><ele>93.385485</ele><time>2025-09-14T15:22:05Z</time><extensions><speed>1.155059</speed><course>52.047614</course><hAcc>0.988259</hAcc><vAcc>0.756745</vAcc></extensions></trkpt>
      <trkpt lon="-82.147382" lat="33.554700"><ele>93.284860</ele><time>2025-09-14T15:22:06Z</time><extensions><speed>1.105387</speed><course>48.052575</course><hAcc>0.993893</hAcc><vAcc>0.756744</vAcc></extensions></trkpt>
      <trkpt lon="-82.147374" lat="33.554707"><ele>93.180823</ele><time>2025-09-14T15:22:07Z</time><extensions><speed>1.072639</speed><course>44.294435</course><hAcc>0.995876</hAcc><vAcc>0.756744</vAcc></extensions></trkpt>
      <trkpt lon="-82.147365" lat="33.554714"><ele>93.085878</ele><time>2025-09-14T15:22:08Z</time><extensions><speed>1.142767</speed><course>43.609492</course><hAcc>0.992558</hAcc><vAcc>0.756744</vAcc></extensions></trkpt>
      <trkpt lon="-82.147356" lat="33.554722"><ele>92.993886</ele><time>2025-09-14T15:22:09Z</time><extensions><speed>1.311259</speed><course>43.937036</course><hAcc>0.993142</hAcc><vAcc>0.756744</vAcc></extensions></trkpt>
      <trkpt lon="-82.147346" lat="33.554731"><ele>92.912710</ele><time>2025-09-14T15:22:10Z</time><extensions><speed>1.422859</speed><course>43.533622</course><hAcc>0.995135</hAcc><vAcc>0.756744</vAcc></extensions></trkpt>
      <trkpt lon="-82.147336" lat="33.554740"><ele>92.835555</ele><time>2025-09-14T15:22:11Z</time><extensions><speed>1.422504</speed><course>42.971481</course><hAcc>1.002831</hAcc><vAcc>0.756744</vAcc></extensions></trkpt>
      <trkpt lon="-82.147325" lat="33.554749"><ele>92.771907</ele><time>2025-09-14T15:22:12Z</time><extensions><speed>1.319564</speed><course>44.966318</course><hAcc>0.989489</hAcc><vAcc>0.756744</vAcc></extensions></trkpt>
      <trkpt lon="-82.147316" lat="33.554757"><ele>92.720305</ele><time>2025-09-14T15:22:13Z</time><extensions><speed>1.178230</speed><course>48.785318</course><hAcc>0.984003</hAcc><vAcc>0.756744</vAcc></extensions></trkpt>
      <trkpt lon="-82.147306" lat="33.554764"><ele>92.689577</ele><time>2025-09-14T15:22:14Z</time><extensions><speed>1.110005</speed><course>50.209725</course><hAcc>0.987454</hAcc><vAcc>0.756744</vAcc></extensions></trkpt>
      <trkpt lon="-82.147297" lat="33.554770"><ele>92.669558</ele><time>2025-09-14T15:22:15Z</time><extensions><speed>1.083078</speed><course>49.406193</course><hAcc>0.977155</hAcc><vAcc>0.756744</vAcc></extensions></trkpt>
      <trkpt lon="-82.147288" lat="33.554777"><ele>92.656337</ele><time>2025-09-14T15:22:16Z</time><extensions><speed>1.248972</speed><course>47.698429</course><hAcc>0.956769</hAcc><vAcc>0.756744</vAcc></extensions></trkpt>
      <trkpt lon="-82.147277" lat="33.554785"><ele>92.656654</ele><time>2025-09-14T15:22:17Z</time><extensions><speed>1.474730</speed><course>45.152678</course><hAcc>0.947362</hAcc><vAcc>0.756744</vAcc></extensions></trkpt>
      <trkpt lon="-82.147267" lat="33.554795"><ele>92.667648</ele><time>2025-09-14T15:22:18Z</time><extensions><speed>1.431551</speed><course>39.884005</course><hAcc>0.971145</hAcc><vAcc>0.756744</vAcc></extensions></trkpt>
      <trkpt lon="-82.147258" lat="33.554805"><ele>92.676737</ele><time>2025-09-14T15:22:19Z</time><extensions><speed>1.302661</speed><course>32.433819</course><hAcc>0.952192</hAcc><vAcc>0.756744</vAcc></extensions></trkpt>
      <trkpt lon="-82.147252" lat="33.554814"><ele>92.700179</ele><time>2025-09-14T15:22:20Z</time><extensions><speed>1.101634</speed><course>24.442323</course><hAcc>0.933694</hAcc><vAcc>0.756743</vAcc></extensions></trkpt>
      <trkpt lon="-82.147247" lat="33.554823"><ele>92.734005</ele><time>2025-09-14T15:22:21Z</time><extensions><speed>1.033706</speed><course>21.280086</course><hAcc>0.931306</hAcc><vAcc>0.756743</vAcc></extensions></trkpt>
      <trkpt lon="-82.147243" lat="33.554832"><ele>92.784862</ele><time>2025-09-14T15:22:22Z</time><extensions><speed>1.087429</speed><course>23.510932</course><hAcc>0.973306</hAcc><vAcc>0.756743</vAcc></extensions></trkpt>
      <trkpt lon="-82.147237" lat="33.554842"><ele>92.836984</ele><time>2025-09-14T15:22:23Z</time><extensions><speed>1.348019</speed><course>25.645222</course><hAcc>0.946735</hAcc><vAcc>0.756743</vAcc></extensions></trkpt>
      <trkpt lon="-82.147231" lat="33.554853"><ele>92.897995</ele><time>2025-09-14T15:22:24Z</time><extensions><speed>1.446945</speed><course>27.161016</course><hAcc>0.941351</hAcc><vAcc>0.756743</vAcc></extensions></trkpt>
      <trkpt lon="-82.147224" lat="33.554865"><ele>92.961277</ele><time>2025-09-14T15:22:25Z</time><extensions><speed>1.373891</speed><course>28.661838</course><hAcc>0.959910</hAcc><vAcc>0.756743</vAcc></extensions></trkpt>
      <trkpt lon="-82.147217" lat="33.554875"><ele>93.031352</ele><time>2025-09-14T15:22:26Z</time><extensions><speed>1.214885</speed><course>27.950410</course><hAcc>0.940992</hAcc><vAcc>0.756743</vAcc></extensions></trkpt>
      <trkpt lon="-82.147211" lat="33.554884"><ele>93.108828</ele><time>2025-09-14T15:22:27Z</time><extensions><speed>1.171001</speed><course>28.555508</course><hAcc>0.940965</hAcc><vAcc>0.756743</vAcc></extensions></trkpt>
      <trkpt lon="-82.147205" lat="33.554894"><ele>93.187213</ele><time>2025-09-14T15:22:28Z</time><extensions><speed>1.241956</speed><course>29.362398</course><hAcc>0.961983</hAcc><vAcc>0.756743</vAcc></extensions></trkpt>
      <trkpt lon="-82.147197" lat="33.554905"><ele>93.260183</ele><time>2025-09-14T15:22:29Z</time><extensions><speed>1.500362</speed><course>28.356600</course><hAcc>0.936174</hAcc><vAcc>0.756743</vAcc></extensions></trkpt>
      <trkpt lon="-82.147190" lat="33.554917"><ele>93.327526</ele><time>2025-09-14T15:22:30Z</time><extensions><speed>1.650728</speed><course>26.761453</course><hAcc>0.933801</hAcc><vAcc>0.756743</vAcc></extensions></trkpt>
      <trkpt lon="-82.147182" lat="33.554931"><ele>93.395046</ele><time>2025-09-14T15:22:31Z</time><extensions><speed>1.659081</speed><course>23.537403</course><hAcc>0.934626</hAcc><vAcc>0.756743</vAcc></extensions></trkpt>
      <trkpt lon="-82.147175" lat="33.554944"><ele>93.424929</ele><time>2025-09-14T15:22:32Z</time><extensions><speed>1.492309</speed><course>22.973157</course><hAcc>0.951389</hAcc><vAcc>0.756743</vAcc></extensions></trkpt>
      <trkpt lon="-82.147169" lat="33.554956"><ele>93.444309</ele><time>2025-09-14T15:22:33Z</time><extensions><speed>1.345062</speed><course>24.919415</course><hAcc>0.935827</hAcc><vAcc>0.756743</vAcc></extensions></trkpt>
      <trkpt lon="-82.147163" lat="33.554966"><ele>93.461678</ele><time>2025-09-14T15:22:34Z</time><extensions><speed>1.255106</speed><course>30.335135</course><hAcc>0.938617</hAcc><vAcc>0.756743</vAcc></extensions></trkpt>
      <trkpt lon="-82.147156" lat="33.554976"><ele>93.473733</ele><time>2025-09-14T15:22:35Z</time><extensions><speed>1.329115</speed><course>31.435518</course><hAcc>0.930129</hAcc><vAcc>0.756743</vAcc></extensions></trkpt>
      <trkpt lon="-82.147148" lat="33.554987"><ele>93.473899</ele><time>2025-09-14T15:22:36Z</time><extensions><speed>1.442066</speed><course>30.824804</course><hAcc>0.931252</hAcc><vAcc>0.756743</vAcc></extensions></trkpt>
      <trkpt lon="-82.147140" lat="33.554998"><ele>93.470484</ele><time>2025-09-14T15:22:37Z</time><extensions><speed>1.400960</speed><course>30.651017</course><hAcc>0.949890</hAcc><vAcc>0.756743</vAcc></extensions></trkpt>
      <trkpt lon="-82.147133" lat="33.555008"><ele>93.461382</ele><time>2025-09-14T15:22:38Z</time><extensions><speed>1.282771</speed><course>29.151455</course><hAcc>0.969576</hAcc><vAcc>0.756743</vAcc></extensions></trkpt>
      <trkpt lon="-82.147127" lat="33.555017"><ele>93.447523</ele><time>2025-09-14T15:22:39Z</time><extensions><speed>0.934194</speed><course>29.021437</course><hAcc>0.951620</hAcc><vAcc>0.756743</vAcc></extensions></trkpt>
      <trkpt lon="-82.147122" lat="33.555024"><ele>93.427161</ele><time>2025-09-14T15:22:40Z</time><extensions><speed>0.828545</speed><course>29.129670</course><hAcc>0.958770</hAcc><vAcc>0.756743</vAcc></extensions></trkpt>
      <trkpt lon="-82.147118" lat="33.555031"><ele>93.412415</ele><time>2025-09-14T15:22:41Z</time><extensions><speed>0.949737</speed><course>27.748503</course><hAcc>0.999218</hAcc><vAcc>0.756743</vAcc></extensions></trkpt>
      <trkpt lon="-82.147113" lat="33.555039"><ele>93.399656</ele><time>2025-09-14T15:22:42Z</time><extensions><speed>1.059650</speed><course>26.174495</course><hAcc>0.987691</hAcc><vAcc>0.756743</vAcc></extensions></trkpt>
      <trkpt lon="-82.147108" lat="33.555048"><ele>93.396315</ele><time>2025-09-14T15:22:43Z</time><extensions><speed>1.170180</speed><course>22.086858</course><hAcc>0.996953</hAcc><vAcc>0.756743</vAcc></extensions></trkpt>
      <trkpt lon="-82.147104" lat="33.555058"><ele>93.399795</ele><time>2025-09-14T15:22:44Z</time><extensions><speed>1.223563</speed><course>19.435750</course><hAcc>1.007036</hAcc><vAcc>0.756743</vAcc></extensions></trkpt>
      <trkpt lon="-82.147099" lat="33.555068"><ele>93.407587</ele><time>2025-09-14T15:22:45Z</time><extensions><speed>1.172204</speed><course>17.050425</course><hAcc>1.004680</hAcc><vAcc>0.756743</vAcc></extensions></trkpt>
      <trkpt lon="-82.147096" lat="33.555078"><ele>93.419803</ele><time>2025-09-14T15:22:46Z</time><extensions><speed>1.110019</speed><course>14.200926</course><hAcc>0.996787</hAcc><vAcc>0.756743</vAcc></extensions></trkpt>
      <trkpt lon="-82.147093" lat="33.555088"><ele>93.435602</ele><time>2025-09-14T15:22:47Z</time><extensions><speed>1.127278</speed><course>13.094474</course><hAcc>0.991600</hAcc><vAcc>0.756743</vAcc></extensions></trkpt>
      <trkpt lon="-82.147090" lat="33.555098"><ele>93.458678</ele><time>2025-09-14T15:22:48Z</time><extensions><speed>1.227244</speed><course>14.406258</course><hAcc>0.989191</hAcc><vAcc>0.756743</vAcc></extensions></trkpt>
      <trkpt lon="-82.147087" lat="33.555110"><ele>93.472283</ele><time>2025-09-14T15:22:49Z</time><extensions><speed>1.327760</speed><course>14.341169</course><hAcc>0.977955</hAcc><vAcc>0.756743</vAcc></extensions></trkpt>
      <trkpt lon="-82.147083" lat="33.555122"><ele>93.490392</ele><time>2025-09-14T15:22:50Z</time><extensions><speed>1.421860</speed><course>13.033056</course><hAcc>0.977746</hAcc><vAcc>0.756743</vAcc></extensions></trkpt>
      <trkpt lon="-82.147080" lat="33.555134"><ele>93.505069</ele><time>2025-09-14T15:22:51Z</time><extensions><speed>1.346994</speed><course>10.086670</course><hAcc>0.996026</hAcc><vAcc>0.756743</vAcc></extensions></trkpt>
      <trkpt lon="-82.147078" lat="33.555145"><ele>93.510781</ele><time>2025-09-14T15:22:52Z</time><extensions><speed>1.118908</speed><course>12.189353</course><hAcc>0.979789</hAcc><vAcc>0.756743</vAcc></extensions></trkpt>
      <trkpt lon="-82.147075" lat="33.555154"><ele>93.511978</ele><time>2025-09-14T15:22:53Z</time><extensions><speed>1.090790</speed><course>15.690094</course><hAcc>0.972353</hAcc><vAcc>0.756743</vAcc></extensions></trkpt>
      <trkpt lon="-82.147072" lat="33.555164"><ele>93.516730</ele><time>2025-09-14T15:22:54Z</time><extensions><speed>1.153301</speed><course>15.950373</course><hAcc>0.989726</hAcc><vAcc>0.756743</vAcc></extensions></trkpt>
      <trkpt lon="-82.147068" lat="33.555175"><ele>93.527950</ele><time>2025-09-14T15:22:55Z</time><extensions><speed>1.323285</speed><course>16.381065</course><hAcc>0.990832</hAcc><vAcc>0.756743</vAcc></extensions></trkpt>
      <trkpt lon="-82.147064" lat="33.555186"><ele>93.543318</ele><time>2025-09-14T15:22:56Z</time><extensions><speed>1.328609</speed><course>17.173365</course><hAcc>0.990222</hAcc><vAcc>0.756743</vAcc></extensions></trkpt>
      <trkpt lon="-82.147060" lat="33.555197"><ele>93.559473</ele><time>2025-09-14T15:22:57Z</time><extensions><speed>1.218082</speed><course>17.107712</course><hAcc>0.993006</hAcc><vAcc>0.756743</vAcc></extensions></trkpt>
      <trkpt lon="-82.147056" lat="33.555207"><ele>93.573778</ele><time>2025-09-14T15:22:58Z</time><extensions><speed>1.116287</speed><course>16.379672</course><hAcc>0.995758</hAcc><vAcc>0.756743</vAcc></extensions></trkpt>
      <trkpt lon="-82.147052" lat="33.555217"><ele>93.595043</ele><time>2025-09-14T15:22:59Z</time><extensions><speed>1.061874</speed><course>21.717726</course><hAcc>0.988237</hAcc><vAcc>0.756743</vAcc></extensions></trkpt>
      <trkpt lon="-82.147048" lat="33.555226"><ele>93.621078</ele><time>2025-09-14T15:23:00Z</time><extensions><speed>1.155234</speed><course>22.947453</course><hAcc>0.996379</hAcc><vAcc>0.756743</vAcc></extensions></trkpt>
      <trkpt lon="-82.147042" lat="33.555236"><ele>93.648657</ele><time>2025-09-14T15:23:01Z</time><extensions><speed>1.357675</speed><course>24.203277</course><hAcc>0.987441</hAcc><vAcc>0.756743</vAcc></extensions></trkpt>
      <trkpt lon="-82.147036" lat="33.555248"><ele>93.683180</ele><time>2025-09-14T15:23:02Z</time><extensions><speed>1.480011</speed><course>24.335171</course><hAcc>0.981387</hAcc><vAcc>0.756743</vAcc></extensions></trkpt>
      <trkpt lon="-82.147030" lat="33.555260"><ele>93.724681</ele><time>2025-09-14T15:23:03Z</time><extensions><speed>1.298205</speed><course>20.106110</course><hAcc>1.002097</hAcc><vAcc>0.756743</vAcc></extensions></trkpt>
      <trkpt lon="-82.147027" lat="33.555269"><ele>93.774213</ele><time>2025-09-14T15:23:04Z</time><extensions><speed>0.979700</speed><course>14.764195</course><hAcc>0.986509</hAcc><vAcc>0.756743</vAcc></extensions></trkpt>
      <trkpt lon="-82.147025" lat="33.555278"><ele>93.821168</ele><time>2025-09-14T15:23:05Z</time><extensions><speed>0.944566</speed><course>6.498465</course><hAcc>0.976622</hAcc><vAcc>0.756743</vAcc></extensions></trkpt>
      <trkpt lon="-82.147024" lat="33.555287"><ele>93.867042</ele><time>2025-09-14T15:23:06Z</time><extensions><speed>1.104082</speed><course>5.051122</course><hAcc>0.981504</hAcc><vAcc>0.756743</vAcc></extensions></trkpt>
      <trkpt lon="-82.147022" lat="33.555298"><ele>93.908677</ele><time>2025-09-14T15:23:07Z</time><extensions><speed>1.276305</speed><course>7.126105</course><hAcc>0.998179</hAcc><vAcc>0.756743</vAcc></extensions></trkpt>
      <trkpt lon="-82.147021" lat="33.555310"><ele>93.947915</ele><time>2025-09-14T15:23:08Z</time><extensions><speed>1.403581</speed><course>7.098013</course><hAcc>0.993746</hAcc><vAcc>0.756743</vAcc></extensions></trkpt>
      <trkpt lon="-82.147019" lat="33.555322"><ele>93.988192</ele><time>2025-09-14T15:23:09Z</time><extensions><speed>1.411340</speed><course>7.606925</course><hAcc>0.992302</hAcc><vAcc>0.756743</vAcc></extensions></trkpt>
      <trkpt lon="-82.147017" lat="33.555335"><ele>94.020739</ele><time>2025-09-14T15:23:10Z</time><extensions><speed>1.382873</speed><course>6.695027</course><hAcc>0.996372</hAcc><vAcc>0.756743</vAcc></extensions></trkpt>
      <trkpt lon="-82.147015" lat="33.555347"><ele>94.046769</ele><time>2025-09-14T15:23:11Z</time><extensions><speed>1.329120</speed><course>5.486044</course><hAcc>0.999077</hAcc><vAcc>0.756743</vAcc></extensions></trkpt>
      <trkpt lon="-82.147014" lat="33.555359"><ele>94.060008</ele><time>2025-09-14T15:23:12Z</time><extensions><speed>1.328904</speed><course>4.376226</course><hAcc>1.003954</hAcc><vAcc>0.756743</vAcc></extensions></trkpt>
      <trkpt lon="-82.147013" lat="33.555371"><ele>94.068131</ele><time>2025-09-14T15:23:13Z</time><extensions><speed>1.418641</speed><course>5.454488</course><hAcc>1.007392</hAcc><vAcc>0.756743</vAcc></extensions></trkpt>
      <trkpt lon="-82.147011" lat="33.555384"><ele>94.060576</ele><time>2025-09-14T15:23:14Z</time><extensions><speed>1.472211</speed><course>5.275766</course><hAcc>1.012689</hAcc><vAcc>0.756743</vAcc></extensions></trkpt>
      <trkpt lon="-82.147010" lat="33.555397"><ele>94.042310</ele><time>2025-09-14T15:23:15Z</time><extensions><speed>1.441416</speed><course>2.810722</course><hAcc>1.017606</hAcc><vAcc>0.756743</vAcc></extensions></trkpt>
      <trkpt lon="-82.147010" lat="33.555409"><ele>94.014840</ele><time>2025-09-14T15:23:16Z</time><extensions><speed>1.257779</speed><course>358.304266</course><hAcc>1.022498</hAcc><vAcc>0.756743</vAcc></extensions></trkpt>
      <trkpt lon="-82.147011" lat="33.555420"><ele>93.977690</ele><time>2025-09-14T15:23:17Z</time><extensions><speed>1.096406</speed><course>353.622325</course><hAcc>1.027538</hAcc><vAcc>0.756743</vAcc></extensions></trkpt>
      <trkpt lon="-82.147012" lat="33.555430"><ele>93.936976</ele><time>2025-09-14T15:23:18Z</time><extensions><speed>1.085583</speed><course>354.643564</course><hAcc>1.041836</hAcc><vAcc>0.756743</vAcc></extensions></trkpt>
      <trkpt lon="-82.147013" lat="33.555440"><ele>93.883519</ele><time>2025-09-14T15:23:19Z</time><extensions><speed>1.172413</speed><course>357.083454</course><hAcc>1.038888</hAcc><vAcc>0.756743</vAcc></extensions></trkpt>
      <trkpt lon="-82.147013" lat="33.555451"><ele>93.814403</ele><time>2025-09-14T15:23:20Z</time><extensions><speed>1.302735</speed><course>357.690178</course><hAcc>1.040906</hAcc><vAcc>0.756743</vAcc></extensions></trkpt>
      <trkpt lon="-82.147014" lat="33.555463"><ele>93.725381</ele><time>2025-09-14T15:23:21Z</time><extensions><speed>1.344369</speed><course>359.112259</course><hAcc>1.045677</hAcc><vAcc>0.756743</vAcc></extensions></trkpt>
      <trkpt lon="-82.147014" lat="33.555475"><ele>93.642910</ele><time>2025-09-14T15:23:22Z</time><extensions><speed>1.271908</speed><course>359.980235</course><hAcc>1.050573</hAcc><vAcc>0.756743</vAcc></extensions></trkpt>
      <trkpt lon="-82.147014" lat="33.555485"><ele>93.563358</ele><time>2025-09-14T15:23:23Z</time><extensions><speed>1.079761</speed><course>356.489107</course><hAcc>1.054544</hAcc><vAcc>0.756743</vAcc></extensions></trkpt>
      <trkpt lon="-82.147015" lat="33.555495"><ele>93.472667</ele><time>2025-09-14T15:23:24Z</time><extensions><speed>0.993516</speed><course>355.679138</course><hAcc>1.055214</hAcc><vAcc>0.756743</vAcc></extensions></trkpt>
      <trkpt lon="-82.147016" lat="33.555504"><ele>93.386998</ele><time>2025-09-14T15:23:25Z</time><extensions><speed>0.981915</speed><course>358.929537</course><hAcc>1.054284</hAcc><vAcc>0.756743</vAcc></extensions></trkpt>
      <trkpt lon="-82.147016" lat="33.555513"><ele>93.305978</ele><time>2025-09-14T15:23:26Z</time><extensions><speed>1.066605</speed><course>1.107011</course><hAcc>1.057807</hAcc><vAcc>0.756743</vAcc></extensions></trkpt>
      <trkpt lon="-82.147016" lat="33.555523"><ele>93.228717</ele><time>2025-09-14T15:23:27Z</time><extensions><speed>1.225692</speed><course>359.475506</course><hAcc>1.059359</hAcc><vAcc>0.756743</vAcc></extensions></trkpt>
      <trkpt lon="-82.147016" lat="33.555534"><ele>93.160872</ele><time>2025-09-14T15:23:28Z</time><extensions><speed>1.286599</speed><course>355.493526</course><hAcc>1.060187</hAcc><vAcc>0.756743</vAcc></extensions></trkpt>
      <trkpt lon="-82.147018" lat="33.555546"><ele>93.106146</ele><time>2025-09-14T15:23:29Z</time><extensions><speed>1.235037</speed><course>351.057711</course><hAcc>1.064618</hAcc><vAcc>0.756743</vAcc></extensions></trkpt>
      <trkpt lon="-82.147020" lat="33.555556"><ele>93.056537</ele><time>2025-09-14T15:23:30Z</time><extensions><speed>1.136208</speed><course>347.461611</course><hAcc>1.065460</hAcc><vAcc>0.756743</vAcc></extensions></trkpt>
      <trkpt lon="-82.147023" lat="33.555566"><ele>93.010572</ele><time>2025-09-14T15:23:31Z</time><extensions><speed>1.112123</speed><course>343.932274</course><hAcc>1.056649</hAcc><vAcc>0.756743</vAcc></extensions></trkpt>
      <trkpt lon="-82.147026" lat="33.555576"><ele>92.981417</ele><time>2025-09-14T15:23:32Z</time><extensions><speed>1.208063</speed><course>346.579782</course><hAcc>1.046512</hAcc><vAcc>0.756743</vAcc></extensions></trkpt>
      <trkpt lon="-82.147029" lat="33.555588"><ele>92.952017</ele><time>2025-09-14T15:23:33Z</time><extensions><speed>1.413438</speed><course>349.958447</course><hAcc>1.044036</hAcc><vAcc>0.756743</vAcc></extensions></trkpt>
      <trkpt lon="-82.147032" lat="33.555601"><ele>92.924612</ele><time>2025-09-14T15:23:34Z</time><extensions><speed>1.535464</speed><course>350.879795</course><hAcc>1.042400</hAcc><vAcc>0.756743</vAcc></extensions></trkpt>
      <trkpt lon="-82.147034" lat="33.555614"><ele>92.895552</ele><time>2025-09-14T15:23:35Z</time><extensions><speed>1.366616</speed><course>350.009274</course><hAcc>1.064917</hAcc><vAcc>0.756743</vAcc></extensions></trkpt>
      <trkpt lon="-82.147037" lat="33.555624"><ele>92.860266</ele><time>2025-09-14T15:23:36Z</time><extensions><speed>1.055586</speed><course>346.527618</course><hAcc>1.021978</hAcc><vAcc>0.756743</vAcc></extensions></trkpt>
      <trkpt lon="-82.147039" lat="33.555633"><ele>92.828697</ele><time>2025-09-14T15:23:37Z</time><extensions><speed>0.998551</speed><course>347.191377</course><hAcc>1.020343</hAcc><vAcc>0.756743</vAcc></extensions></trkpt>
      <trkpt lon="-82.147042" lat="33.555643"><ele>92.782570</ele><time>2025-09-14T15:23:38Z</time><extensions><speed>1.129188</speed><course>350.050197</course><hAcc>1.031945</hAcc><vAcc>0.756743</vAcc></extensions></trkpt>
      <trkpt lon="-82.147044" lat="33.555654"><ele>92.716132</ele><time>2025-09-14T15:23:39Z</time><extensions><speed>1.347399</speed><course>351.944724</course><hAcc>1.020670</hAcc><vAcc>0.756743</vAcc></extensions></trkpt>
      <trkpt lon="-82.147046" lat="33.555667"><ele>92.651056</ele><time>2025-09-14T15:23:40Z</time><extensions><speed>1.497147</speed><course>352.231056</course><hAcc>1.012698</hAcc><vAcc>0.756743</vAcc></extensions></trkpt>
      <trkpt lon="-82.147048" lat="33.555680"><ele>92.586409</ele><time>2025-09-14T15:23:41Z</time><extensions><speed>1.438466</speed><course>352.196561</course><hAcc>1.034546</hAcc><vAcc>0.756743</vAcc></extensions></trkpt>
      <trkpt lon="-82.147050" lat="33.555692"><ele>92.495319</ele><time>2025-09-14T15:23:42Z</time><extensions><speed>1.334969</speed><course>353.139871</course><hAcc>1.039439</hAcc><vAcc>0.756743</vAcc></extensions></trkpt>
      <trkpt lon="-82.147051" lat="33.555703"><ele>92.391755</ele><time>2025-09-14T15:23:43Z</time><extensions><speed>1.101026</speed><course>356.493952</course><hAcc>1.022465</hAcc><vAcc>0.756743</vAcc></extensions></trkpt>
      <trkpt lon="-82.147052" lat="33.555713"><ele>92.282481</ele><time>2025-09-14T15:23:44Z</time><extensions><speed>1.064103</speed><course>358.624179</course><hAcc>1.029756</hAcc><vAcc>0.756743</vAcc></extensions></trkpt>
      <trkpt lon="-82.147052" lat="33.555723"><ele>92.165070</ele><time>2025-09-14T15:23:45Z</time><extensions><speed>1.142621</speed><course>355.580858</course><hAcc>1.062261</hAcc><vAcc>0.756743</vAcc></extensions></trkpt>
      <trkpt lon="-82.147054" lat="33.555734"><ele>92.039975</ele><time>2025-09-14T15:23:46Z</time><extensions><speed>1.393424</speed><course>351.965689</course><hAcc>1.064611</hAcc><vAcc>0.756744</vAcc></extensions></trkpt>
      <trkpt lon="-82.147056" lat="33.555747"><ele>91.916922</ele><time>2025-09-14T15:23:47Z</time><extensions><speed>1.473677</speed><course>351.282662</course><hAcc>1.062925</hAcc><vAcc>0.756744</vAcc></extensions></trkpt>
      <trkpt lon="-82.147058" lat="33.555760"><ele>91.792214</ele><time>2025-09-14T15:23:48Z</time><extensions><speed>1.459769</speed><course>352.136587</course><hAcc>1.063551</hAcc><vAcc>0.756745</vAcc></extensions></trkpt>
      <trkpt lon="-82.147060" lat="33.555772"><ele>91.674803</ele><time>2025-09-14T15:23:49Z</time><extensions><speed>1.311454</speed><course>353.094964</course><hAcc>1.081237</hAcc><vAcc>0.756746</vAcc></extensions></trkpt>
      <trkpt lon="-82.147062" lat="33.555783"><ele>91.569075</ele><time>2025-09-14T15:23:50Z</time><extensions><speed>1.065400</speed><course>355.192538</course><hAcc>1.066492</hAcc><vAcc>0.756747</vAcc></extensions></trkpt>
      <trkpt lon="-82.147062" lat="33.555792"><ele>91.462789</ele><time>2025-09-14T15:23:51Z</time><extensions><speed>0.960882</speed><course>357.386404</course><hAcc>1.054093</hAcc><vAcc>0.756748</vAcc></extensions></trkpt>
      <trkpt lon="-82.147063" lat="33.555801"><ele>91.358168</ele><time>2025-09-14T15:23:52Z</time><extensions><speed>1.061016</speed><course>354.963093</course><hAcc>1.043376</hAcc><vAcc>0.756749</vAcc></extensions></trkpt>
      <trkpt lon="-82.147064" lat="33.555812"><ele>91.257910</ele><time>2025-09-14T15:23:53Z</time><extensions><speed>1.310982</speed><course>351.734350</course><hAcc>1.057662</hAcc><vAcc>0.756751</vAcc></extensions></trkpt>
      <trkpt lon="-82.147067" lat="33.555824"><ele>91.162640</ele><time>2025-09-14T15:23:54Z</time><extensions><speed>1.331695</speed><course>347.432000</course><hAcc>1.071118</hAcc><vAcc>0.756752</vAcc></extensions></trkpt>
      <trkpt lon="-82.147070" lat="33.555835"><ele>91.062473</ele><time>2025-09-14T15:23:55Z</time><extensions><speed>1.177212</speed><course>346.624297</course><hAcc>1.042472</hAcc><vAcc>0.756750</vAcc></extensions></trkpt>
      <trkpt lon="-82.147073" lat="33.555845"><ele>90.966275</ele><time>2025-09-14T15:23:56Z</time><extensions><speed>1.097238</speed><course>348.781544</course><hAcc>1.036570</hAcc><vAcc>0.756748</vAcc></extensions></trkpt>
      <trkpt lon="-82.147075" lat="33.555855"><ele>90.858264</ele><time>2025-09-14T15:23:57Z</time><extensions><speed>1.227010</speed><course>349.114228</course><hAcc>1.040243</hAcc><vAcc>0.756747</vAcc></extensions></trkpt>
      <trkpt lon="-82.147078" lat="33.555866"><ele>90.745110</ele><time>2025-09-14T15:23:58Z</time><extensions><speed>1.372817</speed><course>348.708923</course><hAcc>1.040501</hAcc><vAcc>0.756746</vAcc></extensions></trkpt>
      <trkpt lon="-82.147081" lat="33.555879"><ele>90.634906</ele><time>2025-09-14T15:23:59Z</time><extensions><speed>1.412683</speed><course>347.797741</course><hAcc>1.039839</hAcc><vAcc>0.756745</vAcc></extensions></trkpt>
      <trkpt lon="-82.147084" lat="33.555891"><ele>90.533996</ele><time>2025-09-14T15:24:00Z</time><extensions><speed>1.322452</speed><course>346.449629</course><hAcc>1.054235</hAcc><vAcc>0.756745</vAcc></extensions></trkpt>
      <trkpt lon="-82.147087" lat="33.555902"><ele>90.427025</ele><time>2025-09-14T15:24:01Z</time><extensions><speed>1.135659</speed><course>348.544937</course><hAcc>1.035315</hAcc><vAcc>0.756744</vAcc></extensions></trkpt>
      <trkpt lon="-82.147089" lat="33.555912"><ele>90.330203</ele><time>2025-09-14T15:24:02Z</time><extensions><speed>1.143512</speed><course>350.981969</course><hAcc>1.030288</hAcc><vAcc>0.756744</vAcc></extensions></trkpt>
      <trkpt lon="-82.147091" lat="33.555923"><ele>90.235791</ele><time>2025-09-14T15:24:03Z</time><extensions><speed>1.306058</speed><course>350.924216</course><hAcc>1.025433</hAcc><vAcc>0.756743</vAcc></extensions></trkpt>
      <trkpt lon="-82.147094" lat="33.555935"><ele>90.147417</ele><time>2025-09-14T15:24:04Z</time><extensions><speed>1.467401</speed><course>350.570910</course><hAcc>1.015457</hAcc><vAcc>0.756743</vAcc></extensions></trkpt>
      <trkpt lon="-82.147096" lat="33.555948"><ele>90.064102</ele><time>2025-09-14T15:24:05Z</time><extensions><speed>1.532232</speed><course>351.072535</course><hAcc>1.012088</hAcc><vAcc>0.756743</vAcc></extensions></trkpt>
      <trkpt lon="-82.147099" lat="33.555962"><ele>89.992557</ele><time>2025-09-14T15:24:06Z</time><extensions><speed>1.439237</speed><course>351.016841</course><hAcc>1.040995</hAcc><vAcc>0.756743</vAcc></extensions></trkpt>
      <trkpt lon="-82.147101" lat="33.555974"><ele>89.932865</ele><time>2025-09-14T15:24:07Z</time><extensions><speed>1.407049</speed><course>354.193770</course><hAcc>1.005773</hAcc><vAcc>0.756743</vAcc></extensions></trkpt>
      <trkpt lon="-82.147102" lat="33.555986"><ele>89.878529</ele><time>2025-09-14T15:24:08Z</time><extensions><speed>1.267259</speed><course>351.400486</course><hAcc>1.001967</hAcc><vAcc>0.756742</vAcc></extensions></trkpt>
      <trkpt lon="-82.147105" lat="33.555997"><ele>89.837890</ele><time>2025-09-14T15:24:09Z</time><extensions><speed>1.198692</speed><course>344.396751</course><hAcc>0.996515</hAcc><vAcc>0.756742</vAcc></extensions></trkpt>
      <trkpt lon="-82.147109" lat="33.556009"><ele>89.799773</ele><time>2025-09-14T15:24:10Z</time><extensions><speed>1.446662</speed><course>343.315721</course><hAcc>0.999648</hAcc><vAcc>0.756742</vAcc></extensions></trkpt>
      <trkpt lon="-82.147113" lat="33.556021"><ele>89.786180</ele><time>2025-09-14T15:24:11Z</time><extensions><speed>1.474256</speed><course>348.154880</course><hAcc>1.006470</hAcc><vAcc>0.756742</vAcc></extensions></trkpt>
      <trkpt lon="-82.147115" lat="33.556034"><ele>89.794397</ele><time>2025-09-14T15:24:12Z</time><extensions><speed>1.466052</speed><course>354.499326</course><hAcc>0.984057</hAcc><vAcc>0.756742</vAcc></extensions></trkpt>
      <trkpt lon="-82.147116" lat="33.556047"><ele>89.804603</ele><time>2025-09-14T15:24:13Z</time><extensions><speed>1.414314</speed><course>359.359723</course><hAcc>0.996591</hAcc><vAcc>0.756742</vAcc></extensions></trkpt>
      <trkpt lon="-82.147116" lat="33.556060"><ele>89.809320</ele><time>2025-09-14T15:24:14Z</time><extensions><speed>1.355124</speed><course>4.262513</course><hAcc>0.961103</hAcc><vAcc>0.756742</vAcc></extensions></trkpt>
      <trkpt lon="-82.147115" lat="33.556072"><ele>89.818623</ele><time>2025-09-14T15:24:15Z</time><extensions><speed>1.351835</speed><course>4.946508</course><hAcc>0.952311</hAcc><vAcc>0.756742</vAcc></extensions></trkpt>
      <trkpt lon="-82.147114" lat="33.556084"><ele>89.830926</ele><time>2025-09-14T15:24:16Z</time><extensions><speed>1.350288</speed><course>3.049009</course><hAcc>0.982375</hAcc><vAcc>0.756742</vAcc></extensions></trkpt>
      <trkpt lon="-82.147112" lat="33.556097"><ele>89.842971</ele><time>2025-09-14T15:24:17Z</time><extensions><speed>1.529821</speed><course>8.616044</course><hAcc>0.954345</hAcc><vAcc>0.756742</vAcc></extensions></trkpt>
      <trkpt lon="-82.147109" lat="33.556110"><ele>89.857929</ele><time>2025-09-14T15:24:18Z</time><extensions><speed>1.455631</speed><course>15.529149</course><hAcc>0.989667</hAcc><vAcc>0.756742</vAcc></extensions></trkpt>
      <trkpt lon="-82.147104" lat="33.556122"><ele>89.869317</ele><time>2025-09-14T15:24:19Z</time><extensions><speed>1.335704</speed><course>21.359859</course><hAcc>0.980818</hAcc><vAcc>0.756742</vAcc></extensions></trkpt>
      <trkpt lon="-82.147099" lat="33.556133"><ele>89.865137</ele><time>2025-09-14T15:24:20Z</time><extensions><speed>1.213480</speed><course>19.822215</course><hAcc>1.000156</hAcc><vAcc>0.756742</vAcc></extensions></trkpt>
      <trkpt lon="-82.147096" lat="33.556143"><ele>89.858736</ele><time>2025-09-14T15:24:21Z</time><extensions><speed>1.087316</speed><course>11.587802</course><hAcc>1.009191</hAcc><vAcc>0.756742</vAcc></extensions></trkpt>
      <trkpt lon="-82.147094" lat="33.556154"><ele>89.841850</ele><time>2025-09-14T15:24:22Z</time><extensions><speed>1.343190</speed><course>8.075632</course><hAcc>1.003775</hAcc><vAcc>0.756742</vAcc></extensions></trkpt>
      <trkpt lon="-82.147091" lat="33.556167"><ele>89.817593</ele><time>2025-09-14T15:24:23Z</time><extensions><speed>1.597474</speed><course>7.933695</course><hAcc>1.003706</hAcc><vAcc>0.756742</vAcc></extensions></trkpt>
      <trkpt lon="-82.147089" lat="33.556180"><ele>89.798531</ele><time>2025-09-14T15:24:24Z</time><extensions><speed>1.474414</speed><course>8.492741</course><hAcc>1.014808</hAcc><vAcc>0.756742</vAcc></extensions></trkpt>
      <trkpt lon="-82.147087" lat="33.556193"><ele>89.763719</ele><time>2025-09-14T15:24:25Z</time><extensions><speed>1.420825</speed><course>5.925922</course><hAcc>1.005602</hAcc><vAcc>0.756742</vAcc></extensions></trkpt>
      <trkpt lon="-82.147086" lat="33.556206"><ele>89.727261</ele><time>2025-09-14T15:24:26Z</time><extensions><speed>1.329948</speed><course>3.633729</course><hAcc>0.984957</hAcc><vAcc>0.756742</vAcc></extensions></trkpt>
      <trkpt lon="-82.147085" lat="33.556217"><ele>89.687744</ele><time>2025-09-14T15:24:27Z</time><extensions><speed>1.207128</speed><course>2.955776</course><hAcc>0.988939</hAcc><vAcc>0.756742</vAcc></extensions></trkpt>
      <trkpt lon="-82.147084" lat="33.556228"><ele>89.659345</ele><time>2025-09-14T15:24:28Z</time><extensions><speed>1.122245</speed><course>5.756089</course><hAcc>0.992073</hAcc><vAcc>0.756742</vAcc></extensions></trkpt>
      <trkpt lon="-82.147082" lat="33.556238"><ele>89.642162</ele><time>2025-09-14T15:24:29Z</time><extensions><speed>1.171708</speed><course>8.263094</course><hAcc>0.985619</hAcc><vAcc>0.756742</vAcc></extensions></trkpt>
      <trkpt lon="-82.147080" lat="33.556249"><ele>89.623818</ele><time>2025-09-14T15:24:30Z</time><extensions><speed>1.340815</speed><course>12.337167</course><hAcc>0.970873</hAcc><vAcc>0.756742</vAcc></extensions></trkpt>
      <trkpt lon="-82.147076" lat="33.556261"><ele>89.608317</ele><time>2025-09-14T15:24:31Z</time><extensions><speed>1.392861</speed><course>16.079394</course><hAcc>0.968904</hAcc><vAcc>0.756742</vAcc></extensions></trkpt>
      <trkpt lon="-82.147073" lat="33.556273"><ele>89.597626</ele><time>2025-09-14T15:24:32Z</time><extensions><speed>1.333176</speed><course>14.171928</course><hAcc>0.996538</hAcc><vAcc>0.756742</vAcc></extensions></trkpt>
      <trkpt lon="-82.147069" lat="33.556284"><ele>89.594068</ele><time>2025-09-14T15:24:33Z</time><extensions><speed>1.131703</speed><course>15.143621</course><hAcc>0.969108</hAcc><vAcc>0.756742</vAcc></extensions></trkpt>
      <trkpt lon="-82.147066" lat="33.556293"><ele>89.586193</ele><time>2025-09-14T15:24:34Z</time><extensions><speed>1.095600</speed><course>17.746802</course><hAcc>0.962666</hAcc><vAcc>0.756742</vAcc></extensions></trkpt>
      <trkpt lon="-82.147062" lat="33.556303"><ele>89.602703</ele><time>2025-09-14T15:24:35Z</time><extensions><speed>1.219686</speed><course>13.959432</course><hAcc>0.981262</hAcc><vAcc>0.756742</vAcc></extensions></trkpt>
      <trkpt lon="-82.147060" lat="33.556314"><ele>89.622970</ele><time>2025-09-14T15:24:36Z</time><extensions><speed>1.332547</speed><course>9.997560</course><hAcc>0.986438</hAcc><vAcc>0.756742</vAcc></extensions></trkpt>
      <trkpt lon="-82.147057" lat="33.556326"><ele>89.638415</ele><time>2025-09-14T15:24:37Z</time><extensions><speed>1.247239</speed><course>7.782498</course><hAcc>0.986540</hAcc><vAcc>0.756742</vAcc></extensions></trkpt>
      <trkpt lon="-82.147056" lat="33.556337"><ele>89.649647</ele><time>2025-09-14T15:24:38Z</time><extensions><speed>1.116984</speed><course>3.847361</course><hAcc>0.983736</hAcc><vAcc>0.756742</vAcc></extensions></trkpt>
      <trkpt lon="-82.147056" lat="33.556346"><ele>89.657039</ele><time>2025-09-14T15:24:39Z</time><extensions><speed>1.027502</speed><course>0.867235</course><hAcc>0.981696</hAcc><vAcc>0.756742</vAcc></extensions></trkpt>
      <trkpt lon="-82.147056" lat="33.556356"><ele>89.651210</ele><time>2025-09-14T15:24:40Z</time><extensions><speed>1.066218</speed><course>357.212766</course><hAcc>0.982974</hAcc><vAcc>0.756742</vAcc></extensions></trkpt>
      <trkpt lon="-82.147056" lat="33.556366"><ele>89.635243</ele><time>2025-09-14T15:24:41Z</time><extensions><speed>1.151918</speed><course>357.936168</course><hAcc>0.975688</hAcc><vAcc>0.756742</vAcc></extensions></trkpt>
      <trkpt lon="-82.147056" lat="33.556377"><ele>89.614177</ele><time>2025-09-14T15:24:42Z</time><extensions><speed>1.258384</speed><course>2.415246</course><hAcc>0.962601</hAcc><vAcc>0.756742</vAcc></extensions></trkpt>
      <trkpt lon="-82.147055" lat="33.556388"><ele>89.586157</ele><time>2025-09-14T15:24:43Z</time><extensions><speed>1.196944</speed><course>8.514619</course><hAcc>0.965255</hAcc><vAcc>0.756742</vAcc></extensions></trkpt>
      <trkpt lon="-82.147053" lat="33.556398"><ele>89.555168</ele><time>2025-09-14T15:24:44Z</time><extensions><speed>1.066122</speed><course>10.120050</course><hAcc>0.992655</hAcc><vAcc>0.756742</vAcc></extensions></trkpt>
      <trkpt lon="-82.147051" lat="33.556406"><ele>89.521329</ele><time>2025-09-14T15:24:45Z</time><extensions><speed>0.776094</speed><course>8.717201</course><hAcc>0.975002</hAcc><vAcc>0.756742</vAcc></extensions></trkpt>
      <trkpt lon="-82.147050" lat="33.556412"><ele>89.484519</ele><time>2025-09-14T15:24:46Z</time><extensions><speed>0.578185</speed><course>16.128106</course><hAcc>0.997692</hAcc><vAcc>0.756742</vAcc></extensions></trkpt>
      <trkpt lon="-82.147048" lat="33.556415"><ele>89.443577</ele><time>2025-09-14T15:24:47Z</time><extensions><speed>0.210033</speed><course>36.105444</course><hAcc>1.023455</hAcc><vAcc>0.756742</vAcc></extensions></trkpt>
      <trkpt lon="-82.147047" lat="33.556415"><ele>89.416479</ele><time>2025-09-14T15:24:48Z</time><extensions><speed>0.252062</speed><course>162.826161</course><hAcc>1.041527</hAcc><vAcc>0.756742</vAcc></extensions></trkpt>
      <trkpt lon="-82.147047" lat="33.556411"><ele>89.390770</ele><time>2025-09-14T15:24:49Z</time><extensions><speed>0.503092</speed><course>173.828027</course><hAcc>1.057466</hAcc><vAcc>0.756742</vAcc></extensions></trkpt>
      <trkpt lon="-82.147046" lat="33.556406"><ele>89.362096</ele><time>2025-09-14T15:24:50Z</time><extensions><speed>0.753429</speed><course>175.684753</course><hAcc>1.077208</hAcc><vAcc>0.756742</vAcc></extensions></trkpt>
      <trkpt lon="-82.147045" lat="33.556398"><ele>89.331844</ele><time>2025-09-14T15:24:51Z</time><extensions><speed>0.937685</speed><course>173.293486</course><hAcc>1.097642</hAcc><vAcc>0.756742</vAcc></extensions></trkpt>
      <trkpt lon="-82.147043" lat="33.556390"><ele>89.300613</ele><time>2025-09-14T15:24:52Z</time><extensions><speed>1.004966</speed><course>166.884415</course><hAcc>1.117360</hAcc><vAcc>0.756742</vAcc></extensions></trkpt>
      <trkpt lon="-82.147040" lat="33.556381"><ele>89.271271</ele><time>2025-09-14T15:24:53Z</time><extensions><speed>1.009963</speed><course>155.113126</course><hAcc>1.131313</hAcc><vAcc>0.756742</vAcc></extensions></trkpt>
      <trkpt lon="-82.147034" lat="33.556373"><ele>89.251327</ele><time>2025-09-14T15:24:54Z</time><extensions><speed>1.052853</speed><course>140.636559</course><hAcc>1.140909</hAcc><vAcc>0.756742</vAcc></extensions></trkpt>
      <trkpt lon="-82.147026" lat="33.556367"><ele>89.242478</ele><time>2025-09-14T15:24:55Z</time><extensions><speed>1.129670</speed><course>127.162886</course><hAcc>1.150305</hAcc><vAcc>0.756742</vAcc></extensions></trkpt>
      <trkpt lon="-82.147015" lat="33.556361"><ele>89.239219</ele><time>2025-09-14T15:24:56Z</time><extensions><speed>1.213667</speed><course>116.934394</course><hAcc>1.155744</hAcc><vAcc>0.756742</vAcc></extensions></trkpt>
      <trkpt lon="-82.147003" lat="33.556356"><ele>89.242487</ele><time>2025-09-14T15:24:57Z</time><extensions><speed>1.213034</speed><course>112.050996</course><hAcc>1.160276</hAcc><vAcc>0.756742</vAcc></extensions></trkpt>
      <trkpt lon="-82.146991" lat="33.556353"><ele>89.255205</ele><time>2025-09-14T15:24:58Z</time><extensions><speed>1.167875</speed><course>107.410586</course><hAcc>1.156639</hAcc><vAcc>0.756742</vAcc></extensions></trkpt>
      <trkpt lon="-82.146979" lat="33.556350"><ele>89.275908</ele><time>2025-09-14T15:24:59Z</time><extensions><speed>1.170390</speed><course>99.655307</course><hAcc>1.140918</hAcc><vAcc>0.756742</vAcc></extensions></trkpt>
      <trkpt lon="-82.146966" lat="33.556349"><ele>89.301386</ele><time>2025-09-14T15:25:00Z</time><extensions><speed>1.312490</speed><course>91.319309</course><hAcc>1.124139</hAcc><vAcc>0.756742</vAcc></extensions></trkpt>
      <trkpt lon="-82.146951" lat="33.556350"><ele>89.338310</ele><time>2025-09-14T15:25:01Z</time><extensions><speed>1.432081</speed><course>87.121588</course><hAcc>1.129266</hAcc><vAcc>0.756742</vAcc></extensions></trkpt>
      <trkpt lon="-82.146936" lat="33.556350"><ele>89.388568</ele><time>2025-09-14T15:25:02Z</time><extensions><speed>1.399951</speed><course>88.370473</course><hAcc>1.120724</hAcc><vAcc>0.756742</vAcc></extensions></trkpt>
      <trkpt lon="-82.146921" lat="33.556350"><ele>89.442646</ele><time>2025-09-14T15:25:03Z</time><extensions><speed>1.276033</speed><course>91.715926</course><hAcc>1.109592</hAcc><vAcc>0.756742</vAcc></extensions></trkpt>
      <trkpt lon="-82.146908" lat="33.556350"><ele>89.496357</ele><time>2025-09-14T15:25:04Z</time><extensions><speed>1.178543</speed><course>89.901661</course><hAcc>1.096646</hAcc><vAcc>0.756742</vAcc></extensions></trkpt>
      <trkpt lon="-82.146895" lat="33.556350"><ele>89.554896</ele><time>2025-09-14T15:25:05Z</time><extensions><speed>1.203932</speed><course>84.145820</course><hAcc>1.096389</hAcc><vAcc>0.756742</vAcc></extensions></trkpt>
      <trkpt lon="-82.146881" lat="33.556352"><ele>89.624260</ele><time>2025-09-14T15:25:06Z</time><extensions><speed>1.349312</speed><course>80.002726</course><hAcc>1.102256</hAcc><vAcc>0.756742</vAcc></extensions></trkpt>
      <trkpt lon="-82.146866" lat="33.556354"><ele>89.701160</ele><time>2025-09-14T15:25:07Z</time><extensions><speed>1.484715</speed><course>78.989942</course><hAcc>1.095544</hAcc><vAcc>0.756742</vAcc></extensions></trkpt>
      <trkpt lon="-82.146851" lat="33.556357"><ele>89.780934</ele><time>2025-09-14T15:25:08Z</time><extensions><speed>1.434630</speed><course>81.014377</course><hAcc>1.087817</hAcc><vAcc>0.756742</vAcc></extensions></trkpt>
      <trkpt lon="-82.146836" lat="33.556359"><ele>89.858544</ele><time>2025-09-14T15:25:09Z</time><extensions><speed>1.329408</speed><course>81.561570</course><hAcc>1.081637</hAcc><vAcc>0.756742</vAcc></extensions></trkpt>
      <trkpt lon="-82.146822" lat="33.556360"><ele>89.935303</ele><time>2025-09-14T15:25:10Z</time><extensions><speed>1.298570</speed><course>82.628985</course><hAcc>1.078853</hAcc><vAcc>0.756742</vAcc></extensions></trkpt>
      <trkpt lon="-82.146808" lat="33.556362"><ele>90.001962</ele><time>2025-09-14T15:25:11Z</time><extensions><speed>1.315631</speed><course>83.338686</course><hAcc>1.082314</hAcc><vAcc>0.756742</vAcc></extensions></trkpt>
      <trkpt lon="-82.146794" lat="33.556363"><ele>90.061609</ele><time>2025-09-14T15:25:12Z</time><extensions><speed>1.432037</speed><course>85.578511</course><hAcc>1.080624</hAcc><vAcc>0.756742</vAcc></extensions></trkpt>
      <trkpt lon="-82.146778" lat="33.556363"><ele>90.116477</ele><time>2025-09-14T15:25:13Z</time><extensions><speed>1.463161</speed><course>88.722095</course><hAcc>1.077888</hAcc><vAcc>0.756742</vAcc></extensions></trkpt>
      <trkpt lon="-82.146762" lat="33.556363"><ele>90.154393</ele><time>2025-09-14T15:25:14Z</time><extensions><speed>1.429594</speed><course>92.053855</course><hAcc>1.078234</hAcc><vAcc>0.756742</vAcc></extensions></trkpt>
      <trkpt lon="-82.146747" lat="33.556363"><ele>90.164759</ele><time>2025-09-14T15:25:15Z</time><extensions><speed>1.385152</speed><course>93.727423</course><hAcc>1.087922</hAcc><vAcc>0.756742</vAcc></extensions></trkpt>
      <trkpt lon="-82.146733" lat="33.556362"><ele>90.177355</ele><time>2025-09-14T15:25:16Z</time><extensions><speed>1.245903</speed><course>96.119118</course><hAcc>1.098444</hAcc><vAcc>0.756742</vAcc></extensions></trkpt>
      <trkpt lon="-82.146721" lat="33.556360"><ele>90.186761</ele><time>2025-09-14T15:25:17Z</time><extensions><speed>1.083790</speed><course>104.569304</course><hAcc>1.094433</hAcc><vAcc>0.756742</vAcc></extensions></trkpt>
      <trkpt lon="-82.146710" lat="33.556357"><ele>90.188880</ele><time>2025-09-14T15:25:18Z</time><extensions><speed>1.096975</speed><course>114.303733</course><hAcc>1.104848</hAcc><vAcc>0.756742</vAcc></extensions></trkpt>
      <trkpt lon="-82.146699" lat="33.556352"><ele>90.192383</ele><time>2025-09-14T15:25:19Z</time><extensions><speed>1.149091</speed><course>117.152837</course><hAcc>1.132107</hAcc><vAcc>0.756742</vAcc></extensions></trkpt>
      <trkpt lon="-82.146689" lat="33.556348"><ele>90.198883</ele><time>2025-09-14T15:25:20Z</time><extensions><speed>0.919789</speed><course>114.630081</course><hAcc>1.139694</hAcc><vAcc>0.756742</vAcc></extensions></trkpt>
      <trkpt lon="-82.146680" lat="33.556345"><ele>90.190637</ele><time>2025-09-14T15:25:21Z</time><extensions><speed>0.776187</speed><course>107.720757</course><hAcc>1.131560</hAcc><vAcc>0.756742</vAcc></extensions></trkpt>
      <trkpt lon="-82.146672" lat="33.556343"><ele>90.180673</ele><time>2025-09-14T15:25:22Z</time><extensions><speed>0.817321</speed><course>102.467080</course><hAcc>1.142620</hAcc><vAcc>0.756742</vAcc></extensions></trkpt>
      <trkpt lon="-82.146665" lat="33.556342"><ele>90.171207</ele><time>2025-09-14T15:25:23Z</time><extensions><speed>0.637327</speed><course>100.112038</course><hAcc>1.143547</hAcc><vAcc>0.756742</vAcc></extensions></trkpt>
      <trkpt lon="-82.146658" lat="33.556341"><ele>90.163640</ele><time>2025-09-14T15:25:24Z</time><extensions><speed>0.554483</speed><course>103.478512</course><hAcc>1.135849</hAcc><vAcc>0.756742</vAcc></extensions></trkpt>
      <trkpt lon="-82.146652" lat="33.556340"><ele>90.154409</ele><time>2025-09-14T15:25:25Z</time><extensions><speed>0.659314</speed><course>109.739652</course><hAcc>1.140512</hAcc><vAcc>0.757031</vAcc></extensions></trkpt>
      <trkpt lon="-82.146645" lat="33.556337"><ele>90.151031</ele><time>2025-09-14T15:25:26Z</time><extensions><speed>0.724697</speed><course>119.953745</course><hAcc>1.164924</hAcc><vAcc>0.757794</vAcc></extensions></trkpt>
      <trkpt lon="-82.146639" lat="33.556333"><ele>90.151238</ele><time>2025-09-14T15:25:27Z</time><extensions><speed>0.625201</speed><course>129.428763</course><hAcc>1.161165</hAcc><vAcc>0.758382</vAcc></extensions></trkpt>
      <trkpt lon="-82.146635" lat="33.556330"><ele>90.152209</ele><time>2025-09-14T15:25:28Z</time><extensions><speed>0.505677</speed><course>149.122438</course><hAcc>1.173794</hAcc><vAcc>0.759486</vAcc></extensions></trkpt>
      <trkpt lon="-82.146633" lat="33.556326"><ele>90.156293</ele><time>2025-09-14T15:25:29Z</time><extensions><speed>0.488114</speed><course>169.158137</course><hAcc>1.197458</hAcc><vAcc>0.760754</vAcc></extensions></trkpt>
      <trkpt lon="-82.146633" lat="33.556321"><ele>90.159300</ele><time>2025-09-14T15:25:30Z</time><extensions><speed>0.476040</speed><course>178.276567</course><hAcc>1.242035</hAcc><vAcc>0.762477</vAcc></extensions></trkpt>
      <trkpt lon="-82.146633" lat="33.556317"><ele>90.162213</ele><time>2025-09-14T15:25:31Z</time><extensions><speed>0.472686</speed><course>179.987538</course><hAcc>1.283173</hAcc><vAcc>0.764435</vAcc></extensions></trkpt>
      <trkpt lon="-82.146633" lat="33.556312"><ele>90.163258</ele><time>2025-09-14T15:25:32Z</time><extensions><speed>0.538491</speed><course>175.401336</course><hAcc>1.303753</hAcc><vAcc>0.766834</vAcc></extensions></trkpt>
      <trkpt lon="-82.146632" lat="33.556307"><ele>90.163539</ele><time>2025-09-14T15:25:33Z</time><extensions><speed>0.593317</speed><course>173.688916</course><hAcc>1.313186</hAcc><vAcc>0.769601</vAcc></extensions></trkpt>
      <trkpt lon="-82.146631" lat="33.556302"><ele>90.162945</ele><time>2025-09-14T15:25:34Z</time><extensions><speed>0.643175</speed><course>172.968583</course><hAcc>1.321152</hAcc><vAcc>0.773071</vAcc></extensions></trkpt>
      <trkpt lon="-82.146631" lat="33.556296"><ele>90.161238</ele><time>2025-09-14T15:25:35Z</time><extensions><speed>0.558634</speed><course>179.130907</course><hAcc>1.334760</hAcc><vAcc>0.776944</vAcc></extensions></trkpt>
      <trkpt lon="-82.146630" lat="33.556292"><ele>90.158466</ele><time>2025-09-14T15:25:36Z</time><extensions><speed>0.355903</speed><course>175.037313</course><hAcc>1.326011</hAcc><vAcc>0.781319</vAcc></extensions></trkpt>
      <trkpt lon="-82.146630" lat="33.556290"><ele>90.154647</ele><time>2025-09-14T15:25:37Z</time><extensions><speed>0.178401</speed><course>168.487797</course><hAcc>1.326341</hAcc><vAcc>0.786209</vAcc></extensions></trkpt>
      <trkpt lon="-82.146630" lat="33.556289"><ele>90.149844</ele><time>2025-09-14T15:25:38Z</time><extensions><speed>0.027169</speed><course>131.142746</course><hAcc>1.358852</hAcc><vAcc>0.791506</vAcc></extensions></trkpt>
      <trkpt lon="-82.146630" lat="33.556289"><ele>90.129450</ele><time>2025-09-14T15:25:39Z</time><extensions><speed>0.048844</speed><course>18.679533</course><hAcc>1.357440</hAcc><vAcc>0.796801</vAcc></extensions></trkpt>
      <trkpt lon="-82.146629" lat="33.556290"><ele>90.104389</ele><time>2025-09-14T15:25:40Z</time><extensions><speed>0.068846</speed><course>13.388003</course><hAcc>1.368763</hAcc><vAcc>0.802202</vAcc></extensions></trkpt>
      <trkpt lon="-82.146629" lat="33.556290"><ele>90.075013</ele><time>2025-09-14T15:25:41Z</time><extensions><speed>0.065389</speed><course>18.430562</course><hAcc>1.386402</hAcc><vAcc>0.807475</vAcc></extensions></trkpt>
      <trkpt lon="-82.146629" lat="33.556291"><ele>90.043939</ele><time>2025-09-14T15:25:42Z</time><extensions><speed>0.049705</speed><course>27.322827</course><hAcc>1.404124</hAcc><vAcc>0.813619</vAcc></extensions></trkpt>
      <trkpt lon="-82.146629" lat="33.556291"><ele>90.014527</ele><time>2025-09-14T15:25:43Z</time><extensions><speed>0.035272</speed><course>35.018731</course><hAcc>1.425022</hAcc><vAcc>0.819928</vAcc></extensions></trkpt>
      <trkpt lon="-82.146629" lat="33.556291"><ele>89.982185</ele><time>2025-09-14T15:25:44Z</time><extensions><speed>0.021035</speed><course>58.181533</course><hAcc>1.448103</hAcc><vAcc>0.826170</vAcc></extensions></trkpt>
      <trkpt lon="-82.146628" lat="33.556291"><ele>89.949368</ele><time>2025-09-14T15:25:45Z</time><extensions><speed>0.017921</speed><course>111.012989</course><hAcc>1.472700</hAcc><vAcc>0.831839</vAcc></extensions></trkpt>
      <trkpt lon="-82.146628" lat="33.556291"><ele>89.904734</ele><time>2025-09-14T15:25:46Z</time><extensions><speed>0.030351</speed><course>147.745285</course><hAcc>1.497727</hAcc><vAcc>0.836946</vAcc></extensions></trkpt>
      <trkpt lon="-82.146628" lat="33.556291"><ele>89.853917</ele><time>2025-09-14T15:25:47Z</time><extensions><speed>0.051092</speed><course>165.610273</course><hAcc>1.524304</hAcc><vAcc>0.840937</vAcc></extensions></trkpt>
      <trkpt lon="-82.146628" lat="33.556290"><ele>89.795448</ele><time>2025-09-14T15:25:48Z</time><extensions><speed>0.085502</speed><course>180.031694</course><hAcc>1.539414</hAcc><vAcc>0.844157</vAcc></extensions></trkpt>
      <trkpt lon="-82.146628" lat="33.556289"><ele>89.739817</ele><time>2025-09-14T15:25:49Z</time><extensions><speed>0.147717</speed><course>194.771341</course><hAcc>1.537924</hAcc><vAcc>0.846539</vAcc></extensions></trkpt>
      <trkpt lon="-82.146629" lat="33.556288"><ele>89.682324</ele><time>2025-09-14T15:25:50Z</time><extensions><speed>0.160762</speed><course>213.369980</course><hAcc>1.545036</hAcc><vAcc>0.848242</vAcc></extensions></trkpt>
      <trkpt lon="-82.146630" lat="33.556287"><ele>89.619978</ele><time>2025-09-14T15:25:51Z</time><extensions><speed>0.132955</speed><course>260.994742</course><hAcc>1.563439</hAcc><vAcc>0.849573</vAcc></extensions></trkpt>
      <trkpt lon="-82.146632" lat="33.556287"><ele>89.558321</ele><time>2025-09-14T15:25:52Z</time><extensions><speed>0.192214</speed><course>287.623625</course><hAcc>1.573504</hAcc><vAcc>0.850276</vAcc></extensions></trkpt>
      <trkpt lon="-82.146634" lat="33.556288"><ele>89.490001</ele><time>2025-09-14T15:25:53Z</time><extensions><speed>0.287938</speed><course>297.730829</course><hAcc>1.573648</hAcc><vAcc>0.850141</vAcc></extensions></trkpt>
      <trkpt lon="-82.146637" lat="33.556290"><ele>89.430549</ele><time>2025-09-14T15:25:54Z</time><extensions><speed>0.421710</speed><course>307.910475</course><hAcc>1.573608</hAcc><vAcc>0.849561</vAcc></extensions></trkpt>
      <trkpt lon="-82.146642" lat="33.556293"><ele>89.384162</ele><time>2025-09-14T15:25:55Z</time><extensions><speed>0.577227</speed><course>310.427581</course><hAcc>1.561393</hAcc><vAcc>0.848467</vAcc></extensions></trkpt>
      <trkpt lon="-82.146647" lat="33.556297"><ele>89.327730</ele><time>2025-09-14T15:25:56Z</time><extensions><speed>0.728280</speed><course>310.320313</course><hAcc>1.543124</hAcc><vAcc>0.846879</vAcc></extensions></trkpt>
      <trkpt lon="-82.146653" lat="33.556301"><ele>89.270452</ele><time>2025-09-14T15:25:57Z</time><extensions><speed>0.829164</speed><course>307.232994</course><hAcc>1.519898</hAcc><vAcc>0.844857</vAcc></extensions></trkpt>
      <trkpt lon="-82.146661" lat="33.556306"><ele>89.212169</ele><time>2025-09-14T15:25:58Z</time><extensions><speed>0.929680</speed><course>303.383524</course><hAcc>1.482718</hAcc><vAcc>0.842574</vAcc></extensions></trkpt>
      <trkpt lon="-82.146670" lat="33.556311"><ele>89.160112</ele><time>2025-09-14T15:25:59Z</time><extensions><speed>1.037147</speed><course>301.647151</course><hAcc>1.444266</hAcc><vAcc>0.840021</vAcc></extensions></trkpt>
      <trkpt lon="-82.146680" lat="33.556316"><ele>89.105878</ele><time>2025-09-14T15:26:00Z</time><extensions><speed>1.243712</speed><course>303.330525</course><hAcc>1.418683</hAcc><vAcc>0.837361</vAcc></extensions></trkpt>
      <trkpt lon="-82.146692" lat="33.556323"><ele>89.069776</ele><time>2025-09-14T15:26:01Z</time><extensions><speed>1.370369</speed><course>307.706618</course><hAcc>1.409747</hAcc><vAcc>0.834566</vAcc></extensions></trkpt>
      <trkpt lon="-82.146702" lat="33.556331"><ele>89.034543</ele><time>2025-09-14T15:26:02Z</time><extensions><speed>1.301058</speed><course>315.870313</course><hAcc>1.386320</hAcc><vAcc>0.831648</vAcc></extensions></trkpt>
      <trkpt lon="-82.146711" lat="33.556340"><ele>88.986668</ele><time>2025-09-14T15:26:03Z</time><extensions><speed>1.214134</speed><course>325.773974</course><hAcc>1.353784</hAcc><vAcc>0.828546</vAcc></extensions></trkpt>
      <trkpt lon="-82.146717" lat="33.556349"><ele>88.917870</ele><time>2025-09-14T15:26:04Z</time><extensions><speed>1.211522</speed><course>338.211173</course><hAcc>1.323210</hAcc><vAcc>0.825221</vAcc></extensions></trkpt>
      <trkpt lon="-82.146721" lat="33.556361"><ele>88.852275</ele><time>2025-09-14T15:26:05Z</time><extensions><speed>1.363252</speed><course>348.016605</course><hAcc>1.307441</hAcc><vAcc>0.821482</vAcc></extensions></trkpt>
      <trkpt lon="-82.146722" lat="33.556373"><ele>88.788045</ele><time>2025-09-14T15:26:06Z</time><extensions><speed>1.381403</speed><course>359.636762</course><hAcc>1.300901</hAcc><vAcc>0.817405</vAcc></extensions></trkpt>
      <trkpt lon="-82.146720" lat="33.556385"><ele>88.733320</ele><time>2025-09-14T15:26:07Z</time><extensions><speed>1.325501</speed><course>17.668049</course><hAcc>1.287688</hAcc><vAcc>0.813145</vAcc></extensions></trkpt>
      <trkpt lon="-82.146714" lat="33.556395"><ele>88.675416</ele><time>2025-09-14T15:26:08Z</time><extensions><speed>1.362700</speed><course>34.468980</course><hAcc>1.282032</hAcc><vAcc>0.808780</vAcc></extensions></trkpt>
      <trkpt lon="-82.146705" lat="33.556405"><ele>88.600137</ele><time>2025-09-14T15:26:09Z</time><extensions><speed>1.385954</speed><course>43.011557</course><hAcc>1.275708</hAcc><vAcc>0.804637</vAcc></extensions></trkpt>
      <trkpt lon="-82.146694" lat="33.556414"><ele>88.499828</ele><time>2025-09-14T15:26:10Z</time><extensions><speed>1.404690</speed><course>45.774963</course><hAcc>1.272780</hAcc><vAcc>0.800547</vAcc></extensions></trkpt>
      <trkpt lon="-82.146683" lat="33.556423"><ele>88.398597</ele><time>2025-09-14T15:26:11Z</time><extensions><speed>1.381820</speed><course>46.527142</course><hAcc>1.281084</hAcc><vAcc>0.796548</vAcc></extensions></trkpt>
      <trkpt lon="-82.146673" lat="33.556431"><ele>88.290299</ele><time>2025-09-14T15:26:12Z</time><extensions><speed>1.250200</speed><course>47.844605</course><hAcc>1.279858</hAcc><vAcc>0.792623</vAcc></extensions></trkpt>
      <trkpt lon="-82.146663" lat="33.556438"><ele>88.176743</ele><time>2025-09-14T15:26:13Z</time><extensions><speed>1.223091</speed><course>54.937019</course><hAcc>1.259853</hAcc><vAcc>0.789250</vAcc></extensions></trkpt>
      <trkpt lon="-82.146651" lat="33.556444"><ele>88.067431</ele><time>2025-09-14T15:26:14Z</time><extensions><speed>1.308876</speed><course>61.526760</course><hAcc>1.249316</hAcc><vAcc>0.785912</vAcc></extensions></trkpt>
      <trkpt lon="-82.146638" lat="33.556449"><ele>87.956847</ele><time>2025-09-14T15:26:15Z</time><extensions><speed>1.404510</speed><course>64.334075</course><hAcc>1.248428</hAcc><vAcc>0.782596</vAcc></extensions></trkpt>
      <trkpt lon="-82.146624" lat="33.556455"><ele>87.850329</ele><time>2025-09-14T15:26:16Z</time><extensions><speed>1.385260</speed><course>65.153937</course><hAcc>1.245952</hAcc><vAcc>0.779506</vAcc></extensions></trkpt>
      <trkpt lon="-82.146611" lat="33.556460"><ele>87.740490</ele><time>2025-09-14T15:26:17Z</time><extensions><speed>1.319191</speed><course>63.633109</course><hAcc>1.242663</hAcc><vAcc>0.776709</vAcc></extensions></trkpt>
      <trkpt lon="-82.146599" lat="33.556466"><ele>87.654997</ele><time>2025-09-14T15:26:18Z</time><extensions><speed>1.212369</speed><course>58.821495</course><hAcc>1.232781</hAcc><vAcc>0.774256</vAcc></extensions></trkpt>
      <trkpt lon="-82.146589" lat="33.556471"><ele>87.577101</ele><time>2025-09-14T15:26:19Z</time><extensions><speed>1.155342</speed><course>55.956604</course><hAcc>1.216917</hAcc><vAcc>0.772123</vAcc></extensions></trkpt>
      <trkpt lon="-82.146578" lat="33.556477"><ele>87.504547</ele><time>2025-09-14T15:26:20Z</time><extensions><speed>1.234930</speed><course>53.750487</course><hAcc>1.215891</hAcc><vAcc>0.770296</vAcc></extensions></trkpt>
      <trkpt lon="-82.146567" lat="33.556484"><ele>87.433591</ele><time>2025-09-14T15:26:21Z</time><extensions><speed>1.362872</speed><course>53.057990</course><hAcc>1.237840</hAcc><vAcc>0.768706</vAcc></extensions></trkpt>
      <trkpt lon="-82.146555" lat="33.556492"><ele>87.367584</ele><time>2025-09-14T15:26:22Z</time><extensions><speed>1.330677</speed><course>54.194847</course><hAcc>1.242727</hAcc><vAcc>0.767585</vAcc></extensions></trkpt>
      <trkpt lon="-82.146545" lat="33.556498"><ele>87.303944</ele><time>2025-09-14T15:26:23Z</time><extensions><speed>1.091258</speed><course>54.642564</course><hAcc>1.226056</hAcc><vAcc>0.766417</vAcc></extensions></trkpt>
      <trkpt lon="-82.146535" lat="33.556504"><ele>87.245315</ele><time>2025-09-14T15:26:24Z</time><extensions><speed>1.051463</speed><course>55.658236</course><hAcc>1.213730</hAcc><vAcc>0.765892</vAcc></extensions></trkpt>
      <trkpt lon="-82.146525" lat="33.556509"><ele>87.183295</ele><time>2025-09-14T15:26:25Z</time><extensions><speed>1.116862</speed><course>55.897124</course><hAcc>1.201937</hAcc><vAcc>0.765102</vAcc></extensions></trkpt>
      <trkpt lon="-82.146515" lat="33.556515"><ele>87.120003</ele><time>2025-09-14T15:26:26Z</time><extensions><speed>1.232862</speed><course>57.947411</course><hAcc>1.197964</hAcc><vAcc>0.764450</vAcc></extensions></trkpt>
      <trkpt lon="-82.146503" lat="33.556520"><ele>87.066259</ele><time>2025-09-14T15:26:27Z</time><extensions><speed>1.276150</speed><course>61.538159</course><hAcc>1.185777</hAcc><vAcc>0.763967</vAcc></extensions></trkpt>
      <trkpt lon="-82.146491" lat="33.556525"><ele>87.028637</ele><time>2025-09-14T15:26:28Z</time><extensions><speed>1.111302</speed><course>70.584796</course><hAcc>1.180070</hAcc><vAcc>0.763659</vAcc></extensions></trkpt>
      <trkpt lon="-82.146480" lat="33.556528"><ele>86.982242</ele><time>2025-09-14T15:26:29Z</time><extensions><speed>1.114560</speed><course>74.459783</course><hAcc>1.159435</hAcc><vAcc>0.763508</vAcc></extensions></trkpt>
      <trkpt lon="-82.146469" lat="33.556531"><ele>86.920138</ele><time>2025-09-14T15:26:30Z</time><extensions><speed>0.983119</speed><course>73.268597</course><hAcc>1.147031</hAcc><vAcc>0.763470</vAcc></extensions></trkpt>
      <trkpt lon="-82.146459" lat="33.556534"><ele>86.851162</ele><time>2025-09-14T15:26:31Z</time><extensions><speed>1.024340</speed><course>66.492298</course><hAcc>1.139727</hAcc><vAcc>0.763478</vAcc></extensions></trkpt>
      <trkpt lon="-82.146449" lat="33.556538"><ele>86.778586</ele><time>2025-09-14T15:26:32Z</time><extensions><speed>1.133357</speed><course>58.018727</course><hAcc>1.149442</hAcc><vAcc>0.763443</vAcc></extensions></trkpt>
      <trkpt lon="-82.146438" lat="33.556544"><ele>86.708806</ele><time>2025-09-14T15:26:33Z</time><extensions><speed>1.311662</speed><course>57.671996</course><hAcc>1.144686</hAcc><vAcc>0.763281</vAcc></extensions></trkpt>
      <trkpt lon="-82.146426" lat="33.556550"><ele>86.637272</ele><time>2025-09-14T15:26:34Z</time><extensions><speed>1.251796</speed><course>60.741115</course><hAcc>1.173837</hAcc><vAcc>0.762931</vAcc></extensions></trkpt>
      <trkpt lon="-82.146415" lat="33.556555"><ele>86.571801</ele><time>2025-09-14T15:26:35Z</time><extensions><speed>0.971598</speed><course>61.928259</course><hAcc>1.156604</hAcc><vAcc>0.762384</vAcc></extensions></trkpt>
      <trkpt lon="-82.146407" lat="33.556559"><ele>86.505995</ele><time>2025-09-14T15:26:36Z</time><extensions><speed>0.860192</speed><course>61.303576</course><hAcc>1.149898</hAcc><vAcc>0.761696</vAcc></extensions></trkpt>
      <trkpt lon="-82.146398" lat="33.556563"><ele>86.437410</ele><time>2025-09-14T15:26:37Z</time><extensions><speed>0.901489</speed><course>58.012928</course><hAcc>1.157586</hAcc><vAcc>0.760947</vAcc></extensions></trkpt>
      <trkpt lon="-82.146390" lat="33.556567"><ele>86.364652</ele><time>2025-09-14T15:26:38Z</time><extensions><speed>1.046047</speed><course>56.439853</course><hAcc>1.154671</hAcc><vAcc>0.760203</vAcc></extensions></trkpt>
      <trkpt lon="-82.146380" lat="33.556573"><ele>86.298019</ele><time>2025-09-14T15:26:39Z</time><extensions><speed>1.149878</speed><course>55.733149</course><hAcc>1.165342</hAcc><vAcc>0.759509</vAcc></extensions></trkpt>
      <trkpt lon="-82.146370" lat="33.556579"><ele>86.232260</ele><time>2025-09-14T15:26:40Z</time><extensions><speed>1.080223</speed><course>57.111231</course><hAcc>1.169807</hAcc><vAcc>0.758894</vAcc></extensions></trkpt>
      <trkpt lon="-82.146361" lat="33.556583"><ele>86.162304</ele><time>2025-09-14T15:26:41Z</time><extensions><speed>0.851054</speed><course>62.628172</course><hAcc>1.142373</hAcc><vAcc>0.758370</vAcc></extensions></trkpt>
      <trkpt lon="-82.146353" lat="33.556586"><ele>86.079183</ele><time>2025-09-14T15:26:42Z</time><extensions><speed>0.768068</speed><course>61.558723</course><hAcc>1.131252</hAcc><vAcc>0.757940</vAcc></extensions></trkpt>
      <trkpt lon="-82.146346" lat="33.556590"><ele>85.991892</ele><time>2025-09-14T15:26:43Z</time><extensions><speed>0.833121</speed><course>54.638034</course><hAcc>1.144266</hAcc><vAcc>0.757599</vAcc></extensions></trkpt>
      <trkpt lon="-82.146339" lat="33.556595"><ele>85.904805</ele><time>2025-09-14T15:26:44Z</time><extensions><speed>0.820571</speed><course>46.832629</course><hAcc>1.178425</hAcc><vAcc>0.757337</vAcc></extensions></trkpt>
      <trkpt lon="-82.146335" lat="33.556599"><ele>85.815913</ele><time>2025-09-14T15:26:45Z</time><extensions><speed>0.483109</speed><course>23.079932</course><hAcc>1.167803</hAcc><vAcc>0.757142</vAcc></extensions></trkpt>
      <trkpt lon="-82.146334" lat="33.556603"><ele>85.726350</ele><time>2025-09-14T15:26:46Z</time><extensions><speed>0.389092</speed><course>349.654325</course><hAcc>1.156725</hAcc><vAcc>0.757002</vAcc></extensions></trkpt>
      <trkpt lon="-82.146335" lat="33.556607"><ele>85.635338</ele><time>2025-09-14T15:26:47Z</time><extensions><speed>0.437770</speed><course>334.814694</course><hAcc>1.168737</hAcc><vAcc>0.756917</vAcc></extensions></trkpt>
      <trkpt lon="-82.146338" lat="33.556610"><ele>85.542824</ele><time>2025-09-14T15:26:48Z</time><extensions><speed>0.368399</speed><course>322.500216</course><hAcc>1.187368</hAcc><vAcc>0.757601</vAcc></extensions></trkpt>
      <trkpt lon="-82.146340" lat="33.556612"><ele>85.451640</ele><time>2025-09-14T15:26:49Z</time><extensions><speed>0.248292</speed><course>319.778811</course><hAcc>1.195731</hAcc><vAcc>0.758828</vAcc></extensions></trkpt>
      <trkpt lon="-82.146341" lat="33.556613"><ele>85.365094</ele><time>2025-09-14T15:26:50Z</time><extensions><speed>0.108191</speed><course>331.431438</course><hAcc>1.200700</hAcc><vAcc>0.760541</vAcc></extensions></trkpt>
      <trkpt lon="-82.146341" lat="33.556614"><ele>85.276618</ele><time>2025-09-14T15:26:51Z</time><extensions><speed>0.060720</speed><course>52.631287</course><hAcc>1.212810</hAcc><vAcc>0.762600</vAcc></extensions></trkpt>
      <trkpt lon="-82.146340" lat="33.556614"><ele>85.199568</ele><time>2025-09-14T15:26:52Z</time><extensions><speed>0.104634</speed><course>90.179410</course><hAcc>1.227426</hAcc><vAcc>0.765397</vAcc></extensions></trkpt>
      <trkpt lon="-82.146339" lat="33.556614"><ele>85.131406</ele><time>2025-09-14T15:26:53Z</time><extensions><speed>0.129814</speed><course>108.407338</course><hAcc>1.244658</hAcc><vAcc>0.768496</vAcc></extensions></trkpt>
      <trkpt lon="-82.146338" lat="33.556613"><ele>85.068144</ele><time>2025-09-14T15:26:54Z</time><extensions><speed>0.130519</speed><course>122.170941</course><hAcc>1.260748</hAcc><vAcc>0.772043</vAcc></extensions></trkpt>
      <trkpt lon="-82.146337" lat="33.556613"><ele>85.003930</ele><time>2025-09-14T15:26:55Z</time><extensions><speed>0.141629</speed><course>139.959021</course><hAcc>1.282818</hAcc><vAcc>0.775983</vAcc></extensions></trkpt>
      <trkpt lon="-82.146336" lat="33.556611"><ele>84.942472</ele><time>2025-09-14T15:26:56Z</time><extensions><speed>0.149142</speed><course>150.827976</course><hAcc>1.314083</hAcc><vAcc>0.780323</vAcc></extensions></trkpt>
      <trkpt lon="-82.146335" lat="33.556610"><ele>84.879250</ele><time>2025-09-14T15:26:57Z</time><extensions><speed>0.133043</speed><course>156.494642</course><hAcc>1.351422</hAcc><vAcc>0.785132</vAcc></extensions></trkpt>
      <trkpt lon="-82.146334" lat="33.556609"><ele>84.819062</ele><time>2025-09-14T15:26:58Z</time><extensions><speed>0.165965</speed><course>156.564509</course><hAcc>1.395114</hAcc><vAcc>0.789473</vAcc></extensions></trkpt>
      <trkpt lon="-82.146333" lat="33.556608"><ele>84.758458</ele><time>2025-09-14T15:26:59Z</time><extensions><speed>0.202342</speed><course>150.229717</course><hAcc>1.427807</hAcc><vAcc>0.793432</vAcc></extensions></trkpt>
      <trkpt lon="-82.146332" lat="33.556606"><ele>84.705801</ele><time>2025-09-14T15:27:00Z</time><extensions><speed>0.259642</speed><course>138.468577</course><hAcc>1.447513</hAcc><vAcc>0.796760</vAcc></extensions></trkpt>
      <trkpt lon="-82.146330" lat="33.556604"><ele>84.650431</ele><time>2025-09-14T15:27:01Z</time><extensions><speed>0.336648</speed><course>124.773242</course><hAcc>1.456331</hAcc><vAcc>0.799293</vAcc></extensions></trkpt>
      <trkpt lon="-82.146326" lat="33.556603"><ele>84.587977</ele><time>2025-09-14T15:27:02Z</time><extensions><speed>0.407428</speed><course>107.240307</course><hAcc>1.455492</hAcc><vAcc>0.800993</vAcc></extensions></trkpt>
      <trkpt lon="-82.146321" lat="33.556602"><ele>84.519832</ele><time>2025-09-14T15:27:03Z</time><extensions><speed>0.511311</speed><course>86.573799</course><hAcc>1.443311</hAcc><vAcc>0.802262</vAcc></extensions></trkpt>
      <trkpt lon="-82.146315" lat="33.556604"><ele>84.440095</ele><time>2025-09-14T15:27:04Z</time><extensions><speed>0.678800</speed><course>67.755604</course><hAcc>1.418947</hAcc><vAcc>0.802884</vAcc></extensions></trkpt>
      <trkpt lon="-82.146308" lat="33.556607"><ele>84.355292</ele><time>2025-09-14T15:27:05Z</time><extensions><speed>0.877463</speed><course>56.154120</course><hAcc>1.389646</hAcc><vAcc>0.802736</vAcc></extensions></trkpt>
      <trkpt lon="-82.146299" lat="33.556612"><ele>84.272208</ele><time>2025-09-14T15:27:06Z</time><extensions><speed>1.057240</speed><course>49.863824</course><hAcc>1.370694</hAcc><vAcc>0.802393</vAcc></extensions></trkpt>
      <trkpt lon="-82.146290" lat="33.556620"><ele>84.181159</ele><time>2025-09-14T15:27:07Z</time><extensions><speed>1.301518</speed><course>43.672360</course><hAcc>1.353238</hAcc><vAcc>0.801367</vAcc></extensions></trkpt>
      <trkpt lon="-82.146280" lat="33.556628"><ele>84.074286</ele><time>2025-09-14T15:27:08Z</time><extensions><speed>1.352252</speed><course>44.368076</course><hAcc>1.336679</hAcc><vAcc>0.800018</vAcc></extensions></trkpt>
      <trkpt lon="-82.146270" lat="33.556637"><ele>83.961136</ele><time>2025-09-14T15:27:09Z</time><extensions><speed>1.255814</speed><course>46.106892</course><hAcc>1.311317</hAcc><vAcc>0.798537</vAcc></extensions></trkpt>
      <trkpt lon="-82.146261" lat="33.556644"><ele>83.845639</ele><time>2025-09-14T15:27:10Z</time><extensions><speed>1.125378</speed><course>51.480773</course><hAcc>1.274556</hAcc><vAcc>0.796642</vAcc></extensions></trkpt>
      <trkpt lon="-82.146251" lat="33.556650"><ele>83.721877</ele><time>2025-09-14T15:27:11Z</time><extensions><speed>1.128825</speed><course>56.087838</course><hAcc>1.253370</hAcc><vAcc>0.794656</vAcc></extensions></trkpt>
      <trkpt lon="-82.146240" lat="33.556655"><ele>83.590739</ele><time>2025-09-14T15:27:12Z</time><extensions><speed>1.224230</speed><course>56.565901</course><hAcc>1.254615</hAcc><vAcc>0.792887</vAcc></extensions></trkpt>
      <trkpt lon="-82.146229" lat="33.556662"><ele>83.449509</ele><time>2025-09-14T15:27:13Z</time><extensions><speed>1.287632</speed><course>53.349414</course><hAcc>1.254494</hAcc><vAcc>0.791029</vAcc></extensions></trkpt>
      <trkpt lon="-82.146219" lat="33.556669"><ele>83.301935</ele><time>2025-09-14T15:27:14Z</time><extensions><speed>1.177807</speed><course>51.721930</course><hAcc>1.249261</hAcc><vAcc>0.789069</vAcc></extensions></trkpt>
      <trkpt lon="-82.146209" lat="33.556675"><ele>83.136719</ele><time>2025-09-14T15:27:15Z</time><extensions><speed>1.081121</speed><course>53.203127</course><hAcc>1.209590</hAcc><vAcc>0.787029</vAcc></extensions></trkpt>
      <trkpt lon="-82.146199" lat="33.556681"><ele>82.971059</ele><time>2025-09-14T15:27:16Z</time><extensions><speed>1.140193</speed><course>54.705947</course><hAcc>1.200932</hAcc><vAcc>0.785178</vAcc></extensions></trkpt>
      <trkpt lon="-82.146189" lat="33.556687"><ele>82.820029</ele><time>2025-09-14T15:27:17Z</time><extensions><speed>1.290510</speed><course>53.549946</course><hAcc>1.210253</hAcc><vAcc>0.783409</vAcc></extensions></trkpt>
      <trkpt lon="-82.146177" lat="33.556695"><ele>82.678089</ele><time>2025-09-14T15:27:18Z</time><extensions><speed>1.403865</speed><course>52.712765</course><hAcc>1.197134</hAcc><vAcc>0.782018</vAcc></extensions></trkpt>
      <trkpt lon="-82.146165" lat="33.556702"><ele>82.535042</ele><time>2025-09-14T15:27:19Z</time><extensions><speed>1.390292</speed><course>51.263758</course><hAcc>1.179062</hAcc><vAcc>0.780901</vAcc></extensions></trkpt>
      <trkpt lon="-82.146154" lat="33.556710"><ele>82.394638</ele><time>2025-09-14T15:27:20Z</time><extensions><speed>1.258152</speed><course>50.976848</course><hAcc>1.159043</hAcc><vAcc>0.779900</vAcc></extensions></trkpt>
      <trkpt lon="-82.146144" lat="33.556717"><ele>82.268524</ele><time>2025-09-14T15:27:21Z</time><extensions><speed>1.093454</speed><course>50.339191</course><hAcc>1.147952</hAcc><vAcc>0.778920</vAcc></extensions></trkpt>
      <trkpt lon="-82.146136" lat="33.556723"><ele>82.152108</ele><time>2025-09-14T15:27:22Z</time><extensions><speed>1.048562</speed><course>47.139173</course><hAcc>1.162205</hAcc><vAcc>0.778157</vAcc></extensions></trkpt>
      <trkpt lon="-82.146127" lat="33.556730"><ele>82.052224</ele><time>2025-09-14T15:27:23Z</time><extensions><speed>1.149665</speed><course>42.729450</course><hAcc>1.177102</hAcc><vAcc>0.777569</vAcc></extensions></trkpt>
      <trkpt lon="-82.146119" lat="33.556738"><ele>81.964003</ele><time>2025-09-14T15:27:24Z</time><extensions><speed>1.144781</speed><course>38.465646</course><hAcc>1.165347</hAcc><vAcc>0.776939</vAcc></extensions></trkpt>
      <trkpt lon="-82.146112" lat="33.556745"><ele>81.879014</ele><time>2025-09-14T15:27:25Z</time><extensions><speed>0.955215</speed><course>37.468585</course><hAcc>1.177311</hAcc><vAcc>0.776929</vAcc></extensions></trkpt>
      <trkpt lon="-82.146107" lat="33.556751"><ele>81.793484</ele><time>2025-09-14T15:27:26Z</time><extensions><speed>0.727859</speed><course>38.010916</course><hAcc>1.211695</hAcc><vAcc>0.777793</vAcc></extensions></trkpt>
      <trkpt lon="-82.146102" lat="33.556756"><ele>81.731556</ele><time>2025-09-14T15:27:27Z</time><extensions><speed>0.595992</speed><course>39.234692</course><hAcc>1.252510</hAcc><vAcc>0.778900</vAcc></extensions></trkpt>
      <trkpt lon="-82.146099" lat="33.556760"><ele>81.678852</ele><time>2025-09-14T15:27:28Z</time><extensions><speed>0.491013</speed><course>42.571338</course><hAcc>1.280054</hAcc><vAcc>0.780669</vAcc></extensions></trkpt>
      <trkpt lon="-82.146095" lat="33.556762"><ele>81.632464</ele><time>2025-09-14T15:27:29Z</time><extensions><speed>0.313906</speed><course>57.991327</course><hAcc>1.294346</hAcc><vAcc>0.782959</vAcc></extensions></trkpt>
      <trkpt lon="-82.146093" lat="33.556763"><ele>81.586318</ele><time>2025-09-14T15:27:30Z</time><extensions><speed>0.206801</speed><course>81.460341</course><hAcc>1.315202</hAcc><vAcc>0.785971</vAcc></extensions></trkpt>
      <trkpt lon="-82.146091" lat="33.556763"><ele>81.559289</ele><time>2025-09-14T15:27:31Z</time><extensions><speed>0.193013</speed><course>85.124846</course><hAcc>1.333749</hAcc><vAcc>0.789124</vAcc></extensions></trkpt>
      <trkpt lon="-82.146089" lat="33.556763"><ele>81.530104</ele><time>2025-09-14T15:27:32Z</time><extensions><speed>0.205333</speed><course>72.392447</course><hAcc>1.349419</hAcc><vAcc>0.792926</vAcc></extensions></trkpt>
      <trkpt lon="-82.146086" lat="33.556764"><ele>81.495118</ele><time>2025-09-14T15:27:33Z</time><extensions><speed>0.270461</speed><course>55.982935</course><hAcc>1.360645</hAcc><vAcc>0.797369</vAcc></extensions></trkpt>
      <trkpt lon="-82.146084" lat="33.556766"><ele>81.476628</ele><time>2025-09-14T15:27:34Z</time><extensions><speed>0.405514</speed><course>48.805843</course><hAcc>1.367372</hAcc><vAcc>0.801940</vAcc></extensions></trkpt>
      <trkpt lon="-82.146080" lat="33.556769"><ele>81.478497</ele><time>2025-09-14T15:27:35Z</time><extensions><speed>0.575414</speed><course>48.742675</course><hAcc>1.372478</hAcc><vAcc>0.806222</vAcc></extensions></trkpt>
      <trkpt lon="-82.146074" lat="33.556773"><ele>81.475199</ele><time>2025-09-14T15:27:36Z</time><extensions><speed>0.753057</speed><course>46.279738</course><hAcc>1.369878</hAcc><vAcc>0.810331</vAcc></extensions></trkpt>
      <trkpt lon="-82.146067" lat="33.556779"><ele>81.469156</ele><time>2025-09-14T15:27:37Z</time><extensions><speed>1.021622</speed><course>47.334336</course><hAcc>1.378742</hAcc><vAcc>0.813911</vAcc></extensions></trkpt>
      <trkpt lon="-82.146059" lat="33.556785"><ele>81.465805</ele><time>2025-09-14T15:27:38Z</time><extensions><speed>1.106830</speed><course>47.098513</course><hAcc>1.376650</hAcc><vAcc>0.816928</vAcc></extensions></trkpt>
      <trkpt lon="-82.146051" lat="33.556791"><ele>81.465117</ele><time>2025-09-14T15:27:39Z</time><extensions><speed>0.864062</speed><course>45.758286</course><hAcc>1.347550</hAcc><vAcc>0.819621</vAcc></extensions></trkpt>
      <trkpt lon="-82.146045" lat="33.556796"><ele>81.467013</ele><time>2025-09-14T15:27:40Z</time><extensions><speed>0.721714</speed><course>47.070847</course><hAcc>1.330444</hAcc><vAcc>0.829337</vAcc></extensions></trkpt>
      <trkpt lon="-82.146039" lat="33.556800"><ele>81.471476</ele><time>2025-09-14T15:27:41Z</time><extensions><speed>0.774134</speed><course>55.553391</course><hAcc>1.322095</hAcc><vAcc>0.843490</vAcc></extensions></trkpt>
      <trkpt lon="-82.146031" lat="33.556804"><ele>81.478162</ele><time>2025-09-14T15:27:42Z</time><extensions><speed>0.842682</speed><course>70.074214</course><hAcc>1.342582</hAcc><vAcc>0.864471</vAcc></extensions></trkpt>
      <trkpt lon="-82.146022" lat="33.556805"><ele>81.486705</ele><time>2025-09-14T15:27:43Z</time><extensions><speed>0.878892</speed><course>94.059613</course><hAcc>1.351534</hAcc><vAcc>0.895168</vAcc></extensions></trkpt>
      <trkpt lon="-82.146014" lat="33.556802"><ele>81.496619</ele><time>2025-09-14T15:27:44Z</time><extensions><speed>0.820963</speed><course>122.214888</course><hAcc>1.354526</hAcc><vAcc>0.938843</vAcc></extensions></trkpt>
      <trkpt lon="-82.146008" lat="33.556798"><ele>81.507201</ele><time>2025-09-14T15:27:45Z</time><extensions><speed>0.673930</speed><course>146.979605</course><hAcc>1.365248</hAcc><vAcc>0.998896</vAcc></extensions></trkpt>
      <trkpt lon="-82.146005" lat="33.556793"><ele>81.517824</ele><time>2025-09-14T15:27:46Z</time><extensions><speed>0.478402</speed><course>164.382498</course><hAcc>1.405011</hAcc><vAcc>1.078513</vAcc></extensions></trkpt>
      <trkpt lon="-82.146004" lat="33.556790"><ele>81.528229</ele><time>2025-09-14T15:27:47Z</time><extensions><speed>0.228578</speed><course>178.417661</course><hAcc>1.492263</hAcc><vAcc>1.180317</vAcc></extensions></trkpt>
      <trkpt lon="-82.146005" lat="33.556789"><ele>81.538429</ele><time>2025-09-14T15:27:48Z</time><extensions><speed>0.107406</speed><course>193.877551</course><hAcc>1.682313</hAcc><vAcc>1.306140</vAcc></extensions></trkpt>
      <trkpt lon="-82.146005" lat="33.556788"><ele>81.548503</ele><time>2025-09-14T15:27:49Z</time><extensions><speed>0.061329</speed><course>203.029745</course><hAcc>2.059938</hAcc><vAcc>1.456941</vAcc></extensions></trkpt>
    </trkseg>
  </trk>
</gpx>