<?xml version="1.0" encoding="UTF-8"?>
<gpx version="1.1" creator="Apple Health Export" xmlns="http://www.topografix.com/GPX/1/1" xmlns:xsi="http://www.w3.org/2001/XMLSchema-instance" xsi:schemaLocation="http://www.topografix.com/GPX/1/1 http://www.topografix.com/GPX/1/1/gpx.xsd">
  <metadata>
    <time>2026-03-14T12:17:02Z</time>
  </metadata>
  <trk>
    <name>Route 2025-08-12 10:32am</name>
    <trkseg>
      <trkpt lon="-82.145867" lat="33.556705"><ele>82.650177</ele><time>2025-08-12T14:02:19Z</time><extensions><speed>0.000000</speed><course>359.337871</course><hAcc>5.339885</hAcc><vAcc>17.906002</vAcc></extensions></trkpt>
      <trkpt lon="-82.145867" lat="33.556705"><ele>82.650177</ele><time>2025-08-12T14:02:20Z</time><extensions><speed>0.000000</speed><course>359.291119</course><hAcc>4.856659</hAcc><vAcc>17.389674</vAcc></extensions></trkpt>
      <trkpt lon="-82.145867" lat="33.556705"><ele>82.650177</ele><time>2025-08-12T14:02:21Z</time><extensions><speed>0.000000</speed><course>359.251261</course><hAcc>4.552140</hAcc><vAcc>16.522240</vAcc></extensions></trkpt>
      <trkpt lon="-82.145867" lat="33.556705"><ele>82.650177</ele><time>2025-08-12T14:02:22Z</time><extensions><speed>0.000000</speed><course>359.234995</course><hAcc>4.316037</hAcc><vAcc>16.157875</vAcc></extensions></trkpt>
      <trkpt lon="-82.145867" lat="33.556705"><ele>82.650177</ele><time>2025-08-12T14:02:23Z</time><extensions><speed>0.000000</speed><course>359.210833</course><hAcc>4.112415</hAcc><vAcc>15.981272</vAcc></extensions></trkpt>
      <trkpt lon="-82.145867" lat="33.556705"><ele>82.650177</ele><time>2025-08-12T14:02:24Z</time><extensions><speed>0.000000</speed><course>359.187365</course><hAcc>3.937175</hAcc><vAcc>15.642517</vAcc></extensions></trkpt>
      <trkpt lon="-82.145867" lat="33.556705"><ele>82.650177</ele><time>2025-08-12T14:02:25Z</time><extensions><speed>0.000000</speed><course>359.163488</course><hAcc>3.823839</hAcc><vAcc>15.395180</vAcc></extensions></trkpt>
      <trkpt lon="-82.145867" lat="33.556705"><ele>82.650177</ele><time>2025-08-12T14:02:26Z</time><extensions><speed>0.000000</speed><course>359.138227</course><hAcc>3.727091</hAcc><vAcc>14.787324</vAcc></extensions></trkpt>
      <trkpt lon="-82.145867" lat="33.556705"><ele>82.650177</ele><time>2025-08-12T14:02:27Z</time><extensions><speed>0.000000</speed><course>359.203246</course><hAcc>3.639171</hAcc><vAcc>13.925396</vAcc></extensions></trkpt>
      <trkpt lon="-82.145871" lat="33.556706"><ele>82.658943</ele><time>2025-08-12T14:02:28Z</time><extensions><speed>0.031780</speed><course>282.092185</course><hAcc>3.553686</hAcc><vAcc>13.528606</vAcc></extensions></trkpt>
      <trkpt lon="-82.145875" lat="33.556707"><ele>82.697646</ele><time>2025-08-12T14:02:29Z</time><extensions><speed>0.071531</speed><course>285.145109</course><hAcc>3.476180</hAcc><vAcc>12.629309</vAcc></extensions></trkpt>
      <trkpt lon="-82.145879" lat="33.556708"><ele>82.714318</ele><time>2025-08-12T14:02:30Z</time><extensions><speed>0.109110</speed><course>286.137172</course><hAcc>3.419211</hAcc><vAcc>12.221589</vAcc></extensions></trkpt>
      <trkpt lon="-82.145883" lat="33.556709"><ele>82.767982</ele><time>2025-08-12T14:02:31Z</time><extensions><speed>0.146640</speed><course>286.636879</course><hAcc>3.376796</hAcc><vAcc>10.799283</vAcc></extensions></trkpt>
      <trkpt lon="-82.145887" lat="33.556710"><ele>82.783681</ele><time>2025-08-12T14:02:32Z</time><extensions><speed>0.176377</speed><course>286.927102</course><hAcc>3.345306</hAcc><vAcc>10.347028</vAcc></extensions></trkpt>
      <trkpt lon="-82.145891" lat="33.556711"><ele>82.785191</ele><time>2025-08-12T14:02:33Z</time><extensions><speed>0.229497</speed><course>287.115829</course><hAcc>3.313309</hAcc><vAcc>10.308989</vAcc></extensions></trkpt>
      <trkpt lon="-82.145895" lat="33.556712"><ele>82.788152</ele><time>2025-08-12T14:02:34Z</time><extensions><speed>0.259424</speed><course>287.260770</course><hAcc>3.294766</hAcc><vAcc>10.230631</vAcc></extensions></trkpt>
      <trkpt lon="-82.145907" lat="33.556709"><ele>83.216947</ele><time>2025-08-12T14:02:35Z</time><extensions><speed>0.358243</speed><course>277.147445</course><hAcc>3.236445</hAcc><vAcc>8.007547</vAcc></extensions></trkpt>
      <trkpt lon="-82.145925" lat="33.556705"><ele>83.112950</ele><time>2025-08-12T14:02:36Z</time><extensions><speed>0.623570</speed><course>269.995136</course><hAcc>3.129363</hAcc><vAcc>5.788121</vAcc></extensions></trkpt>
      <trkpt lon="-82.145940" lat="33.556703"><ele>83.082667</ele><time>2025-08-12T14:02:37Z</time><extensions><speed>0.874444</speed><course>266.916162</course><hAcc>3.028576</hAcc><vAcc>4.858498</vAcc></extensions></trkpt>
      <trkpt lon="-82.145959" lat="33.556701"><ele>83.188757</ele><time>2025-08-12T14:02:38Z</time><extensions><speed>1.097517</speed><course>264.901275</course><hAcc>2.921163</hAcc><vAcc>4.245303</vAcc></extensions></trkpt>
      <trkpt lon="-82.145979" lat="33.556699"><ele>83.263966</ele><time>2025-08-12T14:02:39Z</time><extensions><speed>1.266877</speed><course>262.917471</course><hAcc>2.807250</hAcc><vAcc>3.761044</vAcc></extensions></trkpt>
      <trkpt lon="-82.145995" lat="33.556697"><ele>83.063741</ele><time>2025-08-12T14:02:40Z</time><extensions><speed>1.094616</speed><course>260.830031</course><hAcc>2.736736</hAcc><vAcc>3.511359</vAcc></extensions></trkpt>
      <trkpt lon="-82.146009" lat="33.556695"><ele>82.951380</ele><time>2025-08-12T14:02:41Z</time><extensions><speed>0.996611</speed><course>258.521123</course><hAcc>2.655725</hAcc><vAcc>3.286254</vAcc></extensions></trkpt>
      <trkpt lon="-82.146022" lat="33.556693"><ele>82.812658</ele><time>2025-08-12T14:02:42Z</time><extensions><speed>1.030433</speed><course>256.617838</course><hAcc>2.542584</hAcc><vAcc>3.056643</vAcc></extensions></trkpt>
      <trkpt lon="-82.146035" lat="33.556691"><ele>82.707834</ele><time>2025-08-12T14:02:43Z</time><extensions><speed>1.087297</speed><course>255.521167</course><hAcc>2.410433</hAcc><vAcc>2.845908</vAcc></extensions></trkpt>
      <trkpt lon="-82.146046" lat="33.556689"><ele>82.558885</ele><time>2025-08-12T14:02:44Z</time><extensions><speed>1.003991</speed><course>255.125461</course><hAcc>2.296648</hAcc><vAcc>2.659232</vAcc></extensions></trkpt>
      <trkpt lon="-82.146055" lat="33.556688"><ele>82.391094</ele><time>2025-08-12T14:02:45Z</time><extensions><speed>0.535877</speed><course>257.009202</course><hAcc>2.235036</hAcc><vAcc>2.494608</vAcc></extensions></trkpt>
      <trkpt lon="-82.146066" lat="33.556688"><ele>82.205377</ele><time>2025-08-12T14:02:46Z</time><extensions><speed>0.888516</speed><course>270.266382</course><hAcc>2.037620</hAcc><vAcc>2.288225</vAcc></extensions></trkpt>
      <trkpt lon="-82.146075" lat="33.556690"><ele>82.017555</ele><time>2025-08-12T14:02:47Z</time><extensions><speed>0.905502</speed><course>295.258301</course><hAcc>1.924670</hAcc><vAcc>2.146812</vAcc></extensions></trkpt>
      <trkpt lon="-82.146083" lat="33.556693"><ele>81.844905</ele><time>2025-08-12T14:02:48Z</time><extensions><speed>0.789238</speed><course>280.495802</course><hAcc>1.856906</hAcc><vAcc>2.014191</vAcc></extensions></trkpt>
      <trkpt lon="-82.146088" lat="33.556694"><ele>81.705784</ele><time>2025-08-12T14:02:49Z</time><extensions><speed>0.127547</speed><course>278.679553</course><hAcc>1.898533</hAcc><vAcc>1.904184</vAcc></extensions></trkpt>
      <trkpt lon="-82.146089" lat="33.556695"><ele>81.575008</ele><time>2025-08-12T14:02:50Z</time><extensions><speed>0.159475</speed><course>291.826602</course><hAcc>1.882766</hAcc><vAcc>1.808156</vAcc></extensions></trkpt>
      <trkpt lon="-82.146092" lat="33.556696"><ele>81.445868</ele><time>2025-08-12T14:02:51Z</time><extensions><speed>0.377761</speed><course>309.762163</course><hAcc>1.829473</hAcc><vAcc>1.722941</vAcc></extensions></trkpt>
      <trkpt lon="-82.146094" lat="33.556699"><ele>81.318855</ele><time>2025-08-12T14:02:52Z</time><extensions><speed>0.419592</speed><course>331.086151</course><hAcc>1.830287</hAcc><vAcc>1.648047</vAcc></extensions></trkpt>
      <trkpt lon="-82.146096" lat="33.556703"><ele>81.237580</ele><time>2025-08-12T14:02:53Z</time><extensions><speed>0.449750</speed><course>0.959261</course><hAcc>1.857315</hAcc><vAcc>1.583200</vAcc></extensions></trkpt>
      <trkpt lon="-82.146094" lat="33.556707"><ele>81.197281</ele><time>2025-08-12T14:02:54Z</time><extensions><speed>0.589738</speed><course>33.917747</course><hAcc>1.855593</hAcc><vAcc>1.516957</vAcc></extensions></trkpt>
      <trkpt lon="-82.146089" lat="33.556712"><ele>81.212514</ele><time>2025-08-12T14:02:55Z</time><extensions><speed>0.752931</speed><course>47.024105</course><hAcc>1.800577</hAcc><vAcc>1.451218</vAcc></extensions></trkpt>
      <trkpt lon="-82.146083" lat="33.556717"><ele>81.270539</ele><time>2025-08-12T14:02:56Z</time><extensions><speed>0.704964</speed><course>49.934230</course><hAcc>1.700320</hAcc><vAcc>1.390282</vAcc></extensions></trkpt>
      <trkpt lon="-82.146078" lat="33.556721"><ele>81.299198</ele><time>2025-08-12T14:02:57Z</time><extensions><speed>0.561780</speed><course>44.553770</course><hAcc>1.585773</hAcc><vAcc>1.334882</vAcc></extensions></trkpt>
      <trkpt lon="-82.146075" lat="33.556724"><ele>81.280331</ele><time>2025-08-12T14:02:58Z</time><extensions><speed>0.267694</speed><course>30.024972</course><hAcc>1.519810</hAcc><vAcc>1.295866</vAcc></extensions></trkpt>
      <trkpt lon="-82.146074" lat="33.556725"><ele>81.255297</ele><time>2025-08-12T14:02:59Z</time><extensions><speed>0.027470</speed><course>13.622299</course><hAcc>1.537767</hAcc><vAcc>1.261635</vAcc></extensions></trkpt>
      <trkpt lon="-82.146074" lat="33.556725"><ele>81.227452</ele><time>2025-08-12T14:03:00Z</time><extensions><speed>0.016475</speed><course>356.309404</course><hAcc>1.527569</hAcc><vAcc>1.231417</vAcc></extensions></trkpt>
      <trkpt lon="-82.146074" lat="33.556725"><ele>81.202719</ele><time>2025-08-12T14:03:01Z</time><extensions><speed>0.016055</speed><course>350.169797</course><hAcc>1.520948</hAcc><vAcc>1.205943</vAcc></extensions></trkpt>
      <trkpt lon="-82.146074" lat="33.556726"><ele>81.160314</ele><time>2025-08-12T14:03:02Z</time><extensions><speed>0.018159</speed><course>346.671539</course><hAcc>1.518440</hAcc><vAcc>1.183674</vAcc></extensions></trkpt>
      <trkpt lon="-82.146074" lat="33.556726"><ele>81.108890</ele><time>2025-08-12T14:03:03Z</time><extensions><speed>0.060028</speed><course>355.145964</course><hAcc>1.499150</hAcc><vAcc>1.165242</vAcc></extensions></trkpt>
      <trkpt lon="-82.146074" lat="33.556727"><ele>81.051570</ele><time>2025-08-12T14:03:04Z</time><extensions><speed>0.074144</speed><course>21.173240</course><hAcc>1.503342</hAcc><vAcc>1.151039</vAcc></extensions></trkpt>
      <trkpt lon="-82.146074" lat="33.556727"><ele>80.990385</ele><time>2025-08-12T14:03:05Z</time><extensions><speed>0.108060</speed><course>65.463205</course><hAcc>1.521798</hAcc><vAcc>1.140239</vAcc></extensions></trkpt>
      <trkpt lon="-82.146072" lat="33.556727"><ele>80.932215</ele><time>2025-08-12T14:03:06Z</time><extensions><speed>0.232322</speed><course>101.466243</course><hAcc>1.563848</hAcc><vAcc>1.133836</vAcc></extensions></trkpt>
      <trkpt lon="-82.146070" lat="33.556727"><ele>80.880633</ele><time>2025-08-12T14:03:07Z</time><extensions><speed>0.110015</speed><course>97.649955</course><hAcc>1.643551</hAcc><vAcc>1.131074</vAcc></extensions></trkpt>
      <trkpt lon="-82.146069" lat="33.556727"><ele>80.856059</ele><time>2025-08-12T14:03:08Z</time><extensions><speed>0.078982</speed><course>102.006679</course><hAcc>1.690004</hAcc><vAcc>1.130796</vAcc></extensions></trkpt>
      <trkpt lon="-82.146068" lat="33.556727"><ele>80.842544</ele><time>2025-08-12T14:03:09Z</time><extensions><speed>0.077841</speed><course>95.843628</course><hAcc>1.729308</hAcc><vAcc>1.133921</vAcc></extensions></trkpt>
      <trkpt lon="-82.146067" lat="33.556726"><ele>80.831316</ele><time>2025-08-12T14:03:10Z</time><extensions><speed>0.107691</speed><course>100.318452</course><hAcc>1.762140</hAcc><vAcc>1.140595</vAcc></extensions></trkpt>
      <trkpt lon="-82.146066" lat="33.556726"><ele>80.838078</ele><time>2025-08-12T14:03:11Z</time><extensions><speed>0.117484</speed><course>100.263943</course><hAcc>1.789714</hAcc><vAcc>1.148504</vAcc></extensions></trkpt>
      <trkpt lon="-82.146064" lat="33.556726"><ele>80.863307</ele><time>2025-08-12T14:03:12Z</time><extensions><speed>0.169117</speed><course>108.555271</course><hAcc>1.805886</hAcc><vAcc>1.156428</vAcc></extensions></trkpt>
      <trkpt lon="-82.146062" lat="33.556725"><ele>80.894275</ele><time>2025-08-12T14:03:13Z</time><extensions><speed>0.232723</speed><course>113.857447</course><hAcc>1.817957</hAcc><vAcc>1.164678</vAcc></extensions></trkpt>
      <trkpt lon="-82.146060" lat="33.556725"><ele>80.932404</ele><time>2025-08-12T14:03:14Z</time><extensions><speed>0.155479</speed><course>103.263225</course><hAcc>1.839265</hAcc><vAcc>1.172516</vAcc></extensions></trkpt>
      <trkpt lon="-82.146059" lat="33.556724"><ele>80.989222</ele><time>2025-08-12T14:03:15Z</time><extensions><speed>0.151019</speed><course>104.570954</course><hAcc>1.844879</hAcc><vAcc>1.180360</vAcc></extensions></trkpt>
      <trkpt lon="-82.146057" lat="33.556724"><ele>81.052886</ele><time>2025-08-12T14:03:16Z</time><extensions><speed>0.169199</speed><course>112.935231</course><hAcc>1.844851</hAcc><vAcc>1.187764</vAcc></extensions></trkpt>
      <trkpt lon="-82.146056" lat="33.556723"><ele>81.123676</ele><time>2025-08-12T14:03:17Z</time><extensions><speed>0.157558</speed><course>114.911324</course><hAcc>1.846862</hAcc><vAcc>1.193944</vAcc></extensions></trkpt>
      <trkpt lon="-82.146054" lat="33.556722"><ele>81.199631</ele><time>2025-08-12T14:03:18Z</time><extensions><speed>0.223286</speed><course>129.197903</course><hAcc>1.846525</hAcc><vAcc>1.199251</vAcc></extensions></trkpt>
      <trkpt lon="-82.146052" lat="33.556721"><ele>81.279519</ele><time>2025-08-12T14:03:19Z</time><extensions><speed>0.262573</speed><course>125.367408</course><hAcc>1.841688</hAcc><vAcc>1.203566</vAcc></extensions></trkpt>
      <trkpt lon="-82.146050" lat="33.556720"><ele>81.361260</ele><time>2025-08-12T14:03:20Z</time><extensions><speed>0.170685</speed><course>108.208918</course><hAcc>1.838888</hAcc><vAcc>1.207785</vAcc></extensions></trkpt>
      <trkpt lon="-82.146048" lat="33.556720"><ele>81.444253</ele><time>2025-08-12T14:03:21Z</time><extensions><speed>0.109095</speed><course>87.114358</course><hAcc>1.845501</hAcc><vAcc>1.211241</vAcc></extensions></trkpt>
      <trkpt lon="-82.146047" lat="33.556720"><ele>81.526510</ele><time>2025-08-12T14:03:22Z</time><extensions><speed>0.081262</speed><course>69.030608</course><hAcc>1.847351</hAcc><vAcc>1.215781</vAcc></extensions></trkpt>
      <trkpt lon="-82.146047" lat="33.556720"><ele>81.607767</ele><time>2025-08-12T14:03:23Z</time><extensions><speed>0.061936</speed><course>56.899410</course><hAcc>1.849749</hAcc><vAcc>1.220099</vAcc></extensions></trkpt>
      <trkpt lon="-82.146046" lat="33.556721"><ele>81.714681</ele><time>2025-08-12T14:03:24Z</time><extensions><speed>0.046997</speed><course>58.035907</course><hAcc>1.850936</hAcc><vAcc>1.224438</vAcc></extensions></trkpt>
      <trkpt lon="-82.146046" lat="33.556721"><ele>81.823960</ele><time>2025-08-12T14:03:25Z</time><extensions><speed>0.034832</speed><course>66.735044</course><hAcc>1.850372</hAcc><vAcc>1.225395</vAcc></extensions></trkpt>
      <trkpt lon="-82.146045" lat="33.556721"><ele>81.944436</ele><time>2025-08-12T14:03:26Z</time><extensions><speed>0.026045</speed><course>82.958193</course><hAcc>1.847853</hAcc><vAcc>1.226029</vAcc></extensions></trkpt>
      <trkpt lon="-82.146045" lat="33.556721"><ele>82.070929</ele><time>2025-08-12T14:03:27Z</time><extensions><speed>0.023278</speed><course>107.490603</course><hAcc>1.842720</hAcc><vAcc>1.225719</vAcc></extensions></trkpt>
      <trkpt lon="-82.146045" lat="33.556721"><ele>82.191144</ele><time>2025-08-12T14:03:28Z</time><extensions><speed>0.027450</speed><course>129.747127</course><hAcc>1.836939</hAcc><vAcc>1.225029</vAcc></extensions></trkpt>
      <trkpt lon="-82.146045" lat="33.556720"><ele>82.296764</ele><time>2025-08-12T14:03:29Z</time><extensions><speed>0.035935</speed><course>142.376034</course><hAcc>1.831510</hAcc><vAcc>1.225399</vAcc></extensions></trkpt>
      <trkpt lon="-82.146044" lat="33.556720"><ele>82.388239</ele><time>2025-08-12T14:03:30Z</time><extensions><speed>0.047352</speed><course>150.011032</course><hAcc>1.829425</hAcc><vAcc>1.225327</vAcc></extensions></trkpt>
      <trkpt lon="-82.146044" lat="33.556720"><ele>82.473871</ele><time>2025-08-12T14:03:31Z</time><extensions><speed>0.063936</speed><course>155.365799</course><hAcc>1.831315</hAcc><vAcc>1.227477</vAcc></extensions></trkpt>
      <trkpt lon="-82.146044" lat="33.556719"><ele>82.556492</ele><time>2025-08-12T14:03:32Z</time><extensions><speed>0.079675</speed><course>160.428308</course><hAcc>1.840039</hAcc><vAcc>1.230237</vAcc></extensions></trkpt>
      <trkpt lon="-82.146044" lat="33.556718"><ele>82.631984</ele><time>2025-08-12T14:03:33Z</time><extensions><speed>0.094947</speed><course>164.918086</course><hAcc>1.853464</hAcc><vAcc>1.232414</vAcc></extensions></trkpt>
      <trkpt lon="-82.146044" lat="33.556717"><ele>82.694451</ele><time>2025-08-12T14:03:34Z</time><extensions><speed>0.100554</speed><course>171.424518</course><hAcc>1.867528</hAcc><vAcc>1.232755</vAcc></extensions></trkpt>
      <trkpt lon="-82.146044" lat="33.556716"><ele>82.735188</ele><time>2025-08-12T14:03:35Z</time><extensions><speed>0.126453</speed><course>182.543818</course><hAcc>1.857689</hAcc><vAcc>1.232556</vAcc></extensions></trkpt>
      <trkpt lon="-82.146044" lat="33.556715"><ele>82.750352</ele><time>2025-08-12T14:03:36Z</time><extensions><speed>0.178818</speed><course>194.638285</course><hAcc>1.842746</hAcc><vAcc>1.231203</vAcc></extensions></trkpt>
      <trkpt lon="-82.146045" lat="33.556713"><ele>82.747055</ele><time>2025-08-12T14:03:37Z</time><extensions><speed>0.295812</speed><course>201.040896</course><hAcc>1.817789</hAcc><vAcc>1.227838</vAcc></extensions></trkpt>
      <trkpt lon="-82.146047" lat="33.556710"><ele>82.736561</ele><time>2025-08-12T14:03:38Z</time><extensions><speed>0.442428</speed><course>204.886257</course><hAcc>1.809599</hAcc><vAcc>1.224767</vAcc></extensions></trkpt>
      <trkpt lon="-82.146050" lat="33.556705"><ele>82.718092</ele><time>2025-08-12T14:03:39Z</time><extensions><speed>0.679495</speed><course>208.877419</course><hAcc>1.809024</hAcc><vAcc>1.222890</vAcc></extensions></trkpt>
      <trkpt lon="-82.146054" lat="33.556699"><ele>82.680240</ele><time>2025-08-12T14:03:40Z</time><extensions><speed>0.877873</speed><course>212.268391</course><hAcc>1.814056</hAcc><vAcc>1.221693</vAcc></extensions></trkpt>
      <trkpt lon="-82.146062" lat="33.556693"><ele>82.639928</ele><time>2025-08-12T14:03:41Z</time><extensions><speed>1.049713</speed><course>233.442941</course><hAcc>1.813362</hAcc><vAcc>1.219302</vAcc></extensions></trkpt>
      <trkpt lon="-82.146072" lat="33.556687"><ele>82.603582</ele><time>2025-08-12T14:03:42Z</time><extensions><speed>1.134079</speed><course>238.383701</course><hAcc>1.778429</hAcc><vAcc>1.215038</vAcc></extensions></trkpt>
      <trkpt lon="-82.146082" lat="33.556682"><ele>82.567571</ele><time>2025-08-12T14:03:43Z</time><extensions><speed>1.066483</speed><course>233.731219</course><hAcc>1.726865</hAcc><vAcc>1.209781</vAcc></extensions></trkpt>
      <trkpt lon="-82.146091" lat="33.556676"><ele>82.552890</ele><time>2025-08-12T14:03:44Z</time><extensions><speed>1.059967</speed><course>228.927127</course><hAcc>1.697465</hAcc><vAcc>1.204178</vAcc></extensions></trkpt>
      <trkpt lon="-82.146100" lat="33.556669"><ele>82.529299</ele><time>2025-08-12T14:03:45Z</time><extensions><speed>1.187005</speed><course>227.470129</course><hAcc>1.691266</hAcc><vAcc>1.198797</vAcc></extensions></trkpt>
      <trkpt lon="-82.146110" lat="33.556662"><ele>82.478333</ele><time>2025-08-12T14:03:46Z</time><extensions><speed>1.315860</speed><course>229.420948</course><hAcc>1.673789</hAcc><vAcc>1.192200</vAcc></extensions></trkpt>
      <trkpt lon="-82.146121" lat="33.556654"><ele>82.436364</ele><time>2025-08-12T14:03:47Z</time><extensions><speed>1.221429</speed><course>231.136987</course><hAcc>1.655039</hAcc><vAcc>1.186172</vAcc></extensions></trkpt>
      <trkpt lon="-82.146130" lat="33.556648"><ele>82.392357</ele><time>2025-08-12T14:03:48Z</time><extensions><speed>1.133216</speed><course>229.097788</course><hAcc>1.640129</hAcc><vAcc>1.180300</vAcc></extensions></trkpt>
      <trkpt lon="-82.146140" lat="33.556641"><ele>82.359493</ele><time>2025-08-12T14:03:49Z</time><extensions><speed>1.180504</speed><course>232.525126</course><hAcc>1.628653</hAcc><vAcc>1.174241</vAcc></extensions></trkpt>
      <trkpt lon="-82.146151" lat="33.556635"><ele>82.319595</ele><time>2025-08-12T14:03:50Z</time><extensions><speed>1.332284</speed><course>239.052143</course><hAcc>1.619765</hAcc><vAcc>1.168508</vAcc></extensions></trkpt>
      <trkpt lon="-82.146164" lat="33.556629"><ele>82.259476</ele><time>2025-08-12T14:03:51Z</time><extensions><speed>1.340029</speed><course>241.610393</course><hAcc>1.611302</hAcc><vAcc>1.163923</vAcc></extensions></trkpt>
      <trkpt lon="-82.146176" lat="33.556624"><ele>82.213030</ele><time>2025-08-12T14:03:52Z</time><extensions><speed>1.241361</speed><course>241.669994</course><hAcc>1.602610</hAcc><vAcc>1.156854</vAcc></extensions></trkpt>
      <trkpt lon="-82.146188" lat="33.556618"><ele>82.162127</ele><time>2025-08-12T14:03:53Z</time><extensions><speed>1.211052</speed><course>242.362984</course><hAcc>1.595915</hAcc><vAcc>1.152991</vAcc></extensions></trkpt>
      <trkpt lon="-82.146199" lat="33.556614"><ele>82.116708</ele><time>2025-08-12T14:03:54Z</time><extensions><speed>1.108475</speed><course>247.405609</course><hAcc>1.589322</hAcc><vAcc>1.150885</vAcc></extensions></trkpt>
      <trkpt lon="-82.146210" lat="33.556610"><ele>82.063645</ele><time>2025-08-12T14:03:55Z</time><extensions><speed>1.025168</speed><course>249.457549</course><hAcc>1.591052</hAcc><vAcc>1.149524</vAcc></extensions></trkpt>
      <trkpt lon="-82.146220" lat="33.556607"><ele>82.015472</ele><time>2025-08-12T14:03:56Z</time><extensions><speed>0.999739</speed><course>250.411068</course><hAcc>1.591486</hAcc><vAcc>1.149138</vAcc></extensions></trkpt>
      <trkpt lon="-82.146230" lat="33.556604"><ele>81.958319</ele><time>2025-08-12T14:03:57Z</time><extensions><speed>0.982846</speed><course>251.937386</course><hAcc>1.598295</hAcc><vAcc>1.150474</vAcc></extensions></trkpt>
      <trkpt lon="-82.146240" lat="33.556602"><ele>81.903971</ele><time>2025-08-12T14:03:58Z</time><extensions><speed>1.004654</speed><course>258.687245</course><hAcc>1.615575</hAcc><vAcc>1.154275</vAcc></extensions></trkpt>
      <trkpt lon="-82.146250" lat="33.556601"><ele>81.852811</ele><time>2025-08-12T14:03:59Z</time><extensions><speed>0.904977</speed><course>268.381242</course><hAcc>1.635888</hAcc><vAcc>1.160188</vAcc></extensions></trkpt>
      <trkpt lon="-82.146258" lat="33.556601"><ele>81.774538</ele><time>2025-08-12T14:04:00Z</time><extensions><speed>0.582394</speed><course>275.951424</course><hAcc>1.650721</hAcc><vAcc>1.165859</vAcc></extensions></trkpt>
      <trkpt lon="-82.146262" lat="33.556602"><ele>81.686358</ele><time>2025-08-12T14:04:01Z</time><extensions><speed>0.158830</speed><course>286.012620</course><hAcc>1.683708</hAcc><vAcc>1.173018</vAcc></extensions></trkpt>
      <trkpt lon="-82.146263" lat="33.556602"><ele>81.554989</ele><time>2025-08-12T14:04:02Z</time><extensions><speed>0.023380</speed><course>39.164231</course><hAcc>1.709510</hAcc><vAcc>1.178434</vAcc></extensions></trkpt>
      <trkpt lon="-82.146262" lat="33.556602"><ele>81.412488</ele><time>2025-08-12T14:04:03Z</time><extensions><speed>0.086924</speed><course>101.192109</course><hAcc>1.750147</hAcc><vAcc>1.186013</vAcc></extensions></trkpt>
      <trkpt lon="-82.146261" lat="33.556602"><ele>81.306483</ele><time>2025-08-12T14:04:04Z</time><extensions><speed>0.117672</speed><course>115.367603</course><hAcc>1.792401</hAcc><vAcc>1.194039</vAcc></extensions></trkpt>
      <trkpt lon="-82.146260" lat="33.556601"><ele>81.219684</ele><time>2025-08-12T14:04:05Z</time><extensions><speed>0.129502</speed><course>126.183649</course><hAcc>1.823302</hAcc><vAcc>1.203774</vAcc></extensions></trkpt>
      <trkpt lon="-82.146259" lat="33.556600"><ele>81.147239</ele><time>2025-08-12T14:04:06Z</time><extensions><speed>0.127926</speed><course>135.117831</course><hAcc>1.846929</hAcc><vAcc>1.212012</vAcc></extensions></trkpt>
      <trkpt lon="-82.146258" lat="33.556599"><ele>81.087725</ele><time>2025-08-12T14:04:07Z</time><extensions><speed>0.119184</speed><course>144.305524</course><hAcc>1.865779</hAcc><vAcc>1.219851</vAcc></extensions></trkpt>
      <trkpt lon="-82.146258" lat="33.556599"><ele>81.036371</ele><time>2025-08-12T14:04:08Z</time><extensions><speed>0.107887</speed><course>158.574134</course><hAcc>1.880789</hAcc><vAcc>1.225892</vAcc></extensions></trkpt>
      <trkpt lon="-82.146258" lat="33.556598"><ele>80.996699</ele><time>2025-08-12T14:04:09Z</time><extensions><speed>0.105720</speed><course>185.248794</course><hAcc>1.891025</hAcc><vAcc>1.229046</vAcc></extensions></trkpt>
      <trkpt lon="-82.146258" lat="33.556597"><ele>80.991884</ele><time>2025-08-12T14:04:10Z</time><extensions><speed>0.154682</speed><course>216.638443</course><hAcc>1.886709</hAcc><vAcc>1.231804</vAcc></extensions></trkpt>
      <trkpt lon="-82.146260" lat="33.556595"><ele>80.993573</ele><time>2025-08-12T14:04:11Z</time><extensions><speed>0.274718</speed><course>236.167397</course><hAcc>1.870267</hAcc><vAcc>1.232024</vAcc></extensions></trkpt>
      <trkpt lon="-82.146264" lat="33.556594"><ele>81.036339</ele><time>2025-08-12T14:04:12Z</time><extensions><speed>0.492550</speed><course>246.317845</course><hAcc>1.848659</hAcc><vAcc>1.229244</vAcc></extensions></trkpt>
      <trkpt lon="-82.146270" lat="33.556592"><ele>81.082815</ele><time>2025-08-12T14:04:13Z</time><extensions><speed>0.660195</speed><course>251.713455</course><hAcc>1.842560</hAcc><vAcc>1.226995</vAcc></extensions></trkpt>
      <trkpt lon="-82.146277" lat="33.556590"><ele>81.122507</ele><time>2025-08-12T14:04:14Z</time><extensions><speed>0.781287</speed><course>254.545649</course><hAcc>1.828923</hAcc><vAcc>1.223947</vAcc></extensions></trkpt>
      <trkpt lon="-82.146286" lat="33.556588"><ele>81.164407</ele><time>2025-08-12T14:04:15Z</time><extensions><speed>0.836316</speed><course>250.088107</course><hAcc>1.814719</hAcc><vAcc>1.220959</vAcc></extensions></trkpt>
      <trkpt lon="-82.146294" lat="33.556585"><ele>81.200783</ele><time>2025-08-12T14:04:16Z</time><extensions><speed>0.828913</speed><course>245.643681</course><hAcc>1.806075</hAcc><vAcc>1.217662</vAcc></extensions></trkpt>
      <trkpt lon="-82.146302" lat="33.556582"><ele>81.247763</ele><time>2025-08-12T14:04:17Z</time><extensions><speed>0.758582</speed><course>244.963394</course><hAcc>1.772439</hAcc><vAcc>1.213868</vAcc></extensions></trkpt>
      <trkpt lon="-82.146310" lat="33.556579"><ele>81.307369</ele><time>2025-08-12T14:04:18Z</time><extensions><speed>0.793742</speed><course>243.603585</course><hAcc>1.749253</hAcc><vAcc>1.210736</vAcc></extensions></trkpt>
      <trkpt lon="-82.146318" lat="33.556575"><ele>81.373620</ele><time>2025-08-12T14:04:19Z</time><extensions><speed>0.962799</speed><course>239.959535</course><hAcc>1.737141</hAcc><vAcc>1.205815</vAcc></extensions></trkpt>
      <trkpt lon="-82.146326" lat="33.556570"><ele>81.426920</ele><time>2025-08-12T14:04:20Z</time><extensions><speed>0.898727</speed><course>229.562084</course><hAcc>1.707404</hAcc><vAcc>1.200468</vAcc></extensions></trkpt>
      <trkpt lon="-82.146333" lat="33.556565"><ele>81.495746</ele><time>2025-08-12T14:04:21Z</time><extensions><speed>0.893192</speed><course>225.535921</course><hAcc>1.672095</hAcc><vAcc>1.195856</vAcc></extensions></trkpt>
      <trkpt lon="-82.146341" lat="33.556558"><ele>81.582711</ele><time>2025-08-12T14:04:22Z</time><extensions><speed>1.099405</speed><course>225.693399</course><hAcc>1.658017</hAcc><vAcc>1.192179</vAcc></extensions></trkpt>
      <trkpt lon="-82.146350" lat="33.556552"><ele>81.680306</ele><time>2025-08-12T14:04:23Z</time><extensions><speed>1.111289</speed><course>234.250097</course><hAcc>1.652318</hAcc><vAcc>1.188385</vAcc></extensions></trkpt>
      <trkpt lon="-82.146360" lat="33.556546"><ele>81.774400</ele><time>2025-08-12T14:04:24Z</time><extensions><speed>1.094150</speed><course>237.969023</course><hAcc>1.635501</hAcc><vAcc>1.187664</vAcc></extensions></trkpt>
      <trkpt lon="-82.146371" lat="33.556541"><ele>81.872623</ele><time>2025-08-12T14:04:25Z</time><extensions><speed>1.134548</speed><course>241.700386</course><hAcc>1.620186</hAcc><vAcc>1.184486</vAcc></extensions></trkpt>
      <trkpt lon="-82.146381" lat="33.556536"><ele>81.968213</ele><time>2025-08-12T14:04:26Z</time><extensions><speed>1.078320</speed><course>242.692032</course><hAcc>1.610814</hAcc><vAcc>1.181155</vAcc></extensions></trkpt>
      <trkpt lon="-82.146392" lat="33.556532"><ele>82.083552</ele><time>2025-08-12T14:04:27Z</time><extensions><speed>1.080657</speed><course>243.200537</course><hAcc>1.606409</hAcc><vAcc>1.177157</vAcc></extensions></trkpt>
      <trkpt lon="-82.146403" lat="33.556527"><ele>82.194778</ele><time>2025-08-12T14:04:28Z</time><extensions><speed>1.184850</speed><course>241.252095</course><hAcc>1.603593</hAcc><vAcc>1.175262</vAcc></extensions></trkpt>
      <trkpt lon="-82.146414" lat="33.556521"><ele>82.299755</ele><time>2025-08-12T14:04:29Z</time><extensions><speed>1.141699</speed><course>237.549171</course><hAcc>1.598242</hAcc><vAcc>1.176663</vAcc></extensions></trkpt>
      <trkpt lon="-82.146424" lat="33.556516"><ele>82.395942</ele><time>2025-08-12T14:04:30Z</time><extensions><speed>1.084700</speed><course>236.764204</course><hAcc>1.586253</hAcc><vAcc>1.173484</vAcc></extensions></trkpt>
      <trkpt lon="-82.146434" lat="33.556510"><ele>82.471115</ele><time>2025-08-12T14:04:31Z</time><extensions><speed>1.096778</speed><course>237.473696</course><hAcc>1.578091</hAcc><vAcc>1.168789</vAcc></extensions></trkpt>
      <trkpt lon="-82.146445" lat="33.556505"><ele>82.541375</ele><time>2025-08-12T14:04:32Z</time><extensions><speed>1.182690</speed><course>235.768084</course><hAcc>1.557144</hAcc><vAcc>1.165345</vAcc></extensions></trkpt>
      <trkpt lon="-82.146456" lat="33.556498"><ele>82.614059</ele><time>2025-08-12T14:04:33Z</time><extensions><speed>1.298830</speed><course>235.881303</course><hAcc>1.565556</hAcc><vAcc>1.159964</vAcc></extensions></trkpt>
      <trkpt lon="-82.146467" lat="33.556492"><ele>82.675649</ele><time>2025-08-12T14:04:34Z</time><extensions><speed>1.088675</speed><course>235.500407</course><hAcc>1.595210</hAcc><vAcc>1.157904</vAcc></extensions></trkpt>
      <trkpt lon="-82.146476" lat="33.556487"><ele>82.733485</ele><time>2025-08-12T14:04:35Z</time><extensions><speed>1.059670</speed><course>237.173140</course><hAcc>1.535546</hAcc><vAcc>1.153530</vAcc></extensions></trkpt>
      <trkpt lon="-82.146487" lat="33.556482"><ele>82.784054</ele><time>2025-08-12T14:04:36Z</time><extensions><speed>1.156124</speed><course>241.282824</course><hAcc>1.494879</hAcc><vAcc>1.150742</vAcc></extensions></trkpt>
      <trkpt lon="-82.146499" lat="33.556477"><ele>82.820847</ele><time>2025-08-12T14:04:37Z</time><extensions><speed>1.348783</speed><course>244.088176</course><hAcc>1.491985</hAcc><vAcc>1.149608</vAcc></extensions></trkpt>
      <trkpt lon="-82.146512" lat="33.556471"><ele>82.856135</ele><time>2025-08-12T14:04:38Z</time><extensions><speed>1.438256</speed><course>243.816005</course><hAcc>1.507906</hAcc><vAcc>1.148027</vAcc></extensions></trkpt>
      <trkpt lon="-82.146526" lat="33.556466"><ele>82.885006</ele><time>2025-08-12T14:04:39Z</time><extensions><speed>1.267520</speed><course>241.784350</course><hAcc>1.532698</hAcc><vAcc>1.145837</vAcc></extensions></trkpt>
      <trkpt lon="-82.146537" lat="33.556461"><ele>82.897047</ele><time>2025-08-12T14:04:40Z</time><extensions><speed>1.184050</speed><course>244.621831</course><hAcc>1.491518</hAcc><vAcc>1.145040</vAcc></extensions></trkpt>
      <trkpt lon="-82.146549" lat="33.556456"><ele>82.910636</ele><time>2025-08-12T14:04:41Z</time><extensions><speed>1.178907</speed><course>246.737313</course><hAcc>1.473025</hAcc><vAcc>1.144979</vAcc></extensions></trkpt>
      <trkpt lon="-82.146561" lat="33.556452"><ele>82.934143</ele><time>2025-08-12T14:04:42Z</time><extensions><speed>1.277090</speed><course>245.393908</course><hAcc>1.480953</hAcc><vAcc>1.143809</vAcc></extensions></trkpt>
      <trkpt lon="-82.146574" lat="33.556447"><ele>82.951635</ele><time>2025-08-12T14:04:43Z</time><extensions><speed>1.437109</speed><course>244.448608</course><hAcc>1.495273</hAcc><vAcc>1.141921</vAcc></extensions></trkpt>
      <trkpt lon="-82.146588" lat="33.556441"><ele>82.975122</ele><time>2025-08-12T14:04:45Z</time><extensions><speed>1.394332</speed><course>242.705526</course><hAcc>1.508149</hAcc><vAcc>1.140202</vAcc></extensions></trkpt>
      <trkpt lon="-82.146601" lat="33.556435"><ele>83.000243</ele><time>2025-08-12T14:04:46Z</time><extensions><speed>1.242786</speed><course>238.927894</course><hAcc>1.499422</hAcc><vAcc>1.140328</vAcc></extensions></trkpt>
      <trkpt lon="-82.146612" lat="33.556429"><ele>83.037424</ele><time>2025-08-12T14:04:47Z</time><extensions><speed>1.129339</speed><course>238.465753</course><hAcc>1.496680</hAcc><vAcc>1.139004</vAcc></extensions></trkpt>
      <trkpt lon="-82.146622" lat="33.556424"><ele>83.076776</ele><time>2025-08-12T14:04:48Z</time><extensions><speed>1.142701</speed><course>240.381533</course><hAcc>1.497248</hAcc><vAcc>1.140318</vAcc></extensions></trkpt>
      <trkpt lon="-82.146633" lat="33.556419"><ele>83.119640</ele><time>2025-08-12T14:04:49Z</time><extensions><speed>1.207193</speed><course>240.363126</course><hAcc>1.484924</hAcc><vAcc>1.139903</vAcc></extensions></trkpt>
      <trkpt lon="-82.146645" lat="33.556413"><ele>83.171188</ele><time>2025-08-12T14:04:50Z</time><extensions><speed>1.330797</speed><course>238.922208</course><hAcc>1.480958</hAcc><vAcc>1.139211</vAcc></extensions></trkpt>
      <trkpt lon="-82.146657" lat="33.556407"><ele>83.225505</ele><time>2025-08-12T14:04:51Z</time><extensions><speed>1.358580</speed><course>237.189840</course><hAcc>1.491545</hAcc><vAcc>1.136541</vAcc></extensions></trkpt>
      <trkpt lon="-82.146669" lat="33.556400"><ele>83.270723</ele><time>2025-08-12T14:04:52Z</time><extensions><speed>1.298652</speed><course>233.869072</course><hAcc>1.497541</hAcc><vAcc>1.137351</vAcc></extensions></trkpt>
      <trkpt lon="-82.146680" lat="33.556393"><ele>83.313238</ele><time>2025-08-12T14:04:53Z</time><extensions><speed>1.176809</speed><course>234.030456</course><hAcc>1.474008</hAcc><vAcc>1.138050</vAcc></extensions></trkpt>
      <trkpt lon="-82.146691" lat="33.556387"><ele>83.385078</ele><time>2025-08-12T14:04:54Z</time><extensions><speed>1.167116</speed><course>237.015388</course><hAcc>1.450263</hAcc><vAcc>1.135827</vAcc></extensions></trkpt>
      <trkpt lon="-82.146702" lat="33.556381"><ele>83.438937</ele><time>2025-08-12T14:04:55Z</time><extensions><speed>1.265261</speed><course>240.041244</course><hAcc>1.457211</hAcc><vAcc>1.131587</vAcc></extensions></trkpt>
      <trkpt lon="-82.146714" lat="33.556375"><ele>83.514354</ele><time>2025-08-12T14:04:56Z</time><extensions><speed>1.351743</speed><course>237.828029</course><hAcc>1.458923</hAcc><vAcc>1.127366</vAcc></extensions></trkpt>
      <trkpt lon="-82.146726" lat="33.556368"><ele>83.599693</ele><time>2025-08-12T14:04:57Z</time><extensions><speed>1.369114</speed><course>232.828542</course><hAcc>1.459146</hAcc><vAcc>1.121947</vAcc></extensions></trkpt>
      <trkpt lon="-82.146736" lat="33.556361"><ele>83.684035</ele><time>2025-08-12T14:04:58Z</time><extensions><speed>1.160062</speed><course>229.047513</course><hAcc>1.484969</hAcc><vAcc>1.119709</vAcc></extensions></trkpt>
      <trkpt lon="-82.146746" lat="33.556355"><ele>83.773581</ele><time>2025-08-12T14:04:59Z</time><extensions><speed>1.050867</speed><course>230.033796</course><hAcc>1.432870</hAcc><vAcc>1.118498</vAcc></extensions></trkpt>
      <trkpt lon="-82.146755" lat="33.556349"><ele>83.853110</ele><time>2025-08-12T14:05:00Z</time><extensions><speed>1.111596</speed><course>231.755655</course><hAcc>1.391906</hAcc><vAcc>1.119352</vAcc></extensions></trkpt>
      <trkpt lon="-82.146765" lat="33.556342"><ele>83.922380</ele><time>2025-08-12T14:05:01Z</time><extensions><speed>1.295263</speed><course>232.740384</course><hAcc>1.410560</hAcc><vAcc>1.120838</vAcc></extensions></trkpt>
      <trkpt lon="-82.146776" lat="33.556336"><ele>84.005938</ele><time>2025-08-12T14:05:02Z</time><extensions><speed>1.204225</speed><course>236.106162</course><hAcc>1.450473</hAcc><vAcc>1.122543</vAcc></extensions></trkpt>
      <trkpt lon="-82.146787" lat="33.556330"><ele>84.100842</ele><time>2025-08-12T14:05:03Z</time><extensions><speed>1.124775</speed><course>242.972823</course><hAcc>1.446479</hAcc><vAcc>1.124424</vAcc></extensions></trkpt>
      <trkpt lon="-82.146798" lat="33.556326"><ele>84.218124</ele><time>2025-08-12T14:05:04Z</time><extensions><speed>1.071112</speed><course>246.561324</course><hAcc>1.408549</hAcc><vAcc>1.128205</vAcc></extensions></trkpt>
      <trkpt lon="-82.146809" lat="33.556322"><ele>84.352430</ele><time>2025-08-12T14:05:05Z</time><extensions><speed>1.094516</speed><course>250.567878</course><hAcc>1.420195</hAcc><vAcc>1.131113</vAcc></extensions></trkpt>
      <trkpt lon="-82.146820" lat="33.556320"><ele>84.492839</ele><time>2025-08-12T14:05:06Z</time><extensions><speed>1.075628</speed><course>257.814069</course><hAcc>1.448151</hAcc><vAcc>1.138137</vAcc></extensions></trkpt>
      <trkpt lon="-82.146832" lat="33.556318"><ele>84.647478</ele><time>2025-08-12T14:05:07Z</time><extensions><speed>1.075075</speed><course>265.465298</course><hAcc>1.477868</hAcc><vAcc>1.146290</vAcc></extensions></trkpt>
      <trkpt lon="-82.146843" lat="33.556318"><ele>84.797448</ele><time>2025-08-12T14:05:08Z</time><extensions><speed>1.129815</speed><course>271.156614</course><hAcc>1.514470</hAcc><vAcc>1.157936</vAcc></extensions></trkpt>
      <trkpt lon="-82.146856" lat="33.556318"><ele>84.940324</ele><time>2025-08-12T14:05:09Z</time><extensions><speed>1.114653</speed><course>274.527877</course><hAcc>1.530680</hAcc><vAcc>1.168193</vAcc></extensions></trkpt>
      <trkpt lon="-82.146867" lat="33.556319"><ele>85.103671</ele><time>2025-08-12T14:05:10Z</time><extensions><speed>1.070729</speed><course>272.961255</course><hAcc>1.559779</hAcc><vAcc>1.178768</vAcc></extensions></trkpt>
      <trkpt lon="-82.146880" lat="33.556319"><ele>85.260566</ele><time>2025-08-12T14:05:11Z</time><extensions><speed>1.138555</speed><course>269.116963</course><hAcc>1.572892</hAcc><vAcc>1.192093</vAcc></extensions></trkpt>
      <trkpt lon="-82.146892" lat="33.556319"><ele>85.426352</ele><time>2025-08-12T14:05:12Z</time><extensions><speed>1.177210</speed><course>267.104319</course><hAcc>1.595893</hAcc><vAcc>1.206208</vAcc></extensions></trkpt>
      <trkpt lon="-82.146905" lat="33.556318"><ele>85.606658</ele><time>2025-08-12T14:05:13Z</time><extensions><speed>1.172495</speed><course>262.505662</course><hAcc>1.622747</hAcc><vAcc>1.219228</vAcc></extensions></trkpt>
      <trkpt lon="-82.146917" lat="33.556317"><ele>85.747658</ele><time>2025-08-12T14:05:14Z</time><extensions><speed>1.102830</speed><course>258.900268</course><hAcc>1.643836</hAcc><vAcc>1.229987</vAcc></extensions></trkpt>
      <trkpt lon="-82.146928" lat="33.556315"><ele>85.916576</ele><time>2025-08-12T14:05:15Z</time><extensions><speed>0.996396</speed><course>257.847092</course><hAcc>1.628300</hAcc><vAcc>1.236118</vAcc></extensions></trkpt>
      <trkpt lon="-82.146939" lat="33.556313"><ele>86.111723</ele><time>2025-08-12T14:05:16Z</time><extensions><speed>0.947845</speed><course>260.827854</course><hAcc>1.635245</hAcc><vAcc>1.245131</vAcc></extensions></trkpt>
      <trkpt lon="-82.146949" lat="33.556312"><ele>86.295310</ele><time>2025-08-12T14:05:17Z</time><extensions><speed>0.995696</speed><course>264.084196</course><hAcc>1.680300</hAcc><vAcc>1.255304</vAcc></extensions></trkpt>
      <trkpt lon="-82.146960" lat="33.556312"><ele>86.466258</ele><time>2025-08-12T14:05:18Z</time><extensions><speed>0.986454</speed><course>269.637648</course><hAcc>1.727603</hAcc><vAcc>1.259101</vAcc></extensions></trkpt>
      <trkpt lon="-82.146971" lat="33.556313"><ele>86.626971</ele><time>2025-08-12T14:05:19Z</time><extensions><speed>1.119570</speed><course>277.827984</course><hAcc>1.719856</hAcc><vAcc>1.260819</vAcc></extensions></trkpt>
      <trkpt lon="-82.146983" lat="33.556315"><ele>86.746463</ele><time>2025-08-12T14:05:20Z</time><extensions><speed>1.248748</speed><course>281.719076</course><hAcc>1.729345</hAcc><vAcc>1.262344</vAcc></extensions></trkpt>
      <trkpt lon="-82.146996" lat="33.556317"><ele>86.846087</ele><time>2025-08-12T14:05:21Z</time><extensions><speed>1.292866</speed><course>284.210272</course><hAcc>1.753202</hAcc><vAcc>1.256815</vAcc></extensions></trkpt>
      <trkpt lon="-82.147009" lat="33.556320"><ele>86.907705</ele><time>2025-08-12T14:05:22Z</time><extensions><speed>1.161969</speed><course>286.017250</course><hAcc>1.763604</hAcc><vAcc>1.248351</vAcc></extensions></trkpt>
      <trkpt lon="-82.147019" lat="33.556323"><ele>86.976374</ele><time>2025-08-12T14:05:23Z</time><extensions><speed>0.899183</speed><course>297.124679</course><hAcc>1.752738</hAcc><vAcc>1.233420</vAcc></extensions></trkpt>
      <trkpt lon="-82.147026" lat="33.556328"><ele>87.049858</ele><time>2025-08-12T14:05:24Z</time><extensions><speed>0.893016</speed><course>315.703609</course><hAcc>1.747050</hAcc><vAcc>1.220319</vAcc></extensions></trkpt>
      <trkpt lon="-82.147033" lat="33.556335"><ele>87.126313</ele><time>2025-08-12T14:05:25Z</time><extensions><speed>1.067885</speed><course>327.539049</course><hAcc>1.749072</hAcc><vAcc>1.210230</vAcc></extensions></trkpt>
      <trkpt lon="-82.147039" lat="33.556344"><ele>87.191389</ele><time>2025-08-12T14:05:26Z</time><extensions><speed>1.237033</speed><course>332.512643</course><hAcc>1.758059</hAcc><vAcc>1.199342</vAcc></extensions></trkpt>
      <trkpt lon="-82.147044" lat="33.556353"><ele>87.240607</ele><time>2025-08-12T14:05:27Z</time><extensions><speed>1.144335</speed><course>342.932694</course><hAcc>1.759282</hAcc><vAcc>1.186626</vAcc></extensions></trkpt>
      <trkpt lon="-82.147046" lat="33.556363"><ele>87.275219</ele><time>2025-08-12T14:05:28Z</time><extensions><speed>1.041489</speed><course>356.824353</course><hAcc>1.746257</hAcc><vAcc>1.173564</vAcc></extensions></trkpt>
      <trkpt lon="-82.147046" lat="33.556372"><ele>87.302291</ele><time>2025-08-12T14:05:29Z</time><extensions><speed>1.042767</speed><course>2.088194</course><hAcc>1.747195</hAcc><vAcc>1.159195</vAcc></extensions></trkpt>
      <trkpt lon="-82.147046" lat="33.556381"><ele>87.325533</ele><time>2025-08-12T14:05:30Z</time><extensions><speed>0.862363</speed><course>4.134421</course><hAcc>1.752941</hAcc><vAcc>1.145081</vAcc></extensions></trkpt>
      <trkpt lon="-82.147045" lat="33.556386"><ele>87.354630</ele><time>2025-08-12T14:05:31Z</time><extensions><speed>0.400682</speed><course>17.563032</course><hAcc>1.733171</hAcc><vAcc>1.130972</vAcc></extensions></trkpt>
      <trkpt lon="-82.147044" lat="33.556387"><ele>87.380626</ele><time>2025-08-12T14:05:32Z</time><extensions><speed>0.083696</speed><course>124.258230</course><hAcc>1.736682</hAcc><vAcc>1.117589</vAcc></extensions></trkpt>
      <trkpt lon="-82.147044" lat="33.556386"><ele>87.413896</ele><time>2025-08-12T14:05:33Z</time><extensions><speed>0.340700</speed><course>185.944665</course><hAcc>1.759673</hAcc><vAcc>1.106900</vAcc></extensions></trkpt>
      <trkpt lon="-82.147045" lat="33.556381"><ele>87.440280</ele><time>2025-08-12T14:05:34Z</time><extensions><speed>0.559968</speed><course>192.882360</course><hAcc>1.771385</hAcc><vAcc>1.097354</vAcc></extensions></trkpt>
      <trkpt lon="-82.147046" lat="33.556376"><ele>87.473310</ele><time>2025-08-12T14:05:35Z</time><extensions><speed>0.722207</speed><course>193.098828</course><hAcc>1.777786</hAcc><vAcc>1.089003</vAcc></extensions></trkpt>
      <trkpt lon="-82.147048" lat="33.556369"><ele>87.519251</ele><time>2025-08-12T14:05:36Z</time><extensions><speed>0.830012</speed><course>189.916582</course><hAcc>1.784434</hAcc><vAcc>1.081564</vAcc></extensions></trkpt>
      <trkpt lon="-82.147049" lat="33.556361"><ele>87.563834</ele><time>2025-08-12T14:05:37Z</time><extensions><speed>0.937208</speed><course>185.916470</course><hAcc>1.783957</hAcc><vAcc>1.076061</vAcc></extensions></trkpt>
      <trkpt lon="-82.147050" lat="33.556351"><ele>87.613046</ele><time>2025-08-12T14:05:38Z</time><extensions><speed>1.049138</speed><course>183.177428</course><hAcc>1.781546</hAcc><vAcc>1.072127</vAcc></extensions></trkpt>
      <trkpt lon="-82.147050" lat="33.556342"><ele>87.643462</ele><time>2025-08-12T14:05:39Z</time><extensions><speed>1.122284</speed><course>181.694548</course><hAcc>1.784683</hAcc><vAcc>1.070672</vAcc></extensions></trkpt>
      <trkpt lon="-82.147051" lat="33.556331"><ele>87.665675</ele><time>2025-08-12T14:05:40Z</time><extensions><speed>1.221750</speed><course>180.948351</course><hAcc>1.786697</hAcc><vAcc>1.069926</vAcc></extensions></trkpt>
      <trkpt lon="-82.147051" lat="33.556319"><ele>87.684090</ele><time>2025-08-12T14:05:41Z</time><extensions><speed>1.289487</speed><course>180.290235</course><hAcc>1.792258</hAcc><vAcc>1.070915</vAcc></extensions></trkpt>
      <trkpt lon="-82.147051" lat="33.556308"><ele>87.721157</ele><time>2025-08-12T14:05:42Z</time><extensions><speed>1.325143</speed><course>178.925284</course><hAcc>1.798486</hAcc><vAcc>1.072209</vAcc></extensions></trkpt>
      <trkpt lon="-82.147050" lat="33.556296"><ele>87.765813</ele><time>2025-08-12T14:05:43Z</time><extensions><speed>1.327011</speed><course>177.359997</course><hAcc>1.801857</hAcc><vAcc>1.075065</vAcc></extensions></trkpt>
      <trkpt lon="-82.147049" lat="33.556284"><ele>87.806531</ele><time>2025-08-12T14:05:44Z</time><extensions><speed>1.304353</speed><course>176.099472</course><hAcc>1.800228</hAcc><vAcc>1.079244</vAcc></extensions></trkpt>
      <trkpt lon="-82.147048" lat="33.556272"><ele>87.841568</ele><time>2025-08-12T14:05:45Z</time><extensions><speed>1.235901</speed><course>174.754679</course><hAcc>1.793474</hAcc><vAcc>1.084750</vAcc></extensions></trkpt>
      <trkpt lon="-82.147047" lat="33.556261"><ele>87.878449</ele><time>2025-08-12T14:05:46Z</time><extensions><speed>1.180965</speed><course>173.521934</course><hAcc>1.776680</hAcc><vAcc>1.090536</vAcc></extensions></trkpt>
      <trkpt lon="-82.147045" lat="33.556251"><ele>87.911963</ele><time>2025-08-12T14:05:47Z</time><extensions><speed>1.116004</speed><course>172.174679</course><hAcc>1.754162</hAcc><vAcc>1.096095</vAcc></extensions></trkpt>
      <trkpt lon="-82.147044" lat="33.556241"><ele>87.932500</ele><time>2025-08-12T14:05:48Z</time><extensions><speed>1.029744</speed><course>170.342610</course><hAcc>1.729254</hAcc><vAcc>1.101641</vAcc></extensions></trkpt>
      <trkpt lon="-82.147041" lat="33.556232"><ele>87.966277</ele><time>2025-08-12T14:05:49Z</time><extensions><speed>0.973636</speed><course>167.949585</course><hAcc>1.700938</hAcc><vAcc>1.105848</vAcc></extensions></trkpt>
      <trkpt lon="-82.147040" lat="33.556223"><ele>87.992558</ele><time>2025-08-12T14:05:50Z</time><extensions><speed>1.074673</speed><course>173.933762</course><hAcc>1.674444</hAcc><vAcc>1.108719</vAcc></extensions></trkpt>
      <trkpt lon="-82.147039" lat="33.556213"><ele>88.025880</ele><time>2025-08-12T14:05:51Z</time><extensions><speed>1.195790</speed><course>178.420540</course><hAcc>1.640916</hAcc><vAcc>1.111082</vAcc></extensions></trkpt>
      <trkpt lon="-82.147039" lat="33.556201"><ele>88.075508</ele><time>2025-08-12T14:05:52Z</time><extensions><speed>1.288848</speed><course>179.944477</course><hAcc>1.622748</hAcc><vAcc>1.111325</vAcc></extensions></trkpt>
      <trkpt lon="-82.147039" lat="33.556189"><ele>88.121260</ele><time>2025-08-12T14:05:53Z</time><extensions><speed>1.352253</speed><course>179.688527</course><hAcc>1.601935</hAcc><vAcc>1.110349</vAcc></extensions></trkpt>
      <trkpt lon="-82.147039" lat="33.556177"><ele>88.184195</ele><time>2025-08-12T14:05:54Z</time><extensions><speed>1.292507</speed><course>179.816653</course><hAcc>1.586116</hAcc><vAcc>1.108856</vAcc></extensions></trkpt>
      <trkpt lon="-82.147038" lat="33.556166"><ele>88.244680</ele><time>2025-08-12T14:05:55Z</time><extensions><speed>1.230603</speed><course>179.913866</course><hAcc>1.583389</hAcc><vAcc>1.104814</vAcc></extensions></trkpt>
      <trkpt lon="-82.147039" lat="33.556154"><ele>88.311538</ele><time>2025-08-12T14:05:56Z</time><extensions><speed>1.241535</speed><course>180.653651</course><hAcc>1.585227</hAcc><vAcc>1.099728</vAcc></extensions></trkpt>
      <trkpt lon="-82.147038" lat="33.556143"><ele>88.361578</ele><time>2025-08-12T14:05:57Z</time><extensions><speed>1.263324</speed><course>178.405529</course><hAcc>1.569989</hAcc><vAcc>1.096348</vAcc></extensions></trkpt>
      <trkpt lon="-82.147038" lat="33.556132"><ele>88.415719</ele><time>2025-08-12T14:05:58Z</time><extensions><speed>1.284172</speed><course>176.881209</course><hAcc>1.566797</hAcc><vAcc>1.091320</vAcc></extensions></trkpt>
      <trkpt lon="-82.147037" lat="33.556120"><ele>88.474455</ele><time>2025-08-12T14:05:59Z</time><extensions><speed>1.292700</speed><course>175.396712</course><hAcc>1.573230</hAcc><vAcc>1.084402</vAcc></extensions></trkpt>
      <trkpt lon="-82.147036" lat="33.556108"><ele>88.533739</ele><time>2025-08-12T14:06:00Z</time><extensions><speed>1.264817</speed><course>174.462124</course><hAcc>1.575829</hAcc><vAcc>1.076416</vAcc></extensions></trkpt>
      <trkpt lon="-82.147035" lat="33.556097"><ele>88.579770</ele><time>2025-08-12T14:06:01Z</time><extensions><speed>1.275070</speed><course>175.668813</course><hAcc>1.576603</hAcc><vAcc>1.068215</vAcc></extensions></trkpt>
      <trkpt lon="-82.147034" lat="33.556085"><ele>88.634432</ele><time>2025-08-12T14:06:02Z</time><extensions><speed>1.272716</speed><course>177.807148</course><hAcc>1.565883</hAcc><vAcc>1.060366</vAcc></extensions></trkpt>
      <trkpt lon="-82.147033" lat="33.556074"><ele>88.692540</ele><time>2025-08-12T14:06:03Z</time><extensions><speed>1.263331</speed><course>177.756887</course><hAcc>1.559476</hAcc><vAcc>1.053115</vAcc></extensions></trkpt>
      <trkpt lon="-82.147033" lat="33.556062"><ele>88.754258</ele><time>2025-08-12T14:06:04Z</time><extensions><speed>1.326166</speed><course>177.030081</course><hAcc>1.557903</hAcc><vAcc>1.044927</vAcc></extensions></trkpt>
      <trkpt lon="-82.147032" lat="33.556050"><ele>88.808210</ele><time>2025-08-12T14:06:05Z</time><extensions><speed>1.293927</speed><course>176.106971</course><hAcc>1.557158</hAcc><vAcc>1.036193</vAcc></extensions></trkpt>
      <trkpt lon="-82.147031" lat="33.556039"><ele>88.862560</ele><time>2025-08-12T14:06:06Z</time><extensions><speed>1.234146</speed><course>175.773715</course><hAcc>1.561098</hAcc><vAcc>1.029101</vAcc></extensions></trkpt>
      <trkpt lon="-82.147030" lat="33.556029"><ele>88.920681</ele><time>2025-08-12T14:06:07Z</time><extensions><speed>1.097502</speed><course>174.718456</course><hAcc>1.560375</hAcc><vAcc>1.023200</vAcc></extensions></trkpt>
      <trkpt lon="-82.147028" lat="33.556019"><ele>88.989857</ele><time>2025-08-12T14:06:08Z</time><extensions><speed>1.033204</speed><course>170.362666</course><hAcc>1.534551</hAcc><vAcc>1.018299</vAcc></extensions></trkpt>
      <trkpt lon="-82.147026" lat="33.556010"><ele>89.054851</ele><time>2025-08-12T14:06:09Z</time><extensions><speed>1.108223</speed><course>166.368610</course><hAcc>1.519868</hAcc><vAcc>1.012995</vAcc></extensions></trkpt>
      <trkpt lon="-82.147023" lat="33.555999"><ele>89.115513</ele><time>2025-08-12T14:06:10Z</time><extensions><speed>1.192025</speed><course>163.762974</course><hAcc>1.527533</hAcc><vAcc>1.007119</vAcc></extensions></trkpt>
      <trkpt lon="-82.147019" lat="33.555989"><ele>89.185880</ele><time>2025-08-12T14:06:11Z</time><extensions><speed>1.253262</speed><course>165.411235</course><hAcc>1.522933</hAcc><vAcc>1.002402</vAcc></extensions></trkpt>
      <trkpt lon="-82.147016" lat="33.555978"><ele>89.265912</ele><time>2025-08-12T14:06:12Z</time><extensions><speed>1.234894</speed><course>166.983795</course><hAcc>1.516628</hAcc><vAcc>0.997207</vAcc></extensions></trkpt>
      <trkpt lon="-82.147013" lat="33.555967"><ele>89.351652</ele><time>2025-08-12T14:06:13Z</time><extensions><speed>1.170127</speed><course>167.887085</course><hAcc>1.505020</hAcc><vAcc>0.992459</vAcc></extensions></trkpt>
      <trkpt lon="-82.147011" lat="33.555957"><ele>89.424715</ele><time>2025-08-12T14:06:14Z</time><extensions><speed>1.159381</speed><course>169.960667</course><hAcc>1.492898</hAcc><vAcc>0.988755</vAcc></extensions></trkpt>
      <trkpt lon="-82.147009" lat="33.555946"><ele>89.472997</ele><time>2025-08-12T14:06:15Z</time><extensions><speed>1.217515</speed><course>170.654442</course><hAcc>1.484752</hAcc><vAcc>0.985708</vAcc></extensions></trkpt>
      <trkpt lon="-82.147007" lat="33.555935"><ele>89.516265</ele><time>2025-08-12T14:06:16Z</time><extensions><speed>1.280296</speed><course>171.058073</course><hAcc>1.480064</hAcc><vAcc>0.983046</vAcc></extensions></trkpt>
      <trkpt lon="-82.147005" lat="33.555924"><ele>89.554354</ele><time>2025-08-12T14:06:17Z</time><extensions><speed>1.275419</speed><course>172.913326</course><hAcc>1.473904</hAcc><vAcc>0.980512</vAcc></extensions></trkpt>
      <trkpt lon="-82.147003" lat="33.555912"><ele>89.585628</ele><time>2025-08-12T14:06:18Z</time><extensions><speed>1.268427</speed><course>173.182480</course><hAcc>1.467847</hAcc><vAcc>0.977655</vAcc></extensions></trkpt>
      <trkpt lon="-82.147001" lat="33.555901"><ele>89.611532</ele><time>2025-08-12T14:06:19Z</time><extensions><speed>1.224448</speed><course>170.407713</course><hAcc>1.464894</hAcc><vAcc>0.974348</vAcc></extensions></trkpt>
      <trkpt lon="-82.146999" lat="33.555890"><ele>89.640237</ele><time>2025-08-12T14:06:20Z</time><extensions><speed>1.284064</speed><course>168.173562</course><hAcc>1.463238</hAcc><vAcc>0.969977</vAcc></extensions></trkpt>
      <trkpt lon="-82.146995" lat="33.555878"><ele>89.654121</ele><time>2025-08-12T14:06:21Z</time><extensions><speed>1.383498</speed><course>166.633749</course><hAcc>1.465636</hAcc><vAcc>0.966203</vAcc></extensions></trkpt>
      <trkpt lon="-82.146993" lat="33.555866"><ele>89.675230</ele><time>2025-08-12T14:06:22Z</time><extensions><speed>1.388046</speed><course>169.961268</course><hAcc>1.466981</hAcc><vAcc>0.962800</vAcc></extensions></trkpt>
      <trkpt lon="-82.146990" lat="33.555854"><ele>89.673463</ele><time>2025-08-12T14:06:23Z</time><extensions><speed>1.335845</speed><course>172.933687</course><hAcc>1.466748</hAcc><vAcc>0.959666</vAcc></extensions></trkpt>
      <trkpt lon="-82.146989" lat="33.555842"><ele>89.667869</ele><time>2025-08-12T14:06:24Z</time><extensions><speed>1.249013</speed><course>176.505492</course><hAcc>1.464555</hAcc><vAcc>0.956800</vAcc></extensions></trkpt>
      <trkpt lon="-82.146989" lat="33.555831"><ele>89.660929</ele><time>2025-08-12T14:06:25Z</time><extensions><speed>1.186185</speed><course>180.574743</course><hAcc>1.459506</hAcc><vAcc>0.953982</vAcc></extensions></trkpt>
      <trkpt lon="-82.146989" lat="33.555821"><ele>89.654070</ele><time>2025-08-12T14:06:26Z</time><extensions><speed>1.126004</speed><course>182.771259</course><hAcc>1.455483</hAcc><vAcc>0.952563</vAcc></extensions></trkpt>
      <trkpt lon="-82.146990" lat="33.555810"><ele>89.646658</ele><time>2025-08-12T14:06:27Z</time><extensions><speed>1.173366</speed><course>182.128614</course><hAcc>1.449811</hAcc><vAcc>0.951254</vAcc></extensions></trkpt>
      <trkpt lon="-82.146990" lat="33.555799"><ele>89.636335</ele><time>2025-08-12T14:06:28Z</time><extensions><speed>1.230743</speed><course>178.754793</course><hAcc>1.444211</hAcc><vAcc>0.949826</vAcc></extensions></trkpt>
      <trkpt lon="-82.146989" lat="33.555788"><ele>89.647012</ele><time>2025-08-12T14:06:29Z</time><extensions><speed>1.268378</speed><course>174.785839</course><hAcc>1.438523</hAcc><vAcc>0.949311</vAcc></extensions></trkpt>
      <trkpt lon="-82.146988" lat="33.555777"><ele>89.660836</ele><time>2025-08-12T14:06:30Z</time><extensions><speed>1.200005</speed><course>173.603933</course><hAcc>1.432345</hAcc><vAcc>0.949927</vAcc></extensions></trkpt>
      <trkpt lon="-82.146986" lat="33.555767"><ele>89.702621</ele><time>2025-08-12T14:06:31Z</time><extensions><speed>1.102886</speed><course>174.867300</course><hAcc>1.424582</hAcc><vAcc>0.951081</vAcc></extensions></trkpt>
      <trkpt lon="-82.146985" lat="33.555757"><ele>89.724344</ele><time>2025-08-12T14:06:32Z</time><extensions><speed>1.103390</speed><course>174.273765</course><hAcc>1.405989</hAcc><vAcc>0.953636</vAcc></extensions></trkpt>
      <trkpt lon="-82.146984" lat="33.555746"><ele>89.746565</ele><time>2025-08-12T14:06:33Z</time><extensions><speed>1.140076</speed><course>172.604863</course><hAcc>1.405904</hAcc><vAcc>0.956721</vAcc></extensions></trkpt>
      <trkpt lon="-82.146982" lat="33.555736"><ele>89.778437</ele><time>2025-08-12T14:06:34Z</time><extensions><speed>1.297740</speed><course>172.696444</course><hAcc>1.406194</hAcc><vAcc>0.960662</vAcc></extensions></trkpt>
      <trkpt lon="-82.146980" lat="33.555723"><ele>89.821056</ele><time>2025-08-12T14:06:35Z</time><extensions><speed>1.409338</speed><course>173.392569</course><hAcc>1.417805</hAcc><vAcc>0.963597</vAcc></extensions></trkpt>
      <trkpt lon="-82.146979" lat="33.555711"><ele>89.873341</ele><time>2025-08-12T14:06:36Z</time><extensions><speed>1.271469</speed><course>173.284754</course><hAcc>1.455573</hAcc><vAcc>0.966018</vAcc></extensions></trkpt>
      <trkpt lon="-82.146977" lat="33.555701"><ele>89.938495</ele><time>2025-08-12T14:06:37Z</time><extensions><speed>1.169765</speed><course>174.396589</course><hAcc>1.424170</hAcc><vAcc>0.968868</vAcc></extensions></trkpt>
      <trkpt lon="-82.146976" lat="33.555690"><ele>90.001417</ele><time>2025-08-12T14:06:38Z</time><extensions><speed>1.171073</speed><course>171.825724</course><hAcc>1.415578</hAcc><vAcc>0.971246</vAcc></extensions></trkpt>
      <trkpt lon="-82.146974" lat="33.555679"><ele>90.088445</ele><time>2025-08-12T14:06:39Z</time><extensions><speed>1.246185</speed><course>169.444387</course><hAcc>1.431233</hAcc><vAcc>0.972925</vAcc></extensions></trkpt>
      <trkpt lon="-82.146971" lat="33.555668"><ele>90.167100</ele><time>2025-08-12T14:06:40Z</time><extensions><speed>1.366228</speed><course>167.407251</course><hAcc>1.440800</hAcc><vAcc>0.975293</vAcc></extensions></trkpt>
      <trkpt lon="-82.146968" lat="33.555656"><ele>90.245710</ele><time>2025-08-12T14:06:41Z</time><extensions><speed>1.425387</speed><course>167.410560</course><hAcc>1.445200</hAcc><vAcc>0.977183</vAcc></extensions></trkpt>
      <trkpt lon="-82.146965" lat="33.555643"><ele>90.311116</ele><time>2025-08-12T14:06:42Z</time><extensions><speed>1.384297</speed><course>168.387519</course><hAcc>1.462057</hAcc><vAcc>0.978288</vAcc></extensions></trkpt>
      <trkpt lon="-82.146962" lat="33.555632"><ele>90.364538</ele><time>2025-08-12T14:06:43Z</time><extensions><speed>1.217171</speed><course>171.588780</course><hAcc>1.454491</hAcc><vAcc>0.978213</vAcc></extensions></trkpt>
      <trkpt lon="-82.146961" lat="33.555621"><ele>90.388968</ele><time>2025-08-12T14:06:44Z</time><extensions><speed>1.102963</speed><course>173.029075</course><hAcc>1.449006</hAcc><vAcc>0.976711</vAcc></extensions></trkpt>
      <trkpt lon="-82.146959" lat="33.555611"><ele>90.420181</ele><time>2025-08-12T14:06:45Z</time><extensions><speed>1.098906</speed><course>175.800485</course><hAcc>1.443793</hAcc><vAcc>0.974768</vAcc></extensions></trkpt>
      <trkpt lon="-82.146959" lat="33.555601"><ele>90.453903</ele><time>2025-08-12T14:06:46Z</time><extensions><speed>1.177366</speed><course>178.659167</course><hAcc>1.444270</hAcc><vAcc>0.972654</vAcc></extensions></trkpt>
      <trkpt lon="-82.146959" lat="33.555590"><ele>90.489510</ele><time>2025-08-12T14:06:47Z</time><extensions><speed>1.183580</speed><course>183.322032</course><hAcc>1.447012</hAcc><vAcc>0.971228</vAcc></extensions></trkpt>
      <trkpt lon="-82.146960" lat="33.555580"><ele>90.508572</ele><time>2025-08-12T14:06:48Z</time><extensions><speed>1.180193</speed><course>185.459806</course><hAcc>1.449401</hAcc><vAcc>0.970879</vAcc></extensions></trkpt>
      <trkpt lon="-82.146961" lat="33.555569"><ele>90.529254</ele><time>2025-08-12T14:06:49Z</time><extensions><speed>1.101934</speed><course>185.539567</course><hAcc>1.445384</hAcc><vAcc>0.970852</vAcc></extensions></trkpt>
      <trkpt lon="-82.146963" lat="33.555560"><ele>90.533829</ele><time>2025-08-12T14:06:50Z</time><extensions><speed>1.092342</speed><course>186.262278</course><hAcc>1.447194</hAcc><vAcc>0.970767</vAcc></extensions></trkpt>
      <trkpt lon="-82.146964" lat="33.555549"><ele>90.566035</ele><time>2025-08-12T14:06:51Z</time><extensions><speed>1.161979</speed><course>184.419643</course><hAcc>1.448377</hAcc><vAcc>0.970168</vAcc></extensions></trkpt>
      <trkpt lon="-82.146965" lat="33.555539"><ele>90.595953</ele><time>2025-08-12T14:06:52Z</time><extensions><speed>1.229015</speed><course>183.541092</course><hAcc>1.437050</hAcc><vAcc>0.969159</vAcc></extensions></trkpt>
      <trkpt lon="-82.146965" lat="33.555527"><ele>90.630413</ele><time>2025-08-12T14:06:53Z</time><extensions><speed>1.252108</speed><course>181.054266</course><hAcc>1.428002</hAcc><vAcc>0.969119</vAcc></extensions></trkpt>
      <trkpt lon="-82.146965" lat="33.555516"><ele>90.682885</ele><time>2025-08-12T14:06:54Z</time><extensions><speed>1.192242</speed><course>178.983206</course><hAcc>1.420610</hAcc><vAcc>0.968634</vAcc></extensions></trkpt>
      <trkpt lon="-82.146965" lat="33.555505"><ele>90.720481</ele><time>2025-08-12T14:06:55Z</time><extensions><speed>1.234312</speed><course>178.131293</course><hAcc>1.413165</hAcc><vAcc>0.968124</vAcc></extensions></trkpt>
      <trkpt lon="-82.146964" lat="33.555494"><ele>90.739649</ele><time>2025-08-12T14:06:56Z</time><extensions><speed>1.217185</speed><course>176.196618</course><hAcc>1.395637</hAcc><vAcc>0.968425</vAcc></extensions></trkpt>
      <trkpt lon="-82.146963" lat="33.555482"><ele>90.753601</ele><time>2025-08-12T14:06:57Z</time><extensions><speed>1.316713</speed><course>176.084012</course><hAcc>1.387586</hAcc><vAcc>0.968042</vAcc></extensions></trkpt>
      <trkpt lon="-82.146963" lat="33.555470"><ele>90.776410</ele><time>2025-08-12T14:06:58Z</time><extensions><speed>1.493503</speed><course>179.820073</course><hAcc>1.398854</hAcc><vAcc>0.966541</vAcc></extensions></trkpt>
      <trkpt lon="-82.146963" lat="33.555456"><ele>90.811654</ele><time>2025-08-12T14:06:59Z</time><extensions><speed>1.476581</speed><course>182.910268</course><hAcc>1.405477</hAcc><vAcc>0.965873</vAcc></extensions></trkpt>
      <trkpt lon="-82.146964" lat="33.555443"><ele>90.830125</ele><time>2025-08-12T14:07:00Z</time><extensions><speed>1.406438</speed><course>186.497877</course><hAcc>1.395743</hAcc><vAcc>0.964644</vAcc></extensions></trkpt>
      <trkpt lon="-82.146966" lat="33.555431"><ele>90.827765</ele><time>2025-08-12T14:07:01Z</time><extensions><speed>1.393334</speed><course>186.834525</course><hAcc>1.389474</hAcc><vAcc>0.963524</vAcc></extensions></trkpt>
      <trkpt lon="-82.146968" lat="33.555418"><ele>90.832979</ele><time>2025-08-12T14:07:02Z</time><extensions><speed>1.356518</speed><course>184.706904</course><hAcc>1.388090</hAcc><vAcc>0.962064</vAcc></extensions></trkpt>
      <trkpt lon="-82.146969" lat="33.555406"><ele>90.842048</ele><time>2025-08-12T14:07:03Z</time><extensions><speed>1.365192</speed><course>183.624588</course><hAcc>1.384119</hAcc><vAcc>0.960295</vAcc></extensions></trkpt>
      <trkpt lon="-82.146970" lat="33.555393"><ele>90.838460</ele><time>2025-08-12T14:07:04Z</time><extensions><speed>1.435236</speed><course>183.601936</course><hAcc>1.382506</hAcc><vAcc>0.958391</vAcc></extensions></trkpt>
      <trkpt lon="-82.146971" lat="33.555380"><ele>90.825665</ele><time>2025-08-12T14:07:05Z</time><extensions><speed>1.573341</speed><course>183.426232</course><hAcc>1.379729</hAcc><vAcc>0.956132</vAcc></extensions></trkpt>
      <trkpt lon="-82.146972" lat="33.555366"><ele>90.825362</ele><time>2025-08-12T14:07:06Z</time><extensions><speed>1.476720</speed><course>184.447873</course><hAcc>1.388765</hAcc><vAcc>0.953463</vAcc></extensions></trkpt>
      <trkpt lon="-82.146973" lat="33.555353"><ele>90.871528</ele><time>2025-08-12T14:07:07Z</time><extensions><speed>1.363026</speed><course>186.589366</course><hAcc>1.378200</hAcc><vAcc>0.948964</vAcc></extensions></trkpt>
      <trkpt lon="-82.146975" lat="33.555342"><ele>90.923238</ele><time>2025-08-12T14:07:08Z</time><extensions><speed>1.260291</speed><course>189.079331</course><hAcc>1.371037</hAcc><vAcc>0.946106</vAcc></extensions></trkpt>
      <trkpt lon="-82.146977" lat="33.555331"><ele>90.972790</ele><time>2025-08-12T14:07:09Z</time><extensions><speed>1.131494</speed><course>190.237674</course><hAcc>1.376054</hAcc><vAcc>0.943030</vAcc></extensions></trkpt>
      <trkpt lon="-82.146980" lat="33.555321"><ele>91.039176</ele><time>2025-08-12T14:07:10Z</time><extensions><speed>1.125244</speed><course>195.144722</course><hAcc>1.379525</hAcc><vAcc>0.939494</vAcc></extensions></trkpt>
      <trkpt lon="-82.146984" lat="33.555311"><ele>91.112091</ele><time>2025-08-12T14:07:11Z</time><extensions><speed>1.239159</speed><course>197.716505</course><hAcc>1.377819</hAcc><vAcc>0.936078</vAcc></extensions></trkpt>
      <trkpt lon="-82.146988" lat="33.555299"><ele>91.192442</ele><time>2025-08-12T14:07:12Z</time><extensions><speed>1.401617</speed><course>197.196620</course><hAcc>1.390367</hAcc><vAcc>0.932444</vAcc></extensions></trkpt>
      <trkpt lon="-82.146992" lat="33.555287"><ele>91.293214</ele><time>2025-08-12T14:07:13Z</time><extensions><speed>1.502358</speed><course>196.320862</course><hAcc>1.394706</hAcc><vAcc>0.928926</vAcc></extensions></trkpt>
      <trkpt lon="-82.146997" lat="33.555274"><ele>91.394738</ele><time>2025-08-12T14:07:14Z</time><extensions><speed>1.486834</speed><course>195.268402</course><hAcc>1.390501</hAcc><vAcc>0.925092</vAcc></extensions></trkpt>
      <trkpt lon="-82.147001" lat="33.555261"><ele>91.474404</ele><time>2025-08-12T14:07:15Z</time><extensions><speed>1.427580</speed><course>193.418569</course><hAcc>1.378095</hAcc><vAcc>0.920806</vAcc></extensions></trkpt>
      <trkpt lon="-82.147004" lat="33.555248"><ele>91.541732</ele><time>2025-08-12T14:07:16Z</time><extensions><speed>1.505720</speed><course>192.324680</course><hAcc>1.375951</hAcc><vAcc>0.916909</vAcc></extensions></trkpt>
      <trkpt lon="-82.147008" lat="33.555235"><ele>91.594426</ele><time>2025-08-12T14:07:17Z</time><extensions><speed>1.501842</speed><course>192.771376</course><hAcc>1.379575</hAcc><vAcc>0.913897</vAcc></extensions></trkpt>
      <trkpt lon="-82.147012" lat="33.555222"><ele>91.640084</ele><time>2025-08-12T14:07:18Z</time><extensions><speed>1.390396</speed><course>193.493859</course><hAcc>1.411846</hAcc><vAcc>0.912008</vAcc></extensions></trkpt>
      <trkpt lon="-82.147015" lat="33.555210"><ele>91.679289</ele><time>2025-08-12T14:07:19Z</time><extensions><speed>1.402243</speed><course>195.893104</course><hAcc>1.390134</hAcc><vAcc>0.910178</vAcc></extensions></trkpt>
      <trkpt lon="-82.147019" lat="33.555198"><ele>91.713010</ele><time>2025-08-12T14:07:20Z</time><extensions><speed>1.368649</speed><course>195.163883</course><hAcc>1.387093</hAcc><vAcc>0.909861</vAcc></extensions></trkpt>
      <trkpt lon="-82.147023" lat="33.555186"><ele>91.723037</ele><time>2025-08-12T14:07:21Z</time><extensions><speed>1.305316</speed><course>194.527054</course><hAcc>1.397200</hAcc><vAcc>0.910263</vAcc></extensions></trkpt>
      <trkpt lon="-82.147027" lat="33.555175"><ele>91.711955</ele><time>2025-08-12T14:07:22Z</time><extensions><speed>1.285159</speed><course>195.694639</course><hAcc>1.409455</hAcc><vAcc>0.912021</vAcc></extensions></trkpt>
      <trkpt lon="-82.147031" lat="33.555164"><ele>91.692625</ele><time>2025-08-12T14:07:23Z</time><extensions><speed>1.263059</speed><course>199.093150</course><hAcc>1.418611</hAcc><vAcc>0.913878</vAcc></extensions></trkpt>
      <trkpt lon="-82.147036" lat="33.555153"><ele>91.654259</ele><time>2025-08-12T14:07:24Z</time><extensions><speed>1.214091</speed><course>203.612375</course><hAcc>1.419443</hAcc><vAcc>0.915972</vAcc></extensions></trkpt>
      <trkpt lon="-82.147042" lat="33.555143"><ele>91.598312</ele><time>2025-08-12T14:07:25Z</time><extensions><speed>1.231899</speed><course>209.878957</course><hAcc>1.412375</hAcc><vAcc>0.918102</vAcc></extensions></trkpt>
      <trkpt lon="-82.147049" lat="33.555134"><ele>91.533455</ele><time>2025-08-12T14:07:26Z</time><extensions><speed>1.330186</speed><course>214.076737</course><hAcc>1.416643</hAcc><vAcc>0.920919</vAcc></extensions></trkpt>
      <trkpt lon="-82.147057" lat="33.555123"><ele>91.468724</ele><time>2025-08-12T14:07:27Z</time><extensions><speed>1.462224</speed><course>212.894136</course><hAcc>1.426579</hAcc><vAcc>0.924032</vAcc></extensions></trkpt>
      <trkpt lon="-82.147065" lat="33.555112"><ele>91.398286</ele><time>2025-08-12T14:07:28Z</time><extensions><speed>1.485053</speed><course>207.480975</course><hAcc>1.431742</hAcc><vAcc>0.927979</vAcc></extensions></trkpt>
      <trkpt lon="-82.147072" lat="33.555100"><ele>91.319959</ele><time>2025-08-12T14:07:29Z</time><extensions><speed>1.383363</speed><course>201.602793</course><hAcc>1.424668</hAcc><vAcc>0.930247</vAcc></extensions></trkpt>
      <trkpt lon="-82.147077" lat="33.555088"><ele>91.244161</ele><time>2025-08-12T14:07:30Z</time><extensions><speed>1.401560</speed><course>199.589337</course><hAcc>1.417523</hAcc><vAcc>0.931124</vAcc></extensions></trkpt>
      <trkpt lon="-82.147082" lat="33.555076"><ele>91.166195</ele><time>2025-08-12T14:07:31Z</time><extensions><speed>1.383094</speed><course>200.147951</course><hAcc>1.415977</hAcc><vAcc>0.931561</vAcc></extensions></trkpt>
      <trkpt lon="-82.147087" lat="33.555065"><ele>91.107191</ele><time>2025-08-12T14:07:32Z</time><extensions><speed>1.324745</speed><course>201.074714</course><hAcc>1.410305</hAcc><vAcc>0.931113</vAcc></extensions></trkpt>
      <trkpt lon="-82.147093" lat="33.555053"><ele>91.040874</ele><time>2025-08-12T14:07:33Z</time><extensions><speed>1.412172</speed><course>202.836813</course><hAcc>1.406681</hAcc><vAcc>0.930138</vAcc></extensions></trkpt>
      <trkpt lon="-82.147098" lat="33.555041"><ele>90.984166</ele><time>2025-08-12T14:07:34Z</time><extensions><speed>1.461477</speed><course>202.637875</course><hAcc>1.401220</hAcc><vAcc>0.928725</vAcc></extensions></trkpt>
      <trkpt lon="-82.147104" lat="33.555029"><ele>90.942265</ele><time>2025-08-12T14:07:35Z</time><extensions><speed>1.479268</speed><course>202.058915</course><hAcc>1.397594</hAcc><vAcc>0.926827</vAcc></extensions></trkpt>
      <trkpt lon="-82.147110" lat="33.555016"><ele>90.906156</ele><time>2025-08-12T14:07:36Z</time><extensions><speed>1.487766</speed><course>200.654638</course><hAcc>1.395159</hAcc><vAcc>0.926464</vAcc></extensions></trkpt>
      <trkpt lon="-82.147116" lat="33.555004"><ele>90.872026</ele><time>2025-08-12T14:07:37Z</time><extensions><speed>1.500365</speed><course>197.205826</course><hAcc>1.403576</hAcc><vAcc>0.925960</vAcc></extensions></trkpt>
      <trkpt lon="-82.147120" lat="33.554991"><ele>90.850816</ele><time>2025-08-12T14:07:38Z</time><extensions><speed>1.458227</speed><course>191.661069</course><hAcc>1.423455</hAcc><vAcc>0.925085</vAcc></extensions></trkpt>
      <trkpt lon="-82.147122" lat="33.554978"><ele>90.829918</ele><time>2025-08-12T14:07:39Z</time><extensions><speed>1.346555</speed><course>184.515043</course><hAcc>1.408174</hAcc><vAcc>0.924554</vAcc></extensions></trkpt>
      <trkpt lon="-82.147122" lat="33.554967"><ele>90.828634</ele><time>2025-08-12T14:07:40Z</time><extensions><speed>1.248479</speed><course>177.979257</course><hAcc>1.399500</hAcc><vAcc>0.925617</vAcc></extensions></trkpt>
      <trkpt lon="-82.147121" lat="33.554955"><ele>90.833903</ele><time>2025-08-12T14:07:41Z</time><extensions><speed>1.308564</speed><course>174.443218</course><hAcc>1.392889</hAcc><vAcc>0.927658</vAcc></extensions></trkpt>
      <trkpt lon="-82.147120" lat="33.554943"><ele>90.859417</ele><time>2025-08-12T14:07:42Z</time><extensions><speed>1.404751</speed><course>175.023507</course><hAcc>1.395540</hAcc><vAcc>0.930869</vAcc></extensions></trkpt>
      <trkpt lon="-82.147119" lat="33.554930"><ele>90.898382</ele><time>2025-08-12T14:07:43Z</time><extensions><speed>1.511661</speed><course>174.372479</course><hAcc>1.387156</hAcc><vAcc>0.934378</vAcc></extensions></trkpt>
      <trkpt lon="-82.147118" lat="33.554916"><ele>90.944557</ele><time>2025-08-12T14:07:44Z</time><extensions><speed>1.527824</speed><course>177.466134</course><hAcc>1.378836</hAcc><vAcc>0.938180</vAcc></extensions></trkpt>
      <trkpt lon="-82.147118" lat="33.554902"><ele>91.010684</ele><time>2025-08-12T14:07:45Z</time><extensions><speed>1.496022</speed><course>182.746013</course><hAcc>1.385736</hAcc><vAcc>0.942391</vAcc></extensions></trkpt>
      <trkpt lon="-82.147119" lat="33.554889"><ele>91.092864</ele><time>2025-08-12T14:07:46Z</time><extensions><speed>1.440039</speed><course>187.427137</course><hAcc>1.408120</hAcc><vAcc>0.947091</vAcc></extensions></trkpt>
      <trkpt lon="-82.147122" lat="33.554877"><ele>91.173566</ele><time>2025-08-12T14:07:47Z</time><extensions><speed>1.351385</speed><course>193.715673</course><hAcc>1.384904</hAcc><vAcc>0.951133</vAcc></extensions></trkpt>
      <trkpt lon="-82.147126" lat="33.554866"><ele>91.261000</ele><time>2025-08-12T14:07:48Z</time><extensions><speed>1.209165</speed><course>199.918721</course><hAcc>1.384775</hAcc><vAcc>0.955196</vAcc></extensions></trkpt>
      <trkpt lon="-82.147131" lat="33.554856"><ele>91.355347</ele><time>2025-08-12T14:07:49Z</time><extensions><speed>1.157562</speed><course>205.001542</course><hAcc>1.396701</hAcc><vAcc>0.959320</vAcc></extensions></trkpt>
      <trkpt lon="-82.147137" lat="33.554846"><ele>91.444675</ele><time>2025-08-12T14:07:50Z</time><extensions><speed>1.221019</speed><course>209.181276</course><hAcc>1.403626</hAcc><vAcc>0.963838</vAcc></extensions></trkpt>
      <trkpt lon="-82.147143" lat="33.554837"><ele>91.533003</ele><time>2025-08-12T14:07:51Z</time><extensions><speed>1.237607</speed><course>212.443739</course><hAcc>1.408361</hAcc><vAcc>0.967912</vAcc></extensions></trkpt>
      <trkpt lon="-82.147151" lat="33.554827"><ele>91.615447</ele><time>2025-08-12T14:07:52Z</time><extensions><speed>1.229241</speed><course>214.271068</course><hAcc>1.411483</hAcc><vAcc>0.971408</vAcc></extensions></trkpt>
      <trkpt lon="-82.147158" lat="33.554818"><ele>91.695446</ele><time>2025-08-12T14:07:53Z</time><extensions><speed>1.243375</speed><course>213.643235</course><hAcc>1.412112</hAcc><vAcc>0.975557</vAcc></extensions></trkpt>
      <trkpt lon="-82.147165" lat="33.554809"><ele>91.786770</ele><time>2025-08-12T14:07:54Z</time><extensions><speed>1.245717</speed><course>211.464673</course><hAcc>1.413005</hAcc><vAcc>0.980148</vAcc></extensions></trkpt>
      <trkpt lon="-82.147172" lat="33.554799"><ele>91.864019</ele><time>2025-08-12T14:07:55Z</time><extensions><speed>1.287126</speed><course>210.441139</course><hAcc>1.412332</hAcc><vAcc>0.984617</vAcc></extensions></trkpt>
      <trkpt lon="-82.147180" lat="33.554788"><ele>91.955729</ele><time>2025-08-12T14:07:56Z</time><extensions><speed>1.384467</speed><course>210.814723</course><hAcc>1.419001</hAcc><vAcc>0.988597</vAcc></extensions></trkpt>
      <trkpt lon="-82.147187" lat="33.554778"><ele>92.023021</ele><time>2025-08-12T14:07:57Z</time><extensions><speed>1.385563</speed><course>210.641590</course><hAcc>1.434489</hAcc><vAcc>0.992405</vAcc></extensions></trkpt>
      <trkpt lon="-82.147195" lat="33.554767"><ele>92.074764</ele><time>2025-08-12T14:07:58Z</time><extensions><speed>1.387329</speed><course>210.836519</course><hAcc>1.443581</hAcc><vAcc>0.995665</vAcc></extensions></trkpt>
      <trkpt lon="-82.147203" lat="33.554756"><ele>92.106291</ele><time>2025-08-12T14:07:59Z</time><extensions><speed>1.368215</speed><course>212.021579</course><hAcc>1.452603</hAcc><vAcc>0.998822</vAcc></extensions></trkpt>
      <trkpt lon="-82.147211" lat="33.554747"><ele>92.137432</ele><time>2025-08-12T14:08:00Z</time><extensions><speed>1.230611</speed><course>214.667191</course><hAcc>1.462049</hAcc><vAcc>1.002170</vAcc></extensions></trkpt>
      <trkpt lon="-82.147218" lat="33.554738"><ele>92.163566</ele><time>2025-08-12T14:08:01Z</time><extensions><speed>1.189802</speed><course>218.361717</course><hAcc>1.469323</hAcc><vAcc>1.004014</vAcc></extensions></trkpt>
      <trkpt lon="-82.147227" lat="33.554729"><ele>92.173701</ele><time>2025-08-12T14:08:02Z</time><extensions><speed>1.206555</speed><course>220.590237</course><hAcc>1.473304</hAcc><vAcc>1.006481</vAcc></extensions></trkpt>
      <trkpt lon="-82.147235" lat="33.554721"><ele>92.194054</ele><time>2025-08-12T14:08:03Z</time><extensions><speed>1.259745</speed><course>219.894520</course><hAcc>1.475710</hAcc><vAcc>1.010172</vAcc></extensions></trkpt>
      <trkpt lon="-82.147244" lat="33.554712"><ele>92.208787</ele><time>2025-08-12T14:08:04Z</time><extensions><speed>1.323930</speed><course>218.697383</course><hAcc>1.478469</hAcc><vAcc>1.012363</vAcc></extensions></trkpt>
      <trkpt lon="-82.147253" lat="33.554703"><ele>92.198634</ele><time>2025-08-12T14:08:05Z</time><extensions><speed>1.287828</speed><course>220.175245</course><hAcc>1.478832</hAcc><vAcc>1.014474</vAcc></extensions></trkpt>
      <trkpt lon="-82.147262" lat="33.554694"><ele>92.175655</ele><time>2025-08-12T14:08:06Z</time><extensions><speed>1.240288</speed><course>220.497950</course><hAcc>1.467580</hAcc><vAcc>1.015479</vAcc></extensions></trkpt>
      <trkpt lon="-82.147271" lat="33.554686"><ele>92.148821</ele><time>2025-08-12T14:08:07Z</time><extensions><speed>1.145066</speed><course>225.241699</course><hAcc>1.450923</hAcc><vAcc>1.015751</vAcc></extensions></trkpt>
      <trkpt lon="-82.147280" lat="33.554679"><ele>92.117261</ele><time>2025-08-12T14:08:08Z</time><extensions><speed>1.193761</speed><course>227.045524</course><hAcc>1.459719</hAcc><vAcc>1.017564</vAcc></extensions></trkpt>
      <trkpt lon="-82.147290" lat="33.554671"><ele>92.083958</ele><time>2025-08-12T14:08:09Z</time><extensions><speed>1.321693</speed><course>227.089374</course><hAcc>1.463863</hAcc><vAcc>1.020690</vAcc></extensions></trkpt>
      <trkpt lon="-82.147300" lat="33.554663"><ele>92.036984</ele><time>2025-08-12T14:08:10Z</time><extensions><speed>1.328188</speed><course>226.772411</course><hAcc>1.455109</hAcc><vAcc>1.024268</vAcc></extensions></trkpt>
      <trkpt lon="-82.147310" lat="33.554655"><ele>92.001001</ele><time>2025-08-12T14:08:11Z</time><extensions><speed>1.322310</speed><course>226.692819</course><hAcc>1.454076</hAcc><vAcc>1.028082</vAcc></extensions></trkpt>
      <trkpt lon="-82.147321" lat="33.554647"><ele>91.965037</ele><time>2025-08-12T14:08:12Z</time><extensions><speed>1.250155</speed><course>228.443732</course><hAcc>1.459261</hAcc><vAcc>1.032097</vAcc></extensions></trkpt>
      <trkpt lon="-82.147331" lat="33.554640"><ele>91.941267</ele><time>2025-08-12T14:08:13Z</time><extensions><speed>1.186498</speed><course>228.994837</course><hAcc>1.467301</hAcc><vAcc>1.037192</vAcc></extensions></trkpt>
      <trkpt lon="-82.147340" lat="33.554633"><ele>91.922938</ele><time>2025-08-12T14:08:14Z</time><extensions><speed>1.166063</speed><course>227.393691</course><hAcc>1.480674</hAcc><vAcc>1.042896</vAcc></extensions></trkpt>
      <trkpt lon="-82.147349" lat="33.554626"><ele>91.915505</ele><time>2025-08-12T14:08:15Z</time><extensions><speed>1.108700</speed><course>227.117059</course><hAcc>1.498635</hAcc><vAcc>1.046319</vAcc></extensions></trkpt>
      <trkpt lon="-82.147358" lat="33.554619"><ele>91.909806</ele><time>2025-08-12T14:08:16Z</time><extensions><speed>1.134709</speed><course>229.252380</course><hAcc>1.510980</hAcc><vAcc>1.049443</vAcc></extensions></trkpt>
      <trkpt lon="-82.147368" lat="33.554613"><ele>91.896059</ele><time>2025-08-12T14:08:17Z</time><extensions><speed>1.082700</speed><course>232.198819</course><hAcc>1.512583</hAcc><vAcc>1.053424</vAcc></extensions></trkpt>
      <trkpt lon="-82.147377" lat="33.554607"><ele>91.878661</ele><time>2025-08-12T14:08:18Z</time><extensions><speed>1.002078</speed><course>234.778020</course><hAcc>1.505158</hAcc><vAcc>1.058169</vAcc></extensions></trkpt>
      <trkpt lon="-82.147386" lat="33.554602"><ele>91.879900</ele><time>2025-08-12T14:08:19Z</time><extensions><speed>1.003495</speed><course>237.386410</course><hAcc>1.518942</hAcc><vAcc>1.063246</vAcc></extensions></trkpt>
      <trkpt lon="-82.147396" lat="33.554597"><ele>91.908314</ele><time>2025-08-12T14:08:20Z</time><extensions><speed>1.100587</speed><course>239.624966</course><hAcc>1.515040</hAcc><vAcc>1.066563</vAcc></extensions></trkpt>
      <trkpt lon="-82.147407" lat="33.554592"><ele>91.968167</ele><time>2025-08-12T14:08:21Z</time><extensions><speed>1.243132</speed><course>241.879345</course><hAcc>1.501816</hAcc><vAcc>1.069628</vAcc></extensions></trkpt>
      <trkpt lon="-82.147419" lat="33.554587"><ele>92.016476</ele><time>2025-08-12T14:08:22Z</time><extensions><speed>1.342884</speed><course>241.947051</course><hAcc>1.513554</hAcc><vAcc>1.071984</vAcc></extensions></trkpt>
      <trkpt lon="-82.147431" lat="33.554581"><ele>92.060541</ele><time>2025-08-12T14:08:23Z</time><extensions><speed>1.138094</speed><course>239.580332</course><hAcc>1.537816</hAcc><vAcc>1.072534</vAcc></extensions></trkpt>
      <trkpt lon="-82.147441" lat="33.554576"><ele>92.112165</ele><time>2025-08-12T14:08:24Z</time><extensions><speed>1.056304</speed><course>241.963539</course><hAcc>1.487126</hAcc><vAcc>1.074741</vAcc></extensions></trkpt>
      <trkpt lon="-82.147451" lat="33.554572"><ele>92.174202</ele><time>2025-08-12T14:08:25Z</time><extensions><speed>1.049654</speed><course>241.368998</course><hAcc>1.486636</hAcc><vAcc>1.076143</vAcc></extensions></trkpt>
      <trkpt lon="-82.147461" lat="33.554567"><ele>92.223614</ele><time>2025-08-12T14:08:26Z</time><extensions><speed>1.143705</speed><course>240.171438</course><hAcc>1.510427</hAcc><vAcc>1.076688</vAcc></extensions></trkpt>
      <trkpt lon="-82.147473" lat="33.554561"><ele>92.280825</ele><time>2025-08-12T14:08:27Z</time><extensions><speed>1.287595</speed><course>240.731409</course><hAcc>1.525774</hAcc><vAcc>1.076193</vAcc></extensions></trkpt>
      <trkpt lon="-82.147485" lat="33.554556"><ele>92.340033</ele><time>2025-08-12T14:08:28Z</time><extensions><speed>1.361343</speed><course>243.081956</course><hAcc>1.531631</hAcc><vAcc>1.076803</vAcc></extensions></trkpt>
      <trkpt lon="-82.147499" lat="33.554550"><ele>92.391241</ele><time>2025-08-12T14:08:29Z</time><extensions><speed>1.388556</speed><course>243.754371</course><hAcc>1.526158</hAcc><vAcc>1.079430</vAcc></extensions></trkpt>
      <trkpt lon="-82.147512" lat="33.554545"><ele>92.430721</ele><time>2025-08-12T14:08:30Z</time><extensions><speed>1.335483</speed><course>242.312372</course><hAcc>1.506826</hAcc><vAcc>1.080614</vAcc></extensions></trkpt>
      <trkpt lon="-82.147524" lat="33.554539"><ele>92.470259</ele><time>2025-08-12T14:08:31Z</time><extensions><speed>1.324870</speed><course>241.535715</course><hAcc>1.479550</hAcc><vAcc>1.080813</vAcc></extensions></trkpt>
      <trkpt lon="-82.147537" lat="33.554533"><ele>92.518292</ele><time>2025-08-12T14:08:32Z</time><extensions><speed>1.377556</speed><course>240.432441</course><hAcc>1.463679</hAcc><vAcc>1.081358</vAcc></extensions></trkpt>
      <trkpt lon="-82.147550" lat="33.554527"><ele>92.571362</ele><time>2025-08-12T14:08:33Z</time><extensions><speed>1.408779</speed><course>238.955783</course><hAcc>1.457846</hAcc><vAcc>1.083595</vAcc></extensions></trkpt>
      <trkpt lon="-82.147563" lat="33.554520"><ele>92.624982</ele><time>2025-08-12T14:08:34Z</time><extensions><speed>1.252752</speed><course>239.219592</course><hAcc>1.471851</hAcc><vAcc>1.085569</vAcc></extensions></trkpt>
      <trkpt lon="-82.147574" lat="33.554515"><ele>92.677522</ele><time>2025-08-12T14:08:35Z</time><extensions><speed>1.093779</speed><course>243.426533</course><hAcc>1.431076</hAcc><vAcc>1.088036</vAcc></extensions></trkpt>
      <trkpt lon="-82.147584" lat="33.554511"><ele>92.735853</ele><time>2025-08-12T14:08:36Z</time><extensions><speed>1.065535</speed><course>249.824320</course><hAcc>1.420930</hAcc><vAcc>1.090984</vAcc></extensions></trkpt>
      <trkpt lon="-82.147596" lat="33.554508"><ele>92.796257</ele><time>2025-08-12T14:08:37Z</time><extensions><speed>1.161632</speed><course>252.308858</course><hAcc>1.432908</hAcc><vAcc>1.095369</vAcc></extensions></trkpt>
      <trkpt lon="-82.147608" lat="33.554505"><ele>92.853350</ele><time>2025-08-12T14:08:38Z</time><extensions><speed>1.294216</speed><course>251.749250</course><hAcc>1.461661</hAcc><vAcc>1.099947</vAcc></extensions></trkpt>
      <trkpt lon="-82.147622" lat="33.554501"><ele>92.922850</ele><time>2025-08-12T14:08:39Z</time><extensions><speed>1.272796</speed><course>250.867385</course><hAcc>1.502374</hAcc><vAcc>1.104198</vAcc></extensions></trkpt>
      <trkpt lon="-82.147634" lat="33.554497"><ele>92.993335</ele><time>2025-08-12T14:08:40Z</time><extensions><speed>1.145139</speed><course>249.287688</course><hAcc>1.498921</hAcc><vAcc>1.107135</vAcc></extensions></trkpt>
      <trkpt lon="-82.147645" lat="33.554493"><ele>93.068181</ele><time>2025-08-12T14:08:41Z</time><extensions><speed>1.061219</speed><course>245.961948</course><hAcc>1.506408</hAcc><vAcc>1.107943</vAcc></extensions></trkpt>
      <trkpt lon="-82.147656" lat="33.554489"><ele>93.160701</ele><time>2025-08-12T14:08:42Z</time><extensions><speed>1.123997</speed><course>243.110756</course><hAcc>1.520110</hAcc><vAcc>1.108696</vAcc></extensions></trkpt>
      <trkpt lon="-82.147667" lat="33.554484"><ele>93.224743</ele><time>2025-08-12T14:08:43Z</time><extensions><speed>1.213832</speed><course>241.782373</course><hAcc>1.538869</hAcc><vAcc>1.129711</vAcc></extensions></trkpt>
      <trkpt lon="-82.147679" lat="33.554479"><ele>93.288755</ele><time>2025-08-12T14:08:44Z</time><extensions><speed>1.296789</speed><course>240.291308</course><hAcc>1.551613</hAcc><vAcc>1.157599</vAcc></extensions></trkpt>
      <trkpt lon="-82.147690" lat="33.554473"><ele>93.352817</ele><time>2025-08-12T14:08:45Z</time><extensions><speed>1.166777</speed><course>239.756347</course><hAcc>1.549702</hAcc><vAcc>1.193282</vAcc></extensions></trkpt>
      <trkpt lon="-82.147701" lat="33.554468"><ele>93.417280</ele><time>2025-08-12T14:08:46Z</time><extensions><speed>1.091116</speed><course>240.704973</course><hAcc>1.550439</hAcc><vAcc>1.238763</vAcc></extensions></trkpt>
      <trkpt lon="-82.147711" lat="33.554463"><ele>93.482079</ele><time>2025-08-12T14:08:47Z</time><extensions><speed>1.122262</speed><course>243.694465</course><hAcc>1.556802</hAcc><vAcc>1.294032</vAcc></extensions></trkpt>
      <trkpt lon="-82.147723" lat="33.554459"><ele>93.586486</ele><time>2025-08-12T14:08:48Z</time><extensions><speed>1.211312</speed><course>244.714953</course><hAcc>1.571911</hAcc><vAcc>1.325988</vAcc></extensions></trkpt>
      <trkpt lon="-82.147735" lat="33.554454"><ele>93.673717</ele><time>2025-08-12T14:08:49Z</time><extensions><speed>1.319548</speed><course>247.939219</course><hAcc>1.612064</hAcc><vAcc>1.386599</vAcc></extensions></trkpt>
      <trkpt lon="-82.147749" lat="33.554450"><ele>93.760756</ele><time>2025-08-12T14:08:50Z</time><extensions><speed>1.337974</speed><course>250.450059</course><hAcc>1.679883</hAcc><vAcc>1.462751</vAcc></extensions></trkpt>
      <trkpt lon="-82.147763" lat="33.554446"><ele>93.847596</ele><time>2025-08-12T14:08:51Z</time><extensions><speed>1.427678</speed><course>251.377666</course><hAcc>1.803996</hAcc><vAcc>1.553996</vAcc></extensions></trkpt>
      <trkpt lon="-82.147778" lat="33.554441"><ele>93.935359</ele><time>2025-08-12T14:08:52Z</time><extensions><speed>1.639789</speed><course>250.037528</course><hAcc>2.000598</hAcc><vAcc>1.661131</vAcc></extensions></trkpt>
      <trkpt lon="-82.147919" lat="33.554393"><ele>94.789285</ele><time>2025-08-12T14:09:02Z</time><extensions><speed>1.170121</speed><course>244.400874</course><hAcc>4.677261</hAcc><vAcc>2.036173</vAcc></extensions></trkpt>
      <trkpt lon="-82.147930" lat="33.554389"><ele>94.905990</ele><time>2025-08-12T14:09:03Z</time><extensions><speed>1.140197</speed><course>247.421747</course><hAcc>4.677045</hAcc><vAcc>2.027349</vAcc></extensions></trkpt>
      <trkpt lon="-82.147994" lat="33.554371"><ele>95.433491</ele><time>2025-08-12T14:09:09Z</time><extensions><speed>0.948353</speed><course>255.101783</course><hAcc>2.481270</hAcc><vAcc>1.766082</vAcc></extensions></trkpt>
      <trkpt lon="-82.148003" lat="33.554369"><ele>95.548754</ele><time>2025-08-12T14:09:10Z</time><extensions><speed>0.752480</speed><course>256.353938</course><hAcc>2.108340</hAcc><vAcc>1.627057</vAcc></extensions></trkpt>
      <trkpt lon="-82.148012" lat="33.554367"><ele>95.655795</ele><time>2025-08-12T14:09:11Z</time><extensions><speed>0.953102</speed><course>253.540859</course><hAcc>1.845982</hAcc><vAcc>1.505422</vAcc></extensions></trkpt>
      <trkpt lon="-82.148013" lat="33.554367"><ele>95.698819</ele><time>2025-08-12T14:09:11Z</time><extensions><speed>0.972096</speed><course>253.358360</course><hAcc>1.808955</hAcc><vAcc>1.475398</vAcc></extensions></trkpt>
      <trkpt lon="-82.148022" lat="33.554365"><ele>95.789005</ele><time>2025-08-12T14:09:12Z</time><extensions><speed>1.213862</speed><course>253.245391</course><hAcc>1.665705</hAcc><vAcc>1.391489</vAcc></extensions></trkpt>
      <trkpt lon="-82.148036" lat="33.554361"><ele>95.885351</ele><time>2025-08-12T14:09:13Z</time><extensions><speed>1.300246</speed><course>255.203211</course><hAcc>1.539286</hAcc><vAcc>1.303980</vAcc></extensions></trkpt>
      <trkpt lon="-82.148049" lat="33.554359"><ele>95.984485</ele><time>2025-08-12T14:09:14Z</time><extensions><speed>1.323257</speed><course>258.866519</course><hAcc>1.461429</hAcc><vAcc>1.229800</vAcc></extensions></trkpt>
      <trkpt lon="-82.148064" lat="33.554357"><ele>96.084659</ele><time>2025-08-12T14:09:15Z</time><extensions><speed>1.348558</speed><course>260.822668</course><hAcc>1.423374</hAcc><vAcc>1.168298</vAcc></extensions></trkpt>
      <trkpt lon="-82.148078" lat="33.554355"><ele>96.171366</ele><time>2025-08-12T14:09:16Z</time><extensions><speed>1.287533</speed><course>262.235188</course><hAcc>1.406993</hAcc><vAcc>1.118435</vAcc></extensions></trkpt>
      <trkpt lon="-82.148091" lat="33.554353"><ele>96.256611</ele><time>2025-08-12T14:09:17Z</time><extensions><speed>1.150134</speed><course>261.716678</course><hAcc>1.396970</hAcc><vAcc>1.078048</vAcc></extensions></trkpt>
      <trkpt lon="-82.148103" lat="33.554352"><ele>96.323112</ele><time>2025-08-12T14:09:18Z</time><extensions><speed>1.076424</speed><course>261.961291</course><hAcc>1.389534</hAcc><vAcc>1.046270</vAcc></extensions></trkpt>
      <trkpt lon="-82.148114" lat="33.554351"><ele>96.386012</ele><time>2025-08-12T14:09:19Z</time><extensions><speed>1.077166</speed><course>263.004547</course><hAcc>1.376392</hAcc><vAcc>1.023180</vAcc></extensions></trkpt>
      <trkpt lon="-82.148126" lat="33.554350"><ele>96.449924</ele><time>2025-08-12T14:09:20Z</time><extensions><speed>1.162616</speed><course>263.746127</course><hAcc>1.386327</hAcc><vAcc>1.006155</vAcc></extensions></trkpt>
      <trkpt lon="-82.148139" lat="33.554348"><ele>96.509123</ele><time>2025-08-12T14:09:21Z</time><extensions><speed>1.253147</speed><course>263.837536</course><hAcc>1.381664</hAcc><vAcc>0.993514</vAcc></extensions></trkpt>
      <trkpt lon="-82.148153" lat="33.554347"><ele>96.559943</ele><time>2025-08-12T14:09:22Z</time><extensions><speed>1.314294</speed><course>261.535034</course><hAcc>1.368927</hAcc><vAcc>0.984494</vAcc></extensions></trkpt>
      <trkpt lon="-82.148166" lat="33.554345"><ele>96.597645</ele><time>2025-08-12T14:09:23Z</time><extensions><speed>1.264673</speed><course>256.478619</course><hAcc>1.358816</hAcc><vAcc>0.977579</vAcc></extensions></trkpt>
      <trkpt lon="-82.148179" lat="33.554342"><ele>96.622029</ele><time>2025-08-12T14:09:24Z</time><extensions><speed>1.123367</speed><course>251.937852</course><hAcc>1.346132</hAcc><vAcc>0.972400</vAcc></extensions></trkpt>
      <trkpt lon="-82.148190" lat="33.554338"><ele>96.646189</ele><time>2025-08-12T14:09:25Z</time><extensions><speed>1.154351</speed><course>251.908097</course><hAcc>1.323520</hAcc><vAcc>0.968232</vAcc></extensions></trkpt>
      <trkpt lon="-82.148202" lat="33.554335"><ele>96.674251</ele><time>2025-08-12T14:09:26Z</time><extensions><speed>1.196432</speed><course>254.048979</course><hAcc>1.326600</hAcc><vAcc>0.963861</vAcc></extensions></trkpt>
      <trkpt lon="-82.148215" lat="33.554332"><ele>96.713442</ele><time>2025-08-12T14:09:27Z</time><extensions><speed>1.251246</speed><course>254.128537</course><hAcc>1.314713</hAcc><vAcc>0.960506</vAcc></extensions></trkpt>
      <trkpt lon="-82.148228" lat="33.554329"><ele>96.735061</ele><time>2025-08-12T14:09:28Z</time><extensions><speed>1.252253</speed><course>253.482682</course><hAcc>1.316253</hAcc><vAcc>0.956287</vAcc></extensions></trkpt>
      <trkpt lon="-82.148241" lat="33.554326"><ele>96.741638</ele><time>2025-08-12T14:09:29Z</time><extensions><speed>1.164128</speed><course>252.265720</course><hAcc>1.341196</hAcc><vAcc>0.952641</vAcc></extensions></trkpt>
      <trkpt lon="-82.148252" lat="33.554323"><ele>96.746916</ele><time>2025-08-12T14:09:30Z</time><extensions><speed>1.037794</speed><course>249.906963</course><hAcc>1.318792</hAcc><vAcc>0.948881</vAcc></extensions></trkpt>
      <trkpt lon="-82.148262" lat="33.554320"><ele>96.734084</ele><time>2025-08-12T14:09:31Z</time><extensions><speed>1.032513</speed><course>249.029202</course><hAcc>1.310368</hAcc><vAcc>0.945417</vAcc></extensions></trkpt>
      <trkpt lon="-82.148273" lat="33.554316"><ele>96.721201</ele><time>2025-08-12T14:09:32Z</time><extensions><speed>1.096340</speed><course>248.563371</course><hAcc>1.315880</hAcc><vAcc>0.941454</vAcc></extensions></trkpt>
      <trkpt lon="-82.148284" lat="33.554313"><ele>96.714678</ele><time>2025-08-12T14:09:33Z</time><extensions><speed>1.169122</speed><course>250.658205</course><hAcc>1.320035</hAcc><vAcc>0.937756</vAcc></extensions></trkpt>
      <trkpt lon="-82.148297" lat="33.554309"><ele>96.725785</ele><time>2025-08-12T14:09:34Z</time><extensions><speed>1.243147</speed><course>255.078877</course><hAcc>1.320829</hAcc><vAcc>0.934034</vAcc></extensions></trkpt>
      <trkpt lon="-82.148310" lat="33.554307"><ele>96.730808</ele><time>2025-08-12T14:09:35Z</time><extensions><speed>1.307886</speed><course>258.624423</course><hAcc>1.318654</hAcc><vAcc>0.930241</vAcc></extensions></trkpt>
      <trkpt lon="-82.148324" lat="33.554304"><ele>96.732204</ele><time>2025-08-12T14:09:36Z</time><extensions><speed>1.374094</speed><course>258.268289</course><hAcc>1.317503</hAcc><vAcc>0.927236</vAcc></extensions></trkpt>
      <trkpt lon="-82.148339" lat="33.554302"><ele>96.733416</ele><time>2025-08-12T14:09:37Z</time><extensions><speed>1.358864</speed><course>257.049515</course><hAcc>1.320157</hAcc><vAcc>0.924673</vAcc></extensions></trkpt>
      <trkpt lon="-82.148353" lat="33.554299"><ele>96.720610</ele><time>2025-08-12T14:09:38Z</time><extensions><speed>1.257507</speed><course>257.344769</course><hAcc>1.322733</hAcc><vAcc>0.922679</vAcc></extensions></trkpt>
      <trkpt lon="-82.148365" lat="33.554297"><ele>96.703533</ele><time>2025-08-12T14:09:39Z</time><extensions><speed>1.149758</speed><course>257.458330</course><hAcc>1.326719</hAcc><vAcc>0.921289</vAcc></extensions></trkpt>
      <trkpt lon="-82.148377" lat="33.554294"><ele>96.677083</ele><time>2025-08-12T14:09:40Z</time><extensions><speed>1.111978</speed><course>255.216384</course><hAcc>1.327234</hAcc><vAcc>0.920449</vAcc></extensions></trkpt>
      <trkpt lon="-82.148389" lat="33.554291"><ele>96.642498</ele><time>2025-08-12T14:09:41Z</time><extensions><speed>1.141989</speed><course>252.026131</course><hAcc>1.324559</hAcc><vAcc>0.919229</vAcc></extensions></trkpt>
      <trkpt lon="-82.148400" lat="33.554288"><ele>96.608607</ele><time>2025-08-12T14:09:42Z</time><extensions><speed>1.156550</speed><course>249.629169</course><hAcc>1.331756</hAcc><vAcc>0.918654</vAcc></extensions></trkpt>
      <trkpt lon="-82.148412" lat="33.554284"><ele>96.557048</ele><time>2025-08-12T14:09:43Z</time><extensions><speed>1.194129</speed><course>248.248004</course><hAcc>1.332859</hAcc><vAcc>0.918148</vAcc></extensions></trkpt>
      <trkpt lon="-82.148425" lat="33.554280"><ele>96.514601</ele><time>2025-08-12T14:09:44Z</time><extensions><speed>1.264564</speed><course>247.365824</course><hAcc>1.326200</hAcc><vAcc>0.917381</vAcc></extensions></trkpt>
      <trkpt lon="-82.148438" lat="33.554276"><ele>96.469876</ele><time>2025-08-12T14:09:45Z</time><extensions><speed>1.329355</speed><course>249.945359</course><hAcc>1.332557</hAcc><vAcc>0.916939</vAcc></extensions></trkpt>
      <trkpt lon="-82.148451" lat="33.554272"><ele>96.419675</ele><time>2025-08-12T14:09:46Z</time><extensions><speed>1.278450</speed><course>254.533758</course><hAcc>1.337949</hAcc><vAcc>0.915266</vAcc></extensions></trkpt>
      <trkpt lon="-82.148464" lat="33.554269"><ele>96.372969</ele><time>2025-08-12T14:09:47Z</time><extensions><speed>1.209414</speed><course>257.275826</course><hAcc>1.331427</hAcc><vAcc>0.913487</vAcc></extensions></trkpt>
      <trkpt lon="-82.148477" lat="33.554267"><ele>96.325766</ele><time>2025-08-12T14:09:48Z</time><extensions><speed>1.258206</speed><course>257.569193</course><hAcc>1.322838</hAcc><vAcc>0.911642</vAcc></extensions></trkpt>
      <trkpt lon="-82.148490" lat="33.554264"><ele>96.285101</ele><time>2025-08-12T14:09:49Z</time><extensions><speed>1.298250</speed><course>255.583107</course><hAcc>1.322288</hAcc><vAcc>0.908873</vAcc></extensions></trkpt>
      <trkpt lon="-82.148504" lat="33.554261"><ele>96.247505</ele><time>2025-08-12T14:09:50Z</time><extensions><speed>1.333670</speed><course>252.474615</course><hAcc>1.318376</hAcc><vAcc>0.905867</vAcc></extensions></trkpt>
      <trkpt lon="-82.148517" lat="33.554257"><ele>96.217953</ele><time>2025-08-12T14:09:51Z</time><extensions><speed>1.299256</speed><course>247.818762</course><hAcc>1.315155</hAcc><vAcc>0.902352</vAcc></extensions></trkpt>
      <trkpt lon="-82.148530" lat="33.554252"><ele>96.181520</ele><time>2025-08-12T14:09:52Z</time><extensions><speed>1.325002</speed><course>246.902760</course><hAcc>1.311764</hAcc><vAcc>0.899155</vAcc></extensions></trkpt>
      <trkpt lon="-82.148543" lat="33.554248"><ele>96.157410</ele><time>2025-08-12T14:09:53Z</time><extensions><speed>1.301027</speed><course>247.508563</course><hAcc>1.300513</hAcc><vAcc>0.895657</vAcc></extensions></trkpt>
      <trkpt lon="-82.148556" lat="33.554244"><ele>96.139336</ele><time>2025-08-12T14:09:54Z</time><extensions><speed>1.251744</speed><course>249.186477</course><hAcc>1.295613</hAcc><vAcc>0.891872</vAcc></extensions></trkpt>
      <trkpt lon="-82.148568" lat="33.554240"><ele>96.127425</ele><time>2025-08-12T14:09:55Z</time><extensions><speed>1.069614</speed><course>251.262189</course><hAcc>1.279437</hAcc><vAcc>0.888612</vAcc></extensions></trkpt>
      <trkpt lon="-82.148579" lat="33.554237"><ele>96.124107</ele><time>2025-08-12T14:09:56Z</time><extensions><speed>1.102233</speed><course>255.708681</course><hAcc>1.278052</hAcc><vAcc>0.886103</vAcc></extensions></trkpt>
      <trkpt lon="-82.148591" lat="33.554235"><ele>96.125307</ele><time>2025-08-12T14:09:57Z</time><extensions><speed>1.182397</speed><course>258.919410</course><hAcc>1.272430</hAcc><vAcc>0.883838</vAcc></extensions></trkpt>
      <trkpt lon="-82.148604" lat="33.554233"><ele>96.132468</ele><time>2025-08-12T14:09:58Z</time><extensions><speed>1.251691</speed><course>260.424630</course><hAcc>1.259021</hAcc><vAcc>0.882534</vAcc></extensions></trkpt>
      <trkpt lon="-82.148618" lat="33.554231"><ele>96.130455</ele><time>2025-08-12T14:09:59Z</time><extensions><speed>1.259037</speed><course>263.233628</course><hAcc>1.248767</hAcc><vAcc>0.881940</vAcc></extensions></trkpt>
      <trkpt lon="-82.148630" lat="33.554230"><ele>96.126414</ele><time>2025-08-12T14:10:00Z</time><extensions><speed>1.149377</speed><course>266.094438</course><hAcc>1.244181</hAcc><vAcc>0.881639</vAcc></extensions></trkpt>
      <trkpt lon="-82.148642" lat="33.554230"><ele>96.129014</ele><time>2025-08-12T14:10:01Z</time><extensions><speed>1.050020</speed><course>264.348821</course><hAcc>1.242068</hAcc><vAcc>0.882205</vAcc></extensions></trkpt>
      <trkpt lon="-82.148653" lat="33.554228"><ele>96.123500</ele><time>2025-08-12T14:10:02Z</time><extensions><speed>1.038256</speed><course>260.316990</course><hAcc>1.243062</hAcc><vAcc>0.882869</vAcc></extensions></trkpt>
      <trkpt lon="-82.148665" lat="33.554226"><ele>96.109022</ele><time>2025-08-12T14:10:03Z</time><extensions><speed>1.106830</speed><course>258.228939</course><hAcc>1.244106</hAcc><vAcc>0.883558</vAcc></extensions></trkpt>
      <trkpt lon="-82.148677" lat="33.554224"><ele>96.089801</ele><time>2025-08-12T14:10:04Z</time><extensions><speed>1.183661</speed><course>256.756160</course><hAcc>1.248106</hAcc><vAcc>0.885661</vAcc></extensions></trkpt>
      <trkpt lon="-82.148689" lat="33.554222"><ele>96.083383</ele><time>2025-08-12T14:10:05Z</time><extensions><speed>1.129859</speed><course>253.127212</course><hAcc>1.252726</hAcc><vAcc>0.888291</vAcc></extensions></trkpt>
      <trkpt lon="-82.148701" lat="33.554218"><ele>96.095094</ele><time>2025-08-12T14:10:06Z</time><extensions><speed>1.169372</speed><course>250.322507</course><hAcc>1.259386</hAcc><vAcc>0.890890</vAcc></extensions></trkpt>
      <trkpt lon="-82.148713" lat="33.554215"><ele>96.095608</ele><time>2025-08-12T14:10:07Z</time><extensions><speed>1.246306</speed><course>250.892118</course><hAcc>1.264058</hAcc><vAcc>0.893925</vAcc></extensions></trkpt>
      <trkpt lon="-82.148726" lat="33.554211"><ele>96.084251</ele><time>2025-08-12T14:10:08Z</time><extensions><speed>1.303570</speed><course>253.501924</course><hAcc>1.272564</hAcc><vAcc>0.896836</vAcc></extensions></trkpt>
      <trkpt lon="-82.148740" lat="33.554208"><ele>96.082309</ele><time>2025-08-12T14:10:09Z</time><extensions><speed>1.317959</speed><course>255.306345</course><hAcc>1.280625</hAcc><vAcc>0.900670</vAcc></extensions></trkpt>
      <trkpt lon="-82.148753" lat="33.554205"><ele>96.096093</ele><time>2025-08-12T14:10:10Z</time><extensions><speed>1.307740</speed><course>256.161227</course><hAcc>1.284769</hAcc><vAcc>0.904693</vAcc></extensions></trkpt>
      <trkpt lon="-82.148767" lat="33.554202"><ele>96.099761</ele><time>2025-08-12T14:10:11Z</time><extensions><speed>1.218600</speed><course>256.713979</course><hAcc>1.289634</hAcc><vAcc>0.909139</vAcc></extensions></trkpt>
      <trkpt lon="-82.148779" lat="33.554200"><ele>96.117965</ele><time>2025-08-12T14:10:12Z</time><extensions><speed>1.172964</speed><course>255.636169</course><hAcc>1.294051</hAcc><vAcc>0.914032</vAcc></extensions></trkpt>
      <trkpt lon="-82.148792" lat="33.554197"><ele>96.137100</ele><time>2025-08-12T14:10:13Z</time><extensions><speed>1.251950</speed><course>254.764465</course><hAcc>1.299515</hAcc><vAcc>0.918907</vAcc></extensions></trkpt>
      <trkpt lon="-82.148805" lat="33.554194"><ele>96.161455</ele><time>2025-08-12T14:10:14Z</time><extensions><speed>1.351053</speed><course>252.914908</course><hAcc>1.310938</hAcc><vAcc>0.924620</vAcc></extensions></trkpt>
      <trkpt lon="-82.148820" lat="33.554190"><ele>96.210208</ele><time>2025-08-12T14:10:15Z</time><extensions><speed>1.420530</speed><course>251.674698</course><hAcc>1.326167</hAcc><vAcc>0.930756</vAcc></extensions></trkpt>
      <trkpt lon="-82.148834" lat="33.554186"><ele>96.271631</ele><time>2025-08-12T14:10:16Z</time><extensions><speed>1.412187</speed><course>252.753871</course><hAcc>1.335437</hAcc><vAcc>0.936752</vAcc></extensions></trkpt>
      <trkpt lon="-82.148848" lat="33.554182"><ele>96.336352</ele><time>2025-08-12T14:10:17Z</time><extensions><speed>1.256936</speed><course>253.827293</course><hAcc>1.351574</hAcc><vAcc>0.943481</vAcc></extensions></trkpt>
      <trkpt lon="-82.148861" lat="33.554180"><ele>96.394597</ele><time>2025-08-12T14:10:18Z</time><extensions><speed>1.193151</speed><course>256.653788</course><hAcc>1.361641</hAcc><vAcc>0.950310</vAcc></extensions></trkpt>
      <trkpt lon="-82.148874" lat="33.554177"><ele>96.464105</ele><time>2025-08-12T14:10:19Z</time><extensions><speed>1.273608</speed><course>258.773463</course><hAcc>1.375950</hAcc><vAcc>0.957158</vAcc></extensions></trkpt>
      <trkpt lon="-82.148887" lat="33.554175"><ele>96.518388</ele><time>2025-08-12T14:10:20Z</time><extensions><speed>1.262934</speed><course>261.165646</course><hAcc>1.382571</hAcc><vAcc>0.963275</vAcc></extensions></trkpt>
      <trkpt lon="-82.148901" lat="33.554173"><ele>96.560565</ele><time>2025-08-12T14:10:21Z</time><extensions><speed>1.251179</speed><course>259.634269</course><hAcc>1.383922</hAcc><vAcc>0.970326</vAcc></extensions></trkpt>
      <trkpt lon="-82.148914" lat="33.554171"><ele>96.589963</ele><time>2025-08-12T14:10:22Z</time><extensions><speed>1.258133</speed><course>255.418038</course><hAcc>1.387707</hAcc><vAcc>0.976388</vAcc></extensions></trkpt>
      <trkpt lon="-82.148927" lat="33.554168"><ele>96.626563</ele><time>2025-08-12T14:10:23Z</time><extensions><speed>1.342373</speed><course>252.691778</course><hAcc>1.391358</hAcc><vAcc>0.982054</vAcc></extensions></trkpt>
      <trkpt lon="-82.148941" lat="33.554164"><ele>96.673269</ele><time>2025-08-12T14:10:24Z</time><extensions><speed>1.373658</speed><course>252.202367</course><hAcc>1.398410</hAcc><vAcc>0.986909</vAcc></extensions></trkpt>
      <trkpt lon="-82.148955" lat="33.554160"><ele>96.722816</ele><time>2025-08-12T14:10:25Z</time><extensions><speed>1.336546</speed><course>253.704598</course><hAcc>1.400005</hAcc><vAcc>0.991893</vAcc></extensions></trkpt>
      <trkpt lon="-82.148969" lat="33.554157"><ele>96.750758</ele><time>2025-08-12T14:10:26Z</time><extensions><speed>1.305972</speed><course>254.512458</course><hAcc>1.404077</hAcc><vAcc>0.996598</vAcc></extensions></trkpt>
      <trkpt lon="-82.148982" lat="33.554154"><ele>96.775116</ele><time>2025-08-12T14:10:27Z</time><extensions><speed>1.284858</speed><course>254.091434</course><hAcc>1.416651</hAcc><vAcc>1.001021</vAcc></extensions></trkpt>
      <trkpt lon="-82.148996" lat="33.554151"><ele>96.826180</ele><time>2025-08-12T14:10:28Z</time><extensions><speed>1.261413</speed><course>253.266421</course><hAcc>1.436939</hAcc><vAcc>1.004399</vAcc></extensions></trkpt>
      <trkpt lon="-82.149008" lat="33.554147"><ele>96.883494</ele><time>2025-08-12T14:10:29Z</time><extensions><speed>1.218843</speed><course>252.435888</course><hAcc>1.450680</hAcc><vAcc>1.007160</vAcc></extensions></trkpt>
      <trkpt lon="-82.149021" lat="33.554144"><ele>96.908625</ele><time>2025-08-12T14:10:30Z</time><extensions><speed>1.174752</speed><course>250.126701</course><hAcc>1.452976</hAcc><vAcc>1.009124</vAcc></extensions></trkpt>
      <trkpt lon="-82.149032" lat="33.554140"><ele>96.934820</ele><time>2025-08-12T14:10:31Z</time><extensions><speed>1.118022</speed><course>247.552423</course><hAcc>1.439430</hAcc><vAcc>1.011295</vAcc></extensions></trkpt>
      <trkpt lon="-82.149044" lat="33.554136"><ele>96.957788</ele><time>2025-08-12T14:10:32Z</time><extensions><speed>1.220082</speed><course>247.902252</course><hAcc>1.455411</hAcc><vAcc>1.013051</vAcc></extensions></trkpt>
      <trkpt lon="-82.149057" lat="33.554132"><ele>96.973647</ele><time>2025-08-12T14:10:33Z</time><extensions><speed>1.312168</speed><course>249.168232</course><hAcc>1.472327</hAcc><vAcc>1.014774</vAcc></extensions></trkpt>
      <trkpt lon="-82.149070" lat="33.554128"><ele>96.990596</ele><time>2025-08-12T14:10:34Z</time><extensions><speed>1.346261</speed><course>249.762495</course><hAcc>1.468623</hAcc><vAcc>1.016615</vAcc></extensions></trkpt>
      <trkpt lon="-82.149084" lat="33.554124"><ele>96.991641</ele><time>2025-08-12T14:10:35Z</time><extensions><speed>1.315709</speed><course>250.407927</course><hAcc>1.460200</hAcc><vAcc>1.017469</vAcc></extensions></trkpt>
      <trkpt lon="-82.149098" lat="33.554120"><ele>96.998857</ele><time>2025-08-12T14:10:36Z</time><extensions><speed>1.376188</speed><course>252.794052</course><hAcc>1.455225</hAcc><vAcc>1.017832</vAcc></extensions></trkpt>
      <trkpt lon="-82.149112" lat="33.554117"><ele>97.014002</ele><time>2025-08-12T14:10:37Z</time><extensions><speed>1.426168</speed><course>256.737040</course><hAcc>1.451812</hAcc><vAcc>1.019605</vAcc></extensions></trkpt>
      <trkpt lon="-82.149127" lat="33.554114"><ele>97.008740</ele><time>2025-08-12T14:10:38Z</time><extensions><speed>1.374438</speed><course>260.495610</course><hAcc>1.449513</hAcc><vAcc>1.020746</vAcc></extensions></trkpt>
      <trkpt lon="-82.149141" lat="33.554112"><ele>97.002653</ele><time>2025-08-12T14:10:39Z</time><extensions><speed>1.292040</speed><course>262.266016</course><hAcc>1.443105</hAcc><vAcc>1.021642</vAcc></extensions></trkpt>
      <trkpt lon="-82.149155" lat="33.554110"><ele>96.982558</ele><time>2025-08-12T14:10:40Z</time><extensions><speed>1.264337</speed><course>259.164700</course><hAcc>1.444138</hAcc><vAcc>1.022014</vAcc></extensions></trkpt>
      <trkpt lon="-82.149169" lat="33.554108"><ele>96.954122</ele><time>2025-08-12T14:10:41Z</time><extensions><speed>1.400894</speed><course>255.225023</course><hAcc>1.456284</hAcc><vAcc>1.021839</vAcc></extensions></trkpt>
      <trkpt lon="-82.149184" lat="33.554104"><ele>96.917118</ele><time>2025-08-12T14:10:42Z</time><extensions><speed>1.508218</speed><course>253.038164</course><hAcc>1.463379</hAcc><vAcc>1.021390</vAcc></extensions></trkpt>
      <trkpt lon="-82.149200" lat="33.554100"><ele>96.902660</ele><time>2025-08-12T14:10:43Z</time><extensions><speed>1.561326</speed><course>253.678204</course><hAcc>1.466498</hAcc><vAcc>1.023274</vAcc></extensions></trkpt>
      <trkpt lon="-82.149216" lat="33.554096"><ele>96.880142</ele><time>2025-08-12T14:10:44Z</time><extensions><speed>1.589752</speed><course>256.222649</course><hAcc>1.471384</hAcc><vAcc>1.025468</vAcc></extensions></trkpt>
      <trkpt lon="-82.149233" lat="33.554093"><ele>96.852923</ele><time>2025-08-12T14:10:45Z</time><extensions><speed>1.549820</speed><course>260.280099</course><hAcc>1.474578</hAcc><vAcc>1.027708</vAcc></extensions></trkpt>
      <trkpt lon="-82.149249" lat="33.554091"><ele>96.841635</ele><time>2025-08-12T14:10:46Z</time><extensions><speed>1.399722</speed><course>261.662983</course><hAcc>1.475179</hAcc><vAcc>1.029967</vAcc></extensions></trkpt>
      <trkpt lon="-82.149263" lat="33.554089"><ele>96.820474</ele><time>2025-08-12T14:10:47Z</time><extensions><speed>1.278164</speed><course>256.715485</course><hAcc>1.474489</hAcc><vAcc>1.032590</vAcc></extensions></trkpt>
      <trkpt lon="-82.149276" lat="33.554086"><ele>96.790595</ele><time>2025-08-12T14:10:48Z</time><extensions><speed>1.279035</speed><course>252.685036</course><hAcc>1.475080</hAcc><vAcc>1.034826</vAcc></extensions></trkpt>
      <trkpt lon="-82.149289" lat="33.554082"><ele>96.762167</ele><time>2025-08-12T14:10:49Z</time><extensions><speed>1.323467</speed><course>249.181817</course><hAcc>1.475439</hAcc><vAcc>1.036690</vAcc></extensions></trkpt>
      <trkpt lon="-82.149303" lat="33.554078"><ele>96.760764</ele><time>2025-08-12T14:10:50Z</time><extensions><speed>1.394355</speed><course>248.476707</course><hAcc>1.477227</hAcc><vAcc>1.037930</vAcc></extensions></trkpt>
      <trkpt lon="-82.149317" lat="33.554073"><ele>96.767394</ele><time>2025-08-12T14:10:51Z</time><extensions><speed>1.426561</speed><course>249.885464</course><hAcc>1.480447</hAcc><vAcc>1.039493</vAcc></extensions></trkpt>
      <trkpt lon="-82.149332" lat="33.554069"><ele>96.765023</ele><time>2025-08-12T14:10:52Z</time><extensions><speed>1.419289</speed><course>252.165878</course><hAcc>1.485993</hAcc><vAcc>1.039882</vAcc></extensions></trkpt>
      <trkpt lon="-82.149346" lat="33.554065"><ele>96.758512</ele><time>2025-08-12T14:10:53Z</time><extensions><speed>1.309990</speed><course>249.410317</course><hAcc>1.492148</hAcc><vAcc>1.040660</vAcc></extensions></trkpt>
      <trkpt lon="-82.149359" lat="33.554061"><ele>96.742803</ele><time>2025-08-12T14:10:54Z</time><extensions><speed>1.277675</speed><course>246.703686</course><hAcc>1.489780</hAcc><vAcc>1.041826</vAcc></extensions></trkpt>
      <trkpt lon="-82.149371" lat="33.554056"><ele>96.750204</ele><time>2025-08-12T14:10:55Z</time><extensions><speed>1.278478</speed><course>244.439801</course><hAcc>1.479246</hAcc><vAcc>1.041883</vAcc></extensions></trkpt>
      <trkpt lon="-82.149383" lat="33.554051"><ele>96.740884</ele><time>2025-08-12T14:10:56Z</time><extensions><speed>1.210142</speed><course>241.503740</course><hAcc>1.477764</hAcc><vAcc>1.040741</vAcc></extensions></trkpt>
      <trkpt lon="-82.149396" lat="33.554045"><ele>96.756128</ele><time>2025-08-12T14:10:57Z</time><extensions><speed>1.345502</speed><course>241.691865</course><hAcc>1.467461</hAcc><vAcc>1.039802</vAcc></extensions></trkpt>
      <trkpt lon="-82.149409" lat="33.554040"><ele>96.752059</ele><time>2025-08-12T14:10:58Z</time><extensions><speed>1.398362</speed><course>244.414949</course><hAcc>1.454552</hAcc><vAcc>1.038111</vAcc></extensions></trkpt>
      <trkpt lon="-82.149422" lat="33.554035"><ele>96.736664</ele><time>2025-08-12T14:10:59Z</time><extensions><speed>1.324191</speed><course>248.998259</course><hAcc>1.443360</hAcc><vAcc>1.033900</vAcc></extensions></trkpt>
      <trkpt lon="-82.149436" lat="33.554031"><ele>96.742836</ele><time>2025-08-12T14:11:00Z</time><extensions><speed>1.315594</speed><course>255.340741</course><hAcc>1.430847</hAcc><vAcc>1.029286</vAcc></extensions></trkpt>
      <trkpt lon="-82.149450" lat="33.554029"><ele>96.745663</ele><time>2025-08-12T14:11:01Z</time><extensions><speed>1.314599</speed><course>260.918847</course><hAcc>1.420424</hAcc><vAcc>1.025599</vAcc></extensions></trkpt>
      <trkpt lon="-82.149463" lat="33.554027"><ele>96.758423</ele><time>2025-08-12T14:11:02Z</time><extensions><speed>1.208463</speed><course>262.796789</course><hAcc>1.410073</hAcc><vAcc>1.020967</vAcc></extensions></trkpt>
      <trkpt lon="-82.149477" lat="33.554025"><ele>96.772996</ele><time>2025-08-12T14:11:03Z</time><extensions><speed>1.295411</speed><course>261.925898</course><hAcc>1.393356</hAcc><vAcc>1.015849</vAcc></extensions></trkpt>
      <trkpt lon="-82.149492" lat="33.554024"><ele>96.791253</ele><time>2025-08-12T14:11:04Z</time><extensions><speed>1.433881</speed><course>260.865111</course><hAcc>1.369118</hAcc><vAcc>1.010988</vAcc></extensions></trkpt>
      <trkpt lon="-82.149507" lat="33.554021"><ele>96.812720</ele><time>2025-08-12T14:11:05Z</time><extensions><speed>1.524177</speed><course>259.438457</course><hAcc>1.353463</hAcc><vAcc>1.006166</vAcc></extensions></trkpt>
      <trkpt lon="-82.149524" lat="33.554019"><ele>96.829915</ele><time>2025-08-12T14:11:06Z</time><extensions><speed>1.542424</speed><course>259.418444</course><hAcc>1.346883</hAcc><vAcc>1.001337</vAcc></extensions></trkpt>
      <trkpt lon="-82.149539" lat="33.554016"><ele>96.836544</ele><time>2025-08-12T14:11:07Z</time><extensions><speed>1.366248</speed><course>261.038401</course><hAcc>1.368378</hAcc><vAcc>0.996252</vAcc></extensions></trkpt>
      <trkpt lon="-82.149554" lat="33.554015"><ele>96.847051</ele><time>2025-08-12T14:11:08Z</time><extensions><speed>1.449864</speed><course>261.880367</course><hAcc>1.338951</hAcc><vAcc>0.991340</vAcc></extensions></trkpt>
      <trkpt lon="-82.149570" lat="33.554012"><ele>96.841464</ele><time>2025-08-12T14:11:09Z</time><extensions><speed>1.490771</speed><course>259.194477</course><hAcc>1.317368</hAcc><vAcc>0.987619</vAcc></extensions></trkpt>
      <trkpt lon="-82.149586" lat="33.554010"><ele>96.823784</ele><time>2025-08-12T14:11:10Z</time><extensions><speed>1.531347</speed><course>257.245000</course><hAcc>1.323586</hAcc><vAcc>0.984666</vAcc></extensions></trkpt>
      <trkpt lon="-82.149602" lat="33.554006"><ele>96.815792</ele><time>2025-08-12T14:11:11Z</time><extensions><speed>1.506724</speed><course>255.772222</course><hAcc>1.335340</hAcc><vAcc>0.981756</vAcc></extensions></trkpt>
      <trkpt lon="-82.149618" lat="33.554003"><ele>96.800001</ele><time>2025-08-12T14:11:12Z</time><extensions><speed>1.542437</speed><course>254.395996</course><hAcc>1.338491</hAcc><vAcc>0.979119</vAcc></extensions></trkpt>
      <trkpt lon="-82.149634" lat="33.553999"><ele>96.784069</ele><time>2025-08-12T14:11:13Z</time><extensions><speed>1.611826</speed><course>252.160007</course><hAcc>1.343530</hAcc><vAcc>0.976848</vAcc></extensions></trkpt>
      <trkpt lon="-82.149650" lat="33.553994"><ele>96.764963</ele><time>2025-08-12T14:11:14Z</time><extensions><speed>1.602021</speed><course>250.735628</course><hAcc>1.347258</hAcc><vAcc>0.974814</vAcc></extensions></trkpt>
      <trkpt lon="-82.149667" lat="33.553989"><ele>96.745609</ele><time>2025-08-12T14:11:15Z</time><extensions><speed>1.597560</speed><course>251.537960</course><hAcc>1.345860</hAcc><vAcc>0.972665</vAcc></extensions></trkpt>
      <trkpt lon="-82.149683" lat="33.553985"><ele>96.729286</ele><time>2025-08-12T14:11:16Z</time><extensions><speed>1.598255</speed><course>252.339464</course><hAcc>1.338277</hAcc><vAcc>0.970367</vAcc></extensions></trkpt>
      <trkpt lon="-82.149700" lat="33.553981"><ele>96.703145</ele><time>2025-08-12T14:11:17Z</time><extensions><speed>1.600248</speed><course>254.034667</course><hAcc>1.326152</hAcc><vAcc>0.968244</vAcc></extensions></trkpt>
      <trkpt lon="-82.149716" lat="33.553977"><ele>96.656910</ele><time>2025-08-12T14:11:18Z</time><extensions><speed>1.583854</speed><course>256.690696</course><hAcc>1.327706</hAcc><vAcc>0.966854</vAcc></extensions></trkpt>
      <trkpt lon="-82.149732" lat="33.553974"><ele>96.612419</ele><time>2025-08-12T14:11:19Z</time><extensions><speed>1.480333</speed><course>257.872152</course><hAcc>1.354607</hAcc><vAcc>0.964198</vAcc></extensions></trkpt>
      <trkpt lon="-82.149748" lat="33.553971"><ele>96.585877</ele><time>2025-08-12T14:11:20Z</time><extensions><speed>1.476776</speed><course>254.962786</course><hAcc>1.317091</hAcc><vAcc>0.960697</vAcc></extensions></trkpt>
      <trkpt lon="-82.149763" lat="33.553967"><ele>96.551028</ele><time>2025-08-12T14:11:21Z</time><extensions><speed>1.463854</speed><course>250.149314</course><hAcc>1.305548</hAcc><vAcc>0.957746</vAcc></extensions></trkpt>
      <trkpt lon="-82.149777" lat="33.553962"><ele>96.509908</ele><time>2025-08-12T14:11:22Z</time><extensions><speed>1.435011</speed><course>246.231692</course><hAcc>1.307715</hAcc><vAcc>0.954083</vAcc></extensions></trkpt>
      <trkpt lon="-82.149791" lat="33.553957"><ele>96.463818</ele><time>2025-08-12T14:11:23Z</time><extensions><speed>1.380852</speed><course>245.904400</course><hAcc>1.307781</hAcc><vAcc>0.950627</vAcc></extensions></trkpt>
      <trkpt lon="-82.149805" lat="33.553952"><ele>96.440810</ele><time>2025-08-12T14:11:24Z</time><extensions><speed>1.360250</speed><course>247.472910</course><hAcc>1.299768</hAcc><vAcc>0.947309</vAcc></extensions></trkpt>
      <trkpt lon="-82.149819" lat="33.553947"><ele>96.430724</ele><time>2025-08-12T14:11:25Z</time><extensions><speed>1.396424</speed><course>248.849337</course><hAcc>1.288570</hAcc><vAcc>0.944289</vAcc></extensions></trkpt>
      <trkpt lon="-82.149833" lat="33.553943"><ele>96.428601</ele><time>2025-08-12T14:11:26Z</time><extensions><speed>1.481562</speed><course>250.431422</course><hAcc>1.280413</hAcc><vAcc>0.941632</vAcc></extensions></trkpt>
      <trkpt lon="-82.149848" lat="33.553938"><ele>96.428524</ele><time>2025-08-12T14:11:27Z</time><extensions><speed>1.477107</speed><course>250.292298</course><hAcc>1.290614</hAcc><vAcc>0.939143</vAcc></extensions></trkpt>
      <trkpt lon="-82.149863" lat="33.553934"><ele>96.443596</ele><time>2025-08-12T14:11:28Z</time><extensions><speed>1.369209</speed><course>253.832009</course><hAcc>1.327658</hAcc><vAcc>0.937666</vAcc></extensions></trkpt>
      <trkpt lon="-82.149878" lat="33.553931"><ele>96.453871</ele><time>2025-08-12T14:11:29Z</time><extensions><speed>1.453648</speed><course>258.246063</course><hAcc>1.299702</hAcc><vAcc>0.936914</vAcc></extensions></trkpt>
      <trkpt lon="-82.149893" lat="33.553928"><ele>96.473843</ele><time>2025-08-12T14:11:30Z</time><extensions><speed>1.412814</speed><course>257.910742</course><hAcc>1.300409</hAcc><vAcc>0.936499</vAcc></extensions></trkpt>
      <trkpt lon="-82.149907" lat="33.553926"><ele>96.492580</ele><time>2025-08-12T14:11:31Z</time><extensions><speed>1.290559</speed><course>256.352318</course><hAcc>1.326465</hAcc><vAcc>0.936740</vAcc></extensions></trkpt>
      <trkpt lon="-82.149920" lat="33.553923"><ele>96.515347</ele><time>2025-08-12T14:11:32Z</time><extensions><speed>1.208611</speed><course>251.083104</course><hAcc>1.344153</hAcc><vAcc>0.938345</vAcc></extensions></trkpt>
      <trkpt lon="-82.149932" lat="33.553918"><ele>96.541396</ele><time>2025-08-12T14:11:33Z</time><extensions><speed>1.267782</speed><course>244.372847</course><hAcc>1.353931</hAcc><vAcc>0.941097</vAcc></extensions></trkpt>
      <trkpt lon="-82.149945" lat="33.553913"><ele>96.585683</ele><time>2025-08-12T14:11:34Z</time><extensions><speed>1.400100</speed><course>241.514876</course><hAcc>1.369048</hAcc><vAcc>0.944207</vAcc></extensions></trkpt>
      <trkpt lon="-82.149958" lat="33.553907"><ele>96.631818</ele><time>2025-08-12T14:11:35Z</time><extensions><speed>1.381766</speed><course>238.671488</course><hAcc>1.377097</hAcc><vAcc>0.948023</vAcc></extensions></trkpt>
      <trkpt lon="-82.149970" lat="33.553900"><ele>96.688332</ele><time>2025-08-12T14:11:36Z</time><extensions><speed>1.314106</speed><course>238.246728</course><hAcc>1.381319</hAcc><vAcc>0.951613</vAcc></extensions></trkpt>
      <trkpt lon="-82.149982" lat="33.553894"><ele>96.752231</ele><time>2025-08-12T14:11:37Z</time><extensions><speed>1.244714</speed><course>238.387921</course><hAcc>1.385893</hAcc><vAcc>0.955074</vAcc></extensions></trkpt>
      <trkpt lon="-82.149994" lat="33.553888"><ele>96.829646</ele><time>2025-08-12T14:11:38Z</time><extensions><speed>1.280105</speed><course>237.468660</course><hAcc>1.384491</hAcc><vAcc>0.957442</vAcc></extensions></trkpt>
      <trkpt lon="-82.150005" lat="33.553882"><ele>96.917248</ele><time>2025-08-12T14:11:39Z</time><extensions><speed>1.282311</speed><course>234.913377</course><hAcc>1.370956</hAcc><vAcc>0.958245</vAcc></extensions></trkpt>
      <trkpt lon="-82.150017" lat="33.553875"><ele>97.009399</ele><time>2025-08-12T14:11:40Z</time><extensions><speed>1.391676</speed><course>235.980774</course><hAcc>1.378268</hAcc><vAcc>0.958893</vAcc></extensions></trkpt>
      <trkpt lon="-82.150030" lat="33.553868"><ele>97.100473</ele><time>2025-08-12T14:11:41Z</time><extensions><speed>1.500057</speed><course>238.922503</course><hAcc>1.378570</hAcc><vAcc>0.959101</vAcc></extensions></trkpt>
      <trkpt lon="-82.150044" lat="33.553861"><ele>97.173466</ele><time>2025-08-12T14:11:42Z</time><extensions><speed>1.505630</speed><course>240.211353</course><hAcc>1.378324</hAcc><vAcc>0.959040</vAcc></extensions></trkpt>
      <trkpt lon="-82.150058" lat="33.553855"><ele>97.231037</ele><time>2025-08-12T14:11:43Z</time><extensions><speed>1.412851</speed><course>242.665171</course><hAcc>1.373911</hAcc><vAcc>0.959543</vAcc></extensions></trkpt>
      <trkpt lon="-82.150072" lat="33.553849"><ele>97.284195</ele><time>2025-08-12T14:11:44Z</time><extensions><speed>1.404824</speed><course>244.016432</course><hAcc>1.367524</hAcc><vAcc>0.959050</vAcc></extensions></trkpt>
      <trkpt lon="-82.150085" lat="33.553844"><ele>97.331360</ele><time>2025-08-12T14:11:45Z</time><extensions><speed>1.265883</speed><course>243.765902</course><hAcc>1.359278</hAcc><vAcc>0.957795</vAcc></extensions></trkpt>
      <trkpt lon="-82.150096" lat="33.553838"><ele>97.395236</ele><time>2025-08-12T14:11:46Z</time><extensions><speed>1.213544</speed><course>241.106406</course><hAcc>1.351548</hAcc><vAcc>0.955874</vAcc></extensions></trkpt>
      <trkpt lon="-82.150108" lat="33.553833"><ele>97.461783</ele><time>2025-08-12T14:11:47Z</time><extensions><speed>1.282585</speed><course>240.775777</course><hAcc>1.341424</hAcc><vAcc>0.954196</vAcc></extensions></trkpt>
      <trkpt lon="-82.150121" lat="33.553827"><ele>97.524207</ele><time>2025-08-12T14:11:48Z</time><extensions><speed>1.348465</speed><course>241.523770</course><hAcc>1.332353</hAcc><vAcc>0.951872</vAcc></extensions></trkpt>
      <trkpt lon="-82.150133" lat="33.553822"><ele>97.580713</ele><time>2025-08-12T14:11:49Z</time><extensions><speed>1.318493</speed><course>243.306137</course><hAcc>1.324956</hAcc><vAcc>0.949300</vAcc></extensions></trkpt>
      <trkpt lon="-82.150146" lat="33.553817"><ele>97.636720</ele><time>2025-08-12T14:11:50Z</time><extensions><speed>1.279475</speed><course>245.354796</course><hAcc>1.322878</hAcc><vAcc>0.946966</vAcc></extensions></trkpt>
      <trkpt lon="-82.150158" lat="33.553812"><ele>97.696970</ele><time>2025-08-12T14:11:51Z</time><extensions><speed>1.115944</speed><course>248.225446</course><hAcc>1.318537</hAcc><vAcc>0.944960</vAcc></extensions></trkpt>
      <trkpt lon="-82.150169" lat="33.553809"><ele>97.771861</ele><time>2025-08-12T14:11:52Z</time><extensions><speed>1.131238</speed><course>249.824232</course><hAcc>1.308511</hAcc><vAcc>0.943368</vAcc></extensions></trkpt>
      <trkpt lon="-82.150181" lat="33.553805"><ele>97.836480</ele><time>2025-08-12T14:11:53Z</time><extensions><speed>1.191813</speed><course>249.056426</course><hAcc>1.296781</hAcc><vAcc>0.942060</vAcc></extensions></trkpt>
      <trkpt lon="-82.150193" lat="33.553801"><ele>97.878395</ele><time>2025-08-12T14:11:54Z</time><extensions><speed>1.264479</speed><course>247.173902</course><hAcc>1.290633</hAcc><vAcc>0.940820</vAcc></extensions></trkpt>
      <trkpt lon="-82.150206" lat="33.553796"><ele>97.938946</ele><time>2025-08-12T14:11:55Z</time><extensions><speed>1.346234</speed><course>246.794280</course><hAcc>1.272234</hAcc><vAcc>0.939257</vAcc></extensions></trkpt>
      <trkpt lon="-82.150220" lat="33.553791"><ele>98.006143</ele><time>2025-08-12T14:11:56Z</time><extensions><speed>1.390786</speed><course>245.435147</course><hAcc>1.268200</hAcc><vAcc>0.937611</vAcc></extensions></trkpt>
      <trkpt lon="-82.150233" lat="33.553786"><ele>98.082855</ele><time>2025-08-12T14:11:57Z</time><extensions><speed>1.253685</speed><course>244.329827</course><hAcc>1.284779</hAcc><vAcc>0.935794</vAcc></extensions></trkpt>
      <trkpt lon="-82.150244" lat="33.553781"><ele>98.151378</ele><time>2025-08-12T14:11:58Z</time><extensions><speed>1.175690</speed><course>242.821825</course><hAcc>1.260013</hAcc><vAcc>0.933843</vAcc></extensions></trkpt>
      <trkpt lon="-82.150256" lat="33.553776"><ele>98.225329</ele><time>2025-08-12T14:11:59Z</time><extensions><speed>1.246870</speed><course>243.471933</course><hAcc>1.258726</hAcc><vAcc>0.932313</vAcc></extensions></trkpt>
      <trkpt lon="-82.150269" lat="33.553771"><ele>98.299812</ele><time>2025-08-12T14:12:00Z</time><extensions><speed>1.342159</speed><course>245.405948</course><hAcc>1.274927</hAcc><vAcc>0.930829</vAcc></extensions></trkpt>
      <trkpt lon="-82.150282" lat="33.553766"><ele>98.365109</ele><time>2025-08-12T14:12:01Z</time><extensions><speed>1.381685</speed><course>246.978602</course><hAcc>1.291154</hAcc><vAcc>0.929556</vAcc></extensions></trkpt>
      <trkpt lon="-82.150295" lat="33.553762"><ele>98.428535</ele><time>2025-08-12T14:12:02Z</time><extensions><speed>1.294179</speed><course>247.617085</course><hAcc>1.302919</hAcc><vAcc>0.928191</vAcc></extensions></trkpt>
      <trkpt lon="-82.150308" lat="33.553757"><ele>98.488331</ele><time>2025-08-12T14:12:03Z</time><extensions><speed>1.228678</speed><course>245.400110</course><hAcc>1.314460</hAcc><vAcc>0.927636</vAcc></extensions></trkpt>
      <trkpt lon="-82.150320" lat="33.553752"><ele>98.543555</ele><time>2025-08-12T14:12:04Z</time><extensions><speed>1.199902</speed><course>243.983002</course><hAcc>1.309705</hAcc><vAcc>0.927253</vAcc></extensions></trkpt>
      <trkpt lon="-82.150332" lat="33.553747"><ele>98.590576</ele><time>2025-08-12T14:12:05Z</time><extensions><speed>1.287154</speed><course>243.454900</course><hAcc>1.323188</hAcc><vAcc>0.926907</vAcc></extensions></trkpt>
      <trkpt lon="-82.150344" lat="33.553742"><ele>98.632280</ele><time>2025-08-12T14:12:06Z</time><extensions><speed>1.311565</speed><course>244.703233</course><hAcc>1.330368</hAcc><vAcc>0.926857</vAcc></extensions></trkpt>
      <trkpt lon="-82.150357" lat="33.553737"><ele>98.678207</ele><time>2025-08-12T14:12:07Z</time><extensions><speed>1.279409</speed><course>244.241243</course><hAcc>1.332595</hAcc><vAcc>0.927868</vAcc></extensions></trkpt>
      <trkpt lon="-82.150369" lat="33.553732"><ele>98.711997</ele><time>2025-08-12T14:12:08Z</time><extensions><speed>1.330516</speed><course>239.631798</course><hAcc>1.332750</hAcc><vAcc>0.928898</vAcc></extensions></trkpt>
      <trkpt lon="-82.150381" lat="33.553725"><ele>98.754363</ele><time>2025-08-12T14:12:09Z</time><extensions><speed>1.303403</speed><course>237.020504</course><hAcc>1.343786</hAcc><vAcc>0.930538</vAcc></extensions></trkpt>
      <trkpt lon="-82.150393" lat="33.553719"><ele>98.787217</ele><time>2025-08-12T14:12:10Z</time><extensions><speed>1.213988</speed><course>236.606620</course><hAcc>1.347108</hAcc><vAcc>0.932396</vAcc></extensions></trkpt>
      <trkpt lon="-82.150403" lat="33.553713"><ele>98.837364</ele><time>2025-08-12T14:12:11Z</time><extensions><speed>1.137843</speed><course>236.351286</course><hAcc>1.338145</hAcc><vAcc>0.934100</vAcc></extensions></trkpt>
      <trkpt lon="-82.150414" lat="33.553707"><ele>98.893857</ele><time>2025-08-12T14:12:12Z</time><extensions><speed>1.180183</speed><course>235.526465</course><hAcc>1.356052</hAcc><vAcc>0.935047</vAcc></extensions></trkpt>
      <trkpt lon="-82.150425" lat="33.553701"><ele>98.938638</ele><time>2025-08-12T14:12:13Z</time><extensions><speed>1.322655</speed><course>234.052069</course><hAcc>1.362899</hAcc><vAcc>0.936740</vAcc></extensions></trkpt>
      <trkpt lon="-82.150437" lat="33.553693"><ele>98.977184</ele><time>2025-08-12T14:12:14Z</time><extensions><speed>1.432202</speed><course>232.897833</course><hAcc>1.362227</hAcc><vAcc>0.936916</vAcc></extensions></trkpt>
      <trkpt lon="-82.150449" lat="33.553686"><ele>99.002450</ele><time>2025-08-12T14:12:15Z</time><extensions><speed>1.467284</speed><course>233.879633</course><hAcc>1.360692</hAcc><vAcc>0.937718</vAcc></extensions></trkpt>
      <trkpt lon="-82.150462" lat="33.553678"><ele>99.014642</ele><time>2025-08-12T14:12:16Z</time><extensions><speed>1.367024</speed><course>235.407014</course><hAcc>1.358116</hAcc><vAcc>0.938807</vAcc></extensions></trkpt>
      <trkpt lon="-82.150474" lat="33.553672"><ele>99.014191</ele><time>2025-08-12T14:12:17Z</time><extensions><speed>1.230144</speed><course>236.660372</course><hAcc>1.351785</hAcc><vAcc>0.939444</vAcc></extensions></trkpt>
      <trkpt lon="-82.150485" lat="33.553666"><ele>99.019055</ele><time>2025-08-12T14:12:18Z</time><extensions><speed>1.271363</speed><course>236.849740</course><hAcc>1.345770</hAcc><vAcc>0.939723</vAcc></extensions></trkpt>
      <trkpt lon="-82.150497" lat="33.553659"><ele>98.999831</ele><time>2025-08-12T14:12:19Z</time><extensions><speed>1.385303</speed><course>236.356397</course><hAcc>1.335573</hAcc><vAcc>0.939191</vAcc></extensions></trkpt>
      <trkpt lon="-82.150510" lat="33.553652"><ele>98.980609</ele><time>2025-08-12T14:12:20Z</time><extensions><speed>1.471416</speed><course>237.816787</course><hAcc>1.320240</hAcc><vAcc>0.938432</vAcc></extensions></trkpt>
      <trkpt lon="-82.150524" lat="33.553645"><ele>98.963794</ele><time>2025-08-12T14:12:21Z</time><extensions><speed>1.562113</speed><course>238.643567</course><hAcc>1.307724</hAcc><vAcc>0.937084</vAcc></extensions></trkpt>
      <trkpt lon="-82.150538" lat="33.553638"><ele>98.945511</ele><time>2025-08-12T14:12:22Z</time><extensions><speed>1.507933</speed><course>238.992180</course><hAcc>1.306201</hAcc><vAcc>0.936036</vAcc></extensions></trkpt>
      <trkpt lon="-82.150551" lat="33.553631"><ele>98.921056</ele><time>2025-08-12T14:12:23Z</time><extensions><speed>1.297056</speed><course>241.269500</course><hAcc>1.322989</hAcc><vAcc>0.934837</vAcc></extensions></trkpt>
      <trkpt lon="-82.150563" lat="33.553626"><ele>98.897400</ele><time>2025-08-12T14:12:24Z</time><extensions><speed>1.250835</speed><course>245.171512</course><hAcc>1.303130</hAcc><vAcc>0.933820</vAcc></extensions></trkpt>
      <trkpt lon="-82.150575" lat="33.553622"><ele>98.876016</ele><time>2025-08-12T14:12:25Z</time><extensions><speed>1.219217</speed><course>248.242926</course><hAcc>1.301930</hAcc><vAcc>0.933563</vAcc></extensions></trkpt>
      <trkpt lon="-82.150588" lat="33.553617"><ele>98.862946</ele><time>2025-08-12T14:12:26Z</time><extensions><speed>1.287823</speed><course>247.004739</course><hAcc>1.306158</hAcc><vAcc>0.933311</vAcc></extensions></trkpt>
      <trkpt lon="-82.150600" lat="33.553612"><ele>98.868360</ele><time>2025-08-12T14:12:27Z</time><extensions><speed>1.320540</speed><course>242.421660</course><hAcc>1.308334</hAcc><vAcc>0.933070</vAcc></extensions></trkpt>
      <trkpt lon="-82.150613" lat="33.553606"><ele>98.865226</ele><time>2025-08-12T14:12:28Z</time><extensions><speed>1.338721</speed><course>235.945704</course><hAcc>1.305459</hAcc><vAcc>0.933526</vAcc></extensions></trkpt>
      <trkpt lon="-82.150625" lat="33.553599"><ele>98.913168</ele><time>2025-08-12T14:12:29Z</time><extensions><speed>1.348967</speed><course>232.716490</course><hAcc>1.290737</hAcc><vAcc>0.933400</vAcc></extensions></trkpt>
      <trkpt lon="-82.150636" lat="33.553591"><ele>98.980988</ele><time>2025-08-12T14:12:30Z</time><extensions><speed>1.364140</speed><course>232.514319</course><hAcc>1.278673</hAcc><vAcc>0.933171</vAcc></extensions></trkpt>
      <trkpt lon="-82.150648" lat="33.553584"><ele>99.056733</ele><time>2025-08-12T14:12:31Z</time><extensions><speed>1.407267</speed><course>234.011719</course><hAcc>1.277697</hAcc><vAcc>0.932561</vAcc></extensions></trkpt>
      <trkpt lon="-82.150660" lat="33.553577"><ele>99.137027</ele><time>2025-08-12T14:12:32Z</time><extensions><speed>1.328573</speed><course>237.114647</course><hAcc>1.300716</hAcc><vAcc>0.932581</vAcc></extensions></trkpt>
      <trkpt lon="-82.150672" lat="33.553570"><ele>99.207968</ele><time>2025-08-12T14:12:33Z</time><extensions><speed>1.269188</speed><course>235.582467</course><hAcc>1.279852</hAcc><vAcc>0.934325</vAcc></extensions></trkpt>
      <trkpt lon="-82.150683" lat="33.553564"><ele>99.283282</ele><time>2025-08-12T14:12:34Z</time><extensions><speed>1.241023</speed><course>232.849863</course><hAcc>1.287368</hAcc><vAcc>0.935618</vAcc></extensions></trkpt>
      <trkpt lon="-82.150694" lat="33.553556"><ele>99.343153</ele><time>2025-08-12T14:12:35Z</time><extensions><speed>1.366947</speed><course>229.504097</course><hAcc>1.309431</hAcc><vAcc>0.935603</vAcc></extensions></trkpt>
      <trkpt lon="-82.150705" lat="33.553548"><ele>99.394620</ele><time>2025-08-12T14:12:36Z</time><extensions><speed>1.452276</speed><course>227.583606</course><hAcc>1.324270</hAcc><vAcc>0.934904</vAcc></extensions></trkpt>
      <trkpt lon="-82.150717" lat="33.553539"><ele>99.443123</ele><time>2025-08-12T14:12:37Z</time><extensions><speed>1.445426</speed><course>227.829743</course><hAcc>1.334816</hAcc><vAcc>0.933669</vAcc></extensions></trkpt>
      <trkpt lon="-82.150728" lat="33.553531"><ele>99.485570</ele><time>2025-08-12T14:12:38Z</time><extensions><speed>1.300563</speed><course>228.207271</course><hAcc>1.339617</hAcc><vAcc>0.931767</vAcc></extensions></trkpt>
      <trkpt lon="-82.150738" lat="33.553523"><ele>99.526824</ele><time>2025-08-12T14:12:39Z</time><extensions><speed>1.270387</speed><course>227.848370</course><hAcc>1.333186</hAcc><vAcc>0.929531</vAcc></extensions></trkpt>
      <trkpt lon="-82.150748" lat="33.553516"><ele>99.559316</ele><time>2025-08-12T14:12:40Z</time><extensions><speed>1.275132</speed><course>229.357069</course><hAcc>1.316710</hAcc><vAcc>0.927551</vAcc></extensions></trkpt>
      <trkpt lon="-82.150759" lat="33.553508"><ele>99.614107</ele><time>2025-08-12T14:12:41Z</time><extensions><speed>1.305269</speed><course>230.287835</course><hAcc>1.296708</hAcc><vAcc>0.925107</vAcc></extensions></trkpt>
      <trkpt lon="-82.150770" lat="33.553500"><ele>99.673517</ele><time>2025-08-12T14:12:42Z</time><extensions><speed>1.374617</speed><course>230.594819</course><hAcc>1.294598</hAcc><vAcc>0.922483</vAcc></extensions></trkpt>
      <trkpt lon="-82.150781" lat="33.553493"><ele>99.705811</ele><time>2025-08-12T14:12:43Z</time><extensions><speed>1.269454</speed><course>230.357450</course><hAcc>1.317246</hAcc><vAcc>0.919508</vAcc></extensions></trkpt>
      <trkpt lon="-82.150791" lat="33.553486"><ele>99.742818</ele><time>2025-08-12T14:12:44Z</time><extensions><speed>1.069028</speed><course>228.545311</course><hAcc>1.285019</hAcc><vAcc>0.915812</vAcc></extensions></trkpt>
      <trkpt lon="-82.150800" lat="33.553480"><ele>99.764844</ele><time>2025-08-12T14:12:45Z</time><extensions><speed>1.091702</speed><course>230.423212</course><hAcc>1.267567</hAcc><vAcc>0.911689</vAcc></extensions></trkpt>
      <trkpt lon="-82.150809" lat="33.553473"><ele>99.790279</ele><time>2025-08-12T14:12:46Z</time><extensions><speed>1.227867</speed><course>231.503787</course><hAcc>1.270803</hAcc><vAcc>0.907391</vAcc></extensions></trkpt>
      <trkpt lon="-82.150820" lat="33.553466"><ele>99.825847</ele><time>2025-08-12T14:12:47Z</time><extensions><speed>1.301512</speed><course>232.974628</course><hAcc>1.279462</hAcc><vAcc>0.902867</vAcc></extensions></trkpt>
      <trkpt lon="-82.150832" lat="33.553459"><ele>99.845374</ele><time>2025-08-12T14:12:48Z</time><extensions><speed>1.374019</speed><course>234.110450</course><hAcc>1.283278</hAcc><vAcc>0.899211</vAcc></extensions></trkpt>
      <trkpt lon="-82.150844" lat="33.553452"><ele>99.862697</ele><time>2025-08-12T14:12:49Z</time><extensions><speed>1.349326</speed><course>233.409868</course><hAcc>1.285144</hAcc><vAcc>0.895574</vAcc></extensions></trkpt>
      <trkpt lon="-82.150855" lat="33.553444"><ele>99.875880</ele><time>2025-08-12T14:12:50Z</time><extensions><speed>1.292260</speed><course>232.144488</course><hAcc>1.282194</hAcc><vAcc>0.892198</vAcc></extensions></trkpt>
      <trkpt lon="-82.150866" lat="33.553437"><ele>99.867293</ele><time>2025-08-12T14:12:51Z</time><extensions><speed>1.280808</speed><course>231.053664</course><hAcc>1.268165</hAcc><vAcc>0.888356</vAcc></extensions></trkpt>
      <trkpt lon="-82.150877" lat="33.553430"><ele>99.849501</ele><time>2025-08-12T14:12:52Z</time><extensions><speed>1.314968</speed><course>230.454024</course><hAcc>1.261178</hAcc><vAcc>0.884012</vAcc></extensions></trkpt>
      <trkpt lon="-82.150888" lat="33.553422"><ele>99.831955</ele><time>2025-08-12T14:12:53Z</time><extensions><speed>1.319084</speed><course>230.886875</course><hAcc>1.264406</hAcc><vAcc>0.879597</vAcc></extensions></trkpt>
      <trkpt lon="-82.150899" lat="33.553415"><ele>99.813162</ele><time>2025-08-12T14:12:54Z</time><extensions><speed>1.383234</speed><course>230.756890</course><hAcc>1.257538</hAcc><vAcc>0.875251</vAcc></extensions></trkpt>
      <trkpt lon="-82.150910" lat="33.553407"><ele>99.782570</ele><time>2025-08-12T14:12:55Z</time><extensions><speed>1.289562</speed><course>230.128967</course><hAcc>1.248146</hAcc><vAcc>0.870419</vAcc></extensions></trkpt>
      <trkpt lon="-82.150920" lat="33.553400"><ele>99.739956</ele><time>2025-08-12T14:12:56Z</time><extensions><speed>1.212840</speed><course>230.091865</course><hAcc>1.244686</hAcc><vAcc>0.865706</vAcc></extensions></trkpt>
      <trkpt lon="-82.150930" lat="33.553393"><ele>99.706755</ele><time>2025-08-12T14:12:57Z</time><extensions><speed>1.175588</speed><course>228.320924</course><hAcc>1.241761</hAcc><vAcc>0.861093</vAcc></extensions></trkpt>
      <trkpt lon="-82.150940" lat="33.553385"><ele>99.677549</ele><time>2025-08-12T14:12:58Z</time><extensions><speed>1.227463</speed><course>227.763357</course><hAcc>1.236926</hAcc><vAcc>0.856528</vAcc></extensions></trkpt>
      <trkpt lon="-82.150949" lat="33.553378"><ele>99.647895</ele><time>2025-08-12T14:12:59Z</time><extensions><speed>1.171551</speed><course>227.688920</course><hAcc>1.238151</hAcc><vAcc>0.851759</vAcc></extensions></trkpt>
      <trkpt lon="-82.150958" lat="33.553371"><ele>99.602433</ele><time>2025-08-12T14:13:00Z</time><extensions><speed>1.095503</speed><course>226.026958</course><hAcc>1.233826</hAcc><vAcc>0.847122</vAcc></extensions></trkpt>
      <trkpt lon="-82.150967" lat="33.553364"><ele>99.554716</ele><time>2025-08-12T14:13:01Z</time><extensions><speed>1.104317</speed><course>224.474694</course><hAcc>1.224069</hAcc><vAcc>0.842637</vAcc></extensions></trkpt>
      <trkpt lon="-82.150975" lat="33.553357"><ele>99.511998</ele><time>2025-08-12T14:13:02Z</time><extensions><speed>1.125782</speed><course>224.318843</course><hAcc>1.230278</hAcc><vAcc>0.838564</vAcc></extensions></trkpt>
      <trkpt lon="-82.150984" lat="33.553350"><ele>99.468935</ele><time>2025-08-12T14:13:03Z</time><extensions><speed>1.174488</speed><course>225.662562</course><hAcc>1.234480</hAcc><vAcc>0.834836</vAcc></extensions></trkpt>
      <trkpt lon="-82.150993" lat="33.553342"><ele>99.434377</ele><time>2025-08-12T14:13:04Z</time><extensions><speed>1.250345</speed><course>225.695619</course><hAcc>1.233617</hAcc><vAcc>0.832103</vAcc></extensions></trkpt>
      <trkpt lon="-82.151003" lat="33.553334"><ele>99.397719</ele><time>2025-08-12T14:13:05Z</time><extensions><speed>1.210000</speed><course>226.281722</course><hAcc>1.229450</hAcc><vAcc>0.829992</vAcc></extensions></trkpt>
      <trkpt lon="-82.151012" lat="33.553327"><ele>99.374907</ele><time>2025-08-12T14:13:06Z</time><extensions><speed>1.227138</speed><course>228.915941</course><hAcc>1.227472</hAcc><vAcc>0.828477</vAcc></extensions></trkpt>
      <trkpt lon="-82.151023" lat="33.553320"><ele>99.356692</ele><time>2025-08-12T14:13:07Z</time><extensions><speed>1.289801</speed><course>232.491213</course><hAcc>1.232684</hAcc><vAcc>0.827457</vAcc></extensions></trkpt>
      <trkpt lon="-82.151034" lat="33.553313"><ele>99.335388</ele><time>2025-08-12T14:13:08Z</time><extensions><speed>1.352688</speed><course>236.633549</course><hAcc>1.236458</hAcc><vAcc>0.826673</vAcc></extensions></trkpt>
      <trkpt lon="-82.151046" lat="33.553307"><ele>99.321020</ele><time>2025-08-12T14:13:09Z</time><extensions><speed>1.281385</speed><course>239.526160</course><hAcc>1.232432</hAcc><vAcc>0.825767</vAcc></extensions></trkpt>
      <trkpt lon="-82.151058" lat="33.553301"><ele>99.304760</ele><time>2025-08-12T14:13:10Z</time><extensions><speed>1.206577</speed><course>240.025420</course><hAcc>1.226274</hAcc><vAcc>0.824819</vAcc></extensions></trkpt>
      <trkpt lon="-82.151069" lat="33.553295"><ele>99.282850</ele><time>2025-08-12T14:13:11Z</time><extensions><speed>1.255097</speed><course>237.148046</course><hAcc>1.220615</hAcc><vAcc>0.823745</vAcc></extensions></trkpt>
      <trkpt lon="-82.151081" lat="33.553289"><ele>99.284431</ele><time>2025-08-12T14:13:12Z</time><extensions><speed>1.367087</speed><course>236.555559</course><hAcc>1.211984</hAcc><vAcc>0.822382</vAcc></extensions></trkpt>
      <trkpt lon="-82.151094" lat="33.553282"><ele>99.294961</ele><time>2025-08-12T14:13:13Z</time><extensions><speed>1.383271</speed><course>236.868251</course><hAcc>1.202128</hAcc><vAcc>0.820517</vAcc></extensions></trkpt>
      <trkpt lon="-82.151106" lat="33.553275"><ele>99.315580</ele><time>2025-08-12T14:13:14Z</time><extensions><speed>1.356445</speed><course>237.500779</course><hAcc>1.196084</hAcc><vAcc>0.818873</vAcc></extensions></trkpt>
      <trkpt lon="-82.151118" lat="33.553268"><ele>99.340015</ele><time>2025-08-12T14:13:15Z</time><extensions><speed>1.322320</speed><course>234.354232</course><hAcc>1.187012</hAcc><vAcc>0.816621</vAcc></extensions></trkpt>
      <trkpt lon="-82.151129" lat="33.553261"><ele>99.363583</ele><time>2025-08-12T14:13:16Z</time><extensions><speed>1.211504</speed><course>228.187293</course><hAcc>1.179450</hAcc><vAcc>0.814033</vAcc></extensions></trkpt>
      <trkpt lon="-82.151138" lat="33.553254"><ele>99.378162</ele><time>2025-08-12T14:13:17Z</time><extensions><speed>1.170778</speed><course>224.146754</course><hAcc>1.172354</hAcc><vAcc>0.811120</vAcc></extensions></trkpt>
      <trkpt lon="-82.151147" lat="33.553246"><ele>99.389628</ele><time>2025-08-12T14:13:18Z</time><extensions><speed>1.212962</speed><course>222.118507</course><hAcc>1.164191</hAcc><vAcc>0.807752</vAcc></extensions></trkpt>
      <trkpt lon="-82.151155" lat="33.553238"><ele>99.400964</ele><time>2025-08-12T14:13:19Z</time><extensions><speed>1.261008</speed><course>221.202279</course><hAcc>1.154760</hAcc><vAcc>0.804195</vAcc></extensions></trkpt>
      <trkpt lon="-82.151165" lat="33.553229"><ele>99.409052</ele><time>2025-08-12T14:13:20Z</time><extensions><speed>1.277540</speed><course>222.236372</course><hAcc>1.145750</hAcc><vAcc>0.800665</vAcc></extensions></trkpt>
      <trkpt lon="-82.151174" lat="33.553221"><ele>99.415071</ele><time>2025-08-12T14:13:21Z</time><extensions><speed>1.341387</speed><course>224.888445</course><hAcc>1.129326</hAcc><vAcc>0.797424</vAcc></extensions></trkpt>
      <trkpt lon="-82.151185" lat="33.553212"><ele>99.417282</ele><time>2025-08-12T14:13:22Z</time><extensions><speed>1.353808</speed><course>227.432062</course><hAcc>1.115742</hAcc><vAcc>0.794228</vAcc></extensions></trkpt>
      <trkpt lon="-82.151196" lat="33.553204"><ele>99.422409</ele><time>2025-08-12T14:13:23Z</time><extensions><speed>1.337533</speed><course>231.077287</course><hAcc>1.115432</hAcc><vAcc>0.791462</vAcc></extensions></trkpt>
      <trkpt lon="-82.151206" lat="33.553197"><ele>99.428838</ele><time>2025-08-12T14:13:24Z</time><extensions><speed>1.237192</speed><course>230.445716</course><hAcc>1.141763</hAcc><vAcc>0.788779</vAcc></extensions></trkpt>
      <trkpt lon="-82.151217" lat="33.553190"><ele>99.426210</ele><time>2025-08-12T14:13:25Z</time><extensions><speed>1.161706</speed><course>235.328362</course><hAcc>1.109157</hAcc><vAcc>0.786786</vAcc></extensions></trkpt>
      <trkpt lon="-82.151227" lat="33.553184"><ele>99.436995</ele><time>2025-08-12T14:13:26Z</time><extensions><speed>1.164381</speed><course>235.582542</course><hAcc>1.105715</hAcc><vAcc>0.784753</vAcc></extensions></trkpt>
      <trkpt lon="-82.151238" lat="33.553178"><ele>99.465677</ele><time>2025-08-12T14:13:27Z</time><extensions><speed>1.253565</speed><course>234.618263</course><hAcc>1.114151</hAcc><vAcc>0.782494</vAcc></extensions></trkpt>
      <trkpt lon="-82.151249" lat="33.553171"><ele>99.505919</ele><time>2025-08-12T14:13:28Z</time><extensions><speed>1.311454</speed><course>232.571293</course><hAcc>1.117462</hAcc><vAcc>0.780428</vAcc></extensions></trkpt>
      <trkpt lon="-82.151260" lat="33.553164"><ele>99.549562</ele><time>2025-08-12T14:13:29Z</time><extensions><speed>1.304650</speed><course>231.617054</course><hAcc>1.117109</hAcc><vAcc>0.778645</vAcc></extensions></trkpt>
      <trkpt lon="-82.151270" lat="33.553157"><ele>99.599943</ele><time>2025-08-12T14:13:30Z</time><extensions><speed>1.190798</speed><course>230.045538</course><hAcc>1.113908</hAcc><vAcc>0.777195</vAcc></extensions></trkpt>
      <trkpt lon="-82.151280" lat="33.553150"><ele>99.659799</ele><time>2025-08-12T14:13:31Z</time><extensions><speed>1.285470</speed><course>228.231525</course><hAcc>1.109729</hAcc><vAcc>0.776049</vAcc></extensions></trkpt>
      <trkpt lon="-82.151291" lat="33.553142"><ele>99.724129</ele><time>2025-08-12T14:13:32Z</time><extensions><speed>1.320494</speed><course>226.813153</course><hAcc>1.104628</hAcc><vAcc>0.775111</vAcc></extensions></trkpt>
      <trkpt lon="-82.151301" lat="33.553133"><ele>99.798908</ele><time>2025-08-12T14:13:33Z</time><extensions><speed>1.355904</speed><course>225.489810</course><hAcc>1.101062</hAcc><vAcc>0.774317</vAcc></extensions></trkpt>
      <trkpt lon="-82.151312" lat="33.553124"><ele>99.872914</ele><time>2025-08-12T14:13:34Z</time><extensions><speed>1.454930</speed><course>225.373793</course><hAcc>1.103338</hAcc><vAcc>0.773384</vAcc></extensions></trkpt>
      <trkpt lon="-82.151323" lat="33.553116"><ele>99.946006</ele><time>2025-08-12T14:13:35Z</time><extensions><speed>1.361829</speed><course>226.234981</course><hAcc>1.123245</hAcc><vAcc>0.772223</vAcc></extensions></trkpt>
      <trkpt lon="-82.151333" lat="33.553107"><ele>100.019873</ele><time>2025-08-12T14:13:36Z</time><extensions><speed>1.341007</speed><course>226.722308</course><hAcc>1.104177</hAcc><vAcc>0.770767</vAcc></extensions></trkpt>
      <trkpt lon="-82.151344" lat="33.553099"><ele>100.083207</ele><time>2025-08-12T14:13:37Z</time><extensions><speed>1.356446</speed><course>227.358718</course><hAcc>1.100361</hAcc><vAcc>0.769075</vAcc></extensions></trkpt>
      <trkpt lon="-82.151355" lat="33.553091"><ele>100.136883</ele><time>2025-08-12T14:13:38Z</time><extensions><speed>1.317499</speed><course>226.913213</course><hAcc>1.103966</hAcc><vAcc>0.767401</vAcc></extensions></trkpt>
      <trkpt lon="-82.151365" lat="33.553083"><ele>100.164256</ele><time>2025-08-12T14:13:39Z</time><extensions><speed>1.352714</speed><course>227.718286</course><hAcc>1.104254</hAcc><vAcc>0.765701</vAcc></extensions></trkpt>
      <trkpt lon="-82.151376" lat="33.553074"><ele>100.173027</ele><time>2025-08-12T14:13:40Z</time><extensions><speed>1.409056</speed><course>229.662071</course><hAcc>1.098581</hAcc><vAcc>0.764221</vAcc></extensions></trkpt>
      <trkpt lon="-82.151388" lat="33.553066"><ele>100.174587</ele><time>2025-08-12T14:13:41Z</time><extensions><speed>1.394957</speed><course>232.592378</course><hAcc>1.091284</hAcc><vAcc>0.763265</vAcc></extensions></trkpt>
      <trkpt lon="-82.151400" lat="33.553059"><ele>100.171332</ele><time>2025-08-12T14:13:42Z</time><extensions><speed>1.373811</speed><course>234.539703</course><hAcc>1.092022</hAcc><vAcc>0.762329</vAcc></extensions></trkpt>
      <trkpt lon="-82.151412" lat="33.553052"><ele>100.159318</ele><time>2025-08-12T14:13:43Z</time><extensions><speed>1.267543</speed><course>234.108077</course><hAcc>1.112963</hAcc><vAcc>0.761642</vAcc></extensions></trkpt>
      <trkpt lon="-82.151422" lat="33.553045"><ele>100.127964</ele><time>2025-08-12T14:13:44Z</time><extensions><speed>1.136623</speed><course>229.387235</course><hAcc>1.091950</hAcc><vAcc>0.761207</vAcc></extensions></trkpt>
      <trkpt lon="-82.151431" lat="33.553038"><ele>100.089269</ele><time>2025-08-12T14:13:45Z</time><extensions><speed>1.181628</speed><course>224.799739</course><hAcc>1.091593</hAcc><vAcc>0.760954</vAcc></extensions></trkpt>
      <trkpt lon="-82.151440" lat="33.553030"><ele>100.039909</ele><time>2025-08-12T14:13:46Z</time><extensions><speed>1.242098</speed><course>222.754591</course><hAcc>1.103545</hAcc><vAcc>0.760861</vAcc></extensions></trkpt>
      <trkpt lon="-82.151450" lat="33.553022"><ele>99.987397</ele><time>2025-08-12T14:13:47Z</time><extensions><speed>1.312826</speed><course>224.806627</course><hAcc>1.105597</hAcc><vAcc>0.760878</vAcc></extensions></trkpt>
      <trkpt lon="-82.151460" lat="33.553014"><ele>99.931286</ele><time>2025-08-12T14:13:48Z</time><extensions><speed>1.385952</speed><course>227.311567</course><hAcc>1.097273</hAcc><vAcc>0.761038</vAcc></extensions></trkpt>
      <trkpt lon="-82.151471" lat="33.553005"><ele>99.885273</ele><time>2025-08-12T14:13:49Z</time><extensions><speed>1.418343</speed><course>226.802909</course><hAcc>1.079337</hAcc><vAcc>0.761257</vAcc></extensions></trkpt>
      <trkpt lon="-82.151482" lat="33.552996"><ele>99.844955</ele><time>2025-08-12T14:13:50Z</time><extensions><speed>1.440420</speed><course>225.898553</course><hAcc>1.077778</hAcc><vAcc>0.761338</vAcc></extensions></trkpt>
      <trkpt lon="-82.151493" lat="33.552988"><ele>99.816046</ele><time>2025-08-12T14:13:51Z</time><extensions><speed>1.357023</speed><course>228.034416</course><hAcc>1.109162</hAcc><vAcc>0.761314</vAcc></extensions></trkpt>
      <trkpt lon="-82.151504" lat="33.552980"><ele>99.797797</ele><time>2025-08-12T14:13:52Z</time><extensions><speed>1.370413</speed><course>231.540811</course><hAcc>1.079059</hAcc><vAcc>0.761167</vAcc></extensions></trkpt>
      <trkpt lon="-82.151515" lat="33.552972"><ele>99.790926</ele><time>2025-08-12T14:13:53Z</time><extensions><speed>1.204935</speed><course>228.752692</course><hAcc>1.078457</hAcc><vAcc>0.760926</vAcc></extensions></trkpt>
      <trkpt lon="-82.151525" lat="33.552965"><ele>99.791598</ele><time>2025-08-12T14:13:54Z</time><extensions><speed>1.227552</speed><course>227.468375</course><hAcc>1.085710</hAcc><vAcc>0.760638</vAcc></extensions></trkpt>
      <trkpt lon="-82.151535" lat="33.552957"><ele>99.808248</ele><time>2025-08-12T14:13:55Z</time><extensions><speed>1.253029</speed><course>230.272873</course><hAcc>1.088871</hAcc><vAcc>0.760333</vAcc></extensions></trkpt>
      <trkpt lon="-82.151546" lat="33.552950"><ele>99.826841</ele><time>2025-08-12T14:13:56Z</time><extensions><speed>1.312271</speed><course>231.886697</course><hAcc>1.085065</hAcc><vAcc>0.760165</vAcc></extensions></trkpt>
      <trkpt lon="-82.151557" lat="33.552943"><ele>99.857655</ele><time>2025-08-12T14:13:57Z</time><extensions><speed>1.373035</speed><course>232.442945</course><hAcc>1.087895</hAcc><vAcc>0.760091</vAcc></extensions></trkpt>
      <trkpt lon="-82.151568" lat="33.552935"><ele>99.898875</ele><time>2025-08-12T14:13:58Z</time><extensions><speed>1.299825</speed><course>231.266615</course><hAcc>1.107131</hAcc><vAcc>0.760388</vAcc></extensions></trkpt>
      <trkpt lon="-82.151579" lat="33.552928"><ele>99.945372</ele><time>2025-08-12T14:13:59Z</time><extensions><speed>1.246259</speed><course>228.020711</course><hAcc>1.092291</hAcc><vAcc>0.760919</vAcc></extensions></trkpt>
      <trkpt lon="-82.151589" lat="33.552920"><ele>100.002420</ele><time>2025-08-12T14:14:00Z</time><extensions><speed>1.214361</speed><course>225.884756</course><hAcc>1.093140</hAcc><vAcc>0.761575</vAcc></extensions></trkpt>
      <trkpt lon="-82.151598" lat="33.552913"><ele>100.063258</ele><time>2025-08-12T14:14:01Z</time><extensions><speed>1.300921</speed><course>228.085621</course><hAcc>1.101910</hAcc><vAcc>0.762300</vAcc></extensions></trkpt>
      <trkpt lon="-82.151609" lat="33.552904"><ele>100.123396</ele><time>2025-08-12T14:14:02Z</time><extensions><speed>1.386237</speed><course>228.016396</course><hAcc>1.110037</hAcc><vAcc>0.763040</vAcc></extensions></trkpt>
      <trkpt lon="-82.151621" lat="33.552896"><ele>100.172779</ele><time>2025-08-12T14:14:03Z</time><extensions><speed>1.477249</speed><course>228.025838</course><hAcc>1.117716</hAcc><vAcc>0.764030</vAcc></extensions></trkpt>
      <trkpt lon="-82.151633" lat="33.552887"><ele>100.232069</ele><time>2025-08-12T14:14:04Z</time><extensions><speed>1.488113</speed><course>228.602448</course><hAcc>1.125361</hAcc><vAcc>0.765529</vAcc></extensions></trkpt>
      <trkpt lon="-82.151645" lat="33.552878"><ele>100.295277</ele><time>2025-08-12T14:14:05Z</time><extensions><speed>1.422602</speed><course>231.066487</course><hAcc>1.133724</hAcc><vAcc>0.767191</vAcc></extensions></trkpt>
      <trkpt lon="-82.151657" lat="33.552871"><ele>100.345881</ele><time>2025-08-12T14:14:06Z</time><extensions><speed>1.327952</speed><course>236.958116</course><hAcc>1.148375</hAcc><vAcc>0.769174</vAcc></extensions></trkpt>
      <trkpt lon="-82.151668" lat="33.552865"><ele>100.401507</ele><time>2025-08-12T14:14:07Z</time><extensions><speed>1.314596</speed><course>235.627921</course><hAcc>1.161211</hAcc><vAcc>0.770633</vAcc></extensions></trkpt>
      <trkpt lon="-82.151680" lat="33.552857"><ele>100.448679</ele><time>2025-08-12T14:14:08Z</time><extensions><speed>1.379158</speed><course>230.187174</course><hAcc>1.172517</hAcc><vAcc>0.772103</vAcc></extensions></trkpt>
      <trkpt lon="-82.151692" lat="33.552849"><ele>100.490378</ele><time>2025-08-12T14:14:09Z</time><extensions><speed>1.479409</speed><course>226.964538</course><hAcc>1.182560</hAcc><vAcc>0.773566</vAcc></extensions></trkpt>
      <trkpt lon="-82.151703" lat="33.552839"><ele>100.528584</ele><time>2025-08-12T14:14:10Z</time><extensions><speed>1.503370</speed><course>226.328963</course><hAcc>1.190429</hAcc><vAcc>0.774914</vAcc></extensions></trkpt>
      <trkpt lon="-82.151715" lat="33.552830"><ele>100.560904</ele><time>2025-08-12T14:14:11Z</time><extensions><speed>1.496588</speed><course>227.053875</course><hAcc>1.194427</hAcc><vAcc>0.776362</vAcc></extensions></trkpt>
      <trkpt lon="-82.151727" lat="33.552821"><ele>100.588749</ele><time>2025-08-12T14:14:12Z</time><extensions><speed>1.455104</speed><course>228.316577</course><hAcc>1.197014</hAcc><vAcc>0.777776</vAcc></extensions></trkpt>
      <trkpt lon="-82.151738" lat="33.552813"><ele>100.612817</ele><time>2025-08-12T14:14:13Z</time><extensions><speed>1.413546</speed><course>229.095404</course><hAcc>1.200022</hAcc><vAcc>0.779798</vAcc></extensions></trkpt>
      <trkpt lon="-82.151750" lat="33.552804"><ele>100.631015</ele><time>2025-08-12T14:14:14Z</time><extensions><speed>1.422712</speed><course>228.530766</course><hAcc>1.210504</hAcc><vAcc>0.782032</vAcc></extensions></trkpt>
      <trkpt lon="-82.151761" lat="33.552796"><ele>100.641006</ele><time>2025-08-12T14:14:15Z</time><extensions><speed>1.370589</speed><course>227.538603</course><hAcc>1.212018</hAcc><vAcc>0.784444</vAcc></extensions></trkpt>
      <trkpt lon="-82.151772" lat="33.552788"><ele>100.636512</ele><time>2025-08-12T14:14:16Z</time><extensions><speed>1.332375</speed><course>226.732354</course><hAcc>1.216375</hAcc><vAcc>0.787063</vAcc></extensions></trkpt>
      <trkpt lon="-82.151782" lat="33.552779"><ele>100.631730</ele><time>2025-08-12T14:14:17Z</time><extensions><speed>1.341980</speed><course>226.004646</course><hAcc>1.214509</hAcc><vAcc>0.790277</vAcc></extensions></trkpt>
      <trkpt lon="-82.151792" lat="33.552771"><ele>100.616309</ele><time>2025-08-12T14:14:18Z</time><extensions><speed>1.351622</speed><course>223.948005</course><hAcc>1.218811</hAcc><vAcc>0.793576</vAcc></extensions></trkpt>
      <trkpt lon="-82.151802" lat="33.552762"><ele>100.593636</ele><time>2025-08-12T14:14:19Z</time><extensions><speed>1.298213</speed><course>223.096793</course><hAcc>1.223221</hAcc><vAcc>0.797027</vAcc></extensions></trkpt>
      <trkpt lon="-82.151812" lat="33.552753"><ele>100.581214</ele><time>2025-08-12T14:14:20Z</time><extensions><speed>1.275506</speed><course>222.912421</course><hAcc>1.223605</hAcc><vAcc>0.800520</vAcc></extensions></trkpt>
      <trkpt lon="-82.151821" lat="33.552745"><ele>100.583712</ele><time>2025-08-12T14:14:21Z</time><extensions><speed>1.185478</speed><course>223.995329</course><hAcc>1.224009</hAcc><vAcc>0.803882</vAcc></extensions></trkpt>
      <trkpt lon="-82.151830" lat="33.552738"><ele>100.579921</ele><time>2025-08-12T14:14:22Z</time><extensions><speed>1.216820</speed><course>225.409718</course><hAcc>1.228245</hAcc><vAcc>0.807288</vAcc></extensions></trkpt>
      <trkpt lon="-82.151840" lat="33.552730"><ele>100.576572</ele><time>2025-08-12T14:14:23Z</time><extensions><speed>1.287865</speed><course>226.966627</course><hAcc>1.237607</hAcc><vAcc>0.810881</vAcc></extensions></trkpt>
      <trkpt lon="-82.151850" lat="33.552722"><ele>100.578167</ele><time>2025-08-12T14:14:24Z</time><extensions><speed>1.309031</speed><course>224.887317</course><hAcc>1.243667</hAcc><vAcc>0.814124</vAcc></extensions></trkpt>
      <trkpt lon="-82.151859" lat="33.552713"><ele>100.582681</ele><time>2025-08-12T14:14:25Z</time><extensions><speed>1.270121</speed><course>221.044276</course><hAcc>1.250215</hAcc><vAcc>0.817406</vAcc></extensions></trkpt>
      <trkpt lon="-82.151868" lat="33.552704"><ele>100.584688</ele><time>2025-08-12T14:14:26Z</time><extensions><speed>1.315692</speed><course>220.091754</course><hAcc>1.257160</hAcc><vAcc>0.820715</vAcc></extensions></trkpt>
      <trkpt lon="-82.151878" lat="33.552695"><ele>100.578884</ele><time>2025-08-12T14:14:27Z</time><extensions><speed>1.394137</speed><course>220.112834</course><hAcc>1.269558</hAcc><vAcc>0.824581</vAcc></extensions></trkpt>
      <trkpt lon="-82.151887" lat="33.552685"><ele>100.580190</ele><time>2025-08-12T14:14:28Z</time><extensions><speed>1.405083</speed><course>219.853343</course><hAcc>1.275574</hAcc><vAcc>0.828081</vAcc></extensions></trkpt>
      <trkpt lon="-82.151897" lat="33.552676"><ele>100.578981</ele><time>2025-08-12T14:14:29Z</time><extensions><speed>1.423863</speed><course>222.575355</course><hAcc>1.279737</hAcc><vAcc>0.831350</vAcc></extensions></trkpt>
      <trkpt lon="-82.151908" lat="33.552667"><ele>100.580959</ele><time>2025-08-12T14:14:30Z</time><extensions><speed>1.428311</speed><course>226.602119</course><hAcc>1.281850</hAcc><vAcc>0.834870</vAcc></extensions></trkpt>
      <trkpt lon="-82.151920" lat="33.552658"><ele>100.582052</ele><time>2025-08-12T14:14:31Z</time><extensions><speed>1.403000</speed><course>229.945288</course><hAcc>1.284242</hAcc><vAcc>0.839752</vAcc></extensions></trkpt>
      <trkpt lon="-82.151931" lat="33.552650"><ele>100.589272</ele><time>2025-08-12T14:14:32Z</time><extensions><speed>1.378051</speed><course>231.067303</course><hAcc>1.296731</hAcc><vAcc>0.844379</vAcc></extensions></trkpt>
      <trkpt lon="-82.151943" lat="33.552642"><ele>100.594041</ele><time>2025-08-12T14:14:33Z</time><extensions><speed>1.409457</speed><course>229.951348</course><hAcc>1.305121</hAcc><vAcc>0.848831</vAcc></extensions></trkpt>
      <trkpt lon="-82.151954" lat="33.552634"><ele>100.581212</ele><time>2025-08-12T14:14:34Z</time><extensions><speed>1.426539</speed><course>228.566191</course><hAcc>1.311670</hAcc><vAcc>0.852318</vAcc></extensions></trkpt>
      <trkpt lon="-82.151966" lat="33.552625"><ele>100.577028</ele><time>2025-08-12T14:14:35Z</time><extensions><speed>1.453141</speed><course>228.582496</course><hAcc>1.319560</hAcc><vAcc>0.854935</vAcc></extensions></trkpt>
      <trkpt lon="-82.151978" lat="33.552616"><ele>100.555338</ele><time>2025-08-12T14:14:36Z</time><extensions><speed>1.450128</speed><course>227.842098</course><hAcc>1.319863</hAcc><vAcc>0.857542</vAcc></extensions></trkpt>
      <trkpt lon="-82.151989" lat="33.552608"><ele>100.518363</ele><time>2025-08-12T14:14:37Z</time><extensions><speed>1.387620</speed><course>228.743674</course><hAcc>1.310351</hAcc><vAcc>0.859873</vAcc></extensions></trkpt>
      <trkpt lon="-82.152001" lat="33.552600"><ele>100.482216</ele><time>2025-08-12T14:14:38Z</time><extensions><speed>1.384040</speed><course>230.306446</course><hAcc>1.313389</hAcc><vAcc>0.861444</vAcc></extensions></trkpt>
      <trkpt lon="-82.152012" lat="33.552592"><ele>100.440752</ele><time>2025-08-12T14:14:39Z</time><extensions><speed>1.418134</speed><course>230.616978</course><hAcc>1.308274</hAcc><vAcc>0.862249</vAcc></extensions></trkpt>
      <trkpt lon="-82.152024" lat="33.552583"><ele>100.380049</ele><time>2025-08-12T14:14:40Z</time><extensions><speed>1.417647</speed><course>228.289757</course><hAcc>1.312310</hAcc><vAcc>0.861936</vAcc></extensions></trkpt>
      <trkpt lon="-82.152035" lat="33.552575"><ele>100.320648</ele><time>2025-08-12T14:14:41Z</time><extensions><speed>1.288094</speed><course>229.338892</course><hAcc>1.333314</hAcc><vAcc>0.861093</vAcc></extensions></trkpt>
      <trkpt lon="-82.152046" lat="33.552568"><ele>100.256428</ele><time>2025-08-12T14:14:42Z</time><extensions><speed>1.380579</speed><course>231.410091</course><hAcc>1.312263</hAcc><vAcc>0.859860</vAcc></extensions></trkpt>
      <trkpt lon="-82.152058" lat="33.552560"><ele>100.182171</ele><time>2025-08-12T14:14:43Z</time><extensions><speed>1.433157</speed><course>233.175703</course><hAcc>1.308705</hAcc><vAcc>0.858417</vAcc></extensions></trkpt>
      <trkpt lon="-82.152070" lat="33.552552"><ele>100.098759</ele><time>2025-08-12T14:14:44Z</time><extensions><speed>1.392337</speed><course>235.373340</course><hAcc>1.313921</hAcc><vAcc>0.856760</vAcc></extensions></trkpt>
      <trkpt lon="-82.152083" lat="33.552546"><ele>100.017235</ele><time>2025-08-12T14:14:45Z</time><extensions><speed>1.308257</speed><course>237.963253</course><hAcc>1.321635</hAcc><vAcc>0.855385</vAcc></extensions></trkpt>
      <trkpt lon="-82.152094" lat="33.552540"><ele>99.943847</ele><time>2025-08-12T14:14:46Z</time><extensions><speed>1.240800</speed><course>240.473259</course><hAcc>1.327891</hAcc><vAcc>0.854658</vAcc></extensions></trkpt>
      <trkpt lon="-82.152106" lat="33.552534"><ele>99.870160</ele><time>2025-08-12T14:14:47Z</time><extensions><speed>1.264450</speed><course>237.829253</course><hAcc>1.324457</hAcc><vAcc>0.853817</vAcc></extensions></trkpt>
      <trkpt lon="-82.152117" lat="33.552528"><ele>99.792722</ele><time>2025-08-12T14:14:48Z</time><extensions><speed>1.309567</speed><course>234.001334</course><hAcc>1.325713</hAcc><vAcc>0.853522</vAcc></extensions></trkpt>
      <trkpt lon="-82.152129" lat="33.552520"><ele>99.710898</ele><time>2025-08-12T14:14:49Z</time><extensions><speed>1.346446</speed><course>229.749561</course><hAcc>1.321678</hAcc><vAcc>0.853319</vAcc></extensions></trkpt>
      <trkpt lon="-82.152140" lat="33.552512"><ele>99.632379</ele><time>2025-08-12T14:14:50Z</time><extensions><speed>1.398456</speed><course>228.379678</course><hAcc>1.314166</hAcc><vAcc>0.852889</vAcc></extensions></trkpt>
      <trkpt lon="-82.152151" lat="33.552504"><ele>99.555780</ele><time>2025-08-12T14:14:51Z</time><extensions><speed>1.341113</speed><course>230.654556</course><hAcc>1.314387</hAcc><vAcc>0.852584</vAcc></extensions></trkpt>
      <trkpt lon="-82.152162" lat="33.552497"><ele>99.500831</ele><time>2025-08-12T14:14:52Z</time><extensions><speed>1.279264</speed><course>232.696315</course><hAcc>1.311565</hAcc><vAcc>0.852351</vAcc></extensions></trkpt>
      <trkpt lon="-82.152173" lat="33.552490"><ele>99.449693</ele><time>2025-08-12T14:14:53Z</time><extensions><speed>1.262023</speed><course>233.037794</course><hAcc>1.302323</hAcc><vAcc>0.852184</vAcc></extensions></trkpt>
      <trkpt lon="-82.152184" lat="33.552483"><ele>99.403460</ele><time>2025-08-12T14:14:54Z</time><extensions><speed>1.295514</speed><course>232.429985</course><hAcc>1.300581</hAcc><vAcc>0.852121</vAcc></extensions></trkpt>
      <trkpt lon="-82.152195" lat="33.552475"><ele>99.353445</ele><time>2025-08-12T14:14:55Z</time><extensions><speed>1.269529</speed><course>229.776306</course><hAcc>1.301912</hAcc><vAcc>0.851946</vAcc></extensions></trkpt>
      <trkpt lon="-82.152205" lat="33.552468"><ele>99.309503</ele><time>2025-08-12T14:14:56Z</time><extensions><speed>1.250925</speed><course>229.332715</course><hAcc>1.297654</hAcc><vAcc>0.851033</vAcc></extensions></trkpt>
      <trkpt lon="-82.152215" lat="33.552460"><ele>99.251277</ele><time>2025-08-12T14:14:57Z</time><extensions><speed>1.282406</speed><course>223.876420</course><hAcc>1.292327</hAcc><vAcc>0.849706</vAcc></extensions></trkpt>
      <trkpt lon="-82.152224" lat="33.552452"><ele>99.206189</ele><time>2025-08-12T14:14:58Z</time><extensions><speed>1.316261</speed><course>220.115039</course><hAcc>1.286044</hAcc><vAcc>0.847996</vAcc></extensions></trkpt>
      <trkpt lon="-82.152233" lat="33.552443"><ele>99.157383</ele><time>2025-08-12T14:14:59Z</time><extensions><speed>1.252672</speed><course>219.816635</course><hAcc>1.279646</hAcc><vAcc>0.845653</vAcc></extensions></trkpt>
      <trkpt lon="-82.152242" lat="33.552435"><ele>99.116613</ele><time>2025-08-12T14:15:00Z</time><extensions><speed>1.162203</speed><course>223.583219</course><hAcc>1.276069</hAcc><vAcc>0.843574</vAcc></extensions></trkpt>
      <trkpt lon="-82.152251" lat="33.552427"><ele>99.079571</ele><time>2025-08-12T14:15:01Z</time><extensions><speed>1.205243</speed><course>228.132729</course><hAcc>1.271257</hAcc><vAcc>0.841049</vAcc></extensions></trkpt>
      <trkpt lon="-82.152261" lat="33.552420"><ele>99.048206</ele><time>2025-08-12T14:15:02Z</time><extensions><speed>1.276108</speed><course>229.299619</course><hAcc>1.264549</hAcc><vAcc>0.838082</vAcc></extensions></trkpt>
      <trkpt lon="-82.152272" lat="33.552412"><ele>99.018979</ele><time>2025-08-12T14:15:03Z</time><extensions><speed>1.390707</speed><course>229.528282</course><hAcc>1.269242</hAcc><vAcc>0.834820</vAcc></extensions></trkpt>
      <trkpt lon="-82.152284" lat="33.552404"><ele>98.996420</ele><time>2025-08-12T14:15:04Z</time><extensions><speed>1.433758</speed><course>229.175662</course><hAcc>1.271193</hAcc><vAcc>0.831755</vAcc></extensions></trkpt>
      <trkpt lon="-82.152295" lat="33.552395"><ele>98.979947</ele><time>2025-08-12T14:15:05Z</time><extensions><speed>1.409029</speed><course>228.322813</course><hAcc>1.269630</hAcc><vAcc>0.828309</vAcc></extensions></trkpt>
      <trkpt lon="-82.152306" lat="33.552387"><ele>98.950765</ele><time>2025-08-12T14:15:06Z</time><extensions><speed>1.340962</speed><course>228.178628</course><hAcc>1.266848</hAcc><vAcc>0.824991</vAcc></extensions></trkpt>
      <trkpt lon="-82.152316" lat="33.552379"><ele>98.925592</ele><time>2025-08-12T14:15:07Z</time><extensions><speed>1.200450</speed><course>228.311813</course><hAcc>1.260098</hAcc><vAcc>0.821828</vAcc></extensions></trkpt>
      <trkpt lon="-82.152326" lat="33.552372"><ele>98.896157</ele><time>2025-08-12T14:15:08Z</time><extensions><speed>1.137781</speed><course>228.573913</course><hAcc>1.252828</hAcc><vAcc>0.818661</vAcc></extensions></trkpt>
      <trkpt lon="-82.152335" lat="33.552365"><ele>98.866436</ele><time>2025-08-12T14:15:09Z</time><extensions><speed>1.231181</speed><course>228.295654</course><hAcc>1.244244</hAcc><vAcc>0.815744</vAcc></extensions></trkpt>
      <trkpt lon="-82.152346" lat="33.552357"><ele>98.833571</ele><time>2025-08-12T14:15:10Z</time><extensions><speed>1.319444</speed><course>228.128085</course><hAcc>1.238846</hAcc><vAcc>0.812983</vAcc></extensions></trkpt>
      <trkpt lon="-82.152357" lat="33.552349"><ele>98.796158</ele><time>2025-08-12T14:15:11Z</time><extensions><speed>1.394308</speed><course>228.811821</course><hAcc>1.232826</hAcc><vAcc>0.810476</vAcc></extensions></trkpt>
      <trkpt lon="-82.152368" lat="33.552341"><ele>98.752537</ele><time>2025-08-12T14:15:12Z</time><extensions><speed>1.399989</speed><course>230.709699</course><hAcc>1.230596</hAcc><vAcc>0.808093</vAcc></extensions></trkpt>
      <trkpt lon="-82.152380" lat="33.552333"><ele>98.714527</ele><time>2025-08-12T14:15:13Z</time><extensions><speed>1.398536</speed><course>230.431704</course><hAcc>1.230154</hAcc><vAcc>0.806007</vAcc></extensions></trkpt>
      <trkpt lon="-82.152391" lat="33.552326"><ele>98.678449</ele><time>2025-08-12T14:15:14Z</time><extensions><speed>1.287551</speed><course>232.333946</course><hAcc>1.231195</hAcc><vAcc>0.803985</vAcc></extensions></trkpt>
      <trkpt lon="-82.152401" lat="33.552319"><ele>98.643113</ele><time>2025-08-12T14:15:15Z</time><extensions><speed>1.161148</speed><course>232.198987</course><hAcc>1.226333</hAcc><vAcc>0.801864</vAcc></extensions></trkpt>
      <trkpt lon="-82.152411" lat="33.552312"><ele>98.601937</ele><time>2025-08-12T14:15:16Z</time><extensions><speed>1.207529</speed><course>230.093956</course><hAcc>1.223063</hAcc><vAcc>0.800097</vAcc></extensions></trkpt>
      <trkpt lon="-82.152421" lat="33.552305"><ele>98.560125</ele><time>2025-08-12T14:15:17Z</time><extensions><speed>1.300249</speed><course>227.113190</course><hAcc>1.228514</hAcc><vAcc>0.799255</vAcc></extensions></trkpt>
      <trkpt lon="-82.152432" lat="33.552296"><ele>98.505391</ele><time>2025-08-12T14:15:18Z</time><extensions><speed>1.386987</speed><course>225.228594</course><hAcc>1.230726</hAcc><vAcc>0.797915</vAcc></extensions></trkpt>
      <trkpt lon="-82.152442" lat="33.552287"><ele>98.438306</ele><time>2025-08-12T14:15:19Z</time><extensions><speed>1.423104</speed><course>223.596981</course><hAcc>1.233267</hAcc><vAcc>0.796759</vAcc></extensions></trkpt>
      <trkpt lon="-82.152453" lat="33.552278"><ele>98.364676</ele><time>2025-08-12T14:15:20Z</time><extensions><speed>1.399323</speed><course>224.306436</course><hAcc>1.233559</hAcc><vAcc>0.795379</vAcc></extensions></trkpt>
      <trkpt lon="-82.152463" lat="33.552270"><ele>98.310422</ele><time>2025-08-12T14:15:21Z</time><extensions><speed>1.303650</speed><course>226.011282</course><hAcc>1.226239</hAcc><vAcc>0.794007</vAcc></extensions></trkpt>
      <trkpt lon="-82.152474" lat="33.552261"><ele>98.254341</ele><time>2025-08-12T14:15:22Z</time><extensions><speed>1.310026</speed><course>227.468922</course><hAcc>1.217495</hAcc><vAcc>0.792525</vAcc></extensions></trkpt>
      <trkpt lon="-82.152484" lat="33.552253"><ele>98.195324</ele><time>2025-08-12T14:15:23Z</time><extensions><speed>1.310165</speed><course>227.179235</course><hAcc>1.212182</hAcc><vAcc>0.791102</vAcc></extensions></trkpt>
      <trkpt lon="-82.152494" lat="33.552245"><ele>98.129750</ele><time>2025-08-12T14:15:24Z</time><extensions><speed>1.272675</speed><course>225.916530</course><hAcc>1.199886</hAcc><vAcc>0.789721</vAcc></extensions></trkpt>
      <trkpt lon="-82.152504" lat="33.552237"><ele>98.052956</ele><time>2025-08-12T14:15:25Z</time><extensions><speed>1.259485</speed><course>223.670600</course><hAcc>1.187350</hAcc><vAcc>0.788323</vAcc></extensions></trkpt>
      <trkpt lon="-82.152513" lat="33.552229"><ele>97.971883</ele><time>2025-08-12T14:15:26Z</time><extensions><speed>1.317870</speed><course>224.789960</course><hAcc>1.187160</hAcc><vAcc>0.786794</vAcc></extensions></trkpt>
      <trkpt lon="-82.152523" lat="33.552221"><ele>97.904212</ele><time>2025-08-12T14:15:27Z</time><extensions><speed>1.217133</speed><course>227.498320</course><hAcc>1.210638</hAcc><vAcc>0.784968</vAcc></extensions></trkpt>
      <trkpt lon="-82.152533" lat="33.552214"><ele>97.849763</ele><time>2025-08-12T14:15:28Z</time><extensions><speed>1.169709</speed><course>233.302920</course><hAcc>1.195491</hAcc><vAcc>0.782726</vAcc></extensions></trkpt>
      <trkpt lon="-82.152544" lat="33.552208"><ele>97.794032</ele><time>2025-08-12T14:15:29Z</time><extensions><speed>1.230639</speed><course>238.194570</course><hAcc>1.195770</hAcc><vAcc>0.780077</vAcc></extensions></trkpt>
      <trkpt lon="-82.152556" lat="33.552202"><ele>97.749889</ele><time>2025-08-12T14:15:30Z</time><extensions><speed>1.336064</speed><course>240.098008</course><hAcc>1.205300</hAcc><vAcc>0.777144</vAcc></extensions></trkpt>
      <trkpt lon="-82.152569" lat="33.552196"><ele>97.711966</ele><time>2025-08-12T14:15:31Z</time><extensions><speed>1.420523</speed><course>242.264560</course><hAcc>1.206185</hAcc><vAcc>0.774094</vAcc></extensions></trkpt>
      <trkpt lon="-82.152582" lat="33.552190"><ele>97.675345</ele><time>2025-08-12T14:15:32Z</time><extensions><speed>1.398503</speed><course>237.822145</course><hAcc>1.212131</hAcc><vAcc>0.771093</vAcc></extensions></trkpt>
      <trkpt lon="-82.152594" lat="33.552182"><ele>97.660951</ele><time>2025-08-12T14:15:33Z</time><extensions><speed>1.329830</speed><course>229.161078</course><hAcc>1.216490</hAcc><vAcc>0.768292</vAcc></extensions></trkpt>
      <trkpt lon="-82.152604" lat="33.552174"><ele>97.651817</ele><time>2025-08-12T14:15:34Z</time><extensions><speed>1.298460</speed><course>225.349209</course><hAcc>1.212398</hAcc><vAcc>0.765797</vAcc></extensions></trkpt>
      <trkpt lon="-82.152613" lat="33.552166"><ele>97.642999</ele><time>2025-08-12T14:15:35Z</time><extensions><speed>1.240217</speed><course>222.276525</course><hAcc>1.201898</hAcc><vAcc>0.763660</vAcc></extensions></trkpt>
      <trkpt lon="-82.152622" lat="33.552158"><ele>97.632249</ele><time>2025-08-12T14:15:36Z</time><extensions><speed>1.188963</speed><course>222.059016</course><hAcc>1.191909</hAcc><vAcc>0.761893</vAcc></extensions></trkpt>
      <trkpt lon="-82.152631" lat="33.552151"><ele>97.617979</ele><time>2025-08-12T14:15:37Z</time><extensions><speed>1.173216</speed><course>228.447343</course><hAcc>1.188826</hAcc><vAcc>0.760478</vAcc></extensions></trkpt>
      <trkpt lon="-82.152642" lat="33.552143"><ele>97.607505</ele><time>2025-08-12T14:15:38Z</time><extensions><speed>1.358712</speed><course>230.395085</course><hAcc>1.175652</hAcc><vAcc>0.759380</vAcc></extensions></trkpt>
      <trkpt lon="-82.152653" lat="33.552135"><ele>97.600654</ele><time>2025-08-12T14:15:39Z</time><extensions><speed>1.428725</speed><course>227.981945</course><hAcc>1.169538</hAcc><vAcc>0.758552</vAcc></extensions></trkpt>
      <trkpt lon="-82.152664" lat="33.552126"><ele>97.584249</ele><time>2025-08-12T14:15:40Z</time><extensions><speed>1.448285</speed><course>223.313068</course><hAcc>1.164036</hAcc><vAcc>0.757947</vAcc></extensions></trkpt>
      <trkpt lon="-82.152674" lat="33.552116"><ele>97.574425</ele><time>2025-08-12T14:15:41Z</time><extensions><speed>1.395988</speed><course>220.772943</course><hAcc>1.159440</hAcc><vAcc>0.757519</vAcc></extensions></trkpt>
      <trkpt lon="-82.152684" lat="33.552107"><ele>97.559182</ele><time>2025-08-12T14:15:42Z</time><extensions><speed>1.344645</speed><course>221.483709</course><hAcc>1.156887</hAcc><vAcc>0.757226</vAcc></extensions></trkpt>
      <trkpt lon="-82.152693" lat="33.552099"><ele>97.527812</ele><time>2025-08-12T14:15:43Z</time><extensions><speed>1.239604</speed><course>224.064848</course><hAcc>1.157553</hAcc><vAcc>0.757033</vAcc></extensions></trkpt>
      <trkpt lon="-82.152703" lat="33.552091"><ele>97.493314</ele><time>2025-08-12T14:15:44Z</time><extensions><speed>1.118880</speed><course>230.109812</course><hAcc>1.162407</hAcc><vAcc>0.756911</vAcc></extensions></trkpt>
      <trkpt lon="-82.152712" lat="33.552085"><ele>97.455757</ele><time>2025-08-12T14:15:45Z</time><extensions><speed>1.169619</speed><course>234.347039</course><hAcc>1.163618</hAcc><vAcc>0.756839</vAcc></extensions></trkpt>
      <trkpt lon="-82.152723" lat="33.552079"><ele>97.418954</ele><time>2025-08-12T14:15:46Z</time><extensions><speed>1.203885</speed><course>234.883160</course><hAcc>1.161743</hAcc><vAcc>0.756798</vAcc></extensions></trkpt>
      <trkpt lon="-82.152734" lat="33.552072"><ele>97.380513</ele><time>2025-08-12T14:15:47Z</time><extensions><speed>1.262740</speed><course>232.292514</course><hAcc>1.167440</hAcc><vAcc>0.756778</vAcc></extensions></trkpt>
      <trkpt lon="-82.152745" lat="33.552065"><ele>97.339530</ele><time>2025-08-12T14:15:48Z</time><extensions><speed>1.346889</speed><course>230.329809</course><hAcc>1.174529</hAcc><vAcc>0.756769</vAcc></extensions></trkpt>
      <trkpt lon="-82.152755" lat="33.552057"><ele>97.292691</ele><time>2025-08-12T14:15:49Z</time><extensions><speed>1.327908</speed><course>227.947702</course><hAcc>1.176818</hAcc><vAcc>0.757109</vAcc></extensions></trkpt>
      <trkpt lon="-82.152766" lat="33.552049"><ele>97.238574</ele><time>2025-08-12T14:15:50Z</time><extensions><speed>1.299406</speed><course>229.950481</course><hAcc>1.175063</hAcc><vAcc>0.757892</vAcc></extensions></trkpt>
      <trkpt lon="-82.152777" lat="33.552042"><ele>97.196184</ele><time>2025-08-12T14:15:51Z</time><extensions><speed>1.218493</speed><course>234.465636</course><hAcc>1.176902</hAcc><vAcc>0.758968</vAcc></extensions></trkpt>
      <trkpt lon="-82.152788" lat="33.552036"><ele>97.153376</ele><time>2025-08-12T14:15:52Z</time><extensions><speed>1.185858</speed><course>240.104581</course><hAcc>1.189718</hAcc><vAcc>0.760415</vAcc></extensions></trkpt>
      <trkpt lon="-82.152799" lat="33.552031"><ele>97.119724</ele><time>2025-08-12T14:15:53Z</time><extensions><speed>1.185284</speed><course>243.984526</course><hAcc>1.193734</hAcc><vAcc>0.762560</vAcc></extensions></trkpt>
      <trkpt lon="-82.152811" lat="33.552027"><ele>97.084742</ele><time>2025-08-12T14:15:54Z</time><extensions><speed>1.223639</speed><course>245.091505</course><hAcc>1.203899</hAcc><vAcc>0.765079</vAcc></extensions></trkpt>
      <trkpt lon="-82.152823" lat="33.552022"><ele>97.049581</ele><time>2025-08-12T14:15:55Z</time><extensions><speed>1.222969</speed><course>243.906824</course><hAcc>1.209248</hAcc><vAcc>0.768093</vAcc></extensions></trkpt>
      <trkpt lon="-82.152835" lat="33.552017"><ele>97.034288</ele><time>2025-08-12T14:15:56Z</time><extensions><speed>1.255951</speed><course>243.852283</course><hAcc>1.215819</hAcc><vAcc>0.771153</vAcc></extensions></trkpt>
      <trkpt lon="-82.152846" lat="33.552012"><ele>97.033110</ele><time>2025-08-12T14:15:57Z</time><extensions><speed>1.186707</speed><course>244.687893</course><hAcc>1.220829</hAcc><vAcc>0.774065</vAcc></extensions></trkpt>
      <trkpt lon="-82.152858" lat="33.552007"><ele>97.019939</ele><time>2025-08-12T14:15:58Z</time><extensions><speed>1.265992</speed><course>241.144345</course><hAcc>1.222773</hAcc><vAcc>0.777003</vAcc></extensions></trkpt>
      <trkpt lon="-82.152870" lat="33.552001"><ele>97.023527</ele><time>2025-08-12T14:15:59Z</time><extensions><speed>1.349244</speed><course>236.714036</course><hAcc>1.228030</hAcc><vAcc>0.779752</vAcc></extensions></trkpt>
      <trkpt lon="-82.152882" lat="33.551994"><ele>97.038293</ele><time>2025-08-12T14:16:00Z</time><extensions><speed>1.403030</speed><course>234.431915</course><hAcc>1.226299</hAcc><vAcc>0.782047</vAcc></extensions></trkpt>
      <trkpt lon="-82.152894" lat="33.551987"><ele>97.053916</ele><time>2025-08-12T14:16:01Z</time><extensions><speed>1.357441</speed><course>232.343737</course><hAcc>1.230276</hAcc><vAcc>0.783640</vAcc></extensions></trkpt>
      <trkpt lon="-82.152905" lat="33.551979"><ele>97.081460</ele><time>2025-08-12T14:16:02Z</time><extensions><speed>1.279065</speed><course>227.427081</course><hAcc>1.229846</hAcc><vAcc>0.784354</vAcc></extensions></trkpt>
      <trkpt lon="-82.152915" lat="33.551971"><ele>97.116645</ele><time>2025-08-12T14:16:03Z</time><extensions><speed>1.286813</speed><course>220.227458</course><hAcc>1.226316</hAcc><vAcc>0.784098</vAcc></extensions></trkpt>
      <trkpt lon="-82.152923" lat="33.551961"><ele>97.154394</ele><time>2025-08-12T14:16:04Z</time><extensions><speed>1.286590</speed><course>214.700586</course><hAcc>1.211985</hAcc><vAcc>0.782873</vAcc></extensions></trkpt>
      <trkpt lon="-82.152931" lat="33.551951"><ele>97.207075</ele><time>2025-08-12T14:16:05Z</time><extensions><speed>1.351766</speed><course>211.398981</course><hAcc>1.202903</hAcc><vAcc>0.780798</vAcc></extensions></trkpt>
      <trkpt lon="-82.152938" lat="33.551941"><ele>97.260124</ele><time>2025-08-12T14:16:06Z</time><extensions><speed>1.369618</speed><course>208.316873</course><hAcc>1.197135</hAcc><vAcc>0.778092</vAcc></extensions></trkpt>
      <trkpt lon="-82.152945" lat="33.551930"><ele>97.324600</ele><time>2025-08-12T14:16:07Z</time><extensions><speed>1.272901</speed><course>206.332982</course><hAcc>1.184837</hAcc><vAcc>0.775040</vAcc></extensions></trkpt>
      <trkpt lon="-82.152951" lat="33.551920"><ele>97.400944</ele><time>2025-08-12T14:16:08Z</time><extensions><speed>1.230992</speed><course>206.261270</course><hAcc>1.166239</hAcc><vAcc>0.771924</vAcc></extensions></trkpt>
      <trkpt lon="-82.152956" lat="33.551910"><ele>97.483412</ele><time>2025-08-12T14:16:09Z</time><extensions><speed>1.166392</speed><course>205.960872</course><hAcc>1.160624</hAcc><vAcc>0.769004</vAcc></extensions></trkpt>
      <trkpt lon="-82.152961" lat="33.551901"><ele>97.568482</ele><time>2025-08-12T14:16:10Z</time><extensions><speed>1.131059</speed><course>202.141042</course><hAcc>1.151842</hAcc><vAcc>0.766836</vAcc></extensions></trkpt>
      <trkpt lon="-82.152965" lat="33.551891"><ele>97.652170</ele><time>2025-08-12T14:16:11Z</time><extensions><speed>1.175916</speed><course>193.994863</course><hAcc>1.141128</hAcc><vAcc>0.765219</vAcc></extensions></trkpt>
      <trkpt lon="-82.152967" lat="33.551880"><ele>97.739023</ele><time>2025-08-12T14:16:12Z</time><extensions><speed>1.269140</speed><course>184.263258</course><hAcc>1.137874</hAcc><vAcc>0.763811</vAcc></extensions></trkpt>
      <trkpt lon="-82.152967" lat="33.551868"><ele>97.821294</ele><time>2025-08-12T14:16:13Z</time><extensions><speed>1.366793</speed><course>172.455383</course><hAcc>1.137408</hAcc><vAcc>0.762866</vAcc></extensions></trkpt>
      <trkpt lon="-82.152964" lat="33.551856"><ele>97.903917</ele><time>2025-08-12T14:16:14Z</time><extensions><speed>1.307596</speed><course>163.644833</course><hAcc>1.136777</hAcc><vAcc>0.762341</vAcc></extensions></trkpt>
      <trkpt lon="-82.152959" lat="33.551846"><ele>97.977200</ele><time>2025-08-12T14:16:15Z</time><extensions><speed>1.248737</speed><course>157.111043</course><hAcc>1.140859</hAcc><vAcc>0.762346</vAcc></extensions></trkpt>
      <trkpt lon="-82.152954" lat="33.551835"><ele>98.044807</ele><time>2025-08-12T14:16:16Z</time><extensions><speed>1.243227</speed><course>153.868081</course><hAcc>1.144413</hAcc><vAcc>0.762589</vAcc></extensions></trkpt>
      <trkpt lon="-82.152948" lat="33.551825"><ele>98.100698</ele><time>2025-08-12T14:16:17Z</time><extensions><speed>1.342563</speed><course>154.720774</course><hAcc>1.152096</hAcc><vAcc>0.762991</vAcc></extensions></trkpt>
      <trkpt lon="-82.152942" lat="33.551814"><ele>98.148993</ele><time>2025-08-12T14:16:18Z</time><extensions><speed>1.396246</speed><course>156.588747</course><hAcc>1.156470</hAcc><vAcc>0.763482</vAcc></extensions></trkpt>
      <trkpt lon="-82.152936" lat="33.551802"><ele>98.178397</ele><time>2025-08-12T14:16:19Z</time><extensions><speed>1.451242</speed><course>157.906516</course><hAcc>1.172619</hAcc><vAcc>0.763935</vAcc></extensions></trkpt>
      <trkpt lon="-82.152930" lat="33.551790"><ele>98.190707</ele><time>2025-08-12T14:16:20Z</time><extensions><speed>1.364752</speed><course>159.960873</course><hAcc>1.208804</hAcc><vAcc>0.764217</vAcc></extensions></trkpt>
      <trkpt lon="-82.152925" lat="33.551779"><ele>98.187893</ele><time>2025-08-12T14:16:21Z</time><extensions><speed>1.303028</speed><course>159.993538</course><hAcc>1.188509</hAcc><vAcc>0.764249</vAcc></extensions></trkpt>
      <trkpt lon="-82.152921" lat="33.551768"><ele>98.166553</ele><time>2025-08-12T14:16:22Z</time><extensions><speed>1.244595</speed><course>161.233018</course><hAcc>1.191388</hAcc><vAcc>0.764720</vAcc></extensions></trkpt>
      <trkpt lon="-82.152916" lat="33.551757"><ele>98.138469</ele><time>2025-08-12T14:16:23Z</time><extensions><speed>1.195261</speed><course>160.382068</course><hAcc>1.207379</hAcc><vAcc>0.765415</vAcc></extensions></trkpt>
      <trkpt lon="-82.152912" lat="33.551747"><ele>98.083260</ele><time>2025-08-12T14:16:24Z</time><extensions><speed>1.207558</speed><course>159.560706</course><hAcc>1.220069</hAcc><vAcc>0.766317</vAcc></extensions></trkpt>
      <trkpt lon="-82.152907" lat="33.551737"><ele>98.021796</ele><time>2025-08-12T14:16:25Z</time><extensions><speed>1.279871</speed><course>158.109110</course><hAcc>1.225655</hAcc><vAcc>0.768281</vAcc></extensions></trkpt>
      <trkpt lon="-82.152902" lat="33.551726"><ele>97.947229</ele><time>2025-08-12T14:16:26Z</time><extensions><speed>1.311589</speed><course>157.368582</course><hAcc>1.233500</hAcc><vAcc>0.770678</vAcc></extensions></trkpt>
      <trkpt lon="-82.152897" lat="33.551715"><ele>97.854816</ele><time>2025-08-12T14:16:27Z</time><extensions><speed>1.308451</speed><course>158.839110</course><hAcc>1.235448</hAcc><vAcc>0.773321</vAcc></extensions></trkpt>
      <trkpt lon="-82.152892" lat="33.551704"><ele>97.736633</ele><time>2025-08-12T14:16:28Z</time><extensions><speed>1.307821</speed><course>161.391969</course><hAcc>1.239436</hAcc><vAcc>0.776564</vAcc></extensions></trkpt>
      <trkpt lon="-82.152887" lat="33.551693"><ele>97.598137</ele><time>2025-08-12T14:16:29Z</time><extensions><speed>1.232946</speed><course>160.911034</course><hAcc>1.249356</hAcc><vAcc>0.780147</vAcc></extensions></trkpt>
      <trkpt lon="-82.152882" lat="33.551683"><ele>97.439996</ele><time>2025-08-12T14:16:30Z</time><extensions><speed>1.202450</speed><course>155.165065</course><hAcc>1.256093</hAcc><vAcc>0.784508</vAcc></extensions></trkpt>
      <trkpt lon="-82.152876" lat="33.551673"><ele>97.275352</ele><time>2025-08-12T14:16:31Z</time><extensions><speed>1.301675</speed><course>148.217442</course><hAcc>1.251326</hAcc><vAcc>0.789227</vAcc></extensions></trkpt>
      <trkpt lon="-82.152868" lat="33.551663"><ele>97.104367</ele><time>2025-08-12T14:16:31Z</time><extensions><speed>1.453322</speed><course>144.862945</course><hAcc>1.261641</hAcc><vAcc>0.793508</vAcc></extensions></trkpt>
      <trkpt lon="-82.152858" lat="33.551652"><ele>96.941585</ele><time>2025-08-12T14:16:33Z</time><extensions><speed>1.578130</speed><course>142.377883</course><hAcc>1.259198</hAcc><vAcc>0.796800</vAcc></extensions></trkpt>
      <trkpt lon="-82.152847" lat="33.551640"><ele>96.777200</ele><time>2025-08-12T14:16:34Z</time><extensions><speed>1.618606</speed><course>140.131384</course><hAcc>1.257517</hAcc><vAcc>0.799248</vAcc></extensions></trkpt>
      <trkpt lon="-82.152837" lat="33.551630"><ele>96.599279</ele><time>2025-08-12T14:16:34Z</time><extensions><speed>1.368236</speed><course>140.174987</course><hAcc>1.280089</hAcc><vAcc>0.800622</vAcc></extensions></trkpt>
      <trkpt lon="-82.152828" lat="33.551620"><ele>96.416923</ele><time>2025-08-12T14:16:35Z</time><extensions><speed>1.462924</speed><course>143.535634</course><hAcc>1.259306</hAcc><vAcc>0.800803</vAcc></extensions></trkpt>
      <trkpt lon="-82.152819" lat="33.551610"><ele>96.252419</ele><time>2025-08-12T14:16:36Z</time><extensions><speed>1.360486</speed><course>145.462656</course><hAcc>1.247010</hAcc><vAcc>0.799818</vAcc></extensions></trkpt>
      <trkpt lon="-82.152810" lat="33.551600"><ele>96.100655</ele><time>2025-08-12T14:16:37Z</time><extensions><speed>1.318565</speed><course>145.050097</course><hAcc>1.245796</hAcc><vAcc>0.797936</vAcc></extensions></trkpt>
      <trkpt lon="-82.152802" lat="33.551590"><ele>95.965021</ele><time>2025-08-12T14:16:38Z</time><extensions><speed>1.374178</speed><course>143.641071</course><hAcc>1.249389</hAcc><vAcc>0.795358</vAcc></extensions></trkpt>
      <trkpt lon="-82.152793" lat="33.551580"><ele>95.830739</ele><time>2025-08-12T14:16:39Z</time><extensions><speed>1.412805</speed><course>140.830435</course><hAcc>1.245303</hAcc><vAcc>0.792281</vAcc></extensions></trkpt>
      <trkpt lon="-82.152783" lat="33.551570"><ele>95.697638</ele><time>2025-08-12T14:16:40Z</time><extensions><speed>1.450450</speed><course>138.936572</course><hAcc>1.242340</hAcc><vAcc>0.788815</vAcc></extensions></trkpt>
      <trkpt lon="-82.152772" lat="33.551560"><ele>95.588753</ele><time>2025-08-12T14:16:41Z</time><extensions><speed>1.476342</speed><course>136.244724</course><hAcc>1.229479</hAcc><vAcc>0.785770</vAcc></extensions></trkpt>
      <trkpt lon="-82.152761" lat="33.551551"><ele>95.500546</ele><time>2025-08-12T14:16:42Z</time><extensions><speed>1.459541</speed><course>134.220470</course><hAcc>1.218663</hAcc><vAcc>0.782990</vAcc></extensions></trkpt>
      <trkpt lon="-82.152750" lat="33.551542"><ele>95.423586</ele><time>2025-08-12T14:16:43Z</time><extensions><speed>1.339952</speed><course>132.615101</course><hAcc>1.215634</hAcc><vAcc>0.780514</vAcc></extensions></trkpt>
      <trkpt lon="-82.152740" lat="33.551534"><ele>95.355850</ele><time>2025-08-12T14:16:44Z</time><extensions><speed>1.230110</speed><course>131.938016</course><hAcc>1.206389</hAcc><vAcc>0.778985</vAcc></extensions></trkpt>
      <trkpt lon="-82.152730" lat="33.551527"><ele>95.306164</ele><time>2025-08-12T14:16:45Z</time><extensions><speed>1.257283</speed><course>134.302671</course><hAcc>1.210042</hAcc><vAcc>0.777993</vAcc></extensions></trkpt>
      <trkpt lon="-82.152720" lat="33.551518"><ele>95.248343</ele><time>2025-08-12T14:16:46Z</time><extensions><speed>1.365418</speed><course>135.104700</course><hAcc>1.221092</hAcc><vAcc>0.778578</vAcc></extensions></trkpt>
      <trkpt lon="-82.152709" lat="33.551509"><ele>95.188627</ele><time>2025-08-12T14:16:47Z</time><extensions><speed>1.458312</speed><course>135.570970</course><hAcc>1.224704</hAcc><vAcc>0.779398</vAcc></extensions></trkpt>
      <trkpt lon="-82.152699" lat="33.551500"><ele>95.140812</ele><time>2025-08-12T14:16:48Z</time><extensions><speed>1.439790</speed><course>135.965435</course><hAcc>1.221576</hAcc><vAcc>0.780325</vAcc></extensions></trkpt>
      <trkpt lon="-82.152688" lat="33.551491"><ele>95.082789</ele><time>2025-08-12T14:16:49Z</time><extensions><speed>1.387512</speed><course>135.010741</course><hAcc>1.205508</hAcc><vAcc>0.781434</vAcc></extensions></trkpt>
      <trkpt lon="-82.152677" lat="33.551482"><ele>95.032994</ele><time>2025-08-12T14:16:50Z</time><extensions><speed>1.394034</speed><course>133.993476</course><hAcc>1.203172</hAcc><vAcc>0.782481</vAcc></extensions></trkpt>
      <trkpt lon="-82.152667" lat="33.551474"><ele>94.988965</ele><time>2025-08-12T14:16:51Z</time><extensions><speed>1.290310</speed><course>133.322822</course><hAcc>1.223976</hAcc><vAcc>0.783229</vAcc></extensions></trkpt>
      <trkpt lon="-82.152656" lat="33.551465"><ele>94.949689</ele><time>2025-08-12T14:16:52Z</time><extensions><speed>1.377093</speed><course>132.968732</course><hAcc>1.197629</hAcc><vAcc>0.783480</vAcc></extensions></trkpt>
      <trkpt lon="-82.152645" lat="33.551457"><ele>94.918362</ele><time>2025-08-12T14:16:53Z</time><extensions><speed>1.425678</speed><course>134.186171</course><hAcc>1.179214</hAcc><vAcc>0.783134</vAcc></extensions></trkpt>
      <trkpt lon="-82.152634" lat="33.551447"><ele>94.891061</ele><time>2025-08-12T14:16:54Z</time><extensions><speed>1.450410</speed><course>136.823737</course><hAcc>1.171866</hAcc><vAcc>0.782169</vAcc></extensions></trkpt>
      <trkpt lon="-82.152624" lat="33.551437"><ele>94.847598</ele><time>2025-08-12T14:16:55Z</time><extensions><speed>1.484568</speed><course>140.998642</course><hAcc>1.165447</hAcc><vAcc>0.780970</vAcc></extensions></trkpt>
      <trkpt lon="-82.152615" lat="33.551427"><ele>94.807365</ele><time>2025-08-12T14:16:56Z</time><extensions><speed>1.464497</speed><course>147.786778</course><hAcc>1.158308</hAcc><vAcc>0.779546</vAcc></extensions></trkpt>
      <trkpt lon="-82.152607" lat="33.551415"><ele>94.777893</ele><time>2025-08-12T14:16:57Z</time><extensions><speed>1.550453</speed><course>152.552639</course><hAcc>1.129732</hAcc><vAcc>0.777420</vAcc></extensions></trkpt>
      <trkpt lon="-82.152599" lat="33.551402"><ele>94.740754</ele><time>2025-08-12T14:16:58Z</time><extensions><speed>1.568715</speed><course>151.900204</course><hAcc>1.119905</hAcc><vAcc>0.775122</vAcc></extensions></trkpt>
      <trkpt lon="-82.152591" lat="33.551391"><ele>94.715026</ele><time>2025-08-12T14:16:59Z</time><extensions><speed>1.312540</speed><course>147.713866</course><hAcc>1.144392</hAcc><vAcc>0.772873</vAcc></extensions></trkpt>
      <trkpt lon="-82.152583" lat="33.551381"><ele>94.706599</ele><time>2025-08-12T14:17:00Z</time><extensions><speed>1.379221</speed><course>140.794017</course><hAcc>1.114361</hAcc><vAcc>0.770842</vAcc></extensions></trkpt>
      <trkpt lon="-82.152573" lat="33.551372"><ele>94.712727</ele><time>2025-08-12T14:17:01Z</time><extensions><speed>1.353257</speed><course>132.408113</course><hAcc>1.109698</hAcc><vAcc>0.769506</vAcc></extensions></trkpt>
      <trkpt lon="-82.152561" lat="33.551364"><ele>94.744393</ele><time>2025-08-12T14:17:02Z</time><extensions><speed>1.421322</speed><course>127.761341</course><hAcc>1.115803</hAcc><vAcc>0.768289</vAcc></extensions></trkpt>
      <trkpt lon="-82.152548" lat="33.551356"><ele>94.785493</ele><time>2025-08-12T14:17:04Z</time><extensions><speed>1.572723</speed><course>127.265004</course><hAcc>1.115282</hAcc><vAcc>0.767399</vAcc></extensions></trkpt>
      <trkpt lon="-82.152535" lat="33.551347"><ele>94.829830</ele><time>2025-08-12T14:17:05Z</time><extensions><speed>1.642422</speed><course>128.110287</course><hAcc>1.113247</hAcc><vAcc>0.766748</vAcc></extensions></trkpt>
      <trkpt lon="-82.152521" lat="33.551338"><ele>94.882820</ele><time>2025-08-12T14:17:06Z</time><extensions><speed>1.531948</speed><course>128.875339</course><hAcc>1.127543</hAcc><vAcc>0.766215</vAcc></extensions></trkpt>
      <trkpt lon="-82.152509" lat="33.551329"><ele>94.948540</ele><time>2025-08-12T14:17:07Z</time><extensions><speed>1.464459</speed><course>133.264296</course><hAcc>1.126596</hAcc><vAcc>0.765674</vAcc></extensions></trkpt>
      <trkpt lon="-82.152498" lat="33.551320"><ele>95.019280</ele><time>2025-08-12T14:17:08Z</time><extensions><speed>1.384642</speed><course>139.010784</course><hAcc>1.111328</hAcc><vAcc>0.765063</vAcc></extensions></trkpt>
      <trkpt lon="-82.152489" lat="33.551311"><ele>95.093092</ele><time>2025-08-12T14:17:09Z</time><extensions><speed>1.364845</speed><course>141.146597</course><hAcc>1.115535</hAcc><vAcc>0.764396</vAcc></extensions></trkpt>
      <trkpt lon="-82.152479" lat="33.551301"><ele>95.172692</ele><time>2025-08-12T14:17:10Z</time><extensions><speed>1.457240</speed><course>141.452701</course><hAcc>1.135650</hAcc><vAcc>0.763703</vAcc></extensions></trkpt>
      <trkpt lon="-82.152469" lat="33.551290"><ele>95.258096</ele><time>2025-08-12T14:17:11Z</time><extensions><speed>1.634664</speed><course>140.544789</course><hAcc>1.147966</hAcc><vAcc>0.762993</vAcc></extensions></trkpt>
      <trkpt lon="-82.152458" lat="33.551279"><ele>95.320909</ele><time>2025-08-12T14:17:12Z</time><extensions><speed>1.582966</speed><course>138.335326</course><hAcc>1.162687</hAcc><vAcc>0.762254</vAcc></extensions></trkpt>
      <trkpt lon="-82.152446" lat="33.551268"><ele>95.366058</ele><time>2025-08-12T14:17:13Z</time><extensions><speed>1.539925</speed><course>136.022175</course><hAcc>1.153265</hAcc><vAcc>0.761482</vAcc></extensions></trkpt>
      <trkpt lon="-82.152435" lat="33.551259"><ele>95.408332</ele><time>2025-08-12T14:17:14Z</time><extensions><speed>1.449568</speed><course>134.863559</course><hAcc>1.158691</hAcc><vAcc>0.760708</vAcc></extensions></trkpt>
      <trkpt lon="-82.152424" lat="33.551250"><ele>95.452503</ele><time>2025-08-12T14:17:15Z</time><extensions><speed>1.401893</speed><course>137.794064</course><hAcc>1.162748</hAcc><vAcc>0.760579</vAcc></extensions></trkpt>
      <trkpt lon="-82.152414" lat="33.551240"><ele>95.471681</ele><time>2025-08-12T14:17:16Z</time><extensions><speed>1.484887</speed><course>139.987628</course><hAcc>1.167512</hAcc><vAcc>0.760597</vAcc></extensions></trkpt>
      <trkpt lon="-82.152404" lat="33.551229"><ele>95.473397</ele><time>2025-08-12T14:17:17Z</time><extensions><speed>1.465001</speed><course>142.227025</course><hAcc>1.171263</hAcc><vAcc>0.760792</vAcc></extensions></trkpt>
      <trkpt lon="-82.152395" lat="33.551219"><ele>95.456371</ele><time>2025-08-12T14:17:18Z</time><extensions><speed>1.373749</speed><course>141.593892</course><hAcc>1.180790</hAcc><vAcc>0.761254</vAcc></extensions></trkpt>
      <trkpt lon="-82.152386" lat="33.551210"><ele>95.426644</ele><time>2025-08-12T14:17:19Z</time><extensions><speed>1.273050</speed><course>139.450179</course><hAcc>1.189475</hAcc><vAcc>0.761764</vAcc></extensions></trkpt>
      <trkpt lon="-82.152377" lat="33.551201"><ele>95.380025</ele><time>2025-08-12T14:17:20Z</time><extensions><speed>1.263459</speed><course>139.788324</course><hAcc>1.192132</hAcc><vAcc>0.762524</vAcc></extensions></trkpt>
      <trkpt lon="-82.152368" lat="33.551192"><ele>95.331512</ele><time>2025-08-12T14:17:21Z</time><extensions><speed>1.357769</speed><course>141.518452</course><hAcc>1.187944</hAcc><vAcc>0.763470</vAcc></extensions></trkpt>
      <trkpt lon="-82.152359" lat="33.551182"><ele>95.272351</ele><time>2025-08-12T14:17:22Z</time><extensions><speed>1.444058</speed><course>143.346924</course><hAcc>1.177137</hAcc><vAcc>0.764458</vAcc></extensions></trkpt>
      <trkpt lon="-82.152349" lat="33.551171"><ele>95.195490</ele><time>2025-08-12T14:17:23Z</time><extensions><speed>1.518872</speed><course>144.121145</course><hAcc>1.167874</hAcc><vAcc>0.765446</vAcc></extensions></trkpt>
      <trkpt lon="-82.152340" lat="33.551160"><ele>95.117115</ele><time>2025-08-12T14:17:24Z</time><extensions><speed>1.503230</speed><course>143.980352</course><hAcc>1.172754</hAcc><vAcc>0.766312</vAcc></extensions></trkpt>
      <trkpt lon="-82.152331" lat="33.551150"><ele>95.038197</ele><time>2025-08-12T14:17:25Z</time><extensions><speed>1.280859</speed><course>144.732313</course><hAcc>1.204826</hAcc><vAcc>0.766906</vAcc></extensions></trkpt>
      <trkpt lon="-82.152323" lat="33.551141"><ele>94.966291</ele><time>2025-08-12T14:17:26Z</time><extensions><speed>1.246111</speed><course>147.326790</course><hAcc>1.172948</hAcc><vAcc>0.767098</vAcc></extensions></trkpt>
      <trkpt lon="-82.152316" lat="33.551132"><ele>94.901155</ele><time>2025-08-12T14:17:27Z</time><extensions><speed>1.206592</speed><course>144.706676</course><hAcc>1.168713</hAcc><vAcc>0.766848</vAcc></extensions></trkpt>
      <trkpt lon="-82.152308" lat="33.551123"><ele>94.841735</ele><time>2025-08-12T14:17:28Z</time><extensions><speed>1.247888</speed><course>140.772917</course><hAcc>1.178134</hAcc><vAcc>0.766768</vAcc></extensions></trkpt>
      <trkpt lon="-82.152299" lat="33.551114"><ele>94.792160</ele><time>2025-08-12T14:17:29Z</time><extensions><speed>1.278195</speed><course>134.993722</course><hAcc>1.181362</hAcc><vAcc>0.766300</vAcc></extensions></trkpt>
      <trkpt lon="-82.152289" lat="33.551106"><ele>94.758689</ele><time>2025-08-12T14:17:30Z</time><extensions><speed>1.345742</speed><course>131.749705</course><hAcc>1.179592</hAcc><vAcc>0.766366</vAcc></extensions></trkpt>
      <trkpt lon="-82.152278" lat="33.551098"><ele>94.731044</ele><time>2025-08-12T14:17:31Z</time><extensions><speed>1.341754</speed><course>133.357291</course><hAcc>1.176597</hAcc><vAcc>0.766556</vAcc></extensions></trkpt>
      <trkpt lon="-82.152268" lat="33.551090"><ele>94.724303</ele><time>2025-08-12T14:17:32Z</time><extensions><speed>1.323842</speed><course>135.386612</course><hAcc>1.171354</hAcc><vAcc>0.766746</vAcc></extensions></trkpt>
      <trkpt lon="-82.152258" lat="33.551081"><ele>94.731276</ele><time>2025-08-12T14:17:33Z</time><extensions><speed>1.245576</speed><course>137.738056</course><hAcc>1.166454</hAcc><vAcc>0.767334</vAcc></extensions></trkpt>
      <trkpt lon="-82.152250" lat="33.551073"><ele>94.736713</ele><time>2025-08-12T14:17:34Z</time><extensions><speed>1.147528</speed><course>140.219550</course><hAcc>1.160061</hAcc><vAcc>0.768002</vAcc></extensions></trkpt>
      <trkpt lon="-82.152242" lat="33.551065"><ele>94.759861</ele><time>2025-08-12T14:17:35Z</time><extensions><speed>1.048738</speed><course>140.045398</course><hAcc>1.146760</hAcc><vAcc>0.768912</vAcc></extensions></trkpt>
      <trkpt lon="-82.152234" lat="33.551058"><ele>94.781986</ele><time>2025-08-12T14:17:36Z</time><extensions><speed>1.117239</speed><course>136.736073</course><hAcc>1.158553</hAcc><vAcc>0.769978</vAcc></extensions></trkpt>
      <trkpt lon="-82.152225" lat="33.551051"><ele>94.816663</ele><time>2025-08-12T14:17:37Z</time><extensions><speed>1.239481</speed><course>132.241468</course><hAcc>1.156636</hAcc><vAcc>0.771173</vAcc></extensions></trkpt>
      <trkpt lon="-82.152215" lat="33.551043"><ele>94.858732</ele><time>2025-08-12T14:17:38Z</time><extensions><speed>1.380288</speed><course>130.758126</course><hAcc>1.149190</hAcc><vAcc>0.772172</vAcc></extensions></trkpt>
      <trkpt lon="-82.152203" lat="33.551034"><ele>94.907707</ele><time>2025-08-12T14:17:39Z</time><extensions><speed>1.467449</speed><course>132.829398</course><hAcc>1.151100</hAcc><vAcc>0.772778</vAcc></extensions></trkpt>
      <trkpt lon="-82.152193" lat="33.551026"><ele>94.984440</ele><time>2025-08-12T14:17:40Z</time><extensions><speed>1.283071</speed><course>136.374414</course><hAcc>1.183016</hAcc><vAcc>0.772876</vAcc></extensions></trkpt>
      <trkpt lon="-82.152184" lat="33.551017"><ele>95.080547</ele><time>2025-08-12T14:17:41Z</time><extensions><speed>1.242639</speed><course>140.237221</course><hAcc>1.151744</hAcc><vAcc>0.772816</vAcc></extensions></trkpt>
      <trkpt lon="-82.152175" lat="33.551008"><ele>95.185909</ele><time>2025-08-12T14:17:42Z</time><extensions><speed>1.264065</speed><course>141.967566</course><hAcc>1.146981</hAcc><vAcc>0.771990</vAcc></extensions></trkpt>
      <trkpt lon="-82.152167" lat="33.550999"><ele>95.297456</ele><time>2025-08-12T14:17:43Z</time><extensions><speed>1.342413</speed><course>143.097609</course><hAcc>1.154428</hAcc><vAcc>0.770805</vAcc></extensions></trkpt>
      <trkpt lon="-82.152158" lat="33.550989"><ele>95.413541</ele><time>2025-08-12T14:17:44Z</time><extensions><speed>1.414951</speed><course>144.012558</course><hAcc>1.156869</hAcc><vAcc>0.769423</vAcc></extensions></trkpt>
      <trkpt lon="-82.152149" lat="33.550979"><ele>95.537126</ele><time>2025-08-12T14:17:45Z</time><extensions><speed>1.417540</speed><course>141.683818</course><hAcc>1.152705</hAcc><vAcc>0.767999</vAcc></extensions></trkpt>
      <trkpt lon="-82.152139" lat="33.550969"><ele>95.677936</ele><time>2025-08-12T14:17:46Z</time><extensions><speed>1.378132</speed><course>139.691936</course><hAcc>1.148766</hAcc><vAcc>0.766655</vAcc></extensions></trkpt>
      <trkpt lon="-82.152130" lat="33.550960"><ele>95.834012</ele><time>2025-08-12T14:17:47Z</time><extensions><speed>1.269298</speed><course>138.010926</course><hAcc>1.144196</hAcc><vAcc>0.765435</vAcc></extensions></trkpt>
      <trkpt lon="-82.152120" lat="33.550952"><ele>96.006836</ele><time>2025-08-12T14:17:48Z</time><extensions><speed>1.248999</speed><course>135.919412</course><hAcc>1.133160</hAcc><vAcc>0.764362</vAcc></extensions></trkpt>
      <trkpt lon="-82.152111" lat="33.550944"><ele>96.195929</ele><time>2025-08-12T14:17:49Z</time><extensions><speed>1.242985</speed><course>133.070093</course><hAcc>1.117257</hAcc><vAcc>0.763426</vAcc></extensions></trkpt>
      <trkpt lon="-82.152100" lat="33.550936"><ele>96.394369</ele><time>2025-08-12T14:17:50Z</time><extensions><speed>1.409020</speed><course>129.885540</course><hAcc>1.105779</hAcc><vAcc>0.762599</vAcc></extensions></trkpt>
      <trkpt lon="-82.152089" lat="33.550928"><ele>96.587508</ele><time>2025-08-12T14:17:51Z</time><extensions><speed>1.323741</speed><course>127.253864</course><hAcc>1.121337</hAcc><vAcc>0.762017</vAcc></extensions></trkpt>
      <trkpt lon="-82.152077" lat="33.550921"><ele>96.794937</ele><time>2025-08-12T14:17:52Z</time><extensions><speed>1.377943</speed><course>123.043556</course><hAcc>1.098203</hAcc><vAcc>0.761394</vAcc></extensions></trkpt>
      <trkpt lon="-82.152064" lat="33.550915"><ele>96.989281</ele><time>2025-08-12T14:17:53Z</time><extensions><speed>1.384760</speed><course>120.312196</course><hAcc>1.085837</hAcc><vAcc>0.760797</vAcc></extensions></trkpt>
      <trkpt lon="-82.152051" lat="33.550909"><ele>97.204834</ele><time>2025-08-12T14:17:54Z</time><extensions><speed>1.412690</speed><course>116.622822</course><hAcc>1.076411</hAcc><vAcc>0.760273</vAcc></extensions></trkpt>
      <trkpt lon="-82.152037" lat="33.550903"><ele>97.422856</ele><time>2025-08-12T14:17:55Z</time><extensions><speed>1.451621</speed><course>114.000248</course><hAcc>1.077247</hAcc><vAcc>0.759838</vAcc></extensions></trkpt>
      <trkpt lon="-82.152023" lat="33.550898"><ele>97.624695</ele><time>2025-08-12T14:17:56Z</time><extensions><speed>1.328491</speed><course>111.409553</course><hAcc>1.100725</hAcc><vAcc>0.759495</vAcc></extensions></trkpt>
      <trkpt lon="-82.152009" lat="33.550895"><ele>97.824075</ele><time>2025-08-12T14:17:57Z</time><extensions><speed>1.387356</speed><course>104.375957</course><hAcc>1.084484</hAcc><vAcc>0.759240</vAcc></extensions></trkpt>
      <trkpt lon="-82.151994" lat="33.550892"><ele>98.020096</ele><time>2025-08-12T14:17:58Z</time><extensions><speed>1.451887</speed><course>100.225655</course><hAcc>1.084054</hAcc><vAcc>0.759056</vAcc></extensions></trkpt>
      <trkpt lon="-82.151979" lat="33.550890"><ele>98.175317</ele><time>2025-08-12T14:17:59Z</time><extensions><speed>1.496539</speed><course>100.584564</course><hAcc>1.093966</hAcc><vAcc>0.758923</vAcc></extensions></trkpt>
      <trkpt lon="-82.151963" lat="33.550887"><ele>98.304818</ele><time>2025-08-12T14:18:00Z</time><extensions><speed>1.522773</speed><course>101.860077</course><hAcc>1.112681</hAcc><vAcc>0.759373</vAcc></extensions></trkpt>
      <trkpt lon="-82.151948" lat="33.550884"><ele>98.399348</ele><time>2025-08-12T14:18:01Z</time><extensions><speed>1.323225</speed><course>106.777756</course><hAcc>1.144563</hAcc><vAcc>0.759870</vAcc></extensions></trkpt>
      <trkpt lon="-82.151935" lat="33.550880"><ele>98.472231</ele><time>2025-08-12T14:18:02Z</time><extensions><speed>1.260587</speed><course>113.899285</course><hAcc>1.129888</hAcc><vAcc>0.760576</vAcc></extensions></trkpt>
      <trkpt lon="-82.151923" lat="33.550875"><ele>98.528893</ele><time>2025-08-12T14:18:03Z</time><extensions><speed>1.299417</speed><course>119.134436</course><hAcc>1.139419</hAcc><vAcc>0.761862</vAcc></extensions></trkpt>
      <trkpt lon="-82.151911" lat="33.550868"><ele>98.548933</ele><time>2025-08-12T14:18:04Z</time><extensions><speed>1.326973</speed><course>124.474485</course><hAcc>1.148204</hAcc><vAcc>0.763450</vAcc></extensions></trkpt>
      <trkpt lon="-82.151899" lat="33.550861"><ele>98.519762</ele><time>2025-08-12T14:18:05Z</time><extensions><speed>1.349929</speed><course>131.723260</course><hAcc>1.156452</hAcc><vAcc>0.765031</vAcc></extensions></trkpt>
      <trkpt lon="-82.151890" lat="33.550852"><ele>98.466332</ele><time>2025-08-12T14:18:06Z</time><extensions><speed>1.357391</speed><course>144.471746</course><hAcc>1.158002</hAcc><vAcc>0.767354</vAcc></extensions></trkpt>
      <trkpt lon="-82.151883" lat="33.550841"><ele>98.382777</ele><time>2025-08-12T14:18:07Z</time><extensions><speed>1.374736</speed><course>159.359941</course><hAcc>1.154549</hAcc><vAcc>0.770030</vAcc></extensions></trkpt>
      <trkpt lon="-82.151879" lat="33.550829"><ele>98.289384</ele><time>2025-08-12T14:18:08Z</time><extensions><speed>1.444961</speed><course>173.001587</course><hAcc>1.152945</hAcc><vAcc>0.774102</vAcc></extensions></trkpt>
      <trkpt lon="-82.151879" lat="33.550816"><ele>98.177672</ele><time>2025-08-12T14:18:09Z</time><extensions><speed>1.523870</speed><course>185.250840</course><hAcc>1.163703</hAcc><vAcc>0.778332</vAcc></extensions></trkpt>
      <trkpt lon="-82.151883" lat="33.550803"><ele>98.038165</ele><time>2025-08-12T14:18:10Z</time><extensions><speed>1.449625</speed><course>205.791448</course><hAcc>1.183837</hAcc><vAcc>0.783868</vAcc></extensions></trkpt>
      <trkpt lon="-82.151892" lat="33.550792"><ele>97.882496</ele><time>2025-08-12T14:18:11Z</time><extensions><speed>1.508891</speed><course>223.837515</course><hAcc>1.170604</hAcc><vAcc>0.789105</vAcc></extensions></trkpt>
      <trkpt lon="-82.151905" lat="33.550784"><ele>97.736003</ele><time>2025-08-12T14:18:12Z</time><extensions><speed>1.545428</speed><course>242.839258</course><hAcc>1.176102</hAcc><vAcc>0.794167</vAcc></extensions></trkpt>
      <trkpt lon="-82.151921" lat="33.550780"><ele>97.583814</ele><time>2025-08-12T14:18:13Z</time><extensions><speed>1.568778</speed><course>261.792823</course><hAcc>1.186210</hAcc><vAcc>0.798863</vAcc></extensions></trkpt>
      <trkpt lon="-82.151938" lat="33.550780"><ele>97.425512</ele><time>2025-08-12T14:18:14Z</time><extensions><speed>1.576924</speed><course>278.621143</course><hAcc>1.200433</hAcc><vAcc>0.803075</vAcc></extensions></trkpt>
      <trkpt lon="-82.151955" lat="33.550784"><ele>97.269877</ele><time>2025-08-12T14:18:15Z</time><extensions><speed>1.715121</speed><course>288.857534</course><hAcc>1.186988</hAcc><vAcc>0.806903</vAcc></extensions></trkpt>
      <trkpt lon="-82.151972" lat="33.550789"><ele>97.109991</ele><time>2025-08-12T14:18:16Z</time><extensions><speed>1.719417</speed><course>295.354767</course><hAcc>1.179352</hAcc><vAcc>0.811190</vAcc></extensions></trkpt>
      <trkpt lon="-82.151988" lat="33.550797"><ele>96.955131</ele><time>2025-08-12T14:18:17Z</time><extensions><speed>1.678639</speed><course>300.778815</course><hAcc>1.183269</hAcc><vAcc>0.815613</vAcc></extensions></trkpt>
      <trkpt lon="-82.152003" lat="33.550804"><ele>96.796355</ele><time>2025-08-12T14:18:18Z</time><extensions><speed>1.483118</speed><course>306.178556</course><hAcc>1.205292</hAcc><vAcc>0.819322</vAcc></extensions></trkpt>
      <trkpt lon="-82.152016" lat="33.550813"><ele>96.639417</ele><time>2025-08-12T14:18:19Z</time><extensions><speed>1.572454</speed><course>307.970709</course><hAcc>1.194821</hAcc><vAcc>0.823531</vAcc></extensions></trkpt>
      <trkpt lon="-82.152029" lat="33.550821"><ele>96.488227</ele><time>2025-08-12T14:18:20Z</time><extensions><speed>1.491311</speed><course>308.527282</course><hAcc>1.213389</hAcc><vAcc>0.826577</vAcc></extensions></trkpt>
      <trkpt lon="-82.152041" lat="33.550830"><ele>96.353322</ele><time>2025-08-12T14:18:21Z</time><extensions><speed>1.534798</speed><course>308.418162</course><hAcc>1.220011</hAcc><vAcc>0.829151</vAcc></extensions></trkpt>
      <trkpt lon="-82.152054" lat="33.550838"><ele>96.220828</ele><time>2025-08-12T14:18:22Z</time><extensions><speed>1.525455</speed><course>306.539224</course><hAcc>1.238287</hAcc><vAcc>0.831656</vAcc></extensions></trkpt>
      <trkpt lon="-82.152067" lat="33.550846"><ele>96.102615</ele><time>2025-08-12T14:18:23Z</time><extensions><speed>1.457571</speed><course>305.123327</course><hAcc>1.257525</hAcc><vAcc>0.834424</vAcc></extensions></trkpt>
      <trkpt lon="-82.152080" lat="33.550853"><ele>95.997759</ele><time>2025-08-12T14:18:24Z</time><extensions><speed>1.293317</speed><course>304.159611</course><hAcc>1.267194</hAcc><vAcc>0.837449</vAcc></extensions></trkpt>
      <trkpt lon="-82.152091" lat="33.550859"><ele>95.909269</ele><time>2025-08-12T14:18:25Z</time><extensions><speed>1.144235</speed><course>303.644853</course><hAcc>1.265887</hAcc><vAcc>0.840775</vAcc></extensions></trkpt>
      <trkpt lon="-82.152101" lat="33.550865"><ele>95.821225</ele><time>2025-08-12T14:18:26Z</time><extensions><speed>1.187775</speed><course>304.937810</course><hAcc>1.285171</hAcc><vAcc>0.844207</vAcc></extensions></trkpt>
      <trkpt lon="-82.152112" lat="33.550872"><ele>95.744250</ele><time>2025-08-12T14:18:27Z</time><extensions><speed>1.384586</speed><course>304.796000</course><hAcc>1.287157</hAcc><vAcc>0.847959</vAcc></extensions></trkpt>
      <trkpt lon="-82.152125" lat="33.550879"><ele>95.681770</ele><time>2025-08-12T14:18:28Z</time><extensions><speed>1.512924</speed><course>304.283086</course><hAcc>1.287913</hAcc><vAcc>0.851228</vAcc></extensions></trkpt>
      <trkpt lon="-82.152138" lat="33.550887"><ele>95.628224</ele><time>2025-08-12T14:18:29Z</time><extensions><speed>1.477996</speed><course>305.845301</course><hAcc>1.302803</hAcc><vAcc>0.853963</vAcc></extensions></trkpt>
      <trkpt lon="-82.152151" lat="33.550895"><ele>95.592929</ele><time>2025-08-12T14:18:30Z</time><extensions><speed>1.470569</speed><course>308.638283</course><hAcc>1.285522</hAcc><vAcc>0.857179</vAcc></extensions></trkpt>
      <trkpt lon="-82.152163" lat="33.550904"><ele>95.571266</ele><time>2025-08-12T14:18:31Z</time><extensions><speed>1.432575</speed><course>311.651636</course><hAcc>1.281572</hAcc><vAcc>0.859038</vAcc></extensions></trkpt>
      <trkpt lon="-82.152174" lat="33.550912"><ele>95.555709</ele><time>2025-08-12T14:18:32Z</time><extensions><speed>1.291193</speed><course>315.005409</course><hAcc>1.289560</hAcc><vAcc>0.860176</vAcc></extensions></trkpt>
      <trkpt lon="-82.152183" lat="33.550920"><ele>95.547035</ele><time>2025-08-12T14:18:33Z</time><extensions><speed>1.281876</speed><course>319.018047</course><hAcc>1.296314</hAcc><vAcc>0.861448</vAcc></extensions></trkpt>
      <trkpt lon="-82.152192" lat="33.550930"><ele>95.539804</ele><time>2025-08-12T14:18:34Z</time><extensions><speed>1.396876</speed><course>321.789545</course><hAcc>1.291235</hAcc><vAcc>0.862984</vAcc></extensions></trkpt>
      <trkpt lon="-82.152202" lat="33.550940"><ele>95.533812</ele><time>2025-08-12T14:18:35Z</time><extensions><speed>1.453424</speed><course>320.142604</course><hAcc>1.284505</hAcc><vAcc>0.865017</vAcc></extensions></trkpt>
      <trkpt lon="-82.152212" lat="33.550950"><ele>95.555390</ele><time>2025-08-12T14:18:36Z</time><extensions><speed>1.460968</speed><course>319.447024</course><hAcc>1.279430</hAcc><vAcc>0.866251</vAcc></extensions></trkpt>
      <trkpt lon="-82.152222" lat="33.550960"><ele>95.584756</ele><time>2025-08-12T14:18:37Z</time><extensions><speed>1.453403</speed><course>319.385641</course><hAcc>1.272732</hAcc><vAcc>0.868581</vAcc></extensions></trkpt>
      <trkpt lon="-82.152233" lat="33.550970"><ele>95.639116</ele><time>2025-08-12T14:18:38Z</time><extensions><speed>1.447816</speed><course>319.750619</course><hAcc>1.256234</hAcc><vAcc>0.870645</vAcc></extensions></trkpt>
      <trkpt lon="-82.152243" lat="33.550980"><ele>95.716320</ele><time>2025-08-12T14:18:39Z</time><extensions><speed>1.501526</speed><course>319.415400</course><hAcc>1.257997</hAcc><vAcc>0.871706</vAcc></extensions></trkpt>
      <trkpt lon="-82.152253" lat="33.550990"><ele>95.790725</ele><time>2025-08-12T14:18:40Z</time><extensions><speed>1.434078</speed><course>317.717685</course><hAcc>1.290732</hAcc><vAcc>0.873383</vAcc></extensions></trkpt>
      <trkpt lon="-82.152264" lat="33.550999"><ele>95.859643</ele><time>2025-08-12T14:18:41Z</time><extensions><speed>1.368994</speed><course>316.652925</course><hAcc>1.256815</hAcc><vAcc>0.876053</vAcc></extensions></trkpt>
      <trkpt lon="-82.152274" lat="33.551008"><ele>95.923879</ele><time>2025-08-12T14:18:42Z</time><extensions><speed>1.294011</speed><course>314.207855</course><hAcc>1.245705</hAcc><vAcc>0.878884</vAcc></extensions></trkpt>
      <trkpt lon="-82.152284" lat="33.551016"><ele>95.980336</ele><time>2025-08-12T14:18:43Z</time><extensions><speed>1.312235</speed><course>314.209421</course><hAcc>1.252149</hAcc><vAcc>0.881919</vAcc></extensions></trkpt>
      <trkpt lon="-82.152295" lat="33.551025"><ele>96.037733</ele><time>2025-08-12T14:18:44Z</time><extensions><speed>1.432286</speed><course>313.390236</course><hAcc>1.262021</hAcc><vAcc>0.886435</vAcc></extensions></trkpt>
      <trkpt lon="-82.152306" lat="33.551033"><ele>96.090009</ele><time>2025-08-12T14:18:45Z</time><extensions><speed>1.400561</speed><course>310.777278</course><hAcc>1.279092</hAcc><vAcc>0.890331</vAcc></extensions></trkpt>
      <trkpt lon="-82.152318" lat="33.551041"><ele>96.134705</ele><time>2025-08-12T14:18:46Z</time><extensions><speed>1.448335</speed><course>307.762283</course><hAcc>1.269330</hAcc><vAcc>0.892943</vAcc></extensions></trkpt>
      <trkpt lon="-82.152329" lat="33.551049"><ele>96.168888</ele><time>2025-08-12T14:18:47Z</time><extensions><speed>1.293700</speed><course>308.633715</course><hAcc>1.291671</hAcc><vAcc>0.894732</vAcc></extensions></trkpt>
      <trkpt lon="-82.152340" lat="33.551056"><ele>96.194921</ele><time>2025-08-12T14:18:48Z</time><extensions><speed>1.264731</speed><course>309.506851</course><hAcc>1.278043</hAcc><vAcc>0.896569</vAcc></extensions></trkpt>
      <trkpt lon="-82.152350" lat="33.551064"><ele>96.216328</ele><time>2025-08-12T14:18:49Z</time><extensions><speed>1.298581</speed><course>313.909986</course><hAcc>1.284506</hAcc><vAcc>0.899099</vAcc></extensions></trkpt>
      <trkpt lon="-82.152360" lat="33.551072"><ele>96.243355</ele><time>2025-08-12T14:18:50Z</time><extensions><speed>1.297016</speed><course>316.365197</course><hAcc>1.298118</hAcc><vAcc>0.901776</vAcc></extensions></trkpt>
      <trkpt lon="-82.152370" lat="33.551081"><ele>96.258016</ele><time>2025-08-12T14:18:51Z</time><extensions><speed>1.382113</speed><course>316.249041</course><hAcc>1.303995</hAcc><vAcc>0.903794</vAcc></extensions></trkpt>
      <trkpt lon="-82.152381" lat="33.551090"><ele>96.261360</ele><time>2025-08-12T14:18:52Z</time><extensions><speed>1.419274</speed><course>316.873303</course><hAcc>1.306195</hAcc><vAcc>0.906701</vAcc></extensions></trkpt>
      <trkpt lon="-82.152391" lat="33.551100"><ele>96.256753</ele><time>2025-08-12T14:18:53Z</time><extensions><speed>1.465693</speed><course>318.025721</course><hAcc>1.312737</hAcc><vAcc>0.909430</vAcc></extensions></trkpt>
      <trkpt lon="-82.152401" lat="33.551109"><ele>96.267153</ele><time>2025-08-12T14:18:54Z</time><extensions><speed>1.280284</speed><course>317.597298</course><hAcc>1.331564</hAcc><vAcc>0.912567</vAcc></extensions></trkpt>
      <trkpt lon="-82.152410" lat="33.551117"><ele>96.273237</ele><time>2025-08-12T14:18:55Z</time><extensions><speed>1.210854</speed><course>318.168713</course><hAcc>1.317235</hAcc><vAcc>0.914980</vAcc></extensions></trkpt>
      <trkpt lon="-82.152418" lat="33.551125"><ele>96.269806</ele><time>2025-08-12T14:18:56Z</time><extensions><speed>1.164291</speed><course>321.751164</course><hAcc>1.320694</hAcc><vAcc>0.916670</vAcc></extensions></trkpt>
      <trkpt lon="-82.152426" lat="33.551134"><ele>96.249232</ele><time>2025-08-12T14:18:57Z</time><extensions><speed>1.286477</speed><course>323.671342</course><hAcc>1.331335</hAcc><vAcc>0.918295</vAcc></extensions></trkpt>
      <trkpt lon="-82.152435" lat="33.551144"><ele>96.221412</ele><time>2025-08-12T14:18:58Z</time><extensions><speed>1.353125</speed><course>323.378591</course><hAcc>1.336974</hAcc><vAcc>0.920318</vAcc></extensions></trkpt>
      <trkpt lon="-82.152444" lat="33.551154"><ele>96.206797</ele><time>2025-08-12T14:18:59Z</time><extensions><speed>1.318007</speed><course>324.286970</course><hAcc>1.331201</hAcc><vAcc>0.923736</vAcc></extensions></trkpt>
      <trkpt lon="-82.152452" lat="33.551163"><ele>96.211624</ele><time>2025-08-12T14:19:00Z</time><extensions><speed>1.322074</speed><course>323.581749</course><hAcc>1.313738</hAcc><vAcc>0.926102</vAcc></extensions></trkpt>
      <trkpt lon="-82.152461" lat="33.551173"><ele>96.200995</ele><time>2025-08-12T14:19:00Z</time><extensions><speed>1.374637</speed><course>323.156529</course><hAcc>1.309602</hAcc><vAcc>0.927588</vAcc></extensions></trkpt>
      <trkpt lon="-82.152469" lat="33.551183"><ele>96.183714</ele><time>2025-08-12T14:19:01Z</time><extensions><speed>1.281455</speed><course>322.988824</course><hAcc>1.336637</hAcc><vAcc>0.929176</vAcc></extensions></trkpt>
      <trkpt lon="-82.152478" lat="33.551192"><ele>96.163054</ele><time>2025-08-12T14:19:02Z</time><extensions><speed>1.363756</speed><course>325.395418</course><hAcc>1.311831</hAcc><vAcc>0.930113</vAcc></extensions></trkpt>
      <trkpt lon="-82.152485" lat="33.551202"><ele>96.140365</ele><time>2025-08-12T14:19:03Z</time><extensions><speed>1.233411</speed><course>327.473019</course><hAcc>1.334831</hAcc><vAcc>0.931379</vAcc></extensions></trkpt>
      <trkpt lon="-82.152493" lat="33.551211"><ele>96.115556</ele><time>2025-08-12T14:19:04Z</time><extensions><speed>1.183607</speed><course>317.678515</course><hAcc>1.319684</hAcc><vAcc>0.932720</vAcc></extensions></trkpt>
      <trkpt lon="-82.152503" lat="33.551218"><ele>96.099395</ele><time>2025-08-12T14:19:05Z</time><extensions><speed>1.182541</speed><course>310.779262</course><hAcc>1.328877</hAcc><vAcc>0.934358</vAcc></extensions></trkpt>
      <trkpt lon="-82.152513" lat="33.551225"><ele>96.097355</ele><time>2025-08-12T14:19:06Z</time><extensions><speed>1.305998</speed><course>308.560954</course><hAcc>1.352180</hAcc><vAcc>0.937119</vAcc></extensions></trkpt>
      <trkpt lon="-82.152524" lat="33.551233"><ele>96.098441</ele><time>2025-08-12T14:19:07Z</time><extensions><speed>1.446431</speed><course>309.925692</course><hAcc>1.386890</hAcc><vAcc>0.939322</vAcc></extensions></trkpt>
      <trkpt lon="-82.152536" lat="33.551241"><ele>96.121058</ele><time>2025-08-12T14:19:08Z</time><extensions><speed>1.305916</speed><course>309.697945</course><hAcc>1.416457</hAcc><vAcc>0.942767</vAcc></extensions></trkpt>
      <trkpt lon="-82.152547" lat="33.551248"><ele>96.156438</ele><time>2025-08-12T14:19:10Z</time><extensions><speed>1.251699</speed><course>305.007255</course><hAcc>1.395435</hAcc><vAcc>0.946338</vAcc></extensions></trkpt>
      <trkpt lon="-82.152558" lat="33.551255"><ele>96.199964</ele><time>2025-08-12T14:19:11Z</time><extensions><speed>1.220732</speed><course>306.505287</course><hAcc>1.386090</hAcc><vAcc>0.949866</vAcc></extensions></trkpt>
      <trkpt lon="-82.152568" lat="33.551262"><ele>96.246279</ele><time>2025-08-12T14:19:12Z</time><extensions><speed>1.271014</speed><course>312.221447</course><hAcc>1.406338</hAcc><vAcc>0.953063</vAcc></extensions></trkpt>
      <trkpt lon="-82.152579" lat="33.551271"><ele>96.292323</ele><time>2025-08-12T14:19:13Z</time><extensions><speed>1.411596</speed><course>313.814709</course><hAcc>1.406451</hAcc><vAcc>0.955971</vAcc></extensions></trkpt>
      <trkpt lon="-82.152590" lat="33.551280"><ele>96.342423</ele><time>2025-08-12T14:19:14Z</time><extensions><speed>1.501895</speed><course>314.043178</course><hAcc>1.396865</hAcc><vAcc>0.958847</vAcc></extensions></trkpt>
      <trkpt lon="-82.152601" lat="33.551290"><ele>96.388345</ele><time>2025-08-12T14:19:15Z</time><extensions><speed>1.533511</speed><course>316.314876</course><hAcc>1.388247</hAcc><vAcc>0.961972</vAcc></extensions></trkpt>
      <trkpt lon="-82.152613" lat="33.551300"><ele>96.428117</ele><time>2025-08-12T14:19:16Z</time><extensions><speed>1.561466</speed><course>319.119548</course><hAcc>1.387397</hAcc><vAcc>0.964314</vAcc></extensions></trkpt>
      <trkpt lon="-82.152623" lat="33.551310"><ele>96.458423</ele><time>2025-08-12T14:19:17Z</time><extensions><speed>1.317798</speed><course>319.398851</course><hAcc>1.417887</hAcc><vAcc>0.966256</vAcc></extensions></trkpt>
      <trkpt lon="-82.152632" lat="33.551319"><ele>96.484106</ele><time>2025-08-12T14:19:18Z</time><extensions><speed>1.326263</speed><course>319.845422</course><hAcc>1.386694</hAcc><vAcc>0.966782</vAcc></extensions></trkpt>
      <trkpt lon="-82.152641" lat="33.551328"><ele>96.517912</ele><time>2025-08-12T14:19:19Z</time><extensions><speed>1.302767</speed><course>322.994311</course><hAcc>1.391578</hAcc><vAcc>0.966911</vAcc></extensions></trkpt>
      <trkpt lon="-82.152649" lat="33.551338"><ele>96.558408</ele><time>2025-08-12T14:19:20Z</time><extensions><speed>1.430621</speed><course>324.655117</course><hAcc>1.397601</hAcc><vAcc>0.965723</vAcc></extensions></trkpt>
      <trkpt lon="-82.152658" lat="33.551349"><ele>96.599379</ele><time>2025-08-12T14:19:21Z</time><extensions><speed>1.525533</speed><course>327.145159</course><hAcc>1.405287</hAcc><vAcc>0.964118</vAcc></extensions></trkpt>
      <trkpt lon="-82.152667" lat="33.551361"><ele>96.641569</ele><time>2025-08-12T14:19:22Z</time><extensions><speed>1.498894</speed><course>328.518788</course><hAcc>1.415871</hAcc><vAcc>0.962297</vAcc></extensions></trkpt>
      <trkpt lon="-82.152675" lat="33.551372"><ele>96.689231</ele><time>2025-08-12T14:19:23Z</time><extensions><speed>1.425999</speed><course>328.590854</course><hAcc>1.424865</hAcc><vAcc>0.959663</vAcc></extensions></trkpt>
      <trkpt lon="-82.152683" lat="33.551383"><ele>96.730529</ele><time>2025-08-12T14:19:24Z</time><extensions><speed>1.354927</speed><course>327.017411</course><hAcc>1.429066</hAcc><vAcc>0.956270</vAcc></extensions></trkpt>
      <trkpt lon="-82.152691" lat="33.551393"><ele>96.764082</ele><time>2025-08-12T14:19:25Z</time><extensions><speed>1.253002</speed><course>325.035326</course><hAcc>1.428745</hAcc><vAcc>0.952963</vAcc></extensions></trkpt>
      <trkpt lon="-82.152699" lat="33.551402"><ele>96.794015</ele><time>2025-08-12T14:19:26Z</time><extensions><speed>1.220968</speed><course>324.110245</course><hAcc>1.421188</hAcc><vAcc>0.949456</vAcc></extensions></trkpt>
      <trkpt lon="-82.152707" lat="33.551411"><ele>96.831120</ele><time>2025-08-12T14:19:27Z</time><extensions><speed>1.236382</speed><course>324.773354</course><hAcc>1.414234</hAcc><vAcc>0.946325</vAcc></extensions></trkpt>
      <trkpt lon="-82.152715" lat="33.551420"><ele>96.877913</ele><time>2025-08-12T14:19:28Z</time><extensions><speed>1.308658</speed><course>324.094396</course><hAcc>1.420090</hAcc><vAcc>0.943208</vAcc></extensions></trkpt>
      <trkpt lon="-82.152724" lat="33.551430"><ele>96.924578</ele><time>2025-08-12T14:19:29Z</time><extensions><speed>1.411047</speed><course>322.101366</course><hAcc>1.424921</hAcc><vAcc>0.939691</vAcc></extensions></trkpt>
      <trkpt lon="-82.152733" lat="33.551440"><ele>96.960792</ele><time>2025-08-12T14:19:30Z</time><extensions><speed>1.507358</speed><course>321.605561</course><hAcc>1.418982</hAcc><vAcc>0.936267</vAcc></extensions></trkpt>
      <trkpt lon="-82.152743" lat="33.551451"><ele>97.000075</ele><time>2025-08-12T14:19:31Z</time><extensions><speed>1.542786</speed><course>323.100877</course><hAcc>1.418011</hAcc><vAcc>0.933095</vAcc></extensions></trkpt>
      <trkpt lon="-82.152753" lat="33.551462"><ele>97.036699</ele><time>2025-08-12T14:19:32Z</time><extensions><speed>1.530295</speed><course>322.452183</course><hAcc>1.415942</hAcc><vAcc>0.929660</vAcc></extensions></trkpt>
      <trkpt lon="-82.152763" lat="33.551473"><ele>97.082530</ele><time>2025-08-12T14:19:33Z</time><extensions><speed>1.385755</speed><course>320.213856</course><hAcc>1.408152</hAcc><vAcc>0.925941</vAcc></extensions></trkpt>
      <trkpt lon="-82.152773" lat="33.551482"><ele>97.132183</ele><time>2025-08-12T14:19:34Z</time><extensions><speed>1.296412</speed><course>314.459070</course><hAcc>1.391394</hAcc><vAcc>0.922693</vAcc></extensions></trkpt>
      <trkpt lon="-82.152783" lat="33.551490"><ele>97.161162</ele><time>2025-08-12T14:19:35Z</time><extensions><speed>1.314380</speed><course>312.033542</course><hAcc>1.396908</hAcc><vAcc>0.919201</vAcc></extensions></trkpt>
      <trkpt lon="-82.152794" lat="33.551498"><ele>97.188284</ele><time>2025-08-12T14:19:36Z</time><extensions><speed>1.385114</speed><course>311.860304</course><hAcc>1.396300</hAcc><vAcc>0.915887</vAcc></extensions></trkpt>
      <trkpt lon="-82.152805" lat="33.551507"><ele>97.205231</ele><time>2025-08-12T14:19:37Z</time><extensions><speed>1.439964</speed><course>314.203617</course><hAcc>1.391501</hAcc><vAcc>0.912708</vAcc></extensions></trkpt>
      <trkpt lon="-82.152816" lat="33.551516"><ele>97.220539</ele><time>2025-08-12T14:19:38Z</time><extensions><speed>1.458280</speed><course>318.744260</course><hAcc>1.380037</hAcc><vAcc>0.909380</vAcc></extensions></trkpt>
      <trkpt lon="-82.152826" lat="33.551526"><ele>97.231085</ele><time>2025-08-12T14:19:39Z</time><extensions><speed>1.422481</speed><course>323.457222</course><hAcc>1.372911</hAcc><vAcc>0.906610</vAcc></extensions></trkpt>
      <trkpt lon="-82.152834" lat="33.551537"><ele>97.246655</ele><time>2025-08-12T14:19:40Z</time><extensions><speed>1.395144</speed><course>326.214273</course><hAcc>1.378097</hAcc><vAcc>0.903773</vAcc></extensions></trkpt>
      <trkpt lon="-82.152842" lat="33.551547"><ele>97.253643</ele><time>2025-08-12T14:19:41Z</time><extensions><speed>1.327898</speed><course>328.331569</course><hAcc>1.387512</hAcc><vAcc>0.901374</vAcc></extensions></trkpt>
      <trkpt lon="-82.152850" lat="33.551557"><ele>97.251106</ele><time>2025-08-12T14:19:42Z</time><extensions><speed>1.263718</speed><course>327.965622</course><hAcc>1.391868</hAcc><vAcc>0.899443</vAcc></extensions></trkpt>
      <trkpt lon="-82.152857" lat="33.551567"><ele>97.250619</ele><time>2025-08-12T14:19:43Z</time><extensions><speed>1.304566</speed><course>325.455201</course><hAcc>1.396425</hAcc><vAcc>0.898629</vAcc></extensions></trkpt>
      <trkpt lon="-82.152866" lat="33.551577"><ele>97.243930</ele><time>2025-08-12T14:19:44Z</time><extensions><speed>1.404271</speed><course>324.204195</course><hAcc>1.404966</hAcc><vAcc>0.898426</vAcc></extensions></trkpt>
      <trkpt lon="-82.152875" lat="33.551587"><ele>97.240712</ele><time>2025-08-12T14:19:45Z</time><extensions><speed>1.445469</speed><course>324.433653</course><hAcc>1.410972</hAcc><vAcc>0.898269</vAcc></extensions></trkpt>
      <trkpt lon="-82.152884" lat="33.551598"><ele>97.260021</ele><time>2025-08-12T14:19:46Z</time><extensions><speed>1.469886</speed><course>325.358933</course><hAcc>1.420718</hAcc><vAcc>0.898505</vAcc></extensions></trkpt>
      <trkpt lon="-82.152893" lat="33.551609"><ele>97.241424</ele><time>2025-08-12T14:19:47Z</time><extensions><speed>1.440623</speed><course>326.290530</course><hAcc>1.427830</hAcc><vAcc>0.899901</vAcc></extensions></trkpt>
      <trkpt lon="-82.152901" lat="33.551619"><ele>97.226618</ele><time>2025-08-12T14:19:48Z</time><extensions><speed>1.396557</speed><course>327.034671</course><hAcc>1.429851</hAcc><vAcc>0.901905</vAcc></extensions></trkpt>
      <trkpt lon="-82.152909" lat="33.551630"><ele>97.205901</ele><time>2025-08-12T14:19:49Z</time><extensions><speed>1.393683</speed><course>327.309275</course><hAcc>1.426511</hAcc><vAcc>0.904380</vAcc></extensions></trkpt>
      <trkpt lon="-82.152917" lat="33.551640"><ele>97.194319</ele><time>2025-08-12T14:19:50Z</time><extensions><speed>1.368068</speed><course>327.647305</course><hAcc>1.420546</hAcc><vAcc>0.907070</vAcc></extensions></trkpt>
      <trkpt lon="-82.152925" lat="33.551651"><ele>97.152060</ele><time>2025-08-12T14:19:51Z</time><extensions><speed>1.341859</speed><course>327.099621</course><hAcc>1.422027</hAcc><vAcc>0.907884</vAcc></extensions></trkpt>
      <trkpt lon="-82.152933" lat="33.551661"><ele>97.100371</ele><time>2025-08-12T14:19:52Z</time><extensions><speed>1.280078</speed><course>325.458666</course><hAcc>1.423658</hAcc><vAcc>0.908122</vAcc></extensions></trkpt>
      <trkpt lon="-82.152941" lat="33.551670"><ele>97.062113</ele><time>2025-08-12T14:19:53Z</time><extensions><speed>1.280723</speed><course>322.935586</course><hAcc>1.430677</hAcc><vAcc>0.909708</vAcc></extensions></trkpt>
      <trkpt lon="-82.152949" lat="33.551679"><ele>97.024123</ele><time>2025-08-12T14:19:54Z</time><extensions><speed>1.251329</speed><course>320.958229</course><hAcc>1.437160</hAcc><vAcc>0.909920</vAcc></extensions></trkpt>
      <trkpt lon="-82.152958" lat="33.551688"><ele>96.998702</ele><time>2025-08-12T14:19:55Z</time><extensions><speed>1.164303</speed><course>321.412959</course><hAcc>1.440662</hAcc><vAcc>0.910759</vAcc></extensions></trkpt>
      <trkpt lon="-82.152965" lat="33.551696"><ele>96.990500</ele><time>2025-08-12T14:19:56Z</time><extensions><speed>1.149899</speed><course>325.539686</course><hAcc>1.440097</hAcc><vAcc>0.910993</vAcc></extensions></trkpt>
      <trkpt lon="-82.152972" lat="33.551705"><ele>96.973417</ele><time>2025-08-12T14:19:57Z</time><extensions><speed>1.167086</speed><course>330.882637</course><hAcc>1.457445</hAcc><vAcc>0.910722</vAcc></extensions></trkpt>
      <trkpt lon="-82.152978" lat="33.551715"><ele>96.965107</ele><time>2025-08-12T14:19:58Z</time><extensions><speed>1.233661</speed><course>331.624274</course><hAcc>1.478314</hAcc><vAcc>0.910007</vAcc></extensions></trkpt>
      <trkpt lon="-82.152984" lat="33.551725"><ele>96.962932</ele><time>2025-08-12T14:19:59Z</time><extensions><speed>1.305492</speed><course>333.070806</course><hAcc>1.492667</hAcc><vAcc>0.908006</vAcc></extensions></trkpt>
      <trkpt lon="-82.152990" lat="33.551736"><ele>96.961928</ele><time>2025-08-12T14:20:00Z</time><extensions><speed>1.411663</speed><course>336.880644</course><hAcc>1.505053</hAcc><vAcc>0.905960</vAcc></extensions></trkpt>
      <trkpt lon="-82.152996" lat="33.551748"><ele>96.966175</ele><time>2025-08-12T14:20:01Z</time><extensions><speed>1.473692</speed><course>340.548512</course><hAcc>1.519518</hAcc><vAcc>0.904023</vAcc></extensions></trkpt>
      <trkpt lon="-82.153001" lat="33.551760"><ele>96.971161</ele><time>2025-08-12T14:20:02Z</time><extensions><speed>1.452891</speed><course>339.394074</course><hAcc>1.534423</hAcc><vAcc>0.900586</vAcc></extensions></trkpt>
      <trkpt lon="-82.153007" lat="33.551772"><ele>96.972632</ele><time>2025-08-12T14:20:03Z</time><extensions><speed>1.330962</speed><course>338.129597</course><hAcc>1.544792</hAcc><vAcc>0.896758</vAcc></extensions></trkpt>
      <trkpt lon="-82.153012" lat="33.551783"><ele>96.985992</ele><time>2025-08-12T14:20:04Z</time><extensions><speed>1.310813</speed><course>336.872271</course><hAcc>1.551234</hAcc><vAcc>0.892722</vAcc></extensions></trkpt>
      <trkpt lon="-82.153018" lat="33.551794"><ele>97.002120</ele><time>2025-08-12T14:20:05Z</time><extensions><speed>1.326462</speed><course>337.506077</course><hAcc>1.557810</hAcc><vAcc>0.888171</vAcc></extensions></trkpt>
      <trkpt lon="-82.153023" lat="33.551805"><ele>97.035781</ele><time>2025-08-12T14:20:06Z</time><extensions><speed>1.292064</speed><course>339.312535</course><hAcc>1.562433</hAcc><vAcc>0.882950</vAcc></extensions></trkpt>
      <trkpt lon="-82.153027" lat="33.551816"><ele>97.069107</ele><time>2025-08-12T14:20:07Z</time><extensions><speed>1.199953</speed><course>339.316256</course><hAcc>1.562189</hAcc><vAcc>0.877876</vAcc></extensions></trkpt>
      <trkpt lon="-82.153032" lat="33.551826"><ele>97.098636</ele><time>2025-08-12T14:20:08Z</time><extensions><speed>1.141198</speed><course>338.457664</course><hAcc>1.538401</hAcc><vAcc>0.873044</vAcc></extensions></trkpt>
      <trkpt lon="-82.153036" lat="33.551835"><ele>97.129474</ele><time>2025-08-12T14:20:09Z</time><extensions><speed>1.128885</speed><course>339.578842</course><hAcc>1.526214</hAcc><vAcc>0.868544</vAcc></extensions></trkpt>
      <trkpt lon="-82.153040" lat="33.551845"><ele>97.162030</ele><time>2025-08-12T14:20:10Z</time><extensions><speed>1.155843</speed><course>342.516776</course><hAcc>1.517906</hAcc><vAcc>0.864560</vAcc></extensions></trkpt>
      <trkpt lon="-82.153043" lat="33.551855"><ele>97.194002</ele><time>2025-08-12T14:20:11Z</time><extensions><speed>1.154334</speed><course>346.402878</course><hAcc>1.505726</hAcc><vAcc>0.861525</vAcc></extensions></trkpt>
      <trkpt lon="-82.153046" lat="33.551864"><ele>97.216534</ele><time>2025-08-12T14:20:12Z</time><extensions><speed>1.080848</speed><course>350.951820</course><hAcc>1.479955</hAcc><vAcc>0.859161</vAcc></extensions></trkpt>
      <trkpt lon="-82.153047" lat="33.551874"><ele>97.227875</ele><time>2025-08-12T14:20:13Z</time><extensions><speed>1.062003</speed><course>352.541999</course><hAcc>1.453132</hAcc><vAcc>0.857652</vAcc></extensions></trkpt>
      <trkpt lon="-82.153048" lat="33.551884"><ele>97.246306</ele><time>2025-08-12T14:20:14Z</time><extensions><speed>1.140850</speed><course>355.285387</course><hAcc>1.423493</hAcc><vAcc>0.857212</vAcc></extensions></trkpt>
      <trkpt lon="-82.153049" lat="33.551895"><ele>97.256988</ele><time>2025-08-12T14:20:15Z</time><extensions><speed>1.373398</speed><course>0.858999</course><hAcc>1.386828</hAcc><vAcc>0.857168</vAcc></extensions></trkpt>
      <trkpt lon="-82.153047" lat="33.551908"><ele>97.272458</ele><time>2025-08-12T14:20:16Z</time><extensions><speed>1.600027</speed><course>9.330506</course><hAcc>1.355149</hAcc><vAcc>0.858015</vAcc></extensions></trkpt>
      <trkpt lon="-82.153044" lat="33.551922"><ele>97.287314</ele><time>2025-08-12T14:20:17Z</time><extensions><speed>1.709658</speed><course>14.505616</course><hAcc>1.349870</hAcc><vAcc>0.859940</vAcc></extensions></trkpt>
      <trkpt lon="-82.153039" lat="33.551937"><ele>97.292791</ele><time>2025-08-12T14:20:18Z</time><extensions><speed>1.680938</speed><course>17.487993</course><hAcc>1.328538</hAcc><vAcc>0.862198</vAcc></extensions></trkpt>
      <trkpt lon="-82.153033" lat="33.551951"><ele>97.297989</ele><time>2025-08-12T14:20:19Z</time><extensions><speed>1.638169</speed><course>17.837383</course><hAcc>1.302109</hAcc><vAcc>0.864804</vAcc></extensions></trkpt>
      <trkpt lon="-82.153028" lat="33.551965"><ele>97.308870</ele><time>2025-08-12T14:20:20Z</time><extensions><speed>1.590840</speed><course>16.875468</course><hAcc>1.277150</hAcc><vAcc>0.867050</vAcc></extensions></trkpt>
      <trkpt lon="-82.153023" lat="33.551978"><ele>97.322387</ele><time>2025-08-12T14:20:21Z</time><extensions><speed>1.572177</speed><course>17.953809</course><hAcc>1.263198</hAcc><vAcc>0.868494</vAcc></extensions></trkpt>
      <trkpt lon="-82.153018" lat="33.551991"><ele>97.340397</ele><time>2025-08-12T14:20:22Z</time><extensions><speed>1.539589</speed><course>21.881635</course><hAcc>1.249072</hAcc><vAcc>0.868767</vAcc></extensions></trkpt>
      <trkpt lon="-82.153010" lat="33.552003"><ele>97.335938</ele><time>2025-08-12T14:20:23Z</time><extensions><speed>1.549556</speed><course>31.496911</course><hAcc>1.231281</hAcc><vAcc>0.868341</vAcc></extensions></trkpt>
      <trkpt lon="-82.153001" lat="33.552015"><ele>97.342584</ele><time>2025-08-12T14:20:24Z</time><extensions><speed>1.577156</speed><course>41.265000</course><hAcc>1.222820</hAcc><vAcc>0.866733</vAcc></extensions></trkpt>
      <trkpt lon="-82.152989" lat="33.552024"><ele>97.353336</ele><time>2025-08-12T14:20:25Z</time><extensions><speed>1.568314</speed><course>49.615789</course><hAcc>1.212448</hAcc><vAcc>0.864589</vAcc></extensions></trkpt>
      <trkpt lon="-82.152976" lat="33.552033"><ele>97.370890</ele><time>2025-08-12T14:20:26Z</time><extensions><speed>1.569989</speed><course>53.493904</course><hAcc>1.205044</hAcc><vAcc>0.861031</vAcc></extensions></trkpt>
      <trkpt lon="-82.152962" lat="33.552041"><ele>97.413109</ele><time>2025-08-12T14:20:27Z</time><extensions><speed>1.553109</speed><course>56.422105</course><hAcc>1.198361</hAcc><vAcc>0.856561</vAcc></extensions></trkpt>
      <trkpt lon="-82.152948" lat="33.552048"><ele>97.471756</ele><time>2025-08-12T14:20:28Z</time><extensions><speed>1.541565</speed><course>58.890503</course><hAcc>1.193889</hAcc><vAcc>0.852048</vAcc></extensions></trkpt>
      <trkpt lon="-82.152934" lat="33.552055"><ele>97.544785</ele><time>2025-08-12T14:20:29Z</time><extensions><speed>1.508822</speed><course>62.424890</course><hAcc>1.185551</hAcc><vAcc>0.846721</vAcc></extensions></trkpt>
      <trkpt lon="-82.152920" lat="33.552061"><ele>97.603526</ele><time>2025-08-12T14:20:30Z</time><extensions><speed>1.524864</speed><course>61.381674</course><hAcc>1.183357</hAcc><vAcc>0.840866</vAcc></extensions></trkpt>
      <trkpt lon="-82.152905" lat="33.552068"><ele>97.667184</ele><time>2025-08-12T14:20:31Z</time><extensions><speed>1.539840</speed><course>62.415600</course><hAcc>1.176764</hAcc><vAcc>0.834553</vAcc></extensions></trkpt>
      <trkpt lon="-82.152891" lat="33.552074"><ele>97.746849</ele><time>2025-08-12T14:20:32Z</time><extensions><speed>1.460887</speed><course>63.705094</course><hAcc>1.167231</hAcc><vAcc>0.827820</vAcc></extensions></trkpt>
      <trkpt lon="-82.152877" lat="33.552080"><ele>97.828525</ele><time>2025-08-12T14:20:33Z</time><extensions><speed>1.386357</speed><course>62.319059</course><hAcc>1.169898</hAcc><vAcc>0.821235</vAcc></extensions></trkpt>
      <trkpt lon="-82.152864" lat="33.552086"><ele>97.931394</ele><time>2025-08-12T14:20:34Z</time><extensions><speed>1.339606</speed><course>58.708689</course><hAcc>1.179066</hAcc><vAcc>0.814513</vAcc></extensions></trkpt>
      <trkpt lon="-82.152853" lat="33.552092"><ele>98.043003</ele><time>2025-08-12T14:20:35Z</time><extensions><speed>1.103294</speed><course>53.528182</course><hAcc>1.196624</hAcc><vAcc>0.807993</vAcc></extensions></trkpt>
      <trkpt lon="-82.152844" lat="33.552097"><ele>98.159616</ele><time>2025-08-12T14:20:36Z</time><extensions><speed>0.989787</speed><course>54.728026</course><hAcc>1.181436</hAcc><vAcc>0.801897</vAcc></extensions></trkpt>
      <trkpt lon="-82.152835" lat="33.552103"><ele>98.275028</ele><time>2025-08-12T14:20:37Z</time><extensions><speed>1.018453</speed><course>55.578210</course><hAcc>1.194004</hAcc><vAcc>0.796814</vAcc></extensions></trkpt>
      <trkpt lon="-82.152826" lat="33.552108"><ele>98.399379</ele><time>2025-08-12T14:20:38Z</time><extensions><speed>1.021350</speed><course>56.777074</course><hAcc>1.215956</hAcc><vAcc>0.792220</vAcc></extensions></trkpt>
      <trkpt lon="-82.152817" lat="33.552113"><ele>98.496960</ele><time>2025-08-12T14:20:39Z</time><extensions><speed>1.053294</speed><course>61.612122</course><hAcc>1.237250</hAcc><vAcc>0.788366</vAcc></extensions></trkpt>
      <trkpt lon="-82.152806" lat="33.552117"><ele>98.582186</ele><time>2025-08-12T14:20:40Z</time><extensions><speed>1.156745</speed><course>62.909840</course><hAcc>1.248833</hAcc><vAcc>0.785515</vAcc></extensions></trkpt>
      <trkpt lon="-82.152795" lat="33.552122"><ele>98.668327</ele><time>2025-08-12T14:20:41Z</time><extensions><speed>1.273638</speed><course>62.225176</course><hAcc>1.258491</hAcc><vAcc>0.783440</vAcc></extensions></trkpt>
      <trkpt lon="-82.152782" lat="33.552128"><ele>98.747146</ele><time>2025-08-12T14:20:42Z</time><extensions><speed>1.322009</speed><course>62.324935</course><hAcc>1.266605</hAcc><vAcc>0.782366</vAcc></extensions></trkpt>
      <trkpt lon="-82.152770" lat="33.552133"><ele>98.808962</ele><time>2025-08-12T14:20:43Z</time><extensions><speed>1.289769</speed><course>61.350877</course><hAcc>1.273272</hAcc><vAcc>0.781849</vAcc></extensions></trkpt>
      <trkpt lon="-82.152758" lat="33.552139"><ele>98.863288</ele><time>2025-08-12T14:20:44Z</time><extensions><speed>1.259561</speed><course>61.940711</course><hAcc>1.265491</hAcc><vAcc>0.782736</vAcc></extensions></trkpt>
      <trkpt lon="-82.152746" lat="33.552144"><ele>98.899595</ele><time>2025-08-12T14:20:45Z</time><extensions><speed>1.279708</speed><course>62.251407</course><hAcc>1.258842</hAcc><vAcc>0.783878</vAcc></extensions></trkpt>
      <trkpt lon="-82.152733" lat="33.552150"><ele>98.929322</ele><time>2025-08-12T14:20:46Z</time><extensions><speed>1.334487</speed><course>58.898390</course><hAcc>1.266515</hAcc><vAcc>0.784758</vAcc></extensions></trkpt>
      <trkpt lon="-82.152722" lat="33.552156"><ele>98.959728</ele><time>2025-08-12T14:20:47Z</time><extensions><speed>1.221306</speed><course>54.721866</course><hAcc>1.280613</hAcc><vAcc>0.786355</vAcc></extensions></trkpt>
      <trkpt lon="-82.152711" lat="33.552162"><ele>98.984510</ele><time>2025-08-12T14:20:48Z</time><extensions><speed>1.145379</speed><course>53.001296</course><hAcc>1.253161</hAcc><vAcc>0.787901</vAcc></extensions></trkpt>
      <trkpt lon="-82.152702" lat="33.552168"><ele>98.999316</ele><time>2025-08-12T14:20:49Z</time><extensions><speed>1.063606</speed><course>53.300840</course><hAcc>1.245810</hAcc><vAcc>0.789735</vAcc></extensions></trkpt>
      <trkpt lon="-82.152692" lat="33.552174"><ele>99.002995</ele><time>2025-08-12T14:20:50Z</time><extensions><speed>1.176611</speed><course>55.125241</course><hAcc>1.249742</hAcc><vAcc>0.791605</vAcc></extensions></trkpt>
      <trkpt lon="-82.152681" lat="33.552181"><ele>99.005645</ele><time>2025-08-12T14:20:51Z</time><extensions><speed>1.302474</speed><course>53.713804</course><hAcc>1.254041</hAcc><vAcc>0.793938</vAcc></extensions></trkpt>
      <trkpt lon="-82.152669" lat="33.552188"><ele>99.002824</ele><time>2025-08-12T14:20:52Z</time><extensions><speed>1.445332</speed><course>52.540186</course><hAcc>1.253449</hAcc><vAcc>0.797270</vAcc></extensions></trkpt>
      <trkpt lon="-82.152657" lat="33.552197"><ele>99.008547</ele><time>2025-08-12T14:20:53Z</time><extensions><speed>1.481462</speed><course>50.504109</course><hAcc>1.257592</hAcc><vAcc>0.800860</vAcc></extensions></trkpt>
      <trkpt lon="-82.152645" lat="33.552205"><ele>99.024724</ele><time>2025-08-12T14:20:54Z</time><extensions><speed>1.345044</speed><course>49.117035</course><hAcc>1.274218</hAcc><vAcc>0.804046</vAcc></extensions></trkpt>
      <trkpt lon="-82.152634" lat="33.552213"><ele>99.039803</ele><time>2025-08-12T14:20:55Z</time><extensions><speed>1.413112</speed><course>50.613788</course><hAcc>1.261928</hAcc><vAcc>0.807037</vAcc></extensions></trkpt>
      <trkpt lon="-82.152622" lat="33.552221"><ele>99.062582</ele><time>2025-08-12T14:20:56Z</time><extensions><speed>1.458128</speed><course>50.899100</course><hAcc>1.265174</hAcc><vAcc>0.809503</vAcc></extensions></trkpt>
      <trkpt lon="-82.152611" lat="33.552229"><ele>99.082993</ele><time>2025-08-12T14:20:57Z</time><extensions><speed>1.339836</speed><course>48.801751</course><hAcc>1.286473</hAcc><vAcc>0.810974</vAcc></extensions></trkpt>
      <trkpt lon="-82.152600" lat="33.552237"><ele>99.100061</ele><time>2025-08-12T14:20:58Z</time><extensions><speed>1.336859</speed><course>47.910554</course><hAcc>1.283383</hAcc><vAcc>0.812516</vAcc></extensions></trkpt>
      <trkpt lon="-82.152589" lat="33.552245"><ele>99.110680</ele><time>2025-08-12T14:20:59Z</time><extensions><speed>1.329475</speed><course>47.965188</course><hAcc>1.290307</hAcc><vAcc>0.813132</vAcc></extensions></trkpt>
      <trkpt lon="-82.152578" lat="33.552254"><ele>99.113145</ele><time>2025-08-12T14:21:00Z</time><extensions><speed>1.395964</speed><course>47.602267</course><hAcc>1.294732</hAcc><vAcc>0.812686</vAcc></extensions></trkpt>
      <trkpt lon="-82.152567" lat="33.552262"><ele>99.107174</ele><time>2025-08-12T14:21:01Z</time><extensions><speed>1.415234</speed><course>45.131706</course><hAcc>1.305074</hAcc><vAcc>0.811744</vAcc></extensions></trkpt>
      <trkpt lon="-82.152557" lat="33.552271"><ele>99.110936</ele><time>2025-08-12T14:21:02Z</time><extensions><speed>1.293795</speed><course>45.929362</course><hAcc>1.327572</hAcc><vAcc>0.810060</vAcc></extensions></trkpt>
      <trkpt lon="-82.152547" lat="33.552279"><ele>99.114735</ele><time>2025-08-12T14:21:03Z</time><extensions><speed>1.253125</speed><course>46.692921</course><hAcc>1.299680</hAcc><vAcc>0.807773</vAcc></extensions></trkpt>
      <trkpt lon="-82.152537" lat="33.552287"><ele>99.111900</ele><time>2025-08-12T14:21:04Z</time><extensions><speed>1.307846</speed><course>47.079525</course><hAcc>1.287130</hAcc><vAcc>0.804836</vAcc></extensions></trkpt>
      <trkpt lon="-82.152526" lat="33.552295"><ele>99.111319</ele><time>2025-08-12T14:21:05Z</time><extensions><speed>1.386332</speed><course>47.986945</course><hAcc>1.295789</hAcc><vAcc>0.801291</vAcc></extensions></trkpt>
      <trkpt lon="-82.152515" lat="33.552303"><ele>99.097848</ele><time>2025-08-12T14:21:06Z</time><extensions><speed>1.434214</speed><course>48.412725</course><hAcc>1.287715</hAcc><vAcc>0.797292</vAcc></extensions></trkpt>
      <trkpt lon="-82.152503" lat="33.552312"><ele>99.083205</ele><time>2025-08-12T14:21:07Z</time><extensions><speed>1.450529</speed><course>49.618341</course><hAcc>1.279397</hAcc><vAcc>0.792976</vAcc></extensions></trkpt>
      <trkpt lon="-82.152492" lat="33.552320"><ele>99.068555</ele><time>2025-08-12T14:21:08Z</time><extensions><speed>1.320882</speed><course>53.209518</course><hAcc>1.285915</hAcc><vAcc>0.788481</vAcc></extensions></trkpt>
      <trkpt lon="-82.152480" lat="33.552327"><ele>99.066177</ele><time>2025-08-12T14:21:09Z</time><extensions><speed>1.310144</speed><course>51.788884</course><hAcc>1.260423</hAcc><vAcc>0.783944</vAcc></extensions></trkpt>
      <trkpt lon="-82.152469" lat="33.552334"><ele>99.077236</ele><time>2025-08-12T14:21:10Z</time><extensions><speed>1.319213</speed><course>49.922406</course><hAcc>1.247310</hAcc><vAcc>0.779533</vAcc></extensions></trkpt>
      <trkpt lon="-82.152459" lat="33.552342"><ele>99.093439</ele><time>2025-08-12T14:21:11Z</time><extensions><speed>1.298268</speed><course>48.786069</course><hAcc>1.243651</hAcc><vAcc>0.775952</vAcc></extensions></trkpt>
      <trkpt lon="-82.152448" lat="33.552350"><ele>99.120572</ele><time>2025-08-12T14:21:12Z</time><extensions><speed>1.280761</speed><course>47.581453</course><hAcc>1.246966</hAcc><vAcc>0.772815</vAcc></extensions></trkpt>
      <trkpt lon="-82.152438" lat="33.552358"><ele>99.161975</ele><time>2025-08-12T14:21:13Z</time><extensions><speed>1.300274</speed><course>47.611174</course><hAcc>1.248519</hAcc><vAcc>0.770354</vAcc></extensions></trkpt>
      <trkpt lon="-82.152428" lat="33.552365"><ele>99.205155</ele><time>2025-08-12T14:21:14Z</time><extensions><speed>1.233405</speed><course>49.133392</course><hAcc>1.244772</hAcc><vAcc>0.768472</vAcc></extensions></trkpt>
      <trkpt lon="-82.152418" lat="33.552373"><ele>99.261178</ele><time>2025-08-12T14:21:15Z</time><extensions><speed>1.182452</speed><course>50.392301</course><hAcc>1.240735</hAcc><vAcc>0.767347</vAcc></extensions></trkpt>
      <trkpt lon="-82.152408" lat="33.552380"><ele>99.329044</ele><time>2025-08-12T14:21:16Z</time><extensions><speed>1.242475</speed><course>48.552469</course><hAcc>1.233077</hAcc><vAcc>0.766702</vAcc></extensions></trkpt>
      <trkpt lon="-82.152398" lat="33.552387"><ele>99.398660</ele><time>2025-08-12T14:21:17Z</time><extensions><speed>1.300839</speed><course>47.583103</course><hAcc>1.230809</hAcc><vAcc>0.766650</vAcc></extensions></trkpt>
      <trkpt lon="-82.152387" lat="33.552395"><ele>99.475540</ele><time>2025-08-12T14:21:18Z</time><extensions><speed>1.284245</speed><course>51.861409</course><hAcc>1.225160</hAcc><vAcc>0.767641</vAcc></extensions></trkpt>
      <trkpt lon="-82.152375" lat="33.552402"><ele>99.557506</ele><time>2025-08-12T14:21:19Z</time><extensions><speed>1.380337</speed><course>56.817307</course><hAcc>1.214884</hAcc><vAcc>0.768849</vAcc></extensions></trkpt>
      <trkpt lon="-82.152362" lat="33.552408"><ele>99.634959</ele><time>2025-08-12T14:21:20Z</time><extensions><speed>1.449856</speed><course>61.254343</course><hAcc>1.221631</hAcc><vAcc>0.770281</vAcc></extensions></trkpt>
      <trkpt lon="-82.152350" lat="33.552415"><ele>99.708903</ele><time>2025-08-12T14:21:21Z</time><extensions><speed>1.276515</speed><course>53.351924</course><hAcc>1.248559</hAcc><vAcc>0.771792</vAcc></extensions></trkpt>
      <trkpt lon="-82.152341" lat="33.552423"><ele>99.778669</ele><time>2025-08-12T14:21:22Z</time><extensions><speed>1.243871</speed><course>34.632201</course><hAcc>1.229109</hAcc><vAcc>0.773285</vAcc></extensions></trkpt>
      <trkpt lon="-82.152333" lat="33.552433"><ele>99.843141</ele><time>2025-08-12T14:21:23Z</time><extensions><speed>1.348338</speed><course>28.561482</course><hAcc>1.221052</hAcc><vAcc>0.774422</vAcc></extensions></trkpt>
      <trkpt lon="-82.152326" lat="33.552443"><ele>99.905483</ele><time>2025-08-12T14:21:24Z</time><extensions><speed>1.354077</speed><course>33.936120</course><hAcc>1.228985</hAcc><vAcc>0.775233</vAcc></extensions></trkpt>
      <trkpt lon="-82.152317" lat="33.552453"><ele>99.961203</ele><time>2025-08-12T14:21:25Z</time><extensions><speed>1.343916</speed><course>41.663270</course><hAcc>1.229003</hAcc><vAcc>0.776019</vAcc></extensions></trkpt>
      <trkpt lon="-82.152307" lat="33.552462"><ele>100.007143</ele><time>2025-08-12T14:21:26Z</time><extensions><speed>1.371507</speed><course>48.118187</course><hAcc>1.222561</hAcc><vAcc>0.776350</vAcc></extensions></trkpt>
      <trkpt lon="-82.152295" lat="33.552470"><ele>100.053707</ele><time>2025-08-12T14:21:27Z</time><extensions><speed>1.393706</speed><course>51.031165</course><hAcc>1.225826</hAcc><vAcc>0.776374</vAcc></extensions></trkpt>
      <trkpt lon="-82.152284" lat="33.552477"><ele>100.085872</ele><time>2025-08-12T14:21:28Z</time><extensions><speed>1.239849</speed><course>51.626051</course><hAcc>1.245059</hAcc><vAcc>0.776037</vAcc></extensions></trkpt>
      <trkpt lon="-82.152274" lat="33.552484"><ele>100.114658</ele><time>2025-08-12T14:21:29Z</time><extensions><speed>1.175908</speed><course>51.482554</course><hAcc>1.223560</hAcc><vAcc>0.775352</vAcc></extensions></trkpt>
      <trkpt lon="-82.152264" lat="33.552491"><ele>100.139010</ele><time>2025-08-12T14:21:30Z</time><extensions><speed>1.193798</speed><course>49.532277</course><hAcc>1.218198</hAcc><vAcc>0.774244</vAcc></extensions></trkpt>
      <trkpt lon="-82.152255" lat="33.552498"><ele>100.150012</ele><time>2025-08-12T14:21:31Z</time><extensions><speed>1.213233</speed><course>47.009174</course><hAcc>1.216166</hAcc><vAcc>0.772823</vAcc></extensions></trkpt>
      <trkpt lon="-82.152245" lat="33.552506"><ele>100.159171</ele><time>2025-08-12T14:21:32Z</time><extensions><speed>1.272915</speed><course>45.759507</course><hAcc>1.207154</hAcc><vAcc>0.771176</vAcc></extensions></trkpt>
      <trkpt lon="-82.152235" lat="33.552514"><ele>100.160661</ele><time>2025-08-12T14:21:33Z</time><extensions><speed>1.350116</speed><course>45.645255</course><hAcc>1.190083</hAcc><vAcc>0.769432</vAcc></extensions></trkpt>
      <trkpt lon="-82.152224" lat="33.552523"><ele>100.171120</ele><time>2025-08-12T14:21:34Z</time><extensions><speed>1.411257</speed><course>44.996206</course><hAcc>1.184378</hAcc><vAcc>0.767653</vAcc></extensions></trkpt>
      <trkpt lon="-82.152214" lat="33.552531"><ele>100.182356</ele><time>2025-08-12T14:21:35Z</time><extensions><speed>1.324348</speed><course>45.348684</course><hAcc>1.205883</hAcc><vAcc>0.765934</vAcc></extensions></trkpt>
      <trkpt lon="-82.152204" lat="33.552539"><ele>100.182916</ele><time>2025-08-12T14:21:36Z</time><extensions><speed>1.278026</speed><course>45.850544</course><hAcc>1.179808</hAcc><vAcc>0.764331</vAcc></extensions></trkpt>
      <trkpt lon="-82.152194" lat="33.552548"><ele>100.181251</ele><time>2025-08-12T14:21:37Z</time><extensions><speed>1.250463</speed><course>42.838638</course><hAcc>1.182598</hAcc><vAcc>0.762889</vAcc></extensions></trkpt>
      <trkpt lon="-82.152185" lat="33.552556"><ele>100.179410</ele><time>2025-08-12T14:21:38Z</time><extensions><speed>1.288857</speed><course>43.138328</course><hAcc>1.190246</hAcc><vAcc>0.761638</vAcc></extensions></trkpt>
      <trkpt lon="-82.152175" lat="33.552564"><ele>100.176411</ele><time>2025-08-12T14:21:39Z</time><extensions><speed>1.305051</speed><course>45.723184</course><hAcc>1.197472</hAcc><vAcc>0.760581</vAcc></extensions></trkpt>
      <trkpt lon="-82.152165" lat="33.552573"><ele>100.179160</ele><time>2025-08-12T14:21:40Z</time><extensions><speed>1.349320</speed><course>47.975173</course><hAcc>1.197924</hAcc><vAcc>0.759708</vAcc></extensions></trkpt>
      <trkpt lon="-82.152154" lat="33.552581"><ele>100.186828</ele><time>2025-08-12T14:21:41Z</time><extensions><speed>1.379528</speed><course>48.689330</course><hAcc>1.193743</hAcc><vAcc>0.759554</vAcc></extensions></trkpt>
      <trkpt lon="-82.152142" lat="33.552589"><ele>100.200641</ele><time>2025-08-12T14:21:42Z</time><extensions><speed>1.414006</speed><course>49.951286</course><hAcc>1.198968</hAcc><vAcc>0.759468</vAcc></extensions></trkpt>
      <trkpt lon="-82.152131" lat="33.552597"><ele>100.220020</ele><time>2025-08-12T14:21:43Z</time><extensions><speed>1.298664</speed><course>49.420356</course><hAcc>1.219040</hAcc><vAcc>0.760159</vAcc></extensions></trkpt>
      <trkpt lon="-82.152121" lat="33.552604"><ele>100.241995</ele><time>2025-08-12T14:21:44Z</time><extensions><speed>1.201682</speed><course>48.728825</course><hAcc>1.202980</hAcc><vAcc>0.760958</vAcc></extensions></trkpt>
      <trkpt lon="-82.152111" lat="33.552611"><ele>100.266399</ele><time>2025-08-12T14:21:45Z</time><extensions><speed>1.167186</speed><course>48.022926</course><hAcc>1.200447</hAcc><vAcc>0.761936</vAcc></extensions></trkpt>
      <trkpt lon="-82.152102" lat="33.552619"><ele>100.283922</ele><time>2025-08-12T14:21:46Z</time><extensions><speed>1.289123</speed><course>46.629564</course><hAcc>1.215455</hAcc><vAcc>0.763009</vAcc></extensions></trkpt>
      <trkpt lon="-82.152091" lat="33.552627"><ele>100.292337</ele><time>2025-08-12T14:21:47Z</time><extensions><speed>1.417561</speed><course>45.166059</course><hAcc>1.218699</hAcc><vAcc>0.764238</vAcc></extensions></trkpt>
      <trkpt lon="-82.152080" lat="33.552637"><ele>100.306092</ele><time>2025-08-12T14:21:48Z</time><extensions><speed>1.525684</speed><course>43.193518</course><hAcc>1.213879</hAcc><vAcc>0.765573</vAcc></extensions></trkpt>
      <trkpt lon="-82.152069" lat="33.552647"><ele>100.319341</ele><time>2025-08-12T14:21:49Z</time><extensions><speed>1.587486</speed><course>41.879337</course><hAcc>1.206719</hAcc><vAcc>0.766918</vAcc></extensions></trkpt>
      <trkpt lon="-82.152057" lat="33.552658"><ele>100.335549</ele><time>2025-08-12T14:21:50Z</time><extensions><speed>1.633273</speed><course>40.309500</course><hAcc>1.206567</hAcc><vAcc>0.768143</vAcc></extensions></trkpt>
      <trkpt lon="-82.152047" lat="33.552669"><ele>100.359772</ele><time>2025-08-12T14:21:51Z</time><extensions><speed>1.433471</speed><course>39.649060</course><hAcc>1.224621</hAcc><vAcc>0.769083</vAcc></extensions></trkpt>
      <trkpt lon="-82.152036" lat="33.552679"><ele>100.380840</ele><time>2025-08-12T14:21:52Z</time><extensions><speed>1.485478</speed><course>43.308336</course><hAcc>1.204306</hAcc><vAcc>0.769576</vAcc></extensions></trkpt>
      <trkpt lon="-82.152025" lat="33.552687"><ele>100.403632</ele><time>2025-08-12T14:21:53Z</time><extensions><speed>1.312308</speed><course>47.883487</course><hAcc>1.208934</hAcc><vAcc>0.769525</vAcc></extensions></trkpt>
      <trkpt lon="-82.152015" lat="33.552695"><ele>100.412904</ele><time>2025-08-12T14:21:54Z</time><extensions><speed>1.287973</speed><course>51.163805</course><hAcc>1.193365</hAcc><vAcc>0.768922</vAcc></extensions></trkpt>
      <trkpt lon="-82.152004" lat="33.552702"><ele>100.416159</ele><time>2025-08-12T14:21:55Z</time><extensions><speed>1.312697</speed><course>53.497659</course><hAcc>1.182882</hAcc><vAcc>0.767859</vAcc></extensions></trkpt>
      <trkpt lon="-82.151992" lat="33.552709"><ele>100.411833</ele><time>2025-08-12T14:21:56Z</time><extensions><speed>1.419637</speed><course>55.622113</course><hAcc>1.175676</hAcc><vAcc>0.766496</vAcc></extensions></trkpt>
      <trkpt lon="-82.151979" lat="33.552716"><ele>100.401380</ele><time>2025-08-12T14:21:57Z</time><extensions><speed>1.488543</speed><course>59.463465</course><hAcc>1.170741</hAcc><vAcc>0.765321</vAcc></extensions></trkpt>
      <trkpt lon="-82.151965" lat="33.552723"><ele>100.387219</ele><time>2025-08-12T14:21:58Z</time><extensions><speed>1.307627</speed><course>62.450260</course><hAcc>1.184161</hAcc><vAcc>0.763980</vAcc></extensions></trkpt>
      <trkpt lon="-82.151953" lat="33.552728"><ele>100.367598</ele><time>2025-08-12T14:21:59Z</time><extensions><speed>1.303467</speed><course>60.445459</course><hAcc>1.162777</hAcc><vAcc>0.762771</vAcc></extensions></trkpt>
      <trkpt lon="-82.151941" lat="33.552734"><ele>100.339729</ele><time>2025-08-12T14:22:00Z</time><extensions><speed>1.277788</speed><course>58.863863</course><hAcc>1.156560</hAcc><vAcc>0.761778</vAcc></extensions></trkpt>
      <trkpt lon="-82.151930" lat="33.552740"><ele>100.312371</ele><time>2025-08-12T14:22:01Z</time><extensions><speed>1.225760</speed><course>54.970194</course><hAcc>1.160766</hAcc><vAcc>0.760983</vAcc></extensions></trkpt>
      <trkpt lon="-82.151919" lat="33.552747"><ele>100.284950</ele><time>2025-08-12T14:22:02Z</time><extensions><speed>1.254162</speed><course>48.955316</course><hAcc>1.168659</hAcc><vAcc>0.760402</vAcc></extensions></trkpt>
      <trkpt lon="-82.151909" lat="33.552755"><ele>100.257981</ele><time>2025-08-12T14:22:03Z</time><extensions><speed>1.306805</speed><course>47.204121</course><hAcc>1.175369</hAcc><vAcc>0.760010</vAcc></extensions></trkpt>
      <trkpt lon="-82.151898" lat="33.552763"><ele>100.229258</ele><time>2025-08-12T14:22:04Z</time><extensions><speed>1.321485</speed><course>47.948201</course><hAcc>1.174777</hAcc><vAcc>0.759774</vAcc></extensions></trkpt>
      <trkpt lon="-82.151888" lat="33.552771"><ele>100.193668</ele><time>2025-08-12T14:22:05Z</time><extensions><speed>1.346195</speed><course>47.494522</course><hAcc>1.173967</hAcc><vAcc>0.759657</vAcc></extensions></trkpt>
      <trkpt lon="-82.151877" lat="33.552779"><ele>100.160602</ele><time>2025-08-12T14:22:06Z</time><extensions><speed>1.412289</speed><course>49.269551</course><hAcc>1.183912</hAcc><vAcc>0.759570</vAcc></extensions></trkpt>
      <trkpt lon="-82.151866" lat="33.552787"><ele>100.117900</ele><time>2025-08-12T14:22:07Z</time><extensions><speed>1.267803</speed><course>50.775723</course><hAcc>1.211047</hAcc><vAcc>0.759462</vAcc></extensions></trkpt>
      <trkpt lon="-82.151855" lat="33.552794"><ele>100.080680</ele><time>2025-08-12T14:22:08Z</time><extensions><speed>1.191192</speed><course>55.164391</course><hAcc>1.188499</hAcc><vAcc>0.759294</vAcc></extensions></trkpt>
      <trkpt lon="-82.151845" lat="33.552799"><ele>100.050743</ele><time>2025-08-12T14:22:09Z</time><extensions><speed>1.073429</speed><course>55.602838</course><hAcc>1.186490</hAcc><vAcc>0.759067</vAcc></extensions></trkpt>
      <trkpt lon="-82.151835" lat="33.552805"><ele>100.019603</ele><time>2025-08-12T14:22:10Z</time><extensions><speed>1.139048</speed><course>51.745457</course><hAcc>1.193178</hAcc><vAcc>0.758806</vAcc></extensions></trkpt>
      <trkpt lon="-82.151826" lat="33.552812"><ele>99.987749</ele><time>2025-08-12T14:22:11Z</time><extensions><speed>1.229706</speed><course>49.893059</course><hAcc>1.189639</hAcc><vAcc>0.758531</vAcc></extensions></trkpt>
      <trkpt lon="-82.151815" lat="33.552820"><ele>99.957896</ele><time>2025-08-12T14:22:12Z</time><extensions><speed>1.365359</speed><course>49.154762</course><hAcc>1.178045</hAcc><vAcc>0.758261</vAcc></extensions></trkpt>
      <trkpt lon="-82.151803" lat="33.552828"><ele>99.913912</ele><time>2025-08-12T14:22:13Z</time><extensions><speed>1.432282</speed><course>50.399153</course><hAcc>1.175814</hAcc><vAcc>0.758009</vAcc></extensions></trkpt>
      <trkpt lon="-82.151792" lat="33.552836"><ele>99.865772</ele><time>2025-08-12T14:22:14Z</time><extensions><speed>1.290459</speed><course>52.350782</course><hAcc>1.201851</hAcc><vAcc>0.757782</vAcc></extensions></trkpt>
      <trkpt lon="-82.151781" lat="33.552843"><ele>99.816504</ele><time>2025-08-12T14:22:15Z</time><extensions><speed>1.264788</speed><course>51.855701</course><hAcc>1.170683</hAcc><vAcc>0.757580</vAcc></extensions></trkpt>
      <trkpt lon="-82.151770" lat="33.552850"><ele>99.765897</ele><time>2025-08-12T14:22:16Z</time><extensions><speed>1.304890</speed><course>50.432226</course><hAcc>1.159387</hAcc><vAcc>0.757405</vAcc></extensions></trkpt>
      <trkpt lon="-82.151759" lat="33.552858"><ele>99.712337</ele><time>2025-08-12T14:22:17Z</time><extensions><speed>1.355949</speed><course>48.165015</course><hAcc>1.160728</hAcc><vAcc>0.757255</vAcc></extensions></trkpt>
      <trkpt lon="-82.151749" lat="33.552866"><ele>99.657796</ele><time>2025-08-12T14:22:18Z</time><extensions><speed>1.361374</speed><course>45.765182</course><hAcc>1.173423</hAcc><vAcc>0.757131</vAcc></extensions></trkpt>
      <trkpt lon="-82.151738" lat="33.552875"><ele>99.601591</ele><time>2025-08-12T14:22:19Z</time><extensions><speed>1.393733</speed><course>44.901885</course><hAcc>1.175764</hAcc><vAcc>0.757030</vAcc></extensions></trkpt>
      <trkpt lon="-82.151728" lat="33.552884"><ele>99.544146</ele><time>2025-08-12T14:22:20Z</time><extensions><speed>1.398853</speed><course>43.886140</course><hAcc>1.172832</hAcc><vAcc>0.756951</vAcc></extensions></trkpt>
      <trkpt lon="-82.151717" lat="33.552893"><ele>99.487072</ele><time>2025-08-12T14:22:21Z</time><extensions><speed>1.343282</speed><course>46.617184</course><hAcc>1.170638</hAcc><vAcc>0.756891</vAcc></extensions></trkpt>
      <trkpt lon="-82.151707" lat="33.552900"><ele>99.439612</ele><time>2025-08-12T14:22:22Z</time><extensions><speed>1.217314</speed><course>50.826484</course><hAcc>1.165617</hAcc><vAcc>0.756846</vAcc></extensions></trkpt>
      <trkpt lon="-82.151697" lat="33.552907"><ele>99.391545</ele><time>2025-08-12T14:22:23Z</time><extensions><speed>1.071719</speed><course>49.864588</course><hAcc>1.149348</hAcc><vAcc>0.756813</vAcc></extensions></trkpt>
      <trkpt lon="-82.151688" lat="33.552914"><ele>99.351077</ele><time>2025-08-12T14:22:24Z</time><extensions><speed>1.180174</speed><course>46.465945</course><hAcc>1.143919</hAcc><vAcc>0.756789</vAcc></extensions></trkpt>
      <trkpt lon="-82.151679" lat="33.552921"><ele>99.311796</ele><time>2025-08-12T14:22:25Z</time><extensions><speed>1.290718</speed><course>44.189284</course><hAcc>1.140337</hAcc><vAcc>0.756773</vAcc></extensions></trkpt>
      <trkpt lon="-82.151669" lat="33.552930"><ele>99.285136</ele><time>2025-08-12T14:22:26Z</time><extensions><speed>1.304785</speed><course>44.953094</course><hAcc>1.133763</hAcc><vAcc>0.756762</vAcc></extensions></trkpt>
      <trkpt lon="-82.151659" lat="33.552938"><ele>99.265114</ele><time>2025-08-12T14:22:27Z</time><extensions><speed>1.353701</speed><course>48.141382</course><hAcc>1.139519</hAcc><vAcc>0.756755</vAcc></extensions></trkpt>
      <trkpt lon="-82.151648" lat="33.552945"><ele>99.246846</ele><time>2025-08-12T14:22:28Z</time><extensions><speed>1.261815</speed><course>53.352502</course><hAcc>1.177873</hAcc><vAcc>0.756750</vAcc></extensions></trkpt>
      <trkpt lon="-82.151637" lat="33.552952"><ele>99.240374</ele><time>2025-08-12T14:22:29Z</time><extensions><speed>1.267729</speed><course>52.705196</course><hAcc>1.157004</hAcc><vAcc>0.756748</vAcc></extensions></trkpt>
      <trkpt lon="-82.151626" lat="33.552960"><ele>99.241835</ele><time>2025-08-12T14:22:30Z</time><extensions><speed>1.264515</speed><course>48.213419</course><hAcc>1.168917</hAcc><vAcc>0.756746</vAcc></extensions></trkpt>
      <trkpt lon="-82.151616" lat="33.552967"><ele>99.250975</ele><time>2025-08-12T14:22:31Z</time><extensions><speed>1.282889</speed><course>45.268739</course><hAcc>1.195822</hAcc><vAcc>0.756745</vAcc></extensions></trkpt>
      <trkpt lon="-82.151606" lat="33.552976"><ele>99.271109</ele><time>2025-08-12T14:22:32Z</time><extensions><speed>1.315088</speed><course>44.998210</course><hAcc>1.213151</hAcc><vAcc>0.756745</vAcc></extensions></trkpt>
      <trkpt lon="-82.151596" lat="33.552984"><ele>99.283490</ele><time>2025-08-12T14:22:33Z</time><extensions><speed>1.422683</speed><course>46.134769</course><hAcc>1.229596</hAcc><vAcc>0.756744</vAcc></extensions></trkpt>
      <trkpt lon="-82.151585" lat="33.552993"><ele>99.300121</ele><time>2025-08-12T14:22:34Z</time><extensions><speed>1.432974</speed><course>48.222268</course><hAcc>1.235755</hAcc><vAcc>0.756744</vAcc></extensions></trkpt>
      <trkpt lon="-82.151573" lat="33.553001"><ele>99.321272</ele><time>2025-08-12T14:22:35Z</time><extensions><speed>1.362472</speed><course>49.532733</course><hAcc>1.231159</hAcc><vAcc>0.756744</vAcc></extensions></trkpt>
      <trkpt lon="-82.151562" lat="33.553009"><ele>99.334095</ele><time>2025-08-12T14:22:36Z</time><extensions><speed>1.359358</speed><course>49.866538</course><hAcc>1.231644</hAcc><vAcc>0.756743</vAcc></extensions></trkpt>
      <trkpt lon="-82.151551" lat="33.553017"><ele>99.343996</ele><time>2025-08-12T14:22:37Z</time><extensions><speed>1.286681</speed><course>48.726697</course><hAcc>1.227495</hAcc><vAcc>0.756831</vAcc></extensions></trkpt>
      <trkpt lon="-82.151541" lat="33.553025"><ele>99.358216</ele><time>2025-08-12T14:22:38Z</time><extensions><speed>1.266977</speed><course>47.464127</course><hAcc>1.219697</hAcc><vAcc>0.756871</vAcc></extensions></trkpt>
      <trkpt lon="-82.151531" lat="33.553033"><ele>99.370129</ele><time>2025-08-12T14:22:39Z</time><extensions><speed>1.266656</speed><course>46.381204</course><hAcc>1.214759</hAcc><vAcc>0.756919</vAcc></extensions></trkpt>
      <trkpt lon="-82.151521" lat="33.553041"><ele>99.370810</ele><time>2025-08-12T14:22:40Z</time><extensions><speed>1.333888</speed><course>46.708628</course><hAcc>1.210363</hAcc><vAcc>0.756975</vAcc></extensions></trkpt>
      <trkpt lon="-82.151511" lat="33.553049"><ele>99.367638</ele><time>2025-08-12T14:22:41Z</time><extensions><speed>1.286137</speed><course>47.032532</course><hAcc>1.208244</hAcc><vAcc>0.757038</vAcc></extensions></trkpt>
      <trkpt lon="-82.151501" lat="33.553056"><ele>99.337380</ele><time>2025-08-12T14:22:42Z</time><extensions><speed>1.173783</speed><course>46.336108</course><hAcc>1.204212</hAcc><vAcc>0.757106</vAcc></extensions></trkpt>
      <trkpt lon="-82.151492" lat="33.553064"><ele>99.318627</ele><time>2025-08-12T14:22:43Z</time><extensions><speed>1.134964</speed><course>47.089880</course><hAcc>1.194266</hAcc><vAcc>0.757177</vAcc></extensions></trkpt>
      <trkpt lon="-82.151482" lat="33.553071"><ele>99.306053</ele><time>2025-08-12T14:22:44Z</time><extensions><speed>1.271643</speed><course>47.821783</course><hAcc>1.190191</hAcc><vAcc>0.757245</vAcc></extensions></trkpt>
      <trkpt lon="-82.151472" lat="33.553079"><ele>99.287423</ele><time>2025-08-12T14:22:45Z</time><extensions><speed>1.411449</speed><course>46.337585</course><hAcc>1.176880</hAcc><vAcc>0.757303</vAcc></extensions></trkpt>
      <trkpt lon="-82.151461" lat="33.553088"><ele>99.255136</ele><time>2025-08-12T14:22:46Z</time><extensions><speed>1.479557</speed><course>45.726608</course><hAcc>1.168911</hAcc><vAcc>0.757342</vAcc></extensions></trkpt>
      <trkpt lon="-82.151450" lat="33.553097"><ele>99.226313</ele><time>2025-08-12T14:22:47Z</time><extensions><speed>1.343081</speed><course>42.336578</course><hAcc>1.181376</hAcc><vAcc>0.757353</vAcc></extensions></trkpt>
      <trkpt lon="-82.151440" lat="33.553107"><ele>99.190760</ele><time>2025-08-12T14:22:48Z</time><extensions><speed>1.435657</speed><course>40.761221</course><hAcc>1.161408</hAcc><vAcc>0.757330</vAcc></extensions></trkpt>
      <trkpt lon="-82.151430" lat="33.553117"><ele>99.161884</ele><time>2025-08-12T14:22:49Z</time><extensions><speed>1.494979</speed><course>41.850835</course><hAcc>1.160276</hAcc><vAcc>0.757280</vAcc></extensions></trkpt>
      <trkpt lon="-82.151419" lat="33.553126"><ele>99.136781</ele><time>2025-08-12T14:22:50Z</time><extensions><speed>1.464270</speed><course>44.950506</course><hAcc>1.161967</hAcc><vAcc>0.757213</vAcc></extensions></trkpt>
      <trkpt lon="-82.151408" lat="33.553136"><ele>99.105130</ele><time>2025-08-12T14:22:51Z</time><extensions><speed>1.446584</speed><course>45.531849</course><hAcc>1.159800</hAcc><vAcc>0.757140</vAcc></extensions></trkpt>
      <trkpt lon="-82.151396" lat="33.553145"><ele>99.084854</ele><time>2025-08-12T14:22:52Z</time><extensions><speed>1.473473</speed><course>46.614787</course><hAcc>1.142171</hAcc><vAcc>0.757067</vAcc></extensions></trkpt>
      <trkpt lon="-82.151384" lat="33.553154"><ele>99.076300</ele><time>2025-08-12T14:22:53Z</time><extensions><speed>1.506948</speed><course>48.748068</course><hAcc>1.139496</hAcc><vAcc>0.756999</vAcc></extensions></trkpt>
      <trkpt lon="-82.151372" lat="33.553163"><ele>99.081117</ele><time>2025-08-12T14:22:54Z</time><extensions><speed>1.523104</speed><course>49.778749</course><hAcc>1.119860</hAcc><vAcc>0.756940</vAcc></extensions></trkpt>
      <trkpt lon="-82.151360" lat="33.553171"><ele>99.084727</ele><time>2025-08-12T14:22:55Z</time><extensions><speed>1.477724</speed><course>50.701116</course><hAcc>1.110832</hAcc><vAcc>0.756890</vAcc></extensions></trkpt>
      <trkpt lon="-82.151347" lat="33.553180"><ele>99.081430</ele><time>2025-08-12T14:22:56Z</time><extensions><speed>1.556069</speed><course>51.078374</course><hAcc>1.094344</hAcc><vAcc>0.756849</vAcc></extensions></trkpt>
      <trkpt lon="-82.151334" lat="33.553188"><ele>99.068668</ele><time>2025-08-12T14:22:57Z</time><extensions><speed>1.401714</speed><course>51.125187</course><hAcc>1.110935</hAcc><vAcc>0.756817</vAcc></extensions></trkpt>
      <trkpt lon="-82.151323" lat="33.553196"><ele>99.065553</ele><time>2025-08-12T14:22:58Z</time><extensions><speed>1.418095</speed><course>51.022876</course><hAcc>1.094001</hAcc><vAcc>0.756793</vAcc></extensions></trkpt>
      <trkpt lon="-82.151311" lat="33.553204"><ele>99.077021</ele><time>2025-08-12T14:22:59Z</time><extensions><speed>1.302754</speed><course>49.079693</course><hAcc>1.114814</hAcc><vAcc>0.756775</vAcc></extensions></trkpt>
      <trkpt lon="-82.151301" lat="33.553212"><ele>99.082106</ele><time>2025-08-12T14:23:00Z</time><extensions><speed>1.329608</speed><course>44.065599</course><hAcc>1.110726</hAcc><vAcc>0.756763</vAcc></extensions></trkpt>
      <trkpt lon="-82.151291" lat="33.553221"><ele>99.085489</ele><time>2025-08-12T14:23:01Z</time><extensions><speed>1.366700</speed><course>43.974506</course><hAcc>1.112053</hAcc><vAcc>0.756754</vAcc></extensions></trkpt>
      <trkpt lon="-82.151281" lat="33.553230"><ele>99.093188</ele><time>2025-08-12T14:23:02Z</time><extensions><speed>1.366902</speed><course>45.661677</course><hAcc>1.113546</hAcc><vAcc>0.756749</vAcc></extensions></trkpt>
      <trkpt lon="-82.151270" lat="33.553238"><ele>99.099765</ele><time>2025-08-12T14:23:03Z</time><extensions><speed>1.367588</speed><course>48.131091</course><hAcc>1.104289</hAcc><vAcc>0.756745</vAcc></extensions></trkpt>
      <trkpt lon="-82.151259" lat="33.553246"><ele>99.103697</ele><time>2025-08-12T14:23:04Z</time><extensions><speed>1.412601</speed><course>51.054038</course><hAcc>1.087131</hAcc><vAcc>0.756743</vAcc></extensions></trkpt>
      <trkpt lon="-82.151246" lat="33.553255"><ele>99.096687</ele><time>2025-08-12T14:23:05Z</time><extensions><speed>1.465749</speed><course>51.126900</course><hAcc>1.077355</hAcc><vAcc>0.756742</vAcc></extensions></trkpt>
      <trkpt lon="-82.151235" lat="33.553262"><ele>99.085709</ele><time>2025-08-12T14:23:06Z</time><extensions><speed>1.300564</speed><course>49.178795</course><hAcc>1.094416</hAcc><vAcc>0.756742</vAcc></extensions></trkpt>
      <trkpt lon="-82.151224" lat="33.553270"><ele>99.071315</ele><time>2025-08-12T14:23:07Z</time><extensions><speed>1.395399</speed><course>48.528923</course><hAcc>1.046013</hAcc><vAcc>0.756742</vAcc></extensions></trkpt>
      <trkpt lon="-82.151213" lat="33.553279"><ele>99.053736</ele><time>2025-08-12T14:23:08Z</time><extensions><speed>1.438712</speed><course>47.033479</course><hAcc>1.045877</hAcc><vAcc>0.756742</vAcc></extensions></trkpt>
      <trkpt lon="-82.151202" lat="33.553288"><ele>99.032377</ele><time>2025-08-12T14:23:09Z</time><extensions><speed>1.313908</speed><course>47.076225</course><hAcc>1.069749</hAcc><vAcc>0.756742</vAcc></extensions></trkpt>
      <trkpt lon="-82.151191" lat="33.553296"><ele>99.008435</ele><time>2025-08-12T14:23:10Z</time><extensions><speed>1.330912</speed><course>47.140659</course><hAcc>1.050267</hAcc><vAcc>0.756742</vAcc></extensions></trkpt>
      <trkpt lon="-82.151181" lat="33.553304"><ele>98.979050</ele><time>2025-08-12T14:23:11Z</time><extensions><speed>1.302709</speed><course>47.487000</course><hAcc>1.046979</hAcc><vAcc>0.756742</vAcc></extensions></trkpt>
      <trkpt lon="-82.151171" lat="33.553312"><ele>98.936154</ele><time>2025-08-12T14:23:12Z</time><extensions><speed>1.359163</speed><course>46.677194</course><hAcc>1.049823</hAcc><vAcc>0.756743</vAcc></extensions></trkpt>
      <trkpt lon="-82.151160" lat="33.553320"><ele>98.890182</ele><time>2025-08-12T14:23:13Z</time><extensions><speed>1.383913</speed><course>47.661999</course><hAcc>1.053062</hAcc><vAcc>0.756743</vAcc></extensions></trkpt>
      <trkpt lon="-82.151149" lat="33.553328"><ele>98.850457</ele><time>2025-08-12T14:23:14Z</time><extensions><speed>1.344792</speed><course>49.055248</course><hAcc>1.053543</hAcc><vAcc>0.756743</vAcc></extensions></trkpt>
      <trkpt lon="-82.151138" lat="33.553337"><ele>98.809085</ele><time>2025-08-12T14:23:15Z</time><extensions><speed>1.351736</speed><course>46.492666</course><hAcc>1.049222</hAcc><vAcc>0.756744</vAcc></extensions></trkpt>
      <trkpt lon="-82.151127" lat="33.553345"><ele>98.750313</ele><time>2025-08-12T14:23:16Z</time><extensions><speed>1.400528</speed><course>46.510258</course><hAcc>1.044113</hAcc><vAcc>0.756745</vAcc></extensions></trkpt>
      <trkpt lon="-82.151116" lat="33.553354"><ele>98.689302</ele><time>2025-08-12T14:23:17Z</time><extensions><speed>1.404683</speed><course>48.032594</course><hAcc>1.042478</hAcc><vAcc>0.756745</vAcc></extensions></trkpt>
      <trkpt lon="-82.151105" lat="33.553362"><ele>98.631663</ele><time>2025-08-12T14:23:18Z</time><extensions><speed>1.284354</speed><course>50.736365</course><hAcc>1.045401</hAcc><vAcc>0.756746</vAcc></extensions></trkpt>
      <trkpt lon="-82.151095" lat="33.553369"><ele>98.579126</ele><time>2025-08-12T14:23:19Z</time><extensions><speed>1.231041</speed><course>52.598994</course><hAcc>1.040067</hAcc><vAcc>0.756747</vAcc></extensions></trkpt>
      <trkpt lon="-82.151084" lat="33.553375"><ele>98.537797</ele><time>2025-08-12T14:23:20Z</time><extensions><speed>1.232806</speed><course>51.780583</course><hAcc>1.041134</hAcc><vAcc>0.756748</vAcc></extensions></trkpt>
      <trkpt lon="-82.151074" lat="33.553383"><ele>98.507258</ele><time>2025-08-12T14:23:21Z</time><extensions><speed>1.236746</speed><course>49.364137</course><hAcc>1.043207</hAcc><vAcc>0.756750</vAcc></extensions></trkpt>
      <trkpt lon="-82.151064" lat="33.553390"><ele>98.477889</ele><time>2025-08-12T14:23:22Z</time><extensions><speed>1.261737</speed><course>48.328094</course><hAcc>1.037274</hAcc><vAcc>0.756751</vAcc></extensions></trkpt>
      <trkpt lon="-82.151053" lat="33.553397"><ele>98.459558</ele><time>2025-08-12T14:23:23Z</time><extensions><speed>1.271988</speed><course>49.999584</course><hAcc>1.037121</hAcc><vAcc>0.756749</vAcc></extensions></trkpt>
      <trkpt lon="-82.151043" lat="33.553405"><ele>98.448684</ele><time>2025-08-12T14:23:24Z</time><extensions><speed>1.356425</speed><course>50.003526</course><hAcc>1.045421</hAcc><vAcc>0.756748</vAcc></extensions></trkpt>
      <trkpt lon="-82.151032" lat="33.553413"><ele>98.443848</ele><time>2025-08-12T14:23:25Z</time><extensions><speed>1.293473</speed><course>50.016067</course><hAcc>1.061131</hAcc><vAcc>0.756747</vAcc></extensions></trkpt>
      <trkpt lon="-82.151021" lat="33.553420"><ele>98.446079</ele><time>2025-08-12T14:23:26Z</time><extensions><speed>1.312209</speed><course>51.004230</course><hAcc>1.038759</hAcc><vAcc>0.756746</vAcc></extensions></trkpt>
      <trkpt lon="-82.151010" lat="33.553428"><ele>98.458308</ele><time>2025-08-12T14:23:27Z</time><extensions><speed>1.321451</speed><course>52.642884</course><hAcc>1.040608</hAcc><vAcc>0.756745</vAcc></extensions></trkpt>
      <trkpt lon="-82.150998" lat="33.553435"><ele>98.476404</ele><time>2025-08-12T14:23:28Z</time><extensions><speed>1.317387</speed><course>52.811029</course><hAcc>1.048356</hAcc><vAcc>0.756745</vAcc></extensions></trkpt>
      <trkpt lon="-82.150987" lat="33.553442"><ele>98.501521</ele><time>2025-08-12T14:23:29Z</time><extensions><speed>1.318262</speed><course>54.786390</course><hAcc>1.049251</hAcc><vAcc>0.756744</vAcc></extensions></trkpt>
      <trkpt lon="-82.150975" lat="33.553448"><ele>98.527980</ele><time>2025-08-12T14:23:30Z</time><extensions><speed>1.291609</speed><course>56.984651</course><hAcc>1.045261</hAcc><vAcc>0.756744</vAcc></extensions></trkpt>
      <trkpt lon="-82.150964" lat="33.553454"><ele>98.545966</ele><time>2025-08-12T14:23:31Z</time><extensions><speed>1.157200</speed><course>57.364496</course><hAcc>1.040651</hAcc><vAcc>0.756744</vAcc></extensions></trkpt>
      <trkpt lon="-82.150954" lat="33.553460"><ele>98.575739</ele><time>2025-08-12T14:23:32Z</time><extensions><speed>1.203717</speed><course>55.164184</course><hAcc>1.041850</hAcc><vAcc>0.756744</vAcc></extensions></trkpt>
      <trkpt lon="-82.150943" lat="33.553467"><ele>98.600106</ele><time>2025-08-12T14:23:33Z</time><extensions><speed>1.366718</speed><course>49.926238</course><hAcc>1.038394</hAcc><vAcc>0.756744</vAcc></extensions></trkpt>
      <trkpt lon="-82.150931" lat="33.553476"><ele>98.620314</ele><time>2025-08-12T14:23:34Z</time><extensions><speed>1.478853</speed><course>46.163757</course><hAcc>1.034628</hAcc><vAcc>0.756743</vAcc></extensions></trkpt>
      <trkpt lon="-82.150920" lat="33.553485"><ele>98.630308</ele><time>2025-08-12T14:23:35Z</time><extensions><speed>1.500436</speed><course>44.530020</course><hAcc>1.039223</hAcc><vAcc>0.756743</vAcc></extensions></trkpt>
      <trkpt lon="-82.150909" lat="33.553494"><ele>98.651311</ele><time>2025-08-12T14:23:36Z</time><extensions><speed>1.327112</speed><course>47.585153</course><hAcc>1.063181</hAcc><vAcc>0.756743</vAcc></extensions></trkpt>
      <trkpt lon="-82.150898" lat="33.553502"><ele>98.669200</ele><time>2025-08-12T14:23:37Z</time><extensions><speed>1.300410</speed><course>50.554586</course><hAcc>1.049756</hAcc><vAcc>0.756743</vAcc></extensions></trkpt>
      <trkpt lon="-82.150887" lat="33.553509"><ele>98.671679</ele><time>2025-08-12T14:23:38Z</time><extensions><speed>1.258869</speed><course>52.896393</course><hAcc>1.052142</hAcc><vAcc>0.756743</vAcc></extensions></trkpt>
      <trkpt lon="-82.150876" lat="33.553516"><ele>98.667009</ele><time>2025-08-12T14:23:39Z</time><extensions><speed>1.374001</speed><course>55.409196</course><hAcc>1.060100</hAcc><vAcc>0.756743</vAcc></extensions></trkpt>
      <trkpt lon="-82.150864" lat="33.553523"><ele>98.660847</ele><time>2025-08-12T14:23:40Z</time><extensions><speed>1.399482</speed><course>52.407313</course><hAcc>1.062588</hAcc><vAcc>0.756743</vAcc></extensions></trkpt>
      <trkpt lon="-82.150852" lat="33.553531"><ele>98.647150</ele><time>2025-08-12T14:23:41Z</time><extensions><speed>1.368405</speed><course>47.964989</course><hAcc>1.060542</hAcc><vAcc>0.756743</vAcc></extensions></trkpt>
      <trkpt lon="-82.150842" lat="33.553540"><ele>98.616112</ele><time>2025-08-12T14:23:42Z</time><extensions><speed>1.371394</speed><course>43.274637</course><hAcc>1.062543</hAcc><vAcc>0.756743</vAcc></extensions></trkpt>
      <trkpt lon="-82.150832" lat="33.553549"><ele>98.578536</ele><time>2025-08-12T14:23:43Z</time><extensions><speed>1.416288</speed><course>40.361912</course><hAcc>1.063086</hAcc><vAcc>0.756743</vAcc></extensions></trkpt>
      <trkpt lon="-82.150822" lat="33.553559"><ele>98.536413</ele><time>2025-08-12T14:23:44Z</time><extensions><speed>1.428138</speed><course>42.622863</course><hAcc>1.061787</hAcc><vAcc>0.756742</vAcc></extensions></trkpt>
      <trkpt lon="-82.150811" lat="33.553568"><ele>98.487673</ele><time>2025-08-12T14:23:45Z</time><extensions><speed>1.374545</speed><course>49.187742</course><hAcc>1.056654</hAcc><vAcc>0.756742</vAcc></extensions></trkpt>
      <trkpt lon="-82.150799" lat="33.553576"><ele>98.436359</ele><time>2025-08-12T14:23:46Z</time><extensions><speed>1.433443</speed><course>52.904715</course><hAcc>1.050526</hAcc><vAcc>0.756742</vAcc></extensions></trkpt>
      <trkpt lon="-82.150787" lat="33.553583"><ele>98.390420</ele><time>2025-08-12T14:23:47Z</time><extensions><speed>1.405575</speed><course>54.407391</course><hAcc>1.053847</hAcc><vAcc>0.756742</vAcc></extensions></trkpt>
      <trkpt lon="-82.150774" lat="33.553591"><ele>98.334346</ele><time>2025-08-12T14:23:48Z</time><extensions><speed>1.454687</speed><course>57.157938</course><hAcc>1.043862</hAcc><vAcc>0.756742</vAcc></extensions></trkpt>
      <trkpt lon="-82.150761" lat="33.553598"><ele>98.275888</ele><time>2025-08-12T14:23:49Z</time><extensions><speed>1.495631</speed><course>59.138463</course><hAcc>1.046274</hAcc><vAcc>0.756742</vAcc></extensions></trkpt>
      <trkpt lon="-82.150747" lat="33.553604"><ele>98.222926</ele><time>2025-08-12T14:23:50Z</time><extensions><speed>1.350815</speed><course>62.149201</course><hAcc>1.064746</hAcc><vAcc>0.756742</vAcc></extensions></trkpt>
      <trkpt lon="-82.150735" lat="33.553610"><ele>98.164252</ele><time>2025-08-12T14:23:51Z</time><extensions><speed>1.275637</speed><course>61.026075</course><hAcc>1.058602</hAcc><vAcc>0.756742</vAcc></extensions></trkpt>
      <trkpt lon="-82.150724" lat="33.553615"><ele>98.113499</ele><time>2025-08-12T14:23:52Z</time><extensions><speed>1.094395</speed><course>57.255260</course><hAcc>1.064537</hAcc><vAcc>0.756742</vAcc></extensions></trkpt>
      <trkpt lon="-82.150714" lat="33.553621"><ele>98.068220</ele><time>2025-08-12T14:23:53Z</time><extensions><speed>1.151294</speed><course>52.387528</course><hAcc>1.075971</hAcc><vAcc>0.756742</vAcc></extensions></trkpt>
      <trkpt lon="-82.150703" lat="33.553628"><ele>98.026409</ele><time>2025-08-12T14:23:54Z</time><extensions><speed>1.324514</speed><course>51.090270</course><hAcc>1.086099</hAcc><vAcc>0.756742</vAcc></extensions></trkpt>
      <trkpt lon="-82.150692" lat="33.553635"><ele>97.987812</ele><time>2025-08-12T14:23:55Z</time><extensions><speed>1.422019</speed><course>52.222934</course><hAcc>1.089621</hAcc><vAcc>0.756742</vAcc></extensions></trkpt>
      <trkpt lon="-82.150679" lat="33.553643"><ele>97.950348</ele><time>2025-08-12T14:23:56Z</time><extensions><speed>1.481410</speed><course>55.226547</course><hAcc>1.086261</hAcc><vAcc>0.756742</vAcc></extensions></trkpt>
      <trkpt lon="-82.150666" lat="33.553651"><ele>97.919172</ele><time>2025-08-12T14:23:57Z</time><extensions><speed>1.445400</speed><course>56.092768</course><hAcc>1.086975</hAcc><vAcc>0.756742</vAcc></extensions></trkpt>
      <trkpt lon="-82.150654" lat="33.553658"><ele>97.881400</ele><time>2025-08-12T14:23:58Z</time><extensions><speed>1.327541</speed><course>55.140826</course><hAcc>1.114001</hAcc><vAcc>0.756855</vAcc></extensions></trkpt>
      <trkpt lon="-82.150642" lat="33.553664"><ele>97.852445</ele><time>2025-08-12T14:23:59Z</time><extensions><speed>1.296577</speed><course>55.843622</course><hAcc>1.097982</hAcc><vAcc>0.756907</vAcc></extensions></trkpt>
      <trkpt lon="-82.150631" lat="33.553671"><ele>97.831655</ele><time>2025-08-12T14:24:00Z</time><extensions><speed>1.213865</speed><course>56.053639</course><hAcc>1.105292</hAcc><vAcc>0.757225</vAcc></extensions></trkpt>
      <trkpt lon="-82.150620" lat="33.553677"><ele>97.816119</ele><time>2025-08-12T14:24:01Z</time><extensions><speed>1.327213</speed><course>56.528940</course><hAcc>1.117824</hAcc><vAcc>0.757778</vAcc></extensions></trkpt>
      <trkpt lon="-82.150607" lat="33.553684"><ele>97.809537</ele><time>2025-08-12T14:24:02Z</time><extensions><speed>1.428343</speed><course>57.716445</course><hAcc>1.132656</hAcc><vAcc>0.758281</vAcc></extensions></trkpt>
      <trkpt lon="-82.150594" lat="33.553691"><ele>97.802071</ele><time>2025-08-12T14:24:03Z</time><extensions><speed>1.491185</speed><course>59.267636</course><hAcc>1.141014</hAcc><vAcc>0.759177</vAcc></extensions></trkpt>
      <trkpt lon="-82.150580" lat="33.553697"><ele>97.790489</ele><time>2025-08-12T14:24:04Z</time><extensions><speed>1.468653</speed><course>61.140351</course><hAcc>1.146222</hAcc><vAcc>0.760039</vAcc></extensions></trkpt>
      <trkpt lon="-82.150566" lat="33.553703"><ele>97.787160</ele><time>2025-08-12T14:24:05Z</time><extensions><speed>1.385245</speed><course>62.125054</course><hAcc>1.165479</hAcc><vAcc>0.761027</vAcc></extensions></trkpt>
      <trkpt lon="-82.150554" lat="33.553709"><ele>97.804606</ele><time>2025-08-12T14:24:06Z</time><extensions><speed>1.255613</speed><course>61.167466</course><hAcc>1.209661</hAcc><vAcc>0.762007</vAcc></extensions></trkpt>
      <trkpt lon="-82.150543" lat="33.553714"><ele>97.825735</ele><time>2025-08-12T14:24:07Z</time><extensions><speed>1.070852</speed><course>62.335099</course><hAcc>1.185544</hAcc><vAcc>0.763018</vAcc></extensions></trkpt>
      <trkpt lon="-82.150533" lat="33.553718"><ele>97.847058</ele><time>2025-08-12T14:24:08Z</time><extensions><speed>1.045597</speed><course>63.699827</course><hAcc>1.179129</hAcc><vAcc>0.763997</vAcc></extensions></trkpt>
      <trkpt lon="-82.150522" lat="33.553723"><ele>97.879378</ele><time>2025-08-12T14:24:09Z</time><extensions><speed>1.164917</speed><course>62.081434</course><hAcc>1.214221</hAcc><vAcc>0.764863</vAcc></extensions></trkpt>
      <trkpt lon="-82.150511" lat="33.553728"><ele>97.902188</ele><time>2025-08-12T14:24:10Z</time><extensions><speed>1.275573</speed><course>60.510475</course><hAcc>1.234034</hAcc><vAcc>0.765522</vAcc></extensions></trkpt>
      <trkpt lon="-82.150498" lat="33.553734"><ele>97.921050</ele><time>2025-08-12T14:24:11Z</time><extensions><speed>1.376773</speed><course>60.569814</course><hAcc>1.240310</hAcc><vAcc>0.765883</vAcc></extensions></trkpt>
      <trkpt lon="-82.150485" lat="33.553740"><ele>97.942866</ele><time>2025-08-12T14:24:12Z</time><extensions><speed>1.408602</speed><course>62.131626</course><hAcc>1.246247</hAcc><vAcc>0.765892</vAcc></extensions></trkpt>
      <trkpt lon="-82.150472" lat="33.553746"><ele>97.966502</ele><time>2025-08-12T14:24:13Z</time><extensions><speed>1.392032</speed><course>62.373711</course><hAcc>1.255798</hAcc><vAcc>0.765545</vAcc></extensions></trkpt>
      <trkpt lon="-82.150459" lat="33.553751"><ele>97.995702</ele><time>2025-08-12T14:24:14Z</time><extensions><speed>1.308250</speed><course>64.890753</course><hAcc>1.263215</hAcc><vAcc>0.764881</vAcc></extensions></trkpt>
      <trkpt lon="-82.150446" lat="33.553756"><ele>98.028962</ele><time>2025-08-12T14:24:15Z</time><extensions><speed>1.201655</speed><course>64.781412</course><hAcc>1.269298</hAcc><vAcc>0.763985</vAcc></extensions></trkpt>
      <trkpt lon="-82.150435" lat="33.553761"><ele>98.062213</ele><time>2025-08-12T14:24:16Z</time><extensions><speed>1.214273</speed><course>63.593581</course><hAcc>1.268611</hAcc><vAcc>0.763186</vAcc></extensions></trkpt>
      <trkpt lon="-82.150423" lat="33.553766"><ele>98.105561</ele><time>2025-08-12T14:24:17Z</time><extensions><speed>1.255395</speed><course>62.198670</course><hAcc>1.277774</hAcc><vAcc>0.762238</vAcc></extensions></trkpt>
      <trkpt lon="-82.150410" lat="33.553772"><ele>98.151907</ele><time>2025-08-12T14:24:18Z</time><extensions><speed>1.351410</speed><course>60.669116</course><hAcc>1.280571</hAcc><vAcc>0.761359</vAcc></extensions></trkpt>
      <trkpt lon="-82.150398" lat="33.553778"><ele>98.187646</ele><time>2025-08-12T14:24:19Z</time><extensions><speed>1.376491</speed><course>58.144341</course><hAcc>1.270768</hAcc><vAcc>0.760599</vAcc></extensions></trkpt>
      <trkpt lon="-82.150385" lat="33.553785"><ele>98.221830</ele><time>2025-08-12T14:24:20Z</time><extensions><speed>1.415710</speed><course>56.959273</course><hAcc>1.256641</hAcc><vAcc>0.760180</vAcc></extensions></trkpt>
      <trkpt lon="-82.150372" lat="33.553791"><ele>98.253557</ele><time>2025-08-12T14:24:21Z</time><extensions><speed>1.385420</speed><course>59.099609</course><hAcc>1.243214</hAcc><vAcc>0.759825</vAcc></extensions></trkpt>
      <trkpt lon="-82.150360" lat="33.553797"><ele>98.281749</ele><time>2025-08-12T14:24:22Z</time><extensions><speed>1.284852</speed><course>61.012633</course><hAcc>1.231872</hAcc><vAcc>0.759609</vAcc></extensions></trkpt>
      <trkpt lon="-82.150348" lat="33.553803"><ele>98.305282</ele><time>2025-08-12T14:24:23Z</time><extensions><speed>1.289313</speed><course>59.985988</course><hAcc>1.219253</hAcc><vAcc>0.759521</vAcc></extensions></trkpt>
      <trkpt lon="-82.150335" lat="33.553809"><ele>98.326070</ele><time>2025-08-12T14:24:24Z</time><extensions><speed>1.392235</speed><course>59.129280</course><hAcc>1.206178</hAcc><vAcc>0.759527</vAcc></extensions></trkpt>
      <trkpt lon="-82.150322" lat="33.553816"><ele>98.344419</ele><time>2025-08-12T14:24:25Z</time><extensions><speed>1.482556</speed><course>57.685132</course><hAcc>1.206623</hAcc><vAcc>0.759580</vAcc></extensions></trkpt>
      <trkpt lon="-82.150309" lat="33.553823"><ele>98.357535</ele><time>2025-08-12T14:24:26Z</time><extensions><speed>1.382784</speed><course>56.136065</course><hAcc>1.221527</hAcc><vAcc>0.759631</vAcc></extensions></trkpt>
      <trkpt lon="-82.150297" lat="33.553830"><ele>98.369016</ele><time>2025-08-12T14:24:27Z</time><extensions><speed>1.335431</speed><course>56.945213</course><hAcc>1.208575</hAcc><vAcc>0.759638</vAcc></extensions></trkpt>
      <trkpt lon="-82.150285" lat="33.553836"><ele>98.363291</ele><time>2025-08-12T14:24:28Z</time><extensions><speed>1.276354</speed><course>59.428375</course><hAcc>1.207880</hAcc><vAcc>0.759590</vAcc></extensions></trkpt>
      <trkpt lon="-82.150273" lat="33.553842"><ele>98.351143</ele><time>2025-08-12T14:24:29Z</time><extensions><speed>1.202153</speed><course>62.047666</course><hAcc>1.214224</hAcc><vAcc>0.759481</vAcc></extensions></trkpt>
      <trkpt lon="-82.150262" lat="33.553847"><ele>98.322507</ele><time>2025-08-12T14:24:30Z</time><extensions><speed>1.217000</speed><course>59.708898</course><hAcc>1.218306</hAcc><vAcc>0.759304</vAcc></extensions></trkpt>
      <trkpt lon="-82.150250" lat="33.553853"><ele>98.289174</ele><time>2025-08-12T14:24:31Z</time><extensions><speed>1.364784</speed><course>60.449890</course><hAcc>1.216061</hAcc><vAcc>0.759057</vAcc></extensions></trkpt>
      <trkpt lon="-82.150237" lat="33.553859"><ele>98.247078</ele><time>2025-08-12T14:24:32Z</time><extensions><speed>1.425256</speed><course>62.072882</course><hAcc>1.211572</hAcc><vAcc>0.758760</vAcc></extensions></trkpt>
      <trkpt lon="-82.150223" lat="33.553865"><ele>98.193068</ele><time>2025-08-12T14:24:33Z</time><extensions><speed>1.443878</speed><course>63.112575</course><hAcc>1.205656</hAcc><vAcc>0.758444</vAcc></extensions></trkpt>
      <trkpt lon="-82.150209" lat="33.553870"><ele>98.137276</ele><time>2025-08-12T14:24:34Z</time><extensions><speed>1.417626</speed><course>63.719960</course><hAcc>1.206754</hAcc><vAcc>0.758148</vAcc></extensions></trkpt>
      <trkpt lon="-82.150196" lat="33.553876"><ele>98.068521</ele><time>2025-08-12T14:24:35Z</time><extensions><speed>1.383065</speed><course>64.137815</course><hAcc>1.209508</hAcc><vAcc>0.757869</vAcc></extensions></trkpt>
      <trkpt lon="-82.150182" lat="33.553881"><ele>97.998355</ele><time>2025-08-12T14:24:36Z</time><extensions><speed>1.293905</speed><course>66.910210</course><hAcc>1.212173</hAcc><vAcc>0.757798</vAcc></extensions></trkpt>
      <trkpt lon="-82.150170" lat="33.553885"><ele>97.919608</ele><time>2025-08-12T14:24:37Z</time><extensions><speed>1.197045</speed><course>70.769132</course><hAcc>1.211095</hAcc><vAcc>0.757912</vAcc></extensions></trkpt>
      <trkpt lon="-82.150157" lat="33.553889"><ele>97.844334</ele><time>2025-08-12T14:24:38Z</time><extensions><speed>1.305145</speed><course>72.523218</course><hAcc>1.204826</hAcc><vAcc>0.758156</vAcc></extensions></trkpt>
      <trkpt lon="-82.150143" lat="33.553892"><ele>97.765007</ele><time>2025-08-12T14:24:39Z</time><extensions><speed>1.392124</speed><course>70.651023</course><hAcc>1.213135</hAcc><vAcc>0.758818</vAcc></extensions></trkpt>
      <trkpt lon="-82.150129" lat="33.553897"><ele>97.681048</ele><time>2025-08-12T14:24:40Z</time><extensions><speed>1.422426</speed><course>70.078115</course><hAcc>1.215852</hAcc><vAcc>0.759804</vAcc></extensions></trkpt>
      <trkpt lon="-82.150115" lat="33.553901"><ele>97.592808</ele><time>2025-08-12T14:24:41Z</time><extensions><speed>1.409345</speed><course>67.760686</course><hAcc>1.218600</hAcc><vAcc>0.760925</vAcc></extensions></trkpt>
      <trkpt lon="-82.150101" lat="33.553906"><ele>97.514020</ele><time>2025-08-12T14:24:42Z</time><extensions><speed>1.366943</speed><course>64.930995</course><hAcc>1.218108</hAcc><vAcc>0.762461</vAcc></extensions></trkpt>
      <trkpt lon="-82.150088" lat="33.553911"><ele>97.439555</ele><time>2025-08-12T14:24:43Z</time><extensions><speed>1.287447</speed><course>65.270384</course><hAcc>1.215180</hAcc><vAcc>0.764179</vAcc></extensions></trkpt>
      <trkpt lon="-82.150076" lat="33.553916"><ele>97.365168</ele><time>2025-08-12T14:24:44Z</time><extensions><speed>1.207261</speed><course>66.287178</course><hAcc>1.215017</hAcc><vAcc>0.766144</vAcc></extensions></trkpt>
      <trkpt lon="-82.150064" lat="33.553920"><ele>97.295888</ele><time>2025-08-12T14:24:45Z</time><extensions><speed>1.220989</speed><course>65.447299</course><hAcc>1.213693</hAcc><vAcc>0.769077</vAcc></extensions></trkpt>
      <trkpt lon="-82.150052" lat="33.553925"><ele>97.239225</ele><time>2025-08-12T14:24:46Z</time><extensions><speed>1.247163</speed><course>64.059601</course><hAcc>1.215004</hAcc><vAcc>0.771717</vAcc></extensions></trkpt>
      <trkpt lon="-82.150040" lat="33.553930"><ele>97.204107</ele><time>2025-08-12T14:24:47Z</time><extensions><speed>1.296765</speed><course>64.306805</course><hAcc>1.213336</hAcc><vAcc>0.773942</vAcc></extensions></trkpt>
      <trkpt lon="-82.150027" lat="33.553935"><ele>97.177237</ele><time>2025-08-12T14:24:48Z</time><extensions><speed>1.334027</speed><course>65.514448</course><hAcc>1.217778</hAcc><vAcc>0.776083</vAcc></extensions></trkpt>
      <trkpt lon="-82.150014" lat="33.553940"><ele>97.145668</ele><time>2025-08-12T14:24:49Z</time><extensions><speed>1.237771</speed><course>68.275754</course><hAcc>1.244856</hAcc><vAcc>0.778244</vAcc></extensions></trkpt>
      <trkpt lon="-82.150002" lat="33.553944"><ele>97.123081</ele><time>2025-08-12T14:24:50Z</time><extensions><speed>1.175901</speed><course>69.331816</course><hAcc>1.226637</hAcc><vAcc>0.780067</vAcc></extensions></trkpt>
      <trkpt lon="-82.149990" lat="33.553948"><ele>97.104776</ele><time>2025-08-12T14:24:51Z</time><extensions><speed>1.253347</speed><course>67.149451</course><hAcc>1.221979</hAcc><vAcc>0.781495</vAcc></extensions></trkpt>
      <trkpt lon="-82.149977" lat="33.553953"><ele>97.104177</ele><time>2025-08-12T14:24:52Z</time><extensions><speed>1.379879</speed><course>62.736922</course><hAcc>1.227047</hAcc><vAcc>0.782395</vAcc></extensions></trkpt>
      <trkpt lon="-82.149963" lat="33.553959"><ele>97.098986</ele><time>2025-08-12T14:24:53Z</time><extensions><speed>1.467776</speed><course>61.816929</course><hAcc>1.229784</hAcc><vAcc>0.782917</vAcc></extensions></trkpt>
      <trkpt lon="-82.149949" lat="33.553965"><ele>97.103108</ele><time>2025-08-12T14:24:54Z</time><extensions><speed>1.516845</speed><course>63.261305</course><hAcc>1.235862</hAcc><vAcc>0.783082</vAcc></extensions></trkpt>
      <trkpt lon="-82.149935" lat="33.553971"><ele>97.112288</ele><time>2025-08-12T14:24:55Z</time><extensions><speed>1.380261</speed><course>65.908581</course><hAcc>1.257329</hAcc><vAcc>0.783190</vAcc></extensions></trkpt>
      <trkpt lon="-82.149921" lat="33.553976"><ele>97.113079</ele><time>2025-08-12T14:24:56Z</time><extensions><speed>1.406596</speed><course>68.481561</course><hAcc>1.243158</hAcc><vAcc>0.782553</vAcc></extensions></trkpt>
      <trkpt lon="-82.149907" lat="33.553980"><ele>97.118401</ele><time>2025-08-12T14:24:57Z</time><extensions><speed>1.295933</speed><course>69.203628</course><hAcc>1.244295</hAcc><vAcc>0.781576</vAcc></extensions></trkpt>
      <trkpt lon="-82.149895" lat="33.553984"><ele>97.126069</ele><time>2025-08-12T14:24:58Z</time><extensions><speed>1.159885</speed><course>67.072595</course><hAcc>1.255229</hAcc><vAcc>0.780448</vAcc></extensions></trkpt>
      <trkpt lon="-82.149883" lat="33.553988"><ele>97.133104</ele><time>2025-08-12T14:24:59Z</time><extensions><speed>1.190286</speed><course>67.730375</course><hAcc>1.259696</hAcc><vAcc>0.779234</vAcc></extensions></trkpt>
      <trkpt lon="-82.149870" lat="33.553992"><ele>97.133726</ele><time>2025-08-12T14:25:00Z</time><extensions><speed>1.365741</speed><course>69.450502</course><hAcc>1.265641</hAcc><vAcc>0.777941</vAcc></extensions></trkpt>
      <trkpt lon="-82.149856" lat="33.553997"><ele>97.138895</ele><time>2025-08-12T14:25:01Z</time><extensions><speed>1.485353</speed><course>71.293694</course><hAcc>1.258998</hAcc><vAcc>0.776559</vAcc></extensions></trkpt>
      <trkpt lon="-82.149841" lat="33.554001"><ele>97.134311</ele><time>2025-08-12T14:25:02Z</time><extensions><speed>1.528013</speed><course>72.087647</course><hAcc>1.249429</hAcc><vAcc>0.775083</vAcc></extensions></trkpt>
      <trkpt lon="-82.149825" lat="33.554005"><ele>97.133892</ele><time>2025-08-12T14:25:03Z</time><extensions><speed>1.528088</speed><course>72.465230</course><hAcc>1.246899</hAcc><vAcc>0.773507</vAcc></extensions></trkpt>
      <trkpt lon="-82.149810" lat="33.554009"><ele>97.131421</ele><time>2025-08-12T14:25:04Z</time><extensions><speed>1.324976</speed><course>74.423907</course><hAcc>1.273451</hAcc><vAcc>0.771818</vAcc></extensions></trkpt>
      <trkpt lon="-82.149797" lat="33.554012"><ele>97.121763</ele><time>2025-08-12T14:25:05Z</time><extensions><speed>1.251721</speed><course>75.130785</course><hAcc>1.240284</hAcc><vAcc>0.770009</vAcc></extensions></trkpt>
      <trkpt lon="-82.149784" lat="33.554015"><ele>97.115446</ele><time>2025-08-12T14:25:06Z</time><extensions><speed>1.194095</speed><course>73.712726</course><hAcc>1.222164</hAcc><vAcc>0.768115</vAcc></extensions></trkpt>
      <trkpt lon="-82.149772" lat="33.554018"><ele>97.107721</ele><time>2025-08-12T14:25:07Z</time><extensions><speed>1.192165</speed><course>71.059957</course><hAcc>1.227408</hAcc><vAcc>0.766228</vAcc></extensions></trkpt>
      <trkpt lon="-82.149760" lat="33.554022"><ele>97.102607</ele><time>2025-08-12T14:25:08Z</time><extensions><speed>1.188995</speed><course>70.224623</course><hAcc>1.221777</hAcc><vAcc>0.764446</vAcc></extensions></trkpt>
      <trkpt lon="-82.149747" lat="33.554026"><ele>97.103995</ele><time>2025-08-12T14:25:09Z</time><extensions><speed>1.257937</speed><course>68.400590</course><hAcc>1.208543</hAcc><vAcc>0.762840</vAcc></extensions></trkpt>
      <trkpt lon="-82.149734" lat="33.554030"><ele>97.096477</ele><time>2025-08-12T14:25:10Z</time><extensions><speed>1.374031</speed><course>66.568333</course><hAcc>1.200041</hAcc><vAcc>0.761449</vAcc></extensions></trkpt>
      <trkpt lon="-82.149721" lat="33.554035"><ele>97.085049</ele><time>2025-08-12T14:25:11Z</time><extensions><speed>1.316404</speed><course>69.146299</course><hAcc>1.212180</hAcc><vAcc>0.760286</vAcc></extensions></trkpt>
      <trkpt lon="-82.149708" lat="33.554039"><ele>97.076485</ele><time>2025-08-12T14:25:12Z</time><extensions><speed>1.293765</speed><course>72.074787</course><hAcc>1.177193</hAcc><vAcc>0.759344</vAcc></extensions></trkpt>
      <trkpt lon="-82.149694" lat="33.554042"><ele>97.070501</ele><time>2025-08-12T14:25:13Z</time><extensions><speed>1.361650</speed><course>74.168739</course><hAcc>1.167507</hAcc><vAcc>0.758604</vAcc></extensions></trkpt>
      <trkpt lon="-82.149679" lat="33.554046"><ele>97.064303</ele><time>2025-08-12T14:25:14Z</time><extensions><speed>1.417113</speed><course>74.403621</course><hAcc>1.162810</hAcc><vAcc>0.758040</vAcc></extensions></trkpt>
      <trkpt lon="-82.149665" lat="33.554049"><ele>97.079994</ele><time>2025-08-12T14:25:15Z</time><extensions><speed>1.431815</speed><course>73.464395</course><hAcc>1.155248</hAcc><vAcc>0.757622</vAcc></extensions></trkpt>
      <trkpt lon="-82.149650" lat="33.554053"><ele>97.104420</ele><time>2025-08-12T14:25:16Z</time><extensions><speed>1.408331</speed><course>69.636504</course><hAcc>1.141629</hAcc><vAcc>0.757321</vAcc></extensions></trkpt>
      <trkpt lon="-82.149636" lat="33.554058"><ele>97.138420</ele><time>2025-08-12T14:25:17Z</time><extensions><speed>1.407273</speed><course>66.334888</course><hAcc>1.141007</hAcc><vAcc>0.757112</vAcc></extensions></trkpt>
      <trkpt lon="-82.149623" lat="33.554063"><ele>97.173228</ele><time>2025-08-12T14:25:18Z</time><extensions><speed>1.270037</speed><course>65.099788</course><hAcc>1.164409</hAcc><vAcc>0.756971</vAcc></extensions></trkpt>
      <trkpt lon="-82.149611" lat="33.554068"><ele>97.219084</ele><time>2025-08-12T14:25:19Z</time><extensions><speed>1.229055</speed><course>64.150137</course><hAcc>1.150262</hAcc><vAcc>0.756880</vAcc></extensions></trkpt>
      <trkpt lon="-82.149599" lat="33.554072"><ele>97.265006</ele><time>2025-08-12T14:25:20Z</time><extensions><speed>1.122059</speed><course>68.095054</course><hAcc>1.158567</hAcc><vAcc>0.756824</vAcc></extensions></trkpt>
      <trkpt lon="-82.149588" lat="33.554075"><ele>97.311020</ele><time>2025-08-12T14:25:21Z</time><extensions><speed>1.156449</speed><course>73.074457</course><hAcc>1.176577</hAcc><vAcc>0.756792</vAcc></extensions></trkpt>
      <trkpt lon="-82.149575" lat="33.554078"><ele>97.356695</ele><time>2025-08-12T14:25:22Z</time><extensions><speed>1.242830</speed><course>75.946810</course><hAcc>1.194858</hAcc><vAcc>0.756774</vAcc></extensions></trkpt>
      <trkpt lon="-82.149562" lat="33.554081"><ele>97.409585</ele><time>2025-08-12T14:25:23Z</time><extensions><speed>1.290574</speed><course>77.380429</course><hAcc>1.209674</hAcc><vAcc>0.756847</vAcc></extensions></trkpt>
      <trkpt lon="-82.149548" lat="33.554084"><ele>97.458706</ele><time>2025-08-12T14:25:24Z</time><extensions><speed>1.320739</speed><course>76.454341</course><hAcc>1.222686</hAcc><vAcc>0.757058</vAcc></extensions></trkpt>
      <trkpt lon="-82.149534" lat="33.554087"><ele>97.477701</ele><time>2025-08-12T14:25:25Z</time><extensions><speed>1.310946</speed><course>75.190762</course><hAcc>1.235330</hAcc><vAcc>0.757418</vAcc></extensions></trkpt>
      <trkpt lon="-82.149521" lat="33.554090"><ele>97.490833</ele><time>2025-08-12T14:25:26Z</time><extensions><speed>1.382253</speed><course>72.303548</course><hAcc>1.248024</hAcc><vAcc>0.757682</vAcc></extensions></trkpt>
      <trkpt lon="-82.149506" lat="33.554094"><ele>97.492403</ele><time>2025-08-12T14:25:27Z</time><extensions><speed>1.450572</speed><course>70.194393</course><hAcc>1.253132</hAcc><vAcc>0.758085</vAcc></extensions></trkpt>
      <trkpt lon="-82.149491" lat="33.554099"><ele>97.493117</ele><time>2025-08-12T14:25:28Z</time><extensions><speed>1.510289</speed><course>68.059561</course><hAcc>1.255967</hAcc><vAcc>0.758520</vAcc></extensions></trkpt>
      <trkpt lon="-82.149476" lat="33.554104"><ele>97.487852</ele><time>2025-08-12T14:25:29Z</time><extensions><speed>1.486929</speed><course>67.686732</course><hAcc>1.260534</hAcc><vAcc>0.758964</vAcc></extensions></trkpt>
      <trkpt lon="-82.149462" lat="33.554109"><ele>97.465734</ele><time>2025-08-12T14:25:30Z</time><extensions><speed>1.414851</speed><course>67.277665</course><hAcc>1.265957</hAcc><vAcc>0.759437</vAcc></extensions></trkpt>
      <trkpt lon="-82.149448" lat="33.554113"><ele>97.436158</ele><time>2025-08-12T14:25:31Z</time><extensions><speed>1.283735</speed><course>69.434751</course><hAcc>1.267517</hAcc><vAcc>0.759913</vAcc></extensions></trkpt>
      <trkpt lon="-82.149436" lat="33.554117"><ele>97.399422</ele><time>2025-08-12T14:25:32Z</time><extensions><speed>1.188662</speed><course>72.808266</course><hAcc>1.254358</hAcc><vAcc>0.760356</vAcc></extensions></trkpt>
      <trkpt lon="-82.149423" lat="33.554120"><ele>97.351892</ele><time>2025-08-12T14:25:33Z</time><extensions><speed>1.227999</speed><course>74.818322</course><hAcc>1.270639</hAcc><vAcc>0.760715</vAcc></extensions></trkpt>
      <trkpt lon="-82.149411" lat="33.554123"><ele>97.295491</ele><time>2025-08-12T14:25:34Z</time><extensions><speed>1.207018</speed><course>75.966657</course><hAcc>1.272453</hAcc><vAcc>0.760935</vAcc></extensions></trkpt>
      <trkpt lon="-82.149398" lat="33.554125"><ele>97.232474</ele><time>2025-08-12T14:25:35Z</time><extensions><speed>1.235418</speed><course>79.231048</course><hAcc>1.271868</hAcc><vAcc>0.761566</vAcc></extensions></trkpt>
      <trkpt lon="-82.149384" lat="33.554127"><ele>97.173035</ele><time>2025-08-12T14:25:36Z</time><extensions><speed>1.302578</speed><course>79.979257</course><hAcc>1.267162</hAcc><vAcc>0.762018</vAcc></extensions></trkpt>
      <trkpt lon="-82.149371" lat="33.554129"><ele>97.112560</ele><time>2025-08-12T14:25:37Z</time><extensions><speed>1.225346</speed><course>78.279106</course><hAcc>1.262834</hAcc><vAcc>0.762174</vAcc></extensions></trkpt>
      <trkpt lon="-82.149358" lat="33.554132"><ele>97.061748</ele><time>2025-08-12T14:25:38Z</time><extensions><speed>1.167554</speed><course>77.009099</course><hAcc>1.263146</hAcc><vAcc>0.762297</vAcc></extensions></trkpt>
      <trkpt lon="-82.149346" lat="33.554134"><ele>97.026778</ele><time>2025-08-12T14:25:39Z</time><extensions><speed>1.216768</speed><course>75.968358</course><hAcc>1.263965</hAcc><vAcc>0.762690</vAcc></extensions></trkpt>
      <trkpt lon="-82.149333" lat="33.554137"><ele>96.995204</ele><time>2025-08-12T14:25:40Z</time><extensions><speed>1.208361</speed><course>73.032208</course><hAcc>1.263071</hAcc><vAcc>0.763531</vAcc></extensions></trkpt>
      <trkpt lon="-82.149320" lat="33.554141"><ele>96.967318</ele><time>2025-08-12T14:25:41Z</time><extensions><speed>1.286956</speed><course>70.871243</course><hAcc>1.260698</hAcc><vAcc>0.764577</vAcc></extensions></trkpt>
      <trkpt lon="-82.149307" lat="33.554145"><ele>96.952321</ele><time>2025-08-12T14:25:42Z</time><extensions><speed>1.361992</speed><course>71.009050</course><hAcc>1.256639</hAcc><vAcc>0.765492</vAcc></extensions></trkpt>
      <trkpt lon="-82.149293" lat="33.554149"><ele>96.946646</ele><time>2025-08-12T14:25:43Z</time><extensions><speed>1.420771</speed><course>70.162475</course><hAcc>1.251196</hAcc><vAcc>0.767165</vAcc></extensions></trkpt>
      <trkpt lon="-82.149278" lat="33.554153"><ele>96.944385</ele><time>2025-08-12T14:25:44Z</time><extensions><speed>1.408800</speed><course>70.557088</course><hAcc>1.264902</hAcc><vAcc>0.768579</vAcc></extensions></trkpt>
      <trkpt lon="-82.149265" lat="33.554157"><ele>96.936828</ele><time>2025-08-12T14:25:45Z</time><extensions><speed>1.248930</speed><course>69.971595</course><hAcc>1.302406</hAcc><vAcc>0.769806</vAcc></extensions></trkpt>
      <trkpt lon="-82.149252" lat="33.554161"><ele>96.932169</ele><time>2025-08-12T14:25:46Z</time><extensions><speed>1.219001</speed><course>67.040403</course><hAcc>1.279604</hAcc><vAcc>0.771033</vAcc></extensions></trkpt>
      <trkpt lon="-82.149240" lat="33.554166"><ele>96.927589</ele><time>2025-08-12T14:25:47Z</time><extensions><speed>1.215330</speed><course>63.878236</course><hAcc>1.280956</hAcc><vAcc>0.771960</vAcc></extensions></trkpt>
      <trkpt lon="-82.149229" lat="33.554171"><ele>96.917536</ele><time>2025-08-12T14:25:48Z</time><extensions><speed>1.279543</speed><course>61.795601</course><hAcc>1.294212</hAcc><vAcc>0.773121</vAcc></extensions></trkpt>
      <trkpt lon="-82.149216" lat="33.554176"><ele>96.888853</ele><time>2025-08-12T14:25:49Z</time><extensions><speed>1.343021</speed><course>63.011446</course><hAcc>1.301821</hAcc><vAcc>0.774356</vAcc></extensions></trkpt>
      <trkpt lon="-82.149203" lat="33.554182"><ele>96.874042</ele><time>2025-08-12T14:25:50Z</time><extensions><speed>1.387741</speed><course>66.959952</course><hAcc>1.298760</hAcc><vAcc>0.775331</vAcc></extensions></trkpt>
      <trkpt lon="-82.149188" lat="33.554186"><ele>96.853924</ele><time>2025-08-12T14:25:51Z</time><extensions><speed>1.476352</speed><course>70.247594</course><hAcc>1.286928</hAcc><vAcc>0.776798</vAcc></extensions></trkpt>
      <trkpt lon="-82.149173" lat="33.554190"><ele>96.823698</ele><time>2025-08-12T14:25:52Z</time><extensions><speed>1.495131</speed><course>72.807594</course><hAcc>1.281848</hAcc><vAcc>0.778418</vAcc></extensions></trkpt>
      <trkpt lon="-82.149159" lat="33.554194"><ele>96.787016</ele><time>2025-08-12T14:25:53Z</time><extensions><speed>1.274565</speed><course>73.154390</course><hAcc>1.296779</hAcc><vAcc>0.780162</vAcc></extensions></trkpt>
      <trkpt lon="-82.149146" lat="33.554197"><ele>96.761049</ele><time>2025-08-12T14:25:54Z</time><extensions><speed>1.137901</speed><course>76.406796</course><hAcc>1.267732</hAcc><vAcc>0.782246</vAcc></extensions></trkpt>
      <trkpt lon="-82.149134" lat="33.554199"><ele>96.727137</ele><time>2025-08-12T14:25:55Z</time><extensions><speed>1.231525</speed><course>76.700319</course><hAcc>1.254813</hAcc><vAcc>0.784493</vAcc></extensions></trkpt>
      <trkpt lon="-82.149120" lat="33.554202"><ele>96.695088</ele><time>2025-08-12T14:25:56Z</time><extensions><speed>1.370712</speed><course>76.714550</course><hAcc>1.258157</hAcc><vAcc>0.786263</vAcc></extensions></trkpt>
      <trkpt lon="-82.149106" lat="33.554205"><ele>96.663055</ele><time>2025-08-12T14:25:57Z</time><extensions><speed>1.378569</speed><course>81.342043</course><hAcc>1.256136</hAcc><vAcc>0.788089</vAcc></extensions></trkpt>
      <trkpt lon="-82.149091" lat="33.554206"><ele>96.637641</ele><time>2025-08-12T14:25:58Z</time><extensions><speed>1.392086</speed><course>88.457335</course><hAcc>1.246307</hAcc><vAcc>0.790393</vAcc></extensions></trkpt>
      <trkpt lon="-82.149075" lat="33.554206"><ele>96.615646</ele><time>2025-08-12T14:25:59Z</time><extensions><speed>1.507039</speed><course>90.665010</course><hAcc>1.229453</hAcc><vAcc>0.792755</vAcc></extensions></trkpt>
      <trkpt lon="-82.149059" lat="33.554206"><ele>96.594471</ele><time>2025-08-12T14:26:00Z</time><extensions><speed>1.542239</speed><course>90.566431</course><hAcc>1.233745</hAcc><vAcc>0.794580</vAcc></extensions></trkpt>
      <trkpt lon="-82.149042" lat="33.554206"><ele>96.583134</ele><time>2025-08-12T14:26:01Z</time><extensions><speed>1.464270</speed><course>87.413373</course><hAcc>1.263682</hAcc><vAcc>0.795502</vAcc></extensions></trkpt>
      <trkpt lon="-82.149027" lat="33.554206"><ele>96.568312</ele><time>2025-08-12T14:26:02Z</time><extensions><speed>1.402754</speed><course>87.388679</course><hAcc>1.241147</hAcc><vAcc>0.795595</vAcc></extensions></trkpt>
      <trkpt lon="-82.149012" lat="33.554207"><ele>96.554402</ele><time>2025-08-12T14:26:03Z</time><extensions><speed>1.349192</speed><course>84.905342</course><hAcc>1.220357</hAcc><vAcc>0.794758</vAcc></extensions></trkpt>
      <trkpt lon="-82.148997" lat="33.554209"><ele>96.544990</ele><time>2025-08-12T14:26:04Z</time><extensions><speed>1.529605</speed><course>82.832312</course><hAcc>1.237201</hAcc><vAcc>0.793018</vAcc></extensions></trkpt>
      <trkpt lon="-82.148980" lat="33.554211"><ele>96.536537</ele><time>2025-08-12T14:26:05Z</time><extensions><speed>1.578741</speed><course>78.919642</course><hAcc>1.246145</hAcc><vAcc>0.790512</vAcc></extensions></trkpt>
      <trkpt lon="-82.148964" lat="33.554214"><ele>96.523077</ele><time>2025-08-12T14:26:06Z</time><extensions><speed>1.592071</speed><course>74.198435</course><hAcc>1.230597</hAcc><vAcc>0.787467</vAcc></extensions></trkpt>
      <trkpt lon="-82.148947" lat="33.554219"><ele>96.505019</ele><time>2025-08-12T14:26:07Z</time><extensions><speed>1.631860</speed><course>71.491109</course><hAcc>1.223029</hAcc><vAcc>0.784137</vAcc></extensions></trkpt>
      <trkpt lon="-82.148931" lat="33.554223"><ele>96.491542</ele><time>2025-08-12T14:26:08Z</time><extensions><speed>1.533831</speed><course>71.225288</course><hAcc>1.240344</hAcc><vAcc>0.780999</vAcc></extensions></trkpt>
      <trkpt lon="-82.148915" lat="33.554227"><ele>96.478526</ele><time>2025-08-12T14:26:09Z</time><extensions><speed>1.502919</speed><course>72.724928</course><hAcc>1.239393</hAcc><vAcc>0.777701</vAcc></extensions></trkpt>
      <trkpt lon="-82.148900" lat="33.554231"><ele>96.460159</ele><time>2025-08-12T14:26:10Z</time><extensions><speed>1.458041</speed><course>74.598403</course><hAcc>1.225008</hAcc><vAcc>0.774511</vAcc></extensions></trkpt>
      <trkpt lon="-82.148885" lat="33.554235"><ele>96.439636</ele><time>2025-08-12T14:26:11Z</time><extensions><speed>1.431390</speed><course>73.349415</course><hAcc>1.214874</hAcc><vAcc>0.771537</vAcc></extensions></trkpt>
      <trkpt lon="-82.148870" lat="33.554239"><ele>96.413550</ele><time>2025-08-12T14:26:12Z</time><extensions><speed>1.478704</speed><course>71.139190</course><hAcc>1.213745</hAcc><vAcc>0.768884</vAcc></extensions></trkpt>
      <trkpt lon="-82.148855" lat="33.554243"><ele>96.347674</ele><time>2025-08-12T14:26:13Z</time><extensions><speed>1.534965</speed><course>69.567291</course><hAcc>1.215595</hAcc><vAcc>0.766619</vAcc></extensions></trkpt>
      <trkpt lon="-82.148840" lat="33.554248"><ele>96.276555</ele><time>2025-08-12T14:26:14Z</time><extensions><speed>1.482851</speed><course>69.195158</course><hAcc>1.226258</hAcc><vAcc>0.764757</vAcc></extensions></trkpt>
      <trkpt lon="-82.148825" lat="33.554253"><ele>96.209634</ele><time>2025-08-12T14:26:15Z</time><extensions><speed>1.438503</speed><course>70.932752</course><hAcc>1.210188</hAcc><vAcc>0.763273</vAcc></extensions></trkpt>
      <trkpt lon="-82.148810" lat="33.554257"><ele>96.147675</ele><time>2025-08-12T14:26:16Z</time><extensions><speed>1.472458</speed><course>73.025484</course><hAcc>1.193864</hAcc><vAcc>0.762115</vAcc></extensions></trkpt>
      <trkpt lon="-82.148794" lat="33.554260"><ele>96.092762</ele><time>2025-08-12T14:26:17Z</time><extensions><speed>1.530421</speed><course>77.049118</course><hAcc>1.200016</hAcc><vAcc>0.761209</vAcc></extensions></trkpt>
      <trkpt lon="-82.148778" lat="33.554263"><ele>96.037085</ele><time>2025-08-12T14:26:18Z</time><extensions><speed>1.463545</speed><course>83.222935</course><hAcc>1.230675</hAcc><vAcc>0.760469</vAcc></extensions></trkpt>
      <trkpt lon="-82.148763" lat="33.554264"><ele>95.979221</ele><time>2025-08-12T14:26:19Z</time><extensions><speed>1.353507</speed><course>84.266553</course><hAcc>1.205095</hAcc><vAcc>0.759830</vAcc></extensions></trkpt>
      <trkpt lon="-82.148749" lat="33.554265"><ele>95.928068</ele><time>2025-08-12T14:26:20Z</time><extensions><speed>1.309953</speed><course>81.583682</course><hAcc>1.200940</hAcc><vAcc>0.759265</vAcc></extensions></trkpt>
      <trkpt lon="-82.148735" lat="33.554267"><ele>95.884492</ele><time>2025-08-12T14:26:21Z</time><extensions><speed>1.334116</speed><course>78.690611</course><hAcc>1.213294</hAcc><vAcc>0.758773</vAcc></extensions></trkpt>
      <trkpt lon="-82.148721" lat="33.554270"><ele>95.843682</ele><time>2025-08-12T14:26:22Z</time><extensions><speed>1.287933</speed><course>73.265862</course><hAcc>1.219910</hAcc><vAcc>0.758351</vAcc></extensions></trkpt>
      <trkpt lon="-82.148708" lat="33.554274"><ele>95.811529</ele><time>2025-08-12T14:26:23Z</time><extensions><speed>1.285986</speed><course>71.235818</course><hAcc>1.213446</hAcc><vAcc>0.757996</vAcc></extensions></trkpt>
      <trkpt lon="-82.148695" lat="33.554278"><ele>95.789660</ele><time>2025-08-12T14:26:24Z</time><extensions><speed>1.305269</speed><course>71.550194</course><hAcc>1.220851</hAcc><vAcc>0.757703</vAcc></extensions></trkpt>
      <trkpt lon="-82.148681" lat="33.554281"><ele>95.776474</ele><time>2025-08-12T14:26:25Z</time><extensions><speed>1.317575</speed><course>73.239227</course><hAcc>1.220188</hAcc><vAcc>0.757467</vAcc></extensions></trkpt>
      <trkpt lon="-82.148668" lat="33.554285"><ele>95.762629</ele><time>2025-08-12T14:26:26Z</time><extensions><speed>1.316208</speed><course>73.693608</course><hAcc>1.213836</hAcc><vAcc>0.757279</vAcc></extensions></trkpt>
      <trkpt lon="-82.148654" lat="33.554288"><ele>95.755186</ele><time>2025-08-12T14:26:27Z</time><extensions><speed>1.304940</speed><course>72.841608</course><hAcc>1.213299</hAcc><vAcc>0.757134</vAcc></extensions></trkpt>
      <trkpt lon="-82.148641" lat="33.554291"><ele>95.751371</ele><time>2025-08-12T14:26:28Z</time><extensions><speed>1.261365</speed><course>73.246407</course><hAcc>1.211608</hAcc><vAcc>0.757023</vAcc></extensions></trkpt>
      <trkpt lon="-82.148628" lat="33.554295"><ele>95.749833</ele><time>2025-08-12T14:26:29Z</time><extensions><speed>1.298041</speed><course>74.259374</course><hAcc>1.206945</hAcc><vAcc>0.756941</vAcc></extensions></trkpt>
      <trkpt lon="-82.148614" lat="33.554298"><ele>95.747669</ele><time>2025-08-12T14:26:30Z</time><extensions><speed>1.349985</speed><course>73.722857</course><hAcc>1.208493</hAcc><vAcc>0.756881</vAcc></extensions></trkpt>
      <trkpt lon="-82.148600" lat="33.554302"><ele>95.753869</ele><time>2025-08-12T14:26:31Z</time><extensions><speed>1.409494</speed><course>71.067943</course><hAcc>1.205098</hAcc><vAcc>0.756838</vAcc></extensions></trkpt>
      <trkpt lon="-82.148585" lat="33.554306"><ele>95.750809</ele><time>2025-08-12T14:26:32Z</time><extensions><speed>1.463441</speed><course>70.949640</course><hAcc>1.204413</hAcc><vAcc>0.756808</vAcc></extensions></trkpt>
      <trkpt lon="-82.148570" lat="33.554310"><ele>95.739505</ele><time>2025-08-12T14:26:33Z</time><extensions><speed>1.454297</speed><course>71.912665</course><hAcc>1.206579</hAcc><vAcc>0.756787</vAcc></extensions></trkpt>
      <trkpt lon="-82.148556" lat="33.554314"><ele>95.731246</ele><time>2025-08-12T14:26:34Z</time><extensions><speed>1.345592</speed><course>74.083711</course><hAcc>1.209265</hAcc><vAcc>0.756773</vAcc></extensions></trkpt>
      <trkpt lon="-82.148543" lat="33.554317"><ele>95.730478</ele><time>2025-08-12T14:26:35Z</time><extensions><speed>1.222975</speed><course>75.205266</course><hAcc>1.212877</hAcc><vAcc>0.756764</vAcc></extensions></trkpt>
      <trkpt lon="-82.148530" lat="33.554320"><ele>95.720204</ele><time>2025-08-12T14:26:36Z</time><extensions><speed>1.227284</speed><course>73.751230</course><hAcc>1.213064</hAcc><vAcc>0.757044</vAcc></extensions></trkpt>
      <trkpt lon="-82.148517" lat="33.554323"><ele>95.699303</ele><time>2025-08-12T14:26:37Z</time><extensions><speed>1.280540</speed><course>71.117185</course><hAcc>1.218905</hAcc><vAcc>0.757344</vAcc></extensions></trkpt>
      <trkpt lon="-82.148504" lat="33.554327"><ele>95.679822</ele><time>2025-08-12T14:26:38Z</time><extensions><speed>1.349026</speed><course>68.496066</course><hAcc>1.224222</hAcc><vAcc>0.757870</vAcc></extensions></trkpt>
      <trkpt lon="-82.148490" lat="33.554332"><ele>95.666013</ele><time>2025-08-12T14:26:39Z</time><extensions><speed>1.394472</speed><course>66.989257</course><hAcc>1.230502</hAcc><vAcc>0.758494</vAcc></extensions></trkpt>
      <trkpt lon="-82.148476" lat="33.554337"><ele>95.652471</ele><time>2025-08-12T14:26:40Z</time><extensions><speed>1.499952</speed><course>66.991904</course><hAcc>1.236147</hAcc><vAcc>0.759434</vAcc></extensions></trkpt>
      <trkpt lon="-82.148461" lat="33.554343"><ele>95.636427</ele><time>2025-08-12T14:26:41Z</time><extensions><speed>1.486646</speed><course>66.104511</course><hAcc>1.239508</hAcc><vAcc>0.760328</vAcc></extensions></trkpt>
      <trkpt lon="-82.148447" lat="33.554348"><ele>95.626627</ele><time>2025-08-12T14:26:42Z</time><extensions><speed>1.376329</speed><course>65.170403</course><hAcc>1.243343</hAcc><vAcc>0.761360</vAcc></extensions></trkpt>
      <trkpt lon="-82.148433" lat="33.554353"><ele>95.614385</ele><time>2025-08-12T14:26:43Z</time><extensions><speed>1.346131</speed><course>67.211000</course><hAcc>1.247186</hAcc><vAcc>0.762445</vAcc></extensions></trkpt>
      <trkpt lon="-82.148420" lat="33.554357"><ele>95.593477</ele><time>2025-08-12T14:26:44Z</time><extensions><speed>1.369211</speed><course>71.247434</course><hAcc>1.253817</hAcc><vAcc>0.763619</vAcc></extensions></trkpt>
      <trkpt lon="-82.148405" lat="33.554361"><ele>95.568434</ele><time>2025-08-12T14:26:45Z</time><extensions><speed>1.411849</speed><course>75.789257</course><hAcc>1.258187</hAcc><vAcc>0.764955</vAcc></extensions></trkpt>
      <trkpt lon="-82.148390" lat="33.554363"><ele>95.548261</ele><time>2025-08-12T14:26:46Z</time><extensions><speed>1.438301</speed><course>80.042050</course><hAcc>1.269406</hAcc><vAcc>0.766638</vAcc></extensions></trkpt>
      <trkpt lon="-82.148375" lat="33.554365"><ele>95.530340</ele><time>2025-08-12T14:26:47Z</time><extensions><speed>1.462101</speed><course>83.079710</course><hAcc>1.276282</hAcc><vAcc>0.768875</vAcc></extensions></trkpt>
      <trkpt lon="-82.148359" lat="33.554367"><ele>95.539245</ele><time>2025-08-12T14:26:48Z</time><extensions><speed>1.414599</speed><course>84.593866</course><hAcc>1.283942</hAcc><vAcc>0.771716</vAcc></extensions></trkpt>
      <trkpt lon="-82.148345" lat="33.554368"><ele>95.552558</ele><time>2025-08-12T14:26:49Z</time><extensions><speed>1.356329</speed><course>83.138508</course><hAcc>1.287061</hAcc><vAcc>0.774296</vAcc></extensions></trkpt>
      <trkpt lon="-82.148331" lat="33.554369"><ele>95.569056</ele><time>2025-08-12T14:26:50Z</time><extensions><speed>1.263262</speed><course>82.499752</course><hAcc>1.288838</hAcc><vAcc>0.776813</vAcc></extensions></trkpt>
      <trkpt lon="-82.148317" lat="33.554371"><ele>95.585886</ele><time>2025-08-12T14:26:51Z</time><extensions><speed>1.205031</speed><course>81.705891</course><hAcc>1.286783</hAcc><vAcc>0.779132</vAcc></extensions></trkpt>
      <trkpt lon="-82.148304" lat="33.554373"><ele>95.601492</ele><time>2025-08-12T14:26:52Z</time><extensions><speed>1.312748</speed><course>80.282836</course><hAcc>1.290523</hAcc><vAcc>0.782138</vAcc></extensions></trkpt>
      <trkpt lon="-82.148289" lat="33.554375"><ele>95.601642</ele><time>2025-08-12T14:26:53Z</time><extensions><speed>1.450702</speed><course>79.305789</course><hAcc>1.289848</hAcc><vAcc>0.785212</vAcc></extensions></trkpt>
      <trkpt lon="-82.148274" lat="33.554378"><ele>95.606275</ele><time>2025-08-12T14:26:54Z</time><extensions><speed>1.495743</speed><course>79.261803</course><hAcc>1.289993</hAcc><vAcc>0.788572</vAcc></extensions></trkpt>
      <trkpt lon="-82.148258" lat="33.554380"><ele>95.615996</ele><time>2025-08-12T14:26:55Z</time><extensions><speed>1.518407</speed><course>80.276165</course><hAcc>1.290151</hAcc><vAcc>0.792344</vAcc></extensions></trkpt>
      <trkpt lon="-82.148242" lat="33.554382"><ele>95.635747</ele><time>2025-08-12T14:26:56Z</time><extensions><speed>1.494316</speed><course>83.609073</course><hAcc>1.305136</hAcc><vAcc>0.796483</vAcc></extensions></trkpt>
      <trkpt lon="-82.148226" lat="33.554383"><ele>95.663596</ele><time>2025-08-12T14:26:57Z</time><extensions><speed>1.380619</speed><course>85.644078</course><hAcc>1.332803</hAcc><vAcc>0.801266</vAcc></extensions></trkpt>
      <trkpt lon="-82.148212" lat="33.554384"><ele>95.686360</ele><time>2025-08-12T14:26:58Z</time><extensions><speed>1.335379</speed><course>87.321962</course><hAcc>1.321117</hAcc><vAcc>0.805893</vAcc></extensions></trkpt>
      <trkpt lon="-82.148198" lat="33.554385"><ele>95.714909</ele><time>2025-08-12T14:26:59Z</time><extensions><speed>1.256553</speed><course>82.770938</course><hAcc>1.326387</hAcc><vAcc>0.810242</vAcc></extensions></trkpt>
      <trkpt lon="-82.148185" lat="33.554387"><ele>95.751061</ele><time>2025-08-12T14:27:00Z</time><extensions><speed>1.119620</speed><course>75.227947</course><hAcc>1.336294</hAcc><vAcc>0.814642</vAcc></extensions></trkpt>
      <trkpt lon="-82.148174" lat="33.554390"><ele>95.792953</ele><time>2025-08-12T14:27:01Z</time><extensions><speed>1.101514</speed><course>68.481828</course><hAcc>1.340263</hAcc><vAcc>0.820085</vAcc></extensions></trkpt>
      <trkpt lon="-82.148162" lat="33.554394"><ele>95.818322</ele><time>2025-08-12T14:27:02Z</time><extensions><speed>1.191724</speed><course>66.096880</course><hAcc>1.343097</hAcc><vAcc>0.825821</vAcc></extensions></trkpt>
      <trkpt lon="-82.148150" lat="33.554399"><ele>95.846835</ele><time>2025-08-12T14:27:03Z</time><extensions><speed>1.282904</speed><course>65.164236</course><hAcc>1.342324</hAcc><vAcc>0.831166</vAcc></extensions></trkpt>
      <trkpt lon="-82.148137" lat="33.554404"><ele>95.872988</ele><time>2025-08-12T14:27:04Z</time><extensions><speed>1.377496</speed><course>65.327979</course><hAcc>1.340365</hAcc><vAcc>0.837333</vAcc></extensions></trkpt>
      <trkpt lon="-82.148123" lat="33.554409"><ele>95.901893</ele><time>2025-08-12T14:27:05Z</time><extensions><speed>1.452360</speed><course>69.050394</course><hAcc>1.329229</hAcc><vAcc>0.843893</vAcc></extensions></trkpt>
      <trkpt lon="-82.148108" lat="33.554413"><ele>95.922296</ele><time>2025-08-12T14:27:06Z</time><extensions><speed>1.495464</speed><course>71.186764</course><hAcc>1.331141</hAcc><vAcc>0.850301</vAcc></extensions></trkpt>
      <trkpt lon="-82.148093" lat="33.554417"><ele>95.951996</ele><time>2025-08-12T14:27:07Z</time><extensions><speed>1.348082</speed><course>72.586596</course><hAcc>1.359562</hAcc><vAcc>0.855226</vAcc></extensions></trkpt>
      <trkpt lon="-82.148080" lat="33.554420"><ele>95.981538</ele><time>2025-08-12T14:27:08Z</time><extensions><speed>1.285239</speed><course>75.185293</course><hAcc>1.328720</hAcc><vAcc>0.859363</vAcc></extensions></trkpt>
      <trkpt lon="-82.148066" lat="33.554423"><ele>95.971743</ele><time>2025-08-12T14:27:09Z</time><extensions><speed>1.284780</speed><course>76.493809</course><hAcc>1.322576</hAcc><vAcc>0.862981</vAcc></extensions></trkpt>
      <trkpt lon="-82.148052" lat="33.554426"><ele>95.967147</ele><time>2025-08-12T14:27:10Z</time><extensions><speed>1.391880</speed><course>77.795745</course><hAcc>1.329926</hAcc><vAcc>0.865663</vAcc></extensions></trkpt>
      <trkpt lon="-82.148037" lat="33.554429"><ele>95.946597</ele><time>2025-08-12T14:27:11Z</time><extensions><speed>1.510026</speed><course>78.154133</course><hAcc>1.338240</hAcc><vAcc>0.867349</vAcc></extensions></trkpt>
      <trkpt lon="-82.148021" lat="33.554431"><ele>95.925787</ele><time>2025-08-12T14:27:12Z</time><extensions><speed>1.522091</speed><course>78.985559</course><hAcc>1.341662</hAcc><vAcc>0.867885</vAcc></extensions></trkpt>
      <trkpt lon="-82.148005" lat="33.554434"><ele>95.893488</ele><time>2025-08-12T14:27:13Z</time><extensions><speed>1.424811</speed><course>80.534935</course><hAcc>1.349153</hAcc><vAcc>0.866833</vAcc></extensions></trkpt>
      <trkpt lon="-82.147991" lat="33.554436"><ele>95.854594</ele><time>2025-08-12T14:27:14Z</time><extensions><speed>1.312230</speed><course>82.123835</course><hAcc>1.359246</hAcc><vAcc>0.865523</vAcc></extensions></trkpt>
      <trkpt lon="-82.147977" lat="33.554437"><ele>95.814526</ele><time>2025-08-12T14:27:15Z</time><extensions><speed>1.156196</speed><course>81.916536</course><hAcc>1.363398</hAcc><vAcc>0.863000</vAcc></extensions></trkpt>
      <trkpt lon="-82.147966" lat="33.554439"><ele>95.766517</ele><time>2025-08-12T14:27:16Z</time><extensions><speed>1.048832</speed><course>80.132733</course><hAcc>1.353415</hAcc><vAcc>0.858714</vAcc></extensions></trkpt>
      <trkpt lon="-82.147954" lat="33.554441"><ele>95.706115</ele><time>2025-08-12T14:27:17Z</time><extensions><speed>1.089707</speed><course>77.556106</course><hAcc>1.355484</hAcc><vAcc>0.853765</vAcc></extensions></trkpt>
      <trkpt lon="-82.147943" lat="33.554443"><ele>95.639065</ele><time>2025-08-12T14:27:18Z</time><extensions><speed>1.150036</speed><course>74.804754</course><hAcc>1.368043</hAcc><vAcc>0.849657</vAcc></extensions></trkpt>
      <trkpt lon="-82.147931" lat="33.554446"><ele>95.577616</ele><time>2025-08-12T14:27:19Z</time><extensions><speed>1.160100</speed><course>72.056233</course><hAcc>1.359038</hAcc><vAcc>0.845437</vAcc></extensions></trkpt>
      <trkpt lon="-82.147919" lat="33.554449"><ele>95.510132</ele><time>2025-08-12T14:27:20Z</time><extensions><speed>1.164185</speed><course>72.304283</course><hAcc>1.367274</hAcc><vAcc>0.841298</vAcc></extensions></trkpt>
      <trkpt lon="-82.147906" lat="33.554453"><ele>95.428050</ele><time>2025-08-12T14:27:21Z</time><extensions><speed>1.237266</speed><course>68.363049</course><hAcc>1.360995</hAcc><vAcc>0.837354</vAcc></extensions></trkpt>
      <trkpt lon="-82.147894" lat="33.554458"><ele>95.352582</ele><time>2025-08-12T14:27:22Z</time><extensions><speed>1.383646</speed><course>62.567134</course><hAcc>1.350860</hAcc><vAcc>0.833440</vAcc></extensions></trkpt>
      <trkpt lon="-82.147880" lat="33.554464"><ele>95.268134</ele><time>2025-08-12T14:27:23Z</time><extensions><speed>1.539324</speed><course>62.488673</course><hAcc>1.353008</hAcc><vAcc>0.829825</vAcc></extensions></trkpt>
      <trkpt lon="-82.147865" lat="33.554470"><ele>95.192945</ele><time>2025-08-12T14:27:24Z</time><extensions><speed>1.487637</speed><course>64.422671</course><hAcc>1.382293</hAcc><vAcc>0.826698</vAcc></extensions></trkpt>
      <trkpt lon="-82.147851" lat="33.554476"><ele>95.108585</ele><time>2025-08-12T14:27:25Z</time><extensions><speed>1.480473</speed><course>62.141239</course><hAcc>1.358602</hAcc><vAcc>0.824367</vAcc></extensions></trkpt>
      <trkpt lon="-82.147837" lat="33.554482"><ele>95.021649</ele><time>2025-08-12T14:27:26Z</time><extensions><speed>1.405419</speed><course>60.752471</course><hAcc>1.354624</hAcc><vAcc>0.822979</vAcc></extensions></trkpt>
      <trkpt lon="-82.147824" lat="33.554489"><ele>94.929550</ele><time>2025-08-12T14:27:27Z</time><extensions><speed>1.351530</speed><course>57.597859</course><hAcc>1.370676</hAcc><vAcc>0.823211</vAcc></extensions></trkpt>
      <trkpt lon="-82.147812" lat="33.554496"><ele>94.862107</ele><time>2025-08-12T14:27:28Z</time><extensions><speed>1.362673</speed><course>53.476507</course><hAcc>1.386848</hAcc><vAcc>0.824273</vAcc></extensions></trkpt>
      <trkpt lon="-82.147800" lat="33.554503"><ele>94.795006</ele><time>2025-08-12T14:27:29Z</time><extensions><speed>1.392868</speed><course>53.171661</course><hAcc>1.394480</hAcc><vAcc>0.826042</vAcc></extensions></trkpt>
      <trkpt lon="-82.147787" lat="33.554511"><ele>94.735576</ele><time>2025-08-12T14:27:30Z</time><extensions><speed>1.476683</speed><course>54.415633</course><hAcc>1.405678</hAcc><vAcc>0.828236</vAcc></extensions></trkpt>
      <trkpt lon="-82.147774" lat="33.554518"><ele>94.691421</ele><time>2025-08-12T14:27:31Z</time><extensions><speed>1.471927</speed><course>57.415641</course><hAcc>1.411829</hAcc><vAcc>0.830974</vAcc></extensions></trkpt>
      <trkpt lon="-82.147761" lat="33.554525"><ele>94.654621</ele><time>2025-08-12T14:27:32Z</time><extensions><speed>1.432596</speed><course>63.775427</course><hAcc>1.421762</hAcc><vAcc>0.833824</vAcc></extensions></trkpt>
      <trkpt lon="-82.147747" lat="33.554529"><ele>94.622760</ele><time>2025-08-12T14:27:33Z</time><extensions><speed>1.362651</speed><course>73.063413</course><hAcc>1.423438</hAcc><vAcc>0.836995</vAcc></extensions></trkpt>
      <trkpt lon="-82.147733" lat="33.554533"><ele>94.598901</ele><time>2025-08-12T14:27:34Z</time><extensions><speed>1.332466</speed><course>75.188544</course><hAcc>1.416560</hAcc><vAcc>0.840933</vAcc></extensions></trkpt>
      <trkpt lon="-82.147719" lat="33.554536"><ele>94.587069</ele><time>2025-08-12T14:27:35Z</time><extensions><speed>1.336325</speed><course>73.328890</course><hAcc>1.428735</hAcc><vAcc>0.844808</vAcc></extensions></trkpt>
      <trkpt lon="-82.147705" lat="33.554540"><ele>94.588940</ele><time>2025-08-12T14:27:36Z</time><extensions><speed>1.406498</speed><course>72.347459</course><hAcc>1.430567</hAcc><vAcc>0.848718</vAcc></extensions></trkpt>
      <trkpt lon="-82.147690" lat="33.554544"><ele>94.611335</ele><time>2025-08-12T14:27:37Z</time><extensions><speed>1.439013</speed><course>72.767629</course><hAcc>1.429770</hAcc><vAcc>0.852332</vAcc></extensions></trkpt>
      <trkpt lon="-82.147675" lat="33.554547"><ele>94.648992</ele><time>2025-08-12T14:27:38Z</time><extensions><speed>1.370829</speed><course>72.022507</course><hAcc>1.434802</hAcc><vAcc>0.856123</vAcc></extensions></trkpt>
      <trkpt lon="-82.147661" lat="33.554551"><ele>94.706109</ele><time>2025-08-12T14:27:39Z</time><extensions><speed>1.447318</speed><course>72.688401</course><hAcc>1.428130</hAcc><vAcc>0.859547</vAcc></extensions></trkpt>
      <trkpt lon="-82.147646" lat="33.554555"><ele>94.775188</ele><time>2025-08-12T14:27:40Z</time><extensions><speed>1.485186</speed><course>70.991559</course><hAcc>1.427592</hAcc><vAcc>0.862632</vAcc></extensions></trkpt>
      <trkpt lon="-82.147631" lat="33.554560"><ele>94.854925</ele><time>2025-08-12T14:27:41Z</time><extensions><speed>1.421720</speed><course>68.358050</course><hAcc>1.431676</hAcc><vAcc>0.866101</vAcc></extensions></trkpt>
      <trkpt lon="-82.147617" lat="33.554565"><ele>94.954939</ele><time>2025-08-12T14:27:42Z</time><extensions><speed>1.363812</speed><course>63.282588</course><hAcc>1.431128</hAcc><vAcc>0.869185</vAcc></extensions></trkpt>
      <trkpt lon="-82.147604" lat="33.554571"><ele>95.050549</ele><time>2025-08-12T14:27:43Z</time><extensions><speed>1.401000</speed><course>59.757087</course><hAcc>1.425142</hAcc><vAcc>0.872098</vAcc></extensions></trkpt>
      <trkpt lon="-82.147591" lat="33.554578"><ele>95.169341</ele><time>2025-08-12T14:27:44Z</time><extensions><speed>1.477918</speed><course>59.001143</course><hAcc>1.426934</hAcc><vAcc>0.874674</vAcc></extensions></trkpt>
      <trkpt lon="-82.147577" lat="33.554585"><ele>95.293610</ele><time>2025-08-12T14:27:45Z</time><extensions><speed>1.472086</speed><course>57.741037</course><hAcc>1.435195</hAcc><vAcc>0.876232</vAcc></extensions></trkpt>
      <trkpt lon="-82.147564" lat="33.554592"><ele>95.418720</ele><time>2025-08-12T14:27:46Z</time><extensions><speed>1.387388</speed><course>58.994005</course><hAcc>1.441937</hAcc><vAcc>0.877541</vAcc></extensions></trkpt>
      <trkpt lon="-82.147552" lat="33.554597"><ele>95.542935</ele><time>2025-08-12T14:27:47Z</time><extensions><speed>1.200291</speed><course>62.192713</course><hAcc>1.436178</hAcc><vAcc>0.877283</vAcc></extensions></trkpt>
      <trkpt lon="-82.147541" lat="33.554602"><ele>95.659990</ele><time>2025-08-12T14:27:48Z</time><extensions><speed>1.068980</speed><course>65.629304</course><hAcc>1.419085</hAcc><vAcc>0.876700</vAcc></extensions></trkpt>
      <trkpt lon="-82.147531" lat="33.554606"><ele>95.795455</ele><time>2025-08-12T14:27:49Z</time><extensions><speed>1.067887</speed><course>67.081930</course><hAcc>1.405675</hAcc><vAcc>0.876478</vAcc></extensions></trkpt>
      <trkpt lon="-82.147519" lat="33.554610"><ele>95.911313</ele><time>2025-08-12T14:27:50Z</time><extensions><speed>1.200266</speed><course>66.199286</course><hAcc>1.401999</hAcc><vAcc>0.876561</vAcc></extensions></trkpt>
      <trkpt lon="-82.147507" lat="33.554615"><ele>96.020213</ele><time>2025-08-12T14:27:51Z</time><extensions><speed>1.356937</speed><course>62.086768</course><hAcc>1.405412</hAcc><vAcc>0.876463</vAcc></extensions></trkpt>
      <trkpt lon="-82.147494" lat="33.554621"><ele>96.099522</ele><time>2025-08-12T14:27:52Z</time><extensions><speed>1.499982</speed><course>55.913502</course><hAcc>1.395073</hAcc><vAcc>0.875755</vAcc></extensions></trkpt>
      <trkpt lon="-82.147481" lat="33.554630"><ele>96.166017</ele><time>2025-08-12T14:27:53Z</time><extensions><speed>1.555699</speed><course>51.632081</course><hAcc>1.377622</hAcc><vAcc>0.874794</vAcc></extensions></trkpt>
      <trkpt lon="-82.147468" lat="33.554638"><ele>96.201649</ele><time>2025-08-12T14:27:54Z</time><extensions><speed>1.555743</speed><course>50.234167</course><hAcc>1.362382</hAcc><vAcc>0.874116</vAcc></extensions></trkpt>
      <trkpt lon="-82.147455" lat="33.554647"><ele>96.205911</ele><time>2025-08-12T14:27:55Z</time><extensions><speed>1.542788</speed><course>51.838499</course><hAcc>1.352052</hAcc><vAcc>0.873098</vAcc></extensions></trkpt>
      <trkpt lon="-82.147442" lat="33.554656"><ele>96.194653</ele><time>2025-08-12T14:27:56Z</time><extensions><speed>1.501820</speed><course>53.183960</course><hAcc>1.346148</hAcc><vAcc>0.872482</vAcc></extensions></trkpt>
      <trkpt lon="-82.147429" lat="33.554663"><ele>96.168764</ele><time>2025-08-12T14:27:57Z</time><extensions><speed>1.418065</speed><course>54.634922</course><hAcc>1.341869</hAcc><vAcc>0.871558</vAcc></extensions></trkpt>
      <trkpt lon="-82.147417" lat="33.554670"><ele>96.128564</ele><time>2025-08-12T14:27:58Z</time><extensions><speed>1.345596</speed><course>56.698909</course><hAcc>1.343974</hAcc><vAcc>0.869999</vAcc></extensions></trkpt>
      <trkpt lon="-82.147404" lat="33.554677"><ele>96.050925</ele><time>2025-08-12T14:27:59Z</time><extensions><speed>1.421406</speed><course>57.233175</course><hAcc>1.352777</hAcc><vAcc>0.867881</vAcc></extensions></trkpt>
      <trkpt lon="-82.147392" lat="33.554684"><ele>95.927560</ele><time>2025-08-12T14:28:00Z</time><extensions><speed>1.367245</speed><course>55.041987</course><hAcc>1.366571</hAcc><vAcc>0.865141</vAcc></extensions></trkpt>
      <trkpt lon="-82.147380" lat="33.554691"><ele>95.781497</ele><time>2025-08-12T14:28:01Z</time><extensions><speed>1.283378</speed><course>51.467137</course><hAcc>1.362804</hAcc><vAcc>0.862065</vAcc></extensions></trkpt>
      <trkpt lon="-82.147370" lat="33.554698"><ele>95.617284</ele><time>2025-08-12T14:28:02Z</time><extensions><speed>1.236157</speed><course>50.729283</course><hAcc>1.357428</hAcc><vAcc>0.857845</vAcc></extensions></trkpt>
      <trkpt lon="-82.147360" lat="33.554706"><ele>95.429966</ele><time>2025-08-12T14:28:03Z</time><extensions><speed>1.260175</speed><course>47.024394</course><hAcc>1.359535</hAcc><vAcc>0.852639</vAcc></extensions></trkpt>
      <trkpt lon="-82.147350" lat="33.554714"><ele>95.233637</ele><time>2025-08-12T14:28:04Z</time><extensions><speed>1.234411</speed><course>43.392894</course><hAcc>1.357069</hAcc><vAcc>0.847030</vAcc></extensions></trkpt>
      <trkpt lon="-82.147341" lat="33.554722"><ele>95.011331</ele><time>2025-08-12T14:28:05Z</time><extensions><speed>1.198092</speed><course>43.773708</course><hAcc>1.353655</hAcc><vAcc>0.840175</vAcc></extensions></trkpt>
      <trkpt lon="-82.147332" lat="33.554729"><ele>94.776451</ele><time>2025-08-12T14:28:06Z</time><extensions><speed>1.174615</speed><course>44.875277</course><hAcc>1.349773</hAcc><vAcc>0.832565</vAcc></extensions></trkpt>
      <trkpt lon="-82.147323" lat="33.554737"><ele>94.527260</ele><time>2025-08-12T14:28:07Z</time><extensions><speed>1.200348</speed><course>43.973193</course><hAcc>1.332900</hAcc><vAcc>0.824580</vAcc></extensions></trkpt>
      <trkpt lon="-82.147315" lat="33.554745"><ele>94.274481</ele><time>2025-08-12T14:28:08Z</time><extensions><speed>1.137514</speed><course>42.739823</course><hAcc>1.315764</hAcc><vAcc>0.816625</vAcc></extensions></trkpt>
      <trkpt lon="-82.147306" lat="33.554752"><ele>94.021925</ele><time>2025-08-12T14:28:09Z</time><extensions><speed>1.132088</speed><course>41.554616</course><hAcc>1.308254</hAcc><vAcc>0.809376</vAcc></extensions></trkpt>
      <trkpt lon="-82.147298" lat="33.554760"><ele>93.772254</ele><time>2025-08-12T14:28:10Z</time><extensions><speed>1.263883</speed><course>39.524163</course><hAcc>1.302679</hAcc><vAcc>0.802356</vAcc></extensions></trkpt>
      <trkpt lon="-82.147289" lat="33.554770"><ele>93.524644</ele><time>2025-08-12T14:28:11Z</time><extensions><speed>1.356931</speed><course>39.220074</course><hAcc>1.291293</hAcc><vAcc>0.796002</vAcc></extensions></trkpt>
      <trkpt lon="-82.147280" lat="33.554779"><ele>93.281244</ele><time>2025-08-12T14:28:12Z</time><extensions><speed>1.438283</speed><course>38.438754</course><hAcc>1.276617</hAcc><vAcc>0.790396</vAcc></extensions></trkpt>
      <trkpt lon="-82.147270" lat="33.554790"><ele>93.048168</ele><time>2025-08-12T14:28:13Z</time><extensions><speed>1.512510</speed><course>38.234777</course><hAcc>1.270939</hAcc><vAcc>0.785754</vAcc></extensions></trkpt>
      <trkpt lon="-82.147260" lat="33.554801"><ele>92.832854</ele><time>2025-08-12T14:28:14Z</time><extensions><speed>1.470416</speed><course>36.652621</course><hAcc>1.282977</hAcc><vAcc>0.781650</vAcc></extensions></trkpt>
      <trkpt lon="-82.147251" lat="33.554811"><ele>92.623711</ele><time>2025-08-12T14:28:15Z</time><extensions><speed>1.425859</speed><course>34.829188</course><hAcc>1.252273</hAcc><vAcc>0.778148</vAcc></extensions></trkpt>
      <trkpt lon="-82.147242" lat="33.554822"><ele>92.432458</ele><time>2025-08-12T14:28:16Z</time><extensions><speed>1.429883</speed><course>37.050532</course><hAcc>1.232838</hAcc><vAcc>0.775191</vAcc></extensions></trkpt>
      <trkpt lon="-82.147232" lat="33.554832"><ele>92.269211</ele><time>2025-08-12T14:28:17Z</time><extensions><speed>1.468106</speed><course>38.460017</course><hAcc>1.224677</hAcc><vAcc>0.773250</vAcc></extensions></trkpt>
      <trkpt lon="-82.147223" lat="33.554843"><ele>92.126978</ele><time>2025-08-12T14:28:18Z</time><extensions><speed>1.488547</speed><course>36.886532</course><hAcc>1.226740</hAcc><vAcc>0.771401</vAcc></extensions></trkpt>
      <trkpt lon="-82.147213" lat="33.554853"><ele>92.008975</ele><time>2025-08-12T14:28:19Z</time><extensions><speed>1.430540</speed><course>35.174826</course><hAcc>1.235296</hAcc><vAcc>0.769858</vAcc></extensions></trkpt>
      <trkpt lon="-82.147205" lat="33.554863"><ele>91.902319</ele><time>2025-08-12T14:28:20Z</time><extensions><speed>1.347313</speed><course>33.881700</course><hAcc>1.210126</hAcc><vAcc>0.768527</vAcc></extensions></trkpt>
      <trkpt lon="-82.147197" lat="33.554874"><ele>91.820771</ele><time>2025-08-12T14:28:21Z</time><extensions><speed>1.446615</speed><course>32.226249</course><hAcc>1.196670</hAcc><vAcc>0.767378</vAcc></extensions></trkpt>
      <trkpt lon="-82.147189" lat="33.554885"><ele>91.789941</ele><time>2025-08-12T14:28:22Z</time><extensions><speed>1.516263</speed><course>30.403754</course><hAcc>1.200209</hAcc><vAcc>0.766399</vAcc></extensions></trkpt>
      <trkpt lon="-82.147181" lat="33.554897"><ele>91.779676</ele><time>2025-08-12T14:28:23Z</time><extensions><speed>1.489434</speed><course>27.963846</course><hAcc>1.224541</hAcc><vAcc>0.765559</vAcc></extensions></trkpt>
      <trkpt lon="-82.147173" lat="33.554909"><ele>91.775887</ele><time>2025-08-12T14:28:24Z</time><extensions><speed>1.500935</speed><course>25.650558</course><hAcc>1.194463</hAcc><vAcc>0.764819</vAcc></extensions></trkpt>
      <trkpt lon="-82.147166" lat="33.554922"><ele>91.785791</ele><time>2025-08-12T14:28:25Z</time><extensions><speed>1.544646</speed><course>24.053384</course><hAcc>1.182441</hAcc><vAcc>0.764143</vAcc></extensions></trkpt>
      <trkpt lon="-82.147160" lat="33.554935"><ele>91.822453</ele><time>2025-08-12T14:28:26Z</time><extensions><speed>1.603318</speed><course>19.753545</course><hAcc>1.192608</hAcc><vAcc>0.763494</vAcc></extensions></trkpt>
      <trkpt lon="-82.147154" lat="33.554948"><ele>91.879160</ele><time>2025-08-12T14:28:27Z</time><extensions><speed>1.494838</speed><course>21.438229</course><hAcc>1.215301</hAcc><vAcc>0.762814</vAcc></extensions></trkpt>
      <trkpt lon="-82.147148" lat="33.554960"><ele>91.954824</ele><time>2025-08-12T14:28:28Z</time><extensions><speed>1.411811</speed><course>22.435008</course><hAcc>1.202559</hAcc><vAcc>0.762110</vAcc></extensions></trkpt>
      <trkpt lon="-82.147143" lat="33.554971"><ele>92.046311</ele><time>2025-08-12T14:28:29Z</time><extensions><speed>1.302586</speed><course>24.848838</course><hAcc>1.199850</hAcc><vAcc>0.761345</vAcc></extensions></trkpt>
      <trkpt lon="-82.147137" lat="33.554982"><ele>92.142966</ele><time>2025-08-12T14:28:30Z</time><extensions><speed>1.250601</speed><course>26.185513</course><hAcc>1.202543</hAcc><vAcc>0.761125</vAcc></extensions></trkpt>
      <trkpt lon="-82.147130" lat="33.554992"><ele>92.235840</ele><time>2025-08-12T14:28:31Z</time><extensions><speed>1.294129</speed><course>28.522430</course><hAcc>1.208894</hAcc><vAcc>0.760842</vAcc></extensions></trkpt>
      <trkpt lon="-82.147123" lat="33.555002"><ele>92.335581</ele><time>2025-08-12T14:28:32Z</time><extensions><speed>1.282626</speed><course>32.202460</course><hAcc>1.212039</hAcc><vAcc>0.760591</vAcc></extensions></trkpt>
      <trkpt lon="-82.147117" lat="33.555012"><ele>92.411151</ele><time>2025-08-12T14:28:33Z</time><extensions><speed>1.246282</speed><course>27.161505</course><hAcc>1.212652</hAcc><vAcc>0.760492</vAcc></extensions></trkpt>
      <trkpt lon="-82.147111" lat="33.555022"><ele>92.484020</ele><time>2025-08-12T14:28:34Z</time><extensions><speed>1.266383</speed><course>19.467896</course><hAcc>1.209364</hAcc><vAcc>0.760968</vAcc></extensions></trkpt>
      <trkpt lon="-82.147107" lat="33.555034"><ele>92.547721</ele><time>2025-08-12T14:28:35Z</time><extensions><speed>1.402524</speed><course>16.365206</course><hAcc>1.215010</hAcc><vAcc>0.762005</vAcc></extensions></trkpt>
      <trkpt lon="-82.147102" lat="33.555046"><ele>92.592565</ele><time>2025-08-12T14:28:36Z</time><extensions><speed>1.523963</speed><course>16.516957</course><hAcc>1.231064</hAcc><vAcc>0.763660</vAcc></extensions></trkpt>
      <trkpt lon="-82.147098" lat="33.555060"><ele>92.621185</ele><time>2025-08-12T14:28:37Z</time><extensions><speed>1.585728</speed><course>17.202543</course><hAcc>1.239662</hAcc><vAcc>0.766676</vAcc></extensions></trkpt>
      <trkpt lon="-82.147092" lat="33.555074"><ele>92.621058</ele><time>2025-08-12T14:28:38Z</time><extensions><speed>1.625477</speed><course>18.186771</course><hAcc>1.243014</hAcc><vAcc>0.770720</vAcc></extensions></trkpt>
      <trkpt lon="-82.147087" lat="33.555088"><ele>92.593400</ele><time>2025-08-12T14:28:39Z</time><extensions><speed>1.674247</speed><course>19.354451</course><hAcc>1.257913</hAcc><vAcc>0.776035</vAcc></extensions></trkpt>
      <trkpt lon="-82.147081" lat="33.555101"><ele>92.549817</ele><time>2025-08-12T14:28:40Z</time><extensions><speed>1.512592</speed><course>19.943179</course><hAcc>1.294978</hAcc><vAcc>0.782162</vAcc></extensions></trkpt>
      <trkpt lon="-82.147075" lat="33.555114"><ele>92.490560</ele><time>2025-08-12T14:28:41Z</time><extensions><speed>1.414083</speed><course>19.400743</course><hAcc>1.271130</hAcc><vAcc>0.789346</vAcc></extensions></trkpt>
      <trkpt lon="-82.147070" lat="33.555125"><ele>92.410148</ele><time>2025-08-12T14:28:42Z</time><extensions><speed>1.333102</speed><course>21.891602</course><hAcc>1.262777</hAcc><vAcc>0.797743</vAcc></extensions></trkpt>
      <trkpt lon="-82.147065" lat="33.555137"><ele>92.309139</ele><time>2025-08-12T14:28:43Z</time><extensions><speed>1.396836</speed><course>24.439916</course><hAcc>1.292959</hAcc><vAcc>0.806870</vAcc></extensions></trkpt>
      <trkpt lon="-82.147058" lat="33.555149"><ele>92.184306</ele><time>2025-08-12T14:28:44Z</time><extensions><speed>1.525885</speed><course>22.739755</course><hAcc>1.324361</hAcc><vAcc>0.817025</vAcc></extensions></trkpt>
      <trkpt lon="-82.147052" lat="33.555162"><ele>92.039509</ele><time>2025-08-12T14:28:45Z</time><extensions><speed>1.599934</speed><course>22.095754</course><hAcc>1.345646</hAcc><vAcc>0.827956</vAcc></extensions></trkpt>
      <trkpt lon="-82.147045" lat="33.555176"><ele>91.883545</ele><time>2025-08-12T14:28:46Z</time><extensions><speed>1.684287</speed><course>22.728671</course><hAcc>1.357214</hAcc><vAcc>0.839048</vAcc></extensions></trkpt>
      <trkpt lon="-82.147038" lat="33.555189"><ele>91.720734</ele><time>2025-08-12T14:28:47Z</time><extensions><speed>1.597795</speed><course>24.177053</course><hAcc>1.375580</hAcc><vAcc>0.849631</vAcc></extensions></trkpt>
      <trkpt lon="-82.147031" lat="33.555202"><ele>91.556827</ele><time>2025-08-12T14:28:48Z</time><extensions><speed>1.511905</speed><course>28.296521</course><hAcc>1.374380</hAcc><vAcc>0.858689</vAcc></extensions></trkpt>
      <trkpt lon="-82.147024" lat="33.555213"><ele>91.404175</ele><time>2025-08-12T14:28:49Z</time><extensions><speed>1.377653</speed><course>25.173692</course><hAcc>1.375452</hAcc><vAcc>0.865867</vAcc></extensions></trkpt>
      <trkpt lon="-82.147018" lat="33.555224"><ele>91.258216</ele><time>2025-08-12T14:28:50Z</time><extensions><speed>1.216855</speed><course>20.715263</course><hAcc>1.367558</hAcc><vAcc>0.871085</vAcc></extensions></trkpt>
      <trkpt lon="-82.147015" lat="33.555234"><ele>91.107520</ele><time>2025-08-12T14:28:51Z</time><extensions><speed>1.059337</speed><course>16.051285</course><hAcc>1.378172</hAcc><vAcc>0.874875</vAcc></extensions></trkpt>
      <trkpt lon="-82.147012" lat="33.555243"><ele>90.969408</ele><time>2025-08-12T14:28:52Z</time><extensions><speed>1.052123</speed><course>11.598629</course><hAcc>1.389460</hAcc><vAcc>0.877416</vAcc></extensions></trkpt>
      <trkpt lon="-82.147010" lat="33.555253"><ele>90.848613</ele><time>2025-08-12T14:28:53Z</time><extensions><speed>1.158778</speed><course>8.765870</course><hAcc>1.402410</hAcc><vAcc>0.878835</vAcc></extensions></trkpt>
      <trkpt lon="-82.147008" lat="33.555263"><ele>90.738668</ele><time>2025-08-12T14:28:54Z</time><extensions><speed>1.185199</speed><course>6.440261</course><hAcc>1.407227</hAcc><vAcc>0.879003</vAcc></extensions></trkpt>
      <trkpt lon="-82.147007" lat="33.555274"><ele>90.639559</ele><time>2025-08-12T14:28:55Z</time><extensions><speed>1.243031</speed><course>5.217158</course><hAcc>1.409076</hAcc><vAcc>0.878596</vAcc></extensions></trkpt>
      <trkpt lon="-82.147006" lat="33.555286"><ele>90.550346</ele><time>2025-08-12T14:28:56Z</time><extensions><speed>1.312330</speed><course>4.000834</course><hAcc>1.407371</hAcc><vAcc>0.877627</vAcc></extensions></trkpt>
      <trkpt lon="-82.147005" lat="33.555298"><ele>90.463267</ele><time>2025-08-12T14:28:57Z</time><extensions><speed>1.321490</speed><course>3.908675</course><hAcc>1.402262</hAcc><vAcc>0.875043</vAcc></extensions></trkpt>
      <trkpt lon="-82.147004" lat="33.555310"><ele>90.376038</ele><time>2025-08-12T14:28:58Z</time><extensions><speed>1.314525</speed><course>3.984039</course><hAcc>1.395906</hAcc><vAcc>0.871789</vAcc></extensions></trkpt>
      <trkpt lon="-82.147003" lat="33.555321"><ele>90.297881</ele><time>2025-08-12T14:28:59Z</time><extensions><speed>1.235567</speed><course>0.263288</course><hAcc>1.383990</hAcc><vAcc>0.868096</vAcc></extensions></trkpt>
      <trkpt lon="-82.147004" lat="33.555332"><ele>90.242366</ele><time>2025-08-12T14:29:00Z</time><extensions><speed>1.199281</speed><course>355.637218</course><hAcc>1.369843</hAcc><vAcc>0.864642</vAcc></extensions></trkpt>
      <trkpt lon="-82.147005" lat="33.555343"><ele>90.197364</ele><time>2025-08-12T14:29:01Z</time><extensions><speed>1.280559</speed><course>354.380380</course><hAcc>1.363375</hAcc><vAcc>0.861670</vAcc></extensions></trkpt>
      <trkpt lon="-82.147007" lat="33.555355"><ele>90.161907</ele><time>2025-08-12T14:29:02Z</time><extensions><speed>1.366627</speed><course>353.150492</course><hAcc>1.355585</hAcc><vAcc>0.859433</vAcc></extensions></trkpt>
      <trkpt lon="-82.147008" lat="33.555368"><ele>90.140592</ele><time>2025-08-12T14:29:03Z</time><extensions><speed>1.437868</speed><course>353.233786</course><hAcc>1.347253</hAcc><vAcc>0.857615</vAcc></extensions></trkpt>
      <trkpt lon="-82.147010" lat="33.555381"><ele>90.116899</ele><time>2025-08-12T14:29:04Z</time><extensions><speed>1.481385</speed><course>353.108682</course><hAcc>1.354321</hAcc><vAcc>0.856030</vAcc></extensions></trkpt>
      <trkpt lon="-82.147011" lat="33.555394"><ele>90.088995</ele><time>2025-08-12T14:29:05Z</time><extensions><speed>1.413813</speed><course>357.316082</course><hAcc>1.383816</hAcc><vAcc>0.854469</vAcc></extensions></trkpt>
      <trkpt lon="-82.147011" lat="33.555405"><ele>90.076866</ele><time>2025-08-12T14:29:06Z</time><extensions><speed>1.221211</speed><course>3.929978</course><hAcc>1.351392</hAcc><vAcc>0.853049</vAcc></extensions></trkpt>
      <trkpt lon="-82.147010" lat="33.555416"><ele>90.054831</ele><time>2025-08-12T14:29:07Z</time><extensions><speed>1.095747</speed><course>5.518932</course><hAcc>1.338327</hAcc><vAcc>0.851499</vAcc></extensions></trkpt>
      <trkpt lon="-82.147010" lat="33.555426"><ele>90.025300</ele><time>2025-08-12T14:29:08Z</time><extensions><speed>1.086765</speed><course>2.225916</course><hAcc>1.345325</hAcc><vAcc>0.850002</vAcc></extensions></trkpt>
      <trkpt lon="-82.147009" lat="33.555436"><ele>89.970722</ele><time>2025-08-12T14:29:09Z</time><extensions><speed>1.119706</speed><course>359.977288</course><hAcc>1.352020</hAcc><vAcc>0.847942</vAcc></extensions></trkpt>
      <trkpt lon="-82.147009" lat="33.555446"><ele>89.913888</ele><time>2025-08-12T14:29:10Z</time><extensions><speed>1.127619</speed><course>358.867410</course><hAcc>1.355274</hAcc><vAcc>0.846031</vAcc></extensions></trkpt>
      <trkpt lon="-82.147009" lat="33.555456"><ele>89.855491</ele><time>2025-08-12T14:29:11Z</time><extensions><speed>1.169389</speed><course>0.966145</course><hAcc>1.354474</hAcc><vAcc>0.844286</vAcc></extensions></trkpt>
      <trkpt lon="-82.147009" lat="33.555467"><ele>89.799751</ele><time>2025-08-12T14:29:12Z</time><extensions><speed>1.195991</speed><course>2.538701</course><hAcc>1.359517</hAcc><vAcc>0.843526</vAcc></extensions></trkpt>
      <trkpt lon="-82.147008" lat="33.555478"><ele>89.736310</ele><time>2025-08-12T14:29:13Z</time><extensions><speed>1.197659</speed><course>4.547785</course><hAcc>1.358674</hAcc><vAcc>0.843310</vAcc></extensions></trkpt>
      <trkpt lon="-82.147007" lat="33.555488"><ele>89.660026</ele><time>2025-08-12T14:29:14Z</time><extensions><speed>1.183753</speed><course>5.165302</course><hAcc>1.352331</hAcc><vAcc>0.843830</vAcc></extensions></trkpt>
      <trkpt lon="-82.147006" lat="33.555499"><ele>89.565184</ele><time>2025-08-12T14:29:15Z</time><extensions><speed>1.199882</speed><course>3.409458</course><hAcc>1.346330</hAcc><vAcc>0.844817</vAcc></extensions></trkpt>
      <trkpt lon="-82.147006" lat="33.555510"><ele>89.495185</ele><time>2025-08-12T14:29:16Z</time><extensions><speed>1.260449</speed><course>0.024791</course><hAcc>1.350372</hAcc><vAcc>0.846210</vAcc></extensions></trkpt>
      <trkpt lon="-82.147006" lat="33.555522"><ele>89.412931</ele><time>2025-08-12T14:29:17Z</time><extensions><speed>1.295237</speed><course>357.117101</course><hAcc>1.352106</hAcc><vAcc>0.848306</vAcc></extensions></trkpt>
      <trkpt lon="-82.147007" lat="33.555533"><ele>89.296731</ele><time>2025-08-12T14:29:18Z</time><extensions><speed>1.274239</speed><course>354.286857</course><hAcc>1.350259</hAcc><vAcc>0.851119</vAcc></extensions></trkpt>
      <trkpt lon="-82.147009" lat="33.555545"><ele>89.180515</ele><time>2025-08-12T14:29:19Z</time><extensions><speed>1.371004</speed><course>354.238050</course><hAcc>1.350235</hAcc><vAcc>0.854477</vAcc></extensions></trkpt>
      <trkpt lon="-82.147010" lat="33.555558"><ele>89.048680</ele><time>2025-08-12T14:29:20Z</time><extensions><speed>1.418189</speed><course>352.637259</course><hAcc>1.368348</hAcc><vAcc>0.858784</vAcc></extensions></trkpt>
      <trkpt lon="-82.147012" lat="33.555570"><ele>88.923288</ele><time>2025-08-12T14:29:21Z</time><extensions><speed>1.407909</speed><course>352.664967</course><hAcc>1.386484</hAcc><vAcc>0.863624</vAcc></extensions></trkpt>
      <trkpt lon="-82.147014" lat="33.555583"><ele>88.778134</ele><time>2025-08-12T14:29:22Z</time><extensions><speed>1.328120</speed><course>354.588786</course><hAcc>1.390760</hAcc><vAcc>0.868652</vAcc></extensions></trkpt>
      <trkpt lon="-82.147015" lat="33.555594"><ele>88.610159</ele><time>2025-08-12T14:29:23Z</time><extensions><speed>1.163188</speed><course>355.201843</course><hAcc>1.374398</hAcc><vAcc>0.872938</vAcc></extensions></trkpt>
      <trkpt lon="-82.147016" lat="33.555604"><ele>88.437494</ele><time>2025-08-12T14:29:24Z</time><extensions><speed>1.152047</speed><course>355.402152</course><hAcc>1.379061</hAcc><vAcc>0.876723</vAcc></extensions></trkpt>
      <trkpt lon="-82.147017" lat="33.555615"><ele>88.257087</ele><time>2025-08-12T14:29:25Z</time><extensions><speed>1.298574</speed><course>356.854257</course><hAcc>1.375352</hAcc><vAcc>0.879371</vAcc></extensions></trkpt>
      <trkpt lon="-82.147018" lat="33.555628"><ele>88.075027</ele><time>2025-08-12T14:29:26Z</time><extensions><speed>1.457351</speed><course>356.422152</course><hAcc>1.359860</hAcc><vAcc>0.881899</vAcc></extensions></trkpt>
      <trkpt lon="-82.147019" lat="33.555641"><ele>87.889884</ele><time>2025-08-12T14:29:27Z</time><extensions><speed>1.544727</speed><course>355.915378</course><hAcc>1.371899</hAcc><vAcc>0.883702</vAcc></extensions></trkpt>
      <trkpt lon="-82.147020" lat="33.555655"><ele>87.702195</ele><time>2025-08-12T14:29:28Z</time><extensions><speed>1.508562</speed><course>355.669752</course><hAcc>1.394783</hAcc><vAcc>0.883869</vAcc></extensions></trkpt>
      <trkpt lon="-82.147022" lat="33.555669"><ele>87.509571</ele><time>2025-08-12T14:29:29Z</time><extensions><speed>1.459219</speed><course>354.234634</course><hAcc>1.376258</hAcc><vAcc>0.884062</vAcc></extensions></trkpt>
      <trkpt lon="-82.147023" lat="33.555681"><ele>87.327519</ele><time>2025-08-12T14:29:30Z</time><extensions><speed>1.412505</speed><course>353.537663</course><hAcc>1.371212</hAcc><vAcc>0.883387</vAcc></extensions></trkpt>
      <trkpt lon="-82.147025" lat="33.555694"><ele>87.148206</ele><time>2025-08-12T14:29:31Z</time><extensions><speed>1.372723</speed><course>350.461707</course><hAcc>1.380558</hAcc><vAcc>0.881763</vAcc></extensions></trkpt>
      <trkpt lon="-82.147028" lat="33.555706"><ele>86.970735</ele><time>2025-08-12T14:29:32Z</time><extensions><speed>1.365433</speed><course>349.582102</course><hAcc>1.385014</hAcc><vAcc>0.879735</vAcc></extensions></trkpt>
      <trkpt lon="-82.147031" lat="33.555718"><ele>86.812018</ele><time>2025-08-12T14:29:33Z</time><extensions><speed>1.376654</speed><course>348.497856</course><hAcc>1.384893</hAcc><vAcc>0.878153</vAcc></extensions></trkpt>
      <trkpt lon="-82.147034" lat="33.555730"><ele>86.654069</ele><time>2025-08-12T14:29:34Z</time><extensions><speed>1.350297</speed><course>349.088501</course><hAcc>1.392045</hAcc><vAcc>0.876393</vAcc></extensions></trkpt>
      <trkpt lon="-82.147036" lat="33.555742"><ele>86.507701</ele><time>2025-08-12T14:29:35Z</time><extensions><speed>1.324212</speed><course>351.907036</course><hAcc>1.397279</hAcc><vAcc>0.875018</vAcc></extensions></trkpt>
      <trkpt lon="-82.147037" lat="33.555754"><ele>86.374598</ele><time>2025-08-12T14:29:36Z</time><extensions><speed>1.304112</speed><course>355.494225</course><hAcc>1.401084</hAcc><vAcc>0.873839</vAcc></extensions></trkpt>
      <trkpt lon="-82.147038" lat="33.555766"><ele>86.251005</ele><time>2025-08-12T14:29:37Z</time><extensions><speed>1.323103</speed><course>358.132723</course><hAcc>1.400952</hAcc><vAcc>0.872801</vAcc></extensions></trkpt>
      <trkpt lon="-82.147039" lat="33.555778"><ele>86.146714</ele><time>2025-08-12T14:29:38Z</time><extensions><speed>1.388352</speed><course>358.951683</course><hAcc>1.403072</hAcc><vAcc>0.872507</vAcc></extensions></trkpt>
      <trkpt lon="-82.147039" lat="33.555791"><ele>86.061191</ele><time>2025-08-12T14:29:39Z</time><extensions><speed>1.396203</speed><course>359.321467</course><hAcc>1.406844</hAcc><vAcc>0.872956</vAcc></extensions></trkpt>
      <trkpt lon="-82.147039" lat="33.555803"><ele>85.992102</ele><time>2025-08-12T14:29:40Z</time><extensions><speed>1.328694</speed><course>1.609435</course><hAcc>1.413030</hAcc><vAcc>0.874389</vAcc></extensions></trkpt>
      <trkpt lon="-82.147039" lat="33.555815"><ele>85.938516</ele><time>2025-08-12T14:29:41Z</time><extensions><speed>1.336514</speed><course>359.398528</course><hAcc>1.420414</hAcc><vAcc>0.876307</vAcc></extensions></trkpt>
      <trkpt lon="-82.147040" lat="33.555827"><ele>85.925355</ele><time>2025-08-12T14:29:42Z</time><extensions><speed>1.296975</speed><course>355.477105</course><hAcc>1.431401</hAcc><vAcc>0.878201</vAcc></extensions></trkpt>
      <trkpt lon="-82.147041" lat="33.555838"><ele>85.935172</ele><time>2025-08-12T14:29:43Z</time><extensions><speed>1.240184</speed><course>352.427156</course><hAcc>1.447401</hAcc><vAcc>0.880424</vAcc></extensions></trkpt>
      <trkpt lon="-82.147043" lat="33.555849"><ele>85.962352</ele><time>2025-08-12T14:29:44Z</time><extensions><speed>1.193955</speed><course>350.112171</course><hAcc>1.449966</hAcc><vAcc>0.882249</vAcc></extensions></trkpt>
      <trkpt lon="-82.147046" lat="33.555860"><ele>85.992304</ele><time>2025-08-12T14:29:45Z</time><extensions><speed>1.248387</speed><course>347.015507</course><hAcc>1.447645</hAcc><vAcc>0.885009</vAcc></extensions></trkpt>
      <trkpt lon="-82.147049" lat="33.555871"><ele>86.027380</ele><time>2025-08-12T14:29:46Z</time><extensions><speed>1.350785</speed><course>345.086000</course><hAcc>1.447808</hAcc><vAcc>0.887898</vAcc></extensions></trkpt>
      <trkpt lon="-82.147053" lat="33.555884"><ele>86.084318</ele><time>2025-08-12T14:29:47Z</time><extensions><speed>1.468991</speed><course>344.788167</course><hAcc>1.449908</hAcc><vAcc>0.890481</vAcc></extensions></trkpt>
      <trkpt lon="-82.147057" lat="33.555896"><ele>86.159813</ele><time>2025-08-12T14:29:48Z</time><extensions><speed>1.425038</speed><course>346.045409</course><hAcc>1.451108</hAcc><vAcc>0.894180</vAcc></extensions></trkpt>
      <trkpt lon="-82.147061" lat="33.555908"><ele>86.229042</ele><time>2025-08-12T14:29:49Z</time><extensions><speed>1.264238</speed><course>343.021567</course><hAcc>1.449098</hAcc><vAcc>0.896949</vAcc></extensions></trkpt>
      <trkpt lon="-82.147065" lat="33.555918"><ele>86.302048</ele><time>2025-08-12T14:29:50Z</time><extensions><speed>1.125734</speed><course>341.216126</course><hAcc>1.446053</hAcc><vAcc>0.897803</vAcc></extensions></trkpt>
      <trkpt lon="-82.147069" lat="33.555928"><ele>86.373073</ele><time>2025-08-12T14:29:51Z</time><extensions><speed>1.132005</speed><course>337.202898</course><hAcc>1.439118</hAcc><vAcc>0.898948</vAcc></extensions></trkpt>
      <trkpt lon="-82.147074" lat="33.555938"><ele>86.445378</ele><time>2025-08-12T14:29:52Z</time><extensions><speed>1.235319</speed><course>338.443055</course><hAcc>1.434269</hAcc><vAcc>0.898901</vAcc></extensions></trkpt>
      <trkpt lon="-82.147078" lat="33.555949"><ele>86.520863</ele><time>2025-08-12T14:29:53Z</time><extensions><speed>1.315079</speed><course>343.536687</course><hAcc>1.430257</hAcc><vAcc>0.898176</vAcc></extensions></trkpt>
      <trkpt lon="-82.147082" lat="33.555960"><ele>86.595131</ele><time>2025-08-12T14:29:54Z</time><extensions><speed>1.380838</speed><course>347.734134</course><hAcc>1.424523</hAcc><vAcc>0.896932</vAcc></extensions></trkpt>
      <trkpt lon="-82.147085" lat="33.555973"><ele>86.672555</ele><time>2025-08-12T14:29:55Z</time><extensions><speed>1.350188</speed><course>350.954222</course><hAcc>1.417183</hAcc><vAcc>0.896648</vAcc></extensions></trkpt>
      <trkpt lon="-82.147087" lat="33.555985"><ele>86.730798</ele><time>2025-08-12T14:29:56Z</time><extensions><speed>1.369014</speed><course>354.054039</course><hAcc>1.410498</hAcc><vAcc>0.895626</vAcc></extensions></trkpt>
      <trkpt lon="-82.147088" lat="33.555997"><ele>86.771230</ele><time>2025-08-12T14:29:57Z</time><extensions><speed>1.409367</speed><course>356.501788</course><hAcc>1.420552</hAcc><vAcc>0.893592</vAcc></extensions></trkpt>
      <trkpt lon="-82.147088" lat="33.556010"><ele>86.803581</ele><time>2025-08-12T14:29:58Z</time><extensions><speed>1.315931</speed><course>359.085017</course><hAcc>1.445060</hAcc><vAcc>0.891037</vAcc></extensions></trkpt>
      <trkpt lon="-82.147088" lat="33.556021"><ele>86.825047</ele><time>2025-08-12T14:29:59Z</time><extensions><speed>1.161226</speed><course>1.727947</course><hAcc>1.412650</hAcc><vAcc>0.888060</vAcc></extensions></trkpt>
      <trkpt lon="-82.147088" lat="33.556031"><ele>86.830481</ele><time>2025-08-12T14:30:00Z</time><extensions><speed>1.137925</speed><course>359.875796</course><hAcc>1.387711</hAcc><vAcc>0.884515</vAcc></extensions></trkpt>
      <trkpt lon="-82.147088" lat="33.556042"><ele>86.830709</ele><time>2025-08-12T14:30:01Z</time><extensions><speed>1.180099</speed><course>357.126566</course><hAcc>1.392123</hAcc><vAcc>0.880952</vAcc></extensions></trkpt>
      <trkpt lon="-82.147089" lat="33.556053"><ele>86.828444</ele><time>2025-08-12T14:30:02Z</time><extensions><speed>1.315972</speed><course>356.991848</course><hAcc>1.379985</hAcc><vAcc>0.877953</vAcc></extensions></trkpt>
      <trkpt lon="-82.147089" lat="33.556065"><ele>86.813165</ele><time>2025-08-12T14:30:03Z</time><extensions><speed>1.420761</speed><course>359.510471</course><hAcc>1.356112</hAcc><vAcc>0.875025</vAcc></extensions></trkpt>
      <trkpt lon="-82.147089" lat="33.556078"><ele>86.790297</ele><time>2025-08-12T14:30:04Z</time><extensions><speed>1.445490</speed><course>1.013968</course><hAcc>1.349093</hAcc><vAcc>0.872336</vAcc></extensions></trkpt>
      <trkpt lon="-82.147089" lat="33.556090"><ele>86.767631</ele><time>2025-08-12T14:30:05Z</time><extensions><speed>1.268105</speed><course>2.086663</course><hAcc>1.376170</hAcc><vAcc>0.869714</vAcc></extensions></trkpt>
      <trkpt lon="-82.147088" lat="33.556102"><ele>86.727924</ele><time>2025-08-12T14:30:06Z</time><extensions><speed>1.179182</speed><course>2.611342</course><hAcc>1.326627</hAcc><vAcc>0.867174</vAcc></extensions></trkpt>
      <trkpt lon="-82.147088" lat="33.556112"><ele>86.688848</ele><time>2025-08-12T14:30:07Z</time><extensions><speed>1.197080</speed><course>2.936640</course><hAcc>1.310605</hAcc><vAcc>0.864207</vAcc></extensions></trkpt>
      <trkpt lon="-82.147087" lat="33.556123"><ele>86.655697</ele><time>2025-08-12T14:30:08Z</time><extensions><speed>1.290582</speed><course>3.902495</course><hAcc>1.320002</hAcc><vAcc>0.861242</vAcc></extensions></trkpt>
      <trkpt lon="-82.147086" lat="33.556135"><ele>86.631209</ele><time>2025-08-12T14:30:09Z</time><extensions><speed>1.307364</speed><course>6.390997</course><hAcc>1.331171</hAcc><vAcc>0.858252</vAcc></extensions></trkpt>
      <trkpt lon="-82.147084" lat="33.556147"><ele>86.616941</ele><time>2025-08-12T14:30:10Z</time><extensions><speed>1.245160</speed><course>7.083171</course><hAcc>1.337711</hAcc><vAcc>0.855687</vAcc></extensions></trkpt>
      <trkpt lon="-82.147082" lat="33.556157"><ele>86.587392</ele><time>2025-08-12T14:30:11Z</time><extensions><speed>1.194179</speed><course>7.736422</course><hAcc>1.348228</hAcc><vAcc>0.852911</vAcc></extensions></trkpt>
      <trkpt lon="-82.147080" lat="33.556168"><ele>86.549767</ele><time>2025-08-12T14:30:12Z</time><extensions><speed>1.145621</speed><course>8.842367</course><hAcc>1.352025</hAcc><vAcc>0.849823</vAcc></extensions></trkpt>
      <trkpt lon="-82.147078" lat="33.556178"><ele>86.504776</ele><time>2025-08-12T14:30:13Z</time><extensions><speed>1.177229</speed><course>10.274943</course><hAcc>1.343351</hAcc><vAcc>0.847254</vAcc></extensions></trkpt>
      <trkpt lon="-82.147076" lat="33.556189"><ele>86.457159</ele><time>2025-08-12T14:30:14Z</time><extensions><speed>1.219247</speed><course>12.112432</course><hAcc>1.339513</hAcc><vAcc>0.844363</vAcc></extensions></trkpt>
      <trkpt lon="-82.147073" lat="33.556200"><ele>86.408686</ele><time>2025-08-12T14:30:15Z</time><extensions><speed>1.239934</speed><course>15.005389</course><hAcc>1.332264</hAcc><vAcc>0.840902</vAcc></extensions></trkpt>
      <trkpt lon="-82.147069" lat="33.556210"><ele>86.368828</ele><time>2025-08-12T14:30:16Z</time><extensions><speed>1.248441</speed><course>16.521945</course><hAcc>1.316069</hAcc><vAcc>0.836608</vAcc></extensions></trkpt>
      <trkpt lon="-82.147065" lat="33.556221"><ele>86.318712</ele><time>2025-08-12T14:30:17Z</time><extensions><speed>1.305721</speed><course>18.370303</course><hAcc>1.303906</hAcc><vAcc>0.832485</vAcc></extensions></trkpt>
      <trkpt lon="-82.147061" lat="33.556233"><ele>86.275733</ele><time>2025-08-12T14:30:18Z</time><extensions><speed>1.307063</speed><course>16.733425</course><hAcc>1.298120</hAcc><vAcc>0.828703</vAcc></extensions></trkpt>
      <trkpt lon="-82.147057" lat="33.556244"><ele>86.248850</ele><time>2025-08-12T14:30:19Z</time><extensions><speed>1.230043</speed><course>15.627590</course><hAcc>1.293330</hAcc><vAcc>0.824957</vAcc></extensions></trkpt>
      <trkpt lon="-82.147054" lat="33.556254"><ele>86.216590</ele><time>2025-08-12T14:30:20Z</time><extensions><speed>1.215547</speed><course>12.545162</course><hAcc>1.292593</hAcc><vAcc>0.821506</vAcc></extensions></trkpt>
      <trkpt lon="-82.147052" lat="33.556264"><ele>86.189796</ele><time>2025-08-12T14:30:21Z</time><extensions><speed>1.050865</speed><course>6.526285</course><hAcc>1.290755</hAcc><vAcc>0.818001</vAcc></extensions></trkpt>
      <trkpt lon="-82.147051" lat="33.556273"><ele>86.161793</ele><time>2025-08-12T14:30:22Z</time><extensions><speed>0.927447</speed><course>3.304698</course><hAcc>1.288708</hAcc><vAcc>0.814570</vAcc></extensions></trkpt>
      <trkpt lon="-82.147051" lat="33.556281"><ele>86.121881</ele><time>2025-08-12T14:30:23Z</time><extensions><speed>0.851544</speed><course>358.324782</course><hAcc>1.282866</hAcc><vAcc>0.811239</vAcc></extensions></trkpt>
      <trkpt lon="-82.147051" lat="33.556289"><ele>86.067230</ele><time>2025-08-12T14:30:24Z</time><extensions><speed>0.890460</speed><course>357.608506</course><hAcc>1.287948</hAcc><vAcc>0.808655</vAcc></extensions></trkpt>
      <trkpt lon="-82.147051" lat="33.556298"><ele>86.018164</ele><time>2025-08-12T14:30:25Z</time><extensions><speed>0.972137</speed><course>0.026405</course><hAcc>1.290713</hAcc><vAcc>0.806795</vAcc></extensions></trkpt>
      <trkpt lon="-82.147051" lat="33.556307"><ele>85.968479</ele><time>2025-08-12T14:30:26Z</time><extensions><speed>1.117995</speed><course>5.880740</course><hAcc>1.292676</hAcc><vAcc>0.806069</vAcc></extensions></trkpt>
      <trkpt lon="-82.147049" lat="33.556317"><ele>85.922261</ele><time>2025-08-12T14:30:27Z</time><extensions><speed>1.244850</speed><course>9.501655</course><hAcc>1.295548</hAcc><vAcc>0.805732</vAcc></extensions></trkpt>
      <trkpt lon="-82.147046" lat="33.556329"><ele>85.879577</ele><time>2025-08-12T14:30:28Z</time><extensions><speed>1.333807</speed><course>10.397221</course><hAcc>1.303251</hAcc><vAcc>0.805829</vAcc></extensions></trkpt>
      <trkpt lon="-82.147044" lat="33.556341"><ele>85.843413</ele><time>2025-08-12T14:30:29Z</time><extensions><speed>1.343457</speed><course>9.905872</course><hAcc>1.315114</hAcc><vAcc>0.805735</vAcc></extensions></trkpt>
      <trkpt lon="-82.147041" lat="33.556352"><ele>85.819814</ele><time>2025-08-12T14:30:30Z</time><extensions><speed>1.298123</speed><course>11.229633</course><hAcc>1.333609</hAcc><vAcc>0.806612</vAcc></extensions></trkpt>
      <trkpt lon="-82.147039" lat="33.556363"><ele>85.815176</ele><time>2025-08-12T14:30:31Z</time><extensions><speed>1.216671</speed><course>11.863234</course><hAcc>1.349325</hAcc><vAcc>0.807897</vAcc></extensions></trkpt>
      <trkpt lon="-82.147036" lat="33.556374"><ele>85.803176</ele><time>2025-08-12T14:30:32Z</time><extensions><speed>1.135889</speed><course>13.160935</course><hAcc>1.370138</hAcc><vAcc>0.809282</vAcc></extensions></trkpt>
      <trkpt lon="-82.147033" lat="33.556383"><ele>85.787493</ele><time>2025-08-12T14:30:33Z</time><extensions><speed>1.012543</speed><course>14.859968</course><hAcc>1.399755</hAcc><vAcc>0.811114</vAcc></extensions></trkpt>
      <trkpt lon="-82.147031" lat="33.556390"><ele>85.796260</ele><time>2025-08-12T14:30:34Z</time><extensions><speed>0.671334</speed><course>14.403166</course><hAcc>1.429077</hAcc><vAcc>0.813598</vAcc></extensions></trkpt>
      <trkpt lon="-82.147030" lat="33.556394"><ele>85.807570</ele><time>2025-08-12T14:30:35Z</time><extensions><speed>0.172943</speed><course>1.967103</course><hAcc>1.463319</hAcc><vAcc>0.816582</vAcc></extensions></trkpt>
      <trkpt lon="-82.147031" lat="33.556394"><ele>85.843588</ele><time>2025-08-12T14:30:36Z</time><extensions><speed>0.285215</speed><course>202.346491</course><hAcc>1.482514</hAcc><vAcc>0.819637</vAcc></extensions></trkpt>
      <trkpt lon="-82.147032" lat="33.556390"><ele>85.893209</ele><time>2025-08-12T14:30:37Z</time><extensions><speed>0.554817</speed><course>192.916509</course><hAcc>1.497591</hAcc><vAcc>0.823417</vAcc></extensions></trkpt>
      <trkpt lon="-82.147032" lat="33.556385"><ele>85.967440</ele><time>2025-08-12T14:30:38Z</time><extensions><speed>0.708744</speed><course>181.858640</course><hAcc>1.498663</hAcc><vAcc>0.826884</vAcc></extensions></trkpt>
      <trkpt lon="-82.147031" lat="33.556378"><ele>86.046179</ele><time>2025-08-12T14:30:39Z</time><extensions><speed>0.822644</speed><course>164.610565</course><hAcc>1.481865</hAcc><vAcc>0.830379</vAcc></extensions></trkpt>
      <trkpt lon="-82.147027" lat="33.556371"><ele>86.136538</ele><time>2025-08-12T14:30:40Z</time><extensions><speed>1.013521</speed><course>143.051366</course><hAcc>1.461436</hAcc><vAcc>0.833984</vAcc></extensions></trkpt>
      <trkpt lon="-82.147019" lat="33.556363"><ele>86.238803</ele><time>2025-08-12T14:30:41Z</time><extensions><speed>1.227004</speed><course>132.921425</course><hAcc>1.450729</hAcc><vAcc>0.837649</vAcc></extensions></trkpt>
      <trkpt lon="-82.147008" lat="33.556356"><ele>86.346976</ele><time>2025-08-12T14:30:42Z</time><extensions><speed>1.313664</speed><course>125.249999</course><hAcc>1.427673</hAcc><vAcc>0.841389</vAcc></extensions></trkpt>
      <trkpt lon="-82.146996" lat="33.556350"><ele>86.464019</ele><time>2025-08-12T14:30:43Z</time><extensions><speed>1.308534</speed><course>116.917185</course><hAcc>1.407624</hAcc><vAcc>0.844831</vAcc></extensions></trkpt>
      <trkpt lon="-82.146984" lat="33.556346"><ele>86.580360</ele><time>2025-08-12T14:30:44Z</time><extensions><speed>1.186702</speed><course>107.507906</course><hAcc>1.393804</hAcc><vAcc>0.848203</vAcc></extensions></trkpt>
      <trkpt lon="-82.146971" lat="33.556343"><ele>86.695038</ele><time>2025-08-12T14:30:45Z</time><extensions><speed>1.197230</speed><course>97.358302</course><hAcc>1.385646</hAcc><vAcc>0.850955</vAcc></extensions></trkpt>
      <trkpt lon="-82.146957" lat="33.556342"><ele>86.810492</ele><time>2025-08-12T14:30:46Z</time><extensions><speed>1.323267</speed><course>92.190692</course><hAcc>1.381062</hAcc><vAcc>0.852890</vAcc></extensions></trkpt>
      <trkpt lon="-82.146943" lat="33.556342"><ele>86.931387</ele><time>2025-08-12T14:30:47Z</time><extensions><speed>1.415419</speed><course>89.233191</course><hAcc>1.380169</hAcc><vAcc>0.854093</vAcc></extensions></trkpt>
      <trkpt lon="-82.146927" lat="33.556343"><ele>87.054413</ele><time>2025-08-12T14:30:48Z</time><extensions><speed>1.400259</speed><course>87.827877</course><hAcc>1.380754</hAcc><vAcc>0.854058</vAcc></extensions></trkpt>
      <trkpt lon="-82.146913" lat="33.556343"><ele>87.182123</ele><time>2025-08-12T14:30:49Z</time><extensions><speed>1.315497</speed><course>86.349108</course><hAcc>1.383496</hAcc><vAcc>0.853362</vAcc></extensions></trkpt>
      <trkpt lon="-82.146899" lat="33.556344"><ele>87.294950</ele><time>2025-08-12T14:30:50Z</time><extensions><speed>1.308345</speed><course>85.530687</course><hAcc>1.380759</hAcc><vAcc>0.851617</vAcc></extensions></trkpt>
      <trkpt lon="-82.146885" lat="33.556345"><ele>87.396319</ele><time>2025-08-12T14:30:51Z</time><extensions><speed>1.267834</speed><course>85.741983</course><hAcc>1.370901</hAcc><vAcc>0.849718</vAcc></extensions></trkpt>
      <trkpt lon="-82.146871" lat="33.556346"><ele>87.461917</ele><time>2025-08-12T14:30:52Z</time><extensions><speed>1.281888</speed><course>84.518068</course><hAcc>1.390455</hAcc><vAcc>0.848668</vAcc></extensions></trkpt>
      <trkpt lon="-82.146857" lat="33.556347"><ele>87.542732</ele><time>2025-08-12T14:30:53Z</time><extensions><speed>1.387520</speed><course>83.933294</course><hAcc>1.401280</hAcc><vAcc>0.847050</vAcc></extensions></trkpt>
      <trkpt lon="-82.146842" lat="33.556349"><ele>87.603395</ele><time>2025-08-12T14:30:54Z</time><extensions><speed>1.396030</speed><course>82.353064</course><hAcc>1.410370</hAcc><vAcc>0.845441</vAcc></extensions></trkpt>
      <trkpt lon="-82.146827" lat="33.556350"><ele>87.656272</ele><time>2025-08-12T14:30:55Z</time><extensions><speed>1.351264</speed><course>81.907189</course><hAcc>1.418153</hAcc><vAcc>0.844296</vAcc></extensions></trkpt>
      <trkpt lon="-82.146813" lat="33.556352"><ele>87.676667</ele><time>2025-08-12T14:30:56Z</time><extensions><speed>1.242544</speed><course>80.693428</course><hAcc>1.420412</hAcc><vAcc>0.842945</vAcc></extensions></trkpt>
      <trkpt lon="-82.146801" lat="33.556354"><ele>87.677848</ele><time>2025-08-12T14:30:57Z</time><extensions><speed>1.201033</speed><course>77.315288</course><hAcc>1.414688</hAcc><vAcc>0.841741</vAcc></extensions></trkpt>
      <trkpt lon="-82.146788" lat="33.556357"><ele>87.661703</ele><time>2025-08-12T14:30:58Z</time><extensions><speed>1.198367</speed><course>72.763774</course><hAcc>1.433762</hAcc><vAcc>0.841235</vAcc></extensions></trkpt>
      <trkpt lon="-82.146776" lat="33.556361"><ele>87.629511</ele><time>2025-08-12T14:30:59Z</time><extensions><speed>1.256499</speed><course>67.260036</course><hAcc>1.440072</hAcc><vAcc>0.841430</vAcc></extensions></trkpt>
      <trkpt lon="-82.146764" lat="33.556366"><ele>87.567035</ele><time>2025-08-12T14:31:00Z</time><extensions><speed>1.227815</speed><course>61.283981</course><hAcc>1.433550</hAcc><vAcc>0.842341</vAcc></extensions></trkpt>
      <trkpt lon="-82.146753" lat="33.556371"><ele>87.489716</ele><time>2025-08-12T14:31:01Z</time><extensions><speed>1.106079</speed><course>54.085079</course><hAcc>1.428146</hAcc><vAcc>0.844427</vAcc></extensions></trkpt>
      <trkpt lon="-82.146744" lat="33.556377"><ele>87.408528</ele><time>2025-08-12T14:31:02Z</time><extensions><speed>1.089362</speed><course>50.875389</course><hAcc>1.421328</hAcc><vAcc>0.846818</vAcc></extensions></trkpt>
      <trkpt lon="-82.146734" lat="33.556384"><ele>87.315805</ele><time>2025-08-12T14:31:03Z</time><extensions><speed>1.142059</speed><course>51.555325</course><hAcc>1.415220</hAcc><vAcc>0.849397</vAcc></extensions></trkpt>
      <trkpt lon="-82.146725" lat="33.556390"><ele>87.226009</ele><time>2025-08-12T14:31:04Z</time><extensions><speed>1.058548</speed><course>52.140269</course><hAcc>1.418578</hAcc><vAcc>0.851483</vAcc></extensions></trkpt>
      <trkpt lon="-82.146715" lat="33.556396"><ele>87.122743</ele><time>2025-08-12T14:31:05Z</time><extensions><speed>1.110417</speed><course>51.987699</course><hAcc>1.416157</hAcc><vAcc>0.853783</vAcc></extensions></trkpt>
      <trkpt lon="-82.146706" lat="33.556402"><ele>87.009791</ele><time>2025-08-12T14:31:06Z</time><extensions><speed>1.145912</speed><course>51.328961</course><hAcc>1.407409</hAcc><vAcc>0.855524</vAcc></extensions></trkpt>
      <trkpt lon="-82.146696" lat="33.556409"><ele>86.898139</ele><time>2025-08-12T14:31:07Z</time><extensions><speed>1.208953</speed><course>51.560510</course><hAcc>1.405829</hAcc><vAcc>0.858199</vAcc></extensions></trkpt>
      <trkpt lon="-82.146685" lat="33.556416"><ele>86.791934</ele><time>2025-08-12T14:31:08Z</time><extensions><speed>1.299800</speed><course>52.064341</course><hAcc>1.416182</hAcc><vAcc>0.861364</vAcc></extensions></trkpt>
      <trkpt lon="-82.146674" lat="33.556423"><ele>86.680574</ele><time>2025-08-12T14:31:09Z</time><extensions><speed>1.375631</speed><course>52.406862</course><hAcc>1.425736</hAcc><vAcc>0.863997</vAcc></extensions></trkpt>
      <trkpt lon="-82.146662" lat="33.556431"><ele>86.570214</ele><time>2025-08-12T14:31:10Z</time><extensions><speed>1.311455</speed><course>52.997019</course><hAcc>1.433541</hAcc><vAcc>0.865735</vAcc></extensions></trkpt>
      <trkpt lon="-82.146651" lat="33.556437"><ele>86.449422</ele><time>2025-08-12T14:31:11Z</time><extensions><speed>1.201195</speed><course>55.529544</course><hAcc>1.438815</hAcc><vAcc>0.867378</vAcc></extensions></trkpt>
      <trkpt lon="-82.146641" lat="33.556443"><ele>86.327735</ele><time>2025-08-12T14:31:12Z</time><extensions><speed>1.070281</speed><course>59.805303</course><hAcc>1.430311</hAcc><vAcc>0.867898</vAcc></extensions></trkpt>
      <trkpt lon="-82.146631" lat="33.556447"><ele>86.176887</ele><time>2025-08-12T14:31:13Z</time><extensions><speed>1.063033</speed><course>63.343560</course><hAcc>1.441153</hAcc><vAcc>0.868267</vAcc></extensions></trkpt>
      <trkpt lon="-82.146620" lat="33.556452"><ele>86.008337</ele><time>2025-08-12T14:31:14Z</time><extensions><speed>1.145965</speed><course>66.131902</course><hAcc>1.445229</hAcc><vAcc>0.867901</vAcc></extensions></trkpt>
      <trkpt lon="-82.146609" lat="33.556456"><ele>85.840539</ele><time>2025-08-12T14:31:15Z</time><extensions><speed>1.206772</speed><course>66.795534</course><hAcc>1.442564</hAcc><vAcc>0.867009</vAcc></extensions></trkpt>
      <trkpt lon="-82.146597" lat="33.556460"><ele>85.662927</ele><time>2025-08-12T14:31:16Z</time><extensions><speed>1.218403</speed><course>64.798150</course><hAcc>1.440507</hAcc><vAcc>0.864889</vAcc></extensions></trkpt>
      <trkpt lon="-82.146585" lat="33.556465"><ele>85.477966</ele><time>2025-08-12T14:31:17Z</time><extensions><speed>1.204480</speed><course>64.016468</course><hAcc>1.438690</hAcc><vAcc>0.862635</vAcc></extensions></trkpt>
      <trkpt lon="-82.146573" lat="33.556470"><ele>85.291170</ele><time>2025-08-12T14:31:18Z</time><extensions><speed>1.151870</speed><course>64.418152</course><hAcc>1.430877</hAcc><vAcc>0.859849</vAcc></extensions></trkpt>
      <trkpt lon="-82.146562" lat="33.556474"><ele>85.113754</ele><time>2025-08-12T14:31:19Z</time><extensions><speed>1.205381</speed><course>65.134255</course><hAcc>1.436424</hAcc><vAcc>0.857242</vAcc></extensions></trkpt>
      <trkpt lon="-82.146550" lat="33.556479"><ele>84.940855</ele><time>2025-08-12T14:31:20Z</time><extensions><speed>1.280541</speed><course>64.623750</course><hAcc>1.440162</hAcc><vAcc>0.854106</vAcc></extensions></trkpt>
      <trkpt lon="-82.146537" lat="33.556484"><ele>84.771564</ele><time>2025-08-12T14:31:21Z</time><extensions><speed>1.315484</speed><course>62.563466</course><hAcc>1.435612</hAcc><vAcc>0.850816</vAcc></extensions></trkpt>
      <trkpt lon="-82.146524" lat="33.556490"><ele>84.610342</ele><time>2025-08-12T14:31:22Z</time><extensions><speed>1.373799</speed><course>59.353886</course><hAcc>1.431671</hAcc><vAcc>0.847246</vAcc></extensions></trkpt>
      <trkpt lon="-82.146512" lat="33.556497"><ele>84.455727</ele><time>2025-08-12T14:31:23Z</time><extensions><speed>1.362048</speed><course>56.831633</course><hAcc>1.422110</hAcc><vAcc>0.843286</vAcc></extensions></trkpt>
      <trkpt lon="-82.146500" lat="33.556503"><ele>84.307932</ele><time>2025-08-12T14:31:24Z</time><extensions><speed>1.342373</speed><course>56.993527</course><hAcc>1.414691</hAcc><vAcc>0.840130</vAcc></extensions></trkpt>
      <trkpt lon="-82.146488" lat="33.556510"><ele>84.151943</ele><time>2025-08-12T14:31:25Z</time><extensions><speed>1.306630</speed><course>56.799401</course><hAcc>1.418181</hAcc><vAcc>0.837001</vAcc></extensions></trkpt>
      <trkpt lon="-82.146476" lat="33.556516"><ele>84.014703</ele><time>2025-08-12T14:31:26Z</time><extensions><speed>1.295336</speed><course>55.992432</course><hAcc>1.416544</hAcc><vAcc>0.834507</vAcc></extensions></trkpt>
      <trkpt lon="-82.146464" lat="33.556523"><ele>83.904437</ele><time>2025-08-12T14:31:27Z</time><extensions><speed>1.259839</speed><course>55.604941</course><hAcc>1.415260</hAcc><vAcc>0.832622</vAcc></extensions></trkpt>
      <trkpt lon="-82.146453" lat="33.556529"><ele>83.811627</ele><time>2025-08-12T14:31:28Z</time><extensions><speed>1.284286</speed><course>55.355561</course><hAcc>1.417965</hAcc><vAcc>0.831473</vAcc></extensions></trkpt>
      <trkpt lon="-82.146441" lat="33.556536"><ele>83.743557</ele><time>2025-08-12T14:31:29Z</time><extensions><speed>1.300372</speed><course>56.435360</course><hAcc>1.423426</hAcc><vAcc>0.830569</vAcc></extensions></trkpt>
      <trkpt lon="-82.146429" lat="33.556542"><ele>83.688953</ele><time>2025-08-12T14:31:30Z</time><extensions><speed>1.296591</speed><course>61.154678</course><hAcc>1.426605</hAcc><vAcc>0.830226</vAcc></extensions></trkpt>
      <trkpt lon="-82.146417" lat="33.556547"><ele>83.654510</ele><time>2025-08-12T14:31:31Z</time><extensions><speed>1.267840</speed><course>64.775725</course><hAcc>1.432405</hAcc><vAcc>0.830357</vAcc></extensions></trkpt>
      <trkpt lon="-82.146405" lat="33.556552"><ele>83.625519</ele><time>2025-08-12T14:31:32Z</time><extensions><speed>1.239294</speed><course>67.782105</course><hAcc>1.435527</hAcc><vAcc>0.830737</vAcc></extensions></trkpt>
      <trkpt lon="-82.146392" lat="33.556556"><ele>83.606401</ele><time>2025-08-12T14:31:33Z</time><extensions><speed>1.256600</speed><course>68.996773</course><hAcc>1.441991</hAcc><vAcc>0.831391</vAcc></extensions></trkpt>
      <trkpt lon="-82.146379" lat="33.556560"><ele>83.613005</ele><time>2025-08-12T14:31:34Z</time><extensions><speed>1.274092</speed><course>67.604690</course><hAcc>1.446294</hAcc><vAcc>0.832363</vAcc></extensions></trkpt>
      <trkpt lon="-82.146367" lat="33.556565"><ele>83.607402</ele><time>2025-08-12T14:31:35Z</time><extensions><speed>1.332079</speed><course>66.447889</course><hAcc>1.443674</hAcc><vAcc>0.833850</vAcc></extensions></trkpt>
      <trkpt lon="-82.146354" lat="33.556570"><ele>83.611158</ele><time>2025-08-12T14:31:36Z</time><extensions><speed>1.271522</speed><course>65.099808</course><hAcc>1.452881</hAcc><vAcc>0.835361</vAcc></extensions></trkpt>
      <trkpt lon="-82.146341" lat="33.556575"><ele>83.627814</ele><time>2025-08-12T14:31:37Z</time><extensions><speed>1.252861</speed><course>64.934761</course><hAcc>1.467196</hAcc><vAcc>0.836489</vAcc></extensions></trkpt>
      <trkpt lon="-82.146329" lat="33.556580"><ele>83.641313</ele><time>2025-08-12T14:31:38Z</time><extensions><speed>1.272529</speed><course>60.173447</course><hAcc>1.461240</hAcc><vAcc>0.837125</vAcc></extensions></trkpt>
      <trkpt lon="-82.146317" lat="33.556586"><ele>83.659086</ele><time>2025-08-12T14:31:39Z</time><extensions><speed>1.304645</speed><course>56.967430</course><hAcc>1.460693</hAcc><vAcc>0.838058</vAcc></extensions></trkpt>
      <trkpt lon="-82.146305" lat="33.556593"><ele>83.690808</ele><time>2025-08-12T14:31:40Z</time><extensions><speed>1.371509</speed><course>55.928387</course><hAcc>1.465469</hAcc><vAcc>0.839394</vAcc></extensions></trkpt>
      <trkpt lon="-82.146293" lat="33.556600"><ele>83.721983</ele><time>2025-08-12T14:31:41Z</time><extensions><speed>1.351298</speed><course>54.539712</course><hAcc>1.474258</hAcc><vAcc>0.840893</vAcc></extensions></trkpt>
      <trkpt lon="-82.146282" lat="33.556607"><ele>83.751230</ele><time>2025-08-12T14:31:42Z</time><extensions><speed>1.305982</speed><course>56.155846</course><hAcc>1.474213</hAcc><vAcc>0.842547</vAcc></extensions></trkpt>
      <trkpt lon="-82.146270" lat="33.556613"><ele>83.765262</ele><time>2025-08-12T14:31:43Z</time><extensions><speed>1.269335</speed><course>58.623706</course><hAcc>1.477586</hAcc><vAcc>0.844115</vAcc></extensions></trkpt>
      <trkpt lon="-82.146258" lat="33.556619"><ele>83.772304</ele><time>2025-08-12T14:31:44Z</time><extensions><speed>1.221158</speed><course>60.412505</course><hAcc>1.482371</hAcc><vAcc>0.845876</vAcc></extensions></trkpt>
      <trkpt lon="-82.146248" lat="33.556624"><ele>83.763603</ele><time>2025-08-12T14:31:45Z</time><extensions><speed>1.091413</speed><course>56.356804</course><hAcc>1.473066</hAcc><vAcc>0.847684</vAcc></extensions></trkpt>
      <trkpt lon="-82.146238" lat="33.556630"><ele>83.753940</ele><time>2025-08-12T14:31:46Z</time><extensions><speed>1.089727</speed><course>54.022346</course><hAcc>1.474493</hAcc><vAcc>0.849118</vAcc></extensions></trkpt>
      <trkpt lon="-82.146228" lat="33.556636"><ele>83.739177</ele><time>2025-08-12T14:31:47Z</time><extensions><speed>1.147157</speed><course>53.624558</course><hAcc>1.482843</hAcc><vAcc>0.850280</vAcc></extensions></trkpt>
      <trkpt lon="-82.146218" lat="33.556642"><ele>83.734494</ele><time>2025-08-12T14:31:48Z</time><extensions><speed>1.263041</speed><course>54.040025</course><hAcc>1.487213</hAcc><vAcc>0.851740</vAcc></extensions></trkpt>
      <trkpt lon="-82.146207" lat="33.556649"><ele>83.725441</ele><time>2025-08-12T14:31:49Z</time><extensions><speed>1.245724</speed><course>54.913418</course><hAcc>1.498790</hAcc><vAcc>0.853299</vAcc></extensions></trkpt>
      <trkpt lon="-82.146197" lat="33.556655"><ele>83.695701</ele><time>2025-08-12T14:31:50Z</time><extensions><speed>1.085633</speed><course>54.330800</course><hAcc>1.511530</hAcc><vAcc>0.855686</vAcc></extensions></trkpt>
      <trkpt lon="-82.146187" lat="33.556661"><ele>83.660197</ele><time>2025-08-12T14:31:51Z</time><extensions><speed>1.033358</speed><course>50.353413</course><hAcc>1.512098</hAcc><vAcc>0.858269</vAcc></extensions></trkpt>
      <trkpt lon="-82.146179" lat="33.556667"><ele>83.627477</ele><time>2025-08-12T14:31:52Z</time><extensions><speed>1.062112</speed><course>47.605003</course><hAcc>1.502204</hAcc><vAcc>0.860960</vAcc></extensions></trkpt>
      <trkpt lon="-82.146170" lat="33.556674"><ele>83.595292</ele><time>2025-08-12T14:31:53Z</time><extensions><speed>1.126208</speed><course>45.614529</course><hAcc>1.510323</hAcc><vAcc>0.864833</vAcc></extensions></trkpt>
      <trkpt lon="-82.146162" lat="33.556681"><ele>83.561702</ele><time>2025-08-12T14:31:54Z</time><extensions><speed>1.201931</speed><course>41.978466</course><hAcc>1.517961</hAcc><vAcc>0.869357</vAcc></extensions></trkpt>
      <trkpt lon="-82.146153" lat="33.556690"><ele>83.519030</ele><time>2025-08-12T14:31:55Z</time><extensions><speed>1.265665</speed><course>37.639613</course><hAcc>1.521098</hAcc><vAcc>0.873890</vAcc></extensions></trkpt>
      <trkpt lon="-82.146144" lat="33.556699"><ele>83.482572</ele><time>2025-08-12T14:31:56Z</time><extensions><speed>1.360243</speed><course>38.060043</course><hAcc>1.524677</hAcc><vAcc>0.880075</vAcc></extensions></trkpt>
      <trkpt lon="-82.146135" lat="33.556708"><ele>83.457543</ele><time>2025-08-12T14:31:57Z</time><extensions><speed>1.358319</speed><course>43.139917</course><hAcc>1.523870</hAcc><vAcc>0.885818</vAcc></extensions></trkpt>
      <trkpt lon="-82.146125" lat="33.556716"><ele>83.437226</ele><time>2025-08-12T14:31:58Z</time><extensions><speed>1.243905</speed><course>50.565126</course><hAcc>1.526624</hAcc><vAcc>0.891933</vAcc></extensions></trkpt>
      <trkpt lon="-82.146114" lat="33.556723"><ele>83.430087</ele><time>2025-08-12T14:31:59Z</time><extensions><speed>1.077197</speed><course>57.401002</course><hAcc>1.533868</hAcc><vAcc>0.898045</vAcc></extensions></trkpt>
      <trkpt lon="-82.146105" lat="33.556727"><ele>83.430578</ele><time>2025-08-12T14:32:00Z</time><extensions><speed>0.998363</speed><course>68.204487</course><hAcc>1.533248</hAcc><vAcc>0.904641</vAcc></extensions></trkpt>
      <trkpt lon="-82.146094" lat="33.556730"><ele>83.437968</ele><time>2025-08-12T14:32:01Z</time><extensions><speed>1.008992</speed><course>76.450121</course><hAcc>1.536495</hAcc><vAcc>0.913044</vAcc></extensions></trkpt>
      <trkpt lon="-82.146083" lat="33.556731"><ele>83.453778</ele><time>2025-08-12T14:32:02Z</time><extensions><speed>1.057694</speed><course>83.979205</course><hAcc>1.537831</hAcc><vAcc>0.921354</vAcc></extensions></trkpt>
      <trkpt lon="-82.146072" lat="33.556732"><ele>83.481638</ele><time>2025-08-12T14:32:03Z</time><extensions><speed>1.105849</speed><course>90.343093</course><hAcc>1.543066</hAcc><vAcc>0.929373</vAcc></extensions></trkpt>
      <trkpt lon="-82.146059" lat="33.556732"><ele>83.524668</ele><time>2025-08-12T14:32:04Z</time><extensions><speed>1.186862</speed><course>91.239052</course><hAcc>1.560160</hAcc><vAcc>0.936315</vAcc></extensions></trkpt>
      <trkpt lon="-82.146046" lat="33.556731"><ele>83.581470</ele><time>2025-08-12T14:32:05Z</time><extensions><speed>1.233593</speed><course>90.190492</course><hAcc>1.566542</hAcc><vAcc>0.942579</vAcc></extensions></trkpt>
      <trkpt lon="-82.146032" lat="33.556732"><ele>83.619486</ele><time>2025-08-12T14:32:06Z</time><extensions><speed>1.261006</speed><course>89.048557</course><hAcc>1.571454</hAcc><vAcc>0.961391</vAcc></extensions></trkpt>
      <trkpt lon="-82.146019" lat="33.556732"><ele>83.662816</ele><time>2025-08-12T14:32:07Z</time><extensions><speed>1.192014</speed><course>87.596927</course><hAcc>1.575885</hAcc><vAcc>0.985672</vAcc></extensions></trkpt>
      <trkpt lon="-82.146007" lat="33.556732"><ele>83.710659</ele><time>2025-08-12T14:32:08Z</time><extensions><speed>1.147192</speed><course>85.239797</course><hAcc>1.584640</hAcc><vAcc>1.017646</vAcc></extensions></trkpt>
      <trkpt lon="-82.145994" lat="33.556733"><ele>83.762078</ele><time>2025-08-12T14:32:08Z</time><extensions><speed>1.181979</speed><course>85.980655</course><hAcc>1.615739</hAcc><vAcc>1.059866</vAcc></extensions></trkpt>
      <trkpt lon="-82.145982" lat="33.556733"><ele>83.816274</ele><time>2025-08-12T14:32:09Z</time><extensions><speed>1.155188</speed><course>92.798525</course><hAcc>1.632635</hAcc><vAcc>1.115189</vAcc></extensions></trkpt>
      <trkpt lon="-82.145969" lat="33.556733"><ele>83.872347</ele><time>2025-08-12T14:32:10Z</time><extensions><speed>1.156148</speed><course>95.725821</course><hAcc>1.671125</hAcc><vAcc>1.186306</vAcc></extensions></trkpt>
      <trkpt lon="-82.145957" lat="33.556731"><ele>83.929553</ele><time>2025-08-12T14:32:11Z</time><extensions><speed>1.141821</speed><course>98.087583</course><hAcc>1.748061</hAcc><vAcc>1.275722</vAcc></extensions></trkpt>
      <trkpt lon="-82.145945" lat="33.556730"><ele>83.987276</ele><time>2025-08-12T14:32:12Z</time><extensions><speed>1.168299</speed><course>99.758977</course><hAcc>1.848460</hAcc><vAcc>1.385578</vAcc></extensions></trkpt>
      <trkpt lon="-82.145932" lat="33.556728"><ele>84.045054</ele><time>2025-08-12T14:32:13Z</time><extensions><speed>1.150350</speed><course>99.862856</course><hAcc>2.006087</hAcc><vAcc>1.517532</vAcc></extensions></trkpt>
      <trkpt lon="-82.145920" lat="33.556726"><ele>84.102641</ele><time>2025-08-12T14:32:14Z</time><extensions><speed>1.125832</speed><course>97.985764</course><hAcc>2.290675</hAcc><vAcc>1.672669</vAcc></extensions></trkpt>
    </trkseg>
  </trk>
</gpx>