<?xml version="1.0" encoding="UTF-8"?>
<gpx version="1.1" creator="Apple Health Export" xmlns="http://www.topografix.com/GPX/1/1" xmlns:xsi="http://www.w3.org/2001/XMLSchema-instance" xsi:schemaLocation="http://www.topografix.com/GPX/1/1 http://www.topografix.com/GPX/1/1/gpx.xsd">
  <metadata>
    <time>2026-03-14T12:15:33Z</time>
  </metadata>
  <trk>
    <name>Route 2021-02-13 10:16am</name>
    <trkseg>
      <trkpt lon="-82.147797" lat="33.554456"><ele>100.712265</ele><time>2021-02-13T14:29:52Z</time><extensions><speed>1.411968</speed><course>255.234375</course><hAcc>2.341982</hAcc><vAcc>2.168632</vAcc></extensions></trkpt>
      <trkpt lon="-82.147811" lat="33.554451"><ele>100.813446</ele><time>2021-02-13T14:29:53Z</time><extensions><speed>1.412324</speed><course>247.148438</course><hAcc>2.085216</hAcc><vAcc>1.961741</vAcc></extensions></trkpt>
      <trkpt lon="-82.147826" lat="33.554447"><ele>100.913727</ele><time>2021-02-13T14:29:54Z</time><extensions><speed>1.413351</speed><course>249.609375</course><hAcc>1.863541</hAcc><vAcc>1.776672</vAcc></extensions></trkpt>
      <trkpt lon="-82.147840" lat="33.554443"><ele>101.012222</ele><time>2021-02-13T14:29:55Z</time><extensions><speed>1.414606</speed><course>227.109375</course><hAcc>1.677099</hAcc><vAcc>1.613728</vAcc></extensions></trkpt>
      <trkpt lon="-82.147854" lat="33.554438"><ele>101.108253</ele><time>2021-02-13T14:29:56Z</time><extensions><speed>1.415208</speed><course>253.476562</course><hAcc>1.524537</hAcc><vAcc>1.472715</vAcc></extensions></trkpt>
      <trkpt lon="-82.147869" lat="33.554434"><ele>101.201408</ele><time>2021-02-13T14:29:57Z</time><extensions><speed>1.414154</speed><course>261.914062</course><hAcc>1.403100</hAcc><vAcc>1.352877</vAcc></extensions></trkpt>
      <trkpt lon="-82.147883" lat="33.554430"><ele>101.291389</ele><time>2021-02-13T14:29:58Z</time><extensions><speed>1.410697</speed><course>256.640625</course><hAcc>1.308795</hAcc><vAcc>1.252788</vAcc></extensions></trkpt>
      <trkpt lon="-82.147897" lat="33.554426"><ele>101.378082</ele><time>2021-02-13T14:29:59Z</time><extensions><speed>1.404781</speed><course>254.882812</course><hAcc>1.236815</hAcc><vAcc>1.170399</vAcc></extensions></trkpt>
      <trkpt lon="-82.147912" lat="33.554422"><ele>101.461464</ele><time>2021-02-13T14:30:00Z</time><extensions><speed>1.397066</speed><course>242.929688</course><hAcc>1.182178</hAcc><vAcc>1.103235</vAcc></extensions></trkpt>
      <trkpt lon="-82.147926" lat="33.554417"><ele>101.541679</ele><time>2021-02-13T14:30:01Z</time><extensions><speed>1.388549</speed><course>246.796875</course><hAcc>1.140302</hAcc><vAcc>1.048665</vAcc></extensions></trkpt>
      <trkpt lon="-82.147940" lat="33.554413"><ele>101.619057</ele><time>2021-02-13T14:30:02Z</time><extensions><speed>1.380239</speed><course>249.609375</course><hAcc>1.107422</hAcc><vAcc>1.004191</vAcc></extensions></trkpt>
      <trkpt lon="-82.147954" lat="33.554409"><ele>101.694046</ele><time>2021-02-13T14:30:03Z</time><extensions><speed>1.373030</speed><course>259.453125</course><hAcc>1.080774</hAcc><vAcc>0.967692</vAcc></extensions></trkpt>
      <trkpt lon="-82.147968" lat="33.554405"><ele>101.766991</ele><time>2021-02-13T14:30:04Z</time><extensions><speed>1.367446</speed><course>262.617188</course><hAcc>1.058606</hAcc><vAcc>0.937583</vAcc></extensions></trkpt>
      <trkpt lon="-82.147981" lat="33.554401"><ele>101.838348</ele><time>2021-02-13T14:30:05Z</time><extensions><speed>1.363846</speed><course>245.742188</course><hAcc>1.039950</hAcc><vAcc>0.912771</vAcc></extensions></trkpt>
      <trkpt lon="-82.147995" lat="33.554397"><ele>101.908859</ele><time>2021-02-13T14:30:06Z</time><extensions><speed>1.362731</speed><course>249.609375</course><hAcc>1.024245</hAcc><vAcc>0.892416</vAcc></extensions></trkpt>
      <trkpt lon="-82.148009" lat="33.554392"><ele>101.979614</ele><time>2021-02-13T14:30:07Z</time><extensions><speed>1.364455</speed><course>242.578125</course><hAcc>1.011090</hAcc><vAcc>0.875787</vAcc></extensions></trkpt>
      <trkpt lon="-82.148023" lat="33.554388"><ele>102.051941</ele><time>2021-02-13T14:30:08Z</time><extensions><speed>1.369023</speed><course>242.929688</course><hAcc>1.000160</hAcc><vAcc>0.862237</vAcc></extensions></trkpt>
      <trkpt lon="-82.148037" lat="33.554384"><ele>102.127266</ele><time>2021-02-13T14:30:09Z</time><extensions><speed>1.376370</speed><course>248.554688</course><hAcc>0.991152</hAcc><vAcc>0.851189</vAcc></extensions></trkpt>
      <trkpt lon="-82.148051" lat="33.554379"><ele>102.206787</ele><time>2021-02-13T14:30:10Z</time><extensions><speed>1.386578</speed><course>254.531250</course><hAcc>0.983765</hAcc><vAcc>0.842119</vAcc></extensions></trkpt>
      <trkpt lon="-82.148064" lat="33.554375"><ele>102.291321</ele><time>2021-02-13T14:30:11Z</time><extensions><speed>1.399719</speed><course>248.203125</course><hAcc>0.977692</hAcc><vAcc>0.834546</vAcc></extensions></trkpt>
      <trkpt lon="-82.148079" lat="33.554370"><ele>102.381432</ele><time>2021-02-13T14:30:12Z</time><extensions><speed>1.415797</speed><course>213.398438</course><hAcc>0.972618</hAcc><vAcc>0.828032</vAcc></extensions></trkpt>
      <trkpt lon="-82.148093" lat="33.554365"><ele>102.477478</ele><time>2021-02-13T14:30:13Z</time><extensions><speed>1.434513</speed><course>236.953125</course><hAcc>0.968233</hAcc><vAcc>0.822167</vAcc></extensions></trkpt>
      <trkpt lon="-82.148107" lat="33.554361"><ele>102.579620</ele><time>2021-02-13T14:30:14Z</time><extensions><speed>1.454842</speed><course>243.632812</course><hAcc>0.964231</hAcc><vAcc>0.816575</vAcc></extensions></trkpt>
      <trkpt lon="-82.148122" lat="33.554356"><ele>102.687721</ele><time>2021-02-13T14:30:15Z</time><extensions><speed>1.475511</speed><course>250.664062</course><hAcc>0.960325</hAcc><vAcc>0.810908</vAcc></extensions></trkpt>
      <trkpt lon="-82.148137" lat="33.554351"><ele>102.801147</ele><time>2021-02-13T14:30:16Z</time><extensions><speed>1.495611</speed><course>250.664062</course><hAcc>0.956248</hAcc><vAcc>0.804854</vAcc></extensions></trkpt>
      <trkpt lon="-82.148152" lat="33.554346"><ele>102.918777</ele><time>2021-02-13T14:30:17Z</time><extensions><speed>1.514459</speed><course>238.007812</course><hAcc>0.951769</hAcc><vAcc>0.798145</vAcc></extensions></trkpt>
      <trkpt lon="-82.148168" lat="33.554341"><ele>103.039284</ele><time>2021-02-13T14:30:18Z</time><extensions><speed>1.531525</speed><course>231.679688</course><hAcc>0.946701</hAcc><vAcc>0.790572</vAcc></extensions></trkpt>
      <trkpt lon="-82.148183" lat="33.554337"><ele>103.161461</ele><time>2021-02-13T14:30:19Z</time><extensions><speed>1.546415</speed><course>236.250000</course><hAcc>0.940927</hAcc><vAcc>0.782008</vAcc></extensions></trkpt>
      <trkpt lon="-82.148199" lat="33.554332"><ele>103.284401</ele><time>2021-02-13T14:30:20Z</time><extensions><speed>1.558831</speed><course>247.500000</course><hAcc>0.934415</hAcc><vAcc>0.772440</vAcc></extensions></trkpt>
      <trkpt lon="-82.148215" lat="33.554328"><ele>103.407333</ele><time>2021-02-13T14:30:21Z</time><extensions><speed>1.568715</speed><course>250.664062</course><hAcc>0.927248</hAcc><vAcc>0.761997</vAcc></extensions></trkpt>
      <trkpt lon="-82.148231" lat="33.554324"><ele>103.529427</ele><time>2021-02-13T14:30:22Z</time><extensions><speed>1.576327</speed><course>246.093750</course><hAcc>0.919652</hAcc><vAcc>0.750986</vAcc></extensions></trkpt>
      <trkpt lon="-82.148248" lat="33.554320"><ele>103.649818</ele><time>2021-02-13T14:30:23Z</time><extensions><speed>1.582078</speed><course>241.171875</course><hAcc>0.912006</hAcc><vAcc>0.739916</vAcc></extensions></trkpt>
      <trkpt lon="-82.148264" lat="33.554317"><ele>103.767639</ele><time>2021-02-13T14:30:24Z</time><extensions><speed>1.586382</speed><course>247.500000</course><hAcc>0.904765</hAcc><vAcc>0.729398</vAcc></extensions></trkpt>
      <trkpt lon="-82.148281" lat="33.554314"><ele>103.882133</ele><time>2021-02-13T14:30:25Z</time><extensions><speed>1.589613</speed><course>258.750000</course><hAcc>0.898293</hAcc><vAcc>0.719932</vAcc></extensions></trkpt>
      <trkpt lon="-82.148298" lat="33.554311"><ele>103.992630</ele><time>2021-02-13T14:30:26Z</time><extensions><speed>1.591961</speed><course>255.234375</course><hAcc>0.892789</hAcc><vAcc>0.711803</vAcc></extensions></trkpt>
      <trkpt lon="-82.148315" lat="33.554308"><ele>104.098480</ele><time>2021-02-13T14:30:27Z</time><extensions><speed>1.593440</speed><course>254.882812</course><hAcc>0.888312</hAcc><vAcc>0.705117</vAcc></extensions></trkpt>
      <trkpt lon="-82.148331" lat="33.554305"><ele>104.199318</ele><time>2021-02-13T14:30:28Z</time><extensions><speed>1.594210</speed><course>247.851562</course><hAcc>0.884820</hAcc><vAcc>0.699835</vAcc></extensions></trkpt>
      <trkpt lon="-82.148348" lat="33.554303"><ele>104.295151</ele><time>2021-02-13T14:30:29Z</time><extensions><speed>1.594401</speed><course>252.421875</course><hAcc>0.882203</hAcc><vAcc>0.695821</vAcc></extensions></trkpt>
      <trkpt lon="-82.148365" lat="33.554301"><ele>104.386383</ele><time>2021-02-13T14:30:30Z</time><extensions><speed>1.593715</speed><course>252.070312</course><hAcc>0.880320</hAcc><vAcc>0.692888</vAcc></extensions></trkpt>
      <trkpt lon="-82.148382" lat="33.554299"><ele>104.473625</ele><time>2021-02-13T14:30:31Z</time><extensions><speed>1.591739</speed><course>258.046875</course><hAcc>0.879022</hAcc><vAcc>0.690830</vAcc></extensions></trkpt>
      <trkpt lon="-82.148399" lat="33.554297"><ele>104.557426</ele><time>2021-02-13T14:30:32Z</time><extensions><speed>1.588243</speed><course>260.156250</course><hAcc>0.878166</hAcc><vAcc>0.689446</vAcc></extensions></trkpt>
      <trkpt lon="-82.148416" lat="33.554295"><ele>104.638176</ele><time>2021-02-13T14:30:33Z</time><extensions><speed>1.583300</speed><course>260.859375</course><hAcc>0.877630</hAcc><vAcc>0.688561</vAcc></extensions></trkpt>
      <trkpt lon="-82.148433" lat="33.554293"><ele>104.716057</ele><time>2021-02-13T14:30:34Z</time><extensions><speed>1.577227</speed><course>247.148438</course><hAcc>0.877315</hAcc><vAcc>0.688025</vAcc></extensions></trkpt>
      <trkpt lon="-82.148450" lat="33.554291"><ele>104.791077</ele><time>2021-02-13T14:30:35Z</time><extensions><speed>1.570349</speed><course>238.710938</course><hAcc>0.877144</hAcc><vAcc>0.687723</vAcc></extensions></trkpt>
      <trkpt lon="-82.148467" lat="33.554289"><ele>104.862961</ele><time>2021-02-13T14:30:36Z</time><extensions><speed>1.562773</speed><course>243.281250</course><hAcc>0.877060</hAcc><vAcc>0.687568</vAcc></extensions></trkpt>
      <trkpt lon="-82.148483" lat="33.554287"><ele>104.931236</ele><time>2021-02-13T14:30:37Z</time><extensions><speed>1.554142</speed><course>255.585938</course><hAcc>0.877024</hAcc><vAcc>0.687498</vAcc></extensions></trkpt>
      <trkpt lon="-82.148500" lat="33.554285"><ele>104.995392</ele><time>2021-02-13T14:30:38Z</time><extensions><speed>1.543960</speed><course>258.398438</course><hAcc>0.877012</hAcc><vAcc>0.687472</vAcc></extensions></trkpt>
      <trkpt lon="-82.148516" lat="33.554282"><ele>105.055008</ele><time>2021-02-13T14:30:39Z</time><extensions><speed>1.532206</speed><course>253.125000</course><hAcc>0.877008</hAcc><vAcc>0.687464</vAcc></extensions></trkpt>
      <trkpt lon="-82.148532" lat="33.554280"><ele>105.109726</ele><time>2021-02-13T14:30:40Z</time><extensions><speed>1.519441</speed><course>246.445312</course><hAcc>0.877005</hAcc><vAcc>0.687460</vAcc></extensions></trkpt>
      <trkpt lon="-82.148548" lat="33.554278"><ele>105.159172</ele><time>2021-02-13T14:30:41Z</time><extensions><speed>1.506500</speed><course>256.992188</course><hAcc>0.876999</hAcc><vAcc>0.687453</vAcc></extensions></trkpt>
      <trkpt lon="-82.148564" lat="33.554276"><ele>105.203026</ele><time>2021-02-13T14:30:42Z</time><extensions><speed>1.494049</speed><course>259.804688</course><hAcc>0.876989</hAcc><vAcc>0.687441</vAcc></extensions></trkpt>
      <trkpt lon="-82.148580" lat="33.554274"><ele>105.241020</ele><time>2021-02-13T14:30:43Z</time><extensions><speed>1.482561</speed><course>258.046875</course><hAcc>0.876977</hAcc><vAcc>0.687424</vAcc></extensions></trkpt>
      <trkpt lon="-82.148596" lat="33.554271"><ele>105.272980</ele><time>2021-02-13T14:30:44Z</time><extensions><speed>1.472489</speed><course>246.796875</course><hAcc>0.876962</hAcc><vAcc>0.687403</vAcc></extensions></trkpt>
      <trkpt lon="-82.148611" lat="33.554269"><ele>105.298843</ele><time>2021-02-13T14:30:45Z</time><extensions><speed>1.464005</speed><course>252.421875</course><hAcc>0.876947</hAcc><vAcc>0.687380</vAcc></extensions></trkpt>
      <trkpt lon="-82.148627" lat="33.554267"><ele>105.318726</ele><time>2021-02-13T14:30:46Z</time><extensions><speed>1.456919</speed><course>261.562500</course><hAcc>0.876933</hAcc><vAcc>0.687358</vAcc></extensions></trkpt>
      <trkpt lon="-82.148642" lat="33.554264"><ele>105.332886</ele><time>2021-02-13T14:30:47Z</time><extensions><speed>1.450755</speed><course>244.687500</course><hAcc>0.876920</hAcc><vAcc>0.687337</vAcc></extensions></trkpt>
      <trkpt lon="-82.148658" lat="33.554262"><ele>105.341797</ele><time>2021-02-13T14:30:48Z</time><extensions><speed>1.444859</speed><course>253.476562</course><hAcc>0.876909</hAcc><vAcc>0.687319</vAcc></extensions></trkpt>
      <trkpt lon="-82.148673" lat="33.554260"><ele>105.345993</ele><time>2021-02-13T14:30:49Z</time><extensions><speed>1.438638</speed><course>262.265625</course><hAcc>0.876900</hAcc><vAcc>0.687303</vAcc></extensions></trkpt>
      <trkpt lon="-82.148688" lat="33.554258"><ele>105.345993</ele><time>2021-02-13T14:30:50Z</time><extensions><speed>1.431713</speed><course>256.289062</course><hAcc>0.876893</hAcc><vAcc>0.687290</vAcc></extensions></trkpt>
      <trkpt lon="-82.148703" lat="33.554256"><ele>105.342293</ele><time>2021-02-13T14:30:51Z</time><extensions><speed>1.423900</speed><course>255.234375</course><hAcc>0.876887</hAcc><vAcc>0.687280</vAcc></extensions></trkpt>
      <trkpt lon="-82.148718" lat="33.554253"><ele>105.335381</ele><time>2021-02-13T14:30:52Z</time><extensions><speed>1.415093</speed><course>253.476562</course><hAcc>0.876883</hAcc><vAcc>0.687273</vAcc></extensions></trkpt>
      <trkpt lon="-82.148733" lat="33.554251"><ele>105.325699</ele><time>2021-02-13T14:30:53Z</time><extensions><speed>1.405399</speed><course>247.148438</course><hAcc>0.876880</hAcc><vAcc>0.687267</vAcc></extensions></trkpt>
      <trkpt lon="-82.148748" lat="33.554249"><ele>105.313721</ele><time>2021-02-13T14:30:54Z</time><extensions><speed>1.395173</speed><course>258.398438</course><hAcc>0.876878</hAcc><vAcc>0.687264</vAcc></extensions></trkpt>
      <trkpt lon="-82.148763" lat="33.554246"><ele>105.299911</ele><time>2021-02-13T14:30:55Z</time><extensions><speed>1.384703</speed><course>259.804688</course><hAcc>0.876877</hAcc><vAcc>0.687261</vAcc></extensions></trkpt>
      <trkpt lon="-82.148777" lat="33.554244"><ele>105.284698</ele><time>2021-02-13T14:30:56Z</time><extensions><speed>1.374180</speed><course>241.523438</course><hAcc>0.876876</hAcc><vAcc>0.687259</vAcc></extensions></trkpt>
      <trkpt lon="-82.148792" lat="33.554241"><ele>105.268417</ele><time>2021-02-13T14:30:57Z</time><extensions><speed>1.363836</speed><course>254.882812</course><hAcc>0.876876</hAcc><vAcc>0.687258</vAcc></extensions></trkpt>
      <trkpt lon="-82.148806" lat="33.554238"><ele>105.251152</ele><time>2021-02-13T14:30:58Z</time><extensions><speed>1.353906</speed><course>246.796875</course><hAcc>0.876876</hAcc><vAcc>0.687258</vAcc></extensions></trkpt>
      <trkpt lon="-82.148820" lat="33.554235"><ele>105.232758</ele><time>2021-02-13T14:30:59Z</time><extensions><speed>1.344542</speed><course>256.992188</course><hAcc>0.876876</hAcc><vAcc>0.687258</vAcc></extensions></trkpt>
      <trkpt lon="-82.148834" lat="33.554233"><ele>105.213020</ele><time>2021-02-13T14:31:00Z</time><extensions><speed>1.335808</speed><course>254.179688</course><hAcc>0.876875</hAcc><vAcc>0.687257</vAcc></extensions></trkpt>
      <trkpt lon="-82.148848" lat="33.554230"><ele>105.191788</ele><time>2021-02-13T14:31:01Z</time><extensions><speed>1.327811</speed><course>253.828125</course><hAcc>0.876875</hAcc><vAcc>0.687257</vAcc></extensions></trkpt>
      <trkpt lon="-82.148862" lat="33.554226"><ele>105.168869</ele><time>2021-02-13T14:31:02Z</time><extensions><speed>1.320799</speed><course>252.070312</course><hAcc>0.876875</hAcc><vAcc>0.687257</vAcc></extensions></trkpt>
      <trkpt lon="-82.148875" lat="33.554223"><ele>105.144051</ele><time>2021-02-13T14:31:03Z</time><extensions><speed>1.315021</speed><course>246.445312</course><hAcc>0.876875</hAcc><vAcc>0.687257</vAcc></extensions></trkpt>
      <trkpt lon="-82.148889" lat="33.554220"><ele>105.117058</ele><time>2021-02-13T14:31:04Z</time><extensions><speed>1.310717</speed><course>247.851562</course><hAcc>0.876875</hAcc><vAcc>0.687257</vAcc></extensions></trkpt>
      <trkpt lon="-82.148902" lat="33.554217"><ele>105.087608</ele><time>2021-02-13T14:31:05Z</time><extensions><speed>1.308073</speed><course>243.984375</course><hAcc>0.876875</hAcc><vAcc>0.687257</vAcc></extensions></trkpt>
      <trkpt lon="-82.148916" lat="33.554213"><ele>105.055511</ele><time>2021-02-13T14:31:06Z</time><extensions><speed>1.307033</speed><course>249.609375</course><hAcc>0.876875</hAcc><vAcc>0.687257</vAcc></extensions></trkpt>
      <trkpt lon="-82.148929" lat="33.554210"><ele>105.020676</ele><time>2021-02-13T14:31:07Z</time><extensions><speed>1.307211</speed><course>251.718750</course><hAcc>0.876875</hAcc><vAcc>0.687257</vAcc></extensions></trkpt>
      <trkpt lon="-82.148943" lat="33.554206"><ele>104.983131</ele><time>2021-02-13T14:31:08Z</time><extensions><speed>1.307837</speed><course>247.148438</course><hAcc>0.876875</hAcc><vAcc>0.687257</vAcc></extensions></trkpt>
      <trkpt lon="-82.148956" lat="33.554203"><ele>104.942947</ele><time>2021-02-13T14:31:09Z</time><extensions><speed>1.308121</speed><course>251.367188</course><hAcc>0.876875</hAcc><vAcc>0.687257</vAcc></extensions></trkpt>
      <trkpt lon="-82.148970" lat="33.554200"><ele>104.900322</ele><time>2021-02-13T14:31:10Z</time><extensions><speed>1.307615</speed><course>249.609375</course><hAcc>0.876875</hAcc><vAcc>0.687257</vAcc></extensions></trkpt>
      <trkpt lon="-82.148983" lat="33.554196"><ele>104.855667</ele><time>2021-02-13T14:31:11Z</time><extensions><speed>1.306169</speed><course>249.960938</course><hAcc>0.876875</hAcc><vAcc>0.687257</vAcc></extensions></trkpt>
      <trkpt lon="-82.148997" lat="33.554193"><ele>104.809555</ele><time>2021-02-13T14:31:12Z</time><extensions><speed>1.303850</speed><course>246.093750</course><hAcc>0.876875</hAcc><vAcc>0.687257</vAcc></extensions></trkpt>
      <trkpt lon="-82.149010" lat="33.554190"><ele>104.762650</ele><time>2021-02-13T14:31:13Z</time><extensions><speed>1.300963</speed><course>250.312500</course><hAcc>0.876875</hAcc><vAcc>0.687257</vAcc></extensions></trkpt>
      <trkpt lon="-82.149024" lat="33.554188"><ele>104.715599</ele><time>2021-02-13T14:31:14Z</time><extensions><speed>1.298071</speed><course>243.632812</course><hAcc>0.876875</hAcc><vAcc>0.687257</vAcc></extensions></trkpt>
      <trkpt lon="-82.149038" lat="33.554186"><ele>104.668999</ele><time>2021-02-13T14:31:15Z</time><extensions><speed>1.295763</speed><course>285.117188</course><hAcc>0.876875</hAcc><vAcc>0.687257</vAcc></extensions></trkpt>
      <trkpt lon="-82.149052" lat="33.554184"><ele>104.623352</ele><time>2021-02-13T14:31:16Z</time><extensions><speed>1.293904</speed><course>265.781250</course><hAcc>0.876875</hAcc><vAcc>0.687257</vAcc></extensions></trkpt>
      <trkpt lon="-82.149065" lat="33.554182"><ele>104.579140</ele><time>2021-02-13T14:31:17Z</time><extensions><speed>1.291402</speed><course>265.078125</course><hAcc>0.876875</hAcc><vAcc>0.687257</vAcc></extensions></trkpt>
      <trkpt lon="-82.149079" lat="33.554181"><ele>104.536819</ele><time>2021-02-13T14:31:18Z</time><extensions><speed>1.286988</speed><course>248.906250</course><hAcc>0.876875</hAcc><vAcc>0.687257</vAcc></extensions></trkpt>
      <trkpt lon="-82.149093" lat="33.554181"><ele>104.496956</ele><time>2021-02-13T14:31:19Z</time><extensions><speed>1.279871</speed><course>232.382812</course><hAcc>0.876875</hAcc><vAcc>0.687257</vAcc></extensions></trkpt>
      <trkpt lon="-82.149107" lat="33.554181"><ele>104.460228</ele><time>2021-02-13T14:31:20Z</time><extensions><speed>1.269459</speed><course>249.257812</course><hAcc>0.876875</hAcc><vAcc>0.687257</vAcc></extensions></trkpt>
      <trkpt lon="-82.149120" lat="33.554181"><ele>104.427490</ele><time>2021-02-13T14:31:21Z</time><extensions><speed>1.255010</speed><course>283.710938</course><hAcc>0.876875</hAcc><vAcc>0.687257</vAcc></extensions></trkpt>
      <trkpt lon="-82.149134" lat="33.554183"><ele>104.399742</ele><time>2021-02-13T14:31:22Z</time><extensions><speed>1.235946</speed><course>265.429688</course><hAcc>0.876875</hAcc><vAcc>0.687257</vAcc></extensions></trkpt>
      <trkpt lon="-82.149147" lat="33.554185"><ele>104.377968</ele><time>2021-02-13T14:31:23Z</time><extensions><speed>1.212279</speed><course>270.351562</course><hAcc>0.876875</hAcc><vAcc>0.687257</vAcc></extensions></trkpt>
      <trkpt lon="-82.149159" lat="33.554187"><ele>104.363083</ele><time>2021-02-13T14:31:24Z</time><extensions><speed>1.184877</speed><course>271.757812</course><hAcc>0.876875</hAcc><vAcc>0.687257</vAcc></extensions></trkpt>
      <trkpt lon="-82.149171" lat="33.554191"><ele>104.355743</ele><time>2021-02-13T14:31:25Z</time><extensions><speed>1.155612</speed><course>281.953125</course><hAcc>0.876875</hAcc><vAcc>0.687257</vAcc></extensions></trkpt>
      <trkpt lon="-82.149182" lat="33.554195"><ele>104.356308</ele><time>2021-02-13T14:31:26Z</time><extensions><speed>1.127500</speed><course>287.578125</course><hAcc>0.876875</hAcc><vAcc>0.687257</vAcc></extensions></trkpt>
      <trkpt lon="-82.149193" lat="33.554200"><ele>104.364777</ele><time>2021-02-13T14:31:27Z</time><extensions><speed>1.104231</speed><course>299.531250</course><hAcc>0.876875</hAcc><vAcc>0.687257</vAcc></extensions></trkpt>
      <trkpt lon="-82.149202" lat="33.554206"><ele>104.380791</ele><time>2021-02-13T14:31:28Z</time><extensions><speed>1.089196</speed><course>300.585938</course><hAcc>0.876875</hAcc><vAcc>0.687257</vAcc></extensions></trkpt>
      <trkpt lon="-82.149211" lat="33.554212"><ele>104.403610</ele><time>2021-02-13T14:31:29Z</time><extensions><speed>1.084905</speed><course>303.750000</course><hAcc>0.876875</hAcc><vAcc>0.687257</vAcc></extensions></trkpt>
      <trkpt lon="-82.149219" lat="33.554220"><ele>104.432365</ele><time>2021-02-13T14:31:30Z</time><extensions><speed>1.093268</speed><course>304.804688</course><hAcc>0.876875</hAcc><vAcc>0.687257</vAcc></extensions></trkpt>
      <trkpt lon="-82.149226" lat="33.554228"><ele>104.466194</ele><time>2021-02-13T14:31:31Z</time><extensions><speed>1.115130</speed><course>299.882812</course><hAcc>0.876875</hAcc><vAcc>0.687257</vAcc></extensions></trkpt>
      <trkpt lon="-82.149232" lat="33.554236"><ele>104.504379</ele><time>2021-02-13T14:31:32Z</time><extensions><speed>1.149984</speed><course>290.390625</course><hAcc>0.876875</hAcc><vAcc>0.687257</vAcc></extensions></trkpt>
      <trkpt lon="-82.149237" lat="33.554246"><ele>104.546410</ele><time>2021-02-13T14:31:33Z</time><extensions><speed>1.196741</speed><course>292.851562</course><hAcc>0.876875</hAcc><vAcc>0.687257</vAcc></extensions></trkpt>
      <trkpt lon="-82.149242" lat="33.554256"><ele>104.591698</ele><time>2021-02-13T14:31:34Z</time><extensions><speed>1.253470</speed><course>308.671875</course><hAcc>0.876875</hAcc><vAcc>0.687257</vAcc></extensions></trkpt>
      <trkpt lon="-82.149245" lat="33.554268"><ele>104.639465</ele><time>2021-02-13T14:31:35Z</time><extensions><speed>1.317270</speed><course>330.468750</course><hAcc>0.876875</hAcc><vAcc>0.687257</vAcc></extensions></trkpt>
      <trkpt lon="-82.149248" lat="33.554279"><ele>104.688774</ele><time>2021-02-13T14:31:36Z</time><extensions><speed>1.384892</speed><course>341.367188</course><hAcc>0.876875</hAcc><vAcc>0.687257</vAcc></extensions></trkpt>
      <trkpt lon="-82.149251" lat="33.554292"><ele>104.738693</ele><time>2021-02-13T14:31:37Z</time><extensions><speed>1.453337</speed><course>337.148438</course><hAcc>0.876875</hAcc><vAcc>0.687257</vAcc></extensions></trkpt>
      <trkpt lon="-82.149253" lat="33.554305"><ele>104.788528</ele><time>2021-02-13T14:31:38Z</time><extensions><speed>1.520174</speed><course>328.710938</course><hAcc>0.876875</hAcc><vAcc>0.687257</vAcc></extensions></trkpt>
      <trkpt lon="-82.149255" lat="33.554319"><ele>104.837891</ele><time>2021-02-13T14:31:39Z</time><extensions><speed>1.583349</speed><course>312.890625</course><hAcc>0.876875</hAcc><vAcc>0.687257</vAcc></extensions></trkpt>
      <trkpt lon="-82.149257" lat="33.554334"><ele>104.886604</ele><time>2021-02-13T14:31:40Z</time><extensions><speed>1.640560</speed><course>347.695312</course><hAcc>0.876875</hAcc><vAcc>0.687257</vAcc></extensions></trkpt>
      <trkpt lon="-82.149258" lat="33.554349"><ele>104.934456</ele><time>2021-02-13T14:31:41Z</time><extensions><speed>1.689443</speed><course>332.578125</course><hAcc>0.876875</hAcc><vAcc>0.687257</vAcc></extensions></trkpt>
      <trkpt lon="-82.149259" lat="33.554364"><ele>104.981041</ele><time>2021-02-13T14:31:42Z</time><extensions><speed>1.728320</speed><course>356.484375</course><hAcc>0.876875</hAcc><vAcc>0.687257</vAcc></extensions></trkpt>
      <trkpt lon="-82.149260" lat="33.554380"><ele>105.025757</ele><time>2021-02-13T14:31:43Z</time><extensions><speed>1.756402</speed><course>2.460938</course><hAcc>0.876875</hAcc><vAcc>0.687257</vAcc></extensions></trkpt>
      <trkpt lon="-82.149261" lat="33.554396"><ele>105.067787</ele><time>2021-02-13T14:31:44Z</time><extensions><speed>1.773816</speed><course>356.132812</course><hAcc>0.876875</hAcc><vAcc>0.687257</vAcc></extensions></trkpt>
      <trkpt lon="-82.149263" lat="33.554412"><ele>105.106361</ele><time>2021-02-13T14:31:45Z</time><extensions><speed>1.781370</speed><course>352.265625</course><hAcc>0.876875</hAcc><vAcc>0.687257</vAcc></extensions></trkpt>
      <trkpt lon="-82.149264" lat="33.554428"><ele>105.140831</ele><time>2021-02-13T14:31:46Z</time><extensions><speed>1.780055</speed><course>344.179688</course><hAcc>0.876875</hAcc><vAcc>0.687257</vAcc></extensions></trkpt>
      <trkpt lon="-82.149266" lat="33.554444"><ele>105.170738</ele><time>2021-02-13T14:31:47Z</time><extensions><speed>1.770922</speed><course>342.070312</course><hAcc>0.876875</hAcc><vAcc>0.687257</vAcc></extensions></trkpt>
      <trkpt lon="-82.149268" lat="33.554459"><ele>105.195717</ele><time>2021-02-13T14:31:48Z</time><extensions><speed>1.755087</speed><course>342.070312</course><hAcc>0.876875</hAcc><vAcc>0.687257</vAcc></extensions></trkpt>
      <trkpt lon="-82.149270" lat="33.554475"><ele>105.215446</ele><time>2021-02-13T14:31:49Z</time><extensions><speed>1.733583</speed><course>344.531250</course><hAcc>0.876875</hAcc><vAcc>0.687257</vAcc></extensions></trkpt>
      <trkpt lon="-82.149272" lat="33.554490"><ele>105.229492</ele><time>2021-02-13T14:31:50Z</time><extensions><speed>1.707327</speed><course>345.234375</course><hAcc>0.876875</hAcc><vAcc>0.687257</vAcc></extensions></trkpt>
      <trkpt lon="-82.149275" lat="33.554505"><ele>105.237419</ele><time>2021-02-13T14:31:51Z</time><extensions><speed>1.677330</speed><course>345.234375</course><hAcc>0.876875</hAcc><vAcc>0.687257</vAcc></extensions></trkpt>
      <trkpt lon="-82.149278" lat="33.554520"><ele>105.238914</ele><time>2021-02-13T14:31:52Z</time><extensions><speed>1.644805</speed><course>352.617188</course><hAcc>0.876875</hAcc><vAcc>0.687257</vAcc></extensions></trkpt>
      <trkpt lon="-82.149282" lat="33.554535"><ele>105.233879</ele><time>2021-02-13T14:31:53Z</time><extensions><speed>1.610867</speed><course>332.578125</course><hAcc>0.876875</hAcc><vAcc>0.687257</vAcc></extensions></trkpt>
      <trkpt lon="-82.149286" lat="33.554549"><ele>105.222427</ele><time>2021-02-13T14:31:54Z</time><extensions><speed>1.576343</speed><course>352.617188</course><hAcc>0.876875</hAcc><vAcc>0.687257</vAcc></extensions></trkpt>
      <trkpt lon="-82.149290" lat="33.554562"><ele>105.204742</ele><time>2021-02-13T14:31:55Z</time><extensions><speed>1.542139</speed><course>336.796875</course><hAcc>0.876875</hAcc><vAcc>0.687257</vAcc></extensions></trkpt>
      <trkpt lon="-82.149295" lat="33.554575"><ele>105.181030</ele><time>2021-02-13T14:31:56Z</time><extensions><speed>1.509403</speed><course>330.468750</course><hAcc>0.876875</hAcc><vAcc>0.687257</vAcc></extensions></trkpt>
      <trkpt lon="-82.149300" lat="33.554588"><ele>105.151627</ele><time>2021-02-13T14:31:57Z</time><extensions><speed>1.478828</speed><course>334.335938</course><hAcc>0.876875</hAcc><vAcc>0.687257</vAcc></extensions></trkpt>
      <trkpt lon="-82.149305" lat="33.554601"><ele>105.116951</ele><time>2021-02-13T14:31:58Z</time><extensions><speed>1.450436</speed><course>329.414062</course><hAcc>0.876876</hAcc><vAcc>0.687257</vAcc></extensions></trkpt>
      <trkpt lon="-82.149311" lat="33.554613"><ele>105.077461</ele><time>2021-02-13T14:31:59Z</time><extensions><speed>1.424363</speed><course>332.226562</course><hAcc>0.876876</hAcc><vAcc>0.687257</vAcc></extensions></trkpt>
      <trkpt lon="-82.149316" lat="33.554624"><ele>105.033699</ele><time>2021-02-13T14:32:00Z</time><extensions><speed>1.401464</speed><course>327.656250</course><hAcc>0.876876</hAcc><vAcc>0.687257</vAcc></extensions></trkpt>
      <trkpt lon="-82.149322" lat="33.554636"><ele>104.986214</ele><time>2021-02-13T14:32:01Z</time><extensions><speed>1.383019</speed><course>328.710938</course><hAcc>0.876876</hAcc><vAcc>0.687257</vAcc></extensions></trkpt>
      <trkpt lon="-82.149328" lat="33.554647"><ele>104.935562</ele><time>2021-02-13T14:32:02Z</time><extensions><speed>1.369934</speed><course>333.632812</course><hAcc>0.876876</hAcc><vAcc>0.687257</vAcc></extensions></trkpt>
      <trkpt lon="-82.149334" lat="33.554659"><ele>104.882263</ele><time>2021-02-13T14:32:03Z</time><extensions><speed>1.362295</speed><course>322.734375</course><hAcc>0.876876</hAcc><vAcc>0.687257</vAcc></extensions></trkpt>
      <trkpt lon="-82.149341" lat="33.554670"><ele>104.826752</ele><time>2021-02-13T14:32:04Z</time><extensions><speed>1.359422</speed><course>322.031250</course><hAcc>0.876876</hAcc><vAcc>0.687257</vAcc></extensions></trkpt>
      <trkpt lon="-82.149347" lat="33.554681"><ele>104.769409</ele><time>2021-02-13T14:32:05Z</time><extensions><speed>1.360100</speed><course>335.742188</course><hAcc>0.876876</hAcc><vAcc>0.687257</vAcc></extensions></trkpt>
      <trkpt lon="-82.149354" lat="33.554692"><ele>104.710503</ele><time>2021-02-13T14:32:06Z</time><extensions><speed>1.362963</speed><course>329.062500</course><hAcc>0.876876</hAcc><vAcc>0.687256</vAcc></extensions></trkpt>
      <trkpt lon="-82.149360" lat="33.554703"><ele>104.650093</ele><time>2021-02-13T14:32:07Z</time><extensions><speed>1.366820</speed><course>337.500000</course><hAcc>0.876876</hAcc><vAcc>0.687256</vAcc></extensions></trkpt>
      <trkpt lon="-82.149367" lat="33.554713"><ele>104.588058</ele><time>2021-02-13T14:32:08Z</time><extensions><speed>1.370738</speed><course>331.171875</course><hAcc>0.876876</hAcc><vAcc>0.687256</vAcc></extensions></trkpt>
      <trkpt lon="-82.149374" lat="33.554724"><ele>104.524002</ele><time>2021-02-13T14:32:09Z</time><extensions><speed>1.374216</speed><course>332.226562</course><hAcc>0.876876</hAcc><vAcc>0.687256</vAcc></extensions></trkpt>
      <trkpt lon="-82.149381" lat="33.554735"><ele>104.457260</ele><time>2021-02-13T14:32:10Z</time><extensions><speed>1.377039</speed><course>338.906250</course><hAcc>0.876876</hAcc><vAcc>0.687256</vAcc></extensions></trkpt>
      <trkpt lon="-82.149389" lat="33.554746"><ele>104.386986</ele><time>2021-02-13T14:32:11Z</time><extensions><speed>1.379104</speed><course>0.351562</course><hAcc>0.876876</hAcc><vAcc>0.687256</vAcc></extensions></trkpt>
      <trkpt lon="-82.149396" lat="33.554757"><ele>104.312347</ele><time>2021-02-13T14:32:12Z</time><extensions><speed>1.380703</speed><course>348.750000</course><hAcc>0.876876</hAcc><vAcc>0.687256</vAcc></extensions></trkpt>
      <trkpt lon="-82.149404" lat="33.554767"><ele>104.232658</ele><time>2021-02-13T14:32:13Z</time><extensions><speed>1.382392</speed><course>350.156250</course><hAcc>0.876876</hAcc><vAcc>0.687256</vAcc></extensions></trkpt>
      <trkpt lon="-82.149412" lat="33.554778"><ele>104.147461</ele><time>2021-02-13T14:32:14Z</time><extensions><speed>1.384602</speed><course>336.093750</course><hAcc>0.876876</hAcc><vAcc>0.687256</vAcc></extensions></trkpt>
      <trkpt lon="-82.149420" lat="33.554788"><ele>104.056442</ele><time>2021-02-13T14:32:15Z</time><extensions><speed>1.387498</speed><course>330.820312</course><hAcc>0.876876</hAcc><vAcc>0.687256</vAcc></extensions></trkpt>
      <trkpt lon="-82.149429" lat="33.554798"><ele>103.959274</ele><time>2021-02-13T14:32:16Z</time><extensions><speed>1.391080</speed><course>328.007812</course><hAcc>0.876876</hAcc><vAcc>0.687256</vAcc></extensions></trkpt>
      <trkpt lon="-82.149438" lat="33.554808"><ele>103.855629</ele><time>2021-02-13T14:32:17Z</time><extensions><speed>1.395501</speed><course>334.335938</course><hAcc>0.876876</hAcc><vAcc>0.687256</vAcc></extensions></trkpt>
      <trkpt lon="-82.149448" lat="33.554818"><ele>103.745293</ele><time>2021-02-13T14:32:18Z</time><extensions><speed>1.400905</speed><course>320.625000</course><hAcc>0.876876</hAcc><vAcc>0.687256</vAcc></extensions></trkpt>
      <trkpt lon="-82.149458" lat="33.554828"><ele>103.628204</ele><time>2021-02-13T14:32:19Z</time><extensions><speed>1.406973</speed><course>334.335938</course><hAcc>0.876876</hAcc><vAcc>0.687256</vAcc></extensions></trkpt>
      <trkpt lon="-82.149468" lat="33.554837"><ele>103.504517</ele><time>2021-02-13T14:32:20Z</time><extensions><speed>1.412941</speed><course>319.570312</course><hAcc>0.876876</hAcc><vAcc>0.687256</vAcc></extensions></trkpt>
      <trkpt lon="-82.149479" lat="33.554846"><ele>103.374580</ele><time>2021-02-13T14:32:21Z</time><extensions><speed>1.417682</speed><course>323.437500</course><hAcc>0.876876</hAcc><vAcc>0.687256</vAcc></extensions></trkpt>
      <trkpt lon="-82.149490" lat="33.554855"><ele>103.238998</ele><time>2021-02-13T14:32:22Z</time><extensions><speed>1.419756</speed><course>326.250000</course><hAcc>0.876876</hAcc><vAcc>0.687256</vAcc></extensions></trkpt>
      <trkpt lon="-82.149501" lat="33.554864"><ele>103.098648</ele><time>2021-02-13T14:32:23Z</time><extensions><speed>1.417638</speed><course>315.703125</course><hAcc>0.876876</hAcc><vAcc>0.687256</vAcc></extensions></trkpt>
      <trkpt lon="-82.149512" lat="33.554872"><ele>102.954559</ele><time>2021-02-13T14:32:24Z</time><extensions><speed>1.410387</speed><course>307.968750</course><hAcc>0.876876</hAcc><vAcc>0.687256</vAcc></extensions></trkpt>
      <trkpt lon="-82.149523" lat="33.554881"><ele>102.807777</ele><time>2021-02-13T14:32:25Z</time><extensions><speed>1.398407</speed><course>296.367188</course><hAcc>0.876876</hAcc><vAcc>0.687256</vAcc></extensions></trkpt>
      <trkpt lon="-82.149535" lat="33.554889"><ele>102.659309</ele><time>2021-02-13T14:32:26Z</time><extensions><speed>1.383482</speed><course>294.960938</course><hAcc>0.876876</hAcc><vAcc>0.687256</vAcc></extensions></trkpt>
      <trkpt lon="-82.149546" lat="33.554897"><ele>102.510117</ele><time>2021-02-13T14:32:27Z</time><extensions><speed>1.368182</speed><course>296.718750</course><hAcc>0.876876</hAcc><vAcc>0.687256</vAcc></extensions></trkpt>
      <trkpt lon="-82.149556" lat="33.554906"><ele>102.361176</ele><time>2021-02-13T14:32:28Z</time><extensions><speed>1.355346</speed><course>34.804688</course><hAcc>0.876876</hAcc><vAcc>0.687256</vAcc></extensions></trkpt>
      <trkpt lon="-82.149567" lat="33.554914"><ele>102.213432</ele><time>2021-02-13T14:32:29Z</time><extensions><speed>1.347019</speed><course>322.734375</course><hAcc>0.876876</hAcc><vAcc>0.687256</vAcc></extensions></trkpt>
      <trkpt lon="-82.149577" lat="33.554923"><ele>102.067764</ele><time>2021-02-13T14:32:30Z</time><extensions><speed>1.343672</speed><course>320.976562</course><hAcc>0.876876</hAcc><vAcc>0.687256</vAcc></extensions></trkpt>
      <trkpt lon="-82.149587" lat="33.554932"><ele>101.924858</ele><time>2021-02-13T14:32:31Z</time><extensions><speed>1.344824</speed><course>309.375000</course><hAcc>0.876876</hAcc><vAcc>0.687256</vAcc></extensions></trkpt>
      <trkpt lon="-82.149596" lat="33.554941"><ele>101.785095</ele><time>2021-02-13T14:32:32Z</time><extensions><speed>1.349671</speed><course>300.937500</course><hAcc>0.876876</hAcc><vAcc>0.687256</vAcc></extensions></trkpt>
      <trkpt lon="-82.149605" lat="33.554951"><ele>101.648537</ele><time>2021-02-13T14:32:33Z</time><extensions><speed>1.357626</speed><course>301.640625</course><hAcc>0.876876</hAcc><vAcc>0.687256</vAcc></extensions></trkpt>
      <trkpt lon="-82.149614" lat="33.554961"><ele>101.514969</ele><time>2021-02-13T14:32:34Z</time><extensions><speed>1.368441</speed><course>316.406250</course><hAcc>0.876876</hAcc><vAcc>0.687256</vAcc></extensions></trkpt>
      <trkpt lon="-82.149622" lat="33.554971"><ele>101.383934</ele><time>2021-02-13T14:32:35Z</time><extensions><speed>1.381766</speed><course>339.960938</course><hAcc>0.876876</hAcc><vAcc>0.687256</vAcc></extensions></trkpt>
      <trkpt lon="-82.149630" lat="33.554981"><ele>101.254898</ele><time>2021-02-13T14:32:36Z</time><extensions><speed>1.396996</speed><course>353.671875</course><hAcc>0.876876</hAcc><vAcc>0.687256</vAcc></extensions></trkpt>
      <trkpt lon="-82.149639" lat="33.554992"><ele>101.127487</ele><time>2021-02-13T14:32:37Z</time><extensions><speed>1.413305</speed><course>349.804688</course><hAcc>0.876876</hAcc><vAcc>0.687256</vAcc></extensions></trkpt>
      <trkpt lon="-82.149647" lat="33.555003"><ele>101.001572</ele><time>2021-02-13T14:32:38Z</time><extensions><speed>1.429646</speed><course>337.148438</course><hAcc>0.876876</hAcc><vAcc>0.687256</vAcc></extensions></trkpt>
      <trkpt lon="-82.149655" lat="33.555014"><ele>100.877220</ele><time>2021-02-13T14:32:39Z</time><extensions><speed>1.444837</speed><course>331.171875</course><hAcc>0.876876</hAcc><vAcc>0.687256</vAcc></extensions></trkpt>
      <trkpt lon="-82.149664" lat="33.555025"><ele>100.754616</ele><time>2021-02-13T14:32:40Z</time><extensions><speed>1.458035</speed><course>327.304688</course><hAcc>0.876876</hAcc><vAcc>0.687256</vAcc></extensions></trkpt>
      <trkpt lon="-82.149672" lat="33.555036"><ele>100.634087</ele><time>2021-02-13T14:32:41Z</time><extensions><speed>1.469025</speed><course>323.085938</course><hAcc>0.876876</hAcc><vAcc>0.687256</vAcc></extensions></trkpt>
      <trkpt lon="-82.149681" lat="33.555047"><ele>100.516182</ele><time>2021-02-13T14:32:42Z</time><extensions><speed>1.477943</speed><course>313.242188</course><hAcc>0.876876</hAcc><vAcc>0.687256</vAcc></extensions></trkpt>
      <trkpt lon="-82.149690" lat="33.555058"><ele>100.401588</ele><time>2021-02-13T14:32:43Z</time><extensions><speed>1.484892</speed><course>313.945312</course><hAcc>0.876876</hAcc><vAcc>0.687256</vAcc></extensions></trkpt>
      <trkpt lon="-82.149699" lat="33.555069"><ele>100.290970</ele><time>2021-02-13T14:32:44Z</time><extensions><speed>1.490009</speed><course>325.546875</course><hAcc>0.876876</hAcc><vAcc>0.687256</vAcc></extensions></trkpt>
      <trkpt lon="-82.149709" lat="33.555080"><ele>100.184723</ele><time>2021-02-13T14:32:45Z</time><extensions><speed>1.493661</speed><course>337.500000</course><hAcc>0.876876</hAcc><vAcc>0.687256</vAcc></extensions></trkpt>
      <trkpt lon="-82.149718" lat="33.555090"><ele>100.082870</ele><time>2021-02-13T14:32:46Z</time><extensions><speed>1.496404</speed><course>343.828125</course><hAcc>0.876876</hAcc><vAcc>0.687256</vAcc></extensions></trkpt>
      <trkpt lon="-82.149729" lat="33.555101"><ele>99.985039</ele><time>2021-02-13T14:32:47Z</time><extensions><speed>1.499064</speed><course>345.234375</course><hAcc>0.876876</hAcc><vAcc>0.687256</vAcc></extensions></trkpt>
      <trkpt lon="-82.149739" lat="33.555111"><ele>99.890572</ele><time>2021-02-13T14:32:48Z</time><extensions><speed>1.502793</speed><course>346.289062</course><hAcc>0.876876</hAcc><vAcc>0.687256</vAcc></extensions></trkpt>
      <trkpt lon="-82.149750" lat="33.555121"><ele>99.798706</ele><time>2021-02-13T14:32:49Z</time><extensions><speed>1.508929</speed><course>343.476562</course><hAcc>0.876876</hAcc><vAcc>0.687256</vAcc></extensions></trkpt>
      <trkpt lon="-82.149762" lat="33.555131"><ele>99.708557</ele><time>2021-02-13T14:32:50Z</time><extensions><speed>1.518701</speed><course>344.531250</course><hAcc>0.876876</hAcc><vAcc>0.687256</vAcc></extensions></trkpt>
      <trkpt lon="-82.149774" lat="33.555140"><ele>99.619209</ele><time>2021-02-13T14:32:51Z</time><extensions><speed>1.532504</speed><course>339.257812</course><hAcc>0.876876</hAcc><vAcc>0.687256</vAcc></extensions></trkpt>
      <trkpt lon="-82.149787" lat="33.555149"><ele>99.529800</ele><time>2021-02-13T14:32:52Z</time><extensions><speed>1.549842</speed><course>334.687500</course><hAcc>0.876876</hAcc><vAcc>0.687256</vAcc></extensions></trkpt>
      <trkpt lon="-82.149800" lat="33.555157"><ele>99.439529</ele><time>2021-02-13T14:32:53Z</time><extensions><speed>1.570162</speed><course>333.632812</course><hAcc>0.876876</hAcc><vAcc>0.687256</vAcc></extensions></trkpt>
      <trkpt lon="-82.149815" lat="33.555164"><ele>99.347565</ele><time>2021-02-13T14:32:54Z</time><extensions><speed>1.592840</speed><course>339.960938</course><hAcc>0.876876</hAcc><vAcc>0.687256</vAcc></extensions></trkpt>
      <trkpt lon="-82.149830" lat="33.555171"><ele>99.253067</ele><time>2021-02-13T14:32:55Z</time><extensions><speed>1.616684</speed><course>345.234375</course><hAcc>0.876876</hAcc><vAcc>0.687256</vAcc></extensions></trkpt>
      <trkpt lon="-82.149846" lat="33.555177"><ele>99.155312</ele><time>2021-02-13T14:32:56Z</time><extensions><speed>1.639746</speed><course>332.578125</course><hAcc>0.876876</hAcc><vAcc>0.687256</vAcc></extensions></trkpt>
      <trkpt lon="-82.149863" lat="33.555182"><ele>99.053963</ele><time>2021-02-13T14:32:57Z</time><extensions><speed>1.659383</speed><course>318.515625</course><hAcc>0.876876</hAcc><vAcc>0.687256</vAcc></extensions></trkpt>
      <trkpt lon="-82.149880" lat="33.555186"><ele>98.949287</ele><time>2021-02-13T14:32:58Z</time><extensions><speed>1.672706</speed><course>304.453125</course><hAcc>0.876876</hAcc><vAcc>0.687256</vAcc></extensions></trkpt>
      <trkpt lon="-82.149898" lat="33.555190"><ele>98.842194</ele><time>2021-02-13T14:32:59Z</time><extensions><speed>1.676934</speed><course>280.546875</course><hAcc>0.876876</hAcc><vAcc>0.687256</vAcc></extensions></trkpt>
      <trkpt lon="-82.149915" lat="33.555193"><ele>98.734329</ele><time>2021-02-13T14:33:00Z</time><extensions><speed>1.669997</speed><course>257.695312</course><hAcc>0.876876</hAcc><vAcc>0.687256</vAcc></extensions></trkpt>
      <trkpt lon="-82.149933" lat="33.555196"><ele>98.627914</ele><time>2021-02-13T14:33:01Z</time><extensions><speed>1.651701</speed><course>242.578125</course><hAcc>0.876876</hAcc><vAcc>0.687256</vAcc></extensions></trkpt>
      <trkpt lon="-82.149950" lat="33.555199"><ele>98.525467</ele><time>2021-02-13T14:33:02Z</time><extensions><speed>1.624142</speed><course>238.710938</course><hAcc>0.876876</hAcc><vAcc>0.687256</vAcc></extensions></trkpt>
      <trkpt lon="-82.149967" lat="33.555201"><ele>98.429207</ele><time>2021-02-13T14:33:03Z</time><extensions><speed>1.590504</speed><course>253.476562</course><hAcc>0.876876</hAcc><vAcc>0.687256</vAcc></extensions></trkpt>
      <trkpt lon="-82.149984" lat="33.555204"><ele>98.340691</ele><time>2021-02-13T14:33:04Z</time><extensions><speed>1.553614</speed><course>291.093750</course><hAcc>0.876876</hAcc><vAcc>0.687256</vAcc></extensions></trkpt>
      <trkpt lon="-82.150000" lat="33.555207"><ele>98.260536</ele><time>2021-02-13T14:33:05Z</time><extensions><speed>1.515827</speed><course>309.375000</course><hAcc>0.876876</hAcc><vAcc>0.687256</vAcc></extensions></trkpt>
      <trkpt lon="-82.150016" lat="33.555210"><ele>98.188515</ele><time>2021-02-13T14:33:06Z</time><extensions><speed>1.479330</speed><course>307.617188</course><hAcc>0.876876</hAcc><vAcc>0.687256</vAcc></extensions></trkpt>
      <trkpt lon="-82.150031" lat="33.555213"><ele>98.123825</ele><time>2021-02-13T14:33:07Z</time><extensions><speed>1.445974</speed><course>304.453125</course><hAcc>0.876876</hAcc><vAcc>0.687256</vAcc></extensions></trkpt>
      <trkpt lon="-82.150046" lat="33.555217"><ele>98.065254</ele><time>2021-02-13T14:33:08Z</time><extensions><speed>1.417056</speed><course>317.109375</course><hAcc>0.876876</hAcc><vAcc>0.687256</vAcc></extensions></trkpt>
      <trkpt lon="-82.150060" lat="33.555220"><ele>98.011292</ele><time>2021-02-13T14:33:09Z</time><extensions><speed>1.393232</speed><course>319.570312</course><hAcc>0.876876</hAcc><vAcc>0.687256</vAcc></extensions></trkpt>
      <trkpt lon="-82.150075" lat="33.555224"><ele>97.960388</ele><time>2021-02-13T14:33:10Z</time><extensions><speed>1.374786</speed><course>320.976562</course><hAcc>0.876876</hAcc><vAcc>0.687256</vAcc></extensions></trkpt>
      <trkpt lon="-82.150089" lat="33.555227"><ele>97.911224</ele><time>2021-02-13T14:33:11Z</time><extensions><speed>1.361848</speed><course>314.296875</course><hAcc>0.876876</hAcc><vAcc>0.687257</vAcc></extensions></trkpt>
      <trkpt lon="-82.150103" lat="33.555231"><ele>97.862694</ele><time>2021-02-13T14:33:12Z</time><extensions><speed>1.354097</speed><course>301.289062</course><hAcc>0.876877</hAcc><vAcc>0.687257</vAcc></extensions></trkpt>
      <trkpt lon="-82.150117" lat="33.555234"><ele>97.813957</ele><time>2021-02-13T14:33:13Z</time><extensions><speed>1.350892</speed><course>296.718750</course><hAcc>0.876877</hAcc><vAcc>0.687258</vAcc></extensions></trkpt>
      <trkpt lon="-82.150131" lat="33.555237"><ele>97.764442</ele><time>2021-02-13T14:33:14Z</time><extensions><speed>1.351791</speed><course>286.171875</course><hAcc>0.876878</hAcc><vAcc>0.687260</vAcc></extensions></trkpt>
      <trkpt lon="-82.150145" lat="33.555240"><ele>97.713936</ele><time>2021-02-13T14:33:15Z</time><extensions><speed>1.356691</speed><course>292.851562</course><hAcc>0.876879</hAcc><vAcc>0.687262</vAcc></extensions></trkpt>
      <trkpt lon="-82.150159" lat="33.555243"><ele>97.662598</ele><time>2021-02-13T14:33:16Z</time><extensions><speed>1.365108</speed><course>283.359375</course><hAcc>0.876881</hAcc><vAcc>0.687266</vAcc></extensions></trkpt>
      <trkpt lon="-82.150174" lat="33.555246"><ele>97.610840</ele><time>2021-02-13T14:33:17Z</time><extensions><speed>1.375803</speed><course>282.304688</course><hAcc>0.876884</hAcc><vAcc>0.687271</vAcc></extensions></trkpt>
      <trkpt lon="-82.150188" lat="33.555248"><ele>97.559311</ele><time>2021-02-13T14:33:18Z</time><extensions><speed>1.387599</speed><course>277.031250</course><hAcc>0.876888</hAcc><vAcc>0.687279</vAcc></extensions></trkpt>
      <trkpt lon="-82.150203" lat="33.555251"><ele>97.508858</ele><time>2021-02-13T14:33:19Z</time><extensions><speed>1.399707</speed><course>272.460938</course><hAcc>0.876893</hAcc><vAcc>0.687288</vAcc></extensions></trkpt>
      <trkpt lon="-82.150217" lat="33.555254"><ele>97.460350</ele><time>2021-02-13T14:33:20Z</time><extensions><speed>1.411367</speed><course>273.515625</course><hAcc>0.876899</hAcc><vAcc>0.687299</vAcc></extensions></trkpt>
      <trkpt lon="-82.150232" lat="33.555257"><ele>97.414505</ele><time>2021-02-13T14:33:21Z</time><extensions><speed>1.421893</speed><course>273.164062</course><hAcc>0.876908</hAcc><vAcc>0.687313</vAcc></extensions></trkpt>
      <trkpt lon="-82.150247" lat="33.555260"><ele>97.371666</ele><time>2021-02-13T14:33:22Z</time><extensions><speed>1.430743</speed><course>293.203125</course><hAcc>0.876918</hAcc><vAcc>0.687329</vAcc></extensions></trkpt>
      <trkpt lon="-82.150262" lat="33.555264"><ele>97.331779</ele><time>2021-02-13T14:33:23Z</time><extensions><speed>1.438085</speed><course>301.992188</course><hAcc>0.876929</hAcc><vAcc>0.687346</vAcc></extensions></trkpt>
      <trkpt lon="-82.150277" lat="33.555267"><ele>97.294464</ele><time>2021-02-13T14:33:24Z</time><extensions><speed>1.445359</speed><course>307.265625</course><hAcc>0.876940</hAcc><vAcc>0.687363</vAcc></extensions></trkpt>
      <trkpt lon="-82.150292" lat="33.555271"><ele>97.259262</ele><time>2021-02-13T14:33:25Z</time><extensions><speed>1.454324</speed><course>304.101562</course><hAcc>0.876951</hAcc><vAcc>0.687378</vAcc></extensions></trkpt>
      <trkpt lon="-82.150307" lat="33.555274"><ele>97.225777</ele><time>2021-02-13T14:33:26Z</time><extensions><speed>1.465642</speed><course>313.593750</course><hAcc>0.876961</hAcc><vAcc>0.687389</vAcc></extensions></trkpt>
      <trkpt lon="-82.150322" lat="33.555278"><ele>97.193657</ele><time>2021-02-13T14:33:27Z</time><extensions><speed>1.478289</speed><course>307.265625</course><hAcc>0.876967</hAcc><vAcc>0.687394</vAcc></extensions></trkpt>
      <trkpt lon="-82.150338" lat="33.555282"><ele>97.162537</ele><time>2021-02-13T14:33:28Z</time><extensions><speed>1.490127</speed><course>281.953125</course><hAcc>0.876968</hAcc><vAcc>0.687391</vAcc></extensions></trkpt>
      <trkpt lon="-82.150353" lat="33.555286"><ele>97.131989</ele><time>2021-02-13T14:33:29Z</time><extensions><speed>1.499247</speed><course>233.085938</course><hAcc>0.876964</hAcc><vAcc>0.687380</vAcc></extensions></trkpt>
      <trkpt lon="-82.150368" lat="33.555290"><ele>97.101692</ele><time>2021-02-13T14:33:30Z</time><extensions><speed>1.504619</speed><course>250.312500</course><hAcc>0.876956</hAcc><vAcc>0.687364</vAcc></extensions></trkpt>
      <trkpt lon="-82.150384" lat="33.555294"><ele>97.071487</ele><time>2021-02-13T14:33:31Z</time><extensions><speed>1.505910</speed><course>268.593750</course><hAcc>0.876946</hAcc><vAcc>0.687351</vAcc></extensions></trkpt>
      <trkpt lon="-82.150400" lat="33.555298"><ele>97.041252</ele><time>2021-02-13T14:33:32Z</time><extensions><speed>1.503027</speed><course>278.437500</course><hAcc>0.876944</hAcc><vAcc>0.687355</vAcc></extensions></trkpt>
      <trkpt lon="-82.150415" lat="33.555301"><ele>97.010834</ele><time>2021-02-13T14:33:33Z</time><extensions><speed>1.496140</speed><course>278.437500</course><hAcc>0.876965</hAcc><vAcc>0.687405</vAcc></extensions></trkpt>
      <trkpt lon="-82.150431" lat="33.555305"><ele>96.979996</ele><time>2021-02-13T14:33:34Z</time><extensions><speed>1.485850</speed><course>278.789062</course><hAcc>0.877036</hAcc><vAcc>0.687543</vAcc></extensions></trkpt>
      <trkpt lon="-82.150446" lat="33.555308"><ele>96.948418</ele><time>2021-02-13T14:33:35Z</time><extensions><speed>1.472897</speed><course>280.898438</course><hAcc>0.877195</hAcc><vAcc>0.687831</vAcc></extensions></trkpt>
      <trkpt lon="-82.150462" lat="33.555310"><ele>96.915642</ele><time>2021-02-13T14:33:36Z</time><extensions><speed>1.458366</speed><course>273.164062</course><hAcc>0.877500</hAcc><vAcc>0.688356</vAcc></extensions></trkpt>
      <trkpt lon="-82.150477" lat="33.555313"><ele>96.881081</ele><time>2021-02-13T14:33:37Z</time><extensions><speed>1.443570</speed><course>285.468750</course><hAcc>0.878026</hAcc><vAcc>0.689231</vAcc></extensions></trkpt>
      <trkpt lon="-82.150492" lat="33.555315"><ele>96.844101</ele><time>2021-02-13T14:33:38Z</time><extensions><speed>1.429750</speed><course>291.093750</course><hAcc>0.878869</hAcc><vAcc>0.690595</vAcc></extensions></trkpt>
      <trkpt lon="-82.150507" lat="33.555316"><ele>96.804100</ele><time>2021-02-13T14:33:39Z</time><extensions><speed>1.418206</speed><course>293.906250</course><hAcc>0.880144</hAcc><vAcc>0.692610</vAcc></extensions></trkpt>
      <trkpt lon="-82.150523" lat="33.555317"><ele>96.760651</ele><time>2021-02-13T14:33:40Z</time><extensions><speed>1.410395</speed><course>278.437500</course><hAcc>0.881981</hAcc><vAcc>0.695451</vAcc></extensions></trkpt>
      <trkpt lon="-82.150538" lat="33.555318"><ele>96.713661</ele><time>2021-02-13T14:33:41Z</time><extensions><speed>1.407438</speed><course>254.882812</course><hAcc>0.884506</hAcc><vAcc>0.699283</vAcc></extensions></trkpt>
      <trkpt lon="-82.150553" lat="33.555318"><ele>96.663437</ele><time>2021-02-13T14:33:42Z</time><extensions><speed>1.409799</speed><course>244.335938</course><hAcc>0.887829</hAcc><vAcc>0.704237</vAcc></extensions></trkpt>
      <trkpt lon="-82.150568" lat="33.555317"><ele>96.610519</ele><time>2021-02-13T14:33:43Z</time><extensions><speed>1.417579</speed><course>248.906250</course><hAcc>0.892012</hAcc><vAcc>0.710371</vAcc></extensions></trkpt>
      <trkpt lon="-82.150584" lat="33.555316"><ele>96.555618</ele><time>2021-02-13T14:33:44Z</time><extensions><speed>1.430537</speed><course>254.882812</course><hAcc>0.897035</hAcc><vAcc>0.717624</vAcc></extensions></trkpt>
      <trkpt lon="-82.150599" lat="33.555315"><ele>96.499435</ele><time>2021-02-13T14:33:45Z</time><extensions><speed>1.447931</speed><course>249.609375</course><hAcc>0.902758</hAcc><vAcc>0.725771</vAcc></extensions></trkpt>
      <trkpt lon="-82.150615" lat="33.555314"><ele>96.442596</ele><time>2021-02-13T14:33:46Z</time><extensions><speed>1.468207</speed><course>276.679688</course><hAcc>0.908884</hAcc><vAcc>0.734385</vAcc></extensions></trkpt>
      <trkpt lon="-82.150630" lat="33.555313"><ele>96.385612</ele><time>2021-02-13T14:33:47Z</time><extensions><speed>1.488693</speed><course>266.484375</course><hAcc>0.914934</hAcc><vAcc>0.742808</vAcc></extensions></trkpt>
      <trkpt lon="-82.150647" lat="33.555312"><ele>96.328972</ele><time>2021-02-13T14:33:48Z</time><extensions><speed>1.505889</speed><course>261.562500</course><hAcc>0.920324</hAcc><vAcc>0.750262</vAcc></extensions></trkpt>
      <trkpt lon="-82.150663" lat="33.555310"><ele>96.273285</ele><time>2021-02-13T14:33:49Z</time><extensions><speed>1.516442</speed><course>256.992188</course><hAcc>0.924535</hAcc><vAcc>0.756063</vAcc></extensions></trkpt>
      <trkpt lon="-82.150679" lat="33.555309"><ele>96.219299</ele><time>2021-02-13T14:33:50Z</time><extensions><speed>1.518307</speed><course>256.289062</course><hAcc>0.927204</hAcc><vAcc>0.759730</vAcc></extensions></trkpt>
      <trkpt lon="-82.150695" lat="33.555308"><ele>96.167755</ele><time>2021-02-13T14:33:51Z</time><extensions><speed>1.511156</speed><course>264.375000</course><hAcc>0.928117</hAcc><vAcc>0.760983</vAcc></extensions></trkpt>
      <trkpt lon="-82.150711" lat="33.555307"><ele>96.119255</ele><time>2021-02-13T14:33:52Z</time><extensions><speed>1.495669</speed><course>273.515625</course><hAcc>0.927204</hAcc><vAcc>0.759730</vAcc></extensions></trkpt>
      <trkpt lon="-82.150727" lat="33.555306"><ele>96.074211</ele><time>2021-02-13T14:33:53Z</time><extensions><speed>1.473263</speed><course>278.789062</course><hAcc>0.924535</hAcc><vAcc>0.756063</vAcc></extensions></trkpt>
      <trkpt lon="-82.150743" lat="33.555305"><ele>96.032761</ele><time>2021-02-13T14:33:54Z</time><extensions><speed>1.446515</speed><course>280.195312</course><hAcc>0.920323</hAcc><vAcc>0.750263</vAcc></extensions></trkpt>
      <trkpt lon="-82.150758" lat="33.555304"><ele>95.994797</ele><time>2021-02-13T14:33:55Z</time><extensions><speed>1.418780</speed><course>277.031250</course><hAcc>0.914934</hAcc><vAcc>0.742809</vAcc></extensions></trkpt>
      <trkpt lon="-82.150773" lat="33.555303"><ele>95.959991</ele><time>2021-02-13T14:33:56Z</time><extensions><speed>1.393845</speed><course>274.570312</course><hAcc>0.908884</hAcc><vAcc>0.734385</vAcc></extensions></trkpt>
      <trkpt lon="-82.150788" lat="33.555302"><ele>95.927849</ele><time>2021-02-13T14:33:57Z</time><extensions><speed>1.375548</speed><course>265.078125</course><hAcc>0.902758</hAcc><vAcc>0.725771</vAcc></extensions></trkpt>
      <trkpt lon="-82.150803" lat="33.555301"><ele>95.897881</ele><time>2021-02-13T14:33:58Z</time><extensions><speed>1.366265</speed><course>232.031250</course><hAcc>0.897035</hAcc><vAcc>0.717624</vAcc></extensions></trkpt>
      <trkpt lon="-82.150818" lat="33.555301"><ele>95.869797</ele><time>2021-02-13T14:33:59Z</time><extensions><speed>1.366225</speed><course>229.570312</course><hAcc>0.892011</hAcc><vAcc>0.710371</vAcc></extensions></trkpt>
      <trkpt lon="-82.150833" lat="33.555300"><ele>95.843536</ele><time>2021-02-13T14:34:00Z</time><extensions><speed>1.374282</speed><course>261.914062</course><hAcc>0.887828</hAcc><vAcc>0.704237</vAcc></extensions></trkpt>
      <trkpt lon="-82.150847" lat="33.555300"><ele>95.819199</ele><time>2021-02-13T14:34:01Z</time><extensions><speed>1.388796</speed><course>259.804688</course><hAcc>0.884505</hAcc><vAcc>0.699283</vAcc></extensions></trkpt>
      <trkpt lon="-82.150862" lat="33.555299"><ele>95.796906</ele><time>2021-02-13T14:34:02Z</time><extensions><speed>1.408401</speed><course>279.492188</course><hAcc>0.881980</hAcc><vAcc>0.695451</vAcc></extensions></trkpt>
      <trkpt lon="-82.150878" lat="33.555299"><ele>95.776672</ele><time>2021-02-13T14:34:03Z</time><extensions><speed>1.432216</speed><course>268.945312</course><hAcc>0.880144</hAcc><vAcc>0.692611</vAcc></extensions></trkpt>
      <trkpt lon="-82.150893" lat="33.555299"><ele>95.758308</ele><time>2021-02-13T14:34:04Z</time><extensions><speed>1.459532</speed><course>265.429688</course><hAcc>0.878868</hAcc><vAcc>0.690595</vAcc></extensions></trkpt>
      <trkpt lon="-82.150909" lat="33.555299"><ele>95.741318</ele><time>2021-02-13T14:34:05Z</time><extensions><speed>1.489674</speed><course>291.796875</course><hAcc>0.878025</hAcc><vAcc>0.689231</vAcc></extensions></trkpt>
      <trkpt lon="-82.150925" lat="33.555299"><ele>95.724907</ele><time>2021-02-13T14:34:06Z</time><extensions><speed>1.522008</speed><course>306.210938</course><hAcc>0.877500</hAcc><vAcc>0.688356</vAcc></extensions></trkpt>
      <trkpt lon="-82.150942" lat="33.555299"><ele>95.708122</ele><time>2021-02-13T14:34:07Z</time><extensions><speed>1.555827</speed><course>311.835938</course><hAcc>0.877195</hAcc><vAcc>0.687831</vAcc></extensions></trkpt>
      <trkpt lon="-82.150959" lat="33.555299"><ele>95.690018</ele><time>2021-02-13T14:34:08Z</time><extensions><speed>1.589851</speed><course>287.226562</course><hAcc>0.877036</hAcc><vAcc>0.687543</vAcc></extensions></trkpt>
      <trkpt lon="-82.150976" lat="33.555299"><ele>95.669838</ele><time>2021-02-13T14:34:09Z</time><extensions><speed>1.622254</speed><course>270.703125</course><hAcc>0.876965</hAcc><vAcc>0.687405</vAcc></extensions></trkpt>
      <trkpt lon="-82.150994" lat="33.555298"><ele>95.647186</ele><time>2021-02-13T14:34:10Z</time><extensions><speed>1.651018</speed><course>269.648438</course><hAcc>0.876944</hAcc><vAcc>0.687356</vAcc></extensions></trkpt>
      <trkpt lon="-82.151012" lat="33.555298"><ele>95.622093</ele><time>2021-02-13T14:34:11Z</time><extensions><speed>1.673888</speed><course>255.585938</course><hAcc>0.876946</hAcc><vAcc>0.687351</vAcc></extensions></trkpt>
      <trkpt lon="-82.151030" lat="33.555297"><ele>95.594955</ele><time>2021-02-13T14:34:12Z</time><extensions><speed>1.688804</speed><course>249.960938</course><hAcc>0.876955</hAcc><vAcc>0.687365</vAcc></extensions></trkpt>
      <trkpt lon="-82.151048" lat="33.555295"><ele>95.566338</ele><time>2021-02-13T14:34:13Z</time><extensions><speed>1.694665</speed><course>247.500000</course><hAcc>0.876964</hAcc><vAcc>0.687381</vAcc></extensions></trkpt>
      <trkpt lon="-82.151066" lat="33.555294"><ele>95.536827</ele><time>2021-02-13T14:34:14Z</time><extensions><speed>1.691150</speed><course>255.234375</course><hAcc>0.876968</hAcc><vAcc>0.687392</vAcc></extensions></trkpt>
      <trkpt lon="-82.151084" lat="33.555293"><ele>95.507042</ele><time>2021-02-13T14:34:15Z</time><extensions><speed>1.678640</speed><course>258.398438</course><hAcc>0.876966</hAcc><vAcc>0.687394</vAcc></extensions></trkpt>
      <trkpt lon="-82.151102" lat="33.555291"><ele>95.477493</ele><time>2021-02-13T14:34:16Z</time><extensions><speed>1.658485</speed><course>248.906250</course><hAcc>0.876960</hAcc><vAcc>0.687389</vAcc></extensions></trkpt>
      <trkpt lon="-82.151120" lat="33.555290"><ele>95.448509</ele><time>2021-02-13T14:34:17Z</time><extensions><speed>1.632614</speed><course>239.414062</course><hAcc>0.876951</hAcc><vAcc>0.687378</vAcc></extensions></trkpt>
      <trkpt lon="-82.151137" lat="33.555289"><ele>95.420273</ele><time>2021-02-13T14:34:18Z</time><extensions><speed>1.602766</speed><course>230.625000</course><hAcc>0.876940</hAcc><vAcc>0.687363</vAcc></extensions></trkpt>
      <trkpt lon="-82.151154" lat="33.555288"><ele>95.392784</ele><time>2021-02-13T14:34:19Z</time><extensions><speed>1.570019</speed><course>245.390625</course><hAcc>0.876928</hAcc><vAcc>0.687347</vAcc></extensions></trkpt>
      <trkpt lon="-82.151171" lat="33.555287"><ele>95.365822</ele><time>2021-02-13T14:34:20Z</time><extensions><speed>1.535532</speed><course>259.453125</course><hAcc>0.876917</hAcc><vAcc>0.687330</vAcc></extensions></trkpt>
      <trkpt lon="-82.151187" lat="33.555287"><ele>95.338844</ele><time>2021-02-13T14:34:21Z</time><extensions><speed>1.500877</speed><course>280.195312</course><hAcc>0.876907</hAcc><vAcc>0.687314</vAcc></extensions></trkpt>
      <trkpt lon="-82.151203" lat="33.555286"><ele>95.310951</ele><time>2021-02-13T14:34:22Z</time><extensions><speed>1.467533</speed><course>288.281250</course><hAcc>0.876899</hAcc><vAcc>0.687300</vAcc></extensions></trkpt>
      <trkpt lon="-82.151219" lat="33.555286"><ele>95.281059</ele><time>2021-02-13T14:34:23Z</time><extensions><speed>1.437073</speed><course>281.250000</course><hAcc>0.876892</hAcc><vAcc>0.687289</vAcc></extensions></trkpt>
      <trkpt lon="-82.151234" lat="33.555286"><ele>95.248085</ele><time>2021-02-13T14:34:24Z</time><extensions><speed>1.410311</speed><course>280.546875</course><hAcc>0.876887</hAcc><vAcc>0.687279</vAcc></extensions></trkpt>
      <trkpt lon="-82.151249" lat="33.555285"><ele>95.211174</ele><time>2021-02-13T14:34:25Z</time><extensions><speed>1.385843</speed><course>255.585938</course><hAcc>0.876883</hAcc><vAcc>0.687272</vAcc></extensions></trkpt>
      <trkpt lon="-82.151264" lat="33.555285"><ele>95.169823</ele><time>2021-02-13T14:34:26Z</time><extensions><speed>1.360443</speed><course>262.617188</course><hAcc>0.876880</hAcc><vAcc>0.687267</vAcc></extensions></trkpt>
      <trkpt lon="-82.151278" lat="33.555285"><ele>95.123817</ele><time>2021-02-13T14:34:27Z</time><extensions><speed>1.331203</speed><course>258.046875</course><hAcc>0.876878</hAcc><vAcc>0.687263</vAcc></extensions></trkpt>
      <trkpt lon="-82.151293" lat="33.555284"><ele>95.073135</ele><time>2021-02-13T14:34:28Z</time><extensions><speed>1.297155</speed><course>268.593750</course><hAcc>0.876877</hAcc><vAcc>0.687261</vAcc></extensions></trkpt>
      <trkpt lon="-82.151306" lat="33.555284"><ele>95.017891</ele><time>2021-02-13T14:34:29Z</time><extensions><speed>1.258592</speed><course>268.242188</course><hAcc>0.876876</hAcc><vAcc>0.687259</vAcc></extensions></trkpt>
      <trkpt lon="-82.151320" lat="33.555283"><ele>94.958366</ele><time>2021-02-13T14:34:30Z</time><extensions><speed>1.216650</speed><course>266.835938</course><hAcc>0.876876</hAcc><vAcc>0.687258</vAcc></extensions></trkpt>
      <trkpt lon="-82.151332" lat="33.555282"><ele>94.894974</ele><time>2021-02-13T14:34:31Z</time><extensions><speed>1.174390</speed><course>260.859375</course><hAcc>0.876876</hAcc><vAcc>0.687257</vAcc></extensions></trkpt>
      <trkpt lon="-82.151345" lat="33.555282"><ele>94.828262</ele><time>2021-02-13T14:34:32Z</time><extensions><speed>1.137018</speed><course>255.585938</course><hAcc>0.876875</hAcc><vAcc>0.687257</vAcc></extensions></trkpt>
      <trkpt lon="-82.151357" lat="33.555281"><ele>94.758842</ele><time>2021-02-13T14:34:33Z</time><extensions><speed>1.110528</speed><course>246.445312</course><hAcc>0.876875</hAcc><vAcc>0.687257</vAcc></extensions></trkpt>
      <trkpt lon="-82.151369" lat="33.555281"><ele>94.687355</ele><time>2021-02-13T14:34:34Z</time><extensions><speed>1.100263</speed><course>207.773438</course><hAcc>0.876875</hAcc><vAcc>0.687257</vAcc></extensions></trkpt>
      <trkpt lon="-82.151381" lat="33.555281"><ele>94.614342</ele><time>2021-02-13T14:34:35Z</time><extensions><speed>1.109865</speed><course>177.890625</course><hAcc>0.876875</hAcc><vAcc>0.687257</vAcc></extensions></trkpt>
      <trkpt lon="-82.151393" lat="33.555282"><ele>94.540268</ele><time>2021-02-13T14:34:36Z</time><extensions><speed>1.139968</speed><course>184.570312</course><hAcc>0.876875</hAcc><vAcc>0.687257</vAcc></extensions></trkpt>
      <trkpt lon="-82.151405" lat="33.555283"><ele>94.465439</ele><time>2021-02-13T14:34:37Z</time><extensions><speed>1.187613</speed><course>246.445312</course><hAcc>0.876875</hAcc><vAcc>0.687257</vAcc></extensions></trkpt>
      <trkpt lon="-82.151418" lat="33.555284"><ele>94.390045</ele><time>2021-02-13T14:34:38Z</time><extensions><speed>1.247729</speed><course>258.750000</course><hAcc>0.876875</hAcc><vAcc>0.687257</vAcc></extensions></trkpt>
      <trkpt lon="-82.151432" lat="33.555287"><ele>94.314247</ele><time>2021-02-13T14:34:39Z</time><extensions><speed>1.314850</speed><course>259.804688</course><hAcc>0.876875</hAcc><vAcc>0.687257</vAcc></extensions></trkpt>
      <trkpt lon="-82.151446" lat="33.555289"><ele>94.238190</ele><time>2021-02-13T14:34:40Z</time><extensions><speed>1.383530</speed><course>256.992188</course><hAcc>0.876875</hAcc><vAcc>0.687257</vAcc></extensions></trkpt>
      <trkpt lon="-82.151461" lat="33.555292"><ele>94.162018</ele><time>2021-02-13T14:34:41Z</time><extensions><speed>1.448814</speed><course>270.703125</course><hAcc>0.876875</hAcc><vAcc>0.687257</vAcc></extensions></trkpt>
      <trkpt lon="-82.151476" lat="33.555296"><ele>94.085876</ele><time>2021-02-13T14:34:42Z</time><extensions><speed>1.506693</speed><course>275.976562</course><hAcc>0.876875</hAcc><vAcc>0.687257</vAcc></extensions></trkpt>
      <trkpt lon="-82.151492" lat="33.555300"><ele>94.009964</ele><time>2021-02-13T14:34:43Z</time><extensions><speed>1.554113</speed><course>278.437500</course><hAcc>0.876875</hAcc><vAcc>0.687257</vAcc></extensions></trkpt>
      <trkpt lon="-82.151508" lat="33.555305"><ele>93.934456</ele><time>2021-02-13T14:34:44Z</time><extensions><speed>1.589045</speed><course>283.359375</course><hAcc>0.876875</hAcc><vAcc>0.687257</vAcc></extensions></trkpt>
      <trkpt lon="-82.151524" lat="33.555309"><ele>93.859482</ele><time>2021-02-13T14:34:45Z</time><extensions><speed>1.610557</speed><course>293.203125</course><hAcc>0.876875</hAcc><vAcc>0.687257</vAcc></extensions></trkpt>
      <trkpt lon="-82.151540" lat="33.555314"><ele>93.785149</ele><time>2021-02-13T14:34:46Z</time><extensions><speed>1.618879</speed><course>294.257812</course><hAcc>0.876875</hAcc><vAcc>0.687257</vAcc></extensions></trkpt>
      <trkpt lon="-82.151557" lat="33.555320"><ele>93.711601</ele><time>2021-02-13T14:34:47Z</time><extensions><speed>1.615173</speed><course>299.882812</course><hAcc>0.876875</hAcc><vAcc>0.687257</vAcc></extensions></trkpt>
      <trkpt lon="-82.151573" lat="33.555325"><ele>93.639122</ele><time>2021-02-13T14:34:48Z</time><extensions><speed>1.601244</speed><course>286.523438</course><hAcc>0.876875</hAcc><vAcc>0.687257</vAcc></extensions></trkpt>
      <trkpt lon="-82.151589" lat="33.555330"><ele>93.568100</ele><time>2021-02-13T14:34:49Z</time><extensions><speed>1.579496</speed><course>280.195312</course><hAcc>0.876875</hAcc><vAcc>0.687257</vAcc></extensions></trkpt>
      <trkpt lon="-82.151604" lat="33.555336"><ele>93.498909</ele><time>2021-02-13T14:34:50Z</time><extensions><speed>1.552670</speed><course>270.703125</course><hAcc>0.876875</hAcc><vAcc>0.687257</vAcc></extensions></trkpt>
      <trkpt lon="-82.151620" lat="33.555341"><ele>93.431755</ele><time>2021-02-13T14:34:51Z</time><extensions><speed>1.523371</speed><course>282.304688</course><hAcc>0.876875</hAcc><vAcc>0.687257</vAcc></extensions></trkpt>
      <trkpt lon="-82.151634" lat="33.555347"><ele>93.366661</ele><time>2021-02-13T14:34:52Z</time><extensions><speed>1.493790</speed><course>294.609375</course><hAcc>0.876875</hAcc><vAcc>0.687257</vAcc></extensions></trkpt>
      <trkpt lon="-82.151649" lat="33.555352"><ele>93.303421</ele><time>2021-02-13T14:34:53Z</time><extensions><speed>1.465832</speed><course>299.179688</course><hAcc>0.876875</hAcc><vAcc>0.687257</vAcc></extensions></trkpt>
      <trkpt lon="-82.151663" lat="33.555357"><ele>93.241615</ele><time>2021-02-13T14:34:54Z</time><extensions><speed>1.441186</speed><course>300.234375</course><hAcc>0.876875</hAcc><vAcc>0.687257</vAcc></extensions></trkpt>
      <trkpt lon="-82.151677" lat="33.555362"><ele>93.180634</ele><time>2021-02-13T14:34:55Z</time><extensions><speed>1.421332</speed><course>294.960938</course><hAcc>0.876875</hAcc><vAcc>0.687257</vAcc></extensions></trkpt>
      <trkpt lon="-82.151691" lat="33.555368"><ele>93.119804</ele><time>2021-02-13T14:34:56Z</time><extensions><speed>1.407500</speed><course>292.500000</course><hAcc>0.876875</hAcc><vAcc>0.687257</vAcc></extensions></trkpt>
      <trkpt lon="-82.151705" lat="33.555373"><ele>93.058586</ele><time>2021-02-13T14:34:57Z</time><extensions><speed>1.400076</speed><course>293.906250</course><hAcc>0.876875</hAcc><vAcc>0.687257</vAcc></extensions></trkpt>
      <trkpt lon="-82.151719" lat="33.555377"><ele>92.996658</ele><time>2021-02-13T14:34:58Z</time><extensions><speed>1.398359</speed><course>300.585938</course><hAcc>0.876875</hAcc><vAcc>0.687257</vAcc></extensions></trkpt>
      <trkpt lon="-82.151733" lat="33.555382"><ele>92.933914</ele><time>2021-02-13T14:34:59Z</time><extensions><speed>1.401270</speed><course>300.234375</course><hAcc>0.876875</hAcc><vAcc>0.687257</vAcc></extensions></trkpt>
      <trkpt lon="-82.151747" lat="33.555387"><ele>92.870430</ele><time>2021-02-13T14:35:00Z</time><extensions><speed>1.407865</speed><course>291.445312</course><hAcc>0.876875</hAcc><vAcc>0.687257</vAcc></extensions></trkpt>
      <trkpt lon="-82.151761" lat="33.555392"><ele>92.806351</ele><time>2021-02-13T14:35:01Z</time><extensions><speed>1.417249</speed><course>298.476562</course><hAcc>0.876875</hAcc><vAcc>0.687257</vAcc></extensions></trkpt>
      <trkpt lon="-82.151776" lat="33.555396"><ele>92.741737</ele><time>2021-02-13T14:35:02Z</time><extensions><speed>1.428671</speed><course>305.859375</course><hAcc>0.876875</hAcc><vAcc>0.687257</vAcc></extensions></trkpt>
      <trkpt lon="-82.151790" lat="33.555401"><ele>92.676544</ele><time>2021-02-13T14:35:03Z</time><extensions><speed>1.441764</speed><course>306.562500</course><hAcc>0.876875</hAcc><vAcc>0.687257</vAcc></extensions></trkpt>
      <trkpt lon="-82.151805" lat="33.555405"><ele>92.610741</ele><time>2021-02-13T14:35:04Z</time><extensions><speed>1.456444</speed><course>293.554688</course><hAcc>0.876875</hAcc><vAcc>0.687257</vAcc></extensions></trkpt>
      <trkpt lon="-82.151819" lat="33.555410"><ele>92.544479</ele><time>2021-02-13T14:35:05Z</time><extensions><speed>1.472681</speed><course>280.898438</course><hAcc>0.876875</hAcc><vAcc>0.687257</vAcc></extensions></trkpt>
      <trkpt lon="-82.151834" lat="33.555415"><ele>92.478210</ele><time>2021-02-13T14:35:06Z</time><extensions><speed>1.490554</speed><course>273.164062</course><hAcc>0.876875</hAcc><vAcc>0.687257</vAcc></extensions></trkpt>
      <trkpt lon="-82.151849" lat="33.555420"><ele>92.412529</ele><time>2021-02-13T14:35:07Z</time><extensions><speed>1.510205</speed><course>268.242188</course><hAcc>0.876875</hAcc><vAcc>0.687257</vAcc></extensions></trkpt>
      <trkpt lon="-82.151864" lat="33.555425"><ele>92.348061</ele><time>2021-02-13T14:35:08Z</time><extensions><speed>1.531357</speed><course>272.460938</course><hAcc>0.876875</hAcc><vAcc>0.687257</vAcc></extensions></trkpt>
      <trkpt lon="-82.151880" lat="33.555431"><ele>92.285378</ele><time>2021-02-13T14:35:09Z</time><extensions><speed>1.553406</speed><course>285.468750</course><hAcc>0.876875</hAcc><vAcc>0.687257</vAcc></extensions></trkpt>
      <trkpt lon="-82.151895" lat="33.555437"><ele>92.225029</ele><time>2021-02-13T14:35:10Z</time><extensions><speed>1.575825</speed><course>292.500000</course><hAcc>0.876875</hAcc><vAcc>0.687257</vAcc></extensions></trkpt>
      <trkpt lon="-82.151910" lat="33.555444"><ele>92.167542</ele><time>2021-02-13T14:35:11Z</time><extensions><speed>1.598191</speed><course>296.015625</course><hAcc>0.876875</hAcc><vAcc>0.687257</vAcc></extensions></trkpt>
      <trkpt lon="-82.151925" lat="33.555451"><ele>92.113441</ele><time>2021-02-13T14:35:12Z</time><extensions><speed>1.619942</speed><course>293.906250</course><hAcc>0.876875</hAcc><vAcc>0.687257</vAcc></extensions></trkpt>
      <trkpt lon="-82.151939" lat="33.555459"><ele>92.063225</ele><time>2021-02-13T14:35:13Z</time><extensions><speed>1.640191</speed><course>292.148438</course><hAcc>0.876875</hAcc><vAcc>0.687257</vAcc></extensions></trkpt>
      <trkpt lon="-82.151954" lat="33.555468"><ele>92.017380</ele><time>2021-02-13T14:35:14Z</time><extensions><speed>1.657918</speed><course>283.359375</course><hAcc>0.876875</hAcc><vAcc>0.687257</vAcc></extensions></trkpt>
      <trkpt lon="-82.151969" lat="33.555476"><ele>91.976280</ele><time>2021-02-13T14:35:15Z</time><extensions><speed>1.671905</speed><course>297.773438</course><hAcc>0.876875</hAcc><vAcc>0.687257</vAcc></extensions></trkpt>
      <trkpt lon="-82.151983" lat="33.555486"><ele>91.940018</ele><time>2021-02-13T14:35:16Z</time><extensions><speed>1.680907</speed><course>309.375000</course><hAcc>0.876875</hAcc><vAcc>0.687257</vAcc></extensions></trkpt>
      <trkpt lon="-82.151997" lat="33.555495"><ele>91.908325</ele><time>2021-02-13T14:35:17Z</time><extensions><speed>1.684174</speed><course>323.437500</course><hAcc>0.876875</hAcc><vAcc>0.687257</vAcc></extensions></trkpt>
      <trkpt lon="-82.152011" lat="33.555505"><ele>91.880585</ele><time>2021-02-13T14:35:18Z</time><extensions><speed>1.681186</speed><course>319.921875</course><hAcc>0.876875</hAcc><vAcc>0.687257</vAcc></extensions></trkpt>
      <trkpt lon="-82.152024" lat="33.555515"><ele>91.855835</ele><time>2021-02-13T14:35:19Z</time><extensions><speed>1.671454</speed><course>314.648438</course><hAcc>0.876875</hAcc><vAcc>0.687257</vAcc></extensions></trkpt>
      <trkpt lon="-82.152038" lat="33.555525"><ele>91.832832</ele><time>2021-02-13T14:35:20Z</time><extensions><speed>1.654606</speed><course>307.265625</course><hAcc>0.876875</hAcc><vAcc>0.687257</vAcc></extensions></trkpt>
      <trkpt lon="-82.152051" lat="33.555535"><ele>91.810104</ele><time>2021-02-13T14:35:21Z</time><extensions><speed>1.630446</speed><course>305.156250</course><hAcc>0.876875</hAcc><vAcc>0.687257</vAcc></extensions></trkpt>
      <trkpt lon="-82.152065" lat="33.555544"><ele>91.785988</ele><time>2021-02-13T14:35:22Z</time><extensions><speed>1.599455</speed><course>320.976562</course><hAcc>0.876875</hAcc><vAcc>0.687257</vAcc></extensions></trkpt>
      <trkpt lon="-82.152078" lat="33.555552"><ele>91.758667</ele><time>2021-02-13T14:35:23Z</time><extensions><speed>1.563065</speed><course>332.929688</course><hAcc>0.876875</hAcc><vAcc>0.687257</vAcc></extensions></trkpt>
      <trkpt lon="-82.152092" lat="33.555560"><ele>91.726410</ele><time>2021-02-13T14:35:24Z</time><extensions><speed>1.523736</speed><course>338.906250</course><hAcc>0.876875</hAcc><vAcc>0.687257</vAcc></extensions></trkpt>
      <trkpt lon="-82.152106" lat="33.555567"><ele>91.687843</ele><time>2021-02-13T14:35:25Z</time><extensions><speed>1.484753</speed><course>292.500000</course><hAcc>0.876875</hAcc><vAcc>0.687257</vAcc></extensions></trkpt>
      <trkpt lon="-82.152120" lat="33.555574"><ele>91.642166</ele><time>2021-02-13T14:35:26Z</time><extensions><speed>1.449059</speed><course>299.179688</course><hAcc>0.876875</hAcc><vAcc>0.687257</vAcc></extensions></trkpt>
      <trkpt lon="-82.152134" lat="33.555579"><ele>91.589241</ele><time>2021-02-13T14:35:27Z</time><extensions><speed>1.418205</speed><course>293.554688</course><hAcc>0.876875</hAcc><vAcc>0.687257</vAcc></extensions></trkpt>
      <trkpt lon="-82.152148" lat="33.555583"><ele>91.529556</ele><time>2021-02-13T14:35:28Z</time><extensions><speed>1.392262</speed><course>286.171875</course><hAcc>0.876875</hAcc><vAcc>0.687257</vAcc></extensions></trkpt>
      <trkpt lon="-82.152163" lat="33.555586"><ele>91.464142</ele><time>2021-02-13T14:35:29Z</time><extensions><speed>1.370190</speed><course>284.765625</course><hAcc>0.876875</hAcc><vAcc>0.687257</vAcc></extensions></trkpt>
      <trkpt lon="-82.152177" lat="33.555588"><ele>91.394470</ele><time>2021-02-13T14:35:30Z</time><extensions><speed>1.350269</speed><course>276.679688</course><hAcc>0.876875</hAcc><vAcc>0.687257</vAcc></extensions></trkpt>
      <trkpt lon="-82.152191" lat="33.555589"><ele>91.322296</ele><time>2021-02-13T14:35:31Z</time><extensions><speed>1.330649</speed><course>273.867188</course><hAcc>0.876875</hAcc><vAcc>0.687257</vAcc></extensions></trkpt>
      <trkpt lon="-82.152206" lat="33.555589"><ele>91.249550</ele><time>2021-02-13T14:35:32Z</time><extensions><speed>1.310006</speed><course>281.953125</course><hAcc>0.876875</hAcc><vAcc>0.687257</vAcc></extensions></trkpt>
      <trkpt lon="-82.152220" lat="33.555589"><ele>91.178131</ele><time>2021-02-13T14:35:33Z</time><extensions><speed>1.288061</speed><course>272.812500</course><hAcc>0.876875</hAcc><vAcc>0.687257</vAcc></extensions></trkpt>
      <trkpt lon="-82.152233" lat="33.555589"><ele>91.109879</ele><time>2021-02-13T14:35:34Z</time><extensions><speed>1.265842</speed><course>262.968750</course><hAcc>0.876875</hAcc><vAcc>0.687257</vAcc></extensions></trkpt>
      <trkpt lon="-82.152247" lat="33.555588"><ele>91.046608</ele><time>2021-02-13T14:35:35Z</time><extensions><speed>1.245475</speed><course>208.828125</course><hAcc>0.876875</hAcc><vAcc>0.687257</vAcc></extensions></trkpt>
      <trkpt lon="-82.152260" lat="33.555587"><ele>90.990005</ele><time>2021-02-13T14:35:36Z</time><extensions><speed>1.229199</speed><course>235.898438</course><hAcc>0.876875</hAcc><vAcc>0.687257</vAcc></extensions></trkpt>
      <trkpt lon="-82.152273" lat="33.555586"><ele>90.941521</ele><time>2021-02-13T14:35:37Z</time><extensions><speed>1.218983</speed><course>299.179688</course><hAcc>0.876875</hAcc><vAcc>0.687257</vAcc></extensions></trkpt>
      <trkpt lon="-82.152286" lat="33.555585"><ele>90.902107</ele><time>2021-02-13T14:35:38Z</time><extensions><speed>1.216238</speed><course>297.421875</course><hAcc>0.876875</hAcc><vAcc>0.687257</vAcc></extensions></trkpt>
      <trkpt lon="-82.152299" lat="33.555584"><ele>90.872108</ele><time>2021-02-13T14:35:39Z</time><extensions><speed>1.221014</speed><course>318.164062</course><hAcc>0.876875</hAcc><vAcc>0.687257</vAcc></extensions></trkpt>
      <trkpt lon="-82.152312" lat="33.555583"><ele>90.851257</ele><time>2021-02-13T14:35:40Z</time><extensions><speed>1.232099</speed><course>316.406250</course><hAcc>0.876875</hAcc><vAcc>0.687257</vAcc></extensions></trkpt>
      <trkpt lon="-82.152326" lat="33.555582"><ele>90.838905</ele><time>2021-02-13T14:35:41Z</time><extensions><speed>1.247498</speed><course>311.484375</course><hAcc>0.876875</hAcc><vAcc>0.687257</vAcc></extensions></trkpt>
      <trkpt lon="-82.152339" lat="33.555582"><ele>90.834152</ele><time>2021-02-13T14:35:42Z</time><extensions><speed>1.264815</speed><course>286.875000</course><hAcc>0.876875</hAcc><vAcc>0.687257</vAcc></extensions></trkpt>
      <trkpt lon="-82.152353" lat="33.555581"><ele>90.836052</ele><time>2021-02-13T14:35:43Z</time><extensions><speed>1.281982</speed><course>284.062500</course><hAcc>0.876875</hAcc><vAcc>0.687257</vAcc></extensions></trkpt>
      <trkpt lon="-82.152367" lat="33.555581"><ele>90.843742</ele><time>2021-02-13T14:35:44Z</time><extensions><speed>1.297883</speed><course>256.289062</course><hAcc>0.876875</hAcc><vAcc>0.687257</vAcc></extensions></trkpt>
      <trkpt lon="-82.152381" lat="33.555581"><ele>90.856430</ele><time>2021-02-13T14:35:45Z</time><extensions><speed>1.312130</speed><course>267.890625</course><hAcc>0.876875</hAcc><vAcc>0.687258</vAcc></extensions></trkpt>
      <trkpt lon="-82.152395" lat="33.555581"><ele>90.873375</ele><time>2021-02-13T14:35:46Z</time><extensions><speed>1.324496</speed><course>273.867188</course><hAcc>0.876875</hAcc><vAcc>0.687258</vAcc></extensions></trkpt>
      <trkpt lon="-82.152409" lat="33.555580"><ele>90.893898</ele><time>2021-02-13T14:35:47Z</time><extensions><speed>1.334780</speed><course>268.242188</course><hAcc>0.876876</hAcc><vAcc>0.687259</vAcc></extensions></trkpt>
      <trkpt lon="-82.152424" lat="33.555580"><ele>90.917366</ele><time>2021-02-13T14:35:48Z</time><extensions><speed>1.342854</speed><course>281.601562</course><hAcc>0.876876</hAcc><vAcc>0.687259</vAcc></extensions></trkpt>
      <trkpt lon="-82.152438" lat="33.555580"><ele>90.943153</ele><time>2021-02-13T14:35:49Z</time><extensions><speed>1.348722</speed><course>281.601562</course><hAcc>0.876877</hAcc><vAcc>0.687261</vAcc></extensions></trkpt>
      <trkpt lon="-82.152453" lat="33.555580"><ele>90.970612</ele><time>2021-02-13T14:35:50Z</time><extensions><speed>1.352469</speed><course>286.171875</course><hAcc>0.876878</hAcc><vAcc>0.687262</vAcc></extensions></trkpt>
      <trkpt lon="-82.152467" lat="33.555580"><ele>90.999092</ele><time>2021-02-13T14:35:51Z</time><extensions><speed>1.354087</speed><course>294.609375</course><hAcc>0.876879</hAcc><vAcc>0.687264</vAcc></extensions></trkpt>
      <trkpt lon="-82.152482" lat="33.555580"><ele>91.028023</ele><time>2021-02-13T14:35:52Z</time><extensions><speed>1.353415</speed><course>277.382812</course><hAcc>0.876880</hAcc><vAcc>0.687267</vAcc></extensions></trkpt>
      <trkpt lon="-82.152497" lat="33.555580"><ele>91.056892</ele><time>2021-02-13T14:35:53Z</time><extensions><speed>1.350042</speed><course>275.625000</course><hAcc>0.876882</hAcc><vAcc>0.687270</vAcc></extensions></trkpt>
      <trkpt lon="-82.152511" lat="33.555580"><ele>91.085297</ele><time>2021-02-13T14:35:54Z</time><extensions><speed>1.343605</speed><course>263.320312</course><hAcc>0.876884</hAcc><vAcc>0.687273</vAcc></extensions></trkpt>
      <trkpt lon="-82.152525" lat="33.555580"><ele>91.112762</ele><time>2021-02-13T14:35:55Z</time><extensions><speed>1.334707</speed><course>148.710938</course><hAcc>0.876886</hAcc><vAcc>0.687276</vAcc></extensions></trkpt>
      <trkpt lon="-82.152540" lat="33.555580"><ele>91.138680</ele><time>2021-02-13T14:35:56Z</time><extensions><speed>1.324346</speed><course>251.367188</course><hAcc>0.876889</hAcc><vAcc>0.687279</vAcc></extensions></trkpt>
      <trkpt lon="-82.152554" lat="33.555579"><ele>91.162361</ele><time>2021-02-13T14:35:57Z</time><extensions><speed>1.312637</speed><course>253.476562</course><hAcc>0.876891</hAcc><vAcc>0.687282</vAcc></extensions></trkpt>
      <trkpt lon="-82.152568" lat="33.555579"><ele>91.183228</ele><time>2021-02-13T14:35:58Z</time><extensions><speed>1.299459</speed><course>259.453125</course><hAcc>0.876892</hAcc><vAcc>0.687283</vAcc></extensions></trkpt>
      <trkpt lon="-82.152582" lat="33.555578"><ele>91.200935</ele><time>2021-02-13T14:35:59Z</time><extensions><speed>1.285566</speed><course>263.671875</course><hAcc>0.876893</hAcc><vAcc>0.687283</vAcc></extensions></trkpt>
      <trkpt lon="-82.152596" lat="33.555577"><ele>91.215286</ele><time>2021-02-13T14:36:00Z</time><extensions><speed>1.272772</speed><course>264.726562</course><hAcc>0.876893</hAcc><vAcc>0.687282</vAcc></extensions></trkpt>
      <trkpt lon="-82.152609" lat="33.555576"><ele>91.226257</ele><time>2021-02-13T14:36:01Z</time><extensions><speed>1.263505</speed><course>262.617188</course><hAcc>0.876891</hAcc><vAcc>0.687279</vAcc></extensions></trkpt>
      <trkpt lon="-82.152623" lat="33.555575"><ele>91.233963</ele><time>2021-02-13T14:36:02Z</time><extensions><speed>1.260367</speed><course>248.906250</course><hAcc>0.876889</hAcc><vAcc>0.687275</vAcc></extensions></trkpt>
      <trkpt lon="-82.152636" lat="33.555573"><ele>91.238693</ele><time>2021-02-13T14:36:03Z</time><extensions><speed>1.265755</speed><course>233.789062</course><hAcc>0.876887</hAcc><vAcc>0.687274</vAcc></extensions></trkpt>
      <trkpt lon="-82.152650" lat="33.555570"><ele>91.240791</ele><time>2021-02-13T14:36:04Z</time><extensions><speed>1.281003</speed><course>220.781250</course><hAcc>0.876888</hAcc><vAcc>0.687277</vAcc></extensions></trkpt>
      <trkpt lon="-82.152663" lat="33.555567"><ele>91.240601</ele><time>2021-02-13T14:36:05Z</time><extensions><speed>1.305934</speed><course>217.617188</course><hAcc>0.876895</hAcc><vAcc>0.687293</vAcc></extensions></trkpt>
      <trkpt lon="-82.152676" lat="33.555564"><ele>91.238358</ele><time>2021-02-13T14:36:06Z</time><extensions><speed>1.339439</speed><course>228.867188</course><hAcc>0.876915</hAcc><vAcc>0.687331</vAcc></extensions></trkpt>
      <trkpt lon="-82.152690" lat="33.555559"><ele>91.234268</ele><time>2021-02-13T14:36:07Z</time><extensions><speed>1.379881</speed><course>247.851562</course><hAcc>0.876957</hAcc><vAcc>0.687405</vAcc></extensions></trkpt>
      <trkpt lon="-82.152704" lat="33.555554"><ele>91.228577</ele><time>2021-02-13T14:36:08Z</time><extensions><speed>1.425186</speed><course>261.562500</course><hAcc>0.877034</hAcc><vAcc>0.687534</vAcc></extensions></trkpt>
      <trkpt lon="-82.152717" lat="33.555547"><ele>91.221741</ele><time>2021-02-13T14:36:09Z</time><extensions><speed>1.473809</speed><course>248.554688</course><hAcc>0.877163</hAcc><vAcc>0.687744</vAcc></extensions></trkpt>
      <trkpt lon="-82.152731" lat="33.555540"><ele>91.214432</ele><time>2021-02-13T14:36:10Z</time><extensions><speed>1.525189</speed><course>236.250000</course><hAcc>0.877366</hAcc><vAcc>0.688062</vAcc></extensions></trkpt>
      <trkpt lon="-82.152744" lat="33.555531"><ele>91.207527</ele><time>2021-02-13T14:36:11Z</time><extensions><speed>1.579029</speed><course>224.648438</course><hAcc>0.877666</hAcc><vAcc>0.688524</vAcc></extensions></trkpt>
      <trkpt lon="-82.152757" lat="33.555522"><ele>91.202072</ele><time>2021-02-13T14:36:12Z</time><extensions><speed>1.634633</speed><course>209.179688</course><hAcc>0.878090</hAcc><vAcc>0.689164</vAcc></extensions></trkpt>
      <trkpt lon="-82.152770" lat="33.555511"><ele>91.199257</ele><time>2021-02-13T14:36:13Z</time><extensions><speed>1.690363</speed><course>200.039062</course><hAcc>0.878663</hAcc><vAcc>0.690014</vAcc></extensions></trkpt>
      <trkpt lon="-82.152782" lat="33.555499"><ele>91.200386</ele><time>2021-02-13T14:36:14Z</time><extensions><speed>1.743632</speed><course>195.117188</course><hAcc>0.879406</hAcc><vAcc>0.691097</vAcc></extensions></trkpt>
      <trkpt lon="-82.152793" lat="33.555487"><ele>91.206795</ele><time>2021-02-13T14:36:15Z</time><extensions><speed>1.791672</speed><course>197.929688</course><hAcc>0.880324</hAcc><vAcc>0.692417</vAcc></extensions></trkpt>
      <trkpt lon="-82.152804" lat="33.555473"><ele>91.219734</ele><time>2021-02-13T14:36:16Z</time><extensions><speed>1.832245</speed><course>202.500000</course><hAcc>0.881406</hAcc><vAcc>0.693952</vAcc></extensions></trkpt>
      <trkpt lon="-82.152814" lat="33.555459"><ele>91.240334</ele><time>2021-02-13T14:36:17Z</time><extensions><speed>1.863803</speed><course>198.632812</course><hAcc>0.882609</hAcc><vAcc>0.695642</vAcc></extensions></trkpt>
      <trkpt lon="-82.152823" lat="33.555444"><ele>91.269493</ele><time>2021-02-13T14:36:18Z</time><extensions><speed>1.885385</speed><course>187.382812</course><hAcc>0.883855</hAcc><vAcc>0.697377</vAcc></extensions></trkpt>
      <trkpt lon="-82.152832" lat="33.555428"><ele>91.307907</ele><time>2021-02-13T14:36:19Z</time><extensions><speed>1.896424</speed><course>182.812500</course><hAcc>0.885026</hAcc><vAcc>0.698999</vAcc></extensions></trkpt>
      <trkpt lon="-82.152840" lat="33.555413"><ele>91.356148</ele><time>2021-02-13T14:36:20Z</time><extensions><speed>1.896424</speed><course>170.859375</course><hAcc>0.885964</hAcc><vAcc>0.700300</vAcc></extensions></trkpt>
      <trkpt lon="-82.152847" lat="33.555397"><ele>91.414642</ele><time>2021-02-13T14:36:21Z</time><extensions><speed>1.884798</speed><course>171.914062</course><hAcc>0.886562</hAcc><vAcc>0.701135</vAcc></extensions></trkpt>
      <trkpt lon="-82.152854" lat="33.555381"><ele>91.483681</ele><time>2021-02-13T14:36:22Z</time><extensions><speed>1.861488</speed><course>178.945312</course><hAcc>0.886836</hAcc><vAcc>0.701521</vAcc></extensions></trkpt>
      <trkpt lon="-82.152860" lat="33.555365"><ele>91.563347</ele><time>2021-02-13T14:36:23Z</time><extensions><speed>1.827557</speed><course>181.406250</course><hAcc>0.886842</hAcc><vAcc>0.701526</vAcc></extensions></trkpt>
      <trkpt lon="-82.152866" lat="33.555349"><ele>91.653473</ele><time>2021-02-13T14:36:24Z</time><extensions><speed>1.784935</speed><course>190.898438</course><hAcc>0.886580</hAcc><vAcc>0.701149</vAcc></extensions></trkpt>
      <trkpt lon="-82.152871" lat="33.555334"><ele>91.753586</ele><time>2021-02-13T14:36:25Z</time><extensions><speed>1.735952</speed><course>171.562500</course><hAcc>0.885997</hAcc><vAcc>0.700324</vAcc></extensions></trkpt>
      <trkpt lon="-82.152875" lat="33.555319"><ele>91.862801</ele><time>2021-02-13T14:36:26Z</time><extensions><speed>1.682576</speed><course>170.507812</course><hAcc>0.885075</hAcc><vAcc>0.699035</vAcc></extensions></trkpt>
      <trkpt lon="-82.152880" lat="33.555305"><ele>91.980026</ele><time>2021-02-13T14:36:27Z</time><extensions><speed>1.626316</speed><course>157.851562</course><hAcc>0.883905</hAcc><vAcc>0.697414</vAcc></extensions></trkpt>
      <trkpt lon="-82.152884" lat="33.555291"><ele>92.103676</ele><time>2021-02-13T14:36:28Z</time><extensions><speed>1.568857</speed><course>167.695312</course><hAcc>0.882645</hAcc><vAcc>0.695669</vAcc></extensions></trkpt>
      <trkpt lon="-82.152888" lat="33.555277"><ele>92.232498</ele><time>2021-02-13T14:36:29Z</time><extensions><speed>1.511456</speed><course>195.820312</course><hAcc>0.881433</hAcc><vAcc>0.693973</vAcc></extensions></trkpt>
      <trkpt lon="-82.152893" lat="33.555264"><ele>92.365082</ele><time>2021-02-13T14:36:30Z</time><extensions><speed>1.456082</speed><course>197.929688</course><hAcc>0.880344</hAcc><vAcc>0.692433</vAcc></extensions></trkpt>
      <trkpt lon="-82.152897" lat="33.555252"><ele>92.499893</ele><time>2021-02-13T14:36:31Z</time><extensions><speed>1.405210</speed><course>214.101562</course><hAcc>0.879420</hAcc><vAcc>0.691109</vAcc></extensions></trkpt>
      <trkpt lon="-82.152902" lat="33.555240"><ele>92.635437</ele><time>2021-02-13T14:36:32Z</time><extensions><speed>1.361204</speed><course>165.234375</course><hAcc>0.878674</hAcc><vAcc>0.690024</vAcc></extensions></trkpt>
      <trkpt lon="-82.152906" lat="33.555229"><ele>92.770454</ele><time>2021-02-13T14:36:33Z</time><extensions><speed>1.325941</speed><course>169.804688</course><hAcc>0.878097</hAcc><vAcc>0.689172</vAcc></extensions></trkpt>
      <trkpt lon="-82.152912" lat="33.555218"><ele>92.903961</ele><time>2021-02-13T14:36:34Z</time><extensions><speed>1.300564</speed><course>142.382812</course><hAcc>0.877671</hAcc><vAcc>0.688530</vAcc></extensions></trkpt>
      <trkpt lon="-82.152917" lat="33.555207"><ele>93.035316</ele><time>2021-02-13T14:36:35Z</time><extensions><speed>1.285151</speed><course>196.171875</course><hAcc>0.877369</hAcc><vAcc>0.688067</vAcc></extensions></trkpt>
      <trkpt lon="-82.152922" lat="33.555196"><ele>93.164375</ele><time>2021-02-13T14:36:36Z</time><extensions><speed>1.278995</speed><course>215.507812</course><hAcc>0.877166</hAcc><vAcc>0.687747</vAcc></extensions></trkpt>
      <trkpt lon="-82.152928" lat="33.555186"><ele>93.291283</ele><time>2021-02-13T14:36:37Z</time><extensions><speed>1.281170</speed><course>207.421875</course><hAcc>0.877036</hAcc><vAcc>0.687537</vAcc></extensions></trkpt>
      <trkpt lon="-82.152934" lat="33.555175"><ele>93.416252</ele><time>2021-02-13T14:36:38Z</time><extensions><speed>1.291061</speed><course>286.171875</course><hAcc>0.876958</hAcc><vAcc>0.687407</vAcc></extensions></trkpt>
      <trkpt lon="-82.152940" lat="33.555165"><ele>93.539482</ele><time>2021-02-13T14:36:39Z</time><extensions><speed>1.308398</speed><course>236.601562</course><hAcc>0.876916</hAcc><vAcc>0.687333</vAcc></extensions></trkpt>
      <trkpt lon="-82.152947" lat="33.555154"><ele>93.661156</ele><time>2021-02-13T14:36:40Z</time><extensions><speed>1.332900</speed><course>203.554688</course><hAcc>0.876895</hAcc><vAcc>0.687295</vAcc></extensions></trkpt>
      <trkpt lon="-82.152953" lat="33.555143"><ele>93.781494</ele><time>2021-02-13T14:36:41Z</time><extensions><speed>1.364114</speed><course>205.312500</course><hAcc>0.876888</hAcc><vAcc>0.687279</vAcc></extensions></trkpt>
      <trkpt lon="-82.152959" lat="33.555132"><ele>93.900734</ele><time>2021-02-13T14:36:42Z</time><extensions><speed>1.401217</speed><course>172.968750</course><hAcc>0.876887</hAcc><vAcc>0.687275</vAcc></extensions></trkpt>
      <trkpt lon="-82.152965" lat="33.555120"><ele>94.019119</ele><time>2021-02-13T14:36:43Z</time><extensions><speed>1.442770</speed><course>186.328125</course><hAcc>0.876888</hAcc><vAcc>0.687277</vAcc></extensions></trkpt>
      <trkpt lon="-82.152971" lat="33.555108"><ele>94.136955</ele><time>2021-02-13T14:36:44Z</time><extensions><speed>1.486590</speed><course>188.789062</course><hAcc>0.876890</hAcc><vAcc>0.687280</vAcc></extensions></trkpt>
      <trkpt lon="-82.152978" lat="33.555095"><ele>94.254471</ele><time>2021-02-13T14:36:45Z</time><extensions><speed>1.530028</speed><course>195.468750</course><hAcc>0.876892</hAcc><vAcc>0.687283</vAcc></extensions></trkpt>
      <trkpt lon="-82.152984" lat="33.555082"><ele>94.371735</ele><time>2021-02-13T14:36:46Z</time><extensions><speed>1.570312</speed><course>195.117188</course><hAcc>0.876892</hAcc><vAcc>0.687285</vAcc></extensions></trkpt>
      <trkpt lon="-82.152990" lat="33.555069"><ele>94.488716</ele><time>2021-02-13T14:36:47Z</time><extensions><speed>1.604856</speed><course>194.414062</course><hAcc>0.876891</hAcc><vAcc>0.687285</vAcc></extensions></trkpt>
      <trkpt lon="-82.152996" lat="33.555055"><ele>94.605408</ele><time>2021-02-13T14:36:48Z</time><extensions><speed>1.631677</speed><course>192.304688</course><hAcc>0.876889</hAcc><vAcc>0.687283</vAcc></extensions></trkpt>
      <trkpt lon="-82.153002" lat="33.555042"><ele>94.721848</ele><time>2021-02-13T14:36:49Z</time><extensions><speed>1.649523</speed><course>190.546875</course><hAcc>0.876887</hAcc><vAcc>0.687281</vAcc></extensions></trkpt>
      <trkpt lon="-82.153009" lat="33.555028"><ele>94.838058</ele><time>2021-02-13T14:36:50Z</time><extensions><speed>1.658066</speed><course>185.976562</course><hAcc>0.876885</hAcc><vAcc>0.687278</vAcc></extensions></trkpt>
      <trkpt lon="-82.153016" lat="33.555014"><ele>94.953987</ele><time>2021-02-13T14:36:51Z</time><extensions><speed>1.658109</speed><course>188.437500</course><hAcc>0.876883</hAcc><vAcc>0.687274</vAcc></extensions></trkpt>
      <trkpt lon="-82.153023" lat="33.555000"><ele>95.069412</ele><time>2021-02-13T14:36:52Z</time><extensions><speed>1.650875</speed><course>195.117188</course><hAcc>0.876881</hAcc><vAcc>0.687271</vAcc></extensions></trkpt>
      <trkpt lon="-82.153030" lat="33.554987"><ele>95.184006</ele><time>2021-02-13T14:36:53Z</time><extensions><speed>1.637466</speed><course>203.554688</course><hAcc>0.876879</hAcc><vAcc>0.687268</vAcc></extensions></trkpt>
      <trkpt lon="-82.153038" lat="33.554974"><ele>95.297310</ele><time>2021-02-13T14:36:54Z</time><extensions><speed>1.619115</speed><course>204.960938</course><hAcc>0.876877</hAcc><vAcc>0.687266</vAcc></extensions></trkpt>
      <trkpt lon="-82.153045" lat="33.554961"><ele>95.408722</ele><time>2021-02-13T14:36:55Z</time><extensions><speed>1.597319</speed><course>203.554688</course><hAcc>0.876876</hAcc><vAcc>0.687264</vAcc></extensions></trkpt>
      <trkpt lon="-82.153054" lat="33.554948"><ele>95.517509</ele><time>2021-02-13T14:36:56Z</time><extensions><speed>1.573802</speed><course>210.234375</course><hAcc>0.876875</hAcc><vAcc>0.687262</vAcc></extensions></trkpt>
      <trkpt lon="-82.153062" lat="33.554936"><ele>95.622856</ele><time>2021-02-13T14:36:57Z</time><extensions><speed>1.550298</speed><course>208.476562</course><hAcc>0.876875</hAcc><vAcc>0.687261</vAcc></extensions></trkpt>
      <trkpt lon="-82.153071" lat="33.554924"><ele>95.723946</ele><time>2021-02-13T14:36:58Z</time><extensions><speed>1.528479</speed><course>216.210938</course><hAcc>0.876874</hAcc><vAcc>0.687261</vAcc></extensions></trkpt>
      <trkpt lon="-82.153080" lat="33.554913"><ele>95.819939</ele><time>2021-02-13T14:36:59Z</time><extensions><speed>1.509948</speed><course>192.656250</course><hAcc>0.876874</hAcc><vAcc>0.687260</vAcc></extensions></trkpt>
      <trkpt lon="-82.153089" lat="33.554901"><ele>95.909966</ele><time>2021-02-13T14:37:00Z</time><extensions><speed>1.495798</speed><course>205.664062</course><hAcc>0.876874</hAcc><vAcc>0.687260</vAcc></extensions></trkpt>
      <trkpt lon="-82.153098" lat="33.554890"><ele>95.993263</ele><time>2021-02-13T14:37:01Z</time><extensions><speed>1.486223</speed><course>208.125000</course><hAcc>0.876873</hAcc><vAcc>0.687259</vAcc></extensions></trkpt>
      <trkpt lon="-82.153107" lat="33.554879"><ele>96.069328</ele><time>2021-02-13T14:37:02Z</time><extensions><speed>1.480746</speed><course>168.750000</course><hAcc>0.876873</hAcc><vAcc>0.687259</vAcc></extensions></trkpt>
      <trkpt lon="-82.153117" lat="33.554869"><ele>96.137962</ele><time>2021-02-13T14:37:03Z</time><extensions><speed>1.478262</speed><course>193.359375</course><hAcc>0.876873</hAcc><vAcc>0.687259</vAcc></extensions></trkpt>
      <trkpt lon="-82.153126" lat="33.554858"><ele>96.199295</ele><time>2021-02-13T14:37:04Z</time><extensions><speed>1.477197</speed><course>207.421875</course><hAcc>0.876873</hAcc><vAcc>0.687259</vAcc></extensions></trkpt>
      <trkpt lon="-82.153136" lat="33.554848"><ele>96.253822</ele><time>2021-02-13T14:37:05Z</time><extensions><speed>1.475911</speed><course>203.203125</course><hAcc>0.876873</hAcc><vAcc>0.687259</vAcc></extensions></trkpt>
      <trkpt lon="-82.153146" lat="33.554837"><ele>96.302353</ele><time>2021-02-13T14:37:06Z</time><extensions><speed>1.472850</speed><course>198.632812</course><hAcc>0.876873</hAcc><vAcc>0.687259</vAcc></extensions></trkpt>
      <trkpt lon="-82.153156" lat="33.554827"><ele>96.346024</ele><time>2021-02-13T14:37:07Z</time><extensions><speed>1.466613</speed><course>192.304688</course><hAcc>0.876873</hAcc><vAcc>0.687259</vAcc></extensions></trkpt>
      <trkpt lon="-82.153166" lat="33.554817"><ele>96.386223</ele><time>2021-02-13T14:37:08Z</time><extensions><speed>1.455466</speed><course>197.929688</course><hAcc>0.876873</hAcc><vAcc>0.687259</vAcc></extensions></trkpt>
      <trkpt lon="-82.153176" lat="33.554807"><ele>96.424583</ele><time>2021-02-13T14:37:09Z</time><extensions><speed>1.437571</speed><course>215.859375</course><hAcc>0.876873</hAcc><vAcc>0.687259</vAcc></extensions></trkpt>
      <trkpt lon="-82.153185" lat="33.554797"><ele>96.462852</ele><time>2021-02-13T14:37:10Z</time><extensions><speed>1.412613</speed><course>224.648438</course><hAcc>0.876873</hAcc><vAcc>0.687259</vAcc></extensions></trkpt>
      <trkpt lon="-82.153195" lat="33.554787"><ele>96.502586</ele><time>2021-02-13T14:37:11Z</time><extensions><speed>1.382641</speed><course>223.242188</course><hAcc>0.876873</hAcc><vAcc>0.687259</vAcc></extensions></trkpt>
      <trkpt lon="-82.153204" lat="33.554777"><ele>96.544952</ele><time>2021-02-13T14:37:12Z</time><extensions><speed>1.351141</speed><course>219.023438</course><hAcc>0.876873</hAcc><vAcc>0.687259</vAcc></extensions></trkpt>
      <trkpt lon="-82.153213" lat="33.554768"><ele>96.590546</ele><time>2021-02-13T14:37:13Z</time><extensions><speed>1.321608</speed><course>202.148438</course><hAcc>0.876873</hAcc><vAcc>0.687259</vAcc></extensions></trkpt>
      <trkpt lon="-82.153221" lat="33.554758"><ele>96.639503</ele><time>2021-02-13T14:37:14Z</time><extensions><speed>1.296950</speed><course>203.906250</course><hAcc>0.876873</hAcc><vAcc>0.687259</vAcc></extensions></trkpt>
      <trkpt lon="-82.153230" lat="33.554749"><ele>96.691658</ele><time>2021-02-13T14:37:15Z</time><extensions><speed>1.279317</speed><course>197.929688</course><hAcc>0.876873</hAcc><vAcc>0.687259</vAcc></extensions></trkpt>
      <trkpt lon="-82.153238" lat="33.554740"><ele>96.746719</ele><time>2021-02-13T14:37:16Z</time><extensions><speed>1.269764</speed><course>216.562500</course><hAcc>0.876873</hAcc><vAcc>0.687259</vAcc></extensions></trkpt>
      <trkpt lon="-82.153246" lat="33.554730"><ele>96.804428</ele><time>2021-02-13T14:37:17Z</time><extensions><speed>1.268048</speed><course>215.156250</course><hAcc>0.876873</hAcc><vAcc>0.687260</vAcc></extensions></trkpt>
      <trkpt lon="-82.153254" lat="33.554721"><ele>96.864594</ele><time>2021-02-13T14:37:18Z</time><extensions><speed>1.272970</speed><course>227.109375</course><hAcc>0.876873</hAcc><vAcc>0.687260</vAcc></extensions></trkpt>
      <trkpt lon="-82.153261" lat="33.554712"><ele>96.927078</ele><time>2021-02-13T14:37:19Z</time><extensions><speed>1.282961</speed><course>223.593750</course><hAcc>0.876873</hAcc><vAcc>0.687260</vAcc></extensions></trkpt>
      <trkpt lon="-82.153269" lat="33.554702"><ele>96.991852</ele><time>2021-02-13T14:37:20Z</time><extensions><speed>1.296383</speed><course>215.156250</course><hAcc>0.876873</hAcc><vAcc>0.687260</vAcc></extensions></trkpt>
      <trkpt lon="-82.153278" lat="33.554692"><ele>97.058922</ele><time>2021-02-13T14:37:21Z</time><extensions><speed>1.311840</speed><course>204.960938</course><hAcc>0.876873</hAcc><vAcc>0.687260</vAcc></extensions></trkpt>
      <trkpt lon="-82.153286" lat="33.554683"><ele>97.128288</ele><time>2021-02-13T14:37:22Z</time><extensions><speed>1.328516</speed><course>197.929688</course><hAcc>0.876873</hAcc><vAcc>0.687260</vAcc></extensions></trkpt>
      <trkpt lon="-82.153294" lat="33.554673"><ele>97.199944</ele><time>2021-02-13T14:37:23Z</time><extensions><speed>1.346145</speed><course>199.335938</course><hAcc>0.876873</hAcc><vAcc>0.687260</vAcc></extensions></trkpt>
      <trkpt lon="-82.153303" lat="33.554663"><ele>97.273758</ele><time>2021-02-13T14:37:24Z</time><extensions><speed>1.364761</speed><course>206.367188</course><hAcc>0.876873</hAcc><vAcc>0.687260</vAcc></extensions></trkpt>
      <trkpt lon="-82.153312" lat="33.554654"><ele>97.349449</ele><time>2021-02-13T14:37:25Z</time><extensions><speed>1.384761</speed><course>219.726562</course><hAcc>0.876873</hAcc><vAcc>0.687260</vAcc></extensions></trkpt>
      <trkpt lon="-82.153322" lat="33.554644"><ele>97.426628</ele><time>2021-02-13T14:37:26Z</time><extensions><speed>1.406807</speed><course>226.757812</course><hAcc>0.876873</hAcc><vAcc>0.687260</vAcc></extensions></trkpt>
      <trkpt lon="-82.153332" lat="33.554634"><ele>97.504822</ele><time>2021-02-13T14:37:27Z</time><extensions><speed>1.431771</speed><course>228.164062</course><hAcc>0.876873</hAcc><vAcc>0.687260</vAcc></extensions></trkpt>
      <trkpt lon="-82.153342" lat="33.554624"><ele>97.583397</ele><time>2021-02-13T14:37:28Z</time><extensions><speed>1.460571</speed><course>230.976562</course><hAcc>0.876873</hAcc><vAcc>0.687260</vAcc></extensions></trkpt>
      <trkpt lon="-82.153353" lat="33.554615"><ele>97.661659</ele><time>2021-02-13T14:37:29Z</time><extensions><speed>1.493132</speed><course>224.296875</course><hAcc>0.876873</hAcc><vAcc>0.687260</vAcc></extensions></trkpt>
      <trkpt lon="-82.153364" lat="33.554605"><ele>97.738976</ele><time>2021-02-13T14:37:30Z</time><extensions><speed>1.527952</speed><course>226.406250</course><hAcc>0.876873</hAcc><vAcc>0.687260</vAcc></extensions></trkpt>
      <trkpt lon="-82.153376" lat="33.554595"><ele>97.815109</ele><time>2021-02-13T14:37:31Z</time><extensions><speed>1.562682</speed><course>221.835938</course><hAcc>0.876873</hAcc><vAcc>0.687260</vAcc></extensions></trkpt>
      <trkpt lon="-82.153388" lat="33.554585"><ele>97.890251</ele><time>2021-02-13T14:37:32Z</time><extensions><speed>1.595064</speed><course>219.023438</course><hAcc>0.876873</hAcc><vAcc>0.687260</vAcc></extensions></trkpt>
      <trkpt lon="-82.153401" lat="33.554575"><ele>97.964775</ele><time>2021-02-13T14:37:33Z</time><extensions><speed>1.623661</speed><course>221.484375</course><hAcc>0.876873</hAcc><vAcc>0.687260</vAcc></extensions></trkpt>
      <trkpt lon="-82.153414" lat="33.554565"><ele>98.038849</ele><time>2021-02-13T14:37:34Z</time><extensions><speed>1.647751</speed><course>219.726562</course><hAcc>0.876873</hAcc><vAcc>0.687260</vAcc></extensions></trkpt>
      <trkpt lon="-82.153428" lat="33.554556"><ele>98.112404</ele><time>2021-02-13T14:37:35Z</time><extensions><speed>1.666909</speed><course>219.023438</course><hAcc>0.876873</hAcc><vAcc>0.687260</vAcc></extensions></trkpt>
      <trkpt lon="-82.153441" lat="33.554546"><ele>98.185265</ele><time>2021-02-13T14:37:36Z</time><extensions><speed>1.680622</speed><course>211.289062</course><hAcc>0.876872</hAcc><vAcc>0.687260</vAcc></extensions></trkpt>
      <trkpt lon="-82.153455" lat="33.554536"><ele>98.257156</ele><time>2021-02-13T14:37:37Z</time><extensions><speed>1.688181</speed><course>217.265625</course><hAcc>0.876872</hAcc><vAcc>0.687260</vAcc></extensions></trkpt>
      <trkpt lon="-82.153469" lat="33.554527"><ele>98.327820</ele><time>2021-02-13T14:37:38Z</time><extensions><speed>1.688820</speed><course>226.054688</course><hAcc>0.876872</hAcc><vAcc>0.687260</vAcc></extensions></trkpt>
      <trkpt lon="-82.153484" lat="33.554517"><ele>98.397125</ele><time>2021-02-13T14:37:39Z</time><extensions><speed>1.681809</speed><course>233.437500</course><hAcc>0.876872</hAcc><vAcc>0.687260</vAcc></extensions></trkpt>
      <trkpt lon="-82.153498" lat="33.554508"><ele>98.465088</ele><time>2021-02-13T14:37:40Z</time><extensions><speed>1.666682</speed><course>227.812500</course><hAcc>0.876872</hAcc><vAcc>0.687260</vAcc></extensions></trkpt>
      <trkpt lon="-82.153512" lat="33.554498"><ele>98.531807</ele><time>2021-02-13T14:37:41Z</time><extensions><speed>1.643296</speed><course>223.593750</course><hAcc>0.876872</hAcc><vAcc>0.687260</vAcc></extensions></trkpt>
      <trkpt lon="-82.153525" lat="33.554489"><ele>98.597435</ele><time>2021-02-13T14:37:42Z</time><extensions><speed>1.611795</speed><course>222.890625</course><hAcc>0.876872</hAcc><vAcc>0.687260</vAcc></extensions></trkpt>
      <trkpt lon="-82.153538" lat="33.554480"><ele>98.662193</ele><time>2021-02-13T14:37:43Z</time><extensions><speed>1.572763</speed><course>238.710938</course><hAcc>0.876872</hAcc><vAcc>0.687260</vAcc></extensions></trkpt>
      <trkpt lon="-82.153551" lat="33.554470"><ele>98.726341</ele><time>2021-02-13T14:37:44Z</time><extensions><speed>1.527125</speed><course>233.085938</course><hAcc>0.876872</hAcc><vAcc>0.687260</vAcc></extensions></trkpt>
      <trkpt lon="-82.153562" lat="33.554461"><ele>98.790154</ele><time>2021-02-13T14:37:45Z</time><extensions><speed>1.476145</speed><course>235.195312</course><hAcc>0.876872</hAcc><vAcc>0.687260</vAcc></extensions></trkpt>
      <trkpt lon="-82.153573" lat="33.554452"><ele>98.853897</ele><time>2021-02-13T14:37:46Z</time><extensions><speed>1.421540</speed><course>231.328125</course><hAcc>0.876872</hAcc><vAcc>0.687260</vAcc></extensions></trkpt>
      <trkpt lon="-82.153583" lat="33.554442"><ele>98.917862</ele><time>2021-02-13T14:37:47Z</time><extensions><speed>1.365351</speed><course>224.296875</course><hAcc>0.876872</hAcc><vAcc>0.687260</vAcc></extensions></trkpt>
      <trkpt lon="-82.153592" lat="33.554433"><ele>98.982399</ele><time>2021-02-13T14:37:48Z</time><extensions><speed>1.309689</speed><course>219.726562</course><hAcc>0.876872</hAcc><vAcc>0.687260</vAcc></extensions></trkpt>
      <trkpt lon="-82.153600" lat="33.554424"><ele>99.047173</ele><time>2021-02-13T14:37:49Z</time><extensions><speed>1.256365</speed><course>209.179688</course><hAcc>0.876872</hAcc><vAcc>0.687260</vAcc></extensions></trkpt>
      <trkpt lon="-82.153608" lat="33.554414"><ele>99.109711</ele><time>2021-02-13T14:37:50Z</time><extensions><speed>1.206502</speed><course>204.257812</course><hAcc>0.876872</hAcc><vAcc>0.687260</vAcc></extensions></trkpt>
      <trkpt lon="-82.153614" lat="33.554405"><ele>99.166710</ele><time>2021-02-13T14:37:51Z</time><extensions><speed>1.160120</speed><course>205.312500</course><hAcc>0.876872</hAcc><vAcc>0.687261</vAcc></extensions></trkpt>
      <trkpt lon="-82.153620" lat="33.554396"><ele>99.217018</ele><time>2021-02-13T14:37:52Z</time><extensions><speed>1.117250</speed><course>231.679688</course><hAcc>0.876872</hAcc><vAcc>0.687261</vAcc></extensions></trkpt>
      <trkpt lon="-82.153624" lat="33.554387"><ele>99.261185</ele><time>2021-02-13T14:37:53Z</time><extensions><speed>1.078716</speed><course>221.132812</course><hAcc>0.876872</hAcc><vAcc>0.687261</vAcc></extensions></trkpt>
      <trkpt lon="-82.153629" lat="33.554378"><ele>99.299713</ele><time>2021-02-13T14:37:54Z</time><extensions><speed>1.045468</speed><course>223.242188</course><hAcc>0.876872</hAcc><vAcc>0.687261</vAcc></extensions></trkpt>
      <trkpt lon="-82.153632" lat="33.554369"><ele>99.332863</ele><time>2021-02-13T14:37:55Z</time><extensions><speed>1.018491</speed><course>224.648438</course><hAcc>0.876872</hAcc><vAcc>0.687261</vAcc></extensions></trkpt>
      <trkpt lon="-82.153635" lat="33.554361"><ele>99.360558</ele><time>2021-02-13T14:37:56Z</time><extensions><speed>0.998549</speed><course>222.539062</course><hAcc>0.876872</hAcc><vAcc>0.687261</vAcc></extensions></trkpt>
      <trkpt lon="-82.153638" lat="33.554352"><ele>99.382446</ele><time>2021-02-13T14:37:57Z</time><extensions><speed>0.985785</speed><course>199.687500</course><hAcc>0.876872</hAcc><vAcc>0.687261</vAcc></extensions></trkpt>
      <trkpt lon="-82.153640" lat="33.554343"><ele>99.397789</ele><time>2021-02-13T14:37:58Z</time><extensions><speed>0.979576</speed><course>191.601562</course><hAcc>0.876872</hAcc><vAcc>0.687261</vAcc></extensions></trkpt>
      <trkpt lon="-82.153643" lat="33.554335"><ele>99.405655</ele><time>2021-02-13T14:37:59Z</time><extensions><speed>0.978786</speed><course>171.914062</course><hAcc>0.876872</hAcc><vAcc>0.687261</vAcc></extensions></trkpt>
      <trkpt lon="-82.153645" lat="33.554326"><ele>99.405258</ele><time>2021-02-13T14:38:00Z</time><extensions><speed>0.982398</speed><course>192.656250</course><hAcc>0.876872</hAcc><vAcc>0.687261</vAcc></extensions></trkpt>
      <trkpt lon="-82.153648" lat="33.554317"><ele>99.396019</ele><time>2021-02-13T14:38:01Z</time><extensions><speed>0.989796</speed><course>200.390625</course><hAcc>0.876872</hAcc><vAcc>0.687261</vAcc></extensions></trkpt>
      <trkpt lon="-82.153651" lat="33.554309"><ele>99.377594</ele><time>2021-02-13T14:38:02Z</time><extensions><speed>1.000846</speed><course>206.367188</course><hAcc>0.876872</hAcc><vAcc>0.687261</vAcc></extensions></trkpt>
      <trkpt lon="-82.153654" lat="33.554300"><ele>99.349854</ele><time>2021-02-13T14:38:03Z</time><extensions><speed>1.015956</speed><course>202.500000</course><hAcc>0.876872</hAcc><vAcc>0.687261</vAcc></extensions></trkpt>
      <trkpt lon="-82.153658" lat="33.554292"><ele>99.312843</ele><time>2021-02-13T14:38:04Z</time><extensions><speed>1.035721</speed><course>203.906250</course><hAcc>0.876872</hAcc><vAcc>0.687261</vAcc></extensions></trkpt>
      <trkpt lon="-82.153662" lat="33.554283"><ele>99.266647</ele><time>2021-02-13T14:38:05Z</time><extensions><speed>1.060558</speed><course>207.773438</course><hAcc>0.876872</hAcc><vAcc>0.687261</vAcc></extensions></trkpt>
      <trkpt lon="-82.153667" lat="33.554274"><ele>99.211388</ele><time>2021-02-13T14:38:06Z</time><extensions><speed>1.090614</speed><course>210.234375</course><hAcc>0.876873</hAcc><vAcc>0.687261</vAcc></extensions></trkpt>
      <trkpt lon="-82.153673" lat="33.554265"><ele>99.147263</ele><time>2021-02-13T14:38:07Z</time><extensions><speed>1.125635</speed><course>211.289062</course><hAcc>0.876873</hAcc><vAcc>0.687261</vAcc></extensions></trkpt>
      <trkpt lon="-82.153679" lat="33.554256"><ele>99.074562</ele><time>2021-02-13T14:38:08Z</time><extensions><speed>1.164751</speed><course>204.960938</course><hAcc>0.876873</hAcc><vAcc>0.687261</vAcc></extensions></trkpt>
      <trkpt lon="-82.153685" lat="33.554247"><ele>98.993790</ele><time>2021-02-13T14:38:09Z</time><extensions><speed>1.206329</speed><course>207.773438</course><hAcc>0.876873</hAcc><vAcc>0.687261</vAcc></extensions></trkpt>
      <trkpt lon="-82.153692" lat="33.554238"><ele>98.905754</ele><time>2021-02-13T14:38:10Z</time><extensions><speed>1.248159</speed><course>203.203125</course><hAcc>0.876873</hAcc><vAcc>0.687261</vAcc></extensions></trkpt>
      <trkpt lon="-82.153700" lat="33.554228"><ele>98.811279</ele><time>2021-02-13T14:38:11Z</time><extensions><speed>1.287970</speed><course>205.664062</course><hAcc>0.876873</hAcc><vAcc>0.687262</vAcc></extensions></trkpt>
      <trkpt lon="-82.153708" lat="33.554218"><ele>98.711151</ele><time>2021-02-13T14:38:12Z</time><extensions><speed>1.323686</speed><course>212.695312</course><hAcc>0.876873</hAcc><vAcc>0.687262</vAcc></extensions></trkpt>
      <trkpt lon="-82.153716" lat="33.554209"><ele>98.606232</ele><time>2021-02-13T14:38:13Z</time><extensions><speed>1.354221</speed><course>215.507812</course><hAcc>0.876873</hAcc><vAcc>0.687262</vAcc></extensions></trkpt>
      <trkpt lon="-82.153725" lat="33.554199"><ele>98.497375</ele><time>2021-02-13T14:38:14Z</time><extensions><speed>1.380270</speed><course>212.695312</course><hAcc>0.876874</hAcc><vAcc>0.687263</vAcc></extensions></trkpt>
      <trkpt lon="-82.153734" lat="33.554189"><ele>98.385178</ele><time>2021-02-13T14:38:15Z</time><extensions><speed>1.403540</speed><course>206.015625</course><hAcc>0.876875</hAcc><vAcc>0.687265</vAcc></extensions></trkpt>
      <trkpt lon="-82.153744" lat="33.554179"><ele>98.269943</ele><time>2021-02-13T14:38:16Z</time><extensions><speed>1.425486</speed><course>205.664062</course><hAcc>0.876877</hAcc><vAcc>0.687268</vAcc></extensions></trkpt>
      <trkpt lon="-82.153753" lat="33.554169"><ele>98.151878</ele><time>2021-02-13T14:38:17Z</time><extensions><speed>1.446496</speed><course>220.078125</course><hAcc>0.876880</hAcc><vAcc>0.687272</vAcc></extensions></trkpt>
      <trkpt lon="-82.153764" lat="33.554159"><ele>98.031189</ele><time>2021-02-13T14:38:18Z</time><extensions><speed>1.466190</speed><course>226.757812</course><hAcc>0.876886</hAcc><vAcc>0.687277</vAcc></extensions></trkpt>
      <trkpt lon="-82.153774" lat="33.554148"><ele>97.908188</ele><time>2021-02-13T14:38:19Z</time><extensions><speed>1.483949</speed><course>227.460938</course><hAcc>0.876894</hAcc><vAcc>0.687285</vAcc></extensions></trkpt>
      <trkpt lon="-82.153784" lat="33.554138"><ele>97.783379</ele><time>2021-02-13T14:38:20Z</time><extensions><speed>1.498767</speed><course>233.085938</course><hAcc>0.876907</hAcc><vAcc>0.687297</vAcc></extensions></trkpt>
      <trkpt lon="-82.153795" lat="33.554128"><ele>97.657532</ele><time>2021-02-13T14:38:21Z</time><extensions><speed>1.509485</speed><course>216.914062</course><hAcc>0.876927</hAcc><vAcc>0.687311</vAcc></extensions></trkpt>
      <trkpt lon="-82.153806" lat="33.554118"><ele>97.531624</ele><time>2021-02-13T14:38:22Z</time><extensions><speed>1.515329</speed><course>218.671875</course><hAcc>0.876954</hAcc><vAcc>0.687329</vAcc></extensions></trkpt>
      <trkpt lon="-82.153817" lat="33.554108"><ele>97.406746</ele><time>2021-02-13T14:38:23Z</time><extensions><speed>1.516184</speed><course>221.484375</course><hAcc>0.876990</hAcc><vAcc>0.687352</vAcc></extensions></trkpt>
      <trkpt lon="-82.153828" lat="33.554098"><ele>97.283913</ele><time>2021-02-13T14:38:24Z</time><extensions><speed>1.512437</speed><course>227.460938</course><hAcc>0.877037</hAcc><vAcc>0.687378</vAcc></extensions></trkpt>
      <trkpt lon="-82.153838" lat="33.554087"><ele>97.163918</ele><time>2021-02-13T14:38:25Z</time><extensions><speed>1.504640</speed><course>223.593750</course><hAcc>0.877095</hAcc><vAcc>0.687406</vAcc></extensions></trkpt>
      <trkpt lon="-82.153849" lat="33.554077"><ele>97.047302</ele><time>2021-02-13T14:38:26Z</time><extensions><speed>1.493434</speed><course>228.867188</course><hAcc>0.877164</hAcc><vAcc>0.687437</vAcc></extensions></trkpt>
      <trkpt lon="-82.153860" lat="33.554067"><ele>96.934486</ele><time>2021-02-13T14:38:27Z</time><extensions><speed>1.479638</speed><course>227.109375</course><hAcc>0.877241</hAcc><vAcc>0.687467</vAcc></extensions></trkpt>
      <trkpt lon="-82.153870" lat="33.554057"><ele>96.825752</ele><time>2021-02-13T14:38:28Z</time><extensions><speed>1.464023</speed><course>227.109375</course><hAcc>0.877322</hAcc><vAcc>0.687494</vAcc></extensions></trkpt>
      <trkpt lon="-82.153881" lat="33.554048"><ele>96.721344</ele><time>2021-02-13T14:38:29Z</time><extensions><speed>1.447076</speed><course>224.296875</course><hAcc>0.877401</hAcc><vAcc>0.687515</vAcc></extensions></trkpt>
      <trkpt lon="-82.153891" lat="33.554038"><ele>96.621506</ele><time>2021-02-13T14:38:30Z</time><extensions><speed>1.429202</speed><course>224.296875</course><hAcc>0.877470</hAcc><vAcc>0.687530</vAcc></extensions></trkpt>
      <trkpt lon="-82.153901" lat="33.554028"><ele>96.526443</ele><time>2021-02-13T14:38:31Z</time><extensions><speed>1.410996</speed><course>227.109375</course><hAcc>0.877522</hAcc><vAcc>0.687538</vAcc></extensions></trkpt>
      <trkpt lon="-82.153910" lat="33.554018"><ele>96.436165</ele><time>2021-02-13T14:38:32Z</time><extensions><speed>1.393039</speed><course>238.359375</course><hAcc>0.877554</hAcc><vAcc>0.687547</vAcc></extensions></trkpt>
      <trkpt lon="-82.153919" lat="33.554008"><ele>96.350578</ele><time>2021-02-13T14:38:33Z</time><extensions><speed>1.375758</speed><course>240.117188</course><hAcc>0.877576</hAcc><vAcc>0.687569</vAcc></extensions></trkpt>
      <trkpt lon="-82.153928" lat="33.553998"><ele>96.269661</ele><time>2021-02-13T14:38:34Z</time><extensions><speed>1.359702</speed><course>235.898438</course><hAcc>0.877616</hAcc><vAcc>0.687633</vAcc></extensions></trkpt>
      <trkpt lon="-82.153937" lat="33.553989"><ele>96.193413</ele><time>2021-02-13T14:38:35Z</time><extensions><speed>1.345557</speed><course>210.234375</course><hAcc>0.877741</hAcc><vAcc>0.687786</vAcc></extensions></trkpt>
      <trkpt lon="-82.153945" lat="33.553979"><ele>96.121811</ele><time>2021-02-13T14:38:36Z</time><extensions><speed>1.333836</speed><course>211.289062</course><hAcc>0.878071</hAcc><vAcc>0.688098</vAcc></extensions></trkpt>
      <trkpt lon="-82.153954" lat="33.553969"><ele>96.054924</ele><time>2021-02-13T14:38:37Z</time><extensions><speed>1.324646</speed><course>220.429688</course><hAcc>0.878806</hAcc><vAcc>0.688677</vAcc></extensions></trkpt>
      <trkpt lon="-82.153962" lat="33.553960"><ele>95.992996</ele><time>2021-02-13T14:38:38Z</time><extensions><speed>1.317647</speed><course>213.046875</course><hAcc>0.880250</hAcc><vAcc>0.689668</vAcc></extensions></trkpt>
      <trkpt lon="-82.153971" lat="33.553950"><ele>95.936478</ele><time>2021-02-13T14:38:39Z</time><extensions><speed>1.312665</speed><course>189.140625</course><hAcc>0.882838</hAcc><vAcc>0.691262</vAcc></extensions></trkpt>
      <trkpt lon="-82.153980" lat="33.553941"><ele>95.885910</ele><time>2021-02-13T14:38:40Z</time><extensions><speed>1.310683</speed><course>180.000000</course><hAcc>0.887147</hAcc><vAcc>0.693694</vAcc></extensions></trkpt>
      <trkpt lon="-82.153989" lat="33.553932"><ele>95.841782</ele><time>2021-02-13T14:38:41Z</time><extensions><speed>1.313396</speed><course>190.195312</course><hAcc>0.893897</hAcc><vAcc>0.697236</vAcc></extensions></trkpt>
      <trkpt lon="-82.153999" lat="33.553924"><ele>95.804482</ele><time>2021-02-13T14:38:42Z</time><extensions><speed>1.321844</speed><course>200.742188</course><hAcc>0.903910</hAcc><vAcc>0.702181</vAcc></extensions></trkpt>
      <trkpt lon="-82.154010" lat="33.553916"><ele>95.774361</ele><time>2021-02-13T14:38:43Z</time><extensions><speed>1.335461</speed><course>215.507812</course><hAcc>0.918027</hAcc><vAcc>0.708806</vAcc></extensions></trkpt>
      <trkpt lon="-82.154021" lat="33.553908"><ele>95.751755</ele><time>2021-02-13T14:38:44Z</time><extensions><speed>1.352260</speed><course>219.726562</course><hAcc>0.936974</hAcc><vAcc>0.717326</vAcc></extensions></trkpt>
      <trkpt lon="-82.154033" lat="33.553901"><ele>95.736946</ele><time>2021-02-13T14:38:45Z</time><extensions><speed>1.369858</speed><course>229.570312</course><hAcc>0.961173</hAcc><vAcc>0.727836</vAcc></extensions></trkpt>
      <trkpt lon="-82.154045" lat="33.553895"><ele>95.736526</ele><time>2021-02-13T14:38:46Z</time><extensions><speed>1.379121</speed><course>246.093750</course><hAcc>0.989330</hAcc><vAcc>0.739651</vAcc></extensions></trkpt>
      <trkpt lon="-82.154058" lat="33.553888"><ele>95.739922</ele><time>2021-02-13T14:38:47Z</time><extensions><speed>1.391284</speed><course>241.171875</course><hAcc>1.022373</hAcc><vAcc>0.753249</vAcc></extensions></trkpt>
      <trkpt lon="-82.154071" lat="33.553882"><ele>95.751762</ele><time>2021-02-13T14:38:48Z</time><extensions><speed>1.399578</speed><course>247.500000</course><hAcc>1.057949</hAcc><vAcc>0.767630</vAcc></extensions></trkpt>
      <trkpt lon="-82.154085" lat="33.553876"><ele>95.772171</ele><time>2021-02-13T14:38:49Z</time><extensions><speed>1.403482</speed><course>258.750000</course><hAcc>1.093921</hAcc><vAcc>0.781957</vAcc></extensions></trkpt>
      <trkpt lon="-82.154098" lat="33.553870"><ele>95.801224</ele><time>2021-02-13T14:38:50Z</time><extensions><speed>1.402536</speed><course>255.234375</course><hAcc>1.128409</hAcc><vAcc>0.795504</vAcc></extensions></trkpt>
      <trkpt lon="-82.154111" lat="33.553864"><ele>95.838875</ele><time>2021-02-13T14:38:51Z</time><extensions><speed>1.396778</speed><course>254.882812</course><hAcc>1.160140</hAcc><vAcc>0.807790</vAcc></extensions></trkpt>
      <trkpt lon="-82.154125" lat="33.553859"><ele>95.884888</ele><time>2021-02-13T14:38:52Z</time><extensions><speed>1.386699</speed><course>247.851562</course><hAcc>1.188374</hAcc><vAcc>0.818550</vAcc></extensions></trkpt>
      <trkpt lon="-82.154138" lat="33.553853"><ele>95.938934</ele><time>2021-02-13T14:38:53Z</time><extensions><speed>1.373217</speed><course>252.421875</course><hAcc>1.212788</hAcc><vAcc>0.827688</vAcc></extensions></trkpt>
      <trkpt lon="-82.154151" lat="33.553847"><ele>96.000618</ele><time>2021-02-13T14:38:54Z</time><extensions><speed>1.357621</speed><course>252.070312</course><hAcc>1.233368</hAcc><vAcc>0.835235</vAcc></extensions></trkpt>
      <trkpt lon="-82.154164" lat="33.553841"><ele>96.069496</ele><time>2021-02-13T14:38:55Z</time><extensions><speed>1.341466</speed><course>258.046875</course><hAcc>1.250308</hAcc><vAcc>0.841304</vAcc></extensions></trkpt>
      <trkpt lon="-82.154176" lat="33.553835"><ele>96.145119</ele><time>2021-02-13T14:38:56Z</time><extensions><speed>1.326439</speed><course>260.156250</course><hAcc>1.263939</hAcc><vAcc>0.846060</vAcc></extensions></trkpt>
      <trkpt lon="-82.154188" lat="33.553829"><ele>96.227097</ele><time>2021-02-13T14:38:57Z</time><extensions><speed>1.314048</speed><course>260.859375</course><hAcc>1.274659</hAcc><vAcc>0.849691</vAcc></extensions></trkpt>
      <trkpt lon="-82.154200" lat="33.553823"><ele>96.315086</ele><time>2021-02-13T14:38:58Z</time><extensions><speed>1.305502</speed><course>247.148438</course><hAcc>1.282897</hAcc><vAcc>0.852388</vAcc></extensions></trkpt>
      <trkpt lon="-82.154212" lat="33.553817"><ele>96.408821</ele><time>2021-02-13T14:38:59Z</time><extensions><speed>1.301797</speed><course>238.710938</course><hAcc>1.289073</hAcc><vAcc>0.854333</vAcc></extensions></trkpt>
      <trkpt lon="-82.154224" lat="33.553810"><ele>96.508041</ele><time>2021-02-13T14:39:00Z</time><extensions><speed>1.303594</speed><course>243.281250</course><hAcc>1.293580</hAcc><vAcc>0.855692</vAcc></extensions></trkpt>
      <trkpt lon="-82.154235" lat="33.553804"><ele>96.612511</ele><time>2021-02-13T14:39:01Z</time><extensions><speed>1.311023</speed><course>255.585938</course><hAcc>1.296772</hAcc><vAcc>0.856606</vAcc></extensions></trkpt>
      <trkpt lon="-82.154247" lat="33.553797"><ele>96.721863</ele><time>2021-02-13T14:39:02Z</time><extensions><speed>1.323650</speed><course>258.398438</course><hAcc>1.298956</hAcc><vAcc>0.857193</vAcc></extensions></trkpt>
      <trkpt lon="-82.154258" lat="33.553789"><ele>96.835632</ele><time>2021-02-13T14:39:03Z</time><extensions><speed>1.340789</speed><course>253.125000</course><hAcc>1.300386</hAcc><vAcc>0.857548</vAcc></extensions></trkpt>
      <trkpt lon="-82.154270" lat="33.553782"><ele>96.953194</ele><time>2021-02-13T14:39:04Z</time><extensions><speed>1.361850</speed><course>246.445312</course><hAcc>1.301272</hAcc><vAcc>0.857746</vAcc></extensions></trkpt>
      <trkpt lon="-82.154281" lat="33.553774"><ele>97.073822</ele><time>2021-02-13T14:39:05Z</time><extensions><speed>1.386370</speed><course>256.992188</course><hAcc>1.301780</hAcc><vAcc>0.857842</vAcc></extensions></trkpt>
      <trkpt lon="-82.154293" lat="33.553766"><ele>97.196724</ele><time>2021-02-13T14:39:06Z</time><extensions><speed>1.413863</speed><course>259.804688</course><hAcc>1.302035</hAcc><vAcc>0.857876</vAcc></extensions></trkpt>
      <trkpt lon="-82.154304" lat="33.553757"><ele>97.321075</ele><time>2021-02-13T14:39:07Z</time><extensions><speed>1.443779</speed><course>258.046875</course><hAcc>1.302134</hAcc><vAcc>0.857875</vAcc></extensions></trkpt>
      <trkpt lon="-82.154316" lat="33.553748"><ele>97.445946</ele><time>2021-02-13T14:39:08Z</time><extensions><speed>1.475420</speed><course>246.796875</course><hAcc>1.302143</hAcc><vAcc>0.857858</vAcc></extensions></trkpt>
      <trkpt lon="-82.154327" lat="33.553739"><ele>97.570351</ele><time>2021-02-13T14:39:09Z</time><extensions><speed>1.507930</speed><course>252.421875</course><hAcc>1.302111</hAcc><vAcc>0.857837</vAcc></extensions></trkpt>
      <trkpt lon="-82.154339" lat="33.553729"><ele>97.693253</ele><time>2021-02-13T14:39:10Z</time><extensions><speed>1.540558</speed><course>261.562500</course><hAcc>1.302068</hAcc><vAcc>0.857819</vAcc></extensions></trkpt>
      <trkpt lon="-82.154350" lat="33.553719"><ele>97.813576</ele><time>2021-02-13T14:39:11Z</time><extensions><speed>1.572809</speed><course>244.687500</course><hAcc>1.302036</hAcc><vAcc>0.857806</vAcc></extensions></trkpt>
      <trkpt lon="-82.154362" lat="33.553709"><ele>97.930260</ele><time>2021-02-13T14:39:12Z</time><extensions><speed>1.604447</speed><course>253.476562</course><hAcc>1.302024</hAcc><vAcc>0.857802</vAcc></extensions></trkpt>
      <trkpt lon="-82.154374" lat="33.553698"><ele>98.042259</ele><time>2021-02-13T14:39:13Z</time><extensions><speed>1.635444</speed><course>262.265625</course><hAcc>1.302036</hAcc><vAcc>0.857806</vAcc></extensions></trkpt>
      <trkpt lon="-82.154386" lat="33.553687"><ele>98.148643</ele><time>2021-02-13T14:39:14Z</time><extensions><speed>1.665818</speed><course>256.289062</course><hAcc>1.302069</hAcc><vAcc>0.857818</vAcc></extensions></trkpt>
      <trkpt lon="-82.154398" lat="33.553676"><ele>98.248665</ele><time>2021-02-13T14:39:15Z</time><extensions><speed>1.695760</speed><course>255.234375</course><hAcc>1.302111</hAcc><vAcc>0.857837</vAcc></extensions></trkpt>
      <trkpt lon="-82.154411" lat="33.553664"><ele>98.341713</ele><time>2021-02-13T14:39:16Z</time><extensions><speed>1.725451</speed><course>253.476562</course><hAcc>1.302143</hAcc><vAcc>0.857858</vAcc></extensions></trkpt>
      <trkpt lon="-82.154423" lat="33.553653"><ele>98.427269</ele><time>2021-02-13T14:39:17Z</time><extensions><speed>1.754489</speed><course>247.148438</course><hAcc>1.302133</hAcc><vAcc>0.857874</vAcc></extensions></trkpt>
      <trkpt lon="-82.154435" lat="33.553641"><ele>98.504890</ele><time>2021-02-13T14:39:18Z</time><extensions><speed>1.781901</speed><course>258.398438</course><hAcc>1.302035</hAcc><vAcc>0.857874</vAcc></extensions></trkpt>
      <trkpt lon="-82.154448" lat="33.553628"><ele>98.574135</ele><time>2021-02-13T14:39:19Z</time><extensions><speed>1.806513</speed><course>259.804688</course><hAcc>1.301779</hAcc><vAcc>0.857840</vAcc></extensions></trkpt>
      <trkpt lon="-82.154461" lat="33.553616"><ele>98.634605</ele><time>2021-02-13T14:39:20Z</time><extensions><speed>1.827201</speed><course>241.523438</course><hAcc>1.301270</hAcc><vAcc>0.857743</vAcc></extensions></trkpt>
      <trkpt lon="-82.154474" lat="33.553603"><ele>98.685890</ele><time>2021-02-13T14:39:21Z</time><extensions><speed>1.842970</speed><course>254.882812</course><hAcc>1.300383</hAcc><vAcc>0.857544</vAcc></extensions></trkpt>
      <trkpt lon="-82.154487" lat="33.553591"><ele>98.727562</ele><time>2021-02-13T14:39:22Z</time><extensions><speed>1.853039</speed><course>246.796875</course><hAcc>1.298951</hAcc><vAcc>0.857186</vAcc></extensions></trkpt>
      <trkpt lon="-82.154499" lat="33.553578"><ele>98.759232</ele><time>2021-02-13T14:39:23Z</time><extensions><speed>1.856952</speed><course>256.992188</course><hAcc>1.296766</hAcc><vAcc>0.856597</vAcc></extensions></trkpt>
      <trkpt lon="-82.154512" lat="33.553565"><ele>98.780518</ele><time>2021-02-13T14:39:24Z</time><extensions><speed>1.854764</speed><course>254.179688</course><hAcc>1.293571</hAcc><vAcc>0.855681</vAcc></extensions></trkpt>
      <trkpt lon="-82.154525" lat="33.553552"><ele>98.791138</ele><time>2021-02-13T14:39:25Z</time><extensions><speed>1.846932</speed><course>253.828125</course><hAcc>1.289060</hAcc><vAcc>0.854319</vAcc></extensions></trkpt>
      <trkpt lon="-82.154538" lat="33.553540"><ele>98.790924</ele><time>2021-02-13T14:39:26Z</time><extensions><speed>1.834017</speed><course>252.070312</course><hAcc>1.282881</hAcc><vAcc>0.852370</vAcc></extensions></trkpt>
      <trkpt lon="-82.154551" lat="33.553527"><ele>98.779854</ele><time>2021-02-13T14:39:27Z</time><extensions><speed>1.816671</speed><course>246.445312</course><hAcc>1.274639</hAcc><vAcc>0.849669</vAcc></extensions></trkpt>
      <trkpt lon="-82.154564" lat="33.553515"><ele>98.758018</ele><time>2021-02-13T14:39:28Z</time><extensions><speed>1.795664</speed><course>247.851562</course><hAcc>1.263913</hAcc><vAcc>0.846034</vAcc></extensions></trkpt>
      <trkpt lon="-82.154577" lat="33.553503"><ele>98.725639</ele><time>2021-02-13T14:39:29Z</time><extensions><speed>1.771799</speed><course>243.984375</course><hAcc>1.250277</hAcc><vAcc>0.841273</vAcc></extensions></trkpt>
      <trkpt lon="-82.154589" lat="33.553491"><ele>98.683014</ele><time>2021-02-13T14:39:30Z</time><extensions><speed>1.745837</speed><course>249.609375</course><hAcc>1.233331</hAcc><vAcc>0.835200</vAcc></extensions></trkpt>
      <trkpt lon="-82.154602" lat="33.553480"><ele>98.630478</ele><time>2021-02-13T14:39:31Z</time><extensions><speed>1.718539</speed><course>251.718750</course><hAcc>1.212746</hAcc><vAcc>0.827650</vAcc></extensions></trkpt>
      <trkpt lon="-82.154616" lat="33.553470"><ele>98.568321</ele><time>2021-02-13T14:39:32Z</time><extensions><speed>1.690624</speed><course>247.148438</course><hAcc>1.188326</hAcc><vAcc>0.818509</vAcc></extensions></trkpt>
      <trkpt lon="-82.154629" lat="33.553459"><ele>98.496750</ele><time>2021-02-13T14:39:33Z</time><extensions><speed>1.662900</speed><course>251.367188</course><hAcc>1.160087</hAcc><vAcc>0.807747</vAcc></extensions></trkpt>
      <trkpt lon="-82.154643" lat="33.553450"><ele>98.415916</ele><time>2021-02-13T14:39:34Z</time><extensions><speed>1.636537</speed><course>249.609375</course><hAcc>1.128352</hAcc><vAcc>0.795461</vAcc></extensions></trkpt>
      <trkpt lon="-82.154656" lat="33.553441"><ele>98.325912</ele><time>2021-02-13T14:39:35Z</time><extensions><speed>1.613119</speed><course>249.960938</course><hAcc>1.093862</hAcc><vAcc>0.781916</vAcc></extensions></trkpt>
      <trkpt lon="-82.154671" lat="33.553433"><ele>98.226814</ele><time>2021-02-13T14:39:36Z</time><extensions><speed>1.594487</speed><course>246.093750</course><hAcc>1.057891</hAcc><vAcc>0.767592</vAcc></extensions></trkpt>
      <trkpt lon="-82.154685" lat="33.553425"><ele>98.118744</ele><time>2021-02-13T14:39:37Z</time><extensions><speed>1.582420</speed><course>250.312500</course><hAcc>1.022317</hAcc><vAcc>0.753213</vAcc></extensions></trkpt>
      <trkpt lon="-82.154701" lat="33.553419"><ele>98.001923</ele><time>2021-02-13T14:39:38Z</time><extensions><speed>1.577432</speed><course>243.632812</course><hAcc>0.989276</hAcc><vAcc>0.739613</vAcc></extensions></trkpt>
      <trkpt lon="-82.154716" lat="33.553413"><ele>97.876808</ele><time>2021-02-13T14:39:39Z</time><extensions><speed>1.578729</speed><course>285.117188</course><hAcc>0.960412</hAcc><vAcc>0.727454</vAcc></extensions></trkpt>
      <trkpt lon="-82.154732" lat="33.553409"><ele>97.744141</ele><time>2021-02-13T14:39:40Z</time><extensions><speed>1.585433</speed><course>265.781250</course><hAcc>0.936547</hAcc><vAcc>0.717107</vAcc></extensions></trkpt>
      <trkpt lon="-82.154749" lat="33.553406"><ele>97.604889</ele><time>2021-02-13T14:39:41Z</time><extensions><speed>1.596881</speed><course>265.078125</course><hAcc>0.917806</hAcc><vAcc>0.708687</vAcc></extensions></trkpt>
      <trkpt lon="-82.154766" lat="33.553404"><ele>97.460144</ele><time>2021-02-13T14:39:42Z</time><extensions><speed>1.612791</speed><course>248.906250</course><hAcc>0.903803</hAcc><vAcc>0.702118</vAcc></extensions></trkpt>
      <trkpt lon="-82.154784" lat="33.553403"><ele>97.310959</ele><time>2021-02-13T14:39:43Z</time><extensions><speed>1.632934</speed><course>232.382812</course><hAcc>0.893845</hAcc><vAcc>0.697201</vAcc></extensions></trkpt>
      <trkpt lon="-82.154801" lat="33.553403"><ele>97.158264</ele><time>2021-02-13T14:39:44Z</time><extensions><speed>1.656462</speed><course>249.257812</course><hAcc>0.887115</hAcc><vAcc>0.693670</vAcc></extensions></trkpt>
      <trkpt lon="-82.154819" lat="33.553405"><ele>97.002701</ele><time>2021-02-13T14:39:45Z</time><extensions><speed>1.681680</speed><course>283.710938</course><hAcc>0.882807</hAcc><vAcc>0.691240</vAcc></extensions></trkpt>
      <trkpt lon="-82.154837" lat="33.553407"><ele>96.844612</ele><time>2021-02-13T14:39:46Z</time><extensions><speed>1.706358</speed><course>265.429688</course><hAcc>0.880215</hAcc><vAcc>0.689645</vAcc></extensions></trkpt>
      <trkpt lon="-82.154855" lat="33.553411"><ele>96.683945</ele><time>2021-02-13T14:39:47Z</time><extensions><speed>1.728253</speed><course>270.351562</course><hAcc>0.878765</hAcc><vAcc>0.688652</vAcc></extensions></trkpt>
      <trkpt lon="-82.154872" lat="33.553417"><ele>96.520401</ele><time>2021-02-13T14:39:48Z</time><extensions><speed>1.745940</speed><course>271.757812</course><hAcc>0.878026</hAcc><vAcc>0.688072</vAcc></extensions></trkpt>
      <trkpt lon="-82.154890" lat="33.553423"><ele>96.353630</ele><time>2021-02-13T14:39:49Z</time><extensions><speed>1.759341</speed><course>281.953125</course><hAcc>0.877696</hAcc><vAcc>0.687760</vAcc></extensions></trkpt>
      <trkpt lon="-82.154907" lat="33.553430"><ele>96.183495</ele><time>2021-02-13T14:39:50Z</time><extensions><speed>1.769127</speed><course>287.578125</course><hAcc>0.877574</hAcc><vAcc>0.687609</vAcc></extensions></trkpt>
      <trkpt lon="-82.154923" lat="33.553438"><ele>96.010147</ele><time>2021-02-13T14:39:51Z</time><extensions><speed>1.776316</speed><course>299.531250</course><hAcc>0.877539</hAcc><vAcc>0.687547</vAcc></extensions></trkpt>
      <trkpt lon="-82.154939" lat="33.553447"><ele>95.834030</ele><time>2021-02-13T14:39:52Z</time><extensions><speed>1.782391</speed><course>300.585938</course><hAcc>0.877523</hAcc><vAcc>0.687528</vAcc></extensions></trkpt>
      <trkpt lon="-82.154955" lat="33.553456"><ele>95.655609</ele><time>2021-02-13T14:39:53Z</time><extensions><speed>1.789026</speed><course>303.750000</course><hAcc>0.877496</hAcc><vAcc>0.687523</vAcc></extensions></trkpt>
      <trkpt lon="-82.154970" lat="33.553467"><ele>95.475204</ele><time>2021-02-13T14:39:54Z</time><extensions><speed>1.797057</speed><course>304.804688</course><hAcc>0.877449</hAcc><vAcc>0.687518</vAcc></extensions></trkpt>
      <trkpt lon="-82.154984" lat="33.553478"><ele>95.292961</ele><time>2021-02-13T14:39:55Z</time><extensions><speed>1.805856</speed><course>299.882812</course><hAcc>0.877385</hAcc><vAcc>0.687507</vAcc></extensions></trkpt>
      <trkpt lon="-82.154998" lat="33.553489"><ele>95.108971</ele><time>2021-02-13T14:39:56Z</time><extensions><speed>1.813888</speed><course>290.390625</course><hAcc>0.877310</hAcc><vAcc>0.687488</vAcc></extensions></trkpt>
      <trkpt lon="-82.155011" lat="33.553501"><ele>94.923325</ele><time>2021-02-13T14:39:57Z</time><extensions><speed>1.819472</speed><course>292.851562</course><hAcc>0.877232</hAcc><vAcc>0.687463</vAcc></extensions></trkpt>
      <trkpt lon="-82.155024" lat="33.553514"><ele>94.736153</ele><time>2021-02-13T14:39:58Z</time><extensions><speed>1.821232</speed><course>308.671875</course><hAcc>0.877157</hAcc><vAcc>0.687435</vAcc></extensions></trkpt>
      <trkpt lon="-82.155036" lat="33.553526"><ele>94.547684</ele><time>2021-02-13T14:39:59Z</time><extensions><speed>1.817977</speed><course>330.468750</course><hAcc>0.877090</hAcc><vAcc>0.687406</vAcc></extensions></trkpt>
      <trkpt lon="-82.155048" lat="33.553539"><ele>94.358292</ele><time>2021-02-13T14:40:00Z</time><extensions><speed>1.808518</speed><course>341.367188</course><hAcc>0.877033</hAcc><vAcc>0.687378</vAcc></extensions></trkpt>
      <trkpt lon="-82.155060" lat="33.553552"><ele>94.168587</ele><time>2021-02-13T14:40:01Z</time><extensions><speed>1.792174</speed><course>337.148438</course><hAcc>0.876987</hAcc><vAcc>0.687353</vAcc></extensions></trkpt>
      <trkpt lon="-82.155071" lat="33.553565"><ele>93.979271</ele><time>2021-02-13T14:40:02Z</time><extensions><speed>1.769230</speed><course>328.710938</course><hAcc>0.876951</hAcc><vAcc>0.687331</vAcc></extensions></trkpt>
      <trkpt lon="-82.155082" lat="33.553578"><ele>93.790970</ele><time>2021-02-13T14:40:03Z</time><extensions><speed>1.740729</speed><course>312.890625</course><hAcc>0.876925</hAcc><vAcc>0.687313</vAcc></extensions></trkpt>
      <trkpt lon="-82.155093" lat="33.553591"><ele>93.604263</ele><time>2021-02-13T14:40:04Z</time><extensions><speed>1.707863</speed><course>347.695312</course><hAcc>0.876905</hAcc><vAcc>0.687299</vAcc></extensions></trkpt>
      <trkpt lon="-82.155103" lat="33.553603"><ele>93.419518</ele><time>2021-02-13T14:40:05Z</time><extensions><speed>1.671559</speed><course>332.578125</course><hAcc>0.876892</hAcc><vAcc>0.687288</vAcc></extensions></trkpt>
      <trkpt lon="-82.155113" lat="33.553615"><ele>93.236786</ele><time>2021-02-13T14:40:06Z</time><extensions><speed>1.632570</speed><course>356.484375</course><hAcc>0.876884</hAcc><vAcc>0.687280</vAcc></extensions></trkpt>
      <trkpt lon="-82.155124" lat="33.553627"><ele>93.055832</ele><time>2021-02-13T14:40:07Z</time><extensions><speed>1.592012</speed><course>2.460938</course><hAcc>0.876878</hAcc><vAcc>0.687274</vAcc></extensions></trkpt>
      <trkpt lon="-82.155134" lat="33.553638"><ele>92.876175</ele><time>2021-02-13T14:40:08Z</time><extensions><speed>1.551721</speed><course>356.132812</course><hAcc>0.876875</hAcc><vAcc>0.687270</vAcc></extensions></trkpt>
      <trkpt lon="-82.155145" lat="33.553649"><ele>92.697350</ele><time>2021-02-13T14:40:09Z</time><extensions><speed>1.513745</speed><course>352.265625</course><hAcc>0.876873</hAcc><vAcc>0.687267</vAcc></extensions></trkpt>
      <trkpt lon="-82.155155" lat="33.553659"><ele>92.519012</ele><time>2021-02-13T14:40:10Z</time><extensions><speed>1.479778</speed><course>344.179688</course><hAcc>0.876872</hAcc><vAcc>0.687266</vAcc></extensions></trkpt>
      <trkpt lon="-82.155167" lat="33.553668"><ele>92.340889</ele><time>2021-02-13T14:40:11Z</time><extensions><speed>1.451191</speed><course>342.070312</course><hAcc>0.876871</hAcc><vAcc>0.687265</vAcc></extensions></trkpt>
      <trkpt lon="-82.155178" lat="33.553677"><ele>92.162903</ele><time>2021-02-13T14:40:12Z</time><extensions><speed>1.429105</speed><course>342.070312</course><hAcc>0.876871</hAcc><vAcc>0.687264</vAcc></extensions></trkpt>
      <trkpt lon="-82.155190" lat="33.553685"><ele>91.985313</ele><time>2021-02-13T14:40:13Z</time><extensions><speed>1.414149</speed><course>344.531250</course><hAcc>0.876871</hAcc><vAcc>0.687264</vAcc></extensions></trkpt>
      <trkpt lon="-82.155203" lat="33.553692"><ele>91.808716</ele><time>2021-02-13T14:40:14Z</time><extensions><speed>1.406329</speed><course>345.234375</course><hAcc>0.876871</hAcc><vAcc>0.687264</vAcc></extensions></trkpt>
      <trkpt lon="-82.155215" lat="33.553699"><ele>91.633995</ele><time>2021-02-13T14:40:15Z</time><extensions><speed>1.405036</speed><course>345.234375</course><hAcc>0.876871</hAcc><vAcc>0.687264</vAcc></extensions></trkpt>
      <trkpt lon="-82.155229" lat="33.553705"><ele>91.462151</ele><time>2021-02-13T14:40:16Z</time><extensions><speed>1.409385</speed><course>352.617188</course><hAcc>0.876871</hAcc><vAcc>0.687264</vAcc></extensions></trkpt>
      <trkpt lon="-82.155242" lat="33.553711"><ele>91.294151</ele><time>2021-02-13T14:40:17Z</time><extensions><speed>1.418554</speed><course>332.578125</course><hAcc>0.876871</hAcc><vAcc>0.687264</vAcc></extensions></trkpt>
      <trkpt lon="-82.155256" lat="33.553717"><ele>91.130905</ele><time>2021-02-13T14:40:18Z</time><extensions><speed>1.431195</speed><course>352.617188</course><hAcc>0.876870</hAcc><vAcc>0.687264</vAcc></extensions></trkpt>
      <trkpt lon="-82.155270" lat="33.553723"><ele>90.973122</ele><time>2021-02-13T14:40:19Z</time><extensions><speed>1.444923</speed><course>336.796875</course><hAcc>0.876870</hAcc><vAcc>0.687264</vAcc></extensions></trkpt>
      <trkpt lon="-82.155284" lat="33.553729"><ele>90.821434</ele><time>2021-02-13T14:40:20Z</time><extensions><speed>1.456918</speed><course>330.468750</course><hAcc>0.876870</hAcc><vAcc>0.687264</vAcc></extensions></trkpt>
      <trkpt lon="-82.155298" lat="33.553734"><ele>90.676491</ele><time>2021-02-13T14:40:21Z</time><extensions><speed>1.464476</speed><course>334.335938</course><hAcc>0.876870</hAcc><vAcc>0.687263</vAcc></extensions></trkpt>
      <trkpt lon="-82.155312" lat="33.553740"><ele>90.539070</ele><time>2021-02-13T14:40:22Z</time><extensions><speed>1.465381</speed><course>329.414062</course><hAcc>0.876870</hAcc><vAcc>0.687263</vAcc></extensions></trkpt>
      <trkpt lon="-82.155326" lat="33.553747"><ele>90.410103</ele><time>2021-02-13T14:40:23Z</time><extensions><speed>1.458874</speed><course>332.226562</course><hAcc>0.876870</hAcc><vAcc>0.687263</vAcc></extensions></trkpt>
      <trkpt lon="-82.155339" lat="33.553753"><ele>90.290527</ele><time>2021-02-13T14:40:24Z</time><extensions><speed>1.445841</speed><course>327.656250</course><hAcc>0.876870</hAcc><vAcc>0.687263</vAcc></extensions></trkpt>
      <trkpt lon="-82.155352" lat="33.553760"><ele>90.180870</ele><time>2021-02-13T14:40:25Z</time><extensions><speed>1.428122</speed><course>328.710938</course><hAcc>0.876870</hAcc><vAcc>0.687263</vAcc></extensions></trkpt>
      <trkpt lon="-82.155365" lat="33.553767"><ele>90.081024</ele><time>2021-02-13T14:40:26Z</time><extensions><speed>1.407750</speed><course>333.632812</course><hAcc>0.876870</hAcc><vAcc>0.687263</vAcc></extensions></trkpt>
      <trkpt lon="-82.155377" lat="33.553775"><ele>89.990311</ele><time>2021-02-13T14:40:27Z</time><extensions><speed>1.386265</speed><course>322.734375</course><hAcc>0.876870</hAcc><vAcc>0.687263</vAcc></extensions></trkpt>
      <trkpt lon="-82.155389" lat="33.553783"><ele>89.907516</ele><time>2021-02-13T14:40:28Z</time><extensions><speed>1.364445</speed><course>322.031250</course><hAcc>0.876870</hAcc><vAcc>0.687263</vAcc></extensions></trkpt>
      <trkpt lon="-82.155400" lat="33.553790"><ele>89.831039</ele><time>2021-02-13T14:40:29Z</time><extensions><speed>1.342111</speed><course>335.742188</course><hAcc>0.876870</hAcc><vAcc>0.687263</vAcc></extensions></trkpt>
      <trkpt lon="-82.155410" lat="33.553798"><ele>89.759178</ele><time>2021-02-13T14:40:30Z</time><extensions><speed>1.318689</speed><course>329.062500</course><hAcc>0.876870</hAcc><vAcc>0.687263</vAcc></extensions></trkpt>
      <trkpt lon="-82.155421" lat="33.553806"><ele>89.690468</ele><time>2021-02-13T14:40:31Z</time><extensions><speed>1.294080</speed><course>337.500000</course><hAcc>0.876870</hAcc><vAcc>0.687263</vAcc></extensions></trkpt>
      <trkpt lon="-82.155431" lat="33.553814"><ele>89.623940</ele><time>2021-02-13T14:40:32Z</time><extensions><speed>1.268629</speed><course>331.171875</course><hAcc>0.876870</hAcc><vAcc>0.687263</vAcc></extensions></trkpt>
      <trkpt lon="-82.155441" lat="33.553822"><ele>89.559143</ele><time>2021-02-13T14:40:33Z</time><extensions><speed>1.243001</speed><course>332.226562</course><hAcc>0.876870</hAcc><vAcc>0.687263</vAcc></extensions></trkpt>
      <trkpt lon="-82.155451" lat="33.553829"><ele>89.496086</ele><time>2021-02-13T14:40:34Z</time><extensions><speed>1.217938</speed><course>338.906250</course><hAcc>0.876870</hAcc><vAcc>0.687263</vAcc></extensions></trkpt>
      <trkpt lon="-82.155460" lat="33.553837"><ele>89.435059</ele><time>2021-02-13T14:40:35Z</time><extensions><speed>1.194158</speed><course>0.351562</course><hAcc>0.876870</hAcc><vAcc>0.687263</vAcc></extensions></trkpt>
      <trkpt lon="-82.155470" lat="33.553844"><ele>89.376472</ele><time>2021-02-13T14:40:36Z</time><extensions><speed>1.172755</speed><course>348.750000</course><hAcc>0.876870</hAcc><vAcc>0.687263</vAcc></extensions></trkpt>
      <trkpt lon="-82.155479" lat="33.553851"><ele>89.320686</ele><time>2021-02-13T14:40:37Z</time><extensions><speed>1.155457</speed><course>350.156250</course><hAcc>0.876870</hAcc><vAcc>0.687263</vAcc></extensions></trkpt>
      <trkpt lon="-82.155488" lat="33.553858"><ele>89.268044</ele><time>2021-02-13T14:40:38Z</time><extensions><speed>1.144765</speed><course>336.093750</course><hAcc>0.876870</hAcc><vAcc>0.687263</vAcc></extensions></trkpt>
      <trkpt lon="-82.155498" lat="33.553864"><ele>89.218971</ele><time>2021-02-13T14:40:39Z</time><extensions><speed>1.143150</speed><course>330.820312</course><hAcc>0.876870</hAcc><vAcc>0.687263</vAcc></extensions></trkpt>
      <trkpt lon="-82.155507" lat="33.553871"><ele>89.173859</ele><time>2021-02-13T14:40:40Z</time><extensions><speed>1.151922</speed><course>328.007812</course><hAcc>0.876870</hAcc><vAcc>0.687263</vAcc></extensions></trkpt>
      <trkpt lon="-82.155517" lat="33.553877"><ele>89.133102</ele><time>2021-02-13T14:40:41Z</time><extensions><speed>1.171503</speed><course>334.335938</course><hAcc>0.876870</hAcc><vAcc>0.687263</vAcc></extensions></trkpt>
      <trkpt lon="-82.155527" lat="33.553884"><ele>89.097076</ele><time>2021-02-13T14:40:42Z</time><extensions><speed>1.202121</speed><course>320.625000</course><hAcc>0.876870</hAcc><vAcc>0.687263</vAcc></extensions></trkpt>
      <trkpt lon="-82.155538" lat="33.553890"><ele>89.066048</ele><time>2021-02-13T14:40:43Z</time><extensions><speed>1.243379</speed><course>334.335938</course><hAcc>0.876870</hAcc><vAcc>0.687263</vAcc></extensions></trkpt>
      <trkpt lon="-82.155549" lat="33.553897"><ele>89.040146</ele><time>2021-02-13T14:40:44Z</time><extensions><speed>1.293179</speed><course>319.570312</course><hAcc>0.876870</hAcc><vAcc>0.687263</vAcc></extensions></trkpt>
      <trkpt lon="-82.155561" lat="33.553904"><ele>89.019302</ele><time>2021-02-13T14:40:45Z</time><extensions><speed>1.347401</speed><course>323.437500</course><hAcc>0.876870</hAcc><vAcc>0.687263</vAcc></extensions></trkpt>
      <trkpt lon="-82.155573" lat="33.553911"><ele>89.003372</ele><time>2021-02-13T14:40:46Z</time><extensions><speed>1.400837</speed><course>326.250000</course><hAcc>0.876870</hAcc><vAcc>0.687263</vAcc></extensions></trkpt>
      <trkpt lon="-82.155586" lat="33.553918"><ele>88.992294</ele><time>2021-02-13T14:40:47Z</time><extensions><speed>1.448882</speed><course>315.703125</course><hAcc>0.876870</hAcc><vAcc>0.687263</vAcc></extensions></trkpt>
      <trkpt lon="-82.155599" lat="33.553926"><ele>88.986099</ele><time>2021-02-13T14:40:48Z</time><extensions><speed>1.488610</speed><course>307.968750</course><hAcc>0.876870</hAcc><vAcc>0.687263</vAcc></extensions></trkpt>
      <trkpt lon="-82.155612" lat="33.553933"><ele>88.984894</ele><time>2021-02-13T14:40:49Z</time><extensions><speed>1.518766</speed><course>296.367188</course><hAcc>0.876870</hAcc><vAcc>0.687263</vAcc></extensions></trkpt>
      <trkpt lon="-82.155625" lat="33.553941"><ele>88.988670</ele><time>2021-02-13T14:40:50Z</time><extensions><speed>1.539474</speed><course>294.960938</course><hAcc>0.876870</hAcc><vAcc>0.687263</vAcc></extensions></trkpt>
      <trkpt lon="-82.155638" lat="33.553950"><ele>88.997192</ele><time>2021-02-13T14:40:51Z</time><extensions><speed>1.552130</speed><course>296.718750</course><hAcc>0.876870</hAcc><vAcc>0.687263</vAcc></extensions></trkpt>
      <trkpt lon="-82.155652" lat="33.553958"><ele>89.009918</ele><time>2021-02-13T14:40:52Z</time><extensions><speed>1.558791</speed><course>34.804688</course><hAcc>0.876870</hAcc><vAcc>0.687263</vAcc></extensions></trkpt>
      <trkpt lon="-82.155665" lat="33.553967"><ele>89.026093</ele><time>2021-02-13T14:40:53Z</time><extensions><speed>1.561115</speed><course>322.734375</course><hAcc>0.876870</hAcc><vAcc>0.687263</vAcc></extensions></trkpt>
      <trkpt lon="-82.155677" lat="33.553977"><ele>89.044952</ele><time>2021-02-13T14:40:54Z</time><extensions><speed>1.560192</speed><course>320.976562</course><hAcc>0.876870</hAcc><vAcc>0.687263</vAcc></extensions></trkpt>
      <trkpt lon="-82.155690" lat="33.553986"><ele>89.065720</ele><time>2021-02-13T14:40:55Z</time><extensions><speed>1.556856</speed><course>309.375000</course><hAcc>0.876870</hAcc><vAcc>0.687263</vAcc></extensions></trkpt>
      <trkpt lon="-82.155702" lat="33.553996"><ele>89.087601</ele><time>2021-02-13T14:40:56Z</time><extensions><speed>1.551538</speed><course>300.937500</course><hAcc>0.876870</hAcc><vAcc>0.687263</vAcc></extensions></trkpt>
      <trkpt lon="-82.155713" lat="33.554006"><ele>89.109795</ele><time>2021-02-13T14:40:57Z</time><extensions><speed>1.544105</speed><course>301.640625</course><hAcc>0.876870</hAcc><vAcc>0.687263</vAcc></extensions></trkpt>
      <trkpt lon="-82.155724" lat="33.554016"><ele>89.131531</ele><time>2021-02-13T14:40:58Z</time><extensions><speed>1.534335</speed><course>316.406250</course><hAcc>0.876870</hAcc><vAcc>0.687263</vAcc></extensions></trkpt>
      <trkpt lon="-82.155735" lat="33.554027"><ele>89.152138</ele><time>2021-02-13T14:40:59Z</time><extensions><speed>1.522807</speed><course>339.960938</course><hAcc>0.876870</hAcc><vAcc>0.687263</vAcc></extensions></trkpt>
      <trkpt lon="-82.155746" lat="33.554037"><ele>89.171135</ele><time>2021-02-13T14:41:00Z</time><extensions><speed>1.511089</speed><course>353.671875</course><hAcc>0.876870</hAcc><vAcc>0.687263</vAcc></extensions></trkpt>
      <trkpt lon="-82.155756" lat="33.554048"><ele>89.188286</ele><time>2021-02-13T14:41:01Z</time><extensions><speed>1.501504</speed><course>349.804688</course><hAcc>0.876870</hAcc><vAcc>0.687263</vAcc></extensions></trkpt>
      <trkpt lon="-82.155766" lat="33.554058"><ele>89.203720</ele><time>2021-02-13T14:41:02Z</time><extensions><speed>1.496374</speed><course>337.148438</course><hAcc>0.876870</hAcc><vAcc>0.687263</vAcc></extensions></trkpt>
      <trkpt lon="-82.155775" lat="33.554069"><ele>89.217880</ele><time>2021-02-13T14:41:03Z</time><extensions><speed>1.497317</speed><course>331.171875</course><hAcc>0.876870</hAcc><vAcc>0.687263</vAcc></extensions></trkpt>
      <trkpt lon="-82.155785" lat="33.554080"><ele>89.231453</ele><time>2021-02-13T14:41:04Z</time><extensions><speed>1.505262</speed><course>327.304688</course><hAcc>0.876870</hAcc><vAcc>0.687263</vAcc></extensions></trkpt>
      <trkpt lon="-82.155794" lat="33.554091"><ele>89.245232</ele><time>2021-02-13T14:41:05Z</time><extensions><speed>1.520279</speed><course>323.085938</course><hAcc>0.876870</hAcc><vAcc>0.687263</vAcc></extensions></trkpt>
      <trkpt lon="-82.155803" lat="33.554103"><ele>89.260010</ele><time>2021-02-13T14:41:06Z</time><extensions><speed>1.541462</speed><course>313.242188</course><hAcc>0.876870</hAcc><vAcc>0.687263</vAcc></extensions></trkpt>
      <trkpt lon="-82.155812" lat="33.554115"><ele>89.276329</ele><time>2021-02-13T14:41:07Z</time><extensions><speed>1.567000</speed><course>313.945312</course><hAcc>0.876870</hAcc><vAcc>0.687263</vAcc></extensions></trkpt>
      <trkpt lon="-82.155821" lat="33.554127"><ele>89.294388</ele><time>2021-02-13T14:41:08Z</time><extensions><speed>1.594140</speed><course>325.546875</course><hAcc>0.876870</hAcc><vAcc>0.687263</vAcc></extensions></trkpt>
      <trkpt lon="-82.155829" lat="33.554140"><ele>89.313919</ele><time>2021-02-13T14:41:09Z</time><extensions><speed>1.619085</speed><course>337.500000</course><hAcc>0.876870</hAcc><vAcc>0.687263</vAcc></extensions></trkpt>
      <trkpt lon="-82.155838" lat="33.554152"><ele>89.334152</ele><time>2021-02-13T14:41:10Z</time><extensions><speed>1.638227</speed><course>343.828125</course><hAcc>0.876870</hAcc><vAcc>0.687263</vAcc></extensions></trkpt>
      <trkpt lon="-82.155846" lat="33.554165"><ele>89.353989</ele><time>2021-02-13T14:41:11Z</time><extensions><speed>1.650040</speed><course>345.234375</course><hAcc>0.876870</hAcc><vAcc>0.687263</vAcc></extensions></trkpt>
      <trkpt lon="-82.155855" lat="33.554179"><ele>89.372124</ele><time>2021-02-13T14:41:12Z</time><extensions><speed>1.654756</speed><course>346.289062</course><hAcc>0.876870</hAcc><vAcc>0.687263</vAcc></extensions></trkpt>
      <trkpt lon="-82.155863" lat="33.554192"><ele>89.387154</ele><time>2021-02-13T14:41:13Z</time><extensions><speed>1.653388</speed><course>343.476562</course><hAcc>0.876870</hAcc><vAcc>0.687263</vAcc></extensions></trkpt>
      <trkpt lon="-82.155871" lat="33.554205"><ele>89.397720</ele><time>2021-02-13T14:41:14Z</time><extensions><speed>1.647390</speed><course>344.531250</course><hAcc>0.876870</hAcc><vAcc>0.687263</vAcc></extensions></trkpt>
      <trkpt lon="-82.155880" lat="33.554218"><ele>89.402657</ele><time>2021-02-13T14:41:15Z</time><extensions><speed>1.638328</speed><course>339.257812</course><hAcc>0.876870</hAcc><vAcc>0.687263</vAcc></extensions></trkpt>
      <trkpt lon="-82.155888" lat="33.554231"><ele>89.401176</ele><time>2021-02-13T14:41:16Z</time><extensions><speed>1.627447</speed><course>334.687500</course><hAcc>0.876870</hAcc><vAcc>0.687263</vAcc></extensions></trkpt>
      <trkpt lon="-82.155896" lat="33.554244"><ele>89.392982</ele><time>2021-02-13T14:41:17Z</time><extensions><speed>1.614719</speed><course>333.632812</course><hAcc>0.876870</hAcc><vAcc>0.687263</vAcc></extensions></trkpt>
      <trkpt lon="-82.155905" lat="33.554257"><ele>89.378296</ele><time>2021-02-13T14:41:18Z</time><extensions><speed>1.598965</speed><course>339.960938</course><hAcc>0.876870</hAcc><vAcc>0.687263</vAcc></extensions></trkpt>
      <trkpt lon="-82.155913" lat="33.554269"><ele>89.357819</ele><time>2021-02-13T14:41:19Z</time><extensions><speed>1.579407</speed><course>345.234375</course><hAcc>0.876870</hAcc><vAcc>0.687263</vAcc></extensions></trkpt>
      <trkpt lon="-82.155921" lat="33.554282"><ele>89.332634</ele><time>2021-02-13T14:41:20Z</time><extensions><speed>1.556570</speed><course>332.578125</course><hAcc>0.876870</hAcc><vAcc>0.687263</vAcc></extensions></trkpt>
      <trkpt lon="-82.155928" lat="33.554294"><ele>89.304207</ele><time>2021-02-13T14:41:21Z</time><extensions><speed>1.532378</speed><course>318.515625</course><hAcc>0.876870</hAcc><vAcc>0.687263</vAcc></extensions></trkpt>
      <trkpt lon="-82.155935" lat="33.554307"><ele>89.274277</ele><time>2021-02-13T14:41:22Z</time><extensions><speed>1.509419</speed><course>304.453125</course><hAcc>0.876870</hAcc><vAcc>0.687263</vAcc></extensions></trkpt>
      <trkpt lon="-82.155941" lat="33.554319"><ele>89.244545</ele><time>2021-02-13T14:41:23Z</time><extensions><speed>1.489459</speed><course>280.546875</course><hAcc>0.876870</hAcc><vAcc>0.687263</vAcc></extensions></trkpt>
      <trkpt lon="-82.155946" lat="33.554332"><ele>89.216507</ele><time>2021-02-13T14:41:24Z</time><extensions><speed>1.473646</speed><course>257.695312</course><hAcc>0.876870</hAcc><vAcc>0.687263</vAcc></extensions></trkpt>
      <trkpt lon="-82.155951" lat="33.554344"><ele>89.191360</ele><time>2021-02-13T14:41:25Z</time><extensions><speed>1.463543</speed><course>242.578125</course><hAcc>0.876870</hAcc><vAcc>0.687262</vAcc></extensions></trkpt>
      <trkpt lon="-82.155954" lat="33.554357"><ele>89.169960</ele><time>2021-02-13T14:41:26Z</time><extensions><speed>1.460536</speed><course>238.710938</course><hAcc>0.876870</hAcc><vAcc>0.687262</vAcc></extensions></trkpt>
      <trkpt lon="-82.155956" lat="33.554370"><ele>89.152863</ele><time>2021-02-13T14:41:27Z</time><extensions><speed>1.464923</speed><course>253.476562</course><hAcc>0.876870</hAcc><vAcc>0.687262</vAcc></extensions></trkpt>
      <trkpt lon="-82.155956" lat="33.554384"><ele>89.140419</ele><time>2021-02-13T14:41:28Z</time><extensions><speed>1.475930</speed><course>291.093750</course><hAcc>0.876870</hAcc><vAcc>0.687262</vAcc></extensions></trkpt>
      <trkpt lon="-82.155956" lat="33.554397"><ele>89.132767</ele><time>2021-02-13T14:41:29Z</time><extensions><speed>1.492132</speed><course>309.375000</course><hAcc>0.876870</hAcc><vAcc>0.687262</vAcc></extensions></trkpt>
      <trkpt lon="-82.155955" lat="33.554410"><ele>89.129829</ele><time>2021-02-13T14:41:30Z</time><extensions><speed>1.511445</speed><course>307.617188</course><hAcc>0.876871</hAcc><vAcc>0.687262</vAcc></extensions></trkpt>
      <trkpt lon="-82.155952" lat="33.554424"><ele>89.131302</ele><time>2021-02-13T14:41:31Z</time><extensions><speed>1.531245</speed><course>304.453125</course><hAcc>0.876871</hAcc><vAcc>0.687262</vAcc></extensions></trkpt>
      <trkpt lon="-82.155949" lat="33.554438"><ele>89.136795</ele><time>2021-02-13T14:41:32Z</time><extensions><speed>1.548788</speed><course>317.109375</course><hAcc>0.876871</hAcc><vAcc>0.687262</vAcc></extensions></trkpt>
      <trkpt lon="-82.155945" lat="33.554451"><ele>89.145927</ele><time>2021-02-13T14:41:33Z</time><extensions><speed>1.561713</speed><course>319.570312</course><hAcc>0.876871</hAcc><vAcc>0.687262</vAcc></extensions></trkpt>
      <trkpt lon="-82.155941" lat="33.554465"><ele>89.158272</ele><time>2021-02-13T14:41:34Z</time><extensions><speed>1.568135</speed><course>320.976562</course><hAcc>0.876871</hAcc><vAcc>0.687262</vAcc></extensions></trkpt>
      <trkpt lon="-82.155937" lat="33.554479"><ele>89.173302</ele><time>2021-02-13T14:41:35Z</time><extensions><speed>1.566728</speed><course>314.296875</course><hAcc>0.876871</hAcc><vAcc>0.687262</vAcc></extensions></trkpt>
      <trkpt lon="-82.155932" lat="33.554492"><ele>89.190315</ele><time>2021-02-13T14:41:36Z</time><extensions><speed>1.556961</speed><course>301.289062</course><hAcc>0.876871</hAcc><vAcc>0.687262</vAcc></extensions></trkpt>
      <trkpt lon="-82.155927" lat="33.554506"><ele>89.208458</ele><time>2021-02-13T14:41:37Z</time><extensions><speed>1.539032</speed><course>296.718750</course><hAcc>0.876871</hAcc><vAcc>0.687262</vAcc></extensions></trkpt>
      <trkpt lon="-82.155923" lat="33.554519"><ele>89.226791</ele><time>2021-02-13T14:41:38Z</time><extensions><speed>1.513771</speed><course>286.171875</course><hAcc>0.876871</hAcc><vAcc>0.687262</vAcc></extensions></trkpt>
      <trkpt lon="-82.155919" lat="33.554532"><ele>89.244270</ele><time>2021-02-13T14:41:39Z</time><extensions><speed>1.482431</speed><course>292.851562</course><hAcc>0.876871</hAcc><vAcc>0.687262</vAcc></extensions></trkpt>
      <trkpt lon="-82.155915" lat="33.554545"><ele>89.259850</ele><time>2021-02-13T14:41:40Z</time><extensions><speed>1.446449</speed><course>283.359375</course><hAcc>0.876871</hAcc><vAcc>0.687262</vAcc></extensions></trkpt>
      <trkpt lon="-82.155911" lat="33.554557"><ele>89.272621</ele><time>2021-02-13T14:41:41Z</time><extensions><speed>1.407196</speed><course>282.304688</course><hAcc>0.876871</hAcc><vAcc>0.687262</vAcc></extensions></trkpt>
      <trkpt lon="-82.155907" lat="33.554569"><ele>89.281807</ele><time>2021-02-13T14:41:42Z</time><extensions><speed>1.366274</speed><course>277.031250</course><hAcc>0.876872</hAcc><vAcc>0.687262</vAcc></extensions></trkpt>
      <trkpt lon="-82.155904" lat="33.554581"><ele>89.286812</ele><time>2021-02-13T14:41:43Z</time><extensions><speed>1.325964</speed><course>272.460938</course><hAcc>0.876872</hAcc><vAcc>0.687262</vAcc></extensions></trkpt>
      <trkpt lon="-82.155900" lat="33.554592"><ele>89.287407</ele><time>2021-02-13T14:41:44Z</time><extensions><speed>1.289138</speed><course>273.515625</course><hAcc>0.876872</hAcc><vAcc>0.687262</vAcc></extensions></trkpt>
      <trkpt lon="-82.155896" lat="33.554603"><ele>89.283775</ele><time>2021-02-13T14:41:45Z</time><extensions><speed>1.259149</speed><course>273.164062</course><hAcc>0.876872</hAcc><vAcc>0.687262</vAcc></extensions></trkpt>
      <trkpt lon="-82.155892" lat="33.554614"><ele>89.276566</ele><time>2021-02-13T14:41:46Z</time><extensions><speed>1.239269</speed><course>293.203125</course><hAcc>0.876872</hAcc><vAcc>0.687263</vAcc></extensions></trkpt>
      <trkpt lon="-82.155887" lat="33.554624"><ele>89.266777</ele><time>2021-02-13T14:41:47Z</time><extensions><speed>1.231616</speed><course>301.992188</course><hAcc>0.876872</hAcc><vAcc>0.687263</vAcc></extensions></trkpt>
      <trkpt lon="-82.155882" lat="33.554635"><ele>89.255501</ele><time>2021-02-13T14:41:48Z</time><extensions><speed>1.236152</speed><course>307.265625</course><hAcc>0.876873</hAcc><vAcc>0.687263</vAcc></extensions></trkpt>
      <trkpt lon="-82.155876" lat="33.554645"><ele>89.243645</ele><time>2021-02-13T14:41:49Z</time><extensions><speed>1.250529</speed><course>304.101562</course><hAcc>0.876873</hAcc><vAcc>0.687264</vAcc></extensions></trkpt>
      <trkpt lon="-82.155869" lat="33.554655"><ele>89.231827</ele><time>2021-02-13T14:41:50Z</time><extensions><speed>1.271117</speed><course>313.593750</course><hAcc>0.876874</hAcc><vAcc>0.687266</vAcc></extensions></trkpt>
      <trkpt lon="-82.155862" lat="33.554665"><ele>89.220329</ele><time>2021-02-13T14:41:51Z</time><extensions><speed>1.294028</speed><course>307.265625</course><hAcc>0.876876</hAcc><vAcc>0.687268</vAcc></extensions></trkpt>
      <trkpt lon="-82.155855" lat="33.554675"><ele>89.209305</ele><time>2021-02-13T14:41:52Z</time><extensions><speed>1.315932</speed><course>281.953125</course><hAcc>0.876879</hAcc><vAcc>0.687272</vAcc></extensions></trkpt>
      <trkpt lon="-82.155848" lat="33.554685"><ele>89.198738</ele><time>2021-02-13T14:41:53Z</time><extensions><speed>1.334876</speed><course>233.085938</course><hAcc>0.876885</hAcc><vAcc>0.687278</vAcc></extensions></trkpt>
      <trkpt lon="-82.155840" lat="33.554695"><ele>89.188599</ele><time>2021-02-13T14:41:54Z</time><extensions><speed>1.350293</speed><course>250.312500</course><hAcc>0.876894</hAcc><vAcc>0.687286</vAcc></extensions></trkpt>
      <trkpt lon="-82.155832" lat="33.554706"><ele>89.178879</ele><time>2021-02-13T14:41:55Z</time><extensions><speed>1.362498</speed><course>268.593750</course><hAcc>0.876907</hAcc><vAcc>0.687297</vAcc></extensions></trkpt>
      <trkpt lon="-82.155825" lat="33.554716"><ele>89.169693</ele><time>2021-02-13T14:41:56Z</time><extensions><speed>1.372306</speed><course>278.437500</course><hAcc>0.876926</hAcc><vAcc>0.687311</vAcc></extensions></trkpt>
      <trkpt lon="-82.155817" lat="33.554727"><ele>89.161240</ele><time>2021-02-13T14:41:57Z</time><extensions><speed>1.380968</speed><course>278.437500</course><hAcc>0.876953</hAcc><vAcc>0.687329</vAcc></extensions></trkpt>
      <trkpt lon="-82.155810" lat="33.554738"><ele>89.153809</ele><time>2021-02-13T14:41:58Z</time><extensions><speed>1.390256</speed><course>278.789062</course><hAcc>0.876989</hAcc><vAcc>0.687351</vAcc></extensions></trkpt>
      <trkpt lon="-82.155803" lat="33.554749"><ele>89.147850</ele><time>2021-02-13T14:41:59Z</time><extensions><speed>1.402102</speed><course>280.898438</course><hAcc>0.877035</hAcc><vAcc>0.687376</vAcc></extensions></trkpt>
      <trkpt lon="-82.155796" lat="33.554760"><ele>89.143944</ele><time>2021-02-13T14:42:00Z</time><extensions><speed>1.417663</speed><course>273.164062</course><hAcc>0.877092</hAcc><vAcc>0.687404</vAcc></extensions></trkpt>
      <trkpt lon="-82.155789" lat="33.554772"><ele>89.142708</ele><time>2021-02-13T14:42:01Z</time><extensions><speed>1.437241</speed><course>285.468750</course><hAcc>0.877159</hAcc><vAcc>0.687433</vAcc></extensions></trkpt>
      <trkpt lon="-82.155783" lat="33.554784"><ele>89.144600</ele><time>2021-02-13T14:42:02Z</time><extensions><speed>1.460678</speed><course>291.093750</course><hAcc>0.877234</hAcc><vAcc>0.687461</vAcc></extensions></trkpt>
      <trkpt lon="-82.155776" lat="33.554796"><ele>89.149963</ele><time>2021-02-13T14:42:03Z</time><extensions><speed>1.487259</speed><course>293.906250</course><hAcc>0.877312</hAcc><vAcc>0.687486</vAcc></extensions></trkpt>
      <trkpt lon="-82.155769" lat="33.554808"><ele>89.159035</ele><time>2021-02-13T14:42:04Z</time><extensions><speed>1.515682</speed><course>278.437500</course><hAcc>0.877387</hAcc><vAcc>0.687505</vAcc></extensions></trkpt>
      <trkpt lon="-82.155763" lat="33.554821"><ele>89.171974</ele><time>2021-02-13T14:42:05Z</time><extensions><speed>1.544578</speed><course>254.882812</course><hAcc>0.877451</hAcc><vAcc>0.687516</vAcc></extensions></trkpt>
      <trkpt lon="-82.155756" lat="33.554834"><ele>89.188797</ele><time>2021-02-13T14:42:06Z</time><extensions><speed>1.572947</speed><course>244.335938</course><hAcc>0.877498</hAcc><vAcc>0.687521</vAcc></extensions></trkpt>
      <trkpt lon="-82.155749" lat="33.554847"><ele>89.209427</ele><time>2021-02-13T14:42:07Z</time><extensions><speed>1.600181</speed><course>248.906250</course><hAcc>0.877524</hAcc><vAcc>0.687526</vAcc></extensions></trkpt>
      <trkpt lon="-82.155742" lat="33.554860"><ele>89.233681</ele><time>2021-02-13T14:42:08Z</time><extensions><speed>1.625653</speed><course>254.882812</course><hAcc>0.877540</hAcc><vAcc>0.687545</vAcc></extensions></trkpt>
      <trkpt lon="-82.155735" lat="33.554873"><ele>89.261276</ele><time>2021-02-13T14:42:09Z</time><extensions><speed>1.648312</speed><course>249.609375</course><hAcc>0.877576</hAcc><vAcc>0.687607</vAcc></extensions></trkpt>
      <trkpt lon="-82.155728" lat="33.554887"><ele>89.291725</ele><time>2021-02-13T14:42:10Z</time><extensions><speed>1.667138</speed><course>276.679688</course><hAcc>0.877698</hAcc><vAcc>0.687757</vAcc></extensions></trkpt>
      <trkpt lon="-82.155721" lat="33.554901"><ele>89.324379</ele><time>2021-02-13T14:42:11Z</time><extensions><speed>1.681351</speed><course>266.484375</course><hAcc>0.878029</hAcc><vAcc>0.688070</vAcc></extensions></trkpt>
      <trkpt lon="-82.155713" lat="33.554915"><ele>89.358337</ele><time>2021-02-13T14:42:12Z</time><extensions><speed>1.690482</speed><course>261.562500</course><hAcc>0.878767</hAcc><vAcc>0.688650</vAcc></extensions></trkpt>
      <trkpt lon="-82.155705" lat="33.554929"><ele>89.392593</ele><time>2021-02-13T14:42:13Z</time><extensions><speed>1.694705</speed><course>256.992188</course><hAcc>0.880217</hAcc><vAcc>0.689643</vAcc></extensions></trkpt>
      <trkpt lon="-82.155697" lat="33.554942"><ele>89.426163</ele><time>2021-02-13T14:42:14Z</time><extensions><speed>1.694681</speed><course>256.289062</course><hAcc>0.882809</hAcc><vAcc>0.691238</vAcc></extensions></trkpt>
      <trkpt lon="-82.155689" lat="33.554956"><ele>89.458099</ele><time>2021-02-13T14:42:15Z</time><extensions><speed>1.691103</speed><course>264.375000</course><hAcc>0.887117</hAcc><vAcc>0.693667</vAcc></extensions></trkpt>
      <trkpt lon="-82.155680" lat="33.554969"><ele>89.487579</ele><time>2021-02-13T14:42:16Z</time><extensions><speed>1.684378</speed><course>273.515625</course><hAcc>0.893847</hAcc><vAcc>0.697199</vAcc></extensions></trkpt>
      <trkpt lon="-82.155671" lat="33.554982"><ele>89.513802</ele><time>2021-02-13T14:42:17Z</time><extensions><speed>1.674489</speed><course>278.789062</course><hAcc>0.903805</hAcc><vAcc>0.702117</vAcc></extensions></trkpt>
      <trkpt lon="-82.155662" lat="33.554995"><ele>89.536057</ele><time>2021-02-13T14:42:18Z</time><extensions><speed>1.661406</speed><course>280.195312</course><hAcc>0.917808</hAcc><vAcc>0.708685</vAcc></extensions></trkpt>
      <trkpt lon="-82.155653" lat="33.555008"><ele>89.553825</ele><time>2021-02-13T14:42:19Z</time><extensions><speed>1.646096</speed><course>277.031250</course><hAcc>0.936549</hAcc><vAcc>0.717106</vAcc></extensions></trkpt>
      <trkpt lon="-82.155643" lat="33.555020"><ele>89.567017</ele><time>2021-02-13T14:42:20Z</time><extensions><speed>1.630960</speed><course>274.570312</course><hAcc>0.960414</hAcc><vAcc>0.727454</vAcc></extensions></trkpt>
      <trkpt lon="-82.155634" lat="33.555033"><ele>89.575867</ele><time>2021-02-13T14:42:21Z</time><extensions><speed>1.618824</speed><course>265.078125</course><hAcc>0.989278</hAcc><vAcc>0.739613</vAcc></extensions></trkpt>
      <trkpt lon="-82.155625" lat="33.555045"><ele>89.580833</ele><time>2021-02-13T14:42:22Z</time><extensions><speed>1.611562</speed><course>232.031250</course><hAcc>1.022318</hAcc><vAcc>0.753214</vAcc></extensions></trkpt>
      <trkpt lon="-82.155615" lat="33.555057"><ele>89.582359</ele><time>2021-02-13T14:42:23Z</time><extensions><speed>1.609567</speed><course>229.570312</course><hAcc>1.057892</hAcc><vAcc>0.767593</vAcc></extensions></trkpt>
      <trkpt lon="-82.155606" lat="33.555070"><ele>89.580833</ele><time>2021-02-13T14:42:24Z</time><extensions><speed>1.612214</speed><course>261.914062</course><hAcc>1.093864</hAcc><vAcc>0.781917</vAcc></extensions></trkpt>
      <trkpt lon="-82.155597" lat="33.555082"><ele>89.576591</ele><time>2021-02-13T14:42:25Z</time><extensions><speed>1.618454</speed><course>259.804688</course><hAcc>1.128353</hAcc><vAcc>0.795463</vAcc></extensions></trkpt>
      <trkpt lon="-82.155588" lat="33.555095"><ele>89.569984</ele><time>2021-02-13T14:42:26Z</time><extensions><speed>1.627068</speed><course>279.492188</course><hAcc>1.160089</hAcc><vAcc>0.807750</vAcc></extensions></trkpt>
      <trkpt lon="-82.155579" lat="33.555107"><ele>89.561409</ele><time>2021-02-13T14:42:27Z</time><extensions><speed>1.636829</speed><course>268.945312</course><hAcc>1.188329</hAcc><vAcc>0.818511</vAcc></extensions></trkpt>
      <trkpt lon="-82.155570" lat="33.555120"><ele>89.551338</ele><time>2021-02-13T14:42:28Z</time><extensions><speed>1.646678</speed><course>265.429688</course><hAcc>1.212750</hAcc><vAcc>0.827653</vAcc></extensions></trkpt>
      <trkpt lon="-82.155561" lat="33.555133"><ele>89.540298</ele><time>2021-02-13T14:42:29Z</time><extensions><speed>1.655950</speed><course>291.796875</course><hAcc>1.233338</hAcc><vAcc>0.835204</vAcc></extensions></trkpt>
      <trkpt lon="-82.155553" lat="33.555146"><ele>89.528801</ele><time>2021-02-13T14:42:30Z</time><extensions><speed>1.664379</speed><course>306.210938</course><hAcc>1.250289</hAcc><vAcc>0.841278</vAcc></extensions></trkpt>
      <trkpt lon="-82.155544" lat="33.555159"><ele>89.517311</ele><time>2021-02-13T14:42:31Z</time><extensions><speed>1.671943</speed><course>311.835938</course><hAcc>1.263931</hAcc><vAcc>0.846040</vAcc></extensions></trkpt>
      <trkpt lon="-82.155536" lat="33.555173"><ele>89.506226</ele><time>2021-02-13T14:42:32Z</time><extensions><speed>1.678783</speed><course>287.226562</course><hAcc>1.274665</hAcc><vAcc>0.849676</vAcc></extensions></trkpt>
      <trkpt lon="-82.155528" lat="33.555186"><ele>89.495872</ele><time>2021-02-13T14:42:33Z</time><extensions><speed>1.685300</speed><course>270.703125</course><hAcc>1.282918</hAcc><vAcc>0.852380</vAcc></extensions></trkpt>
      <trkpt lon="-82.155519" lat="33.555200"><ele>89.486443</ele><time>2021-02-13T14:42:34Z</time><extensions><speed>1.692072</speed><course>269.648438</course><hAcc>1.289113</hAcc><vAcc>0.854333</vAcc></extensions></trkpt>
      <trkpt lon="-82.155511" lat="33.555214"><ele>89.478012</ele><time>2021-02-13T14:42:35Z</time><extensions><speed>1.699427</speed><course>255.585938</course><hAcc>1.293642</hAcc><vAcc>0.855699</vAcc></extensions></trkpt>
      <trkpt lon="-82.155503" lat="33.555227"><ele>89.470490</ele><time>2021-02-13T14:42:36Z</time><extensions><speed>1.707334</speed><course>249.960938</course><hAcc>1.296861</hAcc><vAcc>0.856622</vAcc></extensions></trkpt>
      <trkpt lon="-82.155495" lat="33.555241"><ele>89.463608</ele><time>2021-02-13T14:42:37Z</time><extensions><speed>1.715597</speed><course>247.500000</course><hAcc>1.299076</hAcc><vAcc>0.857219</vAcc></extensions></trkpt>
      <trkpt lon="-82.155486" lat="33.555255"><ele>89.457054</ele><time>2021-02-13T14:42:38Z</time><extensions><speed>1.723977</speed><course>255.234375</course><hAcc>1.300542</hAcc><vAcc>0.857587</vAcc></extensions></trkpt>
      <trkpt lon="-82.155478" lat="33.555269"><ele>89.450478</ele><time>2021-02-13T14:42:39Z</time><extensions><speed>1.732234</speed><course>258.398438</course><hAcc>1.301471</hAcc><vAcc>0.857799</vAcc></extensions></trkpt>
      <trkpt lon="-82.155469" lat="33.555282"><ele>89.443588</ele><time>2021-02-13T14:42:40Z</time><extensions><speed>1.739993</speed><course>248.906250</course><hAcc>1.302026</hAcc><vAcc>0.857911</vAcc></extensions></trkpt>
      <trkpt lon="-82.155460" lat="33.555296"><ele>89.436249</ele><time>2021-02-13T14:42:41Z</time><extensions><speed>1.746772</speed><course>239.414062</course><hAcc>1.302333</hAcc><vAcc>0.857963</vAcc></extensions></trkpt>
      <trkpt lon="-82.155450" lat="33.555310"><ele>89.428497</ele><time>2021-02-13T14:42:42Z</time><extensions><speed>1.752133</speed><course>230.625000</course><hAcc>1.302485</hAcc><vAcc>0.857983</vAcc></extensions></trkpt>
      <trkpt lon="-82.155440" lat="33.555323"><ele>89.420593</ele><time>2021-02-13T14:42:43Z</time><extensions><speed>1.755756</speed><course>245.390625</course><hAcc>1.302549</hAcc><vAcc>0.857989</vAcc></extensions></trkpt>
      <trkpt lon="-82.155430" lat="33.555337"><ele>89.412956</ele><time>2021-02-13T14:42:44Z</time><extensions><speed>1.757550</speed><course>259.453125</course><hAcc>1.302569</hAcc><vAcc>0.857991</vAcc></extensions></trkpt>
      <trkpt lon="-82.155420" lat="33.555350"><ele>89.406029</ele><time>2021-02-13T14:42:45Z</time><extensions><speed>1.757657</speed><course>280.195312</course><hAcc>1.302574</hAcc><vAcc>0.857996</vAcc></extensions></trkpt>
      <trkpt lon="-82.155409" lat="33.555363"><ele>89.400284</ele><time>2021-02-13T14:42:46Z</time><extensions><speed>1.756388</speed><course>288.281250</course><hAcc>1.302580</hAcc><vAcc>0.858006</vAcc></extensions></trkpt>
      <trkpt lon="-82.155398" lat="33.555376"><ele>89.396172</ele><time>2021-02-13T14:42:47Z</time><extensions><speed>1.754156</speed><course>281.250000</course><hAcc>1.302595</hAcc><vAcc>0.858021</vAcc></extensions></trkpt>
      <trkpt lon="-82.155387" lat="33.555388"><ele>89.394104</ele><time>2021-02-13T14:42:48Z</time><extensions><speed>1.751403</speed><course>280.546875</course><hAcc>1.302622</hAcc><vAcc>0.858041</vAcc></extensions></trkpt>
      <trkpt lon="-82.155375" lat="33.555401"><ele>89.394310</ele><time>2021-02-13T14:42:49Z</time><extensions><speed>1.748458</speed><course>255.585938</course><hAcc>1.302660</hAcc><vAcc>0.858063</vAcc></extensions></trkpt>
      <trkpt lon="-82.155364" lat="33.555413"><ele>89.396950</ele><time>2021-02-13T14:42:50Z</time><extensions><speed>1.745465</speed><course>262.617188</course><hAcc>1.302706</hAcc><vAcc>0.858086</vAcc></extensions></trkpt>
      <trkpt lon="-82.155352" lat="33.555426"><ele>89.402084</ele><time>2021-02-13T14:42:51Z</time><extensions><speed>1.742425</speed><course>258.046875</course><hAcc>1.302756</hAcc><vAcc>0.858110</vAcc></extensions></trkpt>
      <trkpt lon="-82.155340" lat="33.555438"><ele>89.409691</ele><time>2021-02-13T14:42:52Z</time><extensions><speed>1.739280</speed><course>268.593750</course><hAcc>1.302808</hAcc><vAcc>0.858132</vAcc></extensions></trkpt>
      <trkpt lon="-82.155329" lat="33.555450"><ele>89.419678</ele><time>2021-02-13T14:42:53Z</time><extensions><speed>1.736102</speed><course>268.242188</course><hAcc>1.302858</hAcc><vAcc>0.858151</vAcc></extensions></trkpt>
      <trkpt lon="-82.155317" lat="33.555462"><ele>89.431923</ele><time>2021-02-13T14:42:54Z</time><extensions><speed>1.733133</speed><course>266.835938</course><hAcc>1.302903</hAcc><vAcc>0.858168</vAcc></extensions></trkpt>
      <trkpt lon="-82.155306" lat="33.555475"><ele>89.446228</ele><time>2021-02-13T14:42:55Z</time><extensions><speed>1.730507</speed><course>260.859375</course><hAcc>1.302941</hAcc><vAcc>0.858182</vAcc></extensions></trkpt>
      <trkpt lon="-82.155295" lat="33.555487"><ele>89.462425</ele><time>2021-02-13T14:42:56Z</time><extensions><speed>1.728084</speed><course>255.585938</course><hAcc>1.302971</hAcc><vAcc>0.858193</vAcc></extensions></trkpt>
      <trkpt lon="-82.155284" lat="33.555500"><ele>89.480247</ele><time>2021-02-13T14:42:57Z</time><extensions><speed>1.725582</speed><course>246.445312</course><hAcc>1.302991</hAcc><vAcc>0.858200</vAcc></extensions></trkpt>
      <trkpt lon="-82.155273" lat="33.555513"><ele>89.499329</ele><time>2021-02-13T14:42:58Z</time><extensions><speed>1.722760</speed><course>207.773438</course><hAcc>1.303002</hAcc><vAcc>0.858203</vAcc></extensions></trkpt>
      <trkpt lon="-82.155263" lat="33.555526"><ele>89.519135</ele><time>2021-02-13T14:42:59Z</time><extensions><speed>1.719526</speed><course>177.890625</course><hAcc>1.303002</hAcc><vAcc>0.858203</vAcc></extensions></trkpt>
      <trkpt lon="-82.155253" lat="33.555539"><ele>89.539047</ele><time>2021-02-13T14:43:00Z</time><extensions><speed>1.715974</speed><course>184.570312</course><hAcc>1.302992</hAcc><vAcc>0.858200</vAcc></extensions></trkpt>
      <trkpt lon="-82.155244" lat="33.555552"><ele>89.558456</ele><time>2021-02-13T14:43:01Z</time><extensions><speed>1.712292</speed><course>246.445312</course><hAcc>1.302971</hAcc><vAcc>0.858193</vAcc></extensions></trkpt>
      <trkpt lon="-82.155235" lat="33.555566"><ele>89.576744</ele><time>2021-02-13T14:43:02Z</time><extensions><speed>1.708684</speed><course>258.750000</course><hAcc>1.302941</hAcc><vAcc>0.858183</vAcc></extensions></trkpt>
      <trkpt lon="-82.155226" lat="33.555579"><ele>89.593361</ele><time>2021-02-13T14:43:03Z</time><extensions><speed>1.705411</speed><course>259.804688</course><hAcc>1.302903</hAcc><vAcc>0.858169</vAcc></extensions></trkpt>
      <trkpt lon="-82.155218" lat="33.555593"><ele>89.607796</ele><time>2021-02-13T14:43:04Z</time><extensions><speed>1.702856</speed><course>256.992188</course><hAcc>1.302858</hAcc><vAcc>0.858152</vAcc></extensions></trkpt>
      <trkpt lon="-82.155211" lat="33.555607"><ele>89.619606</ele><time>2021-02-13T14:43:05Z</time><extensions><speed>1.701326</speed><course>270.703125</course><hAcc>1.302809</hAcc><vAcc>0.858133</vAcc></extensions></trkpt>
      <trkpt lon="-82.155203" lat="33.555621"><ele>89.628387</ele><time>2021-02-13T14:43:06Z</time><extensions><speed>1.700698</speed><course>275.976562</course><hAcc>1.302757</hAcc><vAcc>0.858111</vAcc></extensions></trkpt>
      <trkpt lon="-82.155197" lat="33.555635"><ele>89.633797</ele><time>2021-02-13T14:43:07Z</time><extensions><speed>1.700422</speed><course>278.437500</course><hAcc>1.302707</hAcc><vAcc>0.858088</vAcc></extensions></trkpt>
      <trkpt lon="-82.155190" lat="33.555650"><ele>89.635612</ele><time>2021-02-13T14:43:08Z</time><extensions><speed>1.699948</speed><course>283.359375</course><hAcc>1.302661</hAcc><vAcc>0.858065</vAcc></extensions></trkpt>
      <trkpt lon="-82.155184" lat="33.555664"><ele>89.633743</ele><time>2021-02-13T14:43:09Z</time><extensions><speed>1.699018</speed><course>293.203125</course><hAcc>1.302624</hAcc><vAcc>0.858043</vAcc></extensions></trkpt>
      <trkpt lon="-82.155179" lat="33.555679"><ele>89.628235</ele><time>2021-02-13T14:43:10Z</time><extensions><speed>1.697489</speed><course>294.257812</course><hAcc>1.302597</hAcc><vAcc>0.858024</vAcc></extensions></trkpt>
      <trkpt lon="-82.155174" lat="33.555693"><ele>89.619209</ele><time>2021-02-13T14:43:11Z</time><extensions><speed>1.695073</speed><course>299.882812</course><hAcc>1.302583</hAcc><vAcc>0.858009</vAcc></extensions></trkpt>
      <trkpt lon="-82.155169" lat="33.555708"><ele>89.606880</ele><time>2021-02-13T14:43:12Z</time><extensions><speed>1.691395</speed><course>286.523438</course><hAcc>1.302578</hAcc><vAcc>0.858000</vAcc></extensions></trkpt>
      <trkpt lon="-82.155164" lat="33.555723"><ele>89.591507</ele><time>2021-02-13T14:43:13Z</time><extensions><speed>1.686180</speed><course>280.195312</course><hAcc>1.302574</hAcc><vAcc>0.857996</vAcc></extensions></trkpt>
      <trkpt lon="-82.155159" lat="33.555738"><ele>89.573326</ele><time>2021-02-13T14:43:14Z</time><extensions><speed>1.679344</speed><course>270.703125</course><hAcc>1.302555</hAcc><vAcc>0.857994</vAcc></extensions></trkpt>
      <trkpt lon="-82.155155" lat="33.555752"><ele>89.552612</ele><time>2021-02-13T14:43:15Z</time><extensions><speed>1.670868</speed><course>282.304688</course><hAcc>1.302493</hAcc><vAcc>0.857989</vAcc></extensions></trkpt>
      <trkpt lon="-82.155151" lat="33.555767"><ele>89.529671</ele><time>2021-02-13T14:43:16Z</time><extensions><speed>1.660723</speed><course>294.609375</course><hAcc>1.302343</hAcc><vAcc>0.857971</vAcc></extensions></trkpt>
      <trkpt lon="-82.155147" lat="33.555781"><ele>89.504845</ele><time>2021-02-13T14:43:17Z</time><extensions><speed>1.648986</speed><course>299.179688</course><hAcc>1.302038</hAcc><vAcc>0.857921</vAcc></extensions></trkpt>
      <trkpt lon="-82.155143" lat="33.555796"><ele>89.478539</ele><time>2021-02-13T14:43:18Z</time><extensions><speed>1.635764</speed><course>300.234375</course><hAcc>1.301487</hAcc><vAcc>0.857811</vAcc></extensions></trkpt>
      <trkpt lon="-82.155139" lat="33.555810"><ele>89.451256</ele><time>2021-02-13T14:43:19Z</time><extensions><speed>1.621150</speed><course>294.960938</course><hAcc>1.300563</hAcc><vAcc>0.857602</vAcc></extensions></trkpt>
      <trkpt lon="-82.155135" lat="33.555824"><ele>89.423531</ele><time>2021-02-13T14:43:20Z</time><extensions><speed>1.605334</speed><course>292.500000</course><hAcc>1.299102</hAcc><vAcc>0.857238</vAcc></extensions></trkpt>
      <trkpt lon="-82.155132" lat="33.555838"><ele>89.395905</ele><time>2021-02-13T14:43:21Z</time><extensions><speed>1.588618</speed><course>293.906250</course><hAcc>1.296895</hAcc><vAcc>0.856646</vAcc></extensions></trkpt>
      <trkpt lon="-82.155128" lat="33.555852"><ele>89.368942</ele><time>2021-02-13T14:43:22Z</time><extensions><speed>1.571403</speed><course>300.585938</course><hAcc>1.293686</hAcc><vAcc>0.855730</vAcc></extensions></trkpt>
      <trkpt lon="-82.155124" lat="33.555866"><ele>89.343216</ele><time>2021-02-13T14:43:23Z</time><extensions><speed>1.554144</speed><course>300.234375</course><hAcc>1.289169</hAcc><vAcc>0.854372</vAcc></extensions></trkpt>
      <trkpt lon="-82.155121" lat="33.555880"><ele>89.319229</ele><time>2021-02-13T14:43:24Z</time><extensions><speed>1.537351</speed><course>291.445312</course><hAcc>1.282990</hAcc><vAcc>0.852429</vAcc></extensions></trkpt>
      <trkpt lon="-82.155117" lat="33.555893"><ele>89.297356</ele><time>2021-02-13T14:43:25Z</time><extensions><speed>1.521618</speed><course>298.476562</course><hAcc>1.274730</hAcc><vAcc>0.849724</vAcc></extensions></trkpt>
      <trkpt lon="-82.155114" lat="33.555907"><ele>89.277885</ele><time>2021-02-13T14:43:26Z</time><extensions><speed>1.507778</speed><course>305.859375</course><hAcc>1.263982</hAcc><vAcc>0.846077</vAcc></extensions></trkpt>
      <trkpt lon="-82.155111" lat="33.555920"><ele>89.260925</ele><time>2021-02-13T14:43:27Z</time><extensions><speed>1.496453</speed><course>306.562500</course><hAcc>1.250329</hAcc><vAcc>0.841308</vAcc></extensions></trkpt>
      <trkpt lon="-82.155108" lat="33.555933"><ele>89.246483</ele><time>2021-02-13T14:43:28Z</time><extensions><speed>1.487697</speed><course>293.554688</course><hAcc>1.233370</hAcc><vAcc>0.835227</vAcc></extensions></trkpt>
      <trkpt lon="-82.155105" lat="33.555946"><ele>89.234573</ele><time>2021-02-13T14:43:29Z</time><extensions><speed>1.480977</speed><course>280.898438</course><hAcc>1.212775</hAcc><vAcc>0.827671</vAcc></extensions></trkpt>
      <trkpt lon="-82.155103" lat="33.555959"><ele>89.225182</ele><time>2021-02-13T14:43:30Z</time><extensions><speed>1.475857</speed><course>273.164062</course><hAcc>1.188348</hAcc><vAcc>0.818526</vAcc></extensions></trkpt>
      <trkpt lon="-82.155101" lat="33.555973"><ele>89.218239</ele><time>2021-02-13T14:43:31Z</time><extensions><speed>1.472358</speed><course>268.242188</course><hAcc>1.160104</hAcc><vAcc>0.807761</vAcc></extensions></trkpt>
      <trkpt lon="-82.155099" lat="33.555986"><ele>89.213608</ele><time>2021-02-13T14:43:32Z</time><extensions><speed>1.470771</speed><course>272.460938</course><hAcc>1.128365</hAcc><vAcc>0.795472</vAcc></extensions></trkpt>
      <trkpt lon="-82.155097" lat="33.555999"><ele>89.211067</ele><time>2021-02-13T14:43:33Z</time><extensions><speed>1.471523</speed><course>285.468750</course><hAcc>1.093873</hAcc><vAcc>0.781924</vAcc></extensions></trkpt>
      <trkpt lon="-82.155095" lat="33.556012"><ele>89.210335</ele><time>2021-02-13T14:43:34Z</time><extensions><speed>1.474884</speed><course>292.500000</course><hAcc>1.057899</hAcc><vAcc>0.767598</vAcc></extensions></trkpt>
      <trkpt lon="-82.155093" lat="33.556025"><ele>89.211105</ele><time>2021-02-13T14:43:35Z</time><extensions><speed>1.480847</speed><course>296.015625</course><hAcc>1.022324</hAcc><vAcc>0.753217</vAcc></extensions></trkpt>
      <trkpt lon="-82.155092" lat="33.556039"><ele>89.213058</ele><time>2021-02-13T14:43:36Z</time><extensions><speed>1.489510</speed><course>293.906250</course><hAcc>0.989282</hAcc><vAcc>0.739614</vAcc></extensions></trkpt>
      <trkpt lon="-82.155090" lat="33.556052"><ele>89.215790</ele><time>2021-02-13T14:43:37Z</time><extensions><speed>1.501050</speed><course>292.148438</course><hAcc>0.960418</hAcc><vAcc>0.727454</vAcc></extensions></trkpt>
      <trkpt lon="-82.155088" lat="33.556066"><ele>89.218666</ele><time>2021-02-13T14:43:38Z</time><extensions><speed>1.515264</speed><course>283.359375</course><hAcc>0.936552</hAcc><vAcc>0.717105</vAcc></extensions></trkpt>
      <trkpt lon="-82.155086" lat="33.556079"><ele>89.220764</ele><time>2021-02-13T14:43:39Z</time><extensions><speed>1.531520</speed><course>297.773438</course><hAcc>0.917811</hAcc><vAcc>0.708684</vAcc></extensions></trkpt>
      <trkpt lon="-82.155084" lat="33.556093"><ele>89.220833</ele><time>2021-02-13T14:43:40Z</time><extensions><speed>1.548891</speed><course>309.375000</course><hAcc>0.903808</hAcc><vAcc>0.702115</vAcc></extensions></trkpt>
      <trkpt lon="-82.155081" lat="33.556107"><ele>89.217384</ele><time>2021-02-13T14:43:41Z</time><extensions><speed>1.566142</speed><course>323.437500</course><hAcc>0.893850</hAcc><vAcc>0.697197</vAcc></extensions></trkpt>
      <trkpt lon="-82.155078" lat="33.556121"><ele>89.208763</ele><time>2021-02-13T14:43:42Z</time><extensions><speed>1.581950</speed><course>319.921875</course><hAcc>0.887120</hAcc><vAcc>0.693665</vAcc></extensions></trkpt>
      <trkpt lon="-82.155075" lat="33.556135"><ele>89.193268</ele><time>2021-02-13T14:43:43Z</time><extensions><speed>1.595215</speed><course>314.648438</course><hAcc>0.882812</hAcc><vAcc>0.691235</vAcc></extensions></trkpt>
      <trkpt lon="-82.155071" lat="33.556149"><ele>89.169235</ele><time>2021-02-13T14:43:44Z</time><extensions><speed>1.605215</speed><course>307.265625</course><hAcc>0.880219</hAcc><vAcc>0.689640</vAcc></extensions></trkpt>
      <trkpt lon="-82.155068" lat="33.556163"><ele>89.135185</ele><time>2021-02-13T14:43:45Z</time><extensions><speed>1.611837</speed><course>305.156250</course><hAcc>0.878770</hAcc><vAcc>0.688647</vAcc></extensions></trkpt>
      <trkpt lon="-82.155063" lat="33.556177"><ele>89.090141</ele><time>2021-02-13T14:43:46Z</time><extensions><speed>1.615649</speed><course>320.976562</course><hAcc>0.878031</hAcc><vAcc>0.688066</vAcc></extensions></trkpt>
      <trkpt lon="-82.155059" lat="33.556191"><ele>89.033882</ele><time>2021-02-13T14:43:47Z</time><extensions><speed>1.617714</speed><course>332.929688</course><hAcc>0.877701</hAcc><vAcc>0.687754</vAcc></extensions></trkpt>
      <trkpt lon="-82.155054" lat="33.556205"><ele>88.966934</ele><time>2021-02-13T14:43:48Z</time><extensions><speed>1.619250</speed><course>338.906250</course><hAcc>0.877579</hAcc><vAcc>0.687603</vAcc></extensions></trkpt>
      <trkpt lon="-82.155049" lat="33.556219"><ele>88.890457</ele><time>2021-02-13T14:43:49Z</time><extensions><speed>1.621404</speed><course>292.500000</course><hAcc>0.877543</hAcc><vAcc>0.687541</vAcc></extensions></trkpt>
      <trkpt lon="-82.155043" lat="33.556233"><ele>88.806252</ele><time>2021-02-13T14:43:50Z</time><extensions><speed>1.625271</speed><course>299.179688</course><hAcc>0.877527</hAcc><vAcc>0.687522</vAcc></extensions></trkpt>
      <trkpt lon="-82.155037" lat="33.556247"><ele>88.716789</ele><time>2021-02-13T14:43:51Z</time><extensions><speed>1.631205</speed><course>293.554688</course><hAcc>0.877500</hAcc><vAcc>0.687517</vAcc></extensions></trkpt>
      <trkpt lon="-82.155030" lat="33.556260"><ele>88.624878</ele><time>2021-02-13T14:43:52Z</time><extensions><speed>1.638340</speed><course>286.171875</course><hAcc>0.877453</hAcc><vAcc>0.687512</vAcc></extensions></trkpt>
      <trkpt lon="-82.155023" lat="33.556274"><ele>88.533394</ele><time>2021-02-13T14:43:53Z</time><extensions><speed>1.644973</speed><course>284.765625</course><hAcc>0.877389</hAcc><vAcc>0.687500</vAcc></extensions></trkpt>
      <trkpt lon="-82.155016" lat="33.556288"><ele>88.444962</ele><time>2021-02-13T14:43:54Z</time><extensions><speed>1.649212</speed><course>276.679688</course><hAcc>0.877313</hAcc><vAcc>0.687480</vAcc></extensions></trkpt>
      <trkpt lon="-82.155008" lat="33.556301"><ele>88.361801</ele><time>2021-02-13T14:43:55Z</time><extensions><speed>1.649637</speed><course>273.867188</course><hAcc>0.877234</hAcc><vAcc>0.687455</vAcc></extensions></trkpt>
      <trkpt lon="-82.155001" lat="33.556314"><ele>88.285622</ele><time>2021-02-13T14:43:56Z</time><extensions><speed>1.645221</speed><course>281.953125</course><hAcc>0.877159</hAcc><vAcc>0.687426</vAcc></extensions></trkpt>
      <trkpt lon="-82.154993" lat="33.556328"><ele>88.217636</ele><time>2021-02-13T14:43:57Z</time><extensions><speed>1.635136</speed><course>272.812500</course><hAcc>0.877090</hAcc><vAcc>0.687396</vAcc></extensions></trkpt>
      <trkpt lon="-82.154986" lat="33.556341"><ele>88.158455</ele><time>2021-02-13T14:43:58Z</time><extensions><speed>1.618912</speed><course>262.968750</course><hAcc>0.877032</hAcc><vAcc>0.687366</vAcc></extensions></trkpt>
      <trkpt lon="-82.154978" lat="33.556354"><ele>88.108124</ele><time>2021-02-13T14:43:59Z</time><extensions><speed>1.596763</speed><course>208.828125</course><hAcc>0.876984</hAcc><vAcc>0.687339</vAcc></extensions></trkpt>
      <trkpt lon="-82.154972" lat="33.556367"><ele>88.066223</ele><time>2021-02-13T14:44:00Z</time><extensions><speed>1.569682</speed><course>235.898438</course><hAcc>0.876945</hAcc><vAcc>0.687315</vAcc></extensions></trkpt>
      <trkpt lon="-82.154965" lat="33.556380"><ele>88.031807</ele><time>2021-02-13T14:44:01Z</time><extensions><speed>1.539031</speed><course>299.179688</course><hAcc>0.876915</hAcc><vAcc>0.687294</vAcc></extensions></trkpt>
      <trkpt lon="-82.154959" lat="33.556393"><ele>88.003685</ele><time>2021-02-13T14:44:02Z</time><extensions><speed>1.506143</speed><course>297.421875</course><hAcc>0.876890</hAcc><vAcc>0.687275</vAcc></extensions></trkpt>
      <trkpt lon="-82.154954" lat="33.556406"><ele>87.980682</ele><time>2021-02-13T14:44:03Z</time><extensions><speed>1.472513</speed><course>318.164062</course><hAcc>0.876870</hAcc><vAcc>0.687259</vAcc></extensions></trkpt>
      <trkpt lon="-82.154949" lat="33.556418"><ele>87.961647</ele><time>2021-02-13T14:44:04Z</time><extensions><speed>1.439976</speed><course>316.406250</course><hAcc>0.876852</hAcc><vAcc>0.687244</vAcc></extensions></trkpt>
      <trkpt lon="-82.154945" lat="33.556431"><ele>87.945419</ele><time>2021-02-13T14:44:05Z</time><extensions><speed>1.410317</speed><course>311.484375</course><hAcc>0.876834</hAcc><vAcc>0.687228</vAcc></extensions></trkpt>
      <trkpt lon="-82.154942" lat="33.556443"><ele>87.930962</ele><time>2021-02-13T14:44:06Z</time><extensions><speed>1.385160</speed><course>286.875000</course><hAcc>0.876814</hAcc><vAcc>0.687212</vAcc></extensions></trkpt>
      <trkpt lon="-82.154939" lat="33.556455"><ele>87.917496</ele><time>2021-02-13T14:44:07Z</time><extensions><speed>1.365980</speed><course>284.062500</course><hAcc>0.876790</hAcc><vAcc>0.687193</vAcc></extensions></trkpt>
      <trkpt lon="-82.154938" lat="33.556467"><ele>87.904488</ele><time>2021-02-13T14:44:08Z</time><extensions><speed>1.353728</speed><course>256.289062</course><hAcc>0.876759</hAcc><vAcc>0.687169</vAcc></extensions></trkpt>
      <trkpt lon="-82.154936" lat="33.556479"><ele>87.891731</ele><time>2021-02-13T14:44:09Z</time><extensions><speed>1.348486</speed><course>267.890625</course><hAcc>0.876718</hAcc><vAcc>0.687140</vAcc></extensions></trkpt>
      <trkpt lon="-82.154936" lat="33.556492"><ele>87.879280</ele><time>2021-02-13T14:44:10Z</time><extensions><speed>1.349472</speed><course>273.867188</course><hAcc>0.876663</hAcc><vAcc>0.687101</vAcc></extensions></trkpt>
      <trkpt lon="-82.154935" lat="33.556504"><ele>87.867363</ele><time>2021-02-13T14:44:10Z</time><extensions><speed>1.355179</speed><course>268.242188</course><hAcc>0.876667</hAcc><vAcc>0.687104</vAcc></extensions></trkpt>
      <trkpt lon="-82.154935" lat="33.556516"><ele>87.856140</ele><time>2021-02-13T14:44:11Z</time><extensions><speed>1.364125</speed><course>281.601562</course><hAcc>0.876728</hAcc><vAcc>0.687146</vAcc></extensions></trkpt>
      <trkpt lon="-82.154935" lat="33.556528"><ele>87.845947</ele><time>2021-02-13T14:44:12Z</time><extensions><speed>1.375386</speed><course>281.601562</course><hAcc>0.876776</hAcc><vAcc>0.687181</vAcc></extensions></trkpt>
      <trkpt lon="-82.154935" lat="33.556541"><ele>87.837128</ele><time>2021-02-13T14:44:13Z</time><extensions><speed>1.388984</speed><course>286.171875</course><hAcc>0.876815</hAcc><vAcc>0.687209</vAcc></extensions></trkpt>
      <trkpt lon="-82.154934" lat="33.556553"><ele>87.830116</ele><time>2021-02-13T14:44:14Z</time><extensions><speed>1.405644</speed><course>294.609375</course><hAcc>0.876849</hAcc><vAcc>0.687234</vAcc></extensions></trkpt>
      <trkpt lon="-82.154933" lat="33.556566"><ele>87.825394</ele><time>2021-02-13T14:44:15Z</time><extensions><speed>1.426311</speed><course>277.382812</course><hAcc>0.876880</hAcc><vAcc>0.687257</vAcc></extensions></trkpt>
      <trkpt lon="-82.154931" lat="33.556579"><ele>87.823227</ele><time>2021-02-13T14:44:16Z</time><extensions><speed>1.451495</speed><course>275.625000</course><hAcc>0.876893</hAcc><vAcc>0.687267</vAcc></extensions></trkpt>
      <trkpt lon="-82.154928" lat="33.556592"><ele>87.823479</ele><time>2021-02-13T14:44:17Z</time><extensions><speed>1.480872</speed><course>263.320312</course><hAcc>0.876889</hAcc><vAcc>0.687265</vAcc></extensions></trkpt>
      <trkpt lon="-82.154925" lat="33.556605"><ele>87.825607</ele><time>2021-02-13T14:44:18Z</time><extensions><speed>1.513777</speed><course>148.710938</course><hAcc>0.876885</hAcc><vAcc>0.687263</vAcc></extensions></trkpt>
      <trkpt lon="-82.154921" lat="33.556619"><ele>87.828880</ele><time>2021-02-13T14:44:19Z</time><extensions><speed>1.549193</speed><course>251.367188</course><hAcc>0.876883</hAcc><vAcc>0.687262</vAcc></extensions></trkpt>
      <trkpt lon="-82.154916" lat="33.556632"><ele>87.832474</ele><time>2021-02-13T14:44:20Z</time><extensions><speed>1.586003</speed><course>253.476562</course><hAcc>0.876881</hAcc><vAcc>0.687260</vAcc></extensions></trkpt>
      <trkpt lon="-82.154910" lat="33.556646"><ele>87.835617</ele><time>2021-02-13T14:44:21Z</time><extensions><speed>1.623280</speed><course>259.453125</course><hAcc>0.876879</hAcc><vAcc>0.687260</vAcc></extensions></trkpt>
      <trkpt lon="-82.154904" lat="33.556660"><ele>87.837624</ele><time>2021-02-13T14:44:22Z</time><extensions><speed>1.660440</speed><course>263.671875</course><hAcc>0.876878</hAcc><vAcc>0.687259</vAcc></extensions></trkpt>
      <trkpt lon="-82.154897" lat="33.556674"><ele>87.837852</ele><time>2021-02-13T14:44:23Z</time><extensions><speed>1.696938</speed><course>264.726562</course><hAcc>0.876878</hAcc><vAcc>0.687259</vAcc></extensions></trkpt>
      <trkpt lon="-82.154890" lat="33.556688"><ele>87.835526</ele><time>2021-02-13T14:44:24Z</time><extensions><speed>1.731891</speed><course>262.617188</course><hAcc>0.876877</hAcc><vAcc>0.687258</vAcc></extensions></trkpt>
      <trkpt lon="-82.154882" lat="33.556702"><ele>87.829689</ele><time>2021-02-13T14:44:25Z</time><extensions><speed>1.764067</speed><course>248.906250</course><hAcc>0.876877</hAcc><vAcc>0.687258</vAcc></extensions></trkpt>
      <trkpt lon="-82.154874" lat="33.556717"><ele>87.819435</ele><time>2021-02-13T14:44:26Z</time><extensions><speed>1.792426</speed><course>233.789062</course><hAcc>0.876877</hAcc><vAcc>0.687258</vAcc></extensions></trkpt>
      <trkpt lon="-82.154865" lat="33.556731"><ele>87.804153</ele><time>2021-02-13T14:44:27Z</time><extensions><speed>1.816461</speed><course>220.781250</course><hAcc>0.876877</hAcc><vAcc>0.687258</vAcc></extensions></trkpt>
      <trkpt lon="-82.154856" lat="33.556746"><ele>87.783493</ele><time>2021-02-13T14:44:28Z</time><extensions><speed>1.835902</speed><course>217.617188</course><hAcc>0.876877</hAcc><vAcc>0.687258</vAcc></extensions></trkpt>
      <trkpt lon="-82.154846" lat="33.556760"><ele>87.757126</ele><time>2021-02-13T14:44:29Z</time><extensions><speed>1.850541</speed><course>228.867188</course><hAcc>0.876877</hAcc><vAcc>0.687258</vAcc></extensions></trkpt>
      <trkpt lon="-82.154837" lat="33.556775"><ele>87.724663</ele><time>2021-02-13T14:44:30Z</time><extensions><speed>1.860090</speed><course>247.851562</course><hAcc>0.876877</hAcc><vAcc>0.687258</vAcc></extensions></trkpt>
      <trkpt lon="-82.154827" lat="33.556790"><ele>87.685730</ele><time>2021-02-13T14:44:31Z</time><extensions><speed>1.864266</speed><course>261.562500</course><hAcc>0.876877</hAcc><vAcc>0.687258</vAcc></extensions></trkpt>
      <trkpt lon="-82.154818" lat="33.556805"><ele>87.639984</ele><time>2021-02-13T14:44:32Z</time><extensions><speed>1.862906</speed><course>248.554688</course><hAcc>0.876878</hAcc><vAcc>0.687259</vAcc></extensions></trkpt>
      <trkpt lon="-82.154808" lat="33.556819"><ele>87.587120</ele><time>2021-02-13T14:44:33Z</time><extensions><speed>1.856136</speed><course>236.250000</course><hAcc>0.876879</hAcc><vAcc>0.687259</vAcc></extensions></trkpt>
      <trkpt lon="-82.154798" lat="33.556834"><ele>87.527046</ele><time>2021-02-13T14:44:34Z</time><extensions><speed>1.844622</speed><course>224.648438</course><hAcc>0.876880</hAcc><vAcc>0.687260</vAcc></extensions></trkpt>
      <trkpt lon="-82.154789" lat="33.556848"><ele>87.460007</ele><time>2021-02-13T14:44:35Z</time><extensions><speed>1.829282</speed><course>209.179688</course><hAcc>0.876881</hAcc><vAcc>0.687261</vAcc></extensions></trkpt>
      <trkpt lon="-82.154780" lat="33.556863"><ele>87.386551</ele><time>2021-02-13T14:44:36Z</time><extensions><speed>1.810823</speed><course>200.039062</course><hAcc>0.876883</hAcc><vAcc>0.687262</vAcc></extensions></trkpt>
      <trkpt lon="-82.154771" lat="33.556877"><ele>87.307304</ele><time>2021-02-13T14:44:37Z</time><extensions><speed>1.789453</speed><course>195.117188</course><hAcc>0.876885</hAcc><vAcc>0.687264</vAcc></extensions></trkpt>
      <trkpt lon="-82.154762" lat="33.556891"><ele>87.222939</ele><time>2021-02-13T14:44:38Z</time><extensions><speed>1.765135</speed><course>197.929688</course><hAcc>0.876888</hAcc><vAcc>0.687267</vAcc></extensions></trkpt>
      <trkpt lon="-82.154753" lat="33.556905"><ele>87.134216</ele><time>2021-02-13T14:44:39Z</time><extensions><speed>1.738067</speed><course>202.500000</course><hAcc>0.876893</hAcc><vAcc>0.687270</vAcc></extensions></trkpt>
      <trkpt lon="-82.154744" lat="33.556919"><ele>87.041992</ele><time>2021-02-13T14:44:40Z</time><extensions><speed>1.708670</speed><course>198.632812</course><hAcc>0.876899</hAcc><vAcc>0.687274</vAcc></extensions></trkpt>
      <trkpt lon="-82.154736" lat="33.556933"><ele>86.947174</ele><time>2021-02-13T14:44:41Z</time><extensions><speed>1.677757</speed><course>187.382812</course><hAcc>0.876907</hAcc><vAcc>0.687280</vAcc></extensions></trkpt>
      <trkpt lon="-82.154729" lat="33.556946"><ele>86.850769</ele><time>2021-02-13T14:44:42Z</time><extensions><speed>1.646588</speed><course>182.812500</course><hAcc>0.876917</hAcc><vAcc>0.687287</vAcc></extensions></trkpt>
      <trkpt lon="-82.154721" lat="33.556960"><ele>86.753922</ele><time>2021-02-13T14:44:43Z</time><extensions><speed>1.616023</speed><course>170.859375</course><hAcc>0.876932</hAcc><vAcc>0.687297</vAcc></extensions></trkpt>
      <trkpt lon="-82.154714" lat="33.556973"><ele>86.657707</ele><time>2021-02-13T14:44:45Z</time><extensions><speed>1.586344</speed><course>171.914062</course><hAcc>0.876932</hAcc><vAcc>0.687297</vAcc></extensions></trkpt>
      <trkpt lon="-82.154707" lat="33.556986"><ele>86.563454</ele><time>2021-02-13T14:44:46Z</time><extensions><speed>1.558025</speed><course>178.945312</course><hAcc>0.876917</hAcc><vAcc>0.687287</vAcc></extensions></trkpt>
      <trkpt lon="-82.154700" lat="33.556998"><ele>86.472076</ele><time>2021-02-13T14:44:47Z</time><extensions><speed>1.531180</speed><course>181.406250</course><hAcc>0.876907</hAcc><vAcc>0.687280</vAcc></extensions></trkpt>
      <trkpt lon="-82.154693" lat="33.557011"><ele>86.384422</ele><time>2021-02-13T14:44:48Z</time><extensions><speed>1.505444</speed><course>190.898438</course><hAcc>0.876899</hAcc><vAcc>0.687274</vAcc></extensions></trkpt>
      <trkpt lon="-82.154686" lat="33.557023"><ele>86.301147</ele><time>2021-02-13T14:44:49Z</time><extensions><speed>1.479898</speed><course>171.562500</course><hAcc>0.876893</hAcc><vAcc>0.687270</vAcc></extensions></trkpt>
      <trkpt lon="-82.154679" lat="33.557035"><ele>86.222595</ele><time>2021-02-13T14:44:50Z</time><extensions><speed>1.453615</speed><course>170.507812</course><hAcc>0.876889</hAcc><vAcc>0.687266</vAcc></extensions></trkpt>
      <trkpt lon="-82.154672" lat="33.557046"><ele>86.148804</ele><time>2021-02-13T14:44:51Z</time><extensions><speed>1.426391</speed><course>157.851562</course><hAcc>0.876886</hAcc><vAcc>0.687264</vAcc></extensions></trkpt>
      <trkpt lon="-82.154666" lat="33.557058"><ele>86.079597</ele><time>2021-02-13T14:44:52Z</time><extensions><speed>1.398549</speed><course>167.695312</course><hAcc>0.876883</hAcc><vAcc>0.687262</vAcc></extensions></trkpt>
      <trkpt lon="-82.154659" lat="33.557069"><ele>86.014626</ele><time>2021-02-13T14:44:53Z</time><extensions><speed>1.370381</speed><course>195.820312</course><hAcc>0.876881</hAcc><vAcc>0.687260</vAcc></extensions></trkpt>
      <trkpt lon="-82.154653" lat="33.557080"><ele>85.953514</ele><time>2021-02-13T14:44:54Z</time><extensions><speed>1.342843</speed><course>197.929688</course><hAcc>0.876880</hAcc><vAcc>0.687259</vAcc></extensions></trkpt>
      <trkpt lon="-82.154647" lat="33.557091"><ele>85.895973</ele><time>2021-02-13T14:44:55Z</time><extensions><speed>1.318587</speed><course>214.101562</course><hAcc>0.876879</hAcc><vAcc>0.687258</vAcc></extensions></trkpt>
      <trkpt lon="-82.154642" lat="33.557102"><ele>85.842056</ele><time>2021-02-13T14:44:56Z</time><extensions><speed>1.301519</speed><course>165.234375</course><hAcc>0.876878</hAcc><vAcc>0.687258</vAcc></extensions></trkpt>
      <trkpt lon="-82.154636" lat="33.557113"><ele>85.792145</ele><time>2021-02-13T14:44:57Z</time><extensions><speed>1.294707</speed><course>169.804688</course><hAcc>0.876878</hAcc><vAcc>0.687257</vAcc></extensions></trkpt>
      <trkpt lon="-82.154631" lat="33.557124"><ele>85.746719</ele><time>2021-02-13T14:44:58Z</time><extensions><speed>1.299382</speed><course>142.382812</course><hAcc>0.876877</hAcc><vAcc>0.687257</vAcc></extensions></trkpt>
      <trkpt lon="-82.154626" lat="33.557135"><ele>85.706085</ele><time>2021-02-13T14:44:59Z</time><extensions><speed>1.315166</speed><course>196.171875</course><hAcc>0.876877</hAcc><vAcc>0.687257</vAcc></extensions></trkpt>
      <trkpt lon="-82.154621" lat="33.557146"><ele>85.670250</ele><time>2021-02-13T14:45:00Z</time><extensions><speed>1.340235</speed><course>215.507812</course><hAcc>0.876877</hAcc><vAcc>0.687256</vAcc></extensions></trkpt>
      <trkpt lon="-82.154617" lat="33.557158"><ele>85.639015</ele><time>2021-02-13T14:45:01Z</time><extensions><speed>1.371763</speed><course>207.421875</course><hAcc>0.876877</hAcc><vAcc>0.687256</vAcc></extensions></trkpt>
      <trkpt lon="-82.154612" lat="33.557170"><ele>85.612030</ele><time>2021-02-13T14:45:02Z</time><extensions><speed>1.406224</speed><course>286.171875</course><hAcc>0.876877</hAcc><vAcc>0.687256</vAcc></extensions></trkpt>
      <trkpt lon="-82.154608" lat="33.557182"><ele>85.588676</ele><time>2021-02-13T14:45:03Z</time><extensions><speed>1.439774</speed><course>236.601562</course><hAcc>0.876877</hAcc><vAcc>0.687256</vAcc></extensions></trkpt>
      <trkpt lon="-82.154604" lat="33.557195"><ele>85.568100</ele><time>2021-02-13T14:45:04Z</time><extensions><speed>1.469055</speed><course>203.554688</course><hAcc>0.876877</hAcc><vAcc>0.687256</vAcc></extensions></trkpt>
      <trkpt lon="-82.154601" lat="33.557208"><ele>85.549278</ele><time>2021-02-13T14:45:05Z</time><extensions><speed>1.491840</speed><course>205.312500</course><hAcc>0.876877</hAcc><vAcc>0.687256</vAcc></extensions></trkpt>
      <trkpt lon="-82.154598" lat="33.557221"><ele>85.531090</ele><time>2021-02-13T14:45:06Z</time><extensions><speed>1.507308</speed><course>172.968750</course><hAcc>0.876877</hAcc><vAcc>0.687256</vAcc></extensions></trkpt>
      <trkpt lon="-82.154595" lat="33.557234"><ele>85.512360</ele><time>2021-02-13T14:45:07Z</time><extensions><speed>1.516029</speed><course>186.328125</course><hAcc>0.876877</hAcc><vAcc>0.687256</vAcc></extensions></trkpt>
      <trkpt lon="-82.154592" lat="33.557248"><ele>85.492020</ele><time>2021-02-13T14:45:08Z</time><extensions><speed>1.519857</speed><course>188.789062</course><hAcc>0.876877</hAcc><vAcc>0.687256</vAcc></extensions></trkpt>
      <trkpt lon="-82.154590" lat="33.557261"><ele>85.469200</ele><time>2021-02-13T14:45:09Z</time><extensions><speed>1.521614</speed><course>195.468750</course><hAcc>0.876877</hAcc><vAcc>0.687255</vAcc></extensions></trkpt>
      <trkpt lon="-82.154589" lat="33.557275"><ele>85.443336</ele><time>2021-02-13T14:45:10Z</time><extensions><speed>1.523727</speed><course>195.117188</course><hAcc>0.876877</hAcc><vAcc>0.687255</vAcc></extensions></trkpt>
      <trkpt lon="-82.154588" lat="33.557289"><ele>85.414185</ele><time>2021-02-13T14:45:11Z</time><extensions><speed>1.526927</speed><course>194.414062</course><hAcc>0.876877</hAcc><vAcc>0.687255</vAcc></extensions></trkpt>
      <trkpt lon="-82.154587" lat="33.557303"><ele>85.381653</ele><time>2021-02-13T14:45:12Z</time><extensions><speed>1.530422</speed><course>192.304688</course><hAcc>0.876877</hAcc><vAcc>0.687255</vAcc></extensions></trkpt>
      <trkpt lon="-82.154587" lat="33.557316"><ele>85.345673</ele><time>2021-02-13T14:45:13Z</time><extensions><speed>1.532864</speed><course>190.546875</course><hAcc>0.876877</hAcc><vAcc>0.687255</vAcc></extensions></trkpt>
      <trkpt lon="-82.154586" lat="33.557330"><ele>85.306213</ele><time>2021-02-13T14:45:14Z</time><extensions><speed>1.533053</speed><course>185.976562</course><hAcc>0.876877</hAcc><vAcc>0.687255</vAcc></extensions></trkpt>
      <trkpt lon="-82.154586" lat="33.557344"><ele>85.263275</ele><time>2021-02-13T14:45:15Z</time><extensions><speed>1.530508</speed><course>188.437500</course><hAcc>0.876877</hAcc><vAcc>0.687255</vAcc></extensions></trkpt>
      <trkpt lon="-82.154586" lat="33.557358"><ele>85.217041</ele><time>2021-02-13T14:45:16Z</time><extensions><speed>1.525639</speed><course>195.117188</course><hAcc>0.876877</hAcc><vAcc>0.687255</vAcc></extensions></trkpt>
      <trkpt lon="-82.154585" lat="33.557371"><ele>85.167969</ele><time>2021-02-13T14:45:17Z</time><extensions><speed>1.519614</speed><course>203.554688</course><hAcc>0.876877</hAcc><vAcc>0.687255</vAcc></extensions></trkpt>
      <trkpt lon="-82.154584" lat="33.557385"><ele>85.116753</ele><time>2021-02-13T14:45:18Z</time><extensions><speed>1.514089</speed><course>204.960938</course><hAcc>0.876877</hAcc><vAcc>0.687255</vAcc></extensions></trkpt>
      <trkpt lon="-82.154582" lat="33.557399"><ele>85.064209</ele><time>2021-02-13T14:45:19Z</time><extensions><speed>1.510635</speed><course>203.554688</course><hAcc>0.876877</hAcc><vAcc>0.687255</vAcc></extensions></trkpt>
      <trkpt lon="-82.154579" lat="33.557412"><ele>85.011177</ele><time>2021-02-13T14:45:20Z</time><extensions><speed>1.510318</speed><course>210.234375</course><hAcc>0.876877</hAcc><vAcc>0.687255</vAcc></extensions></trkpt>
      <trkpt lon="-82.154576" lat="33.557425"><ele>84.958450</ele><time>2021-02-13T14:45:21Z</time><extensions><speed>1.513427</speed><course>208.476562</course><hAcc>0.876877</hAcc><vAcc>0.687255</vAcc></extensions></trkpt>
      <trkpt lon="-82.154572" lat="33.557439"><ele>84.906654</ele><time>2021-02-13T14:45:22Z</time><extensions><speed>1.519221</speed><course>216.210938</course><hAcc>0.876877</hAcc><vAcc>0.687255</vAcc></extensions></trkpt>
      <trkpt lon="-82.154567" lat="33.557452"><ele>84.856201</ele><time>2021-02-13T14:45:23Z</time><extensions><speed>1.526215</speed><course>192.656250</course><hAcc>0.876877</hAcc><vAcc>0.687255</vAcc></extensions></trkpt>
      <trkpt lon="-82.154562" lat="33.557465"><ele>84.807281</ele><time>2021-02-13T14:45:24Z</time><extensions><speed>1.532964</speed><course>205.664062</course><hAcc>0.876877</hAcc><vAcc>0.687255</vAcc></extensions></trkpt>
      <trkpt lon="-82.154556" lat="33.557478"><ele>84.759987</ele><time>2021-02-13T14:45:25Z</time><extensions><speed>1.538487</speed><course>208.125000</course><hAcc>0.876877</hAcc><vAcc>0.687255</vAcc></extensions></trkpt>
      <trkpt lon="-82.154550" lat="33.557491"><ele>84.714447</ele><time>2021-02-13T14:45:26Z</time><extensions><speed>1.541922</speed><course>168.750000</course><hAcc>0.876877</hAcc><vAcc>0.687255</vAcc></extensions></trkpt>
      <trkpt lon="-82.154544" lat="33.557504"><ele>84.670815</ele><time>2021-02-13T14:45:27Z</time><extensions><speed>1.542525</speed><course>193.359375</course><hAcc>0.876877</hAcc><vAcc>0.687255</vAcc></extensions></trkpt>
      <trkpt lon="-82.154538" lat="33.557517"><ele>84.629303</ele><time>2021-02-13T14:45:28Z</time><extensions><speed>1.540055</speed><course>207.421875</course><hAcc>0.876877</hAcc><vAcc>0.687255</vAcc></extensions></trkpt>
      <trkpt lon="-82.154532" lat="33.557530"><ele>84.590218</ele><time>2021-02-13T14:45:29Z</time><extensions><speed>1.534778</speed><course>203.203125</course><hAcc>0.876877</hAcc><vAcc>0.687255</vAcc></extensions></trkpt>
      <trkpt lon="-82.154526" lat="33.557543"><ele>84.553947</ele><time>2021-02-13T14:45:30Z</time><extensions><speed>1.527146</speed><course>198.632812</course><hAcc>0.876877</hAcc><vAcc>0.687255</vAcc></extensions></trkpt>
      <trkpt lon="-82.154520" lat="33.557555"><ele>84.520821</ele><time>2021-02-13T14:45:31Z</time><extensions><speed>1.517373</speed><course>192.304688</course><hAcc>0.876877</hAcc><vAcc>0.687255</vAcc></extensions></trkpt>
      <trkpt lon="-82.154515" lat="33.557568"><ele>84.491112</ele><time>2021-02-13T14:45:32Z</time><extensions><speed>1.505310</speed><course>197.929688</course><hAcc>0.876877</hAcc><vAcc>0.687255</vAcc></extensions></trkpt>
      <trkpt lon="-82.154509" lat="33.557581"><ele>84.465149</ele><time>2021-02-13T14:45:33Z</time><extensions><speed>1.490854</speed><course>215.859375</course><hAcc>0.876877</hAcc><vAcc>0.687255</vAcc></extensions></trkpt>
      <trkpt lon="-82.154504" lat="33.557594"><ele>84.443390</ele><time>2021-02-13T14:45:34Z</time><extensions><speed>1.474103</speed><course>224.648438</course><hAcc>0.876877</hAcc><vAcc>0.687255</vAcc></extensions></trkpt>
      <trkpt lon="-82.154499" lat="33.557606"><ele>84.426361</ele><time>2021-02-13T14:45:35Z</time><extensions><speed>1.455102</speed><course>223.242188</course><hAcc>0.876877</hAcc><vAcc>0.687255</vAcc></extensions></trkpt>
      <trkpt lon="-82.154495" lat="33.557619"><ele>84.414413</ele><time>2021-02-13T14:45:36Z</time><extensions><speed>1.433869</speed><course>219.023438</course><hAcc>0.876877</hAcc><vAcc>0.687255</vAcc></extensions></trkpt>
      <trkpt lon="-82.154491" lat="33.557631"><ele>84.407639</ele><time>2021-02-13T14:45:37Z</time><extensions><speed>1.410518</speed><course>202.148438</course><hAcc>0.876877</hAcc><vAcc>0.687255</vAcc></extensions></trkpt>
      <trkpt lon="-82.154487" lat="33.557643"><ele>84.405853</ele><time>2021-02-13T14:45:38Z</time><extensions><speed>1.385374</speed><course>203.906250</course><hAcc>0.876877</hAcc><vAcc>0.687255</vAcc></extensions></trkpt>
      <trkpt lon="-82.154483" lat="33.557655"><ele>84.408539</ele><time>2021-02-13T14:45:39Z</time><extensions><speed>1.359156</speed><course>197.929688</course><hAcc>0.876877</hAcc><vAcc>0.687254</vAcc></extensions></trkpt>
      <trkpt lon="-82.154480" lat="33.557667"><ele>84.414886</ele><time>2021-02-13T14:45:40Z</time><extensions><speed>1.332996</speed><course>216.562500</course><hAcc>0.876877</hAcc><vAcc>0.687254</vAcc></extensions></trkpt>
      <trkpt lon="-82.154478" lat="33.557679"><ele>84.423874</ele><time>2021-02-13T14:45:41Z</time><extensions><speed>1.308305</speed><course>215.156250</course><hAcc>0.876877</hAcc><vAcc>0.687254</vAcc></extensions></trkpt>
      <trkpt lon="-82.154476" lat="33.557690"><ele>84.434448</ele><time>2021-02-13T14:45:42Z</time><extensions><speed>1.286476</speed><course>227.109375</course><hAcc>0.876877</hAcc><vAcc>0.687254</vAcc></extensions></trkpt>
      <trkpt lon="-82.154474" lat="33.557702"><ele>84.445671</ele><time>2021-02-13T14:45:43Z</time><extensions><speed>1.268596</speed><course>223.593750</course><hAcc>0.876877</hAcc><vAcc>0.687254</vAcc></extensions></trkpt>
      <trkpt lon="-82.154473" lat="33.557713"><ele>84.456650</ele><time>2021-02-13T14:45:44Z</time><extensions><speed>1.255349</speed><course>215.156250</course><hAcc>0.876877</hAcc><vAcc>0.687254</vAcc></extensions></trkpt>
      <trkpt lon="-82.154473" lat="33.557724"><ele>84.466431</ele><time>2021-02-13T14:45:45Z</time><extensions><speed>1.247206</speed><course>204.960938</course><hAcc>0.876877</hAcc><vAcc>0.687254</vAcc></extensions></trkpt>
      <trkpt lon="-82.154474" lat="33.557736"><ele>84.474052</ele><time>2021-02-13T14:45:46Z</time><extensions><speed>1.244839</speed><course>197.929688</course><hAcc>0.876877</hAcc><vAcc>0.687254</vAcc></extensions></trkpt>
      <trkpt lon="-82.154475" lat="33.557747"><ele>84.478737</ele><time>2021-02-13T14:45:47Z</time><extensions><speed>1.249023</speed><course>199.335938</course><hAcc>0.876877</hAcc><vAcc>0.687254</vAcc></extensions></trkpt>
      <trkpt lon="-82.154477" lat="33.557758"><ele>84.479942</ele><time>2021-02-13T14:45:48Z</time><extensions><speed>1.260266</speed><course>206.367188</course><hAcc>0.876877</hAcc><vAcc>0.687254</vAcc></extensions></trkpt>
      <trkpt lon="-82.154480" lat="33.557769"><ele>84.477310</ele><time>2021-02-13T14:45:49Z</time><extensions><speed>1.278413</speed><course>219.726562</course><hAcc>0.876877</hAcc><vAcc>0.687254</vAcc></extensions></trkpt>
      <trkpt lon="-82.154483" lat="33.557780"><ele>84.470436</ele><time>2021-02-13T14:45:50Z</time><extensions><speed>1.302797</speed><course>226.757812</course><hAcc>0.876877</hAcc><vAcc>0.687254</vAcc></extensions></trkpt>
      <trkpt lon="-82.154488" lat="33.557792"><ele>84.458862</ele><time>2021-02-13T14:45:51Z</time><extensions><speed>1.332544</speed><course>228.164062</course><hAcc>0.876877</hAcc><vAcc>0.687254</vAcc></extensions></trkpt>
      <trkpt lon="-82.154493" lat="33.557803"><ele>84.442024</ele><time>2021-02-13T14:45:52Z</time><extensions><speed>1.365949</speed><course>230.976562</course><hAcc>0.876877</hAcc><vAcc>0.687254</vAcc></extensions></trkpt>
      <trkpt lon="-82.154499" lat="33.557814"><ele>84.419281</ele><time>2021-02-13T14:45:53Z</time><extensions><speed>1.400395</speed><course>224.296875</course><hAcc>0.876878</hAcc><vAcc>0.687254</vAcc></extensions></trkpt>
      <trkpt lon="-82.154506" lat="33.557826"><ele>84.390152</ele><time>2021-02-13T14:45:54Z</time><extensions><speed>1.433261</speed><course>226.406250</course><hAcc>0.876878</hAcc><vAcc>0.687254</vAcc></extensions></trkpt>
      <trkpt lon="-82.154513" lat="33.557837"><ele>84.354553</ele><time>2021-02-13T14:45:55Z</time><extensions><speed>1.462599</speed><course>221.835938</course><hAcc>0.876878</hAcc><vAcc>0.687254</vAcc></extensions></trkpt>
      <trkpt lon="-82.154522" lat="33.557849"><ele>84.312767</ele><time>2021-02-13T14:45:56Z</time><extensions><speed>1.487625</speed><course>219.023438</course><hAcc>0.876878</hAcc><vAcc>0.687254</vAcc></extensions></trkpt>
      <trkpt lon="-82.154531" lat="33.557860"><ele>84.265320</ele><time>2021-02-13T14:45:57Z</time><extensions><speed>1.508415</speed><course>221.484375</course><hAcc>0.876878</hAcc><vAcc>0.687254</vAcc></extensions></trkpt>
      <trkpt lon="-82.154540" lat="33.557871"><ele>84.212883</ele><time>2021-02-13T14:45:58Z</time><extensions><speed>1.525270</speed><course>219.726562</course><hAcc>0.876878</hAcc><vAcc>0.687254</vAcc></extensions></trkpt>
      <trkpt lon="-82.154550" lat="33.557882"><ele>84.156120</ele><time>2021-02-13T14:45:59Z</time><extensions><speed>1.538620</speed><course>219.023438</course><hAcc>0.876878</hAcc><vAcc>0.687254</vAcc></extensions></trkpt>
      <trkpt lon="-82.154560" lat="33.557893"><ele>84.095627</ele><time>2021-02-13T14:46:00Z</time><extensions><speed>1.548750</speed><course>211.289062</course><hAcc>0.876878</hAcc><vAcc>0.687254</vAcc></extensions></trkpt>
      <trkpt lon="-82.154570" lat="33.557904"><ele>84.032089</ele><time>2021-02-13T14:46:01Z</time><extensions><speed>1.555600</speed><course>217.265625</course><hAcc>0.876878</hAcc><vAcc>0.687254</vAcc></extensions></trkpt>
      <trkpt lon="-82.154581" lat="33.557915"><ele>83.966377</ele><time>2021-02-13T14:46:02Z</time><extensions><speed>1.559012</speed><course>226.054688</course><hAcc>0.876878</hAcc><vAcc>0.687254</vAcc></extensions></trkpt>
      <trkpt lon="-82.154593" lat="33.557925"><ele>83.899605</ele><time>2021-02-13T14:46:03Z</time><extensions><speed>1.559060</speed><course>233.437500</course><hAcc>0.876878</hAcc><vAcc>0.687254</vAcc></extensions></trkpt>
      <trkpt lon="-82.154604" lat="33.557935"><ele>83.833107</ele><time>2021-02-13T14:46:04Z</time><extensions><speed>1.555988</speed><course>227.812500</course><hAcc>0.876878</hAcc><vAcc>0.687254</vAcc></extensions></trkpt>
      <trkpt lon="-82.154615" lat="33.557946"><ele>83.768326</ele><time>2021-02-13T14:46:05Z</time><extensions><speed>1.550720</speed><course>223.593750</course><hAcc>0.876878</hAcc><vAcc>0.687254</vAcc></extensions></trkpt>
      <trkpt lon="-82.154627" lat="33.557956"><ele>83.706772</ele><time>2021-02-13T14:46:06Z</time><extensions><speed>1.545520</speed><course>222.890625</course><hAcc>0.876878</hAcc><vAcc>0.687254</vAcc></extensions></trkpt>
      <trkpt lon="-82.154638" lat="33.557966"><ele>83.649765</ele><time>2021-02-13T14:46:07Z</time><extensions><speed>1.543281</speed><course>238.710938</course><hAcc>0.876878</hAcc><vAcc>0.687254</vAcc></extensions></trkpt>
      <trkpt lon="-82.154650" lat="33.557976"><ele>83.598381</ele><time>2021-02-13T14:46:08Z</time><extensions><speed>1.546099</speed><course>233.085938</course><hAcc>0.876878</hAcc><vAcc>0.687254</vAcc></extensions></trkpt>
      <trkpt lon="-82.154661" lat="33.557986"><ele>83.553413</ele><time>2021-02-13T14:46:09Z</time><extensions><speed>1.554485</speed><course>235.195312</course><hAcc>0.876878</hAcc><vAcc>0.687254</vAcc></extensions></trkpt>
      <trkpt lon="-82.154673" lat="33.557997"><ele>83.515472</ele><time>2021-02-13T14:46:10Z</time><extensions><speed>1.567590</speed><course>231.328125</course><hAcc>0.876878</hAcc><vAcc>0.687254</vAcc></extensions></trkpt>
      <trkpt lon="-82.154684" lat="33.558007"><ele>83.484985</ele><time>2021-02-13T14:46:11Z</time><extensions><speed>1.583499</speed><course>224.296875</course><hAcc>0.876878</hAcc><vAcc>0.687254</vAcc></extensions></trkpt>
      <trkpt lon="-82.154696" lat="33.558018"><ele>83.462196</ele><time>2021-02-13T14:46:12Z</time><extensions><speed>1.600066</speed><course>219.726562</course><hAcc>0.876878</hAcc><vAcc>0.687254</vAcc></extensions></trkpt>
      <trkpt lon="-82.154707" lat="33.558028"><ele>83.447121</ele><time>2021-02-13T14:46:13Z</time><extensions><speed>1.615456</speed><course>209.179688</course><hAcc>0.876878</hAcc><vAcc>0.687254</vAcc></extensions></trkpt>
      <trkpt lon="-82.154719" lat="33.558039"><ele>83.439445</ele><time>2021-02-13T14:46:14Z</time><extensions><speed>1.627741</speed><course>204.257812</course><hAcc>0.876878</hAcc><vAcc>0.687254</vAcc></extensions></trkpt>
      <trkpt lon="-82.154731" lat="33.558050"><ele>83.438507</ele><time>2021-02-13T14:46:15Z</time><extensions><speed>1.635453</speed><course>205.312500</course><hAcc>0.876878</hAcc><vAcc>0.687254</vAcc></extensions></trkpt>
      <trkpt lon="-82.154743" lat="33.558060"><ele>83.443420</ele><time>2021-02-13T14:46:16Z</time><extensions><speed>1.638468</speed><course>231.679688</course><hAcc>0.876878</hAcc><vAcc>0.687254</vAcc></extensions></trkpt>
      <trkpt lon="-82.154756" lat="33.558071"><ele>83.453308</ele><time>2021-02-13T14:46:17Z</time><extensions><speed>1.637455</speed><course>221.132812</course><hAcc>0.876878</hAcc><vAcc>0.687254</vAcc></extensions></trkpt>
      <trkpt lon="-82.154768" lat="33.558081"><ele>83.467331</ele><time>2021-02-13T14:46:18Z</time><extensions><speed>1.632956</speed><course>223.242188</course><hAcc>0.876878</hAcc><vAcc>0.687254</vAcc></extensions></trkpt>
      <trkpt lon="-82.154781" lat="33.558091"><ele>83.484756</ele><time>2021-02-13T14:46:19Z</time><extensions><speed>1.625197</speed><course>224.648438</course><hAcc>0.876878</hAcc><vAcc>0.687254</vAcc></extensions></trkpt>
      <trkpt lon="-82.154794" lat="33.558101"><ele>83.504936</ele><time>2021-02-13T14:46:20Z</time><extensions><speed>1.614143</speed><course>222.539062</course><hAcc>0.876878</hAcc><vAcc>0.687254</vAcc></extensions></trkpt>
      <trkpt lon="-82.154808" lat="33.558110"><ele>83.527397</ele><time>2021-02-13T14:46:21Z</time><extensions><speed>1.599659</speed><course>199.687500</course><hAcc>0.876878</hAcc><vAcc>0.687254</vAcc></extensions></trkpt>
      <trkpt lon="-82.154821" lat="33.558119"><ele>83.551743</ele><time>2021-02-13T14:46:22Z</time><extensions><speed>1.581602</speed><course>191.601562</course><hAcc>0.876878</hAcc><vAcc>0.687254</vAcc></extensions></trkpt>
      <trkpt lon="-82.154835" lat="33.558127"><ele>83.577690</ele><time>2021-02-13T14:46:23Z</time><extensions><speed>1.560526</speed><course>171.914062</course><hAcc>0.876878</hAcc><vAcc>0.687254</vAcc></extensions></trkpt>
      <trkpt lon="-82.154848" lat="33.558135"><ele>83.605148</ele><time>2021-02-13T14:46:24Z</time><extensions><speed>1.538091</speed><course>192.656250</course><hAcc>0.876878</hAcc><vAcc>0.687254</vAcc></extensions></trkpt>
      <trkpt lon="-82.154862" lat="33.558143"><ele>83.634102</ele><time>2021-02-13T14:46:25Z</time><extensions><speed>1.516442</speed><course>200.390625</course><hAcc>0.876878</hAcc><vAcc>0.687254</vAcc></extensions></trkpt>
      <trkpt lon="-82.154876" lat="33.558150"><ele>83.664467</ele><time>2021-02-13T14:46:26Z</time><extensions><speed>1.497815</speed><course>206.367188</course><hAcc>0.876878</hAcc><vAcc>0.687254</vAcc></extensions></trkpt>
      <trkpt lon="-82.154890" lat="33.558157"><ele>83.696136</ele><time>2021-02-13T14:46:27Z</time><extensions><speed>1.484051</speed><course>202.500000</course><hAcc>0.876878</hAcc><vAcc>0.687254</vAcc></extensions></trkpt>
      <trkpt lon="-82.154904" lat="33.558163"><ele>83.729095</ele><time>2021-02-13T14:46:28Z</time><extensions><speed>1.475942</speed><course>203.906250</course><hAcc>0.876878</hAcc><vAcc>0.687254</vAcc></extensions></trkpt>
      <trkpt lon="-82.154918" lat="33.558169"><ele>83.763412</ele><time>2021-02-13T14:46:29Z</time><extensions><speed>1.473099</speed><course>207.773438</course><hAcc>0.876878</hAcc><vAcc>0.687254</vAcc></extensions></trkpt>
      <trkpt lon="-82.154932" lat="33.558175"><ele>83.799255</ele><time>2021-02-13T14:46:30Z</time><extensions><speed>1.474373</speed><course>210.234375</course><hAcc>0.876878</hAcc><vAcc>0.687254</vAcc></extensions></trkpt>
      <trkpt lon="-82.154947" lat="33.558181"><ele>83.836830</ele><time>2021-02-13T14:46:31Z</time><extensions><speed>1.478487</speed><course>211.289062</course><hAcc>0.876878</hAcc><vAcc>0.687254</vAcc></extensions></trkpt>
      <trkpt lon="-82.154961" lat="33.558186"><ele>83.876259</ele><time>2021-02-13T14:46:32Z</time><extensions><speed>1.484175</speed><course>204.960938</course><hAcc>0.876878</hAcc><vAcc>0.687254</vAcc></extensions></trkpt>
      <trkpt lon="-82.154976" lat="33.558192"><ele>83.917625</ele><time>2021-02-13T14:46:33Z</time><extensions><speed>1.490366</speed><course>207.773438</course><hAcc>0.876878</hAcc><vAcc>0.687254</vAcc></extensions></trkpt>
      <trkpt lon="-82.154990" lat="33.558197"><ele>83.960854</ele><time>2021-02-13T14:46:34Z</time><extensions><speed>1.496594</speed><course>203.203125</course><hAcc>0.876878</hAcc><vAcc>0.687254</vAcc></extensions></trkpt>
      <trkpt lon="-82.155005" lat="33.558203"><ele>84.005699</ele><time>2021-02-13T14:46:35Z</time><extensions><speed>1.502823</speed><course>205.664062</course><hAcc>0.876878</hAcc><vAcc>0.687254</vAcc></extensions></trkpt>
      <trkpt lon="-82.155020" lat="33.558209"><ele>84.051727</ele><time>2021-02-13T14:46:36Z</time><extensions><speed>1.509269</speed><course>212.695312</course><hAcc>0.876878</hAcc><vAcc>0.687254</vAcc></extensions></trkpt>
      <trkpt lon="-82.155034" lat="33.558215"><ele>84.098457</ele><time>2021-02-13T14:46:37Z</time><extensions><speed>1.516432</speed><course>215.507812</course><hAcc>0.876878</hAcc><vAcc>0.687254</vAcc></extensions></trkpt>
      <trkpt lon="-82.155049" lat="33.558221"><ele>84.145554</ele><time>2021-02-13T14:46:38Z</time><extensions><speed>1.524895</speed><course>212.695312</course><hAcc>0.876878</hAcc><vAcc>0.687254</vAcc></extensions></trkpt>
      <trkpt lon="-82.155064" lat="33.558227"><ele>84.192833</ele><time>2021-02-13T14:46:39Z</time><extensions><speed>1.534993</speed><course>206.015625</course><hAcc>0.876878</hAcc><vAcc>0.687254</vAcc></extensions></trkpt>
      <trkpt lon="-82.155079" lat="33.558233"><ele>84.240234</ele><time>2021-02-13T14:46:40Z</time><extensions><speed>1.546684</speed><course>205.664062</course><hAcc>0.876878</hAcc><vAcc>0.687254</vAcc></extensions></trkpt>
      <trkpt lon="-82.155093" lat="33.558240"><ele>84.287750</ele><time>2021-02-13T14:46:41Z</time><extensions><speed>1.559725</speed><course>220.078125</course><hAcc>0.876878</hAcc><vAcc>0.687254</vAcc></extensions></trkpt>
      <trkpt lon="-82.155108" lat="33.558247"><ele>84.335510</ele><time>2021-02-13T14:46:42Z</time><extensions><speed>1.573969</speed><course>226.757812</course><hAcc>0.876878</hAcc><vAcc>0.687254</vAcc></extensions></trkpt>
      <trkpt lon="-82.155123" lat="33.558254"><ele>84.383774</ele><time>2021-02-13T14:46:43Z</time><extensions><speed>1.589463</speed><course>227.460938</course><hAcc>0.876878</hAcc><vAcc>0.687254</vAcc></extensions></trkpt>
      <trkpt lon="-82.155138" lat="33.558261"><ele>84.432831</ele><time>2021-02-13T14:46:44Z</time><extensions><speed>1.606276</speed><course>233.085938</course><hAcc>0.876878</hAcc><vAcc>0.687254</vAcc></extensions></trkpt>
      <trkpt lon="-82.155152" lat="33.558269"><ele>84.483017</ele><time>2021-02-13T14:46:45Z</time><extensions><speed>1.624294</speed><course>216.914062</course><hAcc>0.876878</hAcc><vAcc>0.687254</vAcc></extensions></trkpt>
      <trkpt lon="-82.155167" lat="33.558277"><ele>84.534607</ele><time>2021-02-13T14:46:46Z</time><extensions><speed>1.642912</speed><course>218.671875</course><hAcc>0.876878</hAcc><vAcc>0.687254</vAcc></extensions></trkpt>
      <trkpt lon="-82.155182" lat="33.558285"><ele>84.587860</ele><time>2021-02-13T14:46:47Z</time><extensions><speed>1.661201</speed><course>221.484375</course><hAcc>0.876878</hAcc><vAcc>0.687254</vAcc></extensions></trkpt>
      <trkpt lon="-82.155197" lat="33.558294"><ele>84.642990</ele><time>2021-02-13T14:46:48Z</time><extensions><speed>1.678682</speed><course>227.460938</course><hAcc>0.876878</hAcc><vAcc>0.687254</vAcc></extensions></trkpt>
      <trkpt lon="-82.155211" lat="33.558303"><ele>84.700165</ele><time>2021-02-13T14:46:49Z</time><extensions><speed>1.695222</speed><course>223.593750</course><hAcc>0.876878</hAcc><vAcc>0.687254</vAcc></extensions></trkpt>
      <trkpt lon="-82.155226" lat="33.558312"><ele>84.759468</ele><time>2021-02-13T14:46:50Z</time><extensions><speed>1.710480</speed><course>228.867188</course><hAcc>0.876878</hAcc><vAcc>0.687254</vAcc></extensions></trkpt>
      <trkpt lon="-82.155241" lat="33.558321"><ele>84.820824</ele><time>2021-02-13T14:46:51Z</time><extensions><speed>1.723901</speed><course>227.109375</course><hAcc>0.876878</hAcc><vAcc>0.687255</vAcc></extensions></trkpt>
      <trkpt lon="-82.155256" lat="33.558331"><ele>84.884010</ele><time>2021-02-13T14:46:52Z</time><extensions><speed>1.735009</speed><course>227.109375</course><hAcc>0.876878</hAcc><vAcc>0.687255</vAcc></extensions></trkpt>
      <trkpt lon="-82.155271" lat="33.558340"><ele>84.948631</ele><time>2021-02-13T14:46:53Z</time><extensions><speed>1.743539</speed><course>224.296875</course><hAcc>0.876879</hAcc><vAcc>0.687256</vAcc></extensions></trkpt>
      <trkpt lon="-82.155286" lat="33.558349"><ele>85.014084</ele><time>2021-02-13T14:46:54Z</time><extensions><speed>1.749106</speed><course>224.296875</course><hAcc>0.876879</hAcc><vAcc>0.687257</vAcc></extensions></trkpt>
      <trkpt lon="-82.155301" lat="33.558359"><ele>85.079750</ele><time>2021-02-13T14:46:55Z</time><extensions><speed>1.750727</speed><course>227.109375</course><hAcc>0.876880</hAcc><vAcc>0.687258</vAcc></extensions></trkpt>
      <trkpt lon="-82.155316" lat="33.558368"><ele>85.145264</ele><time>2021-02-13T14:46:56Z</time><extensions><speed>1.747416</speed><course>238.359375</course><hAcc>0.876881</hAcc><vAcc>0.687259</vAcc></extensions></trkpt>
      <trkpt lon="-82.155332" lat="33.558377"><ele>85.210693</ele><time>2021-02-13T14:46:57Z</time><extensions><speed>1.739218</speed><course>240.117188</course><hAcc>0.876882</hAcc><vAcc>0.687261</vAcc></extensions></trkpt>
      <trkpt lon="-82.155347" lat="33.558386"><ele>85.276497</ele><time>2021-02-13T14:46:58Z</time><extensions><speed>1.727072</speed><course>235.898438</course><hAcc>0.876884</hAcc><vAcc>0.687264</vAcc></extensions></trkpt>
      <trkpt lon="-82.155363" lat="33.558394"><ele>85.343285</ele><time>2021-02-13T14:46:59Z</time><extensions><speed>1.712531</speed><course>210.234375</course><hAcc>0.876886</hAcc><vAcc>0.687266</vAcc></extensions></trkpt>
      <trkpt lon="-82.155378" lat="33.558402"><ele>85.411652</ele><time>2021-02-13T14:47:00Z</time><extensions><speed>1.697319</speed><course>211.289062</course><hAcc>0.876889</hAcc><vAcc>0.687269</vAcc></extensions></trkpt>
      <trkpt lon="-82.155393" lat="33.558411"><ele>85.482117</ele><time>2021-02-13T14:47:01Z</time><extensions><speed>1.682763</speed><course>220.429688</course><hAcc>0.876892</hAcc><vAcc>0.687272</vAcc></extensions></trkpt>
      <trkpt lon="-82.155409" lat="33.558419"><ele>85.554977</ele><time>2021-02-13T14:47:02Z</time><extensions><speed>1.670093</speed><course>213.046875</course><hAcc>0.876896</hAcc><vAcc>0.687275</vAcc></extensions></trkpt>
      <trkpt lon="-82.155424" lat="33.558427"><ele>85.630241</ele><time>2021-02-13T14:47:03Z</time><extensions><speed>1.660199</speed><course>189.140625</course><hAcc>0.876899</hAcc><vAcc>0.687278</vAcc></extensions></trkpt>
      <trkpt lon="-82.155439" lat="33.558435"><ele>85.707581</ele><time>2021-02-13T14:47:04Z</time><extensions><speed>1.652765</speed><course>180.000000</course><hAcc>0.876903</hAcc><vAcc>0.687280</vAcc></extensions></trkpt>
      <trkpt lon="-82.155454" lat="33.558442"><ele>85.786293</ele><time>2021-02-13T14:47:05Z</time><extensions><speed>1.646574</speed><course>190.195312</course><hAcc>0.876906</hAcc><vAcc>0.687281</vAcc></extensions></trkpt>
      <trkpt lon="-82.155470" lat="33.558450"><ele>85.865364</ele><time>2021-02-13T14:47:06Z</time><extensions><speed>1.640055</speed><course>200.742188</course><hAcc>0.876909</hAcc><vAcc>0.687281</vAcc></extensions></trkpt>
      <trkpt lon="-82.155485" lat="33.558457"><ele>85.943588</ele><time>2021-02-13T14:47:07Z</time><extensions><speed>1.631310</speed><course>215.507812</course><hAcc>0.876912</hAcc><vAcc>0.687282</vAcc></extensions></trkpt>
      <trkpt lon="-82.155500" lat="33.558464"><ele>86.019890</ele><time>2021-02-13T14:47:08Z</time><extensions><speed>1.618524</speed><course>219.726562</course><hAcc>0.876914</hAcc><vAcc>0.687284</vAcc></extensions></trkpt>
      <trkpt lon="-82.155515" lat="33.558471"><ele>86.093529</ele><time>2021-02-13T14:47:09Z</time><extensions><speed>1.600689</speed><course>229.570312</course><hAcc>0.876917</hAcc><vAcc>0.687291</vAcc></extensions></trkpt>
      <trkpt lon="-82.155530" lat="33.558478"><ele>86.164078</ele><time>2021-02-13T14:47:10Z</time><extensions><speed>1.577925</speed><course>246.796875</course><hAcc>0.876924</hAcc><vAcc>0.687307</vAcc></extensions></trkpt>
      <trkpt lon="-82.155545" lat="33.558485"><ele>86.231392</ele><time>2021-02-13T14:47:11Z</time><extensions><speed>1.551157</speed><course>263.671875</course><hAcc>0.876939</hAcc><vAcc>0.687340</vAcc></extensions></trkpt>
      <trkpt lon="-82.155560" lat="33.558491"><ele>86.295418</ele><time>2021-02-13T14:47:12Z</time><extensions><speed>1.521669</speed><course>260.156250</course><hAcc>0.876970</hAcc><vAcc>0.687399</vAcc></extensions></trkpt>
      <trkpt lon="-82.155574" lat="33.558498"><ele>86.356155</ele><time>2021-02-13T14:47:13Z</time><extensions><speed>1.491183</speed><course>236.250000</course><hAcc>0.877028</hAcc><vAcc>0.687501</vAcc></extensions></trkpt>
      <trkpt lon="-82.155587" lat="33.558505"><ele>86.413628</ele><time>2021-02-13T14:47:14Z</time><extensions><speed>1.461838</speed><course>225.000000</course><hAcc>0.877130</hAcc><vAcc>0.687663</vAcc></extensions></trkpt>
      <trkpt lon="-82.155600" lat="33.558512"><ele>86.467926</ele><time>2021-02-13T14:47:15Z</time><extensions><speed>1.435734</speed><course>227.109375</course><hAcc>0.877300</hAcc><vAcc>0.687909</vAcc></extensions></trkpt>
      <trkpt lon="-82.155613" lat="33.558520"><ele>86.519279</ele><time>2021-02-13T14:47:16Z</time><extensions><speed>1.414552</speed><course>233.085938</course><hAcc>0.877566</hAcc><vAcc>0.688267</vAcc></extensions></trkpt>
      <trkpt lon="-82.155625" lat="33.558527"><ele>86.568008</ele><time>2021-02-13T14:47:17Z</time><extensions><speed>1.399534</speed><course>234.843750</course><hAcc>0.877967</hAcc><vAcc>0.688766</vAcc></extensions></trkpt>
      <trkpt lon="-82.155637" lat="33.558535"><ele>86.614464</ele><time>2021-02-13T14:47:18Z</time><extensions><speed>1.391857</speed><course>235.195312</course><hAcc>0.878544</hAcc><vAcc>0.689439</vAcc></extensions></trkpt>
      <trkpt lon="-82.155648" lat="33.558544"><ele>86.659073</ele><time>2021-02-13T14:47:19Z</time><extensions><speed>1.392189</speed><course>227.460938</course><hAcc>0.879343</hAcc><vAcc>0.690310</vAcc></extensions></trkpt>
      <trkpt lon="-82.155658" lat="33.558553"><ele>86.702377</ele><time>2021-02-13T14:47:20Z</time><extensions><speed>1.399987</speed><course>226.757812</course><hAcc>0.880407</hAcc><vAcc>0.691397</vAcc></extensions></trkpt>
      <trkpt lon="-82.155669" lat="33.558562"><ele>86.745079</ele><time>2021-02-13T14:47:21Z</time><extensions><speed>1.413487</speed><course>222.187500</course><hAcc>0.881767</hAcc><vAcc>0.692700</vAcc></extensions></trkpt>
      <trkpt lon="-82.155679" lat="33.558572"><ele>86.787918</ele><time>2021-02-13T14:47:22Z</time><extensions><speed>1.430111</speed><course>201.093750</course><hAcc>0.883434</hAcc><vAcc>0.694193</vAcc></extensions></trkpt>
      <trkpt lon="-82.155688" lat="33.558582"><ele>86.831657</ele><time>2021-02-13T14:47:23Z</time><extensions><speed>1.447267</speed><course>196.875000</course><hAcc>0.885382</hAcc><vAcc>0.695821</vAcc></extensions></trkpt>
      <trkpt lon="-82.155697" lat="33.558592"><ele>86.877106</ele><time>2021-02-13T14:47:24Z</time><extensions><speed>1.463165</speed><course>137.460938</course><hAcc>0.887538</hAcc><vAcc>0.697490</vAcc></extensions></trkpt>
      <trkpt lon="-82.155706" lat="33.558604"><ele>86.925026</ele><time>2021-02-13T14:47:25Z</time><extensions><speed>1.477018</speed><course>213.046875</course><hAcc>0.889772</hAcc><vAcc>0.699073</vAcc></extensions></trkpt>
      <trkpt lon="-82.155714" lat="33.558615"><ele>86.976082</ele><time>2021-02-13T14:47:26Z</time><extensions><speed>1.488669</speed><course>235.546875</course><hAcc>0.891900</hAcc><vAcc>0.700419</vAcc></extensions></trkpt>
      <trkpt lon="-82.155722" lat="33.558627"><ele>87.030815</ele><time>2021-02-13T14:47:27Z</time><extensions><speed>1.498224</speed><course>240.468750</course><hAcc>0.893697</hAcc><vAcc>0.701384</vAcc></extensions></trkpt>
      <trkpt lon="-82.155729" lat="33.558639"><ele>87.089645</ele><time>2021-02-13T14:47:28Z</time><extensions><speed>1.505871</speed><course>249.960938</course><hAcc>0.894956</hAcc><vAcc>0.701890</vAcc></extensions></trkpt>
      <trkpt lon="-82.155735" lat="33.558652"><ele>87.152786</ele><time>2021-02-13T14:47:29Z</time><extensions><speed>1.511912</speed><course>249.960938</course><hAcc>0.895583</hAcc><vAcc>0.702011</vAcc></extensions></trkpt>
      <trkpt lon="-82.155740" lat="33.558665"><ele>87.220207</ele><time>2021-02-13T14:47:30Z</time><extensions><speed>1.516710</speed><course>245.390625</course><hAcc>0.895767</hAcc><vAcc>0.702116</vAcc></extensions></trkpt>
      <trkpt lon="-82.155745" lat="33.558678"><ele>87.291634</ele><time>2021-02-13T14:47:31Z</time><extensions><speed>1.520474</speed><course>233.437500</course><hAcc>0.896242</hAcc><vAcc>0.703064</vAcc></extensions></trkpt>
      <trkpt lon="-82.155748" lat="33.558691"><ele>87.366699</ele><time>2021-02-13T14:47:32Z</time><extensions><speed>1.523414</speed><course>217.968750</course><hAcc>0.898657</hAcc><vAcc>0.706453</vAcc></extensions></trkpt>
      <trkpt lon="-82.155751" lat="33.558705"><ele>87.444977</ele><time>2021-02-13T14:47:33Z</time><extensions><speed>1.525990</speed><course>211.640625</course><hAcc>0.906034</hAcc><vAcc>0.714884</vAcc></extensions></trkpt>
      <trkpt lon="-82.155753" lat="33.558718"><ele>87.526093</ele><time>2021-02-13T14:47:34Z</time><extensions><speed>1.528698</speed><course>219.375000</course><hAcc>0.923207</hAcc><vAcc>0.732146</vAcc></extensions></trkpt>
      <trkpt lon="-82.155755" lat="33.558732"><ele>87.609764</ele><time>2021-02-13T14:47:35Z</time><extensions><speed>1.531832</speed><course>216.562500</course><hAcc>0.956984</hAcc><vAcc>0.763138</vAcc></extensions></trkpt>
      <trkpt lon="-82.155746" lat="33.558752"><ele>87.653419</ele><time>2021-02-13T14:47:36Z</time><extensions><speed>1.722144</speed><course>261.914062</course><hAcc>0.920328</hAcc><vAcc>0.730709</vAcc></extensions></trkpt>
      <trkpt lon="-82.155737" lat="33.558766"><ele>87.738853</ele><time>2021-02-13T14:47:37Z</time><extensions><speed>1.750652</speed><course>256.640625</course><hAcc>0.902491</hAcc><vAcc>0.712509</vAcc></extensions></trkpt>
      <trkpt lon="-82.155728" lat="33.558779"><ele>87.829300</ele><time>2021-02-13T14:47:38Z</time><extensions><speed>1.782511</speed><course>254.882812</course><hAcc>0.895632</hAcc><vAcc>0.704105</vAcc></extensions></trkpt>
      <trkpt lon="-82.155717" lat="33.558793"><ele>87.924980</ele><time>2021-02-13T14:47:39Z</time><extensions><speed>1.815407</speed><course>242.929688</course><hAcc>0.894219</hAcc><vAcc>0.701241</vAcc></extensions></trkpt>
      <trkpt lon="-82.155706" lat="33.558807"><ele>88.025818</ele><time>2021-02-13T14:47:40Z</time><extensions><speed>1.847047</speed><course>246.796875</course><hAcc>0.894797</hAcc><vAcc>0.700986</vAcc></extensions></trkpt>
      <trkpt lon="-82.155694" lat="33.558820"><ele>88.131454</ele><time>2021-02-13T14:47:41Z</time><extensions><speed>1.875282</speed><course>249.609375</course><hAcc>0.895495</hAcc><vAcc>0.701546</vAcc></extensions></trkpt>
      <trkpt lon="-82.155681" lat="33.558833"><ele>88.241325</ele><time>2021-02-13T14:47:42Z</time><extensions><speed>1.897741</speed><course>259.453125</course><hAcc>0.895500</hAcc><vAcc>0.701965</vAcc></extensions></trkpt>
      <trkpt lon="-82.155667" lat="33.558846"><ele>88.354591</ele><time>2021-02-13T14:47:43Z</time><extensions><speed>1.911762</speed><course>262.617188</course><hAcc>0.894623</hAcc><vAcc>0.701842</vAcc></extensions></trkpt>
      <trkpt lon="-82.155653" lat="33.558858"><ele>88.470230</ele><time>2021-02-13T14:47:44Z</time><extensions><speed>1.915568</speed><course>245.742188</course><hAcc>0.893000</hAcc><vAcc>0.701109</vAcc></extensions></trkpt>
      <trkpt lon="-82.155638" lat="33.558870"><ele>88.587250</ele><time>2021-02-13T14:47:45Z</time><extensions><speed>1.909428</speed><course>249.609375</course><hAcc>0.890896</hAcc><vAcc>0.699872</vAcc></extensions></trkpt>
      <trkpt lon="-82.155623" lat="33.558882"><ele>88.704964</ele><time>2021-02-13T14:47:46Z</time><extensions><speed>1.895211</speed><course>242.578125</course><hAcc>0.888568</hAcc><vAcc>0.698291</vAcc></extensions></trkpt>
      <trkpt lon="-82.155608" lat="33.558893"><ele>88.822533</ele><time>2021-02-13T14:47:47Z</time><extensions><speed>1.875023</speed><course>242.929688</course><hAcc>0.886253</hAcc><vAcc>0.696552</vAcc></extensions></trkpt>
      <trkpt lon="-82.155593" lat="33.558904"><ele>88.939766</ele><time>2021-02-13T14:47:48Z</time><extensions><speed>1.850019</speed><course>248.554688</course><hAcc>0.884130</hAcc><vAcc>0.694821</vAcc></extensions></trkpt>
      <trkpt lon="-82.155578" lat="33.558915"><ele>89.056572</ele><time>2021-02-13T14:47:49Z</time><extensions><speed>1.820689</speed><course>254.531250</course><hAcc>0.882297</hAcc><vAcc>0.693212</vAcc></extensions></trkpt>
      <trkpt lon="-82.155563" lat="33.558925"><ele>89.172997</ele><time>2021-02-13T14:47:50Z</time><extensions><speed>1.787402</speed><course>248.203125</course><hAcc>0.880791</hAcc><vAcc>0.691796</vAcc></extensions></trkpt>
      <trkpt lon="-82.155548" lat="33.558936"><ele>89.289215</ele><time>2021-02-13T14:47:51Z</time><extensions><speed>1.750817</speed><course>213.398438</course><hAcc>0.879608</hAcc><vAcc>0.690607</vAcc></extensions></trkpt>
      <trkpt lon="-82.155534" lat="33.558946"><ele>89.405441</ele><time>2021-02-13T14:47:52Z</time><extensions><speed>1.712077</speed><course>236.953125</course><hAcc>0.878717</hAcc><vAcc>0.689650</vAcc></extensions></trkpt>
      <trkpt lon="-82.155520" lat="33.558956"><ele>89.521881</ele><time>2021-02-13T14:47:53Z</time><extensions><speed>1.672719</speed><course>243.632812</course><hAcc>0.878073</hAcc><vAcc>0.688909</vAcc></extensions></trkpt>
      <trkpt lon="-82.155507" lat="33.558966"><ele>89.638702</ele><time>2021-02-13T14:47:54Z</time><extensions><speed>1.634528</speed><course>250.664062</course><hAcc>0.877626</hAcc><vAcc>0.688357</vAcc></extensions></trkpt>
      <trkpt lon="-82.155494" lat="33.558976"><ele>89.756050</ele><time>2021-02-13T14:47:55Z</time><extensions><speed>1.599358</speed><course>250.664062</course><hAcc>0.877330</hAcc><vAcc>0.687962</vAcc></extensions></trkpt>
      <trkpt lon="-82.155482" lat="33.558986"><ele>89.874092</ele><time>2021-02-13T14:47:56Z</time><extensions><speed>1.568776</speed><course>238.007812</course><hAcc>0.877143</hAcc><vAcc>0.687690</vAcc></extensions></trkpt>
      <trkpt lon="-82.155471" lat="33.558996"><ele>89.992935</ele><time>2021-02-13T14:47:57Z</time><extensions><speed>1.543315</speed><course>231.679688</course><hAcc>0.877031</hAcc><vAcc>0.687512</vAcc></extensions></trkpt>
      <trkpt lon="-82.155459" lat="33.559006"><ele>90.112488</ele><time>2021-02-13T14:47:58Z</time><extensions><speed>1.521967</speed><course>236.250000</course><hAcc>0.876969</hAcc><vAcc>0.687401</vAcc></extensions></trkpt>
      <trkpt lon="-82.155448" lat="33.559016"><ele>90.232460</ele><time>2021-02-13T14:47:59Z</time><extensions><speed>1.502960</speed><course>247.500000</course><hAcc>0.876937</hAcc><vAcc>0.687337</vAcc></extensions></trkpt>
      <trkpt lon="-82.155438" lat="33.559026"><ele>90.352341</ele><time>2021-02-13T14:48:00Z</time><extensions><speed>1.484892</speed><course>250.664062</course><hAcc>0.876922</hAcc><vAcc>0.687303</vAcc></extensions></trkpt>
      <trkpt lon="-82.155427" lat="33.559036"><ele>90.471512</ele><time>2021-02-13T14:48:01Z</time><extensions><speed>1.466566</speed><course>246.093750</course><hAcc>0.876917</hAcc><vAcc>0.687286</vAcc></extensions></trkpt>
      <trkpt lon="-82.155417" lat="33.559046"><ele>90.589340</ele><time>2021-02-13T14:48:02Z</time><extensions><speed>1.447539</speed><course>241.171875</course><hAcc>0.876915</hAcc><vAcc>0.687280</vAcc></extensions></trkpt>
      <trkpt lon="-82.155407" lat="33.559056"><ele>90.705269</ele><time>2021-02-13T14:48:03Z</time><extensions><speed>1.429436</speed><course>247.500000</course><hAcc>0.876913</hAcc><vAcc>0.687279</vAcc></extensions></trkpt>
      <trkpt lon="-82.155397" lat="33.559066"><ele>90.818993</ele><time>2021-02-13T14:48:04Z</time><extensions><speed>1.414828</speed><course>258.750000</course><hAcc>0.876912</hAcc><vAcc>0.687280</vAcc></extensions></trkpt>
      <trkpt lon="-82.155387" lat="33.559076"><ele>90.930443</ele><time>2021-02-13T14:48:05Z</time><extensions><speed>1.404943</speed><course>255.234375</course><hAcc>0.876909</hAcc><vAcc>0.687280</vAcc></extensions></trkpt>
      <trkpt lon="-82.155378" lat="33.559085"><ele>91.039566</ele><time>2021-02-13T14:48:06Z</time><extensions><speed>1.399510</speed><course>254.882812</course><hAcc>0.876906</hAcc><vAcc>0.687279</vAcc></extensions></trkpt>
      <trkpt lon="-82.155368" lat="33.559095"><ele>91.146240</ele><time>2021-02-13T14:48:07Z</time><extensions><speed>1.397924</speed><course>247.851562</course><hAcc>0.876902</hAcc><vAcc>0.687278</vAcc></extensions></trkpt>
      <trkpt lon="-82.155358" lat="33.559105"><ele>91.250214</ele><time>2021-02-13T14:48:08Z</time><extensions><speed>1.399671</speed><course>252.421875</course><hAcc>0.876898</hAcc><vAcc>0.687275</vAcc></extensions></trkpt>
      <trkpt lon="-82.155349" lat="33.559114"><ele>91.351051</ele><time>2021-02-13T14:48:09Z</time><extensions><speed>1.404021</speed><course>252.070312</course><hAcc>0.876895</hAcc><vAcc>0.687272</vAcc></extensions></trkpt>
      <trkpt lon="-82.155339" lat="33.559124"><ele>91.448151</ele><time>2021-02-13T14:48:10Z</time><extensions><speed>1.409601</speed><course>258.046875</course><hAcc>0.876891</hAcc><vAcc>0.687269</vAcc></extensions></trkpt>
      <trkpt lon="-82.155329" lat="33.559134"><ele>91.540741</ele><time>2021-02-13T14:48:11Z</time><extensions><speed>1.415331</speed><course>260.156250</course><hAcc>0.876889</hAcc><vAcc>0.687266</vAcc></extensions></trkpt>
      <trkpt lon="-82.155319" lat="33.559144"><ele>91.628036</ele><time>2021-02-13T14:48:12Z</time><extensions><speed>1.421611</speed><course>260.859375</course><hAcc>0.876886</hAcc><vAcc>0.687263</vAcc></extensions></trkpt>
      <trkpt lon="-82.155310" lat="33.559154"><ele>91.709351</ele><time>2021-02-13T14:48:13Z</time><extensions><speed>1.429423</speed><course>247.148438</course><hAcc>0.876884</hAcc><vAcc>0.687260</vAcc></extensions></trkpt>
      <trkpt lon="-82.155300" lat="33.559163"><ele>91.784241</ele><time>2021-02-13T14:48:14Z</time><extensions><speed>1.439249</speed><course>238.710938</course><hAcc>0.876883</hAcc><vAcc>0.687258</vAcc></extensions></trkpt>
      <trkpt lon="-82.155289" lat="33.559173"><ele>91.852509</ele><time>2021-02-13T14:48:15Z</time><extensions><speed>1.451067</speed><course>243.281250</course><hAcc>0.876882</hAcc><vAcc>0.687256</vAcc></extensions></trkpt>
      <trkpt lon="-82.155279" lat="33.559183"><ele>91.914124</ele><time>2021-02-13T14:48:16Z</time><extensions><speed>1.464577</speed><course>255.585938</course><hAcc>0.876881</hAcc><vAcc>0.687255</vAcc></extensions></trkpt>
      <trkpt lon="-82.155269" lat="33.559193"><ele>91.969124</ele><time>2021-02-13T14:48:17Z</time><extensions><speed>1.479138</speed><course>258.398438</course><hAcc>0.876880</hAcc><vAcc>0.687254</vAcc></extensions></trkpt>
      <trkpt lon="-82.155258" lat="33.559203"><ele>92.017624</ele><time>2021-02-13T14:48:18Z</time><extensions><speed>1.493596</speed><course>253.125000</course><hAcc>0.876880</hAcc><vAcc>0.687253</vAcc></extensions></trkpt>
      <trkpt lon="-82.155248" lat="33.559213"><ele>92.059685</ele><time>2021-02-13T14:48:19Z</time><extensions><speed>1.506512</speed><course>246.445312</course><hAcc>0.876880</hAcc><vAcc>0.687253</vAcc></extensions></trkpt>
      <trkpt lon="-82.155237" lat="33.559224"><ele>92.095207</ele><time>2021-02-13T14:48:20Z</time><extensions><speed>1.517149</speed><course>256.992188</course><hAcc>0.876880</hAcc><vAcc>0.687252</vAcc></extensions></trkpt>
      <trkpt lon="-82.155226" lat="33.559234"><ele>92.123917</ele><time>2021-02-13T14:48:21Z</time><extensions><speed>1.525761</speed><course>259.804688</course><hAcc>0.876880</hAcc><vAcc>0.687252</vAcc></extensions></trkpt>
      <trkpt lon="-82.155215" lat="33.559245"><ele>92.145493</ele><time>2021-02-13T14:48:22Z</time><extensions><speed>1.532793</speed><course>258.046875</course><hAcc>0.876880</hAcc><vAcc>0.687252</vAcc></extensions></trkpt>
      <trkpt lon="-82.155205" lat="33.559255"><ele>92.159599</ele><time>2021-02-13T14:48:23Z</time><extensions><speed>1.538414</speed><course>246.796875</course><hAcc>0.876880</hAcc><vAcc>0.687252</vAcc></extensions></trkpt>
      <trkpt lon="-82.155194" lat="33.559266"><ele>92.165771</ele><time>2021-02-13T14:48:24Z</time><extensions><speed>1.542430</speed><course>252.421875</course><hAcc>0.876880</hAcc><vAcc>0.687252</vAcc></extensions></trkpt>
      <trkpt lon="-82.155184" lat="33.559277"><ele>92.163406</ele><time>2021-02-13T14:48:25Z</time><extensions><speed>1.544426</speed><course>261.562500</course><hAcc>0.876880</hAcc><vAcc>0.687252</vAcc></extensions></trkpt>
      <trkpt lon="-82.155174" lat="33.559288"><ele>92.151787</ele><time>2021-02-13T14:48:26Z</time><extensions><speed>1.543646</speed><course>244.687500</course><hAcc>0.876880</hAcc><vAcc>0.687252</vAcc></extensions></trkpt>
      <trkpt lon="-82.155165" lat="33.559299"><ele>92.130104</ele><time>2021-02-13T14:48:27Z</time><extensions><speed>1.539077</speed><course>253.476562</course><hAcc>0.876880</hAcc><vAcc>0.687252</vAcc></extensions></trkpt>
      <trkpt lon="-82.155155" lat="33.559311"><ele>92.097473</ele><time>2021-02-13T14:48:28Z</time><extensions><speed>1.530227</speed><course>262.265625</course><hAcc>0.876880</hAcc><vAcc>0.687252</vAcc></extensions></trkpt>
      <trkpt lon="-82.155147" lat="33.559323"><ele>92.053047</ele><time>2021-02-13T14:48:29Z</time><extensions><speed>1.517494</speed><course>256.289062</course><hAcc>0.876880</hAcc><vAcc>0.687252</vAcc></extensions></trkpt>
      <trkpt lon="-82.155138" lat="33.559334"><ele>91.996262</ele><time>2021-02-13T14:48:30Z</time><extensions><speed>1.501806</speed><course>255.234375</course><hAcc>0.876880</hAcc><vAcc>0.687252</vAcc></extensions></trkpt>
      <trkpt lon="-82.155131" lat="33.559346"><ele>91.926964</ele><time>2021-02-13T14:48:31Z</time><extensions><speed>1.484115</speed><course>253.476562</course><hAcc>0.876880</hAcc><vAcc>0.687252</vAcc></extensions></trkpt>
      <trkpt lon="-82.155124" lat="33.559358"><ele>91.845459</ele><time>2021-02-13T14:48:32Z</time><extensions><speed>1.465255</speed><course>247.148438</course><hAcc>0.876880</hAcc><vAcc>0.687252</vAcc></extensions></trkpt>
      <trkpt lon="-82.155118" lat="33.559370"><ele>91.752434</ele><time>2021-02-13T14:48:33Z</time><extensions><speed>1.445975</speed><course>258.398438</course><hAcc>0.876880</hAcc><vAcc>0.687252</vAcc></extensions></trkpt>
      <trkpt lon="-82.155112" lat="33.559382"><ele>91.648903</ele><time>2021-02-13T14:48:34Z</time><extensions><speed>1.426989</speed><course>259.804688</course><hAcc>0.876880</hAcc><vAcc>0.687252</vAcc></extensions></trkpt>
      <trkpt lon="-82.155107" lat="33.559394"><ele>91.536247</ele><time>2021-02-13T14:48:35Z</time><extensions><speed>1.409178</speed><course>241.523438</course><hAcc>0.876880</hAcc><vAcc>0.687251</vAcc></extensions></trkpt>
      <trkpt lon="-82.155103" lat="33.559406"><ele>91.416145</ele><time>2021-02-13T14:48:36Z</time><extensions><speed>1.393668</speed><course>254.882812</course><hAcc>0.876880</hAcc><vAcc>0.687251</vAcc></extensions></trkpt>
      <trkpt lon="-82.155099" lat="33.559418"><ele>91.290352</ele><time>2021-02-13T14:48:37Z</time><extensions><speed>1.381398</speed><course>246.796875</course><hAcc>0.876880</hAcc><vAcc>0.687251</vAcc></extensions></trkpt>
      <trkpt lon="-82.155095" lat="33.559431"><ele>91.160545</ele><time>2021-02-13T14:48:38Z</time><extensions><speed>1.372458</speed><course>256.992188</course><hAcc>0.876880</hAcc><vAcc>0.687251</vAcc></extensions></trkpt>
      <trkpt lon="-82.155092" lat="33.559443"><ele>91.028191</ele><time>2021-02-13T14:48:39Z</time><extensions><speed>1.366156</speed><course>254.179688</course><hAcc>0.876880</hAcc><vAcc>0.687251</vAcc></extensions></trkpt>
      <trkpt lon="-82.155089" lat="33.559455"><ele>90.894547</ele><time>2021-02-13T14:48:40Z</time><extensions><speed>1.361562</speed><course>253.828125</course><hAcc>0.876880</hAcc><vAcc>0.687251</vAcc></extensions></trkpt>
      <trkpt lon="-82.155086" lat="33.559467"><ele>90.760727</ele><time>2021-02-13T14:48:41Z</time><extensions><speed>1.358110</speed><course>252.070312</course><hAcc>0.876880</hAcc><vAcc>0.687251</vAcc></extensions></trkpt>
      <trkpt lon="-82.155084" lat="33.559479"><ele>90.627708</ele><time>2021-02-13T14:48:42Z</time><extensions><speed>1.356007</speed><course>246.445312</course><hAcc>0.876880</hAcc><vAcc>0.687251</vAcc></extensions></trkpt>
      <trkpt lon="-82.155081" lat="33.559491"><ele>90.496330</ele><time>2021-02-13T14:48:43Z</time><extensions><speed>1.356107</speed><course>247.851562</course><hAcc>0.876880</hAcc><vAcc>0.687251</vAcc></extensions></trkpt>
      <trkpt lon="-82.155078" lat="33.559503"><ele>90.367363</ele><time>2021-02-13T14:48:44Z</time><extensions><speed>1.359517</speed><course>243.984375</course><hAcc>0.876880</hAcc><vAcc>0.687251</vAcc></extensions></trkpt>
      <trkpt lon="-82.155075" lat="33.559515"><ele>90.241730</ele><time>2021-02-13T14:48:45Z</time><extensions><speed>1.367481</speed><course>249.609375</course><hAcc>0.876880</hAcc><vAcc>0.687251</vAcc></extensions></trkpt>
      <trkpt lon="-82.155072" lat="33.559527"><ele>90.120560</ele><time>2021-02-13T14:48:46Z</time><extensions><speed>1.381246</speed><course>251.718750</course><hAcc>0.876880</hAcc><vAcc>0.687251</vAcc></extensions></trkpt>
      <trkpt lon="-82.155068" lat="33.559539"><ele>90.004997</ele><time>2021-02-13T14:48:47Z</time><extensions><speed>1.401443</speed><course>247.148438</course><hAcc>0.876880</hAcc><vAcc>0.687251</vAcc></extensions></trkpt>
      <trkpt lon="-82.155064" lat="33.559551"><ele>89.895897</ele><time>2021-02-13T14:48:48Z</time><extensions><speed>1.427283</speed><course>251.367188</course><hAcc>0.876880</hAcc><vAcc>0.687251</vAcc></extensions></trkpt>
      <trkpt lon="-82.155058" lat="33.559563"><ele>89.793755</ele><time>2021-02-13T14:48:49Z</time><extensions><speed>1.456610</speed><course>249.609375</course><hAcc>0.876880</hAcc><vAcc>0.687251</vAcc></extensions></trkpt>
      <trkpt lon="-82.155053" lat="33.559576"><ele>89.698753</ele><time>2021-02-13T14:48:50Z</time><extensions><speed>1.486901</speed><course>249.960938</course><hAcc>0.876880</hAcc><vAcc>0.687251</vAcc></extensions></trkpt>
      <trkpt lon="-82.155046" lat="33.559588"><ele>89.610741</ele><time>2021-02-13T14:48:51Z</time><extensions><speed>1.516004</speed><course>246.093750</course><hAcc>0.876880</hAcc><vAcc>0.687251</vAcc></extensions></trkpt>
      <trkpt lon="-82.155039" lat="33.559601"><ele>89.529343</ele><time>2021-02-13T14:48:52Z</time><extensions><speed>1.542229</speed><course>250.312500</course><hAcc>0.876880</hAcc><vAcc>0.687251</vAcc></extensions></trkpt>
      <trkpt lon="-82.155032" lat="33.559613"><ele>89.453995</ele><time>2021-02-13T14:48:53Z</time><extensions><speed>1.564335</speed><course>243.632812</course><hAcc>0.876880</hAcc><vAcc>0.687251</vAcc></extensions></trkpt>
      <trkpt lon="-82.155024" lat="33.559626"><ele>89.383995</ele><time>2021-02-13T14:48:54Z</time><extensions><speed>1.581836</speed><course>285.117188</course><hAcc>0.876880</hAcc><vAcc>0.687251</vAcc></extensions></trkpt>
      <trkpt lon="-82.155016" lat="33.559639"><ele>89.318581</ele><time>2021-02-13T14:48:55Z</time><extensions><speed>1.595031</speed><course>265.781250</course><hAcc>0.876880</hAcc><vAcc>0.687251</vAcc></extensions></trkpt>
      <trkpt lon="-82.155009" lat="33.559651"><ele>89.257141</ele><time>2021-02-13T14:48:56Z</time><extensions><speed>1.604537</speed><course>265.078125</course><hAcc>0.876880</hAcc><vAcc>0.687251</vAcc></extensions></trkpt>
      <trkpt lon="-82.155001" lat="33.559664"><ele>89.199112</ele><time>2021-02-13T14:48:57Z</time><extensions><speed>1.610889</speed><course>248.906250</course><hAcc>0.876880</hAcc><vAcc>0.687251</vAcc></extensions></trkpt>
      <trkpt lon="-82.154993" lat="33.559677"><ele>89.143929</ele><time>2021-02-13T14:48:58Z</time><extensions><speed>1.614625</speed><course>232.382812</course><hAcc>0.876880</hAcc><vAcc>0.687251</vAcc></extensions></trkpt>
      <trkpt lon="-82.154985" lat="33.559690"><ele>89.091003</ele><time>2021-02-13T14:48:59Z</time><extensions><speed>1.616466</speed><course>249.257812</course><hAcc>0.876880</hAcc><vAcc>0.687251</vAcc></extensions></trkpt>
      <trkpt lon="-82.154977" lat="33.559703"><ele>89.039925</ele><time>2021-02-13T14:49:00Z</time><extensions><speed>1.617164</speed><course>283.710938</course><hAcc>0.876881</hAcc><vAcc>0.687251</vAcc></extensions></trkpt>
      <trkpt lon="-82.154969" lat="33.559716"><ele>88.990486</ele><time>2021-02-13T14:49:01Z</time><extensions><speed>1.617400</speed><course>265.429688</course><hAcc>0.876881</hAcc><vAcc>0.687251</vAcc></extensions></trkpt>
      <trkpt lon="-82.154962" lat="33.559730"><ele>88.942635</ele><time>2021-02-13T14:49:02Z</time><extensions><speed>1.617714</speed><course>270.351562</course><hAcc>0.876881</hAcc><vAcc>0.687251</vAcc></extensions></trkpt>
      <trkpt lon="-82.154955" lat="33.559743"><ele>88.896408</ele><time>2021-02-13T14:49:03Z</time><extensions><speed>1.618349</speed><course>271.757812</course><hAcc>0.876881</hAcc><vAcc>0.687251</vAcc></extensions></trkpt>
      <trkpt lon="-82.154948" lat="33.559756"><ele>88.851868</ele><time>2021-02-13T14:49:04Z</time><extensions><speed>1.619358</speed><course>281.953125</course><hAcc>0.876881</hAcc><vAcc>0.687251</vAcc></extensions></trkpt>
      <trkpt lon="-82.154940" lat="33.559770"><ele>88.809196</ele><time>2021-02-13T14:49:05Z</time><extensions><speed>1.620520</speed><course>287.578125</course><hAcc>0.876881</hAcc><vAcc>0.687251</vAcc></extensions></trkpt>
      <trkpt lon="-82.154933" lat="33.559783"><ele>88.768593</ele><time>2021-02-13T14:49:06Z</time><extensions><speed>1.621263</speed><course>299.531250</course><hAcc>0.876881</hAcc><vAcc>0.687250</vAcc></extensions></trkpt>
      <trkpt lon="-82.154927" lat="33.559796"><ele>88.730209</ele><time>2021-02-13T14:49:07Z</time><extensions><speed>1.621284</speed><course>300.585938</course><hAcc>0.876881</hAcc><vAcc>0.687250</vAcc></extensions></trkpt>
      <trkpt lon="-82.154920" lat="33.559810"><ele>88.694290</ele><time>2021-02-13T14:49:08Z</time><extensions><speed>1.620960</speed><course>303.750000</course><hAcc>0.876881</hAcc><vAcc>0.687250</vAcc></extensions></trkpt>
      <trkpt lon="-82.154912" lat="33.559823"><ele>88.661263</ele><time>2021-02-13T14:49:09Z</time><extensions><speed>1.620560</speed><course>304.804688</course><hAcc>0.876881</hAcc><vAcc>0.687250</vAcc></extensions></trkpt>
      <trkpt lon="-82.154905" lat="33.559836"><ele>88.631607</ele><time>2021-02-13T14:49:10Z</time><extensions><speed>1.619609</speed><course>299.882812</course><hAcc>0.876881</hAcc><vAcc>0.687250</vAcc></extensions></trkpt>
      <trkpt lon="-82.154898" lat="33.559850"><ele>88.605629</ele><time>2021-02-13T14:49:11Z</time><extensions><speed>1.617154</speed><course>290.390625</course><hAcc>0.876881</hAcc><vAcc>0.687250</vAcc></extensions></trkpt>
      <trkpt lon="-82.154891" lat="33.559863"><ele>88.583412</ele><time>2021-02-13T14:49:12Z</time><extensions><speed>1.612146</speed><course>292.851562</course><hAcc>0.876881</hAcc><vAcc>0.687250</vAcc></extensions></trkpt>
      <trkpt lon="-82.154884" lat="33.559876"><ele>88.564896</ele><time>2021-02-13T14:49:13Z</time><extensions><speed>1.603636</speed><course>308.671875</course><hAcc>0.876881</hAcc><vAcc>0.687250</vAcc></extensions></trkpt>
      <trkpt lon="-82.154877" lat="33.559889"><ele>88.549873</ele><time>2021-02-13T14:49:14Z</time><extensions><speed>1.590710</speed><course>330.468750</course><hAcc>0.876881</hAcc><vAcc>0.687250</vAcc></extensions></trkpt>
      <trkpt lon="-82.154870" lat="33.559902"><ele>88.537964</ele><time>2021-02-13T14:49:15Z</time><extensions><speed>1.572658</speed><course>341.367188</course><hAcc>0.876881</hAcc><vAcc>0.687250</vAcc></extensions></trkpt>
      <trkpt lon="-82.154864" lat="33.559915"><ele>88.528618</ele><time>2021-02-13T14:49:16Z</time><extensions><speed>1.549301</speed><course>337.148438</course><hAcc>0.876881</hAcc><vAcc>0.687250</vAcc></extensions></trkpt>
      <trkpt lon="-82.154857" lat="33.559928"><ele>88.521172</ele><time>2021-02-13T14:49:17Z</time><extensions><speed>1.521228</speed><course>328.710938</course><hAcc>0.876881</hAcc><vAcc>0.687250</vAcc></extensions></trkpt>
      <trkpt lon="-82.154851" lat="33.559941"><ele>88.514832</ele><time>2021-02-13T14:49:18Z</time><extensions><speed>1.489807</speed><course>312.890625</course><hAcc>0.876881</hAcc><vAcc>0.687250</vAcc></extensions></trkpt>
      <trkpt lon="-82.154846" lat="33.559953"><ele>88.508728</ele><time>2021-02-13T14:49:19Z</time><extensions><speed>1.456584</speed><course>347.695312</course><hAcc>0.876881</hAcc><vAcc>0.687250</vAcc></extensions></trkpt>
      <trkpt lon="-82.154841" lat="33.559966"><ele>88.501907</ele><time>2021-02-13T14:49:20Z</time><extensions><speed>1.422848</speed><course>332.578125</course><hAcc>0.876881</hAcc><vAcc>0.687250</vAcc></extensions></trkpt>
      <trkpt lon="-82.154836" lat="33.559978"><ele>88.493416</ele><time>2021-02-13T14:49:21Z</time><extensions><speed>1.389718</speed><course>356.484375</course><hAcc>0.876881</hAcc><vAcc>0.687250</vAcc></extensions></trkpt>
      <trkpt lon="-82.154832" lat="33.559989"><ele>88.482307</ele><time>2021-02-13T14:49:22Z</time><extensions><speed>1.358362</speed><course>2.460938</course><hAcc>0.876881</hAcc><vAcc>0.687250</vAcc></extensions></trkpt>
      <trkpt lon="-82.154828" lat="33.560001"><ele>88.467751</ele><time>2021-02-13T14:49:23Z</time><extensions><speed>1.329998</speed><course>356.132812</course><hAcc>0.876881</hAcc><vAcc>0.687250</vAcc></extensions></trkpt>
      <trkpt lon="-82.154824" lat="33.560013"><ele>88.449242</ele><time>2021-02-13T14:49:24Z</time><extensions><speed>1.305698</speed><course>352.265625</course><hAcc>0.876881</hAcc><vAcc>0.687250</vAcc></extensions></trkpt>
      <trkpt lon="-82.154821" lat="33.560024"><ele>88.426537</ele><time>2021-02-13T14:49:25Z</time><extensions><speed>1.285942</speed><course>344.179688</course><hAcc>0.876881</hAcc><vAcc>0.687250</vAcc></extensions></trkpt>
      <trkpt lon="-82.154817" lat="33.560035"><ele>88.399582</ele><time>2021-02-13T14:49:26Z</time><extensions><speed>1.270663</speed><course>342.070312</course><hAcc>0.876881</hAcc><vAcc>0.687250</vAcc></extensions></trkpt>
      <trkpt lon="-82.154814" lat="33.560046"><ele>88.368385</ele><time>2021-02-13T14:49:27Z</time><extensions><speed>1.259978</speed><course>342.070312</course><hAcc>0.876881</hAcc><vAcc>0.687250</vAcc></extensions></trkpt>
      <trkpt lon="-82.154811" lat="33.560057"><ele>88.333138</ele><time>2021-02-13T14:49:28Z</time><extensions><speed>1.254458</speed><course>344.531250</course><hAcc>0.876881</hAcc><vAcc>0.687250</vAcc></extensions></trkpt>
      <trkpt lon="-82.154807" lat="33.560068"><ele>88.294220</ele><time>2021-02-13T14:49:29Z</time><extensions><speed>1.255002</speed><course>345.234375</course><hAcc>0.876881</hAcc><vAcc>0.687250</vAcc></extensions></trkpt>
      <trkpt lon="-82.154803" lat="33.560079"><ele>88.252151</ele><time>2021-02-13T14:49:30Z</time><extensions><speed>1.262619</speed><course>345.234375</course><hAcc>0.876881</hAcc><vAcc>0.687250</vAcc></extensions></trkpt>
      <trkpt lon="-82.154798" lat="33.560090"><ele>88.207558</ele><time>2021-02-13T14:49:31Z</time><extensions><speed>1.277753</speed><course>352.617188</course><hAcc>0.876881</hAcc><vAcc>0.687250</vAcc></extensions></trkpt>
      <trkpt lon="-82.154793" lat="33.560100"><ele>88.161163</ele><time>2021-02-13T14:49:32Z</time><extensions><speed>1.299807</speed><course>332.578125</course><hAcc>0.876881</hAcc><vAcc>0.687250</vAcc></extensions></trkpt>
      <trkpt lon="-82.154788" lat="33.560111"><ele>88.113716</ele><time>2021-02-13T14:49:33Z</time><extensions><speed>1.327388</speed><course>352.617188</course><hAcc>0.876881</hAcc><vAcc>0.687250</vAcc></extensions></trkpt>
      <trkpt lon="-82.154782" lat="33.560123"><ele>88.065941</ele><time>2021-02-13T14:49:34Z</time><extensions><speed>1.358377</speed><course>336.796875</course><hAcc>0.876881</hAcc><vAcc>0.687250</vAcc></extensions></trkpt>
      <trkpt lon="-82.154777" lat="33.560134"><ele>88.018539</ele><time>2021-02-13T14:49:35Z</time><extensions><speed>1.389972</speed><course>330.468750</course><hAcc>0.876881</hAcc><vAcc>0.687250</vAcc></extensions></trkpt>
      <trkpt lon="-82.154771" lat="33.560146"><ele>87.972000</ele><time>2021-02-13T14:49:36Z</time><extensions><speed>1.419568</speed><course>334.335938</course><hAcc>0.876881</hAcc><vAcc>0.687250</vAcc></extensions></trkpt>
      <trkpt lon="-82.154765" lat="33.560158"><ele>87.926529</ele><time>2021-02-13T14:49:37Z</time><extensions><speed>1.445950</speed><course>329.414062</course><hAcc>0.876881</hAcc><vAcc>0.687250</vAcc></extensions></trkpt>
      <trkpt lon="-82.154760" lat="33.560170"><ele>87.882027</ele><time>2021-02-13T14:49:38Z</time><extensions><speed>1.469478</speed><course>332.226562</course><hAcc>0.876881</hAcc><vAcc>0.687250</vAcc></extensions></trkpt>
      <trkpt lon="-82.154755" lat="33.560183"><ele>87.838303</ele><time>2021-02-13T14:49:39Z</time><extensions><speed>1.491037</speed><course>327.656250</course><hAcc>0.876882</hAcc><vAcc>0.687250</vAcc></extensions></trkpt>
      <trkpt lon="-82.154750" lat="33.560196"><ele>87.795105</ele><time>2021-02-13T14:49:40Z</time><extensions><speed>1.511663</speed><course>328.710938</course><hAcc>0.876882</hAcc><vAcc>0.687250</vAcc></extensions></trkpt>
      <trkpt lon="-82.154747" lat="33.560209"><ele>87.752357</ele><time>2021-02-13T14:49:41Z</time><extensions><speed>1.532686</speed><course>333.632812</course><hAcc>0.876882</hAcc><vAcc>0.687249</vAcc></extensions></trkpt>
      <trkpt lon="-82.154743" lat="33.560223"><ele>87.710266</ele><time>2021-02-13T14:49:42Z</time><extensions><speed>1.555252</speed><course>322.734375</course><hAcc>0.876882</hAcc><vAcc>0.687249</vAcc></extensions></trkpt>
      <trkpt lon="-82.154740" lat="33.560237"><ele>87.669441</ele><time>2021-02-13T14:49:43Z</time><extensions><speed>1.579829</speed><course>322.031250</course><hAcc>0.876882</hAcc><vAcc>0.687249</vAcc></extensions></trkpt>
      <trkpt lon="-82.154737" lat="33.560251"><ele>87.630913</ele><time>2021-02-13T14:49:44Z</time><extensions><speed>1.605880</speed><course>335.742188</course><hAcc>0.876882</hAcc><vAcc>0.687249</vAcc></extensions></trkpt>
      <trkpt lon="-82.154734" lat="33.560265"><ele>87.595856</ele><time>2021-02-13T14:49:45Z</time><extensions><speed>1.631769</speed><course>329.062500</course><hAcc>0.876882</hAcc><vAcc>0.687249</vAcc></extensions></trkpt>
      <trkpt lon="-82.154731" lat="33.560280"><ele>87.565422</ele><time>2021-02-13T14:49:46Z</time><extensions><speed>1.655456</speed><course>337.500000</course><hAcc>0.876882</hAcc><vAcc>0.687249</vAcc></extensions></trkpt>
      <trkpt lon="-82.154728" lat="33.560295"><ele>87.540558</ele><time>2021-02-13T14:49:47Z</time><extensions><speed>1.675509</speed><course>331.171875</course><hAcc>0.876882</hAcc><vAcc>0.687249</vAcc></extensions></trkpt>
      <trkpt lon="-82.154724" lat="33.560309"><ele>87.521973</ele><time>2021-02-13T14:49:48Z</time><extensions><speed>1.691293</speed><course>332.226562</course><hAcc>0.876882</hAcc><vAcc>0.687249</vAcc></extensions></trkpt>
      <trkpt lon="-82.154720" lat="33.560324"><ele>87.510139</ele><time>2021-02-13T14:49:49Z</time><extensions><speed>1.702634</speed><course>338.906250</course><hAcc>0.876882</hAcc><vAcc>0.687249</vAcc></extensions></trkpt>
      <trkpt lon="-82.154715" lat="33.560339"><ele>87.505325</ele><time>2021-02-13T14:49:50Z</time><extensions><speed>1.709605</speed><course>0.351562</course><hAcc>0.876882</hAcc><vAcc>0.687249</vAcc></extensions></trkpt>
      <trkpt lon="-82.154710" lat="33.560354"><ele>87.507553</ele><time>2021-02-13T14:49:51Z</time><extensions><speed>1.712603</speed><course>348.750000</course><hAcc>0.876882</hAcc><vAcc>0.687249</vAcc></extensions></trkpt>
      <trkpt lon="-82.154704" lat="33.560368"><ele>87.516693</ele><time>2021-02-13T14:49:52Z</time><extensions><speed>1.712371</speed><course>350.156250</course><hAcc>0.876882</hAcc><vAcc>0.687249</vAcc></extensions></trkpt>
      <trkpt lon="-82.154697" lat="33.560383"><ele>87.532578</ele><time>2021-02-13T14:49:53Z</time><extensions><speed>1.709550</speed><course>336.093750</course><hAcc>0.876882</hAcc><vAcc>0.687249</vAcc></extensions></trkpt>
      <trkpt lon="-82.154690" lat="33.560397"><ele>87.554977</ele><time>2021-02-13T14:49:54Z</time><extensions><speed>1.704077</speed><course>330.820312</course><hAcc>0.876882</hAcc><vAcc>0.687249</vAcc></extensions></trkpt>
      <trkpt lon="-82.154683" lat="33.560411"><ele>87.583534</ele><time>2021-02-13T14:49:55Z</time><extensions><speed>1.695147</speed><course>328.007812</course><hAcc>0.876882</hAcc><vAcc>0.687249</vAcc></extensions></trkpt>
      <trkpt lon="-82.154675" lat="33.560425"><ele>87.617661</ele><time>2021-02-13T14:49:56Z</time><extensions><speed>1.681895</speed><course>334.335938</course><hAcc>0.876882</hAcc><vAcc>0.687249</vAcc></extensions></trkpt>
      <trkpt lon="-82.154667" lat="33.560438"><ele>87.656433</ele><time>2021-02-13T14:49:57Z</time><extensions><speed>1.664006</speed><course>320.625000</course><hAcc>0.876882</hAcc><vAcc>0.687249</vAcc></extensions></trkpt>
      <trkpt lon="-82.154658" lat="33.560451"><ele>87.698624</ele><time>2021-02-13T14:49:58Z</time><extensions><speed>1.641642</speed><course>334.335938</course><hAcc>0.876882</hAcc><vAcc>0.687249</vAcc></extensions></trkpt>
      <trkpt lon="-82.154650" lat="33.560464"><ele>87.742683</ele><time>2021-02-13T14:49:59Z</time><extensions><speed>1.615412</speed><course>319.570312</course><hAcc>0.876882</hAcc><vAcc>0.687249</vAcc></extensions></trkpt>
      <trkpt lon="-82.154642" lat="33.560477"><ele>87.786835</ele><time>2021-02-13T14:50:00Z</time><extensions><speed>1.586632</speed><course>323.437500</course><hAcc>0.876882</hAcc><vAcc>0.687249</vAcc></extensions></trkpt>
      <trkpt lon="-82.154633" lat="33.560489"><ele>87.829224</ele><time>2021-02-13T14:50:01Z</time><extensions><speed>1.557052</speed><course>326.250000</course><hAcc>0.876882</hAcc><vAcc>0.687249</vAcc></extensions></trkpt>
      <trkpt lon="-82.154625" lat="33.560501"><ele>87.868141</ele><time>2021-02-13T14:50:02Z</time><extensions><speed>1.528419</speed><course>315.703125</course><hAcc>0.876882</hAcc><vAcc>0.687249</vAcc></extensions></trkpt>
      <trkpt lon="-82.154617" lat="33.560513"><ele>87.902222</ele><time>2021-02-13T14:50:03Z</time><extensions><speed>1.502345</speed><course>307.968750</course><hAcc>0.876882</hAcc><vAcc>0.687249</vAcc></extensions></trkpt>
      <trkpt lon="-82.154609" lat="33.560525"><ele>87.930550</ele><time>2021-02-13T14:50:04Z</time><extensions><speed>1.480218</speed><course>296.367188</course><hAcc>0.876882</hAcc><vAcc>0.687249</vAcc></extensions></trkpt>
      <trkpt lon="-82.154601" lat="33.560536"><ele>87.952568</ele><time>2021-02-13T14:50:05Z</time><extensions><speed>1.463420</speed><course>294.960938</course><hAcc>0.876882</hAcc><vAcc>0.687249</vAcc></extensions></trkpt>
      <trkpt lon="-82.154593" lat="33.560548"><ele>87.968033</ele><time>2021-02-13T14:50:06Z</time><extensions><speed>1.453409</speed><course>296.718750</course><hAcc>0.876882</hAcc><vAcc>0.687249</vAcc></extensions></trkpt>
      <trkpt lon="-82.154585" lat="33.560559"><ele>87.977074</ele><time>2021-02-13T14:50:07Z</time><extensions><speed>1.451177</speed><course>34.804688</course><hAcc>0.876882</hAcc><vAcc>0.687249</vAcc></extensions></trkpt>
      <trkpt lon="-82.154577" lat="33.560570"><ele>87.980095</ele><time>2021-02-13T14:50:08Z</time><extensions><speed>1.456774</speed><course>322.734375</course><hAcc>0.876882</hAcc><vAcc>0.687249</vAcc></extensions></trkpt>
      <trkpt lon="-82.154568" lat="33.560581"><ele>87.977676</ele><time>2021-02-13T14:50:09Z</time><extensions><speed>1.469150</speed><course>320.976562</course><hAcc>0.876882</hAcc><vAcc>0.687249</vAcc></extensions></trkpt>
      <trkpt lon="-82.154560" lat="33.560592"><ele>87.970505</ele><time>2021-02-13T14:50:10Z</time><extensions><speed>1.486540</speed><course>309.375000</course><hAcc>0.876882</hAcc><vAcc>0.687249</vAcc></extensions></trkpt>
      <trkpt lon="-82.154552" lat="33.560604"><ele>87.959427</ele><time>2021-02-13T14:50:11Z</time><extensions><speed>1.507103</speed><course>300.937500</course><hAcc>0.876882</hAcc><vAcc>0.687249</vAcc></extensions></trkpt>
      <trkpt lon="-82.154543" lat="33.560616"><ele>87.945374</ele><time>2021-02-13T14:50:12Z</time><extensions><speed>1.529386</speed><course>301.640625</course><hAcc>0.876882</hAcc><vAcc>0.687249</vAcc></extensions></trkpt>
      <trkpt lon="-82.154535" lat="33.560628"><ele>87.929268</ele><time>2021-02-13T14:50:13Z</time><extensions><speed>1.552450</speed><course>316.406250</course><hAcc>0.876883</hAcc><vAcc>0.687249</vAcc></extensions></trkpt>
      <trkpt lon="-82.154527" lat="33.560640"><ele>87.911987</ele><time>2021-02-13T14:50:14Z</time><extensions><speed>1.575354</speed><course>339.960938</course><hAcc>0.876883</hAcc><vAcc>0.687249</vAcc></extensions></trkpt>
      <trkpt lon="-82.154519" lat="33.560653"><ele>87.894302</ele><time>2021-02-13T14:50:15Z</time><extensions><speed>1.596842</speed><course>353.671875</course><hAcc>0.876883</hAcc><vAcc>0.687249</vAcc></extensions></trkpt>
      <trkpt lon="-82.154511" lat="33.560666"><ele>87.876884</ele><time>2021-02-13T14:50:16Z</time><extensions><speed>1.615543</speed><course>349.804688</course><hAcc>0.876883</hAcc><vAcc>0.687249</vAcc></extensions></trkpt>
      <trkpt lon="-82.154504" lat="33.560679"><ele>87.860336</ele><time>2021-02-13T14:50:17Z</time><extensions><speed>1.630068</speed><course>337.148438</course><hAcc>0.876883</hAcc><vAcc>0.687249</vAcc></extensions></trkpt>
      <trkpt lon="-82.154496" lat="33.560692"><ele>87.845055</ele><time>2021-02-13T14:50:18Z</time><extensions><speed>1.639424</speed><course>331.171875</course><hAcc>0.876883</hAcc><vAcc>0.687250</vAcc></extensions></trkpt>
      <trkpt lon="-82.154489" lat="33.560706"><ele>87.831284</ele><time>2021-02-13T14:50:19Z</time><extensions><speed>1.643310</speed><course>327.304688</course><hAcc>0.876884</hAcc><vAcc>0.687250</vAcc></extensions></trkpt>
      <trkpt lon="-82.154482" lat="33.560719"><ele>87.819206</ele><time>2021-02-13T14:50:20Z</time><extensions><speed>1.641999</speed><course>323.085938</course><hAcc>0.876884</hAcc><vAcc>0.687251</vAcc></extensions></trkpt>
      <trkpt lon="-82.154474" lat="33.560733"><ele>87.808975</ele><time>2021-02-13T14:50:21Z</time><extensions><speed>1.636234</speed><course>313.242188</course><hAcc>0.876885</hAcc><vAcc>0.687252</vAcc></extensions></trkpt>
      <trkpt lon="-82.154467" lat="33.560746"><ele>87.800751</ele><time>2021-02-13T14:50:22Z</time><extensions><speed>1.627084</speed><course>313.945312</course><hAcc>0.876886</hAcc><vAcc>0.687254</vAcc></extensions></trkpt>
      <trkpt lon="-82.154460" lat="33.560760"><ele>87.794685</ele><time>2021-02-13T14:50:23Z</time><extensions><speed>1.615847</speed><course>325.546875</course><hAcc>0.876887</hAcc><vAcc>0.687256</vAcc></extensions></trkpt>
      <trkpt lon="-82.154453" lat="33.560773"><ele>87.790955</ele><time>2021-02-13T14:50:24Z</time><extensions><speed>1.604002</speed><course>337.500000</course><hAcc>0.876889</hAcc><vAcc>0.687258</vAcc></extensions></trkpt>
      <trkpt lon="-82.154446" lat="33.560786"><ele>87.789749</ele><time>2021-02-13T14:50:25Z</time><extensions><speed>1.593019</speed><course>343.828125</course><hAcc>0.876891</hAcc><vAcc>0.687261</vAcc></extensions></trkpt>
      <trkpt lon="-82.154440" lat="33.560799"><ele>87.791214</ele><time>2021-02-13T14:50:26Z</time><extensions><speed>1.583975</speed><course>345.234375</course><hAcc>0.876894</hAcc><vAcc>0.687264</vAcc></extensions></trkpt>
      <trkpt lon="-82.154434" lat="33.560813"><ele>87.795509</ele><time>2021-02-13T14:50:27Z</time><extensions><speed>1.577217</speed><course>346.289062</course><hAcc>0.876897</hAcc><vAcc>0.687267</vAcc></extensions></trkpt>
      <trkpt lon="-82.154428" lat="33.560826"><ele>87.802757</ele><time>2021-02-13T14:50:28Z</time><extensions><speed>1.572354</speed><course>343.476562</course><hAcc>0.876900</hAcc><vAcc>0.687270</vAcc></extensions></trkpt>
      <trkpt lon="-82.154422" lat="33.560839"><ele>87.813072</ele><time>2021-02-13T14:50:29Z</time><extensions><speed>1.568658</speed><course>344.531250</course><hAcc>0.876904</hAcc><vAcc>0.687272</vAcc></extensions></trkpt>
      <trkpt lon="-82.154417" lat="33.560853"><ele>87.826599</ele><time>2021-02-13T14:50:30Z</time><extensions><speed>1.565642</speed><course>339.257812</course><hAcc>0.876908</hAcc><vAcc>0.687274</vAcc></extensions></trkpt>
      <trkpt lon="-82.154413" lat="33.560866"><ele>87.843475</ele><time>2021-02-13T14:50:31Z</time><extensions><speed>1.563030</speed><course>334.687500</course><hAcc>0.876911</hAcc><vAcc>0.687275</vAcc></extensions></trkpt>
      <trkpt lon="-82.154408" lat="33.560880"><ele>87.863716</ele><time>2021-02-13T14:50:32Z</time><extensions><speed>1.560500</speed><course>333.632812</course><hAcc>0.876914</hAcc><vAcc>0.687276</vAcc></extensions></trkpt>
      <trkpt lon="-82.154404" lat="33.560894"><ele>87.887123</ele><time>2021-02-13T14:50:33Z</time><extensions><speed>1.557939</speed><course>339.960938</course><hAcc>0.876917</hAcc><vAcc>0.687276</vAcc></extensions></trkpt>
      <trkpt lon="-82.154400" lat="33.560907"><ele>87.913399</ele><time>2021-02-13T14:50:34Z</time><extensions><speed>1.555686</speed><course>345.234375</course><hAcc>0.876919</hAcc><vAcc>0.687278</vAcc></extensions></trkpt>
      <trkpt lon="-82.154396" lat="33.560921"><ele>87.942284</ele><time>2021-02-13T14:50:35Z</time><extensions><speed>1.554517</speed><course>332.578125</course><hAcc>0.876922</hAcc><vAcc>0.687285</vAcc></extensions></trkpt>
      <trkpt lon="-82.154392" lat="33.560934"><ele>87.973602</ele><time>2021-02-13T14:50:36Z</time><extensions><speed>1.555339</speed><course>318.515625</course><hAcc>0.876929</hAcc><vAcc>0.687301</vAcc></extensions></trkpt>
      <trkpt lon="-82.154388" lat="33.560948"><ele>88.007248</ele><time>2021-02-13T14:50:37Z</time><extensions><speed>1.558515</speed><course>304.453125</course><hAcc>0.876944</hAcc><vAcc>0.687334</vAcc></extensions></trkpt>
      <trkpt lon="-82.154384" lat="33.560962"><ele>88.043098</ele><time>2021-02-13T14:50:38Z</time><extensions><speed>1.563703</speed><course>280.546875</course><hAcc>0.876975</hAcc><vAcc>0.687393</vAcc></extensions></trkpt>
      <trkpt lon="-82.154380" lat="33.560976"><ele>88.081078</ele><time>2021-02-13T14:50:39Z</time><extensions><speed>1.570570</speed><course>257.695312</course><hAcc>0.877033</hAcc><vAcc>0.687495</vAcc></extensions></trkpt>
      <trkpt lon="-82.154376" lat="33.560989"><ele>88.121208</ele><time>2021-02-13T14:50:40Z</time><extensions><speed>1.579213</speed><course>242.578125</course><hAcc>0.877136</hAcc><vAcc>0.687657</vAcc></extensions></trkpt>
      <trkpt lon="-82.154372" lat="33.561003"><ele>88.163765</ele><time>2021-02-13T14:50:41Z</time><extensions><speed>1.589961</speed><course>238.710938</course><hAcc>0.877305</hAcc><vAcc>0.687903</vAcc></extensions></trkpt>
      <trkpt lon="-82.154367" lat="33.561017"><ele>88.209213</ele><time>2021-02-13T14:50:42Z</time><extensions><speed>1.603058</speed><course>253.476562</course><hAcc>0.877571</hAcc><vAcc>0.688260</vAcc></extensions></trkpt>
      <trkpt lon="-82.154362" lat="33.561031"><ele>88.258064</ele><time>2021-02-13T14:50:43Z</time><extensions><speed>1.618463</speed><course>291.093750</course><hAcc>0.877972</hAcc><vAcc>0.688760</vAcc></extensions></trkpt>
      <trkpt lon="-82.154357" lat="33.561045"><ele>88.310738</ele><time>2021-02-13T14:50:44Z</time><extensions><speed>1.635513</speed><course>309.375000</course><hAcc>0.878549</hAcc><vAcc>0.689433</vAcc></extensions></trkpt>
      <trkpt lon="-82.154351" lat="33.561059"><ele>88.367401</ele><time>2021-02-13T14:50:45Z</time><extensions><speed>1.652381</speed><course>307.617188</course><hAcc>0.879348</hAcc><vAcc>0.690304</vAcc></extensions></trkpt>
      <trkpt lon="-82.154345" lat="33.561073"><ele>88.427818</ele><time>2021-02-13T14:50:46Z</time><extensions><speed>1.666229</speed><course>304.453125</course><hAcc>0.880412</hAcc><vAcc>0.691391</vAcc></extensions></trkpt>
      <trkpt lon="-82.154338" lat="33.561087"><ele>88.491364</ele><time>2021-02-13T14:50:47Z</time><extensions><speed>1.674177</speed><course>317.109375</course><hAcc>0.881773</hAcc><vAcc>0.692693</vAcc></extensions></trkpt>
      <trkpt lon="-82.154331" lat="33.561101"><ele>88.557137</ele><time>2021-02-13T14:50:48Z</time><extensions><speed>1.674435</speed><course>319.570312</course><hAcc>0.883439</hAcc><vAcc>0.694187</vAcc></extensions></trkpt>
      <trkpt lon="-82.154324" lat="33.561115"><ele>88.624054</ele><time>2021-02-13T14:50:49Z</time><extensions><speed>1.666795</speed><course>320.976562</course><hAcc>0.885387</hAcc><vAcc>0.695815</vAcc></extensions></trkpt>
      <trkpt lon="-82.154317" lat="33.561128"><ele>88.690948</ele><time>2021-02-13T14:50:50Z</time><extensions><speed>1.652205</speed><course>314.296875</course><hAcc>0.887543</hAcc><vAcc>0.697484</vAcc></extensions></trkpt>
      <trkpt lon="-82.154309" lat="33.561141"><ele>88.756744</ele><time>2021-02-13T14:50:51Z</time><extensions><speed>1.632181</speed><course>301.289062</course><hAcc>0.889778</hAcc><vAcc>0.699067</vAcc></extensions></trkpt>
      <trkpt lon="-82.154300" lat="33.561154"><ele>88.820496</ele><time>2021-02-13T14:50:52Z</time><extensions><speed>1.608402</speed><course>296.718750</course><hAcc>0.891905</hAcc><vAcc>0.700412</vAcc></extensions></trkpt>
      <trkpt lon="-82.154292" lat="33.561167"><ele>88.881386</ele><time>2021-02-13T14:50:53Z</time><extensions><speed>1.582535</speed><course>286.171875</course><hAcc>0.893703</hAcc><vAcc>0.701378</vAcc></extensions></trkpt>
      <trkpt lon="-82.154283" lat="33.561179"><ele>88.938675</ele><time>2021-02-13T14:50:54Z</time><extensions><speed>1.556253</speed><course>292.851562</course><hAcc>0.894962</hAcc><vAcc>0.701883</vAcc></extensions></trkpt>
      <trkpt lon="-82.154273" lat="33.561190"><ele>88.991722</ele><time>2021-02-13T14:50:55Z</time><extensions><speed>1.531286</speed><course>283.359375</course><hAcc>0.895589</hAcc><vAcc>0.702004</vAcc></extensions></trkpt>
      <trkpt lon="-82.154263" lat="33.561201"><ele>89.040016</ele><time>2021-02-13T14:50:56Z</time><extensions><speed>1.509354</speed><course>282.304688</course><hAcc>0.895772</hAcc><vAcc>0.702109</vAcc></extensions></trkpt>
      <trkpt lon="-82.154252" lat="33.561211"><ele>89.083237</ele><time>2021-02-13T14:50:57Z</time><extensions><speed>1.492147</speed><course>277.031250</course><hAcc>0.896247</hAcc><vAcc>0.703057</vAcc></extensions></trkpt>
      <trkpt lon="-82.154241" lat="33.561220"><ele>89.121307</ele><time>2021-02-13T14:50:58Z</time><extensions><speed>1.480921</speed><course>272.460938</course><hAcc>0.898663</hAcc><vAcc>0.706446</vAcc></extensions></trkpt>
      <trkpt lon="-82.154229" lat="33.561229"><ele>89.154381</ele><time>2021-02-13T14:50:59Z</time><extensions><speed>1.476062</speed><course>273.515625</course><hAcc>0.906040</hAcc><vAcc>0.714876</vAcc></extensions></trkpt>
      <trkpt lon="-82.154216" lat="33.561237"><ele>89.182724</ele><time>2021-02-13T14:51:00Z</time><extensions><speed>1.476982</speed><course>273.164062</course><hAcc>0.923214</hAcc><vAcc>0.732138</vAcc></extensions></trkpt>
      <trkpt lon="-82.154203" lat="33.561245"><ele>89.206764</ele><time>2021-02-13T14:51:01Z</time><extensions><speed>1.481876</speed><course>293.203125</course><hAcc>0.956991</hAcc><vAcc>0.763130</vAcc></extensions></trkpt>
      <trkpt lon="-82.154186" lat="33.561244"><ele>89.282341</ele><time>2021-02-13T14:51:02Z</time><extensions><speed>1.427601</speed><course>261.914062</course><hAcc>0.920330</hAcc><vAcc>0.730697</vAcc></extensions></trkpt>
      <trkpt lon="-82.154171" lat="33.561242"><ele>89.315376</ele><time>2021-02-13T14:51:03Z</time><extensions><speed>1.422926</speed><course>256.640625</course><hAcc>0.902491</hAcc><vAcc>0.712497</vAcc></extensions></trkpt>
      <trkpt lon="-82.154156" lat="33.561241"><ele>89.342117</ele><time>2021-02-13T14:51:04Z</time><extensions><speed>1.412657</speed><course>254.882812</course><hAcc>0.895629</hAcc><vAcc>0.704092</vAcc></extensions></trkpt>
      <trkpt lon="-82.154141" lat="33.561238"><ele>89.361725</ele><time>2021-02-13T14:51:05Z</time><extensions><speed>1.397386</speed><course>242.929688</course><hAcc>0.894213</hAcc><vAcc>0.701226</vAcc></extensions></trkpt>
      <trkpt lon="-82.154126" lat="33.561236"><ele>89.373634</ele><time>2021-02-13T14:51:06Z</time><extensions><speed>1.378326</speed><course>246.796875</course><hAcc>0.894787</hAcc><vAcc>0.700968</vAcc></extensions></trkpt>
      <trkpt lon="-82.154112" lat="33.561233"><ele>89.377480</ele><time>2021-02-13T14:51:07Z</time><extensions><speed>1.356825</speed><course>249.609375</course><hAcc>0.895481</hAcc><vAcc>0.701523</vAcc></extensions></trkpt>
      <trkpt lon="-82.154098" lat="33.561229"><ele>89.373154</ele><time>2021-02-13T14:51:08Z</time><extensions><speed>1.333878</speed><course>259.453125</course><hAcc>0.895479</hAcc><vAcc>0.701937</vAcc></extensions></trkpt>
      <trkpt lon="-82.154085" lat="33.561225"><ele>89.360634</ele><time>2021-02-13T14:51:09Z</time><extensions><speed>1.310173</speed><course>262.617188</course><hAcc>0.894593</hAcc><vAcc>0.701808</vAcc></extensions></trkpt>
      <trkpt lon="-82.154072" lat="33.561221"><ele>89.339890</ele><time>2021-02-13T14:51:10Z</time><extensions><speed>1.286834</speed><course>245.742188</course><hAcc>0.892959</hAcc><vAcc>0.701066</vAcc></extensions></trkpt>
      <trkpt lon="-82.154059" lat="33.561217"><ele>89.310997</ele><time>2021-02-13T14:51:11Z</time><extensions><speed>1.265651</speed><course>249.609375</course><hAcc>0.890839</hAcc><vAcc>0.699818</vAcc></extensions></trkpt>
      <trkpt lon="-82.154046" lat="33.561213"><ele>89.274269</ele><time>2021-02-13T14:51:12Z</time><extensions><speed>1.248795</speed><course>242.578125</course><hAcc>0.888512</hAcc><vAcc>0.698238</vAcc></extensions></trkpt>
      <trkpt lon="-82.154034" lat="33.561208"><ele>89.230240</ele><time>2021-02-13T14:51:13Z</time><extensions><speed>1.238251</speed><course>242.929688</course><hAcc>0.886208</hAcc><vAcc>0.696507</vAcc></extensions></trkpt>
      <trkpt lon="-82.154022" lat="33.561204"><ele>89.179459</ele><time>2021-02-13T14:51:14Z</time><extensions><speed>1.234913</speed><course>248.554688</course><hAcc>0.884094</hAcc><vAcc>0.694782</vAcc></extensions></trkpt>
      <trkpt lon="-82.154010" lat="33.561199"><ele>89.122353</ele><time>2021-02-13T14:51:15Z</time><extensions><speed>1.237936</speed><course>254.531250</course><hAcc>0.882264</hAcc><vAcc>0.693175</vAcc></extensions></trkpt>
      <trkpt lon="-82.153997" lat="33.561195"><ele>89.059143</ele><time>2021-02-13T14:51:16Z</time><extensions><speed>1.244459</speed><course>248.203125</course><hAcc>0.880758</hAcc><vAcc>0.691760</vAcc></extensions></trkpt>
      <trkpt lon="-82.153985" lat="33.561191"><ele>88.989769</ele><time>2021-02-13T14:51:17Z</time><extensions><speed>1.250092</speed><course>213.398438</course><hAcc>0.879572</hAcc><vAcc>0.690568</vAcc></extensions></trkpt>
      <trkpt lon="-82.153972" lat="33.561187"><ele>88.913788</ele><time>2021-02-13T14:51:18Z</time><extensions><speed>1.250985</speed><course>236.953125</course><hAcc>0.878675</hAcc><vAcc>0.689606</vAcc></extensions></trkpt>
      <trkpt lon="-82.153959" lat="33.561183"><ele>88.830574</ele><time>2021-02-13T14:51:19Z</time><extensions><speed>1.245429</speed><course>243.632812</course><hAcc>0.878020</hAcc><vAcc>0.688858</vAcc></extensions></trkpt>
      <trkpt lon="-82.153947" lat="33.561180"><ele>88.739403</ele><time>2021-02-13T14:51:20Z</time><extensions><speed>1.233434</speed><course>250.664062</course><hAcc>0.877558</hAcc><vAcc>0.688295</vAcc></extensions></trkpt>
      <trkpt lon="-82.153934" lat="33.561177"><ele>88.639481</ele><time>2021-02-13T14:51:21Z</time><extensions><speed>1.215520</speed><course>250.664062</course><hAcc>0.877220</hAcc><vAcc>0.687870</vAcc></extensions></trkpt>
      <trkpt lon="-82.153921" lat="33.561175"><ele>88.530823</ele><time>2021-02-13T14:51:21Z</time><extensions><speed>1.192539</speed><course>238.007812</course><hAcc>0.877020</hAcc><vAcc>0.687590</vAcc></extensions></trkpt>
      <trkpt lon="-82.153909" lat="33.561172"><ele>88.412483</ele><time>2021-02-13T14:51:22Z</time><extensions><speed>1.165422</speed><course>231.679688</course><hAcc>0.876941</hAcc><vAcc>0.687435</vAcc></extensions></trkpt>
      <trkpt lon="-82.153897" lat="33.561170"><ele>88.284920</ele><time>2021-02-13T14:51:23Z</time><extensions><speed>1.135864</speed><course>236.250000</course><hAcc>0.876903</hAcc><vAcc>0.687341</vAcc></extensions></trkpt>
      <trkpt lon="-82.153885" lat="33.561169"><ele>88.148445</ele><time>2021-02-13T14:51:24Z</time><extensions><speed>1.105301</speed><course>247.500000</course><hAcc>0.876889</hAcc><vAcc>0.687290</vAcc></extensions></trkpt>
      <trkpt lon="-82.153873" lat="33.561167"><ele>88.003441</ele><time>2021-02-13T14:51:25Z</time><extensions><speed>1.075262</speed><course>250.664062</course><hAcc>0.876888</hAcc><vAcc>0.687266</vAcc></extensions></trkpt>
      <trkpt lon="-82.153862" lat="33.561166"><ele>87.850258</ele><time>2021-02-13T14:51:26Z</time><extensions><speed>1.047249</speed><course>246.093750</course><hAcc>0.876893</hAcc><vAcc>0.687257</vAcc></extensions></trkpt>
      <trkpt lon="-82.153851" lat="33.561165"><ele>87.689087</ele><time>2021-02-13T14:51:27Z</time><extensions><speed>1.022512</speed><course>241.171875</course><hAcc>0.876898</hAcc><vAcc>0.687257</vAcc></extensions></trkpt>
      <trkpt lon="-82.153840" lat="33.561164"><ele>87.520065</ele><time>2021-02-13T14:51:28Z</time><extensions><speed>1.002060</speed><course>247.500000</course><hAcc>0.876903</hAcc><vAcc>0.687261</vAcc></extensions></trkpt>
      <trkpt lon="-82.153829" lat="33.561164"><ele>87.343491</ele><time>2021-02-13T14:51:29Z</time><extensions><speed>0.986974</speed><course>258.750000</course><hAcc>0.876905</hAcc><vAcc>0.687265</vAcc></extensions></trkpt>
      <trkpt lon="-82.153819" lat="33.561163"><ele>87.159927</ele><time>2021-02-13T14:51:30Z</time><extensions><speed>0.978597</speed><course>255.234375</course><hAcc>0.876906</hAcc><vAcc>0.687268</vAcc></extensions></trkpt>
      <trkpt lon="-82.153808" lat="33.561163"><ele>86.970230</ele><time>2021-02-13T14:51:31Z</time><extensions><speed>0.978320</speed><course>254.882812</course><hAcc>0.876906</hAcc><vAcc>0.687269</vAcc></extensions></trkpt>
      <trkpt lon="-82.153798" lat="33.561163"><ele>86.775734</ele><time>2021-02-13T14:51:32Z</time><extensions><speed>0.987085</speed><course>247.851562</course><hAcc>0.876904</hAcc><vAcc>0.687270</vAcc></extensions></trkpt>
      <trkpt lon="-82.153787" lat="33.561163"><ele>86.578430</ele><time>2021-02-13T14:51:33Z</time><extensions><speed>1.005022</speed><course>252.421875</course><hAcc>0.876902</hAcc><vAcc>0.687269</vAcc></extensions></trkpt>
      <trkpt lon="-82.153776" lat="33.561163"><ele>86.380936</ele><time>2021-02-13T14:51:34Z</time><extensions><speed>1.031626</speed><course>252.070312</course><hAcc>0.876901</hAcc><vAcc>0.687268</vAcc></extensions></trkpt>
      <trkpt lon="-82.153765" lat="33.561164"><ele>86.186111</ele><time>2021-02-13T14:51:35Z</time><extensions><speed>1.065812</speed><course>258.046875</course><hAcc>0.876899</hAcc><vAcc>0.687266</vAcc></extensions></trkpt>
      <trkpt lon="-82.153753" lat="33.561165"><ele>85.996605</ele><time>2021-02-13T14:51:36Z</time><extensions><speed>1.105782</speed><course>260.156250</course><hAcc>0.876899</hAcc><vAcc>0.687265</vAcc></extensions></trkpt>
      <trkpt lon="-82.153741" lat="33.561166"><ele>85.814674</ele><time>2021-02-13T14:51:37Z</time><extensions><speed>1.149261</speed><course>260.859375</course><hAcc>0.876899</hAcc><vAcc>0.687264</vAcc></extensions></trkpt>
      <trkpt lon="-82.153729" lat="33.561168"><ele>85.642204</ele><time>2021-02-13T14:51:38Z</time><extensions><speed>1.193752</speed><course>247.148438</course><hAcc>0.876901</hAcc><vAcc>0.687265</vAcc></extensions></trkpt>
      <trkpt lon="-82.153716" lat="33.561171"><ele>85.480728</ele><time>2021-02-13T14:51:39Z</time><extensions><speed>1.236631</speed><course>238.710938</course><hAcc>0.876904</hAcc><vAcc>0.687266</vAcc></extensions></trkpt>
      <trkpt lon="-82.153703" lat="33.561174"><ele>85.331383</ele><time>2021-02-13T14:51:40Z</time><extensions><speed>1.275537</speed><course>243.281250</course><hAcc>0.876909</hAcc><vAcc>0.687269</vAcc></extensions></trkpt>
      <trkpt lon="-82.153690" lat="33.561177"><ele>85.194878</ele><time>2021-02-13T14:51:41Z</time><extensions><speed>1.308828</speed><course>255.585938</course><hAcc>0.876916</hAcc><vAcc>0.687273</vAcc></extensions></trkpt>
      <trkpt lon="-82.153676" lat="33.561182"><ele>85.071648</ele><time>2021-02-13T14:51:42Z</time><extensions><speed>1.335747</speed><course>258.398438</course><hAcc>0.876926</hAcc><vAcc>0.687280</vAcc></extensions></trkpt>
      <trkpt lon="-82.153663" lat="33.561186"><ele>84.961891</ele><time>2021-02-13T14:51:43Z</time><extensions><speed>1.356230</speed><course>253.125000</course><hAcc>0.876940</hAcc><vAcc>0.687289</vAcc></extensions></trkpt>
      <trkpt lon="-82.153650" lat="33.561191"><ele>84.865501</ele><time>2021-02-13T14:51:45Z</time><extensions><speed>1.370625</speed><course>246.445312</course><hAcc>0.876940</hAcc><vAcc>0.687289</vAcc></extensions></trkpt>
      <trkpt lon="-82.153636" lat="33.561197"><ele>84.782562</ele><time>2021-02-13T14:51:46Z</time><extensions><speed>1.379421</speed><course>256.992188</course><hAcc>0.876926</hAcc><vAcc>0.687278</vAcc></extensions></trkpt>
      <trkpt lon="-82.153623" lat="33.561202"><ele>84.712776</ele><time>2021-02-13T14:51:47Z</time><extensions><speed>1.382896</speed><course>259.804688</course><hAcc>0.876915</hAcc><vAcc>0.687270</vAcc></extensions></trkpt>
      <trkpt lon="-82.153610" lat="33.561208"><ele>84.655716</ele><time>2021-02-13T14:51:48Z</time><extensions><speed>1.380803</speed><course>258.046875</course><hAcc>0.876907</hAcc><vAcc>0.687265</vAcc></extensions></trkpt>
      <trkpt lon="-82.153597" lat="33.561214"><ele>84.610657</ele><time>2021-02-13T14:51:49Z</time><extensions><speed>1.372871</speed><course>246.796875</course><hAcc>0.876901</hAcc><vAcc>0.687260</vAcc></extensions></trkpt>
      <trkpt lon="-82.153584" lat="33.561219"><ele>84.576607</ele><time>2021-02-13T14:51:50Z</time><extensions><speed>1.359157</speed><course>252.421875</course><hAcc>0.876897</hAcc><vAcc>0.687257</vAcc></extensions></trkpt>
      <trkpt lon="-82.153571" lat="33.561225"><ele>84.552475</ele><time>2021-02-13T14:51:51Z</time><extensions><speed>1.340246</speed><course>261.562500</course><hAcc>0.876894</hAcc><vAcc>0.687254</vAcc></extensions></trkpt>
      <trkpt lon="-82.153558" lat="33.561230"><ele>84.537254</ele><time>2021-02-13T14:51:52Z</time><extensions><speed>1.317220</speed><course>244.687500</course><hAcc>0.876891</hAcc><vAcc>0.687252</vAcc></extensions></trkpt>
      <trkpt lon="-82.153545" lat="33.561235"><ele>84.530128</ele><time>2021-02-13T14:51:53Z</time><extensions><speed>1.291617</speed><course>253.476562</course><hAcc>0.876890</hAcc><vAcc>0.687251</vAcc></extensions></trkpt>
      <trkpt lon="-82.153532" lat="33.561240"><ele>84.530464</ele><time>2021-02-13T14:51:54Z</time><extensions><speed>1.265022</speed><course>262.265625</course><hAcc>0.876888</hAcc><vAcc>0.687250</vAcc></extensions></trkpt>
      <trkpt lon="-82.153520" lat="33.561244"><ele>84.537872</ele><time>2021-02-13T14:51:55Z</time><extensions><speed>1.238679</speed><course>256.289062</course><hAcc>0.876887</hAcc><vAcc>0.687249</vAcc></extensions></trkpt>
      <trkpt lon="-82.153507" lat="33.561248"><ele>84.552200</ele><time>2021-02-13T14:51:56Z</time><extensions><speed>1.213844</speed><course>255.234375</course><hAcc>0.876886</hAcc><vAcc>0.687248</vAcc></extensions></trkpt>
      <trkpt lon="-82.153495" lat="33.561251"><ele>84.573410</ele><time>2021-02-13T14:51:57Z</time><extensions><speed>1.191681</speed><course>253.476562</course><hAcc>0.876886</hAcc><vAcc>0.687248</vAcc></extensions></trkpt>
      <trkpt lon="-82.153483" lat="33.561254"><ele>84.601486</ele><time>2021-02-13T14:51:58Z</time><extensions><speed>1.172362</speed><course>247.148438</course><hAcc>0.876886</hAcc><vAcc>0.687248</vAcc></extensions></trkpt>
      <trkpt lon="-82.153471" lat="33.561257"><ele>84.636414</ele><time>2021-02-13T14:51:59Z</time><extensions><speed>1.154692</speed><course>258.398438</course><hAcc>0.876885</hAcc><vAcc>0.687247</vAcc></extensions></trkpt>
      <trkpt lon="-82.153459" lat="33.561259"><ele>84.678238</ele><time>2021-02-13T14:52:00Z</time><extensions><speed>1.136660</speed><course>259.804688</course><hAcc>0.876885</hAcc><vAcc>0.687247</vAcc></extensions></trkpt>
      <trkpt lon="-82.153447" lat="33.561261"><ele>84.726974</ele><time>2021-02-13T14:52:01Z</time><extensions><speed>1.116276</speed><course>241.523438</course><hAcc>0.876885</hAcc><vAcc>0.687247</vAcc></extensions></trkpt>
      <trkpt lon="-82.153435" lat="33.561263"><ele>84.782707</ele><time>2021-02-13T14:52:02Z</time><extensions><speed>1.092375</speed><course>254.882812</course><hAcc>0.876885</hAcc><vAcc>0.687247</vAcc></extensions></trkpt>
      <trkpt lon="-82.153424" lat="33.561265"><ele>84.845673</ele><time>2021-02-13T14:52:03Z</time><extensions><speed>1.064930</speed><course>246.796875</course><hAcc>0.876885</hAcc><vAcc>0.687247</vAcc></extensions></trkpt>
      <trkpt lon="-82.153413" lat="33.561267"><ele>84.916252</ele><time>2021-02-13T14:52:04Z</time><extensions><speed>1.034685</speed><course>256.992188</course><hAcc>0.876885</hAcc><vAcc>0.687246</vAcc></extensions></trkpt>
      <trkpt lon="-82.153402" lat="33.561269"><ele>84.994751</ele><time>2021-02-13T14:52:05Z</time><extensions><speed>1.002455</speed><course>254.179688</course><hAcc>0.876885</hAcc><vAcc>0.687246</vAcc></extensions></trkpt>
      <trkpt lon="-82.153392" lat="33.561270"><ele>85.081337</ele><time>2021-02-13T14:52:06Z</time><extensions><speed>0.968961</speed><course>253.828125</course><hAcc>0.876885</hAcc><vAcc>0.687246</vAcc></extensions></trkpt>
      <trkpt lon="-82.153382" lat="33.561272"><ele>85.175949</ele><time>2021-02-13T14:52:07Z</time><extensions><speed>0.935616</speed><course>252.070312</course><hAcc>0.876884</hAcc><vAcc>0.687246</vAcc></extensions></trkpt>
      <trkpt lon="-82.153372" lat="33.561273"><ele>85.278198</ele><time>2021-02-13T14:52:08Z</time><extensions><speed>0.905062</speed><course>246.445312</course><hAcc>0.876884</hAcc><vAcc>0.687246</vAcc></extensions></trkpt>
      <trkpt lon="-82.153362" lat="33.561275"><ele>85.387222</ele><time>2021-02-13T14:52:09Z</time><extensions><speed>0.880430</speed><course>247.851562</course><hAcc>0.876884</hAcc><vAcc>0.687246</vAcc></extensions></trkpt>
      <trkpt lon="-82.153353" lat="33.561277"><ele>85.501579</ele><time>2021-02-13T14:52:10Z</time><extensions><speed>0.863704</speed><course>243.984375</course><hAcc>0.876884</hAcc><vAcc>0.687246</vAcc></extensions></trkpt>
      <trkpt lon="-82.153345" lat="33.561280"><ele>85.619423</ele><time>2021-02-13T14:52:11Z</time><extensions><speed>0.855346</speed><course>249.609375</course><hAcc>0.876884</hAcc><vAcc>0.687246</vAcc></extensions></trkpt>
      <trkpt lon="-82.153336" lat="33.561282"><ele>85.738525</ele><time>2021-02-13T14:52:12Z</time><extensions><speed>0.855021</speed><course>251.718750</course><hAcc>0.876884</hAcc><vAcc>0.687246</vAcc></extensions></trkpt>
      <trkpt lon="-82.153327" lat="33.561285"><ele>85.856422</ele><time>2021-02-13T14:52:13Z</time><extensions><speed>0.862085</speed><course>247.148438</course><hAcc>0.876884</hAcc><vAcc>0.687246</vAcc></extensions></trkpt>
      <trkpt lon="-82.153319" lat="33.561288"><ele>85.970695</ele><time>2021-02-13T14:52:14Z</time><extensions><speed>0.876124</speed><course>251.367188</course><hAcc>0.876884</hAcc><vAcc>0.687246</vAcc></extensions></trkpt>
      <trkpt lon="-82.153310" lat="33.561291"><ele>86.079147</ele><time>2021-02-13T14:52:15Z</time><extensions><speed>0.896725</speed><course>249.609375</course><hAcc>0.876885</hAcc><vAcc>0.687246</vAcc></extensions></trkpt>
      <trkpt lon="-82.153301" lat="33.561295"><ele>86.179939</ele><time>2021-02-13T14:52:16Z</time><extensions><speed>0.922592</speed><course>249.960938</course><hAcc>0.876885</hAcc><vAcc>0.687246</vAcc></extensions></trkpt>
      <trkpt lon="-82.153292" lat="33.561299"><ele>86.271767</ele><time>2021-02-13T14:52:17Z</time><extensions><speed>0.951562</speed><course>246.093750</course><hAcc>0.876885</hAcc><vAcc>0.687246</vAcc></extensions></trkpt>
      <trkpt lon="-82.153283" lat="33.561303"><ele>86.353844</ele><time>2021-02-13T14:52:18Z</time><extensions><speed>0.981670</speed><course>250.312500</course><hAcc>0.876885</hAcc><vAcc>0.687246</vAcc></extensions></trkpt>
      <trkpt lon="-82.153274" lat="33.561307"><ele>86.425812</ele><time>2021-02-13T14:52:19Z</time><extensions><speed>1.012142</speed><course>243.632812</course><hAcc>0.876885</hAcc><vAcc>0.687246</vAcc></extensions></trkpt>
      <trkpt lon="-82.153264" lat="33.561312"><ele>86.487694</ele><time>2021-02-13T14:52:20Z</time><extensions><speed>1.043137</speed><course>285.117188</course><hAcc>0.876885</hAcc><vAcc>0.687246</vAcc></extensions></trkpt>
      <trkpt lon="-82.153254" lat="33.561316"><ele>86.539864</ele><time>2021-02-13T14:52:21Z</time><extensions><speed>1.074935</speed><course>265.781250</course><hAcc>0.876885</hAcc><vAcc>0.687246</vAcc></extensions></trkpt>
      <trkpt lon="-82.153243" lat="33.561321"><ele>86.583191</ele><time>2021-02-13T14:52:22Z</time><extensions><speed>1.107433</speed><course>265.078125</course><hAcc>0.876885</hAcc><vAcc>0.687246</vAcc></extensions></trkpt>
      <trkpt lon="-82.153233" lat="33.561326"><ele>86.618927</ele><time>2021-02-13T14:52:23Z</time><extensions><speed>1.139776</speed><course>248.906250</course><hAcc>0.876885</hAcc><vAcc>0.687246</vAcc></extensions></trkpt>
      <trkpt lon="-82.153222" lat="33.561330"><ele>86.648399</ele><time>2021-02-13T14:52:24Z</time><extensions><speed>1.170647</speed><course>232.382812</course><hAcc>0.876885</hAcc><vAcc>0.687246</vAcc></extensions></trkpt>
      <trkpt lon="-82.153210" lat="33.561335"><ele>86.672836</ele><time>2021-02-13T14:52:25Z</time><extensions><speed>1.198925</speed><course>249.257812</course><hAcc>0.876885</hAcc><vAcc>0.687246</vAcc></extensions></trkpt>
      <trkpt lon="-82.153199" lat="33.561340"><ele>86.693184</ele><time>2021-02-13T14:52:26Z</time><extensions><speed>1.224091</speed><course>283.710938</course><hAcc>0.876885</hAcc><vAcc>0.687246</vAcc></extensions></trkpt>
      <trkpt lon="-82.153187" lat="33.561345"><ele>86.710152</ele><time>2021-02-13T14:52:27Z</time><extensions><speed>1.246067</speed><course>265.429688</course><hAcc>0.876885</hAcc><vAcc>0.687246</vAcc></extensions></trkpt>
      <trkpt lon="-82.153174" lat="33.561350"><ele>86.724335</ele><time>2021-02-13T14:52:28Z</time><extensions><speed>1.264779</speed><course>270.351562</course><hAcc>0.876885</hAcc><vAcc>0.687246</vAcc></extensions></trkpt>
      <trkpt lon="-82.153162" lat="33.561355"><ele>86.736366</ele><time>2021-02-13T14:52:29Z</time><extensions><speed>1.279929</speed><course>271.757812</course><hAcc>0.876885</hAcc><vAcc>0.687246</vAcc></extensions></trkpt>
      <trkpt lon="-82.153149" lat="33.561359"><ele>86.746674</ele><time>2021-02-13T14:52:30Z</time><extensions><speed>1.291202</speed><course>281.953125</course><hAcc>0.876885</hAcc><vAcc>0.687246</vAcc></extensions></trkpt>
      <trkpt lon="-82.153137" lat="33.561364"><ele>86.755310</ele><time>2021-02-13T14:52:31Z</time><extensions><speed>1.298412</speed><course>287.578125</course><hAcc>0.876885</hAcc><vAcc>0.687246</vAcc></extensions></trkpt>
      <trkpt lon="-82.153124" lat="33.561369"><ele>86.761948</ele><time>2021-02-13T14:52:32Z</time><extensions><speed>1.301531</speed><course>299.531250</course><hAcc>0.876885</hAcc><vAcc>0.687246</vAcc></extensions></trkpt>
      <trkpt lon="-82.153111" lat="33.561374"><ele>86.766052</ele><time>2021-02-13T14:52:33Z</time><extensions><speed>1.300997</speed><course>300.585938</course><hAcc>0.876885</hAcc><vAcc>0.687246</vAcc></extensions></trkpt>
      <trkpt lon="-82.153098" lat="33.561378"><ele>86.766968</ele><time>2021-02-13T14:52:34Z</time><extensions><speed>1.297644</speed><course>303.750000</course><hAcc>0.876885</hAcc><vAcc>0.687246</vAcc></extensions></trkpt>
      <trkpt lon="-82.153086" lat="33.561383"><ele>86.763977</ele><time>2021-02-13T14:52:35Z</time><extensions><speed>1.292283</speed><course>304.804688</course><hAcc>0.876885</hAcc><vAcc>0.687246</vAcc></extensions></trkpt>
      <trkpt lon="-82.153073" lat="33.561388"><ele>86.756348</ele><time>2021-02-13T14:52:36Z</time><extensions><speed>1.285662</speed><course>299.882812</course><hAcc>0.876885</hAcc><vAcc>0.687246</vAcc></extensions></trkpt>
      <trkpt lon="-82.153060" lat="33.561392"><ele>86.743309</ele><time>2021-02-13T14:52:37Z</time><extensions><speed>1.278855</speed><course>290.390625</course><hAcc>0.876885</hAcc><vAcc>0.687246</vAcc></extensions></trkpt>
      <trkpt lon="-82.153047" lat="33.561396"><ele>86.724106</ele><time>2021-02-13T14:52:38Z</time><extensions><speed>1.273314</speed><course>292.851562</course><hAcc>0.876885</hAcc><vAcc>0.687246</vAcc></extensions></trkpt>
      <trkpt lon="-82.153035" lat="33.561401"><ele>86.698044</ele><time>2021-02-13T14:52:39Z</time><extensions><speed>1.270156</speed><course>308.671875</course><hAcc>0.876885</hAcc><vAcc>0.687246</vAcc></extensions></trkpt>
      <trkpt lon="-82.153022" lat="33.561405"><ele>86.664589</ele><time>2021-02-13T14:52:40Z</time><extensions><speed>1.269839</speed><course>330.468750</course><hAcc>0.876885</hAcc><vAcc>0.687246</vAcc></extensions></trkpt>
      <trkpt lon="-82.153009" lat="33.561409"><ele>86.623337</ele><time>2021-02-13T14:52:41Z</time><extensions><speed>1.272150</speed><course>341.367188</course><hAcc>0.876885</hAcc><vAcc>0.687246</vAcc></extensions></trkpt>
      <trkpt lon="-82.152996" lat="33.561413"><ele>86.574028</ele><time>2021-02-13T14:52:42Z</time><extensions><speed>1.275894</speed><course>337.148438</course><hAcc>0.876885</hAcc><vAcc>0.687246</vAcc></extensions></trkpt>
      <trkpt lon="-82.152983" lat="33.561417"><ele>86.516487</ele><time>2021-02-13T14:52:43Z</time><extensions><speed>1.279302</speed><course>328.710938</course><hAcc>0.876885</hAcc><vAcc>0.687246</vAcc></extensions></trkpt>
      <trkpt lon="-82.152970" lat="33.561421"><ele>86.450798</ele><time>2021-02-13T14:52:44Z</time><extensions><speed>1.280721</speed><course>312.890625</course><hAcc>0.876885</hAcc><vAcc>0.687246</vAcc></extensions></trkpt>
      <trkpt lon="-82.152958" lat="33.561425"><ele>86.377449</ele><time>2021-02-13T14:52:45Z</time><extensions><speed>1.278972</speed><course>347.695312</course><hAcc>0.876885</hAcc><vAcc>0.687246</vAcc></extensions></trkpt>
      <trkpt lon="-82.152945" lat="33.561429"><ele>86.297195</ele><time>2021-02-13T14:52:46Z</time><extensions><speed>1.273667</speed><course>332.578125</course><hAcc>0.876885</hAcc><vAcc>0.687246</vAcc></extensions></trkpt>
      <trkpt lon="-82.152932" lat="33.561434"><ele>86.210754</ele><time>2021-02-13T14:52:47Z</time><extensions><speed>1.265264</speed><course>356.484375</course><hAcc>0.876885</hAcc><vAcc>0.687245</vAcc></extensions></trkpt>
      <trkpt lon="-82.152920" lat="33.561438"><ele>86.118744</ele><time>2021-02-13T14:52:48Z</time><extensions><speed>1.254968</speed><course>2.460938</course><hAcc>0.876885</hAcc><vAcc>0.687245</vAcc></extensions></trkpt>
      <trkpt lon="-82.152908" lat="33.561443"><ele>86.021805</ele><time>2021-02-13T14:52:49Z</time><extensions><speed>1.244537</speed><course>356.132812</course><hAcc>0.876885</hAcc><vAcc>0.687245</vAcc></extensions></trkpt>
      <trkpt lon="-82.152896" lat="33.561448"><ele>85.920616</ele><time>2021-02-13T14:52:50Z</time><extensions><speed>1.235889</speed><course>352.265625</course><hAcc>0.876885</hAcc><vAcc>0.687245</vAcc></extensions></trkpt>
      <trkpt lon="-82.152884" lat="33.561453"><ele>85.815987</ele><time>2021-02-13T14:52:51Z</time><extensions><speed>1.230750</speed><course>344.179688</course><hAcc>0.876885</hAcc><vAcc>0.687245</vAcc></extensions></trkpt>
      <trkpt lon="-82.152872" lat="33.561458"><ele>85.708733</ele><time>2021-02-13T14:52:52Z</time><extensions><speed>1.230557</speed><course>342.070312</course><hAcc>0.876885</hAcc><vAcc>0.687245</vAcc></extensions></trkpt>
      <trkpt lon="-82.152860" lat="33.561464"><ele>85.599693</ele><time>2021-02-13T14:52:53Z</time><extensions><speed>1.236285</speed><course>342.070312</course><hAcc>0.876885</hAcc><vAcc>0.687245</vAcc></extensions></trkpt>
      <trkpt lon="-82.152849" lat="33.561469"><ele>85.489677</ele><time>2021-02-13T14:52:54Z</time><extensions><speed>1.248079</speed><course>344.531250</course><hAcc>0.876885</hAcc><vAcc>0.687245</vAcc></extensions></trkpt>
      <trkpt lon="-82.152837" lat="33.561474"><ele>85.379395</ele><time>2021-02-13T14:52:55Z</time><extensions><speed>1.265306</speed><course>345.234375</course><hAcc>0.876885</hAcc><vAcc>0.687245</vAcc></extensions></trkpt>
      <trkpt lon="-82.152825" lat="33.561480"><ele>85.269531</ele><time>2021-02-13T14:52:56Z</time><extensions><speed>1.286782</speed><course>345.234375</course><hAcc>0.876885</hAcc><vAcc>0.687245</vAcc></extensions></trkpt>
      <trkpt lon="-82.152812" lat="33.561485"><ele>85.160789</ele><time>2021-02-13T14:52:57Z</time><extensions><speed>1.311029</speed><course>352.617188</course><hAcc>0.876885</hAcc><vAcc>0.687245</vAcc></extensions></trkpt>
      <trkpt lon="-82.152799" lat="33.561490"><ele>85.053833</ele><time>2021-02-13T14:52:58Z</time><extensions><speed>1.336790</speed><course>332.578125</course><hAcc>0.876885</hAcc><vAcc>0.687245</vAcc></extensions></trkpt>
      <trkpt lon="-82.152786" lat="33.561495"><ele>84.949203</ele><time>2021-02-13T14:52:59Z</time><extensions><speed>1.363160</speed><course>352.617188</course><hAcc>0.876885</hAcc><vAcc>0.687245</vAcc></extensions></trkpt>
      <trkpt lon="-82.152772" lat="33.561500"><ele>84.847305</ele><time>2021-02-13T14:53:00Z</time><extensions><speed>1.389345</speed><course>336.796875</course><hAcc>0.876885</hAcc><vAcc>0.687245</vAcc></extensions></trkpt>
      <trkpt lon="-82.152758" lat="33.561505"><ele>84.748360</ele><time>2021-02-13T14:53:01Z</time><extensions><speed>1.414450</speed><course>330.468750</course><hAcc>0.876885</hAcc><vAcc>0.687245</vAcc></extensions></trkpt>
      <trkpt lon="-82.152744" lat="33.561510"><ele>84.652420</ele><time>2021-02-13T14:53:02Z</time><extensions><speed>1.437396</speed><course>334.335938</course><hAcc>0.876885</hAcc><vAcc>0.687245</vAcc></extensions></trkpt>
      <trkpt lon="-82.152730" lat="33.561514"><ele>84.559540</ele><time>2021-02-13T14:53:03Z</time><extensions><speed>1.456893</speed><course>329.414062</course><hAcc>0.876885</hAcc><vAcc>0.687245</vAcc></extensions></trkpt>
      <trkpt lon="-82.152715" lat="33.561519"><ele>84.469734</ele><time>2021-02-13T14:53:04Z</time><extensions><speed>1.471713</speed><course>332.226562</course><hAcc>0.876885</hAcc><vAcc>0.687245</vAcc></extensions></trkpt>
      <trkpt lon="-82.152700" lat="33.561524"><ele>84.382874</ele><time>2021-02-13T14:53:05Z</time><extensions><speed>1.481181</speed><course>327.656250</course><hAcc>0.876885</hAcc><vAcc>0.687245</vAcc></extensions></trkpt>
      <trkpt lon="-82.152685" lat="33.561529"><ele>84.298805</ele><time>2021-02-13T14:53:06Z</time><extensions><speed>1.485357</speed><course>328.710938</course><hAcc>0.876885</hAcc><vAcc>0.687245</vAcc></extensions></trkpt>
      <trkpt lon="-82.152670" lat="33.561534"><ele>84.217476</ele><time>2021-02-13T14:53:07Z</time><extensions><speed>1.484780</speed><course>333.632812</course><hAcc>0.876885</hAcc><vAcc>0.687245</vAcc></extensions></trkpt>
      <trkpt lon="-82.152656" lat="33.561539"><ele>84.138878</ele><time>2021-02-13T14:53:08Z</time><extensions><speed>1.479869</speed><course>322.734375</course><hAcc>0.876885</hAcc><vAcc>0.687245</vAcc></extensions></trkpt>
      <trkpt lon="-82.152641" lat="33.561544"><ele>84.063019</ele><time>2021-02-13T14:53:09Z</time><extensions><speed>1.471117</speed><course>322.031250</course><hAcc>0.876885</hAcc><vAcc>0.687245</vAcc></extensions></trkpt>
      <trkpt lon="-82.152627" lat="33.561550"><ele>83.989723</ele><time>2021-02-13T14:53:10Z</time><extensions><speed>1.459500</speed><course>335.742188</course><hAcc>0.876885</hAcc><vAcc>0.687245</vAcc></extensions></trkpt>
      <trkpt lon="-82.152613" lat="33.561556"><ele>83.918785</ele><time>2021-02-13T14:53:11Z</time><extensions><speed>1.446484</speed><course>329.062500</course><hAcc>0.876885</hAcc><vAcc>0.687245</vAcc></extensions></trkpt>
      <trkpt lon="-82.152599" lat="33.561562"><ele>83.850151</ele><time>2021-02-13T14:53:12Z</time><extensions><speed>1.433934</speed><course>337.500000</course><hAcc>0.876885</hAcc><vAcc>0.687245</vAcc></extensions></trkpt>
      <trkpt lon="-82.152585" lat="33.561568"><ele>83.783958</ele><time>2021-02-13T14:53:13Z</time><extensions><speed>1.423486</speed><course>331.171875</course><hAcc>0.876885</hAcc><vAcc>0.687245</vAcc></extensions></trkpt>
      <trkpt lon="-82.152572" lat="33.561574"><ele>83.720505</ele><time>2021-02-13T14:53:14Z</time><extensions><speed>1.415878</speed><course>332.226562</course><hAcc>0.876885</hAcc><vAcc>0.687245</vAcc></extensions></trkpt>
      <trkpt lon="-82.152559" lat="33.561581"><ele>83.660133</ele><time>2021-02-13T14:53:15Z</time><extensions><speed>1.410893</speed><course>338.906250</course><hAcc>0.876886</hAcc><vAcc>0.687245</vAcc></extensions></trkpt>
      <trkpt lon="-82.152546" lat="33.561588"><ele>83.603127</ele><time>2021-02-13T14:53:16Z</time><extensions><speed>1.407856</speed><course>0.351562</course><hAcc>0.876886</hAcc><vAcc>0.687245</vAcc></extensions></trkpt>
      <trkpt lon="-82.152534" lat="33.561595"><ele>83.549629</ele><time>2021-02-13T14:53:17Z</time><extensions><speed>1.406139</speed><course>348.750000</course><hAcc>0.876886</hAcc><vAcc>0.687245</vAcc></extensions></trkpt>
      <trkpt lon="-82.152521" lat="33.561602"><ele>83.499634</ele><time>2021-02-13T14:53:18Z</time><extensions><speed>1.405319</speed><course>350.156250</course><hAcc>0.876886</hAcc><vAcc>0.687245</vAcc></extensions></trkpt>
      <trkpt lon="-82.152509" lat="33.561609"><ele>83.452957</ele><time>2021-02-13T14:53:19Z</time><extensions><speed>1.405279</speed><course>336.093750</course><hAcc>0.876886</hAcc><vAcc>0.687245</vAcc></extensions></trkpt>
      <trkpt lon="-82.152496" lat="33.561616"><ele>83.409233</ele><time>2021-02-13T14:53:20Z</time><extensions><speed>1.406046</speed><course>330.820312</course><hAcc>0.876886</hAcc><vAcc>0.687245</vAcc></extensions></trkpt>
      <trkpt lon="-82.152484" lat="33.561623"><ele>83.367889</ele><time>2021-02-13T14:53:21Z</time><extensions><speed>1.407376</speed><course>328.007812</course><hAcc>0.876886</hAcc><vAcc>0.687245</vAcc></extensions></trkpt>
      <trkpt lon="-82.152471" lat="33.561630"><ele>83.328262</ele><time>2021-02-13T14:53:22Z</time><extensions><speed>1.408884</speed><course>334.335938</course><hAcc>0.876886</hAcc><vAcc>0.687245</vAcc></extensions></trkpt>
      <trkpt lon="-82.152458" lat="33.561637"><ele>83.289642</ele><time>2021-02-13T14:53:23Z</time><extensions><speed>1.410538</speed><course>320.625000</course><hAcc>0.876886</hAcc><vAcc>0.687245</vAcc></extensions></trkpt>
      <trkpt lon="-82.152445" lat="33.561644"><ele>83.251297</ele><time>2021-02-13T14:53:24Z</time><extensions><speed>1.412897</speed><course>334.335938</course><hAcc>0.876886</hAcc><vAcc>0.687245</vAcc></extensions></trkpt>
      <trkpt lon="-82.152432" lat="33.561650"><ele>83.212570</ele><time>2021-02-13T14:53:25Z</time><extensions><speed>1.416850</speed><course>319.570312</course><hAcc>0.876886</hAcc><vAcc>0.687245</vAcc></extensions></trkpt>
      <trkpt lon="-82.152418" lat="33.561656"><ele>83.172966</ele><time>2021-02-13T14:53:26Z</time><extensions><speed>1.423015</speed><course>323.437500</course><hAcc>0.876886</hAcc><vAcc>0.687245</vAcc></extensions></trkpt>
      <trkpt lon="-82.152404" lat="33.561661"><ele>83.132172</ele><time>2021-02-13T14:53:27Z</time><extensions><speed>1.431449</speed><course>326.250000</course><hAcc>0.876886</hAcc><vAcc>0.687245</vAcc></extensions></trkpt>
      <trkpt lon="-82.152390" lat="33.561666"><ele>83.090172</ele><time>2021-02-13T14:53:28Z</time><extensions><speed>1.441800</speed><course>315.703125</course><hAcc>0.876886</hAcc><vAcc>0.687245</vAcc></extensions></trkpt>
      <trkpt lon="-82.152376" lat="33.561671"><ele>83.047150</ele><time>2021-02-13T14:53:29Z</time><extensions><speed>1.453577</speed><course>307.968750</course><hAcc>0.876886</hAcc><vAcc>0.687245</vAcc></extensions></trkpt>
      <trkpt lon="-82.152361" lat="33.561676"><ele>83.003403</ele><time>2021-02-13T14:53:30Z</time><extensions><speed>1.466384</speed><course>296.367188</course><hAcc>0.876886</hAcc><vAcc>0.687245</vAcc></extensions></trkpt>
      <trkpt lon="-82.152346" lat="33.561680"><ele>82.959305</ele><time>2021-02-13T14:53:31Z</time><extensions><speed>1.479668</speed><course>294.960938</course><hAcc>0.876886</hAcc><vAcc>0.687245</vAcc></extensions></trkpt>
      <trkpt lon="-82.152331" lat="33.561684"><ele>82.915253</ele><time>2021-02-13T14:53:32Z</time><extensions><speed>1.492506</speed><course>296.718750</course><hAcc>0.876886</hAcc><vAcc>0.687245</vAcc></extensions></trkpt>
      <trkpt lon="-82.152315" lat="33.561688"><ele>82.871689</ele><time>2021-02-13T14:53:33Z</time><extensions><speed>1.503934</speed><course>34.804688</course><hAcc>0.876886</hAcc><vAcc>0.687245</vAcc></extensions></trkpt>
      <trkpt lon="-82.152300" lat="33.561692"><ele>82.828987</ele><time>2021-02-13T14:53:34Z</time><extensions><speed>1.513212</speed><course>322.734375</course><hAcc>0.876886</hAcc><vAcc>0.687245</vAcc></extensions></trkpt>
      <trkpt lon="-82.152284" lat="33.561696"><ele>82.787437</ele><time>2021-02-13T14:53:35Z</time><extensions><speed>1.519776</speed><course>320.976562</course><hAcc>0.876886</hAcc><vAcc>0.687244</vAcc></extensions></trkpt>
      <trkpt lon="-82.152268" lat="33.561699"><ele>82.747192</ele><time>2021-02-13T14:53:36Z</time><extensions><speed>1.523244</speed><course>309.375000</course><hAcc>0.876886</hAcc><vAcc>0.687244</vAcc></extensions></trkpt>
      <trkpt lon="-82.152252" lat="33.561703"><ele>82.708313</ele><time>2021-02-13T14:53:37Z</time><extensions><speed>1.523799</speed><course>300.937500</course><hAcc>0.876886</hAcc><vAcc>0.687244</vAcc></extensions></trkpt>
      <trkpt lon="-82.152237" lat="33.561707"><ele>82.670837</ele><time>2021-02-13T14:53:38Z</time><extensions><speed>1.522276</speed><course>301.640625</course><hAcc>0.876886</hAcc><vAcc>0.687244</vAcc></extensions></trkpt>
      <trkpt lon="-82.152221" lat="33.561712"><ele>82.634796</ele><time>2021-02-13T14:53:39Z</time><extensions><speed>1.519615</speed><course>316.406250</course><hAcc>0.876886</hAcc><vAcc>0.687244</vAcc></extensions></trkpt>
      <trkpt lon="-82.152206" lat="33.561716"><ele>82.600365</ele><time>2021-02-13T14:53:40Z</time><extensions><speed>1.516487</speed><course>339.960938</course><hAcc>0.876886</hAcc><vAcc>0.687245</vAcc></extensions></trkpt>
      <trkpt lon="-82.152190" lat="33.561720"><ele>82.567680</ele><time>2021-02-13T14:53:41Z</time><extensions><speed>1.513265</speed><course>353.671875</course><hAcc>0.876886</hAcc><vAcc>0.687245</vAcc></extensions></trkpt>
      <trkpt lon="-82.152175" lat="33.561725"><ele>82.536789</ele><time>2021-02-13T14:53:42Z</time><extensions><speed>1.510071</speed><course>349.804688</course><hAcc>0.876886</hAcc><vAcc>0.687245</vAcc></extensions></trkpt>
      <trkpt lon="-82.152160" lat="33.561730"><ele>82.507729</ele><time>2021-02-13T14:53:43Z</time><extensions><speed>1.506815</speed><course>337.148438</course><hAcc>0.876886</hAcc><vAcc>0.687245</vAcc></extensions></trkpt>
      <trkpt lon="-82.152145" lat="33.561735"><ele>82.480484</ele><time>2021-02-13T14:53:44Z</time><extensions><speed>1.503406</speed><course>331.171875</course><hAcc>0.876887</hAcc><vAcc>0.687245</vAcc></extensions></trkpt>
      <trkpt lon="-82.152130" lat="33.561740"><ele>82.454872</ele><time>2021-02-13T14:53:45Z</time><extensions><speed>1.500212</speed><course>327.304688</course><hAcc>0.876887</hAcc><vAcc>0.687245</vAcc></extensions></trkpt>
      <trkpt lon="-82.152115" lat="33.561746"><ele>82.430618</ele><time>2021-02-13T14:53:46Z</time><extensions><speed>1.497932</speed><course>323.085938</course><hAcc>0.876887</hAcc><vAcc>0.687245</vAcc></extensions></trkpt>
      <trkpt lon="-82.152100" lat="33.561751"><ele>82.407524</ele><time>2021-02-13T14:53:47Z</time><extensions><speed>1.496888</speed><course>313.242188</course><hAcc>0.876887</hAcc><vAcc>0.687245</vAcc></extensions></trkpt>
      <trkpt lon="-82.152086" lat="33.561757"><ele>82.385460</ele><time>2021-02-13T14:53:48Z</time><extensions><speed>1.496804</speed><course>313.945312</course><hAcc>0.876888</hAcc><vAcc>0.687246</vAcc></extensions></trkpt>
      <trkpt lon="-82.152071" lat="33.561762"><ele>82.364342</ele><time>2021-02-13T14:53:49Z</time><extensions><speed>1.496958</speed><course>325.546875</course><hAcc>0.876888</hAcc><vAcc>0.687246</vAcc></extensions></trkpt>
      <trkpt lon="-82.152056" lat="33.561768"><ele>82.344017</ele><time>2021-02-13T14:53:50Z</time><extensions><speed>1.496359</speed><course>337.500000</course><hAcc>0.876889</hAcc><vAcc>0.687247</vAcc></extensions></trkpt>
      <trkpt lon="-82.152042" lat="33.561773"><ele>82.324295</ele><time>2021-02-13T14:53:51Z</time><extensions><speed>1.493888</speed><course>343.828125</course><hAcc>0.876890</hAcc><vAcc>0.687248</vAcc></extensions></trkpt>
      <trkpt lon="-82.152027" lat="33.561779"><ele>82.304985</ele><time>2021-02-13T14:53:52Z</time><extensions><speed>1.488644</speed><course>345.234375</course><hAcc>0.876891</hAcc><vAcc>0.687249</vAcc></extensions></trkpt>
      <trkpt lon="-82.152013" lat="33.561785"><ele>82.285866</ele><time>2021-02-13T14:53:53Z</time><extensions><speed>1.480592</speed><course>346.289062</course><hAcc>0.876893</hAcc><vAcc>0.687250</vAcc></extensions></trkpt>
      <trkpt lon="-82.151998" lat="33.561790"><ele>82.266708</ele><time>2021-02-13T14:53:54Z</time><extensions><speed>1.470631</speed><course>343.476562</course><hAcc>0.876896</hAcc><vAcc>0.687252</vAcc></extensions></trkpt>
      <trkpt lon="-82.151984" lat="33.561796"><ele>82.247276</ele><time>2021-02-13T14:53:55Z</time><extensions><speed>1.459746</speed><course>344.531250</course><hAcc>0.876899</hAcc><vAcc>0.687254</vAcc></extensions></trkpt>
      <trkpt lon="-82.151970" lat="33.561802"><ele>82.227379</ele><time>2021-02-13T14:53:56Z</time><extensions><speed>1.448442</speed><course>339.257812</course><hAcc>0.876903</hAcc><vAcc>0.687258</vAcc></extensions></trkpt>
      <trkpt lon="-82.151956" lat="33.561807"><ele>82.206764</ele><time>2021-02-13T14:53:57Z</time><extensions><speed>1.436904</speed><course>334.687500</course><hAcc>0.876909</hAcc><vAcc>0.687262</vAcc></extensions></trkpt>
      <trkpt lon="-82.151942" lat="33.561812"><ele>82.185226</ele><time>2021-02-13T14:53:58Z</time><extensions><speed>1.425301</speed><course>333.632812</course><hAcc>0.876917</hAcc><vAcc>0.687268</vAcc></extensions></trkpt>
      <trkpt lon="-82.151928" lat="33.561818"><ele>82.162651</ele><time>2021-02-13T14:53:59Z</time><extensions><speed>1.414016</speed><course>339.960938</course><hAcc>0.876928</hAcc><vAcc>0.687275</vAcc></extensions></trkpt>
      <trkpt lon="-82.151914" lat="33.561823"><ele>82.139114</ele><time>2021-02-13T14:54:00Z</time><extensions><speed>1.403722</speed><course>345.234375</course><hAcc>0.876942</hAcc><vAcc>0.687285</vAcc></extensions></trkpt>
      <trkpt lon="-82.151900" lat="33.561828"><ele>82.114937</ele><time>2021-02-13T14:54:01Z</time><extensions><speed>1.395152</speed><course>332.578125</course><hAcc>0.876942</hAcc><vAcc>0.687285</vAcc></extensions></trkpt>
      <trkpt lon="-82.151886" lat="33.561833"><ele>82.090736</ele><time>2021-02-13T14:54:02Z</time><extensions><speed>1.388818</speed><course>318.515625</course><hAcc>0.876928</hAcc><vAcc>0.687275</vAcc></extensions></trkpt>
      <trkpt lon="-82.151872" lat="33.561837"><ele>82.067108</ele><time>2021-02-13T14:54:03Z</time><extensions><speed>1.384692</speed><course>304.453125</course><hAcc>0.876917</hAcc><vAcc>0.687268</vAcc></extensions></trkpt>
      <trkpt lon="-82.151858" lat="33.561842"><ele>82.044548</ele><time>2021-02-13T14:54:04Z</time><extensions><speed>1.382307</speed><course>280.546875</course><hAcc>0.876909</hAcc><vAcc>0.687262</vAcc></extensions></trkpt>
      <trkpt lon="-82.151844" lat="33.561846"><ele>82.023392</ele><time>2021-02-13T14:54:05Z</time><extensions><speed>1.381050</speed><course>257.695312</course><hAcc>0.876904</hAcc><vAcc>0.687257</vAcc></extensions></trkpt>
      <trkpt lon="-82.151831" lat="33.561851"><ele>82.003799</ele><time>2021-02-13T14:54:06Z</time><extensions><speed>1.380326</speed><course>242.578125</course><hAcc>0.876899</hAcc><vAcc>0.687254</vAcc></extensions></trkpt>
      <trkpt lon="-82.151817" lat="33.561855"><ele>81.985825</ele><time>2021-02-13T14:54:07Z</time><extensions><speed>1.379639</speed><course>238.710938</course><hAcc>0.876896</hAcc><vAcc>0.687252</vAcc></extensions></trkpt>
      <trkpt lon="-82.151803" lat="33.561859"><ele>81.969536</ele><time>2021-02-13T14:54:08Z</time><extensions><speed>1.378846</speed><course>253.476562</course><hAcc>0.876894</hAcc><vAcc>0.687250</vAcc></extensions></trkpt>
      <trkpt lon="-82.151789" lat="33.561864"><ele>81.955055</ele><time>2021-02-13T14:54:09Z</time><extensions><speed>1.378131</speed><course>291.093750</course><hAcc>0.876892</hAcc><vAcc>0.687248</vAcc></extensions></trkpt>
      <trkpt lon="-82.151775" lat="33.561868"><ele>81.942551</ele><time>2021-02-13T14:54:10Z</time><extensions><speed>1.377667</speed><course>309.375000</course><hAcc>0.876890</hAcc><vAcc>0.687247</vAcc></extensions></trkpt>
      <trkpt lon="-82.151761" lat="33.561872"><ele>81.932144</ele><time>2021-02-13T14:54:11Z</time><extensions><speed>1.377538</speed><course>307.617188</course><hAcc>0.876890</hAcc><vAcc>0.687246</vAcc></extensions></trkpt>
      <trkpt lon="-82.151747" lat="33.561877"><ele>81.923714</ele><time>2021-02-13T14:54:12Z</time><extensions><speed>1.377917</speed><course>304.453125</course><hAcc>0.876889</hAcc><vAcc>0.687246</vAcc></extensions></trkpt>
      <trkpt lon="-82.151733" lat="33.561881"><ele>81.916908</ele><time>2021-02-13T14:54:13Z</time><extensions><speed>1.379042</speed><course>317.109375</course><hAcc>0.876888</hAcc><vAcc>0.687245</vAcc></extensions></trkpt>
      <trkpt lon="-82.151720" lat="33.561886"><ele>81.911362</ele><time>2021-02-13T14:54:14Z</time><extensions><speed>1.381169</speed><course>319.570312</course><hAcc>0.876888</hAcc><vAcc>0.687245</vAcc></extensions></trkpt>
      <trkpt lon="-82.151706" lat="33.561891"><ele>81.906677</ele><time>2021-02-13T14:54:15Z</time><extensions><speed>1.384456</speed><course>320.976562</course><hAcc>0.876888</hAcc><vAcc>0.687244</vAcc></extensions></trkpt>
      <trkpt lon="-82.151692" lat="33.561896"><ele>81.902504</ele><time>2021-02-13T14:54:16Z</time><extensions><speed>1.388921</speed><course>314.296875</course><hAcc>0.876887</hAcc><vAcc>0.687244</vAcc></extensions></trkpt>
      <trkpt lon="-82.151678" lat="33.561900"><ele>81.898643</ele><time>2021-02-13T14:54:17Z</time><extensions><speed>1.394684</speed><course>301.289062</course><hAcc>0.876887</hAcc><vAcc>0.687244</vAcc></extensions></trkpt>
      <trkpt lon="-82.151664" lat="33.561905"><ele>81.895233</ele><time>2021-02-13T14:54:18Z</time><extensions><speed>1.401866</speed><course>296.718750</course><hAcc>0.876887</hAcc><vAcc>0.687244</vAcc></extensions></trkpt>
      <trkpt lon="-82.151650" lat="33.561910"><ele>81.892647</ele><time>2021-02-13T14:54:19Z</time><extensions><speed>1.410342</speed><course>286.171875</course><hAcc>0.876887</hAcc><vAcc>0.687244</vAcc></extensions></trkpt>
      <trkpt lon="-82.151636" lat="33.561915"><ele>81.891228</ele><time>2021-02-13T14:54:20Z</time><extensions><speed>1.419969</speed><course>292.851562</course><hAcc>0.876887</hAcc><vAcc>0.687244</vAcc></extensions></trkpt>
      <trkpt lon="-82.151622" lat="33.561920"><ele>81.891296</ele><time>2021-02-13T14:54:21Z</time><extensions><speed>1.430846</speed><course>283.359375</course><hAcc>0.876887</hAcc><vAcc>0.687244</vAcc></extensions></trkpt>
      <trkpt lon="-82.151608" lat="33.561925"><ele>81.893219</ele><time>2021-02-13T14:54:22Z</time><extensions><speed>1.443304</speed><course>282.304688</course><hAcc>0.876887</hAcc><vAcc>0.687244</vAcc></extensions></trkpt>
      <trkpt lon="-82.151593" lat="33.561930"><ele>81.897400</ele><time>2021-02-13T14:54:23Z</time><extensions><speed>1.457521</speed><course>277.031250</course><hAcc>0.876887</hAcc><vAcc>0.687244</vAcc></extensions></trkpt>
      <trkpt lon="-82.151579" lat="33.561935"><ele>81.904243</ele><time>2021-02-13T14:54:24Z</time><extensions><speed>1.473204</speed><course>272.460938</course><hAcc>0.876887</hAcc><vAcc>0.687243</vAcc></extensions></trkpt>
      <trkpt lon="-82.151564" lat="33.561941"><ele>81.914307</ele><time>2021-02-13T14:54:25Z</time><extensions><speed>1.489789</speed><course>273.515625</course><hAcc>0.876887</hAcc><vAcc>0.687243</vAcc></extensions></trkpt>
      <trkpt lon="-82.151550" lat="33.561946"><ele>81.928223</ele><time>2021-02-13T14:54:26Z</time><extensions><speed>1.506502</speed><course>273.164062</course><hAcc>0.876887</hAcc><vAcc>0.687243</vAcc></extensions></trkpt>
      <trkpt lon="-82.151535" lat="33.561952"><ele>81.946640</ele><time>2021-02-13T14:54:27Z</time><extensions><speed>1.522330</speed><course>293.203125</course><hAcc>0.876887</hAcc><vAcc>0.687243</vAcc></extensions></trkpt>
      <trkpt lon="-82.151520" lat="33.561958"><ele>81.970024</ele><time>2021-02-13T14:54:28Z</time><extensions><speed>1.536259</speed><course>301.992188</course><hAcc>0.876887</hAcc><vAcc>0.687243</vAcc></extensions></trkpt>
      <trkpt lon="-82.151505" lat="33.561964"><ele>81.998634</ele><time>2021-02-13T14:54:29Z</time><extensions><speed>1.547445</speed><course>307.265625</course><hAcc>0.876887</hAcc><vAcc>0.687243</vAcc></extensions></trkpt>
      <trkpt lon="-82.151490" lat="33.561970"><ele>82.032455</ele><time>2021-02-13T14:54:30Z</time><extensions><speed>1.555152</speed><course>304.101562</course><hAcc>0.876887</hAcc><vAcc>0.687243</vAcc></extensions></trkpt>
      <trkpt lon="-82.151475" lat="33.561977"><ele>82.071274</ele><time>2021-02-13T14:54:31Z</time><extensions><speed>1.558764</speed><course>313.593750</course><hAcc>0.876887</hAcc><vAcc>0.687243</vAcc></extensions></trkpt>
      <trkpt lon="-82.151461" lat="33.561984"><ele>82.114815</ele><time>2021-02-13T14:54:32Z</time><extensions><speed>1.557860</speed><course>307.265625</course><hAcc>0.876887</hAcc><vAcc>0.687243</vAcc></extensions></trkpt>
      <trkpt lon="-82.151447" lat="33.561991"><ele>82.162674</ele><time>2021-02-13T14:54:33Z</time><extensions><speed>1.552187</speed><course>281.953125</course><hAcc>0.876887</hAcc><vAcc>0.687243</vAcc></extensions></trkpt>
      <trkpt lon="-82.151433" lat="33.561999"><ele>82.214371</ele><time>2021-02-13T14:54:34Z</time><extensions><speed>1.542107</speed><course>233.085938</course><hAcc>0.876887</hAcc><vAcc>0.687243</vAcc></extensions></trkpt>
      <trkpt lon="-82.151419" lat="33.562007"><ele>82.269501</ele><time>2021-02-13T14:54:35Z</time><extensions><speed>1.528603</speed><course>250.312500</course><hAcc>0.876887</hAcc><vAcc>0.687243</vAcc></extensions></trkpt>
      <trkpt lon="-82.151406" lat="33.562015"><ele>82.327782</ele><time>2021-02-13T14:54:36Z</time><extensions><speed>1.512613</speed><course>268.593750</course><hAcc>0.876887</hAcc><vAcc>0.687243</vAcc></extensions></trkpt>
      <trkpt lon="-82.151393" lat="33.562023"><ele>82.389000</ele><time>2021-02-13T14:54:37Z</time><extensions><speed>1.494678</speed><course>278.437500</course><hAcc>0.876887</hAcc><vAcc>0.687243</vAcc></extensions></trkpt>
      <trkpt lon="-82.151381" lat="33.562032"><ele>82.453011</ele><time>2021-02-13T14:54:38Z</time><extensions><speed>1.475106</speed><course>278.437500</course><hAcc>0.876887</hAcc><vAcc>0.687243</vAcc></extensions></trkpt>
      <trkpt lon="-82.151369" lat="33.562040"><ele>82.519783</ele><time>2021-02-13T14:54:39Z</time><extensions><speed>1.454269</speed><course>278.789062</course><hAcc>0.876887</hAcc><vAcc>0.687243</vAcc></extensions></trkpt>
      <trkpt lon="-82.151357" lat="33.562049"><ele>82.589294</ele><time>2021-02-13T14:54:40Z</time><extensions><speed>1.432494</speed><course>280.898438</course><hAcc>0.876887</hAcc><vAcc>0.687243</vAcc></extensions></trkpt>
      <trkpt lon="-82.151346" lat="33.562058"><ele>82.661537</ele><time>2021-02-13T14:54:41Z</time><extensions><speed>1.410257</speed><course>273.164062</course><hAcc>0.876887</hAcc><vAcc>0.687243</vAcc></extensions></trkpt>
      <trkpt lon="-82.151335" lat="33.562066"><ele>82.736504</ele><time>2021-02-13T14:54:42Z</time><extensions><speed>1.388459</speed><course>285.468750</course><hAcc>0.876887</hAcc><vAcc>0.687243</vAcc></extensions></trkpt>
      <trkpt lon="-82.151324" lat="33.562075"><ele>82.814285</ele><time>2021-02-13T14:54:43Z</time><extensions><speed>1.367824</speed><course>291.093750</course><hAcc>0.876887</hAcc><vAcc>0.687243</vAcc></extensions></trkpt>
      <trkpt lon="-82.151313" lat="33.562083"><ele>82.895004</ele><time>2021-02-13T14:54:44Z</time><extensions><speed>1.348383</speed><course>293.906250</course><hAcc>0.876887</hAcc><vAcc>0.687243</vAcc></extensions></trkpt>
      <trkpt lon="-82.151303" lat="33.562092"><ele>82.978844</ele><time>2021-02-13T14:54:45Z</time><extensions><speed>1.329766</speed><course>278.437500</course><hAcc>0.876887</hAcc><vAcc>0.687243</vAcc></extensions></trkpt>
      <trkpt lon="-82.151293" lat="33.562100"><ele>83.065948</ele><time>2021-02-13T14:54:46Z</time><extensions><speed>1.311699</speed><course>254.882812</course><hAcc>0.876887</hAcc><vAcc>0.687243</vAcc></extensions></trkpt>
      <trkpt lon="-82.151283" lat="33.562108"><ele>83.156372</ele><time>2021-02-13T14:54:47Z</time><extensions><speed>1.293905</speed><course>244.335938</course><hAcc>0.876887</hAcc><vAcc>0.687243</vAcc></extensions></trkpt>
      <trkpt lon="-82.151273" lat="33.562116"><ele>83.250046</ele><time>2021-02-13T14:54:48Z</time><extensions><speed>1.275900</speed><course>248.906250</course><hAcc>0.876887</hAcc><vAcc>0.687243</vAcc></extensions></trkpt>
      <trkpt lon="-82.151263" lat="33.562124"><ele>83.346802</ele><time>2021-02-13T14:54:49Z</time><extensions><speed>1.257306</speed><course>254.882812</course><hAcc>0.876887</hAcc><vAcc>0.687243</vAcc></extensions></trkpt>
      <trkpt lon="-82.151253" lat="33.562131"><ele>83.446381</ele><time>2021-02-13T14:54:50Z</time><extensions><speed>1.238256</speed><course>249.609375</course><hAcc>0.876887</hAcc><vAcc>0.687243</vAcc></extensions></trkpt>
      <trkpt lon="-82.151243" lat="33.562139"><ele>83.548584</ele><time>2021-02-13T14:54:51Z</time><extensions><speed>1.219387</speed><course>276.679688</course><hAcc>0.876887</hAcc><vAcc>0.687243</vAcc></extensions></trkpt>
      <trkpt lon="-82.151233" lat="33.562146"><ele>83.653114</ele><time>2021-02-13T14:54:52Z</time><extensions><speed>1.201350</speed><course>266.484375</course><hAcc>0.876887</hAcc><vAcc>0.687243</vAcc></extensions></trkpt>
      <trkpt lon="-82.151223" lat="33.562152"><ele>83.759583</ele><time>2021-02-13T14:54:53Z</time><extensions><speed>1.184561</speed><course>261.562500</course><hAcc>0.876887</hAcc><vAcc>0.687243</vAcc></extensions></trkpt>
      <trkpt lon="-82.151212" lat="33.562158"><ele>83.867493</ele><time>2021-02-13T14:54:54Z</time><extensions><speed>1.169364</speed><course>256.992188</course><hAcc>0.876888</hAcc><vAcc>0.687243</vAcc></extensions></trkpt>
      <trkpt lon="-82.151202" lat="33.562164"><ele>83.976288</ele><time>2021-02-13T14:54:55Z</time><extensions><speed>1.156257</speed><course>256.289062</course><hAcc>0.876888</hAcc><vAcc>0.687243</vAcc></extensions></trkpt>
      <trkpt lon="-82.151191" lat="33.562169"><ele>84.085373</ele><time>2021-02-13T14:54:56Z</time><extensions><speed>1.145650</speed><course>264.375000</course><hAcc>0.876888</hAcc><vAcc>0.687243</vAcc></extensions></trkpt>
      <trkpt lon="-82.151180" lat="33.562174"><ele>84.194031</ele><time>2021-02-13T14:54:57Z</time><extensions><speed>1.137695</speed><course>273.515625</course><hAcc>0.876888</hAcc><vAcc>0.687243</vAcc></extensions></trkpt>
      <trkpt lon="-82.151169" lat="33.562178"><ele>84.301468</ele><time>2021-02-13T14:54:58Z</time><extensions><speed>1.133201</speed><course>278.789062</course><hAcc>0.876888</hAcc><vAcc>0.687243</vAcc></extensions></trkpt>
      <trkpt lon="-82.151157" lat="33.562182"><ele>84.406876</ele><time>2021-02-13T14:54:59Z</time><extensions><speed>1.133581</speed><course>280.195312</course><hAcc>0.876888</hAcc><vAcc>0.687243</vAcc></extensions></trkpt>
      <trkpt lon="-82.151146" lat="33.562184"><ele>84.509453</ele><time>2021-02-13T14:55:00Z</time><extensions><speed>1.139896</speed><course>277.031250</course><hAcc>0.876888</hAcc><vAcc>0.687243</vAcc></extensions></trkpt>
      <trkpt lon="-82.151134" lat="33.562187"><ele>84.608467</ele><time>2021-02-13T14:55:01Z</time><extensions><speed>1.152724</speed><course>274.570312</course><hAcc>0.876888</hAcc><vAcc>0.687243</vAcc></extensions></trkpt>
      <trkpt lon="-82.151121" lat="33.562188"><ele>84.703300</ele><time>2021-02-13T14:55:02Z</time><extensions><speed>1.172066</speed><course>265.078125</course><hAcc>0.876888</hAcc><vAcc>0.687243</vAcc></extensions></trkpt>
      <trkpt lon="-82.151108" lat="33.562188"><ele>84.793518</ele><time>2021-02-13T14:55:03Z</time><extensions><speed>1.197512</speed><course>232.031250</course><hAcc>0.876888</hAcc><vAcc>0.687243</vAcc></extensions></trkpt>
      <trkpt lon="-82.151095" lat="33.562188"><ele>84.878998</ele><time>2021-02-13T14:55:04Z</time><extensions><speed>1.228318</speed><course>229.570312</course><hAcc>0.876888</hAcc><vAcc>0.687243</vAcc></extensions></trkpt>
      <trkpt lon="-82.151082" lat="33.562187"><ele>84.959785</ele><time>2021-02-13T14:55:05Z</time><extensions><speed>1.262767</speed><course>261.914062</course><hAcc>0.876888</hAcc><vAcc>0.687243</vAcc></extensions></trkpt>
      <trkpt lon="-82.151069" lat="33.562185"><ele>85.035980</ele><time>2021-02-13T14:55:06Z</time><extensions><speed>1.297970</speed><course>259.804688</course><hAcc>0.876888</hAcc><vAcc>0.687242</vAcc></extensions></trkpt>
      <trkpt lon="-82.151055" lat="33.562182"><ele>85.107887</ele><time>2021-02-13T14:55:07Z</time><extensions><speed>1.331149</speed><course>279.492188</course><hAcc>0.876888</hAcc><vAcc>0.687242</vAcc></extensions></trkpt>
      <trkpt lon="-82.151041" lat="33.562178"><ele>85.175980</ele><time>2021-02-13T14:55:08Z</time><extensions><speed>1.360569</speed><course>268.945312</course><hAcc>0.876888</hAcc><vAcc>0.687242</vAcc></extensions></trkpt>
      <trkpt lon="-82.151028" lat="33.562173"><ele>85.240906</ele><time>2021-02-13T14:55:09Z</time><extensions><speed>1.385090</speed><course>265.429688</course><hAcc>0.876888</hAcc><vAcc>0.687242</vAcc></extensions></trkpt>
      <trkpt lon="-82.151014" lat="33.562167"><ele>85.303474</ele><time>2021-02-13T14:55:10Z</time><extensions><speed>1.404249</speed><course>291.796875</course><hAcc>0.876888</hAcc><vAcc>0.687242</vAcc></extensions></trkpt>
      <trkpt lon="-82.151001" lat="33.562161"><ele>85.364586</ele><time>2021-02-13T14:55:11Z</time><extensions><speed>1.418427</speed><course>306.210938</course><hAcc>0.876888</hAcc><vAcc>0.687242</vAcc></extensions></trkpt>
      <trkpt lon="-82.150988" lat="33.562154"><ele>85.425110</ele><time>2021-02-13T14:55:12Z</time><extensions><speed>1.428422</speed><course>311.835938</course><hAcc>0.876888</hAcc><vAcc>0.687242</vAcc></extensions></trkpt>
      <trkpt lon="-82.150975" lat="33.562147"><ele>85.485695</ele><time>2021-02-13T14:55:13Z</time><extensions><speed>1.435463</speed><course>287.226562</course><hAcc>0.876888</hAcc><vAcc>0.687243</vAcc></extensions></trkpt>
      <trkpt lon="-82.150963" lat="33.562139"><ele>85.546600</ele><time>2021-02-13T14:55:14Z</time><extensions><speed>1.441377</speed><course>270.703125</course><hAcc>0.876888</hAcc><vAcc>0.687243</vAcc></extensions></trkpt>
      <trkpt lon="-82.150951" lat="33.562131"><ele>85.607826</ele><time>2021-02-13T14:55:15Z</time><extensions><speed>1.448018</speed><course>269.648438</course><hAcc>0.876888</hAcc><vAcc>0.687243</vAcc></extensions></trkpt>
      <trkpt lon="-82.150939" lat="33.562122"><ele>85.669228</ele><time>2021-02-13T14:55:16Z</time><extensions><speed>1.456402</speed><course>255.585938</course><hAcc>0.876888</hAcc><vAcc>0.687243</vAcc></extensions></trkpt>
      <trkpt lon="-82.150928" lat="33.562113"><ele>85.730690</ele><time>2021-02-13T14:55:17Z</time><extensions><speed>1.466220</speed><course>249.960938</course><hAcc>0.876888</hAcc><vAcc>0.687243</vAcc></extensions></trkpt>
      <trkpt lon="-82.150918" lat="33.562103"><ele>85.792107</ele><time>2021-02-13T14:55:18Z</time><extensions><speed>1.476172</speed><course>247.500000</course><hAcc>0.876888</hAcc><vAcc>0.687243</vAcc></extensions></trkpt>
      <trkpt lon="-82.150907" lat="33.562093"><ele>85.853447</ele><time>2021-02-13T14:55:19Z</time><extensions><speed>1.484898</speed><course>255.234375</course><hAcc>0.876888</hAcc><vAcc>0.687243</vAcc></extensions></trkpt>
      <trkpt lon="-82.150897" lat="33.562082"><ele>85.914711</ele><time>2021-02-13T14:55:20Z</time><extensions><speed>1.491489</speed><course>258.398438</course><hAcc>0.876888</hAcc><vAcc>0.687243</vAcc></extensions></trkpt>
      <trkpt lon="-82.150888" lat="33.562071"><ele>85.975883</ele><time>2021-02-13T14:55:21Z</time><extensions><speed>1.495333</speed><course>248.906250</course><hAcc>0.876888</hAcc><vAcc>0.687243</vAcc></extensions></trkpt>
      <trkpt lon="-82.150879" lat="33.562060"><ele>86.036804</ele><time>2021-02-13T14:55:22Z</time><extensions><speed>1.496215</speed><course>239.414062</course><hAcc>0.876888</hAcc><vAcc>0.687243</vAcc></extensions></trkpt>
      <trkpt lon="-82.150870" lat="33.562049"><ele>86.097160</ele><time>2021-02-13T14:55:23Z</time><extensions><speed>1.494460</speed><course>230.625000</course><hAcc>0.876888</hAcc><vAcc>0.687243</vAcc></extensions></trkpt>
      <trkpt lon="-82.150862" lat="33.562037"><ele>86.156555</ele><time>2021-02-13T14:55:24Z</time><extensions><speed>1.490666</speed><course>245.390625</course><hAcc>0.876888</hAcc><vAcc>0.687243</vAcc></extensions></trkpt>
      <trkpt lon="-82.150855" lat="33.562025"><ele>86.214546</ele><time>2021-02-13T14:55:25Z</time><extensions><speed>1.485368</speed><course>259.453125</course><hAcc>0.876888</hAcc><vAcc>0.687243</vAcc></extensions></trkpt>
      <trkpt lon="-82.150849" lat="33.562013"><ele>86.270813</ele><time>2021-02-13T14:55:26Z</time><extensions><speed>1.478931</speed><course>280.195312</course><hAcc>0.876888</hAcc><vAcc>0.687243</vAcc></extensions></trkpt>
      <trkpt lon="-82.150843" lat="33.562000"><ele>86.325172</ele><time>2021-02-13T14:55:27Z</time><extensions><speed>1.471575</speed><course>288.281250</course><hAcc>0.876887</hAcc><vAcc>0.687243</vAcc></extensions></trkpt>
      <trkpt lon="-82.150838" lat="33.561988"><ele>86.377701</ele><time>2021-02-13T14:55:28Z</time><extensions><speed>1.463686</speed><course>281.250000</course><hAcc>0.876887</hAcc><vAcc>0.687243</vAcc></extensions></trkpt>
      <trkpt lon="-82.150834" lat="33.561975"><ele>86.428658</ele><time>2021-02-13T14:55:29Z</time><extensions><speed>1.455983</speed><course>280.546875</course><hAcc>0.876887</hAcc><vAcc>0.687243</vAcc></extensions></trkpt>
      <trkpt lon="-82.150830" lat="33.561962"><ele>86.478302</ele><time>2021-02-13T14:55:30Z</time><extensions><speed>1.449084</speed><course>255.585938</course><hAcc>0.876887</hAcc><vAcc>0.687243</vAcc></extensions></trkpt>
      <trkpt lon="-82.150828" lat="33.561949"><ele>86.526855</ele><time>2021-02-13T14:55:31Z</time><extensions><speed>1.443133</speed><course>262.617188</course><hAcc>0.876887</hAcc><vAcc>0.687243</vAcc></extensions></trkpt>
      <trkpt lon="-82.150826" lat="33.561937"><ele>86.574432</ele><time>2021-02-13T14:55:32Z</time><extensions><speed>1.437531</speed><course>258.046875</course><hAcc>0.876887</hAcc><vAcc>0.687243</vAcc></extensions></trkpt>
      <trkpt lon="-82.150824" lat="33.561924"><ele>86.621071</ele><time>2021-02-13T14:55:33Z</time><extensions><speed>1.430795</speed><course>268.593750</course><hAcc>0.876887</hAcc><vAcc>0.687243</vAcc></extensions></trkpt>
      <trkpt lon="-82.150823" lat="33.561911"><ele>86.666817</ele><time>2021-02-13T14:55:34Z</time><extensions><speed>1.421323</speed><course>268.242188</course><hAcc>0.876887</hAcc><vAcc>0.687243</vAcc></extensions></trkpt>
      <trkpt lon="-82.150822" lat="33.561898"><ele>86.711807</ele><time>2021-02-13T14:55:35Z</time><extensions><speed>1.408769</speed><course>266.835938</course><hAcc>0.876887</hAcc><vAcc>0.687243</vAcc></extensions></trkpt>
      <trkpt lon="-82.150822" lat="33.561886"><ele>86.756165</ele><time>2021-02-13T14:55:36Z</time><extensions><speed>1.394071</speed><course>260.859375</course><hAcc>0.876887</hAcc><vAcc>0.687243</vAcc></extensions></trkpt>
      <trkpt lon="-82.150822" lat="33.561873"><ele>86.799942</ele><time>2021-02-13T14:55:37Z</time><extensions><speed>1.378531</speed><course>255.585938</course><hAcc>0.876887</hAcc><vAcc>0.687243</vAcc></extensions></trkpt>
      <trkpt lon="-82.150822" lat="33.561861"><ele>86.843163</ele><time>2021-02-13T14:55:38Z</time><extensions><speed>1.363387</speed><course>246.445312</course><hAcc>0.876887</hAcc><vAcc>0.687243</vAcc></extensions></trkpt>
      <trkpt lon="-82.150821" lat="33.561848"><ele>86.885918</ele><time>2021-02-13T14:55:39Z</time><extensions><speed>1.349621</speed><course>207.773438</course><hAcc>0.876887</hAcc><vAcc>0.687243</vAcc></extensions></trkpt>
      <trkpt lon="-82.150821" lat="33.561836"><ele>86.928307</ele><time>2021-02-13T14:55:40Z</time><extensions><speed>1.338101</speed><course>177.890625</course><hAcc>0.876887</hAcc><vAcc>0.687243</vAcc></extensions></trkpt>
      <trkpt lon="-82.150820" lat="33.561824"><ele>86.970360</ele><time>2021-02-13T14:55:41Z</time><extensions><speed>1.329625</speed><course>184.570312</course><hAcc>0.876887</hAcc><vAcc>0.687243</vAcc></extensions></trkpt>
      <trkpt lon="-82.150820" lat="33.561812"><ele>87.012001</ele><time>2021-02-13T14:55:42Z</time><extensions><speed>1.324842</speed><course>246.445312</course><hAcc>0.876887</hAcc><vAcc>0.687243</vAcc></extensions></trkpt>
      <trkpt lon="-82.150819" lat="33.561800"><ele>87.053017</ele><time>2021-02-13T14:55:43Z</time><extensions><speed>1.324254</speed><course>258.750000</course><hAcc>0.876887</hAcc><vAcc>0.687243</vAcc></extensions></trkpt>
      <trkpt lon="-82.150818" lat="33.561789"><ele>87.093109</ele><time>2021-02-13T14:55:44Z</time><extensions><speed>1.328191</speed><course>259.804688</course><hAcc>0.876887</hAcc><vAcc>0.687243</vAcc></extensions></trkpt>
      <trkpt lon="-82.150816" lat="33.561777"><ele>87.131935</ele><time>2021-02-13T14:55:45Z</time><extensions><speed>1.336818</speed><course>256.992188</course><hAcc>0.876887</hAcc><vAcc>0.687243</vAcc></extensions></trkpt>
      <trkpt lon="-82.150815" lat="33.561764"><ele>87.169037</ele><time>2021-02-13T14:55:46Z</time><extensions><speed>1.350005</speed><course>270.703125</course><hAcc>0.876887</hAcc><vAcc>0.687243</vAcc></extensions></trkpt>
      <trkpt lon="-82.150814" lat="33.561752"><ele>87.203873</ele><time>2021-02-13T14:55:47Z</time><extensions><speed>1.367287</speed><course>275.976562</course><hAcc>0.876887</hAcc><vAcc>0.687243</vAcc></extensions></trkpt>
      <trkpt lon="-82.150814" lat="33.561740"><ele>87.235855</ele><time>2021-02-13T14:55:48Z</time><extensions><speed>1.388148</speed><course>278.437500</course><hAcc>0.876887</hAcc><vAcc>0.687243</vAcc></extensions></trkpt>
      <trkpt lon="-82.150813" lat="33.561727"><ele>87.264496</ele><time>2021-02-13T14:55:49Z</time><extensions><speed>1.412125</speed><course>283.359375</course><hAcc>0.876887</hAcc><vAcc>0.687243</vAcc></extensions></trkpt>
      <trkpt lon="-82.150813" lat="33.561714"><ele>87.289528</ele><time>2021-02-13T14:55:50Z</time><extensions><speed>1.438461</speed><course>293.203125</course><hAcc>0.876887</hAcc><vAcc>0.687243</vAcc></extensions></trkpt>
      <trkpt lon="-82.150813" lat="33.561701"><ele>87.310997</ele><time>2021-02-13T14:55:51Z</time><extensions><speed>1.465830</speed><course>294.257812</course><hAcc>0.876887</hAcc><vAcc>0.687243</vAcc></extensions></trkpt>
      <trkpt lon="-82.150814" lat="33.561688"><ele>87.329330</ele><time>2021-02-13T14:55:52Z</time><extensions><speed>1.492489</speed><course>299.882812</course><hAcc>0.876887</hAcc><vAcc>0.687243</vAcc></extensions></trkpt>
      <trkpt lon="-82.150815" lat="33.561674"><ele>87.345360</ele><time>2021-02-13T14:55:53Z</time><extensions><speed>1.516439</speed><course>286.523438</course><hAcc>0.876887</hAcc><vAcc>0.687243</vAcc></extensions></trkpt>
      <trkpt lon="-82.150816" lat="33.561661"><ele>87.360268</ele><time>2021-02-13T14:55:54Z</time><extensions><speed>1.535576</speed><course>280.195312</course><hAcc>0.876887</hAcc><vAcc>0.687243</vAcc></extensions></trkpt>
      <trkpt lon="-82.150817" lat="33.561647"><ele>87.375496</ele><time>2021-02-13T14:55:55Z</time><extensions><speed>1.548436</speed><course>270.703125</course><hAcc>0.876887</hAcc><vAcc>0.687243</vAcc></extensions></trkpt>
      <trkpt lon="-82.150818" lat="33.561633"><ele>87.392387</ele><time>2021-02-13T14:55:56Z</time><extensions><speed>1.554917</speed><course>282.304688</course><hAcc>0.876887</hAcc><vAcc>0.687243</vAcc></extensions></trkpt>
      <trkpt lon="-82.150819" lat="33.561619"><ele>87.411987</ele><time>2021-02-13T14:55:57Z</time><extensions><speed>1.556085</speed><course>294.609375</course><hAcc>0.876887</hAcc><vAcc>0.687243</vAcc></extensions></trkpt>
      <trkpt lon="-82.150820" lat="33.561605"><ele>87.434998</ele><time>2021-02-13T14:55:58Z</time><extensions><speed>1.553575</speed><course>299.179688</course><hAcc>0.876887</hAcc><vAcc>0.687243</vAcc></extensions></trkpt>
      <trkpt lon="-82.150820" lat="33.561591"><ele>87.461807</ele><time>2021-02-13T14:55:59Z</time><extensions><speed>1.549202</speed><course>300.234375</course><hAcc>0.876887</hAcc><vAcc>0.687243</vAcc></extensions></trkpt>
      <trkpt lon="-82.150820" lat="33.561577"><ele>87.492599</ele><time>2021-02-13T14:56:00Z</time><extensions><speed>1.544733</speed><course>294.960938</course><hAcc>0.876887</hAcc><vAcc>0.687244</vAcc></extensions></trkpt>
      <trkpt lon="-82.150819" lat="33.561563"><ele>87.527336</ele><time>2021-02-13T14:56:01Z</time><extensions><speed>1.541577</speed><course>292.500000</course><hAcc>0.876887</hAcc><vAcc>0.687244</vAcc></extensions></trkpt>
      <trkpt lon="-82.150818" lat="33.561549"><ele>87.565819</ele><time>2021-02-13T14:56:02Z</time><extensions><speed>1.540513</speed><course>293.906250</course><hAcc>0.876887</hAcc><vAcc>0.687244</vAcc></extensions></trkpt>
      <trkpt lon="-82.150816" lat="33.561535"><ele>87.607674</ele><time>2021-02-13T14:56:03Z</time><extensions><speed>1.541744</speed><course>300.585938</course><hAcc>0.876887</hAcc><vAcc>0.687244</vAcc></extensions></trkpt>
      <trkpt lon="-82.150813" lat="33.561522"><ele>87.652298</ele><time>2021-02-13T14:56:04Z</time><extensions><speed>1.545090</speed><course>300.234375</course><hAcc>0.876887</hAcc><vAcc>0.687244</vAcc></extensions></trkpt>
      <trkpt lon="-82.150811" lat="33.561508"><ele>87.699013</ele><time>2021-02-13T14:56:05Z</time><extensions><speed>1.550174</speed><course>291.445312</course><hAcc>0.876887</hAcc><vAcc>0.687244</vAcc></extensions></trkpt>
      <trkpt lon="-82.150808" lat="33.561494"><ele>87.747093</ele><time>2021-02-13T14:56:06Z</time><extensions><speed>1.556491</speed><course>298.476562</course><hAcc>0.876887</hAcc><vAcc>0.687244</vAcc></extensions></trkpt>
      <trkpt lon="-82.150805" lat="33.561480"><ele>87.795906</ele><time>2021-02-13T14:56:07Z</time><extensions><speed>1.563474</speed><course>305.859375</course><hAcc>0.876887</hAcc><vAcc>0.687244</vAcc></extensions></trkpt>
      <trkpt lon="-82.150802" lat="33.561466"><ele>87.844971</ele><time>2021-02-13T14:56:08Z</time><extensions><speed>1.570630</speed><course>306.562500</course><hAcc>0.876887</hAcc><vAcc>0.687244</vAcc></extensions></trkpt>
      <trkpt lon="-82.150799" lat="33.561452"><ele>87.893906</ele><time>2021-02-13T14:56:09Z</time><extensions><speed>1.577494</speed><course>293.554688</course><hAcc>0.876887</hAcc><vAcc>0.687244</vAcc></extensions></trkpt>
      <trkpt lon="-82.150796" lat="33.561438"><ele>87.942314</ele><time>2021-02-13T14:56:10Z</time><extensions><speed>1.583461</speed><course>280.898438</course><hAcc>0.876886</hAcc><vAcc>0.687244</vAcc></extensions></trkpt>
      <trkpt lon="-82.150794" lat="33.561424"><ele>87.989807</ele><time>2021-02-13T14:56:11Z</time><extensions><speed>1.587744</speed><course>273.164062</course><hAcc>0.876886</hAcc><vAcc>0.687244</vAcc></extensions></trkpt>
      <trkpt lon="-82.150792" lat="33.561410"><ele>88.036186</ele><time>2021-02-13T14:56:12Z</time><extensions><speed>1.589410</speed><course>268.242188</course><hAcc>0.876886</hAcc><vAcc>0.687244</vAcc></extensions></trkpt>
      <trkpt lon="-82.150790" lat="33.561396"><ele>88.081497</ele><time>2021-02-13T14:56:13Z</time><extensions><speed>1.588137</speed><course>272.460938</course><hAcc>0.876886</hAcc><vAcc>0.687244</vAcc></extensions></trkpt>
      <trkpt lon="-82.150790" lat="33.561381"><ele>88.125862</ele><time>2021-02-13T14:56:14Z</time><extensions><speed>1.585238</speed><course>285.468750</course><hAcc>0.876886</hAcc><vAcc>0.687244</vAcc></extensions></trkpt>
      <trkpt lon="-82.150790" lat="33.561367"><ele>88.169327</ele><time>2021-02-13T14:56:15Z</time><extensions><speed>1.583534</speed><course>292.500000</course><hAcc>0.876886</hAcc><vAcc>0.687244</vAcc></extensions></trkpt>
      <trkpt lon="-82.150791" lat="33.561353"><ele>88.211861</ele><time>2021-02-13T14:56:16Z</time><extensions><speed>1.585872</speed><course>296.015625</course><hAcc>0.876886</hAcc><vAcc>0.687244</vAcc></extensions></trkpt>
      <trkpt lon="-82.150793" lat="33.561339"><ele>88.253510</ele><time>2021-02-13T14:56:17Z</time><extensions><speed>1.593901</speed><course>293.906250</course><hAcc>0.876886</hAcc><vAcc>0.687244</vAcc></extensions></trkpt>
      <trkpt lon="-82.150795" lat="33.561324"><ele>88.294395</ele><time>2021-02-13T14:56:18Z</time><extensions><speed>1.607855</speed><course>292.148438</course><hAcc>0.876886</hAcc><vAcc>0.687244</vAcc></extensions></trkpt>
      <trkpt lon="-82.150798" lat="33.561310"><ele>88.334641</ele><time>2021-02-13T14:56:19Z</time><extensions><speed>1.627074</speed><course>283.359375</course><hAcc>0.876886</hAcc><vAcc>0.687244</vAcc></extensions></trkpt>
      <trkpt lon="-82.150802" lat="33.561295"><ele>88.374397</ele><time>2021-02-13T14:56:20Z</time><extensions><speed>1.650899</speed><course>297.773438</course><hAcc>0.876886</hAcc><vAcc>0.687244</vAcc></extensions></trkpt>
      <trkpt lon="-82.150806" lat="33.561281"><ele>88.413773</ele><time>2021-02-13T14:56:21Z</time><extensions><speed>1.678810</speed><course>309.375000</course><hAcc>0.876886</hAcc><vAcc>0.687244</vAcc></extensions></trkpt>
      <trkpt lon="-82.150809" lat="33.561266"><ele>88.452904</ele><time>2021-02-13T14:56:22Z</time><extensions><speed>1.710233</speed><course>323.437500</course><hAcc>0.876886</hAcc><vAcc>0.687244</vAcc></extensions></trkpt>
      <trkpt lon="-82.150813" lat="33.561251"><ele>88.491997</ele><time>2021-02-13T14:56:23Z</time><extensions><speed>1.744526</speed><course>319.921875</course><hAcc>0.876886</hAcc><vAcc>0.687244</vAcc></extensions></trkpt>
      <trkpt lon="-82.150816" lat="33.561235"><ele>88.531380</ele><time>2021-02-13T14:56:24Z</time><extensions><speed>1.781080</speed><course>314.648438</course><hAcc>0.876886</hAcc><vAcc>0.687244</vAcc></extensions></trkpt>
      <trkpt lon="-82.150818" lat="33.561219"><ele>88.571518</ele><time>2021-02-13T14:56:25Z</time><extensions><speed>1.819383</speed><course>307.265625</course><hAcc>0.876886</hAcc><vAcc>0.687244</vAcc></extensions></trkpt>
      <trkpt lon="-82.150820" lat="33.561202"><ele>88.612862</ele><time>2021-02-13T14:56:26Z</time><extensions><speed>1.858498</speed><course>305.156250</course><hAcc>0.876886</hAcc><vAcc>0.687245</vAcc></extensions></trkpt>
      <trkpt lon="-82.150821" lat="33.561185"><ele>88.655785</ele><time>2021-02-13T14:56:27Z</time><extensions><speed>1.896967</speed><course>320.976562</course><hAcc>0.876886</hAcc><vAcc>0.687245</vAcc></extensions></trkpt>
      <trkpt lon="-82.150822" lat="33.561168"><ele>88.700500</ele><time>2021-02-13T14:56:28Z</time><extensions><speed>1.933347</speed><course>332.929688</course><hAcc>0.876887</hAcc><vAcc>0.687245</vAcc></extensions></trkpt>
      <trkpt lon="-82.150821" lat="33.561150"><ele>88.746979</ele><time>2021-02-13T14:56:29Z</time><extensions><speed>1.966483</speed><course>338.906250</course><hAcc>0.876887</hAcc><vAcc>0.687245</vAcc></extensions></trkpt>
      <trkpt lon="-82.150821" lat="33.561133"><ele>88.795143</ele><time>2021-02-13T14:56:30Z</time><extensions><speed>1.995744</speed><course>292.500000</course><hAcc>0.876887</hAcc><vAcc>0.687245</vAcc></extensions></trkpt>
      <trkpt lon="-82.150820" lat="33.561115"><ele>88.845078</ele><time>2021-02-13T14:56:31Z</time><extensions><speed>2.020748</speed><course>299.179688</course><hAcc>0.876887</hAcc><vAcc>0.687246</vAcc></extensions></trkpt>
      <trkpt lon="-82.150819" lat="33.561096"><ele>88.896896</ele><time>2021-02-13T14:56:32Z</time><extensions><speed>2.040717</speed><course>293.554688</course><hAcc>0.876888</hAcc><vAcc>0.687246</vAcc></extensions></trkpt>
      <trkpt lon="-82.150817" lat="33.561078"><ele>88.950737</ele><time>2021-02-13T14:56:33Z</time><extensions><speed>2.054626</speed><course>286.171875</course><hAcc>0.876888</hAcc><vAcc>0.687247</vAcc></extensions></trkpt>
      <trkpt lon="-82.150816" lat="33.561059"><ele>89.006813</ele><time>2021-02-13T14:56:34Z</time><extensions><speed>2.061767</speed><course>284.765625</course><hAcc>0.876889</hAcc><vAcc>0.687247</vAcc></extensions></trkpt>
      <trkpt lon="-82.150814" lat="33.561041"><ele>89.065277</ele><time>2021-02-13T14:56:35Z</time><extensions><speed>2.062031</speed><course>276.679688</course><hAcc>0.876890</hAcc><vAcc>0.687248</vAcc></extensions></trkpt>
      <trkpt lon="-82.150813" lat="33.561022"><ele>89.126167</ele><time>2021-02-13T14:56:36Z</time><extensions><speed>2.055785</speed><course>273.867188</course><hAcc>0.876891</hAcc><vAcc>0.687249</vAcc></extensions></trkpt>
      <trkpt lon="-82.150812" lat="33.561004"><ele>89.189445</ele><time>2021-02-13T14:56:37Z</time><extensions><speed>2.043770</speed><course>281.953125</course><hAcc>0.876893</hAcc><vAcc>0.687251</vAcc></extensions></trkpt>
      <trkpt lon="-82.150811" lat="33.560985"><ele>89.254982</ele><time>2021-02-13T14:56:38Z</time><extensions><speed>2.027076</speed><course>272.812500</course><hAcc>0.876895</hAcc><vAcc>0.687253</vAcc></extensions></trkpt>
      <trkpt lon="-82.150811" lat="33.560967"><ele>89.322601</ele><time>2021-02-13T14:56:39Z</time><extensions><speed>2.006834</speed><course>262.968750</course><hAcc>0.876898</hAcc><vAcc>0.687255</vAcc></extensions></trkpt>
      <trkpt lon="-82.150811" lat="33.560949"><ele>89.392006</ele><time>2021-02-13T14:56:40Z</time><extensions><speed>1.983953</speed><course>208.828125</course><hAcc>0.876903</hAcc><vAcc>0.687258</vAcc></extensions></trkpt>
      <trkpt lon="-82.150811" lat="33.560932"><ele>89.462929</ele><time>2021-02-13T14:56:41Z</time><extensions><speed>1.958954</speed><course>235.898438</course><hAcc>0.876909</hAcc><vAcc>0.687263</vAcc></extensions></trkpt>
      <trkpt lon="-82.150812" lat="33.560914"><ele>89.535240</ele><time>2021-02-13T14:56:42Z</time><extensions><speed>1.932535</speed><course>299.179688</course><hAcc>0.876916</hAcc><vAcc>0.687269</vAcc></extensions></trkpt>
      <trkpt lon="-82.150814" lat="33.560897"><ele>89.608871</ele><time>2021-02-13T14:56:43Z</time><extensions><speed>1.906007</speed><course>297.421875</course><hAcc>0.876927</hAcc><vAcc>0.687276</vAcc></extensions></trkpt>
      <trkpt lon="-82.150816" lat="33.560880"><ele>89.683739</ele><time>2021-02-13T14:56:44Z</time><extensions><speed>1.880747</speed><course>318.164062</course><hAcc>0.876941</hAcc><vAcc>0.687286</vAcc></extensions></trkpt>
      <trkpt lon="-82.150818" lat="33.560863"><ele>89.759811</ele><time>2021-02-13T14:56:45Z</time><extensions><speed>1.857901</speed><course>316.406250</course><hAcc>0.876941</hAcc><vAcc>0.687286</vAcc></extensions></trkpt>
      <trkpt lon="-82.150820" lat="33.560846"><ele>89.836777</ele><time>2021-02-13T14:56:46Z</time><extensions><speed>1.838672</speed><course>311.484375</course><hAcc>0.876927</hAcc><vAcc>0.687276</vAcc></extensions></trkpt>
      <trkpt lon="-82.150823" lat="33.560830"><ele>89.914452</ele><time>2021-02-13T14:56:47Z</time><extensions><speed>1.824054</speed><course>286.875000</course><hAcc>0.876916</hAcc><vAcc>0.687269</vAcc></extensions></trkpt>
      <trkpt lon="-82.150825" lat="33.560814"><ele>89.992378</ele><time>2021-02-13T14:56:48Z</time><extensions><speed>1.814919</speed><course>284.062500</course><hAcc>0.876908</hAcc><vAcc>0.687263</vAcc></extensions></trkpt>
      <trkpt lon="-82.150828" lat="33.560798"><ele>90.069992</ele><time>2021-02-13T14:56:49Z</time><extensions><speed>1.811074</speed><course>256.289062</course><hAcc>0.876902</hAcc><vAcc>0.687259</vAcc></extensions></trkpt>
      <trkpt lon="-82.150831" lat="33.560781"><ele>90.146805</ele><time>2021-02-13T14:56:50Z</time><extensions><speed>1.810433</speed><course>267.890625</course><hAcc>0.876898</hAcc><vAcc>0.687256</vAcc></extensions></trkpt>
      <trkpt lon="-82.150834" lat="33.560765"><ele>90.222626</ele><time>2021-02-13T14:56:51Z</time><extensions><speed>1.809986</speed><course>273.867188</course><hAcc>0.876895</hAcc><vAcc>0.687253</vAcc></extensions></trkpt>
      <trkpt lon="-82.150836" lat="33.560749"><ele>90.297501</ele><time>2021-02-13T14:56:52Z</time><extensions><speed>1.807631</speed><course>268.242188</course><hAcc>0.876892</hAcc><vAcc>0.687251</vAcc></extensions></trkpt>
      <trkpt lon="-82.150838" lat="33.560733"><ele>90.371582</ele><time>2021-02-13T14:56:53Z</time><extensions><speed>1.802858</speed><course>281.601562</course><hAcc>0.876890</hAcc><vAcc>0.687250</vAcc></extensions></trkpt>
      <trkpt lon="-82.150840" lat="33.560717"><ele>90.445091</ele><time>2021-02-13T14:56:54Z</time><extensions><speed>1.796154</speed><course>281.601562</course><hAcc>0.876889</hAcc><vAcc>0.687249</vAcc></extensions></trkpt>
      <trkpt lon="-82.150842" lat="33.560701"><ele>90.518227</ele><time>2021-02-13T14:56:55Z</time><extensions><speed>1.788563</speed><course>286.171875</course><hAcc>0.876888</hAcc><vAcc>0.687248</vAcc></extensions></trkpt>
      <trkpt lon="-82.150843" lat="33.560685"><ele>90.591087</ele><time>2021-02-13T14:56:56Z</time><extensions><speed>1.781368</speed><course>294.609375</course><hAcc>0.876887</hAcc><vAcc>0.687247</vAcc></extensions></trkpt>
      <trkpt lon="-82.150843" lat="33.560669"><ele>90.663750</ele><time>2021-02-13T14:56:57Z</time><extensions><speed>1.775295</speed><course>277.382812</course><hAcc>0.876887</hAcc><vAcc>0.687247</vAcc></extensions></trkpt>
      <trkpt lon="-82.150844" lat="33.560653"><ele>90.736206</ele><time>2021-02-13T14:56:58Z</time><extensions><speed>1.770293</speed><course>275.625000</course><hAcc>0.876886</hAcc><vAcc>0.687247</vAcc></extensions></trkpt>
      <trkpt lon="-82.150844" lat="33.560637"><ele>90.808289</ele><time>2021-02-13T14:56:59Z</time><extensions><speed>1.766052</speed><course>263.320312</course><hAcc>0.876886</hAcc><vAcc>0.687246</vAcc></extensions></trkpt>
      <trkpt lon="-82.150843" lat="33.560621"><ele>90.879715</ele><time>2021-02-13T14:57:00Z</time><extensions><speed>1.762235</speed><course>148.710938</course><hAcc>0.876886</hAcc><vAcc>0.687246</vAcc></extensions></trkpt>
      <trkpt lon="-82.150843" lat="33.560605"><ele>90.950150</ele><time>2021-02-13T14:57:01Z</time><extensions><speed>1.758489</speed><course>251.367188</course><hAcc>0.876886</hAcc><vAcc>0.687246</vAcc></extensions></trkpt>
      <trkpt lon="-82.150842" lat="33.560589"><ele>91.019180</ele><time>2021-02-13T14:57:02Z</time><extensions><speed>1.754263</speed><course>253.476562</course><hAcc>0.876885</hAcc><vAcc>0.687246</vAcc></extensions></trkpt>
      <trkpt lon="-82.150841" lat="33.560573"><ele>91.086441</ele><time>2021-02-13T14:57:03Z</time><extensions><speed>1.748817</speed><course>259.453125</course><hAcc>0.876885</hAcc><vAcc>0.687246</vAcc></extensions></trkpt>
      <trkpt lon="-82.150839" lat="33.560558"><ele>91.151649</ele><time>2021-02-13T14:57:04Z</time><extensions><speed>1.741747</speed><course>263.671875</course><hAcc>0.876885</hAcc><vAcc>0.687246</vAcc></extensions></trkpt>
      <trkpt lon="-82.150838" lat="33.560542"><ele>91.214584</ele><time>2021-02-13T14:57:05Z</time><extensions><speed>1.733098</speed><course>264.726562</course><hAcc>0.876885</hAcc><vAcc>0.687246</vAcc></extensions></trkpt>
      <trkpt lon="-82.150837" lat="33.560526"><ele>91.275108</ele><time>2021-02-13T14:57:06Z</time><extensions><speed>1.722844</speed><course>262.617188</course><hAcc>0.876885</hAcc><vAcc>0.687246</vAcc></extensions></trkpt>
      <trkpt lon="-82.150836" lat="33.560511"><ele>91.333275</ele><time>2021-02-13T14:57:07Z</time><extensions><speed>1.710706</speed><course>248.906250</course><hAcc>0.876885</hAcc><vAcc>0.687246</vAcc></extensions></trkpt>
      <trkpt lon="-82.150834" lat="33.560496"><ele>91.389313</ele><time>2021-02-13T14:57:08Z</time><extensions><speed>1.696529</speed><course>233.789062</course><hAcc>0.876885</hAcc><vAcc>0.687246</vAcc></extensions></trkpt>
      <trkpt lon="-82.150833" lat="33.560480"><ele>91.443573</ele><time>2021-02-13T14:57:09Z</time><extensions><speed>1.680518</speed><course>220.781250</course><hAcc>0.876885</hAcc><vAcc>0.687246</vAcc></extensions></trkpt>
      <trkpt lon="-82.150832" lat="33.560465"><ele>91.496437</ele><time>2021-02-13T14:57:10Z</time><extensions><speed>1.663310</speed><course>217.617188</course><hAcc>0.876885</hAcc><vAcc>0.687246</vAcc></extensions></trkpt>
      <trkpt lon="-82.150831" lat="33.560451"><ele>91.548080</ele><time>2021-02-13T14:57:11Z</time><extensions><speed>1.645831</speed><course>228.867188</course><hAcc>0.876885</hAcc><vAcc>0.687246</vAcc></extensions></trkpt>
      <trkpt lon="-82.150830" lat="33.560436"><ele>91.598564</ele><time>2021-02-13T14:57:12Z</time><extensions><speed>1.629026</speed><course>247.851562</course><hAcc>0.876885</hAcc><vAcc>0.687246</vAcc></extensions></trkpt>
      <trkpt lon="-82.150828" lat="33.560421"><ele>91.647896</ele><time>2021-02-13T14:57:13Z</time><extensions><speed>1.613816</speed><course>261.562500</course><hAcc>0.876885</hAcc><vAcc>0.687246</vAcc></extensions></trkpt>
      <trkpt lon="-82.150827" lat="33.560407"><ele>91.696075</ele><time>2021-02-13T14:57:14Z</time><extensions><speed>1.601021</speed><course>248.554688</course><hAcc>0.876885</hAcc><vAcc>0.687246</vAcc></extensions></trkpt>
      <trkpt lon="-82.150825" lat="33.560392"><ele>91.743126</ele><time>2021-02-13T14:57:15Z</time><extensions><speed>1.591504</speed><course>236.250000</course><hAcc>0.876885</hAcc><vAcc>0.687246</vAcc></extensions></trkpt>
      <trkpt lon="-82.150824" lat="33.560378"><ele>91.789085</ele><time>2021-02-13T14:57:16Z</time><extensions><speed>1.586278</speed><course>224.648438</course><hAcc>0.876885</hAcc><vAcc>0.687246</vAcc></extensions></trkpt>
      <trkpt lon="-82.150822" lat="33.560364"><ele>91.833878</ele><time>2021-02-13T14:57:17Z</time><extensions><speed>1.586218</speed><course>209.179688</course><hAcc>0.876885</hAcc><vAcc>0.687246</vAcc></extensions></trkpt>
      <trkpt lon="-82.150820" lat="33.560350"><ele>91.877289</ele><time>2021-02-13T14:57:18Z</time><extensions><speed>1.591462</speed><course>200.039062</course><hAcc>0.876885</hAcc><vAcc>0.687246</vAcc></extensions></trkpt>
      <trkpt lon="-82.150818" lat="33.560335"><ele>91.918907</ele><time>2021-02-13T14:57:19Z</time><extensions><speed>1.601221</speed><course>195.117188</course><hAcc>0.876885</hAcc><vAcc>0.687246</vAcc></extensions></trkpt>
      <trkpt lon="-82.150816" lat="33.560321"><ele>91.958199</ele><time>2021-02-13T14:57:20Z</time><extensions><speed>1.614114</speed><course>197.929688</course><hAcc>0.876885</hAcc><vAcc>0.687246</vAcc></extensions></trkpt>
      <trkpt lon="-82.150814" lat="33.560307"><ele>91.994583</ele><time>2021-02-13T14:57:21Z</time><extensions><speed>1.628516</speed><course>202.500000</course><hAcc>0.876885</hAcc><vAcc>0.687246</vAcc></extensions></trkpt>
      <trkpt lon="-82.150812" lat="33.560292"><ele>92.027519</ele><time>2021-02-13T14:57:22Z</time><extensions><speed>1.642999</speed><course>198.632812</course><hAcc>0.876884</hAcc><vAcc>0.687246</vAcc></extensions></trkpt>
      <trkpt lon="-82.150810" lat="33.560277"><ele>92.056511</ele><time>2021-02-13T14:57:23Z</time><extensions><speed>1.656574</speed><course>187.382812</course><hAcc>0.876884</hAcc><vAcc>0.687246</vAcc></extensions></trkpt>
      <trkpt lon="-82.150808" lat="33.560262"><ele>92.081085</ele><time>2021-02-13T14:57:24Z</time><extensions><speed>1.668586</speed><course>182.812500</course><hAcc>0.876884</hAcc><vAcc>0.687246</vAcc></extensions></trkpt>
      <trkpt lon="-82.150806" lat="33.560247"><ele>92.100807</ele><time>2021-02-13T14:57:25Z</time><extensions><speed>1.678635</speed><course>170.859375</course><hAcc>0.876884</hAcc><vAcc>0.687246</vAcc></extensions></trkpt>
      <trkpt lon="-82.150805" lat="33.560232"><ele>92.115280</ele><time>2021-02-13T14:57:26Z</time><extensions><speed>1.687002</speed><course>171.914062</course><hAcc>0.876884</hAcc><vAcc>0.687246</vAcc></extensions></trkpt>
      <trkpt lon="-82.150804" lat="33.560217"><ele>92.124054</ele><time>2021-02-13T14:57:27Z</time><extensions><speed>1.694522</speed><course>178.945312</course><hAcc>0.876884</hAcc><vAcc>0.687246</vAcc></extensions></trkpt>
      <trkpt lon="-82.150804" lat="33.560202"><ele>92.126595</ele><time>2021-02-13T14:57:28Z</time><extensions><speed>1.701940</speed><course>181.406250</course><hAcc>0.876884</hAcc><vAcc>0.687246</vAcc></extensions></trkpt>
      <trkpt lon="-82.150804" lat="33.560186"><ele>92.122490</ele><time>2021-02-13T14:57:29Z</time><extensions><speed>1.709876</speed><course>190.898438</course><hAcc>0.876884</hAcc><vAcc>0.687246</vAcc></extensions></trkpt>
      <trkpt lon="-82.150805" lat="33.560171"><ele>92.111404</ele><time>2021-02-13T14:57:30Z</time><extensions><speed>1.718840</speed><course>171.562500</course><hAcc>0.876884</hAcc><vAcc>0.687246</vAcc></extensions></trkpt>
      <trkpt lon="-82.150806" lat="33.560155"><ele>92.093002</ele><time>2021-02-13T14:57:31Z</time><extensions><speed>1.729106</speed><course>170.507812</course><hAcc>0.876884</hAcc><vAcc>0.687246</vAcc></extensions></trkpt>
      <trkpt lon="-82.150808" lat="33.560140"><ele>92.066895</ele><time>2021-02-13T14:57:32Z</time><extensions><speed>1.740781</speed><course>157.851562</course><hAcc>0.876884</hAcc><vAcc>0.687246</vAcc></extensions></trkpt>
      <trkpt lon="-82.150811" lat="33.560124"><ele>92.032608</ele><time>2021-02-13T14:57:33Z</time><extensions><speed>1.753720</speed><course>167.695312</course><hAcc>0.876884</hAcc><vAcc>0.687247</vAcc></extensions></trkpt>
      <trkpt lon="-82.150814" lat="33.560108"><ele>91.989754</ele><time>2021-02-13T14:57:34Z</time><extensions><speed>1.767221</speed><course>195.820312</course><hAcc>0.876884</hAcc><vAcc>0.687247</vAcc></extensions></trkpt>
      <trkpt lon="-82.150819" lat="33.560093"><ele>91.938042</ele><time>2021-02-13T14:57:35Z</time><extensions><speed>1.779789</speed><course>197.929688</course><hAcc>0.876884</hAcc><vAcc>0.687247</vAcc></extensions></trkpt>
      <trkpt lon="-82.150823" lat="33.560077"><ele>91.877319</ele><time>2021-02-13T14:57:36Z</time><extensions><speed>1.789109</speed><course>214.101562</course><hAcc>0.876884</hAcc><vAcc>0.687247</vAcc></extensions></trkpt>
      <trkpt lon="-82.150829" lat="33.560062"><ele>91.807655</ele><time>2021-02-13T14:57:37Z</time><extensions><speed>1.792004</speed><course>165.234375</course><hAcc>0.876884</hAcc><vAcc>0.687247</vAcc></extensions></trkpt>
      <trkpt lon="-82.150835" lat="33.560047"><ele>91.729485</ele><time>2021-02-13T14:57:38Z</time><extensions><speed>1.785053</speed><course>169.804688</course><hAcc>0.876884</hAcc><vAcc>0.687247</vAcc></extensions></trkpt>
      <trkpt lon="-82.150841" lat="33.560031"><ele>91.643723</ele><time>2021-02-13T14:57:39Z</time><extensions><speed>1.765889</speed><course>142.382812</course><hAcc>0.876884</hAcc><vAcc>0.687247</vAcc></extensions></trkpt>
      <trkpt lon="-82.150848" lat="33.560017"><ele>91.551636</ele><time>2021-02-13T14:57:40Z</time><extensions><speed>1.733787</speed><course>196.171875</course><hAcc>0.876884</hAcc><vAcc>0.687247</vAcc></extensions></trkpt>
      <trkpt lon="-82.150854" lat="33.560002"><ele>91.454773</ele><time>2021-02-13T14:57:41Z</time><extensions><speed>1.689764</speed><course>215.507812</course><hAcc>0.876884</hAcc><vAcc>0.687247</vAcc></extensions></trkpt>
      <trkpt lon="-82.150861" lat="33.559988"><ele>91.354652</ele><time>2021-02-13T14:57:42Z</time><extensions><speed>1.636199</speed><course>207.421875</course><hAcc>0.876884</hAcc><vAcc>0.687247</vAcc></extensions></trkpt>
      <trkpt lon="-82.150867" lat="33.559975"><ele>91.252708</ele><time>2021-02-13T14:57:43Z</time><extensions><speed>1.576236</speed><course>286.171875</course><hAcc>0.876884</hAcc><vAcc>0.687247</vAcc></extensions></trkpt>
      <trkpt lon="-82.150872" lat="33.559961"><ele>91.150330</ele><time>2021-02-13T14:57:44Z</time><extensions><speed>1.513586</speed><course>236.601562</course><hAcc>0.876884</hAcc><vAcc>0.687247</vAcc></extensions></trkpt>
      <trkpt lon="-82.150876" lat="33.559949"><ele>91.048698</ele><time>2021-02-13T14:57:45Z</time><extensions><speed>1.452273</speed><course>203.554688</course><hAcc>0.876884</hAcc><vAcc>0.687247</vAcc></extensions></trkpt>
      <trkpt lon="-82.150880" lat="33.559936"><ele>90.948769</ele><time>2021-02-13T14:57:46Z</time><extensions><speed>1.396246</speed><course>205.312500</course><hAcc>0.876884</hAcc><vAcc>0.687247</vAcc></extensions></trkpt>
      <trkpt lon="-82.150882" lat="33.559924"><ele>90.851135</ele><time>2021-02-13T14:57:47Z</time><extensions><speed>1.348771</speed><course>172.968750</course><hAcc>0.876884</hAcc><vAcc>0.687247</vAcc></extensions></trkpt>
      <trkpt lon="-82.150884" lat="33.559912"><ele>90.756042</ele><time>2021-02-13T14:57:48Z</time><extensions><speed>1.311765</speed><course>186.328125</course><hAcc>0.876884</hAcc><vAcc>0.687247</vAcc></extensions></trkpt>
      <trkpt lon="-82.150884" lat="33.559900"><ele>90.663353</ele><time>2021-02-13T14:57:49Z</time><extensions><speed>1.285694</speed><course>188.789062</course><hAcc>0.876884</hAcc><vAcc>0.687247</vAcc></extensions></trkpt>
      <trkpt lon="-82.150884" lat="33.559889"><ele>90.572578</ele><time>2021-02-13T14:57:50Z</time><extensions><speed>1.269989</speed><course>195.468750</course><hAcc>0.876884</hAcc><vAcc>0.687247</vAcc></extensions></trkpt>
      <trkpt lon="-82.150883" lat="33.559877"><ele>90.482857</ele><time>2021-02-13T14:57:51Z</time><extensions><speed>1.263524</speed><course>195.117188</course><hAcc>0.876884</hAcc><vAcc>0.687247</vAcc></extensions></trkpt>
      <trkpt lon="-82.150882" lat="33.559866"><ele>90.393036</ele><time>2021-02-13T14:57:52Z</time><extensions><speed>1.264985</speed><course>194.414062</course><hAcc>0.876884</hAcc><vAcc>0.687247</vAcc></extensions></trkpt>
      <trkpt lon="-82.150880" lat="33.559855"><ele>90.301872</ele><time>2021-02-13T14:57:53Z</time><extensions><speed>1.273528</speed><course>192.304688</course><hAcc>0.876884</hAcc><vAcc>0.687247</vAcc></extensions></trkpt>
      <trkpt lon="-82.150879" lat="33.559843"><ele>90.208099</ele><time>2021-02-13T14:57:54Z</time><extensions><speed>1.289000</speed><course>190.546875</course><hAcc>0.876884</hAcc><vAcc>0.687247</vAcc></extensions></trkpt>
      <trkpt lon="-82.150877" lat="33.559831"><ele>90.110619</ele><time>2021-02-13T14:57:55Z</time><extensions><speed>1.311341</speed><course>185.976562</course><hAcc>0.876884</hAcc><vAcc>0.687247</vAcc></extensions></trkpt>
      <trkpt lon="-82.150876" lat="33.559819"><ele>90.008614</ele><time>2021-02-13T14:57:56Z</time><extensions><speed>1.340454</speed><course>188.437500</course><hAcc>0.876884</hAcc><vAcc>0.687247</vAcc></extensions></trkpt>
      <trkpt lon="-82.150876" lat="33.559807"><ele>89.901680</ele><time>2021-02-13T14:57:57Z</time><extensions><speed>1.376055</speed><course>195.117188</course><hAcc>0.876884</hAcc><vAcc>0.687247</vAcc></extensions></trkpt>
      <trkpt lon="-82.150876" lat="33.559795"><ele>89.789803</ele><time>2021-02-13T14:57:58Z</time><extensions><speed>1.416982</speed><course>203.554688</course><hAcc>0.876884</hAcc><vAcc>0.687247</vAcc></extensions></trkpt>
      <trkpt lon="-82.150876" lat="33.559782"><ele>89.673416</ele><time>2021-02-13T14:57:59Z</time><extensions><speed>1.460813</speed><course>204.960938</course><hAcc>0.876884</hAcc><vAcc>0.687247</vAcc></extensions></trkpt>
      <trkpt lon="-82.150876" lat="33.559768"><ele>89.553406</ele><time>2021-02-13T14:58:00Z</time><extensions><speed>1.504583</speed><course>203.554688</course><hAcc>0.876884</hAcc><vAcc>0.687247</vAcc></extensions></trkpt>
      <trkpt lon="-82.150877" lat="33.559755"><ele>89.431053</ele><time>2021-02-13T14:58:01Z</time><extensions><speed>1.545717</speed><course>210.234375</course><hAcc>0.876884</hAcc><vAcc>0.687247</vAcc></extensions></trkpt>
      <trkpt lon="-82.150877" lat="33.559740"><ele>89.307854</ele><time>2021-02-13T14:58:02Z</time><extensions><speed>1.582247</speed><course>208.476562</course><hAcc>0.876883</hAcc><vAcc>0.687247</vAcc></extensions></trkpt>
      <trkpt lon="-82.150878" lat="33.559726"><ele>89.185356</ele><time>2021-02-13T14:58:03Z</time><extensions><speed>1.612830</speed><course>216.210938</course><hAcc>0.876883</hAcc><vAcc>0.687247</vAcc></extensions></trkpt>
      <trkpt lon="-82.150878" lat="33.559711"><ele>89.065033</ele><time>2021-02-13T14:58:04Z</time><extensions><speed>1.636690</speed><course>192.656250</course><hAcc>0.876883</hAcc><vAcc>0.687247</vAcc></extensions></trkpt>
      <trkpt lon="-82.150878" lat="33.559697"><ele>88.948174</ele><time>2021-02-13T14:58:05Z</time><extensions><speed>1.653417</speed><course>205.664062</course><hAcc>0.876883</hAcc><vAcc>0.687247</vAcc></extensions></trkpt>
      <trkpt lon="-82.150878" lat="33.559682"><ele>88.835770</ele><time>2021-02-13T14:58:06Z</time><extensions><speed>1.663081</speed><course>208.125000</course><hAcc>0.876883</hAcc><vAcc>0.687247</vAcc></extensions></trkpt>
      <trkpt lon="-82.150877" lat="33.559667"><ele>88.728416</ele><time>2021-02-13T14:58:07Z</time><extensions><speed>1.666441</speed><course>168.750000</course><hAcc>0.876883</hAcc><vAcc>0.687248</vAcc></extensions></trkpt>
      <trkpt lon="-82.150877" lat="33.559652"><ele>88.626335</ele><time>2021-02-13T14:58:08Z</time><extensions><speed>1.664641</speed><course>193.359375</course><hAcc>0.876883</hAcc><vAcc>0.687248</vAcc></extensions></trkpt>
      <trkpt lon="-82.150877" lat="33.559637"><ele>88.529480</ele><time>2021-02-13T14:58:09Z</time><extensions><speed>1.658892</speed><course>207.421875</course><hAcc>0.876883</hAcc><vAcc>0.687248</vAcc></extensions></trkpt>
      <trkpt lon="-82.150876" lat="33.559622"><ele>88.437691</ele><time>2021-02-13T14:58:10Z</time><extensions><speed>1.650272</speed><course>203.203125</course><hAcc>0.876883</hAcc><vAcc>0.687248</vAcc></extensions></trkpt>
      <trkpt lon="-82.150876" lat="33.559607"><ele>88.350662</ele><time>2021-02-13T14:58:11Z</time><extensions><speed>1.639772</speed><course>198.632812</course><hAcc>0.876883</hAcc><vAcc>0.687248</vAcc></extensions></trkpt>
      <trkpt lon="-82.150876" lat="33.559592"><ele>88.267944</ele><time>2021-02-13T14:58:12Z</time><extensions><speed>1.628330</speed><course>192.304688</course><hAcc>0.876883</hAcc><vAcc>0.687248</vAcc></extensions></trkpt>
      <trkpt lon="-82.150876" lat="33.559578"><ele>88.188911</ele><time>2021-02-13T14:58:13Z</time><extensions><speed>1.616714</speed><course>197.929688</course><hAcc>0.876883</hAcc><vAcc>0.687248</vAcc></extensions></trkpt>
      <trkpt lon="-82.150876" lat="33.559563"><ele>88.112778</ele><time>2021-02-13T14:58:14Z</time><extensions><speed>1.605776</speed><course>215.859375</course><hAcc>0.876883</hAcc><vAcc>0.687248</vAcc></extensions></trkpt>
      <trkpt lon="-82.150877" lat="33.559549"><ele>88.038673</ele><time>2021-02-13T14:58:15Z</time><extensions><speed>1.596467</speed><course>224.648438</course><hAcc>0.876883</hAcc><vAcc>0.687248</vAcc></extensions></trkpt>
      <trkpt lon="-82.150878" lat="33.559534"><ele>87.965668</ele><time>2021-02-13T14:58:16Z</time><extensions><speed>1.589643</speed><course>223.242188</course><hAcc>0.876883</hAcc><vAcc>0.687248</vAcc></extensions></trkpt>
      <trkpt lon="-82.150879" lat="33.559520"><ele>87.892960</ele><time>2021-02-13T14:58:17Z</time><extensions><speed>1.585904</speed><course>219.023438</course><hAcc>0.876883</hAcc><vAcc>0.687248</vAcc></extensions></trkpt>
      <trkpt lon="-82.150881" lat="33.559506"><ele>87.819969</ele><time>2021-02-13T14:58:18Z</time><extensions><speed>1.585511</speed><course>202.148438</course><hAcc>0.876883</hAcc><vAcc>0.687248</vAcc></extensions></trkpt>
      <trkpt lon="-82.150883" lat="33.559492"><ele>87.746422</ele><time>2021-02-13T14:58:19Z</time><extensions><speed>1.588148</speed><course>203.906250</course><hAcc>0.876883</hAcc><vAcc>0.687248</vAcc></extensions></trkpt>
      <trkpt lon="-82.150885" lat="33.559477"><ele>87.672150</ele><time>2021-02-13T14:58:20Z</time><extensions><speed>1.592357</speed><course>197.929688</course><hAcc>0.876883</hAcc><vAcc>0.687248</vAcc></extensions></trkpt>
      <trkpt lon="-82.150887" lat="33.559463"><ele>87.597107</ele><time>2021-02-13T14:58:21Z</time><extensions><speed>1.596123</speed><course>216.562500</course><hAcc>0.876883</hAcc><vAcc>0.687248</vAcc></extensions></trkpt>
      <trkpt lon="-82.150888" lat="33.559449"><ele>87.521309</ele><time>2021-02-13T14:58:22Z</time><extensions><speed>1.598237</speed><course>215.156250</course><hAcc>0.876883</hAcc><vAcc>0.687248</vAcc></extensions></trkpt>
      <trkpt lon="-82.150890" lat="33.559434"><ele>87.444817</ele><time>2021-02-13T14:58:23Z</time><extensions><speed>1.598800</speed><course>227.109375</course><hAcc>0.876883</hAcc><vAcc>0.687248</vAcc></extensions></trkpt>
      <trkpt lon="-82.150892" lat="33.559420"><ele>87.367538</ele><time>2021-02-13T14:58:24Z</time><extensions><speed>1.598743</speed><course>223.593750</course><hAcc>0.876883</hAcc><vAcc>0.687248</vAcc></extensions></trkpt>
      <trkpt lon="-82.150893" lat="33.559406"><ele>87.289200</ele><time>2021-02-13T14:58:25Z</time><extensions><speed>1.598794</speed><course>215.156250</course><hAcc>0.876883</hAcc><vAcc>0.687248</vAcc></extensions></trkpt>
      <trkpt lon="-82.150895" lat="33.559391"><ele>87.209366</ele><time>2021-02-13T14:58:26Z</time><extensions><speed>1.598909</speed><course>204.960938</course><hAcc>0.876883</hAcc><vAcc>0.687248</vAcc></extensions></trkpt>
      <trkpt lon="-82.150896" lat="33.559377"><ele>87.127617</ele><time>2021-02-13T14:58:27Z</time><extensions><speed>1.598656</speed><course>197.929688</course><hAcc>0.876883</hAcc><vAcc>0.687248</vAcc></extensions></trkpt>
      <trkpt lon="-82.150897" lat="33.559363"><ele>87.043892</ele><time>2021-02-13T14:58:28Z</time><extensions><speed>1.597543</speed><course>199.335938</course><hAcc>0.876883</hAcc><vAcc>0.687248</vAcc></extensions></trkpt>
      <trkpt lon="-82.150898" lat="33.559348"><ele>86.958595</ele><time>2021-02-13T14:58:29Z</time><extensions><speed>1.595082</speed><course>206.367188</course><hAcc>0.876883</hAcc><vAcc>0.687248</vAcc></extensions></trkpt>
      <trkpt lon="-82.150899" lat="33.559334"><ele>86.872444</ele><time>2021-02-13T14:58:30Z</time><extensions><speed>1.591356</speed><course>219.726562</course><hAcc>0.876883</hAcc><vAcc>0.687248</vAcc></extensions></trkpt>
      <trkpt lon="-82.150900" lat="33.559320"><ele>86.786156</ele><time>2021-02-13T14:58:31Z</time><extensions><speed>1.587171</speed><course>226.757812</course><hAcc>0.876883</hAcc><vAcc>0.687248</vAcc></extensions></trkpt>
      <trkpt lon="-82.150901" lat="33.559305"><ele>86.700325</ele><time>2021-02-13T14:58:32Z</time><extensions><speed>1.583422</speed><course>228.164062</course><hAcc>0.876883</hAcc><vAcc>0.687248</vAcc></extensions></trkpt>
      <trkpt lon="-82.150902" lat="33.559291"><ele>86.615356</ele><time>2021-02-13T14:58:33Z</time><extensions><speed>1.580510</speed><course>230.976562</course><hAcc>0.876883</hAcc><vAcc>0.687248</vAcc></extensions></trkpt>
      <trkpt lon="-82.150902" lat="33.559277"><ele>86.531548</ele><time>2021-02-13T14:58:34Z</time><extensions><speed>1.578128</speed><course>224.296875</course><hAcc>0.876883</hAcc><vAcc>0.687248</vAcc></extensions></trkpt>
      <trkpt lon="-82.150902" lat="33.559263"><ele>86.449173</ele><time>2021-02-13T14:58:35Z</time><extensions><speed>1.575570</speed><course>226.406250</course><hAcc>0.876883</hAcc><vAcc>0.687248</vAcc></extensions></trkpt>
      <trkpt lon="-82.150902" lat="33.559248"><ele>86.368576</ele><time>2021-02-13T14:58:36Z</time><extensions><speed>1.572179</speed><course>221.835938</course><hAcc>0.876883</hAcc><vAcc>0.687248</vAcc></extensions></trkpt>
      <trkpt lon="-82.150902" lat="33.559234"><ele>86.290123</ele><time>2021-02-13T14:58:37Z</time><extensions><speed>1.567587</speed><course>219.023438</course><hAcc>0.876883</hAcc><vAcc>0.687248</vAcc></extensions></trkpt>
      <trkpt lon="-82.150902" lat="33.559220"><ele>86.214119</ele><time>2021-02-13T14:58:38Z</time><extensions><speed>1.561730</speed><course>221.484375</course><hAcc>0.876882</hAcc><vAcc>0.687248</vAcc></extensions></trkpt>
      <trkpt lon="-82.150901" lat="33.559206"><ele>86.140831</ele><time>2021-02-13T14:58:39Z</time><extensions><speed>1.554543</speed><course>219.726562</course><hAcc>0.876882</hAcc><vAcc>0.687248</vAcc></extensions></trkpt>
      <trkpt lon="-82.150901" lat="33.559192"><ele>86.070442</ele><time>2021-02-13T14:58:40Z</time><extensions><speed>1.545964</speed><course>219.023438</course><hAcc>0.876882</hAcc><vAcc>0.687248</vAcc></extensions></trkpt>
      <trkpt lon="-82.150900" lat="33.559178"><ele>86.003098</ele><time>2021-02-13T14:58:41Z</time><extensions><speed>1.536114</speed><course>211.289062</course><hAcc>0.876882</hAcc><vAcc>0.687249</vAcc></extensions></trkpt>
      <trkpt lon="-82.150900" lat="33.559164"><ele>85.938881</ele><time>2021-02-13T14:58:42Z</time><extensions><speed>1.525465</speed><course>217.265625</course><hAcc>0.876882</hAcc><vAcc>0.687249</vAcc></extensions></trkpt>
      <trkpt lon="-82.150899" lat="33.559151"><ele>85.877892</ele><time>2021-02-13T14:58:43Z</time><extensions><speed>1.515104</speed><course>226.054688</course><hAcc>0.876882</hAcc><vAcc>0.687249</vAcc></extensions></trkpt>
      <trkpt lon="-82.150899" lat="33.559137"><ele>85.820175</ele><time>2021-02-13T14:58:44Z</time><extensions><speed>1.506326</speed><course>233.437500</course><hAcc>0.876882</hAcc><vAcc>0.687249</vAcc></extensions></trkpt>
      <trkpt lon="-82.150899" lat="33.559124"><ele>85.765800</ele><time>2021-02-13T14:58:45Z</time><extensions><speed>1.499774</speed><course>227.812500</course><hAcc>0.876882</hAcc><vAcc>0.687249</vAcc></extensions></trkpt>
      <trkpt lon="-82.150899" lat="33.559110"><ele>85.714897</ele><time>2021-02-13T14:58:46Z</time><extensions><speed>1.495399</speed><course>223.593750</course><hAcc>0.876882</hAcc><vAcc>0.687249</vAcc></extensions></trkpt>
      <trkpt lon="-82.150899" lat="33.559097"><ele>85.667786</ele><time>2021-02-13T14:58:47Z</time><extensions><speed>1.492961</speed><course>222.890625</course><hAcc>0.876882</hAcc><vAcc>0.687249</vAcc></extensions></trkpt>
      <trkpt lon="-82.150900" lat="33.559083"><ele>85.624901</ele><time>2021-02-13T14:58:48Z</time><extensions><speed>1.492331</speed><course>238.710938</course><hAcc>0.876882</hAcc><vAcc>0.687249</vAcc></extensions></trkpt>
      <trkpt lon="-82.150901" lat="33.559070"><ele>85.586594</ele><time>2021-02-13T14:58:49Z</time><extensions><speed>1.493677</speed><course>233.085938</course><hAcc>0.876882</hAcc><vAcc>0.687249</vAcc></extensions></trkpt>
      <trkpt lon="-82.150902" lat="33.559056"><ele>85.552986</ele><time>2021-02-13T14:58:50Z</time><extensions><speed>1.497292</speed><course>235.195312</course><hAcc>0.876882</hAcc><vAcc>0.687249</vAcc></extensions></trkpt>
      <trkpt lon="-82.150904" lat="33.559043"><ele>85.523865</ele><time>2021-02-13T14:58:51Z</time><extensions><speed>1.503214</speed><course>231.328125</course><hAcc>0.876882</hAcc><vAcc>0.687249</vAcc></extensions></trkpt>
      <trkpt lon="-82.150906" lat="33.559029"><ele>85.498802</ele><time>2021-02-13T14:58:52Z</time><extensions><speed>1.511062</speed><course>224.296875</course><hAcc>0.876882</hAcc><vAcc>0.687249</vAcc></extensions></trkpt>
      <trkpt lon="-82.150909" lat="33.559016"><ele>85.477470</ele><time>2021-02-13T14:58:53Z</time><extensions><speed>1.520310</speed><course>219.726562</course><hAcc>0.876882</hAcc><vAcc>0.687249</vAcc></extensions></trkpt>
      <trkpt lon="-82.150913" lat="33.559003"><ele>85.459724</ele><time>2021-02-13T14:58:54Z</time><extensions><speed>1.530135</speed><course>209.179688</course><hAcc>0.876882</hAcc><vAcc>0.687249</vAcc></extensions></trkpt>
      <trkpt lon="-82.150918" lat="33.558989"><ele>85.445717</ele><time>2021-02-13T14:58:55Z</time><extensions><speed>1.539413</speed><course>204.257812</course><hAcc>0.876882</hAcc><vAcc>0.687249</vAcc></extensions></trkpt>
      <trkpt lon="-82.150923" lat="33.558976"><ele>85.435905</ele><time>2021-02-13T14:58:56Z</time><extensions><speed>1.547435</speed><course>205.312500</course><hAcc>0.876882</hAcc><vAcc>0.687249</vAcc></extensions></trkpt>
      <trkpt lon="-82.150928" lat="33.558963"><ele>85.430702</ele><time>2021-02-13T14:58:57Z</time><extensions><speed>1.553861</speed><course>231.679688</course><hAcc>0.876882</hAcc><vAcc>0.687249</vAcc></extensions></trkpt>
      <trkpt lon="-82.150934" lat="33.558950"><ele>85.430466</ele><time>2021-02-13T14:58:58Z</time><extensions><speed>1.558261</speed><course>221.132812</course><hAcc>0.876882</hAcc><vAcc>0.687249</vAcc></extensions></trkpt>
      <trkpt lon="-82.150940" lat="33.558937"><ele>85.435562</ele><time>2021-02-13T14:58:59Z</time><extensions><speed>1.560010</speed><course>223.242188</course><hAcc>0.876882</hAcc><vAcc>0.687249</vAcc></extensions></trkpt>
      <trkpt lon="-82.150947" lat="33.558924"><ele>85.446426</ele><time>2021-02-13T14:59:00Z</time><extensions><speed>1.558576</speed><course>224.648438</course><hAcc>0.876882</hAcc><vAcc>0.687250</vAcc></extensions></trkpt>
      <trkpt lon="-82.150953" lat="33.558911"><ele>85.463486</ele><time>2021-02-13T14:59:01Z</time><extensions><speed>1.554065</speed><course>222.539062</course><hAcc>0.876883</hAcc><vAcc>0.687251</vAcc></extensions></trkpt>
      <trkpt lon="-82.150960" lat="33.558898"><ele>85.487045</ele><time>2021-02-13T14:59:02Z</time><extensions><speed>1.547410</speed><course>199.687500</course><hAcc>0.876884</hAcc><vAcc>0.687252</vAcc></extensions></trkpt>
      <trkpt lon="-82.150967" lat="33.558885"><ele>85.517235</ele><time>2021-02-13T14:59:03Z</time><extensions><speed>1.539948</speed><course>191.601562</course><hAcc>0.876885</hAcc><vAcc>0.687253</vAcc></extensions></trkpt>
      <trkpt lon="-82.150974" lat="33.558873"><ele>85.554054</ele><time>2021-02-13T14:59:04Z</time><extensions><speed>1.532983</speed><course>171.914062</course><hAcc>0.876887</hAcc><vAcc>0.687255</vAcc></extensions></trkpt>
      <trkpt lon="-82.150981" lat="33.558860"><ele>85.597404</ele><time>2021-02-13T14:59:05Z</time><extensions><speed>1.527518</speed><course>192.656250</course><hAcc>0.876889</hAcc><vAcc>0.687258</vAcc></extensions></trkpt>
      <trkpt lon="-82.150988" lat="33.558848"><ele>85.647179</ele><time>2021-02-13T14:59:06Z</time><extensions><speed>1.523971</speed><course>200.390625</course><hAcc>0.876894</hAcc><vAcc>0.687261</vAcc></extensions></trkpt>
      <trkpt lon="-82.150995" lat="33.558835"><ele>85.703331</ele><time>2021-02-13T14:59:07Z</time><extensions><speed>1.522132</speed><course>206.367188</course><hAcc>0.876899</hAcc><vAcc>0.687265</vAcc></extensions></trkpt>
      <trkpt lon="-82.151002" lat="33.558823"><ele>85.765953</ele><time>2021-02-13T14:59:08Z</time><extensions><speed>1.521567</speed><course>202.500000</course><hAcc>0.876906</hAcc><vAcc>0.687270</vAcc></extensions></trkpt>
      <trkpt lon="-82.151010" lat="33.558811"><ele>85.835258</ele><time>2021-02-13T14:59:09Z</time><extensions><speed>1.522005</speed><course>203.906250</course><hAcc>0.876915</hAcc><vAcc>0.687275</vAcc></extensions></trkpt>
      <trkpt lon="-82.151017" lat="33.558799"><ele>85.911552</ele><time>2021-02-13T14:59:10Z</time><extensions><speed>1.523318</speed><course>207.773438</course><hAcc>0.876925</hAcc><vAcc>0.687280</vAcc></extensions></trkpt>
      <trkpt lon="-82.151025" lat="33.558787"><ele>85.995277</ele><time>2021-02-13T14:59:11Z</time><extensions><speed>1.525383</speed><course>210.234375</course><hAcc>0.876936</hAcc><vAcc>0.687285</vAcc></extensions></trkpt>
      <trkpt lon="-82.151033" lat="33.558775"><ele>86.086929</ele><time>2021-02-13T14:59:12Z</time><extensions><speed>1.528009</speed><course>211.289062</course><hAcc>0.876947</hAcc><vAcc>0.687288</vAcc></extensions></trkpt>
      <trkpt lon="-82.151041" lat="33.558763"><ele>86.186974</ele><time>2021-02-13T14:59:13Z</time><extensions><speed>1.530940</speed><course>204.960938</course><hAcc>0.876956</hAcc><vAcc>0.687289</vAcc></extensions></trkpt>
      <trkpt lon="-82.151049" lat="33.558751"><ele>86.295799</ele><time>2021-02-13T14:59:14Z</time><extensions><speed>1.534185</speed><course>207.773438</course><hAcc>0.876961</hAcc><vAcc>0.687288</vAcc></extensions></trkpt>
      <trkpt lon="-82.151058" lat="33.558739"><ele>86.413673</ele><time>2021-02-13T14:59:15Z</time><extensions><speed>1.538150</speed><course>203.203125</course><hAcc>0.876961</hAcc><vAcc>0.687283</vAcc></extensions></trkpt>
      <trkpt lon="-82.151066" lat="33.558727"><ele>86.540695</ele><time>2021-02-13T14:59:16Z</time><extensions><speed>1.543269</speed><course>205.664062</course><hAcc>0.876954</hAcc><vAcc>0.687275</vAcc></extensions></trkpt>
      <trkpt lon="-82.151075" lat="33.558715"><ele>86.676750</ele><time>2021-02-13T14:59:17Z</time><extensions><speed>1.549778</speed><course>212.695312</course><hAcc>0.876939</hAcc><vAcc>0.687265</vAcc></extensions></trkpt>
      <trkpt lon="-82.151083" lat="33.558703"><ele>86.821503</ele><time>2021-02-13T14:59:18Z</time><extensions><speed>1.557674</speed><course>215.507812</course><hAcc>0.876919</hAcc><vAcc>0.687258</vAcc></extensions></trkpt>
      <trkpt lon="-82.151092" lat="33.558691"><ele>86.974388</ele><time>2021-02-13T14:59:19Z</time><extensions><speed>1.567056</speed><course>212.695312</course><hAcc>0.876904</hAcc><vAcc>0.687262</vAcc></extensions></trkpt>
      <trkpt lon="-82.151101" lat="33.558678"><ele>87.134598</ele><time>2021-02-13T14:59:20Z</time><extensions><speed>1.578451</speed><course>206.015625</course><hAcc>0.876908</hAcc><vAcc>0.687287</vAcc></extensions></trkpt>
      <trkpt lon="-82.151110" lat="33.558666"><ele>87.301163</ele><time>2021-02-13T14:59:21Z</time><extensions><speed>1.592139</speed><course>205.664062</course><hAcc>0.876962</hAcc><vAcc>0.687355</vAcc></extensions></trkpt>
      <trkpt lon="-82.151118" lat="33.558654"><ele>87.473114</ele><time>2021-02-13T14:59:22Z</time><extensions><speed>1.607879</speed><course>220.078125</course><hAcc>0.877112</hAcc><vAcc>0.687491</vAcc></extensions></trkpt>
      <trkpt lon="-82.151127" lat="33.558641"><ele>87.649315</ele><time>2021-02-13T14:59:23Z</time><extensions><speed>1.625386</speed><course>226.757812</course><hAcc>0.877425</hAcc><vAcc>0.687731</vAcc></extensions></trkpt>
      <trkpt lon="-82.151136" lat="33.558628"><ele>87.828407</ele><time>2021-02-13T14:59:24Z</time><extensions><speed>1.644284</speed><course>227.460938</course><hAcc>0.877994</hAcc><vAcc>0.688121</vAcc></extensions></trkpt>
      <trkpt lon="-82.151145" lat="33.558616"><ele>88.009033</ele><time>2021-02-13T14:59:25Z</time><extensions><speed>1.664119</speed><course>233.085938</course><hAcc>0.878937</hAcc><vAcc>0.688715</vAcc></extensions></trkpt>
      <trkpt lon="-82.151154" lat="33.558602"><ele>88.189819</ele><time>2021-02-13T14:59:26Z</time><extensions><speed>1.684689</speed><course>216.914062</course><hAcc>0.880394</hAcc><vAcc>0.689573</vAcc></extensions></trkpt>
      <trkpt lon="-82.151162" lat="33.558589"><ele>88.369408</ele><time>2021-02-13T14:59:27Z</time><extensions><speed>1.706095</speed><course>218.671875</course><hAcc>0.882518</hAcc><vAcc>0.690755</vAcc></extensions></trkpt>
      <trkpt lon="-82.151170" lat="33.558575"><ele>88.546761</ele><time>2021-02-13T14:59:28Z</time><extensions><speed>1.728377</speed><course>221.484375</course><hAcc>0.885436</hAcc><vAcc>0.692299</vAcc></extensions></trkpt>
      <trkpt lon="-82.151179" lat="33.558561"><ele>88.720490</ele><time>2021-02-13T14:59:29Z</time><extensions><speed>1.751177</speed><course>227.460938</course><hAcc>0.889244</hAcc><vAcc>0.694228</vAcc></extensions></trkpt>
      <trkpt lon="-82.151187" lat="33.558546"><ele>88.889915</ele><time>2021-02-13T14:59:30Z</time><extensions><speed>1.774245</speed><course>223.593750</course><hAcc>0.893975</hAcc><vAcc>0.696539</vAcc></extensions></trkpt>
      <trkpt lon="-82.151194" lat="33.558532"><ele>89.054321</ele><time>2021-02-13T14:59:31Z</time><extensions><speed>1.797218</speed><course>228.867188</course><hAcc>0.899503</hAcc><vAcc>0.699154</vAcc></extensions></trkpt>
      <trkpt lon="-82.151202" lat="33.558517"><ele>89.213150</ele><time>2021-02-13T14:59:32Z</time><extensions><speed>1.819405</speed><course>227.109375</course><hAcc>0.905500</hAcc><vAcc>0.701915</vAcc></extensions></trkpt>
      <trkpt lon="-82.151210" lat="33.558502"><ele>89.365921</ele><time>2021-02-13T14:59:33Z</time><extensions><speed>1.839913</speed><course>227.109375</course><hAcc>0.911394</hAcc><vAcc>0.704565</vAcc></extensions></trkpt>
      <trkpt lon="-82.151217" lat="33.558486"><ele>89.512215</ele><time>2021-02-13T14:59:34Z</time><extensions><speed>1.858008</speed><course>224.296875</course><hAcc>0.916342</hAcc><vAcc>0.706748</vAcc></extensions></trkpt>
      <trkpt lon="-82.151225" lat="33.558471"><ele>89.651711</ele><time>2021-02-13T14:59:35Z</time><extensions><speed>1.873328</speed><course>224.296875</course><hAcc>0.919267</hAcc><vAcc>0.708021</vAcc></extensions></trkpt>
      <trkpt lon="-82.151234" lat="33.558455"><ele>89.784149</ele><time>2021-02-13T14:59:36Z</time><extensions><speed>1.886021</speed><course>227.109375</course><hAcc>0.919265</hAcc><vAcc>0.708020</vAcc></extensions></trkpt>
      <trkpt lon="-82.151242" lat="33.558440"><ele>89.909332</ele><time>2021-02-13T14:59:37Z</time><extensions><speed>1.896548</speed><course>238.359375</course><hAcc>0.916336</hAcc><vAcc>0.706743</vAcc></extensions></trkpt>
      <trkpt lon="-82.151252" lat="33.558425"><ele>90.027092</ele><time>2021-02-13T14:59:38Z</time><extensions><speed>1.905107</speed><course>240.117188</course><hAcc>0.911383</hAcc><vAcc>0.704557</vAcc></extensions></trkpt>
      <trkpt lon="-82.151261" lat="33.558409"><ele>90.137337</ele><time>2021-02-13T14:59:39Z</time><extensions><speed>1.911365</speed><course>235.898438</course><hAcc>0.905484</hAcc><vAcc>0.701903</vAcc></extensions></trkpt>
      <trkpt lon="-82.151271" lat="33.558394"><ele>90.240211</ele><time>2021-02-13T14:59:40Z</time><extensions><speed>1.914443</speed><course>210.234375</course><hAcc>0.899480</hAcc><vAcc>0.699137</vAcc></extensions></trkpt>
      <trkpt lon="-82.151281" lat="33.558379"><ele>90.336258</ele><time>2021-02-13T14:59:41Z</time><extensions><speed>1.913055</speed><course>211.289062</course><hAcc>0.893945</hAcc><vAcc>0.696516</vAcc></extensions></trkpt>
      <trkpt lon="-82.151292" lat="33.558364"><ele>90.426483</ele><time>2021-02-13T14:59:42Z</time><extensions><speed>1.905886</speed><course>220.429688</course><hAcc>0.889202</hAcc><vAcc>0.694198</vAcc></extensions></trkpt>
      <trkpt lon="-82.151303" lat="33.558350"><ele>90.512306</ele><time>2021-02-13T14:59:43Z</time><extensions><speed>1.891898</speed><course>213.046875</course><hAcc>0.885381</hAcc><vAcc>0.692259</vAcc></extensions></trkpt>
      <trkpt lon="-82.151313" lat="33.558336"><ele>90.595352</ele><time>2021-02-13T14:59:44Z</time><extensions><speed>1.870522</speed><course>189.140625</course><hAcc>0.882465</hAcc><vAcc>0.690716</vAcc></extensions></trkpt>
      <trkpt lon="-82.151324" lat="33.558321"><ele>90.677399</ele><time>2021-02-13T14:59:45Z</time><extensions><speed>1.841857</speed><course>180.000000</course><hAcc>0.880354</hAcc><vAcc>0.689544</vAcc></extensions></trkpt>
      <trkpt lon="-82.151335" lat="33.558308"><ele>90.760216</ele><time>2021-02-13T14:59:46Z</time><extensions><speed>1.806570</speed><course>190.195312</course><hAcc>0.878907</hAcc><vAcc>0.688693</vAcc></extensions></trkpt>
      <trkpt lon="-82.151345" lat="33.558294"><ele>90.845512</ele><time>2021-02-13T14:59:47Z</time><extensions><speed>1.765647</speed><course>200.742188</course><hAcc>0.877971</hAcc><vAcc>0.688104</vAcc></extensions></trkpt>
      <trkpt lon="-82.151355" lat="33.558281"><ele>90.934944</ele><time>2021-02-13T14:59:48Z</time><extensions><speed>1.720410</speed><course>215.507812</course><hAcc>0.877408</hAcc><vAcc>0.687718</vAcc></extensions></trkpt>
      <trkpt lon="-82.151364" lat="33.558267"><ele>91.030243</ele><time>2021-02-13T14:59:49Z</time><extensions><speed>1.672349</speed><course>219.726562</course><hAcc>0.877099</hAcc><vAcc>0.687481</vAcc></extensions></trkpt>
      <trkpt lon="-82.151373" lat="33.558255"><ele>91.133202</ele><time>2021-02-13T14:59:50Z</time><extensions><speed>1.622918</speed><course>229.570312</course><hAcc>0.876952</hAcc><vAcc>0.687348</vAcc></extensions></trkpt>
      <trkpt lon="-82.151382" lat="33.558242"><ele>91.245605</ele><time>2021-02-13T14:59:51Z</time><extensions><speed>1.573616</speed><course>246.796875</course><hAcc>0.876900</hAcc><vAcc>0.687283</vAcc></extensions></trkpt>
      <trkpt lon="-82.151390" lat="33.558230"><ele>91.369102</ele><time>2021-02-13T14:59:52Z</time><extensions><speed>1.526093</speed><course>263.671875</course><hAcc>0.876897</hAcc><vAcc>0.687258</vAcc></extensions></trkpt>
      <trkpt lon="-82.151398" lat="33.558218"><ele>91.505005</ele><time>2021-02-13T14:59:53Z</time><extensions><speed>1.482097</speed><course>260.156250</course><hAcc>0.876915</hAcc><vAcc>0.687256</vAcc></extensions></trkpt>
      <trkpt lon="-82.151405" lat="33.558207"><ele>91.654152</ele><time>2021-02-13T14:59:54Z</time><extensions><speed>1.443217</speed><course>236.250000</course><hAcc>0.876935</hAcc><vAcc>0.687264</vAcc></extensions></trkpt>
      <trkpt lon="-82.151413" lat="33.558195"><ele>91.816658</ele><time>2021-02-13T14:59:55Z</time><extensions><speed>1.410867</speed><course>225.000000</course><hAcc>0.876950</hAcc><vAcc>0.687274</vAcc></extensions></trkpt>
      <trkpt lon="-82.151421" lat="33.558185"><ele>91.991646</ele><time>2021-02-13T14:59:56Z</time><extensions><speed>1.386669</speed><course>227.109375</course><hAcc>0.876958</hAcc><vAcc>0.687283</vAcc></extensions></trkpt>
      <trkpt lon="-82.151429" lat="33.558174"><ele>92.177124</ele><time>2021-02-13T14:59:57Z</time><extensions><speed>1.372050</speed><course>233.085938</course><hAcc>0.876959</hAcc><vAcc>0.687288</vAcc></extensions></trkpt>
      <trkpt lon="-82.151437" lat="33.558164"><ele>92.370316</ele><time>2021-02-13T14:59:58Z</time><extensions><speed>1.367343</speed><course>234.843750</course><hAcc>0.876953</hAcc><vAcc>0.687290</vAcc></extensions></trkpt>
      <trkpt lon="-82.151445" lat="33.558154"><ele>92.568176</ele><time>2021-02-13T14:59:59Z</time><extensions><speed>1.371810</speed><course>235.195312</course><hAcc>0.876945</hAcc><vAcc>0.687289</vAcc></extensions></trkpt>
      <trkpt lon="-82.151455" lat="33.558144"><ele>92.767769</ele><time>2021-02-13T15:00:00Z</time><extensions><speed>1.384208</speed><course>227.460938</course><hAcc>0.876934</hAcc><vAcc>0.687286</vAcc></extensions></trkpt>
      <trkpt lon="-82.151465" lat="33.558135"><ele>92.966377</ele><time>2021-02-13T15:00:01Z</time><extensions><speed>1.403241</speed><course>226.757812</course><hAcc>0.876923</hAcc><vAcc>0.687281</vAcc></extensions></trkpt>
      <trkpt lon="-82.151475" lat="33.558125"><ele>93.161613</ele><time>2021-02-13T15:00:02Z</time><extensions><speed>1.427428</speed><course>222.187500</course><hAcc>0.876913</hAcc><vAcc>0.687276</vAcc></extensions></trkpt>
      <trkpt lon="-82.151486" lat="33.558116"><ele>93.351372</ele><time>2021-02-13T15:00:03Z</time><extensions><speed>1.454853</speed><course>201.093750</course><hAcc>0.876904</hAcc><vAcc>0.687271</vAcc></extensions></trkpt>
      <trkpt lon="-82.151498" lat="33.558108"><ele>93.533943</ele><time>2021-02-13T15:00:04Z</time><extensions><speed>1.483530</speed><course>196.875000</course><hAcc>0.876897</hAcc><vAcc>0.687267</vAcc></extensions></trkpt>
      <trkpt lon="-82.151511" lat="33.558099"><ele>93.708054</ele><time>2021-02-13T15:00:05Z</time><extensions><speed>1.511733</speed><course>137.460938</course><hAcc>0.876892</hAcc><vAcc>0.687263</vAcc></extensions></trkpt>
      <trkpt lon="-82.151524" lat="33.558091"><ele>93.872871</ele><time>2021-02-13T15:00:06Z</time><extensions><speed>1.537975</speed><course>213.046875</course><hAcc>0.876888</hAcc><vAcc>0.687260</vAcc></extensions></trkpt>
      <trkpt lon="-82.151537" lat="33.558083"><ele>94.027924</ele><time>2021-02-13T15:00:07Z</time><extensions><speed>1.560892</speed><course>235.546875</course><hAcc>0.876885</hAcc><vAcc>0.687257</vAcc></extensions></trkpt>
      <trkpt lon="-82.151551" lat="33.558074"><ele>94.172882</ele><time>2021-02-13T15:00:08Z</time><extensions><speed>1.578925</speed><course>240.468750</course><hAcc>0.876883</hAcc><vAcc>0.687255</vAcc></extensions></trkpt>
      <trkpt lon="-82.151565" lat="33.558066"><ele>94.307533</ele><time>2021-02-13T15:00:09Z</time><extensions><speed>1.590434</speed><course>249.960938</course><hAcc>0.876882</hAcc><vAcc>0.687254</vAcc></extensions></trkpt>
      <trkpt lon="-82.151579" lat="33.558058"><ele>94.431625</ele><time>2021-02-13T15:00:10Z</time><extensions><speed>1.594563</speed><course>249.960938</course><hAcc>0.876881</hAcc><vAcc>0.687253</vAcc></extensions></trkpt>
      <trkpt lon="-82.151593" lat="33.558050"><ele>94.544853</ele><time>2021-02-13T15:00:11Z</time><extensions><speed>1.591852</speed><course>245.390625</course><hAcc>0.876880</hAcc><vAcc>0.687252</vAcc></extensions></trkpt>
      <trkpt lon="-82.151607" lat="33.558041"><ele>94.646935</ele><time>2021-02-13T15:00:12Z</time><extensions><speed>1.583841</speed><course>233.437500</course><hAcc>0.876880</hAcc><vAcc>0.687252</vAcc></extensions></trkpt>
      <trkpt lon="-82.151620" lat="33.558033"><ele>94.737778</ele><time>2021-02-13T15:00:13Z</time><extensions><speed>1.572313</speed><course>217.968750</course><hAcc>0.876880</hAcc><vAcc>0.687252</vAcc></extensions></trkpt>
      <trkpt lon="-82.151633" lat="33.558023"><ele>94.817520</ele><time>2021-02-13T15:00:14Z</time><extensions><speed>1.558960</speed><course>211.640625</course><hAcc>0.876880</hAcc><vAcc>0.687252</vAcc></extensions></trkpt>
      <trkpt lon="-82.151646" lat="33.558014"><ele>94.886566</ele><time>2021-02-13T15:00:15Z</time><extensions><speed>1.545111</speed><course>219.375000</course><hAcc>0.876880</hAcc><vAcc>0.687252</vAcc></extensions></trkpt>
      <trkpt lon="-82.151657" lat="33.558004"><ele>94.945518</ele><time>2021-02-13T15:00:16Z</time><extensions><speed>1.531262</speed><course>216.562500</course><hAcc>0.876880</hAcc><vAcc>0.687252</vAcc></extensions></trkpt>
      <trkpt lon="-82.151668" lat="33.557994"><ele>94.995148</ele><time>2021-02-13T15:00:17Z</time><extensions><speed>1.517186</speed><course>219.375000</course><hAcc>0.876880</hAcc><vAcc>0.687252</vAcc></extensions></trkpt>
      <trkpt lon="-82.151679" lat="33.557984"><ele>95.036423</ele><time>2021-02-13T15:00:18Z</time><extensions><speed>1.502653</speed><course>210.937500</course><hAcc>0.876880</hAcc><vAcc>0.687252</vAcc></extensions></trkpt>
      <trkpt lon="-82.151689" lat="33.557973"><ele>95.070457</ele><time>2021-02-13T15:00:19Z</time><extensions><speed>1.487698</speed><course>208.125000</course><hAcc>0.876880</hAcc><vAcc>0.687252</vAcc></extensions></trkpt>
      <trkpt lon="-82.151699" lat="33.557963"><ele>95.098549</ele><time>2021-02-13T15:00:20Z</time><extensions><speed>1.472562</speed><course>213.398438</course><hAcc>0.876880</hAcc><vAcc>0.687252</vAcc></extensions></trkpt>
      <trkpt lon="-82.151708" lat="33.557952"><ele>95.122093</ele><time>2021-02-13T15:00:21Z</time><extensions><speed>1.457665</speed><course>213.750000</course><hAcc>0.876880</hAcc><vAcc>0.687252</vAcc></extensions></trkpt>
      <trkpt lon="-82.151717" lat="33.557941"><ele>95.142456</ele><time>2021-02-13T15:00:22Z</time><extensions><speed>1.443474</speed><course>233.437500</course><hAcc>0.876880</hAcc><vAcc>0.687252</vAcc></extensions></trkpt>
      <trkpt lon="-82.151725" lat="33.557930"><ele>95.160973</ele><time>2021-02-13T15:00:23Z</time><extensions><speed>1.430623</speed><course>235.195312</course><hAcc>0.876880</hAcc><vAcc>0.687252</vAcc></extensions></trkpt>
      <trkpt lon="-82.151734" lat="33.557919"><ele>95.178902</ele><time>2021-02-13T15:00:24Z</time><extensions><speed>1.420092</speed><course>236.601562</course><hAcc>0.876880</hAcc><vAcc>0.687252</vAcc></extensions></trkpt>
      <trkpt lon="-82.151742" lat="33.557909"><ele>95.197311</ele><time>2021-02-13T15:00:25Z</time><extensions><speed>1.413121</speed><course>238.710938</course><hAcc>0.876880</hAcc><vAcc>0.687252</vAcc></extensions></trkpt>
      <trkpt lon="-82.151750" lat="33.557898"><ele>95.217010</ele><time>2021-02-13T15:00:26Z</time><extensions><speed>1.411163</speed><course>228.867188</course><hAcc>0.876880</hAcc><vAcc>0.687252</vAcc></extensions></trkpt>
      <trkpt lon="-82.151758" lat="33.557887"><ele>95.238419</ele><time>2021-02-13T15:00:27Z</time><extensions><speed>1.415759</speed><course>238.007812</course><hAcc>0.876880</hAcc><vAcc>0.687252</vAcc></extensions></trkpt>
      <trkpt lon="-82.151767" lat="33.557877"><ele>95.261490</ele><time>2021-02-13T15:00:28Z</time><extensions><speed>1.428041</speed><course>229.218750</course><hAcc>0.876880</hAcc><vAcc>0.687252</vAcc></extensions></trkpt>
      <trkpt lon="-82.151775" lat="33.557866"><ele>95.285912</ele><time>2021-02-13T15:00:29Z</time><extensions><speed>1.448346</speed><course>233.085938</course><hAcc>0.876880</hAcc><vAcc>0.687252</vAcc></extensions></trkpt>
      <trkpt lon="-82.151784" lat="33.557855"><ele>95.311325</ele><time>2021-02-13T15:00:30Z</time><extensions><speed>1.476058</speed><course>214.453125</course><hAcc>0.876880</hAcc><vAcc>0.687252</vAcc></extensions></trkpt>
      <trkpt lon="-82.151793" lat="33.557844"><ele>95.337395</ele><time>2021-02-13T15:00:31Z</time><extensions><speed>1.509599</speed><course>215.507812</course><hAcc>0.876879</hAcc><vAcc>0.687252</vAcc></extensions></trkpt>
      <trkpt lon="-82.151802" lat="33.557832"><ele>95.363869</ele><time>2021-02-13T15:00:32Z</time><extensions><speed>1.546411</speed><course>222.539062</course><hAcc>0.876879</hAcc><vAcc>0.687252</vAcc></extensions></trkpt>
      <trkpt lon="-82.151812" lat="33.557821"><ele>95.390694</ele><time>2021-02-13T15:00:33Z</time><extensions><speed>1.583310</speed><course>238.710938</course><hAcc>0.876879</hAcc><vAcc>0.687252</vAcc></extensions></trkpt>
      <trkpt lon="-82.151822" lat="33.557809"><ele>95.418091</ele><time>2021-02-13T15:00:34Z</time><extensions><speed>1.617422</speed><course>225.000000</course><hAcc>0.876879</hAcc><vAcc>0.687252</vAcc></extensions></trkpt>
      <trkpt lon="-82.151832" lat="33.557797"><ele>95.446518</ele><time>2021-02-13T15:00:35Z</time><extensions><speed>1.646581</speed><course>220.078125</course><hAcc>0.876879</hAcc><vAcc>0.687252</vAcc></extensions></trkpt>
      <trkpt lon="-82.151843" lat="33.557785"><ele>95.476601</ele><time>2021-02-13T15:00:36Z</time><extensions><speed>1.669239</speed><course>222.187500</course><hAcc>0.876879</hAcc><vAcc>0.687252</vAcc></extensions></trkpt>
      <trkpt lon="-82.151854" lat="33.557773"><ele>95.509109</ele><time>2021-02-13T15:00:37Z</time><extensions><speed>1.684148</speed><course>225.000000</course><hAcc>0.876879</hAcc><vAcc>0.687252</vAcc></extensions></trkpt>
      <trkpt lon="-82.151865" lat="33.557761"><ele>95.544792</ele><time>2021-02-13T15:00:38Z</time><extensions><speed>1.690096</speed><course>229.570312</course><hAcc>0.876879</hAcc><vAcc>0.687252</vAcc></extensions></trkpt>
      <trkpt lon="-82.151877" lat="33.557750"><ele>95.584373</ele><time>2021-02-13T15:00:39Z</time><extensions><speed>1.686140</speed><course>221.835938</course><hAcc>0.876879</hAcc><vAcc>0.687252</vAcc></extensions></trkpt>
      <trkpt lon="-82.151889" lat="33.557738"><ele>95.628433</ele><time>2021-02-13T15:00:40Z</time><extensions><speed>1.672287</speed><course>217.617188</course><hAcc>0.876879</hAcc><vAcc>0.687252</vAcc></extensions></trkpt>
      <trkpt lon="-82.151900" lat="33.557727"><ele>95.677246</ele><time>2021-02-13T15:00:41Z</time><extensions><speed>1.649799</speed><course>216.210938</course><hAcc>0.876879</hAcc><vAcc>0.687253</vAcc></extensions></trkpt>
      <trkpt lon="-82.151912" lat="33.557716"><ele>95.730789</ele><time>2021-02-13T15:00:42Z</time><extensions><speed>1.620647</speed><course>223.945312</course><hAcc>0.876879</hAcc><vAcc>0.687253</vAcc></extensions></trkpt>
      <trkpt lon="-82.151923" lat="33.557705"><ele>95.788811</ele><time>2021-02-13T15:00:43Z</time><extensions><speed>1.587171</speed><course>236.250000</course><hAcc>0.876880</hAcc><vAcc>0.687253</vAcc></extensions></trkpt>
      <trkpt lon="-82.151934" lat="33.557694"><ele>95.850838</ele><time>2021-02-13T15:00:44Z</time><extensions><speed>1.551716</speed><course>239.062500</course><hAcc>0.876880</hAcc><vAcc>0.687253</vAcc></extensions></trkpt>
      <trkpt lon="-82.151944" lat="33.557683"><ele>95.916191</ele><time>2021-02-13T15:00:45Z</time><extensions><speed>1.516334</speed><course>240.820312</course><hAcc>0.876880</hAcc><vAcc>0.687253</vAcc></extensions></trkpt>
      <trkpt lon="-82.151954" lat="33.557672"><ele>95.984085</ele><time>2021-02-13T15:00:46Z</time><extensions><speed>1.482908</speed><course>237.304688</course><hAcc>0.876880</hAcc><vAcc>0.687253</vAcc></extensions></trkpt>
      <trkpt lon="-82.151963" lat="33.557661"><ele>96.053696</ele><time>2021-02-13T15:00:47Z</time><extensions><speed>1.453187</speed><course>236.953125</course><hAcc>0.876880</hAcc><vAcc>0.687253</vAcc></extensions></trkpt>
      <trkpt lon="-82.151971" lat="33.557650"><ele>96.124146</ele><time>2021-02-13T15:00:48Z</time><extensions><speed>1.428699</speed><course>240.468750</course><hAcc>0.876880</hAcc><vAcc>0.687253</vAcc></extensions></trkpt>
      <trkpt lon="-82.151979" lat="33.557639"><ele>96.194565</ele><time>2021-02-13T15:00:49Z</time><extensions><speed>1.410379</speed><course>253.125000</course><hAcc>0.876880</hAcc><vAcc>0.687253</vAcc></extensions></trkpt>
      <trkpt lon="-82.151987" lat="33.557629"><ele>96.264153</ele><time>2021-02-13T15:00:50Z</time><extensions><speed>1.398148</speed><course>269.648438</course><hAcc>0.876880</hAcc><vAcc>0.687253</vAcc></extensions></trkpt>
      <trkpt lon="-82.151995" lat="33.557618"><ele>96.332359</ele><time>2021-02-13T15:00:51Z</time><extensions><speed>1.391097</speed><course>280.898438</course><hAcc>0.876880</hAcc><vAcc>0.687254</vAcc></extensions></trkpt>
      <trkpt lon="-82.152002" lat="33.557607"><ele>96.398949</ele><time>2021-02-13T15:00:52Z</time><extensions><speed>1.387940</speed><course>296.367188</course><hAcc>0.876880</hAcc><vAcc>0.687255</vAcc></extensions></trkpt>
      <trkpt lon="-82.152010" lat="33.557596"><ele>96.463974</ele><time>2021-02-13T15:00:53Z</time><extensions><speed>1.387338</speed><course>303.398438</course><hAcc>0.876881</hAcc><vAcc>0.687256</vAcc></extensions></trkpt>
      <trkpt lon="-82.152017" lat="33.557585"><ele>96.527679</ele><time>2021-02-13T15:00:54Z</time><extensions><speed>1.388086</speed><course>301.640625</course><hAcc>0.876883</hAcc><vAcc>0.687259</vAcc></extensions></trkpt>
      <trkpt lon="-82.152025" lat="33.557574"><ele>96.590431</ele><time>2021-02-13T15:00:55Z</time><extensions><speed>1.389320</speed><course>292.148438</course><hAcc>0.876886</hAcc><vAcc>0.687263</vAcc></extensions></trkpt>
      <trkpt lon="-82.152033" lat="33.557564"><ele>96.652664</ele><time>2021-02-13T15:00:56Z</time><extensions><speed>1.390647</speed><course>281.601562</course><hAcc>0.876892</hAcc><vAcc>0.687268</vAcc></extensions></trkpt>
      <trkpt lon="-82.152041" lat="33.557553"><ele>96.714828</ele><time>2021-02-13T15:00:57Z</time><extensions><speed>1.391866</speed><course>280.546875</course><hAcc>0.876900</hAcc><vAcc>0.687275</vAcc></extensions></trkpt>
      <trkpt lon="-82.152049" lat="33.557543"><ele>96.777237</ele><time>2021-02-13T15:00:58Z</time><extensions><speed>1.392676</speed><course>277.382812</course><hAcc>0.876912</hAcc><vAcc>0.687285</vAcc></extensions></trkpt>
      <trkpt lon="-82.152057" lat="33.557532"><ele>96.840065</ele><time>2021-02-13T15:00:59Z</time><extensions><speed>1.392395</speed><course>293.203125</course><hAcc>0.876929</hAcc><vAcc>0.687297</vAcc></extensions></trkpt>
      <trkpt lon="-82.152066" lat="33.557522"><ele>96.903366</ele><time>2021-02-13T15:01:00Z</time><extensions><speed>1.389984</speed><course>312.890625</course><hAcc>0.876951</hAcc><vAcc>0.687312</vAcc></extensions></trkpt>
      <trkpt lon="-82.152074" lat="33.557511"><ele>96.967186</ele><time>2021-02-13T15:01:01Z</time><extensions><speed>1.384756</speed><course>326.250000</course><hAcc>0.876979</hAcc><vAcc>0.687328</vAcc></extensions></trkpt>
      <trkpt lon="-82.152082" lat="33.557501"><ele>97.031609</ele><time>2021-02-13T15:01:02Z</time><extensions><speed>1.377067</speed><course>326.601562</course><hAcc>0.877014</hAcc><vAcc>0.687346</vAcc></extensions></trkpt>
      <trkpt lon="-82.152090" lat="33.557491"><ele>97.096680</ele><time>2021-02-13T15:01:03Z</time><extensions><speed>1.368224</speed><course>324.492188</course><hAcc>0.877053</hAcc><vAcc>0.687363</vAcc></extensions></trkpt>
      <trkpt lon="-82.152097" lat="33.557480"><ele>97.162445</ele><time>2021-02-13T15:01:04Z</time><extensions><speed>1.359427</speed><course>329.765625</course><hAcc>0.877094</hAcc><vAcc>0.687379</vAcc></extensions></trkpt>
      <trkpt lon="-82.152104" lat="33.557469"><ele>97.228935</ele><time>2021-02-13T15:01:05Z</time><extensions><speed>1.351126</speed><course>322.734375</course><hAcc>0.877135</hAcc><vAcc>0.687390</vAcc></extensions></trkpt>
      <trkpt lon="-82.152111" lat="33.557458"><ele>97.296204</ele><time>2021-02-13T15:01:06Z</time><extensions><speed>1.343472</speed><course>319.570312</course><hAcc>0.877168</hAcc><vAcc>0.687394</vAcc></extensions></trkpt>
      <trkpt lon="-82.152117" lat="33.557447"><ele>97.364365</ele><time>2021-02-13T15:01:07Z</time><extensions><speed>1.336366</speed><course>309.375000</course><hAcc>0.877187</hAcc><vAcc>0.687388</vAcc></extensions></trkpt>
      <trkpt lon="-82.152123" lat="33.557436"><ele>97.433609</ele><time>2021-02-13T15:01:08Z</time><extensions><speed>1.329616</speed><course>307.968750</course><hAcc>0.877186</hAcc><vAcc>0.687373</vAcc></extensions></trkpt>
      <trkpt lon="-82.152128" lat="33.557425"><ele>97.504105</ele><time>2021-02-13T15:01:09Z</time><extensions><speed>1.323440</speed><course>311.484375</course><hAcc>0.877162</hAcc><vAcc>0.687351</vAcc></extensions></trkpt>
      <trkpt lon="-82.152133" lat="33.557414"><ele>97.575905</ele><time>2021-02-13T15:01:10Z</time><extensions><speed>1.318495</speed><course>325.546875</course><hAcc>0.877118</hAcc><vAcc>0.687331</vAcc></extensions></trkpt>
      <trkpt lon="-82.152138" lat="33.557403"><ele>97.648911</ele><time>2021-02-13T15:01:11Z</time><extensions><speed>1.315770</speed><course>336.445312</course><hAcc>0.877072</hAcc><vAcc>0.687331</vAcc></extensions></trkpt>
      <trkpt lon="-82.152143" lat="33.557392"><ele>97.722878</ele><time>2021-02-13T15:01:12Z</time><extensions><speed>1.316586</speed><course>346.992188</course><hAcc>0.877065</hAcc><vAcc>0.687382</vAcc></extensions></trkpt>
      <trkpt lon="-82.152147" lat="33.557381"><ele>97.797523</ele><time>2021-02-13T15:01:13Z</time><extensions><speed>1.322097</speed><course>346.992188</course><hAcc>0.877176</hAcc><vAcc>0.687534</vAcc></extensions></trkpt>
      <trkpt lon="-82.152152" lat="33.557369"><ele>97.872612</ele><time>2021-02-13T15:01:14Z</time><extensions><speed>1.332571</speed><course>341.718750</course><hAcc>0.877534</hAcc><vAcc>0.687858</vAcc></extensions></trkpt>
      <trkpt lon="-82.152156" lat="33.557358"><ele>97.947838</ele><time>2021-02-13T15:01:15Z</time><extensions><speed>1.347857</speed><course>324.843750</course><hAcc>0.878333</hAcc><vAcc>0.688457</vAcc></extensions></trkpt>
      <trkpt lon="-82.152161" lat="33.557346"><ele>98.022827</ele><time>2021-02-13T15:01:16Z</time><extensions><speed>1.368203</speed><course>318.867188</course><hAcc>0.879854</hAcc><vAcc>0.689461</vAcc></extensions></trkpt>
      <trkpt lon="-82.152165" lat="33.557334"><ele>98.097069</ele><time>2021-02-13T15:01:17Z</time><extensions><speed>1.393964</speed><course>317.109375</course><hAcc>0.882465</hAcc><vAcc>0.691033</vAcc></extensions></trkpt>
      <trkpt lon="-82.152170" lat="33.557322"><ele>98.169922</ele><time>2021-02-13T15:01:18Z</time><extensions><speed>1.424554</speed><course>294.257812</course><hAcc>0.886620</hAcc><vAcc>0.693360</vAcc></extensions></trkpt>
      <trkpt lon="-82.152174" lat="33.557310"><ele>98.240753</ele><time>2021-02-13T15:01:19Z</time><extensions><speed>1.458213</speed><course>300.585938</course><hAcc>0.892832</hAcc><vAcc>0.696638</vAcc></extensions></trkpt>
      <trkpt lon="-82.152179" lat="33.557297"><ele>98.309212</ele><time>2021-02-13T15:01:20Z</time><extensions><speed>1.492500</speed><course>303.750000</course><hAcc>0.901615</hAcc><vAcc>0.701049</vAcc></extensions></trkpt>
      <trkpt lon="-82.152183" lat="33.557284"><ele>98.375183</ele><time>2021-02-13T15:01:21Z</time><extensions><speed>1.524810</speed><course>300.937500</course><hAcc>0.913391</hAcc><vAcc>0.706722</vAcc></extensions></trkpt>
      <trkpt lon="-82.152188" lat="33.557270"><ele>98.438774</ele><time>2021-02-13T15:01:22Z</time><extensions><speed>1.553040</speed><course>354.023438</course><hAcc>0.928359</hAcc><vAcc>0.713689</vAcc></extensions></trkpt>
      <trkpt lon="-82.152192" lat="33.557257"><ele>98.500198</ele><time>2021-02-13T15:01:23Z</time><extensions><speed>1.576144</speed><course>314.648438</course><hAcc>0.946339</hAcc><vAcc>0.721824</vAcc></extensions></trkpt>
      <trkpt lon="-82.152197" lat="33.557243"><ele>98.559601</ele><time>2021-02-13T15:01:24Z</time><extensions><speed>1.594257</speed><course>320.976562</course><hAcc>0.966613</hAcc><vAcc>0.730794</vAcc></extensions></trkpt>
      <trkpt lon="-82.152202" lat="33.557229"><ele>98.616959</ele><time>2021-02-13T15:01:25Z</time><extensions><speed>1.608273</speed><course>298.125000</course><hAcc>0.987800</hAcc><vAcc>0.740008</vAcc></extensions></trkpt>
      <trkpt lon="-82.152206" lat="33.557215"><ele>98.672012</ele><time>2021-02-13T15:01:26Z</time><extensions><speed>1.619371</speed><course>301.992188</course><hAcc>1.007792</hAcc><vAcc>0.748600</vAcc></extensions></trkpt>
      <trkpt lon="-82.152211" lat="33.557201"><ele>98.724380</ele><time>2021-02-13T15:01:27Z</time><extensions><speed>1.628363</speed><course>290.742188</course><hAcc>1.024123</hAcc><vAcc>0.755572</vAcc></extensions></trkpt>
      <trkpt lon="-82.152216" lat="33.557187"><ele>98.773666</ele><time>2021-02-13T15:01:28Z</time><extensions><speed>1.635540</speed><course>286.171875</course><hAcc>1.034746</hAcc><vAcc>0.760092</vAcc></extensions></trkpt>
      <trkpt lon="-82.152221" lat="33.557173"><ele>98.819572</ele><time>2021-02-13T15:01:29Z</time><extensions><speed>1.641171</speed><course>284.765625</course><hAcc>1.038424</hAcc><vAcc>0.761655</vAcc></extensions></trkpt>
      <trkpt lon="-82.152225" lat="33.557158"><ele>98.861801</ele><time>2021-02-13T15:01:30Z</time><extensions><speed>1.645591</speed><course>302.343750</course><hAcc>1.034746</hAcc><vAcc>0.760092</vAcc></extensions></trkpt>
      <trkpt lon="-82.152230" lat="33.557144"><ele>98.900101</ele><time>2021-02-13T15:01:31Z</time><extensions><speed>1.649177</speed><course>320.625000</course><hAcc>1.024123</hAcc><vAcc>0.755572</vAcc></extensions></trkpt>
      <trkpt lon="-82.152235" lat="33.557130"><ele>98.934250</ele><time>2021-02-13T15:01:32Z</time><extensions><speed>1.652409</speed><course>336.093750</course><hAcc>1.007792</hAcc><vAcc>0.748601</vAcc></extensions></trkpt>
      <trkpt lon="-82.152241" lat="33.557116"><ele>98.964142</ele><time>2021-02-13T15:01:33Z</time><extensions><speed>1.655841</speed><course>341.718750</course><hAcc>0.987800</hAcc><vAcc>0.740008</vAcc></extensions></trkpt>
      <trkpt lon="-82.152246" lat="33.557102"><ele>98.989799</ele><time>2021-02-13T15:01:34Z</time><extensions><speed>1.659883</speed><course>341.015625</course><hAcc>0.966613</hAcc><vAcc>0.730794</vAcc></extensions></trkpt>
      <trkpt lon="-82.152252" lat="33.557087"><ele>99.011345</ele><time>2021-02-13T15:01:35Z</time><extensions><speed>1.664511</speed><course>338.554688</course><hAcc>0.946339</hAcc><vAcc>0.721824</vAcc></extensions></trkpt>
      <trkpt lon="-82.152258" lat="33.557073"><ele>99.029045</ele><time>2021-02-13T15:01:36Z</time><extensions><speed>1.669415</speed><course>320.273438</course><hAcc>0.928359</hAcc><vAcc>0.713689</vAcc></extensions></trkpt>
      <trkpt lon="-82.152265" lat="33.557059"><ele>99.043335</ele><time>2021-02-13T15:01:37Z</time><extensions><speed>1.674477</speed><course>305.156250</course><hAcc>0.913391</hAcc><vAcc>0.706723</vAcc></extensions></trkpt>
      <trkpt lon="-82.152272" lat="33.557045"><ele>99.054756</ele><time>2021-02-13T15:01:38Z</time><extensions><speed>1.679813</speed><course>293.554688</course><hAcc>0.901614</hAcc><vAcc>0.701050</vAcc></extensions></trkpt>
      <trkpt lon="-82.152279" lat="33.557031"><ele>99.063889</ele><time>2021-02-13T15:01:39Z</time><extensions><speed>1.685434</speed><course>299.531250</course><hAcc>0.892831</hAcc><vAcc>0.696639</vAcc></extensions></trkpt>
      <trkpt lon="-82.152286" lat="33.557017"><ele>99.071342</ele><time>2021-02-13T15:01:40Z</time><extensions><speed>1.691004</speed><course>312.539062</course><hAcc>0.886619</hAcc><vAcc>0.693361</vAcc></extensions></trkpt>
      <trkpt lon="-82.152293" lat="33.557003"><ele>99.077744</ele><time>2021-02-13T15:01:41Z</time><extensions><speed>1.696069</speed><course>323.437500</course><hAcc>0.882465</hAcc><vAcc>0.691034</vAcc></extensions></trkpt>
      <trkpt lon="-82.152300" lat="33.556989"><ele>99.083694</ele><time>2021-02-13T15:01:42Z</time><extensions><speed>1.700310</speed><course>328.710938</course><hAcc>0.879854</hAcc><vAcc>0.689462</vAcc></extensions></trkpt>
      <trkpt lon="-82.152307" lat="33.556975"><ele>99.089691</ele><time>2021-02-13T15:01:43Z</time><extensions><speed>1.703633</speed><course>330.468750</course><hAcc>0.878333</hAcc><vAcc>0.688458</vAcc></extensions></trkpt>
      <trkpt lon="-82.152314" lat="33.556961"><ele>99.096085</ele><time>2021-02-13T15:01:44Z</time><extensions><speed>1.706203</speed><course>325.546875</course><hAcc>0.877533</hAcc><vAcc>0.687859</vAcc></extensions></trkpt>
      <trkpt lon="-82.152320" lat="33.556946"><ele>99.103218</ele><time>2021-02-13T15:01:45Z</time><extensions><speed>1.708423</speed><course>299.531250</course><hAcc>0.877175</hAcc><vAcc>0.687535</vAcc></extensions></trkpt>
      <trkpt lon="-82.152326" lat="33.556931"><ele>99.111267</ele><time>2021-02-13T15:01:46Z</time><extensions><speed>1.710620</speed><course>281.601562</course><hAcc>0.877065</hAcc><vAcc>0.687383</vAcc></extensions></trkpt>
      <trkpt lon="-82.152331" lat="33.556917"><ele>99.120163</ele><time>2021-02-13T15:01:47Z</time><extensions><speed>1.712842</speed><course>264.375000</course><hAcc>0.877071</hAcc><vAcc>0.687333</vAcc></extensions></trkpt>
      <trkpt lon="-82.152335" lat="33.556902"><ele>99.129517</ele><time>2021-02-13T15:01:48Z</time><extensions><speed>1.714969</speed><course>272.460938</course><hAcc>0.877117</hAcc><vAcc>0.687333</vAcc></extensions></trkpt>
      <trkpt lon="-82.152339" lat="33.556886"><ele>99.138702</ele><time>2021-02-13T15:01:49Z</time><extensions><speed>1.716732</speed><course>333.632812</course><hAcc>0.877161</hAcc><vAcc>0.687353</vAcc></extensions></trkpt>
      <trkpt lon="-82.152342" lat="33.556871"><ele>99.146980</ele><time>2021-02-13T15:01:50Z</time><extensions><speed>1.717821</speed><course>330.468750</course><hAcc>0.877185</hAcc><vAcc>0.687375</vAcc></extensions></trkpt>
      <trkpt lon="-82.152345" lat="33.556856"><ele>99.153648</ele><time>2021-02-13T15:01:51Z</time><extensions><speed>1.718221</speed><course>321.679688</course><hAcc>0.877186</hAcc><vAcc>0.687390</vAcc></extensions></trkpt>
      <trkpt lon="-82.152348" lat="33.556841"><ele>99.157959</ele><time>2021-02-13T15:01:52Z</time><extensions><speed>1.718251</speed><course>300.937500</course><hAcc>0.877167</hAcc><vAcc>0.687395</vAcc></extensions></trkpt>
      <trkpt lon="-82.152350" lat="33.556825"><ele>99.159134</ele><time>2021-02-13T15:01:53Z</time><extensions><speed>1.718067</speed><course>291.093750</course><hAcc>0.877134</hAcc><vAcc>0.687392</vAcc></extensions></trkpt>
      <trkpt lon="-82.152352" lat="33.556810"><ele>99.156433</ele><time>2021-02-13T15:01:54Z</time><extensions><speed>1.717398</speed><course>286.523438</course><hAcc>0.877093</hAcc><vAcc>0.687381</vAcc></extensions></trkpt>
      <trkpt lon="-82.152354" lat="33.556794"><ele>99.149147</ele><time>2021-02-13T15:01:55Z</time><extensions><speed>1.715862</speed><course>296.015625</course><hAcc>0.877052</hAcc><vAcc>0.687366</vAcc></extensions></trkpt>
      <trkpt lon="-82.152356" lat="33.556779"><ele>99.136559</ele><time>2021-02-13T15:01:56Z</time><extensions><speed>1.713312</speed><course>303.046875</course><hAcc>0.877013</hAcc><vAcc>0.687348</vAcc></extensions></trkpt>
      <trkpt lon="-82.152357" lat="33.556764"><ele>99.118011</ele><time>2021-02-13T15:01:57Z</time><extensions><speed>1.709859</speed><course>301.289062</course><hAcc>0.876979</hAcc><vAcc>0.687331</vAcc></extensions></trkpt>
      <trkpt lon="-82.152359" lat="33.556748"><ele>99.093002</ele><time>2021-02-13T15:01:58Z</time><extensions><speed>1.705680</speed><course>293.554688</course><hAcc>0.876951</hAcc><vAcc>0.687315</vAcc></extensions></trkpt>
      <trkpt lon="-82.152360" lat="33.556733"><ele>99.061218</ele><time>2021-02-13T15:01:59Z</time><extensions><speed>1.700693</speed><course>293.554688</course><hAcc>0.876929</hAcc><vAcc>0.687301</vAcc></extensions></trkpt>
      <trkpt lon="-82.152361" lat="33.556718"><ele>99.022621</ele><time>2021-02-13T15:02:00Z</time><extensions><speed>1.694244</speed><course>296.015625</course><hAcc>0.876913</hAcc><vAcc>0.687290</vAcc></extensions></trkpt>
      <trkpt lon="-82.152362" lat="33.556702"><ele>98.977600</ele><time>2021-02-13T15:02:01Z</time><extensions><speed>1.685187</speed><course>306.914062</course><hAcc>0.876902</hAcc><vAcc>0.687281</vAcc></extensions></trkpt>
      <trkpt lon="-82.152363" lat="33.556687"><ele>98.927002</ele><time>2021-02-13T15:02:02Z</time><extensions><speed>1.672208</speed><course>310.781250</course><hAcc>0.876895</hAcc><vAcc>0.687275</vAcc></extensions></trkpt>
      <trkpt lon="-82.152364" lat="33.556672"><ele>98.872047</ele><time>2021-02-13T15:02:03Z</time><extensions><speed>1.654487</speed><course>317.460938</course><hAcc>0.876892</hAcc><vAcc>0.687271</vAcc></extensions></trkpt>
      <trkpt lon="-82.152366" lat="33.556658"><ele>98.814133</ele><time>2021-02-13T15:02:04Z</time><extensions><speed>1.632373</speed><course>320.273438</course><hAcc>0.876891</hAcc><vAcc>0.687269</vAcc></extensions></trkpt>
      <trkpt lon="-82.152367" lat="33.556643"><ele>98.754776</ele><time>2021-02-13T15:02:05Z</time><extensions><speed>1.607010</speed><course>317.109375</course><hAcc>0.876892</hAcc><vAcc>0.687269</vAcc></extensions></trkpt>
      <trkpt lon="-82.152369" lat="33.556629"><ele>98.695419</ele><time>2021-02-13T15:02:06Z</time><extensions><speed>1.579579</speed><course>325.898438</course><hAcc>0.876895</hAcc><vAcc>0.687271</vAcc></extensions></trkpt>
      <trkpt lon="-82.152370" lat="33.556615"><ele>98.637360</ele><time>2021-02-13T15:02:07Z</time><extensions><speed>1.550975</speed><course>271.406250</course><hAcc>0.876901</hAcc><vAcc>0.687274</vAcc></extensions></trkpt>
      <trkpt lon="-82.152373" lat="33.556601"><ele>98.581734</ele><time>2021-02-13T15:02:08Z</time><extensions><speed>1.521738</speed><course>290.039062</course><hAcc>0.876908</hAcc><vAcc>0.687279</vAcc></extensions></trkpt>
      <trkpt lon="-82.152375" lat="33.556588"><ele>98.529549</ele><time>2021-02-13T15:02:09Z</time><extensions><speed>1.492365</speed><course>278.085938</course><hAcc>0.876919</hAcc><vAcc>0.687287</vAcc></extensions></trkpt>
      <trkpt lon="-82.152377" lat="33.556574"><ele>98.481651</ele><time>2021-02-13T15:02:10Z</time><extensions><speed>1.463715</speed><course>285.468750</course><hAcc>0.876933</hAcc><vAcc>0.687296</vAcc></extensions></trkpt>
      <trkpt lon="-82.152380" lat="33.556561"><ele>98.438660</ele><time>2021-02-13T15:02:11Z</time><extensions><speed>1.436559</speed><course>288.984375</course><hAcc>0.876933</hAcc><vAcc>0.687296</vAcc></extensions></trkpt>
      <trkpt lon="-82.152383" lat="33.556549"><ele>98.401085</ele><time>2021-02-13T15:02:12Z</time><extensions><speed>1.411390</speed><course>300.937500</course><hAcc>0.876919</hAcc><vAcc>0.687287</vAcc></extensions></trkpt>
      <trkpt lon="-82.152386" lat="33.556537"><ele>98.369125</ele><time>2021-02-13T15:02:13Z</time><extensions><speed>1.388577</speed><course>311.484375</course><hAcc>0.876908</hAcc><vAcc>0.687279</vAcc></extensions></trkpt>
      <trkpt lon="-82.152389" lat="33.556524"><ele>98.342812</ele><time>2021-02-13T15:02:14Z</time><extensions><speed>1.369019</speed><course>325.898438</course><hAcc>0.876900</hAcc><vAcc>0.687273</vAcc></extensions></trkpt>
      <trkpt lon="-82.152393" lat="33.556513"><ele>98.321938</ele><time>2021-02-13T15:02:15Z</time><extensions><speed>1.353853</speed><course>328.710938</course><hAcc>0.876894</hAcc><vAcc>0.687269</vAcc></extensions></trkpt>
      <trkpt lon="-82.152397" lat="33.556501"><ele>98.306015</ele><time>2021-02-13T15:02:16Z</time><extensions><speed>1.344212</speed><course>333.984375</course><hAcc>0.876890</hAcc><vAcc>0.687266</vAcc></extensions></trkpt>
      <trkpt lon="-82.152401" lat="33.556489"><ele>98.294250</ele><time>2021-02-13T15:02:17Z</time><extensions><speed>1.341292</speed><course>336.445312</course><hAcc>0.876886</hAcc><vAcc>0.687263</vAcc></extensions></trkpt>
      <trkpt lon="-82.152406" lat="33.556478"><ele>98.285515</ele><time>2021-02-13T15:02:18Z</time><extensions><speed>1.346136</speed><course>341.718750</course><hAcc>0.876884</hAcc><vAcc>0.687261</vAcc></extensions></trkpt>
      <trkpt lon="-82.152412" lat="33.556467"><ele>98.278503</ele><time>2021-02-13T15:02:19Z</time><extensions><speed>1.359207</speed><course>338.554688</course><hAcc>0.876882</hAcc><vAcc>0.687260</vAcc></extensions></trkpt>
      <trkpt lon="-82.152418" lat="33.556455"><ele>98.271912</ele><time>2021-02-13T15:02:20Z</time><extensions><speed>1.380238</speed><course>349.453125</course><hAcc>0.876881</hAcc><vAcc>0.687259</vAcc></extensions></trkpt>
      <trkpt lon="-82.152424" lat="33.556444"><ele>98.264595</ele><time>2021-02-13T15:02:21Z</time><extensions><speed>1.408463</speed><course>11.601562</course><hAcc>0.876880</hAcc><vAcc>0.687258</vAcc></extensions></trkpt>
      <trkpt lon="-82.152431" lat="33.556433"><ele>98.255531</ele><time>2021-02-13T15:02:22Z</time><extensions><speed>1.442860</speed><course>347.343750</course><hAcc>0.876879</hAcc><vAcc>0.687257</vAcc></extensions></trkpt>
      <trkpt lon="-82.152439" lat="33.556421"><ele>98.243935</ele><time>2021-02-13T15:02:23Z</time><extensions><speed>1.481979</speed><course>323.789062</course><hAcc>0.876878</hAcc><vAcc>0.687257</vAcc></extensions></trkpt>
      <trkpt lon="-82.152448" lat="33.556410"><ele>98.229225</ele><time>2021-02-13T15:02:24Z</time><extensions><speed>1.523563</speed><course>323.437500</course><hAcc>0.876878</hAcc><vAcc>0.687257</vAcc></extensions></trkpt>
      <trkpt lon="-82.152457" lat="33.556398"><ele>98.211197</ele><time>2021-02-13T15:02:25Z</time><extensions><speed>1.564650</speed><course>327.656250</course><hAcc>0.876877</hAcc><vAcc>0.687256</vAcc></extensions></trkpt>
      <trkpt lon="-82.152467" lat="33.556386"><ele>98.189926</ele><time>2021-02-13T15:02:26Z</time><extensions><speed>1.602231</speed><course>328.007812</course><hAcc>0.876877</hAcc><vAcc>0.687256</vAcc></extensions></trkpt>
      <trkpt lon="-82.152477" lat="33.556375"><ele>98.165642</ele><time>2021-02-13T15:02:27Z</time><extensions><speed>1.633914</speed><course>304.101562</course><hAcc>0.876877</hAcc><vAcc>0.687256</vAcc></extensions></trkpt>
      <trkpt lon="-82.152487" lat="33.556362"><ele>98.138611</ele><time>2021-02-13T15:02:28Z</time><extensions><speed>1.658244</speed><course>315.351562</course><hAcc>0.876877</hAcc><vAcc>0.687256</vAcc></extensions></trkpt>
      <trkpt lon="-82.152498" lat="33.556350"><ele>98.109100</ele><time>2021-02-13T15:02:29Z</time><extensions><speed>1.674562</speed><course>331.171875</course><hAcc>0.876877</hAcc><vAcc>0.687256</vAcc></extensions></trkpt>
      <trkpt lon="-82.152508" lat="33.556338"><ele>98.077385</ele><time>2021-02-13T15:02:30Z</time><extensions><speed>1.682705</speed><course>341.367188</course><hAcc>0.876877</hAcc><vAcc>0.687256</vAcc></extensions></trkpt>
      <trkpt lon="-82.152518" lat="33.556325"><ele>98.043663</ele><time>2021-02-13T15:02:31Z</time><extensions><speed>1.683210</speed><course>346.640625</course><hAcc>0.876877</hAcc><vAcc>0.687256</vAcc></extensions></trkpt>
      <trkpt lon="-82.152528" lat="33.556313"><ele>98.008049</ele><time>2021-02-13T15:02:32Z</time><extensions><speed>1.677493</speed><course>0.000000</course><hAcc>0.876877</hAcc><vAcc>0.687256</vAcc></extensions></trkpt>
      <trkpt lon="-82.152537" lat="33.556300"><ele>97.970612</ele><time>2021-02-13T15:02:33Z</time><extensions><speed>1.667150</speed><course>343.828125</course><hAcc>0.876877</hAcc><vAcc>0.687257</vAcc></extensions></trkpt>
      <trkpt lon="-82.152546" lat="33.556287"><ele>97.931267</ele><time>2021-02-13T15:02:34Z</time><extensions><speed>1.653868</speed><course>358.593750</course><hAcc>0.876877</hAcc><vAcc>0.687257</vAcc></extensions></trkpt>
      <trkpt lon="-82.152554" lat="33.556273"><ele>97.889870</ele><time>2021-02-13T15:02:35Z</time><extensions><speed>1.639898</speed><course>5.976562</course><hAcc>0.876877</hAcc><vAcc>0.687258</vAcc></extensions></trkpt>
      <trkpt lon="-82.152561" lat="33.556260"><ele>97.846169</ele><time>2021-02-13T15:02:36Z</time><extensions><speed>1.627810</speed><course>33.398438</course><hAcc>0.876878</hAcc><vAcc>0.687259</vAcc></extensions></trkpt>
      <trkpt lon="-82.152568" lat="33.556246"><ele>97.799957</ele><time>2021-02-13T15:02:37Z</time><extensions><speed>1.619705</speed><course>28.476562</course><hAcc>0.876878</hAcc><vAcc>0.687260</vAcc></extensions></trkpt>
      <trkpt lon="-82.152573" lat="33.556233"><ele>97.751144</ele><time>2021-02-13T15:02:38Z</time><extensions><speed>1.616813</speed><course>23.203125</course><hAcc>0.876879</hAcc><vAcc>0.687262</vAcc></extensions></trkpt>
      <trkpt lon="-82.152578" lat="33.556218"><ele>97.699753</ele><time>2021-02-13T15:02:39Z</time><extensions><speed>1.619587</speed><course>18.632812</course><hAcc>0.876881</hAcc><vAcc>0.687264</vAcc></extensions></trkpt>
      <trkpt lon="-82.152581" lat="33.556204"><ele>97.645813</ele><time>2021-02-13T15:02:40Z</time><extensions><speed>1.627537</speed><course>18.281250</course><hAcc>0.876882</hAcc><vAcc>0.687266</vAcc></extensions></trkpt>
      <trkpt lon="-82.152583" lat="33.556190"><ele>97.589317</ele><time>2021-02-13T15:02:41Z</time><extensions><speed>1.639143</speed><course>22.851562</course><hAcc>0.876884</hAcc><vAcc>0.687269</vAcc></extensions></trkpt>
      <trkpt lon="-82.152585" lat="33.556175"><ele>97.530220</ele><time>2021-02-13T15:02:42Z</time><extensions><speed>1.652250</speed><course>29.531250</course><hAcc>0.876887</hAcc><vAcc>0.687272</vAcc></extensions></trkpt>
      <trkpt lon="-82.152585" lat="33.556160"><ele>97.468422</ele><time>2021-02-13T15:02:43Z</time><extensions><speed>1.664482</speed><course>29.882812</course><hAcc>0.876890</hAcc><vAcc>0.687275</vAcc></extensions></trkpt>
      <trkpt lon="-82.152585" lat="33.556145"><ele>97.403740</ele><time>2021-02-13T15:02:44Z</time><extensions><speed>1.673683</speed><course>24.609375</course><hAcc>0.876894</hAcc><vAcc>0.687278</vAcc></extensions></trkpt>
      <trkpt lon="-82.152585" lat="33.556130"><ele>97.335960</ele><time>2021-02-13T15:02:45Z</time><extensions><speed>1.678148</speed><course>6.328125</course><hAcc>0.876897</hAcc><vAcc>0.687280</vAcc></extensions></trkpt>
      <trkpt lon="-82.152585" lat="33.556115"><ele>97.264824</ele><time>2021-02-13T15:02:46Z</time><extensions><speed>1.677051</speed><course>353.671875</course><hAcc>0.876901</hAcc><vAcc>0.687282</vAcc></extensions></trkpt>
      <trkpt lon="-82.152584" lat="33.556099"><ele>97.190018</ele><time>2021-02-13T15:02:47Z</time><extensions><speed>1.671076</speed><course>354.375000</course><hAcc>0.876904</hAcc><vAcc>0.687283</vAcc></extensions></trkpt>
      <trkpt lon="-82.152584" lat="33.556084"><ele>97.111244</ele><time>2021-02-13T15:02:48Z</time><extensions><speed>1.661951</speed><course>359.648438</course><hAcc>0.876907</hAcc><vAcc>0.687284</vAcc></extensions></trkpt>
      <trkpt lon="-82.152584" lat="33.556069"><ele>97.028267</ele><time>2021-02-13T15:02:49Z</time><extensions><speed>1.651666</speed><course>5.625000</course><hAcc>0.876909</hAcc><vAcc>0.687285</vAcc></extensions></trkpt>
      <trkpt lon="-82.152585" lat="33.556055"><ele>96.940918</ele><time>2021-02-13T15:02:50Z</time><extensions><speed>1.642201</speed><course>12.656250</course><hAcc>0.876912</hAcc><vAcc>0.687287</vAcc></extensions></trkpt>
      <trkpt lon="-82.152586" lat="33.556040"><ele>96.849060</ele><time>2021-02-13T15:02:51Z</time><extensions><speed>1.635317</speed><course>18.984375</course><hAcc>0.876915</hAcc><vAcc>0.687294</vAcc></extensions></trkpt>
      <trkpt lon="-82.152588" lat="33.556025"><ele>96.752609</ele><time>2021-02-13T15:02:52Z</time><extensions><speed>1.632094</speed><course>28.125000</course><hAcc>0.876922</hAcc><vAcc>0.687310</vAcc></extensions></trkpt>
      <trkpt lon="-82.152590" lat="33.556011"><ele>96.651558</ele><time>2021-02-13T15:02:53Z</time><extensions><speed>1.632711</speed><course>16.875000</course><hAcc>0.876937</hAcc><vAcc>0.687342</vAcc></extensions></trkpt>
      <trkpt lon="-82.152593" lat="33.555996"><ele>96.545952</ele><time>2021-02-13T15:02:54Z</time><extensions><speed>1.636564</speed><course>18.632812</course><hAcc>0.876968</hAcc><vAcc>0.687402</vAcc></extensions></trkpt>
      <trkpt lon="-82.152596" lat="33.555982"><ele>96.435944</ele><time>2021-02-13T15:02:55Z</time><extensions><speed>1.642339</speed><course>17.226562</course><hAcc>0.877026</hAcc><vAcc>0.687503</vAcc></extensions></trkpt>
      <trkpt lon="-82.152600" lat="33.555967"><ele>96.321793</ele><time>2021-02-13T15:02:56Z</time><extensions><speed>1.648336</speed><course>24.257812</course><hAcc>0.877128</hAcc><vAcc>0.687665</vAcc></extensions></trkpt>
      <trkpt lon="-82.152604" lat="33.555953"><ele>96.203880</ele><time>2021-02-13T15:02:57Z</time><extensions><speed>1.652972</speed><course>31.640625</course><hAcc>0.877297</hAcc><vAcc>0.687912</vAcc></extensions></trkpt>
      <trkpt lon="-82.152608" lat="33.555938"><ele>96.082710</ele><time>2021-02-13T15:02:58Z</time><extensions><speed>1.655060</speed><course>42.539062</course><hAcc>0.877564</hAcc><vAcc>0.688269</vAcc></extensions></trkpt>
      <trkpt lon="-82.152611" lat="33.555923"><ele>95.958862</ele><time>2021-02-13T15:02:59Z</time><extensions><speed>1.653774</speed><course>47.460938</course><hAcc>0.877964</hAcc><vAcc>0.688769</vAcc></extensions></trkpt>
      <trkpt lon="-82.152615" lat="33.555909"><ele>95.833008</ele><time>2021-02-13T15:03:00Z</time><extensions><speed>1.648380</speed><course>44.648438</course><hAcc>0.878541</hAcc><vAcc>0.689442</vAcc></extensions></trkpt>
      <trkpt lon="-82.152618" lat="33.555894"><ele>95.705788</ele><time>2021-02-13T15:03:01Z</time><extensions><speed>1.638144</speed><course>36.914062</course><hAcc>0.879340</hAcc><vAcc>0.690313</vAcc></extensions></trkpt>
      <trkpt lon="-82.152621" lat="33.555880"><ele>95.577766</ele><time>2021-02-13T15:03:02Z</time><extensions><speed>1.622338</speed><course>30.234375</course><hAcc>0.880404</hAcc><vAcc>0.691400</vAcc></extensions></trkpt>
      <trkpt lon="-82.152624" lat="33.555865"><ele>95.449493</ele><time>2021-02-13T15:03:03Z</time><extensions><speed>1.600512</speed><course>10.898438</course><hAcc>0.881765</hAcc><vAcc>0.692703</vAcc></extensions></trkpt>
      <trkpt lon="-82.152626" lat="33.555851"><ele>95.321404</ele><time>2021-02-13T15:03:04Z</time><extensions><speed>1.572775</speed><course>348.750000</course><hAcc>0.883431</hAcc><vAcc>0.694197</vAcc></extensions></trkpt>
      <trkpt lon="-82.152628" lat="33.555837"><ele>95.193863</ele><time>2021-02-13T15:03:05Z</time><extensions><speed>1.539545</speed><course>346.640625</course><hAcc>0.885379</hAcc><vAcc>0.695825</vAcc></extensions></trkpt>
      <trkpt lon="-82.152630" lat="33.555824"><ele>95.067184</ele><time>2021-02-13T15:03:06Z</time><extensions><speed>1.501605</speed><course>358.593750</course><hAcc>0.887535</hAcc><vAcc>0.697494</vAcc></extensions></trkpt>
      <trkpt lon="-82.152631" lat="33.555810"><ele>94.941658</ele><time>2021-02-13T15:03:07Z</time><extensions><speed>1.460375</speed><course>15.117188</course><hAcc>0.889770</hAcc><vAcc>0.699076</vAcc></extensions></trkpt>
      <trkpt lon="-82.152633" lat="33.555797"><ele>94.817490</ele><time>2021-02-13T15:03:08Z</time><extensions><speed>1.417770</speed><course>12.304688</course><hAcc>0.891897</hAcc><vAcc>0.700422</vAcc></extensions></trkpt>
      <trkpt lon="-82.152634" lat="33.555785"><ele>94.694862</ele><time>2021-02-13T15:03:09Z</time><extensions><speed>1.375750</speed><course>21.445312</course><hAcc>0.893694</hAcc><vAcc>0.701388</vAcc></extensions></trkpt>
      <trkpt lon="-82.152635" lat="33.555773"><ele>94.573936</ele><time>2021-02-13T15:03:10Z</time><extensions><speed>1.336128</speed><course>22.851562</course><hAcc>0.894953</hAcc><vAcc>0.701893</vAcc></extensions></trkpt>
      <trkpt lon="-82.152635" lat="33.555761"><ele>94.454918</ele><time>2021-02-13T15:03:11Z</time><extensions><speed>1.300396</speed><course>29.531250</course><hAcc>0.895580</hAcc><vAcc>0.702014</vAcc></extensions></trkpt>
      <trkpt lon="-82.152635" lat="33.555749"><ele>94.338051</ele><time>2021-02-13T15:03:12Z</time><extensions><speed>1.269481</speed><course>39.023438</course><hAcc>0.895764</hAcc><vAcc>0.702119</vAcc></extensions></trkpt>
      <trkpt lon="-82.152635" lat="33.555738"><ele>94.223656</ele><time>2021-02-13T15:03:13Z</time><extensions><speed>1.243836</speed><course>358.593750</course><hAcc>0.896239</hAcc><vAcc>0.703068</vAcc></extensions></trkpt>
      <trkpt lon="-82.152634" lat="33.555727"><ele>94.112061</ele><time>2021-02-13T15:03:14Z</time><extensions><speed>1.223846</speed><course>14.765625</course><hAcc>0.898653</hAcc><vAcc>0.706456</vAcc></extensions></trkpt>
      <trkpt lon="-82.152632" lat="33.555716"><ele>94.003471</ele><time>2021-02-13T15:03:15Z</time><extensions><speed>1.209842</speed><course>8.789062</course><hAcc>0.906030</hAcc><vAcc>0.714888</vAcc></extensions></trkpt>
      <trkpt lon="-82.152630" lat="33.555705"><ele>93.898170</ele><time>2021-02-13T15:03:16Z</time><extensions><speed>1.201427</speed><course>14.062500</course><hAcc>0.923204</hAcc><vAcc>0.732151</vAcc></extensions></trkpt>
      <trkpt lon="-82.152627" lat="33.555695"><ele>93.796539</ele><time>2021-02-13T15:03:17Z</time><extensions><speed>1.197514</speed><course>5.273438</course><hAcc>0.956980</hAcc><vAcc>0.763144</vAcc></extensions></trkpt>
      <trkpt lon="-82.152619" lat="33.555690"><ele>93.642090</ele><time>2021-02-13T15:03:18Z</time><extensions><speed>1.262974</speed><course>261.914062</course><hAcc>0.920588</hAcc><vAcc>0.730878</vAcc></extensions></trkpt>
      <trkpt lon="-82.152608" lat="33.555684"><ele>93.585793</ele><time>2021-02-13T15:03:19Z</time><extensions><speed>1.301598</speed><course>256.640625</course><hAcc>0.902823</hAcc><vAcc>0.712701</vAcc></extensions></trkpt>
      <trkpt lon="-82.152596" lat="33.555678"><ele>93.542664</ele><time>2021-02-13T15:03:20Z</time><extensions><speed>1.346306</speed><course>254.882812</course><hAcc>0.896031</hAcc><vAcc>0.704312</vAcc></extensions></trkpt>
      <trkpt lon="-82.152583" lat="33.555672"><ele>93.514130</ele><time>2021-02-13T15:03:21Z</time><extensions><speed>1.396405</speed><course>242.929688</course><hAcc>0.894671</hAcc><vAcc>0.701453</vAcc></extensions></trkpt>
      <trkpt lon="-82.152569" lat="33.555666"><ele>93.501129</ele><time>2021-02-13T15:03:22Z</time><extensions><speed>1.451146</speed><course>246.796875</course><hAcc>0.895280</hAcc><vAcc>0.701192</vAcc></extensions></trkpt>
      <trkpt lon="-82.152554" lat="33.555661"><ele>93.504074</ele><time>2021-02-13T15:03:23Z</time><extensions><speed>1.509000</speed><course>249.609375</course><hAcc>0.895981</hAcc><vAcc>0.701735</vAcc></extensions></trkpt>
      <trkpt lon="-82.152539" lat="33.555657"><ele>93.522804</ele><time>2021-02-13T15:03:24Z</time><extensions><speed>1.567327</speed><course>259.453125</course><hAcc>0.895959</hAcc><vAcc>0.702135</vAcc></extensions></trkpt>
      <trkpt lon="-82.152522" lat="33.555652"><ele>93.556503</ele><time>2021-02-13T15:03:25Z</time><extensions><speed>1.623037</speed><course>262.617188</course><hAcc>0.895037</hAcc><vAcc>0.702004</vAcc></extensions></trkpt>
      <trkpt lon="-82.152505" lat="33.555648"><ele>93.603668</ele><time>2021-02-13T15:03:26Z</time><extensions><speed>1.673028</speed><course>245.742188</course><hAcc>0.893385</hAcc><vAcc>0.701304</vAcc></extensions></trkpt>
      <trkpt lon="-82.152488" lat="33.555644"><ele>93.662262</ele><time>2021-02-13T15:03:27Z</time><extensions><speed>1.714676</speed><course>249.609375</course><hAcc>0.891339</hAcc><vAcc>0.700188</vAcc></extensions></trkpt>
      <trkpt lon="-82.152470" lat="33.555639"><ele>93.729988</ele><time>2021-02-13T15:03:28Z</time><extensions><speed>1.746480</speed><course>242.578125</course><hAcc>0.889306</hAcc><vAcc>0.698906</vAcc></extensions></trkpt>
      <trkpt lon="-82.152452" lat="33.555635"><ele>93.804520</ele><time>2021-02-13T15:03:29Z</time><extensions><speed>1.768144</speed><course>242.929688</course><hAcc>0.887725</hAcc><vAcc>0.697746</vAcc></extensions></trkpt>
      <trkpt lon="-82.152433" lat="33.555631"><ele>93.883705</ele><time>2021-02-13T15:03:30Z</time><extensions><speed>1.780125</speed><course>248.554688</course><hAcc>0.887070</hAcc><vAcc>0.697013</vAcc></extensions></trkpt>
      <trkpt lon="-82.152415" lat="33.555626"><ele>93.965630</ele><time>2021-02-13T15:03:31Z</time><extensions><speed>1.783505</speed><course>254.531250</course><hAcc>0.887868</hAcc><vAcc>0.697007</vAcc></extensions></trkpt>
      <trkpt lon="-82.152397" lat="33.555621"><ele>94.048767</ele><time>2021-02-13T15:03:32Z</time><extensions><speed>1.780000</speed><course>248.203125</course><hAcc>0.890709</hAcc><vAcc>0.698029</vAcc></extensions></trkpt>
      <trkpt lon="-82.152379" lat="33.555616"><ele>94.132011</ele><time>2021-02-13T15:03:33Z</time><extensions><speed>1.771538</speed><course>213.398438</course><hAcc>0.896253</hAcc><vAcc>0.700366</vAcc></extensions></trkpt>
      <trkpt lon="-82.152361" lat="33.555610"><ele>94.214691</ele><time>2021-02-13T15:03:34Z</time><extensions><speed>1.759974</speed><course>236.953125</course><hAcc>0.905186</hAcc><vAcc>0.704282</vAcc></extensions></trkpt>
      <trkpt lon="-82.152343" lat="33.555605"><ele>94.296440</ele><time>2021-02-13T15:03:35Z</time><extensions><speed>1.746943</speed><course>243.632812</course><hAcc>0.918142</hAcc><vAcc>0.709985</vAcc></extensions></trkpt>
      <trkpt lon="-82.152326" lat="33.555599"><ele>94.377159</ele><time>2021-02-13T15:03:36Z</time><extensions><speed>1.733884</speed><course>250.664062</course><hAcc>0.935563</hAcc><vAcc>0.717587</vAcc></extensions></trkpt>
      <trkpt lon="-82.152309" lat="33.555593"><ele>94.457031</ele><time>2021-02-13T15:03:37Z</time><extensions><speed>1.722184</speed><course>250.664062</course><hAcc>0.957526</hAcc><vAcc>0.727049</vAcc></extensions></trkpt>
      <trkpt lon="-82.152292" lat="33.555586"><ele>94.536499</ele><time>2021-02-13T15:03:38Z</time><extensions><speed>1.713022</speed><course>238.007812</course><hAcc>0.983548</hAcc><vAcc>0.738113</vAcc></extensions></trkpt>
      <trkpt lon="-82.152275" lat="33.555580"><ele>94.616043</ele><time>2021-02-13T15:03:39Z</time><extensions><speed>1.707197</speed><course>231.679688</course><hAcc>1.012416</hAcc><vAcc>0.750251</vAcc></extensions></trkpt>
      <trkpt lon="-82.152258" lat="33.555575"><ele>94.695908</ele><time>2021-02-13T15:03:40Z</time><extensions><speed>1.704973</speed><course>236.250000</course><hAcc>1.042084</hAcc><vAcc>0.762624</vAcc></extensions></trkpt>
      <trkpt lon="-82.152241" lat="33.555569"><ele>94.775963</ele><time>2021-02-13T15:03:41Z</time><extensions><speed>1.706429</speed><course>247.500000</course><hAcc>1.070007</hAcc><vAcc>0.774215</vAcc></extensions></trkpt>
      <trkpt lon="-82.152223" lat="33.555564"><ele>94.855965</ele><time>2021-02-13T15:03:42Z</time><extensions><speed>1.711609</speed><course>250.664062</course><hAcc>1.093894</hAcc><vAcc>0.784105</vAcc></extensions></trkpt>
      <trkpt lon="-82.152206" lat="33.555559"><ele>94.935837</ele><time>2021-02-13T15:03:43Z</time><extensions><speed>1.720065</speed><course>246.093750</course><hAcc>1.112063</hAcc><vAcc>0.791619</vAcc></extensions></trkpt>
      <trkpt lon="-82.152188" lat="33.555555"><ele>95.015656</ele><time>2021-02-13T15:03:44Z</time><extensions><speed>1.730859</speed><course>241.171875</course><hAcc>1.123387</hAcc><vAcc>0.796299</vAcc></extensions></trkpt>
      <trkpt lon="-82.152170" lat="33.555551"><ele>95.095734</ele><time>2021-02-13T15:03:45Z</time><extensions><speed>1.742820</speed><course>247.500000</course><hAcc>1.127229</hAcc><vAcc>0.797887</vAcc></extensions></trkpt>
      <trkpt lon="-82.152151" lat="33.555548"><ele>95.176514</ele><time>2021-02-13T15:03:46Z</time><extensions><speed>1.754815</speed><course>258.750000</course><hAcc>1.123381</hAcc><vAcc>0.796297</vAcc></extensions></trkpt>
      <trkpt lon="-82.152133" lat="33.555545"><ele>95.258377</ele><time>2021-02-13T15:03:47Z</time><extensions><speed>1.765819</speed><course>255.234375</course><hAcc>1.112050</hAcc><vAcc>0.791609</vAcc></extensions></trkpt>
      <trkpt lon="-82.152114" lat="33.555542"><ele>95.341606</ele><time>2021-02-13T15:03:48Z</time><extensions><speed>1.774968</speed><course>254.882812</course><hAcc>1.093873</hAcc><vAcc>0.784079</vAcc></extensions></trkpt>
      <trkpt lon="-82.152095" lat="33.555539"><ele>95.426338</ele><time>2021-02-13T15:03:49Z</time><extensions><speed>1.781617</speed><course>247.851562</course><hAcc>1.069970</hAcc><vAcc>0.774154</vAcc></extensions></trkpt>
      <trkpt lon="-82.152076" lat="33.555537"><ele>95.512596</ele><time>2021-02-13T15:03:50Z</time><extensions><speed>1.785294</speed><course>252.421875</course><hAcc>1.042017</hAcc><vAcc>0.762500</vAcc></extensions></trkpt>
      <trkpt lon="-82.152057" lat="33.555534"><ele>95.600273</ele><time>2021-02-13T15:03:51Z</time><extensions><speed>1.785666</speed><course>252.070312</course><hAcc>1.012294</hAcc><vAcc>0.750019</vAcc></extensions></trkpt>
      <trkpt lon="-82.152038" lat="33.555532"><ele>95.689140</ele><time>2021-02-13T15:03:52Z</time><extensions><speed>1.782374</speed><course>258.046875</course><hAcc>0.983325</hAcc><vAcc>0.737708</vAcc></extensions></trkpt>
      <trkpt lon="-82.152019" lat="33.555529"><ele>95.778969</ele><time>2021-02-13T15:03:53Z</time><extensions><speed>1.775168</speed><course>260.156250</course><hAcc>0.957129</hAcc><vAcc>0.726378</vAcc></extensions></trkpt>
      <trkpt lon="-82.152000" lat="33.555527"><ele>95.869545</ele><time>2021-02-13T15:03:54Z</time><extensions><speed>1.764211</speed><course>260.859375</course><hAcc>0.934883</hAcc><vAcc>0.716526</vAcc></extensions></trkpt>
      <trkpt lon="-82.151982" lat="33.555524"><ele>95.960609</ele><time>2021-02-13T15:03:55Z</time><extensions><speed>1.749917</speed><course>247.148438</course><hAcc>0.917026</hAcc><vAcc>0.708374</vAcc></extensions></trkpt>
      <trkpt lon="-82.151963" lat="33.555521"><ele>96.051735</ele><time>2021-02-13T15:03:56Z</time><extensions><speed>1.732736</speed><course>238.710938</course><hAcc>0.903431</hAcc><vAcc>0.701931</vAcc></extensions></trkpt>
      <trkpt lon="-82.151945" lat="33.555519"><ele>96.142319</ele><time>2021-02-13T15:03:57Z</time><extensions><speed>1.712969</speed><course>243.281250</course><hAcc>0.893607</hAcc><vAcc>0.697056</vAcc></extensions></trkpt>
      <trkpt lon="-82.151927" lat="33.555516"><ele>96.231621</ele><time>2021-02-13T15:03:58Z</time><extensions><speed>1.691075</speed><course>255.585938</course><hAcc>0.886874</hAcc><vAcc>0.693526</vAcc></extensions></trkpt>
      <trkpt lon="-82.151909" lat="33.555513"><ele>96.318825</ele><time>2021-02-13T15:03:59Z</time><extensions><speed>1.668135</speed><course>258.398438</course><hAcc>0.882518</hAcc><vAcc>0.691084</vAcc></extensions></trkpt>
      <trkpt lon="-82.151892" lat="33.555509"><ele>96.403130</ele><time>2021-02-13T15:04:00Z</time><extensions><speed>1.645556</speed><course>253.125000</course><hAcc>0.879878</hAcc><vAcc>0.689478</vAcc></extensions></trkpt>
      <trkpt lon="-82.151875" lat="33.555506"><ele>96.483902</ele><time>2021-02-13T15:04:01Z</time><extensions><speed>1.624475</speed><course>246.445312</course><hAcc>0.878404</hAcc><vAcc>0.688480</vAcc></extensions></trkpt>
      <trkpt lon="-82.151858" lat="33.555502"><ele>96.560616</ele><time>2021-02-13T15:04:02Z</time><extensions><speed>1.605261</speed><course>256.992188</course><hAcc>0.877670</hAcc><vAcc>0.687905</vAcc></extensions></trkpt>
      <trkpt lon="-82.151841" lat="33.555498"><ele>96.632851</ele><time>2021-02-13T15:04:03Z</time><extensions><speed>1.587653</speed><course>259.804688</course><hAcc>0.877366</hAcc><vAcc>0.687604</vAcc></extensions></trkpt>
      <trkpt lon="-82.151825" lat="33.555495"><ele>96.700264</ele><time>2021-02-13T15:04:04Z</time><extensions><speed>1.571238</speed><course>258.046875</course><hAcc>0.877285</hAcc><vAcc>0.687471</vAcc></extensions></trkpt>
      <trkpt lon="-82.151809" lat="33.555490"><ele>96.762573</ele><time>2021-02-13T15:04:05Z</time><extensions><speed>1.555627</speed><course>246.796875</course><hAcc>0.877299</hAcc><vAcc>0.687429</vAcc></extensions></trkpt>
      <trkpt lon="-82.151793" lat="33.555486"><ele>96.819595</ele><time>2021-02-13T15:04:06Z</time><extensions><speed>1.540678</speed><course>252.421875</course><hAcc>0.877333</hAcc><vAcc>0.687431</vAcc></extensions></trkpt>
      <trkpt lon="-82.151777" lat="33.555482"><ele>96.871201</ele><time>2021-02-13T15:04:07Z</time><extensions><speed>1.526568</speed><course>261.562500</course><hAcc>0.877352</hAcc><vAcc>0.687445</vAcc></extensions></trkpt>
      <trkpt lon="-82.151762" lat="33.555478"><ele>96.917389</ele><time>2021-02-13T15:04:08Z</time><extensions><speed>1.513728</speed><course>244.687500</course><hAcc>0.877345</hAcc><vAcc>0.687457</vAcc></extensions></trkpt>
      <trkpt lon="-82.151746" lat="33.555473"><ele>96.958244</ele><time>2021-02-13T15:04:09Z</time><extensions><speed>1.502719</speed><course>253.476562</course><hAcc>0.877314</hAcc><vAcc>0.687460</vAcc></extensions></trkpt>
      <trkpt lon="-82.151731" lat="33.555469"><ele>96.993973</ele><time>2021-02-13T15:04:10Z</time><extensions><speed>1.494060</speed><course>262.265625</course><hAcc>0.877264</hAcc><vAcc>0.687453</vAcc></extensions></trkpt>
      <trkpt lon="-82.151716" lat="33.555464"><ele>97.024879</ele><time>2021-02-13T15:04:11Z</time><extensions><speed>1.488237</speed><course>256.289062</course><hAcc>0.877204</hAcc><vAcc>0.687437</vAcc></extensions></trkpt>
      <trkpt lon="-82.151701" lat="33.555460"><ele>97.051262</ele><time>2021-02-13T15:04:12Z</time><extensions><speed>1.485486</speed><course>255.234375</course><hAcc>0.877142</hAcc><vAcc>0.687416</vAcc></extensions></trkpt>
      <trkpt lon="-82.151686" lat="33.555455"><ele>97.073433</ele><time>2021-02-13T15:04:13Z</time><extensions><speed>1.485603</speed><course>253.476562</course><hAcc>0.877084</hAcc><vAcc>0.687391</vAcc></extensions></trkpt>
      <trkpt lon="-82.151671" lat="33.555451"><ele>97.091797</ele><time>2021-02-13T15:04:14Z</time><extensions><speed>1.488086</speed><course>247.148438</course><hAcc>0.877032</hAcc><vAcc>0.687366</vAcc></extensions></trkpt>
      <trkpt lon="-82.151656" lat="33.555446"><ele>97.107002</ele><time>2021-02-13T15:04:15Z</time><extensions><speed>1.492361</speed><course>258.398438</course><hAcc>0.876989</hAcc><vAcc>0.687343</vAcc></extensions></trkpt>
      <trkpt lon="-82.151641" lat="33.555441"><ele>97.119911</ele><time>2021-02-13T15:04:16Z</time><extensions><speed>1.497901</speed><course>259.804688</course><hAcc>0.876955</hAcc><vAcc>0.687323</vAcc></extensions></trkpt>
      <trkpt lon="-82.151626" lat="33.555436"><ele>97.131615</ele><time>2021-02-13T15:04:17Z</time><extensions><speed>1.504135</speed><course>241.523438</course><hAcc>0.876929</hAcc><vAcc>0.687305</vAcc></extensions></trkpt>
      <trkpt lon="-82.151611" lat="33.555431"><ele>97.143349</ele><time>2021-02-13T15:04:18Z</time><extensions><speed>1.510421</speed><course>254.882812</course><hAcc>0.876911</hAcc><vAcc>0.687292</vAcc></extensions></trkpt>
      <trkpt lon="-82.151596" lat="33.555425"><ele>97.156364</ele><time>2021-02-13T15:04:19Z</time><extensions><speed>1.516117</speed><course>246.796875</course><hAcc>0.876897</hAcc><vAcc>0.687281</vAcc></extensions></trkpt>
      <trkpt lon="-82.151581" lat="33.555420"><ele>97.171776</ele><time>2021-02-13T15:04:20Z</time><extensions><speed>1.520280</speed><course>256.992188</course><hAcc>0.876889</hAcc><vAcc>0.687273</vAcc></extensions></trkpt>
      <trkpt lon="-82.151566" lat="33.555414"><ele>97.190544</ele><time>2021-02-13T15:04:21Z</time><extensions><speed>1.521811</speed><course>254.179688</course><hAcc>0.876883</hAcc><vAcc>0.687267</vAcc></extensions></trkpt>
      <trkpt lon="-82.151551" lat="33.555408"><ele>97.213478</ele><time>2021-02-13T15:04:22Z</time><extensions><speed>1.520272</speed><course>253.828125</course><hAcc>0.876880</hAcc><vAcc>0.687263</vAcc></extensions></trkpt>
      <trkpt lon="-82.151537" lat="33.555402"><ele>97.241135</ele><time>2021-02-13T15:04:23Z</time><extensions><speed>1.515924</speed><course>252.070312</course><hAcc>0.876878</hAcc><vAcc>0.687260</vAcc></extensions></trkpt>
      <trkpt lon="-82.151522" lat="33.555396"><ele>97.273956</ele><time>2021-02-13T15:04:24Z</time><extensions><speed>1.509295</speed><course>246.445312</course><hAcc>0.876877</hAcc><vAcc>0.687259</vAcc></extensions></trkpt>
      <trkpt lon="-82.151507" lat="33.555390"><ele>97.312347</ele><time>2021-02-13T15:04:25Z</time><extensions><speed>1.500987</speed><course>247.851562</course><hAcc>0.876876</hAcc><vAcc>0.687258</vAcc></extensions></trkpt>
      <trkpt lon="-82.151493" lat="33.555385"><ele>97.356636</ele><time>2021-02-13T15:04:26Z</time><extensions><speed>1.491650</speed><course>243.984375</course><hAcc>0.876876</hAcc><vAcc>0.687257</vAcc></extensions></trkpt>
      <trkpt lon="-82.151478" lat="33.555379"><ele>97.406891</ele><time>2021-02-13T15:04:27Z</time><extensions><speed>1.481913</speed><course>249.609375</course><hAcc>0.876876</hAcc><vAcc>0.687257</vAcc></extensions></trkpt>
      <trkpt lon="-82.151464" lat="33.555374"><ele>97.462814</ele><time>2021-02-13T15:04:28Z</time><extensions><speed>1.472144</speed><course>251.718750</course><hAcc>0.876876</hAcc><vAcc>0.687257</vAcc></extensions></trkpt>
      <trkpt lon="-82.151449" lat="33.555369"><ele>97.523773</ele><time>2021-02-13T15:04:29Z</time><extensions><speed>1.462535</speed><course>247.148438</course><hAcc>0.876876</hAcc><vAcc>0.687257</vAcc></extensions></trkpt>
      <trkpt lon="-82.151434" lat="33.555364"><ele>97.588867</ele><time>2021-02-13T15:04:30Z</time><extensions><speed>1.453281</speed><course>251.367188</course><hAcc>0.876876</hAcc><vAcc>0.687257</vAcc></extensions></trkpt>
      <trkpt lon="-82.151420" lat="33.555359"><ele>97.657028</ele><time>2021-02-13T15:04:31Z</time><extensions><speed>1.444583</speed><course>249.609375</course><hAcc>0.876876</hAcc><vAcc>0.687257</vAcc></extensions></trkpt>
      <trkpt lon="-82.151405" lat="33.555355"><ele>97.727188</ele><time>2021-02-13T15:04:32Z</time><extensions><speed>1.436853</speed><course>249.960938</course><hAcc>0.876876</hAcc><vAcc>0.687257</vAcc></extensions></trkpt>
      <trkpt lon="-82.151390" lat="33.555351"><ele>97.798546</ele><time>2021-02-13T15:04:33Z</time><extensions><speed>1.430885</speed><course>246.093750</course><hAcc>0.876876</hAcc><vAcc>0.687257</vAcc></extensions></trkpt>
      <trkpt lon="-82.151376" lat="33.555347"><ele>97.870682</ele><time>2021-02-13T15:04:34Z</time><extensions><speed>1.427474</speed><course>250.312500</course><hAcc>0.876876</hAcc><vAcc>0.687257</vAcc></extensions></trkpt>
      <trkpt lon="-82.151361" lat="33.555344"><ele>97.943542</ele><time>2021-02-13T15:04:35Z</time><extensions><speed>1.426898</speed><course>243.632812</course><hAcc>0.876876</hAcc><vAcc>0.687257</vAcc></extensions></trkpt>
      <trkpt lon="-82.151346" lat="33.555341"><ele>98.017273</ele><time>2021-02-13T15:04:36Z</time><extensions><speed>1.428884</speed><course>285.117188</course><hAcc>0.876876</hAcc><vAcc>0.687257</vAcc></extensions></trkpt>
      <trkpt lon="-82.151331" lat="33.555338"><ele>98.092049</ele><time>2021-02-13T15:04:37Z</time><extensions><speed>1.432880</speed><course>265.781250</course><hAcc>0.876876</hAcc><vAcc>0.687257</vAcc></extensions></trkpt>
      <trkpt lon="-82.151316" lat="33.555336"><ele>98.167931</ele><time>2021-02-13T15:04:38Z</time><extensions><speed>1.438473</speed><course>265.078125</course><hAcc>0.876876</hAcc><vAcc>0.687257</vAcc></extensions></trkpt>
      <trkpt lon="-82.151300" lat="33.555334"><ele>98.244972</ele><time>2021-02-13T15:04:39Z</time><extensions><speed>1.445883</speed><course>248.906250</course><hAcc>0.876876</hAcc><vAcc>0.687257</vAcc></extensions></trkpt>
      <trkpt lon="-82.151285" lat="33.555333"><ele>98.323235</ele><time>2021-02-13T15:04:40Z</time><extensions><speed>1.455602</speed><course>232.382812</course><hAcc>0.876876</hAcc><vAcc>0.687258</vAcc></extensions></trkpt>
      <trkpt lon="-82.151269" lat="33.555332"><ele>98.402771</ele><time>2021-02-13T15:04:41Z</time><extensions><speed>1.467878</speed><course>249.257812</course><hAcc>0.876877</hAcc><vAcc>0.687258</vAcc></extensions></trkpt>
      <trkpt lon="-82.151253" lat="33.555331"><ele>98.483604</ele><time>2021-02-13T15:04:42Z</time><extensions><speed>1.482745</speed><course>283.710938</course><hAcc>0.876877</hAcc><vAcc>0.687258</vAcc></extensions></trkpt>
      <trkpt lon="-82.151237" lat="33.555330"><ele>98.565659</ele><time>2021-02-13T15:04:43Z</time><extensions><speed>1.499985</speed><course>265.429688</course><hAcc>0.876878</hAcc><vAcc>0.687259</vAcc></extensions></trkpt>
      <trkpt lon="-82.151221" lat="33.555330"><ele>98.648735</ele><time>2021-02-13T15:04:44Z</time><extensions><speed>1.518751</speed><course>270.351562</course><hAcc>0.876878</hAcc><vAcc>0.687259</vAcc></extensions></trkpt>
      <trkpt lon="-82.151204" lat="33.555330"><ele>98.732567</ele><time>2021-02-13T15:04:45Z</time><extensions><speed>1.537515</speed><course>271.757812</course><hAcc>0.876879</hAcc><vAcc>0.687260</vAcc></extensions></trkpt>
      <trkpt lon="-82.151188" lat="33.555330"><ele>98.816811</ele><time>2021-02-13T15:04:46Z</time><extensions><speed>1.554675</speed><course>281.953125</course><hAcc>0.876881</hAcc><vAcc>0.687261</vAcc></extensions></trkpt>
      <trkpt lon="-82.151171" lat="33.555330"><ele>98.901154</ele><time>2021-02-13T15:04:47Z</time><extensions><speed>1.569008</speed><course>287.578125</course><hAcc>0.876883</hAcc><vAcc>0.687263</vAcc></extensions></trkpt>
      <trkpt lon="-82.151154" lat="33.555330"><ele>98.985298</ele><time>2021-02-13T15:04:48Z</time><extensions><speed>1.579716</speed><course>299.531250</course><hAcc>0.876885</hAcc><vAcc>0.687265</vAcc></extensions></trkpt>
      <trkpt lon="-82.151137" lat="33.555331"><ele>99.068985</ele><time>2021-02-13T15:04:49Z</time><extensions><speed>1.586542</speed><course>300.585938</course><hAcc>0.876888</hAcc><vAcc>0.687267</vAcc></extensions></trkpt>
      <trkpt lon="-82.151120" lat="33.555331"><ele>99.151939</ele><time>2021-02-13T15:04:50Z</time><extensions><speed>1.589891</speed><course>303.750000</course><hAcc>0.876893</hAcc><vAcc>0.687270</vAcc></extensions></trkpt>
      <trkpt lon="-82.151103" lat="33.555331"><ele>99.233902</ele><time>2021-02-13T15:04:51Z</time><extensions><speed>1.590487</speed><course>304.804688</course><hAcc>0.876898</hAcc><vAcc>0.687275</vAcc></extensions></trkpt>
      <trkpt lon="-82.151086" lat="33.555331"><ele>99.314575</ele><time>2021-02-13T15:04:52Z</time><extensions><speed>1.589063</speed><course>299.882812</course><hAcc>0.876906</hAcc><vAcc>0.687280</vAcc></extensions></trkpt>
      <trkpt lon="-82.151068" lat="33.555331"><ele>99.393745</ele><time>2021-02-13T15:04:53Z</time><extensions><speed>1.586085</speed><course>290.390625</course><hAcc>0.876917</hAcc><vAcc>0.687288</vAcc></extensions></trkpt>
      <trkpt lon="-82.151051" lat="33.555331"><ele>99.471222</ele><time>2021-02-13T15:04:54Z</time><extensions><speed>1.581425</speed><course>292.851562</course><hAcc>0.876931</hAcc><vAcc>0.687298</vAcc></extensions></trkpt>
      <trkpt lon="-82.151034" lat="33.555331"><ele>99.546967</ele><time>2021-02-13T15:04:55Z</time><extensions><speed>1.574513</speed><course>308.671875</course><hAcc>0.876931</hAcc><vAcc>0.687298</vAcc></extensions></trkpt>
      <trkpt lon="-82.151018" lat="33.555330"><ele>99.620880</ele><time>2021-02-13T15:04:56Z</time><extensions><speed>1.564795</speed><course>330.468750</course><hAcc>0.876917</hAcc><vAcc>0.687288</vAcc></extensions></trkpt>
      <trkpt lon="-82.151001" lat="33.555330"><ele>99.693161</ele><time>2021-02-13T15:04:57Z</time><extensions><speed>1.552069</speed><course>341.367188</course><hAcc>0.876906</hAcc><vAcc>0.687280</vAcc></extensions></trkpt>
      <trkpt lon="-82.150984" lat="33.555329"><ele>99.763977</ele><time>2021-02-13T15:04:58Z</time><extensions><speed>1.536537</speed><course>337.148438</course><hAcc>0.876899</hAcc><vAcc>0.687274</vAcc></extensions></trkpt>
      <trkpt lon="-82.150968" lat="33.555328"><ele>99.833542</ele><time>2021-02-13T15:04:59Z</time><extensions><speed>1.518627</speed><course>328.710938</course><hAcc>0.876893</hAcc><vAcc>0.687270</vAcc></extensions></trkpt>
      <trkpt lon="-82.150951" lat="33.555328"><ele>99.902191</ele><time>2021-02-13T15:05:00Z</time><extensions><speed>1.498796</speed><course>312.890625</course><hAcc>0.876888</hAcc><vAcc>0.687267</vAcc></extensions></trkpt>
      <trkpt lon="-82.150935" lat="33.555327"><ele>99.970459</ele><time>2021-02-13T15:05:01Z</time><extensions><speed>1.477473</speed><course>347.695312</course><hAcc>0.876885</hAcc><vAcc>0.687264</vAcc></extensions></trkpt>
      <trkpt lon="-82.150920" lat="33.555327"><ele>100.039001</ele><time>2021-02-13T15:05:02Z</time><extensions><speed>1.455475</speed><course>332.578125</course><hAcc>0.876883</hAcc><vAcc>0.687262</vAcc></extensions></trkpt>
      <trkpt lon="-82.150904" lat="33.555326"><ele>100.108597</ele><time>2021-02-13T15:05:03Z</time><extensions><speed>1.434048</speed><course>356.484375</course><hAcc>0.876881</hAcc><vAcc>0.687261</vAcc></extensions></trkpt>
      <trkpt lon="-82.150889" lat="33.555326"><ele>100.180023</ele><time>2021-02-13T15:05:04Z</time><extensions><speed>1.414851</speed><course>2.460938</course><hAcc>0.876880</hAcc><vAcc>0.687260</vAcc></extensions></trkpt>
      <trkpt lon="-82.150874" lat="33.555327"><ele>100.253937</ele><time>2021-02-13T15:05:05Z</time><extensions><speed>1.400005</speed><course>356.132812</course><hAcc>0.876879</hAcc><vAcc>0.687259</vAcc></extensions></trkpt>
      <trkpt lon="-82.150859" lat="33.555327"><ele>100.330780</ele><time>2021-02-13T15:05:06Z</time><extensions><speed>1.391400</speed><course>352.265625</course><hAcc>0.876878</hAcc><vAcc>0.687258</vAcc></extensions></trkpt>
      <trkpt lon="-82.150844" lat="33.555328"><ele>100.410744</ele><time>2021-02-13T15:05:07Z</time><extensions><speed>1.389981</speed><course>344.179688</course><hAcc>0.876877</hAcc><vAcc>0.687258</vAcc></extensions></trkpt>
      <trkpt lon="-82.150829" lat="33.555329"><ele>100.493774</ele><time>2021-02-13T15:05:08Z</time><extensions><speed>1.395728</speed><course>342.070312</course><hAcc>0.876877</hAcc><vAcc>0.687258</vAcc></extensions></trkpt>
      <trkpt lon="-82.150814" lat="33.555331"><ele>100.579651</ele><time>2021-02-13T15:05:09Z</time><extensions><speed>1.407713</speed><course>342.070312</course><hAcc>0.876877</hAcc><vAcc>0.687257</vAcc></extensions></trkpt>
      <trkpt lon="-82.150799" lat="33.555333"><ele>100.668083</ele><time>2021-02-13T15:05:10Z</time><extensions><speed>1.424178</speed><course>344.531250</course><hAcc>0.876876</hAcc><vAcc>0.687257</vAcc></extensions></trkpt>
      <trkpt lon="-82.150783" lat="33.555334"><ele>100.758583</ele><time>2021-02-13T15:05:11Z</time><extensions><speed>1.442682</speed><course>345.234375</course><hAcc>0.876876</hAcc><vAcc>0.687257</vAcc></extensions></trkpt>
      <trkpt lon="-82.150768" lat="33.555336"><ele>100.850365</ele><time>2021-02-13T15:05:12Z</time><extensions><speed>1.460546</speed><course>345.234375</course><hAcc>0.876876</hAcc><vAcc>0.687257</vAcc></extensions></trkpt>
      <trkpt lon="-82.150752" lat="33.555338"><ele>100.942291</ele><time>2021-02-13T15:05:13Z</time><extensions><speed>1.475893</speed><course>352.617188</course><hAcc>0.876876</hAcc><vAcc>0.687257</vAcc></extensions></trkpt>
      <trkpt lon="-82.150736" lat="33.555340"><ele>101.033028</ele><time>2021-02-13T15:05:14Z</time><extensions><speed>1.488252</speed><course>332.578125</course><hAcc>0.876876</hAcc><vAcc>0.687257</vAcc></extensions></trkpt>
      <trkpt lon="-82.150720" lat="33.555341"><ele>101.121239</ele><time>2021-02-13T15:05:15Z</time><extensions><speed>1.498537</speed><course>352.617188</course><hAcc>0.876876</hAcc><vAcc>0.687257</vAcc></extensions></trkpt>
      <trkpt lon="-82.150704" lat="33.555343"><ele>101.205704</ele><time>2021-02-13T15:05:16Z</time><extensions><speed>1.508580</speed><course>336.796875</course><hAcc>0.876876</hAcc><vAcc>0.687257</vAcc></extensions></trkpt>
      <trkpt lon="-82.150688" lat="33.555343"><ele>101.285484</ele><time>2021-02-13T15:05:17Z</time><extensions><speed>1.520322</speed><course>330.468750</course><hAcc>0.876876</hAcc><vAcc>0.687257</vAcc></extensions></trkpt>
      <trkpt lon="-82.150672" lat="33.555343"><ele>101.359955</ele><time>2021-02-13T15:05:18Z</time><extensions><speed>1.534997</speed><course>334.335938</course><hAcc>0.876876</hAcc><vAcc>0.687256</vAcc></extensions></trkpt>
      <trkpt lon="-82.150655" lat="33.555343"><ele>101.428780</ele><time>2021-02-13T15:05:19Z</time><extensions><speed>1.552120</speed><course>329.414062</course><hAcc>0.876876</hAcc><vAcc>0.687256</vAcc></extensions></trkpt>
      <trkpt lon="-82.150638" lat="33.555342"><ele>101.491844</ele><time>2021-02-13T15:05:20Z</time><extensions><speed>1.569374</speed><course>332.226562</course><hAcc>0.876876</hAcc><vAcc>0.687256</vAcc></extensions></trkpt>
      <trkpt lon="-82.150621" lat="33.555341"><ele>101.549248</ele><time>2021-02-13T15:05:21Z</time><extensions><speed>1.584617</speed><course>327.656250</course><hAcc>0.876876</hAcc><vAcc>0.687256</vAcc></extensions></trkpt>
      <trkpt lon="-82.150604" lat="33.555339"><ele>101.601448</ele><time>2021-02-13T15:05:22Z</time><extensions><speed>1.597489</speed><course>328.710938</course><hAcc>0.876876</hAcc><vAcc>0.687256</vAcc></extensions></trkpt>
      <trkpt lon="-82.150587" lat="33.555337"><ele>101.649261</ele><time>2021-02-13T15:05:23Z</time><extensions><speed>1.608307</speed><course>333.632812</course><hAcc>0.876876</hAcc><vAcc>0.687257</vAcc></extensions></trkpt>
      <trkpt lon="-82.150570" lat="33.555334"><ele>101.693726</ele><time>2021-02-13T15:05:24Z</time><extensions><speed>1.616348</speed><course>322.734375</course><hAcc>0.876877</hAcc><vAcc>0.687257</vAcc></extensions></trkpt>
      <trkpt lon="-82.150553" lat="33.555332"><ele>101.735954</ele><time>2021-02-13T15:05:25Z</time><extensions><speed>1.619748</speed><course>322.031250</course><hAcc>0.876877</hAcc><vAcc>0.687258</vAcc></extensions></trkpt>
      <trkpt lon="-82.150536" lat="33.555329"><ele>101.777061</ele><time>2021-02-13T15:05:26Z</time><extensions><speed>1.616970</speed><course>335.742188</course><hAcc>0.876878</hAcc><vAcc>0.687260</vAcc></extensions></trkpt>
      <trkpt lon="-82.150519" lat="33.555327"><ele>101.818039</ele><time>2021-02-13T15:05:27Z</time><extensions><speed>1.607723</speed><course>329.062500</course><hAcc>0.876880</hAcc><vAcc>0.687262</vAcc></extensions></trkpt>
      <trkpt lon="-82.150502" lat="33.555324"><ele>101.859642</ele><time>2021-02-13T15:05:28Z</time><extensions><speed>1.592800</speed><course>337.500000</course><hAcc>0.876883</hAcc><vAcc>0.687266</vAcc></extensions></trkpt>
      <trkpt lon="-82.150485" lat="33.555322"><ele>101.902397</ele><time>2021-02-13T15:05:29Z</time><extensions><speed>1.574367</speed><course>331.171875</course><hAcc>0.876889</hAcc><vAcc>0.687271</vAcc></extensions></trkpt>
      <trkpt lon="-82.150468" lat="33.555320"><ele>101.946625</ele><time>2021-02-13T15:05:30Z</time><extensions><speed>1.555996</speed><course>332.226562</course><hAcc>0.876896</hAcc><vAcc>0.687278</vAcc></extensions></trkpt>
      <trkpt lon="-82.150452" lat="33.555318"><ele>101.992546</ele><time>2021-02-13T15:05:31Z</time><extensions><speed>1.541714</speed><course>338.906250</course><hAcc>0.876908</hAcc><vAcc>0.687287</vAcc></extensions></trkpt>
      <trkpt lon="-82.150435" lat="33.555316"><ele>102.040405</ele><time>2021-02-13T15:05:32Z</time><extensions><speed>1.534925</speed><course>0.351562</course><hAcc>0.876923</hAcc><vAcc>0.687298</vAcc></extensions></trkpt>
      <trkpt lon="-82.150419" lat="33.555315"><ele>102.090530</ele><time>2021-02-13T15:05:33Z</time><extensions><speed>1.537160</speed><course>348.750000</course><hAcc>0.876944</hAcc><vAcc>0.687311</vAcc></extensions></trkpt>
      <trkpt lon="-82.150402" lat="33.555313"><ele>102.143387</ele><time>2021-02-13T15:05:34Z</time><extensions><speed>1.547415</speed><course>350.156250</course><hAcc>0.876970</hAcc><vAcc>0.687326</vAcc></extensions></trkpt>
      <trkpt lon="-82.150386" lat="33.555311"><ele>102.199509</ele><time>2021-02-13T15:05:35Z</time><extensions><speed>1.563111</speed><course>336.093750</course><hAcc>0.877001</hAcc><vAcc>0.687341</vAcc></extensions></trkpt>
      <trkpt lon="-82.150369" lat="33.555310"><ele>102.259430</ele><time>2021-02-13T15:05:36Z</time><extensions><speed>1.581305</speed><course>330.820312</course><hAcc>0.877035</hAcc><vAcc>0.687356</vAcc></extensions></trkpt>
      <trkpt lon="-82.150352" lat="33.555308"><ele>102.323555</ele><time>2021-02-13T15:05:37Z</time><extensions><speed>1.598976</speed><course>328.007812</course><hAcc>0.877071</hAcc><vAcc>0.687368</vAcc></extensions></trkpt>
      <trkpt lon="-82.150335" lat="33.555307"><ele>102.392044</ele><time>2021-02-13T15:05:38Z</time><extensions><speed>1.613323</speed><course>334.335938</course><hAcc>0.877104</hAcc><vAcc>0.687376</vAcc></extensions></trkpt>
      <trkpt lon="-82.150317" lat="33.555305"><ele>102.464798</ele><time>2021-02-13T15:05:39Z</time><extensions><speed>1.622666</speed><course>320.625000</course><hAcc>0.877129</hAcc><vAcc>0.687376</vAcc></extensions></trkpt>
      <trkpt lon="-82.150300" lat="33.555304"><ele>102.541489</ele><time>2021-02-13T15:05:40Z</time><extensions><speed>1.626518</speed><course>334.335938</course><hAcc>0.877140</hAcc><vAcc>0.687368</vAcc></extensions></trkpt>
      <trkpt lon="-82.150283" lat="33.555302"><ele>102.621582</ele><time>2021-02-13T15:05:41Z</time><extensions><speed>1.624800</speed><course>319.570312</course><hAcc>0.877132</hAcc><vAcc>0.687351</vAcc></extensions></trkpt>
      <trkpt lon="-82.150265" lat="33.555300"><ele>102.704323</ele><time>2021-02-13T15:05:42Z</time><extensions><speed>1.617695</speed><course>323.437500</course><hAcc>0.877102</hAcc><vAcc>0.687329</vAcc></extensions></trkpt>
      <trkpt lon="-82.150248" lat="33.555298"><ele>102.788673</ele><time>2021-02-13T15:05:43Z</time><extensions><speed>1.605908</speed><course>326.250000</course><hAcc>0.877057</hAcc><vAcc>0.687311</vAcc></extensions></trkpt>
      <trkpt lon="-82.150231" lat="33.555296"><ele>102.873398</ele><time>2021-02-13T15:05:44Z</time><extensions><speed>1.590643</speed><course>315.703125</course><hAcc>0.877015</hAcc><vAcc>0.687315</vAcc></extensions></trkpt>
      <trkpt lon="-82.150214" lat="33.555293"><ele>102.957176</ele><time>2021-02-13T15:05:45Z</time><extensions><speed>1.573397</speed><course>307.968750</course><hAcc>0.877019</hAcc><vAcc>0.687372</vAcc></extensions></trkpt>
      <trkpt lon="-82.150198" lat="33.555290"><ele>103.038864</ele><time>2021-02-13T15:05:46Z</time><extensions><speed>1.555715</speed><course>296.367188</course><hAcc>0.877145</hAcc><vAcc>0.687531</vAcc></extensions></trkpt>
      <trkpt lon="-82.150182" lat="33.555287"><ele>103.117592</ele><time>2021-02-13T15:05:47Z</time><extensions><speed>1.538951</speed><course>294.960938</course><hAcc>0.877519</hAcc><vAcc>0.687860</vAcc></extensions></trkpt>
      <trkpt lon="-82.150166" lat="33.555282"><ele>103.192657</ele><time>2021-02-13T15:05:48Z</time><extensions><speed>1.524067</speed><course>296.718750</course><hAcc>0.878328</hAcc><vAcc>0.688456</vAcc></extensions></trkpt>
      <trkpt lon="-82.150151" lat="33.555278"><ele>103.263596</ele><time>2021-02-13T15:05:49Z</time><extensions><speed>1.511403</speed><course>34.804688</course><hAcc>0.879831</hAcc><vAcc>0.689440</vAcc></extensions></trkpt>
      <trkpt lon="-82.150136" lat="33.555273"><ele>103.330208</ele><time>2021-02-13T15:05:50Z</time><extensions><speed>1.501078</speed><course>322.734375</course><hAcc>0.882369</hAcc><vAcc>0.690964</vAcc></extensions></trkpt>
      <trkpt lon="-82.150121" lat="33.555267"><ele>103.392639</ele><time>2021-02-13T15:05:51Z</time><extensions><speed>1.493422</speed><course>320.976562</course><hAcc>0.886352</hAcc><vAcc>0.693194</vAcc></extensions></trkpt>
      <trkpt lon="-82.150107" lat="33.555261"><ele>103.451309</ele><time>2021-02-13T15:05:52Z</time><extensions><speed>1.488599</speed><course>309.375000</course><hAcc>0.892233</hAcc><vAcc>0.696303</vAcc></extensions></trkpt>
      <trkpt lon="-82.150092" lat="33.555255"><ele>103.506805</ele><time>2021-02-13T15:05:53Z</time><extensions><speed>1.486443</speed><course>300.937500</course><hAcc>0.900453</hAcc><vAcc>0.700444</vAcc></extensions></trkpt>
      <trkpt lon="-82.150079" lat="33.555248"><ele>103.559814</ele><time>2021-02-13T15:05:54Z</time><extensions><speed>1.486518</speed><course>301.640625</course><hAcc>0.911347</hAcc><vAcc>0.705714</vAcc></extensions></trkpt>
      <trkpt lon="-82.150065" lat="33.555242"><ele>103.611000</ele><time>2021-02-13T15:05:55Z</time><extensions><speed>1.488179</speed><course>316.406250</course><hAcc>0.925027</hAcc><vAcc>0.712112</vAcc></extensions></trkpt>
      <trkpt lon="-82.150051" lat="33.555235"><ele>103.661064</ele><time>2021-02-13T15:05:56Z</time><extensions><speed>1.490867</speed><course>339.960938</course><hAcc>0.941234</hAcc><vAcc>0.719482</vAcc></extensions></trkpt>
      <trkpt lon="-82.150037" lat="33.555227"><ele>103.710609</ele><time>2021-02-13T15:05:57Z</time><extensions><speed>1.494212</speed><course>353.671875</course><hAcc>0.959202</hAcc><vAcc>0.727472</vAcc></extensions></trkpt>
      <trkpt lon="-82.150024" lat="33.555220"><ele>103.760002</ele><time>2021-02-13T15:05:58Z</time><extensions><speed>1.498002</speed><course>349.804688</course><hAcc>0.977543</hAcc><vAcc>0.735487</vAcc></extensions></trkpt>
      <trkpt lon="-82.150010" lat="33.555213"><ele>103.809090</ele><time>2021-02-13T15:05:59Z</time><extensions><speed>1.502307</speed><course>337.148438</course><hAcc>0.994204</hAcc><vAcc>0.742680</vAcc></extensions></trkpt>
      <trkpt lon="-82.149996" lat="33.555206"><ele>103.857285</ele><time>2021-02-13T15:06:00Z</time><extensions><speed>1.507298</speed><course>331.171875</course><hAcc>1.006848</hAcc><vAcc>0.748101</vAcc></extensions></trkpt>
      <trkpt lon="-82.149983" lat="33.555198"><ele>103.903938</ele><time>2021-02-13T15:06:01Z</time><extensions><speed>1.513058</speed><course>327.304688</course><hAcc>1.013637</hAcc><vAcc>0.751002</vAcc></extensions></trkpt>
      <trkpt lon="-82.149969" lat="33.555191"><ele>103.948372</ele><time>2021-02-13T15:06:02Z</time><extensions><speed>1.519618</speed><course>323.085938</course><hAcc>1.013637</hAcc><vAcc>0.751002</vAcc></extensions></trkpt>
      <trkpt lon="-82.149955" lat="33.555184"><ele>103.989769</ele><time>2021-02-13T15:06:03Z</time><extensions><speed>1.526956</speed><course>313.242188</course><hAcc>1.006848</hAcc><vAcc>0.748101</vAcc></extensions></trkpt>
      <trkpt lon="-82.149941" lat="33.555176"><ele>104.027275</ele><time>2021-02-13T15:06:04Z</time><extensions><speed>1.534997</speed><course>313.945312</course><hAcc>0.994204</hAcc><vAcc>0.742680</vAcc></extensions></trkpt>
      <trkpt lon="-82.149927" lat="33.555169"><ele>104.059998</ele><time>2021-02-13T15:06:05Z</time><extensions><speed>1.543622</speed><course>325.546875</course><hAcc>0.977543</hAcc><vAcc>0.735487</vAcc></extensions></trkpt>
      <trkpt lon="-82.149913" lat="33.555162"><ele>104.086960</ele><time>2021-02-13T15:06:06Z</time><extensions><speed>1.552320</speed><course>337.500000</course><hAcc>0.959202</hAcc><vAcc>0.727472</vAcc></extensions></trkpt>
      <trkpt lon="-82.149898" lat="33.555155"><ele>104.106911</ele><time>2021-02-13T15:06:07Z</time><extensions><speed>1.560388</speed><course>343.828125</course><hAcc>0.941234</hAcc><vAcc>0.719482</vAcc></extensions></trkpt>
      <trkpt lon="-82.149884" lat="33.555148"><ele>104.118172</ele><time>2021-02-13T15:06:08Z</time><extensions><speed>1.567605</speed><course>345.234375</course><hAcc>0.925027</hAcc><vAcc>0.712112</vAcc></extensions></trkpt>
      <trkpt lon="-82.149869" lat="33.555141"><ele>104.118729</ele><time>2021-02-13T15:06:09Z</time><extensions><speed>1.574199</speed><course>346.289062</course><hAcc>0.911347</hAcc><vAcc>0.705714</vAcc></extensions></trkpt>
      <trkpt lon="-82.149854" lat="33.555134"><ele>104.106331</ele><time>2021-02-13T15:06:10Z</time><extensions><speed>1.580410</speed><course>343.476562</course><hAcc>0.900453</hAcc><vAcc>0.700444</vAcc></extensions></trkpt>
      <trkpt lon="-82.149839" lat="33.555127"><ele>104.078720</ele><time>2021-02-13T15:06:11Z</time><extensions><speed>1.586012</speed><course>344.531250</course><hAcc>0.892233</hAcc><vAcc>0.696303</vAcc></extensions></trkpt>
      <trkpt lon="-82.149824" lat="33.555120"><ele>104.033760</ele><time>2021-02-13T15:06:12Z</time><extensions><speed>1.590273</speed><course>339.257812</course><hAcc>0.886352</hAcc><vAcc>0.693194</vAcc></extensions></trkpt>
      <trkpt lon="-82.149809" lat="33.555113"><ele>103.969719</ele><time>2021-02-13T15:06:13Z</time><extensions><speed>1.592419</speed><course>334.687500</course><hAcc>0.882369</hAcc><vAcc>0.690964</vAcc></extensions></trkpt>
      <trkpt lon="-82.149794" lat="33.555106"><ele>103.885422</ele><time>2021-02-13T15:06:14Z</time><extensions><speed>1.592110</speed><course>333.632812</course><hAcc>0.879831</hAcc><vAcc>0.689440</vAcc></extensions></trkpt>
      <trkpt lon="-82.149779" lat="33.555099"><ele>103.780449</ele><time>2021-02-13T15:06:15Z</time><extensions><speed>1.589447</speed><course>339.960938</course><hAcc>0.878328</hAcc><vAcc>0.688456</vAcc></extensions></trkpt>
      <trkpt lon="-82.149764" lat="33.555092"><ele>103.655334</ele><time>2021-02-13T15:06:16Z</time><extensions><speed>1.584533</speed><course>345.234375</course><hAcc>0.877519</hAcc><vAcc>0.687860</vAcc></extensions></trkpt>
      <trkpt lon="-82.149750" lat="33.555085"><ele>103.511642</ele><time>2021-02-13T15:06:17Z</time><extensions><speed>1.577237</speed><course>332.578125</course><hAcc>0.877145</hAcc><vAcc>0.687531</vAcc></extensions></trkpt>
      <trkpt lon="-82.149735" lat="33.555078"><ele>103.351768</ele><time>2021-02-13T15:06:18Z</time><extensions><speed>1.567507</speed><course>318.515625</course><hAcc>0.877018</hAcc><vAcc>0.687372</vAcc></extensions></trkpt>
      <trkpt lon="-82.149721" lat="33.555071"><ele>103.178619</ele><time>2021-02-13T15:06:19Z</time><extensions><speed>1.555474</speed><course>304.453125</course><hAcc>0.877015</hAcc><vAcc>0.687315</vAcc></extensions></trkpt>
      <trkpt lon="-82.149707" lat="33.555063"><ele>102.995308</ele><time>2021-02-13T15:06:20Z</time><extensions><speed>1.541430</speed><course>280.546875</course><hAcc>0.877057</hAcc><vAcc>0.687311</vAcc></extensions></trkpt>
      <trkpt lon="-82.149693" lat="33.555056"><ele>102.804985</ele><time>2021-02-13T15:06:21Z</time><extensions><speed>1.525846</speed><course>257.695312</course><hAcc>0.877102</hAcc><vAcc>0.687329</vAcc></extensions></trkpt>
      <trkpt lon="-82.149679" lat="33.555048"><ele>102.610672</ele><time>2021-02-13T15:06:22Z</time><extensions><speed>1.509267</speed><course>242.578125</course><hAcc>0.877132</hAcc><vAcc>0.687351</vAcc></extensions></trkpt>
      <trkpt lon="-82.149666" lat="33.555040"><ele>102.415230</ele><time>2021-02-13T15:06:23Z</time><extensions><speed>1.492313</speed><course>238.710938</course><hAcc>0.877140</hAcc><vAcc>0.687368</vAcc></extensions></trkpt>
      <trkpt lon="-82.149653" lat="33.555032"><ele>102.221138</ele><time>2021-02-13T15:06:24Z</time><extensions><speed>1.475631</speed><course>253.476562</course><hAcc>0.877129</hAcc><vAcc>0.687376</vAcc></extensions></trkpt>
      <trkpt lon="-82.149641" lat="33.555024"><ele>102.030457</ele><time>2021-02-13T15:06:25Z</time><extensions><speed>1.460024</speed><course>291.093750</course><hAcc>0.877104</hAcc><vAcc>0.687376</vAcc></extensions></trkpt>
      <trkpt lon="-82.149628" lat="33.555016"><ele>101.844749</ele><time>2021-02-13T15:06:26Z</time><extensions><speed>1.446512</speed><course>309.375000</course><hAcc>0.877071</hAcc><vAcc>0.687368</vAcc></extensions></trkpt>
      <trkpt lon="-82.149617" lat="33.555008"><ele>101.665100</ele><time>2021-02-13T15:06:27Z</time><extensions><speed>1.435927</speed><course>307.617188</course><hAcc>0.877035</hAcc><vAcc>0.687356</vAcc></extensions></trkpt>
      <trkpt lon="-82.149605" lat="33.554999"><ele>101.492271</ele><time>2021-02-13T15:06:28Z</time><extensions><speed>1.428515</speed><course>304.453125</course><hAcc>0.877001</hAcc><vAcc>0.687341</vAcc></extensions></trkpt>
      <trkpt lon="-82.149593" lat="33.554991"><ele>101.326736</ele><time>2021-02-13T15:06:29Z</time><extensions><speed>1.423952</speed><course>317.109375</course><hAcc>0.876970</hAcc><vAcc>0.687326</vAcc></extensions></trkpt>
      <trkpt lon="-82.149582" lat="33.554982"><ele>101.168640</ele><time>2021-02-13T15:06:30Z</time><extensions><speed>1.421667</speed><course>319.570312</course><hAcc>0.876944</hAcc><vAcc>0.687311</vAcc></extensions></trkpt>
      <trkpt lon="-82.149571" lat="33.554973"><ele>101.017990</ele><time>2021-02-13T15:06:31Z</time><extensions><speed>1.421035</speed><course>320.976562</course><hAcc>0.876923</hAcc><vAcc>0.687298</vAcc></extensions></trkpt>
      <trkpt lon="-82.149560" lat="33.554964"><ele>100.874687</ele><time>2021-02-13T15:06:32Z</time><extensions><speed>1.421494</speed><course>314.296875</course><hAcc>0.876908</hAcc><vAcc>0.687287</vAcc></extensions></trkpt>
      <trkpt lon="-82.149549" lat="33.554955"><ele>100.738556</ele><time>2021-02-13T15:06:33Z</time><extensions><speed>1.422785</speed><course>301.289062</course><hAcc>0.876896</hAcc><vAcc>0.687278</vAcc></extensions></trkpt>
      <trkpt lon="-82.149538" lat="33.554946"><ele>100.609360</ele><time>2021-02-13T15:06:34Z</time><extensions><speed>1.424895</speed><course>296.718750</course><hAcc>0.876889</hAcc><vAcc>0.687271</vAcc></extensions></trkpt>
      <trkpt lon="-82.149527" lat="33.554937"><ele>100.486809</ele><time>2021-02-13T15:06:35Z</time><extensions><speed>1.427955</speed><course>286.171875</course><hAcc>0.876883</hAcc><vAcc>0.687266</vAcc></extensions></trkpt>
      <trkpt lon="-82.149517" lat="33.554928"><ele>100.370590</ele><time>2021-02-13T15:06:36Z</time><extensions><speed>1.432119</speed><course>292.851562</course><hAcc>0.876880</hAcc><vAcc>0.687262</vAcc></extensions></trkpt>
      <trkpt lon="-82.149506" lat="33.554918"><ele>100.260452</ele><time>2021-02-13T15:06:37Z</time><extensions><speed>1.437324</speed><course>283.359375</course><hAcc>0.876878</hAcc><vAcc>0.687260</vAcc></extensions></trkpt>
      <trkpt lon="-82.149495" lat="33.554909"><ele>100.156105</ele><time>2021-02-13T15:06:38Z</time><extensions><speed>1.443346</speed><course>282.304688</course><hAcc>0.876877</hAcc><vAcc>0.687258</vAcc></extensions></trkpt>
      <trkpt lon="-82.149484" lat="33.554900"><ele>100.057220</ele><time>2021-02-13T15:06:39Z</time><extensions><speed>1.449861</speed><course>277.031250</course><hAcc>0.876877</hAcc><vAcc>0.687257</vAcc></extensions></trkpt>
      <trkpt lon="-82.149473" lat="33.554890"><ele>99.963371</ele><time>2021-02-13T15:06:40Z</time><extensions><speed>1.456431</speed><course>272.460938</course><hAcc>0.876876</hAcc><vAcc>0.687257</vAcc></extensions></trkpt>
      <trkpt lon="-82.149462" lat="33.554881"><ele>99.874016</ele><time>2021-02-13T15:06:41Z</time><extensions><speed>1.462782</speed><course>273.515625</course><hAcc>0.876876</hAcc><vAcc>0.687256</vAcc></extensions></trkpt>
      <trkpt lon="-82.149451" lat="33.554872"><ele>99.788467</ele><time>2021-02-13T15:06:42Z</time><extensions><speed>1.468925</speed><course>273.164062</course><hAcc>0.876876</hAcc><vAcc>0.687256</vAcc></extensions></trkpt>
      <trkpt lon="-82.149440" lat="33.554862"><ele>99.705948</ele><time>2021-02-13T15:06:43Z</time><extensions><speed>1.474999</speed><course>293.203125</course><hAcc>0.876876</hAcc><vAcc>0.687256</vAcc></extensions></trkpt>
      <trkpt lon="-82.149429" lat="33.554852"><ele>99.625595</ele><time>2021-02-13T15:06:44Z</time><extensions><speed>1.481345</speed><course>301.992188</course><hAcc>0.876876</hAcc><vAcc>0.687256</vAcc></extensions></trkpt>
      <trkpt lon="-82.149419" lat="33.554842"><ele>99.546509</ele><time>2021-02-13T15:06:45Z</time><extensions><speed>1.488388</speed><course>307.265625</course><hAcc>0.876876</hAcc><vAcc>0.687256</vAcc></extensions></trkpt>
      <trkpt lon="-82.149408" lat="33.554832"><ele>99.467842</ele><time>2021-02-13T15:06:46Z</time><extensions><speed>1.496279</speed><course>304.101562</course><hAcc>0.876876</hAcc><vAcc>0.687256</vAcc></extensions></trkpt>
      <trkpt lon="-82.149398" lat="33.554822"><ele>99.388962</ele><time>2021-02-13T15:06:47Z</time><extensions><speed>1.504924</speed><course>313.593750</course><hAcc>0.876876</hAcc><vAcc>0.687256</vAcc></extensions></trkpt>
      <trkpt lon="-82.149388" lat="33.554811"><ele>99.309418</ele><time>2021-02-13T15:06:48Z</time><extensions><speed>1.514199</speed><course>307.265625</course><hAcc>0.876876</hAcc><vAcc>0.687256</vAcc></extensions></trkpt>
      <trkpt lon="-82.149379" lat="33.554799"><ele>99.228981</ele><time>2021-02-13T15:06:49Z</time><extensions><speed>1.524051</speed><course>281.953125</course><hAcc>0.876876</hAcc><vAcc>0.687256</vAcc></extensions></trkpt>
      <trkpt lon="-82.149370" lat="33.554788"><ele>99.147621</ele><time>2021-02-13T15:06:50Z</time><extensions><speed>1.534843</speed><course>233.085938</course><hAcc>0.876876</hAcc><vAcc>0.687256</vAcc></extensions></trkpt>
      <trkpt lon="-82.149361" lat="33.554776"><ele>99.065453</ele><time>2021-02-13T15:06:51Z</time><extensions><speed>1.547058</speed><course>250.312500</course><hAcc>0.876876</hAcc><vAcc>0.687256</vAcc></extensions></trkpt>
      <trkpt lon="-82.149353" lat="33.554764"><ele>98.982658</ele><time>2021-02-13T15:06:52Z</time><extensions><speed>1.560697</speed><course>268.593750</course><hAcc>0.876876</hAcc><vAcc>0.687256</vAcc></extensions></trkpt>
      <trkpt lon="-82.149345" lat="33.554751"><ele>98.899452</ele><time>2021-02-13T15:06:53Z</time><extensions><speed>1.575553</speed><course>278.437500</course><hAcc>0.876876</hAcc><vAcc>0.687256</vAcc></extensions></trkpt>
      <trkpt lon="-82.149338" lat="33.554738"><ele>98.815941</ele><time>2021-02-13T15:06:54Z</time><extensions><speed>1.591448</speed><course>278.437500</course><hAcc>0.876876</hAcc><vAcc>0.687256</vAcc></extensions></trkpt>
      <trkpt lon="-82.149331" lat="33.554725"><ele>98.732155</ele><time>2021-02-13T15:06:55Z</time><extensions><speed>1.608083</speed><course>278.789062</course><hAcc>0.876876</hAcc><vAcc>0.687256</vAcc></extensions></trkpt>
      <trkpt lon="-82.149324" lat="33.554712"><ele>98.648132</ele><time>2021-02-13T15:06:56Z</time><extensions><speed>1.624976</speed><course>280.898438</course><hAcc>0.876876</hAcc><vAcc>0.687256</vAcc></extensions></trkpt>
      <trkpt lon="-82.149317" lat="33.554698"><ele>98.563980</ele><time>2021-02-13T15:06:57Z</time><extensions><speed>1.641455</speed><course>273.164062</course><hAcc>0.876876</hAcc><vAcc>0.687256</vAcc></extensions></trkpt>
      <trkpt lon="-82.149311" lat="33.554684"><ele>98.479958</ele><time>2021-02-13T15:06:58Z</time><extensions><speed>1.656795</speed><course>285.468750</course><hAcc>0.876876</hAcc><vAcc>0.687256</vAcc></extensions></trkpt>
      <trkpt lon="-82.149305" lat="33.554670"><ele>98.396500</ele><time>2021-02-13T15:06:59Z</time><extensions><speed>1.670174</speed><course>291.093750</course><hAcc>0.876876</hAcc><vAcc>0.687256</vAcc></extensions></trkpt>
      <trkpt lon="-82.149299" lat="33.554656"><ele>98.314125</ele><time>2021-02-13T15:07:00Z</time><extensions><speed>1.680552</speed><course>293.906250</course><hAcc>0.876876</hAcc><vAcc>0.687257</vAcc></extensions></trkpt>
      <trkpt lon="-82.149293" lat="33.554642"><ele>98.233337</ele><time>2021-02-13T15:07:01Z</time><extensions><speed>1.686978</speed><course>278.437500</course><hAcc>0.876876</hAcc><vAcc>0.687257</vAcc></extensions></trkpt>
      <trkpt lon="-82.149288" lat="33.554627"><ele>98.154572</ele><time>2021-02-13T15:07:02Z</time><extensions><speed>1.688899</speed><course>254.882812</course><hAcc>0.876876</hAcc><vAcc>0.687257</vAcc></extensions></trkpt>
      <trkpt lon="-82.149283" lat="33.554613"><ele>98.078102</ele><time>2021-02-13T15:07:03Z</time><extensions><speed>1.686289</speed><course>244.335938</course><hAcc>0.876876</hAcc><vAcc>0.687257</vAcc></extensions></trkpt>
      <trkpt lon="-82.149278" lat="33.554598"><ele>98.004005</ele><time>2021-02-13T15:07:04Z</time><extensions><speed>1.679736</speed><course>248.906250</course><hAcc>0.876876</hAcc><vAcc>0.687257</vAcc></extensions></trkpt>
      <trkpt lon="-82.149273" lat="33.554583"><ele>97.932083</ele><time>2021-02-13T15:07:05Z</time><extensions><speed>1.670159</speed><course>254.882812</course><hAcc>0.876875</hAcc><vAcc>0.687257</vAcc></extensions></trkpt>
      <trkpt lon="-82.149268" lat="33.554569"><ele>97.861847</ele><time>2021-02-13T15:07:06Z</time><extensions><speed>1.658496</speed><course>249.609375</course><hAcc>0.876875</hAcc><vAcc>0.687257</vAcc></extensions></trkpt>
      <trkpt lon="-82.149264" lat="33.554554"><ele>97.792473</ele><time>2021-02-13T15:07:07Z</time><extensions><speed>1.645464</speed><course>276.679688</course><hAcc>0.876875</hAcc><vAcc>0.687257</vAcc></extensions></trkpt>
      <trkpt lon="-82.149260" lat="33.554540"><ele>97.723083</ele><time>2021-02-13T15:07:08Z</time><extensions><speed>1.631286</speed><course>266.484375</course><hAcc>0.876875</hAcc><vAcc>0.687257</vAcc></extensions></trkpt>
      <trkpt lon="-82.149256" lat="33.554526"><ele>97.653137</ele><time>2021-02-13T15:07:09Z</time><extensions><speed>1.616232</speed><course>261.562500</course><hAcc>0.876875</hAcc><vAcc>0.687257</vAcc></extensions></trkpt>
      <trkpt lon="-82.149252" lat="33.554512"><ele>97.582062</ele><time>2021-02-13T15:07:10Z</time><extensions><speed>1.601073</speed><course>256.992188</course><hAcc>0.876875</hAcc><vAcc>0.687257</vAcc></extensions></trkpt>
      <trkpt lon="-82.149249" lat="33.554498"><ele>97.509132</ele><time>2021-02-13T15:07:11Z</time><extensions><speed>1.586737</speed><course>256.289062</course><hAcc>0.876875</hAcc><vAcc>0.687257</vAcc></extensions></trkpt>
      <trkpt lon="-82.149246" lat="33.554484"><ele>97.433533</ele><time>2021-02-13T15:07:12Z</time><extensions><speed>1.574092</speed><course>264.375000</course><hAcc>0.876875</hAcc><vAcc>0.687257</vAcc></extensions></trkpt>
      <trkpt lon="-82.149242" lat="33.554470"><ele>97.354431</ele><time>2021-02-13T15:07:13Z</time><extensions><speed>1.563900</speed><course>273.515625</course><hAcc>0.876875</hAcc><vAcc>0.687257</vAcc></extensions></trkpt>
      <trkpt lon="-82.149239" lat="33.554456"><ele>97.270920</ele><time>2021-02-13T15:07:14Z</time><extensions><speed>1.556819</speed><course>278.789062</course><hAcc>0.876875</hAcc><vAcc>0.687257</vAcc></extensions></trkpt>
      <trkpt lon="-82.149236" lat="33.554442"><ele>97.182106</ele><time>2021-02-13T15:07:15Z</time><extensions><speed>1.553452</speed><course>280.195312</course><hAcc>0.876875</hAcc><vAcc>0.687257</vAcc></extensions></trkpt>
      <trkpt lon="-82.149233" lat="33.554428"><ele>97.087120</ele><time>2021-02-13T15:07:16Z</time><extensions><speed>1.554402</speed><course>277.031250</course><hAcc>0.876875</hAcc><vAcc>0.687257</vAcc></extensions></trkpt>
      <trkpt lon="-82.149229" lat="33.554415"><ele>96.985245</ele><time>2021-02-13T15:07:17Z</time><extensions><speed>1.560042</speed><course>274.570312</course><hAcc>0.876875</hAcc><vAcc>0.687257</vAcc></extensions></trkpt>
      <trkpt lon="-82.149225" lat="33.554401"><ele>96.875900</ele><time>2021-02-13T15:07:18Z</time><extensions><speed>1.569946</speed><course>265.078125</course><hAcc>0.876875</hAcc><vAcc>0.687257</vAcc></extensions></trkpt>
      <trkpt lon="-82.149221" lat="33.554387"><ele>96.758751</ele><time>2021-02-13T15:07:19Z</time><extensions><speed>1.582671</speed><course>232.031250</course><hAcc>0.876875</hAcc><vAcc>0.687257</vAcc></extensions></trkpt>
      <trkpt lon="-82.149216" lat="33.554374"><ele>96.633774</ele><time>2021-02-13T15:07:20Z</time><extensions><speed>1.596028</speed><course>229.570312</course><hAcc>0.876875</hAcc><vAcc>0.687257</vAcc></extensions></trkpt>
      <trkpt lon="-82.149210" lat="33.554360"><ele>96.501266</ele><time>2021-02-13T15:07:21Z</time><extensions><speed>1.607636</speed><course>261.914062</course><hAcc>0.876876</hAcc><vAcc>0.687257</vAcc></extensions></trkpt>
      <trkpt lon="-82.149204" lat="33.554346"><ele>96.361664</ele><time>2021-02-13T15:07:22Z</time><extensions><speed>1.615401</speed><course>259.804688</course><hAcc>0.876876</hAcc><vAcc>0.687258</vAcc></extensions></trkpt>
      <trkpt lon="-82.149197" lat="33.554333"><ele>96.215706</ele><time>2021-02-13T15:07:23Z</time><extensions><speed>1.617743</speed><course>279.492188</course><hAcc>0.876876</hAcc><vAcc>0.687258</vAcc></extensions></trkpt>
      <trkpt lon="-82.149189" lat="33.554320"><ele>96.064751</ele><time>2021-02-13T15:07:24Z</time><extensions><speed>1.613756</speed><course>268.945312</course><hAcc>0.876876</hAcc><vAcc>0.687258</vAcc></extensions></trkpt>
      <trkpt lon="-82.149181" lat="33.554307"><ele>95.910789</ele><time>2021-02-13T15:07:25Z</time><extensions><speed>1.602917</speed><course>265.429688</course><hAcc>0.876876</hAcc><vAcc>0.687258</vAcc></extensions></trkpt>
      <trkpt lon="-82.149173" lat="33.554294"><ele>95.756264</ele><time>2021-02-13T15:07:26Z</time><extensions><speed>1.584645</speed><course>291.796875</course><hAcc>0.876877</hAcc><vAcc>0.687259</vAcc></extensions></trkpt>
      <trkpt lon="-82.149164" lat="33.554283"><ele>95.603683</ele><time>2021-02-13T15:07:27Z</time><extensions><speed>1.558916</speed><course>306.210938</course><hAcc>0.876877</hAcc><vAcc>0.687259</vAcc></extensions></trkpt>
      <trkpt lon="-82.149154" lat="33.554271"><ele>95.455498</ele><time>2021-02-13T15:07:28Z</time><extensions><speed>1.527133</speed><course>311.835938</course><hAcc>0.876878</hAcc><vAcc>0.687260</vAcc></extensions></trkpt>
      <trkpt lon="-82.149144" lat="33.554261"><ele>95.314079</ele><time>2021-02-13T15:07:29Z</time><extensions><speed>1.491870</speed><course>287.226562</course><hAcc>0.876879</hAcc><vAcc>0.687261</vAcc></extensions></trkpt>
      <trkpt lon="-82.149133" lat="33.554251"><ele>95.181702</ele><time>2021-02-13T15:07:30Z</time><extensions><speed>1.455961</speed><course>270.703125</course><hAcc>0.876881</hAcc><vAcc>0.687262</vAcc></extensions></trkpt>
      <trkpt lon="-82.149121" lat="33.554242"><ele>95.060280</ele><time>2021-02-13T15:07:31Z</time><extensions><speed>1.421826</speed><course>269.648438</course><hAcc>0.876883</hAcc><vAcc>0.687264</vAcc></extensions></trkpt>
      <trkpt lon="-82.149109" lat="33.554235"><ele>94.951286</ele><time>2021-02-13T15:07:32Z</time><extensions><speed>1.391440</speed><course>255.585938</course><hAcc>0.876885</hAcc><vAcc>0.687266</vAcc></extensions></trkpt>
      <trkpt lon="-82.149096" lat="33.554229"><ele>94.855690</ele><time>2021-02-13T15:07:33Z</time><extensions><speed>1.366347</speed><course>249.960938</course><hAcc>0.876889</hAcc><vAcc>0.687268</vAcc></extensions></trkpt>
      <trkpt lon="-82.149083" lat="33.554223"><ele>94.773842</ele><time>2021-02-13T15:07:34Z</time><extensions><speed>1.347710</speed><course>247.500000</course><hAcc>0.876893</hAcc><vAcc>0.687271</vAcc></extensions></trkpt>
      <trkpt lon="-82.149070" lat="33.554219"><ele>94.705437</ele><time>2021-02-13T15:07:35Z</time><extensions><speed>1.336272</speed><course>255.234375</course><hAcc>0.876899</hAcc><vAcc>0.687276</vAcc></extensions></trkpt>
      <trkpt lon="-82.149056" lat="33.554217"><ele>94.649582</ele><time>2021-02-13T15:07:36Z</time><extensions><speed>1.332138</speed><course>258.398438</course><hAcc>0.876907</hAcc><vAcc>0.687281</vAcc></extensions></trkpt>
      <trkpt lon="-82.149041" lat="33.554215"><ele>94.605103</ele><time>2021-02-13T15:07:37Z</time><extensions><speed>1.334462</speed><course>248.906250</course><hAcc>0.876918</hAcc><vAcc>0.687289</vAcc></extensions></trkpt>
      <trkpt lon="-82.149027" lat="33.554214"><ele>94.570679</ele><time>2021-02-13T15:07:38Z</time><extensions><speed>1.341373</speed><course>239.414062</course><hAcc>0.876932</hAcc><vAcc>0.687299</vAcc></extensions></trkpt>
      <trkpt lon="-82.149013" lat="33.554215"><ele>94.544708</ele><time>2021-02-13T15:07:39Z</time><extensions><speed>1.350640</speed><course>230.625000</course><hAcc>0.876932</hAcc><vAcc>0.687300</vAcc></extensions></trkpt>
      <trkpt lon="-82.148998" lat="33.554216"><ele>94.525330</ele><time>2021-02-13T15:07:40Z</time><extensions><speed>1.360293</speed><course>245.390625</course><hAcc>0.876919</hAcc><vAcc>0.687291</vAcc></extensions></trkpt>
      <trkpt lon="-82.148983" lat="33.554217"><ele>94.510307</ele><time>2021-02-13T15:07:41Z</time><extensions><speed>1.369011</speed><course>259.453125</course><hAcc>0.876909</hAcc><vAcc>0.687285</vAcc></extensions></trkpt>
      <trkpt lon="-82.148969" lat="33.554219"><ele>94.497414</ele><time>2021-02-13T15:07:42Z</time><extensions><speed>1.376103</speed><course>280.195312</course><hAcc>0.876903</hAcc><vAcc>0.687282</vAcc></extensions></trkpt>
      <trkpt lon="-82.148954" lat="33.554221"><ele>94.484612</ele><time>2021-02-13T15:07:43Z</time><extensions><speed>1.381435</speed><course>288.281250</course><hAcc>0.876901</hAcc><vAcc>0.687281</vAcc></extensions></trkpt>
      <trkpt lon="-82.148940" lat="33.554223"><ele>94.470139</ele><time>2021-02-13T15:07:44Z</time><extensions><speed>1.385458</speed><course>281.250000</course><hAcc>0.876902</hAcc><vAcc>0.687284</vAcc></extensions></trkpt>
      <trkpt lon="-82.148925" lat="33.554226"><ele>94.452690</ele><time>2021-02-13T15:07:45Z</time><extensions><speed>1.389010</speed><course>280.546875</course><hAcc>0.876907</hAcc><vAcc>0.687289</vAcc></extensions></trkpt>
      <trkpt lon="-82.148910" lat="33.554228"><ele>94.431442</ele><time>2021-02-13T15:07:46Z</time><extensions><speed>1.392966</speed><course>255.585938</course><hAcc>0.876918</hAcc><vAcc>0.687298</vAcc></extensions></trkpt>
      <trkpt lon="-82.148895" lat="33.554230"><ele>94.406059</ele><time>2021-02-13T15:07:47Z</time><extensions><speed>1.398261</speed><course>262.617188</course><hAcc>0.876935</hAcc><vAcc>0.687311</vAcc></extensions></trkpt>
      <trkpt lon="-82.148880" lat="33.554231"><ele>94.376495</ele><time>2021-02-13T15:07:48Z</time><extensions><speed>1.405460</speed><course>258.046875</course><hAcc>0.876961</hAcc><vAcc>0.687328</vAcc></extensions></trkpt>
      <trkpt lon="-82.148865" lat="33.554233"><ele>94.342987</ele><time>2021-02-13T15:07:49Z</time><extensions><speed>1.414569</speed><course>268.593750</course><hAcc>0.876996</hAcc><vAcc>0.687349</vAcc></extensions></trkpt>
      <trkpt lon="-82.148850" lat="33.554235"><ele>94.306007</ele><time>2021-02-13T15:07:50Z</time><extensions><speed>1.425533</speed><course>268.242188</course><hAcc>0.877041</hAcc><vAcc>0.687373</vAcc></extensions></trkpt>
      <trkpt lon="-82.148835" lat="33.554237"><ele>94.266220</ele><time>2021-02-13T15:07:51Z</time><extensions><speed>1.438264</speed><course>266.835938</course><hAcc>0.877097</hAcc><vAcc>0.687401</vAcc></extensions></trkpt>
      <trkpt lon="-82.148819" lat="33.554238"><ele>94.224411</ele><time>2021-02-13T15:07:52Z</time><extensions><speed>1.452908</speed><course>260.859375</course><hAcc>0.877164</hAcc><vAcc>0.687430</vAcc></extensions></trkpt>
      <trkpt lon="-82.148804" lat="33.554240"><ele>94.181450</ele><time>2021-02-13T15:07:53Z</time><extensions><speed>1.470022</speed><course>255.585938</course><hAcc>0.877239</hAcc><vAcc>0.687458</vAcc></extensions></trkpt>
      <trkpt lon="-82.148788" lat="33.554243"><ele>94.138184</ele><time>2021-02-13T15:07:54Z</time><extensions><speed>1.490147</speed><course>246.445312</course><hAcc>0.877316</hAcc><vAcc>0.687482</vAcc></extensions></trkpt>
      <trkpt lon="-82.148772" lat="33.554245"><ele>94.095406</ele><time>2021-02-13T15:07:55Z</time><extensions><speed>1.513424</speed><course>207.773438</course><hAcc>0.877391</hAcc><vAcc>0.687501</vAcc></extensions></trkpt>
      <trkpt lon="-82.148756" lat="33.554248"><ele>94.053909</ele><time>2021-02-13T15:07:56Z</time><extensions><speed>1.539248</speed><course>177.890625</course><hAcc>0.877455</hAcc><vAcc>0.687512</vAcc></extensions></trkpt>
      <trkpt lon="-82.148740" lat="33.554251"><ele>94.014557</ele><time>2021-02-13T15:07:57Z</time><extensions><speed>1.566300</speed><course>184.570312</course><hAcc>0.877502</hAcc><vAcc>0.687517</vAcc></extensions></trkpt>
      <trkpt lon="-82.148723" lat="33.554255"><ele>93.978073</ele><time>2021-02-13T15:07:58Z</time><extensions><speed>1.592833</speed><course>246.445312</course><hAcc>0.877529</hAcc><vAcc>0.687522</vAcc></extensions></trkpt>
      <trkpt lon="-82.148707" lat="33.554258"><ele>93.944908</ele><time>2021-02-13T15:07:59Z</time><extensions><speed>1.616977</speed><course>258.750000</course><hAcc>0.877544</hAcc><vAcc>0.687541</vAcc></extensions></trkpt>
      <trkpt lon="-82.148690" lat="33.554262"><ele>93.915199</ele><time>2021-02-13T15:08:00Z</time><extensions><speed>1.637266</speed><course>259.804688</course><hAcc>0.877580</hAcc><vAcc>0.687602</vAcc></extensions></trkpt>
      <trkpt lon="-82.148673" lat="33.554266"><ele>93.888847</ele><time>2021-02-13T15:08:01Z</time><extensions><speed>1.653011</speed><course>256.992188</course><hAcc>0.877702</hAcc><vAcc>0.687753</vAcc></extensions></trkpt>
      <trkpt lon="-82.148656" lat="33.554270"><ele>93.865623</ele><time>2021-02-13T15:08:02Z</time><extensions><speed>1.664107</speed><course>270.703125</course><hAcc>0.878033</hAcc><vAcc>0.688065</vAcc></extensions></trkpt>
      <trkpt lon="-82.148638" lat="33.554274"><ele>93.845291</ele><time>2021-02-13T15:08:03Z</time><extensions><speed>1.670394</speed><course>275.976562</course><hAcc>0.878771</hAcc><vAcc>0.688645</vAcc></extensions></trkpt>
      <trkpt lon="-82.148621" lat="33.554278"><ele>93.827599</ele><time>2021-02-13T15:08:04Z</time><extensions><speed>1.671410</speed><course>278.437500</course><hAcc>0.880221</hAcc><vAcc>0.689638</vAcc></extensions></trkpt>
      <trkpt lon="-82.148604" lat="33.554282"><ele>93.812309</ele><time>2021-02-13T15:08:05Z</time><extensions><speed>1.666914</speed><course>283.359375</course><hAcc>0.882813</hAcc><vAcc>0.691234</vAcc></extensions></trkpt>
      <trkpt lon="-82.148586" lat="33.554286"><ele>93.799171</ele><time>2021-02-13T15:08:06Z</time><extensions><speed>1.656868</speed><course>293.203125</course><hAcc>0.887121</hAcc><vAcc>0.693663</vAcc></extensions></trkpt>
      <trkpt lon="-82.148569" lat="33.554290"><ele>93.787865</ele><time>2021-02-13T15:08:07Z</time><extensions><speed>1.640855</speed><course>294.257812</course><hAcc>0.893851</hAcc><vAcc>0.697195</vAcc></extensions></trkpt>
      <trkpt lon="-82.148552" lat="33.554294"><ele>93.777870</ele><time>2021-02-13T15:08:08Z</time><extensions><speed>1.618117</speed><course>299.882812</course><hAcc>0.903809</hAcc><vAcc>0.702113</vAcc></extensions></trkpt>
      <trkpt lon="-82.148535" lat="33.554297"><ele>93.768440</ele><time>2021-02-13T15:08:09Z</time><extensions><speed>1.587925</speed><course>286.523438</course><hAcc>0.917812</hAcc><vAcc>0.708681</vAcc></extensions></trkpt>
      <trkpt lon="-82.148519" lat="33.554301"><ele>93.758713</ele><time>2021-02-13T15:08:10Z</time><extensions><speed>1.550029</speed><course>280.195312</course><hAcc>0.936553</hAcc><vAcc>0.717102</vAcc></extensions></trkpt>
      <trkpt lon="-82.148503" lat="33.554304"><ele>93.747780</ele><time>2021-02-13T15:08:11Z</time><extensions><speed>1.505505</speed><course>270.703125</course><hAcc>0.960417</hAcc><vAcc>0.727451</vAcc></extensions></trkpt>
      <trkpt lon="-82.148488" lat="33.554308"><ele>93.734825</ele><time>2021-02-13T15:08:12Z</time><extensions><speed>1.457453</speed><course>282.304688</course><hAcc>0.989281</hAcc><vAcc>0.739610</vAcc></extensions></trkpt>
      <trkpt lon="-82.148473" lat="33.554311"><ele>93.719299</ele><time>2021-02-13T15:08:13Z</time><extensions><speed>1.410618</speed><course>294.609375</course><hAcc>1.022321</hAcc><vAcc>0.753212</vAcc></extensions></trkpt>
      <trkpt lon="-82.148458" lat="33.554314"><ele>93.700935</ele><time>2021-02-13T15:08:14Z</time><extensions><speed>1.369922</speed><course>299.179688</course><hAcc>1.057895</hAcc><vAcc>0.767592</vAcc></extensions></trkpt>
      <trkpt lon="-82.148444" lat="33.554318"><ele>93.679726</ele><time>2021-02-13T15:08:15Z</time><extensions><speed>1.338031</speed><course>300.234375</course><hAcc>1.093866</hAcc><vAcc>0.781917</vAcc></extensions></trkpt>
      <trkpt lon="-82.148430" lat="33.554321"><ele>93.655739</ele><time>2021-02-13T15:08:16Z</time><extensions><speed>1.315409</speed><course>294.960938</course><hAcc>1.128355</hAcc><vAcc>0.795463</vAcc></extensions></trkpt>
      <trkpt lon="-82.148417" lat="33.554324"><ele>93.629143</ele><time>2021-02-13T15:08:17Z</time><extensions><speed>1.302064</speed><course>292.500000</course><hAcc>1.160090</hAcc><vAcc>0.807751</vAcc></extensions></trkpt>
      <trkpt lon="-82.148403" lat="33.554327"><ele>93.600143</ele><time>2021-02-13T15:08:18Z</time><extensions><speed>1.297885</speed><course>293.906250</course><hAcc>1.188329</hAcc><vAcc>0.818513</vAcc></extensions></trkpt>
      <trkpt lon="-82.148390" lat="33.554330"><ele>93.568939</ele><time>2021-02-13T15:08:19Z</time><extensions><speed>1.302629</speed><course>300.585938</course><hAcc>1.212750</hAcc><vAcc>0.827655</vAcc></extensions></trkpt>
      <trkpt lon="-82.148376" lat="33.554332"><ele>93.535706</ele><time>2021-02-13T15:08:20Z</time><extensions><speed>1.315786</speed><course>300.234375</course><hAcc>1.233338</hAcc><vAcc>0.835206</vAcc></extensions></trkpt>
      <trkpt lon="-82.148362" lat="33.554335"><ele>93.500511</ele><time>2021-02-13T15:08:21Z</time><extensions><speed>1.336655</speed><course>291.445312</course><hAcc>1.250288</hAcc><vAcc>0.841281</vAcc></extensions></trkpt>
      <trkpt lon="-82.148348" lat="33.554338"><ele>93.463287</ele><time>2021-02-13T15:08:22Z</time><extensions><speed>1.364307</speed><course>298.476562</course><hAcc>1.263930</hAcc><vAcc>0.846043</vAcc></extensions></trkpt>
      <trkpt lon="-82.148333" lat="33.554340"><ele>93.423958</ele><time>2021-02-13T15:08:23Z</time><extensions><speed>1.397685</speed><course>305.859375</course><hAcc>1.274664</hAcc><vAcc>0.849680</vAcc></extensions></trkpt>
      <trkpt lon="-82.148318" lat="33.554343"><ele>93.382477</ele><time>2021-02-13T15:08:24Z</time><extensions><speed>1.435844</speed><course>306.562500</course><hAcc>1.282917</hAcc><vAcc>0.852384</vAcc></extensions></trkpt>
      <trkpt lon="-82.148303" lat="33.554345"><ele>93.338882</ele><time>2021-02-13T15:08:25Z</time><extensions><speed>1.477724</speed><course>293.554688</course><hAcc>1.289111</hAcc><vAcc>0.854337</vAcc></extensions></trkpt>
      <trkpt lon="-82.148287" lat="33.554348"><ele>93.293297</ele><time>2021-02-13T15:08:26Z</time><extensions><speed>1.521939</speed><course>280.898438</course><hAcc>1.293640</hAcc><vAcc>0.855703</vAcc></extensions></trkpt>
      <trkpt lon="-82.148271" lat="33.554350"><ele>93.245964</ele><time>2021-02-13T15:08:27Z</time><extensions><speed>1.567037</speed><course>273.164062</course><hAcc>1.296859</hAcc><vAcc>0.856626</vAcc></extensions></trkpt>
      <trkpt lon="-82.148254" lat="33.554353"><ele>93.197182</ele><time>2021-02-13T15:08:28Z</time><extensions><speed>1.611916</speed><course>268.242188</course><hAcc>1.299074</hAcc><vAcc>0.857223</vAcc></extensions></trkpt>
      <trkpt lon="-82.148237" lat="33.554355"><ele>93.147209</ele><time>2021-02-13T15:08:29Z</time><extensions><speed>1.655991</speed><course>272.460938</course><hAcc>1.300541</hAcc><vAcc>0.857591</vAcc></extensions></trkpt>
      <trkpt lon="-82.148219" lat="33.554357"><ele>93.096306</ele><time>2021-02-13T15:08:30Z</time><extensions><speed>1.699009</speed><course>285.468750</course><hAcc>1.301469</hAcc><vAcc>0.857803</vAcc></extensions></trkpt>
      <trkpt lon="-82.148200" lat="33.554360"><ele>93.044662</ele><time>2021-02-13T15:08:31Z</time><extensions><speed>1.740654</speed><course>292.500000</course><hAcc>1.302024</hAcc><vAcc>0.857915</vAcc></extensions></trkpt>
      <trkpt lon="-82.148182" lat="33.554362"><ele>92.992485</ele><time>2021-02-13T15:08:32Z</time><extensions><speed>1.780305</speed><course>296.015625</course><hAcc>1.302331</hAcc><vAcc>0.857967</vAcc></extensions></trkpt>
      <trkpt lon="-82.148163" lat="33.554365"><ele>92.939957</ele><time>2021-02-13T15:08:33Z</time><extensions><speed>1.817218</speed><course>293.906250</course><hAcc>1.302484</hAcc><vAcc>0.857987</vAcc></extensions></trkpt>
      <trkpt lon="-82.148143" lat="33.554367"><ele>92.887253</ele><time>2021-02-13T15:08:34Z</time><extensions><speed>1.850934</speed><course>292.148438</course><hAcc>1.302548</hAcc><vAcc>0.857993</vAcc></extensions></trkpt>
      <trkpt lon="-82.148123" lat="33.554370"><ele>92.834473</ele><time>2021-02-13T15:08:35Z</time><extensions><speed>1.881420</speed><course>283.359375</course><hAcc>1.302568</hAcc><vAcc>0.857996</vAcc></extensions></trkpt>
      <trkpt lon="-82.148103" lat="33.554373"><ele>92.781578</ele><time>2021-02-13T15:08:36Z</time><extensions><speed>1.908740</speed><course>297.773438</course><hAcc>1.302573</hAcc><vAcc>0.858001</vAcc></extensions></trkpt>
      <trkpt lon="-82.148083" lat="33.554376"><ele>92.728485</ele><time>2021-02-13T15:08:37Z</time><extensions><speed>1.932861</speed><course>309.375000</course><hAcc>1.302579</hAcc><vAcc>0.858011</vAcc></extensions></trkpt>
      <trkpt lon="-82.148062" lat="33.554379"><ele>92.674988</ele><time>2021-02-13T15:08:38Z</time><extensions><speed>1.953820</speed><course>323.437500</course><hAcc>1.302594</hAcc><vAcc>0.858026</vAcc></extensions></trkpt>
      <trkpt lon="-82.148042" lat="33.554383"><ele>92.620773</ele><time>2021-02-13T15:08:39Z</time><extensions><speed>1.971840</speed><course>319.921875</course><hAcc>1.302621</hAcc><vAcc>0.858045</vAcc></extensions></trkpt>
      <trkpt lon="-82.148021" lat="33.554387"><ele>92.565414</ele><time>2021-02-13T15:08:40Z</time><extensions><speed>1.987260</speed><course>314.648438</course><hAcc>1.302659</hAcc><vAcc>0.858068</vAcc></extensions></trkpt>
      <trkpt lon="-82.148000" lat="33.554391"><ele>92.508461</ele><time>2021-02-13T15:08:41Z</time><extensions><speed>2.000350</speed><course>307.265625</course><hAcc>1.302706</hAcc><vAcc>0.858091</vAcc></extensions></trkpt>
      <trkpt lon="-82.147979" lat="33.554395"><ele>92.449509</ele><time>2021-02-13T15:08:42Z</time><extensions><speed>2.011230</speed><course>305.156250</course><hAcc>1.302759</hAcc><vAcc>0.858115</vAcc></extensions></trkpt>
      <trkpt lon="-82.147958" lat="33.554400"><ele>92.388184</ele><time>2021-02-13T15:08:43Z</time><extensions><speed>2.019853</speed><course>320.976562</course><hAcc>1.302813</hAcc><vAcc>0.858137</vAcc></extensions></trkpt>
      <trkpt lon="-82.147937" lat="33.554405"><ele>92.324211</ele><time>2021-02-13T15:08:44Z</time><extensions><speed>2.026137</speed><course>332.929688</course><hAcc>1.302867</hAcc><vAcc>0.858157</vAcc></extensions></trkpt>
      <trkpt lon="-82.147916" lat="33.554411"><ele>92.257370</ele><time>2021-02-13T15:08:45Z</time><extensions><speed>2.030106</speed><course>338.906250</course><hAcc>1.302918</hAcc><vAcc>0.858175</vAcc></extensions></trkpt>
      <trkpt lon="-82.147896" lat="33.554417"><ele>92.187469</ele><time>2021-02-13T15:08:46Z</time><extensions><speed>2.031745</speed><course>292.500000</course><hAcc>1.302965</hAcc><vAcc>0.858191</vAcc></extensions></trkpt>
      <trkpt lon="-82.147875" lat="33.554424"><ele>92.114326</ele><time>2021-02-13T15:08:47Z</time><extensions><speed>2.031020</speed><course>299.179688</course><hAcc>1.303006</hAcc><vAcc>0.858203</vAcc></extensions></trkpt>
      <trkpt lon="-82.147855" lat="33.554431"><ele>92.037819</ele><time>2021-02-13T15:08:48Z</time><extensions><speed>2.028063</speed><course>293.554688</course><hAcc>1.303042</hAcc><vAcc>0.858214</vAcc></extensions></trkpt>
      <trkpt lon="-82.147835" lat="33.554438"><ele>91.957870</ele><time>2021-02-13T15:08:49Z</time><extensions><speed>2.023358</speed><course>286.171875</course><hAcc>1.303071</hAcc><vAcc>0.858222</vAcc></extensions></trkpt>
      <trkpt lon="-82.147815" lat="33.554445"><ele>91.874542</ele><time>2021-02-13T15:08:50Z</time><extensions><speed>2.017804</speed><course>284.765625</course><hAcc>1.303095</hAcc><vAcc>0.858228</vAcc></extensions></trkpt>
      <trkpt lon="-82.147796" lat="33.554453"><ele>91.788094</ele><time>2021-02-13T15:08:51Z</time><extensions><speed>2.012259</speed><course>276.679688</course><hAcc>1.303115</hAcc><vAcc>0.858233</vAcc></extensions></trkpt>
      <trkpt lon="-82.147776" lat="33.554462"><ele>91.698853</ele><time>2021-02-13T15:08:52Z</time><extensions><speed>2.006987</speed><course>273.867188</course><hAcc>1.303130</hAcc><vAcc>0.858236</vAcc></extensions></trkpt>
      <trkpt lon="-82.147757" lat="33.554470"><ele>91.607216</ele><time>2021-02-13T15:08:53Z</time><extensions><speed>2.001820</speed><course>281.953125</course><hAcc>1.303141</hAcc><vAcc>0.858239</vAcc></extensions></trkpt>
      <trkpt lon="-82.147739" lat="33.554479"><ele>91.513641</ele><time>2021-02-13T15:08:54Z</time><extensions><speed>1.996513</speed><course>272.812500</course><hAcc>1.303149</hAcc><vAcc>0.858240</vAcc></extensions></trkpt>
      <trkpt lon="-82.147720" lat="33.554488"><ele>91.418724</ele><time>2021-02-13T15:08:55Z</time><extensions><speed>1.990717</speed><course>262.968750</course><hAcc>1.303155</hAcc><vAcc>0.858241</vAcc></extensions></trkpt>
      <trkpt lon="-82.147702" lat="33.554498"><ele>91.323112</ele><time>2021-02-13T15:08:56Z</time><extensions><speed>1.984043</speed><course>208.828125</course><hAcc>1.303159</hAcc><vAcc>0.858242</vAcc></extensions></trkpt>
      <trkpt lon="-82.147684" lat="33.554507"><ele>91.227493</ele><time>2021-02-13T15:08:57Z</time><extensions><speed>1.976168</speed><course>235.898438</course><hAcc>1.303162</hAcc><vAcc>0.858243</vAcc></extensions></trkpt>
      <trkpt lon="-82.147666" lat="33.554517"><ele>91.132469</ele><time>2021-02-13T15:08:58Z</time><extensions><speed>1.966823</speed><course>299.179688</course><hAcc>1.303164</hAcc><vAcc>0.858243</vAcc></extensions></trkpt>
      <trkpt lon="-82.147649" lat="33.554527"><ele>91.038521</ele><time>2021-02-13T15:08:59Z</time><extensions><speed>1.955840</speed><course>297.421875</course><hAcc>1.303165</hAcc><vAcc>0.858243</vAcc></extensions></trkpt>
      <trkpt lon="-82.147631" lat="33.554536"><ele>90.945999</ele><time>2021-02-13T15:09:00Z</time><extensions><speed>1.943193</speed><course>318.164062</course><hAcc>1.303165</hAcc><vAcc>0.858243</vAcc></extensions></trkpt>
      <trkpt lon="-82.147614" lat="33.554546"><ele>90.855148</ele><time>2021-02-13T15:09:01Z</time><extensions><speed>1.928998</speed><course>316.406250</course><hAcc>1.303166</hAcc><vAcc>0.858243</vAcc></extensions></trkpt>
      <trkpt lon="-82.147597" lat="33.554556"><ele>90.766121</ele><time>2021-02-13T15:09:02Z</time><extensions><speed>1.913641</speed><course>311.484375</course><hAcc>1.303166</hAcc><vAcc>0.858243</vAcc></extensions></trkpt>
      <trkpt lon="-82.147580" lat="33.554566"><ele>90.678917</ele><time>2021-02-13T15:09:03Z</time><extensions><speed>1.897795</speed><course>286.875000</course><hAcc>1.303165</hAcc><vAcc>0.858243</vAcc></extensions></trkpt>
      <trkpt lon="-82.147564" lat="33.554576"><ele>90.593346</ele><time>2021-02-13T15:09:04Z</time><extensions><speed>1.882175</speed><course>284.062500</course><hAcc>1.303165</hAcc><vAcc>0.858243</vAcc></extensions></trkpt>
      <trkpt lon="-82.147547" lat="33.554586"><ele>90.509148</ele><time>2021-02-13T15:09:05Z</time><extensions><speed>1.867252</speed><course>256.289062</course><hAcc>1.303164</hAcc><vAcc>0.858243</vAcc></extensions></trkpt>
      <trkpt lon="-82.147531" lat="33.554596"><ele>90.426086</ele><time>2021-02-13T15:09:06Z</time><extensions><speed>1.853049</speed><course>267.890625</course><hAcc>1.303162</hAcc><vAcc>0.858243</vAcc></extensions></trkpt>
      <trkpt lon="-82.147515" lat="33.554605"><ele>90.344017</ele><time>2021-02-13T15:09:07Z</time><extensions><speed>1.839094</speed><course>273.867188</course><hAcc>1.303159</hAcc><vAcc>0.858243</vAcc></extensions></trkpt>
      <trkpt lon="-82.147499" lat="33.554615"><ele>90.262955</ele><time>2021-02-13T15:09:08Z</time><extensions><speed>1.824650</speed><course>268.242188</course><hAcc>1.303155</hAcc><vAcc>0.858242</vAcc></extensions></trkpt>
      <trkpt lon="-82.147483" lat="33.554625"><ele>90.183044</ele><time>2021-02-13T15:09:09Z</time><extensions><speed>1.809108</speed><course>281.601562</course><hAcc>1.303149</hAcc><vAcc>0.858241</vAcc></extensions></trkpt>
      <trkpt lon="-82.147467" lat="33.554634"><ele>90.104492</ele><time>2021-02-13T15:09:10Z</time><extensions><speed>1.792148</speed><course>281.601562</course><hAcc>1.303141</hAcc><vAcc>0.858239</vAcc></extensions></trkpt>
      <trkpt lon="-82.147452" lat="33.554644"><ele>90.027534</ele><time>2021-02-13T15:09:11Z</time><extensions><speed>1.773638</speed><course>286.171875</course><hAcc>1.303129</hAcc><vAcc>0.858237</vAcc></extensions></trkpt>
      <trkpt lon="-82.147437" lat="33.554654"><ele>89.952408</ele><time>2021-02-13T15:09:12Z</time><extensions><speed>1.753511</speed><course>294.609375</course><hAcc>1.303114</hAcc><vAcc>0.858234</vAcc></extensions></trkpt>
      <trkpt lon="-82.147422" lat="33.554663"><ele>89.879303</ele><time>2021-02-13T15:09:13Z</time><extensions><speed>1.731773</speed><course>277.382812</course><hAcc>1.303095</hAcc><vAcc>0.858229</vAcc></extensions></trkpt>
      <trkpt lon="-82.147408" lat="33.554673"><ele>89.808304</ele><time>2021-02-13T15:09:14Z</time><extensions><speed>1.708567</speed><course>275.625000</course><hAcc>1.303071</hAcc><vAcc>0.858223</vAcc></extensions></trkpt>
      <trkpt lon="-82.147393" lat="33.554682"><ele>89.739456</ele><time>2021-02-13T15:09:15Z</time><extensions><speed>1.684189</speed><course>263.320312</course><hAcc>1.303041</hAcc><vAcc>0.858215</vAcc></extensions></trkpt>
      <trkpt lon="-82.147379" lat="33.554692"><ele>89.672691</ele><time>2021-02-13T15:09:16Z</time><extensions><speed>1.659030</speed><course>148.710938</course><hAcc>1.303006</hAcc><vAcc>0.858204</vAcc></extensions></trkpt>
      <trkpt lon="-82.147365" lat="33.554701"><ele>89.607918</ele><time>2021-02-13T15:09:17Z</time><extensions><speed>1.633518</speed><course>251.367188</course><hAcc>1.302964</hAcc><vAcc>0.858192</vAcc></extensions></trkpt>
      <trkpt lon="-82.147352" lat="33.554710"><ele>89.544998</ele><time>2021-02-13T15:09:18Z</time><extensions><speed>1.608052</speed><course>253.476562</course><hAcc>1.302918</hAcc><vAcc>0.858176</vAcc></extensions></trkpt>
      <trkpt lon="-82.147339" lat="33.554720"><ele>89.483780</ele><time>2021-02-13T15:09:19Z</time><extensions><speed>1.583033</speed><course>259.453125</course><hAcc>1.302867</hAcc><vAcc>0.858159</vAcc></extensions></trkpt>
      <trkpt lon="-82.147326" lat="33.554729"><ele>89.424110</ele><time>2021-02-13T15:09:20Z</time><extensions><speed>1.558873</speed><course>263.671875</course><hAcc>1.302813</hAcc><vAcc>0.858138</vAcc></extensions></trkpt>
      <trkpt lon="-82.147314" lat="33.554738"><ele>89.365822</ele><time>2021-02-13T15:09:21Z</time><extensions><speed>1.535936</speed><course>264.726562</course><hAcc>1.302758</hAcc><vAcc>0.858116</vAcc></extensions></trkpt>
      <trkpt lon="-82.147301" lat="33.554747"><ele>89.308708</ele><time>2021-02-13T15:09:22Z</time><extensions><speed>1.514539</speed><course>262.617188</course><hAcc>1.302706</hAcc><vAcc>0.858093</vAcc></extensions></trkpt>
      <trkpt lon="-82.147290" lat="33.554757"><ele>89.252472</ele><time>2021-02-13T15:09:23Z</time><extensions><speed>1.494979</speed><course>248.906250</course><hAcc>1.302658</hAcc><vAcc>0.858069</vAcc></extensions></trkpt>
      <trkpt lon="-82.147278" lat="33.554766"><ele>89.196823</ele><time>2021-02-13T15:09:24Z</time><extensions><speed>1.477524</speed><course>233.789062</course><hAcc>1.302620</hAcc><vAcc>0.858047</vAcc></extensions></trkpt>
      <trkpt lon="-82.147267" lat="33.554775"><ele>89.141487</ele><time>2021-02-13T15:09:25Z</time><extensions><speed>1.462297</speed><course>220.781250</course><hAcc>1.302593</hAcc><vAcc>0.858028</vAcc></extensions></trkpt>
      <trkpt lon="-82.147256" lat="33.554785"><ele>89.086205</ele><time>2021-02-13T15:09:26Z</time><extensions><speed>1.449146</speed><course>217.617188</course><hAcc>1.302577</hAcc><vAcc>0.858013</vAcc></extensions></trkpt>
      <trkpt lon="-82.147245" lat="33.554794"><ele>89.030731</ele><time>2021-02-13T15:09:27Z</time><extensions><speed>1.437805</speed><course>228.867188</course><hAcc>1.302572</hAcc><vAcc>0.858003</vAcc></extensions></trkpt>
      <trkpt lon="-82.147235" lat="33.554804"><ele>88.974892</ele><time>2021-02-13T15:09:28Z</time><extensions><speed>1.428062</speed><course>247.851562</course><hAcc>1.302567</hAcc><vAcc>0.857998</vAcc></extensions></trkpt>
      <trkpt lon="-82.147225" lat="33.554813"><ele>88.918625</ele><time>2021-02-13T15:09:29Z</time><extensions><speed>1.419698</speed><course>261.562500</course><hAcc>1.302546</hAcc><vAcc>0.857995</vAcc></extensions></trkpt>
      <trkpt lon="-82.147215" lat="33.554823"><ele>88.861977</ele><time>2021-02-13T15:09:30Z</time><extensions><speed>1.412326</speed><course>248.554688</course><hAcc>1.302482</hAcc><vAcc>0.857989</vAcc></extensions></trkpt>
      <trkpt lon="-82.147206" lat="33.554833"><ele>88.805084</ele><time>2021-02-13T15:09:31Z</time><extensions><speed>1.405215</speed><course>236.250000</course><hAcc>1.302330</hAcc><vAcc>0.857969</vAcc></extensions></trkpt>
      <trkpt lon="-82.147197" lat="33.554844"><ele>88.748230</ele><time>2021-02-13T15:09:32Z</time><extensions><speed>1.397184</speed><course>224.648438</course><hAcc>1.302023</hAcc><vAcc>0.857917</vAcc></extensions></trkpt>
      <trkpt lon="-82.147189" lat="33.554854"><ele>88.691811</ele><time>2021-02-13T15:09:33Z</time><extensions><speed>1.386835</speed><course>209.179688</course><hAcc>1.301468</hAcc><vAcc>0.857805</vAcc></extensions></trkpt>
      <trkpt lon="-82.147181" lat="33.554865"><ele>88.636383</ele><time>2021-02-13T15:09:34Z</time><extensions><speed>1.372989</speed><course>200.039062</course><hAcc>1.300539</hAcc><vAcc>0.857593</vAcc></extensions></trkpt>
      <trkpt lon="-82.147173" lat="33.554875"><ele>88.582626</ele><time>2021-02-13T15:09:35Z</time><extensions><speed>1.354871</speed><course>195.117188</course><hAcc>1.299073</hAcc><vAcc>0.857225</vAcc></extensions></trkpt>
      <trkpt lon="-82.147166" lat="33.554886"><ele>88.531296</ele><time>2021-02-13T15:09:36Z</time><extensions><speed>1.332209</speed><course>197.929688</course><hAcc>1.296858</hAcc><vAcc>0.856628</vAcc></extensions></trkpt>
      <trkpt lon="-82.147159" lat="33.554896"><ele>88.483162</ele><time>2021-02-13T15:09:37Z</time><extensions><speed>1.305218</speed><course>202.500000</course><hAcc>1.293639</hAcc><vAcc>0.855705</vAcc></extensions></trkpt>
      <trkpt lon="-82.147153" lat="33.554907"><ele>88.438950</ele><time>2021-02-13T15:09:38Z</time><extensions><speed>1.274680</speed><course>198.632812</course><hAcc>1.289110</hAcc><vAcc>0.854339</vAcc></extensions></trkpt>
      <trkpt lon="-82.147148" lat="33.554917"><ele>88.399269</ele><time>2021-02-13T15:09:39Z</time><extensions><speed>1.241995</speed><course>187.382812</course><hAcc>1.282915</hAcc><vAcc>0.852386</vAcc></extensions></trkpt>
      <trkpt lon="-82.147143" lat="33.554927"><ele>88.364487</ele><time>2021-02-13T15:09:40Z</time><extensions><speed>1.208959</speed><course>182.812500</course><hAcc>1.274662</hAcc><vAcc>0.849682</vAcc></extensions></trkpt>
      <trkpt lon="-82.147139" lat="33.554938"><ele>88.334641</ele><time>2021-02-13T15:09:41Z</time><extensions><speed>1.177661</speed><course>170.859375</course><hAcc>1.263929</hAcc><vAcc>0.846045</vAcc></extensions></trkpt>
      <trkpt lon="-82.147136" lat="33.554948"><ele>88.309502</ele><time>2021-02-13T15:09:42Z</time><extensions><speed>1.150457</speed><course>171.914062</course><hAcc>1.250287</hAcc><vAcc>0.841283</vAcc></extensions></trkpt>
      <trkpt lon="-82.147133" lat="33.554958"><ele>88.288673</ele><time>2021-02-13T15:09:43Z</time><extensions><speed>1.129896</speed><course>178.945312</course><hAcc>1.233337</hAcc><vAcc>0.835208</vAcc></extensions></trkpt>
      <trkpt lon="-82.147131" lat="33.554968"><ele>88.271568</ele><time>2021-02-13T15:09:44Z</time><extensions><speed>1.118552</speed><course>181.406250</course><hAcc>1.212750</hAcc><vAcc>0.827657</vAcc></extensions></trkpt>
      <trkpt lon="-82.147129" lat="33.554978"><ele>88.257401</ele><time>2021-02-13T15:09:45Z</time><extensions><speed>1.118644</speed><course>190.898438</course><hAcc>1.188329</hAcc><vAcc>0.818515</vAcc></extensions></trkpt>
      <trkpt lon="-82.147128" lat="33.554988"><ele>88.245178</ele><time>2021-02-13T15:09:46Z</time><extensions><speed>1.131485</speed><course>171.562500</course><hAcc>1.160090</hAcc><vAcc>0.807752</vAcc></extensions></trkpt>
      <trkpt lon="-82.147128" lat="33.554998"><ele>88.233765</ele><time>2021-02-13T15:09:47Z</time><extensions><speed>1.157114</speed><course>170.507812</course><hAcc>1.128355</hAcc><vAcc>0.795464</vAcc></extensions></trkpt>
      <trkpt lon="-82.147128" lat="33.555009"><ele>88.222038</ele><time>2021-02-13T15:09:48Z</time><extensions><speed>1.194284</speed><course>157.851562</course><hAcc>1.093866</hAcc><vAcc>0.781917</vAcc></extensions></trkpt>
      <trkpt lon="-82.147128" lat="33.555020"><ele>88.209183</ele><time>2021-02-13T15:09:49Z</time><extensions><speed>1.240653</speed><course>167.695312</course><hAcc>1.057896</hAcc><vAcc>0.767592</vAcc></extensions></trkpt>
      <trkpt lon="-82.147129" lat="33.555031"><ele>88.194885</ele><time>2021-02-13T15:09:50Z</time><extensions><speed>1.293288</speed><course>195.820312</course><hAcc>1.022322</hAcc><vAcc>0.753211</vAcc></extensions></trkpt>
      <trkpt lon="-82.147130" lat="33.555043"><ele>88.179222</ele><time>2021-02-13T15:09:51Z</time><extensions><speed>1.348095</speed><course>197.929688</course><hAcc>0.989283</hAcc><vAcc>0.739609</vAcc></extensions></trkpt>
      <trkpt lon="-82.147130" lat="33.555055"><ele>88.162346</ele><time>2021-02-13T15:09:52Z</time><extensions><speed>1.400576</speed><course>214.101562</course><hAcc>0.960419</hAcc><vAcc>0.727449</vAcc></extensions></trkpt>
      <trkpt lon="-82.147131" lat="33.555068"><ele>88.144356</ele><time>2021-02-13T15:09:53Z</time><extensions><speed>1.447551</speed><course>165.234375</course><hAcc>0.936555</hAcc><vAcc>0.717101</vAcc></extensions></trkpt>
      <trkpt lon="-82.147131" lat="33.555081"><ele>88.125267</ele><time>2021-02-13T15:09:54Z</time><extensions><speed>1.487357</speed><course>169.804688</course><hAcc>0.917814</hAcc><vAcc>0.708679</vAcc></extensions></trkpt>
      <trkpt lon="-82.147131" lat="33.555095"><ele>88.105034</ele><time>2021-02-13T15:09:55Z</time><extensions><speed>1.519956</speed><course>142.382812</course><hAcc>0.903812</hAcc><vAcc>0.702110</vAcc></extensions></trkpt>
      <trkpt lon="-82.147131" lat="33.555109"><ele>88.083649</ele><time>2021-02-13T15:09:56Z</time><extensions><speed>1.546444</speed><course>196.171875</course><hAcc>0.893854</hAcc><vAcc>0.697193</vAcc></extensions></trkpt>
      <trkpt lon="-82.147129" lat="33.555123"><ele>88.061073</ele><time>2021-02-13T15:09:57Z</time><extensions><speed>1.568490</speed><course>215.507812</course><hAcc>0.887123</hAcc><vAcc>0.693661</vAcc></extensions></trkpt>
      <trkpt lon="-82.147128" lat="33.555137"><ele>88.037170</ele><time>2021-02-13T15:09:58Z</time><extensions><speed>1.587996</speed><course>207.421875</course><hAcc>0.882816</hAcc><vAcc>0.691231</vAcc></extensions></trkpt>
      <trkpt lon="-82.147125" lat="33.555151"><ele>88.011719</ele><time>2021-02-13T15:09:59Z</time><extensions><speed>1.606917</speed><course>286.171875</course><hAcc>0.880223</hAcc><vAcc>0.689635</vAcc></extensions></trkpt>
      <trkpt lon="-82.147122" lat="33.555165"><ele>87.984344</ele><time>2021-02-13T15:10:00Z</time><extensions><speed>1.627125</speed><course>236.601562</course><hAcc>0.878773</hAcc><vAcc>0.688642</vAcc></extensions></trkpt>
      <trkpt lon="-82.147118" lat="33.555180"><ele>87.954651</ele><time>2021-02-13T15:10:01Z</time><extensions><speed>1.650066</speed><course>203.554688</course><hAcc>0.878035</hAcc><vAcc>0.688062</vAcc></extensions></trkpt>
      <trkpt lon="-82.147114" lat="33.555194"><ele>87.922455</ele><time>2021-02-13T15:10:02Z</time><extensions><speed>1.676333</speed><course>205.312500</course><hAcc>0.877705</hAcc><vAcc>0.687750</vAcc></extensions></trkpt>
      <trkpt lon="-82.147109" lat="33.555209"><ele>87.887932</ele><time>2021-02-13T15:10:03Z</time><extensions><speed>1.705408</speed><course>172.968750</course><hAcc>0.877583</hAcc><vAcc>0.687599</vAcc></extensions></trkpt>
      <trkpt lon="-82.147104" lat="33.555224"><ele>87.851501</ele><time>2021-02-13T15:10:04Z</time><extensions><speed>1.735580</speed><course>186.328125</course><hAcc>0.877548</hAcc><vAcc>0.687538</vAcc></extensions></trkpt>
      <trkpt lon="-82.147098" lat="33.555239"><ele>87.813538</ele><time>2021-02-13T15:10:05Z</time><extensions><speed>1.764710</speed><course>188.789062</course><hAcc>0.877532</hAcc><vAcc>0.687519</vAcc></extensions></trkpt>
      <trkpt lon="-82.147092" lat="33.555254"><ele>87.774132</ele><time>2021-02-13T15:10:06Z</time><extensions><speed>1.791121</speed><course>195.468750</course><hAcc>0.877505</hAcc><vAcc>0.687514</vAcc></extensions></trkpt>
      <trkpt lon="-82.147087" lat="33.555270"><ele>87.733269</ele><time>2021-02-13T15:10:07Z</time><extensions><speed>1.813612</speed><course>195.117188</course><hAcc>0.877459</hAcc><vAcc>0.687509</vAcc></extensions></trkpt>
      <trkpt lon="-82.147082" lat="33.555286"><ele>87.690895</ele><time>2021-02-13T15:10:08Z</time><extensions><speed>1.831328</speed><course>194.414062</course><hAcc>0.877395</hAcc><vAcc>0.687498</vAcc></extensions></trkpt>
      <trkpt lon="-82.147077" lat="33.555302"><ele>87.646744</ele><time>2021-02-13T15:10:09Z</time><extensions><speed>1.843889</speed><course>192.304688</course><hAcc>0.877320</hAcc><vAcc>0.687479</vAcc></extensions></trkpt>
      <trkpt lon="-82.147072" lat="33.555318"><ele>87.600464</ele><time>2021-02-13T15:10:10Z</time><extensions><speed>1.851450</speed><course>190.546875</course><hAcc>0.877243</hAcc><vAcc>0.687455</vAcc></extensions></trkpt>
      <trkpt lon="-82.147069" lat="33.555334"><ele>87.551834</ele><time>2021-02-13T15:10:11Z</time><extensions><speed>1.854489</speed><course>185.976562</course><hAcc>0.877169</hAcc><vAcc>0.687427</vAcc></extensions></trkpt>
      <trkpt lon="-82.147065" lat="33.555351"><ele>87.500839</ele><time>2021-02-13T15:10:12Z</time><extensions><speed>1.853725</speed><course>188.437500</course><hAcc>0.877103</hAcc><vAcc>0.687399</vAcc></extensions></trkpt>
      <trkpt lon="-82.147063" lat="33.555367"><ele>87.447609</ele><time>2021-02-13T15:10:13Z</time><extensions><speed>1.849914</speed><course>195.117188</course><hAcc>0.877047</hAcc><vAcc>0.687372</vAcc></extensions></trkpt>
      <trkpt lon="-82.147060" lat="33.555384"><ele>87.392326</ele><time>2021-02-13T15:10:14Z</time><extensions><speed>1.843783</speed><course>203.554688</course><hAcc>0.877003</hAcc><vAcc>0.687348</vAcc></extensions></trkpt>
      <trkpt lon="-82.147059" lat="33.555401"><ele>87.335266</ele><time>2021-02-13T15:10:15Z</time><extensions><speed>1.836242</speed><course>204.960938</course><hAcc>0.876970</hAcc><vAcc>0.687328</vAcc></extensions></trkpt>
      <trkpt lon="-82.147057" lat="33.555417"><ele>87.276802</ele><time>2021-02-13T15:10:16Z</time><extensions><speed>1.828195</speed><course>203.554688</course><hAcc>0.876946</hAcc><vAcc>0.687313</vAcc></extensions></trkpt>
      <trkpt lon="-82.147056" lat="33.555433"><ele>87.217293</ele><time>2021-02-13T15:10:17Z</time><extensions><speed>1.820345</speed><course>210.234375</course><hAcc>0.876931</hAcc><vAcc>0.687302</vAcc></extensions></trkpt>
      <trkpt lon="-82.147055" lat="33.555450"><ele>87.157074</ele><time>2021-02-13T15:10:18Z</time><extensions><speed>1.813210</speed><course>208.476562</course><hAcc>0.876924</hAcc><vAcc>0.687295</vAcc></extensions></trkpt>
      <trkpt lon="-82.147054" lat="33.555466"><ele>87.096382</ele><time>2021-02-13T15:10:19Z</time><extensions><speed>1.807185</speed><course>216.210938</course><hAcc>0.876923</hAcc><vAcc>0.687293</vAcc></extensions></trkpt>
      <trkpt lon="-82.147053" lat="33.555482"><ele>87.035278</ele><time>2021-02-13T15:10:20Z</time><extensions><speed>1.802707</speed><course>192.656250</course><hAcc>0.876928</hAcc><vAcc>0.687295</vAcc></extensions></trkpt>
      <trkpt lon="-82.147053" lat="33.555499"><ele>86.973579</ele><time>2021-02-13T15:10:21Z</time><extensions><speed>1.800192</speed><course>205.664062</course><hAcc>0.876939</hAcc><vAcc>0.687301</vAcc></extensions></trkpt>
      <trkpt lon="-82.147052" lat="33.555515"><ele>86.911095</ele><time>2021-02-13T15:10:22Z</time><extensions><speed>1.800004</speed><course>208.125000</course><hAcc>0.876938</hAcc><vAcc>0.687298</vAcc></extensions></trkpt>
      <trkpt lon="-82.147050" lat="33.555531"><ele>86.848198</ele><time>2021-02-13T15:10:23Z</time><extensions><speed>1.802416</speed><course>168.750000</course><hAcc>0.876922</hAcc><vAcc>0.687287</vAcc></extensions></trkpt>
      <trkpt lon="-82.147049" lat="33.555547"><ele>86.785400</ele><time>2021-02-13T15:10:24Z</time><extensions><speed>1.807425</speed><course>193.359375</course><hAcc>0.876911</hAcc><vAcc>0.687278</vAcc></extensions></trkpt>
      <trkpt lon="-82.147048" lat="33.555564"><ele>86.723404</ele><time>2021-02-13T15:10:25Z</time><extensions><speed>1.814506</speed><course>207.421875</course><hAcc>0.876903</hAcc><vAcc>0.687272</vAcc></extensions></trkpt>
      <trkpt lon="-82.147046" lat="33.555580"><ele>86.662941</ele><time>2021-02-13T15:10:26Z</time><extensions><speed>1.822704</speed><course>203.203125</course><hAcc>0.876897</hAcc><vAcc>0.687267</vAcc></extensions></trkpt>
      <trkpt lon="-82.147044" lat="33.555596"><ele>86.604584</ele><time>2021-02-13T15:10:27Z</time><extensions><speed>1.830715</speed><course>198.632812</course><hAcc>0.876893</hAcc><vAcc>0.687264</vAcc></extensions></trkpt>
      <trkpt lon="-82.147042" lat="33.555613"><ele>86.548706</ele><time>2021-02-13T15:10:28Z</time><extensions><speed>1.836902</speed><course>192.304688</course><hAcc>0.876889</hAcc><vAcc>0.687261</vAcc></extensions></trkpt>
      <trkpt lon="-82.147040" lat="33.555629"><ele>86.495399</ele><time>2021-02-13T15:10:29Z</time><extensions><speed>1.839623</speed><course>197.929688</course><hAcc>0.876887</hAcc><vAcc>0.687259</vAcc></extensions></trkpt>
      <trkpt lon="-82.147038" lat="33.555646"><ele>86.444489</ele><time>2021-02-13T15:10:30Z</time><extensions><speed>1.837588</speed><course>215.859375</course><hAcc>0.876885</hAcc><vAcc>0.687258</vAcc></extensions></trkpt>
      <trkpt lon="-82.147037" lat="33.555662"><ele>86.395576</ele><time>2021-02-13T15:10:31Z</time><extensions><speed>1.830136</speed><course>224.648438</course><hAcc>0.876884</hAcc><vAcc>0.687257</vAcc></extensions></trkpt>
      <trkpt lon="-82.147035" lat="33.555679"><ele>86.348190</ele><time>2021-02-13T15:10:32Z</time><extensions><speed>1.817456</speed><course>223.242188</course><hAcc>0.876883</hAcc><vAcc>0.687256</vAcc></extensions></trkpt>
      <trkpt lon="-82.147034" lat="33.555695"><ele>86.301804</ele><time>2021-02-13T15:10:33Z</time><extensions><speed>1.800343</speed><course>219.023438</course><hAcc>0.876882</hAcc><vAcc>0.687255</vAcc></extensions></trkpt>
      <trkpt lon="-82.147034" lat="33.555711"><ele>86.255974</ele><time>2021-02-13T15:10:34Z</time><extensions><speed>1.779597</speed><course>202.148438</course><hAcc>0.876881</hAcc><vAcc>0.687255</vAcc></extensions></trkpt>
      <trkpt lon="-82.147033" lat="33.555727"><ele>86.210442</ele><time>2021-02-13T15:10:35Z</time><extensions><speed>1.755962</speed><course>203.906250</course><hAcc>0.876881</hAcc><vAcc>0.687254</vAcc></extensions></trkpt>
      <trkpt lon="-82.147033" lat="33.555743"><ele>86.165192</ele><time>2021-02-13T15:10:36Z</time><extensions><speed>1.730158</speed><course>197.929688</course><hAcc>0.876881</hAcc><vAcc>0.687254</vAcc></extensions></trkpt>
      <trkpt lon="-82.147034" lat="33.555758"><ele>86.120445</ele><time>2021-02-13T15:10:37Z</time><extensions><speed>1.702956</speed><course>216.562500</course><hAcc>0.876881</hAcc><vAcc>0.687254</vAcc></extensions></trkpt>
      <trkpt lon="-82.147034" lat="33.555773"><ele>86.076553</ele><time>2021-02-13T15:10:38Z</time><extensions><speed>1.675504</speed><course>215.156250</course><hAcc>0.876881</hAcc><vAcc>0.687253</vAcc></extensions></trkpt>
      <trkpt lon="-82.147035" lat="33.555788"><ele>86.033913</ele><time>2021-02-13T15:10:39Z</time><extensions><speed>1.649350</speed><course>227.109375</course><hAcc>0.876881</hAcc><vAcc>0.687253</vAcc></extensions></trkpt>
      <trkpt lon="-82.147036" lat="33.555803"><ele>85.992882</ele><time>2021-02-13T15:10:40Z</time><extensions><speed>1.626006</speed><course>223.593750</course><hAcc>0.876881</hAcc><vAcc>0.687253</vAcc></extensions></trkpt>
      <trkpt lon="-82.147036" lat="33.555818"><ele>85.953773</ele><time>2021-02-13T15:10:41Z</time><extensions><speed>1.606489</speed><course>215.156250</course><hAcc>0.876881</hAcc><vAcc>0.687253</vAcc></extensions></trkpt>
      <trkpt lon="-82.147037" lat="33.555832"><ele>85.916817</ele><time>2021-02-13T15:10:42Z</time><extensions><speed>1.591316</speed><course>204.960938</course><hAcc>0.876881</hAcc><vAcc>0.687254</vAcc></extensions></trkpt>
      <trkpt lon="-82.147037" lat="33.555846"><ele>85.882133</ele><time>2021-02-13T15:10:43Z</time><extensions><speed>1.580748</speed><course>197.929688</course><hAcc>0.876881</hAcc><vAcc>0.687255</vAcc></extensions></trkpt>
      <trkpt lon="-82.147038" lat="33.555861"><ele>85.849800</ele><time>2021-02-13T15:10:44Z</time><extensions><speed>1.575004</speed><course>199.335938</course><hAcc>0.876882</hAcc><vAcc>0.687256</vAcc></extensions></trkpt>
      <trkpt lon="-82.147039" lat="33.555875"><ele>85.819954</ele><time>2021-02-13T15:10:45Z</time><extensions><speed>1.574458</speed><course>206.367188</course><hAcc>0.876884</hAcc><vAcc>0.687259</vAcc></extensions></trkpt>
      <trkpt lon="-82.147040" lat="33.555889"><ele>85.792747</ele><time>2021-02-13T15:10:46Z</time><extensions><speed>1.579159</speed><course>219.726562</course><hAcc>0.876887</hAcc><vAcc>0.687262</vAcc></extensions></trkpt>
      <trkpt lon="-82.147041" lat="33.555903"><ele>85.768250</ele><time>2021-02-13T15:10:47Z</time><extensions><speed>1.588332</speed><course>226.757812</course><hAcc>0.876893</hAcc><vAcc>0.687268</vAcc></extensions></trkpt>
      <trkpt lon="-82.147042" lat="33.555917"><ele>85.746338</ele><time>2021-02-13T15:10:48Z</time><extensions><speed>1.600469</speed><course>228.164062</course><hAcc>0.876902</hAcc><vAcc>0.687276</vAcc></extensions></trkpt>
      <trkpt lon="-82.147044" lat="33.555932"><ele>85.726517</ele><time>2021-02-13T15:10:49Z</time><extensions><speed>1.613257</speed><course>230.976562</course><hAcc>0.876915</hAcc><vAcc>0.687287</vAcc></extensions></trkpt>
      <trkpt lon="-82.147046" lat="33.555946"><ele>85.707840</ele><time>2021-02-13T15:10:50Z</time><extensions><speed>1.624626</speed><course>224.296875</course><hAcc>0.876934</hAcc><vAcc>0.687301</vAcc></extensions></trkpt>
      <trkpt lon="-82.147048" lat="33.555961"><ele>85.689117</ele><time>2021-02-13T15:10:51Z</time><extensions><speed>1.634126</speed><course>226.406250</course><hAcc>0.876960</hAcc><vAcc>0.687319</vAcc></extensions></trkpt>
      <trkpt lon="-82.147050" lat="33.555976"><ele>85.669174</ele><time>2021-02-13T15:10:52Z</time><extensions><speed>1.642991</speed><course>221.835938</course><hAcc>0.876996</hAcc><vAcc>0.687340</vAcc></extensions></trkpt>
      <trkpt lon="-82.147053" lat="33.555990"><ele>85.647148</ele><time>2021-02-13T15:10:53Z</time><extensions><speed>1.653277</speed><course>219.023438</course><hAcc>0.877041</hAcc><vAcc>0.687365</vAcc></extensions></trkpt>
      <trkpt lon="-82.147056" lat="33.556005"><ele>85.622520</ele><time>2021-02-13T15:10:54Z</time><extensions><speed>1.666510</speed><course>221.484375</course><hAcc>0.877095</hAcc><vAcc>0.687391</vAcc></extensions></trkpt>
      <trkpt lon="-82.147060" lat="33.556020"><ele>85.595024</ele><time>2021-02-13T15:10:55Z</time><extensions><speed>1.683041</speed><course>219.726562</course><hAcc>0.877158</hAcc><vAcc>0.687418</vAcc></extensions></trkpt>
      <trkpt lon="-82.147063" lat="33.556035"><ele>85.564621</ele><time>2021-02-13T15:10:56Z</time><extensions><speed>1.702176</speed><course>219.023438</course><hAcc>0.877226</hAcc><vAcc>0.687443</vAcc></extensions></trkpt>
      <trkpt lon="-82.147068" lat="33.556050"><ele>85.531509</ele><time>2021-02-13T15:10:57Z</time><extensions><speed>1.722674</speed><course>211.289062</course><hAcc>0.877294</hAcc><vAcc>0.687463</vAcc></extensions></trkpt>
      <trkpt lon="-82.147072" lat="33.556065"><ele>85.496094</ele><time>2021-02-13T15:10:58Z</time><extensions><speed>1.743213</speed><course>217.265625</course><hAcc>0.877355</hAcc><vAcc>0.687475</vAcc></extensions></trkpt>
      <trkpt lon="-82.147076" lat="33.556080"><ele>85.458931</ele><time>2021-02-13T15:10:59Z</time><extensions><speed>1.762348</speed><course>226.054688</course><hAcc>0.877400</hAcc><vAcc>0.687478</vAcc></extensions></trkpt>
      <trkpt lon="-82.147081" lat="33.556096"><ele>85.420815</ele><time>2021-02-13T15:11:00Z</time><extensions><speed>1.778500</speed><course>233.437500</course><hAcc>0.877421</hAcc><vAcc>0.687472</vAcc></extensions></trkpt>
      <trkpt lon="-82.147085" lat="33.556112"><ele>85.382591</ele><time>2021-02-13T15:11:01Z</time><extensions><speed>1.790323</speed><course>227.812500</course><hAcc>0.877416</hAcc><vAcc>0.687463</vAcc></extensions></trkpt>
      <trkpt lon="-82.147090" lat="33.556127"><ele>85.345100</ele><time>2021-02-13T15:11:02Z</time><extensions><speed>1.797083</speed><course>223.593750</course><hAcc>0.877396</hAcc><vAcc>0.687467</vAcc></extensions></trkpt>
      <trkpt lon="-82.147093" lat="33.556143"><ele>85.309158</ele><time>2021-02-13T15:11:03Z</time><extensions><speed>1.799217</speed><course>222.890625</course><hAcc>0.877392</hAcc><vAcc>0.687511</vAcc></extensions></trkpt>
      <trkpt lon="-82.147097" lat="33.556159"><ele>85.275505</ele><time>2021-02-13T15:11:04Z</time><extensions><speed>1.797975</speed><course>238.710938</course><hAcc>0.877476</hAcc><vAcc>0.687645</vAcc></extensions></trkpt>
      <trkpt lon="-82.147100" lat="33.556175"><ele>85.244720</ele><time>2021-02-13T15:11:05Z</time><extensions><speed>1.794121</speed><course>233.085938</course><hAcc>0.877773</hAcc><vAcc>0.687941</vAcc></extensions></trkpt>
      <trkpt lon="-82.147102" lat="33.556191"><ele>85.217125</ele><time>2021-02-13T15:11:06Z</time><extensions><speed>1.787174</speed><course>235.195312</course><hAcc>0.878490</hAcc><vAcc>0.688509</vAcc></extensions></trkpt>
      <trkpt lon="-82.147105" lat="33.556207"><ele>85.192696</ele><time>2021-02-13T15:11:07Z</time><extensions><speed>1.774859</speed><course>231.328125</course><hAcc>0.879936</hAcc><vAcc>0.689495</vAcc></extensions></trkpt>
      <trkpt lon="-82.147106" lat="33.556223"><ele>85.170998</ele><time>2021-02-13T15:11:08Z</time><extensions><speed>1.753935</speed><course>224.296875</course><hAcc>0.882545</hAcc><vAcc>0.691091</vAcc></extensions></trkpt>
      <trkpt lon="-82.147107" lat="33.556239"><ele>85.151192</ele><time>2021-02-13T15:11:09Z</time><extensions><speed>1.721812</speed><course>219.726562</course><hAcc>0.886887</hAcc><vAcc>0.693527</vAcc></extensions></trkpt>
      <trkpt lon="-82.147108" lat="33.556254"><ele>85.132187</ele><time>2021-02-13T15:11:10Z</time><extensions><speed>1.676785</speed><course>209.179688</course><hAcc>0.893651</hAcc><vAcc>0.697069</vAcc></extensions></trkpt>
      <trkpt lon="-82.147109" lat="33.556269"><ele>85.112755</ele><time>2021-02-13T15:11:11Z</time><extensions><speed>1.618229</speed><course>204.257812</course><hAcc>0.903605</hAcc><vAcc>0.701990</vAcc></extensions></trkpt>
      <trkpt lon="-82.147110" lat="33.556283"><ele>85.091751</ele><time>2021-02-13T15:11:12Z</time><extensions><speed>1.546710</speed><course>205.312500</course><hAcc>0.917497</hAcc><vAcc>0.708538</vAcc></extensions></trkpt>
      <trkpt lon="-82.147111" lat="33.556297"><ele>85.068298</ele><time>2021-02-13T15:11:13Z</time><extensions><speed>1.463364</speed><course>231.679688</course><hAcc>0.935915</hAcc><vAcc>0.716885</vAcc></extensions></trkpt>
      <trkpt lon="-82.147112" lat="33.556309"><ele>85.041748</ele><time>2021-02-13T15:11:14Z</time><extensions><speed>1.369415</speed><course>221.132812</course><hAcc>0.959096</hAcc><vAcc>0.727065</vAcc></extensions></trkpt>
      <trkpt lon="-82.147112" lat="33.556321"><ele>85.011726</ele><time>2021-02-13T15:11:15Z</time><extensions><speed>1.265888</speed><course>223.242188</course><hAcc>0.986723</hAcc><vAcc>0.738901</vAcc></extensions></trkpt>
      <trkpt lon="-82.147114" lat="33.556332"><ele>84.978241</ele><time>2021-02-13T15:11:16Z</time><extensions><speed>1.153505</speed><course>224.648438</course><hAcc>1.017741</hAcc><vAcc>0.751946</vAcc></extensions></trkpt>
      <trkpt lon="-82.147115" lat="33.556342"><ele>84.941734</ele><time>2021-02-13T15:11:17Z</time><extensions><speed>1.032806</speed><course>222.539062</course><hAcc>1.050242</hAcc><vAcc>0.765442</vAcc></extensions></trkpt>
      <trkpt lon="-82.147116" lat="33.556350"><ele>84.903152</ele><time>2021-02-13T15:11:18Z</time><extensions><speed>0.904092</speed><course>199.687500</course><hAcc>1.081789</hAcc><vAcc>0.778437</vAcc></extensions></trkpt>
      <trkpt lon="-82.147118" lat="33.556358"><ele>84.863602</ele><time>2021-02-13T15:11:19Z</time><extensions><speed>0.767541</speed><course>191.601562</course><hAcc>1.110169</hAcc><vAcc>0.790071</vAcc></extensions></trkpt>
      <trkpt lon="-82.147119" lat="33.556364"><ele>84.824158</ele><time>2021-02-13T15:11:20Z</time><extensions><speed>0.623471</speed><course>171.914062</course><hAcc>1.133738</hAcc><vAcc>0.799707</vAcc></extensions></trkpt>
      <trkpt lon="-82.147120" lat="33.556369"><ele>84.785828</ele><time>2021-02-13T15:11:21Z</time><extensions><speed>0.472484</speed><course>192.656250</course><hAcc>1.151356</hAcc><vAcc>0.806904</vAcc></extensions></trkpt>
      <trkpt lon="-82.147122" lat="33.556372"><ele>84.749596</ele><time>2021-02-13T15:11:22Z</time><extensions><speed>0.315705</speed><course>200.390625</course><hAcc>1.162291</hAcc><vAcc>0.811382</vAcc></extensions></trkpt>
      <trkpt lon="-82.147123" lat="33.556374"><ele>84.716339</ele><time>2021-02-13T15:11:23Z</time><extensions><speed>0.155622</speed><course>206.367188</course><hAcc>1.166143</hAcc><vAcc>0.812990</vAcc></extensions></trkpt>
      <trkpt lon="-82.147123" lat="33.556375"><ele>84.686745</ele><time>2021-02-13T15:11:24Z</time><extensions><speed>0.038046</speed><course>202.500000</course><hAcc>1.162787</hAcc><vAcc>0.811684</vAcc></extensions></trkpt>
      <trkpt lon="-82.147123" lat="33.556374"><ele>84.661316</ele><time>2021-02-13T15:11:25Z</time><extensions><speed>0.183220</speed><course>203.906250</course><hAcc>1.152356</hAcc><vAcc>0.807520</vAcc></extensions></trkpt>
      <trkpt lon="-82.147123" lat="33.556371"><ele>84.640160</ele><time>2021-02-13T15:11:26Z</time><extensions><speed>0.345878</speed><course>207.773438</course><hAcc>1.135264</hAcc><vAcc>0.800659</vAcc></extensions></trkpt>
      <trkpt lon="-82.147121" lat="33.556368"><ele>84.622978</ele><time>2021-02-13T15:11:27Z</time><extensions><speed>0.504792</speed><course>210.234375</course><hAcc>1.112259</hAcc><vAcc>0.791399</vAcc></extensions></trkpt>
      <trkpt lon="-82.147119" lat="33.556363"><ele>84.609024</ele><time>2021-02-13T15:11:28Z</time><extensions><speed>0.656533</speed><course>211.289062</course><hAcc>1.084506</hAcc><vAcc>0.780200</vAcc></extensions></trkpt>
      <trkpt lon="-82.147115" lat="33.556357"><ele>84.597198</ele><time>2021-02-13T15:11:29Z</time><extensions><speed>0.799232</speed><course>204.960938</course><hAcc>1.053693</hAcc><vAcc>0.767731</vAcc></extensions></trkpt>
      <trkpt lon="-82.147110" lat="33.556351"><ele>84.586151</ele><time>2021-02-13T15:11:30Z</time><extensions><speed>0.932069</speed><course>207.773438</course><hAcc>1.022097</hAcc><vAcc>0.754891</vAcc></extensions></trkpt>
      <trkpt lon="-82.147104" lat="33.556343"><ele>84.573723</ele><time>2021-02-13T15:11:31Z</time><extensions><speed>1.068040</speed><course>203.203125</course><hAcc>0.989342</hAcc><vAcc>0.741131</vAcc></extensions></trkpt>
      <trkpt lon="-82.147096" lat="33.556335"><ele>84.560181</ele><time>2021-02-13T15:11:32Z</time><extensions><speed>1.175586</speed><course>205.664062</course><hAcc>0.960822</hAcc><vAcc>0.728641</vAcc></extensions></trkpt>
      <trkpt lon="-82.147086" lat="33.556327"><ele>84.544365</ele><time>2021-02-13T15:11:33Z</time><extensions><speed>1.266851</speed><course>212.695312</course><hAcc>0.937015</hAcc><vAcc>0.717953</vAcc></extensions></trkpt>
      <trkpt lon="-82.147076" lat="33.556320"><ele>84.525940</ele><time>2021-02-13T15:11:34Z</time><extensions><speed>1.342907</speed><course>215.507812</course><hAcc>0.918302</hAcc><vAcc>0.709315</vAcc></extensions></trkpt>
      <trkpt lon="-82.147064" lat="33.556312"><ele>84.504456</ele><time>2021-02-13T15:11:35Z</time><extensions><speed>1.406533</speed><course>212.695312</course><hAcc>0.904305</hAcc><vAcc>0.702641</vAcc></extensions></trkpt>
      <trkpt lon="-82.147051" lat="33.556306"><ele>84.479431</ele><time>2021-02-13T15:11:36Z</time><extensions><speed>1.460045</speed><course>206.015625</course><hAcc>0.894307</hAcc><vAcc>0.697658</vAcc></extensions></trkpt>
      <trkpt lon="-82.147036" lat="33.556300"><ele>84.450447</ele><time>2021-02-13T15:11:37Z</time><extensions><speed>1.505828</speed><course>205.664062</course><hAcc>0.887513</hAcc><vAcc>0.694068</vAcc></extensions></trkpt>
      <trkpt lon="-82.147021" lat="33.556295"><ele>84.416862</ele><time>2021-02-13T15:11:38Z</time><extensions><speed>1.547227</speed><course>220.078125</course><hAcc>0.883045</hAcc><vAcc>0.691521</vAcc></extensions></trkpt>
      <trkpt lon="-82.147005" lat="33.556291"><ele>84.378700</ele><time>2021-02-13T15:11:39Z</time><extensions><speed>1.586119</speed><course>226.757812</course><hAcc>0.880246</hAcc><vAcc>0.689774</vAcc></extensions></trkpt>
      <trkpt lon="-82.146988" lat="33.556288"><ele>84.335991</ele><time>2021-02-13T15:11:40Z</time><extensions><speed>1.624134</speed><course>227.460938</course><hAcc>0.878613</hAcc><vAcc>0.688644</vAcc></extensions></trkpt>
      <trkpt lon="-82.146970" lat="33.556287"><ele>84.289513</ele><time>2021-02-13T15:11:41Z</time><extensions><speed>1.659903</speed><course>233.085938</course><hAcc>0.877848</hAcc><vAcc>0.688033</vAcc></extensions></trkpt>
      <trkpt lon="-82.146952" lat="33.556286"><ele>84.239258</ele><time>2021-02-13T15:11:42Z</time><extensions><speed>1.691468</speed><course>216.914062</course><hAcc>0.877650</hAcc><vAcc>0.687797</vAcc></extensions></trkpt>
      <trkpt lon="-82.146934" lat="33.556286"><ele>84.185982</ele><time>2021-02-13T15:11:43Z</time><extensions><speed>1.715731</speed><course>218.671875</course><hAcc>0.877697</hAcc><vAcc>0.687748</vAcc></extensions></trkpt>
      <trkpt lon="-82.146915" lat="33.556287"><ele>84.129791</ele><time>2021-02-13T15:11:44Z</time><extensions><speed>1.732290</speed><course>221.484375</course><hAcc>0.877701</hAcc><vAcc>0.687698</vAcc></extensions></trkpt>
      <trkpt lon="-82.146897" lat="33.556290"><ele>84.072044</ele><time>2021-02-13T15:11:45Z</time><extensions><speed>1.740915</speed><course>227.460938</course><hAcc>0.877574</hAcc><vAcc>0.687588</vAcc></extensions></trkpt>
      <trkpt lon="-82.146878" lat="33.556293"><ele>84.012993</ele><time>2021-02-13T15:11:46Z</time><extensions><speed>1.741801</speed><course>223.593750</course><hAcc>0.877462</hAcc><vAcc>0.687512</vAcc></extensions></trkpt>
      <trkpt lon="-82.146860" lat="33.556297"><ele>83.952660</ele><time>2021-02-13T15:11:47Z</time><extensions><speed>1.735466</speed><course>228.867188</course><hAcc>0.877366</hAcc><vAcc>0.687463</vAcc></extensions></trkpt>
      <trkpt lon="-82.146843" lat="33.556302"><ele>83.891289</ele><time>2021-02-13T15:11:48Z</time><extensions><speed>1.722738</speed><course>227.109375</course><hAcc>0.877244</hAcc><vAcc>0.687403</vAcc></extensions></trkpt>
      <trkpt lon="-82.146826" lat="33.556308"><ele>83.829109</ele><time>2021-02-13T15:11:49Z</time><extensions><speed>1.704418</speed><course>227.109375</course><hAcc>0.877212</hAcc><vAcc>0.687407</vAcc></extensions></trkpt>
      <trkpt lon="-82.146809" lat="33.556314"><ele>83.764542</ele><time>2021-02-13T15:11:50Z</time><extensions><speed>1.680383</speed><course>224.296875</course><hAcc>0.877144</hAcc><vAcc>0.687386</vAcc></extensions></trkpt>
      <trkpt lon="-82.146793" lat="33.556321"><ele>83.698860</ele><time>2021-02-13T15:11:51Z</time><extensions><speed>1.653187</speed><course>224.296875</course><hAcc>0.877107</hAcc><vAcc>0.687380</vAcc></extensions></trkpt>
      <trkpt lon="-82.146777" lat="33.556328"><ele>83.629189</ele><time>2021-02-13T15:11:52Z</time><extensions><speed>1.622991</speed><course>227.109375</course><hAcc>0.877107</hAcc><vAcc>0.687395</vAcc></extensions></trkpt>
      <trkpt lon="-82.146762" lat="33.556335"><ele>83.556404</ele><time>2021-02-13T15:11:53Z</time><extensions><speed>1.593362</speed><course>238.359375</course><hAcc>0.876963</hAcc><vAcc>0.687306</vAcc></extensions></trkpt>
      <trkpt lon="-82.146748" lat="33.556343"><ele>83.480392</ele><time>2021-02-13T15:11:54Z</time><extensions><speed>1.566915</speed><course>240.117188</course><hAcc>0.876919</hAcc><vAcc>0.687280</vAcc></extensions></trkpt>
      <trkpt lon="-82.146734" lat="33.556350"><ele>83.400459</ele><time>2021-02-13T15:11:55Z</time><extensions><speed>1.545267</speed><course>235.898438</course><hAcc>0.876992</hAcc><vAcc>0.687331</vAcc></extensions></trkpt>
      <trkpt lon="-82.146720" lat="33.556358"><ele>83.317421</ele><time>2021-02-13T15:11:56Z</time><extensions><speed>1.529964</speed><course>210.234375</course><hAcc>0.876961</hAcc><vAcc>0.687308</vAcc></extensions></trkpt>
      <trkpt lon="-82.146706" lat="33.556365"><ele>83.233643</ele><time>2021-02-13T15:11:57Z</time><extensions><speed>1.522188</speed><course>211.289062</course><hAcc>0.876845</hAcc><vAcc>0.687224</vAcc></extensions></trkpt>
      <trkpt lon="-82.146692" lat="33.556373"><ele>83.149841</ele><time>2021-02-13T15:11:58Z</time><extensions><speed>1.521957</speed><course>220.429688</course><hAcc>0.876728</hAcc><vAcc>0.687138</vAcc></extensions></trkpt>
      <trkpt lon="-82.146679" lat="33.556380"><ele>83.067352</ele><time>2021-02-13T15:11:59Z</time><extensions><speed>1.528136</speed><course>213.046875</course><hAcc>0.876524</hAcc><vAcc>0.686993</vAcc></extensions></trkpt>
      <trkpt lon="-82.146665" lat="33.556388"><ele>82.988167</ele><time>2021-02-13T15:12:00Z</time><extensions><speed>1.537903</speed><course>189.140625</course><hAcc>0.876388</hAcc><vAcc>0.686897</vAcc></extensions></trkpt>
      <trkpt lon="-82.146651" lat="33.556395"><ele>82.911713</ele><time>2021-02-13T15:12:01Z</time><extensions><speed>1.548426</speed><course>180.000000</course><hAcc>0.876419</hAcc><vAcc>0.686918</vAcc></extensions></trkpt>
      <trkpt lon="-82.146637" lat="33.556403"><ele>82.839081</ele><time>2021-02-13T15:12:02Z</time><extensions><speed>1.556396</speed><course>190.195312</course><hAcc>0.876603</hAcc><vAcc>0.687045</vAcc></extensions></trkpt>
      <trkpt lon="-82.146623" lat="33.556411"><ele>82.768333</ele><time>2021-02-13T15:12:03Z</time><extensions><speed>1.559401</speed><course>200.742188</course><hAcc>0.876629</hAcc><vAcc>0.687066</vAcc></extensions></trkpt>
      <trkpt lon="-82.146609" lat="33.556418"><ele>82.701668</ele><time>2021-02-13T15:12:04Z</time><extensions><speed>1.555239</speed><course>215.507812</course><hAcc>0.876535</hAcc><vAcc>0.687007</vAcc></extensions></trkpt>
      <trkpt lon="-82.146595" lat="33.556426"><ele>82.636139</ele><time>2021-02-13T15:12:05Z</time><extensions><speed>1.542938</speed><course>219.726562</course><hAcc>0.876736</hAcc><vAcc>0.687151</vAcc></extensions></trkpt>
      <trkpt lon="-82.146582" lat="33.556434"><ele>82.569611</ele><time>2021-02-13T15:12:06Z</time><extensions><speed>1.522196</speed><course>229.570312</course><hAcc>0.876967</hAcc><vAcc>0.687316</vAcc></extensions></trkpt>
      <trkpt lon="-82.146569" lat="33.556442"><ele>82.501984</ele><time>2021-02-13T15:12:07Z</time><extensions><speed>1.494879</speed><course>246.796875</course><hAcc>0.877017</hAcc><vAcc>0.687356</vAcc></extensions></trkpt>
      <trkpt lon="-82.146556" lat="33.556451"><ele>82.432358</ele><time>2021-02-13T15:12:08Z</time><extensions><speed>1.463295</speed><course>263.671875</course><hAcc>0.876987</hAcc><vAcc>0.687339</vAcc></extensions></trkpt>
      <trkpt lon="-82.146545" lat="33.556460"><ele>82.359825</ele><time>2021-02-13T15:12:09Z</time><extensions><speed>1.430937</speed><course>260.156250</course><hAcc>0.876988</hAcc><vAcc>0.687342</vAcc></extensions></trkpt>
      <trkpt lon="-82.146534" lat="33.556468"><ele>82.283775</ele><time>2021-02-13T15:12:10Z</time><extensions><speed>1.402040</speed><course>236.250000</course><hAcc>0.877132</hAcc><vAcc>0.687439</vAcc></extensions></trkpt>
      <trkpt lon="-82.146524" lat="33.556477"><ele>82.203552</ele><time>2021-02-13T15:12:11Z</time><extensions><speed>1.378987</speed><course>225.000000</course><hAcc>0.877467</hAcc><vAcc>0.687663</vAcc></extensions></trkpt>
      <trkpt lon="-82.146514" lat="33.556487"><ele>82.117126</ele><time>2021-02-13T15:12:12Z</time><extensions><speed>1.361933</speed><course>227.109375</course><hAcc>0.877616</hAcc><vAcc>0.687752</vAcc></extensions></trkpt>
      <trkpt lon="-82.146505" lat="33.556497"><ele>82.027946</ele><time>2021-02-13T15:12:13Z</time><extensions><speed>1.352373</speed><course>233.085938</course><hAcc>0.877633</hAcc><vAcc>0.687744</vAcc></extensions></trkpt>
      <trkpt lon="-82.146497" lat="33.556507"><ele>81.933563</ele><time>2021-02-13T15:12:14Z</time><extensions><speed>1.349244</speed><course>234.843750</course><hAcc>0.877860</hAcc><vAcc>0.687873</vAcc></extensions></trkpt>
      <trkpt lon="-82.146489" lat="33.556517"><ele>81.832916</ele><time>2021-02-13T15:12:15Z</time><extensions><speed>1.351866</speed><course>235.195312</course><hAcc>0.877941</hAcc><vAcc>0.687895</vAcc></extensions></trkpt>
      <trkpt lon="-82.146482" lat="33.556528"><ele>81.728600</ele><time>2021-02-13T15:12:16Z</time><extensions><speed>1.358750</speed><course>227.460938</course><hAcc>0.877846</hAcc><vAcc>0.687795</vAcc></extensions></trkpt>
      <trkpt lon="-82.146474" lat="33.556538"><ele>81.619278</ele><time>2021-02-13T15:12:17Z</time><extensions><speed>1.369651</speed><course>226.757812</course><hAcc>0.877787</hAcc><vAcc>0.687724</vAcc></extensions></trkpt>
      <trkpt lon="-82.146467" lat="33.556549"><ele>81.505302</ele><time>2021-02-13T15:12:18Z</time><extensions><speed>1.386420</speed><course>222.187500</course><hAcc>0.877734</hAcc><vAcc>0.687670</vAcc></extensions></trkpt>
      <trkpt lon="-82.146458" lat="33.556559"><ele>81.387138</ele><time>2021-02-13T15:12:19Z</time><extensions><speed>1.412493</speed><course>201.093750</course><hAcc>0.877687</hAcc><vAcc>0.687642</vAcc></extensions></trkpt>
      <trkpt lon="-82.146449" lat="33.556570"><ele>81.265450</ele><time>2021-02-13T15:12:20Z</time><extensions><speed>1.450758</speed><course>196.875000</course><hAcc>0.877673</hAcc><vAcc>0.687666</vAcc></extensions></trkpt>
      <trkpt lon="-82.146439" lat="33.556580"><ele>81.140839</ele><time>2021-02-13T15:12:21Z</time><extensions><speed>1.501063</speed><course>137.460938</course><hAcc>0.877734</hAcc><vAcc>0.687771</vAcc></extensions></trkpt>
      <trkpt lon="-82.146427" lat="33.556589"><ele>81.014183</ele><time>2021-02-13T15:12:22Z</time><extensions><speed>1.558553</speed><course>213.046875</course><hAcc>0.877987</hAcc><vAcc>0.688027</vAcc></extensions></trkpt>
      <trkpt lon="-82.146413" lat="33.556598"><ele>80.885918</ele><time>2021-02-13T15:12:23Z</time><extensions><speed>1.616159</speed><course>235.546875</course><hAcc>0.878645</hAcc><vAcc>0.688549</vAcc></extensions></trkpt>
      <trkpt lon="-82.146399" lat="33.556607"><ele>80.756905</ele><time>2021-02-13T15:12:24Z</time><extensions><speed>1.667429</speed><course>240.468750</course><hAcc>0.880041</hAcc><vAcc>0.689503</vAcc></extensions></trkpt>
      <trkpt lon="-82.146384" lat="33.556615"><ele>80.628090</ele><time>2021-02-13T15:12:25Z</time><extensions><speed>1.708537</speed><course>249.960938</course><hAcc>0.882682</hAcc><vAcc>0.691131</vAcc></extensions></trkpt>
      <trkpt lon="-82.146367" lat="33.556622"><ele>80.498306</ele><time>2021-02-13T15:12:26Z</time><extensions><speed>1.739008</speed><course>249.960938</course><hAcc>0.887007</hAcc><vAcc>0.693567</vAcc></extensions></trkpt>
      <trkpt lon="-82.146351" lat="33.556630"><ele>80.372757</ele><time>2021-02-13T15:12:27Z</time><extensions><speed>1.757137</speed><course>245.390625</course><hAcc>0.893642</hAcc><vAcc>0.697043</vAcc></extensions></trkpt>
      <trkpt lon="-82.146334" lat="33.556637"><ele>80.249756</ele><time>2021-02-13T15:12:28Z</time><extensions><speed>1.765388</speed><course>233.437500</course><hAcc>0.903725</hAcc><vAcc>0.702067</vAcc></extensions></trkpt>
      <trkpt lon="-82.146317" lat="33.556643"><ele>80.130203</ele><time>2021-02-13T15:12:29Z</time><extensions><speed>1.765456</speed><course>217.968750</course><hAcc>0.917963</hAcc><vAcc>0.708810</vAcc></extensions></trkpt>
      <trkpt lon="-82.146299" lat="33.556650"><ele>80.015007</ele><time>2021-02-13T15:12:30Z</time><extensions><speed>1.759033</speed><course>211.640625</course><hAcc>0.936929</hAcc><vAcc>0.717335</vAcc></extensions></trkpt>
      <trkpt lon="-82.146282" lat="33.556657"><ele>79.908340</ele><time>2021-02-13T15:12:31Z</time><extensions><speed>1.748075</speed><course>219.375000</course><hAcc>0.960571</hAcc><vAcc>0.727549</vAcc></extensions></trkpt>
      <trkpt lon="-82.146265" lat="33.556663"><ele>79.808662</ele><time>2021-02-13T15:12:32Z</time><extensions><speed>1.732884</speed><course>216.562500</course><hAcc>0.989375</hAcc><vAcc>0.739667</vAcc></extensions></trkpt>
      <trkpt lon="-82.146248" lat="33.556669"><ele>79.716965</ele><time>2021-02-13T15:12:33Z</time><extensions><speed>1.713332</speed><course>219.375000</course><hAcc>1.022378</hAcc><vAcc>0.753233</vAcc></extensions></trkpt>
      <trkpt lon="-82.146231" lat="33.556676"><ele>79.633820</ele><time>2021-02-13T15:12:34Z</time><extensions><speed>1.689151</speed><course>210.937500</course><hAcc>1.057846</hAcc><vAcc>0.767550</vAcc></extensions></trkpt>
      <trkpt lon="-82.146215" lat="33.556682"><ele>79.558937</ele><time>2021-02-13T15:12:35Z</time><extensions><speed>1.660024</speed><course>208.125000</course><hAcc>1.093774</hAcc><vAcc>0.781837</vAcc></extensions></trkpt>
      <trkpt lon="-82.146199" lat="33.556689"><ele>79.492500</ele><time>2021-02-13T15:12:36Z</time><extensions><speed>1.626546</speed><course>213.398438</course><hAcc>1.128156</hAcc><vAcc>0.795311</vAcc></extensions></trkpt>
      <trkpt lon="-82.146183" lat="33.556695"><ele>79.434364</ele><time>2021-02-13T15:12:37Z</time><extensions><speed>1.589574</speed><course>213.750000</course><hAcc>1.159768</hAcc><vAcc>0.807515</vAcc></extensions></trkpt>
      <trkpt lon="-82.146168" lat="33.556701"><ele>79.384918</ele><time>2021-02-13T15:12:38Z</time><extensions><speed>1.551194</speed><course>233.437500</course><hAcc>1.187762</hAcc><vAcc>0.818211</vAcc></extensions></trkpt>
      <trkpt lon="-82.146153" lat="33.556707"><ele>79.342743</ele><time>2021-02-13T15:12:39Z</time><extensions><speed>1.510350</speed><course>235.195312</course><hAcc>1.212494</hAcc><vAcc>0.827551</vAcc></extensions></trkpt>
      <trkpt lon="-82.146139" lat="33.556712"><ele>79.308510</ele><time>2021-02-13T15:12:40Z</time><extensions><speed>1.468731</speed><course>236.601562</course><hAcc>1.233287</hAcc><vAcc>0.835240</vAcc></extensions></trkpt>
      <trkpt lon="-82.146124" lat="33.556718"><ele>79.281830</ele><time>2021-02-13T15:12:41Z</time><extensions><speed>1.425725</speed><course>238.710938</course><hAcc>1.250373</hAcc><vAcc>0.841367</vAcc></extensions></trkpt>
      <trkpt lon="-82.146110" lat="33.556723"><ele>79.262894</ele><time>2021-02-13T15:12:42Z</time><extensions><speed>1.382906</speed><course>228.867188</course><hAcc>1.263833</hAcc><vAcc>0.846019</vAcc></extensions></trkpt>
      <trkpt lon="-82.146097" lat="33.556727"><ele>79.250954</ele><time>2021-02-13T15:12:43Z</time><extensions><speed>1.339917</speed><course>238.007812</course><hAcc>1.274465</hAcc><vAcc>0.849616</vAcc></extensions></trkpt>
      <trkpt lon="-82.146084" lat="33.556732"><ele>79.245308</ele><time>2021-02-13T15:12:44Z</time><extensions><speed>1.295395</speed><course>229.218750</course><hAcc>1.282718</hAcc><vAcc>0.852311</vAcc></extensions></trkpt>
      <trkpt lon="-82.146071" lat="33.556736"><ele>79.245377</ele><time>2021-02-13T15:12:45Z</time><extensions><speed>1.251706</speed><course>233.085938</course><hAcc>1.288836</hAcc><vAcc>0.854237</vAcc></extensions></trkpt>
      <trkpt lon="-82.146058" lat="33.556739"><ele>79.250504</ele><time>2021-02-13T15:12:46Z</time><extensions><speed>1.206670</speed><course>214.453125</course><hAcc>1.293451</hAcc><vAcc>0.855668</vAcc></extensions></trkpt>
      <trkpt lon="-82.146046" lat="33.556742"><ele>79.260277</ele><time>2021-02-13T15:12:47Z</time><extensions><speed>1.160926</speed><course>215.507812</course><hAcc>1.296717</hAcc><vAcc>0.856629</vAcc></extensions></trkpt>
      <trkpt lon="-82.146034" lat="33.556745"><ele>79.274422</ele><time>2021-02-13T15:12:48Z</time><extensions><speed>1.114228</speed><course>222.539062</course><hAcc>1.298967</hAcc><vAcc>0.857255</vAcc></extensions></trkpt>
      <trkpt lon="-82.146023" lat="33.556747"><ele>79.292755</ele><time>2021-02-13T15:12:49Z</time><extensions><speed>1.066696</speed><course>238.710938</course><hAcc>1.300489</hAcc><vAcc>0.857664</vAcc></extensions></trkpt>
      <trkpt lon="-82.146012" lat="33.556749"><ele>79.315361</ele><time>2021-02-13T15:12:50Z</time><extensions><speed>1.017639</speed><course>225.000000</course><hAcc>1.301486</hAcc><vAcc>0.857924</vAcc></extensions></trkpt>
      <trkpt lon="-82.146001" lat="33.556750"><ele>79.342239</ele><time>2021-02-13T15:12:51Z</time><extensions><speed>0.966787</speed><course>220.078125</course><hAcc>1.302073</hAcc><vAcc>0.858058</vAcc></extensions></trkpt>
      <trkpt lon="-82.145991" lat="33.556751"><ele>79.373360</ele><time>2021-02-13T15:12:52Z</time><extensions><speed>0.913643</speed><course>222.187500</course><hAcc>1.302415</hAcc><vAcc>0.858136</vAcc></extensions></trkpt>
      <trkpt lon="-82.145982" lat="33.556752"><ele>79.409195</ele><time>2021-02-13T15:12:53Z</time><extensions><speed>0.856506</speed><course>225.000000</course><hAcc>1.302477</hAcc><vAcc>0.858098</vAcc></extensions></trkpt>
      <trkpt lon="-82.145973" lat="33.556751"><ele>79.448624</ele><time>2021-02-13T15:12:54Z</time><extensions><speed>0.798919</speed><course>229.570312</course><hAcc>1.302462</hAcc><vAcc>0.858069</vAcc></extensions></trkpt>
      <trkpt lon="-82.145965" lat="33.556751"><ele>79.492134</ele><time>2021-02-13T15:12:55Z</time><extensions><speed>0.739873</speed><course>221.835938</course><hAcc>1.302689</hAcc><vAcc>0.858270</vAcc></extensions></trkpt>
      <trkpt lon="-82.145957" lat="33.556750"><ele>79.540245</ele><time>2021-02-13T15:12:56Z</time><extensions><speed>0.679507</speed><course>217.617188</course><hAcc>1.302844</hAcc><vAcc>0.858480</vAcc></extensions></trkpt>
      <trkpt lon="-82.145950" lat="33.556748"><ele>79.590958</ele><time>2021-02-13T15:12:57Z</time><extensions><speed>0.624525</speed><course>216.210938</course><hAcc>1.302796</hAcc><vAcc>0.858618</vAcc></extensions></trkpt>
      <trkpt lon="-82.145945" lat="33.556746"><ele>79.643173</ele><time>2021-02-13T15:12:58Z</time><extensions><speed>0.578232</speed><course>223.945312</course><hAcc>1.302942</hAcc><vAcc>0.858994</vAcc></extensions></trkpt>
      <trkpt lon="-82.145939" lat="33.556743"><ele>79.696663</ele><time>2021-02-13T15:12:59Z</time><extensions><speed>0.541888</speed><course>236.250000</course><hAcc>1.303411</hAcc><vAcc>0.859746</vAcc></extensions></trkpt>
      <trkpt lon="-82.145935" lat="33.556740"><ele>79.749840</ele><time>2021-02-13T15:13:00Z</time><extensions><speed>0.517852</speed><course>239.062500</course><hAcc>1.304101</hAcc><vAcc>0.860846</vAcc></extensions></trkpt>
      <trkpt lon="-82.145931" lat="33.556737"><ele>79.801056</ele><time>2021-02-13T15:13:01Z</time><extensions><speed>0.506381</speed><course>240.820312</course><hAcc>1.304974</hAcc><vAcc>0.862330</vAcc></extensions></trkpt>
      <trkpt lon="-82.145928" lat="33.556733"><ele>79.848328</ele><time>2021-02-13T15:13:02Z</time><extensions><speed>0.505794</speed><course>237.304688</course><hAcc>1.306170</hAcc><vAcc>0.864353</vAcc></extensions></trkpt>
      <trkpt lon="-82.145926" lat="33.556729"><ele>79.891136</ele><time>2021-02-13T15:13:03Z</time><extensions><speed>0.513302</speed><course>236.953125</course><hAcc>1.307745</hAcc><vAcc>0.867041</vAcc></extensions></trkpt>
      <trkpt lon="-82.145925" lat="33.556724"><ele>79.927902</ele><time>2021-02-13T15:13:04Z</time><extensions><speed>0.525864</speed><course>240.468750</course><hAcc>1.309590</hAcc><vAcc>0.870371</vAcc></extensions></trkpt>
      <trkpt lon="-82.145924" lat="33.556720"><ele>79.957520</ele><time>2021-02-13T15:13:05Z</time><extensions><speed>0.540348</speed><course>253.125000</course><hAcc>1.311895</hAcc><vAcc>0.874499</vAcc></extensions></trkpt>
      <trkpt lon="-82.145923" lat="33.556715"><ele>79.980095</ele><time>2021-02-13T15:13:06Z</time><extensions><speed>0.555517</speed><course>269.648438</course><hAcc>1.314717</hAcc><vAcc>0.879547</vAcc></extensions></trkpt>
      <trkpt lon="-82.145923" lat="33.556710"><ele>79.994995</ele><time>2021-02-13T15:13:07Z</time><extensions><speed>0.570285</speed><course>280.898438</course><hAcc>1.317716</hAcc><vAcc>0.885265</vAcc></extensions></trkpt>
      <trkpt lon="-82.145923" lat="33.556704"><ele>80.002350</ele><time>2021-02-13T15:13:08Z</time><extensions><speed>0.583488</speed><course>296.367188</course><hAcc>1.320912</hAcc><vAcc>0.891513</vAcc></extensions></trkpt>
      <trkpt lon="-82.145923" lat="33.556699"><ele>80.003311</ele><time>2021-02-13T15:13:09Z</time><extensions><speed>0.595217</speed><course>303.398438</course><hAcc>1.324526</hAcc><vAcc>0.898384</vAcc></extensions></trkpt>
      <trkpt lon="-82.145923" lat="33.556694"><ele>79.998718</ele><time>2021-02-13T15:13:10Z</time><extensions><speed>0.604896</speed><course>301.640625</course><hAcc>1.328457</hAcc><vAcc>0.905605</vAcc></extensions></trkpt>
      <trkpt lon="-82.145924" lat="33.556688"><ele>79.989075</ele><time>2021-02-13T15:13:11Z</time><extensions><speed>0.612138</speed><course>292.148438</course><hAcc>1.332426</hAcc><vAcc>0.912843</vAcc></extensions></trkpt>
      <trkpt lon="-82.145924" lat="33.556683"><ele>79.975082</ele><time>2021-02-13T15:13:12Z</time><extensions><speed>0.615884</speed><course>281.601562</course><hAcc>1.336000</hAcc><vAcc>0.919523</vAcc></extensions></trkpt>
      <trkpt lon="-82.145925" lat="33.556677"><ele>79.957512</ele><time>2021-02-13T15:13:13Z</time><extensions><speed>0.615724</speed><course>280.546875</course><hAcc>1.339183</hAcc><vAcc>0.925509</vAcc></extensions></trkpt>
      <trkpt lon="-82.145925" lat="33.556672"><ele>79.936981</ele><time>2021-02-13T15:13:14Z</time><extensions><speed>0.611575</speed><course>277.382812</course><hAcc>1.342027</hAcc><vAcc>0.930784</vAcc></extensions></trkpt>
      <trkpt lon="-82.145925" lat="33.556666"><ele>79.913803</ele><time>2021-02-13T15:13:15Z</time><extensions><speed>0.603283</speed><course>293.203125</course><hAcc>1.344353</hAcc><vAcc>0.935226</vAcc></extensions></trkpt>
      <trkpt lon="-82.145926" lat="33.556661"><ele>79.889229</ele><time>2021-02-13T15:13:16Z</time><extensions><speed>0.591370</speed><course>312.890625</course><hAcc>1.346128</hAcc><vAcc>0.938753</vAcc></extensions></trkpt>
      <trkpt lon="-82.145926" lat="33.556656"><ele>79.863922</ele><time>2021-02-13T15:13:17Z</time><extensions><speed>0.576022</speed><course>326.250000</course><hAcc>1.347705</hAcc><vAcc>0.941689</vAcc></extensions></trkpt>
      <trkpt lon="-82.145925" lat="33.556651"><ele>79.838402</ele><time>2021-02-13T15:13:18Z</time><extensions><speed>0.557117</speed><course>326.601562</course><hAcc>1.349048</hAcc><vAcc>0.944097</vAcc></extensions></trkpt>
      <trkpt lon="-82.145925" lat="33.556646"><ele>79.814148</ele><time>2021-02-13T15:13:19Z</time><extensions><speed>0.535846</speed><course>324.492188</course><hAcc>1.350096</hAcc><vAcc>0.945987</vAcc></extensions></trkpt>
      <trkpt lon="-82.145924" lat="33.556641"><ele>79.792168</ele><time>2021-02-13T15:13:20Z</time><extensions><speed>0.512653</speed><course>329.765625</course><hAcc>1.351017</hAcc><vAcc>0.947588</vAcc></extensions></trkpt>
      <trkpt lon="-82.145924" lat="33.556636"><ele>79.773857</ele><time>2021-02-13T15:13:21Z</time><extensions><speed>0.488211</speed><course>322.734375</course><hAcc>1.351902</hAcc><vAcc>0.949080</vAcc></extensions></trkpt>
      <trkpt lon="-82.145922" lat="33.556632"><ele>79.760521</ele><time>2021-02-13T15:13:22Z</time><extensions><speed>0.462893</speed><course>319.570312</course><hAcc>1.352816</hAcc><vAcc>0.950644</vAcc></extensions></trkpt>
      <trkpt lon="-82.145921" lat="33.556628"><ele>79.752495</ele><time>2021-02-13T15:13:23Z</time><extensions><speed>0.438287</speed><course>309.375000</course><hAcc>1.354005</hAcc><vAcc>0.952590</vAcc></extensions></trkpt>
      <trkpt lon="-82.145920" lat="33.556625"><ele>79.749092</ele><time>2021-02-13T15:13:24Z</time><extensions><speed>0.414575</speed><course>307.968750</course><hAcc>1.355695</hAcc><vAcc>0.955261</vAcc></extensions></trkpt>
      <trkpt lon="-82.145918" lat="33.556621"><ele>79.750977</ele><time>2021-02-13T15:13:25Z</time><extensions><speed>0.393809</speed><course>311.484375</course><hAcc>1.357950</hAcc><vAcc>0.958862</vAcc></extensions></trkpt>
      <trkpt lon="-82.145916" lat="33.556618"><ele>79.759499</ele><time>2021-02-13T15:13:26Z</time><extensions><speed>0.376851</speed><course>325.546875</course><hAcc>1.360932</hAcc><vAcc>0.963711</vAcc></extensions></trkpt>
      <trkpt lon="-82.145913" lat="33.556616"><ele>79.775284</ele><time>2021-02-13T15:13:27Z</time><extensions><speed>0.365005</speed><course>336.445312</course><hAcc>1.364828</hAcc><vAcc>0.970058</vAcc></extensions></trkpt>
      <trkpt lon="-82.145911" lat="33.556613"><ele>79.799301</ele><time>2021-02-13T15:13:28Z</time><extensions><speed>0.358058</speed><course>346.992188</course><hAcc>1.369846</hAcc><vAcc>0.978293</vAcc></extensions></trkpt>
      <trkpt lon="-82.145908" lat="33.556611"><ele>79.832047</ele><time>2021-02-13T15:13:29Z</time><extensions><speed>0.356280</speed><course>346.992188</course><hAcc>1.375806</hAcc><vAcc>0.988330</vAcc></extensions></trkpt>
      <trkpt lon="-82.145905" lat="33.556609"><ele>79.874512</ele><time>2021-02-13T15:13:30Z</time><extensions><speed>0.358979</speed><course>341.718750</course><hAcc>1.382629</hAcc><vAcc>1.000075</vAcc></extensions></trkpt>
      <trkpt lon="-82.145901" lat="33.556608"><ele>79.926483</ele><time>2021-02-13T15:13:31Z</time><extensions><speed>0.364701</speed><course>324.843750</course><hAcc>1.390253</hAcc><vAcc>1.013181</vAcc></extensions></trkpt>
      <trkpt lon="-82.145898" lat="33.556606"><ele>79.988037</ele><time>2021-02-13T15:13:32Z</time><extensions><speed>0.372017</speed><course>318.867188</course><hAcc>1.398839</hAcc><vAcc>1.027599</vAcc></extensions></trkpt>
      <trkpt lon="-82.145894" lat="33.556605"><ele>80.058601</ele><time>2021-02-13T15:13:33Z</time><extensions><speed>0.379763</speed><course>317.109375</course><hAcc>1.408146</hAcc><vAcc>1.042953</vAcc></extensions></trkpt>
      <trkpt lon="-82.145890" lat="33.556604"><ele>80.137108</ele><time>2021-02-13T15:13:34Z</time><extensions><speed>0.387088</speed><course>294.257812</course><hAcc>1.417647</hAcc><vAcc>1.058580</vAcc></extensions></trkpt>
      <trkpt lon="-82.145886" lat="33.556603"><ele>80.221336</ele><time>2021-02-13T15:13:35Z</time><extensions><speed>0.393229</speed><course>300.585938</course><hAcc>1.426885</hAcc><vAcc>1.073782</vAcc></extensions></trkpt>
      <trkpt lon="-82.145882" lat="33.556602"><ele>80.310577</ele><time>2021-02-13T15:13:36Z</time><extensions><speed>0.397824</speed><course>303.750000</course><hAcc>1.435744</hAcc><vAcc>1.088362</vAcc></extensions></trkpt>
      <trkpt lon="-82.145878" lat="33.556601"><ele>80.402977</ele><time>2021-02-13T15:13:37Z</time><extensions><speed>0.400310</speed><course>300.937500</course><hAcc>1.444027</hAcc><vAcc>1.102036</vAcc></extensions></trkpt>
      <trkpt lon="-82.145874" lat="33.556600"><ele>80.496925</ele><time>2021-02-13T15:13:38Z</time><extensions><speed>0.399969</speed><course>354.023438</course><hAcc>1.451740</hAcc><vAcc>1.114772</vAcc></extensions></trkpt>
      <trkpt lon="-82.145870" lat="33.556599"><ele>80.590698</ele><time>2021-02-13T15:13:39Z</time><extensions><speed>0.395875</speed><course>314.648438</course><hAcc>1.458945</hAcc><vAcc>1.126636</vAcc></extensions></trkpt>
      <trkpt lon="-82.145865" lat="33.556599"><ele>80.682236</ele><time>2021-02-13T15:13:40Z</time><extensions><speed>0.386967</speed><course>320.976562</course><hAcc>1.465713</hAcc><vAcc>1.137741</vAcc></extensions></trkpt>
      <trkpt lon="-82.145861" lat="33.556598"><ele>80.768967</ele><time>2021-02-13T15:13:41Z</time><extensions><speed>0.372359</speed><course>298.125000</course><hAcc>1.472127</hAcc><vAcc>1.148223</vAcc></extensions></trkpt>
      <trkpt lon="-82.145858" lat="33.556598"><ele>80.847427</ele><time>2021-02-13T15:13:42Z</time><extensions><speed>0.351857</speed><course>301.992188</course><hAcc>1.478352</hAcc><vAcc>1.158250</vAcc></extensions></trkpt>
      <trkpt lon="-82.145854" lat="33.556597"><ele>80.915054</ele><time>2021-02-13T15:13:43Z</time><extensions><speed>0.324976</speed><course>290.742188</course><hAcc>1.484605</hAcc><vAcc>1.168129</vAcc></extensions></trkpt>
      <trkpt lon="-82.145851" lat="33.556597"><ele>80.967453</ele><time>2021-02-13T15:13:44Z</time><extensions><speed>0.292634</speed><course>286.171875</course><hAcc>1.490902</hAcc><vAcc>1.177923</vAcc></extensions></trkpt>
      <trkpt lon="-82.145848" lat="33.556597"><ele>81.001633</ele><time>2021-02-13T15:13:45Z</time><extensions><speed>0.256031</speed><course>284.765625</course><hAcc>1.497341</hAcc><vAcc>1.187780</vAcc></extensions></trkpt>
      <trkpt lon="-82.145845" lat="33.556597"><ele>81.017105</ele><time>2021-02-13T15:13:46Z</time><extensions><speed>0.216914</speed><course>302.343750</course><hAcc>1.503918</hAcc><vAcc>1.197733</vAcc></extensions></trkpt>
      <trkpt lon="-82.145843" lat="33.556596"><ele>81.015808</ele><time>2021-02-13T15:13:47Z</time><extensions><speed>0.177235</speed><course>320.625000</course><hAcc>1.510644</hAcc><vAcc>1.207765</vAcc></extensions></trkpt>
      <trkpt lon="-82.145841" lat="33.556596"><ele>81.000267</ele><time>2021-02-13T15:13:48Z</time><extensions><speed>0.138033</speed><course>336.093750</course><hAcc>1.517534</hAcc><vAcc>1.217876</vAcc></extensions></trkpt>
      <trkpt lon="-82.145840" lat="33.556596"><ele>80.972832</ele><time>2021-02-13T15:13:49Z</time><extensions><speed>0.101058</speed><course>341.718750</course><hAcc>1.524433</hAcc><vAcc>1.227875</vAcc></extensions></trkpt>
      <trkpt lon="-82.145839" lat="33.556596"><ele>80.935715</ele><time>2021-02-13T15:13:50Z</time><extensions><speed>0.068318</speed><course>341.015625</course><hAcc>1.531164</hAcc><vAcc>1.237545</vAcc></extensions></trkpt>
      <trkpt lon="-82.145839" lat="33.556595"><ele>80.891029</ele><time>2021-02-13T15:13:51Z</time><extensions><speed>0.042774</speed><course>338.554688</course><hAcc>1.537539</hAcc><vAcc>1.246671</vAcc></extensions></trkpt>
      <trkpt lon="-82.145838" lat="33.556595"><ele>80.841454</ele><time>2021-02-13T15:13:52Z</time><extensions><speed>0.029599</speed><course>320.273438</course><hAcc>1.543492</hAcc><vAcc>1.255080</vAcc></extensions></trkpt>
      <trkpt lon="-82.145839" lat="33.556595"><ele>80.787704</ele><time>2021-02-13T15:13:53Z</time><extensions><speed>0.031378</speed><course>305.156250</course><hAcc>1.548956</hAcc><vAcc>1.262710</vAcc></extensions></trkpt>
      <trkpt lon="-82.145839" lat="33.556595"><ele>80.731934</ele><time>2021-02-13T15:13:54Z</time><extensions><speed>0.040487</speed><course>293.554688</course><hAcc>1.553497</hAcc><vAcc>1.269069</vAcc></extensions></trkpt>
      <trkpt lon="-82.145839" lat="33.556595"><ele>80.675125</ele><time>2021-02-13T15:13:55Z</time><extensions><speed>0.050108</speed><course>299.531250</course><hAcc>1.556967</hAcc><vAcc>1.273943</vAcc></extensions></trkpt>
      <trkpt lon="-82.145840" lat="33.556594"><ele>80.618340</ele><time>2021-02-13T15:13:56Z</time><extensions><speed>0.058551</speed><course>312.539062</course><hAcc>1.559247</hAcc><vAcc>1.277161</vAcc></extensions></trkpt>
      <trkpt lon="-82.145840" lat="33.556594"><ele>80.561913</ele><time>2021-02-13T15:13:57Z</time><extensions><speed>0.065998</speed><course>323.437500</course><hAcc>1.560266</hAcc><vAcc>1.278631</vAcc></extensions></trkpt>
      <trkpt lon="-82.145841" lat="33.556594"><ele>80.506462</ele><time>2021-02-13T15:13:58Z</time><extensions><speed>0.073013</speed><course>328.710938</course><hAcc>1.559962</hAcc><vAcc>1.278294</vAcc></extensions></trkpt>
      <trkpt lon="-82.145842" lat="33.556594"><ele>80.452408</ele><time>2021-02-13T15:13:59Z</time><extensions><speed>0.080345</speed><course>330.468750</course><hAcc>1.558452</hAcc><vAcc>1.276264</vAcc></extensions></trkpt>
      <trkpt lon="-82.145843" lat="33.556594"><ele>80.399399</ele><time>2021-02-13T15:14:00Z</time><extensions><speed>0.088979</speed><course>325.546875</course><hAcc>1.555803</hAcc><vAcc>1.272646</vAcc></extensions></trkpt>
      <trkpt lon="-82.145844" lat="33.556595"><ele>80.347565</ele><time>2021-02-13T15:14:01Z</time><extensions><speed>0.099624</speed><course>299.531250</course><hAcc>1.552092</hAcc><vAcc>1.267605</vAcc></extensions></trkpt>
      <trkpt lon="-82.145845" lat="33.556595"><ele>80.296967</ele><time>2021-02-13T15:14:02Z</time><extensions><speed>0.112795</speed><course>281.601562</course><hAcc>1.547572</hAcc><vAcc>1.261484</vAcc></extensions></trkpt>
      <trkpt lon="-82.145846" lat="33.556596"><ele>80.247704</ele><time>2021-02-13T15:14:03Z</time><extensions><speed>0.129008</speed><course>264.375000</course><hAcc>1.542521</hAcc><vAcc>1.254671</vAcc></extensions></trkpt>
      <trkpt lon="-82.145847" lat="33.556596"><ele>80.199661</ele><time>2021-02-13T15:14:04Z</time><extensions><speed>0.149146</speed><course>272.460938</course><hAcc>1.536938</hAcc><vAcc>1.247384</vAcc></extensions></trkpt>
      <trkpt lon="-82.145848" lat="33.556597"><ele>80.156059</ele><time>2021-02-13T15:14:05Z</time><extensions><speed>0.170710</speed><course>333.632812</course><hAcc>1.531980</hAcc><vAcc>1.240897</vAcc></extensions></trkpt>
      <trkpt lon="-82.145850" lat="33.556599"><ele>80.114014</ele><time>2021-02-13T15:14:06Z</time><extensions><speed>0.196689</speed><course>330.468750</course><hAcc>1.527955</hAcc><vAcc>1.235458</vAcc></extensions></trkpt>
      <trkpt lon="-82.145851" lat="33.556600"><ele>80.075111</ele><time>2021-02-13T15:14:07Z</time><extensions><speed>0.225560</speed><course>321.679688</course><hAcc>1.525007</hAcc><vAcc>1.231484</vAcc></extensions></trkpt>
      <trkpt lon="-82.145853" lat="33.556602"><ele>80.039185</ele><time>2021-02-13T15:14:08Z</time><extensions><speed>0.257583</speed><course>300.937500</course><hAcc>1.523373</hAcc><vAcc>1.229282</vAcc></extensions></trkpt>
      <trkpt lon="-82.145855" lat="33.556604"><ele>80.006592</ele><time>2021-02-13T15:14:09Z</time><extensions><speed>0.292239</speed><course>291.093750</course><hAcc>1.523177</hAcc><vAcc>1.229055</vAcc></extensions></trkpt>
      <trkpt lon="-82.145857" lat="33.556606"><ele>79.977364</ele><time>2021-02-13T15:14:10Z</time><extensions><speed>0.329533</speed><course>286.523438</course><hAcc>1.524418</hAcc><vAcc>1.230860</vAcc></extensions></trkpt>
      <trkpt lon="-82.145859" lat="33.556608"><ele>79.952065</ele><time>2021-02-13T15:14:11Z</time><extensions><speed>0.367359</speed><course>296.015625</course><hAcc>1.527110</hAcc><vAcc>1.234672</vAcc></extensions></trkpt>
      <trkpt lon="-82.145861" lat="33.556611"><ele>79.930290</ele><time>2021-02-13T15:14:12Z</time><extensions><speed>0.405525</speed><course>303.046875</course><hAcc>1.531248</hAcc><vAcc>1.240447</vAcc></extensions></trkpt>
      <trkpt lon="-82.145864" lat="33.556615"><ele>79.912117</ele><time>2021-02-13T15:14:13Z</time><extensions><speed>0.442387</speed><course>301.289062</course><hAcc>1.536480</hAcc><vAcc>1.247842</vAcc></extensions></trkpt>
      <trkpt lon="-82.145866" lat="33.556618"><ele>79.897675</ele><time>2021-02-13T15:14:14Z</time><extensions><speed>0.475188</speed><course>293.554688</course><hAcc>1.542467</hAcc><vAcc>1.256402</vAcc></extensions></trkpt>
      <trkpt lon="-82.145869" lat="33.556622"><ele>79.886726</ele><time>2021-02-13T15:14:15Z</time><extensions><speed>0.502434</speed><course>293.554688</course><hAcc>1.549083</hAcc><vAcc>1.265829</vAcc></extensions></trkpt>
      <trkpt lon="-82.145872" lat="33.556626"><ele>79.878914</ele><time>2021-02-13T15:14:16Z</time><extensions><speed>0.523585</speed><course>296.015625</course><hAcc>1.556176</hAcc><vAcc>1.275872</vAcc></extensions></trkpt>
      <trkpt lon="-82.145875" lat="33.556630"><ele>79.874039</ele><time>2021-02-13T15:14:17Z</time><extensions><speed>0.538193</speed><course>306.914062</course><hAcc>1.563486</hAcc><vAcc>1.286179</vAcc></extensions></trkpt>
      <trkpt lon="-82.145878" lat="33.556634"><ele>79.871803</ele><time>2021-02-13T15:14:18Z</time><extensions><speed>0.546840</speed><course>310.781250</course><hAcc>1.570731</hAcc><vAcc>1.296448</vAcc></extensions></trkpt>
      <trkpt lon="-82.145880" lat="33.556639"><ele>79.871941</ele><time>2021-02-13T15:14:19Z</time><extensions><speed>0.549960</speed><course>317.460938</course><hAcc>1.577567</hAcc><vAcc>1.306216</vAcc></extensions></trkpt>
      <trkpt lon="-82.145883" lat="33.556643"><ele>79.874023</ele><time>2021-02-13T15:14:20Z</time><extensions><speed>0.548243</speed><course>320.273438</course><hAcc>1.583903</hAcc><vAcc>1.315400</vAcc></extensions></trkpt>
      <trkpt lon="-82.145885" lat="33.556648"><ele>79.877525</ele><time>2021-02-13T15:14:21Z</time><extensions><speed>0.542445</speed><course>317.109375</course><hAcc>1.589493</hAcc><vAcc>1.323657</vAcc></extensions></trkpt>
      <trkpt lon="-82.145887" lat="33.556652"><ele>79.881874</ele><time>2021-02-13T15:14:22Z</time><extensions><speed>0.533473</speed><course>325.898438</course><hAcc>1.594558</hAcc><vAcc>1.331121</vAcc></extensions></trkpt>
      <trkpt lon="-82.145889" lat="33.556657"><ele>79.886635</ele><time>2021-02-13T15:14:23Z</time><extensions><speed>0.521880</speed><course>271.406250</course><hAcc>1.599163</hAcc><vAcc>1.337844</vAcc></extensions></trkpt>
      <trkpt lon="-82.145891" lat="33.556661"><ele>79.891403</ele><time>2021-02-13T15:14:24Z</time><extensions><speed>0.508320</speed><course>290.039062</course><hAcc>1.603315</hAcc><vAcc>1.343807</vAcc></extensions></trkpt>
      <trkpt lon="-82.145893" lat="33.556665"><ele>79.895920</ele><time>2021-02-13T15:14:25Z</time><extensions><speed>0.493095</speed><course>278.085938</course><hAcc>1.607027</hAcc><vAcc>1.349059</vAcc></extensions></trkpt>
      <trkpt lon="-82.145894" lat="33.556670"><ele>79.900009</ele><time>2021-02-13T15:14:26Z</time><extensions><speed>0.476506</speed><course>285.468750</course><hAcc>1.609992</hAcc><vAcc>1.353423</vAcc></extensions></trkpt>
      <trkpt lon="-82.145895" lat="33.556674"><ele>79.903389</ele><time>2021-02-13T15:14:27Z</time><extensions><speed>0.459984</speed><course>288.984375</course><hAcc>1.612030</hAcc><vAcc>1.356745</vAcc></extensions></trkpt>
      <trkpt lon="-82.145896" lat="33.556678"><ele>79.906006</ele><time>2021-02-13T15:14:28Z</time><extensions><speed>0.444348</speed><course>300.937500</course><hAcc>1.613498</hAcc><vAcc>1.359310</vAcc></extensions></trkpt>
      <trkpt lon="-82.145897" lat="33.556682"><ele>79.907990</ele><time>2021-02-13T15:14:29Z</time><extensions><speed>0.429794</speed><course>311.484375</course><hAcc>1.614620</hAcc><vAcc>1.361337</vAcc></extensions></trkpt>
      <trkpt lon="-82.145898" lat="33.556685"><ele>79.909569</ele><time>2021-02-13T15:14:30Z</time><extensions><speed>0.416971</speed><course>325.898438</course><hAcc>1.615412</hAcc><vAcc>1.362879</vAcc></extensions></trkpt>
      <trkpt lon="-82.145898" lat="33.556689"><ele>79.911072</ele><time>2021-02-13T15:14:31Z</time><extensions><speed>0.406208</speed><course>328.710938</course><hAcc>1.615925</hAcc><vAcc>1.364013</vAcc></extensions></trkpt>
      <trkpt lon="-82.145899" lat="33.556693"><ele>79.912933</ele><time>2021-02-13T15:14:32Z</time><extensions><speed>0.397665</speed><course>333.984375</course><hAcc>1.616202</hAcc><vAcc>1.364815</vAcc></extensions></trkpt>
      <trkpt lon="-82.145899" lat="33.556696"><ele>79.915543</ele><time>2021-02-13T15:14:33Z</time><extensions><speed>0.391488</speed><course>336.445312</course><hAcc>1.616628</hAcc><vAcc>1.365579</vAcc></extensions></trkpt>
      <trkpt lon="-82.145899" lat="33.556700"><ele>79.919487</ele><time>2021-02-13T15:14:34Z</time><extensions><speed>0.386653</speed><course>341.718750</course><hAcc>1.617200</hAcc><vAcc>1.366368</vAcc></extensions></trkpt>
      <trkpt lon="-82.145899" lat="33.556703"><ele>79.925072</ele><time>2021-02-13T15:14:35Z</time><extensions><speed>0.383107</speed><course>338.554688</course><hAcc>1.617710</hAcc><vAcc>1.367062</vAcc></extensions></trkpt>
      <trkpt lon="-82.145899" lat="33.556707"><ele>79.932739</ele><time>2021-02-13T15:14:36Z</time><extensions><speed>0.380341</speed><course>349.453125</course><hAcc>1.618232</hAcc><vAcc>1.367754</vAcc></extensions></trkpt>
      <trkpt lon="-82.145899" lat="33.556710"><ele>79.942612</ele><time>2021-02-13T15:14:37Z</time><extensions><speed>0.378245</speed><course>11.601562</course><hAcc>1.618742</hAcc><vAcc>1.368456</vAcc></extensions></trkpt>
      <trkpt lon="-82.145898" lat="33.556713"><ele>79.954826</ele><time>2021-02-13T15:14:38Z</time><extensions><speed>0.376417</speed><course>347.343750</course><hAcc>1.619387</hAcc><vAcc>1.369294</vAcc></extensions></trkpt>
      <trkpt lon="-82.145897" lat="33.556717"><ele>79.969299</ele><time>2021-02-13T15:14:39Z</time><extensions><speed>0.374110</speed><course>323.789062</course><hAcc>1.620229</hAcc><vAcc>1.370329</vAcc></extensions></trkpt>
      <trkpt lon="-82.145896" lat="33.556720"><ele>79.985886</ele><time>2021-02-13T15:14:40Z</time><extensions><speed>0.370312</speed><course>323.437500</course><hAcc>1.621269</hAcc><vAcc>1.371572</vAcc></extensions></trkpt>
      <trkpt lon="-82.145895" lat="33.556723"><ele>80.003899</ele><time>2021-02-13T15:14:41Z</time><extensions><speed>0.364225</speed><course>327.656250</course><hAcc>1.622665</hAcc><vAcc>1.373112</vAcc></extensions></trkpt>
      <trkpt lon="-82.145893" lat="33.556726"><ele>80.022919</ele><time>2021-02-13T15:14:42Z</time><extensions><speed>0.355144</speed><course>328.007812</course><hAcc>1.624825</hAcc><vAcc>1.375194</vAcc></extensions></trkpt>
      <trkpt lon="-82.145892" lat="33.556729"><ele>80.042480</ele><time>2021-02-13T15:14:43Z</time><extensions><speed>0.342664</speed><course>304.101562</course><hAcc>1.628136</hAcc><vAcc>1.378025</vAcc></extensions></trkpt>
      <trkpt lon="-82.145890" lat="33.556732"><ele>80.062424</ele><time>2021-02-13T15:14:44Z</time><extensions><speed>0.326277</speed><course>315.351562</course><hAcc>1.632930</hAcc><vAcc>1.381745</vAcc></extensions></trkpt>
      <trkpt lon="-82.145888" lat="33.556734"><ele>80.081963</ele><time>2021-02-13T15:14:45Z</time><extensions><speed>0.306808</speed><course>331.171875</course><hAcc>1.639624</hAcc><vAcc>1.386504</vAcc></extensions></trkpt>
      <trkpt lon="-82.145887" lat="33.556736"><ele>80.101151</ele><time>2021-02-13T15:14:46Z</time><extensions><speed>0.284048</speed><course>341.367188</course><hAcc>1.649027</hAcc><vAcc>1.392699</vAcc></extensions></trkpt>
      <trkpt lon="-82.145885" lat="33.556738"><ele>80.120201</ele><time>2021-02-13T15:14:47Z</time><extensions><speed>0.257170</speed><course>346.640625</course><hAcc>1.661767</hAcc><vAcc>1.400546</vAcc></extensions></trkpt>
      <trkpt lon="-82.145884" lat="33.556740"><ele>80.138618</ele><time>2021-02-13T15:14:48Z</time><extensions><speed>0.227425</speed><course>0.000000</course><hAcc>1.678109</hAcc><vAcc>1.409997</vAcc></extensions></trkpt>
      <trkpt lon="-82.145882" lat="33.556742"><ele>80.156418</ele><time>2021-02-13T15:14:49Z</time><extensions><speed>0.194581</speed><course>343.828125</course><hAcc>1.698861</hAcc><vAcc>1.421316</vAcc></extensions></trkpt>
      <trkpt lon="-82.145881" lat="33.556743"><ele>80.172737</ele><time>2021-02-13T15:14:50Z</time><extensions><speed>0.161006</speed><course>358.593750</course><hAcc>1.724136</hAcc><vAcc>1.434417</vAcc></extensions></trkpt>
      <trkpt lon="-82.145880" lat="33.556744"><ele>80.187462</ele><time>2021-02-13T15:14:51Z</time><extensions><speed>0.125971</speed><course>5.976562</course><hAcc>1.755009</hAcc><vAcc>1.449756</vAcc></extensions></trkpt>
      <trkpt lon="-82.145879" lat="33.556745"><ele>80.200325</ele><time>2021-02-13T15:14:52Z</time><extensions><speed>0.089526</speed><course>33.398438</course><hAcc>1.791917</hAcc><vAcc>1.467372</vAcc></extensions></trkpt>
      <trkpt lon="-82.145879" lat="33.556745"><ele>80.210846</ele><time>2021-02-13T15:14:53Z</time><extensions><speed>0.054002</speed><course>28.476562</course><hAcc>1.834228</hAcc><vAcc>1.486851</vAcc></extensions></trkpt>
      <trkpt lon="-82.145878" lat="33.556745"><ele>80.218948</ele><time>2021-02-13T15:14:54Z</time><extensions><speed>0.023769</speed><course>23.203125</course><hAcc>1.881751</hAcc><vAcc>1.508101</vAcc></extensions></trkpt>
      <trkpt lon="-82.145878" lat="33.556745"><ele>80.224648</ele><time>2021-02-13T15:14:55Z</time><extensions><speed>0.028470</speed><course>18.632812</course><hAcc>1.934022</hAcc><vAcc>1.530920</vAcc></extensions></trkpt>
      <trkpt lon="-82.145878" lat="33.556745"><ele>80.227989</ele><time>2021-02-13T15:14:56Z</time><extensions><speed>0.058185</speed><course>18.281250</course><hAcc>1.990056</hAcc><vAcc>1.554889</vAcc></extensions></trkpt>
      <trkpt lon="-82.145878" lat="33.556744"><ele>80.229118</ele><time>2021-02-13T15:14:57Z</time><extensions><speed>0.088276</speed><course>22.851562</course><hAcc>2.048005</hAcc><vAcc>1.579262</vAcc></extensions></trkpt>
      <trkpt lon="-82.145879" lat="33.556743"><ele>80.228287</ele><time>2021-02-13T15:14:58Z</time><extensions><speed>0.115444</speed><course>29.531250</course><hAcc>2.105643</hAcc><vAcc>1.603212</vAcc></extensions></trkpt>
      <trkpt lon="-82.145879" lat="33.556742"><ele>80.225761</ele><time>2021-02-13T15:14:59Z</time><extensions><speed>0.138934</speed><course>29.882812</course><hAcc>2.161155</hAcc><vAcc>1.626126</vAcc></extensions></trkpt>
      <trkpt lon="-82.145880" lat="33.556741"><ele>80.221710</ele><time>2021-02-13T15:15:00Z</time><extensions><speed>0.159006</speed><course>24.609375</course><hAcc>2.213737</hAcc><vAcc>1.647748</vAcc></extensions></trkpt>
      <trkpt lon="-82.145881" lat="33.556740"><ele>80.216263</ele><time>2021-02-13T15:15:01Z</time><extensions><speed>0.175094</speed><course>6.328125</course><hAcc>2.261647</hAcc><vAcc>1.667402</vAcc></extensions></trkpt>
      <trkpt lon="-82.145882" lat="33.556738"><ele>80.209404</ele><time>2021-02-13T15:15:02Z</time><extensions><speed>0.187329</speed><course>353.671875</course><hAcc>2.304183</hAcc><vAcc>1.684812</vAcc></extensions></trkpt>
      <trkpt lon="-82.145883" lat="33.556737"><ele>80.201324</ele><time>2021-02-13T15:15:03Z</time><extensions><speed>0.195119</speed><course>354.375000</course><hAcc>2.339629</hAcc><vAcc>1.699311</vAcc></extensions></trkpt>
      <trkpt lon="-82.145884" lat="33.556735"><ele>80.191887</ele><time>2021-02-13T15:15:04Z</time><extensions><speed>0.198728</speed><course>359.648438</course><hAcc>2.368055</hAcc><vAcc>1.710970</vAcc></extensions></trkpt>
      <trkpt lon="-82.145885" lat="33.556734"><ele>80.181313</ele><time>2021-02-13T15:15:05Z</time><extensions><speed>0.198071</speed><course>5.625000</course><hAcc>2.388510</hAcc><vAcc>1.719447</vAcc></extensions></trkpt>
      <trkpt lon="-82.145887" lat="33.556732"><ele>80.169434</ele><time>2021-02-13T15:15:06Z</time><extensions><speed>0.193321</speed><course>12.656250</course><hAcc>2.401304</hAcc><vAcc>1.724936</vAcc></extensions></trkpt>
      <trkpt lon="-82.145888" lat="33.556731"><ele>80.156349</ele><time>2021-02-13T15:15:07Z</time><extensions><speed>0.184671</speed><course>18.984375</course><hAcc>2.406201</hAcc><vAcc>1.727364</vAcc></extensions></trkpt>
      <trkpt lon="-82.145889" lat="33.556730"><ele>80.141869</ele><time>2021-02-13T15:15:08Z</time><extensions><speed>0.172028</speed><course>28.125000</course><hAcc>2.403154</hAcc><vAcc>1.726728</vAcc></extensions></trkpt>
      <trkpt lon="-82.145890" lat="33.556729"><ele>80.126175</ele><time>2021-02-13T15:15:09Z</time><extensions><speed>0.155965</speed><course>16.875000</course><hAcc>2.392303</hAcc><vAcc>1.723090</vAcc></extensions></trkpt>
      <trkpt lon="-82.145891" lat="33.556728"><ele>80.109062</ele><time>2021-02-13T15:15:10Z</time><extensions><speed>0.136524</speed><course>18.632812</course><hAcc>2.373817</hAcc><vAcc>1.716549</vAcc></extensions></trkpt>
      <trkpt lon="-82.145892" lat="33.556727"><ele>80.090607</ele><time>2021-02-13T15:15:11Z</time><extensions><speed>0.114849</speed><course>17.226562</course><hAcc>2.348156</hAcc><vAcc>1.707282</vAcc></extensions></trkpt>
      <trkpt lon="-82.145893" lat="33.556726"><ele>80.070930</ele><time>2021-02-13T15:15:12Z</time><extensions><speed>0.093201</speed><course>24.257812</course><hAcc>2.316272</hAcc><vAcc>1.695703</vAcc></extensions></trkpt>
      <trkpt lon="-82.145894" lat="33.556726"><ele>80.049904</ele><time>2021-02-13T15:15:13Z</time><extensions><speed>0.075701</speed><course>31.640625</course><hAcc>2.278806</hAcc><vAcc>1.682097</vAcc></extensions></trkpt>
      <trkpt lon="-82.145895" lat="33.556726"><ele>80.027863</ele><time>2021-02-13T15:15:14Z</time><extensions><speed>0.070589</speed><course>42.539062</course><hAcc>2.237242</hAcc><vAcc>1.667048</vAcc></extensions></trkpt>
      <trkpt lon="-82.145896" lat="33.556727"><ele>80.004608</ele><time>2021-02-13T15:15:15Z</time><extensions><speed>0.083368</speed><course>47.460938</course><hAcc>2.192012</hAcc><vAcc>1.650709</vAcc></extensions></trkpt>
      <trkpt lon="-82.145896" lat="33.556728"><ele>79.980988</ele><time>2021-02-13T15:15:16Z</time><extensions><speed>0.108826</speed><course>44.648438</course><hAcc>2.145613</hAcc><vAcc>1.633977</vAcc></extensions></trkpt>
      <trkpt lon="-82.145896" lat="33.556729"><ele>79.957191</ele><time>2021-02-13T15:15:17Z</time><extensions><speed>0.140516</speed><course>36.914062</course><hAcc>2.099473</hAcc><vAcc>1.617387</vAcc></extensions></trkpt>
      <trkpt lon="-82.145897" lat="33.556730"><ele>79.934097</ele><time>2021-02-13T15:15:18Z</time><extensions><speed>0.173887</speed><course>30.234375</course><hAcc>2.056296</hAcc><vAcc>1.601895</vAcc></extensions></trkpt>
      <trkpt lon="-82.145897" lat="33.556732"><ele>79.912079</ele><time>2021-02-13T15:15:19Z</time><extensions><speed>0.206626</speed><course>10.898438</course><hAcc>2.017929</hAcc><vAcc>1.588138</vAcc></extensions></trkpt>
      <trkpt lon="-82.145896" lat="33.556734"><ele>79.891716</ele><time>2021-02-13T15:15:20Z</time><extensions><speed>0.235152</speed><course>348.750000</course><hAcc>1.986652</hAcc><vAcc>1.576890</vAcc></extensions></trkpt>
      <trkpt lon="-82.145896" lat="33.556736"><ele>79.872971</ele><time>2021-02-13T15:15:21Z</time><extensions><speed>0.258302</speed><course>346.640625</course><hAcc>1.963689</hAcc><vAcc>1.568580</vAcc></extensions></trkpt>
      <trkpt lon="-82.145895" lat="33.556738"><ele>79.855850</ele><time>2021-02-13T15:15:22Z</time><extensions><speed>0.275837</speed><course>358.593750</course><hAcc>1.949940</hAcc><vAcc>1.563559</vAcc></extensions></trkpt>
      <trkpt lon="-82.145894" lat="33.556741"><ele>79.839798</ele><time>2021-02-13T15:15:23Z</time><extensions><speed>0.289112</speed><course>15.117188</course><hAcc>1.945137</hAcc><vAcc>1.561720</vAcc></extensions></trkpt>
      <trkpt lon="-82.145893" lat="33.556743"><ele>79.824844</ele><time>2021-02-13T15:15:24Z</time><extensions><speed>0.298480</speed><course>12.304688</course><hAcc>1.948708</hAcc><vAcc>1.562846</vAcc></extensions></trkpt>
      <trkpt lon="-82.145891" lat="33.556745"><ele>79.810738</ele><time>2021-02-13T15:15:25Z</time><extensions><speed>0.304903</speed><course>21.445312</course><hAcc>1.959390</hAcc><vAcc>1.566522</vAcc></extensions></trkpt>
      <trkpt lon="-82.145889" lat="33.556748"><ele>79.797386</ele><time>2021-02-13T15:15:26Z</time><extensions><speed>0.309040</speed><course>22.851562</course><hAcc>1.975353</hAcc><vAcc>1.572106</vAcc></extensions></trkpt>
      <trkpt lon="-82.145887" lat="33.556750"><ele>79.784782</ele><time>2021-02-13T15:15:27Z</time><extensions><speed>0.311166</speed><course>29.531250</course><hAcc>1.994318</hAcc><vAcc>1.578768</vAcc></extensions></trkpt>
      <trkpt lon="-82.145885" lat="33.556752"><ele>79.773109</ele><time>2021-02-13T15:15:28Z</time><extensions><speed>0.311098</speed><course>39.023438</course><hAcc>2.013629</hAcc><vAcc>1.585531</vAcc></extensions></trkpt>
      <trkpt lon="-82.145882" lat="33.556753"><ele>79.762550</ele><time>2021-02-13T15:15:29Z</time><extensions><speed>0.308700</speed><course>358.593750</course><hAcc>2.030982</hAcc><vAcc>1.591593</vAcc></extensions></trkpt>
      <trkpt lon="-82.145880" lat="33.556755"><ele>79.752884</ele><time>2021-02-13T15:15:30Z</time><extensions><speed>0.303748</speed><course>14.765625</course><hAcc>2.044884</hAcc><vAcc>1.596362</vAcc></extensions></trkpt>
      <trkpt lon="-82.145877" lat="33.556756"><ele>79.744148</ele><time>2021-02-13T15:15:31Z</time><extensions><speed>0.296115</speed><course>8.789062</course><hAcc>2.053489</hAcc><vAcc>1.599028</vAcc></extensions></trkpt>
      <trkpt lon="-82.145874" lat="33.556758"><ele>79.736366</ele><time>2021-02-13T15:15:32Z</time><extensions><speed>0.286062</speed><course>14.062500</course><hAcc>2.055808</hAcc><vAcc>1.599190</vAcc></extensions></trkpt>
      <trkpt lon="-82.145871" lat="33.556759"><ele>79.729202</ele><time>2021-02-13T15:15:33Z</time><extensions><speed>0.273141</speed><course>5.273438</course><hAcc>2.051383</hAcc><vAcc>1.596594</vAcc></extensions></trkpt>
      <trkpt lon="-82.145868" lat="33.556759"><ele>79.722549</ele><time>2021-02-13T15:15:34Z</time><extensions><speed>0.257715</speed><course>2.460938</course><hAcc>2.040019</hAcc><vAcc>1.591077</vAcc></extensions></trkpt>
      <trkpt lon="-82.145866" lat="33.556760"><ele>79.716141</ele><time>2021-02-13T15:15:35Z</time><extensions><speed>0.239799</speed><course>5.976562</course><hAcc>2.022152</hAcc><vAcc>1.582765</vAcc></extensions></trkpt>
      <trkpt lon="-82.145863" lat="33.556760"><ele>79.709641</ele><time>2021-02-13T15:15:36Z</time><extensions><speed>0.219394</speed><course>22.500000</course><hAcc>1.998328</hAcc><vAcc>1.571810</vAcc></extensions></trkpt>
      <trkpt lon="-82.145861" lat="33.556760"><ele>79.702835</ele><time>2021-02-13T15:15:37Z</time><extensions><speed>0.197469</speed><course>40.429688</course><hAcc>1.969975</hAcc><vAcc>1.558790</vAcc></extensions></trkpt>
      <trkpt lon="-82.145859" lat="33.556760"><ele>79.695190</ele><time>2021-02-13T15:15:38Z</time><extensions><speed>0.174113</speed><course>43.945312</course><hAcc>1.937982</hAcc><vAcc>1.543991</vAcc></extensions></trkpt>
      <trkpt lon="-82.145857" lat="33.556760"><ele>79.686539</ele><time>2021-02-13T15:15:39Z</time><extensions><speed>0.152145</speed><course>41.835938</course><hAcc>1.904652</hAcc><vAcc>1.528363</vAcc></extensions></trkpt>
      <trkpt lon="-82.145856" lat="33.556759"><ele>79.676628</ele><time>2021-02-13T15:15:40Z</time><extensions><speed>0.133074</speed><course>40.781250</course><hAcc>1.871026</hAcc><vAcc>1.512323</vAcc></extensions></trkpt>
      <trkpt lon="-82.145855" lat="33.556759"><ele>79.665695</ele><time>2021-02-13T15:15:41Z</time><extensions><speed>0.118239</speed><course>37.265625</course><hAcc>1.838068</hAcc><vAcc>1.496260</vAcc></extensions></trkpt>
      <trkpt lon="-82.145854" lat="33.556758"><ele>79.654266</ele><time>2021-02-13T15:15:42Z</time><extensions><speed>0.107852</speed><course>31.640625</course><hAcc>1.806504</hAcc><vAcc>1.480519</vAcc></extensions></trkpt>
      <trkpt lon="-82.145854" lat="33.556757"><ele>79.642944</ele><time>2021-02-13T15:15:43Z</time><extensions><speed>0.101092</speed><course>12.304688</course><hAcc>1.776819</hAcc><vAcc>1.465363</vAcc></extensions></trkpt>
      <trkpt lon="-82.145854" lat="33.556756"><ele>79.632362</ele><time>2021-02-13T15:15:44Z</time><extensions><speed>0.097143</speed><course>17.578125</course><hAcc>1.749598</hAcc><vAcc>1.451105</vAcc></extensions></trkpt>
      <trkpt lon="-82.145854" lat="33.556755"><ele>79.623039</ele><time>2021-02-13T15:15:45Z</time><extensions><speed>0.095567</speed><course>17.226562</course><hAcc>1.725286</hAcc><vAcc>1.438005</vAcc></extensions></trkpt>
      <trkpt lon="-82.145854" lat="33.556754"><ele>79.615417</ele><time>2021-02-13T15:15:46Z</time><extensions><speed>0.095977</speed><course>18.984375</course><hAcc>1.703988</hAcc><vAcc>1.426156</vAcc></extensions></trkpt>
      <trkpt lon="-82.145855" lat="33.556754"><ele>79.609894</ele><time>2021-02-13T15:15:47Z</time><extensions><speed>0.097775</speed><course>25.664062</course><hAcc>1.685682</hAcc><vAcc>1.415597</vAcc></extensions></trkpt>
      <trkpt lon="-82.145856" lat="33.556753"><ele>79.606804</ele><time>2021-02-13T15:15:48Z</time><extensions><speed>0.100380</speed><course>29.882812</course><hAcc>1.670550</hAcc><vAcc>1.406526</vAcc></extensions></trkpt>
      <trkpt lon="-82.145857" lat="33.556753"><ele>79.606300</ele><time>2021-02-13T15:15:49Z</time><extensions><speed>0.103964</speed><course>33.398438</course><hAcc>1.657994</hAcc><vAcc>1.398673</vAcc></extensions></trkpt>
      <trkpt lon="-82.145858" lat="33.556753"><ele>79.608452</ele><time>2021-02-13T15:15:50Z</time><extensions><speed>0.108812</speed><course>26.718750</course><hAcc>1.648016</hAcc><vAcc>1.392136</vAcc></extensions></trkpt>
      <trkpt lon="-82.145859" lat="33.556753"><ele>79.613152</ele><time>2021-02-13T15:15:51Z</time><extensions><speed>0.115516</speed><course>23.203125</course><hAcc>1.640149</hAcc><vAcc>1.386715</vAcc></extensions></trkpt>
      <trkpt lon="-82.145861" lat="33.556753"><ele>79.620140</ele><time>2021-02-13T15:15:52Z</time><extensions><speed>0.124060</speed><course>23.906250</course><hAcc>1.633983</hAcc><vAcc>1.382231</vAcc></extensions></trkpt>
      <trkpt lon="-82.145862" lat="33.556753"><ele>79.628944</ele><time>2021-02-13T15:15:53Z</time><extensions><speed>0.133835</speed><course>27.421875</course><hAcc>1.629318</hAcc><vAcc>1.378642</vAcc></extensions></trkpt>
      <trkpt lon="-82.145863" lat="33.556753"><ele>79.639145</ele><time>2021-02-13T15:15:54Z</time><extensions><speed>0.144297</speed><course>29.179688</course><hAcc>1.625930</hAcc><vAcc>1.375864</vAcc></extensions></trkpt>
      <trkpt lon="-82.145865" lat="33.556754"><ele>79.650414</ele><time>2021-02-13T15:15:55Z</time><extensions><speed>0.154862</speed><course>17.578125</course><hAcc>1.623450</hAcc><vAcc>1.373699</vAcc></extensions></trkpt>
      <trkpt lon="-82.145866" lat="33.556754"><ele>79.662338</ele><time>2021-02-13T15:15:56Z</time><extensions><speed>0.164730</speed><course>6.679688</course><hAcc>1.621511</hAcc><vAcc>1.371940</vAcc></extensions></trkpt>
      <trkpt lon="-82.145868" lat="33.556755"><ele>79.674431</ele><time>2021-02-13T15:15:57Z</time><extensions><speed>0.173026</speed><course>3.515625</course><hAcc>1.620005</hAcc><vAcc>1.370548</vAcc></extensions></trkpt>
      <trkpt lon="-82.145870" lat="33.556756"><ele>79.686256</ele><time>2021-02-13T15:15:58Z</time><extensions><speed>0.179171</speed><course>9.843750</course><hAcc>1.619201</hAcc><vAcc>1.369716</vAcc></extensions></trkpt>
      <trkpt lon="-82.145871" lat="33.556757"><ele>79.698021</ele><time>2021-02-13T15:15:59Z</time><extensions><speed>0.183411</speed><course>7.382812</course><hAcc>1.618937</hAcc><vAcc>1.369333</vAcc></extensions></trkpt>
      <trkpt lon="-82.145873" lat="33.556757"><ele>79.709229</ele><time>2021-02-13T15:16:00Z</time><extensions><speed>0.185487</speed><course>4.570312</course><hAcc>1.618791</hAcc><vAcc>1.369117</vAcc></extensions></trkpt>
      <trkpt lon="-82.145875" lat="33.556758"><ele>79.719589</ele><time>2021-02-13T15:16:01Z</time><extensions><speed>0.185472</speed><course>7.031250</course><hAcc>1.618655</hAcc><vAcc>1.368994</vAcc></extensions></trkpt>
      <trkpt lon="-82.145876" lat="33.556759"><ele>79.728760</ele><time>2021-02-13T15:16:02Z</time><extensions><speed>0.183500</speed><course>13.007812</course><hAcc>1.618682</hAcc><vAcc>1.369054</vAcc></extensions></trkpt>
      <trkpt lon="-82.145878" lat="33.556760"><ele>79.736786</ele><time>2021-02-13T15:16:03Z</time><extensions><speed>0.179619</speed><course>16.523438</course><hAcc>1.618906</hAcc><vAcc>1.369309</vAcc></extensions></trkpt>
      <trkpt lon="-82.145880" lat="33.556761"><ele>79.743507</ele><time>2021-02-13T15:16:04Z</time><extensions><speed>0.173971</speed><course>15.468750</course><hAcc>1.618983</hAcc><vAcc>1.369515</vAcc></extensions></trkpt>
      <trkpt lon="-82.145881" lat="33.556762"><ele>79.748718</ele><time>2021-02-13T15:16:05Z</time><extensions><speed>0.167253</speed><course>34.453125</course><hAcc>1.618912</hAcc><vAcc>1.369650</vAcc></extensions></trkpt>
      <trkpt lon="-82.145882" lat="33.556763"><ele>79.752480</ele><time>2021-02-13T15:16:06Z</time><extensions><speed>0.159976</speed><course>31.992188</course><hAcc>1.619057</hAcc><vAcc>1.369941</vAcc></extensions></trkpt>
      <trkpt lon="-82.145884" lat="33.556764"><ele>79.754913</ele><time>2021-02-13T15:16:07Z</time><extensions><speed>0.152180</speed><course>31.289062</course><hAcc>1.619473</hAcc><vAcc>1.370404</vAcc></extensions></trkpt>
      <trkpt lon="-82.145885" lat="33.556765"><ele>79.756104</ele><time>2021-02-13T15:16:08Z</time><extensions><speed>0.144151</speed><course>29.179688</course><hAcc>1.619897</hAcc><vAcc>1.370835</vAcc></extensions></trkpt>
      <trkpt lon="-82.145886" lat="33.556766"><ele>79.756165</ele><time>2021-02-13T15:16:09Z</time><extensions><speed>0.136680</speed><course>32.343750</course><hAcc>1.620225</hAcc><vAcc>1.371126</vAcc></extensions></trkpt>
      <trkpt lon="-82.145887" lat="33.556767"><ele>79.755318</ele><time>2021-02-13T15:16:10Z</time><extensions><speed>0.130621</speed><course>24.609375</course><hAcc>1.620610</hAcc><vAcc>1.371341</vAcc></extensions></trkpt>
      <trkpt lon="-82.145888" lat="33.556767"><ele>79.753792</ele><time>2021-02-13T15:16:11Z</time><extensions><speed>0.126480</speed><course>23.906250</course><hAcc>1.620989</hAcc><vAcc>1.371390</vAcc></extensions></trkpt>
      <trkpt lon="-82.145889" lat="33.556768"><ele>79.751823</ele><time>2021-02-13T15:16:12Z</time><extensions><speed>0.124683</speed><course>27.421875</course><hAcc>1.621080</hAcc><vAcc>1.371024</vAcc></extensions></trkpt>
      <trkpt lon="-82.145889" lat="33.556769"><ele>79.749702</ele><time>2021-02-13T15:16:13Z</time><extensions><speed>0.125140</speed><course>36.914062</course><hAcc>1.621035</hAcc><vAcc>1.370299</vAcc></extensions></trkpt>
      <trkpt lon="-82.145890" lat="33.556770"><ele>79.747559</ele><time>2021-02-13T15:16:14Z</time><extensions><speed>0.127654</speed><course>51.679688</course><hAcc>1.620756</hAcc><vAcc>1.369051</vAcc></extensions></trkpt>
      <trkpt lon="-82.145890" lat="33.556771"><ele>79.745621</ele><time>2021-02-13T15:16:15Z</time><extensions><speed>0.131720</speed><course>26.718750</course><hAcc>1.620113</hAcc><vAcc>1.367155</vAcc></extensions></trkpt>
      <trkpt lon="-82.145891" lat="33.556773"><ele>79.744003</ele><time>2021-02-13T15:16:16Z</time><extensions><speed>0.136849</speed><course>45.351562</course><hAcc>1.619418</hAcc><vAcc>1.364758</vAcc></extensions></trkpt>
      <trkpt lon="-82.145891" lat="33.556774"><ele>79.742729</ele><time>2021-02-13T15:16:17Z</time><extensions><speed>0.142921</speed><course>23.906250</course><hAcc>1.618234</hAcc><vAcc>1.361397</vAcc></extensions></trkpt>
      <trkpt lon="-82.145892" lat="33.556775"><ele>79.741859</ele><time>2021-02-13T15:16:18Z</time><extensions><speed>0.148703</speed><course>28.125000</course><hAcc>1.616274</hAcc><vAcc>1.356902</vAcc></extensions></trkpt>
      <trkpt lon="-82.145892" lat="33.556776"><ele>79.741302</ele><time>2021-02-13T15:16:19Z</time><extensions><speed>0.153609</speed><course>29.179688</course><hAcc>1.613634</hAcc><vAcc>1.351245</vAcc></extensions></trkpt>
      <trkpt lon="-82.145892" lat="33.556778"><ele>79.740906</ele><time>2021-02-13T15:16:20Z</time><extensions><speed>0.157009</speed><course>30.585938</course><hAcc>1.610318</hAcc><vAcc>1.344424</vAcc></extensions></trkpt>
      <trkpt lon="-82.145892" lat="33.556779"><ele>79.740479</ele><time>2021-02-13T15:16:21Z</time><extensions><speed>0.158706</speed><course>28.828125</course><hAcc>1.606224</hAcc><vAcc>1.336310</vAcc></extensions></trkpt>
      <trkpt lon="-82.145892" lat="33.556781"><ele>79.739830</ele><time>2021-02-13T15:16:22Z</time><extensions><speed>0.158748</speed><course>31.289062</course><hAcc>1.601321</hAcc><vAcc>1.326952</vAcc></extensions></trkpt>
      <trkpt lon="-82.145892" lat="33.556782"><ele>79.738785</ele><time>2021-02-13T15:16:23Z</time><extensions><speed>0.157351</speed><course>25.664062</course><hAcc>1.595297</hAcc><vAcc>1.316077</vAcc></extensions></trkpt>
      <trkpt lon="-82.145892" lat="33.556784"><ele>79.737236</ele><time>2021-02-13T15:16:24Z</time><extensions><speed>0.154767</speed><course>28.828125</course><hAcc>1.588081</hAcc><vAcc>1.303881</vAcc></extensions></trkpt>
      <trkpt lon="-82.145892" lat="33.556785"><ele>79.735100</ele><time>2021-02-13T15:16:25Z</time><extensions><speed>0.151299</speed><course>28.125000</course><hAcc>1.580086</hAcc><vAcc>1.290925</vAcc></extensions></trkpt>
      <trkpt lon="-82.145891" lat="33.556786"><ele>79.732269</ele><time>2021-02-13T15:16:26Z</time><extensions><speed>0.147084</speed><course>27.773438</course><hAcc>1.571545</hAcc><vAcc>1.277558</vAcc></extensions></trkpt>
      <trkpt lon="-82.145891" lat="33.556787"><ele>79.728638</ele><time>2021-02-13T15:16:27Z</time><extensions><speed>0.142315</speed><course>22.148438</course><hAcc>1.562587</hAcc><vAcc>1.264232</vAcc></extensions></trkpt>
      <trkpt lon="-82.145890" lat="33.556789"><ele>79.724190</ele><time>2021-02-13T15:16:28Z</time><extensions><speed>0.137506</speed><course>25.312500</course><hAcc>1.554078</hAcc><vAcc>1.252166</vAcc></extensions></trkpt>
      <trkpt lon="-82.145889" lat="33.556790"><ele>79.718910</ele><time>2021-02-13T15:16:29Z</time><extensions><speed>0.132989</speed><course>30.937500</course><hAcc>1.547298</hAcc><vAcc>1.242702</vAcc></extensions></trkpt>
      <trkpt lon="-82.145889" lat="33.556791"><ele>79.712585</ele><time>2021-02-13T15:16:30Z</time><extensions><speed>0.128953</speed><course>56.601562</course><hAcc>1.543413</hAcc><vAcc>1.237055</vAcc></extensions></trkpt>
      <trkpt lon="-82.145888" lat="33.556791"><ele>79.705215</ele><time>2021-02-13T15:16:31Z</time><extensions><speed>0.126466</speed><course>56.250000</course><hAcc>1.544229</hAcc><vAcc>1.237099</vAcc></extensions></trkpt>
      <trkpt lon="-82.145887" lat="33.556792"><ele>79.696770</ele><time>2021-02-13T15:16:32Z</time><extensions><speed>0.126406</speed><course>34.101562</course><hAcc>1.552350</hAcc><vAcc>1.245161</vAcc></extensions></trkpt>
      <trkpt lon="-82.145885" lat="33.556793"><ele>79.687370</ele><time>2021-02-13T15:16:33Z</time><extensions><speed>0.128590</speed><course>33.046875</course><hAcc>1.571148</hAcc><vAcc>1.263992</vAcc></extensions></trkpt>
      <trkpt lon="-82.145884" lat="33.556793"><ele>79.677155</ele><time>2021-02-13T15:16:34Z</time><extensions><speed>0.131894</speed><course>19.687500</course><hAcc>1.604672</hAcc><vAcc>1.296562</vAcc></extensions></trkpt>
      <trkpt lon="-82.145883" lat="33.556793"><ele>79.665962</ele><time>2021-02-13T15:16:35Z</time><extensions><speed>0.135097</speed><course>11.601562</course><hAcc>1.658560</hAcc><vAcc>1.346993</vAcc></extensions></trkpt>
      <trkpt lon="-82.145881" lat="33.556794"><ele>79.654137</ele><time>2021-02-13T15:16:36Z</time><extensions><speed>0.136952</speed><course>11.250000</course><hAcc>1.736515</hAcc><vAcc>1.417150</vAcc></extensions></trkpt>
      <trkpt lon="-82.145880" lat="33.556794"><ele>79.641739</ele><time>2021-02-13T15:16:37Z</time><extensions><speed>0.137151</speed><course>2.109375</course><hAcc>1.842759</hAcc><vAcc>1.509226</vAcc></extensions></trkpt>
      <trkpt lon="-82.145878" lat="33.556794"><ele>79.628601</ele><time>2021-02-13T15:16:38Z</time><extensions><speed>0.136027</speed><course>349.804688</course><hAcc>1.982808</hAcc><vAcc>1.626547</vAcc></extensions></trkpt>
      <trkpt lon="-82.145877" lat="33.556794"><ele>79.614929</ele><time>2021-02-13T15:16:39Z</time><extensions><speed>0.134268</speed><course>352.265625</course><hAcc>2.158616</hAcc><vAcc>1.769534</vAcc></extensions></trkpt>
      <trkpt lon="-82.145875" lat="33.556794"><ele>79.600815</ele><time>2021-02-13T15:16:40Z</time><extensions><speed>0.132584</speed><course>358.242188</course><hAcc>2.372610</hAcc><vAcc>1.939270</vAcc></extensions></trkpt>
      <trkpt lon="-82.145874" lat="33.556794"><ele>79.586548</ele><time>2021-02-13T15:16:41Z</time><extensions><speed>0.131498</speed><course>18.984375</course><hAcc>2.622601</hAcc><vAcc>2.133479</vAcc></extensions></trkpt>
      <trkpt lon="-82.145873" lat="33.556794"><ele>79.572227</ele><time>2021-02-13T15:16:42Z</time><extensions><speed>0.131146</speed><course>26.015625</course><hAcc>2.907055</hAcc><vAcc>2.350788</vAcc></extensions></trkpt>
    </trkseg>
  </trk>
</gpx>