<?xml version="1.0" encoding="UTF-8"?>
<gpx version="1.1" creator="Apple Health Export" xmlns="http://www.topografix.com/GPX/1/1" xmlns:xsi="http://www.w3.org/2001/XMLSchema-instance" xsi:schemaLocation="http://www.topografix.com/GPX/1/1 http://www.topografix.com/GPX/1/1/gpx.xsd">
  <metadata>
    <time>2026-03-14T12:16:07Z</time>
  </metadata>
  <trk>
    <name>Route 2022-12-07 9:25am</name>
    <trkseg>
      <trkpt lon="-82.146098" lat="33.556710"><ele>81.647868</ele><time>2022-12-07T13:58:48Z</time><extensions><speed>0.735565</speed><course>253.353012</course><hAcc>3.682875</hAcc><vAcc>3.971822</vAcc></extensions></trkpt>
      <trkpt lon="-82.146105" lat="33.556707"><ele>81.701870</ele><time>2022-12-07T13:58:49Z</time><extensions><speed>0.834052</speed><course>253.561906</course><hAcc>3.381050</hAcc><vAcc>3.735027</vAcc></extensions></trkpt>
      <trkpt lon="-82.146115" lat="33.556704"><ele>82.029592</ele><time>2022-12-07T13:58:50Z</time><extensions><speed>1.248457</speed><course>255.320330</course><hAcc>3.216611</hAcc><vAcc>3.532558</vAcc></extensions></trkpt>
      <trkpt lon="-82.146127" lat="33.556700"><ele>82.881645</ele><time>2022-12-07T13:58:51Z</time><extensions><speed>1.401103</speed><course>253.648243</course><hAcc>3.082750</hAcc><vAcc>3.274735</vAcc></extensions></trkpt>
      <trkpt lon="-82.146140" lat="33.556694"><ele>83.697301</ele><time>2022-12-07T13:58:52Z</time><extensions><speed>1.371362</speed><course>249.131785</course><hAcc>2.951993</hAcc><vAcc>3.058832</vAcc></extensions></trkpt>
      <trkpt lon="-82.146153" lat="33.556688"><ele>84.400716</ele><time>2022-12-07T13:58:53Z</time><extensions><speed>1.351286</speed><course>242.380410</course><hAcc>2.862501</hAcc><vAcc>2.874619</vAcc></extensions></trkpt>
      <trkpt lon="-82.146164" lat="33.556681"><ele>85.000535</ele><time>2022-12-07T13:58:54Z</time><extensions><speed>1.395158</speed><course>235.974681</course><hAcc>2.804109</hAcc><vAcc>2.715485</vAcc></extensions></trkpt>
      <trkpt lon="-82.146176" lat="33.556672"><ele>85.429955</ele><time>2022-12-07T13:58:55Z</time><extensions><speed>1.550915</speed><course>228.925323</course><hAcc>2.744980</hAcc><vAcc>2.576806</vAcc></extensions></trkpt>
      <trkpt lon="-82.146189" lat="33.556661"><ele>85.781500</ele><time>2022-12-07T13:58:56Z</time><extensions><speed>1.922459</speed><course>225.147355</course><hAcc>2.700954</hAcc><vAcc>2.455173</vAcc></extensions></trkpt>
      <trkpt lon="-82.146202" lat="33.556647"><ele>86.115063</ele><time>2022-12-07T13:58:57Z</time><extensions><speed>2.104760</speed><course>218.998165</course><hAcc>2.680048</hAcc><vAcc>2.347985</vAcc></extensions></trkpt>
      <trkpt lon="-82.146216" lat="33.556631"><ele>86.402545</ele><time>2022-12-07T13:58:58Z</time><extensions><speed>2.156583</speed><course>216.031645</course><hAcc>2.651081</hAcc><vAcc>2.253219</vAcc></extensions></trkpt>
      <trkpt lon="-82.146229" lat="33.556615"><ele>86.707024</ele><time>2022-12-07T13:58:59Z</time><extensions><speed>2.102377</speed><course>215.083493</course><hAcc>2.614983</hAcc><vAcc>2.169292</vAcc></extensions></trkpt>
      <trkpt lon="-82.146242" lat="33.556599"><ele>87.077491</ele><time>2022-12-07T13:59:00Z</time><extensions><speed>2.173938</speed><course>216.575357</course><hAcc>2.598936</hAcc><vAcc>2.094971</vAcc></extensions></trkpt>
      <trkpt lon="-82.146256" lat="33.556582"><ele>87.400991</ele><time>2022-12-07T13:59:01Z</time><extensions><speed>2.423991</speed><course>216.692135</course><hAcc>2.606191</hAcc><vAcc>2.029314</vAcc></extensions></trkpt>
      <trkpt lon="-82.146271" lat="33.556563"><ele>87.727772</ele><time>2022-12-07T13:59:02Z</time><extensions><speed>2.438734</speed><course>210.015271</course><hAcc>2.586373</hAcc><vAcc>1.971578</vAcc></extensions></trkpt>
      <trkpt lon="-82.146283" lat="33.556544"><ele>88.094689</ele><time>2022-12-07T13:59:03Z</time><extensions><speed>2.257049</speed><course>206.059990</course><hAcc>2.575235</hAcc><vAcc>1.921100</vAcc></extensions></trkpt>
      <trkpt lon="-82.146293" lat="33.556529"><ele>88.425078</ele><time>2022-12-07T13:59:04Z</time><extensions><speed>1.470761</speed><course>209.688483</course><hAcc>2.580788</hAcc><vAcc>1.877240</vAcc></extensions></trkpt>
      <trkpt lon="-82.146301" lat="33.556519"><ele>88.735619</ele><time>2022-12-07T13:59:05Z</time><extensions><speed>1.059354</speed><course>223.301719</course><hAcc>2.566134</hAcc><vAcc>1.839377</vAcc></extensions></trkpt>
      <trkpt lon="-82.146309" lat="33.556514"><ele>89.005504</ele><time>2022-12-07T13:59:06Z</time><extensions><speed>0.878305</speed><course>239.656698</course><hAcc>2.566609</hAcc><vAcc>1.806907</vAcc></extensions></trkpt>
      <trkpt lon="-82.146317" lat="33.556510"><ele>89.246329</ele><time>2022-12-07T13:59:07Z</time><extensions><speed>0.795352</speed><course>239.572888</course><hAcc>2.567452</hAcc><vAcc>1.754166</vAcc></extensions></trkpt>
      <trkpt lon="-82.146325" lat="33.556506"><ele>89.500732</ele><time>2022-12-07T13:59:08Z</time><extensions><speed>0.854639</speed><course>242.755395</course><hAcc>2.559963</hAcc><vAcc>1.707918</vAcc></extensions></trkpt>
      <trkpt lon="-82.146334" lat="33.556502"><ele>89.729848</ele><time>2022-12-07T13:59:09Z</time><extensions><speed>1.108727</speed><course>244.811903</course><hAcc>2.552886</hAcc><vAcc>1.686191</vAcc></extensions></trkpt>
      <trkpt lon="-82.146347" lat="33.556498"><ele>89.941619</ele><time>2022-12-07T13:59:10Z</time><extensions><speed>1.351239</speed><course>246.919849</course><hAcc>2.565046</hAcc><vAcc>1.667959</vAcc></extensions></trkpt>
      <trkpt lon="-82.146360" lat="33.556493"><ele>90.119561</ele><time>2022-12-07T13:59:11Z</time><extensions><speed>1.438969</speed><course>243.902910</course><hAcc>2.549519</hAcc><vAcc>1.632703</vAcc></extensions></trkpt>
      <trkpt lon="-82.146375" lat="33.556487"><ele>90.245632</ele><time>2022-12-07T13:59:12Z</time><extensions><speed>1.460656</speed><course>243.303089</course><hAcc>2.534211</hAcc><vAcc>1.600790</vAcc></extensions></trkpt>
      <trkpt lon="-82.146389" lat="33.556482"><ele>90.385109</ele><time>2022-12-07T13:59:13Z</time><extensions><speed>1.422667</speed><course>244.479007</course><hAcc>2.528978</hAcc><vAcc>1.571537</vAcc></extensions></trkpt>
      <trkpt lon="-82.146402" lat="33.556477"><ele>90.499630</ele><time>2022-12-07T13:59:14Z</time><extensions><speed>1.268629</speed><course>244.194437</course><hAcc>2.545311</hAcc><vAcc>1.544456</vAcc></extensions></trkpt>
      <trkpt lon="-82.146413" lat="33.556472"><ele>90.618677</ele><time>2022-12-07T13:59:15Z</time><extensions><speed>0.951406</speed><course>239.992647</course><hAcc>2.584196</hAcc><vAcc>1.519212</vAcc></extensions></trkpt>
      <trkpt lon="-82.146423" lat="33.556466"><ele>90.702833</ele><time>2022-12-07T13:59:16Z</time><extensions><speed>1.335700</speed><course>233.534457</course><hAcc>2.595220</hAcc><vAcc>1.495603</vAcc></extensions></trkpt>
      <trkpt lon="-82.146434" lat="33.556459"><ele>90.771371</ele><time>2022-12-07T13:59:17Z</time><extensions><speed>1.201175</speed><course>232.430755</course><hAcc>2.595272</hAcc><vAcc>1.473546</vAcc></extensions></trkpt>
      <trkpt lon="-82.146444" lat="33.556453"><ele>90.825471</ele><time>2022-12-07T13:59:18Z</time><extensions><speed>1.114153</speed><course>236.581452</course><hAcc>2.588999</hAcc><vAcc>1.453021</vAcc></extensions></trkpt>
      <trkpt lon="-82.146454" lat="33.556449"><ele>90.889187</ele><time>2022-12-07T13:59:19Z</time><extensions><speed>0.963155</speed><course>246.234042</course><hAcc>2.586864</hAcc><vAcc>1.433973</vAcc></extensions></trkpt>
      <trkpt lon="-82.146464" lat="33.556445"><ele>90.926764</ele><time>2022-12-07T13:59:20Z</time><extensions><speed>1.067196</speed><course>251.365478</course><hAcc>2.593063</hAcc><vAcc>1.416327</vAcc></extensions></trkpt>
      <trkpt lon="-82.146476" lat="33.556442"><ele>90.939001</ele><time>2022-12-07T13:59:21Z</time><extensions><speed>1.136633</speed><course>251.722933</course><hAcc>2.575821</hAcc><vAcc>1.400079</vAcc></extensions></trkpt>
      <trkpt lon="-82.146488" lat="33.556439"><ele>90.964840</ele><time>2022-12-07T13:59:22Z</time><extensions><speed>1.138020</speed><course>247.822188</course><hAcc>2.560642</hAcc><vAcc>1.385298</vAcc></extensions></trkpt>
      <trkpt lon="-82.146499" lat="33.556435"><ele>90.985405</ele><time>2022-12-07T13:59:23Z</time><extensions><speed>1.143023</speed><course>243.358610</course><hAcc>2.560903</hAcc><vAcc>1.382799</vAcc></extensions></trkpt>
      <trkpt lon="-82.146511" lat="33.556430"><ele>90.996235</ele><time>2022-12-07T13:59:24Z</time><extensions><speed>1.154807</speed><course>239.104186</course><hAcc>2.568129</hAcc><vAcc>1.371588</vAcc></extensions></trkpt>
      <trkpt lon="-82.146522" lat="33.556424"><ele>91.012134</ele><time>2022-12-07T13:59:25Z</time><extensions><speed>1.302296</speed><course>232.352757</course><hAcc>2.593913</hAcc><vAcc>1.361891</vAcc></extensions></trkpt>
      <trkpt lon="-82.146533" lat="33.556416"><ele>91.008650</ele><time>2022-12-07T13:59:26Z</time><extensions><speed>1.381779</speed><course>223.715570</course><hAcc>2.639441</hAcc><vAcc>1.353619</vAcc></extensions></trkpt>
      <trkpt lon="-82.146543" lat="33.556407"><ele>91.027115</ele><time>2022-12-07T13:59:27Z</time><extensions><speed>1.402083</speed><course>215.037301</course><hAcc>2.638279</hAcc><vAcc>1.346654</vAcc></extensions></trkpt>
      <trkpt lon="-82.146551" lat="33.556396"><ele>91.039044</ele><time>2022-12-07T13:59:28Z</time><extensions><speed>1.396380</speed><course>209.274294</course><hAcc>2.593874</hAcc><vAcc>1.340851</vAcc></extensions></trkpt>
      <trkpt lon="-82.146559" lat="33.556385"><ele>91.049219</ele><time>2022-12-07T13:59:29Z</time><extensions><speed>1.414290</speed><course>208.392562</course><hAcc>2.567961</hAcc><vAcc>1.336048</vAcc></extensions></trkpt>
      <trkpt lon="-82.146567" lat="33.556374"><ele>91.068102</ele><time>2022-12-07T13:59:30Z</time><extensions><speed>1.277468</speed><course>210.144104</course><hAcc>2.579678</hAcc><vAcc>1.332073</vAcc></extensions></trkpt>
      <trkpt lon="-82.146575" lat="33.556366"><ele>91.104464</ele><time>2022-12-07T13:59:31Z</time><extensions><speed>1.029863</speed><course>221.909353</course><hAcc>2.568267</hAcc><vAcc>1.328746</vAcc></extensions></trkpt>
      <trkpt lon="-82.146584" lat="33.556360"><ele>91.140098</ele><time>2022-12-07T13:59:32Z</time><extensions><speed>1.029559</speed><course>232.858164</course><hAcc>2.545617</hAcc><vAcc>1.325888</vAcc></extensions></trkpt>
      <trkpt lon="-82.146594" lat="33.556354"><ele>91.166014</ele><time>2022-12-07T13:59:33Z</time><extensions><speed>1.017717</speed><course>236.373933</course><hAcc>2.556118</hAcc><vAcc>1.323325</vAcc></extensions></trkpt>
      <trkpt lon="-82.146604" lat="33.556350"><ele>91.189755</ele><time>2022-12-07T13:59:34Z</time><extensions><speed>0.991354</speed><course>235.597540</course><hAcc>2.553146</hAcc><vAcc>1.320934</vAcc></extensions></trkpt>
      <trkpt lon="-82.146614" lat="33.556345"><ele>91.217780</ele><time>2022-12-07T13:59:35Z</time><extensions><speed>1.046081</speed><course>232.957514</course><hAcc>2.529545</hAcc><vAcc>1.318684</vAcc></extensions></trkpt>
      <trkpt lon="-82.146624" lat="33.556339"><ele>91.246058</ele><time>2022-12-07T13:59:36Z</time><extensions><speed>1.122854</speed><course>229.515769</course><hAcc>2.535961</hAcc><vAcc>1.327362</vAcc></extensions></trkpt>
      <trkpt lon="-82.146634" lat="33.556332"><ele>91.290570</ele><time>2022-12-07T13:59:37Z</time><extensions><speed>1.131330</speed><course>225.696707</course><hAcc>2.553609</hAcc><vAcc>1.325894</vAcc></extensions></trkpt>
      <trkpt lon="-82.146644" lat="33.556326"><ele>91.328485</ele><time>2022-12-07T13:59:38Z</time><extensions><speed>1.123539</speed><course>228.998906</course><hAcc>2.557057</hAcc><vAcc>1.324624</vAcc></extensions></trkpt>
      <trkpt lon="-82.146654" lat="33.556320"><ele>91.360737</ele><time>2022-12-07T13:59:39Z</time><extensions><speed>1.147327</speed><course>231.547758</course><hAcc>2.588294</hAcc><vAcc>1.335198</vAcc></extensions></trkpt>
      <trkpt lon="-82.146666" lat="33.556314"><ele>91.390676</ele><time>2022-12-07T13:59:40Z</time><extensions><speed>1.398987</speed><course>234.470960</course><hAcc>2.598831</hAcc><vAcc>1.334645</vAcc></extensions></trkpt>
      <trkpt lon="-82.146680" lat="33.556307"><ele>91.428567</ele><time>2022-12-07T13:59:41Z</time><extensions><speed>1.522643</speed><course>242.790432</course><hAcc>2.582611</hAcc><vAcc>1.334284</vAcc></extensions></trkpt>
      <trkpt lon="-82.146696" lat="33.556303"><ele>91.460269</ele><time>2022-12-07T13:59:42Z</time><extensions><speed>1.598972</speed><course>251.418090</course><hAcc>2.569471</hAcc><vAcc>1.334058</vAcc></extensions></trkpt>
      <trkpt lon="-82.146714" lat="33.556299"><ele>91.470361</ele><time>2022-12-07T13:59:43Z</time><extensions><speed>1.589270</speed><course>258.760817</course><hAcc>2.582337</hAcc><vAcc>1.333893</vAcc></extensions></trkpt>
      <trkpt lon="-82.146731" lat="33.556298"><ele>91.451566</ele><time>2022-12-07T13:59:44Z</time><extensions><speed>1.507039</speed><course>264.102243</course><hAcc>2.602158</hAcc><vAcc>1.333694</vAcc></extensions></trkpt>
      <trkpt lon="-82.146748" lat="33.556298"><ele>91.414553</ele><time>2022-12-07T13:59:45Z</time><extensions><speed>1.467171</speed><course>265.581510</course><hAcc>2.640856</hAcc><vAcc>1.333353</vAcc></extensions></trkpt>
      <trkpt lon="-82.146763" lat="33.556297"><ele>91.379331</ele><time>2022-12-07T13:59:46Z</time><extensions><speed>1.165013</speed><course>263.071137</course><hAcc>2.698246</hAcc><vAcc>1.332744</vAcc></extensions></trkpt>
      <trkpt lon="-82.146775" lat="33.556298"><ele>91.346474</ele><time>2022-12-07T13:59:47Z</time><extensions><speed>0.961401</speed><course>267.486357</course><hAcc>2.703072</hAcc><vAcc>1.331775</vAcc></extensions></trkpt>
      <trkpt lon="-82.146787" lat="33.556299"><ele>91.314370</ele><time>2022-12-07T13:59:48Z</time><extensions><speed>1.114734</speed><course>273.376569</course><hAcc>2.660101</hAcc><vAcc>1.330426</vAcc></extensions></trkpt>
      <trkpt lon="-82.146802" lat="33.556301"><ele>91.266680</ele><time>2022-12-07T13:59:49Z</time><extensions><speed>1.378543</speed><course>277.928088</course><hAcc>2.615282</hAcc><vAcc>1.328707</vAcc></extensions></trkpt>
      <trkpt lon="-82.146818" lat="33.556304"><ele>91.190156</ele><time>2022-12-07T13:59:50Z</time><extensions><speed>1.536489</speed><course>281.113945</course><hAcc>2.593808</hAcc><vAcc>1.326655</vAcc></extensions></trkpt>
      <trkpt lon="-82.146836" lat="33.556307"><ele>91.109353</ele><time>2022-12-07T13:59:51Z</time><extensions><speed>1.612952</speed><course>281.268211</course><hAcc>2.609056</hAcc><vAcc>1.324376</vAcc></extensions></trkpt>
      <trkpt lon="-82.146853" lat="33.556310"><ele>91.032853</ele><time>2022-12-07T13:59:52Z</time><extensions><speed>1.513382</speed><course>275.487255</course><hAcc>2.662316</hAcc><vAcc>1.321996</vAcc></extensions></trkpt>
      <trkpt lon="-82.146870" lat="33.556310"><ele>90.967832</ele><time>2022-12-07T13:59:53Z</time><extensions><speed>1.468977</speed><course>270.834285</course><hAcc>2.665185</hAcc><vAcc>1.319618</vAcc></extensions></trkpt>
      <trkpt lon="-82.146887" lat="33.556311"><ele>90.904988</ele><time>2022-12-07T13:59:54Z</time><extensions><speed>1.485482</speed><course>275.697498</course><hAcc>2.646316</hAcc><vAcc>1.317321</vAcc></extensions></trkpt>
      <trkpt lon="-82.146903" lat="33.556313"><ele>90.829619</ele><time>2022-12-07T13:59:55Z</time><extensions><speed>1.381627</speed><course>281.804669</course><hAcc>2.651427</hAcc><vAcc>1.315163</vAcc></extensions></trkpt>
      <trkpt lon="-82.146917" lat="33.556316"><ele>90.749149</ele><time>2022-12-07T13:59:56Z</time><extensions><speed>1.175347</speed><course>291.126881</course><hAcc>2.613686</hAcc><vAcc>1.313183</vAcc></extensions></trkpt>
      <trkpt lon="-82.146929" lat="33.556319"><ele>90.661746</ele><time>2022-12-07T13:59:57Z</time><extensions><speed>1.085915</speed><course>295.357208</course><hAcc>2.579743</hAcc><vAcc>1.311401</vAcc></extensions></trkpt>
      <trkpt lon="-82.146939" lat="33.556322"><ele>90.551287</ele><time>2022-12-07T13:59:58Z</time><extensions><speed>0.881796</speed><course>290.976266</course><hAcc>2.592604</hAcc><vAcc>1.309828</vAcc></extensions></trkpt>
      <trkpt lon="-82.146947" lat="33.556324"><ele>90.447215</ele><time>2022-12-07T13:59:59Z</time><extensions><speed>0.620726</speed><course>278.514668</course><hAcc>2.631775</hAcc><vAcc>1.308462</vAcc></extensions></trkpt>
      <trkpt lon="-82.146953" lat="33.556323"><ele>90.348087</ele><time>2022-12-07T14:00:00Z</time><extensions><speed>0.631166</speed><course>255.514358</course><hAcc>2.636812</hAcc><vAcc>1.307293</vAcc></extensions></trkpt>
      <trkpt lon="-82.146961" lat="33.556319"><ele>90.266206</ele><time>2022-12-07T14:00:01Z</time><extensions><speed>0.868427</speed><course>236.346268</course><hAcc>2.616699</hAcc><vAcc>1.306309</vAcc></extensions></trkpt>
      <trkpt lon="-82.146968" lat="33.556313"><ele>90.174178</ele><time>2022-12-07T14:00:02Z</time><extensions><speed>1.007318</speed><course>226.501393</course><hAcc>2.622801</hAcc><vAcc>1.305491</vAcc></extensions></trkpt>
      <trkpt lon="-82.146975" lat="33.556306"><ele>90.095329</ele><time>2022-12-07T14:00:03Z</time><extensions><speed>1.101874</speed><course>216.018623</course><hAcc>2.666662</hAcc><vAcc>1.304821</vAcc></extensions></trkpt>
      <trkpt lon="-82.146981" lat="33.556296"><ele>90.031873</ele><time>2022-12-07T14:00:04Z</time><extensions><speed>1.322455</speed><course>204.967662</course><hAcc>2.683261</hAcc><vAcc>1.304279</vAcc></extensions></trkpt>
      <trkpt lon="-82.146985" lat="33.556284"><ele>90.018086</ele><time>2022-12-07T14:00:05Z</time><extensions><speed>1.416559</speed><course>195.113009</course><hAcc>2.655983</hAcc><vAcc>1.278694</vAcc></extensions></trkpt>
      <trkpt lon="-82.146987" lat="33.556270"><ele>90.047213</ele><time>2022-12-07T14:00:06Z</time><extensions><speed>1.427090</speed><course>186.794236</course><hAcc>2.639611</hAcc><vAcc>1.256799</vAcc></extensions></trkpt>
      <trkpt lon="-82.146987" lat="33.556257"><ele>90.086793</ele><time>2022-12-07T14:00:07Z</time><extensions><speed>1.400267</speed><course>180.513323</course><hAcc>2.651100</hAcc><vAcc>1.236525</vAcc></extensions></trkpt>
      <trkpt lon="-82.146986" lat="33.556244"><ele>90.095543</ele><time>2022-12-07T14:00:08Z</time><extensions><speed>1.414875</speed><course>175.743019</course><hAcc>2.645975</hAcc><vAcc>1.229819</vAcc></extensions></trkpt>
      <trkpt lon="-82.146983" lat="33.556231"><ele>90.129427</ele><time>2022-12-07T14:00:09Z</time><extensions><speed>1.457558</speed><course>172.072079</course><hAcc>2.625507</hAcc><vAcc>1.209739</vAcc></extensions></trkpt>
      <trkpt lon="-82.146980" lat="33.556217"><ele>90.160812</ele><time>2022-12-07T14:00:10Z</time><extensions><speed>1.469903</speed><course>166.962687</course><hAcc>2.616763</hAcc><vAcc>1.201034</vAcc></extensions></trkpt>
      <trkpt lon="-82.146975" lat="33.556204"><ele>90.195103</ele><time>2022-12-07T14:00:11Z</time><extensions><speed>1.521621</speed><course>160.563491</course><hAcc>2.610176</hAcc><vAcc>1.192788</vAcc></extensions></trkpt>
      <trkpt lon="-82.146968" lat="33.556191"><ele>90.238692</ele><time>2022-12-07T14:00:12Z</time><extensions><speed>1.436243</speed><course>155.122372</course><hAcc>2.612296</hAcc><vAcc>1.185326</vAcc></extensions></trkpt>
      <trkpt lon="-82.146962" lat="33.556179"><ele>90.294788</ele><time>2022-12-07T14:00:13Z</time><extensions><speed>1.363246</speed><course>154.584158</course><hAcc>2.617752</hAcc><vAcc>1.179051</vAcc></extensions></trkpt>
      <trkpt lon="-82.146956" lat="33.556168"><ele>90.366382</ele><time>2022-12-07T14:00:14Z</time><extensions><speed>1.333423</speed><course>160.183979</course><hAcc>2.579737</hAcc><vAcc>1.174443</vAcc></extensions></trkpt>
      <trkpt lon="-82.146951" lat="33.556156"><ele>90.447095</ele><time>2022-12-07T14:00:15Z</time><extensions><speed>1.315025</speed><course>165.472401</course><hAcc>2.539792</hAcc><vAcc>1.172048</vAcc></extensions></trkpt>
      <trkpt lon="-82.146948" lat="33.556145"><ele>90.518809</ele><time>2022-12-07T14:00:16Z</time><extensions><speed>1.249680</speed><course>169.090716</course><hAcc>2.521457</hAcc><vAcc>1.172351</vAcc></extensions></trkpt>
      <trkpt lon="-82.146945" lat="33.556132"><ele>90.593853</ele><time>2022-12-07T14:00:17Z</time><extensions><speed>1.436628</speed><course>175.270484</course><hAcc>2.523719</hAcc><vAcc>1.175539</vAcc></extensions></trkpt>
      <trkpt lon="-82.146944" lat="33.556120"><ele>90.663706</ele><time>2022-12-07T14:00:18Z</time><extensions><speed>1.316921</speed><course>175.759981</course><hAcc>2.511953</hAcc><vAcc>1.181404</vAcc></extensions></trkpt>
      <trkpt lon="-82.146942" lat="33.556108"><ele>90.727527</ele><time>2022-12-07T14:00:19Z</time><extensions><speed>1.324013</speed><course>175.362539</course><hAcc>2.492623</hAcc><vAcc>1.189478</vAcc></extensions></trkpt>
      <trkpt lon="-82.146941" lat="33.556096"><ele>90.791876</ele><time>2022-12-07T14:00:20Z</time><extensions><speed>1.388121</speed><course>178.440920</course><hAcc>2.495335</hAcc><vAcc>1.199175</vAcc></extensions></trkpt>
      <trkpt lon="-82.146941" lat="33.556084"><ele>90.851238</ele><time>2022-12-07T14:00:21Z</time><extensions><speed>1.366671</speed><course>182.604074</course><hAcc>2.494195</hAcc><vAcc>1.209813</vAcc></extensions></trkpt>
      <trkpt lon="-82.146942" lat="33.556072"><ele>90.922862</ele><time>2022-12-07T14:00:22Z</time><extensions><speed>1.257841</speed><course>187.781047</course><hAcc>2.481493</hAcc><vAcc>1.220752</vAcc></extensions></trkpt>
      <trkpt lon="-82.146943" lat="33.556061"><ele>91.000322</ele><time>2022-12-07T14:00:23Z</time><extensions><speed>1.217570</speed><course>188.905729</course><hAcc>2.462707</hAcc><vAcc>1.231501</vAcc></extensions></trkpt>
      <trkpt lon="-82.146944" lat="33.556050"><ele>91.071183</ele><time>2022-12-07T14:00:24Z</time><extensions><speed>1.181962</speed><course>188.237752</course><hAcc>2.470871</hAcc><vAcc>1.241708</vAcc></extensions></trkpt>
      <trkpt lon="-82.146945" lat="33.556040"><ele>91.153649</ele><time>2022-12-07T14:00:25Z</time><extensions><speed>1.165565</speed><course>184.449386</course><hAcc>2.511123</hAcc><vAcc>1.251139</vAcc></extensions></trkpt>
      <trkpt lon="-82.146945" lat="33.556029"><ele>91.240007</ele><time>2022-12-07T14:00:26Z</time><extensions><speed>1.150003</speed><course>177.954826</course><hAcc>2.535090</hAcc><vAcc>1.259659</vAcc></extensions></trkpt>
      <trkpt lon="-82.146944" lat="33.556019"><ele>91.340291</ele><time>2022-12-07T14:00:27Z</time><extensions><speed>1.090252</speed><course>172.715323</course><hAcc>2.526066</hAcc><vAcc>1.267207</vAcc></extensions></trkpt>
      <trkpt lon="-82.146941" lat="33.556009"><ele>91.447752</ele><time>2022-12-07T14:00:28Z</time><extensions><speed>0.919229</speed><course>169.657665</course><hAcc>2.504504</hAcc><vAcc>1.273780</vAcc></extensions></trkpt>
      <trkpt lon="-82.146939" lat="33.556002"><ele>91.540733</ele><time>2022-12-07T14:00:29Z</time><extensions><speed>0.631590</speed><course>163.300091</course><hAcc>2.500878</hAcc><vAcc>1.279415</vAcc></extensions></trkpt>
      <trkpt lon="-82.146937" lat="33.555996"><ele>91.661574</ele><time>2022-12-07T14:00:30Z</time><extensions><speed>0.674594</speed><course>166.640166</course><hAcc>2.517470</hAcc><vAcc>1.258629</vAcc></extensions></trkpt>
      <trkpt lon="-82.146935" lat="33.555989"><ele>91.751691</ele><time>2022-12-07T14:00:31Z</time><extensions><speed>0.717087</speed><course>167.995558</course><hAcc>2.542667</hAcc><vAcc>1.260802</vAcc></extensions></trkpt>
      <trkpt lon="-82.146933" lat="33.555982"><ele>91.821685</ele><time>2022-12-07T14:00:32Z</time><extensions><speed>0.891332</speed><course>163.400993</course><hAcc>2.558039</hAcc><vAcc>1.242023</vAcc></extensions></trkpt>
      <trkpt lon="-82.146929" lat="33.555973"><ele>91.905714</ele><time>2022-12-07T14:00:33Z</time><extensions><speed>1.071735</speed><course>154.251152</course><hAcc>2.570077</hAcc><vAcc>1.240684</vAcc></extensions></trkpt>
      <trkpt lon="-82.146923" lat="33.555963"><ele>91.978624</ele><time>2022-12-07T14:00:34Z</time><extensions><speed>1.165615</speed><course>151.653711</course><hAcc>2.582745</hAcc><vAcc>1.222170</vAcc></extensions></trkpt>
      <trkpt lon="-82.146917" lat="33.555953"><ele>92.056220</ele><time>2022-12-07T14:00:35Z</time><extensions><speed>1.346401</speed><course>154.501349</course><hAcc>2.568013</hAcc><vAcc>1.203947</vAcc></extensions></trkpt>
      <trkpt lon="-82.146910" lat="33.555939"><ele>92.133886</ele><time>2022-12-07T14:00:36Z</time><extensions><speed>1.818201</speed><course>162.960247</course><hAcc>2.529432</hAcc><vAcc>1.185425</vAcc></extensions></trkpt>
      <trkpt lon="-82.146905" lat="33.555922"><ele>92.204562</ele><time>2022-12-07T14:00:37Z</time><extensions><speed>1.872772</speed><course>167.032223</course><hAcc>2.506693</hAcc><vAcc>1.166336</vAcc></extensions></trkpt>
      <trkpt lon="-82.146901" lat="33.555907"><ele>92.269398</ele><time>2022-12-07T14:00:38Z</time><extensions><speed>1.509851</speed><course>171.269098</course><hAcc>2.514397</hAcc><vAcc>1.146641</vAcc></extensions></trkpt>
      <trkpt lon="-82.146899" lat="33.555894"><ele>92.326944</ele><time>2022-12-07T14:00:39Z</time><extensions><speed>1.235027</speed><course>175.589696</course><hAcc>2.528267</hAcc><vAcc>1.126488</vAcc></extensions></trkpt>
      <trkpt lon="-82.146896" lat="33.555884"><ele>92.399323</ele><time>2022-12-07T14:00:40Z</time><extensions><speed>1.017726</speed><course>164.992333</course><hAcc>2.513429</hAcc><vAcc>1.106195</vAcc></extensions></trkpt>
      <trkpt lon="-82.146893" lat="33.555875"><ele>92.467512</ele><time>2022-12-07T14:00:41Z</time><extensions><speed>1.017803</speed><course>163.861203</course><hAcc>2.490625</hAcc><vAcc>1.086138</vAcc></extensions></trkpt>
      <trkpt lon="-82.146890" lat="33.555866"><ele>92.531693</ele><time>2022-12-07T14:00:42Z</time><extensions><speed>1.068865</speed><course>160.734678</course><hAcc>2.493227</hAcc><vAcc>1.066659</vAcc></extensions></trkpt>
      <trkpt lon="-82.146886" lat="33.555857"><ele>92.582071</ele><time>2022-12-07T14:00:43Z</time><extensions><speed>1.186384</speed><course>160.781698</course><hAcc>2.523040</hAcc><vAcc>1.048077</vAcc></extensions></trkpt>
      <trkpt lon="-82.146882" lat="33.555846"><ele>92.611573</ele><time>2022-12-07T14:00:44Z</time><extensions><speed>1.356549</speed><course>166.413938</course><hAcc>2.544286</hAcc><vAcc>1.030705</vAcc></extensions></trkpt>
      <trkpt lon="-82.146879" lat="33.555833"><ele>92.642389</ele><time>2022-12-07T14:00:45Z</time><extensions><speed>1.559788</speed><course>164.374589</course><hAcc>2.552707</hAcc><vAcc>1.014868</vAcc></extensions></trkpt>
      <trkpt lon="-82.146874" lat="33.555820"><ele>92.664414</ele><time>2022-12-07T14:00:46Z</time><extensions><speed>1.520262</speed><course>162.943873</course><hAcc>2.540683</hAcc><vAcc>1.000824</vAcc></extensions></trkpt>
      <trkpt lon="-82.146870" lat="33.555807"><ele>92.676606</ele><time>2022-12-07T14:00:47Z</time><extensions><speed>1.532893</speed><course>160.233118</course><hAcc>2.535654</hAcc><vAcc>0.988684</vAcc></extensions></trkpt>
      <trkpt lon="-82.146864" lat="33.555794"><ele>92.679735</ele><time>2022-12-07T14:00:48Z</time><extensions><speed>1.479092</speed><course>158.274728</course><hAcc>2.552407</hAcc><vAcc>0.978440</vAcc></extensions></trkpt>
      <trkpt lon="-82.146859" lat="33.555782"><ele>92.692969</ele><time>2022-12-07T14:00:49Z</time><extensions><speed>1.383882</speed><course>156.079938</course><hAcc>2.587358</hAcc><vAcc>0.969992</vAcc></extensions></trkpt>
      <trkpt lon="-82.146854" lat="33.555771"><ele>92.712165</ele><time>2022-12-07T14:00:50Z</time><extensions><speed>1.211372</speed><course>156.654567</course><hAcc>2.612726</hAcc><vAcc>0.963178</vAcc></extensions></trkpt>
      <trkpt lon="-82.146850" lat="33.555761"><ele>92.717414</ele><time>2022-12-07T14:00:51Z</time><extensions><speed>1.157763</speed><course>160.783947</course><hAcc>2.632036</hAcc><vAcc>0.957799</vAcc></extensions></trkpt>
      <trkpt lon="-82.146847" lat="33.555750"><ele>92.721692</ele><time>2022-12-07T14:00:52Z</time><extensions><speed>1.359916</speed><course>169.498517</course><hAcc>2.638293</hAcc><vAcc>0.953643</vAcc></extensions></trkpt>
      <trkpt lon="-82.146846" lat="33.555738"><ele>92.725782</ele><time>2022-12-07T14:00:53Z</time><extensions><speed>1.435769</speed><course>178.321909</course><hAcc>2.644955</hAcc><vAcc>0.950501</vAcc></extensions></trkpt>
      <trkpt lon="-82.146846" lat="33.555725"><ele>92.729295</ele><time>2022-12-07T14:00:54Z</time><extensions><speed>1.373139</speed><course>184.993905</course><hAcc>2.638966</hAcc><vAcc>0.948178</vAcc></extensions></trkpt>
      <trkpt lon="-82.146849" lat="33.555713"><ele>92.727136</ele><time>2022-12-07T14:00:55Z</time><extensions><speed>1.329899</speed><course>192.017822</course><hAcc>2.639129</hAcc><vAcc>0.946500</vAcc></extensions></trkpt>
      <trkpt lon="-82.146853" lat="33.555701"><ele>92.723183</ele><time>2022-12-07T14:00:56Z</time><extensions><speed>1.539158</speed><course>198.776015</course><hAcc>2.624647</hAcc><vAcc>0.945318</vAcc></extensions></trkpt>
      <trkpt lon="-82.146859" lat="33.555688"><ele>92.721015</ele><time>2022-12-07T14:00:57Z</time><extensions><speed>1.627284</speed><course>204.185039</course><hAcc>2.618591</hAcc><vAcc>0.944508</vAcc></extensions></trkpt>
      <trkpt lon="-82.146866" lat="33.555674"><ele>92.718032</ele><time>2022-12-07T14:00:58Z</time><extensions><speed>1.576583</speed><course>205.355566</course><hAcc>2.639872</hAcc><vAcc>0.943970</vAcc></extensions></trkpt>
      <trkpt lon="-82.146872" lat="33.555662"><ele>92.714034</ele><time>2022-12-07T14:00:59Z</time><extensions><speed>1.384987</speed><course>204.088274</course><hAcc>2.642302</hAcc><vAcc>0.943624</vAcc></extensions></trkpt>
      <trkpt lon="-82.146878" lat="33.555651"><ele>92.711409</ele><time>2022-12-07T14:01:00Z</time><extensions><speed>1.203993</speed><course>199.787227</course><hAcc>2.614524</hAcc><vAcc>0.943412</vAcc></extensions></trkpt>
      <trkpt lon="-82.146881" lat="33.555641"><ele>92.711394</ele><time>2022-12-07T14:01:01Z</time><extensions><speed>1.129324</speed><course>193.945447</course><hAcc>2.579390</hAcc><vAcc>0.943287</vAcc></extensions></trkpt>
      <trkpt lon="-82.146884" lat="33.555631"><ele>92.706717</ele><time>2022-12-07T14:01:02Z</time><extensions><speed>1.100006</speed><course>187.426802</course><hAcc>2.571357</hAcc><vAcc>0.943218</vAcc></extensions></trkpt>
      <trkpt lon="-82.146885" lat="33.555621"><ele>92.712846</ele><time>2022-12-07T14:01:03Z</time><extensions><speed>1.117749</speed><course>178.931917</course><hAcc>2.593348</hAcc><vAcc>0.943183</vAcc></extensions></trkpt>
      <trkpt lon="-82.146885" lat="33.555610"><ele>92.702818</ele><time>2022-12-07T14:01:04Z</time><extensions><speed>1.289122</speed><course>175.534591</course><hAcc>2.583103</hAcc><vAcc>0.943165</vAcc></extensions></trkpt>
      <trkpt lon="-82.146883" lat="33.555598"><ele>92.682762</ele><time>2022-12-07T14:01:05Z</time><extensions><speed>1.355662</speed><course>172.231532</course><hAcc>2.579315</hAcc><vAcc>0.943156</vAcc></extensions></trkpt>
      <trkpt lon="-82.146881" lat="33.555586"><ele>92.661543</ele><time>2022-12-07T14:01:06Z</time><extensions><speed>1.368993</speed><course>172.527552</course><hAcc>2.572670</hAcc><vAcc>0.943150</vAcc></extensions></trkpt>
      <trkpt lon="-82.146879" lat="33.555573"><ele>92.632988</ele><time>2022-12-07T14:01:07Z</time><extensions><speed>1.336499</speed><course>170.806600</course><hAcc>2.569969</hAcc><vAcc>0.943143</vAcc></extensions></trkpt>
      <trkpt lon="-82.146877" lat="33.555562"><ele>92.600658</ele><time>2022-12-07T14:01:08Z</time><extensions><speed>1.294063</speed><course>171.309513</course><hAcc>2.544225</hAcc><vAcc>0.943135</vAcc></extensions></trkpt>
      <trkpt lon="-82.146875" lat="33.555550"><ele>92.570888</ele><time>2022-12-07T14:01:09Z</time><extensions><speed>1.268972</speed><course>177.256358</course><hAcc>2.532506</hAcc><vAcc>0.943124</vAcc></extensions></trkpt>
      <trkpt lon="-82.146876" lat="33.555539"><ele>92.540352</ele><time>2022-12-07T14:01:10Z</time><extensions><speed>1.274165</speed><course>190.191580</course><hAcc>2.529641</hAcc><vAcc>0.943112</vAcc></extensions></trkpt>
      <trkpt lon="-82.146880" lat="33.555527"><ele>92.514707</ele><time>2022-12-07T14:01:11Z</time><extensions><speed>1.317843</speed><course>203.549640</course><hAcc>2.526167</hAcc><vAcc>0.943099</vAcc></extensions></trkpt>
      <trkpt lon="-82.146886" lat="33.555517"><ele>92.494839</ele><time>2022-12-07T14:01:12Z</time><extensions><speed>1.338896</speed><course>210.772011</course><hAcc>2.541663</hAcc><vAcc>0.943086</vAcc></extensions></trkpt>
      <trkpt lon="-82.146892" lat="33.555506"><ele>92.478860</ele><time>2022-12-07T14:01:13Z</time><extensions><speed>1.333855</speed><course>210.428649</course><hAcc>2.545967</hAcc><vAcc>0.943073</vAcc></extensions></trkpt>
      <trkpt lon="-82.146898" lat="33.555495"><ele>92.460084</ele><time>2022-12-07T14:01:14Z</time><extensions><speed>1.293945</speed><course>204.140451</course><hAcc>2.555630</hAcc><vAcc>0.943060</vAcc></extensions></trkpt>
      <trkpt lon="-82.146902" lat="33.555485"><ele>92.445106</ele><time>2022-12-07T14:01:15Z</time><extensions><speed>1.231570</speed><course>195.775373</course><hAcc>2.583751</hAcc><vAcc>0.943049</vAcc></extensions></trkpt>
      <trkpt lon="-82.146903" lat="33.555475"><ele>92.442594</ele><time>2022-12-07T14:01:16Z</time><extensions><speed>0.986367</speed><course>188.193394</course><hAcc>2.566640</hAcc><vAcc>0.943039</vAcc></extensions></trkpt>
      <trkpt lon="-82.146903" lat="33.555466"><ele>92.453880</ele><time>2022-12-07T14:01:17Z</time><extensions><speed>0.920727</speed><course>182.018977</course><hAcc>2.525525</hAcc><vAcc>0.943030</vAcc></extensions></trkpt>
      <trkpt lon="-82.146902" lat="33.555458"><ele>92.467924</ele><time>2022-12-07T14:01:18Z</time><extensions><speed>0.880373</speed><course>180.313680</course><hAcc>2.504958</hAcc><vAcc>0.936500</vAcc></extensions></trkpt>
      <trkpt lon="-82.146902" lat="33.555450"><ele>92.486584</ele><time>2022-12-07T14:01:19Z</time><extensions><speed>0.827274</speed><course>182.585823</course><hAcc>2.525133</hAcc><vAcc>0.929880</vAcc></extensions></trkpt>
      <trkpt lon="-82.146901" lat="33.555443"><ele>92.506044</ele><time>2022-12-07T14:01:20Z</time><extensions><speed>0.730534</speed><course>182.801350</course><hAcc>2.533842</hAcc><vAcc>0.926970</vAcc></extensions></trkpt>
      <trkpt lon="-82.146900" lat="33.555437"><ele>92.532012</ele><time>2022-12-07T14:01:21Z</time><extensions><speed>0.763192</speed><course>175.429937</course><hAcc>2.534476</hAcc><vAcc>0.923800</vAcc></extensions></trkpt>
      <trkpt lon="-82.146898" lat="33.555430"><ele>92.569711</ele><time>2022-12-07T14:01:22Z</time><extensions><speed>0.779152</speed><course>168.183719</course><hAcc>2.532428</hAcc><vAcc>0.920423</vAcc></extensions></trkpt>
      <trkpt lon="-82.146895" lat="33.555423"><ele>92.611389</ele><time>2022-12-07T14:01:23Z</time><extensions><speed>0.922485</speed><course>163.101142</course><hAcc>2.519589</hAcc><vAcc>0.916929</vAcc></extensions></trkpt>
      <trkpt lon="-82.146891" lat="33.555413"><ele>92.651226</ele><time>2022-12-07T14:01:24Z</time><extensions><speed>1.227793</speed><course>160.114003</course><hAcc>2.496010</hAcc><vAcc>0.913456</vAcc></extensions></trkpt>
      <trkpt lon="-82.146885" lat="33.555403"><ele>92.691624</ele><time>2022-12-07T14:01:25Z</time><extensions><speed>1.338889</speed><course>157.925782</course><hAcc>2.512845</hAcc><vAcc>0.910203</vAcc></extensions></trkpt>
      <trkpt lon="-82.146879" lat="33.555391"><ele>92.742692</ele><time>2022-12-07T14:01:26Z</time><extensions><speed>1.320038</speed><course>159.830141</course><hAcc>2.559892</hAcc><vAcc>0.907433</vAcc></extensions></trkpt>
      <trkpt lon="-82.146874" lat="33.555380"><ele>92.795110</ele><time>2022-12-07T14:01:27Z</time><extensions><speed>1.200410</speed><course>161.216922</course><hAcc>2.555884</hAcc><vAcc>0.905475</vAcc></extensions></trkpt>
      <trkpt lon="-82.146870" lat="33.555370"><ele>92.850443</ele><time>2022-12-07T14:01:28Z</time><extensions><speed>1.116943</speed><course>168.217131</course><hAcc>2.559560</hAcc><vAcc>0.904713</vAcc></extensions></trkpt>
      <trkpt lon="-82.146867" lat="33.555359"><ele>92.908530</ele><time>2022-12-07T14:01:29Z</time><extensions><speed>1.124363</speed><course>171.400045</course><hAcc>2.579296</hAcc><vAcc>0.905433</vAcc></extensions></trkpt>
      <trkpt lon="-82.146865" lat="33.555349"><ele>92.966813</ele><time>2022-12-07T14:01:30Z</time><extensions><speed>1.105263</speed><course>166.439381</course><hAcc>2.571275</hAcc><vAcc>0.907580</vAcc></extensions></trkpt>
      <trkpt lon="-82.146861" lat="33.555339"><ele>93.032453</ele><time>2022-12-07T14:01:31Z</time><extensions><speed>1.104283</speed><course>161.100425</course><hAcc>2.570148</hAcc><vAcc>0.910764</vAcc></extensions></trkpt>
      <trkpt lon="-82.146857" lat="33.555328"><ele>93.107693</ele><time>2022-12-07T14:01:32Z</time><extensions><speed>1.199346</speed><course>164.033507</course><hAcc>2.602698</hAcc><vAcc>0.914537</vAcc></extensions></trkpt>
      <trkpt lon="-82.146854" lat="33.555316"><ele>93.183535</ele><time>2022-12-07T14:01:33Z</time><extensions><speed>1.325115</speed><course>172.449908</course><hAcc>2.653470</hAcc><vAcc>0.918530</vAcc></extensions></trkpt>
      <trkpt lon="-82.146852" lat="33.555304"><ele>93.267014</ele><time>2022-12-07T14:01:34Z</time><extensions><speed>1.390429</speed><course>171.983962</course><hAcc>2.634000</hAcc><vAcc>0.922465</vAcc></extensions></trkpt>
      <trkpt lon="-82.146849" lat="33.555290"><ele>93.354719</ele><time>2022-12-07T14:01:35Z</time><extensions><speed>1.460542</speed><course>171.261309</course><hAcc>2.600778</hAcc><vAcc>0.926150</vAcc></extensions></trkpt>
      <trkpt lon="-82.146846" lat="33.555277"><ele>93.433384</ele><time>2022-12-07T14:01:36Z</time><extensions><speed>1.514538</speed><course>170.285985</course><hAcc>2.580956</hAcc><vAcc>0.929466</vAcc></extensions></trkpt>
      <trkpt lon="-82.146843" lat="33.555262"><ele>93.522187</ele><time>2022-12-07T14:01:37Z</time><extensions><speed>1.644200</speed><course>171.347932</course><hAcc>2.578550</hAcc><vAcc>0.932354</vAcc></extensions></trkpt>
      <trkpt lon="-82.146841" lat="33.555247"><ele>93.600495</ele><time>2022-12-07T14:01:38Z</time><extensions><speed>1.512463</speed><course>172.515146</course><hAcc>2.605189</hAcc><vAcc>0.934798</vAcc></extensions></trkpt>
      <trkpt lon="-82.146839" lat="33.555234"><ele>93.683436</ele><time>2022-12-07T14:01:39Z</time><extensions><speed>1.284757</speed><course>175.686750</course><hAcc>2.622973</hAcc><vAcc>0.936813</vAcc></extensions></trkpt>
      <trkpt lon="-82.146838" lat="33.555224"><ele>93.764723</ele><time>2022-12-07T14:01:40Z</time><extensions><speed>0.733748</speed><course>178.425620</course><hAcc>2.612950</hAcc><vAcc>0.938435</vAcc></extensions></trkpt>
      <trkpt lon="-82.146839" lat="33.555216"><ele>93.839210</ele><time>2022-12-07T14:01:41Z</time><extensions><speed>0.901099</speed><course>188.069142</course><hAcc>2.588383</hAcc><vAcc>0.939710</vAcc></extensions></trkpt>
      <trkpt lon="-82.146841" lat="33.555206"><ele>93.908365</ele><time>2022-12-07T14:01:42Z</time><extensions><speed>0.973931</speed><course>194.986405</course><hAcc>2.545536</hAcc><vAcc>0.940689</vAcc></extensions></trkpt>
      <trkpt lon="-82.146844" lat="33.555196"><ele>93.979006</ele><time>2022-12-07T14:01:43Z</time><extensions><speed>1.072723</speed><course>199.166960</course><hAcc>2.527872</hAcc><vAcc>0.941422</vAcc></extensions></trkpt>
      <trkpt lon="-82.146849" lat="33.555186"><ele>94.046995</ele><time>2022-12-07T14:01:44Z</time><extensions><speed>1.158500</speed><course>203.626456</course><hAcc>2.548597</hAcc><vAcc>0.947740</vAcc></extensions></trkpt>
      <trkpt lon="-82.146854" lat="33.555175"><ele>94.109297</ele><time>2022-12-07T14:01:45Z</time><extensions><speed>1.175432</speed><course>204.665841</course><hAcc>2.554238</hAcc><vAcc>0.956014</vAcc></extensions></trkpt>
      <trkpt lon="-82.146859" lat="33.555164"><ele>94.166702</ele><time>2022-12-07T14:01:46Z</time><extensions><speed>1.159876</speed><course>199.119604</course><hAcc>2.548978</hAcc><vAcc>0.966493</vAcc></extensions></trkpt>
      <trkpt lon="-82.146862" lat="33.555154"><ele>94.216423</ele><time>2022-12-07T14:01:47Z</time><extensions><speed>1.094917</speed><course>193.557020</course><hAcc>2.544601</hAcc><vAcc>0.979325</vAcc></extensions></trkpt>
      <trkpt lon="-82.146865" lat="33.555142"><ele>94.262850</ele><time>2022-12-07T14:01:48Z</time><extensions><speed>1.228005</speed><course>191.306143</course><hAcc>2.538618</hAcc><vAcc>0.994555</vAcc></extensions></trkpt>
      <trkpt lon="-82.146868" lat="33.555130"><ele>94.305042</ele><time>2022-12-07T14:01:49Z</time><extensions><speed>1.480305</speed><course>192.902373</course><hAcc>2.520151</hAcc><vAcc>1.012114</vAcc></extensions></trkpt>
      <trkpt lon="-82.146873" lat="33.555115"><ele>94.347497</ele><time>2022-12-07T14:01:50Z</time><extensions><speed>1.550363</speed><course>196.045293</course><hAcc>2.533109</hAcc><vAcc>1.031820</vAcc></extensions></trkpt>
      <trkpt lon="-82.146878" lat="33.555101"><ele>94.399065</ele><time>2022-12-07T14:01:51Z</time><extensions><speed>1.515759</speed><course>198.403707</course><hAcc>2.579445</hAcc><vAcc>1.053364</vAcc></extensions></trkpt>
      <trkpt lon="-82.146883" lat="33.555087"><ele>94.446497</ele><time>2022-12-07T14:01:52Z</time><extensions><speed>1.534957</speed><course>198.723407</course><hAcc>2.581125</hAcc><vAcc>1.076309</vAcc></extensions></trkpt>
      <trkpt lon="-82.146888" lat="33.555073"><ele>94.504917</ele><time>2022-12-07T14:01:53Z</time><extensions><speed>1.653289</speed><course>197.532489</course><hAcc>2.554988</hAcc><vAcc>1.100075</vAcc></extensions></trkpt>
      <trkpt lon="-82.146894" lat="33.555058"><ele>94.608459</ele><time>2022-12-07T14:01:54Z</time><extensions><speed>1.678726</speed><course>197.139974</course><hAcc>2.543973</hAcc><vAcc>1.102313</vAcc></extensions></trkpt>
      <trkpt lon="-82.146899" lat="33.555042"><ele>94.682111</ele><time>2022-12-07T14:01:55Z</time><extensions><speed>1.711138</speed><course>194.609074</course><hAcc>2.534122</hAcc><vAcc>1.105358</vAcc></extensions></trkpt>
      <trkpt lon="-82.146904" lat="33.555027"><ele>94.767614</ele><time>2022-12-07T14:01:56Z</time><extensions><speed>1.683080</speed><course>192.366669</course><hAcc>2.541888</hAcc><vAcc>1.107644</vAcc></extensions></trkpt>
      <trkpt lon="-82.146908" lat="33.555012"><ele>94.857273</ele><time>2022-12-07T14:01:57Z</time><extensions><speed>1.492523</speed><course>192.869146</course><hAcc>2.574651</hAcc><vAcc>1.108212</vAcc></extensions></trkpt>
      <trkpt lon="-82.146913" lat="33.554999"><ele>94.928361</ele><time>2022-12-07T14:01:58Z</time><extensions><speed>1.342226</speed><course>198.345997</course><hAcc>2.568906</hAcc><vAcc>1.106477</vAcc></extensions></trkpt>
      <trkpt lon="-82.146919" lat="33.554988"><ele>95.004977</ele><time>2022-12-07T14:01:59Z</time><extensions><speed>1.380725</speed><course>206.741688</course><hAcc>2.536067</hAcc><vAcc>1.102125</vAcc></extensions></trkpt>
      <trkpt lon="-82.146926" lat="33.554976"><ele>95.079674</ele><time>2022-12-07T14:02:00Z</time><extensions><speed>1.458419</speed><course>210.843972</course><hAcc>2.526863</hAcc><vAcc>1.095065</vAcc></extensions></trkpt>
      <trkpt lon="-82.146935" lat="33.554965"><ele>95.161107</ele><time>2022-12-07T14:02:01Z</time><extensions><speed>1.425487</speed><course>211.019613</course><hAcc>2.522424</hAcc><vAcc>1.085417</vAcc></extensions></trkpt>
      <trkpt lon="-82.146943" lat="33.554953"><ele>95.248027</ele><time>2022-12-07T14:02:02Z</time><extensions><speed>1.364930</speed><course>206.666095</course><hAcc>2.491566</hAcc><vAcc>1.073503</vAcc></extensions></trkpt>
      <trkpt lon="-82.146950" lat="33.554943"><ele>95.342965</ele><time>2022-12-07T14:02:03Z</time><extensions><speed>1.193374</speed><course>209.611973</course><hAcc>2.456992</hAcc><vAcc>1.059850</vAcc></extensions></trkpt>
      <trkpt lon="-82.146957" lat="33.554934"><ele>95.436255</ele><time>2022-12-07T14:02:04Z</time><extensions><speed>1.000023</speed><course>221.117836</course><hAcc>2.462475</hAcc><vAcc>1.045189</vAcc></extensions></trkpt>
      <trkpt lon="-82.146966" lat="33.554928"><ele>95.531555</ele><time>2022-12-07T14:02:05Z</time><extensions><speed>1.086432</speed><course>241.804191</course><hAcc>2.477933</hAcc><vAcc>1.030349</vAcc></extensions></trkpt>
      <trkpt lon="-82.146978" lat="33.554923"><ele>95.624744</ele><time>2022-12-07T14:02:06Z</time><extensions><speed>1.116284</speed><course>245.984345</course><hAcc>2.488355</hAcc><vAcc>1.016050</vAcc></extensions></trkpt>
      <trkpt lon="-82.146989" lat="33.554917"><ele>95.721470</ele><time>2022-12-07T14:02:07Z</time><extensions><speed>1.235607</speed><course>229.778190</course><hAcc>2.442312</hAcc><vAcc>1.002811</vAcc></extensions></trkpt>
      <trkpt lon="-82.146999" lat="33.554908"><ele>95.807522</ele><time>2022-12-07T14:02:08Z</time><extensions><speed>1.312294</speed><course>218.151804</course><hAcc>2.415827</hAcc><vAcc>0.990963</vAcc></extensions></trkpt>
      <trkpt lon="-82.147007" lat="33.554898"><ele>95.892692</ele><time>2022-12-07T14:02:09Z</time><extensions><speed>1.314988</speed><course>211.037816</course><hAcc>2.438661</hAcc><vAcc>0.980676</vAcc></extensions></trkpt>
      <trkpt lon="-82.147014" lat="33.554887"><ele>95.962887</ele><time>2022-12-07T14:02:10Z</time><extensions><speed>1.286736</speed><course>205.369228</course><hAcc>2.464510</hAcc><vAcc>0.971986</vAcc></extensions></trkpt>
      <trkpt lon="-82.147020" lat="33.554876"><ele>96.035860</ele><time>2022-12-07T14:02:11Z</time><extensions><speed>1.278764</speed><course>202.996646</course><hAcc>2.477424</hAcc><vAcc>0.964831</vAcc></extensions></trkpt>
      <trkpt lon="-82.147027" lat="33.554866"><ele>96.092393</ele><time>2022-12-07T14:02:12Z</time><extensions><speed>1.309595</speed><course>206.667518</course><hAcc>2.472208</hAcc><vAcc>0.959085</vAcc></extensions></trkpt>
      <trkpt lon="-82.147034" lat="33.554855"><ele>96.145545</ele><time>2022-12-07T14:02:13Z</time><extensions><speed>1.352339</speed><course>213.619016</course><hAcc>2.442459</hAcc><vAcc>0.954578</vAcc></extensions></trkpt>
      <trkpt lon="-82.147043" lat="33.554844"><ele>96.199267</ele><time>2022-12-07T14:02:14Z</time><extensions><speed>1.298878</speed><course>216.372795</course><hAcc>2.443218</hAcc><vAcc>0.951129</vAcc></extensions></trkpt>
      <trkpt lon="-82.147051" lat="33.554835"><ele>96.242896</ele><time>2022-12-07T14:02:15Z</time><extensions><speed>1.164752</speed><course>214.234864</course><hAcc>2.477850</hAcc><vAcc>0.948553</vAcc></extensions></trkpt>
      <trkpt lon="-82.147058" lat="33.554827"><ele>96.280490</ele><time>2022-12-07T14:02:16Z</time><extensions><speed>0.943051</speed><course>208.325289</course><hAcc>2.497407</hAcc><vAcc>0.946679</vAcc></extensions></trkpt>
      <trkpt lon="-82.147062" lat="33.554819"><ele>96.311631</ele><time>2022-12-07T14:02:17Z</time><extensions><speed>0.957411</speed><course>202.253209</course><hAcc>2.501780</hAcc><vAcc>0.945353</vAcc></extensions></trkpt>
      <trkpt lon="-82.147066" lat="33.554810"><ele>96.342373</ele><time>2022-12-07T14:02:18Z</time><extensions><speed>0.925218</speed><course>200.473380</course><hAcc>2.501908</hAcc><vAcc>0.944445</vAcc></extensions></trkpt>
      <trkpt lon="-82.147070" lat="33.554802"><ele>96.364698</ele><time>2022-12-07T14:02:19Z</time><extensions><speed>1.089381</speed><course>201.499783</course><hAcc>2.498833</hAcc><vAcc>0.943847</vAcc></extensions></trkpt>
      <trkpt lon="-82.147075" lat="33.554791"><ele>96.381077</ele><time>2022-12-07T14:02:20Z</time><extensions><speed>1.280854</speed><course>198.987550</course><hAcc>2.507593</hAcc><vAcc>0.943470</vAcc></extensions></trkpt>
      <trkpt lon="-82.147079" lat="33.554780"><ele>96.391257</ele><time>2022-12-07T14:02:21Z</time><extensions><speed>1.320277</speed><course>197.491098</course><hAcc>2.499613</hAcc><vAcc>0.943247</vAcc></extensions></trkpt>
      <trkpt lon="-82.147083" lat="33.554769"><ele>96.415264</ele><time>2022-12-07T14:02:22Z</time><extensions><speed>1.244195</speed><course>198.914483</course><hAcc>2.507049</hAcc><vAcc>0.943127</vAcc></extensions></trkpt>
      <trkpt lon="-82.147088" lat="33.554758"><ele>96.436592</ele><time>2022-12-07T14:02:23Z</time><extensions><speed>1.138653</speed><course>202.238029</course><hAcc>2.544488</hAcc><vAcc>0.943071</vAcc></extensions></trkpt>
      <trkpt lon="-82.147093" lat="33.554750"><ele>96.463736</ele><time>2022-12-07T14:02:24Z</time><extensions><speed>0.952050</speed><course>208.064672</course><hAcc>2.590809</hAcc><vAcc>0.943054</vAcc></extensions></trkpt>
      <trkpt lon="-82.147099" lat="33.554741"><ele>96.502591</ele><time>2022-12-07T14:02:25Z</time><extensions><speed>1.169275</speed><course>213.583785</course><hAcc>2.597287</hAcc><vAcc>0.943057</vAcc></extensions></trkpt>
      <trkpt lon="-82.147107" lat="33.554732"><ele>96.559225</ele><time>2022-12-07T14:02:26Z</time><extensions><speed>1.255031</speed><course>217.608269</course><hAcc>2.579654</hAcc><vAcc>0.943068</vAcc></extensions></trkpt>
      <trkpt lon="-82.147116" lat="33.554722"><ele>96.612297</ele><time>2022-12-07T14:02:27Z</time><extensions><speed>1.353520</speed><course>213.153026</course><hAcc>2.560085</hAcc><vAcc>0.943081</vAcc></extensions></trkpt>
      <trkpt lon="-82.147123" lat="33.554710"><ele>96.655978</ele><time>2022-12-07T14:02:28Z</time><extensions><speed>1.465733</speed><course>205.670289</course><hAcc>2.560256</hAcc><vAcc>0.943090</vAcc></extensions></trkpt>
      <trkpt lon="-82.147130" lat="33.554698"><ele>96.709203</ele><time>2022-12-07T14:02:29Z</time><extensions><speed>1.416286</speed><course>201.522066</course><hAcc>2.573046</hAcc><vAcc>0.943096</vAcc></extensions></trkpt>
      <trkpt lon="-82.147136" lat="33.554687"><ele>96.758040</ele><time>2022-12-07T14:02:30Z</time><extensions><speed>1.184027</speed><course>203.743077</course><hAcc>2.591024</hAcc><vAcc>0.943097</vAcc></extensions></trkpt>
      <trkpt lon="-82.147143" lat="33.554678"><ele>96.817093</ele><time>2022-12-07T14:02:31Z</time><extensions><speed>1.231702</speed><course>216.142267</course><hAcc>2.563641</hAcc><vAcc>0.943094</vAcc></extensions></trkpt>
      <trkpt lon="-82.147153" lat="33.554669"><ele>96.873858</ele><time>2022-12-07T14:02:32Z</time><extensions><speed>1.381766</speed><course>225.102055</course><hAcc>2.549616</hAcc><vAcc>0.943087</vAcc></extensions></trkpt>
      <trkpt lon="-82.147165" lat="33.554661"><ele>96.927924</ele><time>2022-12-07T14:02:33Z</time><extensions><speed>1.441390</speed><course>229.931375</course><hAcc>2.551184</hAcc><vAcc>0.943079</vAcc></extensions></trkpt>
      <trkpt lon="-82.147178" lat="33.554653"><ele>96.974924</ele><time>2022-12-07T14:02:34Z</time><extensions><speed>1.442984</speed><course>231.397799</course><hAcc>2.560233</hAcc><vAcc>0.943069</vAcc></extensions></trkpt>
      <trkpt lon="-82.147192" lat="33.554645"><ele>97.014273</ele><time>2022-12-07T14:02:35Z</time><extensions><speed>1.445957</speed><course>236.757531</course><hAcc>2.551022</hAcc><vAcc>0.943059</vAcc></extensions></trkpt>
      <trkpt lon="-82.147206" lat="33.554639"><ele>97.047850</ele><time>2022-12-07T14:02:36Z</time><extensions><speed>1.274661</speed><course>241.678574</course><hAcc>2.541053</hAcc><vAcc>0.943049</vAcc></extensions></trkpt>
      <trkpt lon="-82.147219" lat="33.554634"><ele>97.081073</ele><time>2022-12-07T14:02:37Z</time><extensions><speed>1.294449</speed><course>247.998359</course><hAcc>2.525949</hAcc><vAcc>0.943040</vAcc></extensions></trkpt>
      <trkpt lon="-82.147233" lat="33.554630"><ele>97.106971</ele><time>2022-12-07T14:02:38Z</time><extensions><speed>1.281175</speed><course>251.085861</course><hAcc>2.540916</hAcc><vAcc>0.943031</vAcc></extensions></trkpt>
      <trkpt lon="-82.147248" lat="33.554627"><ele>97.139498</ele><time>2022-12-07T14:02:39Z</time><extensions><speed>1.401029</speed><course>254.947756</course><hAcc>2.543498</hAcc><vAcc>0.943024</vAcc></extensions></trkpt>
      <trkpt lon="-82.147266" lat="33.554624"><ele>97.162880</ele><time>2022-12-07T14:02:40Z</time><extensions><speed>1.774392</speed><course>262.472348</course><hAcc>2.524817</hAcc><vAcc>0.943017</vAcc></extensions></trkpt>
      <trkpt lon="-82.147286" lat="33.554622"><ele>97.179969</ele><time>2022-12-07T14:02:41Z</time><extensions><speed>1.806180</speed><course>265.118275</course><hAcc>2.514475</hAcc><vAcc>0.943012</vAcc></extensions></trkpt>
      <trkpt lon="-82.147304" lat="33.554620"><ele>97.187518</ele><time>2022-12-07T14:02:42Z</time><extensions><speed>1.451574</speed><course>264.960506</course><hAcc>2.521413</hAcc><vAcc>0.943008</vAcc></extensions></trkpt>
      <trkpt lon="-82.147320" lat="33.554618"><ele>97.203081</ele><time>2022-12-07T14:02:43Z</time><extensions><speed>1.359774</speed><course>258.508474</course><hAcc>2.529055</hAcc><vAcc>0.943005</vAcc></extensions></trkpt>
      <trkpt lon="-82.147336" lat="33.554614"><ele>97.212336</ele><time>2022-12-07T14:02:44Z</time><extensions><speed>1.483459</speed><course>251.886888</course><hAcc>2.538167</hAcc><vAcc>0.943002</vAcc></extensions></trkpt>
      <trkpt lon="-82.147352" lat="33.554609"><ele>97.218601</ele><time>2022-12-07T14:02:45Z</time><extensions><speed>1.458083</speed><course>246.864534</course><hAcc>2.553611</hAcc><vAcc>0.943000</vAcc></extensions></trkpt>
      <trkpt lon="-82.147367" lat="33.554604"><ele>97.217287</ele><time>2022-12-07T14:02:46Z</time><extensions><speed>1.452734</speed><course>250.092382</course><hAcc>2.523274</hAcc><vAcc>0.936476</vAcc></extensions></trkpt>
      <trkpt lon="-82.147382" lat="33.554600"><ele>97.195890</ele><time>2022-12-07T14:02:47Z</time><extensions><speed>1.287603</speed><course>254.105033</course><hAcc>2.505342</hAcc><vAcc>0.929861</vAcc></extensions></trkpt>
      <trkpt lon="-82.147396" lat="33.554596"><ele>97.177410</ele><time>2022-12-07T14:02:48Z</time><extensions><speed>1.159449</speed><course>257.627578</course><hAcc>2.511437</hAcc><vAcc>0.922710</vAcc></extensions></trkpt>
      <trkpt lon="-82.147410" lat="33.554594"><ele>97.161192</ele><time>2022-12-07T14:02:49Z</time><extensions><speed>1.481575</speed><course>258.321824</course><hAcc>2.511004</hAcc><vAcc>0.918210</vAcc></extensions></trkpt>
      <trkpt lon="-82.147426" lat="33.554590"><ele>97.143153</ele><time>2022-12-07T14:02:50Z</time><extensions><speed>1.473174</speed><course>256.139620</course><hAcc>2.522330</hAcc><vAcc>0.913336</vAcc></extensions></trkpt>
      <trkpt lon="-82.147442" lat="33.554586"><ele>97.118996</ele><time>2022-12-07T14:02:51Z</time><extensions><speed>1.484687</speed><course>249.847535</course><hAcc>2.504848</hAcc><vAcc>0.908207</vAcc></extensions></trkpt>
      <trkpt lon="-82.147458" lat="33.554580"><ele>97.095980</ele><time>2022-12-07T14:02:52Z</time><extensions><speed>1.462436</speed><course>241.983554</course><hAcc>2.478396</hAcc><vAcc>0.899120</vAcc></extensions></trkpt>
      <trkpt lon="-82.147472" lat="33.554573"><ele>97.064821</ele><time>2022-12-07T14:02:53Z</time><extensions><speed>1.583293</speed><course>237.175219</course><hAcc>2.492650</hAcc><vAcc>0.889368</vAcc></extensions></trkpt>
      <trkpt lon="-82.147488" lat="33.554566"><ele>97.022111</ele><time>2022-12-07T14:02:54Z</time><extensions><speed>1.538225</speed><course>238.854580</course><hAcc>2.544236</hAcc><vAcc>0.879070</vAcc></extensions></trkpt>
      <trkpt lon="-82.147502" lat="33.554558"><ele>96.970935</ele><time>2022-12-07T14:02:55Z</time><extensions><speed>1.526096</speed><course>232.217135</course><hAcc>2.552221</hAcc><vAcc>0.868476</vAcc></extensions></trkpt>
      <trkpt lon="-82.147516" lat="33.554549"><ele>96.924462</ele><time>2022-12-07T14:02:56Z</time><extensions><speed>1.542012</speed><course>235.218889</course><hAcc>2.526064</hAcc><vAcc>0.857965</vAcc></extensions></trkpt>
      <trkpt lon="-82.147530" lat="33.554541"><ele>96.870785</ele><time>2022-12-07T14:02:57Z</time><extensions><speed>1.458369</speed><course>237.581506</course><hAcc>2.515493</hAcc><vAcc>0.847919</vAcc></extensions></trkpt>
      <trkpt lon="-82.147543" lat="33.554534"><ele>96.817343</ele><time>2022-12-07T14:02:58Z</time><extensions><speed>1.206710</speed><course>238.242253</course><hAcc>2.526331</hAcc><vAcc>0.838494</vAcc></extensions></trkpt>
      <trkpt lon="-82.147555" lat="33.554529"><ele>96.753478</ele><time>2022-12-07T14:02:59Z</time><extensions><speed>1.132093</speed><course>243.501929</course><hAcc>2.568101</hAcc><vAcc>0.829529</vAcc></extensions></trkpt>
      <trkpt lon="-82.147567" lat="33.554524"><ele>96.688280</ele><time>2022-12-07T14:03:00Z</time><extensions><speed>1.323939</speed><course>246.904915</course><hAcc>2.604575</hAcc><vAcc>0.820711</vAcc></extensions></trkpt>
      <trkpt lon="-82.147582" lat="33.554519"><ele>96.621326</ele><time>2022-12-07T14:03:01Z</time><extensions><speed>1.496713</speed><course>250.588758</course><hAcc>2.600631</hAcc><vAcc>0.811864</vAcc></extensions></trkpt>
      <trkpt lon="-82.147599" lat="33.554514"><ele>96.557010</ele><time>2022-12-07T14:03:02Z</time><extensions><speed>1.610305</speed><course>252.380560</course><hAcc>2.584538</hAcc><vAcc>0.803111</vAcc></extensions></trkpt>
      <trkpt lon="-82.147617" lat="33.554509"><ele>96.488568</ele><time>2022-12-07T14:03:03Z</time><extensions><speed>1.665922</speed><course>252.798060</course><hAcc>2.586513</hAcc><vAcc>0.794778</vAcc></extensions></trkpt>
      <trkpt lon="-82.147635" lat="33.554504"><ele>96.423805</ele><time>2022-12-07T14:03:04Z</time><extensions><speed>1.736971</speed><course>250.663079</course><hAcc>2.595425</hAcc><vAcc>0.787182</vAcc></extensions></trkpt>
      <trkpt lon="-82.147653" lat="33.554498"><ele>96.361669</ele><time>2022-12-07T14:03:05Z</time><extensions><speed>1.720599</speed><course>248.010631</course><hAcc>2.594912</hAcc><vAcc>0.780517</vAcc></extensions></trkpt>
      <trkpt lon="-82.147670" lat="33.554491"><ele>96.302630</ele><time>2022-12-07T14:03:06Z</time><extensions><speed>1.617510</speed><course>245.038023</course><hAcc>2.582424</hAcc><vAcc>0.774869</vAcc></extensions></trkpt>
      <trkpt lon="-82.147686" lat="33.554485"><ele>96.250481</ele><time>2022-12-07T14:03:07Z</time><extensions><speed>1.573532</speed><course>245.937580</course><hAcc>2.572341</hAcc><vAcc>0.770234</vAcc></extensions></trkpt>
      <trkpt lon="-82.147702" lat="33.554479"><ele>96.203297</ele><time>2022-12-07T14:03:08Z</time><extensions><speed>1.513375</speed><course>249.008708</course><hAcc>2.574591</hAcc><vAcc>0.766541</vAcc></extensions></trkpt>
      <trkpt lon="-82.147718" lat="33.554474"><ele>96.161714</ele><time>2022-12-07T14:03:09Z</time><extensions><speed>1.458874</speed><course>255.267844</course><hAcc>2.571010</hAcc><vAcc>0.763685</vAcc></extensions></trkpt>
      <trkpt lon="-82.147733" lat="33.554471"><ele>96.120462</ele><time>2022-12-07T14:03:10Z</time><extensions><speed>1.378263</speed><course>261.292040</course><hAcc>2.566982</hAcc><vAcc>0.761537</vAcc></extensions></trkpt>
      <trkpt lon="-82.147748" lat="33.554469"><ele>96.082946</ele><time>2022-12-07T14:03:11Z</time><extensions><speed>1.294246</speed><course>268.467979</course><hAcc>2.568765</hAcc><vAcc>0.759969</vAcc></extensions></trkpt>
      <trkpt lon="-82.147762" lat="33.554469"><ele>96.059065</ele><time>2022-12-07T14:03:12Z</time><extensions><speed>1.269375</speed><course>267.477624</course><hAcc>2.538160</hAcc><vAcc>0.758857</vAcc></extensions></trkpt>
      <trkpt lon="-82.147775" lat="33.554468"><ele>96.046441</ele><time>2022-12-07T14:03:13Z</time><extensions><speed>1.001863</speed><course>263.944318</course><hAcc>2.518812</hAcc><vAcc>0.758093</vAcc></extensions></trkpt>
      <trkpt lon="-82.147786" lat="33.554466"><ele>96.032544</ele><time>2022-12-07T14:03:14Z</time><extensions><speed>1.004606</speed><course>262.547667</course><hAcc>2.520718</hAcc><vAcc>0.757586</vAcc></extensions></trkpt>
      <trkpt lon="-82.147798" lat="33.554464"><ele>96.012703</ele><time>2022-12-07T14:03:15Z</time><extensions><speed>1.166254</speed><course>254.452087</course><hAcc>2.515810</hAcc><vAcc>0.757261</vAcc></extensions></trkpt>
      <trkpt lon="-82.147812" lat="33.554459"><ele>95.994088</ele><time>2022-12-07T14:03:16Z</time><extensions><speed>1.525696</speed><course>248.337817</course><hAcc>2.514801</hAcc><vAcc>0.757063</vAcc></extensions></trkpt>
      <trkpt lon="-82.147829" lat="33.554453"><ele>95.968952</ele><time>2022-12-07T14:03:17Z</time><extensions><speed>1.832635</speed><course>245.848698</course><hAcc>2.499343</hAcc><vAcc>0.756947</vAcc></extensions></trkpt>
      <trkpt lon="-82.147847" lat="33.554446"><ele>95.941218</ele><time>2022-12-07T14:03:18Z</time><extensions><speed>1.856729</speed><course>247.537379</course><hAcc>2.503269</hAcc><vAcc>0.756884</vAcc></extensions></trkpt>
      <trkpt lon="-82.147864" lat="33.554440"><ele>95.905745</ele><time>2022-12-07T14:03:19Z</time><extensions><speed>1.555941</speed><course>250.120312</course><hAcc>2.492287</hAcc><vAcc>0.756852</vAcc></extensions></trkpt>
      <trkpt lon="-82.147879" lat="33.554436"><ele>95.867291</ele><time>2022-12-07T14:03:20Z</time><extensions><speed>1.439308</speed><course>251.354288</course><hAcc>2.485486</hAcc><vAcc>0.756836</vAcc></extensions></trkpt>
      <trkpt lon="-82.147894" lat="33.554431"><ele>95.826275</ele><time>2022-12-07T14:03:21Z</time><extensions><speed>1.439647</speed><course>248.714850</course><hAcc>2.469277</hAcc><vAcc>0.756828</vAcc></extensions></trkpt>
      <trkpt lon="-82.147908" lat="33.554426"><ele>95.783956</ele><time>2022-12-07T14:03:22Z</time><extensions><speed>1.496575</speed><course>246.413703</course><hAcc>2.464291</hAcc><vAcc>0.756823</vAcc></extensions></trkpt>
      <trkpt lon="-82.147923" lat="33.554420"><ele>95.734330</ele><time>2022-12-07T14:03:23Z</time><extensions><speed>1.428228</speed><course>244.491482</course><hAcc>2.465636</hAcc><vAcc>0.756819</vAcc></extensions></trkpt>
      <trkpt lon="-82.147936" lat="33.554414"><ele>95.679548</ele><time>2022-12-07T14:03:24Z</time><extensions><speed>1.388834</speed><course>244.468533</course><hAcc>2.475990</hAcc><vAcc>0.756813</vAcc></extensions></trkpt>
      <trkpt lon="-82.147950" lat="33.554409"><ele>95.626972</ele><time>2022-12-07T14:03:25Z</time><extensions><speed>1.357199</speed><course>246.868307</course><hAcc>2.486569</hAcc><vAcc>0.756806</vAcc></extensions></trkpt>
      <trkpt lon="-82.147963" lat="33.554404"><ele>95.568999</ele><time>2022-12-07T14:03:26Z</time><extensions><speed>1.317787</speed><course>248.070233</course><hAcc>2.477455</hAcc><vAcc>0.756799</vAcc></extensions></trkpt>
      <trkpt lon="-82.147976" lat="33.554399"><ele>95.506602</ele><time>2022-12-07T14:03:27Z</time><extensions><speed>1.224287</speed><course>249.959249</course><hAcc>2.450015</hAcc><vAcc>0.756791</vAcc></extensions></trkpt>
      <trkpt lon="-82.147988" lat="33.554396"><ele>95.450072</ele><time>2022-12-07T14:03:28Z</time><extensions><speed>1.129260</speed><course>252.132340</course><hAcc>2.436414</hAcc><vAcc>0.756783</vAcc></extensions></trkpt>
      <trkpt lon="-82.147999" lat="33.554393"><ele>95.394339</ele><time>2022-12-07T14:03:29Z</time><extensions><speed>1.009545</speed><course>256.339002</course><hAcc>2.453655</hAcc><vAcc>0.756775</vAcc></extensions></trkpt>
      <trkpt lon="-82.148011" lat="33.554390"><ele>95.340547</ele><time>2022-12-07T14:03:30Z</time><extensions><speed>1.078004</speed><course>256.107193</course><hAcc>2.466030</hAcc><vAcc>0.756769</vAcc></extensions></trkpt>
      <trkpt lon="-82.148022" lat="33.554388"><ele>95.287860</ele><time>2022-12-07T14:03:31Z</time><extensions><speed>1.116401</speed><course>251.691708</course><hAcc>2.471325</hAcc><vAcc>0.756763</vAcc></extensions></trkpt>
      <trkpt lon="-82.148034" lat="33.554384"><ele>95.231345</ele><time>2022-12-07T14:03:32Z</time><extensions><speed>1.185779</speed><course>245.433698</course><hAcc>2.436035</hAcc><vAcc>0.756758</vAcc></extensions></trkpt>
      <trkpt lon="-82.148047" lat="33.554379"><ele>95.182694</ele><time>2022-12-07T14:03:33Z</time><extensions><speed>1.296451</speed><course>245.437835</course><hAcc>2.422296</hAcc><vAcc>0.756754</vAcc></extensions></trkpt>
      <trkpt lon="-82.148060" lat="33.554374"><ele>95.140684</ele><time>2022-12-07T14:03:34Z</time><extensions><speed>1.308612</speed><course>248.992188</course><hAcc>2.409452</hAcc><vAcc>0.756751</vAcc></extensions></trkpt>
      <trkpt lon="-82.148073" lat="33.554370"><ele>95.110556</ele><time>2022-12-07T14:03:35Z</time><extensions><speed>1.249314</speed><course>255.504829</course><hAcc>2.405706</hAcc><vAcc>0.756749</vAcc></extensions></trkpt>
      <trkpt lon="-82.148086" lat="33.554368"><ele>95.085890</ele><time>2022-12-07T14:03:36Z</time><extensions><speed>1.194561</speed><course>266.640778</course><hAcc>2.436966</hAcc><vAcc>0.756747</vAcc></extensions></trkpt>
      <trkpt lon="-82.148100" lat="33.554368"><ele>95.066197</ele><time>2022-12-07T14:03:37Z</time><extensions><speed>1.237732</speed><course>267.087584</course><hAcc>2.391516</hAcc><vAcc>0.756746</vAcc></extensions></trkpt>
      <trkpt lon="-82.148113" lat="33.554368"><ele>95.049975</ele><time>2022-12-07T14:03:38Z</time><extensions><speed>1.225178</speed><course>279.953769</course><hAcc>2.368259</hAcc><vAcc>0.756745</vAcc></extensions></trkpt>
      <trkpt lon="-82.148125" lat="33.554371"><ele>95.038028</ele><time>2022-12-07T14:03:39Z</time><extensions><speed>1.189370</speed><course>292.750412</course><hAcc>2.387902</hAcc><vAcc>0.756744</vAcc></extensions></trkpt>
      <trkpt lon="-82.148137" lat="33.554374"><ele>95.026565</ele><time>2022-12-07T14:03:40Z</time><extensions><speed>1.264252</speed><course>284.114485</course><hAcc>2.387007</hAcc><vAcc>0.756744</vAcc></extensions></trkpt>
      <trkpt lon="-82.148151" lat="33.554376"><ele>95.014195</ele><time>2022-12-07T14:03:41Z</time><extensions><speed>1.458851</speed><course>276.532217</course><hAcc>2.386173</hAcc><vAcc>0.756744</vAcc></extensions></trkpt>
      <trkpt lon="-82.148167" lat="33.554376"><ele>95.002089</ele><time>2022-12-07T14:03:42Z</time><extensions><speed>1.543966</speed><course>266.439425</course><hAcc>2.411420</hAcc><vAcc>0.756743</vAcc></extensions></trkpt>
      <trkpt lon="-82.148183" lat="33.554374"><ele>94.987743</ele><time>2022-12-07T14:03:43Z</time><extensions><speed>1.483198</speed><course>259.910088</course><hAcc>2.431265</hAcc><vAcc>0.756743</vAcc></extensions></trkpt>
      <trkpt lon="-82.148198" lat="33.554371"><ele>94.968408</ele><time>2022-12-07T14:03:44Z</time><extensions><speed>1.279790</speed><course>256.844684</course><hAcc>2.456746</hAcc><vAcc>0.756743</vAcc></extensions></trkpt>
      <trkpt lon="-82.148211" lat="33.554368"><ele>94.946514</ele><time>2022-12-07T14:03:45Z</time><extensions><speed>1.213342</speed><course>254.016040</course><hAcc>2.451050</hAcc><vAcc>0.756743</vAcc></extensions></trkpt>
      <trkpt lon="-82.148223" lat="33.554363"><ele>94.923752</ele><time>2022-12-07T14:03:46Z</time><extensions><speed>1.253129</speed><course>237.514070</course><hAcc>2.461449</hAcc><vAcc>0.756743</vAcc></extensions></trkpt>
      <trkpt lon="-82.148233" lat="33.554356"><ele>94.894415</ele><time>2022-12-07T14:03:47Z</time><extensions><speed>1.249206</speed><course>216.176396</course><hAcc>2.475796</hAcc><vAcc>0.756743</vAcc></extensions></trkpt>
      <trkpt lon="-82.148241" lat="33.554346"><ele>94.858866</ele><time>2022-12-07T14:03:48Z</time><extensions><speed>1.215563</speed><course>204.486243</course><hAcc>2.467711</hAcc><vAcc>0.756743</vAcc></extensions></trkpt>
      <trkpt lon="-82.148248" lat="33.554336"><ele>94.817508</ele><time>2022-12-07T14:03:49Z</time><extensions><speed>1.132869</speed><course>215.310453</course><hAcc>2.461023</hAcc><vAcc>0.756743</vAcc></extensions></trkpt>
      <trkpt lon="-82.148257" lat="33.554329"><ele>94.762797</ele><time>2022-12-07T14:03:50Z</time><extensions><speed>1.093545</speed><course>232.114576</course><hAcc>2.472120</hAcc><vAcc>0.756743</vAcc></extensions></trkpt>
      <trkpt lon="-82.148267" lat="33.554325"><ele>94.702581</ele><time>2022-12-07T14:03:51Z</time><extensions><speed>1.041928</speed><course>248.886624</course><hAcc>2.491262</hAcc><vAcc>0.756743</vAcc></extensions></trkpt>
      <trkpt lon="-82.148279" lat="33.554322"><ele>94.634707</ele><time>2022-12-07T14:03:52Z</time><extensions><speed>0.943268</speed><course>261.475987</course><hAcc>2.523506</hAcc><vAcc>0.756743</vAcc></extensions></trkpt>
      <trkpt lon="-82.148287" lat="33.554322"><ele>94.573543</ele><time>2022-12-07T14:03:53Z</time><extensions><speed>0.494555</speed><course>265.694905</course><hAcc>2.511526</hAcc><vAcc>0.756743</vAcc></extensions></trkpt>
      <trkpt lon="-82.148293" lat="33.554321"><ele>94.512200</ele><time>2022-12-07T14:03:54Z</time><extensions><speed>0.570230</speed><course>247.134232</course><hAcc>2.480527</hAcc><vAcc>0.756743</vAcc></extensions></trkpt>
      <trkpt lon="-82.148300" lat="33.554318"><ele>94.454125</ele><time>2022-12-07T14:03:55Z</time><extensions><speed>0.676070</speed><course>235.780252</course><hAcc>2.468278</hAcc><vAcc>0.758386</vAcc></extensions></trkpt>
      <trkpt lon="-82.148308" lat="33.554314"><ele>94.403136</ele><time>2022-12-07T14:03:56Z</time><extensions><speed>0.970311</speed><course>235.461562</course><hAcc>2.466491</hAcc><vAcc>0.761086</vAcc></extensions></trkpt>
      <trkpt lon="-82.148319" lat="33.554309"><ele>94.356336</ele><time>2022-12-07T14:03:57Z</time><extensions><speed>1.255558</speed><course>241.668067</course><hAcc>2.457195</hAcc><vAcc>0.765081</vAcc></extensions></trkpt>
      <trkpt lon="-82.148332" lat="33.554304"><ele>94.316791</ele><time>2022-12-07T14:03:58Z</time><extensions><speed>1.339814</speed><course>250.366023</course><hAcc>2.436710</hAcc><vAcc>0.770564</vAcc></extensions></trkpt>
      <trkpt lon="-82.148347" lat="33.554301"><ele>94.285836</ele><time>2022-12-07T14:03:59Z</time><extensions><speed>1.326404</speed><course>258.651838</course><hAcc>2.434803</hAcc><vAcc>0.777678</vAcc></extensions></trkpt>
      <trkpt lon="-82.148361" lat="33.554299"><ele>94.258445</ele><time>2022-12-07T14:04:00Z</time><extensions><speed>1.324403</speed><course>264.897128</course><hAcc>2.431331</hAcc><vAcc>0.786500</vAcc></extensions></trkpt>
      <trkpt lon="-82.148376" lat="33.554298"><ele>94.238760</ele><time>2022-12-07T14:04:01Z</time><extensions><speed>1.335150</speed><course>264.774295</course><hAcc>2.429610</hAcc><vAcc>0.797019</vAcc></extensions></trkpt>
      <trkpt lon="-82.148392" lat="33.554296"><ele>94.226160</ele><time>2022-12-07T14:04:02Z</time><extensions><speed>1.353145</speed><course>261.474960</course><hAcc>2.440316</hAcc><vAcc>0.809119</vAcc></extensions></trkpt>
      <trkpt lon="-82.148406" lat="33.554294"><ele>94.217149</ele><time>2022-12-07T14:04:03Z</time><extensions><speed>1.316341</speed><course>258.109367</course><hAcc>2.428907</hAcc><vAcc>0.822543</vAcc></extensions></trkpt>
      <trkpt lon="-82.148421" lat="33.554292"><ele>94.210981</ele><time>2022-12-07T14:04:04Z</time><extensions><speed>1.275754</speed><course>256.203105</course><hAcc>2.431456</hAcc><vAcc>0.836868</vAcc></extensions></trkpt>
      <trkpt lon="-82.148435" lat="33.554289"><ele>94.212885</ele><time>2022-12-07T14:04:05Z</time><extensions><speed>1.342439</speed><course>252.271548</course><hAcc>2.465932</hAcc><vAcc>0.845138</vAcc></extensions></trkpt>
      <trkpt lon="-82.148449" lat="33.554285"><ele>94.227142</ele><time>2022-12-07T14:04:06Z</time><extensions><speed>1.395461</speed><course>252.247920</course><hAcc>2.470320</hAcc><vAcc>0.852692</vAcc></extensions></trkpt>
      <trkpt lon="-82.148464" lat="33.554282"><ele>94.239823</ele><time>2022-12-07T14:04:07Z</time><extensions><speed>1.416060</speed><course>254.020536</course><hAcc>2.474630</hAcc><vAcc>0.863151</vAcc></extensions></trkpt>
      <trkpt lon="-82.148479" lat="33.554279"><ele>94.252644</ele><time>2022-12-07T14:04:08Z</time><extensions><speed>1.434540</speed><course>259.780197</course><hAcc>2.477571</hAcc><vAcc>0.872071</vAcc></extensions></trkpt>
      <trkpt lon="-82.148495" lat="33.554278"><ele>94.266500</ele><time>2022-12-07T14:04:09Z</time><extensions><speed>1.412007</speed><course>268.710040</course><hAcc>2.495116</hAcc><vAcc>0.879306</vAcc></extensions></trkpt>
      <trkpt lon="-82.148511" lat="33.554278"><ele>94.268406</ele><time>2022-12-07T14:04:10Z</time><extensions><speed>1.412376</speed><course>276.712040</course><hAcc>2.515973</hAcc><vAcc>0.880030</vAcc></extensions></trkpt>
      <trkpt lon="-82.148527" lat="33.554280"><ele>94.277609</ele><time>2022-12-07T14:04:11Z</time><extensions><speed>1.407637</speed><course>283.166616</course><hAcc>2.550199</hAcc><vAcc>0.878731</vAcc></extensions></trkpt>
      <trkpt lon="-82.148543" lat="33.554282"><ele>94.279804</ele><time>2022-12-07T14:04:12Z</time><extensions><speed>1.392212</speed><course>285.737337</course><hAcc>2.584268</hAcc><vAcc>0.875423</vAcc></extensions></trkpt>
      <trkpt lon="-82.148558" lat="33.554285"><ele>94.288359</ele><time>2022-12-07T14:04:13Z</time><extensions><speed>1.436272</speed><course>285.461057</course><hAcc>2.555644</hAcc><vAcc>0.870276</vAcc></extensions></trkpt>
      <trkpt lon="-82.148574" lat="33.554287"><ele>94.295694</ele><time>2022-12-07T14:04:14Z</time><extensions><speed>1.467930</speed><course>283.623365</course><hAcc>2.527335</hAcc><vAcc>0.863593</vAcc></extensions></trkpt>
      <trkpt lon="-82.148591" lat="33.554289"><ele>94.304104</ele><time>2022-12-07T14:04:15Z</time><extensions><speed>1.522095</speed><course>277.448608</course><hAcc>2.503419</hAcc><vAcc>0.855799</vAcc></extensions></trkpt>
      <trkpt lon="-82.148608" lat="33.554288"><ele>94.305022</ele><time>2022-12-07T14:04:16Z</time><extensions><speed>1.627500</speed><course>267.252251</course><hAcc>2.492609</hAcc><vAcc>0.847316</vAcc></extensions></trkpt>
      <trkpt lon="-82.148627" lat="33.554285"><ele>94.309168</ele><time>2022-12-07T14:04:17Z</time><extensions><speed>1.763871</speed><course>255.904064</course><hAcc>2.517584</hAcc><vAcc>0.838342</vAcc></extensions></trkpt>
      <trkpt lon="-82.148649" lat="33.554277"><ele>94.315053</ele><time>2022-12-07T14:04:18Z</time><extensions><speed>2.317446</speed><course>245.089401</course><hAcc>2.546352</hAcc><vAcc>0.828884</vAcc></extensions></trkpt>
      <trkpt lon="-82.148669" lat="33.554269"><ele>94.322599</ele><time>2022-12-07T14:04:19Z</time><extensions><speed>1.726589</speed><course>243.497473</course><hAcc>2.548639</hAcc><vAcc>0.819029</vAcc></extensions></trkpt>
      <trkpt lon="-82.148685" lat="33.554261"><ele>94.331402</ele><time>2022-12-07T14:04:20Z</time><extensions><speed>1.544297</speed><course>236.156445</course><hAcc>2.536193</hAcc><vAcc>0.809103</vAcc></extensions></trkpt>
      <trkpt lon="-82.148699" lat="33.554252"><ele>94.342796</ele><time>2022-12-07T14:04:21Z</time><extensions><speed>1.471612</speed><course>228.273087</course><hAcc>2.510966</hAcc><vAcc>0.799584</vAcc></extensions></trkpt>
      <trkpt lon="-82.148712" lat="33.554244"><ele>94.364056</ele><time>2022-12-07T14:04:22Z</time><extensions><speed>1.454324</speed><course>234.611077</course><hAcc>2.493700</hAcc><vAcc>0.790884</vAcc></extensions></trkpt>
      <trkpt lon="-82.148726" lat="33.554236"><ele>94.391788</ele><time>2022-12-07T14:04:23Z</time><extensions><speed>1.520271</speed><course>232.922359</course><hAcc>2.470295</hAcc><vAcc>0.783257</vAcc></extensions></trkpt>
      <trkpt lon="-82.148739" lat="33.554226"><ele>94.428136</ele><time>2022-12-07T14:04:24Z</time><extensions><speed>1.567106</speed><course>222.625405</course><hAcc>2.473001</hAcc><vAcc>0.776813</vAcc></extensions></trkpt>
      <trkpt lon="-82.148750" lat="33.554215"><ele>94.474533</ele><time>2022-12-07T14:04:25Z</time><extensions><speed>1.579153</speed><course>214.335267</course><hAcc>2.490417</hAcc><vAcc>0.771547</vAcc></extensions></trkpt>
      <trkpt lon="-82.148761" lat="33.554204"><ele>94.524470</ele><time>2022-12-07T14:04:26Z</time><extensions><speed>1.529395</speed><course>213.978279</course><hAcc>2.503276</hAcc><vAcc>0.767380</vAcc></extensions></trkpt>
      <trkpt lon="-82.148772" lat="33.554193"><ele>94.582062</ele><time>2022-12-07T14:04:27Z</time><extensions><speed>1.573631</speed><course>227.895731</course><hAcc>2.479953</hAcc><vAcc>0.764181</vAcc></extensions></trkpt>
      <trkpt lon="-82.148787" lat="33.554185"><ele>94.644338</ele><time>2022-12-07T14:04:28Z</time><extensions><speed>1.614980</speed><course>239.304999</course><hAcc>2.473107</hAcc><vAcc>0.761799</vAcc></extensions></trkpt>
      <trkpt lon="-82.148804" lat="33.554177"><ele>94.706658</ele><time>2022-12-07T14:04:29Z</time><extensions><speed>1.796075</speed><course>240.773154</course><hAcc>2.483640</hAcc><vAcc>0.760079</vAcc></extensions></trkpt>
      <trkpt lon="-82.148821" lat="33.554169"><ele>94.770060</ele><time>2022-12-07T14:04:30Z</time><extensions><speed>1.800075</speed><course>239.311474</course><hAcc>2.482644</hAcc><vAcc>0.758876</vAcc></extensions></trkpt>
      <trkpt lon="-82.148838" lat="33.554161"><ele>94.838701</ele><time>2022-12-07T14:04:31Z</time><extensions><speed>1.654894</speed><course>239.351941</course><hAcc>2.487200</hAcc><vAcc>0.758064</vAcc></extensions></trkpt>
      <trkpt lon="-82.148854" lat="33.554154"><ele>94.905280</ele><time>2022-12-07T14:04:32Z</time><extensions><speed>1.573155</speed><course>244.312534</course><hAcc>2.503146</hAcc><vAcc>0.757537</vAcc></extensions></trkpt>
      <trkpt lon="-82.148870" lat="33.554149"><ele>94.972203</ele><time>2022-12-07T14:04:33Z</time><extensions><speed>1.601998</speed><course>253.285220</course><hAcc>2.511266</hAcc><vAcc>0.757210</vAcc></extensions></trkpt>
      <trkpt lon="-82.148889" lat="33.554146"><ele>95.039315</ele><time>2022-12-07T14:04:34Z</time><extensions><speed>1.788995</speed><course>257.487749</course><hAcc>2.507644</hAcc><vAcc>0.757018</vAcc></extensions></trkpt>
      <trkpt lon="-82.148907" lat="33.554142"><ele>95.103954</ele><time>2022-12-07T14:04:35Z</time><extensions><speed>1.694457</speed><course>256.988575</course><hAcc>2.507668</hAcc><vAcc>0.756913</vAcc></extensions></trkpt>
      <trkpt lon="-82.148925" lat="33.554139"><ele>95.161581</ele><time>2022-12-07T14:04:36Z</time><extensions><speed>1.667480</speed><course>254.850584</course><hAcc>2.513903</hAcc><vAcc>0.756861</vAcc></extensions></trkpt>
      <trkpt lon="-82.148942" lat="33.554135"><ele>95.211562</ele><time>2022-12-07T14:04:37Z</time><extensions><speed>1.679049</speed><course>252.421487</course><hAcc>2.502584</hAcc><vAcc>0.756839</vAcc></extensions></trkpt>
      <trkpt lon="-82.148959" lat="33.554130"><ele>95.258622</ele><time>2022-12-07T14:04:38Z</time><extensions><speed>1.646327</speed><course>249.379055</course><hAcc>2.507883</hAcc><vAcc>0.756831</vAcc></extensions></trkpt>
      <trkpt lon="-82.148976" lat="33.554125"><ele>95.307234</ele><time>2022-12-07T14:04:39Z</time><extensions><speed>1.622430</speed><course>244.973835</course><hAcc>2.508121</hAcc><vAcc>0.756830</vAcc></extensions></trkpt>
      <trkpt lon="-82.148991" lat="33.554119"><ele>95.355552</ele><time>2022-12-07T14:04:40Z</time><extensions><speed>1.561204</speed><course>241.797635</course><hAcc>2.526618</hAcc><vAcc>0.756828</vAcc></extensions></trkpt>
      <trkpt lon="-82.149006" lat="33.554112"><ele>95.393162</ele><time>2022-12-07T14:04:41Z</time><extensions><speed>1.518186</speed><course>241.901241</course><hAcc>2.566698</hAcc><vAcc>0.756826</vAcc></extensions></trkpt>
      <trkpt lon="-82.149021" lat="33.554107"><ele>95.427767</ele><time>2022-12-07T14:04:42Z</time><extensions><speed>1.464185</speed><course>244.780513</course><hAcc>2.615705</hAcc><vAcc>0.756821</vAcc></extensions></trkpt>
      <trkpt lon="-82.149035" lat="33.554102"><ele>95.458807</ele><time>2022-12-07T14:04:43Z</time><extensions><speed>1.399574</speed><course>244.559874</course><hAcc>2.623368</hAcc><vAcc>0.756814</vAcc></extensions></trkpt>
      <trkpt lon="-82.149049" lat="33.554097"><ele>95.486431</ele><time>2022-12-07T14:04:44Z</time><extensions><speed>1.312091</speed><course>239.661353</course><hAcc>2.581909</hAcc><vAcc>0.756806</vAcc></extensions></trkpt>
      <trkpt lon="-82.149061" lat="33.554091"><ele>95.508466</ele><time>2022-12-07T14:04:45Z</time><extensions><speed>1.155592</speed><course>231.570127</course><hAcc>2.554955</hAcc><vAcc>0.756797</vAcc></extensions></trkpt>
      <trkpt lon="-82.149070" lat="33.554085"><ele>95.518941</ele><time>2022-12-07T14:04:46Z</time><extensions><speed>1.062307</speed><course>229.947310</course><hAcc>2.539663</hAcc><vAcc>0.756788</vAcc></extensions></trkpt>
      <trkpt lon="-82.149080" lat="33.554080"><ele>95.526303</ele><time>2022-12-07T14:04:47Z</time><extensions><speed>0.967586</speed><course>232.746626</course><hAcc>2.540636</hAcc><vAcc>0.756780</vAcc></extensions></trkpt>
      <trkpt lon="-82.149089" lat="33.554076"><ele>95.536476</ele><time>2022-12-07T14:04:48Z</time><extensions><speed>0.891610</speed><course>240.065055</course><hAcc>2.561412</hAcc><vAcc>0.756772</vAcc></extensions></trkpt>
      <trkpt lon="-82.149097" lat="33.554074"><ele>95.543371</ele><time>2022-12-07T14:04:49Z</time><extensions><speed>0.711361</speed><course>246.282574</course><hAcc>2.582403</hAcc><vAcc>0.756765</vAcc></extensions></trkpt>
      <trkpt lon="-82.149105" lat="33.554072"><ele>95.547957</ele><time>2022-12-07T14:04:50Z</time><extensions><speed>0.765407</speed><course>253.478912</course><hAcc>2.559804</hAcc><vAcc>0.756760</vAcc></extensions></trkpt>
      <trkpt lon="-82.149114" lat="33.554070"><ele>95.552896</ele><time>2022-12-07T14:04:51Z</time><extensions><speed>0.907855</speed><course>252.931639</course><hAcc>2.552415</hAcc><vAcc>0.756756</vAcc></extensions></trkpt>
      <trkpt lon="-82.149126" lat="33.554067"><ele>95.558414</ele><time>2022-12-07T14:04:52Z</time><extensions><speed>1.253123</speed><course>247.332457</course><hAcc>2.562971</hAcc><vAcc>0.756752</vAcc></extensions></trkpt>
      <trkpt lon="-82.149141" lat="33.554063"><ele>95.566048</ele><time>2022-12-07T14:04:53Z</time><extensions><speed>1.668737</speed><course>248.478186</course><hAcc>2.545643</hAcc><vAcc>0.756749</vAcc></extensions></trkpt>
      <trkpt lon="-82.149159" lat="33.554058"><ele>95.578905</ele><time>2022-12-07T14:04:54Z</time><extensions><speed>1.826954</speed><course>253.020621</course><hAcc>2.537233</hAcc><vAcc>0.756747</vAcc></extensions></trkpt>
      <trkpt lon="-82.149178" lat="33.554055"><ele>95.593092</ele><time>2022-12-07T14:04:55Z</time><extensions><speed>1.830575</speed><course>257.997439</course><hAcc>2.526609</hAcc><vAcc>0.756746</vAcc></extensions></trkpt>
      <trkpt lon="-82.149196" lat="33.554052"><ele>95.613114</ele><time>2022-12-07T14:04:56Z</time><extensions><speed>1.690382</speed><course>259.315764</course><hAcc>2.542505</hAcc><vAcc>0.756745</vAcc></extensions></trkpt>
      <trkpt lon="-82.149213" lat="33.554050"><ele>95.637463</ele><time>2022-12-07T14:04:57Z</time><extensions><speed>1.338377</speed><course>259.330044</course><hAcc>2.550391</hAcc><vAcc>0.756744</vAcc></extensions></trkpt>
      <trkpt lon="-82.149226" lat="33.554048"><ele>95.664838</ele><time>2022-12-07T14:04:58Z</time><extensions><speed>1.142252</speed><course>255.929175</course><hAcc>2.571984</hAcc><vAcc>0.756744</vAcc></extensions></trkpt>
      <trkpt lon="-82.149238" lat="33.554046"><ele>95.700923</ele><time>2022-12-07T14:04:59Z</time><extensions><speed>1.114560</speed><course>260.936783</course><hAcc>2.555752</hAcc><vAcc>0.756744</vAcc></extensions></trkpt>
      <trkpt lon="-82.149250" lat="33.554046"><ele>95.743795</ele><time>2022-12-07T14:05:00Z</time><extensions><speed>1.138696</speed><course>269.396534</course><hAcc>2.533649</hAcc><vAcc>0.756743</vAcc></extensions></trkpt>
      <trkpt lon="-82.149263" lat="33.554047"><ele>95.792295</ele><time>2022-12-07T14:05:01Z</time><extensions><speed>1.178485</speed><course>276.067324</course><hAcc>2.527501</hAcc><vAcc>0.756743</vAcc></extensions></trkpt>
      <trkpt lon="-82.149276" lat="33.554049"><ele>95.840218</ele><time>2022-12-07T14:05:02Z</time><extensions><speed>1.171251</speed><course>277.306389</course><hAcc>2.568046</hAcc><vAcc>0.756743</vAcc></extensions></trkpt>
      <trkpt lon="-82.149289" lat="33.554050"><ele>95.886005</ele><time>2022-12-07T14:05:03Z</time><extensions><speed>1.083374</speed><course>268.064477</course><hAcc>2.631506</hAcc><vAcc>0.756743</vAcc></extensions></trkpt>
      <trkpt lon="-82.149300" lat="33.554048"><ele>95.927193</ele><time>2022-12-07T14:05:04Z</time><extensions><speed>0.987117</speed><course>249.760899</course><hAcc>2.643640</hAcc><vAcc>0.756743</vAcc></extensions></trkpt>
      <trkpt lon="-82.149311" lat="33.554044"><ele>95.970550</ele><time>2022-12-07T14:05:05Z</time><extensions><speed>1.167891</speed><course>235.073069</course><hAcc>2.640969</hAcc><vAcc>0.756743</vAcc></extensions></trkpt>
      <trkpt lon="-82.149322" lat="33.554039"><ele>96.012196</ele><time>2022-12-07T14:05:06Z</time><extensions><speed>1.220306</speed><course>239.934025</course><hAcc>2.612988</hAcc><vAcc>0.756743</vAcc></extensions></trkpt>
      <trkpt lon="-82.149335" lat="33.554035"><ele>96.053522</ele><time>2022-12-07T14:05:07Z</time><extensions><speed>1.261661</speed><course>251.251235</course><hAcc>2.585735</hAcc><vAcc>0.756743</vAcc></extensions></trkpt>
      <trkpt lon="-82.149349" lat="33.554033"><ele>96.099273</ele><time>2022-12-07T14:05:08Z</time><extensions><speed>1.298556</speed><course>262.068556</course><hAcc>2.580454</hAcc><vAcc>0.756743</vAcc></extensions></trkpt>
      <trkpt lon="-82.149364" lat="33.554032"><ele>96.137193</ele><time>2022-12-07T14:05:09Z</time><extensions><speed>1.415970</speed><course>268.600478</course><hAcc>2.594961</hAcc><vAcc>0.756743</vAcc></extensions></trkpt>
      <trkpt lon="-82.149380" lat="33.554033"><ele>96.171086</ele><time>2022-12-07T14:05:10Z</time><extensions><speed>1.437405</speed><course>272.060859</course><hAcc>2.618051</hAcc><vAcc>0.756743</vAcc></extensions></trkpt>
      <trkpt lon="-82.149395" lat="33.554033"><ele>96.201717</ele><time>2022-12-07T14:05:11Z</time><extensions><speed>1.356314</speed><course>273.263499</course><hAcc>2.624930</hAcc><vAcc>0.756743</vAcc></extensions></trkpt>
      <trkpt lon="-82.149410" lat="33.554035"><ele>96.229464</ele><time>2022-12-07T14:05:12Z</time><extensions><speed>1.424710</speed><course>279.345101</course><hAcc>2.608979</hAcc><vAcc>0.756743</vAcc></extensions></trkpt>
      <trkpt lon="-82.149426" lat="33.554038"><ele>96.254232</ele><time>2022-12-07T14:05:13Z</time><extensions><speed>1.596540</speed><course>282.158401</course><hAcc>2.602925</hAcc><vAcc>0.756743</vAcc></extensions></trkpt>
      <trkpt lon="-82.149444" lat="33.554041"><ele>96.274783</ele><time>2022-12-07T14:05:14Z</time><extensions><speed>1.586339</speed><course>280.013071</course><hAcc>2.623737</hAcc><vAcc>0.756743</vAcc></extensions></trkpt>
      <trkpt lon="-82.149460" lat="33.554042"><ele>96.297908</ele><time>2022-12-07T14:05:15Z</time><extensions><speed>1.444662</speed><course>270.662368</course><hAcc>2.630497</hAcc><vAcc>0.758386</vAcc></extensions></trkpt>
      <trkpt lon="-82.149475" lat="33.554041"><ele>96.323986</ele><time>2022-12-07T14:05:16Z</time><extensions><speed>1.359130</speed><course>261.928168</course><hAcc>2.608256</hAcc><vAcc>0.759100</vAcc></extensions></trkpt>
      <trkpt lon="-82.149490" lat="33.554039"><ele>96.348582</ele><time>2022-12-07T14:05:17Z</time><extensions><speed>1.368657</speed><course>259.518639</course><hAcc>2.586995</hAcc><vAcc>0.759946</vAcc></extensions></trkpt>
      <trkpt lon="-82.149504" lat="33.554037"><ele>96.372851</ele><time>2022-12-07T14:05:18Z</time><extensions><speed>1.356009</speed><course>262.073826</course><hAcc>2.531657</hAcc><vAcc>0.760923</vAcc></extensions></trkpt>
      <trkpt lon="-82.149519" lat="33.554034"><ele>96.395424</ele><time>2022-12-07T14:05:19Z</time><extensions><speed>1.299147</speed><course>257.045317</course><hAcc>2.488194</hAcc><vAcc>0.762021</vAcc></extensions></trkpt>
      <trkpt lon="-82.149532" lat="33.554031"><ele>96.423847</ele><time>2022-12-07T14:05:20Z</time><extensions><speed>1.259775</speed><course>255.900014</course><hAcc>2.471885</hAcc><vAcc>0.763211</vAcc></extensions></trkpt>
      <trkpt lon="-82.149546" lat="33.554028"><ele>96.454617</ele><time>2022-12-07T14:05:21Z</time><extensions><speed>1.357971</speed><course>254.234971</course><hAcc>2.482128</hAcc><vAcc>0.764438</vAcc></extensions></trkpt>
      <trkpt lon="-82.149560" lat="33.554024"><ele>96.484811</ele><time>2022-12-07T14:05:22Z</time><extensions><speed>1.400962</speed><course>251.872054</course><hAcc>2.454381</hAcc><vAcc>0.765617</vAcc></extensions></trkpt>
      <trkpt lon="-82.149575" lat="33.554020"><ele>96.514824</ele><time>2022-12-07T14:05:23Z</time><extensions><speed>1.379259</speed><course>245.386499</course><hAcc>2.401874</hAcc><vAcc>0.766628</vAcc></extensions></trkpt>
      <trkpt lon="-82.149586" lat="33.554013"><ele>96.550946</ele><time>2022-12-07T14:05:24Z</time><extensions><speed>1.297959</speed><course>232.972272</course><hAcc>2.366758</hAcc><vAcc>0.767315</vAcc></extensions></trkpt>
      <trkpt lon="-82.149595" lat="33.554006"><ele>96.592449</ele><time>2022-12-07T14:05:25Z</time><extensions><speed>1.133596</speed><course>216.212994</course><hAcc>2.331037</hAcc><vAcc>0.767501</vAcc></extensions></trkpt>
      <trkpt lon="-82.149602" lat="33.553998"><ele>96.641025</ele><time>2022-12-07T14:05:26Z</time><extensions><speed>0.954620</speed><course>207.842682</course><hAcc>2.247773</hAcc><vAcc>0.767098</vAcc></extensions></trkpt>
      <trkpt lon="-82.149606" lat="33.553992"><ele>96.696224</ele><time>2022-12-07T14:05:27Z</time><extensions><speed>0.543728</speed><course>223.744367</course><hAcc>2.116930</hAcc><vAcc>0.766215</vAcc></extensions></trkpt>
      <trkpt lon="-82.149609" lat="33.553990"><ele>96.761047</ele><time>2022-12-07T14:05:28Z</time><extensions><speed>0.109100</speed><course>274.175928</course><hAcc>1.983445</hAcc><vAcc>0.765048</vAcc></extensions></trkpt>
      <trkpt lon="-82.149609" lat="33.553991"><ele>96.829506</ele><time>2022-12-07T14:05:29Z</time><extensions><speed>0.221164</speed><course>8.094828</course><hAcc>1.894654</hAcc><vAcc>0.763761</vAcc></extensions></trkpt>
      <trkpt lon="-82.149610" lat="33.553993"><ele>96.899285</ele><time>2022-12-07T14:05:30Z</time><extensions><speed>0.279110</speed><course>321.627806</course><hAcc>1.835682</hAcc><vAcc>0.762480</vAcc></extensions></trkpt>
      <trkpt lon="-82.149615" lat="33.553995"><ele>96.973028</ele><time>2022-12-07T14:05:31Z</time><extensions><speed>0.847896</speed><course>275.237097</course><hAcc>1.792459</hAcc><vAcc>0.761289</vAcc></extensions></trkpt>
      <trkpt lon="-82.149628" lat="33.553994"><ele>97.041514</ele><time>2022-12-07T14:05:32Z</time><extensions><speed>1.545464</speed><course>261.572965</course><hAcc>1.765194</hAcc><vAcc>0.760240</vAcc></extensions></trkpt>
      <trkpt lon="-82.149649" lat="33.553991"><ele>97.108696</ele><time>2022-12-07T14:05:33Z</time><extensions><speed>2.464967</speed><course>259.864580</course><hAcc>1.771143</hAcc><vAcc>0.759354</vAcc></extensions></trkpt>
      <trkpt lon="-82.149681" lat="33.553987"><ele>97.176518</ele><time>2022-12-07T14:05:34Z</time><extensions><speed>3.625831</speed><course>261.623056</course><hAcc>1.807239</hAcc><vAcc>0.758635</vAcc></extensions></trkpt>
      <trkpt lon="-82.149720" lat="33.553983"><ele>97.241119</ele><time>2022-12-07T14:05:35Z</time><extensions><speed>3.573829</speed><course>263.665402</course><hAcc>1.786153</hAcc><vAcc>0.758071</vAcc></extensions></trkpt>
      <trkpt lon="-82.149755" lat="33.553979"><ele>97.307560</ele><time>2022-12-07T14:05:36Z</time><extensions><speed>3.115917</speed><course>264.924624</course><hAcc>1.766225</hAcc><vAcc>0.757644</vAcc></extensions></trkpt>
      <trkpt lon="-82.149784" lat="33.553978"><ele>97.368892</ele><time>2022-12-07T14:05:37Z</time><extensions><speed>2.211050</speed><course>266.916729</course><hAcc>1.772042</hAcc><vAcc>0.757331</vAcc></extensions></trkpt>
      <trkpt lon="-82.149804" lat="33.553977"><ele>97.422734</ele><time>2022-12-07T14:05:38Z</time><extensions><speed>1.626505</speed><course>271.086310</course><hAcc>1.778071</hAcc><vAcc>0.757110</vAcc></extensions></trkpt>
      <trkpt lon="-82.149819" lat="33.553978"><ele>97.475830</ele><time>2022-12-07T14:05:39Z</time><extensions><speed>1.190560</speed><course>280.210724</course><hAcc>1.783439</hAcc><vAcc>0.756960</vAcc></extensions></trkpt>
      <trkpt lon="-82.149831" lat="33.553980"><ele>97.525921</ele><time>2022-12-07T14:05:40Z</time><extensions><speed>0.974193</speed><course>285.458969</course><hAcc>1.751567</hAcc><vAcc>0.756862</vAcc></extensions></trkpt>
      <trkpt lon="-82.149840" lat="33.553982"><ele>97.573384</ele><time>2022-12-07T14:05:41Z</time><extensions><speed>0.939984</speed><course>286.035661</course><hAcc>1.711894</hAcc><vAcc>0.756802</vAcc></extensions></trkpt>
      <trkpt lon="-82.149851" lat="33.553985"><ele>97.617729</ele><time>2022-12-07T14:05:42Z</time><extensions><speed>1.189956</speed><course>284.516678</course><hAcc>1.702487</hAcc><vAcc>0.756768</vAcc></extensions></trkpt>
      <trkpt lon="-82.149863" lat="33.553986"><ele>97.653205</ele><time>2022-12-07T14:05:43Z</time><extensions><speed>1.016345</speed><course>278.437360</course><hAcc>1.724319</hAcc><vAcc>0.756751</vAcc></extensions></trkpt>
      <trkpt lon="-82.149875" lat="33.553987"><ele>97.688021</ele><time>2022-12-07T14:05:44Z</time><extensions><speed>1.159267</speed><course>270.753025</course><hAcc>1.715455</hAcc><vAcc>0.756744</vAcc></extensions></trkpt>
      <trkpt lon="-82.149888" lat="33.553985"><ele>97.721681</ele><time>2022-12-07T14:05:45Z</time><extensions><speed>1.353410</speed><course>254.764143</course><hAcc>1.671999</hAcc><vAcc>0.756743</vAcc></extensions></trkpt>
      <trkpt lon="-82.149902" lat="33.553981"><ele>97.756156</ele><time>2022-12-07T14:05:46Z</time><extensions><speed>1.510565</speed><course>249.105669</course><hAcc>1.660777</hAcc><vAcc>0.756745</vAcc></extensions></trkpt>
      <trkpt lon="-82.149917" lat="33.553976"><ele>97.788000</ele><time>2022-12-07T14:05:47Z</time><extensions><speed>1.451342</speed><course>243.105468</course><hAcc>1.655699</hAcc><vAcc>0.756746</vAcc></extensions></trkpt>
      <trkpt lon="-82.149930" lat="33.553969"><ele>97.820936</ele><time>2022-12-07T14:05:48Z</time><extensions><speed>1.397427</speed><course>239.542840</course><hAcc>1.677383</hAcc><vAcc>0.756748</vAcc></extensions></trkpt>
      <trkpt lon="-82.149943" lat="33.553962"><ele>97.849626</ele><time>2022-12-07T14:05:49Z</time><extensions><speed>1.404279</speed><course>234.795582</course><hAcc>1.667518</hAcc><vAcc>0.756748</vAcc></extensions></trkpt>
      <trkpt lon="-82.149955" lat="33.553955"><ele>97.875968</ele><time>2022-12-07T14:05:50Z</time><extensions><speed>1.374843</speed><course>238.540507</course><hAcc>1.680826</hAcc><vAcc>0.756747</vAcc></extensions></trkpt>
      <trkpt lon="-82.149967" lat="33.553949"><ele>97.894189</ele><time>2022-12-07T14:05:51Z</time><extensions><speed>1.284456</speed><course>242.773873</course><hAcc>1.667815</hAcc><vAcc>0.756746</vAcc></extensions></trkpt>
      <trkpt lon="-82.149979" lat="33.553944"><ele>97.910739</ele><time>2022-12-07T14:05:52Z</time><extensions><speed>1.148562</speed><course>248.019281</course><hAcc>1.659271</hAcc><vAcc>0.756743</vAcc></extensions></trkpt>
      <trkpt lon="-82.149990" lat="33.553940"><ele>97.918572</ele><time>2022-12-07T14:05:53Z</time><extensions><speed>1.004444</speed><course>245.646966</course><hAcc>1.655411</hAcc><vAcc>0.756740</vAcc></extensions></trkpt>
      <trkpt lon="-82.149999" lat="33.553936"><ele>97.929198</ele><time>2022-12-07T14:05:54Z</time><extensions><speed>0.956209</speed><course>243.491689</course><hAcc>1.670866</hAcc><vAcc>0.756735</vAcc></extensions></trkpt>
      <trkpt lon="-82.150008" lat="33.553932"><ele>97.942205</ele><time>2022-12-07T14:05:55Z</time><extensions><speed>0.963789</speed><course>238.703432</course><hAcc>1.686512</hAcc><vAcc>0.756730</vAcc></extensions></trkpt>
      <trkpt lon="-82.150016" lat="33.553927"><ele>97.950313</ele><time>2022-12-07T14:05:56Z</time><extensions><speed>0.959572</speed><course>234.114925</course><hAcc>1.676231</hAcc><vAcc>0.756723</vAcc></extensions></trkpt>
      <trkpt lon="-82.150026" lat="33.553922"><ele>97.956806</ele><time>2022-12-07T14:05:57Z</time><extensions><speed>1.106674</speed><course>243.099449</course><hAcc>1.659023</hAcc><vAcc>0.756719</vAcc></extensions></trkpt>
      <trkpt lon="-82.150040" lat="33.553918"><ele>97.961356</ele><time>2022-12-07T14:05:58Z</time><extensions><speed>1.587823</speed><course>262.554363</course><hAcc>1.662841</hAcc><vAcc>0.756722</vAcc></extensions></trkpt>
      <trkpt lon="-82.150057" lat="33.553918"><ele>97.960255</ele><time>2022-12-07T14:05:59Z</time><extensions><speed>1.676849</speed><course>274.700668</course><hAcc>1.668672</hAcc><vAcc>0.756723</vAcc></extensions></trkpt>
      <trkpt lon="-82.150074" lat="33.553919"><ele>97.953274</ele><time>2022-12-07T14:06:00Z</time><extensions><speed>1.467755</speed><course>277.106083</course><hAcc>1.675703</hAcc><vAcc>0.756725</vAcc></extensions></trkpt>
      <trkpt lon="-82.150088" lat="33.553920"><ele>97.944597</ele><time>2022-12-07T14:06:01Z</time><extensions><speed>1.076449</speed><course>275.227589</course><hAcc>1.704042</hAcc><vAcc>0.756726</vAcc></extensions></trkpt>
      <trkpt lon="-82.150099" lat="33.553919"><ele>97.940677</ele><time>2022-12-07T14:06:02Z</time><extensions><speed>1.044396</speed><course>251.765652</course><hAcc>1.699041</hAcc><vAcc>0.756727</vAcc></extensions></trkpt>
      <trkpt lon="-82.150109" lat="33.553915"><ele>97.939036</ele><time>2022-12-07T14:06:03Z</time><extensions><speed>1.100298</speed><course>236.388078</course><hAcc>1.706853</hAcc><vAcc>0.756728</vAcc></extensions></trkpt>
      <trkpt lon="-82.150119" lat="33.553908"><ele>97.936046</ele><time>2022-12-07T14:06:04Z</time><extensions><speed>1.191132</speed><course>230.042774</course><hAcc>1.718405</hAcc><vAcc>0.756729</vAcc></extensions></trkpt>
      <trkpt lon="-82.150129" lat="33.553900"><ele>97.943859</ele><time>2022-12-07T14:06:05Z</time><extensions><speed>1.370750</speed><course>223.138005</course><hAcc>1.701212</hAcc><vAcc>0.756731</vAcc></extensions></trkpt>
      <trkpt lon="-82.150139" lat="33.553890"><ele>97.960584</ele><time>2022-12-07T14:06:06Z</time><extensions><speed>1.568757</speed><course>218.884432</course><hAcc>1.680824</hAcc><vAcc>0.756732</vAcc></extensions></trkpt>
      <trkpt lon="-82.150150" lat="33.553878"><ele>97.976529</ele><time>2022-12-07T14:06:07Z</time><extensions><speed>1.659312</speed><course>218.774792</course><hAcc>1.678385</hAcc><vAcc>0.756733</vAcc></extensions></trkpt>
      <trkpt lon="-82.150162" lat="33.553867"><ele>97.996850</ele><time>2022-12-07T14:06:08Z</time><extensions><speed>1.599644</speed><course>222.053937</course><hAcc>1.691913</hAcc><vAcc>0.756733</vAcc></extensions></trkpt>
      <trkpt lon="-82.150174" lat="33.553856"><ele>98.020999</ele><time>2022-12-07T14:06:09Z</time><extensions><speed>1.564754</speed><course>225.262464</course><hAcc>1.669979</hAcc><vAcc>0.756734</vAcc></extensions></trkpt>
      <trkpt lon="-82.150186" lat="33.553847"><ele>98.057265</ele><time>2022-12-07T14:06:10Z</time><extensions><speed>1.516926</speed><course>230.301031</course><hAcc>1.634598</hAcc><vAcc>0.756735</vAcc></extensions></trkpt>
      <trkpt lon="-82.150199" lat="33.553839"><ele>98.097588</ele><time>2022-12-07T14:06:11Z</time><extensions><speed>1.461082</speed><course>236.909756</course><hAcc>1.627013</hAcc><vAcc>0.756736</vAcc></extensions></trkpt>
      <trkpt lon="-82.150213" lat="33.553831"><ele>98.140565</ele><time>2022-12-07T14:06:12Z</time><extensions><speed>1.564975</speed><course>238.733128</course><hAcc>1.606726</hAcc><vAcc>0.756736</vAcc></extensions></trkpt>
      <trkpt lon="-82.150228" lat="33.553824"><ele>98.190523</ele><time>2022-12-07T14:06:13Z</time><extensions><speed>1.557016</speed><course>240.934446</course><hAcc>1.618337</hAcc><vAcc>0.756737</vAcc></extensions></trkpt>
      <trkpt lon="-82.150243" lat="33.553816"><ele>98.250447</ele><time>2022-12-07T14:06:14Z</time><extensions><speed>1.813130</speed><course>238.910784</course><hAcc>1.589245</hAcc><vAcc>0.756737</vAcc></extensions></trkpt>
      <trkpt lon="-82.150260" lat="33.553808"><ele>98.315892</ele><time>2022-12-07T14:06:15Z</time><extensions><speed>1.774190</speed><course>240.286787</course><hAcc>1.574095</hAcc><vAcc>0.756738</vAcc></extensions></trkpt>
      <trkpt lon="-82.150276" lat="33.553801"><ele>98.383509</ele><time>2022-12-07T14:06:16Z</time><extensions><speed>1.683218</speed><course>242.914827</course><hAcc>1.586503</hAcc><vAcc>0.756738</vAcc></extensions></trkpt>
      <trkpt lon="-82.150292" lat="33.553794"><ele>98.447549</ele><time>2022-12-07T14:06:17Z</time><extensions><speed>1.619127</speed><course>248.137530</course><hAcc>1.597513</hAcc><vAcc>0.756738</vAcc></extensions></trkpt>
      <trkpt lon="-82.150308" lat="33.553789"><ele>98.507102</ele><time>2022-12-07T14:06:18Z</time><extensions><speed>1.486974</speed><course>249.821735</course><hAcc>1.614478</hAcc><vAcc>0.756739</vAcc></extensions></trkpt>
      <trkpt lon="-82.150323" lat="33.553784"><ele>98.565882</ele><time>2022-12-07T14:06:19Z</time><extensions><speed>1.482935</speed><course>249.345391</course><hAcc>1.592673</hAcc><vAcc>0.756739</vAcc></extensions></trkpt>
      <trkpt lon="-82.150337" lat="33.553780"><ele>98.614414</ele><time>2022-12-07T14:06:20Z</time><extensions><speed>1.377074</speed><course>254.689532</course><hAcc>1.607396</hAcc><vAcc>0.756739</vAcc></extensions></trkpt>
      <trkpt lon="-82.150351" lat="33.553778"><ele>98.656259</ele><time>2022-12-07T14:06:21Z</time><extensions><speed>1.254004</speed><course>266.550828</course><hAcc>1.636806</hAcc><vAcc>0.756739</vAcc></extensions></trkpt>
      <trkpt lon="-82.150364" lat="33.553778"><ele>98.689851</ele><time>2022-12-07T14:06:22Z</time><extensions><speed>1.069832</speed><course>273.366761</course><hAcc>1.641783</hAcc><vAcc>0.756740</vAcc></extensions></trkpt>
      <trkpt lon="-82.150374" lat="33.553778"><ele>98.717656</ele><time>2022-12-07T14:06:23Z</time><extensions><speed>0.768707</speed><course>271.617824</course><hAcc>1.660037</hAcc><vAcc>0.756740</vAcc></extensions></trkpt>
      <trkpt lon="-82.150381" lat="33.553779"><ele>98.735302</ele><time>2022-12-07T14:06:24Z</time><extensions><speed>0.654072</speed><course>282.310957</course><hAcc>1.697086</hAcc><vAcc>0.756740</vAcc></extensions></trkpt>
      <trkpt lon="-82.150385" lat="33.553777"><ele>98.744542</ele><time>2022-12-07T14:06:25Z</time><extensions><speed>0.527155</speed><course>177.551301</course><hAcc>1.707345</hAcc><vAcc>0.756740</vAcc></extensions></trkpt>
      <trkpt lon="-82.150385" lat="33.553770"><ele>98.741852</ele><time>2022-12-07T14:06:26Z</time><extensions><speed>0.951470</speed><course>178.076506</course><hAcc>1.734781</hAcc><vAcc>0.756740</vAcc></extensions></trkpt>
      <trkpt lon="-82.150387" lat="33.553760"><ele>98.739903</ele><time>2022-12-07T14:06:27Z</time><extensions><speed>1.230414</speed><course>198.013747</course><hAcc>1.795470</hAcc><vAcc>0.756740</vAcc></extensions></trkpt>
      <trkpt lon="-82.150394" lat="33.553749"><ele>98.734308</ele><time>2022-12-07T14:06:28Z</time><extensions><speed>1.580797</speed><course>213.885991</course><hAcc>1.869829</hAcc><vAcc>0.756741</vAcc></extensions></trkpt>
      <trkpt lon="-82.150405" lat="33.553737"><ele>98.725582</ele><time>2022-12-07T14:06:29Z</time><extensions><speed>1.745865</speed><course>225.901212</course><hAcc>1.997621</hAcc><vAcc>0.756741</vAcc></extensions></trkpt>
      <trkpt lon="-82.150420" lat="33.553727"><ele>98.715603</ele><time>2022-12-07T14:06:30Z</time><extensions><speed>1.616098</speed><course>236.382271</course><hAcc>2.148607</hAcc><vAcc>0.756741</vAcc></extensions></trkpt>
      <trkpt lon="-82.150434" lat="33.553720"><ele>98.704894</ele><time>2022-12-07T14:06:31Z</time><extensions><speed>1.500799</speed><course>240.105211</course><hAcc>2.226378</hAcc><vAcc>0.756741</vAcc></extensions></trkpt>
      <trkpt lon="-82.150449" lat="33.553712"><ele>98.694490</ele><time>2022-12-07T14:06:32Z</time><extensions><speed>1.562678</speed><course>239.972526</course><hAcc>2.242865</hAcc><vAcc>0.756741</vAcc></extensions></trkpt>
      <trkpt lon="-82.150463" lat="33.553705"><ele>98.678115</ele><time>2022-12-07T14:06:33Z</time><extensions><speed>1.603283</speed><course>239.336535</course><hAcc>2.290389</hAcc><vAcc>0.756741</vAcc></extensions></trkpt>
      <trkpt lon="-82.150478" lat="33.553698"><ele>98.662346</ele><time>2022-12-07T14:06:34Z</time><extensions><speed>1.558766</speed><course>239.174872</course><hAcc>2.359374</hAcc><vAcc>0.756741</vAcc></extensions></trkpt>
      <trkpt lon="-82.150492" lat="33.553690"><ele>98.650960</ele><time>2022-12-07T14:06:35Z</time><extensions><speed>1.475366</speed><course>240.533853</course><hAcc>2.396379</hAcc><vAcc>0.756741</vAcc></extensions></trkpt>
      <trkpt lon="-82.150506" lat="33.553684"><ele>98.643335</ele><time>2022-12-07T14:06:36Z</time><extensions><speed>1.444681</speed><course>243.131552</course><hAcc>2.416801</hAcc><vAcc>0.756741</vAcc></extensions></trkpt>
      <trkpt lon="-82.150520" lat="33.553678"><ele>98.636251</ele><time>2022-12-07T14:06:37Z</time><extensions><speed>1.428090</speed><course>245.039721</course><hAcc>2.432948</hAcc><vAcc>0.756742</vAcc></extensions></trkpt>
      <trkpt lon="-82.150534" lat="33.553673"><ele>98.634338</ele><time>2022-12-07T14:06:38Z</time><extensions><speed>1.451500</speed><course>241.770279</course><hAcc>2.441570</hAcc><vAcc>0.756742</vAcc></extensions></trkpt>
      <trkpt lon="-82.150547" lat="33.553666"><ele>98.635791</ele><time>2022-12-07T14:06:39Z</time><extensions><speed>1.432316</speed><course>236.160578</course><hAcc>2.459792</hAcc><vAcc>0.756742</vAcc></extensions></trkpt>
      <trkpt lon="-82.150560" lat="33.553659"><ele>98.632591</ele><time>2022-12-07T14:06:40Z</time><extensions><speed>1.380981</speed><course>232.419657</course><hAcc>2.454499</hAcc><vAcc>0.756742</vAcc></extensions></trkpt>
      <trkpt lon="-82.150571" lat="33.553651"><ele>98.623944</ele><time>2022-12-07T14:06:41Z</time><extensions><speed>1.278382</speed><course>232.288454</course><hAcc>2.445419</hAcc><vAcc>0.756742</vAcc></extensions></trkpt>
      <trkpt lon="-82.150583" lat="33.553644"><ele>98.608064</ele><time>2022-12-07T14:06:42Z</time><extensions><speed>1.309472</speed><course>234.734009</course><hAcc>2.451326</hAcc><vAcc>0.756742</vAcc></extensions></trkpt>
      <trkpt lon="-82.150596" lat="33.553636"><ele>98.588340</ele><time>2022-12-07T14:06:43Z</time><extensions><speed>1.488825</speed><course>236.842708</course><hAcc>2.489442</hAcc><vAcc>0.756742</vAcc></extensions></trkpt>
      <trkpt lon="-82.150610" lat="33.553629"><ele>98.560562</ele><time>2022-12-07T14:06:44Z</time><extensions><speed>1.539641</speed><course>239.164821</course><hAcc>2.535878</hAcc><vAcc>0.756742</vAcc></extensions></trkpt>
      <trkpt lon="-82.150625" lat="33.553622"><ele>98.529395</ele><time>2022-12-07T14:06:45Z</time><extensions><speed>1.407644</speed><course>243.404308</course><hAcc>2.499679</hAcc><vAcc>0.756742</vAcc></extensions></trkpt>
      <trkpt lon="-82.150638" lat="33.553616"><ele>98.499806</ele><time>2022-12-07T14:06:46Z</time><extensions><speed>1.255054</speed><course>242.627400</course><hAcc>2.472222</hAcc><vAcc>0.756742</vAcc></extensions></trkpt>
      <trkpt lon="-82.150650" lat="33.553611"><ele>98.473249</ele><time>2022-12-07T14:06:47Z</time><extensions><speed>1.052590</speed><course>241.575813</course><hAcc>2.455785</hAcc><vAcc>0.756742</vAcc></extensions></trkpt>
      <trkpt lon="-82.150657" lat="33.553605"><ele>98.443690</ele><time>2022-12-07T14:06:48Z</time><extensions><speed>0.895374</speed><course>208.284565</course><hAcc>2.440718</hAcc><vAcc>0.756742</vAcc></extensions></trkpt>
      <trkpt lon="-82.150662" lat="33.553597"><ele>98.407198</ele><time>2022-12-07T14:06:49Z</time><extensions><speed>0.945743</speed><course>199.791001</course><hAcc>2.428690</hAcc><vAcc>0.756742</vAcc></extensions></trkpt>
      <trkpt lon="-82.150667" lat="33.553589"><ele>98.369264</ele><time>2022-12-07T14:06:50Z</time><extensions><speed>1.047957</speed><course>209.300376</course><hAcc>2.433410</hAcc><vAcc>0.756742</vAcc></extensions></trkpt>
      <trkpt lon="-82.150675" lat="33.553580"><ele>98.334313</ele><time>2022-12-07T14:06:51Z</time><extensions><speed>1.287662</speed><course>222.661256</course><hAcc>2.429514</hAcc><vAcc>0.756742</vAcc></extensions></trkpt>
      <trkpt lon="-82.150686" lat="33.553571"><ele>98.303152</ele><time>2022-12-07T14:06:52Z</time><extensions><speed>1.407955</speed><course>227.685214</course><hAcc>2.414710</hAcc><vAcc>0.756742</vAcc></extensions></trkpt>
      <trkpt lon="-82.150698" lat="33.553563"><ele>98.274149</ele><time>2022-12-07T14:06:53Z</time><extensions><speed>1.313145</speed><course>233.931739</course><hAcc>2.406885</hAcc><vAcc>0.756742</vAcc></extensions></trkpt>
      <trkpt lon="-82.150710" lat="33.553555"><ele>98.255640</ele><time>2022-12-07T14:06:54Z</time><extensions><speed>1.381137</speed><course>230.795394</course><hAcc>2.400997</hAcc><vAcc>0.756742</vAcc></extensions></trkpt>
      <trkpt lon="-82.150721" lat="33.553546"><ele>98.241859</ele><time>2022-12-07T14:06:55Z</time><extensions><speed>1.257141</speed><course>217.042721</course><hAcc>2.379350</hAcc><vAcc>0.756742</vAcc></extensions></trkpt>
      <trkpt lon="-82.150731" lat="33.553537"><ele>98.238521</ele><time>2022-12-07T14:06:56Z</time><extensions><speed>1.321980</speed><course>230.030902</course><hAcc>2.381644</hAcc><vAcc>0.756742</vAcc></extensions></trkpt>
      <trkpt lon="-82.150743" lat="33.553529"><ele>98.245410</ele><time>2022-12-07T14:06:57Z</time><extensions><speed>1.446197</speed><course>231.208617</course><hAcc>2.401647</hAcc><vAcc>0.756742</vAcc></extensions></trkpt>
      <trkpt lon="-82.150756" lat="33.553520"><ele>98.259947</ele><time>2022-12-07T14:06:58Z</time><extensions><speed>1.509963</speed><course>229.899827</course><hAcc>2.365753</hAcc><vAcc>0.756742</vAcc></extensions></trkpt>
      <trkpt lon="-82.150770" lat="33.553512"><ele>98.287098</ele><time>2022-12-07T14:06:59Z</time><extensions><speed>1.507582</speed><course>235.448466</course><hAcc>2.361343</hAcc><vAcc>0.756742</vAcc></extensions></trkpt>
      <trkpt lon="-82.150784" lat="33.553504"><ele>98.324376</ele><time>2022-12-07T14:07:00Z</time><extensions><speed>1.475488</speed><course>240.315771</course><hAcc>2.369583</hAcc><vAcc>0.756742</vAcc></extensions></trkpt>
      <trkpt lon="-82.150798" lat="33.553497"><ele>98.373134</ele><time>2022-12-07T14:07:01Z</time><extensions><speed>1.513429</speed><course>240.305047</course><hAcc>2.388852</hAcc><vAcc>0.756742</vAcc></extensions></trkpt>
      <trkpt lon="-82.150812" lat="33.553490"><ele>98.426263</ele><time>2022-12-07T14:07:02Z</time><extensions><speed>1.525021</speed><course>239.387609</course><hAcc>2.397114</hAcc><vAcc>0.756742</vAcc></extensions></trkpt>
      <trkpt lon="-82.150826" lat="33.553482"><ele>98.488642</ele><time>2022-12-07T14:07:03Z</time><extensions><speed>1.568521</speed><course>238.977845</course><hAcc>2.382824</hAcc><vAcc>0.756742</vAcc></extensions></trkpt>
      <trkpt lon="-82.150841" lat="33.553474"><ele>98.554953</ele><time>2022-12-07T14:07:04Z</time><extensions><speed>1.589229</speed><course>237.190833</course><hAcc>2.377351</hAcc><vAcc>0.756742</vAcc></extensions></trkpt>
      <trkpt lon="-82.150855" lat="33.553466"><ele>98.621336</ele><time>2022-12-07T14:07:05Z</time><extensions><speed>1.571722</speed><course>236.361985</course><hAcc>2.392244</hAcc><vAcc>0.756743</vAcc></extensions></trkpt>
      <trkpt lon="-82.150869" lat="33.553457"><ele>98.690823</ele><time>2022-12-07T14:07:06Z</time><extensions><speed>1.549520</speed><course>238.432884</course><hAcc>2.419159</hAcc><vAcc>0.756743</vAcc></extensions></trkpt>
      <trkpt lon="-82.150883" lat="33.553450"><ele>98.761266</ele><time>2022-12-07T14:07:07Z</time><extensions><speed>1.478222</speed><course>241.670846</course><hAcc>2.427263</hAcc><vAcc>0.756743</vAcc></extensions></trkpt>
      <trkpt lon="-82.150897" lat="33.553443"><ele>98.836692</ele><time>2022-12-07T14:07:08Z</time><extensions><speed>1.502047</speed><course>242.051239</course><hAcc>2.408284</hAcc><vAcc>0.756743</vAcc></extensions></trkpt>
      <trkpt lon="-82.150911" lat="33.553436"><ele>98.918547</ele><time>2022-12-07T14:07:09Z</time><extensions><speed>1.519576</speed><course>239.033967</course><hAcc>2.421544</hAcc><vAcc>0.756743</vAcc></extensions></trkpt>
      <trkpt lon="-82.150925" lat="33.553428"><ele>99.004902</ele><time>2022-12-07T14:07:10Z</time><extensions><speed>1.515508</speed><course>237.324870</course><hAcc>2.428882</hAcc><vAcc>0.756743</vAcc></extensions></trkpt>
      <trkpt lon="-82.150938" lat="33.553421"><ele>99.085542</ele><time>2022-12-07T14:07:11Z</time><extensions><speed>1.471139</speed><course>236.600582</course><hAcc>2.435348</hAcc><vAcc>0.756743</vAcc></extensions></trkpt>
      <trkpt lon="-82.150951" lat="33.553413"><ele>99.168067</ele><time>2022-12-07T14:07:12Z</time><extensions><speed>1.349301</speed><course>237.570886</course><hAcc>2.436692</hAcc><vAcc>0.756743</vAcc></extensions></trkpt>
      <trkpt lon="-82.150964" lat="33.553406"><ele>99.249784</ele><time>2022-12-07T14:07:13Z</time><extensions><speed>1.572183</speed><course>234.395483</course><hAcc>2.442880</hAcc><vAcc>0.756743</vAcc></extensions></trkpt>
      <trkpt lon="-82.150978" lat="33.553396"><ele>99.327943</ele><time>2022-12-07T14:07:14Z</time><extensions><speed>1.649876</speed><course>231.165370</course><hAcc>2.439686</hAcc><vAcc>0.756743</vAcc></extensions></trkpt>
      <trkpt lon="-82.150992" lat="33.553387"><ele>99.404594</ele><time>2022-12-07T14:07:15Z</time><extensions><speed>1.607805</speed><course>229.388524</course><hAcc>2.446241</hAcc><vAcc>0.756743</vAcc></extensions></trkpt>
      <trkpt lon="-82.151004" lat="33.553377"><ele>99.476704</ele><time>2022-12-07T14:07:16Z</time><extensions><speed>1.449111</speed><course>232.124838</course><hAcc>2.460016</hAcc><vAcc>0.756743</vAcc></extensions></trkpt>
      <trkpt lon="-82.151017" lat="33.553370"><ele>99.557030</ele><time>2022-12-07T14:07:17Z</time><extensions><speed>1.245370</speed><course>238.767288</course><hAcc>2.466436</hAcc><vAcc>0.756743</vAcc></extensions></trkpt>
      <trkpt lon="-82.151029" lat="33.553364"><ele>99.634020</ele><time>2022-12-07T14:07:18Z</time><extensions><speed>1.328531</speed><course>243.804080</course><hAcc>2.482940</hAcc><vAcc>0.756743</vAcc></extensions></trkpt>
      <trkpt lon="-82.151041" lat="33.553359"><ele>99.711195</ele><time>2022-12-07T14:07:19Z</time><extensions><speed>1.205771</speed><course>241.251640</course><hAcc>2.510284</hAcc><vAcc>0.756743</vAcc></extensions></trkpt>
      <trkpt lon="-82.151053" lat="33.553352"><ele>99.789858</ele><time>2022-12-07T14:07:20Z</time><extensions><speed>1.363582</speed><course>234.804770</course><hAcc>2.505403</hAcc><vAcc>0.756743</vAcc></extensions></trkpt>
      <trkpt lon="-82.151065" lat="33.553344"><ele>99.873064</ele><time>2022-12-07T14:07:21Z</time><extensions><speed>1.495812</speed><course>232.779791</course><hAcc>2.472851</hAcc><vAcc>0.756743</vAcc></extensions></trkpt>
      <trkpt lon="-82.151079" lat="33.553335"><ele>99.950879</ele><time>2022-12-07T14:07:22Z</time><extensions><speed>1.705738</speed><course>234.917817</course><hAcc>2.464132</hAcc><vAcc>0.756743</vAcc></extensions></trkpt>
      <trkpt lon="-82.151094" lat="33.553325"><ele>100.028164</ele><time>2022-12-07T14:07:23Z</time><extensions><speed>1.781707</speed><course>231.019898</course><hAcc>2.483194</hAcc><vAcc>0.756743</vAcc></extensions></trkpt>
      <trkpt lon="-82.151109" lat="33.553315"><ele>100.104727</ele><time>2022-12-07T14:07:24Z</time><extensions><speed>1.745567</speed><course>229.567448</course><hAcc>2.506426</hAcc><vAcc>0.756743</vAcc></extensions></trkpt>
      <trkpt lon="-82.151122" lat="33.553305"><ele>100.180251</ele><time>2022-12-07T14:07:25Z</time><extensions><speed>1.507694</speed><course>229.547123</course><hAcc>2.511897</hAcc><vAcc>0.756743</vAcc></extensions></trkpt>
      <trkpt lon="-82.151135" lat="33.553296"><ele>100.250592</ele><time>2022-12-07T14:07:26Z</time><extensions><speed>1.488350</speed><course>233.214722</course><hAcc>2.472953</hAcc><vAcc>0.756743</vAcc></extensions></trkpt>
      <trkpt lon="-82.151147" lat="33.553288"><ele>100.314512</ele><time>2022-12-07T14:07:27Z</time><extensions><speed>1.487086</speed><course>233.012174</course><hAcc>2.462511</hAcc><vAcc>0.756743</vAcc></extensions></trkpt>
      <trkpt lon="-82.151160" lat="33.553279"><ele>100.363997</ele><time>2022-12-07T14:07:28Z</time><extensions><speed>1.491420</speed><course>230.117584</course><hAcc>2.485917</hAcc><vAcc>0.756743</vAcc></extensions></trkpt>
      <trkpt lon="-82.151172" lat="33.553269"><ele>100.411355</ele><time>2022-12-07T14:07:29Z</time><extensions><speed>1.695490</speed><course>224.600750</course><hAcc>2.490948</hAcc><vAcc>0.756743</vAcc></extensions></trkpt>
      <trkpt lon="-82.151185" lat="33.553257"><ele>100.445104</ele><time>2022-12-07T14:07:30Z</time><extensions><speed>1.728671</speed><course>221.966984</course><hAcc>2.491289</hAcc><vAcc>0.756743</vAcc></extensions></trkpt>
      <trkpt lon="-82.151196" lat="33.553245"><ele>100.469502</ele><time>2022-12-07T14:07:31Z</time><extensions><speed>1.571994</speed><course>221.683074</course><hAcc>2.466538</hAcc><vAcc>0.756743</vAcc></extensions></trkpt>
      <trkpt lon="-82.151207" lat="33.553235"><ele>100.488624</ele><time>2022-12-07T14:07:32Z</time><extensions><speed>1.485693</speed><course>221.806703</course><hAcc>2.464220</hAcc><vAcc>0.756743</vAcc></extensions></trkpt>
      <trkpt lon="-82.151217" lat="33.553224"><ele>100.505573</ele><time>2022-12-07T14:07:33Z</time><extensions><speed>1.446598</speed><course>218.802506</course><hAcc>2.464313</hAcc><vAcc>0.756743</vAcc></extensions></trkpt>
      <trkpt lon="-82.151226" lat="33.553214"><ele>100.519502</ele><time>2022-12-07T14:07:34Z</time><extensions><speed>1.431271</speed><course>218.994749</course><hAcc>2.475742</hAcc><vAcc>0.756743</vAcc></extensions></trkpt>
      <trkpt lon="-82.151235" lat="33.553204"><ele>100.528982</ele><time>2022-12-07T14:07:35Z</time><extensions><speed>1.411756</speed><course>222.905586</course><hAcc>2.476956</hAcc><vAcc>0.756743</vAcc></extensions></trkpt>
      <trkpt lon="-82.151246" lat="33.553195"><ele>100.539072</ele><time>2022-12-07T14:07:36Z</time><extensions><speed>1.387919</speed><course>227.595626</course><hAcc>2.464132</hAcc><vAcc>0.756743</vAcc></extensions></trkpt>
      <trkpt lon="-82.151257" lat="33.553186"><ele>100.548308</ele><time>2022-12-07T14:07:37Z</time><extensions><speed>1.352145</speed><course>228.466438</course><hAcc>2.470991</hAcc><vAcc>0.756743</vAcc></extensions></trkpt>
      <trkpt lon="-82.151267" lat="33.553177"><ele>100.548180</ele><time>2022-12-07T14:07:38Z</time><extensions><speed>1.353220</speed><course>227.372636</course><hAcc>2.495444</hAcc><vAcc>0.756743</vAcc></extensions></trkpt>
      <trkpt lon="-82.151277" lat="33.553168"><ele>100.548738</ele><time>2022-12-07T14:07:39Z</time><extensions><speed>1.400657</speed><course>214.323644</course><hAcc>2.490756</hAcc><vAcc>0.756743</vAcc></extensions></trkpt>
      <trkpt lon="-82.151285" lat="33.553156"><ele>100.545515</ele><time>2022-12-07T14:07:40Z</time><extensions><speed>1.508565</speed><course>201.575525</course><hAcc>2.476525</hAcc><vAcc>0.756743</vAcc></extensions></trkpt>
      <trkpt lon="-82.151290" lat="33.553143"><ele>100.540283</ele><time>2022-12-07T14:07:41Z</time><extensions><speed>1.476361</speed><course>193.622268</course><hAcc>2.484157</hAcc><vAcc>0.756743</vAcc></extensions></trkpt>
      <trkpt lon="-82.151294" lat="33.553129"><ele>100.538425</ele><time>2022-12-07T14:07:42Z</time><extensions><speed>1.430804</speed><course>192.819682</course><hAcc>2.481530</hAcc><vAcc>0.756743</vAcc></extensions></trkpt>
      <trkpt lon="-82.151298" lat="33.553117"><ele>100.534842</ele><time>2022-12-07T14:07:43Z</time><extensions><speed>1.311706</speed><course>197.656676</course><hAcc>2.490859</hAcc><vAcc>0.756743</vAcc></extensions></trkpt>
      <trkpt lon="-82.151304" lat="33.553106"><ele>100.531424</ele><time>2022-12-07T14:07:44Z</time><extensions><speed>1.188310</speed><course>212.951341</course><hAcc>2.524300</hAcc><vAcc>0.756743</vAcc></extensions></trkpt>
      <trkpt lon="-82.151312" lat="33.553098"><ele>100.529981</ele><time>2022-12-07T14:07:45Z</time><extensions><speed>1.237542</speed><course>230.303349</course><hAcc>2.526640</hAcc><vAcc>0.756743</vAcc></extensions></trkpt>
      <trkpt lon="-82.151323" lat="33.553089"><ele>100.526491</ele><time>2022-12-07T14:07:46Z</time><extensions><speed>1.391805</speed><course>229.933394</course><hAcc>2.496015</hAcc><vAcc>0.756743</vAcc></extensions></trkpt>
      <trkpt lon="-82.151335" lat="33.553080"><ele>100.521941</ele><time>2022-12-07T14:07:47Z</time><extensions><speed>1.468297</speed><course>225.161956</course><hAcc>2.490889</hAcc><vAcc>0.756743</vAcc></extensions></trkpt>
      <trkpt lon="-82.151346" lat="33.553070"><ele>100.519275</ele><time>2022-12-07T14:07:48Z</time><extensions><speed>1.488751</speed><course>226.259522</course><hAcc>2.506099</hAcc><vAcc>0.756743</vAcc></extensions></trkpt>
      <trkpt lon="-82.151359" lat="33.553059"><ele>100.518089</ele><time>2022-12-07T14:07:49Z</time><extensions><speed>1.640110</speed><course>223.129087</course><hAcc>2.480405</hAcc><vAcc>0.756743</vAcc></extensions></trkpt>
      <trkpt lon="-82.151371" lat="33.553047"><ele>100.506173</ele><time>2022-12-07T14:07:50Z</time><extensions><speed>1.685153</speed><course>221.134712</course><hAcc>2.460754</hAcc><vAcc>0.756743</vAcc></extensions></trkpt>
      <trkpt lon="-82.151383" lat="33.553035"><ele>100.492654</ele><time>2022-12-07T14:07:51Z</time><extensions><speed>1.595194</speed><course>219.193752</course><hAcc>2.480040</hAcc><vAcc>0.756743</vAcc></extensions></trkpt>
      <trkpt lon="-82.151393" lat="33.553024"><ele>100.486883</ele><time>2022-12-07T14:07:52Z</time><extensions><speed>1.362740</speed><course>217.634472</course><hAcc>2.486272</hAcc><vAcc>0.756743</vAcc></extensions></trkpt>
      <trkpt lon="-82.151401" lat="33.553015"><ele>100.479090</ele><time>2022-12-07T14:07:53Z</time><extensions><speed>0.899242</speed><course>211.710822</course><hAcc>2.497170</hAcc><vAcc>0.756743</vAcc></extensions></trkpt>
      <trkpt lon="-82.151406" lat="33.553008"><ele>100.476313</ele><time>2022-12-07T14:07:54Z</time><extensions><speed>0.589435</speed><course>205.465341</course><hAcc>2.477391</hAcc><vAcc>0.756743</vAcc></extensions></trkpt>
      <trkpt lon="-82.151410" lat="33.553002"><ele>100.467814</ele><time>2022-12-07T14:07:55Z</time><extensions><speed>0.640410</speed><course>214.751790</course><hAcc>2.464966</hAcc><vAcc>0.756743</vAcc></extensions></trkpt>
      <trkpt lon="-82.151415" lat="33.552997"><ele>100.459381</ele><time>2022-12-07T14:07:56Z</time><extensions><speed>0.694145</speed><course>228.840461</course><hAcc>2.472388</hAcc><vAcc>0.756743</vAcc></extensions></trkpt>
      <trkpt lon="-82.151424" lat="33.552992"><ele>100.454203</ele><time>2022-12-07T14:07:57Z</time><extensions><speed>1.196968</speed><course>238.802911</course><hAcc>2.451649</hAcc><vAcc>0.756743</vAcc></extensions></trkpt>
      <trkpt lon="-82.151437" lat="33.552985"><ele>100.456571</ele><time>2022-12-07T14:07:58Z</time><extensions><speed>1.418564</speed><course>243.004811</course><hAcc>2.450903</hAcc><vAcc>0.756743</vAcc></extensions></trkpt>
      <trkpt lon="-82.151453" lat="33.552978"><ele>100.461403</ele><time>2022-12-07T14:07:59Z</time><extensions><speed>1.516104</speed><course>240.115642</course><hAcc>2.439062</hAcc><vAcc>0.758386</vAcc></extensions></trkpt>
      <trkpt lon="-82.151468" lat="33.552971"><ele>100.479528</ele><time>2022-12-07T14:08:00Z</time><extensions><speed>1.593598</speed><course>235.442960</course><hAcc>2.442281</hAcc><vAcc>0.759099</vAcc></extensions></trkpt>
      <trkpt lon="-82.151483" lat="33.552962"><ele>100.498577</ele><time>2022-12-07T14:08:01Z</time><extensions><speed>1.530969</speed><course>233.573095</course><hAcc>2.476460</hAcc><vAcc>0.761928</vAcc></extensions></trkpt>
      <trkpt lon="-82.151498" lat="33.552954"><ele>100.526156</ele><time>2022-12-07T14:08:02Z</time><extensions><speed>1.563975</speed><course>238.714754</course><hAcc>2.445335</hAcc><vAcc>0.766025</vAcc></extensions></trkpt>
      <trkpt lon="-82.151513" lat="33.552946"><ele>100.557503</ele><time>2022-12-07T14:08:03Z</time><extensions><speed>1.621176</speed><course>238.038007</course><hAcc>2.414039</hAcc><vAcc>0.771578</vAcc></extensions></trkpt>
      <trkpt lon="-82.151529" lat="33.552938"><ele>100.592836</ele><time>2022-12-07T14:08:04Z</time><extensions><speed>1.547667</speed><course>237.892312</course><hAcc>2.421639</hAcc><vAcc>0.778715</vAcc></extensions></trkpt>
      <trkpt lon="-82.151544" lat="33.552931"><ele>100.625229</ele><time>2022-12-07T14:08:05Z</time><extensions><speed>1.442457</speed><course>245.089104</course><hAcc>2.414459</hAcc><vAcc>0.787489</vAcc></extensions></trkpt>
      <trkpt lon="-82.151558" lat="33.552924"><ele>100.662472</ele><time>2022-12-07T14:08:06Z</time><extensions><speed>1.481404</speed><course>240.521258</course><hAcc>2.408073</hAcc><vAcc>0.797865</vAcc></extensions></trkpt>
      <trkpt lon="-82.151573" lat="33.552917"><ele>100.707122</ele><time>2022-12-07T14:08:07Z</time><extensions><speed>1.519845</speed><course>243.779517</course><hAcc>2.424598</hAcc><vAcc>0.809693</vAcc></extensions></trkpt>
      <trkpt lon="-82.151589" lat="33.552911"><ele>100.753143</ele><time>2022-12-07T14:08:08Z</time><extensions><speed>1.631519</speed><course>248.166584</course><hAcc>2.450888</hAcc><vAcc>0.817181</vAcc></extensions></trkpt>
      <trkpt lon="-82.151606" lat="33.552905"><ele>100.797950</ele><time>2022-12-07T14:08:09Z</time><extensions><speed>1.581022</speed><course>248.475862</course><hAcc>2.461820</hAcc><vAcc>0.824703</vAcc></extensions></trkpt>
      <trkpt lon="-82.151623" lat="33.552898"><ele>100.845937</ele><time>2022-12-07T14:08:10Z</time><extensions><speed>1.747824</speed><course>245.177668</course><hAcc>2.441410</hAcc><vAcc>0.831618</vAcc></extensions></trkpt>
      <trkpt lon="-82.151640" lat="33.552890"><ele>100.897250</ele><time>2022-12-07T14:08:11Z</time><extensions><speed>1.716220</speed><course>241.306865</course><hAcc>2.447099</hAcc><vAcc>0.837316</vAcc></extensions></trkpt>
      <trkpt lon="-82.151657" lat="33.552881"><ele>100.960971</ele><time>2022-12-07T14:08:12Z</time><extensions><speed>1.853651</speed><course>239.705846</course><hAcc>2.450134</hAcc><vAcc>0.841197</vAcc></extensions></trkpt>
      <trkpt lon="-82.151675" lat="33.552870"><ele>101.022644</ele><time>2022-12-07T14:08:13Z</time><extensions><speed>2.052732</speed><course>236.412682</course><hAcc>2.437944</hAcc><vAcc>0.842779</vAcc></extensions></trkpt>
      <trkpt lon="-82.151693" lat="33.552859"><ele>101.093664</ele><time>2022-12-07T14:08:14Z</time><extensions><speed>2.018924</speed><course>233.334622</course><hAcc>2.441256</hAcc><vAcc>0.841803</vAcc></extensions></trkpt>
      <trkpt lon="-82.151709" lat="33.552847"><ele>101.169744</ele><time>2022-12-07T14:08:15Z</time><extensions><speed>1.715906</speed><course>230.712564</course><hAcc>2.466278</hAcc><vAcc>0.838244</vAcc></extensions></trkpt>
      <trkpt lon="-82.151723" lat="33.552836"><ele>101.248817</ele><time>2022-12-07T14:08:16Z</time><extensions><speed>1.622151</speed><course>228.903661</course><hAcc>2.467886</hAcc><vAcc>0.832314</vAcc></extensions></trkpt>
      <trkpt lon="-82.151735" lat="33.552826"><ele>101.329895</ele><time>2022-12-07T14:08:17Z</time><extensions><speed>1.480971</speed><course>226.692751</course><hAcc>2.470816</hAcc><vAcc>0.824465</vAcc></extensions></trkpt>
      <trkpt lon="-82.151747" lat="33.552816"><ele>101.408865</ele><time>2022-12-07T14:08:18Z</time><extensions><speed>1.616055</speed><course>226.324369</course><hAcc>2.475150</hAcc><vAcc>0.815392</vAcc></extensions></trkpt>
      <trkpt lon="-82.151760" lat="33.552805"><ele>101.490942</ele><time>2022-12-07T14:08:19Z</time><extensions><speed>1.630156</speed><course>225.836071</course><hAcc>2.491033</hAcc><vAcc>0.805910</vAcc></extensions></trkpt>
      <trkpt lon="-82.151772" lat="33.552793"><ele>101.578843</ele><time>2022-12-07T14:08:20Z</time><extensions><speed>1.787139</speed><course>222.408269</course><hAcc>2.466975</hAcc><vAcc>0.796723</vAcc></extensions></trkpt>
      <trkpt lon="-82.151785" lat="33.552781"><ele>101.676124</ele><time>2022-12-07T14:08:21Z</time><extensions><speed>1.785705</speed><course>221.007039</course><hAcc>2.457578</hAcc><vAcc>0.788314</vAcc></extensions></trkpt>
      <trkpt lon="-82.151797" lat="33.552768"><ele>101.773436</ele><time>2022-12-07T14:08:22Z</time><extensions><speed>1.824707</speed><course>220.384448</course><hAcc>2.471962</hAcc><vAcc>0.780971</vAcc></extensions></trkpt>
      <trkpt lon="-82.151810" lat="33.552756"><ele>101.879921</ele><time>2022-12-07T14:08:23Z</time><extensions><speed>1.736147</speed><course>221.992128</course><hAcc>2.503595</hAcc><vAcc>0.774811</vAcc></extensions></trkpt>
      <trkpt lon="-82.151823" lat="33.552744"><ele>101.988299</ele><time>2022-12-07T14:08:24Z</time><extensions><speed>1.771132</speed><course>223.473377</course><hAcc>2.531842</hAcc><vAcc>0.769829</vAcc></extensions></trkpt>
      <trkpt lon="-82.151836" lat="33.552731"><ele>102.100399</ele><time>2022-12-07T14:08:25Z</time><extensions><speed>1.859704</speed><course>223.839082</course><hAcc>2.529109</hAcc><vAcc>0.765937</vAcc></extensions></trkpt>
      <trkpt lon="-82.151849" lat="33.552718"><ele>102.212849</ele><time>2022-12-07T14:08:26Z</time><extensions><speed>1.861591</speed><course>218.653037</course><hAcc>2.525953</hAcc><vAcc>0.762995</vAcc></extensions></trkpt>
      <trkpt lon="-82.151861" lat="33.552704"><ele>102.321779</ele><time>2022-12-07T14:08:27Z</time><extensions><speed>1.754769</speed><course>213.693803</course><hAcc>2.537705</hAcc><vAcc>0.760845</vAcc></extensions></trkpt>
      <trkpt lon="-82.151870" lat="33.552691"><ele>102.426433</ele><time>2022-12-07T14:08:28Z</time><extensions><speed>1.587518</speed><course>209.127515</course><hAcc>2.545307</hAcc><vAcc>0.759328</vAcc></extensions></trkpt>
      <trkpt lon="-82.151879" lat="33.552679"><ele>102.525639</ele><time>2022-12-07T14:08:29Z</time><extensions><speed>1.362469</speed><course>212.713853</course><hAcc>2.544960</hAcc><vAcc>0.758297</vAcc></extensions></trkpt>
      <trkpt lon="-82.151887" lat="33.552669"><ele>102.617967</ele><time>2022-12-07T14:08:30Z</time><extensions><speed>1.233007</speed><course>220.176573</course><hAcc>2.555210</hAcc><vAcc>0.757627</vAcc></extensions></trkpt>
      <trkpt lon="-82.151896" lat="33.552661"><ele>102.708295</ele><time>2022-12-07T14:08:31Z</time><extensions><speed>1.135631</speed><course>225.399796</course><hAcc>2.571280</hAcc><vAcc>0.757214</vAcc></extensions></trkpt>
      <trkpt lon="-82.151904" lat="33.552654"><ele>102.797350</ele><time>2022-12-07T14:08:32Z</time><extensions><speed>1.027417</speed><course>222.612621</course><hAcc>2.579437</hAcc><vAcc>0.756976</vAcc></extensions></trkpt>
      <trkpt lon="-82.151910" lat="33.552647"><ele>102.881356</ele><time>2022-12-07T14:08:33Z</time><extensions><speed>0.910274</speed><course>218.732200</course><hAcc>2.587521</hAcc><vAcc>0.756852</vAcc></extensions></trkpt>
      <trkpt lon="-82.151916" lat="33.552640"><ele>102.961118</ele><time>2022-12-07T14:08:34Z</time><extensions><speed>0.937431</speed><course>217.176563</course><hAcc>2.574347</hAcc><vAcc>0.756798</vAcc></extensions></trkpt>
      <trkpt lon="-82.151922" lat="33.552633"><ele>103.036924</ele><time>2022-12-07T14:08:35Z</time><extensions><speed>1.041986</speed><course>222.374618</course><hAcc>2.568439</hAcc><vAcc>0.756783</vAcc></extensions></trkpt>
      <trkpt lon="-82.151931" lat="33.552626"><ele>103.103511</ele><time>2022-12-07T14:08:36Z</time><extensions><speed>1.276371</speed><course>231.073582</course><hAcc>2.588355</hAcc><vAcc>0.756786</vAcc></extensions></trkpt>
      <trkpt lon="-82.151943" lat="33.552618"><ele>103.164153</ele><time>2022-12-07T14:08:37Z</time><extensions><speed>1.546158</speed><course>236.733796</course><hAcc>2.599556</hAcc><vAcc>0.756797</vAcc></extensions></trkpt>
      <trkpt lon="-82.151958" lat="33.552610"><ele>103.218441</ele><time>2022-12-07T14:08:38Z</time><extensions><speed>1.864914</speed><course>234.449152</course><hAcc>2.564832</hAcc><vAcc>0.756807</vAcc></extensions></trkpt>
      <trkpt lon="-82.151973" lat="33.552599"><ele>103.276421</ele><time>2022-12-07T14:08:39Z</time><extensions><speed>1.845041</speed><course>229.456511</course><hAcc>2.535079</hAcc><vAcc>0.756813</vAcc></extensions></trkpt>
      <trkpt lon="-82.151988" lat="33.552588"><ele>103.328987</ele><time>2022-12-07T14:08:40Z</time><extensions><speed>1.817080</speed><course>226.757747</course><hAcc>2.539949</hAcc><vAcc>0.756816</vAcc></extensions></trkpt>
      <trkpt lon="-82.152001" lat="33.552576"><ele>103.377087</ele><time>2022-12-07T14:08:41Z</time><extensions><speed>1.757681</speed><course>227.950978</course><hAcc>2.540734</hAcc><vAcc>0.756814</vAcc></extensions></trkpt>
      <trkpt lon="-82.152016" lat="33.552565"><ele>103.425931</ele><time>2022-12-07T14:08:42Z</time><extensions><speed>1.673708</speed><course>231.402058</course><hAcc>2.536591</hAcc><vAcc>0.756809</vAcc></extensions></trkpt>
      <trkpt lon="-82.152029" lat="33.552557"><ele>103.474968</ele><time>2022-12-07T14:08:43Z</time><extensions><speed>1.456218</speed><course>240.624067</course><hAcc>2.532375</hAcc><vAcc>0.756801</vAcc></extensions></trkpt>
      <trkpt lon="-82.152042" lat="33.552551"><ele>103.527706</ele><time>2022-12-07T14:08:44Z</time><extensions><speed>1.244428</speed><course>250.837616</course><hAcc>2.507297</hAcc><vAcc>0.756793</vAcc></extensions></trkpt>
      <trkpt lon="-82.152055" lat="33.552548"><ele>103.580296</ele><time>2022-12-07T14:08:45Z</time><extensions><speed>1.320115</speed><course>260.777317</course><hAcc>2.501496</hAcc><vAcc>0.756785</vAcc></extensions></trkpt>
      <trkpt lon="-82.152069" lat="33.552544"><ele>103.632731</ele><time>2022-12-07T14:08:46Z</time><extensions><speed>1.371711</speed><course>252.697738</course><hAcc>2.494938</hAcc><vAcc>0.756777</vAcc></extensions></trkpt>
      <trkpt lon="-82.152083" lat="33.552539"><ele>103.686474</ele><time>2022-12-07T14:08:47Z</time><extensions><speed>1.421642</speed><course>244.221798</course><hAcc>2.506015</hAcc><vAcc>0.756769</vAcc></extensions></trkpt>
      <trkpt lon="-82.152096" lat="33.552531"><ele>103.740041</ele><time>2022-12-07T14:08:48Z</time><extensions><speed>1.637817</speed><course>232.954524</course><hAcc>2.497798</hAcc><vAcc>0.756763</vAcc></extensions></trkpt>
      <trkpt lon="-82.152112" lat="33.552519"><ele>103.796828</ele><time>2022-12-07T14:08:49Z</time><extensions><speed>2.099357</speed><course>226.479176</course><hAcc>2.503273</hAcc><vAcc>0.756758</vAcc></extensions></trkpt>
      <trkpt lon="-82.152128" lat="33.552505"><ele>103.849367</ele><time>2022-12-07T14:08:50Z</time><extensions><speed>2.050093</speed><course>230.357949</course><hAcc>2.486991</hAcc><vAcc>0.756754</vAcc></extensions></trkpt>
      <trkpt lon="-82.152143" lat="33.552495"><ele>103.896312</ele><time>2022-12-07T14:08:51Z</time><extensions><speed>1.404692</speed><course>232.677638</course><hAcc>2.473634</hAcc><vAcc>0.756750</vAcc></extensions></trkpt>
      <trkpt lon="-82.152151" lat="33.552489"><ele>103.934643</ele><time>2022-12-07T14:08:52Z</time><extensions><speed>0.319815</speed><course>245.397571</course><hAcc>2.484874</hAcc><vAcc>0.756748</vAcc></extensions></trkpt>
      <trkpt lon="-82.152157" lat="33.552486"><ele>103.968783</ele><time>2022-12-07T14:08:53Z</time><extensions><speed>1.091350</speed><course>241.182122</course><hAcc>2.485793</hAcc><vAcc>0.756746</vAcc></extensions></trkpt>
      <trkpt lon="-82.152169" lat="33.552479"><ele>103.993362</ele><time>2022-12-07T14:08:54Z</time><extensions><speed>1.336623</speed><course>232.698615</course><hAcc>2.473951</hAcc><vAcc>0.756745</vAcc></extensions></trkpt>
      <trkpt lon="-82.152180" lat="33.552471"><ele>104.016411</ele><time>2022-12-07T14:08:55Z</time><extensions><speed>1.402969</speed><course>230.126224</course><hAcc>2.487967</hAcc><vAcc>0.756744</vAcc></extensions></trkpt>
      <trkpt lon="-82.152191" lat="33.552462"><ele>104.035248</ele><time>2022-12-07T14:08:56Z</time><extensions><speed>1.347303</speed><course>222.905008</course><hAcc>2.478879</hAcc><vAcc>0.756743</vAcc></extensions></trkpt>
      <trkpt lon="-82.152200" lat="33.552453"><ele>104.049532</ele><time>2022-12-07T14:08:57Z</time><extensions><speed>1.155821</speed><course>218.980486</course><hAcc>2.491203</hAcc><vAcc>0.756743</vAcc></extensions></trkpt>
      <trkpt lon="-82.152209" lat="33.552444"><ele>104.066599</ele><time>2022-12-07T14:08:58Z</time><extensions><speed>1.223381</speed><course>217.032950</course><hAcc>2.477130</hAcc><vAcc>0.756743</vAcc></extensions></trkpt>
      <trkpt lon="-82.152217" lat="33.552435"><ele>104.079843</ele><time>2022-12-07T14:08:59Z</time><extensions><speed>1.259330</speed><course>219.567758</course><hAcc>2.492434</hAcc><vAcc>0.756743</vAcc></extensions></trkpt>
      <trkpt lon="-82.152227" lat="33.552426"><ele>104.096254</ele><time>2022-12-07T14:09:00Z</time><extensions><speed>1.416579</speed><course>224.344766</course><hAcc>2.512065</hAcc><vAcc>0.756743</vAcc></extensions></trkpt>
      <trkpt lon="-82.152239" lat="33.552415"><ele>104.115564</ele><time>2022-12-07T14:09:01Z</time><extensions><speed>1.668285</speed><course>223.245044</course><hAcc>2.508223</hAcc><vAcc>0.756743</vAcc></extensions></trkpt>
      <trkpt lon="-82.152251" lat="33.552403"><ele>104.138370</ele><time>2022-12-07T14:09:02Z</time><extensions><speed>1.785553</speed><course>220.839539</course><hAcc>2.479824</hAcc><vAcc>0.756743</vAcc></extensions></trkpt>
      <trkpt lon="-82.152264" lat="33.552391"><ele>104.170591</ele><time>2022-12-07T14:09:03Z</time><extensions><speed>1.623923</speed><course>220.250968</course><hAcc>2.474431</hAcc><vAcc>0.756743</vAcc></extensions></trkpt>
      <trkpt lon="-82.152274" lat="33.552381"><ele>104.210258</ele><time>2022-12-07T14:09:04Z</time><extensions><speed>1.275811</speed><course>224.027046</course><hAcc>2.485053</hAcc><vAcc>0.756743</vAcc></extensions></trkpt>
      <trkpt lon="-82.152284" lat="33.552374"><ele>104.262441</ele><time>2022-12-07T14:09:05Z</time><extensions><speed>1.225310</speed><course>231.600163</course><hAcc>2.487006</hAcc><vAcc>0.756743</vAcc></extensions></trkpt>
      <trkpt lon="-82.152295" lat="33.552366"><ele>104.320756</ele><time>2022-12-07T14:09:06Z</time><extensions><speed>1.362242</speed><course>233.240527</course><hAcc>2.494274</hAcc><vAcc>0.756743</vAcc></extensions></trkpt>
      <trkpt lon="-82.152307" lat="33.552359"><ele>104.390790</ele><time>2022-12-07T14:09:07Z</time><extensions><speed>1.325999</speed><course>234.227245</course><hAcc>2.489164</hAcc><vAcc>0.756743</vAcc></extensions></trkpt>
      <trkpt lon="-82.152320" lat="33.552352"><ele>104.465625</ele><time>2022-12-07T14:09:08Z</time><extensions><speed>1.385743</speed><course>232.676592</course><hAcc>2.486465</hAcc><vAcc>0.756743</vAcc></extensions></trkpt>
      <trkpt lon="-82.152332" lat="33.552345"><ele>104.552888</ele><time>2022-12-07T14:09:09Z</time><extensions><speed>1.328507</speed><course>233.550989</course><hAcc>2.468581</hAcc><vAcc>0.756743</vAcc></extensions></trkpt>
      <trkpt lon="-82.152343" lat="33.552337"><ele>104.650585</ele><time>2022-12-07T14:09:10Z</time><extensions><speed>1.304811</speed><course>224.708492</course><hAcc>2.440167</hAcc><vAcc>0.756743</vAcc></extensions></trkpt>
      <trkpt lon="-82.152352" lat="33.552328"><ele>104.754540</ele><time>2022-12-07T14:09:11Z</time><extensions><speed>1.294085</speed><course>208.861817</course><hAcc>2.427002</hAcc><vAcc>0.756743</vAcc></extensions></trkpt>
      <trkpt lon="-82.152358" lat="33.552317"><ele>104.865694</ele><time>2022-12-07T14:09:12Z</time><extensions><speed>1.300684</speed><course>199.192803</course><hAcc>2.434583</hAcc><vAcc>0.756743</vAcc></extensions></trkpt>
      <trkpt lon="-82.152363" lat="33.552306"><ele>104.982838</ele><time>2022-12-07T14:09:13Z</time><extensions><speed>1.347271</speed><course>196.700058</course><hAcc>2.446066</hAcc><vAcc>0.756743</vAcc></extensions></trkpt>
      <trkpt lon="-82.152369" lat="33.552295"><ele>105.098978</ele><time>2022-12-07T14:09:14Z</time><extensions><speed>1.309417</speed><course>208.268271</course><hAcc>2.427871</hAcc><vAcc>0.756743</vAcc></extensions></trkpt>
      <trkpt lon="-82.152377" lat="33.552285"><ele>105.219305</ele><time>2022-12-07T14:09:15Z</time><extensions><speed>1.166074</speed><course>216.380326</course><hAcc>2.426803</hAcc><vAcc>0.756743</vAcc></extensions></trkpt>
      <trkpt lon="-82.152386" lat="33.552278"><ele>105.340154</ele><time>2022-12-07T14:09:16Z</time><extensions><speed>1.192054</speed><course>226.452474</course><hAcc>2.416855</hAcc><vAcc>0.756743</vAcc></extensions></trkpt>
      <trkpt lon="-82.152396" lat="33.552270"><ele>105.459471</ele><time>2022-12-07T14:09:17Z</time><extensions><speed>1.306909</speed><course>231.334110</course><hAcc>2.429479</hAcc><vAcc>0.756743</vAcc></extensions></trkpt>
      <trkpt lon="-82.152408" lat="33.552263"><ele>105.575615</ele><time>2022-12-07T14:09:18Z</time><extensions><speed>1.387737</speed><course>232.108237</course><hAcc>2.457326</hAcc><vAcc>0.756743</vAcc></extensions></trkpt>
      <trkpt lon="-82.152419" lat="33.552255"><ele>105.685605</ele><time>2022-12-07T14:09:19Z</time><extensions><speed>1.385184</speed><course>225.316619</course><hAcc>2.454657</hAcc><vAcc>0.756743</vAcc></extensions></trkpt>
      <trkpt lon="-82.152430" lat="33.552246"><ele>105.792092</ele><time>2022-12-07T14:09:20Z</time><extensions><speed>1.403889</speed><course>220.883682</course><hAcc>2.446924</hAcc><vAcc>0.756743</vAcc></extensions></trkpt>
      <trkpt lon="-82.152440" lat="33.552237"><ele>105.881390</ele><time>2022-12-07T14:09:21Z</time><extensions><speed>1.449871</speed><course>221.343949</course><hAcc>2.455692</hAcc><vAcc>0.756743</vAcc></extensions></trkpt>
      <trkpt lon="-82.152451" lat="33.552227"><ele>105.962069</ele><time>2022-12-07T14:09:22Z</time><extensions><speed>1.544258</speed><course>229.031254</course><hAcc>2.433753</hAcc><vAcc>0.756743</vAcc></extensions></trkpt>
      <trkpt lon="-82.152465" lat="33.552219"><ele>106.029511</ele><time>2022-12-07T14:09:23Z</time><extensions><speed>1.539653</speed><course>234.696710</course><hAcc>2.425585</hAcc><vAcc>0.756743</vAcc></extensions></trkpt>
      <trkpt lon="-82.152479" lat="33.552211"><ele>106.082385</ele><time>2022-12-07T14:09:24Z</time><extensions><speed>1.496808</speed><course>241.860050</course><hAcc>2.438075</hAcc><vAcc>0.756743</vAcc></extensions></trkpt>
      <trkpt lon="-82.152493" lat="33.552206"><ele>106.120526</ele><time>2022-12-07T14:09:25Z</time><extensions><speed>1.376494</speed><course>247.304681</course><hAcc>2.469341</hAcc><vAcc>0.756743</vAcc></extensions></trkpt>
      <trkpt lon="-82.152507" lat="33.552201"><ele>106.145361</ele><time>2022-12-07T14:09:26Z</time><extensions><speed>1.343677</speed><course>248.676811</course><hAcc>2.507729</hAcc><vAcc>0.756743</vAcc></extensions></trkpt>
      <trkpt lon="-82.152520" lat="33.552197"><ele>106.153680</ele><time>2022-12-07T14:09:27Z</time><extensions><speed>1.236057</speed><course>247.865811</course><hAcc>2.501164</hAcc><vAcc>0.756743</vAcc></extensions></trkpt>
      <trkpt lon="-82.152532" lat="33.552192"><ele>106.152658</ele><time>2022-12-07T14:09:28Z</time><extensions><speed>1.255015</speed><course>244.738607</course><hAcc>2.477573</hAcc><vAcc>0.756743</vAcc></extensions></trkpt>
      <trkpt lon="-82.152544" lat="33.552187"><ele>106.143590</ele><time>2022-12-07T14:09:29Z</time><extensions><speed>1.231937</speed><course>239.309945</course><hAcc>2.462076</hAcc><vAcc>0.758386</vAcc></extensions></trkpt>
      <trkpt lon="-82.152555" lat="33.552181"><ele>106.114095</ele><time>2022-12-07T14:09:30Z</time><extensions><speed>1.222091</speed><course>231.754790</course><hAcc>2.460934</hAcc><vAcc>0.759099</vAcc></extensions></trkpt>
      <trkpt lon="-82.152565" lat="33.552174"><ele>106.081017</ele><time>2022-12-07T14:09:31Z</time><extensions><speed>1.212797</speed><course>226.379308</course><hAcc>2.470693</hAcc><vAcc>0.761928</vAcc></extensions></trkpt>
      <trkpt lon="-82.152575" lat="33.552167"><ele>106.039916</ele><time>2022-12-07T14:09:32Z</time><extensions><speed>1.189021</speed><course>230.107824</course><hAcc>2.463320</hAcc><vAcc>0.763635</vAcc></extensions></trkpt>
      <trkpt lon="-82.152584" lat="33.552160"><ele>105.997232</ele><time>2022-12-07T14:09:33Z</time><extensions><speed>1.037745</speed><course>229.174301</course><hAcc>2.442372</hAcc><vAcc>0.765591</vAcc></extensions></trkpt>
      <trkpt lon="-82.152592" lat="33.552154"><ele>105.951592</ele><time>2022-12-07T14:09:34Z</time><extensions><speed>0.995521</speed><course>222.768155</course><hAcc>2.424373</hAcc><vAcc>0.767770</vAcc></extensions></trkpt>
      <trkpt lon="-82.152599" lat="33.552147"><ele>105.910283</ele><time>2022-12-07T14:09:35Z</time><extensions><speed>0.929861</speed><course>209.968190</course><hAcc>2.432627</hAcc><vAcc>0.770108</vAcc></extensions></trkpt>
      <trkpt lon="-82.152603" lat="33.552140"><ele>105.871380</ele><time>2022-12-07T14:09:36Z</time><extensions><speed>0.890120</speed><course>198.107566</course><hAcc>2.451765</hAcc><vAcc>0.772490</vAcc></extensions></trkpt>
      <trkpt lon="-82.152606" lat="33.552132"><ele>105.835333</ele><time>2022-12-07T14:09:37Z</time><extensions><speed>1.003556</speed><course>201.056087</course><hAcc>2.485452</hAcc><vAcc>0.774741</vAcc></extensions></trkpt>
      <trkpt lon="-82.152611" lat="33.552124"><ele>105.800536</ele><time>2022-12-07T14:09:38Z</time><extensions><speed>1.052561</speed><course>210.724301</course><hAcc>2.480716</hAcc><vAcc>0.776618</vAcc></extensions></trkpt>
      <trkpt lon="-82.152618" lat="33.552116"><ele>105.770425</ele><time>2022-12-07T14:09:39Z</time><extensions><speed>1.122323</speed><course>219.290832</course><hAcc>2.497507</hAcc><vAcc>0.777819</vAcc></extensions></trkpt>
      <trkpt lon="-82.152628" lat="33.552108"><ele>105.746521</ele><time>2022-12-07T14:09:40Z</time><extensions><speed>1.325217</speed><course>226.823915</course><hAcc>2.492362</hAcc><vAcc>0.778099</vAcc></extensions></trkpt>
      <trkpt lon="-82.152640" lat="33.552099"><ele>105.719923</ele><time>2022-12-07T14:09:41Z</time><extensions><speed>1.800917</speed><course>230.164571</course><hAcc>2.470256</hAcc><vAcc>0.777387</vAcc></extensions></trkpt>
      <trkpt lon="-82.152656" lat="33.552090"><ele>105.688703</ele><time>2022-12-07T14:09:42Z</time><extensions><speed>1.754992</speed><course>235.518057</course><hAcc>2.451925</hAcc><vAcc>0.775791</vAcc></extensions></trkpt>
      <trkpt lon="-82.152670" lat="33.552083"><ele>105.658938</ele><time>2022-12-07T14:09:43Z</time><extensions><speed>1.178991</speed><course>247.537052</course><hAcc>2.470579</hAcc><vAcc>0.773586</vAcc></extensions></trkpt>
      <trkpt lon="-82.152680" lat="33.552078"><ele>105.637663</ele><time>2022-12-07T14:09:44Z</time><extensions><speed>1.106606</speed><course>226.738826</course><hAcc>2.478503</hAcc><vAcc>0.771094</vAcc></extensions></trkpt>
      <trkpt lon="-82.152689" lat="33.552070"><ele>105.622714</ele><time>2022-12-07T14:09:45Z</time><extensions><speed>1.359064</speed><course>223.165535</course><hAcc>2.457137</hAcc><vAcc>0.768570</vAcc></extensions></trkpt>
      <trkpt lon="-82.152701" lat="33.552060"><ele>105.606039</ele><time>2022-12-07T14:09:46Z</time><extensions><speed>1.628345</speed><course>229.072261</course><hAcc>2.467620</hAcc><vAcc>0.766191</vAcc></extensions></trkpt>
      <trkpt lon="-82.152717" lat="33.552053"><ele>105.590425</ele><time>2022-12-07T14:09:47Z</time><extensions><speed>1.703521</speed><course>250.064485</course><hAcc>2.478443</hAcc><vAcc>0.764070</vAcc></extensions></trkpt>
      <trkpt lon="-82.152735" lat="33.552050"><ele>105.572740</ele><time>2022-12-07T14:09:48Z</time><extensions><speed>1.659132</speed><course>265.934575</course><hAcc>2.483749</hAcc><vAcc>0.762261</vAcc></extensions></trkpt>
      <trkpt lon="-82.152751" lat="33.552049"><ele>105.557328</ele><time>2022-12-07T14:09:49Z</time><extensions><speed>1.447870</speed><course>273.395965</course><hAcc>2.507878</hAcc><vAcc>0.760777</vAcc></extensions></trkpt>
      <trkpt lon="-82.152767" lat="33.552050"><ele>105.547074</ele><time>2022-12-07T14:09:50Z</time><extensions><speed>1.443540</speed><course>267.901056</course><hAcc>2.499773</hAcc><vAcc>0.759603</vAcc></extensions></trkpt>
      <trkpt lon="-82.152782" lat="33.552048"><ele>105.538296</ele><time>2022-12-07T14:09:51Z</time><extensions><speed>1.373335</speed><course>260.367502</course><hAcc>2.494882</hAcc><vAcc>0.758705</vAcc></extensions></trkpt>
      <trkpt lon="-82.152797" lat="33.552045"><ele>105.532168</ele><time>2022-12-07T14:09:52Z</time><extensions><speed>1.298630</speed><course>252.157878</course><hAcc>2.508765</hAcc><vAcc>0.758040</vAcc></extensions></trkpt>
      <trkpt lon="-82.152810" lat="33.552040"><ele>105.518778</ele><time>2022-12-07T14:09:53Z</time><extensions><speed>1.378302</speed><course>243.744659</course><hAcc>2.535003</hAcc><vAcc>0.757566</vAcc></extensions></trkpt>
      <trkpt lon="-82.152823" lat="33.552033"><ele>105.510127</ele><time>2022-12-07T14:09:54Z</time><extensions><speed>1.418418</speed><course>235.572097</course><hAcc>2.567767</hAcc><vAcc>0.757239</vAcc></extensions></trkpt>
      <trkpt lon="-82.152835" lat="33.552025"><ele>105.502400</ele><time>2022-12-07T14:09:55Z</time><extensions><speed>1.456556</speed><course>232.600401</course><hAcc>2.564657</hAcc><vAcc>0.757024</vAcc></extensions></trkpt>
      <trkpt lon="-82.152847" lat="33.552016"><ele>105.494612</ele><time>2022-12-07T14:09:56Z</time><extensions><speed>1.464660</speed><course>231.822530</course><hAcc>2.566148</hAcc><vAcc>0.756890</vAcc></extensions></trkpt>
      <trkpt lon="-82.152859" lat="33.552008"><ele>105.483891</ele><time>2022-12-07T14:09:57Z</time><extensions><speed>1.439654</speed><course>233.305784</course><hAcc>2.564866</hAcc><vAcc>0.756811</vAcc></extensions></trkpt>
      <trkpt lon="-82.152871" lat="33.551999"><ele>105.469736</ele><time>2022-12-07T14:09:58Z</time><extensions><speed>1.398121</speed><course>231.932198</course><hAcc>2.570052</hAcc><vAcc>0.756769</vAcc></extensions></trkpt>
      <trkpt lon="-82.152882" lat="33.551991"><ele>105.456871</ele><time>2022-12-07T14:09:59Z</time><extensions><speed>1.305337</speed><course>230.600087</course><hAcc>2.581926</hAcc><vAcc>0.756751</vAcc></extensions></trkpt>
      <trkpt lon="-82.152892" lat="33.551982"><ele>105.444865</ele><time>2022-12-07T14:10:00Z</time><extensions><speed>1.339642</speed><course>227.702031</course><hAcc>2.581267</hAcc><vAcc>0.756745</vAcc></extensions></trkpt>
      <trkpt lon="-82.152903" lat="33.551973"><ele>105.436994</ele><time>2022-12-07T14:10:01Z</time><extensions><speed>1.471274</speed><course>225.304082</course><hAcc>2.589307</hAcc><vAcc>0.756747</vAcc></extensions></trkpt>
      <trkpt lon="-82.152912" lat="33.551962"><ele>105.433448</ele><time>2022-12-07T14:10:02Z</time><extensions><speed>1.518477</speed><course>214.625809</course><hAcc>2.570372</hAcc><vAcc>0.756751</vAcc></extensions></trkpt>
      <trkpt lon="-82.152920" lat="33.551950"><ele>105.422464</ele><time>2022-12-07T14:10:03Z</time><extensions><speed>1.522703</speed><course>204.102954</course><hAcc>2.544128</hAcc><vAcc>0.756755</vAcc></extensions></trkpt>
      <trkpt lon="-82.152925" lat="33.551936"><ele>105.414282</ele><time>2022-12-07T14:10:04Z</time><extensions><speed>1.546879</speed><course>196.063863</course><hAcc>2.523266</hAcc><vAcc>0.756758</vAcc></extensions></trkpt>
      <trkpt lon="-82.152928" lat="33.551922"><ele>105.410852</ele><time>2022-12-07T14:10:05Z</time><extensions><speed>1.507769</speed><course>190.496493</course><hAcc>2.540325</hAcc><vAcc>0.756760</vAcc></extensions></trkpt>
      <trkpt lon="-82.152930" lat="33.551909"><ele>105.411371</ele><time>2022-12-07T14:10:06Z</time><extensions><speed>1.434871</speed><course>188.730420</course><hAcc>2.583586</hAcc><vAcc>0.756761</vAcc></extensions></trkpt>
      <trkpt lon="-82.152931" lat="33.551895"><ele>105.418099</ele><time>2022-12-07T14:10:07Z</time><extensions><speed>1.401168</speed><course>190.317936</course><hAcc>2.599461</hAcc><vAcc>0.756760</vAcc></extensions></trkpt>
      <trkpt lon="-82.152933" lat="33.551882"><ele>105.421301</ele><time>2022-12-07T14:10:08Z</time><extensions><speed>1.479427</speed><course>188.920028</course><hAcc>2.566363</hAcc><vAcc>0.756759</vAcc></extensions></trkpt>
      <trkpt lon="-82.152934" lat="33.551869"><ele>105.429896</ele><time>2022-12-07T14:10:09Z</time><extensions><speed>1.540591</speed><course>182.626939</course><hAcc>2.531982</hAcc><vAcc>0.756757</vAcc></extensions></trkpt>
      <trkpt lon="-82.152933" lat="33.551854"><ele>105.441604</ele><time>2022-12-07T14:10:10Z</time><extensions><speed>1.613751</speed><course>175.390922</course><hAcc>2.521466</hAcc><vAcc>0.756755</vAcc></extensions></trkpt>
      <trkpt lon="-82.152930" lat="33.551840"><ele>105.454757</ele><time>2022-12-07T14:10:11Z</time><extensions><speed>1.602075</speed><course>169.225230</course><hAcc>2.544112</hAcc><vAcc>0.756753</vAcc></extensions></trkpt>
      <trkpt lon="-82.152926" lat="33.551826"><ele>105.470126</ele><time>2022-12-07T14:10:12Z</time><extensions><speed>1.543913</speed><course>165.831603</course><hAcc>2.588545</hAcc><vAcc>0.756751</vAcc></extensions></trkpt>
      <trkpt lon="-82.152921" lat="33.551813"><ele>105.484698</ele><time>2022-12-07T14:10:13Z</time><extensions><speed>1.486024</speed><course>163.181954</course><hAcc>2.605147</hAcc><vAcc>0.756749</vAcc></extensions></trkpt>
      <trkpt lon="-82.152916" lat="33.551801"><ele>105.492742</ele><time>2022-12-07T14:10:14Z</time><extensions><speed>1.497411</speed><course>160.120383</course><hAcc>2.596889</hAcc><vAcc>0.756747</vAcc></extensions></trkpt>
      <trkpt lon="-82.152910" lat="33.551789"><ele>105.499728</ele><time>2022-12-07T14:10:15Z</time><extensions><speed>1.454225</speed><course>158.071678</course><hAcc>2.605690</hAcc><vAcc>0.756746</vAcc></extensions></trkpt>
      <trkpt lon="-82.152904" lat="33.551777"><ele>105.505239</ele><time>2022-12-07T14:10:16Z</time><extensions><speed>1.497316</speed><course>153.745587</course><hAcc>2.573404</hAcc><vAcc>0.756745</vAcc></extensions></trkpt>
      <trkpt lon="-82.152897" lat="33.551765"><ele>105.499713</ele><time>2022-12-07T14:10:17Z</time><extensions><speed>1.525845</speed><course>151.708799</course><hAcc>2.552631</hAcc><vAcc>0.756744</vAcc></extensions></trkpt>
      <trkpt lon="-82.152889" lat="33.551753"><ele>105.488164</ele><time>2022-12-07T14:10:18Z</time><extensions><speed>1.483533</speed><course>151.008184</course><hAcc>2.545351</hAcc><vAcc>0.756744</vAcc></extensions></trkpt>
      <trkpt lon="-82.152882" lat="33.551741"><ele>105.469008</ele><time>2022-12-07T14:10:19Z</time><extensions><speed>1.374842</speed><course>150.690401</course><hAcc>2.547562</hAcc><vAcc>0.756743</vAcc></extensions></trkpt>
      <trkpt lon="-82.152876" lat="33.551731"><ele>105.448239</ele><time>2022-12-07T14:10:20Z</time><extensions><speed>1.199317</speed><course>151.513275</course><hAcc>2.562458</hAcc><vAcc>0.756743</vAcc></extensions></trkpt>
      <trkpt lon="-82.152871" lat="33.551722"><ele>105.421424</ele><time>2022-12-07T14:10:21Z</time><extensions><speed>0.919186</speed><course>154.399271</course><hAcc>2.537834</hAcc><vAcc>0.756743</vAcc></extensions></trkpt>
      <trkpt lon="-82.152867" lat="33.551715"><ele>105.394792</ele><time>2022-12-07T14:10:22Z</time><extensions><speed>0.815831</speed><course>162.235501</course><hAcc>2.523956</hAcc><vAcc>0.756743</vAcc></extensions></trkpt>
      <trkpt lon="-82.152865" lat="33.551708"><ele>105.368274</ele><time>2022-12-07T14:10:23Z</time><extensions><speed>0.790561</speed><course>158.626266</course><hAcc>2.525162</hAcc><vAcc>0.756743</vAcc></extensions></trkpt>
      <trkpt lon="-82.152861" lat="33.551702"><ele>105.340730</ele><time>2022-12-07T14:10:24Z</time><extensions><speed>0.917124</speed><course>147.232171</course><hAcc>2.516109</hAcc><vAcc>0.756743</vAcc></extensions></trkpt>
      <trkpt lon="-82.152854" lat="33.551694"><ele>105.302186</ele><time>2022-12-07T14:10:25Z</time><extensions><speed>1.220756</speed><course>140.360540</course><hAcc>2.519020</hAcc><vAcc>0.756743</vAcc></extensions></trkpt>
      <trkpt lon="-82.152845" lat="33.551685"><ele>105.257537</ele><time>2022-12-07T14:10:26Z</time><extensions><speed>1.247539</speed><course>147.418129</course><hAcc>2.500860</hAcc><vAcc>0.756743</vAcc></extensions></trkpt>
      <trkpt lon="-82.152839" lat="33.551676"><ele>105.210853</ele><time>2022-12-07T14:10:27Z</time><extensions><speed>1.183593</speed><course>161.849617</course><hAcc>2.488230</hAcc><vAcc>0.756743</vAcc></extensions></trkpt>
      <trkpt lon="-82.152836" lat="33.551666"><ele>105.172065</ele><time>2022-12-07T14:10:28Z</time><extensions><speed>1.171498</speed><course>170.425464</course><hAcc>2.472346</hAcc><vAcc>0.756743</vAcc></extensions></trkpt>
      <trkpt lon="-82.152833" lat="33.551656"><ele>105.133803</ele><time>2022-12-07T14:10:29Z</time><extensions><speed>1.147686</speed><course>174.897438</course><hAcc>2.441891</hAcc><vAcc>0.756743</vAcc></extensions></trkpt>
      <trkpt lon="-82.152832" lat="33.551646"><ele>105.093136</ele><time>2022-12-07T14:10:30Z</time><extensions><speed>1.123493</speed><course>175.359304</course><hAcc>2.439804</hAcc><vAcc>0.756743</vAcc></extensions></trkpt>
      <trkpt lon="-82.152830" lat="33.551636"><ele>105.054793</ele><time>2022-12-07T14:10:31Z</time><extensions><speed>1.107788</speed><course>176.543160</course><hAcc>2.479737</hAcc><vAcc>0.756743</vAcc></extensions></trkpt>
      <trkpt lon="-82.152829" lat="33.551626"><ele>105.012951</ele><time>2022-12-07T14:10:32Z</time><extensions><speed>1.125630</speed><course>174.854186</course><hAcc>2.495181</hAcc><vAcc>0.756743</vAcc></extensions></trkpt>
      <trkpt lon="-82.152827" lat="33.551615"><ele>104.974277</ele><time>2022-12-07T14:10:33Z</time><extensions><speed>1.244297</speed><course>164.095199</course><hAcc>2.494681</hAcc><vAcc>0.756743</vAcc></extensions></trkpt>
      <trkpt lon="-82.152821" lat="33.551605"><ele>104.940353</ele><time>2022-12-07T14:10:34Z</time><extensions><speed>1.281615</speed><course>148.707619</course><hAcc>2.480728</hAcc><vAcc>0.756743</vAcc></extensions></trkpt>
      <trkpt lon="-82.152811" lat="33.551596"><ele>104.915793</ele><time>2022-12-07T14:10:35Z</time><extensions><speed>1.357679</speed><course>129.385748</course><hAcc>2.464138</hAcc><vAcc>0.756743</vAcc></extensions></trkpt>
      <trkpt lon="-82.152798" lat="33.551589"><ele>104.899082</ele><time>2022-12-07T14:10:36Z</time><extensions><speed>1.491164</speed><course>116.030303</course><hAcc>2.447792</hAcc><vAcc>0.756743</vAcc></extensions></trkpt>
      <trkpt lon="-82.152783" lat="33.551584"><ele>104.886037</ele><time>2022-12-07T14:10:37Z</time><extensions><speed>1.435290</speed><course>110.607777</course><hAcc>2.455880</hAcc><vAcc>0.756743</vAcc></extensions></trkpt>
      <trkpt lon="-82.152769" lat="33.551579"><ele>104.881639</ele><time>2022-12-07T14:10:38Z</time><extensions><speed>1.421413</speed><course>109.564017</course><hAcc>2.488389</hAcc><vAcc>0.756743</vAcc></extensions></trkpt>
      <trkpt lon="-82.152754" lat="33.551574"><ele>104.878814</ele><time>2022-12-07T14:10:39Z</time><extensions><speed>1.419156</speed><course>119.048288</course><hAcc>2.468638</hAcc><vAcc>0.756743</vAcc></extensions></trkpt>
      <trkpt lon="-82.152741" lat="33.551566"><ele>104.888300</ele><time>2022-12-07T14:10:40Z</time><extensions><speed>1.414794</speed><course>131.489403</course><hAcc>2.453469</hAcc><vAcc>0.756743</vAcc></extensions></trkpt>
      <trkpt lon="-82.152730" lat="33.551557"><ele>104.906301</ele><time>2022-12-07T14:10:41Z</time><extensions><speed>1.438646</speed><course>142.096527</course><hAcc>2.444526</hAcc><vAcc>0.756743</vAcc></extensions></trkpt>
      <trkpt lon="-82.152720" lat="33.551547"><ele>104.933949</ele><time>2022-12-07T14:10:42Z</time><extensions><speed>1.455939</speed><course>143.374559</course><hAcc>2.459479</hAcc><vAcc>0.756743</vAcc></extensions></trkpt>
      <trkpt lon="-82.152710" lat="33.551536"><ele>104.972082</ele><time>2022-12-07T14:10:43Z</time><extensions><speed>1.456597</speed><course>141.696514</course><hAcc>2.457857</hAcc><vAcc>0.756743</vAcc></extensions></trkpt>
      <trkpt lon="-82.152700" lat="33.551526"><ele>105.020728</ele><time>2022-12-07T14:10:44Z</time><extensions><speed>1.459986</speed><course>141.858829</course><hAcc>2.421005</hAcc><vAcc>0.756743</vAcc></extensions></trkpt>
      <trkpt lon="-82.152689" lat="33.551516"><ele>105.076067</ele><time>2022-12-07T14:10:45Z</time><extensions><speed>1.431512</speed><course>136.352261</course><hAcc>2.423156</hAcc><vAcc>0.756743</vAcc></extensions></trkpt>
      <trkpt lon="-82.152679" lat="33.551505"><ele>105.142430</ele><time>2022-12-07T14:10:46Z</time><extensions><speed>1.427591</speed><course>146.591844</course><hAcc>2.421088</hAcc><vAcc>0.756743</vAcc></extensions></trkpt>
      <trkpt lon="-82.152670" lat="33.551494"><ele>105.218934</ele><time>2022-12-07T14:10:47Z</time><extensions><speed>1.454973</speed><course>144.456407</course><hAcc>2.418868</hAcc><vAcc>0.756743</vAcc></extensions></trkpt>
      <trkpt lon="-82.152660" lat="33.551484"><ele>105.300541</ele><time>2022-12-07T14:10:48Z</time><extensions><speed>1.455059</speed><course>145.664058</course><hAcc>2.429370</hAcc><vAcc>0.756743</vAcc></extensions></trkpt>
      <trkpt lon="-82.152650" lat="33.551473"><ele>105.386193</ele><time>2022-12-07T14:10:49Z</time><extensions><speed>1.488141</speed><course>142.116754</course><hAcc>2.415370</hAcc><vAcc>0.756743</vAcc></extensions></trkpt>
      <trkpt lon="-82.152639" lat="33.551462"><ele>105.478148</ele><time>2022-12-07T14:10:50Z</time><extensions><speed>1.519351</speed><course>139.506042</course><hAcc>2.413987</hAcc><vAcc>0.756743</vAcc></extensions></trkpt>
      <trkpt lon="-82.152628" lat="33.551451"><ele>105.571844</ele><time>2022-12-07T14:10:51Z</time><extensions><speed>1.504399</speed><course>138.758875</course><hAcc>2.444644</hAcc><vAcc>0.756743</vAcc></extensions></trkpt>
      <trkpt lon="-82.152616" lat="33.551441"><ele>105.669442</ele><time>2022-12-07T14:10:52Z</time><extensions><speed>1.526432</speed><course>137.294021</course><hAcc>2.453496</hAcc><vAcc>0.756743</vAcc></extensions></trkpt>
      <trkpt lon="-82.152604" lat="33.551431"><ele>105.767266</ele><time>2022-12-07T14:10:53Z</time><extensions><speed>1.571946</speed><course>136.751960</course><hAcc>2.454275</hAcc><vAcc>0.756743</vAcc></extensions></trkpt>
      <trkpt lon="-82.152592" lat="33.551420"><ele>105.859345</ele><time>2022-12-07T14:10:54Z</time><extensions><speed>1.589940</speed><course>138.295458</course><hAcc>2.457030</hAcc><vAcc>0.756743</vAcc></extensions></trkpt>
      <trkpt lon="-82.152581" lat="33.551409"><ele>105.952076</ele><time>2022-12-07T14:10:55Z</time><extensions><speed>1.577634</speed><course>140.236017</course><hAcc>2.471212</hAcc><vAcc>0.756743</vAcc></extensions></trkpt>
      <trkpt lon="-82.152569" lat="33.551398"><ele>106.037549</ele><time>2022-12-07T14:10:56Z</time><extensions><speed>1.546951</speed><course>139.021998</course><hAcc>2.480735</hAcc><vAcc>0.756743</vAcc></extensions></trkpt>
      <trkpt lon="-82.152557" lat="33.551388"><ele>106.123873</ele><time>2022-12-07T14:10:57Z</time><extensions><speed>1.554931</speed><course>134.926314</course><hAcc>2.461169</hAcc><vAcc>0.756743</vAcc></extensions></trkpt>
      <trkpt lon="-82.152544" lat="33.551378"><ele>106.205961</ele><time>2022-12-07T14:10:58Z</time><extensions><speed>1.610764</speed><course>130.421515</course><hAcc>2.467355</hAcc><vAcc>0.756743</vAcc></extensions></trkpt>
      <trkpt lon="-82.152531" lat="33.551369"><ele>106.284237</ele><time>2022-12-07T14:10:59Z</time><extensions><speed>1.534121</speed><course>129.261152</course><hAcc>2.491477</hAcc><vAcc>0.756743</vAcc></extensions></trkpt>
      <trkpt lon="-82.152518" lat="33.551360"><ele>106.363944</ele><time>2022-12-07T14:11:00Z</time><extensions><speed>1.594086</speed><course>130.319060</course><hAcc>2.512612</hAcc><vAcc>0.756743</vAcc></extensions></trkpt>
      <trkpt lon="-82.152505" lat="33.551350"><ele>106.435989</ele><time>2022-12-07T14:11:01Z</time><extensions><speed>1.527598</speed><course>136.296905</course><hAcc>2.532551</hAcc><vAcc>0.756743</vAcc></extensions></trkpt>
      <trkpt lon="-82.152492" lat="33.551340"><ele>106.504585</ele><time>2022-12-07T14:11:02Z</time><extensions><speed>1.643945</speed><course>134.897068</course><hAcc>2.509723</hAcc><vAcc>0.756743</vAcc></extensions></trkpt>
      <trkpt lon="-82.152479" lat="33.551330"><ele>106.570361</ele><time>2022-12-07T14:11:03Z</time><extensions><speed>1.620809</speed><course>132.185664</course><hAcc>2.504595</hAcc><vAcc>0.756743</vAcc></extensions></trkpt>
      <trkpt lon="-82.152465" lat="33.551320"><ele>106.628449</ele><time>2022-12-07T14:11:04Z</time><extensions><speed>1.580336</speed><course>128.714315</course><hAcc>2.516997</hAcc><vAcc>0.756743</vAcc></extensions></trkpt>
      <trkpt lon="-82.152452" lat="33.551311"><ele>106.682890</ele><time>2022-12-07T14:11:05Z</time><extensions><speed>1.508582</speed><course>128.978222</course><hAcc>2.528162</hAcc><vAcc>0.756743</vAcc></extensions></trkpt>
      <trkpt lon="-82.152439" lat="33.551302"><ele>106.736607</ele><time>2022-12-07T14:11:06Z</time><extensions><speed>1.535755</speed><course>132.258109</course><hAcc>2.549806</hAcc><vAcc>0.756743</vAcc></extensions></trkpt>
      <trkpt lon="-82.152426" lat="33.551293"><ele>106.785406</ele><time>2022-12-07T14:11:07Z</time><extensions><speed>1.567421</speed><course>133.210514</course><hAcc>2.551097</hAcc><vAcc>0.756743</vAcc></extensions></trkpt>
      <trkpt lon="-82.152413" lat="33.551283"><ele>106.828678</ele><time>2022-12-07T14:11:08Z</time><extensions><speed>1.573049</speed><course>132.133226</course><hAcc>2.571204</hAcc><vAcc>0.756743</vAcc></extensions></trkpt>
      <trkpt lon="-82.152400" lat="33.551274"><ele>106.864973</ele><time>2022-12-07T14:11:09Z</time><extensions><speed>1.530937</speed><course>130.193101</course><hAcc>2.613889</hAcc><vAcc>0.756743</vAcc></extensions></trkpt>
      <trkpt lon="-82.152387" lat="33.551265"><ele>106.897160</ele><time>2022-12-07T14:11:10Z</time><extensions><speed>1.476179</speed><course>131.970718</course><hAcc>2.616168</hAcc><vAcc>0.756743</vAcc></extensions></trkpt>
      <trkpt lon="-82.152376" lat="33.551256"><ele>106.921494</ele><time>2022-12-07T14:11:11Z</time><extensions><speed>1.335460</speed><course>137.719902</course><hAcc>2.579920</hAcc><vAcc>0.756743</vAcc></extensions></trkpt>
      <trkpt lon="-82.152366" lat="33.551246"><ele>106.936570</ele><time>2022-12-07T14:11:12Z</time><extensions><speed>1.341072</speed><course>145.335798</course><hAcc>2.542677</hAcc><vAcc>0.756743</vAcc></extensions></trkpt>
      <trkpt lon="-82.152358" lat="33.551236"><ele>106.944118</ele><time>2022-12-07T14:11:13Z</time><extensions><speed>1.414639</speed><course>152.436556</course><hAcc>2.540636</hAcc><vAcc>0.756743</vAcc></extensions></trkpt>
      <trkpt lon="-82.152352" lat="33.551225"><ele>106.944655</ele><time>2022-12-07T14:11:14Z</time><extensions><speed>1.453616</speed><course>158.939285</course><hAcc>2.565397</hAcc><vAcc>0.756743</vAcc></extensions></trkpt>
      <trkpt lon="-82.152346" lat="33.551213"><ele>106.938831</ele><time>2022-12-07T14:11:15Z</time><extensions><speed>1.529699</speed><course>157.697549</course><hAcc>2.569332</hAcc><vAcc>0.756743</vAcc></extensions></trkpt>
      <trkpt lon="-82.152339" lat="33.551200"><ele>106.925368</ele><time>2022-12-07T14:11:16Z</time><extensions><speed>1.684190</speed><course>156.021655</course><hAcc>2.568613</hAcc><vAcc>0.756743</vAcc></extensions></trkpt>
      <trkpt lon="-82.152331" lat="33.551187"><ele>106.907238</ele><time>2022-12-07T14:11:17Z</time><extensions><speed>1.649653</speed><course>152.275779</course><hAcc>2.553305</hAcc><vAcc>0.756743</vAcc></extensions></trkpt>
      <trkpt lon="-82.152322" lat="33.551174"><ele>106.884767</ele><time>2022-12-07T14:11:18Z</time><extensions><speed>1.625531</speed><course>150.585929</course><hAcc>2.530171</hAcc><vAcc>0.756743</vAcc></extensions></trkpt>
      <trkpt lon="-82.152313" lat="33.551162"><ele>106.858779</ele><time>2022-12-07T14:11:19Z</time><extensions><speed>1.599175</speed><course>148.193589</course><hAcc>2.527426</hAcc><vAcc>0.756743</vAcc></extensions></trkpt>
      <trkpt lon="-82.152303" lat="33.551151"><ele>106.830704</ele><time>2022-12-07T14:11:20Z</time><extensions><speed>1.551655</speed><course>147.324393</course><hAcc>2.523855</hAcc><vAcc>0.756743</vAcc></extensions></trkpt>
      <trkpt lon="-82.152293" lat="33.551141"><ele>106.801567</ele><time>2022-12-07T14:11:21Z</time><extensions><speed>1.447642</speed><course>142.276403</course><hAcc>2.510665</hAcc><vAcc>0.756743</vAcc></extensions></trkpt>
      <trkpt lon="-82.152283" lat="33.551132"><ele>106.772772</ele><time>2022-12-07T14:11:22Z</time><extensions><speed>1.378826</speed><course>138.496307</course><hAcc>2.498498</hAcc><vAcc>0.756743</vAcc></extensions></trkpt>
      <trkpt lon="-82.152273" lat="33.551124"><ele>106.739017</ele><time>2022-12-07T14:11:23Z</time><extensions><speed>1.299898</speed><course>133.008380</course><hAcc>2.499226</hAcc><vAcc>0.756743</vAcc></extensions></trkpt>
      <trkpt lon="-82.152263" lat="33.551117"><ele>106.705688</ele><time>2022-12-07T14:11:24Z</time><extensions><speed>1.261009</speed><course>134.249275</course><hAcc>2.517708</hAcc><vAcc>0.756743</vAcc></extensions></trkpt>
      <trkpt lon="-82.152252" lat="33.551110"><ele>106.672720</ele><time>2022-12-07T14:11:25Z</time><extensions><speed>1.381818</speed><course>133.875318</course><hAcc>2.516711</hAcc><vAcc>0.756743</vAcc></extensions></trkpt>
      <trkpt lon="-82.152241" lat="33.551102"><ele>106.642162</ele><time>2022-12-07T14:11:26Z</time><extensions><speed>1.387694</speed><course>131.963433</course><hAcc>2.502542</hAcc><vAcc>0.756743</vAcc></extensions></trkpt>
      <trkpt lon="-82.152230" lat="33.551094"><ele>106.618549</ele><time>2022-12-07T14:11:27Z</time><extensions><speed>1.375252</speed><course>130.212628</course><hAcc>2.503767</hAcc><vAcc>0.756743</vAcc></extensions></trkpt>
      <trkpt lon="-82.152219" lat="33.551088"><ele>106.601341</ele><time>2022-12-07T14:11:28Z</time><extensions><speed>1.314836</speed><course>125.738423</course><hAcc>2.503549</hAcc><vAcc>0.756743</vAcc></extensions></trkpt>
      <trkpt lon="-82.152207" lat="33.551082"><ele>106.594581</ele><time>2022-12-07T14:11:29Z</time><extensions><speed>1.331832</speed><course>120.506705</course><hAcc>2.519182</hAcc><vAcc>0.756743</vAcc></extensions></trkpt>
      <trkpt lon="-82.152194" lat="33.551077"><ele>106.595645</ele><time>2022-12-07T14:11:30Z</time><extensions><speed>1.351169</speed><course>116.436432</course><hAcc>2.547678</hAcc><vAcc>0.756743</vAcc></extensions></trkpt>
      <trkpt lon="-82.152181" lat="33.551072"><ele>106.607152</ele><time>2022-12-07T14:11:31Z</time><extensions><speed>1.267206</speed><course>108.593290</course><hAcc>2.546459</hAcc><vAcc>0.756743</vAcc></extensions></trkpt>
      <trkpt lon="-82.152169" lat="33.551069"><ele>106.629229</ele><time>2022-12-07T14:11:32Z</time><extensions><speed>1.017755</speed><course>107.776153</course><hAcc>2.549923</hAcc><vAcc>0.756743</vAcc></extensions></trkpt>
      <trkpt lon="-82.152160" lat="33.551067"><ele>106.656553</ele><time>2022-12-07T14:11:33Z</time><extensions><speed>0.654307</speed><course>113.825115</course><hAcc>2.548640</hAcc><vAcc>0.756743</vAcc></extensions></trkpt>
      <trkpt lon="-82.152154" lat="33.551063"><ele>106.685796</ele><time>2022-12-07T14:11:34Z</time><extensions><speed>0.680250</speed><course>140.521428</course><hAcc>2.570387</hAcc><vAcc>0.756743</vAcc></extensions></trkpt>
      <trkpt lon="-82.152150" lat="33.551059"><ele>106.713708</ele><time>2022-12-07T14:11:35Z</time><extensions><speed>0.594130</speed><course>154.708928</course><hAcc>2.568947</hAcc><vAcc>0.756743</vAcc></extensions></trkpt>
      <trkpt lon="-82.152147" lat="33.551054"><ele>106.747889</ele><time>2022-12-07T14:11:36Z</time><extensions><speed>0.526205</speed><course>164.358568</course><hAcc>2.567000</hAcc><vAcc>0.756743</vAcc></extensions></trkpt>
      <trkpt lon="-82.152144" lat="33.551050"><ele>106.783901</ele><time>2022-12-07T14:11:37Z</time><extensions><speed>0.486581</speed><course>149.515607</course><hAcc>2.572834</hAcc><vAcc>0.756743</vAcc></extensions></trkpt>
      <trkpt lon="-82.152140" lat="33.551045"><ele>106.822133</ele><time>2022-12-07T14:11:38Z</time><extensions><speed>0.787119</speed><course>144.617032</course><hAcc>2.599590</hAcc><vAcc>0.756743</vAcc></extensions></trkpt>
      <trkpt lon="-82.152133" lat="33.551039"><ele>106.862624</ele><time>2022-12-07T14:11:39Z</time><extensions><speed>1.013960</speed><course>132.812530</course><hAcc>2.620667</hAcc><vAcc>0.756743</vAcc></extensions></trkpt>
      <trkpt lon="-82.152124" lat="33.551033"><ele>106.909679</ele><time>2022-12-07T14:11:40Z</time><extensions><speed>1.202222</speed><course>132.219200</course><hAcc>2.635919</hAcc><vAcc>0.756743</vAcc></extensions></trkpt>
      <trkpt lon="-82.152113" lat="33.551025"><ele>106.958057</ele><time>2022-12-07T14:11:41Z</time><extensions><speed>1.353706</speed><course>131.704051</course><hAcc>2.627131</hAcc><vAcc>0.756743</vAcc></extensions></trkpt>
      <trkpt lon="-82.152102" lat="33.551017"><ele>107.008625</ele><time>2022-12-07T14:11:42Z</time><extensions><speed>1.383029</speed><course>132.302036</course><hAcc>2.632055</hAcc><vAcc>0.756743</vAcc></extensions></trkpt>
      <trkpt lon="-82.152091" lat="33.551009"><ele>107.052496</ele><time>2022-12-07T14:11:43Z</time><extensions><speed>1.290559</speed><course>126.953742</course><hAcc>2.621035</hAcc><vAcc>0.756743</vAcc></extensions></trkpt>
      <trkpt lon="-82.152079" lat="33.551003"><ele>107.080164</ele><time>2022-12-07T14:11:44Z</time><extensions><speed>1.311962</speed><course>120.415072</course><hAcc>2.616601</hAcc><vAcc>0.756743</vAcc></extensions></trkpt>
      <trkpt lon="-82.152065" lat="33.550997"><ele>107.099767</ele><time>2022-12-07T14:11:45Z</time><extensions><speed>1.445048</speed><course>116.548320</course><hAcc>2.626787</hAcc><vAcc>0.756743</vAcc></extensions></trkpt>
      <trkpt lon="-82.152051" lat="33.550991"><ele>107.109057</ele><time>2022-12-07T14:11:46Z</time><extensions><speed>1.485370</speed><course>120.091374</course><hAcc>2.647644</hAcc><vAcc>0.756743</vAcc></extensions></trkpt>
      <trkpt lon="-82.152037" lat="33.550984"><ele>107.114436</ele><time>2022-12-07T14:11:47Z</time><extensions><speed>1.464709</speed><course>129.630337</course><hAcc>2.638916</hAcc><vAcc>0.758386</vAcc></extensions></trkpt>
      <trkpt lon="-82.152026" lat="33.550975"><ele>107.112994</ele><time>2022-12-07T14:11:48Z</time><extensions><speed>1.446551</speed><course>139.522236</course><hAcc>2.627486</hAcc><vAcc>0.761086</vAcc></extensions></trkpt>
      <trkpt lon="-82.152016" lat="33.550966"><ele>107.099445</ele><time>2022-12-07T14:11:49Z</time><extensions><speed>1.408161</speed><course>141.269729</course><hAcc>2.604934</hAcc><vAcc>0.765080</vAcc></extensions></trkpt>
      <trkpt lon="-82.152006" lat="33.550957"><ele>107.079118</ele><time>2022-12-07T14:11:50Z</time><extensions><speed>1.365555</speed><course>141.403979</course><hAcc>2.595721</hAcc><vAcc>0.770563</vAcc></extensions></trkpt>
      <trkpt lon="-82.151997" lat="33.550948"><ele>107.048320</ele><time>2022-12-07T14:11:51Z</time><extensions><speed>1.323119</speed><course>141.453985</course><hAcc>2.614475</hAcc><vAcc>0.777678</vAcc></extensions></trkpt>
      <trkpt lon="-82.151987" lat="33.550940"><ele>107.002292</ele><time>2022-12-07T14:11:52Z</time><extensions><speed>1.289926</speed><course>139.200186</course><hAcc>2.654838</hAcc><vAcc>0.786499</vAcc></extensions></trkpt>
      <trkpt lon="-82.151978" lat="33.550933"><ele>106.948266</ele><time>2022-12-07T14:11:53Z</time><extensions><speed>1.110173</speed><course>130.004852</course><hAcc>2.674241</hAcc><vAcc>0.797019</vAcc></extensions></trkpt>
      <trkpt lon="-82.151967" lat="33.550928"><ele>106.885671</ele><time>2022-12-07T14:11:54Z</time><extensions><speed>1.257293</speed><course>116.231485</course><hAcc>2.665937</hAcc><vAcc>0.809119</vAcc></extensions></trkpt>
      <trkpt lon="-82.151954" lat="33.550925"><ele>106.806346</ele><time>2022-12-07T14:11:55Z</time><extensions><speed>1.317713</speed><course>108.039731</course><hAcc>2.635914</hAcc><vAcc>0.816916</vAcc></extensions></trkpt>
      <trkpt lon="-82.151941" lat="33.550922"><ele>106.723398</ele><time>2022-12-07T14:11:56Z</time><extensions><speed>1.322438</speed><course>104.132445</course><hAcc>2.590790</hAcc><vAcc>0.824945</vAcc></extensions></trkpt>
      <trkpt lon="-82.151927" lat="33.550919"><ele>106.634609</ele><time>2022-12-07T14:11:57Z</time><extensions><speed>1.242003</speed><course>103.192866</course><hAcc>2.558404</hAcc><vAcc>0.832461</vAcc></extensions></trkpt>
      <trkpt lon="-82.151915" lat="33.550917"><ele>106.537187</ele><time>2022-12-07T14:11:58Z</time><extensions><speed>1.168657</speed><course>105.020672</course><hAcc>2.571754</hAcc><vAcc>0.838647</vAcc></extensions></trkpt>
      <trkpt lon="-82.151903" lat="33.550914"><ele>106.447267</ele><time>2022-12-07T14:11:59Z</time><extensions><speed>1.150038</speed><course>107.908569</course><hAcc>2.626593</hAcc><vAcc>0.842815</vAcc></extensions></trkpt>
      <trkpt lon="-82.151893" lat="33.550909"><ele>106.349247</ele><time>2022-12-07T14:12:00Z</time><extensions><speed>1.079574</speed><course>119.741972</course><hAcc>2.649918</hAcc><vAcc>0.844513</vAcc></extensions></trkpt>
      <trkpt lon="-82.151886" lat="33.550905"><ele>106.247942</ele><time>2022-12-07T14:12:01Z</time><extensions><speed>0.530750</speed><course>126.550007</course><hAcc>2.622428</hAcc><vAcc>0.843523</vAcc></extensions></trkpt>
      <trkpt lon="-82.151884" lat="33.550902"><ele>106.144150</ele><time>2022-12-07T14:12:02Z</time><extensions><speed>0.331311</speed><course>190.947110</course><hAcc>2.600914</hAcc><vAcc>0.839855</vAcc></extensions></trkpt>
      <trkpt lon="-82.151888" lat="33.550899"><ele>106.040952</ele><time>2022-12-07T14:12:03Z</time><extensions><speed>0.502542</speed><course>253.608260</course><hAcc>2.606205</hAcc><vAcc>0.833756</vAcc></extensions></trkpt>
      <trkpt lon="-82.151896" lat="33.550898"><ele>105.937973</ele><time>2022-12-07T14:12:04Z</time><extensions><speed>0.910414</speed><course>269.581567</course><hAcc>2.601710</hAcc><vAcc>0.825707</vAcc></extensions></trkpt>
      <trkpt lon="-82.151910" lat="33.550898"><ele>105.836221</ele><time>2022-12-07T14:12:05Z</time><extensions><speed>1.501106</speed><course>267.159910</course><hAcc>2.590645</hAcc><vAcc>0.816424</vAcc></extensions></trkpt>
      <trkpt lon="-82.151927" lat="33.550896"><ele>105.737475</ele><time>2022-12-07T14:12:06Z</time><extensions><speed>1.766972</speed><course>262.972812</course><hAcc>2.597523</hAcc><vAcc>0.806739</vAcc></extensions></trkpt>
      <trkpt lon="-82.151947" lat="33.550894"><ele>105.643681</ele><time>2022-12-07T14:12:07Z</time><extensions><speed>1.836081</speed><course>260.858117</course><hAcc>2.604760</hAcc><vAcc>0.797367</vAcc></extensions></trkpt>
      <trkpt lon="-82.151967" lat="33.550891"><ele>105.553088</ele><time>2022-12-07T14:12:08Z</time><extensions><speed>1.808946</speed><course>261.339046</course><hAcc>2.631314</hAcc><vAcc>0.788799</vAcc></extensions></trkpt>
      <trkpt lon="-82.151986" lat="33.550889"><ele>105.470231</ele><time>2022-12-07T14:12:09Z</time><extensions><speed>1.866097</speed><course>262.565070</course><hAcc>2.667772</hAcc><vAcc>0.781323</vAcc></extensions></trkpt>
      <trkpt lon="-82.152006" lat="33.550887"><ele>105.394486</ele><time>2022-12-07T14:12:10Z</time><extensions><speed>1.899372</speed><course>264.325146</course><hAcc>2.713663</hAcc><vAcc>0.775058</vAcc></extensions></trkpt>
      <trkpt lon="-82.152026" lat="33.550886"><ele>105.324157</ele><time>2022-12-07T14:12:11Z</time><extensions><speed>1.906145</speed><course>267.648305</course><hAcc>2.768306</hAcc><vAcc>0.769996</vAcc></extensions></trkpt>
      <trkpt lon="-82.152047" lat="33.550885"><ele>105.260096</ele><time>2022-12-07T14:12:12Z</time><extensions><speed>2.122014</speed><course>272.970359</course><hAcc>2.764522</hAcc><vAcc>0.767587</vAcc></extensions></trkpt>
      <trkpt lon="-82.152070" lat="33.550887"><ele>105.203069</ele><time>2022-12-07T14:12:13Z</time><extensions><speed>2.234432</speed><course>277.622750</course><hAcc>2.740673</hAcc><vAcc>0.767235</vAcc></extensions></trkpt>
      <trkpt lon="-82.152093" lat="33.550890"><ele>105.153488</ele><time>2022-12-07T14:12:14Z</time><extensions><speed>2.184386</speed><course>282.112474</course><hAcc>2.729984</hAcc><vAcc>0.769018</vAcc></extensions></trkpt>
      <trkpt lon="-82.152114" lat="33.550894"><ele>105.110963</ele><time>2022-12-07T14:12:15Z</time><extensions><speed>2.004461</speed><course>287.195409</course><hAcc>2.739438</hAcc><vAcc>0.772966</vAcc></extensions></trkpt>
      <trkpt lon="-82.152132" lat="33.550899"><ele>105.076959</ele><time>2022-12-07T14:12:16Z</time><extensions><speed>1.729004</speed><course>293.476621</course><hAcc>2.761510</hAcc><vAcc>0.779062</vAcc></extensions></trkpt>
      <trkpt lon="-82.152147" lat="33.550906"><ele>105.051062</ele><time>2022-12-07T14:12:17Z</time><extensions><speed>1.532452</speed><course>300.546278</course><hAcc>2.786372</hAcc><vAcc>0.787245</vAcc></extensions></trkpt>
      <trkpt lon="-82.152160" lat="33.550912"><ele>105.024023</ele><time>2022-12-07T14:12:18Z</time><extensions><speed>1.407705</speed><course>304.914065</course><hAcc>2.798214</hAcc><vAcc>0.797390</vAcc></extensions></trkpt>
      <trkpt lon="-82.152171" lat="33.550919"><ele>105.004992</ele><time>2022-12-07T14:12:19Z</time><extensions><speed>1.330922</speed><course>305.713799</course><hAcc>2.802717</hAcc><vAcc>0.809291</vAcc></extensions></trkpt>
      <trkpt lon="-82.152182" lat="33.550925"><ele>104.991516</ele><time>2022-12-07T14:12:20Z</time><extensions><speed>1.217164</speed><course>303.335741</course><hAcc>2.782992</hAcc><vAcc>0.822625</vAcc></extensions></trkpt>
      <trkpt lon="-82.152192" lat="33.550930"><ele>104.985648</ele><time>2022-12-07T14:12:21Z</time><extensions><speed>1.030943</speed><course>301.401706</course><hAcc>2.750910</hAcc><vAcc>0.830893</vAcc></extensions></trkpt>
      <trkpt lon="-82.152201" lat="33.550934"><ele>104.985343</ele><time>2022-12-07T14:12:22Z</time><extensions><speed>0.970913</speed><course>306.654859</course><hAcc>2.737707</hAcc><vAcc>0.838995</vAcc></extensions></trkpt>
      <trkpt lon="-82.152209" lat="33.550939"><ele>104.987373</ele><time>2022-12-07T14:12:23Z</time><extensions><speed>1.061962</speed><course>321.683166</course><hAcc>2.745882</hAcc><vAcc>0.846028</vAcc></extensions></trkpt>
      <trkpt lon="-82.152214" lat="33.550948"><ele>104.994303</ele><time>2022-12-07T14:12:24Z</time><extensions><speed>1.161004</speed><course>337.898917</course><hAcc>2.726073</hAcc><vAcc>0.851245</vAcc></extensions></trkpt>
      <trkpt lon="-82.152219" lat="33.550957"><ele>105.006684</ele><time>2022-12-07T14:12:25Z</time><extensions><speed>1.304834</speed><course>340.384264</course><hAcc>2.709938</hAcc><vAcc>0.854129</vAcc></extensions></trkpt>
      <trkpt lon="-82.152225" lat="33.550968"><ele>105.021332</ele><time>2022-12-07T14:12:26Z</time><extensions><speed>1.333742</speed><course>333.808358</course><hAcc>2.712457</hAcc><vAcc>0.854377</vAcc></extensions></trkpt>
      <trkpt lon="-82.152233" lat="33.550978"><ele>105.041911</ele><time>2022-12-07T14:12:27Z</time><extensions><speed>1.180542</speed><course>319.500557</course><hAcc>2.719651</hAcc><vAcc>0.851888</vAcc></extensions></trkpt>
      <trkpt lon="-82.152242" lat="33.550984"><ele>105.066196</ele><time>2022-12-07T14:12:28Z</time><extensions><speed>1.107487</speed><course>302.330642</course><hAcc>2.746572</hAcc><vAcc>0.846766</vAcc></extensions></trkpt>
      <trkpt lon="-82.152252" lat="33.550988"><ele>105.100383</ele><time>2022-12-07T14:12:29Z</time><extensions><speed>0.979796</speed><course>275.873093</course><hAcc>2.744319</hAcc><vAcc>0.839317</vAcc></extensions></trkpt>
      <trkpt lon="-82.152263" lat="33.550987"><ele>105.141548</ele><time>2022-12-07T14:12:30Z</time><extensions><speed>0.990326</speed><course>252.935313</course><hAcc>2.749404</hAcc><vAcc>0.830064</vAcc></extensions></trkpt>
      <trkpt lon="-82.152274" lat="33.550985"><ele>105.187072</ele><time>2022-12-07T14:12:31Z</time><extensions><speed>0.960936</speed><course>246.050761</course><hAcc>2.771727</hAcc><vAcc>0.819744</vAcc></extensions></trkpt>
      <trkpt lon="-82.152283" lat="33.550982"><ele>105.229292</ele><time>2022-12-07T14:12:32Z</time><extensions><speed>0.770019</speed><course>248.911982</course><hAcc>2.794398</hAcc><vAcc>0.809196</vAcc></extensions></trkpt>
      <trkpt lon="-82.152292" lat="33.550982"><ele>105.275750</ele><time>2022-12-07T14:12:33Z</time><extensions><speed>0.771837</speed><course>260.874803</course><hAcc>2.815166</hAcc><vAcc>0.799129</vAcc></extensions></trkpt>
      <trkpt lon="-82.152301" lat="33.550983"><ele>105.323066</ele><time>2022-12-07T14:12:34Z</time><extensions><speed>0.895376</speed><course>278.161993</course><hAcc>2.831512</hAcc><vAcc>0.790021</vAcc></extensions></trkpt>
      <trkpt lon="-82.152312" lat="33.550986"><ele>105.380114</ele><time>2022-12-07T14:12:35Z</time><extensions><speed>1.089424</speed><course>295.759692</course><hAcc>2.827857</hAcc><vAcc>0.782138</vAcc></extensions></trkpt>
      <trkpt lon="-82.152324" lat="33.550993"><ele>105.440907</ele><time>2022-12-07T14:12:36Z</time><extensions><speed>1.351729</speed><course>308.107449</course><hAcc>2.807507</hAcc><vAcc>0.777071</vAcc></extensions></trkpt>
      <trkpt lon="-82.152336" lat="33.551003"><ele>105.511110</ele><time>2022-12-07T14:12:37Z</time><extensions><speed>1.608960</speed><course>315.124276</course><hAcc>2.784479</hAcc><vAcc>0.772548</vAcc></extensions></trkpt>
      <trkpt lon="-82.152350" lat="33.551015"><ele>105.584275</ele><time>2022-12-07T14:12:38Z</time><extensions><speed>1.711162</speed><course>316.146855</course><hAcc>2.783985</hAcc><vAcc>0.769337</vAcc></extensions></trkpt>
      <trkpt lon="-82.152362" lat="33.551027"><ele>105.660673</ele><time>2022-12-07T14:12:39Z</time><extensions><speed>1.634201</speed><course>314.298388</course><hAcc>2.800687</hAcc><vAcc>0.767273</vAcc></extensions></trkpt>
      <trkpt lon="-82.152375" lat="33.551038"><ele>105.740727</ele><time>2022-12-07T14:12:40Z</time><extensions><speed>1.570771</speed><course>313.778906</course><hAcc>2.791017</hAcc><vAcc>0.766165</vAcc></extensions></trkpt>
      <trkpt lon="-82.152385" lat="33.551048"><ele>105.812543</ele><time>2022-12-07T14:12:41Z</time><extensions><speed>1.284790</speed><course>317.140614</course><hAcc>2.753304</hAcc><vAcc>0.767675</vAcc></extensions></trkpt>
      <trkpt lon="-82.152394" lat="33.551057"><ele>105.881735</ele><time>2022-12-07T14:12:42Z</time><extensions><speed>1.275103</speed><course>321.268675</course><hAcc>2.688965</hAcc><vAcc>0.768594</vAcc></extensions></trkpt>
      <trkpt lon="-82.152401" lat="33.551066"><ele>105.950047</ele><time>2022-12-07T14:12:43Z</time><extensions><speed>1.253262</speed><course>320.117678</course><hAcc>2.636673</hAcc><vAcc>0.769961</vAcc></extensions></trkpt>
      <trkpt lon="-82.152409" lat="33.551074"><ele>106.016698</ele><time>2022-12-07T14:12:44Z</time><extensions><speed>1.172442</speed><course>314.176485</course><hAcc>2.619403</hAcc><vAcc>0.771549</vAcc></extensions></trkpt>
      <trkpt lon="-82.152419" lat="33.551081"><ele>106.073541</ele><time>2022-12-07T14:12:45Z</time><extensions><speed>1.318844</speed><course>309.535162</course><hAcc>2.603318</hAcc><vAcc>0.773108</vAcc></extensions></trkpt>
      <trkpt lon="-82.152429" lat="33.551089"><ele>106.125975</ele><time>2022-12-07T14:12:46Z</time><extensions><speed>1.298593</speed><course>309.510891</course><hAcc>2.606758</hAcc><vAcc>0.774369</vAcc></extensions></trkpt>
      <trkpt lon="-82.152438" lat="33.551097"><ele>106.175872</ele><time>2022-12-07T14:12:47Z</time><extensions><speed>1.297914</speed><course>330.397843</course><hAcc>2.589860</hAcc><vAcc>0.777064</vAcc></extensions></trkpt>
      <trkpt lon="-82.152442" lat="33.551107"><ele>106.211341</ele><time>2022-12-07T14:12:48Z</time><extensions><speed>1.281123</speed><course>348.269244</course><hAcc>2.586846</hAcc><vAcc>0.780298</vAcc></extensions></trkpt>
      <trkpt lon="-82.152444" lat="33.551119"><ele>106.228611</ele><time>2022-12-07T14:12:49Z</time><extensions><speed>1.360511</speed><course>0.879387</course><hAcc>2.580570</hAcc><vAcc>0.781704</vAcc></extensions></trkpt>
      <trkpt lon="-82.152442" lat="33.551131"><ele>106.234870</ele><time>2022-12-07T14:12:50Z</time><extensions><speed>1.387960</speed><course>12.534844</course><hAcc>2.580595</hAcc><vAcc>0.782935</vAcc></extensions></trkpt>
      <trkpt lon="-82.152437" lat="33.551143"><ele>106.228507</ele><time>2022-12-07T14:12:51Z</time><extensions><speed>1.401094</speed><course>24.773673</course><hAcc>2.573619</hAcc><vAcc>0.783920</vAcc></extensions></trkpt>
      <trkpt lon="-82.152430" lat="33.551154"><ele>106.199887</ele><time>2022-12-07T14:12:52Z</time><extensions><speed>1.385117</speed><course>30.364153</course><hAcc>2.575837</hAcc><vAcc>0.784611</vAcc></extensions></trkpt>
      <trkpt lon="-82.152423" lat="33.551165"><ele>106.167386</ele><time>2022-12-07T14:12:53Z</time><extensions><speed>1.310110</speed><course>28.908093</course><hAcc>2.582842</hAcc><vAcc>0.785086</vAcc></extensions></trkpt>
      <trkpt lon="-82.152418" lat="33.551175"><ele>106.123100</ele><time>2022-12-07T14:12:54Z</time><extensions><speed>1.194353</speed><course>18.914424</course><hAcc>2.617596</hAcc><vAcc>0.785421</vAcc></extensions></trkpt>
      <trkpt lon="-82.152417" lat="33.551185"><ele>106.070258</ele><time>2022-12-07T14:12:55Z</time><extensions><speed>1.097185</speed><course>1.461170</course><hAcc>2.672355</hAcc><vAcc>0.785574</vAcc></extensions></trkpt>
      <trkpt lon="-82.152419" lat="33.551195"><ele>105.994273</ele><time>2022-12-07T14:12:56Z</time><extensions><speed>0.954843</speed><course>342.050959</course><hAcc>2.664602</hAcc><vAcc>0.787260</vAcc></extensions></trkpt>
      <trkpt lon="-82.152425" lat="33.551203"><ele>105.903469</ele><time>2022-12-07T14:12:57Z</time><extensions><speed>0.982408</speed><course>328.706903</course><hAcc>2.652466</hAcc><vAcc>0.789333</vAcc></extensions></trkpt>
      <trkpt lon="-82.152432" lat="33.551211"><ele>105.803181</ele><time>2022-12-07T14:12:58Z</time><extensions><speed>1.056466</speed><course>330.960130</course><hAcc>2.667496</hAcc><vAcc>0.791777</vAcc></extensions></trkpt>
      <trkpt lon="-82.152439" lat="33.551220"><ele>105.695509</ele><time>2022-12-07T14:12:59Z</time><extensions><speed>1.135192</speed><course>343.146856</course><hAcc>2.696572</hAcc><vAcc>0.794815</vAcc></extensions></trkpt>
      <trkpt lon="-82.152443" lat="33.551230"><ele>105.576418</ele><time>2022-12-07T14:13:00Z</time><extensions><speed>1.257101</speed><course>351.731198</course><hAcc>2.709888</hAcc><vAcc>0.798904</vAcc></extensions></trkpt>
      <trkpt lon="-82.152448" lat="33.551242"><ele>105.457195</ele><time>2022-12-07T14:13:01Z</time><extensions><speed>1.375590</speed><course>348.422306</course><hAcc>2.705389</hAcc><vAcc>0.804480</vAcc></extensions></trkpt>
      <trkpt lon="-82.152454" lat="33.551254"><ele>105.335649</ele><time>2022-12-07T14:13:02Z</time><extensions><speed>1.473601</speed><course>341.459365</course><hAcc>2.704781</hAcc><vAcc>0.811815</vAcc></extensions></trkpt>
      <trkpt lon="-82.152463" lat="33.551267"><ele>105.216234</ele><time>2022-12-07T14:13:03Z</time><extensions><speed>1.603363</speed><course>328.669864</course><hAcc>2.695610</hAcc><vAcc>0.820982</vAcc></extensions></trkpt>
      <trkpt lon="-82.152476" lat="33.551279"><ele>105.091754</ele><time>2022-12-07T14:13:04Z</time><extensions><speed>1.736141</speed><course>315.028202</course><hAcc>2.689831</hAcc><vAcc>0.831834</vAcc></extensions></trkpt>
      <trkpt lon="-82.152493" lat="33.551289"><ele>104.973431</ele><time>2022-12-07T14:13:05Z</time><extensions><speed>1.780943</speed><course>304.430521</course><hAcc>2.691136</hAcc><vAcc>0.843992</vAcc></extensions></trkpt>
      <trkpt lon="-82.152510" lat="33.551297"><ele>104.863114</ele><time>2022-12-07T14:13:06Z</time><extensions><speed>1.738956</speed><course>299.699953</course><hAcc>2.692462</hAcc><vAcc>0.856843</vAcc></extensions></trkpt>
      <trkpt lon="-82.152528" lat="33.551305"><ele>104.764453</ele><time>2022-12-07T14:13:07Z</time><extensions><speed>1.729315</speed><course>298.538423</course><hAcc>2.666771</hAcc><vAcc>0.869660</vAcc></extensions></trkpt>
      <trkpt lon="-82.152547" lat="33.551313"><ele>104.685049</ele><time>2022-12-07T14:13:08Z</time><extensions><speed>1.822981</speed><course>299.532936</course><hAcc>2.659121</hAcc><vAcc>0.875152</vAcc></extensions></trkpt>
      <trkpt lon="-82.152565" lat="33.551322"><ele>104.617338</ele><time>2022-12-07T14:13:09Z</time><extensions><speed>1.961954</speed><course>303.770867</course><hAcc>2.682351</hAcc><vAcc>0.879487</vAcc></extensions></trkpt>
      <trkpt lon="-82.152584" lat="33.551332"><ele>104.554785</ele><time>2022-12-07T14:13:10Z</time><extensions><speed>1.974275</speed><course>304.921410</course><hAcc>2.682968</hAcc><vAcc>0.882065</vAcc></extensions></trkpt>
      <trkpt lon="-82.152602" lat="33.551342"><ele>104.495677</ele><time>2022-12-07T14:13:11Z</time><extensions><speed>1.947587</speed><course>305.585677</course><hAcc>2.654554</hAcc><vAcc>0.882513</vAcc></extensions></trkpt>
      <trkpt lon="-82.152620" lat="33.551352"><ele>104.449480</ele><time>2022-12-07T14:13:12Z</time><extensions><speed>2.008908</speed><course>305.228335</course><hAcc>2.631641</hAcc><vAcc>0.880619</vAcc></extensions></trkpt>
      <trkpt lon="-82.152638" lat="33.551363"><ele>104.408868</ele><time>2022-12-07T14:13:13Z</time><extensions><speed>2.026677</speed><course>306.052368</course><hAcc>2.645676</hAcc><vAcc>0.876307</vAcc></extensions></trkpt>
      <trkpt lon="-82.152656" lat="33.551373"><ele>104.373976</ele><time>2022-12-07T14:13:14Z</time><extensions><speed>1.955583</speed><course>307.759259</course><hAcc>2.704197</hAcc><vAcc>0.869631</vAcc></extensions></trkpt>
      <trkpt lon="-82.152672" lat="33.551384"><ele>104.336650</ele><time>2022-12-07T14:13:15Z</time><extensions><speed>1.677470</speed><course>313.150638</course><hAcc>2.773523</hAcc><vAcc>0.860786</vAcc></extensions></trkpt>
      <trkpt lon="-82.152685" lat="33.551394"><ele>104.300775</ele><time>2022-12-07T14:13:16Z</time><extensions><speed>1.662671</speed><course>313.302763</course><hAcc>2.762995</hAcc><vAcc>0.851874</vAcc></extensions></trkpt>
      <trkpt lon="-82.152699" lat="33.551404"><ele>104.264605</ele><time>2022-12-07T14:13:17Z</time><extensions><speed>1.644076</speed><course>315.432987</course><hAcc>2.742487</hAcc><vAcc>0.840653</vAcc></extensions></trkpt>
      <trkpt lon="-82.152711" lat="33.551415"><ele>104.229779</ele><time>2022-12-07T14:13:18Z</time><extensions><speed>1.596308</speed><course>316.875931</course><hAcc>2.741084</hAcc><vAcc>0.829015</vAcc></extensions></trkpt>
      <trkpt lon="-82.152724" lat="33.551425"><ele>104.197546</ele><time>2022-12-07T14:13:19Z</time><extensions><speed>1.567634</speed><course>314.938923</course><hAcc>2.739666</hAcc><vAcc>0.817753</vAcc></extensions></trkpt>
      <trkpt lon="-82.152736" lat="33.551434"><ele>104.164227</ele><time>2022-12-07T14:13:20Z</time><extensions><speed>1.505215</speed><course>313.024685</course><hAcc>2.739633</hAcc><vAcc>0.807502</vAcc></extensions></trkpt>
      <trkpt lon="-82.152748" lat="33.551443"><ele>104.124910</ele><time>2022-12-07T14:13:21Z</time><extensions><speed>1.435046</speed><course>310.608070</course><hAcc>2.734607</hAcc><vAcc>0.798643</vAcc></extensions></trkpt>
      <trkpt lon="-82.152761" lat="33.551452"><ele>104.083925</ele><time>2022-12-07T14:13:22Z</time><extensions><speed>1.421925</speed><course>309.688028</course><hAcc>2.732319</hAcc><vAcc>0.791320</vAcc></extensions></trkpt>
      <trkpt lon="-82.152773" lat="33.551460"><ele>104.034356</ele><time>2022-12-07T14:13:23Z</time><extensions><speed>1.345731</speed><course>310.815674</course><hAcc>2.757301</hAcc><vAcc>0.785479</vAcc></extensions></trkpt>
      <trkpt lon="-82.152785" lat="33.551468"><ele>103.982520</ele><time>2022-12-07T14:13:24Z</time><extensions><speed>1.175780</speed><course>316.044493</course><hAcc>2.804414</hAcc><vAcc>0.780913</vAcc></extensions></trkpt>
      <trkpt lon="-82.152793" lat="33.551474"><ele>103.930156</ele><time>2022-12-07T14:13:25Z</time><extensions><speed>0.769367</speed><course>319.470509</course><hAcc>2.800897</hAcc><vAcc>0.777306</vAcc></extensions></trkpt>
      <trkpt lon="-82.152799" lat="33.551480"><ele>103.879797</ele><time>2022-12-07T14:13:26Z</time><extensions><speed>0.814305</speed><course>325.186603</course><hAcc>2.743101</hAcc><vAcc>0.774284</vAcc></extensions></trkpt>
      <trkpt lon="-82.152806" lat="33.551487"><ele>103.830285</ele><time>2022-12-07T14:13:27Z</time><extensions><speed>0.919369</speed><course>327.208143</course><hAcc>2.675641</hAcc><vAcc>0.771554</vAcc></extensions></trkpt>
      <trkpt lon="-82.152812" lat="33.551495"><ele>103.783247</ele><time>2022-12-07T14:13:28Z</time><extensions><speed>1.107401</speed><course>331.507140</course><hAcc>2.637511</hAcc><vAcc>0.769039</vAcc></extensions></trkpt>
      <trkpt lon="-82.152818" lat="33.551505"><ele>103.734308</ele><time>2022-12-07T14:13:29Z</time><extensions><speed>1.387686</speed><course>340.586338</course><hAcc>2.650143</hAcc><vAcc>0.766767</vAcc></extensions></trkpt>
      <trkpt lon="-82.152824" lat="33.551517"><ele>103.689932</ele><time>2022-12-07T14:13:30Z</time><extensions><speed>1.591494</speed><course>343.457333</course><hAcc>2.689509</hAcc><vAcc>0.764762</vAcc></extensions></trkpt>
      <trkpt lon="-82.152830" lat="33.551529"><ele>103.645511</ele><time>2022-12-07T14:13:31Z</time><extensions><speed>1.531539</speed><course>332.174554</course><hAcc>2.660449</hAcc><vAcc>0.763038</vAcc></extensions></trkpt>
      <trkpt lon="-82.152840" lat="33.551540"><ele>103.605795</ele><time>2022-12-07T14:13:32Z</time><extensions><speed>1.566113</speed><course>318.298457</course><hAcc>2.638411</hAcc><vAcc>0.761591</vAcc></extensions></trkpt>
      <trkpt lon="-82.152852" lat="33.551550"><ele>103.569307</ele><time>2022-12-07T14:13:33Z</time><extensions><speed>1.581635</speed><course>314.450376</course><hAcc>2.646327</hAcc><vAcc>0.760405</vAcc></extensions></trkpt>
      <trkpt lon="-82.152865" lat="33.551560"><ele>103.529649</ele><time>2022-12-07T14:13:34Z</time><extensions><speed>1.699444</speed><course>315.828127</course><hAcc>2.642927</hAcc><vAcc>0.759457</vAcc></extensions></trkpt>
      <trkpt lon="-82.152878" lat="33.551571"><ele>103.498724</ele><time>2022-12-07T14:13:35Z</time><extensions><speed>1.682489</speed><course>321.535747</course><hAcc>2.648998</hAcc><vAcc>0.760342</vAcc></extensions></trkpt>
      <trkpt lon="-82.152889" lat="33.551583"><ele>103.472327</ele><time>2022-12-07T14:13:36Z</time><extensions><speed>1.602011</speed><course>324.009247</course><hAcc>2.656128</hAcc><vAcc>0.762466</vAcc></extensions></trkpt>
      <trkpt lon="-82.152899" lat="33.551594"><ele>103.468144</ele><time>2022-12-07T14:13:37Z</time><extensions><speed>1.373198</speed><course>323.280882</course><hAcc>2.645998</hAcc><vAcc>0.763634</vAcc></extensions></trkpt>
      <trkpt lon="-82.152908" lat="33.551604"><ele>103.468200</ele><time>2022-12-07T14:13:38Z</time><extensions><speed>1.246103</speed><course>322.630088</course><hAcc>2.643789</hAcc><vAcc>0.765172</vAcc></extensions></trkpt>
      <trkpt lon="-82.152916" lat="33.551613"><ele>103.474077</ele><time>2022-12-07T14:13:39Z</time><extensions><speed>1.126687</speed><course>325.029592</course><hAcc>2.666962</hAcc><vAcc>0.767048</vAcc></extensions></trkpt>
      <trkpt lon="-82.152923" lat="33.551621"><ele>103.484606</ele><time>2022-12-07T14:13:40Z</time><extensions><speed>0.996538</speed><course>326.424846</course><hAcc>2.699848</hAcc><vAcc>0.769202</vAcc></extensions></trkpt>
      <trkpt lon="-82.152930" lat="33.551629"><ele>103.500128</ele><time>2022-12-07T14:13:41Z</time><extensions><speed>0.980061</speed><course>323.413492</course><hAcc>2.710472</hAcc><vAcc>0.771534</vAcc></extensions></trkpt>
      <trkpt lon="-82.152937" lat="33.551637"><ele>103.524012</ele><time>2022-12-07T14:13:42Z</time><extensions><speed>1.068363</speed><course>321.279973</course><hAcc>2.700379</hAcc><vAcc>0.773890</vAcc></extensions></trkpt>
      <trkpt lon="-82.152945" lat="33.551645"><ele>103.555756</ele><time>2022-12-07T14:13:43Z</time><extensions><speed>1.185620</speed><course>324.282163</course><hAcc>2.695587</hAcc><vAcc>0.776051</vAcc></extensions></trkpt>
      <trkpt lon="-82.152953" lat="33.551655"><ele>103.595195</ele><time>2022-12-07T14:13:44Z</time><extensions><speed>1.378519</speed><course>332.107072</course><hAcc>2.700573</hAcc><vAcc>0.777732</vAcc></extensions></trkpt>
      <trkpt lon="-82.152961" lat="33.551667"><ele>103.646888</ele><time>2022-12-07T14:13:45Z</time><extensions><speed>1.794510</speed><course>336.801841</course><hAcc>2.715221</hAcc><vAcc>0.778590</vAcc></extensions></trkpt>
      <trkpt lon="-82.152970" lat="33.551683"><ele>103.703925</ele><time>2022-12-07T14:13:46Z</time><extensions><speed>1.987897</speed><course>334.903479</course><hAcc>2.730901</hAcc><vAcc>0.778352</vAcc></extensions></trkpt>
      <trkpt lon="-82.152981" lat="33.551698"><ele>103.769536</ele><time>2022-12-07T14:13:47Z</time><extensions><speed>2.008054</speed><course>326.912393</course><hAcc>2.708902</hAcc><vAcc>0.777035</vAcc></extensions></trkpt>
      <trkpt lon="-82.152993" lat="33.551712"><ele>103.848023</ele><time>2022-12-07T14:13:48Z</time><extensions><speed>1.918000</speed><course>323.763099</course><hAcc>2.683077</hAcc><vAcc>0.774945</vAcc></extensions></trkpt>
      <trkpt lon="-82.153005" lat="33.551726"><ele>103.938328</ele><time>2022-12-07T14:13:49Z</time><extensions><speed>1.811927</speed><course>326.038409</course><hAcc>2.654788</hAcc><vAcc>0.772444</vAcc></extensions></trkpt>
      <trkpt lon="-82.153016" lat="33.551739"><ele>104.027739</ele><time>2022-12-07T14:13:50Z</time><extensions><speed>1.742066</speed><course>331.225603</course><hAcc>2.662852</hAcc><vAcc>0.771431</vAcc></extensions></trkpt>
      <trkpt lon="-82.153024" lat="33.551753"><ele>104.121891</ele><time>2022-12-07T14:13:51Z</time><extensions><speed>1.563383</speed><course>336.376673</course><hAcc>2.684245</hAcc><vAcc>0.771561</vAcc></extensions></trkpt>
      <trkpt lon="-82.153031" lat="33.551765"><ele>104.218611</ele><time>2022-12-07T14:13:52Z</time><extensions><speed>1.407636</speed><course>337.620348</course><hAcc>2.665164</hAcc><vAcc>0.773221</vAcc></extensions></trkpt>
      <trkpt lon="-82.153037" lat="33.551776"><ele>104.311851</ele><time>2022-12-07T14:13:53Z</time><extensions><speed>1.254038</speed><course>334.106407</course><hAcc>2.637153</hAcc><vAcc>0.776693</vAcc></extensions></trkpt>
      <trkpt lon="-82.153043" lat="33.551786"><ele>104.401482</ele><time>2022-12-07T14:13:54Z</time><extensions><speed>1.138050</speed><course>329.095454</course><hAcc>2.643423</hAcc><vAcc>0.782149</vAcc></extensions></trkpt>
      <trkpt lon="-82.153050" lat="33.551794"><ele>104.484323</ele><time>2022-12-07T14:13:55Z</time><extensions><speed>1.001628</speed><course>324.079646</course><hAcc>2.699624</hAcc><vAcc>0.789658</vAcc></extensions></trkpt>
      <trkpt lon="-82.153056" lat="33.551801"><ele>104.560554</ele><time>2022-12-07T14:13:56Z</time><extensions><speed>0.924775</speed><course>323.624075</course><hAcc>2.775181</hAcc><vAcc>0.799177</vAcc></extensions></trkpt>
      <trkpt lon="-82.153062" lat="33.551808"><ele>104.625102</ele><time>2022-12-07T14:13:57Z</time><extensions><speed>1.147634</speed><course>324.587436</course><hAcc>2.761685</hAcc><vAcc>0.805436</vAcc></extensions></trkpt>
      <trkpt lon="-82.153069" lat="33.551817"><ele>104.689998</ele><time>2022-12-07T14:13:58Z</time><extensions><speed>1.267417</speed><course>326.814509</course><hAcc>2.738971</hAcc><vAcc>0.812358</vAcc></extensions></trkpt>
      <trkpt lon="-82.153077" lat="33.551827"><ele>104.764461</ele><time>2022-12-07T14:13:59Z</time><extensions><speed>1.369334</speed><course>330.279616</course><hAcc>2.746511</hAcc><vAcc>0.819388</vAcc></extensions></trkpt>
      <trkpt lon="-82.153083" lat="33.551839"><ele>104.839452</ele><time>2022-12-07T14:14:00Z</time><extensions><speed>1.487307</speed><course>335.758649</course><hAcc>2.780619</hAcc><vAcc>0.825795</vAcc></extensions></trkpt>
      <trkpt lon="-82.153089" lat="33.551852"><ele>104.931634</ele><time>2022-12-07T14:14:01Z</time><extensions><speed>1.517838</speed><course>342.206047</course><hAcc>2.799771</hAcc><vAcc>0.830770</vAcc></extensions></trkpt>
      <trkpt lon="-82.153093" lat="33.551865"><ele>105.010822</ele><time>2022-12-07T14:14:02Z</time><extensions><speed>1.515176</speed><course>350.529770</course><hAcc>2.806307</hAcc><vAcc>0.833656</vAcc></extensions></trkpt>
      <trkpt lon="-82.153094" lat="33.551879"><ele>105.092376</ele><time>2022-12-07T14:14:03Z</time><extensions><speed>1.481601</speed><course>359.933167</course><hAcc>2.805443</hAcc><vAcc>0.834060</vAcc></extensions></trkpt>
      <trkpt lon="-82.153092" lat="33.551894"><ele>105.155923</ele><time>2022-12-07T14:14:04Z</time><extensions><speed>1.461253</speed><course>9.251897</course><hAcc>2.750340</hAcc><vAcc>0.831855</vAcc></extensions></trkpt>
      <trkpt lon="-82.153088" lat="33.551907"><ele>105.211716</ele><time>2022-12-07T14:14:05Z</time><extensions><speed>1.364280</speed><course>17.514551</course><hAcc>2.687148</hAcc><vAcc>0.827185</vAcc></extensions></trkpt>
      <trkpt lon="-82.153081" lat="33.551919"><ele>105.259585</ele><time>2022-12-07T14:14:06Z</time><extensions><speed>1.367717</speed><course>22.197532</course><hAcc>2.602281</hAcc><vAcc>0.820462</vAcc></extensions></trkpt>
      <trkpt lon="-82.153075" lat="33.551931"><ele>105.300840</ele><time>2022-12-07T14:14:07Z</time><extensions><speed>1.383187</speed><course>22.685204</course><hAcc>2.499365</hAcc><vAcc>0.812357</vAcc></extensions></trkpt>
      <trkpt lon="-82.153069" lat="33.551943"><ele>105.331530</ele><time>2022-12-07T14:14:08Z</time><extensions><speed>1.401977</speed><course>17.208727</course><hAcc>2.418934</hAcc><vAcc>0.803678</vAcc></extensions></trkpt>
      <trkpt lon="-82.153065" lat="33.551955"><ele>105.351132</ele><time>2022-12-07T14:14:09Z</time><extensions><speed>1.425646</speed><course>9.458029</course><hAcc>2.381487</hAcc><vAcc>0.795134</vAcc></extensions></trkpt>
      <trkpt lon="-82.153062" lat="33.551968"><ele>105.354595</ele><time>2022-12-07T14:14:10Z</time><extensions><speed>1.596148</speed><course>3.272316</course><hAcc>2.334944</hAcc><vAcc>0.788719</vAcc></extensions></trkpt>
      <trkpt lon="-82.153061" lat="33.551982"><ele>105.340509</ele><time>2022-12-07T14:14:11Z</time><extensions><speed>1.605113</speed><course>1.723156</course><hAcc>2.293950</hAcc><vAcc>0.784305</vAcc></extensions></trkpt>
      <trkpt lon="-82.153060" lat="33.551996"><ele>105.301871</ele><time>2022-12-07T14:14:12Z</time><extensions><speed>1.728002</speed><course>5.612741</course><hAcc>2.158278</hAcc><vAcc>0.782299</vAcc></extensions></trkpt>
      <trkpt lon="-82.153057" lat="33.552012"><ele>105.239124</ele><time>2022-12-07T14:14:13Z</time><extensions><speed>1.853031</speed><course>9.794553</course><hAcc>2.012483</hAcc><vAcc>0.782928</vAcc></extensions></trkpt>
      <trkpt lon="-82.153053" lat="33.552028"><ele>105.155304</ele><time>2022-12-07T14:14:14Z</time><extensions><speed>1.891810</speed><course>12.651874</course><hAcc>1.918715</hAcc><vAcc>0.786265</vAcc></extensions></trkpt>
      <trkpt lon="-82.153047" lat="33.552044"><ele>105.052251</ele><time>2022-12-07T14:14:15Z</time><extensions><speed>1.912785</speed><course>18.920907</course><hAcc>1.826271</hAcc><vAcc>0.792257</vAcc></extensions></trkpt>
      <trkpt lon="-82.153039" lat="33.552060"><ele>104.926639</ele><time>2022-12-07T14:14:16Z</time><extensions><speed>1.942966</speed><course>24.959313</course><hAcc>1.765989</hAcc><vAcc>0.800735</vAcc></extensions></trkpt>
      <trkpt lon="-82.153028" lat="33.552076"><ele>104.782881</ele><time>2022-12-07T14:14:17Z</time><extensions><speed>2.108134</speed><course>34.345993</course><hAcc>1.726936</hAcc><vAcc>0.811419</vAcc></extensions></trkpt>
      <trkpt lon="-82.153012" lat="33.552089"><ele>104.607666</ele><time>2022-12-07T14:14:18Z</time><extensions><speed>2.038616</speed><course>52.640184</course><hAcc>1.683790</hAcc><vAcc>0.818334</vAcc></extensions></trkpt>
      <trkpt lon="-82.152995" lat="33.552095"><ele>104.428545</ele><time>2022-12-07T14:14:19Z</time><extensions><speed>1.515512</speed><course>80.938515</course><hAcc>1.670365</hAcc><vAcc>0.825779</vAcc></extensions></trkpt>
      <trkpt lon="-82.152979" lat="33.552096"><ele>104.236460</ele><time>2022-12-07T14:14:20Z</time><extensions><speed>1.416092</speed><course>96.651995</course><hAcc>1.668722</hAcc><vAcc>0.832927</vAcc></extensions></trkpt>
      <trkpt lon="-82.152964" lat="33.552093"><ele>104.033159</ele><time>2022-12-07T14:14:21Z</time><extensions><speed>1.430260</speed><course>103.335375</course><hAcc>1.679470</hAcc><vAcc>0.838893</vAcc></extensions></trkpt>
      <trkpt lon="-82.152949" lat="33.552091"><ele>103.825436</ele><time>2022-12-07T14:14:22Z</time><extensions><speed>1.388085</speed><course>93.164810</course><hAcc>1.681256</hAcc><vAcc>0.842941</vAcc></extensions></trkpt>
      <trkpt lon="-82.152934" lat="33.552092"><ele>103.625530</ele><time>2022-12-07T14:14:23Z</time><extensions><speed>1.413933</speed><course>85.817430</course><hAcc>1.676219</hAcc><vAcc>0.844580</vAcc></extensions></trkpt>
      <trkpt lon="-82.152918" lat="33.552093"><ele>103.430668</ele><time>2022-12-07T14:14:24Z</time><extensions><speed>1.554498</speed><course>80.157479</course><hAcc>1.663365</hAcc><vAcc>0.843567</vAcc></extensions></trkpt>
      <trkpt lon="-82.152901" lat="33.552096"><ele>103.242573</ele><time>2022-12-07T14:14:25Z</time><extensions><speed>1.682425</speed><course>76.759734</course><hAcc>1.662789</hAcc><vAcc>0.839896</vAcc></extensions></trkpt>
      <trkpt lon="-82.152883" lat="33.552099"><ele>103.065352</ele><time>2022-12-07T14:14:26Z</time><extensions><speed>1.702750</speed><course>76.801366</course><hAcc>1.685290</hAcc><vAcc>0.833802</vAcc></extensions></trkpt>
      <trkpt lon="-82.152865" lat="33.552103"><ele>102.895094</ele><time>2022-12-07T14:14:27Z</time><extensions><speed>1.667592</speed><course>79.310001</course><hAcc>1.694772</hAcc><vAcc>0.825760</vAcc></extensions></trkpt>
      <trkpt lon="-82.152847" lat="33.552105"><ele>102.734608</ele><time>2022-12-07T14:14:28Z</time><extensions><speed>1.780830</speed><course>81.722308</course><hAcc>1.672869</hAcc><vAcc>0.816484</vAcc></extensions></trkpt>
      <trkpt lon="-82.152827" lat="33.552108"><ele>102.588720</ele><time>2022-12-07T14:14:29Z</time><extensions><speed>1.903722</speed><course>78.612694</course><hAcc>1.669285</hAcc><vAcc>0.806802</vAcc></extensions></trkpt>
      <trkpt lon="-82.152808" lat="33.552112"><ele>102.455347</ele><time>2022-12-07T14:14:30Z</time><extensions><speed>1.846114</speed><course>71.710868</course><hAcc>1.687082</hAcc><vAcc>0.797429</vAcc></extensions></trkpt>
      <trkpt lon="-82.152790" lat="33.552118"><ele>102.335727</ele><time>2022-12-07T14:14:31Z</time><extensions><speed>1.676254</speed><course>67.168521</course><hAcc>1.676729</hAcc><vAcc>0.788858</vAcc></extensions></trkpt>
      <trkpt lon="-82.152775" lat="33.552124"><ele>102.233484</ele><time>2022-12-07T14:14:32Z</time><extensions><speed>1.474303</speed><course>64.169443</course><hAcc>1.682442</hAcc><vAcc>0.781376</vAcc></extensions></trkpt>
      <trkpt lon="-82.152761" lat="33.552129"><ele>102.152357</ele><time>2022-12-07T14:14:33Z</time><extensions><speed>1.314381</speed><course>72.218628</course><hAcc>1.648389</hAcc><vAcc>0.775104</vAcc></extensions></trkpt>
      <trkpt lon="-82.152748" lat="33.552132"><ele>102.088740</ele><time>2022-12-07T14:14:34Z</time><extensions><speed>1.231739</speed><course>78.420167</course><hAcc>1.637093</hAcc><vAcc>0.770035</vAcc></extensions></trkpt>
      <trkpt lon="-82.152735" lat="33.552135"><ele>102.041385</ele><time>2022-12-07T14:14:35Z</time><extensions><speed>1.179480</speed><course>79.022428</course><hAcc>1.650611</hAcc><vAcc>0.766076</vAcc></extensions></trkpt>
      <trkpt lon="-82.152723" lat="33.552137"><ele>102.008143</ele><time>2022-12-07T14:14:36Z</time><extensions><speed>1.201361</speed><course>72.887932</course><hAcc>1.636089</hAcc><vAcc>0.763085</vAcc></extensions></trkpt>
      <trkpt lon="-82.152710" lat="33.552141"><ele>101.985726</ele><time>2022-12-07T14:14:37Z</time><extensions><speed>1.307337</speed><course>65.982424</course><hAcc>1.618261</hAcc><vAcc>0.760901</vAcc></extensions></trkpt>
      <trkpt lon="-82.152698" lat="33.552147"><ele>101.973520</ele><time>2022-12-07T14:14:38Z</time><extensions><speed>1.393775</speed><course>57.757396</course><hAcc>1.611645</hAcc><vAcc>0.759361</vAcc></extensions></trkpt>
      <trkpt lon="-82.152686" lat="33.552155"><ele>101.969644</ele><time>2022-12-07T14:14:39Z</time><extensions><speed>1.405628</speed><course>51.030812</course><hAcc>1.612733</hAcc><vAcc>0.758316</vAcc></extensions></trkpt>
      <trkpt lon="-82.152674" lat="33.552163"><ele>101.974816</ele><time>2022-12-07T14:14:40Z</time><extensions><speed>1.478560</speed><course>45.518049</course><hAcc>1.615796</hAcc><vAcc>0.757637</vAcc></extensions></trkpt>
      <trkpt lon="-82.152663" lat="33.552173"><ele>101.989278</ele><time>2022-12-07T14:14:41Z</time><extensions><speed>1.554030</speed><course>38.114038</course><hAcc>1.606844</hAcc><vAcc>0.757218</vAcc></extensions></trkpt>
      <trkpt lon="-82.152653" lat="33.552185"><ele>102.011785</ele><time>2022-12-07T14:14:42Z</time><extensions><speed>1.556512</speed><course>34.472350</course><hAcc>1.635308</hAcc><vAcc>0.756977</vAcc></extensions></trkpt>
      <trkpt lon="-82.152644" lat="33.552197"><ele>102.035073</ele><time>2022-12-07T14:14:43Z</time><extensions><speed>1.591139</speed><course>28.812987</course><hAcc>1.638412</hAcc><vAcc>0.756852</vAcc></extensions></trkpt>
      <trkpt lon="-82.152637" lat="33.552210"><ele>102.064473</ele><time>2022-12-07T14:14:44Z</time><extensions><speed>1.646602</speed><course>23.402749</course><hAcc>1.628965</hAcc><vAcc>0.756798</vAcc></extensions></trkpt>
      <trkpt lon="-82.152630" lat="33.552223"><ele>102.095287</ele><time>2022-12-07T14:14:45Z</time><extensions><speed>1.622483</speed><course>21.198581</course><hAcc>1.640882</hAcc><vAcc>0.756783</vAcc></extensions></trkpt>
      <trkpt lon="-82.152623" lat="33.552237"><ele>102.132365</ele><time>2022-12-07T14:14:46Z</time><extensions><speed>1.544032</speed><course>22.612846</course><hAcc>1.646358</hAcc><vAcc>0.756787</vAcc></extensions></trkpt>
      <trkpt lon="-82.152617" lat="33.552249"><ele>102.173606</ele><time>2022-12-07T14:14:47Z</time><extensions><speed>1.418929</speed><course>26.798006</course><hAcc>1.634607</hAcc><vAcc>0.756798</vAcc></extensions></trkpt>
      <trkpt lon="-82.152609" lat="33.552259"><ele>102.223680</ele><time>2022-12-07T14:14:48Z</time><extensions><speed>1.279022</speed><course>41.094558</course><hAcc>1.632157</hAcc><vAcc>0.756808</vAcc></extensions></trkpt>
      <trkpt lon="-82.152598" lat="33.552266"><ele>102.278716</ele><time>2022-12-07T14:14:49Z</time><extensions><speed>1.273195</speed><course>59.444959</course><hAcc>1.610646</hAcc><vAcc>0.756815</vAcc></extensions></trkpt>
      <trkpt lon="-82.152585" lat="33.552270"><ele>102.341807</ele><time>2022-12-07T14:14:50Z</time><extensions><speed>1.339204</speed><course>70.879111</course><hAcc>1.621174</hAcc><vAcc>0.756817</vAcc></extensions></trkpt>
      <trkpt lon="-82.152571" lat="33.552275"><ele>102.408749</ele><time>2022-12-07T14:14:51Z</time><extensions><speed>1.418123</speed><course>65.064754</course><hAcc>1.606955</hAcc><vAcc>0.756815</vAcc></extensions></trkpt>
      <trkpt lon="-82.152558" lat="33.552281"><ele>102.478801</ele><time>2022-12-07T14:14:52Z</time><extensions><speed>1.412593</speed><course>55.404202</course><hAcc>1.587118</hAcc><vAcc>0.756810</vAcc></extensions></trkpt>
      <trkpt lon="-82.152546" lat="33.552288"><ele>102.556232</ele><time>2022-12-07T14:14:53Z</time><extensions><speed>1.364014</speed><course>50.132635</course><hAcc>1.574143</hAcc><vAcc>0.756803</vAcc></extensions></trkpt>
      <trkpt lon="-82.152536" lat="33.552296"><ele>102.640270</ele><time>2022-12-07T14:14:54Z</time><extensions><speed>1.219670</speed><course>49.291334</course><hAcc>1.574012</hAcc><vAcc>0.756794</vAcc></extensions></trkpt>
      <trkpt lon="-82.152526" lat="33.552303"><ele>102.720633</ele><time>2022-12-07T14:14:55Z</time><extensions><speed>1.259906</speed><course>48.253139</course><hAcc>1.587761</hAcc><vAcc>0.756785</vAcc></extensions></trkpt>
      <trkpt lon="-82.152515" lat="33.552310"><ele>102.799952</ele><time>2022-12-07T14:14:56Z</time><extensions><speed>1.186989</speed><course>55.238490</course><hAcc>1.584972</hAcc><vAcc>0.756777</vAcc></extensions></trkpt>
      <trkpt lon="-82.152504" lat="33.552315"><ele>102.879676</ele><time>2022-12-07T14:14:57Z</time><extensions><speed>1.226089</speed><course>70.445619</course><hAcc>1.582838</hAcc><vAcc>0.756770</vAcc></extensions></trkpt>
      <trkpt lon="-82.152491" lat="33.552317"><ele>102.963547</ele><time>2022-12-07T14:14:58Z</time><extensions><speed>1.224251</speed><course>85.472681</course><hAcc>1.606591</hAcc><vAcc>0.756763</vAcc></extensions></trkpt>
      <trkpt lon="-82.152477" lat="33.552317"><ele>103.046245</ele><time>2022-12-07T14:14:59Z</time><extensions><speed>1.365104</speed><course>89.926736</course><hAcc>1.646071</hAcc><vAcc>0.756758</vAcc></extensions></trkpt>
      <trkpt lon="-82.152463" lat="33.552318"><ele>103.130952</ele><time>2022-12-07T14:15:00Z</time><extensions><speed>1.293511</speed><course>87.802768</course><hAcc>1.664535</hAcc><vAcc>0.756754</vAcc></extensions></trkpt>
      <trkpt lon="-82.152450" lat="33.552318"><ele>103.214331</ele><time>2022-12-07T14:15:01Z</time><extensions><speed>1.187708</speed><course>85.656947</course><hAcc>1.669620</hAcc><vAcc>0.756750</vAcc></extensions></trkpt>
      <trkpt lon="-82.152438" lat="33.552319"><ele>103.287427</ele><time>2022-12-07T14:15:02Z</time><extensions><speed>1.040061</speed><course>85.154745</course><hAcc>1.685629</hAcc><vAcc>0.756748</vAcc></extensions></trkpt>
      <trkpt lon="-82.152427" lat="33.552320"><ele>103.355997</ele><time>2022-12-07T14:15:03Z</time><extensions><speed>0.947074</speed><course>80.112391</course><hAcc>1.722010</hAcc><vAcc>0.756746</vAcc></extensions></trkpt>
      <trkpt lon="-82.152418" lat="33.552322"><ele>103.415882</ele><time>2022-12-07T14:15:04Z</time><extensions><speed>0.876777</speed><course>73.810356</course><hAcc>1.737468</hAcc><vAcc>0.756745</vAcc></extensions></trkpt>
      <trkpt lon="-82.152409" lat="33.552324"><ele>103.474535</ele><time>2022-12-07T14:15:05Z</time><extensions><speed>0.819652</speed><course>74.197386</course><hAcc>1.718678</hAcc><vAcc>0.756744</vAcc></extensions></trkpt>
      <trkpt lon="-82.152400" lat="33.552326"><ele>103.532401</ele><time>2022-12-07T14:15:06Z</time><extensions><speed>0.922949</speed><course>83.100456</course><hAcc>1.698222</hAcc><vAcc>0.756743</vAcc></extensions></trkpt>
      <trkpt lon="-82.152388" lat="33.552326"><ele>103.578791</ele><time>2022-12-07T14:15:07Z</time><extensions><speed>1.269209</speed><course>90.720115</course><hAcc>1.720844</hAcc><vAcc>0.758386</vAcc></extensions></trkpt>
      <trkpt lon="-82.152375" lat="33.552325"><ele>103.621258</ele><time>2022-12-07T14:15:08Z</time><extensions><speed>1.314323</speed><course>103.905391</course><hAcc>1.760458</hAcc><vAcc>0.761086</vAcc></extensions></trkpt>
      <trkpt lon="-82.152361" lat="33.552321"><ele>103.659356</ele><time>2022-12-07T14:15:09Z</time><extensions><speed>1.417255</speed><course>112.119819</course><hAcc>1.740881</hAcc><vAcc>0.765080</vAcc></extensions></trkpt>
      <trkpt lon="-82.152347" lat="33.552317"><ele>103.691716</ele><time>2022-12-07T14:15:10Z</time><extensions><speed>1.302815</speed><course>111.343284</course><hAcc>1.729316</hAcc><vAcc>0.767651</vAcc></extensions></trkpt>
      <trkpt lon="-82.152334" lat="33.552314"><ele>103.705869</ele><time>2022-12-07T14:15:11Z</time><extensions><speed>1.213375</speed><course>97.358875</course><hAcc>1.743332</hAcc><vAcc>0.770598</vAcc></extensions></trkpt>
      <trkpt lon="-82.152322" lat="33.552316"><ele>103.719392</ele><time>2022-12-07T14:15:12Z</time><extensions><speed>1.173460</speed><course>73.250006</course><hAcc>1.744616</hAcc><vAcc>0.773893</vAcc></extensions></trkpt>
      <trkpt lon="-82.152310" lat="33.552322"><ele>103.730251</ele><time>2022-12-07T14:15:13Z</time><extensions><speed>1.321283</speed><course>50.935491</course><hAcc>1.769041</hAcc><vAcc>0.777443</vAcc></extensions></trkpt>
      <trkpt lon="-82.152300" lat="33.552332"><ele>103.737879</ele><time>2022-12-07T14:15:14Z</time><extensions><speed>1.559974</speed><course>37.605015</course><hAcc>1.826183</hAcc><vAcc>0.781080</vAcc></extensions></trkpt>
      <trkpt lon="-82.152290" lat="33.552345"><ele>103.746517</ele><time>2022-12-07T14:15:15Z</time><extensions><speed>1.723948</speed><course>30.001762</course><hAcc>1.917417</hAcc><vAcc>0.784539</vAcc></extensions></trkpt>
      <trkpt lon="-82.152281" lat="33.552359"><ele>103.749635</ele><time>2022-12-07T14:15:16Z</time><extensions><speed>1.667658</speed><course>29.983726</course><hAcc>2.048532</hAcc><vAcc>0.787451</vAcc></extensions></trkpt>
      <trkpt lon="-82.152273" lat="33.552373"><ele>103.750383</ele><time>2022-12-07T14:15:17Z</time><extensions><speed>1.635119</speed><course>27.945986</course><hAcc>2.155609</hAcc><vAcc>0.789351</vAcc></extensions></trkpt>
      <trkpt lon="-82.152265" lat="33.552387"><ele>103.750694</ele><time>2022-12-07T14:15:18Z</time><extensions><speed>1.629623</speed><course>29.912534</course><hAcc>2.262162</hAcc><vAcc>0.789808</vAcc></extensions></trkpt>
      <trkpt lon="-82.152256" lat="33.552402"><ele>103.746692</ele><time>2022-12-07T14:15:19Z</time><extensions><speed>1.855313</speed><course>27.438406</course><hAcc>2.302127</hAcc><vAcc>0.788659</vAcc></extensions></trkpt>
      <trkpt lon="-82.152247" lat="33.552418"><ele>103.739161</ele><time>2022-12-07T14:15:20Z</time><extensions><speed>1.939342</speed><course>25.907523</course><hAcc>2.353885</hAcc><vAcc>0.786121</vAcc></extensions></trkpt>
      <trkpt lon="-82.152237" lat="33.552434"><ele>103.733475</ele><time>2022-12-07T14:15:21Z</time><extensions><speed>1.865387</speed><course>30.125813</course><hAcc>2.427373</hAcc><vAcc>0.782668</vAcc></extensions></trkpt>
      <trkpt lon="-82.152228" lat="33.552449"><ele>103.729440</ele><time>2022-12-07T14:15:22Z</time><extensions><speed>1.842840</speed><course>28.561758</course><hAcc>2.461036</hAcc><vAcc>0.778794</vAcc></extensions></trkpt>
      <trkpt lon="-82.152219" lat="33.552464"><ele>103.722197</ele><time>2022-12-07T14:15:23Z</time><extensions><speed>1.833795</speed><course>27.213021</course><hAcc>2.491495</hAcc><vAcc>0.774884</vAcc></extensions></trkpt>
      <trkpt lon="-82.152210" lat="33.552479"><ele>103.711989</ele><time>2022-12-07T14:15:24Z</time><extensions><speed>1.753739</speed><course>27.471006</course><hAcc>2.526194</hAcc><vAcc>0.771210</vAcc></extensions></trkpt>
      <trkpt lon="-82.152202" lat="33.552494"><ele>103.695393</ele><time>2022-12-07T14:15:25Z</time><extensions><speed>1.780795</speed><course>25.547733</course><hAcc>2.530033</hAcc><vAcc>0.767941</vAcc></extensions></trkpt>
      <trkpt lon="-82.152194" lat="33.552508"><ele>103.678977</ele><time>2022-12-07T14:15:26Z</time><extensions><speed>1.718358</speed><course>26.267409</course><hAcc>2.539157</hAcc><vAcc>0.765158</vAcc></extensions></trkpt>
      <trkpt lon="-82.152186" lat="33.552523"><ele>103.658612</ele><time>2022-12-07T14:15:27Z</time><extensions><speed>1.712301</speed><course>24.792258</course><hAcc>2.540615</hAcc><vAcc>0.762880</vAcc></extensions></trkpt>
      <trkpt lon="-82.152178" lat="33.552536"><ele>103.636046</ele><time>2022-12-07T14:15:28Z</time><extensions><speed>1.642720</speed><course>26.388959</course><hAcc>2.564252</hAcc><vAcc>0.761082</vAcc></extensions></trkpt>
      <trkpt lon="-82.152170" lat="33.552549"><ele>103.613953</ele><time>2022-12-07T14:15:29Z</time><extensions><speed>1.541096</speed><course>30.857833</course><hAcc>2.605101</hAcc><vAcc>0.759709</vAcc></extensions></trkpt>
      <trkpt lon="-82.152161" lat="33.552560"><ele>103.594354</ele><time>2022-12-07T14:15:30Z</time><extensions><speed>1.467593</speed><course>37.833098</course><hAcc>2.625804</hAcc><vAcc>0.758696</vAcc></extensions></trkpt>
      <trkpt lon="-82.152151" lat="33.552570"><ele>103.573713</ele><time>2022-12-07T14:15:31Z</time><extensions><speed>1.412701</speed><course>42.244412</course><hAcc>2.631020</hAcc><vAcc>0.757975</vAcc></extensions></trkpt>
      <trkpt lon="-82.152141" lat="33.552579"><ele>103.556252</ele><time>2022-12-07T14:15:32Z</time><extensions><speed>1.351328</speed><course>41.141172</course><hAcc>2.610418</hAcc><vAcc>0.757481</vAcc></extensions></trkpt>
      <trkpt lon="-82.152132" lat="33.552588"><ele>103.547582</ele><time>2022-12-07T14:15:33Z</time><extensions><speed>1.232148</speed><course>44.549308</course><hAcc>2.619558</hAcc><vAcc>0.757157</vAcc></extensions></trkpt>
      <trkpt lon="-82.152122" lat="33.552596"><ele>103.542199</ele><time>2022-12-07T14:15:34Z</time><extensions><speed>1.228059</speed><course>56.362059</course><hAcc>2.661888</hAcc><vAcc>0.756956</vAcc></extensions></trkpt>
      <trkpt lon="-82.152109" lat="33.552602"><ele>103.541515</ele><time>2022-12-07T14:15:35Z</time><extensions><speed>1.499933</speed><course>72.070581</course><hAcc>2.671874</hAcc><vAcc>0.756839</vAcc></extensions></trkpt>
      <trkpt lon="-82.152093" lat="33.552606"><ele>103.538831</ele><time>2022-12-07T14:15:36Z</time><extensions><speed>1.539134</speed><course>79.554989</course><hAcc>2.669932</hAcc><vAcc>0.756779</vAcc></extensions></trkpt>
      <trkpt lon="-82.152077" lat="33.552609"><ele>103.535832</ele><time>2022-12-07T14:15:37Z</time><extensions><speed>1.561638</speed><course>83.086325</course><hAcc>2.672881</hAcc><vAcc>0.756752</vAcc></extensions></trkpt>
      <trkpt lon="-82.152061" lat="33.552612"><ele>103.534142</ele><time>2022-12-07T14:15:38Z</time><extensions><speed>1.571815</speed><course>85.765722</course><hAcc>2.677889</hAcc><vAcc>0.756746</vAcc></extensions></trkpt>
      <trkpt lon="-82.152044" lat="33.552614"><ele>103.539489</ele><time>2022-12-07T14:15:39Z</time><extensions><speed>1.576510</speed><course>84.402298</course><hAcc>2.681653</hAcc><vAcc>0.756749</vAcc></extensions></trkpt>
      <trkpt lon="-82.152027" lat="33.552618"><ele>103.548946</ele><time>2022-12-07T14:15:40Z</time><extensions><speed>1.544740</speed><course>79.353411</course><hAcc>2.716579</hAcc><vAcc>0.756755</vAcc></extensions></trkpt>
      <trkpt lon="-82.152011" lat="33.552623"><ele>103.559375</ele><time>2022-12-07T14:15:41Z</time><extensions><speed>1.560799</speed><course>72.807294</course><hAcc>2.760875</hAcc><vAcc>0.756762</vAcc></extensions></trkpt>
      <trkpt lon="-82.151997" lat="33.552631"><ele>103.570721</ele><time>2022-12-07T14:15:42Z</time><extensions><speed>1.583705</speed><course>48.906049</course><hAcc>2.715724</hAcc><vAcc>0.756767</vAcc></extensions></trkpt>
      <trkpt lon="-82.151986" lat="33.552643"><ele>103.575280</ele><time>2022-12-07T14:15:43Z</time><extensions><speed>1.712301</speed><course>34.567327</course><hAcc>2.653320</hAcc><vAcc>0.756770</vAcc></extensions></trkpt>
      <trkpt lon="-82.151976" lat="33.552657"><ele>103.574754</ele><time>2022-12-07T14:15:44Z</time><extensions><speed>1.722961</speed><course>31.923590</course><hAcc>2.623828</hAcc><vAcc>0.756771</vAcc></extensions></trkpt>
      <trkpt lon="-82.151967" lat="33.552671"><ele>103.581241</ele><time>2022-12-07T14:15:45Z</time><extensions><speed>1.674367</speed><course>34.273268</course><hAcc>2.597731</hAcc><vAcc>0.756770</vAcc></extensions></trkpt>
      <trkpt lon="-82.151957" lat="33.552683"><ele>103.592608</ele><time>2022-12-07T14:15:46Z</time><extensions><speed>1.491292</speed><course>43.042560</course><hAcc>2.591120</hAcc><vAcc>0.756768</vAcc></extensions></trkpt>
      <trkpt lon="-82.151946" lat="33.552694"><ele>103.608180</ele><time>2022-12-07T14:15:47Z</time><extensions><speed>1.448640</speed><course>47.792428</course><hAcc>2.557692</hAcc><vAcc>0.756765</vAcc></extensions></trkpt>
      <trkpt lon="-82.151935" lat="33.552703"><ele>103.622985</ele><time>2022-12-07T14:15:48Z</time><extensions><speed>1.420976</speed><course>51.075911</course><hAcc>2.533662</hAcc><vAcc>0.756761</vAcc></extensions></trkpt>
      <trkpt lon="-82.151924" lat="33.552712"><ele>103.640796</ele><time>2022-12-07T14:15:49Z</time><extensions><speed>1.425963</speed><course>53.111284</course><hAcc>2.536995</hAcc><vAcc>0.756758</vAcc></extensions></trkpt>
      <trkpt lon="-82.151912" lat="33.552722"><ele>103.661947</ele><time>2022-12-07T14:15:50Z</time><extensions><speed>1.634504</speed><course>50.540181</course><hAcc>2.514490</hAcc><vAcc>0.756755</vAcc></extensions></trkpt>
      <trkpt lon="-82.151898" lat="33.552732"><ele>103.687295</ele><time>2022-12-07T14:15:51Z</time><extensions><speed>1.705290</speed><course>57.389801</course><hAcc>2.491464</hAcc><vAcc>0.756752</vAcc></extensions></trkpt>
      <trkpt lon="-82.151883" lat="33.552740"><ele>103.720378</ele><time>2022-12-07T14:15:52Z</time><extensions><speed>1.545014</speed><course>64.983518</course><hAcc>2.469084</hAcc><vAcc>0.756750</vAcc></extensions></trkpt>
      <trkpt lon="-82.151869" lat="33.552746"><ele>103.744459</ele><time>2022-12-07T14:15:53Z</time><extensions><speed>1.382355</speed><course>66.825196</course><hAcc>2.460379</hAcc><vAcc>0.756748</vAcc></extensions></trkpt>
      <trkpt lon="-82.151857" lat="33.552753"><ele>103.772335</ele><time>2022-12-07T14:15:54Z</time><extensions><speed>1.395941</speed><course>54.868629</course><hAcc>2.465272</hAcc><vAcc>0.756746</vAcc></extensions></trkpt>
      <trkpt lon="-82.151846" lat="33.552763"><ele>103.800041</ele><time>2022-12-07T14:15:55Z</time><extensions><speed>1.508704</speed><course>40.358746</course><hAcc>2.459439</hAcc><vAcc>0.756745</vAcc></extensions></trkpt>
      <trkpt lon="-82.151836" lat="33.552774"><ele>103.828962</ele><time>2022-12-07T14:15:56Z</time><extensions><speed>1.452671</speed><course>45.334875</course><hAcc>2.456136</hAcc><vAcc>0.756744</vAcc></extensions></trkpt>
      <trkpt lon="-82.151825" lat="33.552783"><ele>103.859933</ele><time>2022-12-07T14:15:57Z</time><extensions><speed>1.464143</speed><course>48.561220</course><hAcc>2.444212</hAcc><vAcc>0.756744</vAcc></extensions></trkpt>
      <trkpt lon="-82.151813" lat="33.552793"><ele>103.894082</ele><time>2022-12-07T14:15:58Z</time><extensions><speed>1.566754</speed><course>52.630440</course><hAcc>2.437968</hAcc><vAcc>0.756743</vAcc></extensions></trkpt>
      <trkpt lon="-82.151801" lat="33.552802"><ele>103.930187</ele><time>2022-12-07T14:15:59Z</time><extensions><speed>1.613245</speed><course>49.694952</course><hAcc>2.449766</hAcc><vAcc>0.756743</vAcc></extensions></trkpt>
      <trkpt lon="-82.151789" lat="33.552813"><ele>103.968539</ele><time>2022-12-07T14:16:00Z</time><extensions><speed>1.507647</speed><course>42.782605</course><hAcc>2.448359</hAcc><vAcc>0.756743</vAcc></extensions></trkpt>
      <trkpt lon="-82.151780" lat="33.552824"><ele>104.010994</ele><time>2022-12-07T14:16:01Z</time><extensions><speed>1.485621</speed><course>35.842796</course><hAcc>2.470764</hAcc><vAcc>0.756743</vAcc></extensions></trkpt>
      <trkpt lon="-82.151771" lat="33.552835"><ele>104.054423</ele><time>2022-12-07T14:16:02Z</time><extensions><speed>1.472038</speed><course>32.232369</course><hAcc>2.503553</hAcc><vAcc>0.756743</vAcc></extensions></trkpt>
      <trkpt lon="-82.151764" lat="33.552847"><ele>104.106644</ele><time>2022-12-07T14:16:03Z</time><extensions><speed>1.436004</speed><course>32.858085</course><hAcc>2.527322</hAcc><vAcc>0.756743</vAcc></extensions></trkpt>
      <trkpt lon="-82.151755" lat="33.552858"><ele>104.162421</ele><time>2022-12-07T14:16:04Z</time><extensions><speed>1.355672</speed><course>43.859628</course><hAcc>2.542040</hAcc><vAcc>0.756743</vAcc></extensions></trkpt>
      <trkpt lon="-82.151745" lat="33.552866"><ele>104.227446</ele><time>2022-12-07T14:16:05Z</time><extensions><speed>1.285481</speed><course>58.260456</course><hAcc>2.538566</hAcc><vAcc>0.756743</vAcc></extensions></trkpt>
      <trkpt lon="-82.151733" lat="33.552872"><ele>104.299609</ele><time>2022-12-07T14:16:06Z</time><extensions><speed>1.295445</speed><course>65.850600</course><hAcc>2.521686</hAcc><vAcc>0.756743</vAcc></extensions></trkpt>
      <trkpt lon="-82.151721" lat="33.552878"><ele>104.369275</ele><time>2022-12-07T14:16:07Z</time><extensions><speed>1.275431</speed><course>66.719981</course><hAcc>2.517649</hAcc><vAcc>0.756743</vAcc></extensions></trkpt>
      <trkpt lon="-82.151710" lat="33.552885"><ele>104.437764</ele><time>2022-12-07T14:16:08Z</time><extensions><speed>1.212624</speed><course>63.199750</course><hAcc>2.524445</hAcc><vAcc>0.756743</vAcc></extensions></trkpt>
      <trkpt lon="-82.151699" lat="33.552891"><ele>104.512008</ele><time>2022-12-07T14:16:09Z</time><extensions><speed>1.183763</speed><course>60.107785</course><hAcc>2.542085</hAcc><vAcc>0.756743</vAcc></extensions></trkpt>
      <trkpt lon="-82.151689" lat="33.552898"><ele>104.592078</ele><time>2022-12-07T14:16:10Z</time><extensions><speed>1.171924</speed><course>61.657703</course><hAcc>2.571486</hAcc><vAcc>0.756743</vAcc></extensions></trkpt>
      <trkpt lon="-82.151677" lat="33.552905"><ele>104.669944</ele><time>2022-12-07T14:16:11Z</time><extensions><speed>1.268740</speed><course>64.663967</course><hAcc>2.571560</hAcc><vAcc>0.756743</vAcc></extensions></trkpt>
      <trkpt lon="-82.151665" lat="33.552911"><ele>104.747717</ele><time>2022-12-07T14:16:12Z</time><extensions><speed>1.311039</speed><course>63.228503</course><hAcc>2.548795</hAcc><vAcc>0.756743</vAcc></extensions></trkpt>
      <trkpt lon="-82.151653" lat="33.552918"><ele>104.826784</ele><time>2022-12-07T14:16:13Z</time><extensions><speed>1.347528</speed><course>53.160010</course><hAcc>2.501943</hAcc><vAcc>0.756743</vAcc></extensions></trkpt>
      <trkpt lon="-82.151643" lat="33.552928"><ele>104.903304</ele><time>2022-12-07T14:16:14Z</time><extensions><speed>1.440359</speed><course>41.599552</course><hAcc>2.483241</hAcc><vAcc>0.756743</vAcc></extensions></trkpt>
      <trkpt lon="-82.151633" lat="33.552940"><ele>104.975638</ele><time>2022-12-07T14:16:15Z</time><extensions><speed>1.505480</speed><course>32.715539</course><hAcc>2.477979</hAcc><vAcc>0.756743</vAcc></extensions></trkpt>
      <trkpt lon="-82.151625" lat="33.552953"><ele>105.041576</ele><time>2022-12-07T14:16:16Z</time><extensions><speed>1.571652</speed><course>26.702377</course><hAcc>2.460991</hAcc><vAcc>0.756743</vAcc></extensions></trkpt>
      <trkpt lon="-82.151618" lat="33.552966"><ele>105.102119</ele><time>2022-12-07T14:16:17Z</time><extensions><speed>1.464435</speed><course>29.662854</course><hAcc>2.475552</hAcc><vAcc>0.756743</vAcc></extensions></trkpt>
      <trkpt lon="-82.151610" lat="33.552977"><ele>105.155836</ele><time>2022-12-07T14:16:18Z</time><extensions><speed>1.204108</speed><course>36.762845</course><hAcc>2.467453</hAcc><vAcc>0.756743</vAcc></extensions></trkpt>
      <trkpt lon="-82.151600" lat="33.552985"><ele>105.201766</ele><time>2022-12-07T14:16:19Z</time><extensions><speed>1.206966</speed><course>57.659889</course><hAcc>2.469992</hAcc><vAcc>0.756743</vAcc></extensions></trkpt>
      <trkpt lon="-82.151589" lat="33.552991"><ele>105.242212</ele><time>2022-12-07T14:16:20Z</time><extensions><speed>1.258388</speed><course>54.499228</course><hAcc>2.471967</hAcc><vAcc>0.756743</vAcc></extensions></trkpt>
      <trkpt lon="-82.151579" lat="33.552999"><ele>105.283480</ele><time>2022-12-07T14:16:21Z</time><extensions><speed>1.243951</speed><course>45.083105</course><hAcc>2.473282</hAcc><vAcc>0.756743</vAcc></extensions></trkpt>
      <trkpt lon="-82.151571" lat="33.553008"><ele>105.319413</ele><time>2022-12-07T14:16:22Z</time><extensions><speed>1.104430</speed><course>29.525386</course><hAcc>2.460109</hAcc><vAcc>0.756743</vAcc></extensions></trkpt>
      <trkpt lon="-82.151564" lat="33.553018"><ele>105.350808</ele><time>2022-12-07T14:16:23Z</time><extensions><speed>1.345546</speed><course>31.108930</course><hAcc>2.463975</hAcc><vAcc>0.756743</vAcc></extensions></trkpt>
      <trkpt lon="-82.151556" lat="33.553029"><ele>105.375835</ele><time>2022-12-07T14:16:24Z</time><extensions><speed>1.456560</speed><course>33.727120</course><hAcc>2.503946</hAcc><vAcc>0.756743</vAcc></extensions></trkpt>
      <trkpt lon="-82.151546" lat="33.553040"><ele>105.403435</ele><time>2022-12-07T14:16:25Z</time><extensions><speed>1.494715</speed><course>40.320860</course><hAcc>2.559734</hAcc><vAcc>0.756743</vAcc></extensions></trkpt>
      <trkpt lon="-82.151535" lat="33.553051"><ele>105.428501</ele><time>2022-12-07T14:16:26Z</time><extensions><speed>1.632539</speed><course>42.922124</course><hAcc>2.573474</hAcc><vAcc>0.756743</vAcc></extensions></trkpt>
      <trkpt lon="-82.151522" lat="33.553062"><ele>105.455012</ele><time>2022-12-07T14:16:27Z</time><extensions><speed>1.706056</speed><course>44.079215</course><hAcc>2.586412</hAcc><vAcc>0.756743</vAcc></extensions></trkpt>
      <trkpt lon="-82.151509" lat="33.553073"><ele>105.485983</ele><time>2022-12-07T14:16:28Z</time><extensions><speed>1.697764</speed><course>44.110575</course><hAcc>2.587959</hAcc><vAcc>0.756743</vAcc></extensions></trkpt>
      <trkpt lon="-82.151496" lat="33.553084"><ele>105.516944</ele><time>2022-12-07T14:16:29Z</time><extensions><speed>1.689262</speed><course>46.049329</course><hAcc>2.587616</hAcc><vAcc>0.756743</vAcc></extensions></trkpt>
      <trkpt lon="-82.151483" lat="33.553094"><ele>105.548251</ele><time>2022-12-07T14:16:30Z</time><extensions><speed>1.580704</speed><course>45.750679</course><hAcc>2.603995</hAcc><vAcc>0.756743</vAcc></extensions></trkpt>
      <trkpt lon="-82.151471" lat="33.553104"><ele>105.579062</ele><time>2022-12-07T14:16:31Z</time><extensions><speed>1.549968</speed><course>42.499854</course><hAcc>2.624270</hAcc><vAcc>0.756743</vAcc></extensions></trkpt>
      <trkpt lon="-82.151461" lat="33.553114"><ele>105.608644</ele><time>2022-12-07T14:16:32Z</time><extensions><speed>1.559179</speed><course>34.350576</course><hAcc>2.610816</hAcc><vAcc>0.756743</vAcc></extensions></trkpt>
      <trkpt lon="-82.151451" lat="33.553126"><ele>105.638854</ele><time>2022-12-07T14:16:33Z</time><extensions><speed>1.565569</speed><course>31.925752</course><hAcc>2.604600</hAcc><vAcc>0.756743</vAcc></extensions></trkpt>
      <trkpt lon="-82.151442" lat="33.553137"><ele>105.671196</ele><time>2022-12-07T14:16:34Z</time><extensions><speed>1.532488</speed><course>33.211525</course><hAcc>2.635189</hAcc><vAcc>0.756743</vAcc></extensions></trkpt>
      <trkpt lon="-82.151433" lat="33.553148"><ele>105.701016</ele><time>2022-12-07T14:16:35Z</time><extensions><speed>1.503564</speed><course>36.946515</course><hAcc>2.676445</hAcc><vAcc>0.756743</vAcc></extensions></trkpt>
      <trkpt lon="-82.151423" lat="33.553158"><ele>105.738880</ele><time>2022-12-07T14:16:36Z</time><extensions><speed>1.592631</speed><course>39.750386</course><hAcc>2.656822</hAcc><vAcc>0.756743</vAcc></extensions></trkpt>
      <trkpt lon="-82.151410" lat="33.553169"><ele>105.776130</ele><time>2022-12-07T14:16:37Z</time><extensions><speed>1.834177</speed><course>47.004720</course><hAcc>2.628967</hAcc><vAcc>0.756743</vAcc></extensions></trkpt>
      <trkpt lon="-82.151395" lat="33.553179"><ele>105.812149</ele><time>2022-12-07T14:16:38Z</time><extensions><speed>1.842069</speed><course>52.749224</course><hAcc>2.614812</hAcc><vAcc>0.756743</vAcc></extensions></trkpt>
      <trkpt lon="-82.151379" lat="33.553188"><ele>105.844533</ele><time>2022-12-07T14:16:39Z</time><extensions><speed>1.758234</speed><course>57.099281</course><hAcc>2.639896</hAcc><vAcc>0.756743</vAcc></extensions></trkpt>
      <trkpt lon="-82.151364" lat="33.553196"><ele>105.875959</ele><time>2022-12-07T14:16:40Z</time><extensions><speed>1.526508</speed><course>57.851998</course><hAcc>2.686269</hAcc><vAcc>0.756743</vAcc></extensions></trkpt>
      <trkpt lon="-82.151350" lat="33.553202"><ele>105.906052</ele><time>2022-12-07T14:16:41Z</time><extensions><speed>1.369155</speed><course>58.568475</course><hAcc>2.713488</hAcc><vAcc>0.756743</vAcc></extensions></trkpt>
      <trkpt lon="-82.151339" lat="33.553207"><ele>105.932176</ele><time>2022-12-07T14:16:42Z</time><extensions><speed>1.120292</speed><course>64.867012</course><hAcc>2.695528</hAcc><vAcc>0.756743</vAcc></extensions></trkpt>
      <trkpt lon="-82.151328" lat="33.553211"><ele>105.956661</ele><time>2022-12-07T14:16:43Z</time><extensions><speed>0.975937</speed><course>67.575977</course><hAcc>2.678050</hAcc><vAcc>0.756743</vAcc></extensions></trkpt>
      <trkpt lon="-82.151319" lat="33.553214"><ele>105.986057</ele><time>2022-12-07T14:16:44Z</time><extensions><speed>0.859693</speed><course>68.464889</course><hAcc>2.671123</hAcc><vAcc>0.756743</vAcc></extensions></trkpt>
      <trkpt lon="-82.151311" lat="33.553216"><ele>106.015159</ele><time>2022-12-07T14:16:45Z</time><extensions><speed>0.707949</speed><course>71.080935</course><hAcc>2.663611</hAcc><vAcc>0.756743</vAcc></extensions></trkpt>
      <trkpt lon="-82.151303" lat="33.553218"><ele>106.047507</ele><time>2022-12-07T14:16:46Z</time><extensions><speed>0.599671</speed><course>79.459528</course><hAcc>2.672569</hAcc><vAcc>0.756743</vAcc></extensions></trkpt>
      <trkpt lon="-82.151296" lat="33.553219"><ele>106.079128</ele><time>2022-12-07T14:16:47Z</time><extensions><speed>0.687555</speed><course>77.941126</course><hAcc>2.705656</hAcc><vAcc>0.756743</vAcc></extensions></trkpt>
      <trkpt lon="-82.151288" lat="33.553221"><ele>106.109566</ele><time>2022-12-07T14:16:48Z</time><extensions><speed>0.773764</speed><course>75.971216</course><hAcc>2.727680</hAcc><vAcc>0.756743</vAcc></extensions></trkpt>
      <trkpt lon="-82.151279" lat="33.553224"><ele>106.147139</ele><time>2022-12-07T14:16:49Z</time><extensions><speed>0.979336</speed><course>69.572139</course><hAcc>2.683929</hAcc><vAcc>0.756743</vAcc></extensions></trkpt>
      <trkpt lon="-82.151269" lat="33.553227"><ele>106.188481</ele><time>2022-12-07T14:16:50Z</time><extensions><speed>0.894564</speed><course>62.334416</course><hAcc>2.644396</hAcc><vAcc>0.756743</vAcc></extensions></trkpt>
      <trkpt lon="-82.151260" lat="33.553232"><ele>106.235838</ele><time>2022-12-07T14:16:51Z</time><extensions><speed>0.920574</speed><course>50.594616</course><hAcc>2.633408</hAcc><vAcc>0.756743</vAcc></extensions></trkpt>
      <trkpt lon="-82.151252" lat="33.553238"><ele>106.291711</ele><time>2022-12-07T14:16:52Z</time><extensions><speed>1.046091</speed><course>42.807413</course><hAcc>2.608594</hAcc><vAcc>0.756743</vAcc></extensions></trkpt>
      <trkpt lon="-82.151243" lat="33.553247"><ele>106.342189</ele><time>2022-12-07T14:16:53Z</time><extensions><speed>1.296272</speed><course>40.305055</course><hAcc>2.587506</hAcc><vAcc>0.756743</vAcc></extensions></trkpt>
      <trkpt lon="-82.151233" lat="33.553256"><ele>106.399513</ele><time>2022-12-07T14:16:54Z</time><extensions><speed>1.488083</speed><course>42.969802</course><hAcc>2.564945</hAcc><vAcc>0.756743</vAcc></extensions></trkpt>
      <trkpt lon="-82.151221" lat="33.553267"><ele>106.457492</ele><time>2022-12-07T14:16:55Z</time><extensions><speed>1.607177</speed><course>44.998846</course><hAcc>2.562754</hAcc><vAcc>0.756743</vAcc></extensions></trkpt>
      <trkpt lon="-82.151209" lat="33.553278"><ele>106.513809</ele><time>2022-12-07T14:16:56Z</time><extensions><speed>1.545060</speed><course>44.085500</course><hAcc>2.560544</hAcc><vAcc>0.756743</vAcc></extensions></trkpt>
      <trkpt lon="-82.151197" lat="33.553288"><ele>106.567715</ele><time>2022-12-07T14:16:57Z</time><extensions><speed>1.505853</speed><course>43.910719</course><hAcc>2.550625</hAcc><vAcc>0.756743</vAcc></extensions></trkpt>
      <trkpt lon="-82.151186" lat="33.553298"><ele>106.613686</ele><time>2022-12-07T14:16:58Z</time><extensions><speed>1.548466</speed><course>41.671316</course><hAcc>2.536809</hAcc><vAcc>0.756743</vAcc></extensions></trkpt>
      <trkpt lon="-82.151174" lat="33.553309"><ele>106.659240</ele><time>2022-12-07T14:16:59Z</time><extensions><speed>1.578973</speed><course>40.649442</course><hAcc>2.524836</hAcc><vAcc>0.756743</vAcc></extensions></trkpt>
      <trkpt lon="-82.151163" lat="33.553319"><ele>106.702622</ele><time>2022-12-07T14:17:00Z</time><extensions><speed>1.608751</speed><course>39.812516</course><hAcc>2.529834</hAcc><vAcc>0.756743</vAcc></extensions></trkpt>
      <trkpt lon="-82.151151" lat="33.553331"><ele>106.740899</ele><time>2022-12-07T14:17:01Z</time><extensions><speed>1.668152</speed><course>38.795510</course><hAcc>2.546594</hAcc><vAcc>0.756743</vAcc></extensions></trkpt>
      <trkpt lon="-82.151139" lat="33.553344"><ele>106.771157</ele><time>2022-12-07T14:17:02Z</time><extensions><speed>2.104328</speed><course>32.319678</course><hAcc>2.537459</hAcc><vAcc>0.756743</vAcc></extensions></trkpt>
      <trkpt lon="-82.151128" lat="33.553361"><ele>106.791445</ele><time>2022-12-07T14:17:03Z</time><extensions><speed>2.262791</speed><course>24.912789</course><hAcc>2.522690</hAcc><vAcc>0.756743</vAcc></extensions></trkpt>
      <trkpt lon="-82.151118" lat="33.553380"><ele>106.801791</ele><time>2022-12-07T14:17:04Z</time><extensions><speed>2.269540</speed><course>20.965789</course><hAcc>2.513718</hAcc><vAcc>0.756743</vAcc></extensions></trkpt>
      <trkpt lon="-82.151108" lat="33.553398"><ele>106.804714</ele><time>2022-12-07T14:17:05Z</time><extensions><speed>2.182461</speed><course>23.245864</course><hAcc>2.511633</hAcc><vAcc>0.756743</vAcc></extensions></trkpt>
      <trkpt lon="-82.151098" lat="33.553414"><ele>106.803596</ele><time>2022-12-07T14:17:06Z</time><extensions><speed>1.982739</speed><course>30.211660</course><hAcc>2.528702</hAcc><vAcc>0.756743</vAcc></extensions></trkpt>
      <trkpt lon="-82.151086" lat="33.553428"><ele>106.799490</ele><time>2022-12-07T14:17:07Z</time><extensions><speed>1.833922</speed><course>39.607738</course><hAcc>2.557618</hAcc><vAcc>0.756743</vAcc></extensions></trkpt>
      <trkpt lon="-82.151074" lat="33.553439"><ele>106.793147</ele><time>2022-12-07T14:17:08Z</time><extensions><speed>1.557253</speed><course>48.239445</course><hAcc>2.561466</hAcc><vAcc>0.756743</vAcc></extensions></trkpt>
      <trkpt lon="-82.151061" lat="33.553447"><ele>106.785913</ele><time>2022-12-07T14:17:09Z</time><extensions><speed>1.464803</speed><course>51.632599</course><hAcc>2.536986</hAcc><vAcc>0.756743</vAcc></extensions></trkpt>
      <trkpt lon="-82.151049" lat="33.553455"><ele>106.776010</ele><time>2022-12-07T14:17:10Z</time><extensions><speed>1.403935</speed><course>48.507788</course><hAcc>2.514968</hAcc><vAcc>0.756743</vAcc></extensions></trkpt>
      <trkpt lon="-82.151039" lat="33.553464"><ele>106.767046</ele><time>2022-12-07T14:17:11Z</time><extensions><speed>1.372510</speed><course>43.457310</course><hAcc>2.525866</hAcc><vAcc>0.756743</vAcc></extensions></trkpt>
      <trkpt lon="-82.151028" lat="33.553472"><ele>106.761943</ele><time>2022-12-07T14:17:12Z</time><extensions><speed>1.355017</speed><course>49.414040</course><hAcc>2.506348</hAcc><vAcc>0.756743</vAcc></extensions></trkpt>
      <trkpt lon="-82.151017" lat="33.553479"><ele>106.755204</ele><time>2022-12-07T14:17:13Z</time><extensions><speed>1.357872</speed><course>60.230719</course><hAcc>2.493479</hAcc><vAcc>0.756743</vAcc></extensions></trkpt>
      <trkpt lon="-82.151003" lat="33.553484"><ele>106.754181</ele><time>2022-12-07T14:17:14Z</time><extensions><speed>1.357347</speed><course>66.462578</course><hAcc>2.486951</hAcc><vAcc>0.756743</vAcc></extensions></trkpt>
      <trkpt lon="-82.150990" lat="33.553489"><ele>106.760855</ele><time>2022-12-07T14:17:15Z</time><extensions><speed>1.355915</speed><course>64.407972</course><hAcc>2.471078</hAcc><vAcc>0.756743</vAcc></extensions></trkpt>
      <trkpt lon="-82.150977" lat="33.553495"><ele>106.769210</ele><time>2022-12-07T14:17:16Z</time><extensions><speed>1.376404</speed><course>55.640591</course><hAcc>2.452083</hAcc><vAcc>0.756743</vAcc></extensions></trkpt>
      <trkpt lon="-82.150965" lat="33.553503"><ele>106.777002</ele><time>2022-12-07T14:17:17Z</time><extensions><speed>1.484554</speed><course>45.298672</course><hAcc>2.471498</hAcc><vAcc>0.756743</vAcc></extensions></trkpt>
      <trkpt lon="-82.150954" lat="33.553513"><ele>106.786517</ele><time>2022-12-07T14:17:18Z</time><extensions><speed>1.646390</speed><course>38.757021</course><hAcc>2.499883</hAcc><vAcc>0.756743</vAcc></extensions></trkpt>
      <trkpt lon="-82.150943" lat="33.553524"><ele>106.789535</ele><time>2022-12-07T14:17:19Z</time><extensions><speed>1.683014</speed><course>35.152259</course><hAcc>2.505631</hAcc><vAcc>0.756743</vAcc></extensions></trkpt>
      <trkpt lon="-82.150932" lat="33.553536"><ele>106.790905</ele><time>2022-12-07T14:17:20Z</time><extensions><speed>1.619979</speed><course>37.551479</course><hAcc>2.493381</hAcc><vAcc>0.756743</vAcc></extensions></trkpt>
      <trkpt lon="-82.150921" lat="33.553546"><ele>106.791794</ele><time>2022-12-07T14:17:21Z</time><extensions><speed>1.445925</speed><course>42.801997</course><hAcc>2.471396</hAcc><vAcc>0.756743</vAcc></extensions></trkpt>
      <trkpt lon="-82.150910" lat="33.553554"><ele>106.792483</ele><time>2022-12-07T14:17:22Z</time><extensions><speed>1.414813</speed><course>48.460132</course><hAcc>2.479613</hAcc><vAcc>0.756743</vAcc></extensions></trkpt>
      <trkpt lon="-82.150898" lat="33.553562"><ele>106.791502</ele><time>2022-12-07T14:17:23Z</time><extensions><speed>1.449629</speed><course>49.128662</course><hAcc>2.516932</hAcc><vAcc>0.756743</vAcc></extensions></trkpt>
      <trkpt lon="-82.150887" lat="33.553571"><ele>106.786599</ele><time>2022-12-07T14:17:24Z</time><extensions><speed>1.425662</speed><course>46.273862</course><hAcc>2.530668</hAcc><vAcc>0.756743</vAcc></extensions></trkpt>
      <trkpt lon="-82.150875" lat="33.553579"><ele>106.767373</ele><time>2022-12-07T14:17:25Z</time><extensions><speed>1.480603</speed><course>46.416636</course><hAcc>2.508910</hAcc><vAcc>0.756743</vAcc></extensions></trkpt>
      <trkpt lon="-82.150863" lat="33.553588"><ele>106.753387</ele><time>2022-12-07T14:17:26Z</time><extensions><speed>1.557420</speed><course>51.212833</course><hAcc>2.493372</hAcc><vAcc>0.756743</vAcc></extensions></trkpt>
      <trkpt lon="-82.150849" lat="33.553596"><ele>106.736546</ele><time>2022-12-07T14:17:27Z</time><extensions><speed>1.538032</speed><course>56.886620</course><hAcc>2.494028</hAcc><vAcc>0.756742</vAcc></extensions></trkpt>
      <trkpt lon="-82.150835" lat="33.553602"><ele>106.713878</ele><time>2022-12-07T14:17:28Z</time><extensions><speed>1.424546</speed><course>67.631031</course><hAcc>2.504491</hAcc><vAcc>0.756742</vAcc></extensions></trkpt>
      <trkpt lon="-82.150821" lat="33.553605"><ele>106.689300</ele><time>2022-12-07T14:17:29Z</time><extensions><speed>1.396215</speed><course>76.041916</course><hAcc>2.516903</hAcc><vAcc>0.756742</vAcc></extensions></trkpt>
      <trkpt lon="-82.150806" lat="33.553607"><ele>106.654787</ele><time>2022-12-07T14:17:30Z</time><extensions><speed>1.381660</speed><course>79.486799</course><hAcc>2.524823</hAcc><vAcc>0.756742</vAcc></extensions></trkpt>
      <trkpt lon="-82.150792" lat="33.553610"><ele>106.618358</ele><time>2022-12-07T14:17:31Z</time><extensions><speed>1.346981</speed><course>73.516241</course><hAcc>2.517172</hAcc><vAcc>0.756743</vAcc></extensions></trkpt>
      <trkpt lon="-82.150778" lat="33.553613"><ele>106.575806</ele><time>2022-12-07T14:17:32Z</time><extensions><speed>1.338286</speed><course>66.981278</course><hAcc>2.512009</hAcc><vAcc>0.758385</vAcc></extensions></trkpt>
      <trkpt lon="-82.150765" lat="33.553618"><ele>106.524960</ele><time>2022-12-07T14:17:33Z</time><extensions><speed>1.338081</speed><course>62.157405</course><hAcc>2.509449</hAcc><vAcc>0.759099</vAcc></extensions></trkpt>
      <trkpt lon="-82.150752" lat="33.553624"><ele>106.465750</ele><time>2022-12-07T14:17:34Z</time><extensions><speed>1.370926</speed><course>55.562538</course><hAcc>2.524897</hAcc><vAcc>0.759945</vAcc></extensions></trkpt>
      <trkpt lon="-82.150740" lat="33.553630"><ele>106.408116</ele><time>2022-12-07T14:17:35Z</time><extensions><speed>1.375697</speed><course>50.337044</course><hAcc>2.529754</hAcc><vAcc>0.762890</vAcc></extensions></trkpt>
      <trkpt lon="-82.150729" lat="33.553638"><ele>106.347770</ele><time>2022-12-07T14:17:36Z</time><extensions><speed>1.355811</speed><course>50.339129</course><hAcc>2.538621</hAcc><vAcc>0.764715</vAcc></extensions></trkpt>
      <trkpt lon="-82.150717" lat="33.553645"><ele>106.284959</ele><time>2022-12-07T14:17:37Z</time><extensions><speed>1.372676</speed><course>55.884273</course><hAcc>2.574708</hAcc><vAcc>0.766759</vAcc></extensions></trkpt>
      <trkpt lon="-82.150703" lat="33.553651"><ele>106.219423</ele><time>2022-12-07T14:17:38Z</time><extensions><speed>1.435591</speed><course>62.687362</course><hAcc>2.580087</hAcc><vAcc>0.768972</vAcc></extensions></trkpt>
      <trkpt lon="-82.150689" lat="33.553657"><ele>106.151960</ele><time>2022-12-07T14:17:39Z</time><extensions><speed>1.613089</speed><course>61.115358</course><hAcc>2.581248</hAcc><vAcc>0.771259</vAcc></extensions></trkpt>
      <trkpt lon="-82.150674" lat="33.553664"><ele>106.082979</ele><time>2022-12-07T14:17:40Z</time><extensions><speed>1.612117</speed><course>55.748080</course><hAcc>2.586594</hAcc><vAcc>0.773470</vAcc></extensions></trkpt>
      <trkpt lon="-82.150660" lat="33.553672"><ele>106.014555</ele><time>2022-12-07T14:17:41Z</time><extensions><speed>1.399906</speed><course>54.062196</course><hAcc>2.582378</hAcc><vAcc>0.775393</vAcc></extensions></trkpt>
      <trkpt lon="-82.150648" lat="33.553678"><ele>105.943050</ele><time>2022-12-07T14:17:42Z</time><extensions><speed>1.271093</speed><course>58.426889</course><hAcc>2.573151</hAcc><vAcc>0.776764</vAcc></extensions></trkpt>
      <trkpt lon="-82.150636" lat="33.553683"><ele>105.869279</ele><time>2022-12-07T14:17:43Z</time><extensions><speed>1.209560</speed><course>62.987420</course><hAcc>2.577814</hAcc><vAcc>0.777370</vAcc></extensions></trkpt>
      <trkpt lon="-82.150624" lat="33.553688"><ele>105.789437</ele><time>2022-12-07T14:17:44Z</time><extensions><speed>1.236112</speed><course>66.015989</course><hAcc>2.592529</hAcc><vAcc>0.777166</vAcc></extensions></trkpt>
      <trkpt lon="-82.150612" lat="33.553692"><ele>105.705454</ele><time>2022-12-07T14:17:45Z</time><extensions><speed>1.237354</speed><course>66.639628</course><hAcc>2.612863</hAcc><vAcc>0.776169</vAcc></extensions></trkpt>
      <trkpt lon="-82.150599" lat="33.553696"><ele>105.622928</ele><time>2022-12-07T14:17:46Z</time><extensions><speed>1.295092</speed><course>64.167847</course><hAcc>2.639627</hAcc><vAcc>0.774452</vAcc></extensions></trkpt>
      <trkpt lon="-82.150587" lat="33.553701"><ele>105.547851</ele><time>2022-12-07T14:17:47Z</time><extensions><speed>1.357817</speed><course>64.677202</course><hAcc>2.635591</hAcc><vAcc>0.772253</vAcc></extensions></trkpt>
      <trkpt lon="-82.150573" lat="33.553706"><ele>105.473598</ele><time>2022-12-07T14:17:48Z</time><extensions><speed>1.393941</speed><course>67.578713</course><hAcc>2.617735</hAcc><vAcc>0.769855</vAcc></extensions></trkpt>
      <trkpt lon="-82.150559" lat="33.553711"><ele>105.400954</ele><time>2022-12-07T14:17:49Z</time><extensions><speed>1.388159</speed><course>69.168465</course><hAcc>2.601257</hAcc><vAcc>0.767476</vAcc></extensions></trkpt>
      <trkpt lon="-82.150545" lat="33.553715"><ele>105.329316</ele><time>2022-12-07T14:17:50Z</time><extensions><speed>1.380032</speed><course>70.902203</course><hAcc>2.587773</hAcc><vAcc>0.765267</vAcc></extensions></trkpt>
      <trkpt lon="-82.150532" lat="33.553719"><ele>105.263326</ele><time>2022-12-07T14:17:51Z</time><extensions><speed>1.387747</speed><course>71.181658</course><hAcc>2.569780</hAcc><vAcc>0.763318</vAcc></extensions></trkpt>
      <trkpt lon="-82.150518" lat="33.553723"><ele>105.203402</ele><time>2022-12-07T14:17:52Z</time><extensions><speed>1.419207</speed><course>69.706727</course><hAcc>2.546054</hAcc><vAcc>0.761670</vAcc></extensions></trkpt>
      <trkpt lon="-82.150504" lat="33.553728"><ele>105.145315</ele><time>2022-12-07T14:17:53Z</time><extensions><speed>1.400672</speed><course>64.205028</course><hAcc>2.547811</hAcc><vAcc>0.760329</vAcc></extensions></trkpt>
      <trkpt lon="-82.150491" lat="33.553734"><ele>105.088675</ele><time>2022-12-07T14:17:54Z</time><extensions><speed>1.371028</speed><course>54.802402</course><hAcc>2.546376</hAcc><vAcc>0.759274</vAcc></extensions></trkpt>
      <trkpt lon="-82.150480" lat="33.553742"><ele>105.044243</ele><time>2022-12-07T14:17:55Z</time><extensions><speed>1.346078</speed><course>44.403760</course><hAcc>2.545019</hAcc><vAcc>0.758472</vAcc></extensions></trkpt>
      <trkpt lon="-82.150471" lat="33.553751"><ele>105.009172</ele><time>2022-12-07T14:17:56Z</time><extensions><speed>1.346887</speed><course>39.713451</course><hAcc>2.519367</hAcc><vAcc>0.757882</vAcc></extensions></trkpt>
      <trkpt lon="-82.150461" lat="33.553760"><ele>104.984250</ele><time>2022-12-07T14:17:57Z</time><extensions><speed>1.331054</speed><course>41.822552</course><hAcc>2.512658</hAcc><vAcc>0.757463</vAcc></extensions></trkpt>
      <trkpt lon="-82.150452" lat="33.553768"><ele>104.969037</ele><time>2022-12-07T14:17:58Z</time><extensions><speed>1.332602</speed><course>47.019426</course><hAcc>2.532854</hAcc><vAcc>0.757176</vAcc></extensions></trkpt>
      <trkpt lon="-82.150441" lat="33.553776"><ele>104.963121</ele><time>2022-12-07T14:17:59Z</time><extensions><speed>1.304316</speed><course>53.785371</course><hAcc>2.557129</hAcc><vAcc>0.756988</vAcc></extensions></trkpt>
      <trkpt lon="-82.150429" lat="33.553782"><ele>104.958865</ele><time>2022-12-07T14:18:00Z</time><extensions><speed>1.280216</speed><course>57.991229</course><hAcc>2.556846</hAcc><vAcc>0.756871</vAcc></extensions></trkpt>
      <trkpt lon="-82.150418" lat="33.553788"><ele>104.962485</ele><time>2022-12-07T14:18:01Z</time><extensions><speed>1.239460</speed><course>63.297620</course><hAcc>2.551670</hAcc><vAcc>0.756804</vAcc></extensions></trkpt>
      <trkpt lon="-82.150406" lat="33.553793"><ele>104.969701</ele><time>2022-12-07T14:18:02Z</time><extensions><speed>1.141616</speed><course>62.248659</course><hAcc>2.549293</hAcc><vAcc>0.756768</vAcc></extensions></trkpt>
      <trkpt lon="-82.150394" lat="33.553798"><ele>104.985151</ele><time>2022-12-07T14:18:03Z</time><extensions><speed>1.261802</speed><course>64.216598</course><hAcc>2.541210</hAcc><vAcc>0.756752</vAcc></extensions></trkpt>
      <trkpt lon="-82.150381" lat="33.553803"><ele>105.006635</ele><time>2022-12-07T14:18:04Z</time><extensions><speed>1.384359</speed><course>67.639745</course><hAcc>2.543256</hAcc><vAcc>0.756748</vAcc></extensions></trkpt>
      <trkpt lon="-82.150368" lat="33.553808"><ele>105.032757</ele><time>2022-12-07T14:18:05Z</time><extensions><speed>1.348488</speed><course>69.316533</course><hAcc>2.529072</hAcc><vAcc>0.756749</vAcc></extensions></trkpt>
      <trkpt lon="-82.150354" lat="33.553812"><ele>105.064586</ele><time>2022-12-07T14:18:06Z</time><extensions><speed>1.357732</speed><course>69.218690</course><hAcc>2.535980</hAcc><vAcc>0.756753</vAcc></extensions></trkpt>
      <trkpt lon="-82.150341" lat="33.553818"><ele>105.091616</ele><time>2022-12-07T14:18:07Z</time><extensions><speed>1.449950</speed><course>66.167702</course><hAcc>2.563225</hAcc><vAcc>0.756756</vAcc></extensions></trkpt>
      <trkpt lon="-82.150326" lat="33.553824"><ele>105.113690</ele><time>2022-12-07T14:18:08Z</time><extensions><speed>1.484946</speed><course>63.265406</course><hAcc>2.555339</hAcc><vAcc>0.756759</vAcc></extensions></trkpt>
      <trkpt lon="-82.150312" lat="33.553831"><ele>105.130944</ele><time>2022-12-07T14:18:09Z</time><extensions><speed>1.506428</speed><course>59.676573</course><hAcc>2.544675</hAcc><vAcc>0.756760</vAcc></extensions></trkpt>
      <trkpt lon="-82.150298" lat="33.553838"><ele>105.147452</ele><time>2022-12-07T14:18:10Z</time><extensions><speed>1.516931</speed><course>55.957233</course><hAcc>2.533800</hAcc><vAcc>0.756760</vAcc></extensions></trkpt>
      <trkpt lon="-82.150285" lat="33.553847"><ele>105.162107</ele><time>2022-12-07T14:18:11Z</time><extensions><speed>1.497277</speed><course>53.603687</course><hAcc>2.524028</hAcc><vAcc>0.756759</vAcc></extensions></trkpt>
      <trkpt lon="-82.150272" lat="33.553855"><ele>105.178737</ele><time>2022-12-07T14:18:12Z</time><extensions><speed>1.551739</speed><course>53.234050</course><hAcc>2.511701</hAcc><vAcc>0.756758</vAcc></extensions></trkpt>
      <trkpt lon="-82.150258" lat="33.553863"><ele>105.198803</ele><time>2022-12-07T14:18:13Z</time><extensions><speed>1.476152</speed><course>54.923260</course><hAcc>2.521905</hAcc><vAcc>0.756756</vAcc></extensions></trkpt>
      <trkpt lon="-82.150246" lat="33.553872"><ele>105.218690</ele><time>2022-12-07T14:18:14Z</time><extensions><speed>1.495038</speed><course>48.716556</course><hAcc>2.519404</hAcc><vAcc>0.756754</vAcc></extensions></trkpt>
      <trkpt lon="-82.150234" lat="33.553881"><ele>105.235458</ele><time>2022-12-07T14:18:15Z</time><extensions><speed>1.416708</speed><course>45.810853</course><hAcc>2.528783</hAcc><vAcc>0.756752</vAcc></extensions></trkpt>
      <trkpt lon="-82.150222" lat="33.553889"><ele>105.252931</ele><time>2022-12-07T14:18:16Z</time><extensions><speed>1.386758</speed><course>59.921745</course><hAcc>2.545759</hAcc><vAcc>0.756750</vAcc></extensions></trkpt>
      <trkpt lon="-82.150208" lat="33.553894"><ele>105.272632</ele><time>2022-12-07T14:18:17Z</time><extensions><speed>1.351671</speed><course>76.068372</course><hAcc>2.539788</hAcc><vAcc>0.756748</vAcc></extensions></trkpt>
      <trkpt lon="-82.150193" lat="33.553897"><ele>105.291762</ele><time>2022-12-07T14:18:18Z</time><extensions><speed>1.378969</speed><course>78.687231</course><hAcc>2.535533</hAcc><vAcc>0.756747</vAcc></extensions></trkpt>
      <trkpt lon="-82.150178" lat="33.553900"><ele>105.311245</ele><time>2022-12-07T14:18:19Z</time><extensions><speed>1.386996</speed><course>73.516595</course><hAcc>2.529871</hAcc><vAcc>0.756746</vAcc></extensions></trkpt>
      <trkpt lon="-82.150164" lat="33.553904"><ele>105.331221</ele><time>2022-12-07T14:18:20Z</time><extensions><speed>1.387203</speed><course>63.942815</course><hAcc>2.528291</hAcc><vAcc>0.756745</vAcc></extensions></trkpt>
      <trkpt lon="-82.150150" lat="33.553910"><ele>105.350446</ele><time>2022-12-07T14:18:21Z</time><extensions><speed>1.340480</speed><course>62.290660</course><hAcc>2.541208</hAcc><vAcc>0.756744</vAcc></extensions></trkpt>
      <trkpt lon="-82.150137" lat="33.553915"><ele>105.368009</ele><time>2022-12-07T14:18:22Z</time><extensions><speed>1.329192</speed><course>60.126267</course><hAcc>2.588644</hAcc><vAcc>0.756744</vAcc></extensions></trkpt>
      <trkpt lon="-82.150124" lat="33.553922"><ele>105.388542</ele><time>2022-12-07T14:18:23Z</time><extensions><speed>1.429942</speed><course>53.947867</course><hAcc>2.636229</hAcc><vAcc>0.756743</vAcc></extensions></trkpt>
      <trkpt lon="-82.150111" lat="33.553930"><ele>105.413281</ele><time>2022-12-07T14:18:24Z</time><extensions><speed>1.495993</speed><course>51.229284</course><hAcc>2.629080</hAcc><vAcc>0.756743</vAcc></extensions></trkpt>
      <trkpt lon="-82.150097" lat="33.553939"><ele>105.437537</ele><time>2022-12-07T14:18:25Z</time><extensions><speed>1.550164</speed><course>51.717676</course><hAcc>2.618473</hAcc><vAcc>0.756743</vAcc></extensions></trkpt>
      <trkpt lon="-82.150083" lat="33.553948"><ele>105.453898</ele><time>2022-12-07T14:18:26Z</time><extensions><speed>1.604348</speed><course>53.830357</course><hAcc>2.618884</hAcc><vAcc>0.756743</vAcc></extensions></trkpt>
      <trkpt lon="-82.150067" lat="33.553957"><ele>105.471584</ele><time>2022-12-07T14:18:27Z</time><extensions><speed>1.801987</speed><course>59.791772</course><hAcc>2.602554</hAcc><vAcc>0.756743</vAcc></extensions></trkpt>
      <trkpt lon="-82.150049" lat="33.553965"><ele>105.484113</ele><time>2022-12-07T14:18:28Z</time><extensions><speed>1.849104</speed><course>67.146117</course><hAcc>2.597789</hAcc><vAcc>0.756743</vAcc></extensions></trkpt>
      <trkpt lon="-82.150030" lat="33.553970"><ele>105.494860</ele><time>2022-12-07T14:18:29Z</time><extensions><speed>1.763925</speed><course>74.637850</course><hAcc>2.612710</hAcc><vAcc>0.756743</vAcc></extensions></trkpt>
      <trkpt lon="-82.150012" lat="33.553974"><ele>105.498483</ele><time>2022-12-07T14:18:30Z</time><extensions><speed>1.552205</speed><course>76.920338</course><hAcc>2.608275</hAcc><vAcc>0.756743</vAcc></extensions></trkpt>
      <trkpt lon="-82.149996" lat="33.553977"><ele>105.493880</ele><time>2022-12-07T14:18:31Z</time><extensions><speed>1.441060</speed><course>75.999227</course><hAcc>2.605091</hAcc><vAcc>0.756743</vAcc></extensions></trkpt>
      <trkpt lon="-82.149981" lat="33.553981"><ele>105.483615</ele><time>2022-12-07T14:18:32Z</time><extensions><speed>1.392805</speed><course>73.515969</course><hAcc>2.611943</hAcc><vAcc>0.756743</vAcc></extensions></trkpt>
      <trkpt lon="-82.149966" lat="33.553985"><ele>105.463096</ele><time>2022-12-07T14:18:33Z</time><extensions><speed>1.450590</speed><course>71.574947</course><hAcc>2.613499</hAcc><vAcc>0.756743</vAcc></extensions></trkpt>
      <trkpt lon="-82.149950" lat="33.553989"><ele>105.436232</ele><time>2022-12-07T14:18:34Z</time><extensions><speed>1.590124</speed><course>69.831599</course><hAcc>2.615526</hAcc><vAcc>0.756743</vAcc></extensions></trkpt>
      <trkpt lon="-82.149933" lat="33.553995"><ele>105.399706</ele><time>2022-12-07T14:18:35Z</time><extensions><speed>1.862379</speed><course>68.970912</course><hAcc>2.592868</hAcc><vAcc>0.756743</vAcc></extensions></trkpt>
      <trkpt lon="-82.149914" lat="33.554001"><ele>105.358452</ele><time>2022-12-07T14:18:36Z</time><extensions><speed>1.886688</speed><course>69.878323</course><hAcc>2.590548</hAcc><vAcc>0.756743</vAcc></extensions></trkpt>
      <trkpt lon="-82.149895" lat="33.554006"><ele>105.309155</ele><time>2022-12-07T14:18:37Z</time><extensions><speed>1.719229</speed><course>77.975881</course><hAcc>2.590362</hAcc><vAcc>0.756743</vAcc></extensions></trkpt>
      <trkpt lon="-82.149878" lat="33.554008"><ele>105.255722</ele><time>2022-12-07T14:18:38Z</time><extensions><speed>1.476492</speed><course>88.598371</course><hAcc>2.560600</hAcc><vAcc>0.756743</vAcc></extensions></trkpt>
      <trkpt lon="-82.149863" lat="33.554008"><ele>105.197765</ele><time>2022-12-07T14:18:39Z</time><extensions><speed>1.246756</speed><course>95.949944</course><hAcc>2.554799</hAcc><vAcc>0.756743</vAcc></extensions></trkpt>
      <trkpt lon="-82.149849" lat="33.554007"><ele>105.134014</ele><time>2022-12-07T14:18:40Z</time><extensions><speed>1.235671</speed><course>94.311954</course><hAcc>2.572210</hAcc><vAcc>0.756743</vAcc></extensions></trkpt>
      <trkpt lon="-82.149836" lat="33.554007"><ele>105.068177</ele><time>2022-12-07T14:18:41Z</time><extensions><speed>1.243596</speed><course>83.594570</course><hAcc>2.581022</hAcc><vAcc>0.756743</vAcc></extensions></trkpt>
      <trkpt lon="-82.149822" lat="33.554010"><ele>105.004627</ele><time>2022-12-07T14:18:42Z</time><extensions><speed>1.303870</speed><course>75.476222</course><hAcc>2.556061</hAcc><vAcc>0.756743</vAcc></extensions></trkpt>
      <trkpt lon="-82.149808" lat="33.554013"><ele>104.937839</ele><time>2022-12-07T14:18:43Z</time><extensions><speed>1.422310</speed><course>72.912506</course><hAcc>2.538786</hAcc><vAcc>0.756743</vAcc></extensions></trkpt>
      <trkpt lon="-82.149794" lat="33.554017"><ele>104.867604</ele><time>2022-12-07T14:18:44Z</time><extensions><speed>1.464137</speed><course>72.354504</course><hAcc>2.552038</hAcc><vAcc>0.756743</vAcc></extensions></trkpt>
      <trkpt lon="-82.149779" lat="33.554021"><ele>104.798672</ele><time>2022-12-07T14:18:45Z</time><extensions><speed>1.491783</speed><course>73.535139</course><hAcc>2.549168</hAcc><vAcc>0.756743</vAcc></extensions></trkpt>
      <trkpt lon="-82.149763" lat="33.554025"><ele>104.735941</ele><time>2022-12-07T14:18:46Z</time><extensions><speed>1.507773</speed><course>75.927023</course><hAcc>2.557176</hAcc><vAcc>0.756743</vAcc></extensions></trkpt>
      <trkpt lon="-82.149747" lat="33.554028"><ele>104.677960</ele><time>2022-12-07T14:18:47Z</time><extensions><speed>1.536808</speed><course>79.860613</course><hAcc>2.542055</hAcc><vAcc>0.756743</vAcc></extensions></trkpt>
      <trkpt lon="-82.149731" lat="33.554030"><ele>104.622516</ele><time>2022-12-07T14:18:48Z</time><extensions><speed>1.618737</speed><course>84.235349</course><hAcc>2.532599</hAcc><vAcc>0.756743</vAcc></extensions></trkpt>
      <trkpt lon="-82.149714" lat="33.554032"><ele>104.572533</ele><time>2022-12-07T14:18:49Z</time><extensions><speed>1.601943</speed><course>87.864122</course><hAcc>2.550340</hAcc><vAcc>0.756743</vAcc></extensions></trkpt>
      <trkpt lon="-82.149698" lat="33.554032"><ele>104.531995</ele><time>2022-12-07T14:18:50Z</time><extensions><speed>1.552334</speed><course>86.199541</course><hAcc>2.552818</hAcc><vAcc>0.756743</vAcc></extensions></trkpt>
      <trkpt lon="-82.149682" lat="33.554034"><ele>104.495328</ele><time>2022-12-07T14:18:51Z</time><extensions><speed>1.418702</speed><course>81.261198</course><hAcc>2.536586</hAcc><vAcc>0.756743</vAcc></extensions></trkpt>
      <trkpt lon="-82.149668" lat="33.554037"><ele>104.463641</ele><time>2022-12-07T14:18:52Z</time><extensions><speed>1.404169</speed><course>76.901060</course><hAcc>2.516912</hAcc><vAcc>0.756743</vAcc></extensions></trkpt>
      <trkpt lon="-82.149654" lat="33.554040"><ele>104.440436</ele><time>2022-12-07T14:18:53Z</time><extensions><speed>1.376114</speed><course>74.458432</course><hAcc>2.522399</hAcc><vAcc>0.756743</vAcc></extensions></trkpt>
      <trkpt lon="-82.149640" lat="33.554044"><ele>104.426932</ele><time>2022-12-07T14:18:54Z</time><extensions><speed>1.443371</speed><course>69.729916</course><hAcc>2.533451</hAcc><vAcc>0.756743</vAcc></extensions></trkpt>
      <trkpt lon="-82.149625" lat="33.554050"><ele>104.417197</ele><time>2022-12-07T14:18:55Z</time><extensions><speed>1.725198</speed><course>59.622861</course><hAcc>2.509348</hAcc><vAcc>0.756743</vAcc></extensions></trkpt>
      <trkpt lon="-82.149610" lat="33.554059"><ele>104.418052</ele><time>2022-12-07T14:18:56Z</time><extensions><speed>1.734975</speed><course>54.451686</course><hAcc>2.489439</hAcc><vAcc>0.756743</vAcc></extensions></trkpt>
      <trkpt lon="-82.149595" lat="33.554067"><ele>104.434990</ele><time>2022-12-07T14:18:57Z</time><extensions><speed>1.545699</speed><course>54.396513</course><hAcc>2.495913</hAcc><vAcc>0.756743</vAcc></extensions></trkpt>
      <trkpt lon="-82.149583" lat="33.554075"><ele>104.460269</ele><time>2022-12-07T14:18:58Z</time><extensions><speed>1.404376</speed><course>56.061956</course><hAcc>2.494403</hAcc><vAcc>0.756743</vAcc></extensions></trkpt>
      <trkpt lon="-82.149570" lat="33.554082"><ele>104.495378</ele><time>2022-12-07T14:18:59Z</time><extensions><speed>1.345178</speed><course>58.275873</course><hAcc>2.513443</hAcc><vAcc>0.756743</vAcc></extensions></trkpt>
      <trkpt lon="-82.149558" lat="33.554088"><ele>104.534589</ele><time>2022-12-07T14:19:00Z</time><extensions><speed>1.320613</speed><course>56.463993</course><hAcc>2.495891</hAcc><vAcc>0.756743</vAcc></extensions></trkpt>
      <trkpt lon="-82.149546" lat="33.554095"><ele>104.575458</ele><time>2022-12-07T14:19:01Z</time><extensions><speed>1.333737</speed><course>55.295375</course><hAcc>2.503976</hAcc><vAcc>0.756743</vAcc></extensions></trkpt>
      <trkpt lon="-82.149534" lat="33.554102"><ele>104.618953</ele><time>2022-12-07T14:19:02Z</time><extensions><speed>1.387259</speed><course>55.463698</course><hAcc>2.536693</hAcc><vAcc>0.756743</vAcc></extensions></trkpt>
      <trkpt lon="-82.149522" lat="33.554110"><ele>104.663693</ele><time>2022-12-07T14:19:03Z</time><extensions><speed>1.527721</speed><course>50.230681</course><hAcc>2.538081</hAcc><vAcc>0.756743</vAcc></extensions></trkpt>
      <trkpt lon="-82.149509" lat="33.554119"><ele>104.710127</ele><time>2022-12-07T14:19:04Z</time><extensions><speed>1.551297</speed><course>48.108884</course><hAcc>2.524500</hAcc><vAcc>0.756743</vAcc></extensions></trkpt>
      <trkpt lon="-82.149497" lat="33.554127"><ele>104.751647</ele><time>2022-12-07T14:19:05Z</time><extensions><speed>1.520671</speed><course>48.263991</course><hAcc>2.521200</hAcc><vAcc>0.756743</vAcc></extensions></trkpt>
      <trkpt lon="-82.149484" lat="33.554135"><ele>104.788304</ele><time>2022-12-07T14:19:06Z</time><extensions><speed>1.472164</speed><course>53.738993</course><hAcc>2.523574</hAcc><vAcc>0.756743</vAcc></extensions></trkpt>
      <trkpt lon="-82.149471" lat="33.554142"><ele>104.818532</ele><time>2022-12-07T14:19:07Z</time><extensions><speed>1.432230</speed><course>61.262468</course><hAcc>2.547162</hAcc><vAcc>0.756743</vAcc></extensions></trkpt>
      <trkpt lon="-82.149457" lat="33.554147"><ele>104.843827</ele><time>2022-12-07T14:19:08Z</time><extensions><speed>1.487221</speed><course>66.833398</course><hAcc>2.578951</hAcc><vAcc>0.756743</vAcc></extensions></trkpt>
      <trkpt lon="-82.149442" lat="33.554152"><ele>104.864456</ele><time>2022-12-07T14:19:09Z</time><extensions><speed>1.442154</speed><course>70.362415</course><hAcc>2.581756</hAcc><vAcc>0.756743</vAcc></extensions></trkpt>
      <trkpt lon="-82.149428" lat="33.554156"><ele>104.882976</ele><time>2022-12-07T14:19:10Z</time><extensions><speed>1.423868</speed><course>71.156835</course><hAcc>2.569008</hAcc><vAcc>0.756743</vAcc></extensions></trkpt>
      <trkpt lon="-82.149413" lat="33.554160"><ele>104.897179</ele><time>2022-12-07T14:19:11Z</time><extensions><speed>1.411751</speed><course>74.526134</course><hAcc>2.544499</hAcc><vAcc>0.756743</vAcc></extensions></trkpt>
      <trkpt lon="-82.149398" lat="33.554162"><ele>104.896119</ele><time>2022-12-07T14:19:12Z</time><extensions><speed>1.412177</speed><course>82.755591</course><hAcc>2.512088</hAcc><vAcc>0.756743</vAcc></extensions></trkpt>
      <trkpt lon="-82.149383" lat="33.554163"><ele>104.888974</ele><time>2022-12-07T14:19:13Z</time><extensions><speed>1.458080</speed><course>93.859632</course><hAcc>2.508589</hAcc><vAcc>0.756743</vAcc></extensions></trkpt>
      <trkpt lon="-82.149367" lat="33.554162"><ele>104.871049</ele><time>2022-12-07T14:19:14Z</time><extensions><speed>1.524281</speed><course>96.851766</course><hAcc>2.534489</hAcc><vAcc>0.756743</vAcc></extensions></trkpt>
      <trkpt lon="-82.149351" lat="33.554163"><ele>104.852877</ele><time>2022-12-07T14:19:15Z</time><extensions><speed>1.475704</speed><course>80.528962</course><hAcc>2.567794</hAcc><vAcc>0.756743</vAcc></extensions></trkpt>
      <trkpt lon="-82.149335" lat="33.554165"><ele>104.829099</ele><time>2022-12-07T14:19:16Z</time><extensions><speed>1.458291</speed><course>82.273258</course><hAcc>2.524298</hAcc><vAcc>0.756743</vAcc></extensions></trkpt>
      <trkpt lon="-82.149320" lat="33.554167"><ele>104.792136</ele><time>2022-12-07T14:19:17Z</time><extensions><speed>1.393122</speed><course>79.720595</course><hAcc>2.487116</hAcc><vAcc>0.756743</vAcc></extensions></trkpt>
      <trkpt lon="-82.149306" lat="33.554170"><ele>104.752848</ele><time>2022-12-07T14:19:18Z</time><extensions><speed>1.307515</speed><course>79.586928</course><hAcc>2.495990</hAcc><vAcc>0.756743</vAcc></extensions></trkpt>
      <trkpt lon="-82.149292" lat="33.554173"><ele>104.712360</ele><time>2022-12-07T14:19:19Z</time><extensions><speed>1.256048</speed><course>78.230349</course><hAcc>2.512495</hAcc><vAcc>0.756743</vAcc></extensions></trkpt>
      <trkpt lon="-82.149278" lat="33.554176"><ele>104.665617</ele><time>2022-12-07T14:19:20Z</time><extensions><speed>1.337587</speed><course>74.436383</course><hAcc>2.499988</hAcc><vAcc>0.756743</vAcc></extensions></trkpt>
      <trkpt lon="-82.149264" lat="33.554180"><ele>104.611367</ele><time>2022-12-07T14:19:21Z</time><extensions><speed>1.354265</speed><course>71.349968</course><hAcc>2.481645</hAcc><vAcc>0.756743</vAcc></extensions></trkpt>
      <trkpt lon="-82.149251" lat="33.554184"><ele>104.556797</ele><time>2022-12-07T14:19:22Z</time><extensions><speed>1.320636</speed><course>76.197177</course><hAcc>2.477250</hAcc><vAcc>0.756743</vAcc></extensions></trkpt>
      <trkpt lon="-82.149237" lat="33.554186"><ele>104.501938</ele><time>2022-12-07T14:19:23Z</time><extensions><speed>1.222068</speed><course>88.803494</course><hAcc>2.472072</hAcc><vAcc>0.756743</vAcc></extensions></trkpt>
      <trkpt lon="-82.149224" lat="33.554187"><ele>104.448087</ele><time>2022-12-07T14:19:24Z</time><extensions><speed>1.285029</speed><course>86.124341</course><hAcc>2.469206</hAcc><vAcc>0.756743</vAcc></extensions></trkpt>
      <trkpt lon="-82.149210" lat="33.554188"><ele>104.396590</ele><time>2022-12-07T14:19:25Z</time><extensions><speed>1.311190</speed><course>86.686187</course><hAcc>2.473290</hAcc><vAcc>0.756743</vAcc></extensions></trkpt>
      <trkpt lon="-82.149196" lat="33.554189"><ele>104.346508</ele><time>2022-12-07T14:19:26Z</time><extensions><speed>1.350759</speed><course>84.015726</course><hAcc>2.485002</hAcc><vAcc>0.756743</vAcc></extensions></trkpt>
      <trkpt lon="-82.149181" lat="33.554191"><ele>104.288680</ele><time>2022-12-07T14:19:27Z</time><extensions><speed>1.434471</speed><course>83.237237</course><hAcc>2.503393</hAcc><vAcc>0.756743</vAcc></extensions></trkpt>
      <trkpt lon="-82.149166" lat="33.554193"><ele>104.233538</ele><time>2022-12-07T14:19:28Z</time><extensions><speed>1.475174</speed><course>81.902222</course><hAcc>2.513819</hAcc><vAcc>0.756743</vAcc></extensions></trkpt>
      <trkpt lon="-82.149151" lat="33.554195"><ele>104.184076</ele><time>2022-12-07T14:19:29Z</time><extensions><speed>1.479813</speed><course>83.345178</course><hAcc>2.511785</hAcc><vAcc>0.756743</vAcc></extensions></trkpt>
      <trkpt lon="-82.149135" lat="33.554196"><ele>104.137576</ele><time>2022-12-07T14:19:30Z</time><extensions><speed>1.482375</speed><course>85.771958</course><hAcc>2.526767</hAcc><vAcc>0.756743</vAcc></extensions></trkpt>
      <trkpt lon="-82.149119" lat="33.554196"><ele>104.097571</ele><time>2022-12-07T14:19:31Z</time><extensions><speed>1.508880</speed><course>89.540976</course><hAcc>2.547469</hAcc><vAcc>0.756743</vAcc></extensions></trkpt>
      <trkpt lon="-82.149102" lat="33.554196"><ele>104.062138</ele><time>2022-12-07T14:19:32Z</time><extensions><speed>1.753289</speed><course>92.211089</course><hAcc>2.554136</hAcc><vAcc>0.756743</vAcc></extensions></trkpt>
      <trkpt lon="-82.149084" lat="33.554195"><ele>104.028280</ele><time>2022-12-07T14:19:33Z</time><extensions><speed>1.716180</speed><course>94.302479</course><hAcc>2.557836</hAcc><vAcc>0.756743</vAcc></extensions></trkpt>
      <trkpt lon="-82.149066" lat="33.554194"><ele>104.000227</ele><time>2022-12-07T14:19:34Z</time><extensions><speed>1.617140</speed><course>96.190956</course><hAcc>2.579705</hAcc><vAcc>0.756743</vAcc></extensions></trkpt>
      <trkpt lon="-82.149051" lat="33.554193"><ele>103.988067</ele><time>2022-12-07T14:19:35Z</time><extensions><speed>1.388255</speed><course>98.241928</course><hAcc>2.604325</hAcc><vAcc>0.756743</vAcc></extensions></trkpt>
      <trkpt lon="-82.149037" lat="33.554191"><ele>103.984725</ele><time>2022-12-07T14:19:36Z</time><extensions><speed>1.287131</speed><course>102.520210</course><hAcc>2.618113</hAcc><vAcc>0.756743</vAcc></extensions></trkpt>
      <trkpt lon="-82.149024" lat="33.554189"><ele>103.989391</ele><time>2022-12-07T14:19:37Z</time><extensions><speed>1.242333</speed><course>110.768317</course><hAcc>2.638286</hAcc><vAcc>0.756743</vAcc></extensions></trkpt>
      <trkpt lon="-82.149012" lat="33.554185"><ele>103.992513</ele><time>2022-12-07T14:19:38Z</time><extensions><speed>1.245746</speed><course>120.495008</course><hAcc>2.655095</hAcc><vAcc>0.756743</vAcc></extensions></trkpt>
      <trkpt lon="-82.149001" lat="33.554180"><ele>104.004118</ele><time>2022-12-07T14:19:39Z</time><extensions><speed>1.220793</speed><course>125.014125</course><hAcc>2.636477</hAcc><vAcc>0.756743</vAcc></extensions></trkpt>
      <trkpt lon="-82.148990" lat="33.554174"><ele>104.028459</ele><time>2022-12-07T14:19:40Z</time><extensions><speed>1.231092</speed><course>123.392267</course><hAcc>2.628045</hAcc><vAcc>0.756743</vAcc></extensions></trkpt>
      <trkpt lon="-82.148979" lat="33.554169"><ele>104.058169</ele><time>2022-12-07T14:19:41Z</time><extensions><speed>1.184444</speed><course>117.920349</course><hAcc>2.649361</hAcc><vAcc>0.756743</vAcc></extensions></trkpt>
      <trkpt lon="-82.148968" lat="33.554166"><ele>104.096340</ele><time>2022-12-07T14:19:42Z</time><extensions><speed>1.110718</speed><course>106.159354</course><hAcc>2.651559</hAcc><vAcc>0.756743</vAcc></extensions></trkpt>
      <trkpt lon="-82.148956" lat="33.554165"><ele>104.141994</ele><time>2022-12-07T14:19:43Z</time><extensions><speed>1.223976</speed><course>95.236099</course><hAcc>2.666613</hAcc><vAcc>0.756743</vAcc></extensions></trkpt>
      <trkpt lon="-82.148943" lat="33.554166"><ele>104.196097</ele><time>2022-12-07T14:19:44Z</time><extensions><speed>1.287240</speed><course>80.033072</course><hAcc>2.650648</hAcc><vAcc>0.756743</vAcc></extensions></trkpt>
      <trkpt lon="-82.148930" lat="33.554170"><ele>104.255202</ele><time>2022-12-07T14:19:45Z</time><extensions><speed>1.399809</speed><course>64.511183</course><hAcc>2.626416</hAcc><vAcc>0.756743</vAcc></extensions></trkpt>
      <trkpt lon="-82.148917" lat="33.554178"><ele>104.314364</ele><time>2022-12-07T14:19:46Z</time><extensions><speed>1.580714</speed><course>53.556289</course><hAcc>2.625365</hAcc><vAcc>0.756743</vAcc></extensions></trkpt>
      <trkpt lon="-82.148902" lat="33.554188"><ele>104.381566</ele><time>2022-12-07T14:19:47Z</time><extensions><speed>1.807839</speed><course>50.181809</course><hAcc>2.642037</hAcc><vAcc>0.756743</vAcc></extensions></trkpt>
      <trkpt lon="-82.148888" lat="33.554199"><ele>104.446671</ele><time>2022-12-07T14:19:48Z</time><extensions><speed>1.860080</speed><course>48.866489</course><hAcc>2.650613</hAcc><vAcc>0.756743</vAcc></extensions></trkpt>
      <trkpt lon="-82.148873" lat="33.554210"><ele>104.517888</ele><time>2022-12-07T14:19:49Z</time><extensions><speed>1.755558</speed><course>49.447301</course><hAcc>2.649287</hAcc><vAcc>0.756743</vAcc></extensions></trkpt>
      <trkpt lon="-82.148859" lat="33.554221"><ele>104.594639</ele><time>2022-12-07T14:19:50Z</time><extensions><speed>1.769190</speed><course>47.121176</course><hAcc>2.636983</hAcc><vAcc>0.756743</vAcc></extensions></trkpt>
      <trkpt lon="-82.148845" lat="33.554232"><ele>104.678023</ele><time>2022-12-07T14:19:51Z</time><extensions><speed>1.940278</speed><course>47.180512</course><hAcc>2.636644</hAcc><vAcc>0.756743</vAcc></extensions></trkpt>
      <trkpt lon="-82.148829" lat="33.554244"><ele>104.755510</ele><time>2022-12-07T14:19:52Z</time><extensions><speed>1.931308</speed><course>49.025494</course><hAcc>2.630561</hAcc><vAcc>0.756743</vAcc></extensions></trkpt>
      <trkpt lon="-82.148814" lat="33.554255"><ele>104.831246</ele><time>2022-12-07T14:19:53Z</time><extensions><speed>1.808685</speed><course>52.470349</course><hAcc>2.639544</hAcc><vAcc>0.756743</vAcc></extensions></trkpt>
      <trkpt lon="-82.148799" lat="33.554264"><ele>104.900929</ele><time>2022-12-07T14:19:54Z</time><extensions><speed>1.636097</speed><course>53.618179</course><hAcc>2.635306</hAcc><vAcc>0.756743</vAcc></extensions></trkpt>
      <trkpt lon="-82.148785" lat="33.554273"><ele>104.969880</ele><time>2022-12-07T14:19:55Z</time><extensions><speed>1.596871</speed><course>53.284116</course><hAcc>2.608930</hAcc><vAcc>0.756743</vAcc></extensions></trkpt>
      <trkpt lon="-82.148772" lat="33.554282"><ele>105.046267</ele><time>2022-12-07T14:19:56Z</time><extensions><speed>1.552729</speed><course>54.006006</course><hAcc>2.601224</hAcc><vAcc>0.756743</vAcc></extensions></trkpt>
      <trkpt lon="-82.148759" lat="33.554289"><ele>105.118303</ele><time>2022-12-07T14:19:57Z</time><extensions><speed>1.476635</speed><course>57.182495</course><hAcc>2.604021</hAcc><vAcc>0.756743</vAcc></extensions></trkpt>
      <trkpt lon="-82.148746" lat="33.554297"><ele>105.188713</ele><time>2022-12-07T14:19:58Z</time><extensions><speed>1.409582</speed><course>60.361832</course><hAcc>2.620802</hAcc><vAcc>0.756743</vAcc></extensions></trkpt>
      <trkpt lon="-82.148733" lat="33.554303"><ele>105.253084</ele><time>2022-12-07T14:19:59Z</time><extensions><speed>1.447662</speed><course>64.941608</course><hAcc>2.614935</hAcc><vAcc>0.756743</vAcc></extensions></trkpt>
      <trkpt lon="-82.148719" lat="33.554308"><ele>105.309263</ele><time>2022-12-07T14:20:00Z</time><extensions><speed>1.436048</speed><course>70.145567</course><hAcc>2.587119</hAcc><vAcc>0.756743</vAcc></extensions></trkpt>
      <trkpt lon="-82.148705" lat="33.554312"><ele>105.351328</ele><time>2022-12-07T14:20:01Z</time><extensions><speed>1.406769</speed><course>77.206587</course><hAcc>2.561287</hAcc><vAcc>0.756743</vAcc></extensions></trkpt>
      <trkpt lon="-82.148691" lat="33.554314"><ele>105.385974</ele><time>2022-12-07T14:20:02Z</time><extensions><speed>1.410029</speed><course>83.467787</course><hAcc>2.557461</hAcc><vAcc>0.756743</vAcc></extensions></trkpt>
      <trkpt lon="-82.148675" lat="33.554315"><ele>105.409303</ele><time>2022-12-07T14:20:03Z</time><extensions><speed>1.538807</speed><course>91.363121</course><hAcc>2.587538</hAcc><vAcc>0.756743</vAcc></extensions></trkpt>
      <trkpt lon="-82.148658" lat="33.554313"><ele>105.424764</ele><time>2022-12-07T14:20:04Z</time><extensions><speed>1.733641</speed><course>102.447492</course><hAcc>2.604665</hAcc><vAcc>0.756743</vAcc></extensions></trkpt>
      <trkpt lon="-82.148640" lat="33.554309"><ele>105.431289</ele><time>2022-12-07T14:20:05Z</time><extensions><speed>1.552846</speed><course>104.315450</course><hAcc>2.614705</hAcc><vAcc>0.756743</vAcc></extensions></trkpt>
      <trkpt lon="-82.148625" lat="33.554306"><ele>105.420779</ele><time>2022-12-07T14:20:06Z</time><extensions><speed>1.454785</speed><course>96.836192</course><hAcc>2.619835</hAcc><vAcc>0.756743</vAcc></extensions></trkpt>
      <trkpt lon="-82.148608" lat="33.554307"><ele>105.400537</ele><time>2022-12-07T14:20:07Z</time><extensions><speed>1.709888</speed><course>81.495448</course><hAcc>2.606404</hAcc><vAcc>0.756743</vAcc></extensions></trkpt>
      <trkpt lon="-82.148590" lat="33.554309"><ele>105.374550</ele><time>2022-12-07T14:20:08Z</time><extensions><speed>1.803715</speed><course>78.725035</course><hAcc>2.605258</hAcc><vAcc>0.756743</vAcc></extensions></trkpt>
      <trkpt lon="-82.148571" lat="33.554312"><ele>105.343291</ele><time>2022-12-07T14:20:09Z</time><extensions><speed>1.693684</speed><course>78.256279</course><hAcc>2.633198</hAcc><vAcc>0.756743</vAcc></extensions></trkpt>
      <trkpt lon="-82.148555" lat="33.554314"><ele>105.303536</ele><time>2022-12-07T14:20:10Z</time><extensions><speed>1.469610</speed><course>81.189963</course><hAcc>2.665811</hAcc><vAcc>0.756743</vAcc></extensions></trkpt>
      <trkpt lon="-82.148540" lat="33.554316"><ele>105.257688</ele><time>2022-12-07T14:20:11Z</time><extensions><speed>1.363365</speed><course>86.712637</course><hAcc>2.687210</hAcc><vAcc>0.756743</vAcc></extensions></trkpt>
      <trkpt lon="-82.148525" lat="33.554315"><ele>105.206827</ele><time>2022-12-07T14:20:12Z</time><extensions><speed>1.505918</speed><course>95.371963</course><hAcc>2.711100</hAcc><vAcc>0.756743</vAcc></extensions></trkpt>
      <trkpt lon="-82.148510" lat="33.554313"><ele>105.153424</ele><time>2022-12-07T14:20:13Z</time><extensions><speed>1.499832</speed><course>104.432656</course><hAcc>2.730065</hAcc><vAcc>0.756743</vAcc></extensions></trkpt>
      <trkpt lon="-82.148495" lat="33.554309"><ele>105.091578</ele><time>2022-12-07T14:20:14Z</time><extensions><speed>1.401347</speed><course>112.219504</course><hAcc>2.739631</hAcc><vAcc>0.756743</vAcc></extensions></trkpt>
      <trkpt lon="-82.148483" lat="33.554304"><ele>105.034741</ele><time>2022-12-07T14:20:15Z</time><extensions><speed>1.159860</speed><course>114.655224</course><hAcc>2.743057</hAcc><vAcc>0.756743</vAcc></extensions></trkpt>
      <trkpt lon="-82.148471" lat="33.554300"><ele>104.979812</ele><time>2022-12-07T14:20:16Z</time><extensions><speed>1.151026</speed><course>110.722826</course><hAcc>2.725824</hAcc><vAcc>0.756742</vAcc></extensions></trkpt>
      <trkpt lon="-82.148460" lat="33.554297"><ele>104.927833</ele><time>2022-12-07T14:20:17Z</time><extensions><speed>1.149285</speed><course>103.942977</course><hAcc>2.721218</hAcc><vAcc>0.756740</vAcc></extensions></trkpt>
      <trkpt lon="-82.148447" lat="33.554295"><ele>104.877723</ele><time>2022-12-07T14:20:18Z</time><extensions><speed>1.188648</speed><course>100.173665</course><hAcc>2.742941</hAcc><vAcc>0.756739</vAcc></extensions></trkpt>
      <trkpt lon="-82.148434" lat="33.554294"><ele>104.827577</ele><time>2022-12-07T14:20:19Z</time><extensions><speed>1.249156</speed><course>96.185081</course><hAcc>2.761891</hAcc><vAcc>0.756737</vAcc></extensions></trkpt>
      <trkpt lon="-82.148421" lat="33.554293"><ele>104.791245</ele><time>2022-12-07T14:20:20Z</time><extensions><speed>1.203302</speed><course>94.855042</course><hAcc>2.727732</hAcc><vAcc>0.756735</vAcc></extensions></trkpt>
      <trkpt lon="-82.148408" lat="33.554293"><ele>104.753407</ele><time>2022-12-07T14:20:21Z</time><extensions><speed>1.109012</speed><course>92.491299</course><hAcc>2.688112</hAcc><vAcc>0.756732</vAcc></extensions></trkpt>
      <trkpt lon="-82.148396" lat="33.554294"><ele>104.714382</ele><time>2022-12-07T14:20:22Z</time><extensions><speed>1.046016</speed><course>91.104814</course><hAcc>2.659912</hAcc><vAcc>0.756729</vAcc></extensions></trkpt>
      <trkpt lon="-82.148385" lat="33.554295"><ele>104.678672</ele><time>2022-12-07T14:20:23Z</time><extensions><speed>0.962169</speed><course>88.763447</course><hAcc>2.651061</hAcc><vAcc>0.756725</vAcc></extensions></trkpt>
      <trkpt lon="-82.148374" lat="33.554297"><ele>104.647998</ele><time>2022-12-07T14:20:24Z</time><extensions><speed>0.976660</speed><course>88.609823</course><hAcc>2.666409</hAcc><vAcc>0.756720</vAcc></extensions></trkpt>
      <trkpt lon="-82.148363" lat="33.554299"><ele>104.622944</ele><time>2022-12-07T14:20:25Z</time><extensions><speed>1.012964</speed><course>88.308225</course><hAcc>2.656144</hAcc><vAcc>0.756713</vAcc></extensions></trkpt>
      <trkpt lon="-82.148352" lat="33.554300"><ele>104.599186</ele><time>2022-12-07T14:20:26Z</time><extensions><speed>1.075762</speed><course>91.238768</course><hAcc>2.629520</hAcc><vAcc>0.756710</vAcc></extensions></trkpt>
      <trkpt lon="-82.148340" lat="33.554301"><ele>104.577397</ele><time>2022-12-07T14:20:27Z</time><extensions><speed>1.107410</speed><course>94.264083</course><hAcc>2.622233</hAcc><vAcc>0.756716</vAcc></extensions></trkpt>
      <trkpt lon="-82.148328" lat="33.554301"><ele>104.558364</ele><time>2022-12-07T14:20:28Z</time><extensions><speed>0.998961</speed><course>93.321113</course><hAcc>2.632579</hAcc><vAcc>0.756720</vAcc></extensions></trkpt>
      <trkpt lon="-82.148316" lat="33.554302"><ele>104.542477</ele><time>2022-12-07T14:20:29Z</time><extensions><speed>1.248187</speed><course>90.499394</course><hAcc>2.637807</hAcc><vAcc>0.756723</vAcc></extensions></trkpt>
      <trkpt lon="-82.148302" lat="33.554305"><ele>104.524275</ele><time>2022-12-07T14:20:30Z</time><extensions><speed>1.416937</speed><course>75.619925</course><hAcc>2.616095</hAcc><vAcc>0.756725</vAcc></extensions></trkpt>
      <trkpt lon="-82.148286" lat="33.554310"><ele>104.509662</ele><time>2022-12-07T14:20:31Z</time><extensions><speed>1.571277</speed><course>66.261881</course><hAcc>2.593987</hAcc><vAcc>0.756727</vAcc></extensions></trkpt>
      <trkpt lon="-82.148271" lat="33.554317"><ele>104.491726</ele><time>2022-12-07T14:20:32Z</time><extensions><speed>1.626752</speed><course>61.978074</course><hAcc>2.589619</hAcc><vAcc>0.756728</vAcc></extensions></trkpt>
      <trkpt lon="-82.148255" lat="33.554324"><ele>104.474656</ele><time>2022-12-07T14:20:33Z</time><extensions><speed>1.594948</speed><course>61.325775</course><hAcc>2.589888</hAcc><vAcc>0.756730</vAcc></extensions></trkpt>
      <trkpt lon="-82.148240" lat="33.554332"><ele>104.460628</ele><time>2022-12-07T14:20:34Z</time><extensions><speed>1.594954</speed><course>61.354032</course><hAcc>2.579911</hAcc><vAcc>0.756731</vAcc></extensions></trkpt>
      <trkpt lon="-82.148225" lat="33.554339"><ele>104.440674</ele><time>2022-12-07T14:20:35Z</time><extensions><speed>1.549591</speed><course>63.085786</course><hAcc>2.582212</hAcc><vAcc>0.756732</vAcc></extensions></trkpt>
      <trkpt lon="-82.148210" lat="33.554347"><ele>104.423088</ele><time>2022-12-07T14:20:36Z</time><extensions><speed>1.549238</speed><course>63.230128</course><hAcc>2.580515</hAcc><vAcc>0.756733</vAcc></extensions></trkpt>
      <trkpt lon="-82.148195" lat="33.554354"><ele>104.403050</ele><time>2022-12-07T14:20:37Z</time><extensions><speed>1.605109</speed><course>61.764587</course><hAcc>2.575111</hAcc><vAcc>0.756734</vAcc></extensions></trkpt>
      <trkpt lon="-82.148179" lat="33.554362"><ele>104.372041</ele><time>2022-12-07T14:20:38Z</time><extensions><speed>1.784924</speed><course>64.164323</course><hAcc>2.582203</hAcc><vAcc>0.756735</vAcc></extensions></trkpt>
      <trkpt lon="-82.148162" lat="33.554369"><ele>104.343518</ele><time>2022-12-07T14:20:39Z</time><extensions><speed>1.740537</speed><course>65.132899</course><hAcc>2.577690</hAcc><vAcc>0.756736</vAcc></extensions></trkpt>
      <trkpt lon="-82.148146" lat="33.554376"><ele>104.315889</ele><time>2022-12-07T14:20:40Z</time><extensions><speed>1.487271</speed><course>70.050383</course><hAcc>2.592168</hAcc><vAcc>0.756736</vAcc></extensions></trkpt>
      <trkpt lon="-82.148131" lat="33.554381"><ele>104.287428</ele><time>2022-12-07T14:20:41Z</time><extensions><speed>1.289180</speed><course>73.734878</course><hAcc>2.595700</hAcc><vAcc>0.756737</vAcc></extensions></trkpt>
      <trkpt lon="-82.148118" lat="33.554384"><ele>104.263950</ele><time>2022-12-07T14:20:42Z</time><extensions><speed>1.235133</speed><course>75.813233</course><hAcc>2.608655</hAcc><vAcc>0.756737</vAcc></extensions></trkpt>
      <trkpt lon="-82.148104" lat="33.554389"><ele>104.242356</ele><time>2022-12-07T14:20:43Z</time><extensions><speed>1.452449</speed><course>69.628126</course><hAcc>2.588770</hAcc><vAcc>0.756738</vAcc></extensions></trkpt>
      <trkpt lon="-82.148089" lat="33.554395"><ele>104.224169</ele><time>2022-12-07T14:20:44Z</time><extensions><speed>1.480313</speed><course>64.417210</course><hAcc>2.565073</hAcc><vAcc>0.756738</vAcc></extensions></trkpt>
      <trkpt lon="-82.148076" lat="33.554402"><ele>104.215838</ele><time>2022-12-07T14:20:45Z</time><extensions><speed>1.333508</speed><course>60.655242</course><hAcc>2.548663</hAcc><vAcc>0.756738</vAcc></extensions></trkpt>
      <trkpt lon="-82.148063" lat="33.554408"><ele>104.218531</ele><time>2022-12-07T14:20:46Z</time><extensions><speed>1.284674</speed><course>61.652817</course><hAcc>2.547669</hAcc><vAcc>0.756739</vAcc></extensions></trkpt>
      <trkpt lon="-82.148050" lat="33.554415"><ele>104.227159</ele><time>2022-12-07T14:20:47Z</time><extensions><speed>1.336184</speed><course>64.512435</course><hAcc>2.554671</hAcc><vAcc>0.756739</vAcc></extensions></trkpt>
      <trkpt lon="-82.148036" lat="33.554421"><ele>104.245751</ele><time>2022-12-07T14:20:48Z</time><extensions><speed>1.449786</speed><course>69.477757</course><hAcc>2.567315</hAcc><vAcc>0.756739</vAcc></extensions></trkpt>
      <trkpt lon="-82.148021" lat="33.554427"><ele>104.262233</ele><time>2022-12-07T14:20:49Z</time><extensions><speed>1.501186</speed><course>68.720734</course><hAcc>2.568012</hAcc><vAcc>0.756739</vAcc></extensions></trkpt>
      <trkpt lon="-82.148006" lat="33.554433"><ele>104.283583</ele><time>2022-12-07T14:20:50Z</time><extensions><speed>1.494627</speed><course>67.213781</course><hAcc>2.572825</hAcc><vAcc>0.756740</vAcc></extensions></trkpt>
      <trkpt lon="-82.147992" lat="33.554439"><ele>104.308521</ele><time>2022-12-07T14:20:51Z</time><extensions><speed>1.443127</speed><course>65.194456</course><hAcc>2.569101</hAcc><vAcc>0.756740</vAcc></extensions></trkpt>
      <trkpt lon="-82.147977" lat="33.554445"><ele>104.325534</ele><time>2022-12-07T14:20:52Z</time><extensions><speed>1.381650</speed><course>67.414865</course><hAcc>2.572790</hAcc><vAcc>0.756740</vAcc></extensions></trkpt>
      <trkpt lon="-82.147963" lat="33.554451"><ele>104.342204</ele><time>2022-12-07T14:20:53Z</time><extensions><speed>1.466144</speed><course>68.473811</course><hAcc>2.560089</hAcc><vAcc>0.756740</vAcc></extensions></trkpt>
      <trkpt lon="-82.147947" lat="33.554457"><ele>104.352506</ele><time>2022-12-07T14:20:54Z</time><extensions><speed>1.510571</speed><course>67.887689</course><hAcc>2.554556</hAcc><vAcc>0.756740</vAcc></extensions></trkpt>
      <trkpt lon="-82.147932" lat="33.554464"><ele>104.355681</ele><time>2022-12-07T14:20:55Z</time><extensions><speed>1.562363</speed><course>64.848661</course><hAcc>2.550345</hAcc><vAcc>0.756740</vAcc></extensions></trkpt>
      <trkpt lon="-82.147916" lat="33.554471"><ele>104.352333</ele><time>2022-12-07T14:20:56Z</time><extensions><speed>1.644111</speed><course>60.597370</course><hAcc>2.538497</hAcc><vAcc>0.756740</vAcc></extensions></trkpt>
      <trkpt lon="-82.147900" lat="33.554480"><ele>104.343656</ele><time>2022-12-07T14:20:57Z</time><extensions><speed>1.704074</speed><course>55.661986</course><hAcc>2.539368</hAcc><vAcc>0.756741</vAcc></extensions></trkpt>
      <trkpt lon="-82.147885" lat="33.554490"><ele>104.328680</ele><time>2022-12-07T14:20:58Z</time><extensions><speed>1.669482</speed><course>50.097823</course><hAcc>2.561995</hAcc><vAcc>0.756741</vAcc></extensions></trkpt>
      <trkpt lon="-82.147872" lat="33.554500"><ele>104.306928</ele><time>2022-12-07T14:20:59Z</time><extensions><speed>1.660715</speed><course>43.987214</course><hAcc>2.584037</hAcc><vAcc>0.756741</vAcc></extensions></trkpt>
      <trkpt lon="-82.147859" lat="33.554512"><ele>104.277885</ele><time>2022-12-07T14:21:00Z</time><extensions><speed>1.571330</speed><course>43.855085</course><hAcc>2.603326</hAcc><vAcc>0.756741</vAcc></extensions></trkpt>
      <trkpt lon="-82.147846" lat="33.554522"><ele>104.247372</ele><time>2022-12-07T14:21:01Z</time><extensions><speed>1.624446</speed><course>49.168129</course><hAcc>2.572425</hAcc><vAcc>0.756741</vAcc></extensions></trkpt>
      <trkpt lon="-82.147832" lat="33.554532"><ele>104.214507</ele><time>2022-12-07T14:21:02Z</time><extensions><speed>1.649053</speed><course>56.220590</course><hAcc>2.551498</hAcc><vAcc>0.756741</vAcc></extensions></trkpt>
      <trkpt lon="-82.147817" lat="33.554540"><ele>104.181298</ele><time>2022-12-07T14:21:03Z</time><extensions><speed>1.575831</speed><course>60.756879</course><hAcc>2.555558</hAcc><vAcc>0.756741</vAcc></extensions></trkpt>
      <trkpt lon="-82.147802" lat="33.554547"><ele>104.143889</ele><time>2022-12-07T14:21:04Z</time><extensions><speed>1.557132</speed><course>63.105017</course><hAcc>2.551393</hAcc><vAcc>0.756741</vAcc></extensions></trkpt>
      <trkpt lon="-82.147787" lat="33.554554"><ele>104.098370</ele><time>2022-12-07T14:21:05Z</time><extensions><speed>1.486269</speed><course>68.615598</course><hAcc>2.558926</hAcc><vAcc>0.756741</vAcc></extensions></trkpt>
      <trkpt lon="-82.147771" lat="33.554558"><ele>104.063370</ele><time>2022-12-07T14:21:06Z</time><extensions><speed>1.485200</speed><course>80.212498</course><hAcc>2.543199</hAcc><vAcc>0.756741</vAcc></extensions></trkpt>
      <trkpt lon="-82.147755" lat="33.554560"><ele>104.040158</ele><time>2022-12-07T14:21:07Z</time><extensions><speed>1.439985</speed><course>92.078680</course><hAcc>2.531770</hAcc><vAcc>0.756741</vAcc></extensions></trkpt>
      <trkpt lon="-82.147740" lat="33.554560"><ele>104.018943</ele><time>2022-12-07T14:21:08Z</time><extensions><speed>1.376639</speed><course>96.789590</course><hAcc>2.519454</hAcc><vAcc>0.756742</vAcc></extensions></trkpt>
      <trkpt lon="-82.147726" lat="33.554559"><ele>104.001083</ele><time>2022-12-07T14:21:09Z</time><extensions><speed>1.364468</speed><course>92.834232</course><hAcc>2.518860</hAcc><vAcc>0.756742</vAcc></extensions></trkpt>
      <trkpt lon="-82.147711" lat="33.554560"><ele>103.989994</ele><time>2022-12-07T14:21:10Z</time><extensions><speed>1.376309</speed><course>84.731164</course><hAcc>2.541171</hAcc><vAcc>0.756742</vAcc></extensions></trkpt>
      <trkpt lon="-82.147697" lat="33.554563"><ele>103.978426</ele><time>2022-12-07T14:21:11Z</time><extensions><speed>1.400924</speed><course>74.582079</course><hAcc>2.549608</hAcc><vAcc>0.756742</vAcc></extensions></trkpt>
      <trkpt lon="-82.147682" lat="33.554568"><ele>103.955117</ele><time>2022-12-07T14:21:12Z</time><extensions><speed>1.474595</speed><course>67.353959</course><hAcc>2.542353</hAcc><vAcc>0.756742</vAcc></extensions></trkpt>
      <trkpt lon="-82.147668" lat="33.554574"><ele>103.928999</ele><time>2022-12-07T14:21:13Z</time><extensions><speed>1.494610</speed><course>63.767312</course><hAcc>2.539009</hAcc><vAcc>0.756742</vAcc></extensions></trkpt>
      <trkpt lon="-82.147654" lat="33.554580"><ele>103.904725</ele><time>2022-12-07T14:21:14Z</time><extensions><speed>1.504717</speed><course>59.890936</course><hAcc>2.541070</hAcc><vAcc>0.756742</vAcc></extensions></trkpt>
      <trkpt lon="-82.147640" lat="33.554587"><ele>103.876087</ele><time>2022-12-07T14:21:15Z</time><extensions><speed>1.480689</speed><course>57.749146</course><hAcc>2.562877</hAcc><vAcc>0.756742</vAcc></extensions></trkpt>
      <trkpt lon="-82.147627" lat="33.554595"><ele>103.846382</ele><time>2022-12-07T14:21:16Z</time><extensions><speed>1.427752</speed><course>57.067991</course><hAcc>2.589508</hAcc><vAcc>0.756742</vAcc></extensions></trkpt>
      <trkpt lon="-82.147615" lat="33.554602"><ele>103.815552</ele><time>2022-12-07T14:21:17Z</time><extensions><speed>1.447053</speed><course>57.492009</course><hAcc>2.596647</hAcc><vAcc>0.756742</vAcc></extensions></trkpt>
      <trkpt lon="-82.147602" lat="33.554609"><ele>103.784428</ele><time>2022-12-07T14:21:18Z</time><extensions><speed>1.410017</speed><course>57.800629</course><hAcc>2.601243</hAcc><vAcc>0.756742</vAcc></extensions></trkpt>
      <trkpt lon="-82.147590" lat="33.554616"><ele>103.750427</ele><time>2022-12-07T14:21:19Z</time><extensions><speed>1.393348</speed><course>57.471768</course><hAcc>2.599452</hAcc><vAcc>0.756742</vAcc></extensions></trkpt>
      <trkpt lon="-82.147578" lat="33.554623"><ele>103.716102</ele><time>2022-12-07T14:21:20Z</time><extensions><speed>1.292014</speed><course>64.787768</course><hAcc>2.619668</hAcc><vAcc>0.756742</vAcc></extensions></trkpt>
      <trkpt lon="-82.147565" lat="33.554626"><ele>103.686742</ele><time>2022-12-07T14:21:21Z</time><extensions><speed>1.231110</speed><course>81.047270</course><hAcc>2.662826</hAcc><vAcc>0.756742</vAcc></extensions></trkpt>
      <trkpt lon="-82.147553" lat="33.554628"><ele>103.657180</ele><time>2022-12-07T14:21:22Z</time><extensions><speed>1.015132</speed><course>91.220505</course><hAcc>2.667546</hAcc><vAcc>0.756742</vAcc></extensions></trkpt>
      <trkpt lon="-82.147543" lat="33.554628"><ele>103.629025</ele><time>2022-12-07T14:21:23Z</time><extensions><speed>0.904110</speed><course>91.513958</course><hAcc>2.663269</hAcc><vAcc>0.756742</vAcc></extensions></trkpt>
      <trkpt lon="-82.147534" lat="33.554629"><ele>103.604910</ele><time>2022-12-07T14:21:24Z</time><extensions><speed>0.857379</speed><course>79.261202</course><hAcc>2.658849</hAcc><vAcc>0.756742</vAcc></extensions></trkpt>
      <trkpt lon="-82.147525" lat="33.554632"><ele>103.586338</ele><time>2022-12-07T14:21:25Z</time><extensions><speed>0.885879</speed><course>60.325569</course><hAcc>2.657954</hAcc><vAcc>0.756742</vAcc></extensions></trkpt>
      <trkpt lon="-82.147517" lat="33.554638"><ele>103.564654</ele><time>2022-12-07T14:21:26Z</time><extensions><speed>1.056704</speed><course>44.226100</course><hAcc>2.667056</hAcc><vAcc>0.756742</vAcc></extensions></trkpt>
      <trkpt lon="-82.147509" lat="33.554647"><ele>103.553986</ele><time>2022-12-07T14:21:27Z</time><extensions><speed>1.300997</speed><course>36.889526</course><hAcc>2.696144</hAcc><vAcc>0.756742</vAcc></extensions></trkpt>
      <trkpt lon="-82.147501" lat="33.554657"><ele>103.549815</ele><time>2022-12-07T14:21:28Z</time><extensions><speed>1.525283</speed><course>38.068132</course><hAcc>2.711692</hAcc><vAcc>0.756742</vAcc></extensions></trkpt>
      <trkpt lon="-82.147490" lat="33.554669"><ele>103.555904</ele><time>2022-12-07T14:21:29Z</time><extensions><speed>1.575324</speed><course>42.805874</course><hAcc>2.692866</hAcc><vAcc>0.756742</vAcc></extensions></trkpt>
      <trkpt lon="-82.147479" lat="33.554679"><ele>103.562143</ele><time>2022-12-07T14:21:30Z</time><extensions><speed>1.527812</speed><course>49.773612</course><hAcc>2.658833</hAcc><vAcc>0.756742</vAcc></extensions></trkpt>
      <trkpt lon="-82.147466" lat="33.554688"><ele>103.579792</ele><time>2022-12-07T14:21:31Z</time><extensions><speed>1.445930</speed><course>56.620628</course><hAcc>2.635261</hAcc><vAcc>0.756742</vAcc></extensions></trkpt>
      <trkpt lon="-82.147454" lat="33.554696"><ele>103.601163</ele><time>2022-12-07T14:21:32Z</time><extensions><speed>1.375763</speed><course>60.549276</course><hAcc>2.626868</hAcc><vAcc>0.756742</vAcc></extensions></trkpt>
      <trkpt lon="-82.147441" lat="33.554702"><ele>103.625055</ele><time>2022-12-07T14:21:33Z</time><extensions><speed>1.339610</speed><course>64.107233</course><hAcc>2.634966</hAcc><vAcc>0.756742</vAcc></extensions></trkpt>
      <trkpt lon="-82.147429" lat="33.554709"><ele>103.641695</ele><time>2022-12-07T14:21:34Z</time><extensions><speed>1.343512</speed><course>57.612363</course><hAcc>2.604258</hAcc><vAcc>0.756742</vAcc></extensions></trkpt>
      <trkpt lon="-82.147417" lat="33.554716"><ele>103.659319</ele><time>2022-12-07T14:21:35Z</time><extensions><speed>1.376585</speed><course>50.226635</course><hAcc>2.572458</hAcc><vAcc>0.756742</vAcc></extensions></trkpt>
      <trkpt lon="-82.147405" lat="33.554725"><ele>103.677861</ele><time>2022-12-07T14:21:36Z</time><extensions><speed>1.388717</speed><course>46.310657</course><hAcc>2.579511</hAcc><vAcc>0.756742</vAcc></extensions></trkpt>
      <trkpt lon="-82.147395" lat="33.554734"><ele>103.693946</ele><time>2022-12-07T14:21:37Z</time><extensions><speed>1.348529</speed><course>36.909490</course><hAcc>2.576807</hAcc><vAcc>0.756742</vAcc></extensions></trkpt>
      <trkpt lon="-82.147388" lat="33.554744"><ele>103.701748</ele><time>2022-12-07T14:21:38Z</time><extensions><speed>1.195935</speed><course>20.038488</course><hAcc>2.558953</hAcc><vAcc>0.756742</vAcc></extensions></trkpt>
      <trkpt lon="-82.147386" lat="33.554754"><ele>103.704813</ele><time>2022-12-07T14:21:39Z</time><extensions><speed>1.160544</speed><course>0.993515</course><hAcc>2.561750</hAcc><vAcc>0.756742</vAcc></extensions></trkpt>
      <trkpt lon="-82.147385" lat="33.554765"><ele>103.704198</ele><time>2022-12-07T14:21:40Z</time><extensions><speed>1.250249</speed><course>1.877812</course><hAcc>2.566562</hAcc><vAcc>0.756742</vAcc></extensions></trkpt>
      <trkpt lon="-82.147383" lat="33.554777"><ele>103.698998</ele><time>2022-12-07T14:21:41Z</time><extensions><speed>1.355501</speed><course>10.453371</course><hAcc>2.575060</hAcc><vAcc>0.756742</vAcc></extensions></trkpt>
      <trkpt lon="-82.147378" lat="33.554788"><ele>103.687697</ele><time>2022-12-07T14:21:42Z</time><extensions><speed>1.347651</speed><course>28.243134</course><hAcc>2.555289</hAcc><vAcc>0.756742</vAcc></extensions></trkpt>
      <trkpt lon="-82.147370" lat="33.554798"><ele>103.673416</ele><time>2022-12-07T14:21:43Z</time><extensions><speed>1.399542</speed><course>40.098361</course><hAcc>2.543182</hAcc><vAcc>0.756742</vAcc></extensions></trkpt>
      <trkpt lon="-82.147360" lat="33.554807"><ele>103.657269</ele><time>2022-12-07T14:21:44Z</time><extensions><speed>1.415693</speed><course>46.089829</course><hAcc>2.561623</hAcc><vAcc>0.756742</vAcc></extensions></trkpt>
      <trkpt lon="-82.147349" lat="33.554815"><ele>103.638047</ele><time>2022-12-07T14:21:45Z</time><extensions><speed>1.391832</speed><course>46.879082</course><hAcc>2.586478</hAcc><vAcc>0.756742</vAcc></extensions></trkpt>
      <trkpt lon="-82.147339" lat="33.554824"><ele>103.610355</ele><time>2022-12-07T14:21:46Z</time><extensions><speed>1.340853</speed><course>39.151171</course><hAcc>2.612084</hAcc><vAcc>0.756742</vAcc></extensions></trkpt>
      <trkpt lon="-82.147330" lat="33.554834"><ele>103.578634</ele><time>2022-12-07T14:21:47Z</time><extensions><speed>1.347209</speed><course>32.684053</course><hAcc>2.612013</hAcc><vAcc>0.756742</vAcc></extensions></trkpt>
      <trkpt lon="-82.147322" lat="33.554845"><ele>103.543744</ele><time>2022-12-07T14:21:48Z</time><extensions><speed>1.481142</speed><course>31.264991</course><hAcc>2.627580</hAcc><vAcc>0.756742</vAcc></extensions></trkpt>
      <trkpt lon="-82.147313" lat="33.554856"><ele>103.506978</ele><time>2022-12-07T14:21:49Z</time><extensions><speed>1.547493</speed><course>40.240329</course><hAcc>2.657806</hAcc><vAcc>0.756742</vAcc></extensions></trkpt>
      <trkpt lon="-82.147302" lat="33.554865"><ele>103.466220</ele><time>2022-12-07T14:21:50Z</time><extensions><speed>1.350339</speed><course>43.240647</course><hAcc>2.654195</hAcc><vAcc>0.756742</vAcc></extensions></trkpt>
      <trkpt lon="-82.147294" lat="33.554874"><ele>103.424563</ele><time>2022-12-07T14:21:51Z</time><extensions><speed>1.180889</speed><course>38.562276</course><hAcc>2.633497</hAcc><vAcc>0.756742</vAcc></extensions></trkpt>
      <trkpt lon="-82.147287" lat="33.554883"><ele>103.381880</ele><time>2022-12-07T14:21:52Z</time><extensions><speed>1.137465</speed><course>24.599645</course><hAcc>2.626109</hAcc><vAcc>0.756742</vAcc></extensions></trkpt>
      <trkpt lon="-82.147282" lat="33.554894"><ele>103.341027</ele><time>2022-12-07T14:21:53Z</time><extensions><speed>1.246254</speed><course>17.893661</course><hAcc>2.647065</hAcc><vAcc>0.756742</vAcc></extensions></trkpt>
      <trkpt lon="-82.147278" lat="33.554905"><ele>103.303008</ele><time>2022-12-07T14:21:54Z</time><extensions><speed>1.341376</speed><course>19.057695</course><hAcc>2.685129</hAcc><vAcc>0.756742</vAcc></extensions></trkpt>
      <trkpt lon="-82.147272" lat="33.554917"><ele>103.271987</ele><time>2022-12-07T14:21:55Z</time><extensions><speed>1.369119</speed><course>22.483836</course><hAcc>2.674536</hAcc><vAcc>0.756742</vAcc></extensions></trkpt>
      <trkpt lon="-82.147266" lat="33.554928"><ele>103.241669</ele><time>2022-12-07T14:21:56Z</time><extensions><speed>1.364499</speed><course>24.585370</course><hAcc>2.636771</hAcc><vAcc>0.756742</vAcc></extensions></trkpt>
      <trkpt lon="-82.147260" lat="33.554940"><ele>103.211169</ele><time>2022-12-07T14:21:57Z</time><extensions><speed>1.397640</speed><course>24.401055</course><hAcc>2.612150</hAcc><vAcc>0.756742</vAcc></extensions></trkpt>
      <trkpt lon="-82.147253" lat="33.554951"><ele>103.184928</ele><time>2022-12-07T14:21:58Z</time><extensions><speed>1.419730</speed><course>24.220650</course><hAcc>2.623605</hAcc><vAcc>0.756742</vAcc></extensions></trkpt>
      <trkpt lon="-82.147246" lat="33.554963"><ele>103.168955</ele><time>2022-12-07T14:21:59Z</time><extensions><speed>1.412097</speed><course>24.137437</course><hAcc>2.662110</hAcc><vAcc>0.756742</vAcc></extensions></trkpt>
      <trkpt lon="-82.147240" lat="33.554974"><ele>103.156005</ele><time>2022-12-07T14:22:00Z</time><extensions><speed>1.338979</speed><course>22.813871</course><hAcc>2.656526</hAcc><vAcc>0.756742</vAcc></extensions></trkpt>
      <trkpt lon="-82.147234" lat="33.554984"><ele>103.152534</ele><time>2022-12-07T14:22:01Z</time><extensions><speed>1.329021</speed><course>22.738802</course><hAcc>2.652754</hAcc><vAcc>0.756742</vAcc></extensions></trkpt>
      <trkpt lon="-82.147228" lat="33.554995"><ele>103.161296</ele><time>2022-12-07T14:22:02Z</time><extensions><speed>1.324248</speed><course>23.389383</course><hAcc>2.674518</hAcc><vAcc>0.756742</vAcc></extensions></trkpt>
      <trkpt lon="-82.147222" lat="33.555006"><ele>103.177730</ele><time>2022-12-07T14:22:03Z</time><extensions><speed>1.448892</speed><course>26.853508</course><hAcc>2.662062</hAcc><vAcc>0.756742</vAcc></extensions></trkpt>
      <trkpt lon="-82.147214" lat="33.555018"><ele>103.195397</ele><time>2022-12-07T14:22:04Z</time><extensions><speed>1.580255</speed><course>32.086014</course><hAcc>2.653235</hAcc><vAcc>0.758385</vAcc></extensions></trkpt>
      <trkpt lon="-82.147204" lat="33.555030"><ele>103.218754</ele><time>2022-12-07T14:22:05Z</time><extensions><speed>1.541765</speed><course>35.990742</course><hAcc>2.675708</hAcc><vAcc>0.761086</vAcc></extensions></trkpt>
      <trkpt lon="-82.147194" lat="33.555040"><ele>103.240178</ele><time>2022-12-07T14:22:06Z</time><extensions><speed>1.307882</speed><course>39.864891</course><hAcc>2.705444</hAcc><vAcc>0.762666</vAcc></extensions></trkpt>
      <trkpt lon="-82.147186" lat="33.555048"><ele>103.260289</ele><time>2022-12-07T14:22:07Z</time><extensions><speed>1.035318</speed><course>44.616929</course><hAcc>2.728919</hAcc><vAcc>0.764504</vAcc></extensions></trkpt>
      <trkpt lon="-82.147179" lat="33.555054"><ele>103.284206</ele><time>2022-12-07T14:22:08Z</time><extensions><speed>0.667134</speed><course>53.010887</course><hAcc>2.748492</hAcc><vAcc>0.766593</vAcc></extensions></trkpt>
      <trkpt lon="-82.147173" lat="33.555058"><ele>103.317229</ele><time>2022-12-07T14:22:09Z</time><extensions><speed>0.593611</speed><course>56.959475</course><hAcc>2.761575</hAcc><vAcc>0.768894</vAcc></extensions></trkpt>
      <trkpt lon="-82.147167" lat="33.555061"><ele>103.354039</ele><time>2022-12-07T14:22:10Z</time><extensions><speed>0.610841</speed><course>56.440716</course><hAcc>2.772549</hAcc><vAcc>0.771327</vAcc></extensions></trkpt>
      <trkpt lon="-82.147161" lat="33.555065"><ele>103.396285</ele><time>2022-12-07T14:22:11Z</time><extensions><speed>0.753554</speed><course>54.116666</course><hAcc>2.769851</hAcc><vAcc>0.773749</vAcc></extensions></trkpt>
      <trkpt lon="-82.147153" lat="33.555070"><ele>103.439283</ele><time>2022-12-07T14:22:12Z</time><extensions><speed>1.000350</speed><course>50.060013</course><hAcc>2.769548</hAcc><vAcc>0.775953</vAcc></extensions></trkpt>
      <trkpt lon="-82.147144" lat="33.555077"><ele>103.483519</ele><time>2022-12-07T14:22:13Z</time><extensions><speed>1.176028</speed><course>42.772355</course><hAcc>2.747548</hAcc><vAcc>0.777661</vAcc></extensions></trkpt>
      <trkpt lon="-82.147136" lat="33.555086"><ele>103.520877</ele><time>2022-12-07T14:22:14Z</time><extensions><speed>1.286204</speed><course>36.716434</course><hAcc>2.709464</hAcc><vAcc>0.780366</vAcc></extensions></trkpt>
      <trkpt lon="-82.147128" lat="33.555096"><ele>103.552792</ele><time>2022-12-07T14:22:15Z</time><extensions><speed>1.356667</speed><course>31.477324</course><hAcc>2.688844</hAcc><vAcc>0.782966</vAcc></extensions></trkpt>
      <trkpt lon="-82.147121" lat="33.555107"><ele>103.585176</ele><time>2022-12-07T14:22:16Z</time><extensions><speed>1.333829</speed><course>26.818143</course><hAcc>2.690728</hAcc><vAcc>0.785715</vAcc></extensions></trkpt>
      <trkpt lon="-82.147116" lat="33.555119"><ele>103.616176</ele><time>2022-12-07T14:22:17Z</time><extensions><speed>1.243341</speed><course>21.969818</course><hAcc>2.662994</hAcc><vAcc>0.789126</vAcc></extensions></trkpt>
      <trkpt lon="-82.147111" lat="33.555128"><ele>103.640665</ele><time>2022-12-07T14:22:18Z</time><extensions><speed>0.987665</speed><course>26.741079</course><hAcc>2.646142</hAcc><vAcc>0.793727</vAcc></extensions></trkpt>
      <trkpt lon="-82.147105" lat="33.555135"><ele>103.657513</ele><time>2022-12-07T14:22:19Z</time><extensions><speed>0.929956</speed><course>65.336376</course><hAcc>2.626149</hAcc><vAcc>0.799905</vAcc></extensions></trkpt>
      <trkpt lon="-82.147095" lat="33.555136"><ele>103.672139</ele><time>2022-12-07T14:22:20Z</time><extensions><speed>1.155471</speed><course>96.728102</course><hAcc>2.601044</hAcc><vAcc>0.807881</vAcc></extensions></trkpt>
      <trkpt lon="-82.147083" lat="33.555135"><ele>103.681378</ele><time>2022-12-07T14:22:21Z</time><extensions><speed>1.185093</speed><course>106.374665</course><hAcc>2.563170</hAcc><vAcc>0.817682</vAcc></extensions></trkpt>
      <trkpt lon="-82.147072" lat="33.555132"><ele>103.691657</ele><time>2022-12-07T14:22:22Z</time><extensions><speed>1.170611</speed><course>107.999095</course><hAcc>2.568314</hAcc><vAcc>0.829126</vAcc></extensions></trkpt>
      <trkpt lon="-82.147060" lat="33.555130"><ele>103.693074</ele><time>2022-12-07T14:22:23Z</time><extensions><speed>1.151164</speed><course>101.121710</course><hAcc>2.612122</hAcc><vAcc>0.841814</vAcc></extensions></trkpt>
      <trkpt lon="-82.147050" lat="33.555131"><ele>103.693575</ele><time>2022-12-07T14:22:24Z</time><extensions><speed>1.040724</speed><course>72.064638</course><hAcc>2.634993</hAcc><vAcc>0.855121</vAcc></extensions></trkpt>
      <trkpt lon="-82.147041" lat="33.555137"><ele>103.699069</ele><time>2022-12-07T14:22:25Z</time><extensions><speed>1.184259</speed><course>40.201600</course><hAcc>2.647031</hAcc><vAcc>0.868321</vAcc></extensions></trkpt>
      <trkpt lon="-82.147035" lat="33.555147"><ele>103.703404</ele><time>2022-12-07T14:22:26Z</time><extensions><speed>1.161245</speed><course>23.179247</course><hAcc>2.652621</hAcc><vAcc>0.880807</vAcc></extensions></trkpt>
      <trkpt lon="-82.147032" lat="33.555157"><ele>103.708708</ele><time>2022-12-07T14:22:27Z</time><extensions><speed>1.136026</speed><course>8.166965</course><hAcc>2.648821</hAcc><vAcc>0.892181</vAcc></extensions></trkpt>
      <trkpt lon="-82.147032" lat="33.555169"><ele>103.717070</ele><time>2022-12-07T14:22:28Z</time><extensions><speed>1.239531</speed><course>355.897456</course><hAcc>2.659968</hAcc><vAcc>0.902226</vAcc></extensions></trkpt>
      <trkpt lon="-82.147034" lat="33.555181"><ele>103.726876</ele><time>2022-12-07T14:22:29Z</time><extensions><speed>1.372140</speed><course>345.150041</course><hAcc>2.689563</hAcc><vAcc>0.910866</vAcc></extensions></trkpt>
      <trkpt lon="-82.147039" lat="33.555194"><ele>103.747205</ele><time>2022-12-07T14:22:30Z</time><extensions><speed>1.494983</speed><course>336.412285</course><hAcc>2.724647</hAcc><vAcc>0.911275</vAcc></extensions></trkpt>
      <trkpt lon="-82.147047" lat="33.555207"><ele>103.780583</ele><time>2022-12-07T14:22:31Z</time><extensions><speed>1.665412</speed><course>330.659416</course><hAcc>2.752806</hAcc><vAcc>0.910455</vAcc></extensions></trkpt>
      <trkpt lon="-82.147057" lat="33.555222"><ele>103.821504</ele><time>2022-12-07T14:22:32Z</time><extensions><speed>1.857773</speed><course>329.236440</course><hAcc>2.776913</hAcc><vAcc>0.908042</vAcc></extensions></trkpt>
      <trkpt lon="-82.147067" lat="33.555238"><ele>103.858596</ele><time>2022-12-07T14:22:33Z</time><extensions><speed>1.921839</speed><course>331.916568</course><hAcc>2.790983</hAcc><vAcc>0.903843</vAcc></extensions></trkpt>
      <trkpt lon="-82.147076" lat="33.555254"><ele>103.883385</ele><time>2022-12-07T14:22:34Z</time><extensions><speed>1.906740</speed><course>339.639359</course><hAcc>2.803979</hAcc><vAcc>0.897762</vAcc></extensions></trkpt>
      <trkpt lon="-82.147081" lat="33.555271"><ele>103.913282</ele><time>2022-12-07T14:22:35Z</time><extensions><speed>1.843299</speed><course>350.537692</course><hAcc>2.814666</hAcc><vAcc>0.889785</vAcc></extensions></trkpt>
      <trkpt lon="-82.147083" lat="33.555289"><ele>103.942735</ele><time>2022-12-07T14:22:36Z</time><extensions><speed>1.832112</speed><course>0.808270</course><hAcc>2.799417</hAcc><vAcc>0.879987</vAcc></extensions></trkpt>
      <trkpt lon="-82.147081" lat="33.555306"><ele>103.954801</ele><time>2022-12-07T14:22:37Z</time><extensions><speed>1.805924</speed><course>6.919728</course><hAcc>2.775844</hAcc><vAcc>0.868549</vAcc></extensions></trkpt>
      <trkpt lon="-82.147079" lat="33.555323"><ele>103.972081</ele><time>2022-12-07T14:22:38Z</time><extensions><speed>1.725692</speed><course>7.098971</course><hAcc>2.755653</hAcc><vAcc>0.857480</vAcc></extensions></trkpt>
      <trkpt lon="-82.147078" lat="33.555339"><ele>103.987071</ele><time>2022-12-07T14:22:39Z</time><extensions><speed>1.718593</speed><course>4.887881</course><hAcc>2.732810</hAcc><vAcc>0.846514</vAcc></extensions></trkpt>
      <trkpt lon="-82.147077" lat="33.555355"><ele>103.997480</ele><time>2022-12-07T14:22:40Z</time><extensions><speed>1.827670</speed><course>2.384641</course><hAcc>2.714565</hAcc><vAcc>0.836605</vAcc></extensions></trkpt>
      <trkpt lon="-82.147077" lat="33.555373"><ele>104.004218</ele><time>2022-12-07T14:22:41Z</time><extensions><speed>1.964126</speed><course>0.354159</course><hAcc>2.697504</hAcc><vAcc>0.828743</vAcc></extensions></trkpt>
      <trkpt lon="-82.147078" lat="33.555391"><ele>104.007043</ele><time>2022-12-07T14:22:42Z</time><extensions><speed>1.995020</speed><course>358.098660</course><hAcc>2.695553</hAcc><vAcc>0.823715</vAcc></extensions></trkpt>
      <trkpt lon="-82.147079" lat="33.555409"><ele>104.007156</ele><time>2022-12-07T14:22:43Z</time><extensions><speed>1.909702</speed><course>356.459012</course><hAcc>2.711411</hAcc><vAcc>0.821982</vAcc></extensions></trkpt>
      <trkpt lon="-82.147081" lat="33.555426"><ele>104.005530</ele><time>2022-12-07T14:22:44Z</time><extensions><speed>1.857983</speed><course>355.461560</course><hAcc>2.709302</hAcc><vAcc>0.823689</vAcc></extensions></trkpt>
      <trkpt lon="-82.147082" lat="33.555443"><ele>104.002243</ele><time>2022-12-07T14:22:45Z</time><extensions><speed>1.809685</speed><course>355.410841</course><hAcc>2.702721</hAcc><vAcc>0.828693</vAcc></extensions></trkpt>
      <trkpt lon="-82.147083" lat="33.555458"><ele>104.008470</ele><time>2022-12-07T14:22:46Z</time><extensions><speed>1.691625</speed><course>355.793165</course><hAcc>2.707462</hAcc><vAcc>0.836588</vAcc></extensions></trkpt>
      <trkpt lon="-82.147085" lat="33.555473"><ele>104.015249</ele><time>2022-12-07T14:22:47Z</time><extensions><speed>1.583288</speed><course>352.845931</course><hAcc>2.687960</hAcc><vAcc>0.846734</vAcc></extensions></trkpt>
      <trkpt lon="-82.147087" lat="33.555486"><ele>104.030820</ele><time>2022-12-07T14:22:48Z</time><extensions><speed>1.421360</speed><course>348.564688</course><hAcc>2.656395</hAcc><vAcc>0.858278</vAcc></extensions></trkpt>
      <trkpt lon="-82.147090" lat="33.555498"><ele>104.070836</ele><time>2022-12-07T14:22:49Z</time><extensions><speed>1.338100</speed><course>345.021689</course><hAcc>2.629585</hAcc><vAcc>0.863848</vAcc></extensions></trkpt>
      <trkpt lon="-82.147094" lat="33.555509"><ele>104.126554</ele><time>2022-12-07T14:22:50Z</time><extensions><speed>1.275119</speed><course>343.089697</course><hAcc>2.609780</hAcc><vAcc>0.868843</vAcc></extensions></trkpt>
      <trkpt lon="-82.147097" lat="33.555520"><ele>104.173908</ele><time>2022-12-07T14:22:51Z</time><extensions><speed>1.229374</speed><course>340.696631</course><hAcc>2.613751</hAcc><vAcc>0.872457</vAcc></extensions></trkpt>
      <trkpt lon="-82.147101" lat="33.555530"><ele>104.217299</ele><time>2022-12-07T14:22:52Z</time><extensions><speed>1.223451</speed><course>338.530801</course><hAcc>2.644646</hAcc><vAcc>0.877862</vAcc></extensions></trkpt>
      <trkpt lon="-82.147106" lat="33.555540"><ele>104.264237</ele><time>2022-12-07T14:22:53Z</time><extensions><speed>1.349039</speed><course>336.797111</course><hAcc>2.684415</hAcc><vAcc>0.881639</vAcc></extensions></trkpt>
      <trkpt lon="-82.147110" lat="33.555551"><ele>104.317929</ele><time>2022-12-07T14:22:54Z</time><extensions><speed>1.266455</speed><course>342.346712</course><hAcc>2.643877</hAcc><vAcc>0.883854</vAcc></extensions></trkpt>
      <trkpt lon="-82.147113" lat="33.555562"><ele>104.370024</ele><time>2022-12-07T14:22:55Z</time><extensions><speed>1.273674</speed><course>348.054095</course><hAcc>2.606229</hAcc><vAcc>0.884721</vAcc></extensions></trkpt>
      <trkpt lon="-82.147115" lat="33.555573"><ele>104.428063</ele><time>2022-12-07T14:22:56Z</time><extensions><speed>1.297879</speed><course>351.774719</course><hAcc>2.596558</hAcc><vAcc>0.884593</vAcc></extensions></trkpt>
      <trkpt lon="-82.147116" lat="33.555584"><ele>104.493193</ele><time>2022-12-07T14:22:57Z</time><extensions><speed>1.275731</speed><course>351.472804</course><hAcc>2.589040</hAcc><vAcc>0.883946</vAcc></extensions></trkpt>
      <trkpt lon="-82.147118" lat="33.555594"><ele>104.558558</ele><time>2022-12-07T14:22:58Z</time><extensions><speed>1.154547</speed><course>350.714158</course><hAcc>2.558067</hAcc><vAcc>0.883367</vAcc></extensions></trkpt>
      <trkpt lon="-82.147119" lat="33.555604"><ele>104.630354</ele><time>2022-12-07T14:22:59Z</time><extensions><speed>1.115049</speed><course>348.504766</course><hAcc>2.553531</hAcc><vAcc>0.883532</vAcc></extensions></trkpt>
      <trkpt lon="-82.147121" lat="33.555614"><ele>104.705545</ele><time>2022-12-07T14:23:00Z</time><extensions><speed>1.188650</speed><course>348.276176</course><hAcc>2.581934</hAcc><vAcc>0.885044</vAcc></extensions></trkpt>
      <trkpt lon="-82.147123" lat="33.555625"><ele>104.772180</ele><time>2022-12-07T14:23:01Z</time><extensions><speed>1.294463</speed><course>349.454657</course><hAcc>2.608510</hAcc><vAcc>0.888176</vAcc></extensions></trkpt>
      <trkpt lon="-82.147124" lat="33.555636"><ele>104.842631</ele><time>2022-12-07T14:23:02Z</time><extensions><speed>1.263039</speed><course>356.096192</course><hAcc>2.576543</hAcc><vAcc>0.886676</vAcc></extensions></trkpt>
      <trkpt lon="-82.147124" lat="33.555648"><ele>104.914712</ele><time>2022-12-07T14:23:03Z</time><extensions><speed>1.227353</speed><course>358.452438</course><hAcc>2.550996</hAcc><vAcc>0.885708</vAcc></extensions></trkpt>
      <trkpt lon="-82.147124" lat="33.555658"><ele>104.982432</ele><time>2022-12-07T14:23:04Z</time><extensions><speed>1.135986</speed><course>1.515613</course><hAcc>2.533690</hAcc><vAcc>0.884477</vAcc></extensions></trkpt>
      <trkpt lon="-82.147123" lat="33.555669"><ele>105.053285</ele><time>2022-12-07T14:23:05Z</time><extensions><speed>1.237723</speed><course>359.298239</course><hAcc>2.535612</hAcc><vAcc>0.882353</vAcc></extensions></trkpt>
      <trkpt lon="-82.147123" lat="33.555680"><ele>105.118434</ele><time>2022-12-07T14:23:06Z</time><extensions><speed>1.329373</speed><course>359.268370</course><hAcc>2.557167</hAcc><vAcc>0.878865</vAcc></extensions></trkpt>
      <trkpt lon="-82.147123" lat="33.555692"><ele>105.193086</ele><time>2022-12-07T14:23:07Z</time><extensions><speed>1.365457</speed><course>2.728918</course><hAcc>2.536678</hAcc><vAcc>0.873697</vAcc></extensions></trkpt>
      <trkpt lon="-82.147122" lat="33.555705"><ele>105.274494</ele><time>2022-12-07T14:23:08Z</time><extensions><speed>1.432945</speed><course>4.801057</course><hAcc>2.532176</hAcc><vAcc>0.866695</vAcc></extensions></trkpt>
      <trkpt lon="-82.147121" lat="33.555717"><ele>105.354089</ele><time>2022-12-07T14:23:09Z</time><extensions><speed>1.447734</speed><course>4.391256</course><hAcc>2.526790</hAcc><vAcc>0.857884</vAcc></extensions></trkpt>
      <trkpt lon="-82.147120" lat="33.555730"><ele>105.436128</ele><time>2022-12-07T14:23:10Z</time><extensions><speed>1.413995</speed><course>4.791064</course><hAcc>2.520275</hAcc><vAcc>0.847481</vAcc></extensions></trkpt>
      <trkpt lon="-82.147119" lat="33.555742"><ele>105.519146</ele><time>2022-12-07T14:23:11Z</time><extensions><speed>1.374917</speed><course>7.815835</course><hAcc>2.541938</hAcc><vAcc>0.835912</vAcc></extensions></trkpt>
      <trkpt lon="-82.147117" lat="33.555754"><ele>105.604932</ele><time>2022-12-07T14:23:12Z</time><extensions><speed>1.275373</speed><course>7.616274</course><hAcc>2.530482</hAcc><vAcc>0.823820</vAcc></extensions></trkpt>
      <trkpt lon="-82.147116" lat="33.555766"><ele>105.683970</ele><time>2022-12-07T14:23:13Z</time><extensions><speed>1.242857</speed><course>2.178827</course><hAcc>2.532822</hAcc><vAcc>0.811952</vAcc></extensions></trkpt>
      <trkpt lon="-82.147117" lat="33.555777"><ele>105.748132</ele><time>2022-12-07T14:23:14Z</time><extensions><speed>1.243996</speed><course>351.717204</course><hAcc>2.534449</hAcc><vAcc>0.802377</vAcc></extensions></trkpt>
      <trkpt lon="-82.147120" lat="33.555788"><ele>105.798852</ele><time>2022-12-07T14:23:15Z</time><extensions><speed>1.282113</speed><course>343.943027</course><hAcc>2.529362</hAcc><vAcc>0.793354</vAcc></extensions></trkpt>
      <trkpt lon="-82.147124" lat="33.555799"><ele>105.845588</ele><time>2022-12-07T14:23:16Z</time><extensions><speed>1.376302</speed><course>337.459349</course><hAcc>2.539099</hAcc><vAcc>0.787693</vAcc></extensions></trkpt>
      <trkpt lon="-82.147130" lat="33.555811"><ele>105.880380</ele><time>2022-12-07T14:23:17Z</time><extensions><speed>1.415961</speed><course>331.390321</course><hAcc>2.571601</hAcc><vAcc>0.784831</vAcc></extensions></trkpt>
      <trkpt lon="-82.147138" lat="33.555822"><ele>105.901470</ele><time>2022-12-07T14:23:18Z</time><extensions><speed>1.405594</speed><course>323.478311</course><hAcc>2.611073</hAcc><vAcc>0.784891</vAcc></extensions></trkpt>
      <trkpt lon="-82.147147" lat="33.555832"><ele>105.910278</ele><time>2022-12-07T14:23:19Z</time><extensions><speed>1.391048</speed><course>320.044774</course><hAcc>2.644277</hAcc><vAcc>0.787847</vAcc></extensions></trkpt>
      <trkpt lon="-82.147156" lat="33.555842"><ele>105.899305</ele><time>2022-12-07T14:23:20Z</time><extensions><speed>1.359533</speed><course>322.804721</course><hAcc>2.616210</hAcc><vAcc>0.793554</vAcc></extensions></trkpt>
      <trkpt lon="-82.147164" lat="33.555852"><ele>105.864604</ele><time>2022-12-07T14:23:21Z</time><extensions><speed>1.403029</speed><course>330.631794</course><hAcc>2.581513</hAcc><vAcc>0.801759</vAcc></extensions></trkpt>
      <trkpt lon="-82.147170" lat="33.555864"><ele>105.816148</ele><time>2022-12-07T14:23:22Z</time><extensions><speed>1.405509</speed><course>339.274786</course><hAcc>2.577943</hAcc><vAcc>0.812110</vAcc></extensions></trkpt>
      <trkpt lon="-82.147174" lat="33.555876"><ele>105.755351</ele><time>2022-12-07T14:23:23Z</time><extensions><speed>1.409525</speed><course>348.128190</course><hAcc>2.621685</hAcc><vAcc>0.824139</vAcc></extensions></trkpt>
      <trkpt lon="-82.147176" lat="33.555888"><ele>105.661912</ele><time>2022-12-07T14:23:24Z</time><extensions><speed>1.382241</speed><course>355.265141</course><hAcc>2.666123</hAcc><vAcc>0.831385</vAcc></extensions></trkpt>
      <trkpt lon="-82.147176" lat="33.555901"><ele>105.569635</ele><time>2022-12-07T14:23:25Z</time><extensions><speed>1.336918</speed><course>358.555789</course><hAcc>2.631298</hAcc><vAcc>0.838544</vAcc></extensions></trkpt>
      <trkpt lon="-82.147176" lat="33.555912"><ele>105.471370</ele><time>2022-12-07T14:23:26Z</time><extensions><speed>1.207083</speed><course>356.378180</course><hAcc>2.585407</hAcc><vAcc>0.844878</vAcc></extensions></trkpt>
      <trkpt lon="-82.147177" lat="33.555923"><ele>105.375153</ele><time>2022-12-07T14:23:27Z</time><extensions><speed>1.188746</speed><course>353.549402</course><hAcc>2.583190</hAcc><vAcc>0.849686</vAcc></extensions></trkpt>
      <trkpt lon="-82.147179" lat="33.555934"><ele>105.277822</ele><time>2022-12-07T14:23:28Z</time><extensions><speed>1.256782</speed><course>353.344401</course><hAcc>2.629591</hAcc><vAcc>0.852389</vAcc></extensions></trkpt>
      <trkpt lon="-82.147180" lat="33.555946"><ele>105.173623</ele><time>2022-12-07T14:23:29Z</time><extensions><speed>1.360972</speed><course>357.626036</course><hAcc>2.657075</hAcc><vAcc>0.852623</vAcc></extensions></trkpt>
      <trkpt lon="-82.147180" lat="33.555959"><ele>105.070319</ele><time>2022-12-07T14:23:30Z</time><extensions><speed>1.364327</speed><course>2.764398</course><hAcc>2.640411</hAcc><vAcc>0.850235</vAcc></extensions></trkpt>
      <trkpt lon="-82.147179" lat="33.555971"><ele>104.971169</ele><time>2022-12-07T14:23:31Z</time><extensions><speed>1.303128</speed><course>2.588307</course><hAcc>2.623982</hAcc><vAcc>0.845285</vAcc></extensions></trkpt>
      <trkpt lon="-82.147178" lat="33.555982"><ele>104.877967</ele><time>2022-12-07T14:23:32Z</time><extensions><speed>1.139710</speed><course>4.549749</course><hAcc>2.615168</hAcc><vAcc>0.838045</vAcc></extensions></trkpt>
      <trkpt lon="-82.147176" lat="33.555993"><ele>104.790369</ele><time>2022-12-07T14:23:33Z</time><extensions><speed>1.114961</speed><course>6.165139</course><hAcc>2.633420</hAcc><vAcc>0.829012</vAcc></extensions></trkpt>
      <trkpt lon="-82.147174" lat="33.556003"><ele>104.707389</ele><time>2022-12-07T14:23:34Z</time><extensions><speed>1.121848</speed><course>6.443691</course><hAcc>2.667373</hAcc><vAcc>0.818905</vAcc></extensions></trkpt>
      <trkpt lon="-82.147173" lat="33.556014"><ele>104.627441</ele><time>2022-12-07T14:23:35Z</time><extensions><speed>1.210348</speed><course>4.859987</course><hAcc>2.678559</hAcc><vAcc>0.810054</vAcc></extensions></trkpt>
      <trkpt lon="-82.147172" lat="33.556025"><ele>104.542297</ele><time>2022-12-07T14:23:36Z</time><extensions><speed>1.292798</speed><course>2.549733</course><hAcc>2.688343</hAcc><vAcc>0.802685</vAcc></extensions></trkpt>
      <trkpt lon="-82.147171" lat="33.556037"><ele>104.456787</ele><time>2022-12-07T14:23:37Z</time><extensions><speed>1.333033</speed><course>0.980532</course><hAcc>2.713813</hAcc><vAcc>0.797556</vAcc></extensions></trkpt>
      <trkpt lon="-82.147170" lat="33.556049"><ele>104.370595</ele><time>2022-12-07T14:23:38Z</time><extensions><speed>1.354199</speed><course>359.622110</course><hAcc>2.737225</hAcc><vAcc>0.795162</vAcc></extensions></trkpt>
      <trkpt lon="-82.147170" lat="33.556062"><ele>104.285515</ele><time>2022-12-07T14:23:39Z</time><extensions><speed>1.484319</speed><course>1.426300</course><hAcc>2.712177</hAcc><vAcc>0.795762</vAcc></extensions></trkpt>
      <trkpt lon="-82.147169" lat="33.556077"><ele>104.202523</ele><time>2022-12-07T14:23:40Z</time><extensions><speed>1.658573</speed><course>3.725839</course><hAcc>2.684064</hAcc><vAcc>0.799403</vAcc></extensions></trkpt>
      <trkpt lon="-82.147168" lat="33.556092"><ele>104.118671</ele><time>2022-12-07T14:23:41Z</time><extensions><speed>1.773179</speed><course>6.166768</course><hAcc>2.687507</hAcc><vAcc>0.805951</vAcc></extensions></trkpt>
      <trkpt lon="-82.147166" lat="33.556108"><ele>104.035154</ele><time>2022-12-07T14:23:42Z</time><extensions><speed>1.690355</speed><course>8.944535</course><hAcc>2.712191</hAcc><vAcc>0.815113</vAcc></extensions></trkpt>
      <trkpt lon="-82.147162" lat="33.556123"><ele>103.959005</ele><time>2022-12-07T14:23:43Z</time><extensions><speed>1.687436</speed><course>18.986152</course><hAcc>2.688679</hAcc><vAcc>0.826437</vAcc></extensions></trkpt>
      <trkpt lon="-82.147155" lat="33.556138"><ele>103.888808</ele><time>2022-12-07T14:23:44Z</time><extensions><speed>1.751812</speed><course>28.182788</course><hAcc>2.658766</hAcc><vAcc>0.839314</vAcc></extensions></trkpt>
      <trkpt lon="-82.147145" lat="33.556152"><ele>103.826254</ele><time>2022-12-07T14:23:45Z</time><extensions><speed>1.757718</speed><course>33.062203</course><hAcc>2.650139</hAcc><vAcc>0.852970</vAcc></extensions></trkpt>
      <trkpt lon="-82.147135" lat="33.556165"><ele>103.759290</ele><time>2022-12-07T14:23:46Z</time><extensions><speed>1.726597</speed><course>31.276349</course><hAcc>2.646077</hAcc><vAcc>0.866576</vAcc></extensions></trkpt>
      <trkpt lon="-82.147126" lat="33.556178"><ele>103.688333</ele><time>2022-12-07T14:23:47Z</time><extensions><speed>1.706764</speed><course>29.662275</course><hAcc>2.656877</hAcc><vAcc>0.879462</vAcc></extensions></trkpt>
      <trkpt lon="-82.147118" lat="33.556193"><ele>103.615384</ele><time>2022-12-07T14:23:48Z</time><extensions><speed>1.851974</speed><course>21.890717</course><hAcc>2.656798</hAcc><vAcc>0.891198</vAcc></extensions></trkpt>
      <trkpt lon="-82.147112" lat="33.556209"><ele>103.550718</ele><time>2022-12-07T14:23:49Z</time><extensions><speed>1.928890</speed><course>11.020106</course><hAcc>2.622920</hAcc><vAcc>0.894681</vAcc></extensions></trkpt>
      <trkpt lon="-82.147110" lat="33.556227"><ele>103.485502</ele><time>2022-12-07T14:23:50Z</time><extensions><speed>1.880009</speed><course>0.256213</course><hAcc>2.603951</hAcc><vAcc>0.896736</vAcc></extensions></trkpt>
      <trkpt lon="-82.147110" lat="33.556243"><ele>103.414533</ele><time>2022-12-07T14:23:51Z</time><extensions><speed>1.781004</speed><course>356.077992</course><hAcc>2.608589</hAcc><vAcc>0.896929</vAcc></extensions></trkpt>
      <trkpt lon="-82.147111" lat="33.556259"><ele>103.354908</ele><time>2022-12-07T14:23:52Z</time><extensions><speed>1.687974</speed><course>357.193101</course><hAcc>2.638543</hAcc><vAcc>0.895024</vAcc></extensions></trkpt>
      <trkpt lon="-82.147111" lat="33.556274"><ele>103.301123</ele><time>2022-12-07T14:23:53Z</time><extensions><speed>1.611233</speed><course>0.661495</course><hAcc>2.641497</hAcc><vAcc>0.893984</vAcc></extensions></trkpt>
      <trkpt lon="-82.147111" lat="33.556288"><ele>103.243811</ele><time>2022-12-07T14:23:54Z</time><extensions><speed>1.450850</speed><course>2.322977</course><hAcc>2.633782</hAcc><vAcc>0.891434</vAcc></extensions></trkpt>
      <trkpt lon="-82.147110" lat="33.556300"><ele>103.182280</ele><time>2022-12-07T14:23:55Z</time><extensions><speed>1.348882</speed><course>1.746110</course><hAcc>2.601048</hAcc><vAcc>0.887737</vAcc></extensions></trkpt>
      <trkpt lon="-82.147109" lat="33.556311"><ele>103.120325</ele><time>2022-12-07T14:23:56Z</time><extensions><speed>1.234896</speed><course>4.820624</course><hAcc>2.577381</hAcc><vAcc>0.883344</vAcc></extensions></trkpt>
      <trkpt lon="-82.147107" lat="33.556322"><ele>103.057688</ele><time>2022-12-07T14:23:57Z</time><extensions><speed>1.230657</speed><course>13.717038</course><hAcc>2.566522</hAcc><vAcc>0.878808</vAcc></extensions></trkpt>
      <trkpt lon="-82.147103" lat="33.556331"><ele>102.990056</ele><time>2022-12-07T14:23:58Z</time><extensions><speed>1.232839</speed><course>20.919477</course><hAcc>2.568132</hAcc><vAcc>0.874785</vAcc></extensions></trkpt>
      <trkpt lon="-82.147097" lat="33.556341"><ele>102.897632</ele><time>2022-12-07T14:23:59Z</time><extensions><speed>1.263571</speed><course>23.209151</course><hAcc>2.594575</hAcc><vAcc>0.872026</vAcc></extensions></trkpt>
      <trkpt lon="-82.147092" lat="33.556351"><ele>102.787150</ele><time>2022-12-07T14:24:00Z</time><extensions><speed>1.332460</speed><course>21.005394</course><hAcc>2.624564</hAcc><vAcc>0.871236</vAcc></extensions></trkpt>
      <trkpt lon="-82.147086" lat="33.556362"><ele>102.659339</ele><time>2022-12-07T14:24:01Z</time><extensions><speed>1.305658</speed><course>19.528419</course><hAcc>2.610753</hAcc><vAcc>0.872808</vAcc></extensions></trkpt>
      <trkpt lon="-82.147081" lat="33.556372"><ele>102.508776</ele><time>2022-12-07T14:24:02Z</time><extensions><speed>1.182826</speed><course>20.444710</course><hAcc>2.574998</hAcc><vAcc>0.876698</vAcc></extensions></trkpt>
      <trkpt lon="-82.147077" lat="33.556381"><ele>102.306476</ele><time>2022-12-07T14:24:03Z</time><extensions><speed>0.967195</speed><course>21.791625</course><hAcc>2.564974</hAcc><vAcc>0.876440</vAcc></extensions></trkpt>
      <trkpt lon="-82.147073" lat="33.556386"><ele>102.097996</ele><time>2022-12-07T14:24:04Z</time><extensions><speed>0.467141</speed><course>32.952451</course><hAcc>2.568639</hAcc><vAcc>0.876856</vAcc></extensions></trkpt>
      <trkpt lon="-82.147069" lat="33.556389"><ele>101.885565</ele><time>2022-12-07T14:24:05Z</time><extensions><speed>0.330556</speed><course>67.285862</course><hAcc>2.546578</hAcc><vAcc>0.881264</vAcc></extensions></trkpt>
      <trkpt lon="-82.147064" lat="33.556388"><ele>101.672500</ele><time>2022-12-07T14:24:06Z</time><extensions><speed>0.417053</speed><course>112.948690</course><hAcc>2.516965</hAcc><vAcc>0.885391</vAcc></extensions></trkpt>
      <trkpt lon="-82.147058" lat="33.556386"><ele>101.446447</ele><time>2022-12-07T14:24:07Z</time><extensions><speed>0.679627</speed><course>120.818061</course><hAcc>2.519600</hAcc><vAcc>0.888908</vAcc></extensions></trkpt>
      <trkpt lon="-82.147049" lat="33.556382"><ele>101.215886</ele><time>2022-12-07T14:24:08Z</time><extensions><speed>1.251826</speed><course>125.794438</course><hAcc>2.526589</hAcc><vAcc>0.891661</vAcc></extensions></trkpt>
      <trkpt lon="-82.147038" lat="33.556375"><ele>100.958927</ele><time>2022-12-07T14:24:09Z</time><extensions><speed>1.401977</speed><course>139.308539</course><hAcc>2.535460</hAcc><vAcc>0.893655</vAcc></extensions></trkpt>
      <trkpt lon="-82.147029" lat="33.556366"><ele>100.700731</ele><time>2022-12-07T14:24:10Z</time><extensions><speed>1.169286</speed><course>149.712207</course><hAcc>2.522105</hAcc><vAcc>0.895041</vAcc></extensions></trkpt>
      <trkpt lon="-82.147023" lat="33.556358"><ele>100.440619</ele><time>2022-12-07T14:24:11Z</time><extensions><speed>1.025296</speed><course>161.454816</course><hAcc>2.517607</hAcc><vAcc>0.896098</vAcc></extensions></trkpt>
      <trkpt lon="-82.147018" lat="33.556350"><ele>100.179019</ele><time>2022-12-07T14:24:12Z</time><extensions><speed>1.092221</speed><course>156.002999</course><hAcc>2.507330</hAcc><vAcc>0.897214</vAcc></extensions></trkpt>
      <trkpt lon="-82.147011" lat="33.556341"><ele>99.898590</ele><time>2022-12-07T14:24:13Z</time><extensions><speed>1.305895</speed><course>146.500168</course><hAcc>2.508144</hAcc><vAcc>0.893073</vAcc></extensions></trkpt>
      <trkpt lon="-82.147001" lat="33.556332"><ele>99.642867</ele><time>2022-12-07T14:24:14Z</time><extensions><speed>1.396795</speed><course>132.141235</course><hAcc>2.486793</hAcc><vAcc>0.894173</vAcc></extensions></trkpt>
      <trkpt lon="-82.146988" lat="33.556325"><ele>99.394297</ele><time>2022-12-07T14:24:15Z</time><extensions><speed>1.466114</speed><course>120.863298</course><hAcc>2.481770</hAcc><vAcc>0.896097</vAcc></extensions></trkpt>
      <trkpt lon="-82.146975" lat="33.556320"><ele>99.152999</ele><time>2022-12-07T14:24:16Z</time><extensions><speed>1.305299</speed><course>113.391987</course><hAcc>2.504028</hAcc><vAcc>0.898574</vAcc></extensions></trkpt>
      <trkpt lon="-82.146962" lat="33.556317"><ele>98.942360</ele><time>2022-12-07T14:24:17Z</time><extensions><speed>1.162710</speed><course>103.723280</course><hAcc>2.500967</hAcc><vAcc>0.895929</vAcc></extensions></trkpt>
      <trkpt lon="-82.146951" lat="33.556317"><ele>98.738919</ele><time>2022-12-07T14:24:18Z</time><extensions><speed>0.832337</speed><course>86.308189</course><hAcc>2.487139</hAcc><vAcc>0.892756</vAcc></extensions></trkpt>
      <trkpt lon="-82.146942" lat="33.556319"><ele>98.536969</ele><time>2022-12-07T14:24:19Z</time><extensions><speed>0.975288</speed><course>71.150728</course><hAcc>2.482760</hAcc><vAcc>0.888642</vAcc></extensions></trkpt>
      <trkpt lon="-82.146929" lat="33.556324"><ele>98.350381</ele><time>2022-12-07T14:24:20Z</time><extensions><speed>1.513197</speed><course>67.937841</course><hAcc>2.497517</hAcc><vAcc>0.886490</vAcc></extensions></trkpt>
      <trkpt lon="-82.146913" lat="33.556330"><ele>98.177604</ele><time>2022-12-07T14:24:21Z</time><extensions><speed>1.646009</speed><course>70.103342</course><hAcc>2.517547</hAcc><vAcc>0.883821</vAcc></extensions></trkpt>
      <trkpt lon="-82.146896" lat="33.556334"><ele>98.009590</ele><time>2022-12-07T14:24:22Z</time><extensions><speed>1.573439</speed><course>79.084657</course><hAcc>2.532725</hAcc><vAcc>0.880896</vAcc></extensions></trkpt>
      <trkpt lon="-82.146880" lat="33.556335"><ele>97.858063</ele><time>2022-12-07T14:24:23Z</time><extensions><speed>1.521047</speed><course>94.653538</course><hAcc>2.534327</hAcc><vAcc>0.878097</vAcc></extensions></trkpt>
      <trkpt lon="-82.146863" lat="33.556332"><ele>97.718421</ele><time>2022-12-07T14:24:24Z</time><extensions><speed>1.714092</speed><course>108.366044</course><hAcc>2.519391</hAcc><vAcc>0.871725</vAcc></extensions></trkpt>
      <trkpt lon="-82.146845" lat="33.556327"><ele>97.583797</ele><time>2022-12-07T14:24:25Z</time><extensions><speed>1.801249</speed><course>111.118040</course><hAcc>2.526962</hAcc><vAcc>0.865181</vAcc></extensions></trkpt>
      <trkpt lon="-82.146827" lat="33.556322"><ele>97.457793</ele><time>2022-12-07T14:24:26Z</time><extensions><speed>1.589212</speed><course>107.397642</course><hAcc>2.546373</hAcc><vAcc>0.858529</vAcc></extensions></trkpt>
      <trkpt lon="-82.146811" lat="33.556319"><ele>97.348745</ele><time>2022-12-07T14:24:27Z</time><extensions><speed>1.542205</speed><course>98.308644</course><hAcc>2.564450</hAcc><vAcc>0.851979</vAcc></extensions></trkpt>
      <trkpt lon="-82.146794" lat="33.556318"><ele>97.249217</ele><time>2022-12-07T14:24:28Z</time><extensions><speed>1.558631</speed><course>92.199517</course><hAcc>2.578367</hAcc><vAcc>0.845763</vAcc></extensions></trkpt>
      <trkpt lon="-82.146777" lat="33.556318"><ele>97.156489</ele><time>2022-12-07T14:24:29Z</time><extensions><speed>1.547563</speed><course>91.102567</course><hAcc>2.599616</hAcc><vAcc>0.839900</vAcc></extensions></trkpt>
      <trkpt lon="-82.146761" lat="33.556318"><ele>97.071832</ele><time>2022-12-07T14:24:30Z</time><extensions><speed>1.492266</speed><course>90.743126</course><hAcc>2.600854</hAcc><vAcc>0.834098</vAcc></extensions></trkpt>
      <trkpt lon="-82.146746" lat="33.556318"><ele>96.982149</ele><time>2022-12-07T14:24:31Z</time><extensions><speed>1.369410</speed><course>92.114116</course><hAcc>2.624719</hAcc><vAcc>0.827907</vAcc></extensions></trkpt>
      <trkpt lon="-82.146733" lat="33.556318"><ele>96.891300</ele><time>2022-12-07T14:24:32Z</time><extensions><speed>1.095663</speed><course>93.548050</course><hAcc>2.659567</hAcc><vAcc>0.821003</vAcc></extensions></trkpt>
      <trkpt lon="-82.146722" lat="33.556318"><ele>96.801418</ele><time>2022-12-07T14:24:33Z</time><extensions><speed>1.028475</speed><course>90.082204</course><hAcc>2.669996</hAcc><vAcc>0.813352</vAcc></extensions></trkpt>
      <trkpt lon="-82.146711" lat="33.556320"><ele>96.715424</ele><time>2022-12-07T14:24:34Z</time><extensions><speed>1.101529</speed><course>80.608369</course><hAcc>2.653614</hAcc><vAcc>0.805231</vAcc></extensions></trkpt>
      <trkpt lon="-82.146698" lat="33.556323"><ele>96.635148</ele><time>2022-12-07T14:24:35Z</time><extensions><speed>1.314423</speed><course>71.332005</course><hAcc>2.642351</hAcc><vAcc>0.797119</vAcc></extensions></trkpt>
      <trkpt lon="-82.146686" lat="33.556328"><ele>96.557495</ele><time>2022-12-07T14:24:36Z</time><extensions><speed>1.320342</speed><course>66.535474</course><hAcc>2.646550</hAcc><vAcc>0.789463</vAcc></extensions></trkpt>
      <trkpt lon="-82.146674" lat="33.556334"><ele>96.490863</ele><time>2022-12-07T14:24:37Z</time><extensions><speed>1.273965</speed><course>63.078864</course><hAcc>2.650440</hAcc><vAcc>0.782568</vAcc></extensions></trkpt>
      <trkpt lon="-82.146663" lat="33.556340"><ele>96.431254</ele><time>2022-12-07T14:24:38Z</time><extensions><speed>1.171275</speed><course>61.379164</course><hAcc>2.662036</hAcc><vAcc>0.776604</vAcc></extensions></trkpt>
      <trkpt lon="-82.146653" lat="33.556346"><ele>96.377260</ele><time>2022-12-07T14:24:39Z</time><extensions><speed>1.131217</speed><course>62.583438</course><hAcc>2.685519</hAcc><vAcc>0.771627</vAcc></extensions></trkpt>
      <trkpt lon="-82.146642" lat="33.556351"><ele>96.329173</ele><time>2022-12-07T14:24:40Z</time><extensions><speed>1.141781</speed><course>71.150234</course><hAcc>2.713489</hAcc><vAcc>0.767610</vAcc></extensions></trkpt>
      <trkpt lon="-82.146631" lat="33.556355"><ele>96.289806</ele><time>2022-12-07T14:24:41Z</time><extensions><speed>1.061291</speed><course>72.553079</course><hAcc>2.693463</hAcc><vAcc>0.764466</vAcc></extensions></trkpt>
      <trkpt lon="-82.146621" lat="33.556359"><ele>96.245120</ele><time>2022-12-07T14:24:42Z</time><extensions><speed>0.961243</speed><course>68.414474</course><hAcc>2.678971</hAcc><vAcc>0.762081</vAcc></extensions></trkpt>
      <trkpt lon="-82.146612" lat="33.556364"><ele>96.204370</ele><time>2022-12-07T14:24:43Z</time><extensions><speed>0.992734</speed><course>58.391284</course><hAcc>2.686641</hAcc><vAcc>0.760325</vAcc></extensions></trkpt>
      <trkpt lon="-82.146604" lat="33.556372"><ele>96.162891</ele><time>2022-12-07T14:24:44Z</time><extensions><speed>1.079086</speed><course>33.369506</course><hAcc>2.663528</hAcc><vAcc>0.759073</vAcc></extensions></trkpt>
      <trkpt lon="-82.146599" lat="33.556382"><ele>96.129755</ele><time>2022-12-07T14:24:45Z</time><extensions><speed>1.212365</speed><course>19.546181</course><hAcc>2.654140</hAcc><vAcc>0.758210</vAcc></extensions></trkpt>
      <trkpt lon="-82.146595" lat="33.556394"><ele>96.102675</ele><time>2022-12-07T14:24:46Z</time><extensions><speed>1.218797</speed><course>18.448395</course><hAcc>2.670257</hAcc><vAcc>0.757635</vAcc></extensions></trkpt>
      <trkpt lon="-82.146590" lat="33.556406"><ele>96.073375</ele><time>2022-12-07T14:24:47Z</time><extensions><speed>1.324792</speed><course>19.778765</course><hAcc>2.646136</hAcc><vAcc>0.757269</vAcc></extensions></trkpt>
      <trkpt lon="-82.146584" lat="33.556418"><ele>96.044037</ele><time>2022-12-07T14:24:48Z</time><extensions><speed>1.435468</speed><course>25.517755</course><hAcc>2.618543</hAcc><vAcc>0.757047</vAcc></extensions></trkpt>
      <trkpt lon="-82.146576" lat="33.556430"><ele>96.019178</ele><time>2022-12-07T14:24:49Z</time><extensions><speed>1.506845</speed><course>33.454555</course><hAcc>2.613031</hAcc><vAcc>0.756921</vAcc></extensions></trkpt>
      <trkpt lon="-82.146567" lat="33.556442"><ele>95.996782</ele><time>2022-12-07T14:24:50Z</time><extensions><speed>1.505249</speed><course>35.910130</course><hAcc>2.617254</hAcc><vAcc>0.756855</vAcc></extensions></trkpt>
      <trkpt lon="-82.146557" lat="33.556454"><ele>95.983189</ele><time>2022-12-07T14:24:51Z</time><extensions><speed>1.577580</speed><course>36.987494</course><hAcc>2.631846</hAcc><vAcc>0.756825</vAcc></extensions></trkpt>
      <trkpt lon="-82.146547" lat="33.556466"><ele>95.968023</ele><time>2022-12-07T14:24:52Z</time><extensions><speed>1.687572</speed><course>30.506836</course><hAcc>2.624546</hAcc><vAcc>0.756814</vAcc></extensions></trkpt>
      <trkpt lon="-82.146538" lat="33.556481"><ele>95.953079</ele><time>2022-12-07T14:24:53Z</time><extensions><speed>1.758824</speed><course>25.386127</course><hAcc>2.616616</hAcc><vAcc>0.756811</vAcc></extensions></trkpt>
      <trkpt lon="-82.146529" lat="33.556496"><ele>95.932288</ele><time>2022-12-07T14:24:54Z</time><extensions><speed>1.741931</speed><course>23.569788</course><hAcc>2.618296</hAcc><vAcc>0.756811</vAcc></extensions></trkpt>
      <trkpt lon="-82.146521" lat="33.556511"><ele>95.910577</ele><time>2022-12-07T14:24:55Z</time><extensions><speed>1.760170</speed><course>24.424865</course><hAcc>2.616859</hAcc><vAcc>0.756811</vAcc></extensions></trkpt>
      <trkpt lon="-82.146512" lat="33.556525"><ele>95.886892</ele><time>2022-12-07T14:24:56Z</time><extensions><speed>1.735167</speed><course>28.635705</course><hAcc>2.623409</hAcc><vAcc>0.756808</vAcc></extensions></trkpt>
      <trkpt lon="-82.146502" lat="33.556539"><ele>95.856835</ele><time>2022-12-07T14:24:57Z</time><extensions><speed>1.703038</speed><course>33.452746</course><hAcc>2.637997</hAcc><vAcc>0.756804</vAcc></extensions></trkpt>
      <trkpt lon="-82.146491" lat="33.556551"><ele>95.820892</ele><time>2022-12-07T14:24:58Z</time><extensions><speed>1.650256</speed><course>38.615631</course><hAcc>2.656709</hAcc><vAcc>0.756798</vAcc></extensions></trkpt>
      <trkpt lon="-82.146480" lat="33.556563"><ele>95.784858</ele><time>2022-12-07T14:24:59Z</time><extensions><speed>1.679502</speed><course>41.485289</course><hAcc>2.663866</hAcc><vAcc>0.756791</vAcc></extensions></trkpt>
      <trkpt lon="-82.146467" lat="33.556575"><ele>95.748995</ele><time>2022-12-07T14:25:00Z</time><extensions><speed>1.780937</speed><course>44.539063</course><hAcc>2.673977</hAcc><vAcc>0.756784</vAcc></extensions></trkpt>
      <trkpt lon="-82.146453" lat="33.556586"><ele>95.709794</ele><time>2022-12-07T14:25:01Z</time><extensions><speed>1.843975</speed><course>46.688201</course><hAcc>2.698830</hAcc><vAcc>0.756777</vAcc></extensions></trkpt>
      <trkpt lon="-82.146438" lat="33.556598"><ele>95.675851</ele><time>2022-12-07T14:25:02Z</time><extensions><speed>1.868672</speed><course>48.123404</course><hAcc>2.714234</hAcc><vAcc>0.756770</vAcc></extensions></trkpt>
      <trkpt lon="-82.146423" lat="33.556609"><ele>95.646568</ele><time>2022-12-07T14:25:03Z</time><extensions><speed>1.862785</speed><course>49.160058</course><hAcc>2.734301</hAcc><vAcc>0.756764</vAcc></extensions></trkpt>
      <trkpt lon="-82.146408" lat="33.556620"><ele>95.614674</ele><time>2022-12-07T14:25:04Z</time><extensions><speed>1.752020</speed><course>49.328078</course><hAcc>2.764421</hAcc><vAcc>0.756759</vAcc></extensions></trkpt>
      <trkpt lon="-82.146394" lat="33.556631"><ele>95.581221</ele><time>2022-12-07T14:25:05Z</time><extensions><speed>1.668138</speed><course>47.878383</course><hAcc>2.789234</hAcc><vAcc>0.756755</vAcc></extensions></trkpt>
      <trkpt lon="-82.146381" lat="33.556641"><ele>95.551617</ele><time>2022-12-07T14:25:06Z</time><extensions><speed>1.605477</speed><course>44.534371</course><hAcc>2.802893</hAcc><vAcc>0.756751</vAcc></extensions></trkpt>
      <trkpt lon="-82.146369" lat="33.556652"><ele>95.514653</ele><time>2022-12-07T14:25:07Z</time><extensions><speed>1.550988</speed><course>41.365650</course><hAcc>2.803845</hAcc><vAcc>0.756749</vAcc></extensions></trkpt>
      <trkpt lon="-82.146359" lat="33.556663"><ele>95.474611</ele><time>2022-12-07T14:25:08Z</time><extensions><speed>1.511519</speed><course>40.231255</course><hAcc>2.797374</hAcc><vAcc>0.756747</vAcc></extensions></trkpt>
      <trkpt lon="-82.146348" lat="33.556673"><ele>95.426468</ele><time>2022-12-07T14:25:09Z</time><extensions><speed>1.503594</speed><course>41.537535</course><hAcc>2.788497</hAcc><vAcc>0.756745</vAcc></extensions></trkpt>
      <trkpt lon="-82.146337" lat="33.556683"><ele>95.371998</ele><time>2022-12-07T14:25:10Z</time><extensions><speed>1.453351</speed><course>44.482458</course><hAcc>2.779196</hAcc><vAcc>0.756744</vAcc></extensions></trkpt>
      <trkpt lon="-82.146327" lat="33.556691"><ele>95.316813</ele><time>2022-12-07T14:25:11Z</time><extensions><speed>1.428447</speed><course>46.567777</course><hAcc>2.778057</hAcc><vAcc>0.756744</vAcc></extensions></trkpt>
      <trkpt lon="-82.146316" lat="33.556700"><ele>95.259256</ele><time>2022-12-07T14:25:12Z</time><extensions><speed>1.426842</speed><course>46.517799</course><hAcc>2.796614</hAcc><vAcc>0.756743</vAcc></extensions></trkpt>
      <trkpt lon="-82.146306" lat="33.556709"><ele>95.190343</ele><time>2022-12-07T14:25:13Z</time><extensions><speed>1.440272</speed><course>43.234985</course><hAcc>2.795870</hAcc><vAcc>0.756743</vAcc></extensions></trkpt>
      <trkpt lon="-82.146296" lat="33.556719"><ele>95.108600</ele><time>2022-12-07T14:25:14Z</time><extensions><speed>1.437137</speed><course>38.976606</course><hAcc>2.756787</hAcc><vAcc>0.756743</vAcc></extensions></trkpt>
      <trkpt lon="-82.146286" lat="33.556729"><ele>95.016595</ele><time>2022-12-07T14:25:15Z</time><extensions><speed>1.449935</speed><course>36.920382</course><hAcc>2.722498</hAcc><vAcc>0.756743</vAcc></extensions></trkpt>
      <trkpt lon="-82.146277" lat="33.556740"><ele>94.908565</ele><time>2022-12-07T14:25:16Z</time><extensions><speed>1.495720</speed><course>34.748157</course><hAcc>2.718047</hAcc><vAcc>0.756743</vAcc></extensions></trkpt>
      <trkpt lon="-82.146269" lat="33.556751"><ele>94.791941</ele><time>2022-12-07T14:25:17Z</time><extensions><speed>1.436251</speed><course>34.212787</course><hAcc>2.735362</hAcc><vAcc>0.756743</vAcc></extensions></trkpt>
      <trkpt lon="-82.146261" lat="33.556760"><ele>94.681162</ele><time>2022-12-07T14:25:18Z</time><extensions><speed>0.977475</speed><course>36.539424</course><hAcc>2.743142</hAcc><vAcc>0.756743</vAcc></extensions></trkpt>
      <trkpt lon="-82.146255" lat="33.556766"><ele>94.564441</ele><time>2022-12-07T14:25:19Z</time><extensions><speed>0.724888</speed><course>46.430726</course><hAcc>2.745276</hAcc><vAcc>0.756743</vAcc></extensions></trkpt>
      <trkpt lon="-82.146249" lat="33.556769"><ele>94.446977</ele><time>2022-12-07T14:25:20Z</time><extensions><speed>0.582010</speed><course>67.905846</course><hAcc>2.768036</hAcc><vAcc>0.761842</vAcc></extensions></trkpt>
      <trkpt lon="-82.146242" lat="33.556770"><ele>94.326863</ele><time>2022-12-07T14:25:21Z</time><extensions><speed>0.855621</speed><course>88.188875</course><hAcc>2.808820</hAcc><vAcc>0.770612</vAcc></extensions></trkpt>
      <trkpt lon="-82.146232" lat="33.556770"><ele>94.205285</ele><time>2022-12-07T14:25:22Z</time><extensions><speed>0.911231</speed><course>95.524768</course><hAcc>2.829087</hAcc><vAcc>0.785223</vAcc></extensions></trkpt>
      <trkpt lon="-82.146223" lat="33.556769"><ele>94.083373</ele><time>2022-12-07T14:25:23Z</time><extensions><speed>0.851245</speed><course>101.168376</course><hAcc>2.852384</hAcc><vAcc>0.808551</vAcc></extensions></trkpt>
      <trkpt lon="-82.146215" lat="33.556768"><ele>93.962259</ele><time>2022-12-07T14:25:24Z</time><extensions><speed>0.660385</speed><course>99.566372</course><hAcc>2.904342</hAcc><vAcc>0.844090</vAcc></extensions></trkpt>
      <trkpt lon="-82.146208" lat="33.556767"><ele>93.842928</ele><time>2022-12-07T14:25:25Z</time><extensions><speed>0.614777</speed><course>95.663459</course><hAcc>3.022991</hAcc><vAcc>0.895687</vAcc></extensions></trkpt>
      <trkpt lon="-82.146202" lat="33.556767"><ele>93.726038</ele><time>2022-12-07T14:25:26Z</time><extensions><speed>0.612193</speed><course>78.335594</course><hAcc>3.204931</hAcc><vAcc>0.967094</vAcc></extensions></trkpt>
      <trkpt lon="-82.146195" lat="33.556769"><ele>93.611782</ele><time>2022-12-07T14:25:27Z</time><extensions><speed>0.692338</speed><course>54.859997</course><hAcc>3.413096</hAcc><vAcc>1.061478</vAcc></extensions></trkpt>
      <trkpt lon="-82.146190" lat="33.556774"><ele>93.499760</ele><time>2022-12-07T14:25:28Z</time><extensions><speed>0.786341</speed><course>32.439347</course><hAcc>3.609113</hAcc><vAcc>1.181049</vAcc></extensions></trkpt>
      <trkpt lon="-82.146186" lat="33.556781"><ele>93.389124</ele><time>2022-12-07T14:25:29Z</time><extensions><speed>0.901056</speed><course>20.991585</course><hAcc>3.896728</hAcc><vAcc>1.326895</vAcc></extensions></trkpt>
    </trkseg>
  </trk>
</gpx>