<?xml version="1.0" encoding="UTF-8"?>
<gpx version="1.1" creator="Apple Health Export" xmlns="http://www.topografix.com/GPX/1/1" xmlns:xsi="http://www.w3.org/2001/XMLSchema-instance" xsi:schemaLocation="http://www.topografix.com/GPX/1/1 http://www.topografix.com/GPX/1/1/gpx.xsd">
  <metadata>
    <time>2026-03-14T12:16:37Z</time>
  </metadata>
  <trk>
    <name>Route 2024-06-18 11:07am</name>
    <trkseg>
      <trkpt lon="-82.145821" lat="33.556755"><ele>83.428696</ele><time>2024-06-18T14:42:31Z</time><extensions><speed>1.713122</speed><course>231.157468</course><hAcc>6.568390</hAcc><vAcc>7.780658</vAcc></extensions></trkpt>
      <trkpt lon="-82.145838" lat="33.556743"><ele>83.447274</ele><time>2024-06-18T14:42:32Z</time><extensions><speed>2.229679</speed><course>231.030319</course><hAcc>5.892681</hAcc><vAcc>7.324037</vAcc></extensions></trkpt>
      <trkpt lon="-82.145945" lat="33.556664"><ele>83.506368</ele><time>2024-06-18T14:42:40Z</time><extensions><speed>1.008945</speed><course>223.116362</course><hAcc>4.395980</hAcc><vAcc>5.819857</vAcc></extensions></trkpt>
      <trkpt lon="-82.145956" lat="33.556656"><ele>83.532829</ele><time>2024-06-18T14:42:41Z</time><extensions><speed>0.725487</speed><course>219.366647</course><hAcc>4.222175</hAcc><vAcc>5.605114</vAcc></extensions></trkpt>
      <trkpt lon="-82.145963" lat="33.556651"><ele>83.569315</ele><time>2024-06-18T14:42:42Z</time><extensions><speed>0.528195</speed><course>216.779134</course><hAcc>4.121431</hAcc><vAcc>5.381102</vAcc></extensions></trkpt>
      <trkpt lon="-82.145978" lat="33.556644"><ele>83.669679</ele><time>2024-06-18T14:42:43Z</time><extensions><speed>0.517559</speed><course>222.812337</course><hAcc>3.946253</hAcc><vAcc>4.904576</vAcc></extensions></trkpt>
      <trkpt lon="-82.145983" lat="33.556640"><ele>83.686429</ele><time>2024-06-18T14:42:44Z</time><extensions><speed>0.528252</speed><course>227.703148</course><hAcc>3.867143</hAcc><vAcc>4.806838</vAcc></extensions></trkpt>
      <trkpt lon="-82.145997" lat="33.556634"><ele>83.760157</ele><time>2024-06-18T14:42:45Z</time><extensions><speed>0.698168</speed><course>234.507525</course><hAcc>3.740308</hAcc><vAcc>4.528197</vAcc></extensions></trkpt>
      <trkpt lon="-82.146007" lat="33.556629"><ele>84.639536</ele><time>2024-06-18T14:42:46Z</time><extensions><speed>0.862351</speed><course>238.299412</course><hAcc>3.674191</hAcc><vAcc>4.189885</vAcc></extensions></trkpt>
      <trkpt lon="-82.146020" lat="33.556623"><ele>85.072624</ele><time>2024-06-18T14:42:47Z</time><extensions><speed>0.994220</speed><course>240.826475</course><hAcc>3.614883</hAcc><vAcc>3.816795</vAcc></extensions></trkpt>
      <trkpt lon="-82.146032" lat="33.556618"><ele>85.248253</ele><time>2024-06-18T14:42:48Z</time><extensions><speed>1.083957</speed><course>242.323861</course><hAcc>3.553780</hAcc><vAcc>3.466930</vAcc></extensions></trkpt>
      <trkpt lon="-82.146046" lat="33.556612"><ele>85.358618</ele><time>2024-06-18T14:42:49Z</time><extensions><speed>1.125273</speed><course>243.661872</course><hAcc>3.479063</hAcc><vAcc>3.163490</vAcc></extensions></trkpt>
      <trkpt lon="-82.146060" lat="33.556606"><ele>85.422322</ele><time>2024-06-18T14:42:50Z</time><extensions><speed>1.120889</speed><course>245.139512</course><hAcc>3.397831</hAcc><vAcc>2.906025</vAcc></extensions></trkpt>
      <trkpt lon="-82.146073" lat="33.556601"><ele>85.457571</ele><time>2024-06-18T14:42:51Z</time><extensions><speed>1.129609</speed><course>246.257020</course><hAcc>3.307964</hAcc><vAcc>2.686489</vAcc></extensions></trkpt>
      <trkpt lon="-82.146087" lat="33.556595"><ele>85.508535</ele><time>2024-06-18T14:42:52Z</time><extensions><speed>1.249508</speed><course>246.735219</course><hAcc>3.201584</hAcc><vAcc>2.496657</vAcc></extensions></trkpt>
      <trkpt lon="-82.146101" lat="33.556590"><ele>85.538172</ele><time>2024-06-18T14:42:53Z</time><extensions><speed>1.250640</speed><course>246.428098</course><hAcc>3.105565</hAcc><vAcc>2.329628</vAcc></extensions></trkpt>
      <trkpt lon="-82.146115" lat="33.556584"><ele>85.562508</ele><time>2024-06-18T14:42:54Z</time><extensions><speed>1.236338</speed><course>245.915332</course><hAcc>3.023284</hAcc><vAcc>2.180669</vAcc></extensions></trkpt>
      <trkpt lon="-82.146130" lat="33.556579"><ele>85.578358</ele><time>2024-06-18T14:42:55Z</time><extensions><speed>1.228729</speed><course>245.712252</course><hAcc>2.950384</hAcc><vAcc>2.046277</vAcc></extensions></trkpt>
      <trkpt lon="-82.146144" lat="33.556573"><ele>85.577070</ele><time>2024-06-18T14:42:56Z</time><extensions><speed>1.260175</speed><course>246.110928</course><hAcc>2.919740</hAcc><vAcc>1.923805</vAcc></extensions></trkpt>
      <trkpt lon="-82.146156" lat="33.556569"><ele>85.572066</ele><time>2024-06-18T14:42:57Z</time><extensions><speed>0.625697</speed><course>250.487361</course><hAcc>2.954135</hAcc><vAcc>1.811932</vAcc></extensions></trkpt>
      <trkpt lon="-82.146165" lat="33.556566"><ele>85.566195</ele><time>2024-06-18T14:42:58Z</time><extensions><speed>1.034203</speed><course>256.628452</course><hAcc>2.911380</hAcc><vAcc>1.726427</vAcc></extensions></trkpt>
      <trkpt lon="-82.146181" lat="33.556563"><ele>85.557161</ele><time>2024-06-18T14:42:59Z</time><extensions><speed>1.413841</speed><course>259.931479</course><hAcc>2.859974</hAcc><vAcc>1.634294</vAcc></extensions></trkpt>
      <trkpt lon="-82.146199" lat="33.556560"><ele>85.545946</ele><time>2024-06-18T14:43:00Z</time><extensions><speed>1.575238</speed><course>261.542924</course><hAcc>2.807557</hAcc><vAcc>1.550923</vAcc></extensions></trkpt>
      <trkpt lon="-82.146217" lat="33.556557"><ele>85.527398</ele><time>2024-06-18T14:43:01Z</time><extensions><speed>1.552026</speed><course>265.568239</course><hAcc>2.769450</hAcc><vAcc>1.476106</vAcc></extensions></trkpt>
      <trkpt lon="-82.146235" lat="33.556554"><ele>85.499644</ele><time>2024-06-18T14:43:02Z</time><extensions><speed>1.406196</speed><course>268.271769</course><hAcc>2.696336</hAcc><vAcc>1.409725</vAcc></extensions></trkpt>
      <trkpt lon="-82.146251" lat="33.556552"><ele>85.464099</ele><time>2024-06-18T14:43:03Z</time><extensions><speed>1.161605</speed><course>275.616476</course><hAcc>2.653395</hAcc><vAcc>1.351541</vAcc></extensions></trkpt>
      <trkpt lon="-82.146265" lat="33.556551"><ele>85.425702</ele><time>2024-06-18T14:43:04Z</time><extensions><speed>1.367736</speed><course>271.812899</course><hAcc>2.543337</hAcc><vAcc>1.301198</vAcc></extensions></trkpt>
      <trkpt lon="-82.146281" lat="33.556549"><ele>85.386418</ele><time>2024-06-18T14:43:05Z</time><extensions><speed>1.449218</speed><course>271.378239</course><hAcc>2.472556</hAcc><vAcc>1.258228</vAcc></extensions></trkpt>
      <trkpt lon="-82.146296" lat="33.556549"><ele>85.341969</ele><time>2024-06-18T14:43:06Z</time><extensions><speed>1.303192</speed><course>277.584014</course><hAcc>2.461170</hAcc><vAcc>1.222027</vAcc></extensions></trkpt>
      <trkpt lon="-82.146312" lat="33.556549"><ele>85.308945</ele><time>2024-06-18T14:43:07Z</time><extensions><speed>1.490404</speed><course>275.739339</course><hAcc>2.378474</hAcc><vAcc>1.191991</vAcc></extensions></trkpt>
      <trkpt lon="-82.146329" lat="33.556550"><ele>85.276991</ele><time>2024-06-18T14:43:08Z</time><extensions><speed>1.506341</speed><course>281.747721</course><hAcc>2.345775</hAcc><vAcc>1.167405</vAcc></extensions></trkpt>
      <trkpt lon="-82.146346" lat="33.556551"><ele>85.247217</ele><time>2024-06-18T14:43:09Z</time><extensions><speed>1.576111</speed><course>274.876518</course><hAcc>2.261403</hAcc><vAcc>1.147498</vAcc></extensions></trkpt>
      <trkpt lon="-82.146364" lat="33.556550"><ele>85.223367</ele><time>2024-06-18T14:43:10Z</time><extensions><speed>1.560511</speed><course>273.515807</course><hAcc>2.199873</hAcc><vAcc>1.131536</vAcc></extensions></trkpt>
      <trkpt lon="-82.146381" lat="33.556549"><ele>85.203403</ele><time>2024-06-18T14:43:11Z</time><extensions><speed>1.506581</speed><course>266.493720</course><hAcc>2.158267</hAcc><vAcc>1.118768</vAcc></extensions></trkpt>
      <trkpt lon="-82.146397" lat="33.556547"><ele>85.190871</ele><time>2024-06-18T14:43:12Z</time><extensions><speed>1.430351</speed><course>268.262952</course><hAcc>2.110744</hAcc><vAcc>1.108560</vAcc></extensions></trkpt>
      <trkpt lon="-82.146412" lat="33.556546"><ele>85.183889</ele><time>2024-06-18T14:43:13Z</time><extensions><speed>1.332516</speed><course>274.456923</course><hAcc>2.101348</hAcc><vAcc>1.100333</vAcc></extensions></trkpt>
      <trkpt lon="-82.146426" lat="33.556545"><ele>85.181311</ele><time>2024-06-18T14:43:14Z</time><extensions><speed>1.332198</speed><course>276.365555</course><hAcc>2.033839</hAcc><vAcc>1.093626</vAcc></extensions></trkpt>
      <trkpt lon="-82.146440" lat="33.556546"><ele>85.182161</ele><time>2024-06-18T14:43:15Z</time><extensions><speed>1.301102</speed><course>278.868645</course><hAcc>2.003546</hAcc><vAcc>1.088016</vAcc></extensions></trkpt>
      <trkpt lon="-82.146454" lat="33.556547"><ele>85.183676</ele><time>2024-06-18T14:43:16Z</time><extensions><speed>1.255992</speed><course>286.215129</course><hAcc>2.017288</hAcc><vAcc>1.083138</vAcc></extensions></trkpt>
      <trkpt lon="-82.146467" lat="33.556548"><ele>85.188255</ele><time>2024-06-18T14:43:17Z</time><extensions><speed>1.288311</speed><course>276.341314</course><hAcc>1.951944</hAcc><vAcc>1.078762</vAcc></extensions></trkpt>
      <trkpt lon="-82.146481" lat="33.556547"><ele>85.196963</ele><time>2024-06-18T14:43:18Z</time><extensions><speed>1.311570</speed><course>273.180551</course><hAcc>1.936294</hAcc><vAcc>1.074650</vAcc></extensions></trkpt>
      <trkpt lon="-82.146495" lat="33.556547"><ele>85.208972</ele><time>2024-06-18T14:43:19Z</time><extensions><speed>1.346963</speed><course>275.620224</course><hAcc>1.957321</hAcc><vAcc>1.070618</vAcc></extensions></trkpt>
      <trkpt lon="-82.146509" lat="33.556546"><ele>85.223876</ele><time>2024-06-18T14:43:20Z</time><extensions><speed>1.322543</speed><course>267.946121</course><hAcc>1.922347</hAcc><vAcc>1.066536</vAcc></extensions></trkpt>
      <trkpt lon="-82.146523" lat="33.556544"><ele>85.243766</ele><time>2024-06-18T14:43:21Z</time><extensions><speed>1.376502</speed><course>258.898017</course><hAcc>1.914425</hAcc><vAcc>1.062415</vAcc></extensions></trkpt>
      <trkpt lon="-82.146537" lat="33.556540"><ele>85.267121</ele><time>2024-06-18T14:43:22Z</time><extensions><speed>1.313858</speed><course>259.787731</course><hAcc>1.883048</hAcc><vAcc>1.058186</vAcc></extensions></trkpt>
      <trkpt lon="-82.146550" lat="33.556536"><ele>85.296733</ele><time>2024-06-18T14:43:23Z</time><extensions><speed>1.285837</speed><course>259.397603</course><hAcc>1.886269</hAcc><vAcc>1.053866</vAcc></extensions></trkpt>
      <trkpt lon="-82.146563" lat="33.556533"><ele>85.335151</ele><time>2024-06-18T14:43:24Z</time><extensions><speed>1.280081</speed><course>263.642529</course><hAcc>1.916158</hAcc><vAcc>1.049467</vAcc></extensions></trkpt>
      <trkpt lon="-82.146576" lat="33.556529"><ele>85.379980</ele><time>2024-06-18T14:43:25Z</time><extensions><speed>1.290991</speed><course>254.535974</course><hAcc>1.870928</hAcc><vAcc>1.045103</vAcc></extensions></trkpt>
      <trkpt lon="-82.146589" lat="33.556525"><ele>85.427045</ele><time>2024-06-18T14:43:26Z</time><extensions><speed>1.299283</speed><course>261.751434</course><hAcc>1.888219</hAcc><vAcc>1.040842</vAcc></extensions></trkpt>
      <trkpt lon="-82.146601" lat="33.556521"><ele>85.474631</ele><time>2024-06-18T14:43:27Z</time><extensions><speed>1.265017</speed><course>250.528514</course><hAcc>1.834757</hAcc><vAcc>1.036695</vAcc></extensions></trkpt>
      <trkpt lon="-82.146613" lat="33.556515"><ele>85.527868</ele><time>2024-06-18T14:43:28Z</time><extensions><speed>1.258887</speed><course>245.404021</course><hAcc>1.835757</hAcc><vAcc>1.032750</vAcc></extensions></trkpt>
      <trkpt lon="-82.146625" lat="33.556510"><ele>85.577414</ele><time>2024-06-18T14:43:29Z</time><extensions><speed>1.282185</speed><course>260.538073</course><hAcc>1.888711</hAcc><vAcc>1.029100</vAcc></extensions></trkpt>
      <trkpt lon="-82.146636" lat="33.556506"><ele>85.624564</ele><time>2024-06-18T14:43:30Z</time><extensions><speed>1.196610</speed><course>246.507298</course><hAcc>1.826776</hAcc><vAcc>1.025879</vAcc></extensions></trkpt>
      <trkpt lon="-82.146647" lat="33.556500"><ele>85.672793</ele><time>2024-06-18T14:43:31Z</time><extensions><speed>1.155078</speed><course>244.532805</course><hAcc>1.822837</hAcc><vAcc>1.023195</vAcc></extensions></trkpt>
      <trkpt lon="-82.146658" lat="33.556495"><ele>85.721489</ele><time>2024-06-18T14:43:32Z</time><extensions><speed>1.217888</speed><course>264.641623</course><hAcc>1.874491</hAcc><vAcc>1.021071</vAcc></extensions></trkpt>
      <trkpt lon="-82.146669" lat="33.556491"><ele>85.773334</ele><time>2024-06-18T14:43:33Z</time><extensions><speed>1.151925</speed><course>246.729874</course><hAcc>1.825286</hAcc><vAcc>1.019567</vAcc></extensions></trkpt>
      <trkpt lon="-82.146680" lat="33.556486"><ele>85.825025</ele><time>2024-06-18T14:43:34Z</time><extensions><speed>1.246759</speed><course>249.088603</course><hAcc>1.838757</hAcc><vAcc>1.018667</vAcc></extensions></trkpt>
      <trkpt lon="-82.146691" lat="33.556480"><ele>85.875403</ele><time>2024-06-18T14:43:35Z</time><extensions><speed>1.162366</speed><course>235.944116</course><hAcc>1.791780</hAcc><vAcc>1.018310</vAcc></extensions></trkpt>
      <trkpt lon="-82.146700" lat="33.556472"><ele>85.923937</ele><time>2024-06-18T14:43:36Z</time><extensions><speed>1.127213</speed><course>236.879815</course><hAcc>1.804107</hAcc><vAcc>1.018452</vAcc></extensions></trkpt>
      <trkpt lon="-82.146711" lat="33.556467"><ele>85.969693</ele><time>2024-06-18T14:43:37Z</time><extensions><speed>1.181370</speed><course>257.660505</course><hAcc>1.852404</hAcc><vAcc>1.019043</vAcc></extensions></trkpt>
      <trkpt lon="-82.146722" lat="33.556463"><ele>86.016099</ele><time>2024-06-18T14:43:38Z</time><extensions><speed>1.108525</speed><course>243.093142</course><hAcc>1.820655</hAcc><vAcc>1.020139</vAcc></extensions></trkpt>
      <trkpt lon="-82.146733" lat="33.556458"><ele>86.058528</ele><time>2024-06-18T14:43:39Z</time><extensions><speed>1.146911</speed><course>257.439367</course><hAcc>1.860000</hAcc><vAcc>1.021769</vAcc></extensions></trkpt>
      <trkpt lon="-82.146744" lat="33.556454"><ele>86.098956</ele><time>2024-06-18T14:43:40Z</time><extensions><speed>1.074937</speed><course>245.456883</course><hAcc>1.822803</hAcc><vAcc>1.023924</vAcc></extensions></trkpt>
      <trkpt lon="-82.146755" lat="33.556450"><ele>86.139373</ele><time>2024-06-18T14:43:41Z</time><extensions><speed>1.062785</speed><course>247.894898</course><hAcc>1.857621</hAcc><vAcc>1.026586</vAcc></extensions></trkpt>
      <trkpt lon="-82.146767" lat="33.556445"><ele>86.181133</ele><time>2024-06-18T14:43:42Z</time><extensions><speed>1.146983</speed><course>268.347195</course><hAcc>1.911629</hAcc><vAcc>1.029674</vAcc></extensions></trkpt>
      <trkpt lon="-82.146780" lat="33.556442"><ele>86.227320</ele><time>2024-06-18T14:43:43Z</time><extensions><speed>1.095027</speed><course>254.258754</course><hAcc>1.867236</hAcc><vAcc>1.033075</vAcc></extensions></trkpt>
      <trkpt lon="-82.146792" lat="33.556437"><ele>86.276574</ele><time>2024-06-18T14:43:44Z</time><extensions><speed>1.103333</speed><course>258.933182</course><hAcc>1.886963</hAcc><vAcc>1.036724</vAcc></extensions></trkpt>
      <trkpt lon="-82.146805" lat="33.556433"><ele>86.332571</ele><time>2024-06-18T14:43:45Z</time><extensions><speed>1.159583</speed><course>250.600461</course><hAcc>1.885964</hAcc><vAcc>1.040547</vAcc></extensions></trkpt>
      <trkpt lon="-82.146818" lat="33.556428"><ele>86.388917</ele><time>2024-06-18T14:43:46Z</time><extensions><speed>1.181733</speed><course>252.054836</course><hAcc>1.931500</hAcc><vAcc>1.044399</vAcc></extensions></trkpt>
      <trkpt lon="-82.146831" lat="33.556424"><ele>86.448419</ele><time>2024-06-18T14:43:47Z</time><extensions><speed>1.134988</speed><course>266.945157</course><hAcc>1.989356</hAcc><vAcc>1.048259</vAcc></extensions></trkpt>
      <trkpt lon="-82.146844" lat="33.556421"><ele>86.515140</ele><time>2024-06-18T14:43:48Z</time><extensions><speed>1.306764</speed><course>253.191179</course><hAcc>1.943926</hAcc><vAcc>1.051938</vAcc></extensions></trkpt>
      <trkpt lon="-82.146859" lat="33.556416"><ele>86.585040</ele><time>2024-06-18T14:43:49Z</time><extensions><speed>1.364840</speed><course>253.683863</course><hAcc>1.963553</hAcc><vAcc>1.055395</vAcc></extensions></trkpt>
      <trkpt lon="-82.146875" lat="33.556413"><ele>86.653140</ele><time>2024-06-18T14:43:50Z</time><extensions><speed>1.207026</speed><course>270.864371</course><hAcc>2.014858</hAcc><vAcc>1.058578</vAcc></extensions></trkpt>
      <trkpt lon="-82.146890" lat="33.556410"><ele>86.719530</ele><time>2024-06-18T14:43:51Z</time><extensions><speed>1.451054</speed><course>258.006712</course><hAcc>1.961741</hAcc><vAcc>1.061489</vAcc></extensions></trkpt>
      <trkpt lon="-82.146907" lat="33.556406"><ele>86.792280</ele><time>2024-06-18T14:43:52Z</time><extensions><speed>1.526302</speed><course>255.201889</course><hAcc>1.949108</hAcc><vAcc>1.064089</vAcc></extensions></trkpt>
      <trkpt lon="-82.146926" lat="33.556402"><ele>86.863348</ele><time>2024-06-18T14:43:53Z</time><extensions><speed>1.725719</speed><course>257.111011</course><hAcc>1.899923</hAcc><vAcc>1.066317</vAcc></extensions></trkpt>
      <trkpt lon="-82.146945" lat="33.556398"><ele>86.928468</ele><time>2024-06-18T14:43:54Z</time><extensions><speed>1.723054</speed><course>261.723459</course><hAcc>1.888701</hAcc><vAcc>1.068207</vAcc></extensions></trkpt>
      <trkpt lon="-82.146963" lat="33.556396"><ele>86.981242</ele><time>2024-06-18T14:43:55Z</time><extensions><speed>1.535494</speed><course>274.202473</course><hAcc>1.912920</hAcc><vAcc>1.069795</vAcc></extensions></trkpt>
      <trkpt lon="-82.146981" lat="33.556397"><ele>87.032223</ele><time>2024-06-18T14:43:56Z</time><extensions><speed>1.635269</speed><course>273.908613</course><hAcc>1.871015</hAcc><vAcc>1.071154</vAcc></extensions></trkpt>
      <trkpt lon="-82.146998" lat="33.556398"><ele>87.079383</ele><time>2024-06-18T14:43:57Z</time><extensions><speed>1.557754</speed><course>281.842265</course><hAcc>1.884161</hAcc><vAcc>1.072368</vAcc></extensions></trkpt>
      <trkpt lon="-82.147014" lat="33.556401"><ele>87.118752</ele><time>2024-06-18T14:43:58Z</time><extensions><speed>1.583250</speed><course>291.405690</course><hAcc>1.861614</hAcc><vAcc>1.073519</vAcc></extensions></trkpt>
      <trkpt lon="-82.147029" lat="33.556405"><ele>87.214295</ele><time>2024-06-18T14:43:59Z</time><extensions><speed>1.556621</speed><course>284.993369</course><hAcc>1.835660</hAcc><vAcc>1.069247</vAcc></extensions></trkpt>
      <trkpt lon="-82.147043" lat="33.556408"><ele>87.306078</ele><time>2024-06-18T14:44:00Z</time><extensions><speed>1.306104</speed><course>291.247860</course><hAcc>1.864014</hAcc><vAcc>1.063637</vAcc></extensions></trkpt>
      <trkpt lon="-82.147055" lat="33.556413"><ele>87.391891</ele><time>2024-06-18T14:44:01Z</time><extensions><speed>1.242327</speed><course>305.374945</course><hAcc>1.863928</hAcc><vAcc>1.056804</vAcc></extensions></trkpt>
      <trkpt lon="-82.147064" lat="33.556420"><ele>87.473746</ele><time>2024-06-18T14:44:02Z</time><extensions><speed>1.276510</speed><course>320.368798</course><hAcc>1.892929</hAcc><vAcc>1.048859</vAcc></extensions></trkpt>
      <trkpt lon="-82.147073" lat="33.556427"><ele>87.551115</ele><time>2024-06-18T14:44:03Z</time><extensions><speed>1.149567</speed><course>315.244234</course><hAcc>1.872436</hAcc><vAcc>1.039943</vAcc></extensions></trkpt>
      <trkpt lon="-82.147081" lat="33.556433"><ele>87.621612</ele><time>2024-06-18T14:44:04Z</time><extensions><speed>1.056517</speed><course>313.175440</course><hAcc>1.890398</hAcc><vAcc>1.030205</vAcc></extensions></trkpt>
      <trkpt lon="-82.147089" lat="33.556439"><ele>87.689129</ele><time>2024-06-18T14:44:05Z</time><extensions><speed>1.144510</speed><course>311.305963</course><hAcc>1.915032</hAcc><vAcc>1.019720</vAcc></extensions></trkpt>
      <trkpt lon="-82.147096" lat="33.556443"><ele>87.756071</ele><time>2024-06-18T14:44:06Z</time><extensions><speed>0.740160</speed><course>307.431821</course><hAcc>1.891365</hAcc><vAcc>1.008555</vAcc></extensions></trkpt>
      <trkpt lon="-82.147100" lat="33.556445"><ele>87.822927</ele><time>2024-06-18T14:44:07Z</time><extensions><speed>0.443233</speed><course>304.114450</course><hAcc>1.906600</hAcc><vAcc>0.996821</vAcc></extensions></trkpt>
      <trkpt lon="-82.147102" lat="33.556445"><ele>87.886704</ele><time>2024-06-18T14:44:08Z</time><extensions><speed>0.296903</speed><course>305.042427</course><hAcc>1.957268</hAcc><vAcc>0.984765</vAcc></extensions></trkpt>
      <trkpt lon="-82.147102" lat="33.556444"><ele>87.947002</ele><time>2024-06-18T14:44:09Z</time><extensions><speed>0.071017</speed><course>256.091217</course><hAcc>1.989310</hAcc><vAcc>0.972733</vAcc></extensions></trkpt>
      <trkpt lon="-82.147102" lat="33.556443"><ele>88.004268</ele><time>2024-06-18T14:44:10Z</time><extensions><speed>0.281599</speed><course>309.078117</course><hAcc>2.003545</hAcc><vAcc>0.961168</vAcc></extensions></trkpt>
      <trkpt lon="-82.147102" lat="33.556443"><ele>88.058809</ele><time>2024-06-18T14:44:11Z</time><extensions><speed>0.278201</speed><course>296.297013</course><hAcc>1.984645</hAcc><vAcc>0.950508</vAcc></extensions></trkpt>
      <trkpt lon="-82.147104" lat="33.556442"><ele>88.110439</ele><time>2024-06-18T14:44:12Z</time><extensions><speed>0.373019</speed><course>271.777874</course><hAcc>1.969061</hAcc><vAcc>0.941155</vAcc></extensions></trkpt>
      <trkpt lon="-82.147107" lat="33.556440"><ele>88.160329</ele><time>2024-06-18T14:44:13Z</time><extensions><speed>0.501524</speed><course>234.497941</course><hAcc>1.945502</hAcc><vAcc>0.933392</vAcc></extensions></trkpt>
      <trkpt lon="-82.147110" lat="33.556434"><ele>88.207918</ele><time>2024-06-18T14:44:14Z</time><extensions><speed>0.824470</speed><course>217.982028</course><hAcc>1.933905</hAcc><vAcc>0.927386</vAcc></extensions></trkpt>
      <trkpt lon="-82.147114" lat="33.556426"><ele>88.253577</ele><time>2024-06-18T14:44:15Z</time><extensions><speed>1.107808</speed><course>204.194627</course><hAcc>1.925531</hAcc><vAcc>0.923193</vAcc></extensions></trkpt>
      <trkpt lon="-82.147117" lat="33.556415"><ele>88.297072</ele><time>2024-06-18T14:44:16Z</time><extensions><speed>1.307773</speed><course>189.100648</course><hAcc>1.901863</hAcc><vAcc>0.920739</vAcc></extensions></trkpt>
      <trkpt lon="-82.147116" lat="33.556401"><ele>88.340197</ele><time>2024-06-18T14:44:17Z</time><extensions><speed>1.476834</speed><course>177.431117</course><hAcc>1.891440</hAcc><vAcc>0.919881</vAcc></extensions></trkpt>
      <trkpt lon="-82.147113" lat="33.556386"><ele>88.383914</ele><time>2024-06-18T14:44:18Z</time><extensions><speed>1.666218</speed><course>168.945234</course><hAcc>1.887928</hAcc><vAcc>0.920401</vAcc></extensions></trkpt>
      <trkpt lon="-82.147107" lat="33.556370"><ele>88.426779</ele><time>2024-06-18T14:44:19Z</time><extensions><speed>1.778395</speed><course>165.893739</course><hAcc>1.891898</hAcc><vAcc>0.922047</vAcc></extensions></trkpt>
      <trkpt lon="-82.147101" lat="33.556355"><ele>88.467396</ele><time>2024-06-18T14:44:20Z</time><extensions><speed>1.603167</speed><course>160.136805</course><hAcc>1.879280</hAcc><vAcc>0.924558</vAcc></extensions></trkpt>
      <trkpt lon="-82.147093" lat="33.556340"><ele>88.509230</ele><time>2024-06-18T14:44:21Z</time><extensions><speed>1.821064</speed><course>160.735281</course><hAcc>1.830005</hAcc><vAcc>0.927661</vAcc></extensions></trkpt>
      <trkpt lon="-82.147085" lat="33.556324"><ele>88.550357</ele><time>2024-06-18T14:44:22Z</time><extensions><speed>1.844067</speed><course>157.724569</course><hAcc>1.802359</hAcc><vAcc>0.931117</vAcc></extensions></trkpt>
      <trkpt lon="-82.147078" lat="33.556310"><ele>88.591456</ele><time>2024-06-18T14:44:23Z</time><extensions><speed>1.573586</speed><course>159.554221</course><hAcc>1.821521</hAcc><vAcc>0.934703</vAcc></extensions></trkpt>
      <trkpt lon="-82.147071" lat="33.556295"><ele>88.631194</ele><time>2024-06-18T14:44:24Z</time><extensions><speed>1.741463</speed><course>162.960290</course><hAcc>1.783689</hAcc><vAcc>0.938252</vAcc></extensions></trkpt>
      <trkpt lon="-82.147065" lat="33.556279"><ele>88.669734</ele><time>2024-06-18T14:44:25Z</time><extensions><speed>1.717448</speed><course>165.379739</course><hAcc>1.768231</hAcc><vAcc>0.941633</vAcc></extensions></trkpt>
      <trkpt lon="-82.147060" lat="33.556265"><ele>88.707290</ele><time>2024-06-18T14:44:26Z</time><extensions><speed>1.540545</speed><course>164.028932</course><hAcc>1.771280</hAcc><vAcc>0.944760</vAcc></extensions></trkpt>
      <trkpt lon="-82.147055" lat="33.556250"><ele>88.744062</ele><time>2024-06-18T14:44:27Z</time><extensions><speed>1.648555</speed><course>163.457168</course><hAcc>1.740002</hAcc><vAcc>0.947583</vAcc></extensions></trkpt>
      <trkpt lon="-82.147049" lat="33.556236"><ele>88.781826</ele><time>2024-06-18T14:44:28Z</time><extensions><speed>1.533517</speed><course>163.580673</course><hAcc>1.740149</hAcc><vAcc>0.950054</vAcc></extensions></trkpt>
      <trkpt lon="-82.147043" lat="33.556222"><ele>88.818499</ele><time>2024-06-18T14:44:29Z</time><extensions><speed>1.650530</speed><course>163.641058</course><hAcc>1.706936</hAcc><vAcc>0.952173</vAcc></extensions></trkpt>
      <trkpt lon="-82.147038" lat="33.556208"><ele>88.852397</ele><time>2024-06-18T14:44:30Z</time><extensions><speed>1.640073</speed><course>163.265326</course><hAcc>1.704456</hAcc><vAcc>0.953945</vAcc></extensions></trkpt>
      <trkpt lon="-82.147032" lat="33.556194"><ele>88.888427</ele><time>2024-06-18T14:44:31Z</time><extensions><speed>1.493250</speed><course>162.088799</course><hAcc>1.723494</hAcc><vAcc>0.955355</vAcc></extensions></trkpt>
      <trkpt lon="-82.147026" lat="33.556181"><ele>88.923663</ele><time>2024-06-18T14:44:32Z</time><extensions><speed>1.577008</speed><course>162.559507</course><hAcc>1.713312</hAcc><vAcc>0.956426</vAcc></extensions></trkpt>
      <trkpt lon="-82.147020" lat="33.556168"><ele>88.959855</ele><time>2024-06-18T14:44:33Z</time><extensions><speed>1.484034</speed><course>166.417695</course><hAcc>1.749271</hAcc><vAcc>0.957250</vAcc></extensions></trkpt>
      <trkpt lon="-82.147016" lat="33.556155"><ele>88.996512</ele><time>2024-06-18T14:44:34Z</time><extensions><speed>1.573225</speed><course>165.064262</course><hAcc>1.713179</hAcc><vAcc>0.957869</vAcc></extensions></trkpt>
      <trkpt lon="-82.147010" lat="33.556141"><ele>89.032654</ele><time>2024-06-18T14:44:35Z</time><extensions><speed>1.564891</speed><course>163.269539</course><hAcc>1.717958</hAcc><vAcc>0.958331</vAcc></extensions></trkpt>
      <trkpt lon="-82.147005" lat="33.556128"><ele>89.068586</ele><time>2024-06-18T14:44:36Z</time><extensions><speed>1.487527</speed><course>163.873405</course><hAcc>1.746009</hAcc><vAcc>0.958679</vAcc></extensions></trkpt>
      <trkpt lon="-82.147000" lat="33.556115"><ele>89.105263</ele><time>2024-06-18T14:44:37Z</time><extensions><speed>1.543317</speed><course>159.282471</course><hAcc>1.712384</hAcc><vAcc>0.958951</vAcc></extensions></trkpt>
      <trkpt lon="-82.146994" lat="33.556103"><ele>89.140495</ele><time>2024-06-18T14:44:38Z</time><extensions><speed>1.503195</speed><course>160.031176</course><hAcc>1.740821</hAcc><vAcc>0.959201</vAcc></extensions></trkpt>
      <trkpt lon="-82.146988" lat="33.556090"><ele>89.175601</ele><time>2024-06-18T14:44:39Z</time><extensions><speed>1.514570</speed><course>161.204520</course><hAcc>1.725006</hAcc><vAcc>0.959452</vAcc></extensions></trkpt>
      <trkpt lon="-82.146982" lat="33.556078"><ele>89.210818</ele><time>2024-06-18T14:44:40Z</time><extensions><speed>1.497367</speed><course>157.054985</course><hAcc>1.717513</hAcc><vAcc>0.959737</vAcc></extensions></trkpt>
      <trkpt lon="-82.146976" lat="33.556066"><ele>89.246133</ele><time>2024-06-18T14:44:41Z</time><extensions><speed>1.471427</speed><course>159.684567</course><hAcc>1.755225</hAcc><vAcc>0.960065</vAcc></extensions></trkpt>
      <trkpt lon="-82.146971" lat="33.556054"><ele>89.282142</ele><time>2024-06-18T14:44:42Z</time><extensions><speed>1.434633</speed><course>160.063998</course><hAcc>1.719326</hAcc><vAcc>0.960501</vAcc></extensions></trkpt>
      <trkpt lon="-82.146966" lat="33.556043"><ele>89.318788</ele><time>2024-06-18T14:44:43Z</time><extensions><speed>1.384841</speed><course>158.931412</course><hAcc>1.701623</hAcc><vAcc>0.961070</vAcc></extensions></trkpt>
      <trkpt lon="-82.146961" lat="33.556031"><ele>89.353193</ele><time>2024-06-18T14:44:44Z</time><extensions><speed>1.406901</speed><course>162.754161</course><hAcc>1.737799</hAcc><vAcc>0.961767</vAcc></extensions></trkpt>
      <trkpt lon="-82.146957" lat="33.556020"><ele>89.387150</ele><time>2024-06-18T14:44:45Z</time><extensions><speed>1.339099</speed><course>166.233814</course><hAcc>1.714067</hAcc><vAcc>0.962599</vAcc></extensions></trkpt>
      <trkpt lon="-82.146954" lat="33.556009"><ele>89.420680</ele><time>2024-06-18T14:44:46Z</time><extensions><speed>1.375967</speed><course>167.817051</course><hAcc>1.722087</hAcc><vAcc>0.963540</vAcc></extensions></trkpt>
      <trkpt lon="-82.146951" lat="33.555998"><ele>89.455815</ele><time>2024-06-18T14:44:47Z</time><extensions><speed>1.268832</speed><course>169.562096</course><hAcc>1.688966</hAcc><vAcc>0.964546</vAcc></extensions></trkpt>
      <trkpt lon="-82.146949" lat="33.555987"><ele>89.490619</ele><time>2024-06-18T14:44:48Z</time><extensions><speed>1.225055</speed><course>170.228720</course><hAcc>1.678618</hAcc><vAcc>0.965598</vAcc></extensions></trkpt>
      <trkpt lon="-82.146947" lat="33.555976"><ele>89.527765</ele><time>2024-06-18T14:44:49Z</time><extensions><speed>1.327872</speed><course>170.909926</course><hAcc>1.722041</hAcc><vAcc>0.966734</vAcc></extensions></trkpt>
      <trkpt lon="-82.146945" lat="33.555965"><ele>89.566801</ele><time>2024-06-18T14:44:50Z</time><extensions><speed>1.226689</speed><course>172.595431</course><hAcc>1.693000</hAcc><vAcc>0.968030</vAcc></extensions></trkpt>
      <trkpt lon="-82.146943" lat="33.555953"><ele>89.606318</ele><time>2024-06-18T14:44:51Z</time><extensions><speed>1.295825</speed><course>173.052070</course><hAcc>1.725859</hAcc><vAcc>0.969486</vAcc></extensions></trkpt>
      <trkpt lon="-82.146942" lat="33.555942"><ele>89.645478</ele><time>2024-06-18T14:44:52Z</time><extensions><speed>1.180765</speed><course>173.319475</course><hAcc>1.688489</hAcc><vAcc>0.971065</vAcc></extensions></trkpt>
      <trkpt lon="-82.146940" lat="33.555931"><ele>89.688060</ele><time>2024-06-18T14:44:53Z</time><extensions><speed>1.155924</speed><course>173.101304</course><hAcc>1.707667</hAcc><vAcc>0.972811</vAcc></extensions></trkpt>
      <trkpt lon="-82.146938" lat="33.555920"><ele>89.730952</ele><time>2024-06-18T14:44:54Z</time><extensions><speed>1.219529</speed><course>172.088195</course><hAcc>1.751232</hAcc><vAcc>0.974720</vAcc></extensions></trkpt>
      <trkpt lon="-82.146937" lat="33.555909"><ele>89.774865</ele><time>2024-06-18T14:44:55Z</time><extensions><speed>1.164200</speed><course>172.766143</course><hAcc>1.710625</hAcc><vAcc>0.976861</vAcc></extensions></trkpt>
      <trkpt lon="-82.146935" lat="33.555898"><ele>89.819399</ele><time>2024-06-18T14:44:56Z</time><extensions><speed>1.155904</speed><course>173.197181</course><hAcc>1.732053</hAcc><vAcc>0.979243</vAcc></extensions></trkpt>
      <trkpt lon="-82.146934" lat="33.555888"><ele>89.864645</ele><time>2024-06-18T14:44:57Z</time><extensions><speed>1.159211</speed><course>172.504794</course><hAcc>1.778267</hAcc><vAcc>0.981796</vAcc></extensions></trkpt>
      <trkpt lon="-82.146932" lat="33.555877"><ele>89.915748</ele><time>2024-06-18T14:44:58Z</time><extensions><speed>1.220904</speed><course>172.866256</course><hAcc>1.738725</hAcc><vAcc>0.984537</vAcc></extensions></trkpt>
      <trkpt lon="-82.146930" lat="33.555866"><ele>89.973196</ele><time>2024-06-18T14:44:59Z</time><extensions><speed>1.232578</speed><course>172.559176</course><hAcc>1.750507</hAcc><vAcc>0.987401</vAcc></extensions></trkpt>
      <trkpt lon="-82.146929" lat="33.555854"><ele>90.028623</ele><time>2024-06-18T14:45:00Z</time><extensions><speed>1.312931</speed><course>172.322603</course><hAcc>1.747095</hAcc><vAcc>0.990410</vAcc></extensions></trkpt>
      <trkpt lon="-82.146927" lat="33.555842"><ele>90.078949</ele><time>2024-06-18T14:45:01Z</time><extensions><speed>1.350057</speed><course>173.067303</course><hAcc>1.769688</hAcc><vAcc>0.993500</vAcc></extensions></trkpt>
      <trkpt lon="-82.146926" lat="33.555830"><ele>90.132650</ele><time>2024-06-18T14:45:02Z</time><extensions><speed>1.337251</speed><course>173.392139</course><hAcc>1.794591</hAcc><vAcc>0.996594</vAcc></extensions></trkpt>
      <trkpt lon="-82.146925" lat="33.555818"><ele>90.187004</ele><time>2024-06-18T14:45:03Z</time><extensions><speed>1.423886</speed><course>172.235077</course><hAcc>1.779626</hAcc><vAcc>0.999617</vAcc></extensions></trkpt>
      <trkpt lon="-82.146923" lat="33.555805"><ele>90.239433</ele><time>2024-06-18T14:45:04Z</time><extensions><speed>1.412777</speed><course>171.479902</course><hAcc>1.787634</hAcc><vAcc>1.002497</vAcc></extensions></trkpt>
      <trkpt lon="-82.146921" lat="33.555793"><ele>90.286930</ele><time>2024-06-18T14:45:05Z</time><extensions><speed>1.428897</speed><course>171.247655</course><hAcc>1.755149</hAcc><vAcc>1.005134</vAcc></extensions></trkpt>
      <trkpt lon="-82.146919" lat="33.555780"><ele>90.333115</ele><time>2024-06-18T14:45:06Z</time><extensions><speed>1.418672</speed><course>173.447287</course><hAcc>1.739119</hAcc><vAcc>1.007459</vAcc></extensions></trkpt>
      <trkpt lon="-82.146918" lat="33.555768"><ele>90.379153</ele><time>2024-06-18T14:45:07Z</time><extensions><speed>1.397639</speed><course>173.854636</course><hAcc>1.767919</hAcc><vAcc>1.009381</vAcc></extensions></trkpt>
      <trkpt lon="-82.146916" lat="33.555756"><ele>90.421374</ele><time>2024-06-18T14:45:08Z</time><extensions><speed>1.378511</speed><course>173.000485</course><hAcc>1.746386</hAcc><vAcc>1.010855</vAcc></extensions></trkpt>
      <trkpt lon="-82.146915" lat="33.555743"><ele>90.459494</ele><time>2024-06-18T14:45:09Z</time><extensions><speed>1.383350</speed><course>171.715797</course><hAcc>1.764601</hAcc><vAcc>1.011868</vAcc></extensions></trkpt>
      <trkpt lon="-82.146913" lat="33.555731"><ele>90.496451</ele><time>2024-06-18T14:45:10Z</time><extensions><speed>1.339364</speed><course>175.997061</course><hAcc>1.730565</hAcc><vAcc>1.012355</vAcc></extensions></trkpt>
      <trkpt lon="-82.146912" lat="33.555719"><ele>90.531033</ele><time>2024-06-18T14:45:11Z</time><extensions><speed>1.326546</speed><course>180.375140</course><hAcc>1.734777</hAcc><vAcc>1.012328</vAcc></extensions></trkpt>
      <trkpt lon="-82.146912" lat="33.555706"><ele>90.560055</ele><time>2024-06-18T14:45:12Z</time><extensions><speed>1.329123</speed><course>182.293170</course><hAcc>1.769044</hAcc><vAcc>1.011750</vAcc></extensions></trkpt>
      <trkpt lon="-82.146913" lat="33.555694"><ele>90.584241</ele><time>2024-06-18T14:45:13Z</time><extensions><speed>1.318798</speed><course>182.102914</course><hAcc>1.746430</hAcc><vAcc>1.010650</vAcc></extensions></trkpt>
      <trkpt lon="-82.146912" lat="33.555682"><ele>90.603249</ele><time>2024-06-18T14:45:14Z</time><extensions><speed>1.309183</speed><course>179.890152</course><hAcc>1.742982</hAcc><vAcc>1.009066</vAcc></extensions></trkpt>
      <trkpt lon="-82.146912" lat="33.555671"><ele>90.620582</ele><time>2024-06-18T14:45:15Z</time><extensions><speed>1.274525</speed><course>177.553197</course><hAcc>1.774581</hAcc><vAcc>1.007009</vAcc></extensions></trkpt>
      <trkpt lon="-82.146910" lat="33.555659"><ele>90.635571</ele><time>2024-06-18T14:45:16Z</time><extensions><speed>1.275047</speed><course>174.842403</course><hAcc>1.750721</hAcc><vAcc>1.004545</vAcc></extensions></trkpt>
      <trkpt lon="-82.146908" lat="33.555647"><ele>90.647943</ele><time>2024-06-18T14:45:17Z</time><extensions><speed>1.260097</speed><course>171.907449</course><hAcc>1.759359</hAcc><vAcc>1.001746</vAcc></extensions></trkpt>
      <trkpt lon="-82.146906" lat="33.555636"><ele>90.652339</ele><time>2024-06-18T14:45:18Z</time><extensions><speed>1.302238</speed><course>170.582040</course><hAcc>1.737943</hAcc><vAcc>0.998682</vAcc></extensions></trkpt>
      <trkpt lon="-82.146904" lat="33.555625"><ele>90.652513</ele><time>2024-06-18T14:45:19Z</time><extensions><speed>1.308866</speed><course>169.480944</course><hAcc>1.746672</hAcc><vAcc>0.995436</vAcc></extensions></trkpt>
      <trkpt lon="-82.146901" lat="33.555613"><ele>90.649515</ele><time>2024-06-18T14:45:20Z</time><extensions><speed>1.275872</speed><course>164.749411</course><hAcc>1.775927</hAcc><vAcc>0.992086</vAcc></extensions></trkpt>
      <trkpt lon="-82.146897" lat="33.555602"><ele>90.643607</ele><time>2024-06-18T14:45:21Z</time><extensions><speed>1.364248</speed><course>164.557799</course><hAcc>1.752243</hAcc><vAcc>0.988704</vAcc></extensions></trkpt>
      <trkpt lon="-82.146893" lat="33.555591"><ele>90.635209</ele><time>2024-06-18T14:45:22Z</time><extensions><speed>1.366082</speed><course>162.636790</course><hAcc>1.753605</hAcc><vAcc>0.985365</vAcc></extensions></trkpt>
      <trkpt lon="-82.146889" lat="33.555579"><ele>90.621448</ele><time>2024-06-18T14:45:23Z</time><extensions><speed>1.374860</speed><course>160.138692</course><hAcc>1.703832</hAcc><vAcc>0.982081</vAcc></extensions></trkpt>
      <trkpt lon="-82.146884" lat="33.555568"><ele>90.600650</ele><time>2024-06-18T14:45:24Z</time><extensions><speed>1.363646</speed><course>159.538219</course><hAcc>1.712297</hAcc><vAcc>0.978915</vAcc></extensions></trkpt>
      <trkpt lon="-82.146880" lat="33.555557"><ele>90.577985</ele><time>2024-06-18T14:45:25Z</time><extensions><speed>1.366351</speed><course>159.992504</course><hAcc>1.755662</hAcc><vAcc>0.975945</vAcc></extensions></trkpt>
      <trkpt lon="-82.146875" lat="33.555546"><ele>90.554663</ele><time>2024-06-18T14:45:26Z</time><extensions><speed>1.340405</speed><course>160.002024</course><hAcc>1.729714</hAcc><vAcc>0.973217</vAcc></extensions></trkpt>
      <trkpt lon="-82.146870" lat="33.555534"><ele>90.524867</ele><time>2024-06-18T14:45:27Z</time><extensions><speed>1.360285</speed><course>159.988223</course><hAcc>1.735083</hAcc><vAcc>0.970764</vAcc></extensions></trkpt>
      <trkpt lon="-82.146866" lat="33.555523"><ele>90.492698</ele><time>2024-06-18T14:45:28Z</time><extensions><speed>1.266801</speed><course>162.745596</course><hAcc>1.709632</hAcc><vAcc>0.968609</vAcc></extensions></trkpt>
      <trkpt lon="-82.146863" lat="33.555513"><ele>90.458243</ele><time>2024-06-18T14:45:29Z</time><extensions><speed>1.242490</speed><course>166.033911</course><hAcc>1.704907</hAcc><vAcc>0.966753</vAcc></extensions></trkpt>
      <trkpt lon="-82.146860" lat="33.555502"><ele>90.424660</ele><time>2024-06-18T14:45:30Z</time><extensions><speed>1.272495</speed><course>167.901894</course><hAcc>1.732002</hAcc><vAcc>0.965150</vAcc></extensions></trkpt>
      <trkpt lon="-82.146858" lat="33.555491"><ele>90.389578</ele><time>2024-06-18T14:45:31Z</time><extensions><speed>1.194600</speed><course>169.926032</course><hAcc>1.707233</hAcc><vAcc>0.963794</vAcc></extensions></trkpt>
      <trkpt lon="-82.146856" lat="33.555480"><ele>90.354638</ele><time>2024-06-18T14:45:32Z</time><extensions><speed>1.165697</speed><course>170.159959</course><hAcc>1.722349</hAcc><vAcc>0.962671</vAcc></extensions></trkpt>
      <trkpt lon="-82.146854" lat="33.555470"><ele>90.322063</ele><time>2024-06-18T14:45:33Z</time><extensions><speed>1.184203</speed><course>166.583965</course><hAcc>1.759806</hAcc><vAcc>0.961732</vAcc></extensions></trkpt>
      <trkpt lon="-82.146851" lat="33.555460"><ele>90.292299</ele><time>2024-06-18T14:45:34Z</time><extensions><speed>1.155666</speed><course>168.847796</course><hAcc>1.723379</hAcc><vAcc>0.960935</vAcc></extensions></trkpt>
      <trkpt lon="-82.146849" lat="33.555450"><ele>90.265082</ele><time>2024-06-18T14:45:35Z</time><extensions><speed>1.194925</speed><course>168.602109</course><hAcc>1.735417</hAcc><vAcc>0.960239</vAcc></extensions></trkpt>
      <trkpt lon="-82.146848" lat="33.555440"><ele>90.238910</ele><time>2024-06-18T14:45:36Z</time><extensions><speed>1.159473</speed><course>172.052616</course><hAcc>1.694690</hAcc><vAcc>0.959611</vAcc></extensions></trkpt>
      <trkpt lon="-82.146846" lat="33.555429"><ele>90.212356</ele><time>2024-06-18T14:45:37Z</time><extensions><speed>1.165813</speed><course>172.832323</course><hAcc>1.704009</hAcc><vAcc>0.958998</vAcc></extensions></trkpt>
      <trkpt lon="-82.146845" lat="33.555419"><ele>90.188878</ele><time>2024-06-18T14:45:38Z</time><extensions><speed>1.205046</speed><course>170.597503</course><hAcc>1.735380</hAcc><vAcc>0.958375</vAcc></extensions></trkpt>
      <trkpt lon="-82.146845" lat="33.555408"><ele>90.167650</ele><time>2024-06-18T14:45:39Z</time><extensions><speed>1.194740</speed><course>176.750856</course><hAcc>1.700403</hAcc><vAcc>0.957704</vAcc></extensions></trkpt>
      <trkpt lon="-82.146845" lat="33.555397"><ele>90.146921</ele><time>2024-06-18T14:45:40Z</time><extensions><speed>1.220697</speed><course>178.940105</course><hAcc>1.719737</hAcc><vAcc>0.956993</vAcc></extensions></trkpt>
      <trkpt lon="-82.146846" lat="33.555386"><ele>90.127418</ele><time>2024-06-18T14:45:41Z</time><extensions><speed>1.208129</speed><course>182.725719</course><hAcc>1.675258</hAcc><vAcc>0.956238</vAcc></extensions></trkpt>
      <trkpt lon="-82.146848" lat="33.555375"><ele>90.109166</ele><time>2024-06-18T14:45:42Z</time><extensions><speed>1.213079</speed><course>184.331679</course><hAcc>1.688781</hAcc><vAcc>0.955451</vAcc></extensions></trkpt>
      <trkpt lon="-82.146849" lat="33.555364"><ele>90.092025</ele><time>2024-06-18T14:45:43Z</time><extensions><speed>1.214091</speed><course>181.760652</course><hAcc>1.731862</hAcc><vAcc>0.954619</vAcc></extensions></trkpt>
      <trkpt lon="-82.146851" lat="33.555353"><ele>90.078225</ele><time>2024-06-18T14:45:44Z</time><extensions><speed>1.206442</speed><course>183.576013</course><hAcc>1.707748</hAcc><vAcc>0.953781</vAcc></extensions></trkpt>
      <trkpt lon="-82.146852" lat="33.555343"><ele>90.066070</ele><time>2024-06-18T14:45:45Z</time><extensions><speed>1.203313</speed><course>183.615655</course><hAcc>1.714369</hAcc><vAcc>0.953058</vAcc></extensions></trkpt>
      <trkpt lon="-82.146855" lat="33.555332"><ele>90.054754</ele><time>2024-06-18T14:45:46Z</time><extensions><speed>1.221944</speed><course>191.541918</course><hAcc>1.671741</hAcc><vAcc>0.952523</vAcc></extensions></trkpt>
      <trkpt lon="-82.146858" lat="33.555321"><ele>90.044522</ele><time>2024-06-18T14:45:47Z</time><extensions><speed>1.241158</speed><course>193.709891</course><hAcc>1.698253</hAcc><vAcc>0.952242</vAcc></extensions></trkpt>
      <trkpt lon="-82.146862" lat="33.555311"><ele>90.033879</ele><time>2024-06-18T14:45:48Z</time><extensions><speed>1.272634</speed><course>190.902181</course><hAcc>1.745495</hAcc><vAcc>0.952233</vAcc></extensions></trkpt>
      <trkpt lon="-82.146866" lat="33.555300"><ele>90.022091</ele><time>2024-06-18T14:45:49Z</time><extensions><speed>1.301037</speed><course>197.016499</course><hAcc>1.708388</hAcc><vAcc>0.952537</vAcc></extensions></trkpt>
      <trkpt lon="-82.146871" lat="33.555289"><ele>90.012140</ele><time>2024-06-18T14:45:50Z</time><extensions><speed>1.300789</speed><course>197.146184</course><hAcc>1.726848</hAcc><vAcc>0.953197</vAcc></extensions></trkpt>
      <trkpt lon="-82.146875" lat="33.555277"><ele>90.001587</ele><time>2024-06-18T14:45:51Z</time><extensions><speed>1.285517</speed><course>189.904255</course><hAcc>1.773459</hAcc><vAcc>0.954242</vAcc></extensions></trkpt>
      <trkpt lon="-82.146879" lat="33.555266"><ele>89.992097</ele><time>2024-06-18T14:45:52Z</time><extensions><speed>1.291558</speed><course>196.136145</course><hAcc>1.736064</hAcc><vAcc>0.955708</vAcc></extensions></trkpt>
      <trkpt lon="-82.146884" lat="33.555255"><ele>89.981337</ele><time>2024-06-18T14:45:53Z</time><extensions><speed>1.302797</speed><course>195.398548</course><hAcc>1.754516</hAcc><vAcc>0.957565</vAcc></extensions></trkpt>
      <trkpt lon="-82.146888" lat="33.555244"><ele>89.970979</ele><time>2024-06-18T14:45:54Z</time><extensions><speed>1.290258</speed><course>198.722849</course><hAcc>1.722155</hAcc><vAcc>0.959787</vAcc></extensions></trkpt>
      <trkpt lon="-82.146894" lat="33.555234"><ele>89.962114</ele><time>2024-06-18T14:45:55Z</time><extensions><speed>1.271651</speed><course>199.458765</course><hAcc>1.730630</hAcc><vAcc>0.962361</vAcc></extensions></trkpt>
      <trkpt lon="-82.146898" lat="33.555223"><ele>89.952788</ele><time>2024-06-18T14:45:56Z</time><extensions><speed>1.235141</speed><course>194.929936</course><hAcc>1.765569</hAcc><vAcc>0.965172</vAcc></extensions></trkpt>
      <trkpt lon="-82.146903" lat="33.555213"><ele>89.942300</ele><time>2024-06-18T14:45:57Z</time><extensions><speed>1.226871</speed><course>198.465292</course><hAcc>1.736443</hAcc><vAcc>0.968134</vAcc></extensions></trkpt>
      <trkpt lon="-82.146907" lat="33.555201"><ele>89.944458</ele><time>2024-06-18T14:45:58Z</time><extensions><speed>1.228330</speed><course>192.583497</course><hAcc>1.763502</hAcc><vAcc>0.971148</vAcc></extensions></trkpt>
      <trkpt lon="-82.146911" lat="33.555189"><ele>89.946916</ele><time>2024-06-18T14:45:59Z</time><extensions><speed>1.260684</speed><course>197.579160</course><hAcc>1.717415</hAcc><vAcc>0.974097</vAcc></extensions></trkpt>
      <trkpt lon="-82.146915" lat="33.555177"><ele>89.951216</ele><time>2024-06-18T14:46:00Z</time><extensions><speed>1.281135</speed><course>196.956473</course><hAcc>1.725708</hAcc><vAcc>0.976898</vAcc></extensions></trkpt>
      <trkpt lon="-82.146919" lat="33.555165"><ele>89.958309</ele><time>2024-06-18T14:46:01Z</time><extensions><speed>1.256241</speed><course>193.095846</course><hAcc>1.761455</hAcc><vAcc>0.979451</vAcc></extensions></trkpt>
      <trkpt lon="-82.146923" lat="33.555153"><ele>89.966469</ele><time>2024-06-18T14:46:02Z</time><extensions><speed>1.303271</speed><course>193.697868</course><hAcc>1.736077</hAcc><vAcc>0.981687</vAcc></extensions></trkpt>
      <trkpt lon="-82.146926" lat="33.555142"><ele>89.975061</ele><time>2024-06-18T14:46:03Z</time><extensions><speed>1.231313</speed><course>190.229338</course><hAcc>1.760831</hAcc><vAcc>0.983538</vAcc></extensions></trkpt>
      <trkpt lon="-82.146929" lat="33.555130"><ele>89.988376</ele><time>2024-06-18T14:46:04Z</time><extensions><speed>1.356369</speed><course>191.572440</course><hAcc>1.719468</hAcc><vAcc>0.985003</vAcc></extensions></trkpt>
      <trkpt lon="-82.146933" lat="33.555117"><ele>90.003113</ele><time>2024-06-18T14:46:05Z</time><extensions><speed>1.378225</speed><course>191.480331</course><hAcc>1.730823</hAcc><vAcc>0.986103</vAcc></extensions></trkpt>
      <trkpt lon="-82.146936" lat="33.555105"><ele>90.019021</ele><time>2024-06-18T14:46:06Z</time><extensions><speed>1.251064</speed><course>189.038499</course><hAcc>1.773709</hAcc><vAcc>0.986822</vAcc></extensions></trkpt>
      <trkpt lon="-82.146940" lat="33.555093"><ele>90.035705</ele><time>2024-06-18T14:46:07Z</time><extensions><speed>1.440862</speed><course>191.127212</course><hAcc>1.729687</hAcc><vAcc>0.987162</vAcc></extensions></trkpt>
      <trkpt lon="-82.146944" lat="33.555080"><ele>90.057262</ele><time>2024-06-18T14:46:08Z</time><extensions><speed>1.421549</speed><course>190.976384</course><hAcc>1.748184</hAcc><vAcc>0.987134</vAcc></extensions></trkpt>
      <trkpt lon="-82.146948" lat="33.555068"><ele>90.079896</ele><time>2024-06-18T14:46:09Z</time><extensions><speed>1.218049</speed><course>188.264909</course><hAcc>1.799748</hAcc><vAcc>0.986760</vAcc></extensions></trkpt>
      <trkpt lon="-82.146952" lat="33.555056"><ele>90.099912</ele><time>2024-06-18T14:46:10Z</time><extensions><speed>1.327916</speed><course>192.116396</course><hAcc>1.760974</hAcc><vAcc>0.986085</vAcc></extensions></trkpt>
      <trkpt lon="-82.146956" lat="33.555045"><ele>90.117208</ele><time>2024-06-18T14:46:11Z</time><extensions><speed>1.208150</speed><course>189.519445</course><hAcc>1.786211</hAcc><vAcc>0.985145</vAcc></extensions></trkpt>
      <trkpt lon="-82.146960" lat="33.555034"><ele>90.135438</ele><time>2024-06-18T14:46:12Z</time><extensions><speed>1.290013</speed><course>195.552086</course><hAcc>1.742538</hAcc><vAcc>0.983988</vAcc></extensions></trkpt>
      <trkpt lon="-82.146965" lat="33.555023"><ele>90.155227</ele><time>2024-06-18T14:46:13Z</time><extensions><speed>1.272209</speed><course>196.784737</course><hAcc>1.758860</hAcc><vAcc>0.982708</vAcc></extensions></trkpt>
      <trkpt lon="-82.146969" lat="33.555012"><ele>90.175339</ele><time>2024-06-18T14:46:14Z</time><extensions><speed>1.150317</speed><course>191.562041</course><hAcc>1.803312</hAcc><vAcc>0.981369</vAcc></extensions></trkpt>
      <trkpt lon="-82.146973" lat="33.555001"><ele>90.193905</ele><time>2024-06-18T14:46:15Z</time><extensions><speed>1.236064</speed><course>200.867224</course><hAcc>1.763528</hAcc><vAcc>0.980008</vAcc></extensions></trkpt>
      <trkpt lon="-82.146979" lat="33.554991"><ele>90.208724</ele><time>2024-06-18T14:46:16Z</time><extensions><speed>1.156113</speed><course>203.697267</course><hAcc>1.783293</hAcc><vAcc>0.978644</vAcc></extensions></trkpt>
      <trkpt lon="-82.146986" lat="33.554981"><ele>90.220672</ele><time>2024-06-18T14:46:17Z</time><extensions><speed>1.349850</speed><course>208.249472</course><hAcc>1.758778</hAcc><vAcc>0.977285</vAcc></extensions></trkpt>
      <trkpt lon="-82.146995" lat="33.554970"><ele>90.231125</ele><time>2024-06-18T14:46:18Z</time><extensions><speed>1.409308</speed><course>210.205784</course><hAcc>1.775719</hAcc><vAcc>0.975953</vAcc></extensions></trkpt>
      <trkpt lon="-82.147004" lat="33.554960"><ele>90.242706</ele><time>2024-06-18T14:46:19Z</time><extensions><speed>1.309566</speed><course>209.828272</course><hAcc>1.808857</hAcc><vAcc>0.974642</vAcc></extensions></trkpt>
      <trkpt lon="-82.147012" lat="33.554950"><ele>90.253909</ele><time>2024-06-18T14:46:20Z</time><extensions><speed>1.411270</speed><course>210.492951</course><hAcc>1.777211</hAcc><vAcc>0.973372</vAcc></extensions></trkpt>
      <trkpt lon="-82.147021" lat="33.554939"><ele>90.265381</ele><time>2024-06-18T14:46:21Z</time><extensions><speed>1.395649</speed><course>207.788802</course><hAcc>1.789812</hAcc><vAcc>0.972126</vAcc></extensions></trkpt>
      <trkpt lon="-82.147028" lat="33.554928"><ele>90.276178</ele><time>2024-06-18T14:46:22Z</time><extensions><speed>1.299750</speed><course>198.710634</course><hAcc>1.824577</hAcc><vAcc>0.970917</vAcc></extensions></trkpt>
      <trkpt lon="-82.147034" lat="33.554917"><ele>90.287942</ele><time>2024-06-18T14:46:23Z</time><extensions><speed>1.319039</speed><course>200.493195</course><hAcc>1.792303</hAcc><vAcc>0.969767</vAcc></extensions></trkpt>
      <trkpt lon="-82.147039" lat="33.554906"><ele>90.301222</ele><time>2024-06-18T14:46:24Z</time><extensions><speed>1.321201</speed><course>192.909657</course><hAcc>1.812363</hAcc><vAcc>0.968668</vAcc></extensions></trkpt>
      <trkpt lon="-82.147044" lat="33.554895"><ele>90.314634</ele><time>2024-06-18T14:46:25Z</time><extensions><speed>1.362053</speed><course>203.453397</course><hAcc>1.761760</hAcc><vAcc>0.967623</vAcc></extensions></trkpt>
      <trkpt lon="-82.147051" lat="33.554884"><ele>90.329467</ele><time>2024-06-18T14:46:26Z</time><extensions><speed>1.379274</speed><course>207.753140</course><hAcc>1.765637</hAcc><vAcc>0.966640</vAcc></extensions></trkpt>
      <trkpt lon="-82.147059" lat="33.554873"><ele>90.344488</ele><time>2024-06-18T14:46:27Z</time><extensions><speed>1.367839</speed><course>208.382700</course><hAcc>1.798185</hAcc><vAcc>0.965710</vAcc></extensions></trkpt>
      <trkpt lon="-82.147067" lat="33.554863"><ele>90.361915</ele><time>2024-06-18T14:46:28Z</time><extensions><speed>1.414883</speed><course>216.177943</course><hAcc>1.776336</hAcc><vAcc>0.964839</vAcc></extensions></trkpt>
      <trkpt lon="-82.147077" lat="33.554853"><ele>90.377900</ele><time>2024-06-18T14:46:29Z</time><extensions><speed>1.367680</speed><course>213.219799</course><hAcc>1.808420</hAcc><vAcc>0.964070</vAcc></extensions></trkpt>
      <trkpt lon="-82.147087" lat="33.554844"><ele>90.396625</ele><time>2024-06-18T14:46:30Z</time><extensions><speed>1.415078</speed><course>224.244601</course><hAcc>1.760641</hAcc><vAcc>0.963417</vAcc></extensions></trkpt>
      <trkpt lon="-82.147099" lat="33.554835"><ele>90.418046</ele><time>2024-06-18T14:46:31Z</time><extensions><speed>1.419313</speed><course>229.045173</course><hAcc>1.773330</hAcc><vAcc>0.962901</vAcc></extensions></trkpt>
      <trkpt lon="-82.147111" lat="33.554827"><ele>90.441688</ele><time>2024-06-18T14:46:32Z</time><extensions><speed>1.344903</speed><course>226.964662</course><hAcc>1.817615</hAcc><vAcc>0.962564</vAcc></extensions></trkpt>
      <trkpt lon="-82.147123" lat="33.554818"><ele>90.467190</ele><time>2024-06-18T14:46:33Z</time><extensions><speed>1.409009</speed><course>231.263720</course><hAcc>1.777324</hAcc><vAcc>0.962395</vAcc></extensions></trkpt>
      <trkpt lon="-82.147135" lat="33.554810"><ele>90.494986</ele><time>2024-06-18T14:46:34Z</time><extensions><speed>1.344459</speed><course>226.517679</course><hAcc>1.806126</hAcc><vAcc>0.962397</vAcc></extensions></trkpt>
      <trkpt lon="-82.147146" lat="33.554802"><ele>90.521948</ele><time>2024-06-18T14:46:35Z</time><extensions><speed>1.402607</speed><course>229.796571</course><hAcc>1.763595</hAcc><vAcc>0.962568</vAcc></extensions></trkpt>
      <trkpt lon="-82.147159" lat="33.554794"><ele>90.550848</ele><time>2024-06-18T14:46:36Z</time><extensions><speed>1.405440</speed><course>230.656426</course><hAcc>1.774392</hAcc><vAcc>0.962882</vAcc></extensions></trkpt>
      <trkpt lon="-82.147171" lat="33.554786"><ele>90.581028</ele><time>2024-06-18T14:46:37Z</time><extensions><speed>1.311433</speed><course>228.411589</course><hAcc>1.815040</hAcc><vAcc>0.963326</vAcc></extensions></trkpt>
      <trkpt lon="-82.147183" lat="33.554777"><ele>90.610597</ele><time>2024-06-18T14:46:38Z</time><extensions><speed>1.404565</speed><course>229.679360</course><hAcc>1.777102</hAcc><vAcc>0.963857</vAcc></extensions></trkpt>
      <trkpt lon="-82.147196" lat="33.554769"><ele>90.643186</ele><time>2024-06-18T14:46:39Z</time><extensions><speed>1.410651</speed><course>228.211694</course><hAcc>1.774242</hAcc><vAcc>0.964462</vAcc></extensions></trkpt>
      <trkpt lon="-82.147207" lat="33.554760"><ele>90.680335</ele><time>2024-06-18T14:46:40Z</time><extensions><speed>1.308696</speed><course>225.501957</course><hAcc>1.790489</hAcc><vAcc>0.965089</vAcc></extensions></trkpt>
      <trkpt lon="-82.147219" lat="33.554751"><ele>90.718428</ele><time>2024-06-18T14:46:41Z</time><extensions><speed>1.436818</speed><course>224.763203</course><hAcc>1.753785</hAcc><vAcc>0.965666</vAcc></extensions></trkpt>
      <trkpt lon="-82.147230" lat="33.554742"><ele>90.757252</ele><time>2024-06-18T14:46:42Z</time><extensions><speed>1.381936</speed><course>221.120648</course><hAcc>1.766731</hAcc><vAcc>0.966168</vAcc></extensions></trkpt>
      <trkpt lon="-82.147240" lat="33.554732"><ele>90.798653</ele><time>2024-06-18T14:46:43Z</time><extensions><speed>1.539556</speed><course>219.832334</course><hAcc>1.727482</hAcc><vAcc>0.966541</vAcc></extensions></trkpt>
      <trkpt lon="-82.147251" lat="33.554721"><ele>90.844767</ele><time>2024-06-18T14:46:44Z</time><extensions><speed>1.548238</speed><course>221.322520</course><hAcc>1.719432</hAcc><vAcc>0.966746</vAcc></extensions></trkpt>
      <trkpt lon="-82.147262" lat="33.554712"><ele>90.891782</ele><time>2024-06-18T14:46:45Z</time><extensions><speed>1.433571</speed><course>226.152127</course><hAcc>1.728221</hAcc><vAcc>0.966749</vAcc></extensions></trkpt>
      <trkpt lon="-82.147274" lat="33.554702"><ele>90.941333</ele><time>2024-06-18T14:46:46Z</time><extensions><speed>1.531150</speed><course>228.535894</course><hAcc>1.686238</hAcc><vAcc>0.966535</vAcc></extensions></trkpt>
      <trkpt lon="-82.147286" lat="33.554693"><ele>90.993580</ele><time>2024-06-18T14:46:47Z</time><extensions><speed>1.445786</speed><course>228.217634</course><hAcc>1.709961</hAcc><vAcc>0.966094</vAcc></extensions></trkpt>
      <trkpt lon="-82.147298" lat="33.554684"><ele>91.049963</ele><time>2024-06-18T14:46:48Z</time><extensions><speed>1.597092</speed><course>228.091307</course><hAcc>1.674745</hAcc><vAcc>0.965435</vAcc></extensions></trkpt>
      <trkpt lon="-82.147311" lat="33.554674"><ele>91.109613</ele><time>2024-06-18T14:46:49Z</time><extensions><speed>1.604857</speed><course>227.364897</course><hAcc>1.673870</hAcc><vAcc>0.964579</vAcc></extensions></trkpt>
      <trkpt lon="-82.147324" lat="33.554664"><ele>91.172545</ele><time>2024-06-18T14:46:50Z</time><extensions><speed>1.511486</speed><course>226.381865</course><hAcc>1.692230</hAcc><vAcc>0.963535</vAcc></extensions></trkpt>
      <trkpt lon="-82.147336" lat="33.554654"><ele>91.240509</ele><time>2024-06-18T14:46:51Z</time><extensions><speed>1.523852</speed><course>225.365890</course><hAcc>1.666657</hAcc><vAcc>0.962332</vAcc></extensions></trkpt>
      <trkpt lon="-82.147347" lat="33.554645"><ele>91.307556</ele><time>2024-06-18T14:46:52Z</time><extensions><speed>1.468728</speed><course>224.529733</course><hAcc>1.674987</hAcc><vAcc>0.960999</vAcc></extensions></trkpt>
      <trkpt lon="-82.147359" lat="33.554635"><ele>91.375521</ele><time>2024-06-18T14:46:53Z</time><extensions><speed>1.454665</speed><course>224.931481</course><hAcc>1.645064</hAcc><vAcc>0.959582</vAcc></extensions></trkpt>
      <trkpt lon="-82.147370" lat="33.554626"><ele>91.444256</ele><time>2024-06-18T14:46:54Z</time><extensions><speed>1.441758</speed><course>225.111777</course><hAcc>1.639901</hAcc><vAcc>0.958128</vAcc></extensions></trkpt>
      <trkpt lon="-82.147381" lat="33.554618"><ele>91.511819</ele><time>2024-06-18T14:46:55Z</time><extensions><speed>1.370224</speed><course>225.901362</course><hAcc>1.691098</hAcc><vAcc>0.956692</vAcc></extensions></trkpt>
      <trkpt lon="-82.147392" lat="33.554609"><ele>91.580117</ele><time>2024-06-18T14:46:56Z</time><extensions><speed>1.412037</speed><course>225.429323</course><hAcc>1.656854</hAcc><vAcc>0.955309</vAcc></extensions></trkpt>
      <trkpt lon="-82.147403" lat="33.554600"><ele>91.651976</ele><time>2024-06-18T14:46:57Z</time><extensions><speed>1.420302</speed><course>223.958398</course><hAcc>1.677723</hAcc><vAcc>0.954055</vAcc></extensions></trkpt>
      <trkpt lon="-82.147414" lat="33.554592"><ele>91.727436</ele><time>2024-06-18T14:46:58Z</time><extensions><speed>1.396781</speed><course>223.293772</course><hAcc>1.689687</hAcc><vAcc>0.952976</vAcc></extensions></trkpt>
      <trkpt lon="-82.147425" lat="33.554583"><ele>91.809874</ele><time>2024-06-18T14:46:59Z</time><extensions><speed>1.415858</speed><course>225.921310</course><hAcc>1.655927</hAcc><vAcc>0.952097</vAcc></extensions></trkpt>
      <trkpt lon="-82.147437" lat="33.554575"><ele>91.893062</ele><time>2024-06-18T14:47:00Z</time><extensions><speed>1.397374</speed><course>228.256397</course><hAcc>1.681065</hAcc><vAcc>0.951429</vAcc></extensions></trkpt>
      <trkpt lon="-82.147449" lat="33.554567"><ele>91.973412</ele><time>2024-06-18T14:47:01Z</time><extensions><speed>1.419698</speed><course>231.057076</course><hAcc>1.661260</hAcc><vAcc>0.951004</vAcc></extensions></trkpt>
      <trkpt lon="-82.147462" lat="33.554559"><ele>92.051684</ele><time>2024-06-18T14:47:02Z</time><extensions><speed>1.421030</speed><course>232.660715</course><hAcc>1.660465</hAcc><vAcc>0.950868</vAcc></extensions></trkpt>
      <trkpt lon="-82.147475" lat="33.554552"><ele>92.126397</ele><time>2024-06-18T14:47:03Z</time><extensions><speed>1.387459</speed><course>231.246658</course><hAcc>1.684907</hAcc><vAcc>0.951020</vAcc></extensions></trkpt>
      <trkpt lon="-82.147488" lat="33.554544"><ele>92.199790</ele><time>2024-06-18T14:47:04Z</time><extensions><speed>1.412793</speed><course>232.918971</course><hAcc>1.659972</hAcc><vAcc>0.951458</vAcc></extensions></trkpt>
      <trkpt lon="-82.147500" lat="33.554537"><ele>92.270062</ele><time>2024-06-18T14:47:05Z</time><extensions><speed>1.387858</speed><course>232.516161</course><hAcc>1.664177</hAcc><vAcc>0.952144</vAcc></extensions></trkpt>
      <trkpt lon="-82.147513" lat="33.554530"><ele>92.340724</ele><time>2024-06-18T14:47:06Z</time><extensions><speed>1.421104</speed><course>235.579236</course><hAcc>1.632995</hAcc><vAcc>0.953025</vAcc></extensions></trkpt>
      <trkpt lon="-82.147526" lat="33.554523"><ele>92.408535</ele><time>2024-06-18T14:47:07Z</time><extensions><speed>1.425905</speed><course>239.536460</course><hAcc>1.634376</hAcc><vAcc>0.954082</vAcc></extensions></trkpt>
      <trkpt lon="-82.147539" lat="33.554517"><ele>92.473438</ele><time>2024-06-18T14:47:08Z</time><extensions><speed>1.337593</speed><course>238.279681</course><hAcc>1.679227</hAcc><vAcc>0.955347</vAcc></extensions></trkpt>
      <trkpt lon="-82.147552" lat="33.554511"><ele>92.535359</ele><time>2024-06-18T14:47:09Z</time><extensions><speed>1.424458</speed><course>241.836972</course><hAcc>1.658587</hAcc><vAcc>0.956823</vAcc></extensions></trkpt>
      <trkpt lon="-82.147565" lat="33.554505"><ele>92.597525</ele><time>2024-06-18T14:47:10Z</time><extensions><speed>1.391956</speed><course>242.628202</course><hAcc>1.663938</hAcc><vAcc>0.958298</vAcc></extensions></trkpt>
      <trkpt lon="-82.147579" lat="33.554500"><ele>92.657699</ele><time>2024-06-18T14:47:11Z</time><extensions><speed>1.484085</speed><course>245.515261</course><hAcc>1.621713</hAcc><vAcc>0.959692</vAcc></extensions></trkpt>
      <trkpt lon="-82.147593" lat="33.554494"><ele>92.716094</ele><time>2024-06-18T14:47:12Z</time><extensions><speed>1.491400</speed><course>244.068643</course><hAcc>1.645246</hAcc><vAcc>0.960934</vAcc></extensions></trkpt>
      <trkpt lon="-82.147606" lat="33.554488"><ele>92.770541</ele><time>2024-06-18T14:47:13Z</time><extensions><speed>1.486721</speed><course>239.604093</course><hAcc>1.703798</hAcc><vAcc>0.962151</vAcc></extensions></trkpt>
      <trkpt lon="-82.147619" lat="33.554482"><ele>92.824146</ele><time>2024-06-18T14:47:14Z</time><extensions><speed>1.457649</speed><course>237.844279</course><hAcc>1.679377</hAcc><vAcc>0.963319</vAcc></extensions></trkpt>
      <trkpt lon="-82.147631" lat="33.554475"><ele>92.875562</ele><time>2024-06-18T14:47:15Z</time><extensions><speed>1.417765</speed><course>239.379964</course><hAcc>1.660922</hAcc><vAcc>0.964396</vAcc></extensions></trkpt>
      <trkpt lon="-82.147643" lat="33.554469"><ele>92.926790</ele><time>2024-06-18T14:47:16Z</time><extensions><speed>1.439332</speed><course>238.354342</course><hAcc>1.682936</hAcc><vAcc>0.965364</vAcc></extensions></trkpt>
      <trkpt lon="-82.147656" lat="33.554462"><ele>92.977429</ele><time>2024-06-18T14:47:17Z</time><extensions><speed>1.346624</speed><course>235.778848</course><hAcc>1.657864</hAcc><vAcc>0.966194</vAcc></extensions></trkpt>
      <trkpt lon="-82.147667" lat="33.554455"><ele>93.026750</ele><time>2024-06-18T14:47:18Z</time><extensions><speed>1.368318</speed><course>234.724868</course><hAcc>1.657175</hAcc><vAcc>0.966890</vAcc></extensions></trkpt>
      <trkpt lon="-82.147678" lat="33.554449"><ele>93.076367</ele><time>2024-06-18T14:47:19Z</time><extensions><speed>1.283929</speed><course>234.564456</course><hAcc>1.627990</hAcc><vAcc>0.967442</vAcc></extensions></trkpt>
      <trkpt lon="-82.147689" lat="33.554442"><ele>93.129064</ele><time>2024-06-18T14:47:20Z</time><extensions><speed>1.270485</speed><course>234.264079</course><hAcc>1.623133</hAcc><vAcc>0.967721</vAcc></extensions></trkpt>
      <trkpt lon="-82.147700" lat="33.554436"><ele>93.182882</ele><time>2024-06-18T14:47:21Z</time><extensions><speed>1.298728</speed><course>235.513598</course><hAcc>1.638296</hAcc><vAcc>0.967729</vAcc></extensions></trkpt>
      <trkpt lon="-82.147711" lat="33.554430"><ele>93.241854</ele><time>2024-06-18T14:47:22Z</time><extensions><speed>1.207437</speed><course>238.220593</course><hAcc>1.618077</hAcc><vAcc>0.967502</vAcc></extensions></trkpt>
      <trkpt lon="-82.147722" lat="33.554425"><ele>93.303431</ele><time>2024-06-18T14:47:23Z</time><extensions><speed>1.198671</speed><course>238.676379</course><hAcc>1.617563</hAcc><vAcc>0.967006</vAcc></extensions></trkpt>
      <trkpt lon="-82.147732" lat="33.554420"><ele>93.360110</ele><time>2024-06-18T14:47:24Z</time><extensions><speed>1.086128</speed><course>239.440791</course><hAcc>1.586566</hAcc><vAcc>0.966243</vAcc></extensions></trkpt>
      <trkpt lon="-82.147741" lat="33.554416"><ele>93.412048</ele><time>2024-06-18T14:47:25Z</time><extensions><speed>1.063872</speed><course>240.687188</course><hAcc>1.615584</hAcc><vAcc>0.965196</vAcc></extensions></trkpt>
      <trkpt lon="-82.147751" lat="33.554412"><ele>93.467051</ele><time>2024-06-18T14:47:26Z</time><extensions><speed>1.156559</speed><course>240.914775</course><hAcc>1.642230</hAcc><vAcc>0.963867</vAcc></extensions></trkpt>
      <trkpt lon="-82.147762" lat="33.554408"><ele>93.527448</ele><time>2024-06-18T14:47:27Z</time><extensions><speed>1.116007</speed><course>245.098805</course><hAcc>1.587178</hAcc><vAcc>0.962277</vAcc></extensions></trkpt>
      <trkpt lon="-82.147774" lat="33.554405"><ele>93.590216</ele><time>2024-06-18T14:47:28Z</time><extensions><speed>1.198094</speed><course>246.436058</course><hAcc>1.584387</hAcc><vAcc>0.960412</vAcc></extensions></trkpt>
      <trkpt lon="-82.147785" lat="33.554402"><ele>93.655705</ele><time>2024-06-18T14:47:29Z</time><extensions><speed>1.107936</speed><course>245.522091</course><hAcc>1.562075</hAcc><vAcc>0.958261</vAcc></extensions></trkpt>
      <trkpt lon="-82.147796" lat="33.554398"><ele>93.723373</ele><time>2024-06-18T14:47:30Z</time><extensions><speed>1.132611</speed><course>241.913459</course><hAcc>1.586636</hAcc><vAcc>0.955865</vAcc></extensions></trkpt>
      <trkpt lon="-82.147808" lat="33.554393"><ele>93.791645</ele><time>2024-06-18T14:47:31Z</time><extensions><speed>1.186098</speed><course>246.528176</course><hAcc>1.574428</hAcc><vAcc>0.953293</vAcc></extensions></trkpt>
      <trkpt lon="-82.147820" lat="33.554390"><ele>93.860893</ele><time>2024-06-18T14:47:32Z</time><extensions><speed>1.141207</speed><course>245.929186</course><hAcc>1.549768</hAcc><vAcc>0.950642</vAcc></extensions></trkpt>
      <trkpt lon="-82.147832" lat="33.554386"><ele>93.927277</ele><time>2024-06-18T14:47:33Z</time><extensions><speed>1.131402</speed><course>245.037131</course><hAcc>1.537511</hAcc><vAcc>0.947965</vAcc></extensions></trkpt>
      <trkpt lon="-82.147844" lat="33.554382"><ele>93.992345</ele><time>2024-06-18T14:47:34Z</time><extensions><speed>1.162009</speed><course>245.024816</course><hAcc>1.518080</hAcc><vAcc>0.945312</vAcc></extensions></trkpt>
      <trkpt lon="-82.147856" lat="33.554379"><ele>94.068923</ele><time>2024-06-18T14:47:35Z</time><extensions><speed>1.142056</speed><course>245.529306</course><hAcc>1.480451</hAcc><vAcc>0.942770</vAcc></extensions></trkpt>
      <trkpt lon="-82.147868" lat="33.554375"><ele>94.147710</ele><time>2024-06-18T14:47:36Z</time><extensions><speed>1.151463</speed><course>246.788048</course><hAcc>1.465012</hAcc><vAcc>0.940367</vAcc></extensions></trkpt>
      <trkpt lon="-82.147880" lat="33.554372"><ele>94.223254</ele><time>2024-06-18T14:47:37Z</time><extensions><speed>1.178733</speed><course>249.853957</course><hAcc>1.425864</hAcc><vAcc>0.938104</vAcc></extensions></trkpt>
      <trkpt lon="-82.147893" lat="33.554369"><ele>94.299251</ele><time>2024-06-18T14:47:38Z</time><extensions><speed>1.224180</speed><course>253.034321</course><hAcc>1.406191</hAcc><vAcc>0.936025</vAcc></extensions></trkpt>
      <trkpt lon="-82.147906" lat="33.554366"><ele>94.375209</ele><time>2024-06-18T14:47:39Z</time><extensions><speed>1.216338</speed><course>252.819239</course><hAcc>1.414066</hAcc><vAcc>0.934150</vAcc></extensions></trkpt>
      <trkpt lon="-82.147919" lat="33.554363"><ele>94.445708</ele><time>2024-06-18T14:47:40Z</time><extensions><speed>1.259963</speed><course>251.276013</course><hAcc>1.397749</hAcc><vAcc>0.932482</vAcc></extensions></trkpt>
      <trkpt lon="-82.147932" lat="33.554360"><ele>94.516562</ele><time>2024-06-18T14:47:41Z</time><extensions><speed>1.258998</speed><course>252.980353</course><hAcc>1.391811</hAcc><vAcc>0.931006</vAcc></extensions></trkpt>
      <trkpt lon="-82.147946" lat="33.554357"><ele>94.584564</ele><time>2024-06-18T14:47:42Z</time><extensions><speed>1.332612</speed><course>250.611679</course><hAcc>1.364128</hAcc><vAcc>0.929658</vAcc></extensions></trkpt>
      <trkpt lon="-82.147961" lat="33.554353"><ele>94.652703</ele><time>2024-06-18T14:47:43Z</time><extensions><speed>1.378681</speed><course>252.287813</course><hAcc>1.348409</hAcc><vAcc>0.928421</vAcc></extensions></trkpt>
      <trkpt lon="-82.147976" lat="33.554350"><ele>94.719876</ele><time>2024-06-18T14:47:44Z</time><extensions><speed>1.349731</speed><course>255.515409</course><hAcc>1.343452</hAcc><vAcc>0.927253</vAcc></extensions></trkpt>
      <trkpt lon="-82.147991" lat="33.554348"><ele>94.784099</ele><time>2024-06-18T14:47:45Z</time><extensions><speed>1.372798</speed><course>256.870601</course><hAcc>1.319458</hAcc><vAcc>0.926078</vAcc></extensions></trkpt>
      <trkpt lon="-82.148006" lat="33.554345"><ele>94.845568</ele><time>2024-06-18T14:47:46Z</time><extensions><speed>1.344232</speed><course>255.532897</course><hAcc>1.312643</hAcc><vAcc>0.924870</vAcc></extensions></trkpt>
      <trkpt lon="-82.148020" lat="33.554342"><ele>94.902848</ele><time>2024-06-18T14:47:47Z</time><extensions><speed>1.244811</speed><course>253.760078</course><hAcc>1.310758</hAcc><vAcc>0.923579</vAcc></extensions></trkpt>
      <trkpt lon="-82.148034" lat="33.554339"><ele>94.955262</ele><time>2024-06-18T14:47:48Z</time><extensions><speed>1.343207</speed><course>250.042213</course><hAcc>1.284717</hAcc><vAcc>0.922159</vAcc></extensions></trkpt>
      <trkpt lon="-82.148048" lat="33.554335"><ele>95.003067</ele><time>2024-06-18T14:47:49Z</time><extensions><speed>1.290696</speed><course>250.982247</course><hAcc>1.284568</hAcc><vAcc>0.920619</vAcc></extensions></trkpt>
      <trkpt lon="-82.148062" lat="33.554332"><ele>95.043293</ele><time>2024-06-18T14:47:50Z</time><extensions><speed>1.369489</speed><course>253.267031</course><hAcc>1.258195</hAcc><vAcc>0.918953</vAcc></extensions></trkpt>
      <trkpt lon="-82.148076" lat="33.554328"><ele>95.079860</ele><time>2024-06-18T14:47:51Z</time><extensions><speed>1.395039</speed><course>250.840429</course><hAcc>1.267838</hAcc><vAcc>0.917181</vAcc></extensions></trkpt>
      <trkpt lon="-82.148091" lat="33.554325"><ele>95.111647</ele><time>2024-06-18T14:47:52Z</time><extensions><speed>1.319243</speed><course>254.057879</course><hAcc>1.272215</hAcc><vAcc>0.915337</vAcc></extensions></trkpt>
      <trkpt lon="-82.148106" lat="33.554322"><ele>95.131803</ele><time>2024-06-18T14:47:53Z</time><extensions><speed>1.427064</speed><course>251.709438</course><hAcc>1.254780</hAcc><vAcc>0.913466</vAcc></extensions></trkpt>
      <trkpt lon="-82.148121" lat="33.554319"><ele>95.150162</ele><time>2024-06-18T14:47:54Z</time><extensions><speed>1.387259</speed><course>253.046699</course><hAcc>1.265750</hAcc><vAcc>0.911612</vAcc></extensions></trkpt>
      <trkpt lon="-82.148136" lat="33.554315"><ele>95.161616</ele><time>2024-06-18T14:47:55Z</time><extensions><speed>1.456592</speed><course>251.814769</course><hAcc>1.242999</hAcc><vAcc>0.909832</vAcc></extensions></trkpt>
      <trkpt lon="-82.148151" lat="33.554312"><ele>95.171791</ele><time>2024-06-18T14:47:56Z</time><extensions><speed>1.462074</speed><course>251.901334</course><hAcc>1.247480</hAcc><vAcc>0.908187</vAcc></extensions></trkpt>
      <trkpt lon="-82.148166" lat="33.554308"><ele>95.184871</ele><time>2024-06-18T14:47:57Z</time><extensions><speed>1.400621</speed><course>249.834274</course><hAcc>1.276958</hAcc><vAcc>0.906737</vAcc></extensions></trkpt>
      <trkpt lon="-82.148180" lat="33.554304"><ele>95.195909</ele><time>2024-06-18T14:47:58Z</time><extensions><speed>1.408754</speed><course>245.194978</course><hAcc>1.273743</hAcc><vAcc>0.905583</vAcc></extensions></trkpt>
      <trkpt lon="-82.148194" lat="33.554299"><ele>95.213311</ele><time>2024-06-18T14:47:59Z</time><extensions><speed>1.378502</speed><course>244.757894</course><hAcc>1.280284</hAcc><vAcc>0.904745</vAcc></extensions></trkpt>
      <trkpt lon="-82.148208" lat="33.554294"><ele>95.233031</ele><time>2024-06-18T14:48:00Z</time><extensions><speed>1.386968</speed><course>243.688939</course><hAcc>1.259588</hAcc><vAcc>0.904228</vAcc></extensions></trkpt>
      <trkpt lon="-82.148222" lat="33.554288"><ele>95.256961</ele><time>2024-06-18T14:48:01Z</time><extensions><speed>1.368813</speed><course>243.056814</course><hAcc>1.264441</hAcc><vAcc>0.904020</vAcc></extensions></trkpt>
      <trkpt lon="-82.148236" lat="33.554284"><ele>95.286129</ele><time>2024-06-18T14:48:02Z</time><extensions><speed>1.359384</speed><course>252.632092</course><hAcc>1.270038</hAcc><vAcc>0.904120</vAcc></extensions></trkpt>
      <trkpt lon="-82.148251" lat="33.554280"><ele>95.320485</ele><time>2024-06-18T14:48:03Z</time><extensions><speed>1.408191</speed><course>252.000129</course><hAcc>1.279231</hAcc><vAcc>0.904500</vAcc></extensions></trkpt>
      <trkpt lon="-82.148266" lat="33.554276"><ele>95.361628</ele><time>2024-06-18T14:48:04Z</time><extensions><speed>1.402903</speed><course>249.530786</course><hAcc>1.303371</hAcc><vAcc>0.905102</vAcc></extensions></trkpt>
      <trkpt lon="-82.148280" lat="33.554273"><ele>95.401280</ele><time>2024-06-18T14:48:05Z</time><extensions><speed>1.380536</speed><course>258.582229</course><hAcc>1.296762</hAcc><vAcc>0.905810</vAcc></extensions></trkpt>
      <trkpt lon="-82.148295" lat="33.554271"><ele>95.437732</ele><time>2024-06-18T14:48:06Z</time><extensions><speed>1.366031</speed><course>249.371603</course><hAcc>1.309740</hAcc><vAcc>0.906535</vAcc></extensions></trkpt>
      <trkpt lon="-82.148308" lat="33.554268"><ele>95.476265</ele><time>2024-06-18T14:48:07Z</time><extensions><speed>1.331568</speed><course>251.035767</course><hAcc>1.313479</hAcc><vAcc>0.907233</vAcc></extensions></trkpt>
      <trkpt lon="-82.148322" lat="33.554265"><ele>95.513192</ele><time>2024-06-18T14:48:08Z</time><extensions><speed>1.364780</speed><course>252.484796</course><hAcc>1.293385</hAcc><vAcc>0.907819</vAcc></extensions></trkpt>
      <trkpt lon="-82.148336" lat="33.554262"><ele>95.544969</ele><time>2024-06-18T14:48:09Z</time><extensions><speed>1.359736</speed><course>254.990961</course><hAcc>1.292533</hAcc><vAcc>0.908234</vAcc></extensions></trkpt>
      <trkpt lon="-82.148350" lat="33.554260"><ele>95.568803</ele><time>2024-06-18T14:48:10Z</time><extensions><speed>1.333439</speed><course>256.039803</course><hAcc>1.291449</hAcc><vAcc>0.908441</vAcc></extensions></trkpt>
      <trkpt lon="-82.148364" lat="33.554257"><ele>95.592077</ele><time>2024-06-18T14:48:11Z</time><extensions><speed>1.343743</speed><course>253.633937</course><hAcc>1.273643</hAcc><vAcc>0.908407</vAcc></extensions></trkpt>
      <trkpt lon="-82.148377" lat="33.554254"><ele>95.620537</ele><time>2024-06-18T14:48:12Z</time><extensions><speed>1.356568</speed><course>249.793775</course><hAcc>1.291063</hAcc><vAcc>0.908126</vAcc></extensions></trkpt>
      <trkpt lon="-82.148391" lat="33.554251"><ele>95.646712</ele><time>2024-06-18T14:48:13Z</time><extensions><speed>1.357127</speed><course>252.567852</course><hAcc>1.267238</hAcc><vAcc>0.907611</vAcc></extensions></trkpt>
      <trkpt lon="-82.148405" lat="33.554248"><ele>95.663195</ele><time>2024-06-18T14:48:14Z</time><extensions><speed>1.359857</speed><course>255.223877</course><hAcc>1.272418</hAcc><vAcc>0.906884</vAcc></extensions></trkpt>
      <trkpt lon="-82.148419" lat="33.554245"><ele>95.663588</ele><time>2024-06-18T14:48:15Z</time><extensions><speed>1.392978</speed><course>255.497379</course><hAcc>1.292736</hAcc><vAcc>0.905963</vAcc></extensions></trkpt>
      <trkpt lon="-82.148433" lat="33.554243"><ele>95.656461</ele><time>2024-06-18T14:48:16Z</time><extensions><speed>1.281864</speed><course>256.393155</course><hAcc>1.269726</hAcc><vAcc>0.904917</vAcc></extensions></trkpt>
      <trkpt lon="-82.148447" lat="33.554242"><ele>95.638796</ele><time>2024-06-18T14:48:17Z</time><extensions><speed>1.249356</speed><course>260.743070</course><hAcc>1.262837</hAcc><vAcc>0.903856</vAcc></extensions></trkpt>
      <trkpt lon="-82.148460" lat="33.554240"><ele>95.614608</ele><time>2024-06-18T14:48:18Z</time><extensions><speed>1.161012</speed><course>255.552528</course><hAcc>1.281177</hAcc><vAcc>0.902826</vAcc></extensions></trkpt>
      <trkpt lon="-82.148472" lat="33.554239"><ele>95.582605</ele><time>2024-06-18T14:48:19Z</time><extensions><speed>1.160626</speed><course>256.323538</course><hAcc>1.284371</hAcc><vAcc>0.901876</vAcc></extensions></trkpt>
      <trkpt lon="-82.148484" lat="33.554237"><ele>95.543136</ele><time>2024-06-18T14:48:20Z</time><extensions><speed>1.208734</speed><course>251.139066</course><hAcc>1.301330</hAcc><vAcc>0.901054</vAcc></extensions></trkpt>
      <trkpt lon="-82.148496" lat="33.554235"><ele>95.503568</ele><time>2024-06-18T14:48:21Z</time><extensions><speed>1.145391</speed><course>252.254468</course><hAcc>1.272172</hAcc><vAcc>0.900381</vAcc></extensions></trkpt>
      <trkpt lon="-82.148508" lat="33.554233"><ele>95.464219</ele><time>2024-06-18T14:48:22Z</time><extensions><speed>1.152608</speed><course>260.292289</course><hAcc>1.258759</hAcc><vAcc>0.899866</vAcc></extensions></trkpt>
      <trkpt lon="-82.148520" lat="33.554232"><ele>95.415835</ele><time>2024-06-18T14:48:23Z</time><extensions><speed>1.184622</speed><course>256.013491</course><hAcc>1.281723</hAcc><vAcc>0.899573</vAcc></extensions></trkpt>
      <trkpt lon="-82.148533" lat="33.554230"><ele>95.362667</ele><time>2024-06-18T14:48:24Z</time><extensions><speed>1.139162</speed><course>253.004327</course><hAcc>1.266508</hAcc><vAcc>0.899538</vAcc></extensions></trkpt>
      <trkpt lon="-82.148545" lat="33.554228"><ele>95.302983</ele><time>2024-06-18T14:48:25Z</time><extensions><speed>1.181196</speed><course>251.395942</course><hAcc>1.269100</hAcc><vAcc>0.899759</vAcc></extensions></trkpt>
      <trkpt lon="-82.148557" lat="33.554226"><ele>95.233764</ele><time>2024-06-18T14:48:26Z</time><extensions><speed>1.133661</speed><course>251.844070</course><hAcc>1.245719</hAcc><vAcc>0.900232</vAcc></extensions></trkpt>
      <trkpt lon="-82.148569" lat="33.554224"><ele>95.165034</ele><time>2024-06-18T14:48:27Z</time><extensions><speed>1.156457</speed><course>255.074478</course><hAcc>1.241815</hAcc><vAcc>0.900925</vAcc></extensions></trkpt>
      <trkpt lon="-82.148582" lat="33.554222"><ele>95.098309</ele><time>2024-06-18T14:48:28Z</time><extensions><speed>1.190375</speed><course>253.931138</course><hAcc>1.258153</hAcc><vAcc>0.901826</vAcc></extensions></trkpt>
      <trkpt lon="-82.148595" lat="33.554220"><ele>95.030451</ele><time>2024-06-18T14:48:29Z</time><extensions><speed>1.173176</speed><course>253.719992</course><hAcc>1.238016</hAcc><vAcc>0.902905</vAcc></extensions></trkpt>
      <trkpt lon="-82.148608" lat="33.554218"><ele>94.955063</ele><time>2024-06-18T14:48:30Z</time><extensions><speed>1.200833</speed><course>257.321721</course><hAcc>1.242185</hAcc><vAcc>0.904104</vAcc></extensions></trkpt>
      <trkpt lon="-82.148620" lat="33.554216"><ele>94.878510</ele><time>2024-06-18T14:48:31Z</time><extensions><speed>1.147967</speed><course>251.952371</course><hAcc>1.231929</hAcc><vAcc>0.905398</vAcc></extensions></trkpt>
      <trkpt lon="-82.148633" lat="33.554214"><ele>94.802683</ele><time>2024-06-18T14:48:32Z</time><extensions><speed>1.197496</speed><course>266.805236</course><hAcc>1.227844</hAcc><vAcc>0.906701</vAcc></extensions></trkpt>
      <trkpt lon="-82.148646" lat="33.554213"><ele>94.728966</ele><time>2024-06-18T14:48:33Z</time><extensions><speed>1.163258</speed><course>254.682425</course><hAcc>1.269863</hAcc><vAcc>0.908022</vAcc></extensions></trkpt>
      <trkpt lon="-82.148659" lat="33.554211"><ele>94.655268</ele><time>2024-06-18T14:48:34Z</time><extensions><speed>1.240587</speed><course>259.364180</course><hAcc>1.244347</hAcc><vAcc>0.909277</vAcc></extensions></trkpt>
      <trkpt lon="-82.148673" lat="33.554210"><ele>94.583583</ele><time>2024-06-18T14:48:35Z</time><extensions><speed>1.252545</speed><course>257.628593</course><hAcc>1.248313</hAcc><vAcc>0.910414</vAcc></extensions></trkpt>
      <trkpt lon="-82.148687" lat="33.554208"><ele>94.506941</ele><time>2024-06-18T14:48:36Z</time><extensions><speed>1.214721</speed><course>255.807494</course><hAcc>1.259628</hAcc><vAcc>0.911379</vAcc></extensions></trkpt>
      <trkpt lon="-82.148701" lat="33.554206"><ele>94.428986</ele><time>2024-06-18T14:48:37Z</time><extensions><speed>1.276087</speed><course>256.014871</course><hAcc>1.237739</hAcc><vAcc>0.912203</vAcc></extensions></trkpt>
      <trkpt lon="-82.148715" lat="33.554204"><ele>94.344762</ele><time>2024-06-18T14:48:38Z</time><extensions><speed>1.252845</speed><course>258.188769</course><hAcc>1.242498</hAcc><vAcc>0.912886</vAcc></extensions></trkpt>
      <trkpt lon="-82.148730" lat="33.554202"><ele>94.255292</ele><time>2024-06-18T14:48:39Z</time><extensions><speed>1.342532</speed><course>258.539124</course><hAcc>1.222914</hAcc><vAcc>0.913393</vAcc></extensions></trkpt>
      <trkpt lon="-82.148745" lat="33.554200"><ele>94.170223</ele><time>2024-06-18T14:48:40Z</time><extensions><speed>1.342236</speed><course>254.841612</course><hAcc>1.234658</hAcc><vAcc>0.913706</vAcc></extensions></trkpt>
      <trkpt lon="-82.148759" lat="33.554197"><ele>94.085947</ele><time>2024-06-18T14:48:41Z</time><extensions><speed>1.268422</speed><course>248.246216</course><hAcc>1.259761</hAcc><vAcc>0.913847</vAcc></extensions></trkpt>
      <trkpt lon="-82.148773" lat="33.554194"><ele>94.005216</ele><time>2024-06-18T14:48:42Z</time><extensions><speed>1.338717</speed><course>247.393816</course><hAcc>1.236563</hAcc><vAcc>0.913906</vAcc></extensions></trkpt>
      <trkpt lon="-82.148787" lat="33.554189"><ele>93.936176</ele><time>2024-06-18T14:48:43Z</time><extensions><speed>1.304109</speed><course>244.776538</course><hAcc>1.243706</hAcc><vAcc>0.913902</vAcc></extensions></trkpt>
      <trkpt lon="-82.148801" lat="33.554185"><ele>93.881903</ele><time>2024-06-18T14:48:44Z</time><extensions><speed>1.404830</speed><course>246.270732</course><hAcc>1.218377</hAcc><vAcc>0.913915</vAcc></extensions></trkpt>
      <trkpt lon="-82.148816" lat="33.554181"><ele>93.838230</ele><time>2024-06-18T14:48:45Z</time><extensions><speed>1.425300</speed><course>248.057668</course><hAcc>1.218291</hAcc><vAcc>0.913966</vAcc></extensions></trkpt>
      <trkpt lon="-82.148831" lat="33.554177"><ele>93.801297</ele><time>2024-06-18T14:48:46Z</time><extensions><speed>1.345282</speed><course>249.461425</course><hAcc>1.229429</hAcc><vAcc>0.914072</vAcc></extensions></trkpt>
      <trkpt lon="-82.148846" lat="33.554173"><ele>93.776303</ele><time>2024-06-18T14:48:47Z</time><extensions><speed>1.451548</speed><course>250.148636</course><hAcc>1.206542</hAcc><vAcc>0.914297</vAcc></extensions></trkpt>
      <trkpt lon="-82.148861" lat="33.554169"><ele>93.767686</ele><time>2024-06-18T14:48:48Z</time><extensions><speed>1.375412</speed><course>252.241208</course><hAcc>1.216661</hAcc><vAcc>0.914618</vAcc></extensions></trkpt>
      <trkpt lon="-82.148876" lat="33.554165"><ele>93.769456</ele><time>2024-06-18T14:48:49Z</time><extensions><speed>1.500682</speed><course>249.047600</course><hAcc>1.203429</hAcc><vAcc>0.915093</vAcc></extensions></trkpt>
      <trkpt lon="-82.148892" lat="33.554161"><ele>93.786289</ele><time>2024-06-18T14:48:50Z</time><extensions><speed>1.516559</speed><course>250.321239</course><hAcc>1.206559</hAcc><vAcc>0.915837</vAcc></extensions></trkpt>
      <trkpt lon="-82.148908" lat="33.554157"><ele>93.818645</ele><time>2024-06-18T14:48:51Z</time><extensions><speed>1.416984</speed><course>253.876478</course><hAcc>1.222998</hAcc><vAcc>0.916837</vAcc></extensions></trkpt>
      <trkpt lon="-82.148923" lat="33.554153"><ele>93.868858</ele><time>2024-06-18T14:48:52Z</time><extensions><speed>1.505859</speed><course>250.332782</course><hAcc>1.218657</hAcc><vAcc>0.918116</vAcc></extensions></trkpt>
      <trkpt lon="-82.148939" lat="33.554149"><ele>93.928896</ele><time>2024-06-18T14:48:53Z</time><extensions><speed>1.417261</speed><course>254.389011</course><hAcc>1.232914</hAcc><vAcc>0.919662</vAcc></extensions></trkpt>
      <trkpt lon="-82.148954" lat="33.554145"><ele>93.990889</ele><time>2024-06-18T14:48:54Z</time><extensions><speed>1.534433</speed><course>252.268992</course><hAcc>1.236960</hAcc><vAcc>0.921455</vAcc></extensions></trkpt>
      <trkpt lon="-82.148970" lat="33.554141"><ele>94.057384</ele><time>2024-06-18T14:48:55Z</time><extensions><speed>1.522514</speed><course>252.319984</course><hAcc>1.265556</hAcc><vAcc>0.923462</vAcc></extensions></trkpt>
      <trkpt lon="-82.148985" lat="33.554137"><ele>94.121393</ele><time>2024-06-18T14:48:56Z</time><extensions><speed>1.433417</speed><course>248.650553</course><hAcc>1.300128</hAcc><vAcc>0.925581</vAcc></extensions></trkpt>
      <trkpt lon="-82.149000" lat="33.554133"><ele>94.181101</ele><time>2024-06-18T14:48:57Z</time><extensions><speed>1.507262</speed><course>253.991751</course><hAcc>1.281617</hAcc><vAcc>0.927762</vAcc></extensions></trkpt>
      <trkpt lon="-82.149017" lat="33.554130"><ele>94.240726</ele><time>2024-06-18T14:48:58Z</time><extensions><speed>1.515023</speed><course>260.413618</course><hAcc>1.304343</hAcc><vAcc>0.929957</vAcc></extensions></trkpt>
      <trkpt lon="-82.149033" lat="33.554128"><ele>94.297219</ele><time>2024-06-18T14:48:59Z</time><extensions><speed>1.429442</speed><course>260.108053</course><hAcc>1.360199</hAcc><vAcc>0.932128</vAcc></extensions></trkpt>
      <trkpt lon="-82.149048" lat="33.554126"><ele>94.349321</ele><time>2024-06-18T14:49:00Z</time><extensions><speed>1.493838</speed><course>260.933654</course><hAcc>1.357509</hAcc><vAcc>0.934262</vAcc></extensions></trkpt>
      <trkpt lon="-82.149064" lat="33.554124"><ele>94.398853</ele><time>2024-06-18T14:49:01Z</time><extensions><speed>1.442171</speed><course>264.298141</course><hAcc>1.375006</hAcc><vAcc>0.936415</vAcc></extensions></trkpt>
      <trkpt lon="-82.149080" lat="33.554123"><ele>94.449902</ele><time>2024-06-18T14:49:02Z</time><extensions><speed>1.485518</speed><course>264.106823</course><hAcc>1.384876</hAcc><vAcc>0.938555</vAcc></extensions></trkpt>
      <trkpt lon="-82.149096" lat="33.554121"><ele>94.494404</ele><time>2024-06-18T14:49:03Z</time><extensions><speed>1.441345</speed><course>262.938608</course><hAcc>1.420857</hAcc><vAcc>0.940644</vAcc></extensions></trkpt>
      <trkpt lon="-82.149112" lat="33.554119"><ele>94.539119</ele><time>2024-06-18T14:49:04Z</time><extensions><speed>1.381655</speed><course>262.275765</course><hAcc>1.442410</hAcc><vAcc>0.942635</vAcc></extensions></trkpt>
      <trkpt lon="-82.149127" lat="33.554117"><ele>94.582281</ele><time>2024-06-18T14:49:05Z</time><extensions><speed>1.406215</speed><course>262.339691</course><hAcc>1.440028</hAcc><vAcc>0.944443</vAcc></extensions></trkpt>
      <trkpt lon="-82.149141" lat="33.554116"><ele>94.624665</ele><time>2024-06-18T14:49:06Z</time><extensions><speed>1.364143</speed><course>266.831914</course><hAcc>1.455939</hAcc><vAcc>0.946053</vAcc></extensions></trkpt>
      <trkpt lon="-82.149156" lat="33.554115"><ele>94.666052</ele><time>2024-06-18T14:49:07Z</time><extensions><speed>1.409692</speed><course>267.811815</course><hAcc>1.441229</hAcc><vAcc>0.947451</vAcc></extensions></trkpt>
      <trkpt lon="-82.149172" lat="33.554114"><ele>94.708599</ele><time>2024-06-18T14:49:08Z</time><extensions><speed>1.414481</speed><course>266.405627</course><hAcc>1.448044</hAcc><vAcc>0.948642</vAcc></extensions></trkpt>
      <trkpt lon="-82.149187" lat="33.554113"><ele>94.752925</ele><time>2024-06-18T14:49:09Z</time><extensions><speed>1.375521</speed><course>266.050981</course><hAcc>1.499211</hAcc><vAcc>0.949627</vAcc></extensions></trkpt>
      <trkpt lon="-82.149201" lat="33.554113"><ele>94.800824</ele><time>2024-06-18T14:49:10Z</time><extensions><speed>1.402158</speed><course>267.424471</course><hAcc>1.510842</hAcc><vAcc>0.950369</vAcc></extensions></trkpt>
      <trkpt lon="-82.149217" lat="33.554111"><ele>94.853404</ele><time>2024-06-18T14:49:11Z</time><extensions><speed>1.393317</speed><course>264.859580</course><hAcc>1.507862</hAcc><vAcc>0.950899</vAcc></extensions></trkpt>
      <trkpt lon="-82.149232" lat="33.554110"><ele>94.910131</ele><time>2024-06-18T14:49:12Z</time><extensions><speed>1.372204</speed><course>261.685074</course><hAcc>1.533350</hAcc><vAcc>0.951211</vAcc></extensions></trkpt>
      <trkpt lon="-82.149246" lat="33.554107"><ele>94.974062</ele><time>2024-06-18T14:49:13Z</time><extensions><speed>1.382114</speed><course>261.688377</course><hAcc>1.556346</hAcc><vAcc>0.951236</vAcc></extensions></trkpt>
      <trkpt lon="-82.149261" lat="33.554105"><ele>95.040244</ele><time>2024-06-18T14:49:14Z</time><extensions><speed>1.364939</speed><course>262.744308</course><hAcc>1.565393</hAcc><vAcc>0.950930</vAcc></extensions></trkpt>
      <trkpt lon="-82.149276" lat="33.554103"><ele>95.102351</ele><time>2024-06-18T14:49:15Z</time><extensions><speed>1.338380</speed><course>263.197813</course><hAcc>1.535045</hAcc><vAcc>0.950272</vAcc></extensions></trkpt>
      <trkpt lon="-82.149290" lat="33.554100"><ele>95.160533</ele><time>2024-06-18T14:49:16Z</time><extensions><speed>1.330088</speed><course>262.303734</course><hAcc>1.514369</hAcc><vAcc>0.949223</vAcc></extensions></trkpt>
      <trkpt lon="-82.149304" lat="33.554098"><ele>95.210907</ele><time>2024-06-18T14:49:17Z</time><extensions><speed>1.288990</speed><course>262.334729</course><hAcc>1.505543</hAcc><vAcc>0.947770</vAcc></extensions></trkpt>
      <trkpt lon="-82.149318" lat="33.554095"><ele>95.257812</ele><time>2024-06-18T14:49:18Z</time><extensions><speed>1.303175</speed><course>263.094638</course><hAcc>1.469166</hAcc><vAcc>0.945907</vAcc></extensions></trkpt>
      <trkpt lon="-82.149332" lat="33.554092"><ele>95.295813</ele><time>2024-06-18T14:49:19Z</time><extensions><speed>1.268857</speed><course>262.283224</course><hAcc>1.455008</hAcc><vAcc>0.943693</vAcc></extensions></trkpt>
      <trkpt lon="-82.149346" lat="33.554090"><ele>95.325842</ele><time>2024-06-18T14:49:20Z</time><extensions><speed>1.301161</speed><course>263.190411</course><hAcc>1.423968</hAcc><vAcc>0.941171</vAcc></extensions></trkpt>
      <trkpt lon="-82.149360" lat="33.554087"><ele>95.352601</ele><time>2024-06-18T14:49:21Z</time><extensions><speed>1.309348</speed><course>264.145275</course><hAcc>1.409011</hAcc><vAcc>0.938378</vAcc></extensions></trkpt>
      <trkpt lon="-82.149374" lat="33.554085"><ele>95.380300</ele><time>2024-06-18T14:49:22Z</time><extensions><speed>1.292897</speed><course>261.822078</course><hAcc>1.404234</hAcc><vAcc>0.935422</vAcc></extensions></trkpt>
      <trkpt lon="-82.149388" lat="33.554082"><ele>95.401512</ele><time>2024-06-18T14:49:23Z</time><extensions><speed>1.358069</speed><course>258.090517</course><hAcc>1.366967</hAcc><vAcc>0.932334</vAcc></extensions></trkpt>
      <trkpt lon="-82.149402" lat="33.554078"><ele>95.420236</ele><time>2024-06-18T14:49:24Z</time><extensions><speed>1.333829</speed><course>260.553349</course><hAcc>1.368012</hAcc><vAcc>0.929209</vAcc></extensions></trkpt>
      <trkpt lon="-82.149416" lat="33.554075"><ele>95.434457</ele><time>2024-06-18T14:49:25Z</time><extensions><speed>1.344748</speed><course>257.319732</course><hAcc>1.329901</hAcc><vAcc>0.926103</vAcc></extensions></trkpt>
      <trkpt lon="-82.149430" lat="33.554071"><ele>95.448738</ele><time>2024-06-18T14:49:26Z</time><extensions><speed>1.345604</speed><course>258.025812</course><hAcc>1.320406</hAcc><vAcc>0.923064</vAcc></extensions></trkpt>
      <trkpt lon="-82.149444" lat="33.554066"><ele>95.467333</ele><time>2024-06-18T14:49:27Z</time><extensions><speed>1.322735</speed><course>251.222655</course><hAcc>1.316868</hAcc><vAcc>0.920150</vAcc></extensions></trkpt>
      <trkpt lon="-82.149458" lat="33.554061"><ele>95.491006</ele><time>2024-06-18T14:49:28Z</time><extensions><speed>1.407880</speed><course>250.226510</course><hAcc>1.292589</hAcc><vAcc>0.917414</vAcc></extensions></trkpt>
      <trkpt lon="-82.149472" lat="33.554057"><ele>95.517686</ele><time>2024-06-18T14:49:29Z</time><extensions><speed>1.400436</speed><course>255.718870</course><hAcc>1.289633</hAcc><vAcc>0.914906</vAcc></extensions></trkpt>
      <trkpt lon="-82.149487" lat="33.554053"><ele>95.546549</ele><time>2024-06-18T14:49:30Z</time><extensions><speed>1.363729</speed><course>255.491107</course><hAcc>1.289219</hAcc><vAcc>0.912699</vAcc></extensions></trkpt>
      <trkpt lon="-82.149501" lat="33.554049"><ele>95.572202</ele><time>2024-06-18T14:49:31Z</time><extensions><speed>1.394818</speed><course>255.689987</course><hAcc>1.268237</hAcc><vAcc>0.910859</vAcc></extensions></trkpt>
      <trkpt lon="-82.149515" lat="33.554045"><ele>95.599067</ele><time>2024-06-18T14:49:32Z</time><extensions><speed>1.364635</speed><course>255.408668</course><hAcc>1.269488</hAcc><vAcc>0.909424</vAcc></extensions></trkpt>
      <trkpt lon="-82.149530" lat="33.554041"><ele>95.629219</ele><time>2024-06-18T14:49:33Z</time><extensions><speed>1.389248</speed><course>255.659903</course><hAcc>1.244996</hAcc><vAcc>0.908384</vAcc></extensions></trkpt>
      <trkpt lon="-82.149544" lat="33.554037"><ele>95.662230</ele><time>2024-06-18T14:49:34Z</time><extensions><speed>1.391109</speed><course>253.936155</course><hAcc>1.238930</hAcc><vAcc>0.907710</vAcc></extensions></trkpt>
      <trkpt lon="-82.149559" lat="33.554033"><ele>95.699215</ele><time>2024-06-18T14:49:35Z</time><extensions><speed>1.367273</speed><course>253.425465</course><hAcc>1.247172</hAcc><vAcc>0.907405</vAcc></extensions></trkpt>
      <trkpt lon="-82.149574" lat="33.554029"><ele>95.735906</ele><time>2024-06-18T14:49:36Z</time><extensions><speed>1.426424</speed><course>251.753424</course><hAcc>1.223421</hAcc><vAcc>0.907441</vAcc></extensions></trkpt>
      <trkpt lon="-82.149589" lat="33.554024"><ele>95.768538</ele><time>2024-06-18T14:49:37Z</time><extensions><speed>1.367764</speed><course>252.376278</course><hAcc>1.237092</hAcc><vAcc>0.907817</vAcc></extensions></trkpt>
      <trkpt lon="-82.149605" lat="33.554020"><ele>95.797910</ele><time>2024-06-18T14:49:38Z</time><extensions><speed>1.445716</speed><course>252.913446</course><hAcc>1.214324</hAcc><vAcc>0.908482</vAcc></extensions></trkpt>
      <trkpt lon="-82.149621" lat="33.554015"><ele>95.822994</ele><time>2024-06-18T14:49:39Z</time><extensions><speed>1.462980</speed><course>252.190787</course><hAcc>1.216316</hAcc><vAcc>0.909393</vAcc></extensions></trkpt>
      <trkpt lon="-82.149636" lat="33.554010"><ele>95.842703</ele><time>2024-06-18T14:49:40Z</time><extensions><speed>1.381088</speed><course>249.588670</course><hAcc>1.223919</hAcc><vAcc>0.910499</vAcc></extensions></trkpt>
      <trkpt lon="-82.149651" lat="33.554006"><ele>95.863471</ele><time>2024-06-18T14:49:41Z</time><extensions><speed>1.455719</speed><course>249.809636</course><hAcc>1.216747</hAcc><vAcc>0.911726</vAcc></extensions></trkpt>
      <trkpt lon="-82.149666" lat="33.554000"><ele>95.882498</ele><time>2024-06-18T14:49:42Z</time><extensions><speed>1.365359</speed><course>247.230881</course><hAcc>1.223014</hAcc><vAcc>0.913008</vAcc></extensions></trkpt>
      <trkpt lon="-82.149682" lat="33.553995"><ele>95.898622</ele><time>2024-06-18T14:49:43Z</time><extensions><speed>1.541440</speed><course>247.997066</course><hAcc>1.212095</hAcc><vAcc>0.914259</vAcc></extensions></trkpt>
      <trkpt lon="-82.149698" lat="33.553990"><ele>95.912081</ele><time>2024-06-18T14:49:44Z</time><extensions><speed>1.573982</speed><course>249.473565</course><hAcc>1.217161</hAcc><vAcc>0.915426</vAcc></extensions></trkpt>
      <trkpt lon="-82.149714" lat="33.553984"><ele>95.915934</ele><time>2024-06-18T14:49:45Z</time><extensions><speed>1.466906</speed><course>250.106511</course><hAcc>1.227820</hAcc><vAcc>0.916469</vAcc></extensions></trkpt>
      <trkpt lon="-82.149730" lat="33.553979"><ele>95.916027</ele><time>2024-06-18T14:49:46Z</time><extensions><speed>1.625757</speed><course>249.327105</course><hAcc>1.203250</hAcc><vAcc>0.917340</vAcc></extensions></trkpt>
      <trkpt lon="-82.149746" lat="33.553974"><ele>95.915540</ele><time>2024-06-18T14:49:47Z</time><extensions><speed>1.651785</speed><course>249.422146</course><hAcc>1.223102</hAcc><vAcc>0.918003</vAcc></extensions></trkpt>
      <trkpt lon="-82.149762" lat="33.553969"><ele>95.915068</ele><time>2024-06-18T14:49:48Z</time><extensions><speed>1.519674</speed><course>250.305059</course><hAcc>1.258188</hAcc><vAcc>0.918433</vAcc></extensions></trkpt>
      <trkpt lon="-82.149779" lat="33.553964"><ele>95.916486</ele><time>2024-06-18T14:49:49Z</time><extensions><speed>1.702077</speed><course>250.910876</course><hAcc>1.252989</hAcc><vAcc>0.918615</vAcc></extensions></trkpt>
      <trkpt lon="-82.149796" lat="33.553958"><ele>95.924181</ele><time>2024-06-18T14:49:50Z</time><extensions><speed>1.601268</speed><course>250.707760</course><hAcc>1.258634</hAcc><vAcc>0.918522</vAcc></extensions></trkpt>
      <trkpt lon="-82.149813" lat="33.553954"><ele>95.933464</ele><time>2024-06-18T14:49:51Z</time><extensions><speed>1.687196</speed><course>250.962944</course><hAcc>1.245910</hAcc><vAcc>0.918170</vAcc></extensions></trkpt>
      <trkpt lon="-82.149830" lat="33.553949"><ele>95.951603</ele><time>2024-06-18T14:49:52Z</time><extensions><speed>1.680221</speed><course>250.963228</course><hAcc>1.247907</hAcc><vAcc>0.917633</vAcc></extensions></trkpt>
      <trkpt lon="-82.149847" lat="33.553944"><ele>95.965739</ele><time>2024-06-18T14:49:53Z</time><extensions><speed>1.594836</speed><course>251.449913</course><hAcc>1.258902</hAcc><vAcc>0.916962</vAcc></extensions></trkpt>
      <trkpt lon="-82.149863" lat="33.553940"><ele>95.976410</ele><time>2024-06-18T14:49:54Z</time><extensions><speed>1.608958</speed><course>251.323461</course><hAcc>1.231921</hAcc><vAcc>0.916212</vAcc></extensions></trkpt>
      <trkpt lon="-82.149879" lat="33.553935"><ele>95.989586</ele><time>2024-06-18T14:49:55Z</time><extensions><speed>1.562173</speed><course>252.871806</course><hAcc>1.256775</hAcc><vAcc>0.915455</vAcc></extensions></trkpt>
      <trkpt lon="-82.149895" lat="33.553932"><ele>96.009730</ele><time>2024-06-18T14:49:56Z</time><extensions><speed>1.542318</speed><course>254.118313</course><hAcc>1.243844</hAcc><vAcc>0.914765</vAcc></extensions></trkpt>
      <trkpt lon="-82.149910" lat="33.553928"><ele>96.025791</ele><time>2024-06-18T14:49:57Z</time><extensions><speed>1.488882</speed><course>253.774862</course><hAcc>1.240946</hAcc><vAcc>0.914172</vAcc></extensions></trkpt>
      <trkpt lon="-82.149925" lat="33.553925"><ele>96.026295</ele><time>2024-06-18T14:49:58Z</time><extensions><speed>1.439221</speed><course>253.158619</course><hAcc>1.257096</hAcc><vAcc>0.913784</vAcc></extensions></trkpt>
      <trkpt lon="-82.149939" lat="33.553922"><ele>96.024546</ele><time>2024-06-18T14:49:59Z</time><extensions><speed>1.425354</speed><course>255.012946</course><hAcc>1.233803</hAcc><vAcc>0.913649</vAcc></extensions></trkpt>
      <trkpt lon="-82.149954" lat="33.553919"><ele>96.027354</ele><time>2024-06-18T14:50:00Z</time><extensions><speed>1.434211</speed><course>254.249810</course><hAcc>1.255731</hAcc><vAcc>0.913822</vAcc></extensions></trkpt>
      <trkpt lon="-82.149968" lat="33.553915"><ele>96.031565</ele><time>2024-06-18T14:50:01Z</time><extensions><speed>1.395676</speed><course>250.153170</course><hAcc>1.236733</hAcc><vAcc>0.914277</vAcc></extensions></trkpt>
      <trkpt lon="-82.149981" lat="33.553911"><ele>96.039087</ele><time>2024-06-18T14:50:02Z</time><extensions><speed>1.383037</speed><course>248.963985</course><hAcc>1.241858</hAcc><vAcc>0.915105</vAcc></extensions></trkpt>
      <trkpt lon="-82.149995" lat="33.553906"><ele>96.047101</ele><time>2024-06-18T14:50:03Z</time><extensions><speed>1.430282</speed><course>247.664653</course><hAcc>1.274586</hAcc><vAcc>0.916273</vAcc></extensions></trkpt>
      <trkpt lon="-82.150009" lat="33.553902"><ele>96.056050</ele><time>2024-06-18T14:50:04Z</time><extensions><speed>1.348326</speed><course>247.408851</course><hAcc>1.270834</hAcc><vAcc>0.917803</vAcc></extensions></trkpt>
      <trkpt lon="-82.150023" lat="33.553897"><ele>96.063381</ele><time>2024-06-18T14:50:05Z</time><extensions><speed>1.326651</speed><course>246.817368</course><hAcc>1.292795</hAcc><vAcc>0.919703</vAcc></extensions></trkpt>
      <trkpt lon="-82.150036" lat="33.553892"><ele>96.062035</ele><time>2024-06-18T14:50:06Z</time><extensions><speed>1.333547</speed><course>245.650729</course><hAcc>1.328432</hAcc><vAcc>0.921893</vAcc></extensions></trkpt>
      <trkpt lon="-82.150048" lat="33.553887"><ele>96.057981</ele><time>2024-06-18T14:50:07Z</time><extensions><speed>1.246267</speed><course>243.988100</course><hAcc>1.329645</hAcc><vAcc>0.924293</vAcc></extensions></trkpt>
      <trkpt lon="-82.150060" lat="33.553882"><ele>96.056579</ele><time>2024-06-18T14:50:08Z</time><extensions><speed>1.277727</speed><course>242.723955</course><hAcc>1.340233</hAcc><vAcc>0.926832</vAcc></extensions></trkpt>
      <trkpt lon="-82.150072" lat="33.553876"><ele>96.053882</ele><time>2024-06-18T14:50:09Z</time><extensions><speed>1.240866</speed><course>242.420794</course><hAcc>1.326003</hAcc><vAcc>0.929427</vAcc></extensions></trkpt>
      <trkpt lon="-82.150084" lat="33.553871"><ele>96.045183</ele><time>2024-06-18T14:50:10Z</time><extensions><speed>1.239772</speed><course>241.352594</course><hAcc>1.346094</hAcc><vAcc>0.931966</vAcc></extensions></trkpt>
      <trkpt lon="-82.150095" lat="33.553865"><ele>96.036411</ele><time>2024-06-18T14:50:11Z</time><extensions><speed>1.226090</speed><course>238.000424</course><hAcc>1.367383</hAcc><vAcc>0.934360</vAcc></extensions></trkpt>
      <trkpt lon="-82.150107" lat="33.553858"><ele>96.028367</ele><time>2024-06-18T14:50:12Z</time><extensions><speed>1.236797</speed><course>234.261911</course><hAcc>1.360581</hAcc><vAcc>0.936511</vAcc></extensions></trkpt>
      <trkpt lon="-82.150118" lat="33.553851"><ele>96.026105</ele><time>2024-06-18T14:50:13Z</time><extensions><speed>1.229907</speed><course>235.097101</course><hAcc>1.402696</hAcc><vAcc>0.938323</vAcc></extensions></trkpt>
      <trkpt lon="-82.150130" lat="33.553844"><ele>96.021407</ele><time>2024-06-18T14:50:14Z</time><extensions><speed>1.384670</speed><course>236.887937</course><hAcc>1.372316</hAcc><vAcc>0.939755</vAcc></extensions></trkpt>
      <trkpt lon="-82.150144" lat="33.553837"><ele>96.010562</ele><time>2024-06-18T14:50:15Z</time><extensions><speed>1.418385</speed><course>238.938242</course><hAcc>1.367690</hAcc><vAcc>0.940772</vAcc></extensions></trkpt>
      <trkpt lon="-82.150157" lat="33.553830"><ele>95.999918</ele><time>2024-06-18T14:50:16Z</time><extensions><speed>1.371462</speed><course>237.971619</course><hAcc>1.374882</hAcc><vAcc>0.941342</vAcc></extensions></trkpt>
      <trkpt lon="-82.150171" lat="33.553823"><ele>95.993890</ele><time>2024-06-18T14:50:17Z</time><extensions><speed>1.429453</speed><course>239.096062</course><hAcc>1.344781</hAcc><vAcc>0.941448</vAcc></extensions></trkpt>
      <trkpt lon="-82.150185" lat="33.553816"><ele>95.992524</ele><time>2024-06-18T14:50:18Z</time><extensions><speed>1.442537</speed><course>241.174507</course><hAcc>1.331893</hAcc><vAcc>0.941086</vAcc></extensions></trkpt>
      <trkpt lon="-82.150199" lat="33.553810"><ele>95.927354</ele><time>2024-06-18T14:50:19Z</time><extensions><speed>1.425193</speed><course>241.334039</course><hAcc>1.331784</hAcc><vAcc>0.939118</vAcc></extensions></trkpt>
      <trkpt lon="-82.150213" lat="33.553803"><ele>95.860772</ele><time>2024-06-18T14:50:20Z</time><extensions><speed>1.508357</speed><course>241.588671</course><hAcc>1.300038</hAcc><vAcc>0.936332</vAcc></extensions></trkpt>
      <trkpt lon="-82.150228" lat="33.553797"><ele>95.801038</ele><time>2024-06-18T14:50:21Z</time><extensions><speed>1.441292</speed><course>243.013166</course><hAcc>1.299184</hAcc><vAcc>0.932768</vAcc></extensions></trkpt>
      <trkpt lon="-82.150242" lat="33.553791"><ele>95.747693</ele><time>2024-06-18T14:50:22Z</time><extensions><speed>1.544777</speed><course>248.242666</course><hAcc>1.271278</hAcc><vAcc>0.928543</vAcc></extensions></trkpt>
      <trkpt lon="-82.150258" lat="33.553786"><ele>95.699373</ele><time>2024-06-18T14:50:23Z</time><extensions><speed>1.594776</speed><course>250.590494</course><hAcc>1.262298</hAcc><vAcc>0.923739</vAcc></extensions></trkpt>
      <trkpt lon="-82.150274" lat="33.553781"><ele>95.649912</ele><time>2024-06-18T14:50:24Z</time><extensions><speed>1.582591</speed><course>249.708345</course><hAcc>1.267475</hAcc><vAcc>0.918436</vAcc></extensions></trkpt>
      <trkpt lon="-82.150290" lat="33.553776"><ele>95.604123</ele><time>2024-06-18T14:50:25Z</time><extensions><speed>1.658945</speed><course>247.679051</course><hAcc>1.242423</hAcc><vAcc>0.912717</vAcc></extensions></trkpt>
      <trkpt lon="-82.150306" lat="33.553771"><ele>95.566678</ele><time>2024-06-18T14:50:26Z</time><extensions><speed>1.580847</speed><course>246.786655</course><hAcc>1.245425</hAcc><vAcc>0.906671</vAcc></extensions></trkpt>
      <trkpt lon="-82.150322" lat="33.553765"><ele>95.540392</ele><time>2024-06-18T14:50:27Z</time><extensions><speed>1.621269</speed><course>246.578179</course><hAcc>1.217109</hAcc><vAcc>0.900413</vAcc></extensions></trkpt>
      <trkpt lon="-82.150338" lat="33.553760"><ele>95.530123</ele><time>2024-06-18T14:50:28Z</time><extensions><speed>1.609683</speed><course>246.630837</course><hAcc>1.227446</hAcc><vAcc>0.894122</vAcc></extensions></trkpt>
      <trkpt lon="-82.150354" lat="33.553754"><ele>95.534750</ele><time>2024-06-18T14:50:29Z</time><extensions><speed>1.589922</speed><course>238.877801</course><hAcc>1.237149</hAcc><vAcc>0.888048</vAcc></extensions></trkpt>
      <trkpt lon="-82.150368" lat="33.553747"><ele>95.548852</ele><time>2024-06-18T14:50:30Z</time><extensions><speed>1.586575</speed><course>238.449622</course><hAcc>1.213212</hAcc><vAcc>0.882480</vAcc></extensions></trkpt>
      <trkpt lon="-82.150383" lat="33.553739"><ele>95.581638</ele><time>2024-06-18T14:50:31Z</time><extensions><speed>1.576278</speed><course>238.488675</course><hAcc>1.224861</hAcc><vAcc>0.877764</vAcc></extensions></trkpt>
      <trkpt lon="-82.150398" lat="33.553733"><ele>95.633094</ele><time>2024-06-18T14:50:32Z</time><extensions><speed>1.494657</speed><course>240.451856</course><hAcc>1.202560</hAcc><vAcc>0.874134</vAcc></extensions></trkpt>
      <trkpt lon="-82.150412" lat="33.553726"><ele>95.702510</ele><time>2024-06-18T14:50:33Z</time><extensions><speed>1.464735</speed><course>239.785658</course><hAcc>1.208612</hAcc><vAcc>0.871720</vAcc></extensions></trkpt>
      <trkpt lon="-82.150425" lat="33.553720"><ele>95.784716</ele><time>2024-06-18T14:50:34Z</time><extensions><speed>1.424741</speed><course>239.730334</course><hAcc>1.221271</hAcc><vAcc>0.870600</vAcc></extensions></trkpt>
      <trkpt lon="-82.150438" lat="33.553713"><ele>95.884945</ele><time>2024-06-18T14:50:35Z</time><extensions><speed>1.405465</speed><course>240.737894</course><hAcc>1.202883</hAcc><vAcc>0.870769</vAcc></extensions></trkpt>
      <trkpt lon="-82.150451" lat="33.553707"><ele>96.001969</ele><time>2024-06-18T14:50:36Z</time><extensions><speed>1.395961</speed><course>241.466926</course><hAcc>1.213986</hAcc><vAcc>0.872204</vAcc></extensions></trkpt>
      <trkpt lon="-82.150465" lat="33.553701"><ele>96.136435</ele><time>2024-06-18T14:50:37Z</time><extensions><speed>1.383850</speed><course>244.060906</course><hAcc>1.224515</hAcc><vAcc>0.874833</vAcc></extensions></trkpt>
      <trkpt lon="-82.150478" lat="33.553696"><ele>96.283404</ele><time>2024-06-18T14:50:38Z</time><extensions><speed>1.389237</speed><course>245.333309</course><hAcc>1.214012</hAcc><vAcc>0.878509</vAcc></extensions></trkpt>
      <trkpt lon="-82.150492" lat="33.553690"><ele>96.437035</ele><time>2024-06-18T14:50:39Z</time><extensions><speed>1.406896</speed><course>243.134755</course><hAcc>1.251331</hAcc><vAcc>0.883065</vAcc></extensions></trkpt>
      <trkpt lon="-82.150505" lat="33.553683"><ele>96.597779</ele><time>2024-06-18T14:50:40Z</time><extensions><speed>1.430763</speed><course>240.092315</course><hAcc>1.242520</hAcc><vAcc>0.888297</vAcc></extensions></trkpt>
      <trkpt lon="-82.150519" lat="33.553677"><ele>96.760999</ele><time>2024-06-18T14:50:41Z</time><extensions><speed>1.433746</speed><course>239.724314</course><hAcc>1.245758</hAcc><vAcc>0.893925</vAcc></extensions></trkpt>
      <trkpt lon="-82.150532" lat="33.553670"><ele>96.926752</ele><time>2024-06-18T14:50:42Z</time><extensions><speed>1.419429</speed><course>240.136301</course><hAcc>1.264534</hAcc><vAcc>0.899719</vAcc></extensions></trkpt>
      <trkpt lon="-82.150546" lat="33.553664"><ele>97.095973</ele><time>2024-06-18T14:50:43Z</time><extensions><speed>1.444550</speed><course>239.125938</course><hAcc>1.243078</hAcc><vAcc>0.905389</vAcc></extensions></trkpt>
      <trkpt lon="-82.150559" lat="33.553657"><ele>97.263654</ele><time>2024-06-18T14:50:44Z</time><extensions><speed>1.457713</speed><course>235.958540</course><hAcc>1.242437</hAcc><vAcc>0.910726</vAcc></extensions></trkpt>
      <trkpt lon="-82.150573" lat="33.553649"><ele>97.430616</ele><time>2024-06-18T14:50:45Z</time><extensions><speed>1.501966</speed><course>236.151134</course><hAcc>1.250035</hAcc><vAcc>0.915582</vAcc></extensions></trkpt>
      <trkpt lon="-82.150586" lat="33.553641"><ele>97.593920</ele><time>2024-06-18T14:50:46Z</time><extensions><speed>1.494896</speed><course>235.913931</course><hAcc>1.263732</hAcc><vAcc>0.919848</vAcc></extensions></trkpt>
      <trkpt lon="-82.150600" lat="33.553634"><ele>97.745377</ele><time>2024-06-18T14:50:47Z</time><extensions><speed>1.467097</speed><course>235.533800</course><hAcc>1.272048</hAcc><vAcc>0.923477</vAcc></extensions></trkpt>
      <trkpt lon="-82.150613" lat="33.553626"><ele>97.888231</ele><time>2024-06-18T14:50:48Z</time><extensions><speed>1.510265</speed><course>232.353236</course><hAcc>1.248917</hAcc><vAcc>0.926443</vAcc></extensions></trkpt>
      <trkpt lon="-82.150626" lat="33.553618"><ele>98.015626</ele><time>2024-06-18T14:50:49Z</time><extensions><speed>1.483257</speed><course>231.994884</course><hAcc>1.260321</hAcc><vAcc>0.928728</vAcc></extensions></trkpt>
      <trkpt lon="-82.150639" lat="33.553609"><ele>98.127787</ele><time>2024-06-18T14:50:50Z</time><extensions><speed>1.564440</speed><course>230.101762</course><hAcc>1.241025</hAcc><vAcc>0.930347</vAcc></extensions></trkpt>
      <trkpt lon="-82.150653" lat="33.553600"><ele>98.235475</ele><time>2024-06-18T14:50:51Z</time><extensions><speed>1.557196</speed><course>229.885981</course><hAcc>1.242728</hAcc><vAcc>0.931371</vAcc></extensions></trkpt>
      <trkpt lon="-82.150666" lat="33.553591"><ele>98.335083</ele><time>2024-06-18T14:50:52Z</time><extensions><speed>1.505816</speed><course>237.045823</course><hAcc>1.256840</hAcc><vAcc>0.931876</vAcc></extensions></trkpt>
      <trkpt lon="-82.150680" lat="33.553585"><ele>98.428150</ele><time>2024-06-18T14:50:53Z</time><extensions><speed>1.535144</speed><course>243.067078</course><hAcc>1.237212</hAcc><vAcc>0.931967</vAcc></extensions></trkpt>
      <trkpt lon="-82.150694" lat="33.553578"><ele>98.510993</ele><time>2024-06-18T14:50:54Z</time><extensions><speed>1.523833</speed><course>241.084652</course><hAcc>1.247719</hAcc><vAcc>0.931701</vAcc></extensions></trkpt>
      <trkpt lon="-82.150709" lat="33.553571"><ele>98.577030</ele><time>2024-06-18T14:50:55Z</time><extensions><speed>1.490032</speed><course>239.842533</course><hAcc>1.254973</hAcc><vAcc>0.931232</vAcc></extensions></trkpt>
      <trkpt lon="-82.150723" lat="33.553564"><ele>98.627469</ele><time>2024-06-18T14:50:56Z</time><extensions><speed>1.526457</speed><course>240.553198</course><hAcc>1.229418</hAcc><vAcc>0.930635</vAcc></extensions></trkpt>
      <trkpt lon="-82.150737" lat="33.553557"><ele>98.673854</ele><time>2024-06-18T14:50:57Z</time><extensions><speed>1.516498</speed><course>240.784820</course><hAcc>1.253084</hAcc><vAcc>0.929993</vAcc></extensions></trkpt>
      <trkpt lon="-82.150751" lat="33.553549"><ele>98.709025</ele><time>2024-06-18T14:50:58Z</time><extensions><speed>1.555972</speed><course>236.823538</course><hAcc>1.227629</hAcc><vAcc>0.929384</vAcc></extensions></trkpt>
      <trkpt lon="-82.150765" lat="33.553540"><ele>98.729778</ele><time>2024-06-18T14:50:59Z</time><extensions><speed>1.562429</speed><course>232.054234</course><hAcc>1.229227</hAcc><vAcc>0.928823</vAcc></extensions></trkpt>
      <trkpt lon="-82.150778" lat="33.553531"><ele>98.737348</ele><time>2024-06-18T14:51:00Z</time><extensions><speed>1.536998</speed><course>233.836980</course><hAcc>1.234484</hAcc><vAcc>0.928311</vAcc></extensions></trkpt>
      <trkpt lon="-82.150791" lat="33.553523"><ele>98.737711</ele><time>2024-06-18T14:51:01Z</time><extensions><speed>1.551081</speed><course>235.918689</course><hAcc>1.218688</hAcc><vAcc>0.927881</vAcc></extensions></trkpt>
      <trkpt lon="-82.150805" lat="33.553514"><ele>98.734855</ele><time>2024-06-18T14:51:02Z</time><extensions><speed>1.510227</speed><course>235.448172</course><hAcc>1.233625</hAcc><vAcc>0.927526</vAcc></extensions></trkpt>
      <trkpt lon="-82.150818" lat="33.553506"><ele>98.731518</ele><time>2024-06-18T14:51:03Z</time><extensions><speed>1.501625</speed><course>238.532342</course><hAcc>1.233992</hAcc><vAcc>0.927284</vAcc></extensions></trkpt>
      <trkpt lon="-82.150832" lat="33.553499"><ele>98.728475</ele><time>2024-06-18T14:51:04Z</time><extensions><speed>1.492403</speed><course>236.506216</course><hAcc>1.229858</hAcc><vAcc>0.927102</vAcc></extensions></trkpt>
      <trkpt lon="-82.150844" lat="33.553490"><ele>98.719892</ele><time>2024-06-18T14:51:05Z</time><extensions><speed>1.454558</speed><course>233.475983</course><hAcc>1.244507</hAcc><vAcc>0.926962</vAcc></extensions></trkpt>
      <trkpt lon="-82.150856" lat="33.553482"><ele>98.709031</ele><time>2024-06-18T14:51:06Z</time><extensions><speed>1.508463</speed><course>228.945758</course><hAcc>1.227825</hAcc><vAcc>0.926853</vAcc></extensions></trkpt>
      <trkpt lon="-82.150868" lat="33.553472"><ele>98.695257</ele><time>2024-06-18T14:51:07Z</time><extensions><speed>1.524238</speed><course>232.122545</course><hAcc>1.232237</hAcc><vAcc>0.926769</vAcc></extensions></trkpt>
      <trkpt lon="-82.150881" lat="33.553463"><ele>98.670704</ele><time>2024-06-18T14:51:08Z</time><extensions><speed>1.575065</speed><course>230.067313</course><hAcc>1.208456</hAcc><vAcc>0.926668</vAcc></extensions></trkpt>
      <trkpt lon="-82.150894" lat="33.553454"><ele>98.632618</ele><time>2024-06-18T14:51:09Z</time><extensions><speed>1.540180</speed><course>239.367171</course><hAcc>1.244822</hAcc><vAcc>0.926514</vAcc></extensions></trkpt>
      <trkpt lon="-82.150907" lat="33.553446"><ele>98.590477</ele><time>2024-06-18T14:51:10Z</time><extensions><speed>1.554292</speed><course>236.753878</course><hAcc>1.258539</hAcc><vAcc>0.926273</vAcc></extensions></trkpt>
      <trkpt lon="-82.150920" lat="33.553438"><ele>98.550302</ele><time>2024-06-18T14:51:11Z</time><extensions><speed>1.547866</speed><course>237.707497</course><hAcc>1.247327</hAcc><vAcc>0.925923</vAcc></extensions></trkpt>
      <trkpt lon="-82.150933" lat="33.553429"><ele>98.504172</ele><time>2024-06-18T14:51:12Z</time><extensions><speed>1.568880</speed><course>228.667888</course><hAcc>1.236998</hAcc><vAcc>0.925540</vAcc></extensions></trkpt>
      <trkpt lon="-82.150945" lat="33.553419"><ele>98.448718</ele><time>2024-06-18T14:51:13Z</time><extensions><speed>1.559793</speed><course>232.880069</course><hAcc>1.276061</hAcc><vAcc>0.925112</vAcc></extensions></trkpt>
      <trkpt lon="-82.150957" lat="33.553410"><ele>98.390362</ele><time>2024-06-18T14:51:14Z</time><extensions><speed>1.531297</speed><course>230.094963</course><hAcc>1.267642</hAcc><vAcc>0.924674</vAcc></extensions></trkpt>
      <trkpt lon="-82.150969" lat="33.553399"><ele>98.332760</ele><time>2024-06-18T14:51:15Z</time><extensions><speed>1.560504</speed><course>224.857184</course><hAcc>1.277791</hAcc><vAcc>0.924167</vAcc></extensions></trkpt>
      <trkpt lon="-82.150980" lat="33.553389"><ele>98.283442</ele><time>2024-06-18T14:51:16Z</time><extensions><speed>1.477274</speed><course>231.313334</course><hAcc>1.271998</hAcc><vAcc>0.923536</vAcc></extensions></trkpt>
      <trkpt lon="-82.150991" lat="33.553380"><ele>98.243905</ele><time>2024-06-18T14:51:17Z</time><extensions><speed>1.464470</speed><course>231.762895</course><hAcc>1.268864</hAcc><vAcc>0.922820</vAcc></extensions></trkpt>
      <trkpt lon="-82.151001" lat="33.553370"><ele>98.202863</ele><time>2024-06-18T14:51:18Z</time><extensions><speed>1.478661</speed><course>229.261062</course><hAcc>1.270705</hAcc><vAcc>0.921985</vAcc></extensions></trkpt>
      <trkpt lon="-82.151012" lat="33.553361"><ele>98.163023</ele><time>2024-06-18T14:51:19Z</time><extensions><speed>1.467116</speed><course>228.984479</course><hAcc>1.245399</hAcc><vAcc>0.921059</vAcc></extensions></trkpt>
      <trkpt lon="-82.151022" lat="33.553351"><ele>98.125523</ele><time>2024-06-18T14:51:20Z</time><extensions><speed>1.481431</speed><course>228.909148</course><hAcc>1.248498</hAcc><vAcc>0.920092</vAcc></extensions></trkpt>
      <trkpt lon="-82.151032" lat="33.553341"><ele>98.083017</ele><time>2024-06-18T14:51:21Z</time><extensions><speed>1.461405</speed><course>229.639778</course><hAcc>1.225997</hAcc><vAcc>0.919060</vAcc></extensions></trkpt>
      <trkpt lon="-82.151043" lat="33.553332"><ele>98.040434</ele><time>2024-06-18T14:51:22Z</time><extensions><speed>1.466422</speed><course>225.983894</course><hAcc>1.216982</hAcc><vAcc>0.917964</vAcc></extensions></trkpt>
      <trkpt lon="-82.151053" lat="33.553322"><ele>98.003921</ele><time>2024-06-18T14:51:23Z</time><extensions><speed>1.504546</speed><course>228.843347</course><hAcc>1.225356</hAcc><vAcc>0.916785</vAcc></extensions></trkpt>
      <trkpt lon="-82.151064" lat="33.553312"><ele>97.974369</ele><time>2024-06-18T14:51:24Z</time><extensions><speed>1.452334</speed><course>229.234169</course><hAcc>1.205240</hAcc><vAcc>0.915544</vAcc></extensions></trkpt>
      <trkpt lon="-82.151075" lat="33.553303"><ele>97.954009</ele><time>2024-06-18T14:51:25Z</time><extensions><speed>1.506114</speed><course>233.356782</course><hAcc>1.215128</hAcc><vAcc>0.914226</vAcc></extensions></trkpt>
      <trkpt lon="-82.151087" lat="33.553295"><ele>97.943491</ele><time>2024-06-18T14:51:26Z</time><extensions><speed>1.435943</speed><course>231.276579</course><hAcc>1.193831</hAcc><vAcc>0.912819</vAcc></extensions></trkpt>
      <trkpt lon="-82.151098" lat="33.553286"><ele>97.941034</ele><time>2024-06-18T14:51:27Z</time><extensions><speed>1.408778</speed><course>232.085529</course><hAcc>1.193104</hAcc><vAcc>0.911339</vAcc></extensions></trkpt>
      <trkpt lon="-82.151109" lat="33.553278"><ele>97.943666</ele><time>2024-06-18T14:51:28Z</time><extensions><speed>1.443240</speed><course>230.912572</course><hAcc>1.199756</hAcc><vAcc>0.909778</vAcc></extensions></trkpt>
      <trkpt lon="-82.151120" lat="33.553269"><ele>97.953876</ele><time>2024-06-18T14:51:29Z</time><extensions><speed>1.337006</speed><course>232.594769</course><hAcc>1.185481</hAcc><vAcc>0.908147</vAcc></extensions></trkpt>
      <trkpt lon="-82.151130" lat="33.553261"><ele>97.971815</ele><time>2024-06-18T14:51:30Z</time><extensions><speed>1.330347</speed><course>228.989288</course><hAcc>1.180610</hAcc><vAcc>0.906439</vAcc></extensions></trkpt>
      <trkpt lon="-82.151140" lat="33.553252"><ele>97.997111</ele><time>2024-06-18T14:51:31Z</time><extensions><speed>1.380901</speed><course>225.485621</course><hAcc>1.189499</hAcc><vAcc>0.904630</vAcc></extensions></trkpt>
      <trkpt lon="-82.151149" lat="33.553242"><ele>98.032106</ele><time>2024-06-18T14:51:32Z</time><extensions><speed>1.354535</speed><course>220.230246</course><hAcc>1.175237</hAcc><vAcc>0.902719</vAcc></extensions></trkpt>
      <trkpt lon="-82.151159" lat="33.553233"><ele>98.073898</ele><time>2024-06-18T14:51:33Z</time><extensions><speed>1.370253</speed><course>229.050088</course><hAcc>1.198922</hAcc><vAcc>0.900722</vAcc></extensions></trkpt>
      <trkpt lon="-82.151169" lat="33.553224"><ele>98.121113</ele><time>2024-06-18T14:51:34Z</time><extensions><speed>1.360979</speed><course>226.519041</course><hAcc>1.178170</hAcc><vAcc>0.898649</vAcc></extensions></trkpt>
      <trkpt lon="-82.151180" lat="33.553215"><ele>98.171048</ele><time>2024-06-18T14:51:35Z</time><extensions><speed>1.372722</speed><course>227.010246</course><hAcc>1.180128</hAcc><vAcc>0.896535</vAcc></extensions></trkpt>
      <trkpt lon="-82.151191" lat="33.553206"><ele>98.218850</ele><time>2024-06-18T14:51:36Z</time><extensions><speed>1.366716</speed><course>229.888666</course><hAcc>1.183340</hAcc><vAcc>0.894407</vAcc></extensions></trkpt>
      <trkpt lon="-82.151202" lat="33.553198"><ele>98.266301</ele><time>2024-06-18T14:51:37Z</time><extensions><speed>1.355114</speed><course>233.703620</course><hAcc>1.165519</hAcc><vAcc>0.892314</vAcc></extensions></trkpt>
      <trkpt lon="-82.151213" lat="33.553190"><ele>98.316302</ele><time>2024-06-18T14:51:38Z</time><extensions><speed>1.375156</speed><course>231.124168</course><hAcc>1.167381</hAcc><vAcc>0.890277</vAcc></extensions></trkpt>
      <trkpt lon="-82.151224" lat="33.553181"><ele>98.369983</ele><time>2024-06-18T14:51:39Z</time><extensions><speed>1.408710</speed><course>229.426624</course><hAcc>1.149323</hAcc><vAcc>0.888288</vAcc></extensions></trkpt>
      <trkpt lon="-82.151236" lat="33.553173"><ele>98.425116</ele><time>2024-06-18T14:51:40Z</time><extensions><speed>1.413460</speed><course>230.793227</course><hAcc>1.153486</hAcc><vAcc>0.886373</vAcc></extensions></trkpt>
      <trkpt lon="-82.151247" lat="33.553165"><ele>98.479547</ele><time>2024-06-18T14:51:41Z</time><extensions><speed>1.401133</speed><course>231.345629</course><hAcc>1.160896</hAcc><vAcc>0.884554</vAcc></extensions></trkpt>
      <trkpt lon="-82.151259" lat="33.553156"><ele>98.535802</ele><time>2024-06-18T14:51:42Z</time><extensions><speed>1.448070</speed><course>231.356982</course><hAcc>1.141990</hAcc><vAcc>0.882852</vAcc></extensions></trkpt>
      <trkpt lon="-82.151270" lat="33.553148"><ele>98.593147</ele><time>2024-06-18T14:51:43Z</time><extensions><speed>1.477829</speed><course>230.314430</course><hAcc>1.142845</hAcc><vAcc>0.881300</vAcc></extensions></trkpt>
      <trkpt lon="-82.151282" lat="33.553139"><ele>98.647008</ele><time>2024-06-18T14:51:44Z</time><extensions><speed>1.521938</speed><course>229.549442</course><hAcc>1.153809</hAcc><vAcc>0.879926</vAcc></extensions></trkpt>
      <trkpt lon="-82.151294" lat="33.553131"><ele>98.700042</ele><time>2024-06-18T14:51:45Z</time><extensions><speed>1.512327</speed><course>230.779459</course><hAcc>1.149184</hAcc><vAcc>0.878726</vAcc></extensions></trkpt>
      <trkpt lon="-82.151306" lat="33.553122"><ele>98.751559</ele><time>2024-06-18T14:51:46Z</time><extensions><speed>1.517861</speed><course>230.953062</course><hAcc>1.162160</hAcc><vAcc>0.877682</vAcc></extensions></trkpt>
      <trkpt lon="-82.151318" lat="33.553113"><ele>98.801765</ele><time>2024-06-18T14:51:47Z</time><extensions><speed>1.456470</speed><course>232.774219</course><hAcc>1.150014</hAcc><vAcc>0.876779</vAcc></extensions></trkpt>
      <trkpt lon="-82.151329" lat="33.553105"><ele>98.847379</ele><time>2024-06-18T14:51:48Z</time><extensions><speed>1.425315</speed><course>231.795672</course><hAcc>1.152076</hAcc><vAcc>0.875980</vAcc></extensions></trkpt>
      <trkpt lon="-82.151341" lat="33.553097"><ele>98.887630</ele><time>2024-06-18T14:51:49Z</time><extensions><speed>1.433106</speed><course>230.761557</course><hAcc>1.166238</hAcc><vAcc>0.875260</vAcc></extensions></trkpt>
      <trkpt lon="-82.151351" lat="33.553088"><ele>98.926530</ele><time>2024-06-18T14:51:50Z</time><extensions><speed>1.396340</speed><course>226.742966</course><hAcc>1.150613</hAcc><vAcc>0.874583</vAcc></extensions></trkpt>
      <trkpt lon="-82.151362" lat="33.553079"><ele>98.961310</ele><time>2024-06-18T14:51:51Z</time><extensions><speed>1.435613</speed><course>224.960764</course><hAcc>1.170258</hAcc><vAcc>0.873944</vAcc></extensions></trkpt>
      <trkpt lon="-82.151372" lat="33.553070"><ele>98.987276</ele><time>2024-06-18T14:51:52Z</time><extensions><speed>1.348806</speed><course>228.675180</course><hAcc>1.173507</hAcc><vAcc>0.873341</vAcc></extensions></trkpt>
      <trkpt lon="-82.151383" lat="33.553062"><ele>99.008982</ele><time>2024-06-18T14:51:53Z</time><extensions><speed>1.306138</speed><course>230.522423</course><hAcc>1.177204</hAcc><vAcc>0.872770</vAcc></extensions></trkpt>
      <trkpt lon="-82.151393" lat="33.553054"><ele>99.023934</ele><time>2024-06-18T14:51:54Z</time><extensions><speed>1.304090</speed><course>228.322574</course><hAcc>1.184675</hAcc><vAcc>0.872215</vAcc></extensions></trkpt>
      <trkpt lon="-82.151403" lat="33.553046"><ele>99.032381</ele><time>2024-06-18T14:51:55Z</time><extensions><speed>1.267031</speed><course>231.060745</course><hAcc>1.175847</hAcc><vAcc>0.871676</vAcc></extensions></trkpt>
      <trkpt lon="-82.151413" lat="33.553038"><ele>99.037941</ele><time>2024-06-18T14:51:56Z</time><extensions><speed>1.305111</speed><course>227.780961</course><hAcc>1.181877</hAcc><vAcc>0.871139</vAcc></extensions></trkpt>
      <trkpt lon="-82.151423" lat="33.553030"><ele>99.039080</ele><time>2024-06-18T14:51:57Z</time><extensions><speed>1.298327</speed><course>228.875645</course><hAcc>1.168621</hAcc><vAcc>0.870601</vAcc></extensions></trkpt>
      <trkpt lon="-82.151434" lat="33.553022"><ele>99.032398</ele><time>2024-06-18T14:51:58Z</time><extensions><speed>1.299692</speed><course>228.693944</course><hAcc>1.168925</hAcc><vAcc>0.870070</vAcc></extensions></trkpt>
      <trkpt lon="-82.151444" lat="33.553014"><ele>99.025228</ele><time>2024-06-18T14:51:59Z</time><extensions><speed>1.288922</speed><course>229.520259</course><hAcc>1.181299</hAcc><vAcc>0.869539</vAcc></extensions></trkpt>
      <trkpt lon="-82.151454" lat="33.553006"><ele>99.016713</ele><time>2024-06-18T14:52:00Z</time><extensions><speed>1.311462</speed><course>231.723432</course><hAcc>1.162050</hAcc><vAcc>0.869017</vAcc></extensions></trkpt>
      <trkpt lon="-82.151465" lat="33.552998"><ele>99.005980</ele><time>2024-06-18T14:52:01Z</time><extensions><speed>1.320808</speed><course>231.375196</course><hAcc>1.161459</hAcc><vAcc>0.868517</vAcc></extensions></trkpt>
      <trkpt lon="-82.151475" lat="33.552990"><ele>98.988605</ele><time>2024-06-18T14:52:02Z</time><extensions><speed>1.340486</speed><course>224.687265</course><hAcc>1.171926</hAcc><vAcc>0.868042</vAcc></extensions></trkpt>
      <trkpt lon="-82.151485" lat="33.552980"><ele>98.968141</ele><time>2024-06-18T14:52:03Z</time><extensions><speed>1.378667</speed><course>226.664369</course><hAcc>1.170959</hAcc><vAcc>0.867599</vAcc></extensions></trkpt>
      <trkpt lon="-82.151496" lat="33.552972"><ele>98.949755</ele><time>2024-06-18T14:52:04Z</time><extensions><speed>1.410020</speed><course>229.137967</course><hAcc>1.178661</hAcc><vAcc>0.867195</vAcc></extensions></trkpt>
      <trkpt lon="-82.151508" lat="33.552963"><ele>98.925457</ele><time>2024-06-18T14:52:05Z</time><extensions><speed>1.417352</speed><course>229.909111</course><hAcc>1.163181</hAcc><vAcc>0.866877</vAcc></extensions></trkpt>
      <trkpt lon="-82.151520" lat="33.552954"><ele>98.899775</ele><time>2024-06-18T14:52:06Z</time><extensions><speed>1.414614</speed><course>229.983368</course><hAcc>1.171066</hAcc><vAcc>0.866670</vAcc></extensions></trkpt>
      <trkpt lon="-82.151532" lat="33.552946"><ele>98.872108</ele><time>2024-06-18T14:52:07Z</time><extensions><speed>1.379128</speed><course>231.640754</course><hAcc>1.191843</hAcc><vAcc>0.866572</vAcc></extensions></trkpt>
      <trkpt lon="-82.151544" lat="33.552938"><ele>98.850113</ele><time>2024-06-18T14:52:08Z</time><extensions><speed>1.385768</speed><course>231.580388</course><hAcc>1.178078</hAcc><vAcc>0.866584</vAcc></extensions></trkpt>
      <trkpt lon="-82.151557" lat="33.552930"><ele>98.830766</ele><time>2024-06-18T14:52:09Z</time><extensions><speed>1.387373</speed><course>233.540387</course><hAcc>1.192183</hAcc><vAcc>0.866711</vAcc></extensions></trkpt>
      <trkpt lon="-82.151570" lat="33.552922"><ele>98.810941</ele><time>2024-06-18T14:52:10Z</time><extensions><speed>1.471985</speed><course>234.293978</course><hAcc>1.174315</hAcc><vAcc>0.866975</vAcc></extensions></trkpt>
      <trkpt lon="-82.151584" lat="33.552914"><ele>98.788308</ele><time>2024-06-18T14:52:11Z</time><extensions><speed>1.475024</speed><course>234.020019</course><hAcc>1.182843</hAcc><vAcc>0.867395</vAcc></extensions></trkpt>
      <trkpt lon="-82.151597" lat="33.552905"><ele>98.764530</ele><time>2024-06-18T14:52:12Z</time><extensions><speed>1.404534</speed><course>234.858727</course><hAcc>1.205986</hAcc><vAcc>0.868040</vAcc></extensions></trkpt>
      <trkpt lon="-82.151610" lat="33.552897"><ele>98.743917</ele><time>2024-06-18T14:52:13Z</time><extensions><speed>1.494454</speed><course>233.849178</course><hAcc>1.186691</hAcc><vAcc>0.868944</vAcc></extensions></trkpt>
      <trkpt lon="-82.151623" lat="33.552888"><ele>98.728093</ele><time>2024-06-18T14:52:14Z</time><extensions><speed>1.531206</speed><course>230.874471</course><hAcc>1.183326</hAcc><vAcc>0.870128</vAcc></extensions></trkpt>
      <trkpt lon="-82.151636" lat="33.552879"><ele>98.713819</ele><time>2024-06-18T14:52:15Z</time><extensions><speed>1.495622</speed><course>232.175105</course><hAcc>1.227473</hAcc><vAcc>0.871585</vAcc></extensions></trkpt>
      <trkpt lon="-82.151649" lat="33.552870"><ele>98.703894</ele><time>2024-06-18T14:52:16Z</time><extensions><speed>1.631376</speed><course>232.603732</course><hAcc>1.213619</hAcc><vAcc>0.873302</vAcc></extensions></trkpt>
      <trkpt lon="-82.151662" lat="33.552860"><ele>98.699306</ele><time>2024-06-18T14:52:17Z</time><extensions><speed>1.543040</speed><course>231.302793</course><hAcc>1.228126</hAcc><vAcc>0.875251</vAcc></extensions></trkpt>
      <trkpt lon="-82.151675" lat="33.552851"><ele>98.705043</ele><time>2024-06-18T14:52:18Z</time><extensions><speed>1.657149</speed><course>230.608732</course><hAcc>1.216670</hAcc><vAcc>0.877415</vAcc></extensions></trkpt>
      <trkpt lon="-82.151689" lat="33.552841"><ele>98.713210</ele><time>2024-06-18T14:52:19Z</time><extensions><speed>1.767499</speed><course>228.616240</course><hAcc>1.217875</hAcc><vAcc>0.879733</vAcc></extensions></trkpt>
      <trkpt lon="-82.151702" lat="33.552830"><ele>98.722221</ele><time>2024-06-18T14:52:20Z</time><extensions><speed>1.669392</speed><course>225.503962</course><hAcc>1.227115</hAcc><vAcc>0.882223</vAcc></extensions></trkpt>
      <trkpt lon="-82.151715" lat="33.552820"><ele>98.734615</ele><time>2024-06-18T14:52:21Z</time><extensions><speed>1.715043</speed><course>224.854031</course><hAcc>1.221715</hAcc><vAcc>0.884823</vAcc></extensions></trkpt>
      <trkpt lon="-82.151728" lat="33.552809"><ele>98.752409</ele><time>2024-06-18T14:52:22Z</time><extensions><speed>1.713080</speed><course>224.896060</course><hAcc>1.225682</hAcc><vAcc>0.887507</vAcc></extensions></trkpt>
      <trkpt lon="-82.151741" lat="33.552798"><ele>98.778401</ele><time>2024-06-18T14:52:23Z</time><extensions><speed>1.732568</speed><course>225.459845</course><hAcc>1.226513</hAcc><vAcc>0.890256</vAcc></extensions></trkpt>
      <trkpt lon="-82.151754" lat="33.552787"><ele>98.810244</ele><time>2024-06-18T14:52:24Z</time><extensions><speed>1.675139</speed><course>229.070876</course><hAcc>1.237700</hAcc><vAcc>0.892994</vAcc></extensions></trkpt>
      <trkpt lon="-82.151767" lat="33.552778"><ele>98.849368</ele><time>2024-06-18T14:52:25Z</time><extensions><speed>1.654120</speed><course>230.793233</course><hAcc>1.244479</hAcc><vAcc>0.895629</vAcc></extensions></trkpt>
      <trkpt lon="-82.151781" lat="33.552769"><ele>98.901295</ele><time>2024-06-18T14:52:26Z</time><extensions><speed>1.590191</speed><course>232.865719</course><hAcc>1.236493</hAcc><vAcc>0.898124</vAcc></extensions></trkpt>
      <trkpt lon="-82.151794" lat="33.552761"><ele>98.964954</ele><time>2024-06-18T14:52:27Z</time><extensions><speed>1.570706</speed><course>235.114863</course><hAcc>1.242838</hAcc><vAcc>0.900416</vAcc></extensions></trkpt>
      <trkpt lon="-82.151807" lat="33.552753"><ele>99.030570</ele><time>2024-06-18T14:52:28Z</time><extensions><speed>1.511654</speed><course>234.599774</course><hAcc>1.219055</hAcc><vAcc>0.902500</vAcc></extensions></trkpt>
      <trkpt lon="-82.151820" lat="33.552745"><ele>99.093028</ele><time>2024-06-18T14:52:29Z</time><extensions><speed>1.448321</speed><course>232.426227</course><hAcc>1.222163</hAcc><vAcc>0.904345</vAcc></extensions></trkpt>
      <trkpt lon="-82.151831" lat="33.552737"><ele>99.160897</ele><time>2024-06-18T14:52:30Z</time><extensions><speed>1.479719</speed><course>230.325030</course><hAcc>1.248526</hAcc><vAcc>0.905958</vAcc></extensions></trkpt>
      <trkpt lon="-82.151843" lat="33.552728"><ele>99.231113</ele><time>2024-06-18T14:52:31Z</time><extensions><speed>1.434186</speed><course>228.742325</course><hAcc>1.255936</hAcc><vAcc>0.907324</vAcc></extensions></trkpt>
      <trkpt lon="-82.151854" lat="33.552719"><ele>99.297615</ele><time>2024-06-18T14:52:32Z</time><extensions><speed>1.465197</speed><course>228.251722</course><hAcc>1.257397</hAcc><vAcc>0.908436</vAcc></extensions></trkpt>
      <trkpt lon="-82.151866" lat="33.552711"><ele>99.361611</ele><time>2024-06-18T14:52:33Z</time><extensions><speed>1.413593</speed><course>228.375139</course><hAcc>1.237104</hAcc><vAcc>0.909250</vAcc></extensions></trkpt>
      <trkpt lon="-82.151877" lat="33.552702"><ele>99.416519</ele><time>2024-06-18T14:52:34Z</time><extensions><speed>1.408048</speed><course>227.294839</course><hAcc>1.237425</hAcc><vAcc>0.909799</vAcc></extensions></trkpt>
      <trkpt lon="-82.151888" lat="33.552694"><ele>99.464872</ele><time>2024-06-18T14:52:35Z</time><extensions><speed>1.459029</speed><course>227.770890</course><hAcc>1.245912</hAcc><vAcc>0.910110</vAcc></extensions></trkpt>
      <trkpt lon="-82.151899" lat="33.552685"><ele>99.514013</ele><time>2024-06-18T14:52:36Z</time><extensions><speed>1.367746</speed><course>229.093263</course><hAcc>1.220074</hAcc><vAcc>0.910221</vAcc></extensions></trkpt>
      <trkpt lon="-82.151910" lat="33.552677"><ele>99.556143</ele><time>2024-06-18T14:52:37Z</time><extensions><speed>1.353159</speed><course>229.595637</course><hAcc>1.216452</hAcc><vAcc>0.910162</vAcc></extensions></trkpt>
      <trkpt lon="-82.151920" lat="33.552668"><ele>99.590364</ele><time>2024-06-18T14:52:38Z</time><extensions><speed>1.400122</speed><course>226.907319</course><hAcc>1.228288</hAcc><vAcc>0.909965</vAcc></extensions></trkpt>
      <trkpt lon="-82.151931" lat="33.552660"><ele>99.620691</ele><time>2024-06-18T14:52:39Z</time><extensions><speed>1.379989</speed><course>228.711221</course><hAcc>1.208240</hAcc><vAcc>0.909666</vAcc></extensions></trkpt>
      <trkpt lon="-82.151942" lat="33.552651"><ele>99.644362</ele><time>2024-06-18T14:52:40Z</time><extensions><speed>1.416513</speed><course>230.018436</course><hAcc>1.218413</hAcc><vAcc>0.909293</vAcc></extensions></trkpt>
      <trkpt lon="-82.151954" lat="33.552643"><ele>99.655433</ele><time>2024-06-18T14:52:41Z</time><extensions><speed>1.375884</speed><course>229.901254</course><hAcc>1.196789</hAcc><vAcc>0.908851</vAcc></extensions></trkpt>
      <trkpt lon="-82.151965" lat="33.552635"><ele>99.662773</ele><time>2024-06-18T14:52:42Z</time><extensions><speed>1.379950</speed><course>228.263701</course><hAcc>1.197400</hAcc><vAcc>0.908321</vAcc></extensions></trkpt>
      <trkpt lon="-82.151976" lat="33.552626"><ele>99.667960</ele><time>2024-06-18T14:52:43Z</time><extensions><speed>1.403133</speed><course>224.664258</course><hAcc>1.212318</hAcc><vAcc>0.907738</vAcc></extensions></trkpt>
      <trkpt lon="-82.151986" lat="33.552616"><ele>99.670802</ele><time>2024-06-18T14:52:44Z</time><extensions><speed>1.392910</speed><course>223.692137</course><hAcc>1.198237</hAcc><vAcc>0.907105</vAcc></extensions></trkpt>
      <trkpt lon="-82.151996" lat="33.552606"><ele>99.672351</ele><time>2024-06-18T14:52:45Z</time><extensions><speed>1.393510</speed><course>220.716789</course><hAcc>1.212485</hAcc><vAcc>0.906416</vAcc></extensions></trkpt>
      <trkpt lon="-82.152006" lat="33.552596"><ele>99.670326</ele><time>2024-06-18T14:52:46Z</time><extensions><speed>1.424650</speed><course>220.429486</course><hAcc>1.197984</hAcc><vAcc>0.905693</vAcc></extensions></trkpt>
      <trkpt lon="-82.152016" lat="33.552586"><ele>99.666411</ele><time>2024-06-18T14:52:47Z</time><extensions><speed>1.437146</speed><course>221.664777</course><hAcc>1.201353</hAcc><vAcc>0.904927</vAcc></extensions></trkpt>
      <trkpt lon="-82.152026" lat="33.552576"><ele>99.661757</ele><time>2024-06-18T14:52:48Z</time><extensions><speed>1.441471</speed><course>222.989729</course><hAcc>1.210710</hAcc><vAcc>0.904141</vAcc></extensions></trkpt>
      <trkpt lon="-82.152037" lat="33.552566"><ele>99.654425</ele><time>2024-06-18T14:52:49Z</time><extensions><speed>1.480053</speed><course>224.433284</course><hAcc>1.201396</hAcc><vAcc>0.903334</vAcc></extensions></trkpt>
      <trkpt lon="-82.152048" lat="33.552556"><ele>99.642234</ele><time>2024-06-18T14:52:50Z</time><extensions><speed>1.444811</speed><course>224.213700</course><hAcc>1.214148</hAcc><vAcc>0.902462</vAcc></extensions></trkpt>
      <trkpt lon="-82.152059" lat="33.552546"><ele>99.620117</ele><time>2024-06-18T14:52:51Z</time><extensions><speed>1.495101</speed><course>225.289987</course><hAcc>1.194594</hAcc><vAcc>0.901478</vAcc></extensions></trkpt>
      <trkpt lon="-82.152071" lat="33.552536"><ele>99.583461</ele><time>2024-06-18T14:52:52Z</time><extensions><speed>1.526655</speed><course>228.736026</course><hAcc>1.196970</hAcc><vAcc>0.900363</vAcc></extensions></trkpt>
      <trkpt lon="-82.152083" lat="33.552527"><ele>99.534902</ele><time>2024-06-18T14:52:53Z</time><extensions><speed>1.508219</speed><course>228.979972</course><hAcc>1.203671</hAcc><vAcc>0.899123</vAcc></extensions></trkpt>
      <trkpt lon="-82.152096" lat="33.552517"><ele>99.480471</ele><time>2024-06-18T14:52:54Z</time><extensions><speed>1.614555</speed><course>231.257806</course><hAcc>1.193060</hAcc><vAcc>0.897795</vAcc></extensions></trkpt>
      <trkpt lon="-82.152109" lat="33.552507"><ele>99.426166</ele><time>2024-06-18T14:52:55Z</time><extensions><speed>1.627947</speed><course>229.088905</course><hAcc>1.192783</hAcc><vAcc>0.896372</vAcc></extensions></trkpt>
      <trkpt lon="-82.152122" lat="33.552497"><ele>99.378466</ele><time>2024-06-18T14:52:56Z</time><extensions><speed>1.534107</speed><course>228.628617</course><hAcc>1.206493</hAcc><vAcc>0.894871</vAcc></extensions></trkpt>
      <trkpt lon="-82.152134" lat="33.552487"><ele>99.330729</ele><time>2024-06-18T14:52:57Z</time><extensions><speed>1.567838</speed><course>230.028478</course><hAcc>1.193512</hAcc><vAcc>0.893328</vAcc></extensions></trkpt>
      <trkpt lon="-82.152146" lat="33.552477"><ele>99.283564</ele><time>2024-06-18T14:52:58Z</time><extensions><speed>1.524628</speed><course>228.568040</course><hAcc>1.197697</hAcc><vAcc>0.891748</vAcc></extensions></trkpt>
      <trkpt lon="-82.152159" lat="33.552468"><ele>99.236143</ele><time>2024-06-18T14:52:59Z</time><extensions><speed>1.586729</speed><course>230.568624</course><hAcc>1.186199</hAcc><vAcc>0.890156</vAcc></extensions></trkpt>
      <trkpt lon="-82.152171" lat="33.552458"><ele>99.193365</ele><time>2024-06-18T14:53:00Z</time><extensions><speed>1.588900</speed><course>231.676296</course><hAcc>1.188331</hAcc><vAcc>0.888558</vAcc></extensions></trkpt>
      <trkpt lon="-82.152184" lat="33.552449"><ele>99.150884</ele><time>2024-06-18T14:53:01Z</time><extensions><speed>1.547376</speed><course>231.315652</course><hAcc>1.198855</hAcc><vAcc>0.887015</vAcc></extensions></trkpt>
      <trkpt lon="-82.152197" lat="33.552440"><ele>99.110847</ele><time>2024-06-18T14:53:02Z</time><extensions><speed>1.593079</speed><course>230.325792</course><hAcc>1.176687</hAcc><vAcc>0.885613</vAcc></extensions></trkpt>
      <trkpt lon="-82.152210" lat="33.552430"><ele>99.078189</ele><time>2024-06-18T14:53:03Z</time><extensions><speed>1.623098</speed><course>230.109297</course><hAcc>1.178395</hAcc><vAcc>0.884432</vAcc></extensions></trkpt>
      <trkpt lon="-82.152223" lat="33.552420"><ele>99.053163</ele><time>2024-06-18T14:53:04Z</time><extensions><speed>1.627877</speed><course>228.461065</course><hAcc>1.188392</hAcc><vAcc>0.883543</vAcc></extensions></trkpt>
      <trkpt lon="-82.152235" lat="33.552410"><ele>99.040221</ele><time>2024-06-18T14:53:05Z</time><extensions><speed>1.642255</speed><course>226.001209</course><hAcc>1.171286</hAcc><vAcc>0.883015</vAcc></extensions></trkpt>
      <trkpt lon="-82.152248" lat="33.552400"><ele>99.037754</ele><time>2024-06-18T14:53:06Z</time><extensions><speed>1.608566</speed><course>226.909986</course><hAcc>1.183106</hAcc><vAcc>0.882860</vAcc></extensions></trkpt>
      <trkpt lon="-82.152260" lat="33.552389"><ele>99.040155</ele><time>2024-06-18T14:53:07Z</time><extensions><speed>1.606390</speed><course>224.783240</course><hAcc>1.168187</hAcc><vAcc>0.883108</vAcc></extensions></trkpt>
      <trkpt lon="-82.152271" lat="33.552379"><ele>99.051616</ele><time>2024-06-18T14:53:08Z</time><extensions><speed>1.575567</speed><course>222.717973</course><hAcc>1.182310</hAcc><vAcc>0.883802</vAcc></extensions></trkpt>
      <trkpt lon="-82.152283" lat="33.552369"><ele>99.070811</ele><time>2024-06-18T14:53:09Z</time><extensions><speed>1.552992</speed><course>223.219315</course><hAcc>1.187618</hAcc><vAcc>0.885006</vAcc></extensions></trkpt>
      <trkpt lon="-82.152293" lat="33.552358"><ele>99.097149</ele><time>2024-06-18T14:53:10Z</time><extensions><speed>1.558510</speed><course>215.567461</course><hAcc>1.192967</hAcc><vAcc>0.886728</vAcc></extensions></trkpt>
      <trkpt lon="-82.152303" lat="33.552347"><ele>99.121262</ele><time>2024-06-18T14:53:11Z</time><extensions><speed>1.547163</speed><course>219.879898</course><hAcc>1.240885</hAcc><vAcc>0.888962</vAcc></extensions></trkpt>
      <trkpt lon="-82.152315" lat="33.552337"><ele>99.145018</ele><time>2024-06-18T14:53:12Z</time><extensions><speed>1.522267</speed><course>229.940165</course><hAcc>1.252024</hAcc><vAcc>0.891647</vAcc></extensions></trkpt>
      <trkpt lon="-82.152327" lat="33.552329"><ele>99.170168</ele><time>2024-06-18T14:53:13Z</time><extensions><speed>1.514644</speed><course>231.609591</course><hAcc>1.255332</hAcc><vAcc>0.894689</vAcc></extensions></trkpt>
      <trkpt lon="-82.152340" lat="33.552320"><ele>99.195285</ele><time>2024-06-18T14:53:14Z</time><extensions><speed>1.502100</speed><course>226.150437</course><hAcc>1.254389</hAcc><vAcc>0.897996</vAcc></extensions></trkpt>
      <trkpt lon="-82.152351" lat="33.552310"><ele>99.216048</ele><time>2024-06-18T14:53:15Z</time><extensions><speed>1.482635</speed><course>226.238673</course><hAcc>1.258777</hAcc><vAcc>0.901456</vAcc></extensions></trkpt>
      <trkpt lon="-82.152362" lat="33.552301"><ele>99.232684</ele><time>2024-06-18T14:53:16Z</time><extensions><speed>1.500527</speed><course>222.889243</course><hAcc>1.277989</hAcc><vAcc>0.904964</vAcc></extensions></trkpt>
      <trkpt lon="-82.152373" lat="33.552291"><ele>99.247647</ele><time>2024-06-18T14:53:17Z</time><extensions><speed>1.478807</speed><course>222.445175</course><hAcc>1.270631</hAcc><vAcc>0.908398</vAcc></extensions></trkpt>
      <trkpt lon="-82.152384" lat="33.552281"><ele>99.261490</ele><time>2024-06-18T14:53:18Z</time><extensions><speed>1.469088</speed><course>222.615340</course><hAcc>1.271796</hAcc><vAcc>0.911681</vAcc></extensions></trkpt>
      <trkpt lon="-82.152394" lat="33.552271"><ele>99.272506</ele><time>2024-06-18T14:53:19Z</time><extensions><speed>1.452528</speed><course>222.667949</course><hAcc>1.279587</hAcc><vAcc>0.914703</vAcc></extensions></trkpt>
      <trkpt lon="-82.152405" lat="33.552262"><ele>99.285472</ele><time>2024-06-18T14:53:20Z</time><extensions><speed>1.441380</speed><course>225.250207</course><hAcc>1.268417</hAcc><vAcc>0.917377</vAcc></extensions></trkpt>
      <trkpt lon="-82.152416" lat="33.552253"><ele>99.291501</ele><time>2024-06-18T14:53:21Z</time><extensions><speed>1.455919</speed><course>225.047377</course><hAcc>1.276976</hAcc><vAcc>0.919624</vAcc></extensions></trkpt>
      <trkpt lon="-82.152427" lat="33.552244"><ele>99.292156</ele><time>2024-06-18T14:53:22Z</time><extensions><speed>1.445751</speed><course>224.858230</course><hAcc>1.249491</hAcc><vAcc>0.921408</vAcc></extensions></trkpt>
      <trkpt lon="-82.152438" lat="33.552235"><ele>99.292651</ele><time>2024-06-18T14:53:23Z</time><extensions><speed>1.452893</speed><course>225.142100</course><hAcc>1.254224</hAcc><vAcc>0.922688</vAcc></extensions></trkpt>
      <trkpt lon="-82.152450" lat="33.552227"><ele>99.290665</ele><time>2024-06-18T14:53:24Z</time><extensions><speed>1.477206</speed><course>225.442151</course><hAcc>1.272860</hAcc><vAcc>0.923428</vAcc></extensions></trkpt>
      <trkpt lon="-82.152461" lat="33.552218"><ele>99.286358</ele><time>2024-06-18T14:53:25Z</time><extensions><speed>1.454896</speed><course>225.039268</course><hAcc>1.246331</hAcc><vAcc>0.923627</vAcc></extensions></trkpt>
      <trkpt lon="-82.152472" lat="33.552209"><ele>99.281696</ele><time>2024-06-18T14:53:26Z</time><extensions><speed>1.450950</speed><course>224.150591</course><hAcc>1.248137</hAcc><vAcc>0.923320</vAcc></extensions></trkpt>
      <trkpt lon="-82.152483" lat="33.552200"><ele>99.275155</ele><time>2024-06-18T14:53:27Z</time><extensions><speed>1.473760</speed><course>224.299327</course><hAcc>1.256231</hAcc><vAcc>0.922595</vAcc></extensions></trkpt>
      <trkpt lon="-82.152494" lat="33.552191"><ele>99.267353</ele><time>2024-06-18T14:53:28Z</time><extensions><speed>1.440101</speed><course>227.039763</course><hAcc>1.234286</hAcc><vAcc>0.921525</vAcc></extensions></trkpt>
      <trkpt lon="-82.152506" lat="33.552182"><ele>99.259032</ele><time>2024-06-18T14:53:29Z</time><extensions><speed>1.438815</speed><course>228.060179</course><hAcc>1.250931</hAcc><vAcc>0.920181</vAcc></extensions></trkpt>
      <trkpt lon="-82.152517" lat="33.552174"><ele>99.250503</ele><time>2024-06-18T14:53:30Z</time><extensions><speed>1.400248</speed><course>229.103140</course><hAcc>1.237605</hAcc><vAcc>0.918657</vAcc></extensions></trkpt>
      <trkpt lon="-82.152528" lat="33.552166"><ele>99.235972</ele><time>2024-06-18T14:53:31Z</time><extensions><speed>1.373787</speed><course>229.508071</course><hAcc>1.240926</hAcc><vAcc>0.917049</vAcc></extensions></trkpt>
      <trkpt lon="-82.152539" lat="33.552158"><ele>99.218165</ele><time>2024-06-18T14:53:32Z</time><extensions><speed>1.406180</speed><course>229.692559</course><hAcc>1.251028</hAcc><vAcc>0.915431</vAcc></extensions></trkpt>
      <trkpt lon="-82.152551" lat="33.552150"><ele>99.199308</ele><time>2024-06-18T14:53:33Z</time><extensions><speed>1.405005</speed><course>230.702314</course><hAcc>1.223976</hAcc><vAcc>0.913870</vAcc></extensions></trkpt>
      <trkpt lon="-82.152563" lat="33.552142"><ele>99.182095</ele><time>2024-06-18T14:53:34Z</time><extensions><speed>1.470707</speed><course>229.997026</course><hAcc>1.241017</hAcc><vAcc>0.912429</vAcc></extensions></trkpt>
      <trkpt lon="-82.152575" lat="33.552134"><ele>99.161980</ele><time>2024-06-18T14:53:35Z</time><extensions><speed>1.426063</speed><course>229.269714</course><hAcc>1.220361</hAcc><vAcc>0.911181</vAcc></extensions></trkpt>
      <trkpt lon="-82.152587" lat="33.552126"><ele>99.142313</ele><time>2024-06-18T14:53:36Z</time><extensions><speed>1.408975</speed><course>227.722916</course><hAcc>1.221081</hAcc><vAcc>0.910144</vAcc></extensions></trkpt>
      <trkpt lon="-82.152598" lat="33.552117"><ele>99.123907</ele><time>2024-06-18T14:53:37Z</time><extensions><speed>1.433558</speed><course>227.446849</course><hAcc>1.231945</hAcc><vAcc>0.909361</vAcc></extensions></trkpt>
      <trkpt lon="-82.152609" lat="33.552109"><ele>99.109893</ele><time>2024-06-18T14:53:38Z</time><extensions><speed>1.378015</speed><course>228.358049</course><hAcc>1.210586</hAcc><vAcc>0.908844</vAcc></extensions></trkpt>
      <trkpt lon="-82.152620" lat="33.552101"><ele>99.097401</ele><time>2024-06-18T14:53:39Z</time><extensions><speed>1.401731</speed><course>230.396286</course><hAcc>1.218901</hAcc><vAcc>0.908588</vAcc></extensions></trkpt>
      <trkpt lon="-82.152631" lat="33.552093"><ele>99.081209</ele><time>2024-06-18T14:53:40Z</time><extensions><speed>1.367163</speed><course>230.785982</course><hAcc>1.202194</hAcc><vAcc>0.908542</vAcc></extensions></trkpt>
      <trkpt lon="-82.152642" lat="33.552086"><ele>99.063926</ele><time>2024-06-18T14:53:41Z</time><extensions><speed>1.354471</speed><course>228.824157</course><hAcc>1.205717</hAcc><vAcc>0.908664</vAcc></extensions></trkpt>
      <trkpt lon="-82.152653" lat="33.552078"><ele>99.046830</ele><time>2024-06-18T14:53:42Z</time><extensions><speed>1.406023</speed><course>228.929982</course><hAcc>1.221828</hAcc><vAcc>0.908919</vAcc></extensions></trkpt>
      <trkpt lon="-82.152664" lat="33.552070"><ele>99.025928</ele><time>2024-06-18T14:53:43Z</time><extensions><speed>1.347884</speed><course>228.632862</course><hAcc>1.215065</hAcc><vAcc>0.909271</vAcc></extensions></trkpt>
      <trkpt lon="-82.152675" lat="33.552063"><ele>99.003258</ele><time>2024-06-18T14:53:44Z</time><extensions><speed>1.332464</speed><course>229.552536</course><hAcc>1.226865</hAcc><vAcc>0.909771</vAcc></extensions></trkpt>
      <trkpt lon="-82.152686" lat="33.552055"><ele>98.967772</ele><time>2024-06-18T14:53:45Z</time><extensions><speed>1.400959</speed><course>228.936825</course><hAcc>1.264625</hAcc><vAcc>0.910439</vAcc></extensions></trkpt>
      <trkpt lon="-82.152697" lat="33.552048"><ele>98.929273</ele><time>2024-06-18T14:53:46Z</time><extensions><speed>1.334176</speed><course>228.998263</course><hAcc>1.257754</hAcc><vAcc>0.911263</vAcc></extensions></trkpt>
      <trkpt lon="-82.152709" lat="33.552040"><ele>98.889733</ele><time>2024-06-18T14:53:47Z</time><extensions><speed>1.400574</speed><course>232.134776</course><hAcc>1.268157</hAcc><vAcc>0.912241</vAcc></extensions></trkpt>
      <trkpt lon="-82.152721" lat="33.552034"><ele>98.842410</ele><time>2024-06-18T14:53:48Z</time><extensions><speed>1.286640</speed><course>236.344546</course><hAcc>1.255729</hAcc><vAcc>0.913371</vAcc></extensions></trkpt>
      <trkpt lon="-82.152733" lat="33.552028"><ele>98.795547</ele><time>2024-06-18T14:53:49Z</time><extensions><speed>1.251668</speed><course>236.820971</course><hAcc>1.276824</hAcc><vAcc>0.914645</vAcc></extensions></trkpt>
      <trkpt lon="-82.152745" lat="33.552022"><ele>98.749854</ele><time>2024-06-18T14:53:50Z</time><extensions><speed>1.316371</speed><course>234.624303</course><hAcc>1.299494</hAcc><vAcc>0.916041</vAcc></extensions></trkpt>
      <trkpt lon="-82.152757" lat="33.552016"><ele>98.699044</ele><time>2024-06-18T14:53:51Z</time><extensions><speed>1.270136</speed><course>235.582535</course><hAcc>1.279466</hAcc><vAcc>0.917544</vAcc></extensions></trkpt>
      <trkpt lon="-82.152770" lat="33.552011"><ele>98.644865</ele><time>2024-06-18T14:53:52Z</time><extensions><speed>1.311900</speed><course>244.535344</course><hAcc>1.274102</hAcc><vAcc>0.919110</vAcc></extensions></trkpt>
      <trkpt lon="-82.152782" lat="33.552007"><ele>98.583453</ele><time>2024-06-18T14:53:53Z</time><extensions><speed>1.282141</speed><course>243.640963</course><hAcc>1.270899</hAcc><vAcc>0.920708</vAcc></extensions></trkpt>
      <trkpt lon="-82.152795" lat="33.552002"><ele>98.520526</ele><time>2024-06-18T14:53:54Z</time><extensions><speed>1.278010</speed><course>244.329958</course><hAcc>1.265440</hAcc><vAcc>0.922264</vAcc></extensions></trkpt>
      <trkpt lon="-82.152808" lat="33.551997"><ele>98.455861</ele><time>2024-06-18T14:53:55Z</time><extensions><speed>1.306683</speed><course>242.807954</course><hAcc>1.275442</hAcc><vAcc>0.923706</vAcc></extensions></trkpt>
      <trkpt lon="-82.152820" lat="33.551992"><ele>98.391400</ele><time>2024-06-18T14:53:56Z</time><extensions><speed>1.297101</speed><course>237.942914</course><hAcc>1.259624</hAcc><vAcc>0.924985</vAcc></extensions></trkpt>
      <trkpt lon="-82.152832" lat="33.551986"><ele>98.326986</ele><time>2024-06-18T14:53:57Z</time><extensions><speed>1.306422</speed><course>237.697286</course><hAcc>1.264741</hAcc><vAcc>0.926035</vAcc></extensions></trkpt>
      <trkpt lon="-82.152844" lat="33.551980"><ele>98.260668</ele><time>2024-06-18T14:53:58Z</time><extensions><speed>1.340375</speed><course>239.823678</course><hAcc>1.240233</hAcc><vAcc>0.926790</vAcc></extensions></trkpt>
      <trkpt lon="-82.152857" lat="33.551975"><ele>98.194870</ele><time>2024-06-18T14:53:59Z</time><extensions><speed>1.409045</speed><course>244.770437</course><hAcc>1.241163</hAcc><vAcc>0.927219</vAcc></extensions></trkpt>
      <trkpt lon="-82.152871" lat="33.551970"><ele>98.131375</ele><time>2024-06-18T14:54:00Z</time><extensions><speed>1.423081</speed><course>242.791662</course><hAcc>1.269132</hAcc><vAcc>0.927282</vAcc></extensions></trkpt>
      <trkpt lon="-82.152884" lat="33.551965"><ele>98.065019</ele><time>2024-06-18T14:54:01Z</time><extensions><speed>1.382369</speed><course>242.499692</course><hAcc>1.252329</hAcc><vAcc>0.927003</vAcc></extensions></trkpt>
      <trkpt lon="-82.152897" lat="33.551959"><ele>97.998219</ele><time>2024-06-18T14:54:02Z</time><extensions><speed>1.333574</speed><course>235.499465</course><hAcc>1.270042</hAcc><vAcc>0.926405</vAcc></extensions></trkpt>
      <trkpt lon="-82.152908" lat="33.551953"><ele>97.939351</ele><time>2024-06-18T14:54:03Z</time><extensions><speed>1.352200</speed><course>233.291372</course><hAcc>1.278259</hAcc><vAcc>0.925533</vAcc></extensions></trkpt>
      <trkpt lon="-82.152920" lat="33.551946"><ele>97.886717</ele><time>2024-06-18T14:54:04Z</time><extensions><speed>1.324506</speed><course>232.865125</course><hAcc>1.257530</hAcc><vAcc>0.924412</vAcc></extensions></trkpt>
      <trkpt lon="-82.152931" lat="33.551939"><ele>97.836592</ele><time>2024-06-18T14:54:05Z</time><extensions><speed>1.370056</speed><course>230.324363</course><hAcc>1.262652</hAcc><vAcc>0.923121</vAcc></extensions></trkpt>
      <trkpt lon="-82.152941" lat="33.551931"><ele>97.791843</ele><time>2024-06-18T14:54:06Z</time><extensions><speed>1.249577</speed><course>222.385982</course><hAcc>1.260768</hAcc><vAcc>0.921758</vAcc></extensions></trkpt>
      <trkpt lon="-82.152948" lat="33.551922"><ele>97.755878</ele><time>2024-06-18T14:54:07Z</time><extensions><speed>1.224768</speed><course>212.750231</course><hAcc>1.278979</hAcc><vAcc>0.920397</vAcc></extensions></trkpt>
      <trkpt lon="-82.152954" lat="33.551913"><ele>97.723689</ele><time>2024-06-18T14:54:08Z</time><extensions><speed>1.292400</speed><course>204.961102</course><hAcc>1.286405</hAcc><vAcc>0.919110</vAcc></extensions></trkpt>
      <trkpt lon="-82.152958" lat="33.551902"><ele>97.689710</ele><time>2024-06-18T14:54:09Z</time><extensions><speed>1.192380</speed><course>196.155647</course><hAcc>1.297162</hAcc><vAcc>0.917903</vAcc></extensions></trkpt>
      <trkpt lon="-82.152961" lat="33.551891"><ele>97.658734</ele><time>2024-06-18T14:54:10Z</time><extensions><speed>1.268435</speed><course>190.870972</course><hAcc>1.307032</hAcc><vAcc>0.916915</vAcc></extensions></trkpt>
      <trkpt lon="-82.152962" lat="33.551880"><ele>97.635003</ele><time>2024-06-18T14:54:11Z</time><extensions><speed>1.177649</speed><course>181.116113</course><hAcc>1.301956</hAcc><vAcc>0.916161</vAcc></extensions></trkpt>
      <trkpt lon="-82.152962" lat="33.551870"><ele>97.612968</ele><time>2024-06-18T14:54:12Z</time><extensions><speed>1.170980</speed><course>178.205758</course><hAcc>1.330543</hAcc><vAcc>0.915649</vAcc></extensions></trkpt>
      <trkpt lon="-82.152960" lat="33.551859"><ele>97.589721</ele><time>2024-06-18T14:54:13Z</time><extensions><speed>1.217007</speed><course>175.883492</course><hAcc>1.345930</hAcc><vAcc>0.915390</vAcc></extensions></trkpt>
      <trkpt lon="-82.152958" lat="33.551848"><ele>97.562985</ele><time>2024-06-18T14:54:14Z</time><extensions><speed>1.173625</speed><course>174.534028</course><hAcc>1.337194</hAcc><vAcc>0.915359</vAcc></extensions></trkpt>
      <trkpt lon="-82.152956" lat="33.551838"><ele>97.532793</ele><time>2024-06-18T14:54:15Z</time><extensions><speed>1.246727</speed><course>174.298181</course><hAcc>1.344216</hAcc><vAcc>0.915565</vAcc></extensions></trkpt>
      <trkpt lon="-82.152954" lat="33.551826"><ele>97.509565</ele><time>2024-06-18T14:54:16Z</time><extensions><speed>1.246934</speed><course>172.887175</course><hAcc>1.324264</hAcc><vAcc>0.915974</vAcc></extensions></trkpt>
      <trkpt lon="-82.152951" lat="33.551815"><ele>97.488596</ele><time>2024-06-18T14:54:17Z</time><extensions><speed>1.266300</speed><course>173.276538</course><hAcc>1.336742</hAcc><vAcc>0.916509</vAcc></extensions></trkpt>
      <trkpt lon="-82.152949" lat="33.551804"><ele>97.471372</ele><time>2024-06-18T14:54:18Z</time><extensions><speed>1.278290</speed><course>178.381502</course><hAcc>1.368331</hAcc><vAcc>0.917106</vAcc></extensions></trkpt>
      <trkpt lon="-82.152948" lat="33.551792"><ele>97.461426</ele><time>2024-06-18T14:54:19Z</time><extensions><speed>1.317951</speed><course>177.667878</course><hAcc>1.367438</hAcc><vAcc>0.917769</vAcc></extensions></trkpt>
      <trkpt lon="-82.152946" lat="33.551781"><ele>97.454887</ele><time>2024-06-18T14:54:20Z</time><extensions><speed>1.333009</speed><course>169.942237</course><hAcc>1.383456</hAcc><vAcc>0.918427</vAcc></extensions></trkpt>
      <trkpt lon="-82.152942" lat="33.551769"><ele>97.452604</ele><time>2024-06-18T14:54:21Z</time><extensions><speed>1.345476</speed><course>163.350670</course><hAcc>1.434223</hAcc><vAcc>0.919034</vAcc></extensions></trkpt>
      <trkpt lon="-82.152938" lat="33.551758"><ele>97.458501</ele><time>2024-06-18T14:54:22Z</time><extensions><speed>1.302854</speed><course>168.269653</course><hAcc>1.468335</hAcc><vAcc>0.919513</vAcc></extensions></trkpt>
      <trkpt lon="-82.152933" lat="33.551747"><ele>97.467867</ele><time>2024-06-18T14:54:23Z</time><extensions><speed>1.328643</speed><course>165.977369</course><hAcc>1.488174</hAcc><vAcc>0.919855</vAcc></extensions></trkpt>
      <trkpt lon="-82.152929" lat="33.551735"><ele>97.484673</ele><time>2024-06-18T14:54:24Z</time><extensions><speed>1.321617</speed><course>167.863131</course><hAcc>1.486912</hAcc><vAcc>0.920072</vAcc></extensions></trkpt>
      <trkpt lon="-82.152925" lat="33.551724"><ele>97.493643</ele><time>2024-06-18T14:54:25Z</time><extensions><speed>1.316224</speed><course>166.506450</course><hAcc>1.491292</hAcc><vAcc>0.920130</vAcc></extensions></trkpt>
      <trkpt lon="-82.152917" lat="33.551714"><ele>97.493965</ele><time>2024-06-18T14:54:26Z</time><extensions><speed>1.376438</speed><course>151.379569</course><hAcc>1.479006</hAcc><vAcc>0.919992</vAcc></extensions></trkpt>
      <trkpt lon="-82.152909" lat="33.551704"><ele>97.489598</ele><time>2024-06-18T14:54:27Z</time><extensions><speed>1.348162</speed><course>153.058172</course><hAcc>1.487565</hAcc><vAcc>0.919672</vAcc></extensions></trkpt>
      <trkpt lon="-82.152899" lat="33.551694"><ele>97.479339</ele><time>2024-06-18T14:54:28Z</time><extensions><speed>1.358199</speed><course>146.661891</course><hAcc>1.492768</hAcc><vAcc>0.919172</vAcc></extensions></trkpt>
      <trkpt lon="-82.152887" lat="33.551684"><ele>97.468384</ele><time>2024-06-18T14:54:29Z</time><extensions><speed>1.451194</speed><course>132.992745</course><hAcc>1.459154</hAcc><vAcc>0.918491</vAcc></extensions></trkpt>
      <trkpt lon="-82.152875" lat="33.551676"><ele>97.455002</ele><time>2024-06-18T14:54:30Z</time><extensions><speed>1.403616</speed><course>137.930956</course><hAcc>1.475115</hAcc><vAcc>0.917635</vAcc></extensions></trkpt>
      <trkpt lon="-82.152864" lat="33.551667"><ele>97.442765</ele><time>2024-06-18T14:54:31Z</time><extensions><speed>1.306807</speed><course>145.799414</course><hAcc>1.488810</hAcc><vAcc>0.916577</vAcc></extensions></trkpt>
      <trkpt lon="-82.152855" lat="33.551657"><ele>97.423934</ele><time>2024-06-18T14:54:32Z</time><extensions><speed>1.329539</speed><course>148.047033</course><hAcc>1.461562</hAcc><vAcc>0.915340</vAcc></extensions></trkpt>
      <trkpt lon="-82.152846" lat="33.551648"><ele>97.405667</ele><time>2024-06-18T14:54:33Z</time><extensions><speed>1.348373</speed><course>140.813652</course><hAcc>1.436043</hAcc><vAcc>0.913960</vAcc></extensions></trkpt>
      <trkpt lon="-82.152835" lat="33.551639"><ele>97.391560</ele><time>2024-06-18T14:54:34Z</time><extensions><speed>1.330326</speed><course>135.519727</course><hAcc>1.425863</hAcc><vAcc>0.912525</vAcc></extensions></trkpt>
      <trkpt lon="-82.152824" lat="33.551631"><ele>97.377229</ele><time>2024-06-18T14:54:35Z</time><extensions><speed>1.443973</speed><course>132.029670</course><hAcc>1.387917</hAcc><vAcc>0.911092</vAcc></extensions></trkpt>
      <trkpt lon="-82.152812" lat="33.551623"><ele>97.360742</ele><time>2024-06-18T14:54:36Z</time><extensions><speed>1.395088</speed><course>135.909678</course><hAcc>1.384363</hAcc><vAcc>0.909667</vAcc></extensions></trkpt>
      <trkpt lon="-82.152801" lat="33.551614"><ele>97.344028</ele><time>2024-06-18T14:54:37Z</time><extensions><speed>1.461477</speed><course>136.755364</course><hAcc>1.354485</hAcc><vAcc>0.908230</vAcc></extensions></trkpt>
      <trkpt lon="-82.152789" lat="33.551605"><ele>97.330978</ele><time>2024-06-18T14:54:38Z</time><extensions><speed>1.474272</speed><course>134.241867</course><hAcc>1.337666</hAcc><vAcc>0.906776</vAcc></extensions></trkpt>
      <trkpt lon="-82.152778" lat="33.551596"><ele>97.312446</ele><time>2024-06-18T14:54:39Z</time><extensions><speed>1.470659</speed><course>134.053666</course><hAcc>1.337747</hAcc><vAcc>0.905359</vAcc></extensions></trkpt>
      <trkpt lon="-82.152766" lat="33.551586"><ele>97.284348</ele><time>2024-06-18T14:54:40Z</time><extensions><speed>1.492657</speed><course>135.113720</course><hAcc>1.320247</hAcc><vAcc>0.903970</vAcc></extensions></trkpt>
      <trkpt lon="-82.152754" lat="33.551577"><ele>97.244987</ele><time>2024-06-18T14:54:41Z</time><extensions><speed>1.466944</speed><course>132.264706</course><hAcc>1.316967</hAcc><vAcc>0.902673</vAcc></extensions></trkpt>
      <trkpt lon="-82.152741" lat="33.551568"><ele>97.196018</ele><time>2024-06-18T14:54:42Z</time><extensions><speed>1.462977</speed><course>128.501331</course><hAcc>1.287799</hAcc><vAcc>0.901477</vAcc></extensions></trkpt>
      <trkpt lon="-82.152729" lat="33.551560"><ele>97.150074</ele><time>2024-06-18T14:54:43Z</time><extensions><speed>1.431467</speed><course>130.756948</course><hAcc>1.294577</hAcc><vAcc>0.900380</vAcc></extensions></trkpt>
      <trkpt lon="-82.152718" lat="33.551552"><ele>97.097628</ele><time>2024-06-18T14:54:44Z</time><extensions><speed>1.372216</speed><course>129.180219</course><hAcc>1.297025</hAcc><vAcc>0.899426</vAcc></extensions></trkpt>
      <trkpt lon="-82.152706" lat="33.551544"><ele>97.040643</ele><time>2024-06-18T14:54:45Z</time><extensions><speed>1.395315</speed><course>131.897999</course><hAcc>1.293115</hAcc><vAcc>0.898612</vAcc></extensions></trkpt>
      <trkpt lon="-82.152694" lat="33.551536"><ele>96.975160</ele><time>2024-06-18T14:54:46Z</time><extensions><speed>1.372645</speed><course>128.287270</course><hAcc>1.289689</hAcc><vAcc>0.897942</vAcc></extensions></trkpt>
      <trkpt lon="-82.152683" lat="33.551528"><ele>96.902722</ele><time>2024-06-18T14:54:47Z</time><extensions><speed>1.374646</speed><course>132.852668</course><hAcc>1.304419</hAcc><vAcc>0.897323</vAcc></extensions></trkpt>
      <trkpt lon="-82.152672" lat="33.551519"><ele>96.821807</ele><time>2024-06-18T14:54:48Z</time><extensions><speed>1.374463</speed><course>136.143450</course><hAcc>1.304410</hAcc><vAcc>0.896694</vAcc></extensions></trkpt>
      <trkpt lon="-82.152662" lat="33.551510"><ele>96.734628</ele><time>2024-06-18T14:54:49Z</time><extensions><speed>1.403990</speed><course>137.180848</course><hAcc>1.306068</hAcc><vAcc>0.896007</vAcc></extensions></trkpt>
      <trkpt lon="-82.152651" lat="33.551500"><ele>96.645294</ele><time>2024-06-18T14:54:50Z</time><extensions><speed>1.453350</speed><course>137.769090</course><hAcc>1.277653</hAcc><vAcc>0.895297</vAcc></extensions></trkpt>
      <trkpt lon="-82.152641" lat="33.551490"><ele>96.563209</ele><time>2024-06-18T14:54:51Z</time><extensions><speed>1.443468</speed><course>138.511319</course><hAcc>1.284653</hAcc><vAcc>0.894571</vAcc></extensions></trkpt>
      <trkpt lon="-82.152630" lat="33.551481"><ele>96.485342</ele><time>2024-06-18T14:54:52Z</time><extensions><speed>1.425483</speed><course>138.134544</course><hAcc>1.293581</hAcc><vAcc>0.893846</vAcc></extensions></trkpt>
      <trkpt lon="-82.152620" lat="33.551471"><ele>96.412580</ele><time>2024-06-18T14:54:53Z</time><extensions><speed>1.410570</speed><course>138.754605</course><hAcc>1.301749</hAcc><vAcc>0.893122</vAcc></extensions></trkpt>
      <trkpt lon="-82.152610" lat="33.551461"><ele>96.341783</ele><time>2024-06-18T14:54:54Z</time><extensions><speed>1.377119</speed><course>139.025557</course><hAcc>1.299423</hAcc><vAcc>0.892359</vAcc></extensions></trkpt>
      <trkpt lon="-82.152601" lat="33.551451"><ele>96.275860</ele><time>2024-06-18T14:54:55Z</time><extensions><speed>1.400954</speed><course>138.581248</course><hAcc>1.279564</hAcc><vAcc>0.891556</vAcc></extensions></trkpt>
      <trkpt lon="-82.152591" lat="33.551442"><ele>96.216505</ele><time>2024-06-18T14:54:56Z</time><extensions><speed>1.399431</speed><course>134.589260</course><hAcc>1.272903</hAcc><vAcc>0.890678</vAcc></extensions></trkpt>
      <trkpt lon="-82.152580" lat="33.551433"><ele>96.168830</ele><time>2024-06-18T14:54:57Z</time><extensions><speed>1.350807</speed><course>130.017993</course><hAcc>1.283962</hAcc><vAcc>0.889762</vAcc></extensions></trkpt>
      <trkpt lon="-82.152569" lat="33.551425"><ele>96.125070</ele><time>2024-06-18T14:54:58Z</time><extensions><speed>1.377940</speed><course>132.865568</course><hAcc>1.256837</hAcc><vAcc>0.888809</vAcc></extensions></trkpt>
      <trkpt lon="-82.152559" lat="33.551415"><ele>96.082973</ele><time>2024-06-18T14:54:59Z</time><extensions><speed>1.386937</speed><course>135.760189</course><hAcc>1.261158</hAcc><vAcc>0.887845</vAcc></extensions></trkpt>
      <trkpt lon="-82.152548" lat="33.551406"><ele>96.039775</ele><time>2024-06-18T14:55:00Z</time><extensions><speed>1.459133</speed><course>134.094236</course><hAcc>1.260092</hAcc><vAcc>0.886845</vAcc></extensions></trkpt>
      <trkpt lon="-82.152536" lat="33.551396"><ele>95.997860</ele><time>2024-06-18T14:55:01Z</time><extensions><speed>1.459240</speed><course>133.138930</course><hAcc>1.256400</hAcc><vAcc>0.885874</vAcc></extensions></trkpt>
      <trkpt lon="-82.152525" lat="33.551387"><ele>95.956073</ele><time>2024-06-18T14:55:02Z</time><extensions><speed>1.436437</speed><course>131.571114</course><hAcc>1.261475</hAcc><vAcc>0.884961</vAcc></extensions></trkpt>
      <trkpt lon="-82.152513" lat="33.551378"><ele>95.911480</ele><time>2024-06-18T14:55:03Z</time><extensions><speed>1.455561</speed><course>129.905658</course><hAcc>1.246585</hAcc><vAcc>0.884098</vAcc></extensions></trkpt>
      <trkpt lon="-82.152501" lat="33.551370"><ele>95.863119</ele><time>2024-06-18T14:55:04Z</time><extensions><speed>1.396529</speed><course>129.962024</course><hAcc>1.243920</hAcc><vAcc>0.883327</vAcc></extensions></trkpt>
      <trkpt lon="-82.152489" lat="33.551361"><ele>95.815115</ele><time>2024-06-18T14:55:05Z</time><extensions><speed>1.477026</speed><course>130.801480</course><hAcc>1.223998</hAcc><vAcc>0.882643</vAcc></extensions></trkpt>
      <trkpt lon="-82.152477" lat="33.551352"><ele>95.771110</ele><time>2024-06-18T14:55:06Z</time><extensions><speed>1.450327</speed><course>130.233278</course><hAcc>1.226234</hAcc><vAcc>0.882026</vAcc></extensions></trkpt>
      <trkpt lon="-82.152465" lat="33.551344"><ele>95.733447</ele><time>2024-06-18T14:55:07Z</time><extensions><speed>1.414911</speed><course>129.758249</course><hAcc>1.233904</hAcc><vAcc>0.881506</vAcc></extensions></trkpt>
      <trkpt lon="-82.152453" lat="33.551336"><ele>95.701555</ele><time>2024-06-18T14:55:08Z</time><extensions><speed>1.460150</speed><course>130.177457</course><hAcc>1.215060</hAcc><vAcc>0.881072</vAcc></extensions></trkpt>
      <trkpt lon="-82.152441" lat="33.551327"><ele>95.672511</ele><time>2024-06-18T14:55:09Z</time><extensions><speed>1.501427</speed><course>133.284870</course><hAcc>1.209952</hAcc><vAcc>0.880683</vAcc></extensions></trkpt>
      <trkpt lon="-82.152429" lat="33.551318"><ele>95.651208</ele><time>2024-06-18T14:55:10Z</time><extensions><speed>1.486306</speed><course>133.758079</course><hAcc>1.217027</hAcc><vAcc>0.880375</vAcc></extensions></trkpt>
      <trkpt lon="-82.152417" lat="33.551309"><ele>95.640579</ele><time>2024-06-18T14:55:11Z</time><extensions><speed>1.509909</speed><course>132.086707</course><hAcc>1.203757</hAcc><vAcc>0.880127</vAcc></extensions></trkpt>
      <trkpt lon="-82.152406" lat="33.551300"><ele>95.642202</ele><time>2024-06-18T14:55:12Z</time><extensions><speed>1.484020</speed><course>131.776172</course><hAcc>1.203585</hAcc><vAcc>0.879925</vAcc></extensions></trkpt>
      <trkpt lon="-82.152394" lat="33.551291"><ele>95.659596</ele><time>2024-06-18T14:55:13Z</time><extensions><speed>1.501778</speed><course>132.092327</course><hAcc>1.188152</hAcc><vAcc>0.879701</vAcc></extensions></trkpt>
      <trkpt lon="-82.152383" lat="33.551283"><ele>95.688710</ele><time>2024-06-18T14:55:14Z</time><extensions><speed>1.493144</speed><course>132.023958</course><hAcc>1.187136</hAcc><vAcc>0.879405</vAcc></extensions></trkpt>
      <trkpt lon="-82.152372" lat="33.551274"><ele>95.725900</ele><time>2024-06-18T14:55:15Z</time><extensions><speed>1.495298</speed><course>131.976470</course><hAcc>1.190779</hAcc><vAcc>0.879019</vAcc></extensions></trkpt>
      <trkpt lon="-82.152360" lat="33.551265"><ele>95.772936</ele><time>2024-06-18T14:55:16Z</time><extensions><speed>1.453614</speed><course>132.275846</course><hAcc>1.187562</hAcc><vAcc>0.878519</vAcc></extensions></trkpt>
      <trkpt lon="-82.152349" lat="33.551256"><ele>95.833056</ele><time>2024-06-18T14:55:17Z</time><extensions><speed>1.448787</speed><course>131.499335</course><hAcc>1.202136</hAcc><vAcc>0.877857</vAcc></extensions></trkpt>
      <trkpt lon="-82.152338" lat="33.551248"><ele>95.902763</ele><time>2024-06-18T14:55:18Z</time><extensions><speed>1.403414</speed><course>130.701641</course><hAcc>1.185801</hAcc><vAcc>0.876986</vAcc></extensions></trkpt>
      <trkpt lon="-82.152328" lat="33.551240"><ele>95.983774</ele><time>2024-06-18T14:55:19Z</time><extensions><speed>1.387957</speed><course>130.623624</course><hAcc>1.185501</hAcc><vAcc>0.875909</vAcc></extensions></trkpt>
      <trkpt lon="-82.152317" lat="33.551231"><ele>96.077148</ele><time>2024-06-18T14:55:20Z</time><extensions><speed>1.440115</speed><course>129.071986</course><hAcc>1.191684</hAcc><vAcc>0.874630</vAcc></extensions></trkpt>
      <trkpt lon="-82.152306" lat="33.551223"><ele>96.185301</ele><time>2024-06-18T14:55:21Z</time><extensions><speed>1.349517</speed><course>129.918724</course><hAcc>1.174881</hAcc><vAcc>0.873135</vAcc></extensions></trkpt>
      <trkpt lon="-82.152295" lat="33.551215"><ele>96.300967</ele><time>2024-06-18T14:55:22Z</time><extensions><speed>1.380564</speed><course>125.290709</course><hAcc>1.191539</hAcc><vAcc>0.871470</vAcc></extensions></trkpt>
      <trkpt lon="-82.152284" lat="33.551208"><ele>96.417358</ele><time>2024-06-18T14:55:23Z</time><extensions><speed>1.254258</speed><course>123.065604</course><hAcc>1.174990</hAcc><vAcc>0.869697</vAcc></extensions></trkpt>
      <trkpt lon="-82.152274" lat="33.551201"><ele>96.540450</ele><time>2024-06-18T14:55:24Z</time><extensions><speed>1.202651</speed><course>122.407273</course><hAcc>1.177201</hAcc><vAcc>0.867841</vAcc></extensions></trkpt>
      <trkpt lon="-82.152264" lat="33.551195"><ele>96.672210</ele><time>2024-06-18T14:55:25Z</time><extensions><speed>1.282783</speed><course>124.996337</course><hAcc>1.191963</hAcc><vAcc>0.865974</vAcc></extensions></trkpt>
      <trkpt lon="-82.152254" lat="33.551188"><ele>96.803343</ele><time>2024-06-18T14:55:26Z</time><extensions><speed>1.198166</speed><course>122.159371</course><hAcc>1.189865</hAcc><vAcc>0.864185</vAcc></extensions></trkpt>
      <trkpt lon="-82.152243" lat="33.551181"><ele>96.932935</ele><time>2024-06-18T14:55:27Z</time><extensions><speed>1.198374</speed><course>120.527260</course><hAcc>1.197121</hAcc><vAcc>0.862542</vAcc></extensions></trkpt>
      <trkpt lon="-82.152232" lat="33.551175"><ele>97.063669</ele><time>2024-06-18T14:55:28Z</time><extensions><speed>1.263903</speed><course>119.766877</course><hAcc>1.203956</hAcc><vAcc>0.861109</vAcc></extensions></trkpt>
      <trkpt lon="-82.152221" lat="33.551168"><ele>97.194821</ele><time>2024-06-18T14:55:29Z</time><extensions><speed>1.203086</speed><course>118.142865</course><hAcc>1.188527</hAcc><vAcc>0.859928</vAcc></extensions></trkpt>
      <trkpt lon="-82.152210" lat="33.551162"><ele>97.325761</ele><time>2024-06-18T14:55:30Z</time><extensions><speed>1.289467</speed><course>121.311268</course><hAcc>1.195166</hAcc><vAcc>0.859014</vAcc></extensions></trkpt>
      <trkpt lon="-82.152199" lat="33.551156"><ele>97.458710</ele><time>2024-06-18T14:55:31Z</time><extensions><speed>1.235390</speed><course>126.124233</course><hAcc>1.182735</hAcc><vAcc>0.858401</vAcc></extensions></trkpt>
      <trkpt lon="-82.152189" lat="33.551149"><ele>97.592938</ele><time>2024-06-18T14:55:32Z</time><extensions><speed>1.221745</speed><course>122.274595</course><hAcc>1.201059</hAcc><vAcc>0.858049</vAcc></extensions></trkpt>
      <trkpt lon="-82.152178" lat="33.551142"><ele>97.722508</ele><time>2024-06-18T14:55:33Z</time><extensions><speed>1.267734</speed><course>124.052864</course><hAcc>1.215094</hAcc><vAcc>0.857979</vAcc></extensions></trkpt>
      <trkpt lon="-82.152168" lat="33.551135"><ele>97.837246</ele><time>2024-06-18T14:55:34Z</time><extensions><speed>1.276033</speed><course>131.587841</course><hAcc>1.197858</hAcc><vAcc>0.858098</vAcc></extensions></trkpt>
      <trkpt lon="-82.152157" lat="33.551127"><ele>97.940934</ele><time>2024-06-18T14:55:35Z</time><extensions><speed>1.311317</speed><course>127.273027</course><hAcc>1.223027</hAcc><vAcc>0.858381</vAcc></extensions></trkpt>
      <trkpt lon="-82.152147" lat="33.551119"><ele>98.038727</ele><time>2024-06-18T14:55:36Z</time><extensions><speed>1.314692</speed><course>130.474922</course><hAcc>1.210537</hAcc><vAcc>0.858734</vAcc></extensions></trkpt>
      <trkpt lon="-82.152137" lat="33.551111"><ele>98.129743</ele><time>2024-06-18T14:55:37Z</time><extensions><speed>1.335066</speed><course>127.405198</course><hAcc>1.223829</hAcc><vAcc>0.859092</vAcc></extensions></trkpt>
      <trkpt lon="-82.152126" lat="33.551103"><ele>98.215578</ele><time>2024-06-18T14:55:38Z</time><extensions><speed>1.377751</speed><course>127.871821</course><hAcc>1.228638</hAcc><vAcc>0.859403</vAcc></extensions></trkpt>
      <trkpt lon="-82.152115" lat="33.551095"><ele>98.296304</ele><time>2024-06-18T14:55:39Z</time><extensions><speed>1.355824</speed><course>129.658507</course><hAcc>1.208964</hAcc><vAcc>0.859657</vAcc></extensions></trkpt>
      <trkpt lon="-82.152105" lat="33.551086"><ele>98.375074</ele><time>2024-06-18T14:55:40Z</time><extensions><speed>1.408484</speed><course>133.967505</course><hAcc>1.215852</hAcc><vAcc>0.859863</vAcc></extensions></trkpt>
      <trkpt lon="-82.152094" lat="33.551077"><ele>98.441144</ele><time>2024-06-18T14:55:41Z</time><extensions><speed>1.338380</speed><course>122.786027</course><hAcc>1.225685</hAcc><vAcc>0.860069</vAcc></extensions></trkpt>
      <trkpt lon="-82.152083" lat="33.551070"><ele>98.497711</ele><time>2024-06-18T14:55:42Z</time><extensions><speed>1.336714</speed><course>122.931923</course><hAcc>1.227457</hAcc><vAcc>0.860294</vAcc></extensions></trkpt>
      <trkpt lon="-82.152071" lat="33.551063"><ele>98.553747</ele><time>2024-06-18T14:55:43Z</time><extensions><speed>1.335979</speed><course>123.602615</course><hAcc>1.235081</hAcc><vAcc>0.860574</vAcc></extensions></trkpt>
      <trkpt lon="-82.152060" lat="33.551055"><ele>98.602526</ele><time>2024-06-18T14:55:44Z</time><extensions><speed>1.302458</speed><course>122.298796</course><hAcc>1.223610</hAcc><vAcc>0.860909</vAcc></extensions></trkpt>
      <trkpt lon="-82.152048" lat="33.551048"><ele>98.642020</ele><time>2024-06-18T14:55:45Z</time><extensions><speed>1.303774</speed><course>121.742608</course><hAcc>1.223335</hAcc><vAcc>0.861401</vAcc></extensions></trkpt>
      <trkpt lon="-82.152037" lat="33.551040"><ele>98.686746</ele><time>2024-06-18T14:55:46Z</time><extensions><speed>1.330268</speed><course>122.658260</course><hAcc>1.227367</hAcc><vAcc>0.862129</vAcc></extensions></trkpt>
      <trkpt lon="-82.152025" lat="33.551033"><ele>98.732475</ele><time>2024-06-18T14:55:47Z</time><extensions><speed>1.300162</speed><course>122.632452</course><hAcc>1.214664</hAcc><vAcc>0.863212</vAcc></extensions></trkpt>
      <trkpt lon="-82.152013" lat="33.551026"><ele>98.781482</ele><time>2024-06-18T14:55:48Z</time><extensions><speed>1.274382</speed><course>116.799473</course><hAcc>1.234708</hAcc><vAcc>0.864759</vAcc></extensions></trkpt>
      <trkpt lon="-82.152001" lat="33.551020"><ele>98.839909</ele><time>2024-06-18T14:55:49Z</time><extensions><speed>1.276956</speed><course>118.991722</course><hAcc>1.217300</hAcc><vAcc>0.866786</vAcc></extensions></trkpt>
      <trkpt lon="-82.151989" lat="33.551014"><ele>98.896812</ele><time>2024-06-18T14:55:50Z</time><extensions><speed>1.282197</speed><course>114.650211</course><hAcc>1.239477</hAcc><vAcc>0.869318</vAcc></extensions></trkpt>
      <trkpt lon="-82.151978" lat="33.551009"><ele>98.955541</ele><time>2024-06-18T14:55:51Z</time><extensions><speed>1.289851</speed><course>114.592415</course><hAcc>1.256888</hAcc><vAcc>0.872336</vAcc></extensions></trkpt>
      <trkpt lon="-82.151966" lat="33.551005"><ele>99.013538</ele><time>2024-06-18T14:55:52Z</time><extensions><speed>1.295294</speed><course>112.315588</course><hAcc>1.248612</hAcc><vAcc>0.875794</vAcc></extensions></trkpt>
      <trkpt lon="-82.151954" lat="33.551000"><ele>99.065995</ele><time>2024-06-18T14:55:53Z</time><extensions><speed>1.318306</speed><course>113.179485</course><hAcc>1.260094</hAcc><vAcc>0.879653</vAcc></extensions></trkpt>
      <trkpt lon="-82.151943" lat="33.550995"><ele>99.123740</ele><time>2024-06-18T14:55:54Z</time><extensions><speed>1.364292</speed><course>121.224887</course><hAcc>1.250890</hAcc><vAcc>0.883925</vAcc></extensions></trkpt>
      <trkpt lon="-82.151933" lat="33.550988"><ele>99.181420</ele><time>2024-06-18T14:55:55Z</time><extensions><speed>1.427204</speed><course>137.463517</course><hAcc>1.278819</hAcc><vAcc>0.888623</vAcc></extensions></trkpt>
      <trkpt lon="-82.151926" lat="33.550977"><ele>99.224636</ele><time>2024-06-18T14:55:56Z</time><extensions><speed>1.669300</speed><course>151.574935</course><hAcc>1.344088</hAcc><vAcc>0.893711</vAcc></extensions></trkpt>
      <trkpt lon="-82.151922" lat="33.550962"><ele>99.237891</ele><time>2024-06-18T14:55:57Z</time><extensions><speed>1.824384</speed><course>166.296309</course><hAcc>1.388348</hAcc><vAcc>0.899011</vAcc></extensions></trkpt>
      <trkpt lon="-82.151922" lat="33.550946"><ele>99.224354</ele><time>2024-06-18T14:55:58Z</time><extensions><speed>1.800056</speed><course>173.227558</course><hAcc>1.437998</hAcc><vAcc>0.904420</vAcc></extensions></trkpt>
      <trkpt lon="-82.151922" lat="33.550930"><ele>99.182573</ele><time>2024-06-18T14:55:59Z</time><extensions><speed>1.816995</speed><course>164.837678</course><hAcc>1.465594</hAcc><vAcc>0.909823</vAcc></extensions></trkpt>
      <trkpt lon="-82.151923" lat="33.550919"><ele>99.129399</ele><time>2024-06-18T14:56:00Z</time><extensions><speed>0.737913</speed><course>180.792972</course><hAcc>1.452327</hAcc><vAcc>0.915205</vAcc></extensions></trkpt>
      <trkpt lon="-82.151927" lat="33.550913"><ele>99.069551</ele><time>2024-06-18T14:56:01Z</time><extensions><speed>0.406627</speed><course>151.710664</course><hAcc>1.459482</hAcc><vAcc>0.920409</vAcc></extensions></trkpt>
      <trkpt lon="-82.151928" lat="33.550911"><ele>99.007407</ele><time>2024-06-18T14:56:02Z</time><extensions><speed>0.395156</speed><course>118.852771</course><hAcc>1.459437</hAcc><vAcc>0.925405</vAcc></extensions></trkpt>
      <trkpt lon="-82.151928" lat="33.550909"><ele>98.928657</ele><time>2024-06-18T14:56:03Z</time><extensions><speed>0.466607</speed><course>120.767812</course><hAcc>1.443038</hAcc><vAcc>0.930131</vAcc></extensions></trkpt>
      <trkpt lon="-82.151926" lat="33.550906"><ele>98.836795</ele><time>2024-06-18T14:56:04Z</time><extensions><speed>0.569601</speed><course>115.046582</course><hAcc>1.420819</hAcc><vAcc>0.934413</vAcc></extensions></trkpt>
      <trkpt lon="-82.151924" lat="33.550905"><ele>98.745001</ele><time>2024-06-18T14:56:05Z</time><extensions><speed>0.430333</speed><course>85.678735</course><hAcc>1.403888</hAcc><vAcc>0.938228</vAcc></extensions></trkpt>
      <trkpt lon="-82.151922" lat="33.550906"><ele>98.653326</ele><time>2024-06-18T14:56:06Z</time><extensions><speed>0.437197</speed><course>42.015001</course><hAcc>1.403137</hAcc><vAcc>0.941519</vAcc></extensions></trkpt>
      <trkpt lon="-82.151926" lat="33.550911"><ele>98.551067</ele><time>2024-06-18T14:56:07Z</time><extensions><speed>1.110941</speed><course>320.897305</course><hAcc>1.379645</hAcc><vAcc>0.944221</vAcc></extensions></trkpt>
      <trkpt lon="-82.151936" lat="33.550920"><ele>98.439480</ele><time>2024-06-18T14:56:08Z</time><extensions><speed>1.517581</speed><course>322.917456</course><hAcc>1.402756</hAcc><vAcc>0.946284</vAcc></extensions></trkpt>
      <trkpt lon="-82.151950" lat="33.550931"><ele>98.321345</ele><time>2024-06-18T14:56:09Z</time><extensions><speed>1.727479</speed><course>314.427260</course><hAcc>1.418783</hAcc><vAcc>0.947684</vAcc></extensions></trkpt>
      <trkpt lon="-82.151969" lat="33.550939"><ele>98.199108</ele><time>2024-06-18T14:56:10Z</time><extensions><speed>1.918288</speed><course>295.807329</course><hAcc>1.401900</hAcc><vAcc>0.948452</vAcc></extensions></trkpt>
      <trkpt lon="-82.151991" lat="33.550947"><ele>98.068571</ele><time>2024-06-18T14:56:11Z</time><extensions><speed>1.995358</speed><course>298.420029</course><hAcc>1.413968</hAcc><vAcc>0.948613</vAcc></extensions></trkpt>
      <trkpt lon="-82.152013" lat="33.550954"><ele>97.930950</ele><time>2024-06-18T14:56:12Z</time><extensions><speed>2.141901</speed><course>296.403770</course><hAcc>1.406780</hAcc><vAcc>0.948209</vAcc></extensions></trkpt>
      <trkpt lon="-82.152038" lat="33.550962"><ele>97.789197</ele><time>2024-06-18T14:56:13Z</time><extensions><speed>2.215696</speed><course>291.748313</course><hAcc>1.399987</hAcc><vAcc>0.947302</vAcc></extensions></trkpt>
      <trkpt lon="-82.152061" lat="33.550969"><ele>97.644936</ele><time>2024-06-18T14:56:14Z</time><extensions><speed>2.101080</speed><course>294.051226</course><hAcc>1.423028</hAcc><vAcc>0.945998</vAcc></extensions></trkpt>
      <trkpt lon="-82.152083" lat="33.550976"><ele>97.503727</ele><time>2024-06-18T14:56:15Z</time><extensions><speed>2.030031</speed><course>295.443176</course><hAcc>1.429628</hAcc><vAcc>0.944419</vAcc></extensions></trkpt>
      <trkpt lon="-82.152104" lat="33.550983"><ele>97.354519</ele><time>2024-06-18T14:56:16Z</time><extensions><speed>1.954813</speed><course>298.906128</course><hAcc>1.438040</hAcc><vAcc>0.942584</vAcc></extensions></trkpt>
      <trkpt lon="-82.152123" lat="33.550991"><ele>97.205993</ele><time>2024-06-18T14:56:17Z</time><extensions><speed>1.728840</speed><course>299.095750</course><hAcc>1.446238</hAcc><vAcc>0.940583</vAcc></extensions></trkpt>
      <trkpt lon="-82.152141" lat="33.550999"><ele>97.063823</ele><time>2024-06-18T14:56:18Z</time><extensions><speed>1.880141</speed><course>308.183045</course><hAcc>1.429638</hAcc><vAcc>0.938493</vAcc></extensions></trkpt>
      <trkpt lon="-82.152160" lat="33.551007"><ele>96.925007</ele><time>2024-06-18T14:56:19Z</time><extensions><speed>1.760273</speed><course>302.193784</course><hAcc>1.418938</hAcc><vAcc>0.936391</vAcc></extensions></trkpt>
      <trkpt lon="-82.152178" lat="33.551015"><ele>96.789570</ele><time>2024-06-18T14:56:20Z</time><extensions><speed>1.910231</speed><course>307.476686</course><hAcc>1.400950</hAcc><vAcc>0.934366</vAcc></extensions></trkpt>
      <trkpt lon="-82.152197" lat="33.551025"><ele>96.656212</ele><time>2024-06-18T14:56:21Z</time><extensions><speed>1.911046</speed><course>305.626193</course><hAcc>1.391590</hAcc><vAcc>0.932467</vAcc></extensions></trkpt>
      <trkpt lon="-82.152214" lat="33.551035"><ele>96.527810</ele><time>2024-06-18T14:56:22Z</time><extensions><speed>1.913254</speed><course>306.475332</course><hAcc>1.400381</hAcc><vAcc>0.930716</vAcc></extensions></trkpt>
      <trkpt lon="-82.152231" lat="33.551045"><ele>96.407883</ele><time>2024-06-18T14:56:23Z</time><extensions><speed>1.885685</speed><course>312.261561</course><hAcc>1.417355</hAcc><vAcc>0.929138</vAcc></extensions></trkpt>
      <trkpt lon="-82.152247" lat="33.551056"><ele>96.296437</ele><time>2024-06-18T14:56:24Z</time><extensions><speed>1.854924</speed><course>311.298594</course><hAcc>1.420021</hAcc><vAcc>0.927721</vAcc></extensions></trkpt>
      <trkpt lon="-82.152264" lat="33.551067"><ele>96.190005</ele><time>2024-06-18T14:56:25Z</time><extensions><speed>1.864514</speed><course>305.827727</course><hAcc>1.417897</hAcc><vAcc>0.926491</vAcc></extensions></trkpt>
      <trkpt lon="-82.152280" lat="33.551077"><ele>96.084485</ele><time>2024-06-18T14:56:26Z</time><extensions><speed>1.793604</speed><course>312.351225</course><hAcc>1.441664</hAcc><vAcc>0.925453</vAcc></extensions></trkpt>
      <trkpt lon="-82.152294" lat="33.551087"><ele>95.989152</ele><time>2024-06-18T14:56:27Z</time><extensions><speed>1.685667</speed><course>316.280846</course><hAcc>1.452498</hAcc><vAcc>0.924625</vAcc></extensions></trkpt>
      <trkpt lon="-82.152306" lat="33.551098"><ele>95.906951</ele><time>2024-06-18T14:56:28Z</time><extensions><speed>1.670856</speed><course>316.046620</course><hAcc>1.435180</hAcc><vAcc>0.924010</vAcc></extensions></trkpt>
      <trkpt lon="-82.152319" lat="33.551109"><ele>95.833830</ele><time>2024-06-18T14:56:29Z</time><extensions><speed>1.629232</speed><course>317.369815</course><hAcc>1.437927</hAcc><vAcc>0.923634</vAcc></extensions></trkpt>
      <trkpt lon="-82.152332" lat="33.551119"><ele>95.772208</ele><time>2024-06-18T14:56:30Z</time><extensions><speed>1.665593</speed><course>316.142084</course><hAcc>1.408412</hAcc><vAcc>0.923475</vAcc></extensions></trkpt>
      <trkpt lon="-82.152345" lat="33.551130"><ele>95.716776</ele><time>2024-06-18T14:56:31Z</time><extensions><speed>1.670790</speed><course>317.482919</course><hAcc>1.408537</hAcc><vAcc>0.923471</vAcc></extensions></trkpt>
      <trkpt lon="-82.152357" lat="33.551141"><ele>95.663283</ele><time>2024-06-18T14:56:32Z</time><extensions><speed>1.643492</speed><course>318.517728</course><hAcc>1.413610</hAcc><vAcc>0.923625</vAcc></extensions></trkpt>
      <trkpt lon="-82.152370" lat="33.551151"><ele>95.610466</ele><time>2024-06-18T14:56:33Z</time><extensions><speed>1.711549</speed><course>314.869060</course><hAcc>1.391194</hAcc><vAcc>0.923912</vAcc></extensions></trkpt>
      <trkpt lon="-82.152384" lat="33.551162"><ele>95.555386</ele><time>2024-06-18T14:56:34Z</time><extensions><speed>1.719482</speed><course>315.570152</course><hAcc>1.411407</hAcc><vAcc>0.924295</vAcc></extensions></trkpt>
      <trkpt lon="-82.152397" lat="33.551173"><ele>95.497319</ele><time>2024-06-18T14:56:35Z</time><extensions><speed>1.704618</speed><course>314.864912</course><hAcc>1.419310</hAcc><vAcc>0.924741</vAcc></extensions></trkpt>
      <trkpt lon="-82.152410" lat="33.551183"><ele>95.442666</ele><time>2024-06-18T14:56:36Z</time><extensions><speed>1.649068</speed><course>315.606789</course><hAcc>1.439215</hAcc><vAcc>0.925227</vAcc></extensions></trkpt>
      <trkpt lon="-82.152423" lat="33.551194"><ele>95.391331</ele><time>2024-06-18T14:56:37Z</time><extensions><speed>1.578814</speed><course>316.050691</course><hAcc>1.444763</hAcc><vAcc>0.925702</vAcc></extensions></trkpt>
      <trkpt lon="-82.152435" lat="33.551204"><ele>95.340396</ele><time>2024-06-18T14:56:38Z</time><extensions><speed>1.576814</speed><course>316.944466</course><hAcc>1.431575</hAcc><vAcc>0.926174</vAcc></extensions></trkpt>
      <trkpt lon="-82.152447" lat="33.551214"><ele>95.294097</ele><time>2024-06-18T14:56:39Z</time><extensions><speed>1.576279</speed><course>315.673915</course><hAcc>1.423182</hAcc><vAcc>0.926656</vAcc></extensions></trkpt>
      <trkpt lon="-82.152459" lat="33.551224"><ele>95.253875</ele><time>2024-06-18T14:56:40Z</time><extensions><speed>1.552995</speed><course>314.931318</course><hAcc>1.430605</hAcc><vAcc>0.927096</vAcc></extensions></trkpt>
      <trkpt lon="-82.152471" lat="33.551233"><ele>95.217157</ele><time>2024-06-18T14:56:41Z</time><extensions><speed>1.570421</speed><course>313.663772</course><hAcc>1.417081</hAcc><vAcc>0.927443</vAcc></extensions></trkpt>
      <trkpt lon="-82.152484" lat="33.551242"><ele>95.179676</ele><time>2024-06-18T14:56:42Z</time><extensions><speed>1.583318</speed><course>309.651675</course><hAcc>1.420094</hAcc><vAcc>0.927712</vAcc></extensions></trkpt>
      <trkpt lon="-82.152498" lat="33.551251"><ele>95.143644</ele><time>2024-06-18T14:56:43Z</time><extensions><speed>1.574087</speed><course>308.624441</course><hAcc>1.434522</hAcc><vAcc>0.927836</vAcc></extensions></trkpt>
      <trkpt lon="-82.152511" lat="33.551260"><ele>95.105728</ele><time>2024-06-18T14:56:44Z</time><extensions><speed>1.584280</speed><course>309.195564</course><hAcc>1.431509</hAcc><vAcc>0.927841</vAcc></extensions></trkpt>
      <trkpt lon="-82.152524" lat="33.551269"><ele>95.067423</ele><time>2024-06-18T14:56:45Z</time><extensions><speed>1.570554</speed><course>309.760395</course><hAcc>1.441038</hAcc><vAcc>0.927706</vAcc></extensions></trkpt>
      <trkpt lon="-82.152538" lat="33.551278"><ele>95.026578</ele><time>2024-06-18T14:56:46Z</time><extensions><speed>1.574279</speed><course>310.100926</course><hAcc>1.426700</hAcc><vAcc>0.927424</vAcc></extensions></trkpt>
      <trkpt lon="-82.152551" lat="33.551287"><ele>94.988188</ele><time>2024-06-18T14:56:47Z</time><extensions><speed>1.563049</speed><course>309.793408</course><hAcc>1.436103</hAcc><vAcc>0.927046</vAcc></extensions></trkpt>
      <trkpt lon="-82.152564" lat="33.551296"><ele>94.949260</ele><time>2024-06-18T14:56:48Z</time><extensions><speed>1.562891</speed><course>309.991376</course><hAcc>1.431795</hAcc><vAcc>0.926555</vAcc></extensions></trkpt>
      <trkpt lon="-82.152577" lat="33.551305"><ele>94.909647</ele><time>2024-06-18T14:56:49Z</time><extensions><speed>1.559225</speed><course>310.447392</course><hAcc>1.455396</hAcc><vAcc>0.925952</vAcc></extensions></trkpt>
      <trkpt lon="-82.152590" lat="33.551314"><ele>94.865400</ele><time>2024-06-18T14:56:50Z</time><extensions><speed>1.530886</speed><course>310.804198</course><hAcc>1.462991</hAcc><vAcc>0.925205</vAcc></extensions></trkpt>
      <trkpt lon="-82.152603" lat="33.551322"><ele>94.815696</ele><time>2024-06-18T14:56:51Z</time><extensions><speed>1.517549</speed><course>312.093108</course><hAcc>1.444200</hAcc><vAcc>0.924305</vAcc></extensions></trkpt>
      <trkpt lon="-82.152615" lat="33.551331"><ele>94.765161</ele><time>2024-06-18T14:56:52Z</time><extensions><speed>1.504068</speed><course>312.654097</course><hAcc>1.442593</hAcc><vAcc>0.923275</vAcc></extensions></trkpt>
      <trkpt lon="-82.152627" lat="33.551340"><ele>94.710405</ele><time>2024-06-18T14:56:53Z</time><extensions><speed>1.467274</speed><course>313.212384</course><hAcc>1.440642</hAcc><vAcc>0.922140</vAcc></extensions></trkpt>
      <trkpt lon="-82.152638" lat="33.551348"><ele>94.653892</ele><time>2024-06-18T14:56:54Z</time><extensions><speed>1.477429</speed><course>313.869027</course><hAcc>1.410705</hAcc><vAcc>0.920807</vAcc></extensions></trkpt>
      <trkpt lon="-82.152649" lat="33.551357"><ele>94.594838</ele><time>2024-06-18T14:56:55Z</time><extensions><speed>1.482474</speed><course>315.989761</course><hAcc>1.424322</hAcc><vAcc>0.919281</vAcc></extensions></trkpt>
      <trkpt lon="-82.152661" lat="33.551367"><ele>94.529129</ele><time>2024-06-18T14:56:56Z</time><extensions><speed>1.473585</speed><course>316.204873</course><hAcc>1.394175</hAcc><vAcc>0.917621</vAcc></extensions></trkpt>
      <trkpt lon="-82.152672" lat="33.551375"><ele>94.459559</ele><time>2024-06-18T14:56:57Z</time><extensions><speed>1.474393</speed><course>314.976342</course><hAcc>1.374847</hAcc><vAcc>0.915804</vAcc></extensions></trkpt>
      <trkpt lon="-82.152683" lat="33.551384"><ele>94.385361</ele><time>2024-06-18T14:56:58Z</time><extensions><speed>1.510374</speed><course>314.672653</course><hAcc>1.376987</hAcc><vAcc>0.913875</vAcc></extensions></trkpt>
      <trkpt lon="-82.152695" lat="33.551393"><ele>94.311821</ele><time>2024-06-18T14:56:59Z</time><extensions><speed>1.497010</speed><course>316.074692</course><hAcc>1.366319</hAcc><vAcc>0.911862</vAcc></extensions></trkpt>
      <trkpt lon="-82.152707" lat="33.551403"><ele>94.240370</ele><time>2024-06-18T14:57:00Z</time><extensions><speed>1.505865</speed><course>316.470216</course><hAcc>1.365570</hAcc><vAcc>0.909789</vAcc></extensions></trkpt>
      <trkpt lon="-82.152719" lat="33.551411"><ele>94.174383</ele><time>2024-06-18T14:57:01Z</time><extensions><speed>1.433576</speed><course>313.101685</course><hAcc>1.326328</hAcc><vAcc>0.907695</vAcc></extensions></trkpt>
      <trkpt lon="-82.152730" lat="33.551420"><ele>94.116144</ele><time>2024-06-18T14:57:02Z</time><extensions><speed>1.407602</speed><course>317.875242</course><hAcc>1.324328</hAcc><vAcc>0.905634</vAcc></extensions></trkpt>
      <trkpt lon="-82.152741" lat="33.551429"><ele>94.063805</ele><time>2024-06-18T14:57:03Z</time><extensions><speed>1.419908</speed><course>315.997978</course><hAcc>1.318262</hAcc><vAcc>0.903612</vAcc></extensions></trkpt>
      <trkpt lon="-82.152752" lat="33.551437"><ele>94.022829</ele><time>2024-06-18T14:57:04Z</time><extensions><speed>1.397635</speed><course>316.118459</course><hAcc>1.296847</hAcc><vAcc>0.901676</vAcc></extensions></trkpt>
      <trkpt lon="-82.152763" lat="33.551446"><ele>93.995435</ele><time>2024-06-18T14:57:05Z</time><extensions><speed>1.402907</speed><course>314.728922</course><hAcc>1.290300</hAcc><vAcc>0.899877</vAcc></extensions></trkpt>
      <trkpt lon="-82.152775" lat="33.551454"><ele>93.975947</ele><time>2024-06-18T14:57:06Z</time><extensions><speed>1.379457</speed><course>315.487102</course><hAcc>1.275836</hAcc><vAcc>0.898176</vAcc></extensions></trkpt>
      <trkpt lon="-82.152786" lat="33.551463"><ele>93.967584</ele><time>2024-06-18T14:57:07Z</time><extensions><speed>1.375042</speed><course>313.181996</course><hAcc>1.270467</hAcc><vAcc>0.896577</vAcc></extensions></trkpt>
      <trkpt lon="-82.152798" lat="33.551471"><ele>93.970513</ele><time>2024-06-18T14:57:08Z</time><extensions><speed>1.387617</speed><course>308.786488</course><hAcc>1.274284</hAcc><vAcc>0.895106</vAcc></extensions></trkpt>
      <trkpt lon="-82.152810" lat="33.551478"><ele>93.980166</ele><time>2024-06-18T14:57:09Z</time><extensions><speed>1.406918</speed><course>307.093973</course><hAcc>1.246537</hAcc><vAcc>0.893795</vAcc></extensions></trkpt>
      <trkpt lon="-82.152823" lat="33.551486"><ele>93.994897</ele><time>2024-06-18T14:57:10Z</time><extensions><speed>1.416155</speed><course>307.530291</course><hAcc>1.247532</hAcc><vAcc>0.892648</vAcc></extensions></trkpt>
      <trkpt lon="-82.152835" lat="33.551494"><ele>94.016210</ele><time>2024-06-18T14:57:11Z</time><extensions><speed>1.422556</speed><course>309.748274</course><hAcc>1.266106</hAcc><vAcc>0.891716</vAcc></extensions></trkpt>
      <trkpt lon="-82.152847" lat="33.551502"><ele>94.045417</ele><time>2024-06-18T14:57:12Z</time><extensions><speed>1.464401</speed><course>308.691110</course><hAcc>1.241555</hAcc><vAcc>0.891000</vAcc></extensions></trkpt>
      <trkpt lon="-82.152859" lat="33.551510"><ele>94.085642</ele><time>2024-06-18T14:57:13Z</time><extensions><speed>1.446472</speed><course>309.197394</course><hAcc>1.251840</hAcc><vAcc>0.890486</vAcc></extensions></trkpt>
      <trkpt lon="-82.152871" lat="33.551519"><ele>94.131955</ele><time>2024-06-18T14:57:14Z</time><extensions><speed>1.471694</speed><course>309.643529</course><hAcc>1.241415</hAcc><vAcc>0.890172</vAcc></extensions></trkpt>
      <trkpt lon="-82.152883" lat="33.551527"><ele>94.191217</ele><time>2024-06-18T14:57:15Z</time><extensions><speed>1.479095</speed><course>310.013814</course><hAcc>1.244267</hAcc><vAcc>0.890046</vAcc></extensions></trkpt>
      <trkpt lon="-82.152895" lat="33.551536"><ele>94.258789</ele><time>2024-06-18T14:57:16Z</time><extensions><speed>1.473839</speed><course>310.576534</course><hAcc>1.258279</hAcc><vAcc>0.890111</vAcc></extensions></trkpt>
      <trkpt lon="-82.152907" lat="33.551545"><ele>94.332436</ele><time>2024-06-18T14:57:17Z</time><extensions><speed>1.514964</speed><course>312.049031</course><hAcc>1.250100</hAcc><vAcc>0.890376</vAcc></extensions></trkpt>
      <trkpt lon="-82.152919" lat="33.551554"><ele>94.410995</ele><time>2024-06-18T14:57:18Z</time><extensions><speed>1.506846</speed><course>313.177693</course><hAcc>1.261084</hAcc><vAcc>0.890833</vAcc></extensions></trkpt>
      <trkpt lon="-82.152930" lat="33.551564"><ele>94.493272</ele><time>2024-06-18T14:57:19Z</time><extensions><speed>1.505002</speed><course>314.067307</course><hAcc>1.263052</hAcc><vAcc>0.891503</vAcc></extensions></trkpt>
      <trkpt lon="-82.152942" lat="33.551573"><ele>94.581744</ele><time>2024-06-18T14:57:20Z</time><extensions><speed>1.492022</speed><course>314.757651</course><hAcc>1.281424</hAcc><vAcc>0.892373</vAcc></extensions></trkpt>
      <trkpt lon="-82.152953" lat="33.551583"><ele>94.677019</ele><time>2024-06-18T14:57:21Z</time><extensions><speed>1.473535</speed><course>316.748445</course><hAcc>1.300628</hAcc><vAcc>0.893447</vAcc></extensions></trkpt>
      <trkpt lon="-82.152963" lat="33.551593"><ele>94.774591</ele><time>2024-06-18T14:57:22Z</time><extensions><speed>1.465040</speed><course>317.202238</course><hAcc>1.314456</hAcc><vAcc>0.894716</vAcc></extensions></trkpt>
      <trkpt lon="-82.152974" lat="33.551603"><ele>94.873242</ele><time>2024-06-18T14:57:23Z</time><extensions><speed>1.458537</speed><course>318.352816</course><hAcc>1.340720</hAcc><vAcc>0.896159</vAcc></extensions></trkpt>
      <trkpt lon="-82.152984" lat="33.551613"><ele>94.964909</ele><time>2024-06-18T14:57:24Z</time><extensions><speed>1.456278</speed><course>319.189388</course><hAcc>1.360913</hAcc><vAcc>0.897748</vAcc></extensions></trkpt>
      <trkpt lon="-82.152994" lat="33.551623"><ele>95.053073</ele><time>2024-06-18T14:57:25Z</time><extensions><speed>1.441047</speed><course>319.780269</course><hAcc>1.356580</hAcc><vAcc>0.899466</vAcc></extensions></trkpt>
      <trkpt lon="-82.153003" lat="33.551633"><ele>95.137367</ele><time>2024-06-18T14:57:26Z</time><extensions><speed>1.391639</speed><course>320.663427</course><hAcc>1.371732</hAcc><vAcc>0.901287</vAcc></extensions></trkpt>
      <trkpt lon="-82.153012" lat="33.551643"><ele>95.221696</ele><time>2024-06-18T14:57:27Z</time><extensions><speed>1.418329</speed><course>320.086397</course><hAcc>1.373550</hAcc><vAcc>0.903179</vAcc></extensions></trkpt>
      <trkpt lon="-82.153022" lat="33.551653"><ele>95.300205</ele><time>2024-06-18T14:57:28Z</time><extensions><speed>1.423505</speed><course>321.911052</course><hAcc>1.387518</hAcc><vAcc>0.905124</vAcc></extensions></trkpt>
      <trkpt lon="-82.153030" lat="33.551663"><ele>95.371189</ele><time>2024-06-18T14:57:29Z</time><extensions><speed>1.425550</speed><course>323.183584</course><hAcc>1.417526</hAcc><vAcc>0.907063</vAcc></extensions></trkpt>
      <trkpt lon="-82.153039" lat="33.551674"><ele>95.442326</ele><time>2024-06-18T14:57:30Z</time><extensions><speed>1.430430</speed><course>320.120693</course><hAcc>1.430238</hAcc><vAcc>0.908956</vAcc></extensions></trkpt>
      <trkpt lon="-82.153048" lat="33.551684"><ele>95.515469</ele><time>2024-06-18T14:57:31Z</time><extensions><speed>1.445456</speed><course>320.199037</course><hAcc>1.439566</hAcc><vAcc>0.910754</vAcc></extensions></trkpt>
      <trkpt lon="-82.153057" lat="33.551694"><ele>95.590811</ele><time>2024-06-18T14:57:32Z</time><extensions><speed>1.436147</speed><course>320.775243</course><hAcc>1.427116</hAcc><vAcc>0.912392</vAcc></extensions></trkpt>
      <trkpt lon="-82.153066" lat="33.551705"><ele>95.669481</ele><time>2024-06-18T14:57:33Z</time><extensions><speed>1.435487</speed><course>322.293473</course><hAcc>1.441808</hAcc><vAcc>0.913815</vAcc></extensions></trkpt>
      <trkpt lon="-82.153074" lat="33.551716"><ele>95.750286</ele><time>2024-06-18T14:57:34Z</time><extensions><speed>1.443098</speed><course>322.158428</course><hAcc>1.463930</hAcc><vAcc>0.914983</vAcc></extensions></trkpt>
      <trkpt lon="-82.153082" lat="33.551726"><ele>95.829623</ele><time>2024-06-18T14:57:35Z</time><extensions><speed>1.429461</speed><course>324.934358</course><hAcc>1.449379</hAcc><vAcc>0.915900</vAcc></extensions></trkpt>
      <trkpt lon="-82.153090" lat="33.551738"><ele>95.906650</ele><time>2024-06-18T14:57:36Z</time><extensions><speed>1.455221</speed><course>331.721885</course><hAcc>1.466157</hAcc><vAcc>0.916520</vAcc></extensions></trkpt>
      <trkpt lon="-82.153095" lat="33.551750"><ele>95.983646</ele><time>2024-06-18T14:57:37Z</time><extensions><speed>1.403893</speed><course>333.659995</course><hAcc>1.481215</hAcc><vAcc>0.916784</vAcc></extensions></trkpt>
      <trkpt lon="-82.153102" lat="33.551761"><ele>96.058073</ele><time>2024-06-18T14:57:38Z</time><extensions><speed>1.365679</speed><course>329.205781</course><hAcc>1.519336</hAcc><vAcc>0.916716</vAcc></extensions></trkpt>
      <trkpt lon="-82.153108" lat="33.551772"><ele>96.124692</ele><time>2024-06-18T14:57:39Z</time><extensions><speed>1.380504</speed><course>330.812742</course><hAcc>1.535268</hAcc><vAcc>0.916366</vAcc></extensions></trkpt>
      <trkpt lon="-82.153113" lat="33.551784"><ele>96.185608</ele><time>2024-06-18T14:57:40Z</time><extensions><speed>1.385882</speed><course>340.686792</course><hAcc>1.512305</hAcc><vAcc>0.915795</vAcc></extensions></trkpt>
      <trkpt lon="-82.153117" lat="33.551796"><ele>96.243743</ele><time>2024-06-18T14:57:41Z</time><extensions><speed>1.381218</speed><course>337.904124</course><hAcc>1.538501</hAcc><vAcc>0.915055</vAcc></extensions></trkpt>
      <trkpt lon="-82.153121" lat="33.551810"><ele>96.308968</ele><time>2024-06-18T14:57:42Z</time><extensions><speed>1.426485</speed><course>344.546686</course><hAcc>1.534912</hAcc><vAcc>0.914221</vAcc></extensions></trkpt>
      <trkpt lon="-82.153124" lat="33.551824"><ele>96.375928</ele><time>2024-06-18T14:57:43Z</time><extensions><speed>1.477370</speed><course>343.081829</course><hAcc>1.523352</hAcc><vAcc>0.913335</vAcc></extensions></trkpt>
      <trkpt lon="-82.153127" lat="33.551837"><ele>96.442860</ele><time>2024-06-18T14:57:44Z</time><extensions><speed>1.444042</speed><course>346.971066</course><hAcc>1.523371</hAcc><vAcc>0.912451</vAcc></extensions></trkpt>
      <trkpt lon="-82.153128" lat="33.551852"><ele>96.507373</ele><time>2024-06-18T14:57:45Z</time><extensions><speed>1.506872</speed><course>349.878126</course><hAcc>1.498182</hAcc><vAcc>0.911617</vAcc></extensions></trkpt>
      <trkpt lon="-82.153129" lat="33.551866"><ele>96.572424</ele><time>2024-06-18T14:57:46Z</time><extensions><speed>1.504106</speed><course>357.550763</course><hAcc>1.484624</hAcc><vAcc>0.910857</vAcc></extensions></trkpt>
      <trkpt lon="-82.153128" lat="33.551880"><ele>96.640769</ele><time>2024-06-18T14:57:47Z</time><extensions><speed>1.434476</speed><course>1.179071</course><hAcc>1.490246</hAcc><vAcc>0.910186</vAcc></extensions></trkpt>
      <trkpt lon="-82.153127" lat="33.551894"><ele>96.711313</ele><time>2024-06-18T14:57:48Z</time><extensions><speed>1.471847</speed><course>351.635610</course><hAcc>1.485645</hAcc><vAcc>0.909626</vAcc></extensions></trkpt>
      <trkpt lon="-82.153126" lat="33.551908"><ele>96.782630</ele><time>2024-06-18T14:57:49Z</time><extensions><speed>1.442161</speed><course>5.933134</course><hAcc>1.465393</hAcc><vAcc>0.909152</vAcc></extensions></trkpt>
      <trkpt lon="-82.153123" lat="33.551922"><ele>96.858502</ele><time>2024-06-18T14:57:50Z</time><extensions><speed>1.610129</speed><course>5.506272</course><hAcc>1.442984</hAcc><vAcc>0.908747</vAcc></extensions></trkpt>
      <trkpt lon="-82.153119" lat="33.551937"><ele>96.939737</ele><time>2024-06-18T14:57:51Z</time><extensions><speed>1.637885</speed><course>9.055004</course><hAcc>1.424011</hAcc><vAcc>0.908376</vAcc></extensions></trkpt>
      <trkpt lon="-82.153115" lat="33.551951"><ele>97.030346</ele><time>2024-06-18T14:57:52Z</time><extensions><speed>1.477609</speed><course>8.510555</course><hAcc>1.426731</hAcc><vAcc>0.907993</vAcc></extensions></trkpt>
      <trkpt lon="-82.153110" lat="33.551966"><ele>97.125676</ele><time>2024-06-18T14:57:53Z</time><extensions><speed>1.659923</speed><course>17.742063</course><hAcc>1.374966</hAcc><vAcc>0.907563</vAcc></extensions></trkpt>
      <trkpt lon="-82.153103" lat="33.551980"><ele>97.219123</ele><time>2024-06-18T14:57:54Z</time><extensions><speed>1.517117</speed><course>16.302084</course><hAcc>1.382341</hAcc><vAcc>0.907023</vAcc></extensions></trkpt>
      <trkpt lon="-82.153097" lat="33.551994"><ele>97.307184</ele><time>2024-06-18T14:57:55Z</time><extensions><speed>1.717315</speed><course>18.979847</course><hAcc>1.355425</hAcc><vAcc>0.906304</vAcc></extensions></trkpt>
      <trkpt lon="-82.153089" lat="33.552009"><ele>97.402566</ele><time>2024-06-18T14:57:56Z</time><extensions><speed>1.736492</speed><course>23.274500</course><hAcc>1.340227</hAcc><vAcc>0.905351</vAcc></extensions></trkpt>
      <trkpt lon="-82.153081" lat="33.552022"><ele>97.493307</ele><time>2024-06-18T14:57:57Z</time><extensions><speed>1.551474</speed><course>29.227640</course><hAcc>1.337774</hAcc><vAcc>0.904143</vAcc></extensions></trkpt>
      <trkpt lon="-82.153070" lat="33.552035"><ele>97.582521</ele><time>2024-06-18T14:57:58Z</time><extensions><speed>1.726983</speed><course>35.018185</course><hAcc>1.311298</hAcc><vAcc>0.902651</vAcc></extensions></trkpt>
      <trkpt lon="-82.153058" lat="33.552048"><ele>97.674255</ele><time>2024-06-18T14:57:59Z</time><extensions><speed>1.762476</speed><course>37.533898</course><hAcc>1.307559</hAcc><vAcc>0.900966</vAcc></extensions></trkpt>
      <trkpt lon="-82.153046" lat="33.552060"><ele>97.763794</ele><time>2024-06-18T14:58:00Z</time><extensions><speed>1.600982</speed><course>41.771661</course><hAcc>1.311858</hAcc><vAcc>0.899066</vAcc></extensions></trkpt>
      <trkpt lon="-82.153033" lat="33.552071"><ele>97.846999</ele><time>2024-06-18T14:58:01Z</time><extensions><speed>1.705526</speed><course>45.576108</course><hAcc>1.286405</hAcc><vAcc>0.896894</vAcc></extensions></trkpt>
      <trkpt lon="-82.153019" lat="33.552081"><ele>97.930373</ele><time>2024-06-18T14:58:02Z</time><extensions><speed>1.595134</speed><course>48.214041</course><hAcc>1.285554</hAcc><vAcc>0.894479</vAcc></extensions></trkpt>
      <trkpt lon="-82.153004" lat="33.552090"><ele>98.015846</ele><time>2024-06-18T14:58:03Z</time><extensions><speed>1.706721</speed><course>54.612090</course><hAcc>1.267614</hAcc><vAcc>0.891896</vAcc></extensions></trkpt>
      <trkpt lon="-82.152988" lat="33.552098"><ele>98.101384</ele><time>2024-06-18T14:58:04Z</time><extensions><speed>1.700638</speed><course>58.912324</course><hAcc>1.256691</hAcc><vAcc>0.889168</vAcc></extensions></trkpt>
      <trkpt lon="-82.152973" lat="33.552106"><ele>98.192775</ele><time>2024-06-18T14:58:05Z</time><extensions><speed>1.602030</speed><course>57.559973</course><hAcc>1.273830</hAcc><vAcc>0.886320</vAcc></extensions></trkpt>
      <trkpt lon="-82.152958" lat="33.552114"><ele>98.280371</ele><time>2024-06-18T14:58:06Z</time><extensions><speed>1.663006</speed><course>54.343257</course><hAcc>1.256395</hAcc><vAcc>0.883427</vAcc></extensions></trkpt>
      <trkpt lon="-82.152944" lat="33.552122"><ele>98.365699</ele><time>2024-06-18T14:58:07Z</time><extensions><speed>1.563227</speed><course>53.584527</course><hAcc>1.257047</hAcc><vAcc>0.880544</vAcc></extensions></trkpt>
      <trkpt lon="-82.152930" lat="33.552130"><ele>98.453727</ele><time>2024-06-18T14:58:08Z</time><extensions><speed>1.616052</speed><course>56.356871</course><hAcc>1.227598</hAcc><vAcc>0.877717</vAcc></extensions></trkpt>
      <trkpt lon="-82.152916" lat="33.552138"><ele>98.545570</ele><time>2024-06-18T14:58:09Z</time><extensions><speed>1.597691</speed><course>55.040855</course><hAcc>1.241830</hAcc><vAcc>0.874995</vAcc></extensions></trkpt>
      <trkpt lon="-82.152902" lat="33.552146"><ele>98.634417</ele><time>2024-06-18T14:58:10Z</time><extensions><speed>1.542717</speed><course>57.237260</course><hAcc>1.244830</hAcc><vAcc>0.872460</vAcc></extensions></trkpt>
      <trkpt lon="-82.152888" lat="33.552153"><ele>98.724185</ele><time>2024-06-18T14:58:11Z</time><extensions><speed>1.571510</speed><course>59.370379</course><hAcc>1.227222</hAcc><vAcc>0.870173</vAcc></extensions></trkpt>
      <trkpt lon="-82.152873" lat="33.552160"><ele>98.810106</ele><time>2024-06-18T14:58:12Z</time><extensions><speed>1.556147</speed><course>61.270785</course><hAcc>1.232332</hAcc><vAcc>0.868174</vAcc></extensions></trkpt>
      <trkpt lon="-82.152858" lat="33.552167"><ele>98.890998</ele><time>2024-06-18T14:58:13Z</time><extensions><speed>1.557484</speed><course>61.538951</course><hAcc>1.222297</hAcc><vAcc>0.866523</vAcc></extensions></trkpt>
      <trkpt lon="-82.152844" lat="33.552174"><ele>98.966342</ele><time>2024-06-18T14:58:14Z</time><extensions><speed>1.511466</speed><course>61.425753</course><hAcc>1.224727</hAcc><vAcc>0.865283</vAcc></extensions></trkpt>
      <trkpt lon="-82.152830" lat="33.552180"><ele>99.039590</ele><time>2024-06-18T14:58:15Z</time><extensions><speed>1.505442</speed><course>61.987358</course><hAcc>1.229889</hAcc><vAcc>0.864522</vAcc></extensions></trkpt>
      <trkpt lon="-82.152816" lat="33.552187"><ele>99.112879</ele><time>2024-06-18T14:58:16Z</time><extensions><speed>1.452812</speed><course>62.248018</course><hAcc>1.219837</hAcc><vAcc>0.864269</vAcc></extensions></trkpt>
      <trkpt lon="-82.152802" lat="33.552193"><ele>99.176725</ele><time>2024-06-18T14:58:17Z</time><extensions><speed>1.409351</speed><course>61.587322</course><hAcc>1.246762</hAcc><vAcc>0.864539</vAcc></extensions></trkpt>
      <trkpt lon="-82.152790" lat="33.552200"><ele>99.236414</ele><time>2024-06-18T14:58:18Z</time><extensions><speed>1.357324</speed><course>60.093135</course><hAcc>1.268877</hAcc><vAcc>0.865322</vAcc></extensions></trkpt>
      <trkpt lon="-82.152777" lat="33.552206"><ele>99.291113</ele><time>2024-06-18T14:58:19Z</time><extensions><speed>1.348299</speed><course>60.736228</course><hAcc>1.250153</hAcc><vAcc>0.866609</vAcc></extensions></trkpt>
      <trkpt lon="-82.152765" lat="33.552212"><ele>99.334044</ele><time>2024-06-18T14:58:20Z</time><extensions><speed>1.371012</speed><course>61.542525</course><hAcc>1.248264</hAcc><vAcc>0.868360</vAcc></extensions></trkpt>
      <trkpt lon="-82.152752" lat="33.552219"><ele>99.369821</ele><time>2024-06-18T14:58:21Z</time><extensions><speed>1.369553</speed><course>61.941158</course><hAcc>1.230367</hAcc><vAcc>0.870525</vAcc></extensions></trkpt>
      <trkpt lon="-82.152739" lat="33.552225"><ele>99.396587</ele><time>2024-06-18T14:58:22Z</time><extensions><speed>1.374386</speed><course>63.438760</course><hAcc>1.232632</hAcc><vAcc>0.873038</vAcc></extensions></trkpt>
      <trkpt lon="-82.152726" lat="33.552231"><ele>99.415908</ele><time>2024-06-18T14:58:23Z</time><extensions><speed>1.377908</speed><course>61.320529</course><hAcc>1.227622</hAcc><vAcc>0.875799</vAcc></extensions></trkpt>
      <trkpt lon="-82.152713" lat="33.552238"><ele>99.420404</ele><time>2024-06-18T14:58:24Z</time><extensions><speed>1.368837</speed><course>63.566141</course><hAcc>1.224986</hAcc><vAcc>0.878747</vAcc></extensions></trkpt>
      <trkpt lon="-82.152700" lat="33.552244"><ele>99.417156</ele><time>2024-06-18T14:58:25Z</time><extensions><speed>1.360802</speed><course>62.801701</course><hAcc>1.228543</hAcc><vAcc>0.881773</vAcc></extensions></trkpt>
      <trkpt lon="-82.152687" lat="33.552250"><ele>99.406325</ele><time>2024-06-18T14:58:26Z</time><extensions><speed>1.379813</speed><course>62.372697</course><hAcc>1.215914</hAcc><vAcc>0.884735</vAcc></extensions></trkpt>
      <trkpt lon="-82.152674" lat="33.552257"><ele>99.393328</ele><time>2024-06-18T14:58:27Z</time><extensions><speed>1.396757</speed><course>61.819849</course><hAcc>1.216721</hAcc><vAcc>0.887571</vAcc></extensions></trkpt>
      <trkpt lon="-82.152661" lat="33.552263"><ele>99.380346</ele><time>2024-06-18T14:58:28Z</time><extensions><speed>1.381839</speed><course>63.557249</course><hAcc>1.226978</hAcc><vAcc>0.890186</vAcc></extensions></trkpt>
      <trkpt lon="-82.152648" lat="33.552269"><ele>99.372685</ele><time>2024-06-18T14:58:29Z</time><extensions><speed>1.401994</speed><course>63.312734</course><hAcc>1.203945</hAcc><vAcc>0.892500</vAcc></extensions></trkpt>
      <trkpt lon="-82.152634" lat="33.552275"><ele>99.369219</ele><time>2024-06-18T14:58:30Z</time><extensions><speed>1.404010</speed><course>64.102565</course><hAcc>1.212127</hAcc><vAcc>0.894478</vAcc></extensions></trkpt>
      <trkpt lon="-82.152621" lat="33.552281"><ele>99.371410</ele><time>2024-06-18T14:58:31Z</time><extensions><speed>1.383394</speed><course>63.324931</course><hAcc>1.222451</hAcc><vAcc>0.896067</vAcc></extensions></trkpt>
      <trkpt lon="-82.152608" lat="33.552287"><ele>99.379355</ele><time>2024-06-18T14:58:32Z</time><extensions><speed>1.412508</speed><course>62.611891</course><hAcc>1.211607</hAcc><vAcc>0.897267</vAcc></extensions></trkpt>
      <trkpt lon="-82.152595" lat="33.552293"><ele>99.391425</ele><time>2024-06-18T14:58:33Z</time><extensions><speed>1.417564</speed><course>59.840607</course><hAcc>1.219573</hAcc><vAcc>0.898075</vAcc></extensions></trkpt>
      <trkpt lon="-82.152582" lat="33.552300"><ele>99.408267</ele><time>2024-06-18T14:58:34Z</time><extensions><speed>1.440498</speed><course>61.703314</course><hAcc>1.221118</hAcc><vAcc>0.898528</vAcc></extensions></trkpt>
      <trkpt lon="-82.152568" lat="33.552306"><ele>99.434157</ele><time>2024-06-18T14:58:35Z</time><extensions><speed>1.437247</speed><course>61.297962</course><hAcc>1.232001</hAcc><vAcc>0.898654</vAcc></extensions></trkpt>
      <trkpt lon="-82.152555" lat="33.552313"><ele>99.469947</ele><time>2024-06-18T14:58:36Z</time><extensions><speed>1.429886</speed><course>59.273733</course><hAcc>1.247047</hAcc><vAcc>0.898496</vAcc></extensions></trkpt>
      <trkpt lon="-82.152543" lat="33.552320"><ele>99.513349</ele><time>2024-06-18T14:58:37Z</time><extensions><speed>1.410202</speed><course>56.889694</course><hAcc>1.240514</hAcc><vAcc>0.898138</vAcc></extensions></trkpt>
      <trkpt lon="-82.152531" lat="33.552327"><ele>99.562644</ele><time>2024-06-18T14:58:38Z</time><extensions><speed>1.397113</speed><course>57.547043</course><hAcc>1.270214</hAcc><vAcc>0.897598</vAcc></extensions></trkpt>
      <trkpt lon="-82.152519" lat="33.552334"><ele>99.609558</ele><time>2024-06-18T14:58:39Z</time><extensions><speed>1.366693</speed><course>57.561851</course><hAcc>1.270739</hAcc><vAcc>0.896948</vAcc></extensions></trkpt>
      <trkpt lon="-82.152507" lat="33.552342"><ele>99.654119</ele><time>2024-06-18T14:58:40Z</time><extensions><speed>1.361668</speed><course>55.569767</course><hAcc>1.287795</hAcc><vAcc>0.896242</vAcc></extensions></trkpt>
      <trkpt lon="-82.152495" lat="33.552349"><ele>99.695830</ele><time>2024-06-18T14:58:41Z</time><extensions><speed>1.365707</speed><course>55.452600</course><hAcc>1.316090</hAcc><vAcc>0.895516</vAcc></extensions></trkpt>
      <trkpt lon="-82.152483" lat="33.552356"><ele>99.730896</ele><time>2024-06-18T14:58:42Z</time><extensions><speed>1.346235</speed><course>55.020052</course><hAcc>1.316669</hAcc><vAcc>0.894813</vAcc></extensions></trkpt>
      <trkpt lon="-82.152472" lat="33.552364"><ele>99.761316</ele><time>2024-06-18T14:58:43Z</time><extensions><speed>1.343197</speed><course>54.315706</course><hAcc>1.333570</hAcc><vAcc>0.894150</vAcc></extensions></trkpt>
      <trkpt lon="-82.152461" lat="33.552371"><ele>99.791024</ele><time>2024-06-18T14:58:44Z</time><extensions><speed>1.286430</speed><course>54.258861</course><hAcc>1.323469</hAcc><vAcc>0.893536</vAcc></extensions></trkpt>
      <trkpt lon="-82.152450" lat="33.552378"><ele>99.814131</ele><time>2024-06-18T14:58:45Z</time><extensions><speed>1.299270</speed><course>52.319385</course><hAcc>1.345059</hAcc><vAcc>0.892953</vAcc></extensions></trkpt>
      <trkpt lon="-82.152440" lat="33.552386"><ele>99.835719</ele><time>2024-06-18T14:58:46Z</time><extensions><speed>1.315171</speed><course>49.143541</course><hAcc>1.370628</hAcc><vAcc>0.892344</vAcc></extensions></trkpt>
      <trkpt lon="-82.152429" lat="33.552394"><ele>99.855388</ele><time>2024-06-18T14:58:47Z</time><extensions><speed>1.316215</speed><course>50.845030</course><hAcc>1.371075</hAcc><vAcc>0.891707</vAcc></extensions></trkpt>
      <trkpt lon="-82.152419" lat="33.552402"><ele>99.868913</ele><time>2024-06-18T14:58:48Z</time><extensions><speed>1.317630</speed><course>53.572326</course><hAcc>1.389280</hAcc><vAcc>0.891034</vAcc></extensions></trkpt>
      <trkpt lon="-82.152408" lat="33.552409"><ele>99.879088</ele><time>2024-06-18T14:58:49Z</time><extensions><speed>1.331684</speed><course>55.065696</course><hAcc>1.404993</hAcc><vAcc>0.890319</vAcc></extensions></trkpt>
      <trkpt lon="-82.152397" lat="33.552417"><ele>99.885235</ele><time>2024-06-18T14:58:50Z</time><extensions><speed>1.353590</speed><course>53.948328</course><hAcc>1.378336</hAcc><vAcc>0.889572</vAcc></extensions></trkpt>
      <trkpt lon="-82.152386" lat="33.552426"><ele>99.877631</ele><time>2024-06-18T14:58:51Z</time><extensions><speed>1.366598</speed><course>52.073037</course><hAcc>1.373851</hAcc><vAcc>0.888824</vAcc></extensions></trkpt>
      <trkpt lon="-82.152375" lat="33.552435"><ele>99.863571</ele><time>2024-06-18T14:58:52Z</time><extensions><speed>1.364325</speed><course>53.308019</course><hAcc>1.351963</hAcc><vAcc>0.888061</vAcc></extensions></trkpt>
      <trkpt lon="-82.152363" lat="33.552444"><ele>99.838377</ele><time>2024-06-18T14:58:53Z</time><extensions><speed>1.369218</speed><course>50.653045</course><hAcc>1.346731</hAcc><vAcc>0.887283</vAcc></extensions></trkpt>
      <trkpt lon="-82.152353" lat="33.552453"><ele>99.812843</ele><time>2024-06-18T14:58:54Z</time><extensions><speed>1.331501</speed><course>50.814832</course><hAcc>1.355605</hAcc><vAcc>0.886493</vAcc></extensions></trkpt>
      <trkpt lon="-82.152341" lat="33.552462"><ele>99.780821</ele><time>2024-06-18T14:58:55Z</time><extensions><speed>1.368567</speed><course>51.480434</course><hAcc>1.335498</hAcc><vAcc>0.885744</vAcc></extensions></trkpt>
      <trkpt lon="-82.152330" lat="33.552471"><ele>99.741694</ele><time>2024-06-18T14:58:56Z</time><extensions><speed>1.345478</speed><course>50.723355</course><hAcc>1.334435</hAcc><vAcc>0.885079</vAcc></extensions></trkpt>
      <trkpt lon="-82.152319" lat="33.552480"><ele>99.695913</ele><time>2024-06-18T14:58:57Z</time><extensions><speed>1.399702</speed><course>50.357670</course><hAcc>1.307799</hAcc><vAcc>0.884537</vAcc></extensions></trkpt>
      <trkpt lon="-82.152307" lat="33.552488"><ele>99.643857</ele><time>2024-06-18T14:58:58Z</time><extensions><speed>1.405341</speed><course>50.379128</course><hAcc>1.301295</hAcc><vAcc>0.884151</vAcc></extensions></trkpt>
      <trkpt lon="-82.152295" lat="33.552497"><ele>99.589509</ele><time>2024-06-18T14:58:59Z</time><extensions><speed>1.368580</speed><course>49.419147</course><hAcc>1.304323</hAcc><vAcc>0.883939</vAcc></extensions></trkpt>
      <trkpt lon="-82.152283" lat="33.552506"><ele>99.530139</ele><time>2024-06-18T14:59:00Z</time><extensions><speed>1.505884</speed><course>51.071009</course><hAcc>1.279738</hAcc><vAcc>0.883901</vAcc></extensions></trkpt>
      <trkpt lon="-82.152271" lat="33.552516"><ele>99.473641</ele><time>2024-06-18T14:59:01Z</time><extensions><speed>1.435254</speed><course>49.464504</course><hAcc>1.280313</hAcc><vAcc>0.883985</vAcc></extensions></trkpt>
      <trkpt lon="-82.152258" lat="33.552526"><ele>99.417400</ele><time>2024-06-18T14:59:02Z</time><extensions><speed>1.566545</speed><course>49.008502</course><hAcc>1.254184</hAcc><vAcc>0.884173</vAcc></extensions></trkpt>
      <trkpt lon="-82.152246" lat="33.552538"><ele>99.366248</ele><time>2024-06-18T14:59:03Z</time><extensions><speed>1.659379</speed><course>40.352065</course><hAcc>1.239067</hAcc><vAcc>0.884428</vAcc></extensions></trkpt>
      <trkpt lon="-82.152235" lat="33.552550"><ele>99.323949</ele><time>2024-06-18T14:59:04Z</time><extensions><speed>1.541561</speed><course>46.384608</course><hAcc>1.273131</hAcc><vAcc>0.884688</vAcc></extensions></trkpt>
      <trkpt lon="-82.152222" lat="33.552561"><ele>99.280722</ele><time>2024-06-18T14:59:05Z</time><extensions><speed>1.661867</speed><course>53.225519</course><hAcc>1.256144</hAcc><vAcc>0.884861</vAcc></extensions></trkpt>
      <trkpt lon="-82.152207" lat="33.552571"><ele>99.246405</ele><time>2024-06-18T14:59:06Z</time><extensions><speed>1.649700</speed><course>58.480296</course><hAcc>1.252533</hAcc><vAcc>0.884870</vAcc></extensions></trkpt>
      <trkpt lon="-82.152193" lat="33.552579"><ele>99.222042</ele><time>2024-06-18T14:59:07Z</time><extensions><speed>1.559510</speed><course>61.024740</course><hAcc>1.255115</hAcc><vAcc>0.884643</vAcc></extensions></trkpt>
      <trkpt lon="-82.152178" lat="33.552587"><ele>99.209933</ele><time>2024-06-18T14:59:08Z</time><extensions><speed>1.658045</speed><course>62.703763</course><hAcc>1.234900</hAcc><vAcc>0.884158</vAcc></extensions></trkpt>
      <trkpt lon="-82.152163" lat="33.552595"><ele>99.207663</ele><time>2024-06-18T14:59:09Z</time><extensions><speed>1.603537</speed><course>61.675350</course><hAcc>1.237282</hAcc><vAcc>0.883388</vAcc></extensions></trkpt>
      <trkpt lon="-82.152148" lat="33.552603"><ele>99.216440</ele><time>2024-06-18T14:59:10Z</time><extensions><speed>1.692344</speed><course>59.914743</course><hAcc>1.214793</hAcc><vAcc>0.882305</vAcc></extensions></trkpt>
      <trkpt lon="-82.152132" lat="33.552612"><ele>99.233747</ele><time>2024-06-18T14:59:11Z</time><extensions><speed>1.733652</speed><course>56.870369</course><hAcc>1.208523</hAcc><vAcc>0.880903</vAcc></extensions></trkpt>
      <trkpt lon="-82.152117" lat="33.552621"><ele>99.258056</ele><time>2024-06-18T14:59:12Z</time><extensions><speed>1.692785</speed><course>58.864595</course><hAcc>1.218511</hAcc><vAcc>0.879193</vAcc></extensions></trkpt>
      <trkpt lon="-82.152102" lat="33.552631"><ele>99.283349</ele><time>2024-06-18T14:59:13Z</time><extensions><speed>1.803712</speed><course>54.147580</course><hAcc>1.197572</hAcc><vAcc>0.877167</vAcc></extensions></trkpt>
      <trkpt lon="-82.152088" lat="33.552641"><ele>99.314920</ele><time>2024-06-18T14:59:14Z</time><extensions><speed>1.736283</speed><course>51.771941</course><hAcc>1.205160</hAcc><vAcc>0.874867</vAcc></extensions></trkpt>
      <trkpt lon="-82.152074" lat="33.552652"><ele>99.346296</ele><time>2024-06-18T14:59:15Z</time><extensions><speed>1.786462</speed><course>45.528955</course><hAcc>1.183308</hAcc><vAcc>0.872357</vAcc></extensions></trkpt>
      <trkpt lon="-82.152062" lat="33.552664"><ele>99.381382</ele><time>2024-06-18T14:59:16Z</time><extensions><speed>1.771794</speed><course>44.755792</course><hAcc>1.194003</hAcc><vAcc>0.869685</vAcc></extensions></trkpt>
      <trkpt lon="-82.152049" lat="33.552675"><ele>99.423998</ele><time>2024-06-18T14:59:17Z</time><extensions><speed>1.684299</speed><course>48.813623</course><hAcc>1.217125</hAcc><vAcc>0.866919</vAcc></extensions></trkpt>
      <trkpt lon="-82.152036" lat="33.552686"><ele>99.473465</ele><time>2024-06-18T14:59:18Z</time><extensions><speed>1.668361</speed><course>48.297250</course><hAcc>1.198818</hAcc><vAcc>0.864136</vAcc></extensions></trkpt>
      <trkpt lon="-82.152024" lat="33.552697"><ele>99.532051</ele><time>2024-06-18T14:59:19Z</time><extensions><speed>1.640462</speed><course>49.027810</course><hAcc>1.207278</hAcc><vAcc>0.861389</vAcc></extensions></trkpt>
      <trkpt lon="-82.152011" lat="33.552707"><ele>99.593911</ele><time>2024-06-18T14:59:20Z</time><extensions><speed>1.625583</speed><course>52.018233</course><hAcc>1.189242</hAcc><vAcc>0.858772</vAcc></extensions></trkpt>
      <trkpt lon="-82.151998" lat="33.552717"><ele>99.654710</ele><time>2024-06-18T14:59:21Z</time><extensions><speed>1.608581</speed><course>49.797815</course><hAcc>1.189205</hAcc><vAcc>0.856390</vAcc></extensions></trkpt>
      <trkpt lon="-82.151986" lat="33.552727"><ele>99.704885</ele><time>2024-06-18T14:59:22Z</time><extensions><speed>1.609222</speed><course>49.963205</course><hAcc>1.203340</hAcc><vAcc>0.854303</vAcc></extensions></trkpt>
      <trkpt lon="-82.151974" lat="33.552736"><ele>99.747766</ele><time>2024-06-18T14:59:23Z</time><extensions><speed>1.529401</speed><course>51.029592</course><hAcc>1.184324</hAcc><vAcc>0.852574</vAcc></extensions></trkpt>
      <trkpt lon="-82.151962" lat="33.552745"><ele>99.784399</ele><time>2024-06-18T14:59:24Z</time><extensions><speed>1.514387</speed><course>50.094324</course><hAcc>1.182537</hAcc><vAcc>0.851268</vAcc></extensions></trkpt>
      <trkpt lon="-82.151950" lat="33.552754"><ele>99.816638</ele><time>2024-06-18T14:59:25Z</time><extensions><speed>1.492445</speed><course>51.344594</course><hAcc>1.194977</hAcc><vAcc>0.850422</vAcc></extensions></trkpt>
      <trkpt lon="-82.151938" lat="33.552763"><ele>99.845265</ele><time>2024-06-18T14:59:26Z</time><extensions><speed>1.467896</speed><course>49.342190</course><hAcc>1.181621</hAcc><vAcc>0.850026</vAcc></extensions></trkpt>
      <trkpt lon="-82.151927" lat="33.552772"><ele>99.869908</ele><time>2024-06-18T14:59:27Z</time><extensions><speed>1.481491</speed><course>46.412589</course><hAcc>1.194690</hAcc><vAcc>0.850095</vAcc></extensions></trkpt>
      <trkpt lon="-82.151915" lat="33.552782"><ele>99.890895</ele><time>2024-06-18T14:59:28Z</time><extensions><speed>1.497896</speed><course>48.861973</course><hAcc>1.191272</hAcc><vAcc>0.850641</vAcc></extensions></trkpt>
      <trkpt lon="-82.151903" lat="33.552791"><ele>99.904181</ele><time>2024-06-18T14:59:29Z</time><extensions><speed>1.502654</speed><course>48.142513</course><hAcc>1.205461</hAcc><vAcc>0.851700</vAcc></extensions></trkpt>
      <trkpt lon="-82.151892" lat="33.552800"><ele>99.913464</ele><time>2024-06-18T14:59:30Z</time><extensions><speed>1.516490</speed><course>47.236708</course><hAcc>1.229752</hAcc><vAcc>0.853239</vAcc></extensions></trkpt>
      <trkpt lon="-82.151881" lat="33.552810"><ele>99.923489</ele><time>2024-06-18T14:59:31Z</time><extensions><speed>1.520385</speed><course>41.414934</course><hAcc>1.224203</hAcc><vAcc>0.855224</vAcc></extensions></trkpt>
      <trkpt lon="-82.151871" lat="33.552821"><ele>99.927656</ele><time>2024-06-18T14:59:32Z</time><extensions><speed>1.518001</speed><course>42.979175</course><hAcc>1.245242</hAcc><vAcc>0.857559</vAcc></extensions></trkpt>
      <trkpt lon="-82.151860" lat="33.552831"><ele>99.920058</ele><time>2024-06-18T14:59:33Z</time><extensions><speed>1.498887</speed><course>43.892704</course><hAcc>1.239255</hAcc><vAcc>0.860136</vAcc></extensions></trkpt>
      <trkpt lon="-82.151849" lat="33.552841"><ele>99.903495</ele><time>2024-06-18T14:59:34Z</time><extensions><speed>1.490643</speed><course>47.263026</course><hAcc>1.276341</hAcc><vAcc>0.862851</vAcc></extensions></trkpt>
      <trkpt lon="-82.151837" lat="33.552850"><ele>99.884581</ele><time>2024-06-18T14:59:35Z</time><extensions><speed>1.504082</speed><course>47.213879</course><hAcc>1.308214</hAcc><vAcc>0.865609</vAcc></extensions></trkpt>
      <trkpt lon="-82.151825" lat="33.552859"><ele>99.861563</ele><time>2024-06-18T14:59:36Z</time><extensions><speed>1.449199</speed><course>51.428354</course><hAcc>1.303174</hAcc><vAcc>0.868368</vAcc></extensions></trkpt>
      <trkpt lon="-82.151813" lat="33.552867"><ele>99.833982</ele><time>2024-06-18T14:59:37Z</time><extensions><speed>1.457540</speed><course>55.185205</course><hAcc>1.321939</hAcc><vAcc>0.871060</vAcc></extensions></trkpt>
      <trkpt lon="-82.151801" lat="33.552875"><ele>99.805423</ele><time>2024-06-18T14:59:38Z</time><extensions><speed>1.458371</speed><course>52.417920</course><hAcc>1.314072</hAcc><vAcc>0.873640</vAcc></extensions></trkpt>
      <trkpt lon="-82.151788" lat="33.552883"><ele>99.773941</ele><time>2024-06-18T14:59:39Z</time><extensions><speed>1.457173</speed><course>54.439655</course><hAcc>1.342542</hAcc><vAcc>0.876075</vAcc></extensions></trkpt>
      <trkpt lon="-82.151776" lat="33.552891"><ele>99.736249</ele><time>2024-06-18T14:59:40Z</time><extensions><speed>1.465376</speed><course>53.464090</course><hAcc>1.358724</hAcc><vAcc>0.878335</vAcc></extensions></trkpt>
      <trkpt lon="-82.151764" lat="33.552899"><ele>99.700698</ele><time>2024-06-18T14:59:41Z</time><extensions><speed>1.421580</speed><course>53.957303</course><hAcc>1.344650</hAcc><vAcc>0.880390</vAcc></extensions></trkpt>
      <trkpt lon="-82.151752" lat="33.552907"><ele>99.671989</ele><time>2024-06-18T14:59:42Z</time><extensions><speed>1.411193</speed><course>54.625177</course><hAcc>1.367580</hAcc><vAcc>0.882215</vAcc></extensions></trkpt>
      <trkpt lon="-82.151739" lat="33.552915"><ele>99.645037</ele><time>2024-06-18T14:59:43Z</time><extensions><speed>1.465690</speed><course>54.742018</course><hAcc>1.390072</hAcc><vAcc>0.883795</vAcc></extensions></trkpt>
      <trkpt lon="-82.151727" lat="33.552923"><ele>99.622739</ele><time>2024-06-18T14:59:44Z</time><extensions><speed>1.469932</speed><course>52.547441</course><hAcc>1.381848</hAcc><vAcc>0.885168</vAcc></extensions></trkpt>
      <trkpt lon="-82.151715" lat="33.552931"><ele>99.605793</ele><time>2024-06-18T14:59:45Z</time><extensions><speed>1.480500</speed><course>51.380010</course><hAcc>1.397019</hAcc><vAcc>0.886366</vAcc></extensions></trkpt>
      <trkpt lon="-82.151703" lat="33.552940"><ele>99.585093</ele><time>2024-06-18T14:59:46Z</time><extensions><speed>1.466531</speed><course>53.038732</course><hAcc>1.390199</hAcc><vAcc>0.887423</vAcc></extensions></trkpt>
      <trkpt lon="-82.151691" lat="33.552948"><ele>99.559669</ele><time>2024-06-18T14:59:47Z</time><extensions><speed>1.451305</speed><course>56.117573</course><hAcc>1.418234</hAcc><vAcc>0.888366</vAcc></extensions></trkpt>
      <trkpt lon="-82.151679" lat="33.552955"><ele>99.532384</ele><time>2024-06-18T14:59:48Z</time><extensions><speed>1.410483</speed><course>55.333819</course><hAcc>1.438398</hAcc><vAcc>0.889204</vAcc></extensions></trkpt>
      <trkpt lon="-82.151667" lat="33.552963"><ele>99.505208</ele><time>2024-06-18T14:59:49Z</time><extensions><speed>1.421972</speed><course>51.902913</course><hAcc>1.433244</hAcc><vAcc>0.889954</vAcc></extensions></trkpt>
      <trkpt lon="-82.151656" lat="33.552972"><ele>99.480808</ele><time>2024-06-18T14:59:50Z</time><extensions><speed>1.445976</speed><course>51.491193</course><hAcc>1.471686</hAcc><vAcc>0.890631</vAcc></extensions></trkpt>
      <trkpt lon="-82.151644" lat="33.552980"><ele>99.459887</ele><time>2024-06-18T14:59:51Z</time><extensions><speed>1.431734</speed><course>52.575942</course><hAcc>1.478543</hAcc><vAcc>0.891222</vAcc></extensions></trkpt>
      <trkpt lon="-82.151632" lat="33.552989"><ele>99.441507</ele><time>2024-06-18T14:59:52Z</time><extensions><speed>1.431865</speed><course>51.426279</course><hAcc>1.492325</hAcc><vAcc>0.891704</vAcc></extensions></trkpt>
      <trkpt lon="-82.151620" lat="33.552998"><ele>99.430006</ele><time>2024-06-18T14:59:53Z</time><extensions><speed>1.439161</speed><course>52.423965</course><hAcc>1.514128</hAcc><vAcc>0.892075</vAcc></extensions></trkpt>
      <trkpt lon="-82.151608" lat="33.553006"><ele>99.419423</ele><time>2024-06-18T14:59:54Z</time><extensions><speed>1.420075</speed><course>54.361976</course><hAcc>1.505253</hAcc><vAcc>0.892326</vAcc></extensions></trkpt>
      <trkpt lon="-82.151597" lat="33.553014"><ele>99.410299</ele><time>2024-06-18T14:59:55Z</time><extensions><speed>1.422448</speed><course>50.920512</course><hAcc>1.504289</hAcc><vAcc>0.892452</vAcc></extensions></trkpt>
      <trkpt lon="-82.151585" lat="33.553023"><ele>99.405524</ele><time>2024-06-18T14:59:56Z</time><extensions><speed>1.406198</speed><course>48.365890</course><hAcc>1.492513</hAcc><vAcc>0.892426</vAcc></extensions></trkpt>
      <trkpt lon="-82.151574" lat="33.553032"><ele>99.405037</ele><time>2024-06-18T14:59:57Z</time><extensions><speed>1.401706</speed><course>53.024929</course><hAcc>1.513698</hAcc><vAcc>0.892234</vAcc></extensions></trkpt>
      <trkpt lon="-82.151563" lat="33.553041"><ele>99.407803</ele><time>2024-06-18T14:59:58Z</time><extensions><speed>1.400552</speed><course>49.077771</course><hAcc>1.512947</hAcc><vAcc>0.891855</vAcc></extensions></trkpt>
      <trkpt lon="-82.151552" lat="33.553050"><ele>99.415096</ele><time>2024-06-18T14:59:59Z</time><extensions><speed>1.440610</speed><course>48.787386</course><hAcc>1.503298</hAcc><vAcc>0.891323</vAcc></extensions></trkpt>
      <trkpt lon="-82.151540" lat="33.553059"><ele>99.426864</ele><time>2024-06-18T15:00:00Z</time><extensions><speed>1.438275</speed><course>52.528054</course><hAcc>1.515746</hAcc><vAcc>0.890679</vAcc></extensions></trkpt>
      <trkpt lon="-82.151529" lat="33.553068"><ele>99.441572</ele><time>2024-06-18T15:00:01Z</time><extensions><speed>1.430245</speed><course>50.859466</course><hAcc>1.523713</hAcc><vAcc>0.889938</vAcc></extensions></trkpt>
      <trkpt lon="-82.151517" lat="33.553077"><ele>99.455244</ele><time>2024-06-18T15:00:02Z</time><extensions><speed>1.486783</speed><course>51.673586</course><hAcc>1.509663</hAcc><vAcc>0.889123</vAcc></extensions></trkpt>
      <trkpt lon="-82.151505" lat="33.553086"><ele>99.467179</ele><time>2024-06-18T15:00:03Z</time><extensions><speed>1.495864</speed><course>51.912319</course><hAcc>1.512834</hAcc><vAcc>0.888257</vAcc></extensions></trkpt>
      <trkpt lon="-82.151494" lat="33.553096"><ele>99.478814</ele><time>2024-06-18T15:00:04Z</time><extensions><speed>1.515916</speed><course>50.716800</course><hAcc>1.493767</hAcc><vAcc>0.887379</vAcc></extensions></trkpt>
      <trkpt lon="-82.151482" lat="33.553106"><ele>99.483163</ele><time>2024-06-18T15:00:05Z</time><extensions><speed>1.524784</speed><course>46.373818</course><hAcc>1.498015</hAcc><vAcc>0.886519</vAcc></extensions></trkpt>
      <trkpt lon="-82.151471" lat="33.553116"><ele>99.486284</ele><time>2024-06-18T15:00:06Z</time><extensions><speed>1.501284</speed><course>50.136935</course><hAcc>1.521916</hAcc><vAcc>0.885692</vAcc></extensions></trkpt>
      <trkpt lon="-82.151459" lat="33.553126"><ele>99.484475</ele><time>2024-06-18T15:00:07Z</time><extensions><speed>1.525779</speed><course>49.267340</course><hAcc>1.504829</hAcc><vAcc>0.884918</vAcc></extensions></trkpt>
      <trkpt lon="-82.151448" lat="33.553136"><ele>99.479739</ele><time>2024-06-18T15:00:08Z</time><extensions><speed>1.516996</speed><course>49.444443</course><hAcc>1.509711</hAcc><vAcc>0.884235</vAcc></extensions></trkpt>
      <trkpt lon="-82.151436" lat="33.553146"><ele>99.480937</ele><time>2024-06-18T15:00:09Z</time><extensions><speed>1.540930</speed><course>48.608864</course><hAcc>1.487690</hAcc><vAcc>0.883592</vAcc></extensions></trkpt>
      <trkpt lon="-82.151424" lat="33.553156"><ele>99.483590</ele><time>2024-06-18T15:00:10Z</time><extensions><speed>1.541165</speed><course>43.451387</course><hAcc>1.486765</hAcc><vAcc>0.882996</vAcc></extensions></trkpt>
      <trkpt lon="-82.151413" lat="33.553167"><ele>99.482617</ele><time>2024-06-18T15:00:11Z</time><extensions><speed>1.504278</speed><course>46.359296</course><hAcc>1.508668</hAcc><vAcc>0.882488</vAcc></extensions></trkpt>
      <trkpt lon="-82.151402" lat="33.553177"><ele>99.476577</ele><time>2024-06-18T15:00:12Z</time><extensions><speed>1.515318</speed><course>45.343296</course><hAcc>1.488760</hAcc><vAcc>0.882040</vAcc></extensions></trkpt>
      <trkpt lon="-82.151392" lat="33.553187"><ele>99.473028</ele><time>2024-06-18T15:00:13Z</time><extensions><speed>1.486267</speed><course>45.365413</course><hAcc>1.495852</hAcc><vAcc>0.881630</vAcc></extensions></trkpt>
      <trkpt lon="-82.151380" lat="33.553197"><ele>99.471379</ele><time>2024-06-18T15:00:14Z</time><extensions><speed>1.463325</speed><course>51.858665</course><hAcc>1.508113</hAcc><vAcc>0.881243</vAcc></extensions></trkpt>
      <trkpt lon="-82.151369" lat="33.553206"><ele>99.471672</ele><time>2024-06-18T15:00:15Z</time><extensions><speed>1.480110</speed><course>49.013761</course><hAcc>1.487274</hAcc><vAcc>0.880841</vAcc></extensions></trkpt>
      <trkpt lon="-82.151357" lat="33.553215"><ele>99.473226</ele><time>2024-06-18T15:00:16Z</time><extensions><speed>1.505930</speed><course>48.331025</course><hAcc>1.493232</hAcc><vAcc>0.880408</vAcc></extensions></trkpt>
      <trkpt lon="-82.151346" lat="33.553225"><ele>99.478179</ele><time>2024-06-18T15:00:17Z</time><extensions><speed>1.525531</speed><course>46.512996</course><hAcc>1.475319</hAcc><vAcc>0.879978</vAcc></extensions></trkpt>
      <trkpt lon="-82.151335" lat="33.553235"><ele>99.484364</ele><time>2024-06-18T15:00:18Z</time><extensions><speed>1.509653</speed><course>46.911113</course><hAcc>1.462293</hAcc><vAcc>0.879559</vAcc></extensions></trkpt>
      <trkpt lon="-82.151324" lat="33.553245"><ele>99.494306</ele><time>2024-06-18T15:00:19Z</time><extensions><speed>1.516538</speed><course>44.997612</course><hAcc>1.454429</hAcc><vAcc>0.879143</vAcc></extensions></trkpt>
      <trkpt lon="-82.151313" lat="33.553255"><ele>99.504739</ele><time>2024-06-18T15:00:20Z</time><extensions><speed>1.522162</speed><course>46.039304</course><hAcc>1.429731</hAcc><vAcc>0.878785</vAcc></extensions></trkpt>
      <trkpt lon="-82.151301" lat="33.553265"><ele>99.524929</ele><time>2024-06-18T15:00:21Z</time><extensions><speed>1.516295</speed><course>44.791689</course><hAcc>1.425565</hAcc><vAcc>0.878496</vAcc></extensions></trkpt>
      <trkpt lon="-82.151290" lat="33.553276"><ele>99.545435</ele><time>2024-06-18T15:00:22Z</time><extensions><speed>1.521486</speed><course>44.448666</course><hAcc>1.399140</hAcc><vAcc>0.878291</vAcc></extensions></trkpt>
      <trkpt lon="-82.151279" lat="33.553286"><ele>99.567279</ele><time>2024-06-18T15:00:23Z</time><extensions><speed>1.504809</speed><course>43.460987</course><hAcc>1.388283</hAcc><vAcc>0.878168</vAcc></extensions></trkpt>
      <trkpt lon="-82.151269" lat="33.553296"><ele>99.598191</ele><time>2024-06-18T15:00:24Z</time><extensions><speed>1.486346</speed><course>43.315557</course><hAcc>1.386488</hAcc><vAcc>0.877998</vAcc></extensions></trkpt>
      <trkpt lon="-82.151257" lat="33.553306"><ele>99.623362</ele><time>2024-06-18T15:00:25Z</time><extensions><speed>1.496646</speed><course>42.927820</course><hAcc>1.353406</hAcc><vAcc>0.877751</vAcc></extensions></trkpt>
      <trkpt lon="-82.151246" lat="33.553317"><ele>99.639776</ele><time>2024-06-18T15:00:26Z</time><extensions><speed>1.480707</speed><course>43.549383</course><hAcc>1.352261</hAcc><vAcc>0.877414</vAcc></extensions></trkpt>
      <trkpt lon="-82.151235" lat="33.553326"><ele>99.647441</ele><time>2024-06-18T15:00:27Z</time><extensions><speed>1.502934</speed><course>45.888521</course><hAcc>1.327148</hAcc><vAcc>0.876981</vAcc></extensions></trkpt>
      <trkpt lon="-82.151223" lat="33.553336"><ele>99.642845</ele><time>2024-06-18T15:00:28Z</time><extensions><speed>1.507605</speed><course>47.265106</course><hAcc>1.310204</hAcc><vAcc>0.876433</vAcc></extensions></trkpt>
      <trkpt lon="-82.151210" lat="33.553345"><ele>99.628450</ele><time>2024-06-18T15:00:29Z</time><extensions><speed>1.489104</speed><course>47.554580</course><hAcc>1.303304</hAcc><vAcc>0.875739</vAcc></extensions></trkpt>
      <trkpt lon="-82.151198" lat="33.553354"><ele>99.610953</ele><time>2024-06-18T15:00:30Z</time><extensions><speed>1.521609</speed><course>50.680856</course><hAcc>1.285662</hAcc><vAcc>0.874916</vAcc></extensions></trkpt>
      <trkpt lon="-82.151184" lat="33.553363"><ele>99.593776</ele><time>2024-06-18T15:00:31Z</time><extensions><speed>1.529435</speed><course>50.181637</course><hAcc>1.271579</hAcc><vAcc>0.873951</vAcc></extensions></trkpt>
      <trkpt lon="-82.151171" lat="33.553372"><ele>99.573884</ele><time>2024-06-18T15:00:32Z</time><extensions><speed>1.508598</speed><course>49.826476</course><hAcc>1.274694</hAcc><vAcc>0.872812</vAcc></extensions></trkpt>
      <trkpt lon="-82.151159" lat="33.553381"><ele>99.551081</ele><time>2024-06-18T15:00:33Z</time><extensions><speed>1.544980</speed><course>49.636373</course><hAcc>1.248132</hAcc><vAcc>0.871546</vAcc></extensions></trkpt>
      <trkpt lon="-82.151145" lat="33.553390"><ele>99.520985</ele><time>2024-06-18T15:00:34Z</time><extensions><speed>1.520192</speed><course>50.964218</course><hAcc>1.247019</hAcc><vAcc>0.870174</vAcc></extensions></trkpt>
      <trkpt lon="-82.151132" lat="33.553399"><ele>99.491800</ele><time>2024-06-18T15:00:35Z</time><extensions><speed>1.573420</speed><course>50.685059</course><hAcc>1.230068</hAcc><vAcc>0.868720</vAcc></extensions></trkpt>
      <trkpt lon="-82.151119" lat="33.553409"><ele>99.468640</ele><time>2024-06-18T15:00:36Z</time><extensions><speed>1.603998</speed><course>48.845834</course><hAcc>1.223952</hAcc><vAcc>0.867241</vAcc></extensions></trkpt>
      <trkpt lon="-82.151106" lat="33.553418"><ele>99.450736</ele><time>2024-06-18T15:00:37Z</time><extensions><speed>1.557090</speed><course>49.313883</course><hAcc>1.227848</hAcc><vAcc>0.865787</vAcc></extensions></trkpt>
      <trkpt lon="-82.151092" lat="33.553428"><ele>99.434070</ele><time>2024-06-18T15:00:38Z</time><extensions><speed>1.626806</speed><course>48.951945</course><hAcc>1.208395</hAcc><vAcc>0.864416</vAcc></extensions></trkpt>
      <trkpt lon="-82.151079" lat="33.553438"><ele>99.415942</ele><time>2024-06-18T15:00:39Z</time><extensions><speed>1.605598</speed><course>48.836916</course><hAcc>1.214952</hAcc><vAcc>0.863230</vAcc></extensions></trkpt>
      <trkpt lon="-82.151067" lat="33.553449"><ele>99.397028</ele><time>2024-06-18T15:00:40Z</time><extensions><speed>1.674302</speed><course>45.271893</course><hAcc>1.194731</hAcc><vAcc>0.862292</vAcc></extensions></trkpt>
      <trkpt lon="-82.151054" lat="33.553460"><ele>99.379159</ele><time>2024-06-18T15:00:41Z</time><extensions><speed>1.683512</speed><course>45.733339</course><hAcc>1.195869</hAcc><vAcc>0.861644</vAcc></extensions></trkpt>
      <trkpt lon="-82.151042" lat="33.553470"><ele>99.364975</ele><time>2024-06-18T15:00:42Z</time><extensions><speed>1.620267</speed><course>47.623821</course><hAcc>1.206186</hAcc><vAcc>0.861275</vAcc></extensions></trkpt>
      <trkpt lon="-82.151029" lat="33.553480"><ele>99.352842</ele><time>2024-06-18T15:00:43Z</time><extensions><speed>1.665833</speed><course>46.294880</course><hAcc>1.188388</hAcc><vAcc>0.861164</vAcc></extensions></trkpt>
      <trkpt lon="-82.151016" lat="33.553491"><ele>99.345695</ele><time>2024-06-18T15:00:44Z</time><extensions><speed>1.654964</speed><course>45.706895</course><hAcc>1.203140</hAcc><vAcc>0.861306</vAcc></extensions></trkpt>
      <trkpt lon="-82.151004" lat="33.553501"><ele>99.346896</ele><time>2024-06-18T15:00:45Z</time><extensions><speed>1.676147</speed><course>44.957447</course><hAcc>1.177961</hAcc><vAcc>0.861709</vAcc></extensions></trkpt>
      <trkpt lon="-82.150992" lat="33.553512"><ele>99.347249</ele><time>2024-06-18T15:00:46Z</time><extensions><speed>1.678037</speed><course>46.092556</course><hAcc>1.194470</hAcc><vAcc>0.862367</vAcc></extensions></trkpt>
      <trkpt lon="-82.150979" lat="33.553522"><ele>99.349581</ele><time>2024-06-18T15:00:47Z</time><extensions><speed>1.659155</speed><course>46.035271</course><hAcc>1.212458</hAcc><vAcc>0.863251</vAcc></extensions></trkpt>
      <trkpt lon="-82.150966" lat="33.553533"><ele>99.348717</ele><time>2024-06-18T15:00:48Z</time><extensions><speed>1.657594</speed><course>45.874595</course><hAcc>1.190201</hAcc><vAcc>0.864356</vAcc></extensions></trkpt>
      <trkpt lon="-82.150954" lat="33.553543"><ele>99.343379</ele><time>2024-06-18T15:00:49Z</time><extensions><speed>1.646794</speed><course>46.094623</course><hAcc>1.193103</hAcc><vAcc>0.865617</vAcc></extensions></trkpt>
      <trkpt lon="-82.150941" lat="33.553553"><ele>99.334509</ele><time>2024-06-18T15:00:50Z</time><extensions><speed>1.650272</speed><course>47.058023</course><hAcc>1.208237</hAcc><vAcc>0.866956</vAcc></extensions></trkpt>
      <trkpt lon="-82.150928" lat="33.553563"><ele>99.322595</ele><time>2024-06-18T15:00:51Z</time><extensions><speed>1.588246</speed><course>47.430875</course><hAcc>1.191567</hAcc><vAcc>0.868339</vAcc></extensions></trkpt>
      <trkpt lon="-82.150915" lat="33.553573"><ele>99.303489</ele><time>2024-06-18T15:00:52Z</time><extensions><speed>1.579640</speed><course>48.600238</course><hAcc>1.197866</hAcc><vAcc>0.869719</vAcc></extensions></trkpt>
      <trkpt lon="-82.150902" lat="33.553582"><ele>99.283059</ele><time>2024-06-18T15:00:53Z</time><extensions><speed>1.544344</speed><course>48.730481</course><hAcc>1.176347</hAcc><vAcc>0.871092</vAcc></extensions></trkpt>
      <trkpt lon="-82.150889" lat="33.553592"><ele>99.256301</ele><time>2024-06-18T15:00:54Z</time><extensions><speed>1.551623</speed><course>47.674817</course><hAcc>1.180155</hAcc><vAcc>0.872360</vAcc></extensions></trkpt>
      <trkpt lon="-82.150876" lat="33.553602"><ele>99.218941</ele><time>2024-06-18T15:00:55Z</time><extensions><speed>1.546985</speed><course>47.649102</course><hAcc>1.212348</hAcc><vAcc>0.873518</vAcc></extensions></trkpt>
      <trkpt lon="-82.150863" lat="33.553611"><ele>99.175885</ele><time>2024-06-18T15:00:56Z</time><extensions><speed>1.553727</speed><course>50.196405</course><hAcc>1.216048</hAcc><vAcc>0.874571</vAcc></extensions></trkpt>
      <trkpt lon="-82.150849" lat="33.553621"><ele>99.127687</ele><time>2024-06-18T15:00:57Z</time><extensions><speed>1.517104</speed><course>51.057665</course><hAcc>1.223578</hAcc><vAcc>0.875506</vAcc></extensions></trkpt>
      <trkpt lon="-82.150836" lat="33.553630"><ele>99.075775</ele><time>2024-06-18T15:00:58Z</time><extensions><speed>1.604874</speed><course>49.536813</course><hAcc>1.199873</hAcc><vAcc>0.876264</vAcc></extensions></trkpt>
      <trkpt lon="-82.150822" lat="33.553640"><ele>99.019679</ele><time>2024-06-18T15:00:59Z</time><extensions><speed>1.622079</speed><course>48.418598</course><hAcc>1.212797</hAcc><vAcc>0.876816</vAcc></extensions></trkpt>
      <trkpt lon="-82.150809" lat="33.553650"><ele>98.963493</ele><time>2024-06-18T15:01:00Z</time><extensions><speed>1.554077</speed><course>50.507891</course><hAcc>1.233433</hAcc><vAcc>0.877153</vAcc></extensions></trkpt>
      <trkpt lon="-82.150795" lat="33.553659"><ele>98.908389</ele><time>2024-06-18T15:01:01Z</time><extensions><speed>1.655288</speed><course>53.371717</course><hAcc>1.217873</hAcc><vAcc>0.877274</vAcc></extensions></trkpt>
      <trkpt lon="-82.150780" lat="33.553668"><ele>98.857008</ele><time>2024-06-18T15:01:02Z</time><extensions><speed>1.604358</speed><course>55.095228</course><hAcc>1.223996</hAcc><vAcc>0.877215</vAcc></extensions></trkpt>
      <trkpt lon="-82.150766" lat="33.553678"><ele>98.806306</ele><time>2024-06-18T15:01:03Z</time><extensions><speed>1.710298</speed><course>50.558897</course><hAcc>1.203289</hAcc><vAcc>0.877015</vAcc></extensions></trkpt>
      <trkpt lon="-82.150752" lat="33.553687"><ele>98.755128</ele><time>2024-06-18T15:01:04Z</time><extensions><speed>1.592038</speed><course>53.669719</course><hAcc>1.215024</hAcc><vAcc>0.876683</vAcc></extensions></trkpt>
      <trkpt lon="-82.150738" lat="33.553696"><ele>98.706724</ele><time>2024-06-18T15:01:05Z</time><extensions><speed>1.459539</speed><course>53.743510</course><hAcc>1.231442</hAcc><vAcc>0.876235</vAcc></extensions></trkpt>
      <trkpt lon="-82.150725" lat="33.553704"><ele>98.663395</ele><time>2024-06-18T15:01:06Z</time><extensions><speed>1.566553</speed><course>55.494652</course><hAcc>1.224069</hAcc><vAcc>0.875648</vAcc></extensions></trkpt>
      <trkpt lon="-82.150711" lat="33.553713"><ele>98.622774</ele><time>2024-06-18T15:01:07Z</time><extensions><speed>1.628589</speed><course>55.098837</course><hAcc>1.220421</hAcc><vAcc>0.874910</vAcc></extensions></trkpt>
      <trkpt lon="-82.150697" lat="33.553722"><ele>98.588681</ele><time>2024-06-18T15:01:08Z</time><extensions><speed>1.539675</speed><course>52.522786</course><hAcc>1.227426</hAcc><vAcc>0.874071</vAcc></extensions></trkpt>
      <trkpt lon="-82.150683" lat="33.553731"><ele>98.567344</ele><time>2024-06-18T15:01:09Z</time><extensions><speed>1.604250</speed><course>53.766655</course><hAcc>1.219958</hAcc><vAcc>0.873191</vAcc></extensions></trkpt>
      <trkpt lon="-82.150669" lat="33.553740"><ele>98.562644</ele><time>2024-06-18T15:01:10Z</time><extensions><speed>1.529020</speed><course>54.852856</course><hAcc>1.232914</hAcc><vAcc>0.872304</vAcc></extensions></trkpt>
      <trkpt lon="-82.150655" lat="33.553749"><ele>98.563485</ele><time>2024-06-18T15:01:11Z</time><extensions><speed>1.634715</speed><course>55.847289</course><hAcc>1.214998</hAcc><vAcc>0.871487</vAcc></extensions></trkpt>
      <trkpt lon="-82.150641" lat="33.553757"><ele>98.569440</ele><time>2024-06-18T15:01:12Z</time><extensions><speed>1.637270</speed><course>56.180407</course><hAcc>1.214678</hAcc><vAcc>0.870792</vAcc></extensions></trkpt>
      <trkpt lon="-82.150626" lat="33.553766"><ele>98.586911</ele><time>2024-06-18T15:01:13Z</time><extensions><speed>1.564681</speed><course>57.716372</course><hAcc>1.229476</hAcc><vAcc>0.870251</vAcc></extensions></trkpt>
      <trkpt lon="-82.150612" lat="33.553774"><ele>98.611456</ele><time>2024-06-18T15:01:14Z</time><extensions><speed>1.607297</speed><course>57.947182</course><hAcc>1.209937</hAcc><vAcc>0.869905</vAcc></extensions></trkpt>
      <trkpt lon="-82.150598" lat="33.553782"><ele>98.639477</ele><time>2024-06-18T15:01:15Z</time><extensions><speed>1.551505</speed><course>58.221960</course><hAcc>1.214455</hAcc><vAcc>0.869780</vAcc></extensions></trkpt>
      <trkpt lon="-82.150583" lat="33.553790"><ele>98.669117</ele><time>2024-06-18T15:01:16Z</time><extensions><speed>1.610027</speed><course>56.806119</course><hAcc>1.193394</hAcc><vAcc>0.869920</vAcc></extensions></trkpt>
      <trkpt lon="-82.150569" lat="33.553798"><ele>98.700294</ele><time>2024-06-18T15:01:17Z</time><extensions><speed>1.588602</speed><course>58.053589</course><hAcc>1.196263</hAcc><vAcc>0.870374</vAcc></extensions></trkpt>
      <trkpt lon="-82.150555" lat="33.553805"><ele>98.736692</ele><time>2024-06-18T15:01:18Z</time><extensions><speed>1.532762</speed><course>60.256729</course><hAcc>1.214836</hAcc><vAcc>0.871172</vAcc></extensions></trkpt>
      <trkpt lon="-82.150540" lat="33.553812"><ele>98.773400</ele><time>2024-06-18T15:01:19Z</time><extensions><speed>1.570668</speed><course>59.849979</course><hAcc>1.202303</hAcc><vAcc>0.872309</vAcc></extensions></trkpt>
      <trkpt lon="-82.150525" lat="33.553820"><ele>98.808699</ele><time>2024-06-18T15:01:20Z</time><extensions><speed>1.584863</speed><course>61.425929</course><hAcc>1.216442</hAcc><vAcc>0.873756</vAcc></extensions></trkpt>
      <trkpt lon="-82.150511" lat="33.553826"><ele>98.843509</ele><time>2024-06-18T15:01:21Z</time><extensions><speed>1.560822</speed><course>61.513079</course><hAcc>1.236583</hAcc><vAcc>0.875481</vAcc></extensions></trkpt>
      <trkpt lon="-82.150496" lat="33.553833"><ele>98.884968</ele><time>2024-06-18T15:01:22Z</time><extensions><speed>1.558325</speed><course>61.213130</course><hAcc>1.230792</hAcc><vAcc>0.877416</vAcc></extensions></trkpt>
      <trkpt lon="-82.150482" lat="33.553840"><ele>98.929750</ele><time>2024-06-18T15:01:23Z</time><extensions><speed>1.549401</speed><course>58.975770</course><hAcc>1.252623</hAcc><vAcc>0.879503</vAcc></extensions></trkpt>
      <trkpt lon="-82.150467" lat="33.553847"><ele>98.973585</ele><time>2024-06-18T15:01:24Z</time><extensions><speed>1.555139</speed><course>59.489902</course><hAcc>1.266367</hAcc><vAcc>0.881576</vAcc></extensions></trkpt>
      <trkpt lon="-82.150453" lat="33.553855"><ele>99.020952</ele><time>2024-06-18T15:01:25Z</time><extensions><speed>1.549808</speed><course>60.039072</course><hAcc>1.302762</hAcc><vAcc>0.883568</vAcc></extensions></trkpt>
      <trkpt lon="-82.150439" lat="33.553862"><ele>99.066057</ele><time>2024-06-18T15:01:26Z</time><extensions><speed>1.546969</speed><course>60.504049</course><hAcc>1.332193</hAcc><vAcc>0.885398</vAcc></extensions></trkpt>
      <trkpt lon="-82.150424" lat="33.553869"><ele>99.109031</ele><time>2024-06-18T15:01:27Z</time><extensions><speed>1.507543</speed><course>61.082349</course><hAcc>1.327690</hAcc><vAcc>0.887030</vAcc></extensions></trkpt>
      <trkpt lon="-82.150410" lat="33.553877"><ele>99.149443</ele><time>2024-06-18T15:01:28Z</time><extensions><speed>1.497956</speed><course>61.883657</course><hAcc>1.342134</hAcc><vAcc>0.888409</vAcc></extensions></trkpt>
      <trkpt lon="-82.150395" lat="33.553883"><ele>99.180686</ele><time>2024-06-18T15:01:29Z</time><extensions><speed>1.514739</speed><course>62.474977</course><hAcc>1.319554</hAcc><vAcc>0.889488</vAcc></extensions></trkpt>
      <trkpt lon="-82.150380" lat="33.553890"><ele>99.210892</ele><time>2024-06-18T15:01:30Z</time><extensions><speed>1.528458</speed><course>63.426069</course><hAcc>1.318638</hAcc><vAcc>0.890274</vAcc></extensions></trkpt>
      <trkpt lon="-82.150364" lat="33.553896"><ele>99.237739</ele><time>2024-06-18T15:01:31Z</time><extensions><speed>1.507475</speed><course>63.511657</course><hAcc>1.321097</hAcc><vAcc>0.890778</vAcc></extensions></trkpt>
      <trkpt lon="-82.150349" lat="33.553903"><ele>99.262013</ele><time>2024-06-18T15:01:32Z</time><extensions><speed>1.514818</speed><course>64.650679</course><hAcc>1.299924</hAcc><vAcc>0.891054</vAcc></extensions></trkpt>
      <trkpt lon="-82.150334" lat="33.553909"><ele>99.280161</ele><time>2024-06-18T15:01:33Z</time><extensions><speed>1.484062</speed><course>64.588846</course><hAcc>1.302715</hAcc><vAcc>0.891218</vAcc></extensions></trkpt>
      <trkpt lon="-82.150319" lat="33.553915"><ele>99.289028</ele><time>2024-06-18T15:01:34Z</time><extensions><speed>1.538019</speed><course>64.794863</course><hAcc>1.292035</hAcc><vAcc>0.891403</vAcc></extensions></trkpt>
      <trkpt lon="-82.150304" lat="33.553921"><ele>99.290239</ele><time>2024-06-18T15:01:35Z</time><extensions><speed>1.550407</speed><course>64.345877</course><hAcc>1.294547</hAcc><vAcc>0.891739</vAcc></extensions></trkpt>
      <trkpt lon="-82.150288" lat="33.553927"><ele>99.289307</ele><time>2024-06-18T15:01:36Z</time><extensions><speed>1.523317</speed><course>65.093447</course><hAcc>1.310288</hAcc><vAcc>0.892326</vAcc></extensions></trkpt>
      <trkpt lon="-82.150272" lat="33.553933"><ele>99.288855</ele><time>2024-06-18T15:01:37Z</time><extensions><speed>1.646480</speed><course>65.179790</course><hAcc>1.295383</hAcc><vAcc>0.893313</vAcc></extensions></trkpt>
      <trkpt lon="-82.150256" lat="33.553939"><ele>99.279527</ele><time>2024-06-18T15:01:38Z</time><extensions><speed>1.666435</speed><course>67.593174</course><hAcc>1.305925</hAcc><vAcc>0.894767</vAcc></extensions></trkpt>
      <trkpt lon="-82.150239" lat="33.553944"><ele>99.267479</ele><time>2024-06-18T15:01:39Z</time><extensions><speed>1.567049</speed><course>67.967429</course><hAcc>1.318257</hAcc><vAcc>0.896740</vAcc></extensions></trkpt>
      <trkpt lon="-82.150223" lat="33.553950"><ele>99.252319</ele><time>2024-06-18T15:01:40Z</time><extensions><speed>1.608816</speed><course>69.007852</course><hAcc>1.309791</hAcc><vAcc>0.899262</vAcc></extensions></trkpt>
      <trkpt lon="-82.150207" lat="33.553955"><ele>99.232342</ele><time>2024-06-18T15:01:41Z</time><extensions><speed>1.501970</speed><course>69.830262</course><hAcc>1.334119</hAcc><vAcc>0.902291</vAcc></extensions></trkpt>
      <trkpt lon="-82.150191" lat="33.553960"><ele>99.204871</ele><time>2024-06-18T15:01:42Z</time><extensions><speed>1.532489</speed><course>69.713261</course><hAcc>1.336585</hAcc><vAcc>0.905806</vAcc></extensions></trkpt>
      <trkpt lon="-82.150175" lat="33.553965"><ele>99.171970</ele><time>2024-06-18T15:01:43Z</time><extensions><speed>1.610721</speed><course>69.793610</course><hAcc>1.358185</hAcc><vAcc>0.909700</vAcc></extensions></trkpt>
      <trkpt lon="-82.150159" lat="33.553970"><ele>99.142450</ele><time>2024-06-18T15:01:44Z</time><extensions><speed>1.518982</speed><course>70.621848</course><hAcc>1.386635</hAcc><vAcc>0.913772</vAcc></extensions></trkpt>
      <trkpt lon="-82.150143" lat="33.553975"><ele>99.107849</ele><time>2024-06-18T15:01:45Z</time><extensions><speed>1.559436</speed><course>71.680745</course><hAcc>1.386119</hAcc><vAcc>0.917841</vAcc></extensions></trkpt>
      <trkpt lon="-82.150127" lat="33.553979"><ele>99.066769</ele><time>2024-06-18T15:01:46Z</time><extensions><speed>1.518371</speed><course>72.381341</course><hAcc>1.402784</hAcc><vAcc>0.921776</vAcc></extensions></trkpt>
      <trkpt lon="-82.150111" lat="33.553984"><ele>99.022467</ele><time>2024-06-18T15:01:47Z</time><extensions><speed>1.611456</speed><course>73.321868</course><hAcc>1.409466</hAcc><vAcc>0.925392</vAcc></extensions></trkpt>
      <trkpt lon="-82.150094" lat="33.553988"><ele>98.976299</ele><time>2024-06-18T15:01:48Z</time><extensions><speed>1.612882</speed><course>73.732855</course><hAcc>1.425688</hAcc><vAcc>0.928522</vAcc></extensions></trkpt>
      <trkpt lon="-82.150077" lat="33.553993"><ele>98.933577</ele><time>2024-06-18T15:01:49Z</time><extensions><speed>1.560684</speed><course>73.619846</course><hAcc>1.440826</hAcc><vAcc>0.931059</vAcc></extensions></trkpt>
      <trkpt lon="-82.150060" lat="33.553998"><ele>98.889428</ele><time>2024-06-18T15:01:50Z</time><extensions><speed>1.625485</speed><course>75.032866</course><hAcc>1.440638</hAcc><vAcc>0.932955</vAcc></extensions></trkpt>
      <trkpt lon="-82.150043" lat="33.554002"><ele>98.841507</ele><time>2024-06-18T15:01:51Z</time><extensions><speed>1.598426</speed><course>74.029372</course><hAcc>1.441485</hAcc><vAcc>0.934149</vAcc></extensions></trkpt>
      <trkpt lon="-82.150026" lat="33.554007"><ele>98.793493</ele><time>2024-06-18T15:01:52Z</time><extensions><speed>1.650027</speed><course>73.870647</course><hAcc>1.420292</hAcc><vAcc>0.934668</vAcc></extensions></trkpt>
      <trkpt lon="-82.150008" lat="33.554012"><ele>98.739907</ele><time>2024-06-18T15:01:53Z</time><extensions><speed>1.663958</speed><course>72.275100</course><hAcc>1.422592</hAcc><vAcc>0.934558</vAcc></extensions></trkpt>
      <trkpt lon="-82.149992" lat="33.554017"><ele>98.690310</ele><time>2024-06-18T15:01:54Z</time><extensions><speed>1.554395</speed><course>68.877104</course><hAcc>1.447092</hAcc><vAcc>0.933851</vAcc></extensions></trkpt>
      <trkpt lon="-82.149976" lat="33.554023"><ele>98.639599</ele><time>2024-06-18T15:01:55Z</time><extensions><speed>1.609603</speed><course>70.224778</course><hAcc>1.428043</hAcc><vAcc>0.932581</vAcc></extensions></trkpt>
      <trkpt lon="-82.149959" lat="33.554028"><ele>98.593388</ele><time>2024-06-18T15:01:56Z</time><extensions><speed>1.627520</speed><course>71.143480</course><hAcc>1.410122</hAcc><vAcc>0.930902</vAcc></extensions></trkpt>
      <trkpt lon="-82.149943" lat="33.554033"><ele>98.555994</ele><time>2024-06-18T15:01:57Z</time><extensions><speed>1.612647</speed><course>72.130944</course><hAcc>1.418999</hAcc><vAcc>0.928968</vAcc></extensions></trkpt>
      <trkpt lon="-82.149927" lat="33.554039"><ele>98.527440</ele><time>2024-06-18T15:01:58Z</time><extensions><speed>1.660364</speed><course>68.765550</course><hAcc>1.390614</hAcc><vAcc>0.926876</vAcc></extensions></trkpt>
      <trkpt lon="-82.149911" lat="33.554044"><ele>98.518882</ele><time>2024-06-18T15:01:59Z</time><extensions><speed>1.614754</speed><course>71.311637</course><hAcc>1.397271</hAcc><vAcc>0.924741</vAcc></extensions></trkpt>
      <trkpt lon="-82.149895" lat="33.554050"><ele>98.513391</ele><time>2024-06-18T15:02:00Z</time><extensions><speed>1.632117</speed><course>72.796295</course><hAcc>1.365178</hAcc><vAcc>0.922669</vAcc></extensions></trkpt>
      <trkpt lon="-82.149879" lat="33.554055"><ele>98.504860</ele><time>2024-06-18T15:02:01Z</time><extensions><speed>1.608323</speed><course>73.841883</course><hAcc>1.350935</hAcc><vAcc>0.920769</vAcc></extensions></trkpt>
      <trkpt lon="-82.149863" lat="33.554059"><ele>98.501396</ele><time>2024-06-18T15:02:02Z</time><extensions><speed>1.567078</speed><course>76.301356</course><hAcc>1.360972</hAcc><vAcc>0.919101</vAcc></extensions></trkpt>
      <trkpt lon="-82.149847" lat="33.554063"><ele>98.506861</ele><time>2024-06-18T15:02:03Z</time><extensions><speed>1.566679</speed><course>77.145794</course><hAcc>1.336275</hAcc><vAcc>0.917728</vAcc></extensions></trkpt>
      <trkpt lon="-82.149831" lat="33.554068"><ele>98.520422</ele><time>2024-06-18T15:02:04Z</time><extensions><speed>1.563927</speed><course>74.506274</course><hAcc>1.329393</hAcc><vAcc>0.916680</vAcc></extensions></trkpt>
      <trkpt lon="-82.149815" lat="33.554072"><ele>98.534350</ele><time>2024-06-18T15:02:05Z</time><extensions><speed>1.528465</speed><course>76.317732</course><hAcc>1.310033</hAcc><vAcc>0.915933</vAcc></extensions></trkpt>
      <trkpt lon="-82.149799" lat="33.554076"><ele>98.540948</ele><time>2024-06-18T15:02:06Z</time><extensions><speed>1.509305</speed><course>74.490642</course><hAcc>1.297277</hAcc><vAcc>0.915532</vAcc></extensions></trkpt>
      <trkpt lon="-82.149783" lat="33.554080"><ele>98.544740</ele><time>2024-06-18T15:02:07Z</time><extensions><speed>1.474043</speed><course>72.895085</course><hAcc>1.297729</hAcc><vAcc>0.915457</vAcc></extensions></trkpt>
      <trkpt lon="-82.149768" lat="33.554085"><ele>98.545672</ele><time>2024-06-18T15:02:08Z</time><extensions><speed>1.458870</speed><course>74.917641</course><hAcc>1.281331</hAcc><vAcc>0.915712</vAcc></extensions></trkpt>
      <trkpt lon="-82.149752" lat="33.554089"><ele>98.541537</ele><time>2024-06-18T15:02:09Z</time><extensions><speed>1.467907</speed><course>73.512366</course><hAcc>1.280743</hAcc><vAcc>0.916274</vAcc></extensions></trkpt>
      <trkpt lon="-82.149737" lat="33.554093"><ele>98.522336</ele><time>2024-06-18T15:02:10Z</time><extensions><speed>1.458203</speed><course>72.916571</course><hAcc>1.256447</hAcc><vAcc>0.917169</vAcc></extensions></trkpt>
      <trkpt lon="-82.149721" lat="33.554098"><ele>98.492578</ele><time>2024-06-18T15:02:11Z</time><extensions><speed>1.473293</speed><course>72.491760</course><hAcc>1.256270</hAcc><vAcc>0.918258</vAcc></extensions></trkpt>
      <trkpt lon="-82.149706" lat="33.554102"><ele>98.455204</ele><time>2024-06-18T15:02:12Z</time><extensions><speed>1.473299</speed><course>76.075583</course><hAcc>1.272722</hAcc><vAcc>0.919518</vAcc></extensions></trkpt>
      <trkpt lon="-82.149690" lat="33.554105"><ele>98.402647</ele><time>2024-06-18T15:02:13Z</time><extensions><speed>1.524198</speed><course>81.046256</course><hAcc>1.247665</hAcc><vAcc>0.920907</vAcc></extensions></trkpt>
      <trkpt lon="-82.149673" lat="33.554108"><ele>98.349941</ele><time>2024-06-18T15:02:14Z</time><extensions><speed>1.548037</speed><course>77.452893</course><hAcc>1.242879</hAcc><vAcc>0.922359</vAcc></extensions></trkpt>
      <trkpt lon="-82.149657" lat="33.554111"><ele>98.298326</ele><time>2024-06-18T15:02:15Z</time><extensions><speed>1.494328</speed><course>77.705097</course><hAcc>1.262188</hAcc><vAcc>0.923859</vAcc></extensions></trkpt>
      <trkpt lon="-82.149640" lat="33.554113"><ele>98.243492</ele><time>2024-06-18T15:02:16Z</time><extensions><speed>1.600085</speed><course>80.958887</course><hAcc>1.239389</hAcc><vAcc>0.925341</vAcc></extensions></trkpt>
      <trkpt lon="-82.149623" lat="33.554115"><ele>98.196055</ele><time>2024-06-18T15:02:17Z</time><extensions><speed>1.568470</speed><course>85.901632</course><hAcc>1.259290</hAcc><vAcc>0.926745</vAcc></extensions></trkpt>
      <trkpt lon="-82.149606" lat="33.554117"><ele>98.152073</ele><time>2024-06-18T15:02:18Z</time><extensions><speed>1.642070</speed><course>81.486888</course><hAcc>1.241907</hAcc><vAcc>0.928114</vAcc></extensions></trkpt>
      <trkpt lon="-82.149589" lat="33.554119"><ele>98.111531</ele><time>2024-06-18T15:02:19Z</time><extensions><speed>1.656648</speed><course>79.287708</course><hAcc>1.238635</hAcc><vAcc>0.929434</vAcc></extensions></trkpt>
      <trkpt lon="-82.149571" lat="33.554122"><ele>98.067392</ele><time>2024-06-18T15:02:20Z</time><extensions><speed>1.668122</speed><course>77.854450</course><hAcc>1.240924</hAcc><vAcc>0.930664</vAcc></extensions></trkpt>
      <trkpt lon="-82.149554" lat="33.554125"><ele>98.022663</ele><time>2024-06-18T15:02:21Z</time><extensions><speed>1.668287</speed><course>78.409444</course><hAcc>1.258366</hAcc><vAcc>0.931783</vAcc></extensions></trkpt>
      <trkpt lon="-82.149537" lat="33.554128"><ele>97.976348</ele><time>2024-06-18T15:02:22Z</time><extensions><speed>1.633051</speed><course>78.437044</course><hAcc>1.280679</hAcc><vAcc>0.932753</vAcc></extensions></trkpt>
      <trkpt lon="-82.149520" lat="33.554131"><ele>97.938743</ele><time>2024-06-18T15:02:23Z</time><extensions><speed>1.642058</speed><course>77.310601</course><hAcc>1.267898</hAcc><vAcc>0.933577</vAcc></extensions></trkpt>
      <trkpt lon="-82.149503" lat="33.554134"><ele>97.912812</ele><time>2024-06-18T15:02:24Z</time><extensions><speed>1.627557</speed><course>75.838641</course><hAcc>1.278074</hAcc><vAcc>0.934254</vAcc></extensions></trkpt>
      <trkpt lon="-82.149486" lat="33.554138"><ele>97.893152</ele><time>2024-06-18T15:02:25Z</time><extensions><speed>1.621757</speed><course>75.650135</course><hAcc>1.302948</hAcc><vAcc>0.934824</vAcc></extensions></trkpt>
      <trkpt lon="-82.149469" lat="33.554142"><ele>97.885484</ele><time>2024-06-18T15:02:26Z</time><extensions><speed>1.593062</speed><course>74.842767</course><hAcc>1.326134</hAcc><vAcc>0.935329</vAcc></extensions></trkpt>
      <trkpt lon="-82.149453" lat="33.554145"><ele>97.882960</ele><time>2024-06-18T15:02:27Z</time><extensions><speed>1.575978</speed><course>75.056570</course><hAcc>1.374894</hAcc><vAcc>0.935777</vAcc></extensions></trkpt>
      <trkpt lon="-82.149437" lat="33.554149"><ele>97.886166</ele><time>2024-06-18T15:02:28Z</time><extensions><speed>1.534433</speed><course>75.423030</course><hAcc>1.367003</hAcc><vAcc>0.936183</vAcc></extensions></trkpt>
      <trkpt lon="-82.149422" lat="33.554152"><ele>97.888999</ele><time>2024-06-18T15:02:29Z</time><extensions><speed>1.512590</speed><course>75.642321</course><hAcc>1.402863</hAcc><vAcc>0.936560</vAcc></extensions></trkpt>
      <trkpt lon="-82.149406" lat="33.554156"><ele>97.892647</ele><time>2024-06-18T15:02:30Z</time><extensions><speed>1.542208</speed><course>75.270512</course><hAcc>1.419569</hAcc><vAcc>0.936886</vAcc></extensions></trkpt>
      <trkpt lon="-82.149391" lat="33.554160"><ele>97.895244</ele><time>2024-06-18T15:02:31Z</time><extensions><speed>1.488802</speed><course>75.031278</course><hAcc>1.428417</hAcc><vAcc>0.937141</vAcc></extensions></trkpt>
      <trkpt lon="-82.149376" lat="33.554164"><ele>97.896705</ele><time>2024-06-18T15:02:32Z</time><extensions><speed>1.465622</speed><course>75.305260</course><hAcc>1.450873</hAcc><vAcc>0.937313</vAcc></extensions></trkpt>
      <trkpt lon="-82.149361" lat="33.554167"><ele>97.897370</ele><time>2024-06-18T15:02:33Z</time><extensions><speed>1.500052</speed><course>75.817002</course><hAcc>1.471144</hAcc><vAcc>0.937433</vAcc></extensions></trkpt>
      <trkpt lon="-82.149345" lat="33.554171"><ele>97.898585</ele><time>2024-06-18T15:02:34Z</time><extensions><speed>1.453143</speed><course>75.211338</course><hAcc>1.478628</hAcc><vAcc>0.937478</vAcc></extensions></trkpt>
      <trkpt lon="-82.149330" lat="33.554175"><ele>97.903309</ele><time>2024-06-18T15:02:35Z</time><extensions><speed>1.473196</speed><course>74.022681</course><hAcc>1.487542</hAcc><vAcc>0.937428</vAcc></extensions></trkpt>
      <trkpt lon="-82.149316" lat="33.554179"><ele>97.901837</ele><time>2024-06-18T15:02:36Z</time><extensions><speed>1.433628</speed><course>72.943016</course><hAcc>1.476010</hAcc><vAcc>0.937269</vAcc></extensions></trkpt>
      <trkpt lon="-82.149301" lat="33.554183"><ele>97.883955</ele><time>2024-06-18T15:02:37Z</time><extensions><speed>1.437178</speed><course>73.442360</course><hAcc>1.493087</hAcc><vAcc>0.936937</vAcc></extensions></trkpt>
      <trkpt lon="-82.149287" lat="33.554187"><ele>97.863754</ele><time>2024-06-18T15:02:38Z</time><extensions><speed>1.450333</speed><course>74.748956</course><hAcc>1.506088</hAcc><vAcc>0.936405</vAcc></extensions></trkpt>
      <trkpt lon="-82.149272" lat="33.554191"><ele>97.838499</ele><time>2024-06-18T15:02:39Z</time><extensions><speed>1.431590</speed><course>74.409350</course><hAcc>1.486933</hAcc><vAcc>0.935669</vAcc></extensions></trkpt>
      <trkpt lon="-82.149257" lat="33.554195"><ele>97.801643</ele><time>2024-06-18T15:02:40Z</time><extensions><speed>1.471040</speed><course>72.821351</course><hAcc>1.493805</hAcc><vAcc>0.934739</vAcc></extensions></trkpt>
      <trkpt lon="-82.149243" lat="33.554199"><ele>97.759132</ele><time>2024-06-18T15:02:41Z</time><extensions><speed>1.453448</speed><course>74.989919</course><hAcc>1.495340</hAcc><vAcc>0.933637</vAcc></extensions></trkpt>
      <trkpt lon="-82.149228" lat="33.554203"><ele>97.712395</ele><time>2024-06-18T15:02:42Z</time><extensions><speed>1.455854</speed><course>74.899484</course><hAcc>1.502874</hAcc><vAcc>0.932374</vAcc></extensions></trkpt>
      <trkpt lon="-82.149213" lat="33.554206"><ele>97.664768</ele><time>2024-06-18T15:02:43Z</time><extensions><speed>1.478147</speed><course>75.103419</course><hAcc>1.511762</hAcc><vAcc>0.930951</vAcc></extensions></trkpt>
      <trkpt lon="-82.149199" lat="33.554210"><ele>97.619404</ele><time>2024-06-18T15:02:44Z</time><extensions><speed>1.452296</speed><course>73.245752</course><hAcc>1.496804</hAcc><vAcc>0.929415</vAcc></extensions></trkpt>
      <trkpt lon="-82.149184" lat="33.554214"><ele>97.569774</ele><time>2024-06-18T15:02:45Z</time><extensions><speed>1.452242</speed><course>71.043384</course><hAcc>1.508543</hAcc><vAcc>0.927803</vAcc></extensions></trkpt>
      <trkpt lon="-82.149170" lat="33.554219"><ele>97.518535</ele><time>2024-06-18T15:02:46Z</time><extensions><speed>1.476064</speed><course>72.082437</course><hAcc>1.523547</hAcc><vAcc>0.926160</vAcc></extensions></trkpt>
      <trkpt lon="-82.149156" lat="33.554224"><ele>97.469911</ele><time>2024-06-18T15:02:47Z</time><extensions><speed>1.460149</speed><course>70.385345</course><hAcc>1.495942</hAcc><vAcc>0.924473</vAcc></extensions></trkpt>
      <trkpt lon="-82.149142" lat="33.554229"><ele>97.425382</ele><time>2024-06-18T15:02:48Z</time><extensions><speed>1.483781</speed><course>70.140741</course><hAcc>1.491787</hAcc><vAcc>0.922770</vAcc></extensions></trkpt>
      <trkpt lon="-82.149128" lat="33.554234"><ele>97.387616</ele><time>2024-06-18T15:02:49Z</time><extensions><speed>1.435263</speed><course>70.468509</course><hAcc>1.464419</hAcc><vAcc>0.920993</vAcc></extensions></trkpt>
      <trkpt lon="-82.149114" lat="33.554239"><ele>97.353620</ele><time>2024-06-18T15:02:50Z</time><extensions><speed>1.416421</speed><course>69.482551</course><hAcc>1.448347</hAcc><vAcc>0.919143</vAcc></extensions></trkpt>
      <trkpt lon="-82.149100" lat="33.554244"><ele>97.325756</ele><time>2024-06-18T15:02:51Z</time><extensions><speed>1.380231</speed><course>68.759196</course><hAcc>1.443868</hAcc><vAcc>0.917240</vAcc></extensions></trkpt>
      <trkpt lon="-82.149086" lat="33.554248"><ele>97.301955</ele><time>2024-06-18T15:02:52Z</time><extensions><speed>1.355663</speed><course>70.294592</course><hAcc>1.420194</hAcc><vAcc>0.915334</vAcc></extensions></trkpt>
      <trkpt lon="-82.149072" lat="33.554253"><ele>97.276859</ele><time>2024-06-18T15:02:53Z</time><extensions><speed>1.391647</speed><course>70.432045</course><hAcc>1.412667</hAcc><vAcc>0.913474</vAcc></extensions></trkpt>
      <trkpt lon="-82.149058" lat="33.554257"><ele>97.248493</ele><time>2024-06-18T15:02:54Z</time><extensions><speed>1.364294</speed><course>70.009555</course><hAcc>1.378336</hAcc><vAcc>0.911685</vAcc></extensions></trkpt>
      <trkpt lon="-82.149044" lat="33.554261"><ele>97.218782</ele><time>2024-06-18T15:02:55Z</time><extensions><speed>1.367777</speed><course>68.338336</course><hAcc>1.356302</hAcc><vAcc>0.909981</vAcc></extensions></trkpt>
      <trkpt lon="-82.149030" lat="33.554266"><ele>97.185755</ele><time>2024-06-18T15:02:56Z</time><extensions><speed>1.376683</speed><course>69.303938</course><hAcc>1.359321</hAcc><vAcc>0.908338</vAcc></extensions></trkpt>
      <trkpt lon="-82.149016" lat="33.554270"><ele>97.147042</ele><time>2024-06-18T15:02:57Z</time><extensions><speed>1.384702</speed><course>68.461303</course><hAcc>1.329532</hAcc><vAcc>0.906770</vAcc></extensions></trkpt>
      <trkpt lon="-82.149001" lat="33.554274"><ele>97.105759</ele><time>2024-06-18T15:02:58Z</time><extensions><speed>1.393725</speed><course>68.002017</course><hAcc>1.328178</hAcc><vAcc>0.905260</vAcc></extensions></trkpt>
      <trkpt lon="-82.148987" lat="33.554279"><ele>97.064375</ele><time>2024-06-18T15:02:59Z</time><extensions><speed>1.421699</speed><course>67.748653</course><hAcc>1.294331</hAcc><vAcc>0.903824</vAcc></extensions></trkpt>
      <trkpt lon="-82.148972" lat="33.554284"><ele>97.023933</ele><time>2024-06-18T15:03:00Z</time><extensions><speed>1.433288</speed><course>68.375124</course><hAcc>1.291627</hAcc><vAcc>0.902467</vAcc></extensions></trkpt>
      <trkpt lon="-82.148957" lat="33.554288"><ele>96.983843</ele><time>2024-06-18T15:03:01Z</time><extensions><speed>1.417151</speed><course>68.908464</course><hAcc>1.297933</hAcc><vAcc>0.901190</vAcc></extensions></trkpt>
      <trkpt lon="-82.148942" lat="33.554293"><ele>96.939121</ele><time>2024-06-18T15:03:02Z</time><extensions><speed>1.484678</speed><course>70.004440</course><hAcc>1.269866</hAcc><vAcc>0.900056</vAcc></extensions></trkpt>
      <trkpt lon="-82.148927" lat="33.554297"><ele>96.895639</ele><time>2024-06-18T15:03:03Z</time><extensions><speed>1.496618</speed><course>71.105471</course><hAcc>1.276514</hAcc><vAcc>0.899128</vAcc></extensions></trkpt>
      <trkpt lon="-82.148911" lat="33.554301"><ele>96.859136</ele><time>2024-06-18T15:03:04Z</time><extensions><speed>1.453176</speed><course>74.230604</course><hAcc>1.283717</hAcc><vAcc>0.898400</vAcc></extensions></trkpt>
      <trkpt lon="-82.148895" lat="33.554304"><ele>96.822484</ele><time>2024-06-18T15:03:05Z</time><extensions><speed>1.524372</speed><course>75.048904</course><hAcc>1.262249</hAcc><vAcc>0.897822</vAcc></extensions></trkpt>
      <trkpt lon="-82.148879" lat="33.554308"><ele>96.779418</ele><time>2024-06-18T15:03:06Z</time><extensions><speed>1.522206</speed><course>74.223186</course><hAcc>1.274640</hAcc><vAcc>0.897396</vAcc></extensions></trkpt>
      <trkpt lon="-82.148862" lat="33.554312"><ele>96.735124</ele><time>2024-06-18T15:03:07Z</time><extensions><speed>1.621631</speed><course>76.020433</course><hAcc>1.243134</hAcc><vAcc>0.897107</vAcc></extensions></trkpt>
      <trkpt lon="-82.148846" lat="33.554315"><ele>96.692014</ele><time>2024-06-18T15:03:08Z</time><extensions><speed>1.605876</speed><course>76.714166</course><hAcc>1.251382</hAcc><vAcc>0.896909</vAcc></extensions></trkpt>
      <trkpt lon="-82.148830" lat="33.554319"><ele>96.653300</ele><time>2024-06-18T15:03:09Z</time><extensions><speed>1.553297</speed><course>75.400576</course><hAcc>1.284401</hAcc><vAcc>0.896765</vAcc></extensions></trkpt>
      <trkpt lon="-82.148814" lat="33.554323"><ele>96.620323</ele><time>2024-06-18T15:03:10Z</time><extensions><speed>1.551679</speed><course>75.500911</course><hAcc>1.260397</hAcc><vAcc>0.896653</vAcc></extensions></trkpt>
      <trkpt lon="-82.148799" lat="33.554327"><ele>96.599881</ele><time>2024-06-18T15:03:11Z</time><extensions><speed>1.515730</speed><course>75.666105</course><hAcc>1.267070</hAcc><vAcc>0.896589</vAcc></extensions></trkpt>
      <trkpt lon="-82.148783" lat="33.554330"><ele>96.588186</ele><time>2024-06-18T15:03:12Z</time><extensions><speed>1.550013</speed><course>76.453559</course><hAcc>1.242819</hAcc><vAcc>0.896579</vAcc></extensions></trkpt>
      <trkpt lon="-82.148767" lat="33.554334"><ele>96.584275</ele><time>2024-06-18T15:03:13Z</time><extensions><speed>1.542916</speed><course>77.000251</course><hAcc>1.239323</hAcc><vAcc>0.896603</vAcc></extensions></trkpt>
      <trkpt lon="-82.148752" lat="33.554337"><ele>96.590544</ele><time>2024-06-18T15:03:14Z</time><extensions><speed>1.541201</speed><course>76.832243</course><hAcc>1.248440</hAcc><vAcc>0.896609</vAcc></extensions></trkpt>
      <trkpt lon="-82.148736" lat="33.554341"><ele>96.605026</ele><time>2024-06-18T15:03:15Z</time><extensions><speed>1.548302</speed><course>76.840112</course><hAcc>1.230086</hAcc><vAcc>0.896601</vAcc></extensions></trkpt>
      <trkpt lon="-82.148720" lat="33.554344"><ele>96.621654</ele><time>2024-06-18T15:03:16Z</time><extensions><speed>1.541607</speed><course>76.675947</course><hAcc>1.230894</hAcc><vAcc>0.896601</vAcc></extensions></trkpt>
      <trkpt lon="-82.148704" lat="33.554348"><ele>96.648396</ele><time>2024-06-18T15:03:17Z</time><extensions><speed>1.484685</speed><course>75.274909</course><hAcc>1.206673</hAcc><vAcc>0.896665</vAcc></extensions></trkpt>
      <trkpt lon="-82.148689" lat="33.554352"><ele>96.687445</ele><time>2024-06-18T15:03:18Z</time><extensions><speed>1.427133</speed><course>75.336508</course><hAcc>1.213734</hAcc><vAcc>0.896776</vAcc></extensions></trkpt>
      <trkpt lon="-82.148675" lat="33.554356"><ele>96.733007</ele><time>2024-06-18T15:03:19Z</time><extensions><speed>1.403179</speed><course>71.332788</course><hAcc>1.225316</hAcc><vAcc>0.896985</vAcc></extensions></trkpt>
      <trkpt lon="-82.148661" lat="33.554360"><ele>96.786664</ele><time>2024-06-18T15:03:20Z</time><extensions><speed>1.354624</speed><course>72.243267</course><hAcc>1.210877</hAcc><vAcc>0.897326</vAcc></extensions></trkpt>
      <trkpt lon="-82.148647" lat="33.554364"><ele>96.847186</ele><time>2024-06-18T15:03:21Z</time><extensions><speed>1.358282</speed><course>72.776177</course><hAcc>1.214518</hAcc><vAcc>0.897857</vAcc></extensions></trkpt>
      <trkpt lon="-82.148633" lat="33.554368"><ele>96.914551</ele><time>2024-06-18T15:03:22Z</time><extensions><speed>1.387873</speed><course>74.090118</course><hAcc>1.227098</hAcc><vAcc>0.898595</vAcc></extensions></trkpt>
      <trkpt lon="-82.148618" lat="33.554372"><ele>96.988331</ele><time>2024-06-18T15:03:23Z</time><extensions><speed>1.365567</speed><course>74.422359</course><hAcc>1.207801</hAcc><vAcc>0.899620</vAcc></extensions></trkpt>
      <trkpt lon="-82.148604" lat="33.554376"><ele>97.063638</ele><time>2024-06-18T15:03:24Z</time><extensions><speed>1.367105</speed><course>75.268238</course><hAcc>1.216001</hAcc><vAcc>0.900961</vAcc></extensions></trkpt>
      <trkpt lon="-82.148590" lat="33.554379"><ele>97.144327</ele><time>2024-06-18T15:03:25Z</time><extensions><speed>1.383055</speed><course>75.603076</course><hAcc>1.196906</hAcc><vAcc>0.902672</vAcc></extensions></trkpt>
      <trkpt lon="-82.148575" lat="33.554382"><ele>97.224828</ele><time>2024-06-18T15:03:26Z</time><extensions><speed>1.420917</speed><course>75.282415</course><hAcc>1.208545</hAcc><vAcc>0.904718</vAcc></extensions></trkpt>
      <trkpt lon="-82.148560" lat="33.554386"><ele>97.301596</ele><time>2024-06-18T15:03:27Z</time><extensions><speed>1.427875</speed><course>76.580465</course><hAcc>1.228264</hAcc><vAcc>0.907080</vAcc></extensions></trkpt>
      <trkpt lon="-82.148545" lat="33.554389"><ele>97.374558</ele><time>2024-06-18T15:03:28Z</time><extensions><speed>1.430504</speed><course>76.921628</course><hAcc>1.222530</hAcc><vAcc>0.909692</vAcc></extensions></trkpt>
      <trkpt lon="-82.148530" lat="33.554392"><ele>97.444427</ele><time>2024-06-18T15:03:29Z</time><extensions><speed>1.422469</speed><course>77.301423</course><hAcc>1.250196</hAcc><vAcc>0.912521</vAcc></extensions></trkpt>
      <trkpt lon="-82.148515" lat="33.554395"><ele>97.509836</ele><time>2024-06-18T15:03:30Z</time><extensions><speed>1.450944</speed><course>74.027724</course><hAcc>1.240714</hAcc><vAcc>0.915502</vAcc></extensions></trkpt>
      <trkpt lon="-82.148500" lat="33.554399"><ele>97.571087</ele><time>2024-06-18T15:03:31Z</time><extensions><speed>1.485516</speed><course>72.039405</course><hAcc>1.273827</hAcc><vAcc>0.918559</vAcc></extensions></trkpt>
      <trkpt lon="-82.148485" lat="33.554403"><ele>97.625573</ele><time>2024-06-18T15:03:32Z</time><extensions><speed>1.471400</speed><course>71.881159</course><hAcc>1.332019</hAcc><vAcc>0.921637</vAcc></extensions></trkpt>
      <trkpt lon="-82.148470" lat="33.554407"><ele>97.675809</ele><time>2024-06-18T15:03:33Z</time><extensions><speed>1.470525</speed><course>73.205007</course><hAcc>1.360344</hAcc><vAcc>0.924635</vAcc></extensions></trkpt>
      <trkpt lon="-82.148454" lat="33.554410"><ele>97.725182</ele><time>2024-06-18T15:03:34Z</time><extensions><speed>1.448773</speed><course>74.323398</course><hAcc>1.404707</hAcc><vAcc>0.927459</vAcc></extensions></trkpt>
      <trkpt lon="-82.148439" lat="33.554414"><ele>97.772978</ele><time>2024-06-18T15:03:35Z</time><extensions><speed>1.458024</speed><course>73.923621</course><hAcc>1.410401</hAcc><vAcc>0.930043</vAcc></extensions></trkpt>
      <trkpt lon="-82.148424" lat="33.554417"><ele>97.816769</ele><time>2024-06-18T15:03:36Z</time><extensions><speed>1.445742</speed><course>74.955734</course><hAcc>1.474069</hAcc><vAcc>0.932322</vAcc></extensions></trkpt>
      <trkpt lon="-82.148409" lat="33.554421"><ele>97.852411</ele><time>2024-06-18T15:03:37Z</time><extensions><speed>1.430682</speed><course>74.251334</course><hAcc>1.509532</hAcc><vAcc>0.934263</vAcc></extensions></trkpt>
      <trkpt lon="-82.148394" lat="33.554424"><ele>97.880030</ele><time>2024-06-18T15:03:38Z</time><extensions><speed>1.444712</speed><course>74.112246</course><hAcc>1.508343</hAcc><vAcc>0.935904</vAcc></extensions></trkpt>
      <trkpt lon="-82.148380" lat="33.554428"><ele>97.899102</ele><time>2024-06-18T15:03:39Z</time><extensions><speed>1.452909</speed><course>74.491245</course><hAcc>1.524915</hAcc><vAcc>0.937255</vAcc></extensions></trkpt>
      <trkpt lon="-82.148365" lat="33.554431"><ele>97.913369</ele><time>2024-06-18T15:03:40Z</time><extensions><speed>1.451722</speed><course>77.065915</course><hAcc>1.535989</hAcc><vAcc>0.938360</vAcc></extensions></trkpt>
      <trkpt lon="-82.148349" lat="33.554433"><ele>97.920646</ele><time>2024-06-18T15:03:41Z</time><extensions><speed>1.473929</speed><course>79.470527</course><hAcc>1.520184</hAcc><vAcc>0.939250</vAcc></extensions></trkpt>
      <trkpt lon="-82.148334" lat="33.554436"><ele>97.921074</ele><time>2024-06-18T15:03:42Z</time><extensions><speed>1.477635</speed><course>79.986145</course><hAcc>1.536391</hAcc><vAcc>0.939957</vAcc></extensions></trkpt>
      <trkpt lon="-82.148318" lat="33.554439"><ele>97.915217</ele><time>2024-06-18T15:03:43Z</time><extensions><speed>1.445210</speed><course>79.389277</course><hAcc>1.512930</hAcc><vAcc>0.940473</vAcc></extensions></trkpt>
      <trkpt lon="-82.148303" lat="33.554441"><ele>97.911682</ele><time>2024-06-18T15:03:44Z</time><extensions><speed>1.434109</speed><course>78.607017</course><hAcc>1.519836</hAcc><vAcc>0.940873</vAcc></extensions></trkpt>
      <trkpt lon="-82.148288" lat="33.554444"><ele>97.901569</ele><time>2024-06-18T15:03:45Z</time><extensions><speed>1.434448</speed><course>78.429393</course><hAcc>1.527254</hAcc><vAcc>0.941224</vAcc></extensions></trkpt>
      <trkpt lon="-82.148273" lat="33.554447"><ele>97.887100</ele><time>2024-06-18T15:03:46Z</time><extensions><speed>1.432575</speed><course>77.846217</course><hAcc>1.506238</hAcc><vAcc>0.941565</vAcc></extensions></trkpt>
      <trkpt lon="-82.148259" lat="33.554450"><ele>97.868675</ele><time>2024-06-18T15:03:47Z</time><extensions><speed>1.442781</speed><course>77.300328</course><hAcc>1.511436</hAcc><vAcc>0.941939</vAcc></extensions></trkpt>
      <trkpt lon="-82.148244" lat="33.554453"><ele>97.846522</ele><time>2024-06-18T15:03:48Z</time><extensions><speed>1.402581</speed><course>77.465571</course><hAcc>1.495714</hAcc><vAcc>0.942371</vAcc></extensions></trkpt>
      <trkpt lon="-82.148230" lat="33.554456"><ele>97.825266</ele><time>2024-06-18T15:03:49Z</time><extensions><speed>1.385160</speed><course>77.213248</course><hAcc>1.503457</hAcc><vAcc>0.942876</vAcc></extensions></trkpt>
      <trkpt lon="-82.148216" lat="33.554460"><ele>97.802947</ele><time>2024-06-18T15:03:50Z</time><extensions><speed>1.372778</speed><course>76.639406</course><hAcc>1.516564</hAcc><vAcc>0.943465</vAcc></extensions></trkpt>
      <trkpt lon="-82.148202" lat="33.554463"><ele>97.778906</ele><time>2024-06-18T15:03:51Z</time><extensions><speed>1.384906</speed><course>76.815253</course><hAcc>1.502953</hAcc><vAcc>0.944139</vAcc></extensions></trkpt>
      <trkpt lon="-82.148187" lat="33.554466"><ele>97.754236</ele><time>2024-06-18T15:03:52Z</time><extensions><speed>1.441884</speed><course>76.701000</course><hAcc>1.520095</hAcc><vAcc>0.944885</vAcc></extensions></trkpt>
      <trkpt lon="-82.148173" lat="33.554469"><ele>97.728799</ele><time>2024-06-18T15:03:53Z</time><extensions><speed>1.408163</speed><course>77.066386</course><hAcc>1.514069</hAcc><vAcc>0.945689</vAcc></extensions></trkpt>
      <trkpt lon="-82.148158" lat="33.554472"><ele>97.703683</ele><time>2024-06-18T15:03:54Z</time><extensions><speed>1.397681</speed><course>76.216131</course><hAcc>1.516113</hAcc><vAcc>0.946548</vAcc></extensions></trkpt>
      <trkpt lon="-82.148144" lat="33.554475"><ele>97.676632</ele><time>2024-06-18T15:03:55Z</time><extensions><speed>1.416712</speed><course>77.395404</course><hAcc>1.538811</hAcc><vAcc>0.947435</vAcc></extensions></trkpt>
      <trkpt lon="-82.148130" lat="33.554478"><ele>97.646074</ele><time>2024-06-18T15:03:56Z</time><extensions><speed>1.322943</speed><course>77.164125</course><hAcc>1.517974</hAcc><vAcc>0.948339</vAcc></extensions></trkpt>
      <trkpt lon="-82.148116" lat="33.554481"><ele>97.609170</ele><time>2024-06-18T15:03:57Z</time><extensions><speed>1.317490</speed><course>76.384394</course><hAcc>1.528674</hAcc><vAcc>0.949233</vAcc></extensions></trkpt>
      <trkpt lon="-82.148102" lat="33.554484"><ele>97.572345</ele><time>2024-06-18T15:03:58Z</time><extensions><speed>1.336912</speed><course>74.968605</course><hAcc>1.544686</hAcc><vAcc>0.950107</vAcc></extensions></trkpt>
      <trkpt lon="-82.148088" lat="33.554487"><ele>97.529148</ele><time>2024-06-18T15:03:59Z</time><extensions><speed>1.328314</speed><course>73.954235</course><hAcc>1.529172</hAcc><vAcc>0.950904</vAcc></extensions></trkpt>
      <trkpt lon="-82.148073" lat="33.554490"><ele>97.483705</ele><time>2024-06-18T15:04:00Z</time><extensions><speed>1.382954</speed><course>74.608646</course><hAcc>1.549052</hAcc><vAcc>0.951596</vAcc></extensions></trkpt>
      <trkpt lon="-82.148059" lat="33.554494"><ele>97.435496</ele><time>2024-06-18T15:04:01Z</time><extensions><speed>1.370340</speed><course>74.155399</course><hAcc>1.522532</hAcc><vAcc>0.952179</vAcc></extensions></trkpt>
      <trkpt lon="-82.148044" lat="33.554497"><ele>97.386217</ele><time>2024-06-18T15:04:02Z</time><extensions><speed>1.372607</speed><course>75.471867</course><hAcc>1.533636</hAcc><vAcc>0.952599</vAcc></extensions></trkpt>
      <trkpt lon="-82.148029" lat="33.554500"><ele>97.344274</ele><time>2024-06-18T15:04:03Z</time><extensions><speed>1.352919</speed><course>76.643790</course><hAcc>1.557009</hAcc><vAcc>0.952824</vAcc></extensions></trkpt>
      <trkpt lon="-82.148015" lat="33.554503"><ele>97.301831</ele><time>2024-06-18T15:04:04Z</time><extensions><speed>1.348176</speed><course>76.598712</course><hAcc>1.542290</hAcc><vAcc>0.952815</vAcc></extensions></trkpt>
      <trkpt lon="-82.148000" lat="33.554506"><ele>97.258101</ele><time>2024-06-18T15:04:05Z</time><extensions><speed>1.327795</speed><course>76.705395</course><hAcc>1.557144</hAcc><vAcc>0.952512</vAcc></extensions></trkpt>
      <trkpt lon="-82.147985" lat="33.554509"><ele>97.218920</ele><time>2024-06-18T15:04:06Z</time><extensions><speed>1.431085</speed><course>77.270879</course><hAcc>1.535946</hAcc><vAcc>0.951908</vAcc></extensions></trkpt>
      <trkpt lon="-82.147970" lat="33.554512"><ele>97.183135</ele><time>2024-06-18T15:04:07Z</time><extensions><speed>1.472397</speed><course>77.225070</course><hAcc>1.544362</hAcc><vAcc>0.950995</vAcc></extensions></trkpt>
      <trkpt lon="-82.147954" lat="33.554514"><ele>97.146838</ele><time>2024-06-18T15:04:08Z</time><extensions><speed>1.418640</speed><course>76.779683</course><hAcc>1.568258</hAcc><vAcc>0.949792</vAcc></extensions></trkpt>
      <trkpt lon="-82.147938" lat="33.554517"><ele>97.113104</ele><time>2024-06-18T15:04:09Z</time><extensions><speed>1.505592</speed><course>76.829952</course><hAcc>1.555768</hAcc><vAcc>0.948354</vAcc></extensions></trkpt>
      <trkpt lon="-82.147922" lat="33.554520"><ele>97.082508</ele><time>2024-06-18T15:04:10Z</time><extensions><speed>1.546540</speed><course>76.742315</course><hAcc>1.574952</hAcc><vAcc>0.946724</vAcc></extensions></trkpt>
      <trkpt lon="-82.147906" lat="33.554524"><ele>97.050273</ele><time>2024-06-18T15:04:11Z</time><extensions><speed>1.514806</speed><course>76.425319</course><hAcc>1.586764</hAcc><vAcc>0.944930</vAcc></extensions></trkpt>
      <trkpt lon="-82.147890" lat="33.554527"><ele>97.017140</ele><time>2024-06-18T15:04:12Z</time><extensions><speed>1.551764</speed><course>74.824473</course><hAcc>1.583453</hAcc><vAcc>0.942987</vAcc></extensions></trkpt>
      <trkpt lon="-82.147874" lat="33.554531"><ele>96.981503</ele><time>2024-06-18T15:04:13Z</time><extensions><speed>1.522885</speed><course>72.177368</course><hAcc>1.586942</hAcc><vAcc>0.940956</vAcc></extensions></trkpt>
      <trkpt lon="-82.147858" lat="33.554536"><ele>96.943970</ele><time>2024-06-18T15:04:14Z</time><extensions><speed>1.582838</speed><course>72.481247</course><hAcc>1.562111</hAcc><vAcc>0.938906</vAcc></extensions></trkpt>
      <trkpt lon="-82.147842" lat="33.554540"><ele>96.900160</ele><time>2024-06-18T15:04:15Z</time><extensions><speed>1.578875</speed><course>71.982963</course><hAcc>1.555728</hAcc><vAcc>0.936888</vAcc></extensions></trkpt>
      <trkpt lon="-82.147826" lat="33.554544"><ele>96.850882</ele><time>2024-06-18T15:04:16Z</time><extensions><speed>1.538356</speed><course>71.534215</course><hAcc>1.571633</hAcc><vAcc>0.934920</vAcc></extensions></trkpt>
      <trkpt lon="-82.147810" lat="33.554549"><ele>96.792931</ele><time>2024-06-18T15:04:17Z</time><extensions><speed>1.553625</speed><course>70.981246</course><hAcc>1.573635</hAcc><vAcc>0.933074</vAcc></extensions></trkpt>
      <trkpt lon="-82.147794" lat="33.554554"><ele>96.729669</ele><time>2024-06-18T15:04:18Z</time><extensions><speed>1.532241</speed><course>70.367566</course><hAcc>1.570414</hAcc><vAcc>0.931472</vAcc></extensions></trkpt>
      <trkpt lon="-82.147779" lat="33.554559"><ele>96.656716</ele><time>2024-06-18T15:04:19Z</time><extensions><speed>1.540141</speed><course>70.069176</course><hAcc>1.555109</hAcc><vAcc>0.930194</vAcc></extensions></trkpt>
      <trkpt lon="-82.147763" lat="33.554563"><ele>96.576289</ele><time>2024-06-18T15:04:20Z</time><extensions><speed>1.528194</speed><course>69.834590</course><hAcc>1.560715</hAcc><vAcc>0.929266</vAcc></extensions></trkpt>
      <trkpt lon="-82.147748" lat="33.554568"><ele>96.495801</ele><time>2024-06-18T15:04:21Z</time><extensions><speed>1.487902</speed><course>69.369481</course><hAcc>1.572437</hAcc><vAcc>0.928648</vAcc></extensions></trkpt>
      <trkpt lon="-82.147733" lat="33.554573"><ele>96.404552</ele><time>2024-06-18T15:04:22Z</time><extensions><speed>1.504632</speed><course>68.446143</course><hAcc>1.549792</hAcc><vAcc>0.928365</vAcc></extensions></trkpt>
      <trkpt lon="-82.147718" lat="33.554579"><ele>96.309386</ele><time>2024-06-18T15:04:23Z</time><extensions><speed>1.500047</speed><course>68.330737</course><hAcc>1.566055</hAcc><vAcc>0.928415</vAcc></extensions></trkpt>
      <trkpt lon="-82.147703" lat="33.554584"><ele>96.224009</ele><time>2024-06-18T15:04:24Z</time><extensions><speed>1.491933</speed><course>67.615934</course><hAcc>1.541853</hAcc><vAcc>0.928825</vAcc></extensions></trkpt>
      <trkpt lon="-82.147688" lat="33.554589"><ele>96.134371</ele><time>2024-06-18T15:04:25Z</time><extensions><speed>1.480558</speed><course>68.395105</course><hAcc>1.551255</hAcc><vAcc>0.929637</vAcc></extensions></trkpt>
      <trkpt lon="-82.147674" lat="33.554594"><ele>96.047300</ele><time>2024-06-18T15:04:26Z</time><extensions><speed>1.438732</speed><course>69.611806</course><hAcc>1.577329</hAcc><vAcc>0.930764</vAcc></extensions></trkpt>
      <trkpt lon="-82.147660" lat="33.554599"><ele>95.968914</ele><time>2024-06-18T15:04:27Z</time><extensions><speed>1.462885</speed><course>69.780854</course><hAcc>1.575946</hAcc><vAcc>0.932211</vAcc></extensions></trkpt>
      <trkpt lon="-82.147646" lat="33.554605"><ele>95.897292</ele><time>2024-06-18T15:04:28Z</time><extensions><speed>1.448372</speed><course>68.804788</course><hAcc>1.578479</hAcc><vAcc>0.933955</vAcc></extensions></trkpt>
      <trkpt lon="-82.147632" lat="33.554610"><ele>95.833181</ele><time>2024-06-18T15:04:29Z</time><extensions><speed>1.447862</speed><course>68.348282</course><hAcc>1.582727</hAcc><vAcc>0.935909</vAcc></extensions></trkpt>
      <trkpt lon="-82.147618" lat="33.554615"><ele>95.769740</ele><time>2024-06-18T15:04:30Z</time><extensions><speed>1.449730</speed><course>69.052547</course><hAcc>1.565756</hAcc><vAcc>0.937997</vAcc></extensions></trkpt>
      <trkpt lon="-82.147604" lat="33.554620"><ele>95.701819</ele><time>2024-06-18T15:04:31Z</time><extensions><speed>1.500530</speed><course>69.544553</course><hAcc>1.585091</hAcc><vAcc>0.940157</vAcc></extensions></trkpt>
      <trkpt lon="-82.147589" lat="33.554625"><ele>95.634732</ele><time>2024-06-18T15:04:32Z</time><extensions><speed>1.478693</speed><course>67.526167</course><hAcc>1.562273</hAcc><vAcc>0.942391</vAcc></extensions></trkpt>
      <trkpt lon="-82.147575" lat="33.554632"><ele>95.563391</ele><time>2024-06-18T15:04:33Z</time><extensions><speed>1.478247</speed><course>61.173734</course><hAcc>1.559503</hAcc><vAcc>0.944624</vAcc></extensions></trkpt>
      <trkpt lon="-82.147562" lat="33.554638"><ele>95.493430</ele><time>2024-06-18T15:04:34Z</time><extensions><speed>1.416969</speed><course>66.433503</course><hAcc>1.607489</hAcc><vAcc>0.946794</vAcc></extensions></trkpt>
      <trkpt lon="-82.147549" lat="33.554644"><ele>95.426115</ele><time>2024-06-18T15:04:35Z</time><extensions><speed>1.400997</speed><course>59.966338</course><hAcc>1.586413</hAcc><vAcc>0.948882</vAcc></extensions></trkpt>
      <trkpt lon="-82.147536" lat="33.554652"><ele>95.360752</ele><time>2024-06-18T15:04:36Z</time><extensions><speed>1.417458</speed><course>57.040339</course><hAcc>1.591161</hAcc><vAcc>0.950883</vAcc></extensions></trkpt>
      <trkpt lon="-82.147524" lat="33.554660"><ele>95.296670</ele><time>2024-06-18T15:04:37Z</time><extensions><speed>1.402217</speed><course>55.705426</course><hAcc>1.569327</hAcc><vAcc>0.952767</vAcc></extensions></trkpt>
      <trkpt lon="-82.147512" lat="33.554668"><ele>95.232418</ele><time>2024-06-18T15:04:38Z</time><extensions><speed>1.361910</speed><course>55.048520</course><hAcc>1.568353</hAcc><vAcc>0.954516</vAcc></extensions></trkpt>
      <trkpt lon="-82.147500" lat="33.554675"><ele>95.172792</ele><time>2024-06-18T15:04:39Z</time><extensions><speed>1.355943</speed><course>53.904412</course><hAcc>1.576305</hAcc><vAcc>0.956132</vAcc></extensions></trkpt>
      <trkpt lon="-82.147489" lat="33.554683"><ele>95.114802</ele><time>2024-06-18T15:04:40Z</time><extensions><speed>1.356080</speed><course>53.803541</course><hAcc>1.564453</hAcc><vAcc>0.957677</vAcc></extensions></trkpt>
      <trkpt lon="-82.147478" lat="33.554691"><ele>95.054036</ele><time>2024-06-18T15:04:41Z</time><extensions><speed>1.348532</speed><course>51.326530</course><hAcc>1.563795</hAcc><vAcc>0.959232</vAcc></extensions></trkpt>
      <trkpt lon="-82.147466" lat="33.554699"><ele>94.996969</ele><time>2024-06-18T15:04:42Z</time><extensions><speed>1.418581</speed><course>52.372962</course><hAcc>1.551242</hAcc><vAcc>0.960823</vAcc></extensions></trkpt>
      <trkpt lon="-82.147454" lat="33.554708"><ele>94.943233</ele><time>2024-06-18T15:04:43Z</time><extensions><speed>1.435033</speed><course>49.049586</course><hAcc>1.551986</hAcc><vAcc>0.962554</vAcc></extensions></trkpt>
      <trkpt lon="-82.147443" lat="33.554717"><ele>94.898498</ele><time>2024-06-18T15:04:44Z</time><extensions><speed>1.403502</speed><course>51.844905</course><hAcc>1.584859</hAcc><vAcc>0.964368</vAcc></extensions></trkpt>
      <trkpt lon="-82.147431" lat="33.554725"><ele>94.857382</ele><time>2024-06-18T15:04:45Z</time><extensions><speed>1.428193</speed><course>56.992763</course><hAcc>1.580923</hAcc><vAcc>0.966266</vAcc></extensions></trkpt>
      <trkpt lon="-82.147418" lat="33.554733"><ele>94.822113</ele><time>2024-06-18T15:04:46Z</time><extensions><speed>1.460982</speed><course>55.546880</course><hAcc>1.581772</hAcc><vAcc>0.968247</vAcc></extensions></trkpt>
      <trkpt lon="-82.147405" lat="33.554741"><ele>94.783809</ele><time>2024-06-18T15:04:47Z</time><extensions><speed>1.495092</speed><course>54.164782</course><hAcc>1.599969</hAcc><vAcc>0.970289</vAcc></extensions></trkpt>
      <trkpt lon="-82.147393" lat="33.554750"><ele>94.739192</ele><time>2024-06-18T15:04:48Z</time><extensions><speed>1.518101</speed><course>48.772007</course><hAcc>1.590960</hAcc><vAcc>0.972318</vAcc></extensions></trkpt>
      <trkpt lon="-82.147381" lat="33.554760"><ele>94.696111</ele><time>2024-06-18T15:04:49Z</time><extensions><speed>1.492239</speed><course>47.431750</course><hAcc>1.624073</hAcc><vAcc>0.974273</vAcc></extensions></trkpt>
      <trkpt lon="-82.147369" lat="33.554769"><ele>94.655405</ele><time>2024-06-18T15:04:50Z</time><extensions><speed>1.431553</speed><course>54.725086</course><hAcc>1.645941</hAcc><vAcc>0.976109</vAcc></extensions></trkpt>
      <trkpt lon="-82.147357" lat="33.554777"><ele>94.611449</ele><time>2024-06-18T15:04:51Z</time><extensions><speed>1.429343</speed><course>57.634789</course><hAcc>1.654450</hAcc><vAcc>0.977763</vAcc></extensions></trkpt>
      <trkpt lon="-82.147344" lat="33.554785"><ele>94.564669</ele><time>2024-06-18T15:04:52Z</time><extensions><speed>1.423296</speed><course>55.835010</course><hAcc>1.652418</hAcc><vAcc>0.979165</vAcc></extensions></trkpt>
      <trkpt lon="-82.147332" lat="33.554793"><ele>94.515357</ele><time>2024-06-18T15:04:53Z</time><extensions><speed>1.447248</speed><course>53.388057</course><hAcc>1.627018</hAcc><vAcc>0.980236</vAcc></extensions></trkpt>
      <trkpt lon="-82.147321" lat="33.554802"><ele>94.473923</ele><time>2024-06-18T15:04:54Z</time><extensions><speed>1.430653</speed><course>53.412272</course><hAcc>1.635706</hAcc><vAcc>0.980926</vAcc></extensions></trkpt>
      <trkpt lon="-82.147310" lat="33.554812"><ele>94.435354</ele><time>2024-06-18T15:04:55Z</time><extensions><speed>1.484002</speed><course>42.325501</course><hAcc>1.612311</hAcc><vAcc>0.981151</vAcc></extensions></trkpt>
      <trkpt lon="-82.147302" lat="33.554823"><ele>94.400068</ele><time>2024-06-18T15:04:56Z</time><extensions><speed>1.489531</speed><course>30.839406</course><hAcc>1.608248</hAcc><vAcc>0.980899</vAcc></extensions></trkpt>
      <trkpt lon="-82.147295" lat="33.554835"><ele>94.356427</ele><time>2024-06-18T15:04:57Z</time><extensions><speed>1.437081</speed><course>29.765345</course><hAcc>1.609599</hAcc><vAcc>0.980203</vAcc></extensions></trkpt>
      <trkpt lon="-82.147289" lat="33.554847"><ele>94.308630</ele><time>2024-06-18T15:04:58Z</time><extensions><speed>1.478040</speed><course>31.629392</course><hAcc>1.597882</hAcc><vAcc>0.979140</vAcc></extensions></trkpt>
      <trkpt lon="-82.147282" lat="33.554859"><ele>94.252357</ele><time>2024-06-18T15:04:59Z</time><extensions><speed>1.471192</speed><course>32.231267</course><hAcc>1.599931</hAcc><vAcc>0.977749</vAcc></extensions></trkpt>
      <trkpt lon="-82.147275" lat="33.554871"><ele>94.194926</ele><time>2024-06-18T15:05:00Z</time><extensions><speed>1.493426</speed><course>29.901061</course><hAcc>1.572890</hAcc><vAcc>0.976116</vAcc></extensions></trkpt>
      <trkpt lon="-82.147268" lat="33.554883"><ele>94.135827</ele><time>2024-06-18T15:05:01Z</time><extensions><speed>1.458361</speed><course>36.973554</course><hAcc>1.591173</hAcc><vAcc>0.974312</vAcc></extensions></trkpt>
      <trkpt lon="-82.147260" lat="33.554893"><ele>94.071982</ele><time>2024-06-18T15:05:02Z</time><extensions><speed>1.460009</speed><course>41.371402</course><hAcc>1.607307</hAcc><vAcc>0.972436</vAcc></extensions></trkpt>
      <trkpt lon="-82.147252" lat="33.554904"><ele>94.003477</ele><time>2024-06-18T15:05:03Z</time><extensions><speed>1.461181</speed><course>27.713471</course><hAcc>1.571996</hAcc><vAcc>0.970594</vAcc></extensions></trkpt>
      <trkpt lon="-82.147245" lat="33.554915"><ele>93.933930</ele><time>2024-06-18T15:05:04Z</time><extensions><speed>1.404325</speed><course>36.520763</course><hAcc>1.602349</hAcc><vAcc>0.968865</vAcc></extensions></trkpt>
      <trkpt lon="-82.147238" lat="33.554926"><ele>93.868462</ele><time>2024-06-18T15:05:05Z</time><extensions><speed>1.437657</speed><course>33.647005</course><hAcc>1.611611</hAcc><vAcc>0.967238</vAcc></extensions></trkpt>
      <trkpt lon="-82.147230" lat="33.554937"><ele>93.810786</ele><time>2024-06-18T15:05:06Z</time><extensions><speed>1.321635</speed><course>38.825905</course><hAcc>1.608094</hAcc><vAcc>0.965776</vAcc></extensions></trkpt>
      <trkpt lon="-82.147222" lat="33.554946"><ele>93.754846</ele><time>2024-06-18T15:05:07Z</time><extensions><speed>1.369092</speed><course>38.875364</course><hAcc>1.611731</hAcc><vAcc>0.964552</vAcc></extensions></trkpt>
      <trkpt lon="-82.147214" lat="33.554955"><ele>93.699879</ele><time>2024-06-18T15:05:08Z</time><extensions><speed>1.248694</speed><course>36.997024</course><hAcc>1.587143</hAcc><vAcc>0.963554</vAcc></extensions></trkpt>
      <trkpt lon="-82.147207" lat="33.554964"><ele>93.651618</ele><time>2024-06-18T15:05:09Z</time><extensions><speed>1.229711</speed><course>35.088502</course><hAcc>1.589849</hAcc><vAcc>0.962785</vAcc></extensions></trkpt>
      <trkpt lon="-82.147200" lat="33.554974"><ele>93.611996</ele><time>2024-06-18T15:05:10Z</time><extensions><speed>1.248799</speed><course>35.930390</course><hAcc>1.606161</hAcc><vAcc>0.962211</vAcc></extensions></trkpt>
      <trkpt lon="-82.147193" lat="33.554983"><ele>93.567935</ele><time>2024-06-18T15:05:11Z</time><extensions><speed>1.192963</speed><course>35.746242</course><hAcc>1.590251</hAcc><vAcc>0.961788</vAcc></extensions></trkpt>
      <trkpt lon="-82.147185" lat="33.554993"><ele>93.521533</ele><time>2024-06-18T15:05:12Z</time><extensions><speed>1.244712</speed><course>36.495491</course><hAcc>1.597849</hAcc><vAcc>0.961500</vAcc></extensions></trkpt>
      <trkpt lon="-82.147178" lat="33.555002"><ele>93.469530</ele><time>2024-06-18T15:05:13Z</time><extensions><speed>1.201886</speed><course>35.017342</course><hAcc>1.577941</hAcc><vAcc>0.961343</vAcc></extensions></trkpt>
      <trkpt lon="-82.147171" lat="33.555011"><ele>93.416036</ele><time>2024-06-18T15:05:14Z</time><extensions><speed>1.206009</speed><course>33.028399</course><hAcc>1.580658</hAcc><vAcc>0.961296</vAcc></extensions></trkpt>
      <trkpt lon="-82.147164" lat="33.555020"><ele>93.346604</ele><time>2024-06-18T15:05:15Z</time><extensions><speed>1.223806</speed><course>33.209035</course><hAcc>1.594638</hAcc><vAcc>0.961282</vAcc></extensions></trkpt>
      <trkpt lon="-82.147157" lat="33.555030"><ele>93.277538</ele><time>2024-06-18T15:05:16Z</time><extensions><speed>1.251547</speed><course>26.496683</course><hAcc>1.559796</hAcc><vAcc>0.961373</vAcc></extensions></trkpt>
      <trkpt lon="-82.147151" lat="33.555041"><ele>93.205487</ele><time>2024-06-18T15:05:17Z</time><extensions><speed>1.245553</speed><course>29.347656</course><hAcc>1.593136</hAcc><vAcc>0.961632</vAcc></extensions></trkpt>
      <trkpt lon="-82.147145" lat="33.555051"><ele>93.128713</ele><time>2024-06-18T15:05:18Z</time><extensions><speed>1.208011</speed><course>33.406440</course><hAcc>1.633561</hAcc><vAcc>0.962107</vAcc></extensions></trkpt>
      <trkpt lon="-82.147138" lat="33.555060"><ele>93.045987</ele><time>2024-06-18T15:05:19Z</time><extensions><speed>1.243938</speed><course>33.981615</course><hAcc>1.614282</hAcc><vAcc>0.962835</vAcc></extensions></trkpt>
      <trkpt lon="-82.147130" lat="33.555070"><ele>92.956118</ele><time>2024-06-18T15:05:20Z</time><extensions><speed>1.299061</speed><course>34.057633</course><hAcc>1.609340</hAcc><vAcc>0.963821</vAcc></extensions></trkpt>
      <trkpt lon="-82.147122" lat="33.555081"><ele>92.866215</ele><time>2024-06-18T15:05:21Z</time><extensions><speed>1.402715</speed><course>34.688964</course><hAcc>1.612043</hAcc><vAcc>0.965057</vAcc></extensions></trkpt>
      <trkpt lon="-82.147114" lat="33.555092"><ele>92.778569</ele><time>2024-06-18T15:05:22Z</time><extensions><speed>1.409981</speed><course>33.854185</course><hAcc>1.624635</hAcc><vAcc>0.966540</vAcc></extensions></trkpt>
      <trkpt lon="-82.147106" lat="33.555102"><ele>92.688293</ele><time>2024-06-18T15:05:23Z</time><extensions><speed>1.347557</speed><course>34.458872</course><hAcc>1.644821</hAcc><vAcc>0.968226</vAcc></extensions></trkpt>
      <trkpt lon="-82.147099" lat="33.555113"><ele>92.603466</ele><time>2024-06-18T15:05:24Z</time><extensions><speed>1.386048</speed><course>28.912928</course><hAcc>1.621636</hAcc><vAcc>0.970138</vAcc></extensions></trkpt>
      <trkpt lon="-82.147092" lat="33.555124"><ele>92.524747</ele><time>2024-06-18T15:05:25Z</time><extensions><speed>1.378201</speed><course>26.828575</course><hAcc>1.636546</hAcc><vAcc>0.972235</vAcc></extensions></trkpt>
      <trkpt lon="-82.147086" lat="33.555135"><ele>92.442112</ele><time>2024-06-18T15:05:26Z</time><extensions><speed>1.420656</speed><course>27.879989</course><hAcc>1.635504</hAcc><vAcc>0.974430</vAcc></extensions></trkpt>
      <trkpt lon="-82.147079" lat="33.555147"><ele>92.365093</ele><time>2024-06-18T15:05:27Z</time><extensions><speed>1.412977</speed><course>29.785078</course><hAcc>1.661447</hAcc><vAcc>0.976660</vAcc></extensions></trkpt>
      <trkpt lon="-82.147072" lat="33.555157"><ele>92.290970</ele><time>2024-06-18T15:05:28Z</time><extensions><speed>1.388121</speed><course>35.180882</course><hAcc>1.686749</hAcc><vAcc>0.978849</vAcc></extensions></trkpt>
      <trkpt lon="-82.147064" lat="33.555168"><ele>92.220562</ele><time>2024-06-18T15:05:29Z</time><extensions><speed>1.393310</speed><course>34.508698</course><hAcc>1.664668</hAcc><vAcc>0.980864</vAcc></extensions></trkpt>
      <trkpt lon="-82.147056" lat="33.555179"><ele>92.150117</ele><time>2024-06-18T15:05:30Z</time><extensions><speed>1.406381</speed><course>32.171569</course><hAcc>1.666239</hAcc><vAcc>0.982623</vAcc></extensions></trkpt>
      <trkpt lon="-82.147048" lat="33.555190"><ele>92.080413</ele><time>2024-06-18T15:05:31Z</time><extensions><speed>1.418840</speed><course>29.648848</course><hAcc>1.648101</hAcc><vAcc>0.984032</vAcc></extensions></trkpt>
      <trkpt lon="-82.147041" lat="33.555202"><ele>92.020620</ele><time>2024-06-18T15:05:32Z</time><extensions><speed>1.420399</speed><course>29.270431</course><hAcc>1.650831</hAcc><vAcc>0.985117</vAcc></extensions></trkpt>
      <trkpt lon="-82.147035" lat="33.555214"><ele>91.965975</ele><time>2024-06-18T15:05:33Z</time><extensions><speed>1.401856</speed><course>28.378309</course><hAcc>1.654721</hAcc><vAcc>0.985924</vAcc></extensions></trkpt>
      <trkpt lon="-82.147028" lat="33.555226"><ele>91.907239</ele><time>2024-06-18T15:05:34Z</time><extensions><speed>1.399753</speed><course>23.835362</course><hAcc>1.623553</hAcc><vAcc>0.986541</vAcc></extensions></trkpt>
      <trkpt lon="-82.147023" lat="33.555238"><ele>91.844084</ele><time>2024-06-18T15:05:35Z</time><extensions><speed>1.357924</speed><course>27.282611</course><hAcc>1.651227</hAcc><vAcc>0.987054</vAcc></extensions></trkpt>
      <trkpt lon="-82.147017" lat="33.555249"><ele>91.776247</ele><time>2024-06-18T15:05:36Z</time><extensions><speed>1.293275</speed><course>25.998390</course><hAcc>1.661626</hAcc><vAcc>0.987468</vAcc></extensions></trkpt>
      <trkpt lon="-82.147012" lat="33.555261"><ele>91.701641</ele><time>2024-06-18T15:05:37Z</time><extensions><speed>1.339939</speed><course>26.754429</course><hAcc>1.655077</hAcc><vAcc>0.987818</vAcc></extensions></trkpt>
      <trkpt lon="-82.147007" lat="33.555272"><ele>91.621007</ele><time>2024-06-18T15:05:38Z</time><extensions><speed>1.323510</speed><course>23.616036</course><hAcc>1.654858</hAcc><vAcc>0.988123</vAcc></extensions></trkpt>
      <trkpt lon="-82.147002" lat="33.555284"><ele>91.544718</ele><time>2024-06-18T15:05:39Z</time><extensions><speed>1.397681</speed><course>19.124354</course><hAcc>1.637989</hAcc><vAcc>0.988411</vAcc></extensions></trkpt>
      <trkpt lon="-82.146999" lat="33.555297"><ele>91.471750</ele><time>2024-06-18T15:05:40Z</time><extensions><speed>1.461861</speed><course>15.479095</course><hAcc>1.653233</hAcc><vAcc>0.988747</vAcc></extensions></trkpt>
      <trkpt lon="-82.146996" lat="33.555311"><ele>91.396061</ele><time>2024-06-18T15:05:41Z</time><extensions><speed>1.490682</speed><course>14.754036</course><hAcc>1.685949</hAcc><vAcc>0.989102</vAcc></extensions></trkpt>
      <trkpt lon="-82.146994" lat="33.555325"><ele>91.313792</ele><time>2024-06-18T15:05:42Z</time><extensions><speed>1.605072</speed><course>5.610670</course><hAcc>1.665312</hAcc><vAcc>0.989528</vAcc></extensions></trkpt>
      <trkpt lon="-82.146994" lat="33.555340"><ele>91.231727</ele><time>2024-06-18T15:05:43Z</time><extensions><speed>1.521239</speed><course>8.917982</course><hAcc>1.694179</hAcc><vAcc>0.989990</vAcc></extensions></trkpt>
      <trkpt lon="-82.146993" lat="33.555354"><ele>91.150461</ele><time>2024-06-18T15:05:44Z</time><extensions><speed>1.587687</speed><course>3.222168</course><hAcc>1.673706</hAcc><vAcc>0.990416</vAcc></extensions></trkpt>
      <trkpt lon="-82.146996" lat="33.555369"><ele>91.067381</ele><time>2024-06-18T15:05:45Z</time><extensions><speed>1.614073</speed><course>355.030474</course><hAcc>1.674764</hAcc><vAcc>0.990785</vAcc></extensions></trkpt>
      <trkpt lon="-82.146999" lat="33.555384"><ele>90.987933</ele><time>2024-06-18T15:05:46Z</time><extensions><speed>1.573328</speed><course>352.987057</course><hAcc>1.679432</hAcc><vAcc>0.991005</vAcc></extensions></trkpt>
      <trkpt lon="-82.147003" lat="33.555399"><ele>90.918015</ele><time>2024-06-18T15:05:47Z</time><extensions><speed>1.664037</speed><course>355.221128</course><hAcc>1.659168</hAcc><vAcc>0.991047</vAcc></extensions></trkpt>
      <trkpt lon="-82.147007" lat="33.555414"><ele>90.857040</ele><time>2024-06-18T15:05:48Z</time><extensions><speed>1.598895</speed><course>352.587235</course><hAcc>1.649265</hAcc><vAcc>0.990873</vAcc></extensions></trkpt>
      <trkpt lon="-82.147011" lat="33.555429"><ele>90.793835</ele><time>2024-06-18T15:05:49Z</time><extensions><speed>1.694460</speed><course>349.110380</course><hAcc>1.616754</hAcc><vAcc>0.990414</vAcc></extensions></trkpt>
      <trkpt lon="-82.147015" lat="33.555445"><ele>90.734088</ele><time>2024-06-18T15:05:50Z</time><extensions><speed>1.701525</speed><course>350.043449</course><hAcc>1.619693</hAcc><vAcc>0.989689</vAcc></extensions></trkpt>
      <trkpt lon="-82.147019" lat="33.555460"><ele>90.677141</ele><time>2024-06-18T15:05:51Z</time><extensions><speed>1.605531</speed><course>353.769302</course><hAcc>1.630139</hAcc><vAcc>0.988679</vAcc></extensions></trkpt>
      <trkpt lon="-82.147021" lat="33.555475"><ele>90.626270</ele><time>2024-06-18T15:05:52Z</time><extensions><speed>1.669005</speed><course>357.141969</course><hAcc>1.609930</hAcc><vAcc>0.987374</vAcc></extensions></trkpt>
      <trkpt lon="-82.147023" lat="33.555490"><ele>90.580111</ele><time>2024-06-18T15:05:53Z</time><extensions><speed>1.654522</speed><course>357.650342</course><hAcc>1.598561</hAcc><vAcc>0.985764</vAcc></extensions></trkpt>
      <trkpt lon="-82.147025" lat="33.555505"><ele>90.541248</ele><time>2024-06-18T15:05:54Z</time><extensions><speed>1.600430</speed><course>353.674315</course><hAcc>1.600413</hAcc><vAcc>0.983860</vAcc></extensions></trkpt>
      <trkpt lon="-82.147028" lat="33.555519"><ele>90.511103</ele><time>2024-06-18T15:05:55Z</time><extensions><speed>1.575222</speed><course>353.215247</course><hAcc>1.590537</hAcc><vAcc>0.981705</vAcc></extensions></trkpt>
      <trkpt lon="-82.147031" lat="33.555532"><ele>90.487915</ele><time>2024-06-18T15:05:56Z</time><extensions><speed>1.273797</speed><course>356.270953</course><hAcc>1.601604</hAcc><vAcc>0.979327</vAcc></extensions></trkpt>
      <trkpt lon="-82.147033" lat="33.555543"><ele>90.475498</ele><time>2024-06-18T15:05:57Z</time><extensions><speed>1.298682</speed><course>355.876602</course><hAcc>1.578188</hAcc><vAcc>0.976753</vAcc></extensions></trkpt>
      <trkpt lon="-82.147035" lat="33.555555"><ele>90.470845</ele><time>2024-06-18T15:05:58Z</time><extensions><speed>1.269912</speed><course>352.759016</course><hAcc>1.566307</hAcc><vAcc>0.974024</vAcc></extensions></trkpt>
      <trkpt lon="-82.147037" lat="33.555566"><ele>90.473879</ele><time>2024-06-18T15:05:59Z</time><extensions><speed>1.210120</speed><course>358.188292</course><hAcc>1.584006</hAcc><vAcc>0.971182</vAcc></extensions></trkpt>
      <trkpt lon="-82.147039" lat="33.555577"><ele>90.485675</ele><time>2024-06-18T15:06:00Z</time><extensions><speed>1.210758</speed><course>357.106349</course><hAcc>1.560809</hAcc><vAcc>0.968270</vAcc></extensions></trkpt>
      <trkpt lon="-82.147041" lat="33.555588"><ele>90.505733</ele><time>2024-06-18T15:06:01Z</time><extensions><speed>1.222712</speed><course>357.237235</course><hAcc>1.557127</hAcc><vAcc>0.965337</vAcc></extensions></trkpt>
      <trkpt lon="-82.147042" lat="33.555599"><ele>90.530639</ele><time>2024-06-18T15:06:02Z</time><extensions><speed>1.205118</speed><course>357.238698</course><hAcc>1.554362</hAcc><vAcc>0.962451</vAcc></extensions></trkpt>
      <trkpt lon="-82.147044" lat="33.555610"><ele>90.565578</ele><time>2024-06-18T15:06:03Z</time><extensions><speed>1.198150</speed><course>356.371442</course><hAcc>1.552948</hAcc><vAcc>0.959675</vAcc></extensions></trkpt>
      <trkpt lon="-82.147046" lat="33.555620"><ele>90.608616</ele><time>2024-06-18T15:06:04Z</time><extensions><speed>1.170068</speed><course>357.500916</course><hAcc>1.559830</hAcc><vAcc>0.957033</vAcc></extensions></trkpt>
      <trkpt lon="-82.147048" lat="33.555631"><ele>90.658409</ele><time>2024-06-18T15:06:05Z</time><extensions><speed>1.198024</speed><course>350.888597</course><hAcc>1.538583</hAcc><vAcc>0.954569</vAcc></extensions></trkpt>
      <trkpt lon="-82.147050" lat="33.555641"><ele>90.715111</ele><time>2024-06-18T15:06:06Z</time><extensions><speed>1.176009</speed><course>351.626513</course><hAcc>1.551079</hAcc><vAcc>0.952335</vAcc></extensions></trkpt>
      <trkpt lon="-82.147053" lat="33.555651"><ele>90.769610</ele><time>2024-06-18T15:06:07Z</time><extensions><speed>1.193987</speed><course>350.966964</course><hAcc>1.533817</hAcc><vAcc>0.950407</vAcc></extensions></trkpt>
      <trkpt lon="-82.147055" lat="33.555661"><ele>90.822452</ele><time>2024-06-18T15:06:08Z</time><extensions><speed>1.197865</speed><course>350.789624</course><hAcc>1.537394</hAcc><vAcc>0.948817</vAcc></extensions></trkpt>
      <trkpt lon="-82.147058" lat="33.555671"><ele>90.871577</ele><time>2024-06-18T15:06:09Z</time><extensions><speed>1.190293</speed><course>348.719257</course><hAcc>1.543925</hAcc><vAcc>0.947616</vAcc></extensions></trkpt>
      <trkpt lon="-82.147062" lat="33.555682"><ele>90.917816</ele><time>2024-06-18T15:06:10Z</time><extensions><speed>1.183398</speed><course>347.351257</course><hAcc>1.541959</hAcc><vAcc>0.946822</vAcc></extensions></trkpt>
      <trkpt lon="-82.147066" lat="33.555692"><ele>90.962170</ele><time>2024-06-18T15:06:11Z</time><extensions><speed>1.182287</speed><course>345.533014</course><hAcc>1.552366</hAcc><vAcc>0.946442</vAcc></extensions></trkpt>
      <trkpt lon="-82.147070" lat="33.555702"><ele>91.005120</ele><time>2024-06-18T15:06:12Z</time><extensions><speed>1.171068</speed><course>346.430348</course><hAcc>1.555159</hAcc><vAcc>0.946449</vAcc></extensions></trkpt>
      <trkpt lon="-82.147074" lat="33.555712"><ele>91.044671</ele><time>2024-06-18T15:06:13Z</time><extensions><speed>1.167306</speed><course>347.058355</course><hAcc>1.560627</hAcc><vAcc>0.946815</vAcc></extensions></trkpt>
      <trkpt lon="-82.147077" lat="33.555722"><ele>91.079169</ele><time>2024-06-18T15:06:14Z</time><extensions><speed>1.157912</speed><course>348.015315</course><hAcc>1.565421</hAcc><vAcc>0.947471</vAcc></extensions></trkpt>
      <trkpt lon="-82.147081" lat="33.555732"><ele>91.111311</ele><time>2024-06-18T15:06:15Z</time><extensions><speed>1.153289</speed><course>345.470663</course><hAcc>1.558415</hAcc><vAcc>0.948351</vAcc></extensions></trkpt>
      <trkpt lon="-82.147085" lat="33.555742"><ele>91.144263</ele><time>2024-06-18T15:06:16Z</time><extensions><speed>1.125624</speed><course>346.750601</course><hAcc>1.559333</hAcc><vAcc>0.949374</vAcc></extensions></trkpt>
      <trkpt lon="-82.147089" lat="33.555752"><ele>91.176321</ele><time>2024-06-18T15:06:17Z</time><extensions><speed>1.093768</speed><course>346.321870</course><hAcc>1.560045</hAcc><vAcc>0.950455</vAcc></extensions></trkpt>
      <trkpt lon="-82.147093" lat="33.555762"><ele>91.209152</ele><time>2024-06-18T15:06:18Z</time><extensions><speed>1.093558</speed><course>344.685767</course><hAcc>1.553811</hAcc><vAcc>0.951505</vAcc></extensions></trkpt>
      <trkpt lon="-82.147097" lat="33.555772"><ele>91.239449</ele><time>2024-06-18T15:06:19Z</time><extensions><speed>1.143807</speed><course>341.184917</course><hAcc>1.551685</hAcc><vAcc>0.952448</vAcc></extensions></trkpt>
      <trkpt lon="-82.147102" lat="33.555782"><ele>91.263859</ele><time>2024-06-18T15:06:20Z</time><extensions><speed>1.158535</speed><course>342.943963</course><hAcc>1.557730</hAcc><vAcc>0.953225</vAcc></extensions></trkpt>
      <trkpt lon="-82.147107" lat="33.555792"><ele>91.287661</ele><time>2024-06-18T15:06:21Z</time><extensions><speed>1.188542</speed><course>340.062651</course><hAcc>1.552903</hAcc><vAcc>0.953734</vAcc></extensions></trkpt>
      <trkpt lon="-82.147112" lat="33.555803"><ele>91.308119</ele><time>2024-06-18T15:06:22Z</time><extensions><speed>1.226835</speed><course>338.880652</course><hAcc>1.558192</hAcc><vAcc>0.953955</vAcc></extensions></trkpt>
      <trkpt lon="-82.147117" lat="33.555814"><ele>91.328694</ele><time>2024-06-18T15:06:23Z</time><extensions><speed>1.288548</speed><course>338.140274</course><hAcc>1.574546</hAcc><vAcc>0.953864</vAcc></extensions></trkpt>
      <trkpt lon="-82.147123" lat="33.555825"><ele>91.350462</ele><time>2024-06-18T15:06:24Z</time><extensions><speed>1.293349</speed><course>341.670002</course><hAcc>1.593165</hAcc><vAcc>0.953434</vAcc></extensions></trkpt>
      <trkpt lon="-82.147128" lat="33.555836"><ele>91.371612</ele><time>2024-06-18T15:06:25Z</time><extensions><speed>1.296709</speed><course>340.172266</course><hAcc>1.595592</hAcc><vAcc>0.952672</vAcc></extensions></trkpt>
      <trkpt lon="-82.147133" lat="33.555847"><ele>91.393922</ele><time>2024-06-18T15:06:26Z</time><extensions><speed>1.296481</speed><course>342.667060</course><hAcc>1.603409</hAcc><vAcc>0.951652</vAcc></extensions></trkpt>
      <trkpt lon="-82.147137" lat="33.555859"><ele>91.414025</ele><time>2024-06-18T15:06:27Z</time><extensions><speed>1.320850</speed><course>343.486031</course><hAcc>1.597445</hAcc><vAcc>0.950409</vAcc></extensions></trkpt>
      <trkpt lon="-82.147142" lat="33.555871"><ele>91.434338</ele><time>2024-06-18T15:06:28Z</time><extensions><speed>1.393498</speed><course>340.961175</course><hAcc>1.588918</hAcc><vAcc>0.949007</vAcc></extensions></trkpt>
      <trkpt lon="-82.147146" lat="33.555883"><ele>91.450847</ele><time>2024-06-18T15:06:29Z</time><extensions><speed>1.386360</speed><course>344.868035</course><hAcc>1.609181</hAcc><vAcc>0.947491</vAcc></extensions></trkpt>
      <trkpt lon="-82.147149" lat="33.555895"><ele>91.459094</ele><time>2024-06-18T15:06:30Z</time><extensions><speed>1.332294</speed><course>344.462638</course><hAcc>1.608655</hAcc><vAcc>0.945998</vAcc></extensions></trkpt>
      <trkpt lon="-82.147153" lat="33.555907"><ele>91.462636</ele><time>2024-06-18T15:06:31Z</time><extensions><speed>1.375107</speed><course>344.055528</course><hAcc>1.583231</hAcc><vAcc>0.944632</vAcc></extensions></trkpt>
      <trkpt lon="-82.147156" lat="33.555919"><ele>91.466055</ele><time>2024-06-18T15:06:32Z</time><extensions><speed>1.346477</speed><course>343.333201</course><hAcc>1.578624</hAcc><vAcc>0.943450</vAcc></extensions></trkpt>
      <trkpt lon="-82.147160" lat="33.555931"><ele>91.465418</ele><time>2024-06-18T15:06:33Z</time><extensions><speed>1.385761</speed><course>342.612507</course><hAcc>1.552628</hAcc><vAcc>0.942500</vAcc></extensions></trkpt>
      <trkpt lon="-82.147165" lat="33.555944"><ele>91.467139</ele><time>2024-06-18T15:06:34Z</time><extensions><speed>1.387932</speed><course>340.078489</course><hAcc>1.555128</hAcc><vAcc>0.941837</vAcc></extensions></trkpt>
      <trkpt lon="-82.147170" lat="33.555957"><ele>91.468029</ele><time>2024-06-18T15:06:35Z</time><extensions><speed>1.335276</speed><course>338.772794</course><hAcc>1.577926</hAcc><vAcc>0.941484</vAcc></extensions></trkpt>
      <trkpt lon="-82.147174" lat="33.555969"><ele>91.472555</ele><time>2024-06-18T15:06:36Z</time><extensions><speed>1.373663</speed><course>339.139121</course><hAcc>1.564621</hAcc><vAcc>0.941431</vAcc></extensions></trkpt>
      <trkpt lon="-82.147179" lat="33.555981"><ele>91.480435</ele><time>2024-06-18T15:06:37Z</time><extensions><speed>1.356666</speed><course>341.908456</course><hAcc>1.572259</hAcc><vAcc>0.941661</vAcc></extensions></trkpt>
      <trkpt lon="-82.147183" lat="33.555993"><ele>91.488904</ele><time>2024-06-18T15:06:38Z</time><extensions><speed>1.393910</speed><course>346.397319</course><hAcc>1.564305</hAcc><vAcc>0.942129</vAcc></extensions></trkpt>
      <trkpt lon="-82.147185" lat="33.556006"><ele>91.497398</ele><time>2024-06-18T15:06:39Z</time><extensions><speed>1.400184</speed><course>350.716466</course><hAcc>1.563888</hAcc><vAcc>0.942790</vAcc></extensions></trkpt>
      <trkpt lon="-82.147187" lat="33.556019"><ele>91.502784</ele><time>2024-06-18T15:06:40Z</time><extensions><speed>1.333778</speed><course>349.257008</course><hAcc>1.600112</hAcc><vAcc>0.943549</vAcc></extensions></trkpt>
      <trkpt lon="-82.147189" lat="33.556031"><ele>91.508537</ele><time>2024-06-18T15:06:41Z</time><extensions><speed>1.413771</speed><course>354.744058</course><hAcc>1.584409</hAcc><vAcc>0.944358</vAcc></extensions></trkpt>
      <trkpt lon="-82.147189" lat="33.556044"><ele>91.513081</ele><time>2024-06-18T15:06:42Z</time><extensions><speed>1.407161</speed><course>358.122520</course><hAcc>1.609842</hAcc><vAcc>0.945137</vAcc></extensions></trkpt>
      <trkpt lon="-82.147189" lat="33.556056"><ele>91.511722</ele><time>2024-06-18T15:06:43Z</time><extensions><speed>1.256474</speed><course>0.774159</course><hAcc>1.625329</hAcc><vAcc>0.945794</vAcc></extensions></trkpt>
      <trkpt lon="-82.147189" lat="33.556069"><ele>91.509624</ele><time>2024-06-18T15:06:44Z</time><extensions><speed>1.527919</speed><course>1.516705</course><hAcc>1.613326</hAcc><vAcc>0.946275</vAcc></extensions></trkpt>
      <trkpt lon="-82.147188" lat="33.556083"><ele>91.506496</ele><time>2024-06-18T15:06:45Z</time><extensions><speed>1.508222</speed><course>1.648811</course><hAcc>1.640264</hAcc><vAcc>0.946532</vAcc></extensions></trkpt>
      <trkpt lon="-82.147187" lat="33.556097"><ele>91.496887</ele><time>2024-06-18T15:06:46Z</time><extensions><speed>1.565857</speed><course>4.134243</course><hAcc>1.624633</hAcc><vAcc>0.946538</vAcc></extensions></trkpt>
      <trkpt lon="-82.147185" lat="33.556111"><ele>91.480929</ele><time>2024-06-18T15:06:47Z</time><extensions><speed>1.541155</speed><course>5.349930</course><hAcc>1.637626</hAcc><vAcc>0.946365</vAcc></extensions></trkpt>
      <trkpt lon="-82.147183" lat="33.556125"><ele>91.456059</ele><time>2024-06-18T15:06:48Z</time><extensions><speed>1.327344</speed><course>4.284626</course><hAcc>1.671175</hAcc><vAcc>0.946042</vAcc></extensions></trkpt>
      <trkpt lon="-82.147181" lat="33.556138"><ele>91.425892</ele><time>2024-06-18T15:06:49Z</time><extensions><speed>1.367241</speed><course>7.319194</course><hAcc>1.639200</hAcc><vAcc>0.945670</vAcc></extensions></trkpt>
      <trkpt lon="-82.147179" lat="33.556150"><ele>91.395282</ele><time>2024-06-18T15:06:50Z</time><extensions><speed>1.320190</speed><course>9.350956</course><hAcc>1.643604</hAcc><vAcc>0.945326</vAcc></extensions></trkpt>
      <trkpt lon="-82.147176" lat="33.556163"><ele>91.362567</ele><time>2024-06-18T15:06:51Z</time><extensions><speed>1.338036</speed><course>6.707617</course><hAcc>1.650942</hAcc><vAcc>0.944997</vAcc></extensions></trkpt>
      <trkpt lon="-82.147174" lat="33.556175"><ele>91.332205</ele><time>2024-06-18T15:06:52Z</time><extensions><speed>1.281849</speed><course>4.486939</course><hAcc>1.662125</hAcc><vAcc>0.944747</vAcc></extensions></trkpt>
      <trkpt lon="-82.147173" lat="33.556187"><ele>91.288774</ele><time>2024-06-18T15:06:53Z</time><extensions><speed>1.174852</speed><course>2.516600</course><hAcc>1.660268</hAcc><vAcc>0.944640</vAcc></extensions></trkpt>
      <trkpt lon="-82.147172" lat="33.556199"><ele>91.232181</ele><time>2024-06-18T15:06:54Z</time><extensions><speed>1.298803</speed><course>2.535415</course><hAcc>1.632001</hAcc><vAcc>0.944769</vAcc></extensions></trkpt>
      <trkpt lon="-82.147171" lat="33.556211"><ele>91.171695</ele><time>2024-06-18T15:06:55Z</time><extensions><speed>1.246908</speed><course>3.554289</course><hAcc>1.631771</hAcc><vAcc>0.945190</vAcc></extensions></trkpt>
      <trkpt lon="-82.147169" lat="33.556224"><ele>91.107979</ele><time>2024-06-18T15:06:56Z</time><extensions><speed>1.364496</speed><course>9.165220</course><hAcc>1.614685</hAcc><vAcc>0.945928</vAcc></extensions></trkpt>
      <trkpt lon="-82.147167" lat="33.556237"><ele>91.031315</ele><time>2024-06-18T15:06:57Z</time><extensions><speed>1.430357</speed><course>0.003154</course><hAcc>1.621626</hAcc><vAcc>0.946965</vAcc></extensions></trkpt>
      <trkpt lon="-82.147167" lat="33.556250"><ele>90.939832</ele><time>2024-06-18T15:06:58Z</time><extensions><speed>1.389623</speed><course>0.907749</course><hAcc>1.622978</hAcc><vAcc>0.948252</vAcc></extensions></trkpt>
      <trkpt lon="-82.147166" lat="33.556264"><ele>90.839141</ele><time>2024-06-18T15:06:59Z</time><extensions><speed>1.509681</speed><course>1.364297</course><hAcc>1.600170</hAcc><vAcc>0.949822</vAcc></extensions></trkpt>
      <trkpt lon="-82.147165" lat="33.556278"><ele>90.727308</ele><time>2024-06-18T15:07:00Z</time><extensions><speed>1.498920</speed><course>3.847009</course><hAcc>1.600401</hAcc><vAcc>0.951619</vAcc></extensions></trkpt>
      <trkpt lon="-82.147164" lat="33.556290"><ele>90.627133</ele><time>2024-06-18T15:07:01Z</time><extensions><speed>1.419000</speed><course>3.849472</course><hAcc>1.617364</hAcc><vAcc>0.953540</vAcc></extensions></trkpt>
      <trkpt lon="-82.147163" lat="33.556303"><ele>90.535625</ele><time>2024-06-18T15:07:02Z</time><extensions><speed>1.488562</speed><course>2.432737</course><hAcc>1.637392</hAcc><vAcc>0.968182</vAcc></extensions></trkpt>
      <trkpt lon="-82.147162" lat="33.556317"><ele>90.441499</ele><time>2024-06-18T15:07:03Z</time><extensions><speed>1.475338</speed><course>2.839315</course><hAcc>1.659249</hAcc><vAcc>0.988963</vAcc></extensions></trkpt>
      <trkpt lon="-82.147161" lat="33.556330"><ele>90.345323</ele><time>2024-06-18T15:07:04Z</time><extensions><speed>1.526423</speed><course>4.451918</course><hAcc>1.659210</hAcc><vAcc>1.018012</vAcc></extensions></trkpt>
      <trkpt lon="-82.147159" lat="33.556344"><ele>90.247744</ele><time>2024-06-18T15:07:05Z</time><extensions><speed>1.522887</speed><course>7.387139</course><hAcc>1.691491</hAcc><vAcc>1.057809</vAcc></extensions></trkpt>
      <trkpt lon="-82.147157" lat="33.556357"><ele>90.149390</ele><time>2024-06-18T15:07:06Z</time><extensions><speed>1.478704</speed><course>10.682993</course><hAcc>1.751031</hAcc><vAcc>1.111066</vAcc></extensions></trkpt>
      <trkpt lon="-82.147154" lat="33.556370"><ele>90.050869</ele><time>2024-06-18T15:07:07Z</time><extensions><speed>1.511638</speed><course>12.588618</course><hAcc>1.776786</hAcc><vAcc>1.180522</vAcc></extensions></trkpt>
      <trkpt lon="-82.147150" lat="33.556384"><ele>89.952760</ele><time>2024-06-18T15:07:08Z</time><extensions><speed>1.490828</speed><course>14.019199</course><hAcc>1.845503</hAcc><vAcc>1.268725</vAcc></extensions></trkpt>
      <trkpt lon="-82.147146" lat="33.556397"><ele>89.855513</ele><time>2024-06-18T15:07:09Z</time><extensions><speed>1.459057</speed><course>14.116567</course><hAcc>1.945644</hAcc><vAcc>1.377817</vAcc></extensions></trkpt>
      <trkpt lon="-82.147142" lat="33.556409"><ele>89.759311</ele><time>2024-06-18T15:07:10Z</time><extensions><speed>1.392253</speed><course>13.871179</course><hAcc>2.107837</hAcc><vAcc>1.509395</vAcc></extensions></trkpt>
      <trkpt lon="-82.147139" lat="33.556421"><ele>89.663978</ele><time>2024-06-18T15:07:11Z</time><extensions><speed>1.235472</speed><course>13.377000</course><hAcc>2.320452</hAcc><vAcc>1.664450</vAcc></extensions></trkpt>
    </trkseg>
  </trk>
</gpx>