Name,Criss Capps
Date of Birth,"Feb 5, 1952"
Recorded Date,2021-09-29 09:57:55 -0400
Classification,Sinus Rhythm
Symptoms,
Software Version,1.90
Device,"Watch5,4"
Sample Rate,512.844 hertz


Lead,Lead I
Unit,µV

-1646.807
-2162.698
-2453.058
-2490.908
-2331.488
-2077.833
-1824.116
-1617.759
-1462.58
-1339.109
-1225.664
-1114.502
-1006.975
-899.919
-789.853
-673.709
-549.73
-428.06
-319.324
-228.097
-157.053
-100.265
-50.677
-6.194
34.806
71.897
104.175
132.876
159.88
185.12
207.58
227.537
244.069
258.018
271.824
283.192
290.216
290.345
278.894
256.467
225.711
193.744
173.715
179.033
222.841
310.302
438.159
599.098
780.082
970.534
1161.778
1339.94
1493.684
1612.826
1688.956
1728.727
1745.917
1758.672
1789.985
1850.565
1941.291
2051.806
2158.641
2240.718
2280.876
2274.223
2231.024
2166.029
2096.945
2033.891
1977.201
1923.923
1868.047
1807.44
1744.063
1679.922
1617.266
1556.365
1495.871
1434.601
1371.494
1305.637
1236.6
1164.502
1089.939
1013.71
936.469
858.692
780.684
703.173
627.248
553.4
481.82
413.012
347.762
287.372
233.439
186.497
146.108
112.169
84.423
61.804
42.745
24.611
4.04
-21.111
-52.077
-90.313
-136.625
-190.866
-252.168
-318.204
-385.653
-451.817
-513.945
-568.718
-613.384
-645.671
-663.988
-668.02
-658.017
-634.391
-598.774
-553.998
-503.219
-450.072
-398.006
-350.019
-309.516
-279.629
-261.985
-256.898
-263.669
-280.613
-305.865
-337.379
-372.188
-407.292
-440.671
-471.092
-498.163
-522.192
-543.542
-562.743
-580.899
-599.176
-618.248
-638.432
-659.616
-681.383
-703.359
-725.119
-746.098
-765.748
-783.737
-799.95
-814.449
-827.412
-839.017
-849.451
-858.912
-867.596
-875.618
-882.959
-889.567
-895.382
-900.367
-904.538
-907.896
-910.397
-912.002
-912.688
-912.45
-911.255
-908.99
-905.546
-900.918
-895.277
-889.073
-882.844
-877.02
-872.058
-868.493
-866.689
-866.841
-868.702
-871.224
-873.3
-874.148
-872.831
-868.547
-860.906
-849.563
-836.366
-825.636
-820.94
-825.881
-840.063
-858.378
-878.681
-898.914
-922.891
-962.258
-1024.75
-1118.97
-1245.972
-1390.774
-1530.015
-1626.623
-1641.268
-1552.477
-1364.7
-1114.323
-858.077
-646.955
-504.031
-419.876
-361.728
-293.588
-198.738
-79.89
48.102
167.27
270.226
357.683
432.844
499.927
559.232
608.784
647.531
674.861
691.12
697.791
696.677
690.02
680.565
670.44
660.867
652.371
644.707
637.41
629.775
618.525
600.079
573.419
540.441
513.268
505.657
520.363
548.575
560.324
526.009
447.73
363.217
348.137
477.134
770.467
1180.77
1602.735
1919.205
2061.484
2029.755
1875.517
1670.187
1465.443
1278.253
1113.069
970.029
850.98
763.428
696.989
627.144
533.549
401.984
242.799
88.739
-31.513
-98.169
-110.109
-88.721
-55.181
-22.691
3.862
33.421
73.812
120.06
162.051
184.716
174.964
137.166
86.897
41.181
17.598
22.509
43.529
64.104
68.127
40.488
-12.777
-71.285
-117.189
-130.568
-106.142
-61.442
-15.958
12.762
11.594
-13.099
-44.373
-70.839
-80.963
-71.768
-54.397
-35.265
-19.277
-10.927
-4.99
1.93
10.055
21.046
33.184
44.677
55.752
66.058
75.421
83.959
91.371
97.348
101.789
104.597
105.66
104.946
102.516
98.427
92.743
85.569
77.013
67.227
56.456
44.947
32.893
20.455
7.759
-5.096
-18.005
-30.885
-43.695
-56.408
-69.014
-81.508
-93.872
-106.1
-118.216
-130.272
-142.349
-154.547
-166.924
-179.516
-192.345
-205.415
-218.725
-232.265
-246
-259.881
-273.867
-287.918
-302.005
-316.101
-330.164
-344.146
-357.994
-371.647
-385.063
-398.209
-411.058
-423.592
-435.798
-447.668
-459.204
-470.417
-481.313
-491.892
-502.156
-512.101
-521.729
-531.044
-540.049
-548.749
-557.146
-565.244
-573.044
-580.549
-587.761
-594.68
-601.305
-607.635
-613.669
-619.408
-624.854
-630.009
-634.875
-639.456
-643.754
-647.771
-651.512
-654.978
-658.172
-661.097
-663.756
-666.151
-668.287
-670.169
-671.802
-673.191
-674.344
-675.269
-675.975
-676.473
-676.772
-676.886
-676.826
-676.606
-676.241
-675.743
-675.13
-674.415
-673.614
-672.745
-671.823
-670.865
-669.888
-668.908
-667.943
-667.008
-666.12
-665.295
-664.549
-663.896
-663.351
-662.928
-662.641
-662.501
-662.519
-662.707
-663.072
-663.622
-664.362
-665.297
-666.428
-667.757
-669.281
-670.997
-672.902
-674.987
-677.246
-679.668
-682.242
-684.955
-687.792
-690.737
-693.774
-696.883
-700.046
-703.24
-706.446
-709.639
-712.799
-715.9
-718.92
-721.833
-724.617
-727.248
-729.7
-731.951
-733.979
-735.76
-737.275
-738.502
-739.422
-740.02
-740.279
-740.184
-739.723
-738.885
-737.663
-736.047
-734.035
-731.622
-728.807
-725.591
-721.978
-717.971
-713.578
-708.808
-703.67
-698.177
-692.343
-686.184
-679.716
-672.958
-665.93
-658.651
-651.145
-643.433
-635.538
-627.484
-619.295
-610.994
-602.606
-594.155
-585.664
-577.156
-568.654
-560.178
-551.749
-543.387
-535.109
-526.932
-518.874
-510.946
-503.164
-495.537
-488.077
-480.792
-473.69
-466.775
-460.053
-453.524
-447.191
-441.052
-435.105
-429.347
-423.772
-418.374
-413.147
-408.083
-403.173
-398.407
-393.776
-389.27
-384.877
-380.586
-376.387
-372.268
-368.218
-364.227
-360.286
-356.385
-352.516
-348.671
-344.844
-341.029
-337.22
-333.414
-329.606
-325.794
-321.976
-318.153
-314.325
-310.494
-306.663
-302.839
-299.028
-295.241
-291.487
-287.776
-284.12
-280.529
-277.017
-273.594
-270.268
-267.05
-263.948
-260.972
-258.136
-255.45
-252.924
-250.568
-248.389
-246.394
-244.591
-242.982
-241.561
-240.328
-239.28
-238.42
-237.763
-237.318
-237.085
-237.065
-237.252
-237.629
-238.181
-238.874
-239.661
-240.495
-241.331
-242.127
-242.86
-243.497
-244
-244.324
-244.409
-244.207
-243.688
-242.823
-241.599
-240.04
-238.183
-236.105
-233.917
-231.715
-229.598
-227.686
-226.082
-224.903
-224.269
-224.269
-225.031
-226.72
-229.378
-232.925
-237.145
-241.605
-245.872
-249.608
-252.367
-253.615
-253.086
-250.846
-247.341
-243.486
-240.13
-237.699
-236.579
-237.258
-239.733
-243.298
-246.582
-247.37
-243.333
-232.734
-213.925
-185.189
-145.348
-94.028
-31.87
39.18
115.176
190.91
261.437
322.526
373.652
416.913
450.944
470.34
465.06
423.72
343.359
229.642
93.373
-51.761
-194.653
-326.358
-435.484
-511.286
-548.709
-548.471
-520.64
-480.34
-437.271
-397.157
-361.227
-327.025
-295.771
-270.544
-253.76
-247.884
-252.768
-265.753
-283.755
-303.286
-321.019
-334.749
-343.27
-346.048
-343.258
-335.735
-324.629
-311.465
-297.992
-285.433
-274.434
-265.3
-257.956
-252.154
-247.642
-243.96
-240.52
-236.947
-233.032
-228.707
-224.085
-219.294
-214.445
-209.671
-205.088
-200.759
-196.728
-192.999
-189.534
-186.286
-183.187
-180.189
-177.283
-174.471
-171.773
-169.194
-166.701
-164.243
-161.752
-159.174
-156.473
-153.615
-150.566
-147.306
-143.836
-140.186
-136.422
-132.586
-128.691
-124.743
-120.727
-116.638
-112.487
-108.278
-104.015
-99.702
-95.336
-90.917
-86.451
-81.931
-77.342
-72.652
-67.816
-62.799
-57.584
-52.157
-46.516
-40.657
-34.578
-28.286
-21.794
-15.115
-8.264
-1.249
5.919
13.225
20.649
28.169
35.758
43.391
51.046
58.699
66.326
73.908
81.422
88.85
96.177
103.385
110.457
117.374
124.12
130.679
137.037
143.181
149.099
154.781
160.219
165.409
170.347
175.032
179.464
183.646
187.583
191.283
194.754
198.007
201.054
203.909
206.592
209.121
211.517
213.801
215.998
218.132
220.23
222.318
224.42
226.562
228.771
231.076
233.508
236.096
238.872
241.863
245.1
248.614
252.432
256.577
261.068
265.914
271.132
276.747
282.786
289.28
296.255
303.729
311.728
320.279
329.391
339.068
349.295
360.042
371.294
383.045
395.284
408.011
421.202
434.804
448.756
462.975
477.353
491.786
506.147
520.289
534.109
547.52
560.464
572.919
584.83
596.129
606.76
616.658
625.777
634.112
641.669
648.492
654.686
660.364
665.656
670.714
675.629
680.453
685.208
689.846
694.325
698.601
702.597
706.24
709.445
712.076
713.964
714.886
714.522
712.528
708.545
702.193
693.124
681.017
665.587
646.626
623.998
597.591
567.313
533.065
494.741
452.288
405.736
355.17
300.742
242.74
181.562
117.744
52.016
-14.91
-82.409
-149.846
-216.734
-282.912
-348.404
-413.495
-478.781
-544.64
-611.254
-678.817
-747.039
-814.985
-881.231
-943.701
-999.979
-1048.099
-1086.44
-1113.602
-1129.113
-1133.486
-1128.278
-1116.206
-1100.468
-1084.025
-1069.532
-1059.304
-1054.804
-1056.571
-1064.031
-1075.548
-1089.041
-1102.395
-1113.844
-1121.943
-1125.696
-1124.697
-1119.152
-1109.757
-1097.485
-1083.366
-1068.058
-1052.005
-1035.492
-1018.537
-1001.079
-982.969
-963.92
-943.649
-922.051
-899.106
-874.859
-849.422
-822.823
-795.102
-766.352
-736.656
-706.127
-674.864
-642.943
-610.465
-577.543
-544.274
-510.759
-477.083
-443.309
-409.542
-375.906
-342.531
-309.599
-277.306
-245.86
-215.516
-186.503
-159.008
-133.19
-109.159
-86.988
-66.756
-48.519
-32.312
-18.165
-6.071
4.005
12.102
18.293
22.692
25.449
26.767
26.861
25.909
24.063
21.449
18.167
14.321
10.006
5.296
0.27
-5.004
-10.464
-16.047
-21.701
-27.398
-33.13
-38.913
-44.772
-50.709
-56.72
-62.784
-68.876
-74.981
-81.073
-87.136
-93.188
-99.261
-105.393
-111.629
-117.979
-124.436
-131.008
-137.713
-144.591
-151.664
-158.918
-166.321
-173.857
-181.565
-189.454
-197.373
-204.952
-211.697
-217.162
-221.011
-222.921
-222.424
-219.155
-213.112
-204.807
-195.174
-184.955
-174.855
-165.812
-158.576
-153.758
-150.303
-144.751
-135.191
-121.224
-103.886
-87.143
-68.408
-39.247
6.446
74.943
163.289
257.924
350.345
435.067
507.789
569.2
612.795
625.082
598.981
532.654
431.059
306.962
172.333
36.89
-87.384
-186.96
-253.746
-285.418
-288.383
-277.938
-264.629
-253.455
-245.139
-235.39
-223.714
-212.446
-203.532
-199.562
-200.688
-205.107
-211.295
-217.306
-221.425
-223.072
-222.146
-218.962
-214.306
-208.884
-203.265
-198.101
-193.978
-191.176
-189.754
-189.588
-190.393
-191.924
-193.993
-196.398
-198.947
-201.475
-203.826
-205.862
-207.477
-208.585
-209.126
-209.07
-208.406
-207.143
-205.313
-202.97
-200.178
-197.002
-193.499
-189.72
-185.713
-181.536
-177.258
-172.946
-168.667
-164.471
-160.387
-156.441
-152.648
-149.01
-145.525
-142.178
-138.946
-135.815
-132.772
-129.808
-126.916
-124.084
-121.299
-118.546
-115.812
-113.085
-110.355
-107.613
-104.85
-102.06
-99.24
-96.39
-93.51
-90.603
-87.666
-84.699
-81.702
-78.674
-75.615
-72.526
-69.405
-66.253
-63.074
-59.872
-56.655
-53.43
-50.207
-46.996
-43.807
-40.653
-37.546
-34.497
-31.511
-28.598
-25.765
-23.024
-20.389
-17.872
-15.475
-13.199
-11.043
-9.001
-7.062
-5.205
-3.401
-1.617
0.174
1.995
3.864
5.795
7.8
9.893
12.091
14.395
16.793
19.266
21.792
24.351
26.912
29.428
31.829
34.051
36.041
37.759
39.179
40.279
41.059
41.53
41.719
41.692
41.534
41.351
41.266
41.398
41.865
42.824
44.449
46.905
50.353
54.926
60.735
67.892
76.462
86.475
97.926
110.747
124.84
140.067
156.249
173.208
190.764
208.692
226.751
244.701
262.28
279.262
295.444
310.61
324.598
337.285
348.577
358.451
366.913
374.009
379.833
384.488
388.074
390.735
392.624
393.908
394.788
395.434
395.994
396.635
397.485
398.648
400.219
402.243
404.741
407.721
411.156
415.014
419.268
423.867
428.75
433.85
439.07
444.337
449.597
454.785
459.855
464.77
469.492
474.004
478.307
482.396
486.272
489.944
493.408
496.668
499.735
502.618
505.335
507.892
510.283
512.498
514.526
516.346
517.939
519.279
520.329
521.06
521.442
521.446
521.047
520.22
518.935
517.167
514.893
512.092
508.748
504.848
500.383
495.346
489.735
483.55
476.796
469.481
461.613
453.202
444.261
434.805
424.853
414.426
403.547
392.242
380.539
368.47
356.068
343.369
330.41
317.229
303.867
290.364
276.763
263.105
249.433
235.789
222.216
208.754
195.444
182.326
169.436
156.811
144.483
132.487
120.851
109.603
98.767
88.367
78.423
68.951
59.968
51.485
43.512
36.056
29.121
22.71
16.822
11.451
6.591
2.233
-1.636
-5.031
-7.968
-10.467
-12.549
-14.238
-15.556
-16.53
-17.187
-17.555
-17.662
-17.538
-17.212
-16.713
-16.074
-15.324
-14.494
-13.614
-12.71
-11.811
-10.943
-10.131
-9.395
-8.755
-8.23
-7.835
-7.588
-7.502
-7.591
-7.865
-8.333
-9
-9.87
-10.941
-12.207
-13.66
-15.291
-17.09
-19.057
-21.187
-23.471
-25.9
-28.459
-31.127
-33.878
-36.676
-39.471
-42.216
-44.865
-47.376
-49.721
-51.867
-53.779
-55.421
-56.746
-57.711
-58.286
-58.441
-58.148
-57.412
-56.267
-54.773
-53.035
-51.146
-49.171
-47.195
-45.306
-43.6
-42.188
-41.169
-40.61
-40.607
-41.318
-42.813
-45.043
-47.778
-50.531
-52.801
-54.188
-54.237
-52.421
-48.448
-42.358
-34.655
-26.531
-19.179
-13.415
-10.034
-9.726
-12.654
-18.283
-25.077
-30.278
-30.98
-24.478
-8.002
20.882
64.246
122.001
191.039
267.343
346.278
425.597
506.898
588.56
664.624
724.141
750.467
732.861
669.852
568.003
440.488
297.787
148.232
-0.056
-136.819
-247.159
-320.203
-352.128
-347.856
-319.953
-280.911
-241.437
-207.874
-183.114
-166.21
-151.911
-136.576
-117.429
-95.745
-77.197
-64.478
-58.684
-58.943
-61.768
-65.474
-69.159
-71.295
-71.419
-69.371
-64.903
-58.51
-50.767
-41.918
-32.563
-23.676
-15.845
-9.364
-4.343
-0.476
2.546
4.9
6.929
9.058
11.53
14.486
17.96
21.838
26.039
30.52
35.189
39.962
44.771
49.556
54.285
58.934
63.454
67.779
71.846
75.604
79.025
82.097
84.813
87.174
89.19
90.877
92.26
93.356
94.178
94.739
95.053
95.14
95.024
94.73
94.283
93.708
93.027
92.261
91.428
90.541
89.615
88.662
87.692
86.719
85.755
84.814
83.909
83.052
82.253
81.523
80.869
80.298
79.816
79.426
79.131
78.933
78.833
78.831
78.927
79.118
79.401
79.773
80.227
80.758
81.358
82.021
82.736
83.496
84.29
85.109
85.943
86.782
87.615
88.431
89.222
89.976
90.685
91.337
91.925
92.44
92.873
93.217
93.466
93.613
93.652
93.58
93.392
93.086
92.658
92.108
91.434
90.636
89.715
88.674
87.514
86.239
84.853
83.362
81.77
80.085
78.314
76.464
74.543
72.561
70.527
68.45
66.34
64.208
62.064
59.918
57.78
55.661
53.571
51.52
49.517
47.571
45.691
43.887
42.165
40.535
39.002
37.574
36.257
35.056
33.976
33.02
32.191
31.492
30.924
30.487
30.182
30.007
29.96
30.039
30.239
30.556
30.985
31.52
32.154
32.881
33.692
34.58
35.537
36.554
37.624
38.736
39.884
41.057
42.247
43.446
44.645
45.835
47.009
48.159
49.277
50.357
51.393
52.376
53.303
54.168
54.965
55.691
56.341
56.913
57.405
57.813
58.138
58.38
58.537
58.61
58.601
58.51
58.338
58.088
57.761
57.36
56.886
56.342
55.731
55.056
54.319
53.525
52.674
51.769
50.812
49.806
48.752
47.65
46.503
45.313
44.079
42.805
41.491
40.138
38.747
37.318
35.851
34.348
32.807
31.228
29.61
27.954
26.26
24.529
22.761
20.956
19.116
17.242
15.337
13.401
11.433
9.433
7.403
5.343
3.255
1.14
-1
-3.162
-5.34
-7.526
-9.713
-11.898
-14.075
-16.242
-18.393
-20.526
-22.637
-24.73
-26.803
-28.854
-30.876
-32.854
-34.784
-36.667
-38.512
-40.331
-42.134
-43.927
-45.725
-47.552
-49.419
-51.331
-53.28
-55.239
-57.196
-59.155
-61.125
-63.131
-65.182
-67.275
-69.408
-71.576
-73.769
-75.974
-78.158
-80.263
-82.26
-84.143
-85.929
-87.671
-89.4
-91.128
-92.869
-94.624
-96.402
-98.226
-100.102
-102.034
-104.051
-106.197
-108.545
-111.206
-114.262
-117.768
-121.765
-126.25
-131.226
-136.693
-142.632
-149.027
-155.863
-163.119
-170.796
-178.894
-187.376
-196.19
-205.248
-214.413
-223.551
-232.524
-241.177
-249.393
-257.078
-264.159
-270.595
-276.349
-281.374
-285.625
-289.046
-291.578
-293.19
-293.868
-293.623
-292.527
-290.674
-288.178
-285.211
-281.936
-278.479
-274.959
-271.457
-268.045
-264.863
-262.105
-259.921
-258.391
-257.527
-257.269
-257.576
-258.381
-259.534
-260.87
-262.368
-264.388
-267.579
-272.65
-280.534
-292.374
-309.122
-331.394
-358.081
-386.03
-412.391
-435.662
-458.063
-483.579
-513.528
-545.405
-568.271
-569.894
-542.39
-482.737
-404.341
-327.82
-274.415
-265.603
-305.378
-386.171
-495.823
-617.952
-744.299
-869.432
-984.601
-1077.839
-1134.295
-1146.201
-1117.091
-1061.069
-996.453
-934.623
-878.717
-825.574
-770.348
-712.921
-656.749
-606.267
-564.826
-532.545
-507.821
-488.526
-472.279
-457.23
-441.493
-423.406
-402.327
-378.183
-351.321
-322.618
-293.015
-263.533
-235.53
-210.017
-187.423
-167.917
-151.32
-137.275
-125.514
-115.65
-107.119
-99.489
-92.474
-85.873
-79.645
-73.735
-68.013
-62.369
-56.71
-50.961
-45.097
-39.101
-32.956
-26.666
-20.244
-13.725
-7.173
-0.661
5.743
11.982
18.011
23.777
29.209
34.226
38.744
42.716
46.133
49
51.339
53.177
54.541
55.477
56.047
56.306
56.304
56.084
55.678
55.131
54.496
53.828
53.187
52.615
52.142
51.794
51.592
51.55
51.682
51.992
52.476
53.139
53.985
55.024
56.266
57.716
59.377
61.252
63.34
65.644
68.166
70.905
73.862
77.037
80.429
84.041
87.872
91.921
96.183
100.653
105.323
110.186
115.231
120.449
125.828
131.355
137.02
142.809
148.71
154.708
160.79
166.94
173.143
179.381
185.639
191.898
198.14
204.347
210.502
216.585
222.578
228.463
234.222
239.837
245.291
250.567
255.649
260.521
265.168
269.577
273.736
277.632
281.256
284.599
287.654
290.414
292.874
295.031
296.883
298.428
299.666
300.6
301.232
301.566
301.608
301.364
300.842
300.052
299.003
297.707
296.176
294.423
292.462
290.307
287.973
285.476
282.831
280.056
277.166
274.178
271.109
267.973
264.789
261.57
258.332
255.088
251.854
248.641
245.462
242.329
239.251
236.24
233.304
230.45
227.688
225.022
222.459
220.004
217.66
215.43
213.317
211.321
209.444
207.685
206.042
204.515
203.1
201.796
200.599
199.505
198.509
197.607
196.793
196.063
195.41
194.828
194.312
193.856
193.454
193.1
192.788
192.513
192.27
192.051
191.851
191.664
191.484
191.305
191.121
190.927
190.717
190.486
190.229
189.943
189.622
189.265
188.866
188.421
187.928
187.383
186.782
186.122
185.401
184.615
183.763
182.843
181.853
180.791
179.655
178.444
177.157
175.791
174.345
172.82
171.213
169.528
167.764
165.924
164.011
162.031
159.987
157.884
155.727
153.519
151.266
148.971
146.636
144.265
141.86
139.427
136.97
134.497
132.017
129.538
127.072
124.627
122.212
119.836
117.506
115.228
113.007
110.849
108.761
106.756
104.846
103.045
101.357
99.784
98.322
96.96
95.68
94.461
93.281
92.122
90.976
89.843
88.736
87.67
86.662
85.716
84.826
83.986
83.194
82.452
81.765
81.152
80.641
80.269
80.08
80.103
80.343
80.78
81.368
82.044
82.732
83.371
83.915
84.321
84.555
84.581
84.362
83.848
82.979
81.682
79.874
77.494
74.507
70.911
66.735
62.029
56.876
51.352
45.525
39.452
33.182
26.762
20.253
13.733
7.287
1.013
-4.983
-10.614
-15.796
-20.467
-24.582
-28.111
-31.067
-33.477
-35.368
-36.764
-37.688
-38.166
-38.247
-38.032
-37.628
-37.157
-36.751
-36.529
-36.598
-37.1
-38.227
-40.067
-42.603
-45.694
-49.025
-52.327
-55.429
-58.046
-59.795
-60.435
-59.845
-58.235
-56.316
-54.637
-53.53
-53.427
-54.58
-57.012
-60.654
-64.8
-67.913
-68.551
-65.17
-55.928
-39.433
-14.471
20.266
65.4
120.719
185.679
257.453
331.126
402.518
467.952
526.944
581.28
628.478
661.831
670.4
642.638
574.937
471.64
342.509
200.262
56.122
-79.696
-195.952
-283.419
-336.323
-353.529
-341.065
-306.7
-259.753
-211.368
-168.4
-136.926
-118.464
-107.318
-99.747
-92.219
-83.805
-79.077
-79.81
-85.849
-95.979
-106.189
-114.069
-118.802
-119.865
-117.793
-113.369
-107.27
-100.424
-93.894
-88.333
-84.143
-81.575
-80.578
-80.957
-82.425
-84.515
-86.673
-88.535
-89.914
-90.717
-90.977
-90.718
-89.945
-88.73
-87.175
-85.358
-83.331
-81.115
-78.71
-76.137
-73.449
-70.708
-67.983
-65.333
-62.789
-60.375
-58.105
-55.989
-54.033
-52.233
-50.573
-49.035
-47.61
-46.29
-45.071
-43.943
-42.893
-41.902
-40.952
-40.028
-39.119
-38.214
-37.305
-36.385
-35.448
-34.489
-33.507
-32.502
-31.468
-30.403
-29.303
-28.163
-26.982
-25.757
-24.487
-23.171
-21.808
-20.398
-18.942
-17.442
-15.899
-14.315
-12.693
-11.035
-9.345
-7.625
-5.879
-4.111
-2.326
-0.528
1.279
3.089
4.896
6.697
8.483
10.251
11.995
13.709
15.388
17.027
18.621
20.166
21.657
23.09
24.46
25.763
26.996
28.154
29.233
30.23
31.143
31.967
32.701
33.341
33.884
34.328
34.671
34.909
35.041
35.064
34.976
34.776
34.461
34.032
33.485
32.822
32.041
31.142
30.126
28.992
27.742
26.376
24.895
23.301
21.595
19.78
17.858
15.832
13.705
11.482
9.166
6.761
4.274
1.709
-0.927
-3.628
-6.387
-9.197
-12.05
-14.937
-17.85
-20.78
-23.718
-26.653
-29.577
-32.478
-35.348
-38.176
-40.952
-43.665
-46.307
-48.868
-51.336
-53.704
-55.961
-58.099
-60.108
-61.981
-63.709
-65.285
-66.7
-67.95
-69.028
-69.928
-70.645
-71.176
-71.517
-71.665
-71.618
-71.375
-70.936
-70.302
-69.472
-68.451
-67.241
-65.846
-64.27
-62.519
-60.6
-58.519
-56.284
-53.902
-51.384
-48.737
-45.973
-43.101
-40.132
-37.078
-33.95
-30.76
-27.521
-24.244
-20.944
-17.632
-14.32
-11.023
-7.751
-4.519
-1.337
1.782
4.825
7.783
10.644
13.397
16.033
18.544
20.919
23.153
25.238
27.169
28.94
30.547
31.986
33.255
34.353
35.278
36.031
36.613
37.025
37.271
37.355
37.282
37.056
36.686
36.176
35.537
34.775
33.9
32.922
31.852
30.699
29.476
28.195
26.867
25.505
24.123
22.732
21.346
19.977
18.638
17.341
16.097
14.917
13.813
12.795
11.873
11.056
10.351
9.766
9.308
8.982
8.793
8.743
8.835
9.071
9.451
9.974
10.639
11.442
12.38
13.447
14.637
15.943
17.354
18.862
20.454
22.117
23.838
25.602
27.391
29.19
30.979
32.743
34.462
36.119
37.696
39.177
40.546
41.788
42.887
43.826
44.591
45.167
45.541
45.701
45.635
45.333
44.789
44
42.967
41.686
40.158
38.373
36.329
34.03
31.483
28.701
25.7
22.502
19.142
15.668
12.125
8.557
5
1.48
-1.976
-5.331
-8.541
-11.559
-14.339
-16.856
-19.094
-21.03
-22.659
-24.005
-25.124
-26.116
-27.086
-28.1
-29.201
-30.428
-31.83
-33.485
-35.493
-37.916
-40.775
-44.099
-47.947
-52.344
-57.218
-62.309
-67.125
-71.199
-74.234
-75.934
-75.922
-73.923
-69.884
-64.135
-57.585
-51.022
-44.546
-38.533
-33.827
-30.728
-29.381
-28.109
-22.582
-11.083
5.672
25.349
42.95
60.805
87.209
129.759
196.039
281.174
370.889
453.247
519.05
570.092
613.353
649.692
670.277
657.486
596.126
479.791
320.41
144.307
-21.712
-152.447
-238.28
-285.722
-307.036
-317.546
-323.708
-322.482
-307.242
-275.17
-233.392
-192.91
-166.212
-157.772
-161.385
-170.477
-177.081
-177.576
-175.098
-171.151
-167.14
-163.533
-157.822
-148.835
-137.012
-123.279
-109.6
-97.545
-87.547
-79.76
-74.284
-71.173
-70.453
-71.909
-75.023
-79.253
-84.244
-89.746
-95.552
-101.469
-107.25
-112.665
-117.566
-121.828
-125.351
-128.077
-129.944
-130.915
-130.993
-130.204
-128.609
-126.306
-123.399
-119.995
-116.223
-112.196
-108.041
-103.907
-99.913
-96.16
-92.726
-89.65
-86.966
-84.707
-82.888
-81.512
-80.573
-80.05
-79.926
-80.192
-80.827
-81.807
-83.1
-84.663
-86.465
-88.484
-90.705
-93.119
-95.718
-98.495
-101.445
-104.571
-107.87
-111.337
-114.964
-118.734
-122.633
-126.649
-130.769
-134.983
-139.278
-143.639
-148.051
-152.498
-156.969
-161.446
-165.91
-170.338
-174.711
-179.006
-183.207
-187.294
-191.249
-195.056
-198.7
-202.172
-205.468
-208.581
-211.504
-214.225
-216.731
-219.015
-221.077
-222.921
-224.547
-225.969
-227.203
-228.28
-229.248
-230.141
-230.984
-231.792
-232.566
-233.312
-234.037
-234.747
-235.444
-236.128
-236.794
-237.449
-238.113
-238.79
-239.469
-240.105
-240.625
-240.979
-241.15
-241.129
-240.926
-240.552
-240.023
-239.386
-238.72
-238.102
-237.595
-237.239
-237.043
-237.034
-237.275
-237.865
-238.937
-240.584
-242.871
-245.853
-249.589
-254.135
-259.511
-265.666
-272.482
-279.835
-287.633
-295.806
-304.302
-313.048
-321.919
-330.758
-339.4
-347.704
-355.525
-362.709
-369.066
-374.395
-378.566
-381.531
-383.306
-383.916
-383.346
-381.567
-378.56
-374.331
-368.922
-362.383
-354.74
-346.022
-336.302
-325.681
-314.313
-302.367
-289.932
-277.051
-263.748
-250.047
-236.027
-221.771
-207.341
-192.797
-178.204
-163.657
-149.297
-135.251
-121.585
-108.349
-95.552
-83.206
-71.394
-60.201
-49.69
-39.917
-30.892
-22.626
-15.147
-8.461
-2.539
2.691
7.346
11.521
15.265
18.618
21.611
24.287
26.735
29.023
31.191
33.276
35.297
37.275
39.248
41.227
43.185
45.079
46.837
48.413
49.793
50.965
51.92
52.646
53.115
53.322
53.282
53.007
52.512
51.811
50.91
49.832
48.62
47.323
45.994
44.677
43.399
42.19
41.075
40.077
39.218
38.512
37.961
37.571
37.351
37.31
37.458
37.798
38.328
39.046
39.949
41.034
42.301
43.746
45.369
47.166
49.139
51.287
53.609
56.105
58.77
61.597
64.581
67.711
70.978
74.371
77.879
81.489
85.188
88.961
92.796
96.676
100.587
104.512
108.434
112.338
116.205
120.02
123.764
127.423
130.978
134.408
137.695
140.816
143.75
146.479
148.982
151.242
153.244
154.974
156.421
157.576
158.43
158.974
159.2
159.098
158.663
157.897
156.808
155.412
153.73
151.777
149.568
147.116
144.424
141.497
138.342
134.959
131.354
127.538
123.534
119.393
115.164
110.885
106.577
102.23
97.851
93.479
89.178
85.036
81.133
77.501
74.204
71.357
68.998
67.109
65.532
63.921
62.083
60.041
57.849
55.613
53.487
51.579
50.261
50.198
51.646
54.463
58.338
62.754
67.313
71.838
75.829
78.505
79.546
78.999
77.062
74.037
69.89
64.248
57.156
49.074
40.061
30.312
20.479
11.359
5.787
7.273
16.944
36.506
65.479
102.568
152.316
217.119
298.115
394.981
498.062
597.961
689.407
769.457
838.297
894.805
930.514
930.761
887.145
795.877
660.804
500.955
332.769
173.281
42.977
-52.488
-112.056
-139.495
-149.727
-150.424
-143.774
-130.576
-106.33
-70.926
-28.846
15.284
56.11
90.344
116.525
133.8
142.683
144.285
140.049
131.747
120.751
108.397
96.585
87.047
80.687
77.714
77.712
79.974
83.985
89.22
94.747
99.542
103.004
104.945
105.531
105.166
104.162
102.737
101.224
100.011
99.321
99.249
99.768
100.728
102.024
103.606
105.404
107.35
109.396
111.487
113.581
115.653
117.66
119.562
121.341
122.97
124.442
125.757
126.918
127.937
128.838
129.631
130.322
130.914
131.411
131.822
132.163
132.446
132.688
132.9
133.097
133.292
133.498
133.723
133.973
134.253
134.565
134.916
135.314
135.767
136.281
136.863
137.519
138.254
139.074
139.98
140.975
142.06
143.233
144.496
145.848
147.289
148.816
150.429
152.125
153.9
155.752
157.677
159.668
161.722
163.832
165.992
168.195
170.433
172.699
174.983
177.278
179.573
181.86
184.128
186.366
188.566
190.716
192.806
194.827
196.768
198.618
200.37
202.012
203.537
204.936
206.199
207.32
208.29
209.103
209.752
210.23
210.532
210.652
210.587
210.332
209.883
209.239
208.397
207.356
206.117
204.679
203.046
201.219
199.203
197.002
194.622
192.069
189.35
186.473
183.447
180.281
176.985
173.57
170.048
166.428
162.725
158.95
155.117
151.238
147.327
143.396
139.46
135.53
131.621
127.745
123.914
120.142
116.44
112.82
109.293
105.869
102.558
99.368
96.307
93.382
90.599
87.962
85.476
83.145
80.971
78.954
77.096
75.397
73.856
72.47
71.238
70.155
69.217
68.421
67.759
67.228
66.82
66.529
66.348
66.27
66.288
66.393
66.577
66.832
67.151
67.524
67.943
68.402
68.891
69.403
69.933
70.472
71.015
71.555
72.087
72.605
73.105
73.581
74.029
74.445
74.825
75.166
75.464
75.718
75.923
76.079
76.183
76.232
76.225
76.161
76.038
75.855
75.611
75.305
74.938
74.508
74.016
73.462
72.846
72.168
71.428
70.627
69.765
68.842
67.861
66.82
65.722
64.568
63.359
62.099
60.788
59.429
58.026
56.582
55.101
53.586
52.043
50.476
48.891
47.294
45.691
44.088
42.492
40.91
39.349
37.816
36.319
34.864
33.46
32.114
30.833
29.626
28.501
27.463
26.521
25.681
24.949
24.332
23.834
23.461
23.216
23.102
23.122
23.278
23.569
23.996
24.555
25.244
26.06
26.996
28.046
29.202
30.454
31.795
33.212
34.694
36.228
37.799
39.394
40.998
42.592
44.158
45.676
47.127
48.49
49.744
50.868
51.843
52.649
53.27
53.691
53.898
53.876
53.608
53.082
52.286
51.212
49.853
48.201
46.251
44.004
41.468
38.65
35.558
32.192
28.547
24.622
20.426
15.967
11.261
6.329
1.189
-4.122
-9.553
-15.053
-20.569
-26.059
-31.493
-36.83
-42.024
-47.018
-51.74
-56.136
-60.169
-63.805
-67.029
-69.839
-72.252
-74.317
-76.117
-77.737
-79.274
-80.821
-82.466
-84.312
-86.445
-88.996
-92.147
-95.994
-100.549
-105.694
-111.116
-116.461
-121.416
-125.559
-128.371
-129.475
-128.668
-126.214
-122.915
-119.695
-117.408
-116.783
-118.454
-122.857
-130.004
-138.976
-147.828
-153.976
-154.686
-147.587
-130.311
-100.564
-56.654
1.941
73.092
152.203
234.401
315.705
394.89
472.115
544.064
602.739
634.625
626.385
572.745
478.306
357.77
227.06
97.116
-26.197
-142.307
-249.219
-343.148
-421.235
-479.928
-516.794
-528.647
-511.414
-466.593
-402.988
-336.085
-282.59
-250.973
-239.242
-237.56
-235.663
-228.898
-218.657
-210.575
-208.543
-212.822
-221.363
-230.116
-236.272
-239.247
-239.189
-236.804
-232.821
-227.566
-221.471
-215.466
-210.553
-207.272
-205.834
-206.104
-207.673
-210.244
-213.559
-217.222
-220.855
-224.244
-227.292
-230.05
-232.642
-235.088
-237.381
-239.501
-241.407
-243.105
-244.617
-245.975
-247.254
-248.528
-249.859
-251.306
-252.891
-254.602
-256.413
-258.26
-260.081
-261.86
-263.593
-265.311
-267.079
-268.927
-270.863
-272.893
-274.983
-277.099
-279.218
-281.302
-283.318
-285.257
-287.116
-288.918
-290.692
-292.443
-294.167
-295.843
-297.434
-298.915
-300.266
-301.465
-302.501
-303.368
-304.065
-304.599
-304.984
-305.227
-305.33
-305.292
-305.104
-304.766
-304.281
-303.655
-302.895
-302.01
-301.009
-299.904
-298.707
-297.427
-296.072
-294.647
-293.154
-291.598
-289.982
-288.312
-286.593
-284.83
-283.027
-281.191
-279.328
-277.445
-275.545
-273.634
-271.716
-269.795
-267.875
-265.959
-264.05
-262.152
-260.268
-258.4
-256.552
-254.728
-252.93
-251.162
-249.427
-247.727
-246.066
-244.447
-242.872
-241.344
-239.867
-238.444
-237.079
-235.776
-234.54
-233.374
-232.282
-231.27
-230.34
-229.496
-228.74
-228.075
-227.503
-227.026
-226.645
-226.361
-226.174
-226.083
-226.089
-226.189
-226.381
-226.663
-227.032
-227.482
-228.01
-228.61
-229.276
-230.002
-230.781
-231.605
-232.467
-233.357
-234.266
-235.185
-236.103
-237.01
-237.896
-238.748
-239.557
-240.31
-240.997
-241.608
-242.131
-242.556
-242.876
-243.08
-243.162
-243.114
-242.93
-242.605
-242.135
-241.517
-240.748
-239.828
-238.757
-237.536
-236.168
-234.656
-233.004
-231.219
-229.307
-227.276
-225.135
-222.894
-220.563
-218.154
-215.68
-213.154
-210.59
-208.003
-205.409
-202.824
-200.263
-197.745
-195.284
-192.898
-190.602
-188.413
-186.346
-184.414
-182.632
-181.012
-179.566
-178.304
-177.237
-176.374
-175.719
-175.281
-175.062
-175.066
-175.295
-175.747
-176.422
-177.318
-178.429
-179.753
-181.283
-183.011
-184.928
-187.024
-189.288
-191.707
-194.265
-196.946
-199.732
-202.605
-205.546
-208.533
-211.545
-214.559
-217.553
-220.505
-223.39
-226.189
-228.876
-231.43
-233.831
-236.058
-238.09
-239.908
-241.49
-242.817
-243.872
-244.636
-245.092
-245.223
-245.011
-244.439
-243.496
-242.166
-240.436
-238.287
-235.701
-232.666
-229.178
-225.242
-220.862
-216.048
-210.817
-205.192
-199.208
-192.896
-186.284
-179.386
-172.214
-164.786
-157.129
-149.28
-141.275
-133.134
-124.864
-116.469
-107.951
-99.295
-90.473
-81.421
-72.066
-62.357
-52.272
-41.824
-31.039
-19.933
-8.518
3.193
15.173
27.368
39.723
52.194
64.72
77.211
89.529
101.468
112.82
123.421
133.145
141.917
149.667
156.315
161.8
166.087
169.165
171.043
171.71
171.122
169.259
166.157
161.936
156.8
150.953
144.552
137.726
130.597
123.329
116.116
109.124
102.487
96.295
90.689
85.91
82.154
79.518
77.951
77.18
76.949
77.177
77.721
78.378
79.211
80.421
82.567
86.667
93.365
102.856
115.311
130.744
148.74
168.521
188.487
206.399
220.777
230.771
235.709
235.149
228.73
216.553
199.917
180.835
160.701
140.476
120.916
102.866
87.974
77.933
73.642
75.743
85.234
103.36
131.666
171.12
221.413
281.737
350.96
427.109
506.28
582.556
649.735
703.41
743.809
773.377
792.623
798.503
780.599
728.141
634.981
500.716
339.661
171.411
18.088
-97.239
-167.759
-194.718
-188.466
-167.646
-140.637
-114.421
-91.419
-68.504
-48.998
-32
-16.542
-3.974
8.053
17.62
23.153
26.072
26.92
28.241
32.031
38.104
46.568
57.485
70.418
84.914
100.005
114.304
127.02
137.945
146.961
153.936
158.819
161.634
162.7
162.678
162.045
161.063
159.921
158.702
157.527
156.6
156.037
155.862
156.118
156.816
157.978
159.668
161.898
164.638
167.839
171.403
175.229
179.236
183.341
187.474
191.562
195.505
199.224
202.67
205.797
208.589
211.036
213.117
214.833
216.203
217.25
218.012
218.529
218.827
218.94
218.902
218.75
218.535
218.295
218.058
217.848
217.684
217.582
217.56
217.629
217.791
218.049
218.407
218.867
219.438
220.122
220.92
221.83
222.849
223.975
225.206
226.54
227.975
229.505
231.126
232.835
234.627
236.497
238.439
240.442
242.498
244.595
246.724
248.872
251.028
253.18
255.314
257.42
259.486
261.5
263.451
265.327
267.117
268.81
270.395
271.862
273.2
274.401
275.454
276.352
277.086
277.65
278.036
278.239
278.253
278.074
277.697
277.122
276.344
275.364
274.181
272.795
271.209
269.423
267.442
265.269
262.908
260.364
257.644
254.754
251.7
248.489
245.13
241.631
238
234.247
230.38
226.41
222.347
218.202
213.986
209.709
205.383
201.02
196.631
192.227
187.82
183.42
179.039
174.688
170.377
166.117
161.916
157.785
153.732
149.767
145.897
142.131
138.476
134.938
131.525
128.242
125.094
122.088
119.227
116.518
113.962
111.565
109.33
107.259
105.356
103.621
102.058
100.667
99.45
98.406
97.537
96.841
96.32
95.972
95.796
95.792
95.958
96.292
96.792
97.456
98.281
99.264
100.403
101.693
103.13
104.71
106.429
108.282
110.262
112.365
114.583
116.909
119.338
121.859
124.465
127.148
129.897
132.703
135.557
138.448
141.365
144.297
147.234
150.163
153.074
155.954
158.792
161.575
164.293
166.933
169.484
171.935
174.276
176.496
178.585
180.535
182.336
183.98
185.461
186.77
187.904
188.856
189.624
190.205
190.598
190.801
190.817
190.647
190.293
189.761
189.055
188.181
187.146
185.959
184.629
183.166
181.582
179.887
178.095
176.219
174.273
172.271
170.226
168.153
166.066
163.979
161.906
159.861
157.858
155.909
154.027
152.224
150.511
148.898
147.393
146.005
144.739
143.602
142.598
141.728
140.994
140.395
139.931
139.599
139.394
139.309
139.338
139.469
139.694
139.999
140.369
140.788
141.241
141.708
142.173
142.617
143.022
143.368
143.64
143.819
143.891
143.839
143.645
143.293
142.767
142.053
141.139
140.014
138.666
137.09
135.285
133.253
130.995
128.509
125.79
122.834
119.646
116.232
112.603
108.776
104.774
100.63
96.393
92.112
87.832
83.593
79.426
75.362
71.445
67.722
64.247
61.075
58.235
55.753
53.667
51.987
50.688
49.72
48.986
48.394
47.896
47.435
46.942
46.342
45.522
44.371
42.821
40.766
38.084
34.737
30.755
26.339
21.937
18.047
15.127
13.695
14.261
17.104
22.247
29.249
37.146
44.859
51.472
56.11
57.928
56.567
52.38
46.675
41.761
40.44
45.445
59.367
84.996
124.612
179.318
248.93
330.53
418.559
507.268
590.608
665.684
733.628
793.536
842.865
871.427
862.11
803.247
689.226
529.933
350.082
174.842
28.829
-76.284
-143.884
-182.3
-205.329
-220.865
-228.551
-226.441
-210.505
-181.162
-143.578
-103.538
-66.731
-36.599
-14.837
-1.993
2.65
0.304
-7.255
-17.739
-29.386
-40.504
-49.049
-53.907
-54.724
-51.51
-45.029
-36.319
-26.153
-15.569
-5.884
2.144
8.117
11.862
13.639
13.764
12.462
10.145
7.336
4.34
1.329
-1.625
-4.579
-7.535
-10.431
-13.217
-15.869
-18.343
-20.572
-22.504
-24.078
-25.273
-26.12
-26.667
-26.966
-27.066
-27.001
-26.789
-26.463
-26.06
-25.622
-25.218
-24.898
-24.705
-24.689
-24.88
-25.296
-25.948
-26.826
-27.905
-29.162
-30.571
-32.108
-33.759
-35.504
-37.319
-39.176
-41.037
-42.871
-44.652
-46.357
-47.964
-49.459
-50.825
-52.056
-53.155
-54.121
-54.952
-55.649
-56.208
-56.628
-56.911
-57.061
-57.08
-56.975
-56.748
-56.404
-55.947
-55.384
-54.72
-53.96
-53.109
-52.172
-51.156
-50.07
-48.922
-47.723
-46.482
-45.208
-43.912
-42.603
-41.292
-39.989
-38.701
-37.437
-36.206
-35.018
-33.879
-32.797
-31.78
-30.835
-29.969
-29.186
-28.494
-27.897
-27.401
-27.009
-26.727
-26.558
-26.506
-26.573
-26.764
-27.08
-27.524
-28.097
-28.802
-29.638
-30.608
-31.712
-32.95
-34.323
-35.83
-37.472
-39.247
-41.154
-43.193
-45.362
-47.66
-50.084
-52.633
-55.304
-58.094
-61
-64.017
-67.143
-70.373
-73.701
-77.122
-80.631
-84.221
-87.884
-91.615
-95.405
-99.245
-103.127
-107.041
-110.977
-114.925
-118.874
-122.812
-126.728
-130.609
-134.443
-138.216
-141.918
-145.533
-149.05
-152.456
-155.737
-158.881
-161.876
-164.709
-167.37
-169.845
-172.126
-174.201
-176.062
-177.7
-179.109
-180.281
-181.212
-181.897
-182.334
-182.52
-182.456
-182.143
-181.582
-180.779
-179.737
-178.465
-176.969
-175.261
-173.351
-171.251
-168.976
-166.539
-163.956
-161.245
-158.422
-155.506
-152.517
-149.473
-146.394
-143.303
-140.218
-137.162
-134.154
-131.215
-128.364
-125.621
-123.004
-120.53
-118.216
-116.077
-114.128
-112.38
-110.846
-109.534
-108.454
-107.61
-107.008
-106.649
-106.534
-106.661
-107.027
-107.627
-108.454
-109.499
-110.753
-112.202
-113.835
-115.634
-117.585
-119.669
-121.866
-124.156
-126.519
-128.931
-131.371
-133.816
-136.243
-138.629
-140.95
-143.186
-145.312
-147.309
-149.155
-150.83
-152.315
-153.594
-154.651
-155.472
-156.044
-156.358
-156.405
-156.179
-155.675
-154.89
-153.823
-152.476
-150.851
-148.953
-146.791
-144.372
-141.71
-138.816
-135.708
-132.402
-128.918
-125.277
-121.501
-117.614
-113.64
-109.607
-105.54
-101.468
-97.421
-93.429
-89.524
-85.738
-82.101
-78.646
-75.4
-72.394
-69.655
-67.205
-65.068
-63.264
-61.812
-60.733
-60.046
-59.767
-59.908
-60.481
-61.492
-62.948
-64.852
-67.195
-69.968
-73.164
-76.776
-80.804
-85.248
-90.096
-95.333
-100.941
-106.89
-113.151
-119.687
-126.442
-133.359
-140.388
-147.478
-154.595
-161.705
-168.756
-175.693
-182.445
-188.939
-195.136
-200.998
-206.489
-211.603
-216.35
-220.765
-224.927
-228.902
-232.742
-236.523
-240.309
-244.187
-248.276
-252.66
-257.483
-262.946
-269.119
-275.984
-283.383
-290.913
-298.184
-304.877
-310.542
-314.702
-317.096
-317.669
-316.933
-315.948
-315.62
-316.711
-319.797
-325.24
-333.342
-343.936
-355.666
-366.278
-373.375
-374.415
-367.451
-350.911
-322.731
-281.448
-227.1
-160.653
-85.415
-7.093
69.853
140.824
203.84
261.197
310.957
347.861
362.064
338.867
271.724
163.487
22.813
-135.897
-299.535
-459.087
-602.936
-718.754
-801.255
-847.643
-862.217
-856.824
-835.566
-804.221
-770.661
-737.216
-712.86
-701.371
-697.471
-699.224
-701.327
-701.411
-704.316
-711.761
-724.085
-740.686
-757.567
-771.671
-782.17
-788.805
-792.031
-792.658
-791.265
-788.38
-784.952
-782.183
-780.736
-780.927
-782.875
-786.324
-791.029
-796.834
-803.416
-810.372
-817.474
-824.593
-831.679
-838.787
-845.925
-853.013
-859.98
-866.76
-873.258
-879.406
-885.177
-890.545
-895.519
-900.142
-904.415
-908.314
-911.842
-914.986
-917.746
-920.163
-922.305
-924.297
-926.324
-928.574
-931.223
-934.402
-938.204
-942.7
-947.907
-953.782
-960.287
-967.362
-974.985
-983.21
-991.941
-1000.929
-1009.88
-1018.377
-1026.115
-1033.017
-1038.822
-1043.078
-1045.616
-1046.436
-1045.644
-1043.622
-1040.218
-1034.627
-1026.351
-1015.169
-1000.669
-982.501
-960.24
-933.166
-901.44
-866.158
-828.137
-788.042
-746.618
-704.4
-662.123
-620.88
-581.086
-542.514
-505.182
-469.152
-434.559
-401.786
-370.937
-341.815
-314.471
-289.131
-265.902
-244.865
-225.938
-208.843
-193.404
-179.513
-167.002
-155.678
-145.284
-135.532
-126.184
-117.049
-107.972
-98.838
-89.548
-80.034
-70.278
-60.291
-50.12
-39.835
-29.492
-19.151
-8.875
1.275
11.208
20.823
30.027
38.724
46.85
54.37
61.26
67.516
73.159
78.219
82.743
86.797
90.433
93.705
96.67
99.375
101.883
104.26
106.57
108.881
111.248
113.715
116.318
119.089
122.048
125.214
128.599
132.206
136.043
140.121
144.449
149.038
153.896
159.027
164.435
170.121
176.087
182.334
188.863
195.675
202.77
210.146
217.802
225.737
233.948
242.426
251.165
260.153
269.38
278.834
288.501
298.367
308.416
318.633
329.003
339.507
350.128
360.849
371.649
382.51
393.411
404.332
415.252
426.151
437.006
447.797
458.501
469.097
479.564
489.881
500.026
509.979
519.72
529.23
538.491
547.484
556.194
564.604
572.7
580.465
587.889
594.958
601.661
607.987
613.929
619.477
624.624
629.366
633.696
637.612
641.111
644.192
646.855
649.101
650.932
652.354
653.37
653.988
654.216
654.064
653.543
652.666
651.448
649.905
648.053
645.909
643.492
640.819
637.909
634.779
631.449
627.936
624.26
620.442
616.504
612.468
608.359
604.2
600.017
595.832
591.674
587.566
583.53
579.588
575.761
572.075
568.557
565.231
562.111
559.211
556.539
554.097
551.889
549.907
548.133
546.549
545.139
543.886
542.794
541.865
541.096
540.484
540.023
539.714
539.579
539.645
539.929
540.456
541.245
542.326
543.755
545.579
547.822
550.499
553.587
557.048
560.844
564.932
569.246
573.705
578.195
582.583
586.764
590.634
594.087
597.015
599.266
600.712
601.256
600.822
599.376
596.904
593.394
588.859
583.349
576.936
569.725
561.843
553.377
544.418
535.059
525.396
515.562
505.68
495.85
486.168
476.709
467.537
458.718
450.292
442.264
434.639
427.398
420.526
414.035
407.927
402.202
396.863
391.867
387.167
382.709
378.409
374.198
370.009
365.75
361.35
356.734
351.815
346.541
340.817
334.481
327.455
319.737
311.459
303
294.785
287.19
280.712
275.88
273.052
272.404
273.586
275.648
277.5
278.124
276.642
272.341
264.776
253.988
241.037
228.086
218.03
213.932
218.413
234.091
263.35
307.817
368.28
442.671
525.906
612.952
698.52
780.091
858.856
931.487
991.567
1028.081
1025.553
977.68
885.844
757.867
607.261
442.724
272.333
106.809
-41.012
-155.419
-226.818
-254.365
-244.458
-208.789
-156.703
-96.906
-39.432
8.411
40.481
56.29
63.269
67.796
73.881
81.576
85.116
81.104
70.039
54.15
38.268
25.899
17.676
13.481
12.635
14.252
17.692
22.224
26.673
29.89
31.388
31.076
29.115
25.916
21.851
17.251
12.603
8.396
4.876
2.158
0.256
-0.905
-1.325
-0.989
0.048
1.701
3.875
6.463
9.385
12.583
15.968
19.45
22.965
26.462
29.925
33.355
36.743
40.074
43.326
46.484
49.545
52.517
55.417
58.275
61.12
63.979
66.889
69.878
72.967
76.17
79.488
82.914
86.445
90.077
93.81
97.644
101.575
105.599
109.709
113.898
118.156
122.472
126.831
131.219
135.624
140.031
144.43
148.81
153.159
157.465
161.716
165.899
169.999
174.003
177.896
181.662
185.288
188.759
192.063
195.187
198.12
200.852
203.374
205.676
207.753
209.597
211.204
212.571
213.695
214.575
215.211
215.604
215.757
215.675
215.361
214.822
214.064
213.097
211.927
210.565
209.02
207.303
205.423
203.392
201.222
198.922
196.507
193.987
191.374
188.68
185.918
183.097
180.23
177.327
174.397
171.45
168.496
165.543
162.599
159.672
156.768
153.894
151.055
148.257
145.504
142.8
140.149
137.554
135.018
132.544
130.132
127.787
125.509
123.299
121.16
119.092
117.096
115.173
113.325
111.551
109.853
108.232
106.688
105.222
103.835
102.526
101.298
100.149
99.081
98.094
97.188
96.363
95.62
94.958
94.378
93.88
93.463
93.127
92.87
92.692
92.591
92.566
92.614
92.733
92.921
93.175
93.493
93.87
94.304
94.79
95.322
95.897
96.509
97.152
97.821
98.508
99.209
99.916
100.623
101.323
102.01
102.675
103.312
103.913
104.469
104.973
105.417
105.793
106.095
106.315
106.448
106.487
106.427
106.263
105.99
105.604
105.1
104.475
103.724
102.846
101.838
100.699
99.429
98.027
96.494
94.832
93.042
91.127
89.089
86.93
84.655
82.268
79.774
77.181
74.496
71.729
68.889
65.988
63.036
60.046
57.027
53.989
50.943
47.898
44.861
41.842
38.848
35.89
32.979
30.128
27.348
24.652
22.051
19.557
17.184
14.941
12.832
10.864
9.043
7.378
5.884
4.57
3.436
2.481
1.7
1.083
0.621
0.291
0.057
-0.115
-0.26
-0.397
-0.529
-0.661
-0.801
-0.955
-1.135
-1.336
-1.533
-1.711
-1.861
-1.97
-2.029
-2.002
-1.823
-1.441
-0.817
0.058
1.155
2.446
3.905
5.486
7.13
8.75
10.219
11.44
12.341
12.844
12.881
12.354
11.121
9.079
6.158
2.314
-2.448
-8.125
-14.721
-22.197
-30.473
-39.439
-48.94
-58.847
-69.066
-79.489
-89.999
-100.46
-110.702
-120.592
-130.042
-138.971
-147.316
-155.016
-161.987
-168.188
-173.632
-178.344
-182.384
-185.821
-188.703
-191.108
-193.147
-194.92
-196.54
-198.129
-199.764
-201.552
-203.612
-206.026
-208.938
-212.523
-216.839
-221.859
-227.405
-233.061
-238.393
-243.021
-246.449
-248.164
-247.856
-245.449
-241.401
-236.724
-232.517
-229.775
-229.338
-231.892
-237.782
-246.74
-257.509
-267.848
-274.919
-275.699
-267.549
-248.071
-215.145
-167.561
-105.331
-29.635
55.455
143.603
229.289
306.293
371.761
427.256
469.885
496.114
499.303
465.829
390.799
273.672
117.377
-60.235
-242.383
-410.274
-540.469
-625.711
-666.236
-670.269
-657.896
-640.023
-620.743
-601.057
-575.246
-542.635
-507.644
-474.267
-447.291
-429.121
-418.878
-415.005
-415.458
-417.962
-420.428
-421.136
-418.955
-413.12
-403.528
-390.638
-375.203
-358.384
-341.587
-326.074
-312.681
-301.939
-294.02
-288.795
-286.053
-285.42
-286.362
-288.319
-290.863
-293.688
-296.617
-299.575
-302.432
-305.033
-307.245
-308.945
-310.051
-310.514
-310.288
-309.343
-307.687
-305.359
-302.435
-299.009
-295.172
-290.999
-286.553
-281.885
-277.069
-272.195
-267.36
-262.667
-258.184
-253.95
-249.992
-246.323
-242.942
-239.836
-236.975
-234.312
-231.812
-229.445
-227.19
-225.031
-222.941
-220.887
-218.831
-216.73
-214.553
-212.28
-209.893
-207.379
-204.731
-201.948
-199.035
-196.006
-192.869
-189.63
-186.294
-182.864
-179.345
-175.746
-172.077
-168.349
-164.573
-160.76
-156.922
-153.071
-149.218
-145.375
-141.551
-137.755
-133.998
-130.29
-126.644
-123.074
-119.59
-116.206
-112.932
-109.783
-106.768
-103.898
-101.182
-98.627
-96.24
-94.028
-91.996
-90.148
-88.487
-87.016
-85.736
-84.648
-83.751
-83.046
-82.53
-82.2
-82.054
-82.086
-82.292
-82.666
-83.202
-83.893
-84.732
-85.712
-86.823
-88.057
-89.404
-90.856
-92.402
-94.03
-95.731
-97.493
-99.304
-101.154
-103.032
-104.927
-106.829
-108.726
-110.611
-112.472
-114.302
-116.09
-117.828
-119.508
-121.122
-122.663
-124.124
-125.497
-126.778
-127.961
-129.039
-130.009
-130.866
-131.606
-132.225
-132.721
-133.089
-133.329
-133.439
-133.418
-133.265
-132.982
-132.569
-132.027
-131.36
-130.569
-129.657
-128.629
-127.487
-126.235
-124.879
-123.423
-121.873
-120.232
-118.506
-116.702
-114.824
-112.878
-110.869
-108.803
-106.687
-104.526
-102.325
-100.092
-97.832
-95.552
-93.257
-90.954
-88.649
-86.349
-84.06
-81.788
-79.538
-77.318
-75.133
-72.99
-70.893
-68.848
-66.861
-64.937
-63.08
-61.294
-59.582
-57.948
-56.395
-54.927
-53.546
-52.256
-51.058
-49.957
-48.953
-48.05
-47.248
-46.55
-45.956
-45.467
-45.085
-44.808
-44.639
-44.576
-44.619
-44.768
-45.02
-45.375
-45.827
-46.374
-47.01
-47.729
-48.525
-49.391
-50.32
-51.304
-52.336
-53.412
-54.526
-55.672
-56.843
-58.034
-59.239
-60.45
-61.657
-62.85
-64.017
-65.147
-66.23
-67.259
-68.224
-69.118
-69.932
-70.663
-71.304
-71.846
-72.281
-72.591
-72.763
-72.796
-72.69
-72.455
-72.109
-71.663
-71.133
-70.544
-69.913
-69.247
-68.546
-67.793
-66.967
-66.064
-65.088
-64.056
-62.989
-61.884
-60.739
-59.55
-58.295
-56.959
-55.522
-53.938
-52.185
-50.272
-48.228
-46.12
-44.035
-42.031
-40.152
-38.431
-36.892
-35.577
-34.532
-33.789
-33.398
-33.412
-33.888
-34.913
-36.551
-38.817
-41.699
-45.143
-49.062
-53.395
-58.093
-63.106
-68.393
-73.899
-79.556
-85.304
-91.076
-96.793
-102.367
-107.691
-112.665
-117.229
-121.341
-124.981
-128.165
-130.894
-133.163
-134.977
-136.35
-137.333
-138.004
-138.468
-138.816
-139.124
-139.489
-140.033
-140.894
-142.195
-144.018
-146.409
-149.427
-153.208
-157.833
-163.239
-169.147
-175.054
-180.472
-184.982
-188.12
-189.315
-188.144
-184.57
-179.164
-173.064
-167.226
-162.555
-160.123
-160.684
-164.807
-171.274
-176.359
-177.49
-173.266
-163.995
-152.759
-136.38
-106.684
-56.335
21.563
122.012
230.822
334.914
424.227
499.28
563.164
615.143
648.174
644.775
593.953
492.284
342.915
165.045
-22.141
-200.157
-346.722
-451.48
-512.048
-531.044
-519.834
-488.161
-441.68
-387.432
-333.392
-286.965
-254.765
-237.217
-227.473
-219.355
-209.408
-198.298
-191.454
-191.927
-198.921
-209.87
-220.308
-227.193
-230.023
-228.872
-224.279
-217.107
-208.052
-198.005
-188.217
-179.598
-172.495
-167.081
-163.307
-160.888
-159.534
-158.799
-158.038
-156.859
-155.123
-152.77
-149.876
-146.529
-142.757
-138.696
-134.564
-130.492
-126.541
-122.707
-118.883
-115.031
-111.197
-107.428
-103.796
-100.355
-97.114
-94.1
-91.374
-88.953
-86.813
-84.873
-82.969
-80.973
-78.819
-76.483
-73.994
-71.363
-68.552
-65.529
-62.272
-58.738
-54.89
-50.667
-45.951
-40.668
-34.805
-28.391
-21.524
-14.313
-6.814
0.934
8.908
17.097
25.467
33.988
42.657
51.45
60.33
69.234
78.057
86.713
95.165
103.396
111.43
119.314
127.066
134.698
142.229
149.657
156.983
164.202
171.284
178.203
184.948
191.52
197.936
204.216
210.356
216.343
222.155
227.755
233.119
238.222
243.035
247.537
251.717
255.564
259.084
262.285
265.172
267.745
270.004
271.948
273.578
274.901
275.925
276.659
277.114
277.299
277.229
276.917
276.373
275.606
274.626
273.437
272.047
270.465
268.699
266.757
264.651
262.388
259.979
257.436
254.768
251.985
249.1
246.12
243.056
239.917
236.715
233.457
230.153
226.812
223.443
220.056
216.657
213.256
209.861
206.479
203.12
199.789
196.496
193.247
190.048
186.909
183.834
180.831
177.905
175.064
172.314
169.659
167.106
164.659
162.322
160.099
157.994
156.009
154.147
152.409
150.797
149.311
147.951
146.718
145.609
144.624
143.76
143.015
142.386
141.869
141.46
141.156
140.95
140.839
140.815
140.874
141.008
141.212
141.478
141.799
142.168
142.577
143.018
143.483
143.964
144.452
144.938
145.415
145.872
146.303
146.698
147.049
147.35
147.592
147.768
147.872
147.898
147.84
147.693
147.453
147.114
146.675
146.13
145.48
144.721
143.853
142.876
141.789
140.594
139.291
137.883
136.372
134.761
133.055
131.257
129.374
127.412
125.378
123.28
121.126
118.926
116.69
114.427
112.149
109.866
107.589
105.331
103.102
100.915
98.781
96.714
94.724
92.823
91.022
89.332
87.763
86.324
85.026
83.876
82.882
82.052
81.392
80.91
80.609
80.494
80.569
80.835
81.291
81.939
82.774
83.795
84.995
86.367
87.906
89.6
91.441
93.416
95.512
97.715
100.008
102.374
104.794
107.249
109.716
112.174
114.601
116.974
119.271
121.468
123.544
125.479
127.252
128.844
130.235
131.404
132.334
133.005
133.4
133.504
133.304
132.787
131.946
130.78
129.289
127.474
125.334
122.864
120.062
116.932
113.481
109.718
105.661
101.332
96.769
92.022
87.142
82.176
77.166
72.147
67.154
62.228
57.414
52.766
48.334
44.159
40.278
36.733
33.54
30.684
28.122
25.764
23.527
21.351
19.178
16.944
14.58
11.993
9.091
5.81
2.056
-2.29
-7.289
-12.935
-19.055
-25.253
-31.041
-35.927
-39.379
-40.862
-40.038
-36.818
-31.564
-25.164
-18.689
-13.201
-9.675
-8.931
-11.361
-16.722
-23.811
-30.48
-34.032
-31.467
-19.903
3.183
39.922
91.629
158.081
237.621
326.042
416.653
502.829
579.16
644.23
699.029
742.569
770.144
769.816
729.486
643.615
512.838
350.482
175.715
6.771
-135.409
-237.451
-296.417
-315.782
-309.409
-293.085
-274.836
-257.967
-240.502
-217.789
-190.372
-161.285
-133.775
-112.071
-97.83
-90.338
-88.576
-90.863
-95.314
-100.824
-106.46
-110.879
-113.119
-112.838
-109.979
-105.005
-98.794
-91.967
-85.19
-79.421
-75.268
-72.967
-72.568
-73.756
-76.088
-79.251
-82.846
-86.368
-89.5
-92.057
-93.947
-95.222
-95.92
-96.023
-95.535
-94.491
-92.936
-90.937
-88.577
-85.94
-83.119
-80.219
-77.348
-74.605
-72.055
-69.738
-67.663
-65.829
-64.243
-62.913
-61.853
-61.07
-60.56
-60.304
-60.277
-60.438
-60.749
-61.169
-61.652
-62.157
-62.656
-63.124
-63.552
-63.935
-64.264
-64.527
-64.709
-64.797
-64.776
-64.636
-64.366
-63.957
-63.403
-62.698
-61.839
-60.826
-59.656
-58.326
-56.833
-55.174
-53.349
-51.358
-49.205
-46.893
-44.429
-41.821
-39.078
-36.212
-33.234
-30.157
-26.992
-23.752
-20.451
-17.101
-13.718
-10.313
-6.903
-3.499
-0.118
3.227
6.522
9.751
12.901
15.958
18.909
21.739
24.436
26.988
29.384
31.613
33.666
35.533
37.206
38.68
39.948
41.005
41.848
42.475
42.885
43.078
43.054
42.816
42.364
41.703
40.835
39.764
38.495
37.032
35.38
33.546
31.535
29.357
27.017
24.526
21.892
19.125
16.235
13.234
10.133
6.944
3.679
0.352
-3.025
-6.44
-9.88
-13.332
-16.784
-20.226
-23.646
-27.033
-30.377
-33.669
-36.901
-40.061
-43.144
-46.139
-49.04
-51.838
-54.526
-57.097
-59.545
-61.864
-64.048
-66.092
-67.993
-69.745
-71.348
-72.798
-74.095
-75.239
-76.231
-77.072
-77.766
-78.316
-78.727
-79.003
-79.149
-79.172
-79.076
-78.868
-78.554
-78.14
-77.633
-77.038
-76.363
-75.615
-74.799
-73.924
-72.997
-72.026
-71.018
-69.982
-68.927
-67.859
-66.789
-65.725
-64.675
-63.647
-62.651
-61.693
-60.782
-59.922
-59.121
-58.383
-57.714
-57.116
-56.593
-56.149
-55.785
-55.503
-55.305
-55.192
-55.164
-55.223
-55.369
-55.601
-55.918
-56.32
-56.805
-57.371
-58.017
-58.738
-59.531
-60.391
-61.314
-62.294
-63.323
-64.395
-65.501
-66.634
-67.784
-68.942
-70.098
-71.245
-72.372
-73.471
-74.532
-75.546
-76.504
-77.398
-78.219
-78.957
-79.606
-80.156
-80.599
-80.928
-81.137
-81.217
-81.163
-80.969
-80.629
-80.139
-79.493
-78.688
-77.723
-76.594
-75.302
-73.848
-72.235
-70.465
-68.543
-66.476
-64.271
-61.935
-59.478
-56.91
-54.243
-51.488
-48.659
-45.77
-42.837
-39.875
-36.902
-33.936
-30.997
-28.106
-25.282
-22.545
-19.918
-17.419
-15.07
-12.89
-10.895
-9.105
-7.536
-6.205
-5.131
-4.328
-3.811
-3.592
-3.68
-4.083
-4.807
-5.849
-7.207
-8.877
-10.858
-13.15
-15.756
-18.671
-21.888
-25.395
-29.175
-33.2
-37.439
-41.845
-46.371
-50.972
-55.603
-60.23
-64.816
-69.322
-73.698
-77.888
-81.831
-85.479
-88.789
-91.721
-94.26
-96.415
-98.226
-99.765
-101.106
-102.304
-103.421
-104.53
-105.709
-107.057
-108.681
-110.653
-113.096
-116.176
-119.956
-124.407
-129.331
-134.298
-138.867
-142.662
-145.222
-146.041
-144.834
-141.559
-136.664
-131.121
-125.882
-121.693
-119.19
-118.935
-121.148
-125.49
-130.72
-134.667
-134.815
-128.676
-114.06
-88.913
-51.418
-0.561
63.595
139.894
224.633
312.1
397.149
473.877
539.812
597.019
643.398
675.597
686.422
661.531
594.813
486.499
341.284
176.16
7.462
-150.004
-279.141
-371.891
-426.264
-443.744
-432.162
-399.249
-351.616
-298.149
-248.714
-211.414
-190.748
-184.701
-185.194
-185.177
-181.146
-173.842
-168.189
-167.146
-170.671
-177.059
-182.668
-185.216
-184.588
-181.11
-175.609
-168.988
-161.549
-153.761
-146.555
-140.54
-135.995
-133.04
-131.463
-130.948
-131.282
-132.134
-133.018
-133.608
-133.72
-133.256
-132.274
-130.83
-128.946
-126.69
-124.155
-121.415
-118.529
-115.54
-112.464
-109.332
-106.203
-103.141
-100.211
-97.468
-94.945
-92.659
-90.619
-88.826
-87.27
-85.931
-84.785
-83.803
-82.963
-82.242
-81.617
-81.064
-80.555
-80.059
-79.545
-78.983
-78.347
-77.614
-76.764
-75.775
-74.632
-73.319
-71.824
-70.133
-68.236
-66.121
-63.776
-61.192
-58.362
-55.279
-51.94
-48.342
-44.483
-40.365
-35.992
-31.367
-26.498
-21.393
-16.062
-10.515
-4.767
1.169
7.276
13.538
19.937
26.455
33.071
39.766
46.519
53.309
60.116
66.916
73.691
80.419
87.08
93.655
100.125
106.472
112.679
118.73
124.609
130.303
135.797
141.078
146.136
150.96
155.541
159.871
163.944
167.755
171.3
174.576
177.582
180.317
182.782
184.979
186.911
188.58
189.993
191.154
192.07
192.747
193.195
193.421
193.433
193.241
192.854
192.281
191.531
190.613
189.536
188.31
186.944
185.447
183.828
182.098
180.264
178.335
176.321
174.231
172.071
169.851
167.578
165.259
162.902
160.512
158.098
155.665
153.219
150.765
148.309
145.856
143.41
140.975
138.554
136.151
133.769
131.412
129.082
126.783
124.519
122.292
120.107
117.966
115.872
113.831
111.843
109.913
108.044
106.237
104.498
102.828
101.23
99.706
98.26
96.894
95.609
94.407
93.289
92.256
91.309
90.448
89.674
88.986
88.384
87.869
87.439
87.094
86.832
86.652
86.549
86.522
86.565
86.674
86.844
87.068
87.341
87.655
88.005
88.382
88.779
89.188
89.601
90.01
90.405
90.778
91.119
91.42
91.673
91.869
92
92.061
92.043
91.942
91.75
91.461
91.071
90.574
89.967
89.244
88.405
87.447
86.371
85.178
83.872
82.455
80.934
79.315
77.606
75.815
73.948
72.015
70.022
67.98
65.898
63.785
61.652
59.513
57.381
55.273
53.206
51.194
49.251
47.392
45.628
43.972
42.436
41.026
39.753
38.627
37.661
36.874
36.279
35.88
35.675
35.656
35.804
36.106
36.543
37.088
37.723
38.437
39.226
40.107
41.093
42.185
43.376
44.642
45.957
47.316
48.714
50.151
51.641
53.194
54.825
56.575
58.461
60.473
62.577
64.703
66.759
68.683
70.425
71.95
73.236
74.238
74.913
75.232
75.145
74.609
73.575
71.958
69.695
66.77
63.186
59.002
54.315
49.191
43.692
37.88
31.804
25.532
19.151
12.721
6.311
-0.005
-6.153
-12.016
-17.484
-22.479
-26.926
-30.805
-34.129
-36.898
-39.124
-40.846
-42.095
-42.936
-43.451
-43.703
-43.776
-43.764
-43.774
-43.949
-44.413
-45.326
-46.901
-49.241
-52.322
-55.97
-59.776
-63.277
-66.099
-67.748
-67.652
-65.519
-61.358
-55.733
-49.845
-44.941
-42.084
-42.26
-46.28
-54.416
-66.198
-79.984
-92.984
-101.954
-103.585
-94.689
-72.383
-34.649
19.551
89.798
173.665
267.442
365.422
459.942
544.813
615.082
667.737
703.063
717.73
706.277
663.731
584.347
469.379
325.63
163.635
-1.147
-153.049
-276.86
-363.105
-411.079
-427.076
-422.128
-404.864
-377.856
-340.406
-293.922
-242.309
-193.768
-157.49
-134.457
-123.302
-120.677
-121.024
-124.647
-131.508
-139.568
-147.945
-153.563
-154.173
-149.918
-141.115
-128.901
-114.911
-100.538
-87.265
-76.3
-68.178
-63.003
-60.602
-60.624
-62.654
-66.159
-70.497
-75.164
-79.895
-84.568
-89.144
-93.556
-97.638
-101.242
-104.307
-106.788
-108.653
-109.882
-110.432
-110.295
-109.531
-108.22
-106.452
-104.312
-101.847
-99.09
-96.101
-92.952
-89.743
-86.587
-83.552
-80.682
-78.01
-75.552
-73.321
-71.321
-69.525
-67.893
-66.388
-64.981
-63.657
-62.406
-61.208
-60.034
-58.851
-57.615
-56.298
-54.881
-53.347
-51.682
-49.874
-47.918
-45.817
-43.582
-41.22
-38.733
-36.123
-33.387
-30.529
-27.554
-24.466
-21.274
-17.983
-14.6
-11.134
-7.592
-3.984
-0.317
3.401
7.164
10.964
14.79
18.632
22.478
26.316
30.135
33.921
37.662
41.345
44.959
48.492
51.932
55.268
58.491
61.589
64.552
67.37
70.034
72.534
74.862
77.009
78.97
80.736
82.3
83.659
84.807
85.741
86.457
86.952
87.227
87.28
87.112
86.723
86.116
85.295
84.261
83.021
81.578
79.94
78.112
76.102
73.918
71.567
69.059
66.401
63.605
60.679
57.636
54.484
51.236
47.904
44.499
41.034
37.52
33.971
30.398
26.814
23.23
19.658
16.11
12.598
9.132
5.722
2.378
-0.89
-4.073
-7.164
-10.154
-13.037
-15.807
-18.457
-20.984
-23.382
-25.647
-27.777
-29.769
-31.621
-33.332
-34.902
-36.331
-37.619
-38.769
-39.782
-40.661
-41.408
-42.029
-42.526
-42.904
-43.169
-43.324
-43.376
-43.331
-43.194
-42.971
-42.669
-42.293
-41.851
-41.348
-40.791
-40.186
-39.539
-38.856
-38.143
-37.406
-36.651
-35.883
-35.108
-34.331
-33.557
-32.791
-32.038
-31.301
-30.585
-29.894
-29.23
-28.598
-27.999
-27.437
-26.915
-26.433
-25.993
-25.598
-25.249
-24.945
-24.688
-24.477
-24.312
-24.193
-24.12
-24.09
-24.102
-24.156
-24.248
-24.377
-24.54
-24.734
-24.956
-25.201
-25.467
-25.749
-26.043
-26.343
-26.646
-26.945
-27.237
-27.515
-27.776
-28.012
-28.22
-28.393
-28.527
-28.615
-28.654
-28.636
-28.558
-28.416
-28.204
-27.919
-27.559
-27.119
-26.597
-25.992
-25.301
-24.525
-23.662
-22.712
-21.678
-20.56
-19.362
-18.087
-16.74
-15.326
-13.851
-12.323
-10.75
-9.141
-7.503
-5.848
-4.186
-2.528
-0.888
0.723
2.292
3.804
5.243
6.593
7.839
8.964
9.952
10.788
11.456
11.941
12.233
12.322
12.196
11.846
11.262
10.434
9.356
8.022
6.43
4.575
2.457
0.08
-2.545
-5.408
-8.499
-11.81
-15.342
-19.09
-23.04
-27.181
-31.497
-35.963
-40.557
-45.242
-49.965
-54.679
-59.334
-63.89
-68.317
-72.578
-76.626
-80.417
-83.89
-87.002
-89.73
-92.037
-93.897
-95.319
-96.324
-96.97
-97.36
-97.56
-97.639
-97.686
-97.778
-98.03
-98.552
-99.401
-100.661
-102.439
-104.782
-107.705
-111.071
-114.504
-117.629
-120.151
-121.692
-121.84
-120.255
-116.74
-111.596
-105.673
-99.793
-94.465
-90.248
-87.954
-88.303
-91.629
-96.03
-97.591
-93.402
-81.994
-65.583
-48.406
-29.767
-5.192
33.023
93.953
178.425
280.085
389.832
495.387
586.436
656.22
695.905
696.206
652.362
562.027
430.949
275.329
112.964
-35.91
-155.295
-240.961
-295.998
-331.261
-357.816
-379.477
-394.727
-397.346
-383.548
-355.732
-319.228
-280.705
-244.574
-212.165
-184.429
-162.608
-147.379
-138.521
-135.008
-135.244
-137.991
-142.642
-148.117
-152.656
-155.125
-155.121
-152.781
-148.874
-144.002
-138.421
-132.752
-127.983
-124.724
-123.239
-123.462
-124.935
-127.266
-130.21
-133.416
-136.453
-139.022
-140.94
-142.118
-142.598
-142.427
-141.622
-140.232
-138.349
-136.053
-133.44
-130.628
-127.711
-124.779
-121.926
-119.207
-116.658
-114.311
-112.18
-110.274
-108.611
-107.192
-106.007
-105.056
-104.33
-103.806
-103.457
-103.232
-103.074
-102.944
-102.805
-102.629
-102.397
-102.088
-101.691
-101.203
-100.618
-99.93
-99.132
-98.213
-97.162
-95.976
-94.651
-93.188
-91.591
-89.859
-87.995
-86.003
-83.885
-81.644
-79.283
-76.803
-74.205
-71.495
-68.68
-65.768
-62.768
-59.691
-56.547
-53.349
-50.11
-46.842
-43.558
-40.268
-36.987
-33.725
-30.495
-27.31
-24.181
-21.119
-18.135
-15.241
-12.447
-9.762
-7.197
-4.758
-2.454
-0.293
1.719
3.576
5.273
6.806
8.171
9.365
10.386
11.231
11.901
12.394
12.713
12.858
12.832
12.637
12.278
11.757
11.079
10.248
9.269
8.146
6.886
5.493
3.972
2.33
0.572
-1.296
-3.269
-5.34
-7.503
-9.753
-12.084
-14.489
-16.962
-19.498
-22.09
-24.732
-27.418
-30.142
-32.898
-35.68
-38.481
-41.297
-44.12
-46.946
-49.768
-52.581
-55.379
-58.157
-60.907
-63.625
-66.304
-68.939
-71.523
-74.051
-76.516
-78.911
-81.23
-83.466
-85.614
-87.665
-89.613
-91.453
-93.176
-94.777
-96.249
-97.587
-98.784
-99.835
-100.735
-101.478
-102.061
-102.479
-102.728
-102.806
-102.71
-102.438
-101.988
-101.361
-100.556
-99.573
-98.415
-97.084
-95.581
-93.912
-92.081
-90.093
-87.954
-85.672
-83.254
-80.71
-78.048
-75.279
-72.414
-69.463
-66.438
-63.351
-60.215
-57.04
-53.841
-50.629
-47.416
-44.216
-41.039
-37.897
-34.802
-31.764
-28.793
-25.898
-23.088
-20.371
-17.754
-15.242
-12.842
-10.557
-8.391
-6.346
-4.422
-2.62
-0.937
0.629
2.082
3.428
4.672
5.823
6.888
7.877
8.8
9.668
10.49
11.279
12.047
12.806
13.567
14.344
15.148
15.992
16.887
17.844
18.876
19.991
21.199
22.51
23.931
25.471
27.135
28.93
30.859
32.927
35.135
37.485
39.974
42.601
45.362
48.251
51.262
54.388
57.617
60.941
64.345
67.819
71.348
74.919
78.515
82.119
85.714
89.283
92.808
96.269
99.647
102.92
106.065
109.06
111.885
114.52
116.947
119.149
121.11
122.816
124.256
125.421
126.303
126.894
127.185
127.168
126.842
126.212
125.291
124.094
122.633
120.914
118.946
116.73
114.271
111.579
108.655
105.498
102.118
98.529
94.768
90.896
86.959
82.986
78.99
74.97
70.961
67.037
63.288
59.799
56.628
53.783
51.322
49.364
47.958
47.036
46.363
45.613
44.625
43.471
42.265
40.983
39.57
38.047
36.776
36.321
36.976
38.634
40.862
43.339
45.973
48.702
51.047
52.209
51.536
48.633
43.641
36.794
28.03
17.31
5.068
-7.842
-20.256
-30.637
-37.667
-40.06
-36.049
-23.823
-1.799
31.449
76.586
133.423
201.547
279.939
366.424
456.925
545.449
625.61
692.696
746.516
788.797
819.285
834.308
822.529
772.22
677.832
539.327
369.957
189.733
18.077
-123.232
-221.795
-277.161
-293.027
-281.521
-255.175
-217.093
-172.22
-125.119
-78.199
-41.217
-18.137
-5.615
-1.819
-0.46
1.068
-1.164
-7.892
-19.194
-33.581
-46.05
-53.989
-57.095
-55.354
-49.791
-41.501
-31.119
-19.749
-8.948
0.36
7.822
13.315
17.103
19.479
20.625
20.904
20.817
20.662
20.568
20.571
20.57
20.503
20.385
20.204
19.957
19.686
19.431
19.225
19.105
19.091
19.183
19.4
19.764
20.278
20.946
21.771
22.755
23.907
25.222
26.671
28.203
29.749
31.261
32.713
34.092
35.392
36.601
37.706
38.695
39.575
40.353
41.034
41.621
42.113
42.519
42.864
43.186
43.526
43.916
44.379
44.93
45.583
46.35
47.243
48.266
49.416
50.691
52.092
53.62
55.279
57.068
58.981
61.007
63.139
65.366
67.68
70.075
72.541
75.068
77.648
80.276
82.944
85.645
88.367
91.101
93.832
96.549
99.24
101.891
104.489
107.022
109.477
111.843
114.11
116.266
118.303
120.209
121.976
123.595
125.059
126.358
127.487
128.439
129.209
129.791
130.182
130.377
130.374
130.17
129.765
129.157
128.346
127.334
126.121
124.712
123.109
121.317
119.341
117.189
114.867
112.383
109.745
106.962
104.042
100.997
97.834
94.564
91.198
87.745
84.218
80.627
76.983
73.298
69.582
65.849
62.108
58.371
54.649
50.954
47.296
43.685
40.132
36.647
33.238
29.915
26.685
23.555
20.533
17.623
14.831
12.162
9.618
7.203
4.919
2.769
0.754
-1.125
-2.868
-4.476
-5.948
-7.287
-8.495
-9.572
-10.523
-11.351
-12.058
-12.65
-13.13
-13.504
-13.775
-13.95
-14.034
-14.033
-13.953
-13.8
-13.581
-13.3
-12.965
-12.58
-12.152
-11.685
-11.186
-10.658
-10.108
-9.541
-8.961
-8.373
-7.782
-7.194
-6.612
-6.042
-5.488
-4.954
-4.445
-3.964
-3.515
-3.103
-2.73
-2.4
-2.116
-1.882
-1.699
-1.57
-1.496
-1.48
-1.523
-1.624
-1.787
-2.01
-2.294
-2.639
-3.046
-3.514
-4.043
-4.632
-5.279
-5.983
-6.741
-7.55
-8.407
-9.309
-10.25
-11.226
-12.231
-13.261
-14.309
-15.368
-16.433
-17.495
-18.548
-19.583
-20.593
-21.569
-22.504
-23.389
-24.216
-24.977
-25.665
-26.272
-26.792
-27.217
-27.541
-27.758
-27.861
-27.845
-27.706
-27.437
-27.037
-26.502
-25.831
-25.025
-24.082
-23.006
-21.799
-20.464
-19.007
-17.434
-15.751
-13.967
-12.091
-10.135
-8.11
-6.029
-3.907
-1.759
0.396
2.541
4.657
6.725
8.724
10.636
12.44
14.117
15.65
17.023
18.219
19.222
20.014
20.579
20.903
20.972
20.776
20.305
19.549
18.505
17.173
15.557
13.658
11.478
9.008
6.243
3.186
-0.155
-3.77
-7.637
-11.734
-16.029
-20.47
-25.006
-29.587
-34.162
-38.7
-43.165
-47.51
-51.684
-55.618
-59.245
-62.526
-65.424
-67.907
-69.977
-71.651
-72.977
-74.053
-74.966
-75.801
-76.657
-77.612
-78.762
-80.221
-82.073
-84.452
-87.53
-91.375
-95.982
-101.219
-106.728
-112.112
-117.006
-120.897
-123.229
-123.621
-121.865
-118.231
-113.517
-108.594
-104.254
-101.196
-100.039
-101.188
-104.627
-109.439
-113.713
-114.946
-110.545
-98.292
-75.898
-41.201
7.285
70.288
146.064
229.891
316.857
402.054
482.301
558.537
629.788
691.072
734.586
747.076
716.72
641.023
522.505
370.206
201.765
32.183
-122.026
-242.33
-324.132
-369.353
-384.487
-384.294
-373.94
-350.724
-316.527
-273.339
-227.98
-194.168
-176.08
-169.466
-170.117
-170.278
-167.042
-164.572
-163.989
-165.223
-167.706
-168.205
-164.942
-158.152
-148.269
-136.311
-123.754
-111.917
-101.623
-93.46
-87.806
-84.586
-83.665
-84.888
-87.755
-91.632
-96.068
-100.675
-105.147
-109.363
-113.203
-116.532
-119.313
-121.527
-123.115
-124.049
-124.312
-123.878
-122.77
-121.042
-118.749
-115.974
-112.834
-109.442
-105.924
-102.402
-98.954
-95.638
-92.505
-89.592
-86.939
-84.572
-82.492
-80.688
-79.149
-77.86
-76.805
-75.962
-75.288
-74.741
-74.274
-73.84
-73.406
-72.945
-72.435
-71.856
-71.193
-70.434
-69.572
-68.61
-67.541
-66.361
-65.063
-63.64
-62.091
-60.418
-58.622
-56.706
-54.673
-52.525
-50.266
-47.902
-45.436
-42.872
-40.214
-37.467
-34.635
-31.727
-28.751
-25.718
-22.638
-19.522
-16.38
-13.226
-10.069
-6.922
-3.796
-0.701
2.352
5.353
8.291
11.155
13.935
16.62
19.2
21.666
24.007
26.216
28.282
30.199
31.959
33.558
34.99
36.25
37.337
38.247
38.978
39.529
39.902
40.095
40.11
39.948
39.613
39.106
38.432
37.593
36.593
35.438
34.13
32.676
31.079
29.347
27.484
25.497
23.394
21.181
18.868
16.463
13.976
11.416
8.792
6.116
3.397
0.644
-2.132
-4.922
-7.716
-10.507
-13.284
-16.039
-18.764
-21.451
-24.092
-26.678
-29.204
-31.66
-34.04
-36.338
-38.547
-40.659
-42.669
-44.572
-46.36
-48.03
-49.577
-50.997
-52.288
-53.445
-54.47
-55.359
-56.114
-56.736
-57.225
-57.585
-57.816
-57.923
-57.908
-57.775
-57.528
-57.17
-56.708
-56.144
-55.485
-54.734
-53.898
-52.982
-51.993
-50.937
-49.82
-48.65
-47.434
-46.18
-44.896
-43.591
-42.273
-40.95
-39.631
-38.325
-37.039
-35.782
-34.561
-33.384
-32.257
-31.188
-30.183
-29.247
-28.386
-27.605
-26.909
-26.302
-25.789
-25.374
-25.061
-24.853
-24.754
-24.765
-24.889
-25.128
-25.481
-25.95
-26.533
-27.23
-28.037
-28.952
-29.972
-31.091
-32.304
-33.606
-34.99
-36.447
-37.97
-39.549
-41.176
-42.841
-44.532
-46.241
-47.956
-49.666
-51.36
-53.027
-54.655
-56.232
-57.746
-59.185
-60.536
-61.787
-62.925
-63.94
-64.818
-65.55
-66.126
-66.536
-66.771
-66.824
-66.688
-66.355
-65.823
-65.086
-64.141
-62.987
-61.625
-60.056
-58.283
-56.311
-54.144
-51.79
-49.257
-46.555
-43.695
-40.686
-37.543
-34.279
-30.91
-27.452
-23.922
-20.34
-16.725
-13.099
-9.485
-5.905
-2.382
1.062
4.404
7.623
10.697
13.607
16.337
18.869
21.187
23.274
25.113
26.692
28.001
29.03
29.773
30.226
30.387
30.264
29.862
29.19
28.252
27.043
25.565
23.824
21.832
19.603
17.163
14.537
11.761
8.888
5.967
3.049
0.18
-2.61
-5.283
-7.794
-10.094
-12.114
-13.795
-15.096
-15.976
-16.403
-16.381
-15.928
-15.09
-13.965
-12.628
-11.157
-9.656
-8.203
-6.907
-5.893
-5.238
-5.052
-5.482
-6.57
-8.301
-10.543
-12.907
-14.962
-16.385
-16.771
-15.711
-12.987
-8.484
-2.513
4.022
10.125
15.08
18.488
19.945
19.091
15.894
11.071
7.673
10.383
22.291
44.626
74.727
107.34
142.24
182.909
236.119
310.436
405.3
513.381
626.047
730.934
818.915
883.932
913.085
894.607
822.942
695.595
524.786
333.841
144.257
-19.407
-139.44
-214.057
-247.043
-251.522
-244.83
-233.939
-221.009
-204.114
-178.226
-144.711
-108.72
-75.288
-49.553
-33.667
-26.986
-28.285
-35.416
-45.848
-57.096
-66.872
-73.694
-76.612
-75.296
-70.022
-61.426
-50.567
-38.863
-27.699
-17.991
-10.358
-5.099
-2.161
-1.399
-2.505
-4.941
-8.124
-11.621
-15.108
-18.39
-21.386
-24.01
-26.208
-27.993
-29.398
-30.434
-31.083
-31.287
-30.997
-30.212
-28.959
-27.293
-25.279
-22.992
-20.525
-17.983
-15.474
-13.078
-10.843
-8.795
-6.951
-5.324
-3.932
-2.798
-1.922
-1.301
-0.928
-0.787
-0.865
-1.139
-1.572
-2.117
-2.722
-3.347
-3.963
-4.552
-5.095
-5.575
-5.978
-6.29
-6.506
-6.62
-6.622
-6.499
-6.241
-5.838
-5.287
-4.59
-3.749
-2.765
-1.638
-0.371
1.034
2.576
4.251
6.057
7.995
10.06
12.245
14.542
16.941
19.431
22
24.635
27.322
30.046
32.792
35.545
38.29
41.013
43.697
46.325
48.883
51.353
53.72
55.968
58.083
60.049
61.854
63.484
64.928
66.175
67.214
68.037
68.636
69.003
69.131
69.016
68.652
68.038
67.171
66.05
64.678
63.056
61.187
59.076
56.73
54.154
51.357
48.348
45.138
41.737
38.159
34.416
30.522
26.493
22.344
18.09
13.747
9.333
4.863
0.354
-4.177
-8.713
-13.24
-17.739
-22.195
-26.593
-30.918
-35.154
-39.289
-43.308
-47.201
-50.954
-54.557
-58.002
-61.277
-64.376
-67.292
-70.018
-72.55
-74.885
-77.019
-78.953
-80.685
-82.218
-83.552
-84.691
-85.64
-86.401
-86.98
-87.384
-87.618
-87.69
-87.607
-87.376
-87.008
-86.51
-85.891
-85.161
-84.33
-83.407
-82.401
-81.324
-80.184
-78.991
-77.755
-76.486
-75.193
-73.885
-72.573
-71.263
-69.965
-68.687
-67.435
-66.216
-65.038
-63.905
-62.824
-61.8
-60.838
-59.944
-59.122
-58.376
-57.711
-57.131
-56.638
-56.236
-55.928
-55.717
-55.603
-55.589
-55.677
-55.865
-56.157
-56.55
-57.044
-57.637
-58.328
-59.115
-59.993
-60.961
-62.013
-63.145
-64.354
-65.633
-66.978
-68.382
-69.84
-71.343
-72.885
-74.458
-76.052
-77.659
-79.268
-80.87
-82.453
-84.008
-85.522
-86.986
-88.386
-89.713
-90.953
-92.096
-93.132
-94.048
-94.835
-95.484
-95.985
-96.331
-96.514
-96.529
-96.371
-96.035
-95.517
-94.816
-93.929
-92.857
-91.599
-90.159
-88.539
-86.744
-84.78
-82.655
-80.378
-77.959
-75.409
-72.743
-69.973
-67.115
-64.185
-61.201
-58.181
-55.145
-52.111
-49.101
-46.135
-43.236
-40.427
-37.729
-35.164
-32.753
-30.516
-28.473
-26.64
-25.031
-23.66
-22.537
-21.674
-21.08
-20.766
-20.737
-20.997
-21.547
-22.386
-23.513
-24.919
-26.589
-28.509
-30.662
-33.037
-35.63
-38.431
-41.425
-44.593
-47.912
-51.352
-54.882
-58.457
-62.021
-65.517
-68.889
-72.092
-75.091
-77.845
-80.311
-82.434
-84.144
-85.391
-86.138
-86.347
-86.001
-85.112
-83.702
-81.836
-79.612
-77.105
-74.405
-71.612
-68.811
-66.116
-63.633
-61.457
-59.729
-58.627
-58.232
-58.499
-59.222
-59.995
-60.412
-60.141
-58.749
-55.667
-50.512
-43.333
-34.645
-25.472
-16.865
-9.41
-3.626
-0.354
-0.078
-2.348
-5.779
-7.966
-6.226
1.536
17.42
44.189
84.525
138.619
203.958
277.355
354.691
435.633
523.521
615.891
706.053
780.561
818.742
808.856
750.072
652.388
536.036
415.864
296.066
172.398
39.709
-98.848
-228.568
-326.996
-380.307
-386.801
-356.546
-309.837
-260.48
-214.708
-174.079
-134.56
-95.467
-59.873
-30.93
-11.773
-2.889
-2.221
-7.045
-14.52
-22.422
-28.826
-32.067
-31.418
-26.765
-18.576
-8.017
3.7
15.438
25.888
34.13
39.8
42.772
43.278
41.829
38.927
35.186
31.308
27.713
24.614
22.135
20.273
19.054
18.536
18.684
19.422
20.698
22.469
24.712
27.4
30.437
33.681
36.971
40.169
43.197
46.004
48.55
50.796
52.695
54.223
55.391
56.213
56.699
56.859
56.697
56.238
55.532
54.64
53.629
52.554
51.451
50.352
49.283
48.269
47.331
46.482
45.725
45.066
44.517
44.09
43.802
43.662
43.673
43.836
44.152
44.62
45.243
46.02
46.95
48.03
49.26
50.641
52.171
53.85
55.669
57.622
59.701
61.894
64.192
66.582
69.051
71.587
74.176
76.804
79.459
82.127
84.793
87.444
90.066
92.643
95.163
97.609
99.97
102.23
104.378
106.402
108.289
110.029
111.611
113.027
114.266
115.322
116.187
116.854
117.318
117.573
117.618
117.448
117.063
116.461
115.643
114.609
113.362
111.904
110.239
108.369
106.301
104.039
101.59
98.962
96.163
93.203
90.09
86.835
83.45
79.946
76.335
72.629
68.841
64.985
61.075
57.125
53.15
49.164
45.183
41.22
37.291
33.409
29.589
25.845
22.191
18.638
15.201
11.891
8.722
5.704
2.848
0.164
-2.339
-4.653
-6.77
-8.685
-10.393
-11.89
-13.173
-14.241
-15.091
-15.725
-16.143
-16.348
-16.344
-16.135
-15.727
-15.127
-14.344
-13.387
-12.265
-10.988
-9.567
-8.014
-6.341
-4.56
-2.684
-0.727
1.297
3.374
5.49
7.628
9.775
11.917
14.04
16.129
18.172
20.157
22.071
23.902
25.639
27.272
28.79
30.184
31.445
32.567
33.542
34.366
35.034
35.546
35.898
36.09
36.123
35.997
35.713
35.274
34.682
33.942
33.059
32.037
30.885
29.609
28.219
26.723
25.131
23.451
21.694
19.868
17.984
16.053
14.084
12.091
10.083
8.074
6.075
4.1
2.161
0.27
-1.56
-3.321
-5.001
-6.594
-8.092
-9.487
-10.773
-11.945
-12.995
-13.917
-14.703
-15.344
-15.832
-16.16
-16.324
-16.321
-16.146
-15.799
-15.278
-14.587
-13.727
-12.697
-11.495
-10.114
-8.55
-6.811
-4.906
-2.853
-0.678
1.599
3.954
6.355
8.781
11.217
13.658
16.117
18.607
21.129
23.673
26.216
28.733
31.217
33.669
36.088
38.491
40.892
43.309
45.786
48.35
50.993
53.689
56.37
58.949
61.371
63.594
65.59
67.341
68.812
69.962
70.77
71.199
71.209
70.749
69.729
68.071
65.754
62.792
59.248
55.223
50.789
46.009
40.954
35.697
30.318
24.9
19.496
14.156
8.951
3.974
-0.646
-4.771
-8.322
-11.262
-13.593
-15.359
-16.598
-17.354
-17.706
-17.755
-17.609
-17.383
-17.179
-17.085
-17.221
-17.707
-18.71
-20.467
-23.093
-26.581
-30.799
-35.401
-40.035
-44.417
-48.126
-50.622
-51.564
-50.79
-48.538
-45.643
-42.853
-40.779
-40.106
-41.351
-44.796
-50.446
-57.432
-63.873
-67.755
-66.765
-58.494
-41.013
-12.245
29.569
84.956
153.584
233.06
318.305
404.436
486.53
562.31
633.584
698.497
751.869
783.245
777.259
726.846
633.184
504.826
356.764
199.915
42.928
-103.787
-229.744
-323.613
-377.285
-392.665
-378.57
-346.366
-308.907
-272.827
-240.53
-213.342
-187.668
-162.354
-137.987
-114.636
-96.474
-85.337
-80.754
-82.775
-88.47
-95.552
-103.038
-108.796
-111.957
-112.622
-110.61
-106.429
-100.961
-94.644
-88.194
-82.753
-78.855
-76.633
-76.107
-76.876
-78.519
-80.802
-83.312
-85.542
-87.231
-88.226
-88.466
-88.041
-86.965
-85.219
-82.876
-80.03
-76.787
-73.279
-69.586
-65.767
-61.914
-58.112
-54.441
-50.97
-47.717
-44.686
-41.888
-39.335
-37.052
-35.053
-33.329
-31.866
-30.64
-29.614
-28.758
-28.043
-27.424
-26.87
-26.349
-25.837
-25.324
-24.805
-24.272
-23.715
-23.123
-22.481
-21.782
-21.018
-20.181
-19.264
-18.263
-17.171
-15.989
-14.715
-13.345
-11.878
-10.308
-8.632
-6.847
-4.951
-2.943
-0.824
1.405
3.74
6.177
8.711
11.335
14.044
16.832
19.69
22.611
25.588
28.612
31.674
34.766
37.878
41.003
44.13
47.25
50.355
53.435
56.481
59.483
62.434
65.323
68.142
70.882
73.534
76.091
78.544
80.884
83.105
85.198
87.155
88.971
90.638
92.15
93.502
94.69
95.708
96.554
97.223
97.713
98.022
98.149
98.092
97.85
97.425
96.817
96.027
95.058
93.914
92.597
91.111
89.464
87.66
85.705
83.609
81.378
79.022
76.55
73.974
71.304
68.552
65.73
62.851
59.927
56.973
54.001
51.025
48.058
45.114
42.207
39.348
36.552
33.83
31.196
28.66
26.234
23.928
21.752
19.716
17.827
16.092
14.519
13.111
11.873
10.808
9.919
9.207
8.672
8.312
8.124
8.106
8.253
8.558
9.016
9.619
10.357
11.223
12.206
13.295
14.48
15.749
17.089
18.486
19.929
21.401
22.889
24.378
25.853
27.299
28.701
30.045
31.318
32.506
33.597
34.578
35.438
36.165
36.751
37.184
37.457
37.562
37.492
37.243
36.808
36.186
35.373
34.368
33.17
31.779
30.197
28.424
26.463
24.318
21.994
19.499
16.839
14.024
11.066
7.976
4.768
1.458
-1.943
-5.418
-8.953
-12.534
-16.147
-19.779
-23.418
-27.048
-30.656
-34.226
-37.739
-41.179
-44.53
-47.774
-50.892
-53.871
-56.695
-59.352
-61.836
-64.134
-66.235
-68.124
-69.785
-71.205
-72.379
-73.302
-73.974
-74.406
-74.611
-74.617
-74.458
-74.152
-73.715
-73.154
-72.46
-71.629
-70.659
-69.538
-68.272
-66.865
-65.314
-63.63
-61.815
-59.855
-57.729
-55.391
-52.788
-49.896
-46.713
-43.253
-39.566
-35.708
-31.748
-27.784
-23.889
-20.127
-16.561
-13.234
-10.188
-7.495
-5.23
-3.49
-2.395
-2.021
-2.42
-3.627
-5.621
-8.367
-11.801
-15.82
-20.341
-25.306
-30.656
-36.355
-42.37
-48.634
-55.076
-61.605
-68.09
-74.424
-80.516
-86.281
-91.679
-96.692
-101.317
-105.585
-109.512
-113.088
-116.308
-119.159
-121.618
-123.699
-125.445
-126.922
-128.254
-129.568
-130.966
-132.565
-134.476
-136.796
-139.631
-143.07
-147.158
-151.991
-157.703
-164.334
-171.847
-180.044
-188.497
-196.748
-204.39
-210.923
-215.799
-218.667
-219.375
-218.22
-216.027
-213.674
-211.851
-211.176
-212.222
-215.239
-220.019
-225.56
-229.909
-230.652
-225.502
-212.477
-189.45
-154.573
-106.777
-45.622
26.837
105.605
185.907
263.023
334.152
401.022
463.071
515.288
549.551
552.07
510.914
423.928
293.816
130.05
-49.108
-228.58
-390.713
-516.563
-602.738
-649.036
-661.468
-655.567
-634.743
-603.285
-568.796
-531.971
-501.234
-481.289
-467.171
-457.243
-447.12
-434.789
-425.118
-420.268
-420.857
-426.03
-431.981
-436.028
-437.023
-434.614
-429.302
-421.616
-412.16
-401.719
-391.203
-381.73
-374.075
-368.525
-365.189
-363.919
-364.398
-366.335
-369.284
-372.667
-376.116
-379.429
-382.478
-385.24
-387.649
-389.588
-391
-391.889
-392.263
-392.135
-391.511
-390.386
-388.802
-386.843
-384.617
-382.237
-379.783
-377.322
-374.917
-372.637
-370.571
-368.79
-367.341
-366.249
-365.516
-365.13
-365.069
-365.301
-365.771
-366.424
-367.193
-368.007
-368.798
-369.491
-370.016
-370.321
-370.371
-370.143
-369.627
-368.812
-367.686
-366.29
-364.699
-363.003
-361.303
-359.655
-358.061
-356.57
-355.291
-354.259
-353.461
-352.714
-351.627
-349.987
-347.773
-344.976
-341.626
-337.759
-333.337
-328.672
-324.421
-320.769
-317.53
-314.183
-309.792
-303.566
-294.818
-282.449
-265.241
-242.64
-214.481
-181.325
-144.38
-104.543
-62.94
-21.057
19.826
58.764
94.983
128.4
159.229
187.263
212.822
236.348
257.945
277.839
296.186
312.779
327.572
340.77
352.12
361.472
368.931
374.433
378.112
380.235
380.9
380.24
378.633
376.388
373.761
371.025
368.279
365.592
363.073
360.764
358.653
356.711
354.888
353.144
351.466
349.833
348.21
346.533
344.721
342.699
340.385
337.722
334.683
331.249
327.429
323.251
318.75
313.973
308.979
303.815
298.529
293.166
287.764
282.371
277.041
271.829
266.79
261.969
257.394
253.087
249.062
245.322
241.867
238.688
235.771
233.103
230.674
228.472
226.491
224.719
223.141
221.743
220.508
219.42
218.464
217.627
216.894
216.252
215.688
215.191
214.751
214.356
213.992
213.647
213.305
212.954
212.581
212.171
211.713
211.195
210.605
209.934
209.174
208.315
207.352
206.275
205.08
203.761
202.314
200.736
199.023
197.173
195.184
193.055
190.785
188.376
185.827
183.139
180.315
177.357
174.268
171.05
167.709
164.249
160.676
156.994
153.212
149.335
145.372
141.332
137.222
133.054
128.837
124.58
120.296
115.995
111.688
107.388
103.107
98.855
94.646
90.492
86.405
82.397
78.481
74.668
70.97
67.401
63.971
60.693
57.577
54.634
51.874
49.308
46.946
44.795
42.865
41.162
39.693
38.465
37.481
36.745
36.259
36.025
36.041
36.306
36.817
37.569
38.557
39.773
41.209
42.856
44.702
46.735
48.941
51.307
53.816
56.45
59.19
62.016
64.905
67.836
70.785
73.728
76.642
79.502
82.286
84.974
87.542
89.969
92.233
94.31
96.178
97.816
99.203
100.323
101.159
101.698
101.935
101.864
101.482
100.781
99.748
98.372
96.645
94.567
92.14
89.375
86.295
82.932
79.335
75.555
71.641
67.639
63.581
59.502
55.441
51.451
47.592
43.928
40.509
37.374
34.563
32.083
29.909
27.976
26.175
24.393
22.551
20.566
18.352
15.818
12.846
9.313
5.134
0.185
-5.699
-12.57
-20.366
-28.824
-37.404
-45.504
-52.604
-58.125
-61.456
-62.285
-60.613
-56.961
-52.488
-48.372
-45.482
-44.534
-46.125
-50.316
-56.482
-63.055
-67.37
-66.391
-57.423
-38.162
-6.296
39.913
101.141
177.204
265.295
359.634
454.515
544.06
624.646
698.474
766.568
826.512
871.634
885.378
851.925
763.608
620.154
436.768
236.694
43.115
-120.953
-242.98
-319.352
-353.67
-354.77
-328.56
-283.189
-226.287
-167.408
-121.978
-97.307
-94.424
-107.604
-122.586
-131.982
-134.082
-130.583
-128.181
-128.835
-131.178
-133.805
-133.566
-129.397
-122.357
-113.275
-103.564
-94.787
-87.494
-82.009
-78.725
-77.569
-78.395
-81.078
-85.141
-89.923
-94.951
-99.839
-104.279
-108.18
-111.459
-114.011
-115.839
-116.956
-117.369
-117.094
-116.11
-114.388
-111.934
-108.795
-105.054
-100.839
-96.303
-91.586
-86.818
-82.097
-77.486
-73.035
-68.775
-64.726
-60.896
-57.292
-53.928
-50.821
-47.987
-45.428
-43.131
-41.063
-39.183
-37.453
-35.834
-34.299
-32.828
-31.408
-30.028
-28.687
-27.388
-26.13
-24.908
-23.713
-22.532
-21.353
-20.169
-18.971
-17.756
-16.517
-15.251
-13.952
-12.617
-11.239
-9.813
-8.331
-6.782
-5.161
-3.461
-1.678
0.192
2.15
4.196
6.33
8.549
10.851
13.231
15.687
18.214
20.807
23.461
26.168
28.923
31.718
34.544
37.392
40.253
43.115
45.969
48.801
51.602
54.358
57.057
59.688
62.238
64.696
67.049
69.287
71.398
73.37
75.194
76.859
78.356
79.677
80.815
81.762
82.514
83.065
83.412
83.552
83.482
83.202
82.709
82.006
81.093
79.972
78.648
77.124
75.408
73.505
71.424
69.174
66.764
64.206
61.512
58.692
55.761
52.733
49.62
46.438
43.201
39.924
36.623
33.312
30.006
26.72
23.467
20.261
17.116
14.044
11.057
8.167
5.386
2.722
0.188
-2.21
-4.463
-6.563
-8.505
-10.284
-11.896
-13.338
-14.608
-15.706
-16.632
-17.387
-17.973
-18.393
-18.652
-18.753
-18.704
-18.51
-18.178
-17.717
-17.135
-16.439
-15.639
-14.744
-13.763
-12.706
-11.582
-10.4
-9.171
-7.905
-6.61
-5.297
-3.975
-2.654
-1.342
-0.049
1.218
2.451
3.642
4.785
5.874
6.903
7.866
8.759
9.577
10.318
10.977
11.554
12.046
12.452
12.773
13.008
13.159
13.225
13.21
13.115
12.942
12.695
12.376
11.991
11.544
11.039
10.483
9.882
9.242
8.571
7.875
7.163
6.442
5.72
5.005
4.307
3.634
2.996
2.402
1.863
1.388
0.988
0.672
0.45
0.332
0.327
0.444
0.691
1.078
1.614
2.305
3.159
4.184
5.387
6.772
8.346
10.112
12.072
14.229
16.584
19.136
21.886
24.83
27.966
31.288
34.793
38.472
42.317
46.316
50.459
54.731
59.118
63.601
68.162
72.781
77.438
82.111
86.779
91.416
96
100.507
104.912
109.19
113.316
117.263
121.006
124.518
127.776
130.757
133.437
135.794
137.807
139.457
140.733
141.621
142.109
142.185
141.834
141.051
139.838
138.199
136.14
133.673
130.815
127.591
124.043
120.212
116.137
111.854
107.393
102.79
98.086
93.328
88.567
83.848
79.204
74.669
70.283
66.068
62.035
58.177
54.443
50.776
47.126
43.441
39.691
35.858
31.899
27.762
23.39
18.713
13.687
8.296
2.479
-3.841
-10.651
-17.834
-25.07
-31.846
-37.665
-42.117
-44.745
-45.066
-42.755
-37.719
-30.355
-21.616
-12.522
-3.934
3.313
8.429
10.948
10.866
9.149
7.872
9.428
16.185
30.738
55.715
93.318
145.376
211.143
286.677
367.93
450.463
531.68
613.219
694.007
768.077
825.748
851.102
830.462
760.833
646.321
497.657
330.453
157.29
-9.229
-152.606
-260.155
-325.208
-348.575
-342.528
-322.129
-296.325
-269.378
-239.973
-204.286
-163.751
-122.087
-83.402
-52.901
-32.391
-21.009
-17.631
-20.136
-26.123
-34.092
-42.359
-48.655
-51.774
-51.343
-47.283
-40.351
-31.658
-21.954
-12.238
-3.856
2.511
6.608
8.362
8.222
6.728
4.26
1.372
-1.337
-3.567
-5.127
-5.917
-5.997
-5.36
-3.983
-1.935
0.714
3.915
7.596
11.699
16.145
20.78
25.462
30.069
34.508
38.737
42.721
46.422
49.814
52.875
55.597
57.988
60.046
61.764
63.153
64.232
65.044
65.656
66.12
66.482
66.777
67.031
67.265
67.501
67.752
68.023
68.321
68.656
69.041
69.495
70.031
70.661
71.391
72.223
73.163
74.217
75.387
76.68
78.097
79.643
81.323
83.145
85.11
87.221
89.477
91.874
94.409
97.077
99.871
102.782
105.804
108.926
112.139
115.433
118.799
122.225
125.7
129.214
132.755
136.311
139.872
143.426
146.961
150.465
153.928
157.339
160.685
163.956
167.141
170.23
173.215
176.084
178.831
181.444
183.918
186.244
188.415
190.426
192.27
193.943
195.441
196.76
197.898
198.852
199.621
200.204
200.6
200.808
200.829
200.661
200.306
199.764
199.037
198.124
197.028
195.751
194.295
192.662
190.856
188.879
186.735
184.428
181.962
179.341
176.569
173.652
170.595
167.402
164.078
160.63
157.063
153.382
149.591
145.697
141.703
137.616
133.438
129.175
124.832
120.411
115.919
111.359
106.735
102.053
97.317
92.53
87.698
82.824
77.912
72.965
67.988
62.983
57.954
52.904
47.834
42.749
37.649
32.538
27.415
22.284
17.144
11.997
6.843
1.683
-3.481
-8.649
-13.821
-18.995
-24.169
-29.344
-34.519
-39.692
-44.863
-50.033
-55.201
-60.367
-65.531
-70.693
-75.853
-81.009
-86.162
-91.31
-96.452
-101.587
-106.714
-111.831
-116.936
-122.027
-127.103
-132.159
-137.193
-142.202
-147.183
-152.13
-157.041
-161.91
-166.736
-171.512
-176.236
-180.904
-185.51
-190.05
-194.52
-198.912
-203.219
-207.435
-211.55
-215.557
-219.448
-223.215
-226.851
-230.349
-233.704
-236.91
-239.964
-242.86
-245.592
-248.153
-250.537
-252.736
-254.743
-256.55
-258.151
-259.537
-260.701
-261.641
-262.351
-262.828
-263.063
-263.045
-262.767
-262.231
-261.44
-260.402
-259.129
-257.639
-255.956
-254.115
-252.15
-250.094
-247.972
-245.801
-243.598
-241.374
-239.143
-236.922
-234.715
-232.51
-230.288
-228.023
-225.685
-223.244
-220.656
-217.857
-214.795
-211.429
-207.735
-203.713
-199.376
-194.753
-189.883
-184.815
-179.627
-174.424
-169.329
-164.479
-160.005
-156.032
-152.693
-150.138
-148.502
-147.897
-148.412
-150.101
-152.991
-157.087
-162.366
-168.779
-176.236
-184.6
-193.699
-203.337
-213.33
-223.509
-233.705
-243.737
-253.437
-262.65
-271.236
-279.094
-286.139
-292.312
-297.58
-301.939
-305.438
-308.192
-310.369
-312.165
-313.756
-315.278
-316.868
-318.686
-320.881
-323.617
-327.026
-331.173
-336.154
-342.087
-348.979
-356.731
-365.058
-373.423
-381.275
-388.144
-393.47
-396.67
-397.346
-395.302
-390.808
-384.635
-377.527
-370.053
-362.823
-356.489
-351.44
-347.656
-344.235
-339.335
-330.96
-317.254
-296.141
-265.323
-222.877
-167.212
-98.941
-21.416
62.055
147.593
232.859
318.397
401.441
476.027
532.685
556.665
538.136
475.36
372.783
242.793
96.478
-59.544
-217.761
-370.079
-503.888
-604.246
-663.451
-682.161
-670.349
-642.644
-608.395
-572.372
-534.677
-492.478
-446.957
-400.91
-357.622
-321.693
-295.037
-277.407
-268.047
-264.998
-266.332
-271.089
-277.981
-285.236
-291.368
-294.998
-295.489
-293.18
-288.559
-281.94
-273.751
-264.571
-255.119
-246.319
-238.639
-231.996
-226.159
-220.81
-215.69
-210.633
-205.361
-199.473
-192.711
-185.009
-176.429
-167.163
-157.388
-147.233
-136.831
-126.32
-115.832
-105.484
-95.363
-85.525
-75.999
-66.809
-57.987
-49.576
-41.624
-34.167
-27.208
-20.734
-14.722
-9.145
-3.986
0.773
5.164
9.22
12.965
16.421
19.6
22.506
25.156
27.573
29.78
31.798
33.647
35.339
36.891
38.321
39.645
40.882
42.044
43.143
44.195
45.216
46.22
47.224
48.24
49.275
50.34
51.442
52.585
53.773
55.008
56.288
57.612
58.979
60.383
61.821
63.285
64.769
66.263
67.758
69.243
70.707
72.139
73.524
74.852
76.108
77.281
78.356
79.321
80.164
80.874
81.439
81.848
82.093
82.164
82.055
81.758
81.27
80.584
79.699
78.611
77.321
75.828
74.134
72.241
70.152
67.872
65.404
62.756
59.933
56.944
53.796
50.498
47.059
43.489
39.799
35.999
32.1
28.113
24.05
19.921
15.739
11.513
7.255
2.975
-1.315
-5.608
-9.892
-14.159
-18.4
-22.608
-26.774
-30.892
-34.954
-38.954
-42.886
-46.744
-50.524
-54.219
-57.825
-61.338
-64.754
-68.069
-71.279
-74.381
-77.373
-80.25
-83.011
-85.652
-88.172
-90.569
-92.839
-94.98
-96.991
-98.869
-100.612
-102.217
-103.682
-105.006
-106.184
-107.216
-108.1
-108.832
-109.411
-109.836
-110.105
-110.218
-110.174
-109.973
-109.615
-109.104
-108.439
-107.625
-106.664
-105.562
-104.321
-102.949
-101.451
-99.834
-98.106
-96.275
-94.35
-92.34
-90.257
-88.11
-85.912
-83.675
-81.411
-79.133
-76.855
-74.59
-72.351
-70.154
-68.011
-65.936
-63.943
-62.046
-60.256
-58.587
-57.049
-55.652
-54.406
-53.319
-52.397
-51.646
-51.069
-50.671
-50.451
-50.411
-50.549
-50.863
-51.348
-51.999
-52.81
-53.771
-54.873
-56.105
-57.455
-58.91
-60.456
-62.076
-63.757
-65.481
-67.232
-68.992
-70.745
-72.471
-74.154
-75.777
-77.322
-78.771
-80.111
-81.327
-82.404
-83.332
-84.1
-84.699
-85.122
-85.362
-85.417
-85.283
-84.959
-84.448
-83.751
-82.876
-81.828
-80.618
-79.257
-77.759
-76.141
-74.42
-72.616
-70.749
-68.841
-66.914
-64.992
-63.1
-61.261
-59.499
-57.838
-56.304
-54.922
-53.719
-52.718
-51.941
-51.408
-51.14
-51.155
-51.47
-52.097
-53.043
-54.316
-55.922
-57.866
-60.155
-62.789
-65.755
-69.038
-72.619
-76.47
-80.562
-84.852
-89.286
-93.807
-98.358
-102.883
-107.334
-111.656
-115.787
-119.664
-123.218
-126.386
-129.122
-131.385
-133.133
-134.348
-135.023
-135.168
-134.83
-134.069
-132.95
-131.541
-129.908
-128.098
-126.157
-124.15
-122.141
-120.21
-118.415
-116.792
-115.368
-114.15
-113.178
-112.426
-111.698
-110.64
-108.723
-105.37
-100.101
-92.457
-81.867
-67.925
-50.613
-30.328
-8.129
14.716
37.252
58.526
77.546
93.786
107.404
119.472
132.373
148.907
171.67
203.498
247.046
304.548
376.371
459.934
551.335
645.965
741.476
839.035
937.103
1029.812
1105.909
1147.969
1143.652
1090.632
994.768
870.157
728.719
576.289
418.691
263.197
123.583
17.611
-44.548
-63.037
-49.487
-21.613
8.919
37.404
65.255
96.577
130.729
164.056
191.937
210.046
217.701
216.346
207.85
194.983
180.269
165.8
153.965
146.227
142.914
144.01
148.961
156.721
166.224
176.196
185.126
192.114
196.834
199.148
199.265
197.523
194.254
190.021
185.537
181.259
177.444
174.219
171.537
169.388
167.81
166.757
166.16
165.973
166.159
166.732
167.76
169.243
171.131
173.333
175.715
178.168
180.622
183.013
185.295
187.433
189.399
191.193
192.837
194.347
195.735
196.998
198.113
199.078
199.91
200.64
201.314
201.97
202.634
203.336
204.102
204.955
205.911
206.976
208.142
209.407
210.773
212.246
213.838
215.555
217.398
219.367
221.46
223.674
226.007
228.452
230.998
233.639
236.365
239.17
242.05
244.998
248.005
251.061
254.155
257.278
260.416
263.558
266.687
269.79
272.854
275.864
278.807
281.669
284.438
287.1
289.643
292.055
294.323
296.438
298.386
300.157
301.743
303.132
304.315
305.285
306.033
306.552
306.835
306.877
306.671
306.213
305.498
304.522
303.282
301.775
299.999
297.953
295.636
293.05
290.194
287.073
283.687
280.042
276.142
271.992
267.597
262.966
258.104
253.02
247.724
242.224
236.531
230.657
224.612
218.41
212.063
205.585
198.99
192.294
185.512
178.662
171.759
164.821
157.868
150.917
143.987
137.097
130.265
123.511
116.852
110.308
103.895
97.63
91.531
85.614
79.892
74.381
69.093
64.041
59.236
54.689
50.407
46.4
42.673
39.234
36.087
33.235
30.68
28.425
26.469
24.81
23.445
22.37
21.58
21.066
20.821
20.834
21.095
21.592
22.313
23.243
24.368
25.674
27.145
28.764
30.516
32.385
34.353
36.405
38.523
40.693
42.897
45.121
47.349
49.567
51.758
53.91
56.008
58.039
59.989
61.847
63.599
65.237
66.749
68.127
69.363
70.451
71.385
72.16
72.774
73.224
73.509
73.628
73.583
73.374
73.005
72.479
71.801
70.976
70.01
68.91
67.682
66.335
64.877
63.316
61.661
59.921
58.106
56.227
54.295
52.321
50.317
48.294
46.265
44.242
42.237
40.262
38.327
36.443
34.621
32.869
31.197
29.614
28.126
26.742
25.466
24.306
23.264
22.344
21.549
20.878
20.333
19.911
19.611
19.429
19.363
19.407
19.556
19.803
20.14
20.558
21.047
21.595
22.189
22.813
23.45
24.083
24.696
25.271
25.79
26.232
26.579
26.812
26.918
26.883
26.69
26.324
25.768
25.01
24.043
22.858
21.45
19.812
17.934
15.816
13.466
10.897
8.116
5.127
1.922
-1.501
-5.132
-8.957
-12.96
-17.126
-21.44
-25.876
-30.388
-34.922
-39.426
-43.845
-48.16
-52.352
-56.394
-60.256
-63.868
-67.141
-70.03
-72.503
-74.542
-76.175
-77.391
-78.123
-78.472
-78.662
-78.908
-79.485
-80.476
-81.697
-83.14
-85.043
-87.471
-90.241
-93.003
-95.053
-96.009
-96.168
-95.617
-94.044
-91.243
-87.242
-82.442
-78.069
-75.234
-74.05
-74.712
-77.645
-83.002
-90.856
-100.712
-110.714
-118.525
-122.371
-120.133
-109.629
-89.114
-56.474
-10.142
49.929
123.064
206.696
295.683
385.066
469.34
545.863
616.8
680.808
734.845
769.884
767.827
717.869
615.098
464.176
286.845
105.496
-57.149
-182.952
-269.769
-323.373
-356.717
-380.759
-396.446
-399.314
-380.007
-338.122
-284.425
-231.946
-196.377
-182.403
-182.858
-190.833
-197.626
-200.284
-203.169
-207.699
-214.554
-222.684
-227.975
-228.819
-225.354
-217.91
-207.946
-196.719
-184.947
-173.766
-164.112
-156.306
-150.53
-146.745
-144.686
-144.145
-144.804
-146.151
-147.797
-149.516
-151.176
-152.787
-154.343
-155.771
-157.034
-158.105
-158.952
-159.559
-159.876
-159.821
-159.351
-158.453
-157.153
-155.513
-153.591
-151.436
-149.095
-146.601
-144.001
-141.348
-138.695
-136.108
-133.635
-131.308
-129.164
-127.24
-125.562
-124.147
-122.993
-122.077
-121.382
-120.89
-120.586
-120.456
-120.477
-120.622
-120.86
-121.156
-121.482
-121.815
-122.134
-122.416
-122.647
-122.811
-122.902
-122.921
-122.867
-122.736
-122.527
-122.237
-121.865
-121.415
-120.89
-120.294
-119.632
-118.908
-118.127
-117.293
-116.412
-115.488
-114.526
-113.529
-112.503
-111.454
-110.39
-109.32
-108.253
-107.198
-106.166
-105.168
-104.213
-103.314
-102.479
-101.719
-101.044
-100.463
-99.986
-99.622
-99.379
-99.267
-99.292
-99.461
-99.781
-100.258
-100.897
-101.703
-102.68
-103.832
-105.162
-106.674
-108.37
-110.251
-112.32
-114.577
-117.023
-119.659
-122.482
-125.494
-128.691
-132.073
-135.635
-139.375
-143.289
-147.371
-151.616
-156.02
-160.575
-165.275
-170.112
-175.079
-180.168
-185.37
-190.676
-196.075
-201.558
-207.114
-212.731
-218.399
-224.104
-229.834
-235.577
-241.317
-247.041
-252.734
-258.38
-263.964
-269.469
-274.879
-280.175
-285.341
-290.358
-295.209
-299.876
-304.341
-308.587
-312.595
-316.348
-319.83
-323.024
-325.913
-328.481
-330.714
-332.597
-334.117
-335.26
-336.016
-336.372
-336.321
-335.853
-334.962
-333.641
-331.887
-329.697
-327.07
-324.007
-320.511
-316.586
-312.237
-307.473
-302.304
-296.741
-290.797
-284.488
-277.83
-270.841
-263.541
-255.95
-248.091
-239.987
-231.663
-223.145
-214.457
-205.629
-196.686
-187.658
-178.572
-169.457
-160.341
-151.252
-142.219
-133.268
-124.426
-115.719
-107.172
-98.809
-90.651
-82.72
-75.035
-67.614
-60.474
-53.628
-47.089
-40.867
-34.971
-29.408
-24.181
-19.295
-14.748
-10.54
-6.668
-3.125
0.094
2.998
5.599
7.908
9.939
11.704
13.221
14.505
15.575
16.448
17.143
17.679
18.076
18.354
18.536
18.64
18.687
18.694
18.68
18.664
18.662
18.69
18.761
18.884
19.076
19.348
19.711
20.18
20.752
21.426
22.204
23.085
24.065
25.14
26.298
27.525
28.821
30.182
31.602
33.078
34.588
36.112
37.631
39.121
40.573
41.984
43.334
44.607
45.799
46.898
47.906
48.828
49.625
50.266
50.724
50.967
50.99
50.792
50.365
49.708
48.81
47.655
46.238
44.553
42.582
40.315
37.735
34.828
31.639
28.223
24.638
20.952
17.207
13.444
9.707
6.039
2.49
-0.882
-4.014
-6.851
-9.329
-11.394
-12.992
-14.095
-14.734
-14.975
-14.914
-14.641
-14.23
-13.765
-13.333
-13.04
-13.006
-13.324
-14.118
-15.563
-17.749
-20.692
-24.294
-28.217
-32.023
-35.304
-37.521
-38.073
-36.601
-32.941
-27.306
-20.525
-13.582
-7.369
-2.853
-0.91
-1.964
-5.992
-12.202
-18.591
-22.518
-21.266
-11.998
8.237
41.952
90.964
156.452
236.627
326.529
421.295
515.484
605.611
692.98
776.138
848.835
901.553
918.942
888.163
807.143
680.312
518.324
337.822
153.268
-19.895
-162.875
-263.913
-318.82
-331.732
-318.157
-293.46
-265.99
-239.554
-211.802
-178.978
-142.798
-106.629
-74.313
-50.46
-36.017
-29.468
-29.35
-33.442
-39.515
-46.387
-52.635
-56.329
-56.672
-53.647
-47.458
-39
-29.324
-19.081
-9.197
-0.915
5.149
8.789
9.998
9.194
6.815
3.169
-1.241
-5.789
-10.07
-13.822
-16.898
-19.312
-21.025
-21.965
-22.135
-21.576
-20.329
-18.444
-15.962
-12.907
-9.35
-5.399
-1.175
3.19
7.573
11.888
16.066
20.046
23.778
27.222
30.356
33.176
35.692
37.912
39.845
41.508
42.925
44.13
45.166
46.077
46.911
47.705
48.485
49.276
50.098
50.966
51.893
52.886
53.945
55.076
56.286
57.582
58.97
60.456
62.039
63.721
65.501
67.379
69.355
71.428
73.598
75.864
78.227
80.685
83.238
85.884
88.617
91.432
94.321
97.275
100.285
103.343
106.436
109.554
112.686
115.82
118.945
122.049
125.119
128.144
131.11
134.005
136.815
139.528
142.132
144.613
146.96
149.162
151.207
153.085
154.785
156.298
157.615
158.727
159.627
160.309
160.766
160.994
160.989
160.748
160.268
159.55
158.591
157.393
155.958
154.287
152.385
150.255
147.903
145.335
142.559
139.581
136.413
133.062
129.54
125.859
122.031
118.068
113.985
109.795
105.514
101.156
96.738
92.274
87.781
83.275
78.77
74.283
69.828
65.421
61.075
56.805
52.623
48.545
44.58
40.742
37.041
33.487
30.088
26.854
23.792
20.907
18.205
15.69
13.366
11.234
9.298
7.556
6.008
4.652
3.486
2.504
1.703
1.076
0.618
0.32
0.175
0.176
0.313
0.578
0.96
1.452
2.041
2.719
3.474
4.297
5.178
6.106
7.071
8.065
9.077
10.099
11.121
12.136
13.134
14.108
15.05
15.951
16.806
17.607
18.349
19.027
19.635
20.17
20.628
21.006
21.301
21.511
21.634
21.669
21.617
21.476
21.247
20.932
20.532
20.049
19.486
18.845
18.13
17.344
16.489
15.571
14.593
13.56
12.478
11.351
10.187
8.992
7.772
6.535
5.289
4.04
2.796
1.566
0.358
-0.821
-1.962
-3.055
-4.092
-5.065
-5.965
-6.784
-7.514
-8.149
-8.682
-9.106
-9.417
-9.609
-9.677
-9.617
-9.425
-9.098
-8.634
-8.032
-7.291
-6.412
-5.397
-4.249
-2.973
-1.573
-0.056
1.571
3.3
5.121
7.026
9.001
11.034
13.11
15.212
17.323
19.424
21.494
23.515
25.466
27.328
29.081
30.708
32.194
33.521
34.672
35.629
36.375
36.895
37.176
37.207
36.977
36.477
35.702
34.654
33.335
31.744
29.88
27.733
25.295
22.571
19.565
16.288
12.752
8.975
4.982
0.815
-3.481
-7.86
-12.28
-16.706
-21.1
-25.409
-29.573
-33.519
-37.18
-40.512
-43.481
-46.059
-48.232
-50.002
-51.396
-52.472
-53.313
-54.014
-54.674
-55.401
-56.312
-57.524
-59.193
-61.525
-64.641
-68.554
-73.162
-78.202
-83.398
-88.55
-93.334
-97.282
-100.061
-101.479
-101.617
-101.044
-100.318
-99.719
-99.638
-100.5
-102.499
-105.844
-110.264
-114.502
-117.007
-116.234
-110.345
-97.609
-76.148
-43.507
2.227
62.103
134.867
216.361
302.369
388.332
472.424
557.939
644.736
728.29
798.52
833.938
816.161
737.065
596.788
413.22
211.387
13.601
-157.163
-287.072
-371.482
-411.548
-417.429
-402.366
-378.089
-351.696
-324.643
-295.67
-263.329
-229.663
-198.84
-174.675
-159.944
-154.464
-156.183
-162.65
-170.998
-178.681
-183.68
-184.463
-180.432
-171.762
-159.113
-143.631
-126.693
-109.787
-94.405
-81.595
-71.84
-65.263
-61.685
-60.756
-62.108
-65.21
-69.422
-74.266
-79.41
-84.645
-89.876
-94.964
-99.695
-103.901
-107.475
-110.336
-112.45
-113.778
-114.27
-113.923
-112.781
-110.929
-108.482
-105.546
-102.211
-98.567
-94.704
-90.733
-86.791
-82.989
-79.402
-76.077
-73.037
-70.299
-67.88
-65.776
-63.96
-62.391
-61.028
-59.835
-58.79
-57.863
-57.018
-56.21
-55.386
-54.507
-53.547
-52.486
-51.311
-50.01
-48.571
-46.992
-45.281
-43.442
-41.48
-39.394
-37.18
-34.839
-32.375
-29.795
-27.106
-24.314
-21.424
-18.444
-15.381
-12.243
-9.04
-5.777
-2.463
0.894
4.283
7.69
11.102
14.506
17.888
21.235
24.531
27.763
30.919
33.986
36.953
39.808
42.539
45.136
47.587
49.883
52.013
53.968
55.739
57.316
58.694
59.865
60.824
61.565
62.084
62.379
62.447
62.287
61.9
61.285
60.446
59.384
58.106
56.614
54.915
53.015
50.92
48.639
46.178
43.545
40.75
37.8
34.705
31.475
28.12
24.65
21.077
17.412
13.667
9.853
5.983
2.07
-1.873
-5.835
-9.802
-13.761
-17.7
-21.606
-25.468
-29.272
-33.009
-36.667
-40.235
-43.704
-47.065
-50.307
-53.421
-56.4
-59.233
-61.914
-64.433
-66.783
-68.958
-70.95
-72.753
-74.362
-75.772
-76.979
-77.979
-78.769
-79.346
-79.71
-79.858
-79.791
-79.509
-79.013
-78.305
-77.388
-76.265
-74.938
-73.414
-71.695
-69.786
-67.694
-65.423
-62.98
-60.373
-57.609
-54.697
-51.647
-48.468
-45.172
-41.771
-38.277
-34.703
-31.061
-27.365
-23.63
-19.869
-16.098
-12.33
-8.58
-4.865
-1.197
2.408
5.935
9.372
12.704
15.919
19.004
21.946
24.734
27.356
29.802
32.061
34.123
35.98
37.624
39.049
40.25
41.223
41.966
42.479
42.762
42.816
42.647
42.259
41.658
40.852
39.851
38.665
37.306
35.789
34.126
32.334
30.429
28.428
26.348
24.208
22.025
19.819
17.608
15.411
13.249
11.141
9.106
7.164
5.333
3.633
2.08
0.692
-0.518
-1.533
-2.343
-2.936
-3.302
-3.433
-3.323
-2.969
-2.368
-1.52
-0.427
0.907
2.475
4.269
6.276
8.486
10.882
13.448
16.165
19.014
21.973
25.019
28.13
31.281
34.449
37.61
40.739
43.812
46.803
49.687
52.44
55.037
57.452
59.665
61.654
63.402
64.896
66.125
67.079
67.748
68.12
68.186
67.941
67.382
66.511
65.334
63.862
62.123
60.157
58.002
55.698
53.279
50.773
48.212
45.631
43.069
40.573
38.184
35.938
33.87
32.014
30.395
29.01
27.812
26.717
25.641
24.514
23.298
21.951
20.399
18.573
16.383
13.744
10.615
6.908
2.451
-2.805
-8.78
-15.255
-21.683
-27.44
-32.046
-34.904
-35.36
-33.168
-28.384
-21.396
-13.401
-5.971
-0.326
2.324
0.709
-4.352
-11.441
-20.306
-28.242
-34.246
-37.691
-31.491
-10.451
30.692
97.319
184.3
285.022
392.482
496.711
593.417
678.332
745.1
789.141
804.417
787.634
740.82
667.045
571.213
454.765
314.664
154.153
-18.309
-184.584
-318.464
-406.372
-444.871
-441.393
-415.058
-375.017
-327.63
-279.928
-231.895
-190.787
-161.135
-139.002
-123.928
-111.699
-99.521
-91.386
-88.378
-90.274
-96.418
-102.896
-106.497
-106.36
-102.341
-95.078
-85.718
-75.158
-64.084
-53.542
-44.796
-38.467
-34.794
-33.806
-35.052
-38.068
-42.497
-47.762
-53.262
-58.623
-63.539
-67.822
-71.432
-74.303
-76.391
-77.719
-78.313
-78.194
-77.397
-75.954
-73.92
-71.385
-68.446
-65.219
-61.805
-58.305
-54.837
-51.498
-48.364
-45.496
-42.918
-40.642
-38.685
-37.049
-35.717
-34.673
-33.879
-33.298
-32.901
-32.651
-32.508
-32.428
-32.36
-32.261
-32.105
-31.868
-31.532
-31.085
-30.513
-29.806
-28.966
-27.99
-26.876
-25.623
-24.222
-22.67
-20.968
-19.118
-17.124
-14.988
-12.711
-10.295
-7.744
-5.063
-2.255
0.675
3.723
6.883
10.147
13.504
16.945
20.455
24.025
27.641
31.289
34.954
38.623
42.282
45.918
49.517
53.065
56.547
59.951
63.262
66.468
69.556
72.512
75.326
77.985
80.478
82.796
84.928
86.867
88.604
90.132
91.445
92.539
93.409
94.053
94.467
94.651
94.606
94.331
93.829
93.101
92.153
90.987
89.61
88.029
86.249
84.28
82.13
79.807
77.323
74.688
71.912
69.007
65.986
62.861
59.643
56.348
52.987
49.575
46.124
42.648
39.159
35.671
32.196
28.746
25.332
21.966
18.659
15.422
12.264
9.195
6.224
3.36
0.611
-2.018
-4.519
-6.889
-9.122
-11.216
-13.167
-14.976
-16.64
-18.161
-19.538
-20.774
-21.87
-22.828
-23.654
-24.35
-24.922
-25.374
-25.711
-25.94
-26.066
-26.096
-26.035
-25.89
-25.666
-25.372
-25.013
-24.597
-24.132
-23.625
-23.084
-22.517
-21.932
-21.337
-20.74
-20.147
-19.565
-19.003
-18.464
-17.956
-17.483
-17.051
-16.663
-16.325
-16.04
-15.812
-15.646
-15.542
-15.505
-15.537
-15.64
-15.817
-16.068
-16.395
-16.8
-17.284
-17.849
-18.495
-19.221
-20.027
-20.913
-21.875
-22.912
-24.02
-25.192
-26.426
-27.714
-29.05
-30.428
-31.839
-33.277
-34.735
-36.209
-37.691
-39.174
-40.652
-42.118
-43.566
-44.987
-46.37
-47.703
-48.973
-50.172
-51.289
-52.314
-53.24
-54.053
-54.748
-55.319
-55.758
-56.058
-56.207
-56.184
-55.982
-55.601
-55.045
-54.328
-53.463
-52.455
-51.321
-50.083
-48.754
-47.343
-45.841
-44.224
-42.481
-40.615
-38.638
-36.581
-34.458
-32.264
-29.997
-27.65
-25.215
-22.693
-20.065
-17.291
-14.364
-11.303
-8.161
-5.031
-1.982
0.947
3.72
6.323
8.725
10.873
12.729
14.258
15.421
16.18
16.47
16.198
15.321
13.837
11.783
9.244
6.276
2.914
-0.803
-4.843
-9.162
-13.696
-18.392
-23.201
-28.054
-32.88
-37.581
-42.042
-46.183
-49.954
-53.326
-56.301
-58.863
-60.993
-62.687
-63.94
-64.773
-65.236
-65.383
-65.301
-65.09
-64.828
-64.617
-64.578
-64.81
-65.434
-66.558
-68.228
-70.515
-73.524
-77.257
-81.657
-86.523
-91.402
-95.806
-99.358
-101.646
-102.22
-100.799
-97.242
-91.788
-85.276
-78.662
-72.543
-67.251
-63.369
-61.437
-61.441
-62.816
-62.849
-57.046
-43.684
-22.466
5.729
36.691
72.769
119.85
180.354
259.619
354.159
453.288
553.167
645.687
722.76
779.833
802.518
778.201
704.748
584.222
427.758
253.519
75.702
-91.598
-231.314
-332.369
-389.983
-406.059
-393.471
-367.043
-335.298
-302.319
-267.171
-227.334
-185.114
-144.997
-111.694
-89.286
-78.292
-77.242
-84.114
-95.949
-110.03
-123.956
-135.144
-142.07
-144.333
-141.96
-135.611
-126.381
-115.338
-103.792
-93.269
-84.665
-78.333
-74.335
-72.311
-71.847
-72.577
-73.974
-75.435
-76.567
-77.169
-77.169
-76.654
-75.68
-74.271
-72.478
-70.352
-67.931
-65.226
-62.262
-59.087
-55.751
-52.332
-48.909
-45.551
-42.329
-39.3
-36.49
-33.905
-31.545
-29.397
-27.454
-25.722
-24.193
-22.866
-21.728
-20.743
-19.882
-19.117
-18.413
-17.741
-17.068
-16.361
-15.599
-14.775
-13.879
-12.905
-11.844
-10.681
-9.406
-8.008
-6.479
-4.813
-3.002
-1.042
1.072
3.34
5.76
8.331
11.048
13.912
16.919
20.064
23.342
26.743
30.259
33.881
37.597
41.394
45.258
49.175
53.129
57.108
61.095
65.075
69.033
72.954
76.822
80.623
84.34
87.96
91.466
94.845
98.083
101.165
104.08
106.814
109.357
111.697
113.825
115.734
117.414
118.86
120.066
121.028
121.742
122.206
122.418
122.379
122.09
121.552
120.768
119.742
118.48
116.985
115.264
113.324
111.172
108.815
106.263
103.525
100.611
97.53
94.296
90.919
87.412
83.786
80.057
76.235
72.335
68.371
64.355
60.302
56.226
52.139
48.056
43.99
39.953
35.958
32.017
28.142
24.345
20.635
17.023
13.519
10.132
6.871
3.744
0.759
-2.078
-4.759
-7.28
-9.637
-11.824
-13.84
-15.681
-17.347
-18.837
-20.15
-21.288
-22.253
-23.047
-23.672
-24.133
-24.435
-24.582
-24.58
-24.435
-24.153
-23.743
-23.211
-22.566
-21.814
-20.966
-20.029
-19.014
-17.928
-16.783
-15.588
-14.353
-13.087
-11.801
-10.504
-9.207
-7.919
-6.648
-5.406
-4.199
-3.038
-1.93
-0.883
0.096
0.999
1.821
2.556
3.198
3.742
4.184
4.52
4.748
4.863
4.866
4.753
4.525
4.182
3.724
3.153
2.472
1.683
0.79
-0.203
-1.289
-2.465
-3.723
-5.056
-6.456
-7.916
-9.425
-10.976
-12.558
-14.162
-15.777
-17.393
-18.999
-20.586
-22.141
-23.655
-25.116
-26.514
-27.837
-29.075
-30.218
-31.254
-32.176
-32.973
-33.638
-34.162
-34.539
-34.763
-34.828
-34.73
-34.466
-34.032
-33.428
-32.654
-31.711
-30.601
-29.329
-27.9
-26.32
-24.598
-22.742
-20.763
-18.67
-16.477
-14.196
-11.841
-9.428
-6.973
-4.495
-2.014
0.449
2.873
5.236
7.516
9.689
11.734
13.629
15.355
16.895
18.229
19.338
20.204
20.808
21.136
21.176
20.916
20.347
19.462
18.258
16.738
14.906
12.766
10.319
7.558
4.481
1.095
-2.591
-6.56
-10.794
-15.272
-19.96
-24.813
-29.781
-34.814
-39.864
-44.893
-49.859
-54.707
-59.373
-63.784
-67.87
-71.577
-74.867
-77.711
-80.089
-82
-83.464
-84.53
-85.277
-85.796
-86.18
-86.532
-86.959
-87.561
-88.485
-89.927
-92.004
-94.736
-98.03
-101.627
-105.276
-108.796
-111.876
-114.079
-115.109
-114.792
-113.237
-110.998
-108.577
-106.235
-104.368
-103.369
-103.336
-104.297
-105.817
-106.631
-105.384
-100.795
-91.111
-74.607
-49.969
-15.508
30.124
87.17
155.842
234.411
317.989
402.061
482.15
556.325
628.293
698.535
762.463
810.341
823.22
786.3
695.235
552.082
372.371
177.97
-11.853
-174.18
-292.174
-362.138
-386.684
-379.693
-359.592
-335.493
-311.882
-287.708
-257.462
-221.949
-184.935
-150.473
-124.37
-108.72
-102.223
-103.386
-109.721
-118.491
-128.167
-137.116
-143.185
-145.343
-143.397
-137.433
-128.349
-117.392
-105.425
-93.554
-83.17
-74.967
-69.248
-66.127
-65.25
-66.21
-68.706
-72.228
-76.171
-80.189
-84.057
-87.645
-90.956
-93.899
-96.348
-98.241
-99.557
-100.29
-100.439
-99.989
-98.922
-97.27
-95.107
-92.536
-89.657
-86.533
-83.222
-79.777
-76.273
-72.812
-69.474
-66.322
-63.396
-60.721
-58.318
-56.207
-54.388
-52.84
-51.537
-50.438
-49.513
-48.744
-48.107
-47.578
-47.122
-46.695
-46.261
-45.797
-45.281
-44.695
-44.022
-43.245
-42.355
-41.352
-40.237
-39.008
-37.661
-36.191
-34.593
-32.869
-31.02
-29.051
-26.962
-24.757
-22.438
-20.012
-17.483
-14.858
-12.143
-9.343
-6.465
-3.519
-0.518
2.527
5.603
8.694
11.788
14.868
17.919
20.925
23.872
26.745
29.528
32.208
34.768
37.197
39.479
41.603
43.556
45.327
46.907
48.286
49.459
50.417
51.156
51.672
51.962
52.024
51.859
51.467
50.851
50.015
48.964
47.705
46.245
44.592
42.757
40.75
38.583
36.268
33.819
31.249
28.574
25.808
22.967
20.067
17.125
14.158
11.181
8.211
5.264
2.357
-0.497
-3.281
-5.983
-8.589
-11.087
-13.465
-15.713
-17.821
-19.781
-21.586
-23.23
-24.707
-26.013
-27.145
-28.101
-28.88
-29.481
-29.906
-30.155
-30.231
-30.137
-29.878
-29.458
-28.884
-28.162
-27.3
-26.305
-25.187
-23.954
-22.616
-21.182
-19.661
-18.064
-16.401
-14.68
-12.912
-11.105
-9.268
-7.41
-5.539
-3.663
-1.788
0.079
1.93
3.762
5.566
7.338
9.073
10.765
12.41
14.002
15.538
17.014
18.425
19.77
21.044
22.246
23.373
24.422
25.394
26.284
27.094
27.822
28.467
29.028
29.506
29.901
30.211
30.438
30.581
30.64
30.615
30.506
30.313
30.036
29.677
29.236
28.714
28.114
27.437
26.686
25.865
24.977
24.026
23.016
21.953
20.843
19.69
18.502
17.284
16.045
14.792
13.532
12.274
11.026
9.796
8.593
7.425
6.303
5.235
4.23
3.298
2.449
1.691
1.034
0.487
0.057
-0.246
-0.417
-0.447
-0.332
-0.067
0.354
0.932
1.671
2.57
3.631
4.853
6.232
7.765
9.447
11.273
13.234
15.322
17.526
19.837
22.24
24.722
27.269
29.862
32.484
35.114
37.732
40.316
42.846
45.297
47.648
49.878
51.967
53.895
55.642
57.189
58.517
59.606
60.44
61.004
61.285
61.269
60.948
60.316
59.373
58.116
56.543
54.649
52.429
49.881
47.01
43.824
40.335
36.567
32.549
28.323
23.938
19.442
14.882
10.302
5.741
1.244
-3.135
-7.334
-11.288
-14.941
-18.25
-21.176
-23.699
-25.829
-27.597
-29.08
-30.367
-31.535
-32.661
-33.832
-35.129
-36.661
-38.558
-40.896
-43.78
-47.359
-51.683
-56.749
-62.42
-68.295
-73.9
-78.847
-82.693
-84.939
-85.238
-83.352
-79.477
-74.456
-69.297
-64.743
-61.186
-59.197
-59.402
-61.881
-66.062
-69.079
-66.068
-54.872
-35.018
-7.523
23.43
60.529
110.187
175.699
262.649
366.85
476.618
586.219
686.237
769.101
832.217
864.335
854.811
800.955
700.59
559.904
395.671
221.861
55.514
-83.214
-187.791
-257.961
-298.062
-321.942
-335.34
-335.659
-323.264
-298.287
-265.759
-237.72
-218.947
-206.863
-197.94
-186.102
-170.761
-157.195
-147.899
-144.241
-145.716
-149.132
-153.09
-156.949
-159.26
-159.56
-157.76
-153.698
-147.867
-140.802
-132.721
-124.242
-116.444
-110.048
-105.417
-102.693
-101.591
-101.814
-103.214
-105.458
-108.098
-110.856
-113.558
-116.129
-118.643
-121.125
-123.513
-125.758
-127.801
-129.549
-130.947
-131.952
-132.528
-132.685
-132.461
-131.904
-131.06
-129.958
-128.616
-127.042
-125.242
-123.217
-120.992
-118.612
-116.142
-113.669
-111.255
-108.939
-106.745
-104.676
-102.73
-100.894
-99.147
-97.464
-95.825
-94.22
-92.644
-91.096
-89.565
-88.032
-86.468
-84.835
-83.103
-81.251
-79.263
-77.13
-74.845
-72.407
-69.821
-67.103
-64.262
-61.305
-58.237
-55.062
-51.784
-48.414
-44.963
-41.444
-37.868
-34.25
-30.602
-26.938
-23.273
-19.618
-15.986
-12.386
-8.829
-5.329
-1.897
1.452
4.706
7.852
10.878
13.771
16.518
19.109
21.534
23.782
25.846
27.716
29.387
30.85
32.101
33.135
33.948
34.538
34.901
35.037
34.946
34.627
34.084
33.317
32.33
31.128
29.715
28.098
26.282
24.274
22.084
19.718
17.185
14.496
11.661
8.688
5.591
2.379
-0.935
-4.339
-7.822
-11.37
-14.972
-18.614
-22.284
-25.969
-29.657
-33.335
-36.991
-40.613
-44.189
-47.708
-51.159
-54.531
-57.815
-61.001
-64.08
-67.042
-69.881
-72.589
-75.159
-77.585
-79.861
-81.983
-83.946
-85.748
-87.385
-88.854
-90.156
-91.289
-92.254
-93.051
-93.683
-94.15
-94.458
-94.609
-94.608
-94.46
-94.171
-93.746
-93.192
-92.516
-91.725
-90.828
-89.832
-88.745
-87.576
-86.334
-85.028
-83.667
-82.26
-80.817
-79.348
-77.861
-76.366
-74.874
-73.394
-71.934
-70.505
-69.115
-67.773
-66.486
-65.263
-64.112
-63.038
-62.049
-61.15
-60.348
-59.645
-59.048
-58.559
-58.18
-57.916
-57.766
-57.732
-57.814
-58.013
-58.326
-58.753
-59.292
-59.938
-60.69
-61.543
-62.491
-63.529
-64.651
-65.85
-67.117
-68.445
-69.825
-71.247
-72.701
-74.177
-75.665
-77.153
-78.631
-80.086
-81.508
-82.885
-84.205
-85.457
-86.63
-87.711
-88.692
-89.561
-90.308
-90.924
-91.399
-91.726
-91.896
-91.903
-91.739
-91.399
-90.878
-90.172
-89.278
-88.194
-86.918
-85.45
-83.793
-81.948
-79.92
-77.712
-75.332
-72.786
-70.083
-67.234
-64.249
-61.14
-57.92
-54.604
-51.209
-47.749
-44.243
-40.707
-37.161
-33.625
-30.12
-26.666
-23.286
-19.999
-16.827
-13.792
-10.913
-8.207
-5.69
-3.379
-1.289
0.563
2.163
3.498
4.558
5.333
5.817
6.005
5.897
5.5
4.822
3.871
2.654
1.167
-0.587
-2.597
-4.855
-7.342
-10.036
-12.912
-15.935
-19.054
-22.223
-25.397
-28.534
-31.609
-34.591
-37.436
-40.099
-42.518
-44.632
-46.401
-47.78
-48.732
-49.256
-49.36
-49.086
-48.513
-47.698
-46.695
-45.583
-44.423
-43.304
-42.329
-41.568
-41.142
-41.231
-41.924
-43.233
-45.018
-46.88
-48.381
-49.156
-48.717
-46.554
-42.348
-35.988
-27.925
-19.235
-11.073
-4.448
-0.234
0.844
-1.623
-7.489
-15.505
-23.26
-27.848
-26.365
-16.07
5.762
41.479
92.786
159.148
237.306
323.18
411.914
500.883
589.688
675.61
754.564
817.075
849.852
844.157
793.583
699.849
571.16
413.713
239.462
62.142
-103.583
-237.962
-329.496
-376.439
-383.118
-360.547
-317.89
-260.759
-196.525
-134.734
-85.103
-54.619
-42.733
-41.121
-41.109
-37.307
-29.746
-23.806
-22.757
-26.656
-33.269
-37.846
-37.932
-33.666
-25.579
-14.986
-3.092
9.603
22.184
33.307
42.31
48.961
53.217
55.458
56.066
55.292
53.611
51.644
49.773
48.252
47.231
46.688
46.661
47.242
48.449
50.264
52.674
55.642
59.147
63.181
67.691
72.595
77.791
83.162
88.602
94.013
99.317
104.454
109.368
114.014
118.363
122.397
126.112
129.521
132.634
135.466
138.041
140.389
142.547
144.56
146.472
148.328
150.166
152.015
153.9
155.842
157.857
159.961
162.163
164.465
166.874
169.399
172.048
174.827
177.743
180.797
183.991
187.325
190.798
194.41
198.162
202.051
206.077
210.236
214.527
218.947
223.491
228.151
232.917
237.779
242.724
247.74
252.813
257.929
263.073
268.231
273.389
278.533
283.649
288.723
293.74
298.685
303.544
308.302
312.944
317.458
321.828
326.042
330.087
333.952
337.626
341.097
344.357
347.395
350.204
352.775
355.103
357.182
359.008
360.578
361.889
362.943
363.739
364.28
364.568
364.607
364.4
363.954
363.274
362.367
361.239
359.9
358.357
356.621
354.702
352.611
350.36
347.96
345.426
342.769
340.004
337.144
334.205
331.2
328.145
325.055
321.946
318.832
315.731
312.66
309.633
306.666
303.773
300.969
298.267
295.678
293.214
290.882
288.692
286.652
284.771
283.056
281.516
280.158
278.99
278.019
277.251
276.692
276.346
276.212
276.291
276.582
277.084
277.799
278.726
279.855
281.173
282.663
284.305
286.075
287.941
289.864
291.804
293.724
295.591
297.38
299.069
300.637
302.061
303.316
304.389
305.284
306.011
306.59
307.042
307.387
307.658
307.908
308.187
308.532
308.972
309.514
310.159
310.899
311.727
312.627
313.553
314.432
315.17
315.658
315.787
315.459
314.563
312.96
310.515
307.107
302.635
297.026
290.229
282.2
272.9
262.322
250.508
237.537
223.532
208.647
193.037
176.851
160.258
143.457
126.661
110.079
93.916
78.345
63.523
49.605
36.748
25.073
14.655
5.528
-2.317
-8.922
-14.331
-18.593
-21.777
-23.979
-25.315
-25.92
-25.934
-25.477
-24.657
-23.592
-22.404
-21.197
-20.051
-19.02
-18.127
-17.387
-16.815
-16.425
-16.222
-16.198
-16.331
-16.589
-16.933
-17.341
-17.804
-18.309
-18.845
-19.411
-20.016
-20.683
-21.453
-22.365
-23.454
-24.756
-26.307
-28.149
-30.326
-32.886
-35.878
-39.339
-43.299
-47.784
-52.815
-58.407
-64.566
-71.29
-78.565
-86.373
-94.698
-103.517
-112.81
-122.555
-132.725
-143.283
-154.194
-165.418
-176.912
-188.627
-200.503
-212.471
-224.464
-236.419
-248.278
-259.992
-271.506
-282.764
-293.702
-304.253
-314.355
-323.951
-332.991
-341.428
-349.227
-356.381
-362.92
-368.911
-374.422
-379.514
-384.216
-388.562
-392.611
-396.436
-400.132
-403.79
-407.466
-411.251
-415.28
-419.618
-424.231
-428.905
-433.174
-436.531
-438.568
-438.826
-436.836
-432.316
-425.193
-415.898
-405.447
-394.927
-385.267
-377.34
-371.906
-369.398
-369.769
-371.918
-373.618
-372.309
-365.422
-350.268
-324.165
-284.726
-229.946
-160.58
-80.745
5.147
92.18
177.896
264.663
351.801
433.437
499.31
531.518
514.386
444.277
324.665
167.87
-5.084
-178.506
-336.977
-463.144
-553.382
-607.767
-629.754
-633.881
-624.965
-602.985
-573.228
-534.298
-490.667
-452.349
-419.177
-392.444
-372.834
-356.149
-344.364
-338.922
-338.291
-342.113
-347.809
-352.518
-354.751
-353.588
-349.048
-341.593
-331.914
-320.925
-309.395
-298.239
-288.584
-280.999
-275.673
-272.62
-271.488
-271.899
-273.549
-275.964
-278.552
-280.924
-282.848
-284.197
-284.994
-285.222
-284.794
-283.694
-281.957
-279.612
-276.712
-273.294
-269.366
-264.979
-260.231
-255.236
-250.124
-245.021
-240
-235.115
-230.419
-225.949
-221.749
-217.85
-214.252
-210.948
-207.93
-205.187
-202.71
-200.487
-198.48
-196.646
-194.941
-193.313
-191.73
-190.167
-188.601
-187.013
-185.387
-183.708
-181.972
-180.178
-178.323
-176.4
-174.401
-172.316
-170.145
-167.887
-165.542
-163.111
-160.596
-157.997
-155.316
-152.555
-149.715
-146.797
-143.803
-140.733
-137.591
-134.382
-131.114
-127.793
-124.429
-121.031
-117.61
-114.176
-110.741
-107.314
-103.908
-100.531
-97.194
-93.909
-90.684
-87.531
-84.46
-81.481
-78.604
-75.839
-73.195
-70.682
-68.308
-66.083
-64.013
-62.106
-60.368
-58.806
-57.425
-56.23
-55.226
-54.414
-53.799
-53.381
-53.162
-53.141
-53.318
-53.69
-54.257
-55.014
-55.959
-57.087
-58.395
-59.878
-61.53
-63.347
-65.322
-67.45
-69.722
-72.132
-74.673
-77.335
-80.11
-82.988
-85.961
-89.018
-92.15
-95.345
-98.593
-101.883
-105.205
-108.547
-111.9
-115.253
-118.595
-121.916
-125.208
-128.461
-131.667
-134.816
-137.901
-140.915
-143.849
-146.698
-149.455
-152.115
-154.671
-157.119
-159.454
-161.673
-163.772
-165.748
-167.598
-169.321
-170.916
-172.382
-173.718
-174.926
-176.006
-176.96
-177.791
-178.503
-179.098
-179.582
-179.957
-180.23
-180.406
-180.489
-180.486
-180.402
-180.242
-180.013
-179.721
-179.372
-178.972
-178.527
-178.044
-177.53
-176.99
-176.431
-175.859
-175.28
-174.702
-174.129
-173.569
-173.027
-172.51
-172.026
-171.581
-171.182
-170.835
-170.546
-170.318
-170.156
-170.061
-170.036
-170.081
-170.194
-170.376
-170.628
-170.95
-171.344
-171.809
-172.347
-172.958
-173.645
-174.407
-175.242
-176.146
-177.113
-178.14
-179.225
-180.368
-181.566
-182.809
-184.084
-185.378
-186.668
-187.933
-189.139
-190.244
-191.207
-191.991
-192.563
-192.899
-192.977
-192.78
-192.289
-191.487
-190.369
-188.946
-187.232
-185.245
-183.009
-180.559
-177.946
-175.245
-172.528
-169.856
-167.285
-164.863
-162.622
-160.578
-158.731
-157.059
-155.512
-154.02
-152.495
-150.843
-148.965
-146.747
-144.051
-140.717
-136.586
-131.509
-125.337
-117.92
-109.134
-98.9
-87.183
-74.002
-59.43
-43.566
-26.544
-8.532
10.295
29.737
49.56
69.516
89.345
108.771
127.506
145.233
161.649
176.512
189.643
200.924
210.299
217.731
223.221
226.822
228.607
228.674
227.155
224.191
219.946
214.629
208.491
201.825
194.934
188.072
181.433
175.176
169.427
164.303
159.91
156.306
153.519
151.565
150.438
150.111
150.537
151.602
153.142
154.973
156.884
158.678
160.189
161.241
161.673
161.36
160.136
157.807
154.305
149.662
144.061
137.935
131.72
125.791
120.662
116.912
114.922
114.846
116.321
118.379
120.046
120.573
119.329
115.8
109.796
101.579
92.404
84.655
81.209
84.825
97.822
122.529
161.027
214.745
284.275
367.089
457.572
550.536
640.887
726.989
811.616
892.436
962.753
1009.996
1016.099
972.82
882.046
754.336
606.811
450.987
294.768
145.876
14.243
-86.098
-145.842
-163.951
-149.756
-119.775
-85.796
-53.942
-24.636
5.754
36.678
64.882
86.906
99.176
101.364
95.455
83.789
69.341
54.933
42.851
34.905
31.969
34.075
40.762
51.13
64.027
78.092
91.839
104.159
114.46
122.474
128.2
131.796
133.461
133.565
132.642
131.061
129.028
126.651
123.903
120.758
117.262
113.422
109.215
104.671
99.853
94.868
89.911
85.159
80.722
76.673
73.036
69.812
67.017
64.652
62.706
61.172
60.037
59.288
58.932
58.964
59.357
60.061
60.989
62.039
63.142
64.253
65.345
66.409
67.433
68.411
69.356
70.289
71.223
72.167
73.119
74.076
75.047
76.049
77.111
78.27
79.547
80.956
82.505
84.194
86.021
87.979
90.052
92.213
94.445
96.732
99.059
101.418
103.795
106.175
108.541
110.878
113.171
115.407
117.571
119.653
121.641
123.528
125.308
126.977
128.531
129.968
131.284
132.474
133.538
134.474
135.281
135.958
136.507
136.93
137.23
137.411
137.48
137.44
137.299
137.062
136.737
136.328
135.843
135.287
134.665
133.982
133.244
132.453
131.614
130.731
129.806
128.843
127.843
126.806
125.733
124.622
123.471
122.278
121.039
119.751
118.409
117.008
115.543
114.01
112.4
110.708
108.927
107.048
105.064
102.967
100.75
98.406
95.93
93.317
90.563
87.666
84.624
81.439
78.112
74.642
71.033
67.288
63.409
59.4
55.265
51.011
46.645
42.177
37.619
32.985
28.292
23.557
18.797
14.029
9.272
4.542
-0.143
-4.769
-9.317
-13.77
-18.103
-22.29
-26.309
-30.14
-33.772
-37.196
-40.412
-43.427
-46.251
-48.895
-51.367
-53.668
-55.787
-57.705
-59.4
-60.849
-62.044
-62.987
-63.681
-64.127
-64.321
-64.255
-63.907
-63.248
-62.24
-60.837
-59.013
-56.763
-54.11
-51.108
-47.828
-44.354
-40.756
-37.088
-33.397
-29.73
-26.131
-22.651
-19.352
-16.303
-13.592
-11.319
-9.564
-8.376
-7.77
-7.718
-8.163
-9.023
-10.227
-11.718
-13.445
-15.37
-17.455
-19.663
-21.952
-24.273
-26.558
-28.721
-30.686
-32.392
-33.808
-34.932
-35.783
-36.401
-36.821
-37.067
-37.155
-37.086
-36.855
-36.453
-35.866
-35.081
-34.097
-32.925
-31.576
-30.061
-28.377
-26.509
-24.436
-22.126
-19.553
-16.693
-13.531
-10.06
-6.282
-2.203
2.16
6.789
11.664
16.771
22.095
27.619
33.325
39.188
45.181
51.272
57.43
63.619
69.805
75.951
82.023
87.989
93.817
99.477
104.937
110.167
115.136
119.814
124.172
128.18
131.81
135.035
137.829
140.17
142.034
143.405
144.266
144.606
144.416
143.695
142.442
140.658
138.346
135.505
132.139
128.26
123.877
119.008
113.676
107.911
101.758
95.271
88.503
81.505
74.324
66.999
59.577
52.104
44.629
37.216
29.924
22.809
15.934
9.349
3.091
-2.824
-8.426
-13.774
-18.921
-23.92
-28.804
-33.595
-38.35
-43.131
-48.008
-53.076
-58.394
-64.054
-70.209
-76.91
-84.095
-91.544
-98.794
-105.32
-110.701
-114.511
-116.331
-115.96
-113.387
-109.074
-104.017
-99.277
-95.815
-94.199
-94.563
-97.074
-101.668
-107.146
-111.669
-111.765
-102.558
-82.477
-51.412
-10.749
34.659
86.196
148.131
221.786
311.056
410.872
509.97
603.896
685.12
749.497
796.163
811.582
783.113
702.487
564.193
383.467
185.462
-4.371
-157.597
-263.175
-324.831
-351.79
-362.561
-367.732
-368.121
-362.375
-344.846
-314.922
-277.93
-239.863
-207.061
-182.861
-167.85
-161.616
-162.681
-169.156
-178.848
-189.132
-197.816
-203.564
-205.425
-203.084
-196.816
-187.263
-175.563
-163.224
-151.667
-141.793
-134.159
-128.954
-126.032
-125.17
-126.004
-127.969
-130.456
-133.015
-135.338
-137.299
-138.924
-140.217
-141.15
-141.684
-141.782
-141.43
-140.657
-139.496
-137.979
-136.157
-134.084
-131.843
-129.556
-127.346
-125.313
-123.506
-121.918
-120.52
-119.288
-118.247
-117.445
-116.9
-116.599
-116.494
-116.508
-116.604
-116.805
-117.038
-117.111
-116.714
-115.409
-112.876
-108.992
-103.613
-96.542
-87.687
-77.115
-65.327
-53.263
-41.773
-31.44
-22.768
-16.333
-12.831
-12.833
-16.169
-22.112
-29.742
-38.184
-47.085
-54.587
-57.156
-51.757
-35.177
-9.135
17.705
36.12
33.984
6.184
-35.386
-70.349
-67.408
