Name,Criss Capps
Date of Birth,"Feb 5, 1952"
Recorded Date,2022-08-01 15:43:08 -0400
Classification,Poor Recording
Symptoms,
Software Version,1.90
Device,"Watch5,4"
Sample Rate,512.844 hertz


Lead,Lead I
Unit,µV

50.713
60.966
65.987
67.499
66.98
64.739
62.324
59.039
53.944
47.108
38.233
27.817
16.678
5.343
-5.891
-17.139
-28.475
-39.828
-51.073
-61.969
-72.393
-82.38
-91.81
-100.436
-108.057
-114.486
-119.643
-123.59
-126.39
-128.115
-128.869
-128.758
-127.903
-126.45
-124.539
-122.304
-119.858
-117.285
-114.677
-112.144
-109.782
-107.672
-105.861
-104.353
-103.136
-102.18
-101.452
-100.918
-100.528
-100.216
-99.909
-99.52
-98.987
-98.27
-97.325
-96.102
-94.56
-92.663
-90.392
-87.755
-84.754
-81.395
-77.684
-73.632
-69.26
-64.594
-59.668
-54.517
-49.168
-43.638
-37.946
-32.109
-26.139
-20.052
-13.852
-7.539
-1.12
5.397
12.002
18.685
25.436
32.249
39.113
46.019
52.957
59.912
66.869
73.811
80.719
87.572
94.353
101.039
107.608
114.044
120.331
126.462
132.426
138.21
143.796
149.165
154.301
159.187
163.788
168.067
171.996
175.559
178.757
181.607
184.114
186.307
188.287
190.128
191.821
193.344
194.631
195.841
197.419
199.559
201.961
203.3
201.748
196.341
187.47
178.054
171.89
171.256
176.749
185.175
191.784
193.635
188.981
179.653
169.563
161.011
155.71
153.347
151.841
150.158
147.629
144.097
140.251
136.334
132.3
128.186
123.881
119.354
114.706
109.975
105.161
100.277
95.325
90.291
85.167
79.942
74.597
69.127
63.535
57.823
51.991
46.041
39.976
33.799
27.519
21.14
14.668
8.111
1.476
-5.225
-11.984
-18.787
-25.623
-32.479
-39.34
-46.191
-53.017
-59.803
-66.53
-73.183
-79.744
-86.196
-92.521
-98.703
-104.724
-110.568
-116.219
-121.662
-126.883
-131.869
-136.608
-141.089
-145.303
-149.242
-152.899
-156.27
-159.351
-162.14
-164.636
-166.84
-168.755
-170.383
-171.731
-172.804
-173.609
-174.155
-174.451
-174.509
-174.339
-173.953
-173.364
-172.586
-171.632
-170.516
-169.252
-167.855
-166.338
-164.716
-163
-161.206
-159.343
-157.425
-155.461
-153.461
-151.433
-149.385
-147.323
-145.251
-143.174
-141.093
-139.01
-136.926
-134.839
-132.747
-130.646
-128.534
-126.404
-124.251
-122.068
-119.849
-117.584
-115.267
-112.888
-110.438
-107.908
-105.289
-102.572
-99.748
-96.807
-93.742
-90.543
-87.205
-83.719
-80.079
-76.281
-72.32
-68.192
-63.894
-59.426
-54.786
-49.977
-44.999
-39.857
-34.554
-29.097
-23.492
-17.748
-11.873
-5.879
0.225
6.426
12.711
19.067
25.478
31.931
38.409
44.896
51.376
57.831
64.245
70.6
76.878
83.063
89.135
95.079
100.876
106.51
111.964
117.22
122.264
127.08
131.654
135.97
140.017
143.783
147.257
150.431
153.295
155.844
158.071
159.973
161.545
162.786
163.695
164.272
164.52
164.441
164.039
163.32
162.292
160.962
159.339
157.435
155.259
152.826
150.148
147.239
144.115
140.791
137.286
133.616
129.801
125.86
121.81
117.672
113.464
109.205
104.911
100.599
96.284
91.982
87.71
83.482
79.311
75.212
71.2
67.288
63.491
59.821
56.288
52.903
49.672
46.602
43.696
40.954
38.377
35.959
33.697
31.59
29.632
27.82
26.146
24.594
23.151
21.81
20.559
19.391
18.306
17.304
16.399
15.618
14.982
14.515
14.238
14.164
14.311
14.687
15.297
16.148
17.251
18.612
20.236
22.112
24.194
26.423
28.723
31.01
33.192
35.148
36.802
38.14
39.196
40.097
40.969
41.831
42.739
43.844
45.041
46.036
46.557
46.084
44.506
42.379
39.614
35.82
30.7
23.529
15.514
9.542
8.274
14.63
29.052
49.475
73.625
98.468
122.414
145.626
167.877
189.112
208.75
225.33
238.409
248.396
255.861
261.781
266.766
270.88
274.391
277.744
281.067
284.281
287.138
289.081
289.778
289.212
287.286
283.882
278.973
272.534
264.688
255.797
246.14
235.915
225.311
214.403
203.253
191.942
180.475
168.843
157.079
145.202
133.276
121.438
109.841
98.685
88.2
78.526
69.747
61.914
55.045
49.199
44.439
40.797
38.314
37.023
36.952
38.161
40.669
44.397
49.214
54.907
61.206
67.899
74.802
81.737
88.567
95.157
101.38
107.17
112.457
117.154
121.162
124.342
126.594
127.907
128.314
127.906
126.833
125.225
123.219
120.988
118.657
116.323
114.068
111.912
109.879
108.032
106.442
105.208
104.415
104.085
104.219
104.811
105.819
107.196
108.881
110.738
112.657
114.644
116.709
118.896
121.262
123.728
126.203
128.718
131.291
133.802
136.162
138.212
139.803
141.089
142.198
143.152
144.052
145.022
146.214
147.633
148.924
150.006
151.168
153.271
157.882
164.733
172.108
178.07
179.949
177.831
174.124
170.609
169.309
170.451
172.265
173.804
174.416
173.829
172.68
171.223
169.365
167.143
164.472
161.299
157.7
153.705
149.297
144.487
139.296
133.714
127.731
121.346
114.547
107.342
99.758
91.809
83.514
74.888
65.949
56.718
47.218
37.471
27.5
17.327
6.976
-3.529
-14.163
-24.9
-35.715
-46.585
-57.49
-68.405
-79.311
-90.185
-101.006
-111.754
-122.41
-132.955
-143.37
-153.639
-163.746
-173.675
-183.413
-192.947
-202.265
-211.358
-220.214
-228.824
-237.181
-245.277
-253.106
-260.661
-267.938
-274.932
-281.639
-288.056
-294.18
-300.009
-305.54
-310.773
-315.706
-320.339
-324.671
-328.703
-332.435
-335.868
-339.004
-341.844
-344.39
-346.646
-348.613
-350.297
-351.7
-352.827
-353.683
-354.274
-354.605
-354.683
-354.515
-354.108
-353.469
-352.608
-351.533
-350.253
-348.778
-347.117
-345.282
-343.284
-341.133
-338.841
-336.421
-333.884
-331.244
-328.513
-325.704
-322.829
-319.903
-316.936
-313.944
-310.938
-307.932
-304.938
-301.969
-299.038
-296.157
-293.338
-290.593
-287.932
-285.368
-282.909
-280.568
-278.353
-276.275
-274.343
-272.566
-270.953
-269.514
-268.255
-267.186
-266.315
-265.649
-265.195
-264.959
-264.948
-265.168
-265.624
-266.323
-267.268
-268.464
-269.918
-271.633
-273.614
-275.867
-278.393
-281.194
-284.273
-287.631
-291.268
-295.185
-299.379
-303.846
-308.585
-313.595
-318.874
-324.42
-330.221
-336.262
-342.533
-349.022
-355.711
-362.589
-369.631
-376.813
-384.126
-391.556
-399.089
-406.716
-414.406
-422.131
-429.863
-437.571
-445.238
-452.85
-460.376
-467.788
-475.069
-482.194
-489.151
-495.935
-502.493
-508.777
-514.747
-520.354
-525.575
-530.391
-534.771
-538.691
-542.119
-545.02
-547.38
-549.189
-550.412
-551.027
-551.002
-550.299
-548.946
-546.969
-544.385
-541.223
-537.493
-533.203
-528.384
-523.066
-517.275
-511.044
-504.396
-497.354
-489.971
-482.295
-474.384
-466.3
-458.065
-449.699
-441.239
-432.713
-424.166
-415.644
-407.177
-398.799
-390.556
-382.493
-374.658
-367.099
-359.845
-352.927
-346.374
-340.209
-334.474
-329.208
-324.44
-320.198
-316.508
-313.389
-310.863
-308.951
-307.659
-306.99
-306.947
-307.524
-308.723
-310.541
-312.969
-315.996
-319.607
-323.784
-328.508
-333.757
-339.506
-345.729
-352.397
-359.479
-366.946
-374.767
-382.911
-391.346
-400.038
-408.954
-418.061
-427.326
-436.716
-446.198
-455.742
-465.316
-474.891
-484.44
-493.936
-503.354
-512.672
-521.867
-530.92
-539.815
-548.535
-557.066
-565.397
-573.519
-581.422
-589.103
-596.556
-603.779
-610.771
-617.535
-624.071
-630.385
-636.482
-642.366
-648.046
-653.529
-658.824
-663.939
-668.884
-673.669
-678.302
-682.793
-687.152
-691.389
-695.51
-699.525
-703.442
-707.266
-711.004
-714.661
-718.241
-721.747
-725.182
-728.547
-731.842
-735.067
-738.219
-741.297
-744.296
-747.212
-750.039
-752.772
-755.403
-757.925
-760.33
-762.61
-764.757
-766.761
-768.615
-770.309
-771.836
-773.188
-774.357
-775.336
-776.119
-776.699
-777.073
-777.236
-777.184
-776.915
-776.429
-775.724
-774.801
-773.661
-772.308
-770.745
-768.976
-767.007
-764.844
-762.496
-759.97
-757.276
-754.423
-751.424
-748.288
-745.028
-741.657
-738.186
-734.63
-731.001
-727.313
-723.577
-719.808
-716.018
-712.218
-708.421
-704.638
-700.88
-697.156
-693.477
-689.85
-686.283
-682.784
-679.359
-676.013
-672.752
-669.578
-666.496
-663.508
-660.615
-657.819
-655.121
-652.519
-650.013
-647.602
-645.284
-643.056
-640.916
-638.86
-636.886
-634.99
-633.169
-631.419
-629.738
-628.122
-626.568
-625.072
-623.634
-622.252
-620.923
-619.648
-618.423
-617.248
-616.124
-615.052
-614.03
-613.056
-612.131
-611.252
-610.424
-609.655
-608.943
-608.285
-607.694
-607.181
-606.755
-606.426
-606.19
-606.034
-605.969
-606.013
-606.127
-606.266
-606.457
-606.698
-606.98
-607.404
-607.692
-607.574
-607.429
-607.368
-608.087
-610.421
-613.436
-616.506
-618.703
-618.753
-617.768
-616.689
-616.158
-617.24
-619.155
-621.114
-622.934
-624.129
-624.963
-625.779
-626.497
-627.148
-627.698
-628.065
-628.285
-628.384
-628.338
-628.136
-627.774
-627.241
-626.527
-625.623
-624.513
-623.185
-621.638
-619.872
-617.887
-615.68
-613.246
-610.58
-607.674
-604.52
-601.113
-597.447
-593.521
-589.337
-584.899
-580.214
-575.296
-570.159
-564.814
-559.269
-553.523
-547.579
-541.449
-535.158
-528.748
-522.254
-515.692
-509.063
-502.356
-495.569
-488.719
-481.789
-474.715
-467.469
-460.053
-452.544
-445.135
-437.903
-430.774
-423.677
-416.503
-409.093
-401.341
-392.954
-383.4
-372.491
-360.344
-347.177
-333.484
-319.718
-306.139
-293.349
-282.173
-272.912
-265.549
-259.871
-255.208
-251.12
-247.424
-243.425
-238.311
-231.737
-223.494
-213.576
-202.371
-189.88
-175.883
-160.727
-144.787
-128.211
-111.206
-93.799
-75.814
-57.42
-38.923
-20.243
-1.333
17.797
37.236
56.897
76.613
96.37
116.173
135.899
155.488
174.891
194.031
212.941
231.652
250.171
268.557
286.872
305.13
323.354
341.621
360.004
378.635
397.723
416.984
436.147
455.517
475.285
496.742
520.98
546.415
571.013
591.384
604.463
612.856
621.317
635.294
659.962
692.862
726.964
756.368
776.375
789.568
804.221
824.571
850.235
874.998
887.958
884.694
870.86
858.79
865.448
902.652
967.867
1047.889
1122.437
1171.67
1189.794
1183.647
1167.273
1155.76
1153.119
1154.152
1151.24
1140.14
1127.464
1125.919
1147.061
1195.558
1263.442
1334.791
1392.686
1424.759
1429.392
1414.335
1391.204
1371.24
1360.775
1361.378
1373.331
1396.495
1431.022
1475.067
1521.557
1560.786
1582.966
1582.329
1562.458
1533.661
1509.429
1502.744
1519.169
1556.154
1605.222
1654.453
1693.789
1718.394
1728.826
1728.891
1724.022
1719.011
1716.771
1720.941
1735.412
1762.762
1803.742
1854.664
1906.502
1948.954
1974.453
1979.674
1969.418
1954.386
1945.368
1953.181
1983.229
2032.651
2093.941
2153.844
2198.049
2218.402
2214.007
2193.895
2174.513
2171.392
2194.179
2241.223
2300.211
2356.068
2397.145
2423.156
2444.635
2473.817
2518.935
2576.939
2635.182
2682.006
2711.542
2726.586
2735.802
2745.118
2754.733
2761.342
2761.688
2757.267
2755.568
2764.849
2790.59
2833.303
2886.247
2941.09
2990.552
3028.232
3052.755
3063.762
3060.77
3046.581
3024.645
3000.807
2982.077
2970.772
2963.459
2949.764
2915.568
2849.98
2748.821
2617.706
2470.381
2323.215
2192.147
2088.242
2015.572
1972.798
1953.171
1946.733
1943.591
1934.448
1913.445
1879.963
1837.045
1791.681
1751.702
1721.868
1703.86
1695.229
1691.016
1687.234
1681.543
1673.906
1666.452
1660.811
1657.118
1654.439
1650.125
1642.524
1632.778
1622.82
1615.784
1613.656
1614.133
1613.73
1608.883
1596.801
1579.033
1559.054
1539.512
1522.726
1508.508
1494.952
1481.206
1466.816
1452.035
1437.87
1424.702
1412.611
1401.695
1391.84
1382.991
1374.941
1367.55
1361.205
1356.186
1352.611
1349.376
1344.006
1335.068
1322.699
1310.295
1303.826
1307.444
1322.62
1346.243
1371.17
1391.109
1402.02
1403.646
1399.863
1395.166
1392.63
1393.082
1394.758
1395.016
1392.081
1385.55
1376.247
1365.289
1352.939
1338.252
1319.12
1293.387
1261.259
1225.504
1191.197
1164.319
1146.252
1132.504
1113.655
1077.041
1014.67
926.918
821.987
714.488
617.789
538.746
477.214
426.912
380.854
335.914
292.712
253.576
218.817
184.378
144.062
93.277
32.377
-32.345
-92.083
-138.842
-168.199
-181.828
-185.815
-188.312
-198.587
-222.755
-261.555
-313.055
-371.701
-430.515
-485.778
-533.726
-571.878
-600.373
-618.363
-627.875
-633.382
-639.927
-654.376
-679.983
-716.137
-758.393
-798.057
-829.225
-849.168
-859.173
-865.489
-872.79
-883.091
-895.821
-907.075
-913.408
-914.385
-911.662
-907.953
-906.184
-906.377
-906.26
-904.087
-897.917
-887.456
-874.232
-858.789
-841.524
-822.659
-801.594
-778.216
-752.933
-726.292
-699.416
-673.911
-651.155
-632.104
-617.489
-607.82
-603.479
-604.617
-610.689
-620.347
-632.025
-644.413
-656.366
-666.785
-674.43
-678.125
-677.268
-671.948
-662.647
-649.848
-633.926
-615.29
-594.519
-572.238
-548.846
-524.409
-498.685
-471.467
-442.786
-412.867
-382.133
-351.095
-320.174
-289.817
-260.605
-232.902
-206.677
-181.454
-156.138
-129.435
-100.427
-68.744
-34.391
2.416
41.326
82.342
125.146
167.961
207.98
241.268
263.524
272.092
265.459
241.912
199.724
137.937
58.469
-31.228
-120.554
-201.99
-276.329
-355.818
-459.585
-603.686
-793.503
-1019.562
-1261.171
-1495.306
-1703.118
-1874.306
-2006.618
-2101.656
-2162.951
-2195.532
-2206.169
-2204.01
-2199.386
-2199.596
-2206.191
-2215.993
-2222.153
-2218.9
-2205.995
-2185.804
-2162.313
-2139.124
-2114.988
-2088.566
-2060.614
-2032.951
-2011.229
-1998.979
-1993.879
-1989.787
-1975.952
-1943.643
-1891.421
-1824.261
-1754.127
-1694.189
-1652.654
-1632.055
-1627.513
-1629.258
-1627.853
-1615.325
-1587.569
-1545.278
-1491.521
-1431.599
-1371.26
-1314.783
-1264.802
-1221.391
-1182.404
-1144.401
-1103.925
-1058.146
-1006.139
-948.928
-887.616
-824.292
-760.289
-696.503
-636.947
-586.94
-553.518
-543.198
-555.057
-579.642
-599.14
-591.35
-539.776
-440.905
-306.47
-160.403
-29.225
68.137
125.063
146.94
145.805
134.149
121.736
114.981
118.139
133.625
161.543
198.472
237.366
269.635
286.899
284.225
261.593
222.839
175.251
126.157
80.988
42.802
10.901
-16.878
-44.364
-76.757
-117.455
-168.868
-230.332
-296.558
-362.056
-421.961
-473.169
-517.367
-557.516
-595.774
-634.281
-672.657
-709.195
-743.278
-774.315
-802.671
-829.77
-856.239
-882.349
-907.721
-931.537
-954.029
-975.314
-996.42
-1018.54
-1040.145
-1060.316
-1077.352
-1088.791
-1096.802
-1103.555
-1110.95
-1122.286
-1136.168
-1149.648
-1161.055
-1167.54
-1168.894
-1167.384
-1163.992
-1159.943
-1155.954
-1150.791
-1143.833
-1134.912
-1123.631
-1110.429
-1095.709
-1079.482
-1061.905
-1043.044
-1022.963
-1001.909
-980.207
-958.191
-936.169
-914.418
-893.168
-872.628
-853.044
-834.576
-817.259
-801.109
-786.111
-772.348
-760.078
-749.471
-740.501
-733.211
-727.674
-723.918
-722.07
-721.937
-722.903
-724.524
-726.553
-728.642
-730.487
-731.728
-731.746
-730.354
-727.851
-724.315
-719.743
-714.198
-707.601
-700.042
-691.899
-683.154
-673.444
-662.65
-650.597
-637.099
-622.261
-605.696
-586.92
-566.332
-544.227
-521.481
-499.165
-476.584
-453.269
-428.414
-400.929
-372.224
-343.45
-315.48
-289.249
-262.895
-234.688
-204.447
-173.288
-145.623
-125.881
-114.545
-107.677
-96.183
-70.791
-29.919
19.443
62.365
82.594
73.464
38.011
-12.822
-65.23
-111.297
-147.625
-173.568
-189.028
-191.731
-180.296
-154.693
-118.531
-78.495
-39.576
-5.731
23.231
51.089
79.743
110.085
140.506
167.32
188.964
205.136
216.42
224.529
230.54
235.396
240.543
246.827
254.629
264.141
275.119
287.285
300.496
314.281
327.933
341.137
353.775
365.867
377.589
388.75
399.407
410.275
421.73
433.715
444.87
452.255
454.429
452.187
448.787
449.643
458.058
474.151
495.501
518.201
539.573
557.966
572.265
580.653
580.118
569.107
547.192
515.445
477.567
437.017
397.635
364.811
342.228
331.48
331.883
338.486
345.28
348.785
347.768
344.044
340.788
338.49
335.367
328.219
313.381
289.547
257.454
219.363
178.956
139.765
105.202
77.311
55.642
38.029
21.246
3.463
-14.933
-32.194
-46.708
-60.007
-75.661
-97.768
-128.818
-166.12
-204.44
-237.715
-261.049
-274.582
-280.782
-283.364
-286.745
-293.217
-304.517
-321.726
-344.198
-370.332
-397.309
-422.476
-444.463
-463.362
-480.557
-496.893
-512.439
-526.942
-539.777
-550.917
-560.95
-570.247
-579.11
-587.788
-596.29
-604.629
-612.829
-620.739
-628.151
-634.973
-641.167
-646.722
-651.667
-656.03
-659.862
-663.226
-666.169
-668.635
-670.452
-671.53
-671.894
-671.618
-670.812
-669.573
-668.001
-666.413
-665.379
-665.29
-666.241
-668.055
-670.27
-672.479
-674.3
-675.001
-673.503
-668.819
-660.32
-648.125
-633.109
-616.089
-597.665
-577.784
-556.137
-533.068
-509.896
-489.988
-477.154
-474.24
-482.027
-497.106
-514.09
-527.149
-531.639
-526.819
-514.53
-498.194
-481.183
-464.702
-448.385
-431.128
-412.345
-392.795
-373.872
-356.686
-341.563
-328.19
-315.948
-304.24
-292.565
-280.403
-267.337
-253.779
-240.799
-228.848
-218.237
-208.722
-199.204
-190.772
-185.748
-185.691
-192.645
-205.915
-221.713
-237.423
-250.504
-259.808
-267.523
-274.507
-279.278
-279.523
-271.061
-251.65
-224.446
-194.701
-167.985
-148.353
-134.934
-124.765
-116.039
-107.661
-100.589
-96.934
-97.585
-103.051
-113.15
-126.342
-140.75
-155.052
-168.659
-182.169
-197.119
-213.056
-228.105
-240.371
-247.511
-250.216
-251.388
-253.069
-257.361
-264.267
-271.744
-278.616
-283.911
-287.237
-289.298
-290.446
-290.806
-290.62
-289.896
-288.674
-287.118
-285.297
-283.256
-281.058
-278.737
-276.324
-273.853
-271.358
-268.864
-266.384
-263.913
-261.425
-258.886
-256.273
-253.582
-250.81
-247.951
-244.993
-241.923
-238.729
-235.405
-231.929
-228.246
-224.278
-219.943
-215.164
-209.854
-203.916
-197.228
-189.635
-181.023
-171.31
-160.464
-148.492
-135.381
-121.122
-105.709
-89.139
-71.471
-52.782
-33.084
-12.399
9.11
31.284
53.899
76.569
99.345
122.259
144.796
166.89
187.934
207.257
225.627
243.188
260.653
279.181
298.662
320.003
343.229
367.318
390.614
408.963
419.077
418.896
409.139
395.446
384.102
381.472
391.852
414.291
445.557
480.769
513.512
539.06
554.367
557.418
549.143
531.557
505.783
472.975
433.18
386.399
333.658
276.05
215.265
152.765
90.965
33.798
-15.74
-55.374
-84.955
-106.749
-122.071
-131.616
-136.138
-136.407
-135.056
-135.663
-140.422
-149.678
-161.441
-171.752
-176.988
-175.15
-165.729
-150.508
-132.371
-113.242
-94.737
-77.244
-59.885
-42.414
-24.767
-6.915
10.478
26.624
41.341
53.992
64.131
72.929
81.003
89.429
99.53
109.882
119.146
126.043
128.662
127.263
122.169
112.949
99.827
82.64
61.437
37.452
12.31
-12.369
-34.587
-53.504
-69.916
-84.295
-97.208
-106.282
-105.321
-89.424
-54.899
-3.349
56.582
116.166
166.755
202.821
225.813
239.151
247.4
256.064
266.894
280.294
297.649
318.699
344.639
376.36
410.587
443.64
470.75
487.883
495.752
497.205
496.41
496.996
499.885
504.064
506.948
506.812
502.403
492.828
479.857
464.909
450.603
441.12
436.473
435.191
433.964
426.923
412.444
391.684
366.349
339.69
313.048
286.053
260.879
241.681
232.652
237.883
256.494
281.953
306.834
323.687
329.649
327.743
322.825
320.764
324.671
333.993
346.922
360.603
373.372
385.232
396.607
408.129
419.914
431.609
442.702
453.011
462.973
472.456
480.89
487.441
490.229
488.829
485.082
481.238
480.645
485.186
492.58
499.501
502.46
498.82
490.258
480.221
471.308
465.773
463.346
462.082
461.028
459.465
457.309
455.295
453.618
452.201
451.077
450.128
449.291
448.683
448.335
448.106
447.954
447.883
447.694
447.515
447.562
447.436
446.999
445.672
442.39
437.426
431.579
426.442
424.375
426.226
430.943
435.911
438.082
435.462
428.666
420.532
413.6
409.801
409.17
409.787
410.379
410.139
408.878
407.355
405.897
404.484
403.145
401.75
400.269
398.814
397.422
396.086
394.822
393.638
392.536
391.522
390.596
389.745
388.974
388.297
387.721
387.254
386.904
386.675
386.576
386.615
386.801
387.138
387.631
388.286
389.105
390.091
391.245
392.567
394.054
395.705
397.515
399.479
401.591
403.841
406.22
408.715
411.313
414
416.759
419.57
422.417
425.284
428.15
431.001
433.818
436.579
439.272
441.885
444.391
446.768
448.998
451.052
452.916
454.581
456.012
457.174
458.1
458.829
459.314
459.555
459.573
459.273
458.948
458.871
458.634
458.114
456.63
453.311
449.025
444.416
440.482
438.539
437.592
436.497
434.053
429.356
423.723
418.868
416.614
417.242
418.866
419.504
416.91
411.043
404.083
397.677
393.554
391.87
391.02
390.192
388.842
386.796
384.772
383.205
382.161
381.768
381.797
381.565
380.443
378.351
375.8
373.689
373.157
373.786
372.968
367.901
356.601
340.905
328.909
331.531
357.582
408.535
474.949
539.519
584.944
601.795
591.353
563.168
529.442
497.331
467.718
439.31
410.362
382.758
362.447
353.743
358.661
376.273
401.677
429.576
455.427
475.534
488.977
497.7
504.92
513.995
526.612
541.113
554.854
565.597
572.301
576.892
581.324
586.835
594.12
601.538
608.224
614.387
620.351
628.066
637.695
647.312
655.031
658.007
655.661
650.063
643.076
637.14
633.074
629.703
625.479
617.908
605.909
590.33
574.827
565.944
568.61
584.935
611.809
640.72
663.317
673.605
669.996
656.184
637.311
617.173
597.341
576.403
551.438
520.699
483.989
442.671
399.33
355.732
312.095
267.197
219.198
167.424
113.3
61.019
15.468
-20.021
-44.627
-61.743
-76.738
-94.45
-117.825
-145.865
-175.046
-201.173
-221.174
-234.49
-242.626
-248.192
-252.826
-257.108
-260.251
-261.087
-261.105
-263.165
-271.245
-289.335
-317.767
-354.721
-398.086
-445.107
-494.107
-545.126
-598.75
-658.995
-734.998
-836.983
-972.283
-1139.569
-1324.922
-1506.695
-1663.787
-1782.859
-1861.176
-1903.468
-1915.866
-1901.385
-1862.236
-1803.609
-1735.103
-1670.963
-1623.085
-1594.877
-1582.52
-1576.587
-1569.106
-1559.211
-1549.408
-1543.917
-1543.821
-1543.969
-1539.267
-1525.917
-1504.501
-1481.418
-1461.808
-1448.854
-1442.28
-1437.154
-1429.315
-1416.701
-1399.358
-1380.578
-1364.608
-1352.862
-1344.039
-1334.684
-1318.799
-1294.024
-1263.418
-1233.238
-1214.564
-1216.911
-1243.981
-1294.415
-1359.146
-1426.381
-1486.464
-1532.697
-1564.775
-1585.694
-1598.378
-1606.561
-1612.608
-1618.557
-1627.136
-1638.87
-1651.603
-1660.704
-1660.467
-1647.524
-1622.808
-1591.134
-1558.625
-1529.334
-1503.784
-1480.057
-1455.524
-1429.534
-1403.914
-1380.572
-1361.259
-1345.383
-1329.525
-1310.719
-1285.848
-1254.523
-1220.816
-1190.603
-1172.578
-1174.923
-1200.953
-1248.529
-1308.334
-1365.819
-1407.321
-1424.41
-1415.946
-1388.023
-1349.152
-1305.553
-1260.629
-1215.062
-1169.466
-1126.992
-1091.445
-1065.8
-1050.833
-1043.783
-1040.82
-1039.175
-1037.388
-1036.161
-1037.462
-1042.045
-1049.003
-1055.582
-1056.767
-1048.569
-1030.186
-1003.338
-972.4
-940.594
-907.539
-871.734
-830.987
-786.203
-742.701
-705.365
-678.679
-663.323
-654.254
-645.601
-629.724
-600.005
-555.5
-498.958
-437.944
-382.541
-338.772
-307.888
-285.821
-265.01
-240.139
-209.083
-173.496
-137.648
-104.873
-77.747
-55.933
-36.567
-17.078
5.542
31.226
56.683
79.556
98.092
113.56
130.062
149.17
169.85
188.615
200.76
204.847
202.866
198.82
196.872
199.209
205.898
215.702
227.692
241.644
257.848
276.998
299.332
324.442
351.734
380.319
409.058
437.236
464.507
491.571
520.23
551.635
585.848
619.959
648.551
667.762
675.632
674.929
672.656
673.917
682.142
696.877
713.674
729.839
743.995
756.344
769.393
784.94
803.225
823.858
845.41
865.399
883.063
899.513
916.282
936.666
962.744
992.638
1023.37
1049.975
1066.925
1072.53
1067.21
1053.441
1035.702
1017.291
1000.146
986.112
976.572
972.25
974.182
981.194
990.319
999.668
1006.698
1010.75
1012.824
1012.507
1010.659
1007.884
1004.191
1000.756
997.526
994.093
990.417
986.088
981.419
976.811
972.237
967.647
962.778
957.439
951.679
945.53
938.987
932.01
924.52
916.503
907.981
898.946
889.344
879.06
868.133
856.815
845.345
833.974
822.644
810.923
798.946
787.216
776.524
768.088
761.678
756.021
749.549
739.973
726.476
709.46
690.162
671.488
656.621
648.73
649.62
658.957
675.256
696.026
719.407
744.154
766.912
783.136
788.907
781.277
762.838
740.348
718.736
701.642
688.067
673.005
653.961
629.643
600.654
569.841
538.541
507.441
476.872
446.208
415.196
383.954
353.035
323.692
297.084
274.333
256.296
242.855
233.986
229.003
226.356
226.009
228.091
233.046
242.504
255.669
270.333
284.934
297.208
306.943
316.301
326.382
338.288
352.573
367.734
382.806
397.24
410.146
421.562
431.579
439.909
446.549
451.454
454.536
455.946
455.88
454.471
451.876
448.208
443.516
437.881
431.384
424.08
416.064
407.437
398.31
388.856
379.24
369.571
359.93
350.346
340.819
331.387
322.068
312.855
303.827
295.142
286.927
279.319
272.474
266.419
261.413
258.027
256.121
255.173
254.331
251.994
248.286
244.847
243.316
246.03
253.171
262.56
272.443
280.866
287.324
293.249
299.485
306.602
314.729
323.133
331.453
339.665
347.668
355.459
362.923
369.779
375.811
380.876
384.854
387.668
389.294
389.744
389.02
387.111
383.974
379.517
373.623
366.202
357.175
346.48
334.173
320.402
305.387
289.462
272.92
255.909
238.56
220.996
203.2
185.171
166.853
147.987
128.508
108.746
89.098
70.048
52.317
36.51
23.254
13.532
7.765
5.532
6.56
10.709
18.437
31.072
48.765
69.571
90.037
106.472
117.137
123.278
128.275
135.182
145.207
157.589
170.141
181.112
189.853
196.343
200.947
203.818
204.816
203.862
200.996
196.363
190.179
182.617
173.816
163.942
153.186
141.76
129.896
117.833
105.78
93.93
82.467
71.559
61.362
52.007
43.61
36.257
30.023
25.001
21.253
18.814
17.686
17.827
19.167
21.62
25.099
29.515
34.781
40.783
47.405
54.52
61.976
69.643
77.383
85.023
92.42
99.445
105.987
111.972
117.314
121.898
125.671
128.662
130.972
132.747
134.056
134.849
135.122
134.974
134.479
133.621
132.186
129.871
126.657
122.929
119.204
115.796
112.863
110.511
109.007
108.722
109.613
110.995
112.19
113.017
113.453
113.459
112.042
107.482
99.371
88.901
78.571
70.615
64.566
58.034
48.395
34.234
16.146
-5.951
-35.57
-79.673
-146.921
-243.235
-366.871
-507.627
-649.664
-776.346
-876.172
-945.479
-986.97
-1006.376
-1009.308
-1000.602
-985.029
-968.241
-957.259
-957.621
-971.116
-996.17
-1027.227
-1057.241
-1081.13
-1096.172
-1102.962
-1104.832
-1105.297
-1106.456
-1108.459
-1109.81
-1108.68
-1104.337
-1097.115
-1088.39
-1079.619
-1070.979
-1062.594
-1053.495
-1042.074
-1029.472
-1016.869
-1006.022
-1000.321
-998.678
-998.03
-995.931
-988.05
-974.324
-958.981
-944.714
-935.061
-931.423
-930.521
-930.417
-929.655
-926.894
-923.716
-921.146
-919.215
-918.386
-918.153
-917.986
-917.981
-918.055
-918.168
-918.391
-918.663
-918.91
-919.133
-919.318
-919.437
-919.502
-919.548
-919.605
-919.723
-919.947
-920.309
-920.855
-921.61
-922.562
-923.696
-924.97
-926.327
-927.713
-929.058
-930.283
-931.334
-932.162
-932.697
-932.867
-932.608
-931.893
-930.761
-929.276
-927.49
-925.463
-923.331
-921.318
-919.615
-918.268
-917.15
-916.017
-914.953
-914.392
-914.434
-914.619
-913.447
-908.923
-900.368
-889.273
-879.371
-874.83
-878.023
-887.639
-898.524
-905.341
-904.486
-896.334
-885.849
-876.882
-869.839
-859.424
-834.517
-785.578
-708.481
-608.853
-501.834
-404.327
-330.633
-285.413
-263.496
-256.412
-254.705
-253.655
-252.945
-251.445
-247.879
-239.865
-225.229
-205.95
-186.642
-172.003
-165.238
-166.282
-171.994
-178.743
-184.072
-186.322
-185.258
-180.762
-171.995
-158.719
-141.066
-121.278
-102.942
-88.878
-81.26
-78.643
-76.683
-71.552
-59.876
-41.179
-19.096
2.136
18.749
28.415
32.678
34.901
37.916
43.689
51.81
60.457
68.631
76.099
83.486
91.635
100.647
110.56
121.431
133.361
146.642
161.095
176.337
192.275
208.908
226.212
244.165
262.514
280.913
299.405
318.066
336.789
355.43
373.736
391.439
408.476
424.878
440.51
455.32
469.431
482.908
495.877
508.468
520.473
532.062
544.106
556.95
570.396
582.714
589.977
589.698
582.573
573.18
570.409
581.691
608.459
646.187
684.745
714.384
732.215
741.006
747.96
760.124
778.423
800.55
822.894
843.839
867.366
898.429
940.466
992.485
1047.681
1098.599
1139.545
1169.291
1191.369
1209.983
1229.061
1250.208
1273.035
1298.131
1325.783
1357.014
1392.393
1428.819
1461.863
1485.788
1495.641
1490.912
1473.726
1448.226
1418.457
1385.755
1350.051
1310.655
1267.49
1222.079
1176.616
1132.951
1092.037
1054.179
1018.967
986.33
957.105
931.483
909.766
892.329
878.79
869.931
866.142
865.132
862.61
852.607
832.461
809.58
802.807
838.851
941.046
1115.367
1343.544
1586.585
1799.775
1950.641
2030.23
2052.355
2040.355
2014.423
1984.278
1949.98
1912.368
1877.632
1855.452
1854.39
1873.277
1899.787
1917.926
1916.123
1893.174
1858.254
1822.485
1790.901
1758.881
1714.793
1649.358
1560.259
1454.332
1344.586
1239.537
1141.874
1049.299
955.929
862.207
775.725
706.027
662.157
644.326
641.603
638.628
619.751
576.671
512.794
438.596
369.076
317.598
289.369
283.104
291.143
301.539
305.034
296.421
274.541
244.867
215.698
193.769
184.45
187.625
196.795
204.366
203.659
191.182
169.678
145.414
123.206
106.229
94.46
83.855
71.813
57.075
38.943
19.385
-0.254
-19.747
-38.5
-56.767
-74.751
-92.049
-108.486
-123.942
-138.274
-151.516
-163.717
-174.856
-184.928
-193.959
-201.983
-209.065
-215.281
-220.703
-225.417
-229.553
-233.274
-236.756
-240.133
-243.486
-246.883
-250.396
-254.146
-258.28
-262.949
-268.406
-274.932
-282.692
-291.768
-302.05
-313.508
-326.469
-341.195
-357.582
-374.202
-388.521
-398.76
-404.573
-409.174
-418.313
-435.89
-463.497
-497.595
-530.531
-556.835
-572.981
-579.83
-582.246
-583
-583.996
-584.803
-582.829
-578.306
-571.851
-565.013
-560.338
-557.145
-554.519
-551.675
-547.075
-541.441
-535.648
-529.783
-524.352
-519.102
-513.68
-508.342
-503.28
-498.619
-494.501
-490.932
-487.877
-485.373
-483.397
-481.81
-480.443
-479.164
-477.892
-476.606
-475.304
-473.959
-472.536
-471.02
-469.399
-467.671
-465.815
-463.795
-461.562
-459.078
-456.356
-453.455
-450.459
-447.437
-444.424
-441.437
-438.498
-435.628
-432.845
-430.168
-427.607
-425.196
-422.99
-421.032
-419.356
-417.979
-416.863
-415.949
-415.153
-414.369
-413.524
-412.554
-411.394
-409.996
-408.318
-406.304
-403.899
-401.026
-397.579
-393.486
-388.698
-383.182
-376.958
-370.065
-362.572
-354.589
-346.211
-337.511
-328.562
-319.409
-310.094
-300.676
-291.217
-281.787
-272.483
-263.38
-254.538
-246.01
-237.815
-229.95
-222.395
-215.091
-207.985
-201.047
-194.254
-187.598
-181.085
-174.704
-168.452
-162.333
-156.327
-150.424
-144.618
-138.898
-133.276
-127.774
-122.413
-117.233
-112.285
-107.606
-103.226
-99.162
-95.408
-91.952
-88.79
-85.916
-83.268
-80.765
-78.404
-76.16
-73.998
-72.002
-69.87
-67.299
-64.649
-62.007
-60.065
-59.653
-59.801
-59.854
-58.898
-55.702
-51.475
-47.286
-43.848
-42.326
-42.132
-42.568
-43.435
-44.182
-44.837
-45.794
-47.438
-49.946
-52.98
-55.251
-55.036
-51.656
-45.881
-40.793
-40.064
-45.628
-57.646
-72.284
-84.206
-89.993
-86.976
-76.537
-62.699
-47.394
-32.682
-18.479
-2.519
14.622
32.091
48.485
61.454
71.651
80.239
88.31
97.291
106.537
115.313
123.311
129.908
135.287
139.574
142.345
143.39
142.842
140.803
137.206
132.249
125.235
115.417
104.03
91.874
80.238
70.808
62.216
53.273
43.289
31.044
17.35
3.074
-11.786
-26.93
-42.537
-58.881
-75.869
-93.448
-111.549
-130.05
-148.817
-167.691
-186.618
-205.513
-224.215
-242.575
-260.383
-277.424
-293.539
-308.554
-322.21
-334.233
-344.423
-352.649
-358.918
-363.35
-366.002
-366.917
-366.242
-364.158
-360.798
-356.224
-350.267
-342.624
-333.253
-322.308
-310.016
-296.812
-283.305
-270.28
-258.897
-250.39
-245.547
-244.868
-248.621
-256.631
-268.452
-283.319
-299.956
-317.097
-333.918
-349.757
-364.131
-376.956
-388.228
-398.124
-407.273
-416.134
-424.716
-432.974
-440.678
-447.162
-451.904
-454.464
-453.963
-449.676
-441.302
-428.427
-411.301
-391.218
-369.017
-345.002
-318.819
-289.41
-256.874
-223.63
-194.334
-173.255
-162.671
-161.828
-165.783
-170.005
-171.644
-169.308
-165.572
-162.783
-161.984
-164.185
-167.957
-171.947
-175.957
-179.608
-183.266
-187.205
-190.82
-193.336
-194.262
-193.428
-191.032
-187.565
-183.385
-178.735
-174.118
-170.228
-167.543
-166.335
-166.563
-167.838
-169.913
-172.719
-176.129
-179.993
-184.186
-188.595
-193.253
-198.362
-204.007
-210.144
-216.663
-223.37
-230.083
-236.658
-242.914
-248.64
-253.667
-257.852
-261.084
-263.309
-264.481
-264.561
-263.522
-261.327
-257.967
-253.483
-247.965
-241.546
-234.362
-226.535
-218.21
-209.546
-200.696
-191.812
-183.033
-174.469
-166.238
-158.455
-151.232
-144.69
-138.938
-134.041
-130.021
-126.865
-124.563
-123.111
-122.481
-122.621
-123.481
-124.998
-127.129
-129.847
-133.088
-136.756
-140.752
-144.948
-149.229
-153.499
-157.676
-161.689
-165.463
-168.926
-172.033
-174.755
-177.055
-178.881
-180.156
-180.78
-180.714
-179.958
-178.524
-176.452
-173.777
-170.544
-166.814
-162.653
-158.122
-153.251
-148.052
-142.533
-136.736
-130.73
-124.613
-118.524
-112.556
-106.789
-101.317
-96.193
-91.463
-87.142
-83.203
-79.626
-76.424
-73.647
-71.353
-69.604
-68.425
-67.834
-67.86
-68.453
-69.556
-71.074
-72.852
-74.781
-76.794
-78.852
-80.971
-83.14
-85.288
-87.323
-89.16
-90.69
-91.838
-92.459
-92.314
-91.312
-89.449
-86.86
-83.87
-80.654
-77.216
-73.561
-69.639
-65.365
-60.741
-55.568
-49.412
-42.193
-34.114
-25.617
-17.49
-10.324
-4.435
-0.28
1.633
1.136
-1.778
-6.757
-13.035
-20.178
-27.955
-36.034
-44.228
-52.383
-60.158
-67.367
-73.949
-79.458
-83.486
-85.726
-85.594
-82.702
-77.028
-68.587
-57.526
-44.295
-29.149
-12.236
5.946
24.954
44.442
63.967
83.093
101.405
118.268
132.917
144.852
153.753
159.538
162.426
162.87
161.532
159.165
156.585
154.478
153.314
153.334
154.543
156.71
159.424
162.355
165.252
167.966
170.486
172.832
175.058
177.299
179.737
182.456
185.444
188.609
191.788
194.879
197.832
200.616
203.209
205.604
207.804
209.824
211.696
213.429
215.007
216.408
217.603
218.6
219.439
220.175
220.864
221.54
222.217
222.886
223.52
224.081
224.519
224.792
224.877
224.782
224.554
224.258
223.974
223.764
223.662
223.699
223.897
224.284
224.888
225.753
226.932
228.495
230.529
233.102
236.253
239.983
244.25
248.984
254.089
259.483
265.099
270.874
276.76
282.712
288.687
294.635
300.503
306.219
311.69
316.842
321.613
325.973
329.921
333.48
336.693
339.594
342.211
344.563
346.655
348.484
350.044
351.328
352.325
353.043
353.5
353.714
353.698
353.456
352.983
352.265
351.28
350.007
348.428
346.53
344.307
341.757
338.883
335.69
332.189
328.385
324.281
319.887
315.204
310.235
304.977
299.406
293.503
287.257
280.66
273.733
266.518
259.048
251.378
243.605
235.796
228.002
220.221
212.323
204.189
195.758
186.979
177.843
168.418
158.891
149.703
141.532
134.996
130.23
126.942
124.899
124.118
125.475
130.078
137.527
145.894
151.413
149.763
138.71
118.305
91.273
61.754
33.59
10.395
-5.822
-14.369
-15.746
-12.364
-6.549
0.168
7.06
14.692
23.354
32.477
41.109
48.34
54.284
59.418
63.877
66.843
66.036
60.048
49.92
39.314
34.029
38.248
51.719
69.709
84.159
88.124
78.803
58.078
32.238
8.035
-9.5
-18.305
-20.534
-19.939
-20.642
-25.542
-34.668
-46.552
-58.906
-69.915
-79.12
-86.743
-93.379
-99.354
-104.589
-109.032
-112.732
-115.807
-118.408
-120.647
-122.487
-124.158
-126.273
-128.784
-131.199
-132.687
-131.649
-128.116
-123.71
-120.027
-119.308
-121.761
-125.205
-127.947
-128.165
-125.405
-121.19
-116.402
-111.6
-106.967
-101.774
-95.572
-88.31
-80.002
-70.794
-60.924
-50.366
-38.693
-26.013
-12.883
-0.254
10.005
17.417
23.284
29.573
39.699
55.259
74.658
95.105
111.608
120.206
120.632
114.568
106.05
98.882
94.235
91.3
87.937
82.92
76.06
68.335
61.372
54.956
48.517
40.847
29.769
15.2
-1.682
-18.266
-29.894
-33.566
-28.641
-16.728
-2.207
11.141
21.606
28.983
34.595
39.509
43.507
45.965
46.428
44.959
42.251
38.97
35.443
31.858
28.436
25.426
22.874
20.532
17.88
14.521
10.319
5.18
-0.833
-7.611
-15.13
-23.094
-31.312
-40.14
-49.492
-58.981
-68.101
-75.343
-80.581
-85.957
-93.952
-108.108
-129.862
-155.756
-181.262
-201.275
-212.108
-215.561
-214.52
-210.809
-205.997
-198.312
-186.579
-173.115
-160.671
-153.298
-152.976
-157.723
-165.299
-173.056
-180.239
-188.361
-197.766
-208.452
-219.657
-229.39
-236.653
-241.155
-242.31
-240.396
-236.452
-230.698
-223.336
-214.432
-202.906
-189.106
-175.113
-163.306
-156.242
-154.688
-156.829
-159.405
-159.561
-155.773
-148.075
-138.51
-128.822
-119.955
-112.564
-105.943
-99.556
-93.574
-88.171
-83.846
-80.797
-78.721
-77.218
-75.859
-74.336
-72.24
-68.949
-64.129
-57.747
-50.058
-41.664
-33.019
-24.368
-16.133
-8.861
-2.907
1.545
4.621
6.798
8.385
9.502
10.304
10.927
11.443
11.885
12.116
11.825
10.811
8.993
6.347
2.937
-1.161
-5.878
-11.119
-16.774
-22.759
-29.015
-35.5
-42.196
-49.064
-56.048
-63.07
-70.028
-76.837
-83.432
-89.774
-95.855
-101.686
-107.297
-112.713
-117.946
-123.004
-127.878
-132.553
-137.009
-141.224
-145.175
-148.859
-152.286
-155.457
-158.373
-161.013
-163.347
-165.349
-166.986
-168.234
-169.081
-169.516
-169.542
-169.174
-168.426
-167.311
-165.836
-163.987
-161.745
-159.105
-156.072
-152.668
-148.917
-144.828
-140.409
-135.666
-130.592
-125.183
-119.432
-113.301
-106.777
-99.876
-92.635
-85.135
-77.474
-69.721
-61.937
-54.166
-46.448
-38.841
-31.405
-24.189
-17.256
-10.671
-4.509
1.117
6.119
10.461
14.138
17.2
19.727
21.769
23.366
24.56
25.381
25.869
26.065
25.987
25.662
25.127
24.44
23.702
23.008
22.418
21.959
21.604
21.294
20.997
20.697
20.387
20.053
19.65
19.176
18.706
18.379
18.33
18.577
18.982
19.406
19.814
20.152
20.282
19.903
18.657
16.481
13.607
10.365
6.951
3.456
0.12
-2.486
-3.742
-3.433
-1.686
1.153
4.872
9.54
14.958
20.457
25.379
29.393
32.42
34.655
36.153
36.605
36.043
34.974
33.819
32.837
32.168
31.715
31.525
31.954
33.041
34.468
36.026
37.553
38.937
40.232
41.316
41.82
41.642
40.948
39.888
38.677
37.502
36.398
35.676
35.939
37.511
40.471
44.701
49.763
55.247
60.89
66.027
69.633
70.964
69.477
65.044
58.15
49.315
38.993
28.101
17.895
9.422
3.627
0.998
1.355
4.399
9.751
16.678
24.233
31.523
37.738
42.393
45.325
46.843
47.371
46.919
45.894
44.026
40.832
37.484
34.673
33.35
34.782
37.747
41.12
44.139
45.662
46.412
47.229
48.37
50.323
52.837
55.562
58.447
61.382
64.446
67.69
71.081
74.749
78.831
83.562
89.426
96.765
105.602
115.829
127.085
138.71
150.162
160.854
169.914
176.675
180.881
182.54
182.104
180.426
178.15
175.819
174.147
173.597
174.353
176.483
179.674
183.343
187.136
190.815
194.107
196.95
199.355
201.291
202.896
204.372
205.768
207.104
208.393
209.567
210.599
211.506
212.264
212.87
213.369
213.794
214.178
214.554
214.909
215.223
215.498
215.733
215.943
216.157
216.39
216.655
216.978
217.364
217.797
218.244
218.636
218.896
218.985
218.886
218.603
218.181
217.661
217.099
216.576
216.147
215.857
215.754
215.856
216.186
216.796
217.744
219.115
221.015
223.507
226.627
230.394
234.778
239.729
245.177
251.003
257.108
263.416
269.855
276.379
282.949
289.501
295.971
302.284
308.341
314.07
319.419
324.336
328.813
332.859
336.503
339.812
342.847
345.645
348.236
350.633
352.842
354.878
356.757
358.488
360.1
361.616
363.054
364.436
365.769
367.05
368.266
369.389
370.393
371.265
371.997
372.589
373.047
373.377
373.586
373.69
373.697
373.614
373.446
373.193
372.856
372.442
371.957
371.407
370.801
370.143
369.433
368.673
367.86
366.99
366.057
365.052
363.965
362.788
361.514
360.137
358.649
357.044
355.315
353.457
351.464
349.328
347.045
344.607
342.008
339.245
336.311
333.204
329.92
326.459
322.819
319.001
315.008
310.843
306.51
302.016
297.369
292.575
287.644
282.586
277.414
272.143
266.786
261.355
255.868
250.347
244.813
239.29
233.792
228.329
222.916
217.578
212.324
207.149
202.053
197.033
192.1
187.295
182.639
178.114
173.761
169.692
165.937
162.472
159.316
156.36
153.816
152.325
151.742
151.481
150.563
147.159
141.384
135.059
130.001
128.792
131.57
135.874
139.799
141.283
139.967
137.669
135.492
134.193
133.982
134.097
134.187
134.261
134.279
134.338
134.452
134.507
134.459
134.315
134.059
133.677
133.164
132.515
131.732
130.827
129.8
128.639
127.338
125.898
124.317
122.596
120.737
118.738
116.604
114.338
111.945
109.43
106.798
104.056
101.208
98.262
95.222
92.096
88.89
85.61
82.262
78.853
75.388
71.873
68.313
64.713
61.077
57.41
53.714
49.993
46.25
42.486
38.702
34.901
31.083
27.248
23.396
19.527
15.641
11.737
7.814
3.873
-0.088
-4.068
-8.068
-12.088
-16.126
-20.182
-24.255
-28.343
-32.443
-36.554
-40.671
-44.792
-48.913
-53.029
-57.136
-61.227
-65.299
-69.344
-73.356
-77.329
-81.256
-85.129
-88.943
-92.689
-96.362
-99.955
-103.461
-106.874
-110.19
-113.403
-116.509
-119.506
-122.392
-125.165
-127.824
-130.371
-132.808
-135.138
-137.364
-139.492
-141.528
-143.48
-145.355
-147.164
-148.915
-150.621
-152.294
-153.946
-155.591
-157.243
-158.916
-160.627
-162.389
-164.22
-166.133
-168.146
-170.274
-172.532
-174.934
-177.495
-180.228
-183.147
-186.262
-189.584
-193.123
-196.887
-200.883
-205.115
-209.588
-214.302
-219.262
-224.467
-229.919
-235.61
-241.541
-247.711
-254.12
-260.765
-267.64
-274.727
-282.015
-289.503
-297.173
-304.994
-312.938
-320.976
-329.092
-337.3
-345.593
-353.93
-362.325
-370.863
-379.553
-388.351
-397.259
-406.158
-415.233
-425.088
-435.582
-446.142
-455.83
-462.889
-467.405
-471.127
-475.795
-483.886
-495.562
-508.466
-520.775
-530.524
-537.355
-543.023
-548.607
-554.838
-561.939
-569.19
-576.258
-583.163
-589.875
-596.498
-603.053
-609.438
-615.622
-621.618
-627.424
-633.034
-638.445
-643.656
-648.673
-653.513
-658.186
-662.688
-667.027
-671.214
-675.27
-679.223
-683.101
-686.925
-690.718
-694.495
-698.271
-702.058
-705.869
-709.715
-713.595
-717.497
-721.41
-725.317
-729.205
-733.049
-736.807
-740.42
-743.832
-746.996
-749.87
-752.418
-754.609
-756.426
-757.874
-758.983
-759.809
-760.425
-760.902
-761.306
-761.717
-762.235
-762.995
-764.162
-765.877
-768.252
-771.421
-775.554
-780.774
-787.152
-794.637
-803.033
-812.215
-822.167
-832.869
-844.317
-856.528
-869.472
-883.272
-898.256
-914.467
-931.654
-949.38
-966.949
-983.705
-999.183
-1012.74
-1023.562
-1031.235
-1035.691
-1037.19
-1036.41
-1033.898
-1029.985
-1025.179
-1020.088
-1015.079
-1010.336
-1005.792
-1001.101
-996.127
-990.915
-985.434
-979.646
-973.555
-967.207
-960.804
-954.671
-948.994
-943.844
-939.27
-935.298
-931.99
-929.444
-927.671
-926.592
-926.127
-926.211
-926.813
-927.914
-929.46
-931.348
-933.452
-935.682
-937.986
-940.333
-942.688
-944.987
-947.148
-949.084
-950.744
-952.105
-953.151
-953.864
-954.217
-954.2
-953.828
-953.15
-952.228
-951.092
-949.749
-948.191
-946.406
-944.394
-942.16
-939.705
-937.013
-934.059
-930.82
-927.269
-923.382
-919.125
-914.456
-909.321
-903.665
-897.457
-890.683
-883.344
-875.46
-867.047
-858.122
-848.705
-838.815
-828.476
-817.712
-806.547
-795.011
-783.133
-770.936
-758.443
-745.669
-732.602
-719.213
-705.45
-691.229
-676.476
-661.129
-645.13
-628.45
-611.07
-592.979
-574.187
-554.7
-534.534
-513.719
-492.294
-470.326
-447.93
-425.258
-402.5
-379.907
-357.723
-336.179
-315.513
-295.919
-277.572
-260.631
-245.223
-231.462
-219.463
-209.338
-201.175
-195.019
-190.821
-188.46
-187.778
-188.551
-190.544
-193.517
-197.182
-201.34
-205.909
-210.752
-215.64
-220.294
-224.318
-227.607
-230.411
-232.548
-233.311
-230.968
-223.257
-209.179
-189.474
-167.456
-147.632
-133.348
-125.74
-122.007
-117.069
-105.992
-85.834
-57.371
-23.929
10.85
45.352
79.396
113.376
146.858
176.701
200.483
217.491
229.012
239.134
250.85
265.313
282.283
300.042
317.778
335.695
354.196
373.889
394.732
416.121
437.62
458.852
479.577
499.744
519.292
538.208
556.598
574.612
592.335
609.78
626.925
643.711
660.09
676.031
691.493
706.422
720.794
734.61
747.886
760.651
772.928
784.714
796.005
806.809
817.113
826.906
836.163
844.826
852.859
860.259
867.026
873.186
878.769
883.792
888.285
892.303
895.892
899.11
902.025
904.673
907.121
909.451
911.757
914.182
916.855
919.85
923.223
927.013
931.23
935.902
941.049
946.63
952.616
958.965
965.605
972.499
979.583
986.75
993.882
1000.812
1007.355
1013.383
1018.796
1023.491
1027.404
1030.449
1032.529
1033.616
1033.686
1032.717
1030.736
1027.752
1023.787
1018.923
1013.253
1006.904
1000.042
992.79
985.255
977.554
969.767
961.988
954.333
946.864
939.672
932.868
926.45
920.415
914.745
909.348
904.24
899.459
894.897
890.458
886.172
882.053
878.268
875.085
872.412
870.047
867.865
865.658
863.277
860.623
857.324
852.841
847.005
839.885
831.739
823.016
813.965
804.793
795.965
788.153
781.987
777.837
775.713
775.435
776.871
779.794
783.833
788.418
792.739
796.141
798.175
798.403
796.534
792.513
786.396
778.4
768.931
758.417
747.4
736.648
726.894
718.644
712.203
707.793
705.626
705.747
707.938
711.652
716.101
720.678
725.037
728.849
731.761
733.59
734.311
734.169
733.686
733.236
733.01
733.196
733.949
735.383
737.594
740.558
744.146
748.299
753.001
758.236
763.998
770.249
776.922
783.967
791.329
798.933
806.697
814.54
822.389
830.162
837.772
845.108
852.031
858.438
864.265
869.47
874.039
877.986
881.338
884.168
886.596
888.72
890.621
892.361
893.972
895.511
897.055
898.693
900.53
902.647
905.089
907.895
911.091
914.669
918.602
922.817
927.19
931.629
936.074
940.479
944.829
949.096
953.231
957.196
960.953
964.479
967.774
970.837
973.668
976.304
978.803
981.253
983.779
986.467
989.357
992.474
995.81
999.356
1003.109
1007.036
1011.076
1015.155
1019.184
1023.061
1026.689
1029.922
1032.579
1034.471
1035.391
1035.174
1033.709
1030.899
1026.671
1020.972
1013.758
1005.026
994.816
983.176
970.167
955.874
940.387
923.856
906.485
888.471
870.019
851.311
832.486
813.688
795.06
776.712
758.734
741.196
724.128
707.577
691.595
676.212
661.448
647.283
633.647
620.479
607.724
595.312
583.191
571.304
559.581
548.007
536.601
525.381
514.392
503.662
493.193
483.011
473.146
463.626
454.517
445.887
437.809
430.411
423.829
418.187
413.608
410.144
407.813
406.655
406.689
407.939
410.438
414.18
419.179
425.516
433.197
442.168
452.277
463.201
474.687
486.631
498.922
511.495
524.351
537.433
550.885
565.094
580.11
595.669
611.32
626.327
640.028
651.972
661.47
667.649
670.064
668.612
663.554
655.591
645.245
632.821
618.792
603.712
587.936
571.664
554.799
536.938
517.858
497.5
475.802
452.745
428.334
402.61
375.74
348.008
319.611
290.652
261.223
231.406
201.289
170.973
140.549
110.087
79.701
49.574
19.841
-9.403
-38.071
-66.113
-93.466
-120.039
-145.768
-170.611
-194.54
-217.557
-239.674
-260.901
-281.302
-300.984
-320.093
-338.831
-357.346
-375.733
-394.077
-412.437
-430.872
-449.453
-468.22
-487.181
-506.347
-525.723
-545.306
-565.102
-585.074
-605.153
-625.242
-645.214
-664.976
-684.469
-703.641
-722.463
-740.908
-758.955
-776.601
-793.869
-810.771
-827.317
-843.512
-859.355
-874.86
-890.056
-904.978
-919.67
-934.164
-948.477
-962.624
-976.613
-990.445
-1004.119
-1017.622
-1030.934
-1044.039
-1056.926
-1069.587
-1082.017
-1094.21
-1106.155
-1117.843
-1129.264
-1140.41
-1151.276
-1161.855
-1172.14
-1182.127
-1191.813
-1201.196
-1210.276
-1219.052
-1227.522
-1235.684
-1243.533
-1251.068
-1258.287
-1265.186
-1271.762
-1278.014
-1283.94
-1289.539
-1294.811
-1299.756
-1304.373
-1308.664
-1312.628
-1316.265
-1319.576
-1322.56
-1325.217
-1327.546
-1329.546
-1331.215
-1332.552
-1333.556
-1334.226
-1334.561
-1334.561
-1334.225
-1333.554
-1332.55
-1331.212
-1329.543
-1327.546
-1325.224
-1322.581
-1319.621
-1316.35
-1312.773
-1308.897
-1304.729
-1300.276
-1295.548
-1290.553
-1285.297
-1279.788
-1274.036
-1268.055
-1261.863
-1255.467
-1248.879
-1242.123
-1235.223
-1228.201
-1221.084
-1213.881
-1206.592
-1199.245
-1191.874
-1184.453
-1176.95
-1169.412
-1161.853
-1154.279
-1146.811
-1139.174
-1131.1
-1123.005
-1115.024
-1107.91
-1102.558
-1097.999
-1093.591
-1088.373
-1081.017
-1072.71
-1064.453
-1056.935
-1051.29
-1046.708
-1042.369
-1038.09
-1033.367
-1028.488
-1023.825
-1019.309
-1014.984
-1010.819
-1006.724
-1002.732
-998.874
-995.136
-991.52
-988.03
-984.659
-981.401
-978.262
-975.247
-972.354
-969.573
-966.874
-964.226
-961.623
-959.052
-956.5
-953.959
-951.404
-948.808
-946.162
-943.455
-940.644
-937.736
-934.799
-931.805
-928.698
-925.499
-922.138
-918.844
-916.233
-914.154
-912.021
-908.892
-903.047
-894.646
-885.453
-877.225
-872.434
-871.221
-871.311
-870.968
-868.279
-862.917
-856.55
-850.191
-844.55
-839.839
-835.382
-830.867
-826.275
-821.529
-816.655
-811.592
-806.173
-800.293
-793.876
-786.834
-779.088
-770.607
-761.404
-751.471
-740.786
-729.302
-716.919
-703.584
-689.293
-674.059
-657.926
-640.968
-623.238
-604.796
-585.716
-566.056
-545.869
-525.191
-504.03
-482.405
-460.359
-437.949
-415.263
-392.372
-369.308
-346.096
-322.736
-299.203
-275.487
-251.585
-227.48
-203.18
-178.697
-154.05
-129.28
-104.431
-79.534
-54.613
-29.679
-4.744
20.161
44.997
69.719
94.267
118.591
142.644
166.371
189.73
212.68
235.185
257.217
278.755
299.772
320.238
340.126
359.404
378.048
396.041
413.367
430.013
445.966
461.211
475.732
489.517
502.561
514.863
526.423
537.253
547.37
556.8
565.571
573.706
581.225
588.135
594.438
600.132
605.218
609.707
613.622
616.987
619.82
622.139
623.955
625.268
626.066
626.332
626.037
625.175
623.763
621.843
619.488
616.786
613.842
610.744
607.566
604.375
601.236
598.212
595.371
592.792
590.564
588.792
587.59
587.048
587.231
588.163
589.83
592.19
595.171
598.714
602.777
607.325
612.334
617.784
623.648
629.894
636.483
643.359
650.449
657.69
665.029
672.439
679.917
687.476
695.146
702.941
710.853
718.865
726.943
735.051
743.154
751.216
759.197
767.07
774.815
782.413
789.842
797.075
804.095
810.898
817.49
823.899
830.148
836.266
842.315
848.31
854.221
859.99
865.466
870.509
875.127
879.332
883.136
886.701
890.165
893.69
897.657
902.298
907.485
912.989
918.373
922.898
925.985
927.032
925.154
919.74
910.604
897.778
881.74
863.357
843.28
822.156
800.874
780.071
760.14
741.345
723.56
706.425
689.811
673.685
657.947
642.665
627.952
613.893
600.746
588.81
578.223
569.036
561.221
554.656
549.236
544.885
541.463
538.817
536.803
535.249
534.035
533.065
532.216
531.391
530.497
529.451
528.207
526.747
525.068
523.186
521.125
518.903
516.569
514.181
511.813
509.561
507.488
505.64
504.057
502.748
501.714
500.947
500.422
500.117
500.009
500.069
500.26
500.546
500.856
501.103
501.192
500.997
500.421
499.388
497.839
495.768
493.2
490.191
486.8
483.074
479.054
474.776
470.284
465.62
460.849
456.042
451.278
446.678
442.349
438.393
434.901
431.891
429.325
427.118
425.174
423.395
421.683
419.936
418.037
415.892
413.411
410.525
407.168
403.231
398.607
393.176
386.812
379.448
371.066
361.68
351.328
340.079
328.015
315.25
301.921
288.122
273.919
259.338
244.393
229.125
213.562
197.754
181.769
165.661
149.493
133.334
117.234
101.213
85.265
69.346
53.405
37.435
21.466
5.566
-10.185
-25.711
-40.904
-55.659
-69.88
-83.502
-96.51
-108.932
-120.792
-132.098
-142.854
-153.05
-162.696
-171.847
-180.584
-189.025
-197.289
-205.498
-213.815
-222.421
-231.504
-241.22
-251.675
-262.921
-275.002
-287.966
-301.833
-316.608
-332.255
-348.682
-365.779
-383.393
-401.372
-419.561
-437.782
-455.824
-473.459
-490.465
-506.638
-521.828
-535.905
-548.732
-560.208
-570.241
-578.779
-585.827
-591.41
-595.588
-598.429
-599.987
-600.328
-599.559
-597.816
-595.25
-592.019
-588.226
-583.939
-579.252
-574.253
-569.04
-563.707
-558.297
-552.849
-547.404
-542.017
-536.778
-531.765
-527.003
-522.484
-518.186
-514.082
-510.207
-506.621
-503.343
-500.381
-497.729
-495.378
-493.357
-491.676
-490.302
-489.158
-488.117
-487.083
-486.021
-484.919
-483.772
-482.565
-481.236
-479.724
-478.025
-476.123
-473.993
-471.592
-468.833
-465.67
-462.119
-458.229
-454.085
-449.726
-445.129
-440.261
-435.093
-429.6
-423.785
-417.621
-411.025
-403.952
-396.393
-388.366
-379.936
-371.124
-361.891
-352.205
-342.036
-331.398
-320.364
-309.009
-297.409
-285.642
-273.775
-261.905
-250.164
-238.645
-227.404
-216.48
-205.883
-195.658
-185.898
-176.662
-167.99
-159.88
-152.289
-145.163
-138.44
-132.052
-125.937
-120.023
-114.234
-108.516
-102.838
-97.172
-91.499
-85.773
-79.92
-73.885
-67.626
-61.126
-54.391
-47.437
-40.294
-32.992
-25.56
-18.016
-10.372
-2.623
5.247
13.253
21.409
29.717
38.158
46.715
55.369
64.103
72.904
81.765
90.688
99.675
108.734
117.871
127.086
136.377
145.731
155.141
164.615
174.166
183.822
193.619
203.586
213.76
224.189
234.909
245.951
257.341
269.076
281.134
293.479
306.067
318.847
331.75
344.668
357.456
369.957
382.01
393.478
404.226
414.104
422.97
430.695
437.152
442.262
445.981
448.27
449.107
448.483
446.41
442.974
438.328
432.642
426.078
418.763
410.814
402.36
393.53
384.436
375.177
365.812
356.38
346.936
337.544
328.269
319.163
310.207
301.314
292.39
283.352
274.139
264.699
254.964
244.867
234.374
223.483
212.223
200.619
188.66
176.31
163.515
150.228
136.438
122.158
107.404
92.201
76.581
60.607
44.375
27.97
11.437
-5.217
-22.011
-38.938
-55.956
-72.999
-89.983
-106.812
-123.388
-139.579
-155.248
-170.29
-184.644
-198.314
-211.358
-223.819
-235.703
-247.004
-257.692
-267.762
-277.248
-286.193
-294.663
-302.765
-310.648
-318.518
-326.612
-335.126
-344.197
-353.911
-364.297
-375.393
-387.262
-399.96
-413.567
-428.168
-443.813
-460.527
-478.306
-497.067
-516.665
-536.91
-557.549
-578.351
-599.128
-619.692
-639.892
-659.588
-678.609
-696.773
-713.865
-729.607
-743.737
-756.034
-766.316
-774.481
-780.476
-784.266
-785.882
-785.379
-782.8
-778.218
-771.684
-763.218
-752.885
-740.795
-727.111
-712.099
-696.042
-679.177
-661.73
-643.89
-625.832
-607.754
-589.8
-572.058
-554.617
-537.547
-520.944
-504.956
-489.692
-475.202
-461.492
-448.485
-436.084
-424.226
-412.833
-401.817
-391.082
-380.497
-369.977
-359.498
-349.042
-338.593
-328.11
-317.51
-306.737
-295.782
-284.653
-273.393
-262.051
-250.657
-239.267
-227.964
-216.838
-205.999
-195.525
-185.448
-175.794
-166.588
-157.863
-149.665
-142.023
-134.938
-128.409
-122.431
-116.999
-112.111
-107.748
-103.867
-100.423
-97.364
-94.65
-92.257
-90.162
-88.343
-86.777
-85.442
-84.321
-83.409
-82.694
-82.159
-81.787
-81.559
-81.462
-81.488
-81.63
-81.883
-82.237
-82.685
-83.217
-83.826
-84.506
-85.246
-86.037
-86.869
-87.733
-88.627
-89.544
-90.484
-91.442
-92.418
-93.41
-94.419
-95.442
-96.478
-97.523
-98.575
-99.629
-100.684
-101.736
-102.782
-103.82
-104.848
-105.866
-106.87
-107.858
-108.827
-109.769
-110.679
-111.549
-112.369
-113.128
-113.815
-114.415
-114.916
-115.306
-115.573
-115.701
-115.673
-115.468
-115.07
-114.471
-113.662
-112.638
-111.399
-109.948
-108.294
-106.456
-104.448
-102.284
-99.972
-97.515
-94.916
-92.175
-89.292
-86.273
-83.11
-79.784
-76.268
-72.528
-68.526
-64.223
-59.572
-54.512
-48.994
-42.99
-36.476
-29.449
-21.914
-13.89
-5.4
3.526
12.84
22.479
32.352
42.351
52.363
62.275
71.971
81.314
90.182
98.474
106.101
112.985
119.072
124.316
128.675
132.125
134.663
136.296
137.09
137.14
136.542
135.402
133.824
131.926
129.844
127.701
125.614
123.711
122.106
120.916
120.285
120.332
121.149
122.826
125.38
128.788
133.044
138.128
144.021
150.708
158.138
166.258
175.028
184.374
194.213
204.446
214.918
225.497
236.086
246.585
256.963
267.225
277.332
287.255
296.962
306.385
315.477
324.185
332.418
340.121
347.265
353.836
359.877
365.418
370.445
374.944
378.856
382.093
384.612
386.376
387.349
387.546
386.992
385.735
383.88
381.511
378.68
375.435
371.786
367.748
363.371
358.71
353.833
348.842
343.809
338.803
333.901
329.139
324.535
320.089
315.753
311.492
307.295
303.155
299.083
295.101
291.21
287.417
283.732
280.148
276.662
273.274
269.971
266.754
263.634
260.628
257.767
255.08
252.577
250.264
248.14
246.194
244.419
242.805
241.325
239.96
238.684
237.47
236.299
235.152
234.007
232.845
231.653
230.42
229.151
227.858
226.538
225.187
223.792
222.328
220.781
219.133
217.362
215.463
213.427
211.24
208.903
206.41
203.738
200.859
197.723
194.269
190.471
186.326
181.846
177.084
172.095
166.95
161.75
156.572
151.488
146.569
141.865
137.426
133.329
129.655
126.511
124.02
122.266
121.303
121.172
121.859
123.336
125.548
128.393
131.781
135.645
139.915
144.548
149.504
154.717
160.116
165.621
171.123
176.541
181.811
186.868
191.684
196.246
200.556
204.654
208.571
212.313
215.877
219.243
222.376
225.262
227.884
230.222
232.273
234.023
235.451
236.549
237.303
237.688
237.678
237.232
236.312
234.912
233.042
230.72
227.968
224.8
221.216
217.234
212.87
208.137
203.053
197.616
191.807
185.626
179.078
172.166
164.896
157.248
149.175
140.654
131.679
122.26
112.436
102.233
91.683
80.843
69.778
58.578
47.365
36.24
25.293
14.638
4.382
-5.349
-14.403
-22.677
-30.099
-36.608
-42.174
-46.765
-50.359
-52.98
-54.673
-55.495
-55.537
-54.88
-53.611
-51.864
-49.765
-47.439
-45.025
-42.616
-40.281
-38.096
-36.12
-34.407
-33.002
-31.916
-31.148
-30.705
-30.586
-30.771
-31.219
-31.841
-32.556
-33.305
-34.03
-34.704
-35.304
-35.798
-36.162
-36.385
-36.461
-36.391
-36.173
-35.781
-35.193
-34.407
-33.447
-32.372
-31.231
-30.052
-28.855
-27.65
-26.45
-25.273
-24.124
-22.995
-21.875
-20.764
-19.668
-18.61
-17.612
-16.684
-15.817
-14.992
-14.192
-13.409
-12.638
-11.874
-11.108
-10.339
-9.571
-8.815
-8.079
-7.365
-6.667
-5.978
-5.291
-4.602
-3.907
-3.206
-2.499
-1.79
-1.081
-0.373
0.339
1.072
1.835
2.635
3.464
4.299
5.134
5.976
6.843
7.76
8.742
9.778
10.896
12.161
13.59
15.174
16.817
18.326
19.642
20.859
22.098
23.511
25.283
27.565
30.708
35.278
41.528
49.382
58.556
68.535
78.868
89.265
99.198
107.893
114.939
120.286
124.218
127.424
130.425
133.475
136.996
141.563
147.525
155.044
164.01
173.928
184.506
195.716
207.414
219.416
231.573
243.68
255.698
267.83
280.072
292.239
304.336
316.428
328.68
341.418
354.805
368.821
383.559
399.256
415.479
431.067
445.22
457.224
467.038
475.762
482.413
484.121
478.824
464.651
442.483
416.377
388.533
359.755
330.906
301.906
274.995
255.246
245.779
248.156
262.019
282.36
304.148
323.955
338.931
350.329
360.947
371.904
383.894
395.618
404.6
409.845
411.28
409.754
406.636
402.807
397.92
390.348
378.912
363.251
345.828
331.848
325.706
330.648
345.301
364.269
381.99
391.883
391.358
381.256
362.946
341.753
321.56
304.799
295.137
291.841
294.03
301.404
310.397
319.568
326.735
327.608
320.598
304.057
279.062
250.874
225.22
208.303
202.711
206.591
214.753
219.631
216.691
204.398
184.819
163.272
143.102
126.157
112.386
99.429
85.996
71.545
55.882
39.679
23.2
6.319
-10.947
-28.636
-46.706
-64.952
-83.176
-101.239
-118.988
-136.287
-153.087
-169.323
-184.916
-199.796
-213.846
-226.955
-239.053
-250.07
-259.958
-268.698
-276.282
-282.724
-288.094
-292.465
-295.931
-298.61
-300.58
-301.914
-302.694
-302.984
-302.864
-302.414
-301.698
-300.777
-299.714
-298.561
-297.343
-296.1
-294.866
-293.619
-292.288
-290.744
-288.788
-286.279
-283.234
-279.693
-275.71
-271.502
-267.299
-263.403
-260.35
-258.511
-257.904
-258.44
-259.84
-261.55
-263.154
-264.206
-263.962
-261.944
-258.077
-252.439
-245.481
-237.949
-230.331
-223.085
-216.856
-212.011
-208.667
-206.826
-206.135
-206.046
-206.233
-206.429
-206.325
-205.789
-204.744
-203.139
-201.107
-198.844
-196.44
-193.946
-191.39
-188.731
-185.958
-183.073
-180.042
-176.829
-173.419
-169.807
-166.005
-162.043
-157.932
-153.679
-149.287
-144.759
-140.099
-135.322
-130.436
-125.455
-120.389
-115.25
-110.054
-104.815
-99.548
-94.269
-88.991
-83.731
-78.505
-73.333
-68.234
-63.229
-58.336
-53.574
-48.962
-44.519
-40.263
-36.212
-32.381
-28.779
-25.418
-22.307
-19.458
-16.879
-14.576
-12.554
-10.817
-9.366
-8.205
-7.335
-6.756
-6.461
-6.443
-6.699
-7.233
-8.061
-9.2
-10.649
-12.389
-14.387
-16.612
-19.045
-21.677
-24.482
-27.398
-30.39
-33.487
-36.783
-40.367
-44.238
-48.258
-52.251
-56.161
-59.915
-63.317
-66.048
-67.752
-68.264
-67.777
-66.612
-64.849
-62.602
-60.173
-58.043
-56.865
-57.059
-58.526
-61.037
-64.693
-69.479
-75.104
-81.018
-86.333
-90.36
-92.941
-93.983
-93.019
-89.766
-84.299
-77.015
-68.695
-59.996
-51.104
-42.166
-33.775
-26.406
-20.212
-15.142
-10.859
-7.097
-4.012
-1.81
-0.217
1.02
1.975
2.725
3.16
3.212
3.154
3.255
3.42
3.569
3.69
3.701
3.676
3.647
3.417
2.912
2.292
1.701
1.321
1.365
1.926
3.22
5.636
9.319
14.204
20.157
26.848
33.91
40.995
47.5
52.705
56.199
57.778
57.373
55.201
51.56
46.889
41.979
37.603
34.235
32.209
31.747
32.88
35.544
39.39
43.705
47.902
51.619
54.567
56.529
57.286
56.675
54.824
52.134
48.904
45.3
41.433
37.362
33.236
29.218
25.308
21.379
17.324
13.081
8.651
4.078
-0.644
-5.543
-10.617
-15.849
-21.207
-26.658
-32.21
-37.902
-43.785
-49.93
-56.366
-63.086
-70.074
-77.292
-84.688
-92.204
-99.749
-107.212
-114.499
-121.527
-128.233
-134.576
-140.495
-145.929
-150.801
-155
-158.435
-161.05
-162.791
-163.645
-163.584
-162.523
-160.46
-157.517
-153.826
-149.556
-144.596
-138.532
-131.307
-123.36
-116.106
-111.507
-110.591
-112.986
-116.131
-116.458
-111.283
-99.717
-84.114
-68.536
-57.06
-52.367
-53.772
-58.427
-62.606
-63.355
-60.145
-54.131
-47.353
-41.406
-36.71
-33.001
-29.689
-26.472
-23.413
-20.63
-18.22
-16.162
-14.376
-12.839
-11.554
-10.517
-9.738
-9.236
-9.029
-9.149
-9.605
-10.374
-11.435
-12.803
-14.434
-16.213
-18.106
-20.124
-22.238
-24.54
-26.818
-28.458
-29.597
-30.77
-32.887
-37.646
-44.891
-52.904
-59.961
-63.621
-63.776
-62.702
-62.15
-64.034
-68.635
-74.232
-79.783
-84.555
-88.344
-91.846
-95.363
-98.872
-102.391
-105.813
-109.112
-112.381
-115.645
-118.889
-122.116
-125.329
-128.526
-131.706
-134.859
-137.972
-141.042
-144.079
-147.086
-150.066
-153.021
-155.952
-158.862
-161.755
-164.636
-167.507
-170.375
-173.242
-176.112
-178.989
-181.879
-184.786
-187.706
-190.631
-193.55
-196.458
-199.356
-202.248
-205.129
-207.997
-210.871
-213.784
-216.769
-219.841
-222.985
-226.176
-229.422
-232.707
-235.933
-239.002
-241.879
-244.592
-247.248
-249.685
-251.347
-251.874
-251.584
-251.927
-254.978
-261.897
-271.771
-281.379
-287.17
-287.198
-282.26
-275.961
-271.734
-271.195
-273.989
-277.57
-279.556
-279.436
-277.828
-276.421
-277.315
-280.438
-284.188
-286.835
-286.035
-281.707
-276.103
-270.971
-268.108
-267.878
-268.797
-270.16
-271.635
-273.106
-274.977
-277.098
-279.114
-280.775
-281.612
-281.065
-278.601
-273.919
-267.193
-258.971
-249.669
-239.547
-228.883
-218.014
-207.437
-197.509
-188.168
-179.078
-169.993
-160.831
-151.648
-142.534
-133.418
-124.246
-115.15
-106.364
-98.133
-90.628
-83.867
-77.837
-72.579
-68.121
-64.482
-61.653
-59.566
-58.176
-57.46
-57.37
-57.876
-58.935
-60.443
-62.307
-64.427
-66.676
-68.976
-71.254
-73.39
-75.296
-76.894
-78.084
-78.81
-79.026
-78.633
-77.546
-75.742
-73.239
-70.153
-66.7
-63.045
-59.233
-55.299
-51.272
-47.061
-42.54
-37.474
-31.395
-23.998
-15.368
-5.738
4.487
14.645
24.21
32.633
39.066
42.959
44.246
43.063
39.94
35.729
30.997
26.266
22.263
19.404
17.831
17.573
18.271
19.369
20.553
21.561
22.088
22.017
21.279
19.822
17.783
15.346
12.593
9.584
6.35
2.863
-0.872
-4.836
-9.046
-13.505
-18.199
-23.109
-28.196
-33.412
-38.725
-44.101
-49.514
-54.941
-60.355
-65.73
-71.041
-76.262
-81.372
-86.351
-91.185
-95.857
-100.354
-104.661
-108.766
-112.656
-116.317
-119.735
-122.897
-125.785
-128.389
-130.699
-132.707
-134.408
-135.798
-136.874
-137.633
-138.077
-138.207
-138.024
-137.533
-136.737
-135.642
-134.257
-132.589
-130.649
-128.446
-125.992
-123.298
-120.377
-117.241
-113.903
-110.376
-106.674
-102.811
-98.801
-94.659
-90.399
-86.037
-81.586
-77.063
-72.482
-67.856
-63.199
-58.526
-53.847
-49.176
-44.525
-39.904
-35.323
-30.794
-26.325
-21.925
-17.602
-13.364
-9.217
-5.169
-1.224
2.611
6.333
9.936
13.416
16.77
19.995
23.088
26.045
28.866
31.548
34.09
36.492
38.752
40.871
42.848
44.685
46.381
47.939
49.359
50.643
51.793
52.812
53.703
54.469
55.112
55.639
56.051
56.355
56.554
56.653
56.659
56.577
56.414
56.177
55.874
55.513
55.104
54.655
54.177
53.681
53.175
52.672
52.182
51.718
51.29
50.912
50.594
50.35
50.191
50.129
50.176
50.341
50.637
51.071
51.652
52.389
53.289
54.357
55.6
57.024
58.632
60.427
62.412
64.586
66.948
69.494
72.221
75.122
78.189
81.413
84.784
88.291
91.921
95.661
99.495
103.406
107.375
111.386
115.417
119.451
123.465
127.438
131.349
135.177
138.902
142.505
145.965
149.263
152.381
155.302
158.009
160.486
162.717
164.683
166.364
167.745
168.809
169.548
169.954
170.024
169.758
169.159
168.233
166.988
165.433
163.576
161.423
158.978
156.249
153.258
150.041
146.644
143.107
139.453
135.684
131.807
127.831
123.774
119.635
115.379
110.99
106.517
102.078
97.81
93.779
89.928
86.167
82.487
78.829
75.03
70.814
65.866
60.082
53.665
46.911
39.99
33.141
26.764
21.434
17.747
15.978
16.018
17.651
20.819
25.383
30.944
36.825
42.27
46.805
50.261
52.434
53.295
52.883
50.985
48.002
43.748
37.769
31.247
25.002
20.338
18.826
19.292
20.49
21.471
20.967
19.716
18.518
17.475
17.062
17.137
17.564
18.631
20.38
22.804
25.893
29.519
33.552
37.881
42.38
46.935
51.479
55.985
60.424
64.759
68.92
72.824
76.392
79.54
82.216
84.404
86.121
87.426
88.408
89.16
89.746
90.208
90.566
90.824
90.989
91.065
91.035
90.886
90.618
90.255
89.82
89.309
88.675
87.823
86.658
85.114
83.152
80.758
77.922
74.636
70.922
66.836
62.454
57.846
53.081
48.212
43.306
38.488
33.9
29.715
26.162
23.448
21.641
20.671
20.456
20.866
22.048
24.53
28.19
32.546
36.857
39.516
40.479
41.268
43.648
50.956
64.757
83.272
103.556
120.214
128.722
128.643
121.811
112.526
104.91
100.238
97.994
96.488
94.576
92.224
89.849
88.029
86.7
85.581
84.609
83.668
82.758
81.965
81.284
80.809
80.788
81.394
82.706
84.764
87.535
90.965
95.045
99.73
104.929
110.538
116.426
122.485
128.644
134.85
141.056
147.22
153.295
159.23
164.985
170.519
175.786
180.759
185.413
189.735
193.738
197.457
200.951
204.27
207.449
210.507
213.453
216.297
219.048
221.709
224.279
226.761
229.169
231.515
233.808
236.05
238.226
240.313
242.276
244.089
245.726
247.171
248.41
249.437
250.247
250.838
251.218
251.384
251.334
251.061
250.556
249.817
248.841
247.632
246.192
244.524
242.633
240.524
238.199
235.66
232.907
229.941
226.758
223.361
219.75
215.929
211.903
207.679
203.263
198.667
193.898
188.97
183.892
178.678
173.338
167.889
162.343
156.718
151.03
145.297
139.538
133.772
128.021
122.305
116.645
111.064
105.583
100.225
95.012
89.966
85.11
80.467
76.056
71.901
68.021
64.437
61.167
58.229
55.639
53.412
51.561
50.097
49.029
48.366
48.113
48.273
48.849
49.841
51.246
53.061
55.278
57.89
60.886
64.253
67.977
72.041
76.427
81.115
86.083
91.309
96.767
102.433
108.279
114.278
120.401
126.619
132.902
139.221
145.544
151.843
158.087
164.247
170.294
176.201
181.94
187.485
192.813
197.899
202.722
207.263
211.502
215.422
219.01
222.252
225.137
227.657
229.804
231.573
232.961
233.968
234.593
234.84
234.712
234.216
233.359
232.151
230.602
228.724
226.531
224.036
221.257
218.208
214.907
211.373
207.624
203.678
199.555
195.273
190.851
186.308
181.663
176.932
172.134
167.284
162.399
157.492
152.578
147.669
142.777
137.913
133.085
128.303
123.574
118.902
114.295
109.754
105.284
100.886
96.561
92.307
88.125
84.01
79.961
75.972
72.039
68.156
64.316
60.513
56.74
52.988
49.249
45.517
41.781
38.036
34.272
30.483
26.661
22.801
18.896
14.942
10.933
6.866
2.739
-1.452
-5.707
-10.028
-14.414
-18.865
-23.379
-27.952
-32.583
-37.267
-42
-46.774
-51.585
-56.425
-61.286
-66.159
-71.035
-75.905
-80.758
-85.583
-90.369
-95.104
-99.778
-104.378
-108.892
-113.31
-117.621
-121.813
-125.876
-129.8
-133.575
-137.194
-140.648
-143.929
-147.031
-149.946
-152.671
-155.199
-157.528
-159.652
-161.571
-163.28
-164.78
-166.069
-167.147
-168.014
-168.672
-169.122
-169.367
-169.409
-169.253
-168.902
-168.361
-167.634
-166.726
-165.644
-164.392
-162.977
-161.403
-159.677
-157.803
-155.788
-153.636
-151.351
-148.939
-146.404
-143.75
-140.98
-138.098
-135.107
-132.009
-128.809
-125.507
-122.108
-118.613
-115.025
-111.346
-107.58
-103.728
-99.794
-95.779
-91.688
-87.522
-83.285
-78.982
-74.614
-70.186
-65.702
-61.168
-56.587
-51.966
-47.31
-42.626
-37.92
-33.201
-28.475
-23.751
-19.039
-14.347
-9.687
-5.067
-0.499
4.007
8.439
12.786
17.037
21.182
25.208
29.105
32.863
36.472
39.922
43.203
46.307
49.226
51.951
54.477
56.797
58.905
60.797
62.468
63.917
65.14
66.136
66.905
67.447
67.764
67.856
67.729
67.385
66.829
66.067
65.105
63.951
62.611
61.094
59.408
57.564
55.569
53.433
51.167
48.779
46.28
43.679
40.986
38.21
35.36
32.445
29.472
26.449
23.384
20.283
17.153
13.998
10.824
7.635
4.435
1.227
-1.987
-5.205
-8.426
-11.648
-14.873
-18.1
-21.331
-24.567
-27.809
-31.06
-34.322
-37.598
-40.891
-44.204
-47.539
-50.9
-54.289
-57.71
-61.164
-64.653
-68.18
-71.745
-75.349
-78.992
-82.673
-86.392
-90.146
-93.933
-97.749
-101.591
-105.454
-109.331
-113.218
-117.106
-120.988
-124.857
-128.702
-132.516
-136.287
-140.006
-143.662
-147.244
-150.741
-154.142
-157.435
-160.61
-163.654
-166.557
-169.307
-171.894
-174.309
-176.541
-178.582
-180.424
-182.06
-183.483
-184.688
-185.671
-186.429
-186.96
-187.263
-187.339
-187.189
-186.818
-186.229
-185.428
-184.423
-183.222
-181.833
-180.268
-178.538
-176.654
-174.631
-172.481
-170.221
-167.864
-165.426
-162.924
-160.373
-157.791
-155.193
-152.595
-150.015
-147.466
-144.966
-142.528
-140.166
-137.893
-135.723
-133.665
-131.731
-129.928
-128.264
-126.746
-125.379
-124.165
-123.106
-122.204
-121.457
-120.863
-120.418
-120.117
-119.956
-119.925
-120.019
-120.226
-120.539
-120.946
-121.436
-121.998
-122.619
-123.288
-123.992
-124.719
-125.455
-126.189
-126.908
-127.602
-128.257
-128.864
-129.412
-129.892
-130.296
-130.616
-130.845
-130.978
-131.011
-130.939
-130.761
-130.476
-130.084
-129.585
-128.982
-128.278
-127.477
-126.582
-125.599
-124.533
-123.39
-122.176
-120.897
-119.558
-118.168
-116.731
-115.255
-113.746
-112.211
-110.657
-109.088
-107.51
-105.929
-104.351
-102.778
-101.216
-99.667
-98.134
-96.618
-95.122
-93.646
-92.189
-90.751
-89.329
-87.921
-86.526
-85.139
-83.757
-82.377
-80.997
-79.613
-78.224
-76.828
-75.424
-74.013
-72.597
-71.175
-69.75
-68.324
-66.899
-65.476
-64.059
-62.65
-61.25
-59.865
-58.501
-57.162
-55.858
-54.597
-53.391
-52.25
-51.187
-50.216
-49.351
-48.604
-47.989
-47.52
-47.216
-47.096
-47.178
-47.47
-47.978
-48.704
-49.644
-50.792
-52.133
-53.644
-55.303
-57.09
-58.992
-61.003
-63.12
-65.34
-67.657
-70.058
-72.547
-75.139
-77.855
-80.724
-83.777
-87.044
-90.573
-94.432
-98.674
-103.335
-108.434
-113.959
-119.892
-126.207
-132.868
-139.835
-147.038
-154.391
-161.797
-169.159
-176.38
-183.358
-189.964
-196.04
-201.452
-206.088
-209.865
-212.732
-214.642
-215.56
-215.485
-214.436
-212.468
-209.652
-206.058
-201.751
-196.802
-191.301
-185.373
-179.176
-172.85
-166.527
-160.331
-154.375
-148.793
-143.705
-139.189
-135.296
-132.049
-129.474
-127.611
-126.511
-126.21
-126.721
-128.023
-130.075
-132.843
-136.281
-140.324
-144.89
-149.857
-155.121
-160.614
-166.288
-172.104
-178.015
-183.949
-189.826
-195.586
-201.18
-206.574
-211.736
-216.629
-221.232
-225.545
-229.596
-233.434
-237.092
-240.576
-243.881
-246.995
-249.913
-252.64
-255.18
-257.521
-259.646
-261.542
-263.198
-264.608
-265.759
-266.625
-267.166
-267.34
-267.116
-266.476
-265.41
-263.914
-261.982
-259.614
-256.816
-253.606
-250
-246.015
-241.665
-236.966
-231.937
-226.604
-220.996
-215.143
-209.07
-202.804
-196.369
-189.791
-183.094
-176.299
-169.425
-162.492
-155.519
-148.527
-141.539
-134.575
-127.654
-120.795
-114.016
-107.332
-100.755
-94.294
-87.956
-81.749
-75.678
-69.751
-63.97
-58.337
-52.855
-47.527
-42.353
-37.331
-32.452
-27.699
-23.063
-18.544
-14.146
-9.878
-5.747
-1.757
2.085
5.761
9.266
12.602
15.784
18.847
21.813
24.692
27.481
30.165
32.74
35.226
37.639
40.003
42.341
44.669
47.023
49.46
52.005
54.656
57.378
60.092
62.742
65.303
67.751
70.085
72.289
74.322
76.157
77.771
79.133
80.215
80.959
81.275
81.12
80.491
79.429
78.028
76.357
74.45
72.348
70.078
67.677
65.191
62.65
60.064
57.463
54.881
52.378
50.049
47.945
46.085
44.457
43.012
41.719
40.57
39.549
38.641
37.837
37.125
36.508
36.011
35.643
35.398
35.261
35.196
35.186
35.23
35.34
35.54
35.852
36.285
36.854
37.575
38.457
39.504
40.711
42.06
43.535
45.129
46.838
48.665
50.617
52.693
54.881
57.166
59.527
61.938
64.375
66.812
69.217
71.568
73.854
76.077
78.254
80.403
82.527
84.622
86.669
88.649
90.563
92.417
94.22
96.001
97.78
99.582
101.46
103.453
105.569
107.799
110.094
112.389
114.653
116.876
119.058
121.209
123.313
125.348
127.298
129.129
130.806
132.284
133.47
134.275
134.653
134.581
134.085
133.227
132.028
130.476
128.564
126.277
123.619
120.609
117.249
113.554
109.551
105.29
100.893
96.494
92.214
88.164
84.4
80.947
77.881
75.312
73.359
72.149
71.755
72.25
73.748
76.314
79.978
84.702
90.277
96.489
103.244
110.437
118.01
126.09
134.752
144.099
154.455
165.989
178.564
191.964
205.746
219.157
231.564
242.341
250.641
255.917
258.076
257.222
253.839
248.752
242.583
235.932
229.614
224.185
219.905
216.901
214.94
213.57
212.589
211.852
211.124
210.326
209.402
208.291
207.133
206.135
205.355
204.8
204.431
204.124
203.825
203.521
203.155
202.671
202.02
201.165
200.114
198.905
197.558
196.088
194.501
192.8
191.016
189.19
187.368
185.597
183.91
182.32
180.844
179.495
178.283
177.221
176.31
175.545
174.923
174.45
174.132
173.977
173.983
174.137
174.424
174.829
175.34
175.953
176.67
177.482
178.38
179.341
180.33
181.326
182.32
183.304
184.283
185.248
186.169
187.045
187.912
188.757
189.549
190.18
190.439
190.242
189.643
188.723
187.602
186.433
185.335
184.615
184.797
186.118
188.524
191.777
195.4
198.98
202.267
204.776
205.798
204.966
202.231
197.874
192.577
186.85
180.96
175.328
170.482
166.729
164.199
162.709
161.727
160.896
160.064
159.043
157.667
155.823
153.419
150.525
147.378
144.124
140.814
137.48
134.098
130.668
127.223
123.757
120.235
116.642
112.974
109.244
105.489
101.729
97.969
94.215
90.461
86.71
82.965
79.231
75.511
71.808
68.121
64.454
60.806
57.18
53.575
49.992
46.428
42.884
39.362
35.866
32.401
28.972
25.583
22.237
18.938
15.688
12.491
9.349
6.265
3.242
0.281
-2.616
-5.445
-8.206
-10.896
-13.515
-16.063
-18.538
-20.939
-23.267
-25.521
-27.7
-29.803
-31.83
-33.78
-35.654
-37.452
-39.172
-40.816
-42.383
-43.875
-45.293
-46.636
-47.907
-49.106
-50.235
-51.295
-52.288
-53.216
-54.08
-54.882
-55.623
-56.305
-56.929
-57.497
-58.009
-58.468
-58.875
-59.231
-59.537
-59.797
-60.011
-60.181
-60.311
-60.402
-60.457
-60.48
-60.474
-60.442
-60.389
-60.317
-60.232
-60.138
-60.038
-59.937
-59.84
-59.75
-59.673
-59.611
-59.569
-59.55
-59.56
-59.6
-59.675
-59.788
-59.942
-60.14
-60.385
-60.678
-61.022
-61.419
-61.87
-62.375
-62.935
-63.55
-64.219
-64.942
-65.717
-66.541
-67.413
-68.328
-69.283
-70.274
-71.297
-72.346
-73.417
-74.503
-75.6
-76.702
-77.803
-78.897
-79.979
-81.044
-82.085
-83.097
-84.076
-85.015
-85.911
-86.758
-87.554
-88.292
-88.971
-89.587
-90.137
-90.618
-91.029
-91.366
-91.63
-91.818
-91.93
-91.966
-91.927
-91.812
-91.624
-91.363
-91.031
-90.631
-90.162
-89.628
-89.031
-88.371
-87.652
-86.876
-86.042
-85.155
-84.215
-83.224
-82.184
-81.094
-79.957
-78.773
-77.543
-76.266
-74.945
-73.578
-72.167
-70.712
-69.214
-67.673
-66.089
-64.462
-62.793
-61.08
-59.324
-57.524
-55.679
-53.789
-51.854
-49.874
-47.851
-45.783
-43.674
-41.525
-39.337
-37.113
-34.855
-32.565
-30.247
-27.904
-25.538
-23.155
-20.758
-18.352
-15.942
-13.532
-11.128
-8.733
-6.353
-3.991
-1.651
0.663
2.944
5.19
7.394
9.551
11.654
13.697
15.671
17.569
19.387
21.117
22.756
24.297
25.738
27.077
28.313
29.443
30.463
31.37
32.159
32.824
33.361
33.765
34.031
34.156
34.137
33.975
33.674
33.233
32.651
31.923
31.042
30.004
28.813
27.471
25.987
24.376
22.659
20.869
19.044
17.206
15.373
13.553
11.739
9.928
8.115
6.293
4.466
2.636
0.8
-1.037
-2.875
-4.732
-6.636
-8.639
-10.804
-13.163
-15.727
-18.49
-21.41
-24.443
-27.529
-30.583
-33.541
-36.35
-38.955
-41.323
-43.423
-45.195
-46.577
-47.481
-47.797
-47.462
-46.438
-44.701
-42.282
-39.224
-35.597
-31.517
-27.082
-22.371
-17.457
-12.388
-7.208
-1.986
3.208
8.294
13.166
17.745
21.971
25.785
29.168
32.118
34.655
36.835
38.709
40.302
41.634
42.706
43.511
44.056
44.344
44.377
44.173
43.747
43.109
42.276
41.25
40.023
38.583
36.898
34.944
32.708
30.186
27.383
24.311
20.982
17.413
13.631
9.656
5.507
1.202
-3.242
-7.808
-12.471
-17.208
-21.992
-26.795
-31.593
-36.361
-41.077
-45.72
-50.273
-54.719
-59.046
-63.24
-67.289
-71.18
-74.901
-78.439
-81.786
-84.933
-87.871
-90.595
-93.1
-95.384
-97.446
-99.288
-100.911
-102.319
-103.514
-104.504
-105.292
-105.886
-106.293
-106.52
-106.576
-106.467
-106.204
-105.795
-105.249
-104.575
-103.783
-102.881
-101.877
-100.781
-99.601
-98.344
-97.017
-95.628
-94.184
-92.69
-91.154
-89.579
-87.972
-86.336
-84.675
-82.992
-81.288
-79.566
-77.825
-76.067
-74.292
-72.498
-70.686
-68.855
-67.005
-65.133
-63.24
-61.324
-59.386
-57.425
-55.44
-53.432
-51.401
-49.349
-47.275
-45.183
-43.074
-40.95
-38.816
-36.675
-34.531
-32.388
-30.253
-28.13
-26.027
-23.949
-21.905
-19.902
-17.949
-16.053
-14.225
-12.472
-10.804
-9.231
-7.761
-6.404
-5.168
-4.061
-3.093
-2.269
-1.598
-1.086
-0.737
-0.556
-0.549
-0.716
-1.061
-1.583
-2.283
-3.16
-4.21
-5.43
-6.816
-8.36
-10.057
-11.897
-13.871
-15.969
-18.179
-20.49
-22.888
-25.358
-27.887
-30.46
-33.06
-35.671
-38.278
-40.865
-43.414
-45.909
-48.336
-50.677
-52.918
-55.045
-57.043
-58.899
-60.602
-62.14
-63.503
-64.681
-65.667
-66.454
-67.036
-67.411
-67.574
-67.525
-67.264
-66.792
-66.111
-65.226
-64.141
-62.862
-61.396
-59.752
-57.939
-55.967
-53.845
-51.586
-49.2
-46.701
-44.099
-41.408
-38.64
-35.807
-32.922
-29.996
-27.043
-24.073
-21.097
-18.126
-15.169
-12.237
-9.338
-6.48
-3.67
-0.914
1.781
4.412
6.974
9.464
11.879
14.217
16.478
18.661
20.766
22.794
24.746
26.624
28.43
30.167
31.836
33.441
34.985
36.471
37.902
39.281
40.61
41.894
43.133
44.333
45.494
46.621
47.714
48.777
49.811
50.818
51.801
52.76
53.698
54.617
55.517
56.4
57.269
58.123
58.965
59.796
60.618
61.432
62.24
63.044
63.844
64.644
65.446
66.251
67.063
67.884
68.717
69.564
70.43
71.318
72.23
73.17
74.141
75.147
76.19
77.275
78.403
79.577
80.801
82.076
83.403
84.786
86.223
87.717
89.267
90.873
92.535
94.251
96.02
97.84
99.709
101.625
103.585
105.586
107.623
109.694
111.794
113.919
116.065
118.227
120.401
122.583
124.768
126.952
129.131
131.301
133.459
135.601
137.725
139.829
141.909
143.965
145.996
148.001
149.981
151.937
153.869
155.78
157.672
159.549
161.412
163.266
165.116
166.964
168.816
170.676
172.549
174.44
176.354
178.295
180.269
182.278
184.327
186.419
188.557
190.743
192.979
195.267
197.606
199.996
202.438
204.928
207.464
210.043
212.661
215.313
217.992
220.693
223.408
226.129
228.848
231.554
234.238
236.89
239.498
242.053
244.541
246.953
249.275
251.497
253.606
255.592
257.444
259.15
260.7
262.086
263.299
264.33
265.171
265.817
266.261
266.499
266.527
266.341
265.939
265.32
264.485
263.433
262.166
260.686
258.999
257.106
255.014
252.729
250.256
247.604
244.781
241.796
238.657
235.374
231.959
228.42
224.77
221.019
217.178
213.259
209.272
205.229
201.14
197.017
192.87
188.709
184.544
180.386
176.243
172.125
168.04
163.998
160.007
156.074
152.208
148.415
144.703
141.079
137.548
134.118
130.794
127.58
124.483
121.507
118.656
115.934
113.345
110.892
108.578
106.407
104.38
102.5
100.769
99.188
97.76
96.486
95.367
94.403
93.595
92.943
92.448
92.108
91.922
91.891
92.01
92.28
92.696
93.255
93.954
94.789
95.755
96.847
98.06
99.387
100.824
102.363
103.998
105.722
107.528
109.408
111.354
113.359
115.414
117.512
119.644
121.801
123.976
126.16
128.345
130.522
132.684
134.821
136.927
138.995
141.016
142.984
144.893
146.737
148.511
150.21
151.831
153.369
154.822
156.187
157.462
158.646
159.738
160.739
161.647
162.464
163.191
163.829
164.382
164.85
165.237
165.546
165.78
165.944
166.041
166.075
166.051
165.974
165.848
165.679
165.472
165.232
164.963
164.67
164.358
164.032
163.696
163.353
163.007
162.661
162.318
161.981
161.652
161.332
161.024
160.727
160.444
160.174
159.917
159.673
159.441
159.221
159.011
158.811
158.617
158.429
158.245
158.061
157.876
157.687
157.49
157.284
157.063
156.826
156.57
156.291
155.985
155.651
155.286
154.886
154.449
153.974
153.457
152.897
152.292
151.641
150.942
150.195
149.397
148.55
147.652
146.703
145.701
144.647
143.541
142.381
141.168
139.901
138.579
137.202
135.768
134.277
132.728
131.118
129.447
127.712
125.911
124.041
122.098
120.079
117.979
115.795
113.521
111.152
108.682
106.104
103.412
100.598
97.655
94.575
91.349
87.971
84.43
80.718
76.828
72.75
68.476
63.999
59.31
54.402
49.268
43.903
38.3
32.455
26.363
20.023
13.43
6.586
-0.511
-7.859
-15.455
-23.295
-31.375
-39.688
-48.226
-56.98
-65.939
-75.092
-84.425
-93.924
-103.574
-113.358
-123.257
-133.254
-143.327
-153.458
-163.624
-173.805
-183.978
-194.121
-204.211
-214.227
-224.145
-233.943
-243.601
-253.097
-262.411
-271.525
-280.419
-289.076
-297.482
-305.622
-313.482
-321.052
-328.322
-335.283
-341.931
-348.259
-354.266
-359.95
-365.314
-370.36
-375.093
-379.519
-383.646
-387.486
-391.049
-394.348
-397.397
-400.213
-402.812
-405.213
-407.432
-409.492
-411.41
-413.208
-414.907
-416.527
-418.088
-419.612
-421.119
-422.627
-424.155
-425.723
-427.346
-429.041
-430.824
-432.707
-434.704
-436.826
-439.081
-441.48
-444.027
-446.729
-449.588
-452.606
-455.785
-459.121
-462.613
-466.255
-470.042
-473.965
-478.016
-482.184
-486.457
-490.823
-495.266
-499.772
-504.325
-508.907
-513.502
-518.092
-522.657
-527.18
-531.64
-536.02
-540.298
-544.457
-548.477
-552.339
-556.024
-559.513
-562.79
-565.835
-568.633
-571.167
-573.421
-575.38
-577.031
-578.359
-579.353
-580
-580.292
-580.217
-579.769
-578.939
-577.723
-576.114
-574.11
-571.707
-568.904
-565.7
-562.096
-558.093
-553.694
-548.902
-543.721
-538.158
-532.217
-525.907
-519.235
-512.211
-504.845
-497.146
-489.127
-480.801
-472.179
-463.277
-454.11
-444.691
-435.039
-425.169
-415.099
-404.847
-394.432
-383.871
-373.183
-362.389
-351.507
-340.557
-329.56
-318.534
-307.499
-296.477
-285.486
-274.547
-263.679
-252.902
-242.236
-231.699
-221.31
-211.089
-201.052
-191.217
-181.603
-172.224
-163.097
-154.237
-145.658
-137.374
-129.396
-121.737
-114.406
-107.414
-100.767
-94.474
-88.541
-82.972
-77.772
-72.943
-68.487
-64.404
-60.693
-57.353
-54.381
-51.772
-49.521
-47.622
-46.067
-44.848
-43.955
-43.379
-43.107
-43.127
-43.427
-43.993
-44.809
-45.861
-47.132
-48.607
-50.27
-52.102
-54.088
-56.21
-58.451
-60.793
-63.221
-65.716
-68.262
-70.844
-73.445
-76.051
-78.645
-81.215
-83.746
-86.226
-88.644
-90.987
-93.245
-95.408
-97.469
-99.418
-101.248
-102.954
-104.53
-105.971
-107.274
-108.436
-109.456
-110.331
-111.062
-111.649
-112.093
-112.395
-112.558
-112.585
-112.479
-112.243
-111.882
-111.4
-110.803
-110.094
-109.28
-108.365
-107.356
-106.257
-105.075
-103.815
-102.483
-101.084
-99.623
-98.107
-96.54
-94.928
-93.276
-91.589
-89.872
-88.131
-86.369
-84.592
-82.805
-81.012
-79.216
-77.424
-75.639
-73.866
-72.109
-70.373
-68.662
-66.981
-65.333
-63.725
-62.159
-60.641
-59.175
-57.766
-56.418
-55.137
-53.926
-52.791
-51.737
-50.767
-49.886
-49.099
-48.41
-47.822
-47.341
-46.968
-46.708
-46.563
-46.537
-46.631
-46.847
-47.187
-47.652
-48.243
-48.959
-49.8
-50.765
-51.853
-53.061
-54.387
-55.826
-57.376
-59.032
-60.788
-62.639
-64.578
-66.6
-68.697
-70.862
-73.086
-75.362
-77.68
-80.033
-82.41
-84.804
-87.205
-89.603
-91.991
-94.358
-96.695
-98.995
-101.248
-103.446
-105.581
-107.645
-109.631
-111.532
-113.341
-115.052
-116.661
-118.162
-119.55
-120.824
-121.979
-123.014
-123.926
-124.716
-125.382
-125.925
-126.347
-126.648
-126.832
-126.9
-126.857
-126.705
-126.45
-126.095
-125.646
-125.107
-124.485
-123.785
-123.013
-122.175
-121.277
-120.327
-119.33
-118.294
-117.225
-116.13
-115.017
-113.89
-112.757
-111.624
-110.497
-109.382
-108.284
-107.207
-106.158
-105.139
-104.154
-103.208
-102.302
-101.438
-100.619
-99.844
-99.116
-98.434
-97.797
-97.204
-96.654
-96.144
-95.672
-95.235
-94.828
-94.448
-94.09
-93.747
-93.415
-93.086
-92.754
-92.411
-92.049
-91.66
-91.235
-90.766
-90.244
-89.66
-89.005
-88.27
-87.446
-86.524
-85.496
-84.354
-83.089
-81.695
-80.166
-78.495
-76.676
-74.706
-72.58
-70.295
-67.849
-65.241
-62.47
-59.536
-56.442
-53.191
-49.786
-46.232
-42.535
-38.702
-34.743
-30.665
-26.479
-22.196
-17.828
-13.388
-8.888
-4.344
0.232
4.824
9.416
13.995
18.545
23.051
27.498
31.872
36.16
40.346
44.42
48.369
52.183
55.85
59.363
62.712
65.893
68.899
71.726
74.373
76.838
79.122
81.226
83.155
84.914
86.508
87.946
89.235
90.387
91.413
92.324
93.134
93.857
94.506
95.097
95.645
96.165
96.672
97.183
97.711
98.273
98.881
99.55
100.293
101.122
102.048
103.082
104.233
105.51
106.917
108.462
110.147
111.974
113.946
116.06
118.315
120.707
123.232
125.883
128.653
131.532
134.512
137.582
140.73
143.944
147.211
150.52
153.855
157.205
160.556
163.895
167.208
170.484
173.711
176.876
179.968
182.979
185.897
188.715
191.426
194.022
196.498
198.852
201.079
203.179
205.151
206.996
208.716
210.314
211.795
213.164
214.428
215.594
216.67
217.665
218.589
219.451
220.261
221.029
221.764
222.477
223.176
223.869
224.566
225.273
225.998
226.747
227.527
228.34
229.192
230.085
231.02
231.998
233.017
234.076
235.171
236.299
237.453
238.628
239.816
241.009
242.198
243.37
244.516
245.622
246.675
247.661
248.567
249.376
250.075
250.651
251.088
251.376
251.501
251.451
251.213
250.777
250.132
249.27
248.183
246.861
245.301
243.503
241.469
239.204
236.705
233.97
231.001
227.81
224.392
220.735
216.827
212.665
208.263
203.656
198.858
193.868
188.741
183.6
178.494
173.41
168.363
163.273
158.379
154.255
150.721
147.283
143.032
136.266
127.268
117.461
108.291
102.623
100.688
100.982
102.67
102.828
100.519
96.471
90.365
84.166
79.104
75.18
73.266
72.558
72.19
72.082
71.678
71.112
70.762
70.581
70.639
70.931
71.306
71.806
72.603
73.735
75.072
76.463
77.946
79.917
82.835
86.525
89.505
89.714
86.294
80.346
75.3
75.03
81.025
91.962
104.249
114.368
120.745
123.96
126.042
128.507
132.044
136.57
141.337
145.999
150.513
154.783
158.826
162.589
165.806
168.308
170.033
170.865
170.838
170.097
168.789
167.151
165.355
163.41
161.324
159.136
156.842
154.488
152.023
149.123
145.698
141.885
137.833
133.977
130.753
128.395
127.471
128.802
132.8
139.847
149.865
162.077
176.2
191.752
208.393
225.884
242.626
257.265
268.273
274.481
277.238
277.891
277.917
278.999
280.708
282.764
285.432
288.352
291.843
296.053
300.423
304.759
308.959
312.769
316.009
318.577
320.4
321.632
322.704
323.876
325.183
326.708
328.479
330.325
332.101
333.468
334.084
334.157
333.859
332.98
330.551
325.225
316.975
307.625
301.064
301.419
310.026
325.382
343.678
360.741
374.782
386.057
395.747
404.934
413.755
421.685
428.269
433.605
437.971
441.644
444.912
447.789
450.162
451.943
452.964
453.018
452.047
450.094
447.21
443.51
439.138
434.193
428.811
423.145
417.26
411.181
404.935
398.528
391.998
385.425
378.819
372.152
365.419
358.594
351.683
344.729
337.71
330.592
323.361
315.995
308.514
300.978
293.419
285.864
278.352
270.902
263.571
256.458
249.605
243.031
236.723
230.621
224.707
218.991
213.466
208.126
202.955
197.915
192.992
188.183
183.463
178.804
174.159
169.451
164.642
159.722
154.704
149.637
144.556
139.483
134.444
129.46
124.553
119.749
115.061
110.494
106.05
101.732
97.549
93.525
89.681
86.03
82.574
79.296
76.177
73.191
70.325
67.579
64.936
62.37
59.851
57.348
54.865
52.442
50.1
47.853
45.707
43.659
41.733
39.964
38.377
36.998
35.825
34.841
34.065
33.544
33.33
33.48
33.995
34.827
35.961
37.392
39.104
41.07
43.209
45.428
47.665
49.883
52.062
54.195
56.228
58.08
59.677
60.945
61.848
62.38
62.494
62.125
61.249
59.874
58.069
55.916
53.451
50.682
47.61
44.245
40.621
36.786
32.769
28.591
24.275
19.842
15.349
10.866
6.426
2.03
-2.362
-6.785
-11.246
-15.731
-20.226
-24.731
-29.246
-33.764
-38.259
-42.698
-47.061
-51.34
-55.541
-59.676
-63.735
-67.695
-71.519
-75.177
-78.648
-81.918
-84.971
-87.787
-90.349
-92.654
-94.711
-96.53
-98.117
-99.471
-100.592
-101.481
-102.145
-102.596
-102.847
-102.909
-102.797
-102.526
-102.115
-101.584
-100.95
-100.231
-99.44
-98.593
-97.705
-96.796
-95.881
-94.976
-94.099
-93.265
-92.492
-91.795
-91.19
-90.688
-90.303
-90.046
-89.926
-89.953
-90.133
-90.473
-90.977
-91.65
-92.495
-93.512
-94.702
-96.065
-97.599
-99.302
-101.169
-103.198
-105.382
-107.715
-110.192
-112.805
-115.546
-118.406
-121.377
-124.45
-127.616
-130.866
-134.19
-137.58
-141.027
-144.522
-148.057
-151.624
-155.214
-158.821
-162.435
-166.052
-169.663
-173.262
-176.845
-180.406
-183.941
-187.447
-190.918
-194.351
-197.744
-201.09
-204.388
-207.632
-210.819
-213.944
-217.005
-219.998
-222.921
-225.771
-228.547
-231.246
-233.865
-236.402
-238.853
-241.213
-243.478
-245.643
-247.701
-249.646
-251.476
-253.184
-254.768
-256.224
-257.549
-258.742
-259.801
-260.722
-261.501
-262.132
-262.611
-262.933
-263.091
-263.083
-262.907
-262.564
-262.057
-261.391
-260.571
-259.602
-258.486
-257.223
-255.807
-254.236
-252.51
-250.635
-248.625
-246.502
-244.295
-242.037
-239.763
-237.498
-235.266
-233.075
-230.923
-228.8
-226.69
-224.59
-222.513
-220.473
-218.485
-216.552
-214.662
-212.788
-210.888
-208.909
-206.783
-204.448
-201.849
-198.961
-195.804
-192.431
-188.923
-185.342
-181.732
-178.128
-174.566
-171.099
-167.789
-164.705
-161.918
-159.521
-157.637
-156.395
-155.928
-156.312
-157.548
-159.578
-162.287
-165.577
-169.352
-173.508
-177.936
-182.496
-187.059
-191.516
-195.772
-199.714
-203.186
-206.01
-207.998
-209.017
-209.013
-207.987
-205.996
-203.09
-199.34
-194.839
-189.707
-184.093
-178.118
-171.862
-165.383
-158.75
-152.061
-145.443
-139.031
-132.92
-127.163
-121.786
-116.788
-112.171
-107.91
-103.957
-100.23
-96.635
-93.107
-89.614
-86.145
-82.69
-79.227
-75.72
-72.135
-68.46
-64.691
-60.825
-56.865
-52.809
-48.671
-44.484
-40.294
-36.155
-32.102
-28.157
-24.332
-20.639
-17.087
-13.687
-10.443
-7.353
-4.413
-1.629
0.994
3.449
5.734
7.852
9.813
11.624
13.29
14.818
16.211
17.478
18.624
19.654
20.57
21.375
22.073
22.673
23.182
23.61
23.965
24.256
24.494
24.693
24.865
25.019
25.168
25.323
25.497
25.703
25.954
26.258
26.626
27.069
27.597
28.221
28.951
29.794
30.753
31.843
33.071
34.445
35.975
37.657
39.485
41.461
43.581
45.839
48.227
50.734
53.344
56.063
58.89
61.825
64.869
68.003
71.214
74.491
77.813
81.17
84.552
87.933
91.299
94.66
98.015
101.371
104.741
108.095
111.407
114.667
117.837
120.892
123.804
126.531
129.054
131.367
133.462
135.347
137.011
138.397
139.472
140.195
140.5
140.363
139.742
138.573
136.862
134.642
131.953
128.86
125.403
121.591
117.446
112.984
108.238
103.278
98.152
92.914
87.673
82.534
77.647
73.174
69.178
65.653
62.578
59.889
57.532
55.472
53.633
51.944
50.344
48.736
47.053
45.215
43.087
40.507
37.28
33.165
28.016
21.839
14.655
6.545
-2.359
-12.024
-22.379
-33.223
-44.381
-55.808
-67.416
-79.174
-91.059
-102.683
-113.598
-123.563
-132.344
-139.679
-145.426
-149.327
-151.131
-151.118
-149.64
-146.864
-143.04
-138.374
-133.007
-127.311
-121.668
-116.071
-110.537
-105.186
-100.048
-95.256
-90.944
-87.055
-83.522
-80.419
-77.772
-75.593
-73.909
-72.643
-71.712
-71.083
-70.715
-70.563
-70.577
-70.676
-70.794
-70.906
-71.014
-71.153
-71.343
-71.576
-71.848
-72.152
-72.484
-72.852
-73.238
-73.592
-73.89
-74.122
-74.311
-74.53
-74.827
-75.225
-75.731
-76.325
-77.017
-77.863
-78.913
-80.218
-81.84
-83.836
-86.306
-89.404
-93.227
-97.821
-103.176
-109.205
-115.833
-123.007
-130.658
-138.718
-147.089
-155.628
-164.197
-172.66
-180.87
-188.679
-195.9
-202.295
-207.681
-211.936
-214.989
-216.844
-217.509
-216.989
-215.319
-212.558
-208.793
-204.141
-198.726
-192.669
-186.093
-179.12
-171.894
-164.587
-157.338
-150.254
-143.409
-136.834
-130.555
-124.596
-118.96
-113.629
-108.566
-103.722
-99.041
-94.467
-89.956
-85.469
-80.969
-76.412
-71.77
-67.026
-62.178
-57.242
-52.235
-47.17
-42.073
-36.973
-31.91
-26.928
-22.072
-17.389
-12.918
-8.687
-4.725
-1.052
2.315
5.363
8.085
10.48
12.547
14.282
15.683
16.749
17.482
17.888
17.974
17.748
17.216
16.387
15.267
13.865
12.187
10.242
8.038
5.582
2.886
-0.038
-3.177
-6.513
-10.03
-13.713
-17.543
-21.502
-25.57
-29.729
-33.961
-38.247
-42.569
-46.906
-51.24
-55.551
-59.82
-64.031
-68.163
-72.201
-76.125
-79.92
-83.57
-87.059
-90.374
-93.499
-96.424
-99.136
-101.626
-103.887
-105.912
-107.695
-109.234
-110.525
-111.569
-112.365
-112.915
-113.222
-113.291
-113.128
-112.74
-112.137
-111.329
-110.327
-109.146
-107.801
-106.307
-104.679
-102.931
-101.08
-99.141
-97.131
-95.067
-92.966
-90.845
-88.723
-86.622
-84.563
-82.567
-80.65
-78.829
-77.119
-75.533
-74.083
-72.776
-71.618
-70.615
-69.775
-69.109
-68.635
-68.362
-68.289
-68.411
-68.716
-69.188
-69.818
-70.582
-71.453
-72.412
-73.443
-74.544
-75.735
-77.017
-78.385
-79.825
-81.304
-82.803
-84.318
-85.841
-87.375
-88.932
-90.514
-92.146
-93.884
-95.752
-97.763
-99.909
-102.129
-104.373
-106.611
-108.805
-110.941
-112.989
-114.896
-116.618
-118.117
-119.336
-120.231
-120.741
-120.747
-120.172
-118.957
-117.055
-114.507
-111.358
-107.638
-103.405
-98.72
-93.651
-88.308
-82.8
-77.209
-71.628
-66.143
-60.838
-55.861
-51.334
-47.363
-44.057
-41.45
-39.549
-38.37
-37.895
-38.079
-38.867
-40.164
-41.852
-43.857
-46.108
-48.538
-51.1
-53.703
-56.258
-58.682
-60.885
-62.807
-64.412
-65.663
-66.535
-67.038
-67.187
-67.029
-66.637
-66.055
-65.305
-64.404
-63.345
-62.128
-60.766
-59.275
-57.673
-55.985
-54.222
-52.398
-50.531
-48.63
-46.688
-44.677
-42.541
-40.22
-37.682
-34.909
-31.902
-28.682
-25.252
-21.6
-17.723
-13.608
-9.237
-4.604
0.324
5.597
11.225
17.191
23.44
29.878
36.435
43.072
49.751
56.461
63.172
69.834
76.413
82.875
89.178
95.281
101.111
106.563
111.581
116.148
120.289
124.082
127.579
130.802
133.775
136.513
139.036
141.377
143.552
145.557
147.409
149.13
150.768
152.406
154.085
155.812
157.568
159.294
160.952
162.527
163.997
165.342
166.546
167.594
168.487
169.248
169.886
170.4
170.777
170.984
171.012
170.868
170.571
170.151
169.635
169.041
168.39
167.71
167.019
166.334
165.662
164.998
164.344
163.708
163.103
162.543
162.04
161.6
161.23
160.933
160.714
160.577
160.522
160.548
160.655
160.844
161.118
161.484
161.945
162.502
163.155
163.904
164.748
165.684
166.706
167.808
168.981
170.219
171.515
172.86
174.248
175.668
177.113
178.572
180.037
181.497
182.94
184.353
185.725
187.045
188.301
189.484
190.582
191.588
192.494
193.295
193.984
194.555
195
195.314
195.49
195.522
195.402
195.125
194.687
194.086
193.325
192.408
191.341
190.131
188.785
187.312
185.718
184.011
182.193
180.266
178.238
176.115
173.913
171.651
169.343
167
164.634
162.252
159.855
157.434
154.969
152.435
149.822
147.124
144.349
141.517
138.642
135.747
132.861
129.996
127.167
124.394
121.672
119.015
116.457
114.041
111.84
109.94
108.392
107.242
106.528
106.251
106.405
106.956
107.82
108.936
110.255
111.72
113.303
114.956
116.576
118.067
119.316
120.182
120.578
120.407
119.547
117.941
115.555
112.403
108.589
104.199
99.289
93.943
88.24
82.295
76.304
70.436
64.836
59.671
55.06
51.14
48.11
46.1
45.193
45.441
46.803
49.249
52.797
57.404
62.98
69.391
76.408
83.823
91.5
99.292
107.077
114.727
122.049
128.899
135.19
140.833
145.783
149.988
153.34
155.795
157.386
158.188
158.354
158.035
157.309
156.251
154.932
153.408
151.767
150.073
148.341
146.597
144.876
143.221
141.72
140.424
139.325
138.387
137.534
136.676
135.767
134.769
133.636
132.346
130.877
129.217
127.388
125.409
123.278
120.984
118.501
115.804
112.901
109.807
106.549
103.168
99.691
96.143
92.555
88.948
85.333
81.719
78.098
74.46
70.805
67.136
63.46
59.786
56.119
52.459
48.809
45.166
41.528
37.891
34.248
30.593
26.924
23.237
19.534
15.817
12.088
8.346
4.592
0.826
-2.953
-6.746
-10.555
-14.38
-18.224
-22.087
-25.967
-29.864
-33.775
-37.698
-41.632
-45.573
-49.519
-53.467
-57.416
-61.362
-65.305
-69.24
-73.168
-77.085
-80.989
-84.879
-88.752
-92.605
-96.438
-100.248
-104.033
-107.793
-111.526
-115.231
-118.908
-122.556
-126.175
-129.765
-133.324
-136.852
-140.348
-143.814
-147.248
-150.651
-154.024
-157.366
-160.679
-163.962
-167.215
-170.439
-173.632
-176.793
-179.921
-183.013
-186.067
-189.08
-192.047
-194.966
-197.831
-200.638
-203.38
-206.052
-208.649
-211.163
-213.587
-215.916
-218.141
-220.257
-222.255
-224.13
-225.874
-227.481
-228.945
-230.259
-231.418
-232.417
-233.25
-233.913
-234.402
-234.715
-234.848
-234.799
-234.57
-234.158
-233.566
-232.796
-231.85
-230.734
-229.452
-228.011
-226.418
-224.681
-222.81
-220.814
-218.703
-216.489
-214.184
-211.798
-209.344
-206.834
-204.281
-201.697
-199.093
-196.481
-193.873
-191.281
-188.713
-186.181
-183.694
-181.261
-178.889
-176.586
-174.358
-172.211
-170.15
-168.178
-166.297
-164.51
-162.816
-161.214
-159.704
-158.281
-156.942
-155.683
-154.497
-153.378
-152.318
-151.311
-150.347
-149.417
-148.514
-147.627
-146.748
-145.868
-144.978
-144.069
-143.134
-142.165
-141.154
-140.096
-138.985
-137.814
-136.58
-135.279
-133.906
-132.461
-130.941
-129.345
-127.673
-125.926
-124.104
-122.21
-120.247
-118.218
-116.128
-113.981
-111.783
-109.54
-107.258
-104.945
-102.607
-100.252
-97.887
-95.52
-93.157
-90.807
-88.476
-86.17
-83.896
-81.658
-79.463
-77.315
-75.218
-73.175
-71.19
-69.264
-67.4
-65.6
-63.864
-62.193
-60.587
-59.046
-57.57
-56.157
-54.806
-53.516
-52.285
-51.111
-49.992
-48.925
-47.907
-46.936
-46.009
-45.123
-44.275
-43.462
-42.682
-41.932
-41.209
-40.512
-39.839
-39.187
-38.556
-37.944
-37.351
-36.775
-36.217
-35.676
-35.153
-34.645
-34.155
-33.681
-33.224
-32.783
-32.358
-31.948
-31.553
-31.171
-30.802
-30.443
-30.095
-29.754
-29.419
-29.087
-28.757
-28.424
-28.088
-27.743
-27.388
-27.018
-26.63
-26.22
-25.783
-25.316
-24.815
-24.274
-23.69
-23.058
-22.374
-21.634
-20.834
-19.97
-19.038
-18.037
-16.962
-15.813
-14.587
-13.283
-11.901
-10.441
-8.905
-7.292
-5.605
-3.848
-2.023
-0.134
1.813
3.814
5.863
7.952
10.075
12.225
14.392
16.568
18.744
20.909
23.055
25.17
27.243
29.265
31.224
33.108
34.908
36.611
38.208
39.688
41.04
42.255
43.324
44.239
44.99
45.57
45.974
46.195
46.228
46.068
45.712
45.159
44.406
43.453
42.301
40.951
39.407
37.672
35.752
33.652
31.379
28.944
26.353
23.619
20.752
17.765
14.671
11.483
8.217
4.887
1.51
-1.899
-5.323
-8.745
-12.149
-15.518
-18.835
-22.083
-25.246
-28.307
-31.251
-34.063
-36.728
-39.232
-41.561
-43.703
-45.647
-47.382
-48.899
-50.189
-51.245
-52.062
-52.634
-52.959
-53.035
-52.86
-52.437
-51.766
-50.852
-49.698
-48.312
-46.699
-44.868
-42.828
-40.589
-38.162
-35.558
-32.789
-29.869
-26.81
-23.626
-20.332
-16.941
-13.468
-9.928
-6.336
-2.705
0.949
4.612
8.271
11.913
15.523
19.091
22.604
26.051
29.421
32.706
35.897
38.986
41.966
44.832
47.578
50.2
52.696
55.063
57.299
59.404
61.378
63.222
64.938
66.527
67.993
69.338
70.568
71.686
72.698
73.609
74.425
75.153
75.8
76.373
76.878
77.325
77.721
78.074
78.392
78.684
78.958
79.223
79.487
79.759
80.046
80.356
80.698
81.078
81.505
81.984
82.523
83.129
83.807
84.564
85.406
86.337
87.363
88.487
89.716
91.051
92.497
94.056
95.731
97.524
99.435
101.467
103.618
105.889
108.278
110.784
113.405
116.138
118.98
121.926
124.973
128.116
131.349
134.666
138.062
141.53
145.062
148.653
152.294
155.977
159.694
163.436
167.196
170.965
174.733
178.491
182.232
185.946
189.623
193.256
196.836
200.355
203.804
207.175
210.462
213.657
216.754
219.747
222.63
225.398
228.048
230.575
232.976
235.248
237.389
239.399
241.275
243.019
244.629
246.108
247.457
248.679
249.776
250.752
251.612
252.359
252.999
253.539
253.984
254.341
254.617
254.82
254.957
255.037
255.069
255.06
255.019
254.955
254.877
254.792
254.71
254.638
254.585
254.558
254.565
254.612
254.706
254.854
255.061
255.331
255.67
256.081
256.566
257.128
257.768
258.487
259.284
260.158
261.106
262.126
263.214
264.364
265.571
266.829
268.13
269.465
270.826
272.203
273.586
274.965
276.328
277.664
278.962
280.208
281.392
282.5
283.522
284.444
285.255
285.943
286.497
286.906
287.161
287.253
287.172
286.911
286.464
285.824
284.989
283.954
282.717
281.279
279.639
277.801
275.767
273.543
271.135
268.55
265.799
262.891
259.839
256.654
253.351
249.944
246.45
242.885
239.267
235.614
231.945
228.278
224.633
221.031
217.49
214.03
210.672
207.432
204.331
201.386
198.614
196.031
193.653
191.492
189.563
187.875
186.439
185.262
184.35
183.709
183.341
183.246
183.425
183.873
184.586
185.558
186.781
188.244
189.935
191.84
193.945
196.233
198.685
201.282
204.002
206.824
209.724
212.679
215.663
218.652
221.62
224.54
227.387
230.133
232.755
235.225
237.52
239.614
241.485
243.111
244.47
245.543
246.312
246.76
246.872
246.634
246.036
245.067
243.72
241.989
239.871
237.363
234.467
231.185
227.521
223.481
219.075
214.312
209.205
203.767
198.014
191.962
185.631
179.04
172.21
165.162
157.919
150.504
142.941
135.254
127.466
119.603
111.688
103.744
95.794
87.862
79.968
72.133
64.377
56.72
49.177
41.765
34.499
27.391
20.453
13.696
7.126
0.75
-5.427
-11.402
-17.173
-22.742
-28.11
-33.282
-38.261
-43.056
-47.673
-52.123
-56.415
-60.561
-64.574
-68.465
-72.25
-75.942
-79.555
-83.104
-86.603
-90.069
-93.514
-96.953
-100.4
-103.868
-107.37
-110.917
-114.521
-118.191
-121.937
-125.766
-129.686
-133.701
-137.816
-142.034
-146.357
-150.786
-155.318
-159.953
-164.686
-169.514
-174.429
-179.425
-184.493
-189.626
-194.812
-200.041
-205.301
-210.582
-215.869
-221.15
-226.413
-231.644
-236.829
-241.956
-247.011
-251.98
-256.853
-261.616
-266.257
-270.766
-275.133
-279.347
-283.4
-287.284
-290.991
-294.517
-297.855
-301.002
-303.955
-306.713
-309.274
-311.64
-313.811
-315.791
-317.583
-319.192
-320.624
-321.885
-322.982
-323.924
-324.719
-325.375
-325.904
-326.315
-326.618
-326.825
-326.945
-326.99
-326.972
-326.899
-326.785
-326.638
-326.469
-326.288
-326.104
-325.927
-325.764
-325.624
-325.513
-325.438
-325.404
-325.418
-325.482
-325.601
-325.776
-326.01
-326.304
-326.657
-327.069
-327.539
-328.066
-328.646
-329.276
-329.954
-330.675
-331.436
-332.23
-333.054
-333.903
-334.772
-335.655
-336.547
-337.444
-338.34
-339.23
-340.111
-340.977
-341.824
-342.649
-343.449
-344.219
-344.958
-345.664
-346.334
-346.968
-347.565
-348.124
-348.647
-349.134
-349.586
-350.005
-350.394
-350.755
-351.091
-351.406
-351.703
-351.985
-352.257
-352.523
-352.787
-353.053
-353.325
-353.608
-353.904
-354.219
-354.555
-354.917
-355.307
-355.728
-356.184
-356.676
-357.208
-357.779
-358.393
-359.05
-359.752
-360.497
-361.287
-362.121
-362.997
-363.915
-364.873
-365.868
-366.899
-367.962
-369.053
-370.17
-371.308
-372.463
-373.631
-374.807
-375.987
-377.165
-378.336
-379.495
-380.637
-381.757
-382.849
-383.908
-384.929
-385.906
-386.833
-387.706
-388.52
-389.268
-389.947
-390.552
-391.077
-391.518
-391.871
-392.132
-392.297
-392.362
-392.325
-392.183
-391.933
-391.574
-391.104
-390.522
-389.827
-389.02
-388.1
-387.068
-385.924
-384.672
-383.311
-381.844
-380.275
-378.605
-376.839
-374.979
-373.03
-370.996
-368.881
-366.691
-364.43
-362.104
-359.717
-357.277
-354.787
-352.255
-349.686
-347.085
-344.458
-341.81
-339.147
-336.472
-333.792
-331.109
-328.426
-325.748
-323.077
-320.414
-317.761
-315.119
-312.489
-309.87
-307.26
-304.66
-302.066
-299.476
-296.888
-294.297
-291.698
-289.089
-286.462
-283.814
-281.136
-278.424
-275.67
-272.868
-270.009
-267.086
-264.091
-261.017
-257.856
-254.601
-251.244
-247.777
-244.195
-240.491
-236.658
-232.693
-228.59
-224.345
-219.955
-215.417
-210.729
-205.891
-200.901
-195.761
-190.471
-185.034
-179.453
-173.731
-167.872
-161.883
-155.768
-149.536
-143.193
-136.749
-130.212
-123.592
-116.899
-110.146
-103.343
-96.503
-89.639
-82.762
-75.887
-69.026
-62.193
-55.401
-48.663
-41.993
-35.403
-28.906
-22.513
-16.237
-10.089
-4.079
1.782
7.485
13.021
18.383
23.562
28.552
33.348
37.944
42.338
46.526
50.506
54.278
57.841
61.198
64.35
67.301
70.055
72.617
74.995
77.194
79.223
81.091
82.807
84.381
85.825
87.15
88.366
89.487
90.525
91.492
92.401
93.266
94.098
94.913
95.721
96.537
97.371
98.237
99.146
100.108
101.135
102.236
103.42
104.695
106.069
107.548
109.138
110.842
112.665
114.608
116.674
118.862
121.172
123.602
126.15
128.811
131.582
134.456
137.428
140.49
143.635
146.853
150.135
153.472
156.851
160.262
163.693
167.133
170.567
173.985
177.373
180.718
184.008
187.229
190.37
193.418
196.362
199.19
201.892
204.456
206.874
209.137
211.235
213.163
214.913
216.48
217.857
219.042
220.032
220.823
221.415
221.808
222.002
222
221.806
221.422
220.856
220.112
219.199
218.126
216.902
215.537
214.043
212.433
210.718
208.915
207.035
205.096
203.112
201.099
199.074
197.054
195.054
193.093
191.188
189.355
187.611
185.974
184.46
183.085
181.865
180.814
179.948
179.281
178.823
178.589
178.587
178.828
179.319
180.068
181.079
182.357
183.904
185.722
187.81
190.166
192.787
195.668
198.803
202.183
205.801
209.645
213.705
217.967
222.418
227.042
231.825
236.749
241.796
246.948
252.187
257.492
262.845
268.225
273.612
278.987
284.329
289.62
294.841
299.973
304.999
309.903
314.669
319.282
323.728
327.995
332.072
335.949
339.617
343.069
346.298
349.299
352.069
354.606
356.907
358.973
360.805
362.404
363.775
364.921
365.847
366.559
367.064
367.369
367.483
367.413
367.169
366.76
366.194
365.481
364.63
363.651
362.552
361.343
360.03
358.623
357.128
355.553
353.903
352.185
350.404
348.563
346.669
344.723
342.729
340.69
338.608
336.484
334.32
332.117
329.875
327.594
325.276
322.919
320.523
318.088
315.613
313.098
310.542
307.946
305.309
302.632
299.915
297.158
294.363
291.531
288.664
285.765
282.837
279.882
276.903
273.906
270.895
267.874
264.849
261.824
258.806
255.799
252.811
249.846
246.911
244.012
241.155
238.344
235.587
232.888
230.253
227.687
225.193
222.777
220.442
218.192
216.029
213.955
211.973
210.083
208.285
206.581
204.968
203.446
202.013
200.665
199.4
198.214
197.102
196.059
195.08
194.158
193.289
192.463
191.676
190.918
190.184
189.465
188.753
188.041
187.321
186.584
185.824
185.032
184.2
183.323
182.392
181.401
180.344
179.214
178.008
176.718
175.342
173.875
172.314
170.655
168.898
167.039
165.079
163.017
160.852
158.586
156.221
153.757
151.199
148.548
145.808
142.983
140.077
137.096
134.043
130.926
127.749
124.519
121.243
117.925
114.575
111.197
107.8
104.389
100.972
97.556
94.147
90.753
87.379
84.031
80.716
77.44
74.208
71.025
67.897
64.826
61.819
58.878
56.006
53.207
50.482
47.835
45.265
42.775
40.365
38.035
35.784
33.612
31.518
29.498
27.551
25.675
23.864
22.116
20.426
18.79
17.202
15.657
14.149
12.671
11.218
9.781
8.354
6.929
5.499
4.055
2.59
1.096
-0.437
-2.016
-3.649
-5.346
-7.113
-8.96
-10.894
-12.923
-15.054
-17.296
-19.654
-22.135
-24.745
-27.49
-30.373
-33.399
-36.572
-39.893
-43.366
-46.991
-50.769
-54.698
-58.778
-63.007
-67.379
-71.893
-76.541
-81.318
-86.217
-91.23
-96.348
-101.561
-106.858
-112.227
-117.657
-123.135
-128.645
-134.174
-139.707
-145.228
-150.72
-156.168
-161.555
-166.863
-172.075
-177.176
-182.146
-186.97
-191.631
-196.113
-200.399
-204.476
-208.327
-211.939
-215.299
-218.395
-221.215
-223.749
-225.988
-227.923
-229.549
-230.858
-231.846
-232.51
-232.847
-232.856
-232.539
-231.896
-230.93
-229.645
-228.047
-226.142
-223.937
-221.441
-218.663
-215.615
-212.308
-208.754
-204.966
-200.958
-196.745
-192.342
-187.764
-183.027
-178.147
-173.141
-168.025
-162.815
-157.527
-152.179
-146.785
-141.363
-135.927
-130.493
-125.075
-119.688
-114.346
-109.061
-103.848
-98.717
-93.681
-88.751
-83.935
-79.245
-74.689
-70.274
-66.009
-61.9
-57.952
-54.171
-50.562
-47.127
-43.87
-40.793
-37.897
-35.185
-32.655
-30.308
-28.143
-26.158
-24.353
-22.724
-21.27
-19.986
-18.87
-17.917
-17.124
-16.486
-15.997
-15.653
-15.448
-15.377
-15.434
-15.612
-15.905
-16.307
-16.811
-17.411
-18.1
-18.871
-19.717
-20.633
-21.61
-22.644
-23.728
-24.854
-26.019
-27.214
-28.436
-29.678
-30.935
-32.202
-33.474
-34.747
-36.016
-37.278
-38.528
-39.764
-40.982
-42.18
-43.355
-44.504
-45.627
-46.721
-47.786
-48.82
-49.823
-50.795
-51.735
-52.643
-53.52
-54.366
-55.181
-55.967
-56.722
-57.449
-58.148
-58.82
-59.464
-60.083
-60.676
-61.245
-61.788
-62.308
-62.804
-63.276
-63.724
-64.148
-64.548
-64.922
-65.27
-65.591
-65.883
-66.146
-66.378
-66.577
-66.741
-66.869
-66.958
-67.006
-67.011
-66.971
-66.884
-66.747
-66.56
-66.321
-66.026
-65.677
-65.27
-64.805
-64.282
-63.699
-63.057
-62.355
-61.594
-60.775
-59.898
-58.966
-57.979
-56.94
-55.851
-54.715
-53.535
-52.315
-51.059
-49.77
-48.454
-47.115
-45.757
-44.387
-43.009
-41.63
-40.254
-38.887
-37.534
-36.202
-34.895
-33.619
-32.379
-31.18
-30.027
-28.924
-27.875
-26.884
-25.954
-25.09
-24.292
-23.565
-22.908
-22.325
-21.815
-21.378
-21.015
-20.725
-20.506
-20.356
-20.273
-20.254
-20.296
-20.393
-20.543
-20.739
-20.977
-21.251
-21.555
-21.882
-22.227
-22.583
-22.941
-23.296
-23.641
-23.967
-24.268
-24.536
-24.764
-24.945
-25.072
-25.138
-25.137
-25.063
-24.911
-24.674
-24.349
-23.93
-23.415
-22.8
-22.082
-21.26
-20.334
-19.301
-18.163
-16.921
-15.576
-14.13
-12.587
-10.95
-9.222
-7.41
-5.518
-3.553
-1.52
0.572
2.716
4.904
7.127
9.376
11.642
13.914
16.183
18.439
20.671
22.869
25.023
27.122
29.158
31.119
32.997
34.782
36.467
38.044
39.504
40.841
42.049
43.122
44.055
44.844
45.485
45.976
46.313
46.495
46.522
46.393
46.108
45.67
45.08
44.341
43.457
42.432
41.271
39.98
38.564
37.032
35.389
33.644
31.806
29.881
27.881
25.812
23.684
21.506
19.288
17.038
14.764
12.477
10.184
7.894
5.615
3.355
1.123
-1.075
-3.23
-5.336
-7.385
-9.371
-11.287
-13.128
-14.887
-16.56
-18.142
-19.628
-21.014
-22.296
-23.473
-24.54
-25.495
-26.337
-27.065
-27.676
-28.171
-28.549
-28.81
-28.955
-28.982
-28.894
-28.692
-28.376
-27.949
-27.411
-26.766
-26.016
-25.164
-24.213
-23.167
-22.031
-20.808
-19.504
-18.124
-16.674
-15.16
-13.588
-11.967
-10.302
-8.601
-6.872
-5.123
-3.361
-1.596
0.165
1.913
3.64
5.338
6.998
8.611
10.17
11.667
13.094
14.442
15.705
16.876
17.947
18.913
19.768
20.507
21.124
21.617
21.983
22.218
22.322
22.293
22.132
21.84
21.419
20.871
20.2
19.41
18.507
17.496
16.383
15.177
13.885
12.515
11.075
9.576
8.027
6.438
4.819
3.18
1.533
-0.113
-1.746
-3.357
-4.934
-6.468
-7.948
-9.366
-10.712
-11.978
-13.156
-14.238
-15.219
-16.092
-16.853
-17.498
-18.022
-18.425
-18.703
-18.858
-18.888
-18.795
-18.581
-18.249
-17.803
-17.245
-16.581
-15.817
-14.959
-14.013
-12.986
-11.886
-10.721
-9.499
-8.23
-6.921
-5.583
-4.224
-2.855
-1.483
-0.119
1.228
2.548
3.834
5.075
6.264
7.392
8.452
9.436
10.337
11.15
11.867
12.484
12.996
13.398
13.686
13.857
13.908
13.836
13.64
13.317
12.867
12.288
11.582
10.748
9.788
8.702
7.492
6.162
4.713
3.149
1.474
-0.308
-2.192
-4.173
-6.246
-8.404
-10.641
-12.95
-15.325
-17.758
-20.242
-22.768
-25.329
-27.916
-30.52
-33.132
-35.744
-38.346
-40.929
-43.483
-45.998
-48.464
-50.871
-53.21
-55.469
-57.64
-59.711
-61.674
-63.519
-65.236
-66.816
-68.252
-69.533
-70.654
-71.606
-72.382
-72.978
-73.386
-73.603
-73.623
-73.444
-73.063
-72.477
-71.686
-70.688
-69.484
-68.076
-66.464
-64.651
-62.641
-60.439
-58.049
-55.477
-52.731
-49.818
-46.746
-43.525
-40.165
-36.676
-33.07
-29.358
-25.551
-21.664
-17.709
-13.699
-9.648
-5.57
-1.479
2.613
6.689
10.738
14.744
18.695
22.578
26.379
30.086
33.685
37.166
40.516
43.723
46.778
49.669
52.386
54.921
57.264
59.408
61.346
63.071
64.576
65.857
66.909
67.726
68.307
68.647
68.745
68.598
68.207
67.569
66.686
65.557
64.184
62.568
60.709
58.61
56.272
53.697
50.888
47.846
44.575
41.079
37.362
33.428
29.282
24.927
20.371
15.618
10.673
5.541
0.228
-5.26
-10.917
-16.735
-22.709
-28.831
-35.093
-41.487
-48.005
-54.638
-61.378
-68.216
-75.144
-82.152
-89.231
-96.37
-103.558
-110.782
-118.03
-125.287
-132.539
-139.772
-146.974
-154.13
-161.228
-168.256
-175.203
-182.058
-188.809
-195.443
-201.946
-208.301
-214.495
-220.511
-226.333
-231.947
-237.336
-242.487
-247.393
-252.046
-256.44
-260.562
-264.398
-267.938
-271.178
-274.115
-276.754
-279.097
-281.148
-282.925
-284.458
-285.777
-286.915
-287.889
-288.699
-289.35
-289.848
-290.2
-290.418
-290.494
-290.398
-290.109
-289.616
-288.905
-287.974
-286.784
-285.26
-283.341
-280.977
-278.142
-274.85
-271.103
-266.889
-262.225
-257.14
-251.71
-246.068
-240.315
-234.526
-228.784
-223.161
-217.779
-212.824
-208.441
-204.74
-201.811
-199.695
-198.459
-198.201
-198.956
-200.711
-203.39
-206.835
-210.922
-215.567
-220.652
-226.058
-231.612
-237.07
-242.244
-247.008
-251.232
-254.823
-257.651
-259.541
-260.394
-260.175
-258.899
-256.653
-253.5
-249.472
-244.649
-239.135
-233.074
-226.662
-220.038
-213.281
-206.484
-199.729
-193.122
-186.811
-180.889
-175.393
-170.348
-165.739
-161.566
-157.844
-154.547
-151.619
-148.987
-146.555
-144.265
-142.099
-140.03
-138.034
-136.076
-134.106
-132.1
-130.062
-127.99
-125.889
-123.758
-121.592
-119.404
-117.23
-115.104
-113.065
-111.139
-109.332
-107.653
-106.11
-104.709
-103.454
-102.342
-101.36
-100.502
-99.764
-99.142
-98.637
-98.24
-97.937
-97.716
-97.566
-97.476
-97.437
-97.443
-97.484
-97.555
-97.654
-97.777
-97.923
-98.09
-98.274
-98.469
-98.67
-98.871
-99.068
-99.256
-99.428
-99.579
-99.706
-99.804
-99.869
-99.899
-99.889
-99.835
-99.735
-99.584
-99.379
-99.117
-98.795
-98.41
-97.959
-97.441
-96.852
-96.191
-95.454
-94.64
-93.747
-92.771
-91.71
-90.562
-89.323
-87.992
-86.568
-85.047
-83.429
-81.713
-79.898
-77.983
-75.967
-73.851
-71.634
-69.315
-66.895
-64.373
-61.75
-59.025
-56.199
-53.273
-50.246
-47.119
-43.893
-40.568
-37.146
-33.627
-30.013
-26.304
-22.503
-18.611
-14.631
-10.565
-6.416
-2.187
2.119
6.498
10.946
15.46
20.035
24.666
29.35
34.08
38.852
43.661
48.5
53.364
58.247
63.142
68.043
72.942
77.833
82.708
87.559
92.379
97.159
101.891
106.566
111.177
115.715
120.171
124.538
128.807
132.97
137.02
140.949
144.751
148.419
151.948
155.33
158.563
161.64
164.559
167.316
169.909
172.335
174.594
176.686
178.61
180.368
181.961
183.393
184.667
185.787
186.758
187.586
188.279
188.843
189.287
189.619
189.849
189.987
190.044
190.029
189.954
189.831
189.671
189.484
189.284
189.081
188.886
188.711
188.565
188.46
188.404
188.407
188.477
188.623
188.852
189.169
189.581
190.093
190.708
191.43
192.261
193.202
194.254
195.416
196.687
198.064
199.546
201.126
202.802
204.569
206.419
208.348
210.348
212.413
214.535
216.707
218.921
221.169
223.445
225.741
228.05
230.366
232.681
234.992
237.292
239.577
241.844
244.088
246.308
248.502
250.669
252.809
254.924
257.015
259.083
261.134
263.17
265.197
267.22
269.244
271.277
273.325
275.395
277.494
279.631
281.812
284.046
286.34
288.702
291.138
293.654
296.257
298.952
301.744
304.636
307.631
310.732
313.94
317.254
320.674
324.198
327.823
331.543
335.353
339.247
343.216
347.252
351.344
355.481
359.652
363.843
368.04
372.23
376.398
380.527
384.603
388.609
392.53
396.349
400.049
403.616
407.033
410.286
413.361
416.242
418.917
421.374
423.601
425.587
427.324
428.803
430.018
430.961
431.63
432.021
432.132
431.963
431.516
430.792
429.795
428.531
427.006
425.227
423.202
420.941
418.455
415.754
412.851
409.757
406.487
403.053
399.469
395.749
391.908
387.959
383.917
379.795
375.607
371.365
367.084
362.774
358.448
354.116
349.788
345.474
341.182
336.918
332.69
328.502
324.358
320.262
316.216
312.22
308.275
304.379
300.531
296.728
292.966
289.242
285.549
281.883
278.237
274.605
270.979
267.353
263.718
260.067
256.393
252.686
248.94
245.147
241.299
237.39
233.412
229.36
225.228
221.01
216.704
212.305
207.81
203.218
198.528
193.74
188.855
183.875
178.802
173.641
168.396
163.072
157.675
152.212
146.692
141.122
135.511
129.868
124.205
118.53
112.855
107.192
101.551
95.944
90.383
84.879
79.445
74.091
68.829
63.671
58.626
53.706
48.918
44.274
39.78
35.445
31.275
27.276
23.454
19.813
16.356
13.086
10.005
7.114
4.413
1.902
-0.421
-2.557
-4.509
-6.28
-7.873
-9.294
-10.546
-11.635
-12.566
-13.346
-13.98
-14.475
-14.836
-15.071
-15.186
-15.188
-15.082
-14.875
-14.573
-14.181
-13.704
-13.147
-12.514
-11.808
-11.034
-10.194
-9.29
-8.325
-7.299
-6.214
-5.071
-3.871
-2.613
-1.298
0.074
1.504
2.991
4.536
6.14
7.801
9.521
11.298
13.132
15.023
16.969
18.969
21.021
23.122
25.269
27.458
29.686
31.946
34.234
36.543
38.867
41.197
43.526
45.844
48.143
50.413
52.642
54.821
56.939
58.985
60.947
62.815
64.577
66.222
67.74
69.121
70.354
71.429
72.339
73.075
73.63
73.996
74.168
74.141
73.911
73.475
72.833
71.983
70.925
69.662
68.197
66.534
64.678
62.636
60.415
58.024
55.472
52.772
49.933
46.968
43.891
40.715
37.453
34.121
30.733
27.302
23.845
20.375
16.907
13.455
10.033
6.654
3.329
0.072
-3.108
-6.2
-9.195
-12.086
-14.865
-17.528
-20.071
-22.489
-24.782
-26.949
-28.99
-30.909
-32.708
-34.393
-35.969
-37.443
-38.824
-40.121
-41.343
-42.502
-43.608
-44.675
-45.713
-46.737
-47.76
-48.793
-49.852
-50.948
-52.096
-53.307
-54.594
-55.968
-57.441
-59.023
-60.723
-62.549
-64.51
-66.61
-68.857
-71.253
-73.801
-76.504
-79.36
-82.37
-85.532
-88.84
-92.291
-95.879
-99.597
-103.435
-107.386
-111.439
-115.583
-119.806
-124.096
-128.441
-132.827
-137.241
-141.668
-146.096
-150.508
-154.893
-159.236
-163.524
-167.743
-171.882
-175.928
-179.87
-183.698
-187.403
-190.976
-194.408
-197.695
-200.829
-203.808
-206.626
-209.283
-211.777
-214.109
-216.28
-218.292
-220.148
-221.852
-223.411
-224.828
-226.112
-227.269
-228.307
-229.234
-230.059
-230.79
-231.436
-232.007
-232.512
-232.961
-233.361
-233.722
-234.052
-234.359
-234.651
-234.934
-235.216
-235.5
-235.793
-236.099
-236.421
-236.761
-237.121
-237.502
-237.904
-238.327
-238.768
-239.226
-239.697
-240.179
-240.666
-241.155
-241.64
-242.117
-242.581
-243.025
-243.446
-243.836
-244.191
-244.505
-244.774
-244.993
-245.157
-245.263
-245.307
-245.286
-245.197
-245.04
-244.812
-244.514
-244.145
-243.706
-243.199
-242.627
-241.992
-241.297
-240.548
-239.75
-238.907
-238.026
-237.113
-236.174
-235.217
-234.249
-233.277
-232.307
-231.347
-230.403
-229.481
-228.589
-227.731
-226.913
-226.139
-225.415
-224.744
-224.129
-223.573
-223.077
-222.644
-222.274
-221.967
-221.722
-221.539
-221.416
-221.35
-221.338
-221.376
-221.461
-221.588
-221.75
-221.944
-222.162
-222.399
-222.648
-222.903
-223.157
-223.404
-223.637
-223.851
-224.039
-224.195
-224.316
-224.395
-224.428
-224.411
-224.341
-224.214
-224.028
-223.78
-223.469
-223.092
-222.648
-222.137
-221.558
-220.91
-220.195
-219.411
-218.561
-217.644
-216.662
-215.618
-214.512
-213.346
-212.123
-210.844
-209.513
-208.131
-206.701
-205.224
-203.704
-202.141
-200.538
-198.898
-197.221
-195.508
-193.762
-191.983
-190.173
-188.332
-186.462
-184.562
-182.635
-180.682
-178.703
-176.699
-174.673
-172.625
-170.558
-168.473
-166.372
-164.258
-162.132
-159.998
-157.857
-155.712
-153.566
-151.422
-149.282
-147.149
-145.027
-142.918
-140.826
-138.753
-136.702
-134.677
-132.68
-130.714
-128.782
-126.888
-125.033
-123.22
-121.451
-119.728
-118.053
-116.427
-114.85
-113.324
-111.847
-110.421
-109.043
-107.714
-106.43
-105.192
-103.995
-102.839
-101.719
-100.634
-99.58
-98.554
-97.554
-96.575
-95.614
-94.67
-93.737
-92.814
-91.899
-90.987
-90.078
-89.169
-88.258
-87.343
-86.423
-85.498
-84.566
-83.626
-82.68
-81.727
-80.768
-79.804
-78.836
-77.866
-76.897
-75.929
-74.967
-74.011
-73.066
-72.134
-71.217
-70.319
-69.441
-68.588
-67.76
-66.961
-66.192
-65.455
-64.75
-64.079
-63.442
-62.839
-62.27
-61.734
-61.23
-60.758
-60.314
-59.897
-59.506
-59.137
-58.788
-58.457
-58.14
-57.834
-57.537
-57.245
-56.957
-56.669
-56.38
-56.087
-55.789
-55.484
-55.173
-54.855
-54.531
-54.203
-53.871
-53.539
-53.211
-52.891
-52.584
-52.295
-52.032
-51.802
-51.613
-51.473
-51.392
-51.38
-51.446
-51.601
-51.857
-52.223
-52.711
-53.332
-54.096
-55.014
-56.097
-57.352
-58.791
-60.42
-62.247
-64.279
-66.521
-68.978
-71.652
-74.546
-77.659
-80.991
-84.538
-88.298
-92.264
-96.429
-100.783
-105.317
-110.018
-114.873
-119.866
-124.982
-130.203
-135.509
-140.881
-146.297
-151.737
-157.177
-162.594
-167.965
-173.266
-178.474
-183.563
-188.511
-193.294
-197.89
-202.276
-206.43
-210.333
-213.965
-217.308
-220.345
-223.061
-225.442
-227.476
-229.152
-230.464
-231.402
-231.965
-232.147
-231.95
-231.373
-230.421
-229.098
-227.411
-225.37
-222.983
-220.263
-217.224
-213.881
-210.249
-206.346
-202.19
-197.8
-193.195
-188.396
-183.425
-178.3
-173.045
-167.68
-162.225
-156.702
-151.131
-145.532
-139.923
-134.322
-128.748
-123.215
-117.74
-112.335
-107.014
-101.788
-96.667
-91.66
-86.773
-82.014
-77.386
-72.892
-68.535
-64.315
-60.231
-56.282
-52.465
-48.777
-45.213
-41.767
-38.434
-35.208
-32.081
-29.047
-26.096
-23.223
-20.419
-17.676
-14.987
-12.344
-9.741
-7.17
-4.625
-2.1
0.409
2.907
5.399
7.887
10.373
12.861
15.35
17.841
20.334
22.828
25.321
27.81
30.293
32.766
35.226
37.668
40.088
42.482
44.844
47.169
49.453
51.691
53.877
56.008
58.078
60.085
62.024
63.891
65.686
67.404
69.045
70.608
72.093
73.499
74.827
76.079
77.257
78.363
79.401
80.375
81.288
82.147
82.955
83.719
84.445
85.14
85.809
86.46
87.1
87.736
88.375
89.024
89.691
90.382
91.104
91.864
92.668
93.522
94.432
95.403
96.439
97.545
98.725
99.982
101.318
102.737
104.238
105.825
107.497
109.254
111.097
113.024
115.033
117.124
119.293
121.539
123.859
126.248
128.704
131.223
133.8
136.431
139.112
141.838
144.603
147.403
150.233
153.087
155.961
158.847
161.743
164.641
167.538
170.428
173.307
176.169
179.011
181.827
184.615
187.371
190.09
192.77
195.408
198.002
200.549
203.048
205.498
207.896
210.243
212.537
214.78
216.972
219.112
221.203
223.247
225.244
227.198
229.11
230.986
232.827
234.637
236.422
238.184
239.93
241.663
243.389
245.112
246.839
248.574
250.322
252.09
253.881
255.701
257.553
259.444
261.376
263.353
265.378
267.454
269.583
271.766
274.004
276.297
278.645
281.047
283.5
286.002
288.549
291.138
293.762
296.416
299.094
301.787
304.488
307.188
309.876
312.544
315.18
317.773
320.31
322.78
325.171
327.468
329.66
331.733
333.673
335.469
337.106
338.573
339.857
340.945
341.827
342.492
342.93
343.13
343.084
342.785
342.225
341.398
340.298
338.923
337.268
335.332
333.113
330.612
327.83
324.769
321.433
317.825
313.952
309.819
305.435
300.808
295.946
290.862
285.564
280.066
274.38
268.519
262.496
256.327
250.025
243.605
237.084
230.476
223.797
217.062
210.288
203.49
196.683
189.883
183.103
176.36
169.667
163.038
156.486
150.024
143.663
137.415
131.291
125.3
119.452
113.755
108.216
102.842
97.638
92.609
87.759
83.091
78.606
74.306
70.191
66.259
62.509
58.938
55.543
52.319
49.262
46.365
43.622
41.026
38.568
36.242
34.037
31.944
29.955
28.06
26.248
24.51
22.836
21.215
19.639
18.098
16.582
15.083
13.592
12.103
10.607
9.098
7.572
6.022
4.444
2.836
1.195
-0.481
-2.191
-3.936
-5.714
-7.523
-9.359
-11.218
-13.095
-14.983
-16.876
-18.765
-20.642
-22.497
-24.322
-26.105
-27.837
-29.505
-31.098
-32.606
-34.016
-35.318
-36.5
-37.551
-38.463
-39.223
-39.824
-40.256
-40.512
-40.584
-40.466
-40.154
-39.643
-38.929
-38.01
-36.886
-35.556
-34.021
-32.284
-30.349
-28.221
-25.904
-23.406
-20.736
-17.902
-14.915
-11.785
-8.526
-5.149
-1.669
1.901
5.545
9.248
12.995
16.77
20.556
24.339
28.101
31.827
35.502
39.109
42.635
46.063
49.381
52.573
55.629
58.535
61.279
63.852
66.242
68.442
70.441
72.234
73.814
75.175
76.314
77.225
77.908
78.361
78.583
78.575
78.339
77.876
77.192
76.289
75.174
73.852
72.329
70.614
68.713
66.637
64.394
61.993
59.445
56.761
53.95
51.024
47.994
44.871
41.667
38.393
35.061
31.682
28.268
24.829
21.376
17.92
14.471
11.038
7.631
4.258
0.928
-2.353
-5.577
-8.74
-11.834
-14.856
-17.803
-20.67
-23.457
-26.161
-28.783
-31.321
-33.777
-36.153
-38.449
-40.669
-42.816
-44.894
-46.905
-48.854
-50.747
-52.586
-54.378
-56.127
-57.837
-59.514
-61.161
-62.783
-64.384
-65.967
-67.536
-69.091
-70.635
-72.17
-73.695
-75.21
-76.714
-78.205
-79.68
-81.134
-82.565
-83.966
-85.331
-86.653
-87.925
-89.139
-90.285
-91.356
-92.341
-93.23
-94.014
-94.683
-95.226
-95.635
-95.899
-96.009
-95.957
-95.735
-95.335
-94.75
-93.976
-93.008
-91.842
-90.475
-88.907
-87.137
-85.167
-82.999
-80.638
-78.088
-75.357
-72.452
-69.383
-66.159
-62.793
-59.298
-55.687
-51.975
-48.178
-44.312
-40.394
-36.441
-32.47
-28.501
-24.551
-20.638
-16.779
-12.992
-9.294
-5.701
-2.229
1.108
4.296
7.322
10.174
12.843
15.32
17.596
19.666
21.524
23.167
24.593
25.801
26.793
27.569
28.135
28.494
28.652
28.618
28.398
28.001
27.439
26.721
25.86
24.866
23.752
22.532
21.217
19.822
18.358
16.84
15.278
13.687
12.077
10.46
8.846
7.247
5.67
4.124
2.617
1.157
-0.252
-1.605
-2.897
-4.126
-5.288
-6.384
-7.413
-8.375
-9.271
-10.103
-10.875
-11.588
-12.247
-12.856
-13.419
-13.94
-14.425
-14.878
-15.304
-15.709
-16.096
-16.471
-16.837
-17.198
-17.558
-17.919
-18.284
-18.653
-19.028
-19.409
-19.795
-20.184
-20.574
-20.961
-21.34
-21.708
-22.057
-22.379
-22.668
-22.914
-23.108
-23.239
-23.296
-23.268
-23.142
-22.906
-22.547
-22.053
-21.409
-20.603
-19.621
-18.45
-17.078
-15.492
-13.68
-11.631
-9.333
-6.777
-3.953
-0.853
2.531
6.205
10.174
14.441
19.01
23.882
29.057
34.532
40.304
46.369
52.719
59.348
66.245
73.4
80.8
88.43
96.277
104.323
112.552
120.943
129.478
138.136
146.896
155.735
164.632
173.562
182.504
191.432
200.323
209.153
217.899
226.535
235.04
243.389
251.561
259.532
267.282
274.79
282.036
289.002
295.669
302.022
308.044
313.721
319.041
323.992
328.563
332.745
336.53
339.912
342.885
345.445
347.588
349.313
350.618
351.504
351.972
352.022
351.659
350.886
349.708
348.129
346.156
343.795
341.055
337.944
334.47
330.642
326.471
321.967
317.14
312.003
306.565
300.84
294.839
288.574
282.057
275.302
268.32
261.125
253.73
246.146
238.388
230.468
222.4
214.197
205.872
197.439
188.911
180.301
171.624
162.891
154.118
145.316
136.499
127.679
118.87
110.083
101.33
92.622
83.972
75.389
66.884
58.466
50.145
41.93
33.828
25.848
17.997
10.281
2.706
-4.722
-11.997
-19.116
-26.074
-32.869
-39.496
-45.955
-52.243
-58.36
-64.304
-70.076
-75.677
-81.106
-86.366
-91.459
-96.386
-101.15
-105.754
-110.2
-114.492
-118.634
-122.627
-126.476
-130.185
-133.755
-137.192
-140.497
-143.674
-146.726
-149.656
-152.466
-155.16
-157.739
-160.206
-162.563
-164.812
-166.954
-168.993
-170.928
-172.761
-174.493
-176.126
-177.659
-179.094
-180.431
-181.67
-182.811
-183.854
-184.799
-185.645
-186.393
-187.042
-187.591
-188.041
-188.39
-188.639
-188.787
-188.835
-188.783
-188.631
-188.38
-188.03
-187.583
-187.04
-186.403
-185.673
-184.853
-183.945
-182.952
-181.877
-180.724
-179.496
-178.197
-176.833
-175.407
-173.926
-172.394
-170.819
-169.205
-167.56
-165.891
-164.205
-162.51
-160.813
-159.122
-157.447
-155.794
-154.172
-152.59
-151.056
-149.578
-148.165
-146.823
-145.56
-144.383
-143.3
-142.316
-141.436
-140.665
-140.007
-139.467
-139.046
-138.745
-138.566
-138.508
-138.57
-138.751
-139.046
-139.452
-139.964
-140.575
-141.28
-142.068
-142.933
-143.864
-144.851
-145.882
-146.947
-148.032
-149.125
-150.213
-151.281
-152.316
-153.305
-154.233
-155.086
-155.852
-156.516
-157.067
-157.493
-157.784
-157.929
-157.919
-157.748
-157.409
-156.898
-156.211
-155.347
-154.305
-153.086
-151.693
-150.13
-148.403
-146.52
-144.487
-142.317
-140.019
-137.605
-135.091
-132.488
-129.813
-127.082
-124.312
-121.521
-118.727
-115.949
-113.205
-110.514
-107.894
-105.363
-102.938
-100.634
-98.467
-96.45
-94.596
-92.916
-91.416
-90.104
-88.985
-88.064
-87.34
-86.814
-86.483
-86.343
-86.39
-86.62
-87.024
-87.593
-88.313
-89.17
-90.149
-91.233
-92.403
-93.635
-94.905
-96.188
-97.461
-98.703
-99.887
-100.985
-101.964
-102.792
-103.451
-103.922
-104.19
-104.247
-104.084
-103.705
-103.129
-102.371
-101.443
-100.352
-99.095
-97.682
-96.133
-94.457
-92.677
-90.817
-88.882
-86.886
-84.831
-82.65
-80.268
-77.621
-74.629
-71.214
-67.284
-62.781
-57.697
-52.134
-46.313
-39.994
-32.886
-25.297
-17.246
