Name,Criss Capps
Date of Birth,"Feb 5, 1952"
Recorded Date,2022-01-04 12:00:21 -0400
Classification,Sinus Rhythm
Symptoms,
Software Version,1.90
Device,"Watch5,4"
Sample Rate,512.844 hertz


Lead,Lead I
Unit,µV

-68.094
-69.988
-71.848
-73.657
-75.397
-77.05
-78.598
-80.022
-81.302
-82.417
-83.348
-84.074
-84.574
-84.829
-84.819
-84.525
-83.929
-83.014
-81.763
-80.162
-78.197
-75.858
-73.133
-70.016
-66.5
-62.582
-58.259
-53.532
-48.405
-42.884
-36.975
-30.69
-24.042
-17.046
-9.72
-2.086
5.836
14.019
22.436
31.058
39.854
48.79
57.831
66.942
76.086
85.223
94.314
103.321
112.204
120.923
129.438
137.712
145.704
153.38
160.702
167.638
174.153
180.217
185.802
190.882
195.433
199.435
202.868
205.719
207.975
209.626
210.666
211.093
210.907
210.11
208.711
206.717
204.142
201.001
197.313
193.098
188.38
183.185
177.539
171.474
165.019
158.207
151.072
143.649
135.973
128.081
120.008
111.792
103.467
95.071
86.638
78.201
69.795
61.451
53.199
45.069
37.088
29.28
21.67
14.278
7.124
0.225
-6.405
-12.753
-18.81
-24.567
-30.02
-35.165
-40
-44.528
-48.75
-52.671
-56.298
-59.637
-62.699
-65.493
-68.032
-70.328
-72.394
-74.246
-75.896
-77.361
-78.656
-79.796
-80.797
-81.674
-82.442
-83.116
-83.71
-84.238
-84.712
-85.144
-85.546
-85.928
-86.298
-86.665
-87.035
-87.415
-87.807
-88.216
-88.645
-89.094
-89.564
-90.054
-90.562
-91.086
-91.624
-92.17
-92.721
-93.272
-93.818
-94.351
-94.868
-95.36
-95.823
-96.249
-96.631
-96.963
-97.239
-97.452
-97.596
-97.664
-97.652
-97.555
-97.367
-97.086
-96.707
-96.227
-95.646
-94.961
-94.171
-93.277
-92.279
-91.179
-89.978
-88.679
-87.286
-85.802
-84.232
-82.58
-80.852
-79.054
-77.191
-75.27
-73.297
-71.28
-69.225
-67.14
-65.033
-62.912
-60.783
-58.657
-56.539
-54.439
-52.363
-50.319
-48.314
-46.355
-44.447
-42.598
-40.813
-39.096
-37.452
-35.884
-34.397
-32.992
-31.67
-30.432
-29.279
-28.21
-27.222
-26.313
-25.479
-24.718
-24.025
-23.394
-22.82
-22.294
-21.81
-21.359
-20.933
-20.521
-20.112
-19.697
-19.263
-18.799
-18.295
-17.741
-17.122
-16.423
-15.633
-14.739
-13.732
-12.604
-11.34
-9.924
-8.358
-6.646
-4.786
-2.786
-0.629
1.705
4.201
6.838
9.655
12.677
15.921
19.418
23.129
26.983
31.007
35.253
39.55
43.694
47.782
51.787
55.655
59.777
63.036
64.342
65.204
66.068
69.735
79.554
91.786
103.93
112.259
111.674
106.648
100.972
97.241
99.762
105.452
111.199
116.339
118.993
120.285
121.65
122.814
123.967
125.037
125.763
126.382
127.076
127.796
128.549
129.359
130.19
130.995
131.694
132.138
132.225
131.904
131.112
129.795
127.871
125.242
121.85
117.594
112.348
106.091
98.871
90.874
82.527
74.264
66.484
59.716
54.483
51.105
49.688
49.849
50.718
51.409
51.153
49.227
44.974
38.003
28.43
17.354
6.798
-0.833
-2.95
2.863
18.834
47.142
89.363
145.583
214.432
292.142
372.679
450.107
519.391
578.637
627.846
665.699
687.944
683.505
641.451
555.17
423.385
260.331
85.915
-78.247
-207.813
-294.054
-338.446
-349.541
-345.65
-336.483
-324.327
-308.706
-284.137
-250.254
-211.581
-172.502
-138.106
-111.5
-93.313
-83.307
-80.361
-82.878
-89.071
-97.448
-106.704
-115.174
-121.497
-125.04
-125.613
-123.676
-120.187
-115.816
-111.229
-107.365
-104.817
-103.847
-104.545
-106.634
-109.666
-113.303
-117.148
-120.738
-123.817
-126.242
-127.93
-128.91
-129.181
-128.75
-127.698
-126.152
-124.242
-122.065
-119.687
-117.162
-114.571
-112.006
-109.536
-107.194
-104.974
-102.871
-100.89
-99.051
-97.382
-95.881
-94.529
-93.297
-92.143
-91.037
-89.951
-88.845
-87.673
-86.394
-84.976
-83.4
-81.662
-79.753
-77.657
-75.36
-72.843
-70.092
-67.1
-63.854
-60.348
-56.572
-52.521
-48.191
-43.586
-38.707
-33.556
-28.135
-22.446
-16.492
-10.284
-3.829
2.861
9.772
16.888
24.191
31.659
39.271
47.003
54.831
62.729
70.67
78.627
86.571
94.472
102.3
110.025
117.616
125.04
132.266
139.264
146.001
152.448
158.575
164.353
169.757
174.761
179.341
183.477
187.148
190.339
193.033
195.219
196.885
198.024
198.628
198.695
198.223
197.215
195.673
193.604
191.015
187.918
184.324
180.249
175.709
170.723
165.311
159.497
153.304
146.759
139.891
132.727
125.3
117.639
109.777
101.747
93.581
85.312
76.972
68.593
60.207
51.845
43.537
35.313
27.201
19.229
11.424
3.811
-3.587
-10.745
-17.643
-24.26
-30.577
-36.577
-42.244
-47.563
-52.521
-57.108
-61.313
-65.129
-68.55
-71.572
-74.193
-76.412
-78.231
-79.651
-80.676
-81.311
-81.56
-81.432
-80.933
-80.07
-78.853
-77.291
-75.394
-73.171
-70.632
-67.79
-64.655
-61.239
-57.554
-53.612
-49.426
-45.01
-40.376
-35.54
-30.515
-25.317
-19.96
-14.459
-8.829
-3.084
2.761
8.692
14.694
20.755
26.859
32.995
39.149
45.306
51.455
57.581
63.672
69.714
75.694
81.599
87.416
93.132
98.734
104.208
109.543
114.726
119.745
124.589
129.248
133.712
137.972
142.02
145.849
149.453
152.827
155.967
158.869
161.53
163.948
166.122
168.052
169.738
171.182
172.385
173.35
174.082
174.585
174.866
174.931
174.787
174.443
173.908
173.195
172.313
171.275
170.094
168.784
167.36
165.838
164.231
162.557
160.829
159.064
157.279
155.487
153.705
151.948
150.23
148.568
146.976
145.468
144.058
142.76
141.586
140.548
139.66
138.931
138.37
137.988
137.792
137.791
137.99
138.395
139.01
139.838
140.879
142.135
143.604
145.283
147.167
149.252
151.529
153.992
156.633
159.44
162.402
165.505
168.736
172.08
175.52
179.037
182.609
186.218
189.841
193.456
197.041
200.574
204.032
207.395
210.644
213.76
216.721
219.506
222.096
224.473
226.616
228.505
230.125
231.456
232.49
233.223
233.648
233.76
233.553
233.011
232.132
230.919
229.369
227.486
225.279
222.764
219.98
216.981
213.812
210.516
207.122
203.654
200.149
196.649
193.191
189.814
186.537
183.372
180.353
177.509
174.838
172.308
169.828
167.281
164.588
161.69
158.561
155.165
151.42
147.249
142.589
137.395
131.709
125.504
118.639
111.137
103.172
95.129
87.731
81.622
77.165
74.833
75.104
78.019
83.408
90.464
97.544
103.292
106.69
106.714
102.905
95.666
85.957
75.996
69.146
68.609
77.63
99.419
136.431
188.426
252.454
324.502
398.716
473.198
550.364
627.168
698.952
754.834
773.989
745.99
666.288
536.555
377.96
209.466
50.213
-76
-164.488
-216.732
-236.946
-242.184
-238.201
-223.776
-203.771
-175.756
-143.543
-117.531
-97.261
-83.469
-75.732
-69.328
-66.819
-69.749
-76.673
-87.231
-97.952
-106.192
-111.67
-113.581
-111.978
-107.538
-100.748
-92.804
-85.126
-78.377
-72.89
-68.948
-66.566
-65.709
-66.277
-67.812
-69.724
-71.628
-73.269
-74.519
-75.383
-75.836
-75.845
-75.446
-74.71
-73.71
-72.516
-71.158
-69.639
-67.974
-66.195
-64.359
-62.535
-60.795
-59.203
-57.8
-56.612
-55.658
-54.95
-54.493
-54.281
-54.293
-54.498
-54.876
-55.409
-56.079
-56.868
-57.748
-58.684
-59.648
-60.611
-61.548
-62.436
-63.254
-63.976
-64.585
-65.063
-65.397
-65.573
-65.577
-65.393
-65.009
-64.411
-63.589
-62.534
-61.239
-59.697
-57.905
-55.862
-53.568
-51.028
-48.247
-45.231
-41.991
-38.538
-34.887
-31.053
-27.054
-22.91
-18.641
-14.271
-9.823
-5.323
-0.798
3.725
8.217
12.649
16.991
21.212
25.282
29.171
32.848
36.284
39.448
42.313
44.852
47.037
48.844
50.249
51.23
51.766
51.839
51.434
50.536
49.134
47.217
44.78
41.817
38.327
34.309
29.767
24.705
19.129
13.05
6.48
-0.568
-8.079
-16.033
-24.411
-33.192
-42.351
-51.863
-61.704
-71.844
-82.256
-92.912
-103.78
-114.831
-126.034
-137.358
-148.774
-160.249
-171.755
-183.26
-194.737
-206.156
-217.492
-228.718
-239.809
-250.742
-261.494
-272.047
-282.38
-292.477
-302.321
-311.898
-321.197
-330.206
-338.916
-347.321
-355.414
-363.193
-370.656
-377.801
-384.63
-391.146
-397.352
-403.252
-408.853
-414.163
-419.189
-423.94
-428.428
-432.662
-436.654
-440.417
-443.964
-447.306
-450.459
-453.435
-456.248
-458.912
-461.441
-463.849
-466.149
-468.356
-470.483
-472.543
-474.551
-476.518
-478.458
-480.383
-482.304
-484.233
-486.182
-488.161
-490.18
-492.25
-494.379
-496.578
-498.855
-501.219
-503.677
-506.237
-508.905
-511.686
-514.588
-517.614
-520.767
-524.053
-527.472
-531.028
-534.722
-538.553
-542.522
-546.629
-550.87
-555.243
-559.744
-564.37
-569.113
-573.968
-578.927
-583.982
-589.124
-594.342
-599.625
-604.961
-610.337
-615.739
-621.152
-626.559
-631.944
-637.289
-642.576
-647.785
-652.897
-657.893
-662.753
-667.457
-671.983
-676.313
-680.426
-684.301
-687.918
-691.257
-694.299
-697.024
-699.415
-701.453
-703.121
-704.404
-705.287
-705.755
-705.797
-705.4
-704.554
-703.251
-701.483
-699.244
-696.529
-693.336
-689.665
-685.517
-680.896
-675.806
-670.255
-664.25
-657.803
-650.926
-643.633
-635.937
-627.853
-619.399
-610.594
-601.458
-592.015
-582.288
-572.299
-562.077
-551.648
-541.04
-530.285
-519.41
-508.443
-497.414
-486.351
-475.291
-464.271
-453.326
-442.491
-431.802
-421.293
-410.998
-400.954
-391.193
-381.744
-372.636
-363.901
-355.569
-347.672
-340.246
-333.315
-326.888
-320.978
-315.568
-310.626
-306.16
-302.179
-298.677
-295.697
-293.248
-291.284
-289.913
-289.294
-289.378
-290.142
-291.493
-293.137
-295.06
-297.405
-299.835
-301.811
-303.43
-304.922
-306.49
-309.079
-312.149
-313.273
-313.061
-313.674
-317.779
-332.936
-361.036
-395.316
-428.778
-445.969
-434.206
-396.489
-339.708
-283.059
-251.859
-256.739
-300.242
-369.927
-438.764
-485.901
-498.561
-478.296
-441.982
-406.164
-382.449
-371.645
-365.59
-359.492
-350.6
-342.387
-342.138
-348.54
-359.758
-373.005
-382.634
-390.556
-399.41
-409.186
-420.756
-431.68
-437.024
-432.14
-415.502
-387.697
-351.086
-311.457
-267.167
-210.809
-136.744
-37.297
84.388
213.455
336.461
438.639
511.879
557.643
577.292
574.205
550.71
506.254
439.147
345.28
225.902
88.674
-49.454
-162.656
-234.502
-259.973
-247.355
-218.118
-186.513
-158.691
-135.294
-109.8
-80.837
-51.818
-25.85
-7.437
1.208
1.144
-5.898
-17.468
-30.649
-43.195
-53.922
-62.073
-66.96
-68.455
-66.864
-62.823
-57.687
-52.888
-49.132
-46.807
-46.211
-47.309
-49.999
-54.113
-59.097
-64.319
-69.414
-74.111
-78.262
-81.875
-84.901
-87.299
-89.123
-90.43
-91.246
-91.627
-91.607
-91.239
-90.65
-89.942
-89.2
-88.497
-87.882
-87.393
-87.039
-86.768
-86.483
-86.073
-85.447
-84.542
-83.331
-81.761
-79.744
-77.148
-73.795
-69.551
-64.322
-58.04
-50.648
-42.1
-32.409
-21.681
-10.116
2.065
14.689
27.638
40.841
54.221
67.659
81.004
94.093
106.799
119.018
130.655
141.596
151.716
160.97
169.409
177.184
184.489
191.459
198.172
204.671
210.993
217.189
223.311
229.383
235.392
241.318
247.153
252.924
258.685
264.439
270.125
275.618
280.76
285.422
289.526
293.02
295.87
298.065
299.621
300.602
301.127
301.34
301.376
301.342
301.305
301.33
301.497
301.902
302.661
303.868
305.571
307.781
310.459
313.528
316.863
320.288
323.558
326.362
328.37
329.262
328.771
326.674
322.766
316.846
308.701
298.149
285.058
269.359
251.06
230.221
206.964
181.474
154.017
124.958
94.739
63.841
32.692
1.685
-28.811
-58.444
-86.807
-113.467
-138.071
-160.356
-180.061
-196.953
-210.823
-221.363
-228.344
-231.753
-231.444
-227.075
-218.692
-206.514
-190.459
-171.081
-148.122
-119.63
-86.387
-50.788
-16.301
9.204
23.646
32.797
44.414
73.032
126.659
198.77
278.199
346.303
388.859
407.345
410.136
411.698
424.32
449.578
483.305
517.975
547.514
570.572
588.304
602.942
615.704
626.603
635.504
642.274
647.263
651.073
654.105
656.745
659.337
662.081
665.129
668.527
672.237
676.262
680.613
685.304
690.369
695.812
701.638
707.893
714.545
721.496
728.598
735.613
742.311
748.549
754.214
759.243
763.617
767.311
770.319
772.685
774.424
775.547
776.047
775.87
774.999
773.477
771.378
768.831
765.983
762.931
759.755
756.532
753.306
750.117
746.99
743.912
740.876
737.892
734.984
732.2
729.583
727.142
724.876
722.765
720.773
718.877
717.059
715.288
713.547
711.826
710.119
708.436
706.788
705.177
703.597
702.036
700.478
698.914
697.336
695.734
694.103
692.437
690.73
688.981
687.187
685.341
683.437
681.462
679.405
677.255
675.003
672.64
670.158
667.55
664.812
661.939
658.93
655.783
652.497
649.069
645.499
641.787
637.934
633.942
629.811
625.546
621.148
616.623
611.976
607.212
602.338
597.358
592.279
587.106
581.845
576.5
571.075
565.571
559.993
554.342
548.622
542.835
536.984
531.069
525.096
519.067
512.984
506.846
500.652
494.398
488.08
481.695
475.239
468.71
462.101
455.409
448.638
441.789
434.861
427.849
420.737
413.513
406.172
398.712
391.132
383.441
375.649
367.776
359.861
351.937
344.033
336.172
328.36
320.607
312.936
305.373
297.961
290.74
283.724
276.921
270.35
263.999
257.825
251.763
245.694
239.512
233.163
226.582
219.711
212.481
204.793
196.562
187.732
178.212
167.888
156.736
144.828
132.419
119.993
108.039
96.962
87.195
79.237
73.4
69.657
67.549
66.066
64.187
61.371
57.207
51.114
42.822
32.724
21.995
12.987
8.338
9.802
19.129
38.479
69.715
114.372
171.438
236.415
304.705
372.279
439.354
510.606
585.047
656.516
710.082
723.792
688.356
604.725
485.303
350.746
209.605
67.549
-70.887
-200.828
-305.559
-373.802
-402.214
-392.248
-357.114
-308.16
-254.804
-210.533
-183.172
-176.583
-188.743
-207.633
-222.539
-227.656
-222.662
-213.82
-205.682
-199.465
-194.707
-188.941
-181.37
-172.992
-164.693
-157.583
-152.372
-149.038
-147.582
-147.985
-149.96
-153.264
-157.713
-163.065
-169.096
-175.575
-182.192
-188.669
-194.847
-200.607
-205.871
-210.594
-214.698
-218.138
-220.892
-222.929
-224.249
-224.862
-224.774
-224.031
-222.713
-220.93
-218.842
-216.594
-214.279
-211.966
-209.691
-207.469
-205.326
-203.271
-201.292
-199.393
-197.574
-195.833
-194.178
-192.599
-191.067
-189.539
-187.954
-186.253
-184.397
-182.352
-180.096
-177.616
-174.898
-171.937
-168.739
-165.304
-161.63
-157.712
-153.541
-149.111
-144.426
-139.49
-134.311
-128.901
-123.27
-117.427
-111.386
-105.157
-98.751
-92.178
-85.446
-78.568
-71.557
-64.43
-57.208
-49.91
-42.56
-35.182
-27.803
-20.447
-13.143
-5.918
1.202
8.19
15.017
21.657
28.082
34.266
40.184
45.809
51.119
56.088
60.697
64.923
68.747
72.152
75.12
77.638
79.692
81.27
82.362
82.961
83.061
82.656
81.745
80.328
78.408
75.989
73.078
69.686
65.825
61.508
56.751
51.573
45.993
40.031
33.712
27.058
20.096
12.85
5.35
-2.379
-10.306
-18.403
-26.64
-34.989
-43.418
-51.9
-60.404
-68.901
-77.362
-85.759
-94.064
-102.25
-110.292
-118.165
-125.844
-133.309
-140.538
-147.512
-154.214
-160.629
-166.742
-172.542
-178.019
-183.165
-187.973
-192.439
-196.561
-200.339
-203.772
-206.865
-209.62
-212.044
-214.143
-215.927
-217.404
-218.585
-219.483
-220.11
-220.481
-220.609
-220.51
-220.2
-219.695
-219.013
-218.169
-217.181
-216.066
-214.84
-213.521
-212.125
-210.666
-209.161
-207.625
-206.07
-204.511
-202.958
-201.424
-199.918
-198.45
-197.028
-195.659
-194.349
-193.103
-191.925
-190.819
-189.786
-188.828
-187.945
-187.135
-186.397
-185.728
-185.126
-184.586
-184.104
-183.675
-183.292
-182.951
-182.645
-182.368
-182.112
-181.873
-181.642
-181.414
-181.183
-180.941
-180.684
-180.405
-180.101
-179.766
-179.397
-178.99
-178.542
-178.052
-177.517
-176.937
-176.312
-175.642
-174.928
-174.173
-173.377
-172.546
-171.681
-170.787
-169.87
-168.932
-167.98
-167.02
-166.056
-165.094
-164.14
-163.198
-162.274
-161.372
-160.499
-159.656
-158.85
-158.081
-157.355
-156.672
-156.035
-155.444
-154.899
-154.4
-153.945
-153.532
-153.159
-152.82
-152.513
-152.23
-151.967
-151.717
-151.473
-151.227
-150.97
-150.695
-150.391
-150.052
-149.666
-149.226
-148.721
-148.144
-147.486
-146.74
-145.899
-144.957
-143.906
-142.743
-141.463
-140.065
-138.547
-136.908
-135.148
-133.269
-131.277
-129.175
-126.971
-124.671
-122.287
-119.83
-117.316
-114.758
-112.173
-109.578
-106.992
-104.433
-101.921
-99.472
-97.103
-94.833
-92.678
-90.66
-88.799
-87.111
-85.614
-84.323
-83.253
-82.421
-81.837
-81.504
-81.427
-81.611
-82.064
-82.803
-83.841
-85.178
-86.816
-88.748
-90.963
-93.446
-96.171
-99.092
-102.167
-105.354
-108.621
-111.946
-115.298
-118.633
-121.903
-125.044
-128.007
-130.767
-133.288
-135.543
-137.543
-139.308
-140.9
-142.42
-143.927
-145.478
-147.144
-148.981
-151.085
-153.564
-156.486
-159.963
-164.132
-169.034
-174.652
-180.821
-187.127
-193.119
-198.383
-202.4
-204.666
-204.883
-202.958
-199.279
-194.755
-190.394
-187.074
-185.598
-186.694
-190.751
-197.59
-206.065
-214.023
-218.797
-217.693
-208.229
-187.815
-154.005
-105.235
-41.369
34.946
118.533
204.021
286.831
365.659
440.915
509.283
562.536
586.15
565.91
498.151
391.338
263.548
132.465
5.639
-117.918
-240.848
-360.003
-462.467
-532.546
-560.212
-543.663
-492.05
-420.563
-344.585
-279.985
-237.051
-217.879
-218.377
-228.124
-237.623
-242.503
-242.979
-243.437
-246.405
-251.607
-257.302
-259.946
-257.941
-251.935
-242.904
-232.655
-222.936
-214.318
-207.173
-201.953
-198.604
-196.998
-197.005
-198.078
-199.571
-201.097
-202.346
-203.13
-203.473
-203.358
-202.754
-201.713
-200.298
-198.571
-196.612
-194.452
-192.098
-189.573
-186.915
-184.179
-181.444
-178.779
-176.25
-173.898
-171.742
-169.799
-168.074
-166.569
-165.278
-164.177
-163.233
-162.421
-161.72
-161.106
-160.56
-160.048
-159.53
-158.972
-158.342
-157.611
-156.754
-155.746
-154.56
-153.175
-151.573
-149.736
-147.652
-145.305
-142.677
-139.754
-136.523
-132.973
-129.097
-124.886
-120.334
-115.438
-110.199
-104.62
-98.704
-92.461
-85.898
-79.027
-71.864
-64.423
-56.725
-48.788
-40.636
-32.292
-23.785
-15.141
-6.389
2.44
11.314
20.2
29.065
37.875
46.596
55.195
63.638
71.891
79.922
87.699
95.191
102.369
109.204
115.669
121.737
127.386
132.594
137.341
141.611
145.389
148.663
151.422
153.66
155.372
156.557
157.213
157.343
156.954
156.052
154.648
152.755
150.386
147.56
144.296
140.613
136.535
132.085
127.288
122.171
116.761
111.086
105.176
99.058
92.765
86.324
79.768
73.127
66.43
59.707
52.987
46.298
39.667
33.12
26.682
20.377
14.227
8.252
2.471
-3.097
-8.437
-13.535
-18.379
-22.958
-27.264
-31.29
-35.031
-38.483
-41.646
-44.518
-47.1
-49.396
-51.408
-53.143
-54.606
-55.805
-56.749
-57.449
-57.914
-58.156
-58.189
-58.024
-57.674
-57.154
-56.477
-55.656
-54.706
-53.64
-52.471
-51.213
-49.879
-48.482
-47.033
-45.544
-44.026
-42.489
-40.942
-39.394
-37.853
-36.327
-34.822
-33.345
-31.902
-30.497
-29.135
-27.82
-26.554
-25.34
-24.178
-23.071
-22.018
-21.02
-20.074
-19.181
-18.338
-17.545
-16.8
-16.1
-15.444
-14.83
-14.255
-13.717
-13.215
-12.747
-12.31
-11.904
-11.527
-11.18
-10.86
-10.568
-10.304
-10.067
-9.857
-9.675
-9.521
-9.395
-9.299
-9.233
-9.199
-9.197
-9.23
-9.3
-9.407
-9.555
-9.745
-9.978
-10.256
-10.582
-10.955
-11.377
-11.847
-12.367
-12.935
-13.55
-14.21
-14.914
-15.658
-16.44
-17.254
-18.097
-18.964
-19.848
-20.745
-21.647
-22.548
-23.441
-24.317
-25.169
-25.988
-26.766
-27.494
-28.163
-28.765
-29.291
-29.731
-30.077
-30.322
-30.456
-30.471
-30.36
-30.118
-29.739
-29.217
-28.549
-27.732
-26.765
-25.648
-24.384
-22.973
-21.419
-19.727
-17.902
-15.953
-13.888
-11.716
-9.447
-7.094
-4.671
-2.197
0.313
2.841
5.368
7.875
10.343
12.75
15.081
17.32
19.452
21.459
23.325
25.03
26.56
27.899
29.035
29.953
30.641
31.092
31.3
31.27
31.002
30.494
29.739
28.727
27.448
25.906
24.1
22.04
19.738
17.214
14.499
11.641
8.681
5.658
2.609
-0.442
-3.458
-6.398
-9.222
-11.878
-14.323
-16.517
-18.434
-20.071
-21.447
-22.594
-23.558
-24.399
-25.182
-25.995
-26.94
-28.104
-29.583
-31.446
-33.779
-36.75
-40.437
-44.798
-49.645
-54.556
-59.072
-62.87
-65.554
-66.599
-65.755
-63.061
-58.96
-54.616
-51.213
-49.572
-50.558
-54.946
-62.887
-73.834
-86.327
-97.593
-104.497
-104.187
-93.712
-70.362
-32.334
20.869
88.196
166.564
251.389
337.437
418.806
488.929
541.378
570.826
573.163
547.708
497.345
425.645
336.278
230.342
107.721
-26.832
-162.234
-280.366
-363.157
-402.599
-402.218
-376.439
-341.179
-305.592
-272.678
-239.92
-205.958
-173.096
-144.695
-124.92
-115.437
-115.052
-121.641
-132.316
-144.146
-154.964
-163.276
-167.891
-168.371
-164.905
-158.028
-148.77
-138.512
-128.54
-119.702
-112.575
-107.366
-103.982
-102.263
-101.881
-102.323
-103.022
-103.562
-103.707
-103.378
-102.614
-101.438
-99.858
-97.915
-95.691
-93.262
-90.673
-87.949
-85.086
-82.092
-79.018
-75.922
-72.878
-69.955
-67.19
-64.603
-62.211
-60.019
-58.03
-56.246
-54.648
-53.209
-51.911
-50.738
-49.675
-48.709
-47.815
-46.962
-46.121
-45.263
-44.364
-43.404
-42.363
-41.22
-39.959
-38.564
-37.024
-35.329
-33.468
-31.427
-29.195
-26.761
-24.117
-21.258
-18.177
-14.869
-11.333
-7.567
-3.574
0.643
5.081
9.732
14.591
19.646
24.889
30.307
35.887
41.614
47.471
53.442
59.506
65.644
71.835
78.055
84.283
90.493
96.662
102.765
108.778
114.678
120.441
126.043
131.462
136.677
141.668
146.415
150.899
155.103
159.012
162.612
165.891
168.837
171.441
173.697
175.599
177.142
178.325
179.147
179.608
179.711
179.462
178.866
177.934
176.675
175.103
173.231
171.075
168.655
165.987
163.092
159.991
156.704
153.256
149.667
145.96
142.159
138.287
134.365
130.417
126.465
122.529
118.63
114.788
111.02
107.345
103.779
100.337
97.034
93.884
90.898
88.086
85.46
83.025
80.788
78.753
76.924
75.299
73.879
72.662
71.642
70.814
70.173
69.709
69.415
69.28
69.293
69.444
69.72
70.109
70.599
71.176
71.83
72.546
73.314
74.121
74.958
75.812
76.674
77.534
78.383
79.21
80.01
80.772
81.491
82.162
82.778
83.336
83.833
84.268
84.639
84.947
85.192
85.378
85.507
85.581
85.607
85.588
85.53
85.439
85.321
85.183
85.03
84.87
84.708
84.549
84.399
84.262
84.143
84.046
83.974
83.93
83.916
83.936
83.99
84.079
84.205
84.367
84.563
84.793
85.054
85.342
85.654
85.984
86.328
86.68
87.031
87.376
87.705
88.011
88.284
88.515
88.694
88.814
88.864
88.836
88.721
88.512
88.201
87.782
87.248
86.595
85.817
84.911
83.874
82.703
81.397
79.954
78.375
76.662
74.815
72.839
70.736
68.513
66.174
63.727
61.181
58.545
55.829
53.046
50.208
47.328
44.422
41.503
38.589
35.693
32.831
30.02
27.274
24.609
22.04
19.579
17.242
15.041
12.987
11.094
9.369
7.823
6.463
5.298
4.333
3.572
3.019
2.677
2.544
2.623
2.909
3.399
4.085
4.961
6.015
7.237
8.612
10.123
11.751
13.477
15.281
17.142
19.037
20.944
22.842
24.712
26.535
28.293
29.964
31.528
32.965
34.256
35.383
36.328
37.074
37.604
37.91
37.985
37.825
37.424
36.77
35.846
34.643
33.16
31.397
29.361
27.065
24.533
21.803
18.929
15.961
12.946
9.915
6.896
3.924
1.033
-1.729
-4.313
-6.689
-8.831
-10.717
-12.337
-13.71
-14.89
-15.972
-17.073
-18.291
-19.691
-21.334
-23.288
-25.632
-28.437
-31.783
-35.693
-40.203
-45.423
-51.331
-57.775
-64.463
-70.854
-76.415
-80.787
-83.501
-84.008
-82.172
-78.088
-72.249
-65.813
-59.633
-54.172
-50.177
-48.282
-48.393
-50.007
-51.687
-50.884
-45.644
-34.199
-14.236
16.232
58.7
112.566
174.408
240.395
306.701
372.711
440.801
508.099
568.863
612.515
623.014
593.335
522.62
414.677
282.423
137.501
-7.818
-137.061
-238.304
-305.126
-338.418
-348.944
-347.511
-339.601
-325.681
-301.707
-266.389
-223.232
-178.172
-137.859
-106.163
-84.454
-72.861
-70.319
-75.103
-85.017
-97.27
-109.281
-119.362
-126.191
-129.03
-127.831
-123.019
-115.547
-106.818
-98.226
-90.623
-84.567
-80.312
-77.771
-76.785
-77.019
-77.892
-78.781
-79.304
-79.267
-78.624
-77.458
-75.799
-73.668
-71.154
-68.371
-65.401
-62.299
-59.077
-55.727
-52.275
-48.779
-45.304
-41.924
-38.678
-35.583
-32.647
-29.874
-27.263
-24.815
-22.515
-20.338
-18.267
-16.29
-14.398
-12.581
-10.82
-9.089
-7.36
-5.605
-3.8
-1.928
0.032
2.095
4.278
6.593
9.052
11.664
14.44
17.394
20.537
23.882
27.438
31.213
35.214
39.445
43.909
48.607
53.537
58.697
64.081
69.684
75.498
81.513
87.718
94.1
100.643
107.331
114.147
121.068
128.073
135.14
142.244
149.358
156.457
163.512
170.497
177.382
184.14
190.742
197.159
203.364
209.327
215.023
220.425
225.507
230.244
234.615
238.597
242.171
245.319
248.026
250.278
252.062
253.369
254.191
254.521
254.356
253.696
252.539
250.891
248.756
246.143
243.061
239.523
235.543
231.138
226.326
221.126
215.562
209.655
203.429
196.911
190.127
183.104
175.871
168.455
160.886
153.192
145.403
137.546
129.65
121.743
113.851
106.002
98.219
90.529
82.954
75.516
68.237
61.136
54.231
47.539
41.075
34.852
28.881
23.172
17.733
12.571
7.689
3.091
-1.223
-5.253
-9
-12.469
-15.665
-18.592
-21.259
-23.674
-25.845
-27.782
-29.497
-31
-32.302
-33.416
-34.354
-35.127
-35.749
-36.233
-36.59
-36.833
-36.974
-37.025
-36.999
-36.905
-36.756
-36.56
-36.328
-36.068
-35.788
-35.495
-35.195
-34.894
-34.596
-34.306
-34.026
-33.759
-33.505
-33.266
-33.042
-32.832
-32.636
-32.452
-32.278
-32.113
-31.953
-31.797
-31.642
-31.485
-31.323
-31.154
-30.975
-30.783
-30.575
-30.349
-30.102
-29.832
-29.537
-29.216
-28.868
-28.492
-28.087
-27.655
-27.197
-26.712
-26.205
-25.676
-25.129
-24.567
-23.994
-23.415
-22.834
-22.257
-21.688
-21.134
-20.598
-20.088
-19.608
-19.163
-18.759
-18.399
-18.089
-17.832
-17.634
-17.496
-17.421
-17.414
-17.474
-17.605
-17.806
-18.077
-18.417
-18.826
-19.3
-19.837
-20.433
-21.083
-21.783
-22.525
-23.304
-24.111
-24.937
-25.773
-26.608
-27.434
-28.238
-29.011
-29.741
-30.418
-31.031
-31.569
-32.024
-32.385
-32.642
-32.787
-32.812
-32.709
-32.473
-32.097
-31.577
-30.909
-30.091
-29.124
-28.007
-26.742
-25.331
-23.779
-22.092
-20.278
-18.345
-16.303
-14.163
-11.942
-9.656
-7.324
-4.966
-2.602
-0.252
2.061
4.314
6.487
8.561
10.519
12.34
14.004
15.489
16.775
17.845
18.682
19.269
19.589
19.628
19.379
18.839
18.005
16.875
15.437
13.678
11.588
9.171
6.431
3.375
0.02
-3.615
-7.492
-11.56
-15.768
-20.072
-24.437
-28.837
-33.234
-37.578
-41.814
-45.883
-49.745
-53.375
-56.737
-59.811
-62.61
-65.165
-67.55
-69.863
-72.156
-74.489
-76.933
-79.554
-82.449
-85.706
-89.384
-93.565
-98.356
-103.785
-109.787
-116.145
-122.444
-128.276
-133.299
-137.123
-139.271
-139.408
-137.542
-134.097
-129.924
-125.882
-122.444
-120.001
-119.237
-120.64
-123.929
-127.994
-130.861
-130.308
-124.605
-112.021
-90.204
-56.573
-10.515
45.716
108.954
175.502
244.859
321.289
405.378
491.597
567.675
613.733
614.886
567.812
478.672
360.684
225.127
79.804
-68.178
-206.945
-317.354
-385.805
-407.75
-391.886
-360.496
-329.869
-307.955
-295.345
-284.06
-270.876
-257.338
-245.39
-238.598
-237.494
-239.662
-242.983
-245.337
-245.18
-242.275
-236.85
-229.347
-220.576
-211.36
-202.369
-194.236
-187.481
-182.291
-178.634
-176.364
-175.198
-174.881
-175.215
-175.988
-176.993
-178.048
-178.974
-179.612
-179.875
-179.702
-179.05
-177.908
-176.27
-174.152
-171.608
-168.702
-165.499
-162.057
-158.422
-154.642
-150.775
-146.895
-143.074
-139.388
-135.885
-132.598
-129.546
-126.739
-124.177
-121.85
-119.733
-117.792
-115.998
-114.328
-112.762
-111.282
-109.862
-108.473
-107.09
-105.684
-104.23
-102.706
-101.089
-99.358
-97.495
-95.485
-93.314
-90.971
-88.445
-85.721
-82.787
-79.63
-76.24
-72.607
-68.723
-64.582
-60.178
-55.512
-50.584
-45.396
-39.956
-34.268
-28.343
-22.192
-15.827
-9.265
-2.523
4.382
11.427
18.591
25.848
33.175
40.543
47.927
55.297
62.625
69.881
77.036
84.06
90.924
97.598
104.053
110.261
116.195
121.827
127.132
132.085
136.664
140.847
144.614
147.947
150.832
153.253
155.2
156.663
157.635
158.111
158.089
157.569
156.553
155.045
153.054
150.588
147.658
144.279
140.465
136.234
131.605
126.598
121.237
115.543
109.543
103.261
96.725
89.962
82.999
75.865
68.589
61.199
53.725
46.196
38.64
31.085
23.56
16.092
8.706
1.428
-5.719
-12.711
-19.528
-26.15
-32.559
-38.738
-44.672
-50.349
-55.755
-60.882
-65.722
-70.269
-74.518
-78.466
-82.113
-85.459
-88.506
-91.258
-93.718
-95.894
-97.791
-99.42
-100.788
-101.906
-102.787
-103.443
-103.886
-104.131
-104.193
-104.086
-103.825
-103.425
-102.902
-102.271
-101.548
-100.746
-99.881
-98.966
-98.016
-97.044
-96.062
-95.082
-94.115
-93.17
-92.257
-91.385
-90.56
-89.789
-89.079
-88.435
-87.861
-87.362
-86.939
-86.597
-86.334
-86.153
-86.053
-86.031
-86.088
-86.22
-86.424
-86.697
-87.035
-87.435
-87.891
-88.399
-88.954
-89.551
-90.185
-90.849
-91.54
-92.253
-92.982
-93.724
-94.474
-95.229
-95.985
-96.739
-97.489
-98.231
-98.963
-99.682
-100.386
-101.074
-101.745
-102.397
-103.03
-103.644
-104.239
-104.815
-105.374
-105.915
-106.44
-106.95
-107.443
-107.921
-108.389
-108.852
-109.312
-109.771
-110.224
-110.673
-111.132
-111.593
-112.037
-112.446
-112.802
-113.102
-113.376
-113.628
-113.821
-113.979
-114.17
-114.445
-114.865
-115.431
-116.046
-116.681
-117.43
-118.183
-118.582
-118.549
-118.183
-117.433
-116.682
-115.199
-110.766
-103.889
-96.582
-92.216
-97.092
-110.737
-126.844
-139.102
-138.553
-124.749
-106.142
-89.256
-81.176
-83.046
-88.551
-93.844
-96.268
-95.066
-92.831
-90.724
-88.676
-86.786
-84.676
-82.27
-79.927
-77.763
-75.73
-73.843
-72.127
-70.577
-69.189
-67.937
-66.77
-65.674
-64.682
-63.808
-63.049
-62.407
-61.872
-61.436
-61.1
-60.864
-60.725
-60.689
-60.76
-60.933
-61.204
-61.565
-62.003
-62.501
-63.026
-63.53
-63.967
-64.294
-64.47
-64.463
-64.231
-63.722
-62.88
-61.651
-59.976
-57.826
-55.195
-52.074
-48.479
-44.44
-39.99
-35.226
-30.275
-25.264
-20.337
-15.618
-11.204
-7.257
-4.009
-1.59
0.002
0.948
1.661
2.516
3.74
5.658
8.779
13.441
19.638
26.871
33.971
39.807
43.784
45.371
43.869
38.986
31.198
22.037
14.355
11.201
15.1
28.624
54.617
95.863
152.497
221.311
298.262
378.442
461.66
552.958
651.017
749.038
832.147
875.469
863.75
795.215
678.332
536.004
390.835
254.773
135.418
33.587
-55.312
-130.194
-188.761
-230.292
-250.44
-248.504
-227.793
-191.61
-146.195
-97.914
-51.251
-9.965
23.205
46.496
59.421
62.638
57.639
46.818
32.682
17.393
3.384
-7.333
-13.853
-15.835
-13.555
-7.994
-0.173
8.838
17.631
25.167
30.981
34.84
36.903
37.572
37.213
36.323
35.503
35.106
35.283
36.082
37.401
39.153
41.294
43.722
46.327
49.046
51.838
54.692
57.606
60.542
63.432
66.203
68.797
71.188
73.362
75.313
77.045
78.558
79.87
81.007
81.992
82.838
83.558
84.166
84.68
85.131
85.549
85.969
86.422
86.937
87.54
88.255
89.103
90.104
91.274
92.628
94.183
95.956
97.964
100.224
102.75
105.554
108.647
112.037
115.731
119.73
124.035
128.643
133.551
138.753
144.239
149.998
156.018
162.283
168.776
175.476
182.362
189.409
196.591
203.881
211.249
218.663
226.093
233.505
240.865
248.139
255.294
262.294
269.106
275.695
282.028
288.073
293.796
299.167
304.158
308.739
312.885
316.572
319.781
322.49
324.685
326.351
327.476
328.053
328.074
327.536
326.439
324.785
322.578
319.825
316.539
312.731
308.417
303.617
298.349
292.636
286.503
279.977
273.084
265.854
258.318
250.507
242.454
234.192
225.754
217.176
208.489
199.729
190.927
182.117
173.33
164.596
155.945
147.404
139
130.758
122.702
114.853
107.231
99.854
92.739
85.897
79.342
73.083
67.127
61.479
56.142
51.119
46.409
42.009
37.916
34.125
30.628
27.417
24.483
21.815
19.402
17.231
15.289
13.564
12.041
10.707
9.548
8.55
7.699
6.982
6.385
5.896
5.502
5.191
4.952
4.775
4.649
4.565
4.516
4.493
4.491
4.502
4.523
4.549
4.577
4.603
4.625
4.642
4.652
4.655
4.651
4.639
4.62
4.595
4.564
4.529
4.489
4.446
4.401
4.353
4.304
4.252
4.199
4.144
4.087
4.026
3.96
3.888
3.808
3.719
3.617
3.5
3.366
3.211
3.031
2.823
2.584
2.309
1.995
1.639
1.238
0.787
0.284
-0.273
-0.889
-1.563
-2.3
-3.1
-3.964
-4.894
-5.889
-6.949
-8.072
-9.258
-10.504
-11.807
-13.164
-14.57
-16.022
-17.514
-19.041
-20.597
-22.174
-23.764
-25.361
-26.955
-28.538
-30.101
-31.633
-33.124
-34.566
-35.948
-37.262
-38.498
-39.647
-40.7
-41.648
-42.484
-43.2
-43.789
-44.245
-44.561
-44.732
-44.755
-44.626
-44.343
-43.904
-43.309
-42.56
-41.658
-40.606
-39.409
-38.072
-36.601
-35.006
-33.297
-31.484
-29.579
-27.596
-25.552
-23.463
-21.349
-19.228
-17.121
-15.047
-13.026
-11.08
-9.228
-7.486
-5.87
-4.397
-3.084
-1.95
-1.012
-0.285
0.218
0.482
0.494
0.245
-0.273
-1.057
-2.108
-3.425
-5.015
-6.888
-9.051
-11.501
-14.236
-17.244
-20.51
-24.013
-27.718
-31.577
-35.543
-39.575
-43.641
-47.713
-51.763
-55.754
-59.639
-63.368
-66.901
-70.202
-73.24
-76
-78.496
-80.762
-82.862
-84.879
-86.868
-88.888
-91.004
-93.285
-95.804
-98.641
-101.852
-105.518
-109.788
-114.724
-120.256
-126.158
-131.966
-137.192
-141.455
-144.313
-145.214
-143.886
-140.441
-135.425
-130.06
-125.584
-122.812
-122.572
-125.625
-132.09
-141.325
-151.729
-160.539
-164.804
-161.719
-148.478
-122.802
-82.96
-29.745
34.431
107.779
186.434
268.273
350.833
424.621
481.806
514.165
513.668
483.406
427.394
350.185
259.94
158.761
49.488
-62.486
-173.073
-275.178
-362.201
-430.516
-477.927
-504.371
-510.979
-499.1
-471.405
-432.083
-385.827
-337.458
-290.849
-248.775
-213.911
-188.486
-173.328
-167.945
-170.768
-179.35
-191.563
-205.541
-218.909
-229.575
-236.337
-238.656
-236.851
-231.961
-224.877
-216.532
-208.239
-200.973
-195.266
-191.408
-189.216
-188.224
-188.061
-188.291
-188.388
-188.072
-187.223
-185.787
-183.876
-181.617
-179.087
-176.407
-173.693
-170.999
-168.364
-165.813
-163.353
-161.024
-158.884
-156.966
-155.295
-153.876
-152.701
-151.762
-151.048
-150.535
-150.195
-149.999
-149.926
-149.963
-150.095
-150.3
-150.552
-150.821
-151.081
-151.304
-151.462
-151.526
-151.472
-151.272
-150.906
-150.35
-149.582
-148.578
-147.316
-145.772
-143.93
-141.775
-139.292
-136.464
-133.276
-129.705
-125.741
-121.384
-116.63
-111.485
-105.965
-100.093
-93.91
-87.461
-80.776
-73.881
-66.789
-59.498
-52.013
-44.339
-36.474
-28.435
-20.239
-11.892
-3.421
5.16
13.855
22.678
31.674
40.9
50.373
60.086
70.012
80.078
90.21
100.316
110.268
119.968
129.33
138.266
146.719
154.631
161.913
168.469
174.174
178.88
182.491
184.945
186.197
186.268
185.195
183.05
179.965
176.052
171.395
166.08
160.158
153.677
146.72
139.37
131.727
123.92
116.049
108.194
100.433
92.801
85.309
77.945
70.651
63.376
56.104
48.825
41.552
34.31
27.109
19.961
12.886
5.881
-1.051
-7.899
-14.665
-21.327
-27.855
-34.208
-40.326
-46.152
-51.651
-56.792
-61.558
-65.943
-69.938
-73.546
-76.778
-79.64
-82.14
-84.284
-86.076
-87.524
-88.644
-89.454
-89.975
-90.233
-90.248
-90.041
-89.635
-89.047
-88.295
-87.395
-86.36
-85.204
-83.941
-82.588
-81.16
-79.674
-78.145
-76.589
-75.018
-73.448
-71.888
-70.348
-68.837
-67.359
-65.921
-64.527
-63.18
-61.88
-60.629
-59.427
-58.271
-57.162
-56.096
-55.07
-54.081
-53.126
-52.2
-51.3
-50.422
-49.563
-48.72
-47.889
-47.068
-46.255
-45.447
-44.643
-43.84
-43.039
-42.236
-41.432
-40.627
-39.82
-39.013
-38.207
-37.406
-36.613
-35.831
-35.066
-34.323
-33.606
-32.923
-32.28
-31.683
-31.138
-30.653
-30.233
-29.886
-29.616
-29.429
-29.33
-29.323
-29.412
-29.597
-29.883
-30.269
-30.757
-31.346
-32.034
-32.821
-33.704
-34.68
-35.744
-36.893
-38.12
-39.419
-40.782
-42.201
-43.667
-45.169
-46.698
-48.242
-49.788
-51.325
-52.841
-54.322
-55.755
-57.126
-58.424
-59.636
-60.749
-61.751
-62.632
-63.381
-63.99
-64.45
-64.755
-64.897
-64.871
-64.673
-64.301
-63.753
-63.027
-62.125
-61.047
-59.797
-58.38
-56.803
-55.073
-53.198
-51.19
-49.062
-46.829
-44.505
-42.105
-39.648
-37.15
-34.631
-32.109
-29.6
-27.122
-24.693
-22.329
-20.051
-17.875
-15.817
-13.894
-12.122
-10.518
-9.094
-7.86
-6.816
-5.97
-5.323
-4.883
-4.66
-4.658
-4.871
-5.297
-5.934
-6.769
-7.788
-8.957
-10.226
-11.555
-12.909
-14.262
-15.6
-16.894
-18.108
-19.213
-20.172
-20.97
-21.6
-22.031
-22.24
-22.228
-22.02
-21.698
-21.37
-21.111
-20.968
-20.967
-21.132
-21.533
-22.24
-23.308
-24.777
-26.618
-28.861
-31.647
-34.975
-38.695
-42.463
-45.638
-47.631
-48.094
-46.576
-42.602
-36.113
-27.327
-17.055
-6.858
1.945
8.348
11.343
10.392
5.81
-1.394
-9.003
-13.791
-12.649
-2.398
20.029
56.795
107.436
168.855
237.057
308.121
382.104
460.512
539.367
609.13
653.206
655.718
613.138
531.457
425.558
310.114
189.682
69.327
-45.233
-146.614
-220.698
-263.112
-280.197
-278.932
-270.209
-259.121
-242.351
-220.479
-195.686
-170.363
-149.121
-133.97
-124.396
-119.865
-119.564
-121.508
-123.153
-123.025
-120.443
-115.327
-108.329
-99.741
-89.293
-77.644
-66.199
-55.774
-46.892
-39.737
-33.962
-29.563
-26.895
-25.869
-26.064
-27.132
-28.646
-30.331
-32.171
-34.007
-35.624
-36.923
-37.837
-38.366
-38.586
-38.512
-38.105
-37.328
-36.112
-34.429
-32.307
-29.775
-26.904
-23.784
-20.503
-17.178
-13.912
-10.766
-7.787
-4.987
-2.348
0.136
2.473
4.667
6.702
8.571
10.285
11.849
13.286
14.635
15.936
17.252
18.647
20.163
21.836
23.691
25.741
28
30.481
33.188
36.13
39.32
42.769
46.491
50.498
54.793
59.376
64.241
69.379
74.782
80.44
86.344
92.483
98.847
105.423
112.203
119.174
126.32
133.62
141.054
148.595
156.22
163.901
171.609
179.314
186.986
194.596
202.113
209.508
216.75
223.809
230.653
237.255
243.582
249.608
255.304
260.641
265.595
270.142
274.259
277.926
281.124
283.837
286.05
287.752
288.933
289.584
289.7
289.277
288.316
286.819
284.789
282.235
279.167
275.595
271.534
267.002
262.015
256.595
250.762
244.54
237.953
231.027
223.791
216.272
208.5
200.505
192.319
183.974
175.5
166.93
158.295
149.626
140.956
132.312
123.726
115.225
106.836
98.586
90.498
82.595
74.898
67.427
60.199
53.23
46.532
40.119
34.001
28.186
22.68
17.489
12.616
8.063
3.828
-0.089
-3.693
-6.988
-9.982
-12.682
-15.097
-17.238
-19.116
-20.745
-22.136
-23.305
-24.264
-25.031
-25.618
-26.043
-26.319
-26.462
-26.486
-26.406
-26.234
-25.985
-25.669
-25.3
-24.887
-24.443
-23.975
-23.494
-23.008
-22.523
-22.048
-21.589
-21.15
-20.735
-20.349
-19.994
-19.672
-19.385
-19.132
-18.913
-18.728
-18.576
-18.453
-18.358
-18.288
-18.239
-18.208
-18.192
-18.186
-18.186
-18.191
-18.195
-18.197
-18.194
-18.183
-18.161
-18.128
-18.081
-18.019
-17.941
-17.846
-17.734
-17.603
-17.455
-17.289
-17.106
-16.907
-16.695
-16.469
-16.233
-15.988
-15.738
-15.484
-15.229
-14.978
-14.732
-14.495
-14.271
-14.062
-13.872
-13.704
-13.56
-13.442
-13.353
-13.293
-13.264
-13.267
-13.301
-13.367
-13.463
-13.588
-13.74
-13.917
-14.116
-14.333
-14.564
-14.806
-15.053
-15.301
-15.543
-15.773
-15.986
-16.174
-16.331
-16.449
-16.522
-16.54
-16.497
-16.386
-16.199
-15.93
-15.572
-15.119
-14.564
-13.903
-13.131
-12.245
-11.242
-10.119
-8.876
-7.514
-6.033
-4.438
-2.731
-0.918
0.993
2.992
5.07
7.216
9.417
11.661
13.933
16.219
18.505
20.776
23.016
25.211
27.343
29.393
31.344
33.178
34.877
36.424
37.801
38.993
39.993
40.79
41.375
41.739
41.86
41.727
41.334
40.676
39.752
38.565
37.124
35.451
33.59
31.576
29.445
27.226
24.933
22.588
20.226
17.877
15.589
13.4
11.326
9.385
7.609
6.002
4.549
3.188
1.81
0.318
-1.353
-3.244
-5.388
-7.848
-10.7
-14.019
-17.883
-22.321
-27.369
-33.145
-39.652
-46.748
-54.14
-61.25
-67.477
-72.409
-75.533
-76.267
-74.501
-70.378
-64.456
-58.087
-52.349
-47.912
-45.791
-46.752
-50.557
-56.485
-62.779
-66.243
-64.226
-54.432
-33.928
-0.457
46.866
107.969
180.839
261.206
344.745
426.686
500.653
560.281
600.288
616.077
606.093
572.638
516.577
439.098
342.318
226.393
98.805
-26.929
-137.964
-219.957
-268.629
-291.169
-295.294
-291.075
-283.216
-268.82
-247.85
-221.232
-191.772
-165.148
-143.666
-127.049
-114.862
-105.843
-99.002
-94.084
-89.873
-84.816
-78.529
-71.163
-62.982
-54.453
-45.687
-36.435
-27.214
-18.99
-12.218
-7.136
-3.727
-1.686
-0.957
-1.66
-3.52
-5.972
-8.569
-10.946
-12.948
-14.629
-15.96
-16.838
-17.223
-17.132
-16.596
-15.645
-14.279
-12.459
-10.194
-7.547
-4.628
-1.593
1.421
4.318
7.038
9.549
11.835
13.894
15.73
17.369
18.832
20.119
21.229
22.161
22.924
23.551
24.092
24.613
25.18
25.848
26.666
27.667
28.88
30.327
32.019
33.96
36.156
38.619
41.365
44.411
47.767
51.442
55.436
59.747
64.369
69.292
74.505
79.994
85.746
91.747
97.983
104.438
111.097
117.939
124.942
132.079
139.322
146.641
154.004
161.378
168.725
176.013
183.203
190.261
197.149
203.832
210.272
216.434
222.282
227.782
232.899
237.6
241.854
245.631
248.904
251.647
253.836
255.452
256.478
256.898
256.701
255.878
254.423
252.332
249.605
246.245
242.257
237.647
232.429
226.616
220.225
213.276
205.79
197.794
189.313
180.375
171.013
161.256
151.14
140.7
129.971
118.991
107.799
96.434
84.935
73.342
61.694
50.03
38.387
26.804
15.315
3.956
-7.24
-18.242
-29.019
-39.542
-49.787
-59.727
-69.341
-78.61
-87.514
-96.039
-104.171
-111.9
-119.217
-126.115
-132.589
-138.639
-144.262
-149.461
-154.241
-158.606
-162.565
-166.126
-169.302
-172.104
-174.546
-176.645
-178.415
-179.874
-181.04
-181.929
-182.561
-182.954
-183.127
-183.097
-182.884
-182.505
-181.978
-181.32
-180.546
-179.673
-178.715
-177.687
-176.6
-175.468
-174.301
-173.11
-171.905
-170.694
-169.485
-168.284
-167.098
-165.932
-164.788
-163.671
-162.582
-161.522
-160.491
-159.491
-158.519
-157.575
-156.657
-155.764
-154.893
-154.042
-153.207
-152.387
-151.579
-150.781
-149.99
-149.204
-148.422
-147.643
-146.866
-146.09
-145.317
-144.545
-143.776
-143.011
-142.252
-141.5
-140.758
-140.029
-139.316
-138.622
-137.953
-137.312
-136.704
-136.134
-135.608
-135.129
-134.704
-134.337
-134.033
-133.797
-133.635
-133.55
-133.546
-133.628
-133.799
-134.061
-134.416
-134.866
-135.41
-136.05
-136.782
-137.607
-138.52
-139.518
-140.597
-141.751
-142.976
-144.262
-145.603
-146.99
-148.411
-149.858
-151.317
-152.777
-154.224
-155.646
-157.029
-158.358
-159.622
-160.803
-161.89
-162.867
-163.721
-164.438
-165.005
-165.41
-165.639
-165.683
-165.532
-165.177
-164.609
-163.821
-162.808
-161.567
-160.094
-158.39
-156.453
-154.285
-151.891
-149.276
-146.449
-143.418
-140.195
-136.794
-133.231
-129.525
-125.696
-121.764
-117.751
-113.68
-109.575
-105.461
-101.359
-97.293
-93.284
-89.357
-85.537
-81.848
-78.315
-74.958
-71.801
-68.863
-66.164
-63.723
-61.545
-59.64
-58.016
-56.685
-55.664
-54.966
-54.591
-54.54
-54.81
-55.39
-56.265
-57.407
-58.771
-60.312
-61.989
-63.771
-65.636
-67.553
-69.48
-71.37
-73.165
-74.822
-76.322
-77.639
-78.735
-79.604
-80.267
-80.778
-81.239
-81.717
-82.244
-82.856
-83.595
-84.529
-85.757
-87.361
-89.397
-91.931
-95.046
-98.772
-103.048
-107.639
-112.108
-115.956
-118.757
-120.111
-119.562
-116.85
-112.068
-105.635
-98.475
-91.64
-85.784
-81.48
-79.476
-80.041
-82.67
-86.214
-88.489
-86.803
-79.166
-63.762
-38.243
-0.703
49.683
112.737
185.296
261.496
336.649
407.363
472.876
534.459
589.722
630.529
644.012
619.14
551.223
445.457
316.292
176.178
37.663
-87.768
-194.497
-273.908
-322.964
-347.326
-351.344
-342.553
-325.551
-298.899
-264.433
-225.042
-184.951
-150.102
-123.481
-106.272
-98.562
-98.673
-104.54
-113.666
-122.991
-130.623
-135.606
-136.992
-134.575
-128.702
-119.927
-109.582
-99.379
-90.242
-82.635
-76.944
-73.114
-71.012
-70.525
-71.114
-72.071
-72.966
-73.505
-73.528
-73.087
-72.176
-70.761
-68.904
-66.692
-64.198
-61.505
-58.646
-55.62
-52.457
-49.196
-45.899
-42.643
-39.496
-36.514
-33.734
-31.172
-28.842
-26.746
-24.881
-23.234
-21.781
-20.491
-19.34
-18.307
-17.369
-16.504
-15.678
-14.855
-14.001
-13.084
-12.078
-10.957
-9.697
-8.273
-6.665
-4.855
-2.826
-0.565
1.945
4.72
7.774
11.121
14.77
18.73
23.008
27.608
32.534
37.783
43.352
49.234
55.422
61.904
68.668
75.696
82.972
90.475
98.184
106.073
114.118
122.29
130.561
138.899
147.273
155.65
163.996
172.276
180.457
188.502
196.378
204.049
211.48
218.639
225.492
232.008
238.155
243.905
249.229
254.104
258.504
262.41
265.803
268.668
270.991
272.763
273.975
274.624
274.708
274.227
273.185
271.589
269.446
266.77
263.574
259.875
255.691
251.045
245.958
240.457
234.569
228.323
221.747
214.875
207.738
200.371
192.807
185.08
177.227
169.281
161.279
153.253
145.238
137.266
129.369
121.578
113.919
106.422
99.11
92.009
85.138
78.518
72.168
66.101
60.333
54.875
49.737
44.925
40.445
36.301
32.494
29.022
25.884
23.074
20.586
18.413
16.544
14.968
13.673
12.645
11.87
11.332
11.014
10.9
10.972
11.214
11.608
12.138
12.785
13.535
14.371
15.278
16.241
17.247
18.283
19.335
20.393
21.444
22.481
23.493
24.472
25.411
26.305
27.147
27.933
28.66
29.326
29.929
30.469
30.945
31.36
31.713
32.009
32.25
32.439
32.58
32.678
32.735
32.758
32.749
32.713
32.654
32.574
32.479
32.37
32.249
32.121
31.985
31.845
31.701
31.553
31.404
31.252
31.097
30.939
30.778
30.61
30.436
30.251
30.054
29.842
29.611
29.357
29.076
28.765
28.418
28.032
27.602
27.122
26.59
26
25.349
24.632
23.846
22.988
22.056
21.048
19.963
18.8
17.559
16.24
14.846
13.378
11.838
10.23
8.558
6.826
5.039
3.204
1.327
-0.584
-2.52
-4.473
-6.432
-8.388
-10.33
-12.247
-14.128
-15.962
-17.736
-19.44
-21.06
-22.584
-24.002
-25.302
-26.471
-27.499
-28.377
-29.094
-29.642
-30.015
-30.204
-30.205
-30.013
-29.624
-29.038
-28.253
-27.269
-26.09
-24.719
-23.162
-21.428
-19.525
-17.465
-15.26
-12.926
-10.481
-7.944
-5.332
-2.667
0.031
2.739
5.434
8.097
10.707
13.242
15.681
17.999
20.174
22.182
24.002
25.615
27.001
28.139
29.018
29.629
29.965
30.018
29.778
29.226
28.35
27.148
25.618
23.765
21.6
19.141
16.42
13.486
10.381
7.145
3.811
0.393
-3.077
-6.563
-10.021
-13.392
-16.634
-19.719
-22.612
-25.277
-27.717
-29.96
-32.071
-34.159
-36.293
-38.499
-40.819
-43.288
-45.971
-48.955
-52.316
-56.099
-60.368
-65.255
-70.796
-76.905
-83.295
-89.4
-94.634
-98.549
-100.708
-100.615
-98.079
-93.279
-86.818
-80.051
-74.322
-70.442
-69.178
-71.169
-76.372
-84.086
-92.757
-99.395
-100.729
-94.207
-77.397
-48.027
-4.554
53.718
126.093
208.378
293.948
376.778
451.918
518.511
577.912
628.663
665.203
674.526
643.242
563.115
433.053
268.186
89.648
-79.43
-214.446
-306.767
-357.066
-373.051
-371.958
-362.452
-347.142
-326.499
-295.548
-254.752
-209.708
-165.693
-129.084
-103.803
-89.957
-86.582
-91.949
-103.405
-118.245
-134.1
-148.411
-159.109
-165.345
-166.808
-163.679
-156.949
-147.768
-137.314
-127.106
-118.228
-111.115
-106.001
-102.764
-101.027
-100.459
-100.582
-100.765
-100.634
-100.016
-98.861
-97.303
-95.458
-93.394
-91.199
-88.921
-86.575
-84.173
-81.706
-79.16
-76.553
-73.911
-71.285
-68.743
-66.329
-64.079
-61.994
-60.038
-58.177
-56.358
-54.559
-52.806
-51.117
-49.501
-47.965
-46.5
-45.097
-43.761
-42.474
-41.198
-39.902
-38.549
-37.124
-35.632
-34.075
-32.461
-30.78
-29
-27.094
-25.041
-22.819
-20.412
-17.8
-14.954
-11.861
-8.523
-4.941
-1.12
2.94
7.246
11.8
16.6
21.639
26.906
32.391
38.081
43.961
50.014
56.218
62.548
68.983
75.504
82.088
88.713
95.353
101.982
108.572
115.099
121.534
127.848
134.013
139.998
145.775
151.317
156.598
161.588
166.264
170.6
174.572
178.159
181.34
184.096
186.41
188.266
189.652
190.557
190.972
190.891
190.309
189.226
187.643
185.563
182.991
179.936
176.408
172.418
167.98
163.11
157.826
152.146
146.092
139.687
132.955
125.922
118.613
111.058
103.284
95.32
87.197
78.945
70.594
62.176
53.719
45.256
36.815
28.426
20.117
11.916
3.849
-4.06
-11.786
-19.309
-26.607
-33.661
-40.456
-46.976
-53.206
-59.135
-64.753
-70.051
-75.021
-79.659
-83.961
-87.924
-91.55
-94.838
-97.792
-100.416
-102.716
-104.698
-106.371
-107.744
-108.827
-109.631
-110.17
-110.455
-110.501
-110.321
-109.93
-109.344
-108.576
-107.643
-106.557
-105.335
-103.99
-102.536
-100.987
-99.355
-97.654
-95.896
-94.093
-92.257
-90.398
-88.528
-86.656
-84.792
-82.945
-81.122
-79.331
-77.578
-75.871
-74.213
-72.611
-71.068
-69.588
-68.174
-66.829
-65.555
-64.351
-63.219
-62.16
-61.172
-60.255
-59.408
-58.631
-57.924
-57.286
-56.716
-56.213
-55.778
-55.409
-55.106
-54.866
-54.688
-54.569
-54.508
-54.502
-54.55
-54.649
-54.799
-54.996
-55.239
-55.526
-55.856
-56.226
-56.635
-57.081
-57.561
-58.074
-58.619
-59.196
-59.803
-60.44
-61.106
-61.8
-62.52
-63.263
-64.027
-64.808
-65.601
-66.402
-67.206
-68.006
-68.797
-69.574
-70.334
-71.074
-71.789
-72.475
-73.127
-73.745
-74.322
-74.854
-75.333
-75.747
-76.089
-76.353
-76.531
-76.618
-76.608
-76.492
-76.267
-75.933
-75.485
-74.917
-74.219
-73.372
-72.368
-71.212
-69.915
-68.495
-66.971
-65.352
-63.662
-61.931
-60.175
-58.405
-56.614
-54.771
-52.867
-50.904
-48.9
-46.891
-44.895
-42.905
-40.913
-38.903
-36.854
-34.758
-32.579
-30.26
-27.782
-25.156
-22.436
-19.727
-17.105
-14.611
-12.275
-10.099
-8.099
-6.321
-4.805
-3.588
-2.721
-2.248
-2.243
-2.818
-4.026
-5.867
-8.283
-11.136
-14.309
-17.725
-21.312
-25.019
-28.788
-32.54
-36.206
-39.728
-43.032
-46.046
-48.675
-50.798
-52.348
-53.315
-53.74
-53.73
-53.414
-52.906
-52.331
-51.816
-51.475
-51.404
-51.735
-52.639
-54.206
-56.451
-59.27
-62.39
-65.565
-68.61
-71.207
-72.919
-73.417
-72.528
-70.561
-68.322
-66.486
-65.576
-66.061
-68.353
-72.836
-79.598
-87.691
-95.268
-100.409
-101.073
-95.405
-81.518
-57.308
-21.286
26.977
86.806
156.359
233.052
312.647
388.427
455.157
508.906
547.74
573.661
583.694
571.229
529.854
452.183
338.317
195.242
34.627
-127.396
-273.783
-386.574
-456.753
-484.137
-474.425
-443.98
-402.566
-353.374
-302.644
-249.471
-197.905
-157.239
-127.551
-110.029
-103.442
-101.899
-106.16
-116.096
-129.462
-145.613
-160.547
-170.962
-176.49
-176.851
-172.813
-165.782
-156.632
-146.508
-137.002
-129.037
-122.935
-118.779
-116.255
-114.961
-114.577
-114.624
-114.514
-113.926
-112.749
-110.979
-108.747
-106.136
-103.184
-99.98
-96.628
-93.197
-89.73
-86.245
-82.747
-79.269
-75.869
-72.611
-69.537
-66.668
-64.008
-61.554
-59.301
-57.244
-55.367
-53.644
-52.058
-50.593
-49.235
-47.972
-46.785
-45.649
-44.532
-43.402
-42.224
-40.968
-39.609
-38.12
-36.477
-34.656
-32.637
-30.398
-27.932
-25.229
-22.256
-18.983
-15.378
-11.411
-7.088
-2.427
2.592
7.974
13.66
19.586
25.675
31.851
38.123
44.538
51.061
57.629
64.397
71.554
78.982
86.689
94.717
102.639
111.56
122.578
134.145
145.829
154.84
157.776
158.439
159.344
164.214
178.17
196.551
215.364
231.81
241.37
247.085
252.061
256.954
263.625
270.835
277
282.229
286.216
288.993
290.81
291.458
290.806
288.945
285.982
282.051
277.277
271.772
265.624
258.906
251.73
244.184
236.368
228.418
220.442
212.514
204.707
197.077
189.645
182.418
175.364
168.401
161.481
154.582
147.69
140.82
133.975
127.145
120.33
113.529
106.744
99.988
93.272
86.6
79.987
73.466
67.101
60.981
55.175
49.717
44.602
39.835
35.459
31.478
27.804
24.28
20.75
17.151
13.559
10.067
6.62
3.265
0.317
-1.947
-3.4
-4.096
-4.575
-4.339
-1.414
4.867
13.244
18.602
12.974
-6.494
-35.134
-61.057
-70.29
-57.316
-27.754
5.062
28.376
37.067
33.961
26.242
19.051
13.755
9.599
4.951
-0.67
-6.632
-12.274
-16.787
-19.433
-20.007
-18.815
-16.593
-14.025
-11.475
-9.083
-6.928
-5.274
-4.351
-4.104
-4.243
-4.469
-4.623
-4.693
-4.753
-4.804
-4.795
-4.723
-4.624
-4.553
-4.544
-4.585
-4.631
-4.647
-4.625
-4.568
-4.493
-4.41
-4.321
-4.23
-4.14
-4.056
-3.985
-3.938
-3.92
-3.94
-4.004
-4.12
-4.3
-4.554
-4.889
-5.309
-5.812
-6.396
-7.062
-7.811
-8.644
-9.563
-10.565
-11.651
-12.818
-14.065
-15.391
-16.79
-18.259
-19.79
-21.379
-23.019
-24.704
-26.425
-28.174
-29.942
-31.719
-33.494
-35.256
-36.993
-38.694
-40.347
-41.941
-43.464
-44.907
-46.259
-47.51
-48.65
-49.671
-50.564
-51.321
-51.935
-52.398
-52.705
-52.851
-52.831
-52.641
-52.278
-51.74
-51.027
-50.14
-49.079
-47.848
-46.449
-44.889
-43.174
-41.314
-39.317
-37.194
-34.96
-32.629
-30.219
-27.746
-25.228
-22.683
-20.13
-17.587
-15.072
-12.601
-10.189
-7.851
-5.603
-3.465
-1.452
0.419
2.131
3.672
5.025
6.177
7.12
7.853
8.37
8.671
8.745
8.576
8.157
7.486
6.562
5.392
3.989
2.373
0.579
-1.339
-3.335
-5.361
-7.384
-9.382
-11.323
-13.172
-14.884
-16.405
-17.699
-18.745
-19.514
-19.986
-20.173
-20.117
-19.9
-19.652
-19.47
-19.422
-19.582
-20.02
-20.819
-22.083
-23.909
-26.342
-29.439
-33.314
-37.961
-43.281
-49.025
-54.659
-59.638
-63.598
-66.064
-66.487
-64.76
-60.954
-55.485
-49.556
-44.119
-39.512
-36.373
-35.505
-36.701
-39.292
-42.172
-41.462
-33.817
-18.86
5.446
38.402
77.638
126.964
187.299
258.79
342.62
429.914
511.374
578.453
621.155
637.927
628.565
593.609
537.704
461.833
367.52
257.964
133.848
3.195
-120.358
-224.516
-295.723
-331.185
-339.402
-328.618
-308.797
-285.015
-256.009
-223.423
-189.725
-157.713
-131.59
-113.306
-103.154
-100.538
-103.444
-109.299
-115.465
-120.212
-122.912
-123.159
-120.62
-115.35
-107.705
-98.697
-89.903
-82.243
-75.99
-71.285
-68.106
-66.397
-66.118
-66.9
-68.053
-69.104
-69.787
-69.962
-69.664
-68.887
-67.572
-65.742
-63.481
-60.876
-58.016
-54.956
-51.703
-48.281
-44.736
-41.128
-37.535
-34.031
-30.677
-27.513
-24.556
-21.82
-19.311
-17.026
-14.959
-13.086
-11.373
-9.797
-8.338
-6.978
-5.699
-4.473
-3.264
-2.042
-0.778
0.555
1.979
3.515
5.187
7.015
9.015
11.201
13.585
16.181
19.004
22.067
25.382
28.959
32.805
36.926
41.327
46.01
50.973
56.214
61.726
67.503
73.535
79.811
86.317
93.038
99.957
107.054
114.309
121.698
129.197
136.78
144.42
152.086
159.749
167.378
174.94
182.403
189.735
196.902
203.872
210.613
217.092
223.28
229.145
234.66
239.798
244.532
248.84
252.698
256.089
258.995
261.401
263.295
264.669
265.513
265.825
265.602
264.844
263.554
261.738
259.403
256.561
253.224
249.408
245.131
240.414
235.277
229.747
223.848
217.609
211.059
204.228
197.147
189.849
182.366
174.732
166.981
159.145
151.258
143.352
135.459
127.611
119.835
112.162
104.616
97.225
90.01
82.995
76.199
69.641
63.337
57.302
51.548
46.087
40.926
36.072
31.529
27.299
23.382
19.778
16.482
13.49
10.795
8.389
6.262
4.402
2.798
1.436
0.301
-0.622
-1.348
-1.894
-2.275
-2.509
-2.61
-2.595
-2.48
-2.278
-2.006
-1.676
-1.304
-0.901
-0.481
-0.055
0.367
0.773
1.156
1.507
1.817
2.081
2.292
2.446
2.536
2.56
2.514
2.396
2.204
1.937
1.597
1.182
0.695
0.137
-0.49
-1.182
-1.939
-2.757
-3.634
-4.566
-5.551
-6.586
-7.668
-8.795
-9.962
-11.167
-12.408
-13.681
-14.985
-16.316
-17.674
-19.056
-20.459
-21.883
-23.324
-24.78
-26.25
-27.731
-29.222
-30.72
-32.225
-33.734
-35.247
-36.764
-38.282
-39.802
-41.322
-42.842
-44.361
-45.878
-47.393
-48.905
-50.413
-51.916
-53.415
-54.908
-56.395
-57.875
-59.346
-60.807
-62.258
-63.696
-65.12
-66.527
-67.915
-69.282
-70.627
-71.945
-73.236
-74.494
-75.717
-76.902
-78.043
-79.137
-80.178
-81.161
-82.081
-82.933
-83.713
-84.414
-85.031
-85.559
-85.992
-86.325
-86.552
-86.669
-86.669
-86.547
-86.298
-85.92
-85.409
-84.76
-83.971
-83.04
-81.967
-80.751
-79.394
-77.896
-76.26
-74.491
-72.594
-70.577
-68.447
-66.216
-63.895
-61.497
-59.037
-56.531
-53.996
-51.448
-48.905
-46.385
-43.908
-41.492
-39.155
-36.916
-34.795
-32.812
-30.988
-29.34
-27.888
-26.65
-25.645
-24.892
-24.405
-24.192
-24.26
-24.619
-25.28
-26.257
-27.554
-29.168
-31.091
-33.319
-35.841
-38.641
-41.692
-44.943
-48.351
-51.877
-55.49
-59.174
-62.898
-66.62
-70.295
-73.873
-77.327
-80.651
-83.828
-86.822
-89.622
-92.229
-94.692
-97.12
-99.585
-102.13
-104.779
-107.521
-110.388
-113.454
-116.772
-120.387
-124.323
-128.524
-133.024
-137.973
-143.33
-148.917
-154.361
-158.981
-162.234
-163.828
-163.309
-160.162
-154.273
-145.786
-135.431
-124.747
-115.019
-107.158
-102.216
-100.944
-103.233
-108.325
-114.362
-118.21
-116.685
-106.788
-85.273
-49.126
1.612
63.991
134.73
208.847
285.664
369.704
458.388
543.944
611.461
638.013
612.435
536.234
419.834
281.682
134.634
-12.917
-152.485
-273.358
-361.851
-410.275
-419.475
-399.801
-367.273
-332.698
-301.295
-273.632
-246.839
-220.903
-197.728
-179.708
-170.004
-168.763
-173.85
-182.353
-190.583
-196.453
-199.484
-199.265
-195.452
-188.212
-178.049
-166.173
-154.434
-143.906
-134.931
-127.733
-122.371
-118.83
-117.082
-116.749
-117.125
-117.74
-118.316
-118.64
-118.675
-118.361
-117.593
-116.377
-114.77
-112.815
-110.573
-108.09
-105.367
-102.43
-99.32
-96.073
-92.756
-89.439
-86.185
-83.067
-80.127
-77.39
-74.877
-72.596
-70.546
-68.721
-67.092
-65.626
-64.301
-63.094
-61.985
-60.948
-59.949
-58.951
-57.923
-56.835
-55.657
-54.361
-52.925
-51.33
-49.563
-47.621
-45.496
-43.18
-40.661
-37.927
-34.969
-31.78
-28.352
-24.672
-20.734
-16.533
-12.076
-7.378
-2.447
2.713
8.1
13.723
19.584
25.681
32.017
38.572
45.321
52.27
59.424
66.768
74.269
81.834
89.37
96.858
104.323
111.749
118.981
125.768
132.031
137.897
143.613
149.416
155.141
160.537
165.986
171.818
177.761
183.561
188.159
191.517
196.377
202.911
209.024
210.529
199.788
178.057
154.649
139.79
145.652
171.579
205.461
237.48
257.106
262.164
259.357
251.274
240.514
228.651
213.428
195.215
175.502
154.787
134.731
117.053
102.073
89.718
79.575
70.476
61.759
53.44
45.362
37.322
29.311
21.3
13.462
6.256
-0.122
-5.741
-10.712
-15.195
-19.281
-22.96
-26.275
-29.327
-32.194
-34.95
-37.642
-40.294
-42.969
-45.721
-48.579
-51.534
-54.529
-57.473
-60.261
-62.804
-65.038
-66.926
-68.456
-69.631
-70.456
-70.935
-71.079
-70.883
-70.33
-69.404
-68.094
-66.405
-64.364
-62.015
-59.415
-56.618
-53.672
-50.618
-47.483
-44.287
-41.046
-37.768
-34.456
-31.122
-27.781
-24.453
-21.159
-17.917
-14.742
-11.644
-8.629
-5.702
-2.865
-0.122
2.524
5.069
7.508
9.833
12.036
14.111
16.052
17.858
19.526
21.056
22.451
23.711
24.842
25.846
26.728
27.49
28.137
28.671
29.097
29.419
29.64
29.765
29.799
29.747
29.615
29.408
29.133
28.795
28.398
27.948
27.449
26.904
26.316
25.689
25.025
24.328
23.599
22.84
22.055
21.243
20.408
19.549
18.666
17.761
16.832
15.88
14.903
13.903
12.879
11.833
10.765
9.676
8.568
7.442
6.3
5.144
3.975
2.796
1.609
0.418
-0.775
-1.964
-3.146
-4.314
-5.464
-6.587
-7.678
-8.729
-9.732
-10.68
-11.565
-12.378
-13.11
-13.753
-14.298
-14.736
-15.059
-15.258
-15.324
-15.252
-15.035
-14.667
-14.143
-13.46
-12.615
-11.605
-10.432
-9.093
-7.591
-5.927
-4.104
-2.128
-0.005
2.259
4.653
7.166
9.784
12.49
15.268
18.101
20.968
23.851
26.729
29.581
32.39
35.138
37.804
40.369
42.809
45.103
47.231
49.177
50.923
52.453
53.75
54.804
55.614
56.173
56.474
56.506
56.246
55.681
54.807
53.62
52.124
50.326
48.236
45.878
43.297
40.531
37.624
34.608
31.502
28.342
25.174
22.049
19.037
16.188
13.532
11.104
8.924
6.987
5.283
3.762
2.346
0.963
-0.475
-2.065
-3.894
-6.068
-8.67
-11.819
-15.697
-20.384
-25.857
-31.962
-38.335
-44.604
-50.506
-55.652
-59.536
-61.831
-62.382
-61.51
-60.147
-59.169
-59.211
-60.85
-64.583
-70.734
-79.302
-89.244
-98.35
-104.169
-104.423
-96.815
-78.979
-48.83
-4.565
53.246
120.913
195.776
275.75
359.676
448.348
535.139
607.474
653.223
660.41
628.941
568.483
486.558
389.018
274.984
142.147
-1.133
-137.429
-246.775
-315.862
-345.876
-350.764
-345.664
-339.405
-333.382
-322.871
-305.214
-282.384
-257.82
-235.484
-217.227
-202.464
-190.294
-179.965
-170.744
-162.114
-154.161
-147.43
-142.429
-139.527
-138.742
-139.586
-141.811
-145.477
-150.018
-154.364
-157.838
-160.112
-161.108
-161.187
-160.333
-157.96
-154.227
-150.013
-145.764
-141.623
-137.494
-132.891
-127.915
-123.458
-119.854
-116.683
-113.758
-111.115
-109.241
-109.069
-110.837
-113.793
-117.143
-120.627
-124.086
-127.279
-129.492
-129.546
-126.87
-121.93
-115.746
-109.076
-102.341
-95.851
-90.12
-86.028
-84.123
-84.185
-85.426
-87.141
-88.937
-90.628
-92.062
-92.879
-92.771
-91.764
-90.154
-88.232
-86.144
-83.89
-81.384
-78.619
-75.641
-72.44
-68.964
-65.148
-60.951
-56.381
-51.486
-46.316
-40.886
-35.201
-29.272
-23.116
-16.759
-10.243
-3.566
3.306
10.369
17.601
25.021
32.593
40.29
48.149
56.079
63.892
71.518
78.921
85.9
92.358
98.444
104.026
109.14
114.532
119.172
121.866
124.174
126.17
131.316
145.321
164.186
183.296
195.64
189.555
169.44
145.813
127.792
129.011
147.613
171.457
192.837
202.457
199.577
192.286
184.518
179.073
176.82
174.653
171.315
167.065
161.708
155.573
148.851
141.227
132.573
122.979
112.442
100.909
88.498
75.478
62.073
48.462
35.018
22.266
10.391
-0.545
-10.292
-19.313
-26.845
-30.295
-30.34
-29.201
-30.316
-41.746
-63.709
-87.89
-106.928
-108.272
-88.738
-61.39
-35.924
-23.98
-31.568
-47.407
-63.686
-74.87
-76.031
-73.089
-70.333
-68.41
-69.271
-71.332
-73.045
-74.961
-76.933
-78.958
-81.292
-83.733
-86.079
-88.311
-90.378
-92.199
-93.758
-95.101
-96.248
-97.215
-98.053
-98.781
-99.427
-100.049
-100.681
-101.332
-102.016
-102.74
-103.507
-104.328
-105.204
-106.121
-107.072
-108.053
-109.059
-110.091
-111.14
-112.193
-113.237
-114.259
-115.249
-116.199
-117.103
-117.953
-118.745
-119.477
-120.151
-120.767
-121.327
-121.828
-122.269
-122.647
-122.962
-123.213
-123.399
-123.521
-123.581
-123.581
-123.525
-123.419
-123.269
-123.078
-122.853
-122.6
-122.325
-122.034
-121.734
-121.431
-121.132
-120.845
-120.577
-120.335
-120.127
-119.958
-119.835
-119.763
-119.748
-119.793
-119.902
-120.079
-120.327
-120.649
-121.046
-121.52
-122.072
-122.702
-123.409
-124.191
-125.044
-125.963
-126.942
-127.975
-129.052
-130.166
-131.305
-132.46
-133.619
-134.773
-135.908
-137.013
-138.076
-139.082
-140.02
-140.877
-141.639
-142.293
-142.827
-143.23
-143.49
-143.596
-143.539
-143.309
-142.896
-142.292
-141.491
-140.485
-139.271
-137.843
-136.199
-134.34
-132.268
-129.985
-127.498
-124.816
-121.948
-118.907
-115.708
-112.365
-108.894
-105.315
-101.645
-97.903
-94.108
-90.279
-86.436
-82.6
-78.793
-75.037
-71.353
-67.763
-64.288
-60.952
-57.777
-54.786
-51.992
-49.412
-47.062
-44.961
-43.135
-41.603
-40.374
-39.452
-38.841
-38.537
-38.531
-38.799
-39.297
-39.972
-40.775
-41.662
-42.602
-43.561
-44.491
-45.339
-46.051
-46.584
-46.924
-47.068
-47.004
-46.737
-46.299
-45.764
-45.264
-44.955
-44.96
-45.392
-46.343
-47.881
-50.11
-53.139
-57.04
-61.878
-67.657
-74.313
-81.844
-90.241
-99.317
-108.766
-118.065
-126.486
-133.452
-138.504
-141.089
-140.778
-137.373
-130.843
-121.716
-110.974
-99.443
-87.86
-76.902
-66.777
-57.33
-48.133
-37.852
-24.464
-5.904
19.866
54.524
99.086
153.664
217.49
288.589
362.301
433.259
497.506
549.71
587.505
609.325
608.706
583.893
532.714
453.137
350.407
225.55
84.08
-62.392
-201.032
-311.466
-382.535
-412.704
-407.456
-383.178
-347.955
-308.076
-271.212
-238.01
-215.129
-204.074
-197.219
-190.682
-177.916
-156.613
-132.465
-108.168
-86.141
-68.464
-53.415
-40.346
-29.624
-20.616
-13.472
-8.566
-5.335
-2.914
-0.759
1.6
4.192
6.303
7.521
7.881
7.362
6.027
4.028
1.398
-1.619
-4.471
-6.769
-8.269
-8.816
-8.441
-7.18
-5.032
-2.065
1.603
5.863
10.568
15.573
20.755
25.971
31.12
36.125
40.907
45.407
49.57
53.364
56.799
59.898
62.681
65.165
67.365
69.305
71.042
72.636
74.15
75.656
77.205
78.839
80.608
82.547
84.685
87.048
89.645
92.482
95.569
98.923
102.556
106.485
110.714
115.246
120.085
125.228
130.675
136.422
142.463
148.793
155.405
162.293
169.448
176.863
184.525
192.417
200.519
208.81
217.264
225.857
234.561
243.345
252.179
261.033
269.874
278.67
287.39
295.999
304.465
312.753
320.831
328.666
336.225
343.478
350.395
356.946
363.105
368.846
374.147
378.985
383.341
387.2
390.546
393.367
395.655
397.402
398.605
399.264
399.378
398.953
397.995
396.514
394.522
392.033
389.064
385.633
381.759
377.467
372.779
367.721
362.32
356.604
350.603
344.347
337.867
331.195
324.364
317.404
310.35
303.233
296.084
288.934
281.814
274.753
267.778
260.917
254.194
247.634
241.257
235.086
229.137
223.43
217.977
212.795
207.893
203.281
198.969
194.963
191.267
187.884
184.817
182.065
179.627
177.5
175.681
174.164
172.942
172.01
171.358
170.977
170.858
170.99
171.363
171.966
172.787
173.815
175.04
176.45
178.033
179.78
181.68
183.723
185.898
188.196
190.607
193.123
195.733
198.43
201.206
204.051
206.958
209.919
212.926
215.971
219.047
222.145
225.258
228.377
231.495
234.602
237.691
240.753
243.779
246.76
249.685
252.547
255.334
258.035
260.642
263.141
265.523
267.776
269.888
271.85
273.649
275.274
276.715
277.962
279.004
279.831
280.436
280.809
280.943
280.832
280.47
279.853
278.977
277.841
276.443
274.785
272.869
270.697
268.275
265.61
262.707
259.578
256.232
252.682
248.94
245.023
240.944
236.722
232.374
227.918
223.375
218.762
214.1
209.41
204.711
200.024
195.37
190.766
186.233
181.789
177.45
173.233
169.154
165.224
161.455
157.858
154.442
151.213
148.175
145.332
142.684
140.232
137.972
135.899
134.007
132.286
130.724
129.309
128.026
126.859
125.788
124.796
123.86
122.96
122.073
121.174
120.241
119.247
118.169
116.98
115.657
114.175
112.509
110.637
108.536
106.186
103.568
100.663
97.454
93.926
90.065
85.859
81.295
76.363
71.052
65.357
59.273
52.796
45.925
38.663
31.015
22.991
14.602
5.862
-3.215
-12.613
-22.316
-32.305
-42.562
-53.064
-63.792
-74.72
-85.819
-97.057
-108.401
-119.821
-131.295
-142.805
-154.331
-165.849
-177.335
-188.761
-200.093
-211.286
-222.285
-233.016
-243.414
-253.422
-262.995
-272.095
-280.686
-288.726
-296.17
-302.975
-309.116
-314.564
-319.305
-323.332
-326.672
-329.404
-331.642
-333.531
-335.199
-336.74
-338.249
-339.829
-341.579
-343.616
-346.039
-348.879
-352.213
-356.159
-360.706
-365.743
-370.962
-375.785
-379.681
-382.199
-382.799
-381.069
-376.938
-370.571
-362.701
-354.502
-346.876
-340.683
-336.767
-335.31
-335.871
-337.352
-337.592
-334.129
-324.656
-306.474
-277.091
-235.007
-181.051
-118.675
-51.834
16.364
86.582
161.301
237.36
305.289
349.289
352.617
310.431
231.657
132.326
28.286
-73.114
-175.165
-279.141
-378.214
-461.947
-516.476
-538.007
-535.697
-519.524
-500.951
-484.947
-468.939
-453.265
-437.903
-423.421
-413.205
-408.064
-407.259
-410.537
-415.747
-420.077
-422.418
-422.281
-419.494
-414.68
-408.185
-399.785
-390.121
-380.51
-371.662
-364.032
-357.813
-352.677
-348.554
-345.688
-343.932
-342.888
-342.272
-341.753
-341.141
-340.456
-339.586
-338.373
-336.763
-334.729
-332.284
-329.495
-326.392
-322.983
-319.305
-315.392
-311.286
-307.041
-302.7
-298.313
-293.939
-289.632
-285.448
-281.427
-277.59
-273.954
-270.523
-267.284
-264.222
-261.313
-258.525
-255.835
-253.222
-250.657
-248.117
-245.577
-243.008
-240.385
-237.684
-234.878
-231.946
-228.867
-225.623
-222.198
-218.579
-214.753
-210.711
-206.442
-201.936
-197.183
-192.174
-186.901
-181.358
-175.54
-169.445
-163.071
-156.422
-149.502
-142.318
-134.879
-127.196
-119.283
-111.153
-102.825
-94.315
-85.643
-76.83
-67.9
-58.875
-49.781
-40.643
-31.488
-22.344
-13.238
-4.2
4.743
13.561
22.227
30.71
38.984
47.02
54.789
62.266
69.423
76.234
82.677
88.728
94.365
99.57
104.326
108.618
112.433
115.76
118.59
120.916
122.734
124.041
124.836
125.121
124.899
124.176
122.96
121.262
119.091
116.464
113.394
109.899
105.999
101.713
97.064
92.074
86.77
81.176
75.32
69.23
62.935
56.464
49.848
43.116
36.297
29.422
22.519
15.616
8.741
1.921
-4.818
-11.453
-17.958
-24.31
-30.49
-36.476
-42.25
-47.794
-53.095
-58.137
-62.908
-67.398
-71.598
-75.501
-79.1
-82.393
-85.377
-88.052
-90.418
-92.48
-94.24
-95.707
-96.886
-97.786
-98.417
-98.79
-98.917
-98.808
-98.477
-97.936
-97.2
-96.282
-95.196
-93.957
-92.578
-91.073
-89.457
-87.744
-85.947
-84.079
-82.154
-80.182
-78.178
-76.151
-74.113
-72.075
-70.045
-68.033
-66.047
-64.094
-62.181
-60.312
-58.494
-56.728
-55.02
-53.37
-51.781
-50.254
-48.789
-47.386
-46.046
-44.766
-43.547
-42.385
-41.28
-40.23
-39.231
-38.282
-37.381
-36.524
-35.71
-34.936
-34.2
-33.498
-32.828
-32.188
-31.575
-30.986
-30.42
-29.873
-29.345
-28.833
-28.336
-27.853
-27.384
-26.929
-26.487
-26.059
-25.644
-25.244
-24.86
-24.492
-24.141
-23.81
-23.498
-23.208
-22.94
-22.696
-22.476
-22.279
-22.107
-21.958
-21.832
-21.727
-21.641
-21.573
-21.521
-21.481
-21.45
-21.427
-21.407
-21.386
-21.359
-21.322
-21.268
-21.191
-21.084
-20.94
-20.751
-20.509
-20.205
-19.832
-19.379
-18.838
-18.2
-17.455
-16.594
-15.608
-14.489
-13.228
-11.818
-10.252
-8.527
-6.637
-4.579
-2.352
0.047
2.616
5.353
8.257
11.324
14.55
17.928
21.451
25.109
28.891
32.786
36.78
40.854
44.992
49.173
53.378
57.585
61.771
65.915
69.992
73.98
77.858
81.602
85.19
88.598
91.8
94.777
97.505
99.964
102.136
104
105.543
106.757
107.634
108.167
108.347
108.157
107.587
106.636
105.304
103.596
101.521
99.098
96.359
93.357
90.144
86.771
83.288
79.73
76.138
72.568
69.076
65.723
62.566
59.632
56.951
54.561
52.472
50.668
49.085
47.609
46.12
44.534
42.776
40.769
38.418
35.606
32.221
28.185
23.485
18.112
11.994
5.152
-2.284
-10.027
-17.522
-24.254
-29.925
-34.1
-36.213
-36.029
-33.433
-28.632
-22.62
-15.961
-8.602
-1.291
4.99
10.274
14.549
19.59
29.838
46.586
69.39
97.364
126.903
159.391
199.747
252.128
321.965
408.32
506.108
609.037
704.559
781.547
828.234
831.148
787.065
697.45
568.066
414.098
249.419
89.048
-47.368
-146.571
-202.473
-216.795
-203.307
-177.811
-149.49
-122.942
-96.659
-66.73
-34.756
-4.311
20.902
36.421
41.406
37.97
28.486
16.256
4.613
-4.897
-11.331
-13.633
-11.71
-6.063
2.61
12.8
22.748
31.572
38.768
43.885
46.96
48.119
47.512
45.711
43.393
40.959
38.699
36.811
35.303
34.218
33.614
33.436
33.621
34.125
34.895
35.91
37.168
38.647
40.306
42.105
43.98
45.869
47.716
49.464
51.078
52.534
53.817
54.921
55.848
56.61
57.229
57.73
58.134
58.463
58.737
58.98
59.222
59.492
59.818
60.226
60.738
61.376
62.162
63.116
64.255
65.592
67.141
68.912
70.918
73.17
75.678
78.45
81.495
84.816
88.418
92.304
96.474
100.923
105.648
110.64
115.89
121.387
127.119
133.068
139.219
145.553
152.049
158.685
165.437
172.28
179.186
186.129
193.077
200.002
206.871
213.653
220.317
226.831
233.163
239.281
245.154
250.752
256.045
261.005
265.605
269.817
273.617
276.984
279.895
282.333
284.281
285.725
286.653
287.056
286.927
286.259
285.052
283.304
281.019
278.201
274.857
270.998
266.637
261.788
256.468
250.697
244.495
237.887
230.896
223.548
215.872
207.896
199.65
191.165
182.472
173.604
164.594
155.472
146.273
137.028
127.769
118.526
109.331
100.212
91.198
82.317
73.594
65.055
56.724
48.621
40.767
33.18
25.876
18.868
12.17
5.791
-0.26
-5.979
-11.359
-16.399
-21.098
-25.456
-29.478
-33.168
-36.531
-39.576
-42.312
-44.75
-46.9
-48.776
-50.39
-51.758
-52.892
-53.809
-54.525
-55.055
-55.417
-55.627
-55.701
-55.658
-55.512
-55.28
-54.978
-54.621
-54.221
-53.794
-53.351
-52.905
-52.467
-52.048
-51.656
-51.301
-50.99
-50.731
-50.529
-50.388
-50.314
-50.307
-50.372
-50.508
-50.717
-50.999
-51.352
-51.776
-52.269
-52.827
-53.449
-54.129
-54.863
-55.647
-56.475
-57.343
-58.244
-59.174
-60.128
-61.101
-62.088
-63.085
-64.086
-65.088
-66.087
-67.079
-68.06
-69.026
-69.977
-70.908
-71.818
-72.707
-73.573
-74.417
-75.236
-76.033
-76.807
-77.558
-78.288
-78.998
-79.688
-80.363
-81.023
-81.671
-82.312
-82.947
-83.579
-84.213
-84.85
-85.492
-86.141
-86.8
-87.47
-88.152
-88.846
-89.554
-90.275
-91.01
-91.758
-92.517
-93.286
-94.061
-94.839
-95.616
-96.389
-97.152
-97.9
-98.627
-99.328
-99.998
-100.63
-101.217
-101.754
-102.232
-102.644
-102.983
-103.242
-103.411
-103.486
-103.458
-103.323
-103.075
-102.709
-102.22
-101.606
-100.863
-99.989
-98.984
-97.847
-96.578
-95.18
-93.656
-92.012
-90.253
-88.388
-86.425
-84.374
-82.249
-80.063
-77.83
-75.566
-73.286
-71.007
-68.747
-66.523
-64.35
-62.245
-60.222
-58.299
-56.494
-54.825
-53.309
-51.962
-50.799
-49.837
-49.091
-48.569
-48.275
-48.214
-48.389
-48.809
-49.488
-50.435
-51.649
-53.132
-54.878
-56.878
-59.113
-61.552
-64.144
-66.847
-69.617
-72.425
-75.252
-78.069
-80.843
-83.541
-86.114
-88.532
-90.78
-92.828
-94.652
-96.265
-97.703
-99.044
-100.411
-101.89
-103.533
-105.411
-107.578
-110.097
-113.046
-116.48
-120.425
-124.936
-130.119
-136.002
-142.502
-149.41
-156.25
-162.47
-167.594
-171.101
-172.39
-171.182
-167.548
-161.751
-154.772
-148.055
-142.592
-139.323
-139.493
-142.206
-145.941
-150.91
-154.772
-157.078
-158.439
-152.26
-133.323
-96.188
-35.065
43.684
130.827
217.732
295.507
366.202
433.799
496.174
546.586
568.214
545.912
477.242
370.035
242.139
108.541
-25.324
-156.872
-283.45
-394.262
-474.277
-515.513
-519.168
-497.903
-466.68
-434.021
-402.874
-370.403
-334.292
-296.043
-258.452
-225.607
-200.518
-183.424
-173.284
-168.545
-167.633
-169.504
-173.403
-177.993
-181.359
-182.377
-180.734
-176.583
-170.644
-163.508
-155.479
-147.315
-140.186
-134.786
-131.386
-129.924
-129.859
-130.738
-132.324
-134.229
-135.986
-137.285
-137.904
-137.728
-136.808
-135.182
-132.851
-129.86
-126.258
-122.101
-117.479
-112.508
-107.333
-102.092
-96.888
-91.788
-86.835
-82.065
-77.514
-73.21
-69.165
-65.376
-61.841
-58.564
-55.557
-52.815
-50.311
-47.994
-45.789
-43.634
-41.487
-39.311
-37.078
-34.763
-32.344
-29.809
-27.156
-24.385
-21.484
-18.44
-15.234
-11.855
-8.294
-4.55
-0.623
3.488
7.783
12.262
16.924
21.766
26.788
31.991
37.376
42.944
48.687
54.598
60.668
66.883
73.231
79.695
86.259
92.902
99.606
106.352
113.12
119.889
126.637
133.342
139.983
146.537
152.982
159.294
165.451
171.43
177.207
182.762
188.073
193.117
197.874
202.325
206.451
210.233
213.655
216.7
219.354
221.603
223.436
224.842
225.813
226.343
226.427
226.063
225.251
223.992
222.288
220.145
217.569
214.566
211.148
207.325
203.109
198.514
193.554
188.248
182.611
176.665
170.428
163.922
157.169
150.193
143.016
135.665
128.164
120.539
112.816
105.021
97.181
89.322
81.469
73.647
65.88
58.193
50.608
43.147
35.831
28.678
21.707
14.934
8.376
2.046
-4.043
-9.881
-15.457
-20.764
-25.794
-30.542
-35.006
-39.181
-43.069
-46.668
-49.982
-53.015
-55.771
-58.256
-60.48
-62.45
-64.176
-65.669
-66.941
-68.004
-68.87
-69.552
-70.065
-70.421
-70.635
-70.721
-70.691
-70.56
-70.34
-70.044
-69.684
-69.272
-68.819
-68.335
-67.829
-67.313
-66.793
-66.278
-65.775
-65.291
-64.831
-64.399
-64
-63.636
-63.309
-63.02
-62.77
-62.558
-62.384
-62.246
-62.142
-62.071
-62.03
-62.016
-62.027
-62.058
-62.107
-62.171
-62.246
-62.33
-62.42
-62.514
-62.609
-62.703
-62.796
-62.885
-62.97
-63.048
-63.12
-63.186
-63.244
-63.297
-63.344
-63.386
-63.426
-63.466
-63.507
-63.554
-63.608
-63.673
-63.752
-63.847
-63.963
-64.101
-64.265
-64.456
-64.677
-64.93
-65.215
-65.533
-65.885
-66.27
-66.686
-67.133
-67.608
-68.109
-68.632
-69.173
-69.73
-70.297
-70.87
-71.444
-72.011
-72.565
-73.1
-73.608
-74.082
-74.513
-74.894
-75.216
-75.471
-75.651
-75.748
-75.754
-75.661
-75.462
-75.151
-74.722
-74.169
-73.49
-72.68
-71.737
-70.662
-69.455
-68.118
-66.653
-65.063
-63.353
-61.529
-59.597
-57.567
-55.445
-53.243
-50.974
-48.652
-46.294
-43.914
-41.529
-39.157
-36.815
-34.521
-32.29
-30.136
-28.073
-26.116
-24.282
-22.589
-21.052
-19.685
-18.5
-17.512
-16.73
-16.163
-15.814
-15.681
-15.762
-16.063
-16.588
-17.354
-18.364
-19.618
-21.111
-22.833
-24.767
-26.892
-29.174
-31.56
-34.009
-36.481
-38.943
-41.37
-43.729
-45.974
-48.062
-49.944
-51.58
-52.937
-53.999
-54.764
-55.257
-55.521
-55.609
-55.593
-55.546
-55.553
-55.71
-56.103
-56.822
-57.937
-59.54
-61.764
-64.653
-68.132
-71.979
-75.796
-79.18
-81.835
-83.421
-83.478
-81.791
-78.482
-74.023
-69.367
-65.42
-62.681
-61.607
-62.754
-66.183
-71.256
-76.651
-80.175
-79.476
-72.666
-57.942
-33.526
1.937
48.972
106.947
173.991
246.005
317.393
383.181
439.305
485.549
524.162
554.566
572.568
567.321
527.194
446.171
324.296
175.705
20.106
-122.058
-228.53
-292.04
-315.446
-308.109
-288.287
-266.067
-244.867
-225.423
-203.411
-178.549
-153.797
-131.771
-116.235
-108.684
-107.824
-111.57
-116.739
-120.718
-122.485
-121.586
-117.827
-111.105
-101.533
-89.878
-77.569
-65.879
-55.448
-46.493
-38.994
-32.983
-28.506
-25.345
-23.001
-20.982
-18.962
-16.761
-14.313
-11.547
-8.365
-4.73
-0.677
3.742
8.473
13.471
18.712
24.163
29.776
35.499
41.277
47.051
52.754
58.322
63.682
68.787
73.604
78.11
82.291
86.141
89.665
92.882
95.818
98.496
100.933
103.152
105.175
107.029
108.746
110.354
111.882
113.357
114.806
116.256
117.732
119.256
120.851
122.535
124.326
126.242
128.303
130.529
132.935
135.539
138.354
141.394
144.672
148.196
151.975
156.012
160.311
164.872
169.693
174.771
180.099
185.668
191.467
197.482
203.697
210.093
216.649
223.342
230.146
237.035
243.981
250.953
257.92
264.851
271.712
278.469
285.09
291.539
297.783
303.79
309.526
314.959
320.059
324.797
329.142
333.07
336.554
339.571
342.101
344.122
345.619
346.577
346.983
346.828
346.105
344.81
342.941
340.501
337.494
333.928
329.812
325.16
319.987
314.313
308.156
301.541
294.492
287.036
279.202
271.019
262.52
253.737
244.702
235.45
226.015
216.432
206.736
196.961
187.142
177.314
167.511
157.765
148.11
138.576
129.195
119.994
111.001
102.242
93.74
85.517
77.594
69.987
62.711
55.782
49.208
42.998
37.16
31.697
26.61
21.899
17.563
13.597
9.995
6.749
3.851
1.289
-0.949
-2.875
-4.505
-5.853
-6.936
-7.771
-8.376
-8.77
-8.972
-9
-8.874
-8.615
-8.241
-7.772
-7.228
-6.627
-5.988
-5.327
-4.661
-4.006
-3.376
-2.786
-2.248
-1.773
-1.371
-1.051
-0.822
-0.689
-0.657
-0.731
-0.914
-1.207
-1.611
-2.126
-2.75
-3.483
-4.319
-5.257
-6.291
-7.417
-8.628
-9.917
-11.278
-12.703
-14.184
-15.712
-17.279
-18.877
-20.496
-22.128
-23.766
-25.4
-27.023
-28.628
-30.207
-31.754
-33.264
-34.73
-36.149
-37.517
-38.831
-40.09
-41.291
-42.436
-43.523
-44.554
-45.53
-46.453
-47.325
-48.148
-48.927
-49.665
-50.366
-51.035
-51.677
-52.297
-52.9
-53.491
-54.076
-54.658
-55.243
-55.835
-56.438
-57.056
-57.692
-58.35
-59.032
-59.74
-60.475
-61.237
-62.024
-62.837
-63.671
-64.523
-65.387
-66.259
-67.133
-68.001
-68.858
-69.695
-70.505
-71.279
-72.008
-72.684
-73.297
-73.837
-74.295
-74.662
-74.929
-75.089
-75.135
-75.059
-74.856
-74.52
-74.048
-73.435
-72.68
-71.781
-70.736
-69.548
-68.22
-66.756
-65.162
-63.448
-61.623
-59.7
-57.694
-55.621
-53.496
-51.338
-49.165
-46.995
-44.85
-42.746
-40.703
-38.74
-36.877
-35.136
-33.538
-32.1
-30.844
-29.788
-28.948
-28.342
-27.984
-27.878
-28.033
-28.456
-29.154
-30.146
-31.44
-33.033
-34.927
-37.115
-39.585
-42.318
-45.278
-48.412
-51.672
-55.008
-58.381
-61.766
-65.124
-68.41
-71.58
-74.572
-77.342
-79.873
-82.129
-84.081
-85.729
-87.088
-88.235
-89.292
-90.356
-91.501
-92.783
-94.235
-95.94
-97.988
-100.451
-103.425
-106.931
-110.988
-115.718
-121.104
-126.969
-133.022
-138.682
-143.319
-146.561
-147.923
-146.839
-143.232
-137.211
-129.226
-120.488
-111.957
-104.204
-98.117
-94.359
-92.704
-92.588
-92.598
-90.046
-82.618
-68.302
-44.772
-10.062
36.976
96.661
167.836
246.04
324.933
398.6
462.243
515.763
561.724
599.914
625.28
623.997
581.429
489.072
346.739
172.613
-9.03
-174.068
-297.979
-374.921
-409.565
-412.108
-401.345
-385.964
-367.831
-346.996
-318.914
-284.499
-248.601
-215.412
-189.777
-173.927
-167.145
-168.175
-174.566
-183.487
-192.876
-200.816
-206.006
-207.695
-205.451
-199.379
-190.168
-178.914
-166.839
-155.217
-144.865
-136.272
-129.758
-125.349
-122.966
-122.366
-123.054
-124.406
-125.919
-127.254
-128.229
-128.82
-128.994
-128.722
-128.027
-126.974
-125.638
-124.052
-122.204
-120.038
-117.477
-114.501
-111.157
-107.53
-103.743
-99.919
-96.136
-92.454
-88.933
-85.605
-82.487
-79.58
-76.848
-74.262
-71.813
-69.505
-67.36
-65.389
-63.572
-61.873
-60.246
-58.631
-56.983
-55.26
-53.414
-51.408
-49.218
-46.822
-44.219
-41.407
-38.377
-35.115
-31.604
-27.826
-23.77
-19.431
-14.804
-9.887
-4.685
0.798
6.551
12.565
18.828
25.33
32.062
39.013
46.169
53.514
61.029
68.692
76.479
84.365
92.322
100.319
108.325
116.312
124.246
132.097
139.835
147.427
154.844
162.053
169.026
175.732
182.143
188.23
193.967
199.327
204.285
208.819
212.907
216.531
219.673
222.319
224.455
226.071
227.158
227.712
227.728
227.207
226.148
224.557
222.44
219.807
216.668
213.039
208.936
204.375
199.379
193.967
188.163
181.991
175.477
168.647
161.529
154.151
146.543
138.734
130.754
122.633
114.403
106.093
97.734
89.356
80.987
72.658
64.394
56.223
48.17
40.26
32.514
24.954
17.599
10.468
3.576
-3.061
-9.433
-15.527
-21.335
-26.849
-32.065
-36.978
-41.587
-45.892
-49.893
-53.594
-56.997
-60.109
-62.936
-65.484
-67.764
-69.784
-71.555
-73.089
-74.397
-75.493
-76.389
-77.099
-77.637
-78.016
-78.25
-78.354
-78.34
-78.223
-78.016
-77.731
-77.381
-76.979
-76.536
-76.063
-75.57
-75.067
-74.562
-74.063
-73.577
-73.111
-72.67
-72.261
-71.886
-71.55
-71.256
-71.006
-70.802
-70.645
-70.536
-70.475
-70.462
-70.495
-70.575
-70.7
-70.869
-71.079
-71.33
-71.618
-71.941
-72.298
-72.684
-73.097
-73.534
-73.993
-74.469
-74.96
-75.464
-75.978
-76.5
-77.027
-77.557
-78.09
-78.623
-79.155
-79.685
-80.213
-80.738
-81.26
-81.78
-82.298
-82.815
-83.33
-83.845
-84.361
-84.877
-85.393
-85.911
-86.431
-86.952
-87.475
-88.001
-88.53
-89.062
-89.596
-90.134
-90.675
-91.219
-91.765
-92.312
-92.861
-93.409
-93.957
-94.502
-95.043
-95.578
-96.103
-96.617
-97.114
-97.592
-98.043
-98.464
-98.849
-99.193
-99.49
-99.734
-99.919
-100.041
-100.094
-100.072
-99.971
-99.784
-99.507
-99.135
-98.664
-98.089
-97.409
-96.618
-95.715
-94.698
-93.566
-92.317
-90.95
-89.466
-87.864
-86.147
-84.316
-82.375
-80.328
-78.181
-75.941
-73.62
-71.229
-68.781
-66.288
-63.764
-61.223
-58.681
-56.151
-53.645
-51.175
-48.752
-46.389
-44.104
-41.911
-39.823
-37.854
-36.016
-34.321
-32.78
-31.401
-30.184
-29.132
-28.248
-27.542
-27.036
-26.746
-26.679
-26.842
-27.236
-27.852
-28.679
-29.691
-30.844
-32.094
-33.403
-34.738
-36.083
-37.411
-38.688
-39.872
-40.905
-41.74
-42.356
-42.719
-42.809
-42.654
-42.29
-41.795
-41.292
-40.859
-40.583
-40.572
-40.911
-41.71
-43.09
-45.124
-47.928
-51.676
-56.4
-62.026
-68.335
-74.81
-80.935
-86.31
-90.401
-92.643
-92.813
-90.988
-87.706
-84.2
-81.625
-80.717
-82.204
-86.639
-93.89
-103.178
-112.848
-119.966
-121.45
-114.688
-97.146
-66.842
-22.641
35.872
107.799
190.247
278.067
364.639
443.486
509.55
562.041
602.028
628.121
637.074
619.963
567.193
475.37
344.904
186.292
17.119
-144.128
-276.145
-364.807
-406.568
-405.256
-372.832
-322.59
-264.885
-209.538
-165.93
-140.553
-136.335
-149.51
-168.889
-184.421
-190.233
-185.929
-177.537
-169.669
-163.437
-158.389
-151.977
-142.992
-132.776
-122.635
-113.625
-106.445
-100.919
-96.783
-94.082
-92.712
-92.28
-92.488
-93.088
-93.808
-94.562
-95.251
-95.659
-95.668
-95.238
-94.333
-92.959
-91.139
-88.865
-86.17
-83.122
-79.773
-76.185
-72.412
-68.494
-64.49
-60.464
-56.484
-52.618
-48.91
-45.388
-42.071
-38.964
-36.065
-33.365
-30.838
-28.452
-26.18
-23.999
-21.886
-19.823
-17.785
-15.746
-13.682
-11.567
-9.378
-7.095
-4.697
-2.167
0.512
3.353
6.368
9.564
12.954
16.546
20.352
24.379
28.635
33.126
37.856
42.829
48.045
53.502
59.197
65.123
71.271
77.634
84.198
90.951
97.879
104.964
112.188
119.533
126.977
134.499
142.075
149.679
157.288
164.874
172.409
179.866
187.216
194.43
201.48
208.336
214.972
221.358
227.469
233.277
238.758
243.887
248.643
253.003
256.948
260.462
263.529
266.135
268.271
269.925
271.093
271.769
271.95
271.637
270.829
269.532
267.749
265.488
262.759
259.573
255.943
251.884
247.413
242.549
237.313
231.726
225.811
219.593
213.097
206.35
199.378
192.21
184.874
177.398
169.812
162.144
154.423
146.676
138.93
131.212
123.546
115.958
108.47
101.104
93.882
86.823
79.946
73.268
66.807
60.576
54.59
48.859
43.396
38.207
33.302
28.685
24.361
20.333
16.601
13.166
10.025
7.176
4.613
2.33
0.32
-1.426
-2.918
-4.167
-5.183
-5.978
-6.566
-6.957
-7.166
-7.204
-7.085
-6.822
-6.429
-5.919
-5.305
-4.601
-3.821
-2.978
-2.085
-1.155
-0.201
0.766
1.732
2.687
3.62
4.519
5.374
6.177
6.919
7.592
8.19
8.706
9.135
9.475
9.721
9.872
9.924
9.877
9.73
9.482
9.132
8.681
8.131
7.481
6.733
5.89
4.953
3.925
2.81
1.61
0.33
-1.028
-2.46
-3.96
-5.524
-7.148
-8.827
-10.554
-12.324
-14.134
-15.976
-17.848
-19.744
-21.661
-23.595
-25.544
-27.503
-29.471
-31.445
-33.422
-35.4
-37.377
-39.35
-41.317
-43.277
-45.226
-47.165
-49.089
-50.998
-52.888
-54.757
-56.603
-58.423
-60.213
-61.969
-63.69
-65.372
-67.011
-68.606
-70.151
-71.645
-73.084
-74.462
-75.778
-77.024
-78.196
-79.289
-80.296
-81.213
-82.033
-82.751
-83.36
-83.857
-84.235
-84.489
-84.615
-84.608
-84.464
-84.179
-83.749
-83.174
-82.452
-81.583
-80.569
-79.411
-78.113
-76.68
-75.116
-73.428
-71.623
-69.708
-67.693
-65.586
-63.399
-61.143
-58.831
-56.479
-54.104
-51.724
-49.357
-47.021
-44.736
-42.52
-40.392
-38.366
-36.457
-34.677
-33.044
-31.57
-30.272
-29.161
-28.247
-27.541
-27.05
-26.779
-26.73
-26.901
-27.283
-27.873
-28.669
-29.675
-30.898
-32.345
-34.009
-35.884
-37.961
-40.223
-42.65
-45.208
-47.848
-50.527
-53.208
-55.851
-58.429
-60.901
-63.21
-65.305
-67.129
-68.62
-69.744
-70.487
-70.83
-70.792
-70.399
-69.676
-68.709
-67.598
-66.436
-65.345
-64.422
-63.753
-63.489
-63.826
-64.88
-66.649
-68.946
-71.386
-73.603
-75.318
-76.19
-75.724
-73.544
-69.728
-64.88
-60.114
-56.625
-55.111
-56.087
-60.405
-68.599
-80.123
-93.358
-105.567
-113.562
-114.839
-107.069
-87.179
-52.085
-1.151
62.914
135.976
213.026
292.243
377.366
469.183
562.34
646.482
702.294
710.606
664.879
565.091
420.66
253.752
82.035
-75.996
-199.684
-284.465
-331.274
-346.989
-349.364
-346.731
-340.559
-330.632
-311.37
-282.707
-249.996
-218.078
-191.8
-173.448
-162.991
-159.67
-161.786
-167.219
-173.4
-177.932
-179.628
-177.854
-172.027
-162.141
-148.658
-132.418
-114.99
-98.003
-82.325
-68.518
-57.091
-48.219
-41.964
-38.239
-36.517
-36.138
-36.708
-37.913
-39.492
-41.308
-43.146
-44.821
-46.301
-47.579
-48.629
-49.398
-49.771
-49.637
-48.958
-47.734
-45.992
-43.79
-41.174
-38.227
-35.069
-31.824
-28.623
-25.56
-22.675
-20.002
-17.559
-15.362
-13.44
-11.798
-10.416
-9.273
-8.34
-7.582
-6.972
-6.459
-5.974
-5.441
-4.782
-3.933
-2.851
-1.495
0.168
2.169
4.534
7.281
10.417
13.951
17.894
22.258
27.053
32.283
37.94
44.017
50.501
57.378
64.634
72.251
80.21
88.488
97.064
105.915
115.016
124.34
133.853
143.52
153.303
163.161
173.053
182.936
192.767
202.5
212.093
221.504
230.69
239.612
248.23
256.506
264.403
271.887
278.925
285.488
291.545
297.073
302.048
306.45
310.263
313.473
316.068
318.042
319.39
320.11
320.204
319.675
318.531
316.782
314.442
311.525
308.052
304.043
299.524
294.52
289.06
283.174
276.894
270.251
263.279
256.01
248.48
240.723
232.771
224.66
216.422
208.09
199.697
191.273
182.85
174.456
166.119
157.866
149.722
141.71
133.853
126.171
118.684
111.408
104.359
97.552
90.998
84.708
78.69
72.95
67.493
62.322
57.437
52.837
48.519
44.481
40.716
37.219
33.982
30.998
28.257
25.75
23.468
21.399
19.533
17.858
16.362
15.035
13.863
12.836
11.942
11.168
10.503
9.935
9.454
9.047
8.703
8.412
8.163
7.946
7.751
7.57
7.394
7.217
7.032
6.832
6.615
6.374
6.108
5.812
5.484
5.124
4.728
4.296
3.829
3.325
2.786
2.212
1.604
0.965
0.295
-0.404
-1.129
-1.879
-2.652
-3.445
-4.256
-5.081
-5.917
-6.763
-7.614
-8.467
-9.32
-10.171
-11.017
-11.856
-12.687
-13.51
-14.325
-15.13
-15.928
-16.718
-17.503
-18.284
-19.062
-19.84
-20.622
-21.409
-22.206
-23.016
-23.841
-24.686
-25.554
-26.45
-27.375
-28.334
-29.329
-30.363
-31.44
-32.563
-33.733
-34.954
-36.227
-37.554
-38.935
-40.373
-41.867
-43.416
-45.019
-46.674
-48.377
-50.125
-51.915
-53.739
-55.593
-57.47
-59.362
-61.263
-63.164
-65.057
-66.933
-68.784
-70.599
-72.372
-74.093
-75.751
-77.34
-78.851
-80.275
-81.606
-82.836
-83.958
-84.966
-85.855
-86.62
-87.259
-87.767
-88.142
-88.384
-88.492
-88.469
-88.317
-88.04
-87.644
-87.135
-86.525
-85.826
-85.048
-84.205
-83.311
-82.381
-81.428
-80.469
-79.513
-78.573
-77.661
-76.792
-75.981
-75.243
-74.591
-74.036
-73.592
-73.27
-73.082
-73.033
-73.125
-73.358
-73.735
-74.267
-74.968
-75.848
-76.907
-78.145
-79.557
-81.131
-82.852
-84.691
-86.604
-88.551
-90.495
-92.409
-94.274
-96.061
-97.734
-99.25
-100.561
-101.637
-102.46
-103.001
-103.252
-103.239
-103
-102.61
-102.16
-101.711
-101.327
-101.09
-101.08
-101.398
-102.141
-103.376
-105.201
-107.747
-111.047
-115.03
-119.475
-123.966
-128.098
-131.567
-134.013
-134.991
-134.268
-131.939
-128.444
-124.675
-121.455
-119.153
-118.086
-118.746
-121.245
-125.054
-129.043
-131.234
-129.497
-122.345
-108.363
-85.943
-53.725
-11.032
41.903
103.848
171.243
239.048
302.93
357.89
402.986
442.358
475.283
499.466
507.471
482.077
415.489
305.36
154.306
-16.858
-188.403
-339.593
-446.162
-503.28
-515.744
-495.855
-466.221
-437.959
-413.037
-390.094
-362.43
-329.047
-294.204
-262.024
-236.959
-220.917
-213.05
-211.864
-215.346
-221.477
-228.558
-234.984
-239.549
-241.314
-239.786
-235.062
-227.663
-218.438
-208.401
-198.597
-189.733
-182.278
-176.476
-172.265
-169.442
-167.671
-166.465
-165.28
-163.782
-161.807
-159.291
-156.302
-152.887
-149.082
-144.988
-140.727
-136.383
-132.006
-127.62
-123.223
-118.848
-114.559
-110.422
-106.507
-102.856
-99.482
-96.394
-93.593
-91.073
-88.82
-86.81
-85.007
-83.385
-81.921
-80.596
-79.388
-78.267
-77.197
-76.142
-75.063
-73.927
-72.703
-71.363
-69.88
-68.231
-66.393
-64.346
-62.075
-59.559
-56.782
-53.724
-50.371
-46.707
-42.722
-38.406
-33.753
-28.757
-23.417
-17.734
-11.711
-5.352
1.335
8.34
15.651
23.253
31.129
39.26
47.624
56.196
64.951
73.861
82.895
92.022
101.21
110.424
119.629
128.79
137.871
146.836
155.649
164.273
172.674
180.817
188.668
196.195
203.365
210.148
216.515
222.441
227.898
232.866
237.322
241.248
244.628
247.446
249.692
251.356
252.432
252.916
252.807
252.108
250.823
248.959
246.527
243.54
240.014
235.967
231.419
226.394
220.915
215.01
208.707
202.036
195.029
187.718
180.136
172.317
164.296
156.106
147.784
139.364
130.881
122.368
113.861
105.391
96.992
88.696
80.531
72.529
64.716
57.118
49.761
42.667
35.856
29.347
23.158
17.302
11.792
6.638
1.847
-2.575
-6.625
-10.302
-13.608
-16.545
-19.12
-21.34
-23.212
-24.746
-25.955
-26.85
-27.446
-27.756
-27.796
-27.582
-27.131
-26.461
-25.59
-24.535
-23.315
-21.949
-20.455
-18.852
-17.159
-15.393
-13.574
-11.718
-9.842
-7.964
-6.097
-4.258
-2.459
-0.712
0.972
2.582
4.111
5.551
6.895
8.14
9.28
10.314
11.237
12.049
12.75
13.339
13.818
14.186
14.447
14.603
14.656
14.61
14.469
14.236
13.915
13.513
13.033
12.482
11.865
11.189
10.46
9.684
8.867
8.015
7.134
6.229
5.305
4.366
3.415
2.455
1.49
0.52
-0.452
-1.426
-2.4
-3.374
-4.349
-5.325
-6.301
-7.279
-8.259
-9.242
-10.228
-11.218
-12.213
-13.214
-14.22
-15.232
-16.251
-17.277
-18.312
-19.355
-20.406
-21.467
-22.537
-23.614
-24.699
-25.79
-26.884
-27.98
-29.073
-30.159
-31.234
-32.293
-33.329
-34.335
-35.306
-36.232
-37.107
-37.923
-38.672
-39.344
-39.932
-40.429
-40.826
-41.116
-41.292
-41.347
-41.274
-41.068
-40.725
-40.239
-39.607
-38.825
-37.891
-36.805
-35.566
-34.176
-32.635
-30.948
-29.118
-27.154
-25.061
-22.85
-20.53
-18.114
-15.619
-13.061
-10.459
-7.83
-5.194
-2.573
0.013
2.543
4.999
7.363
9.617
11.741
13.713
15.513
17.122
18.524
19.702
20.64
21.322
21.739
21.888
21.765
21.365
20.678
19.684
18.373
16.742
14.792
12.529
9.967
7.123
4.03
0.737
-2.707
-6.257
-9.874
-13.537
-17.207
-20.838
-24.373
-27.744
-30.899
-33.813
-36.447
-38.776
-40.814
-42.585
-44.159
-45.643
-47.101
-48.605
-50.239
-52.071
-54.203
-56.747
-59.772
-63.399
-67.776
-72.929
-78.792
-85.146
-91.545
-97.553
-102.817
-106.857
-109.125
-109.305
-107.441
-104.035
-100.072
-96.5
-93.844
-92.593
-93.494
-96.897
-102.315
-108.405
-112.753
-112.638
-106.08
-91.131
-65.256
-26.442
26.209
92.254
169.056
252.663
339.258
424.019
500.718
562.997
604.348
620.648
611.664
578.094
521.544
441.242
333.806
202.333
55.159
-91.149
-213.103
-298.781
-344.197
-354.06
-343.364
-317.251
-280.854
-242.545
-205.084
-178.623
-167.463
-164.589
-166.077
-165.342
-159.805
-155.208
-153.379
-154.214
-157.204
-158.948
-157.969
-154.548
-148.448
-140.178
-130.798
-121.411
-112.901
-105.735
-99.942
-95.32
-91.964
-90.002
-89.21
-89.122
-89.274
-89.293
-89.002
-88.412
-87.464
-86.068
-84.213
-81.918
-79.248
-76.298
-73.133
-69.776
-66.257
-62.609
-58.873
-55.119
-51.421
-47.848
-44.473
-41.34
-38.477
-35.903
-33.631
-31.662
-29.988
-28.582
-27.404
-26.425
-25.621
-24.969
-24.444
-24.01
-23.627
-23.261
-22.875
-22.44
-21.927
-21.305
-20.544
-19.619
-18.509
-17.195
-15.66
-13.886
-11.853
-9.545
-6.946
-4.041
-0.822
2.724
6.604
10.825
15.387
20.29
25.53
31.1
36.992
43.194
49.69
56.463
63.492
70.755
78.228
85.883
93.691
101.622
109.643
117.722
125.824
133.913
141.955
149.914
157.752
165.436
172.928
180.196
187.203
193.918
200.309
206.345
211.996
217.235
222.036
226.376
230.232
233.586
236.423
238.728
240.492
241.707
242.369
242.478
242.033
241.041
239.509
237.446
234.866
231.784
228.217
224.186
219.712
214.819
209.534
203.882
197.894
191.597
185.024
178.206
171.174
163.961
156.6
149.124
141.567
133.961
126.339
118.733
111.175
103.693
96.317
89.074
81.989
75.085
68.385
61.908
55.671
49.69
43.979
38.549
33.408
28.566
24.026
19.792
15.865
12.244
8.928
5.911
3.189
0.755
-1.401
-3.288
-4.916
-6.299
-7.448
-8.378
-9.104
-9.641
-10.006
-10.215
-10.285
-10.232
-10.072
-9.823
-9.499
-9.115
-8.685
-8.224
-7.744
-7.257
-6.773
-6.304
-5.858
-5.444
-5.069
-4.739
-4.459
-4.234
-4.068
-3.962
-3.919
-3.94
-4.024
-4.172
-4.383
-4.654
-4.983
-5.368
-5.804
-6.287
-6.813
-7.377
-7.974
-8.599
-9.247
-9.912
-10.591
-11.278
-11.97
-12.662
-13.351
-14.033
-14.706
-15.368
-16.016
-16.649
-17.266
-17.868
-18.454
-19.025
-19.581
-20.126
-20.659
-21.184
-21.703
-22.219
-22.733
-23.251
-23.775
-24.309
-24.856
-25.421
-26.007
-26.618
-27.259
-27.933
-28.643
-29.394
-30.188
-31.028
-31.918
-32.858
-33.851
-34.897
-35.998
-37.154
-38.363
-39.625
-40.936
-42.295
-43.697
-45.14
-46.616
-48.121
-49.649
-51.192
-52.743
-54.294
-55.836
-57.361
-58.858
-60.318
-61.732
-63.09
-64.382
-65.599
-66.729
-67.763
-68.692
-69.506
-70.195
-70.749
-71.16
-71.419
-71.519
-71.453
-71.214
-70.796
-70.194
-69.407
-68.433
-67.27
-65.92
-64.384
-62.666
-60.773
-58.712
-56.492
-54.122
-51.615
-48.986
-46.251
-43.426
-40.531
-37.582
-34.6
-31.604
-28.615
-25.651
-22.732
-19.875
-17.1
-14.428
-11.883
-9.483
-7.248
-5.199
-3.353
-1.73
-0.346
0.794
1.681
2.309
2.669
2.741
2.517
1.993
1.169
0.047
-1.363
-3.05
-4.988
-7.132
-9.443
-11.884
-14.426
-17.056
-19.749
-22.468
-25.173
-27.811
-30.346
-32.757
-35.018
-37.09
-38.962
-40.652
-42.215
-43.755
-45.343
-47.006
-48.775
-50.68
-52.788
-55.199
-57.99
-61.193
-64.837
-69.013
-73.773
-79.108
-84.805
-90.366
-95.254
-99.078
-101.512
-102.147
-100.716
-97.221
-92.119
-86.654
-82.081
-79.001
-77.981
-79.816
-84.97
-93.359
-102.762
-108.342
-106.125
-94.509
-75.784
-54.65
-31.502
-2.286
41.071
107.456
197.36
303.894
416.587
521.924
608.851
670.799
699.844
688.098
633.333
533.6
392.299
225.257
48.719
-116.052
-244.756
-329.573
-371.533
-380.573
-376.688
-369.503
-360.373
-347.51
-324.551
-291.422
-253.597
-216.37
-185.136
-162.55
-148.723
-143.092
-144.318
-150.376
-159.036
-168.267
-176.338
-182.101
-184.742
-183.784
-179.288
-171.879
-162.577
-152.504
-142.782
-134.108
-126.901
-121.418
-117.617
-115.325
-114.233
-113.85
-113.619
-113.161
-112.267
-110.853
-108.963
-106.62
-103.834
-100.675
-97.242
-93.624
-89.882
-86.039
-82.097
-78.072
-74.02
-70.007
-66.109
-62.393
-58.892
-55.627
-52.61
-49.847
-47.339
-45.076
-43.032
-41.178
-39.489
-37.946
-36.53
-35.22
-33.985
-32.788
-31.594
-30.37
-29.087
-27.719
-26.238
-24.623
-22.849
-20.899
-18.757
-16.406
-13.831
-11.015
-7.942
-4.6
-0.975
2.94
7.153
11.67
16.493
21.623
27.057
32.788
38.811
45.114
51.684
58.506
65.563
72.834
80.298
87.929
95.701
103.585
111.553
119.573
127.613
135.64
143.619
151.516
159.296
166.924
174.365
181.585
188.549
195.225
201.578
207.579
213.197
218.403
223.17
227.474
231.289
234.597
237.38
239.62
241.307
242.428
242.979
242.954
242.352
241.174
239.426
237.113
234.247
230.839
226.904
222.461
217.53
212.132
206.292
200.036
193.393
186.391
179.062
171.437
163.551
155.437
147.129
138.663
130.075
121.399
112.673
103.93
95.205
86.533
77.947
69.477
61.155
53.009
45.066
37.351
29.889
22.701
15.807
9.224
2.967
-2.949
-8.515
-13.72
-18.558
-23.024
-27.116
-30.833
-34.176
-37.15
-39.758
-42.009
-43.91
-45.471
-46.704
-47.623
-48.24
-48.571
-48.632
-48.44
-48.013
-47.368
-46.523
-45.498
-44.309
-42.976
-41.517
-39.948
-38.289
-36.555
-34.763
-32.929
-31.068
-29.194
-27.32
-25.459
-23.623
-21.821
-20.063
-18.357
-16.711
-15.13
-13.62
-12.184
-10.826
-9.548
-8.35
-7.233
-6.196
-5.237
-4.354
-3.544
-2.803
-2.129
-1.515
-0.96
-0.457
-0.003
0.408
0.779
1.116
1.423
1.705
1.966
2.209
2.439
2.659
2.872
3.079
3.283
3.484
3.684
3.882
4.077
4.267
4.452
4.628
4.792
4.939
5.066
5.167
5.238
5.271
5.263
5.205
5.093
4.921
4.683
4.375
3.991
3.527
2.979
2.344
1.619
0.802
-0.11
-1.117
-2.219
-3.416
-4.705
-6.084
-7.549
-9.094
-10.714
-12.4
-14.146
-15.941
-17.775
-19.639
-21.518
-23.402
-25.275
-27.123
-28.932
-30.687
-32.37
-33.968
-35.463
-36.841
-38.088
-39.191
-40.134
-40.905
-41.494
-41.888
-42.079
-42.06
-41.821
-41.359
-40.67
-39.752
-38.607
-37.237
-35.648
-33.845
-31.839
-29.643
-27.269
-24.735
-22.056
-19.252
-16.342
-13.349
-10.293
-7.195
-4.08
-0.971
2.105
5.12
8.05
10.868
13.546
16.06
18.382
20.489
22.367
24.001
25.373
26.466
27.253
27.717
27.853
27.652
27.112
26.236
25.031
23.522
21.756
19.771
17.602
15.276
12.801
10.203
7.517
4.78
2.041
-0.667
-3.337
-5.946
-8.461
-10.876
-13.206
-15.519
-17.929
-20.519
-23.333
-26.389
-29.693
-33.297
-37.271
-41.671
-46.564
-51.954
-57.852
-64.373
-71.522
-79.142
-86.938
-94.324
-100.674
-105.611
-108.684
-109.373
-107.621
-103.591
-97.829
-91.635
-86.093
-81.892
-79.957
-80.975
-84.692
-90.401
-96.506
-100.163
-98.904
-90.454
-72.231
-42.24
0.661
56.496
123.558
198.704
276.867
352.31
420.939
477.343
518.901
544.483
546.926
523.462
472.548
392.141
290.965
174.507
45.916
-85.673
-213.621
-324.758
-403.339
-443.961
-448.372
-428.007
-397.154
-363.624
-330.401
-295.865
-258.857
-221.545
-187.309
-160.114
-142.136
-133.135
-131.792
-135.853
-143.041
-151.539
-159.563
-165.762
-169.156
-169.161
-165.839
-159.775
-151.854
-143.098
-134.574
-126.982
-120.78
-116.223
-113.23
-111.574
-110.884
-110.64
-110.32
-109.62
-108.394
-106.599
-104.303
-101.552
-98.398
-94.957
-91.346
-87.651
-83.918
-80.165
-76.406
-72.684
-69.072
-65.643
-62.453
-59.526
-56.872
-54.491
-52.38
-50.53
-48.922
-47.52
-46.3
-45.241
-44.325
-43.538
-42.856
-42.248
-41.681
-41.122
-40.535
-39.89
-39.159
-38.314
-37.334
-36.198
-34.887
-33.385
-31.674
-29.733
-27.549
-25.105
-22.382
-19.365
-16.039
-12.388
-8.415
-4.125
0.484
5.404
10.63
16.152
21.953
28.011
34.322
40.877
47.666
54.683
61.898
69.279
76.799
84.421
92.131
99.915
107.739
115.571
123.394
131.181
138.921
146.61
154.186
161.592
168.78
175.691
182.3
188.585
194.509
200.041
205.144
209.774
213.914
217.55
220.637
223.147
225.035
226.253
226.829
226.791
226.154
224.948
223.175
220.835
217.956
214.564
210.677
206.321
201.51
196.254
190.604
184.599
178.291
171.739
164.945
157.912
150.662
143.208
135.579
127.81
119.914
111.907
103.825
95.699
87.566
79.465
71.409
63.415
55.501
47.679
39.983
32.447
25.093
17.947
11.029
4.355
-2.051
-8.167
-13.988
-19.51
-24.728
-29.642
-34.246
-38.533
-42.505
-46.16
-49.503
-52.541
-55.279
-57.723
-59.882
-61.768
-63.393
-64.769
-65.909
-66.823
-67.524
-68.024
-68.339
-68.484
-68.472
-68.318
-68.037
-67.646
-67.159
-66.593
-65.962
-65.28
-64.56
-63.818
-63.064
-62.311
-61.57
-60.851
-60.164
-59.518
-58.921
-58.379
-57.9
-57.488
-57.149
-56.887
-56.704
-56.603
-56.585
-56.65
-56.799
-57.03
-57.342
-57.734
-58.202
-58.743
-59.355
-60.032
-60.77
-61.564
-62.409
-63.298
-64.226
-65.186
-66.172
-67.179
-68.2
-69.228
-70.259
-71.286
-72.305
-73.31
-74.296
-75.259
-76.195
-77.101
-77.972
-78.807
-79.603
-80.359
-81.072
-81.743
-82.37
-82.954
-83.494
-83.993
-84.449
-84.864
-85.239
-85.576
-85.875
-86.137
-86.364
-86.557
-86.717
-86.845
-86.941
-87.007
-87.044
-87.051
-87.028
-86.974
-86.889
-86.771
-86.619
-86.43
-86.201
-85.929
-85.61
-85.241
-84.818
-84.336
-83.789
-83.174
-82.484
-81.713
-80.857
-79.909
-78.864
-77.717
-76.465
-75.103
-73.628
-72.039
-70.334
-68.513
-66.576
-64.525
-62.363
-60.091
-57.715
-55.241
-52.677
-50.029
-47.307
-44.522
-41.688
-38.82
-35.934
-33.048
-30.177
-27.341
-24.56
-21.852
-19.235
-16.726
-14.341
-12.099
-10.019
-8.12
-6.423
-4.943
-3.695
-2.694
-1.953
-1.483
-1.29
-1.372
-1.73
-2.369
-3.298
-4.533
-6.081
-7.94
-10.108
-12.57
-15.312
-18.312
-21.534
-24.927
-28.443
-32.038
-35.679
-39.337
-42.975
-46.548
-49.996
-53.257
-56.282
-59.03
-61.471
-63.599
-65.42
-66.963
-68.285
-69.454
-70.548
-71.658
-72.868
-74.263
-75.933
-77.943
-80.404
-83.474
-87.2
-91.508
-96.185
-100.821
-105.019
-108.507
-110.907
-111.71
-110.665
-107.866
-103.819
-99.541
-95.973
-93.596
-92.851
-94.329
-98.132
-103.599
-109.298
-112.84
-111.688
-103.967
-87.856
-61.286
-22.84
27.78
89.641
160.282
236.261
313.93
388.979
456.227
510.187
546.042
560.251
550.263
516.509
461.062
385.416
293.859
189.521
76.046
-35.971
-137.538
-218.837
-272.262
-302.351
-312.27
-306.83
-291.563
-264.144
-229.977
-195.704
-166.19
-149.351
-142.805
-141.913
-143.117
-140.715
-135.508
-128.729
-120.239
-111.64
-102.08
-90.889
-78.98
-66.708
-54.961
-44.826
-36.494
-29.978
-25.252
-22.041
-20.181
-19.561
-19.968
-21.147
-22.831
-24.737
-26.626
-28.366
-29.855
-31.022
-31.805
-32.154
-32.063
-31.556
-30.661
-29.389
-27.705
-25.581
-23.037
-20.128
-16.963
-13.685
-10.407
-7.208
-4.158
-1.295
1.352
3.766
5.967
7.99
9.865
11.605
13.201
14.637
15.925
17.094
18.19
19.275
20.397
21.601
22.936
24.44
26.144
28.071
30.231
32.621
35.248
38.121
41.258
44.676
48.387
52.396
56.71
61.327
66.247
71.467
76.976
82.763
88.819
95.134
101.698
108.503
115.534
122.776
130.211
137.816
145.569
153.444
161.413
169.444
177.508
185.572
193.605
201.575
209.448
217.191
224.771
232.156
239.312
246.207
252.809
259.087
265.012
270.554
275.688
280.387
284.628
288.389
291.65
294.395
296.609
298.278
299.393
299.945
299.93
299.346
298.194
296.475
294.197
291.369
288.002
284.11
279.711
274.824
269.468
263.667
257.446
250.831
243.849
236.53
228.904
221.002
212.857
204.5
195.966
187.288
178.498
169.63
160.718
151.793
142.888
134.032
125.258
116.593
108.065
99.699
91.522
83.554
75.817
68.33
61.109
54.169
47.524
41.184
35.159
29.455
24.078
19.031
14.316
9.933
5.879
2.151
-1.255
-4.347
-7.131
-9.616
-11.813
-13.731
-15.382
-16.779
-17.933
-18.86
-19.572
-20.083
-20.407
-20.56
-20.554
-20.404
-20.123
-19.725
-19.222
-18.627
-17.951
-17.207
-16.404
-15.553
-14.665
-13.747
-12.81
-11.86
-10.906
-9.953
-9.008
-8.076
-7.163
-6.272
-5.408
-4.574
-3.773
-3.009
-2.283
-1.598
-0.956
-0.358
0.194
0.699
1.155
1.561
1.917
2.219
2.468
2.662
2.8
2.88
2.9
2.861
2.76
2.596
2.37
2.079
1.723
1.302
0.814
0.258
-0.366
-1.06
-1.823
-2.658
-3.563
-4.54
-5.59
-6.711
-7.904
-9.169
-10.505
-11.912
-13.387
-14.931
-16.54
-18.212
-19.945
-21.734
-23.577
-25.469
-27.405
-29.381
-31.392
-33.432
-35.496
-37.579
-39.674
-41.776
-43.877
-45.971
-48.051
-50.109
-52.137
-54.127
-56.071
-57.96
-59.785
-61.539
-63.212
-64.796
-66.282
-67.661
-68.925
-70.067
-71.079
-71.953
-72.684
-73.265
-73.692
-73.962
-74.07
-74.014
-73.793
-73.405
-72.85
-72.131
-71.246
-70.201
-68.997
-67.642
-66.14
-64.5
-62.732
-60.846
-58.856
-56.776
-54.62
-52.406
-50.151
-47.872
-45.589
-43.32
-41.083
-38.897
-36.783
-34.758
-32.845
-31.063
-29.432
-27.971
-26.7
-25.636
-24.798
-24.2
-23.852
-23.762
-23.942
-24.403
-25.162
-26.233
-27.617
-29.313
-31.318
-33.62
-36.206
-39.047
-42.092
-45.294
-48.608
-51.996
-55.435
-58.897
-62.339
-65.711
-68.96
-72.038
-74.924
-77.608
-80.063
-82.286
-84.296
-86.153
-87.983
-89.906
-92.009
-94.352
-96.963
-99.88
-103.187
-106.97
-111.303
-116.236
-121.734
-127.791
-134.492
-141.779
-149.449
-157.104
-164.062
-169.763
-173.899
-176.042
-175.681
-172.666
-167.021
-159.232
-150.555
-141.736
-133.097
-125.637
-120.116
-116.407
-114.413
-111.72
-104.686
-92.78
-74.628
-50.209
-20.375
20.106
72.875
137.6
214.429
293.884
371.744
448.996
519.404
582.562
630.8
642.915
609.558
523.434
383.68
213.749
35.552
-128.028
-249.803
-324.47
-355.655
-353.649
-340.4
-326.574
-314.246
-301.997
-282.458
-254.465
-222.872
-192.782
-169.681
-156.019
-151.113
-153.743
-162.058
-173.93
-187.066
-199.166
-208.776
-214.994
-217.239
-215.418
-210.006
-201.737
-191.791
-181.886
-171.801
-161.064
-151.505
-143.556
-139.949
-143.86
-151.118
-158.726
-162.617
-157.452
-147.674
-137.191
-128.701
-126.641
-128.044
-129.864
-131.457
-130.899
-129.221
-127.783
-126.28
-124.875
-123.499
-121.892
-120.271
-118.839
-117.563
-116.418
-115.385
-114.38
-113.318
-112.166
-110.886
-109.467
-107.983
-106.483
-104.985
-103.521
-102.091
-100.685
-99.295
-97.889
-96.43
-94.9
-93.292
-91.62
-89.901
-88.125
-86.272
-84.309
-82.186
-79.863
-77.303
-74.463
-71.313
-67.829
-63.996
-59.811
-55.281
-50.406
-45.182
-39.607
-33.674
-27.387
-20.754
-13.786
-6.499
1.088
8.955
17.073
25.416
33.956
42.666
51.519
60.49
69.55
78.665
87.805
96.935
106.02
115.025
123.913
132.646
141.189
149.505
157.561
165.323
172.76
179.84
186.534
192.813
198.651
204.024
208.907
213.281
217.126
220.428
223.171
225.344
226.94
227.951
228.376
228.212
227.464
226.135
224.233
221.766
218.747
215.19
211.109
206.522
201.446
195.902
189.912
183.501
176.693
169.514
161.99
154.149
146.018
137.626
129.002
120.173
111.167
102.012
92.737
83.374
73.953
64.504
55.052
45.62
36.233
26.914
17.687
8.572
-0.41
-9.244
-17.907
-26.378
-34.636
-42.658
-50.433
-57.945
-65.188
-72.154
-78.82
-85.162
-91.158
-96.777
-102.024
-106.906
-111.406
-115.521
-119.241
-122.533
-125.448
-128.048
-130.232
-131.938
-133.089
-133.565
-133.505
-133.105
-132.302
-131.064
-129.616
-128.078
-126.732
-125.94
-125.364
-124.615
-123.705
-122.544
-120.893
-118.674
-115.462
-110.762
-105.031
-98.742
-91.999
-85.058
-78.077
-71.073
-64.465
-58.699
-53.469
-48.493
-43.681
-38.817
-33.925
-29.096
-24.141
-18.89
-13.49
-8.059
-2.679
2.509
7.54
12.463
17.222
21.778
26.136
30.287
34.243
38.025
41.601
44.945
48.047
50.89
53.476
55.809
57.887
59.71
61.28
62.596
63.663
64.486
65.071
65.425
65.554
65.465
65.167
64.67
63.985
63.123
62.092
60.901
59.559
58.076
56.465
54.737
52.906
50.982
48.98
46.914
44.797
42.645
40.47
38.289
36.115
33.963
31.848
29.785
27.786
25.866
24.037
22.31
20.699
19.212
17.862
16.656
15.605
14.717
14
13.46
13.102
12.933
12.954
13.17
13.58
14.185
14.983
15.971
17.145
18.501
20.031
21.724
23.573
25.565
27.686
29.919
32.246
34.645
37.096
39.578
42.067
44.539
46.972
49.344
51.636
53.829
55.902
57.835
59.605
61.192
62.579
63.749
64.686
65.375
65.803
65.964
65.859
65.485
64.837
63.905
62.672
61.127
59.269
57.1
54.628
51.868
48.838
45.575
42.13
38.555
34.896
31.191
27.471
23.777
20.164
16.696
13.443
10.457
7.783
5.456
3.489
1.875
0.584
-0.449
-1.299
-2.046
-2.788
-3.618
-4.634
-5.949
-7.655
-9.89
-12.836
-16.569
-21.031
-26.019
-31.104
-35.83
-39.854
-42.74
-43.917
-43.08
-40.321
-36.163
-31.717
-28.145
-26.098
-26.129
-28.943
-34.714
-42.758
-51.549
-58.377
-60.088
-54.352
-39.127
-11.961
29.081
84.766
154.618
235.043
319.818
403.722
482.687
555.27
622.325
681.653
725.309
740.743
715.889
644.23
531.943
394.423
247.335
107.537
-16.453
-121.743
-203.416
-263.441
-302.822
-321.386
-323.685
-310.098
-282.083
-244.373
-200.475
-156.31
-117.127
-85.555
-63.631
-51.515
-48.152
-52.217
-61.5
-73.483
-86.05
-97.108
-105.02
-109.149
-109.363
-105.982
-99.924
-92.203
-83.813
-75.968
-69.53
-64.823
-61.967
-60.805
-60.965
-62.12
-63.836
-65.536
-66.861
-67.661
-67.865
-67.553
-66.798
-65.611
-64.064
-62.265
-60.28
-58.166
-55.953
-53.637
-51.253
-48.862
-46.528
-44.328
-42.305
-40.475
-38.852
-37.437
-36.227
-35.219
-34.389
-33.71
-33.158
-32.712
-32.353
-32.064
-31.816
-31.577
-31.314
-30.992
-30.58
-30.055
-29.392
-28.569
-27.567
-26.367
-24.954
-23.314
-21.435
-19.298
-16.892
-14.201
-11.216
-7.928
-4.33
-0.417
3.811
8.356
13.213
18.376
23.838
29.59
35.617
41.905
48.436
55.189
62.143
69.271
76.548
83.946
91.435
98.984
106.563
114.138
121.676
129.145
136.511
143.738
150.794
157.644
164.255
170.594
176.629
182.328
187.663
192.604
197.124
201.199
204.804
207.919
210.524
212.603
214.143
215.133
215.564
215.432
214.736
213.476
211.658
209.289
206.378
202.938
198.984
194.534
189.605
184.22
178.401
172.174
165.566
158.606
151.323
143.749
135.916
127.857
119.607
111.199
102.668
94.05
85.38
76.693
68.024
59.407
50.877
42.465
34.203
26.121
18.246
10.604
3.216
-3.894
-10.71
-17.214
-23.391
-29.23
-34.72
-39.852
-44.622
-49.024
-53.057
-56.722
-60.019
-62.955
-65.533
-67.763
-69.652
-71.212
-72.454
-73.392
-74.04
-74.413
-74.53
-74.408
-74.065
-73.523
-72.801
-71.919
-70.897
-69.755
-68.512
-67.186
-65.795
-64.354
-62.881
-61.388
-59.891
-58.401
-56.933
-55.495
-54.099
-52.754
-51.467
-50.244
-49.091
-48.012
-47.01
-46.09
-45.251
-44.495
-43.822
-43.232
-42.722
-42.29
-41.931
-41.641
-41.413
-41.241
-41.118
-41.037
-40.991
-40.973
-40.978
-40.999
-41.031
-41.071
-41.112
-41.152
-41.185
-41.208
-41.217
-41.21
-41.183
-41.134
-41.062
-40.967
-40.848
-40.706
-40.541
-40.354
-40.146
-39.917
-39.669
-39.404
-39.124
-38.833
-38.535
-38.235
-37.937
-37.649
-37.375
-37.121
-36.889
-36.684
-36.509
-36.364
-36.249
-36.163
-36.104
-36.073
-36.069
-36.09
-36.135
-36.206
-36.302
-36.424
-36.571
-36.738
-36.92
-37.11
-37.3
-37.483
-37.648
-37.786
-37.89
-37.952
-37.966
-37.931
-37.84
-37.684
-37.449
-37.118
-36.678
-36.125
-35.452
-34.664
-33.77
-32.789
-31.756
-30.709
-29.669
-28.653
-27.662
-26.682
-25.704
-24.712
-23.69
-22.636
-21.551
-20.428
-19.274
-18.085
-16.837
-15.494
-13.992
-12.246
-10.216
-7.879
-5.234
-2.33
0.779
4.016
7.272
10.468
13.534
16.401
19.031
21.384
23.391
24.981
26.051
26.464
26.134
24.991
22.989
20.153
16.532
12.21
7.337
2.041
-3.566
-9.361
-15.26
-21.19
-27.051
-32.757
-38.208
-43.257
-47.792
-51.708
-54.901
-57.339
-59.03
-60.023
-60.439
-60.406
-60.026
-59.42
-58.702
-57.977
-57.379
-57.023
-57.012
-57.456
-58.477
-60.278
-62.963
-66.475
-70.574
-74.766
-78.516
-81.458
-83.182
-83.136
-81.097
-77.182
-71.906
-66.591
-62.55
-60.546
-61.341
-65.57
-73.102
-83.228
-94.435
-103.685
-107.673
-103.832
-89.666
-62.823
-21.887
33.404
102.225
180.306
260.674
338.905
411.103
474.601
530.747
574.007
593.381
580.315
525.284
429.437
307.82
174.917
43.95
-76.498
-188.429
-292.821
-383.539
-455.029
-499.264
-510.209
-493.856
-457.319
-408.661
-357.533
-305.7
-254.968
-208.319
-166.851
-134.653
-114.23
-104.625
-104.682
-112.166
-124.237
-139.132
-154.739
-168.108
-177.586
-182.684
-183.403
-180.592
-175.288
-168.098
-159.984
-152.423
-146.241
-141.77
-139.09
-137.728
-137.212
-137.31
-137.626
-137.672
-137.202
-136.068
-134.201
-131.727
-128.752
-125.356
-121.702
-117.925
-114.101
-110.309
-106.603
-103.029
-99.657
-96.53
-93.656
-91.039
-88.681
-86.588
-84.789
-83.296
-82.095
-81.159
-80.447
-79.928
-79.582
-79.378
-79.278
-79.234
-79.203
-79.155
-79.072
-78.935
-78.719
-78.395
-77.933
-77.306
-76.496
-75.482
-74.242
-72.757
-71.003
-68.965
-66.629
-63.984
-61.019
-57.722
-54.083
-50.093
-45.749
-41.051
-36
-30.598
-24.853
-18.776
-12.38
-5.682
1.299
8.543
16.028
23.727
31.614
39.66
47.833
56.1
64.429
72.782
81.123
89.415
97.62
105.7
113.617
121.333
128.81
136.011
142.902
149.447
155.613
161.367
166.681
171.525
175.876
179.709
183.006
185.747
187.919
189.511
190.514
190.924
190.737
189.954
188.58
186.622
184.088
180.993
177.352
173.184
168.51
163.356
157.748
151.716
145.289
138.502
131.388
123.983
116.324
108.449
100.397
92.207
83.918
75.57
67.202
58.852
50.559
42.358
34.285
26.372
18.653
11.156
3.91
-3.058
-9.726
-16.071
-22.074
-27.717
-32.987
-37.872
-42.362
-46.452
-50.138
-53.419
-56.296
-58.774
-60.858
-62.558
-63.882
-64.844
-65.458
-65.74
-65.707
-65.378
-64.773
-63.913
-62.819
-61.513
-60.017
-58.352
-56.541
-54.604
-52.562
-50.436
-48.246
-46.011
-43.749
-41.477
-39.213
-36.971
-34.767
-32.612
-30.519
-28.498
-26.557
-24.705
-22.947
-21.289
-19.734
-18.285
-16.943
-15.708
-14.578
-13.55
-12.623
-11.79
-11.048
-10.389
-9.81
-9.303
-8.862
-8.481
-8.155
-7.877
-7.643
-7.446
-7.283
-7.148
-7.038
-6.948
-6.876
-6.818
-6.772
-6.737
-6.71
-6.692
-6.681
-6.678
-6.683
-6.697
-6.721
-6.758
-6.81
-6.88
-6.971
-7.088
-7.234
-7.415
-7.634
-7.897
-8.208
-8.571
-8.989
-9.465
-10.002
-10.602
-11.264
-11.99
-12.779
-13.629
-14.538
-15.504
-16.522
-17.587
-18.694
-19.836
-21.008
-22.201
-23.406
-24.616
-25.82
-27.011
-28.178
-29.311
-30.398
-31.429
-32.392
-33.275
-34.066
-34.752
-35.322
-35.764
-36.067
-36.221
-36.215
-36.04
-35.689
-35.154
-34.431
-33.515
-32.405
-31.098
-29.595
-27.898
-26.013
-23.944
-21.699
-19.287
-16.718
-14.007
-11.17
-8.223
-5.182
-2.066
1.105
4.311
7.532
10.748
13.942
17.093
20.179
23.177
26.063
28.814
31.41
33.83
36.056
38.065
39.845
41.387
42.683
43.725
44.498
44.981
45.158
45.024
44.576
43.817
42.758
41.413
39.808
37.986
35.986
33.846
31.594
29.243
26.819
24.359
21.904
19.518
17.245
15.111
13.15
11.385
9.802
8.38
7.062
5.755
4.41
2.972
1.372
-0.436
-2.532
-4.999
-7.888
-11.307
-15.396
-20.189
-25.62
-31.476
-37.315
-42.728
-47.398
-50.92
-52.844
-52.94
-51.318
-48.525
-45.567
-43.379
-42.422
-43.025
-45.62
-50.205
-56.079
-61.861
-65.318
-64.128
-56.753
-41.751
-17.48
16.877
61.465
115.785
177.923
245.521
315.168
381.496
439.522
485.983
521.178
547.909
565.725
570.162
552.056
501.344
415.396
297.153
156.03
7.39
-133.737
-250.883
-331.447
-372.552
-379.289
-364.435
-340.571
-314.41
-287.656
-257.937
-224.546
-190.034
-157.815
-131.98
-114.825
-105.973
-103.916
-106.164
-109.923
-113.116
-114.604
-113.698
-109.777
-102.682
-92.708
-80.585
-67.693
-55.446
-44.562
-35.432
-28.386
-23.456
-20.576
-19.548
-19.735
-20.393
-21.065
-21.48
-21.518
-21.194
-20.462
-19.261
-17.643
-15.697
-13.494
-11.058
-8.327
-5.249
-1.839
1.82
5.582
9.307
12.897
16.276
19.394
22.213
24.703
26.86
28.712
30.29
31.622
32.716
33.547
34.113
34.436
34.558
34.549
34.47
34.369
34.296
34.302
34.43
34.716
35.185
35.841
36.696
37.767
39.075
40.651
42.517
44.689
47.182
50.007
53.171
56.682
60.542
64.746
69.29
74.17
79.381
84.921
90.782
96.952
103.416
110.159
117.16
124.398
131.845
139.474
147.252
155.149
163.132
171.166
179.217
187.248
195.222
203.103
210.852
218.432
225.805
232.933
239.779
246.305
252.477
258.261
263.623
268.533
272.962
276.884
280.276
283.116
285.385
287.067
288.148
288.619
288.471
287.7
286.305
284.286
281.651
278.406
274.564
270.139
265.147
259.608
253.543
246.978
239.937
232.45
224.546
216.258
207.62
198.667
189.436
179.964
170.29
160.453
150.49
140.44
130.342
120.233
110.15
100.129
90.204
80.409
70.775
61.332
52.109
43.13
34.419
25.998
17.885
10.096
2.646
-4.455
-11.196
-17.571
-23.576
-29.208
-34.468
-39.357
-43.88
-48.045
-51.86
-55.337
-58.487
-61.326
-63.868
-66.13
-68.131
-69.889
-71.424
-72.755
-73.902
-74.887
-75.728
-76.447
-77.062
-77.592
-78.056
-78.47
-78.85
-79.211
-79.566
-79.927
-80.305
-80.71
-81.15
-81.632
-82.162
-82.745
-83.383
-84.078
-84.831
-85.639
-86.502
-87.414
-88.372
-89.369
-90.399
-91.454
-92.526
-93.607
-94.687
-95.756
-96.805
-97.823
-98.802
-99.731
-100.6
-101.403
-102.13
-102.775
-103.332
-103.796
-104.162
-104.428
-104.591
-104.651
-104.606
-104.457
-104.206
-103.856
-103.408
-102.869
-102.242
-101.533
-100.75
-99.899
-98.988
-98.026
-97.021
-95.982
-94.919
-93.841
-92.759
-91.68
-90.616
-89.574
-88.565
-87.596
-86.674
-85.807
-84.999
-84.255
-83.579
-82.972
-82.436
-81.971
-81.574
-81.245
-80.979
-80.771
-80.617
-80.51
-80.441
-80.403
-80.387
-80.383
-80.381
-80.37
-80.34
-80.278
-80.175
-80.02
-79.8
-79.504
-79.123
-78.644
-78.059
-77.359
-76.535
-75.579
-74.486
-73.252
-71.872
-70.346
-68.675
-66.858
-64.899
-62.803
-60.578
-58.232
-55.773
-53.215
-50.571
-47.858
-45.094
-42.299
-39.493
-36.695
-33.929
-31.215
-28.577
-26.032
-23.6
-21.301
-19.153
-17.18
-15.402
-13.837
-12.502
-11.413
-10.586
-10.035
-9.77
-9.791
-10.102
-10.705
-11.605
-12.819
-14.353
-16.204
-18.369
-20.837
-23.591
-26.61
-29.862
-33.291
-36.851
-40.49
-44.167
-47.853
-51.507
-55.077
-58.507
-61.728
-64.688
-67.36
-69.704
-71.692
-73.34
-74.666
-75.736
-76.661
-77.508
-78.352
-79.288
-80.386
-81.757
-83.522
-85.748
-88.53
-91.973
-96.082
-100.814
-105.998
-111.245
-116.14
-120.336
-123.425
-125.019
-124.849
-122.811
-119.235
-114.832
-110.431
-106.639
-103.707
-102.072
-102.302
-104.479
-107.865
-109.916
-106.498
-94.211
-71.835
-41.866
-8.458
25.595
60.579
104.737
167.476
254.681
369.119
499.238
625.281
727.761
784.524
782.92
724.457
614.367
464.657
294.768
119.316
-43.397
-171.49
-257.576
-300.456
-308.277
-301.626
-291.269
-280.781
-270.273
-253.078
-228.72
-201.854
-176.388
-157.183
-146.442
-143.442
-146.805
-154.012
-161.989
-168.454
-172.21
-172.835
-170.235
-164.375
-155.517
-144.566
-133.084
-122.451
-113.36
-106.038
-100.472
-96.698
-94.761
-94.416
-95.1
-96.292
-97.653
-98.987
-100.222
-101.229
-101.848
-102.01
-101.724
-101.021
-99.94
-98.499
-96.696
-94.564
-92.154
-89.516
-86.713
-83.798
-80.825
-77.864
-74.978
-72.231
-69.667
-67.311
-65.179
-63.275
-61.594
-60.118
-58.822
-57.675
-56.65
-55.723
-54.865
-54.052
-53.254
-52.444
-51.596
-50.682
-49.678
-48.559
-47.304
-45.892
-44.308
-42.534
-40.559
-38.371
-35.958
-33.305
-30.403
-27.241
-23.809
-20.099
-16.105
-11.822
-7.25
-2.391
2.75
8.166
13.848
19.783
25.956
32.35
38.95
45.738
52.696
59.803
67.036
74.373
81.791
89.263
96.76
104.251
111.699
119.071
126.335
133.457
140.405
147.149
153.654
159.891
165.836
171.461
176.737
181.631
186.101
190.119
193.67
196.745
199.349
201.483
203.144
204.342
205.097
205.415
205.3
204.735
203.683
202.125
200.06
197.502
194.487
191.032
187.132
182.783
177.975
172.699
166.958
160.728
153.959
146.645
138.814
130.537
121.94
113.118
104.131
95.033
85.85
76.631
67.452
58.373
49.45
40.747
32.326
24.285
16.766
9.845
3.546
-2.159
-7.369
-12.149
-16.524
-20.526
-24.171
-27.486
-30.516
-33.283
-35.787
-38.051
-40.11
-42.032
-43.927
-45.856
-47.833
-49.839
-51.805
-53.687
-55.471
-57.135
-58.657
-60.023
-61.216
-62.244
-63.14
-63.919
-64.581
-65.111
-65.469
-65.641
-65.637
-65.476
-65.196
-64.827
-64.386
-63.899
-63.393
-62.887
-62.397
-61.922
-61.449
-60.972
-60.494
-60.019
-59.557
-59.113
-58.688
-58.279
-57.886
-57.506
-57.139
-56.78
-56.422
-56.063
-55.701
-55.339
-54.981
-54.632
-54.293
-53.965
-53.652
-53.356
-53.077
-52.818
-52.576
-52.353
-52.15
-51.967
-51.807
-51.673
-51.564
-51.485
-51.435
-51.419
-51.437
-51.492
-51.584
-51.714
-51.884
-52.094
-52.342
-52.63
-52.955
-53.317
-53.712
-54.139
-54.595
-55.076
-55.578
-56.098
-56.63
-57.17
-57.712
-58.25
-58.78
-59.295
-59.788
-60.254
-60.685
-61.074
-61.414
-61.697
-61.914
-62.059
-62.122
-62.097
-61.976
-61.752
-61.417
-60.965
-60.389
-59.685
-58.846
-57.869
-56.749
-55.484
-54.072
-52.512
-50.802
-48.943
-46.935
-44.781
-42.482
-40.041
-37.462
-34.75
-31.911
-28.952
-25.881
-22.71
-19.449
-16.109
-12.708
-9.26
-5.783
-2.294
1.189
4.647
8.062
11.413
14.685
17.86
20.922
23.855
26.64
29.258
31.694
33.929
35.948
37.738
39.283
40.572
41.603
42.37
42.87
43.095
43.03
42.662
41.986
41.002
39.709
38.12
36.251
34.132
31.815
29.348
26.776
24.139
21.456
18.753
16.066
13.433
10.907
8.538
6.355
4.383
2.654
1.168
-0.105
-1.231
-2.329
-3.51
-4.85
-6.401
-8.197
-10.287
-12.747
-15.665
-19.133
-23.239
-28.068
-33.693
-40.138
-47.225
-54.496
-61.342
-67.091
-71.122
-72.935
-72.128
-68.428
-62.303
-55.125
-48.268
-43.203
-40.234
-37.957
-36.904
-38.309
-43.821
-56.652
-72.898
-83.248
-78.245
-46.421
13.783
94.146
186.953
281.604
372.666
460.613
540.973
610.76
667.069
705.596
727.726
731.887
713.066
667.215
588.832
478.022
340.826
187.146
31.568
-109.235
-217.888
-284.692
-309.319
-300.665
-276.373
-248.33
-221.881
-197.811
-170.524
-138.744
-105.172
-72.686
-46.224
-28.402
-18.648
-15.927
-18.557
-24.54
-32.671
-41.807
-50.165
-56.328
-59.656
-59.866
-57.243
-52.572
-46.429
-39.509
-32.935
-27.488
-23.539
-21.283
-20.524
-20.884
-22.081
-23.694
-25.185
-26.248
-26.723
-26.548
-25.813
-24.595
-22.936
-20.933
-18.693
-16.279
-13.744
-11.111
-8.393
-5.637
-2.915
-0.298
2.153
4.41
6.457
8.285
9.893
11.283
12.469
13.475
14.318
15.006
15.548
15.95
16.226
16.399
16.49
16.526
16.531
16.523
16.523
16.548
16.612
16.728
16.908
17.161
17.5
17.938
18.491
19.17
19.99
20.96
22.093
23.398
24.88
26.547
28.402
30.447
32.684
35.112
37.732
40.538
43.528
46.694
50.031
53.528
57.175
60.96
64.868
68.885
72.993
77.173
81.405
85.669
89.942
94.202
98.424
102.586
106.662
110.628
114.459
118.131
121.618
124.896
127.942
130.731
133.243
135.454
137.347
138.902
140.101
140.93
141.375
141.422
141.063
140.286
139.086
137.458
135.398
132.907
129.985
126.636
122.868
118.688
114.107
109.139
103.797
98.099
92.064
85.712
79.064
72.144
64.977
57.589
50.006
42.256
34.369
26.373
18.298
10.173
2.028
-6.108
-14.206
-22.238
-30.175
-37.991
-45.66
-53.156
-60.457
-67.539
-74.382
-80.966
-87.274
-93.29
-99
-104.394
-109.46
-114.19
-118.58
-122.624
-126.32
-129.668
-132.668
-135.324
-137.64
-139.622
-141.277
-142.614
-143.644
-144.378
-144.827
-145.005
-144.924
-144.6
-144.048
-143.281
-142.316
-141.168
-139.852
-138.385
-136.782
-135.058
-133.228
-131.306
-129.306
-127.241
-125.124
-122.966
-120.779
-118.573
-116.357
-114.14
-111.931
-109.737
-107.564
-105.42
-103.308
-101.234
-99.202
-97.215
-95.276
-93.388
-91.551
-89.768
-88.041
-86.369
-84.753
-83.194
-81.692
-80.247
-78.858
-77.525
-76.247
-75.025
-73.857
-72.744
-71.686
-70.682
-69.733
-68.838
-67.998
-67.213
-66.483
-65.808
-65.188
-64.623
-64.112
-63.657
-63.257
-62.911
-62.618
-62.378
-62.19
-62.052
-61.963
-61.921
-61.923
-61.966
-62.049
-62.167
-62.318
-62.498
-62.702
-62.927
-63.166
-63.416
-63.67
-63.923
-64.166
-64.394
-64.598
-64.772
-64.909
-65
-65.039
-65.018
-64.93
-64.769
-64.526
-64.196
-63.771
-63.247
-62.618
-61.88
-61.028
-60.061
-58.975
-57.768
-56.442
-54.996
-53.431
-51.75
-49.955
-48.05
-46.04
-43.932
-41.732
-39.45
-37.094
-34.677
-32.214
-29.721
-27.212
-24.704
-22.213
-19.758
-17.355
-15.02
-12.765
-10.605
-8.554
-6.627
-4.844
-3.218
-1.762
-0.49
0.588
1.46
2.117
2.558
2.784
2.798
2.595
2.166
1.496
0.575
-0.598
-2.018
-3.678
-5.563
-7.656
-9.922
-12.314
-14.787
-17.302
-19.829
-22.349
-24.832
-27.237
-29.513
-31.601
-33.459
-35.051
-36.352
-37.361
-38.09
-38.573
-38.873
-39.066
-39.229
-39.457
-39.834
-40.441
-41.367
-42.681
-44.493
-46.974
-50.193
-54.09
-58.463
-62.901
-66.982
-70.425
-72.863
-73.77
-72.862
-70.202
-66.259
-62.093
-58.793
-56.891
-56.805
-59.143
-64.067
-71.045
-78.824
-84.974
-86.655
-81.909
-69.099
-46.009
-10.757
37.378
98.286
168.925
243.483
318.863
392.793
463.183
530.669
589.113
626.905
635.399
606.496
541.091
450.799
342.775
220.919
88.915
-52.136
-189.979
-302.503
-375.278
-401.966
-389.83
-359.358
-324.462
-291.491
-261.139
-227.288
-188.876
-149.342
-112.519
-83.905
-65.703
-56.824
-55.894
-60.779
-69.189
-79.678
-90.515
-99.407
-105.116
-107.238
-105.709
-101.173
-94.513
-86.333
-77.553
-69.464
-62.775
-57.787
-54.591
-52.833
-52.113
-52.163
-52.575
-52.868
-52.79
-52.222
-51.134
-49.648
-47.859
-45.814
-43.598
-41.293
-38.941
-36.578
-34.23
-31.91
-29.66
-27.544
-25.604
-23.867
-22.347
-21.044
-19.95
-19.058
-18.345
-17.78
-17.339
-17.002
-16.754
-16.58
-16.458
-16.358
-16.252
-16.107
-15.895
-15.586
-15.156
-14.579
-13.837
-12.912
-11.791
-10.461
-8.909
-7.121
-5.081
-2.779
-0.202
2.657
5.807
9.252
12.995
17.034
21.367
25.989
30.893
36.071
41.512
47.205
53.133
59.281
65.631
72.161
78.851
85.674
92.608
99.623
106.693
113.79
120.884
127.944
134.94
141.843
148.621
155.244
161.681
167.903
173.88
179.583
184.986
190.062
194.787
199.137
203.091
206.629
209.736
212.395
214.594
216.322
217.572
218.336
218.613
218.401
217.702
216.521
214.864
212.741
210.164
207.144
203.699
199.844
195.599
190.984
186.021
180.734
175.145
169.282
163.17
156.837
150.311
143.619
136.792
129.856
122.841
115.774
108.682
101.594
94.534
87.528
80.6
73.773
67.068
60.505
54.103
47.877
41.843
36.014
30.401
25.013
19.859
14.945
10.276
5.855
1.685
-2.233
-5.9
-9.317
-12.488
-15.416
-18.108
-20.568
-22.806
-24.828
-26.644
-28.264
-29.697
-30.956
-32.05
-32.992
-33.794
-34.468
-35.027
-35.483
-35.848
-36.135
-36.355
-36.519
-36.639
-36.726
-36.79
-36.84
-36.887
-36.94
-37.009
-37.101
-37.225
-37.39
-37.604
-37.873
-38.204
-38.605
-39.08
-39.634
-40.273
-41
-41.818
-42.73
-43.736
-44.837
-46.033
-47.322
-48.702
-50.168
-51.717
-53.342
