Name,Criss Capps
Date of Birth,"Feb 5, 1952"
Recorded Date,2022-08-01 15:46:41 -0400
Classification,Poor Recording
Symptoms,
Software Version,1.90
Device,"Watch5,4"
Sample Rate,512.844 hertz


Lead,Lead I
Unit,µV

414.118
531.052
598.081
609.435
582.619
543.707
515.221
506.545
512.689
522.514
526.776
523.441
515.005
504.934
495.433
485.549
474.08
460.946
446.084
429.663
412.002
393.149
373.59
354.389
336.109
318.844
302.522
286.845
271.668
257.036
242.838
228.801
214.661
200.151
185.118
169.58
153.535
136.961
119.844
102.152
83.92
65.259
46.291
27.135
7.888
-11.381
-30.585
-49.612
-68.34
-86.641
-104.419
-121.628
-138.221
-154.161
-169.413
-183.945
-197.75
-210.855
-223.279
-235.039
-246.147
-256.61
-266.447
-275.687
-284.361
-292.498
-300.124
-307.262
-313.935
-320.172
-325.998
-331.439
-336.515
-341.245
-345.651
-349.756
-353.587
-357.168
-360.523
-363.672
-366.639
-369.444
-372.107
-374.643
-377.067
-379.391
-381.625
-383.78
-385.866
-387.887
-389.85
-391.759
-393.617
-395.426
-397.185
-398.895
-400.551
-402.153
-403.695
-405.175
-406.586
-407.923
-409.179
-410.348
-411.424
-412.399
-413.266
-414.018
-414.649
-415.152
-415.523
-415.756
-415.846
-415.79
-415.585
-415.229
-414.722
-414.064
-413.257
-412.302
-411.203
-409.964
-408.589
-407.085
-405.456
-403.711
-401.856
-399.899
-397.849
-395.717
-393.511
-391.242
-388.921
-386.557
-384.162
-381.747
-379.322
-376.897
-374.481
-372.085
-369.717
-367.385
-365.099
-362.864
-360.688
-358.575
-356.53
-354.558
-352.661
-350.84
-349.097
-347.429
-345.837
-344.317
-342.867
-341.48
-340.151
-338.874
-337.64
-336.439
-335.262
-334.096
-332.929
-331.748
-330.539
-329.288
-327.981
-326.604
-325.142
-323.582
-321.912
-320.119
-318.192
-316.118
-313.887
-311.49
-308.917
-306.161
-303.214
-300.068
-296.72
-293.166
-289.401
-285.426
-281.238
-276.839
-272.231
-267.419
-262.409
-257.205
-251.816
-246.252
-240.524
-234.643
-228.622
-222.471
-216.203
-209.834
-203.379
-196.851
-190.261
-183.617
-176.922
-170.183
-163.404
-156.588
-149.727
-142.812
-135.842
-128.818
-121.747
-114.643
-107.489
-100.259
-92.939
-85.511
-77.953
-70.244
-62.337
-54.174
-45.727
-36.973
-27.902
-18.511
-8.747
1.454
12.165
23.462
35.36
47.855
60.985
74.761
89.156
104.14
119.626
135.504
151.784
168.476
185.578
203.138
221.168
239.587
258.273
277.106
296.008
315.017
334.283
353.956
374.147
395.154
417.53
441.624
467.546
495.359
524.476
555.044
588.575
624.458
661.168
695.992
723.151
743.134
762.093
786.72
826.239
881.046
941.988
1001.081
1050.555
1088.472
1119.517
1145.474
1166.509
1182.101
1190.629
1192.979
1190.664
1184.493
1175.603
1165.299
1155.299
1147.042
1140.682
1135.198
1129.653
1123.674
1117.268
1110.521
1103.109
1094.748
1085.709
1076.827
1069.026
1062.938
1058.858
1056.782
1056.686
1058.521
1062.12
1067.248
1073.624
1081.027
1089.336
1098.482
1108.434
1119.181
1130.678
1142.768
1155.214
1167.697
1179.899
1191.682
1203.016
1213.884
1224.243
1234.003
1243.223
1252.168
1261.001
1269.538
1277.15
1283.033
1286.697
1288.079
1287.007
1282.95
1275.493
1264.761
1251.991
1237.828
1221.074
1200.196
1173.483
1143.324
1116.372
1095.365
1079.679
1062.439
1029.506
973.852
893.004
788.037
671.318
552.371
440.69
348.065
273.25
213.179
162.558
110.504
56.8
1.434
-57.975
-118.713
-183.849
-253.258
-319.736
-379.7
-428.493
-464.924
-494.48
-520.558
-545.546
-570.698
-594.472
-616.417
-637.198
-657.269
-677.262
-697.465
-717.772
-738.244
-759.076
-780.361
-802.055
-824.059
-846.285
-868.673
-891.219
-913.885
-936.523
-958.938
-980.891
-1002.13
-1022.482
-1041.833
-1060.088
-1077.195
-1093.118
-1107.855
-1121.473
-1134.073
-1145.74
-1156.553
-1166.569
-1175.835
-1184.437
-1192.472
-1200.05
-1207.285
-1214.259
-1221.025
-1227.626
-1234.088
-1240.421
-1246.624
-1252.666
-1258.501
-1264.09
-1269.402
-1274.405
-1279.076
-1283.379
-1287.274
-1290.721
-1293.68
-1296.113
-1297.987
-1299.268
-1299.923
-1299.927
-1299.255
-1297.888
-1295.812
-1293.011
-1289.467
-1285.164
-1280.085
-1274.218
-1267.552
-1260.08
-1251.795
-1242.696
-1232.786
-1222.073
-1210.567
-1198.283
-1185.24
-1171.457
-1156.961
-1141.778
-1125.94
-1109.479
-1092.43
-1074.831
-1056.721
-1038.143
-1019.138
-999.753
-980.034
-960.028
-939.785
-919.355
-898.787
-878.13
-857.434
-836.746
-816.114
-795.584
-775.204
-755.018
-735.072
-715.409
-696.072
-677.102
-658.538
-640.415
-622.765
-605.618
-589.002
-572.94
-557.454
-542.563
-528.281
-514.624
-501.604
-489.229
-477.506
-466.437
-456.021
-446.254
-437.128
-428.631
-420.746
-413.456
-406.742
-400.583
-394.961
-389.854
-385.241
-381.103
-377.421
-374.168
-371.315
-368.828
-366.668
-364.795
-363.165
-361.734
-360.458
-359.299
-358.218
-357.183
-356.173
-355.159
-354.113
-352.997
-351.76
-350.367
-348.797
-347.025
-345.042
-342.85
-340.46
-337.919
-335.289
-332.598
-329.868
-327.095
-324.236
-321.27
-318.17
-314.895
-311.443
-307.795
-303.909
-299.779
-295.389
-290.688
-285.621
-280.057
-273.817
-266.812
-258.994
-250.339
-240.908
-230.737
-219.862
-208.422
-196.532
-184.308
-171.912
-159.439
-146.982
-134.715
-122.828
-111.574
-101.28
-92.148
-84.295
-77.853
-72.861
-69.379
-67.482
-67.056
-67.943
-70.002
-73.038
-76.887
-81.398
-86.286
-91.21
-95.836
-99.778
-102.76
-104.61
-105.092
-104.014
-101.183
-96.369
-89.531
-80.718
-69.954
-57.31
-42.883
-26.774
-9.227
9.418
28.894
48.94
69.352
90.012
110.734
131.32
151.588
171.323
190.406
208.786
226.387
243.151
259.066
274.14
288.473
302.252
315.585
328.541
341.164
353.437
365.379
377.023
388.382
399.465
410.266
420.753
430.908
440.72
450.147
459.136
467.593
475.377
482.387
488.549
493.81
498.16
501.591
504.095
505.701
506.46
506.434
505.713
504.364
502.439
499.998
497.095
493.805
490.231
486.462
482.578
478.636
474.644
470.595
466.463
462.17
457.602
452.629
447.086
440.855
433.875
426.092
417.507
408.116
397.898
386.864
375.048
362.522
349.448
336.06
322.638
309.557
297.266
286.217
276.904
269.772
265.163
263.375
264.623
269.084
276.944
288.358
303.445
322.259
344.724
370.613
399.614
431.292
465.079
500.394
536.598
573.042
609.203
644.634
678.958
711.851
742.973
771.953
798.427
822.099
842.77
860.381
874.961
886.629
895.646
902.319
907.027
910.19
912.112
913
913.011
912.269
910.907
909.114
907.107
905.069
903.171
901.554
900.291
899.408
898.827
898.394
897.9
897.098
895.807
893.915
891.344
888.042
883.988
879.158
873.502
866.966
859.435
850.735
840.762
829.47
816.872
803.054
788.15
772.354
755.908
739.095
722.194
705.447
689.058
673.186
658.002
643.714
630.599
618.992
609.16
601.314
595.643
592.318
591.47
593.114
597.116
603.202
611.063
620.42
631.002
642.546
654.792
667.459
680.238
692.83
704.973
716.411
726.878
736.073
743.699
749.593
753.74
756.255
757.315
757.088
755.768
753.604
750.818
747.604
744.129
740.496
736.784
733.113
729.609
726.432
723.767
721.709
720.277
719.436
719.085
719.111
719.359
719.611
719.666
719.381
718.65
717.43
715.694
713.384
710.448
706.837
702.47
697.297
691.283
684.392
676.629
668.022
658.621
648.516
637.793
626.507
614.694
602.369
589.536
576.207
562.389
548.074
533.273
517.999
502.274
486.13
469.592
452.674
435.387
417.736
399.723
381.359
362.656
343.626
324.288
304.663
284.776
264.656
244.332
223.825
203.155
182.338
161.389
140.324
119.153
97.888
76.54
55.118
33.634
12.101
-9.47
-31.072
-52.696
-74.336
-95.987
-117.643
-139.303
-160.965
-182.629
-204.293
-225.957
-247.619
-269.28
-290.939
-312.595
-334.247
-355.895
-377.538
-399.175
-420.806
-442.431
-464.046
-485.648
-507.234
-528.799
-550.337
-571.842
-593.307
-614.723
-636.085
-657.384
-678.615
-699.771
-720.843
-741.827
-762.713
-783.496
-804.17
-824.726
-845.158
-865.461
-885.63
-905.661
-925.551
-945.299
-964.902
-984.363
-1003.681
-1022.861
-1041.906
-1060.82
-1079.609
-1098.281
-1116.846
-1135.315
-1153.7
-1172.015
-1190.275
-1208.498
-1226.701
-1244.902
-1263.117
-1281.365
-1299.663
-1318.029
-1336.479
-1355.033
-1373.705
-1392.513
-1411.472
-1430.599
-1449.907
-1469.411
-1489.122
-1509.048
-1529.196
-1549.574
-1570.184
-1591.027
-1612.103
-1633.408
-1654.937
-1676.686
-1698.644
-1720.799
-1743.137
-1765.637
-1788.28
-1811.04
-1833.89
-1856.795
-1879.721
-1902.636
-1925.503
-1948.29
-1970.96
-1993.478
-2015.808
-2037.92
-2059.779
-2081.351
-2102.596
-2123.468
-2143.925
-2163.926
-2183.427
-2202.387
-2220.763
-2238.513
-2255.605
-2272.021
-2287.737
-2302.73
-2316.972
-2330.416
-2343.036
-2354.824
-2365.774
-2375.894
-2385.198
-2393.707
-2401.475
-2408.592
-2415.14
-2421.199
-2426.813
-2431.977
-2436.702
-2441.006
-2444.892
-2448.383
-2451.466
-2454.08
-2456.208
-2457.836
-2458.913
-2459.387
-2459.123
-2457.89
-2455.499
-2451.77
-2446.568
-2439.863
-2431.633
-2421.872
-2410.665
-2398.12
-2384.398
-2369.744
-2354.313
-2338.221
-2321.663
-2304.842
-2288.062
-2271.77
-2256.374
-2242.272
-2229.88
-2219.478
-2211.263
-2205.359
-2201.707
-2200.16
-2200.506
-2202.427
-2205.676
-2210.062
-2215.299
-2221.089
-2227.046
-2232.615
-2237.209
-2240.188
-2240.811
-2238.412
-2232.476
-2222.604
-2208.575
-2190.274
-2167.636
-2140.701
-2109.486
-2073.97
-2034.165
-1990.054
-1941.715
-1889.402
-1833.504
-1774.56
-1713.256
-1650.294
-1586.267
-1521.689
-1457.008
-1392.637
-1328.969
-1266.342
-1205.118
-1145.705
-1088.596
-1034.398
-983.618
-936.604
-893.547
-854.46
-819.248
-787.774
-759.905
-735.508
-714.432
-696.5
-681.542
-669.413
-659.903
-652.744
-647.524
-643.678
-640.737
-638.345
-636.243
-634.295
-632.397
-630.463
-628.458
-626.395
-624.295
-622.191
-620.095
-617.979
-615.877
-613.869
-612.114
-610.865
-610.297
-610.501
-611.531
-613.382
-616.033
-619.458
-623.574
-628.245
-633.348
-638.774
-644.427
-650.236
-656.092
-661.858
-667.373
-672.453
-676.941
-680.714
-683.657
-685.674
-686.687
-686.628
-685.453
-683.14
-679.65
-674.927
-668.923
-661.594
-652.915
-642.88
-631.494
-618.781
-604.795
-589.613
-573.304
-555.916
-537.466
-517.956
-497.4
-475.81
-453.196
-429.575
-404.93
-379.244
-352.524
-324.792
-296.049
-266.254
-235.32
-203.108
-169.536
-134.613
-98.397
-60.947
-22.295
17.51
58.373
100.05
142.155
184.384
226.51
268.339
309.597
349.758
388.159
424.389
458.7
491.429
522.556
552.027
578.759
602.098
623.183
641.935
659.454
677.865
695.439
711.288
722.208
719.866
701.753
669.918
631.263
601.083
590.636
602.164
633.251
675.921
720.426
761.956
795.405
813.136
812.411
793.48
761.278
727.794
701.408
684.518
675.119
667.112
657.052
645.058
632.746
621.968
612.326
602.821
593.037
582.639
571.897
560.918
549.181
536.692
523.996
511.427
499.239
487.458
475.818
464.283
453.035
442.141
431.577
421.286
411.162
401.19
391.456
382.014
372.894
364.104
355.622
347.445
339.591
332.072
324.889
318.029
311.468
305.178
299.138
293.324
287.716
282.287
277.009
271.853
266.786
261.784
256.827
251.892
246.956
241.988
236.956
231.828
226.58
221.184
215.615
209.844
203.841
197.578
191.032
184.174
176.977
169.406
161.425
153.002
144.111
134.732
124.846
114.438
103.492
92
79.967
67.392
54.276
40.607
26.362
11.54
-3.83
-19.711
-36.044
-52.771
-69.846
-87.2
-104.744
-122.41
-140.143
-157.921
-175.763
-193.648
-211.523
-229.306
-246.872
-264.132
-281.041
-297.552
-313.634
-329.259
-344.378
-358.998
-373.178
-386.893
-400.063
-412.523
-424.001
-434.288
-443.238
-450.721
-456.662
-460.952
-463.433
-463.982
-462.489
-458.829
-452.898
-444.517
-433.426
-419.485
-402.641
-382.956
-360.659
-335.921
-308.858
-279.623
-248.331
-215.126
-180.208
-143.715
-105.722
-66.333
-25.625
16.262
59.071
102.622
146.784
191.492
236.824
282.822
329.472
376.827
424.919
473.786
523.529
574.153
625.533
677.535
729.949
782.556
835.254
887.93
940.458
992.722
1044.52
1095.665
1146.024
1195.407
1243.619
1290.457
1335.646
1378.998
1420.483
1460.126
1498.067
1534.516
1569.596
1603.416
1636.092
1667.698
1698.341
1728.125
1757.104
1785.359
1813.007
1840.191
1867.125
1893.988
1920.843
1947.7
1974.489
2001.068
2027.352
2053.271
2078.74
2103.712
2128.15
2152.016
2175.324
2198.088
2220.284
2241.865
2262.743
2282.828
2302.082
2320.491
2338.068
2354.858
2370.885
2386.164
2400.729
2414.591
2427.75
2440.2
2451.905
2462.822
2472.927
2482.208
2490.663
2498.301
2505.123
2511.125
2516.309
2520.674
2524.224
2526.964
2528.896
2530.031
2530.383
2529.979
2528.849
2527.034
2524.574
2521.505
2517.872
2513.714
2509.072
2503.99
2498.505
2492.656
2486.482
2480.024
2473.32
2466.411
2459.335
2452.126
2444.819
2437.447
2430.038
2422.62
2415.214
2407.842
2400.518
2393.255
2386.063
2378.949
2371.914
2364.959
2358.081
2351.274
2344.531
2337.838
2331.185
2324.554
2317.928
2311.291
2304.621
2297.9
2291.108
2284.226
2277.237
2270.123
2262.87
2255.462
2247.887
2240.132
2232.188
2224.047
2215.701
2207.148
2198.385
2189.412
2180.234
2170.855
2161.284
2151.531
2141.608
2131.529
2121.31
2110.967
2100.519
2089.986
2079.388
2068.745
2058.078
2047.409
2036.759
2026.146
2015.59
2005.107
1994.713
1984.421
1974.24
1964.178
1954.242
1944.434
1934.752
1925.193
1915.752
1906.418
1897.178
1888.018
1878.917
1869.852
1860.8
1851.735
1842.628
1833.446
1824.155
1814.717
1805.097
1795.262
1785.166
1774.759
1763.998
1752.831
1741.228
1729.166
1716.594
1703.462
1689.766
1675.498
1660.646
1645.214
1629.154
1612.393
1594.942
1576.836
1557.935
1538.081
1517.362
1495.769
1473.28
1450.231
1425.754
1399.007
1371.24
1342.851
1316.128
1293.803
1272.926
1251.546
1226.738
1194.473
1158.403
1121.633
1086.31
1055.947
1028.126
1000.398
972.264
942.253
911.314
880.643
850.08
819.827
789.861
760.005
730.463
701.404
672.835
644.791
617.33
590.487
564.291
538.768
513.923
489.754
466.292
443.563
421.572
400.323
379.819
360.06
341.047
322.779
305.245
288.432
272.326
256.912
242.168
228.067
214.574
201.651
189.263
177.375
165.955
154.967
144.377
134.148
124.252
114.666
105.366
96.317
87.471
78.778
70.204
61.743
53.403
45.179
37.066
29.059
21.172
13.439
5.877
-1.525
-8.81
-16.026
-23.191
-30.289
-37.275
-44.103
-50.767
-57.305
-63.754
-70.124
-76.411
-82.62
-88.81
-95.076
-101.457
-107.909
-114.321
-120.593
-126.695
-132.647
-138.492
-144.236
-149.82
-155.139
-160.098
-164.635
-168.702
-172.244
-175.134
-177.215
-178.419
-178.798
-178.481
-177.563
-176.056
-173.91
-171.107
-167.713
-163.883
-159.83
-155.765
-151.915
-148.5
-145.745
-143.932
-143.343
-144.182
-146.552
-150.517
-156.175
-163.709
-173.357
-185.3
-199.625
-216.331
-235.352
-256.596
-279.91
-305.139
-332.123
-360.682
-390.665
-421.961
-454.502
-488.225
-523.04
-558.79
-595.264
-632.286
-669.716
-707.465
-745.497
-783.797
-822.4
-861.338
-900.617
-940.227
-980.125
-1020.246
-1060.47
-1100.662
-1140.704
-1180.503
-1220.019
-1259.219
-1298.037
-1336.347
-1374.162
-1411.514
-1448.124
-1483.785
-1518.382
-1551.479
-1583.661
-1615.489
-1645.779
-1674.107
-1698.23
-1715.85
-1729.044
-1738.987
-1749.812
-1765.859
-1785.866
-1809.484
-1831.791
-1847.395
-1855.345
-1853.732
-1846.608
-1838.592
-1831.299
-1826.635
-1820.908
-1810.839
-1797.277
-1783.747
-1777.217
-1782.54
-1798.082
-1814.078
-1818.936
-1803.125
-1761.589
-1701.54
-1632.291
-1563.776
-1509.906
-1474.906
-1461.634
-1470.477
-1489.827
-1509.385
-1515.579
-1495.438
-1448.171
-1378.489
-1300.322
-1230.66
-1180.773
-1156.621
-1154.176
-1166.084
-1184.962
-1204.05
-1220.897
-1231.182
-1230.162
-1214.164
-1179.935
-1131.376
-1078.102
-1032.747
-1009.417
-1016.093
-1050.622
-1102.36
-1152.654
-1181.198
-1176.184
-1134.851
-1067.799
-995.408
-935.739
-902.549
-895.989
-905.231
-918.75
-926.523
-928.495
-929.707
-932.853
-935.444
-928.573
-905.376
-864.757
-816.203
-774.539
-748.975
-743.685
-751.935
-761.383
-764.956
-757.952
-741.884
-722.938
-704.091
-687.336
-673.136
-659.668
-646.412
-633.555
-621.043
-609.242
-598.275
-587.894
-578.019
-568.668
-559.826
-551.516
-543.806
-536.744
-530.372
-524.761
-519.944
-515.917
-512.698
-510.302
-508.737
-508.02
-508.156
-509.119
-510.884
-513.415
-516.657
-520.548
-525.004
-529.91
-535.168
-540.672
-546.327
-552.056
-557.766
-563.37
-568.796
-573.955
-578.789
-583.291
-587.457
-591.305
-594.903
-598.293
-601.534
-604.76
-608.057
-611.503
-615.2
-619.189
-623.499
-628.205
-633.377
-639.012
-645.08
-651.43
-657.746
-663.721
-669.075
-673.376
-676.018
-676.635
-675.01
-670.756
-664.035
-654.25
-639.382
-619.635
-596.551
-572.657
-553.906
-541.708
-530.582
-513.775
-481.155
-427.264
-359.833
-290.349
-230.551
-189.544
-162.566
-138.041
-109.119
-71.643
-30.259
3.197
24.734
36.256
43.827
57.601
80.769
108.79
133.366
146.238
143.576
127.063
103.867
79.649
57.652
39.835
23.396
6.442
-11.213
-30.484
-50.147
-69.12
-87.566
-105.158
-121.859
-137.769
-152.512
-165.813
-177.657
-188.064
-197.24
-205.559
-213.413
-221.204
-229.274
-237.858
-247.119
-257.156
-268.017
-279.743
-292.369
-305.959
-320.65
-336.542
-353.662
-371.988
-391.389
-411.665
-432.607
-453.971
-475.524
-497.076
-518.514
-539.812
-560.979
-582.024
-602.917
-623.55
-643.825
-663.749
-683.184
-701.789
-719.501
-736.419
-752.538
-768.245
-783.003
-795.076
-804.933
-814.18
-825.54
-844.062
-869.245
-896.016
-919.276
-931.807
-933.375
-930.748
-929.137
-934.234
-946.833
-961.839
-976.169
-987.648
-995.685
-1002.341
-1008.5
-1014.095
-1019.183
-1023.446
-1026.815
-1029.562
-1031.756
-1033.341
-1034.312
-1034.671
-1034.398
-1033.47
-1031.851
-1029.484
-1026.351
-1022.471
-1017.847
-1012.477
-1006.36
-999.498
-991.894
-983.562
-974.51
-964.745
-954.274
-943.112
-931.273
-918.777
-905.643
-891.894
-877.559
-862.663
-847.238
-831.319
-814.942
-798.144
-780.969
-763.458
-745.654
-727.601
-709.347
-690.942
-672.442
-653.898
-635.359
-616.887
-598.555
-580.431
-562.578
-545.049
-527.877
-511.099
-494.774
-478.909
-463.466
-448.434
-433.821
-419.657
-406.021
-392.984
-380.544
-368.85
-358.285
-348.933
-340.622
-333.372
-326.93
-321.811
-319.646
-319.961
-321.024
-319.842
-311.171
-294.628
-273.848
-254.754
-246.945
-253.882
-273.522
-299.691
-320.643
-329.695
-324.609
-308.307
-290.409
-277.283
-272.741
-276.745
-283.84
-290.533
-294.82
-296.061
-296.153
-295.979
-295.486
-294.714
-293.285
-291.104
-288.465
-285.467
-282.094
-278.354
-274.225
-269.678
-264.694
-259.238
-253.258
-246.738
-239.7
-232.16
-224.129
-215.618
-206.642
-197.217
-187.363
-177.095
-166.418
-155.336
-143.86
-132.001
-119.773
-107.206
-94.323
-81.14
-67.686
-53.983
-40.028
-25.836
-11.401
3.361
18.483
33.944
49.737
65.784
81.955
98.186
114.376
130.199
145.413
160.134
174.388
188.208
202.101
215.46
227.652
240.142
253.323
269.14
290.995
317.343
346.465
375.052
395.475
404.531
402.253
390.382
377.12
371.909
380.12
406.104
448.428
497.799
544.98
579.075
592.401
587.324
570.888
554.35
547.57
552.884
567.278
583.957
597.505
606.036
611.099
615.842
620.317
624.102
624.784
619.43
611.21
602.539
596.621
597.648
602.042
606.842
609.988
607.993
603.353
598.445
593.712
590.645
588.217
585.214
581.899
578.106
573.892
569.712
565.639
561.564
557.676
554.049
550.299
547.207
545.527
543.993
542.253
538.087
528.779
517.264
505.441
496.172
493.461
493.632
493.492
490.711
481.51
468.085
452.868
436.486
420.554
404.288
386.589
367.76
347.87
327.188
306.138
284.733
262.929
240.899
218.906
197.27
176.424
156.758
138.426
121.507
106.089
92.194
79.895
69.145
59.675
51.233
43.609
36.61
30.122
23.951
17.752
11.175
3.854
-4.557
-14.234
-25.344
-38.102
-52.685
-69.299
-88.003
-108.637
-131.047
-155.106
-180.666
-207.596
-235.667
-264.493
-293.752
-323.178
-352.512
-381.595
-410.219
-438.102
-465.007
-490.707
-515.048
-538.001
-559.519
-579.512
-597.956
-614.879
-630.336
-644.442
-657.251
-668.742
-678.922
-687.842
-695.536
-701.983
-707.285
-711.751
-715.464
-718.306
-720.31
-721.211
-721.515
-723.018
-725.425
-726.956
-724.984
-714.437
-695.355
-673.062
-652.737
-641.694
-640.938
-643.583
-644.283
-637.407
-621.611
-602.069
-582.082
-563.756
-547.895
-532.383
-516.101
-499.02
-480.965
-462.179
-442.741
-422.358
-400.916
-378.493
-355.141
-330.933
-306.06
-280.747
-255.249
-229.903
-204.994
-180.799
-157.735
-136.244
-116.713
-99.471
-84.701
-72.603
-63.464
-57.503
-54.925
-55.799
-59.912
-67.167
-77.607
-91.004
-107.098
-125.269
-144.234
-163.136
-181.699
-199.483
-216.157
-231.665
-245.737
-258.961
-273.268
-288.875
-304.234
-319.135
-333.179
-347.395
-365.923
-386.026
-399.312
-398.78
-375.342
-329.173
-271.703
-210.397
-152.038
-99.349
-46.277
6.39
51.99
84.397
95.197
84.402
60.914
33.288
10.075
-5.806
-17.057
-25.452
-33.117
-40.575
-46.63
-52.05
-57.444
-62.818
-69.004
-76.059
-83.219
-90.228
-95.68
-96.84
-93.478
-86.806
-79.392
-76.371
-78.172
-81.256
-80.029
-65.275
-33.754
12.294
66.507
116.727
155.663
180.509
193.642
204.363
218.83
240.589
269.518
300.284
329.515
355.147
376.288
394.493
411.099
427.504
444.952
462.657
476.388
480.671
471.901
451.023
428.205
416.264
423.546
452.499
492.209
527.027
546.925
546.023
530.761
513.804
502.574
503.037
513.258
525.555
537.854
548.198
558.865
576.149
597.727
619.823
635.451
634.644
618.406
592.117
565.969
553.854
561.749
590.235
631.768
673.212
703.596
714.862
707.215
685.943
656.562
625.557
597.254
576.866
570.32
579.786
605.724
641.589
678.725
713.954
741.424
760.826
775.339
782.018
784.151
785.115
784.171
783.972
783.744
781.757
779.16
776.869
775.66
772.951
764.411
748.364
725.415
702.161
687.843
686.374
698.891
722.402
749.78
774.213
787.919
785.03
764.701
732.223
698.488
672.506
658.05
653.136
650.751
645.812
636.933
624.759
610.731
595.489
580.372
566.118
555.129
550.154
548.389
548.906
550.52
549.74
549.001
546.554
537.93
524.242
505.106
485.298
474.013
474.067
487.028
511.775
541.594
572.175
598.063
612.209
614.822
608.204
597.109
588.592
582.178
575.928
569.948
566.13
571.21
589.191
617.28
647.382
670.207
681.429
683.031
682.256
686.209
697.574
714.692
730.981
739.121
736.105
724.545
713.582
713.258
728.209
755.584
785.127
807.009
816.847
816.097
811.437
808.16
807.966
810.414
813.218
815.149
816.432
817.296
818.015
818.581
818.698
818.242
817.231
815.626
813.381
810.51
807.043
803.019
798.494
793.468
787.878
781.643
774.64
766.719
757.803
747.863
736.933
725.133
712.589
699.509
686.141
672.643
659.189
645.937
632.908
620.152
607.817
595.887
584.438
573.923
564.532
556.266
549.626
544.069
538.772
534.676
531.921
532.121
538.429
549.911
564.062
575.91
578.067
567.754
548.135
527.146
514.064
515.209
528.781
545.848
558.536
560.905
552.643
540.76
530.174
522.203
517.062
510.087
497.567
482.723
467.588
455.704
451.386
450.576
450.071
447.763
439.999
429.23
417.879
406.364
396.228
386.561
376.11
364.918
352.778
339.815
326.123
311.531
296.003
279.295
262.283
245.878
229.006
211.484
191.412
166.436
139.697
113.393
90.656
75.753
65.55
57.33
49.227
38.028
26.193
16.224
8.771
5.31
4.909
6.374
9.684
14.466
20.593
27.965
36.081
44.482
52.817
60.811
68.267
74.975
80.79
85.592
89.225
91.624
92.729
92.442
90.814
87.957
83.979
79.11
73.607
67.671
61.547
55.398
49.242
43.105
37.001
30.953
25.108
19.583
14.384
9.703
5.918
3.234
1.675
1.091
0.954
1.872
5.622
12.557
21.483
27.893
25.18
11.428
-9.747
-29.203
-36.179
-27.121
-6.435
15.848
29.774
31.997
25.413
16.353
9.905
7.475
8.027
9.495
10.835
12.125
13.549
15.253
17.095
18.804
20.315
21.633
22.718
23.53
24.042
24.245
24.159
23.773
23.04
21.905
20.331
18.303
15.818
12.86
9.404
5.423
0.882
-4.236
-9.935
-16.209
-23.041
-30.394
-38.211
-46.428
-54.962
-63.748
-72.741
-81.92
-91.295
-100.876
-110.672
-120.668
-130.817
-141.08
-151.432
-161.856
-172.342
-182.905
-193.588
-204.46
-215.627
-227.154
-239.048
-251.241
-263.59
-275.918
-288.023
-299.736
-310.927
-321.466
-331.219
-340.054
-347.855
-354.492
-359.829
-363.678
-365.761
-365.807
-363.612
-359.111
-352.422
-343.785
-333.445
-321.556
-308.226
-293.692
-278.344
-262.444
-245.963
-228.524
-209.685
-189.541
-168.693
-147.587
-126.456
-105.678
-85.665
-67.774
-53.069
-40.464
-29.651
-21.059
-16.489
-20.31
-31.536
-43.525
-48.368
-38.079
-14.102
14.71
41.748
63.624
84.456
110.375
139.482
164.121
174.629
165.495
141.244
113.028
90.559
78.414
75.549
76.177
76.03
73.933
69.387
63.535
57.222
50.056
41.932
32.767
22.265
10.339
-2.735
-16.814
-31.791
-47.517
-64.119
-81.707
-100.177
-119.341
-138.98
-158.847
-178.728
-198.468
-217.871
-236.698
-254.723
-271.657
-287.17
-301.019
-313.032
-323.033
-330.88
-336.477
-339.754
-340.8
-339.861
-337.191
-333.07
-327.777
-321.565
-314.707
-307.483
-300.179
-293.107
-286.536
-280.672
-275.753
-272.019
-269.687
-268.975
-269.96
-272.565
-276.681
-282.157
-288.8
-296.406
-304.778
-313.732
-323.116
-332.811
-342.709
-352.724
-362.748
-372.653
-382.303
-391.538
-400.262
-408.461
-416.159
-423.417
-430.346
-437.084
-443.748
-450.437
-457.208
-464.06
-470.988
-477.973
-484.989
-492.015
-499.043
-506.09
-513.157
-520.232
-527.275
-534.218
-540.971
-547.417
-553.452
-558.977
-563.915
-568.217
-571.843
-574.765
-576.964
-578.437
-579.168
-579.136
-578.319
-576.687
-574.225
-570.928
-566.801
-561.857
-556.115
-549.6
-542.339
-534.36
-525.693
-516.366
-506.409
-495.849
-484.721
-473.062
-460.919
-448.341
-435.384
-422.102
-408.555
-394.807
-380.921
-366.959
-352.983
-339.051
-325.223
-311.557
-298.113
-284.946
-272.115
-259.675
-247.679
-236.184
-225.24
-214.897
-205.199
-196.188
-187.897
-180.359
-173.602
-167.647
-162.51
-158.203
-154.734
-152.106
-150.32
-149.37
-149.243
-149.924
-151.394
-153.63
-156.601
-160.271
-164.596
-169.535
-175.042
-181.071
-187.571
-194.487
-201.765
-209.354
-217.204
-225.264
-233.474
-241.766
-250.076
-258.336
-266.487
-274.469
-282.219
-289.671
-296.769
-303.471
-309.754
-315.598
-320.963
-325.789
-330
-333.533
-336.342
-338.379
-339.586
-339.901
-339.276
-337.706
-335.229
-331.89
-327.698
-322.634
-316.656
-309.726
-301.87
-293.161
-283.702
-273.6
-262.967
-251.93
-240.666
-229.41
-218.347
-207.542
-196.964
-186.524
-176.141
-165.864
-155.76
-145.655
-135.314
-124.729
-113.697
-102.036
-90.084
-76.829
-61.431
-45.206
-28.042
-11.854
0.372
11.572
23.038
36.851
58.502
85.207
115.226
148.079
177.114
202.296
222.316
233.08
238.376
239.008
236.5
235.268
232.943
227.659
219.454
206.805
191.446
175.659
159.02
141.5
123.158
103.629
83.426
63.226
43.037
22.855
3.188
-15.627
-33.385
-49.787
-64.895
-78.835
-91.56
-103.112
-113.654
-123.33
-132.266
-140.577
-148.29
-155.44
-162.103
-168.337
-174.177
-179.611
-184.588
-189.033
-192.904
-196.199
-198.866
-200.787
-201.849
-201.944
-201.044
-199.239
-196.555
-192.888
-188.286
-183.031
-177.207
-170.788
-163.904
-156.312
-148.644
-142.774
-138.332
-133.635
-125.932
-109.95
-85.918
-59.107
-34.81
-20.646
-17.36
-17.98
-17.082
-8.758
8.09
28.047
47.723
64.798
78.461
90.883
102.943
114.243
124.766
134.279
142.845
151.158
159.395
167.048
173.99
180.457
186.111
190.352
192.441
191.286
186.991
180.817
173.443
164.993
156.068
147.735
141.432
138.835
139.916
143.284
148.082
154.184
161.498
169.073
175.363
178.79
179.041
176.941
173.16
167.566
159.65
150.056
139.913
130.193
121.496
113.639
106.274
99.771
94.808
91.108
88.246
85.937
83.71
81.548
79.602
77.563
75.036
72.082
68.703
64.902
60.927
56.854
52.743
48.819
45.229
41.974
39.077
36.526
34.31
32.546
31.341
30.814
31.2
32.755
35.762
40.488
47.009
55.207
64.905
75.842
87.713
100.307
113.442
126.987
140.894
155.074
169.411
183.741
197.778
211.18
223.554
234.449
243.527
250.663
255.867
259.358
261.53
262.685
263.067
262.881
262.171
261
259.475
257.674
255.741
253.898
252.434
251.78
252.394
254.541
258.295
263.483
269.668
276.468
283.54
290.513
297.163
303.285
308.661
313.186
316.78
319.28
320.458
319.954
317.29
312.136
304.337
293.907
281.105
266.198
249.464
231.28
211.952
191.738
170.879
149.489
127.619
105.391
82.965
60.571
38.548
17.166
-3.399
-23.023
-41.715
-59.525
-76.533
-92.914
-108.825
-124.37
-139.622
-154.577
-169.177
-183.396
-197.213
-210.611
-223.63
-236.298
-248.625
-260.629
-272.293
-283.56
-294.354
-304.566
-314.08
-322.814
-330.709
-337.73
-343.864
-349.112
-353.481
-357.001
-359.695
-361.566
-362.624
-362.856
-362.252
-360.855
-358.706
-355.862
-352.396
-348.322
-343.646
-338.42
-332.681
-326.473
-319.885
-312.847
-305.271
-297.372
-289.301
-281.235
-273.432
-265.67
-257.634
-249.484
-241.332
-232.817
-223.775
-213.74
-202.101
-189.536
-176.818
-163.978
-151.222
-139.032
-127.6
-117.763
-110.505
-105.052
-100.585
-96.961
-93.751
-90.692
-87.779
-84.238
-79.213
-73.224
-66.753
-59.936
-53.193
-46.515
-39.754
-33.284
-27.455
-22.048
-16.955
-12.137
-7.412
-2.948
1.042
4.511
7.269
9.061
9.704
8.989
6.761
3.026
-2.208
-8.902
-16.896
-26
-35.936
-46.362
-57.022
-67.635
-77.86
-87.325
-95.559
-102.106
-106.593
-108.667
-107.997
-104.363
-97.604
-87.663
-74.714
-59.032
-40.998
-21.089
0.276
22.659
45.527
68.314
90.445
111.367
130.612
147.74
162.249
173.727
181.858
186.431
187.461
185.081
179.491
170.996
159.928
146.646
131.595
115.255
98.021
80.241
62.222
44.252
26.707
9.929
-5.814
-20.314
-33.464
-45.186
-55.432
-64.22
-71.646
-77.868
-83.098
-87.564
-91.415
-94.755
-97.679
-100.289
-102.72
-105.097
-107.54
-110.17
-113.128
-116.613
-120.829
-125.993
-132.294
-139.793
-148.43
-158.052
-168.489
-179.654
-191.33
-202.999
-214.178
-224.584
-234.006
-242.512
-249.175
-251.86
-249.605
-243.015
-235.828
-233.818
-238.903
-247.914
-252.359
-242.454
-214.774
-173.353
-128.059
-88.551
-58.588
-36.315
-16.257
5.722
30.271
55.961
80.226
101.556
119.71
134.526
145.921
153.699
157.604
157.741
154.443
147.95
138.514
126.467
112.144
96.019
78.619
60.328
41.524
22.579
3.825
-14.353
-31.583
-47.583
-62.165
-75.252
-86.863
-97.001
-105.647
-112.845
-118.613
-123.013
-126.143
-127.994
-128.568
-127.906
-126.08
-123.245
-119.614
-115.402
-110.754
-105.77
-100.506
-95
-89.31
-83.453
-77.454
-71.329
-65.113
-58.918
-52.853
-46.999
-41.383
-35.974
-30.684
-25.394
-20.026
-14.511
-8.8
-2.874
3.279
9.649
16.208
22.917
29.767
36.783
43.989
51.403
59.013
66.781
74.65
82.545
90.401
98.152
105.736
113.112
120.247
127.121
133.72
140.039
146.061
151.754
157.096
162.064
166.633
170.787
174.506
177.766
180.562
182.904
184.797
186.259
187.312
187.984
188.324
188.396
188.249
187.936
187.501
186.967
186.38
185.774
185.168
184.599
184.072
183.544
182.966
182.261
181.292
179.936
178.037
175.396
171.884
167.387
161.802
155.096
147.239
138.221
128.091
116.894
104.684
91.638
77.981
63.999
50.11
36.699
24.16
12.963
3.479
-3.963
-9.051
-11.592
-11.459
-8.523
-2.737
5.948
17.613
32.155
49.351
68.892
90.296
113.096
136.835
160.948
184.901
208.235
230.513
251.423
270.761
288.279
303.754
316.957
327.588
335.506
340.713
343.27
343.368
341.223
337.034
331.121
323.851
315.508
306.327
296.452
285.921
274.83
263.307
251.48
239.536
227.582
215.637
203.712
191.768
179.732
167.528
155
141.923
128.145
113.578
98.181
81.993
65.021
47.249
28.679
9.312
-10.834
-31.71
-53.274
-75.484
-98.261
-121.509
-145.098
-168.852
-192.633
-216.335
-239.862
-263.143
-286.102
-308.652
-330.722
-352.252
-373.174
-393.417
-412.906
-431.556
-449.304
-466.099
-481.896
-496.655
-510.326
-522.864
-534.24
-544.436
-553.437
-561.244
-567.862
-573.311
-577.638
-580.898
-583.143
-584.423
-584.77
-584.214
-582.78
-580.499
-577.415
-573.54
-568.852
-563.312
-556.867
-549.457
-541.025
-531.483
-520.711
-508.607
-495.105
-480.174
-463.833
-446.136
-427.164
-407.023
-385.835
-363.788
-341.133
-318.157
-295.195
-272.568
-250.584
-229.584
-209.941
-191.982
-175.983
-162.152
-150.619
-141.467
-134.721
-130.359
-128.313
-128.437
-130.522
-134.308
-139.474
-145.715
-152.751
-160.269
-167.948
-175.515
-182.728
-189.397
-195.419
-200.719
-205.28
-209.154
-212.395
-215.087
-217.337
-219.261
-221.015
-222.733
-224.501
-226.4
-228.491
-230.804
-233.374
-236.224
-239.303
-242.518
-245.708
-248.63
-251.102
-252.988
-254.173
-254.576
-254.106
-252.717
-250.45
-247.419
-243.762
-239.624
-235.105
-230.27
-225.26
-220.278
-215.63
-211.714
-208.822
-207.177
-206.962
-208.324
-211.419
-216.322
-222.967
-231.171
-240.709
-251.365
-262.99
-275.483
-288.668
-302.309
-316.035
-329.364
-341.912
-353.331
-363.283
-371.446
-377.444
-380.984
-381.945
-380.33
-376.204
-369.658
-360.7
-349.312
-335.543
-319.452
-301.254
-281.308
-259.905
-237.367
-214.053
-190.336
-166.695
-143.61
-121.394
-100.26
-80.357
-61.765
-44.651
-29.215
-15.607
-4.018
5.481
12.958
18.437
21.975
23.707
23.787
22.495
20.206
17.162
13.523
9.401
4.821
-0.118
-5.249
-10.441
-15.528
-20.382
-24.958
-29.161
-32.864
-36.015
-38.594
-40.669
-42.445
-44.053
-45.543
-46.948
-48.244
-49.459
-50.712
-52.107
-53.716
-55.625
-57.884
-60.605
-64.015
-68.274
-73.481
-79.677
-86.762
-94.644
-103.286
-112.618
-122.535
-132.868
-143.33
-153.602
-163.453
-172.64
-180.928
-188.017
-193.45
-196.81
-197.769
-196.052
-191.513
-184.036
-173.471
-159.753
-142.964
-123.278
-101.022
-76.608
-50.367
-22.634
6.23
35.798
65.49
94.72
122.96
149.744
174.679
197.384
217.444
234.525
248.46
259.178
266.74
271.291
272.93
271.771
267.974
261.759
253.436
243.358
231.859
219.236
205.767
191.753
177.524
163.384
149.546
136.172
123.378
111.226
99.795
89.138
79.254
70.123
61.706
53.935
46.753
40.109
33.923
28.107
22.558
17.142
11.74
6.214
0.389
-5.834
-12.518
-19.693
-27.308
-35.318
-43.703
-52.412
-61.406
-70.636
-79.967
-89.255
-98.343
-106.95
-114.755
-121.363
-126.272
-129.108
-129.585
-127.426
-122.45
-114.465
-103.23
-88.544
-70.2
-47.96
-21.702
8.625
43.026
81.288
123.089
168.008
215.465
264.975
316.142
368.497
421.592
474.962
528.024
580.177
630.773
679.023
724.191
765.65
802.824
835.344
862.975
885.554
903.072
915.509
922.799
924.988
922.197
914.588
902.479
886.306
866.608
844.131
819.674
793.967
767.722
741.557
716.009
691.577
668.665
647.632
628.858
612.651
599.232
588.775
581.332
576.82
575.056
575.705
578.341
582.552
587.92
594.025
600.466
606.887
612.992
618.53
623.252
626.931
629.386
630.479
630.142
628.377
625.237
620.835
615.339
608.937
601.826
594.226
586.361
578.401
570.47
562.663
555.051
547.697
540.646
533.905
527.448
521.239
515.226
509.347
503.515
497.625
491.578
485.274
478.606
471.492
463.884
455.759
447.15
438.105
428.656
418.851
408.743
398.388
387.891
377.337
366.779
356.306
345.998
335.904
326.108
316.67
307.544
298.671
289.969
281.097
271.56
261.187
250.036
237.974
225.087
210.605
192.741
172.367
151.798
134.235
124.909
123.145
123.649
121.114
107.74
82.557
51.932
21.348
-1.988
-15.355
-22.898
-26.838
-28.277
-26.218
-16.426
2.959
30.951
65.563
104.679
146.904
191.243
236.093
279.199
319.047
355.48
389.248
420.818
449.956
476.09
498.814
518.303
534.756
547.897
557.052
561.655
561.553
556.976
548.382
536.084
520.266
501.196
479.298
455.186
429.629
403.382
376.999
350.896
325.416
300.815
277.346
255.215
234.509
215.235
197.359
180.862
165.796
152.268
140.33
129.885
120.642
112.192
104.226
96.564
89.098
81.786
74.555
67.332
60.13
53.023
46.088
39.353
32.754
26.134
19.365
12.427
5.418
-1.461
-8.079
-14.375
-20.304
-25.845
-30.926
-35.451
-39.388
-42.748
-45.506
-47.594
-48.852
-49.031
-47.946
-45.47
-41.535
-36.139
-29.223
-20.755
-10.775
0.643
13.344
27.111
41.756
57.053
72.678
88.282
103.428
117.607
130.405
141.419
150.249
156.541
159.886
159.96
156.602
149.707
139.261
125.337
108.008
87.488
64.186
38.54
11.082
-17.568
-46.881
-76.256
-105.034
-132.603
-158.29
-181.504
-201.829
-218.866
-232.247
-241.675
-246.837
-247.596
-244.085
-236.488
-225.084
-210.275
-192.429
-172.032
-149.691
-125.95
-101.382
-76.556
-51.931
-28.034
-5.466
15.186
33.28
48.27
59.859
67.798
71.909
72.157
68.518
61.054
49.949
35.295
17.176
-4.245
-28.797
-56.192
-85.984
-117.684
-150.703
-184.415
-218.303
-251.866
-284.621
-316.192
-346.198
-374.256
-400.024
-423.054
-442.873
-459.123
-471.511
-479.848
-484.076
-484.215
-480.398
-472.883
-461.947
-447.886
-430.996
-411.541
-389.84
-366.254
-341.168
-315.039
-288.292
-261.289
-234.353
-207.766
-181.773
-156.55
-132.166
-108.595
-85.764
-63.592
-42.018
-20.961
-0.253
20.249
40.675
61.133
81.605
102.072
122.543
143.008
163.48
183.919
204.196
224.156
243.647
262.503
280.58
297.684
313.522
327.896
340.694
351.883
361.589
369.901
376.843
382.462
386.787
389.873
391.827
392.734
392.632
391.596
389.71
387.117
384.043
380.625
376.915
372.9
368.469
363.552
358.138
352.198
345.702
338.63
330.955
322.69
313.901
304.62
294.856
284.589
273.755
262.335
250.356
237.869
224.958
211.689
198.106
184.266
170.237
156.068
141.804
127.465
113.043
98.549
84.012
69.465
54.954
40.518
26.184
11.982
-2.059
-15.911
-29.542
-42.928
-56.048
-68.876
-81.381
-93.527
-105.274
-116.585
-127.43
-137.777
-147.597
-156.864
-165.554
-173.647
-181.129
-187.986
-194.205
-199.773
-204.683
-208.928
-212.507
-215.419
-217.667
-219.259
-220.207
-220.526
-220.234
-219.354
-217.913
-215.939
-213.467
-210.531
-207.171
-203.428
-199.345
-194.967
-190.34
-185.514
-180.538
-175.461
-170.333
-165.204
-160.124
-155.14
-150.3
-145.648
-141.228
-137.08
-133.246
-129.761
-126.662
-123.98
-121.746
-119.986
-118.724
-117.98
-117.771
-118.107
-118.999
-120.448
-122.457
-125.02
-128.13
-131.774
-135.936
-140.595
-145.729
-151.309
-157.305
-163.685
-170.411
-177.446
-184.749
-192.281
-199.997
-207.855
-215.809
-223.815
-231.828
-239.801
-247.689
-255.447
-263.029
-270.393
-277.495
-284.294
-290.749
-296.823
-302.48
-307.686
-312.411
-316.628
-320.312
-323.442
-326.003
-327.982
-329.371
-330.166
-330.367
-329.98
-329.013
-327.48
-325.397
-322.785
-319.666
-316.069
-312.021
-307.557
-302.71
-297.519
-292.024
-286.265
-280.286
-274.132
-267.849
-261.483
-255.082
-248.693
-242.365
-236.145
-230.081
-224.217
-218.598
-213.268
-208.264
-203.624
-199.38
-195.562
-192.193
-189.295
-186.881
-184.964
-183.549
-182.637
-182.225
-182.305
-182.865
-183.888
-185.353
-187.234
-189.504
-192.13
-195.078
-198.309
-201.783
-205.459
-209.291
-213.235
-217.244
-221.267
-225.255
-229.157
-232.922
-236.499
-239.836
-242.885
-245.6
-247.936
-249.854
-251.317
-252.294
-252.754
-252.676
-252.038
-250.826
-249.03
-246.643
-243.665
-240.098
-235.95
-231.234
-225.967
-220.167
-213.857
-207.064
-199.815
-192.14
-184.07
-175.635
-166.867
-157.801
-148.476
-138.929
-129.201
-119.334
-109.374
-99.367
-89.362
-79.4
-69.52
-59.755
-50.133
-40.678
-31.412
-22.347
-13.499
-4.88
3.5
11.623
19.468
27.027
34.291
41.263
47.963
54.394
60.552
66.438
72.043
77.345
82.315
86.896
91.019
94.651
97.771
100.378
102.511
104.192
105.451
106.329
106.829
106.966
106.781
106.28
105.483
104.448
103.234
101.972
100.841
99.934
99.31
98.999
98.943
99.096
99.411
99.762
100.068
100.262
100.225
99.889
99.19
97.998
96.175
93.495
89.633
84.349
77.484
68.896
58.559
46.459
32.555
16.951
-0.247
-18.96
-39.025
-60.306
-82.685
-105.955
-129.859
-154.073
-178.123
-201.562
-224.049
-245.245
-264.903
-282.8
-298.659
-312.339
-323.766
-332.852
-339.594
-344.001
-346.056
-345.828
-343.473
-339.192
-333.319
-326.234
-318.212
-309.523
-300.406
-291.068
-281.776
-272.726
-264.032
-255.794
-248.076
-240.922
-234.4
-228.543
-223.294
-218.577
-214.253
-210.129
-206.089
-202.04
-197.889
-193.571
-188.997
-184.097
-178.862
-173.306
-167.442
-161.287
-154.847
-148.129
-141.19
-134.094
-126.92
-119.765
-112.693
-105.749
-98.979
-92.414
-86.084
-80.013
-74.202
-68.637
-63.311
-58.225
-53.381
-48.788
-44.44
-40.325
-36.437
-32.767
-29.312
-26.074
-23.056
-20.261
-17.697
-15.376
-13.311
-11.518
-10.011
-8.797
-7.884
-7.277
-6.982
-7.003
-7.343
-8.004
-8.986
-10.29
-11.917
-13.865
-16.133
-18.714
-21.604
-24.795
-28.276
-32.038
-36.067
-40.348
-44.865
-49.597
-54.524
-59.622
-64.867
-70.23
-75.683
-81.194
-86.731
-92.262
-97.752
-103.167
-108.473
-113.637
-118.625
-123.403
-127.94
-132.203
-136.162
-139.788
-143.051
-145.926
-148.386
-150.408
-151.97
-153.052
-153.639
-153.715
-153.268
-152.288
-150.771
-148.711
-146.109
-142.968
-139.294
-135.097
-130.39
-125.19
-119.518
-113.396
-106.854
-99.92
-92.626
-85.007
-77.098
-68.935
-60.56
-52.011
-43.33
-34.559
-25.745
-16.931
-8.164
0.51
9.045
17.395
25.516
33.365
40.898
48.076
54.86
61.214
67.104
72.496
77.361
81.672
85.407
88.546
91.074
92.98
94.259
94.912
94.948
94.374
93.203
91.451
89.135
86.275
82.893
79.008
74.643
69.828
64.599
58.997
53.068
46.865
40.44
33.855
27.168
20.437
13.718
7.062
0.512
-5.884
-12.074
-18
-23.591
-28.793
-33.564
-37.859
-41.649
-44.921
-47.674
-49.942
-51.772
-53.184
-54.186
-54.769
-54.891
-54.522
-53.628
-52.161
-50.115
-47.47
-44.19
-40.264
-35.671
-30.352
-24.246
-17.24
-9.189
-0.023
10.286
21.735
34.24
47.724
62.082
77.147
92.788
108.879
125.255
141.779
158.303
174.601
190.462
205.637
219.813
232.775
244.364
254.448
262.996
269.98
275.395
279.314
281.804
282.914
282.74
281.385
278.969
275.732
271.897
267.703
263.471
259.455
255.879
252.941
250.751
249.407
249.016
249.645
251.342
254.186
258.205
263.402
269.763
277.131
285.345
294.217
303.472
312.843
322.051
330.854
339.081
346.589
353.219
358.804
363.204
366.253
367.82
367.795
366.06
362.618
357.509
350.832
342.772
333.551
323.434
312.649
301.369
289.727
277.851
265.885
253.953
242.195
230.725
219.672
209.192
199.382
190.301
181.949
174.258
167.115
160.368
153.889
147.579
141.374
135.232
129.112
122.987
116.834
110.639
104.369
97.96
91.359
84.523
77.443
70.146
62.676
55.102
47.483
39.87
32.301
24.797
17.37
10.022
2.746
-4.469
-11.623
-18.701
-25.685
-32.558
-39.306
-45.921
-52.4
-58.744
-64.952
-71.028
-76.966
-82.757
-88.382
-93.821
-99.049
-104.042
-108.77
-113.212
-117.353
-121.162
-124.62
-127.717
-130.43
-132.745
-134.657
-136.126
-137.132
-137.734
-137.968
-137.859
-137.453
-136.739
-135.695
-134.398
-132.912
-131.088
-128.753
-125.975
-122.754
-119.111
-115.418
-110.814
-104.43
-97.49
-90.375
-85.43
-85.42
-87.267
-88.9
-87.207
-78.038
-65.213
-51.971
-40.569
-34.617
-31.573
-28.891
-26.039
-21.497
-16.253
-11.518
-7.061
-3.083
0.409
3.559
6.075
7.827
8.997
9.698
10.015
10.02
9.724
9.176
8.484
7.732
6.962
6.2
5.448
4.767
4.27
4.071
4.307
5.015
6.125
7.599
9.412
11.553
14.044
16.878
20.008
23.43
27.168
31.245
35.701
40.533
45.694
51.148
56.847
62.783
68.992
75.492
82.286
89.378
96.759
104.431
112.413
120.694
129.235
138.001
146.953
156.064
165.325
174.718
184.219
193.803
203.437
213.09
222.74
232.356
241.907
251.358
260.674
269.825
278.792
287.554
296.086
304.364
312.363
320.058
327.432
334.462
341.12
347.382
353.224
358.624
363.562
368.016
371.963
375.382
378.258
380.577
382.326
383.488
384.05
383.999
383.326
382.02
380.068
377.451
374.153
370.163
365.474
360.086
353.997
347.204
339.707
331.514
322.651
313.139
302.992
292.208
280.783
268.736
256.117
242.98
229.353
215.246
200.683
185.718
170.441
154.931
139.216
123.322
107.335
91.386
75.603
60.098
44.907
29.989
15.34
0.804
-14.019
-29.385
-45.309
-61.753
-78.471
-96.014
-115.77
-137.963
-161.182
-180.829
-190.984
-188.579
-174.656
-157.81
-148.83
-156.009
-184.66
-228.947
-278.156
-321.054
-344.178
-343.851
-324.454
-293.381
-263.826
-245.711
-240.691
-247.474
-260.644
-271.846
-277.881
-277.568
-270.207
-259.441
-247.388
-234.74
-223.26
-212.552
-202.11
-192.403
-183.418
-175.435
-168.871
-163.724
-159.946
-157.601
-156.767
-157.569
-160.182
-164.77
-171.409
-180.06
-190.596
-202.788
-216.43
-231.396
-247.529
-264.636
-282.534
-300.996
-319.789
-338.695
-357.428
-375.63
-392.896
-408.761
-422.793
-434.666
-444.153
-451.132
-455.493
-457.071
-455.712
-451.253
-443.554
-432.578
-418.345
-400.926
-380.514
-357.408
-332.012
-304.851
-276.451
-247.299
-217.836
-188.41
-159.375
-131.13
-104.083
-78.723
-55.542
-34.925
-17.205
-2.634
8.657
16.606
21.256
22.788
21.409
17.347
10.852
2.092
-8.745
-21.44
-35.775
-51.377
-67.811
-84.709
-101.708
-118.478
-134.751
-150.234
-164.655
-177.869
-189.77
-200.297
-209.443
-217.113
-223.208
-227.639
-230.295
-231.209
-230.497
-228.241
-224.548
-219.555
-213.401
-206.315
-198.591
-190.41
-181.906
-173.183
-164.285
-155.334
-146.481
-137.87
-129.668
-121.975
-114.843
-108.347
-102.547
-97.457
-93.061
-89.269
-85.914
-82.911
-80.221
-77.82
-75.729
-73.935
-72.404
-71.125
-70.085
-69.28
-68.716
-68.391
-68.295
-68.454
-68.908
-69.725
-71.004
-72.804
-75.154
-78.069
-81.538
-85.543
-90.065
-95.07
-100.513
-106.352
-112.541
-119.029
-125.757
-132.67
-139.715
-146.844
-154.005
-161.16
-168.281
-175.369
-182.453
-189.561
-196.722
-203.937
-211.171
-218.393
-225.575
-232.682
-239.697
-246.564
-253.18
-259.464
-265.349
-270.759
-275.636
-279.862
-283.253
-285.669
-286.999
-287.209
-286.371
-284.562
-281.868
-278.416
-274.337
-269.827
-265.169
-260.569
-256.173
-252.12
-248.501
-245.495
-243.395
-242.439
-242.811
-244.617
-247.833
-252.417
-258.337
-265.499
-273.782
-282.993
-292.856
-303.207
-314.005
-325.257
-337.031
-349.285
-361.828
-374.482
-387.091
-399.53
-411.746
-423.684
-435.23
-446.295
-456.82
-466.786
-476.215
-485.009
-492.905
-499.53
-504.46
-507.379
-508.111
-506.515
-502.46
-495.84
-486.537
-474.465
-459.621
-442.005
-421.601
-398.397
-372.389
-343.669
-312.507
-279.335
-244.623
-208.79
-172.193
-135.161
-98.031
-61.123
-24.764
10.736
45.09
77.976
109.053
138.003
164.532
188.398
209.497
227.867
243.584
256.747
267.469
275.86
282.047
286.161
288.341
288.727
287.496
284.891
281.172
276.556
271.225
265.338
258.974
252.147
244.843
236.985
228.455
219.157
209.017
197.988
186.058
173.236
159.53
144.908
129.356
112.946
95.806
78.107
60.08
41.951
23.949
6.383
-10.395
-26.075
-40.384
-53.11
-64.102
-73.244
-80.457
-85.66
-88.792
-89.876
-88.979
-86.218
-81.78
-75.807
-68.409
-59.781
-50.149
-39.709
-28.662
-17.161
-5.313
6.772
19.019
31.347
43.633
55.761
67.595
79.008
89.951
100.325
109.973
118.815
126.769
133.729
139.64
144.426
147.953
150.119
150.785
149.805
147.165
142.928
137.231
130.256
122.12
112.957
102.958
92.266
81.036
69.485
57.787
46.156
34.935
24.464
15.157
7.5
1.798
-1.745
-2.973
-1.82
1.824
8.108
17.133
29.038
44
62.079
83.295
107.588
134.688
164.278
195.939
229.112
263.366
298.324
333.589
368.846
403.763
437.888
470.777
501.905
530.612
556.366
578.749
597.427
612.264
623.166
630.098
633.169
632.475
628.115
620.226
608.882
594.17
576.334
555.7
532.73
508.072
482.301
455.872
429.188
402.578
376.394
350.992
326.659
303.603
282.002
262.069
244.1
228.379
215.059
204.161
195.546
188.947
184.125
180.911
179.168
178.713
179.295
180.647
182.516
184.752
187.266
189.845
192.154
193.882
194.784
194.745
193.794
191.982
189.351
185.924
181.71
176.796
171.338
165.472
159.315
152.907
146.209
139.323
132.482
125.885
119.71
114.054
108.922
104.326
100.285
96.785
93.779
91.224
89.089
87.357
86.031
85.135
84.676
84.676
85.225
86.165
87.125
87.8
87.82
87.191
86.47
85.869
85.195
84.804
85.351
87.557
92.568
100.349
109.427
119.031
129.001
138.674
147.395
154.152
157.125
156.177
153.017
148.651
143.643
138.681
134.022
130.434
129.503
131.439
135.062
139.615
144.472
149.195
153.9
158.303
161.603
163.672
164.975
165.857
166.729
167.761
168.709
169.516
170.316
171.077
171.693
172.04
171.896
171.203
170.119
168.778
167.327
165.895
164.511
163.214
162.057
161.062
160.289
159.811
159.655
159.919
160.778
162.408
165.043
168.845
173.773
179.742
186.619
194.206
202.338
210.872
219.658
228.603
237.637
246.659
255.599
264.348
272.693
280.422
287.264
292.959
297.421
300.651
302.703
303.745
303.98
303.558
302.64
301.335
299.678
297.727
295.524
293.096
290.534
287.948
285.488
283.341
281.616
280.333
279.47
278.914
278.498
278.1
277.6
276.892
275.936
274.695
273.142
271.291
269.145
266.68
263.857
260.598
256.837
252.558
247.768
242.51
236.862
230.881
224.624
218.156
211.516
204.733
197.831
190.806
183.645
176.354
168.947
161.449
153.895
146.305
138.691
131.065
123.437
115.818
108.222
100.654
93.12
85.63
78.204
70.862
63.635
56.54
49.587
42.79
36.158
29.71
23.471
17.452
11.651
6.061
0.668
-4.535
-9.544
-14.358
-18.987
-23.437
-27.715
-31.816
-35.708
-39.364
-42.76
-45.894
-48.8
-51.477
-53.899
-55.994
-57.642
-58.786
-59.44
-59.639
-59.445
-58.874
-57.835
-56.352
-54.615
-52.662
-50.471
-47.748
-43.792
-38.33
-31.619
-23.995
-15.934
-8.105
-0.987
4.363
5.969
2.757
-5.457
-18.27
-34.117
-51.126
-67.873
-82.394
-91.812
-94.266
-88.604
-74.575
-54.149
-29.992
-4.534
19.699
40.017
54.464
61.232
59.117
49.153
33.482
14.591
-5.278
-24.525
-41.978
-56.285
-66.12
-71.352
-72.859
-72.207
-70.747
-69.089
-67.568
-66.595
-66.834
-68.8
-72.531
-77.586
-83.58
-90.466
-98.361
-107.513
-117.971
-129.591
-142.29
-156.022
-170.681
-186.113
-202.05
-218.05
-233.683
-248.511
-262.056
-273.945
-283.803
-291.229
-295.852
-297.301
-295.309
-289.781
-280.721
-268.21
-252.434
-233.627
-212.107
-188.374
-162.941
-136.34
-109.145
-81.867
-55.043
-29.268
-5.145
16.767
36.013
52.279
65.349
75.042
81.268
84.018
83.381
79.603
72.922
63.568
51.807
37.925
22.26
5.215
-12.796
-31.459
-50.516
-69.733
-88.899
-107.775
-126.168
-143.932
-160.97
-177.218
-192.546
-206.826
-219.967
-231.951
-242.802
-252.564
-261.254
-268.779
-275.054
-280.051
-283.774
-286.272
-287.581
-287.744
-286.83
-284.985
-282.444
-279.412
-276.039
-272.406
-268.571
-264.614
-260.663
-256.905
-253.485
-250.5
-248.027
-246.121
-244.851
-244.256
-244.32
-244.942
-245.963
-247.269
-248.801
-250.54
-252.484
-254.61
-256.874
-259.227
-261.664
-264.188
-266.798
-269.489
-272.239
-275.047
-277.943
-281
-284.303
-287.908
-291.843
-296.118
-300.737
-305.71
-311.04
-316.709
-322.675
-328.893
-335.321
-341.918
-348.649
-355.463
-362.295
-369.071
-375.721
-382.191
-388.434
-394.394
-400.013
-405.216
-409.945
-414.167
-417.856
-420.985
-423.538
-425.497
-426.868
-427.699
-428.038
-427.928
-427.399
-426.442
-425.044
-423.202
-420.918
-418.188
-414.972
-411.182
-406.725
-401.539
-395.566
-388.74
-380.954
-372.021
-361.78
-350.11
-336.915
-322.167
-305.845
-287.934
-268.459
-247.529
-225.35
-202.222
-178.491
-154.446
-130.373
-106.595
-83.495
-61.539
-41.124
-22.586
-6.219
7.719
18.956
27.238
32.393
34.404
33.385
29.583
23.342
14.988
4.885
-6.521
-18.702
-31.094
-43.22
-54.67
-65.086
-74.084
-81.23
-86.111
-88.396
-87.888
-84.492
-78.23
-69.239
-57.705
-43.909
-28.249
-11.224
6.687
25.07
43.562
61.849
79.559
96.256
111.545
125.094
136.637
145.957
152.904
157.401
159.468
159.24
156.967
152.991
147.623
141.138
133.807
125.891
117.73
109.717
102.171
95.343
89.467
84.748
81.384
79.54
79.273
80.558
83.313
87.411
92.767
99.326
106.979
115.584
124.917
134.715
144.831
155.19
165.724
176.39
187.122
197.879
208.741
219.814
231.169
242.872
254.913
267.237
279.857
292.801
306.11
319.82
333.83
347.964
362.032
375.822
389.129
401.706
413.182
423.181
431.406
437.571
441.447
442.861
441.591
437.48
430.474
420.573
407.895
392.647
375.061
355.397
333.953
311.068
287.159
262.696
238.115
213.901
190.573
168.608
148.513
130.702
115.428
102.895
93.245
86.533
82.777
81.989
84.102
89.043
96.74
107.004
119.604
134.206
150.341
167.565
185.42
203.489
221.465
239.059
255.966
271.943
286.768
300.196
312.053
322.137
330.181
336.032
339.6
340.893
340.071
337.281
332.649
326.298
318.307
308.776
297.863
285.706
272.429
258.18
243.077
227.291
211.086
194.694
178.326
162.138
146.179
130.542
115.391
100.915
87.336
74.82
63.459
53.373
44.722
37.676
32.409
29
27.425
27.635
29.554
33.142
38.41
45.268
53.524
62.947
73.257
84.26
95.844
107.805
119.843
131.633
142.862
153.322
162.917
171.556
179.149
185.592
190.757
194.63
197.293
198.823
199.31
198.773
197.151
194.516
191.065
186.992
182.468
177.583
172.333
166.755
160.932
154.931
148.816
142.576
136.161
129.583
122.884
116.142
109.471
102.861
96.227
89.553
82.799
75.922
68.954
61.879
54.682
47.471
40.321
33.222
26.349
20.036
14.346
9.204
4.642
0.377
-2.924
-3.431
-1.531
1.179
1.977
-4.202
-16.927
-31.116
-41.702
-41.483
-30.151
-14.536
0.103
8.04
8.351
6.103
4.355
5.222
9.277
14.395
19.606
24.923
30.218
35.752
41.558
47.313
52.891
58.297
63.481
68.394
73.019
77.338
81.342
85.044
88.421
91.42
94.005
96.153
97.838
99.04
99.744
99.94
99.63
98.815
97.491
95.646
93.256
90.312
86.821
82.793
78.247
73.216
67.751
61.934
55.874
49.67
43.386
37.061
30.711
24.366
18.052
11.782
5.569
-0.61
-6.781
-12.947
-19.118
-25.35
-31.747
-38.472
-45.762
-53.793
-62.668
-72.468
-83.229
-95.008
-107.837
-121.621
-136.159
-151.166
-166.396
-181.699
-196.987
-212.018
-226.356
-239.625
-251.579
-262.293
-271.97
-280.453
-287.186
-291.573
-293.437
-292.703
-289.086
-281.8
-269.77
-252.708
-231.581
-208.062
-183.443
-158.773
-135.362
-115.087
-100.276
-92.339
-90.898
-94.386
-101.569
-111.619
-123.717
-136.691
-148.837
-159.047
-167.609
-175.777
-184.51
-194.204
-204.852
-216.371
-229.066
-243.033
-257.778
-272.366
-285.882
-297.8
-307.983
-316.496
-323.253
-328.105
-330.926
-331.652
-330.361
-327.106
-321.893
-314.719
-305.597
-294.682
-282.227
-268.554
-254.01
-238.865
-223.296
-207.435
-191.416
-175.369
-159.478
-143.946
-128.891
-114.412
-100.598
-87.509
-75.219
-63.733
-52.974
-42.79
-32.999
-23.465
-14.115
-4.912
4.176
13.187
22.173
31.185
40.225
49.289
58.381
67.499
76.656
85.835
94.978
103.989
112.766
121.23
129.336
137.054
144.357
151.223
157.631
163.578
169.08
174.147
178.782
182.986
186.752
190.087
193.007
195.536
197.699
199.513
200.989
202.139
202.974
203.5
203.724
203.641
203.245
202.535
201.512
200.18
198.543
196.606
194.369
191.838
189.02
185.918
182.538
178.881
174.951
170.749
166.28
161.546
156.551
151.299
145.79
140.029
134.019
127.763
121.265
114.529
107.56
100.362
92.944
85.313
77.479
69.454
61.25
52.883
44.369
35.727
26.976
18.136
9.229
0.279
-8.691
-17.657
-26.594
-35.477
-44.278
-52.97
-61.526
-69.918
-78.116
-86.092
-93.817
-101.261
-108.395
-115.188
-121.612
-127.637
-133.234
-138.374
-143.031
-147.176
-150.785
-153.836
-156.306
-158.176
-159.431
-160.058
-160.045
-159.387
-158.079
-156.12
-153.514
-150.267
-146.388
-141.888
-136.784
-131.094
-124.838
-118.042
-110.73
-102.933
-94.683
-86.013
-76.962
-67.569
-57.875
-47.925
-37.765
-27.444
-17.011
-6.52
3.976
14.424
24.768
34.953
44.924
54.628
64.012
73.024
81.616
89.741
97.354
104.416
110.889
116.737
121.932
126.445
130.253
133.337
135.681
137.274
138.106
138.174
137.477
136.02
133.809
130.857
127.178
122.791
117.721
111.994
105.642
98.698
91.201
83.191
74.713
65.812
56.537
46.937
37.062
26.964
16.693
6.299
-4.167
-14.658
-25.127
-35.53
-45.823
-55.968
-65.928
-75.667
-85.154
-94.361
-103.263
-111.837
-120.064
-127.928
-135.417
-142.521
-149.233
-155.552
-161.476
-167.011
-172.164
-176.945
-181.367
-185.449
-189.208
-192.667
-195.85
-198.781
-201.489
-204
-206.343
-208.546
-210.636
-212.64
-214.585
-216.493
-218.388
-220.289
-222.215
-224.18
-226.198
-228.279
-230.43
-232.657
-234.962
-237.347
-239.807
-242.34
-244.936
-247.588
-250.283
-253.005
-255.739
-258.466
-261.164
-263.81
-266.379
-268.845
-271.181
-273.357
-275.346
-277.118
-278.645
-279.897
-280.849
-281.474
-281.749
-281.652
-281.165
-280.271
-278.957
-277.214
-275.035
-272.416
-269.358
-265.863
-261.938
-257.592
-252.837
-247.689
-242.166
-236.289
-230.082
-223.572
-216.786
-209.758
-202.52
-195.108
-187.56
-179.916
-172.216
-164.502
-156.816
-149.201
-141.7
-134.356
-127.209
-120.301
-113.669
-107.349
-101.374
-95.776
-90.582
-85.815
-81.496
-77.642
-74.265
-71.377
-68.981
-67.082
-65.676
-64.762
-64.329
-64.366
-64.86
-65.792
-67.142
-68.885
-70.997
-73.447
-76.205
-79.237
-82.509
-85.984
-89.624
-93.391
-97.244
-101.146
-105.058
-108.94
-112.757
-116.474
-120.057
-123.478
-126.709
-129.725
-132.507
-135.038
-137.303
-139.293
-141.002
-142.426
-143.567
-144.427
-145.013
-145.338
-145.413
-145.257
-144.888
-144.33
-143.606
-142.745
-141.773
-140.723
-139.625
-138.513
-137.419
-136.38
-135.427
-134.598
-133.924
-133.438
-133.171
-133.151
-133.405
-133.954
-134.818
-136.012
-137.547
-139.43
-141.666
-144.255
-147.191
-150.469
-154.077
-158.003
-162.227
-166.727
-171.48
-176.456
-181.623
-186.949
-192.397
-197.929
-203.506
-209.088
-214.635
-220.106
-225.46
-230.656
-235.652
-240.409
-244.888
-249.051
-252.865
-256.297
-259.322
-261.916
-264.062
-265.746
-266.961
-267.704
-267.978
-267.788
-267.143
-266.056
-264.541
-262.615
-260.3
-257.622
-254.608
-251.291
-247.712
-243.916
-239.953
-235.88
-231.749
-227.613
-223.524
-219.532
-215.688
-212.042
-208.631
-205.5
-202.697
-200.271
-198.287
-196.799
-195.829
-195.393
-195.486
-196.081
-197.157
-198.686
-200.612
-202.903
-205.54
-208.523
-211.891
-215.686
-219.909
-224.542
-229.527
-234.801
-240.349
-246.161
-252.23
-258.588
-265.254
-272.259
-279.692
-287.586
-295.899
-304.538
-313.311
-321.985
-330.397
-338.415
-345.938
-352.897
-359.169
-364.632
-369.193
-372.714
-375.061
-376.075
-375.516
-373.209
-369.104
-363.218
-355.696
-346.764
-336.571
-325.244
-312.911
-299.658
-285.601
-270.859
-255.504
-239.632
-223.372
-206.885
-190.411
-174.157
-158.23
-142.687
-127.5
-112.574
-97.871
-83.365
-69.018
-54.835
-40.823
-26.991
-13.397
-0.096
12.888
25.545
37.921
50.079
62.027
73.754
85.211
96.292
106.941
117.142
126.819
135.876
144.251
151.885
158.796
165.107
170.861
175.986
180.581
184.969
189.253
193.392
197.457
201.147
205.068
211.125
218.971
226.876
232.059
229.264
218.752
205.88
195.912
196.193
207.42
222.957
237.535
245.303
245.226
242.21
240.048
242.731
250.413
258.963
264.387
261.56
250.869
238.077
227.951
226.351
233.25
242.654
252.943
263.449
275.957
294.806
315.926
331.296
333.386
316.632
286.172
253.719
231.88
229.85
246.727
274.281
300.613
316.262
318.907
311.535
300.785
291.833
286.193
283.331
281.204
278.653
275.828
272.906
270.048
267.134
263.789
259.881
255.525
250.756
245.504
239.914
234.376
229.075
224.051
219.376
214.691
210.532
208.711
208.814
209.002
206.668
197.057
180.414
161.966
145.987
137.594
137.724
141.489
146.604
152.76
158.541
163.718
166.169
160.647
147.483
131.535
117.167
110.196
111.417
115.983
120.848
123.558
123.413
122.54
121.836
121.207
120.71
120.021
119.072
118.173
117.4
116.667
115.954
115.259
114.551
113.801
112.966
111.976
110.799
109.452
107.933
106.236
104.36
102.307
100.083
97.704
95.185
92.539
89.778
86.92
83.979
80.973
77.919
74.837
71.745
68.665
65.621
62.643
59.762
57.016
54.434
52.047
49.884
47.971
46.336
45.005
43.992
43.32
43.015
43.105
43.637
44.645
46.138
48.114
50.554
53.416
56.669
60.274
64.169
68.311
72.68
77.271
82.125
87.288
92.767
98.551
104.59
110.833
117.278
123.935
130.816
137.976
145.458
153.318
161.672
170.585
180.041
189.975
200.217
210.556
220.851
230.991
240.901
250.531
259.778
268.539
276.735
284.243
290.941
296.681
301.23
304.415
306.19
306.576
305.728
303.874
301.169
297.738
293.704
289.149
284.178
278.901
273.372
267.671
261.902
256.204
250.793
245.853
241.466
237.656
234.361
231.45
228.848
226.501
224.331
222.303
220.385
218.547
216.813
215.209
213.726
212.333
210.957
209.521
208.004
206.406
204.755
203.107
201.496
199.944
198.49
197.152
195.932
194.827
193.803
192.819
191.851
190.891
189.933
188.979
188.022
187.045
186.033
184.968
183.827
182.59
181.235
179.748
178.129
176.385
174.533
172.593
170.587
168.539
166.471
164.405
162.351
160.313
158.3
156.33
154.429
152.641
150.995
149.511
148.21
147.116
146.233
145.556
145.049
144.641
144.286
143.969
143.689
143.483
143.382
143.409
143.6
143.995
144.639
145.589
146.871
148.481
150.447
152.83
155.754
159.418
163.959
169.446
175.93
183.401
191.827
201.152
211.232
221.841
232.75
243.732
254.592
265.216
275.458
285.118
293.941
301.581
307.764
312.285
314.941
315.57
314.053
310.34
304.542
296.937
287.823
277.497
266.256
254.284
241.781
228.981
216.126
203.509
191.382
179.961
169.483
160.2
152.344
146.06
141.347
138.023
135.865
134.635
134.061
133.959
134.166
134.519
134.901
135.204
135.336
135.213
134.734
133.751
132.104
129.689
126.475
122.552
118.052
113.136
108.01
102.838
97.76
92.897
88.314
84.045
80.117
76.548
73.354
70.591
68.331
66.632
65.539
65.053
65.142
65.755
66.814
68.242
69.973
71.949
74.137
76.52
79.089
81.84
84.777
87.89
91.154
94.544
98.025
101.568
105.152
108.762
112.388
116.023
119.662
123.299
126.927
130.534
134.108
137.632
141.086
144.452
147.718
150.873
153.91
156.826
159.618
162.286
164.832
167.26
169.574
171.778
173.874
175.867
177.764
179.571
181.298
182.952
184.543
186.08
187.574
189.036
190.477
191.903
193.322
194.743
196.172
197.614
199.074
200.553
202.054
203.577
205.124
206.69
208.269
209.854
211.435
213.006
214.558
216.078
217.554
218.972
220.317
221.58
222.752
223.81
224.736
225.506
226.094
226.499
226.722
226.749
226.572
226.187
225.583
224.77
223.758
222.523
221.045
219.302
217.266
214.953
212.377
209.544
206.475
203.15
199.543
195.668
191.537
187.129
182.447
177.459
172.125
166.514
160.69
154.7
148.617
142.445
136.189
129.884
123.554
117.244
111.01
104.86
98.805
92.913
87.228
81.829
76.804
72.098
67.659
63.465
59.467
55.677
52.109
48.732
45.521
42.467
39.552
36.784
34.179
31.683
29.259
26.853
24.398
21.939
19.519
17.149
14.854
12.633
10.472
8.399
6.437
4.57
2.789
1.078
-0.588
-2.188
-3.706
-5.128
-6.434
-7.648
-8.797
-9.886
-10.929
-11.934
-12.904
-13.856
-14.81
-15.758
-16.691
-17.606
-18.492
-19.357
-20.209
-21.047
-21.873
-22.685
-23.479
-24.253
-25.009
-25.739
-26.442
-27.111
-27.738
-28.324
-28.868
-29.368
-29.822
-30.227
-30.577
-30.871
-31.106
-31.277
-31.38
-31.411
-31.366
-31.241
-31.036
-30.748
-30.374
-29.915
-29.369
-28.736
-28.016
-27.211
-26.32
-25.347
-24.294
-23.164
-21.962
-20.693
-19.363
-17.98
-16.553
-15.092
-13.609
-12.114
-10.623
-9.148
-7.706
-6.312
-4.983
-3.736
-2.59
-1.562
-0.671
0.063
0.624
0.994
1.155
1.091
0.786
0.226
-0.602
-1.71
-3.109
-4.809
-6.817
-9.14
-11.783
-14.747
-18.033
-21.64
-25.565
-29.8
-34.339
-39.171
-44.282
-49.659
-55.283
-61.137
-67.199
-73.446
-79.854
-86.397
-93.049
-99.781
-106.565
-113.371
-120.171
-126.935
-133.635
-140.242
-146.729
-153.069
-159.238
-165.211
-170.966
-176.483
-181.743
-186.729
-191.425
-195.82
-199.901
-203.662
-207.096
-210.2
-212.973
-215.415
-217.53
-219.325
-220.808
-221.988
-222.878
-223.492
-223.846
-223.956
-223.842
-223.524
-223.021
-222.356
-221.549
-220.623
-219.6
-218.501
-217.347
-216.159
-214.956
-213.757
-212.58
-211.441
-210.354
-209.335
-208.395
-207.545
-206.794
-206.151
-205.622
-205.21
-204.919
-204.749
-204.702
-204.776
-204.967
-205.272
-205.685
-206.2
-206.811
-207.508
-208.284
-209.129
-210.034
-210.988
-211.982
-213.004
-214.045
-215.096
-216.145
-217.185
-218.207
-219.201
-220.16
-221.077
-221.945
-222.757
-223.509
-224.196
-224.814
-225.36
-225.831
-226.225
-226.542
-226.782
-226.945
-227.032
-227.044
-226.984
-226.855
-226.658
-226.396
-226.073
-225.692
-225.256
-224.768
-224.231
-223.648
-223.023
-222.356
-221.651
-220.909
-220.132
-219.321
-218.479
-217.605
-216.701
-215.767
-214.804
-213.811
-212.789
-211.738
-210.655
-209.539
-208.39
-207.203
-205.978
-204.709
-203.393
-202.027
-200.605
-199.124
-197.577
-195.962
-194.272
-192.503
-190.65
-188.71
-186.678
-184.551
-182.327
-180.003
-177.577
-175.049
-172.418
-169.685
-166.85
-163.914
-160.881
-157.752
-154.532
-151.223
-147.832
-144.364
-140.826
-137.226
-133.573
-129.877
-126.15
-122.404
-118.653
-114.911
-111.194
-107.52
-103.905
-100.367
-96.926
-93.598
-90.404
-87.362
-84.489
-81.805
-79.325
-77.066
-75.042
-73.269
-71.759
-70.523
-69.573
-68.916
-68.56
-68.512
-68.776
-69.354
-70.248
-71.456
-72.977
-74.804
-76.931
-79.349
-82.046
-85.009
-88.222
-91.667
-95.323
-99.17
-103.183
-107.337
-111.607
-115.964
-120.38
-124.827
-129.276
-133.697
-138.063
-142.346
-146.519
-150.554
-154.429
-158.118
-161.6
-164.853
-167.859
-170.6
-173.06
-175.225
-177.082
-178.62
-179.833
-180.713
-181.256
-181.461
-181.327
-180.858
-180.058
-178.934
-177.496
-175.754
-173.721
-171.413
-168.845
-166.034
-162.999
-159.76
-156.335
-152.745
-149.009
-145.147
-141.178
-137.121
-132.992
-128.809
-124.588
-120.343
-116.089
-111.838
-107.603
-103.394
-99.222
-95.095
-91.021
-87.008
-83.062
-79.187
-75.388
-71.667
-68.028
-64.471
-60.998
-57.606
-54.297
-51.067
-47.915
-44.837
-41.832
-38.897
-36.028
-33.223
-30.481
-27.801
-25.181
-22.622
-20.126
-17.694
-15.33
-13.037
-10.82
-8.683
-6.634
-4.678
-2.823
-1.074
0.561
2.074
3.458
4.706
5.811
6.766
7.564
8.199
8.665
8.956
9.067
8.992
8.727
8.268
7.61
6.751
5.688
4.42
2.946
1.265
-0.62
-2.709
-4.998
-7.484
-10.16
-13.022
-16.063
-19.276
-22.652
-26.183
-29.859
-33.672
-37.612
-41.669
-45.834
-50.096
-54.447
-58.876
-63.376
-67.937
-72.55
-77.207
-81.898
-86.616
-91.352
-96.097
-100.841
-105.577
-110.296
-114.987
-119.641
-124.248
-128.799
-133.283
-137.69
-142.009
-146.23
-150.341
-154.332
-158.192
-161.908
-165.47
-168.867
-172.085
-175.115
-177.943
-180.558
-182.947
-185.1
-187.002
-188.642
-190.009
-191.091
-191.876
-192.355
-192.517
-192.353
-191.857
-191.021
-189.84
-188.312
-186.435
-184.209
-181.636
-178.721
-175.471
-171.895
-168.003
-163.809
-159.327
-154.577
-149.576
-144.346
-138.91
-133.292
-127.519
-121.619
-115.62
-109.552
-103.445
-97.333
-91.246
-85.219
-79.283
-73.472
-67.819
-62.357
-57.117
-52.13
-47.427
-43.035
-38.98
-35.287
-31.979
-29.074
-26.59
-24.539
-22.933
-21.778
-21.079
-20.835
-21.045
-21.702
-22.796
-24.314
-26.24
-28.556
-31.24
-34.267
-37.611
-41.243
-45.131
-49.243
-53.545
-57.999
-62.571
-67.22
-71.91
-76.601
-81.255
-85.831
-90.293
-94.603
-98.724
-102.622
-106.265
-109.62
-112.662
-115.362
-117.7
-119.655
-121.21
-122.353
-123.075
-123.369
-123.232
-122.667
-121.677
-120.271
-118.46
-116.258
-113.685
-110.759
-107.506
-103.949
-100.119
-96.045
-91.76
-87.298
-82.695
-77.987
-73.212
-68.408
-63.614
-58.869
-54.21
-49.676
-45.302
-41.125
-37.178
-33.493
-30.101
-27.028
-24.301
-21.942
-19.971
-18.404
-17.257
-16.538
-16.257
-16.417
-17.019
-18.061
-19.538
-21.442
-23.761
-26.48
-29.583
-33.049
-36.855
-40.978
-45.388
-50.059
-54.958
-60.053
-65.312
-70.7
-76.181
-81.722
-87.287
-92.84
-98.349
-103.778
-109.096
-114.271
-119.272
-124.072
-128.642
-132.959
-137
-140.742
-144.169
-147.262
-150.009
-152.397
-154.419
-156.067
-157.337
-158.229
-158.743
-158.885
-158.66
-158.077
-157.147
-155.884
-154.303
-152.422
-150.257
-147.831
-145.163
-142.275
-139.189
-135.928
-132.514
-128.971
-125.32
-121.582
-117.78
-113.932
-110.059
-106.178
-102.308
-98.463
-94.66
-90.91
-87.226
-83.619
-80.097
-76.669
-73.339
-70.112
-66.99
-63.974
-61.063
-58.255
-55.545
-52.927
-50.395
-47.939
-45.549
-43.216
-40.927
-38.671
-36.435
-34.207
-31.975
-29.726
-27.449
-25.134
-22.77
-20.348
-17.86
-15.299
-12.659
-9.935
-7.124
-4.223
-1.231
1.852
5.025
8.286
11.631
15.055
18.555
22.122
25.749
29.428
33.149
36.901
40.673
44.451
48.223
51.975
55.691
59.358
62.959
66.481
69.908
73.226
76.421
79.481
82.393
85.145
87.727
90.132
92.35
94.376
96.204
97.832
99.256
100.475
101.491
102.302
102.913
103.325
103.542
103.568
103.409
103.071
102.56
101.884
101.051
100.069
98.948
97.698
96.33
94.853
93.281
91.623
89.892
88.099
86.256
84.374
82.466
80.541
78.611
76.686
74.773
72.883
71.021
69.196
67.411
65.673
63.986
62.353
60.777
59.261
57.808
56.419
55.097
53.843
52.659
51.546
50.506
49.54
48.649
47.835
47.099
46.441
45.862
45.364
44.946
44.61
44.354
44.178
44.083
44.067
44.13
44.271
44.489
44.784
45.155
45.603
46.128
46.73
47.41
48.169
49.006
49.925
50.923
52.004
53.165
54.407
55.729
57.13
58.607
60.158
61.78
63.468
65.22
67.029
68.891
70.799
72.749
74.733
76.745
78.778
80.825
82.881
84.937
86.989
89.029
91.051
93.049
95.017
96.948
98.835
100.672
102.452
104.168
105.813
107.38
108.864
110.257
111.556
112.756
113.853
114.842
115.72
116.486
117.135
117.667
118.079
118.371
118.541
118.591
118.521
118.335
118.034
117.621
117.099
116.473
115.744
114.916
113.991
112.971
111.858
110.656
109.367
107.996
106.547
105.023
103.429
101.77
100.049
98.272
96.441
94.558
92.629
90.659
88.653
86.618
84.56
82.489
80.416
78.354
76.315
74.308
72.343
70.429
68.575
66.788
65.074
63.434
61.873
60.404
59.039
57.796
56.692
55.744
54.973
54.402
54.051
53.939
54.078
54.471
55.129
56.066
57.305
58.879
60.807
63.087
65.721
68.708
72.026
75.645
79.506
83.517
87.614
91.766
95.957
100.208
104.532
108.932
113.424
118.022
122.746
127.63
132.686
137.905
143.322
148.999
155.051
161.659
168.931
176.89
185.527
194.768
204.515
214.661
225.04
235.431
245.645
255.503
264.867
273.658
281.732
288.901
294.932
299.517
302.438
303.583
302.875
300.298
295.904
289.773
282.089
273.14
263.153
252.314
240.772
228.603
215.941
202.967
189.879
176.92
164.281
152.082
140.438
129.437
119.102
109.422
100.301
91.555
83.058
74.737
66.546
58.492
50.56
42.708
34.908
27.132
19.357
11.579
3.788
-4.035
-11.868
-19.671
-27.368
-34.841
-42.005
-48.81
-55.214
-61.2
-66.755
-71.86
-76.514
-80.735
-84.531
-87.905
-90.859
-93.384
-95.482
-97.167
-98.455
-99.373
-99.94
-100.17
-100.077
-99.672
-98.965
-97.964
-96.67
-95.08
-93.197
-91.026
-88.576
-85.859
-82.886
-79.668
-76.219
-72.553
-68.685
-64.626
-60.389
-55.985
-51.424
-46.718
-41.879
-36.917
-31.843
-26.668
-21.404
-16.062
-10.654
-5.19
0.316
5.854
11.41
16.972
22.527
28.062
33.564
39.018
44.413
49.733
54.968
60.105
65.133
70.043
74.825
79.471
83.974
88.328
92.529
96.571
100.449
104.162
107.704
111.073
114.268
117.287
120.127
122.787
125.267
127.566
129.685
131.625
133.386
134.971
136.382
137.623
138.699
139.613
140.372
140.982
141.449
141.78
141.983
142.066
142.036
141.902
141.671
141.353
140.955
140.484
139.948
139.354
138.71
138.022
137.298
136.545
135.769
134.979
134.181
133.382
132.589
131.811
131.053
130.322
129.626
128.971
128.362
127.804
127.303
126.861
126.481
126.166
125.915
125.728
125.605
125.543
125.541
125.597
125.707
125.868
126.079
126.336
126.637
126.978
127.356
127.767
128.206
128.671
129.157
129.659
130.174
130.697
131.226
131.757
132.287
132.812
133.328
133.832
134.32
134.791
135.242
135.672
136.083
136.475
136.852
137.22
137.583
137.946
138.312
138.688
139.077
139.483
139.904
140.341
140.794
141.265
141.755
142.265
142.797
143.356
143.947
144.578
145.248
145.957
146.7
147.467
148.25
149.038
149.818
150.575
151.302
151.986
152.626
153.222
153.768
154.251
154.651
154.932
155.076
155.076
154.921
154.618
154.186
153.658
153.098
152.577
152.134
151.793
151.549
151.361
151.199
151.028
150.805
150.523
150.165
149.696
149.107
148.373
147.423
146.168
144.453
142.091
138.982
135.074
130.369
124.96
118.953
112.481
105.738
98.872
92.014
85.307
78.842
72.708
67.051
62.035
57.887
54.887
53.226
53.017
54.303
57.005
60.983
66.049
71.966
78.509
85.437
92.482
99.401
106.016
112.212
117.923
123.004
127.176
130.305
132.429
133.504
133.552
132.612
130.131
126.513
122.51
117.161
110.481
100.64
85.489
68.622
53.141
44.069
46.808
57.921
73.914
91.098
104.005
113.739
120.943
123.278
120.328
109.833
90.195
63.542
32.422
-0.591
-32.701
-61.35
-84.603
-100.435
-107.427
-106.509
-99.798
-89.803
-78.737
-68.13
-59.115
-53.071
-51.406
-54.256
-60.651
-68.934
-77.724
-86.428
-94.763
-102.385
-108.675
-113.251
-116.296
-118.449
-120.275
-121.963
-123.478
-124.69
-125.632
-126.452
-127.188
-127.768
-128.1
-128.139
-127.928
-127.582
-127.194
-126.803
-126.427
-126.062
-125.718
-125.427
-125.213
-125.09
-125.061
-125.115
-125.244
-125.442
-125.705
-126.025
-126.39
-126.78
-127.172
-127.552
-127.911
-128.245
-128.549
-128.813
-129.022
-129.165
-129.228
-129.204
-129.082
-128.85
-128.499
-128.017
-127.398
-126.635
-125.724
-124.659
-123.436
-122.051
-120.501
-118.785
-116.905
-114.861
-112.659
-110.303
-107.798
-105.154
-102.38
-99.486
-96.485
-93.388
-90.21
-86.965
-83.668
-80.334
-76.978
-73.614
-70.257
-66.921
-63.619
-60.363
-57.166
-54.037
-50.986
-48.022
-45.154
-42.389
-39.733
-37.192
-34.769
-32.469
-30.294
-28.246
-26.324
-24.528
-22.856
-21.307
-19.876
-18.559
-17.351
-16.242
-15.225
-14.29
-13.425
-12.617
-11.853
-11.12
-10.404
-9.694
-8.977
-8.243
-7.481
-6.683
-5.841
-4.947
-3.997
-2.984
-1.903
-0.751
0.474
1.775
3.15
4.598
6.117
7.706
9.359
11.072
12.841
14.662
16.528
18.436
20.377
22.339
24.31
26.277
28.226
30.142
32.009
33.811
35.532
37.16
38.681
40.087
41.364
42.502
43.492
44.325
44.999
45.51
45.856
46.037
46.043
45.866
45.501
44.944
44.192
43.249
42.117
40.802
39.321
37.689
35.929
34.061
32.089
30.026
27.871
25.616
23.304
20.979
18.701
16.55
14.541
12.664
10.943
9.368
7.915
6.598
5.269
3.755
2.216
0.762
-0.433
-1.077
-1.371
-1.615
-1.669
-1.487
-1.494
-1.888
-3.145
-5.86
-9.266
-12.459
-15.246
-17.216
-17.763
-16.655
-13.131
-6.414
2.503
12.539
23.383
34.529
45.62
56.569
66.536
74.583
81.075
86.312
90.028
92.116
92.406
90.64
87.308
83.148
77.984
71.747
64.79
57.194
48.822
39.682
29.325
17.24
4.343
-8.329
-20.355
-31.029
-39.492
-45.232
-47.322
-44.967
-39.324
-31.803
-23.017
-13.731
-4.457
4.668
12.744
18.803
23.288
26.613
28.726
29.735
29.269
26.784
22.502
16.833
9.778
1.616
-7.412
-17.272
-27.636
-38.227
-48.991
-59.833
-70.657
-81.461
-92.114
-102.409
-112.172
-121.149
-129.2
-136.334
-142.621
-148.252
-153.388
-158.127
-162.577
-166.827
-170.929
-174.917
-178.77
-182.405
-185.789
-188.927
-191.841
-194.594
-197.212
-199.69
-202.016
-204.159
-206.092
-207.798
-209.262
-210.478
-211.44
-212.138
-212.553
-212.655
-212.424
-211.854
-210.957
-209.772
-208.308
-206.537
-204.428
-201.939
-199.024
-195.662
-191.785
-187.278
-182.101
-176.271
-169.886
-163.147
-156.194
-149.111
-141.962
-134.763
-127.574
-120.507
-113.653
-107.091
-100.924
-95.245
-90.221
-86.103
-83.025
-81.021
-80.025
-79.835
-80.316
-81.414
-83.065
-85.232
-87.867
-90.881
-94.237
-97.935
-101.933
-106.167
-110.512
-114.76
-118.8
-122.608
-126.229
-129.804
-133.434
-137.155
-141.02
-145.074
-149.346
-153.862
-158.601
-163.489
-168.482
-173.563
-178.748
-184.096
-189.625
-195.312
-201.104
-206.904
-212.627
-218.195
-223.531
-228.562
-233.227
-237.488
-241.352
-244.861
-248.076
-251.048
-253.794
-256.304
-258.553
-260.495
-262.093
-263.307
-264.087
-264.417
-264.285
-263.667
-262.567
-260.964
-258.791
-255.959
-252.322
-247.713
-242.045
-235.278
-227.416
-218.557
-208.815
-198.343
-187.366
-176.052
-164.548
-153.006
-141.519
-130.19
-119.184
-108.682
-98.922
-90.197
-82.696
-76.554
-71.868
-68.609
-66.709
-66.038
-66.351
-67.444
-69.173
-71.396
-74.037
-77.032
-80.255
-83.577
-86.845
-89.843
-92.415
-94.446
-95.821
-96.52
-96.568
-96.038
-95.095
-93.884
-92.486
-90.967
-89.347
-87.62
-85.814
-83.942
-82.008
-80.059
-78.125
-76.231
-74.414
-72.671
-70.971
-69.265
-67.462
-65.478
-63.264
-60.783
-58.017
-54.967
-51.633
-48.027
-44.179
-40.107
-35.824
-31.341
-26.662
-21.795
-16.765
-11.597
-6.323
-0.979
4.406
9.804
15.19
20.542
25.843
31.078
36.243
41.331
46.331
51.234
56.029
60.704
65.252
69.666
73.938
78.064
82.042
85.872
89.558
93.106
96.521
99.809
102.98
106.042
109.003
111.874
114.664
117.384
120.043
122.652
125.221
127.762
130.285
132.8
135.315
137.841
140.385
142.953
145.552
148.186
150.858
153.572
156.328
159.128
161.971
164.856
167.781
170.742
173.734
176.75
179.782
182.821
185.857
188.879
191.876
194.836
197.748
200.599
203.378
206.074
208.675
211.169
213.547
215.796
217.909
219.874
221.684
223.332
224.809
226.11
227.231
228.166
228.914
229.471
229.837
230.013
229.999
229.798
229.414
228.85
228.114
227.212
226.153
224.945
223.599
222.124
220.533
218.836
217.047
215.176
213.236
211.241
209.202
207.131
205.041
202.945
200.853
198.777
196.728
194.718
192.756
190.853
189.017
187.258
185.585
184.005
182.526
181.154
179.897
178.758
177.744
176.858
176.103
175.482
174.997
174.649
174.439
174.365
174.428
174.625
174.956
175.418
176.008
176.724
177.561
178.515
179.584
180.762
182.046
183.428
184.906
186.473
188.122
189.848
191.645
193.504
195.419
197.381
199.384
201.417
203.473
205.542
207.616
209.684
211.738
213.769
215.765
217.719
219.622
221.462
223.233
224.924
226.528
228.035
229.438
230.729
231.899
232.942
233.851
234.619
235.24
235.709
236.021
236.17
236.154
235.968
235.612
235.083
234.381
233.507
232.46
231.245
229.863
228.319
226.617
224.763
222.763
220.625
218.355
215.962
213.455
210.842
208.132
205.335
202.462
199.521
196.523
193.479
190.398
187.291
184.168
181.041
177.918
174.81
171.727
168.68
165.677
162.728
159.842
157.028
154.292
151.643
149.086
146.629
144.277
142.034
139.905
137.893
136.002
134.235
132.593
131.078
129.693
128.437
127.313
126.321
125.461
124.734
124.14
123.678
123.349
123.151
123.084
123.145
123.334
123.648
124.083
124.636
125.303
126.079
126.959
127.937
129.007
130.161
131.392
132.692
134.051
135.462
136.913
138.394
139.894
141.402
142.904
144.387
145.838
147.241
148.581
149.842
151.008
152.06
152.981
153.753
154.357
154.775
154.988
154.978
154.727
154.217
153.431
152.355
150.972
149.27
147.235
144.857
142.126
139.034
135.574
131.743
127.536
122.952
117.994
112.663
106.964
100.904
94.491
87.737
80.655
73.26
65.568
57.598
49.372
40.912
32.243
23.39
14.381
5.243
-3.993
-13.297
-22.638
-31.986
-41.309
-50.575
-59.755
-68.816
-77.731
-86.47
-95.005
-103.311
-111.362
-119.137
-126.612
-133.77
-140.592
-147.063
-153.171
-158.904
-164.255
-169.217
-173.787
-177.964
-181.749
-185.146
-188.161
-190.802
-193.08
-195.008
-196.6
-197.874
-198.847
-199.54
-199.976
-200.175
-200.164
-199.967
-199.61
-199.119
-198.522
-197.845
-197.116
-196.361
-195.607
-194.88
-194.204
-193.603
-193.101
-192.719
-192.476
-192.39
-192.479
-192.757
-193.236
-193.928
-194.841
-195.982
-197.356
-198.965
-200.811
-202.891
-205.202
-207.739
-210.494
-213.457
-216.618
-219.963
-223.477
-227.143
-230.944
-234.859
-238.866
-242.945
-247.072
-251.221
-255.37
-259.492
-263.562
-267.554
-271.445
-275.208
-278.821
-282.26
-285.503
-288.53
-291.322
-293.86
-296.129
-298.115
-299.804
-301.186
-302.253
-302.997
-303.414
-303.501
-303.258
-302.687
-301.791
-300.578
-299.055
-297.234
-295.128
-292.753
-290.127
-287.269
-284.202
-280.95
-277.538
-273.993
-270.344
-266.62
-262.851
-259.069
-255.303
-251.586
-247.947
-244.417
-241.025
-237.8
-234.77
-231.959
-229.393
-227.096
-225.088
-223.39
-222.019
-220.991
-220.319
-220.015
-220.088
-220.543
-221.385
-222.614
-224.229
-226.225
-228.595
-231.328
-234.411
-237.828
-241.561
-245.588
-249.886
-254.429
-259.19
-264.139
-269.245
-274.477
-279.802
-285.185
-290.595
-295.995
-301.353
-306.636
-311.809
-316.841
-321.699
-326.355
-330.778
-334.941
-338.817
-342.382
-345.614
-348.493
-351
-353.119
-354.839
-356.148
-357.04
-357.51
-357.556
-357.18
-356.388
-355.188
-353.589
-351.607
-349.258
-346.562
-343.541
-340.218
-336.622
-332.779
-328.721
-324.477
-320.082
-315.568
-310.969
-306.321
-301.659
-297.018
-292.435
-287.943
-283.577
-279.372
-275.361
-271.575
-268.046
-264.801
-261.868
-259.273
-257.038
-255.185
-253.73
-252.69
-252.077
-251.9
-252.167
-252.878
-254.036
-255.636
-257.673
-260.137
-263.014
-266.292
-269.951
-273.97
-278.328
-282.998
-287.954
-293.165
-298.6
-304.226
-310.009
-315.912
-321.9
-327.933
-333.974
-339.984
-345.923
-351.754
-357.436
-362.932
-368.205
-373.219
-377.938
-382.329
-386.36
-390.003
-393.23
-396.016
-398.339
-400.181
-401.525
-402.356
-402.666
-402.445
-401.691
-400.401
-398.577
-396.224
-393.351
-389.966
-386.085
-381.724
-376.901
-371.64
-365.964
-359.899
-353.476
-346.724
-339.677
-332.369
-324.835
-317.112
-309.237
-301.25
-293.187
-285.087
-276.989
-268.929
-260.944
-253.069
-245.339
-237.785
-230.439
-223.328
-216.481
-209.92
-203.669
-197.746
-192.169
-186.952
-182.107
-177.641
-173.56
-169.868
-166.562
-163.64
-161.094
-158.915
-157.089
-155.6
-154.43
-153.556
-152.955
-152.6
-152.462
-152.511
-152.715
-153.041
-153.455
-153.921
-154.404
-154.868
-155.278
-155.598
-155.791
-155.824
-155.662
-155.274
-154.631
-153.7
-152.456
-150.87
-148.918
-146.579
-143.831
-140.657
-137.04
-132.968
-128.433
-123.432
-117.969
-112.044
-105.661
-98.824
-91.543
-83.831
-75.706
-67.187
-58.294
-49.052
-39.492
-29.652
-19.575
-9.3
1.138
11.709
22.382
33.119
43.868
54.572
65.177
75.634
85.893
95.903
105.608
114.961
123.925
132.479
140.614
148.308
155.535
162.244
168.38
173.922
178.882
183.319
187.308
190.882
194.015
196.667
198.825
200.516
201.816
202.699
202.997
202.693
202.022
201.497
201.689
202.76
204.312
205.841
207.223
208.26
208.379
206.386
200.802
191.085
178.112
163.444
148.117
132.891
118.715
107.207
100.54
99.79
104.146
111.629
120.691
130.402
140.024
148.484
154.098
155.85
154.199
150.647
146.498
142.45
138.805
135.809
134.121
134.267
136.125
139.071
142.489
146.063
149.759
153.693
157.826
162.03
166.27
170.603
175.115
179.842
184.736
189.682
194.584
199.395
204.094
208.685
213.163
217.515
221.724
225.778
229.668
233.392
236.953
240.352
243.588
246.657
249.557
252.298
254.897
257.373
259.739
261.993
264.126
266.128
267.996
269.731
271.337
272.811
274.15
275.358
276.448
277.443
278.374
279.26
280.11
280.915
281.651
282.311
282.94
283.631
284.483
285.552
286.82
288.216
289.722
291.388
293.247
295.187
296.976
298.509
299.99
301.982
305.018
309.128
314.01
319.474
325.448
331.643
337.481
341.402
342.555
342.332
341.031
338.206
332.039
317.77
296.49
275.527
261.521
262.382
279.113
302.804
328.448
351.655
367.633
378.88
384.281
381.17
374.212
365.592
357.565
354.245
353.455
353.344
354.108
354.487
355.145
356.647
358.198
359.634
360.875
361.843
362.691
363.483
364.183
364.833
365.541
366.361
367.257
368.132
368.89
369.472
369.885
370.159
370.299
370.296
370.14
369.818
369.328
368.67
367.841
366.837
365.652
364.286
362.739
361.018
359.134
357.091
354.888
352.52
349.982
347.278
344.413
341.397
338.237
334.943
331.523
327.99
324.356
320.632
316.83
312.96
309.033
305.059
301.052
297.023
292.986
288.954
284.941
280.96
277.025
273.152
269.356
265.651
262.054
258.58
255.243
252.057
249.036
246.191
243.533
241.069
238.807
236.75
234.901
233.26
231.826
230.596
229.564
228.725
228.071
227.596
227.291
227.15
227.164
227.324
227.619
228.036
228.567
229.199
229.921
230.718
231.576
232.482
233.423
234.387
235.361
236.327
237.267
238.167
239.007
239.776
240.467
241.069
241.577
241.99
242.303
242.508
242.613
242.631
242.573
242.448
242.249
241.959
241.577
241.15
240.674
240.072
239.281
238.225
236.865
235.309
233.613
231.688
229.63
227.732
226.013
224.511
223.405
222.206
221.41
222.731
225.532
228.384
228.789
221.218
205.896
188.559
174.761
172.693
183.518
199.322
213.872
221.453
220.901
217.023
212.977
209.893
208.008
207.715
208.569
209.162
207.271
198.497
183.033
166.385
154.226
153.054
162.991
177.084
189.673
195.214
192.695
186.791
180.305
175.527
173.351
171.862
170.315
168.697
166.804
165.016
163.46
161.83
160.033
158.077
155.901
153.536
151.022
148.376
145.642
142.85
140.005
137.094
134.108
131.052
127.93
124.741
121.489
118.173
114.784
111.323
107.787
104.164
100.461
96.678
92.825
88.924
84.962
80.923
76.787
72.522
68.151
63.708
59.187
54.594
49.916
45.106
40.286
35.59
30.855
25.969
20.768
15.023
9.023
3.106
-2.907
-9.126
-15.19
-20.899
-25.663
-28.801
-31.036
-33.018
-34.453
-35.473
-36.623
-38.025
-40.809
-45.319
-48.918
-51.189
-53.639
-58.597
-71.059
-90.709
-111.595
-127.746
-132.327
-125.418
-114.25
-104.716
-102.528
-108.381
-117.513
-127.059
-134.546
-139.47
-142.934
-144.784
-146.298
-148.043
-151.924
-160.581
-171.262
-182.004
-189.749
-190.371
-187.531
-184.305
-182.809
-186.532
-192.888
-199.292
-205.182
-208.99
-211.611
-214.207
-216.547
-218.776
-220.821
-222.446
-223.799
-225.005
-226.023
-226.848
-227.503
-227.995
-228.315
-228.462
-228.418
-228.155
-227.698
-227.071
-226.269
-225.296
-224.157
-222.852
-221.405
-219.849
-218.183
-216.407
-214.565
-212.697
-210.837
-209.029
-207.265
-205.513
-203.813
-202.227
-200.642
-198.922
-197.163
-195.365
-193.511
-191.923
-189.755
-186.181
-182.386
-178.735
-177.407
-181.009
-186.661
-192.439
-195.475
-191.835
-184.994
-177.9
-172.573
-172.338
-174.797
-177.523
-179.972
-180.667
-180.467
-180.464
-180.432
-180.503
-180.591
-180.474
-180.311
-180.221
-180.171
-180.145
-180.143
-180.194
-180.317
-180.535
-180.859
-181.224
-181.591
-181.972
-182.355
-182.764
-183.282
-183.816
-184.213
-184.571
-184.907
-185.31
-186.024
-186.857
-187.475
-187.952
-188.311
-188.248
-187.78
-186.483
-183.499
-178.924
-172.955
-165.552
-157.238
-148.669
-140.081
-132.615
-127.759
-126.197
-127.935
-131.407
-135.73
-141.01
-149.225
-164.459
-184.819
-203.835
-214.508
-208.247
-185.703
-156.2
-126.849
-105.118
-93.255
-86.518
-82.921
-80.99
-79.302
-78.805
-79.438
-80.388
-81.423
-82.001
-81.4
-79.48
-76.514
-72.998
-69.483
-66.269
-63.341
-60.58
-58.002
-55.653
-53.536
-51.616
-49.794
-48
-46.257
-44.638
-43.217
-42.05
-41.137
-40.428
-39.929
-39.702
-39.794
-40.251
-41.066
-42.147
-43.455
-45.055
-46.851
-48.531
-50.012
-51.358
-52.501
-53.738
-54.463
-52.839
-49.261
-45.388
-43.979
-50.223
-63.756
-79.346
-91.768
-93.612
-84.435
-71.211
-59.326
-54.613
-58.052
-64.412
-70.489
-74.085
-74.548
-74.01
-73.432
-72.747
-72.032
-70.971
-69.491
-67.889
-66.257
-64.556
-62.803
-61.02
-59.207
-57.362
-55.471
-53.494
-51.429
-49.31
-47.158
-44.982
-42.795
-40.608
-38.433
-36.29
-34.191
-32.143
-30.155
-28.235
-26.39
-24.626
-22.948
-21.359
-19.862
-18.456
-17.141
-15.914
-14.774
-13.715
-12.733
-11.821
-10.974
-10.184
-9.443
-8.742
-8.074
-7.427
-6.791
-6.156
-5.51
-4.84
-4.134
-3.38
-2.564
-1.673
-0.694
0.383
1.572
2.883
4.329
5.918
7.66
9.562
11.629
13.865
16.273
18.855
21.609
24.532
27.618
30.864
34.264
37.814
41.505
45.326
49.261
53.295
57.413
61.6
65.842
70.117
74.405
78.687
82.946
87.169
91.341
95.445
99.453
103.337
107.075
110.658
114.084
117.345
120.43
123.319
125.998
128.461
130.702
132.716
134.486
135.98
137.17
138.033
138.574
138.811
138.741
138.326
137.488
136.142
134.258
131.878
129.074
125.888
122.316
118.293
113.84
109.137
104.279
99.164
93.431
86.632
78.628
69.783
60.621
51.352
42.264
33.906
27.281
23.779
24.208
28.323
35.2
44.021
53.732
62.974
70.128
73.014
70.016
60.664
45.416
25.214
1.712
-22.941
-46.815
-67.691
-83.674
-93.541
-96.643
-93.252
-84.737
-73.075
-59.958
-47.004
-35.45
-26.555
-20.858
-17.081
-14.835
-14.258
-16.777
-26.728
-43.783
-62.845
-78.539
-83.401
-76.73
-65.762
-56.272
-53.927
-59.471
-67.395
-74.574
-79.265
-81.587
-83.365
-83.756
-82.916
-82.526
-85.443
-97.13
-116.594
-137.75
-155.366
-161.399
-155.748
-143.362
-122.95
-97.965
-70.981
-44.309
-29.475
-31.803
-50.853
-84.232
-122.429
-159.007
-190.197
-209.704
-214.803
-205.261
-184.481
-162.387
-146.929
-141.24
-144.359
-150.615
-155.822
-159.021
-160.4
-161.297
-162.312
-163.021
-163.242
-162.983
-162.369
-161.62
-160.848
-160.107
-159.496
-159.089
-158.872
-158.738
-158.579
-158.349
-158.059
-157.771
-157.526
-157.337
-157.217
-157.179
-157.242
-157.429
-157.758
-158.241
-158.887
-159.708
-160.716
-161.928
-163.359
-165.019
-166.907
-169.013
-171.33
-173.849
-176.566
-179.472
-182.558
-185.812
-189.218
-192.764
-196.431
-200.203
-204.058
-207.972
-211.921
-215.88
-219.822
-223.723
-227.556
-231.295
-234.914
-238.386
-241.687
-244.792
-247.681
-250.331
-252.723
-254.839
-256.664
-258.184
-259.386
-260.26
-260.799
-260.995
-260.846
-260.348
-259.502
-258.31
-256.776
-254.907
-252.71
-250.195
-247.376
-244.265
-240.879
-237.237
-233.358
-229.263
-224.975
-220.519
-215.918
-211.2
-206.388
-201.51
-196.59
-191.653
-186.726
-181.83
-176.99
-172.229
-167.566
-163.025
-158.622
-154.378
-150.308
-146.428
-142.753
-139.296
-136.068
-133.078
-130.337
-127.85
-125.623
-123.66
-121.964
-120.535
-119.373
-118.475
-117.837
-117.453
-117.318
-117.422
-117.758
-118.315
-119.083
-120.05
-121.206
-122.537
-124.032
-125.676
-127.457
-129.36
-131.371
-133.475
-135.657
-137.901
-140.192
-142.513
-144.849
-147.182
-149.497
-151.777
-154.004
-156.163
-158.236
-160.207
-162.06
-163.779
-165.348
-166.752
-167.976
-169.007
-169.83
-170.431
-170.797
-170.915
-170.772
-170.355
-169.653
-168.653
-167.345
-165.717
-163.76
-161.466
-158.825
-155.832
-152.48
-148.766
-144.685
-140.236
-135.42
-130.236
-124.69
-118.783
-112.524
-105.919
-98.977
-91.708
-84.125
-76.239
-68.066
-59.619
-50.915
-41.971
-32.807
-23.44
-13.892
-4.185
5.659
15.615
25.66
35.767
45.909
56.06
66.193
76.278
86.29
96.2
105.981
115.607
125.052
134.292
143.303
152.064
160.555
168.757
176.654
184.23
191.474
198.372
204.916
211.099
216.913
222.354
227.42
232.109
236.421
240.36
243.928
247.131
249.978
252.479
254.644
256.488
258.027
259.277
260.259
260.992
261.499
261.802
261.926
261.894
261.731
261.461
261.108
260.696
260.246
259.781
259.32
258.881
258.484
258.143
257.873
257.688
257.6
257.62
257.757
258.02
258.416
258.949
259.626
260.447
261.414
262.525
263.778
265.168
266.687
268.326
270.074
271.919
273.845
275.836
277.875
279.943
282.02
284.087
286.123
288.108
290.022
291.845
293.558
295.145
296.589
297.877
298.995
299.928
300.659
301.182
301.491
301.57
301.401
300.97
300.257
299.265
298.006
296.47
294.639
292.538
290.197
287.656
284.964
282.118
279.08
275.864
272.53
268.991
265.097
260.897
256.354
251.407
246.393
240.532
233.017
225.001
216.948
211.392
211.09
213.039
215.337
214.766
207.883
200.003
193.756
189.607
188.225
182.141
169.286
154.086
140.116
135.424
141.372
151.169
160.131
162.588
157.324
149.565
142.185
137.748
138.494
142.013
145.725
146.823
140.357
126.162
108.575
93.853
89.734
98.894
117.199
136.017
147.298
147.015
136.066
121.497
108.834
100.835
98.996
99.971
101.402
102.594
102.264
101.41
100.561
100.266
101.43
102.361
102.178
98.8
89.782
78.393
66.126
54.707
47.946
43.271
41.769
46.952
58.269
77.422
99.06
112.371
109.69
85.851
46.156
4.025
-26.019
-33.317
-18.183
10.469
38.759
55.332
57.391
48.14
36.099
29.399
29.289
33.218
35.699
29.654
15.71
-0.215
-12.153
-12.098
-0.144
15.901
30.139
36.122
32.891
26.172
19.437
15.149
14.009
13.666
13.071
12.278
11.172
10.074
9.023
7.649
5.87
3.758
1.289
-1.55
-4.755
-8.366
-12.248
-16.223
-20.45
-25.06
-30.191
-36.052
-42.369
-48.763
-55.34
-62.155
-68.776
-74.967
-80.187
-83.744
-86.259
-88.452
-90.281
-91.897
-93.734
-95.919
-99.248
-104.661
-111.295
-118.261
-125.409
-132.294
-138.658
-144.518
-149.087
-151.513
-152.417
-152.401
-151.534
-150.1
-148.182
-145.636
-142.823
-140.429
-137.341
-132.527
-127.101
-121.222
-117.252
-118.024
-120.5
-122.675
-121.652
-113.399
-101.585
-89.345
-78.761
-73.284
-70.475
-67.847
-64.893
-60.14
-54.503
-49.158
-43.92
-38.963
-34.244
-29.563
-25.099
-21
-17.247
-13.852
-10.849
-8.253
-6.07
-4.31
-2.955
-1.98
-1.394
-1.205
-1.404
-1.987
-2.942
-4.253
-5.907
-7.887
-10.172
-12.738
-15.557
-18.602
-21.84
-25.24
-28.769
-32.394
-36.079
-39.79
-43.489
-47.143
-50.719
-54.186
-57.517
-60.683
-63.654
-66.4
-68.894
-71.112
-73.034
-74.64
-75.91
-76.829
-77.385
-77.576
-77.402
-76.862
-75.952
-74.664
-72.993
-70.942
-68.529
-65.778
-62.714
-59.358
-55.734
-51.868
-47.795
-43.543
-39.132
-34.568
-29.852
-24.993
-20.012
-14.949
-9.853
-4.746
0.384
5.586
10.923
16.417
22.037
27.734
33.48
39.286
45.201
51.184
57.061
62.79
68.556
74.807
82.036
90.372
99.427
108.707
118.061
127.284
135.823
142.554
146.095
145.897
142.713
137.953
132.543
127.141
122.586
120.328
122.316
129.531
141.228
155.551
171.046
186.834
202.204
216.158
227.137
234.171
237.641
238.915
239.179
239.064
238.845
238.737
239.329
241.108
243.971
247.34
250.654
253.625
256.222
258.561
260.619
262.287
263.546
264.461
265.124
265.588
265.824
265.742
265.276
264.403
263.126
261.472
259.456
257.083
254.357
251.287
247.885
244.169
240.159
235.873
231.332
226.555
221.567
216.398
211.078
205.634
200.085
194.443
188.721
182.936
177.109
171.259
165.405
159.558
153.733
147.944
142.208
136.542
130.96
125.464
120.067
114.795
109.67
104.715
99.936
95.316
90.852
86.572
82.456
78.447
74.5
70.565
66.634
62.769
58.983
55.203
51.504
48.159
45.234
42.628
40.354
38.128
36.48
37.09
39.607
42.406
42.898
36.217
22.574
6.869
-6.081
-9.233
-1.824
9.465
19.535
22.958
18.312
11.383
6.084
3.233
3.137
1.562
-5.116
-13.851
-22.737
-28.529
-27.092
-22.272
-17.18
-13.841
-15.689
-20.275
-25.094
-29.576
-32.176
-33.726
-35.343
-36.833
-38.349
-39.816
-41.003
-42.059
-43.103
-44.098
-45.034
-45.917
-46.739
-47.489
-48.166
-48.756
-49.243
-49.654
-50.013
-50.327
-50.607
-50.859
-51.094
-51.322
-51.549
-51.775
-52.013
-52.303
-52.706
-53.273
-54.022
-54.94
-56.009
-57.214
-58.5
-59.748
-60.781
-61.466
-61.772
-61.768
-61.551
-61.155
-60.726
-60.636
-61.26
-62.762
-65.067
-67.862
-71.712
-78.072
-87.45
-98.844
-108.091
-109.567
-101.217
-84.777
-66.724
-55.667
-55.865
-69.054
-94.407
-126.895
-162.078
-193.14
-211.337
-214.654
-204.915
-188.223
-173.35
-161.806
-150.988
-137.701
-121.507
-107.857
-104.629
-117.856
-144.493
-176.236
-201.93
-209.006
-195.598
-166.161
-129.547
-100.029
-84.184
-82.2
-90.63
-101.136
-109.069
-113.844
-115.965
-117.622
-119.793
-121.958
-123.86
-125.384
-126.692
-128.166
-129.957
-131.969
-134.007
-136.029
-138.133
-140.316
-142.427
-144.052
-144.727
-144.395
-143.483
-142.519
-141.736
-141.322
-141.694
-144.004
-149.76
-159.835
-174.097
-191.35
-210.399
-230.224
-249.5
-266.137
-277.599
-281.756
-277.549
-266.033
-248.916
-227.95
-205.47
-183.913
-165.786
-153.752
-149.851
-153.921
-164.798
-180.772
-199.208
-218.107
-235.922
-250.699
-260.69
-265.424
-265.103
-260.695
-254.116
-246.511
-238.465
-230.787
-224.092
-218.71
-214.873
-212.289
-210.194
-208.267
-206.337
-204.245
-202.276
-200.552
-199.127
-198.282
-197.916
-197.763
-197.985
-198.625
-199.163
-199.349
-198.693
-196.559
-193.629
-190.649
-187.577
-184.593
-182.193
-180.531
-180.376
-182.632
-186.431
-190.923
-196.023
-201.309
-206.452
-211.538
-216.093
-219.366
-221.854
-224.132
-226.07
-228.686
-233.703
-240.516
-247.902
-253.461
-251.891
-243.44
-232.925
-225.124
-227.271
-239.682
-255.522
-269.56
-276.203
-274.733
-270.294
-265.98
-263.813
-264.239
-265.217
-265.758
-265.603
-264.448
-262.525
-259.946
-256.779
-252.211
-244.348
-232.508
-217.852
-205.314
-202.033
-210.799
-228.308
-244.434
-247.363
-232.381
-203.521
-172.187
-149.404
-139.11
-138.593
-140.591
-139.466
-133.905
-124.133
-111.042
-95.675
-78.962
-64.666
-58.485
-62.341
-74.134
-87.321
-91.873
-82.591
-60.402
-29.588
0.674
22.28
32.616
30.568
20.266
9.626
2.786
2.853
9.69
18.615
26.83
32.858
35.375
34.363
31.336
28.168
27.75
34.951
49.127
66.007
82.215
90.936
90.703
84.264
70.95
54.414
38.646
27.195
26.984
39.701
61.263
84.085
99.605
104.271
100.273
93.451
88.722
87.767
89.955
93.217
96.453
99.783
103.376
107.416
111.772
116.066
120.152
124.015
127.63
131.042
134.275
137.268
140.14
143.2
146.502
149.929
153.518
156.977
160.843
166.892
174.763
182.765
188.202
185.876
175.832
163.176
152.99
152.603
162.767
176.505
188.482
193.239
189.84
183.549
177.568
173.72
173.333
176.011
181.472
188.792
193.45
189.369
173.984
149.975
126.52
114.274
117.639
133.307
151.403
162.326
162.283
153.281
141.557
132.888
130.354
133.777
139.838
143.186
138.188
122.689
98.907
73.879
56.474
51.857
61.569
82.16
106.688
128.608
140.838
139.172
125.337
104.953
85.9
74.86
71.977
72.83
74.336
74.011
72.746
73.256
74.481
76.372
79.372
84.83
94.613
106.758
118.582
125.078
123.756
116.431
103.098
87.168
72.471
62.102
61.898
73.236
92.414
112.615
126.092
129.496
124.76
117.229
111.409
108.914
109.195
110.329
111.307
112.24
113.287
114.63
116.154
117.508
118.566
119.328
119.791
120.02
120.046
119.818
119.47
119.329
119.446
119.713
120.155
120.452
121.201
124.166
128.901
133.794
136.11
130.794
118.299
103.657
91.933
90.315
99.055
111.393
122.118
125.541
120.829
113.048
105.258
99.608
96.684
94.419
91.917
89.245
86.346
83.546
80.922
78.208
75.338
72.373
69.321
66.186
62.99
59.756
56.521
53.346
50.263
47.262
44.341
41.512
38.799
36.24
33.866
31.686
29.685
27.849
26.194
24.716
23.359
22.024
20.614
19.087
17.485
15.861
14.167
12.435
10.936
9.908
9.403
9.334
9.352
10.038
13.143
19.473
27.971
34.041
31.078
16.091
-7.925
-31.276
-42.898
-37.82
-19.442
1.326
13.976
14.106
3.707
-10.188
-22.023
-30.062
-34.947
-39.059
-43.64
-48.51
-53.498
-58.382
-63.227
-68.346
-73.776
-79.403
-85.235
-91.301
-97.424
-103.382
-109.176
-114.721
-119.955
-125.206
-129.563
-132.127
-134.117
-135.889
-139.715
-148.319
-158.659
-168.701
-175.428
-174.707
-170.183
-164.949
-161.126
-162.221
-165.733
-169.132
-171.862
-172.388
-171.623
-170.738
-169.53
-168.167
-166.591
-164.591
-162.343
-159.992
-157.521
-154.949
-152.314
-149.638
-146.931
-144.208
-141.469
-138.706
-135.953
-133.236
-130.555
-127.927
-125.383
-122.946
-120.645
-118.49
-116.451
-114.526
-112.747
-111.091
-109.483
-107.85
-106.11
-104.244
-102.334
-100.405
-98.353
-96.258
-94.444
-93.033
-92.005
-91.412
-90.871
-90.934
-93.425
-97.827
-102.248
-103.666
-96.847
-82.337
-65.547
-51.101
-44.812
-46.243
-49.37
-52.841
-56.493
-61.884
-71.592
-80.41
-81.036
-70.017
-48.192
-23.941
-6.335
1.099
-0.225
-4.442
-6.531
-5.025
-0.553
4.9
10.257
15.634
21.164
26.972
32.95
38.83
44.511
49.997
55.244
60.206
64.906
69.418
73.763
77.921
82.015
86.171
90.279
94.346
98.399
102.098
106.336
111.981
117.781
123.36
126.424
124.226
119.809
115.2
113.419
118.615
127.121
135.831
142.614
143.953
142.367
140.41
138.65
138.647
139.501
140.054
140.532
140.79
140.91
141.131
141.304
141.31
141.193
140.967
140.619
140.157
139.594
138.935
138.208
137.441
136.626
135.756
134.839
133.876
132.872
131.832
130.758
129.653
128.521
127.37
126.204
125.031
123.858
122.69
121.53
120.379
119.237
118.108
116.998
115.911
114.843
113.794
112.779
111.824
110.953
110.174
109.471
108.83
108.263
107.766
107.292
106.758
106.086
105.247
104.289
103.268
102.147
100.973
100.002
99.446
99.366
99.708
100.166
101.302
104.71
111.036
119.355
125.614
123.97
112.024
92.55
74.08
66.364
73.462
92.197
113.045
126.808
129.898
124.197
115.739
109.491
107.036
107.658
109.346
111.049
112.596
115.009
119.293
124.208
129.148
131.825
129.634
125.439
121.127
119.604
124.888
133.516
142.514
149.981
152.693
152.932
153.121
153.816
156.148
160.131
165.509
171.233
176.772
179.901
178.095
174.208
170.118
168.839
174.481
183.365
192.384
199.41
200.93
199.446
197.501
195.63
195.353
195.763
195.693
195.354
194.591
193.473
192.226
190.696
188.761
186.461
183.811
180.799
177.438
173.744
169.733
165.439
160.904
156.132
151.129
145.916
140.506
134.918
129.174
123.295
117.306
111.235
105.106
98.944
92.776
86.626
80.517
74.467
68.488
62.591
56.786
51.091
45.529
40.111
34.839
29.706
24.692
19.784
14.977
10.261
5.623
1.05
-3.474
-7.947
-12.355
-16.686
-20.925
-25.082
-29.2
-33.288
-37.336
-41.29
-45.038
-48.529
-51.776
-54.809
-57.704
-60.485
-63.076
-65.513
-67.942
-70.38
-72.781
-74.818
-75.82
-75.514
-74.089
-71.852
-69.264
-66.898
-65.281
-65.516
-69.308
-77.59
-90.442
-107.235
-126.625
-147.091
-167.078
-184.561
-197.121
-203.065
-201.622
-193.109
-178.791
-160.487
-140.57
-121.323
-104.862
-92.972
-86.72
-86.408
-91.887
-101.977
-114.402
-127.441
-139.86
-150.522
-158.854
-164.365
-166.344
-165.126
-162.104
-158.18
-153.942
-149.833
-145.798
-142.053
-139.223
-137.374
-136.089
-135.083
-134.057
-132.869
-131.677
-130.53
-129.379
-128.259
-127.21
-126.277
-125.538
-125.147
-125.354
-126.148
-127.225
-128.291
-129.015
-129.312
-129.462
-129.503
-129.234
-129.012
-129.641
-131.096
-132.972
-135.223
-137.961
-144.858
-161.544
-188.774
-222.535
-252.928
-267.426
-261.329
-238.861
-209.808
-184.838
-169.258
-161.514
-156.965
-153.243
-150.486
-150.388
-155.838
-166.14
-177.82
-189.263
-199.406
-210.075
-226.051
-248.621
-274.015
-294.506
-301.317
-290.204
-265.499
-237.775
-216.41
-206.223
-206.243
-210.25
-213.643
-215.243
-214.774
-213.745
-213.194
-212.526
-211.482
-209.999
-207.834
-205.016
-201.929
-198.705
-195.393
-192.166
-188.901
-185.456
-181.888
-178.214
-174.4
-170.46
-166.365
-162.076
-157.649
-153.14
-148.579
-144.002
-139.414
-134.816
-130.229
-125.675
-121.172
-116.73
-112.35
-108.037
-103.797
-99.639
-95.578
-91.624
-87.783
-84.065
-80.479
-77.032
-73.74
-70.617
-67.673
-64.917
-62.356
-59.995
-57.842
-55.898
-54.166
-52.644
-51.33
-50.217
-49.303
-48.58
-48.041
-47.679
-47.482
-47.441
-47.547
-47.787
-48.149
-48.622
-49.19
-49.84
-50.554
-51.317
-52.109
-52.911
-53.702
-54.461
-55.165
-55.79
-56.311
-56.704
-56.946
-57.012
-56.884
-56.544
-55.972
-55.167
-54.124
-52.833
-51.296
-49.505
-47.44
-45.094
-42.455
-39.462
-36.087
-32.339
-28.208
-23.709
-18.912
-13.86
-8.611
-3.403
1.564
6.43
11.223
15.843
20.67
25.106
28.48
32.064
36.159
42.65
54.989
72.109
92.501
111.866
121.215
117.104
100.332
76.832
60.025
59.025
75.43
104.081
132.49
150.765
156.217
151.574
143.891
138.602
137.033
138.273
140.178
141.576
142.595
143.506
144.517
145.509
146.205
146.529
146.503
146.144
145.475
144.527
143.36
142.054
140.668
139.217
137.694
136.099
134.444
132.736
130.983
129.186
127.346
125.467
123.556
121.617
119.653
117.668
115.659
113.625
111.565
109.474
107.355
105.21
103.039
100.846
98.622
96.359
94.052
91.697
89.286
86.818
84.284
81.677
79.004
76.264
73.469
70.631
67.747
64.823
61.86
58.848
55.817
52.806
49.859
47.029
44.315
41.695
39.184
36.803
34.589
32.577
30.657
28.705
26.886
25.351
24.301
23.944
23.985
24.204
24.876
25.991
27.154
28.194
28.283
27.634
27.722
28.078
28.332
26.455
20.258
12.814
6.862
6.229
14.075
26.021
38.905
50.213
56.28
59.504
61.573
62.228
63.534
65.146
66.12
67.08
67.85
68.359
69.203
70.554
72.038
73.479
74.724
75.545
76.059
76.411
76.558
76.436
76.042
75.375
74.488
73.431
72.157
70.47
68.193
65.473
62.505
59.47
56.518
53.475
50.282
47.137
44.051
40.69
36.573
31.768
27.375
23.64
19.727
13.079
-0.983
-21.58
-43.525
-61.106
-66.345
-59.554
-48.214
-37.611
-33.888
-38.588
-46.674
-55.425
-63.151
-68.25
-72.172
-75.936
-78.983
-81.071
-82.364
-83.403
-84.224
-84.496
-83.77
-81.972
-83.519
-94.953
-117.529
-147.115
-172.805
-182.169
-173.088
-151.136
-126.037
-105.917
-89.682
-75.219
-62.269
-52.643
-52.906
-63.341
-77.919
-91.373
-96.954
-93.514
-86.168
-77.68
-70.548
-66.023
-62.165
-58.351
-54.826
-51.291
-48.026
-45.21
-42.531
-39.88
-37.305
-34.715
-32.09
-29.531
-27.107
-24.89
-22.953
-21.286
-19.851
-18.636
-17.641
-16.863
-16.301
-15.941
-15.763
-15.751
-15.897
-16.189
-16.614
-17.153
-17.784
-18.483
-19.231
-20.022
-20.845
-21.685
-22.529
-23.352
-24.134
-24.86
-25.516
-26.074
-26.507
-26.792
-26.901
-26.828
-26.575
-26.118
-25.434
-24.545
-23.465
-22.21
-20.803
-19.221
-17.415
-15.412
-13.261
-10.838
-7.998
-4.834
-1.339
2.511
6.394
11.162
17.643
24.642
31.789
36.891
37.322
35.968
34.751
36.533
45.252
57.397
69.992
80.989
87.015
90.452
93.711
97.315
102.727
109.07
115.221
121.373
127.371
133.272
139.286
145.251
151.036
156.665
162.134
167.415
172.497
177.376
182.042
186.503
190.772
194.827
198.645
202.22
205.539
208.595
211.384
213.896
216.121
218.057
219.702
221.055
222.124
222.913
223.429
223.679
223.669
223.411
222.917
222.196
221.256
220.105
218.747
217.195
215.465
213.575
211.547
209.391
207.108
204.704
202.189
199.573
196.867
194.082
191.219
188.295
185.333
182.359
179.408
176.496
173.628
170.802
168.002
165.246
162.584
160.065
157.754
155.663
153.741
151.977
150.378
148.946
147.741
146.71
145.626
144.551
143.783
143.579
144.312
145.94
147.835
149.758
151.894
153.885
155.096
154.784
151.75
145.973
138.845
131.096
122.899
114.91
107.756
102.427
100.699
102.682
106.679
111.668
117.03
122.055
126.486
129.566
129.743
126.842
122.045
116.122
109.726
103.294
96.68
90.147
84.447
79.693
75.46
71.446
67.295
62.882
58.441
54.023
49.517
44.927
40.294
35.666
31.174
26.866
22.646
18.448
14.226
9.947
5.665
1.445
-2.739
-6.939
-11.029
-14.847
-18.463
-21.847
-24.96
-28.128
-30.503
-31.271
-31.615
-31.853
-34.117
-40.963
-49.484
-57.796
-63.051
-61.306
-56.047
-50.173
-45.801
-46.54
-49.955
-53.345
-55.893
-55.703
-53.692
-51.637
-49.447
-46.93
-44.439
-42.368
-41.557
-43.617
-47.695
-51.574
-55.701
-60.254
-66.745
-77.13
-87.535
-94.251
-94.278
-85.374
-72.02
-57.758
-45.303
-38.237
-34.917
-34.471
-36.57
-38.577
-40.58
-43.037
-45.305
-47.669
-49.819
-50.797
-50.638
-49.897
-48.85
-47.848
-47.061
-46.28
-45.477
-44.795
-44.217
-43.681
-43.207
-42.763
-42.375
-42.169
-42.189
-42.434
-42.97
-43.847
-44.934
-46.085
-47.374
-48.778
-50.255
-52.139
-53.577
-53.712
-53.727
-53.887
-56.332
-63.703
-73.058
-82.491
-89.069
-88.73
-85.053
-81.192
-79.493
-83.503
-90.546
-97.632
-103.707
-107.001
-108.479
-109.491
-109.85
-110.024
-110.742
-112.134
-114.135
-116.647
-119.855
-126.972
-143.285
-170.807
-205.958
-238.055
-254.034
-247.055
-220.226
-185.05
-153.172
-131.137
-118.15
-108.212
-98.448
-88.861
-80.726
-77.456
-79.537
-85.358
-95.653
-109.309
-124.187
-140.658
-156.998
-172.934
-190.798
-207.4
-218.504
-219.521
-205.031
-177.485
-141.601
-101.422
-60.811
-18.54
25.325
68.416
108.145
140.231
163.02
176.046
177.629
166.741
143.881
112.057
75.691
38.437
-1.328
-48.704
-104.303
-164.44
-218.527
-251.572
-255.838
-230.327
-180.574
-118.776
-56.913
-4.946
31.064
49.77
54.305
50.839
42.945
33.446
23.45
10.976
-3.398
-19.141
-35.88
-51.114
-63.214
-71.273
-74.981
-75.496
-74.494
-72.848
-70.869
-68.766
-66.709
-65.223
-64.733
-65.125
-65.899
-66.657
-67.284
-67.822
-68.417
-69.052
-69.616
-70.105
-70.616
-71.264
-72.108
-73.123
-74.215
-75.308
-76.364
-77.362
-78.286
-79.108
-79.792
-80.315
-80.663
-80.837
-80.842
-80.684
-80.365
-79.89
-79.261
-78.483
-77.567
-76.521
-75.352
-74.058
-72.636
-71.081
-69.395
-67.582
-65.648
-63.596
-61.43
-59.157
-56.782
-54.316
-51.767
-49.146
-46.463
-43.728
-40.956
-38.161
-35.362
-32.577
-29.823
-27.117
-24.476
-21.915
-19.451
-17.096
-14.864
-12.765
-10.811
-9.013
-7.381
-5.925
-4.654
-3.575
-2.697
-2.025
-1.566
-1.323
-1.301
-1.502
-1.93
-2.587
-3.475
-4.595
-5.947
-7.531
-9.345
-11.387
-13.65
-16.131
-18.82
-21.71
-24.79
-28.049
-31.475
-35.056
-38.78
-42.632
-46.598
-50.666
-54.822
-59.051
-63.34
-67.678
-72.052
-76.45
-80.863
-85.281
-89.695
-94.097
-98.478
-102.832
-107.149
-111.423
-115.645
-119.808
-123.904
-127.924
-131.862
-135.711
-139.465
-143.119
-146.667
-150.108
-153.439
-156.658
-159.766
-162.763
-165.654
-168.44
-171.127
-173.719
-176.223
-178.644
-180.988
-183.259
-185.463
-187.602
-189.68
-191.698
-193.655
-195.55
-197.383
-199.151
-200.85
-202.478
-204.03
-205.504
-206.894
-208.198
-209.41
-210.527
-211.545
-212.459
-213.264
-213.956
-214.528
-214.973
-215.285
-215.456
-215.474
-215.331
-215.015
-214.513
-213.812
-212.9
-211.763
-210.389
-208.767
-206.885
-204.736
-202.312
-199.608
-196.62
-193.347
-189.789
-185.948
-181.828
-177.434
-172.774
-167.855
-162.687
-157.279
-151.643
-145.79
-139.733
-133.483
-127.055
-120.462
-113.719
-106.841
-99.846
-92.75
-85.575
-78.339
-71.064
-63.772
-56.487
-49.233
-42.033
-34.91
-27.887
-20.984
-14.224
-7.629
-1.214
5.001
11.004
16.788
22.336
27.637
32.694
37.511
42.091
46.443
50.558
54.423
58.053
61.466
64.633
67.533
70.154
72.47
74.515
76.347
77.947
79.275
80.474
81.716
82.918
84.104
85.317
86.232
87.779
90.862
94.224
97.492
98.342
93.986
87.532
81.05
77.622
81.473
88.873
96.661
102.67
103.316
101.159
98.792
96.786
96.72
97.665
98.438
99.257
99.967
100.638
101.505
102.401
103.196
103.924
104.584
105.151
105.618
105.981
106.239
106.41
106.515
106.541
106.466
106.284
105.99
105.576
105.039
104.377
103.581
102.651
101.595
100.416
99.125
97.742
96.272
94.73
93.123
91.443
89.725
88.011
86.348
84.795
83.348
81.973
80.674
79.465
78.378
77.46
76.594
75.643
74.75
74.045
73.712
73.956
74.47
75.015
75.852
76.945
77.901
78.574
78.153
76.886
76.278
75.823
75.161
72.263
64.961
56.494
49.7
48.435
55.89
67.549
80.159
91.29
97.233
100.209
101.826
101.755
102.3
103.809
105.653
108.212
110.971
113.53
116.333
119.438
121.271
119.635
112.953
101.274
86.93
71.061
53.321
31.978
4.099
-26.097
-51.003
-64.623
-57.959
-30.984
9.395
60.581
111.56
151.292
176.441
178.648
158.298
125.33
84.985
45.199
11.299
-19.478
-47.655
-72.246
-92.727
-106.997
-114.187
-115.814
-114.016
-110.126
-105.076
-99.757
-94.423
-89.248
-84.42
-79.388
-73.475
-66.662
-59.003
-50.607
-41.781
-32.576
-23.049
-13.51
-4.291
4.316
12.105
19.036
25.128
30.352
34.718
38.264
41.099
43.452
45.495
47.333
49.037
50.611
52.077
53.495
54.906
56.353
57.873
59.477
61.186
63.033
65.018
67.119
69.281
71.401
73.408
75.269
76.962
78.489
79.856
81.062
82.126
83.079
83.944
84.733
85.448
86.083
86.642
87.146
87.625
88.11
88.616
89.143
89.682
90.225
90.767
91.295
91.789
92.23
92.597
92.893
93.137
93.333
93.492
93.601
93.618
93.539
93.373
93.158
93.001
92.975
93.088
93.334
93.649
93.976
94.383
94.852
95.212
95.411
95.453
95.624
96.615
98.756
101.875
105.616
109.574
113.468
116.913
118.653
116.932
110.68
100.433
88.671
76.614
63.914
49.077
29.208
7.05
-11.101
-19.607
-12.15
9.765
38.25
66.536
86.788
96.162
98.388
95.605
90.408
84.582
76.461
66.506
56.329
46.626
38.577
32.874
29.005
26.779
26.511
27.409
28.799
30.586
32.356
34.035
35.83
37.504
38.753
39.827
40.874
41.893
43.043
44.213
45.268
46.305
47.37
48.42
49.44
50.38
51.18
51.88
52.518
53.101
53.656
54.176
54.66
55.127
55.588
56.049
56.513
56.969
57.412
57.841
58.254
58.653
59.04
59.412
59.768
60.107
60.428
60.735
61.036
61.332
61.628
61.928
62.236
62.557
62.897
63.259
63.647
64.063
64.509
64.985
65.492
66.029
66.596
67.188
67.802
68.435
69.083
69.743
70.41
71.082
71.756
72.429
73.101
73.769
74.432
75.091
75.743
76.388
77.025
77.651
78.265
78.864
79.444
80.002
80.531
81.027
81.484
81.895
82.254
82.554
82.789
82.953
83.04
83.046
82.967
82.799
82.54
82.188
81.741
81.199
80.561
79.825
78.991
78.057
77.022
75.884
74.64
73.288
71.824
70.245
68.55
66.735
64.798
62.74
60.559
58.257
55.838
53.306
50.667
47.929
45.099
42.19
39.211
36.177
33.098
29.99
26.866
23.739
20.624
17.534
14.483
11.484
8.551
5.695
2.932
0.272
-2.268
-4.676
-6.938
-9.038
-10.962
-12.693
-14.218
-15.521
-16.588
-17.404
-17.959
-18.24
-18.239
-17.949
-17.365
-16.486
-15.311
-13.845
-12.093
-10.063
-7.767
-5.218
-2.431
0.577
3.788
7.183
10.741
14.44
18.259
22.175
26.165
30.203
34.265
38.326
42.358
46.332
50.221
53.997
57.632
61.096
64.36
67.395
70.174
72.667
74.852
76.702
78.195
79.31
80.03
80.343
80.245
79.731
78.797
77.442
75.665
73.471
70.872
67.878
64.501
60.756
56.658
52.234
47.519
42.548
37.358
31.976
26.422
20.73
14.946
9.118
3.306
-2.443
-8.088
-13.583
-18.872
-23.902
-28.617
-32.988
-37.01
-40.674
-43.973
-46.881
-49.343
-51.338
-52.872
-53.999
-54.839
-55.459
-55.86
-56.017
-55.857
-55.38
-54.715
-53.822
-52.458
-50.471
-47.779
-44.719
-42.107
-40.31
-39.133
-38.382
-37.886
-37.447
-36.883
-34.941
-29.259
-19.202
-5.752
10.068
27.323
48.208
76.856
112.923
151.532
183.753
198.859
191.91
163.485
118.554
65.904
15.39
-21.582
-36.414
-26.19
4.356
42.504
76.836
101.241
115.511
125.2
134.02
141.571
146.516
147.009
142.952
136.545
129.352
122.034
115.129
108.998
103.923
100.126
97.323
94.707
91.876
88.853
85.709
82.615
79.608
76.569
73.53
70.651
68.021
65.68
63.597
61.665
59.83
58.094
56.465
54.963
53.594
52.336
51.18
50.122
49.167
48.331
47.626
47.053
46.617
46.32
46.169
46.177
46.348
46.677
47.153
47.759
48.479
49.304
50.223
51.227
52.303
53.436
54.615
55.829
57.067
58.319
59.572
60.814
62.034
63.221
64.367
65.463
66.502
67.474
68.37
69.184
69.907
70.533
71.053
71.46
71.748
71.911
71.942
71.836
71.591
71.202
70.668
69.988
69.161
68.19
67.075
65.819
64.424
62.894
61.232
59.442
57.529
55.496
53.35
51.095
48.739
46.285
43.742
41.115
38.409
35.631
32.785
29.878
26.913
23.897
20.833
17.728
14.585
11.411
8.209
4.985
1.742
-1.515
-4.784
-8.06
-11.341
-14.626
-17.91
-21.192
-24.47
-27.742
-31.006
-34.261
-37.506
-40.741
-43.966
-47.182
-50.389
-53.59
-56.785
-59.976
-63.165
-66.352
-69.538
-72.724
-75.91
-79.098
-82.285
-85.473
-88.662
-91.85
-95.037
-98.221
-101.401
-104.575
-107.74
-110.894
-114.035
-117.159
-120.266
-123.352
-126.416
-129.456
-132.469
-135.454
-138.408
-141.327
-144.208
-147.047
-149.839
-152.58
-155.264
-157.886
-160.441
-162.922
-165.325
-167.642
-169.87
-172
-174.028
-175.947
-177.753
-179.439
-181.002
-182.438
-183.743
-184.914
-185.95
-186.849
-187.609
-188.229
-188.707
-189.043
-189.234
-189.28
-189.18
-188.934
-188.542
-188.005
-187.325
-186.502
-185.54
-184.441
-183.208
-181.846
-180.358
-178.749
-177.026
-175.194
-173.261
-171.235
-169.123
-166.936
-164.682
-162.369
-160.007
-157.604
-155.168
-152.708
-150.231
-147.745
-145.257
-142.775
-140.308
-137.863
-135.447
-133.069
-130.735
-128.453
-126.23
-124.07
-121.981
-119.967
-118.036
-116.192
-114.444
-112.795
-111.252
-109.82
-108.504
-107.307
-106.233
-105.285
-104.462
-103.768
-103.203
-102.77
-102.471
-102.307
-102.279
-102.391
-102.643
-103.038
-103.575
-104.254
-105.075
-106.036
-107.136
-108.375
-109.752
-111.265
-112.914
-114.7
-116.622
-118.679
-120.869
-123.188
-125.632
-128.198
-130.88
-133.674
-136.577
-139.582
-142.688
-145.893
-149.193
-152.585
-156.064
-159.622
-163.255
-166.954
-170.715
-174.529
-178.387
-182.283
-186.211
-190.17
-194.155
-198.166
-202.197
-206.245
-210.313
-214.401
-218.505
-222.621
-226.739
-230.848
-234.944
-239.022
-243.073
-247.094
-251.082
-255.037
-258.969
-262.884
-266.785
-270.671
-274.531
-278.354
-282.128
-285.847
-289.51
-293.129
-296.723
-300.319
-303.957
-307.658
-311.415
-315.204
-318.976
-322.666
-326.217
-329.564
-332.631
-335.398
-337.885
-340.119
-342.142
-343.915
-345.341
-346.348
-346.895
-347.005
-346.732
-346.115
-345.168
-344.024
-342.971
-342.22
-341.801
-341.386
-340.484
-338.871
-336.742
-334.465
-332.122
-329.84
-328.089
-327.869
-330.424
-336.159
-344.175
-352.828
-360.866
-367.251
-370.725
-369.547
-361.636
-346.029
-323.643
-296.524
-266.361
-234.328
-201.468
-169.185
-139.451
-113.674
-91.893
-73.179
-56.819
-42.678
-31.073
-22.189
-15.439
-10.175
-6.416
-4.779
-5.969
-9.475
-13.215
-15.574
-17.183
-22.308
-37.02
-64.13
-100.108
-134.482
-155.733
-158.058
-144.056
-124.154
-108.493
-101.731
-102.153
-102.993
-98.308
-84.681
-63.141
-38.075
-13.867
3.999
15.332
25.062
37.898
60.493
93.024
128.324
160.724
184.27
197.826
206.505
213.473
220.827
229.128
236.299
241.631
245.556
248.301
250.528
252.771
254.943
257.024
259.268
261.506
264.352
269.607
276.944
284.796
290.632
289.507
281.692
272.237
266.083
270.255
285.143
303.795
320.827
330.49
331.649
329.316
326.617
325.689
327.208
329.147
330.514
331.219
331.25
331.234
331.357
331.329
331.156
330.599
330.311
332.141
335.688
339.344
340.325
333.486
319.325
302.988
289.684
286.801
294.579
306.12
316.134
318.778
313.153
304.398
295.584
288.899
285.011
281.82
278.334
274.722
271.223
268.214
265.692
263.418
260.981
259.085
259.535
261.803
264.282
264.131
256.184
241.14
224.141
210.389
207.281
214.836
226.148
235.91
238.249
232.49
223.817
215.3
209.167
205.932
203.463
200.874
198.212
195.415
192.807
190.442
188.034
185.504
182.894
180.194
177.389
174.487
171.5
168.455
165.4
162.349
159.281
156.19
153.078
149.945
146.794
143.624
140.428
137.206
133.959
130.693
127.407
124.104
120.786
117.455
114.114
110.764
107.409
104.053
100.697
97.346
94.004
90.675
87.363
84.072
80.808
77.573
74.372
71.209
68.086
65.008
61.976
58.994
56.064
53.189
50.371
47.614
44.921
42.294
39.736
37.25
34.839
32.506
30.253
28.084
26
24.005
22.101
20.291
18.577
16.96
15.441
14.02
12.698
11.474
10.345
9.311
8.369
7.516
6.75
6.069
5.469
4.948
4.504
4.135
3.837
3.61
3.45
3.357
3.328
3.364
3.461
3.621
3.84
4.12
4.458
4.853
5.304
5.809
6.367
6.976
7.633
8.339
9.092
9.891
10.738
11.633
12.577
13.574
14.624
15.732
16.9
18.133
19.433
20.805
22.251
23.774
25.377
27.061
28.827
30.674
32.601
34.604
36.68
38.823
41.027
43.287
45.594
47.939
50.316
52.715
55.127
57.542
59.95
62.342
64.706
67.031
69.305
71.515
73.648
75.69
77.626
79.441
81.119
82.642
83.996
85.162
86.124
86.866
87.372
87.629
87.623
87.342
86.78
85.927
84.779
83.334
81.591
79.551
77.218
74.596
71.692
68.515
65.073
61.378
57.44
53.273
48.889
44.304
39.533
34.592
29.498
24.268
18.923
13.482
7.965
2.395
-3.204
-8.809
-14.396
-19.94
-25.417
-30.803
-36.075
-41.213
-46.195
-51.006
-55.629
-60.05
-64.257
-68.24
-71.989
-75.499
-78.765
-81.786
-84.56
-87.087
-89.371
-91.415
-93.223
-94.801
-96.153
-97.279
-98.182
-98.869
-99.349
-99.633
-99.735
-99.667
-99.444
-99.08
-98.591
-97.991
-97.292
-96.499
-95.614
-94.644
-93.602
-92.504
-91.368
-90.196
-88.984
-87.719
-86.386
-84.972
-83.465
-81.85
-80.11
-78.234
-76.224
-74.094
-71.874
-69.584
-67.224
-64.771
-62.213
-59.566
-56.881
-54.265
-51.805
-49.531
-47.456
-45.558
-43.812
-42.267
-40.921
-39.629
-38.372
-37.259
-36.534
-36.793
-38.567
-41.809
-46.336
-51.888
-57.631
-62.727
-66.265
-66.498
-61.889
-52.223
-37.708
-19.278
0.638
20.023
37.226
49.521
54.6
51.788
40.772
22.519
0.398
-23.015
-46.02
-66.075
-81.278
-90.914
-94.078
-91.065
-84.647
-76.814
-68.629
-61.558
-56.288
-53.056
-52.735
-55.56
-60.137
-65.51
-71.229
-76.721
-82.082
-87.432
-92.322
-96.481
-100.233
-103.778
-107.226
-110.722
-114.049
-117.031
-119.722
-122.156
-124.312
-126.18
-127.705
-128.824
-129.567
-129.969
-130.041
-129.807
-129.262
-128.403
-127.245
-125.806
-124.107
-122.164
-119.988
-117.582
-114.946
-112.086
-109.015
-105.747
-102.295
-98.674
-94.897
-90.976
-86.933
-82.788
-78.565
-74.291
-69.984
-65.661
-61.339
-57.028
-52.748
-48.523
-44.364
-40.265
-36.226
-32.247
-28.346
-24.57
-20.94
-17.438
-14.086
-10.944
-8.064
-5.514
-3.325
-1.441
0.151
1.362
2.256
3.105
3.971
4.768
5.547
6.045
6.799
9.611
14.184
18.818
20.901
15.402
2.44
-12.733
-25.021
-27.252
-18.63
-6.03
5.249
9.637
5.838
-1.187
-8.248
-13.055
-14.374
-13.77
-12.102
-9.654
-7.023
-4.059
-0.843
1.806
2.677
0.434
-5.521
-14.484
-25.019
-36.146
-47.139
-57.057
-64.357
-67.088
-64.272
-56.632
-46.061
-34.047
-21.419
-8.96
2.103
10.275
14.837
16.406
16.756
17.076
17.404
17.797
18.657
20.236
22.425
24.414
24.442
21.901
17.871
13.05
7.741
2.568
-1.951
-4.867
-4.36
-0.185
6.044
13.285
20.846
27.954
34.331
39.25
41.202
40.001
36.809
32.395
27.399
22.264
16.864
11.454
6.785
2.991
-0.335
-3.482
-6.773
-10.314
-13.865
-17.364
-20.919
-24.523
-28.116
-31.627
-34.933
-37.988
-40.847
-43.528
-46.039
-48.369
-50.475
-52.328
-53.918
-55.233
-56.267
-57.013
-57.459
-57.598
-57.424
-56.935
-56.133
-55.018
-53.591
-51.853
-49.805
-47.457
-44.829
-41.94
-38.809
-35.457
-31.902
-28.164
-24.268
-20.238
-16.099
-11.877
-7.597
-3.286
1.029
5.32
9.561
13.725
17.791
21.736
25.537
29.176
32.634
35.892
38.938
41.757
44.338
46.673
48.754
50.575
52.135
53.43
54.463
55.234
55.746
56.005
56.017
55.789
55.331
54.653
53.767
52.687
51.426
50.003
48.433
46.734
44.927
43.03
41.064
39.049
37.007
34.958
32.921
30.919
28.969
27.092
25.305
23.626
22.071
20.653
19.387
18.285
17.358
16.615
16.066
15.717
15.576
15.65
15.945
16.465
17.214
18.196
19.414
20.868
22.56
24.487
26.647
29.037
31.651
34.484
37.527
40.772
44.207
47.823
51.608
55.549
59.633
63.845
68.171
72.593
77.099
81.671
86.296
90.958
95.642
100.333
105.019
109.686
114.319
118.903
123.424
127.865
132.213
136.452
140.566
144.538
148.354
152
155.464
158.734
161.799
164.648
167.276
169.676
171.845
173.776
175.463
176.902
178.093
179.037
179.732
180.181
180.385
180.354
180.102
179.644
178.99
178.151
177.133
175.947
174.606
173.12
171.497
169.739
167.854
165.859
163.787
161.676
159.543
157.382
155.175
152.913
150.591
148.208
145.742
143.162
140.454
137.636
134.764
131.901
129.075
126.284
123.491
120.659
117.791
114.925
112.108
109.363
106.707
104.175
101.848
99.832
98.168
96.8
95.586
94.382
93.105
91.721
90.232
88.621
86.832
84.785
82.416
79.697
76.585
73
68.791
63.784
57.905
51.214
43.884
36.077
27.89
19.38
10.587
1.587
-7.526
-16.667
-25.791
-34.876
-43.869
-52.668
-61.105
-68.998
-76.252
-82.876
-88.957
-94.566
-99.729
-104.452
-108.743
-112.637
-116.17
-119.341
-122.108
-124.426
-126.276
-127.679
-128.694
-129.381
-129.76
-129.811
-129.49
-128.765
-127.624
-126.063
-124.072
-121.632
-118.739
-115.417
-111.715
-107.686
-103.369
-98.79
-93.969
-88.93
-83.706
-78.337
-72.862
-67.319
-61.742
-56.168
-50.64
-45.197
-39.876
-34.703
-29.696
-24.874
-20.255
-15.86
-11.706
-7.806
-4.17
-0.81
2.262
5.039
7.517
9.697
11.582
13.182
14.504
15.564
16.377
16.962
17.341
17.537
17.574
17.479
17.278
17.001
16.676
16.333
16.001
15.71
15.487
15.362
15.361
15.508
15.826
16.337
17.059
18.009
19.202
20.65
22.362
24.348
26.612
29.157
31.985
35.09
38.467
42.107
45.999
50.127
54.474
59.02
63.743
68.619
73.622
78.724
83.896
89.107
94.326
99.518
104.651
109.691
114.605
119.358
123.92
128.258
132.344
136.15
139.65
142.82
145.639
148.087
150.149
151.81
153.06
153.891
154.298
154.28
153.836
152.972
151.694
150.011
147.934
145.476
142.655
139.486
135.991
132.189
128.105
123.763
119.189
114.411
109.458
104.358
99.143
93.842
88.484
83.102
77.722
72.375
67.089
61.888
56.799
51.845
47.046
42.422
37.99
33.764
29.755
25.974
22.427
19.12
16.056
13.236
10.661
8.328
6.235
4.378
2.751
1.348
0.161
-0.818
-1.598
-2.191
-2.607
-2.859
-2.958
-2.919
-2.754
-2.479
-2.108
-1.655
-1.136
-0.564
0.046
0.681
1.327
1.974
2.61
3.226
3.815
4.368
4.882
5.349
5.768
6.134
6.446
6.7
6.894
7.028
7.1
7.107
7.049
6.922
6.727
6.46
6.119
5.704
5.212
4.641
3.99
3.259
2.445
1.55
0.573
-0.487
-1.627
-2.849
-4.152
-5.534
-6.997
-8.541
-10.165
-11.872
-13.661
-15.535
-17.494
-19.54
-21.673
-23.895
-26.204
-28.602
-31.086
-33.655
-36.305
-39.032
-41.832
-44.698
-47.622
-50.598
-53.616
-56.667
-59.74
-62.825
-65.911
-68.987
-72.041
-75.061
-78.036
-80.953
-83.8
-86.566
-89.237
-91.8
-94.245
-96.557
-98.723
-100.733
-102.572
-104.228
-105.691
-106.949
-107.991
-108.809
-109.395
-109.74
-109.841
-109.693
-109.293
-108.64
-107.737
-106.585
-105.19
-103.557
-101.695
-99.61
-97.318
-94.831
-92.165
-89.335
-86.359
-83.25
-80.031
-76.729
-73.354
-69.921
-66.448
-62.948
-59.453
-56.003
-52.609
-49.282
-46.077
-43.042
-40.216
-37.653
-35.348
-33.275
-31.477
-30.022
-28.796
-27.665
-26.729
-25.99
-25.425
-25.36
-24.933
-23.3
-21.662
-20.38
-21.656
-28.126
-36.85
-45.861
-52.235
-51.965
-48.565
-45.006
-43.32
-46.873
-53.217
-59.872
-66.266
-70.876
-74.544
-78.362
-82.089
-85.847
-89.536
-92.905
-96.086
-99.167
-102.086
-104.811
-107.336
-109.642
-111.71
-113.526
-115.062
-116.294
-117.229
-117.882
-118.257
-118.356
-118.198
-117.79
-117.137
-116.288
-115.281
-114.163
-113.004
-111.8
-110.54
-109.251
-107.934
-106.617
-105.389
-104.186
-102.942
-101.853
-101.016
-100.558
-100.666
-101.095
-101.561
-102.217
-103.139
-103.926
-104.318
-103.862
-102.125
-99.686
-96.984
-93.751
-89.794
-85.605
-81.955
-79.878
-80.114
-82.174
-85.814
-91.585
-100.2
-111.398
-123.769
-135.811
-146.534
-155.856
-163.681
-169.2
-171.055
-169.094
-164.835
-159.652
-154.481
-149.766
-145.556
-142.46
-141.775
-143.762
-147.362
-151.722
-156.149
-160.243
-164.153
-167.67
-170.114
-171.345
-171.761
-171.674
-171.428
-171.179
-170.736
-170.07
-169.32
-168.507
-167.603
-166.578
-165.348
-163.911
-162.359
-160.748
-159.121
-157.505
-155.89
-154.282
-152.696
-151.141
-149.625
-148.157
-146.736
-145.367
-144.049
-142.783
-141.569
-140.403
-139.278
-138.185
-137.113
-136.056
-135.017
-133.994
-132.986
-131.992
-131.006
-130.024
-129.042
-128.058
-127.066
-126.063
-125.043
-124.001
-122.934
-121.838
-120.709
-119.543
-118.335
-117.08
-115.775
-114.417
-113.003
-111.532
-110.003
-108.417
-106.773
-105.076
-103.329
-101.535
-99.701
-97.831
-95.932
-94.011
-92.074
-90.129
-88.18
-86.235
-84.3
-82.378
-80.477
-78.6
-76.751
-74.936
-73.157
-71.418
-69.724
-68.077
-66.483
-64.943
-63.464
-62.048
-60.7
-59.424
-58.226
-57.108
-56.074
-55.127
-54.269
-53.501
-52.824
-52.234
-51.731
-51.31
-50.967
-50.697
-50.493
-50.349
-50.257
-50.21
-50.201
-50.221
-50.264
-50.321
-50.385
-50.449
-50.506
-50.549
-50.57
-50.563
-50.52
-50.433
-50.293
-50.09
-49.814
-49.455
-49
-48.438
-47.757
-46.944
-45.988
-44.877
-43.601
-42.15
-40.515
-38.689
-36.667
-34.443
-32.014
-29.378
-26.535
-23.483
-20.225
-16.762
-13.097
-9.234
-5.177
-0.929
3.504
8.117
12.906
17.863
22.981
28.253
33.67
39.22
44.894
50.677
56.555
62.512
68.533
74.599
80.692
86.794
92.887
98.953
104.975
110.935
116.818
122.611
128.299
133.87
139.314
144.62
149.782
154.791
159.641
164.329
168.85
173.201
177.381
181.388
185.221
188.881
192.368
195.684
198.832
201.816
204.643
207.319
209.854
212.26
214.548
216.732
218.827
220.846
222.806
224.72
226.603
228.469
230.331
232.201
234.09
236.01
237.971
239.982
242.051
244.184
246.387
248.665
251.019
253.451
255.961
258.547
261.208
263.943
266.75
269.625
272.564
275.561
278.61
281.703
284.828
287.973
291.122
294.259
297.369
300.437
303.45
306.391
309.247
312.007
314.661
317.202
319.619
321.903
324.041
326.024
327.843
329.486
330.942
332.198
333.246
334.084
334.713
335.138
335.363
335.394
335.24
334.911
334.413
333.752
332.926
331.932
330.778
329.478
328.056
326.547
324.974
323.346
321.678
319.965
318.183
316.294
314.228
311.91
309.305
306.394
303.185
299.724
296.047
292.203
288.253
284.216
280.107
275.949
271.733
267.491
263.321
259.358
255.786
252.815
250.573
249.151
248.604
248.866
249.827
251.303
253.041
254.875
256.69
258.399
259.965
261.313
262.257
262.585
262.048
260.339
257.232
252.528
246.043
237.793
227.933
216.762
204.684
192.004
178.917
165.572
152.07
138.528
125.153
112.143
99.696
88.097
77.609
68.512
61.093
55.44
51.441
48.834
47.269
46.47
46.274
46.551
47.19
48.109
49.186
50.328
51.448
52.327
52.721
52.397
51.115
48.813
45.601
41.591
36.983
32.049
26.803
21.16
14.939
7.62
-1.156
-11.268
-22.608
-34.951
-47.482
-59.348
-69.387
-75.757
-77.348
-74.157
-66.469
-55.046
-41.317
-26.666
-13.119
-3.767
-0.87
-5.352
-17.44
-36.688
-62.326
-93.406
-128.026
-162.969
-195.113
-222.458
-243.979
-259.075
-267.048
-267.681
-261.693
-251.121
-238.846
-226.931
-216.467
-208.467
-204.084
-204.028
-208.494
-216.67
-226.69
-237.246
-247.716
-257.481
-266.009
-272.903
-277.832
-280.981
-283.113
-284.701
-285.922
-286.897
-287.576
-287.973
-288.206
-288.251
-287.983
-287.356
-286.38
-285.137
-283.782
-282.406
-281.042
-279.715
-278.413
-277.125
-275.819
-274.418
-272.844
-271.022
-268.888
-266.409
-263.544
-260.244
-256.463
-252.152
-247.288
-241.888
-235.989
-229.636
-222.909
-215.929
-208.87
-201.969
-195.428
-189.402
-184.008
-179.34
-175.522
-172.674
-170.865
-170.124
-170.474
-171.976
-174.651
-178.402
-182.89
-187.511
-191.616
-194.492
-195.199
-192.725
-186.29
-175.469
-160.742
-142.391
-118.954
-88.839
-51.354
-10.466
23.328
