Name,Criss Capps
Date of Birth,"Feb 5, 1952"
Recorded Date,2020-06-13 20:46:48 -0400
Classification,Sinus Rhythm
Symptoms,
Software Version,1.80
Device,"Watch5,4"
Sample Rate,512.844 hertz


Lead,Lead I
Unit,µV

-329.286
-389.402
-433.543
-464.618
-485.868
-498.211
-504.98
-505.956
-501.536
-493.626
-482.897
-471.385
-460.909
-451.864
-444.523
-438.284
-431.732
-424.247
-415.552
-405.188
-393.165
-379.572
-364.444
-348.349
-332.086
-316.099
-300.651
-285.871
-271.655
-257.994
-244.968
-232.512
-220.523
-208.935
-197.7
-186.853
-176.463
-166.572
-157.196
-148.333
-139.986
-132.182
-124.965
-118.38
-112.458
-107.191
-102.533
-98.45
-94.886
-91.786
-89.076
-86.645
-84.393
-82.234
-80.09
-77.906
-75.624
-73.177
-70.493
-67.502
-64.125
-60.299
-55.988
-51.161
-45.825
-40.022
-33.81
-27.292
-20.578
-13.769
-6.998
-0.416
5.833
11.586
16.679
20.989
24.288
26.266
26.788
25.882
23.806
21.076
18.09
15.069
12.404
10.687
10.293
11.214
12.784
13.699
13.057
10.66
6.522
0.505
-7.416
-16.52
-24.844
-29.156
-26.389
-14.61
7.483
41.513
89.323
151.792
228.162
315.425
409.565
507.288
605.349
699.159
782.927
850.866
898.1
922.262
922.656
898.375
849.398
777.839
687.976
585.781
477.842
369.404
264.988
169.59
87.456
21.51
-27.119
-59.282
-76.844
-81.627
-75.802
-62.14
-43.228
-21.536
1.107
23.564
44.767
64.081
81.342
96.523
109.51
120.238
128.654
135.168
140.818
146.139
151.271
156.385
161.676
167.555
174.282
181.378
187.78
192.842
196.352
198.283
198.757
197.663
194.967
191.129
186.919
182.94
179.53
176.804
174.736
173.447
173.115
173.769
175.329
177.667
180.672
184.306
188.56
193.361
198.561
203.975
209.433
214.835
220.13
225.284
230.263
235.028
239.546
243.816
247.854
251.671
255.276
258.669
261.858
264.874
267.77
270.609
273.444
276.307
279.215
282.182
285.217
288.326
291.507
294.749
298.037
301.367
304.734
308.137
311.573
315.031
318.496
321.953
325.388
328.787
332.137
335.424
338.632
341.749
344.764
347.666
350.444
353.083
355.567
357.881
360.01
361.937
363.649
365.13
366.365
367.342
368.052
368.484
368.631
368.487
368.048
367.312
366.278
364.946
363.318
361.398
359.191
356.702
353.937
350.906
347.618
344.082
340.312
336.32
332.12
327.728
323.159
318.428
313.553
308.552
303.443
298.243
292.972
287.649
282.294
276.926
271.563
266.225
260.929
255.691
250.528
245.454
240.482
235.624
230.891
226.292
221.837
217.532
213.384
209.399
205.581
201.934
198.459
195.158
192.031
189.078
186.297
183.687
181.243
178.962
176.841
174.874
173.056
171.379
169.833
168.414
167.118
165.935
164.859
163.88
162.98
162.161
161.423
160.74
160.091
159.457
158.812
158.169
157.553
156.932
156.276
155.643
155.077
154.612
154.303
154.101
153.907
153.773
153.796
153.721
153.248
152.556
151.629
150.409
149.544
147.294
141.967
135.986
130.084
128.707
137.177
149.61
162.086
168.767
161.633
147.782
133.235
122.116
121.24
125.739
130.676
134.957
135.572
134.27
133.298
132.228
131.346
130.504
129.244
127.865
126.604
125.383
124.184
123.035
121.929
120.849
119.786
118.695
117.524
116.294
115.023
113.703
112.334
110.915
109.442
107.92
106.357
104.75
103.098
101.403
99.666
97.89
96.079
94.238
92.371
90.484
88.581
86.671
84.761
82.857
80.969
79.103
77.267
75.47
73.719
72.021
70.383
68.814
67.32
65.908
64.585
63.358
62.232
61.213
60.306
59.514
58.842
58.293
57.867
57.565
57.389
57.338
57.408
57.598
57.903
58.316
58.83
59.435
60.122
60.876
61.685
62.533
63.405
64.283
65.151
65.992
66.79
67.529
68.193
68.764
69.228
69.57
69.772
69.82
69.695
69.381
68.863
68.13
67.176
65.996
64.584
62.935
61.04
58.894
56.495
53.843
50.933
47.769
44.359
40.728
36.923
32.992
28.978
24.925
20.86
16.817
12.839
8.968
5.248
1.724
-1.578
-4.623
-7.366
-9.782
-11.858
-13.635
-15.23
-16.753
-18.302
-19.959
-21.739
-23.7
-25.956
-28.607
-31.778
-35.588
-40.056
-45.294
-51.549
-58.834
-66.964
-75.446
-83.278
-89.574
-93.797
-95.294
-93.479
-88.359
-80.29
-70.556
-61.596
-55.467
-53.556
-57.019
-66.157
-79.958
-96.576
-112.426
-122.117
-120.579
-103.33
-66.604
-8.418
70.916
169.271
282.118
402.341
521.898
632.224
724.818
792.552
830.756
836.633
809.088
749.729
662.398
552.845
428.551
297.238
165.144
38.428
-76.217
-173.349
-249.064
-301.661
-332.284
-342.971
-335.099
-311.674
-277.701
-238.784
-200.896
-168.157
-142.049
-123.716
-114.673
-114.853
-122.653
-135.128
-148
-158.532
-165.866
-169.137
-167.436
-160.556
-148.83
-133.716
-117.789
-102.67
-88.981
-77.292
-67.984
-61.32
-57.521
-56.218
-56.486
-57.719
-59.634
-62.04
-64.919
-68.17
-71.59
-75.115
-78.796
-82.62
-86.525
-90.361
-93.873
-96.89
-99.33
-101.139
-102.316
-102.866
-102.782
-102.094
-100.861
-99.131
-96.953
-94.365
-91.381
-88.04
-84.402
-80.55
-76.6
-72.64
-68.722
-64.887
-61.149
-57.521
-54.016
-50.627
-47.324
-44.088
-40.904
-37.764
-34.675
-31.628
-28.605
-25.581
-22.522
-19.406
-16.222
-12.964
-9.63
-6.224
-2.754
0.765
4.307
7.848
11.371
14.859
18.299
21.674
24.965
28.151
31.214
34.133
36.891
39.472
41.856
44.029
45.978
47.691
49.16
50.377
51.332
52.019
52.43
52.559
52.402
51.956
51.218
50.187
48.864
47.251
45.354
43.177
40.728
38.013
35.043
31.827
28.378
24.707
20.827
16.753
12.5
8.083
3.518
-1.177
-5.987
-10.893
-15.877
-20.922
-26.009
-31.121
-36.242
-41.353
-46.44
-51.486
-56.476
-61.396
-66.233
-70.973
-75.604
-80.115
-84.494
-88.733
-92.823
-96.756
-100.526
-104.126
-107.551
-110.799
-113.864
-116.746
-119.441
-121.95
-124.272
-126.408
-128.361
-130.131
-131.723
-133.141
-134.389
-135.472
-136.396
-137.167
-137.791
-138.275
-138.626
-138.85
-138.956
-138.95
-138.84
-138.633
-138.337
-137.959
-137.506
-136.985
-136.404
-135.768
-135.085
-134.36
-133.6
-132.81
-131.997
-131.165
-130.32
-129.467
-128.61
-127.754
-126.902
-126.058
-125.226
-124.408
-123.607
-122.825
-122.066
-121.329
-120.618
-119.934
-119.277
-118.65
-118.052
-117.486
-116.951
-116.448
-115.979
-115.544
-115.143
-114.778
-114.449
-114.157
-113.903
-113.687
-113.51
-113.373
-113.277
-113.221
-113.207
-113.235
-113.305
-113.418
-113.574
-113.773
-114.015
-114.299
-114.625
-114.993
-115.402
-115.851
-116.338
-116.862
-117.421
-118.013
-118.635
-119.286
-119.96
-120.656
-121.368
-122.094
-122.828
-123.566
-124.302
-125.031
-125.747
-126.446
-127.12
-127.762
-128.367
-128.927
-129.435
-129.885
-130.27
-130.581
-130.814
-130.96
-131.013
-130.968
-130.819
-130.56
-130.186
-129.692
-129.076
-128.334
-127.463
-126.463
-125.332
-124.071
-122.681
-121.166
-119.528
-117.772
-115.901
-113.924
-111.845
-109.673
-107.416
-105.085
-102.692
-100.253
-97.781
-95.293
-92.807
-90.34
-87.911
-85.537
-83.234
-81.017
-78.901
-76.901
-75.035
-73.32
-71.772
-70.405
-69.232
-68.264
-67.512
-66.983
-66.677
-66.593
-66.733
-67.101
-67.712
-68.58
-69.712
-71.114
-72.787
-74.723
-76.911
-79.33
-81.943
-84.709
-87.584
-90.525
-93.498
-96.466
-99.381
-102.18
-104.785
-107.123
-109.134
-110.768
-111.985
-112.779
-113.155
-113.161
-112.869
-112.342
-111.67
-110.969
-110.365
-110.012
-110.071
-110.685
-112.057
-114.464
-118.017
-122.642
-128.063
-133.719
-139.084
-143.793
-147.343
-149.064
-148.67
-146.405
-143.08
-140.215
-139.164
-140.572
-145.015
-153.207
-165.071
-179.386
-193.777
-204.473
-207.575
-200.214
-179.63
-142.888
-88.171
-15.305
74.041
175.967
285.273
396.597
503.704
599.557
677.228
730.433
754.479
746.499
707.714
643.038
557.59
456.45
339.652
204.059
54.529
-97.086
-229.433
-316.998
-351.11
-336.084
-288.906
-238.546
-200.454
-181.576
-183.304
-192.233
-201.273
-208.009
-208.349
-207.537
-208.448
-209.427
-210.861
-210.038
-204.905
-196.395
-185.105
-172.122
-158.749
-145.629
-133.358
-122.391
-112.863
-104.694
-97.697
-91.753
-86.785
-82.75
-79.618
-77.307
-75.72
-74.758
-74.329
-74.318
-74.601
-75.092
-75.715
-76.413
-77.171
-77.994
-78.846
-79.685
-80.437
-80.963
-81.164
-81
-80.407
-79.365
-77.961
-76.261
-74.33
-72.261
-70.035
-67.58
-64.956
-62.247
-59.196
-55.52
-51.446
-47.041
-42.329
-38.009
-32.367
-23.717
-14.503
-5.472
-1.092
-6.696
-16.338
-26.06
-29.979
-20.029
-3.36
13.981
27.857
31.44
29.65
27.462
25.986
28.248
32.487
36.433
40.501
44.377
48.184
52.359
56.583
60.599
64.468
68.187
71.704
75.005
78.088
80.943
83.597
86.083
88.366
90.41
92.213
93.766
95.062
96.097
96.86
97.339
97.535
97.449
97.081
96.434
95.51
94.312
92.847
91.123
89.148
86.933
84.489
81.827
78.963
75.91
72.686
69.305
65.787
62.147
58.405
54.578
50.684
46.741
42.766
38.779
34.796
30.834
26.912
23.044
19.248
15.537
11.925
8.424
5.046
1.802
-1.3
-4.252
-7.046
-9.675
-12.136
-14.422
-16.531
-18.46
-20.207
-21.773
-23.157
-24.362
-25.389
-26.241
-26.923
-27.439
-27.793
-27.991
-28.039
-27.943
-27.709
-27.345
-26.858
-26.255
-25.543
-24.732
-23.829
-22.841
-21.777
-20.644
-19.449
-18.199
-16.901
-15.563
-14.189
-12.788
-11.364
-9.925
-8.476
-7.023
-5.572
-4.128
-2.694
-1.277
0.12
1.494
2.841
4.158
5.442
6.691
7.901
9.069
10.195
11.276
12.309
13.294
14.229
15.113
15.945
16.724
17.45
18.122
18.739
19.3
19.805
20.253
20.644
20.978
21.256
21.478
21.643
21.754
21.811
21.813
21.762
21.657
21.501
21.291
21.03
20.718
20.354
19.94
19.477
18.966
18.407
17.802
17.152
16.458
15.723
14.948
14.135
13.286
12.404
11.493
10.554
9.593
8.612
7.616
6.607
5.592
4.573
3.555
2.543
1.542
0.557
-0.406
-1.341
-2.242
-3.103
-3.917
-4.679
-5.38
-6.015
-6.578
-7.062
-7.46
-7.767
-7.977
-8.084
-8.083
-7.971
-7.744
-7.399
-6.934
-6.348
-5.641
-4.813
-3.867
-2.804
-1.628
-0.344
1.043
2.527
4.1
5.753
7.477
9.259
11.084
12.94
14.808
16.673
18.518
20.323
22.072
23.748
25.337
26.822
28.188
29.416
30.492
31.395
32.111
32.623
32.92
32.989
32.824
32.425
31.791
30.925
29.824
28.478
26.88
25.024
22.907
20.531
17.904
15.047
11.991
8.784
5.467
2.086
-1.325
-4.739
-8.123
-11.447
-14.664
-17.719
-20.557
-23.123
-25.368
-27.244
-28.734
-29.86
-30.681
-31.289
-31.766
-32.156
-32.508
-32.902
-33.432
-34.206
-35.363
-36.984
-39.205
-42.279
-46.274
-51.093
-56.432
-61.594
-65.873
-68.816
-69.824
-68.248
-64.111
-57.786
-50.245
-43.517
-39.214
-38.263
-41.789
-50.387
-63.181
-78.541
-93.458
-103.156
-103.767
-92.141
-64.67
-19.05
44.915
125.966
220.314
321.955
425.606
525.466
614.208
685.427
734.145
756.895
753.088
723.736
669.397
592.703
499
394.188
284.598
176.035
72.522
-21.824
-101.916
-164.879
-210.368
-239.298
-254.075
-257.242
-250.645
-237.261
-221.37
-205.851
-192.145
-180.803
-171.166
-162.643
-155.118
-147.675
-138.653
-127.196
-113.146
-96.869
-79.45
-61.773
-44.371
-28.043
-13.752
-2.128
6.48
12.02
14.806
15.137
13.258
9.501
4.235
-2.148
-9.237
-16.65
-24.053
-31.171
-37.772
-43.651
-48.619
-52.53
-55.292
-56.874
-57.306
-56.637
-54.939
-52.303
-48.835
-44.684
-40.023
-35.034
-29.905
-24.774
-19.736
-14.88
-10.281
-5.992
-2.048
1.548
4.823
7.795
10.484
12.915
15.117
17.137
19.035
20.87
22.703
24.578
26.527
28.576
30.746
33.049
35.491
38.067
40.766
43.58
46.506
49.541
52.68
55.916
59.235
62.624
66.071
69.562
73.083
76.62
80.159
83.686
87.189
90.654
94.069
97.419
100.687
103.854
106.902
109.81
112.56
115.133
117.509
119.67
121.601
123.287
124.714
125.871
126.746
127.331
127.617
127.598
127.267
126.622
125.659
124.378
122.779
120.865
118.639
116.106
113.275
110.153
106.75
103.079
99.15
94.979
90.58
85.971
81.17
76.195
71.067
65.807
60.436
54.977
49.451
43.881
38.288
32.693
27.117
21.579
16.099
10.695
5.384
0.185
-4.888
-9.818
-14.591
-19.195
-23.616
-27.845
-31.87
-35.683
-39.277
-42.644
-45.778
-48.676
-51.334
-53.75
-55.923
-57.854
-59.544
-60.998
-62.22
-63.216
-63.993
-64.559
-64.923
-65.094
-65.082
-64.898
-64.552
-64.056
-63.42
-62.657
-61.778
-60.794
-59.719
-58.564
-57.339
-56.057
-54.729
-53.366
-51.978
-50.576
-49.17
-47.769
-46.384
-45.023
-43.695
-42.408
-41.169
-39.984
-38.861
-37.802
-36.813
-35.896
-35.055
-34.291
-33.605
-32.998
-32.471
-32.024
-31.656
-31.367
-31.155
-31.018
-30.956
-30.966
-31.046
-31.194
-31.408
-31.686
-32.025
-32.423
-32.877
-33.386
-33.946
-34.555
-35.21
-35.908
-36.645
-37.42
-38.228
-39.068
-39.937
-40.832
-41.751
-42.693
-43.653
-44.632
-45.626
-46.632
-47.648
-48.671
-49.698
-50.726
-51.752
-52.771
-53.78
-54.775
-55.75
-56.702
-57.624
-58.511
-59.357
-60.156
-60.902
-61.586
-62.203
-62.745
-63.206
-63.578
-63.855
-64.031
-64.099
-64.053
-63.885
-63.591
-63.164
-62.599
-61.89
-61.034
-60.026
-58.863
-57.544
-56.067
-54.431
-52.636
-50.684
-48.577
-46.319
-43.913
-41.365
-38.682
-35.871
-32.942
-29.906
-26.775
-23.563
-20.286
-16.959
-13.598
-10.224
-6.853
-3.505
-0.2
3.043
6.206
9.272
12.221
15.035
17.696
20.185
22.486
24.583
26.459
28.096
29.479
30.594
31.434
31.996
32.274
32.261
31.946
31.323
30.391
29.155
27.622
25.8
23.7
21.347
18.787
16.075
13.267
10.409
7.536
4.681
1.883
-0.81
-3.338
-5.653
-7.724
-9.533
-11.063
-12.289
-13.202
-13.835
-14.281
-14.671
-15.127
-15.744
-16.574
-17.652
-19.035
-20.822
-23.122
-26.037
-29.645
-33.932
-38.927
-44.726
-51.247
-58.231
-65.151
-71.189
-75.587
-77.837
-77.567
-74.489
-68.74
-60.737
-51.284
-41.79
-33.593
-27.736
-24.708
-24.274
-25.283
-25.964
-24.182
-17.114
-1.734
24.909
64.954
119.135
186.514
264.752
350.718
440.033
527.1
605.505
668.754
711.209
728.921
719.409
681.573
616.659
528.046
421.008
302.995
181.984
65.294
-39.272
-127.18
-196.45
-243.397
-268.129
-269.154
-245.407
-207.549
-165.13
-129.56
-112.515
-108.734
-112.733
-119.577
-120.98
-120.269
-120.096
-119.087
-118.934
-117.355
-112.199
-104.653
-95.191
-84.631
-74.326
-64.868
-56.455
-49.311
-43.368
-38.293
-33.891
-30.063
-26.679
-23.703
-21.164
-19.024
-17.255
-15.851
-14.755
-13.928
-13.369
-13.069
-13.031
-13.274
-13.818
-14.689
-15.9
-17.434
-19.221
-21.14
-23.079
-24.939
-26.659
-28.217
-29.597
-30.772
-31.717
-32.417
-32.856
-33.031
-32.926
-32.515
-31.788
-30.756
-29.468
-28.009
-26.448
-24.844
-23.235
-21.64
-20.073
-18.549
-17.068
-15.618
-14.188
-12.762
-11.336
-9.914
-8.495
-7.066
-5.605
-4.077
-2.456
-0.728
1.117
3.079
5.156
7.344
9.627
11.979
14.377
16.797
19.219
21.629
24.006
26.328
28.572
30.712
32.725
34.591
36.289
37.799
39.102
40.182
41.027
41.625
41.968
42.046
41.85
41.371
40.603
39.542
38.183
36.524
34.564
32.305
29.751
26.906
23.78
20.38
16.717
12.805
8.655
4.285
-0.291
-5.054
-9.986
-15.067
-20.276
-25.593
-30.994
-36.459
-41.965
-47.49
-53.012
-58.509
-63.961
-69.349
-74.654
-79.855
-84.938
-89.884
-94.678
-99.305
-103.753
-108.007
-112.057
-115.893
-119.507
-122.893
-126.045
-128.959
-131.633
-134.065
-136.256
-138.207
-139.922
-141.404
-142.659
-143.694
-144.519
-145.141
-145.573
-145.826
-145.911
-145.841
-145.63
-145.29
-144.834
-144.276
-143.628
-142.905
-142.12
-141.285
-140.413
-139.518
-138.611
-137.704
-136.808
-135.933
-135.088
-134.281
-133.522
-132.816
-132.171
-131.59
-131.08
-130.643
-130.281
-129.996
-129.789
-129.657
-129.599
-129.612
-129.691
-129.832
-130.03
-130.279
-130.572
-130.904
-131.266
-131.653
-132.057
-132.469
-132.884
-133.292
-133.686
-134.058
-134.403
-134.712
-134.979
-135.199
-135.367
-135.477
-135.526
-135.511
-135.429
-135.278
-135.057
-134.766
-134.405
-133.975
-133.48
-132.923
-132.309
-131.642
-130.929
-130.176
-129.389
-128.577
-127.747
-126.906
-126.062
-125.223
-124.396
-123.591
-122.815
-122.075
-121.379
-120.734
-120.146
-119.62
-119.162
-118.775
-118.462
-118.224
-118.064
-117.98
-117.971
-118.036
-118.172
-118.374
-118.636
-118.951
-119.313
-119.711
-120.136
-120.577
-121.02
-121.454
-121.865
-122.241
-122.568
-122.831
-123.018
-123.113
-123.104
-122.976
-122.718
-122.316
-121.758
-121.034
-120.134
-119.05
-117.774
-116.303
-114.633
-112.763
-110.694
-108.428
-105.97
-103.325
-100.5
-97.504
-94.344
-91.03
-87.574
-83.988
-80.286
-76.483
-72.597
-68.643
-64.645
-60.62
-56.591
-52.575
-48.587
-44.64
-40.75
-36.935
-33.217
-29.618
-26.152
-22.835
-19.68
-16.697
-13.889
-11.244
-8.725
-6.295
-3.916
-1.553
0.817
3.219
5.689
8.264
10.993
13.917
17.058
20.437
24.076
27.988
32.169
36.56
41.026
45.434
49.65
53.57
57.146
60.28
62.846
64.726
65.769
65.866
64.999
63.088
60
55.79
50.646
45.041
39.84
35.772
33.412
33.418
36.232
41.934
50.345
60.527
70.939
80.383
87.808
92.316
93.918
93.407
92.307
93.507
100.453
116.329
144.444
187.486
246.596
321.395
409.779
507.732
610.324
711.675
804.767
882.818
939.922
971.734
975.917
951.493
898.856
820.914
722.887
611.138
492.895
374.883
263.05
163.75
82.493
22.08
-17.017
-36.176
-38.394
-26.902
-5.238
21.577
48.469
72.176
90.947
104.408
113.286
118.32
120.447
121.653
124.193
129.346
137.57
148.544
161.373
175.353
189.876
204.004
216.689
227.217
235.198
240.6
243.694
244.7
243.791
241.191
237.136
231.871
225.64
218.664
211.125
203.181
194.988
186.716
178.56
170.733
163.417
156.722
150.701
145.38
140.773
136.893
133.744
131.276
129.413
128.067
127.152
126.606
126.372
126.368
126.494
126.636
126.704
126.647
126.447
126.092
125.575
124.891
124.049
123.081
122.023
120.909
119.772
118.636
117.541
116.53
115.649
114.946
114.452
114.181
114.132
114.287
114.609
115.061
115.609
116.23
116.913
117.654
118.452
119.31
120.225
121.207
122.266
123.399
124.602
125.882
127.262
128.801
130.595
132.732
135.267
138.226
141.596
145.35
149.434
153.762
158.221
162.665
166.967
171.039
174.813
178.215
181.146
183.463
184.979
185.524
184.966
183.198
180.165
175.841
170.261
163.531
155.822
147.355
138.312
128.818
118.973
108.87
98.627
88.39
78.338
68.634
59.433
50.891
43.129
36.236
30.229
25.052
20.576
16.623
13.056
9.786
6.745
3.891
1.181
-1.437
-4.016
-6.6
-9.265
-12.097
-15.17
-18.545
-22.233
-26.2
-30.373
-34.636
-38.88
-43.024
-46.995
-50.759
-54.303
-57.618
-60.71
-63.584
-66.208
-68.545
-70.573
-72.255
-73.569
-74.509
-75.066
-75.284
-75.245
-75.019
-74.674
-74.249
-73.75
-73.188
-72.574
-71.914
-71.237
-70.565
-69.9
-69.276
-68.737
-68.328
-68.113
-68.099
-68.233
-68.473
-68.782
-69.136
-69.542
-69.989
-70.455
-70.928
-71.4
-71.868
-72.347
-72.822
-73.257
-73.616
-73.851
-73.953
-73.964
-73.908
-73.805
-73.671
-73.505
-73.318
-73.139
-72.978
-72.831
-72.693
-72.555
-72.42
-72.311
-72.245
-72.244
-72.312
-72.433
-72.601
-72.814
-73.07
-73.372
-73.716
-74.091
-74.498
-74.949
-75.451
-76.013
-76.64
-77.326
-78.069
-78.87
-79.729
-80.648
-81.628
-82.665
-83.758
-84.905
-86.105
-87.356
-88.654
-89.989
-91.354
-92.742
-94.145
-95.554
-96.962
-98.359
-99.733
-101.076
-102.378
-103.627
-104.812
-105.921
-106.943
-107.865
-108.677
-109.368
-109.929
-110.348
-110.618
-110.73
-110.678
-110.457
-110.061
-109.488
-108.736
-107.805
-106.695
-105.408
-103.948
-102.319
-100.526
-98.576
-96.477
-94.237
-91.867
-89.379
-86.784
-84.099
-81.339
-78.522
-75.669
-72.799
-69.935
-67.099
-64.314
-61.605
-58.991
-56.493
-54.133
-51.929
-49.898
-48.06
-46.43
-45.027
-43.866
-42.962
-42.325
-41.966
-41.885
-42.084
-42.562
-43.316
-44.351
-45.671
-47.275
-49.166
-51.343
-53.801
-56.524
-59.484
-62.633
-65.923
-69.302
-72.718
-76.133
-79.501
-82.778
-85.921
-88.876
-91.588
-94.013
-96.098
-97.795
-99.074
-99.94
-100.454
-100.717
-100.84
-100.92
-101.027
-101.256
-101.712
-102.469
-103.622
-105.276
-107.494
-110.46
-114.424
-119.394
-125.289
-131.851
-138.37
-144.15
-148.613
-150.854
-150.053
-146.153
-139.237
-129.889
-120.173
-112.209
-107.379
-107.686
-112.922
-118.935
-124.681
-130.074
-135.145
-145.698
-157.172
-154.126
-123.264
-48.584
69.22
207.781
349.228
476.642
583.409
681.125
767.909
832.197
861.997
837.17
756.561
638.595
500.191
361.945
235.052
115.772
3.993
-98.293
-188.071
-258.092
-305.223
-331.469
-340.02
-334.139
-317.103
-292.306
-263.039
-233.564
-207.556
-186.025
-168.798
-155.989
-147.271
-142.227
-140.669
-140.674
-139.815
-137.35
-133.233
-127.555
-120.74
-112.67
-102.789
-91.854
-81.336
-72.016
-64.357
-58.423
-53.875
-50.792
-49.57
-50.033
-51.589
-53.763
-56.1
-58.426
-60.868
-63.4
-65.859
-68.165
-70.281
-72.171
-73.862
-75.311
-76.376
-76.972
-77.053
-76.611
-75.711
-74.415
-72.765
-70.789
-68.501
-65.902
-63.013
-59.856
-56.445
-52.819
-49.011
-45.075
-41.096
-37.139
-33.245
-29.44
-25.718
-22.065
-18.478
-14.948
-11.461
-8.013
-4.594
-1.201
2.16
5.494
8.812
12.131
15.486
18.897
22.375
25.926
29.548
33.233
36.974
40.756
44.557
48.358
52.143
55.897
59.611
63.272
66.864
70.369
73.77
77.048
80.188
83.173
85.987
88.616
91.045
93.264
95.264
97.035
98.568
99.853
100.881
101.646
102.142
102.362
102.303
101.961
101.335
100.425
99.234
97.765
96.022
94.011
91.742
89.222
86.463
83.474
80.269
76.86
73.259
69.481
65.539
61.45
57.226
52.886
48.444
43.916
39.321
34.673
29.991
25.289
20.584
15.892
11.228
6.607
2.043
-2.449
-6.856
-11.164
-15.361
-19.435
-23.375
-27.172
-30.818
-34.303
-37.623
-40.772
-43.746
-46.542
-49.157
-51.59
-53.84
-55.907
-57.791
-59.494
-61.017
-62.363
-63.535
-64.537
-65.373
-66.047
-66.565
-66.933
-67.155
-67.237
-67.187
-67.009
-66.711
-66.299
-65.782
-65.167
-64.463
-63.677
-62.818
-61.894
-60.913
-59.883
-58.811
-57.704
-56.568
-55.409
-54.233
-53.044
-51.847
-50.648
-49.45
-48.258
-47.075
-45.904
-44.749
-43.613
-42.497
-41.405
-40.338
-39.3
-38.292
-37.319
-36.381
-35.484
-34.628
-33.817
-33.052
-32.336
-31.671
-31.056
-30.493
-29.981
-29.521
-29.113
-28.756
-28.45
-28.195
-27.991
-27.837
-27.733
-27.68
-27.677
-27.724
-27.822
-27.972
-28.174
-28.428
-28.737
-29.101
-29.52
-29.995
-30.527
-31.114
-31.755
-32.447
-33.187
-33.971
-34.794
-35.649
-36.53
-37.432
-38.348
-39.273
-40.202
-41.131
-42.056
-42.975
-43.887
-44.788
-45.675
-46.544
-47.39
-48.206
-48.986
-49.72
-50.401
-51.016
-51.556
-52.013
-52.379
-52.642
-52.791
-52.81
-52.685
-52.411
-51.986
-51.412
-50.697
-49.854
-48.906
-47.882
-46.817
-45.74
-44.678
-43.645
-42.652
-41.702
-40.798
-39.947
-39.144
-38.367
-37.587
-36.767
-35.864
-34.837
-33.629
-32.164
-30.371
-28.188
-25.57
-22.495
-18.967
-15.012
-10.667
-5.977
-1.019
4.107
9.28
14.359
19.216
23.733
27.781
31.21
33.873
35.633
36.379
36.039
34.579
31.996
28.311
23.569
17.86
11.318
4.122
-3.525
-11.442
-19.467
-27.436
-35.16
-42.439
-49.077
-54.905
-59.804
-63.7
-66.554
-68.338
-69.064
-68.779
-67.571
-65.624
-63.159
-60.39
-57.529
-54.781
-52.34
-50.498
-49.632
-49.932
-51.378
-53.715
-56.428
-59.146
-61.691
-63.73
-64.702
-64.277
-62.57
-60.389
-59.249
-60.221
-63.628
-69.638
-78.528
-90.371
-104.376
-118.277
-128.401
-131.464
-125.283
-108.062
-77.842
-32.485
28.907
104.792
191.337
284.232
379.775
473.979
561.658
636.223
691.7
724.555
733.596
718.59
679.119
615.86
531.945
433.227
326.482
217.354
110.414
10.104
-78.336
-150.287
-203.561
-238.704
-257.908
-263.382
-257.313
-242.475
-222.933
-203.07
-185.715
-171.939
-161.621
-154.301
-149.539
-146.645
-144.113
-140.009
-133.273
-123.727
-111.835
-98.447
-84.242
-69.792
-55.901
-43.488
-33.131
-25.099
-19.375
-15.678
-13.787
-13.527
-14.653
-16.902
-20.007
-23.713
-27.782
-32.001
-36.161
-40.058
-43.53
-46.444
-48.693
-50.191
-50.886
-50.771
-49.859
-48.185
-45.791
-42.724
-39.055
-34.877
-30.303
-25.456
-20.456
-15.414
-10.422
-5.55
-0.856
3.613
7.83
11.788
15.487
18.943
22.171
25.185
28.006
30.661
33.186
35.62
38.003
40.374
42.767
45.206
47.714
50.313
53.015
55.823
58.73
61.72
64.769
67.854
70.946
74.017
77.041
80.002
82.891
85.715
88.482
91.206
93.887
96.515
99.078
101.574
104.004
106.379
108.723
111.069
113.459
115.943
118.555
121.305
124.174
127.109
130.042
132.889
135.585
138.088
140.359
142.363
144.067
145.432
146.406
146.929
146.924
146.294
144.97
142.905
140.101
136.599
132.473
127.827
122.746
117.304
111.561
105.567
99.37
93.014
86.551
80.036
73.543
67.171
61.002
55.104
49.511
44.222
39.213
34.432
29.837
25.395
21.079
16.88
12.792
8.819
4.965
1.238
-2.366
-5.87
-9.291
-12.647
-15.939
-19.155
-22.274
-25.262
-28.089
-30.73
-33.163
-35.375
-37.363
-39.126
-40.672
-42.014
-43.162
-44.118
-44.887
-45.471
-45.874
-46.106
-46.175
-46.095
-45.877
-45.535
-45.081
-44.528
-43.884
-43.157
-42.355
-41.48
-40.54
-39.538
-38.483
-37.383
-36.245
-35.078
-33.891
-32.693
-31.492
-30.298
-29.117
-27.955
-26.819
-25.714
-24.645
-23.615
-22.628
-21.687
-20.795
-19.955
-19.168
-18.436
-17.763
-17.148
-16.595
-16.104
-15.677
-15.315
-15.018
-14.787
-14.622
-14.525
-14.496
-14.534
-14.64
-14.813
-15.053
-15.358
-15.727
-16.156
-16.644
-17.186
-17.781
-18.425
-19.114
-19.847
-20.62
-21.432
-22.281
-23.165
-24.082
-25.029
-26.004
-27.005
-28.029
-29.072
-30.134
-31.209
-32.295
-33.388
-34.486
-35.586
-36.683
-37.772
-38.85
-39.912
-40.952
-41.964
-42.942
-43.879
-44.769
-45.608
-46.389
-47.109
-47.764
-48.352
-48.869
-49.313
-49.682
-49.969
-50.17
-50.277
-50.283
-50.179
-49.96
-49.619
-49.152
-48.556
-47.828
-46.972
-45.986
-44.869
-43.618
-42.225
-40.688
-39.008
-37.195
-35.261
-33.228
-31.123
-28.977
-26.826
-24.697
-22.608
-20.571
-18.582
-16.638
-14.733
-12.871
-11.068
-9.337
-7.69
-6.132
-4.663
-3.269
-1.921
-0.586
0.779
2.199
3.681
5.205
6.729
8.194
9.527
10.668
11.571
12.198
12.522
12.515
12.148
11.379
10.163
8.451
6.199
3.384
0.004
-3.907
-8.289
-13.048
-18.055
-23.192
-28.346
-33.418
-38.336
-43.032
-47.437
-51.492
-55.148
-58.378
-61.203
-63.65
-65.759
-67.58
-69.144
-70.543
-71.928
-73.443
-75.254
-77.511
-80.279
-83.67
-87.848
-92.777
-98.293
-104.047
-109.352
-113.625
-116.436
-117.199
-115.495
-111.37
-105.116
-97.535
-89.999
-83.471
-78.719
-76.736
-77.707
-80.756
-84.305
-85.725
-81.856
-70.162
-48.056
-12.637
37.545
102.106
179.006
264.415
353.851
442.721
525.447
595.529
647.357
677.12
683.036
665.035
623.818
561.427
481.768
390.454
293.816
197.372
105.564
22.485
-48.261
-104.655
-146.216
-174.082
-190.79
-198.65
-199.91
-197.491
-193.96
-190.876
-189.096
-188.499
-188.173
-187.504
-185.778
-181.789
-174.825
-164.708
-151.587
-136.206
-119.532
-102.335
-85.434
-69.746
-55.872
-44.213
-35.041
-28.332
-23.979
-21.851
-21.697
-23.217
-26.127
-30.124
-34.874
-40.046
-45.312
-50.369
-55.008
-59.068
-62.42
-64.947
-66.533
-67.115
-66.687
-65.291
-62.989
-59.849
-55.96
-51.446
-46.477
-41.246
-35.919
-30.624
-25.443
-20.434
-15.644
-11.12
-6.899
-2.988
0.62
3.941
6.988
9.767
12.299
14.622
16.795
18.886
20.943
23.004
25.09
27.219
29.408
31.667
34.002
36.407
38.876
41.411
44.013
46.689
49.441
52.264
55.149
58.086
61.068
64.088
67.137
70.206
73.285
76.364
79.438
82.5
85.54
88.547
91.507
94.406
97.228
99.958
102.581
105.079
107.437
109.641
111.675
113.529
115.189
116.644
117.882
118.894
119.67
120.203
120.484
120.506
120.265
119.758
118.981
117.935
116.621
115.04
113.196
111.095
108.743
106.148
103.317
100.262
96.993
93.522
89.864
86.034
82.047
77.92
73.671
69.319
64.882
60.378
55.826
51.244
46.649
42.059
37.492
32.964
28.491
24.09
19.774
15.56
11.459
7.484
3.645
-0.049
-3.588
-6.965
-10.175
-13.211
-16.07
-18.747
-21.241
-23.549
-25.671
-27.608
-29.361
-30.934
-32.33
-33.555
-34.615
-35.515
-36.264
-36.868
-37.335
-37.674
-37.894
-38.002
-38.009
-37.923
-37.752
-37.508
-37.197
-36.829
-36.411
-35.951
-35.454
-34.928
-34.378
-33.809
-33.225
-32.632
-32.033
-31.432
-30.833
-30.24
-29.656
-29.083
-28.524
-27.98
-27.454
-26.945
-26.455
-25.984
-25.534
-25.104
-24.696
-24.309
-23.944
-23.601
-23.28
-22.982
-22.707
-22.454
-22.225
-22.02
-21.84
-21.687
-21.563
-21.471
-21.412
-21.39
-21.408
-21.469
-21.574
-21.727
-21.929
-22.183
-22.49
-22.852
-23.271
-23.747
-24.283
-24.878
-25.534
-26.25
-27.026
-27.862
-28.756
-29.706
-30.71
-31.765
-32.869
-34.018
-35.209
-36.437
-37.698
-38.986
-40.297
-41.622
-42.955
-44.288
-45.612
-46.92
-48.2
-49.446
-50.646
-51.792
-52.876
-53.888
-54.82
-55.664
-56.41
-57.052
-57.582
-57.991
-58.274
-58.424
-58.434
-58.302
-58.021
-57.591
-57.007
-56.268
-55.374
-54.323
-53.119
-51.762
-50.254
-48.601
-46.808
-44.882
-42.831
-40.666
-38.396
-36.036
-33.599
-31.102
-28.56
-25.991
-23.414
-20.848
-18.311
-15.823
-13.402
-11.065
-8.832
-6.718
-4.741
-2.92
-1.272
0.185
1.434
2.459
3.246
3.785
4.07
4.096
3.859
3.357
2.577
1.515
0.168
-1.469
-3.396
-5.608
-8.095
-10.827
-13.759
-16.848
-20.051
-23.329
-26.654
-29.987
-33.286
-36.511
-39.609
-42.531
-45.243
-47.694
-49.841
-51.654
-53.126
-54.309
-55.295
-56.169
-57
-57.825
-58.684
-59.673
-60.903
-62.494
-64.584
-67.231
-70.535
-74.72
-79.821
-85.705
-92.042
-98.087
-103.083
-106.562
-107.942
-106.63
-102.701
-96.523
-88.994
-82.065
-77.358
-75.888
-78.852
-86.742
-98.445
-112.125
-124.809
-131.841
-129.259
-113.741
-81.503
-30.478
38.656
123.717
220.477
322.603
424.176
518.917
599.127
658.734
694.409
704.448
689.339
651.108
591.814
515.236
427.487
334.408
240.633
150.033
65.518
-9.924
-73.185
-123.048
-160.288
-186.398
-203.003
-211.538
-213.593
-211.802
-208.967
-206.724
-205.677
-205.633
-206.026
-206.521
-206.533
-204.81
-200.304
-192.576
-181.67
-168.186
-152.916
-136.481
-119.61
-103.206
-87.913
-74.134
-62.099
-51.804
-43.25
-36.475
-31.41
-27.901
-25.808
-24.983
-25.283
-26.584
-28.702
-31.416
-34.535
-37.898
-41.391
-44.919
-48.366
-51.597
-54.453
-56.793
-58.519
-59.573
-59.92
-59.551
-58.471
-56.712
-54.339
-51.435
-48.066
-44.29
-40.143
-35.659
-30.893
-25.92
-20.834
-15.737
-10.702
-5.781
-1.018
3.563
7.945
12.123
16.114
19.946
23.642
27.215
30.676
34.027
37.286
40.478
43.631
46.783
49.956
53.167
56.426
59.738
63.103
66.517
69.963
73.422
76.874
80.307
83.706
87.062
90.36
93.584
96.719
99.748
102.654
105.425
108.044
110.498
112.774
114.862
116.751
118.434
119.902
121.146
122.157
122.926
123.443
123.702
123.695
123.417
122.863
122.03
120.917
119.526
117.858
115.917
113.71
111.241
108.521
105.557
102.361
98.944
95.32
91.501
87.503
83.341
79.03
74.588
70.031
65.377
60.643
55.847
51.007
46.14
41.264
36.398
31.558
26.762
22.027
17.37
12.806
8.352
4.022
-0.172
-4.216
-8.1
-11.814
-15.349
-18.697
-21.852
-24.809
-27.564
-30.115
-32.458
-34.595
-36.526
-38.253
-39.779
-41.107
-42.243
-43.192
-43.96
-44.554
-44.981
-45.248
-45.365
-45.34
-45.183
-44.904
-44.512
-44.018
-43.432
-42.765
-42.026
-41.226
-40.374
-39.481
-38.554
-37.604
-36.638
-35.666
-34.694
-33.73
-32.78
-31.85
-30.946
-30.071
-29.23
-28.426
-27.661
-26.937
-26.257
-25.62
-25.029
-24.484
-23.984
-23.53
-23.12
-22.753
-22.428
-22.143
-21.897
-21.689
-21.515
-21.376
-21.269
-21.193
-21.146
-21.127
-21.135
-21.168
-21.225
-21.304
-21.404
-21.525
-21.665
-21.825
-22.005
-22.205
-22.426
-22.667
-22.93
-23.215
-23.524
-23.856
-24.214
-24.598
-25.009
-25.448
-25.917
-26.417
-26.946
-27.507
-28.099
-28.721
-29.372
-30.051
-30.754
-31.481
-32.229
-32.996
-33.777
-34.569
-35.37
-36.175
-36.979
-37.777
-38.565
-39.335
-40.083
-40.801
-41.485
-42.126
-42.72
-43.259
-43.737
-44.148
-44.485
-44.742
-44.912
-44.99
-44.969
-44.846
-44.616
-44.276
-43.824
-43.257
-42.575
-41.779
-40.87
-39.849
-38.719
-37.485
-36.15
-34.72
-33.202
-31.603
-29.934
-28.205
-26.431
-24.624
-22.8
-20.975
-19.164
-17.384
-15.65
-13.974
-12.372
-10.855
-9.438
-8.135
-6.963
-5.936
-5.072
-4.382
-3.88
-3.577
-3.479
-3.589
-3.906
-4.433
-5.178
-6.155
-7.376
-8.848
-10.576
-12.561
-14.794
-17.252
-19.899
-22.684
-25.55
-28.45
-31.337
-34.176
-36.93
-39.552
-41.985
-44.164
-46.035
-47.553
-48.683
-49.392
-49.685
-49.616
-49.273
-48.796
-48.317
-47.92
-47.714
-47.814
-48.339
-49.451
-51.309
-54.014
-57.709
-62.56
-68.546
-75.534
-83.186
-90.82
-97.805
-103.579
-107.429
-108.836
-107.787
-104.563
-99.965
-95.362
-91.73
-89.879
-90.858
-94.891
-101.076
-107.746
-112.183
-111.115
-101.826
-81.498
-46.901
3.696
70.042
150.158
240.315
336.176
433.111
525.107
604.825
665.841
703.791
716.411
703.056
663.384
598.354
511.655
409.574
299.233
186.804
77.337
-24.396
-112.918
-183.641
-234.626
-266.681
-282.37
-284.323
-275.036
-257.586
-236.31
-215.676
-198.482
-185.705
-177
-171.674
-169.107
-168.442
-168.039
-165.916
-160.986
-153.055
-142.581
-130.365
-117.003
-102.988
-89.047
-76.021
-64.432
-54.517
-46.279
-39.546
-34.236
-30.299
-27.61
-26.003
-25.293
-25.326
-25.981
-27.158
-28.77
-30.728
-32.951
-35.376
-37.947
-40.588
-43.205
-45.672
-47.843
-49.616
-50.925
-51.723
-52.009
-51.789
-51.08
-49.927
-48.367
-46.422
-44.118
-41.464
-38.464
-35.153
-31.58
-27.818
-23.967
-20.098
-16.258
-12.485
-8.792
-5.188
-1.673
1.773
5.176
8.556
11.928
15.296
18.66
22.033
25.434
28.89
32.438
36.102
39.895
43.827
47.901
52.111
56.45
60.899
65.432
70.023
74.654
79.304
83.958
88.596
93.194
97.73
102.178
106.517
110.723
114.774
118.649
122.327
125.788
129.016
131.998
134.717
137.158
139.308
141.153
142.68
143.881
144.746
145.267
145.437
145.254
144.716
143.822
142.575
140.979
139.04
136.765
134.163
131.247
128.029
124.523
120.743
116.708
112.432
107.935
103.236
98.354
93.309
88.123
82.817
77.414
71.935
66.403
60.838
55.264
49.7
44.166
38.684
33.27
27.945
22.725
17.627
12.667
7.858
3.214
-1.253
-5.532
-9.615
-13.494
-17.163
-20.615
-23.849
-26.859
-29.646
-32.209
-34.547
-36.664
-38.561
-40.242
-41.713
-42.978
-44.046
-44.922
-45.615
-46.133
-46.485
-46.681
-46.731
-46.642
-46.427
-46.094
-45.655
-45.118
-44.495
-43.795
-43.029
-42.206
-41.336
-40.427
-39.488
-38.528
-37.553
-36.572
-35.592
-34.618
-33.657
-32.715
-31.796
-30.905
-30.047
-29.225
-28.443
-27.703
-27.009
-26.362
-25.764
-25.217
-24.722
-24.282
-23.896
-23.567
-23.294
-23.078
-22.92
-22.819
-22.776
-22.79
-22.861
-22.988
-23.171
-23.408
-23.701
-24.047
-24.445
-24.895
-25.395
-25.945
-26.542
-27.186
-27.874
-28.606
-29.378
-30.189
-31.036
-31.917
-32.829
-33.769
-34.732
-35.715
-36.713
-37.723
-38.738
-39.754
-40.766
-41.769
-42.756
-43.723
-44.663
-45.572
-46.442
-47.269
-48.046
-48.767
-49.426
-50.018
-50.537
-50.977
-51.333
-51.6
-51.773
-51.847
-51.819
-51.683
-51.436
-51.075
-50.598
-50.003
-49.289
-48.456
-47.504
-46.436
-45.252
-43.957
-42.553
-41.047
-39.443
-37.747
-35.967
-34.111
-32.186
-30.202
-28.169
-26.099
-24.004
-21.898
-19.795
-17.709
-15.657
-13.655
-11.717
-9.861
-8.1
-6.446
-4.915
-3.519
-2.274
-1.195
-0.295
0.412
0.915
1.203
1.267
1.102
0.71
0.091
-0.751
-1.823
-3.133
-4.69
-6.496
-8.549
-10.846
-13.376
-16.119
-19.047
-22.115
-25.28
-28.5
-31.742
-34.984
-38.194
-41.34
-44.369
-47.216
-49.823
-52.144
-54.138
-55.769
-57.025
-57.927
-58.533
-58.941
-59.238
-59.481
-59.722
-60.035
-60.504
-61.238
-62.367
-63.987
-66.245
-69.352
-73.347
-78.127
-83.404
-88.611
-93.211
-96.832
-98.918
-98.818
-96.41
-91.959
-86.308
-80.97
-76.948
-74.678
-74.88
-78.308
-84.769
-93.144
-100.92
-104.361
-100.799
-88.37
-64.315
-25.933
28.146
98.178
179.72
266.519
356.479
445.569
532.638
616.387
684.199
727.524
737.945
706.775
642.882
555.396
453.201
350.334
249.356
151.823
62.646
-16.599
-81.362
-128.008
-157.28
-171.446
-174.298
-169.953
-162.227
-154.26
-147.989
-144.574
-144.239
-146.088
-148.947
-151.497
-151.996
-149.359
-143.35
-134.019
-121.953
-108.065
-93.157
-78.156
-64.13
-51.755
-41.38
-33.224
-27.245
-23.34
-21.44
-21.31
-22.625
-25.083
-28.36
-32.161
-36.25
-40.364
-44.249
-47.725
-50.651
-52.923
-54.482
-55.252
-55.161
-54.186
-52.328
-49.623
-46.156
-42.038
-37.425
-32.494
-27.403
-22.292
-17.269
-12.392
-7.709
-3.267
0.91
4.785
8.314
11.477
14.236
16.545
18.402
19.838
20.932
21.807
22.559
23.254
23.942
24.642
25.385
26.215
27.158
28.239
29.496
30.964
32.708
34.829
37.375
40.352
43.721
47.386
51.28
55.364
59.601
63.962
68.412
72.905
77.412
81.924
86.409
90.83
95.119
99.176
102.941
106.393
109.534
112.411
115.049
117.451
119.628
121.59
123.345
124.899
126.243
127.346
128.196
128.791
129.142
129.28
129.218
128.952
128.466
127.734
126.737
125.466
123.909
122.051
119.888
117.419
114.654
111.619
108.332
104.806
101.053
97.08
92.9
88.531
83.992
79.303
74.484
69.557
64.542
59.464
54.346
49.206
44.061
38.924
33.808
28.73
23.702
18.74
13.854
9.06
4.369
-0.204
-4.646
-8.947
-13.097
-17.089
-20.917
-24.573
-28.054
-31.357
-34.48
-37.421
-40.18
-42.757
-45.152
-47.367
-49.406
-51.273
-52.971
-54.508
-55.889
-57.121
-58.211
-59.168
-59.997
-60.706
-61.301
-61.789
-62.175
-62.467
-62.668
-62.785
-62.826
-62.799
-62.712
-62.575
-62.393
-62.175
-61.928
-61.661
-61.378
-61.082
-60.774
-60.457
-60.133
-59.808
-59.485
-59.167
-58.856
-58.557
-58.275
-58.015
-57.775
-57.552
-57.332
-57.111
-56.894
-56.69
-56.515
-56.382
-56.299
-56.279
-56.346
-56.508
-56.769
-57.114
-57.508
-57.932
-58.378
-58.847
-59.361
-59.92
-60.505
-61.096
-61.667
-62.19
-62.643
-62.985
-63.148
-63.101
-62.839
-62.392
-61.84
-61.232
-60.591
-59.932
-59.25
-58.557
-57.889
-57.269
-56.718
-56.264
-55.935
-55.789
-55.92
-56.375
-57.152
-58.211
-59.448
-60.793
-62.209
-63.654
-65.1
-66.515
-67.851
-69.08
-70.197
-71.175
-71.985
-72.567
-72.831
-72.728
-72.246
-71.408
-70.276
-68.895
-67.284
-65.473
-63.489
-61.356
-59.099
-56.726
-54.222
-51.589
-48.84
-46.004
-43.128
-40.241
-37.353
-34.465
-31.565
-28.648
-25.722
-22.789
-19.85
-16.91
-13.981
-11.085
-8.255
-5.516
-2.884
-0.373
2.007
4.242
6.312
8.2
9.887
11.357
12.597
13.591
14.326
14.797
15.001
14.94
14.611
14.002
13.103
11.909
10.42
8.64
6.582
4.265
1.72
-1.007
-3.867
-6.81
-9.795
-12.786
-15.747
-18.634
-21.388
-23.938
-26.217
-28.176
-29.774
-30.981
-31.79
-32.236
-32.384
-32.341
-32.212
-32.071
-32.002
-32.117
-32.529
-33.372
-34.797
-36.91
-39.876
-43.919
-49.055
-55.144
-61.869
-68.637
-74.922
-80.383
-84.458
-86.436
-86.152
-83.789
-80.042
-76.255
-73.238
-71.172
-70.61
-72.286
-75.987
-80.709
-84.249
-83.233
-75.213
-58.508
-30.798
10.514
66.833
137.941
221.366
312.793
408.379
504.044
594.066
671.538
730.005
764.897
774.166
757.448
714.336
645.771
555.446
449.604
335.609
219.748
106.836
1.328
-91.652
-167.862
-225.566
-265.888
-291.849
-305.914
-309.779
-305.44
-295.903
-284.466
-273.095
-261.551
-247.994
-231.384
-211.808
-189.829
-165.926
-139.874
-111.816
-83.443
-57.614
-36.402
-20.647
-10.049
-3.454
-0.388
-0.698
-3.407
-6.892
-9.906
-11.833
-12.979
-14.528
-17.065
-20.551
-25.057
-30.683
-37.441
-45.256
-53.617
-61.561
-68.441
-73.983
-78.035
-80.644
-81.846
-81.615
-80.065
-77.44
-73.95
-69.786
-65.109
-60.016
-54.633
-49.129
-43.644
-38.316
-33.248
-28.485
-24.052
-19.954
-16.18
-12.713
-9.526
-6.577
-3.821
-1.216
1.288
3.733
6.166
8.646
11.217
13.917
16.769
19.784
22.96
26.295
29.779
33.398
37.142
40.996
44.951
49.001
53.135
57.343
61.608
65.912
70.234
74.557
78.861
83.127
87.337
91.475
95.525
99.473
103.306
107.007
110.557
113.929
117.096
120.033
122.721
125.146
127.297
129.177
130.792
132.154
133.278
134.173
134.839
135.266
135.433
135.319
134.898
134.158
133.103
131.735
130.051
128.046
125.711
123.021
119.944
116.437
112.452
107.958
102.95
97.452
91.519
85.226
78.664
71.905
65.006
58.02
50.994
43.981
37.034
30.22
23.617
17.32
11.44
6.064
1.252
-2.978
-6.649
-9.813
-12.549
-14.923
-16.984
-18.775
-20.323
-21.657
-22.801
-23.786
-24.651
-25.45
-26.262
-27.151
-28.165
-29.322
-30.606
-31.98
-33.385
-34.769
-36.09
-37.317
-38.433
-39.431
-40.306
-41.061
-41.701
-42.215
-42.582
-42.782
-42.799
-42.632
-42.294
-41.808
-41.208
-40.529
-39.799
-39.043
-38.278
-37.513
-36.754
-35.999
-35.245
-34.49
-33.74
-32.999
-32.277
-31.577
-30.902
-30.25
-29.62
-29.007
-28.407
-27.816
-27.232
-26.654
-26.084
-25.525
-24.985
-24.468
-23.982
-23.528
-23.11
-22.73
-22.386
-22.078
-21.804
-21.563
-21.353
-21.176
-21.035
-20.935
-20.88
-20.878
-20.932
-21.046
-21.222
-21.462
-21.766
-22.13
-22.553
-23.035
-23.581
-24.199
-24.895
-25.668
-26.514
-27.425
-28.382
-29.363
-30.343
-31.292
-32.189
-33.021
-33.786
-34.495
-35.161
-35.801
-36.421
-37.012
-37.57
-38.091
-38.581
-39.049
-39.52
-40.029
-40.62
-41.35
-42.255
-43.353
-44.631
-46.05
-47.551
-49.063
-50.528
-51.911
-53.18
-54.305
-55.256
-56.003
-56.499
-56.69
-56.506
-55.86
-54.69
-52.959
-50.674
-47.88
-44.653
-41.098
-37.303
-33.346
-29.293
-25.197
-21.11
-17.076
-13.149
-9.382
-5.849
-2.642
0.159
2.494
4.331
5.67
6.536
6.981
7.049
6.787
6.226
5.386
4.278
2.897
1.239
-0.695
-2.895
-5.333
-7.976
-10.787
-13.719
-16.724
-19.762
-22.804
-25.83
-28.828
-31.777
-34.642
-37.378
-39.923
-42.219
-44.216
-45.871
-47.15
-48.039
-48.56
-48.8
-48.889
-48.967
-49.149
-49.503
-50.093
-51.01
-52.359
-54.28
-56.915
-60.341
-64.659
-70.011
-76.387
-83.633
-91.387
-98.906
-105.433
-110.347
-112.943
-112.742
-109.802
-104.471
-97.606
-90.665
-84.788
-80.919
-80.137
-82.578
-87.159
-92.064
-94.379
-90.68
-78.35
-54.724
-16.87
36.476
104.681
185.426
274.321
366.492
457.774
543.001
615.981
671.615
706.253
718.315
708.531
677.838
626.748
557.451
474.155
381.746
285.221
188.482
94.321
6.144
-71.742
-135.94
-185.088
-219.477
-240.413
-249.18
-247.035
-236.147
-220.024
-202.36
-185.522
-170.55
-157.659
-146.83
-138.072
-131.047
-124.53
-116.909
-107.328
-95.714
-82.52
-68.433
-53.971
-39.569
-25.94
-13.987
-4.313
2.834
7.509
10.016
10.617
9.501
6.892
3.081
-1.634
-6.955
-12.62
-18.473
-24.377
-30.17
-35.674
-40.667
-44.953
-48.424
-51.039
-52.791
-53.695
-53.765
-53.024
-51.539
-49.413
-46.754
-43.667
-40.219
-36.466
-32.477
-28.345
-24.187
-20.102
-16.144
-12.338
-8.7
-5.24
-1.972
1.106
4.024
6.819
9.525
12.166
14.752
17.295
19.819
22.351
24.929
27.578
30.306
33.12
36.021
39.01
42.086
45.241
48.454
51.706
54.984
58.275
61.571
64.858
68.122
71.344
74.508
77.597
80.599
83.496
86.274
88.917
91.41
93.74
95.898
97.871
99.645
101.208
102.548
103.654
104.516
105.124
105.469
105.546
105.347
104.871
104.114
103.076
101.755
100.153
98.272
96.115
93.686
90.99
88.034
84.827
81.376
77.692
73.786
69.671
65.359
60.864
56.201
51.387
46.438
41.37
36.202
30.953
25.64
20.283
14.901
9.512
4.135
-1.213
-6.513
-11.75
-16.907
-21.969
-26.922
-31.752
-36.448
-40.996
-45.386
-49.608
-53.652
-57.511
-61.177
-64.644
-67.907
-70.962
-73.805
-76.434
-78.849
-81.048
-83.033
-84.806
-86.369
-87.727
-88.884
-89.848
-90.623
-91.22
-91.646
-91.909
-92.021
-91.991
-91.828
-91.543
-91.147
-90.649
-90.06
-89.391
-88.651
-87.85
-86.999
-86.105
-85.179
-84.229
-83.264
-82.289
-81.314
-80.345
-79.389
-78.451
-77.539
-76.657
-75.811
-75.005
-74.245
-73.533
-72.873
-72.269
-71.72
-71.231
-70.8
-70.43
-70.119
-69.869
-69.678
-69.547
-69.473
-69.457
-69.496
-69.589
-69.735
-69.931
-70.176
-70.469
-70.808
-71.191
-71.618
-72.087
-72.596
-73.146
-73.733
-74.357
-75.015
-75.705
-76.425
-77.172
-77.941
-78.731
-79.536
-80.354
-81.179
-82.009
-82.837
-83.66
-84.473
-85.27
-86.047
-86.797
-87.516
-88.198
-88.836
-89.427
-89.964
-90.442
-90.855
-91.197
-91.462
-91.644
-91.736
-91.733
-91.629
-91.416
-91.089
-90.643
-90.073
-89.375
-88.547
-87.584
-86.485
-85.251
-83.88
-82.374
-80.737
-78.969
-77.078
-75.067
-72.944
-70.717
-68.393
-65.984
-63.502
-60.959
-58.37
-55.749
-53.113
-50.477
-47.857
-45.27
-42.729
-40.25
-37.846
-35.535
-33.332
-31.255
-29.324
-27.553
-25.961
-24.561
-23.365
-22.383
-21.619
-21.075
-20.756
-20.669
-20.832
-21.256
-21.951
-22.921
-24.165
-25.674
-27.429
-29.401
-31.545
-33.817
-36.176
-38.589
-41.03
-43.474
-45.879
-48.191
-50.344
-52.269
-53.912
-55.231
-56.183
-56.756
-56.98
-56.911
-56.651
-56.293
-55.889
-55.505
-55.216
-55.106
-55.313
-55.99
-57.248
-59.273
-62.274
-66.256
-71.106
-76.504
-81.861
-86.707
-90.663
-93.169
-93.781
-92.532
-89.832
-86.65
-84.224
-83.157
-83.654
-86.085
-90.512
-96.255
-101.768
-104.379
-101.235
-90.556
-71.153
-41.508
-0.272
53.098
117.901
191.517
270.769
353.249
436.288
515.799
586.874
644.535
684.26
703.573
700.736
673.518
621.404
546.613
453.276
347.2
235.381
123.757
18.417
-73.474
-146.999
-199.937
-231.84
-244.62
-241.871
-226.98
-204.325
-179.668
-157
-138.639
-125.994
-118.756
-115.805
-116.207
-118.226
-119.355
-118.219
-114.289
-107.447
-98.435
-88.069
-76.897
-65.816
-55.905
-47.717
-41.484
-37.224
-34.612
-33.407
-33.488
-34.561
-36.274
-38.361
-40.558
-42.677
-44.622
-46.244
-47.401
-48.014
-48.016
-47.398
-46.201
-44.447
-42.162
-39.386
-36.138
-32.482
-28.522
-24.342
-20.032
-15.676
-11.338
-7.092
-3.005
0.888
4.577
8.063
11.37
14.512
17.494
20.33
23.025
25.595
28.076
30.496
32.876
35.242
37.614
40.016
42.477
45.009
47.617
50.3
53.057
55.888
58.799
61.791
64.865
68.019
71.251
74.557
77.933
81.375
84.873
88.417
91.994
95.591
99.196
102.798
106.38
109.93
113.428
116.859
120.207
123.454
126.582
129.572
132.405
135.065
137.534
139.797
141.837
143.64
145.192
146.479
147.491
148.218
148.649
148.777
148.595
148.097
147.281
146.144
144.685
142.907
140.813
138.409
135.703
132.704
129.423
125.874
122.07
118.026
113.761
109.29
104.633
99.807
94.834
89.733
84.526
79.233
73.875
68.472
63.044
57.612
52.194
46.808
41.474
36.208
31.027
25.949
20.987
16.158
11.475
6.95
2.594
-1.582
-5.571
-9.364
-12.958
-16.348
-19.532
-22.507
-25.274
-27.834
-30.188
-32.339
-34.292
-36.05
-37.619
-39.006
-40.215
-41.254
-42.129
-42.847
-43.414
-43.837
-44.122
-44.274
-44.3
-44.208
-44.002
-43.689
-43.277
-42.772
-42.18
-41.507
-40.759
-39.942
-39.06
-38.119
-37.121
-36.072
-34.974
-33.83
-32.644
-31.418
-30.154
-28.854
-27.521
-26.156
-24.761
-23.339
-21.891
-20.42
-18.93
-17.426
-15.911
-14.393
-12.875
-11.366
-9.871
-8.397
-6.951
-5.54
-4.17
-2.848
-1.579
-0.371
0.771
1.841
2.834
3.742
4.563
5.289
5.918
6.444
6.864
7.176
7.375
7.459
7.426
7.275
7.004
6.613
6.104
5.477
4.736
3.886
2.932
1.882
0.743
-0.475
-1.763
-3.108
-4.5
-5.927
-7.377
-8.837
-10.297
-11.744
-13.165
-14.549
-15.886
-17.163
-18.37
-19.499
-20.538
-21.481
-22.318
-23.044
-23.652
-24.135
-24.489
-24.708
-24.789
-24.73
-24.529
-24.187
-23.703
-23.083
-22.331
-21.454
-20.461
-19.363
-18.174
-16.907
-15.58
-14.208
-12.811
-11.406
-10.013
-8.649
-7.331
-6.075
-4.898
-3.815
-2.842
-1.995
-1.289
-0.738
-0.36
-0.168
-0.176
-0.393
-0.824
-1.474
-2.347
-3.451
-4.798
-6.4
-8.258
-10.372
-12.74
-15.351
-18.186
-21.211
-24.368
-27.597
-30.842
-34.052
-37.189
-40.213
-43.079
-45.735
-48.123
-50.188
-51.896
-53.224
-54.143
-54.656
-54.782
-54.595
-54.243
-53.872
-53.617
-53.59
-53.846
-54.471
-55.585
-57.297
-59.735
-63.012
-67.145
-72.189
-78.267
-85.269
-92.94
-100.825
-108.106
-114.108
-118.376
-120.299
-119.381
-115.62
-109.236
-100.927
-92.015
-83.347
-75.451
-69.175
-64.784
-61.599
-58.414
-53.148
-43.015
-25.724
0.659
38.508
89.663
154.072
230.106
315.228
403.786
489.792
569.876
637.852
691.69
731.552
750.581
745.309
707.981
631.934
523.742
390.658
250.118
119.106
4.664
-84.439
-151.968
-203.747
-241.213
-270.554
-289.885
-296.231
-291.599
-276.832
-256.416
-235.073
-213.64
-192.462
-171.849
-152.28
-134.287
-117.97
-103.014
-89.237
-77.624
-69.163
-63.58
-59.929
-57.539
-56.045
-55.54
-56.005
-56.486
-56.203
-55.295
-54.421
-54.161
-54.686
-55.712
-56.928
-58.456
-60.4
-62.572
-64.516
-65.747
-66.003
-65.207
-63.399
-60.602
-56.821
-52.142
-46.79
-41.039
-35.178
-29.532
-24.335
-19.742
-15.876
-12.737
-10.259
-8.382
-7.013
-6.073
-5.516
-5.27
-5.259
-5.436
-5.724
-6.012
-6.153
-5.926
-5.121
-3.615
-1.334
1.707
5.424
9.726
14.49
19.591
24.941
30.465
36.105
41.835
47.631
53.441
59.203
64.811
70.145
75.122
79.684
83.819
87.56
90.955
94.077
96.998
99.772
102.434
104.998
107.46
109.803
112.018
114.09
116.026
117.847
119.569
121.202
122.746
124.18
125.477
126.597
127.501
128.155
128.535
128.626
128.422
127.926
127.147
126.096
124.784
123.213
121.387
119.308
116.98
114.411
111.614
108.602
105.393
102.005
98.456
94.765
90.947
87.017
82.99
78.876
74.689
70.44
66.144
61.815
57.467
53.114
48.77
44.45
40.166
35.93
31.752
27.643
23.61
19.661
15.803
12.043
8.386
4.837
1.402
-1.916
-5.111
-8.181
-11.122
-13.934
-16.615
-19.165
-21.583
-23.871
-26.03
-28.06
-29.963
-31.74
-33.393
-34.924
-36.333
-37.624
-38.799
-39.861
-40.814
-41.661
-42.405
-43.049
-43.597
-44.053
-44.419
-44.698
-44.894
-45.01
-45.05
-45.018
-44.918
-44.754
-44.531
-44.252
-43.922
-43.544
-43.122
-42.66
-42.163
-41.633
-41.075
-40.494
-39.895
-39.282
-38.66
-38.034
-37.41
-36.793
-36.187
-35.597
-35.028
-34.486
-33.974
-33.498
-33.063
-32.672
-32.33
-32.041
-31.808
-31.634
-31.521
-31.472
-31.489
-31.572
-31.722
-31.94
-32.227
-32.582
-33.006
-33.496
-34.052
-34.671
-35.35
-36.087
-36.876
-37.713
-38.593
-39.51
-40.458
-41.43
-42.419
-43.418
-44.418
-45.411
-46.387
-47.338
-48.254
-49.126
-49.945
-50.701
-51.386
-51.991
-52.508
-52.931
-53.251
-53.462
-53.558
-53.531
-53.378
-53.094
-52.674
-52.116
-51.419
-50.58
-49.603
-48.487
-47.236
-45.855
-44.347
-42.719
-40.978
-39.133
-37.193
-35.169
-33.072
-30.917
-28.721
-26.502
-24.279
-22.072
-19.901
-17.786
-15.746
-13.801
-11.965
-10.253
-8.68
-7.261
-6.012
-4.951
-4.095
-3.456
-3.049
-2.881
-2.961
-3.295
-3.876
-4.705
-5.781
-7.109
-8.702
-10.578
-12.739
-15.19
-17.927
-20.928
-24.169
-27.612
-31.198
-34.874
-38.584
-42.276
-45.912
-49.445
-52.815
-55.959
-58.8
-61.256
-63.276
-64.809
-65.822
-66.346
-66.427
-66.144
-65.618
-64.936
-64.199
-63.554
-63.131
-63.102
-63.662
-64.939
-67.132
-70.504
-75.082
-80.75
-87.194
-93.711
-99.692
-104.692
-108.019
-109.151
-108.169
-105.436
-101.943
-99.304
-98.521
-100.28
-105.469
-114.07
-124.897
-135.982
-144.023
-145.15
-136.577
-115.591
-79.192
-25.966
43.784
127.992
222.227
321.49
421.552
517.08
601.484
668.98
714.946
736.865
734.809
709.124
659.767
588.74
500.463
400.477
294.795
188.298
84.538
-12.295
-97.103
-166.069
-217.726
-252.678
-272.897
-280.218
-276.329
-263.872
-246.813
-229.168
-213.442
-200.521
-190.249
-182.283
-176.351
-171.89
-167.502
-161.402
-152.659
-141.187
-127.475
-112.345
-96.42
-80.185
-64.389
-49.923
-37.367
-27.053
-19.035
-13.085
-9.026
-6.708
-5.908
-6.405
-7.968
-10.358
-13.376
-16.848
-20.611
-24.541
-28.515
-32.383
-35.999
-39.181
-41.766
-43.671
-44.848
-45.278
-44.969
-43.922
-42.169
-39.783
-36.846
-33.441
-29.636
-25.468
-20.976
-16.225
-11.294
-6.285
-1.306
3.583
8.335
12.916
17.308
21.497
25.476
29.271
32.912
36.422
39.82
43.111
46.297
49.396
52.433
55.436
58.444
61.478
64.551
67.675
70.856
74.095
77.387
80.72
84.071
87.427
90.774
94.102
97.402
100.662
103.867
107.001
110.048
112.993
115.82
118.515
121.061
123.446
125.657
127.684
129.519
131.151
132.57
133.766
134.728
135.446
135.912
136.116
136.05
135.706
135.081
134.17
132.97
131.48
129.701
127.634
125.28
122.644
119.731
116.547
113.1
109.4
105.456
101.281
96.886
92.286
87.495
82.529
77.402
72.132
66.736
61.229
55.631
49.958
44.228
38.459
32.67
26.879
21.105
15.365
9.677
4.059
-1.473
-6.902
-12.213
-17.391
-22.423
-27.294
-31.994
-36.51
-40.832
-44.951
-48.859
-52.549
-56.016
-59.255
-62.262
-65.036
-67.575
-69.878
-71.946
-73.78
-75.383
-76.755
-77.902
-78.827
-79.536
-80.034
-80.327
-80.424
-80.332
-80.059
-79.616
-79.012
-78.256
-77.36
-76.333
-75.187
-73.933
-72.583
-71.148
-69.64
-68.07
-66.451
-64.793
-63.107
-61.404
-59.694
-57.987
-56.292
-54.619
-52.977
-51.376
-49.822
-48.327
-46.896
-45.539
-44.262
-43.073
-41.977
-40.982
-40.091
-39.309
-38.641
-38.089
-37.657
-37.346
-37.158
-37.094
-37.152
-37.333
-37.635
-38.054
-38.588
-39.232
-39.982
-40.833
-41.778
-42.812
-43.927
-45.117
-46.373
-47.687
-49.051
-50.455
-51.889
-53.343
-54.805
-56.264
-57.709
-59.128
-60.509
-61.84
-63.109
-64.305
-65.415
-66.43
-67.337
-68.126
-68.787
-69.311
-69.689
-69.912
-69.975
-69.871
-69.596
-69.147
-68.52
-67.715
-66.732
-65.571
-64.235
-62.728
-61.054
-59.219
-57.231
-55.1
-52.835
-50.448
-47.954
-45.365
-42.7
-39.977
-37.214
-34.433
-31.654
-28.9
-26.193
-23.556
-21.01
-18.576
-16.275
-14.127
-12.151
-10.369
-8.798
-7.458
-6.368
-5.544
-4.998
-4.741
-4.778
-5.112
-5.744
-6.677
-7.918
-9.472
-11.339
-13.521
-16.016
-18.815
-21.903
-25.247
-28.797
-32.507
-36.328
-40.212
-44.124
-48.018
-51.848
-55.563
-59.103
-62.407
-65.427
-68.111
-70.408
-72.287
-73.743
-74.828
-75.636
-76.264
-76.796
-77.281
-77.775
-78.385
-79.23
-80.44
-82.161
-84.471
-87.486
-91.436
-96.35
-102.073
-108.26
-114.153
-119.005
-122.361
-123.591
-122.031
-117.713
-110.971
-102.695
-94.835
-88.871
-85.644
-86.315
-91.456
-100.156
-110.872
-120.736
-125.159
-120.496
-103.598
-70.808
-20
48.966
134.818
233.842
340.249
448.466
551.954
642.983
715.081
762.819
782.483
772.862
734.042
667.455
577.267
469.55
350.9
228.787
109.734
-0.541
-95.813
-171.927
-227.571
-263.044
-280.436
-283.363
-275.131
-259.777
-242.706
-227.546
-216.198
-209.718
-207.533
-208.357
-211.188
-214.251
-215.048
-212.247
-205.338
-194.278
-179.927
-163.232
-144.962
-126.211
-108.172
-91.571
-76.834
-64.191
-53.6
-45.038
-38.502
-33.846
-30.865
-29.399
-29.309
-30.46
-32.725
-35.901
-39.724
-43.985
-48.524
-53.176
-57.793
-62.187
-66.125
-69.447
-72.067
-73.922
-74.987
-75.246
-74.679
-73.319
-71.24
-68.53
-65.293
-61.606
-57.519
-53.105
-48.45
-43.661
-38.874
-34.183
-29.637
-25.279
-21.137
-17.23
-13.58
-10.176
-6.98
-3.961
-1.089
1.658
4.286
6.822
9.299
11.756
14.241
16.785
19.4
22.102
24.896
27.786
30.768
33.831
36.949
40.103
43.277
46.458
49.634
52.792
55.911
58.974
61.965
64.866
67.663
70.34
72.883
75.277
77.51
79.571
81.451
83.14
84.628
85.902
86.953
87.77
88.345
88.67
88.736
88.539
88.075
87.342
86.341
85.073
83.544
81.759
79.726
77.453
74.952
72.233
69.31
66.194
62.899
59.438
55.826
52.077
48.204
44.224
40.151
36.001
31.79
27.533
23.246
18.945
14.644
10.361
6.108
1.902
-2.242
-6.31
-10.288
-14.161
-17.918
-21.546
-25.037
-28.38
-31.569
-34.598
-37.463
-40.161
-42.689
-45.046
-47.231
-49.246
-51.089
-52.762
-54.268
-55.606
-56.781
-57.795
-58.651
-59.351
-59.901
-60.304
-60.563
-60.684
-60.67
-60.529
-60.264
-59.884
-59.394
-58.804
-58.122
-57.357
-56.518
-55.614
-54.655
-53.65
-52.606
-51.532
-50.437
-49.326
-48.208
-47.089
-45.975
-44.873
-43.789
-42.728
-41.697
-40.701
-39.746
-38.837
-37.979
-37.18
-36.443
-35.776
-35.184
-34.671
-34.243
-33.905
-33.66
-33.511
-33.459
-33.506
-33.65
-33.891
-34.226
-34.651
-35.162
-35.754
-36.421
-37.157
-37.955
-38.808
-39.707
-40.644
-41.611
-42.599
-43.599
-44.601
-45.597
-46.574
-47.524
-48.435
-49.296
-50.093
-50.816
-51.45
-51.983
-52.402
-52.695
-52.849
-52.852
-52.692
-52.36
-51.846
-51.143
-50.244
-49.144
-47.839
-46.329
-44.612
-42.691
-40.569
-38.248
-35.737
-33.042
-30.172
-27.136
-23.946
-20.613
-17.15
-13.573
-9.896
-6.136
-2.312
1.556
5.445
9.332
13.192
16.999
20.727
24.35
27.842
31.179
34.34
37.302
40.046
42.55
44.794
46.759
48.428
49.785
50.82
51.522
51.888
51.92
51.623
51.001
50.054
48.775
47.162
45.215
42.934
40.328
37.409
34.206
30.76
27.124
23.354
19.505
15.626
11.756
7.943
4.24
0.712
-2.566
-5.525
-8.107
-10.257
-11.925
-13.095
-13.801
-14.112
-14.139
-13.986
-13.713
-13.404
-13.161
-13.096
-13.374
-14.165
-15.584
-17.803
-21.035
-25.289
-30.445
-36.16
-41.714
-46.453
-49.845
-51.172
-49.926
-46.211
-40.454
-33.692
-27.612
-23.354
-21.806
-24.113
-30.449
-39.714
-49.961
-57.9
-59.612
-52.12
-32.35
3.121
55.964
126.009
211.158
306.975
408.454
510.82
607.831
692.119
757.307
798.3
812.518
799.785
760.112
694.392
606.009
500.562
384.862
265.891
148.893
38.138
-61.517
-145.842
-212.018
-259.289
-289.207
-303.888
-304.648
-293.041
-271.328
-242.238
-209.125
-174.513
-139.533
-105.66
-74.977
-49.253
-30.196
-18.557
-13.574
-14.47
-20.631
-30.528
-42.14
-53.633
-63.007
-69.087
-71.866
-71.5
-68.414
-63.652
-58.455
-53.812
-50.619
-49.273
-49.628
-51.464
-54.393
-57.829
-61.146
-63.891
-65.783
-66.696
-66.658
-65.712
-63.92
-61.394
-58.294
-54.744
-50.834
-46.671
-42.326
-37.875
-33.42
-29.023
-24.725
-20.561
-16.541
-12.671
-8.973
-5.454
-2.106
1.066
4.069
6.919
9.633
12.25
14.813
17.355
19.907
22.494
25.131
27.832
30.602
33.438
36.339
39.303
42.331
45.426
48.588
51.816
55.103
58.442
61.819
65.226
68.649
72.076
75.492
78.885
82.242
85.552
88.805
91.987
95.082
98.076
100.951
103.693
106.284
108.707
110.946
112.985
114.809
116.405
117.76
118.86
119.693
120.25
120.52
120.496
120.171
119.539
118.597
117.344
115.779
113.905
111.727
109.249
106.48
103.429
100.107
96.529
92.707
88.657
84.396
79.941
75.311
70.525
65.603
60.565
55.431
50.223
44.962
39.668
34.362
29.065
23.797
18.578
13.428
8.365
3.407
-1.428
-6.124
-10.666
-15.038
-19.23
-23.227
-27.022
-30.604
-33.966
-37.103
-40.01
-42.684
-45.123
-47.328
-49.3
-51.041
-52.556
-53.848
-54.923
-55.789
-56.453
-56.921
-57.204
-57.31
-57.248
-57.028
-56.662
-56.159
-55.531
-54.79
-53.946
-53.012
-51.999
-50.919
-49.782
-48.601
-47.386
-46.148
-44.896
-43.642
-42.396
-41.166
-39.961
-38.79
-37.661
-36.58
-35.553
-34.587
-33.685
-32.851
-32.088
-31.398
-30.784
-30.247
-29.788
-29.407
-29.106
-28.884
-28.741
-28.675
-28.687
-28.774
-28.934
-29.166
-29.468
-29.837
-30.271
-30.767
-31.322
-31.933
-32.596
-33.305
-34.056
-34.841
-35.655
-36.491
-37.34
-38.193
-39.044
-39.885
-40.71
-41.512
-42.285
-43.026
-43.73
-44.396
-45.019
-45.595
-46.118
-46.582
-46.979
-47.302
-47.544
-47.695
-47.75
-47.701
-47.545
-47.282
-46.906
-46.415
-45.8
-45.051
-44.162
-43.135
-41.97
-40.675
-39.266
-37.761
-36.195
-34.605
-33.014
-31.442
-29.896
-28.369
-26.859
-25.361
-23.866
-22.382
-20.913
-19.456
-18.021
-16.611
-15.207
-13.784
-12.288
-10.651
-8.841
-6.844
-4.665
-2.35
0.054
2.485
4.854
7.095
9.155
10.982
12.555
13.852
14.818
15.389
15.464
14.921
13.685
11.709
8.967
5.494
1.347
-3.382
-8.536
-13.976
-19.592
-25.28
-30.979
-36.635
-42.15
-47.413
-52.291
-56.62
-60.286
-63.2
-65.287
-66.556
-67.06
-66.899
-66.26
-65.302
-64.149
-62.967
-61.883
-61.022
-60.582
-60.703
-61.582
-63.561
-66.744
-71.044
-76.221
-81.619
-86.577
-90.688
-93.242
-93.413
-91.12
-86.624
-80.834
-75.762
-72.873
-72.951
-77.138
-86.141
-99.271
-115.099
-130.616
-140.953
-142.223
-131.132
-103.905
-57.906
7.774
92.429
192.601
302.508
416.647
528.719
631.038
716.371
778.253
812.189
816.434
790.852
736.059
654.766
552.165
434.994
311.012
186.912
68.34
-38.919
-129.609
-199.972
-248.631
-276.794
-287.324
-282.98
-266.899
-243.223
-216.343
-190.538
-168.573
-151.172
-138.103
-128.995
-123.124
-119.331
-116.064
-111.413
-104.379
-95.099
-84.089
-72.071
-59.736
-47.627
-36.511
-27.366
-20.724
-16.688
-15.125
-15.621
-17.826
-21.514
-26.34
-31.894
-37.799
-43.668
-49.218
-54.319
-58.84
-62.666
-65.69
-67.771
-68.835
-68.88
-67.933
-66.056
-63.314
-59.762
-55.493
-50.647
-45.385
-39.89
-34.305
-28.716
-23.186
-17.768
-12.508
-7.464
-2.661
1.912
6.269
10.425
14.392
18.171
21.786
25.284
28.717
32.145
35.609
39.131
42.729
46.418
50.209
54.107
58.109
62.198
66.362
70.593
74.886
79.238
83.638
88.072
92.523
96.975
101.413
105.822
110.186
114.49
118.717
122.854
126.887
130.805
134.593
138.236
141.718
145.021
148.129
151.026
153.695
156.119
158.283
160.172
161.774
163.076
164.07
164.747
165.1
165.124
164.817
164.177
163.203
161.898
160.262
158.303
156.024
153.433
150.539
147.352
143.885
140.15
136.163
131.938
127.491
122.841
118.003
112.997
107.841
102.554
97.156
91.666
86.105
80.493
74.852
69.201
63.56
57.949
52.384
46.885
41.467
36.146
30.936
25.851
20.903
16.105
11.466
6.997
2.705
-1.401
-5.317
-9.037
-12.558
-15.879
-18.998
-21.915
-24.631
-27.147
-29.465
-31.587
-33.517
-35.258
-36.814
-38.19
-39.393
-40.428
-41.303
-42.025
-42.601
-43.039
-43.347
-43.534
-43.607
-43.575
-43.447
-43.231
-42.936
-42.571
-42.146
-41.67
-41.15
-40.595
-40.012
-39.409
-38.791
-38.165
-37.536
-36.91
-36.292
-35.686
-35.097
-34.531
-33.991
-33.483
-33.009
-32.574
-32.18
-31.831
-31.531
-31.28
-31.082
-30.939
-30.852
-30.823
-30.854
-30.943
-31.091
-31.297
-31.557
-31.869
-32.23
-32.636
-33.082
-33.564
-34.077
-34.617
-35.179
-35.758
-36.348
-36.945
-37.543
-38.135
-38.717
-39.28
-39.819
-40.327
-40.796
-41.219
-41.589
-41.9
-42.143
-42.311
-42.397
-42.391
-42.287
-42.079
-41.758
-41.32
-40.759
-40.072
-39.256
-38.311
-37.236
-36.031
-34.699
-33.243
-31.667
-29.975
-28.173
-26.267
-24.265
-22.175
-20.006
-17.768
-15.474
-13.136
-10.771
-8.395
-6.025
-3.681
-1.381
0.855
3.007
5.058
6.991
8.79
10.436
11.912
13.197
14.272
15.124
15.736
16.094
16.19
16.013
15.56
14.837
13.841
12.57
11.014
9.153
6.974
4.476
1.659
-1.469
-4.893
-8.594
-12.536
-16.663
-20.923
-25.266
-29.648
-34.042
-38.399
-42.65
-46.719
-50.508
-53.942
-56.973
-59.561
-61.687
-63.356
-64.594
-65.463
-66.067
-66.514
-66.932
-67.439
-68.15
-69.229
-70.825
-73.169
-76.586
-81.179
-86.853
-93.352
-100.152
-106.821
-113.13
-118.556
-122.349
-124.275
-124.504
-123.902
-124.08
-125.878
-129.386
-134.911
-142.815
-152.89
-164.211
-174.18
-178.803
-175.392
-162.377
-138.218
-101.344
-50.214
15.641
94.127
180.94
272.365
365.346
456.43
541.042
613.255
667.633
700.734
711.359
698.737
661.793
600.546
517.524
417.896
307.861
193.543
80.054
-27.699
-123.845
-203.269
-263.371
-303.999
-326.738
-334.213
-329.048
-314.194
-294.025
-272.954
-253.793
-237.979
-225.734
-216.477
-209.689
-204.707
-199.995
-193.822
-185.336
-174.378
-161.42
-147.347
-132.816
-118.393
-104.893
-93.189
-83.831
-77.026
-72.652
-70.347
-69.799
-70.726
-72.792
-75.622
-78.817
-82.043
-85.043
-87.634
-89.695
-91.111
-91.778
-91.605
-90.522
-88.508
-85.598
-81.855
-77.346
-72.168
-66.423
-60.245
-53.813
-47.284
-40.783
-34.413
-28.231
-22.28
-16.609
-11.248
-6.218
-1.525
2.843
6.903
10.664
14.147
17.38
20.406
23.289
26.082
28.822
31.538
34.249
36.968
39.711
42.486
45.291
48.127
50.991
53.886
56.816
59.783
62.783
65.808
68.847
71.889
74.925
77.944
80.936
83.888
86.79
89.629
92.396
95.081
97.67
100.146
102.494
104.695
106.736
108.597
110.264
111.718
112.945
113.931
114.662
115.127
115.313
115.21
114.808
114.099
113.077
111.738
110.077
108.094
105.789
103.164
100.224
96.973
93.418
89.569
85.434
81.025
76.356
71.44
66.292
60.928
55.367
49.626
43.724
37.681
31.517
25.25
18.902
12.492
6.04
-0.435
-6.914
-13.378
-19.809
-26.19
-32.503
-38.734
-44.867
-50.89
-56.789
-62.554
-68.174
-73.641
-78.946
-84.082
-89.043
-93.822
-98.415
-102.819
-107.03
-111.046
-114.866
-118.491
-121.919
-125.154
-128.196
-131.048
-133.712
-136.19
-138.487
-140.604
-142.546
-144.317
-145.921
-147.364
-148.649
-149.783
-150.77
-151.616
-152.324
-152.899
-153.346
-153.669
-153.873
-153.961
-153.94
-153.815
-153.59
-153.274
-152.871
-152.39
-151.837
-151.217
-150.539
-149.809
-149.033
-148.219
-147.374
-146.505
-145.62
-144.728
-143.838
-142.957
-142.094
-141.257
-140.454
-139.693
-138.981
-138.326
-137.735
-137.216
-136.776
-136.423
-136.164
-136.006
-135.957
-136.019
-136.199
-136.498
-136.919
-137.463
-138.128
-138.912
-139.813
-140.829
-141.956
-143.193
-144.536
-145.982
-147.527
-149.169
-150.904
-152.723
-154.618
-156.579
-158.597
-160.659
-162.754
-164.871
-166.997
-169.123
-171.242
-173.347
-175.43
-177.481
-179.487
-181.432
-183.303
-185.098
-186.81
-188.441
-190
-191.499
-192.967
-194.433
-195.917
-197.429
-198.972
-200.534
-202.107
-203.682
-205.246
-206.799
-208.34
-209.864
-211.375
-212.873
-214.337
-215.741
-217.033
-218.148
-219.053
-219.733
-220.186
-220.448
-220.56
-220.574
-220.575
-220.618
-220.752
-221.024
-221.457
-222.076
-222.929
-224.063
-225.551
-227.489
-229.936
-232.934
-236.509
-240.634
-245.26
-250.312
-255.663
-261.201
-266.827
-272.43
-277.927
-283.235
-288.251
-292.884
-297.03
-300.545
-303.307
-305.204
-306.133
-306.054
-304.95
-302.837
-299.813
-295.978
-291.444
-286.35
-280.793
-274.887
-268.796
-262.665
-256.665
-250.981
-245.735
-241.114
-237.385
-234.596
-232.653
-231.288
-229.875
-227.975
-225.365
-221.497
-215.745
-207.993
-198.335
-187.433
-176.874
-167.394
-159.088
-153.081
-150.112
-149.581
-151.003
-150.666
-143.326
-128.088
-103.127
-69.824
-30.521
19.592
82.138
162.954
265.826
382.336
505.573
617.776
700.903
748.901
754.956
725.38
670.081
594.06
506.415
409.55
305.774
200.864
98.482
6.07
-69.793
-127.022
-164.911
-185.435
-192.094
-187.487
-174.473
-157.073
-139.16
-123.257
-110.609
-101.175
-94.094
-88.736
-84.488
-79.997
-73.685
-64.727
-53.014
-39.06
-23.823
-8.043
7.754
22.845
36.407
47.895
57.025
63.751
68.308
70.931
71.801
71.175
69.36
66.656
63.399
59.931
56.504
53.323
50.543
48.249
46.529
45.463
45.104
45.494
46.631
48.476
50.993
54.139
57.849
62.029
66.545
71.223
75.922
80.55
85.05
89.395
93.563
97.529
101.284
104.835
108.198
111.392
114.427
117.307
120.049
122.684
125.26
127.841
130.477
133.199
136.031
138.988
142.081
145.32
148.705
152.228
155.881
159.659
163.56
167.588
171.738
176.001
180.364
184.81
189.322
193.887
198.484
203.098
207.708
212.297
216.849
221.349
225.781
230.127
234.367
238.482
242.452
246.258
249.881
253.303
256.505
259.471
262.186
264.638
266.813
268.7
270.29
271.573
272.543
273.195
273.524
273.527
273.204
272.555
271.583
270.293
268.69
266.782
264.579
262.092
259.332
256.314
253.052
249.562
245.859
241.962
237.889
233.657
229.287
224.796
220.206
215.534
210.801
206.025
201.225
196.418
191.621
186.85
182.123
177.454
172.857
168.346
163.934
159.633
155.453
151.405
147.495
143.733
140.124
136.674
133.387
130.266
127.314
124.531
121.917
119.473
117.195
115.082
113.129
111.332
109.686
108.185
106.824
105.595
104.492
103.508
102.636
101.868
101.197
100.616
100.116
99.689
99.328
99.026
98.774
98.566
98.395
98.254
98.137
98.038
97.952
97.872
97.794
97.714
97.626
97.527
97.413
97.281
97.129
96.955
96.758
96.536
96.288
96.015
95.717
95.392
95.041
94.664
94.263
93.838
93.389
92.919
92.428
91.919
91.393
90.851
90.296
89.729
89.153
88.567
87.975
87.378
86.778
86.177
85.578
84.982
84.394
83.814
83.246
82.692
82.155
81.637
81.141
80.669
80.224
79.809
79.427
79.081
78.776
78.513
78.298
78.132
78.019
77.962
77.964
78.027
78.156
78.352
78.619
78.959
79.377
79.873
80.451
81.112
81.858
82.69
83.608
84.612
85.7
86.871
88.123
89.454
90.858
92.333
93.872
95.469
97.117
98.807
100.527
102.267
104.015
105.757
107.48
109.17
110.812
112.394
113.905
115.33
116.658
117.876
118.97
119.927
120.731
121.37
121.829
122.097
122.166
122.034
121.697
121.154
120.404
119.436
118.247
116.833
115.191
113.317
111.215
108.894
106.379
103.711
100.929
98.071
95.171
92.253
89.351
86.503
83.739
81.114
78.67
76.443
74.482
72.829
71.512
70.535
69.841
69.34
68.948
68.597
68.254
67.871
67.342
66.575
65.472
63.89
61.771
58.975
55.216
50.466
44.887
38.742
32.745
27.641
23.852
22.069
23.081
26.797
32.753
40.236
47.41
52.328
53.872
50.693
41.409
28.673
15.928
3.907
-3.05
-4.906
-3.066
12.7
49.022
111.693
206.833
323.191
448.18
570.988
677.62
764.29
828.566
866.993
880.214
866.296
824.62
758.102
670.513
568.616
460.002
350.033
242.937
142.751
53.271
-22.046
-80.814
-123.211
-151.131
-166.135
-169.639
-163.769
-151.38
-135.939
-120.899
-108.001
-97.491
-89.523
-84.111
-80.89
-79.137
-77.496
-74.33
-68.935
-61.502
-52.476
-42.485
-32.112
-21.86
-12.465
-4.809
0.595
3.614
4.34
3.067
0.056
-4.525
-10.431
-17.339
-24.956
-33.004
-41.219
-49.432
-57.473
-65.131
-72.245
-78.664
-84.246
-88.934
-92.714
-95.58
-97.559
-98.687
-99.003
-98.585
-97.534
-95.947
-93.941
-91.614
-89.056
-86.381
-83.677
-81.014
-78.457
-76.036
-73.757
-71.634
-69.665
-67.832
-66.127
-64.525
-62.991
-61.504
-60.032
-58.54
-56.998
-55.363
-53.603
-51.698
-49.633
-47.402
-45.006
-42.444
-39.723
-36.855
-33.853
-30.726
-27.488
-24.146
-20.713
-17.202
-13.631
-10.017
-6.378
-2.73
0.913
4.534
8.117
11.646
15.106
18.482
21.758
24.916
27.939
30.805
33.497
35.997
38.287
40.351
42.173
43.74
45.04
46.063
46.802
47.249
47.398
47.245
46.788
46.025
44.957
43.584
41.91
39.938
37.673
35.121
32.29
29.187
25.822
22.204
18.344
14.255
9.951
5.446
0.755
-4.105
-9.115
-14.258
-19.516
-24.869
-30.299
-35.788
-41.317
-46.87
-52.429
-57.978
-63.502
-68.987
-74.42
-79.787
-85.078
-90.283
-95.39
-100.392
-105.28
-110.045
-114.679
-119.176
-123.529
-127.73
-131.774
-135.656
-139.371
-142.915
-146.287
-149.484
-152.506
-155.353
-158.026
-160.528
-162.86
-165.026
-167.031
-168.877
-170.571
-172.117
-173.521
-174.788
-175.924
-176.933
-177.82
-178.59
-179.247
-179.794
-180.237
-180.578
-180.823
-180.976
-181.042
-181.028
-180.938
-180.781
-180.562
-180.288
-179.965
-179.601
-179.203
-178.778
-178.335
-177.878
-177.412
-176.943
-176.475
-176.014
-175.565
-175.13
-174.711
-174.313
-173.94
-173.598
-173.292
-173.023
-172.793
-172.603
-172.454
-172.355
-172.314
-172.336
-172.426
-172.587
-172.822
-173.133
-173.527
-173.995
-174.533
-175.13
-175.773
-176.463
-177.195
-177.971
-178.795
-179.64
-180.481
-181.289
-182.025
-182.699
-183.326
-183.883
-184.366
-184.758
-185.006
-185.185
-185.381
-185.434
-185.237
-184.659
-183.503
-181.967
-180.334
-178.493
-176.378
-174.319
-172.479
-171.276
-171.249
-171.864
-172.511
-173.194
-173.76
-173.829
-173.272
-171.424
-167.519
-162.242
-156.307
-149.862
-143.288
-136.814
-130.456
-124.85
-120.669
-117.442
-114.733
-112.401
-110.108
-107.886
-105.87
-103.768
-101.31
-98.711
-96.137
-93.708
-91.633
-89.852
-88.274
-86.958
-85.928
-85.143
-84.587
-84.229
-84.019
-83.986
-84.154
-84.527
-85.129
-85.957
-86.997
-88.217
-89.563
-90.995
-92.484
-94.05
-95.74
-97.574
-99.542
-101.587
-103.623
-105.566
-107.37
-108.946
-110.134
-110.911
-111.372
-111.784
-112.655
-114.401
-117.206
-121.121
-126.119
-131.731
-137.24
-141.816
-144.076
-142.815
-137.313
-126.998
-111.793
-92.727
-71.281
-48.932
-28.183
-11.339
-0.068
2.993
-4.294
-21.78
-49.057
-83.635
-119.036
-152.41
-182.699
-209.045
-235.925
-258.726
-263.499
-237.344
-165.109
-47.183
98.404
253.491
398.428
523.687
631.6
720.984
790.134
835.495
850.562
834.15
787.906
714.273
619.104
508.757
389.186
267.227
148.676
38.299
-58.425
-136.918
-195.334
-233.546
-252.949
-256.41
-246.811
-227.533
-203.578
-179.893
-159.645
-144.576
-135.063
-130.413
-129.864
-132.285
-135.468
-137.029
-135.579
-130.618
-122.429
-111.827
-99.513
-86.095
-72.479
-59.661
-48.224
-38.401
-30.139
-23.166
-17.324
-12.595
-8.91
-6.139
-4.166
-2.852
-2.083
-1.794
-1.878
-2.234
-2.78
-3.428
-4.133
-4.884
-5.664
-6.44
-7.152
-7.674
-7.876
-7.671
-7.006
-5.871
-4.278
-2.237
0.226
3.077
6.278
9.792
13.599
17.705
22.105
26.776
31.669
36.692
41.759
46.815
51.816
56.739
61.572
66.298
70.918
75.454
79.927
84.352
88.735
93.069
97.352
101.594
105.812
110.035
114.287
118.577
122.912
127.293
131.717
136.181
140.669
145.157
149.621
154.039
158.395
162.674
166.86
170.933
174.871
178.653
182.261
185.676
188.881
191.858
194.591
197.067
199.274
201.205
202.852
204.208
205.265
206.017
206.461
206.594
206.414
205.921
205.116
204
202.579
200.858
198.844
196.544
193.968
191.126
188.029
184.689
181.122
177.341
173.362
169.201
164.877
160.407
155.811
151.106
146.314
141.453
136.543
131.604
126.655
121.714
116.798
111.925
107.111
102.371
97.719
93.167
88.728
84.414
80.233
76.196
72.31
68.584
65.023
61.633
58.419
55.386
52.537
49.873
47.398
45.111
43.013
41.101
39.375
37.83
36.462
35.266
34.236
33.364
32.644
32.067
31.625
31.309
31.111
31.02
31.03
31.132
31.316
31.575
31.902
32.289
32.728
33.212
33.734
34.288
34.867
35.463
36.07
36.68
37.288
37.885
38.465
39.022
39.547
40.036
40.482
40.88
41.224
41.511
41.736
41.897
41.991
42.015
41.968
41.849
41.657
41.39
41.049
40.634
40.143
39.577
38.937
38.223
37.434
36.572
35.638
34.633
33.56
32.419
31.215
29.951
28.63
27.259
25.842
24.386
22.897
21.382
19.849
18.306
16.762
15.222
13.697
12.193
10.719
9.283
7.892
6.555
5.278
4.069
2.934
1.881
0.917
0.046
-0.725
-1.392
-1.948
-2.391
-2.714
-2.917
-2.996
-2.948
-2.774
-2.472
-2.045
-1.495
-0.824
-0.036
0.862
1.864
2.96
4.143
5.4
6.724
8.1
9.516
10.955
12.405
13.85
15.273
16.657
17.982
19.23
20.384
21.427
22.349
23.135
23.766
24.23
24.516
24.615
24.524
24.23
23.71
22.951
21.943
20.681
19.166
17.392
15.341
13.007
10.385
7.475
4.29
0.832
-2.905
-6.913
-11.183
-15.672
-20.302
-25.004
-29.726
-34.404
-38.986
-43.394
-47.523
-51.299
-54.671
-57.596
-60.053
-62.015
-63.454
-64.382
-64.841
-64.913
-64.731
-64.433
-64.167
-64.108
-64.444
-65.408
-67.228
-70.146
-74.437
-80.192
-87.312
-95.541
-104.364
-113.273
-121.946
-129.81
-136.073
-140.506
-143.321
-145.291
-147.926
-152.234
-158.44
-167.035
-178.625
-192.733
-207.977
-221.651
-229.585
-228.492
-216.357
-190.972
-150.038
-92.584
-19.052
68.054
163.799
263.56
363.65
459.449
545.253
615.767
666.425
694.595
700.125
682.699
641.731
577.128
491.409
389.943
278.367
165.879
56.164
-44.372
-111.257
-177.602
-306.385
-411.011
-385.036
-329.141
-344.818
-370.613
-361.688
-344.959
-330.543
-315.723
-302.578
-290.051
-277.353
-264.297
-250.005
-233.665
-214.973
-194.483
-173.949
-155.921
-142
-132.169
-125.714
-122.4
-122.075
-124.391
-128.462
-132.614
-135.725
-137.877
-139.908
-142.474
-145.764
-149.658
-154.033
-159.143
-165.142
-171.728
-178.23
-183.985
-188.644
-192.136
-194.551
-195.919
-196.215
-195.492
-193.907
-191.65
-188.885
-185.736
-182.277
-178.593
-174.817
-171.065
-167.443
-164.05
-160.933
-158.113
-155.604
-153.391
-151.453
-149.778
-148.342
-147.113
-146.068
-145.17
-144.383
-143.675
-143
-142.315
-141.586
-140.782
-139.884
-138.883
-137.774
-136.557
-135.239
-133.823
-132.312
-130.709
-129.015
-127.233
-125.37
-123.431
-121.424
-119.361
-117.25
-115.101
-112.923
-110.724
-108.515
-106.302
-104.094
-101.9
-99.729
-97.595
-95.51
-93.487
-91.539
-89.679
-87.921
-86.279
-84.764
-83.388
-82.161
-81.094
-80.197
-79.477
-78.944
-78.604
-78.463
-78.527
-78.798
-79.281
-79.977
-80.885
-82.006
-83.336
-84.873
-86.614
-88.551
-90.681
-92.995
-95.487
-98.148
-100.969
-103.941
-107.054
-110.297
-113.659
-117.13
-120.697
-124.35
-128.077
-131.866
-135.707
-139.588
-143.499
-147.428
-151.367
-155.305
-159.233
-163.142
-167.023
-170.87
-174.674
-178.43
-182.132
-185.775
-189.354
-192.866
-196.308
-199.677
-202.972
-206.191
-209.335
-212.403
-215.396
-218.315
-221.163
-223.94
-226.649
-229.295
-231.879
-234.405
-236.877
-239.299
-241.676
-244.011
-246.308
-248.573
-250.81
-253.022
-255.215
-257.391
-259.556
-261.713
-263.864
-266.014
-268.165
-270.319
-272.478
-274.644
-276.818
-279.001
-281.192
-283.391
-285.596
-287.806
-290.017
-292.227
-294.431
-296.625
-298.802
-300.957
-303.084
-305.174
-307.219
-309.213
-311.144
-313.005
-314.785
-316.474
-318.062
-319.537
-320.889
-322.107
-323.179
-324.094
-324.841
-325.407
-325.781
-325.95
-325.904
-325.63
-325.116
-324.35
-323.323
-322.022
-320.439
-318.562
-316.385
-313.899
-311.099
-307.977
-304.53
-300.753
-296.643
-292.2
-287.421
-282.307
-276.859
-271.078
-264.967
-258.53
-251.772
-244.697
-237.313
-229.627
-221.645
-213.378
-204.836
-196.029
-186.97
-177.671
-168.148
-158.415
-148.492
-138.394
-128.142
-117.754
-107.252
-96.656
-85.989
-75.271
-64.524
-53.771
-43.033
-32.333
-21.693
-11.135
-0.685
9.635
19.797
29.777
39.551
49.092
58.377
67.383
76.087
84.472
92.518
100.208
107.522
114.442
120.948
127.024
132.658
137.837
142.556
146.807
150.59
153.909
156.767
159.164
161.094
162.545
163.506
163.979
163.968
163.487
162.562
161.22
159.502
157.464
155.159
152.635
149.936
147.1
144.176
141.232
138.345
135.605
133.097
130.867
128.961
127.4
126.157
125.195
124.44
123.782
123.143
122.439
121.567
120.415
118.834
116.631
113.659
109.728
104.623
98.359
91.091
83.134
75.026
67.224
60.07
53.966
49.306
46.026
43.725
41.741
39.222
35.884
31.862
27.454
23.024
19.357
17.951
20.693
29.528
45.513
69.141
100.781
140.931
190.059
247.522
311.716
380.625
452.595
525.764
597.288
663.186
718.443
758.641
780.681
782.145
760.747
715.359
647.156
559.637
458.576
350.531
241.404
136.997
43.574
-33.533
-91.277
-128.882
-147.88
-151.192
-141.768
-122.982
-99.271
-74.934
-52.846
-34.513
-20.119
-8.996
-0.484
6.267
12.865
21.058
31.755
45.115
60.677
77.609
95.212
112.867
129.68
144.635
157.105
166.825
173.834
178.435
180.863
181.288
179.957
177.175
173.254
168.512
163.213
157.51
151.586
145.646
139.917
134.685
130.148
126.412
123.536
121.537
120.419
120.193
120.836
122.273
124.412
127.146
130.375
134.034
138.048
142.32
146.736
151.149
155.458
159.611
163.578
167.344
170.898
174.225
177.336
180.272
183.07
185.765
188.383
190.937
193.452
195.964
198.517
201.158
203.922
206.825
209.877
213.085
216.453
219.981
223.657
227.459
231.37
235.374
239.462
243.623
247.843
252.103
256.384
260.666
264.929
269.156
273.327
277.42
281.418
285.301
289.051
292.654
296.091
299.344
302.393
305.219
307.804
310.13
312.178
313.934
315.381
316.508
317.303
317.758
317.866
317.622
317.021
316.062
314.745
313.07
311.04
308.659
305.933
302.869
299.477
295.766
291.749
287.44
282.854
278.007
272.917
267.603
262.084
256.38
250.513
244.504
238.376
232.151
225.853
219.504
213.126
206.743
200.376
194.046
187.772
181.573
175.466
169.467
163.592
157.854
152.267
146.841
141.589
136.52
131.642
126.964
122.49
118.225
114.173
110.336
106.713
103.305
100.11
97.124
94.344
91.764
89.379
87.181
85.163
83.315
81.629
80.093
78.698
77.432
76.285
75.246
74.304
73.45
72.674
71.966
71.318
70.722
70.169
69.651
69.16
68.689
68.232
67.783
67.335
66.885
66.427
65.959
65.476
64.978
64.46
63.922
63.363
62.782
62.18
61.556
60.913
60.253
59.578
58.891
58.196
57.494
56.791
56.088
55.388
54.693
54.005
53.326
52.657
51.999
51.352
50.719
50.098
49.491
48.896
48.315
47.745
47.186
46.639
46.101
45.572
45.053
44.542
44.04
43.546
43.06
42.581
42.11
41.644
41.184
40.728
40.275
39.825
39.377
38.932
38.491
38.057
37.63
37.214
36.812
36.428
36.066
35.732
35.429
35.165
34.944
34.774
34.662
34.613
34.634
34.731
34.908
35.171
35.521
35.962
36.495
37.121
37.84
38.652
39.557
40.552
41.636
42.807
44.06
45.39
46.79
48.249
49.757
51.301
52.867
54.44
56.004
57.543
59.042
60.487
61.863
63.151
64.334
65.391
66.303
67.051
67.621
67.996
68.164
68.112
67.835
67.334
66.606
65.647
64.445
62.978
61.232
59.201
56.884
54.284
51.411
48.273
44.895
41.319
37.586
33.737
29.807
25.816
21.8
17.818
13.94
10.258
6.843
3.745
1.003
-1.362
-3.337
-4.93
-6.173
-7.13
-7.885
-8.534
-9.185
-9.941
-10.924
-12.261
-14.159
-16.922
-20.685
-25.392
-30.779
-36.333
-41.639
-46.454
-50.389
-52.817
-53.383
-52.214
-50.107
-48.605
-48.887
-51.397
-56.434
-64.414
-75.567
-89.267
-103.373
-114.259
-118.514
-113.721
-97.849
-68.763
-24.092
37.443
114.635
203.931
301.051
401.776
501.391
594.153
672.975
731.109
764.211
770.23
748.232
698.367
622.699
525.494
413.521
294.657
175.704
62.557
-38.905
-123.682
-188.925
-233.954
-260.45
-271.651
-270.662
-260.734
-246.079
-230.837
-217.738
-208.151
-202.103
-198.664
-197.017
-196.29
-194.889
-191.079
-183.921
-173.227
-159.476
-143.646
-126.6
-109.062
-92.001
-76.439
-63.054
-52.225
-44.017
-38.211
-34.6
-33.004
-33.157
-34.744
-37.471
-41.036
-45.188
-49.72
-54.397
-58.988
-63.26
-66.996
-70.03
-72.235
-73.546
-73.95
-73.488
-72.228
-70.263
-67.725
-64.744
-61.441
-57.91
-54.215
-50.4
-46.527
-42.683
-38.948
-35.381
-32.012
-28.836
-25.84
-22.98
-20.198
-17.408
-14.487
-11.333
-7.888
-4.137
-0.114
4.118
8.53
13.114
17.856
22.749
27.769
32.886
38.088
43.349
48.629
53.86
58.945
63.801
68.393
72.714
76.792
80.685
84.419
88.014
91.493
94.864
98.131
101.293
104.326
107.204
109.916
112.464
114.867
117.138
119.269
121.238
123.01
124.539
125.785
126.713
127.284
127.468
127.247
126.61
125.556
124.091
122.211
119.91
117.184
114.026
110.434
106.411
101.962
97.1
91.84
86.206
80.22
73.902
67.265
60.321
53.086
45.59
37.86
29.926
21.816
13.555
5.174
-3.283
-11.781
-20.297
-28.791
-37.238
-45.62
-53.892
-62.013
-69.978
-77.77
-85.387
-92.971
-100.624
-108.345
-116.156
-124.003
-131.709
-139.217
-146.582
-153.386
-159.133
-164.124
-168.534
-172.504
-177.328
-181.792
-183.829
-185.502
-187.573
-194.155
-211.863
-237.005
-263.327
-280.458
-274.526
-243.956
-196.765
-148.795
-118.945
-118.148
-143.657
-180.784
-214.541
-233.453
-236.655
-233.69
-230.832
-231.347
-234.866
-236.762
-235.849
-233.708
-231.168
-228.964
-227.325
-225.944
-224.911
-224.4
-223.635
-220.945
-215.692
-208.471
-199.945
-190.998
-182.374
-174.301
-167.851
-165.039
-166.658
-172.408
-181.465
-192.085
-203.022
-213.907
-223.59
-230.316
-233.117
-231.437
-225.784
-218.085
-209.543
-200.556
-191.921
-184.447
-178.852
-176.092
-176.072
-177.529
-179.715
-182.267
-184.847
-187.471
-189.914
-191.579
-192.411
-192.851
-193.174
-193.619
-194.263
-194.9
-195.489
-196.153
-196.905
-197.709
-198.517
-199.238
-199.85
-200.412
-200.955
-201.497
-202.042
-202.557
-203.026
-203.446
-203.81
-204.12
-204.368
-204.535
-204.606
-204.565
-204.401
-204.107
-203.675
-203.09
-202.341
-201.416
-200.309
-199.023
-197.56
-195.922
-194.108
-192.116
-189.951
-187.616
-185.118
-182.464
-179.661
-176.72
-173.654
-170.476
-167.204
-163.855
-160.447
-156.999
-153.531
-150.061
-146.608
-143.195
-139.839
-136.563
-133.387
-130.334
-127.427
-124.686
-122.131
-119.78
-117.647
-115.74
-114.066
-112.631
-111.442
-110.512
-109.85
-109.461
-109.353
-109.53
-109.988
-110.718
-111.693
-112.869
-114.205
-115.663
-117.206
-118.811
-120.445
-122.072
-123.654
-125.139
-126.482
-127.643
-128.57
-129.218
-129.556
-129.576
-129.335
-128.928
-128.445
-127.956
-127.498
-127.104
-126.863
-126.884
-127.282
-128.183
-129.64
-131.752
-134.751
-138.715
-143.537
-148.869
-153.932
-157.929
-160.372
-160.714
-158.324
-153.045
-145.078
-135.282
-125.662
-118.094
-113.72
-113.576
-118.334
-127.672
-140.453
-154.181
-164.237
-165.986
-155.848
-130.166
-85.767
-20.927
64.762
167.55
278.559
389.496
494.751
594.383
692.395
786.361
864.485
904.955
886.125
801.526
662.885
497.829
335.023
191.359
71.161
-30.7
-118.153
-189.923
-242.864
-273.761
-283.534
-276.817
-258.749
-234.787
-209.798
-187.504
-170.295
-158.956
-152.895
-150.73
-150.924
-151.855
-151.738
-148.893
-142.459
-132.428
-119.341
-104.148
-87.778
-71.023
-54.739
-39.755
-26.548
-15.308
-6.07
1.311
6.982
11.066
13.773
15.345
15.966
15.815
15.042
13.786
12.22
10.497
8.721
6.99
5.395
4.04
3.075
2.624
2.755
3.5
4.862
6.824
9.375
12.478
16.07
20.071
24.403
29.008
33.857
38.913
44.129
49.437
54.743
59.971
65.08
70.038
74.83
79.445
83.872
88.12
92.217
96.195
100.082
103.893
107.635
111.316
114.959
118.589
122.242
125.942
129.699
133.522
137.414
141.378
145.409
149.498
153.622
157.761
161.898
166.019
170.112
174.163
178.152
182.061
185.87
189.561
193.118
196.524
199.76
202.81
205.658
208.291
210.696
212.861
214.773
216.418
217.783
218.858
219.632
220.096
220.242
220.065
219.559
218.723
217.557
216.062
214.242
212.1
209.643
206.878
203.816
200.466
196.84
192.951
188.813
184.441
179.851
175.059
170.081
164.935
159.638
154.209
148.666
143.028
137.314
131.543
125.735
119.909
114.084
108.278
102.51
96.797
91.157
85.606
80.159
74.831
69.635
64.584
59.69
54.963
50.413
46.047
41.874
37.899
34.128
30.564
27.212
24.073
21.15
18.442
15.951
13.676
11.617
9.772
8.139
6.715
5.496
4.48
3.66
3.033
2.591
2.329
2.24
2.317
2.553
2.938
3.466
4.127
4.913
5.815
6.823
7.927
9.119
10.389
11.728
13.127
14.577
16.069
17.595
19.145
20.712
22.287
23.861
25.425
26.97
28.488
29.971
31.408
32.793
34.118
35.374
36.554
37.651
38.658
39.569
40.378
41.08
41.669
42.143
42.497
42.728
42.836
42.818
42.674
42.404
42.01
41.49
40.848
40.084
39.201
38.201
37.088
35.866
34.539
33.112
31.592
29.985
28.298
26.539
24.717
22.839
20.916
18.955
16.967
14.963
12.951
10.943
8.95
6.982
5.049
3.162
1.332
-0.433
-2.123
-3.729
-5.244
-6.658
-7.965
-9.158
-10.228
-11.17
-11.978
-12.645
-13.166
-13.537
-13.756
-13.819
-13.725
-13.474
-13.065
-12.5
-11.781
-10.91
-9.892
-8.73
-7.431
-6.001
-4.448
-2.78
-1.009
0.856
2.801
4.814
6.879
8.983
11.11
13.243
15.365
17.46
19.511
21.503
23.421
25.25
26.973
28.576
30.042
31.358
32.508
33.474
34.242
34.797
35.128
35.23
35.099
34.726
34.102
33.213
32.048
30.602
28.871
26.853
24.553
21.98
19.166
16.166
13.035
9.829
6.597
3.377
0.212
-2.848
-5.745
-8.417
-10.809
-12.886
-14.621
-15.979
-16.952
-17.557
-17.867
-18.039
-18.231
-18.596
-19.259
-20.304
-21.838
-24.006
-26.96
-30.855
-35.817
-41.869
-49.051
-57.465
-67.025
-77.493
-88.38
-98.844
-108.089
-115.525
-120.657
-123.088
-122.789
-119.942
-115.116
-109.463
-104.059
-99.728
-96.803
-94.949
-93.08
-89.613
-82.614
-69.608
-47.894
-14.87
31.071
90.23
161.337
241.787
328.539
417.549
503.293
579.541
640.542
681.294
698.736
691.402
657.981
599.077
518.115
420.145
311.336
198.657
87.915
-15.482
-105.304
-177.438
-230.451
-264.425
-281.377
-284.644
-277.163
-262.596
-245.882
-230.371
-217.814
-209.164
-203.932
-201.075
-199.919
-199.146
-196.733
-191.649
-183.641
-172.861
-160.23
-146.677
-132.793
-119.399
-107.472
-97.564
-89.986
-84.866
-81.96
-81.03
-81.91
-84.3
-87.873
-92.342
-97.369
-102.624
-107.863
-112.844
-117.378
-121.364
-124.693
-127.284
-129.081
-130.019
-130.085
-129.313
-127.741
-125.423
-122.439
-118.882
-114.893
-110.656
-106.32
-102.006
-97.795
-93.727
-89.838
-86.167
-82.729
-79.537
-76.589
-73.872
-71.379
-69.108
-67.042
-65.153
-63.396
-61.702
-60.022
-58.321
-56.569
-54.755
-52.865
-50.889
-48.824
-46.678
-44.457
-42.164
-39.8
-37.36
-34.847
-32.267
-29.63
-26.95
-24.24
-21.511
-18.777
-16.05
-13.343
-10.671
-8.044
-5.471
-2.966
-0.542
1.785
3.999
6.081
8.015
9.785
11.372
12.76
13.933
14.877
15.579
16.026
16.208
16.113
15.734
15.065
14.098
12.83
11.258
9.38
7.196
4.709
1.922
-1.161
-4.533
-8.187
-12.113
-16.3
-20.735
-25.406
-30.298
-35.395
-40.681
-46.137
-51.744
-57.485
-63.339
-69.286
-75.306
-81.377
-87.48
-93.595
-99.701
-105.779
-111.812
-117.78
-123.667
-129.457
-135.134
-140.685
-146.096
-151.355
-156.449
-161.37
-166.106
-170.651
-174.997
-179.137
-183.066
-186.782
-190.281
-193.563
-196.626
-199.472
-202.104
-204.522
-206.731
-208.736
-210.541
-212.153
-213.577
-214.82
-215.892
-216.798
-217.549
-218.151
-218.613
-218.945
-219.153
-219.246
-219.232
-219.119
-218.914
-218.625
-218.26
-217.825
-217.329
-216.777
-216.177
-215.536
-214.859
-214.152
-213.419
-212.667
-211.899
-211.12
-210.335
-209.546
-208.758
-207.974
-207.197
-206.431
-205.677
-204.94
-204.219
-203.519
-202.84
-202.185
-201.556
-200.956
-200.387
-199.853
-199.354
-198.896
-198.479
-198.106
-197.78
-197.504
-197.278
-197.104
-196.985
-196.923
-196.918
-196.973
-197.089
-197.266
-197.506
-197.808
-198.172
-198.598
-199.085
-199.63
-200.234
-200.893
-201.607
-202.371
-203.184
-204.041
-204.94
-205.877
-206.845
-207.84
-208.857
-209.888
-210.927
-211.968
-213.003
-214.025
-215.027
-216.002
-216.941
-217.839
-218.687
-219.478
-220.205
-220.861
-221.44
-221.936
-222.344
-222.658
-222.874
-222.99
-223.003
-222.911
-222.712
-222.407
-221.995
-221.477
-220.855
-220.134
-219.316
-218.407
-217.412
-216.34
-215.2
-214
-212.752
-211.466
-210.157
-208.839
-207.528
-206.238
-204.988
-203.795
-202.677
-201.651
-200.732
-199.936
-199.279
-198.772
-198.431
-198.269
-198.299
-198.533
-198.985
-199.664
-200.578
-201.732
-203.127
-204.76
-206.63
-208.733
-211.076
-213.66
-216.48
-219.532
-222.808
-226.294
-229.968
-233.792
-237.709
-241.665
-245.604
-249.475
-253.237
-256.841
-260.234
-263.36
-266.147
-268.532
-270.469
-271.907
-272.805
-273.138
-272.911
-272.19
-271.082
-269.696
-268.127
-266.426
-264.653
-262.914
-261.324
-260.012
-259.126
-258.734
-258.935
-259.931
-261.727
-264.152
-266.843
-269.028
-269.931
-269.04
-265.687
-259.192
-249.52
-236.937
-222.24
-207.234
-193.394
-181.64
-173.205
-168.795
-167.642
-168.291
-168.162
-162.964
-148.91
-122.743
-80.61
-19.926
59.352
155.795
266.059
384.273
504.189
619.006
720.279
800.426
854.524
879.218
872.927
836.664
772.867
685.92
583.22
472.89
361.707
256.097
162.126
84.526
26.982
-8.923
-24.722
-23.435
-7.976
18.094
50.629
85.554
118.814
147.773
171.793
191.107
206.185
217.943
227.583
236.563
246.582
258.423
271.915
286.593
301.751
316.703
330.853
343.414
353.535
360.815
365.241
367.025
366.586
364.262
360.336
355.197
349.274
342.992
336.705
330.618
324.853
319.53
314.778
310.749
307.56
305.239
303.766
303.098
303.177
303.955
305.353
307.242
309.469
311.862
314.277
316.635
318.88
320.967
322.855
324.496
325.864
326.971
327.841
328.492
328.943
329.204
329.298
329.28
329.206
329.14
329.128
329.196
329.366
329.657
330.083
330.656
331.379
332.241
333.236
334.363
335.624
337.022
338.553
340.208
341.973
343.837
345.788
347.813
349.898
352.029
354.189
356.366
358.547
360.72
362.871
364.985
367.043
369.029
370.925
372.714
374.377
375.898
377.259
378.444
379.439
380.23
380.804
381.148
381.249
381.098
380.684
379.996
379.027
377.769
376.217
374.366
372.215
369.763
367.012
363.965
360.628
357.009
353.116
348.96
344.551
339.903
335.03
329.946
324.667
319.209
313.589
307.826
301.936
295.938
289.85
283.69
277.477
271.226
264.958
258.688
252.434
246.214
240.043
233.939
227.918
221.995
216.184
210.498
204.951
199.554
194.314
189.242
184.344
179.625
175.089
170.74
166.578
162.605
158.819
155.22
151.805
148.571
145.515
142.631
139.915
137.362
134.964
132.716
130.609
128.636
126.788
125.058
123.435
121.912
120.478
119.125
117.842
116.621
115.452
114.326
113.234
112.169
111.123
110.089
109.061
108.035
107.007
105.973
104.93
103.876
102.809
101.727
100.629
99.511
98.374
97.213
96.029
94.82
93.586
92.33
91.052
89.755
88.445
87.124
85.797
84.466
83.132
81.795
80.455
79.11
77.76
76.405
75.044
73.679
72.312
70.945
69.581
68.216
66.847
65.462
64.053
62.618
61.158
59.68
58.197
56.727
55.291
53.915
52.611
51.39
50.243
49.154
48.101
47.061
46.021
44.984
43.948
42.906
41.847
40.754
39.593
38.323
36.892
35.238
33.318
31.115
28.639
25.936
23.066
20.105
17.113
14.132
11.199
8.35
5.622
3.057
0.707
-1.362
-3.067
-4.308
-5.01
-5.127
-4.652
-3.621
-2.101
-0.182
2.058
4.558
7.265
10.136
13.134
16.221
19.356
22.486
25.544
28.437
31.09
33.442
35.464
37.158
38.552
39.696
40.631
41.389
41.992
42.445
42.749
42.896
42.876
42.674
42.29
41.739
41.035
40.197
39.228
38.116
36.839
35.358
33.641
31.663
29.406
26.859
24.025
20.913
17.552
13.999
10.303
6.506
2.645
-1.262
-5.19
-9.101
-12.955
-16.699
-20.283
-23.672
-26.825
-29.7
-32.272
-34.53
-36.506
-38.309
-40.038
-41.784
-43.62
-45.556
-47.63
-49.917
-52.488
-55.456
-58.923
-62.931
-67.584
-73.04
-79.276
-86.127
-93.205
-99.753
-105.108
-108.768
-110.107
-108.73
-104.745
-98.564
-91.178
-84.126
-78.521
-75.255
-75.375
-79.044
-85.324
-92.499
-97.647
-97.444
-89.427
-71.024
-39.32
7.209
68.45
142.574
225.582
313.151
401.72
486.514
561.459
621.014
660.613
677.764
672.391
644.464
593.459
520.903
430.81
328.614
220.526
111.661
5.875
-92.27
-177.296
-245.025
-293.76
-324.121
-338.383
-338.822
-327.563
-307.67
-283.458
-259.189
-237.554
-219.586
-205.185
-193.977
-185.649
-179.544
-174.205
-167.94
-159.92
-150.138
-139.101
-127.549
-116.022
-104.997
-95.233
-87.549
-82.386
-79.823
-79.631
-81.383
-84.745
-89.424
-95.055
-101.217
-107.484
-113.509
-119.089
-124.109
-128.458
-132.005
-134.578
-136.05
-136.382
-135.601
-133.777
-130.991
-127.321
-122.886
-117.846
-112.405
-106.789
-101.178
-95.688
-90.41
-85.435
-80.874
-76.877
-73.554
-70.945
-69.053
-67.855
-67.328
-67.438
-68.114
-69.232
-70.629
-72.149
-73.678
-75.136
-76.446
-77.517
-78.228
-78.435
-78.032
-76.957
-75.175
-72.669
-69.42
-65.446
-60.812
-55.639
-50.084
-44.278
-38.316
-32.271
-26.219
-20.249
-14.465
-8.977
-3.857
0.839
5.061
8.753
11.856
14.344
16.251
17.712
18.89
19.881
20.715
21.352
21.755
21.99
22.164
22.203
21.908
21.197
20.181
19.308
19.126
19.686
20.525
21.446
22.618
23.684
24.179
23.179
18.793
12.313
6.157
-0.916
-8.845
-21.58
-43.829
-68.287
-89.194
-99.702
-92.293
-75.904
-58.052
-43.868
-41.031
-45.446
-53.421
-64.6
-75.453
-86.507
-98.927
-111.605
-124.493
-137.124
-148.416
-158.196
-166.686
-174.147
-180.814
-186.651
-191.45
-194.967
-197.151
-198.093
-197.839
-196.411
-193.84
-190.213
-185.688
-180.538
-175.029
-169.289
-163.401
-157.532
-152.116
-147.759
-144.882
-143.51
-143.166
-143.346
-144.039
-145.302
-146.72
-148.015
-149.264
-150.619
-153.783
-158.88
-162.458
-164.537
-167.125
-174.683
-197.726
-235.178
-273.92
-300.797
-298.692
-266.273
-221.121
-177.174
-147.893
-136.864
-134.196
-134.42
-134.531
-133.43
-133.842
-136.272
-139.924
-144.421
-148.76
-152.243
-154.367
-154.678
-153.941
-152.976
-152.138
-151.716
-151.495
-151.284
-151.347
-151.91
-152.748
-153.618
-154.309
-154.616
-154.637
-154.487
-154.158
-153.652
-153.013
-152.284
-151.53
-150.813
-150.13
-149.468
-148.813
-148.14
-147.438
-146.701
-145.931
-145.134
-144.316
-143.483
-142.624
-141.733
-140.812
-139.86
-138.876
-137.858
-136.801
-135.698
-134.56
-133.396
-132.219
-131.047
-129.893
-128.76
-127.648
-126.546
-125.449
-124.354
-123.251
-122.128
-120.967
-119.758
-118.506
-117.238
-115.975
-114.726
-113.484
-112.225
-110.926
-109.589
-108.231
-106.878
-105.55
-104.267
-103.061
-102.001
-101.161
-100.585
-100.273
-100.168
-100.206
-100.354
-100.597
-100.938
-101.364
-101.823
-102.244
-102.573
-102.762
-102.758
-102.479
-101.773
-100.486
-98.524
-95.863
-92.568
-88.723
-84.378
-79.579
-74.387
-68.894
-63.239
-57.576
-52.005
-46.613
-41.504
-36.817
-32.774
-29.595
-27.426
-26.339
-26.323
-27.344
-29.383
-32.4
-36.299
-40.93
-46.105
-51.627
-57.364
-63.207
-69.017
-74.623
-79.792
-84.296
-87.972
-90.727
-92.524
-93.335
-93.15
-91.98
-89.892
-87.048
-83.66
-79.948
-76.121
-72.366
-68.859
-65.879
-63.816
-62.904
-63.174
-64.38
-65.978
-67.526
-68.778
-69.393
-68.847
-66.833
-63.513
-59.817
-57.44
-57.761
-61.391
-68.568
-79.504
-94.117
-111.328
-128.529
-141.642
-146.698
-140.958
-122.584
-89.747
-40.596
25.36
106.383
198.363
296.17
395.466
492.611
583.013
660.795
720.566
758.64
773.755
766.44
737.026
685.475
613.609
525.919
428.079
325.675
223.105
123.681
31.145
-49.842
-115.967
-166.72
-203.174
-227.025
-239.715
-242.277
-236.417
-225.338
-211.809
-196.502
-179.488
-160.809
-140.925
-121.169
-102.443
-84.34
-66.695
-50.74
-37.531
-27.73
-21.283
-16.809
-13.284
-10.626
-8.544
-6.145
-2.825
1.774
7.42
12.869
17.283
20.461
22.166
22.208
20.569
17.276
12.679
7.582
2.541
-2.146
-6.189
-9.464
-11.879
-13.315
-13.796
-13.446
-12.335
-10.503
-7.994
-4.821
-1.051
3.212
7.899
12.929
18.22
23.683
29.199
34.668
40.035
45.265
50.339
55.24
59.95
64.463
68.797
72.975
77.022
80.956
84.79
88.543
92.243
95.923
99.622
103.365
107.166
111.035
114.976
118.991
123.08
127.234
131.435
135.667
139.917
144.174
148.431
152.681
156.913
161.124
165.306
169.442
173.511
177.486
181.331
185.015
188.509
191.777
194.798
197.558
200.051
202.29
204.278
206.012
207.482
208.665
209.543
210.133
210.456
210.549
210.487
210.336
210.17
210.089
210.144
210.346
210.68
211.08
211.465
211.78
211.965
211.972
211.766
211.275
210.426
209.139
207.27
204.673
201.193
196.634
190.889
183.944
175.833
166.679
156.666
145.958
134.755
123.274
111.68
100.157
88.876
77.986
67.717
58.318
50.043
43.19
37.961
34.437
32.648
32.523
33.893
36.578
40.335
44.863
49.942
55.374
60.982
66.639
72.151
77.297
81.854
85.567
88.248
89.797
90.153
89.319
87.398
84.52
80.888
76.77
72.359
67.8
63.212
58.661
54.242
50.076
46.269
42.939
40.185
38.062
36.614
35.863
35.767
36.253
37.205
38.454
39.881
41.406
42.965
44.529
46.068
47.539
48.915
50.176
51.296
52.255
53.032
53.604
53.974
54.163
54.206
54.161
54.067
53.949
53.824
53.698
53.573
53.451
53.326
53.184
53.018
52.825
52.608
52.373
52.121
51.85
51.555
51.23
50.869
50.471
50.031
49.547
49.019
48.447
47.835
47.189
46.51
45.801
45.062
44.291
43.487
42.647
41.771
40.854
39.895
38.892
37.847
36.762
35.638
34.48
33.292
32.082
30.855
29.615
28.37
27.123
25.879
24.643
23.418
22.205
21.008
19.831
18.681
17.566
16.494
15.473
14.513
13.625
12.818
12.102
11.485
10.969
10.562
10.274
10.117
10.108
10.258
10.572
11.052
11.699
12.505
13.456
14.528
15.679
16.88
18.115
19.372
20.655
21.967
23.306
24.676
26.077
27.512
28.994
30.525
32.104
33.748
35.485
37.365
39.464
41.833
44.483
47.411
50.585
53.958
57.481
61.083
64.673
68.17
71.489
74.555
77.315
79.695
81.602
82.932
83.554
83.381
82.38
80.554
77.937
74.593
70.603
66.079
61.176
56.039
50.806
45.607
40.545
35.726
31.261
27.252
23.778
20.876
18.52
16.641
15.174
13.999
12.949
11.825
10.365
8.313
5.477
1.605
-3.617
-10.291
-18.339
-27.481
-37.125
-46.746
-56.039
-64.467
-71.332
-76.481
-80.166
-83.173
-86.986
-92.524
-99.881
-109.379
-121.406
-135.307
-149.621
-161.694
-167.569
-164.357
-150.509
-124.075
-83.008
-26.514
44.961
128.768
219.975
314.438
408.915
498.817
578.504
642.478
685.859
706.264
703.945
678.758
630.179
559.558
470.209
367.251
256.846
143.741
31.099
-77.223
-176.445
-262.189
-331.212
-382.602
-417.174
-435.588
-438.166
-425.842
-401.046
-367.779
-330.499
-292.559
-256.451
-224.145
-197.442
-178.347
-167.679
-164.362
-166.41
-171.673
-177.979
-184.059
-189.014
-191.427
-190.578
-186.778
-180.812
-174.06
-168.114
-163.681
-161.045
-160.658
-162.563
-166.524
-172.192
-178.766
-185.315
-191.346
-196.6
-200.868
-204.104
-206.226
-207.136
-206.92
-205.738
-203.702
-200.906
-197.424
-193.316
-188.717
-183.815
-178.768
-173.705
-168.717
-163.852
-159.164
-154.711
-150.532
-146.643
-143.047
-139.731
-136.689
-133.917
-131.4
-129.101
-126.97
-124.946
-122.979
-121.032
-119.081
-117.111
-115.11
-113.068
-110.986
-108.872
-106.732
-104.573
-102.394
-100.195
-97.978
-95.752
-93.529
-91.322
-89.14
-86.995
-84.897
-82.858
-80.888
-78.997
-77.192
-75.483
-73.879
-72.393
-71.041
-69.837
-68.799
-67.942
-67.283
-66.839
-66.627
-66.662
-66.958
-67.526
-68.379
-69.527
-70.98
-72.746
-74.831
-77.242
-79.981
-83.052
-86.455
-90.189
-94.252
-98.641
-103.348
-108.368
-113.693
-119.311
-125.212
-131.385
-137.816
-144.489
-151.389
-158.497
-165.796
-173.264
-180.882
-188.625
-196.472
-204.399
-212.382
-220.398
-228.422
-236.432
-244.403
-252.313
-260.14
-267.861
-275.455
-282.902
-290.183
-297.278
-304.17
-310.844
-317.285
-323.479
-329.414
-335.079
-340.462
-345.556
-350.352
-354.844
-359.025
-362.891
-366.439
-369.667
-372.576
-375.165
-377.437
-379.395
-381.044
-382.389
-383.436
-384.194
-384.671
-384.875
-384.817
-384.508
-383.958
-383.181
-382.189
-380.994
-379.609
-378.047
-376.321
-374.442
-372.422
-370.274
-368.008
-365.636
-363.168
-360.615
-357.988
-355.296
-352.549
-349.756
-346.926
-344.067
-341.187
-338.293
-335.392
-332.492
-329.597
-326.715
-323.851
-321.01
-318.196
-315.416
-312.671
-309.966
-307.304
-304.686
-302.115
-299.593
-297.123
-294.705
-292.344
-290.041
-287.799
-285.622
-283.515
-281.48
-279.522
-277.646
-275.855
-274.156
-272.553
-271.052
-269.657
-268.376
-267.214
-266.176
-265.268
-264.495
-263.862
-263.373
-263.032
-262.843
-262.809
-262.932
-263.217
-263.664
-264.276
-265.056
-266.004
-267.12
-268.405
-269.857
-271.473
-273.249
-275.181
-277.262
-279.484
-281.839
-284.316
-286.905
-289.593
-292.367
-295.212
-298.112
-301.05
-304.007
-306.964
-309.901
-312.799
-315.635
-318.391
-321.045
-323.576
-325.964
-328.188
-330.227
-332.059
-333.666
-335.026
-336.118
-336.925
-337.428
-337.61
-337.456
-336.952
-336.085
-334.846
-333.227
-331.222
-328.827
-326.039
-322.861
-319.293
-315.341
-311.009
-306.306
-301.238
-295.815
-290.05
-283.957
-277.55
-270.848
-263.868
-256.632
-249.159
-241.469
-233.58
-225.508
-217.269
-208.879
-200.358
-191.733
-183.03
-174.273
-165.486
-156.688
-147.894
-139.116
-130.345
-121.565
-112.757
-103.903
-94.991
-86.021
-76.988
-67.883
-58.695
-49.395
-39.954
-30.35
-20.558
-10.563
-0.362
10.024
20.527
31.042
41.465
51.702
61.693
71.389
80.703
89.545
97.812
105.376
112.158
118.026
122.767
126.348
128.91
130.776
132.569
134.899
138.145
142.838
149.624
158.581
169.384
181.182
192.411
201.931
209.304
213.869
214.934
212.879
208.923
205.456
206.175
213.938
230.589
258.465
299.929
355.979
426.349
508.667
598.468
691.858
785.218
873.367
950.354
1010.801
1050.071
1065.798
1057.701
1025.18
968.538
890.789
796.824
692.593
584.647
478.403
378.492
290.453
218.909
165.916
131.53
114.062
110.646
118.564
134.846
155.222
175.584
193.425
207.522
217.866
225.204
230.159
233.52
236.879
241.946
249.569
259.888
272.407
286.229
300.674
315.144
328.789
340.712
350.329
357.373
361.892
364.156
364.379
362.733
359.442
354.773
349.024
342.476
335.375
327.933
320.345
312.819
305.583
298.838
292.75
287.434
282.936
279.276
276.464
274.487
273.322
272.923
273.201
274.065
275.43
277.198
279.286
281.605
284.042
286.504
288.927
291.265
293.507
295.65
297.69
299.633
301.5
303.313
305.108
306.914
308.753
310.65
312.632
314.732
316.991
319.436
322.081
324.936
327.997
331.258
334.714
338.351
342.146
346.078
350.124
354.264
358.482
362.758
367.067
371.384
375.682
379.935
384.119
388.211
392.187
396.024
399.7
403.195
406.492
409.574
412.421
415.016
417.342
419.382
421.122
422.549
423.652
424.419
424.844
424.919
424.643
424.013
423.027
421.687
419.996
417.957
415.577
412.863
409.823
406.466
402.805
398.852
394.621
390.125
385.381
380.405
375.214
369.824
364.255
358.523
352.647
346.646
340.536
334.338
328.067
321.742
315.381
308.999
302.613
296.24
289.893
283.587
277.336
271.152
265.048
259.034
253.122
247.32
241.638
236.084
230.664
225.386
220.256
215.277
210.455
205.792
201.291
196.954
192.781
188.774
184.932
181.254
177.738
174.384
171.188
168.148
165.261
162.522
159.929
157.476
155.159
152.972
150.909
148.964
147.13
145.402
143.773
142.235
140.782
139.407
138.103
136.863
135.681
134.548
133.46
132.407
131.386
130.388
129.41
128.443
127.485
126.529
125.57
124.604
123.626
122.631
121.615
120.574
119.502
118.398
117.256
116.074
114.848
113.578
112.26
110.892
109.475
108.006
106.484
104.908
103.279
101.596
99.858
98.066
96.219
94.319
92.364
90.357
88.296
86.183
84.018
81.801
79.533
77.215
74.847
72.431
69.968
67.462
64.916
62.332
59.714
57.067
54.395
51.703
48.995
46.277
43.553
40.828
38.108
35.398
32.703
30.03
27.385
24.773
22.201
19.675
17.203
14.79
12.444
10.172
7.98
5.877
3.869
1.964
0.169
-1.51
-3.065
-4.491
-5.784
-6.938
-7.951
-8.822
-9.549
-10.132
-10.573
-10.874
-11.037
-11.067
-10.968
-10.745
-10.404
-9.952
-9.397
-8.747
-8.012
-7.203
-6.334
-5.42
-4.475
-3.517
-2.561
-1.626
-0.729
0.113
0.885
1.572
2.158
2.627
2.962
3.145
3.159
2.992
2.63
2.064
1.285
0.289
-0.923
-2.352
-4
-5.875
-7.993
-10.368
-13.005
-15.906
-19.069
-22.477
-26.111
-29.944
-33.926
-38.013
-42.163
-46.33
-50.484
-54.583
-58.566
-62.365
-65.902
-69.098
-71.91
-74.292
-76.216
-77.705
-78.791
-79.539
-80.059
-80.421
-80.718
-81.075
-81.604
-82.467
-83.851
-85.898
-88.824
-92.875
-98.061
-104.251
-111.14
-118.145
-124.817
-130.82
-135.551
-138.501
-139.668
-139.414
-138.686
-138.685
-139.955
-142.716
-147.429
-154.268
-162.605
-170.78
-175.886
-174.97
-166.091
-147.603
-117.608
-74.282
-16.853
53.32
132.755
217.735
305.083
391.098
470.971
538.728
588.853
618.251
626.009
611.578
574.272
514.629
435.416
342.038
240.817
136.835
34.223
-62.615
-148.507
-218.854
-271.294
-306.19
-325.458
-331.004
-324.817
-309.588
-289.326
-268.452
-249.932
-235.009
-223.816
-216.145
-211.736
-210.037
-209.617
-208.547
-205.722
-200.901
-194.414
-186.895
-178.818
-170.547
-162.708
-156.118
-151.226
-148.132
-146.683
-146.474
-147.172
-148.529
-150.219
-151.877
-153.203
-153.946
-153.926
-153.107
-151.473
-149.027
-145.83
-141.92
-137.362
-132.264
-126.728
-120.867
-114.818
-108.713
-102.705
-96.979
-91.683
-86.941
-82.86
-79.465
-76.748
-74.665
-73.121
-72.034
-71.333
-70.939
-70.787
-70.826
-70.984
-71.194
-71.381
-71.438
-71.284
-70.857
-70.101
-69.002
-67.57
-65.836
-63.868
-61.731
-59.467
-57.111
-54.685
-52.197
-49.665
-47.103
-44.523
-41.953
-39.417
-36.935
-34.532
-32.216
-29.988
-27.838
-25.744
-23.684
-21.649
-19.638
-17.656
-15.716
-13.831
-12.017
-10.299
-8.694
-7.219
-5.887
-4.709
-3.697
-2.867
-2.233
-1.814
-1.626
-1.681
-1.991
-2.564
-3.406
-4.52
-5.907
-7.564
-9.486
-11.671
-14.112
-16.805
-19.744
-22.92
-26.324
-29.946
-33.774
-37.795
-41.995
-46.357
-50.865
-55.501
-60.246
-65.081
-69.985
-74.939
-79.921
-84.912
-89.89
-94.837
-99.733
-104.559
-109.298
-113.932
-118.445
-122.823
-127.05
-131.114
-135.002
-138.704
-142.21
-145.513
-148.606
-151.483
-154.139
-156.573
-158.781
-160.762
-162.517
-164.045
-165.35
-166.435
-167.303
-167.961
-168.415
-168.674
-168.747
-168.644
-168.376
-167.954
-167.39
-166.696
-165.885
-164.97
-163.963
-162.877
-161.725
-160.518
-159.27
-157.993
-156.698
-155.396
-154.097
-152.81
-151.543
-150.304
-149.1
-147.936
-146.818
-145.751
-144.74
-143.788
-142.9
-142.078
-141.325
-140.641
-140.028
-139.486
-139.012
-138.606
-138.265
-137.986
-137.766
-137.601
-137.488
-137.423
-137.401
-137.417
-137.467
-137.547
-137.65
-137.773
-137.91
-138.058
-138.214
-138.375
-138.539
-138.706
-138.875
-139.045
-139.217
-139.391
-139.567
-139.744
-139.923
-140.105
-140.288
-140.475
-140.665
-140.859
-141.059
-141.266
-141.479
-141.701
-141.932
-142.17
-142.417
-142.671
-142.933
-143.201
-143.475
-143.754
-144.037
-144.323
-144.609
-144.891
-145.166
-145.429
-145.672
-145.888
-146.069
-146.207
-146.291
-146.314
-146.267
-146.14
-145.926
-145.616
-145.201
-144.674
-144.027
-143.252
-142.343
-141.294
-140.1
-138.757
-137.263
-135.617
-133.817
-131.867
-129.766
-127.517
-125.124
-122.59
-119.919
-117.117
-114.192
-111.15
-108.005
-104.768
-101.457
-98.091
-94.689
-91.274
-87.868
-84.493
-81.173
-77.929
-74.777
-71.736
-68.824
-66.057
-63.458
-61.044
-58.829
-56.829
-55.055
-53.515
-52.218
-51.165
-50.348
-49.767
-49.42
-49.311
-49.459
-49.881
-50.584
-51.577
-52.859
-54.418
-56.244
-58.311
-60.569
-62.972
-65.465
-67.991
-70.517
-72.988
-75.335
-77.489
-79.353
-80.836
-81.873
-82.405
-82.398
-81.854
-80.785
-79.227
-77.253
-74.955
-72.472
-69.971
-67.611
-65.594
-64.095
-63.339
-63.69
-65.305
-68.12
-71.889
-75.991
-79.792
-82.935
-84.82
-84.659
-82.395
-78.363
-73.513
-69.963
-69.324
-72.438
-80.504
-94.205
-112.637
-134.068
-155.118
-170.345
-175.295
-166.194
-138.761
-90.178
-19.76
71.431
179.34
297.323
419.038
537.408
644.036
731.457
793.445
825.9
827.748
799.753
743.479
662.545
562.804
451.127
334.903
220.202
111.861
14.679
-67.21
-131.114
-176.425
-204.682
-218.567
-220.349
-212.522
-198.396
-181.408
-164.962
-151.124
-140.167
-131.723
-125.447
-120.794
-116.966
-112.83
-106.854
-98.313
-87.465
-74.887
-61.382
-47.642
-34.144
-21.541
-10.66
-1.992
4.275
8.172
10.011
10.072
8.564
5.771
2.005
-2.419
-7.16
-11.907
-16.43
-20.558
-24.175
-27.193
-29.519
-31.073
-31.786
-31.64
-30.675
-28.942
-26.497
-23.399
-19.719
-15.571
-11.106
-6.489
-1.847
2.739
7.227
11.586
15.784
19.792
23.59
27.187
30.608
33.868
36.981
39.954
42.808
45.579
48.326
51.106
53.964
56.927
60.013
63.236
66.609
70.14
73.83
77.669
81.649
85.763
90.01
94.389
98.894
103.511
108.223
113.012
117.86
122.749
127.661
132.575
137.471
142.329
147.131
151.86
156.498
161.023
165.414
169.651
173.71
177.573
181.218
184.625
187.775
190.65
193.234
195.511
197.468
199.092
200.373
201.301
201.869
202.071
201.904
201.364
200.452
199.17
197.523
195.515
193.155
190.454
187.424
184.079
180.435
176.509
172.319
167.884
163.225
158.363
153.318
148.114
142.771
137.313
131.762
126.141
120.471
114.776
109.076
103.392
97.744
92.152
86.635
81.21
75.894
70.704
65.654
60.758
56.03
51.48
47.118
42.954
38.994
35.244
31.707
28.387
25.285
22.4
19.732
17.277
15.033
12.995
11.159
9.518
8.066
6.797
5.702
4.773
4.004
3.384
2.905
2.559
2.336
2.227
2.224
2.315
2.493
2.747
3.067
3.445
3.869
4.331
4.823
5.334
5.858
6.387
6.913
7.43
7.932
8.414
8.87
9.296
9.689
10.044
10.358
10.628
10.853
11.029
11.156
11.229
11.249
11.211
11.115
10.959
10.739
10.456
10.106
9.689
9.204
8.651
8.028
7.337
6.578
5.752
4.858
3.9
2.878
1.794
0.65
-0.553
-1.811
-3.123
-4.485
-5.896
-7.351
-8.849
-10.385
-11.958
-13.561
-15.193
-16.848
-18.519
-20.203
-21.89
-23.575
-25.249
-26.903
-28.529
-30.118
-31.661
-33.147
-34.568
-35.915
-37.176
-38.343
-39.406
-40.355
-41.183
-41.88
-42.439
-42.853
-43.114
-43.215
-43.151
-42.918
-42.508
-41.919
-41.145
-40.184
-39.034
-37.694
-36.163
-34.443
-32.536
-30.447
-28.182
-25.748
-23.154
-20.41
-17.527
-14.518
-11.396
-8.178
-4.879
-1.518
1.885
5.309
8.73
12.127
15.474
18.75
21.93
24.994
27.92
30.69
33.284
35.684
37.869
39.818
41.512
42.935
44.071
44.906
45.429
45.63
45.51
45.07
44.308
43.218
41.788
40.009
37.879
35.401
32.582
29.436
25.983
22.253
18.295
14.156
9.883
5.52
1.1
-3.34
-7.742
-12.037
-16.148
-20.001
-23.546
-26.744
-29.552
-31.967
-34.003
-35.703
-37.149
-38.407
-39.533
-40.622
-41.769
-43.086
-44.74
-46.863
-49.644
-53.353
-58.053
-63.639
-69.875
-76.255
-82.281
-87.648
-91.781
-93.943
-94.006
-92.24
-89.434
-87.077
-86.18
-87.149
-90.768
-97.949
-108.497
-121.211
-133.494
-141.422
-141.929
-132.776
-111.18
-74.089
-19.814
51.221
136.001
229.401
326.683
423.462
514.12
591.649
649.576
683.936
693.55
679.368
642.514
583.936
506.256
414.873
316.196
215.258
115.746
20.309
-68.261
-145.993
-209.776
-259.045
-294.563
-317.168
-327.883
-327.418
-316.983
-299.629
-278.444
-255.599
-233.034
-211.854
-192.489
-175.787
-162.273
-151.405
-142.731
-135.441
-128.067
-120.161
-111.881
-103.073
-93.869
-84.456
-74.613
-64.834
-56.337
-49.646
-44.92
-42.24
-41.306
-42.078
-44.827
-49.3
-54.823
-60.885
-67.039
-73.009
-78.764
-84.09
-88.646
-92.264
-94.894
-96.564
-97.363
-97.317
-96.393
-94.603
-92.01
-88.716
-84.843
-80.493
-75.741
-70.673
-65.389
-60.022
-54.689
-49.467
-44.402
-39.511
-34.803
-30.296
-25.992
-21.876
-17.921
-14.096
-10.37
-6.725
-3.142
0.406
3.953
7.54
11.198
14.939
18.772
22.696
26.706
30.801
34.966
39.18
43.42
47.669
51.908
56.125
60.303
64.42
68.454
72.383
76.187
79.846
83.341
86.652
89.76
92.649
95.302
97.707
99.848
101.709
103.275
104.532
105.464
106.059
106.306
106.193
105.711
104.854
103.618
102.001
100.003
97.625
94.872
91.748
88.262
84.424
80.244
75.735
70.912
65.791
60.39
54.729
48.826
42.704
36.385
29.893
23.249
16.48
9.609
2.661
-4.34
-11.368
-18.4
-25.409
-32.373
-39.267
-46.07
-52.758
-59.311
-65.709
-71.935
-77.971
-83.804
-89.42
-94.807
-99.956
-104.859
-109.508
-113.901
-118.033
-121.903
-125.513
-128.863
-131.958
-134.802
-137.402
-139.765
-141.899
-143.813
-145.518
-147.024
-148.343
-149.485
-150.465
-151.294
-151.986
-152.554
-153.012
-153.374
-153.655
-153.866
-154.023
-154.137
-154.221
-154.287
-154.346
-154.408
-154.484
-154.581
-154.708
-154.872
-155.079
-155.333
-155.64
-156.001
-156.421
-156.9
-157.439
-158.039
-158.701
-159.423
-160.206
-161.05
-161.953
-162.914
-163.933
-165.007
-166.136
-167.317
-168.55
-169.831
-171.16
-172.535
-173.954
-175.416
-176.919
-178.462
-180.045
-181.666
-183.326
-185.025
-186.762
-188.54
-190.358
-192.221
-194.129
-196.085
-198.091
-200.152
-202.269
-204.445
-206.682
-208.983
-211.348
-213.779
-216.275
-218.838
-221.466
-224.159
-226.913
-229.728
-232.601
-235.527
-238.504
-241.526
-244.588
-247.686
-250.811
-253.959
-257.12
-260.288
-263.454
-266.608
-269.742
-272.845
-275.905
-278.913
-281.856
-284.721
-287.499
-290.175
-292.739
-295.18
-297.485
-299.646
-301.654
-303.499
-305.176
-306.677
-307.997
-309.132
-310.081
-310.841
-311.413
-311.798
-311.998
-312.018
-311.864
-311.542
-311.059
-310.426
-309.654
-308.755
-307.742
-306.632
-305.438
-304.18
-302.875
-301.54
-300.193
-298.85
-297.53
-296.249
-295.027
-293.88
-292.823
-291.872
-291.043
-290.351
-289.808
-289.423
-289.197
-289.128
-289.217
-289.466
-289.881
-290.463
-291.201
-292.086
-293.109
-294.256
-295.51
-296.835
-298.177
-299.482
-300.7
-301.792
-302.728
-303.475
-303.985
-304.202
-304.068
-303.529
-302.556
-301.124
-299.186
-296.719
-293.719
-290.228
-286.356
-282.205
-277.851
-273.339
-268.686
-263.93
-259.162
-254.5
-250.056
-245.946
-242.207
-238.875
-236.083
-233.786
-231.764
-229.625
-226.676
-222.232
-215.865
-207.251
-196.099
-182.653
-167.416
-150.995
-134.621
-119.43
-106.214
-95.604
-87.576
-80.857
-73.607
-64.084
-49.882
-28.608
2.049
44.502
99.726
166.417
241.918
323.48
407.737
490.597
566.986
630.596
676.217
701.228
704.736
686.155
645.213
582.934
502.561
410.008
311.665
212.398
116.183
27.002
-50.708
-112.806
-157.183
-184.401
-196.224
-194.222
-180.085
-155.543
-123.085
-86.459
-48.706
-11.735
22.858
54.005
81.082
103.013
119.014
129.835
136.368
139.709
141.598
142.95
144.142
146.077
149.643
154.899
161.733
169.5
176.853
183.189
188.426
192.321
194.762
195.861
195.752
194.894
194.092
193.788
194.165
195.388
197.486
200.504
204.507
209.419
215.063
221.309
228.048
235.175
242.605
250.199
257.804
265.317
272.662
279.789
286.668
293.263
299.537
305.48
311.096
316.386
321.356
326.006
330.349
334.417
338.255
341.92
345.458
348.903
352.281
355.613
358.914
362.194
365.457
368.696
371.911
375.101
378.273
381.431
384.579
387.714
390.83
393.919
396.975
399.993
402.963
405.879
408.731
411.513
414.22
416.849
419.392
421.839
424.182
426.407
428.505
430.463
432.269
433.909
435.37
436.641
437.71
438.566
439.2
439.601
439.761
439.671
439.325
438.715
437.837
436.686
435.259
433.555
431.572
429.312
426.776
423.969
420.894
417.559
413.972
410.14
406.075
401.786
397.286
392.588
387.705
382.652
377.444
372.097
366.626
361.05
355.385
349.647
343.855
338.025
332.173
326.316
320.471
314.652
308.874
303.152
297.499
291.928
286.452
281.082
275.827
270.697
265.701
260.845
256.136
251.579
247.178
242.936
238.853
234.932
231.171
227.57
224.127
220.838
217.701
214.711
211.864
209.154
206.576
204.122
201.786
199.562
197.44
195.415
193.479
191.624
189.843
188.128
186.472
184.869
183.31
181.79
180.301
178.838
177.394
175.965
174.545
173.129
171.715
170.298
168.875
167.445
166.005
164.553
163.089
161.611
160.118
158.61
157.086
155.547
153.991
152.42
150.834
149.232
147.615
145.982
144.333
142.669
140.988
139.291
137.577
135.846
134.096
132.329
130.542
128.737
126.911
125.065
123.198
121.309
119.397
117.46
115.498
113.509
111.492
109.446
107.37
105.263
103.123
100.951
98.747
96.51
94.24
91.94
89.611
87.254
84.872
82.468
80.046
77.609
75.162
72.71
70.257
67.809
65.372
62.951
60.554
58.185
55.852
53.561
51.317
49.128
47
44.939
42.952
41.044
39.222
37.492
35.86
34.331
32.911
31.602
30.409
29.334
28.379
27.546
26.833
26.24
25.763
25.401
25.148
24.999
24.948
24.987
25.107
25.3
25.553
25.853
26.185
26.534
26.883
27.216
27.517
27.768
27.953
28.059
28.072
27.98
27.769
27.422
26.922
26.254
25.406
24.364
23.117
21.655
19.972
18.069
15.951
13.614
11.055
8.259
5.211
1.906
-1.656
-5.476
-9.538
-13.824
-18.306
-22.935
-27.661
-32.441
-37.232
-42.005
-46.735
-51.371
-55.856
-60.124
-64.103
-67.749
-71.023
-73.887
-76.346
-78.427
-80.19
-81.734
-83.136
-84.463
-85.818
-87.306
-89.046
-91.208
-93.908
-97.307
-101.677
-107.074
-113.394
-120.387
-127.432
-133.903
-139.402
-143.305
-144.916
-144.242
-141.622
-137.928
-135.044
-134.392
-136.755
-143.214
-154.339
-169.265
-186.399
-202.759
-213.632
-215.242
-204.509
-177.892
-133.197
-70.279
9.59
102.587
202.658
304.441
402.149
488.648
557.917
605.442
628.154
625.769
599.604
550.568
481.425
397.293
303.471
205.397
108.011
14.662
-71.15
-144.955
-204.287
-248.875
-279.352
-297.547
-305.396
-304.309
-296.896
-287.096
-277.581
-269.714
-264.11
-260.267
-257.711
-256.353
-255.275
-252.809
-247.992
-240.519
-230.565
-218.997
-206.582
-193.778
-181.28
-169.941
-160.302
-152.682
-147.192
-143.659
-141.905
-141.796
-143.097
-145.534
-148.86
-152.804
-157.094
-161.467
-165.661
-169.472
-172.765
-175.458
-177.482
-178.788
-179.329
-179.073
-178.032
-176.244
-173.748
-170.589
-166.832
-162.572
-157.944
-153.115
-148.226
-143.368
-138.604
-133.964
-129.476
-125.163
-121.037
-117.097
-113.334
-109.738
-106.305
-103.038
-99.923
-96.934
-94.03
-91.151
-88.253
-85.309
-82.296
-79.204
-76.025
-72.753
-69.389
-65.944
-62.426
-58.84
-55.186
-51.462
-47.67
-43.817
-39.912
-35.969
-32.002
-28.022
-24.043
-20.08
-16.148
-12.262
-8.436
-4.681
-1.011
2.557
6.005
9.316
12.47
15.45
18.239
20.817
23.17
25.28
27.136
28.725
30.037
31.061
31.791
32.219
32.34
32.149
31.644
30.821
29.681
28.223
26.45
24.365
21.972
19.279
16.294
13.028
9.492
5.699
1.664
-2.596
-7.065
-11.725
-16.555
-21.536
-26.646
-31.865
-37.171
-42.542
-47.957
-53.394
-58.834
-64.257
-69.645
-74.979
-80.242
-85.418
-90.491
-95.446
-100.271
-104.95
-109.471
-113.824
-117.997
-121.98
-125.765
-129.344
-132.71
-135.859
-138.787
-141.491
-143.97
-146.223
-148.253
-150.061
-151.651
-153.027
-154.195
-155.162
-155.934
-156.52
-156.927
-157.166
-157.243
-157.17
-156.954
-156.606
-156.134
-155.548
-154.857
-154.07
-153.196
-152.245
-151.225
-150.146
-149.018
-147.848
-146.646
-145.42
-144.177
-142.927
-141.675
-140.428
-139.194
-137.977
-136.784
-135.619
-134.486
-133.389
-132.332
-131.316
-130.343
-129.415
-128.532
-127.695
-126.905
-126.16
-125.462
-124.81
-124.204
-123.644
-123.13
-122.66
-122.234
-121.85
-121.506
-121.202
-120.934
-120.701
-120.501
-120.33
-120.187
-120.071
-119.977
-119.905
-119.851
-119.812
-119.787
-119.771
-119.763
-119.759
-119.758
-119.756
-119.753
-119.746
-119.734
-119.715
-119.686
-119.644
-119.587
-119.51
-119.409
-119.278
-119.114
-118.911
-118.667
-118.378
-118.041
-117.653
-117.214
-116.724
-116.181
-115.581
-114.92
-114.193
-113.395
-112.52
-111.563
-110.518
-109.376
-108.134
-106.791
-105.347
-103.799
-102.141
-100.362
-98.456
-96.426
-94.276
-92.014
-89.653
-87.203
-84.691
-82.153
-79.625
-77.14
-74.715
-72.35
-70.048
-67.817
-65.664
-63.599
-61.617
-59.693
-57.808
-55.951
-54.102
-52.24
-50.318
-48.255
-45.991
-43.483
-40.717
-37.718
-34.511
-31.121
-27.59
-23.975
-20.354
-16.836
-13.508
-10.435
-7.698
-5.381
-3.598
-2.496
-2.19
-2.757
-4.235
-6.614
-9.864
-13.937
-18.748
-24.181
-30.097
-36.329
-42.726
-49.16
-55.483
-61.54
-67.166
-72.179
-76.441
-79.865
-82.396
-84.031
-84.799
-84.752
-83.99
-82.671
-80.968
-79.094
-77.283
-75.716
-74.668
-74.495
-75.355
-77.249
-79.975
-83.044
-86.044
-88.756
-90.698
-91.209
-90.134
-87.698
-84.817
-83.143
-83.592
-86.377
-91.888
-100.499
-111.904
-125.001
-136.982
-143.59
-141.913
-130.124
-106.314
-68.711
-15.747
52.969
134.927
225.303
320.141
416.078
509.021
594.133
665.358
717.25
747.236
755.083
740.461
702.95
643.682
565.809
474.898
377.283
277.938
180.568
89.23
8.607
-58.053
-109.561
-146.736
-171.78
-186.694
-192.978
-192.927
-189.914
-186.411
-183.678
-182.051
-180.815
-179.325
-177.38
-174.215
-168.443
-159.295
-146.586
-130.591
-112.269
-92.522
-71.999
-51.585
-32.297
-14.88
0.107
12.371
21.965
28.967
33.47
35.673
35.814
34.132
30.891
26.353
20.773
14.439
7.636
0.639
-6.292
-12.893
-18.885
-24.053
-28.258
-31.418
-33.522
-34.568
-34.562
-33.543
-31.587
-28.791
-25.273
-21.144
-16.5
-11.447
-6.101
-0.59
4.934
10.362
15.626
20.681
25.513
30.108
34.451
38.551
42.441
46.153
49.717
53.159
56.492
59.74
62.939
66.129
69.358
72.657
76.044
79.528
83.112
86.797
90.579
94.445
98.372
102.339
106.33
110.331
114.333
118.321
122.274
126.174
130
133.733
137.356
140.851
144.199
147.382
150.387
153.199
155.807
158.199
160.361
162.28
163.943
165.338
166.454
167.281
167.808
168.027
167.931
167.517
166.782
165.726
164.349
162.655
160.648
158.333
155.718
152.811
149.622
146.163
142.446
138.484
134.293
129.89
125.29
120.514
115.58
110.509
105.319
100.033
94.669
89.25
83.794
78.323
72.856
67.414
62.015
56.679
51.423
46.266
41.224
36.311
31.542
26.927
22.48
18.209
14.122
10.228
6.534
3.043
-0.238
-3.307
-6.162
-8.802
-11.227
-13.44
-15.443
-17.24
-18.839
-20.244
-21.463
-22.504
-23.376
-24.087
-24.647
-25.067
-25.355
-25.523
-25.582
-25.544
-25.422
-25.227
-24.971
-24.664
-24.317
-23.94
-23.542
-23.13
-22.711
-22.292
-21.88
-21.486
-21.119
-20.786
-20.49
-20.233
-20.014
-19.836
-19.699
-19.601
-19.538
-19.508
-19.512
-19.557
-19.654
-19.812
-20.031
-20.306
-20.631
-21.011
-21.454
-21.974
-22.586
-23.291
-24.098
-25.021
-26.074
-27.271
-28.617
-30.088
-31.652
-33.28
-34.954
-36.684
-38.482
-40.335
-42.178
-43.905
-45.433
-46.737
-47.837
-48.791
-49.6
-50.163
-50.555
-50.975
-51.532
-52.291
-53.037
-53.12
-52.105
-50.086
-46.941
-42.687
-38.225
-34.082
-31.076
-31.635
-35.555
-41.905
-53.237
-69.05
-91.789
-125.186
-160.917
-191.908
-209.081
-201.588
-176.264
-141.16
-103.987
-75.234
-52.554
-33.61
-20.192
-12.047
-12.408
-22.666
-39.538
-59.99
-81.373
-101.408
-118.614
-131.222
-137.945
-138.862
-135.401
-129.709
-123.175
-116.412
-109.896
-104.149
-99.669
-96.7
-94.904
-93.485
-91.982
-90.312
-88.522
-86.765
-85.074
-83.372
-81.691
-80.169
-78.894
-77.905
-77.185
-76.642
-76.233
-75.962
-75.838
-75.889
-76.125
-76.534
-77.106
-77.832
-78.709
-79.749
-80.971
-82.399
-84.053
-85.954
-88.115
-90.556
-93.276
-96.265
-99.493
-102.911
-106.467
-110.118
-113.819
-117.536
-121.232
-124.853
-128.33
-131.583
-134.527
-137.092
-139.223
-140.88
-142.064
-142.796
-143.131
-143.158
-142.957
-142.628
-142.296
-142.087
-142.153
-142.679
-143.823
-145.819
-148.999
-153.479
-159.172
-165.79
-172.714
-179.369
-185.414
-190.263
-193.166
-193.985
-193.073
-191.4
-190.75
-192.354
-196.559
-203.92
-214.988
-229.095
-244.611
-258.506
-266.223
-264.234
-250.394
-222.257
-177.393
-114.89
-35.331
58.317
160.581
266.642
372.588
473.16
562.037
633.418
682.489
706.772
706.486
681.605
631.727
559.01
468.081
364.714
255.324
145.333
38.592
-60.221
-145.562
-214.28
-265.671
-300.648
-321.692
-331.203
-330.993
-324.119
-314.835
-305.995
-299.011
-294.264
-290.874
-288.055
-285.441
-281.951
-275.889
-266.294
-252.903
-236.02
-216.682
-195.868
-174.301
-152.925
-132.788
-114.635
-98.982
-86.097
-75.933
-68.391
-63.375
-60.668
-60.005
-61.156
-63.876
-67.911
-73.031
-78.962
-85.414
-92.145
-98.937
-105.551
-111.747
-117.293
-121.984
-125.698
-128.388
-130.035
-130.644
-130.245
-128.887
-126.659
-123.67
-120.027
-115.833
-111.172
-106.123
-100.787
-95.281
-89.725
-84.236
-78.892
-73.735
-68.796
-64.093
-59.632
-55.402
-51.379
-47.523
-43.802
-40.193
-36.675
-33.233
-29.838
-26.455
-23.047
-19.574
-16.009
-12.338
-8.55
-4.641
-0.612
3.53
7.77
12.091
16.476
20.912
25.387
29.891
34.409
38.925
43.418
47.865
52.244
56.536
60.722
64.783
68.704
72.467
76.057
79.462
82.674
85.678
88.459
90.991
93.253
95.23
96.917
98.317
99.43
100.253
100.787
101.039
101.024
100.748
100.205
99.377
98.242
96.792
95.038
93.001
90.707
88.163
85.366
82.308
78.992
75.425
71.608
67.52
63.135
58.451
53.508
48.382
43.149
37.859
32.543
27.216
21.901
16.637
11.471
6.444
1.581
-3.085
-7.508
-11.612
-15.312
-18.564
-21.382
-23.823
-25.944
-27.772
-29.32
-30.593
-31.613
-32.408
-33.006
-33.414
-33.635
-33.684
-33.595
-33.434
-33.27
-33.138
-33.031
-32.911
-32.744
-32.518
-32.23
-31.873
-31.431
-30.888
-30.245
-29.516
-28.723
-27.872
-26.956
-25.955
-24.845
-23.623
-22.302
-20.907
-19.458
-17.969
-16.449
-14.912
-13.379
-11.861
-10.361
-8.871
-7.383
-5.893
-4.404
-2.922
-1.449
0.015
1.474
2.93
4.385
5.842
7.3
8.765
10.239
11.722
13.212
14.702
16.188
17.663
19.124
20.566
21.986
23.376
24.735
26.059
27.347
28.596
29.803
30.965
32.08
33.146
34.161
35.124
36.031
36.883
37.677
38.412
39.086
39.698
40.246
40.728
41.144
41.492
41.773
41.988
42.138
42.226
42.257
42.237
42.172
42.068
41.934
41.78
41.614
41.446
41.285
41.141
41.023
40.941
40.904
40.921
41.001
41.151
41.378
41.687
42.085
42.574
43.157
43.838
44.62
45.506
46.501
47.609
48.834
50.183
51.66
53.271
55.015
56.891
58.897
61.027
63.277
65.639
68.102
70.655
73.289
75.999
78.779
81.622
84.514
87.437
90.376
93.328
96.287
99.25
102.215
105.179
108.155
111.169
114.246
117.406
120.654
123.975
127.356
130.79
134.269
137.789
141.323
144.826
148.266
151.623
154.881
158.023
160.995
163.708
166.083
168.059
169.608
170.734
171.424
171.659
171.431
170.747
169.657
168.232
166.509
164.498
162.19
159.601
156.805
153.926
151.09
148.391
145.883
143.584
141.53
139.797
138.475
137.659
137.428
137.78
138.691
140.241
142.573
145.673
149.409
153.332
156.713
159.294
161.186
162.44
163.14
163.319
162.846
162.361
163.179
165.304
167.949
170.433
171.323
169.688
165.785
156.409
137.731
111.054
76.479
