Name,Criss Capps
Date of Birth,"Feb 5, 1952"
Recorded Date,2025-04-19 18:56:21 -0400
Classification,Inconclusive
Symptoms,
Software Version,1.90
Device,"Watch5,4"
Sample Rate,512.844 hertz


Lead,Lead I
Unit,µV

58.856
52.545
46.622
41.101
35.991
31.301
27.035
23.196
19.784
16.794
14.221
12.058
10.292
8.911
7.9
7.241
6.914
6.9
7.174
7.714
8.492
9.483
10.659
11.993
13.457
15.024
16.665
18.354
20.064
21.77
23.447
25.07
26.618
28.069
29.404
30.604
31.653
32.537
33.245
33.767
34.094
34.222
34.146
33.866
33.381
32.695
31.811
30.735
29.476
28.044
26.451
24.709
22.835
20.843
18.749
16.571
14.327
12.032
9.706
7.365
5.029
2.715
0.441
-1.776
-3.916
-5.963
-7.902
-9.717
-11.395
-12.925
-14.296
-15.499
-16.525
-17.369
-18.026
-18.492
-18.763
-18.837
-18.714
-18.395
-17.884
-17.186
-16.307
-15.257
-14.044
-12.68
-11.176
-9.544
-7.793
-5.938
-3.99
-1.962
0.13
2.272
4.445
6.63
8.805
10.949
13.041
15.064
16.999
18.833
20.55
22.14
23.596
24.913
26.081
27.091
27.93
28.588
29.055
29.325
29.394
29.26
28.921
28.378
27.645
26.732
25.646
24.387
22.938
21.292
19.458
17.455
15.307
13.049
10.71
8.337
6.009
3.803
1.797
0.058
-1.384
-2.508
-3.29
-3.691
-3.666
-3.184
-2.263
-0.958
0.697
2.655
4.888
7.351
9.888
12.32
14.44
16.042
16.995
17.236
16.692
15.236
12.899
9.824
6.303
2.84
-0.164
-2.459
-3.841
-4.079
-3.24
-1.607
0.531
2.546
3.908
4.336
3.539
1.5
-0.855
-1.993
-0.597
4.866
15.917
33.893
60.542
97.357
142.861
193.187
245.42
296.352
346.247
399.591
455.517
510.285
556.151
577.081
563.303
512.632
428.899
330.328
235.185
154.309
94.666
50.108
9.831
-31.479
-78.712
-130.942
-182.818
-232.812
-279.477
-322.076
-362.363
-400.458
-435.527
-467.043
-493.797
-514.812
-530.007
-539.583
-543.883
-543.47
-538.815
-530.198
-517.961
-502.512
-484.21
-463.458
-440.637
-416.066
-390.142
-363.345
-336.092
-308.737
-281.557
-254.675
-228.178
-202.192
-176.848
-152.325
-128.836
-106.543
-85.581
-66.097
-48.231
-32.077
-17.647
-4.862
6.362
16.072
24.303
31.046
36.307
40.164
42.717
44.111
44.549
44.215
43.274
41.93
40.379
38.769
37.2
35.702
34.273
32.932
31.693
30.569
29.562
28.627
27.704
26.714
25.534
24.061
22.221
19.926
17.104
13.715
9.741
5.203
0.16
-5.333
-11.224
-17.45
-23.946
-30.63
-37.408
-44.179
-50.829
-57.254
-63.371
-69.1
-74.372
-79.129
-83.32
-86.913
-89.895
-92.251
-93.961
-95.012
-95.387
-95.078
-94.083
-92.405
-90.048
-87.016
-83.314
-78.948
-73.923
-68.249
-61.936
-54.994
-47.433
-39.27
-30.526
-21.228
-11.408
-1.099
9.664
20.841
32.392
44.272
56.436
68.838
81.432
94.17
107
119.872
132.734
145.533
158.219
170.737
183.038
195.068
206.777
218.114
229.03
239.477
249.406
258.774
267.535
275.65
283.079
289.787
295.743
300.918
305.286
308.826
311.52
313.354
314.319
314.408
313.62
311.956
309.423
306.031
301.794
296.728
290.855
284.2
276.791
268.658
259.836
250.362
240.275
229.617
218.431
206.765
194.666
182.181
169.361
156.257
142.917
129.394
115.737
101.996
88.219
74.454
60.747
47.142
33.684
20.413
7.368
-5.415
-17.901
-30.059
-41.861
-53.28
-64.293
-74.882
-85.028
-94.718
-103.94
-112.687
-120.951
-128.731
-136.026
-142.839
-149.174
-155.039
-160.443
-165.397
-169.915
-174.011
-177.702
-181.005
-183.938
-186.521
-188.775
-190.721
-192.38
-193.776
-194.931
-195.869
-196.612
-197.185
-197.61
-197.909
-198.106
-198.222
-198.277
-198.294
-198.291
-198.289
-198.304
-198.355
-198.458
-198.629
-198.881
-199.229
-199.683
-200.256
-200.956
-201.792
-202.773
-203.904
-205.191
-206.638
-208.247
-210.022
-211.961
-214.065
-216.33
-218.754
-221.33
-224.052
-226.913
-229.901
-233.008
-236.22
-239.524
-242.904
-246.345
-249.829
-253.337
-256.849
-260.344
-263.798
-267.19
-270.494
-273.686
-276.74
-279.63
-282.329
-284.81
-287.046
-289.01
-290.673
-292.008
-292.987
-293.584
-293.771
-293.523
-292.815
-291.623
-289.925
-287.7
-284.928
-281.591
-277.675
-273.164
-268.048
-262.315
-255.957
-248.97
-241.351
-233.098
-224.213
-214.701
-204.568
-193.825
-182.483
-170.556
-158.061
-145.016
-131.441
-117.36
-102.796
-87.776
-72.327
-56.479
-40.264
-23.715
-6.866
10.249
27.596
45.138
62.841
80.669
98.589
116.567
134.57
152.566
170.523
188.407
206.187
223.835
241.322
258.62
275.706
292.554
309.145
325.461
341.486
357.206
372.608
387.68
402.413
416.798
430.829
444.502
457.812
470.76
483.347
495.577
507.458
518.994
530.193
541.061
551.605
561.834
571.752
581.364
590.676
599.696
608.435
616.905
625.122
633.101
640.858
648.416
655.797
663.015
670.085
677.012
683.804
690.472
697.021
703.459
709.79
716.023
722.174
728.271
734.338
740.391
746.435
752.468
758.497
764.548
770.647
776.82
783.1
789.532
796.188
803.173
810.586
818.492
826.921
835.87
845.343
855.348
865.888
876.957
888.504
900.468
912.816
925.546
938.639
952.02
965.543
978.983
992.135
1004.862
1017.067
1028.666
1039.57
1049.709
1059.063
1067.691
1075.72
1083.239
1090.268
1096.76
1102.696
1108.149
1113.286
1118.34
1123.513
1128.934
1134.737
1141.121
1148.289
1156.369
1165.385
1175.2
1185.6
1196.448
1207.669
1219.196
1230.904
1242.539
1253.767
1264.251
1273.657
1281.642
1287.774
1291.438
1291.978
1288.821
1281.476
1269.565
1252.761
1230.639
1202.76
1168.816
1128.541
1081.749
1028.326
968.092
900.957
826.997
746.306
659.109
565.948
467.504
364.536
257.974
148.442
36.319
-77.457
-191.73
-306
-419.878
-533.029
-645.695
-755.974
-861.069
-960.97
-1055.249
-1145.266
-1232.873
-1313.584
-1383.574
-1439.218
-1477.179
-1502.134
-1517.862
-1527.23
-1534.296
-1537.046
-1534.106
-1525.332
-1508.606
-1484.793
-1455.172
-1419.706
-1379.271
-1334.263
-1284.548
-1230.91
-1174.365
-1115.545
-1055.145
-993.711
-931.558
-869.212
-807.326
-746.369
-686.75
-628.86
-572.996
-519.502
-468.642
-420.519
-375.129
-332.348
-292.071
-254.258
-218.863
-185.808
-154.934
-125.969
-98.591
-72.506
-47.367
-22.814
1.538
26.131
51.293
77.231
104.073
131.841
160.565
190.297
221.048
252.81
285.528
319.082
353.35
388.221
423.513
459.028
494.512
529.603
564.012
597.518
629.91
661.087
690.975
719.458
746.465
771.957
795.896
818.317
839.279
858.768
876.786
893.502
909.247
924.625
940.404
957.151
975.294
995.338
1017.701
1042.471
1069.453
1097.901
1126.601
1154.822
1182.138
1207.946
1232.112
1255.085
1277.639
1301.45
1328.724
1360.859
1399.115
1445.195
1500.047
1564.016
1637.049
1716.256
1796.735
1874.856
1946.202
2009.951
2070.791
2128.483
2179.867
2214.905
2212.871
2161.776
2058.825
1910.732
1739.519
1562.818
1393.976
1246.209
1124.085
1032.863
976.304
950.406
950.209
969.841
1000.038
1032.112
1059.206
1073.466
1074.348
1068.765
1062.089
1060.159
1064.25
1069.184
1072.338
1073.104
1071.704
1070.379
1069.848
1069.402
1068.533
1066.682
1063.776
1060.178
1056.618
1053.704
1050.735
1045.551
1036.098
1022.105
1006.792
995.961
993.012
994.293
987.918
956.957
887.319
779.629
650.04
524.566
431.723
383.573
375.02
391.773
413.101
428.401
437.731
443.337
450.693
461.332
471.705
478.666
478.737
469.319
450.347
423.353
390.711
355.013
318.822
283.705
250.712
221.364
196.549
176.271
160.118
146.93
135.13
123.829
112.475
100.357
87.19
72.889
57.32
40.85
24.121
7.382
-9.268
-25.878
-42.979
-60.962
-79.719
-99.195
-119.226
-139.232
-158.836
-177.332
-193.175
-205.044
-212.328
-214.92
-213.75
-210.598
-206.829
-204.285
-205.866
-214.376
-232.255
-260.901
-299.658
-346.499
-399.478
-456.001
-512.607
-565.679
-611.353
-646.983
-672.132
-687.692
-694.936
-695.661
-691.794
-685.377
-679.037
-674.129
-670.273
-666.318
-660.301
-652.251
-645.527
-643.168
-647.062
-652.959
-650.244
-633.734
-605.732
-584.444
-601.232
-677.524
-822.532
-1021.471
-1236.412
-1432.524
-1580.284
-1666.933
-1701.062
-1696.278
-1668.39
-1629.694
-1585.576
-1537.536
-1486.26
-1432.777
-1376.495
-1319.718
-1265.61
-1216.435
-1176.246
-1145.528
-1123.316
-1110.18
-1107.361
-1117.979
-1141.926
-1174.084
-1205.108
-1224.056
-1225.707
-1209.157
-1176.648
-1134.067
-1086.235
-1042.517
-1017.663
-1022.856
-1063.864
-1132.519
-1206.534
-1263.342
-1287.245
-1277.501
-1247.714
-1214.351
-1189.592
-1176.467
-1169.78
-1162.729
-1151.26
-1135.218
-1117.766
-1102.483
-1090.738
-1082.487
-1076.821
-1072.268
-1068.29
-1064.72
-1061.011
-1056.934
-1052.448
-1047.553
-1042.688
-1038.452
-1035.101
-1032.734
-1031.399
-1030.925
-1031.181
-1032.156
-1033.706
-1035.675
-1037.95
-1040.353
-1042.764
-1045.188
-1047.522
-1049.308
-1049.958
-1049.173
-1047.166
-1044.451
-1041.533
-1037.813
-1031.778
-1024.039
-1016.173
-1010.806
-1012.057
-1018.826
-1027.7
-1035.084
-1032.354
-1013.192
-974.213
-913.535
-842.345
-781.652
-752.02
-768.995
-828.536
-904.913
-967.49
-992.508
-974.225
-928.606
-879.416
-844.369
-829.983
-830.433
-834.294
-834.383
-828.804
-819.439
-809.966
-801.821
-794.492
-787.203
-779.287
-770.718
-761.856
-752.927
-743.917
-734.692
-725.192
-715.361
-705.208
-695.006
-684.992
-675.163
-665.56
-656.16
-646.866
-637.733
-628.204
-616.968
-602.973
-586.32
-568.483
-551.625
-536.509
-519.735
-496.903
-465.919
-429.559
-400.709
-393.918
-417.798
-473.349
-545.374
-612.929
-661.438
-681.838
-679.21
-665.966
-647.03
-622.61
-587.046
-532.209
-463.783
-398.491
-354.818
-349.251
-377.615
-418.868
-449.764
-445.921
-401.526
-323.768
-220.331
-108.243
1.168
96.299
158.414
179.149
152.957
85
-5.412
-102.258
-188.015
-253.789
-301.981
-334.929
-362.205
-394.723
-442.72
-518.749
-627.68
-762.123
-903.489
-1026.176
-1106.874
-1137.664
-1125.365
-1085.218
-1036.718
-990.322
-948.042
-908.666
-866.924
-820.925
-772.902
-725.573
-682.741
-646.645
-616.365
-589.547
-563.896
-538.178
-512.273
-486.634
-461.516
-436.599
-411.834
-387.856
-365.265
-345.235
-329.624
-318.975
-312.434
-306.278
-293.655
-270.552
-239.568
-210.747
-199.559
-217.155
-261.029
-315.479
-358.016
-369.641
-346.942
-301.708
-250.232
-206.667
-174.677
-148.051
-122.964
-97.954
-76.001
-63.28
-58.242
-57.491
-56.983
-51.789
-43.791
-35.081
-26.232
-18.834
-11.7
-3.949
3.662
11.19
18.582
25.72
33.008
40.541
48.081
55.592
63.042
70.332
77.286
83.428
88.261
91.534
93.281
93.787
93.456
92.748
91.951
91.623
92.745
94.7
96.294
97.346
96.168
94.77
97.621
102.646
108.342
108.833
93.315
63.825
27.121
-3.832
-7.019
28.858
106.702
220.757
354.221
490.858
618.93
732.973
831.032
915.969
989.864
1049.865
1099.8
1140.051
1172.096
1205.51
1238.088
1266.318
1282.422
1266.593
1209.947
1110.033
973.876
824.631
683.037
567.292
491.16
457.607
467.293
516.489
591.347
673.099
740.348
775.725
777.665
757.639
731.764
713.055
704.48
700.585
694.253
682.325
665.206
645.624
627.154
611.326
598.529
588.628
580.219
571.645
562.105
551.209
538.871
525.304
510.37
493.997
476.659
459.07
441.781
425.081
409.024
393.518
378.641
364.561
351.32
338.89
327.22
316.282
306.115
296.783
288.281
280.531
273.424
266.872
260.828
255.276
250.203
245.589
241.411
237.648
234.294
231.334
228.741
226.482
224.513
222.794
221.293
219.986
218.856
217.876
217.007
216.193
215.368
214.466
213.426
212.184
210.678
208.862
206.705
204.202
201.38
198.274
194.919
191.348
187.596
183.7
179.708
175.678
171.652
167.659
163.717
159.846
156.078
152.397
148.712
144.848
140.545
135.535
129.598
122.448
113.702
103.119
90.603
76.296
60.698
44.262
27.224
9.949
-7.088
-23.68
-39.856
-56.353
-74.704
-96.104
-121.196
-150.334
-183.505
-220.343
-259.805
-299.086
-333.99
-360.476
-374.882
-374.562
-357.531
-321.694
-266.36
-193.136
-105.13
-6.743
97.245
201.786
299.534
382.947
447.706
495.394
533.684
568.149
594.678
597.423
554.402
453.322
302.737
130.32
-27.134
-142.94
-213.401
-252.715
-282.313
-315.679
-349.9
-373.805
-380.209
-373.779
-370.605
-389.051
-433.086
-488.907
-533.232
-539.288
-496.194
-413.368
-306.706
-196.566
-94.464
4.694
104.13
201.59
291.421
355.388
382.417
381.832
365.807
354.822
364.296
379.632
379.434
342.53
250.991
118.813
-24.259
-154.165
-248.893
-308.549
-351.088
-387.509
-426.224
-466.759
-497.488
-512.076
-507.862
-484.06
-444.398
-391.694
-327.144
-252.399
-170.412
-85.494
-2.293
73.995
142.38
206.493
266.401
318.609
353.294
354.391
314.04
234.747
126.368
4.34
-119.512
-236.854
-338.761
-413.895
-451.692
-449.244
-409.704
-343.343
-260.623
-163.94
-56.447
55.983
163.212
250.08
307.3
336.556
348.872
356.972
367.753
380.688
387.988
383.649
368.701
345.101
317.446
289.465
257.01
218.581
173.605
119.418
60.371
-1.721
-66.681
-129.056
-183.933
-222.077
-232.395
-209.029
-153.752
-76.41
10.882
95.118
169.63
233.158
283.124
321.709
349.74
366.746
375.915
376.843
369.779
356.808
338.814
318.85
299.335
280.728
263.297
246.215
228.413
209.281
187.855
163.446
136.005
105.695
73.157
39.435
5.581
-27.129
-57.256
-83.727
-105.769
-122.817
-134.57
-140.759
-141.197
-135.908
-125.067
-108.937
-87.76
-61.734
-31.148
3.518
41.586
82.176
124.37
167.415
210.625
253.262
294.524
333.535
369.482
401.722
429.779
453.126
471.051
483.275
490.084
491.799
489.171
482.228
469.665
452.244
431.92
411.113
394.4
380.72
363.686
337.348
293.44
231.387
160.682
90.593
32.244
-8.019
-32.391
-41.891
-36.632
-15.792
23.158
79.285
148.003
223.986
302.285
378.881
450.226
512.241
561.277
595.585
615.516
622.62
618.359
604.014
581.12
552.646
522.438
493.08
466.118
441.185
416.211
391.581
368.649
349.099
336.614
328.474
317.244
295.866
254.928
195.498
128.921
65.907
19.136
-6.449
-15.189
-8.892
11.369
45.212
94.284
156.493
226.7
300.694
374.295
443.107
502.886
549.616
580.674
595.84
596.519
584.061
560.566
529.27
494.1
459.714
428.506
399.75
374.011
352.543
337.4
333.143
337.076
340.397
335.608
313.554
274.904
231.035
191.294
165.574
158.038
164.261
181.344
206.949
238.862
277.071
320.108
364.93
408.567
447.805
479.985
503.26
516.695
520.279
514.682
501.235
481.498
457.362
430.836
403.365
377.081
354.768
336.482
321.277
305.198
279.382
242.413
198.882
158.146
138.162
144.002
167.307
193.524
197.536
167.871
108.676
28.656
-51.94
-117.138
-157.977
-161.609
-121.803
-39.359
83.138
233.386
394.84
556.832
705.238
825.411
907.236
937.035
909.82
830.126
704.577
549.981
381.358
212.464
61.34
-64.691
-161.445
-229.503
-281.854
-327.032
-368.454
-406.708
-431.623
-432.473
-407.928
-362.273
-310.781
-276.485
-273.991
-307.992
-368.149
-429.346
-468.408
-471.231
-437.984
-383.303
-324.507
-273.476
-233.863
-201.518
-169.659
-134.469
-95.352
-53.832
-12.543
27.224
65.114
100.747
133.879
163.908
190.062
211.765
228.567
240.174
246.409
247.092
242.043
231.22
214.793
193.284
167.541
138.294
106.159
71.997
36.913
1.689
-33.575
-69.638
-107.949
-148.399
-189.173
-229.24
-268.643
-310.086
-357.396
-409.806
-461.714
-502.791
-521.277
-510.663
-470.273
-406.352
-329.582
-250.074
-177.219
-116.847
-71.196
-41.069
-23.071
-10.789
3.488
28.965
70.362
125.815
188.772
248.033
294.069
322.711
334.506
334.623
328.33
318.37
304.868
286.41
262.81
235.365
205.913
175.92
145.633
115.084
85.397
57.799
32.844
10.243
-10.917
-31.13
-50.826
-71.248
-94.629
-123.387
-157.499
-193.967
-231.365
-269.649
-310.217
-356.664
-404.176
-442.085
-461.27
-451.515
-413.161
-356.497
-290.085
-224.017
-163.343
-105.42
-49.164
6.351
61.138
112.449
159.136
201.763
241.331
279.065
315.363
349.771
381.525
409.814
433.904
453.023
466.423
473.747
474.879
469.851
458.913
442.229
419.95
392.422
360.026
323.137
282.296
238.172
191.582
143.609
95.299
47.357
0.365
-45.155
-89.071
-131.453
-172.613
-213.239
-253.673
-293.638
-332.475
-369.253
-402.397
-429.982
-449.993
-460.114
-458.733
-445.217
-419.699
-383.161
-337.536
-285.393
-229.313
-172.012
-115.73
-61.976
-11.734
34.711
77.726
118.065
156.183
192.225
226.093
257.354
285.547
310.196
330.603
345.983
355.872
360.193
359.203
353.322
342.699
327.107
306.366
280.58
250.32
216.345
179.003
138.738
96.489
53.789
12.637
-25.568
-60.837
-93.786
-124.543
-153.508
-181.473
-210.041
-242.029
-279.167
-320.963
-365.98
-412.862
-459.717
-504.384
-543.536
-571.895
-585.503
-582.938
-563.997
-529.149
-479.784
-417.567
-345.458
-268.819
-192.126
-117.914
-48.012
16.477
75.155
127.408
173.325
214.964
253.672
289.438
322.282
351.864
377.707
400.181
419.22
433.198
441.269
443.702
440.409
431.515
416.864
395.047
365.641
330.274
290.231
246.261
199.58
151.275
103.292
59.039
20.794
-12.265
-42.215
-69.605
-94.727
-116.024
-130.376
-141.093
-154.241
-175.316
-213.174
-271.035
-344.898
-429.231
-511.358
-575.981
-614.084
-621.542
-602.273
-567.954
-528.206
-487.642
-446.719
-401.728
-350.156
-293.157
-233.315
-173.852
-116.687
-62.047
-9.446
41.841
91.681
139.807
186.243
231.115
275.149
318.809
361.551
402.579
441.348
477.068
508.54
533.722
549.043
551.076
537.97
508.619
462.477
399.325
319.004
222.765
114.113
-2.612
-123.643
-245.644
-365.747
-480.579
-585.781
-677.635
-753.901
-813.839
-857.528
-885.195
-897.279
-895.223
-881.676
-859.954
-833.424
-804.292
-773.916
-743.262
-712.635
-682.207
-652.05
-621.344
-589.02
-554.709
-517.977
-479.475
-441.055
-403.432
-368.139
-337.323
-310.983
-290.258
-273.622
-256.473
-239.708
-224.633
-218.007
-231.895
-267.562
-322.216
-383.684
-429.684
-448.473
-435.117
-396.734
-355.442
-329.653
-330.725
-358.414
-398.12
-432.987
-451.532
-450.568
-435.453
-414.544
-393.179
-372.808
-352.356
-329.822
-304.617
-277.378
-248.752
-219.243
-189.04
-158.113
-126.619
-94.986
-63.651
-32.919
-3.293
24.45
49.838
72.49
91.799
107.774
119.4
124.379
123.349
118.35
112.871
113.216
118.808
123.716
121.985
105.048
72.969
34.159
-4.804
-36.548
-59.661
-79.859
-100.5
-124.003
-150.862
-178.396
-205.352
-231.606
-256.977
-281.769
-305.953
-329.061
-350.714
-370.614
-388.472
-404.093
-417.404
-428.305
-436.596
-442.045
-444.427
-443.526
-439.217
-431.422
-419.981
-404.743
-385.614
-362.526
-335.568
-304.966
-270.926
-233.664
-193.432
-150.522
-105.338
-58.368
-10.064
39.148
88.841
138.608
187.959
236.37
283.332
328.312
370.842
410.534
447
479.885
508.887
533.726
554.205
570.213
581.677
588.583
590.963
588.878
582.453
571.882
557.387
539.234
517.698
493.026
465.53
435.563
403.466
369.582
334.198
297.56
259.936
221.566
182.566
142.957
102.866
62.516
22.404
-16.749
-54.587
-90.929
-125.387
-157.666
-187.738
-215.704
-242.376
-268.21
-291.741
-311.617
-327.975
-343.934
-364.874
-393.102
-424.258
-446.728
-448.39
-424.036
-377.91
-322.826
-270.801
-227.247
-191.531
-158.362
-123.53
-86.14
-46.921
-7.403
31.642
70.238
108.487
146.501
183.915
219.963
253.735
284.32
310.966
333.137
350.851
363.064
368.858
369.731
366.274
361.289
358.026
353.137
344.439
328.593
301.138
266.634
229.017
191.227
157.776
126.233
94.14
61.181
25.807
-10.676
-46.68
-82.192
-116.687
-149.948
-181.934
-212.067
-239.877
-265.139
-287.624
-307.203
-323.817
-337.379
-347.815
-355.067
-359.045
-359.697
-357.017
-351
-341.738
-329.35
-313.991
-295.967
-275.595
-253.118
-228.759
-202.671
-174.935
-145.725
-115.254
-83.653
-51.099
-17.747
16.269
50.728
85.442
120.277
155.098
189.848
224.472
258.773
292.507
325.398
357.024
387.017
415.033
440.588
463.285
482.814
498.891
511.387
520.211
525.2
526.236
523.224
516.068
504.831
489.637
470.613
448.099
422.516
394.334
364.214
332.745
300.366
267.489
234.399
201.319
168.563
136.421
105.129
75.008
46.298
19.213
-5.975
-29.199
-50.526
-70.082
-88.171
-105.051
-120.84
-135.69
-149.727
-163.022
-175.774
-188.112
-200.096
-212.014
-224.091
-236.425
-249.111
-261.847
-274.186
-286.077
-297.528
-308.519
-319.292
-329.984
-341.065
-353.653
-368.537
-385.878
-404.171
-421.405
-437.215
-450.505
-461.977
-472.217
-475.954
-471.079
-456.298
-427.823
-389.789
-343.85
-287.941
-228.416
-169.979
-116.819
-77.345
-49.822
-26.362
-1.717
31.133
73.19
118.427
163.126
204.095
239.561
270.793
298.073
320.883
339.041
352.256
360.554
364.328
363.898
359.46
351.237
339.491
324.459
306.355
285.521
262.429
237.634
211.781
185.401
158.863
132.477
106.49
81.115
56.55
32.947
10.4
-11.02
-31.248
-50.229
-67.913
-84.31
-99.524
-113.733
-127.2
-140.172
-152.873
-165.503
-178.216
-191.143
-204.412
-218.16
-232.393
-246.927
-261.417
-275.509
-289.084
-302.326
-315.439
-328.298
-340.743
-352.853
-365.064
-377.933
-391.441
-404.65
-416.205
-425.213
-431.034
-432.923
-429.676
-419.736
-402.241
-377.597
-347.105
-311.845
-272.565
-230.014
-185.281
-139.986
-95.374
-51.722
-8.532
34.622
77.784
120.735
163.154
204.987
246.09
285.839
323.296
357.542
387.906
414.064
435.963
453.581
466.904
475.99
480.95
481.929
479.062
472.468
462.296
448.722
432.017
412.595
390.901
367.438
342.746
317.227
291.181
264.848
238.406
212.041
185.98
160.397
135.431
111.212
87.815
65.336
43.857
23.344
3.723
-15.158
-33.547
-51.611
-69.449
-87.175
-104.864
-122.616
-140.604
-158.911
-177.54
-196.504
-215.773
-235.362
-255.349
-275.71
-296.351
-317.105
-337.692
-357.841
-377.317
-395.806
-412.963
-428.423
-441.743
-452.597
-460.797
-466.135
-468.437
-467.464
-462.883
-454.463
-442.096
-425.745
-405.511
-381.576
-354.141
-323.546
-290.207
-254.525
-217.007
-178.116
-138.204
-97.585
-56.535
-15.527
24.618
62.872
98.326
130.444
158.931
183.361
203.317
218.777
229.997
238.05
243.248
243.894
239.667
231.204
220.751
213.44
208.555
199.829
180.688
143.102
87.7
23.798
-41.243
-100.176
-151.03
-198.056
-242.903
-286.49
-328.991
-368.385
-403.617
-434.146
-459.142
-478.303
-491.598
-498.825
-499.908
-494.882
-484.081
-468.42
-449.073
-427.233
-403.589
-378.331
-350.968
-320.439
-285.579
-244.743
-195.916
-137.218
-67.327
14.321
106.743
207.91
314.557
421.238
521.873
610.308
684.615
747.473
800.533
843.501
866.151
849.906
782.115
658.208
490.197
307.962
141.084
11.77
-71.461
-119.976
-152.531
-181.984
-214.344
-245.012
-264.005
-271.342
-271.752
-272.528
-282.336
-299.109
-318.178
-335.186
-344.648
-347.365
-344.041
-334.138
-318.817
-297.169
-268.917
-235.442
-197.544
-156.557
-114.139
-71.198
-28.533
13.123
53.427
92.068
128.638
162.772
194.107
222.226
246.849
267.822
285.03
298.485
308.266
314.515
317.513
317.637
315.287
310.823
304.571
296.814
287.914
278.33
268.481
258.756
249.443
240.739
232.851
225.979
220.268
215.767
212.417
210.055
208.529
207.722
207.499
207.708
208.106
208.374
208.269
207.625
206.302
204.17
201.036
196.647
190.817
183.48
174.638
164.354
152.696
139.739
125.626
110.589
94.942
79.015
63.066
47.276
31.85
17.063
3.271
-9.094
-19.649
-28.118
-34.255
-37.827
-38.654
-36.619
-31.715
-24.075
-13.899
-1.394
13.244
29.826
48.12
67.788
88.422
109.554
130.669
151.272
170.816
188.688
204.377
217.488
227.682
234.675
238.322
238.581
235.643
229.968
221.797
211.12
197.966
182.397
164.464
144.301
121.71
96.044
67.378
36.547
4.691
-26.563
-55.679
-81.58
-102.71
-117.004
-123.42
-121.79
-112.681
-97.742
-78.341
-55.253
-29.838
-3.829
21.633
45.724
68.332
90.196
111.482
131.875
151.288
169.652
186.852
202.774
216.845
228.177
236.234
240.69
241.398
238.412
231.743
221.512
208.016
191.696
173.102
152.811
131.334
109.095
86.478
63.842
41.568
19.974
-0.637
-19.872
-37.499
-53.344
-67.364
-79.845
-90.874
-100.332
-108.25
-114.737
-119.836
-123.602
-125.571
-124.642
-120.449
-113.382
-104.218
-94.304
-84.828
-76.643
-71.287
-70.91
-76.726
-88.973
-106.905
-128.629
-152.617
-177.988
-203.478
-227.583
-249.362
-268.33
-284.806
-300.028
-314.778
-329.232
-343.548
-357.741
-371.691
-385.325
-398.27
-409.801
-419.435
-426.931
-432.117
-435.011
-435.673
-434.078
-430.256
-424.28
-416.199
-406.111
-394.2
-380.662
-365.663
-349.399
-332.078
-313.968
-295.439
-276.814
-258.361
-240.267
-222.63
-205.569
-189.252
-173.832
-159.407
-146.043
-133.73
-122.473
-112.404
-103.58
-95.962
-89.428
-83.704
-78.555
-73.824
-69.372
-65.067
-60.775
-56.338
-51.634
-46.631
-41.271
-35.5
-29.24
-22.313
-14.635
-6.233
2.81
12.311
22.064
31.89
41.581
50.846
59.44
67.156
73.779
79.196
83.277
85.844
86.796
86.079
83.697
79.762
74.458
67.912
60.365
52.338
44.335
36.996
30.99
26.636
24.328
24.821
28.774
36.359
47.559
61.766
78.148
96.869
118.151
141.569
166.718
193.468
222.179
254.608
292.876
337.276
385.994
436.428
486.867
536.471
587.31
641.689
696.13
744.605
777.458
781.295
750.151
685.844
594.703
491.599
390.887
298.784
218.931
148.936
82.106
16.504
-48.518
-111.934
-169.179
-217.213
-253.991
-279.045
-294.606
-303.332
-308.188
-310.845
-311.407
-310.331
-308.161
-305.321
-302.297
-298.572
-292.729
-284.038
-272.48
-258.393
-242.572
-225.718
-208.201
-190.574
-173.57
-157.638
-142.995
-129.615
-117.151
-105.224
-93.559
-81.899
-70.023
-57.803
-45.057
-31.553
-17.074
-1.411
15.491
33.518
52.471
72.128
92.24
112.514
132.574
151.957
170.249
187.122
202.333
215.712
227.055
236.11
242.589
246.271
247.133
245.312
241.059
234.625
226.232
216.164
204.819
192.653
180.081
167.449
154.961
142.821
131.367
120.837
111.422
103.161
95.751
88.876
82.352
76.027
69.838
64.124
59.454
56.694
57.076
61.439
70.25
83.631
101.131
121.513
142.651
161.881
176.591
185.104
186.369
179.96
166.168
146.003
121.999
97.509
75.373
57.426
44.884
38.393
38.292
44.754
56.383
70.804
86.266
101.647
116.264
129.858
141.985
151.906
159.922
167.121
174.192
181.611
189.559
197.867
206.66
216.373
227.012
238.223
249.764
261.388
273.014
284.783
296.688
308.602
320.477
332.308
344.099
355.885
367.643
379.276
390.704
401.856
412.664
423.088
433.08
442.589
451.571
459.989
467.815
475.027
481.615
487.563
492.856
497.478
501.416
504.661
507.214
509.075
510.244
510.722
510.513
509.625
508.074
505.878
503.057
499.631
495.624
491.063
485.979
480.403
474.371
467.917
461.081
453.901
446.419
438.679
430.724
422.598
414.345
406.006
397.625
389.241
380.896
372.631
364.485
356.495
348.7
341.135
333.835
326.833
320.161
313.846
307.91
302.371
297.246
292.551
288.299
284.499
281.152
278.259
275.815
273.815
272.25
271.104
270.351
269.958
269.891
270.118
270.61
271.335
272.252
273.31
274.454
275.633
276.801
277.907
278.897
279.705
280.268
280.533
280.464
280.03
279.201
277.94
276.194
273.904
271.028
267.557
263.531
259.005
253.988
248.438
242.276
235.471
228.073
220.116
211.475
201.852
191.038
179.136
166.589
153.885
141.159
128.237
115.109
102.106
89.357
76.343
61.745
44.895
26.741
8.461
-9.938
-32.493
-65.38
-110.615
-164.045
-214.177
-247.491
-257.241
-244.014
-215.288
-181.444
-151.664
-134.971
-136.865
-158.881
-196.898
-239.692
-277.768
-305.856
-323.734
-337.275
-350.189
-362.386
-373.011
-379.998
-382.97
-383.784
-383.612
-382.99
-382.392
-382.04
-382.169
-383.041
-384.441
-385.742
-386.647
-387.196
-387.508
-387.789
-388.117
-388.423
-388.744
-389.226
-389.956
-390.951
-392.153
-393.408
-394.606
-395.725
-396.792
-397.839
-398.876
-399.94
-401.056
-402.25
-403.608
-405.173
-406.938
-408.956
-411.307
-413.905
-416.703
-419.986
-423.888
-428.439
-433.981
-439.465
-443.872
-448.454
-453.488
-461.265
-474.489
-489.63
-504.314
-515.144
-517.503
-515.164
-511.218
-507.64
-507.971
-509.339
-508.912
-506.061
-499.099
-489.047
-477.283
-463.797
-449.064
-433.268
-416.348
-398.615
-380.345
-361.678
-342.855
-324.175
-305.852
-288.039
-270.856
-254.376
-238.67
-223.797
-209.739
-196.377
-183.543
-171.117
-159.046
-147.318
-135.936
-124.885
-114.118
-103.585
-93.274
-83.177
-73.288
-63.605
-54.109
-44.809
-35.758
-27.054
-18.821
-11.169
-4.163
2.155
7.767
12.679
16.878
20.349
23.079
25.018
26.136
26.43
25.895
24.546
22.407
19.474
15.829
11.655
7.014
1.895
-3.891
-10.772
-18.901
-28.09
-38.127
-48.74
-59.55
-70.222
-79.919
-87.227
-91.478
-92.802
-91.811
-89.726
-87.599
-86.07
-86.418
-90.545
-99.431
-113.169
-130.923
-150.756
-171.234
-191.602
-210.739
-227.302
-240.446
-249.75
-255.615
-259.337
-261.741
-263.143
-263.872
-264.126
-264.1
-264.024
-263.816
-263.108
-261.7
-259.553
-256.696
-253.261
-249.341
-244.983
-240.284
-235.37
-230.365
-225.379
-220.541
-216.006
-211.866
-208.166
-204.887
-201.934
-199.247
-196.812
-194.595
-192.566
-190.708
-189.003
-187.476
-186.197
-185.197
-184.484
-184.031
-183.774
-183.682
-183.766
-184.05
-184.582
-185.399
-186.509
-187.938
-189.713
-191.843
-194.323
-197.123
-200.185
-203.462
-206.921
-210.532
-214.274
-218.115
-222.014
-225.926
-229.804
-233.602
-237.277
-240.782
-244.065
-247.077
-249.772
-252.117
-254.095
-255.677
-256.816
-257.477
-257.625
-257.243
-256.352
-254.946
-252.988
-250.497
-247.538
-244.167
-240.449
-236.406
-231.97
-227.136
-222.011
-216.54
-210.444
-203.683
-196.385
-188.546
-180.528
-171.788
-160.432
-146.852
-132.892
-121.465
-118.126
-122.767
-129.867
-133.972
-127.289
-109.091
-86.828
-66.273
-53.582
-50
-49.923
-49.831
-47.378
-41.749
-35.196
-28.765
-22.327
-15.91
-9.109
-1.8
5.681
13.211
20.82
28.467
36.084
43.555
50.686
57.33
63.397
68.815
73.523
77.442
80.499
82.608
83.71
83.839
83.082
81.54
79.317
76.506
73.216
69.838
66.967
65.196
65.24
67.716
73.083
81.874
94.608
111.254
131.432
154.609
179.408
204.245
228.215
250.45
271.29
293.295
317.401
343.321
370.644
396.628
423.874
460.046
511.653
584.896
676.352
774.115
867.779
949.039
1016.823
1073.626
1116.217
1135.506
1119.4
1059.235
955.826
820.302
668.049
514.468
373.984
255.315
163.508
99.479
56.196
26.684
6.661
-5.953
-8.287
0.811
17.675
37.234
54.26
65.799
71.801
73.191
70.931
66.041
60.173
55.213
52.209
51.294
51.962
53.392
54.994
56.327
56.661
55.161
51.375
45.24
37.009
27.151
16.021
3.847
-9.077
-22.418
-35.838
-48.977
-61.614
-73.666
-85.054
-95.727
-105.634
-114.715
-122.983
-130.519
-137.404
-143.713
-149.511
-154.835
-159.747
-164.33
-168.678
-172.891
-177.037
-181.144
-185.234
-189.312
-193.38
-197.439
-201.461
-205.399
-209.213
-212.875
-216.364
-219.667
-222.766
-225.633
-228.245
-230.582
-232.631
-234.383
-235.834
-236.976
-237.809
-238.337
-238.567
-238.513
-238.183
-237.587
-236.731
-235.625
-234.276
-232.697
-230.898
-228.892
-226.692
-224.313
-221.772
-219.085
-216.271
-213.345
-210.324
-207.222
-204.056
-200.838
-197.583
-194.308
-191.027
-187.751
-184.489
-181.247
-178.031
-174.85
-171.707
-168.605
-165.545
-162.525
-159.551
-156.632
-153.774
-150.982
-148.253
-145.578
-142.954
-140.382
-137.87
-135.425
-133.047
-130.728
-128.461
-126.248
-124.089
-121.979
-119.9
-117.815
-115.69
-113.494
-111.212
-108.845
-106.381
-103.793
-101.021
-97.96
-94.545
-90.757
-86.624
-82.209
-77.527
-72.504
-67.177
-61.766
-56.45
-51.326
-46.196
-40.477
-33.878
-26.612
-18.922
-10.886
-2.614
5.629
12.848
17.023
17.616
16.046
13.497
10.306
3.383
-12.256
-36.882
-64.52
-83.761
-82.863
-57.742
-13.481
38.588
86.653
123.239
146.805
160.267
166.94
169.84
168.682
159.966
141.148
109.398
68.18
27.084
-4.844
-17.217
-8.948
11.34
35.362
52.745
60.116
62.883
64.061
66.122
69.521
70.578
68.388
64.526
59.773
55.204
51.312
47.515
43.88
40.971
38.67
36.545
34.383
32.105
30.051
28.81
28.574
29.225
30.627
32.337
33.714
33.861
31.382
24.926
13.514
-3.24
-24.986
-50.558
-78.24
-105.759
-130.131
-148.27
-157.273
-155.247
-141.746
-117.472
-83.999
-43.857
-0.707
41.05
76.532
101.78
114.655
114.166
100.09
73.452
36.783
-6.052
-49.902
-89.919
-123.026
-147.026
-160.055
-161.446
-151.905
-133.422
-109.605
-84.306
-59.964
-38.426
-21.489
-10.108
-4.541
-4.333
-7.777
-12.82
-18.277
-23.348
-27.341
-30.002
-31.144
-30.763
-29.447
-27.94
-26.721
-26.089
-26.187
-27.076
-28.938
-31.994
-36.434
-42.385
-49.793
-58.532
-68.356
-78.852
-89.719
-100.605
-110.893
-120.087
-128.022
-134.925
-141.567
-148.745
-156.693
-165.449
-175.223
-186.119
-197.7
-208.476
-215.94
-217.759
-212.309
-198.287
-174.063
-137.743
-88.483
-28.521
37.318
104.721
170.796
236.595
304.52
372.846
436.161
482.86
499.573
477.3
414.553
322.642
219.621
125.766
56.72
13.493
-10.563
-27.916
-53.547
-92.194
-143.92
-205.466
-266.554
-321.41
-366.736
-398.816
-420.253
-433.166
-438.042
-437.061
-430.152
-417.149
-399.838
-380.131
-359.645
-339.485
-319.662
-299.377
-278.423
-257.194
-235.848
-214.392
-192.868
-171.271
-149.965
-129.767
-111.143
-94.145
-78.723
-64.665
-51.791
-40.073
-29.359
-19.318
-9.588
0.148
10.057
20.331
31.169
42.499
54.357
66.814
79.469
93.183
108.786
124.784
140.654
153.806
161.123
165.81
169.949
176.703
190.519
207.327
223.681
237.217
244.059
246.951
248.708
250.004
252.585
255.496
257.497
258.856
259.452
259.423
259.079
258.305
257.012
255.289
253.193
250.758
248.031
245.065
241.908
238.619
235.272
231.899
228.535
225.231
222.033
218.982
216.126
213.503
211.147
209.096
207.381
206.031
205.073
204.53
204.422
204.765
205.575
206.862
208.636
210.901
213.661
216.913
220.654
224.878
229.576
234.737
240.345
246.385
252.836
259.679
266.889
274.441
282.306
290.452
298.849
307.463
316.257
325.195
334.238
343.348
352.484
361.608
370.678
379.655
388.499
397.17
405.628
413.835
421.754
429.347
436.579
443.415
449.822
455.768
461.223
466.16
470.552
474.374
477.606
480.226
482.217
483.566
484.259
484.287
483.645
482.328
480.336
477.672
474.34
470.35
465.713
460.442
454.555
448.071
441.012
433.403
425.27
416.642
407.55
398.026
388.104
377.818
367.206
356.303
345.148
333.779
322.236
310.556
298.778
286.942
275.086
263.247
251.462
239.766
228.193
216.777
205.549
194.538
183.772
173.277
163.076
153.192
143.643
134.446
125.617
117.166
109.104
101.438
94.174
87.315
80.861
74.812
69.165
63.915
59.056
54.58
50.478
46.738
43.348
40.295
37.564
35.141
33.007
31.148
29.545
28.182
27.039
26.099
25.344
24.755
24.314
24.004
23.808
23.707
23.686
23.73
23.822
23.95
24.1
24.259
24.417
24.561
24.683
24.772
24.822
24.823
24.77
24.656
24.477
24.227
23.905
23.506
23.029
22.471
21.833
21.113
20.312
19.431
18.47
17.431
16.318
15.131
13.876
12.556
11.174
9.735
8.245
6.707
5.127
3.509
1.859
0.182
-1.517
-3.232
-4.959
-6.692
-8.425
-10.155
-11.875
-13.581
-15.268
-16.932
-18.569
-20.175
-21.745
-23.276
-24.765
-26.208
-27.603
-28.946
-30.236
-31.471
-32.649
-33.771
-34.835
-35.842
-36.793
-37.69
-38.535
-39.329
-40.075
-40.778
-41.439
-42.064
-42.655
-43.22
-43.761
-44.284
-44.795
-45.299
-45.802
-46.309
-46.825
-47.356
-47.908
-48.485
-49.093
-49.738
-50.423
-51.156
-51.939
-52.777
-53.675
-54.634
-55.659
-56.752
-57.913
-59.145
-60.447
-61.82
-63.261
-64.771
-66.346
-67.985
-69.683
-71.437
-73.242
-75.092
-76.984
-78.91
-80.864
-82.841
-84.833
-86.833
-88.836
-90.833
-92.819
-94.785
-96.726
-98.633
-100.5
-102.321
-104.088
-105.795
-107.437
-109.007
-110.501
-111.915
-113.244
-114.485
-115.634
-116.69
-117.651
-118.515
-119.282
-119.952
-120.525
-121.002
-121.385
-121.676
-121.877
-121.991
-122.022
-121.971
-121.843
-121.641
-121.368
-121.028
-120.624
-120.16
-119.641
-119.069
-118.448
-117.782
-117.075
-116.329
-115.548
-114.734
-113.889
-113.017
-112.118
-111.194
-110.246
-109.276
-108.283
-107.268
-106.232
-105.173
-104.091
-102.986
-101.856
-100.7
-99.518
-98.308
-97.07
-95.804
-94.508
-93.183
-91.828
-90.444
-89.03
-87.589
-86.119
-84.622
-83.099
-81.552
-79.982
-78.391
-76.782
-75.157
-73.518
-71.87
-70.215
-68.557
-66.9
-65.249
-63.608
-61.982
-60.376
-58.795
-57.244
-55.728
-54.253
-52.824
-51.445
-50.122
-48.858
-47.658
-46.526
-45.463
-44.475
-43.563
-42.729
-41.975
-41.303
-40.713
-40.207
-39.785
-39.446
-39.191
-39.02
-38.93
-38.922
-38.994
-39.143
-39.368
-39.666
-40.032
-40.465
-40.959
-41.51
-42.115
-42.766
-43.461
-44.192
-44.956
-45.745
-46.555
-47.378
-48.209
-49.042
-49.87
-50.688
-51.49
-52.27
-53.023
-53.745
-54.43
-55.074
-55.671
-56.216
-56.703
-57.128
-57.484
-57.766
-57.968
-58.086
-58.115
-58.053
-57.896
-57.642
-57.289
-56.833
-56.275
-55.614
-54.85
-53.982
-53.012
-51.941
-50.773
-49.514
-48.169
-46.745
-45.247
-43.683
-42.062
-40.393
-38.683
-36.94
-35.174
-33.394
-31.614
-29.847
-28.108
-26.414
-24.784
-23.238
-21.794
-20.471
-19.285
-18.248
-17.374
-16.673
-16.153
-15.824
-15.693
-15.767
-16.056
-16.57
-17.314
-18.291
-19.5
-20.935
-22.596
-24.481
-26.578
-28.883
-31.388
-34.092
-37.014
-40.159
-43.518
-47.079
-50.817
-54.699
-58.698
-62.769
-66.832
-70.816
-74.63
-78.199
-81.491
-84.471
-87.095
-89.308
-91.032
-92.235
-92.941
-93.181
-92.956
-92.264
-91.12
-89.629
-88.024
-86.529
-85.375
-84.73
-84.736
-85.633
-87.505
-90.288
-93.764
-97.428
-100.821
-103.742
-105.911
-106.894
-106.709
-105.609
-104.211
-103.798
-104.984
-107.669
-111.965
-117.991
-125.277
-132.868
-138.66
-139.551
-133.783
-120.568
-98.968
-68.149
-27.206
24.262
84.853
152.14
223.345
294.524
362.241
422.823
475.566
524.531
570.268
609.318
630.537
615.121
552.744
444.571
300.55
138.051
-28.602
-190.998
-338.828
-459.359
-543.527
-586.136
-591.28
-573.233
-542.387
-504.823
-463.268
-415.112
-361.67
-307.713
-257.708
-216.963
-188.479
-172.221
-166.975
-170.226
-178.949
-190.424
-202.066
-211.801
-217.952
-219.551
-216.565
-209.687
-200.177
-189.473
-178.983
-169.676
-162.202
-156.909
-153.723
-152.311
-152.095
-152.398
-152.565
-152.216
-151.217
-149.517
-147.188
-144.314
-140.993
-137.389
-133.673
-129.956
-126.282
-122.692
-119.214
-115.916
-112.911
-110.268
-108.033
-106.229
-104.853
-103.905
-103.387
-103.282
-103.557
-104.186
-105.146
-106.424
-108.013
-109.896
-112.043
-114.419
-116.988
-119.713
-122.563
-125.507
-128.514
-131.559
-134.621
-137.678
-140.713
-143.701
-146.617
-149.433
-152.123
-154.66
-157.018
-159.175
-161.105
-162.789
-164.21
-165.352
-166.198
-166.736
-166.949
-166.826
-166.355
-165.527
-164.333
-162.764
-160.817
-158.486
-155.773
-152.677
-149.201
-145.349
-141.127
-136.543
-131.607
-126.331
-120.727
-114.808
-108.591
-102.092
-95.328
-88.321
-81.088
-73.65
-66.028
-58.245
-50.321
-42.28
-34.143
-25.932
-17.671
-9.38
-1.085
7.194
15.432
23.607
31.696
39.677
47.527
55.224
62.749
70.081
77.202
84.093
90.738
97.121
103.227
109.044
114.558
119.759
124.637
129.184
133.393
137.258
140.774
143.937
146.745
149.197
151.291
153.029
154.41
155.438
156.116
156.449
156.443
156.106
155.446
154.474
153.199
151.635
149.793
147.688
145.332
142.741
139.928
136.909
133.7
130.318
126.776
123.093
119.283
115.363
111.346
107.249
103.085
98.868
94.612
90.331
86.038
81.748
77.474
73.231
69.032
64.892
60.822
56.835
52.942
49.152
45.473
41.915
38.483
35.185
32.025
29.008
26.139
23.422
20.86
18.455
16.209
14.119
12.187
10.411
8.788
7.318
5.999
4.829
3.807
2.932
2.202
1.613
1.162
0.843
0.647
0.563
0.576
0.675
0.846
1.079
1.361
1.684
2.037
2.417
2.822
3.252
3.699
4.16
4.622
5.076
5.518
5.941
6.34
6.712
7.049
7.349
7.624
7.879
8.115
8.321
8.465
8.53
8.517
8.441
8.32
8.179
8.044
7.962
8.019
8.304
8.898
9.869
11.237
13.004
15.192
17.836
20.984
24.665
28.84
33.426
38.368
43.605
49.077
54.703
60.265
65.48
70.097
73.873
76.665
78.471
79.228
78.801
77.206
74.563
71.181
67.698
64.627
62.11
60.315
59.424
59.424
60.475
62.517
64.753
66.423
67.271
67.256
66.956
67.72
70.529
76.384
87.046
104.466
130.51
166.355
211.774
263.943
318.633
373.644
427.163
478.448
529.168
574.76
606.8
618.576
601.142
554.631
489.471
414.843
341.718
275.773
213.513
152.82
92.455
32.3
-24.749
-77.646
-127.62
-175.973
-223.651
-270.644
-316.099
-359.133
-399.116
-435.357
-466.937
-492.983
-513.055
-527.147
-535.562
-538.771
-537.15
-530.975
-520.594
-506.401
-488.76
-468.098
-444.862
-419.473
-392.446
-364.371
-335.759
-307.051
-278.59
-250.615
-223.369
-197.096
-172.018
-148.359
-126.313
-106.062
-87.812
-71.698
-57.751
-45.939
-36.127
-28.097
-21.664
-16.673
-12.983
-10.46
-8.934
-8.183
-7.977
-8.123
-8.447
-8.757
-8.834
-8.478
-7.561
-6.02
-3.868
-1.155
2.08
5.805
9.973
14.514
19.334
24.302
29.275
34.158
38.878
43.353
47.497
51.241
54.539
57.394
59.851
61.952
63.738
65.252
66.545
67.687
68.758
69.848
71.05
72.434
74.052
75.956
78.184
80.767
83.725
87.058
90.749
94.787
99.163
103.865
108.883
114.195
119.776
125.6
131.642
137.877
144.282
150.837
157.522
164.321
171.22
178.207
185.271
192.4
199.58
206.793
214.022
221.248
228.454
235.623
242.735
249.775
256.727
263.576
270.31
276.917
283.383
289.697
295.848
301.823
307.613
313.207
318.596
323.77
328.718
333.431
337.899
342.111
346.055
349.719
353.089
356.153
358.895
361.303
363.362
365.058
366.379
367.311
367.842
367.96
367.655
366.918
365.74
364.113
362.032
359.49
356.485
353.012
349.073
344.667
339.796
334.464
328.678
322.444
315.773
308.676
301.167
293.26
284.974
276.329
267.346
258.049
248.464
238.619
228.543
218.267
207.823
197.245
186.566
175.822
165.046
154.275
143.544
132.886
122.336
111.927
101.691
91.658
81.86
72.322
63.073
54.137
45.536
37.291
29.421
21.942
14.869
8.213
1.984
-3.812
-9.17
-14.087
-18.566
-22.608
-26.22
-29.411
-32.191
-34.574
-36.575
-38.212
-39.505
-40.475
-41.144
-41.538
-41.682
-41.601
-41.323
-40.876
-40.285
-39.581
-38.789
-37.938
-37.055
-36.165
-35.294
-34.468
-33.71
-33.042
-32.486
-32.061
-31.787
-31.681
-31.756
-32.028
-32.508
-33.204
-34.125
-35.275
-36.657
-38.273
-40.12
-42.194
-44.49
-47
-49.712
-52.616
-55.698
-58.941
-62.33
-65.847
-69.471
-73.183
-76.961
-80.784
-84.629
-88.474
-92.296
-96.072
-99.779
-103.393
-106.894
-110.259
-113.465
-116.494
-119.324
-121.938
-124.317
-126.445
-128.308
-129.892
-131.187
-132.182
-132.871
-133.248
-133.309
-133.054
-132.484
-131.601
-130.412
-128.922
-127.14
-125.079
-122.749
-120.166
-117.345
-114.302
-111.055
-107.624
-104.028
-100.288
-96.425
-92.461
-88.418
-84.318
-80.186
-76.043
-71.911
-67.815
-63.776
-59.815
-55.955
-52.214
-48.613
-45.17
-41.902
-38.824
-35.951
-33.294
-30.866
-28.675
-26.728
-25.032
-23.59
-22.404
-21.475
-20.8
-20.379
-20.206
-20.276
-20.582
-21.117
-21.871
-22.834
-23.995
-25.342
-26.864
-28.545
-30.372
-32.33
-34.403
-36.576
-38.833
-41.155
-43.527
-45.931
-48.35
-50.767
-53.165
-55.528
-57.84
-60.085
-62.249
-64.318
-66.281
-68.125
-69.841
-71.418
-72.849
-74.127
-75.246
-76.2
-76.987
-77.603
-78.046
-78.315
-78.409
-78.331
-78.08
-77.659
-77.072
-76.323
-75.417
-74.359
-73.157
-71.817
-70.35
-68.763
-67.068
-65.275
-63.395
-61.442
-59.427
-57.363
-55.262
-53.138
-51.001
-48.865
-46.74
-44.639
-42.57
-40.543
-38.569
-36.654
-34.808
-33.037
-31.347
-29.744
-28.235
-26.823
-25.513
-24.309
-23.213
-22.228
-21.356
-20.599
-19.955
-19.425
-19.008
-18.701
-18.5
-18.403
-18.404
-18.498
-18.679
-18.94
-19.274
-19.675
-20.134
-20.645
-21.201
-21.795
-22.422
-23.075
-23.748
-24.438
-25.14
-25.85
-26.565
-27.282
-27.998
-28.71
-29.417
-30.116
-30.807
-31.488
-32.157
-32.815
-33.461
-34.094
-34.716
-35.327
-35.929
-36.523
-37.113
-37.701
-38.29
-38.884
-39.487
-40.103
-40.736
-41.389
-42.067
-42.77
-43.503
-44.266
-45.06
-45.885
-46.74
-47.626
-48.54
-49.481
-50.445
-51.432
-52.436
-53.456
-54.487
-55.525
-56.566
-57.606
-58.639
-59.662
-60.67
-61.657
-62.619
-63.55
-64.443
-65.292
-66.089
-66.826
-67.496
-68.091
-68.603
-69.025
-69.351
-69.575
-69.692
-69.699
-69.591
-69.366
-69.023
-68.558
-67.973
-67.265
-66.435
-65.483
-64.412
-63.223
-61.92
-60.506
-58.986
-57.364
-55.644
-53.831
-51.929
-49.944
-47.879
-45.742
-43.54
-41.284
-38.984
-36.651
-34.297
-31.935
-29.576
-27.235
-24.923
-22.648
-20.422
-18.254
-16.154
-14.134
-12.203
-10.373
-8.652
-7.053
-5.589
-4.271
-3.109
-2.107
-1.269
-0.601
-0.104
0.221
0.376
0.366
0.194
-0.138
-0.628
-1.272
-2.062
-2.988
-4.036
-5.194
-6.447
-7.784
-9.184
-10.628
-12.107
-13.616
-15.161
-16.763
-18.431
-20.168
-21.968
-23.818
-25.683
-27.517
-29.26
-30.845
-32.219
-33.344
-34.195
-34.764
-35.035
-35.008
-34.653
-33.907
-32.7
-30.954
-28.633
-25.752
-22.415
-18.781
-15.032
-11.351
-7.931
-5.01
-2.71
-1.011
0.284
1.622
3.338
5.5
8.163
11.522
15.599
20.133
24.489
27.412
27.828
25.471
20.098
11.109
-1.687
-17.858
-35.105
-48.822
-55.195
-52.749
-43.404
-31.05
-16.103
5.751
43.198
104.836
190.392
289.396
385.053
461.573
512.855
543.539
561.265
566.511
550.075
496.537
393.549
245.24
70.976
-101.934
-245.15
-344.707
-401.545
-425.755
-434.388
-437.113
-435.321
-427.159
-406.696
-373.927
-334.533
-293.651
-256.841
-226.986
-203.759
-187.138
-177.436
-173.38
-172.984
-174.525
-175.965
-176.245
-175.401
-172.902
-167.839
-160.253
-150.744
-140.225
-130.158
-121.247
-113.437
-106.924
-101.963
-98.59
-96.732
-95.905
-95.265
-94.344
-93.014
-91.209
-88.968
-86.267
-83.021
-79.3
-75.29
-71.127
-66.897
-62.625
-58.282
-53.891
-49.532
-45.3
-41.275
-37.494
-33.965
-30.688
-27.662
-24.892
-22.367
-20.056
-17.923
-15.946
-14.106
-12.401
-10.823
-9.354
-7.971
-6.646
-5.359
-4.095
-2.845
-1.601
-0.357
0.887
2.131
3.367
4.593
5.807
7.011
8.205
9.39
10.565
11.728
12.878
14.012
15.124
16.21
17.263
18.279
19.257
20.191
21.08
21.922
22.716
23.462
24.163
24.818
25.43
26.002
26.536
27.039
27.516
27.974
28.419
28.858
29.3
29.753
30.227
30.73
31.272
31.861
32.508
33.221
34.01
34.885
35.853
36.923
38.104
39.404
40.829
42.386
44.08
45.914
47.891
50.014
52.28
54.688
57.235
59.915
62.723
65.649
68.686
71.821
75.043
78.339
81.695
85.095
88.524
91.965
95.399
98.811
102.18
105.489
108.718
111.85
114.864
117.742
120.465
123.016
125.377
127.53
129.461
131.154
132.597
133.777
134.684
135.309
135.645
135.687
135.432
134.877
134.022
132.87
131.423
129.688
127.671
125.38
122.827
120.021
116.976
113.703
110.217
106.534
102.667
98.635
94.455
90.145
85.724
81.212
76.629
71.996
67.334
62.662
58
53.366
48.779
44.257
39.815
35.469
31.233
27.121
23.146
19.317
15.646
12.141
8.809
5.653
2.678
-0.115
-2.724
-5.151
-7.395
-9.459
-11.344
-13.053
-14.589
-15.958
-17.166
-18.221
-19.132
-19.911
-20.574
-21.138
-21.616
-22.024
-22.375
-22.682
-22.957
-23.212
-23.452
-23.683
-23.912
-24.147
-24.402
-24.692
-25.027
-25.416
-25.867
-26.386
-26.976
-27.642
-28.376
-29.17
-30.018
-30.919
-31.892
-32.952
-34.095
-35.312
-36.581
-37.865
-39.129
-40.33
-41.389
-42.237
-42.799
-43.007
-42.836
-42.274
-41.307
-39.92
-38.079
-35.757
-32.97
-29.757
-26.161
-22.267
-18.142
-13.879
-9.646
-5.583
-1.875
1.269
3.721
5.372
6.168
6.16
5.346
3.665
1.236
-1.73
-4.868
-7.525
-9.34
-10.231
-9.978
-8.424
-5.417
-0.663
5.462
11.867
17.954
23.516
28.723
34.486
41.433
49.761
60.605
75.722
96.782
125.52
162.074
205.028
252.137
300.035
346.413
389.536
428.37
463.658
492.102
507.637
504.406
474.919
420.295
349.835
272.481
198.952
133.461
72.44
14.217
-42.645
-98.393
-150.608
-199.128
-245.608
-290.799
-335.113
-378.387
-419.6
-457.939
-492.872
-523.563
-549.074
-568.921
-583.023
-591.588
-595.123
-594.094
-588.816
-579.65
-567.004
-551.215
-532.607
-511.557
-488.454
-463.772
-438.095
-411.93
-385.705
-359.81
-334.531
-310.081
-286.632
-264.261
-242.99
-222.901
-204.08
-186.652
-170.796
-156.557
-143.869
-132.613
-122.57
-113.529
-105.323
-97.729
-90.502
-83.479
-76.543
-69.656
-62.87
-56.171
-49.5
-42.771
-35.845
-28.655
-21.217
-13.559
-5.75
2.114
9.939
17.567
24.772
31.405
37.379
42.653
47.261
51.207
54.465
57.019
58.847
59.944
60.337
60.045
59.088
57.519
55.411
52.876
50.067
47.104
44.073
41.047
38.073
35.199
32.485
29.971
27.684
25.658
23.927
22.532
21.523
20.935
20.786
21.091
21.849
23.063
24.741
26.888
29.506
32.599
36.168
40.218
44.757
49.789
55.306
61.298
67.748
74.638
81.949
89.657
97.732
106.147
114.869
123.87
133.118
142.578
152.216
161.993
171.871
181.81
191.769
201.706
211.578
221.342
230.956
240.379
249.571
258.492
267.102
275.364
283.24
290.694
297.693
304.203
310.191
315.628
320.487
324.743
328.375
331.363
333.69
335.344
336.315
336.595
336.179
335.066
333.257
330.755
327.569
323.709
319.19
314.03
308.247
301.866
294.914
287.419
279.412
270.927
261.998
252.663
242.96
232.93
222.612
212.051
201.288
190.368
179.333
168.228
157.096
145.979
134.919
123.958
113.135
102.489
92.057
81.874
71.973
62.386
53.141
44.265
35.781
27.71
20.07
12.875
6.137
-0.136
-5.936
-11.263
-16.115
-20.496
-24.41
-27.866
-30.874
-33.446
-35.598
-37.345
-38.707
-39.704
-40.357
-40.688
-40.722
-40.482
-39.994
-39.284
-38.377
-37.301
-36.08
-34.742
-33.312
-31.815
-30.276
-28.717
-27.162
-25.63
-24.142
-22.715
-21.366
-20.109
-18.959
-17.925
-17.02
-16.249
-15.621
-15.14
-14.81
-14.633
-14.609
-14.738
-15.019
-15.447
-16.019
-16.729
-17.573
-18.543
-19.632
-20.832
-22.133
-23.528
-25.006
-26.557
-28.171
-29.838
-31.548
-33.29
-35.055
-36.833
-38.614
-40.391
-42.155
-43.898
-45.613
-47.294
-48.933
-50.527
-52.069
-53.555
-54.981
-56.343
-57.638
-58.864
-60.018
-61.098
-62.102
-63.029
-63.877
-64.647
-65.338
-65.949
-66.481
-66.935
-67.311
-67.611
-67.836
-67.989
-68.071
-68.084
-68.031
-67.914
-67.736
-67.498
-67.204
-66.855
-66.455
-66.006
-65.51
-64.97
-64.388
-63.768
-63.113
-62.425
-61.707
-60.964
-60.198
-59.414
-58.615
-57.804
-56.986
-56.165
-55.345
-54.528
-53.72
-52.922
-52.14
-51.375
-50.63
-49.908
-49.211
-48.541
-47.9
-47.29
-46.713
-46.169
-45.66
-45.188
-44.753
-44.357
-44.001
-43.685
-43.411
-43.177
-42.986
-42.836
-42.728
-42.66
-42.631
-42.641
-42.688
-42.771
-42.887
-43.034
-43.211
-43.416
-43.646
-43.899
-44.174
-44.468
-44.781
-45.11
-45.455
-45.815
-46.188
-46.575
-46.973
-47.382
-47.802
-48.23
-48.666
-49.107
-49.554
-50.003
-50.453
-50.902
-51.349
-51.792
-52.228
-52.657
-53.076
-53.483
-53.878
-54.259
-54.625
-54.974
-55.306
-55.619
-55.912
-56.185
-56.436
-56.662
-56.864
-57.037
-57.18
-57.292
-57.368
-57.406
-57.405
-57.361
-57.273
-57.139
-56.957
-56.726
-56.446
-56.116
-55.736
-55.307
-54.829
-54.303
-53.732
-53.118
-52.461
-51.766
-51.034
-50.267
-49.47
-48.644
-47.792
-46.918
-46.024
-45.114
-44.193
-43.263
-42.331
-41.4
-40.476
-39.565
-38.673
-37.805
-36.967
-36.165
-35.404
-34.69
-34.028
-33.422
-32.875
-32.392
-31.973
-31.622
-31.339
-31.123
-30.974
-30.89
-30.868
-30.905
-30.997
-31.14
-31.329
-31.558
-31.822
-32.114
-32.427
-32.753
-33.084
-33.411
-33.724
-34.013
-34.267
-34.475
-34.626
-34.708
-34.71
-34.62
-34.426
-34.117
-33.681
-33.108
-32.388
-31.512
-30.471
-29.258
-27.87
-26.3
-24.546
-22.606
-20.481
-18.17
-15.675
-12.998
-10.143
-7.115
-3.92
-0.563
2.946
6.599
10.386
14.296
18.318
22.44
26.651
30.937
35.287
39.688
44.126
48.588
53.06
57.528
61.979
66.397
70.771
75.087
79.335
83.506
87.588
91.576
95.463
99.243
102.912
106.466
109.901
113.213
116.401
119.462
122.396
125.204
127.886
130.443
132.877
135.189
137.381
139.455
141.409
143.239
144.941
146.511
147.946
149.242
150.393
151.397
152.252
152.96
153.524
153.946
154.224
154.355
154.335
154.156
153.81
153.285
152.574
151.668
150.563
149.26
147.763
146.079
144.208
142.144
139.871
137.375
134.653
131.705
128.54
125.182
121.668
118.046
114.385
110.749
107.197
103.778
100.525
97.454
94.567
91.883
89.435
87.255
85.358
83.739
82.356
81.149
80.057
78.984
77.795
76.358
74.52
72.13
69.091
65.348
60.875
55.681
49.717
42.881
35.244
27.055
18.716
10.835
3.921
-1.661
-5.313
-6.325
-4.442
0.267
7.245
15.149
22.922
29.946
35.253
38.067
38.594
37.508
36.309
37.824
44.613
58.976
83.727
121.217
171.531
232.802
302.378
376.084
452.201
531.484
611.711
688.807
753.449
791.54
792.169
747.688
658.95
534.174
381.247
211.919
37.402
-130.625
-273.658
-378.006
-438.24
-456.659
-447.2
-424.671
-396.176
-364.596
-328.34
-284.403
-235.024
-184.453
-136.809
-97.109
-68.069
-49.688
-41.187
-40.967
-46.785
-56.99
-69.944
-83.073
-94.196
-102.193
-106.464
-107.18
-105.187
-101.053
-95.558
-90.15
-85.843
-83.127
-82.26
-82.929
-84.644
-87.156
-90.059
-92.769
-94.966
-96.47
-97.212
-97.378
-97.126
-96.534
-95.73
-94.833
-93.919
-93.077
-92.369
-91.827
-91.488
-91.376
-91.503
-91.881
-92.501
-93.347
-94.394
-95.597
-96.922
-98.344
-99.839
-101.395
-102.996
-104.614
-106.222
-107.791
-109.296
-110.716
-112.03
-113.212
-114.246
-115.118
-115.824
-116.361
-116.726
-116.907
-116.896
-116.684
-116.267
-115.644
-114.813
-113.772
-112.523
-111.065
-109.413
-107.582
-105.57
-103.38
-101.015
-98.476
-95.785
-92.974
-90.041
-86.984
-83.853
-80.69
-77.534
-74.432
-71.372
-68.313
-65.298
-62.4
-59.483
-56.388
-53.229
-50.006
-46.699
-43.688
-39.976
-34.589
-28.934
-23.44
-20.684
-23.747
-29.223
-34.842
-37.22
-31.711
-22.421
-12.832
-5.327
-3.848
-5.57
-7.632
-9.394
-9.109
-7.786
-6.722
-5.664
-4.777
-3.97
-2.978
-1.971
-1.087
-0.279
0.461
1.117
1.69
2.188
2.613
2.987
3.335
3.641
3.886
4.071
4.187
4.229
4.191
4.063
3.832
3.494
3.043
2.471
1.771
0.939
-0.033
-1.149
-2.413
-3.828
-5.397
-7.121
-9.001
-11.035
-13.221
-15.555
-18.032
-20.646
-23.388
-26.249
-29.218
-32.285
-35.436
-38.658
-41.937
-45.256
-48.598
-51.946
-55.281
-58.582
-61.828
-64.996
-68.066
-71.016
-73.824
-76.469
-78.93
-81.187
-83.221
-85.015
-86.551
-87.812
-88.785
-89.455
-89.81
-89.841
-89.539
-88.899
-87.918
-86.594
-84.928
-82.924
-80.587
-77.923
-74.94
-71.647
-68.057
-64.183
-60.04
-55.648
-51.027
-46.203
-41.203
-36.058
-30.799
-25.456
-20.06
-14.644
-9.236
-3.866
1.44
6.658
11.76
16.722
21.514
26.106
30.469
34.572
38.389
41.897
45.073
47.903
50.373
52.476
54.204
55.546
56.48
56.987
57.061
56.698
55.909
54.721
53.175
51.324
49.246
47.015
44.705
42.39
40.125
37.958
35.919
34.034
32.344
30.876
29.638
28.627
27.816
27.136
26.499
25.801
24.878
23.587
21.81
19.373
16.124
11.943
6.735
0.498
-6.69
-14.785
-23.788
-33.588
-43.964
-54.43
-64.229
-72.852
-80.032
-85.578
-89.262
-90.71
-89.664
-86.623
-82.912
-79.58
-76.87
-74.211
-70.751
-66.213
-60.241
-51.397
-36.874
-13.636
18.859
58.128
101.401
147.67
199.33
260.02
328.265
395.494
447.556
471.147
460.163
417.808
355.937
286.257
216.794
151.278
87.009
21.804
-43.654
-107.488
-165.567
-214.643
-254.983
-288.582
-317.57
-343.84
-368
-389.871
-409.986
-429.325
-448.047
-465.585
-480.991
-492.891
-500.662
-504.536
-504.608
-500.826
-493.312
-482.333
-468.533
-453.053
-436.864
-420.48
-404.261
-388.423
-373.127
-358.62
-345.046
-332.333
-320.369
-309.037
-298.225
-287.928
-278.16
-268.829
-259.791
-250.828
-241.655
-232.104
-222.097
-211.57
-200.503
-188.885
-176.707
-164.04
-151.018
-137.759
-124.373
-110.941
-97.521
-84.206
-71.121
-58.403
-46.203
-34.631
-23.754
-13.635
-4.321
4.155
11.77
18.534
24.486
29.652
34.053
37.708
40.628
42.84
44.384
45.3
45.627
45.408
44.68
43.487
41.875
39.887
37.567
34.955
32.09
29.016
25.779
22.431
19.022
15.603
12.225
8.937
5.792
2.837
0.117
-2.326
-4.453
-6.226
-7.612
-8.58
-9.102
-9.152
-8.71
-7.758
-6.279
-4.263
-1.703
1.407
5.069
9.281
14.037
19.33
25.148
31.474
38.29
45.575
53.303
61.446
69.973
78.848
88.037
97.5
107.196
117.082
127.112
137.243
147.426
157.616
167.766
177.83
187.76
197.512
207.041
216.305
225.262
233.87
242.092
249.89
257.23
264.079
270.407
276.185
281.388
285.993
289.98
293.332
296.035
298.078
299.454
300.158
300.189
299.549
298.244
296.282
293.674
290.437
286.588
282.147
277.137
271.584
265.514
258.957
251.944
244.505
236.674
228.485
219.971
211.168
202.111
192.834
183.373
173.763
164.039
154.235
144.385
134.523
124.681
114.89
105.182
95.584
86.126
76.833
67.731
58.843
50.191
41.795
33.673
25.842
18.317
11.109
4.23
-2.31
-8.504
-14.345
-19.828
-24.949
-29.705
-34.095
-38.116
-41.77
-45.055
-47.974
-50.529
-52.722
-54.556
-56.036
-57.166
-57.951
-58.396
-58.509
-58.295
-57.761
-56.916
-55.767
-54.321
-52.589
-50.578
-48.297
-45.756
-42.963
-39.927
-36.657
-33.162
-29.451
-25.534
-21.419
-17.115
-12.632
-7.979
-3.167
1.795
6.896
12.126
17.474
22.929
28.48
34.116
39.824
45.595
51.415
57.273
63.158
69.058
74.962
80.858
86.734
92.579
98.383
104.133
109.82
115.431
120.956
126.383
131.701
136.899
141.966
146.889
151.657
156.259
160.684
164.919
168.953
172.776
176.376
179.742
182.864
185.73
188.332
190.659
192.701
194.45
195.897
197.034
197.853
198.348
198.512
198.339
197.824
196.964
195.754
194.193
192.279
190.011
187.39
184.418
181.099
177.438
173.439
169.112
164.464
159.506
154.251
148.711
142.901
136.837
130.537
124.019
117.303
110.41
103.363
96.183
88.895
81.522
74.089
66.621
59.143
51.68
44.257
36.897
29.625
22.464
15.437
8.565
1.868
-4.635
-10.926
-16.989
-22.81
-28.376
-33.679
-38.708
-43.458
-47.925
-52.108
-56.006
-59.622
-62.961
-66.03
-68.839
-71.397
-73.719
-75.819
-77.713
-79.418
-80.954
-82.339
-83.596
-84.744
-85.805
-86.801
-87.753
-88.682
-89.608
-90.552
-91.53
-92.563
-93.664
-94.849
-96.131
-97.521
-99.027
-100.657
-102.415
-104.303
-106.321
-108.467
-110.735
-113.12
-115.611
-118.196
-120.862
-123.592
-126.368
-129.171
-131.98
-134.771
-137.52
-140.203
-142.794
-145.266
-147.594
-149.75
-151.709
-153.445
-154.932
-156.147
-157.066
-157.667
-157.929
-157.835
-157.367
-156.509
-155.249
-153.576
-151.482
-148.96
-146.006
-142.618
-138.799
-134.55
-129.877
-124.788
-119.294
-113.406
-107.138
-100.507
-93.53
-86.226
-78.617
-70.724
-62.571
-54.182
-45.582
-36.796
-27.85
-18.772
-9.588
-0.324
8.992
18.333
27.674
36.987
46.248
55.43
64.51
73.463
82.266
90.897
99.333
107.553
115.538
123.267
130.723
137.886
144.74
151.269
157.456
163.286
168.745
173.819
178.495
182.761
186.604
190.013
192.977
195.488
197.536
199.113
200.213
200.83
200.959
200.597
199.743
198.395
196.555
194.225
191.41
188.115
184.348
180.118
175.439
170.322
164.785
158.846
152.525
145.846
138.832
131.512
123.915
116.072
108.016
99.784
91.414
82.944
74.415
65.869
57.349
48.898
40.562
32.382
24.403
16.667
9.217
2.094
-4.663
-11.016
-16.929
-22.367
-27.299
-31.697
-35.534
-38.79
-41.446
-43.487
-44.905
-45.693
-45.853
-45.388
-44.307
-42.624
-40.358
-37.53
-34.17
-30.311
-25.989
-21.247
-16.128
-10.68
-4.955
0.991
7.105
13.33
19.607
25.876
32.078
38.15
44.035
49.674
55.009
59.985
64.548
68.647
72.236
75.268
77.707
79.518
80.676
81.164
80.971
80.095
78.54
76.318
73.443
69.933
65.812
61.099
55.82
50.006
43.689
36.914
29.728
22.174
14.297
6.145
-2.239
-10.803
-19.498
-28.286
-37.113
-45.914
-54.605
-63.072
-71.2
-78.886
-86.031
-92.549
-98.363
-103.39
-107.568
-110.85
-113.205
-114.634
-115.14
-114.711
-113.389
-111.219
-108.335
-105.014
-101.397
-97.484
-93.176
-88.17
-82.227
-75.301
-67.126
-57.253
-45.718
-32.859
-19.5
-7.23
2.807
9.998
13.46
12.518
7.385
-1.205
-11.296
-19.538
-23.28
-20.117
-7.155
17.832
56.443
108.476
170.46
237.993
307.019
375.031
442.768
508.765
567.418
610.288
623.547
594.914
520.904
402.972
249.647
77.406
-100.224
-267.837
-407.301
-511.177
-576.252
-606.992
-618.474
-619.03
-611.998
-597.469
-570.106
-530.093
-482.521
-431.975
-383.977
-341.974
-306.663
-278.834
-258.482
-244.34
-234.7
-228.073
-222.789
-217.008
-209.484
-198.992
-184.782
-167.227
-147.302
-125.968
-104.493
-84.364
-66.521
-51.817
-40.819
-33.422
-29.312
-28.057
-29.026
-31.574
-35.314
-39.896
-45.042
-50.619
-56.38
-62.135
-67.761
-73.08
-77.951
-82.239
-85.809
-88.593
-90.604
-91.886
-92.502
-92.515
-91.943
-90.838
-89.274
-87.35
-85.227
-83.02
-80.822
-78.752
-76.885
-75.279
-73.985
-72.999
-72.281
-71.8
-71.51
-71.363
-71.336
-71.395
-71.493
-71.582
-71.588
-71.456
-71.153
-70.645
-69.914
-68.947
-67.736
-66.291
-64.646
-62.823
-60.847
-58.742
-56.523
-54.209
-51.825
-49.394
-46.941
-44.49
-42.057
-39.658
-37.307
-35.019
-32.804
-30.672
-28.625
-26.665
-24.801
-23.038
-21.385
-19.846
-18.426
-17.127
-15.953
-14.904
-13.98
-13.176
-12.488
-11.908
-11.429
-11.044
-10.745
-10.522
-10.366
-10.265
-10.21
-10.189
-10.193
-10.21
-10.23
-10.245
-10.244
-10.22
-10.166
-10.073
-9.935
-9.744
-9.494
-9.179
-8.793
-8.329
-7.784
-7.152
-6.431
-5.618
-4.71
-3.706
-2.606
-1.412
-0.124
1.253
2.717
4.262
5.883
7.574
9.328
11.138
12.997
14.896
16.828
18.783
20.754
22.732
24.709
26.676
28.623
30.543
32.425
34.261
36.041
37.756
39.396
40.952
42.414
43.774
45.022
46.149
47.148
48.01
48.729
49.297
49.71
49.963
50.053
49.976
49.735
49.328
48.758
48.027
47.138
46.096
44.905
43.571
42.102
40.504
38.784
36.951
35.016
32.987
30.876
28.692
26.448
24.154
21.824
19.469
17.1
14.73
12.37
10.032
7.728
5.471
3.269
1.133
-0.927
-2.905
-4.794
-6.593
-8.305
-9.932
-11.478
-12.95
-14.353
-15.694
-16.983
-18.225
-19.422
-20.581
-21.707
-22.811
-23.906
-25.007
-26.122
-27.265
-28.454
-29.7
-31.021
-32.421
-33.901
-35.466
-37.131
-38.912
-40.843
-42.945
-45.227
-47.697
-50.354
-53.184
-56.171
-59.273
-62.418
-65.549
-68.614
-71.569
-74.394
-77.048
-79.471
-81.62
-83.44
-84.898
-85.991
-86.715
-87.091
-87.191
-87.116
-86.985
-86.954
-87.161
-87.75
-88.884
-90.675
-93.267
-96.771
-101.29
-107.022
-113.978
-121.982
-130.788
-139.934
-148.896
-157.291
-164.542
-169.843
-173
-174.267
-174.04
-173.257
-172.796
-173.232
-175.399
-180.285
-186.725
-191.476
-192.834
-189.317
-181.169
-171.763
-157.813
-131.393
-87.512
-21.039
64.848
158.469
253.376
344.329
426.217
496.167
545.03
562.414
544.437
493.504
420.301
337.69
254.298
173.958
94.921
15.743
-61.782
-134.622
-198.635
-251.705
-294.847
-330.041
-358.909
-382.763
-402.869
-420.159
-435.725
-450.326
-463.693
-475.074
-483.834
-489.185
-490.222
-486.555
-477.872
-464.006
-445.355
-422.467
-395.991
-366.938
-336.396
-305.207
-274.133
-243.709
-214.209
-185.906
-158.971
-133.403
-109.161
-86.163
-64.316
-43.603
-24.014
-5.489
12.063
28.824
44.999
60.781
76.376
91.925
107.503
123.157
138.864
154.549
170.123
185.467
200.44
214.927
228.818
242.004
254.394
265.873
276.312
285.59
293.584
300.201
305.391
309.12
311.38
312.191
311.583
309.609
306.341
301.848
296.193
289.444
281.663
272.922
263.306
252.899
241.793
230.079
217.845
205.182
192.18
178.93
165.52
152.033
138.549
125.152
111.928
98.962
86.336
74.134
62.43
51.3
40.815
31.041
22.036
13.855
6.542
0.139
-5.319
-9.803
-13.289
-15.762
-17.21
-17.629
-17.021
-15.391
-12.751
-9.121
-4.523
1.014
7.455
14.764
22.896
31.805
41.44
51.748
62.671
74.151
86.127
98.535
111.31
124.387
137.698
151.177
164.756
178.37
191.954
205.444
218.78
231.902
244.755
257.283
269.436
281.165
292.427
303.179
313.382
323.001
332.004
340.364
348.055
355.058
361.354
366.93
371.775
375.881
379.244
381.862
383.737
384.872
385.273
384.949
383.912
382.174
379.751
376.661
372.921
368.552
363.574
358.01
351.882
345.213
338.028
330.348
322.2
313.606
304.59
295.176
285.388
275.249
264.781
254.007
242.95
231.631
220.071
208.292
196.316
184.162
171.852
159.408
146.849
134.198
121.475
108.703
95.902
83.093
70.299
57.541
44.842
32.222
19.704
7.311
-4.935
-17.012
-28.897
-40.567
-52
-63.173
-74.063
-84.65
-94.911
-104.824
-114.369
-123.525
-132.274
-140.596
-148.473
-155.89
-162.832
-169.284
-175.234
-180.673
-185.592
-189.983
-193.843
-197.167
-199.957
-202.211
-203.935
-205.133
-205.812
-205.982
-205.654
-204.84
-203.557
-201.821
-199.65
-197.063
-194.083
-190.731
-187.032
-183.009
-178.687
-174.094
-169.254
-164.196
-158.945
-153.529
-147.974
-142.308
-136.555
-130.742
-124.894
-119.033
-113.184
-107.368
-101.607
-95.92
-90.326
-84.841
-79.483
-74.265
-69.2
-64.301
-59.577
-55.038
-50.692
-46.545
-42.602
-38.868
-35.347
-32.04
-28.951
-26.079
-23.427
-20.995
-18.783
-16.792
-15.022
-13.473
-12.148
-11.045
-10.167
-9.514
-9.089
-8.894
-8.93
-9.201
-9.71
-10.458
-11.45
-12.69
-14.181
-15.927
-17.932
-20.201
-22.737
-25.545
-28.63
-31.995
-35.643
-39.579
-43.806
-48.325
-53.138
-58.245
-63.647
-69.34
-75.324
-81.592
-88.138
-94.957
-102.037
-109.369
-116.94
-124.736
-132.742
-140.941
-149.315
-157.844
-166.508
-175.284
-184.15
-193.082
-202.055
-211.044
-220.022
-228.964
-237.84
-246.625
-255.289
-263.805
-272.144
-280.278
-288.178
-295.818
-303.17
-310.207
-316.903
-323.235
-329.178
-334.712
-339.814
-344.468
-348.655
-352.361
-355.571
-358.275
-360.462
-362.124
-363.256
-363.853
-363.913
-363.433
-362.416
-360.864
-358.781
-356.171
-353.042
-349.403
-345.263
-340.634
-335.528
-329.959
-323.943
-317.496
-310.636
-303.38
-295.75
-287.765
-279.446
-270.815
-261.892
-252.7
-243.262
-233.597
-223.729
-213.679
-203.467
-193.115
-182.642
-172.068
-161.413
-150.695
-139.932
-129.143
-118.344
-107.551
-96.781
-86.048
-75.367
-64.753
-54.217
-43.773
-33.431
-23.203
-13.098
-3.124
6.71
16.399
25.936
35.316
44.535
53.59
62.478
71.195
79.739
88.109
96.302
104.317
112.153
119.808
127.282
134.572
141.677
148.598
155.332
161.878
168.235
174.402
180.377
186.161
191.75
197.146
202.345
207.348
212.153
216.759
221.163
225.364
229.359
233.145
236.72
240.079
243.221
246.143
248.841
251.315
253.562
255.581
257.371
258.933
260.268
261.376
262.261
262.924
263.371
263.605
263.634
263.463
263.102
262.559
261.842
260.963
259.932
258.76
257.459
256.04
254.517
252.904
251.215
249.467
247.675
245.858
244.032
242.214
240.424
238.678
236.994
235.387
233.873
232.467
231.185
230.039
229.044
228.209
227.545
227.061
226.766
226.663
226.756
227.044
227.526
228.199
229.059
230.099
231.312
232.689
234.219
235.894
237.698
239.618
241.634
243.726
245.872
248.047
250.227
252.386
254.494
256.525
258.449
260.24
261.871
263.311
264.532
265.503
266.194
266.578
266.622
266.296
265.571
264.423
262.829
260.773
258.241
255.221
251.708
247.702
243.203
238.206
232.709
226.709
220.209
213.216
205.744
197.808
189.431
180.641
171.472
161.972
152.179
142.12
131.81
121.255
110.472
99.501
88.386
77.163
65.885
54.614
43.433
32.467
21.808
11.508
1.598
-7.913
-17.007
-25.626
-33.702
-41.176
-48.003
-54.172
-59.657
-64.406
-68.407
-71.678
-74.341
-76.63
-78.73
-80.739
-82.722
-84.663
-86.609
-88.781
-91.227
-93.782
-96.131
-97.715
-98.153
-97.412
-95.208
-90.991
-84.642
-76.342
-66.954
-58.31
-51.614
-47.476
-47.067
-51.323
-60.142
-71.781
-82.097
-86.324
-81.908
-70.228
-54.106
-32.914
-2.999
43.165
113.379
206.367
314.963
428.079
531.59
616.679
677.552
708.754
705.186
659.969
568.81
431.104
254.445
56.988
-139.871
-310.876
-436.214
-510.035
-534.96
-524.673
-495.113
-456.951
-419.556
-386.02
-357.857
-335.539
-314.277
-291.094
-264.005
-233.935
-206.618
-185.811
-173.06
-167.585
-166.391
-167.933
-171.243
-175.025
-178.467
-180.369
-179.898
-177.229
-172.603
-166.259
-158.806
-151.102
-143.934
-138.043
-133.798
-131.024
-129.405
-128.636
-128.325
-128.019
-127.426
-126.33
-124.621
-122.396
-119.781
-116.88
-113.829
-110.747
-107.69
-104.713
-101.862
-99.165
-96.692
-94.502
-92.622
-91.079
-89.879
-89.015
-88.484
-88.26
-88.298
-88.557
-89.01
-89.63
-90.407
-91.321
-92.343
-93.443
-94.593
-95.764
-96.933
-98.074
-99.164
-100.187
-101.132
-101.993
-102.768
-103.452
-104.037
-104.52
-104.893
-105.154
-105.3
-105.329
-105.241
-105.039
-104.727
-104.314
-103.806
-103.212
-102.54
-101.799
-100.999
-100.148
-99.258
-98.337
-97.395
-96.441
-95.486
-94.539
-93.607
-92.699
-91.82
-90.975
-90.171
-89.411
-88.697
-88.03
-87.409
-86.835
-86.305
-85.816
-85.364
-84.943
-84.548
-84.17
-83.803
-83.438
-83.065
-82.674
-82.254
-81.795
-81.286
-80.716
-80.073
-79.348
-78.53
-77.611
-76.581
-75.433
-74.161
-72.759
-71.223
-69.549
-67.737
-65.786
-63.698
-61.475
-59.123
-56.646
-54.052
-51.349
-48.548
-45.657
-42.691
-39.661
-36.582
-33.468
-30.336
-27.202
-24.083
-20.998
-17.963
-14.998
-12.121
-9.348
-6.698
-4.189
-1.837
0.343
2.334
4.124
5.697
7.044
8.152
9.014
9.622
9.973
10.061
9.886
9.449
8.749
7.792
6.582
5.124
3.426
1.497
-0.651
-3.006
-5.555
-8.281
-11.167
-14.195
-17.345
-20.596
-23.929
-27.324
-30.759
-34.213
-37.665
-41.093
-44.478
-47.798
-51.032
-54.16
-57.162
-60.019
-62.714
-65.232
-67.56
-69.686
-71.602
-73.298
-74.769
-76.009
-77.014
-77.78
-78.306
-78.592
-78.641
-78.458
-78.048
-77.423
-76.597
-75.587
-74.413
-73.09
-71.638
-70.072
-68.412
-66.675
-64.875
-63.024
-61.133
-59.216
-57.292
-55.386
-53.519
-51.712
-49.981
-48.342
-46.81
-45.396
-44.104
-42.924
-41.853
-40.885
-40.029
-39.312
-38.749
-38.342
-38.081
-37.945
-37.905
-37.935
-37.979
-37.954
-37.781
-37.379
-36.704
-35.753
-34.515
-32.985
-31.143
-28.941
-26.361
-23.41
-20.094
-16.443
-12.49
-8.258
-3.831
0.645
5.008
9.051
12.618
15.624
17.99
19.707
20.753
21.022
20.587
19.66
18.55
17.77
17.803
18.909
21.371
25.515
31.277
38.44
46.481
54.267
60.712
64.952
66.511
65.605
63.417
61.559
61.776
66.503
78.389
100.076
133.593
178.449
231.268
288.225
346.754
406.854
469.967
533.844
590.892
628.887
636.438
609.37
551.809
475.841
393.718
312.606
235.197
159.023
81.865
4.752
-69.952
-139.268
-201.094
-255.012
-302.086
-343.244
-379.113
-410.651
-438.185
-461.725
-481.788
-498.855
-512.805
-523.602
-530.939
-534.031
-532.768
-527.358
-517.842
-504.39
-487.352
-467.214
-444.79
-421.186
-397.245
-373.508
-350.399
-328.177
-307.041
-287.14
-268.475
-250.897
-234.241
-218.413
-203.34
-188.988
-175.297
-162.084
-149.142
-136.257
-123.203
-109.834
-96.074
-81.871
-67.232
-52.219
-36.911
-21.43
-5.926
9.476
24.664
39.532
53.991
67.922
81.193
93.67
105.214
115.722
125.128
133.385
140.47
146.384
151.141
154.779
157.355
158.92
159.52
159.203
158.011
155.995
153.217
149.743
145.644
140.99
135.847
130.284
124.371
118.176
111.766
105.203
98.544
91.853
85.196
78.639
72.248
66.088
60.22
54.705
49.601
44.962
40.839
37.276
34.312
31.984
30.325
29.363
29.122
29.621
30.876
32.897
35.69
39.258
43.6
48.71
54.577
61.186
68.519
76.554
85.264
94.62
104.589
115.135
126.218
137.798
149.829
162.264
175.055
188.151
201.499
215.045
228.733
242.507
256.312
270.091
283.788
297.346
310.71
323.826
336.639
349.095
361.143
372.731
383.81
394.333
404.252
413.524
422.107
429.963
437.054
443.347
448.811
453.418
457.142
459.963
461.861
462.822
462.834
461.888
459.981
457.112
453.284
448.503
442.78
436.129
428.567
420.115
410.799
400.644
389.684
377.951
365.484
352.322
338.509
324.09
309.115
293.634
277.698
261.363
244.684
227.717
210.521
193.153
175.672
158.138
140.608
123.142
105.797
88.629
71.695
55.048
38.74
22.822
7.341
-7.656
-22.128
-36.034
-49.337
-62.003
-74.002
-85.306
-95.893
-105.74
-114.834
-123.161
-130.713
-137.485
-143.476
-148.689
-153.13
-156.808
-159.735
-161.929
-163.406
-164.189
-164.301
-163.768
-162.619
-160.884
-158.595
-155.785
-152.489
-148.742
-144.579
-140.039
-135.157
-129.971
-124.518
-118.835
-112.958
-106.924
-100.768
-94.523
-88.224
-81.903
-75.589
-69.312
-63.1
-56.978
-50.972
-45.103
-39.393
-33.862
-28.528
-23.407
-18.514
-13.863
-9.466
-5.334
-1.475
2.1
5.385
8.374
11.06
13.439
15.506
17.258
18.693
19.809
20.604
21.078
21.232
21.066
20.584
19.786
18.676
17.258
15.535
13.514
11.199
8.597
5.714
2.56
-0.858
-4.53
-8.445
-12.593
-16.963
-21.54
-26.313
-31.266
-36.384
-41.65
-47.047
-52.556
-58.158
-63.832
-69.557
-75.31
-81.07
-86.812
-92.514
-98.152
-103.702
-109.14
-114.442
-119.585
-124.546
-129.302
-133.832
-138.114
-142.13
-145.859
-149.286
-152.394
-155.168
-157.595
-159.664
-161.363
-162.686
-163.624
-164.174
-164.331
-164.095
-163.467
-162.448
-161.045
-159.265
-157.114
-154.605
-151.749
-148.56
-145.053
-141.245
-137.153
-132.797
-128.196
-123.372
-118.345
-113.138
-107.773
-102.271
-96.656
-90.949
-85.171
-79.345
-73.489
-67.626
-61.772
-55.949
-50.172
-44.459
-38.826
-33.288
-27.857
-22.546
-17.365
-12.325
-7.433
-2.696
1.882
6.296
10.544
14.624
18.537
22.285
25.869
29.294
32.564
35.686
38.665
41.511
44.229
46.83
49.321
51.712
54.012
56.231
58.379
60.464
62.496
64.485
66.44
68.369
70.281
72.184
74.084
75.987
77.9
79.825
81.768
83.729
85.71
87.71
89.728
91.76
93.804
95.851
97.896
99.929
101.94
103.916
105.845
107.711
109.498
111.19
112.767
114.21
115.499
116.611
117.526
118.218
118.666
118.844
118.728
118.294
117.518
116.374
114.84
112.894
110.512
107.675
104.363
100.56
96.248
91.415
86.049
80.141
73.684
66.675
59.112
50.998
42.338
33.141
23.419
13.186
2.462
-8.733
-20.373
-32.431
-44.875
-57.672
-70.783
-84.17
-97.789
-111.596
-125.543
-139.581
-153.659
-167.724
-181.725
-195.607
-209.315
-222.796
-235.997
-248.863
-261.344
-273.387
-284.944
-295.966
-306.408
-316.227
-325.383
-333.839
-341.56
-348.516
-354.68
-360.029
-364.543
-368.207
-371.006
-372.933
-373.983
-374.155
-373.454
-371.886
-369.462
-366.197
-362.11
-357.223
-351.562
-345.154
-338.029
-330.218
-321.757
-312.68
-303.025
-292.829
-282.133
-270.976
-259.4
-247.447
-235.16
-222.579
-209.747
-196.702
-183.486
-170.137
-156.692
-143.186
-129.654
-116.13
-102.648
-89.242
-75.941
-62.775
-49.771
-36.954
-24.35
-11.98
0.137
11.983
23.542
34.8
45.739
56.346
66.604
76.499
86.016
95.139
103.857
112.156
120.031
127.477
134.489
141.07
147.221
152.945
158.245
163.123
167.574
171.6
175.203
178.388
181.163
183.539
185.524
187.133
188.392
189.321
189.931
190.225
190.187
189.812
189.119
188.128
186.87
185.377
183.681
181.844
179.961
178.124
176.416
174.89
173.543
172.394
171.484
170.864
170.618
170.773
171.28
172.122
173.3
174.803
176.638
178.69
180.688
182.4
183.616
184.175
184.097
183.3
181.563
178.871
175.296
171.102
166.951
163.307
160.231
158.016
157.05
157.372
159.1
161.857
164.343
165.65
165.526
163.526
159.22
153.104
145.985
139.14
136.435
141.205
154.018
176.675
208.361
246.652
294.753
353.603
422.367
500.224
577.978
646.179
700.657
740.223
767.478
784.004
782.076
746.782
667.329
538.05
366.899
177.364
-7.183
-162.448
-271.447
-334.061
-357.539
-357.126
-349.572
-341.595
-333.93
-322.858
-303.942
-278.828
-251.589
-226.329
-206.675
-193.095
-185.153
-183.044
-185.579
-191.074
-198.214
-205.266
-211.287
-216.31
-219.827
-220.994
-219.775
-216.598
-212.253
-208.067
-204.691
-202.096
-200.458
-199.985
-200.686
-202.454
-204.788
-206.891
-208.323
-208.966
-208.774
-207.794
-206.016
-203.394
-200.035
-196.131
-191.828
-187.224
-182.349
-177.204
-171.842
-166.364
-160.889
-155.514
-150.29
-145.248
-140.409
-135.79
-131.409
-127.27
-123.35
-119.632
-116.108
-112.776
-109.643
-106.712
-103.974
-101.413
-99.016
-96.764
-94.651
-92.67
-90.813
-89.079
-87.467
-85.976
-84.612
-83.373
-82.256
-81.255
-80.365
-79.578
-78.888
-78.287
-77.768
-77.323
-76.949
-76.639
-76.386
-76.185
-76.026
-75.903
-75.807
-75.731
-75.667
-75.605
-75.537
-75.456
-75.353
-75.221
-75.053
-74.841
-74.577
-74.255
-73.87
-73.416
-72.888
-72.28
-71.59
-70.813
-69.948
-68.993
-67.946
-66.808
-65.578
-64.258
-62.852
-61.361
-59.791
-58.145
-56.43
-54.65
-52.815
-50.93
-49.005
-47.049
-45.071
-43.08
-41.088
-39.106
-37.145
-35.215
-33.327
-31.492
-29.722
-28.026
-26.415
-24.896
-23.48
-22.174
-20.985
-19.922
-18.989
-18.191
-17.534
-17.02
-16.652
-16.43
-16.355
-16.425
-16.637
-16.986
-17.467
-18.074
-18.799
-19.634
-20.568
-21.591
-22.693
-23.86
-25.08
-26.338
-27.62
-28.911
-30.197
-31.462
-32.691
-33.87
-34.983
-36.018
-36.961
-37.799
-38.519
-39.108
-39.555
-39.846
-39.972
-39.922
-39.685
-39.254
-38.622
-37.784
-36.736
-35.478
-34.007
-32.325
-30.435
-28.341
-26.049
-23.564
-20.895
-18.052
-15.046
-11.894
-8.611
-5.214
-1.721
1.847
5.47
9.126
12.796
16.458
20.091
23.672
27.177
30.583
33.862
36.987
39.928
42.654
45.134
47.341
49.247
50.827
52.06
52.925
53.408
53.498
53.186
52.462
51.314
49.733
47.71
45.246
42.342
39.004
35.243
31.065
26.489
21.549
16.27
10.673
4.769
-1.449
-7.97
-14.755
-21.767
-28.96
-36.283
-43.686
-51.081
-58.348
-65.373
-72.044
-78.285
-84.069
-89.352
-94.066
-98.149
-101.499
-104.074
-105.914
-107.025
-107.394
-107.028
-105.905
-104.139
-101.997
-99.713
-97.517
-95.575
-93.897
-92.582
-91.828
-91.637
-91.923
-92.416
-92.517
-91.841
-90.252
-87.43
-83.124
-77.369
-70.221
-62.144
-54.093
-46.671
-40.314
-35.668
-32.836
-31.039
-28.922
-24.56
-15.833
-0.915
22.184
55.688
101.142
157.463
220.859
288.492
358.405
430.01
504.665
576.799
636.082
674.065
681.475
657.558
610.125
545.299
471.17
393.357
311.332
225.689
137.638
49.154
-34.626
-109.048
-172.18
-224.223
-266.606
-300.325
-325.967
-344.093
-356.159
-364.915
-372.155
-378.311
-383.326
-386.864
-388.727
-389.026
-387.296
-382.202
-372.994
-359.584
-342.261
-321.914
-299.346
-275.128
-250.09
-225.196
-201.127
-178.347
-157.075
-137.209
-118.673
-101.423
-85.329
-70.295
-56.228
-43.024
-30.605
-18.836
-7.542
3.469
14.419
25.469
36.706
48.18
59.882
71.742
83.683
95.595
107.341
118.816
129.925
140.568
150.668
160.118
168.802
176.605
183.403
189.104
193.65
197.007
199.163
200.136
199.953
198.661
196.327
193.009
188.761
183.639
177.692
170.977
163.561
155.513
146.905
137.809
128.296
118.432
108.289
97.931
87.421
76.821
66.185
55.572
45.042
34.656
24.475
14.557
4.957
-4.27
-13.074
-21.404
-29.219
-36.479
-43.149
-49.199
-54.6
-59.328
-63.364
-66.691
-69.296
-71.173
-72.315
-72.721
-72.393
-71.338
-69.564
-67.085
-63.917
-60.079
-55.594
-50.486
-44.782
-38.513
-31.709
-24.404
-16.634
-8.435
0.152
9.089
18.334
27.844
37.576
47.485
57.528
67.661
77.839
88.021
98.161
108.219
118.152
127.919
137.482
146.801
155.841
164.565
172.942
180.941
188.533
195.692
202.394
208.619
214.347
219.562
224.25
228.4
232.004
235.054
237.548
239.486
240.868
241.7
241.989
241.745
240.98
239.71
237.951
235.724
233.05
229.954
226.459
222.595
218.389
213.871
209.073
204.026
198.762
193.312
187.709
181.984
176.167
170.289
164.377
158.46
152.564
146.713
140.931
135.24
129.66
124.207
118.899
113.749
108.769
103.967
99.352
94.927
90.696
86.658
82.811
79.15
75.668
72.357
69.205
66.199
63.325
60.565
57.903
55.319
52.795
50.311
47.846
45.381
42.896
40.371
37.789
35.132
32.383
29.527
26.55
23.44
20.185
16.777
13.208
9.473
5.568
1.491
-2.755
-7.17
-11.748
-16.483
-21.364
-26.381
-31.521
-36.768
-42.104
-47.512
-52.97
-58.455
-63.945
-69.415
-74.839
-80.193
-85.449
-90.582
-95.565
-100.373
-104.982
-109.365
-113.501
-117.367
-120.942
-124.206
-127.141
-129.731
-131.961
-133.818
-135.291
-136.37
-137.049
-137.322
-137.186
-136.64
-135.684
-134.323
-132.561
-130.406
-127.868
-124.957
-121.687
-118.073
-114.133
-109.883
-105.345
-100.539
-95.487
-90.212
-84.739
-79.091
-73.294
-67.372
-61.352
-55.259
-49.118
-42.954
-36.793
-30.659
-24.576
-18.568
-12.659
-6.871
-1.226
4.255
9.55
14.642
19.51
24.138
28.508
32.606
36.418
39.929
43.129
46.007
48.552
50.759
52.619
54.127
55.28
56.076
56.513
56.59
56.31
55.675
54.689
53.356
51.682
49.676
47.345
44.7
41.751
38.51
34.991
31.209
27.179
22.917
18.442
13.773
8.929
3.931
-1.199
-6.438
-11.763
-17.15
-22.574
-28.009
-33.431
-38.813
-44.13
-49.356
-54.465
-59.432
-64.232
-68.84
-73.233
-77.387
-81.28
-84.89
-88.195
-91.176
-93.816
-96.095
-97.999
-99.514
-100.625
-101.322
-101.595
-101.436
-100.839
-99.798
-98.312
-96.38
-94.004
-91.187
-87.935
-84.257
-80.162
-75.662
-70.772
-65.508
-59.887
-53.93
-47.656
-41.089
-34.253
-27.174
-19.878
-12.394
-4.751
3.022
10.893
18.832
26.807
34.786
42.736
50.624
58.418
66.085
73.593
80.908
88
94.835
101.385
107.62
113.51
119.03
124.153
128.857
133.119
136.92
140.24
143.065
145.38
147.174
148.439
149.166
149.354
148.999
148.103
146.669
144.704
142.215
139.213
135.71
131.722
127.267
122.362
117.031
111.298
105.188
98.729
91.953
84.891
77.575
70.041
62.325
54.463
46.492
38.451
30.379
22.313
14.292
6.354
-1.463
-9.122
-16.589
-23.829
-30.81
-37.5
-43.872
-49.897
-55.55
-60.809
-65.651
-70.057
-74.011
-77.497
-80.504
-83.021
-85.043
-86.564
-87.584
-88.103
-88.126
-87.659
-86.709
-85.288
-83.408
-81.085
-78.336
-75.18
-71.639
-67.735
-63.493
-58.939
-54.099
-48.999
-43.666
-38.128
-32.411
-26.543
-20.551
-14.462
-8.303
-2.1
4.118
10.327
16.5
22.614
28.645
34.573
40.375
46.032
51.528
56.846
61.971
66.889
71.584
76.046
80.262
84.225
87.926
91.36
94.521
97.406
100.015
102.348
104.403
106.182
107.681
108.902
109.846
110.515
110.91
111.035
110.892
110.488
109.831
108.93
107.79
106.418
104.82
103.003
100.973
98.735
96.293
93.649
90.81
87.786
84.587
81.227
77.719
74.074
70.313
66.454
62.514
58.508
54.445
50.34
46.207
42.069
37.946
33.854
29.811
25.837
21.96
18.204
14.584
11.097
7.731
4.476
1.34
-1.663
-4.523
-7.225
-9.743
-12.025
-13.985
-15.535
-16.619
-17.219
-17.342
-16.983
-16.122
-14.721
-12.762
-10.264
-7.254
-3.727
0.342
4.939
9.954
15.155
20.226
24.878
28.925
32.209
34.517
35.729
35.86
35.074
33.788
32.397
31.027
29.795
28.967
28.617
28.625
28.626
27.758
25.317
21.195
15.281
7.265
-2.783
-14.279
-25.934
-35.404
-40.431
-39.66
-31.559
-14.128
14.199
54.516
106.025
165.096
227.867
291.117
353.643
416.37
478.523
537.035
582.735
602.428
585.851
524.568
419.859
279.709
110.721
-73.271
-258.565
-430.212
-566.816
-659.409
-709.489
-725.032
-723.06
-711.525
-688.506
-654.337
-610.046
-562.038
-522.994
-496.96
-480.04
-467.894
-453.163
-434.253
-416.355
-401.712
-392.309
-388.648
-387.246
-385.837
-383.502
-379.044
-372.527
-364.466
-354.747
-343.455
-331.147
-318.527
-306.257
-294.965
-284.904
-275.852
-267.521
-259.639
-251.818
-243.638
-234.838
-225.225
-214.707
-203.405
-191.471
-179.035
-166.263
-153.303
-140.234
-127.14
-114.103
-101.184
-88.484
-76.085
-64.029
-52.364
-41.113
-30.289
-19.902
-9.942
-0.369
8.843
17.713
26.253
34.465
42.357
49.949
57.262
64.314
71.121
77.697
84.059
90.22
96.191
101.974
107.571
112.976
118.193
123.225
128.075
132.749
137.249
141.578
145.74
149.736
153.568
157.233
160.728
164.049
167.193
170.159
172.943
175.542
177.952
180.17
182.193
184.019
185.645
187.066
188.28
189.284
190.079
190.661
191.032
191.191
191.139
190.878
190.411
189.741
188.874
187.815
186.568
185.142
183.544
181.783
179.868
177.806
175.609
173.287
170.85
168.311
165.679
162.967
160.185
157.345
154.458
151.536
148.587
145.622
142.651
139.682
136.724
133.785
130.871
127.989
125.143
122.339
119.579
116.865
114.2
111.582
109.012
106.486
104.002
101.555
99.141
96.754
94.386
92.033
89.685
87.335
84.976
82.599
80.196
77.758
75.278
72.748
70.16
67.507
64.783
61.98
59.094
56.12
53.055
49.894
46.635
43.279
39.825
36.273
32.625
28.884
25.054
21.14
17.149
13.088
8.967
4.796
0.586
-3.648
-7.893
-12.133
-16.354
-20.541
-24.675
-28.742
-32.724
-36.606
-40.37
-44.001
-47.482
-50.798
-53.935
-56.877
-59.613
-62.129
-64.415
-66.461
-68.26
-69.805
-71.093
-72.119
-72.882
-73.379
-73.612
-73.584
-73.299
-72.764
-71.986
-70.977
-69.754
-68.336
-66.744
-65
-63.128
-61.151
-59.093
-56.981
-54.835
-52.676
-50.524
-48.403
-46.337
-44.355
-42.482
-40.742
-39.162
-37.767
-36.58
-35.623
-34.91
-34.446
-34.246
-34.325
-34.699
-35.401
-36.448
-37.844
-39.594
-41.689
-44.105
-46.816
-49.77
-52.893
-56.126
-59.402
-62.665
-65.879
-68.978
-71.906
-74.627
-77.072
-79.204
-81.017
-82.499
-83.682
-84.643
-85.452
-86.202
-87.021
-88.014
-89.321
-91.1
-93.482
-96.622
-100.605
-105.502
-111.45
-118.411
-126.191
-134.502
-142.805
-150.574
-157.46
-162.953
-166.534
-168.188
-168.13
-166.837
-165.238
-163.87
-163.067
-163.538
-165.513
-168.266
-170.459
-170.09
-164.958
-153.338
-133.329
-102.715
-60.009
-6.185
55.099
121.008
189.637
260.571
335.339
408.229
468.561
507.203
514.254
489.437
441.542
377.76
307.48
236.67
164.827
93.032
22.089
-46.954
-109.993
-164.036
-208.727
-245.224
-276.237
-304.35
-330.493
-354.718
-377.318
-398.961
-419.855
-439.566
-456.907
-470.241
-478.805
-482.645
-481.911
-476.762
-467.395
-454.086
-437.513
-418.811
-398.931
-378.55
-358.239
-338.338
-319.152
-301.013
-284.102
-268.451
-254.041
-240.804
-228.654
-217.549
-207.441
-198.252
-189.895
-182.2
-174.95
-167.923
-160.89
-153.697
-146.256
-138.493
-130.383
-121.931
-113.185
-104.234
-95.19
-86.146
-77.179
-68.361
-59.752
-51.446
-43.545
-36.153
-29.374
-23.277
-17.905
-13.288
-9.433
-6.332
-3.961
-2.271
-1.201
-0.699
-0.718
-1.213
-2.142
-3.455
-5.096
-7.012
-9.143
-11.437
-13.841
-16.304
-18.776
-21.211
-23.566
-25.804
-27.89
-29.79
-31.467
-32.885
-34.009
-34.806
-35.25
-35.311
-34.964
-34.189
-32.968
-31.288
-29.142
-26.522
-23.425
-19.852
-15.804
-11.288
-6.311
-0.886
4.974
11.252
17.93
24.986
32.398
40.14
48.185
56.504
65.068
73.844
82.802
91.908
101.128
110.429
119.777
129.137
138.476
147.758
156.951
166.021
174.935
183.662
192.171
200.432
208.419
216.102
223.457
230.459
237.085
243.314
249.124
254.498
259.42
263.875
267.85
271.335
274.322
276.805
278.78
280.244
281.198
281.642
281.581
281.02
279.966
278.428
276.415
273.939
271.015
267.655
263.876
259.695
255.129
250.198
244.921
239.32
233.417
227.235
220.797
214.128
207.254
200.199
192.99
185.652
178.211
170.692
163.12
155.518
147.91
140.319
132.765
125.271
117.854
110.535
103.33
96.255
89.328
82.56
75.967
69.559
63.349
57.345
51.558
45.996
40.665
35.572
30.721
26.117
21.761
17.654
13.796
10.187
6.822
3.699
0.813
-1.841
-4.27
-6.479
-8.476
-10.267
-11.861
-13.265
-14.486
-15.533
-16.413
-17.134
-17.704
-18.13
-18.421
-18.584
-18.626
-18.556
-18.381
-18.109
-17.747
-17.304
-16.787
-16.204
-15.563
-14.871
-14.134
-13.36
-12.555
-11.724
-10.872
-10.005
-9.127
-8.242
-7.356
-6.47
-5.591
-4.72
-3.864
-3.024
-2.206
-1.413
-0.649
0.083
0.777
1.431
2.042
2.605
3.117
3.576
3.979
4.323
4.608
4.832
4.994
5.092
5.129
5.102
5.012
4.861
4.647
4.372
4.037
3.642
3.189
2.678
2.112
1.491
0.818
0.097
-0.671
-1.481
-2.33
-3.214
-4.128
-5.067
-6.027
-7.001
-7.985
-8.974
-9.962
-10.944
-11.915
-12.87
-13.804
-14.714
-15.595
-16.444
-17.257
-18.031
-18.763
-19.451
-20.091
-20.68
-21.215
-21.695
-22.116
-22.477
-22.774
-23.007
-23.174
-23.275
-23.308
-23.274
-23.174
-23.009
-22.781
-22.492
-22.144
-21.74
-21.283
-20.777
-20.225
-19.632
-19
-18.335
-17.638
-16.914
-16.167
-15.4
-14.617
-13.82
-13.014
-12.202
-11.389
-10.577
-9.773
-8.98
-8.204
-7.448
-6.719
-6.022
-5.36
-4.739
-4.162
-3.635
-3.16
-2.74
-2.379
-2.078
-1.839
-1.663
-1.552
-1.505
-1.523
-1.607
-1.755
-1.967
-2.242
-2.58
-2.98
-3.44
-3.96
-4.537
-5.17
-5.856
-6.593
-7.378
-8.206
-9.074
-9.976
-10.908
-11.862
-12.833
-13.814
-14.798
-15.779
-16.75
-17.703
-18.632
-19.532
-20.394
-21.215
-21.987
-22.706
-23.368
-23.966
-24.498
-24.959
-25.345
-25.653
-25.88
-26.023
-26.079
-26.045
-25.92
-25.701
-25.387
-24.977
-24.47
-23.867
-23.168
-22.376
-21.493
-20.521
-19.465
-18.329
-17.118
-15.837
-14.492
-13.089
-11.635
-10.136
-8.598
-7.029
-5.434
-3.82
-2.194
-0.562
1.069
2.695
4.309
5.905
7.477
9.021
10.53
11.998
13.42
14.791
16.104
17.356
18.539
19.65
20.683
21.636
22.504
23.283
23.972
24.569
25.071
25.478
25.79
26.005
26.126
26.151
26.082
25.921
25.669
25.327
24.897
24.38
23.779
23.094
22.328
21.484
20.563
19.569
18.504
17.371
16.175
14.92
13.611
12.252
10.85
9.411
7.943
6.452
4.946
3.434
1.923
0.422
-1.06
-2.517
-3.94
-5.323
-6.658
-7.936
-9.152
-10.296
-11.363
-12.345
-13.233
-14.02
-14.696
-15.256
-15.693
-16.001
-16.174
-16.206
-16.092
-15.829
-15.412
-14.84
-14.11
-13.221
-12.173
-10.969
-9.614
-8.116
-6.482
-4.72
-2.841
-0.856
1.221
3.378
5.604
7.887
10.213
12.567
14.931
17.291
19.627
21.922
24.155
26.299
28.333
30.238
31.997
33.591
35.006
36.225
37.236
38.034
38.609
38.951
39.05
38.895
38.481
37.81
36.883
35.705
34.283
32.622
30.738
28.655
26.387
23.942
21.32
18.509
15.511
12.348
9.035
5.585
2.031
-1.589
-5.203
-8.707
-12.021
-15.098
-17.895
-20.397
-22.57
-24.352
-25.705
-26.613
-27.047
-26.996
-26.419
-25.243
-23.488
-21.268
-18.753
-16.209
-13.839
-11.733
-10.051
-9.006
-8.645
-8.919
-9.582
-10.122
-10.218
-9.826
-8.735
-6.626
-3.492
0.524
4.854
8.39
10.51
11.166
10.044
6.704
1.367
-5.303
-11.693
-15.066
-13.519
-5.989
9.284
34.294
70.227
117.953
175.77
238.986
304.567
369.99
433.356
495.804
555.535
606.777
642.689
652.179
624.731
557.482
450.883
310.473
149.705
-19.124
-180.043
-312.868
-407.534
-460.019
-475.834
-472.082
-459.737
-443.998
-425.857
-400.386
-367.514
-331.663
-296.873
-267.456
-244.964
-228.225
-215.906
-206.33
-197.663
-188.438
-177.833
-165.703
-152.398
-138.589
-124.919
-111.925
-100.337
-90.895
-83.939
-79.509
-77.315
-76.786
-77.45
-78.936
-80.817
-82.68
-84.226
-85.237
-85.624
-85.409
-84.589
-83.165
-81.133
-78.479
-75.208
-71.318
-66.884
-62.072
-57.038
-51.934
-46.908
-42.079
-37.549
-33.416
-29.725
-26.464
-23.621
-21.163
-19.075
-17.363
-16.03
-15.093
-14.528
-14.276
-14.278
-14.485
-14.843
-15.315
-15.855
-16.406
-16.94
-17.455
-17.949
-18.426
-18.879
-19.288
-19.636
-19.906
-20.086
-20.17
-20.149
-20.013
-19.755
-19.369
-18.857
-18.222
-17.464
-16.576
-15.554
-14.393
-13.093
-11.657
-10.085
-8.376
-6.533
-4.561
-2.465
-0.253
2.069
4.496
7.024
9.645
12.354
15.143
18.006
20.936
23.928
26.973
30.064
33.193
36.352
39.535
42.733
45.939
49.145
52.343
55.526
58.688
61.822
64.922
67.981
70.992
73.949
76.846
79.676
82.432
85.106
87.694
90.187
92.579
94.864
97.035
99.084
101.006
102.793
104.438
105.936
107.279
108.461
109.475
110.318
110.982
111.462
111.756
111.857
111.763
111.47
110.975
110.276
109.372
108.261
106.942
105.417
103.686
101.75
99.612
97.275
94.743
92.022
89.117
86.035
82.783
79.37
75.805
72.098
68.26
64.303
60.237
56.076
51.833
47.519
43.149
38.735
34.292
29.833
25.371
20.922
16.5
12.118
7.792
3.536
-0.638
-4.716
-8.684
-12.531
-16.245
-19.815
-23.23
-26.481
-29.56
-32.457
-35.168
-37.684
-40.001
-42.116
-44.026
-45.732
-47.234
-48.533
-49.634
-50.541
-51.257
-51.789
-52.144
-52.328
-52.35
-52.219
-51.946
-51.545
-51.029
-50.419
-49.731
-48.984
-48.196
-47.385
-46.569
-45.764
-44.984
-44.24
-43.543
-42.906
-42.342
-41.867
-41.495
-41.241
-41.12
-41.142
-41.315
-41.646
-42.134
-42.776
-43.567
-44.503
-45.587
-46.837
-48.26
-49.855
-51.614
-53.514
-55.525
-57.613
-59.723
-61.791
-63.748
-65.532
-67.088
-68.381
-69.375
-70.049
-70.373
-70.29
-69.775
-68.812
-67.414
-65.639
-63.548
-61.198
-58.676
-56.086
-53.557
-51.258
-49.331
-47.91
-47.108
-46.959
-47.556
-49.048
-51.397
-54.464
-57.957
-61.312
-64.085
-65.961
-66.419
-65.037
-61.81
-56.902
-50.919
-44.894
-39.499
-35.407
-33.601
-34.402
-37.164
-40.598
-42.65
-40.91
-33.492
-18.225
7.944
46.043
94.174
149.566
208.38
270.194
339.205
415.335
493.402
561.077
599.924
600.386
562.192
493.832
412.436
328.877
248.101
171.268
93.158
11.268
-73.08
-157.531
-237.614
-309.662
-372.665
-426.945
-472.657
-509.486
-537.021
-555.259
-565.304
-569.577
-570.349
-568.718
-565.481
-561.275
-556.608
-552.036
-547.492
-541.976
-534.334
-524.133
-511.564
-497.17
-481.527
-464.965
-447.79
-430.567
-414.023
-398.628
-384.499
-371.509
-359.376
-347.886
-336.973
-326.548
-316.425
-306.389
-296.176
-285.528
-274.341
-262.566
-250.157
-237.104
-223.399
-209.059
-194.203
-178.99
-163.562
-148.053
-132.562
-117.165
-101.975
-87.124
-72.754
-59.015
-46.01
-33.805
-22.462
-12.024
-2.523
6.026
13.646
20.383
26.272
31.342
35.617
39.12
41.887
43.962
45.391
46.22
46.498
46.267
45.578
44.482
43.027
41.261
39.229
36.971
34.533
31.966
29.319
26.644
23.992
21.411
18.95
16.656
14.574
12.746
11.209
9.998
9.145
8.679
8.628
9.014
9.859
11.18
12.992
15.307
18.132
21.473
25.333
29.711
34.603
40.002
45.899
52.28
59.129
66.429
74.156
82.288
90.797
99.655
108.829
118.288
127.995
137.913
148.006
158.232
168.551
178.923
189.307
199.66
209.941
220.109
230.121
239.938
249.519
258.823
267.811
276.446
284.69
292.507
299.862
306.725
313.062
318.847
324.051
328.651
332.624
335.953
338.619
340.61
341.915
342.528
342.444
341.661
340.183
338.014
335.163
331.641
327.462
322.643
317.205
311.17
304.563
297.411
289.745
281.597
272.999
263.989
254.602
244.877
234.855
224.576
214.081
203.414
192.616
181.732
170.804
159.875
148.987
138.181
127.497
116.974
106.65
96.558
86.734
77.208
68.009
59.164
50.697
42.631
34.985
27.775
21.015
14.717
8.888
3.536
-1.336
-5.728
-9.64
-13.076
-16.043
-18.548
-20.601
-22.214
-23.403
-24.182
-24.57
-24.586
-24.252
-23.588
-22.619
-21.368
-19.858
-18.115
-16.163
-14.027
-11.731
-9.299
-6.754
-4.12
-1.418
1.33
4.105
6.888
9.66
12.406
15.111
17.759
20.339
22.839
25.248
27.557
29.757
31.841
33.804
35.641
37.348
38.923
40.365
41.675
42.854
43.905
44.831
45.636
46.326
46.906
47.382
47.76
48.049
48.254
48.384
48.445
48.446
48.393
48.293
48.154
47.98
47.779
47.556
47.316
47.065
46.808
46.55
46.295
46.048
45.814
45.597
45.402
45.232
45.09
44.98
44.904
44.865
44.863
44.901
44.98
45.101
45.264
45.469
45.715
46.004
46.333
46.703
47.111
47.558
48.042
48.563
49.12
49.714
50.343
51.008
51.709
52.447
53.221
54.031
54.877
55.76
56.678
57.631
58.619
59.641
60.697
61.786
62.908
64.061
65.246
66.462
67.707
68.982
70.287
71.62
72.983
74.374
75.795
77.244
78.722
80.229
81.764
83.327
84.916
86.529
88.164
89.819
91.491
93.177
94.872
96.573
98.276
99.976
101.667
103.345
105.002
106.633
108.232
109.791
111.303
112.761
114.157
115.484
116.731
117.892
118.957
119.916
120.76
121.479
122.062
122.499
122.78
122.895
122.834
122.588
122.148
121.505
120.651
119.58
118.283
116.757
114.995
112.994
110.751
108.264
105.531
102.554
99.333
95.871
92.171
88.238
84.078
79.698
75.106
70.31
65.322
60.152
54.814
49.322
43.69
37.934
32.071
26.119
20.094
14.015
7.902
1.772
-4.354
-10.459
-16.524
-22.529
-28.456
-34.288
-40.008
-45.598
-51.043
-56.329
-61.442
-66.369
-71.098
-75.62
-79.924
-84.003
-87.851
-91.462
-94.833
-97.96
-100.845
-103.486
-105.888
-108.053
-109.987
-111.695
-113.187
-114.469
-115.552
-116.444
-117.158
-117.704
-118.094
-118.34
-118.455
-118.451
-118.341
-118.136
-117.85
-117.493
-117.078
-116.615
-116.115
-115.588
-115.043
-114.488
-113.931
-113.379
-112.838
-112.314
-111.808
-111.324
-110.862
-110.423
-110.004
-109.604
-109.218
-108.842
-108.471
-108.099
-107.719
-107.326
-106.911
-106.467
-105.984
-105.456
-104.874
-104.231
-103.517
-102.726
-101.852
-100.887
-99.826
-98.664
-97.396
-96.015
-94.519
-92.902
-91.163
-89.298
-87.306
-85.187
-82.943
-80.575
-78.088
-75.487
-72.777
-69.966
-67.059
-64.067
-60.996
-57.857
-54.658
-51.41
-48.124
-44.811
-41.486
-38.159
-34.843
-31.55
-28.291
-25.078
-21.921
-18.829
-15.81
-12.873
-10.028
-7.285
-4.655
-2.148
0.228
2.463
4.551
6.481
8.25
9.855
11.292
12.561
13.659
14.584
15.333
15.905
16.298
16.506
16.526
16.356
15.998
15.456
14.737
13.847
12.798
11.602
10.273
8.82
7.249
5.564
3.77
1.873
-0.116
-2.185
-4.322
-6.513
-8.736
-10.961
-13.164
-15.332
-17.464
-19.58
-21.685
-23.766
-25.807
-27.791
-29.699
-31.503
-33.15
-34.547
-35.605
-36.268
-36.518
-36.372
-35.834
-34.885
-33.49
-31.601
-29.222
-26.395
-23.135
-19.426
-15.259
-10.654
-5.739
-0.79
3.94
8.274
12.093
15.381
18.039
19.859
20.796
20.977
20.741
20.652
21.102
22.179
24.157
27.494
32.323
38.664
45.992
52.935
58.513
62.217
63.285
61.188
56.252
49.188
41.78
37.158
37.744
45.924
64.739
96.241
141.462
199.518
266.499
338.882
414.343
491.015
568.109
638.988
692.503
718.06
705.68
656.175
578.318
480.992
371.886
250.052
113.416
-33.742
-178.803
-299.631
-380.241
-416.538
-416.097
-397.24
-372.61
-346.933
-320.574
-289.055
-252.21
-213.399
-176.038
-144.712
-121.754
-107.466
-101.533
-102.404
-108.09
-117.265
-128.441
-139.746
-149.809
-157.28
-161.272
-161.874
-159.615
-155.002
-148.852
-142.265
-135.93
-130.489
-126.344
-123.323
-121.202
-119.735
-118.496
-117.025
-115.067
-112.444
-109.105
-105.193
-100.806
-96.051
-91.084
-86.035
-81.019
-76.125
-71.415
-66.943
-62.761
-58.912
-55.432
-52.348
-49.666
-47.391
-45.512
-44.005
-42.856
-42.046
-41.557
-41.384
-41.508
-41.908
-42.558
-43.427
-44.483
-45.701
-47.049
-48.497
-50.016
-51.582
-53.174
-54.779
-56.377
-57.943
-59.454
-60.886
-62.217
-63.428
-64.499
-65.41
-66.147
-66.698
-67.054
-67.21
-67.161
-66.903
-66.432
-65.747
-64.85
-63.742
-62.428
-60.912
-59.201
-57.303
-55.229
-52.99
-50.598
-48.065
-45.403
-42.626
-39.748
-36.781
-33.739
-30.635
-27.481
-24.289
-21.071
-17.838
-14.601
-11.367
-8.145
-4.943
-1.765
1.383
4.498
7.579
10.622
13.629
16.598
19.53
22.428
25.294
28.129
30.937
33.721
36.484
39.229
41.96
44.678
47.387
50.087
52.779
55.464
58.139
60.804
63.456
66.09
68.701
71.283
73.828
76.327
78.77
81.146
83.442
85.646
87.742
89.716
91.553
93.239
94.756
96.089
97.223
98.142
98.831
99.274
99.457
99.366
98.988
98.312
97.328
96.028
94.405
92.456
90.176
87.567
84.628
81.363
77.777
73.878
69.674
65.177
60.403
55.369
50.093
44.596
38.904
33.041
27.034
20.911
14.701
8.433
2.135
-4.163
-10.429
-16.634
-22.747
-28.74
-34.581
-40.242
-45.695
-50.912
-55.872
-60.552
-64.934
-69.002
-72.74
-76.137
-79.184
-81.873
-84.198
-86.156
-87.746
-88.971
-89.837
-90.355
-90.537
-90.402
-89.97
-89.268
-88.322
-87.16
-85.808
-84.294
-82.647
-80.893
-79.056
-77.158
-75.22
-73.268
-71.334
-69.45
-67.644
-65.941
-64.363
-62.93
-61.66
-60.571
-59.664
-58.935
-58.378
-57.996
-57.81
-57.848
-58.127
-58.638
-59.363
-60.28
-61.367
-62.584
-63.867
-65.112
-66.22
-67.117
-67.767
-68.166
-68.299
-68.139
-67.633
-66.718
-65.371
-63.603
-61.429
-58.842
-55.844
-52.464
-48.8
-45.077
-41.529
-38.334
-35.613
-33.416
-31.76
-30.701
-30.359
-30.707
-31.545
-32.542
-33.211
-33.174
-32.226
-30.165
-26.689
-21.714
-15.407
-8.272
-1.378
4.26
7.927
9.252
8.457
6.565
5.029
5.539
10.297
21.699
42.287
73.941
117.032
169.048
225.513
283.056
338.996
393.402
447.735
498.925
541.151
565.376
559.618
518.094
442.559
340.266
226.748
116.913
18.529
-63.214
-130.775
-191.106
-247.169
-302.671
-358.061
-408.623
-451.979
-486.54
-512.413
-533.499
-552.618
-570.616
-587.672
-602.953
-615.868
-626.604
-635.009
-640.245
-641.549
-638.627
-631.525
-620.735
-606.985
-590.797
-572.85
-554.112
-535.308
-516.927
-499.316
-482.526
-466.531
-451.362
-436.948
-423.145
-409.892
-397.113
-384.751
-372.791
-361.112
-349.544
-337.909
-325.987
-313.631
-300.77
-287.355
-273.395
-258.951
-244.093
-228.925
-213.585
-198.176
-182.8
-167.551
-152.506
-137.771
-123.466
-109.713
-96.65
-84.38
-72.972
-62.478
-52.925
-44.316
-36.645
-29.886
-23.988
-18.913
-14.624
-11.085
-8.268
-6.134
-4.637
-3.728
-3.352
-3.456
-3.991
-4.906
-6.149
-7.672
-9.427
-11.369
-13.457
-15.646
-17.887
-20.129
-22.321
-24.411
-26.351
-28.092
-29.585
-30.785
-31.652
-32.148
-32.239
-31.895
-31.088
-29.793
-27.99
-25.66
-22.789
-19.367
-15.384
-10.835
-5.717
-0.029
6.225
13.041
20.41
28.321
36.761
45.713
55.156
65.069
75.425
86.195
97.347
108.846
120.654
132.729
145.03
157.51
170.124
182.824
195.561
208.286
220.949
233.503
245.898
258.086
270.019
281.651
292.934
303.825
314.28
324.255
333.71
342.604
350.9
358.561
365.553
371.845
377.407
382.211
386.236
389.46
391.868
393.448
394.193
394.1
393.169
391.407
388.824
385.435
381.258
376.314
370.627
364.224
357.139
349.407
341.07
332.17
322.749
312.852
302.526
291.818
280.779
269.457
257.896
246.141
234.241
222.246
210.214
198.196
186.237
174.373
162.636
151.062
139.69
128.561
117.703
107.147
96.917
87.043
77.566
68.524
59.951
51.864
44.259
37.145
30.547
24.519
19.14
14.449
10.433
7.052
4.253
2.003
0.349
-0.735
-1.39
-1.645
-1.494
-0.775
0.953
3.839
7.666
12.209
17.142
21.974
26.362
29.574
30.217
27.62
21.699
12.544
1.11
-11.417
-24.189
-35.658
-43.595
-46.796
-44.438
-35.933
-22.388
-5.249
14.211
33.723
50.884
64.309
72.527
74.228
69.867
60.289
46.623
31.088
15.446
0.669
-11.944
-21.203
-26.925
-29.173
-28.537
-26.429
-23.686
-20.669
-17.914
-15.832
-14.608
-14.4
-15.004
-15.836
-16.614
-17.258
-17.702
-18
-18.141
-18.046
-17.747
-17.343
-16.885
-16.39
-15.829
-15.124
-14.233
-13.153
-11.887
-10.449
-8.842
-7.062
-5.113
-3.004
-0.754
1.619
4.098
6.669
9.315
12.018
14.756
17.505
20.243
22.956
25.632
28.267
30.85
33.371
35.819
38.185
40.46
42.638
44.712
46.674
48.518
50.241
51.839
53.311
54.655
55.869
56.951
57.9
58.713
59.391
59.934
60.344
60.621
60.769
60.793
60.696
60.485
60.165
59.742
59.222
58.611
57.916
57.142
56.297
55.386
54.418
53.401
52.341
51.247
50.125
48.981
47.823
46.655
45.481
44.305
43.129
41.958
40.795
39.645
38.514
37.406
36.326
35.28
34.274
33.309
32.391
31.518
30.692
29.914
29.184
28.505
27.876
27.3
26.776
26.307
25.892
25.53
25.219
24.951
24.723
24.528
24.364
24.225
24.108
24.012
23.937
23.889
23.871
23.884
23.929
24.002
24.101
24.219
24.349
24.479
24.596
24.695
24.773
24.832
24.876
24.91
24.938
24.969
25.006
25.051
25.102
25.148
25.174
25.179
25.167
25.149
25.154
25.198
25.286
25.433
25.632
25.856
26.065
26.182
26.125
25.846
25.312
24.514
23.488
22.263
20.885
19.423
17.899
16.334
14.76
13.165
11.569
10.057
8.723
7.729
7.289
7.546
8.627
10.655
13.621
17.472
22.097
27.276
32.841
38.657
44.557
50.426
56.148
61.524
66.369
70.471
73.498
75.178
75.246
73.385
69.465
63.474
55.465
45.659
34.302
21.599
7.843
-6.644
-21.597
-36.692
-51.63
-66.179
-79.964
-92.613
-103.771
-113.001
-120.007
-124.621
-126.685
-126.167
-123.153
-117.737
-110.147
-100.752
-89.854
-77.787
-64.917
-51.498
-37.869
-24.412
-11.432
0.733
11.761
21.409
29.374
35.363
39.224
40.859
40.277
37.656
33.156
26.995
19.526
11.039
1.838
-7.745
-17.533
-27.366
-37.024
-46.305
-54.937
-62.588
-69.01
-73.976
-77.266
-78.748
-78.327
-76.011
-72.007
-66.528
-59.782
-51.967
-43.103
-33.214
-22.414
-10.792
1.515
14.334
27.511
40.811
53.882
66.378
77.985
88.49
97.843
105.983
112.859
118.404
122.424
124.809
125.529
124.514
121.698
117.007
110.35
101.81
91.637
80.074
67.387
53.786
39.428
24.587
9.541
-5.434
-20.017
-34.008
-47.283
-59.651
-70.913
-80.839
-89.15
-95.728
-100.555
-103.529
-104.586
-103.638
-100.657
-95.834
-89.424
-81.696
-72.92
-63.284
-52.916
-41.99
-30.719
-19.341
-8.167
2.562
12.57
21.444
28.698
33.719
36.129
35.903
33.257
28.71
22.727
15.536
7.513
-0.819
-9.278
-17.838
-26.869
-37.63
-50.999
-67.149
-86.391
-108.555
-132.872
-158.938
-185.794
-211.004
-232.285
-246.692
-249.975
-239.438
-214.245
-176.312
-130.038
-79.108
-23.583
42.465
125.342
228.389
349.165
475.133
592.577
687.525
746.979
764.411
732.452
649.801
522.063
355.547
166.59
-27.8
-212.097
-365.102
-474.544
-537.307
-557.122
-549.6
-529.816
-504.26
-473.905
-435.166
-384.879
-325.645
-262.57
-200.667
-144.134
-95.262
-56.063
-27.355
-8.337
2.181
5.866
4.14
-2.253
-11.911
-22.394
-32.158
-40.64
-47.77
-54.202
-60.367
-66.227
-72.205
-79.261
-87.894
-98.207
-110.107
-123.034
-136.46
-150.031
-163.087
-174.798
-184.602
-192.031
-196.705
-198.542
-197.538
-193.743
-187.494
-179.194
-169.112
-157.533
-144.624
-130.447
-115.17
-98.957
-81.927
-64.247
-46.113
-27.811
-9.803
7.453
23.633
38.481
51.896
63.783
73.922
82.168
88.391
92.416
94.156
93.494
90.234
84.272
75.621
64.38
50.853
35.44
18.457
0.216
-19.02
-38.972
-59.218
-79.332
-98.897
-117.491
-134.761
-150.329
-163.746
-174.635
-182.729
-187.842
-189.972
-189.24
-185.722
-179.498
-170.633
-159.205
-145.438
-129.663
-112.254
-93.58
-73.971
-53.794
-33.488
-13.476
5.871
24.264
41.565
57.694
72.517
85.891
97.636
107.551
115.565
121.696
125.986
128.516
129.351
128.61
126.508
123.259
119.029
113.928
107.971
101.181
93.676
85.575
77.019
68.225
59.35
50.573
42.145
34.23
26.961
20.447
14.704
9.795
5.901
3.201
1.899
2.199
4.185
7.979
13.75
21.517
31.255
42.835
55.973
70.493
86.288
103.198
121.076
139.672
158.547
177.297
195.518
212.731
228.541
242.482
253.996
262.726
268.433
270.975
270.354
266.495
259.25
248.585
234.557
217.323
197.201
174.535
149.731
123.366
96.046
68.426
41.144
14.722
-10.365
-33.791
-55.352
-74.979
-92.773
-108.659
-122.324
-133.491
-141.923
-147.319
-149.526
-148.058
-141.931
-130.984
-115.81
-97.328
-76.988
-56.077
-35.462
-16.678
-1.934
7.569
11.557
10.632
6.54
0.594
-6.478
-13.429
-18.662
-21.115
-20.215
-16.262
-10.548
-3.895
3.411
11.02
18.713
26.334
33.733
41.157
49.188
58.13
68.021
78.767
90.061
101.603
113.128
124.267
134.67
144.037
152.109
158.661
163.442
166.23
166.849
165.15
161.071
154.623
145.836
134.802
121.71
106.784
90.342
72.775
54.379
35.441
16.259
-2.88
-21.601
-39.521
-56.342
-71.8
-85.683
-97.868
-108.229
-116.667
-123.174
-127.771
-130.57
-131.792
-131.59
-130.06
-127.305
-123.437
-118.679
-113.379
-107.833
-102.309
-97.031
-92.195
-88.074
-84.804
-82.317
-80.374
-78.469
-76.095
-72.994
-68.851
-63.19
-56.025
-47.667
-38.731
-30.485
-23.705
-18.418
-14.953
-13.737
-14.285
-15.487
-15.165
-9.895
2.701
23.837
55.183
98.361
154.026
221.907
299.526
382.256
466.07
547.477
622.093
685.305
732.705
760.434
767.163
753.876
721.63
671.879
607.3
531.12
447.139
359.132
268.774
176.41
82.744
-11.632
-106.507
-201.594
-296.72
-391.201
-482.271
-566.378
-640.869
-703.66
-753.269
-788.976
-810.574
-818.79
-816.234
-806.341
-791.763
-774.489
-755.837
-736.469
-716.838
-697.069
-676.414
-653.683
-628.261
-600.056
-569.395
-537.009
-503.502
-469.31
-435.019
-401.225
-368.203
-336.039
-304.669
-273.874
-243.542
-213.639
-184.079
-154.832
-125.94
-97.436
-69.358
-41.719
-14.529
12.104
37.968
62.781
86.203
107.93
127.71
145.292
160.485
173.167
183.239
190.673
195.501
197.725
197.342
194.336
188.679
180.405
169.643
156.604
141.58
124.857
106.7
87.401
67.219
46.393
25.197
3.897
-17.254
-37.953
-57.911
-76.849
-94.443
-110.391
-124.47
-136.538
-146.555
-154.504
-160.363
-164.141
-165.86
-165.562
-163.363
-159.403
-153.845
-146.921
-138.845
-129.818
-120.09
-109.899
-99.428
-88.81
-78.097
-67.313
-56.506
-45.708
-34.933
-24.198
-13.475
-2.749
7.984
18.799
29.773
40.969
52.494
64.434
76.833
89.73
103.124
116.979
131.284
146.004
161.072
176.464
192.162
208.19
224.633
241.492
258.699
276.175
293.784
311.377
328.815
345.904
362.413
378.165
392.985
406.742
419.365
430.718
440.627
448.882
455.197
459.385
461.362
461.078
458.542
453.832
447.051
438.408
428.211
416.71
404.113
390.594
376.258
361.266
345.832
330.182
314.585
299.26
284.356
270.009
256.327
243.355
231.101
219.485
208.338
197.548
187.052
176.814
166.85
157.151
147.68
138.41
129.315
120.369
111.564
102.884
94.304
85.833
77.501
69.371
61.547
54.099
47.062
40.463
34.3
28.569
23.27
18.384
13.876
9.718
5.887
2.365
-0.852
-3.781
-6.446
-8.874
-11.097
-13.141
-15.023
-16.758
-18.363
-19.849
-21.225
-22.497
-23.659
-24.71
-25.655
-26.492
-27.222
-27.839
-28.33
-28.684
-28.891
-28.942
-28.827
-28.538
-28.06
-27.384
-26.509
-25.428
-24.128
-22.592
-20.786
-18.687
-16.299
-13.632
-10.712
-7.589
-4.301
-0.891
2.575
6.051
9.514
12.957
16.418
19.938
23.524
27.159
30.794
34.377
37.904
41.382
44.819
48.27
51.776
55.391
59.227
63.349
67.74
72.338
76.976
81.451
85.624
89.395
92.691
95.469
97.637
99.098
99.785
99.588
98.396
96.077
92.416
87.256
80.568
72.388
62.883
52.296
40.795
28.522
15.617
2.181
-11.658
-25.769
-40.074
-54.469
-68.82
-82.965
-96.66
-109.696
-121.968
-133.424
-144.097
-154.089
-163.445
-172.194
-180.382
-188.017
-195.099
-201.627
-207.553
-212.827
-217.44
-221.407
-224.786
-227.635
-229.97
-231.781
-233.029
-233.647
-233.583
-232.799
-231.246
-228.901
-225.76
-221.834
-217.161
-211.8
-205.807
-199.224
-192.079
-184.393
-176.178
-167.461
-158.295
-148.742
-138.877
-128.792
-118.577
-108.328
-98.156
-88.148
-78.363
-68.833
-59.549
-50.499
-41.704
-33.196
-25.032
-17.273
-9.931
-3.015
3.462
9.55
15.306
20.804
26.188
31.56
36.943
42.34
47.683
52.854
57.802
62.478
66.82
70.806
74.371
77.436
79.961
81.817
82.813
82.761
81.394
78.483
73.939
67.673
59.656
49.989
38.724
25.937
11.794
-3.601
-20.135
-37.65
-56.019
-75.022
-94.298
-113.504
-132.252
-150.135
-166.866
-182.122
-195.59
-207.139
-216.647
-224.036
-229.341
-232.548
-233.599
-232.514
-229.311
-224.065
-217.028
-208.439
-198.558
-187.732
-176.276
-164.582
-153.054
-141.938
-131.412
-121.619
-112.626
-104.528
-97.484
-91.579
-86.892
-83.504
-81.367
-80.434
-80.64
-81.804
-83.697
-86.009
-88.43
-90.744
-92.816
-94.532
-95.795
-96.518
-96.579
-95.911
-94.45
-92.092
-88.778
-84.452
-79.082
-72.733
-65.537
-57.677
-49.32
-40.607
-31.644
-22.545
-13.455
-4.474
4.323
12.902
21.243
29.284
36.961
44.219
51.04
57.447
63.502
69.262
74.746
79.999
85.092
90.146
95.355
100.831
106.61
112.69
119.043
125.646
132.473
139.428
146.336
153.026
159.329
165.107
170.288
174.739
178.254
180.546
181.245
180.054
176.781
171.264
163.365
152.972
140.028
124.617
106.97
87.314
65.865
42.836
18.394
-7.22
-33.646
-60.447
-87.105
-113.113
-138.045
-161.495
-183.047
-202.315
-218.984
-232.886
-244.008
-252.359
-257.943
-260.785
-260.909
-258.405
-253.477
-246.384
-237.44
-227.012
-215.423
-202.977
-190.012
-176.849
-163.753
-150.912
-138.417
-126.318
-114.677
-103.538
-92.927
-82.84
-73.213
-63.966
-54.995
-46.153
-37.32
-28.407
-19.317
-9.977
-0.347
9.601
19.85
30.339
41.011
51.786
62.557
73.225
83.676
93.795
103.461
112.551
120.971
128.683
135.702
142.069
147.816
152.941
157.441
161.332
164.631
167.391
169.678
171.53
173.013
174.196
175.141
175.879
176.359
176.413
175.78
174.127
171.088
166.49
160.37
152.958
144.73
136.093
127.286
118.675
110.742
103.591
96.761
89.186
79.137
65.166
46.723
23.45
-5.135
-38.929
-76.856
-116.581
-154.142
-185.343
-207.185
-216.86
-211.353
-188.472
-146.896
-87.918
-16.459
62.18
143.072
222.615
300.089
372.582
434.152
477.6
491.99
468.295
404.935
303.319
170.102
19.365
-136.557
-281.65
-396.175
-471.788
-505.917
-505.146
-487.636
-463.821
-437.883
-409.987
-373.576
-327.488
-276.122
-223.445
-174.18
-131.141
-94.023
-62.579
-37.143
-17.161
-1.315
11.421
22.34
33.065
44.147
56.035
69.778
85.424
102.294
119.852
136.908
152.019
164.601
174.173
180.139
182.464
181.188
176.294
168.217
157.488
144.353
129.042
111.678
92.316
71.227
48.762
25.268
1.056
-23.645
-48.623
-73.634
-98.407
-122.625
-145.959
-168.177
-189.044
-208.317
-225.749
-240.995
-253.824
-264.172
-272.064
-277.657
-281.11
-282.507
-281.947
-279.6
-275.657
-270.38
-264.062
-256.875
-248.989
-240.598
-231.903
-223.195
-214.705
-206.549
-198.783
-191.394
-184.354
-177.668
-171.321
-165.211
-159.22
-153.187
-146.921
-140.329
-133.337
-125.86
-117.83
-109.145
-99.72
-89.541
-78.628
-67.013
-54.744
-41.848
-28.348
-14.322
0.146
14.943
29.916
44.967
60.022
74.993
89.804
104.365
118.57
132.371
145.766
158.743
171.298
183.394
194.955
205.934
216.295
226.022
235.149
243.665
251.514
258.687
265.198
271.084
276.434
281.257
285.472
289.03
291.89
294.042
295.527
296.334
296.404
295.67
294.031
291.444
287.951
283.525
278.093
271.565
263.795
254.733
244.451
232.967
220.266
206.354
191.218
174.959
157.787
139.923
121.619
103.073
84.4
65.77
47.395
29.492
12.307
-3.979
-19.273
-33.416
-46.191
-57.432
-67.001
-74.883
-81.2
-86.099
-89.76
-92.334
-93.92
-94.636
-94.614
-93.973
-92.832
-91.293
-89.418
-87.335
-85.235
-83.271
-81.569
-80.174
-79.039
-78.089
-77.222
-76.351
-75.408
-74.339
-73.108
-71.7
-70.118
-68.373
-66.49
-64.453
-62.21
-59.719
-56.943
-53.875
-50.546
-46.995
-43.281
-39.46
-35.584
-31.691
-27.803
-23.92
-20.032
-16.116
-12.14
-8.079
-3.915
0.373
4.798
9.373
14.116
19.042
24.17
29.524
35.119
40.959
47.052
53.4
60.016
66.926
74.123
81.579
89.252
97.08
105.006
112.987
120.957
128.828
136.543
144.053
151.347
158.471
165.423
172.168
178.636
184.703
190.298
195.414
200.049
204.221
207.969
211.322
214.395
217.399
220.449
223.593
226.78
229.831
232.649
235.225
237.572
239.761
241.793
243.568
245
246.02
246.488
246.223
244.875
241.907
236.929
229.718
220.214
208.537
194.695
178.565
160.045
139.083
115.767
90.348
63.025
33.87
3.136
-28.612
-60.385
-90.91
-119.235
-144.932
-167.788
-187.396
-203.198
-214.936
-223.005
-228.308
-231.549
-232.578
-230.547
-224.939
-215.64
-202.286
-183.864
-158.638
-124.824
-81.947
-31.167
26.071
88.398
153.927
219.886
282.262
336.164
377.59
404.557
416.043
411.126
389.39
351.3
298.618
235.009
164.651
90.542
15.03
-59.245
-129.59
-193.555
-249.164
-296.223
-335.786
-368.645
-395.499
-417.472
-435.982
-452.497
-468.538
-484.738
-500.808
-516.388
-531.014
-543.959
-554.325
-561.365
-564.431
-563.165
-557.647
-548.105
-534.911
-518.691
-500.246
-480.233
-459.167
-437.5
-415.548
-393.567
-371.766
-350.193
-328.784
-307.509
-286.383
-265.457
-244.837
-224.568
-204.638
-185.036
-165.721
-146.64
-127.746
-108.93
-90.035
-70.976
-51.719
-32.284
-12.755
6.788
26.281
45.629
64.727
83.474
101.758
119.482
136.563
152.898
168.381
182.891
196.288
208.47
219.363
228.915
237.11
243.931
249.362
253.409
256.079
257.385
257.366
256.063
253.524
249.831
245.068
239.324
232.718
225.347
217.284
208.584
199.262
189.326
178.818
167.797
156.353
144.58
132.528
120.238
107.747
95.048
82.147
69.036
55.646
41.958
28.029
13.963
-0.042
-13.748
-26.986
-39.626
-51.571
-62.752
-73.054
-82.359
-90.581
-97.592
-103.268
-107.461
-109.946
-110.559
-109.266
-106.104
-101.237
-94.907
-87.283
-78.506
-68.724
-58.038
-46.584
-34.499
-21.868
-8.804
4.549
18.013
31.336
44.294
56.771
68.703
80.109
91.077
101.637
111.806
121.619
131.071
140.155
148.86
157.13
164.908
172.177
178.946
185.266
191.193
196.74
201.895
206.623
210.858
214.562
217.704
220.246
222.171
223.481
224.187
224.338
223.998
223.223
222.057
220.535
218.687
216.551
214.173
211.601
208.885
206.061
203.176
200.282
197.441
194.721
192.166
189.785
187.573
185.506
183.566
181.741
180.002
178.297
176.601
174.902
173.221
171.624
170.134
168.746
167.424
166.091
164.707
163.281
161.815
160.328
158.842
157.356
155.925
154.655
153.573
152.642
151.748
150.671
149.259
147.426
145.105
142.28
138.9
134.863
130.1
124.557
118.16
110.85
102.495
92.885
81.936
69.665
56.193
41.777
26.608
10.806
-5.502
-22.213
-39.205
-56.325
-73.463
-90.554
-107.489
-124.14
-140.322
-155.766
-170.308
-183.874
-196.458
-208.153
-219.01
-229.026
-238.219
-246.612
-254.219
-261.062
-267.123
-272.34
-276.692
-280.193
-282.887
-284.873
-286.205
-286.898
-286.948
-286.323
-285.011
-283.026
-280.371
-277.048
-273.076
-268.487
-263.34
-257.724
-251.712
-245.363
-238.733
-231.862
-224.802
-217.616
-210.362
-203.101
-195.889
-188.782
-181.834
-175.103
-168.637
-162.474
-156.644
-151.163
-146.049
-141.316
-136.975
-133.029
-129.48
-126.324
-123.555
-121.167
-119.146
-117.475
-116.131
-115.088
-114.315
-113.776
-113.436
-113.253
-113.187
-113.192
-113.225
-113.241
-113.195
-113.044
-112.745
-112.255
-111.534
-110.543
-109.245
-107.607
-105.599
-103.193
-100.367
-97.105
-93.396
-89.231
-84.611
-79.534
-74.01
-68.058
-61.696
-54.944
-47.822
-40.349
-32.556
-24.487
-16.171
-7.628
1.113
10.018
19.034
28.067
37.054
45.966
54.722
63.202
71.297
78.892
85.929
92.444
98.41
103.688
108.309
112.511
116.309
119.583
122.365
124.317
126.097
129.666
134.588
139.114
140.26
132.435
116.049
96.63
79.757
73.393
77.943
85.985
91.766
88.992
76.667
60.393
43.574
28.589
16.072
3.641
-9.726
-23.898
-38.807
-53.854
-68.772
-83.745
-98.755
-113.69
-128.46
-142.929
-156.96
-170.432
-183.185
-195.043
-205.801
-215.206
-223.117
-229.482
-234.356
-237.927
-240.323
-241.604
-241.834
-241.048
-239.302
-236.69
-233.263
-229.031
-224.054
-218.41
-212.244
-205.786
-199.171
-192.448
-185.601
-178.523
-171.155
-163.497
-155.535
-147.256
-138.663
-129.757
-120.583
-111.239
-101.784
-92.253
-82.648
-72.928
-63.098
-53.205
-43.319
-33.543
-23.963
-14.639
-5.642
2.949
11.078
18.699
25.792
32.374
38.443
43.989
48.999
53.452
57.341
60.675
63.463
65.723
67.475
68.741
69.552
69.947
69.961
69.626
68.972
68.024
66.811
65.368
63.729
61.929
60.004
57.991
55.929
53.857
51.814
49.834
47.951
46.195
44.594
43.175
41.96
40.968
40.217
39.72
39.489
39.533
39.855
40.46
41.345
42.51
43.949
45.654
47.612
49.81
52.231
54.859
57.675
60.657
63.784
67.033
70.382
73.81
77.293
80.808
84.331
87.839
91.311
94.726
98.066
101.311
104.444
107.451
110.321
113.044
115.614
118.021
120.261
122.331
124.23
125.957
127.51
128.885
130.081
131.099
131.943
132.616
133.123
133.468
133.662
133.721
133.658
133.485
133.208
132.833
132.364
131.81
131.173
130.451
129.645
128.751
127.775
126.73
125.62
124.439
123.173
121.791
120.277
118.631
116.847
114.924
112.877
110.726
108.518
106.33
104.217
102.216
100.356
98.641
97.094
95.76
94.664
93.833
93.277
92.969
92.896
93.029
93.26
93.447
93.423
92.967
91.932
90.202
87.605
84.02
79.313
73.324
66.011
57.313
47.107
35.466
22.609
8.888
-5.007
-18.39
-30.816
-41.61
-50.016
-55.792
-58.935
-59.89
-59.751
-59.192
-58.341
-57.694
-57.889
-58.767
-59.639
-58.915
-53.987
-43.028
-25.05
1.39
38.14
86.334
146.201
216.713
294.249
374.094
452.44
524.474
587.096
641.919
688.942
726.134
747.934
739.429
687.139
585.887
437.858
258.472
67.601
-117.713
-280.992
-412.103
-503.842
-553.174
-564.156
-542.736
-501.997
-454.892
-409.343
-373.396
-344.753
-315.709
-282.505
-240.634
-192.971
-149.266
-114.851
-92.896
-83.453
-82.482
-87.974
-99.114
-114.111
-130.785
-146.489
-159.069
-167.705
-172.448
-173.434
-170.875
-165.343
-158.041
-150.527
-143.761
-138.067
-133.392
-129.485
-126.196
-123.402
-120.726
-117.639
-113.869
-109.365
-104.232
-98.708
-92.935
-86.992
-81.015
-75.164
-69.577
-64.34
-59.466
-54.924
-50.702
-46.8
-43.219
-39.961
-36.998
-34.308
-31.88
-29.708
-27.794
-26.136
-24.725
-23.549
-22.595
-21.854
-21.318
-20.98
-20.828
-20.85
-21.034
-21.367
-21.844
-22.453
-23.179
-24.008
-24.92
-25.899
-26.927
-27.988
-29.061
-30.131
-31.183
-32.204
-33.182
-34.105
-34.96
-35.736
-36.42
-37.002
-37.469
-37.809
-38.012
-38.067
-37.963
-37.693
-37.249
-36.625
-35.813
-34.81
-33.611
-32.214
-30.618
-28.82
-26.821
-24.623
-22.227
-19.638
-16.859
-13.897
-10.757
-7.445
-3.971
-0.343
3.431
7.342
11.378
15.53
19.784
24.128
28.547
33.027
37.552
42.105
46.667
51.222
55.749
60.23
64.644
68.973
73.196
77.293
81.242
85.024
88.62
92.009
95.171
98.09
100.747
103.125
105.209
106.984
108.437
109.555
110.328
110.746
110.801
110.487
109.799
108.736
107.296
105.481
103.296
100.747
97.841
94.59
91.006
87.104
82.901
78.416
73.669
68.684
63.486
58.101
52.558
46.886
41.117
35.282
29.415
23.549
17.716
11.951
6.287
0.758
-4.604
-9.766
-14.696
-19.362
-23.735
-27.786
-31.489
-34.819
-37.754
-40.275
-42.365
-44.01
-45.199
-45.924
-46.179
-45.961
-45.272
-44.115
-42.496
-40.426
-37.919
-34.993
-31.668
-27.969
-23.922
-19.558
-14.909
-10.007
-4.888
0.411
5.85
11.391
16.992
22.61
28.201
33.719
39.116
44.345
49.361
54.121
58.581
62.703
66.452
69.796
72.709
75.169
77.152
78.64
79.613
80.055
79.952
79.295
78.079
76.307
73.987
71.135
67.778
63.944
59.662
54.96
49.851
44.356
38.51
32.353
25.933
19.319
12.585
5.82
-0.866
-7.368
-13.588
-19.436
-24.849
-29.775
-34.168
-37.976
-41.128
-43.564
-45.245
-46.147
-46.288
-45.717
-44.488
-42.697
-40.481
-37.962
-35.3
-32.644
-30.083
-27.687
-25.48
-23.473
-21.791
-20.572
-19.797
-19.36
-18.979
-18.207
-16.748
-14.252
-10.084
-3.774
4.824
15.686
28.275
41.591
54.837
66.971
76.511
83.9
91.527
101.248
115.356
132.457
146.452
156.258
164.509
178.681
213.271
274.738
361.911
469.531
582.306
686.163
769.773
820.388
832.64
806.357
744.044
653.486
543.575
422.258
299.08
183.109
80.3
-4.75
-73.003
-129.054
-176.941
-223.895
-272.809
-323.496
-377.026
-428.364
-474.968
-517.228
-552.565
-582.914
-609.459
-630.545
-646.863
-657.676
-661.81
-659.581
-650.976
-636.198
-616.195
-592.034
-564.491
-534.354
-502.322
-468.891
-434.703
-400.365
-366.246
-332.623
-299.71
-267.642
-236.64
-207.004
-179.045
-153.165
-129.691
-108.771
-90.49
-74.799
-61.567
-50.668
-41.897
-35.058
-30.019
-26.644
-24.819
-24.472
-25.474
-27.623
-30.658
-34.173
-37.743
-41.074
-43.936
-46.198
-47.811
-48.729
-48.955
-48.541
-47.527
-45.95
-43.843
-41.201
-38.036
-34.422
-30.472
-26.388
-22.412
-18.711
-15.397
-12.544
-10.172
-8.29
-6.887
-5.896
-5.234
-4.831
-4.626
-4.585
-4.681
-4.857
-5.041
-5.139
-5.035
-4.648
-3.917
-2.792
-1.241
0.756
3.215
6.119
9.435
13.143
17.227
21.678
26.495
31.665
37.17
42.993
49.115
55.514
62.176
69.08
76.206
83.535
91.049
98.735
106.579
114.565
122.672
130.879
139.161
147.493
155.851
164.209
172.538
180.811
189.003
197.088
205.043
212.843
220.464
227.884
235.081
242.034
248.722
255.124
261.222
266.996
272.428
277.5
282.194
286.495
290.388
293.861
296.902
299.502
301.652
303.346
304.58
305.351
305.659
305.505
304.892
303.826
302.315
300.367
297.994
295.21
292.027
288.461
284.529
280.248
275.637
270.714
265.501
260.017
254.284
248.325
242.162
235.818
229.316
222.679
215.931
209.095
202.192
195.246
188.276
181.303
174.347
167.425
160.554
153.749
147.024
140.39
133.859
127.439
121.137
114.96
108.91
102.992
97.206
91.553
86.031
80.639
75.374
70.232
65.208
60.297
55.494
50.792
46.184
41.664
37.224
32.857
28.557
24.316
20.128
15.987
11.886
7.822
3.79
-0.212
-4.187
-8.134
-12.053
-15.943
-19.8
-23.619
-27.396
-31.122
-34.792
-38.395
-41.922
-45.362
-48.706
-51.941
-55.055
-58.036
-60.874
-63.554
-66.067
-68.4
-70.544
-72.486
-74.219
-75.733
-77.02
-78.073
-78.887
-79.457
-79.78
-79.856
-79.682
-79.263
-78.601
-77.701
-76.572
-75.223
-73.663
-71.907
-69.969
-67.864
-65.61
-63.225
-60.731
-58.146
-55.493
-52.795
-50.073
-47.349
-44.647
-41.987
-39.393
-36.884
-34.48
-32.2
-30.062
-28.083
-26.278
-24.66
-23.241
-22.032
-21.04
-20.273
-19.735
-19.429
-19.354
-19.509
-19.891
-20.494
-21.31
-22.329
-23.541
-24.933
-26.49
-28.197
-30.037
-31.992
-34.045
-36.176
-38.367
-40.599
-42.853
-45.111
-47.356
-49.571
-51.742
-53.854
-55.893
-57.849
-59.711
-61.471
-63.12
-64.655
-66.07
-67.364
-68.535
-69.584
-70.513
-71.326
-72.027
-72.622
-73.119
-73.525
-73.85
-74.103
-74.294
-74.435
-74.537
-74.611
-74.668
-74.72
-74.778
-74.85
-74.948
-75.078
-75.25
-75.469
-75.74
-76.068
-76.454
-76.901
-77.408
-77.975
-78.6
-79.279
-80.008
-80.782
-81.596
-82.443
-83.316
-84.209
-85.113
-86.022
-86.927
-87.823
-88.701
-89.555
-90.378
-91.165
-91.911
-92.611
-93.261
-93.858
-94.399
-94.885
-95.315
-95.689
-96.01
-96.281
-96.506
-96.69
-96.839
-96.96
-97.061
-97.15
-97.235
-97.327
-97.434
-97.565
-97.731
-97.941
-98.202
-98.524
-98.915
-99.38
-99.926
-100.558
-101.28
-102.096
-103.007
-104.013
-105.116
-106.313
-107.603
-108.981
-110.443
-111.984
-113.596
-115.273
-117.004
-118.781
-120.594
-122.431
-124.28
-126.131
-127.97
-129.784
-131.561
-133.287
-134.95
-136.537
-138.036
-139.436
-140.725
-141.892
-142.929
-143.827
-144.578
-145.176
-145.615
-145.891
-146.001
-145.942
-145.713
-145.314
-144.746
-144.013
-143.117
-142.063
-140.857
-139.505
-138.016
-136.398
-134.662
-132.816
-130.874
-128.846
-126.746
-124.587
-122.384
-120.151
-117.903
-115.655
-113.422
-111.219
-109.062
-106.965
-104.944
-103.012
-101.183
-99.472
-97.891
-96.453
-95.17
-94.052
-93.11
-92.353
-91.789
-91.426
-91.268
-91.319
-91.584
-92.063
-92.757
-93.665
-94.783
-96.108
-97.633
-99.35
-101.249
-103.32
-105.548
-107.917
-110.412
-113.016
-115.71
-118.475
-121.289
-124.132
-126.983
-129.818
-132.616
-135.352
-138.003
-140.545
-142.955
-145.211
-147.291
-149.172
-150.835
-152.261
-153.432
-154.335
-154.956
-155.283
-155.305
-155.013
-154.406
-153.481
-152.24
-150.685
-148.824
-146.668
-144.236
-141.547
-138.62
-135.478
-132.144
-128.645
-125.011
-121.267
-117.436
-113.545
-109.62
-105.692
-101.795
-97.96
-94.218
-90.601
-87.142
-83.87
-80.816
-77.995
-75.419
-73.1
-71.051
-69.291
-67.849
-66.736
-65.953
-65.5
-65.369
-65.537
-65.97
-66.606
-67.356
-68.152
-68.931
-69.644
-70.257
-70.711
-70.942
-70.903
-70.539
-69.813
-68.703
-67.166
-65.176
-62.776
-60.058
-57.143
-54.199
-51.329
-48.594
-46.104
-43.967
-42.306
-41.245
-40.842
-41.083
-42.016
-43.781
-46.362
-49.577
-52.978
-55.783
-57.332
-57.193
-54.821
-49.588
-41.284
-30.006
-16.415
-2.027
12.008
25.069
36.271
44.976
51.48
56.547
62.023
71.026
85.894
108.787
142.488
189.023
249.528
322.943
404.795
490.188
575.031
657.281
738.261
815.848
883.224
930.55
942.664
908.009
824.783
696.18
532.481
350.276
162.295
-17.344
-171.653
-293.219
-378.405
-430.41
-463.065
-484.505
-497.685
-501.702
-490.692
-464.245
-426.673
-383.109
-339.534
-299.196
-263.79
-235.833
-216.334
-204.854
-200.36
-201.148
-205.92
-213.956
-223.71
-232.701
-239.358
-243.591
-246.45
-249.139
-252.035
-254.762
-257.093
-259.607
-262.704
-265.699
-266.904
-264.872
-259.137
-250.277
-239.549
-227.64
-214.841
-201.965
-190.308
-180.865
-174.074
-169.541
-166.082
-162.933
-159.829
-156.425
-152.387
-147.494
-141.596
-134.913
-128.051
-121.376
-115.014
-109.031
-103.354
-97.938
-92.822
-87.969
-83.279
-78.713
-74.252
-69.903
-65.728
-61.748
-57.955
-54.339
-50.868
-47.519
-44.285
-41.163
-38.155
-35.264
-32.484
-29.806
-27.222
-24.722
-22.294
-19.926
-17.599
-15.298
-13.015
-10.749
-8.503
-6.281
-4.08
-1.896
0.274
2.436
4.59
6.744
8.903
11.074
13.262
15.473
17.71
19.979
22.287
24.641
27.048
29.513
32.044
34.648
37.331
40.1
42.961
45.92
48.985
52.16
55.453
58.868
62.412
66.088
69.901
73.856
77.957
82.207
86.609
91.165
95.876
100.744
105.767
110.945
116.275
121.752
127.374
133.133
139.024
145.04
151.172
157.411
163.748
170.172
176.672
183.236
189.851
196.505
203.182
209.868
216.549
223.207
229.826
236.39
242.882
249.284
255.579
261.749
267.775
273.639
279.324
284.81
290.079
295.112
299.891
304.398
308.615
312.524
316.108
319.351
322.236
324.75
326.877
328.604
329.918
330.808
331.263
331.275
330.836
329.938
328.578
326.753
324.46
321.7
318.475
314.79
310.649
306.061
301.035
295.582
289.714
283.449
276.801
269.791
262.439
254.768
246.802
238.569
230.095
221.409
212.542
203.525
194.391
185.171
175.899
166.609
157.335
148.111
138.969
129.944
121.067
