Name,Criss Capps
Date of Birth,"Feb 5, 1952"
Recorded Date,2022-08-01 15:45:00 -0400
Classification,Poor Recording
Symptoms,
Software Version,1.90
Device,"Watch5,4"
Sample Rate,512.844 hertz


Lead,Lead I
Unit,µV

-280.266
-370.044
-424.577
-442.545
-432.464
-408.367
-383.552
-364.199
-352.284
-346.036
-341.257
-335.97
-328.338
-317.157
-303.43
-287.807
-271.426
-255.885
-241.203
-226.704
-211.476
-194.343
-175.005
-154.359
-133.811
-114.197
-95.933
-78.953
-62.442
-47.494
-36.597
-31.429
-33.658
-42.155
-52.873
-63.004
-70.639
-75.483
-78.918
-80.265
-76.943
-65.703
-43.768
-11.053
30.698
78.441
128.904
178.945
222.567
251.78
257.511
232.028
175.829
99.02
19.656
-39.785
-61.953
-40.506
20.079
105.416
198.241
285.403
357.8
411.937
448.923
470.631
481.909
490.052
500.3
514.837
528.455
526.757
494.257
421.202
310.316
180.822
60.844
-22.453
-51.127
-22.257
54.156
161.083
279.142
390.46
481.433
542.596
569.584
564.453
532.895
483.446
426.409
370.372
323.356
292.153
279.303
283.569
298.934
315.307
323.152
317.079
298.05
272.983
252.319
245.294
255.827
282.67
319.275
355.791
383.84
398.204
397.516
385.672
369.727
355.581
347.503
346.575
348.596
348.208
340.473
320.873
289.477
250.974
212.211
181.654
165.6
163.542
168.959
171.573
160.84
132.629
91.109
46.899
13.126
-1.131
6.311
29.748
58.936
83.886
96.504
94.447
80.067
58.394
37.372
23.146
18.499
22.935
31.811
39.681
42.997
40.431
33.007
22.761
10.851
-2.452
-17.272
-33.807
-51.688
-70.221
-88.787
-106.889
-124.231
-140.678
-156.138
-170.654
-184.459
-197.739
-210.595
-223.065
-235.1
-246.629
-257.611
-267.957
-277.451
-285.907
-293.203
-299.262
-304.076
-307.665
-310.025
-311.122
-310.997
-309.711
-307.277
-303.714
-299.001
-293.033
-285.754
-277.228
-267.478
-256.547
-244.588
-231.713
-218.152
-204.363
-190.747
-177.523
-164.865
-152.806
-141.121
-129.635
-118.046
-105.653
-92.044
-77.311
-61.179
-43.431
-23.772
-1.035
24.054
48.866
70.635
85.758
93.17
94.775
92.191
87.21
80.315
70.255
56.836
40.657
22.568
4.052
-13.798
-30.392
-45.155
-57.764
-68.251
-77.027
-84.595
-91.464
-98.316
-105.386
-112.441
-119.915
-128.396
-138.523
-152.102
-169.049
-186.905
-203.672
-215.987
-222.617
-226.928
-231.422
-239.099
-251.872
-266.865
-281.984
-295.788
-306.788
-316.487
-326.063
-335.661
-345.828
-356.128
-366.054
-375.681
-384.867
-393.447
-401.36
-408.433
-414.436
-419.254
-422.882
-425.39
-427.016
-428.069
-428.669
-428.842
-428.624
-427.955
-426.717
-424.645
-421.18
-415.761
-408.097
-398.044
-385.592
-370.783
-353.585
-334.204
-313.244
-291.363
-269.113
-246.971
-225.237
-204.335
-184.953
-167.614
-152.563
-139.925
-129.77
-122.231
-117.597
-115.965
-117.051
-120.531
-126.126
-133.201
-140.669
-147.394
-151.995
-154.459
-156.486
-158.959
-162.033
-163.097
-156.693
-139.024
-108.202
-66.428
-20.411
23.093
57.628
78.834
86.228
80.606
64.022
40.65
14.722
-8.776
-24.104
-29.057
-24.26
-12.518
0.786
12.808
23.454
33.468
45.015
58.497
72.136
84.812
95.773
105.019
114.36
124.354
133.528
140.283
141.436
135.247
123.896
110.826
101.458
100.185
107.058
119.695
133.613
144.822
152.252
156.608
159.743
163.036
166.494
169.677
172.053
173.493
174.37
174.961
175.397
175.749
176.042
176.309
176.566
176.737
176.677
176.321
175.681
174.78
173.655
172.313
170.735
168.924
166.903
164.675
162.237
159.575
156.668
153.511
150.115
146.499
142.682
138.68
134.514
130.209
125.804
121.344
116.881
112.472
108.187
104.11
100.329
96.929
93.987
91.563
89.703
88.439
87.799
87.808
88.468
89.771
91.678
94.144
97.125
100.569
104.404
108.522
112.791
117.099
121.373
125.522
129.461
133.079
136.218
138.828
140.935
142.523
143.627
144.361
144.867
145.512
146.876
149.357
153.299
159.143
166.825
175.931
186.095
196.36
206.719
218.73
233.427
252.042
273.818
294.736
311.159
319.161
317.544
310.847
306.956
318.001
355.832
425.574
523.982
638.555
752.713
853.59
935.941
1001.539
1054.5
1096.501
1125.43
1139.041
1140.014
1137.396
1143.823
1168.963
1212.915
1264.662
1305.929
1318.684
1292.775
1229.954
1142.867
1049.43
966.456
904.884
868.386
856.642
869.02
906.427
970.632
1060.109
1167.184
1278.922
1381.189
1464.369
1526.377
1571.716
1606.19
1632.292
1648.395
1649.273
1632.023
1599.888
1560.17
1523.563
1498.436
1486.615
1485.999
1491.459
1498.292
1504.764
1510.524
1515.475
1518.624
1518.304
1513.108
1503.123
1489.889
1475.74
1463.448
1454.601
1450.336
1450.722
1453.812
1457.506
1458.698
1454.416
1443.494
1426.233
1405.291
1384.829
1369.239
1360.069
1353.7
1341.933
1313.039
1257.916
1174.902
1069.718
954.267
840.452
734.695
637.84
547.783
463.819
390.081
334.196
300.57
285.467
275.109
249.204
191.407
96.605
-25.896
-157.053
-277.961
-376.255
-450.888
-506.921
-548.807
-578.889
-594.196
-593.115
-580.676
-565.69
-560.087
-571.4
-597.45
-630.09
-658.92
-677.094
-685.335
-689.678
-697.069
-711.336
-731.597
-753.297
-771.037
-783.297
-792.746
-804.146
-823.433
-851.837
-885.127
-917.905
-944.27
-962.447
-976.081
-989.79
-1007.705
-1031.403
-1059.1
-1087.993
-1115.675
-1141.305
-1165.521
-1189.46
-1214.369
-1239.477
-1262.326
-1280.567
-1291.479
-1294.809
-1292.885
-1287.733
-1281.709
-1275.638
-1268.291
-1259.026
-1247.392
-1233.283
-1217.41
-1199.968
-1180.717
-1159.594
-1136.478
-1111.383
-1084.556
-1056.215
-1026.59
-996.034
-964.94
-933.594
-902.224
-871.008
-840.086
-809.675
-780.02
-751.315
-723.732
-697.42
-672.513
-649.16
-627.498
-607.586
-589.451
-573.089
-558.45
-545.511
-534.279
-524.751
-516.957
-510.938
-506.628
-503.891
-502.648
-502.847
-504.307
-506.741
-509.736
-512.664
-515.396
-518.358
-521.301
-523.751
-524.873
-523.09
-519.085
-515.345
-514.227
-518.666
-528.608
-540.803
-552.527
-561.061
-566.52
-572.268
-580.268
-590.814
-600.089
-600.656
-587.016
-556.59
-512.977
-465.005
-421.181
-389.065
-371.133
-364.99
-367.285
-373.327
-380.78
-390.05
-401.926
-418.063
-438.772
-462.726
-488.479
-514.6
-540.311
-565.423
-589.718
-612.825
-634.38
-654.279
-672.594
-689.318
-704.441
-717.953
-729.937
-740.746
-750.663
-759.712
-767.842
-774.973
-781.011
-786.002
-789.944
-792.631
-794.036
-793.951
-791.805
-787.616
-781.557
-774.042
-766.49
-758.947
-749.971
-738.104
-720.474
-695.92
-666.401
-634.06
-603.132
-577.239
-556.565
-541.459
-530.653
-523.207
-521.293
-524.84
-531.558
-535.152
-523.915
-488.845
-426.405
-340.993
-246.149
-156.444
-83.411
-32.506
-0.018
23.222
49.199
90.177
153.77
240.818
345.094
454.506
555.398
637.761
697.09
733.875
752.305
756.074
747.927
731.675
711.037
691.614
679.258
675.795
680.105
687.022
689.786
684.937
672.415
656.456
641.967
629.822
616.526
593.283
551.164
486.34
399.544
297.848
190.745
85.565
-10.712
-93.026
-157.612
-200.651
-221.393
-223.902
-216.973
-212.712
-222.582
-251.467
-296.154
-346.774
-390.412
-418.954
-430.888
-430.717
-426.994
-425.415
-427.917
-433.379
-438.112
-440.024
-439.049
-436.077
-432.685
-429.595
-426.68
-423.685
-420.4
-416.948
-413.49
-409.917
-406.126
-402.03
-397.436
-392.223
-386.268
-379.16
-370.433
-359.773
-346.884
-331.591
-314.494
-296.386
-277.447
-258.37
-239.355
-220.201
-202.348
-187.29
-176.713
-172.697
-175.809
-184.767
-196.464
-207.551
-214.97
-218.014
-219.813
-223.027
-230.032
-241.894
-255.496
-268.318
-278.689
-284.95
-288.116
-289.069
-287.855
-284.961
-279.83
-271.737
-261.156
-248.929
-236.639
-227.081
-221.387
-218.943
-217.969
-213.913
-204.014
-189.349
-173.994
-166.699
-175.662
-204.268
-250.606
-306.096
-359.574
-401.739
-427.705
-438.868
-440.274
-438.001
-435.89
-433.628
-429.987
-424.109
-417.287
-413.441
-414.854
-421.093
-429.44
-435.913
-437.923
-434.839
-426.938
-413.859
-394.41
-366.966
-329.631
-282.025
-225.417
-161.26
-91.469
-16.994
63.26
148.892
237.292
323.661
399.523
458.081
496.736
515.78
520.825
519.204
516.372
517.79
526.139
540.489
559.517
579.752
596.782
609.3
617.293
622.254
627.799
634.843
641.283
644.377
640.038
626.663
607.942
588.937
575.041
570.41
573.997
582.539
593.435
604.103
614.446
626.016
639.04
653.585
669.317
685.103
700.566
715.754
730.635
745.453
760.323
774.851
788.408
800.234
809.384
815.063
816.673
813.605
805.542
792.801
776.119
756.515
735.299
713.702
692.878
674.227
659.007
647.855
640.967
638.248
639.262
643.527
650.501
659.117
668.136
676.772
684.578
691.29
696.876
701.295
704.495
706.921
709.313
712.089
715.437
719.423
723.972
729.12
735.024
741.535
748.287
755.097
761.873
768.622
775.438
782.215
788.735
794.935
800.814
806.359
811.641
816.637
821.38
826.237
831.549
837.55
844.237
851.152
857.772
863.91
870.213
877.527
885.982
894.556
899.619
896.969
884.45
861.903
833.495
805.31
781.306
764.195
753.173
745.146
738.526
731.979
725.641
721.19
719.292
720.175
723.534
728.146
733.044
737.706
741.685
744.687
746.486
746.712
745.323
742.505
738.131
732.323
724.691
714.874
704.059
693.062
683.223
676.031
670.273
664.96
659.19
651.487
642.654
633.536
624.179
615.09
606.08
596.818
587.615
578.712
570.054
561.61
553.324
545.057
536.743
528.342
519.673
510.57
501.139
491.524
481.778
471.93
461.917
451.653
441.132
430.359
419.15
407.216
394.451
380.93
366.901
352.739
338.749
325.147
312.304
300.747
290.795
282.556
275.911
270.476
265.955
262.192
258.929
255.813
252.597
249.115
245.363
241.576
237.891
234.325
230.914
227.661
224.544
221.559
218.635
215.618
212.42
209.009
205.366
201.541
197.594
193.575
189.566
185.637
181.83
178.18
174.707
171.422
168.333
165.414
162.616
159.878
157.136
154.336
151.421
148.307
144.886
141.04
136.66
131.666
125.983
119.522
112.23
104.077
95.085
85.376
75.083
64.262
52.973
41.26
29.072
16.385
3.148
-10.823
-25.63
-41.161
-57.22
-73.482
-89.443
-104.683
-118.801
-131.247
-141.651
-149.928
-156.123
-160.533
-163.672
-165.911
-167.603
-169.236
-171.142
-173.498
-176.431
-179.824
-183.428
-187.142
-190.884
-194.53
-198.053
-201.436
-204.663
-207.838
-211.101
-214.51
-218.097
-221.863
-225.758
-229.744
-233.781
-237.801
-241.735
-245.525
-249.132
-252.54
-255.744
-258.738
-261.516
-264.074
-266.407
-268.531
-270.468
-272.24
-273.872
-275.392
-276.832
-278.24
-279.677
-281.192
-282.827
-284.608
-286.564
-288.755
-291.201
-293.884
-296.754
-299.691
-302.561
-305.284
-307.78
-309.954
-311.825
-313.467
-314.961
-316.528
-318.451
-320.877
-323.816
-327.207
-330.426
-332.751
-333.998
-333.567
-331.452
-327.864
-321.586
-312.077
-298.744
-280.98
-260.804
-240.145
-220.845
-204.989
-192.113
-181.973
-175.024
-171.351
-172.292
-177.522
-184.555
-190.866
-193.458
-191.598
-187.143
-181.773
-177.357
-174.415
-171.78
-168.959
-165.62
-161.737
-157.995
-154.616
-151.519
-148.679
-145.891
-143.018
-140.102
-137.197
-134.371
-131.727
-129.33
-127.211
-125.39
-123.886
-122.7
-121.83
-121.276
-121.027
-121.075
-121.422
-122.074
-123.027
-124.264
-125.758
-127.465
-129.352
-131.394
-133.558
-135.812
-138.124
-140.463
-142.81
-145.161
-147.502
-149.82
-152.101
-154.32
-156.469
-158.546
-160.537
-162.432
-164.234
-165.947
-167.611
-169.279
-170.978
-172.746
-174.613
-176.568
-178.597
-180.65
-182.613
-184.425
-186.071
-187.519
-188.771
-189.873
-190.865
-191.869
-193.074
-194.501
-196.037
-197.537
-198.802
-199.612
-199.741
-198.823
-196.382
-192.153
-186.104
-178.299
-168.88
-158.058
-146.107
-133.512
-120.996
-109.143
-98.328
-88.882
-81.065
-75.01
-70.76
-68.127
-66.652
-65.977
-65.878
-66.089
-66.378
-66.613
-66.719
-66.781
-67.05
-67.649
-68.588
-69.902
-71.606
-73.684
-76.104
-78.747
-81.427
-84.039
-86.547
-88.937
-91.221
-93.395
-95.449
-97.407
-99.318
-101.231
-103.187
-105.203
-107.276
-109.417
-111.642
-113.967
-116.399
-118.933
-121.549
-124.231
-126.964
-129.734
-132.523
-135.308
-138.064
-140.762
-143.376
-145.883
-148.268
-150.516
-152.613
-154.546
-156.305
-157.885
-159.287
-160.51
-161.552
-162.413
-163.092
-163.592
-163.915
-164.067
-164.053
-163.876
-163.541
-163.05
-162.409
-161.621
-160.689
-159.617
-158.407
-157.064
-155.591
-153.996
-152.283
-150.459
-148.532
-146.507
-144.393
-142.196
-139.924
-137.585
-135.185
-132.732
-130.234
-127.7
-125.137
-122.554
-119.959
-117.359
-114.764
-112.182
-109.62
-107.086
-104.59
-102.138
-99.738
-97.399
-95.129
-92.936
-90.826
-88.808
-86.889
-85.076
-83.375
-81.792
-80.332
-79.002
-77.805
-76.746
-75.829
-75.055
-74.429
-73.95
-73.622
-73.443
-73.415
-73.535
-73.803
-74.216
-74.772
-75.467
-76.296
-77.255
-78.339
-79.542
-80.856
-82.277
-83.795
-85.404
-87.095
-88.859
-90.688
-92.572
-94.503
-96.471
-98.466
-100.479
-102.502
-104.524
-106.536
-108.531
-110.5
-112.434
-114.326
-116.169
-117.954
-119.677
-121.333
-122.917
-124.424
-125.852
-127.195
-128.452
-129.62
-130.699
-131.687
-132.584
-133.389
-134.105
-134.736
-135.286
-135.76
-136.162
-136.492
-136.757
-136.962
-137.116
-137.225
-137.298
-137.34
-137.359
-137.363
-137.361
-137.36
-137.365
-137.373
-137.387
-137.407
-137.437
-137.485
-137.553
-137.644
-137.749
-137.845
-137.921
-137.973
-138.007
-138.043
-138.086
-138.115
-138.143
-138.234
-138.437
-138.784
-139.224
-139.601
-139.842
-140.002
-140.127
-140.188
-140.19
-140.207
-140.489
-141.569
-143.467
-145.546
-147.489
-149.412
-152.591
-159.115
-169.188
-180.733
-189.893
-192.47
-187.334
-176.726
-164.778
-155.633
-151.092
-150.659
-152.774
-156.088
-160.071
-164.773
-170.4
-176.676
-183.085
-189.109
-194.177
-197.999
-200.587
-202.07
-202.737
-202.985
-203.046
-203.054
-203.172
-203.471
-203.974
-204.69
-205.516
-206.295
-206.951
-207.453
-207.783
-207.961
-207.985
-207.833
-207.514
-207.046
-206.434
-205.678
-204.767
-203.679
-202.403
-200.939
-199.285
-197.45
-195.434
-193.238
-190.864
-188.317
-185.604
-182.734
-179.719
-176.568
-173.291
-169.899
-166.404
-162.822
-159.165
-155.445
-151.671
-147.85
-143.993
-140.11
-136.215
-132.317
-128.427
-124.553
-120.708
-116.902
-113.152
-109.469
-105.857
-102.319
-98.853
-95.464
-92.166
-88.968
-85.873
-82.889
-80.022
-77.281
-74.689
-72.256
-69.981
-67.859
-65.875
-64.027
-62.329
-60.798
-59.463
-58.334
-57.394
-56.628
-56.022
-55.562
-55.24
-55.026
-54.843
-54.66
-54.494
-54.403
-54.52
-54.905
-55.495
-56.223
-57.004
-57.723
-58.318
-58.636
-58.331
-57.227
-55.368
-52.897
-50.189
-47.654
-45.488
-43.967
-43.602
-44.725
-47.475
-51.843
-57.366
-63.457
-69.79
-76.015
-81.625
-86.224
-89.463
-91.065
-91.229
-90.362
-88.675
-86.332
-83.513
-80.314
-76.889
-73.43
-69.816
-65.747
-61.048
-55.624
-49.463
-42.644
-35.228
-27.23
-18.805
-10.218
-1.636
6.86
15.187
23.293
31.178
38.841
46.345
53.844
61.321
68.63
75.728
82.575
89.062
95.059
100.295
104.398
107.238
108.845
109.224
108.505
106.898
104.676
102.382
100.619
99.798
100.264
102.231
105.656
110.42
116.256
122.631
129.067
135.188
140.578
145.002
148.42
150.841
152.449
153.574
154.422
155.144
155.924
156.837
157.91
159.167
160.527
161.869
163.154
164.372
165.529
166.664
167.793
168.916
170.06
171.25
172.499
173.811
175.168
176.551
177.952
179.37
180.806
182.259
183.722
185.185
186.64
188.08
189.499
190.892
192.253
193.576
194.857
196.093
197.285
198.429
199.519
200.549
201.511
202.396
203.197
203.907
204.519
205.026
205.423
205.706
205.869
205.909
205.82
205.601
205.248
204.759
204.132
203.366
202.461
201.417
200.236
198.919
197.469
195.886
194.174
192.334
190.371
188.287
186.086
183.77
181.343
178.811
176.18
173.457
170.648
167.762
164.806
161.788
158.716
155.594
152.428
149.22
145.975
142.698
139.394
136.069
132.728
129.381
126.033
122.691
119.355
116.024
112.69
109.352
106.015
102.687
99.38
96.107
92.881
89.718
86.641
83.658
80.772
77.976
75.255
72.607
70.045
67.592
65.271
63.091
61.042
59.108
57.278
55.542
53.871
52.227
50.581
48.953
47.437
46.142
45.12
44.364
43.824
43.413
43.045
42.535
41.601
40.035
37.723
35.006
32.352
29.785
27.538
25.227
22.477
20.514
19.975
21.728
26.767
33.466
40.528
46.983
51.31
54.026
55.817
56.811
57.661
58.377
58.73
58.913
59.05
59.232
59.598
60.139
60.716
61.244
61.688
62.023
62.254
62.402
62.453
62.413
62.316
62.193
62.075
61.976
61.882
61.782
61.666
61.533
61.397
61.24
61.043
60.793
60.481
60.109
59.691
59.225
58.708
58.144
57.534
56.882
56.201
55.488
54.742
53.964
53.148
52.303
51.44
50.564
49.68
48.791
47.896
47.001
46.111
45.226
44.343
43.464
42.587
41.714
40.852
40.003
39.169
38.352
37.551
36.77
36.011
35.273
34.558
33.866
33.197
32.555
31.941
31.357
30.807
30.29
29.81
29.368
28.967
28.608
28.292
28.022
27.798
27.623
27.498
27.424
27.404
27.437
27.526
27.67
27.871
28.128
28.441
28.809
29.233
29.711
30.243
30.828
31.465
32.152
32.888
33.672
34.502
35.375
36.291
37.245
38.237
39.264
40.322
41.408
42.521
43.654
44.807
45.973
47.148
48.329
49.511
50.688
51.856
53.009
54.145
55.257
56.34
57.39
58.402
59.371
60.291
61.158
61.966
62.71
63.385
63.988
64.513
64.955
65.312
65.577
65.748
65.82
65.789
65.652
65.406
65.048
64.577
63.991
63.29
62.473
61.543
60.499
59.345
58.083
56.716
55.247
53.68
52.017
50.262
48.417
46.486
44.473
42.385
40.229
38.013
35.746
33.437
31.097
28.735
26.36
23.982
21.608
19.243
16.896
14.581
12.311
10.105
7.977
5.933
3.977
2.112
0.333
-1.364
-2.988
-4.554
-6.071
-7.54
-8.95
-10.283
-11.526
-12.682
-13.769
-14.803
-15.791
-16.72
-17.568
-18.322
-18.976
-19.512
-19.88
-20.04
-19.974
-19.73
-19.438
-19.189
-18.995
-18.84
-18.673
-18.397
-17.947
-17.178
-15.778
-13.595
-10.635
-6.96
-2.863
1.285
5.223
8.554
10.732
11.485
10.646
8.109
4.192
-0.706
-6.247
-11.855
-16.922
-21.091
-23.969
-25.211
-24.909
-23.23
-20.414
-16.978
-13.337
-9.746
-6.561
-4.091
-2.385
-1.436
-1.097
-1.034
-1.052
-1.055
-0.902
-0.49
0.221
1.252
2.535
3.93
5.376
6.869
8.416
10.044
11.761
13.567
15.478
17.525
19.726
22.078
24.567
27.171
29.877
32.685
35.595
38.607
41.714
44.907
48.177
51.515
54.916
58.37
61.868
65.404
68.969
72.56
76.174
79.807
83.452
87.098
90.735
94.348
97.925
101.451
104.91
108.289
111.573
114.751
117.814
120.747
123.535
126.16
128.608
130.868
132.932
134.793
136.447
137.891
139.132
140.188
141.071
141.792
142.348
142.731
142.936
142.957
142.792
142.437
141.879
141.101
140.092
138.846
137.358
135.612
133.579
131.211
128.472
125.348
121.843
117.981
113.782
109.277
104.505
99.52
94.397
89.206
84.003
78.83
73.731
68.762
64.001
59.543
55.463
51.811
48.614
45.881
43.619
41.819
40.451
39.456
38.755
38.278
37.979
37.825
37.781
37.802
37.824
37.772
37.591
37.239
36.687
35.913
34.893
33.621
32.112
30.404
28.552
26.592
24.543
22.415
20.213
17.949
15.639
13.298
10.928
8.533
6.118
3.692
1.267
-1.161
-3.607
-6.099
-8.674
-11.357
-14.166
-17.121
-20.234
-23.508
-26.942
-30.517
-34.207
-37.998
-41.879
-45.849
-49.908
-54.042
-58.232
-62.458
-66.683
-70.873
-74.989
-78.978
-82.798
-86.427
-89.853
-93.086
-96.153
-99.067
-101.841
-104.485
-107.001
-109.405
-111.716
-113.946
-116.128
-118.303
-120.517
-122.836
-125.316
-127.987
-130.873
-133.981
-137.286
-140.765
-144.393
-148.128
-151.944
-155.805
-159.669
-163.503
-167.256
-170.867
-174.271
-177.389
-180.14
-182.46
-184.283
-185.544
-186.215
-186.275
-185.717
-184.557
-182.808
-180.482
-177.602
-174.189
-170.266
-165.87
-161.05
-155.858
-150.365
-144.646
-138.786
-132.891
-127.052
-121.342
-115.823
-110.536
-105.511
-100.785
-96.39
-92.357
-88.728
-85.527
-82.768
-80.461
-78.598
-77.155
-76.092
-75.342
-74.825
-74.48
-74.258
-74.123
-74.055
-74.026
-74.002
-73.957
-73.852
-73.656
-73.349
-72.908
-72.317
-71.578
-70.699
-69.712
-68.665
-67.592
-66.514
-65.445
-64.385
-63.338
-62.311
-61.305
-60.321
-59.362
-58.424
-57.507
-56.613
-55.734
-54.856
-53.96
-53.013
-51.994
-50.886
-49.678
-48.363
-46.938
-45.398
-43.741
-41.975
-40.101
-38.125
-36.048
-33.872
-31.603
-29.248
-26.818
-24.325
-21.781
-19.196
-16.581
-13.948
-11.307
-8.669
-6.041
-3.432
-0.851
1.694
4.192
6.634
9.009
11.309
13.524
15.646
17.668
19.581
21.382
23.063
24.619
26.046
27.34
28.496
29.512
30.385
31.113
31.698
32.142
32.447
32.618
32.658
32.572
32.367
32.046
31.617
31.084
30.452
29.732
28.936
28.077
27.17
26.223
25.235
24.21
23.151
22.06
20.934
19.768
18.55
17.283
15.977
14.637
13.266
11.85
10.365
8.796
7.134
5.383
3.567
1.691
-0.241
-2.198
-4.164
-6.139
-8.131
-10.219
-12.5
-15.022
-17.804
-20.835
-23.977
-27.034
-29.783
-31.908
-33.13
-33.26
-32.178
-29.912
-26.755
-23.197
-19.775
-17.146
-15.909
-16.522
-19.35
-24.539
-31.849
-40.721
-50.51
-60.378
-69.449
-77.029
-82.496
-85.442
-85.857
-84.039
-80.399
-75.577
-70.337
-65.265
-60.909
-57.662
-55.625
-54.73
-54.821
-55.58
-56.601
-57.601
-58.328
-58.611
-58.422
-57.772
-56.706
-55.335
-53.785
-52.135
-50.436
-48.715
-46.961
-45.178
-43.37
-41.531
-39.664
-37.781
-35.904
-34.058
-32.272
-30.567
-28.956
-27.451
-26.064
-24.804
-23.68
-22.701
-21.871
-21.196
-20.679
-20.32
-20.117
-20.067
-20.163
-20.4
-20.773
-21.275
-21.901
-22.644
-23.5
-24.463
-25.525
-26.677
-27.909
-29.212
-30.577
-31.992
-33.448
-34.936
-36.445
-37.97
-39.5
-41.03
-42.551
-44.057
-45.54
-46.994
-48.412
-49.788
-51.116
-52.393
-53.613
-54.777
-55.883
-56.933
-57.929
-58.873
-59.77
-60.624
-61.44
-62.221
-62.97
-63.69
-64.387
-65.07
-65.745
-66.413
-67.078
-67.74
-68.395
-69.043
-69.676
-70.279
-70.839
-71.343
-71.778
-72.142
-72.437
-72.658
-72.805
-72.875
-72.871
-72.811
-72.719
-72.608
-72.497
-72.402
-72.342
-72.363
-72.503
-72.793
-73.257
-73.9
-74.716
-75.711
-76.887
-78.227
-79.699
-81.243
-82.778
-84.256
-85.627
-86.834
-87.811
-88.447
-88.632
-88.297
-87.393
-85.88
-83.709
-80.836
-77.252
-73.033
-68.292
-63.117
-57.546
-51.576
-45.255
-38.642
-31.738
-24.481
-16.781
-8.653
-0.322
7.88
15.721
22.993
29.436
34.729
38.491
40.553
41.099
40.49
39.009
36.866
34.254
31.447
28.844
26.694
24.974
23.488
22.067
20.662
19.309
18.018
16.705
15.296
13.8
12.322
10.969
9.777
8.713
7.713
6.723
5.727
4.723
3.686
2.587
1.403
0.112
-1.277
-2.743
-4.276
-5.867
-7.512
-9.21
-10.945
-12.687
-14.407
-16.074
-17.667
-19.177
-20.592
-21.903
-23.103
-24.185
-25.149
-26.002
-26.747
-27.383
-27.908
-28.32
-28.623
-28.823
-28.93
-28.949
-28.89
-28.757
-28.556
-28.296
-27.981
-27.617
-27.208
-26.757
-26.27
-25.752
-25.213
-24.658
-24.097
-23.535
-22.98
-22.441
-21.925
-21.437
-20.986
-20.576
-20.213
-19.904
-19.654
-19.467
-19.35
-19.307
-19.341
-19.458
-19.66
-19.951
-20.332
-20.805
-21.371
-22.032
-22.788
-23.638
-24.582
-25.619
-26.747
-27.965
-29.27
-30.657
-32.123
-33.664
-35.274
-36.949
-38.681
-40.467
-42.3
-44.174
-46.083
-48.022
-49.985
-51.966
-53.959
-55.958
-57.958
-59.952
-61.935
-63.902
-65.848
-67.769
-69.66
-71.518
-73.339
-75.121
-76.86
-78.554
-80.201
-81.8
-83.348
-84.845
-86.292
-87.687
-89.032
-90.327
-91.573
-92.773
-93.927
-95.036
-96.099
-97.115
-98.083
-99.003
-99.875
-100.696
-101.467
-102.188
-102.859
-103.485
-104.065
-104.601
-105.09
-105.529
-105.916
-106.249
-106.525
-106.744
-106.9
-106.989
-107.006
-106.949
-106.812
-106.59
-106.264
-105.819
-105.243
-104.526
-103.66
-102.647
-101.482
-100.165
-98.701
-97.083
-95.318
-93.421
-91.4
-89.28
-87.072
-84.776
-82.414
-80.024
-77.616
-75.188
-72.684
-69.971
-66.987
-63.728
-60.202
-56.447
-52.486
-48.337
-44.172
-40.328
-37.056
-34.46
-32.451
-30.784
-29.321
-27.951
-26.319
-23.762
-19.543
-13.134
-4.768
4.704
14.775
25.294
37
50.945
66.487
81.397
91.851
93.741
85.543
68.871
47.802
26.827
8.796
-5.717
-17.687
-27.66
-35.432
-40.434
-41.885
-39.793
-34.976
-28.252
-20.567
-12.929
-5.916
0.116
4.917
8.525
11.138
12.938
14.252
15.545
17.095
19.04
21.44
24.197
27.178
30.301
33.44
36.434
39.208
41.742
44.058
46.251
48.415
50.597
52.837
55.157
57.548
60.008
62.529
65.086
67.67
70.272
72.886
75.51
78.143
80.77
83.375
85.927
88.392
90.744
92.971
95.063
97.021
98.845
100.537
102.102
103.552
104.893
106.132
107.27
108.313
109.265
110.14
110.949
111.709
112.436
113.143
113.844
114.556
115.289
116.058
116.873
117.743
118.678
119.688
120.784
121.976
123.273
124.683
126.212
127.867
129.653
131.572
133.626
135.813
138.133
140.583
143.158
145.853
148.663
151.579
154.594
157.697
160.88
164.129
167.434
170.781
174.156
177.545
180.934
184.307
187.65
190.947
194.183
197.344
200.416
203.384
206.236
208.957
211.538
213.965
216.229
218.321
220.232
221.956
223.486
224.819
225.951
226.881
227.607
228.131
228.452
228.575
228.502
228.238
227.788
227.159
226.356
225.389
224.265
222.993
221.583
220.044
218.386
216.62
214.755
212.801
210.77
208.671
206.514
204.308
202.063
199.787
197.489
195.176
192.856
190.534
188.216
185.907
183.612
181.334
179.076
176.841
174.629
172.443
170.283
168.149
166.04
163.957
161.898
159.861
157.845
155.849
153.869
151.905
149.953
148.013
146.08
144.154
142.231
140.311
138.391
136.47
134.546
132.619
130.686
128.749
126.806
124.859
122.906
120.95
118.991
117.031
115.072
113.115
111.163
109.218
107.283
105.36
103.452
101.561
99.691
97.843
96.02
94.225
92.459
90.724
89.023
87.357
85.726
84.132
82.577
81.059
79.58
78.138
76.735
75.368
74.037
72.74
71.477
70.244
69.04
67.862
66.707
65.573
64.457
63.355
62.265
61.182
60.104
59.028
57.949
56.867
55.777
54.677
53.565
52.439
51.297
50.138
48.96
47.764
46.549
45.315
44.063
42.793
41.508
40.209
38.898
37.578
36.251
34.921
33.59
32.263
30.942
29.633
28.339
27.064
25.812
24.589
23.398
22.244
21.131
20.062
19.041
18.072
17.158
16.301
15.503
14.767
14.095
13.487
12.944
12.466
12.052
11.699
11.408
11.173
10.992
10.86
10.774
10.728
10.718
10.737
10.78
10.841
10.913
10.989
11.064
11.128
11.176
11.199
11.191
11.144
11.052
10.908
10.705
10.438
10.101
9.689
9.196
8.619
7.953
7.195
6.343
5.396
4.353
3.216
1.986
0.666
-0.738
-2.223
-3.783
-5.412
-7.103
-8.85
-10.647
-12.488
-14.368
-16.28
-18.219
-20.174
-22.135
-24.092
-26.034
-27.947
-29.817
-31.632
-33.379
-35.049
-36.633
-38.122
-39.503
-40.761
-41.877
-42.835
-43.625
-44.238
-44.668
-44.917
-44.99
-44.904
-44.686
-44.357
-43.929
-43.406
-42.784
-42.065
-41.258
-40.38
-39.444
-38.46
-37.431
-36.358
-35.244
-34.081
-32.837
-31.45
-29.866
-28.075
-26.116
-24.084
-22.057
-20.076
-18.199
-16.471
-14.847
-13.191
-11.247
-8.678
-5.235
-0.789
4.767
11.415
18.904
26.791
34.426
41.076
46.158
49.21
49.783
47.592
42.688
35.446
26.553
16.823
6.978
-2.267
-10.114
-15.857
-19.095
-19.787
-18.234
-14.91
-10.3
-4.973
0.362
5.029
8.563
10.745
11.599
11.292
10.022
8.056
5.762
3.466
1.368
-0.424
-1.912
-3.151
-4.189
-5.098
-5.986
-6.914
-7.894
-8.921
-9.961
-10.989
-11.998
-12.981
-13.925
-14.835
-15.725
-16.61
-17.509
-18.43
-19.376
-20.345
-21.338
-22.356
-23.403
-24.48
-25.582
-26.706
-27.848
-29.001
-30.156
-31.303
-32.428
-33.52
-34.571
-35.57
-36.513
-37.391
-38.198
-38.929
-39.578
-40.137
-40.6
-40.961
-41.212
-41.347
-41.362
-41.25
-41.009
-40.633
-40.121
-39.469
-38.676
-37.742
-36.666
-35.448
-34.091
-32.597
-30.969
-29.211
-27.329
-25.329
-23.217
-21.001
-18.689
-16.291
-13.815
-11.271
-8.671
-6.024
-3.343
-0.637
2.082
4.801
7.509
10.194
12.843
15.446
17.989
20.462
22.853
25.151
27.347
29.429
31.388
33.217
34.906
36.448
37.836
39.064
40.126
41.018
41.736
42.276
42.636
42.814
42.808
42.62
42.248
41.695
40.962
40.051
38.966
37.711
36.29
34.708
32.97
31.082
29.051
26.883
24.587
22.168
19.635
16.996
14.258
11.431
8.521
5.539
2.492
-0.611
-3.762
-6.952
-10.173
-13.416
-16.673
-19.936
-23.195
-26.444
-29.675
-32.879
-36.049
-39.178
-42.259
-45.286
-48.251
-51.15
-53.976
-56.725
-59.39
-61.969
-64.455
-66.847
-69.14
-71.332
-73.419
-75.4
-77.273
-79.036
-80.688
-82.229
-83.659
-84.978
-86.187
-87.286
-88.277
-89.163
-89.946
-90.628
-91.213
-91.705
-92.108
-92.427
-92.665
-92.829
-92.923
-92.953
-92.924
-92.843
-92.715
-92.546
-92.342
-92.11
-91.855
-91.583
-91.3
-91.011
-90.723
-90.441
-90.17
-89.916
-89.681
-89.473
-89.294
-89.148
-89.04
-88.971
-88.946
-88.966
-89.033
-89.149
-89.314
-89.529
-89.795
-90.111
-90.477
-90.892
-91.354
-91.862
-92.415
-93.01
-93.644
-94.316
-95.022
-95.759
-96.525
-97.316
-98.129
-98.96
-99.807
-100.665
-101.531
-102.403
-103.275
-104.144
-105.007
-105.859
-106.698
-107.52
-108.322
-109.1
-109.851
-110.572
-111.262
-111.916
-112.532
-113.107
-113.639
-114.125
-114.562
-114.948
-115.28
-115.556
-115.774
-115.932
-116.028
-116.059
-116.024
-115.921
-115.747
-115.5
-115.179
-114.781
-114.305
-113.75
-113.115
-112.401
-111.608
-110.735
-109.784
-108.756
-107.65
-106.47
-105.217
-103.891
-102.497
-101.036
-99.513
-97.932
-96.297
-94.614
-92.888
-91.128
-89.339
-87.527
-85.699
-83.861
-82.021
-80.186
-78.366
-76.566
-74.796
-73.066
-71.387
-69.769
-68.224
-66.758
-65.379
-64.094
-62.91
-61.834
-60.868
-60.016
-59.281
-58.667
-58.185
-57.845
-57.654
-57.609
-57.706
-57.94
-58.307
-58.801
-59.411
-60.12
-60.916
-61.794
-62.756
-63.811
-64.958
-66.188
-67.48
-68.812
-70.166
-71.536
-72.921
-74.315
-75.713
-77.12
-78.554
-80.048
-81.629
-83.298
-85.034
-86.812
-88.605
-90.401
-92.203
-94.011
-95.829
-97.642
-99.42
-101.138
-102.759
-104.233
-105.501
-106.47
-107.028
-107.136
-106.809
-106.105
-105.151
-104.031
-102.77
-101.426
-100.038
-98.543
-96.838
-94.693
-91.738
-87.743
-82.597
-76.209
-68.701
-60.397
-51.742
-43.468
-36.456
-31.402
-28.937
-29.607
-33.559
-40.622
-50.329
-61.756
-73.841
-85.628
-96.096
-104.34
-109.848
-112.363
-111.942
-109.088
-104.423
-98.605
-92.456
-86.662
-81.636
-77.695
-74.971
-73.35
-72.674
-72.67
-72.906
-73.077
-73.025
-72.639
-71.917
-70.907
-69.631
-68.189
-66.75
-65.416
-64.247
-63.249
-62.353
-61.506
-60.687
-59.871
-59.039
-58.185
-57.295
-56.376
-55.46
-54.569
-53.723
-52.926
-52.167
-51.437
-50.729
-50.049
-49.409
-48.819
-48.281
-47.796
-47.362
-46.98
-46.652
-46.371
-46.125
-45.902
-45.691
-45.486
-45.289
-45.095
-44.902
-44.705
-44.497
-44.274
-44.032
-43.767
-43.472
-43.143
-42.773
-42.359
-41.903
-41.402
-40.856
-40.267
-39.632
-38.955
-38.236
-37.478
-36.683
-35.854
-34.995
-34.109
-33.201
-32.277
-31.342
-30.402
-29.464
-28.532
-27.614
-26.715
-25.841
-24.997
-24.189
-23.422
-22.7
-22.028
-21.409
-20.847
-20.347
-19.91
-19.54
-19.237
-19.005
-18.842
-18.751
-18.73
-18.779
-18.896
-19.079
-19.327
-19.636
-20.004
-20.426
-20.9
-21.421
-21.984
-22.585
-23.218
-23.877
-24.558
-25.254
-25.961
-26.671
-27.379
-28.081
-28.769
-29.438
-30.083
-30.699
-31.279
-31.819
-32.314
-32.758
-33.146
-33.474
-33.736
-33.93
-34.049
-34.09
-34.048
-33.92
-33.702
-33.389
-32.979
-32.468
-31.852
-31.13
-30.298
-29.354
-28.297
-27.123
-25.833
-24.426
-22.9
-21.257
-19.496
-17.618
-15.625
-13.518
-11.301
-8.976
-6.547
-4.018
-1.395
1.318
4.114
6.987
9.927
12.928
15.981
19.075
22.201
25.348
28.504
31.658
34.797
37.91
40.982
44.002
46.955
49.829
52.611
55.287
57.845
60.272
62.557
64.687
66.653
68.443
70.049
71.461
72.673
73.676
74.466
75.037
75.387
75.512
75.411
75.085
74.535
73.763
72.773
71.571
70.162
68.555
66.758
64.781
62.636
60.333
57.886
55.309
52.617
49.824
46.945
43.998
40.998
37.961
34.905
31.846
28.8
25.784
22.814
19.905
17.072
14.33
11.693
9.173
6.783
4.535
2.439
0.504
-1.261
-2.848
-4.251
-5.464
-6.484
-7.306
-7.929
-8.351
-8.572
-8.593
-8.417
-8.044
-7.48
-6.728
-5.793
-4.681
-3.397
-1.949
-0.344
1.411
3.309
5.341
7.499
9.775
12.161
14.649
17.23
19.897
22.641
25.456
28.333
31.266
34.248
37.273
40.334
43.425
46.541
49.677
52.827
55.988
59.155
62.325
65.493
68.657
71.813
74.959
78.092
81.209
84.309
87.389
90.448
93.483
96.494
99.479
102.435
105.362
108.258
111.12
113.947
116.738
119.49
122.201
124.871
127.496
130.075
132.606
135.087
137.514
139.887
142.203
144.46
146.656
148.789
150.858
152.86
154.794
156.656
158.445
160.158
161.795
163.354
164.833
166.234
167.557
168.804
169.976
171.074
172.1
173.055
173.945
174.775
175.552
176.284
176.977
177.642
178.285
178.912
179.526
180.129
180.719
181.295
181.856
182.406
182.943
183.464
183.961
184.418
184.824
185.167
185.435
185.622
185.727
185.747
185.702
185.628
185.532
185.404
185.207
184.85
184.278
183.471
182.384
181.012
179.456
177.891
176.621
176.068
176.545
178.276
181.455
186.083
191.938
198.624
205.46
211.606
216.361
219.098
219.278
216.724
211.563
204.176
195.352
186.017
177.012
169.248
163.533
160.281
159.634
161.45
165.195
170.258
176.025
181.699
186.581
190.244
192.409
193.039
192.349
190.563
187.967
184.972
181.878
178.878
176.113
173.591
171.244
169.017
166.799
164.465
161.977
159.319
156.49
153.527
150.443
147.248
143.972
140.632
137.228
133.754
130.193
126.534
122.784
118.954
115.058
111.105
107.088
103.006
98.861
94.66
90.41
86.118
81.784
77.42
73.041
68.664
64.305
59.978
55.688
51.444
47.256
43.131
39.083
35.12
31.253
27.493
23.849
20.333
16.956
13.727
10.652
7.736
4.986
2.408
0.006
-2.213
-4.248
-6.094
-7.75
-9.212
-10.481
-11.555
-12.438
-13.13
-13.636
-13.959
-14.104
-14.077
-13.886
-13.538
-13.041
-12.404
-11.638
-10.753
-9.761
-8.672
-7.501
-6.26
-4.962
-3.622
-2.253
-0.87
0.513
1.882
3.223
4.521
5.763
6.936
8.027
9.024
9.915
10.69
11.338
11.85
12.218
12.435
12.496
12.394
12.127
11.692
11.088
10.316
9.375
8.27
7.003
5.58
4.007
2.291
0.441
-1.533
-3.622
-5.812
-8.092
-10.448
-12.867
-15.332
-17.831
-20.346
-22.862
-25.363
-27.832
-30.255
-32.614
-34.895
-37.083
-39.161
-41.118
-42.94
-44.614
-46.129
-47.476
-48.644
-49.626
-50.416
-51.008
-51.399
-51.585
-51.566
-51.343
-50.916
-50.29
-49.469
-48.459
-47.268
-45.904
-44.378
-42.701
-40.885
-38.944
-36.892
-34.744
-32.517
-30.226
-27.89
-25.525
-23.15
-20.781
-18.438
-16.137
-13.897
-11.734
-9.665
-7.705
-5.87
-4.173
-2.628
-1.247
-0.041
0.982
1.811
2.442
2.867
3.083
3.087
2.878
2.456
1.822
0.98
-0.066
-1.311
-2.748
-4.368
-6.162
-8.121
-10.234
-12.487
-14.869
-17.367
-19.965
-22.65
-25.408
-28.223
-31.081
-33.966
-36.866
-39.765
-42.651
-45.509
-48.329
-51.098
-53.807
-56.445
-59.003
-61.475
-63.854
-66.134
-68.311
-70.382
-72.346
-74.2
-75.946
-77.584
-79.117
-80.547
-81.877
-83.113
-84.259
-85.321
-86.307
-87.222
-88.074
-88.872
-89.623
-90.335
-91.017
-91.676
-92.32
-92.957
-93.594
-94.238
-94.894
-95.569
-96.267
-96.993
-97.751
-98.542
-99.368
-100.231
-101.129
-102.063
-103.029
-104.027
-105.053
-106.104
-107.176
-108.265
-109.366
-110.476
-111.587
-112.695
-113.794
-114.877
-115.939
-116.973
-117.972
-118.931
-119.845
-120.707
-121.513
-122.259
-122.939
-123.549
-124.087
-124.548
-124.93
-125.23
-125.447
-125.58
-125.63
-125.597
-125.484
-125.291
-125.022
-124.68
-124.266
-123.784
-123.236
-122.624
-121.95
-121.215
-120.423
-119.577
-118.681
-117.736
-116.747
-115.719
-114.658
-113.566
-112.447
-111.303
-110.135
-108.944
-107.73
-106.492
-105.227
-103.932
-102.606
-101.251
-99.867
-98.453
-97.002
-95.504
-93.95
-92.334
-90.65
-88.893
-87.058
-85.145
-83.163
-81.135
-79.084
-77.031
-74.99
-72.964
-70.954
-68.967
-67.008
-65.088
-63.217
-61.389
-59.608
-57.882
-56.21
-54.578
-52.959
-51.283
-49.467
-47.462
-45.252
-42.87
-40.39
-37.881
-35.381
-32.965
-30.734
-28.7
-26.766
-24.705
-22.167
-18.875
-14.712
-9.581
-3.393
3.699
11.32
18.855
25.426
30.259
32.817
32.556
28.97
21.95
11.728
-1.107
-15.549
-30.605
-45.404
-58.917
-70.061
-78.129
-82.78
-84.029
-82.32
-78.196
-72.221
-65.208
-58.127
-51.705
-46.394
-42.406
-39.684
-38.083
-37.444
-37.44
-37.623
-37.691
-37.502
-37.033
-36.385
-35.659
-34.908
-34.232
-33.762
-33.55
-33.599
-33.862
-34.237
-34.661
-35.108
-35.556
-35.996
-36.427
-36.841
-37.238
-37.633
-38.033
-38.444
-38.873
-39.32
-39.797
-40.327
-40.939
-41.667
-42.532
-43.546
-44.712
-46.029
-47.495
-49.108
-50.862
-52.749
-54.759
-56.89
-59.138
-61.503
-63.978
-66.555
-69.22
-71.958
-74.758
-77.607
-80.494
-83.407
-86.335
-89.267
-92.195
-95.112
-98.01
-100.877
-103.704
-106.481
-109.196
-111.842
-114.408
-116.887
-119.27
-121.552
-123.726
-125.789
-127.738
-129.569
-131.28
-132.87
-134.338
-135.685
-136.911
-138.017
-139.005
-139.879
-140.643
-141.301
-141.858
-142.321
-142.695
-142.988
-143.207
-143.358
-143.45
-143.489
-143.483
-143.441
-143.368
-143.274
-143.165
-143.047
-142.929
-142.816
-142.714
-142.627
-142.559
-142.514
-142.494
-142.501
-142.536
-142.598
-142.687
-142.802
-142.939
-143.097
-143.27
-143.455
-143.645
-143.835
-144.017
-144.183
-144.327
-144.438
-144.508
-144.527
-144.486
-144.374
-144.183
-143.9
-143.517
-143.023
-142.408
-141.663
-140.777
-139.743
-138.551
-137.195
-135.665
-133.957
-132.065
-129.982
-127.707
-125.234
-122.563
-119.691
-116.619
-113.346
-109.876
-106.209
-102.35
-98.304
-94.075
-89.67
-85.097
-80.364
-75.479
-70.452
-65.293
-60.013
-54.624
-49.136
-43.563
-37.916
-32.208
-26.453
-20.663
-14.85
-9.028
-3.21
2.593
8.367
14.103
19.788
25.411
30.963
36.434
41.815
47.098
52.276
57.341
62.289
67.113
71.81
76.376
80.809
85.106
89.267
93.292
97.18
100.933
104.552
108.04
111.398
114.631
117.742
120.734
123.611
126.379
129.042
131.603
134.069
136.443
138.73
140.935
143.061
145.113
147.095
149.009
150.859
152.648
154.378
156.051
157.669
159.232
160.742
162.198
163.6
164.948
166.241
167.477
168.655
169.774
170.83
171.823
172.751
173.61
174.4
175.118
175.761
176.329
176.82
177.232
177.564
177.815
177.985
178.074
178.082
178.01
177.86
177.634
177.332
176.958
176.515
176.006
175.434
174.805
174.122
173.391
172.616
171.803
170.958
170.086
169.192
168.282
167.36
166.432
165.501
164.572
163.648
162.732
161.829
160.939
160.065
159.208
158.37
157.55
156.747
155.961
155.189
154.429
153.676
152.929
152.181
151.429
150.667
149.889
149.088
148.259
147.394
146.485
145.526
144.507
143.423
142.267
141.031
139.71
138.299
136.794
135.19
133.486
131.679
129.767
127.75
125.627
123.397
121.06
118.616
116.065
113.407
110.646
107.788
104.839
101.807
98.701
95.533
92.317
89.065
85.791
82.503
79.212
75.933
72.683
69.486
66.362
63.328
60.399
57.591
54.912
52.369
49.957
47.66
45.461
43.35
41.327
39.404
37.588
35.881
34.28
32.771
31.35
30.023
28.79
27.655
26.628
25.727
25.002
24.54
24.391
24.56
24.999
25.598
26.274
26.984
27.657
28.251
28.808
29.468
30.514
32.309
35.11
39.072
44.307
50.782
58.263
66.283
74.134
81.079
86.505
89.893
90.762
88.742
83.79
76.307
67.028
56.703
46.066
35.835
26.81
19.96
15.929
14.785
16.268
20.042
25.667
32.709
40.58
48.253
54.928
60.295
64.244
66.806
68.132
68.275
67.402
66.124
64.927
64.014
63.543
63.515
63.876
64.724
66.111
67.821
69.706
71.708
73.756
75.888
78.147
80.466
82.792
85.164
87.594
90.086
92.656
95.263
97.873
100.489
103.105
105.707
108.284
110.82
113.3
115.723
118.09
120.399
122.651
124.847
126.988
129.073
131.104
133.079
134.995
136.851
138.644
140.369
142.025
143.609
145.121
146.561
147.93
149.229
150.459
151.622
152.721
153.758
154.737
155.66
156.529
157.348
158.12
158.847
159.533
160.181
160.792
161.368
161.913
162.427
162.912
163.369
163.799
164.201
164.575
164.922
165.241
165.531
165.791
166.019
166.213
166.37
166.488
166.563
166.591
166.566
166.485
166.34
166.128
165.84
165.472
165.018
164.47
163.824
163.072
162.209
161.23
160.128
158.899
157.538
156.04
154.401
152.619
150.69
148.612
146.385
144.006
141.477
138.798
135.97
132.996
129.878
126.62
123.227
119.706
116.061
112.3
108.432
104.466
100.41
96.276
92.073
87.814
83.509
79.171
74.812
70.444
66.08
61.733
57.415
53.138
48.915
44.757
40.676
36.683
32.789
29.003
25.335
21.793
18.385
15.118
11.999
9.032
6.222
3.573
1.087
-1.234
-3.389
-5.379
-7.206
-8.871
-10.377
-11.729
-12.93
-13.987
-14.905
-15.69
-16.35
-16.893
-17.326
-17.656
-17.894
-18.047
-18.125
-18.135
-18.087
-17.989
-17.85
-17.678
-17.482
-17.268
-17.045
-16.819
-16.597
-16.384
-16.188
-16.012
-15.862
-15.741
-15.653
-15.601
-15.588
-15.616
-15.687
-15.801
-15.959
-16.163
-16.411
-16.704
-17.042
-17.424
-17.85
-18.318
-18.829
-19.381
-19.973
-20.605
-21.275
-21.983
-22.729
-23.512
-24.331
-25.187
-26.08
-27.01
-27.978
-28.985
-30.033
-31.121
-32.252
-33.427
-34.648
-35.918
-37.237
-38.609
-40.035
-41.52
-43.064
-44.67
-46.342
-48.08
-49.886
-51.763
-53.711
-55.732
-57.827
-59.997
-62.241
-64.561
-66.957
-69.426
-71.97
-74.586
-77.273
-80.027
-82.847
-85.728
-88.666
-91.659
-94.701
-97.789
-100.917
-104.081
-107.275
-110.495
-113.735
-116.987
-120.247
-123.506
-126.758
-129.997
-133.217
-136.411
-139.574
-142.7
-145.785
-148.824
-151.812
-154.744
-157.616
-160.423
-163.163
-165.83
-168.424
-170.943
-173.384
-175.748
-178.037
-180.253
-182.398
-184.473
-186.48
-188.422
-190.301
-192.119
-193.877
-195.578
-197.224
-198.819
-200.37
-201.883
-203.365
-204.823
-206.264
-207.696
-209.126
-210.557
-211.995
-213.44
-214.895
-216.366
-217.859
-219.384
-220.948
-222.556
-224.21
-225.913
-227.663
-229.45
-231.26
-233.066
-234.851
-236.603
-238.317
-239.993
-241.633
-243.24
-244.821
-246.381
-247.92
-249.44
-250.938
-252.406
-253.853
-255.295
-256.764
-258.317
-259.994
-261.831
-263.854
-266.074
-268.487
-271.077
-273.8
-276.602
-279.441
-282.286
-285.112
-287.896
-290.584
-293.121
-295.43
-297.407
-298.966
-300
-300.383
-300.045
-298.971
-297.205
-294.896
-292.199
-289.191
-285.975
-282.674
-279.276
-275.725
-271.835
-267.203
-261.549
-254.768
-246.753
-237.528
-227.423
-216.888
-206.621
-197.656
-190.82
-186.766
-186.2
-189.494
-196.54
-206.955
-219.96
-234.395
-249.249
-263.462
-275.713
-284.935
-290.492
-292.064
-289.789
-284.082
-275.284
-264.031
-251.396
-238.49
-226.259
-215.381
-206.136
-198.69
-193.292
-189.885
-188.038
-187.124
-186.448
-185.549
-184.266
-182.445
-179.849
-176.384
-172.113
-167.268
-162.222
-157.174
-152.142
-147.161
-142.291
-137.582
-133.076
-128.722
-124.379
-119.973
-115.495
-110.938
-106.319
-101.637
-96.874
-92.041
-87.179
-82.321
-77.501
-72.74
-68.035
-63.388
-58.803
-54.277
-49.815
-45.414
-41.065
-36.769
-32.526
-28.339
-24.218
-20.168
-16.19
-12.286
-8.455
-4.694
-1.005
2.615
6.166
9.65
13.067
16.418
19.701
22.914
26.056
29.128
32.131
35.067
37.936
40.742
43.485
46.168
48.794
51.362
53.875
56.333
58.737
61.088
63.387
65.637
67.838
69.994
72.105
74.174
76.203
78.194
80.149
82.068
83.954
85.806
87.626
89.415
91.172
92.899
94.595
96.261
97.897
99.502
101.078
102.621
104.133
105.612
107.058
108.468
109.842
111.179
112.477
113.737
114.956
116.133
117.268
118.359
119.405
120.404
121.355
122.258
123.11
123.911
124.661
125.358
126.002
126.594
127.133
127.62
128.055
128.44
128.776
129.063
129.304
129.5
129.654
129.768
129.845
129.887
129.896
129.877
129.831
129.762
129.673
129.567
129.447
129.317
129.178
129.035
128.889
128.745
128.604
128.47
128.343
128.227
128.123
128.032
127.956
127.894
127.849
127.818
127.803
127.802
127.814
127.837
127.869
127.908
127.951
127.995
128.037
128.072
128.098
128.11
128.103
128.073
128.016
127.926
127.799
127.629
127.412
127.143
126.816
126.427
125.971
125.442
124.838
124.152
123.382
122.523
121.572
120.525
119.38
118.134
116.785
115.332
113.773
112.107
110.335
108.455
106.469
104.377
102.181
99.883
97.484
94.988
92.397
89.714
86.945
84.091
81.159
78.153
75.078
71.939
68.743
65.495
62.203
58.871
55.508
52.119
48.713
45.296
41.876
38.461
35.057
31.673
28.315
24.992
21.711
18.479
15.304
12.193
9.154
6.194
3.32
0.539
-2.141
-4.715
-7.176
-9.518
-11.735
-13.821
-15.772
-17.582
-19.248
-20.764
-22.127
-23.334
-24.382
-25.269
-25.993
-26.553
-26.948
-27.178
-27.244
-27.145
-26.884
-26.463
-25.882
-25.145
-24.255
-23.216
-22.033
-20.711
-19.256
-17.675
-15.976
-14.165
-12.253
-10.246
-8.155
-5.988
-3.755
-1.466
0.868
3.237
5.631
8.038
10.448
12.85
15.232
17.585
19.898
22.161
24.366
26.503
28.563
30.536
32.416
34.193
35.859
37.408
38.832
40.126
41.286
42.308
43.191
43.935
44.54
45.007
45.338
45.536
45.602
45.542
45.356
45.048
44.62
44.076
43.423
42.667
41.815
40.874
39.85
38.752
37.591
36.379
35.127
33.843
32.534
31.21
29.886
28.582
27.319
26.117
24.986
23.938
22.986
22.147
21.43
20.837
20.346
19.923
19.551
19.222
18.944
18.728
18.562
18.399
18.23
18.095
18.038
18.113
18.308
18.528
18.741
19.03
19.451
19.972
20.497
20.801
20.756
20.489
20.092
19.524
18.805
18.084
17.654
18.104
19.987
23.439
28.504
35.266
43.612
53.165
63.299
72.976
81.015
86.644
89.258
88.215
83.166
74.203
61.767
46.769
30.471
13.9
-1.99
-15.999
-27.076
-34.595
-38.274
-38.298
-35.277
-29.734
-22.186
-13.591
-5.002
2.73
8.919
13.269
15.833
16.576
15.41
12.616
8.655
4.004
-0.795
-5.458
-9.929
-14.043
-17.555
-20.39
-22.568
-24.203
-25.574
-26.825
-27.972
-29.087
-30.256
-31.526
-32.934
-34.444
-35.918
-37.271
-38.477
-39.508
-40.374
-41.082
-41.627
-42.034
-42.343
-42.578
-42.751
-42.859
-42.882
-42.803
-42.61
-42.29
-41.836
-41.25
-40.53
-39.679
-38.7
-37.595
-36.369
-35.024
-33.561
-31.982
-30.289
-28.484
-26.576
-24.572
-22.478
-20.302
-18.052
-15.734
-13.356
-10.923
-8.443
-5.922
-3.365
-0.777
1.834
4.463
7.103
9.748
12.393
15.03
17.653
20.257
22.836
25.383
27.896
30.368
32.797
35.179
37.51
39.788
42.009
44.172
46.274
48.312
50.284
52.188
54.024
55.788
57.48
59.098
60.642
62.111
63.504
64.819
66.056
67.213
68.291
69.289
70.206
71.042
71.799
72.475
73.072
73.59
74.031
74.396
74.686
74.902
75.046
75.12
75.127
75.067
74.945
74.762
74.522
74.228
73.883
73.492
73.058
72.586
72.08
71.544
70.983
70.403
69.808
69.203
68.594
67.985
67.383
66.791
66.215
65.659
65.128
64.625
64.155
63.721
63.326
62.972
62.662
62.397
62.179
62.008
61.885
61.81
61.781
61.797
61.857
61.958
62.097
62.271
62.476
62.708
62.962
63.233
63.514
63.801
64.087
64.366
64.631
64.876
65.094
65.278
65.422
65.52
65.565
65.552
65.475
65.33
65.11
64.813
64.434
63.971
63.419
62.779
62.047
61.222
60.305
59.295
58.194
57.002
55.721
54.354
52.904
51.374
49.768
48.092
46.348
44.543
42.682
40.771
38.816
36.822
34.795
32.742
30.667
28.578
26.479
24.375
22.272
20.174
18.085
16.01
13.95
11.909
9.89
7.894
5.923
3.977
2.058
0.164
-1.704
-3.547
-5.367
-7.165
-8.944
-10.705
-12.453
-14.189
-15.918
-17.642
-19.365
-21.091
-22.821
-24.561
-26.313
-28.08
-29.863
-31.667
-33.492
-35.34
-37.212
-39.108
-41.028
-42.972
-44.939
-46.925
-48.93
-50.95
-52.981
-55.019
-57.061
-59.101
-61.134
-63.153
-65.153
-67.127
-69.068
-70.968
-72.821
-74.618
-76.352
-78.015
-79.601
-81.103
-82.512
-83.825
-85.034
-86.134
-87.119
-87.986
-88.731
-89.349
-89.838
-90.196
-90.422
-90.516
-90.479
-90.311
-90.016
-89.596
-89.054
-88.396
-87.626
-86.749
-85.771
-84.7
-83.542
-82.307
-81.002
-79.637
-78.22
-76.762
-75.27
-73.754
-72.222
-70.682
-69.143
-67.611
-66.092
-64.595
-63.125
-61.688
-60.291
-58.938
-57.636
-56.39
-55.204
-54.083
-53.03
-52.044
-51.127
-50.276
-49.488
-48.759
-48.085
-47.459
-46.877
-46.331
-45.818
-45.332
-44.863
-44.399
-43.924
-43.423
-42.883
-42.295
-41.651
-40.952
-40.202
-39.407
-38.579
-37.727
-36.854
-35.96
-35.031
-34.057
-33.026
-31.942
-30.822
-29.684
-28.535
-27.383
-26.222
-25.029
-23.783
-22.443
-20.943
-19.257
-17.387
-15.372
-13.327
-11.352
-9.521
-7.92
-6.58
-5.403
-4.246
-2.868
-0.9
1.918
5.79
10.934
17.329
24.687
32.624
40.55
47.661
53.25
56.667
57.182
54.722
49.922
43.037
34.416
24.256
11.99
-1.175
-12.66
-20.325
-21.702
-16.73
-8.042
2.057
11.053
17.629
22.451
25.92
28.333
29.827
30.005
28.859
26.797
24.345
22.01
20.063
18.589
17.58
17
16.816
16.934
17.223
17.616
18.099
18.686
19.426
20.336
21.414
22.674
24.12
25.743
27.52
29.413
31.378
33.387
35.424
37.476
39.534
41.584
43.615
45.626
47.62
49.604
51.571
53.502
55.393
57.26
59.141
61.095
63.17
65.379
67.739
70.277
72.989
75.848
78.774
81.606
84.244
86.673
88.898
90.965
92.929
94.804
96.689
98.783
101.122
103.599
106.012
108.031
109.382
109.909
109.344
107.329
103.725
98.572
92.092
84.725
76.817
68.596
60.408
52.681
45.733
39.767
34.799
30.653
27.229
24.514
22.459
20.99
20.037
19.544
19.541
20.146
21.441
23.437
26.108
29.373
33.128
37.273
41.697
46.26
50.842
55.343
59.667
63.739
67.512
70.938
73.977
76.594
78.734
80.334
81.364
81.816
81.716
81.109
80.032
78.524
76.642
74.449
72.023
69.455
66.799
64.093
61.376
58.68
56.055
53.567
51.253
49.13
47.201
45.458
43.9
42.525
41.312
40.224
39.212
38.216
37.201
36.146
35.031
33.838
32.54
31.108
29.526
27.791
25.9
23.853
21.645
19.269
16.733
14.054
11.252
8.351
5.367
2.307
-0.819
-4.005
-7.242
-10.522
-13.842
-17.206
-20.611
-24.053
-27.527
-31.024
-34.542
-38.079
-41.632
-45.199
-48.775
-52.354
-55.929
-59.495
-63.044
-66.567
-70.053
-73.493
-76.877
-80.197
-83.445
-86.613
-89.695
-92.684
-95.573
-98.358
-101.034
-103.595
-106.036
-108.354
-110.543
-112.602
-114.527
-116.317
-117.969
-119.484
-120.861
-122.1
-123.204
-124.172
-125.008
-125.715
-126.295
-126.752
-127.092
-127.318
-127.435
-127.451
-127.369
-127.197
-126.939
-126.603
-126.193
-125.716
-125.177
-124.582
-123.935
-123.241
-122.506
-121.733
-120.927
-120.091
-119.23
-118.346
-117.442
-116.521
-115.586
-114.637
-113.677
-112.706
-111.724
-110.732
-109.729
-108.714
-107.686
-106.643
-105.584
-104.506
-103.407
-102.285
-101.136
-99.96
-98.752
-97.511
-96.233
-94.918
-93.562
-92.165
-90.725
-89.24
-87.711
-86.137
-84.518
-82.855
-81.148
-79.399
-77.609
-75.779
-73.912
-72.01
-70.077
-68.115
-66.128
-64.121
-62.1
-60.068
-58.033
-55.999
-53.974
-51.964
-49.976
-48.015
-46.09
-44.205
-42.369
-40.588
-38.868
-37.217
-35.64
-34.143
-32.732
-31.41
-30.182
-29.052
-28.022
-27.093
-26.268
-25.548
-24.935
-24.43
-24.034
-23.745
-23.563
-23.487
-23.511
-23.632
-23.844
-24.143
-24.522
-24.975
-25.494
-26.075
-26.713
-27.404
-28.142
-28.921
-29.735
-30.578
-31.448
-32.342
-33.258
-34.19
-35.135
-36.087
-37.044
-38.003
-38.959
-39.903
-40.823
-41.71
-42.555
-43.355
-44.098
-44.77
-45.343
-45.793
-46.103
-46.27
-46.299
-46.204
-46
-45.697
-45.329
-44.941
-44.555
-44.166
-43.723
-43.142
-42.36
-41.373
-40.22
-38.949
-37.673
-36.558
-35.823
-35.79
-36.754
-38.902
-42.278
-46.785
-52.129
-57.91
-63.667
-68.726
-72.371
-73.906
-72.76
-68.704
-61.859
-52.542
-41.26
-28.856
-16.342
-4.919
4.143
9.966
12
9.87
3.585
-6.413
-19.407
-34.306
-49.749
-64.578
-77.696
-87.959
-94.662
-97.53
-96.562
-92.195
-85.177
-76.245
-66.317
-56.529
-47.689
-40.288
-34.63
-30.657
-28.113
-26.74
-26.101
-25.61
-24.889
-23.729
-22.023
-19.856
-17.367
-14.647
-11.852
-9.154
-6.614
-4.239
-1.994
0.204
2.41
4.642
6.923
9.259
11.636
14.038
16.441
18.824
21.192
23.551
25.907
28.261
30.603
32.914
35.174
37.362
39.459
41.455
43.343
45.125
46.807
48.397
49.905
51.338
52.698
53.986
55.201
56.341
57.409
58.409
59.346
60.229
61.063
61.857
62.618
63.35
64.059
64.748
65.419
66.076
66.721
67.358
67.992
68.626
69.265
69.913
70.574
71.251
71.946
72.661
73.398
74.157
74.938
75.742
76.568
77.415
78.281
79.166
80.068
80.984
81.913
82.852
83.799
84.749
85.701
86.65
87.591
88.522
89.438
90.334
91.207
92.052
92.865
93.642
94.38
95.075
95.723
96.321
96.866
97.356
97.788
98.161
98.474
98.728
98.921
99.055
99.132
99.152
99.118
99.033
98.9
98.722
98.504
98.248
97.959
97.643
97.304
96.947
96.577
96.199
95.819
95.442
95.073
94.717
94.379
94.064
93.777
93.521
93.301
93.119
92.978
92.881
92.83
92.826
92.869
92.959
93.096
93.277
93.502
93.768
94.071
94.407
94.773
95.164
95.575
95.999
96.433
96.869
97.303
97.727
98.136
98.523
98.883
99.209
99.496
99.738
99.93
100.066
100.142
100.154
100.097
99.968
99.764
99.482
99.122
98.68
98.157
97.552
96.865
96.099
95.253
94.331
93.335
92.268
91.134
89.937
88.683
87.374
86.018
84.618
83.18
81.711
80.214
78.697
77.165
75.622
74.076
72.531
70.993
69.467
67.958
66.471
65.01
63.579
62.184
60.828
59.514
58.247
57.028
55.861
54.749
53.694
52.697
51.76
50.884
50.07
49.319
48.629
48.003
47.438
46.934
46.491
46.107
45.78
45.51
45.294
45.129
45.014
44.946
44.922
44.938
44.991
45.077
45.193
45.334
45.495
45.673
45.862
46.058
46.254
46.446
46.627
46.791
46.933
47.046
47.124
47.161
47.151
47.088
46.967
46.78
46.524
46.192
45.779
45.28
44.691
44.006
43.222
42.336
41.345
40.247
39.04
37.724
36.298
34.762
33.117
31.363
29.502
27.536
25.468
23.301
21.04
18.689
16.254
13.74
11.154
8.504
5.795
3.036
0.232
-2.607
-5.475
-8.362
-11.262
-14.165
-17.062
-19.945
-22.804
-25.631
-28.419
-31.159
-33.846
-36.472
-39.032
-41.52
-43.93
-46.256
-48.495
-50.639
-52.685
-54.628
-56.462
-58.186
-59.795
-61.288
-62.663
-63.919
-65.058
-66.081
-66.989
-67.784
-68.466
-69.038
-69.5
-69.853
-70.097
-70.232
-70.257
-70.176
-69.989
-69.701
-69.316
-68.835
-68.256
-67.578
-66.791
-65.889
-64.865
-63.716
-62.444
-61.059
-59.576
-58.017
-56.407
-54.766
-53.113
-51.455
-49.794
-48.131
-46.467
-44.818
-43.212
-41.674
-40.229
-38.894
-37.667
-36.539
-35.478
-34.413
-33.287
-32.06
-30.727
-29.364
-28.074
-26.93
-26.029
-25.457
-25.166
-25.043
-24.846
-24.123
-22.47
-19.596
-15.213
-9.232
-1.851
6.622
15.51
23.706
30.286
34.365
35.316
33.273
28.113
19.536
7.318
-9.102
-28.497
-47.915
-64.189
-73.725
-75.773
-72.515
-65.999
-58.873
-52.188
-44.913
-37.143
-29.189
-21.438
-15.027
-10.426
-7.486
-6.159
-6.193
-6.983
-8.011
-8.97
-9.659
-10.068
-10.275
-10.216
-9.78
-9.102
-8.43
-7.908
-7.617
-7.529
-7.563
-7.742
-8.165
-8.845
-9.715
-10.716
-11.794
-12.938
-14.184
-15.541
-16.985
-18.507
-20.12
-21.842
-23.708
-25.75
-27.968
-30.361
-32.921
-35.635
-38.498
-41.5
-44.627
-47.861
-51.188
-54.595
-58.072
-61.612
-65.204
-68.832
-72.48
-76.126
-79.753
-83.345
-86.888
-90.364
-93.76
-97.06
-100.253
-103.328
-106.275
-109.085
-111.745
-114.244
-116.572
-118.721
-120.682
-122.448
-124.012
-125.368
-126.514
-127.448
-128.167
-128.673
-128.966
-129.048
-128.92
-128.587
-128.052
-127.32
-126.396
-125.286
-123.999
-122.54
-120.92
-119.146
-117.228
-115.175
-112.998
-110.706
-108.31
-105.819
-103.243
-100.593
-97.878
-95.11
-92.299
-89.453
-86.585
-83.702
-80.815
-77.932
-75.061
-72.209
-69.386
-66.596
-63.846
-61.142
-58.489
-55.892
-53.354
-50.881
-48.474
-46.137
-43.872
-41.679
-39.561
-37.517
-35.549
-33.655
-31.836
-30.09
-28.417
-26.815
-25.281
-23.814
-22.412
-21.07
-19.787
-18.559
-17.382
-16.252
-15.167
-14.121
-13.111
-12.132
-11.181
-10.253
-9.343
-8.449
-7.566
-6.689
-5.815
-4.94
-4.061
-3.173
-2.275
-1.363
-0.434
0.515
1.485
2.479
3.499
4.546
5.622
6.727
7.863
9.03
10.227
11.455
12.713
14
15.314
16.654
18.018
19.403
20.806
22.225
23.655
25.093
26.535
27.977
29.414
30.841
32.253
33.646
35.013
36.35
37.652
38.912
40.126
41.288
42.393
43.436
44.411
45.314
46.139
46.883
47.54
48.107
48.579
48.954
49.228
49.399
49.463
49.42
49.268
49.006
48.634
48.151
47.558
46.857
46.049
45.137
44.122
43.009
41.8
40.501
39.117
37.651
36.109
34.497
32.822
31.088
29.303
27.473
25.605
23.706
21.783
19.842
17.891
15.937
13.987
12.047
10.123
8.222
6.351
4.514
2.717
0.965
-0.737
-2.385
-3.974
-5.503
-6.967
-8.365
-9.695
-10.957
-12.15
-13.274
-14.331
-15.321
-16.247
-17.111
-17.914
-18.66
-19.353
-19.996
-20.592
-21.147
-21.664
-22.148
-22.605
-23.039
-23.456
-23.859
-24.253
-24.644
-25.036
-25.434
-25.843
-26.267
-26.71
-27.179
-27.676
-28.207
-28.775
-29.382
-30.031
-30.724
-31.462
-32.246
-33.075
-33.951
-34.873
-35.84
-36.853
-37.909
-39.008
-40.149
-41.329
-42.548
-43.801
-45.085
-46.395
-47.729
-49.084
-50.456
-51.84
-53.231
-54.626
-56.021
-57.413
-58.797
-60.164
-61.51
-62.827
-64.11
-65.356
-66.559
-67.713
-68.815
-69.863
-70.859
-71.81
-72.717
-73.576
-74.379
-75.119
-75.789
-76.384
-76.892
-77.298
-77.589
-77.761
-77.817
-77.765
-77.6
-77.315
-76.892
-76.31
-75.561
-74.637
-73.543
-72.291
-70.901
-69.413
-67.883
-66.356
-64.872
-63.467
-62.128
-60.819
-59.503
-58.084
-56.492
-54.742
-52.837
-50.787
-48.695
-46.643
-44.768
-43.356
-42.616
-42.592
-43.267
-44.473
-45.906
-47.348
-48.411
-48.457
-46.888
-43.128
-36.844
-28.171
-17.352
-4.92
8.309
21.8
34.554
45.988
55.905
62.823
65.847
63.802
55.492
42.577
26.962
10.694
-3.804
-16.31
-26.824
-34.857
-40.494
-43.351
-43.38
-41.389
-38.16
-34.511
-31.171
-28.604
-27.137
-26.947
-27.98
-29.966
-32.547
-35.332
-38.031
-40.448
-42.455
-44.013
-45.141
-45.907
-46.43
-46.839
-47.204
-47.553
-47.885
-48.168
-48.374
-48.476
-48.435
-48.209
-47.778
-47.139
-46.299
-45.273
-44.072
-42.704
-41.177
-39.504
-37.695
-35.758
-33.703
-31.538
-29.269
-26.906
-24.458
-21.935
-19.345
-16.696
-13.995
-11.249
-8.465
-5.651
-2.815
0.036
2.894
5.751
8.598
11.427
14.228
16.994
19.717
22.387
24.997
27.541
30.011
32.403
34.71
36.928
39.053
41.08
43.006
44.828
46.541
48.144
49.636
51.013
52.277
53.426
54.462
55.385
56.196
56.899
57.495
57.988
58.38
58.677
58.882
59
59.036
58.996
58.886
58.711
58.478
58.193
57.861
57.49
57.083
56.649
56.191
55.716
55.228
54.734
54.237
53.742
53.253
52.774
52.307
51.857
51.423
51.01
50.616
50.243
49.891
49.558
49.245
48.948
48.667
48.399
48.141
47.889
47.641
47.392
47.139
46.878
46.604
46.314
46.004
45.669
45.306
44.912
44.482
44.014
43.504
42.949
42.349
41.7
41.001
40.251
39.451
38.599
37.697
36.747
35.75
34.708
33.625
32.505
31.351
30.169
28.964
27.741
26.506
25.265
24.026
22.795
21.578
20.384
19.219
18.089
17.003
15.968
14.989
14.074
13.229
12.461
11.775
11.177
10.673
10.267
9.964
9.767
9.682
9.709
9.852
10.113
10.493
10.993
11.613
12.352
13.209
14.184
15.274
16.476
17.788
19.206
20.728
22.347
24.062
25.866
27.755
29.724
31.767
33.881
36.058
38.293
40.581
42.917
45.293
47.704
50.145
52.608
55.09
57.583
60.081
62.58
65.073
67.554
70.02
72.463
74.88
77.265
79.614
81.923
84.186
86.4
88.561
90.664
92.707
94.685
96.596
98.436
100.202
101.891
103.5
105.027
106.469
107.825
109.091
110.266
111.35
112.34
113.235
114.037
114.743
115.356
115.874
116.301
116.636
116.881
117.039
117.112
117.103
117.014
116.849
116.611
116.304
115.933
115.502
115.016
114.48
113.899
113.278
112.622
111.938
111.231
110.508
109.774
109.036
108.3
107.574
106.864
106.175
105.513
104.885
104.294
103.747
103.245
102.794
102.396
102.054
101.77
101.548
101.387
101.29
101.257
101.288
101.382
101.539
101.757
102.033
102.366
102.751
103.188
103.671
104.199
104.767
105.371
106.008
106.672
107.359
108.061
108.773
109.489
110.204
110.914
111.615
112.303
112.978
113.638
114.282
114.909
115.517
116.102
116.661
117.192
117.689
118.152
118.575
118.956
119.295
119.589
119.836
120.035
120.185
120.286
120.338
120.345
120.307
120.23
120.12
119.99
119.853
119.724
119.616
119.544
119.526
119.583
119.733
119.979
120.316
120.722
121.168
121.645
122.126
122.575
122.979
123.338
123.689
124.118
124.691
125.428
126.351
127.447
128.621
129.741
130.563
130.746
130.031
128.216
125.137
120.816
115.458
109.39
103.225
97.766
93.733
91.862
92.82
96.902
104.126
114.286
126.678
140.235
153.794
165.978
175.411
181.142
182.448
178.766
170.073
156.847
139.888
120.435
99.891
79.4
60.102
43.283
29.934
20.62
15.583
14.562
17.009
22.473
30.287
39.347
48.555
57.004
63.89
68.836
71.723
72.328
70.689
67.271
62.616
57.301
51.945
46.855
42.194
38.256
35.162
32.823
31.12
29.803
28.557
27.266
25.861
24.201
22.237
19.943
17.298
14.387
11.325
8.153
4.902
1.595
-1.78
-5.217
-8.707
-12.279
-15.964
-19.79
-23.776
-27.916
-32.196
-36.6
-41.114
-45.723
-50.413
-55.162
-59.956
-64.779
-69.62
-74.471
-79.32
-84.156
-88.962
-93.724
-98.422
-103.042
-107.569
-111.987
-116.284
-120.443
-124.451
-128.297
-131.971
-135.462
-138.759
-141.853
-144.733
-147.39
-149.817
-152.007
-153.953
-155.652
-157.098
-158.292
-159.233
-159.921
-160.358
-160.547
-160.491
-160.194
-159.662
-158.899
-157.912
-156.708
-155.294
-153.679
-151.871
-149.881
-147.718
-145.394
-142.919
-140.305
-137.564
-134.707
-131.746
-128.693
-125.56
-122.359
-119.101
-115.8
-112.466
-109.111
-105.745
-102.381
-99.027
-95.693
-92.388
-89.121
-85.898
-82.729
-79.618
-76.574
-73.6
-70.703
-67.887
-65.157
-62.515
-59.964
-57.508
-55.146
-52.881
-50.713
-48.642
-46.667
-44.787
-43
-41.305
-39.699
-38.179
-36.741
-35.382
-34.098
-32.885
-31.737
-30.651
-29.621
-28.643
-27.713
-26.825
-25.974
-25.157
-24.369
-23.605
-22.861
-22.134
-21.419
-20.715
-20.016
-19.321
-18.628
-17.934
-17.238
-16.538
-15.834
-15.126
-14.414
-13.699
-12.982
-12.265
-11.551
-10.843
-10.144
-9.457
-8.788
-8.142
-7.523
-6.938
-6.393
-5.894
-5.448
-5.062
-4.743
-4.499
-4.337
-4.265
-4.291
-4.422
-4.667
-5.032
-5.526
-6.157
-6.931
-7.856
-8.939
-10.187
-11.605
-13.199
-14.975
-16.936
-19.088
-21.434
-23.975
-26.715
-29.654
-32.793
-36.131
-39.667
-43.398
-47.321
-51.432
-55.727
-60.198
-64.839
-69.643
-74.6
-79.701
-84.935
-90.292
-95.759
-101.323
-106.971
-112.687
-118.456
-124.264
-130.093
-135.926
-141.747
-147.537
-153.279
-158.955
-164.546
-170.035
-175.402
-180.63
-185.702
-190.599
-195.304
-199.802
-204.076
-208.111
-211.894
-215.41
-218.648
-221.597
-224.245
-226.585
-228.607
-230.305
-231.674
-232.709
-233.408
-233.769
-233.793
-233.479
-232.833
-231.856
-230.554
-228.935
-227.004
-224.771
-222.245
-219.438
-216.361
-213.028
-209.452
-205.649
-201.634
-197.425
-193.038
-188.491
-183.801
-178.986
-174.065
-169.053
-163.971
-158.835
-153.662
-148.471
-143.278
-138.099
-132.952
-127.849
-122.807
-117.837
-112.953
-108.166
-103.486
-98.924
-94.489
-90.189
-86.033
-82.029
-78.181
-74.496
-70.975
-67.623
-64.44
-61.424
-58.574
-55.888
-53.361
-50.99
-48.771
-46.698
-44.768
-42.974
-41.314
-39.782
-38.374
-37.083
-35.901
-34.821
-33.835
-32.934
-32.11
-31.35
-30.643
-29.981
-29.357
-28.765
-28.194
-27.633
-27.062
-26.466
-25.833
-25.15
-24.407
-23.597
-22.715
-21.77
-20.783
-19.778
-18.779
-17.802
-16.85
-15.924
-15.03
-14.172
-13.364
-12.619
-11.935
-11.316
-10.768
-10.285
-9.851
-9.435
-8.955
-8.306
-7.419
-6.266
-4.869
-3.327
-1.727
-0.112
1.428
2.776
3.957
5.084
6.394
8.347
11.3
15.431
20.948
27.924
36.054
44.898
53.813
61.693
67.538
70.579
69.859
65.023
56.636
44.882
29.957
12.142
-8.97
-31.892
-53.397
-70.422
-80.013
-82.177
-78.987
-72.053
-62.994
-51.506
-37.564
-23.215
-10.484
-2.187
0.562
-0.602
-3.916
-7.153
-9.254
-10.917
-12.581
-14.678
-17.111
-18.975
-19.906
-19.955
-19.364
-18.68
-18.154
-17.742
-17.455
-17.329
-17.382
-17.64
-18.036
-18.409
-18.672
-18.807
-18.81
-18.7
-18.48
-18.133
-17.665
-17.108
-16.493
-15.852
-15.21
-14.566
-13.922
-13.279
-12.634
-11.988
-11.34
-10.68
-10
-9.294
-8.562
-7.806
-7.03
-6.236
-5.422
-4.585
-3.719
-2.824
-1.897
-0.937
0.058
1.092
2.165
3.275
4.419
5.595
6.803
8.044
9.318
10.626
11.968
13.345
14.758
16.208
17.695
19.218
20.776
22.368
23.992
25.648
27.335
29.052
30.799
32.575
34.379
36.212
38.072
39.96
41.873
43.811
45.772
47.756
49.762
51.787
53.832
55.894
57.974
60.069
62.179
64.302
66.437
68.581
70.734
72.893
75.055
77.219
79.383
81.545
83.702
85.852
87.993
90.123
92.238
94.336
96.414
98.469
100.498
102.496
104.461
106.389
108.276
110.118
111.912
113.653
115.338
116.963
118.522
120.013
121.43
122.77
124.027
125.199
126.281
127.269
128.16
128.95
129.635
130.213
130.68
131.033
131.271
131.391
131.391
131.27
131.027
130.661
130.172
129.56
128.827
127.973
127
125.911
124.708
123.394
121.974
120.451
118.83
117.117
115.317
113.436
111.481
109.459
107.377
105.244
103.066
100.853
98.612
96.353
94.084
91.814
89.553
87.308
85.089
82.905
80.765
78.677
76.649
74.69
72.806
71.005
69.293
67.677
66.163
64.755
63.457
62.274
61.209
60.265
59.442
58.742
58.165
57.712
57.379
57.167
57.071
57.089
57.217
57.45
57.783
58.21
58.725
59.32
59.99
60.724
61.517
62.358
63.239
64.152
65.087
66.035
66.987
67.934
68.866
69.776
70.655
71.493
72.284
73.019
73.692
74.295
74.822
75.269
75.628
75.897
76.07
76.145
76.118
75.987
75.75
75.407
74.958
74.402
73.74
72.973
72.105
71.136
70.07
68.911
67.661
66.325
64.907
63.411
61.843
60.206
58.506
56.747
54.935
53.073
51.167
49.221
47.239
45.226
43.184
41.118
39.031
36.926
34.806
32.673
30.53
28.378
26.218
24.053
21.88
19.702
17.516
15.323
13.121
10.909
8.685
6.448
4.196
1.927
-0.361
-2.669
-5
-7.357
-9.74
-12.152
-14.594
-17.068
-19.575
-22.114
-24.687
-27.292
-29.929
-32.597
-35.294
-38.02
-40.771
-43.546
-46.342
-49.156
-51.982
-54.815
-57.647
-60.47
-63.275
-66.055
-68.8
-71.502
-74.152
-76.742
-79.268
-81.723
-84.101
-86.394
-88.594
-90.69
-92.677
-94.547
-96.296
-97.918
-99.406
-100.752
-101.953
-103.006
-103.906
-104.643
-105.203
-105.571
-105.738
-105.698
-105.453
-105.001
-104.341
-103.473
-102.4
-101.129
-99.682
-98.079
-96.347
-94.513
-92.583
-90.58
-88.554
-86.524
-84.489
-82.422
-80.224
-77.815
-75.208
-72.404
-69.421
-66.352
-63.249
-60.24
-57.631
-55.685
-54.548
-54.289
-54.762
-55.687
-56.891
-58.032
-58.517
-57.753
-55.117
-50.207
-43.073
-33.945
-23.087
-11.131
1.011
12.251
21.186
26.695
28.106
24.834
16.643
3.875
-12.856
-32.531
-53.584
-74.652
-94.469
-111.542
-124.875
-134.005
-138.61
-138.88
-135.507
-129.043
-120.336
-110.73
-101.191
-92.446
-85.264
-79.937
-76.522
-75.246
-75.935
-77.965
-80.905
-84.279
-87.52
-90.428
-92.823
-94.362
-94.977
-94.796
-93.891
-92.49
-90.871
-89.094
-87.245
-85.479
-83.836
-82.339
-81.007
-79.749
-78.458
-77.097
-75.64
-74.074
-72.419
-70.678
-68.857
-66.993
-65.133
-63.32
-61.578
-59.913
-58.316
-56.781
-55.307
-53.893
-52.538
-51.235
-49.98
-48.771
-47.608
-46.496
-45.435
-44.422
-43.451
-42.514
-41.605
-40.72
-39.853
-39
-38.154
-37.309
-36.459
-35.603
-34.736
-33.854
-32.952
-32.024
-31.066
-30.073
-29.042
-27.968
-26.85
-25.684
-24.469
-23.205
-21.893
-20.533
-19.127
-17.676
-16.183
-14.649
-13.077
-11.47
-9.831
-8.163
-6.469
-4.754
-3.021
-1.276
0.477
2.233
3.987
5.733
7.467
9.184
10.879
12.548
14.185
15.788
17.352
18.875
20.351
21.78
23.159
24.485
25.758
26.977
28.142
29.252
30.308
31.31
32.258
33.154
33.998
34.79
35.53
36.217
36.852
37.432
37.958
38.43
38.845
39.205
39.51
39.76
39.956
40.098
40.186
40.217
40.19
40.101
39.946
39.721
39.421
39.038
38.568
38.005
37.345
36.581
35.706
34.709
33.581
32.319
30.923
29.392
27.729
25.939
24.032
22.024
19.931
17.767
15.542
13.261
10.929
8.55
6.129
3.672
1.177
-1.371
-3.989
-6.698
-9.522
-12.488
-15.63
-18.996
-22.62
-26.525
-30.722
-35.211
-39.989
-45.046
-50.363
-55.913
-61.65
-67.516
-73.444
-79.353
-85.153
-90.75
-96.037
-100.907
-105.269
-109.058
-112.224
-114.73
-116.544
-117.642
-118.024
-117.702
-116.708
-115.079
-112.864
-110.14
-107.005
-103.571
-99.958
-96.273
-92.603
-89.016
-85.566
-82.301
-79.269
-76.505
-74.026
-71.841
-69.956
-68.383
-67.128
-66.166
-65.442
-64.883
-64.42
-64.001
-63.592
-63.17
-62.711
-62.202
-61.627
-60.985
-60.284
-59.525
-58.704
-57.803
-56.804
-55.713
-54.559
-53.385
-52.227
-51.106
-50.034
-49.019
-48.075
-47.206
-46.412
-45.682
-45
-44.362
-43.77
-43.234
-42.764
-42.358
-42.005
-41.686
-41.387
-41.098
-40.811
-40.518
-40.206
-39.867
-39.501
-39.111
-38.7
-38.268
-37.809
-37.317
-36.787
-36.216
-35.602
-34.947
-34.25
-33.513
-32.737
-31.926
-31.085
-30.217
-29.324
-28.407
-27.466
-26.504
-25.525
-24.532
-23.527
-22.515
-21.499
-20.485
-19.478
-18.483
-17.502
-16.539
-15.599
-14.685
-13.801
-12.95
-12.137
-11.366
-10.642
-9.969
-9.352
-8.794
-8.297
-7.864
-7.494
-7.185
-6.938
-6.749
-6.618
-6.541
-6.516
-6.542
-6.62
-6.749
-6.927
-7.15
-7.415
-7.719
-8.058
-8.429
-8.829
-9.252
-9.69
-10.137
-10.584
-11.029
-11.463
-11.872
-12.238
-12.542
-12.765
-12.899
-12.932
-12.85
-12.637
-12.271
-11.746
-11.079
-10.29
-9.405
-8.451
-7.423
-6.334
-5.224
-4.106
-2.987
-1.842
-0.57
0.907
2.568
4.401
6.375
8.39
10.423
12.381
14.003
15.082
15.515
15.254
14.441
13.368
12.229
11.34
11.26
12.518
15.664
21.144
29.023
39.118
51.215
64.793
79.013
92.95
105.347
114.887
120.711
122.066
118.641
111.019
99.552
84.506
66.273
44.646
21.087
-1.253
-19.238
-29.516
-31.566
-27.692
-20.174
-11.672
-3.227
5.822
15.227
24.711
33.855
41.586
47.534
51.723
54.089
55.078
55.378
55.496
55.794
56.44
57.421
58.786
60.689
63.124
65.863
68.614
71.166
73.464
75.55
77.46
79.152
80.589
81.821
82.963
84.113
85.318
86.577
87.859
89.161
90.494
91.854
93.22
94.565
95.854
97.065
98.19
99.211
100.12
100.909
101.569
102.097
102.494
102.762
102.906
102.935
102.852
102.658
102.358
101.955
101.456
100.873
100.214
99.49
98.712
97.89
97.035
96.161
95.277
94.393
93.517
92.659
91.827
91.034
90.292
89.61
89.001
88.477
88.047
87.725
87.519
87.439
87.494
87.691
88.038
88.54
89.205
90.038
91.044
92.225
93.586
95.128
96.852
98.759
100.845
103.11
105.549
108.158
110.931
113.861
116.942
120.163
123.517
126.992
130.578
134.262
138.031
141.872
145.77
149.71
153.677
157.655
161.627
165.576
169.488
173.344
177.128
180.823
184.414
187.883
191.216
194.396
197.408
200.239
202.874
205.301
207.508
209.483
211.216
212.699
213.923
214.881
215.568
215.977
216.106
215.952
215.514
214.791
213.786
212.499
210.936
209.099
206.996
204.632
202.016
199.157
196.064
192.748
189.221
185.494
181.582
177.497
173.254
168.867
164.353
159.725
154.999
150.192
145.32
140.398
135.441
130.466
125.488
120.522
115.583
110.686
105.843
101.068
96.375
91.775
87.28
82.9
78.645
74.524
70.546
66.719
63.049
59.542
56.203
53.036
50.045
47.233
44.6
42.149
39.88
37.791
35.881
34.15
32.593
31.208
29.991
28.938
28.043
27.302
26.709
26.258
25.942
25.755
25.689
25.738
25.895
26.152
26.501
26.936
27.449
28.033
28.68
29.383
30.136
30.931
31.762
32.622
33.506
34.407
35.319
36.238
37.158
38.074
38.983
39.88
40.762
41.625
42.466
43.283
44.074
44.837
45.57
46.272
46.942
47.581
48.188
48.764
49.308
49.823
50.31
50.77
51.205
51.617
52.01
52.384
52.744
53.092
53.431
53.765
54.097
54.431
54.77
55.118
55.478
55.854
56.25
56.668
57.112
57.586
58.091
58.633
59.213
59.834
60.498
61.207
61.964
62.768
63.623
64.526
65.479
66.481
67.531
68.627
69.767
70.949
72.17
73.426
74.714
76.03
77.369
78.726
80.096
81.473
82.851
84.225
85.589
86.935
88.258
89.551
90.807
92.021
93.186
94.295
95.342
96.322
97.228
98.056
98.801
99.457
100.023
100.496
100.878
101.167
101.364
101.472
101.491
101.426
101.278
101.05
100.744
100.361
99.906
99.384
98.803
98.17
97.49
96.769
96.014
95.233
94.435
93.626
92.814
92.01
91.227
90.484
89.802
89.197
88.685
88.278
87.981
87.801
87.74
87.796
87.973
88.272
88.686
89.208
89.82
90.495
91.224
91.981
92.728
93.454
94.161
94.877
95.706
96.741
98.013
99.553
101.361
103.358
105.491
107.645
109.535
110.904
111.629
111.66
111.119
110.295
109.363
108.588
108.532
109.748
112.7
117.718
124.73
133.39
143.493
154.633
165.924
176.325
184.648
189.744
190.9
187.598
179.246
165.59
147.301
125.724
102.005
77.229
51.773
25.337
-0.263
-22.29
-38.573
-46.512
-46.431
-41.328
-33.578
-26.151
-20.842
-17.018
-14.289
-12.435
-11.385
-11.783
-14.002
-17.629
-21.816
-25.949
-29.759
-33.151
-36.217
-38.944
-41.162
-43.016
-44.906
-47.043
-49.537
-52.406
-55.501
-58.781
-62.31
-66.009
-69.737
-73.397
-76.889
-80.185
-83.332
-86.333
-89.166
-91.836
-94.347
-96.716
-98.977
-101.143
-103.223
-105.227
-107.172
-109.078
-110.967
-112.848
-114.724
-116.596
-118.459
-120.312
-122.148
-123.958
-125.739
-127.482
-129.181
-130.831
-132.425
-133.954
-135.411
-136.784
-138.064
-139.242
-140.311
-141.264
-142.095
-142.798
-143.369
-143.805
-144.101
-144.253
-144.255
-144.103
-143.792
-143.32
-142.682
-141.876
-140.899
-139.751
-138.432
-136.942
-135.282
-133.454
-131.46
-129.304
-126.988
-124.517
-121.896
-119.13
-116.226
-113.19
-110.031
-106.757
-103.377
-99.901
-96.339
-92.702
-89.003
-85.253
-81.464
-77.651
-73.826
-70.003
-66.198
-62.425
-58.698
-55.033
-51.446
-47.951
-44.563
-41.298
-38.169
-35.19
-32.376
-29.738
-27.29
-25.043
-23.009
-21.197
-19.617
-18.278
-17.188
-16.352
-15.777
-15.467
-15.424
-15.65
-16.147
-16.914
-17.948
-19.247
-20.806
-22.618
-24.676
-26.972
-29.495
-32.235
-35.178
-38.311
-41.619
-45.086
-48.696
-52.432
-56.275
-60.206
-64.208
-68.26
-72.343
-76.437
-80.522
-84.58
-88.591
-92.536
-96.396
-100.154
-103.794
-107.297
-110.65
-113.837
-116.844
-119.66
-122.274
-124.675
-126.854
-128.805
-130.522
-132.001
-133.238
-134.233
-134.987
-135.5
-135.776
-135.82
-135.637
-135.235
-134.622
-133.807
-132.801
-131.615
-130.262
-128.753
-127.103
-125.325
-123.434
-121.443
-119.368
-117.224
-115.025
-112.786
-110.521
-108.246
-105.974
-103.718
-101.492
-99.309
-97.181
-95.119
-93.133
-91.234
-89.43
-87.729
-86.139
-84.666
-83.315
-82.09
-80.995
-80.032
-79.202
-78.508
-77.948
-77.522
-77.228
-77.065
-77.031
-77.121
-77.334
-77.664
-78.108
-78.662
-79.32
-80.077
-80.93
-81.872
-82.897
-84.001
-85.177
-86.42
-87.723
-89.082
-90.49
-91.942
-93.431
-94.953
-96.502
-98.073
-99.661
-101.262
-102.871
-104.484
-106.096
-107.706
-109.308
-110.899
-112.477
-114.039
-115.581
-117.101
-118.596
-120.064
-121.503
-122.909
-124.28
-125.614
-126.908
-128.159
-129.366
-130.526
-131.636
-132.696
-133.703
-134.657
-135.557
-136.403
-137.193
-137.93
-138.611
-139.239
-139.813
-140.335
-140.804
-141.222
-141.591
-141.912
-142.187
-142.417
-142.606
-142.756
-142.869
-142.949
-142.999
-143.021
-143.019
-142.997
-142.959
-142.909
-142.852
-142.794
-142.739
-142.694
-142.663
-142.65
-142.659
-142.691
-142.75
-142.835
-142.948
-143.091
-143.265
-143.474
-143.722
-144.014
-144.354
-144.747
-145.194
-145.702
-146.271
-146.906
-147.61
-148.384
-149.231
-150.151
-151.145
-152.21
-153.346
-154.545
-155.795
-157.082
-158.387
-159.695
-160.994
-162.267
-163.497
-164.662
-165.746
-166.744
-167.666
-168.528
-169.353
-170.148
-170.936
-171.752
-172.614
-173.53
-174.471
-175.338
-176.051
-176.563
-176.823
-176.834
-176.668
-176.423
-176.327
-176.743
-177.961
-180.255
-183.832
-188.633
-194.451
-200.985
-207.513
-213.093
-216.912
-217.992
-215.762
-210.477
-202.02
-190.256
-175.376
-157.086
-136.763
-117.66
-102.963
-96.005
-97.965
-107.023
-120.726
-136.752
-154.181
-173.764
-196.249
-220.564
-243.734
-262.22
-272.779
-275.047
-271.26
-263.849
-255.591
-247.696
-239.736
-231.866
-224.118
-216.728
-210.527
-205.681
-201.901
-198.89
-196.084
-192.999
-189.494
-185.519
-181.104
-176.395
-171.551
-166.72
-162.095
-157.864
-154.106
-150.833
-148.019
-145.593
-143.499
-141.696
-140.126
-138.715
-137.418
-136.205
-135.057
-133.977
-132.957
-131.982
-131.046
-130.148
-129.291
-128.484
-127.739
-127.059
-126.454
-125.935
-125.514
-125.208
-125.026
-124.966
-125.026
-125.198
-125.473
-125.842
-126.292
-126.805
-127.364
-127.953
-128.555
-129.156
-129.74
-130.287
-130.78
-131.2
-131.53
-131.753
-131.857
-131.828
-131.654
-131.323
-130.828
-130.161
-129.314
-128.281
-127.055
-125.63
-124.001
-122.165
-120.12
-117.864
-115.397
-112.722
-109.84
-106.756
-103.476
-100.005
-96.35
-92.519
-88.52
-84.363
-80.058
-75.615
-71.046
-66.364
-61.58
-56.709
-51.763
-46.757
-41.703
-36.617
-31.511
-26.4
-21.297
-16.215
-11.168
-6.168
-1.228
3.641
8.425
13.116
17.702
22.175
26.525
30.746
34.829
38.77
42.563
46.204
49.689
53.016
56.183
59.189
62.035
64.721
67.248
69.62
71.838
73.908
75.833
77.619
79.271
80.794
82.196
83.484
84.663
85.743
86.729
87.631
88.456
89.212
89.906
90.546
91.14
91.694
92.216
92.711
93.186
93.647
94.097
94.542
94.986
95.433
95.884
96.342
96.81
97.287
97.775
98.272
98.78
99.295
99.817
100.344
100.872
101.399
101.922
102.437
102.94
103.428
103.894
104.336
104.749
105.128
105.469
105.768
106.022
106.226
106.377
106.473
106.512
106.491
106.409
106.266
106.061
105.795
105.47
105.087
104.65
104.16
103.623
103.043
102.425
101.774
101.097
100.4
99.691
98.976
98.263
97.56
96.875
96.217
95.594
95.014
94.485
94.016
93.614
93.286
93.041
92.883
92.82
92.857
92.999
93.249
93.612
94.088
94.68
95.388
96.211
97.149
98.197
99.354
100.614
101.973
103.423
104.96
106.573
108.256
109.999
111.793
113.627
115.491
117.374
119.266
121.154
123.028
124.876
126.687
128.451
130.157
131.794
133.352
134.822
136.195
137.463
138.619
139.656
140.569
141.354
142.008
142.527
142.911
143.16
143.275
143.258
143.111
142.839
142.447
141.941
141.328
140.617
139.816
138.934
137.982
136.968
135.903
134.798
133.662
132.507
131.343
130.179
129.026
127.895
126.796
125.737
124.728
123.776
122.89
122.077
121.341
120.687
120.12
119.642
119.255
118.962
118.762
118.655
118.64
118.715
118.875
119.118
119.437
119.826
120.277
120.785
121.34
121.937
122.569
123.23
123.915
124.617
125.331
126.052
126.772
127.484
128.18
128.851
129.487
130.08
130.625
131.116
131.548
131.917
132.218
132.447
132.604
132.688
132.701
132.642
132.512
132.313
132.057
131.758
131.434
131.1
130.763
130.436
130.131
129.864
129.654
129.504
129.399
129.322
129.248
129.161
129.067
128.957
128.793
128.562
128.266
127.941
127.695
127.607
127.66
127.835
128.107
128.4
128.672
128.809
128.511
127.512
125.708
123.095
119.825
116.199
112.441
108.906
106.306
105.361
106.633
110.552
116.851
125.039
135.135
146.554
158.965
171.981
183.316
191.311
194.35
190.512
180.981
167.32
150.519
132.667
113.758
93.455
73.84
56.559
43.837
37.746
37.196
40.915
47.463
54.991
63.326
71.82
79.613
86.605
92.023
95.404
96.927
96.537
94.711
92.436
90.219
88.335
87.031
86.263
86.015
86.444
87.405
88.501
89.535
90.398
91.055
91.64
92.182
92.584
92.862
93.099
93.34
93.635
93.98
94.305
94.6
94.882
95.155
95.416
95.643
95.8
95.859
95.801
95.606
95.262
94.759
94.089
93.254
92.258
91.108
89.815
88.384
86.819
85.119
83.286
81.32
79.232
77.028
74.72
72.322
69.844
67.301
64.706
62.072
59.413
56.741
54.064
51.395
48.746
46.129
43.559
41.048
38.608
36.253
33.994
31.842
29.809
27.903
26.131
24.501
23.019
21.689
20.517
19.505
18.657
17.974
17.457
17.106
16.921
16.9
17.039
17.336
17.784
18.379
19.114
19.981
20.973
22.08
23.295
24.608
26.009
27.487
29.033
30.635
32.282
33.963
35.667
37.383
39.1
40.807
42.495
44.153
45.773
47.346
48.862
50.314
51.694
52.995
54.21
55.333
56.358
57.28
58.094
58.796
59.384
59.853
60.201
60.427
60.53
60.508
60.361
60.091
59.697
59.181
58.545
57.792
56.924
55.945
54.859
53.67
52.381
50.999
49.527
47.972
46.338
44.631
42.857
41.022
39.133
37.195
35.214
33.199
31.155
29.089
27.009
24.92
22.832
20.75
18.683
16.637
14.62
12.639
10.701
8.813
6.981
5.213
3.515
1.892
0.35
-1.106
-2.47
-3.738
-4.906
-5.97
-6.927
-7.773
-8.507
-9.126
-9.629
-10.013
-10.28
-10.428
-10.457
-10.37
-10.166
-9.848
-9.419
-8.882
-8.241
-7.5
-6.664
-5.74
-4.733
-3.65
-2.499
-1.288
-0.025
1.282
2.623
3.99
5.373
6.761
8.147
9.519
10.868
12.183
13.456
14.676
15.833
16.919
17.922
18.835
19.648
20.354
20.942
21.406
21.738
21.93
21.977
21.872
21.61
21.186
20.598
19.841
18.915
17.818
16.55
15.111
13.503
11.728
9.788
7.688
5.43
3.021
0.467
-2.228
-5.054
-8.005
-11.073
-14.248
-17.521
-20.883
-24.323
-27.831
-31.396
-35.008
-38.653
-42.32
-45.997
-49.67
-53.328
-56.955
-60.54
-64.07
-67.533
-70.917
-74.21
-77.402
-80.481
-83.437
-86.261
-88.942
-91.471
-93.838
-96.034
-98.054
-99.889
-101.532
-102.979
-104.223
-105.262
-106.093
-106.713
-107.118
-107.308
-107.282
-107.041
-106.586
-105.92
-105.043
-103.959
-102.673
-101.192
-99.522
-97.67
-95.639
-93.436
-91.07
-88.545
-85.87
-83.047
-80.074
-76.952
-73.69
-70.299
-66.793
-63.189
-59.498
-55.736
-51.929
-48.094
-44.246
-40.393
-36.533
-32.672
-28.83
-25.028
-21.303
-17.681
-14.182
-10.819
-7.592
-4.485
-1.469
1.505
4.493
7.529
10.641
13.81
16.969
20.048
22.957
25.613
27.994
30.09
31.901
33.54
35.179
36.973
39.163
41.907
45.247
49.227
53.809
58.719
63.587
68.015
71.447
73.397
73.426
71.041
65.981
58.319
48.365
36.551
23.463
9.78
-3.57
-15.456
-24.928
-31.275
-34.06
-32.932
-27.497
-17.61
-3.673
13.483
32.902
53.575
74.525
94.577
112.186
125.963
135.038
139.044
137.927
131.814
121.107
106.697
90
72.539
55.626
40.237
27.196
17.359
11.214
8.764
9.627
13.13
18.582
25.409
32.909
40.153
46.482
51.529
55.113
57.339
58.357
58.299
57.508
56.489
55.582
54.982
54.777
54.884
55.233
55.773
56.346
56.777
56.968
56.893
56.609
56.222
55.801
55.387
55.017
54.721
54.513
54.393
54.334
54.309
54.302
54.317
54.378
54.503
54.698
54.957
55.264
55.606
55.977
56.367
56.765
57.166
57.566
57.968
58.383
58.818
59.274
59.75
60.238
60.731
61.227
61.721
62.211
62.695
63.168
63.63
64.078
64.513
64.932
65.33
65.701
66.043
66.351
66.624
66.857
67.049
67.198
67.303
67.362
67.376
67.345
67.267
67.143
66.974
66.761
66.504
66.206
65.868
65.492
65.08
64.635
64.159
63.656
63.127
62.576
62.005
61.418
60.817
60.204
59.582
58.951
58.312
57.668
57.018
56.363
55.701
55.034
54.361
53.679
52.988
52.284
51.566
50.83
50.073
49.293
48.484
47.644
46.767
45.852
44.893
43.886
42.829
41.716
40.545
39.311
38.013
36.647
35.211
33.702
32.121
30.466
28.736
26.932
25.056
23.108
21.091
19.009
16.863
14.66
12.403
10.098
7.751
5.369
2.959
0.529
-1.914
-4.362
-6.804
-9.234
-11.642
-14.018
-16.355
-18.643
-20.875
-23.041
-25.134
-27.146
-29.069
-30.898
-32.627
-34.248
-35.759
-37.154
-38.431
-39.586
-40.617
-41.525
-42.308
-42.967
-43.503
-43.919
-44.219
-44.404
-44.481
-44.455
-44.332
-44.118
-43.821
-43.448
-43.008
-42.51
-41.961
-41.372
-40.752
-40.109
-39.453
-38.793
-38.138
-37.497
-36.878
-36.29
-35.739
-35.234
-34.781
-34.387
-34.057
-33.796
-33.609
-33.499
-33.47
-33.524
-33.662
-33.887
-34.197
-34.594
-35.075
-35.639
-36.284
-37.006
-37.801
-38.666
-39.596
-40.586
-41.63
-42.722
-43.857
-45.028
-46.229
-47.453
-48.694
-49.945
-51.2
-52.453
-53.698
-54.928
-56.138
-57.323
-58.477
-59.596
-60.675
-61.71
-62.697
-63.632
-64.512
-65.336
-66.1
-66.802
-67.442
-68.018
-68.53
-68.978
-69.362
-69.684
-69.944
-70.144
-70.286
-70.372
-70.405
-70.388
-70.323
-70.214
-70.064
-69.878
-69.657
-69.406
-69.128
-68.827
-68.507
-68.171
-67.822
-67.465
-67.104
-66.743
-66.386
-66.037
-65.701
-65.382
-65.085
-64.813
-64.571
-64.363
-64.193
-64.066
-63.984
-63.951
-63.973
-64.051
-64.189
-64.39
-64.658
-64.995
-65.403
-65.886
-66.444
-67.08
-67.796
-68.593
-69.472
-70.434
-71.481
-72.614
-73.832
-75.133
-76.516
-77.976
-79.508
-81.109
-82.773
-84.495
-86.268
-88.087
-89.948
-91.849
-93.785
-95.75
-97.737
-99.737
-101.745
-103.754
-105.76
-107.756
-109.732
-111.678
-113.587
-115.45
-117.26
-119.002
-120.656
-122.198
-123.606
-124.867
-125.971
-126.908
-127.666
-128.231
-128.591
-128.749
-128.717
-128.51
-128.15
-127.654
-127.028
-126.297
-125.508
-124.683
-123.83
-122.919
-121.851
-120.542
-118.987
-117.182
-115.133
-112.917
-110.578
-108.223
-106.139
-104.591
-103.69
-103.472
-103.792
-104.312
-104.802
-104.967
-104.22
-101.96
-97.672
-90.956
-81.828
-70.653
-57.706
-43.386
-28.485
-14.038
-1.341
8.329
14.105
15.694
13.097
5.949
-5.975
-22.799
-44.894
-70.712
-97.373
-122.105
-141.205
-153.195
-159.539
-161.691
-161.785
-160.871
-157.853
-152.321
-144.608
-135.616
-126.953
-119.502
-113.416
-108.72
-105.379
-103.441
-102.759
-102.809
-103.02
-103.074
-102.875
-102.438
-101.715
-100.54
-98.898
-97.014
-95.195
-93.646
-92.43
-91.494
-90.804
-90.403
-90.294
-90.402
-90.593
-90.742
-90.797
-90.764
-90.66
-90.484
-90.23
-89.895
-89.502
-89.083
-88.658
-88.239
-87.831
-87.441
-87.086
-86.783
-86.542
-86.368
-86.262
-86.217
-86.23
-86.295
-86.402
-86.542
-86.71
-86.896
-87.094
-87.298
-87.498
-87.686
-87.851
-87.984
-88.074
-88.114
-88.095
-88.012
-87.859
-87.631
-87.326
-86.941
-86.47
-85.91
-85.259
-84.512
-83.668
-82.725
-81.682
-80.54
-79.3
-77.964
-76.534
-75.016
-73.411
-71.725
-69.962
-68.129
-66.23
-64.272
-62.263
-60.208
-58.117
-55.996
-53.855
-51.702
-49.546
-47.396
-45.261
-43.151
-41.076
-39.043
-37.063
-35.145
-33.297
-31.528
-29.847
-28.26
-26.776
-25.402
-24.142
-23.004
-21.991
-21.107
-20.356
-19.74
-19.26
-18.917
-18.711
-18.642
-18.708
-18.908
-19.237
-19.693
-20.271
-20.967
-21.774
-22.687
-23.698
-24.8
-25.985
-27.245
-28.569
-29.95
-31.376
-32.839
-34.328
-35.833
-37.343
-38.848
-40.337
-41.801
-43.229
-44.613
-45.942
-47.209
-48.405
-49.521
-50.552
-51.49
-52.33
-53.065
-53.691
-54.204
-54.6
-54.877
-55.032
-55.063
-54.97
-54.753
-54.411
-53.947
-53.361
-52.656
-51.835
-50.902
-49.86
-48.713
-47.468
-46.128
-44.7
-43.189
-41.602
-39.944
-38.222
-36.442
-34.611
-32.735
-30.819
-28.871
-26.896
-24.899
-22.886
-20.862
-18.832
-16.801
-14.772
-12.751
-10.74
-8.743
-6.763
-4.803
-2.864
-0.95
0.939
2.8
4.634
6.439
8.215
9.961
11.679
13.367
15.027
16.66
18.265
19.845
21.4
22.931
24.44
25.927
27.394
28.84
30.268
31.677
33.069
34.443
35.799
37.138
38.459
39.762
41.045
42.308
43.55
44.768
45.962
47.128
48.266
49.372
50.444
51.48
52.475
53.428
54.335
55.192
55.995
56.742
57.427
58.048
58.6
59.079
59.482
59.803
60.04
60.188
60.243
60.203
60.064
59.821
59.474
59.018
58.452
57.775
56.984
56.079
55.06
53.925
52.675
51.31
49.831
48.239
46.535
44.721
42.798
40.771
38.64
36.411
34.086
31.67
29.166
26.581
23.919
21.186
18.388
15.531
12.623
9.67
6.679
3.659
0.617
-2.44
-5.501
-8.561
-11.611
-14.643
-17.648
-20.618
-23.545
-26.421
-29.237
-31.984
-34.654
-37.235
-39.717
-42.091
-44.349
-46.481
-48.478
-50.333
-52.04
-53.593
-54.99
-56.226
-57.296
-58.196
-58.92
-59.466
-59.832
-60.016
-60.015
-59.828
-59.455
-58.895
-58.148
-57.21
-56.071
-54.724
-53.16
-51.377
-49.372
-47.151
-44.725
-42.109
-39.324
-36.389
-33.315
-30.125
-26.839
-23.481
-20.086
-16.685
-13.305
-9.985
-6.779
-3.7
-0.757
2.08
4.921
7.834
10.833
13.956
17.221
20.57
23.993
27.408
30.479
32.973
34.87
36.111
37.037
38.412
40.327
42.743
45.584
47.836
49.914
53.54
60.097
71.518
87.523
105.081
121.228
132.783
138.082
137.663
132.064
122.026
107.962
89.531
66.277
37.881
5.321
-28.76
-60.02
-83.938
-98.37
-103.944
-103.62
-100.722
-97.061
-92.912
-87.721
-81.401
-74.443
-67.651
-61.999
-57.972
-55.606
-54.657
-54.427
-54.1
-53.264
-51.764
-49.542
-46.599
-42.833
-38.216
-33.017
-27.682
-22.511
-17.632
-13.058
-8.736
-4.715
-1.06
2.287
5.475
8.654
11.941
15.375
18.934
22.625
26.467
30.462
34.605
38.862
43.188
47.555
51.949
56.358
60.774
65.176
69.532
73.809
77.974
82.001
85.878
89.589
93.121
96.465
99.613
102.565
105.329
107.91
110.31
112.532
114.575
116.444
118.148
119.697
121.098
122.358
123.485
124.485
125.367
126.139
126.806
127.375
127.852
128.241
128.55
128.786
128.957
129.07
129.131
129.147
129.126
129.072
128.993
128.892
128.775
128.646
128.508
128.364
128.218
128.07
127.924
127.779
127.635
127.492
127.348
127.202
127.052
126.893
126.723
126.538
126.332
126.102
125.841
125.544
125.206
124.819
124.378
123.875
123.305
122.661
121.937
121.126
120.222
119.22
118.113
116.899
115.571
114.126
112.561
110.873
109.061
107.124
105.061
102.872
100.561
98.128
95.578
92.915
90.143
87.27
84.303
81.249
78.118
74.92
71.664
68.364
65.03
61.676
58.316
54.963
51.632
48.337
45.095
41.919
38.825
35.829
32.945
30.19
27.576
25.119
22.832
20.728
18.819
17.118
15.634
14.377
13.356
12.578
12.05
11.777
11.763
12.011
12.521
13.295
14.33
15.626
17.177
18.979
21.026
23.311
25.824
28.556
31.496
34.634
37.955
41.448
45.098
48.891
52.811
56.844
60.974
65.185
69.461
73.787
78.147
82.527
86.911
91.285
95.636
99.95
104.215
108.418
112.55
116.6
120.557
124.415
128.164
131.799
135.313
138.701
141.959
145.084
148.074
150.927
153.643
156.222
158.664
160.972
163.147
165.192
167.112
168.909
170.587
172.151
173.605
174.954
176.201
177.352
178.408
179.376
180.257
181.055
181.774
182.417
182.985
183.481
183.907
184.266
184.557
184.784
184.947
185.047
185.085
185.062
184.978
184.833
184.627
184.361
184.035
183.649
183.203
182.697
182.132
181.508
180.826
180.088
179.294
178.448
177.554
176.614
175.635
174.62
173.577
172.51
171.427
170.334
169.237
168.144
167.059
165.991
164.947
163.936
162.964
162.039
161.169
160.363
159.629
158.975
158.408
157.933
157.553
157.277
157.111
157.064
157.139
157.336
157.651
158.082
158.62
159.254
159.968
160.734
161.53
162.335
163.129
163.896
164.618
165.267
165.82
166.254
166.558
166.73
166.768
166.671
166.45
166.123
165.725
165.305
164.897
164.524
164.205
163.953
163.795
163.756
163.848
164.064
164.377
164.748
165.136
165.493
165.754
165.822
165.579
164.894
163.657
161.779
159.169
155.731
151.35
145.918
139.367
131.668
122.818
112.827
101.71
89.499
76.272
62.152
47.3
31.888
16.073
0.011
-16.129
-32.152
-47.808
-62.856
-77.089
-90.323
-102.414
-113.219
-122.54
-130.235
-136.253
-140.634
-143.547
-145.192
-145.676
-145.105
-143.694
-141.652
-139.062
-135.815
-131.544
-125.786
-118.54
-110.29
-100.978
-90.364
-78.009
-62.984
-46.697
-32.288
-22.731
-21.299
-28.258
-41.075
-57.731
-76.551
-97.458
-121.16
-146.25
-169.237
-186.01
-194.007
-193.761
-188.457
-181.654
-175.43
-170.076
-164.754
-158.991
-153.03
-147.479
-143.076
-140.015
-138.055
-136.899
-136.088
-135.21
-134.078
-132.58
-130.708
-128.577
-126.305
-124.012
-121.853
-119.971
-118.444
-117.292
-116.477
-115.916
-115.517
-115.206
-114.929
-114.649
-114.354
-114.048
-113.738
-113.44
-113.165
-112.911
-112.674
-112.447
-112.22
-111.995
-111.779
-111.587
-111.442
-111.367
-111.37
-111.458
-111.63
-111.878
-112.198
-112.58
-113.011
-113.48
-113.982
-114.511
-115.064
-115.638
-116.224
-116.812
-117.391
-117.952
-118.484
-118.978
-119.425
-119.818
-120.15
-120.418
-120.618
-120.748
-120.804
-120.783
-120.683
-120.502
-120.238
-119.891
-119.461
-118.95
-118.36
-117.694
-116.958
-116.157
-115.298
-114.387
-113.432
-112.441
-111.423
-110.387
-109.342
-108.299
-107.265
-106.253
-105.273
-104.334
-103.447
-102.622
-101.869
-101.199
-100.619
-100.139
-99.768
-99.512
-99.378
-99.372
-99.499
-99.765
-100.17
-100.718
-101.408
-102.241
-103.214
-104.327
-105.575
-106.954
-108.457
-110.078
-111.81
-113.642
-115.566
-117.567
-119.634
-121.752
-123.907
-126.088
-128.28
-130.468
-132.636
-134.766
-136.84
-138.841
-140.753
-142.56
-144.248
-145.8
-147.199
-148.435
-149.499
-150.389
-151.104
-151.627
-151.948
-152.074
-152.019
-151.805
-151.452
-150.958
-150.303
-149.494
-148.539
-147.413
-146.076
-144.534
-142.788
-140.851
-138.86
-136.656
-134.068
-131.47
-128.964
-127.211
-126.9
-126.991
-126.73
-124.884
-119.959
-113.006
-104.933
-96.561
-89.387
-83.005
-77.034
-71.899
-67.549
-64.534
-63.485
-64.195
-66.202
-69.032
-72.055
-74.681
-76.556
-77.298
-76.484
-74.138
-70.598
-66.243
-61.625
-57.214
-53.234
-49.979
-47.79
-46.744
-46.761
-47.653
-49.066
-50.769
-52.69
-54.714
-56.722
-58.655
-60.477
-62.228
-64.04
-65.971
-68.02
-70.183
-72.436
-74.77
-77.193
-79.691
-82.23
-84.788
-87.355
-89.925
-92.51
-95.112
-97.722
-100.334
-102.938
-105.527
-108.098
-110.643
-113.159
-115.636
-118.066
-120.443
-122.76
-125.012
-127.194
-129.301
-131.325
-133.264
-135.115
-136.876
-138.548
-140.13
-141.623
-143.025
-144.336
-145.557
-146.688
-147.73
-148.684
-149.549
-150.326
-151.017
-151.623
-152.146
-152.585
-152.943
-153.219
-153.415
-153.53
-153.565
-153.52
-153.395
-153.189
-152.903
-152.536
-152.088
-151.558
-150.947
-150.252
-149.474
-148.61
-147.66
-146.622
-145.494
-144.275
-142.965
-141.563
-140.07
-138.488
-136.817
-135.061
-133.221
-131.3
-129.301
-127.225
-125.075
-122.853
-120.562
-118.206
-115.791
-113.322
-110.806
-108.252
-105.667
-103.06
-100.439
-97.815
-95.193
-92.581
-89.986
-87.418
-84.888
-82.41
-79.997
-77.655
-75.394
-73.219
-71.136
-69.145
-67.246
-65.429
-63.687
-62.011
-60.396
-58.836
-57.327
-55.865
-54.444
-53.058
-51.709
-50.406
-49.16
-47.981
-46.879
-45.867
-44.955
-44.172
-43.551
-43.117
-42.905
-42.95
-43.273
-43.9
-44.857
-46.123
-47.643
-49.329
-51.044
-52.679
-54.17
-55.425
-56.36
-56.97
-57.296
-57.459
-57.633
-57.869
-58.109
-58.307
-58.445
-58.462
-58.142
-57.172
-54.971
-50.783
-44.532
-36.446
-27.09
-17.895
-8.763
1.687
14.733
32.44
54.216
76.414
96.232
110.954
119.995
126.171
130.249
131.127
127.199
114.597
92.035
62.435
29.933
1.151
-18.29
-27.065
-26.32
-19.864
-11.52
-2.672
6.809
18.015
31.214
45.338
58.867
70.257
78.708
83.986
86.134
85.634
83.18
79.599
75.77
72.245
69.34
67.381
66.522
66.734
67.877
69.592
71.466
73.316
75.051
76.574
77.864
78.906
79.695
80.342
80.988
81.687
82.463
83.324
84.244
85.226
86.273
87.354
88.427
89.451
90.397
91.249
92.005
92.659
93.204
93.635
93.945
94.136
94.206
94.148
93.953
93.607
93.096
92.41
91.538
90.475
89.214
87.749
86.075
84.19
82.091
79.779
77.251
74.509
71.551
68.38
64.999
61.415
57.636
53.669
49.526
45.22
40.764
36.172
31.459
26.642
21.737
16.762
11.735
6.673
1.598
-3.472
-8.515
-13.511
-18.438
-23.276
-28.004
-32.601
-37.049
-41.327
-45.418
-49.305
-52.972
-56.403
-59.586
-62.507
-65.156
-67.522
-69.597
-71.375
-72.85
-74.02
-74.882
-75.437
-75.687
-75.635
-75.286
-74.646
-73.722
-72.524
-71.061
-69.345
-67.388
-65.203
-62.806
-60.21
-57.433
-54.49
-51.399
-48.175
-44.837
-41.402
-37.886
-34.307
-30.681
-27.025
-23.354
-19.684
-16.029
-12.404
-8.821
-5.293
-1.831
1.555
4.855
8.062
11.167
14.164
17.049
19.817
22.465
24.99
27.39
29.666
31.817
33.844
35.749
37.534
39.201
40.754
42.197
43.533
44.767
45.903
46.947
47.902
48.774
49.567
50.287
50.938
51.526
52.054
52.527
52.95
53.326
53.658
53.952
54.208
54.431
54.622
54.784
54.919
55.028
55.112
55.173
55.213
55.231
55.228
55.206
55.165
55.104
55.026
54.931
54.818
54.69
54.547
54.389
54.219
54.037
53.844
53.643
53.435
53.221
53.003
52.783
52.565
52.348
52.138
51.934
51.742
51.563
51.4
51.257
51.136
51.042
50.976
50.943
50.944
50.984
51.065
51.189
51.359
51.577
51.845
52.165
52.539
52.968
53.452
53.993
54.591
55.246
55.959
56.727
57.552
58.432
59.367
60.357
61.399
62.493
63.638
64.831
66.072
67.359
68.688
70.058
71.466
72.911
74.39
75.901
77.443
79.013
80.61
82.234
83.882
85.553
87.246
88.96
90.694
92.447
94.219
96.01
97.82
99.649
101.499
103.37
105.262
107.176
109.11
111.065
113.04
115.035
117.049
119.081
121.132
123.201
125.289
127.395
129.518
131.658
133.811
135.977
138.151
140.331
142.512
144.689
146.861
149.022
151.17
153.302
155.412
157.499
159.56
161.591
163.589
165.548
167.464
169.331
171.146
172.904
174.603
176.238
177.804
179.299
180.725
182.079
183.358
184.557
185.661
186.663
187.558
188.341
189.008
189.562
190.007
190.357
190.642
190.882
191.097
191.296
191.48
191.651
191.812
191.971
192.141
192.342
192.592
192.913
193.323
193.824
194.398
195.002
195.563
196.011
196.267
196.291
196.103
195.762
195.386
195.082
194.9
194.89
195.128
195.594
196.136
196.515
196.344
195.323
193.4
190.54
186.684
181.943
176.614
171.231
166.639
163.619
162.653
164.225
168.842
176.83
188.316
203.01
220.137
238.826
258.266
277.427
295.078
309.969
320.861
326.884
327.62
322.767
312.241
296.499
276.469
253.423
228.936
204.491
181.416
161.17
144.993
133.505
126.805
124.526
125.894
130.083
136.18
142.949
149.202
154.178
157.462
158.987
158.963
157.596
155.159
152.166
149.15
146.444
144.216
142.431
140.919
139.551
138.21
136.728
134.952
132.798
130.243
127.346
124.222
120.974
117.696
114.45
111.275
108.194
105.218
102.354
99.613
96.994
94.496
92.124
89.882
87.773
85.803
83.958
82.216
80.549
78.931
77.346
75.79
74.26
72.754
71.273
69.816
68.389
67.001
65.655
64.349
63.083
61.856
60.67
59.531
58.447
57.421
56.461
55.569
54.749
54.005
53.339
52.751
52.24
51.804
51.443
51.158
50.948
50.813
50.755
50.773
50.867
51.037
51.282
51.601
51.991
52.449
52.973
53.56
54.206
54.908
55.661
56.463
57.309
58.195
59.115
60.064
61.038
62.029
63.033
64.041
65.049
66.048
67.033
67.996
68.931
69.833
70.693
71.506
72.266
72.966
73.602
74.167
74.655
75.063
75.385
75.617
75.755
75.797
75.74
75.581
75.319
74.954
74.483
73.907
73.228
72.444
71.56
70.576
69.495
68.323
67.061
65.716
64.292
62.796
61.232
59.608
57.931
56.206
54.443
52.647
50.826
48.989
47.142
45.293
43.45
41.62
39.81
38.028
36.281
34.575
32.917
31.312
29.767
28.287
26.876
25.54
24.282
23.104
22.011
21.004
20.083
19.251
18.506
17.849
17.278
16.791
16.385
16.058
15.806
15.626
15.512
15.459
15.464
15.52
15.622
15.764
15.939
16.143
16.367
16.607
16.854
17.104
17.35
17.585
17.804
17.999
18.167
18.3
18.394
18.445
18.448
18.398
18.294
18.132
17.909
17.624
17.276
16.864
16.388
15.849
15.247
14.583
13.859
13.078
12.242
11.353
10.414
9.429
8.402
7.335
6.233
5.099
3.938
2.755
1.552
0.335
-0.893
-2.127
-3.362
-4.596
-5.824
-7.042
-8.248
-9.438
-10.609
-11.759
-12.886
-13.987
-15.062
-16.108
-17.125
-18.112
-19.068
-19.994
-20.889
-21.754
-22.588
-23.392
-24.168
-24.915
-25.635
-26.327
-26.995
-27.638
-28.257
-28.855
-29.432
-29.99
-30.53
-31.054
-31.563
-32.06
-32.545
-33.021
-33.488
-33.949
-34.405
-34.859
-35.313
-35.768
-36.227
-36.693
-37.169
-37.659
-38.165
-38.692
-39.244
-39.824
-40.439
-41.093
-41.791
-42.539
-43.344
-44.212
-45.151
-46.166
-47.265
-48.454
-49.742
-51.136
-52.644
-54.273
-56.03
-57.923
-59.959
-62.146
-64.49
-66.998
-69.676
-72.527
-75.557
-78.769
-82.165
-85.746
-89.513
-93.464
-97.597
-101.908
-106.394
-111.049
-115.867
-120.843
-125.967
-131.233
-136.632
-142.154
-147.788
-153.523
-159.346
-165.241
-171.193
-177.186
-183.205
-189.239
-195.27
-201.28
-207.249
-213.152
-218.968
-224.68
-230.267
-235.706
-240.979
-246.071
-250.976
-255.705
-260.26
-264.64
-268.836
-272.829
-276.617
-280.213
-283.638
-286.912
-290.042
-293.014
-295.837
-298.555
-301.169
-303.65
-305.891
-307.711
-309.012
-309.803
-310.104
-309.922
-309.296
-308.282
-307.109
-306.228
-305.932
-306.276
-307.194
-308.499
-309.973
-311.394
-312.29
-311.825
-309.329
-304.496
-297.288
-288.014
-277.179
-265.409
-253.683
-243.468
-236.207
-233.027
-234.811
-241.988
-254.512
-271.974
-293.534
-317.801
-343.059
-367.557
-389.508
-407.323
-420.307
-428.525
-431.721
-429.833
-422.721
-409.776
-392.696
-374.542
-357.903
-345.848
-338.829
-334.722
-331.845
-328
-322.175
-315.374
-308.245
-301.283
-294.611
-287.531
-279.627
-271.019
-262.084
-253.253
-244.737
-236.52
-228.509
-220.681
-213.105
-205.751
-198.491
-191.199
-183.774
-176.188
-168.488
-160.693
-152.796
-144.799
-136.722
-128.595
-120.465
-112.366
-104.313
-96.32
-88.402
-80.585
-72.901
-65.381
-58.046
-50.905
-43.965
-37.228
-30.695
-24.367
-18.238
-12.299
-6.536
-0.939
4.502
9.796
14.954
19.991
24.924
29.768
34.54
39.253
43.92
48.554
53.168
57.774
62.382
67
71.638
76.304
81.006
85.752
90.549
95.4
100.31
105.281
110.316
115.414
120.573
125.791
131.064
136.386
141.752
147.155
152.585
158.034
163.492
168.947
174.388
179.8
185.172
190.488
195.734
200.895
205.956
210.903
215.719
220.392
224.905
229.246
233.401
237.358
241.104
244.629
247.923
250.976
253.78
256.329
258.616
260.636
262.385
263.861
265.063
265.988
266.639
267.016
267.123
266.962
266.539
265.859
264.928
263.754
262.345
260.712
258.862
256.807
254.558
252.127
249.524
246.763
243.854
240.811
237.646
234.37
230.995
227.533
223.995
220.391
216.732
213.027
209.285
205.516
201.727
197.926
194.12
190.317
186.521
182.739
178.976
175.235
171.52
167.835
164.181
160.56
156.972
153.418
149.898
146.411
142.953
139.524
136.12
132.738
129.372
126.019
122.674
119.331
115.984
112.629
109.26
105.871
102.456
99.011
95.53
92.007
88.437
84.814
81.133
77.389
73.577
69.691
65.728
61.683
57.551
53.329
49.013
44.6
40.088
35.474
30.759
25.941
21.02
15.997
10.875
5.654
0.338
-5.072
-10.572
-16.157
-21.823
-27.56
-33.362
-39.225
-45.142
-51.111
-57.13
-63.196
-69.304
-75.45
-81.628
-87.83
-94.046
-100.261
-106.462
-112.633
-118.764
-124.85
-130.882
-136.85
-142.739
-148.523
-154.178
-159.688
-165.039
-170.223
-175.241
-180.081
-184.745
-189.267
-193.652
-197.893
-201.959
-205.754
-209.205
-212.327
-215.136
-217.666
-220.046
-222.41
-224.949
-227.974
-231.69
-236.129
-241.237
-246.824
-252.537
-258.022
-262.88
-266.623
-268.942
-269.716
-268.989
-266.998
-264.152
-260.907
-257.709
-254.992
-253.049
-252.062
-252.091
-253.091
-254.928
-257.331
-260.072
-262.996
-265.992
-268.988
-271.948
-274.806
-277.509
-280.169
-282.881
-285.667
-288.562
-291.542
-294.575
-297.686
-300.889
-304.104
-307.252
-310.282
-313.142
-315.841
-318.407
-320.848
-323.193
-325.478
-327.731
-329.978
-332.235
-334.497
-336.755
-339.004
-341.235
-343.453
-345.669
-347.891
-350.129
-352.382
-354.645
-356.909
-359.154
-361.36
-363.508
-365.581
-367.579
-369.51
-371.383
-373.203
-374.96
-376.633
-378.201
-379.657
-380.998
-382.212
-383.265
-384.143
-384.87
-385.531
-386.218
-386.966
-387.722
-388.406
-388.997
-389.495
-389.864
-389.956
-389.546
-388.503
-386.86
-384.806
-382.498
-379.995
-377.342
-374.775
-372.685
-371.451
-371.347
-372.323
-374.187
-376.971
-380.806
-385.462
-390.538
-395.255
-398.305
-399.284
-398.385
-395.816
-392.809
-389.608
-384.843
-377.158
-363.876
-343.656
-318.917
-293.584
-273.646
-264.087
-265.488
-276.087
-292.321
-310.956
-331.08
-352.869
-376.755
-402.449
-428.884
-454.669
-478.176
-498.258
-514.15
-525.251
-531.667
-533.885
-532.142
-526.836
-518.483
-507.317
-494.245
-480.378
-465.845
-450.865
-435.017
-417.524
-399.439
-381.697
-365.195
-350.912
-337.491
-323.66
-308.609
-291.334
-272.538
-252.814
-232.36
-211.832
-191.255
-170.752
-150.713
-131.24
-112.548
-94.898
-78.358
-62.953
-48.639
-35.243
-22.654
-10.84
0.214
10.495
20.011
28.804
36.9
44.333
51.157
57.441
63.3
68.876
74.278
79.587
84.868
90.157
95.508
100.995
106.663
112.563
118.746
125.247
132.12
139.404
147.093
155.183
163.657
172.428
181.39
190.452
199.494
208.466
217.392
226.213
234.833
243.259
251.543
259.756
268.022
276.274
284.246
291.798
298.903
305.467
311.388
316.509
320.563
323.563
325.836
327.609
329.016
330.199
331.226
332.242
333.539
335.184
337.002
338.876
340.699
342.386
343.962
345.395
346.546
347.371
347.91
348.168
348.205
348.092
347.812
347.345
346.743
346.091
345.403
344.68
343.898
342.838
341.738
341.318
341.395
341.499
340.361
335.457
327.2
318.05
310.909
310.254
315.855
323.404
329.172
328.456
320.956
310.969
301.458
295.328
293.226
292.317
290.928
288.642
285.441
283.529
284.568
286.979
288.659
286.11
276.123
261.257
246.482
237.129
237.991
246.983
257.82
265.025
263.872
254.886
242.757
230.701
221.254
214.637
208.472
201.77
194.254
186.073
178.54
172.351
167.484
163.923
161.295
159.045
156.916
154.643
151.795
148.139
143.599
138.147
131.994
125.503
118.862
112.212
105.721
99.424
93.337
87.474
81.724
75.936
70.032
63.959
57.695
51.276
44.721
38.058
31.356
24.691
18.163
11.88
5.943
0.454
-4.498
-8.841
-12.495
-15.393
-17.477
-18.684
-18.976
-18.333
-16.727
-14.162
-10.668
-6.293
-1.13
4.697
11.067
17.84
24.891
32.11
39.37
46.547
53.523
60.165
66.361
72.016
77.017
81.285
84.768
87.433
89.288
90.374
90.727
90.403
89.458
87.941
85.922
83.48
80.692
77.659
74.47
71.204
67.954
64.792
61.771
58.937
56.309
53.884
51.666
49.647
47.812
46.154
44.652
43.274
41.99
40.751
39.518
38.259
36.937
35.526
34.01
32.373
30.612
28.735
26.748
24.657
22.472
20.197
17.841
15.419
12.944
10.437
7.912
5.38
2.849
0.327
-2.185
-4.682
-7.168
-9.653
-12.141
-14.639
-17.149
-19.672
-22.211
-24.766
-27.341
-29.936
-32.552
-35.189
-37.841
-40.501
-43.163
-45.819
-48.467
-51.097
-53.689
-56.233
-58.738
-61.229
-63.733
-66.254
-68.765
-71.235
-73.663
-76.029
-78.252
-80.246
-81.957
-83.388
-84.655
-85.664
-85.995
-85.454
-84.276
-83.607
-85.227
-89.863
-96.507
-102.333
-104.074
-100.313
-92.212
-82.94
-75.481
-71.112
-69.343
-68.551
-67.614
-66.258
-64.598
-62.979
-61.499
-60.016
-58.414
-56.506
-54.068
-50.984
-47.263
-43.056
-38.534
-33.794
-28.881
-23.888
-19.039
-14.628
-10.977
-8.327
-6.823
-6.509
-7.315
-8.978
-11.073
-13.051
-14.169
-13.677
-10.898
-5.339
3.141
14.326
27.784
42.821
58.39
73.334
86.281
95.784
100.79
100.493
94.622
83.754
68.599
49.628
26.692
-0.643
-31.709
-63.801
-92.214
-112.631
-122.771
-123.208
-117.338
-108.118
-98.019
-89.135
-81.769
-76.882
-74.863
-74.233
-74.626
-75.514
-75.722
-75.333
-73.656
-69.08
-61.979
-53.757
-45.672
-40.08
-37.781
-37.003
-36.716
-35.691
-32.964
-29.773
-26.867
-24.431
-22.945
-21.954
-21.017
-20.175
-19.304
-18.386
-17.491
-16.542
-15.453
-14.178
-12.669
-10.897
-8.863
-6.589
-4.081
-1.359
1.538
4.569
7.67
10.771
13.83
16.816
19.686
22.397
24.88
27.036
28.787
30.057
30.767
30.872
30.314
29.045
27.085
24.499
21.4
17.942
14.223
10.308
6.308
2.34
-1.544
-5.337
-9.164
-13.208
-17.499
-21.949
-26.445
-30.819
-34.823
-38.082
-39.998
-39.857
-37.127
-31.533
-23.019
-11.662
2.351
18.645
36.606
55.383
74.114
92.209
109.355
125.342
140.007
153.28
165.161
175.918
186.028
195.77
205.211
214.371
223.241
231.787
240.013
247.75
254.598
260.343
264.971
268.571
271.373
273.739
276.092
278.952
282.971
288.622
296.144
305.615
316.91
329.693
343.473
357.755
372.054
386.004
399.384
412.037
423.879
435.197
446.64
458.6
470.925
482.395
491.121
496.201
498.518
500.881
506.625
517.466
532.441
548.347
562
571.578
577.206
580.545
582.586
583.419
582.67
579.546
573.981
566.728
558.509
549.978
541.829
534.534
528.498
524.106
521.292
519.567
518.455
517.64
516.854
515.93
514.665
512.764
510.19
507.191
504.069
501.01
498.056
495.146
492.28
489.578
487.111
484.842
482.665
480.485
478.259
475.973
473.556
470.817
467.595
463.772
459.216
453.861
447.727
440.875
433.589
426.017
417.794
408.598
398.304
387.938
379.827
375.559
375.464
376.871
374.583
364.686
344.72
315.99
283.536
251.71
225.238
207.081
197.016
195.049
198.656
203.748
207.013
204.223
194.081
178.577
160.781
145.228
134.685
129.47
128.852
131.198
135.805
143.039
153.67
168.844
188.528
211.829
238.038
265.816
294.716
324.682
353.669
379.85
401.238
416.047
425.738
431.959
436.016
439.244
440.733
440.07
437.669
434.18
431.585
430.912
432.085
433.148
429.871
418.567
396.755
365.939
331.718
300.343
278.066
267.199
265.851
270.941
277.54
282.521
285.741
287.338
289.173
292.471
295.611
297.358
295.802
289.328
278.665
263.459
244.289
222.738
200.297
181.554
170.014
167.275
173.485
184.012
193.665
197.897
193.036
179.586
160.006
137.728
116.015
95.709
76.314
56.766
36.629
16.942
-0.582
-14.305
-23.191
-26.775
-25.152
-18.844
-8.582
4.489
18.887
33.303
46.459
56.912
63.657
66.071
63.668
56.58
45.46
30.972
14.117
-3.648
-21.12
-37.164
-50.495
-60.308
-66.191
-67.834
-65.462
-59.811
-51.577
-41.653
-31.258
-21.44
-13.173
-7.372
-4.538
-4.781
-8.089
-14.238
-22.678
-32.741
-43.655
-54.581
-64.742
-73.582
-80.674
-85.608
-88.228
-88.612
-86.834
-83.137
-78.047
-72.029
-65.584
-59.467
-54.244
-50.354
-48.519
-49.299
-52.805
-59.226
-68.517
-80.047
-93.324
-107.512
-120.784
-131.904
-140.199
-145.043
-147.324
-147.473
-144.293
-136.73
-122.809
-101.146
-73.63
-44.123
-18.146
-2.049
0.133
-12.218
-37.569
-72.915
-113.994
-157.424
-199.502
-234.221
-257.168
-265.502
-258.207
-240.33
-218.541
-198.618
-186.931
-185.024
-191.124
-203.368
-216.7
-227.279
-233.993
-235.668
-234.336
-233.127
-233.339
-236.327
-241.695
-247.49
-252.9
-257.4
-260.94
-264.357
-267.956
-271.658
-275.434
-279.06
-282.421
-285.574
-288.512
-291.197
-293.627
-295.802
-297.735
-299.458
-300.984
-302.311
-303.436
-304.364
-305.108
-305.686
-306.113
-306.413
-306.606
-306.704
-306.726
-306.671
-306.526
-306.282
-305.928
-305.443
-304.811
-304
-302.967
-301.676
-300.097
-298.206
-295.996
-293.461
-290.597
-287.418
-283.949
-280.23
-276.322
-272.277
-268.132
-263.946
-259.777
-255.705
-251.829
-248.233
-244.997
-242.206
-239.935
-238.253
-237.206
-236.795
-237.002
-237.803
-239.126
-240.892
-242.991
-245.247
-247.535
-249.783
-251.899
-253.806
-255.448
-256.753
-257.734
-258.527
-259.144
-259.493
-259.465
-258.881
-257.597
-255.519
-252.428
-248.02
-242.136
-234.701
-225.707
-215.233
-203.307
-189.989
-175.484
-160.033
-143.884
-127.409
-111.062
-95.422
-81.202
-68.987
-59.29
-52.666
-49.535
-50.045
-54.063
-61.057
-70.222
-80.748
-91.672
-101.855
-110.108
-115.296
-116.524
-113.147
-105.155
-93.245
-78.345
-61.589
-43.212
-22.273
1.242
26.083
48.619
63.05
65.924
56.666
38.153
16.619
-3.601
-20.517
-33.962
-46.429
-59.406
-72.496
-85.34
-96.486
-104.981
-112.473
-120.316
-130.082
-143.411
-159.082
-175.883
-192.936
-208.775
-223.493
-237.035
-248.599
-257.709
-263.851
-266.704
-265.976
-261.734
-253.753
-241.995
-227.966
-212.871
-198.472
-186.308
-175.984
-167.159
-158.287
-148.176
-136.725
-123.6
-109.743
-95.103
-80.123
-66.564
-56.384
-54.059
-62.649
-83.012
-114.237
-150.913
-187.408
-218.709
-240.704
-253.523
-259.183
-260.711
-261.326
-261.899
-261.702
-259.445
-254.291
-246.611
-237.617
-228.619
-220.291
-212.853
-206.456
-201.104
-196.818
-193.642
-191.315
-189.548
-188.223
-187.143
-186.132
-185.206
-184.415
-183.868
-183.853
-184.595
-186.151
-188.604
-191.864
-195.492
-198.979
-201.71
-202.948
-202.482
-200.298
-195.935
-189.517
-180.85
-169.846
-158.469
-148.308
-141.136
-138.867
-140.605
-145.38
-152.34
-159.825
-167.807
-176.289
-184.659
-192.838
-200.279
-206.396
-211.094
-214.466
-216.827
-218.528
-219.84
-220.834
-221.496
-221.927
-222.246
-222.47
-222.689
-223.122
-224.06
-225.945
-229.236
-234.265
-241.376
-250.934
-263.061
-277.565
-294.038
-311.938
-330.617
-349.367
-367.317
-383.438
-396.957
-407.474
-414.791
-418.851
-419.855
-418.225
-414.711
-410.402
-406.222
-402.833
-400.883
-400.923
-403.278
-408.079
-415.095
-423.738
-433.483
-443.9
-454.454
-464.597
-473.823
-481.705
-488.059
-492.918
-496.307
-498.206
-498.639
-497.739
-495.728
-492.793
-489.066
-484.638
-479.612
-474.244
-468.872
-463.675
-458.742
-454.27
-450.443
-447.413
-445.354
-444.236
-443.921
-444.519
-446.258
-448.692
-450.847
-451.917
-450.877
-448.098
-445.415
-442.837
-439.399
-432.563
-417.417
-391.872
-356.258
-312.533
-265.938
-220.805
-180.734
-149.443
-129.08
-121.862
-128.742
-149.208
-181.037
-219.373
-258.928
-292.767
-314.892
-322.785
-315.661
-297.86
-276.165
-255.548
-240.267
-229.996
-220.951
-210.354
-196.125
-178.207
-157.944
-135.215
-107.422
-71.455
-25.807
28.766
87.217
142.888
190.982
227.728
251.931
263.879
262.383
246.119
214.278
167.213
108.783
46.324
-11.437
-56.176
-81.829
-86.85
-73.404
-45.025
-7.065
35.111
77.53
115.175
144.707
165.762
178.301
185.18
189.781
192.927
196.04
198.982
200.994
203.26
205.735
208.736
212.893
217.521
223.066
229.874
237.622
246.371
255.421
263.951
271.751
278.676
284.771
290.207
295.022
299.245
302.997
306.403
309.495
312.235
314.552
316.354
317.575
318.187
318.145
317.407
315.969
313.825
310.964
307.418
303.252
298.571
293.506
288.131
282.451
276.48
270.292
263.954
257.449
250.629
243.277
235.288
226.776
218.034
209.29
200.703
192.552
185.27
179.427
175.589
173.982
174.376
176.497
180.082
184.649
189.591
194.138
197.309
198.317
196.852
192.81
186.197
177.727
168.663
159.742
151.68
144.72
137.859
132.04
129.761
132.975
144.256
163.259
186.164
209.628
230.052
245.341
255.966
261.938
263.144
259.4
249.865
234.332
213.368
187.836
159.399
130.308
102.496
77.766
56.568
37.761
20.846
5.931
-4.433
-5.028
7.803
35.958
77.615
126.126
174.749
217.062
247.817
265.539
270.277
263.228
248.456
230.665
214.518
204.877
203.546
209.667
221.081
234.173
246.024
254.859
259.754
260.939
259.712
257.808
256.917
258.145
260.845
264.094
267.46
271.174
277.715
289.389
306.274
326.67
345.393
355.986
354.677
339.983
314.602
284.885
257.042
236.917
228.11
231.157
244.754
266.391
294.081
325.87
360.094
394.839
425.426
447.074
456.146
450.363
433.017
410.692
390.008
377.688
375.601
381.244
391.163
400.694
407.7
412.745
416.79
421.571
427.759
434.834
442.198
448.917
454.438
458.796
462.2
465.062
467.713
470.207
472.545
474.691
476.584
478.245
479.693
480.857
481.701
482.236
482.452
482.516
482.724
483.205
483.989
484.98
485.897
486.54
486.799
486.305
484.525
481.031
475.464
467.847
458.593
448.004
436.365
424.25
412.375
401.575
392.735
386.229
382.025
380.195
380.717
383.335
387.785
393.561
399.95
406.753
413.637
419.797
425.136
429.797
434.302
440.121
446.873
452.539
455.142
452.14
443.598
432.08
419.733
408.938
400.486
393.407
386.858
379.715
371.412
361.964
352.057
343.206
335.517
328.225
319.261
304.358
281.558
250.923
213.628
174.198
136.994
105.453
83.937
75.402
80.752
99.774
130.001
167.011
206.93
245.989
280.137
306.749
324.392
333.087
335.341
334.225
331.452
327.44
321.129
311.185
297.702
281.685
264.517
247.541
231.489
217.013
204.857
195.665
190.033
188.262
190.509
196.993
207.546
221.611
238.132
255.287
271.745
286.645
299.289
310.349
319.585
325.191
325.544
317.05
297.106
267.647
231.775
195.424
166.031
146.004
135.832
134.238
135.823
136.706
133.938
123.888
105.822
80.502
48.211
10.407
-30.099
-70.89
-107.487
-133.989
-148.013
-148.939
-139.08
-124.22
-107.733
-91.142
-74.682
-56.546
-36.575
-16.308
2.509
17.522
27.198
31.086
28.731
20.441
7.332
-9.644
-29.392
-51.658
-77.487
-106.527
-136.798
-164.505
-184.257
-193.188
-191.204
-180.548
-165.229
-147.583
-129.267
-111.973
-97.549
-89.678
-91.228
-102.956
-123.731
-149.385
-175.439
-198.747
-217.387
-232.15
-245.266
-259.248
-276.186
-296.608
-319.612
-342.899
-364.48
-383.093
-398.007
-409.909
-419.257
-426.125
-430.761
-432.756
-431.929
-428.576
-423.028
-415.927
-407.877
-399.16
-390.092
-381.196
-373.119
-366.69
-362.589
-361.09
-362.377
-366.725
-374.36
-385.188
-398.683
-413.845
-429.587
-445.224
-460.261
-474.134
-486.213
-496.068
-503.694
-509.606
-514.559
-519.006
-523.228
-527.585
-532.628
-538.959
-546.855
-556.265
-566.997
-578.887
-591.798
-605.23
-618.003
-629.132
-638.115
-644.914
-650.105
-653.068
-652.447
-647.01
-635.325
-617.929
-596.203
-571.547
-547.208
-526.356
-512.659
-510.583
-521.522
-544.925
-578.509
-617.345
-657.68
-696.273
-729.773
-756.029
-772.529
-777.459
-770.482
-753.801
-732.26
-711.634
-698.153
-694.55
-699.56
-710.283
-722.402
-733.712
-744.735
-755.687
-765.526
-771.25
-768.514
-755.225
-733.75
-709.795
-691.473
-685.5
-694.35
-717.524
-749.656
-783.353
-811.978
-827.891
-828.3
-814.715
-790.352
-763.403
-740.255
-723.652
-715.438
-712.58
-711.424
-710.982
-710.162
-710.354
-714.384
-723.091
-737.088
-756.464
-780.06
-807.184
-837.351
-869.173
-900.926
-931.245
-958.79
-983.065
-1004.33
-1021.587
-1032.421
-1033.183
-1020.066
-991.485
-948.919
-896.931
-840.885
-784.543
-729.699
-675.198
-619.094
-561.47
-503.706
-450.014
-406.397
-376.668
-362.866
-362.738
-369.419
-375.692
-374.777
-364.102
-345.983
-324.469
-304.431
-287.959
-274.411
-262.399
-249.882
-236.1
-221.299
-205.638
-189.543
-173.182
-156.328
-138.697
-119.802
-99.23
-76.962
-53.273
-28.675
-3.714
21.165
45.41
68.153
88.444
105.449
118.576
127.644
132.671
133.598
130.372
123.26
112.84
99.857
85.059
68.986
52.011
34.641
18.106
3.574
-8.577
-17.862
-24.73
-29.698
-31.274
-28.678
-21.461
-9.117
6.157
22.253
37.641
50.167
59.184
64.32
65.151
62.003
54.912
44.093
30.07
13.608
-3.824
-20.727
-36.04
-48.979
-59.532
-67.929
-73.777
-77.208
-78.207
-76.459
-72.997
-68.776
-65.088
-63.928
-65.515
-68.262
-69.105
-64.447
-52.066
-32.67
-9.376
14.82
37.298
57
74.686
90.701
105.435
119.061
130.701
138.965
142.519
140.689
134.528
127.593
124.032
127.216
138.18
153.979
170.027
181.428
184.992
181.274
172.8
163.24
155.633
150.966
149.167
149.374
151.024
154.405
160.113
168.956
181.341
196.913
214.831
234.054
253.722
273.291
292.34
310.495
327.375
342.811
357.08
370.611
383.693
396.48
409.085
421.632
434.448
447.894
461.949
476.438
491.293
506.427
521.616
536.511
550.414
562.391
571.89
578.48
581.552
580.585
575.262
565.893
553.745
540.335
526.799
512.877
497.145
479.063
458.861
439.791
428.098
428.203
443.307
472.117
507.072
541.234
568.139
583.601
589.534
588.064
581.195
572.684
564.061
557.892
558.275
566.624
583.579
606.226
627.838
641.82
642.116
628.032
603.494
573.862
545.248
518.813
492.873
466.447
439.108
414.987
400.133
398.345
410.716
433.13
458.31
479.313
491.331
494.061
490.445
484.422
479.15
475.075
470.731
464.338
454.713
441.997
427.441
412.742
399.582
389.187
382.057
377.399
373.908
371.592
371.803
377.55
392.066
415.715
446.535
481.031
515.15
546.276
571.989
589.075
594.234
584.604
559.899
523.003
478.145
429.669
380.254
330.833
283.233
239.991
204.399
180.906
171.269
175.698
193.866
221.587
254.722
288.324
315.428
334.081
344.704
349.937
356.597
367.674
383.774
404.422
425.101
443.228
457.722
467.04
472.029
473.034
469.666
462.692
452.234
438.13
420.211
397.858
371.624
344.17
320.158
304.376
299.306
304.336
315.846
329.93
344.612
359.631
376.097
394.747
415.085
435.953
455.967
474.121
489.793
502.588
512.183
518.177
520.174
517.806
510.869
499.486
483.985
464.77
442.323
417.081
389.601
360.645
330.802
300.437
269.901
239.553
209.879
181.61
155.394
131.681
111.032
94.057
81.171
72.626
68.412
68.168
71.437
77.735
86.416
96.74
108.022
119.692
131.323
142.54
153.349
163.856
173.72
182.985
191.244
197.971
204.326
211.168
219.262
229.162
239.18
247.99
255.266
260.859
265.157
266.589
261.046
244.409
214.157
171.211
120.161
65.803
11.425
-41.549
-93.606
-144.5
-192.579
-235.843
-272.15
-300.159
-319.581
-330.489
-333.153
-328.23
-317.078
-301.208
-281.836
-260.592
-238.343
-215.876
-195.806
-180.055
-170.582
-169.651
-176.065
-187.682
-202.704
-218.668
-236.355
-258.448
-285.232
-315.126
-342.966
-360.971
-365.081
-355.487
-335.834
-311.95
-287.497
-264.18
-243.599
-229.417
-227.107
-240.492
-270.727
-313.063
-358.96
-402.362
-438.968
-468.7
-495.177
-519.68
-542.449
-562.293
-575.871
-581.559
-579.088
-569.303
-554.784
-537.447
-518.613
-499.273
-479.474
-461.058
-447.243
-440.711
-444.489
-458.773
-480.663
-507.485
-536.031
-564.129
-591.505
-617.319
-640.226
-658.685
-670.868
-675.446
-672.318
-662.48
-647.088
-627.52
-604.419
-577.28
-547.017
-515.841
-487.917
-469.466
-463.495
-469.733
-485.209
-503.827
-522.509
-541.313
-560.084
-579.44
-597.236
-608.4
-610.082
-601.352
-583.18
-558.671
-530.241
-499.389
-468.522
-441.612
-422.23
-412.785
-413.126
-418.518
-424.172
-427.033
-425.373
-420.576
-413.893
-405.407
-395.609
-385.709
-378.266
-376.073
-381.376
-392.86
-405.473
-413.458
-408.984
-386.874
-346.964
-290.255
-222.544
-151.236
-81.62
-21.145
24.591
52.467
59.712
49.025
27.404
4.07
-9.558
-5.391
18.547
57.801
102.154
139.913
162.379
167.458
159.043
144.501
131.584
123.541
119.535
116.849
112.114
104.791
97.125
91.116
86.877
81.613
70.173
48.286
16.474
-20.571
-55.797
-81.761
-96.025
-99.914
-96.361
-90.986
-87.332
-88.125
-96.954
-113.864
-138.179
-168.194
-199.528
-230.121
-259.117
-285.735
-311.113
-335.676
-359.471
-383.257
-406.246
-426.403
-440.611
-445.427
-440.128
-427.042
-410.57
-395.323
-383.683
-375.757
-370.631
-367.744
-366.942
-368.548
-373.374
-381.188
-392.016
-405.844
-420.488
-434.655
-447.459
-457.729
-467.137
-476.167
-483.193
-487.55
-487.781
-485.32
-486.15
-496.204
-519.926
-556.411
-597.908
-632.903
-649.908
-643.054
-612.721
-566.185
-514.83
-467.848
-433.171
-415.03
-413.814
-430.242
-462.288
-504.929
-551.2
-590.564
-613.002
-613.353
-591.916
-555.733
-516.093
-483.621
-466.464
-468.293
-487.678
-519.351
-554.885
-584.183
-597.954
-590.775
-562.321
-517.627
-465.503
-413.877
-368.462
-331.638
-302.344
-279.444
-260.989
-244.33
-225.823
-199.979
-163.404
-115.873
-62.832
-14.271
22.494
43.547
51.344
53.224
52.302
47.697
34.883
7.284
-35.195
-85.827
-135.07
-173.267
-196.147
-206.295
-209.212
-209.598
-209.533
-207.699
-201.014
-188.001
-169.051
-145.568
-119.826
-93.533
-67.274
-41.952
-18.65
2.348
20.499
36.092
50.121
61.893
70.975
76.737
78.451
78.082
77.488
78.24
81.991
88.043
95.649
104.56
114.016
124.102
134.859
145.766
156.672
167.479
178.096
188.739
199.664
211.054
223.214
236.488
250.983
266.668
283.5
301.166
319.706
339.657
360.71
382.251
402.922
420.059
433.568
445.483
459.097
479.955
509.436
544.607
580.98
610.973
630.798
641.602
645.654
648.885
656.119
668.612
687.3
709.597
731.256
750.375
765.763
778.931
793.533
810.733
829.494
846.875
858.731
863.208
860.715
852.954
842.985
833.595
827.686
828.574
837.806
855.38
879.324
905.319
929.893
951.468
970.026
987.529
1005.689
1023.446
1038.267
1047.245
1047.932
1041.788
1032.242
1022.044
1013.779
1007.197
1001.66
998.472
998.59
1003.951
1014.917
1029.659
1047.525
1067.072
1087.515
1107.707
1123.031
1129.444
1123.813
1105.679
1080.533
1055.503
1037.624
1032.347
1038.995
1052.576
1066.287
1072.044
1064.899
1043.984
1010.758
970.222
929.941
899.313
889.098
907.528
956.574
1029.29
1110.891
1184.126
1234.862
1256.693
1251.092
1223.404
1180.042
1127.11
1071.462
1023.361
994.963
996.093
1029.447
1086.328
1149.037
1197.861
1216.978
1200.586
1153.603
1085.685
1008.374
930.966
857.61
791.123
733.049
683.829
644.48
614.26
590.511
569.687
547.75
522.095
492.519
461.506
433.327
411.11
396.246
387.514
380.988
374.524
368.025
363.032
364.601
376.748
400.839
437.76
483.924
533.01
579.248
614.106
631.173
628.637
606.094
568.794
524.955
481.522
446.461
424.741
417.457
424.304
441.732
464.311
486.068
500.679
502.367
487.285
455.254
408.286
351.109
290.323
230.867
177.402
133.97
102.46
84.675
81.513
90.753
108.655
129.15
143.821
147.202
137.526
118.267
98.682
87.3
89.242
104.018
125.216
145.785
160.773
168.9
172.507
174.077
174.403
172.404
165.342
151.616
131.957
108.498
83.98
59.548
34.202
5.651
-27.803
-66.187
-108.6
-152.687
-196.838
-240.684
-282.456
-320.725
-353.841
-379.241
-397.421
-410.272
-419.208
-426.393
-431.796
-434.843
-437.274
-441.166
-449.356
-463.164
-480.393
-497.828
-512.427
-523.085
-530.942
-537.368
-541.938
-542.145
-535.195
-518.813
-493.771
-463.875
-432.499
-402.798
-376.106
-351.392
-329.116
-310.511
-297.418
-292.935
-298.02
-311.973
-332.806
-356.419
-378.588
-395.228
-403.791
-404.292
-399.105
-392.389
-387.137
-384.701
-384.821
-385.94
-387.767
-391.136
-397.169
-407.195
-421.586
-439.511
-459.617
-480.455
-500.714
-520.739
-542.32
-566.243
-592.367
-616.754
-631.648
-631.391
-612.618
-577.517
-535.097
-493.731
-460.79
-440.72
-432.127
-433.295
-441.691
-453.6
-467.004
-478.406
-484.491
-484.096
-476.886
-465.911
-455.498
-448.98
-448.673
-453.649
-461.698
-470.41
-477.4
-481.567
-480.953
-473.808
-459.096
-435.919
-406.54
-374.439
-343.21
-316.993
-297.172
-283.233
-273.174
-263.402
-250.754
-232.45
-207.173
-174.772
-135.981
-92.847
-47.084
-0.364
46.233
92.639
138.401
182.81
224.355
260.84
290.724
313.019
327.337
334.01
333.205
325.077
310.477
290.531
266.507
239.834
211.62
182.719
154.213
127.212
102.345
79.901
59.855
41.943
25.994
11.802
-1.114
-13.419
-25.595
-37.831
-50.123
-62.407
-74.596
-86.453
-97.529
-107.133
-114.592
-119.534
-121.625
-120.516
-116.066
-108.317
-97.845
-85.49
-71.755
-57.263
-41.915
-25.684
-9.797
5.509
19.046
29.164
36.481
40.373
41.771
43.791
47.458
54.348
64.065
73.019
78.805
79.222
73.503
63.205
49.394
33.005
14.768
-5.197
-26.244
-47.452
-67.911
-86.539
-102.514
-115.335
-124.65
-130.304
-132.321
-130.854
-126.234
-118.918
-109.363
-97.925
-84.872
-70.525
-55.212
-39.214
-22.779
-6.137
10.404
26.343
41.033
53.897
64.489
72.522
77.833
80.366
80.279
77.947
73.926
68.838
63.144
57.051
50.691
44.092
37.074
29.468
21.123
11.864
1.784
-8.737
-19.338
-29.576
-38.835
-46.673
-52.814
-57.05
-59.499
-60.537
-60.452
-59.582
-58.384
-57.179
-56.22
-55.759
-55.83
-56.331
-57.25
-58.547
-60.133
-61.925
-63.672
-65.011
-65.68
-65.796
-65.79
-66.057
-66.732
-66.979
-65.748
-63.359
-61.712
-64.776
-76.562
-98.368
-128.814
-164.104
-200.884
-237.903
-274.689
-311.112
-345.073
-372.921
-392.29
-402.03
-403.443
-400.056
-395.195
-392.211
-393.444
-399.021
-407.493
-415.853
-421.081
-421.359
-416.413
-407.543
-395.95
-382.318
-366.868
-349.33
-330.158
-310.682
-292.353
-276.517
-264.109
-255.487
-250.929
-250.715
-254.616
-261.922
-271.717
-283.02
-294.927
-306.592
-317.028
-325.212
-330.46
-332.496
-331.309
-326.82
-319.315
-309.781
-298.973
-287.648
-276.077
-263.413
-250.443
-239.546
-233.087
-233.589
-240.74
-251.5
-263.074
-272.738
-279.554
-284.11
-286.512
-287.435
-286.915
-284.315
-279.385
-271.305
-260.871
-250.806
-244.027
-243.647
-250.128
-261.275
-274.887
-288.576
-301.631
-315.134
-329.507
-344.951
-360.989
-375.521
-386.557
-393.299
-396.338
-398.414
-402.728
-410.077
-418.207
-422.625
-418.836
-405.437
-384.926
-361.542
-339.132
-318.239
-295.135
-264.279
-219.826
-159.842
