Name,Criss Capps
Date of Birth,"Feb 5, 1952"
Recorded Date,2020-02-16 19:37:43 -0400
Classification,Sinus Rhythm
Symptoms,
Software Version,1.51
Device,"Watch5,4"
Sample Rate,512.844 hertz


Lead,Lead I
Unit,µV

-3.632
-1.315
-0.005
0.406
0.064
-0.848
-2.184
-3.848
-5.773
-7.882
-10.055
-12.143
-13.98
-15.453
-16.498
-17.089
-17.228
-16.918
-16.195
-15.13
-13.834
-12.438
-11.035
-9.677
-8.386
-7.186
-6.117
-5.23
-4.577
-4.182
-4.06
-4.221
-4.673
-5.427
-6.471
-7.771
-9.274
-10.92
-12.668
-14.495
-16.393
-18.352
-20.365
-22.423
-24.525
-26.681
-28.893
-31.159
-33.473
-35.823
-38.207
-40.626
-43.087
-45.594
-48.147
-50.744
-53.382
-56.055
-58.758
-61.481
-64.21
-66.93
-69.629
-72.297
-74.922
-77.498
-80.015
-82.464
-84.839
-87.132
-89.336
-91.443
-93.444
-95.328
-97.088
-98.716
-100.202
-101.54
-102.722
-103.741
-104.594
-105.276
-105.784
-106.115
-106.266
-106.237
-106.029
-105.644
-105.083
-104.352
-103.456
-102.404
-101.203
-99.864
-98.4
-96.822
-95.145
-93.382
-91.55
-89.663
-87.738
-85.791
-83.84
-81.902
-79.991
-78.125
-76.319
-74.589
-72.953
-71.427
-70.025
-68.764
-67.66
-66.731
-65.989
-65.445
-65.103
-64.964
-65.034
-65.314
-65.816
-66.544
-67.494
-68.662
-70.048
-71.641
-73.427
-75.377
-77.433
-79.543
-81.658
-83.735
-85.752
-87.677
-89.471
-91.093
-92.494
-93.626
-94.462
-94.974
-95.119
-94.879
-94.251
-93.285
-92.117
-90.872
-89.659
-88.56
-87.587
-86.793
-86.275
-86.125
-86.476
-87.456
-89.085
-91.488
-94.877
-99.216
-104.3
-109.599
-114.092
-116.935
-117.513
-115.086
-109.21
-99.996
-87.92
-74.463
-61.883
-51.921
-46.076
-45.603
-50.491
-59.642
-70.916
-80.262
-82.876
-74.368
-50.238
-6.887
57.177
141.53
243.454
357.627
477.565
595.693
703.146
791.559
853.884
885.103
882.807
846.476
777.327
679.526
559.868
426.309
287.519
151.3
24.345
-86.424
-175.276
-239.617
-279.514
-297.081
-296.067
-280.268
-253.713
-221.95
-190.41
-162.479
-139.821
-122.574
-109.771
-100.516
-93.769
-87.439
-79.218
-67.894
-53.158
-35.518
-16.061
4.363
25.076
45.098
63.376
79.263
92.416
102.843
110.86
116.696
120.549
122.702
123.462
123.15
122.099
120.601
118.902
117.244
115.807
114.736
114.171
114.224
115.033
116.719
119.366
123.048
127.794
133.588
140.373
148.023
156.333
165.067
173.998
182.904
191.609
199.955
207.779
214.934
221.248
226.539
230.615
233.28
234.38
233.819
231.578
227.715
222.379
215.774
208.101
199.589
190.471
180.975
171.345
161.807
152.575
143.889
136.018
129.236
123.776
119.821
117.465
116.736
117.59
119.922
123.607
128.476
134.337
140.981
148.181
155.74
163.485
171.235
178.784
185.925
192.474
198.283
203.259
207.343
210.506
212.758
214.126
214.675
214.49
213.671
212.326
210.542
208.374
205.877
203.109
200.126
196.973
193.682
190.257
186.703
183.022
179.208
175.25
171.121
166.784
162.202
157.333
152.155
146.659
140.841
134.707
128.268
121.538
114.541
107.31
99.873
92.255
84.48
76.572
68.561
60.476
52.35
44.213
36.092
28.012
19.995
12.06
4.227
-3.492
-11.083
-18.538
-25.844
-32.993
-39.972
-46.771
-53.38
-59.792
-65.998
-71.99
-77.763
-83.314
-88.639
-93.738
-98.61
-103.256
-107.676
-111.873
-115.85
-119.608
-123.152
-126.485
-129.612
-132.539
-135.269
-137.809
-140.165
-142.342
-144.346
-146.183
-147.859
-149.379
-150.75
-151.977
-153.067
-154.026
-154.86
-155.575
-156.178
-156.677
-157.077
-157.387
-157.614
-157.765
-157.847
-157.868
-157.834
-157.752
-157.628
-157.47
-157.283
-157.073
-156.845
-156.605
-156.358
-156.108
-155.86
-155.618
-155.384
-155.163
-154.957
-154.769
-154.6
-154.453
-154.33
-154.232
-154.16
-154.115
-154.098
-154.108
-154.146
-154.211
-154.302
-154.417
-154.554
-154.711
-154.883
-155.068
-155.263
-155.463
-155.666
-155.866
-156.06
-156.244
-156.416
-156.572
-156.708
-156.823
-156.914
-156.98
-157.02
-157.033
-157.018
-156.976
-156.907
-156.813
-156.694
-156.552
-156.387
-156.203
-155.999
-155.779
-155.545
-155.299
-155.044
-154.783
-154.52
-154.259
-154.003
-153.758
-153.528
-153.317
-153.131
-152.974
-152.851
-152.767
-152.726
-152.732
-152.789
-152.9
-153.067
-153.292
-153.578
-153.923
-154.329
-154.795
-155.321
-155.904
-156.544
-157.238
-157.985
-158.783
-159.629
-160.521
-161.456
-162.433
-163.447
-164.497
-165.58
-166.692
-167.829
-168.989
-170.166
-171.358
-172.559
-173.765
-174.973
-176.176
-177.371
-178.554
-179.719
-180.864
-181.983
-183.073
-184.132
-185.156
-186.142
-187.088
-187.991
-188.85
-189.661
-190.423
-191.134
-191.79
-192.388
-192.925
-193.398
-193.803
-194.135
-194.39
-194.562
-194.647
-194.64
-194.535
-194.327
-194.011
-193.582
-193.034
-192.363
-191.564
-190.632
-189.562
-188.351
-186.995
-185.489
-183.831
-182.018
-180.047
-177.917
-175.626
-173.174
-170.56
-167.787
-164.856
-161.769
-158.532
-155.151
-151.633
-147.986
-144.219
-140.346
-136.38
-132.337
-128.236
-124.095
-119.934
-115.773
-111.635
-107.54
-103.508
-99.559
-95.71
-91.984
-88.401
-84.984
-81.754
-78.732
-75.938
-73.388
-71.101
-69.086
-67.349
-65.891
-64.717
-63.836
-63.265
-63.018
-63.105
-63.527
-64.284
-65.366
-66.753
-68.411
-70.289
-72.335
-74.502
-76.749
-79.051
-81.376
-83.683
-85.911
-87.983
-89.827
-91.386
-92.609
-93.446
-93.881
-93.938
-93.684
-93.231
-92.681
-92.09
-91.518
-91.05
-90.782
-90.841
-91.387
-92.532
-94.453
-97.415
-101.464
-106.459
-112.034
-117.47
-122.072
-125.389
-126.766
-125.409
-121.219
-114.6
-106.606
-99.173
-93.684
-90.665
-90.95
-95.437
-103.723
-114.354
-124.391
-129.273
-125.416
-110.411
-81.31
-35.09
29.741
112.989
211.88
321.118
435.576
550.191
658.277
752.061
824.189
868.591
881.702
862.45
810.728
727.914
618.344
488.951
348.109
204.621
66.511
-59.261
-166.349
-249.912
-308.052
-341.347
-352.293
-344.992
-324.051
-294.11
-260.276
-226.976
-196.661
-171.065
-150.934
-135.567
-124.048
-115.426
-107.972
-100.447
-92.818
-84.41
-74.912
-64.968
-54.889
-45.043
-36.327
-29.071
-23.062
-18.923
-16.95
-16.852
-18.647
-22.036
-26.479
-31.837
-37.956
-44.204
-50.174
-55.663
-60.376
-64.308
-67.451
-69.603
-70.685
-70.758
-69.883
-68.17
-65.733
-62.617
-58.924
-54.834
-50.541
-46.236
-42.045
-38.025
-34.222
-30.675
-27.426
-24.515
-21.939
-19.671
-17.692
-15.983
-14.532
-13.317
-12.288
-11.37
-10.482
-9.553
-8.531
-7.38
-6.065
-4.556
-2.826
-0.856
1.359
3.822
6.546
9.545
12.837
16.434
20.34
24.553
29.072
33.894
39.017
44.437
50.148
56.143
62.414
68.955
75.76
82.818
90.115
97.633
105.351
113.246
121.296
129.471
137.742
146.079
154.449
162.821
171.161
179.436
187.61
195.649
203.52
211.188
218.62
225.782
232.643
239.171
245.338
251.114
256.474
261.392
265.844
269.811
273.273
276.215
278.62
280.477
281.776
282.509
282.671
282.26
281.275
279.721
277.602
274.928
271.711
267.965
263.706
258.955
253.733
248.064
241.974
235.491
228.643
221.462
213.979
206.228
198.243
190.059
181.709
173.23
164.656
156.023
147.366
138.717
130.111
121.58
113.156
104.868
96.746
88.818
81.109
73.645
66.447
59.537
52.934
46.654
40.711
35.118
29.883
25.014
20.516
16.39
12.637
9.254
6.236
3.576
1.266
-0.705
-2.349
-3.68
-4.713
-5.465
-5.952
-6.194
-6.209
-6.016
-5.637
-5.089
-4.395
-3.573
-2.644
-1.628
-0.543
0.59
1.755
2.931
4.103
5.254
6.369
7.432
8.432
9.355
10.193
10.935
11.574
12.104
12.52
12.819
12.998
13.056
12.994
12.814
12.517
12.108
11.591
10.971
10.255
9.448
8.559
7.593
6.559
5.463
4.313
3.118
1.884
0.619
-0.669
-1.973
-3.284
-4.596
-5.901
-7.194
-8.467
-9.716
-10.935
-12.119
-13.266
-14.37
-15.43
-16.443
-17.408
-18.322
-19.186
-19.999
-20.761
-21.474
-22.139
-22.758
-23.331
-23.863
-24.354
-24.807
-25.223
-25.604
-25.953
-26.27
-26.557
-26.815
-27.046
-27.25
-27.429
-27.583
-27.713
-27.818
-27.9
-27.956
-27.987
-27.992
-27.971
-27.921
-27.843
-27.735
-27.596
-27.425
-27.222
-26.985
-26.713
-26.406
-26.061
-25.678
-25.256
-24.796
-24.296
-23.757
-23.18
-22.565
-21.914
-21.229
-20.512
-19.764
-18.99
-18.191
-17.373
-16.537
-15.689
-14.833
-13.973
-13.115
-12.263
-11.422
-10.597
-9.791
-9.009
-8.254
-7.529
-6.837
-6.18
-5.558
-4.973
-4.425
-3.913
-3.436
-2.992
-2.578
-2.19
-1.825
-1.477
-1.14
-0.808
-0.474
-0.13
0.232
0.622
1.049
1.525
2.06
2.665
3.352
4.133
5.02
6.025
7.158
8.432
9.856
11.44
13.194
15.125
17.24
19.546
22.045
24.74
27.633
30.723
34.009
37.487
41.15
44.992
49.005
53.178
57.501
61.958
66.536
71.217
75.984
80.817
85.694
90.589
95.478
100.333
105.127
109.831
114.417
118.856
123.123
127.192
131.04
134.644
137.98
141.025
143.758
146.157
148.206
149.891
151.198
152.122
152.663
152.825
152.613
152.031
151.071
149.731
148.013
145.921
143.463
140.657
137.53
134.125
130.502
126.721
122.846
118.932
115.023
111.169
107.42
103.841
100.513
97.507
94.885
92.709
91.035
89.887
89.245
89.048
89.182
89.539
90.049
90.632
91.186
91.599
91.734
91.43
90.577
89.022
86.505
82.972
78.531
73.506
68.653
64.754
62.384
62.336
65.456
71.828
81.149
92.454
103.577
112.783
118.942
120.487
116.42
107.39
94.916
82.14
74.263
75.632
90.149
122.45
175.701
250.83
347.005
460.447
584.808
713.763
839.624
952.915
1045.177
1109.212
1139.844
1134.926
1093.929
1017.525
909.938
778.585
631.86
478.993
328.157
186.257
61.128
-40.053
-113.682
-159.495
-179.475
-177.356
-156.448
-120.166
-74.623
-26.937
17.529
55.773
86.86
111.046
127.953
137.069
140.163
140.739
142.112
146.171
153.223
162.821
174.996
190.309
208.292
227.088
244.38
258.479
268.667
274.833
276.867
274.246
266.646
254.42
238.331
219.108
197.208
172.799
145.999
117.181
86.84
55.396
23.183
-9.514
-42.356
-74.896
-106.69
-137.362
-166.589
-194.103
-219.611
-242.822
-263.525
-281.574
-296.902
-309.523
-319.486
-326.873
-331.823
-334.506
-335.136
-333.976
-331.25
-327.168
-321.96
-315.868
-309.191
-302.25
-295.285
-288.467
-281.926
-275.742
-269.985
-264.708
-259.898
-255.505
-251.463
-247.682
-244.101
-240.67
-237.302
-233.89
-230.29
-226.34
-221.935
-217.013
-211.531
-205.466
-198.806
-191.546
-183.724
-175.402
-166.636
-157.485
-147.992
-138.196
-128.159
-117.952
-107.655
-97.358
-87.127
-77.015
-67.068
-57.329
-47.832
-38.607
-29.668
-21.021
-12.677
-4.653
3.032
10.358
17.307
23.871
30.035
35.79
41.124
46.026
50.485
54.494
58.041
61.119
63.718
65.828
67.443
68.564
69.19
69.325
68.976
68.15
66.859
65.117
62.937
60.335
57.328
53.935
50.175
46.07
41.641
36.911
31.906
26.651
21.171
15.494
9.648
3.659
-2.442
-8.626
-14.866
-21.132
-27.395
-33.627
-39.801
-45.889
-51.864
-57.703
-63.379
-68.871
-74.156
-79.214
-84.027
-88.58
-92.856
-96.844
-100.533
-103.915
-106.982
-109.73
-112.155
-114.255
-116.031
-117.484
-118.618
-119.438
-119.949
-120.161
-120.081
-119.721
-119.091
-118.204
-117.074
-115.712
-114.135
-112.357
-110.394
-108.261
-105.974
-103.551
-101.006
-98.356
-95.618
-92.806
-89.936
-87.022
-84.077
-81.114
-78.146
-75.183
-72.236
-69.312
-66.422
-63.57
-60.764
-58.01
-55.31
-52.669
-50.09
-47.576
-45.126
-42.744
-40.428
-38.18
-35.999
-33.885
-31.837
-29.853
-27.931
-26.07
-24.267
-22.52
-20.826
-19.182
-17.586
-16.034
-14.524
-13.053
-11.62
-10.221
-8.855
-7.52
-6.215
-4.938
-3.689
-2.467
-1.273
-0.105
1.033
2.144
3.225
4.277
5.299
6.291
7.252
8.184
9.087
9.963
10.813
11.638
12.44
13.219
13.978
14.72
15.446
16.159
16.863
17.56
18.258
18.961
19.675
20.403
21.152
21.926
22.732
23.573
24.452
25.373
26.341
27.361
28.44
29.585
30.801
32.096
33.479
34.956
36.535
38.22
40.009
41.905
43.908
46.021
48.254
50.605
53.068
55.635
58.295
61.03
63.817
66.618
69.38
72.059
74.609
76.99
79.172
81.117
82.791
84.171
85.234
85.97
86.39
86.498
86.308
85.862
85.215
84.442
83.652
82.931
82.362
82.034
82.021
82.39
83.184
84.392
85.981
87.897
90.049
92.338
94.646
96.778
98.535
99.705
100.036
99.302
97.278
93.708
88.359
81.042
71.634
60.105
46.486
30.835
13.274
-6.038
-26.878
-48.924
-71.845
-95.31
-118.95
-142.397
-165.257
-187.076
-207.425
-225.953
-242.38
-256.524
-268.268
-277.517
-284.243
-288.488
-290.37
-290.088
-287.852
-283.856
-278.332
-271.539
-263.782
-255.43
-246.828
-238.246
-229.91
-221.994
-214.632
-207.956
-202.046
-196.927
-192.578
-188.945
-185.982
-183.655
-181.91
-180.668
-179.817
-179.212
-178.737
-178.321
-177.916
-177.494
-177.038
-176.53
-175.979
-175.416
-174.882
-174.417
-174.059
-173.839
-173.797
-173.974
-174.424
-175.203
-176.341
-177.843
-179.686
-181.819
-184.193
-186.758
-189.464
-192.265
-195.109
-197.94
-200.696
-203.303
-205.691
-207.815
-209.62
-211.047
-212.063
-212.678
-212.977
-213.097
-213.169
-213.279
-213.456
-213.753
-214.26
-215.096
-216.418
-218.379
-221.046
-224.531
-229.037
-234.551
-240.873
-247.532
-253.593
-258.215
-260.798
-260.633
-257.221
-250.731
-241.717
-231.417
-221.859
-214.496
-210.393
-210.848
-216.123
-225.011
-235.36
-243.643
-245.471
-237.251
-215.525
-176.396
-117.682
-39.649
55.443
163.14
277.64
392.702
500.913
593.477
662.424
702.198
709.478
682.831
622.66
531.699
415.376
281.872
140.597
-0.035
-132.53
-249.433
-344.492
-414.211
-457.836
-477.467
-477.25
-461.367
-434.238
-401.566
-368.903
-339.903
-316.503
-298.922
-286.142
-277.236
-271.12
-265.736
-258.833
-249.206
-236.588
-221.525
-205.06
-187.978
-170.908
-154.791
-140.707
-129.36
-121.034
-115.621
-112.696
-111.886
-112.916
-115.433
-119.007
-123.201
-127.569
-131.764
-135.611
-138.984
-141.772
-143.877
-145.172
-145.548
-144.984
-143.507
-141.171
-138.045
-134.193
-129.697
-124.694
-119.366
-113.921
-108.533
-103.309
-98.307
-93.571
-89.139
-85.057
-81.355
-78.021
-75.028
-72.353
-69.973
-67.879
-66.042
-64.407
-62.899
-61.435
-59.947
-58.389
-56.726
-54.927
-52.962
-50.803
-48.435
-45.853
-43.051
-40.02
-36.742
-33.2
-29.384
-25.289
-20.919
-16.275
-11.36
-6.176
-0.73
4.973
10.924
17.115
23.538
30.188
37.054
44.119
51.369
58.781
66.337
74.013
81.785
89.625
97.507
105.403
113.285
121.124
128.891
136.555
144.088
151.459
158.639
165.598
172.307
178.739
184.865
190.66
196.099
201.16
205.82
210.06
213.863
217.212
220.095
222.5
224.416
225.836
226.754
227.166
227.071
226.471
225.367
223.766
221.676
219.105
216.068
212.577
208.649
204.302
199.556
194.431
188.951
183.14
177.023
170.628
163.981
157.112
150.05
142.824
135.465
128.003
120.467
112.888
105.296
97.718
90.184
82.721
75.355
68.114
61.021
54.101
47.374
40.863
34.585
28.559
22.8
17.322
12.137
7.254
2.681
-1.576
-5.512
-9.126
-12.417
-15.387
-18.038
-20.376
-22.405
-24.135
-25.573
-26.731
-27.62
-28.252
-28.641
-28.802
-28.749
-28.499
-28.067
-27.47
-26.725
-25.849
-24.858
-23.77
-22.599
-21.364
-20.078
-18.757
-17.414
-16.062
-14.713
-13.379
-12.068
-10.79
-9.553
-8.363
-7.226
-6.148
-5.133
-4.183
-3.302
-2.491
-1.75
-1.08
-0.48
0.053
0.52
0.925
1.272
1.566
1.812
2.015
2.181
2.318
2.43
2.524
2.607
2.684
2.761
2.844
2.938
3.045
3.171
3.318
3.489
3.684
3.907
4.156
4.434
4.74
5.074
5.436
5.825
6.242
6.685
7.154
7.646
8.161
8.695
9.247
9.814
10.392
10.977
11.566
12.155
12.739
13.315
13.878
14.425
14.952
15.456
15.934
16.385
16.807
17.199
17.562
17.895
18.199
18.478
18.731
18.961
19.17
19.361
19.534
19.693
19.837
19.969
20.089
20.2
20.301
20.394
20.482
20.564
20.643
20.721
20.799
20.879
20.964
21.054
21.153
21.261
21.38
21.511
21.653
21.808
21.974
22.15
22.335
22.525
22.718
22.91
23.098
23.279
23.449
23.605
23.744
23.865
23.966
24.046
24.105
24.144
24.162
24.162
24.145
24.112
24.068
24.014
23.953
23.889
23.824
23.763
23.71
23.668
23.642
23.638
23.66
23.715
23.81
23.951
24.147
24.405
24.735
25.143
25.641
26.235
26.934
27.745
28.675
29.729
30.913
32.23
33.682
35.27
36.993
38.851
40.841
42.957
45.196
47.548
50.008
52.567
55.214
57.939
60.731
63.575
66.459
69.369
72.289
75.199
78.081
80.914
83.675
86.342
88.893
91.304
93.554
95.623
97.493
99.147
100.568
101.738
102.642
103.263
103.588
103.607
103.31
102.69
101.749
100.493
98.926
97.058
94.891
92.419
89.644
86.568
83.196
79.539
75.615
71.455
67.105
62.623
58.066
53.487
48.935
44.45
40.083
35.889
31.931
28.284
25.002
22.135
19.735
17.847
16.467
15.543
14.991
14.681
14.52
14.459
14.403
14.238
13.825
12.984
11.551
9.434
6.493
2.523
-2.471
-8.336
-14.662
-20.642
-25.585
-28.996
-30.275
-28.974
-25.23
-19.478
-12.715
-6.707
-2.667
-1.396
-3.898
-10.222
-19.104
-28.595
-35.693
-36.542
-28.06
-7.302
29.092
82.583
152.369
236.068
329.52
427.758
525.666
616.791
693.345
748.953
779.556
783.104
759.229
707.904
630.409
530.998
416.58
294.613
171.533
52.673
-56.94
-151.486
-226.148
-279.076
-311.261
-325.391
-324.269
-310.547
-287.541
-259.973
-232.579
-208.274
-188.106
-171.848
-159.011
-149.219
-141.757
-135.016
-127.07
-116.944
-104.645
-90.805
-76.265
-61.645
-47.446
-34.436
-23.58
-15.434
-10.146
-7.556
-7.232
-8.811
-12.041
-16.589
-22.041
-27.998
-34.06
-39.91
-45.396
-50.382
-54.737
-58.345
-61.055
-62.777
-63.506
-63.265
-62.108
-60.107
-57.323
-53.846
-49.823
-45.418
-40.817
-36.198
-31.668
-27.305
-23.176
-19.332
-15.836
-12.723
-9.988
-7.612
-5.574
-3.856
-2.441
-1.303
-0.385
0.38
1.062
1.738
2.459
3.266
4.202
5.297
6.579
8.072
9.786
11.723
13.895
16.315
18.997
21.956
25.196
28.718
32.525
36.614
40.984
45.633
50.556
55.748
61.206
66.924
72.895
79.114
85.568
92.243
99.121
106.18
113.396
120.744
128.195
135.719
143.286
150.864
158.42
165.922
173.337
180.633
187.775
194.731
201.467
207.951
214.151
220.036
225.577
230.745
235.512
239.855
243.749
247.173
250.108
252.537
254.443
255.812
256.636
256.905
256.614
255.761
254.346
252.375
249.852
246.79
243.2
239.099
234.504
229.436
223.917
217.973
211.63
204.915
197.86
190.495
182.852
174.964
166.866
158.591
150.174
141.649
133.05
124.412
115.767
107.149
98.591
90.123
81.777
73.582
65.565
57.752
50.169
42.837
35.778
29.008
22.545
16.4
10.586
5.111
-0.019
-4.8
-9.231
-13.311
-17.045
-20.437
-23.493
-26.223
-28.636
-30.744
-32.56
-34.097
-35.37
-36.393
-37.184
-37.758
-38.132
-38.323
-38.349
-38.228
-37.976
-37.611
-37.15
-36.61
-36.007
-35.357
-34.674
-33.973
-33.266
-32.565
-31.882
-31.226
-30.606
-30.029
-29.5
-29.025
-28.607
-28.247
-27.949
-27.71
-27.532
-27.412
-27.348
-27.338
-27.377
-27.464
-27.593
-27.76
-27.961
-28.192
-28.448
-28.724
-29.016
-29.319
-29.628
-29.94
-30.249
-30.553
-30.845
-31.124
-31.386
-31.627
-31.846
-32.04
-32.208
-32.351
-32.466
-32.556
-32.621
-32.663
-32.684
-32.687
-32.675
-32.652
-32.621
-32.586
-32.553
-32.524
-32.506
-32.501
-32.513
-32.548
-32.608
-32.696
-32.816
-32.971
-33.163
-33.395
-33.669
-33.988
-34.353
-34.766
-35.228
-35.739
-36.301
-36.913
-37.575
-38.287
-39.046
-39.852
-40.703
-41.596
-42.53
-43.5
-44.505
-45.54
-46.601
-47.686
-48.791
-49.91
-51.042
-52.183
-53.33
-54.48
-55.631
-56.782
-57.931
-59.077
-60.218
-61.354
-62.485
-63.611
-64.732
-65.847
-66.96
-68.07
-69.179
-70.289
-71.403
-72.521
-73.646
-74.781
-75.928
-77.089
-78.266
-79.462
-80.68
-81.921
-83.187
-84.481
-85.804
-87.156
-88.537
-89.946
-91.383
-92.844
-94.327
-95.828
-97.342
-98.866
-100.393
-101.918
-103.433
-104.932
-106.407
-107.848
-109.247
-110.594
-111.88
-113.093
-114.224
-115.262
-116.199
-117.023
-117.725
-118.295
-118.724
-119.002
-119.122
-119.074
-118.851
-118.448
-117.859
-117.081
-116.111
-114.948
-113.593
-112.049
-110.319
-108.409
-106.326
-104.076
-101.672
-99.123
-96.442
-93.645
-90.745
-87.763
-84.718
-81.634
-78.535
-75.444
-72.388
-69.392
-66.482
-63.683
-61.017
-58.508
-56.176
-54.044
-52.139
-50.486
-49.105
-48.019
-47.244
-46.796
-46.69
-46.937
-47.535
-48.483
-49.782
-51.437
-53.467
-55.885
-58.691
-61.883
-65.452
-69.378
-73.639
-78.199
-82.998
-87.979
-93.086
-98.268
-103.494
-108.724
-113.9
-118.95
-123.784
-128.315
-132.494
-136.273
-139.612
-142.511
-144.991
-147.114
-148.992
-150.71
-152.35
-154.015
-155.81
-157.873
-160.363
-163.416
-167.228
-172.076
-178.052
-185.06
-192.811
-200.699
-208.126
-214.654
-219.702
-222.51
-222.749
-220.651
-217.036
-213.502
-211.507
-211.738
-214.814
-221.532
-231.941
-244.941
-258.163
-267.667
-269.437
-260.727
-238.841
-200.771
-144.529
-69.631
22.245
126.754
238.724
353.445
464.923
565.8
648.921
707.611
737.3
736.103
702.886
637.358
542.256
423.035
286.787
142.096
-3.144
-142.022
-266.828
-370.63
-449.616
-502.706
-531.242
-538.754
-529.055
-506.349
-476.633
-445.974
-418.41
-396.231
-380.004
-368.907
-362.063
-358.341
-355.424
-350.706
-342.742
-331.081
-316.186
-299.206
-281.082
-262.622
-245.005
-229.514
-216.951
-207.683
-201.664
-198.488
-197.806
-199.323
-202.644
-207.343
-212.98
-219.121
-225.373
-231.401
-236.917
-241.679
-245.472
-248.083
-249.362
-249.218
-247.627
-244.631
-240.29
-234.684
-227.909
-220.084
-211.383
-202.007
-192.171
-182.095
-171.95
-161.859
-151.937
-142.286
-132.983
-124.075
-115.579
-107.474
-99.746
-92.387
-85.375
-78.683
-72.262
-66.05
-59.982
-53.989
-48.022
-42.044
-36.024
-29.936
-23.761
-17.486
-11.106
-4.624
1.965
8.671
15.501
22.465
29.566
36.802
44.168
51.662
59.283
67.036
74.929
82.967
91.149
99.467
107.911
116.457
125.075
133.727
142.367
150.961
159.478
167.905
176.241
184.485
192.64
200.694
208.621
216.399
224.01
231.442
238.692
245.774
252.718
259.563
266.362
273.142
279.907
286.622
293.221
299.615
305.701
311.396
316.643
321.389
325.589
329.195
332.161
334.424
335.908
336.522
336.154
334.724
332.189
328.557
323.887
318.273
311.844
304.715
296.98
288.724
280.017
270.927
261.516
251.859
242.033
232.14
222.309
212.649
203.246
194.154
185.383
176.916
168.708
160.719
152.922
145.298
137.849
130.581
123.507
116.643
110.005
103.594
97.39
91.377
85.539
79.875
74.399
69.136
64.121
59.386
54.96
50.86
47.094
43.661
40.554
37.757
35.247
33.007
31.024
29.285
27.781
26.496
25.413
24.513
23.771
23.167
22.675
22.274
21.943
21.664
21.423
21.206
21.005
20.811
20.616
20.412
20.191
19.946
19.671
19.361
19.013
18.623
18.191
17.717
17.205
16.658
16.08
15.477
14.857
14.225
13.592
12.964
12.351
11.762
11.207
10.694
10.234
9.836
9.509
9.264
9.109
9.053
9.103
9.266
9.549
9.955
10.49
11.156
11.956
12.89
13.959
15.163
16.5
17.968
19.564
21.282
23.118
25.065
27.115
29.259
31.489
33.794
36.164
38.587
41.052
43.547
46.06
48.577
51.085
53.572
56.022
58.423
60.76
63.022
65.195
67.266
69.224
71.059
72.759
74.315
75.719
76.961
78.034
78.932
79.649
80.18
80.521
80.669
80.622
80.379
79.939
79.304
78.474
77.452
76.24
74.842
73.261
71.504
69.576
67.483
65.232
62.832
60.29
57.614
54.814
51.897
48.873
45.75
42.537
39.242
35.873
32.438
28.945
25.402
21.816
18.194
14.543
10.868
7.175
3.469
-0.244
-3.961
-7.676
-11.386
-15.085
-18.771
-22.439
-26.087
-29.709
-33.304
-36.868
-40.398
-43.892
-47.345
-50.754
-54.116
-57.426
-60.68
-63.871
-66.995
-70.045
-73.015
-75.899
-78.688
-81.376
-83.953
-86.411
-88.741
-90.933
-92.976
-94.86
-96.575
-98.109
-99.452
-100.594
-101.525
-102.235
-102.714
-102.955
-102.949
-102.687
-102.163
-101.371
-100.305
-98.962
-97.34
-95.44
-93.26
-90.806
-88.08
-85.091
-81.846
-78.357
-74.634
-70.689
-66.541
-62.205
-57.701
-53.051
-48.276
-43.401
-38.454
-33.466
-28.466
-23.487
-18.561
-13.721
-9
-4.432
-0.045
4.13
8.066
11.737
15.113
18.167
20.871
23.201
25.136
26.657
27.745
28.39
28.589
28.339
27.643
26.498
24.892
22.815
20.265
17.241
13.75
9.81
5.45
0.716
-4.327
-9.61
-15.061
-20.611
-26.204
-31.783
-37.284
-42.632
-47.74
-52.526
-56.918
-60.855
-64.278
-67.173
-69.582
-71.581
-73.309
-74.902
-76.452
-78.091
-79.974
-82.247
-85.088
-88.676
-93.1
-98.538
-105.263
-113.311
-122.555
-132.581
-142.509
-151.528
-159.042
-164.234
-166.284
-164.963
-160.422
-153.722
-147.051
-142.191
-140.371
-142.831
-150.2
-161.826
-176.122
-189.667
-197.146
-193.533
-174.286
-135.272
-73.797
10.584
116.275
238.968
371.662
506.052
632.294
740.442
821.705
868.81
879.426
853.201
788.29
688.318
555.278
392.209
216.518
42.242
-114.959
-236.596
-324.565
-383.095
-417.193
-437.858
-443.782
-433.582
-410.928
-378.79
-345.481
-317.546
-296.359
-282.295
-273.978
-269.81
-268.879
-269.044
-267.642
-263.289
-255.674
-245.381
-233.523
-220.915
-208.223
-196.439
-186.752
-179.939
-176.268
-175.581
-177.4
-181.303
-186.949
-193.933
-201.767
-209.958
-218.088
-225.835
-233.028
-239.56
-245.306
-250.154
-253.984
-256.683
-258.222
-258.634
-257.967
-256.294
-253.719
-250.351
-246.364
-241.98
-237.392
-232.759
-228.186
-223.724
-219.419
-215.32
-211.461
-207.87
-204.549
-201.477
-198.642
-196.033
-193.627
-191.389
-189.257
-187.142
-184.976
-182.709
-180.301
-177.73
-174.975
-172.014
-168.836
-165.441
-161.827
-157.989
-153.921
-149.606
-145.039
-140.214
-135.134
-129.806
-124.235
-118.425
-112.382
-106.113
-99.627
-92.933
-86.039
-78.952
-71.682
-64.245
-56.659
-48.944
-41.122
-33.217
-25.253
-17.259
-9.261
-1.288
6.635
14.478
22.216
29.82
37.262
44.515
51.553
58.349
64.877
71.11
77.025
82.597
87.804
92.626
97.043
101.039
104.598
107.707
110.356
112.536
114.241
115.466
116.208
116.469
116.25
115.558
114.4
112.785
110.726
108.236
105.332
102.03
98.35
94.312
89.936
85.247
80.268
75.024
69.543
63.852
57.979
51.952
45.801
39.556
33.245
26.898
20.541
14.204
7.914
1.696
-4.424
-10.421
-16.273
-21.958
-27.455
-32.746
-37.813
-42.642
-47.219
-51.531
-55.568
-59.32
-62.781
-65.944
-68.805
-71.363
-73.616
-75.565
-77.215
-78.571
-79.64
-80.432
-80.956
-81.223
-81.247
-81.041
-80.618
-79.994
-79.182
-78.197
-77.054
-75.77
-74.359
-72.837
-71.219
-69.518
-67.749
-65.926
-64.061
-62.166
-60.251
-58.329
-56.409
-54.503
-52.622
-50.775
-48.97
-47.216
-45.519
-43.885
-42.317
-40.816
-39.381
-38.011
-36.704
-35.456
-34.261
-33.113
-32.009
-30.943
-29.912
-28.913
-27.94
-26.987
-26.052
-25.132
-24.22
-23.311
-22.394
-21.464
-20.517
-19.552
-18.568
-17.56
-16.524
-15.458
-14.364
-13.236
-12.069
-10.847
-9.548
-8.162
-6.697
-5.165
-3.59
-1.992
-0.387
1.197
2.727
4.181
5.552
6.858
8.139
9.413
10.679
11.918
13.095
14.209
15.282
16.34
17.427
18.591
19.886
21.413
23.283
25.547
28.211
31.216
34.444
37.818
41.287
44.809
48.366
51.908
55.367
58.702
61.85
64.723
67.206
69.11
70.235
70.489
69.857
68.409
66.309
63.681
60.645
57.349
53.909
50.442
47.061
43.823
40.794
38.087
35.852
34.311
33.689
34.098
35.586
38.127
41.608
45.923
50.944
56.48
62.374
68.501
74.757
81.101
87.493
93.845
100.051
105.966
111.441
116.395
120.777
124.566
127.797
130.519
132.814
134.822
136.656
138.392
140.087
141.758
143.417
145.1
146.844
148.691
150.687
152.864
155.249
157.873
160.744
163.855
167.181
170.672
174.288
178.012
181.834
185.758
189.79
193.934
198.199
202.601
207.151
211.855
216.713
221.72
226.874
232.177
237.634
243.253
249.035
254.98
261.083
267.338
273.735
280.26
286.897
293.62
300.411
307.247
314.11
320.979
327.834
334.654
341.418
348.106
354.695
361.159
367.474
373.613
379.551
385.265
390.731
395.927
400.834
405.438
409.725
413.684
417.301
420.564
423.463
425.992
428.149
429.931
431.341
432.385
433.078
433.439
433.487
433.238
432.699
431.873
430.768
429.397
427.779
425.939
423.907
421.716
419.415
417.065
414.725
412.447
410.276
408.246
406.411
404.839
403.607
402.798
402.476
402.7
403.513
404.931
406.945
409.53
412.625
416.174
420.114
424.337
428.739
433.194
437.534
441.62
445.236
448.073
450.029
451.198
451.86
452.632
454.104
456.613
460.747
467.248
476.174
487.075
498.819
509.398
517.267
521.681
521.606
515.956
505.086
490.582
475.657
465.14
462.984
472.154
496.15
538.558
601.015
682.89
780.714
888.627
1001.308
1113.344
1217.59
1305.809
1370.817
1407.834
1415.052
1392.749
1341.007
1261.278
1158.142
1038.824
911.465
783.08
659.213
545.048
446.711
369.356
315.075
282.971
270.275
274.15
291.909
320.076
353.553
387.03
417.109
442.449
463.142
479.682
492.543
502.607
511.816
522.562
536.212
553.047
572.528
593.662
615.584
637.531
658.514
677.452
693.717
707.059
717.49
725.288
730.66
733.784
734.882
734.128
731.797
728.286
724.155
720.199
717.212
715.777
716.326
719.167
723.969
730.155
737.105
743.634
748.785
751.895
752.157
749.2
743.758
736.771
728.945
721.692
715.936
712.477
713.334
720.256
733.839
754.965
782.292
809.576
830.695
839.446
834.126
825.914
824.794
830.45
828.399
779.169
642.195
398.161
49.616
-366.168
-796.785
-1197.621
-1531.107
-1779.529
-1938.427
-2009.636
-2001.859
-1926.659
-1804.913
-1661.188
-1523.241
-1414.727
-1341.697
-1298.272
-1267.102
-1231.686
-1187.515
-1138.082
-1094.836
-1065.647
-1049.661
-1042.119
-1034.189
-1019.551
-997.33
-968.356
-934.524
-897.82
-859.504
-820.995
-784.611
-752.676
-726.328
-705.861
-690.949
-680.799
-674.678
-671.894
-671.414
-672.042
-672.989
-673.768
-674.126
-674.071
-673.539
-672.397
-670.619
-668.256
-665.335
-661.892
-657.944
-653.446
-648.453
-643.104
-637.538
-631.942
-626.484
-621.285
-616.472
-612.156
-608.422
-605.34
-602.961
-601.3
-600.372
-600.193
-600.771
-602.131
-604.256
-607.09
-610.561
-614.578
-619.048
-623.89
-629.012
-634.316
-639.717
-645.137
-650.506
-655.773
-660.876
-665.752
-670.333
-674.55
-678.349
-681.696
-684.566
-686.941
-688.812
-690.172
-691.025
-691.385
-691.263
-690.668
-689.608
-688.091
-686.129
-683.74
-680.944
-677.765
-674.225
-670.346
-666.149
-661.66
-656.901
-651.892
-646.656
-641.208
-635.569
-629.76
-623.801
-617.713
-611.517
-605.232
-598.875
-592.466
-586.021
-579.553
-573.077
-566.602
-560.138
-553.695
-547.278
-540.894
-534.548
-528.242
-521.981
-515.765
-509.596
-503.474
-497.398
-491.366
-485.376
-479.426
-473.513
-467.633
-461.783
-455.959
-450.16
-444.381
-438.62
-432.875
-427.144
-421.423
-415.712
-410.007
-404.309
-398.615
-392.924
-387.237
-381.554
-375.876
-370.206
-364.545
-358.896
-353.264
-347.65
-342.06
-336.496
-330.963
-325.466
-320.01
-314.599
-309.239
-303.935
-298.693
-293.518
-288.416
-283.392
-278.45
-273.595
-268.832
-264.164
-259.595
-255.127
-250.766
-246.512
-242.369
-238.339
-234.424
-230.625
-226.944
-223.379
-219.931
-216.6
-213.383
-210.28
-207.289
-204.406
-201.631
-198.961
-196.392
-193.923
-191.549
-189.267
-187.073
-184.965
-182.937
-180.987
-179.111
-177.305
-175.567
-173.894
-172.283
-170.732
-169.239
-167.801
-166.417
-165.085
-163.804
-162.572
-161.388
-160.251
-159.16
-158.116
-157.118
-156.164
-155.256
-154.391
-153.57
-152.792
-152.054
-151.356
-150.695
-150.069
-149.475
-148.91
-148.37
-147.853
-147.352
-146.864
-146.383
-145.904
-145.42
-144.924
-144.41
-143.869
-143.295
-142.678
-142.011
-141.284
-140.488
-139.613
-138.65
-137.591
-136.424
-135.142
-133.735
-132.195
-130.515
-128.688
-126.708
-124.569
-122.267
-119.801
-117.168
-114.369
-111.404
-108.277
-104.991
-101.553
-97.971
-94.251
-90.405
-86.443
-82.376
-78.218
-73.983
-69.686
-65.341
-60.968
-56.585
-52.214
-47.878
-43.599
-39.4
-35.305
-31.338
-27.521
-23.874
-20.413
-17.153
-14.11
-11.3
-8.737
-6.436
-4.404
-2.649
-1.177
0.011
0.918
1.548
1.92
2.045
1.932
1.588
1.009
0.194
-0.848
-2.104
-3.556
-5.177
-6.937
-8.797
-10.693
-12.571
-14.375
-16.052
-17.565
-18.867
-19.896
-20.596
-20.892
-20.713
-20.011
-18.758
-16.952
-14.617
-11.794
-8.532
-4.906
-1.019
2.998
7.008
10.882
14.468
17.657
20.293
22.105
23.013
23.115
22.69
22.361
22.714
24.095
27.047
32.257
39.792
49.361
60.122
70.189
78.064
82.873
83.37
78.705
69.488
57.073
44.051
34.925
33.708
43.81
69.336
113.299
176.271
257.351
353.565
459.081
567.423
671.497
762.506
832.216
874.777
885.921
863.246
807.438
721.449
610.473
482.616
347.061
211.999
85.125
-26.065
-115.943
-181.471
-222.083
-240.051
-239.424
-224.26
-198.975
-169.042
-139.519
-113.677
-93.204
-78.103
-67.265
-59.69
-54.225
-48.892
-41.646
-31.413
-17.981
-1.952
15.583
33.787
51.953
69.146
84.368
96.946
106.581
113.33
117.522
119.465
119.417
117.675
114.592
110.546
105.91
101.04
96.205
91.594
87.378
83.691
80.669
78.451
77.115
76.668
77.091
78.333
80.332
83.033
86.347
90.125
94.204
98.401
102.541
106.522
110.266
113.709
116.8
119.488
121.746
123.589
125.045
126.14
126.899
127.343
127.506
127.452
127.252
126.979
126.713
126.51
126.414
126.469
126.71
127.167
127.865
128.813
130.016
131.485
133.233
135.272
137.616
140.268
143.227
146.494
150.063
153.93
158.09
162.534
167.254
172.242
177.486
182.978
188.704
194.651
200.799
207.127
213.61
220.223
226.939
233.729
240.561
247.405
254.229
261.002
267.692
274.267
280.697
286.95
292.995
298.802
304.342
309.586
314.508
319.081
323.281
327.084
330.471
333.422
335.92
337.951
339.504
340.566
341.132
341.196
340.755
339.808
338.358
336.41
333.971
331.052
327.664
323.824
319.548
314.857
309.771
304.314
298.512
292.39
285.978
279.303
272.398
265.292
258.018
250.61
243.101
235.524
227.912
220.3
212.721
205.206
197.788
190.498
183.363
176.414
169.676
163.174
156.932
150.972
145.312
139.97
134.961
130.297
125.989
122.044
118.467
115.262
112.428
109.963
107.863
106.12
104.725
103.667
102.932
102.506
102.371
102.508
102.898
103.519
104.349
105.364
106.539
107.852
109.277
110.79
112.366
113.981
115.611
117.235
118.828
120.372
121.844
123.227
124.504
125.657
126.674
127.54
128.247
128.783
129.143
129.319
129.31
129.111
128.724
128.148
127.387
126.444
125.326
124.04
122.593
120.994
119.254
117.384
115.394
113.297
111.104
108.827
106.478
104.069
101.61
99.114
96.59
94.05
91.501
88.953
86.413
83.889
81.385
78.908
76.461
74.047
71.669
69.327
67.023
64.756
62.526
60.331
58.169
56.037
53.933
51.853
49.792
47.748
45.715
43.689
41.667
39.645
37.62
35.587
33.546
31.493
29.427
27.347
25.251
23.14
21.015
18.876
16.725
14.566
12.4
10.232
8.066
5.906
3.758
1.625
-0.487
-2.572
-4.626
-6.644
-8.622
-10.553
-12.434
-14.262
-16.032
-17.742
-19.388
-20.97
-22.487
-23.938
-25.323
-26.645
-27.904
-29.104
-30.247
-31.337
-32.379
-33.377
-34.337
-35.264
-36.165
-37.047
-37.917
-38.781
-39.648
-40.525
-41.418
-42.334
-43.281
-44.264
-45.289
-46.36
-47.483
-48.66
-49.894
-51.188
-52.541
-53.953
-55.423
-56.947
-58.523
-60.144
-61.805
-63.499
-65.216
-66.949
-68.688
-70.422
-72.139
-73.829
-75.478
-77.075
-78.605
-80.056
-81.414
-82.666
-83.8
-84.801
-85.658
-86.359
-86.892
-87.247
-87.414
-87.385
-87.152
-86.708
-86.048
-85.169
-84.069
-82.747
-81.204
-79.442
-77.468
-75.288
-72.91
-70.345
-67.603
-64.699
-61.648
-58.466
-55.171
-51.781
-48.318
-44.805
-41.265
-37.724
-34.209
-30.745
-27.359
-24.078
-20.927
-17.929
-15.105
-12.475
-10.061
-7.882
-5.961
-4.317
-2.968
-1.929
-1.213
-0.833
-0.794
-1.095
-1.732
-2.703
-4.01
-5.665
-7.676
-10.042
-12.758
-15.816
-19.197
-22.87
-26.794
-30.908
-35.146
-39.452
-43.775
-48.076
-52.315
-56.428
-60.338
-63.959
-67.205
-70.02
-72.363
-74.181
-75.461
-76.248
-76.621
-76.713
-76.66
-76.521
-76.378
-76.345
-76.537
-77.15
-78.394
-80.411
-83.421
-87.65
-93.084
-99.577
-106.74
-113.838
-120.264
-125.514
-128.849
-129.727
-128.186
-124.694
-120.412
-116.785
-114.55
-114.112
-116.121
-120.88
-127.753
-134.85
-138.827
-136.336
-125.116
-103.165
-68.219
-18.033
48.613
130.422
223.669
324.439
428.94
532.359
628.742
710.734
770.974
804.841
810.086
784.676
727.845
641.47
529.877
400.505
262.525
123.804
-8.58
-126.805
-224.228
-296.973
-343.743
-366.453
-369.198
-355.996
-331.265
-300.822
-270.271
-243.451
-222.516
-207.71
-198.023
-192.489
-189.933
-188.306
-185.386
-179.899
-171.469
-160.515
-148
-134.716
-121.322
-108.733
-97.945
-89.53
-83.709
-80.416
-79.255
-79.862
-81.916
-84.974
-88.596
-92.426
-96.136
-99.483
-102.339
-104.586
-106.139
-106.979
-107.065
-106.384
-104.947
-102.74
-99.804
-96.223
-92.108
-87.606
-82.861
-77.993
-73.13
-68.398
-63.879
-59.633
-55.685
-52.02
-48.636
-45.53
-42.697
-40.141
-37.85
-35.795
-33.938
-32.228
-30.613
-29.049
-27.488
-25.876
-24.173
-22.346
-20.374
-18.252
-15.969
-13.51
-10.859
-7.997
-4.909
-1.582
1.993
5.825
9.921
14.286
18.92
23.82
28.982
34.402
40.076
46
52.169
58.571
65.195
72.027
79.051
86.25
93.604
101.088
108.68
116.355
124.086
131.848
139.612
147.35
155.032
162.629
170.111
177.448
184.609
191.564
198.285
204.741
210.906
216.753
222.255
227.39
232.134
236.467
240.371
243.829
246.827
249.351
251.391
252.939
253.988
254.533
254.572
254.105
253.133
251.661
249.694
247.242
244.313
240.921
237.078
232.8
228.105
223.011
217.539
211.71
205.546
199.074
192.317
185.301
178.054
170.603
162.974
155.196
147.296
139.301
131.24
123.139
115.025
106.923
98.859
90.858
82.943
75.137
67.463
59.94
52.588
45.425
38.468
31.732
25.231
18.977
12.982
7.255
1.803
-3.367
-8.249
-12.843
-17.145
-21.155
-24.877
-28.311
-31.463
-34.337
-36.941
-39.281
-41.367
-43.207
-44.812
-46.193
-47.361
-48.33
-49.112
-49.72
-50.168
-50.47
-50.639
-50.69
-50.637
-50.492
-50.27
-49.983
-49.646
-49.27
-48.868
-48.451
-48.031
-47.618
-47.222
-46.852
-46.515
-46.22
-45.973
-45.78
-45.645
-45.574
-45.57
-45.635
-45.772
-45.983
-46.267
-46.625
-47.056
-47.559
-48.131
-48.77
-49.472
-50.236
-51.056
-51.93
-52.852
-53.819
-54.826
-55.869
-56.941
-58.038
-59.155
-60.285
-61.425
-62.569
-63.712
-64.849
-65.977
-67.09
-68.185
-69.258
-70.306
-71.325
-72.311
-73.262
-74.175
-75.048
-75.879
-76.667
-77.409
-78.106
-78.756
-79.36
-79.916
-80.424
-80.883
-81.294
-81.657
-81.971
-82.236
-82.453
-82.622
-82.744
-82.82
-82.85
-82.835
-82.775
-82.671
-82.523
-82.332
-82.097
-81.819
-81.499
-81.137
-80.733
-80.289
-79.806
-79.284
-78.725
-78.128
-77.496
-76.829
-76.128
-75.395
-74.633
-73.842
-73.027
-72.189
-71.332
-70.46
-69.577
-68.686
-67.792
-66.899
-66.012
-65.135
-64.275
-63.435
-62.624
-61.846
-61.108
-60.417
-59.779
-59.202
-58.691
-58.254
-57.895
-57.621
-57.438
-57.35
-57.362
-57.48
-57.706
-58.044
-58.498
-59.068
-59.755
-60.56
-61.481
-62.517
-63.663
-64.917
-66.273
-67.724
-69.266
-70.89
-72.588
-74.351
-76.168
-78.029
-79.919
-81.827
-83.738
-85.637
-87.509
-89.337
-91.106
-92.799
-94.402
-95.897
-97.27
-98.505
-99.587
-100.501
-101.233
-101.77
-102.101
-102.214
-102.099
-101.75
-101.16
-100.325
-99.241
-97.907
-96.322
-94.49
-92.414
-90.099
-87.553
-84.784
-81.805
-78.629
-75.273
-71.754
-68.093
-64.314
-60.441
-56.502
-52.523
-48.534
-44.565
-40.647
-36.809
-33.078
-29.482
-26.05
-22.809
-19.788
-17.013
-14.512
-12.311
-10.436
-8.91
-7.753
-6.98
-6.598
-6.615
-7.035
-7.867
-9.129
-10.833
-12.981
-15.576
-18.614
-22.082
-25.958
-30.194
-34.72
-39.472
-44.381
-49.392
-54.463
-59.544
-64.578
-69.497
-74.217
-78.662
-82.775
-86.495
-89.772
-92.577
-94.92
-96.891
-98.635
-100.293
-101.988
-103.788
-105.763
-108.031
-110.717
-113.983
-118.002
-122.87
-128.734
-135.802
-144.054
-153.281
-163.042
-172.46
-180.73
-187.241
-191.165
-191.877
-189.437
-184.242
-177.351
-170.489
-164.718
-160.824
-159.969
-162.375
-166.985
-171.896
-173.7
-168.473
-153.509
-125.913
-82.288
-20.81
58.712
154.378
261.613
375.403
491.205
602.773
702.493
783.26
838.675
865.117
861.69
827.534
762.516
669.25
552.965
420.78
280.903
139.794
2.894
-123.218
-232.282
-319.515
-382.633
-422.105
-439.867
-437.509
-417.007
-382.076
-337.49
-288.665
-239.795
-193.618
-152.616
-119.022
-94.714
-80.449
-75.353
-77.206
-84.078
-94.103
-104.867
-114.499
-121.2
-123.602
-121.687
-116.284
-108.274
-98.972
-90.055
-82.528
-77.256
-74.864
-75.214
-77.951
-82.589
-88.258
-94.039
-99.406
-103.989
-107.6
-110.259
-111.892
-112.464
-112.084
-110.882
-108.968
-106.413
-103.224
-99.431
-95.149
-90.551
-85.842
-81.178
-76.635
-72.272
-68.135
-64.272
-60.747
-57.58
-54.755
-52.264
-50.097
-48.252
-46.736
-45.52
-44.541
-43.73
-43.004
-42.293
-41.557
-40.753
-39.846
-38.806
-37.602
-36.217
-34.645
-32.874
-30.884
-28.655
-26.163
-23.393
-20.341
-17
-13.368
-9.445
-5.227
-0.714
4.091
9.186
14.57
20.24
26.192
32.419
38.906
45.637
52.592
59.747
67.077
74.555
82.15
89.829
97.562
105.315
113.054
120.745
128.352
135.842
143.178
150.327
157.254
163.927
170.314
176.383
182.107
187.457
192.409
196.938
201.023
204.644
207.783
210.425
212.557
214.167
215.249
215.798
215.811
215.289
214.237
212.662
210.573
207.982
204.906
201.36
197.365
192.942
188.115
182.907
177.347
171.462
165.28
158.833
152.15
145.263
138.203
131.002
123.69
116.3
108.862
101.407
93.966
86.568
79.243
72.017
64.919
57.974
51.205
44.636
38.287
32.178
26.326
20.746
15.452
10.457
5.77
1.399
-2.649
-6.37
-9.763
-12.826
-15.56
-17.969
-20.056
-21.828
-23.291
-24.453
-25.324
-25.914
-26.235
-26.298
-26.118
-25.707
-25.081
-24.254
-23.242
-22.062
-20.729
-19.259
-17.668
-15.973
-14.188
-12.33
-10.414
-8.454
-6.463
-4.457
-2.447
-0.446
1.535
3.485
5.395
7.256
9.06
10.801
12.472
14.069
15.586
17.021
18.371
19.635
20.81
21.898
22.9
23.816
24.65
25.404
26.081
26.686
27.223
27.697
28.113
28.476
28.792
29.067
29.306
29.515
29.699
29.864
30.015
30.157
30.295
30.433
30.575
30.725
30.887
31.061
31.252
31.461
31.689
31.937
32.205
32.494
32.801
33.126
33.467
33.822
34.189
34.563
34.942
35.321
35.698
36.067
36.425
36.766
37.087
37.383
37.65
37.884
38.081
38.237
38.349
38.415
38.431
38.395
38.305
38.16
37.958
37.7
37.384
37.011
36.582
36.097
35.559
34.969
34.331
33.646
32.918
32.151
31.349
30.515
29.654
28.77
27.869
26.956
26.035
25.112
24.191
23.278
22.376
21.49
20.625
19.782
18.967
18.18
17.426
16.705
16.02
15.371
14.76
14.186
13.648
13.147
12.68
12.246
11.843
11.467
11.118
10.79
10.482
10.188
9.907
9.632
9.362
9.09
8.813
8.526
8.225
7.905
7.564
7.198
6.803
6.376
5.917
5.423
4.894
4.329
3.728
3.093
2.424
1.725
0.998
0.248
-0.521
-1.302
-2.091
-2.881
-3.663
-4.43
-5.175
-5.888
-6.561
-7.183
-7.746
-8.238
-8.65
-8.97
-9.187
-9.291
-9.271
-9.118
-8.821
-8.373
-7.765
-6.989
-6.04
-4.91
-3.597
-2.095
-0.403
1.482
3.559
5.827
8.281
10.919
13.733
16.718
19.863
23.16
26.596
30.16
33.838
37.614
41.472
45.393
49.356
53.341
57.325
61.283
65.189
69.018
72.743
76.336
79.773
83.025
86.069
88.881
91.439
93.722
95.709
97.382
98.721
99.712
100.339
100.586
100.441
99.89
98.928
97.56
95.788
93.617
91.051
88.085
84.724
80.981
76.873
72.41
67.614
62.51
57.142
51.588
45.92
40.205
34.504
28.855
23.3
17.899
12.705
7.778
3.17
-1.103
-5.016
-8.519
-11.595
-14.247
-16.537
-18.622
-20.651
-22.738
-24.971
-27.381
-30.023
-33.005
-36.42
-40.381
-44.986
-50.211
-56.13
-62.93
-70.566
-78.812
-87.094
-94.333
-99.574
-102.145
-101.299
-96.556
-88.014
-76.113
-62.34
-49.143
-38.602
-32.586
-32.617
-38.728
-49.755
-63.686
-76.482
-82.846
-77.829
-56.174
-13.513
51.471
138.034
243.702
362.728
487.241
608.526
716.116
799.797
852.521
869.235
846.544
784.771
687.477
560.785
414.26
258.944
104.45
-40.134
-165.736
-265.689
-336.463
-377.451
-391.6
-384.042
-359.902
-324.851
-285.788
-248.943
-218.474
-196.576
-183.248
-177.043
-176.485
-179.801
-184.296
-187.292
-187.245
-183.602
-176.787
-167.871
-157.717
-147.081
-136.965
-128.341
-121.734
-117.301
-114.837
-113.888
-114.097
-115.187
-116.848
-118.795
-120.777
-122.577
-124.044
-125.078
-125.599
-125.551
-124.905
-123.645
-121.796
-119.409
-116.554
-113.323
-109.8
-106.063
-102.182
-98.222
-94.255
-90.361
-86.611
-83.075
-79.795
-76.794
-74.085
-71.675
-69.551
-67.692
-66.065
-64.629
-63.35
-62.198
-61.146
-60.166
-59.229
-58.301
-57.35
-56.347
-55.263
-54.073
-52.753
-51.28
-49.633
-47.798
-45.758
-43.503
-41.018
-38.289
-35.305
-32.053
-28.525
-24.713
-20.611
-16.217
-11.528
-6.548
-1.28
4.267
10.085
16.164
22.489
29.045
35.816
42.781
49.919
57.207
64.621
72.134
79.717
87.342
94.979
102.596
110.162
117.645
125.011
132.23
139.268
146.094
152.677
158.986
164.992
170.666
175.981
180.912
185.435
189.528
193.171
196.347
199.039
201.235
202.923
204.095
204.744
204.867
204.462
203.532
202.078
200.108
197.63
194.656
191.198
187.273
182.898
178.092
172.878
167.279
161.319
155.025
148.425
141.547
134.421
127.077
119.545
111.857
104.043
96.134
88.162
80.156
72.146
64.162
56.231
48.381
40.638
33.026
25.57
18.29
11.207
4.34
-2.295
-8.683
-14.81
-20.667
-26.243
-31.532
-36.529
-41.229
-45.632
-49.739
-53.55
-57.071
-60.305
-63.261
-65.945
-68.367
-70.537
-72.466
-74.165
-75.647
-76.924
-78.01
-78.918
-79.662
-80.256
-80.712
-81.046
-81.269
-81.396
-81.439
-81.409
-81.319
-81.18
-81.002
-80.794
-80.565
-80.323
-80.076
-79.829
-79.588
-79.358
-79.142
-78.943
-78.763
-78.603
-78.464
-78.346
-78.249
-78.172
-78.113
-78.072
-78.046
-78.035
-78.035
-78.045
-78.063
-78.087
-78.115
-78.145
-78.176
-78.206
-78.233
-78.258
-78.277
-78.292
-78.301
-78.303
-78.3
-78.291
-78.276
-78.257
-78.235
-78.211
-78.188
-78.166
-78.149
-78.139
-78.139
-78.151
-78.179
-78.225
-78.292
-78.382
-78.499
-78.644
-78.82
-79.028
-79.269
-79.546
-79.858
-80.206
-80.591
-81.012
-81.469
-81.961
-82.488
-83.048
-83.64
-84.262
-84.913
-85.591
-86.292
-87.015
-87.757
-88.514
-89.283
-90.061
-90.843
-91.626
-92.406
-93.178
-93.938
-94.683
-95.408
-96.11
-96.784
-97.428
-98.038
-98.611
-99.146
-99.64
-100.092
-100.5
-100.863
-101.181
-101.453
-101.679
-101.859
-101.994
-102.085
-102.132
-102.136
-102.1
-102.024
-101.912
-101.765
-101.587
-101.38
-101.148
-100.896
-100.626
-100.342
-100.05
-99.754
-99.457
-99.164
-98.879
-98.606
-98.349
-98.11
-97.894
-97.701
-97.536
-97.399
-97.292
-97.216
-97.172
-97.162
-97.184
-97.239
-97.328
-97.449
-97.601
-97.785
-97.997
-98.235
-98.498
-98.782
-99.083
-99.396
-99.718
-100.042
-100.363
-100.674
-100.969
-101.24
-101.482
-101.687
-101.847
-101.956
-102.007
-101.992
-101.906
-101.741
-101.493
-101.155
-100.722
-100.19
-99.553
-98.807
-97.949
-96.975
-95.88
-94.663
-93.322
-91.853
-90.256
-88.53
-86.677
-84.697
-82.595
-80.373
-78.037
-75.593
-73.048
-70.411
-67.693
-64.903
-62.054
-59.158
-56.23
-53.283
-50.332
-47.394
-44.484
-41.622
-38.826
-36.115
-33.508
-31.027
-28.69
-26.518
-24.53
-22.743
-21.171
-19.832
-18.739
-17.911
-17.363
-17.111
-17.168
-17.545
-18.252
-19.296
-20.679
-22.397
-24.444
-26.812
-29.499
-32.51
-35.848
-39.513
-43.496
-47.787
-52.367
-57.209
-62.272
-67.5
-72.837
-78.227
-83.623
-88.989
-94.284
-99.466
-104.472
-109.226
-113.656
-117.7
-121.31
-124.437
-127.066
-129.221
-130.966
-132.408
-133.651
-134.77
-135.839
-136.966
-138.264
-139.862
-141.927
-144.577
-147.987
-152.41
-157.899
-164.324
-171.365
-178.39
-184.771
-190.101
-193.781
-195.057
-193.788
-190.265
-185.342
-180.647
-177.349
-175.904
-176.993
-181.447
-189.02
-198.493
-207.355
-211.751
-208.548
-195.349
-169.647
-128.76
-70.516
5.186
95.881
197.968
304.852
409.346
507.851
593.326
663.245
718.137
747.023
742.982
698.082
604.255
475.192
326.15
171.953
29.987
-97.896
-209.776
-300.224
-369.146
-413.346
-432.107
-430.402
-412.422
-383.218
-349.566
-317.036
-289.29
-268.566
-255.098
-247.64
-244.992
-245.787
-247.665
-248.156
-245.873
-240.274
-231.706
-221.2
-209.563
-197.45
-185.805
-175.605
-167.401
-161.401
-157.457
-155.136
-154.101
-154.091
-154.802
-155.938
-157.234
-158.454
-159.425
-160.033
-160.183
-159.809
-158.874
-157.354
-155.261
-152.635
-149.539
-146.059
-142.278
-138.274
-134.117
-129.868
-125.604
-121.406
-117.353
-113.521
-109.96
-106.695
-103.743
-101.111
-98.792
-96.766
-95
-93.45
-92.08
-90.859
-89.758
-88.751
-87.806
-86.888
-85.964
-85.002
-83.972
-82.849
-81.605
-80.217
-78.664
-76.929
-74.997
-72.858
-70.499
-67.907
-65.067
-61.968
-58.597
-54.945
-51.002
-46.757
-42.206
-37.343
-32.169
-26.687
-20.9
-14.817
-8.447
-1.804
5.094
12.232
19.591
27.152
34.892
42.787
50.815
58.952
67.174
75.451
83.752
92.044
100.294
108.467
116.531
124.448
132.184
139.703
146.973
153.97
160.664
167.025
173.018
178.603
183.747
188.43
192.632
196.338
199.537
202.227
204.422
206.153
207.45
208.331
208.795
208.828
208.421
207.568
206.264
204.509
202.281
199.553
196.313
192.556
188.275
183.448
178.02
171.903
165.029
157.371
148.942
139.785
129.949
119.497
108.513
97.108
85.434
73.631
61.812
50.066
38.483
27.179
16.311
6.07
-3.384
-11.946
-19.549
-26.161
-31.759
-36.351
-39.988
-42.775
-44.861
-46.369
-47.385
-47.966
-48.171
-48.08
-47.81
-47.493
-47.229
-47.09
-47.126
-47.375
-47.871
-48.62
-49.588
-50.696
-51.84
-52.946
-53.973
-54.903
-55.721
-56.406
-56.922
-57.241
-57.354
-57.261
-56.962
-56.456
-55.74
-54.828
-53.757
-52.582
-51.365
-50.152
-48.973
-47.846
-46.788
-45.814
-44.935
-44.156
-43.469
-42.87
-42.36
-41.941
-41.618
-41.389
-41.246
-41.178
-41.173
-41.223
-41.32
-41.46
-41.637
-41.845
-42.083
-42.351
-42.651
-42.982
-43.341
-43.724
-44.125
-44.54
-44.965
-45.393
-45.819
-46.238
-46.645
-47.037
-47.411
-47.764
-48.094
-48.397
-48.672
-48.917
-49.133
-49.317
-49.469
-49.59
-49.679
-49.737
-49.764
-49.759
-49.723
-49.656
-49.558
-49.428
-49.265
-49.069
-48.838
-48.573
-48.272
-47.935
-47.561
-47.15
-46.702
-46.214
-45.689
-45.125
-44.522
-43.879
-43.197
-42.473
-41.709
-40.903
-40.054
-39.161
-38.223
-37.238
-36.205
-35.123
-33.989
-32.802
-31.559
-30.261
-28.904
-27.488
-26.013
-24.476
-22.878
-21.218
-19.497
-17.714
-15.87
-13.967
-12.006
-9.989
-7.918
-5.796
-3.626
-1.411
0.846
3.141
5.471
7.831
10.218
12.628
15.057
17.499
19.951
22.408
24.865
27.317
29.76
32.188
34.597
36.982
39.34
41.665
43.954
46.204
48.412
50.575
52.692
54.761
56.782
58.755
60.681
62.563
64.402
66.204
67.972
69.713
71.432
73.137
74.836
76.536
78.247
79.98
81.744
83.549
85.409
87.333
89.335
91.426
93.621
95.932
98.373
100.957
103.697
106.608
109.702
112.992
116.489
120.205
124.151
128.336
132.77
137.46
142.413
147.635
153.129
158.899
164.944
171.264
177.856
184.715
191.836
199.211
206.832
214.686
222.761
231.045
239.52
248.17
256.976
265.916
274.969
284.11
293.314
302.554
311.799
321.021
330.189
339.272
348.239
357.058
365.699
374.137
382.342
390.29
397.956
405.313
412.337
419.007
425.299
431.195
436.677
441.731
446.347
450.527
454.27
457.576
460.446
462.868
464.839
466.365
467.453
468.114
468.371
468.253
467.812
467.122
466.254
465.278
464.251
463.215
462.219
461.322
460.587
460.099
459.927
460.114
460.714
461.771
463.3
465.285
467.633
470.194
472.825
475.412
477.882
480.169
482.173
483.776
484.835
485.199
484.79
483.509
481.184
477.854
473.73
469.239
465.199
462.388
461.402
463.001
467.778
475.694
486.389
498.906
511.628
523.488
533.617
540.771
544.532
545.631
545.581
547.236
554.124
568.935
594.547
634.402
690.625
763.747
852.538
953.428
1061.708
1172.347
1278.747
1372.839
1446.873
1494.18
1510.041
1492.023
1439.352
1353.23
1238.013
1101.005
951.222
798.176
650.854
517.605
405.781
320.781
264.81
236.813
233.372
249.704
280.346
319.209
360.111
397.652
428.481
451.414
466.653
475.312
478.993
479.726
479.884
481.685
486.246
493.617
503.353
514.675
526.803
539.006
550.396
560.12
567.821
573.574
577.646
580.433
582.221
583.169
583.506
583.52
583.431
583.37
583.36
583.354
583.36
583.462
583.745
584.26
584.998
585.952
587.19
588.8
590.919
593.715
597.268
601.671
607.04
613.348
620.623
629.12
638.985
650.207
662.707
675.937
689.071
701.749
713.636
723.393
729.452
731.165
727.909
721.885
719.056
720.464
724.808
729.884
723.201
699.971
666.331
626.528
602.835
612.289
650.396
700.165
695.364
617.05
517.732
299.356
-186.848
-819.058
-1304.177
-1537.838
-1669.745
-1798.833
-1859.237
-1818.712
-1717.16
-1580.33
-1423.815
-1277.111
-1167.681
-1100.737
-1066.851
-1046.036
-1018.28
-978.556
-932.988
-893.577
-868.615
-858.01
-856.125
-853.704
-844.691
-827.927
-804.143
-775.518
-744.039
-710.572
-676.346
-643.549
-614.326
-589.975
-570.926
-556.821
-546.928
-540.645
-537.395
-536.284
-536.237
-536.514
-536.699
-536.637
-536.419
-536.062
-535.481
-534.663
-533.668
-532.508
-531.195
-529.697
-527.897
-525.784
-523.422
-520.885
-518.312
-515.811
-513.441
-511.27
-509.36
-507.749
-506.481
-505.587
-505.06
-504.916
-505.178
-505.876
-507.065
-508.757
-510.922
-513.516
-516.471
-519.723
-523.22
-526.897
-530.68
-534.507
-538.32
-542.071
-545.727
-549.241
-552.56
-555.625
-558.37
-560.751
-562.743
-564.328
-565.497
-566.249
-566.585
-566.517
-566.069
-565.259
-564.101
-562.611
-560.799
-558.683
-556.285
-553.63
-550.744
-547.649
-544.368
-540.922
-537.334
-533.622
-529.805
-525.897
-521.91
-517.859
-513.758
-509.622
-505.465
-501.3
-497.139
-492.993
-488.873
-484.79
-480.75
-476.759
-472.823
-468.944
-465.127
-461.374
-457.685
-454.06
-450.499
-447.002
-443.566
-440.189
-436.868
-433.601
-430.384
-427.214
-424.087
-421
-417.948
-414.929
-411.94
-408.978
-406.041
-403.125
-400.23
-397.353
-394.492
-391.646
-388.813
-385.991
-383.179
-380.376
-377.579
-374.788
-372.002
-369.221
-366.442
-363.666
-360.893
-358.123
-355.355
-352.59
-349.829
-347.072
-344.319
-341.573
-338.834
-336.103
-333.381
-330.67
-327.97
-325.284
-322.612
-319.955
-317.314
-314.691
-312.086
-309.5
-306.933
-304.387
-301.863
-299.361
-296.882
-294.427
-291.997
-289.593
-287.217
-284.869
-282.55
-280.261
-278.001
-275.773
-273.574
-271.405
-269.266
-267.155
-265.071
-263.013
-260.979
-258.969
-256.98
-255.01
-253.058
-251.121
-249.198
-247.287
-245.387
-243.494
-241.609
-239.729
-237.855
-235.984
-234.117
-232.253
-230.392
-228.533
-226.677
-224.823
-222.971
-221.123
-219.277
-217.435
-215.599
-213.768
-211.945
-210.131
-208.329
-206.541
-204.769
-203.015
-201.28
-199.568
-197.88
-196.219
-194.585
-192.981
-191.406
-189.864
-188.353
-186.873
-185.424
-184.003
-182.608
-181.236
-179.883
-178.543
-177.213
-175.884
-174.553
-173.211
-171.853
-170.469
-169.053
-167.596
-166.089
-164.523
-162.888
-161.176
-159.376
-157.479
-155.474
-153.355
-151.11
-148.734
-146.216
-143.551
-140.732
-137.753
-134.608
-131.295
-127.809
-124.148
-120.313
-116.306
-112.129
-107.785
-103.283
-98.63
-93.835
-88.91
-83.868
-78.722
-73.486
-68.178
-62.813
-57.411
-51.991
-46.573
-41.179
-35.835
-30.567
-25.4
-20.36
-15.474
-10.768
-6.266
-1.99
2.041
5.809
9.297
12.486
15.357
17.893
20.082
21.914
23.381
24.477
25.2
25.555
25.556
25.212
24.53
23.511
22.145
20.431
18.377
15.991
13.29
10.298
7.039
3.556
-0.089
-3.845
-7.652
-11.461
-15.241
-18.933
-22.459
-25.742
-28.681
-31.202
-33.253
-34.78
-35.755
-36.185
-36.087
-35.512
-34.54
-33.243
-31.732
-30.144
-28.602
-27.296
-26.401
-26.145
-26.877
-28.721
-31.567
-35.144
-38.869
-42.17
-44.752
-46.054
-45.27
-42.309
-37.581
-32.119
-27.862
-26.159
-27.505
-32.73
-42.728
-57.114
-74.417
-91.513
-103.659
-107.104
-99.039
-76.208
-35.324
25.515
106.085
203.278
311.716
426.104
540.817
648.904
742.16
812.635
854.857
866.131
845.703
794.004
713.11
607.539
484.862
354.109
222.895
97.848
-14.832
-109.951
-183.495
-233.831
-262.671
-273.551
-269.738
-254.851
-233.004
-208.237
-184.634
-164.757
-149.015
-136.867
-127.683
-120.612
-114.64
-108.517
-100.611
-90.137
-77.359
-62.905
-47.604
-32.188
-17.204
-3.351
8.468
17.714
24.279
28.283
30.112
30.147
28.664
26.037
22.732
19.155
15.653
12.498
9.812
7.68
6.206
5.465
5.539
6.502
8.353
11.055
14.556
18.762
23.566
28.834
34.375
40.008
45.58
50.965
56.089
60.914
65.401
69.528
73.285
76.654
79.642
82.267
84.54
86.488
88.15
89.575
90.838
92.017
93.167
94.34
95.574
96.893
98.326
99.894
101.606
103.478
105.523
107.758
110.204
112.878
115.792
118.957
122.376
126.052
129.987
134.184
138.642
143.362
148.341
153.577
159.068
164.808
170.788
176.996
183.417
190.031
196.82
203.763
210.836
218.013
225.27
232.579
239.915
247.249
254.551
261.793
268.945
275.976
282.857
289.556
296.045
302.292
308.268
313.946
319.296
324.294
328.912
333.128
336.92
340.268
343.156
345.568
347.49
348.913
349.829
350.232
350.118
349.488
348.342
346.684
344.521
341.861
338.714
335.093
331.011
326.485
321.531
316.169
310.419
304.304
297.846
291.071
284.006
276.676
269.112
261.341
253.394
245.301
237.093
228.8
220.451
212.077
203.707
195.368
187.087
178.889
170.8
162.841
155.035
147.401
139.957
132.722
125.709
118.932
112.403
106.134
100.132
94.406
88.961
83.802
78.932
74.352
70.063
66.062
62.347
58.913
55.754
52.863
50.23
47.846
45.701
43.782
42.078
40.575
39.262
38.123
37.147
36.319
35.627
35.057
34.598
34.237
33.962
33.762
33.627
33.546
33.51
33.51
33.535
33.579
33.633
33.69
33.742
33.783
33.808
33.81
33.787
33.732
33.644
33.52
33.356
33.152
32.906
32.618
32.287
31.915
31.501
31.047
30.556
30.027
29.463
28.867
28.239
27.581
26.896
26.184
25.448
24.689
23.91
23.111
22.294
21.462
20.617
19.76
18.893
18.019
17.138
16.254
15.367
14.481
13.597
12.718
11.847
10.985
10.135
9.3
8.482
7.683
6.904
6.148
5.415
4.708
4.028
3.375
2.751
2.158
1.596
1.067
0.57
0.108
-0.319
-0.712
-1.069
-1.39
-1.676
-1.926
-2.139
-2.316
-2.456
-2.561
-2.629
-2.662
-2.662
-2.628
-2.564
-2.472
-2.353
-2.209
-2.045
-1.861
-1.661
-1.448
-1.223
-0.99
-0.751
-0.509
-0.267
-0.029
0.204
0.429
0.643
0.843
1.028
1.196
1.344
1.47
1.573
1.651
1.7
1.719
1.706
1.658
1.573
1.45
1.288
1.085
0.841
0.555
0.228
-0.142
-0.553
-1.006
-1.5
-2.034
-2.607
-3.217
-3.864
-4.545
-5.257
-5.998
-6.765
-7.556
-8.366
-9.194
-10.036
-10.888
-11.748
-12.61
-13.471
-14.327
-15.171
-16
-16.807
-17.586
-18.332
-19.039
-19.701
-20.312
-20.867
-21.359
-21.783
-22.131
-22.398
-22.576
-22.659
-22.641
-22.516
-22.278
-21.923
-21.446
-20.842
-20.109
-19.243
-18.241
-17.102
-15.823
-14.402
-12.841
-11.138
-9.297
-7.318
-5.206
-2.965
-0.6
1.883
4.476
7.172
9.962
12.837
15.785
18.796
21.857
24.953
28.07
31.19
34.293
37.36
40.371
43.304
46.139
48.854
51.429
53.847
56.09
58.142
59.985
61.603
62.98
64.1
64.945
65.502
65.757
65.7
65.324
64.631
63.62
62.294
60.65
58.68
56.377
53.742
50.773
47.477
43.864
39.956
35.796
31.445
26.965
22.417
17.855
13.321
8.865
4.542
0.412
-3.45
-6.98
-10.133
-12.86
-15.118
-16.888
-18.189
-19.111
-19.79
-20.365
-20.957
-21.641
-22.516
-23.717
-25.382
-27.685
-30.79
-34.779
-39.779
-45.971
-53.326
-61.651
-70.529
-79.152
-86.795
-92.909
-96.775
-97.846
-96.122
-91.902
-86.059
-80.084
-74.982
-71.487
-70.636
-72.685
-76.717
-81.064
-82.945
-78.937
-66.278
-42.208
-3.458
51.972
124.038
210.959
309.147
413.939
520.194
621.554
710.164
778.534
821.177
834.62
816.905
767.538
688.171
583.024
459.118
325.024
188.653
57.168
-62.081
-162.517
-240.034
-293.081
-322.887
-332.9
-326.838
-308.765
-284.12
-258.51
-235.811
-218.229
-206.302
-199.147
-195.796
-195.102
-194.878
-192.626
-186.878
-177.128
-163.718
-147.695
-129.967
-111.293
-92.812
-75.792
-61.08
-49.158
-40.115
-33.676
-29.618
-27.779
-27.905
-29.711
-32.899
-37.138
-42.143
-47.68
-53.507
-59.408
-65.143
-70.446
-75.1
-78.926
-81.815
-83.734
-84.664
-84.6
-83.563
-81.589
-78.762
-75.211
-71.064
-66.445
-61.475
-56.258
-50.925
-45.63
-40.492
-35.604
-31.024
-26.769
-22.857
-19.308
-16.116
-13.264
-10.718
-8.43
-6.361
-4.479
-2.742
-1.109
0.476
2.08
3.754
5.533
7.447
9.517
11.762
14.201
16.844
19.691
22.746
26.008
29.485
33.185
37.112
41.266
45.641
50.231
55.031
60.037
65.242
70.636
76.21
81.954
87.857
93.908
100.094
106.396
112.795
119.269
125.794
132.348
138.904
145.435
151.915
158.316
164.612
170.775
176.778
182.594
188.195
193.554
198.644
203.44
207.916
212.047
215.811
219.187
222.155
224.698
226.8
228.446
229.625
230.328
230.547
230.278
229.517
228.264
226.521
224.292
221.585
218.408
214.772
210.69
206.178
201.253
195.934
190.241
184.196
177.823
171.147
164.194
156.992
149.569
141.955
134.18
126.275
118.271
110.2
102.09
93.974
85.88
77.836
69.872
62.013
54.285
46.711
39.315
32.117
25.137
18.393
11.9
5.673
-0.276
-5.936
-11.3
-16.359
-21.109
-25.547
-29.672
-33.483
-36.983
-40.175
-43.066
-45.662
-47.973
-50.009
-51.781
-53.302
-54.586
-55.648
-56.501
-57.163
-57.647
-57.969
-58.145
-58.19
-58.12
-57.948
-57.69
-57.36
-56.971
-56.535
-56.065
-55.573
-55.068
-54.56
-54.059
-53.574
-53.111
-52.678
-52.281
-51.925
-51.615
-51.354
-51.143
-50.986
-50.882
-50.83
-50.83
-50.881
-50.979
-51.122
-51.308
-51.533
-51.794
-52.089
-52.413
-52.764
-53.138
-53.531
-53.942
-54.366
-54.801
-55.245
-55.696
-56.15
-56.607
-57.065
-57.522
-57.977
-58.428
-58.874
-59.314
-59.747
-60.172
-60.591
-61.002
-61.406
-61.805
-62.2
-62.593
-62.985
-63.377
-63.772
-64.171
-64.576
-64.988
-65.408
-65.838
-66.279
-66.731
-67.196
-67.674
-68.167
-68.673
-69.194
-69.728
-70.275
-70.836
-71.409
-71.993
-72.589
-73.195
-73.811
-74.436
-75.069
-75.708
-76.353
-77.001
-77.649
-78.295
-78.935
-79.568
-80.19
-80.797
-81.386
-81.956
-82.503
-83.024
-83.516
-83.978
-84.407
-84.801
-85.158
-85.476
-85.754
-85.991
-86.187
-86.34
-86.452
-86.521
-86.548
-86.533
-86.477
-86.38
-86.243
-86.067
-85.854
-85.606
-85.325
-85.016
-84.681
-84.326
-83.955
-83.574
-83.187
-82.802
-82.422
-82.056
-81.708
-81.385
-81.093
-80.837
-80.624
-80.459
-80.347
-80.293
-80.302
-80.376
-80.52
-80.737
-81.03
-81.401
-81.851
-82.383
-82.998
-83.697
-84.479
-85.345
-86.294
-87.322
-88.428
-89.607
-90.855
-92.165
-93.53
-94.942
-96.393
-97.874
-99.373
-100.88
-102.384
-103.873
-105.333
-106.755
-108.123
-109.427
-110.654
-111.791
-112.827
-113.75
-114.549
-115.213
-115.73
-116.092
-116.288
-116.309
-116.146
-115.791
-115.237
-114.477
-113.506
-112.32
-110.915
-109.29
-107.443
-105.379
-103.098
-100.608
-97.913
-95.022
-91.946
-88.697
-85.288
-81.736
-78.056
-74.265
-70.383
-66.43
-62.428
-58.396
-54.357
-50.336
-46.358
-42.449
-38.636
-34.946
-31.406
-28.044
-24.886
-21.959
-19.284
-16.881
-14.772
-12.978
-11.518
-10.414
-9.681
-9.333
-9.379
-9.828
-10.686
-11.951
-13.61
-15.653
-18.07
-20.855
-24.014
-27.543
-31.429
-35.656
-40.206
-45.049
-50.152
-55.47
-60.938
-66.495
-72.085
-77.657
-83.178
-88.597
-93.845
-98.843
-103.495
-107.722
-111.472
-114.682
-117.303
-119.335
-120.792
-121.729
-122.242
-122.375
-122.176
-121.747
-121.166
-120.561
-120.107
-119.929
-120.235
-121.31
-123.209
-125.817
-128.844
-131.645
-133.636
-134.478
-133.524
-130.02
-123.902
-115.55
-106.021
-97.185
-90.333
-86.004
-85.112
-88.679
-96.458
-107.075
-117.556
-123.461
-121.279
-108.389
-81.666
-37.737
25.301
107.123
204.669
312.659
425.899
538.878
644.671
735.019
801.999
840.244
847.073
821.73
764.684
678.065
566.527
437.786
300.989
163.842
33.257
-84.186
-183.192
-259.597
-311.726
-341.412
-351.928
-346.289
-328.437
-302.906
-273.723
-245.195
-219.782
-197.539
-178.796
-163.772
-151.595
-141.327
-131.972
-121.863
-110.903
-100.196
-89.505
-78.825
-68.736
-59.401
-51.403
-45.704
-42.083
-39.845
-39.311
-40.513
-43.23
-47.542
-52.997
-58.958
-65.284
-71.894
-78.332
-84.308
-89.596
-93.858
-97.02
-99.084
-99.955
-99.632
-98.217
-95.795
-92.48
-88.438
-83.803
-78.741
-73.466
-68.134
-62.861
-57.735
-52.815
-48.154
-43.817
-39.835
-36.199
-32.89
-29.888
-27.178
-24.748
-22.566
-20.571
-18.693
-16.861
-15.017
-13.124
-11.147
-9.056
-6.823
-4.428
-1.86
0.879
3.792
6.889
10.182
13.684
17.403
21.337
25.485
29.846
34.417
39.198
44.185
49.372
54.753
60.325
66.083
72.022
78.134
84.404
90.819
97.36
104.009
110.746
117.547
124.389
131.247
138.097
144.913
151.671
158.345
164.908
171.333
177.595
183.667
189.524
195.14
200.489
205.549
210.297
214.71
218.77
222.457
225.753
228.644
231.114
233.151
234.745
235.887
236.57
236.789
236.542
235.829
234.651
233.014
230.922
228.385
225.412
222.015
218.207
214.003
209.419
204.473
199.186
193.576
187.667
181.48
175.039
168.368
161.493
154.438
147.227
139.888
132.444
124.922
117.346
109.743
102.137
94.552
87.013
79.542
72.161
64.892
57.755
50.768
43.949
37.314
30.88
24.659
18.663
12.905
7.393
2.135
-2.862
-7.594
-12.058
-16.251
-20.175
-23.829
-27.216
-30.34
-33.206
-35.818
-38.183
-40.308
-42.201
-43.871
-45.327
-46.58
-47.641
-48.519
-49.228
-49.778
-50.182
-50.451
-50.598
-50.633
-50.571
-50.421
-50.196
-49.907
-49.565
-49.182
-48.766
-48.328
-47.875
-47.417
-46.96
-46.511
-46.076
-45.659
-45.264
-44.896
-44.557
-44.251
-43.978
-43.74
-43.538
-43.373
-43.244
-43.151
-43.093
-43.068
-43.074
-43.111
-43.175
-43.264
-43.376
-43.508
-43.658
-43.821
-43.995
-44.176
-44.362
-44.548
-44.732
-44.91
-45.08
-45.239
-45.385
-45.517
-45.631
-45.727
-45.805
-45.864
-45.903
-45.922
-45.922
-45.903
-45.867
-45.814
-45.745
-45.662
-45.568
-45.462
-45.348
-45.227
-45.102
-44.975
-44.847
-44.722
-44.601
-44.487
-44.381
-44.287
-44.205
-44.139
-44.09
-44.06
-44.052
-44.065
-44.103
-44.166
-44.255
-44.37
-44.51
-44.677
-44.868
-45.084
-45.322
-45.582
-45.862
-46.159
-46.471
-46.797
-47.133
-47.476
-47.823
-48.171
-48.517
-48.857
-49.188
-49.506
-49.809
-50.093
-50.354
-50.591
-50.8
-50.979
-51.123
-51.231
-51.301
-51.329
-51.314
-51.254
-51.148
-50.996
-50.796
-50.549
-50.255
-49.914
-49.528
-49.099
-48.627
-48.115
-47.565
-46.98
-46.364
-45.719
-45.051
-44.362
-43.658
-42.942
-42.22
-41.496
-40.774
-40.059
-39.354
-38.665
-37.994
-37.348
-36.729
-36.143
-35.592
-35.081
-34.612
-34.189
-33.813
-33.487
-33.212
-32.989
-32.818
-32.7
-32.634
-32.619
-32.653
-32.734
-32.86
-33.027
-33.231
-33.466
-33.727
-34.007
-34.302
-34.602
-34.903
-35.195
-35.472
-35.725
-35.947
-36.129
-36.263
-36.339
-36.348
-36.281
-36.131
-35.887
-35.542
-35.087
-34.516
-33.822
-32.997
-32.036
-30.934
-29.684
-28.285
-26.731
-25.021
-23.154
-21.13
-18.95
-16.618
-14.138
-11.516
-8.758
-5.874
-2.871
0.239
3.444
6.732
10.088
13.495
16.939
20.399
23.853
27.282
30.661
33.966
37.175
40.262
43.203
45.977
48.561
50.936
53.083
54.981
56.61
57.952
58.987
59.698
60.07
60.09
59.75
59.049
57.986
56.564
54.786
52.647
50.147
47.287
44.068
40.494
36.576
32.331
27.801
23.04
18.105
13.053
7.941
2.815
-2.268
-7.251
-12.076
-16.673
-20.977
-24.934
-28.476
-31.547
-34.104
-36.146
-37.74
-38.99
-40.006
-40.884
-41.681
-42.482
-43.435
-44.68
-46.379
-48.7
-51.708
-55.562
-60.551
-66.725
-73.929
-81.708
-89.094
-95.197
-99.448
-101.08
-99.324
-94.068
-85.568
-75.061
-65.029
-57.511
-53.912
-55.587
-63.135
-75.751
-91.692
-107.258
-116.677
-114.495
-95.792
-56.126
7.276
94.714
204.447
331.981
469.647
608.456
738.597
849.891
933.283
982.44
993.128
963.111
893.674
789.094
656.162
504.086
342.798
180.686
25.922
-112.843
-228.782
-317.314
-376.343
-406.946
-411.799
-393.183
-354.889
-302.971
-244
-184.478
-129.867
-83.654
-48.163
-25.723
-17.152
-21.191
-35.191
-55.462
-78.223
-100.258
-119.132
-132.649
-139.404
-139.161
-132.56
-121.06
-106.554
-91
-75.782
-61.916
-50.072
-40.415
-32.931
-27.364
-23.146
-19.592
-16.268
-12.992
-9.784
-6.857
-4.36
-2.404
-1.149
-0.767
-1.388
-3.032
-5.585
-8.823
-12.5
-16.404
-20.373
-24.282
-28.015
-31.457
-34.47
-36.942
-38.8
-39.981
-40.422
-40.045
-38.759
-36.536
-33.455
-29.665
-25.342
-20.656
-15.722
-10.631
-5.471
-0.321
4.754
9.714
14.554
19.269
23.833
28.195
32.289
36.09
39.644
43.044
46.388
49.758
53.212
56.79
60.546
64.519
68.723
73.149
77.769
82.561
87.523
92.675
98.036
103.607
109.363
115.259
121.253
127.311
133.401
139.491
145.54
151.513
157.389
163.159
168.819
174.357
179.752
184.976
190.005
194.817
199.393
203.719
207.775
211.543
215.008
218.16
220.988
223.484
225.634
227.424
228.841
229.874
230.518
230.766
230.613
230.055
229.092
227.727
225.963
223.807
221.265
218.343
215.051
211.399
207.4
203.067
198.413
193.453
188.206
182.688
176.919
170.917
164.703
158.297
151.721
144.995
138.143
131.184
124.142
117.038
109.895
102.735
95.581
88.453
81.375
74.366
67.448
60.64
53.959
47.422
41.046
34.845
28.831
23.018
17.416
12.036
6.884
1.968
-2.705
-7.131
-11.307
-15.231
-18.901
-22.318
-25.482
-28.395
-31.058
-33.475
-35.651
-37.59
-39.298
-40.781
-42.048
-43.107
-43.966
-44.636
-45.127
-45.448
-45.61
-45.624
-45.501
-45.251
-44.885
-44.412
-43.844
-43.189
-42.458
-41.659
-40.8
-39.889
-38.934
-37.941
-36.918
-35.87
-34.804
-33.726
-32.641
-31.555
-30.473
-29.401
-28.343
-27.304
-26.287
-25.296
-24.333
-23.403
-22.506
-21.646
-20.823
-20.04
-19.298
-18.598
-17.941
-17.327
-16.757
-16.232
-15.752
-15.318
-14.931
-14.593
-14.303
-14.065
-13.878
-13.746
-13.668
-13.646
-13.681
-13.774
-13.925
-14.134
-14.401
-14.726
-15.108
-15.548
-16.044
-16.595
-17.202
-17.863
-18.577
-19.343
-20.16
-21.026
-21.941
-22.903
-23.911
-24.965
-26.062
-27.202
-28.383
-29.602
-30.859
-32.149
-33.472
-34.822
-36.198
-37.596
-39.013
-40.446
-41.892
-43.348
-44.812
-46.28
-47.751
-49.222
-50.691
-52.154
-53.612
-55.061
-56.499
-57.926
-59.339
-60.737
-62.119
-63.482
-64.826
-66.148
-67.447
-68.721
-69.968
-71.187
-72.375
-73.533
-74.66
-75.755
-76.817
-77.848
-78.848
-79.816
-80.754
-81.663
-82.542
-83.394
-84.218
-85.017
-85.792
-86.543
-87.272
-87.981
-88.67
-89.341
-89.996
-90.635
-91.26
-91.872
-92.474
-93.065
-93.649
-94.227
-94.801
-95.374
-95.947
-96.522
-97.1
-97.682
-98.27
-98.863
-99.461
-100.064
-100.671
-101.279
-101.888
-102.495
-103.098
-103.692
-104.276
-104.845
-105.395
-105.922
-106.421
-106.887
-107.315
-107.7
-108.037
-108.32
-108.542
-108.698
-108.782
-108.788
-108.709
-108.539
-108.271
-107.899
-107.418
-106.822
-106.107
-105.268
-104.301
-103.204
-101.974
-100.613
-99.119
-97.494
-95.741
-93.862
-91.863
-89.75
-87.529
-85.209
-82.799
-80.308
-77.748
-75.132
-72.471
-69.781
-67.075
-64.374
-61.694
-59.056
-56.479
-53.985
-51.595
-49.33
-47.211
-45.254
-43.477
-41.896
-40.527
-39.388
-38.496
-37.866
-37.514
-37.451
-37.687
-38.233
-39.088
-40.25
-41.714
-43.475
-45.535
-47.905
-50.589
-53.586
-56.892
-60.498
-64.386
-68.524
-72.869
-77.358
-81.929
-86.526
-91.102
-95.621
-100.038
-104.299
-108.335
-112.069
-115.435
-118.381
-120.86
-122.829
-124.285
-125.28
-125.901
-126.288
-126.565
-126.801
-127.091
-127.541
-128.264
-129.426
-131.192
-133.665
-137.005
-141.412
-146.879
-153.266
-160.219
-167.016
-173.031
-177.757
-180.479
-180.653
-178.295
-173.739
-167.918
-162.325
-157.851
-155.118
-155.095
-158.033
-163.148
-168.899
-172.407
-170.214
-159.82
-138.702
-103.883
-53.505
12.958
94.393
187.349
287.359
389.843
488.83
577.218
648.127
695.216
714.03
702.381
659.506
586.689
488.051
369.799
239.68
106.472
-21.805
-137.65
-234.292
-307.759
-356.86
-382.42
-387.38
-376.112
-353.177
-324.115
-294.737
-268.7
-247.918
-233.151
-223.793
-218.739
-216.863
-216.121
-214.056
-209.434
-201.911
-191.732
-179.8
-166.906
-153.643
-140.921
-129.755
-120.701
-113.981
-109.523
-106.961
-105.965
-106.237
-107.413
-109.138
-111.111
-113.066
-114.793
-116.141
-116.991
-117.258
-116.901
-115.9
-114.241
-111.929
-108.993
-105.468
-101.44
-97.038
-92.372
-87.537
-82.635
-77.756
-72.996
-68.461
-64.207
-60.254
-56.611
-53.274
-50.242
-47.521
-45.1
-42.961
-41.075
-39.395
-37.883
-36.505
-35.225
-34.008
-32.815
-31.6
-30.332
-28.998
-27.581
-26.065
-24.435
-22.665
-20.738
-18.64
-16.357
-13.876
-11.186
-8.272
-5.124
-1.736
1.899
5.782
9.915
14.304
18.949
23.847
28.995
34.384
40.005
45.85
51.906
58.157
64.586
71.176
77.904
84.751
91.694
98.708
105.769
112.848
119.919
126.954
133.923
140.799
147.551
154.151
160.57
166.779
172.751
178.458
183.873
188.972
193.73
198.124
202.133
205.739
208.923
211.67
213.966
215.801
217.164
218.047
218.446
218.357
217.779
216.713
215.163
213.134
210.633
207.672
204.263
200.419
196.156
191.493
186.449
181.046
175.305
169.25
162.906
156.299
149.457
142.406
135.176
127.794
120.29
112.693
105.031
97.334
89.63
81.945
74.308
66.744
59.278
51.935
44.738
37.709
30.869
24.237
17.831
11.666
5.757
0.117
-5.245
-10.318
-15.096
-19.574
-23.747
-27.614
-31.172
-34.425
-37.374
-40.023
-42.377
-44.443
-46.23
-47.747
-49.002
-50.009
-50.778
-51.321
-51.653
-51.786
-51.734
-51.513
-51.137
-50.621
-49.98
-49.23
-48.385
-47.462
-46.473
-45.435
-44.361
-43.263
-42.156
-41.051
-39.96
-38.895
-37.866
-36.884
-35.957
-35.093
-34.302
-33.589
-32.96
-32.422
-31.979
-31.635
-31.394
-31.257
-31.228
-31.308
-31.497
-31.795
-32.203
-32.719
-33.341
-34.066
-34.893
-35.816
-36.833
-37.94
-39.131
-40.402
-41.747
-43.16
-44.636
-46.168
-47.75
-49.374
-51.034
-52.722
-54.432
-56.157
-57.889
-59.622
-61.348
-63.062
-64.757
-66.426
-68.063
-69.663
-71.219
-72.727
-74.182
-75.58
-76.915
-78.186
-79.389
-80.521
-81.581
-82.565
-83.472
-84.302
-85.053
-85.726
-86.321
-86.838
-87.279
-87.646
-87.941
-88.166
-88.325
-88.42
-88.454
-88.432
-88.357
-88.233
-88.064
-87.853
-87.605
-87.324
-87.013
-86.678
-86.321
-85.945
-85.555
-85.152
-84.741
-84.324
-83.902
-83.48
-83.06
-82.643
-82.233
-81.832
-81.44
-81.062
-80.697
-80.349
-80.017
-79.704
-79.409
-79.136
-78.883
-78.653
-78.446
-78.263
-78.105
-77.973
-77.867
-77.789
-77.739
-77.719
-77.73
-77.773
-77.849
-77.962
-78.111
-78.299
-78.527
-78.796
-79.109
-79.465
-79.866
-80.311
-80.802
-81.336
-81.915
-82.537
-83.2
-83.901
-84.639
-85.411
-86.213
-87.04
-87.889
-88.754
-89.629
-90.51
-91.389
-92.26
-93.115
-93.946
-94.745
-95.503
-96.211
-96.858
-97.436
-97.933
-98.341
-98.649
-98.848
-98.929
-98.883
-98.7
-98.373
-97.896
-97.261
-96.461
-95.492
-94.351
-93.035
-91.542
-89.873
-88.028
-86.009
-83.821
-81.469
-78.958
-76.298
-73.496
-70.564
-67.514
-64.36
-61.117
-57.803
-54.434
-51.034
-47.624
-44.227
-40.868
-37.571
-34.361
-31.264
-28.303
-25.5
-22.877
-20.452
-18.247
-16.284
-14.583
-13.164
-12.046
-11.243
-10.769
-10.636
-10.853
-11.416
-12.322
-13.568
-15.155
-17.095
-19.395
-22.052
-25.058
-28.403
-32.066
-36.019
-40.218
-44.599
-49.098
-53.655
-58.221
-62.764
-67.246
-71.617
-75.81
-79.744
-83.341
-86.554
-89.34
-91.649
-93.465
-94.815
-95.77
-96.456
-96.993
-97.434
-97.838
-98.284
-98.855
-99.681
-100.918
-102.676
-105.128
-108.506
-112.842
-118.015
-123.685
-129.168
-133.779
-137.011
-138.157
-136.433
-131.716
-124.367
-115.417
-106.696
-99.579
-94.771
-93.276
-96.193
-103.353
-113.383
-123.383
-128.977
-126.57
-113.423
-86.267
-41.585
22.638
106.209
206.273
317.713
435.271
553.196
664.172
759.639
831.416
873.591
882.968
858.256
799.661
709.872
594.333
461.207
320.188
179.929
48.002
-68.081
-162.262
-231.36
-274.831
-295.089
-296.645
-283.869
-261.402
-235.029
-209.988
-189.646
-175.685
-167.867
-164.695
-164.802
-166.619
-167.82
-166.195
-160.484
-150.369
-136.423
-119.749
-101.323
-81.991
-62.753
-44.576
-28.037
-13.388
-0.61
10.509
20.155
28.434
35.49
41.464
46.426
50.487
53.757
56.339
58.378
59.965
61.139
61.943
62.39
62.475
62.192
61.503
60.334
58.664
56.521
53.983
51.183
48.213
45.144
42.058
39.054
36.284
33.879
31.922
30.486
29.662
29.576
30.413
32.369
35.566
40.082
45.956
53.164
61.67
71.384
82.13
93.671
105.744
118.138
130.715
143.371
155.993
168.43
180.489
191.981
202.759
212.678
221.571
229.311
235.813
241.087
245.275
248.61
251.338
253.67
255.784
257.805
259.846
262.027
264.451
267.213
270.393
274.106
278.515
283.781
290.033
297.315
305.566
314.636
324.354
334.54
344.993
355.556
366.095
376.493
386.682
396.605
406.204
415.392
424.054
432.052
439.249
445.553
450.914
455.335
458.85
461.517
463.433
464.675
465.305
465.368
464.875
463.824
462.219
460.066
457.379
454.195
450.561
446.522
442.121
437.382
432.318
426.927
421.19
415.096
408.637
401.819
394.661
387.19
379.44
371.452
363.272
354.942
346.497
337.97
329.39
320.79
312.205
303.673
295.234
286.927
278.791
270.862
263.176
255.762
248.645
241.848
235.386
229.274
223.527
218.156
213.172
208.584
204.401
200.626
197.266
194.323
191.797
189.685
187.983
186.684
185.779
185.258
185.109
185.316
185.865
186.739
187.92
189.39
191.129
193.117
195.333
197.757
200.368
203.143
206.065
209.111
212.262
215.501
218.808
222.168
225.564
228.983
232.41
235.833
239.238
242.616
245.954
249.243
252.474
255.637
258.724
261.729
264.644
267.465
270.188
272.808
275.325
277.738
280.046
282.249
284.348
286.344
288.237
290.03
291.723
293.316
294.807
296.196
297.484
298.669
299.751
300.729
301.602
302.368
303.031
303.588
304.039
304.382
304.615
304.737
304.748
304.646
304.431
304.104
303.667
303.125
302.485
301.751
300.924
300.005
298.99
297.882
296.689
295.424
294.101
292.747
291.395
290.09
288.889
287.842
286.99
286.371
286.009
285.936
286.185
286.785
287.77
289.166
290.987
293.244
295.937
299.024
302.443
306.105
309.875
313.643
317.312
320.787
324.003
326.894
329.388
331.432
332.966
333.92
334.241
333.861
332.706
330.792
328.166
324.938
321.325
317.473
313.479
309.438
305.389
301.445
297.823
294.641
291.896
289.743
288.439
288.512
290.802
295.632
302.818
312.123
323.281
336.094
350.228
364.437
376.521
384.843
388.756
388.175
383.305
373.88
359.9
342.867
325.762
312.105
304.554
304.669
314.139
331.906
352.361
369.374
375.187
370.517
369.069
375.984
387.977
383.372
316.041
158.815
-96.149
-437.089
-815.539
-1188.262
-1520.334
-1774.446
-1939.325
-2015.029
-2004.166
-1925.219
-1796.315
-1631.57
-1453.171
-1286.938
-1153.261
-1064.998
-1019.803
-996.647
-975.193
-946.053
-910.267
-879.314
-861.329
-854.466
-851.131
-842.415
-824.191
-797.149
-763.88
-727.535
-690.217
-653.931
-621.565
-594.932
-574.532
-560.225
-551.013
-545.798
-543.771
-543.803
-544.436
-544.664
-543.909
-541.819
-538.41
-533.64
-527.328
-519.479
-510.218
-499.669
-488.011
-475.418
-462.011
-447.995
-433.64
-419.199
-404.956
-391.165
-378.02
-365.716
-354.435
-344.337
-335.574
-328.239
-322.36
-317.931
-314.917
-313.257
-312.879
-313.686
-315.556
-318.364
-321.98
-326.269
-331.097
-336.331
-341.839
-347.495
-353.188
-358.819
-364.302
-369.564
-374.518
-379.09
-383.221
-386.858
-389.959
-392.5
-394.484
-395.973
-397.075
-397.894
-398.51
-398.965
-399.293
-399.579
-399.922
-400.432
-401.247
-402.444
-404.146
-406.61
-409.885
-413.803
-417.972
-421.546
-423.67
-423.831
-421.336
-415.428
-406.126
-393.838
-379.658
-365.89
-354.342
-346.052
-342.393
-344.178
-350.611
-360.118
-369.495
-373.531
-368.04
-349.418
-313.494
-257.521
-180.827
-84.452
27.652
149.107
273.883
394.949
503.773
592.627
654.776
685.71
683.931
649.51
583.395
488.961
372.124
240.367
102.389
-34.584
-164.583
-281.297
-379.338
-454.726
-505.489
-532.843
-540.206
-530.433
-506.706
-473.324
-434.231
-394.225
-357.755
-326.386
-300.176
-279.412
-263.821
-252.932
-246.625
-242.915
-239.15
-234.503
-228.862
-222.246
-215.103
-207.304
-198.229
-188.736
-180.445
-174.104
-170.084
-168.295
-168.185
-169.691
-173.093
-177.993
-183.517
-188.982
-193.831
-197.86
-201.194
-203.774
-205.366
-205.836
-205.184
-203.491
-200.907
-197.529
-193.363
-188.464
-182.95
-177.008
-170.875
-164.741
-158.712
-152.851
-147.198
-141.797
-136.702
-131.959
-127.575
-123.537
-119.832
-116.45
-113.392
-110.644
-108.163
-105.878
-103.704
-101.574
-99.444
-97.283
-95.067
-92.771
-90.373
-87.856
-85.218
-82.454
-79.551
-76.491
-73.248
-69.806
-66.155
-62.289
-58.208
-53.907
-49.384
-44.638
-39.673
-34.491
-29.093
-23.477
-17.643
-11.592
-5.328
1.14
7.805
14.654
21.669
28.831
36.112
43.486
50.927
58.408
65.897
73.368
80.792
88.146
95.409
102.555
109.556
116.375
122.971
129.308
135.357
141.091
146.484
151.522
156.201
160.534
164.553
168.278
171.713
174.851
177.667
180.137
182.24
183.95
185.24
186.086
186.463
186.364
185.802
184.762
183.212
181.082
178.258
174.658
170.232
164.949
158.811
151.849
144.109
135.697
126.764
117.455
107.916
98.248
88.504
78.774
69.168
59.842
51.004
42.836
35.486
29.106
23.836
19.771
16.959
15.333
14.716
14.931
15.784
17.129
18.879
20.912
23.1
25.31
27.375
29.149
30.503
31.25
31.172
30.086
27.857
24.483
20.096
14.844
8.922
2.514
-4.208
-11.04
-17.805
-24.369
-30.624
-36.482
-41.855
-46.577
-50.423
-53.186
-54.684
-54.831
-53.632
-51.117
-47.377
-42.56
-36.875
-30.57
-23.851
-16.854
-9.657
-2.319
5.099
12.479
19.663
26.506
32.865
38.62
43.674
47.944
51.384
54.043
56.066
57.622
58.855
59.846
60.627
61.22
61.651
61.957
62.172
62.317
62.42
62.529
62.713
63.041
63.572
64.296
65.132
65.994
66.812
67.54
68.164
68.663
69.015
69.214
69.279
69.238
69.118
68.924
68.639
68.241
67.716
67.07
66.34
65.556
64.743
63.923
63.113
62.333
61.609
60.952
60.353
59.806
59.3
58.834
58.417
58.055
57.751
57.508
57.324
57.201
57.14
57.142
57.202
57.315
57.474
57.674
57.912
58.187
58.492
58.823
59.173
59.536
59.907
60.279
60.645
60.997
61.325
61.625
61.889
62.113
62.292
62.42
62.495
62.515
62.477
62.382
62.226
62.008
61.729
61.386
60.979
60.507
59.969
59.365
58.694
57.959
57.16
56.3
55.378
54.399
53.366
52.281
51.149
49.972
48.756
47.504
46.222
44.916
43.589
42.248
40.896
39.537
38.177
36.819
35.466
34.12
32.784
31.461
30.153
28.861
27.588
26.337
25.108
23.904
22.729
21.585
20.475
19.402
18.369
17.381
16.439
15.549
14.714
13.938
13.223
12.574
11.994
11.487
11.056
10.705
10.436
10.254
10.163
10.165
10.265
10.465
10.77
11.182
11.707
12.346
13.103
13.981
14.982
16.109
17.362
18.744
20.252
21.885
23.642
25.521
27.515
29.621
31.832
34.139
36.536
39.013
41.559
44.162
46.81
49.49
52.188
54.888
57.574
60.226
62.825
65.353
67.788
70.11
72.299
74.333
76.197
77.872
79.342
80.595
81.613
82.382
82.889
83.119
83.058
82.698
82.027
81.043
79.749
78.151
76.254
74.066
71.58
68.799
65.73
62.378
58.749
54.861
50.734
46.415
41.972
37.466
32.961
28.517
24.17
19.971
15.975
12.228
8.803
5.753
3.115
0.938
-0.732
-1.878
-2.518
-2.751
-2.736
-2.622
-2.531
-2.544
-2.732
-3.233
-4.193
-5.73
-7.981
-10.993
-14.873
-19.908
-26.161
-33.42
-41.173
-48.504
-54.469
-58.384
-59.405
-56.593
-49.768
-39.34
-26.699
-14.112
-3.462
3.24
4.119
-1.667
-13.974
-28.866
-40.698
-46.362
-40.688
-23.177
5.716
54.709
124.974
220.117
346.351
495.697
664.638
842.472
1002.697
1120.506
1171.03
1141.136
1041.275
896.688
733.937
571.903
417.47
266.548
117.036
-26.07
-154.835
-259.454
-334.202
-380.022
-400.325
-398.982
-379.433
-345.015
-299.596
-247.881
-194.773
-143.316
-95.631
-53.985
-20.165
4.302
18.666
23.849
21.891
14.416
3.365
-8.809
-20.231
-28.986
-33.745
-34.492
-31.887
-26.7
-20.166
-13.808
-8.587
-5.337
-4.499
-5.829
-8.927
-13.288
-18.208
-22.908
-26.894
-29.828
-31.508
-31.987
-31.321
-29.579
-26.914
-23.512
-19.523
-15.09
-10.372
-5.474
-0.506
4.403
9.179
13.754
18.072
22.106
25.834
29.236
32.312
35.072
37.519
39.672
41.557
43.216
44.714
46.114
47.464
48.811
50.192
51.638
53.184
54.847
56.639
58.569
60.652
62.899
65.331
67.963
70.805
73.864
77.142
80.641
84.363
88.312
92.485
96.88
101.495
106.327
111.377
116.639
122.106
127.767
133.607
139.61
145.759
152.035
158.415
164.873
171.386
177.928
184.471
190.988
197.448
203.822
210.077
216.184
222.111
227.828
233.304
238.51
243.418
247.999
252.229
256.083
259.537
262.571
265.164
267.299
268.961
270.137
270.814
270.984
270.64
269.779
268.397
266.495
264.077
261.146
257.711
253.782
249.37
244.49
239.158
233.392
227.213
220.644
213.708
206.43
198.837
190.956
182.817
174.447
165.877
157.137
148.257
139.267
130.199
121.082
111.946
102.822
93.738
84.722
75.802
67.002
58.348
49.864
41.57
33.488
25.637
18.034
10.695
3.634
-3.138
-9.609
-15.773
-21.622
-27.154
-32.364
-37.254
-41.824
-46.076
-50.014
-53.644
-56.973
-60.007
-62.756
-65.23
-67.442
-69.402
-71.125
-72.625
-73.916
-75.013
-75.933
-76.69
-77.3
-77.779
-78.143
-78.406
-78.585
-78.694
-78.747
-78.759
-78.742
-78.708
-78.669
-78.636
-78.617
-78.621
-78.656
-78.727
-78.842
-79.005
-79.221
-79.494
-79.826
-80.221
-80.679
-81.201
-81.787
-82.436
-83.148
-83.918
-84.745
-85.625
-86.555
-87.529
-88.545
-89.596
-90.677
-91.783
-92.909
-94.048
-95.195
-96.344
-97.491
-98.63
-99.757
-100.868
-101.958
-103.026
-104.068
-105.081
-106.064
-107.014
-107.929
-108.808
-109.65
-110.452
-111.214
-111.936
-112.617
-113.258
-113.857
-114.416
-114.936
-115.417
-115.861
-116.269
-116.643
-116.985
-117.298
-117.584
-117.845
-118.086
-118.308
-118.514
-118.707
-118.889
-119.063
-119.229
-119.389
-119.544
-119.694
-119.84
-119.982
-120.12
-120.254
-120.384
-120.508
-120.627
-120.739
-120.845
-120.942
-121.032
-121.112
-121.183
-121.243
-121.292
-121.329
-121.354
-121.365
-121.362
-121.343
-121.306
-121.251
-121.177
-121.081
-120.965
-120.826
-120.665
-120.482
-120.278
-120.053
-119.81
-119.55
-119.275
-118.989
-118.695
-118.395
-118.095
-117.798
-117.509
-117.231
-116.969
-116.728
-116.511
-116.322
-116.165
-116.044
-115.96
-115.918
-115.92
-115.968
-116.064
-116.211
-116.409
-116.659
-116.962
-117.319
-117.727
-118.185
-118.692
-119.244
-119.837
-120.467
-121.129
-121.816
-122.521
-123.235
-123.951
-124.657
-125.343
-125.999
-126.612
-127.172
-127.665
-128.082
-128.409
-128.635
-128.75
-128.743
-128.603
-128.322
-127.889
-127.296
-126.537
-125.605
-124.495
-123.201
-121.721
-120.054
-118.2
-116.16
-113.936
-111.533
-108.957
-106.217
-103.322
-100.282
-97.111
-93.824
-90.439
-86.978
-83.461
-79.914
-76.359
-72.823
-69.333
-65.913
-62.588
-59.38
-56.311
-53.404
-50.681
-48.166
-45.882
-43.85
-42.088
-40.614
-39.445
-38.591
-38.055
-37.839
-37.943
-38.37
-39.136
-40.247
-41.709
-43.524
-45.687
-48.188
-51.007
-54.107
-57.436
-60.941
-64.564
-68.26
-71.992
-75.719
-79.395
-82.961
-86.34
-89.467
-92.289
-94.752
-96.809
-98.443
-99.677
-100.575
-101.252
-101.81
-102.314
-102.838
-103.474
-104.325
-105.524
-107.229
-109.548
-112.638
-116.755
-121.956
-128.12
-134.922
-141.617
-147.449
-151.88
-154.146
-153.407
-149.558
-142.911
-134.448
-126.313
-120.223
-117.225
-118.814
-126.089
-138.53
-154.736
-171.654
-184.014
-187.321
-177.733
-150.644
-102.55
-32.239
59.821
170.203
292.145
418.702
542.101
652.771
741.748
801.601
826.612
814.077
764.611
680.49
566.673
431.195
283.206
132.246
-12.52
-143.137
-253.251
-338.179
-396.098
-428.235
-437.672
-428.795
-406.621
-376.457
-343.648
-312.892
-287.013
-266.904
-252.293
-242.113
-234.94
-229.087
-222.499
-213.205
-200.341
-184.08
-165.124
-144.506
-123.198
-102.085
-82.254
-64.834
-50.453
-39.283
-31.202
-25.851
-22.935
-22.247
-23.489
-26.285
-30.255
-35.037
-40.332
-45.935
-51.63
-57.16
-62.242
-66.601
-70.062
-72.543
-74.024
-74.513
-74.018
-72.565
-70.22
-67.096
-63.331
-59.062
-54.408
-49.475
-44.369
-39.222
-34.188
-29.398
-24.934
-20.834
-17.107
-13.757
-10.79
-8.192
-5.927
-3.939
-2.175
-0.59
0.851
2.185
3.462
4.74
6.087
7.557
9.187
11.007
13.037
15.299
17.811
20.585
23.616
26.905
30.454
34.266
38.35
42.709
47.339
52.234
57.385
62.784
68.423
74.293
80.379
86.669
93.149
99.803
106.619
113.58
120.664
127.852
135.118
142.437
149.786
157.137
164.461
171.73
178.916
185.991
192.925
199.69
206.255
212.592
218.671
224.464
229.943
235.08
239.849
244.226
248.189
251.715
254.787
257.387
259.5
261.114
262.219
262.806
262.87
262.408
261.418
259.902
257.862
255.304
252.234
248.663
244.6
240.06
235.055
229.604
223.725
217.438
210.766
203.731
196.361
188.681
180.722
172.512
164.082
155.465
146.693
137.798
128.814
119.773
110.708
101.65
92.63
83.679
74.825
66.097
57.521
49.122
40.923
32.948
25.217
17.751
10.567
3.683
-2.885
-9.124
-15.021
-20.565
-25.748
-30.562
-35.002
-39.065
-42.75
-46.058
-48.992
-51.557
-53.758
-55.605
-57.107
-58.275
-59.122
-59.661
-59.907
-59.874
-59.579
-59.038
-58.265
-57.278
-56.093
-54.726
-53.194
-51.512
-49.697
-47.765
-45.733
-43.616
-41.432
-39.195
-36.923
-34.63
-32.331
-30.041
-27.772
-25.538
-23.351
-21.222
-19.159
-17.173
-15.271
-13.46
-11.745
-10.131
-8.623
-7.222
-5.93
-4.75
-3.682
-2.727
-1.884
-1.154
-0.535
-0.026
0.373
0.665
0.852
0.936
0.922
0.811
0.61
0.322
-0.048
-0.494
-1.011
-1.593
-2.235
-2.93
-3.673
-4.458
-5.28
-6.133
-7.013
-7.915
-8.834
-9.767
-10.709
-11.658
-12.609
-13.561
-14.51
-15.453
-16.388
-17.312
-18.223
-19.118
-19.995
-20.852
-21.687
-22.498
-23.284
-24.044
-24.777
-25.481
-26.157
-26.805
-27.423
-28.012
-28.573
-29.105
-29.608
-30.084
-30.532
-30.954
-31.349
-31.719
-32.065
-32.387
-32.687
-32.967
-33.226
-33.468
-33.693
-33.904
-34.103
-34.292
-34.472
-34.647
-34.82
-34.991
-35.165
-35.344
-35.53
-35.727
-35.935
-36.159
-36.401
-36.663
-36.948
-37.258
-37.596
-37.964
-38.364
-38.798
-39.267
-39.772
-40.314
-40.893
-41.507
-42.157
-42.841
-43.554
-44.295
-45.058
-45.84
-46.635
-47.437
-48.238
-49.033
-49.814
-50.573
-51.302
-51.991
-52.633
-53.217
-53.734
-54.175
-54.529
-54.784
-54.932
-54.961
-54.861
-54.622
-54.234
-53.686
-52.97
-52.078
-51.001
-49.733
-48.267
-46.599
-44.725
-42.645
-40.357
-37.863
-35.165
-32.27
-29.181
-25.907
-22.458
-18.843
-15.074
-11.163
-7.126
-2.978
1.263
5.579
9.951
14.355
18.77
23.168
27.526
31.815
36.008
40.077
43.995
47.733
51.267
54.573
57.626
60.403
62.882
65.04
66.857
68.313
69.391
70.075
70.353
70.217
69.668
68.708
67.337
65.56
63.37
60.764
57.749
54.329
50.514
46.325
41.788
36.948
31.871
26.622
21.265
15.86
10.45
5.083
-0.182
-5.289
-10.166
-14.744
-18.974
-22.804
-26.184
-29.091
-31.533
-33.584
-35.368
-37.011
-38.618
-40.261
-42.007
-43.968
-46.263
-49.016
-52.368
-56.387
-61.18
-66.959
-73.743
-81.351
-89.405
-97.125
-103.729
-108.72
-111.406
-111.026
-107.486
-101.023
-92.457
-83.632
-75.943
-70.162
-67.471
-68.698
-73.319
-80.161
-86.692
-88.604
-82.408
-65.135
-33.114
16.435
84.481
170.608
271.937
382.929
497.941
610.448
712.23
795.307
852.697
878.891
870.917
828.515
753.006
648.343
521.466
380.789
235.538
94.696
-33.699
-142.866
-227.647
-285.717
-317.779
-326.661
-316.77
-293.209
-261.459
-227.18
-195.41
-169.312
-150.093
-137.632
-130.847
-128.266
-128.14
-128.321
-126.731
-122.338
-115.108
-105.562
-94.578
-82.962
-71.395
-60.7
-51.716
-44.838
-40.073
-37.193
-35.773
-35.463
-36.021
-37.156
-38.549
-39.922
-41.031
-41.692
-41.83
-41.394
-40.338
-38.651
-36.33
-33.408
-29.968
-26.103
-21.907
-17.465
-12.851
-8.137
-3.408
1.244
5.729
9.962
13.89
17.482
20.719
23.594
26.11
28.281
30.143
31.736
33.097
34.259
35.246
36.086
36.81
37.453
38.046
38.624
39.214
39.842
40.533
41.313
42.201
43.216
44.374
45.688
47.174
48.848
50.726
52.823
55.155
57.732
60.565
63.664
67.033
70.676
74.593
78.78
83.233
87.946
92.908
98.108
103.533
109.167
114.992
120.99
127.139
133.416
139.798
146.259
152.773
159.312
165.848
172.354
178.8
185.157
191.396
197.487
203.401
209.108
214.579
219.785
224.698
229.29
233.536
237.41
240.889
243.953
246.581
248.758
250.467
251.696
252.436
252.677
252.414
251.645
250.366
248.581
246.291
243.504
240.227
236.47
232.244
227.564
222.444
216.901
210.954
204.622
197.928
190.894
183.544
175.905
168.004
159.869
151.53
143.016
134.358
125.588
116.736
107.833
98.911
89.998
81.125
72.319
63.61
55.022
46.581
38.311
30.234
22.371
14.74
7.36
0.246
-6.587
-13.127
-19.361
-25.281
-30.879
-36.146
-41.079
-45.673
-49.928
-53.843
-57.419
-60.661
-63.574
-66.164
-68.439
-70.409
-72.084
-73.478
-74.601
-75.467
-76.091
-76.487
-76.67
-76.653
-76.453
-76.084
-75.56
-74.896
-74.107
-73.205
-72.204
-71.117
-69.956
-68.734
-67.462
-66.152
-64.813
-63.456
-62.09
-60.725
-59.369
-58.028
-56.71
-55.421
-54.164
-52.945
-51.765
-50.629
-49.537
-48.491
-47.49
-46.536
-45.628
-44.765
-43.948
-43.174
-42.444
-41.757
-41.111
-40.505
-39.94
-39.413
-38.926
-38.477
-38.065
-37.692
-37.356
-37.058
-36.798
-36.576
-36.392
-36.247
-36.142
-36.076
-36.052
-36.07
-36.131
-36.239
-36.394
-36.599
-36.857
-37.17
-37.542
-37.974
-38.47
-39.031
-39.66
-40.359
-41.13
-41.975
-42.894
-43.889
-44.959
-46.107
-47.331
-48.63
-50.005
-51.452
-52.971
-54.559
-56.214
-57.933
-59.713
-61.551
-63.443
-65.385
-67.374
-69.405
-71.473
-73.573
-75.7
-77.848
-80.012
-82.185
-84.362
-86.536
-88.702
-90.855
-92.988
-95.097
-97.176
-99.221
-101.226
-103.186
-105.099
-106.96
-108.765
-110.512
-112.199
-113.823
-115.384
-116.881
-118.311
-119.677
-120.976
-122.209
-123.376
-124.478
-125.514
-126.487
-127.396
-128.243
-129.029
-129.756
-130.426
-131.039
-131.597
-132.101
-132.552
-132.949
-133.293
-133.585
-133.823
-134.008
-134.139
-134.214
-134.233
-134.193
-134.092
-133.926
-133.694
-133.39
-133.01
-132.549
-132.003
-131.365
-130.632
-129.798
-128.859
-127.81
-126.647
-125.365
-123.96
-122.428
-120.766
-118.972
-117.041
-114.974
-112.768
-110.424
-107.943
-105.328
-102.582
-99.707
-96.709
-93.594
-90.368
-87.04
-83.619
-80.113
-76.537
-72.902
-69.223
-65.517
-61.8
-58.089
-54.407
-50.772
-47.207
-43.732
-40.371
-37.143
-34.073
-31.181
-28.485
-26.004
-23.757
-21.76
-20.03
-18.584
-17.435
-16.601
-16.092
-15.92
-16.092
-16.613
-17.477
-18.681
-20.219
-22.085
-24.281
-26.806
-29.65
-32.804
-36.255
-39.981
-43.953
-48.125
-52.431
-56.81
-61.205
-65.561
-69.843
-74.007
-78.002
-81.783
-85.287
-88.453
-91.239
-93.597
-95.478
-96.864
-97.766
-98.255
-98.453
-98.474
-98.411
-98.325
-98.272
-98.358
-98.695
-99.4
-100.601
-102.369
-104.817
-108.175
-112.483
-117.572
-123.064
-128.182
-132.157
-134.524
-134.635
-131.747
-125.797
-117.06
-106.426
-95.878
-86.912
-80.351
-77.397
-78.858
-84.191
-92.204
-100.268
-103.933
-99.654
-84.35
-54.268
-6.742
59.225
143.212
242.195
350.901
464.115
575.356
676.465
759.779
818.218
846.39
841.622
802.703
729.792
626.433
499.104
355.761
205.802
57.884
-80.425
-201.033
-297.3
-366.169
-407.466
-423.531
-418.843
-397.928
-365.653
-328.505
-292.426
-261.098
-236.415
-218.415
-205.898
-197.767
-192.628
-188.054
-181.681
-172.28
-159.585
-144.261
-127.445
-110.022
-92.789
-76.795
-63.122
-52.408
-44.858
-40.299
-38.299
-38.486
-40.557
-44.157
-48.877
-54.325
-60.132
-65.964
-71.587
-76.803
-81.431
-85.321
-88.328
-90.351
-91.357
-91.363
-90.417
-88.587
-85.95
-82.587
-78.613
-74.173
-69.426
-64.544
-59.685
-54.962
-50.463
-46.259
-42.412
-38.961
-35.923
-33.281
-31.003
-29.061
-27.428
-26.074
-24.957
-24.021
-23.204
-22.438
-21.654
-20.797
-19.822
-18.687
-17.36
-15.815
-14.032
-12
-9.717
-7.177
-4.368
-1.282
2.09
5.752
9.704
13.945
18.471
23.278
28.36
33.71
39.32
45.181
51.282
57.614
64.164
70.918
77.858
84.963
92.209
99.571
107.022
114.533
122.073
129.612
137.117
144.559
151.905
159.126
166.19
173.068
179.73
186.147
192.291
198.134
203.65
208.814
213.601
217.99
221.96
225.492
228.57
231.181
233.31
234.948
236.087
236.721
236.845
236.46
235.567
234.169
232.272
229.887
227.025
223.699
219.926
215.724
211.113
206.114
200.749
195.042
189.016
182.697
176.111
169.284
162.243
155.017
147.633
140.119
132.504
124.816
117.083
109.333
101.591
93.885
86.239
78.678
71.227
63.907
56.739
49.745
42.941
36.345
29.971
23.833
17.942
12.306
6.934
1.832
-2.997
-7.549
-11.822
-15.815
-19.528
-22.964
-26.124
-29.012
-31.631
-33.987
-36.087
-37.936
-39.544
-40.917
-42.066
-42.999
-43.726
-44.258
-44.606
-44.78
-44.793
-44.655
-44.378
-43.974
-43.455
-42.83
-42.111
-41.308
-40.431
-39.487
-38.486
-37.436
-36.344
-35.218
-34.066
-32.894
-31.71
-30.522
-29.336
-28.159
-26.999
-25.862
-24.753
-23.681
-22.649
-21.663
-20.729
-19.85
-19.031
-18.275
-17.585
-16.963
-16.411
-15.93
-15.521
-15.185
-14.92
-14.727
-14.606
-14.555
-14.575
-14.665
-14.823
-15.05
-15.342
-15.7
-16.12
-16.6
-17.137
-17.726
-18.362
-19.041
-19.758
-20.506
-21.28
-22.073
-22.879
-23.692
-24.506
-25.315
-26.113
-26.894
-27.655
-28.39
-29.095
-29.768
-30.405
-31.005
-31.565
-32.084
-32.561
-32.994
-33.382
-33.725
-34.021
-34.271
-34.474
-34.63
-34.74
-34.805
-34.828
-34.81
-34.755
-34.666
-34.547
-34.404
-34.24
-34.061
-33.872
-33.679
-33.486
-33.299
-33.123
-32.964
-32.825
-32.711
-32.626
-32.571
-32.551
-32.565
-32.617
-32.706
-32.834
-33.002
-33.209
-33.457
-33.745
-34.074
-34.443
-34.852
-35.299
-35.784
-36.306
-36.861
-37.447
-38.061
-38.7
-39.36
-40.036
-40.725
-41.421
-42.12
-42.815
-43.501
-44.172
-44.823
-45.448
-46.04
-46.595
-47.107
-47.572
-47.984
-48.34
-48.634
-48.863
-49.021
-49.106
-49.111
-49.034
-48.869
-48.612
-48.259
-47.806
-47.249
-46.582
-45.804
-44.909
-43.894
-42.757
-41.495
-40.104
-38.583
-36.93
-35.144
-33.225
-31.173
-28.989
-26.675
-24.232
-21.665
-18.976
-16.169
-13.25
-10.224
-7.096
-3.874
-0.566
2.821
6.276
9.79
13.351
16.946
20.564
24.189
27.808
31.402
34.955
38.448
41.862
45.176
48.369
51.421
54.31
57.019
59.531
61.826
63.887
65.698
67.243
68.509
69.479
70.139
70.474
70.473
70.129
69.442
68.413
67.042
65.328
63.259
60.833
58.058
54.939
51.482
47.702
43.615
39.261
34.708
30.022
25.266
20.495
15.746
11.065
6.511
2.15
-1.941
-5.699
-9.093
-12.089
-14.641
-16.736
-18.377
-19.637
-20.683
-21.673
-22.744
-24.005
-25.503
-27.313
-29.569
-32.412
-36.005
-40.486
-45.866
-52.193
-59.594
-67.984
-77.104
-86.404
-94.91
-101.678
-106.012
-107.362
-105.352
-100.105
-92.041
-82.03
-71.633
-62.435
-55.803
-52.462
-52.221
-53.775
-55.037
-53.446
-45.642
-27.878
3.65
51.74
117.431
199.644
295.532
401.206
511.129
618.074
713.687
789.625
838.822
856.452
839.538
786.758
699.771
583.437
445.181
294.402
141.102
-5.497
-136.399
-243.685
-322.715
-372.047
-392.93
-389.257
-366.436
-330.307
-287.906
-246.191
-209.62
-180.628
-160.05
-147.101
-140.318
-137.942
-137.174
-135.019
-129.984
-121.655
-110.378
-97.147
-82.829
-68.18
-54.344
-42.573
-33.57
-27.578
-24.443
-23.677
-24.902
-27.843
-32.128
-37.332
-43.022
-48.771
-54.268
-59.362
-63.942
-67.899
-71.136
-73.522
-74.958
-75.43
-74.974
-73.647
-71.513
-68.63
-65.076
-60.98
-56.526
-51.92
-47.331
-42.865
-38.583
-34.534
-30.763
-27.324
-24.25
-21.536
-19.157
-17.092
-15.325
-13.849
-12.639
-11.644
-10.79
-9.994
-9.193
-8.346
-7.418
-6.38
-5.204
-3.864
-2.345
-0.644
1.242
3.325
5.621
8.148
10.919
13.938
17.205
20.719
24.48
28.49
32.746
37.247
41.986
46.961
52.169
57.608
63.27
69.144
75.216
81.468
87.884
94.442
101.12
107.895
114.74
121.63
128.541
135.444
142.312
149.119
155.834
162.428
168.874
175.141
181.2
187.022
192.577
197.84
202.782
207.378
211.603
215.436
218.853
221.837
224.368
226.432
228.014
229.101
229.685
229.758
229.316
228.356
226.878
224.883
222.379
219.37
215.867
211.879
207.421
202.507
197.153
191.379
185.206
178.655
171.751
164.52
156.988
149.185
141.139
132.88
124.44
115.848
107.137
98.338
89.483
80.601
71.724
62.882
54.104
45.417
36.849
28.425
20.169
12.104
4.25
-3.372
-10.744
-17.85
-24.676
-31.208
-37.434
-43.347
-48.937
-54.201
-59.135
-63.737
-68.008
-71.951
-75.569
-78.869
-81.858
-84.545
-86.94
-89.054
-90.899
-92.49
-93.839
-94.961
-95.872
-96.586
-97.119
-97.487
-97.704
-97.785
-97.746
-97.6
-97.363
-97.047
-96.666
-96.234
-95.763
-95.265
-94.751
-94.233
-93.719
-93.218
-92.738
-92.286
-91.867
-91.486
-91.147
-90.852
-90.605
-90.406
-90.255
-90.153
-90.097
-90.087
-90.121
-90.195
-90.308
-90.456
-90.637
-90.848
-91.086
-91.349
-91.633
-91.937
-92.258
-92.592
-92.938
-93.291
-93.65
-94.012
-94.374
-94.734
-95.09
-95.44
-95.783
-96.117
-96.441
-96.755
-97.059
-97.352
-97.636
-97.911
-98.178
-98.44
-98.698
-98.954
-99.211
-99.472
-99.738
-100.013
-100.297
-100.592
-100.901
-101.223
-101.562
-101.917
-102.29
-102.681
-103.093
-103.525
-103.98
-104.457
-104.959
-105.486
-106.039
-106.619
-107.226
-107.862
-108.526
-109.22
-109.943
-110.696
-111.479
-112.291
-113.13
-113.996
-114.887
-115.802
-116.738
-117.693
-118.666
-119.656
-120.659
-121.676
-122.705
-123.745
-124.794
-125.852
-126.917
-127.989
-129.065
-130.145
-131.227
-132.31
-133.391
-134.468
-135.539
-136.602
-137.654
-138.691
-139.71
-140.707
-141.68
-142.624
-143.535
-144.41
-145.246
-146.038
-146.784
-147.48
-148.122
-148.706
-149.228
-149.684
-150.07
-150.381
-150.611
-150.757
-150.811
-150.77
-150.627
-150.376
-150.013
-149.531
-148.924
-148.189
-147.321
-146.315
-145.168
-143.877
-142.44
-140.854
-139.12
-137.236
-135.202
-133.019
-130.689
-128.214
-125.596
-122.839
-119.947
-116.924
-113.776
-110.51
-107.133
-103.653
-100.079
-96.421
-92.691
-88.901
-85.065
-81.197
-77.313
-73.431
-69.569
-65.745
-61.978
-58.289
-54.697
-51.222
-47.882
-44.694
-41.673
-38.835
-36.195
-33.766
-31.562
-29.593
-27.871
-26.41
-25.22
-24.311
-23.688
-23.348
-23.291
-23.515
-24.02
-24.811
-25.89
-27.245
-28.87
-30.757
-32.892
-35.254
-37.807
-40.487
-43.233
-45.986
-48.695
-51.322
-53.825
-56.146
-58.236
-60.034
-61.489
-62.583
-63.292
-63.579
-63.443
-62.898
-62.013
-60.943
-59.836
-58.815
-57.99
-57.411
-57.158
-57.366
-58.142
-59.633
-61.949
-65.074
-69.081
-74.119
-80.105
-86.81
-93.69
-99.751
-104.139
-106.263
-105.431
-101.195
-93.588
-82.88
-70.26
-57.749
-47.016
-39.529
-36.448
-37.709
-42.301
-48.598
-53.229
-51.668
-39.718
-12.98
31.976
95.879
177.737
275.171
382.955
493.907
600.15
692.286
761.552
802.442
811.117
785.177
725.458
635.215
519.878
388.227
249.81
112.065
-17.76
-132.665
-227.636
-298.739
-344.5
-367.357
-371.085
-358.725
-334.273
-302.142
-266.351
-231.92
-202.209
-177.634
-157.988
-143.163
-132.337
-124.925
-120.185
-115.53
-109.297
-101.55
-92.396
-82.276
-71.847
-60.967
-49.65
-39.335
-31.007
-24.872
-21.126
-19.346
-19.016
-20.211
-22.871
-26.305
-29.954
-33.398
-36.237
-38.51
-40.285
-41.417
-41.806
-41.421
-40.218
-38.254
-35.621
-32.328
-28.428
-24.014
-19.199
-14.183
-9.153
-4.242
0.452
4.885
9.038
12.885
16.409
19.607
22.47
25.01
27.242
29.169
30.814
32.209
33.403
34.476
35.508
36.555
37.667
38.877
40.208
41.687
43.331
45.149
47.151
49.35
51.76
54.401
57.29
60.437
63.85
67.528
71.47
75.675
80.142
84.866
89.845
95.073
100.546
106.26
112.209
118.382
124.767
131.346
138.101
145.012
152.055
159.205
166.437
173.724
181.038
188.351
195.636
202.861
209.999
217.018
223.89
230.584
237.073
243.326
249.316
255.015
260.399
265.441
270.12
274.412
278.298
281.759
284.78
287.344
289.441
291.057
292.185
292.818
292.952
292.584
291.715
290.346
288.484
286.135
283.308
280.016
276.271
272.088
267.486
262.481
257.096
251.351
245.27
238.877
232.197
225.256
218.082
210.702
203.144
195.436
187.606
179.684
171.697
163.674
155.641
147.628
139.659
131.761
123.958
116.275
108.734
101.357
94.163
87.173
80.403
73.869
67.585
61.565
55.818
50.353
45.179
40.299
35.719
31.439
27.46
23.782
20.402
17.315
14.518
12.004
9.765
7.793
6.078
4.61
3.377
2.369
1.572
0.974
0.562
0.322
0.241
0.305
0.5
0.813
1.229
1.734
2.316
2.962
3.659
4.395
5.16
5.943
6.735
7.528
8.312
9.082
9.831
10.554
11.245
11.9
12.517
13.093
13.626
14.114
14.558
14.958
15.313
15.624
15.894
16.123
16.313
16.468
16.589
16.679
16.743
16.783
16.805
16.811
16.806
16.793
16.778
16.763
16.751
16.746
16.751
16.768
16.8
16.848
16.915
17.002
17.11
17.24
17.391
17.565
17.761
17.978
18.216
18.473
18.75
19.044
19.354
19.679
20.017
20.365
20.722
21.085
21.45
21.815
22.176
22.529
22.872
23.199
23.509
23.798
24.062
24.299
24.505
24.677
24.813
24.91
24.965
24.976
24.94
24.857
24.724
24.539
24.302
24.01
23.662
23.257
22.794
22.271
21.687
21.041
20.332
19.559
18.723
17.825
16.864
15.841
14.758
13.617
12.418
11.163
9.855
8.494
7.084
5.625
4.122
2.575
0.987
-0.637
-2.296
-3.987
-5.707
-7.452
-9.219
-11.005
-12.807
-14.619
-16.438
-18.258
-20.074
-21.881
-23.671
-25.439
-27.18
-28.885
-30.551
-32.169
-33.735
-35.243
-36.686
-38.059
-39.356
-40.571
-41.698
-42.731
-43.664
-44.493
-45.21
-45.812
-46.294
-46.65
-46.877
-46.971
-46.928
-46.744
-46.417
-45.945
-45.326
-44.56
-43.646
-42.588
-41.387
-40.049
-38.577
-36.977
-35.256
-33.421
-31.482
-29.447
-27.326
-25.13
-22.872
-20.564
-18.219
-15.854
-13.482
-11.12
-8.788
-6.506
-4.293
-2.17
-0.16
1.717
3.44
4.988
6.343
7.489
8.41
9.09
9.513
9.663
9.524
9.083
8.329
7.255
5.853
4.122
2.067
-0.305
-2.988
-5.98
-9.29
-12.922
-16.875
-21.147
-25.726
-30.59
-35.71
-41.037
-46.509
-52.065
-57.64
-63.183
-68.651
-73.995
-79.165
-84.092
-88.694
-92.897
-96.641
-99.874
-102.552
-104.673
-106.288
-107.483
-108.398
-109.158
-109.844
-110.555
-111.416
-112.558
-114.144
-116.346
-119.266
-123.068
-128.014
-134.129
-141.248
-148.974
-156.487
-163.034
-168.149
-171.145
-171.275
-168.497
-163.12
-156.079
-149.373
-144.378
-141.691
-142.284
-146.738
-154.26
-163.446
-171.508
-173.837
-166.873
-147.794
-113.143
-60.441
11.01
100.638
205.408
319.646
437.736
553.223
657.933
743.949
804.2
832.971
827.053
785.831
710.24
603.99
473.907
328.475
177.274
29.732
-105.61
-221.332
-311.727
-374.083
-408.839
-418.822
-408.718
-383.974
-350.479
-314.343
-280.89
-253.45
-233.339
-220.378
-213.319
-210.505
-209.959
-209.334
-206.486
-200.383
-191.053
-179.148
-165.681
-151.589
-137.716
-125.041
-114.543
-106.774
-101.854
-99.608
-99.633
-101.566
-105.133
-109.994
-115.748
-121.996
-128.331
-134.436
-140.139
-145.315
-149.851
-153.651
-156.596
-158.592
-159.623
-159.718
-158.926
-157.306
-154.908
-151.808
-148.134
-144.065
-139.806
-135.528
-131.338
-127.299
-123.462
-119.87
-116.572
-113.6
-110.945
-108.585
-106.5
-104.677
-103.112
-101.78
-100.635
-99.603
-98.607
-97.585
-96.495
-95.304
-93.985
-92.513
-90.864
-89.026
-87.002
-84.791
-82.386
-79.775
-76.944
-73.886
-70.599
-67.089
-63.358
-59.411
-55.25
-50.877
-46.301
-41.525
-36.556
-31.397
-26.051
-20.525
-14.829
-8.977
-2.983
3.135
9.359
15.67
22.046
28.465
34.903
41.339
47.749
54.112
60.404
66.601
72.682
78.625
84.407
90.009
95.408
100.587
105.525
110.205
114.61
118.723
122.529
126.012
129.161
131.964
134.407
136.483
138.18
139.494
140.417
140.946
141.078
140.813
140.153
139.1
137.661
135.842
133.652
131.101
128.201
124.964
121.405
117.538
113.38
108.946
104.253
99.321
94.167
88.811
83.271
77.568
71.723
65.757
59.691
53.548
47.349
41.116
34.873
28.643
22.446
16.307
10.246
4.284
-1.558
-7.262
-12.808
-18.181
-23.365
-28.347
-33.114
-37.657
-41.966
-46.034
-49.854
-53.423
-56.737
-59.793
-62.59
-65.127
-67.407
-69.429
-71.198
-72.717
-73.992
-75.029
-75.834
-76.417
-76.787
-76.955
-76.93
-76.727
-76.357
-75.835
-75.174
-74.389
-73.494
-72.504
-71.433
-70.295
-69.102
-67.867
-66.601
-65.314
-64.016
-62.716
-61.422
-60.14
-58.878
-57.641
-56.434
-55.263
-54.131
-53.042
-51.998
-51.002
-50.056
-49.16
-48.314
-47.517
-46.769
-46.067
-45.408
-44.789
-44.205
-43.651
-43.121
-42.609
-42.11
-41.616
-41.121
-40.621
-40.109
-39.58
-39.031
-38.457
-37.856
-37.225
-36.561
-35.864
-35.132
-34.364
-33.56
-32.721
-31.846
-30.936
-29.992
-29.015
-28.007
-26.969
-25.904
-24.814
-23.702
-22.571
-21.426
-20.271
-19.111
-17.951
-16.799
-15.658
-14.536
-13.439
-12.372
-11.341
-10.351
-9.406
-8.51
-7.667
-6.879
-6.149
-5.478
-4.869
-4.32
-3.834
-3.409
-3.045
-2.741
-2.496
-2.309
-2.179
-2.104
-2.082
-2.111
-2.189
-2.314
-2.482
-2.691
-2.936
-3.214
-3.52
-3.851
-4.2
-4.565
-4.941
-5.323
-5.708
-6.093
-6.473
-6.847
-7.213
-7.567
-7.91
-8.239
-8.555
-8.858
-9.148
-9.425
-9.691
-9.948
-10.195
-10.434
-10.666
-10.892
-11.113
-11.33
-11.544
-11.756
-11.967
-12.178
-12.389
-12.602
-12.816
-13.032
-13.25
-13.468
-13.685
-13.901
-14.112
-14.317
-14.512
-14.695
-14.862
-15.007
-15.127
-15.216
-15.267
-15.274
-15.231
-15.13
-14.963
-14.725
-14.408
-14.006
-13.513
-12.921
-12.225
-11.42
-10.5
-9.461
-8.298
-7.007
-5.585
-4.032
-2.345
-0.526
1.424
3.503
5.705
8.026
10.46
12.999
15.634
18.356
21.153
24.013
26.922
29.866
32.827
35.788
38.727
41.624
44.457
47.204
49.843
52.352
54.708
56.894
58.89
60.679
62.245
63.568
64.631
65.416
65.908
66.094
65.962
65.503
64.714
63.598
62.161
60.41
58.348
55.968
53.268
50.248
46.91
43.262
39.318
35.104
30.659
26.037
21.296
16.496
11.684
6.903
2.199
-2.382
-6.778
-10.914
-14.72
-18.134
-21.096
-23.553
-25.476
-26.885
-27.844
-28.454
-28.816
-29.001
-29.086
-29.194
-29.461
-30.031
-31.089
-32.751
-35.192
-38.713
-43.384
-49.088
-55.5
-61.861
-67.415
-71.684
-73.933
-73.307
-69.745
-63.552
-55.719
-48.472
-43.474
-41.667
-44.452
-52.759
-65.902
-82.358
-98.874
-110.033
-111.473
-99.419
-69.371
-18.194
55.168
150.012
262.505
386.082
514.355
639.796
753.169
846.138
911.388
943.567
940.52
901.939
828.754
725.153
598.228
456.136
308.081
162.466
26.408
-92.55
-188.027
-257.133
-299.843
-318.305
-316.564
-298.796
-269.486
-234.899
-201.164
-172.131
-149.811
-134.528
-125.34
-121.336
-121.324
-122.867
-123.291
-121.113
-115.831
-107.829
-98.099
-87.372
-76.248
-65.688
-56.732
-49.959
-45.545
-43.289
-42.7
-43.407
-45.133
-47.551
-50.334
-53.181
-55.841
-58.136
-59.963
-61.239
-61.901
-61.914
-61.259
-59.957
-58.064
-55.659
-52.84
-49.699
-46.322
-42.787
-39.165
-35.538
-31.99
-28.596
-25.425
-22.518
-19.895
-17.569
-15.542
-13.802
-12.323
-11.069
-9.996
-9.067
-8.251
-7.518
-6.84
-6.184
-5.517
-4.807
-4.024
-3.141
-2.132
-0.976
0.35
1.863
3.578
5.509
7.666
10.062
12.709
15.619
18.804
22.271
26.028
30.08
34.43
39.078
44.019
49.248
54.757
60.535
66.568
72.843
79.343
86.049
92.941
99.997
107.192
114.502
121.9
129.358
136.848
144.339
151.802
159.207
166.523
173.722
180.772
187.643
194.306
200.73
206.887
212.748
218.286
223.474
228.288
232.704
236.703
240.264
243.371
246.009
248.166
249.831
250.998
251.659
251.812
251.455
250.589
249.218
247.35
244.991
242.152
238.845
235.083
230.882
226.258
221.228
215.812
210.029
203.901
197.454
190.712
183.701
176.45
168.986
161.338
153.535
145.607
137.581
129.486
121.349
113.199
105.063
96.967
88.937
80.996
73.168
65.478
57.946
50.591
43.43
36.478
29.753
23.267
17.031
11.053
5.339
-0.104
-5.268
-10.148
-14.739
-19.042
-23.057
-26.788
-30.234
-33.401
-36.301
-38.953
-41.381
-43.596
-45.599
-47.381
-48.941
-50.281
-51.406
-52.317
-53.006
-53.478
-53.753
-53.878
-53.896
-53.834
-53.694
-53.455
-53.101
-52.645
-52.128
-51.602
-51.113
-50.712
-50.462
-50.453
-50.775
-51.473
-52.519
-53.819
-55.281
-56.841
-58.477
-60.208
-62.036
-63.928
-65.833
-67.698
-69.453
-71.004
-72.208
-72.853
-72.754
-71.816
-70.062
-67.629
-64.672
-61.331
-57.715
-53.899
-49.964
-46.005
-42.094
-38.283
-34.664
-31.374
-28.622
-26.726
-25.95
-26.455
-28.298
-31.394
-35.593
-40.721
-46.575
-52.948
-59.651
-66.514
-73.408
-80.259
-86.949
-93.324
-99.176
-104.184
-108.071
-110.626
-111.678
-111.183
-109.21
-105.881
-101.404
-96.048
-90.047
-83.623
-76.98
-70.245
-63.56
-57.075
-50.938
-45.377
-40.615
-36.859
-34.332
-33.175
-33.421
-35.048
-37.95
-41.936
-46.833
-52.454
-58.581
-65.072
-71.802
-78.663
-85.586
-92.47
-99.185
-105.603
-111.567
-116.952
-121.694
-125.752
-129.128
-131.884
-134.087
-135.834
-137.265
-138.47
-139.51
-140.429
-141.232
-141.93
-142.553
-143.129
-143.692
-144.279
-144.907
-145.598
-146.367
-147.206
-148.096
-149
-149.858
-150.627
-151.287
-151.823
-152.237
-152.535
-152.718
-152.795
-152.782
-152.687
-152.518
-152.275
-151.956
-151.559
-151.092
-150.563
-149.984
-149.366
-148.713
-148.031
-147.321
-146.585
-145.821
-145.025
-144.186
-143.296
-142.35
-141.343
-140.271
-139.129
-137.913
-136.618
-135.242
-133.781
-132.229
-130.582
-128.831
-126.97
-124.993
-122.893
-120.666
-118.306
-115.809
-113.173
-110.396
-107.479
-104.422
-101.227
-97.898
-94.437
-90.85
-87.146
-83.331
-79.415
-75.409
-71.325
-67.177
-62.98
-58.75
-54.503
-50.255
-46.028
-41.841
-37.715
-33.672
-29.734
-25.923
-22.263
-18.775
-15.479
-12.392
-9.532
-6.915
-4.56
-2.484
-0.703
0.766
1.913
2.727
3.2
3.331
3.125
2.589
1.728
0.545
-0.968
-2.815
-4.993
-7.501
-10.328
-13.455
-16.851
-20.467
-24.24
-28.105
-32.004
-35.884
-39.705
-43.421
-46.976
-50.303
-53.324
-55.967
-58.173
-59.889
-61.066
-61.7
-61.844
-61.589
-61.078
-60.443
-59.759
-59.13
-58.677
-58.527
-58.863
-59.87
-61.667
-64.436
-68.42
-73.62
-79.89
-86.831
-93.607
-99.483
-103.871
-105.969
-105.19
-101.627
-95.727
-88.641
-82.264
-77.825
-76.245
-78.745
-85.494
-95.327
-106.196
-114.549
-116.105
-107.649
-85.877
-47.067
10.587
87.022
180.23
285.621
397.926
511.988
620.792
715.947
790.269
837.817
855.026
840.995
794.971
717.368
612.364
486.923
348.84
206.417
66.613
-64.911
-181.108
-275.513
-345.28
-390.277
-411.983
-413.461
-397.423
-366.223
-324.738
-278.932
-232.851
-189.462
-151.112
-118.652
-93.201
-76.498
-68.065
-65.76
-68.005
-72.891
-78.26
-83.228
-86.748
-87.055
-83.749
-77.485
-68.882
-59.301
-50.376
-42.687
-36.678
-33.04
-31.77
-32.571
-35.129
-38.588
-42.013
-45.014
-47.34
-48.799
-49.431
-49.175
-47.934
-45.826
-43.001
-39.538
-35.54
-31.057
-26.133
-20.927
-15.622
-10.371
-5.305
-0.484
4.07
8.329
12.272
15.885
19.15
22.073
24.661
26.908
28.826
30.431
31.762
32.891
33.891
34.827
35.753
36.708
37.72
38.814
40.01
41.315
42.742
44.305
46.017
47.903
49.983
52.27
54.778
57.511
60.473
63.666
67.094
70.756
74.652
78.784
83.149
87.752
92.59
97.659
102.949
108.451
114.148
120.027
126.067
132.246
138.542
144.928
151.38
157.872
164.374
170.858
177.296
183.657
189.913
196.034
201.991
207.755
213.296
218.588
223.603
228.315
232.7
236.735
240.397
243.668
246.529
248.964
250.957
252.495
253.566
254.162
254.274
253.898
253.03
251.671
249.824
247.494
244.69
241.421
237.702
233.547
228.973
223.999
218.646
212.935
206.891
200.537
193.899
187.003
179.877
172.547
165.041
157.387
149.613
141.744
133.81
125.837
117.85
109.876
101.942
94.072
86.29
78.622
71.09
63.716
56.522
49.525
42.743
36.193
29.886
23.835
18.048
12.533
7.295
2.337
-2.338
-6.733
-10.847
-14.685
-18.251
-21.552
-24.593
-27.382
-29.928
-32.239
-34.324
-36.192
-37.853
-39.317
-40.595
-41.697
-42.635
-43.421
-44.067
-44.587
-44.995
-45.303
-45.525
-45.675
-45.765
-45.809
-45.818
-45.803
-45.774
-45.741
-45.712
-45.693
-45.69
-45.709
-45.753
-45.824
-45.924
-46.054
-46.215
-46.407
-46.631
-46.886
-47.172
-47.49
-47.84
-48.223
-48.637
-49.083
-49.561
-50.068
-50.604
-51.166
-51.751
-52.356
-52.978
-53.611
-54.251
-54.893
-55.532
-56.162
-56.779
-57.377
-57.951
-58.499
-59.017
-59.503
-59.955
-60.373
-60.757
-61.107
-61.425
-61.711
-61.967
-62.194
-62.392
-62.564
-62.709
-62.828
-62.921
-62.989
-63.031
-63.048
-63.039
-63.005
-62.947
-62.865
-62.76
-62.636
-62.494
-62.339
-62.173
-62.002
-61.831
-61.663
-61.504
-61.358
-61.229
-61.12
-61.034
-60.972
-60.937
-60.928
-60.946
-60.99
-61.06
-61.154
-61.271
-61.41
-61.568
-61.744
-61.937
-62.147
-62.373
-62.614
-62.873
-63.149
-63.443
-63.757
-64.09
-64.442
-64.813
-65.202
-65.608
-66.028
-66.459
-66.899
-67.345
-67.795
-68.244
-68.691
-69.132
-69.565
-69.988
-70.399
-70.798
-71.184
-71.558
-71.92
-72.273
-72.617
-72.955
-73.289
-73.619
-73.946
-74.27
-74.589
-74.902
-75.205
-75.495
-75.769
-76.021
-76.249
-76.447
-76.61
-76.733
-76.812
-76.841
-76.816
-76.732
-76.584
-76.367
-76.078
-75.713
-75.269
-74.741
-74.127
-73.42
-72.618
-71.714
-70.704
-69.581
-68.339
-66.973
-65.478
-63.85
-62.086
-60.185
-58.145
-55.969
-53.659
-51.22
-48.659
-45.981
-43.197
-40.316
-37.353
-34.319
-31.23
-28.102
-24.952
-21.802
-18.672
-15.584
-12.559
-9.618
-6.784
-4.078
-1.52
0.871
3.08
5.089
6.879
8.428
9.717
10.727
11.44
11.844
11.925
11.671
11.079
10.152
8.897
7.317
5.408
3.157
0.557
-2.391
-5.682
-9.305
-13.238
-17.453
-21.912
-26.554
-31.322
-36.165
-41.039
-45.915
-50.76
-55.516
-60.118
-64.479
-68.522
-72.196
-75.439
-78.206
-80.499
-82.342
-83.791
-84.951
-85.873
-86.609
-87.261
-87.912
-88.674
-89.722
-91.169
-93.215
-96.182
-100.145
-105.001
-110.466
-115.804
-120.316
-123.602
-124.937
-123.517
-119.35
-112.813
-105.038
-98.36
-94.481
-94.308
-99.152
-109.896
-125.876
-145.565
-165.615
-180.578
-186.124
-178.601
-153.775
-108.5
-41.461
46.861
152.88
270.363
393.379
515.011
626.686
720.14
787.724
823.966
826.504
794.754
729.078
632.38
510.517
371.411
224.432
77.659
-62.173
-188.122
-293.811
-374.415
-427.838
-455.525
-461.109
-447.932
-419.379
-379.846
-334.536
-289.433
-249.274
-215.805
-189.252
-169.723
-157.367
-152.234
-153.104
-156.931
-160.728
-163.177
-163.941
-163.088
-160.402
-155.017
-146.84
-137.158
-127.662
-119.435
-112.814
-107.583
-103.58
-101.131
-100.371
-100.857
-101.781
-102.387
-102.309
-101.529
-100.157
-98.177
-95.511
-92.168
-88.287
-84.067
-79.66
-75.14
-70.517
-65.802
-61.063
-56.398
-51.915
-47.713
-43.841
-40.322
-37.167
-34.377
-31.952
-29.884
-28.144
-26.69
-25.486
-24.505
-23.725
-23.13
-22.691
-22.37
-22.123
-21.908
-21.691
-21.442
-21.135
-20.741
-20.234
-19.59
-18.791
-17.818
-16.653
-15.274
-13.659
-11.788
-9.643
-7.208
-4.471
-1.421
1.95
5.65
9.679
14.039
18.727
23.739
29.07
34.711
40.65
46.875
53.37
60.117
67.096
74.283
81.655
89.186
96.847
104.609
112.441
120.311
128.188
136.037
143.824
151.516
159.079
166.478
173.68
180.651
187.36
193.775
199.867
205.606
210.966
215.922
220.451
224.533
228.148
231.28
233.915
236.041
237.647
238.728
239.278
239.295
238.78
237.737
236.17
234.089
231.503
228.425
224.872
220.859
216.406
211.534
206.266
200.628
194.644
188.342
181.751
174.9
167.819
160.539
153.091
145.504
137.811
130.043
122.229
114.399
106.583
98.81
91.108
83.502
76.017
68.679
61.509
54.527
47.755
41.208
34.904
28.856
23.076
17.576
12.365
7.449
2.833
-1.479
-5.486
-9.188
-12.587
-15.687
-18.492
-21.008
-23.242
-25.203
-26.901
-28.344
-29.544
-30.513
-31.263
-31.806
-32.156
-32.325
-32.327
-32.175
-31.883
-31.463
-30.928
-30.291
-29.565
-28.76
-27.89
-26.965
-25.995
-24.991
-23.962
-22.917
-21.862
-20.806
-19.755
-18.714
-17.688
-16.682
-15.698
-14.741
-13.813
-12.916
-12.051
-11.22
-10.423
-9.661
-8.934
-8.243
-7.586
-6.965
-6.379
-5.828
-5.31
-4.827
-4.378
-3.961
-3.578
-3.226
-2.906
-2.618
-2.36
-2.132
-1.935
-1.767
-1.63
-1.522
-1.445
-1.399
-1.384
-1.399
-1.447
-1.528
-1.641
-1.788
-1.969
-2.185
-2.436
-2.722
-3.043
-3.399
-3.788
-4.21
-4.663
-5.147
-5.658
-6.195
-6.757
-7.34
-7.943
-8.562
-9.195
-9.84
-10.493
-11.152
-11.812
-12.472
-13.129
-13.779
-14.419
-15.046
-15.659
-16.253
-16.826
-17.376
-17.9
-18.396
-18.86
-19.292
-19.69
-20.053
-20.379
-20.67
-20.925
-21.145
-21.331
-21.485
-21.607
-21.701
-21.768
-21.811
-21.833
-21.836
-21.825
-21.802
-21.771
-21.737
-21.701
-21.668
-21.64
-21.622
-21.616
-21.624
-21.649
-21.694
-21.761
-21.852
-21.969
-22.113
-22.284
-22.484
-22.71
-22.963
-23.239
-23.537
-23.853
-24.184
-24.524
-24.87
-25.217
-25.558
-25.887
-26.198
-26.484
-26.738
-26.95
-27.113
-27.219
-27.259
-27.225
-27.109
-26.904
-26.603
-26.197
-25.68
-25.046
-24.289
-23.402
-22.381
-21.221
-19.918
-18.472
-16.88
-15.143
-13.263
-11.241
-9.082
-6.791
-4.376
-1.842
0.802
3.544
6.375
9.282
12.25
15.264
18.308
21.362
24.406
27.42
30.38
33.266
36.056
38.726
41.256
43.628
45.822
47.819
49.603
51.152
52.449
53.478
54.218
54.656
54.777
54.569
54.025
53.148
51.937
50.394
48.518
46.295
43.721
40.8
37.535
33.937
30.025
25.822
21.38
16.769
12.055
7.305
2.574
-2.102
-6.673
-11.085
-15.276
-19.163
-22.679
-25.789
-28.449
-30.622
-32.303
-33.514
-34.359
-34.996
-35.579
-36.23
-37.025
-38.042
-39.393
-41.21
-43.65
-46.877
-50.967
-56.015
-62.187
-69.423
-77.496
-85.967
-93.983
-100.744
-105.643
-107.902
-106.92
-102.749
-95.767
-86.918
-77.855
-69.707
-63.365
-60.125
-60.419
-63.347
-67.195
-69.03
-65.088
-52.3
-27.554
12.894
71.271
147.549
239.888
344.403
455.715
567.802
673.332
763.445
830.142
867.839
873.041
844.11
781.503
688.112
569.666
434.73
292.698
151.775
19.163
-98.307
-194.871
-267.161
-314.571
-339.179
-344.681
-334.855
-313.183
-283.681
-251.08
-219.122
-190.319
-166.23
-147.022
-132.378
-122.622
-117.868
-116.9
-118.531
-121.395
-123.635
-124.574
-124.107
-121.456
-115.818
-107.204
-95.847
-82.717
-69.613
-57.474
-46.684
-37.785
-31.181
-27.091
-25.622
-26.362
-28.378
-31.062
-34.128
-37.379
-40.776
-44.207
-47.465
-50.429
-53.126
-55.551
-57.635
-59.294
-60.386
-60.815
-60.592
-59.763
-58.399
-56.592
-54.405
-51.874
-49.062
-46.043
-42.897
-39.735
-36.636
-33.646
-30.828
-28.226
-25.876
-23.812
-22.029
-20.491
-19.163
-18.002
-16.968
-16.033
-15.157
-14.292
-13.384
-12.371
-11.201
-9.839
-8.25
-6.403
-4.272
-1.836
0.918
3.986
7.369
11.068
15.083
19.417
24.068
29.025
34.28
39.819
45.628
51.694
58.002
64.536
71.277
78.204
85.299
92.54
99.906
107.369
114.9
122.47
130.045
137.596
145.089
152.493
159.773
166.9
173.841
180.568
187.052
193.263
199.174
204.759
209.992
214.85
219.31
223.354
226.961
230.116
232.804
235.013
236.732
237.954
238.673
238.884
238.588
237.786
236.482
234.684
232.399
229.641
226.423
222.76
218.671
214.174
209.29
204.042
198.454
192.549
186.354
179.895
173.199
166.295
159.211
151.977
144.621
137.172
129.66
122.113
114.559
107.028
99.545
92.138
84.831
77.648
70.613
63.748
57.07
50.599
44.351
38.339
32.576
27.073
21.837
16.876
12.195
7.798
3.685
-0.142
-3.686
-6.949
-9.937
-12.657
-15.115
-17.321
-19.286
-21.021
-22.538
-23.852
-24.975
-25.922
-26.708
-27.35
-27.863
-28.262
-28.565
-28.786
-28.941
-29.046
-29.114
-29.159
-29.195
-29.233
-29.284
-29.36
-29.471
-29.624
-29.829
-30.092
-30.42
-30.819
-31.291
-31.842
-32.473
-33.184
-33.978
-34.853
-35.809
-36.843
-37.953
-39.136
-40.389
-41.709
-43.091
-44.53
-46.023
-47.563
-49.148
-50.771
-52.429
-54.117
-55.831
-57.567
-59.322
-61.091
-62.873
-64.662
-66.457
-68.254
-70.05
-71.845
-73.634
-75.417
-77.193
-78.961
-80.721
-82.472
-84.216
-85.954
-87.685
-89.411
-91.135
-92.857
-94.579
-96.302
-98.03
-99.761
-101.499
-103.243
-104.995
-106.754
-108.52
-110.294
-112.074
-113.86
-115.652
-117.449
-119.25
-121.057
-122.868
-124.683
-126.503
-128.327
-130.156
-131.988
-133.824
-135.663
-137.504
-139.347
-141.19
-143.031
-144.869
-146.701
-148.525
-150.338
-152.138
-153.923
-155.69
-157.438
-159.167
-160.874
-162.562
-164.229
-165.876
-167.503
-169.11
-170.699
-172.27
-173.822
-175.354
-176.868
-178.361
-179.834
-181.285
-182.712
-184.115
-185.49
-186.837
-188.152
-189.434
-190.681
-191.89
-193.062
-194.194
-195.288
-196.342
-197.356
-198.329
-199.261
-200.149
-200.99
-201.781
-202.516
-203.19
-203.799
-204.339
-204.804
-205.191
-205.497
-205.72
-205.858
-205.908
-205.868
-205.73
-205.488
-205.136
-204.669
-204.077
-203.356
-202.495
-201.49
-200.343
-199.051
-197.611
-196.017
-194.253
-192.312
-190.196
-187.906
-185.45
-182.841
-180.089
-177.222
-174.285
-171.318
-168.359
-165.43
-162.525
-159.646
-156.796
-153.977
-151.202
-148.461
-145.716
-142.944
-140.13
-137.25
-134.284
-131.171
-127.811
-124.121
-120.04
-115.542
-110.657
-105.413
-99.84
-93.993
-87.942
-81.796
-75.707
-69.789
-64.118
-58.779
-53.857
-49.485
-45.862
-43.147
-41.449
-40.842
-41.331
-42.906
-45.551
-49.176
-53.634
-58.734
-64.239
-69.962
-75.78
-81.555
-87.138
-92.345
-96.93
-100.701
-103.53
-105.307
-105.978
-105.548
-104.038
-101.571
-98.36
-94.597
-90.526
-86.399
-82.4
-78.755
-75.724
-73.493
-72.336
-72.617
-74.394
-77.548
-81.759
-86.22
-90.168
-93.081
-94.095
-92.293
-87.548
-80.139
-71.06
-62.544
-56.337
-53.461
-55.378
-63.012
-75.503
-91.086
-106.452
-116.029
-114.888
-98.865
-63.077
-4.019
78.812
184.107
308.045
443.327
581.997
715.383
832.84
924.614
983.889
1005.751
987.505
930.061
836.885
714.072
571.157
418.646
265.757
121.152
-6.68
-111.178
-188.67
-238.388
-262.885
-266.66
-254.17
-230.332
-201.348
-173.207
-149.95
-133.675
-124.489
-121.07
-122.057
-125.887
-130.023
-131.742
-129.436
-122.565
-111.496
-97.307
-80.966
-63.277
-45.377
-28.481
-13.314
-0.228
10.743
19.828
27.127
32.641
36.515
38.956
40.148
40.304
39.575
38.072
35.981
33.47
30.67
27.71
24.656
21.555
18.491
15.565
12.915
10.703
9.035
7.973
7.55
7.749
8.541
9.886
11.702
13.922
16.496
19.376
22.545
25.997
29.697
33.593
37.604
41.62
45.566
49.396
53.075
56.594
59.949
63.143
66.207
69.179
72.085
74.943
77.758
80.529
83.274
86.02
88.801
91.667
94.656
97.796
101.113
104.624
108.339
112.258
116.374
120.669
125.14
129.789
134.615
139.615
144.779
150.088
155.523
161.054
166.639
172.222
177.744
183.16
188.446
193.594
198.596
203.449
208.146
212.678
217.061
221.315
225.453
229.488
233.425
237.284
241.119
245.014
249.045
253.267
257.687
262.279
267.018
271.866
276.772
281.666
286.424
290.912
295.028
298.687
301.821
304.358
306.181
307.14
307.104
305.969
303.689
300.266
295.689
289.973
283.165
275.342
266.674
257.356
247.534
237.329
226.838
216.147
205.387
194.718
184.268
174.152
164.448
155.193
146.455
138.294
130.731
123.77
117.319
111.244
105.462
99.911
94.554
89.376
84.328
79.344
74.396
69.462
64.531
59.611
54.671
49.674
44.602
39.444
34.245
29.092
24.04
19.123
14.37
9.786
5.391
1.216
-2.742
-6.5
-10.067
-13.464
-16.684
-19.709
-22.53
-25.14
-27.549
-29.79
-31.887
-33.852
-35.703
-37.446
-39.096
-40.671
-42.173
-43.592
-44.924
-46.163
-47.31
-48.373
-49.358
-50.269
-51.109
-51.878
-52.577
-53.21
-53.776
-54.277
-54.713
-55.079
-55.376
-55.61
-55.782
-55.897
-55.958
-55.967
-55.928
-55.848
-55.733
-55.59
-55.426
-55.247
-55.061
-54.876
-54.698
-54.535
-54.393
-54.279
-54.199
-54.161
-54.176
-54.255
-54.41
-54.653
-54.996
-55.449
-56.02
-56.715
-57.538
-58.489
-59.567
-60.776
-62.118
-63.602
-65.241
-67.043
-69.016
-71.156
-73.452
-75.881
-78.409
-81
-83.615
-86.22
-88.79
-91.314
-93.794
-96.241
-98.673
-101.091
-103.478
-105.813
-108.071
-110.243
-112.337
-114.382
-116.421
-118.512
-120.732
-123.151
-125.83
-128.793
-132.008
-135.403
-138.867
-142.313
-145.678
-148.905
-151.945
-154.72
-157.146
-159.131
-160.58
-161.376
-161.36
-160.365
-158.223
-154.831
-150.181
-144.343
-137.454
-129.641
-121.024
-111.735
-101.92
-91.76
-81.424
-71.055
-60.777
