Name,Criss Capps
Date of Birth,"Feb 5, 1952"
Recorded Date,2024-09-10 21:00:46 -0400
Classification,Poor Recording
Symptoms,
Software Version,1.90
Device,"Watch5,4"
Sample Rate,512.844 hertz


Lead,Lead I
Unit,µV

326.205
421.486
469.661
465.055
421.571
362.034
307.923
272.907
257.355
254.072
253.881
248.006
233.963
213.776
190.741
169.087
150.37
133.678
117.751
101.16
83.456
65.097
46.527
28.125
10.116
-7.361
-24.141
-40.13
-55.319
-69.747
-83.497
-96.632
-109.238
-121.452
-133.392
-145.132
-156.703
-168.096
-179.292
-190.278
-201.023
-211.467
-221.539
-231.168
-240.303
-248.903
-256.927
-264.323
-271.031
-276.989
-282.161
-286.528
-290.078
-292.807
-294.715
-295.81
-296.112
-295.656
-294.473
-292.594
-290.045
-286.854
-283.053
-278.679
-273.769
-268.361
-262.488
-256.183
-249.478
-242.406
-234.998
-227.284
-219.291
-211.045
-202.574
-193.906
-185.072
-176.099
-167.018
-157.853
-148.631
-139.378
-130.119
-120.874
-111.664
-102.509
-93.427
-84.436
-75.553
-66.794
-58.175
-49.708
-41.407
-33.285
-25.35
-17.614
-10.083
-2.765
4.333
11.204
17.843
24.247
30.412
36.333
42.007
47.432
52.606
57.529
62.199
66.616
70.781
74.695
78.36
81.778
84.951
87.881
90.572
93.026
95.246
97.237
99.004
100.55
101.881
103.004
103.924
104.648
105.184
105.536
105.711
105.717
105.559
105.246
104.785
104.184
103.453
102.601
101.643
100.588
99.449
98.237
96.966
95.648
94.295
92.916
91.519
90.111
88.699
87.292
85.898
84.527
83.187
81.892
80.654
79.49
78.415
77.443
76.58
75.833
75.214
74.736
74.424
74.296
74.367
74.649
75.154
75.885
76.836
77.984
79.286
80.692
82.153
83.624
85.071
86.473
87.807
89.045
90.148
91.07
91.793
92.319
92.65
92.814
92.861
92.854
92.933
93.293
94.05
95.253
96.867
98.706
100.616
102.562
104.446
106.117
107.647
109.274
111.492
115.125
120.768
128.616
138.805
151.35
165.732
180.99
195.611
207.534
215.033
216.934
212.114
199.643
179.422
152.124
119.235
83.042
45.717
9.08
-24.801
-53.763
-76.412
-92.096
-100.889
-103.707
-101.564
-95.369
-86.482
-76.568
-66.845
-58.095
-50.694
-44.468
-39.193
-34.712
-30.585
-26.204
-21.196
-15.406
-8.882
-1.899
5.292
12.5
19.46
25.873
31.564
36.478
40.653
44.2
47.222
49.791
52.01
54.013
55.888
57.683
59.432
61.128
62.774
64.383
65.946
67.435
68.822
70.063
71.113
71.937
72.493
72.729
72.596
72.037
71.013
69.502
67.489
64.966
61.933
58.389
54.346
49.826
44.851
39.443
33.626
27.425
20.867
13.989
6.828
-0.579
-8.192
-15.977
-23.899
-31.919
-40.003
-48.117
-56.225
-64.296
-72.297
-80.191
-87.944
-95.52
-102.885
-110.005
-116.849
-123.387
-129.59
-135.432
-140.888
-145.939
-150.565
-154.748
-158.473
-161.728
-164.502
-166.788
-168.58
-169.875
-170.675
-170.981
-170.8
-170.14
-169.011
-167.425
-165.397
-162.944
-160.085
-156.84
-153.232
-149.285
-145.024
-140.478
-135.674
-130.641
-125.411
-120.014
-114.481
-108.844
-103.135
-97.385
-91.624
-85.884
-80.195
-74.585
-69.082
-63.713
-58.505
-53.482
-48.667
-44.081
-39.745
-35.677
-31.893
-28.407
-25.232
-22.38
-19.857
-17.672
-15.829
-14.33
-13.176
-12.367
-11.899
-11.768
-11.966
-12.485
-13.316
-14.447
-15.865
-17.557
-19.505
-21.695
-24.109
-26.728
-29.535
-32.508
-35.629
-38.877
-42.231
-45.671
-49.177
-52.727
-56.302
-59.881
-63.446
-66.977
-70.456
-73.866
-77.19
-80.412
-83.519
-86.495
-89.329
-92.009
-94.524
-96.865
-99.025
-100.995
-102.772
-104.349
-105.723
-106.893
-107.856
-108.613
-109.165
-109.513
-109.66
-109.61
-109.367
-108.937
-108.326
-107.54
-106.586
-105.474
-104.21
-102.803
-101.263
-99.599
-97.82
-95.936
-93.956
-91.889
-89.746
-87.535
-85.265
-82.946
-80.586
-78.194
-75.777
-73.344
-70.902
-68.458
-66.019
-63.59
-61.179
-58.79
-56.428
-54.099
-51.805
-49.552
-47.341
-45.174
-43.055
-40.984
-38.962
-36.991
-35.069
-33.197
-31.375
-29.602
-27.877
-26.199
-24.566
-22.977
-21.43
-19.924
-18.457
-17.026
-15.63
-14.267
-12.934
-11.631
-10.353
-9.101
-7.87
-6.658
-5.463
-4.282
-3.113
-1.954
-0.803
0.343
1.483
2.618
3.747
4.87
5.986
7.095
8.194
9.281
10.356
11.415
12.457
13.479
14.479
15.454
16.4
17.313
18.192
19.031
19.828
20.578
21.28
21.93
22.526
23.064
23.541
23.954
24.3
24.573
24.771
24.891
24.932
24.895
24.785
24.605
24.361
24.059
23.704
23.305
22.866
22.392
21.883
21.34
20.766
20.168
19.553
18.926
18.289
17.645
17.001
16.367
15.754
15.174
14.637
14.149
13.724
13.391
13.179
13.128
13.266
13.604
14.162
14.967
16.041
17.418
19.099
21.043
23.212
25.552
28.008
30.576
33.208
35.807
38.338
40.785
43.189
45.754
48.637
51.804
55.249
58.936
62.687
66.447
70.014
72.816
74.385
74.538
73.25
70.874
68.09
65.35
63.286
63.068
65.865
72.719
84.307
100.47
120.425
143.53
168.964
195.155
220.105
241.438
256.942
265.313
265.971
258.26
241.58
216.268
183.58
145.638
104.996
63.8
23.777
-13.026
-44.286
-68.491
-85.059
-94.24
-97.028
-94.462
-87.49
-77.557
-66.568
-55.941
-46.521
-38.692
-32.307
-27.147
-23.049
-19.533
-15.842
-11.495
-6.304
-0.294
6.257
13.09
20.033
26.817
33.096
38.68
43.513
47.646
51.242
54.448
57.36
60.11
62.856
65.704
68.729
71.979
75.448
79.142
83.08
87.257
91.659
96.265
101.036
105.928
110.905
115.92
120.92
125.853
130.656
135.285
139.713
143.915
147.881
151.604
155.074
158.292
161.268
164.011
166.527
168.828
170.918
172.81
174.521
176.068
177.472
178.751
179.919
180.99
181.981
182.905
183.776
184.605
185.403
186.181
186.956
187.741
188.553
189.406
190.316
191.295
192.359
193.52
194.79
196.18
197.7
199.357
201.163
203.123
205.246
207.538
210.005
212.65
215.478
218.492
221.693
225.081
228.655
232.414
236.355
240.476
244.772
249.238
253.869
258.659
263.599
268.684
273.903
279.247
284.708
290.275
295.936
301.682
307.501
313.38
319.31
325.279
331.274
337.286
343.3
349.308
355.296
361.253
367.169
373.033
378.833
384.56
390.202
395.752
401.2
406.537
411.756
416.849
421.809
426.629
431.305
435.83
440.201
444.412
448.462
452.347
456.065
459.614
462.995
466.206
469.248
472.123
474.831
477.374
479.756
481.979
484.048
485.967
487.741
489.374
490.873
492.243
493.49
494.621
495.643
496.562
497.384
498.116
498.765
499.336
499.836
500.27
500.643
500.961
501.228
501.448
501.624
501.76
501.857
501.918
501.944
501.935
501.89
501.81
501.691
501.531
501.326
501.073
500.766
500.399
499.965
499.456
498.865
498.182
497.398
496.502
495.484
494.333
493.039
491.59
489.976
488.185
486.207
484.032
481.65
479.052
476.228
473.172
469.875
466.332
462.537
458.486
454.175
449.604
444.772
439.678
434.326
428.719
422.861
416.759
410.423
403.861
397.085
390.109
382.948
375.619
368.14
360.53
352.809
344.999
337.122
329.202
321.263
313.328
305.423
297.572
289.801
282.134
274.597
267.214
260.008
253.004
246.222
239.685
233.412
227.421
221.73
216.356
211.314
206.617
202.276
198.302
194.702
191.481
188.642
186.185
184.107
182.404
181.069
180.093
179.465
179.174
179.204
179.54
180.165
181.061
182.208
183.582
185.161
186.92
188.835
190.88
193.027
195.249
197.52
199.816
202.115
204.394
206.628
208.796
210.874
212.844
214.686
216.38
217.904
219.243
220.383
221.32
222.047
222.561
222.86
222.941
222.803
222.452
221.884
221.095
220.076
218.819
217.323
215.608
213.696
211.607
209.362
206.98
204.494
201.943
199.35
196.73
194.084
191.416
188.758
186.153
183.649
181.298
179.132
177.16
175.393
173.834
172.453
171.215
170.042
168.834
167.557
166.179
164.671
163.062
161.372
159.67
158.133
156.888
156.013
155.659
155.907
156.683
157.862
159.042
159.629
159.205
157.362
153.731
148.277
141.279
133.355
125.714
119.828
117.073
118.899
126.456
140.247
160.222
185.62
214.93
246.238
277.189
305.002
327.065
341.183
345.774
340.007
323.529
296.555
260.352
217.062
169.231
119.68
70.948
25.29
-14.877
-47.554
-71.827
-87.684
-95.807
-97.448
-93.885
-86.516
-77.289
-68.107
-60.197
-54.202
-50.246
-48.103
-47.535
-48.216
-49.445
-50.4
-50.592
-49.851
-48.281
-46.161
-43.709
-41.099
-38.609
-36.562
-35.123
-34.331
-34.105
-34.249
-34.612
-35.076
-35.497
-35.766
-35.821
-35.612
-35.122
-34.368
-33.35
-32.077
-30.576
-28.858
-26.947
-24.878
-22.688
-20.435
-18.177
-15.978
-13.899
-11.988
-10.276
-8.788
-7.541
-6.544
-5.802
-5.317
-5.077
-5.08
-5.324
-5.801
-6.506
-7.425
-8.538
-9.825
-11.261
-12.824
-14.491
-16.24
-18.052
-19.906
-21.784
-23.665
-25.533
-27.366
-29.141
-30.833
-32.415
-33.861
-35.147
-36.248
-37.144
-37.812
-38.237
-38.403
-38.298
-37.91
-37.23
-36.244
-34.941
-33.31
-31.339
-29.02
-26.349
-23.322
-19.943
-16.219
-12.162
-7.792
-3.128
1.814
7.019
12.474
18.162
24.058
30.128
36.335
42.626
48.939
55.208
61.361
67.334
73.076
78.55
83.735
88.613
93.17
97.377
101.193
104.577
107.494
109.915
111.813
113.193
114.082
114.529
114.598
114.34
113.779
112.912
111.709
110.119
108.062
105.482
102.338
98.592
94.214
89.172
83.439
76.951
69.609
61.283
51.811
41.059
28.93
15.366
0.344
-16.103
-33.883
-52.901
-73.054
-94.228
-116.312
-139.181
-162.706
-186.71
-210.973
-235.226
-259.146
-282.437
-304.835
-326.1
-346.018
-364.429
-381.241
-396.387
-409.836
-421.572
-431.586
-439.892
-446.518
-451.54
-455.07
-457.274
-458.374
-458.571
-458.046
-456.978
-455.535
-453.853
-452.034
-450.15
-448.236
-446.324
-444.444
-442.614
-440.843
-439.116
-437.398
-435.626
-433.709
-431.574
-429.168
-426.441
-423.35
-419.867
-415.979
-411.694
-407.048
-402.071
-396.795
-391.252
-385.476
-379.512
-373.411
-367.233
-361.044
-354.899
-348.839
-342.903
-337.122
-331.521
-326.122
-320.931
-315.946
-311.165
-306.59
-302.22
-298.056
-294.095
-290.327
-286.743
-283.332
-280.085
-276.994
-274.05
-271.247
-268.577
-266.034
-263.614
-261.313
-259.127
-257.048
-255.069
-253.179
-251.371
-249.637
-247.968
-246.356
-244.793
-243.271
-241.785
-240.329
-238.896
-237.48
-236.075
-234.675
-233.274
-231.868
-230.451
-229.02
-227.57
-226.098
-224.604
-223.084
-221.538
-219.965
-218.364
-216.734
-215.076
-213.391
-211.679
-209.941
-208.179
-206.394
-204.589
-202.767
-200.93
-199.082
-197.225
-195.364
-193.501
-191.641
-189.785
-187.936
-186.097
-184.272
-182.466
-180.682
-178.926
-177.2
-175.508
-173.853
-172.235
-170.654
-169.106
-167.584
-166.085
-164.605
-163.14
-161.687
-160.243
-158.809
-157.386
-155.975
-154.575
-153.189
-151.814
-150.452
-149.109
-147.785
-146.479
-145.193
-143.923
-142.662
-141.407
-140.143
-138.846
-137.487
-136.028
-134.438
-132.694
-130.762
-128.601
-126.171
-123.435
-120.393
-117.068
-113.48
-109.66
-105.63
-101.435
-97.191
-92.966
-88.776
-84.583
-80.237
-75.614
-70.725
-65.516
-59.865
-53.863
-47.685
-41.692
-36.651
-33.119
-31.352
-31.74
-34.512
-39.41
-45.989
-53.252
-59.444
-63.215
-63.487
-58.768
-47.907
-30.445
-6.219
23.454
55.751
89.124
122.251
153.745
183.751
209.516
226.103
229.602
215.344
182.933
137.435
84.093
28.983
-23.885
-74.317
-121.388
-163.361
-198.138
-223.31
-238.133
-243.425
-240.758
-231.964
-218.902
-203.812
-188.867
-175.543
-164.637
-156.269
-150.099
-145.76
-142.741
-140.174
-137.19
-133.293
-128.352
-122.54
-116.179
-109.549
-102.9
-96.586
-90.981
-86.267
-82.452
-79.424
-76.99
-74.992
-73.325
-71.839
-70.359
-68.762
-66.959
-64.911
-62.638
-60.138
-57.398
-54.425
-51.238
-47.868
-44.371
-40.794
-37.174
-33.56
-29.999
-26.548
-23.275
-20.227
-17.435
-14.921
-12.693
-10.758
-9.126
-7.795
-6.75
-5.981
-5.475
-5.22
-5.21
-5.433
-5.869
-6.5
-7.303
-8.26
-9.356
-10.576
-11.902
-13.319
-14.813
-16.37
-17.98
-19.629
-21.3
-22.978
-24.644
-26.283
-27.879
-29.416
-30.878
-32.25
-33.518
-34.67
-35.695
-36.582
-37.321
-37.901
-38.315
-38.553
-38.61
-38.48
-38.156
-37.634
-36.914
-35.992
-34.869
-33.545
-32.022
-30.301
-28.387
-26.284
-23.997
-21.532
-18.897
-16.1
-13.151
-10.059
-6.837
-3.495
-0.046
3.497
7.12
10.81
14.553
18.334
22.139
25.954
29.765
33.555
37.312
41.021
44.668
48.24
51.722
55.102
58.367
61.507
64.509
67.363
70.061
72.591
74.948
77.123
79.11
80.904
82.501
83.898
85.093
86.086
86.876
87.466
87.857
88.053
88.06
87.881
87.524
86.997
86.307
85.463
84.475
83.353
82.109
80.753
79.296
77.752
76.132
74.448
72.713
70.939
69.138
67.322
65.502
63.69
61.898
60.134
58.409
56.731
55.109
53.549
52.059
50.643
49.306
48.052
46.884
45.803
44.809
43.904
43.085
42.351
41.698
41.124
40.623
40.19
39.82
39.507
39.242
39.019
38.831
38.668
38.523
38.387
38.25
38.105
37.942
37.753
37.529
37.262
36.944
36.568
36.128
35.616
35.027
34.356
33.597
32.747
31.802
30.759
29.617
28.373
27.028
25.58
24.031
22.381
20.632
18.787
16.847
14.816
12.697
10.496
8.216
5.863
3.442
0.961
-1.575
-4.159
-6.785
-9.445
-12.133
-14.841
-17.564
-20.293
-23.023
-25.746
-28.455
-31.144
-33.805
-36.433
-39.02
-41.56
-44.047
-46.476
-48.842
-51.138
-53.361
-55.503
-57.561
-59.528
-61.399
-63.171
-64.838
-66.398
-67.847
-69.184
-70.408
-71.517
-72.512
-73.392
-74.156
-74.806
-75.34
-75.761
-76.069
-76.264
-76.351
-76.331
-76.209
-75.989
-75.675
-75.273
-74.789
-74.229
-73.598
-72.901
-72.14
-71.321
-70.451
-69.536
-68.582
-67.593
-66.575
-65.535
-64.481
-63.421
-62.355
-61.284
-60.209
-59.13
-58.049
-56.97
-55.895
-54.822
-53.758
-52.71
-51.695
-50.734
-49.833
-48.987
-48.188
-47.424
-46.69
-45.978
-45.268
-44.532
-43.757
-42.937
-42.084
-41.207
-40.289
-39.305
-38.213
-36.964
-35.53
-33.9
-32.085
-30.111
-28.027
-25.899
-23.829
-21.92
-20.255
-18.909
-17.848
-16.993
-16.264
-15.501
-14.616
-13.603
-12.364
-10.793
-8.994
-7.154
-5.599
-4.871
-5.235
-6.789
-9.833
-14.431
-20.288
-26.888
-33.194
-37.86
-39.875
-38.165
-31.457
-19.067
-0.82
22.916
50.881
81.569
113.459
144.275
171.306
192.195
204.841
207.886
200.761
182.847
154.041
115.594
69.68
19.021
-33.289
-84.656
-132.652
-174.381
-207.476
-230.691
-243.818
-247.75
-243.997
-233.913
-219.126
-201.806
-183.969
-167.289
-152.784
-140.578
-130.463
-122.294
-115.725
-110.245
-105.308
-100.186
-94.462
-88.201
-81.565
-74.714
-67.851
-61.049
-54.385
-48.197
-42.685
-37.817
-33.53
-29.672
-26.066
-22.66
-19.428
-16.193
-12.831
-9.295
-5.535
-1.584
2.501
6.715
11.047
15.438
19.84
24.203
28.456
32.557
36.462
40.107
43.45
46.463
49.121
51.419
53.357
54.936
56.167
57.072
57.665
57.965
57.987
57.745
57.258
56.551
55.649
54.579
53.366
52.033
50.603
49.1
47.545
45.957
44.354
42.752
41.168
39.622
38.133
36.723
35.408
34.207
33.136
32.212
31.449
30.859
30.452
30.237
30.22
30.41
30.811
31.428
32.262
33.315
34.586
36.075
37.779
39.692
41.81
44.126
46.63
49.314
52.169
55.183
58.344
61.64
65.057
68.582
72.201
75.898
79.66
83.469
87.311
91.172
95.034
98.885
102.708
106.49
110.217
113.878
117.46
120.952
124.343
127.624
130.785
133.821
136.722
139.484
142.101
144.571
146.889
149.054
151.067
152.926
154.634
156.193
157.607
158.878
160.013
161.017
161.897
162.659
163.311
163.862
164.32
164.694
164.994
165.23
165.41
165.545
165.645
165.719
165.777
165.827
165.879
165.941
166.022
166.128
166.266
166.443
166.664
166.933
167.254
167.631
168.065
168.557
169.107
169.716
170.381
171.1
171.87
172.688
173.547
174.444
175.372
176.324
177.294
178.274
179.255
180.229
181.188
182.124
183.026
183.885
184.694
185.443
186.123
186.725
187.242
187.665
187.988
188.202
188.303
188.284
188.14
187.868
187.463
186.925
186.25
185.438
184.49
183.406
182.188
180.839
179.362
177.761
176.042
174.211
172.272
170.235
168.105
165.891
163.602
161.245
158.831
156.367
153.863
151.328
148.773
146.206
143.636
141.074
138.528
136.007
133.519
131.074
128.677
126.336
124.058
121.848
119.712
117.652
115.674
113.78
111.97
110.248
108.611
107.06
105.592
104.206
102.897
101.663
100.497
99.396
98.352
97.361
96.415
95.508
94.632
93.781
92.945
92.118
91.289
90.45
89.592
88.704
87.776
86.798
85.761
84.654
83.469
82.195
80.824
79.348
77.758
76.048
74.212
72.241
70.132
67.88
65.482
62.935
60.237
57.386
54.384
51.232
47.933
44.491
40.907
37.184
33.329
29.349
25.25
21.043
16.739
12.353
7.902
3.409
-1.109
-5.631
-10.138
-14.612
-19.035
-23.39
-27.663
-31.839
-35.903
-39.84
-43.635
-47.273
-50.745
-54.04
-57.147
-60.058
-62.755
-65.224
-67.452
-69.415
-71.086
-72.424
-73.382
-73.925
-74.022
-73.643
-72.748
-71.295
-69.249
-66.609
-63.399
-59.65
-55.406
-50.689
-45.552
-40.122
-34.478
-28.658
-22.655
-16.318
-9.524
-2.275
5.489
13.882
22.784
31.992
41.112
49.335
56.041
60.886
63.409
63.342
60.964
56.825
52.031
48.403
47.417
50.309
58.58
73.324
94.956
123.392
157.537
195.359
234.977
274.312
310.601
341.171
363.565
375.654
376.339
365.364
342.679
308.939
265.908
215.892
161.783
106.771
53.636
4.894
-37.14
-70.798
-95.337
-110.687
-117.541
-117.233
-111.27
-101.358
-89.178
-76.128
-63.254
-51.364
-41.036
-32.401
-25.315
-19.48
-14.63
-10.646
-7.445
-4.791
-2.229
0.475
3.35
6.403
9.653
13.261
17.389
21.944
26.586
31.11
35.462
39.635
43.699
47.64
51.422
55.186
59.164
63.506
68.287
73.51
79.093
84.988
91.139
97.412
103.673
109.813
115.736
121.398
126.759
131.75
136.317
140.418
144.013
147.096
149.647
151.631
153.055
153.949
154.376
154.445
154.213
153.679
152.831
151.615
149.977
147.871
145.214
141.895
137.832
132.952
127.221
120.654
113.213
104.83
95.408
84.797
72.92
59.762
45.321
29.64
12.781
-5.2
-24.186
-44.01
-64.57
-85.786
-107.62
-130.102
-153.183
-176.77
-200.745
-224.932
-249.196
-273.434
-297.508
-321.297
-344.69
-367.557
-389.808
-411.388
-432.144
-451.909
-470.492
-487.642
-503.191
-517.022
-529.023
-539.137
-547.314
-553.513
-557.752
-560.076
-560.523
-559.172
-556.101
-551.399
-545.248
-537.833
-529.338
-519.989
-509.951
-499.367
-488.388
-477.13
-465.686
-454.144
-442.551
-430.934
-419.34
-407.784
-396.269
-384.783
-373.262
-361.658
-349.943
-338.084
-326.072
-313.917
-301.622
-289.211
-276.735
-264.236
-251.769
-239.393
-227.15
-215.094
-203.286
-191.791
-180.688
-170.04
-159.894
-150.289
-141.252
-132.803
-124.956
-117.711
-111.054
-104.971
-99.45
-94.475
-90.036
-86.116
-82.691
-79.737
-77.227
-75.135
-73.435
-72.101
-71.107
-70.427
-70.035
-69.908
-70.024
-70.361
-70.892
-71.592
-72.434
-73.393
-74.444
-75.561
-76.722
-77.903
-79.084
-80.249
-81.381
-82.465
-83.49
-84.442
-85.314
-86.097
-86.784
-87.371
-87.852
-88.227
-88.492
-88.649
-88.698
-88.64
-88.478
-88.215
-87.854
-87.4
-86.858
-86.232
-85.528
-84.753
-83.912
-83.011
-82.057
-81.055
-80.012
-78.933
-77.823
-76.688
-75.533
-74.36
-73.173
-71.975
-70.767
-69.549
-68.322
-67.086
-65.837
-64.576
-63.3
-62.006
-60.691
-59.352
-57.985
-56.588
-55.155
-53.683
-52.167
-50.603
-48.987
-47.315
-45.583
-43.787
-41.925
-39.995
-37.996
-35.927
-33.789
-31.582
-29.306
-26.966
-24.563
-22.1
-19.582
-17.013
-14.401
-11.754
-9.08
-6.39
-3.694
-1.005
1.667
4.307
6.904
9.443
11.913
14.299
16.586
18.76
20.803
22.701
24.435
25.989
27.345
28.487
29.401
30.074
30.494
30.653
30.545
30.166
29.513
28.581
27.367
25.865
24.074
21.993
19.625
16.975
14.049
10.856
7.411
3.735
-0.154
-4.242
-8.521
-12.99
-17.642
-22.456
-27.408
-32.473
-37.623
-42.823
-48.023
-53.154
-58.147
-62.952
-67.536
-71.893
-76.003
-79.841
-83.369
-86.54
-89.338
-91.77
-93.833
-95.509
-96.783
-97.653
-98.181
-98.509
-98.768
-99.05
-99.412
-99.841
-100.371
-101.096
-102.031
-103.121
-104.187
-104.906
-105.039
-104.523
-103.213
-100.895
-97.517
-93.035
-87.694
-82.244
-77.28
-73.149
-70.278
-68.906
-68.765
-69.425
-69.972
-68.657
-63.999
-54.79
-39.531
-17.144
12.608
49.495
91.881
136.515
180.746
222.487
260.72
295.525
325.349
346.476
352.832
339.251
304.665
251.908
188.967
123.277
58.933
0.096
-52.25
-96.394
-128.565
-149.322
-159.45
-160.567
-156.434
-147.823
-135.636
-121.834
-107.49
-94.346
-83.591
-75.127
-68.678
-63.709
-59.442
-55.117
-50
-43.713
-36.299
-28.01
-19.215
-10.212
-1.281
7.205
14.869
21.498
27.076
31.708
35.577
38.82
41.53
43.828
45.878
47.853
49.883
52.034
54.319
56.733
59.29
62.005
64.877
67.875
70.945
74.034
77.102
80.12
83.051
85.849
88.455
90.803
92.846
94.561
95.934
96.962
97.644
97.98
97.983
97.684
97.11
96.287
95.238
93.98
92.538
90.942
89.222
87.412
85.538
83.625
81.698
79.781
77.899
76.071
74.317
72.652
71.091
69.656
68.362
67.228
66.269
65.501
64.937
64.59
64.47
64.587
64.947
65.554
66.412
67.523
68.887
70.504
72.371
74.484
76.839
79.429
82.246
85.281
88.525
91.964
95.588
99.383
103.335
107.43
111.65
115.98
120.405
124.905
129.465
134.066
138.69
143.32
147.937
152.524
157.064
161.54
165.935
170.233
174.421
178.483
182.407
186.18
189.791
193.229
196.485
199.551
202.418
205.08
207.533
209.771
211.792
213.595
215.179
216.544
217.694
218.631
219.36
219.888
220.219
220.364
220.329
220.126
219.765
219.258
218.616
217.852
216.979
216.01
214.959
213.84
212.666
211.45
210.206
208.946
207.683
206.429
205.196
203.993
202.831
201.718
200.664
199.674
198.754
197.91
197.145
196.461
195.858
195.336
194.894
194.528
194.233
194.003
193.832
193.712
193.632
193.584
193.556
193.537
193.513
193.472
193.401
193.286
193.114
192.869
192.539
192.11
191.568
190.9
190.094
189.138
188.02
186.729
185.256
183.591
181.726
179.654
177.369
174.866
172.141
169.191
166.017
162.617
158.993
155.148
151.084
146.807
142.321
137.634
132.753
127.686
122.441
117.03
111.462
105.749
99.901
93.931
87.852
81.674
75.412
69.077
62.682
56.241
49.767
43.272
36.771
30.276
23.802
17.362
10.968
4.633
-1.631
-7.812
-13.897
-19.877
-25.738
-31.471
-37.063
-42.504
-47.783
-52.889
-57.813
-62.543
-67.071
-71.387
-75.484
-79.354
-82.988
-86.381
-89.523
-92.409
-95.031
-97.385
-99.465
-101.267
-102.787
-104.025
-104.98
-105.653
-106.047
-106.164
-106.007
-105.582
-104.893
-103.949
-102.757
-101.324
-99.664
-97.787
-95.709
-93.445
-91.014
-88.434
-85.726
-82.911
-80.011
-77.046
-74.037
-71.003
-67.964
-64.94
-61.95
-59.014
-56.156
-53.398
-50.763
-48.276
-45.957
-43.821
-41.882
-40.151
-38.637
-37.346
-36.279
-35.442
-34.841
-34.492
-34.413
-34.615
-35.1
-35.858
-36.874
-38.122
-39.569
-41.178
-42.905
-44.712
-46.574
-48.485
-50.449
-52.47
-54.537
-56.613
-58.644
-60.591
-62.43
-64.145
-65.725
-67.18
-68.537
-69.871
-71.281
-72.843
-74.608
-76.577
-78.706
-80.971
-83.376
-85.899
-88.487
-91.021
-93.289
-95.139
-96.49
-97.166
-96.974
-95.836
-93.771
-91.045
-88.187
-85.61
-83.62
-82.629
-82.837
-84.017
-85.667
-86.872
-86.415
-83.302
-76.532
-64.912
-47.666
-24.618
3.284
33.904
65.148
94.919
122.681
149.753
175.656
199.084
215.732
216.623
195.988
151.276
84.769
7.044
-71.338
-140.988
-195.022
-233.195
-257.693
-272.84
-283.14
-289.934
-293.084
-291.094
-283.162
-270.977
-257.151
-244.14
-233.335
-224.812
-218.096
-212.723
-208.252
-203.982
-199.121
-193.257
-186.343
-178.597
-170.391
-161.982
-153.59
-145.576
-138.333
-132.087
-126.878
-122.599
-119.059
-116.118
-113.68
-111.619
-109.77
-107.959
-106.052
-103.982
-101.738
-99.324
-96.733
-93.952
-90.987
-87.874
-84.67
-81.429
-78.198
-75.008
-71.898
-68.916
-66.12
-63.573
-61.322
-59.389
-57.788
-56.523
-55.597
-55.011
-54.75
-54.79
-55.103
-55.664
-56.454
-57.455
-58.646
-59.998
-61.483
-63.071
-64.739
-66.465
-68.226
-70
-71.766
-73.504
-75.197
-76.832
-78.391
-79.858
-81.214
-82.443
-83.53
-84.461
-85.221
-85.799
-86.182
-86.362
-86.332
-86.086
-85.62
-84.931
-84.015
-82.875
-81.509
-79.922
-78.116
-76.097
-73.872
-71.447
-68.834
-66.043
-63.084
-59.971
-56.716
-53.334
-49.841
-46.253
-42.586
-38.857
-35.085
-31.287
-27.483
-23.691
-19.93
-16.218
-12.575
-9.018
-5.566
-2.236
0.956
3.993
6.861
9.546
12.034
14.313
16.372
18.201
19.791
21.136
22.228
23.063
23.639
23.953
24.005
23.797
23.33
22.61
21.64
20.43
18.985
17.317
15.436
13.354
11.084
8.64
6.037
3.292
0.421
-2.558
-5.629
-8.772
-11.969
-15.202
-18.452
-21.699
-24.926
-28.115
-31.247
-34.306
-37.274
-40.137
-42.879
-45.485
-47.944
-50.243
-52.37
-54.318
-56.076
-57.638
-58.998
-60.152
-61.095
-61.826
-62.345
-62.651
-62.748
-62.636
-62.322
-61.81
-61.105
-60.216
-59.15
-57.917
-56.524
-54.984
-53.306
-51.502
-49.583
-47.561
-45.449
-43.259
-41.002
-38.691
-36.339
-33.957
-31.557
-29.15
-26.747
-24.36
-21.996
-19.667
-17.381
-15.146
-12.969
-10.857
-8.815
-6.848
-4.962
-3.159
-1.442
0.186
1.725
3.172
4.529
5.796
6.974
8.065
9.072
9.998
10.847
11.623
12.331
12.975
13.562
14.097
14.588
15.039
15.461
15.858
16.241
16.616
16.991
17.374
17.773
18.195
18.647
19.137
19.669
20.251
20.889
21.588
22.354
23.192
24.106
25.101
26.18
27.347
28.603
29.951
31.39
32.922
34.546
36.263
38.069
39.965
41.946
44.011
46.154
48.37
50.651
52.991
55.38
57.809
60.269
62.75
65.243
67.736
70.222
72.689
75.129
77.53
79.881
82.172
84.392
86.529
88.574
90.513
92.337
94.035
95.6
97.026
98.307
99.439
100.419
101.244
101.918
102.44
102.813
103.038
103.119
103.061
102.874
102.571
102.162
101.661
101.077
100.427
99.729
98.995
98.232
97.442
96.618
95.755
94.867
93.966
93.073
92.222
91.44
90.761
90.237
89.901
89.781
89.9
90.256
90.853
91.717
92.881
94.408
96.371
98.796
101.689
105.032
108.739
112.733
116.947
121.239
125.456
129.524
133.403
137.177
141.074
145.247
149.724
154.543
159.737
165.29
171.137
176.968
182.189
186.214
188.715
189.522
188.373
185.191
180.153
173.727
167.687
164.018
163.399
167.03
174.957
186.725
205.153
231.107
264.552
306.066
351.065
396.726
442.396
484.21
520.617
547.354
556.317
544.766
512.007
460.88
399.03
330.426
258.135
186.1
118.108
60.61
18.78
-6.683
-19.163
-23.741
-23.977
-20.58
-12.015
2.048
19.803
38.519
55.547
69.701
80.921
89.211
94.657
97.747
99.51
101.315
103.935
107.513
111.992
117.356
123.83
131.458
139.736
147.838
155.214
161.689
167.311
172.196
176.248
179.383
181.76
183.741
185.695
187.839
190.227
192.823
195.638
198.721
202.096
205.728
209.532
213.431
217.385
221.382
225.425
229.489
233.525
237.471
241.26
244.848
248.214
251.342
254.216
256.821
259.143
261.179
262.943
264.443
265.679
266.648
267.341
267.756
267.9
267.777
267.392
266.738
265.804
264.577
263.041
261.179
258.971
256.395
253.428
250.05
246.244
241.999
237.298
232.124
226.451
220.253
213.506
206.195
198.314
189.86
180.845
171.291
161.225
150.677
139.671
128.221
116.324
103.965
91.127
77.792
63.959
49.647
34.877
19.664
4.019
-12.054
-28.568
-45.552
-63.042
-81.09
-99.714
-118.903
-138.603
-158.716
-179.121
-199.673
-220.25
-240.754
-261.093
-281.182
-300.933
-320.255
-339.037
-357.153
-374.457
-390.78
-405.987
-419.985
-432.735
-444.258
-454.615
-463.909
-472.227
-479.634
-486.187
-491.925
-496.884
-501.102
-504.626
-507.512
-509.845
-511.74
-513.291
-514.576
-515.63
-516.446
-516.987
-517.184
-516.98
-516.332
-515.211
-513.613
-511.541
-509.008
-506.035
-502.643
-498.839
-494.61
-489.949
-484.852
-479.333
-473.427
-467.183
-460.662
-453.925
-447.028
-440.019
-432.933
-425.797
-418.631
-411.447
-404.248
-397.045
-389.854
-382.69
-375.571
-368.512
-361.521
-354.603
-347.76
-340.992
-334.296
-327.672
-321.12
-314.64
-308.236
-301.913
-295.678
-289.537
-283.493
-277.549
-271.706
-265.964
-260.322
-254.778
-249.331
-243.979
-238.721
-233.556
-228.484
-223.506
-218.62
-213.827
-209.127
-204.519
-200.004
-195.581
-191.25
-187.011
-182.864
-178.81
-174.848
-170.979
-167.203
-163.521
-159.932
-156.437
-153.035
-149.727
-146.51
-143.384
-140.349
-137.402
-134.543
-131.771
-129.083
-126.478
-123.954
-121.507
-119.136
-116.836
-114.603
-112.433
-110.321
-108.262
-106.249
-104.277
-102.339
-100.428
-98.537
-96.658
-94.781
-92.899
-91.001
-89.078
-87.122
-85.123
-83.073
-80.963
-78.785
-76.53
-74.192
-71.762
-69.233
-66.6
-63.856
-60.995
-58.014
-54.911
-51.685
-48.335
-44.863
-41.27
-37.561
-33.739
-29.809
-25.78
-21.656
-17.449
-13.168
-8.825
-4.435
-0.013
4.423
8.854
13.258
17.618
21.911
26.118
30.219
34.197
38.035
41.718
45.229
48.554
51.675
54.574
57.236
59.648
61.798
63.677
65.279
66.597
67.633
68.395
68.887
69.112
69.068
68.744
68.141
67.271
66.149
64.796
63.238
61.499
59.625
57.678
55.713
53.787
51.939
50.176
48.524
47.017
45.691
44.61
43.806
43.268
43.007
43.036
43.362
44.01
44.936
46.021
47.16
48.257
49.256
50.178
50.995
51.62
52.024
52.227
52.374
52.793
53.742
55.34
57.738
61.139
65.7
71.478
78.24
85.352
92.143
98.172
103.084
106.506
108.319
108.859
108.925
109.945
113.554
120.945
133.312
152.121
178.337
212.174
252.518
296.68
341.929
386.537
430.246
472.965
512.48
544.294
561.16
556.702
529.67
482.308
420.988
352.713
280.327
206.853
135.573
69.902
16.154
-22.516
-47.699
-61.849
-69.327
-72.675
-71.182
-65.328
-56.237
-45.713
-36.395
-29.45
-24.909
-22.528
-21.653
-21.537
-21.404
-20.336
-17.833
-13.98
-9.058
-3.446
2.515
8.554
14.295
19.282
23.267
26.244
28.331
29.753
30.688
31.215
31.459
31.581
31.743
32.128
32.841
33.905
35.338
37.159
39.38
42.02
45.059
48.426
52.057
55.891
59.874
63.976
68.148
72.328
76.447
80.434
84.238
87.831
91.194
94.31
97.168
99.758
102.088
104.184
106.063
107.74
109.227
110.531
111.666
112.653
113.51
114.254
114.902
115.465
115.958
116.392
116.782
117.138
117.468
117.78
118.084
118.392
118.72
119.081
119.487
119.95
120.482
121.091
121.787
122.574
123.452
124.423
125.493
126.665
127.946
129.341
130.855
132.494
134.266
136.175
138.223
140.406
142.715
145.146
147.693
150.355
153.135
156.029
159.023
162.104
165.258
168.46
171.681
174.876
177.982
180.953
183.755
186.369
188.79
191.012
193.024
194.82
196.399
197.76
198.919
199.878
200.634
201.206
201.626
201.956
202.289
202.688
203.171
203.739
204.365
205.016
205.662
206.256
206.725
206.993
206.983
206.629
205.878
204.646
202.822
200.258
196.786
192.286
186.688
179.964
172.106
163.122
153.026
141.858
129.7
116.651
102.808
88.272
73.15
57.59
41.785
25.977
10.404
-4.743
-19.307
-33.175
-46.245
-58.413
-69.592
-79.708
-88.711
-96.577
-103.291
-108.839
-113.25
-116.586
-118.961
-120.546
-121.491
-121.909
-121.899
-121.527
-120.853
-119.957
-118.905
-117.759
-116.591
-115.454
-114.396
-113.471
-112.691
-112.044
-111.49
-110.942
-110.335
-109.635
-108.813
-107.867
-106.8
-105.603
-104.281
-102.843
-101.283
-99.598
-97.787
-95.842
-93.774
-91.609
-89.382
-87.149
-84.959
-82.841
-80.821
-78.913
-77.123
-75.456
-73.912
-72.479
-71.153
-69.931
-68.811
-67.794
-66.877
-66.047
-65.294
-64.6
-63.947
-63.32
-62.707
-62.093
-61.471
-60.832
-60.169
-59.481
-58.766
-58.02
-57.237
-56.413
-55.542
-54.622
-53.649
-52.622
-51.537
-50.396
-49.198
-47.946
-46.641
-45.286
-43.883
-42.435
-40.946
-39.419
-37.86
-36.274
-34.667
-33.045
-31.412
-29.777
-28.144
-26.522
-24.915
-23.33
-21.773
-20.25
-18.77
-17.34
-15.965
-14.653
-13.41
-12.244
-11.159
-10.161
-9.256
-8.447
-7.741
-7.142
-6.657
-6.29
-6.05
-5.942
-5.974
-6.152
-6.481
-6.967
-7.611
-8.415
-9.381
-10.508
-11.795
-13.243
-14.847
-16.61
-18.531
-20.609
-22.842
-25.227
-27.755
-30.423
-33.226
-36.153
-39.197
-42.35
-45.609
-48.98
-52.469
-56.073
-59.788
-63.606
-67.512
-71.488
-75.511
-79.534
-83.513
-87.399
-91.145
-94.728
-98.137
-101.345
-104.327
-107.055
-109.49
-111.628
-113.471
-114.991
-116.183
-117.062
-117.672
-118.142
-118.616
-119.205
-120.046
-121.267
-122.912
-124.995
-127.438
-130.025
-132.57
-134.921
-136.866
-138.237
-139
-139.235
-139.287
-139.712
-140.985
-143.451
-147.375
-152.953
-160.158
-168.621
-177.418
-185.076
-189.969
-190.575
-185.576
-173.756
-154.167
-126.264
-90.221
-47.188
0.484
49.625
97.242
140.703
179.042
212.263
239.047
256.847
260.912
246.004
209.864
153.242
80.786
0.03
-81.074
-153.973
-212.164
-252.849
-276.738
-288.781
-294.2
-295.982
-294.622
-288.11
-275.569
-258.283
-238.93
-220.784
-205.457
-192.982
-183.125
-175.491
-169.806
-165.954
-163.138
-160.32
-157.133
-153.573
-149.746
-145.86
-141.902
-137.698
-133.566
-130.088
-127.505
-125.899
-125.195
-125.143
-125.678
-126.859
-128.497
-130.28
-131.995
-133.46
-134.626
-135.558
-136.243
-136.631
-136.728
-136.568
-136.2
-135.686
-135.053
-134.306
-133.465
-132.564
-131.651
-130.764
-129.917
-129.111
-128.333
-127.567
-126.797
-126.002
-125.147
-124.204
-123.146
-121.949
-120.595
-119.065
-117.335
-115.383
-113.185
-110.722
-107.979
-104.944
-101.607
-97.965
-94.015
-89.759
-85.205
-80.357
-75.222
-69.806
-64.118
-58.169
-51.971
-45.539
-38.888
-32.036
-25.005
-17.817
-10.497
-3.069
4.442
12.01
19.608
27.209
34.787
42.313
49.763
57.108
64.323
71.381
78.259
84.93
91.374
97.566
103.488
109.119
114.442
119.441
124.1
128.409
132.354
135.928
139.122
141.931
144.352
146.382
148.02
149.27
150.134
150.617
150.728
150.475
149.866
148.914
147.631
146.031
144.126
141.933
139.467
136.743
133.779
130.592
127.198
123.616
119.863
115.957
111.915
107.754
103.491
99.143
94.726
90.256
85.747
81.215
76.672
72.133
67.61
63.115
58.657
54.249
49.899
45.615
41.407
37.279
33.24
29.294
25.446
21.701
18.061
14.53
11.111
7.804
4.612
1.535
-1.427
-4.273
-7.004
-9.621
-12.124
-14.515
-16.796
-18.969
-21.036
-22.999
-24.861
-26.624
-28.291
-29.865
-31.35
-32.748
-34.062
-35.296
-36.453
-37.537
-38.55
-39.496
-40.379
-41.199
-41.962
-42.67
-43.325
-43.93
-44.489
-45.002
-45.474
-45.907
-46.303
-46.665
-46.995
-47.295
-47.569
-47.818
-48.044
-48.251
-48.439
-48.612
-48.771
-48.917
-49.052
-49.179
-49.297
-49.408
-49.513
-49.613
-49.707
-49.797
-49.883
-49.964
-50.041
-50.113
-50.181
-50.243
-50.3
-50.351
-50.395
-50.431
-50.459
-50.478
-50.485
-50.48
-50.461
-50.425
-50.37
-50.293
-50.193
-50.065
-49.908
-49.718
-49.494
-49.231
-48.928
-48.582
-48.191
-47.752
-47.263
-46.722
-46.128
-45.477
-44.769
-44.003
-43.177
-42.292
-41.347
-40.343
-39.279
-38.156
-36.973
-35.732
-34.434
-33.079
-31.669
-30.208
-28.698
-27.144
-25.551
-23.923
-22.266
-20.587
-18.891
-17.184
-15.473
-13.763
-12.061
-10.374
-8.709
-7.074
-5.476
-3.923
-2.424
-0.987
0.378
1.664
2.865
3.975
4.992
5.912
6.731
7.449
8.065
8.577
8.984
9.283
9.472
9.553
9.53
9.41
9.201
8.911
8.549
8.125
7.652
7.137
6.579
5.98
5.331
4.632
3.893
3.13
2.359
1.614
0.919
0.305
-0.189
-0.538
-0.728
-0.749
-0.606
-0.297
0.2
0.908
1.861
3.097
4.62
6.428
8.519
10.832
13.301
15.852
18.357
20.721
22.899
24.83
26.463
27.847
29.035
30.132
31.353
32.825
34.647
37.021
40.098
43.849
48.137
52.571
56.534
59.64
61.56
61.819
60.249
57.089
52.893
48.828
46.484
47.12
51.91
62.312
79.246
102.86
132.866
167.577
203.986
240.163
274.39
304.914
331.619
351.826
360.443
353.833
328.586
285.279
229.724
166.025
96.62
23.637
-52.137
-125.157
-185.422
-225.627
-241.864
-236.461
-217.549
-192.914
-169.047
-149.701
-135.99
-127.311
-121.079
-115.317
-108.346
-99.886
-91.773
-84.769
-79.079
-74.337
-69.217
-63.295
-56.809
-50.039
-43.509
-37.586
-32.43
-28.237
-25.085
-22.858
-21.388
-20.5
-20.031
-19.848
-19.795
-19.664
-19.306
-18.652
-17.679
-16.394
-14.789
-12.844
-10.564
-7.993
-5.183
-2.187
0.954
4.216
7.56
10.938
14.296
17.576
20.741
23.777
26.676
29.434
32.051
34.528
36.877
39.124
41.29
43.391
45.437
47.44
49.413
51.376
53.346
55.338
57.363
59.429
61.545
63.718
65.953
68.253
70.619
73.05
75.546
78.112
80.748
83.458
86.241
89.099
92.033
95.042
98.124
101.279
104.501
107.788
111.136
114.54
117.997
121.5
125.046
128.629
132.243
135.885
139.546
143.223
146.907
150.594
154.278
157.953
161.613
165.251
168.862
172.439
175.977
179.468
182.905
186.283
189.593
192.83
195.986
199.054
202.027
204.899
207.663
210.312
212.842
215.246
217.519
219.657
221.653
223.504
225.206
226.754
228.145
229.375
230.441
231.339
232.068
232.625
233.008
233.215
233.246
233.1
232.778
232.279
231.605
230.759
229.743
228.561
227.218
225.718
224.068
222.274
220.343
218.284
216.105
213.815
211.422
208.938
206.371
203.732
201.032
198.28
195.488
192.666
189.825
186.975
184.128
181.293
178.481
175.702
172.965
170.28
167.656
165.1
162.621
160.225
157.918
155.706
153.592
151.581
149.674
147.873
146.178
144.588
143.102
141.718
140.431
139.238
138.134
137.113
136.169
135.295
134.483
133.727
133.017
132.345
131.703
131.082
130.474
129.868
129.256
128.63
127.981
127.3
126.579
125.81
124.987
124.101
123.148
122.121
121.016
119.829
118.556
117.197
115.748
114.209
112.58
110.863
109.058
107.169
105.198
103.148
101.025
98.833
96.578
94.265
91.9
89.489
87.039
84.556
82.047
79.517
76.974
74.424
71.874
69.328
66.795
64.278
61.783
59.314
56.876
54.472
52.105
49.778
47.493
45.25
43.053
40.901
38.796
36.738
34.727
32.76
30.838
28.958
27.119
25.318
23.552
21.819
20.116
18.441
16.791
15.164
13.558
11.972
10.403
8.85
7.311
5.785
4.269
2.763
1.267
-0.218
-1.693
-3.157
-4.609
-6.047
-7.469
-8.875
-10.264
-11.638
-12.999
-14.347
-15.684
-17.009
-18.324
-19.631
-20.926
-22.209
-23.475
-24.72
-25.943
-27.145
-28.326
-29.488
-30.633
-31.764
-32.883
-33.994
-35.098
-36.194
-37.279
-38.35
-39.409
-40.463
-41.526
-42.61
-43.719
-44.855
-46.014
-47.189
-48.364
-49.517
-50.614
-51.622
-52.513
-53.262
-53.858
-54.294
-54.573
-54.688
-54.621
-54.364
-53.917
-53.303
-52.565
-51.752
-50.906
-50.092
-49.396
-48.92
-48.789
-49.111
-49.962
-51.401
-53.434
-56.094
-59.472
-63.552
-68.236
-73.331
-78.484
-83.408
-87.964
-91.897
-94.86
-96.723
-97.427
-97.16
-96.548
-96.022
-95.787
-96.186
-97.399
-99.193
-101.203
-102.636
-102.083
-98.437
-90.686
-77.629
-58.651
-33.599
-2.593
33.297
72.353
112.43
150.305
183.183
209.122
227.179
238.116
240.766
232.328
209.057
166.169
103.974
26.833
-57.979
-140.036
-212.323
-270.614
-313.81
-345.06
-366.906
-381.607
-390.025
-390.744
-383.701
-369.757
-350.785
-330.057
-309.585
-290.284
-272.975
-257.768
-244.682
-234.051
-225.651
-218.8
-213.16
-208.341
-203.684
-198.922
-193.814
-187.871
-181.045
-173.587
-165.601
-157.425
-149.56
-142.181
-135.453
-129.628
-124.679
-120.476
-116.893
-113.656
-110.475
-107.243
-103.893
-100.371
-96.722
-92.988
-89.219
-85.518
-81.982
-78.673
-75.631
-72.888
-70.471
-68.432
-66.835
-65.722
-65.119
-65.038
-65.478
-66.433
-67.894
-69.834
-72.214
-75
-78.159
-81.663
-85.488
-89.602
-93.97
-98.553
-103.312
-108.207
-113.201
-118.254
-123.329
-128.394
-133.415
-138.362
-143.208
-147.922
-152.474
-156.835
-160.976
-164.867
-168.482
-171.797
-174.787
-177.433
-179.717
-181.624
-183.141
-184.256
-184.961
-185.248
-185.115
-184.557
-183.575
-182.17
-180.347
-178.113
-175.475
-172.446
-169.036
-165.262
-161.138
-156.684
-151.92
-146.867
-141.547
-135.986
-130.209
-124.243
-118.115
-111.854
-105.49
-99.051
-92.569
-86.074
-79.596
-73.165
-66.811
-60.563
-54.45
-48.5
-42.739
-37.194
-31.89
-26.849
-22.096
-17.651
-13.533
-9.761
-6.351
-3.316
-0.671
1.576
3.415
4.841
5.849
6.438
6.609
6.364
5.709
4.65
3.199
1.368
-0.831
-3.38
-6.26
-9.453
-12.937
-16.687
-20.679
-24.887
-29.283
-33.84
-38.528
-43.317
-48.178
-53.079
-57.99
-62.879
-67.718
-72.475
-77.12
-81.626
-85.965
-90.109
-94.034
-97.716
-101.132
-104.263
-107.091
-109.599
-111.774
-113.603
-115.079
-116.195
-116.945
-117.33
-117.349
-117.006
-116.307
-115.26
-113.875
-112.165
-110.144
-107.829
-105.239
-102.394
-99.314
-96.024
-92.548
-88.911
-85.138
-81.259
-77.299
-73.287
-69.251
-65.219
-61.218
-57.275
-53.418
-49.671
-46.059
-42.605
-39.33
-36.256
-33.4
-30.778
-28.405
-26.293
-24.452
-22.891
-21.615
-20.628
-19.931
-19.523
-19.402
-19.562
-19.998
-20.699
-21.656
-22.854
-24.281
-25.921
-27.755
-29.766
-31.934
-34.238
-36.657
-39.169
-41.751
-44.381
-47.034
-49.688
-52.32
-54.907
-57.427
-59.859
-62.181
-64.375
-66.423
-68.308
-70.015
-71.529
-72.838
-73.931
-74.798
-75.431
-75.823
-75.968
-75.865
-75.51
-74.905
-74.051
-72.953
-71.616
-70.045
-68.249
-66.236
-64.018
-61.604
-59.006
-56.238
-53.314
-50.25
-47.062
-43.769
-40.387
-36.933
-33.427
-29.886
-26.328
-22.77
-19.228
-15.719
-12.261
-8.869
-5.561
-2.353
0.739
3.697
6.504
9.146
11.611
13.886
15.964
17.837
19.5
20.951
22.189
23.211
24.015
24.596
24.953
25.088
25.005
24.708
24.203
23.5
22.612
21.556
20.349
18.999
17.51
15.875
14.097
12.189
10.171
8.059
5.873
3.637
1.392
-0.802
-2.886
-4.827
-6.609
-8.233
-9.69
-10.954
-11.987
-12.754
-13.25
-13.488
-13.472
-13.189
-12.632
-11.817
-10.822
-9.795
-8.863
-8.098
-7.537
-7.182
-7.078
-7.351
-8.045
-9.065
-10.207
-11.167
-11.718
-11.793
-11.22
-9.652
-6.943
-3.133
1.432
5.969
9.881
12.769
14.111
13.492
10.907
7.334
4.271
2.891
4.67
9.743
18.313
33.718
57.356
89.894
132.067
179.117
227.715
277.225
324.772
368.737
406.012
428.805
429.801
405.411
354.219
279.785
191.379
97.147
6.321
-71.014
-131.091
-172.309
-196.268
-209.91
-217.195
-219.935
-218.522
-210.272
-195.017
-174.974
-152.922
-132.33
-114.778
-100.128
-88.142
-78.296
-70.094
-63.271
-56.989
-50.317
-43.001
-35.104
-26.776
-18.266
-9.64
-0.821
7.823
15.729
22.679
28.625
33.665
37.992
41.636
44.517
46.797
48.834
50.869
53.07
55.482
58.034
60.731
63.631
66.726
69.94
73.188
76.377
79.451
82.404
85.205
87.805
90.144
92.145
93.764
94.983
95.795
96.198
96.194
95.789
95.002
93.87
92.426
90.699
88.715
86.494
84.065
81.46
78.713
75.86
72.932
69.958
66.966
63.983
61.033
58.141
55.326
52.609
50.009
47.548
45.245
43.123
41.199
39.493
38.019
36.792
35.826
35.13
34.712
34.579
34.735
35.183
35.925
36.959
38.284
39.894
41.784
43.946
46.369
49.04
51.946
55.072
58.4
61.913
65.591
69.412
73.355
77.397
81.515
85.682
89.876
94.07
98.238
102.356
106.398
110.339
114.156
117.822
121.317
124.618
127.705
130.557
133.157
135.487
137.533
139.28
140.717
141.834
142.622
143.074
143.186
142.957
142.386
141.476
140.23
138.655
136.759
134.553
132.05
129.264
126.21
122.907
119.374
115.631
111.701
107.606
103.37
99.017
94.572
90.06
85.508
80.94
76.381
71.858
67.396
63.017
58.747
54.607
50.62
46.806
43.184
39.773
36.589
33.647
30.96
28.54
26.395
24.533
22.961
21.681
20.695
20.004
19.603
19.491
19.66
20.103
20.812
21.776
22.983
24.421
26.075
27.932
29.976
32.19
34.558
37.064
39.689
42.417
45.231
48.113
51.046
54.013
56.999
59.987
62.962
65.909
68.816
71.669
74.455
77.165
79.789
82.317
84.744
87.061
89.265
91.351
93.318
95.163
96.885
98.486
99.966
101.328
102.574
103.708
104.733
105.654
106.476
107.205
107.845
108.402
108.882
109.291
109.635
109.92
110.152
110.336
110.479
110.586
110.664
110.717
110.751
110.771
110.781
110.786
110.789
110.794
110.802
110.817
110.841
110.875
110.921
110.98
111.052
111.139
111.243
111.363
111.5
111.653
111.824
112.013
112.221
112.447
112.692
112.956
113.24
113.545
113.87
114.218
114.586
114.975
115.385
115.817
116.269
116.74
117.231
117.739
118.265
118.806
119.364
119.934
120.516
121.106
121.701
122.299
122.894
123.48
124.047
124.59
125.101
125.572
125.995
126.359
126.657
126.884
127.032
127.096
127.064
126.928
126.676
126.299
125.785
125.125
124.304
123.311
122.138
120.784
119.242
117.507
115.563
113.393
110.985
108.334
105.436
102.293
98.912
95.305
91.504
87.557
83.507
79.389
75.228
71.038
66.848
62.685
58.583
54.572
50.661
46.85
43.147
39.546
36.01
32.47
28.818
24.918
20.665
15.978
10.782
5.002
-1.443
-8.629
-16.611
-25.396
-34.983
-45.396
-56.592
-68.438
-80.677
-92.868
-104.537
-115.296
-124.718
-132.363
-138.048
-141.712
-143.526
-144.099
-143.933
-143.378
-142.987
-143.109
-143.535
-143.876
-143.299
-140.334
-133.799
-122.5
-104.845
-79.811
-47.224
-7.348
38.603
88.448
140.09
190.146
234.421
269.896
293.49
303.975
301.125
283.132
250.152
202.273
140.282
67.942
-13.416
-100.547
-187.446
-267.427
-329.511
-367.039
-379.941
-372.692
-355.605
-335.668
-315.366
-295
-271.845
-245.425
-217.233
-188.77
-162.307
-139.033
-118.997
-102.061
-87.629
-74.953
-63.691
-53.456
-43.607
-33.672
-23.21
-11.97
-0.172
11.716
23.306
34.145
43.684
51.624
57.712
61.81
64.132
65.023
64.848
64.083
63.153
62.293
61.705
61.525
61.803
62.625
64.028
65.957
68.361
71.182
74.364
77.878
81.631
85.457
89.166
92.543
95.437
97.797
99.592
100.808
101.454
101.532
101.086
100.229
99.054
97.645
96.074
94.388
92.68
91.064
89.689
88.733
88.244
88.14
88.264
88.34
88.088
87.389
86.073
83.878
80.776
76.795
72.038
66.907
61.634
56.012
49.775
42.553
33.637
22.506
8.706
-8.597
-29.998
-55.669
-85.773
-120.069
-157.664
-197.78
-239.632
-281.929
-323.386
-362.674
-398.059
-428.183
-452.524
-470.705
-482.585
-488.547
-489.091
-485.075
-477.997
-469.172
-459.349
-449.129
-438.863
-428.648
-418.663
-408.849
-398.769
-388.143
-376.895
-364.987
-352.557
-339.767
-326.661
-313.399
-300.26
-287.419
-275.028
-263.203
-251.932
-241.196
-230.958
-221.109
-211.527
-202.109
-192.792
-183.589
-174.559
-165.788
-157.411
-149.545
-142.268
-135.639
-129.637
-124.19
-119.261
-114.822
-110.866
-107.42
-104.5
-102.126
-100.326
-99.093
-98.4
-98.186
-98.339
-98.757
-99.383
-100.179
-101.162
-102.39
-103.891
-105.684
-107.793
-110.21
-112.928
-115.934
-119.185
-122.641
-126.279
-130.088
-134.087
-138.29
-142.687
-147.256
-151.955
-156.725
-161.517
-166.287
-170.983
-175.567
-180.011
-184.291
-188.402
-192.348
-196.124
-199.723
-203.135
-206.347
-209.354
-212.156
-214.755
-217.158
-219.372
-221.406
-223.273
-224.986
-226.554
-227.985
-229.286
-230.459
-231.509
-232.445
-233.271
-233.998
-234.634
-235.187
-235.67
-236.092
-236.463
-236.794
-237.092
-237.365
-237.621
-237.866
-238.108
-238.351
-238.6
-238.86
-239.133
-239.423
-239.732
-240.06
-240.409
-240.777
-241.164
-241.566
-241.982
-242.406
-242.836
-243.265
-243.689
-244.101
-244.495
-244.862
-245.196
-245.489
-245.731
-245.913
-246.024
-246.053
-245.988
-245.818
-245.53
-245.11
-244.544
-243.818
-242.918
-241.829
-240.536
-239.023
-237.276
-235.28
-233.02
-230.482
-227.651
-224.516
-221.062
-217.279
-213.155
-208.681
-203.849
-198.651
-193.08
-187.134
-180.811
-174.108
-167.026
-159.568
-151.736
-143.537
-134.977
-126.065
-116.813
-107.234
-97.343
-87.162
-76.712
-66.018
-55.106
-44.003
-32.739
-21.346
-9.854
1.706
13.304
24.909
36.485
47.999
59.415
70.701
81.821
92.739
103.422
113.837
123.953
133.742
143.181
152.237
160.882
169.087
176.816
184.043
190.749
196.909
202.511
207.546
212.015
215.933
219.328
222.219
224.634
226.599
228.143
229.309
230.131
230.638
230.872
230.859
230.62
230.179
229.544
228.71
227.672
226.389
224.79
222.815
220.378
217.416
213.844
209.531
204.422
198.522
191.914
184.821
177.464
170.006
162.693
155.818
149.549
143.999
138.976
133.932
128.424
122.062
114.559
105.829
95.792
84.554
72.934
62.311
54.197
50.274
51.767
59.512
74.688
98.181
130.001
169.515
214.699
262.367
310.133
356.147
399.522
440.369
476.937
505.172
518.825
511.642
481.218
430.137
365.968
297.109
229.186
164.951
104.473
48.203
-1.419
-41.426
-69.529
-85.149
-89.387
-84.1
-71.174
-52.46
-30.308
-7.293
14.644
34.188
50.712
64.219
74.572
81.58
85.777
88.113
89.467
90.737
92.366
94.33
96.836
100.244
104.513
109.355
114.34
118.816
122.47
125.335
127.371
128.503
128.78
128.315
127.352
126.279
125.313
124.498
123.86
123.381
123.054
122.888
122.837
122.802
122.716
122.538
122.237
121.801
121.196
120.356
119.238
117.813
116.068
114.009
111.645
108.985
106.049
102.867
99.469
95.882
92.132
88.24
84.232
80.135
75.982
71.81
67.651
63.54
59.506
55.579
51.787
48.155
44.705
41.457
38.432
35.654
33.145
30.928
29.023
27.45
26.226
25.367
24.888
24.799
25.106
25.815
26.928
28.448
30.374
32.701
35.426
38.539
42.032
45.893
50.107
54.659
59.53
64.699
70.146
75.846
81.777
87.912
94.224
100.687
107.271
113.948
120.691
127.468
134.252
141.012
147.721
154.35
160.872
167.262
173.493
179.543
185.389
191.012
196.394
201.517
206.366
210.928
215.193
219.15
222.793
226.116
229.115
231.789
234.138
236.164
237.871
239.264
240.349
241.135
241.631
241.847
241.795
241.487
240.937
240.159
239.167
237.976
236.601
235.059
233.363
231.529
229.573
227.508
225.349
223.109
220.801
218.438
216.03
213.588
211.123
208.644
206.158
203.674
201.197
198.735
196.291
193.872
191.48
189.119
186.793
184.502
182.25
180.037
177.866
175.736
173.649
171.605
169.604
167.647
165.732
163.862
162.034
160.251
158.512
156.819
155.171
153.569
152.016
150.511
149.058
147.656
146.309
145.017
143.782
142.606
141.491
140.437
139.446
138.519
137.655
136.856
136.12
135.446
134.833
134.279
133.781
133.336
132.941
132.591
132.281
132.007
131.764
131.544
131.343
131.153
130.968
130.779
130.579
130.36
130.113
129.83
129.502
129.122
128.679
128.166
127.575
126.898
126.127
125.256
124.276
123.183
121.971
120.634
119.17
117.576
115.848
113.987
111.991
109.862
107.601
105.209
102.688
100.042
97.273
94.386
91.384
88.272
85.054
81.737
78.324
74.822
71.238
67.575
63.841
60.042
56.181
52.265
48.297
44.282
40.224
36.127
31.995
27.831
23.638
19.416
15.169
10.894
6.591
2.257
-2.112
-6.519
-10.967
-15.463
-20.012
-24.618
-29.286
-34.021
-38.828
-43.713
-48.681
-53.739
-58.891
-64.144
-69.504
-74.976
-80.568
-86.282
-92.122
-98.086
-104.175
-110.385
-116.714
-123.159
-129.712
-136.368
-143.119
-149.959
-156.881
-163.873
-170.919
-178.001
-185.099
-192.192
-199.259
-206.279
-213.228
-220.09
-226.853
-233.505
-240.044
-246.465
-252.749
-258.876
-264.818
-270.535
-275.992
-281.155
-285.978
-290.433
-294.499
-298.154
-301.391
-304.195
-306.535
-308.388
-309.703
-310.427
-310.538
-310.008
-308.843
-307.121
-304.908
-302.275
-299.334
-296.151
-292.797
-289.413
-286.029
-282.579
-278.989
-275.085
-270.72
-265.882
-260.437
-254.114
-246.855
-238.796
-230.231
-221.779
-214.144
-207.88
-203.563
-201.909
-202.656
-204.369
-206.327
-207.701
-208.003
-208.314
-206.404
-197.209
-176.984
-142.412
-94.692
-40.356
15.735
71.036
124.358
175.274
219.91
249.702
255.525
232.901
182.122
108.957
24.025
-64.395
-148.612
-220.591
-277.641
-318.177
-343.054
-358.064
-366.104
-368.185
-364.39
-352.268
-332.039
-306.336
-278.068
-250.586
-225.928
-205.096
-188.966
-177.734
-171.1
-168.393
-168.437
-170.219
-172.874
-175.265
-176.432
-175.821
-173.166
-168.641
-162.768
-155.953
-148.639
-141.478
-134.919
-129.21
-124.487
-120.616
-117.325
-114.408
-111.62
-108.669
-105.407
-101.757
-97.676
-93.224
-88.47
-83.465
-78.289
-73.019
-67.695
-62.359
-57.047
-51.789
-46.64
-41.646
-36.836
-32.234
-27.849
-23.687
-19.753
-16.044
-12.546
-9.246
-6.135
-3.205
-0.456
2.122
4.544
6.826
8.992
11.057
13.04
14.959
16.833
18.676
20.506
22.333
24.17
26.031
27.933
29.894
31.932
34.064
36.308
38.679
41.194
43.868
46.714
49.742
52.963
56.386
60.02
63.872
67.949
72.253
76.787
81.552
86.547
91.769
97.212
102.869
108.73
114.785
121.022
127.426
133.982
140.67
147.473
154.369
161.336
168.352
175.39
182.426
189.432
196.382
203.248
210.002
216.615
223.06
229.308
235.331
241.102
246.595
251.784
256.645
261.154
265.292
269.037
272.373
275.283
277.753
279.773
281.333
282.427
283.051
283.203
282.883
282.098
280.852
279.157
277.025
274.47
271.51
268.165
264.458
260.412
256.054
251.411
246.511
241.387
236.07
230.594
224.994
219.306
213.565
207.808
202.07
196.386
190.793
185.321
180.003
174.871
169.954
165.279
160.873
156.758
152.955
149.483
146.358
143.59
141.186
139.152
137.488
136.192
135.257
134.671
134.423
134.498
134.878
135.547
136.481
137.656
139.045
140.619
142.346
144.192
146.115
148.072
150.02
151.917
153.72
155.389
156.882
158.155
159.171
159.894
160.288
160.315
159.931
159.085
157.738
155.871
153.469
150.534
147.063
143.052
138.508
133.454
127.897
121.839
115.264
108.129
100.417
92.129
83.286
73.935
64.1
53.781
42.98
31.695
19.92
7.666
-5.084
-18.381
-32.221
-46.564
-61.321
-76.335
-91.49
-106.705
-121.911
-137.065
-152.103
-166.928
-181.461
-195.632
-209.354
-222.551
-235.099
-246.831
-257.651
-267.523
-276.475
-284.613
-292.008
-298.685
-304.676
-309.999
-314.682
-318.775
-322.301
-325.26
-327.68
-329.599
-331.095
-332.297
-333.276
-334.052
-334.608
-334.869
-334.792
-334.367
-333.575
-332.399
-330.832
-328.863
-326.511
-323.822
-320.826
-317.534
-313.942
-310.018
-305.759
-301.189
-296.344
-291.281
-286.049
-280.68
-275.214
-269.698
-264.169
-258.656
-253.177
-247.732
-242.332
-236.997
-231.749
-226.615
-221.617
-216.765
-212.07
-207.54
-203.177
-198.988
-194.973
-191.13
-187.46
-183.968
-180.659
-177.54
-174.614
-171.881
-169.339
-166.988
-164.817
-162.822
-160.995
-159.336
-157.853
-156.552
-155.427
-154.473
-153.681
-153.033
-152.514
-152.094
-151.724
-151.355
-150.936
-150.426
-149.814
-149.084
-148.213
-147.166
-145.899
-144.388
-142.646
-140.693
-138.524
-136.142
-133.559
-130.839
-128.132
-125.589
-123.34
-121.473
-120.037
-119.114
-118.768
-119.02
-119.791
-120.845
-121.91
-122.804
-123.392
-123.492
-122.997
-121.857
-120.175
-118.435
-117.122
-116.502
-116.887
-118.593
-121.76
-126.384
-131.377
-134.493
-133.83
-127.763
-116.565
-102.503
-86.336
-68.05
-44.876
-10.935
36.964
99.734
173.558
248.733
315.003
361.929
382.317
374.344
339.605
283.618
212.292
129.96
41.32
-49.626
-137.095
-212.279
-269.514
-306.585
-325.791
-334.9
-339.224
-340.704
-338.899
-330.784
-315.897
-296.362
-274.782
-253.86
-234.931
-218.379
-204.605
-193.84
-186.078
-180.967
-177.805
-176.117
-175.43
-175.056
-174.429
-172.951
-170.241
-166.382
-161.66
-156.33
-150.755
-145.415
-140.622
-136.686
-133.791
-131.841
-130.653
-129.996
-129.59
-129.156
-128.533
-127.616
-126.344
-124.746
-122.86
-120.741
-118.467
-116.109
-113.712
-111.293
-108.874
-106.475
-104.132
-101.899
-99.81
-97.881
-96.119
-94.521
-93.08
-91.788
-90.622
-89.548
-88.54
-87.578
-86.644
-85.726
-84.807
-83.863
-82.872
-81.812
-80.662
-79.403
-78.018
-76.493
-74.815
-72.976
-70.972
-68.798
-66.449
-63.92
-61.206
-58.302
-55.206
-51.915
-48.427
-44.743
-40.865
-36.797
-32.544
-28.113
-23.512
-18.747
-13.83
-8.77
-3.578
1.733
7.151
12.663
18.254
23.908
29.61
35.343
41.092
46.839
52.567
58.259
63.896
69.461
74.938
80.308
85.556
90.663
95.614
100.393
104.983
109.371
113.541
117.479
121.172
124.608
127.777
130.667
133.27
135.578
137.584
139.283
140.67
141.743
142.499
142.937
143.058
142.865
142.359
141.547
140.434
139.027
137.335
135.368
133.137
130.654
127.933
124.987
121.832
118.484
114.96
111.279
107.458
103.518
99.479
95.362
91.187
86.975
82.749
78.529
74.338
70.194
66.12
62.136
58.261
54.514
50.914
47.477
44.221
41.161
38.312
35.686
33.296
31.153
29.265
27.641
26.287
25.209
24.41
23.894
23.661
23.711
24.042
24.651
25.534
26.684
28.095
29.757
31.662
33.798
36.155
38.72
41.48
44.422
47.532
50.794
54.195
57.717
61.347
65.069
68.866
72.723
76.626
80.558
84.507
88.456
92.392
96.302
100.171
103.988
107.741
111.417
115.006
118.499
121.887
125.161
128.315
131.342
134.237
136.996
139.615
142.09
144.419
146.6
148.634
150.519
152.257
153.85
155.299
156.607
157.777
158.813
159.716
160.492
161.142
161.672
162.086
162.387
162.582
162.676
162.676
162.587
162.415
162.168
161.852
161.471
161.031
160.537
159.994
159.406
158.777
158.114
157.419
156.699
155.956
155.195
154.418
153.628
152.825
152.01
151.185
150.349
149.504
148.652
147.794
146.934
146.075
145.22
144.372
143.532
142.699
141.874
141.052
140.231
139.405
138.568
137.718
136.85
135.964
135.061
134.141
133.204
132.252
131.286
130.305
129.308
128.286
127.236
126.155
125.044
123.912
122.764
121.598
120.417
119.211
117.967
116.67
115.285
113.763
112.057
110.121
107.928
105.48
102.778
99.828
96.643
93.222
89.59
85.785
81.826
77.735
73.537
69.271
65.054
61.038
57.369
54.19
51.574
49.563
48.244
47.595
47.493
47.814
48.347
48.963
49.741
50.643
51.484
52.26
52.973
53.583
54.188
54.481
53.747
51.572
47.739
41.906
33.773
22.935
8.87
-8.233
-27.514
-48.273
-69.966
-92.07
-114.063
-135.094
-154.149
-170.901
-185.779
-199.385
-212.218
-224.453
-236.085
-247.425
-258.81
-269.948
-279.876
-287.059
-289.818
-287.093
-278.165
-262.016
-237.898
-205.744
-166.109
-120.705
-71.961
-21.836
27.559
73.316
112.6
142.752
161.36
167.401
160.747
141.057
108.747
65.428
13.169
-45.134
-106.097
-167.211
-226.277
-280.696
-328.378
-367.802
-397.87
-418.742
-431.281
-435.981
-433.386
-424.394
-410.073
-391.98
-371.689
-349.896
-327.006
-303.711
-281.06
-260.531
-243.198
-229.164
-218.289
-210.739
-206.732
-206.357
-208.893
-212.503
-215.541
-217.226
-217.135
-214.968
-210.295
-202.506
-191.735
-179.21
-166.277
-153.755
-142.043
-131.231
-121.551
-113.536
-107.367
-102.583
-98.462
-94.468
-90.366
-86.183
-81.934
-77.431
-72.539
-67.349
-62.117
-57.103
-52.45
-48.172
-44.224
-40.616
-37.387
-34.545
-32.065
-29.893
-27.981
-26.31
-24.889
-23.724
-22.812
-22.135
-21.663
-21.365
-21.217
-21.197
-21.283
-21.45
-21.668
-21.91
-22.148
-22.362
-22.532
-22.638
-22.654
-22.555
-22.317
-21.921
-21.351
-20.594
-19.633
-18.453
-17.042
-15.392
-13.494
-11.344
-8.937
-6.268
-3.338
-0.146
3.304
7.008
10.959
15.15
19.57
24.208
29.05
34.08
39.281
44.635
50.121
55.718
61.404
67.153
72.943
78.748
84.541
90.296
95.987
101.586
107.067
112.404
117.569
122.538
127.284
131.784
136.014
139.952
143.576
146.866
149.802
152.368
154.546
156.324
157.687
158.626
159.132
159.198
158.82
157.995
156.724
155.008
152.852
150.262
147.248
143.818
139.987
135.769
131.18
126.238
120.963
115.377
109.501
103.36
96.978
90.381
83.597
76.653
69.576
62.396
55.142
47.843
40.529
33.227
25.968
18.779
11.689
4.724
-2.089
-8.725
-15.159
-21.369
-27.333
-33.031
-38.444
-43.555
-48.349
-52.812
-56.93
-60.695
-64.096
-67.126
-69.78
-72.052
-73.941
-75.445
-76.564
-77.299
-77.654
-77.632
-77.24
-76.484
-75.371
-73.91
-72.111
-69.985
-67.544
-64.798
-61.762
-58.449
-54.873
-51.049
-46.991
-42.715
-38.235
-33.568
-28.729
-23.734
-18.597
-13.334
-7.961
-2.492
3.057
8.672
14.339
20.044
25.772
31.511
37.248
42.97
48.664
54.318
59.922
65.464
70.932
76.318
81.611
86.802
91.884
96.847
101.685
106.391
110.96
115.385
119.662
123.786
127.754
131.563
135.212
138.698
142.022
145.184
148.183
151.021
153.7
156.223
158.591
160.808
162.876
164.802
166.589
168.244
169.771
171.179
172.473
173.662
174.754
175.756
176.676
177.521
178.3
179.02
179.691
180.319
180.913
181.48
182.03
182.57
183.108
183.649
184.198
184.76
185.34
185.942
186.568
187.221
187.903
188.617
189.363
190.145
190.963
191.814
192.696
193.608
194.546
195.503
196.473
197.447
198.418
199.382
200.333
201.266
202.176
203.058
203.91
204.731
205.519
206.269
206.973
207.627
208.227
208.774
209.267
209.702
210.077
210.392
210.653
210.866
211.031
211.138
211.171
211.117
210.973
210.741
210.421
210.017
209.537
209.007
208.477
208
207.611
207.33
207.155
207.096
207.169
207.401
207.819
208.429
209.233
210.261
211.543
213.086
214.862
216.767
218.648
220.382
221.845
222.921
223.561
223.735
223.506
223.072
222.617
222.306
222.317
222.782
223.75
225.21
226.851
228.115
228.564
227.808
225.542
221.57
215.692
207.899
198.921
190.135
182.975
178.906
179.277
185.37
198.688
220.694
251.342
288.778
330.933
375.434
421.273
469.591
519.653
568.112
609.066
633.338
633.68
607.846
557.949
490.276
411.404
326.622
240.391
158.002
87.216
33.941
1.089
-13.318
-16.545
-13.751
-7.284
2.809
18.894
40.669
65.524
91.078
114.598
134.508
150.535
162.242
169.703
173.673
175.05
174.629
173.243
171.72
170.67
170.784
172.488
175.661
179.934
184.908
190.089
194.923
199.055
202.171
204.08
204.876
204.77
203.989
202.814
201.536
200.306
199.218
198.33
197.602
196.988
196.445
195.9
195.292
194.592
193.78
192.84
191.762
190.514
189.068
187.422
185.573
183.538
181.34
179
176.552
174.035
171.488
168.948
166.448
164.015
161.679
159.475
157.439
155.609
154.02
152.706
151.696
151.015
150.685
150.731
151.176
152.044
153.354
155.111
157.317
159.967
163.045
166.531
170.386
174.554
178.982
183.62
188.428
193.377
198.424
203.518
208.595
213.595
218.481
223.237
227.848
232.301
236.603
240.777
244.888
249.02
253.223
257.514
261.874
266.261
270.648
275.015
279.332
283.541
287.542
291.205
294.406
297.017
298.864
299.743
299.393
297.546
294.019
288.696
281.493
272.351
261.201
247.97
232.629
215.196
195.717
174.283
150.983
125.926
99.296
71.33
42.31
12.513
-17.887
-48.774
-80.023
-111.502
-143.055
-174.499
-205.688
-236.487
-266.732
-296.286
-325.02
-352.823
-379.66
-405.537
-430.462
-454.424
-477.336
-499.058
-519.495
-538.58
-556.263
-572.542
-587.41
-600.889
-613.076
-624.058
-633.903
-642.666
-650.351
-656.944
-662.461
-666.935
-670.433
-673.066
-674.915
-676.046
-676.53
-676.4
-675.684
-674.38
-672.428
-669.776
-666.407
-662.317
-657.534
-652.105
-646.056
-639.417
-632.226
-624.497
-616.256
-607.535
-598.354
-588.755
-578.79
-568.527
-558.056
-547.469
-536.835
-526.213
-515.653
-505.193
-494.874
-484.726
-474.767
-465.022
-455.512
-446.261
-437.295
-428.634
-420.289
-412.267
-404.571
-397.199
-390.151
-383.428
-377.027
-370.948
-365.191
-359.756
-354.645
-349.859
-345.394
-341.244
-337.402
-333.858
-330.602
-327.623
-324.907
-322.443
-320.217
-318.216
-316.428
-314.841
-313.441
-312.214
-311.148
-310.229
-309.443
-308.778
-308.219
-307.753
-307.367
-307.049
-306.786
-306.568
-306.383
-306.219
-306.068
-305.918
-305.759
-305.583
-305.378
-305.137
-304.849
-304.506
-304.101
-303.627
-303.079
-302.45
-301.738
-300.939
-300.048
-299.063
-297.982
-296.803
-295.524
-294.144
-292.662
-291.08
-289.399
-287.624
-285.757
-283.803
-281.766
-279.651
-277.464
-275.21
-272.894
-270.522
-268.1
-265.633
-263.131
-260.601
-258.053
-255.496
-252.941
-250.4
-247.883
-245.399
-242.957
-240.563
-238.224
-235.945
-233.729
-231.581
-229.502
-227.499
-225.576
-223.74
-221.994
-220.34
-218.779
-217.309
-215.93
-214.64
-213.429
-212.292
-211.225
-210.232
-209.326
-208.514
-207.79
-207.151
-206.584
-206.078
-205.618
-205.175
-204.698
-204.141
-203.46
-202.63
-201.658
-200.537
-199.253
-197.786
-196.097
-194.183
-192.073
-189.777
-187.29
-184.607
-181.742
-178.779
-175.882
-173.199
-170.854
-168.913
-167.406
-166.421
-166.018
-166.169
-166.772
-167.574
-168.292
-168.8
-169.008
-168.723
-167.864
-166.446
-164.565
-162.676
-161.262
-160.528
-160.697
-162.041
-164.528
-167.811
-171.166
-173.29
-172.804
-168.711
-159.966
-145.367
-124.02
-95.579
-60.509
-20.879
20.328
60.834
98.697
133.519
166.033
194.649
215.941
224.086
212.133
177.38
121.295
48.984
-31.373
-113.042
-190.121
-256.305
-308.15
-343.937
-365.067
-377.167
-384.123
-387.856
-388.294
-382.948
-371.749
-356.399
-338.615
-320.638
-303.41
-286.881
-271.439
-257.202
-243.91
-231.636
-220.575
-210.784
-202.44
-195.479
-189.36
-183.752
-178.592
-173.675
-168.723
-163.542
-157.933
-151.971
-146.081
-140.5
-135.271
-130.429
-125.939
-121.773
-117.944
-114.334
-110.693
-106.86
-102.77
-98.407
-93.846
-89.145
-84.33
-79.464
-74.624
-69.883
-65.305
-60.944
-56.832
-52.994
-49.444
-46.192
-43.239
-40.579
-38.199
-36.07
-34.151
-32.407
-30.809
-29.328
-27.941
-26.617
-25.321
-24.023
-22.691
-21.299
-19.82
-18.228
-16.494
-14.593
-12.507
-10.218
-7.715
-4.981
-2.002
1.236
4.746
8.538
12.619
16.998
21.679
26.666
31.956
37.546
43.429
49.598
56.044
62.757
69.722
76.927
84.356
91.994
99.825
107.829
115.989
124.286
132.699
141.209
149.795
158.438
167.116
175.81
184.5
193.166
201.79
210.353
218.839
227.231
235.513
243.672
251.695
259.57
267.288
274.838
282.215
289.413
296.428
303.257
309.898
316.351
322.616
328.696
334.59
340.303
345.836
351.192
356.374
361.387
366.233
370.916
375.439
379.806
384.018
388.079
391.989
395.749
399.359
402.819
406.126
409.278
412.272
415.104
417.768
420.258
422.568
424.691
426.616
428.332
429.827
431.09
432.109
432.873
433.368
433.581
433.5
433.111
432.403
431.363
429.978
428.231
426.109
423.598
420.689
417.375
413.649
409.504
404.93
399.921
394.471
388.583
382.258
375.5
368.314
360.705
352.687
344.285
335.524
326.433
317.039
307.356
297.406
287.229
276.883
266.44
255.959
245.466
234.975
224.493
214.066
203.745
193.519
183.333
173.174
163.063
153.166
143.761
134.925
126.662
119.066
112.027
105.337
98.928
92.238
84.897
77.511
69.749
60.884
50.071
35.074
16.459
-2.077
-16.583
-22.248
-18.129
-7.951
4.562
15.557
23.86
31.227
38.222
44.917
50.438
53.05
52.512
49.169
43.296
35.59
26.655
17.139
8.196
0.804
-4.665
-8.033
-9.165
-7.916
-4.221
1.654
8.965
16.788
24.49
31.715
38.134
43.326
46.989
49.053
49.756
49.606
48.982
48.036
46.96
46.072
45.535
45.356
45.399
45.312
44.807
43.756
41.848
38.614
33.918
27.921
21.011
13.88
7.15
1.286
-2.936
-4.529
-2.981
1.783
9.415
19.102
30.197
42.294
54.736
66.679
77.595
87.238
95.755
103.712
111.434
118.962
126.362
133.725
141.1
148.52
155.848
162.742
169.013
174.636
179.66
184.23
188.436
192.289
195.822
199.093
202.143
205.007
207.701
210.196
212.472
214.536
216.402
218.106
219.673
221.11
222.398
223.507
224.427
225.161
225.736
226.168
226.471
226.673
226.798
226.864
226.885
226.845
226.697
226.403
225.89
225.052
223.796
222.003
219.557
216.383
212.379
207.447
201.567
194.769
187.166
179.003
170.523
161.906
153.384
145.223
137.603
130.585
124.027
117.519
110.658
103.38
95.78
87.776
79.347
70.766
62.631
56.737
55.557
60.399
71.569
87.717
106.107
125.854
148.243
176.444
214.4
262.81
318.376
375.014
425.876
466.35
493.542
505.149
497.894
467.557
412.472
333.497
236.364
131.79
30.6
-55.108
-116.387
-151.951
-164.937
-163.863
-158.369
-152.712
-147.879
-142.014
-132.3
-119.428
-105.34
-91.843
-81.094
-73.489
-68.565
-66.355
-66.286
-67.453
-69.48
-71.887
-73.99
-75.633
-76.639
-76.512
-75.217
-73.019
-70.056
-66.728
-63.574
-60.76
-58.427
-56.8
-55.846
-55.456
-55.513
-55.719
-55.754
-55.473
-54.785
-53.633
-52.047
-50.031
-47.602
-44.833
-41.805
-38.571
-35.169
-31.619
-27.94
-24.176
-20.397
-16.656
-12.995
-9.442
-6.014
-2.724
0.414
3.393
6.22
8.901
11.437
13.825
16.057
18.125
20.031
21.778
23.373
24.82
26.124
27.288
28.314
29.204
29.959
30.579
31.059
31.4
31.606
31.68
31.63
31.461
31.181
30.796
30.317
29.752
29.109
28.395
27.62
26.792
25.922
25.02
24.097
23.164
22.23
21.307
20.405
19.535
18.705
17.924
17.198
16.536
15.942
15.422
14.978
14.613
14.327
14.12
13.99
13.933
13.946
14.021
14.152
14.328
14.54
14.776
15.022
15.264
15.487
15.673
15.804
15.863
15.83
15.683
15.402
14.965
14.351
13.537
12.501
11.221
9.676
7.847
5.712
3.256
0.46
-2.691
-6.209
-10.107
-14.393
-19.077
-24.162
-29.653
-35.55
-41.851
-48.554
-55.651
-63.136
-70.996
-79.219
-87.789
-96.688
-105.897
-115.394
-125.155
-135.154
-145.362
-155.752
-166.292
-176.951
-187.695
-198.491
-209.305
-220.103
-230.849
-241.51
-252.052
-262.445
-272.656
-282.657
-292.418
-301.909
-311.107
-319.992
-328.536
-336.715
-344.508
-351.893
-358.861
-365.412
-371.526
-377.19
-382.415
-387.215
-391.598
-395.584
-399.16
-402.304
-405.037
-407.398
-409.321
-410.729
-411.689
-412.21
-412.289
-412.136
-411.25
-409.143
-406.552
-403.714
-401.968
-402.915
-404.818
-406.525
-406.311
-401.799
-395.119
-388.073
-381.901
-378.644
-376.861
-375.09
-373.012
-369.738
-365.796
-361.859
-357.805
-353.724
-349.572
-345.218
-340.752
-336.246
-331.676
-327.038
-322.34
-317.577
-312.743
-307.834
-302.835
-297.728
-292.517
-287.207
-281.794
-276.278
-270.659
-264.934
-259.107
-253.182
-247.158
-241.038
-234.824
-228.519
-222.127
-215.654
-209.103
-202.482
-195.796
-189.053
-182.259
-175.422
-168.549
-161.65
-154.731
-147.8
-140.867
-133.938
-127.024
-120.132
-113.272
-106.454
-99.688
-92.982
-86.347
-79.791
-73.322
-66.95
-60.681
-54.523
-48.484
-42.572
-36.793
-31.155
-25.667
-20.337
-15.175
-10.185
-5.375
-0.751
3.684
7.924
11.97
15.821
19.477
22.939
26.204
29.274
32.145
34.818
37.291
39.564
41.639
43.52
45.215
46.732
48.084
49.281
50.328
51.227
51.983
52.605
53.103
53.498
53.81
54.072
54.324
54.615
54.994
55.505
56.181
57.049
58.125
59.413
60.927
62.685
64.696
66.964
69.48
72.22
75.149
78.22
81.36
84.469
87.445
90.186
92.605
94.625
96.189
97.282
97.887
98.004
97.637
96.747
95.383
93.694
91.881
90.223
88.982
88.361
88.681
90.373
93.623
98.424
104.487
111.183
118.153
125.098
131.375
136.475
140.185
143.057
146.776
152.458
160.377
170.125
180.319
192.518
209.674
233.378
266.052
305.71
347.798
390.654
430.452
463.595
486.938
492.912
475.072
430.701
361.118
273.365
176.852
80.613
-10.068
-92.764
-165.976
-230.738
-286.394
-331.781
-367.585
-393.002
-408.234
-414.652
-413.163
-405.795
-394.839
-382.051
-368.546
-354.527
-340.121
-325.638
-311.571
-298.847
-287.867
-278.393
-270.578
-264.711
-260.804
-258.839
-258.219
-257.667
-256.467
-254.435
-251.302
-246.999
-241.541
-234.859
-227.36
-219.871
-212.827
-206.376
-200.556
-195.157
-190.062
-185.282
-180.648
-175.895
-170.893
-165.586
-160.023
-154.367
-148.723
-143.15
-137.718
-132.475
-127.478
-122.787
-118.448
-114.51
-110.997
-107.898
-105.232
-103.038
-101.327
-100.107
-99.342
-98.932
-98.82
-99.021
-99.444
-99.872
-100.231
-100.532
-100.712
-100.932
-100.772
-99.032
-95.933
-92.502
-90.475
-93.14
-100.242
-108.44
-114.392
-113.365
-105.076
-93.96
-83.441
-77.23
-75.94
-76.237
-76.081
-74.077
-69.816
-64.665
-59.245
-53.524
-47.565
-41.183
-34.35
-27.271
-20.019
-12.584
-4.992
2.719
10.526
18.405
26.34
34.332
42.36
50.377
58.35
66.252
74.066
81.778
89.374
96.832
104.129
111.237
118.142
124.836
131.33
137.652
143.815
149.815
155.644
161.287
166.739
172.029
177.143
182.025
186.681
191.154
195.582
200.226
205.185
210.373
215.681
220.97
226.05
230.759
234.696
237.198
237.983
237.163
235.067
232.285
229.328
226.527
224.508
224.187
226.016
230.003
235.76
242.448
249.441
256.413
262.833
268.022
271.603
273.463
273.865
273.479
272.744
271.844
271.012
270.473
270.373
270.811
271.684
272.696
273.67
274.552
275.307
275.962
276.514
276.926
277.21
277.409
277.545
277.619
277.615
277.49
277.22
276.801
276.232
275.519
274.663
273.661
272.512
271.215
269.77
268.18
266.448
264.575
262.565
260.421
258.149
255.756
253.247
250.627
247.896
245.053
242.1
239.039
235.873
232.606
229.244
225.789
222.247
218.623
214.923
211.152
207.318
203.424
199.478
195.487
191.458
187.397
183.314
179.214
175.105
170.994
166.888
162.794
158.719
154.67
150.654
146.677
142.749
138.875
135.064
131.322
127.656
124.074
120.581
117.182
113.885
110.693
107.61
104.642
101.791
99.061
96.453
93.97
91.613
89.383
87.28
85.302
83.447
81.714
80.1
78.602
77.217
75.941
74.77
73.7
72.727
71.847
71.054
70.342
69.704
69.133
68.622
68.163
67.749
67.372
67.025
66.7
66.391
66.092
65.795
65.493
65.178
64.842
64.477
64.073
63.622
63.115
62.546
61.908
61.198
60.414
59.554
58.621
57.613
56.532
55.38
54.156
52.859
51.491
50.052
48.548
46.984
45.363
43.691
41.98
40.234
38.46
36.657
34.813
32.922
30.987
29.013
27.008
24.991
22.975
20.987
19.076
17.284
15.657
14.236
13.029
12.047
11.308
10.84
10.682
10.852
11.328
12.082
13.109
14.397
15.928
17.631
19.345
20.913
22.206
23.112
23.558
23.428
22.621
21.132
19.079
16.701
14.273
11.996
10.024
8.633
8.009
8.093
8.618
9.018
8.768
7.557
5.023
0.757
-5.456
-12.799
-19.273
-23.296
-23.777
-20.791
-15.842
-7.152
9.317
36.805
79.079
134.272
194.877
255.021
308.434
352.547
390.528
422.561
446.777
458.5
449.108
414.366
355.118
276.394
186.734
92.779
-0.49
-88.452
-165.758
-226.399
-266.884
-286.643
-289.99
-282.883
-268.712
-251.556
-232.751
-212.804
-194.742
-177.972
-162.241
-148.305
-134.951
-123.567
-115.366
-109.816
-106.882
-105.642
-104.941
-104.245
-103.022
-100.803
-97.439
-93.03
-87.841
-82.182
-76.425
-71.005
-66.21
-62.314
-59.454
-57.521
-56.312
-55.57
-55.012
-54.374
-53.501
-52.306
-50.74
-48.835
-46.642
-44.225
-41.668
-39.052
-36.429
-33.826
-31.28
-28.822
-26.505
-24.396
-22.537
-20.957
-19.671
-18.682
-17.988
-17.585
-17.454
-17.566
-17.895
-18.422
-19.13
-20.008
-21.038
-22.196
-23.456
-24.791
-26.178
-27.592
-29.011
-30.414
-31.784
-33.103
-34.358
-35.536
-36.623
-37.604
-38.462
-39.182
-39.749
-40.15
-40.373
-40.406
-40.24
-39.87
-39.29
-38.497
-37.489
-36.266
-34.828
-33.178
-31.321
-29.261
-27.006
-24.564
-21.947
-19.164
-16.231
-13.16
-9.968
-6.672
-3.288
0.164
3.665
7.195
10.733
14.258
17.749
21.182
24.537
27.792
30.924
33.914
36.739
39.381
41.821
44.041
46.024
47.756
49.224
50.414
51.318
51.925
52.228
52.223
51.905
51.272
50.324
49.063
47.492
45.616
43.442
40.979
38.237
35.228
31.965
28.463
24.739
20.809
16.694
12.412
7.985
3.435
-1.216
-5.946
-10.73
-15.546
-20.37
-25.18
-29.953
-34.666
-39.298
-43.828
-48.238
-52.507
-56.619
-60.557
-64.307
-67.854
-71.188
-74.297
-77.172
-79.807
-82.195
-84.333
-86.218
-87.85
-89.231
-90.362
-91.248
-91.896
-92.314
-92.512
-92.499
-92.288
-91.893
-91.328
-90.609
-89.751
-88.772
-87.69
-86.521
-85.284
-83.997
-82.677
-81.343
-80.01
-78.697
-77.418
-76.189
-75.025
-73.939
-72.943
-72.05
-71.27
-70.611
-70.081
-69.687
-69.434
-69.324
-69.359
-69.539
-69.863
-70.328
-70.929
-71.659
-72.512
-73.478
-74.547
-75.707
-76.946
-78.248
-79.601
-80.987
-82.392
-83.798
-85.189
-86.548
-87.857
-89.101
-90.262
-91.323
-92.268
-93.08
-93.743
-94.244
-94.567
-94.701
-94.632
-94.35
-93.846
-93.112
-92.143
-90.932
-89.475
-87.77
-85.817
-83.616
-81.169
-78.48
-75.552
-72.395
-69.015
-65.425
-61.633
-57.653
-53.497
-49.181
-44.719
-40.127
-35.42
-30.616
-25.732
-20.787
-15.801
-10.795
-5.789
-0.801
4.146
9.033
13.839
18.547
23.138
27.597
31.906
36.048
40.007
43.768
47.316
50.637
53.715
56.536
59.088
61.364
63.358
65.063
66.479
67.603
68.438
68.991
69.263
69.261
68.987
68.446
67.65
66.61
65.341
63.855
62.168
60.298
58.267
56.096
53.803
51.394
48.87
46.237
43.51
40.709
37.85
34.954
32.045
29.167
26.383
23.757
21.339
19.152
17.208
15.529
14.146
13.101
12.426
12.122
12.188
12.64
13.514
14.827
16.545
18.55
20.668
22.745
24.682
26.395
27.766
28.703
29.187
29.314
29.352
29.577
30.13
31.123
32.732
35.023
37.892
41.005
43.659
45.225
45.403
43.78
39.932
33.821
25.728
17.21
10.592
7.113
7.997
13.551
24.007
42.299
70.215
108.448
156.263
208.556
260.886
310.235
354.701
394.501
427.747
450.169
455.184
435.607
388.984
316.624
223.864
120.868
16.134
-81.9
-163.917
-226.789
-269.703
-294.957
-310.056
-319
-323.194
-322.71
-315.176
-300.943
-282.722
-263.228
-245.456
-231.055
-220.369
-213.805
-211.219
-211.979
-215.304
-220.175
-225.596
-230.729
-234.909
-237.515
-238.224
-237.104
-234.475
-230.852
-226.788
-222.822
-219.321
-216.541
-214.611
-213.465
-212.915
-212.667
-212.403
-211.823
-210.749
-209.115
-206.89
-204.1
-200.79
-197.02
-192.877
-188.453
-183.812
-178.985
-174.009
-168.922
-163.784
-158.679
-153.664
-148.782
-144.06
-139.512
-135.151
-130.989
-127.023
-123.239
-119.626
-116.177
-112.892
-109.773
-106.817
-104.01
-101.338
-98.786
-96.337
-93.981
-91.705
-89.496
-87.346
-85.248
-83.198
-81.192
-79.224
-77.286
-75.369
-73.465
-71.566
-69.664
-67.751
-65.821
-63.869
-61.891
-59.886
-57.851
-55.786
-53.688
-51.559
-49.399
-47.208
-44.989
-42.744
-40.476
-38.188
-35.887
-33.577
-31.264
-28.955
-26.657
-24.376
-22.12
-19.897
-17.715
-15.581
-13.502
-11.487
-9.543
-7.677
-5.896
-4.206
-2.612
-1.122
0.261
1.533
2.69
3.73
4.651
5.453
6.134
6.694
7.135
7.457
7.663
7.754
7.733
7.603
7.368
7.032
6.6
6.076
5.466
4.774
4.006
3.168
2.264
1.301
0.283
-0.783
-1.894
-3.043
-4.228
-5.442
-6.683
-7.947
-9.231
-10.533
-11.851
-13.183
-14.528
-15.886
-17.255
-18.637
-20.03
-21.437
-22.856
-24.289
-25.737
-27.2
-28.68
-30.178
-31.694
-33.229
-34.783
-36.357
-37.95
-39.563
-41.193
-42.84
-44.502
-46.178
-47.864
-49.557
-51.255
-52.952
-54.643
-56.324
-57.988
-59.629
-61.239
-62.811
-64.337
-65.807
-67.214
-68.549
-69.801
-70.963
-72.023
-72.974
-73.805
-74.508
-75.075
-75.496
-75.764
-75.873
-75.815
-75.584
-75.176
-74.586
-73.81
-72.847
-71.693
-70.347
-68.811
-67.084
-65.168
-63.067
-60.784
-58.324
-55.694
-52.899
-49.947
-46.847
-43.608
-40.241
-36.755
-33.163
-29.475
-25.705
-21.866
-17.97
-14.031
-10.06
-6.071
-2.077
1.909
5.877
9.814
13.709
17.552
21.331
25.037
28.661
32.195
35.632
38.963
42.185
45.291
48.279
51.145
53.886
56.502
58.991
61.352
63.586
65.694
67.678
69.54
71.285
72.914
74.434
75.849
77.164
78.383
79.51
80.549
81.503
82.377
83.172
83.892
84.538
85.114
85.621
86.061
86.436
86.744
86.984
87.154
87.25
87.269
87.203
87.046
86.789
86.429
85.959
85.375
84.671
83.841
82.883
81.795
80.571
79.204
77.688
76.016
74.182
72.186
70.026
67.699
65.205
62.548
59.735
56.771
53.658
50.391
46.959
43.356
39.586
35.657
31.576
27.354
23.008
18.57
14.091
9.625
5.207
0.851
-3.436
-7.639
-11.735
-15.683
-19.455
-23.045
-26.445
-29.635
-32.577
-35.244
-37.664
-39.92
-42.152
-44.487
-46.988
-49.698
-52.694
-56.019
-59.679
-63.6
-67.541
-71.236
-74.525
-77.291
-79.41
-80.812
-81.45
-81.497
-81.44
-81.787
-83.008
-85.388
-89.061
-94.284
-101.082
-108.753
-116.213
-121.6
-122.953
-119.668
-110.738
-96.083
-76.094
-49.252
-16.072
23.284
68.839
117.309
166.998
215.286
257.889
291.555
310.998
310.977
287.45
239.378
169.2
81.134
-15.98
-113.996
-204.856
-278.355
-331.621
-364.846
-380.203
-385.95
-385.073
-377.258
-364.572
-345.693
-322.593
-300.352
-278.825
-258.266
-238.573
-217.745
-197.362
-178.974
-162.595
-148.636
-136.271
-124.723
-113.809
-102.933
-91.697
-79.772
-66.986
-53.603
-39.917
-26.179
-12.837
-0.486
10.342
19.162
25.74
30.149
32.536
33.111
32.136
29.891
26.636
22.604
17.986
12.914
7.489
1.785
-4.119
-10.125
-16.137
-22.056
-27.821
-33.404
-38.801
-44.03
-49.103
-54.026
-58.823
-63.525
-68.18
-72.849
-77.567
-82.34
-87.183
-92.114
-97.141
-102.266
-107.463
-112.679
-117.863
-122.967
-127.937
-132.724
-137.272
-141.518
-145.398
-148.846
-151.806
-154.24
-156.11
-157.387
-158.046
-158.069
-157.451
-156.202
-154.328
-151.839
-148.744
-145.055
-140.792
-135.977
-130.637
-124.8
-118.495
-111.752
-104.602
-97.077
-89.207
-81.028
-72.57
-63.864
-54.943
-45.841
-36.592
-27.233
-17.8
-8.326
1.154
10.607
20.001
29.304
38.489
47.528
56.398
65.075
73.536
81.762
89.736
97.44
104.861
111.987
118.809
125.318
131.509
137.378
142.924
148.146
153.046
157.627
161.894
165.853
169.512
172.878
175.963
178.777
181.332
183.64
185.717
187.575
189.229
190.695
191.988
193.124
194.118
194.986
195.743
196.406
196.989
197.507
197.975
198.406
198.814
199.212
199.612
200.024
200.46
200.927
201.435
201.991
202.6
203.268
203.999
204.796
205.662
206.597
207.603
208.678
209.821
211.031
212.304
213.636
215.024
216.462
217.946
219.468
221.022
222.601
224.198
225.805
227.414
229.017
230.608
232.177
233.718
235.223
236.686
238.101
239.463
240.767
242.009
243.186
244.297
245.339
246.312
247.217
248.055
248.827
249.537
250.187
250.783
251.328
251.827
252.288
252.715
253.116
253.498
253.867
254.231
254.598
254.976
255.372
255.794
256.249
256.744
257.287
257.882
258.536
259.252
260.035
260.888
261.811
262.807
263.874
265.011
266.216
267.485
268.815
270.199
271.631
273.104
274.608
276.136
277.678
279.222
280.759
282.278
283.766
285.213
286.607
287.938
289.193
290.361
291.43
292.389
293.227
293.933
294.496
294.908
295.158
295.24
295.145
294.868
294.404
293.748
292.896
291.848
290.6
289.153
287.507
285.661
283.62
281.386
278.963
276.355
273.568
270.607
267.478
264.188
260.741
257.142
253.391
249.495
245.456
241.28
236.968
232.526
227.958
223.273
218.479
213.586
208.601
203.527
198.37
193.134
187.823
182.44
176.985
171.463
165.877
160.232
154.542
148.809
143.039
137.23
131.372
125.46
119.498
113.488
107.439
101.368
95.295
89.254
83.293
77.447
71.754
66.245
60.936
55.857
51.025
46.456
42.18
38.222
34.587
31.274
28.257
25.479
22.894
20.436
18.017
15.558
12.952
10.101
6.938
3.385
-0.583
-5
-9.963
-15.478
-21.455
-27.714
-33.891
-39.612
-44.668
-48.746
-51.452
-52.683
-52.432
-50.958
-49.022
-47.204
-45.833
-45.388
-46.161
-47.884
-50.054
-51.647
-50.896
-46.347
-36.73
-20.599
3.09
34.715
74.048
119.946
169.767
220.326
268.388
310.787
346.194
374.388
394.784
405.651
402.098
378.935
332.937
264.013
179.47
89.111
3.349
-66.581
-116.627
-146.825
-160.447
-165.704
-167.164
-166.295
-162.75
-153.324
-137.441
-117.026
-94.258
-71.763
-50.883
-31.928
-15.702
-2.848
6.457
12.273
15.066
15.323
13.395
9.91
5.968
2.646
0.575
0.015
0.885
3.002
6.227
10.21
14.303
17.915
20.729
22.652
23.787
24.301
24.291
23.91
23.424
23.026
22.807
22.781
22.87
22.979
23.068
23.087
22.967
22.66
22.122
21.307
20.208
18.822
17.136
15.151
12.867
10.283
7.418
4.295
0.934
-2.643
-6.419
-10.381
-14.515
-18.801
-23.218
-27.742
-32.352
-37.028
-41.75
-46.496
-51.245
-55.978
-60.678
-65.333
-69.93
-74.453
-78.884
-83.206
-87.403
-91.46
-95.361
-99.091
-102.635
-105.98
-109.116
-112.032
-114.719
-117.167
-119.367
-121.311
-122.991
-124.4
-125.532
-126.381
-126.943
-127.214
-127.192
-126.877
-126.269
-125.369
-124.178
-122.7
-120.939
-118.902
-116.595
-114.025
-111.202
-108.135
-104.837
-101.32
-97.597
-93.684
-89.597
-85.354
-80.974
-76.476
-71.88
-67.209
-62.485
-57.732
-52.973
-48.234
-43.541
-38.919
-34.396
-29.997
-25.749
-21.679
-17.811
-14.173
-10.787
-7.677
-4.866
-2.374
-0.222
1.572
2.992
4.023
4.652
4.868
4.664
4.031
2.967
1.469
-0.461
-2.819
-5.6
-8.795
-12.392
-16.378
-20.736
-25.447
-30.49
-35.842
-41.478
-47.37
-53.488
-59.803
-66.283
-72.895
-79.605
-86.378
-93.182
-99.981
-106.741
-113.428
-120.01
-126.455
-132.731
-138.808
-144.66
-150.26
-155.583
-160.608
-165.314
-169.685
-173.705
-177.363
-180.649
-183.556
-186.082
-188.226
-189.989
-191.378
-192.4
-193.067
-193.393
-193.393
-193.087
-192.496
-191.644
-190.555
-189.257
-187.778
-186.149
-184.4
-182.561
-180.666
-178.747
-176.835
-174.962
-173.16
-171.459
-169.888
-168.475
-167.248
-166.232
-165.45
-164.924
-164.674
-164.717
-165.069
-165.742
-166.746
-168.088
-169.773
-171.803
-174.178
-176.893
-179.942
-183.317
-187.006
-190.995
-195.268
-199.806
-204.587
-209.588
-214.785
-220.149
-225.655
-231.272
-236.971
-242.721
-248.491
-254.252
-259.971
-265.617
-271.16
-276.57
-281.816
-286.87
-291.703
-296.289
-300.602
-304.618
-308.317
-311.677
-314.68
-317.311
-319.556
-321.401
-322.839
-323.859
-324.458
-324.633
-324.383
-323.711
-322.624
-321.13
-319.238
-316.962
-314.317
-311.318
-307.985
-304.338
-300.397
-296.185
-291.725
-287.044
-282.167
-277.123
-271.937
-266.64
-261.263
-255.838
-250.4
-244.977
-239.598
-234.292
-229.084
-223.999
-219.059
-214.279
-209.675
-205.265
-201.065
-197.094
-193.366
-189.887
-186.66
-183.681
-180.941
-178.433
-176.147
-174.063
-172.173
-170.47
-168.954
-167.637
-166.526
-165.616
-164.897
-164.346
-163.932
-163.627
-163.396
-163.213
-163.065
-162.93
-162.784
-162.608
-162.356
-162.004
-161.523
-160.813
-159.832
-158.579
-157.068
-155.464
-153.952
-152.557
-151.34
-150.349
-149.357
-148.166
-146.556
-143.92
-139.777
-133.974
-126.308
-116.913
-106.444
-95.367
-84.182
-73.91
-65.36
-59.125
-55.969
-56.091
-59.069
-64.73
-72.808
-82.481
-92.859
-102.678
-110.089
-113.503
-111.773
-103.635
-87.796
-63.367
-29.862
12.382
61.12
112.882
164.687
213.27
257.404
298.424
334.766
364.023
381.045
375.8
343.752
283.995
198.946
100.243
-1.896
-97.653
-175.235
-231.263
-265.663
-282.006
-289.976
-294.743
-297.93
-299.272
-295.466
-286.516
-275.195
-263.759
-254.57
-248.479
-245.017
-243.96
-244.621
-245.59
-245.253
-242.544
-237.084
-228.932
-218.322
-205.282
-189.964
-173.072
-155.643
-138.473
-122.021
-106.502
-92.001
-78.76
-67.007
-56.762
-47.908
-40.327
-33.931
-28.698
-24.62
-21.585
-19.468
-18.181
-17.65
-17.806
-18.554
-19.745
-21.203
-22.79
-24.389
-25.876
-27.121
-28.008
-28.455
-28.425
-27.922
-26.973
-25.599
-23.825
-21.69
-19.249
-16.572
-13.747
-10.873
-8.022
-5.253
-2.625
-0.194
1.992
3.9
5.522
6.872
7.965
8.817
9.445
9.87
10.128
10.26
10.317
10.35
10.4
10.497
10.668
10.937
11.319
11.829
12.468
13.227
14.106
15.101
16.213
17.439
18.773
20.207
21.729
23.33
25
26.731
28.514
30.341
32.206
34.103
36.026
37.972
39.935
41.905
43.874
45.83
47.761
49.658
51.506
53.294
55.01
56.64
58.175
59.602
60.912
62.094
63.135
64.027
64.759
65.322
65.705
65.902
65.905
65.707
65.301
64.684
63.85
62.796
61.52
60.02
58.294
56.344
54.172
51.779
49.17
46.349
43.324
40.101
36.69
33.098
29.338
25.421
21.358
17.163
12.849
8.432
3.925
-0.655
-5.293
-9.972
-14.675
-19.386
-24.087
-28.762
-33.392
-37.961
-42.452
-46.848
-51.133
-55.291
-59.307
-63.166
-66.854
-70.358
-73.666
-76.765
-79.645
-82.296
-84.708
-86.875
-88.787
-90.439
-91.826
-92.942
-93.784
-94.35
-94.637
-94.646
-94.376
-93.828
-93.004
-91.908
-90.541
-88.91
-87.019
-84.875
-82.483
-79.853
-76.992
-73.909
-70.613
-67.116
-63.427
-59.559
-55.521
-51.327
-46.99
-42.521
-37.934
-33.243
-28.462
-23.606
-18.688
-13.724
-8.728
-3.717
1.297
6.296
11.267
16.195
21.064
25.862
30.573
35.184
39.681
44.053
48.287
52.373
56.3
60.06
63.643
67.044
70.255
73.271
76.089
78.705
81.118
83.327
85.333
87.14
88.75
90.169
91.403
92.46
93.349
94.08
94.664
95.113
95.44
95.659
95.785
95.834
95.821
95.763
95.678
95.584
95.497
95.435
95.414
95.451
95.56
95.756
96.053
96.465
97.003
97.679
98.501
99.48
100.622
101.934
103.417
105.074
106.902
108.901
111.065
113.39
115.867
118.488
121.241
124.117
127.103
130.184
133.344
136.566
139.831
143.118
146.408
149.676
152.898
156.055
159.124
162.087
164.925
167.622
170.163
172.538
174.732
176.732
178.524
180.096
181.438
182.546
183.415
184.042
184.433
184.598
184.551
184.312
183.888
183.275
182.481
181.507
180.341
178.983
177.439
175.707
173.825
171.852
169.822
167.776
165.838
164.123
162.598
161.276
160.187
159.177
158.783
159.516
160.708
162.168
162.65
160.672
157.948
155.58
155.136
158.755
164.289
169.935
174.518
176.099
175.878
175.1
174.161
174.076
174.63
175.598
176.666
177.363
178.655
180.995
185.539
193.405
202.132
209.908
214.527
213.047
207.05
198.158
188.39
181.775
178.667
178.9
182.692
188.353
198.396
216.893
245.315
286.172
337.221
392.813
450.907
507.321
557.508
597.512
618.537
613.607
580.932
522.63
445.75
357.391
263.131
167.864
77.557
1.255
-54.99
-89.572
-105.874
-112.475
-113.747
-109.568
-99.049
-81.141
-60.426
-44.396
-37.216
-39.191
-45.608
-50.58
-51.292
-47.782
-42.392
-37.103
-32.481
-28.324
-23.881
-19.02
-14.175
-9.761
-6.279
-4.046
-3.055
-3.219
-4.38
-6.29
-8.763
-11.652
-14.794
-18.004
-21.08
-23.872
-26.291
-28.3
-29.89
-31.037
-31.715
-31.93
-31.723
-31.148
-30.259
-29.101
-27.7
-26.103
-24.365
-22.549
-20.724
-18.937
-17.209
-15.555
-13.981
-12.489
-11.079
-9.738
-8.435
-7.151
-5.866
-4.567
-3.246
-1.887
-0.472
1.017
2.595
4.273
6.058
7.958
9.979
12.126
14.398
16.796
19.316
21.958
24.724
27.614
30.63
33.771
37.036
40.425
43.937
47.57
51.32
55.181
59.149
63.218
67.38
71.629
75.956
80.353
84.81
89.318
93.867
98.444
103.04
107.642
112.237
116.815
121.362
125.866
130.312
134.688
138.978
143.169
147.244
151.189
154.987
158.622
162.077
165.336
168.381
171.194
173.76
176.06
178.079
179.8
181.207
182.286
183.023
183.404
183.417
183.051
182.296
181.143
179.584
177.613
175.225
172.416
169.185
165.531
161.454
156.958
152.047
146.727
141.007
134.897
128.408
121.555
114.355
106.824
98.983
90.854
82.461
73.83
64.987
55.962
46.785
37.487
28.099
18.656
9.19
-0.265
-9.676
-19.009
-28.23
-37.308
-46.21
-54.905
-63.362
-71.553
-79.45
-87.027
-94.259
-101.122
-107.597
-113.664
-119.306
-124.508
-129.259
-133.547
-137.366
-140.711
-143.58
-145.972
-147.891
-149.343
-150.335
-150.878
-150.984
-150.669
-149.947
-148.838
-147.36
-145.533
-143.383
-140.933
-138.209
-135.233
-132.029
-128.622
-125.043
-121.313
-117.447
-113.46
-109.366
-105.188
-100.963
-96.712
-92.438
-88.173
-83.967
-79.863
-75.905
-72.107
-68.432
-64.878
-61.499
-58.246
-54.949
-51.576
-48.175
-44.724
-41.412
-37.866
-32.996
-27.069
-21.056
-16.627
-16.868
-21.479
-27.37
-31.426
-29.232
-20.641
-9.783
0.161
5.712
6.379
5.272
4.262
4.672
6.854
9.543
12.19
14.832
17.429
20.169
23.092
26.023
28.906
31.766
34.588
37.358
40.073
42.732
45.34
47.917
50.458
52.939
55.342
57.659
59.875
61.98
63.962
65.805
67.497
69.03
70.396
71.584
72.586
73.393
73.996
74.388
74.563
74.516
74.243
73.741
73.009
72.047
70.858
69.443
67.805
65.947
63.873
61.588
59.095
56.399
53.506
50.423
47.16
43.729
40.142
36.415
32.565
28.608
24.562
20.443
16.267
12.048
7.804
3.554
-0.684
-4.888
-9.043
-13.125
-17.11
-20.978
-24.713
-28.307
-31.763
-35.076
-38.234
-41.224
-44.031
-46.638
-49.031
-51.175
-53.019
-54.517
-55.623
-56.317
-56.601
-56.465
-55.887
-54.837
-53.282
-51.225
-48.7
-45.724
-42.301
-38.434
-34.148
-29.55
-24.81
-20.091
-15.534
-11.203
-7.153
-3.521
-0.403
2.178
4.315
6.328
8.53
11.029
13.955
17.529
21.811
26.81
32.307
37.495
41.676
44.559
45.657
44.524
41.3
36.337
30.996
28.151
29.562
36.043
48.036
64.563
86.283
115.152
152.715
200.474
257.605
321.397
386.802
446.537
492.716
516.649
513.957
485.799
437.106
376.675
309.951
237.109
157.277
69.868
-20.335
-102.353
-165.988
-205.07
-219.547
-216.084
-202.141
-184.311
-168.208
-156.149
-149.96
-149.385
-151.114
-152.914
-152.485
-148.997
-144.207
-138.676
-132.421
-125.363
-116.642
-106.285
-94.971
-83.242
-71.735
-60.991
-51.395
-43.209
-36.541
-31.356
-27.506
-24.899
-23.552
-23.447
-24.475
-26.464
-29.126
-32.142
-35.327
-38.548
-41.691
-44.688
-47.449
-49.911
-52.092
-54.022
-55.706
-57.126
-58.205
-58.875
-59.154
-59.104
-58.845
-58.542
-58.297
-58.182
-58.272
-58.608
-59.221
-60.13
-61.304
-62.696
-64.29
-66.085
-68.112
-70.4
-72.941
-75.71
-78.665
-81.746
-84.909
-88.115
-91.318
-94.483
-97.587
-100.615
-103.568
-106.459
-109.287
-112.044
-114.718
-117.292
-119.754
-122.1
-124.325
-126.425
-128.4
-130.25
-131.981
-133.596
-135.097
-136.484
-137.752
-138.897
-139.915
-140.806
-141.566
-142.198
-142.702
-143.08
-143.338
-143.479
-143.508
-143.429
-143.247
-142.965
-142.589
-142.123
-141.571
-140.94
-140.234
-139.461
-138.627
-137.739
-136.805
-135.834
-134.834
-133.814
-132.784
-131.752
-130.727
-129.718
-128.736
-127.789
-126.886
-126.038
-125.254
-124.542
-123.913
-123.376
-122.938
-122.606
-122.388
-122.289
-122.314
-122.468
-122.754
-123.175
-123.734
-124.431
-125.267
-126.241
-127.351
-128.593
-129.964
-131.456
-133.064
-134.778
-136.59
-138.487
-140.46
-142.494
-144.575
-146.69
-148.822
-150.955
-153.072
-155.156
-157.188
-159.15
-161.025
-162.792
-164.436
-165.936
-167.276
-168.438
-169.406
-170.164
-170.697
-170.99
-171.029
-170.803
-170.299
-169.508
-168.421
-167.03
-165.329
-163.313
-160.979
-158.325
-155.352
-152.061
-148.456
-144.541
-140.323
-135.808
-131.007
-125.928
-120.584
-114.987
-109.15
-103.088
-96.816
-90.351
-83.71
-76.911
-69.971
-62.909
-55.745
-48.497
-41.185
-33.829
-26.449
-19.066
-11.701
-4.374
2.894
10.081
17.167
24.132
30.957
37.622
44.111
50.405
56.489
62.348
67.967
73.331
78.427
83.243
87.767
91.989
95.898
99.486
102.746
105.672
108.258
110.501
112.397
113.943
115.139
115.984
116.48
116.63
116.44
115.917
115.069
113.909
112.452
110.714
108.714
106.469
103.998
101.323
98.463
95.439
92.271
88.976
85.575
82.093
78.556
74.992
71.429
67.896
64.424
61.046
57.79
54.687
51.761
49.031
46.519
44.252
42.257
40.569
39.21
38.192
37.526
37.222
37.274
37.67
38.379
39.346
40.536
41.928
43.507
45.28
47.247
49.402
51.744
54.272
56.989
59.903
63.017
66.314
69.806
73.519
77.507
81.865
86.644
91.845
97.448
103.395
109.611
116.025
122.534
129.001
135.303
141.318
146.942
152.115
156.749
160.73
163.92
166.14
167.272
167.278
166.154
163.928
160.657
156.404
151.284
145.485
139.176
132.508
125.602
118.517
111.332
104.16
97.129
90.361
83.922
77.796
71.947
66.366
61.032
55.902
50.87
45.746
40.367
34.632
28.463
21.802
14.636
6.983
-1.029
-9.079
-16.785
-23.785
-29.696
-34.178
-37.065
-38.358
-38.329
-37.606
-36.893
-36.758
-37.737
-40.307
-44.578
-50.198
-56.204
-60.953
-62.546
-59.281
-49.599
-31.825
-4.739
32.144
78.572
132.487
190.328
248.883
304.751
355.789
401.981
441.207
469.994
483.045
472.972
436.9
376.243
295.877
203.601
105.315
6.085
-88.193
-170.559
-233.674
-273.663
-291.41
-292.797
-285.517
-274.095
-260.662
-245.019
-225.809
-204.069
-181.676
-160.431
-142.711
-129.641
-120.981
-116.26
-114.507
-114.545
-115.776
-117.609
-119.046
-119.296
-117.975
-114.943
-110.48
-105.142
-99.279
-93.276
-87.758
-83.161
-79.715
-77.526
-76.443
-76.176
-76.475
-77.073
-77.656
-78.048
-78.173
-77.99
-77.547
-76.911
-76.144
-75.329
-74.551
-73.856
-73.275
-72.845
-72.6
-72.596
-72.905
-73.574
-74.634
-76.097
-77.962
-80.22
-82.85
-85.819
-89.078
-92.592
-96.338
-100.294
-104.432
-108.705
-113.041
-117.369
-121.638
-125.804
-129.833
-133.701
-137.355
-140.772
-143.983
-146.961
-149.642
-151.912
-153.532
-154.314
-154.275
-153.453
-151.919
-149.952
-147.824
-145.891
-144.804
-145.014
-146.54
-149.264
-152.806
-156.431
-159.571
-161.613
-161.598
-158.914
-153.463
-145.349
-135.138
-123.762
-111.828
-99.917
-88.86
-79.152
-70.985
-64.418
-59.035
-54.203
-49.626
-45.015
-39.981
-34.3
-27.681
-19.919
-11.265
-2.072
7.408
16.761
25.618
33.601
39.977
44.212
46.304
46.419
44.99
42.823
40.507
38.679
38.38
40.302
44.589
51.15
59.364
68.204
76.98
85.041
91.491
95.802
97.799
97.471
95.299
92.024
88.084
83.839
79.697
75.837
72.351
69.292
66.466
63.606
60.597
57.379
53.929
50.299
46.504
42.554
38.518
34.473
30.479
26.57
22.734
18.941
15.188
11.494
7.902
4.442
1.045
-2.354
-5.729
-8.942
-11.804
-14.197
-16.213
-18.08
-19.768
-21.099
-22.224
-23.616
-25.825
-29.467
-34.051
-37.957
-41.116
-44.157
-48.219
-55.625
-64.887
-71.937
-73.426
-65.548
-49.021
-28.705
-8.785
6.269
14.929
18.961
19.642
18.631
16.702
13.353
9.084
4.6
0.643
-1.627
-1.749
0.052
3.514
8.101
13.119
18.2
23.019
27.172
30.487
32.917
34.47
35.342
35.793
35.929
35.778
35.365
34.66
33.655
32.399
30.844
28.854
26.407
23.563
20.438
17.298
14.328
11.448
8.609
5.786
2.724
-0.805
-5.148
-11.019
-18.908
-28.8
-40.52
-53.57
-67.068
-80.357
-92.7
-102.944
-110.288
-114.468
-115.523
-114.116
-111.329
-107.895
-104.481
-101.975
-100.911
-101.501
-103.783
-107.289
-111.258
-115.217
-118.825
-121.717
-123.772
-124.963
-125.242
-124.752
-123.757
-122.38
-120.697
-118.77
-116.552
-114.015
-111.18
-108.033
-104.56
-100.782
-96.711
-92.362
-87.774
-82.963
-77.952
-72.792
-67.517
-62.16
-56.764
-51.358
-45.981
-40.677
-35.471
-30.375
-25.397
-20.542
-15.823
-11.257
-6.861
-2.65
1.361
5.162
8.745
12.098
15.218
18.104
20.762
23.204
25.437
27.458
29.26
30.831
32.171
33.287
34.188
34.887
35.399
35.749
35.98
36.153
36.326
36.54
36.814
37.158
37.591
38.137
38.839
39.732
40.815
42.092
43.573
45.279
47.238
49.426
51.751
54.074
56.262
58.227
59.946
61.393
62.481
63.172
63.489
63.555
63.653
64.029
64.753
65.871
67.545
69.89
72.931
76.549
80.244
83.43
85.885
87.559
88.127
87.38
85.606
83.304
82.102
84.512
91.383
102.911
118.829
137.28
158.554
184.342
216.078
256.039
304.087
357.528
411.344
458.221
490.803
501.993
489.107
454.041
401.303
338.544
269.763
195.723
117.874
37.693
-38.033
-100.164
-143.637
-167.615
-177.375
-180.36
-180.792
-179.531
-174.926
-165.586
-152.085
-136.472
-120.959
-106.348
-92.537
-79.374
-66.693
-54.974
-44.926
-36.654
-30.32
-26.267
-24.55
-25.107
-27.588
-31.036
-34.544
-37.686
-40.09
-41.471
-41.759
-40.9
-39.106
-37.001
-35.045
-33.378
-32.05
-31.015
-30.221
-29.678
-29.206
-28.385
-26.895
-24.649
-21.794
-18.613
-15.245
-11.779
-8.457
-5.739
-4.154
-3.959
-4.923
-6.535
-8.461
-10.467
-12.254
-13.316
-12.96
-10.797
-7.046
-2.327
2.874
8.271
13.635
18.649
22.797
25.756
27.668
29.027
30.262
31.612
33.189
35.079
37.494
40.613
44.41
48.69
53.262
58.031
62.984
68.165
73.566
79.145
84.892
90.821
96.956
103.302
109.838
116.519
123.306
130.174
137.106
144.092
151.118
158.165
165.211
172.237
179.222
186.148
192.997
199.752
206.392
212.901
219.262
225.46
231.482
237.314
242.94
248.34
253.5
258.404
263.041
267.399
271.468
275.239
278.704
281.856
284.69
287.203
289.39
291.25
292.78
293.98
294.852
295.396
295.617
295.517
295.1
294.374
293.343
292.017
290.402
288.509
286.347
283.928
281.262
278.363
275.243
271.916
268.395
264.695
260.83
256.816
252.669
248.402
244.032
239.574
235.043
230.455
225.825
221.167
216.496
211.827
207.174
202.551
197.971
193.447
188.992
184.618
180.335
176.154
172.084
168.134
164.312
160.624
157.075
153.672
150.417
147.313
144.362
141.565
138.921
136.431
134.091
131.898
129.85
127.941
126.166
124.52
122.995
121.584
120.28
119.073
117.956
116.917
115.947
115.036
114.173
113.347
112.547
111.761
110.978
110.187
109.377
108.536
107.656
106.724
105.732
104.67
103.529
102.301
100.977
99.551
98.015
96.364
94.593
92.696
90.67
88.511
86.217
83.787
81.218
78.51
75.664
72.68
69.56
66.306
62.92
59.407
55.77
52.013
48.143
44.164
40.083
35.906
31.641
27.295
22.874
18.388
13.844
9.249
4.613
-0.057
-4.753
-9.465
-14.185
-18.905
-23.617
-28.312
-32.982
-37.62
-42.219
-46.771
-51.27
-55.709
-60.081
-64.38
-68.599
-72.732
-76.771
-80.712
-84.547
-88.271
-91.878
-95.363
-98.721
-101.946
-105.035
-107.983
-110.784
-113.434
-115.929
-118.263
-120.433
-122.433
-124.26
-125.91
-127.379
-128.666
-129.768
-130.681
-131.404
-131.932
-132.264
-132.398
-132.33
-132.059
-131.582
-130.901
-130.016
-128.931
-127.651
-126.182
-124.53
-122.701
-120.703
-118.545
-116.232
-113.768
-111.159
-108.411
-105.531
-102.531
-99.422
-96.217
-92.93
-89.576
-86.173
-82.733
-79.273
-75.801
-72.329
-68.867
-65.432
-62.046
-58.739
-55.541
-52.472
-49.553
-46.795
-44.206
-41.786
-39.524
-37.395
-35.374
-33.437
-31.567
-29.756
-28.003
-26.314
-24.679
-23.077
-21.497
-19.942
-18.439
-17.035
-15.77
-14.68
-13.821
-13.286
-13.19
-13.652
-14.769
-16.615
-19.227
-22.655
-26.996
-32.303
-38.556
-45.621
-53.201
-60.974
-68.685
-76.024
-82.647
-88.309
-92.786
-96.232
-99.289
-102.538
-106.683
-112.064
-118.066
-124.121
-129.73
-134.997
-141.661
-150.631
-160.478
-167.341
-163.932
-143.676
-104.697
-48.67
18.211
87.342
152.657
207.796
246.711
266.007
262.48
237.166
194.496
139.204
75.601
3.774
-75.376
-158.666
-240.026
-307.905
-354.808
-379.242
-383.401
-374.367
-357.989
-336.827
-314.184
-295.178
-284.259
-284.702
-296.558
-312.829
-326.111
-331.941
-327.445
-316.14
-303.56
-292.53
-285.747
-282.678
-280.359
-277.677
-273.831
-268.846
-264.164
-260.328
-257.274
-254.962
-253.029
-251.261
-249.689
-248.258
-246.827
-245.271
-243.499
-241.421
-238.992
-236.195
-233.001
-229.396
-225.403
-221.052
-216.382
-211.456
-206.332
-201.064
-195.72
-190.357
-185.038
-179.842
-174.831
-170.051
-165.543
-161.328
-157.423
-153.843
-150.599
-147.691
-145.124
-142.897
-141.006
-139.447
-138.218
-137.324
-136.781
-136.602
-136.781
-137.289
-138.086
-139.136
-140.423
-141.953
-143.695
-145.564
-147.505
-149.517
-151.697
-154.179
-156.971
-159.918
-162.827
-165.585
-168.097
-170.208
-171.508
-171.46
-169.771
-166.464
-161.854
-156.318
-150.154
-143.751
-137.92
-133.602
-131.499
-132.047
-135.1
-140.203
-146.932
-154.607
-162.058
-168.115
-171.745
-171.983
-168.503
-161.445
-151.041
-137.976
-123.387
-108.257
-93.48
-80.017
-68.355
-58.615
-50.844
-44.674
-39.45
-34.775
-30.364
-25.918
-21.436
-17.029
-12.761
-8.887
-5.724
-3.373
-1.867
-1.169
-1.089
-1.492
-2.302
-3.386
-4.648
-6.028
-7.437
-8.814
-10.098
-11.169
-11.932
-12.316
-12.245
-11.708
-10.723
-9.335
-7.645
-5.741
-3.675
-1.491
0.791
3.169
5.618
8.124
10.675
13.228
15.749
18.207
20.559
22.789
24.896
26.891
28.81
30.686
32.531
34.35
36.136
37.873
39.546
41.134
42.605
43.938
45.116
46.123
46.953
47.595
48.034
48.255
48.242
47.976
47.449
46.653
45.585
44.246
42.642
40.784
38.688
36.373
33.857
31.159
28.297
25.293
22.17
18.949
15.655
12.313
8.948
5.587
2.258
-1.011
-4.194
-7.263
-10.195
-12.965
-15.55
-17.928
-20.083
-21.995
-23.65
-25.035
-26.138
-26.951
-27.468
-27.685
-27.602
-27.219
-26.542
-25.577
-24.335
-22.829
-21.071
-19.08
-16.873
-14.47
-11.891
-9.159
-6.296
-3.327
-0.275
2.835
5.977
9.127
12.261
15.355
18.387
21.336
24.182
26.906
29.493
31.927
34.195
36.285
38.188
39.897
41.404
42.708
43.806
44.698
45.389
45.884
46.189
46.313
46.267
46.063
45.713
45.233
44.637
43.943
43.167
42.327
41.442
40.53
39.611
38.702
37.821
36.986
36.212
35.514
34.907
34.401
34.008
33.738
33.6
33.602
33.749
34.045
34.493
35.095
35.85
36.754
37.801
38.981
40.286
41.705
43.227
44.838
46.525
48.274
50.076
51.918
53.79
55.677
57.564
59.435
61.277
63.074
64.812
66.477
68.057
69.542
70.924
72.204
73.376
74.433
75.363
76.147
76.772
77.235
77.535
77.679
77.676
77.542
77.309
77.023
76.724
76.447
76.222
76.064
75.998
76.048
76.237
76.601
77.171
77.948
78.922
80.073
81.351
82.709
84.087
85.365
86.428
87.165
87.455
87.223
86.421
84.978
82.824
79.917
76.247
71.95
67.312
62.605
58.075
53.968
50.542
48.06
46.717
46.378
46.535
46.67
46.423
45.483
43.589
40.565
36.263
31.626
28.861
29.839
36.064
47.129
60.5
75.408
92.95
116.453
151.17
198.72
256.652
319.68
380.86
435.199
478.743
507.644
516.492
498.622
451.359
375.261
275.393
161.937
43.077
-72.886
-176.827
-263.777
-329.711
-373.193
-397.873
-407.62
-405.665
-396.02
-382.051
-366.614
-353.65
-344.314
-336.672
-329.466
-320.932
-311.412
-303.715
-298.93
-297.141
-297.362
-297.346
-295.693
-291.798
-285.16
-275.745
-263.737
-249.442
-233.48
-216.58
-199.436
-182.531
-166.213
-150.732
-136.19
-122.613
-109.939
-98.013
-86.647
-75.766
-65.382
-55.525
-46.284
-37.727
-29.908
-22.928
-16.874
-11.778
-7.665
-4.528
-2.32
-0.994
-0.458
-0.566
-1.185
-2.174
-3.395
-4.772
-6.223
-7.703
-9.201
-10.623
-11.923
-13.085
-14.034
-14.797
-15.418
-15.795
-15.901
-15.942
-16.056
-16.45
-17.367
-18.571
-19.79
-21.024
-22.175
-23.008
-23.357
-22.816
-20.994
-18.179
-14.722
-10.729
-6.356
-1.661
3.386
8.529
13.482
18.422
23.523
28.852
34.523
40.457
46.496
52.65
58.966
65.356
71.796
78.264
84.675
91.041
97.382
103.668
109.885
116.018
122.022
127.861
133.525
138.995
144.275
149.378
154.288
158.975
163.399
167.52
171.314
174.757
177.825
180.491
182.736
184.56
185.98
187.015
187.674
187.967
187.896
187.469
186.703
185.616
184.225
182.551
180.614
178.436
176.043
173.464
170.721
167.836
164.824
161.702
158.49
155.205
151.864
148.481
145.071
141.649
138.227
134.82
131.437
128.086
124.774
121.504
118.279
115.102
111.97
108.883
105.836
102.827
99.849
96.898
93.966
91.046
88.131
85.211
82.28
79.328
76.347
73.327
70.262
67.144
63.967
60.725
57.415
54.032
50.576
47.047
43.445
39.773
36.035
32.235
28.381
24.481
20.544
16.583
12.609
8.637
4.681
0.758
-3.116
-6.924
-10.648
-14.269
-17.771
-21.133
-24.338
-27.368
-30.203
-32.827
-35.221
-37.37
-39.258
-40.87
-42.193
-43.216
-43.927
-44.318
-44.383
-44.117
-43.515
-42.578
-41.306
-39.702
-37.77
-35.518
-32.954
-30.089
-26.936
-23.508
-19.821
-15.893
-11.743
-7.39
-2.855
1.84
6.673
11.619
16.654
21.755
26.895
32.048
37.19
42.294
47.335
52.287
57.125
61.827
66.367
70.725
74.879
78.81
82.499
85.929
89.085
91.953
94.521
96.778
98.718
100.334
101.621
102.577
103.203
103.501
103.475
103.13
102.473
101.514
100.262
98.731
96.935
94.889
92.61
90.117
87.432
84.575
81.57
78.44
75.21
71.905
68.551
65.173
61.799
58.453
55.161
51.95
48.845
45.871
43.052
40.41
37.966
35.741
33.752
32.014
30.538
29.334
28.411
27.775
27.433
27.387
27.638
28.188
29.038
30.187
31.631
33.363
35.368
37.634
40.149
42.895
45.854
49.005
52.324
55.793
59.396
63.114
66.921
70.785
74.663
78.523
82.339
86.086
89.746
93.302
96.742
100.072
103.317
106.497
109.625
112.704
115.722
118.684
121.604
124.498
127.387
130.266
133.12
135.934
138.687
141.328
143.789
145.963
147.716
148.933
149.51
149.346
148.35
146.433
143.528
139.574
134.513
128.355
121.159
113.056
104.309
95.198
85.964
76.93
68.457
60.822
54.254
48.725
43.887
39.482
35.425
31.593
27.834
23.956
19.665
15.85
14.623
17.549
25.866
38.438
51.577
64.157
76.946
93.733
122.216
165.504
222.784
289.873
357.029
417.294
464.839
494.056
502.61
486.019
442.657
373.881
281.675
174.994
63.037
-44.195
-133.99
-201.769
-246.859
-272.537
-288.699
-300.434
-309.087
-314.323
-312.079
-301.49
-285.18
-266.036
-247.365
-231.057
-217.172
-205.592
-196.394
-189.36
-183.785
-178.766
-173.437
-166.99
-159.153
-149.841
-138.664
-125.541
-110.798
-94.894
-78.525
-62.472
-47.127
-32.7
-19.494
-7.632
2.876
12.051
20.132
27.422
34.029
39.984
45.311
49.967
53.956
57.328
60.071
62.189
63.753
64.82
65.457
65.734
65.666
65.268
64.569
63.601
62.422
61.091
59.643
58.117
56.545
54.937
53.299
51.598
49.763
47.748
45.532
43.108
40.504
37.739
34.824
31.776
28.616
25.362
22.046
18.692
15.319
11.963
8.671
5.506
2.553
-0.121
-2.466
-4.442
-6.023
-7.184
-7.901
-8.164
-7.973
-7.326
-6.224
-4.668
-2.655
-0.191
2.706
6.018
9.716
13.772
18.162
22.858
27.832
33.053
38.493
44.124
49.922
55.857
61.897
68.01
74.16
80.314
86.437
92.496
98.457
104.287
109.957
115.438
120.705
125.732
130.496
134.975
139.151
143.005
146.522
149.69
152.495
154.93
156.986
158.66
159.947
160.847
161.361
161.49
161.239
160.614
159.621
158.269
156.569
154.53
152.165
149.489
146.516
143.262
139.742
135.975
131.977
127.767
123.362
118.781
114.041
109.161
104.158
99.05
93.855
88.591
83.275
77.925
72.558
67.193
61.846
56.533
51.273
46.082
40.977
35.973
31.088
26.338
21.738
17.303
13.05
8.994
5.149
1.53
-1.848
-4.972
-7.828
-10.402
-12.684
-14.659
-16.317
-17.647
-18.638
-19.281
-19.567
-19.487
-19.035
-18.206
-16.994
-15.396
-13.411
-11.04
-8.282
-5.144
-1.628
2.256
6.5
11.093
16.022
21.272
26.824
32.66
38.757
45.091
51.637
58.364
65.243
72.243
79.33
86.469
93.625
100.761
107.84
114.824
121.673
128.349
134.81
141.017
146.93
152.509
157.716
162.515
166.868
170.742
174.105
176.927
179.18
180.84
181.883
182.291
182.046
181.137
179.555
177.294
174.353
170.738
166.455
161.521
155.953
149.769
142.993
135.653
127.777
119.398
110.548
101.26
91.572
81.525
71.168
60.549
49.72
38.734
27.648
16.521
5.411
-5.626
-16.538
-27.278
-37.797
-48.046
-57.972
-67.521
-76.644
-85.305
-93.469
-101.099
-108.176
-114.689
-120.646
-126.076
-131
-135.425
-139.353
-142.774
-145.679
-148.064
-149.919
-151.237
-152.013
-152.237
-151.916
-151.068
-149.688
-147.764
-145.255
-142.094
-138.239
-133.687
-128.444
-122.545
-116.051
-109.039
-101.61
-93.885
-85.969
-77.951
-69.916
-61.945
-54.145
-46.65
-39.609
-33.186
-27.528
-22.781
-19.025
-16.265
-14.404
-13.227
-12.511
-12.096
-11.891
-11.84
-12.059
-12.808
-14.441
-17.458
-22.251
-28.938
-37.37
-47.183
-57.622
-67.642
-76.212
-82.237
-84.833
-83.55
-78.323
-69.426
-57.661
-44.217
-30.162
-16.532
-4.136
6.648
15.644
22.848
28.58
33.375
37.666
41.854
46.167
50.521
54.806
58.965
62.987
66.87
70.632
74.39
78.251
82.435
87.327
92.441
96.995
101.042
104.105
106.798
109.997
111.532
109.95
104.25
94.099
83.134
74.33
69.437
69.64
75.435
89.597
114.705
152.212
200.399
252.96
304.685
352.211
393.554
428.094
451.967
457.969
440.144
395.653
326.567
238.866
137.711
28.261
-84.035
-191.839
-284.611
-355.948
-404.505
-434.444
-454.37
-468.806
-479.72
-488.429
-496.334
-507.994
-526.887
-552.596
-581.393
-608.129
-629.456
-645.169
-657.321
-667.463
-676.009
-682.611
-686.36
-687.148
-685.548
-682.104
-677.493
-672.296
-666.787
-661.172
-655.566
-649.916
-644.21
-638.509
-632.906
-627.522
-622.449
-617.745
-613.454
-609.664
-606.492
-604.003
-602.203
-601.037
-600.437
-600.368
-600.827
-601.82
-603.307
-605.216
-607.442
-609.864
-612.413
-615.028
-617.638
-620.164
-622.489
-624.529
-626.252
-627.661
-628.767
-629.571
-630.058
-630.217
-630.088
-629.721
-629.184
-628.559
-627.883
-627.183
-626.493
-625.839
-625.258
-624.774
-624.374
-624.027
-623.704
-623.375
-623.014
-622.594
-622.059
-621.347
-620.397
-619.139
-617.526
-615.519
-613.084
-610.192
-606.824
-602.965
-598.617
-593.793
-588.503
-582.761
-576.583
-569.986
-562.996
-555.644
-547.965
-539.997
-531.778
-523.345
-514.736
-505.992
-497.156
-488.27
-479.377
-470.516
-461.727
-453.053
-444.537
-436.225
-428.16
-420.381
-412.922
-405.823
-399.126
-392.873
-387.102
-381.839
-377.087
-372.856
-369.156
-365.99
-363.36
-361.256
-359.651
-358.54
-357.932
-357.833
-358.25
-359.17
-360.55
-362.352
-364.534
-367.071
-369.962
-373.186
-376.702
-380.488
-384.525
-388.806
-393.347
-398.103
-402.971
-407.857
-412.666
-417.33
-421.824
-426.104
-430.118
-433.811
-437.11
-439.966
-442.36
-444.24
-445.534
-446.17
-446.047
-445.15
-443.55
-441.3
-438.454
-435.046
-431.076
-426.571
-421.586
-416.159
-410.33
-404.129
-397.567
-390.692
-383.589
-376.339
-369.045
-361.751
-354.433
-347.092
-339.735
-332.379
-325.064
-317.81
-310.617
-303.506
-296.519
-289.697
-283.089
-276.717
-270.579
-264.676
-259.004
-253.578
-248.441
-243.62
-239.135
-235.002
-231.229
-227.824
-224.808
-222.179
-219.918
-218.009
-216.427
-215.151
-214.179
-213.497
-213.09
-212.939
-213.009
-213.263
-213.681
-214.241
-214.891
-215.582
-216.269
-216.901
-217.468
-217.969
-218.361
-218.587
-218.695
-218.749
-218.671
-218.443
-218.059
-217.306
-216.684
-216.682
-216.567
-216.108
-213.971
-208.559
-201.628
-194.35
-188.471
-186.392
-185.996
-185.494
-183.663
-178.478
-171.408
-163.942
-156.426
-149.774
-143.483
-136.902
-130.177
-123.246
-116.176
-109.122
-102.014
-94.808
-87.553
-80.28
-73.006
-65.751
-58.53
-51.375
-44.324
-37.394
-30.58
-23.878
-17.29
-10.839
-4.567
1.533
7.483
13.202
18.593
23.703
28.523
33.033
37.425
41.178
43.79
45.983
47.979
51.108
56.962
63.788
70.417
75.108
75.467
73.615
71.353
69.916
71.341
74.178
76.961
79.37
80.516
80.93
81.288
81.469
81.566
81.538
81.254
80.809
80.277
79.643
78.907
78.09
77.2
76.24
75.212
74.106
72.9
71.6
70.216
68.751
67.214
65.62
63.989
62.353
60.756
59.238
57.839
56.594
55.538
54.698
54.093
53.747
53.698
53.965
54.555
55.468
56.679
58.17
59.939
61.939
64.087
66.275
68.368
70.247
71.828
73.01
73.69
73.812
73.393
72.57
71.62
70.823
70.403
70.577
71.6
73.618
76.554
80.085
83.588
86.429
88.282
88.881
87.857
85.207
81.488
77.758
75.774
77.386
83.856
96.464
116.698
145.389
182.687
227.99
279.434
334.776
391.536
446.064
494.444
533.743
562.937
583.278
596.153
600.073
589.834
558.25
499.863
416.397
317.405
217.602
133.469
74.526
41.731
29.533
27.121
27.478
28.713
31.764
40.34
55.126
73.753
93.513
111.505
126.635
139.389
150.369
160.371
170.333
181.066
193.297
207.306
222.818
239.403
256.616
274.079
291.438
308.275
324.181
338.949
352.598
365.256
377.112
388.304
398.9
409.006
418.762
428.321
437.841
447.407
457.038
466.743
476.523
486.384
496.326
506.311
516.266
526.128
535.837
545.354
554.654
563.697
572.432
580.802
588.747
596.234
603.254
609.806
615.897
621.544
626.768
631.612
636.134
640.386
644.416
648.268
651.984
655.614
659.21
662.825
666.509
670.311
674.274
678.441
682.855
687.553
692.566
697.925
703.653
709.773
716.307
723.274
730.69
738.569
746.92
755.748
765.056
774.842
785.101
795.822
806.99
818.59
830.6
842.999
855.759
868.854
882.252
895.924
909.836
923.952
938.238
952.657
967.174
981.751
996.354
1010.947
1025.495
1039.965
1054.327
1068.55
1082.606
1096.469
1110.115
1123.523
1136.673
1149.548
1162.135
1174.42
1186.396
1198.058
1209.401
1220.427
1231.138
1241.539
1251.639
1261.448
1270.977
1280.241
1289.254
1298.033
1306.595
1314.961
1323.148
1331.179
1339.073
1346.851
1354.536
1362.148
1369.707
1377.234
1384.746
1392.264
1399.805
1407.386
1415.023
1422.731
1430.524
1438.416
1446.419
1454.543
1462.798
1471.188
1479.72
1488.397
1497.219
1506.183
1515.288
1524.528
1533.9
1543.398
1553.014
1562.743
1572.576
1582.508
1592.53
1602.634
1612.809
1623.043
1633.322
1643.634
1653.967
1664.307
1674.641
1684.954
1695.233
1705.471
1715.658
1725.78
1735.82
1745.749
1755.549
1765.214
1774.738
1784.12
1793.367
1802.491
1811.518
1820.497
1829.47
1838.475
1847.542
1856.687
1865.938
1875.329
1884.901
1894.699
1904.753
1915.068
1925.652
1936.509
1947.619
1958.935
1970.362
1981.749
1992.962
2003.89
2014.422
2024.457
2033.873
2042.535
2050.328
2057.147
2062.901
2067.507
2070.872
2072.906
2073.571
2072.886
2070.943
2067.91
2063.939
2059.155
2053.713
2047.798
2041.619
2035.403
2029.327
2023.526
2018.161
2013.442
2009.6
2006.861
2005.382
2005.222
2006.396
2008.884
2012.605
2017.424
2023.038
2028.956
2034.638
2039.547
2043.129
2044.801
2044.017
2040.233
2033.089
2022.52
2008.468
1990.9
1969.798
1945.04
1916.32
1883.049
1844.279
1798.765
1745.225
1682.133
1607.91
1521.174
1420.624
1305.607
1176.08
1032
874.298
705.326
527.43
343.292
154.419
-40.128
-239.301
-439.546
-633.933
-812.091
-967.537
-1098.681
-1209.214
-1307.361
-1398.259
-1483.811
-1563.386
-1633.855
-1694.66
-1747.118
-1792.409
-1832.576
-1868.707
-1901.072
-1930.606
-1957.778
-1982.534
-2005.062
-2025.547
-2043.995
-2060.477
-2074.628
-2085.486
-2092.556
-2095.794
-2095.241
-2091.147
-2083.828
-2073.639
-2061.346
-2048.067
-2034.595
-2021.395
-2008.783
-1996.895
-1985.9
-1975.997
-1967.216
-1959.419
-1952.547
-1946.685
-1941.989
-1938.67
-1936.845
-1936.481
-1937.507
-1939.883
-1943.602
-1948.679
-1955.062
-1962.613
-1971.182
-1980.642
-1990.878
-2001.783
-2013.189
-2024.867
-2036.619
-2048.308
-2059.861
-2071.271
-2082.5
-2093.478
-2104.107
-2114.168
-2123.413
-2131.562
-2138.196
-2142.9
-2145.341
-2145.157
-2142.023
-2135.852
-2126.749
-2115.003
-2101.201
-2085.909
-2069.446
-2052.183
-2034.65
-2017.101
-1999.297
-1980.533
-1959.476
-1934.614
-1905.013
-1869.812
-1827.695
-1777.774
-1719.808
-1654.065
-1582.7
-1509.132
-1435.836
-1365.688
-1300.529
-1239.904
-1185.803
-1141.564
-1111.913
-1104.337
-1122.506
-1165.662
-1230.414
-1310.345
-1399.05
-1490.927
-1578.628
-1653.286
-1708.897
-1743.203
-1759.054
-1764.027
-1763.219
-1758.154
-1747.9
-1729.797
-1703.83
-1672.281
-1637.934
-1603.698
-1571.222
-1541.609
-1515.877
-1494.12
-1475.984
-1460.846
-1447.734
-1435.946
-1424.778
-1412.978
-1399.281
-1382.96
-1363.726
-1341.737
-1317.422
-1291.108
-1263.203
-1234.464
-1205.638
-1177.197
-1149.53
-1122.749
-1096.773
-1071.758
-1047.211
-1022.568
-998.425
-975.017
-953.692
-936.095
-920.743
-906.675
-892.361
-875.655
-858.677
-843.179
-830.316
-821.964
-816.668
-812.928
-810.299
-807.735
-805.471
-803.888
-802.655
-801.681
-800.785
-799.712
-798.414
-796.859
-794.955
-792.656
-789.949
-786.814
-783.227
-779.193
-774.746
-769.957
-764.957
-759.862
-754.734
-749.62
-744.539
-739.498
-734.506
-729.549
-724.583
-719.558
-714.431
-709.164
-703.732
-698.101
-692.218
-686.023
-679.443
-672.424
-664.932
-656.945
-648.452
-639.451
-629.944
-619.951
-609.505
-598.642
-587.392
-575.783
-563.84
-551.59
-539.066
-526.308
-513.355
-500.237
-486.984
-473.626
-460.19
-446.716
-433.244
-419.793
-406.382
-393.054
-379.852
-366.815
-353.989
-341.384
-328.999
-316.873
-305.058
-293.502
-282.135
-271.027
-260.187
-249.611
-239.497
-229.348
-218.678
-208.197
-198.125
-189.759
-184.653
-181.092
-177.933
-173.472
-165.37
-155.693
-146.193
-138.068
-133.3
-130.464
-128.115
-125.928
-123.018
-119.887
-117.183
-114.77
-112.724
-110.99
-109.427
-108.108
-107.093
-106.346
-105.851
-105.603
-105.589
-105.789
-106.19
-106.765
-107.485
-108.343
-109.33
-110.43
-111.629
-112.911
-114.26
-115.661
-117.102
-118.566
-120.036
-121.496
-122.931
-124.325
-125.664
-126.932
-128.116
-129.202
-130.178
-131.03
-131.749
-132.324
-132.745
-133.005
-133.095
-133.009
-132.741
-132.289
-131.646
-130.813
-129.786
-128.565
-127.151
-125.544
-123.748
-121.764
-119.597
-117.25
-114.729
-112.04
-109.189
-106.183
-103.029
-99.735
-96.308
-92.758
-89.091
-85.315
-81.439
-77.471
-73.417
-69.284
-65.08
-60.81
-56.48
-52.096
-47.662
-43.183
-38.662
-34.102
-29.506
-24.876
-20.215
-15.524
-10.803
-6.056
-1.283
3.515
8.336
13.18
18.044
22.928
27.829
32.745
37.675
42.615
47.563
52.514
57.466
62.413
67.352
72.275
77.18
82.059
86.906
91.714
96.479
101.193
105.849
110.439
114.957
119.393
123.741
127.993
132.14
136.177
140.095
143.887
147.549
151.075
154.459
157.698
160.789
163.729
166.517
169.153
171.636
173.968
176.149
178.183
180.074
181.824
183.439
184.923
186.281
187.517
188.637
189.645
190.542
191.332
192.018
192.603
193.091
193.484
193.787
194.004
194.141
194.204
194.197
194.124
193.987
193.787
193.527
193.206
192.823
192.372
191.852
191.26
190.602
189.878
189.085
188.217
187.265
186.226
185.106
183.91
182.64
181.308
179.929
178.532
177.167
175.873
174.682
173.62
172.701
171.948
171.398
171.072
170.982
171.129
171.492
172.051
172.802
173.709
174.705
175.706
176.588
177.254
177.646
177.7
177.359
176.564
175.228
173.311
170.826
167.78
164.231
160.225
155.741
150.901
145.957
141.205
137.092
134.004
132.145
131.847
133.519
137.283
143.119
150.741
159.361
168.354
177.331
185.683
192.921
199.033
204.203
209.095
215.077
223.402
235.285
252.193
275.392
304.982
339.816
378.401
418.538
459.121
500.933
543.031
582.227
613.086
626.986
616.996
581.008
520.953
442.449
351.563
253.584
153.374
57.36
-25.373
-88.589
-129.673
-151.367
-162.401
-168.879
-173.376
-175.972
-173.513
-165.134
-152.804
-138.605
-124.947
-113.062
-102.679
-93.335
-84.694
-76.56
-68.504
-60.181
-51.282
-41.346
-30.33
-18.388
-5.418
8.712
23.858
39.868
56.432
72.947
89.099
104.736
119.576
133.379
146.012
157.378
167.53
176.72
185.094
192.685
199.523
205.586
210.86
215.357
219.047
221.887
223.886
225.113
225.699
225.788
225.497
224.925
224.168
223.297
222.361
221.407
220.463
219.553
218.706
217.948
217.297
216.758
216.319
215.939
215.548
215.089
214.526
213.825
212.963
211.933
210.738
209.399
207.961
206.464
204.948
203.453
202.021
200.702
199.552
198.635
198.025
197.783
197.958
198.594
199.725
201.377
203.57
206.31
209.589
213.399
217.731
222.573
227.913
233.732
240.005
246.703
253.795
261.247
269.026
277.095
285.419
293.959
302.676
311.531
320.487
329.502
338.534
347.537
356.464
365.27
373.909
382.335
390.503
398.368
405.889
413.027
419.744
426.006
431.78
437.037
441.749
445.893
449.451
452.405
454.744
456.457
457.539
457.99
457.811
457.008
455.59
453.57
450.963
447.789
444.069
439.827
435.091
429.888
424.25
418.212
411.809
405.079
398.059
390.789
383.309
375.661
367.886
360.023
352.112
344.191
336.299
328.473
320.748
313.157
305.731
298.501
291.491
284.728
278.232
272.019
266.103
260.495
255.201
250.226
245.569
241.228
237.196
233.467
230.034
226.885
224.006
221.38
218.989
216.815
214.838
213.031
211.367
209.816
208.348
206.935
205.551
204.173
202.766
201.3
199.747
198.084
196.294
194.363
192.25
189.918
187.365
184.605
181.658
178.548
175.265
171.79
168.157
164.424
160.538
156.416
152.089
147.535
142.734
137.896
132.559
126.276
119.765
113.239
107.974
105.517
104.181
102.835
99.766
92.618
83.441
74.029
65.683
60.478
57.077
54.096
51.234
47.648
43.893
40.678
37.927
35.749
34.133
32.999
32.526
32.887
34.1
36.124
38.857
42.196
46.069
50.433
55.24
60.422
65.916
71.665
77.627
83.776
90.066
96.42
102.724
108.856
114.742
120.371
125.776
130.985
135.996
140.798
145.378
149.743
153.898
157.832
161.506
164.881
167.939
170.682
173.14
175.341
177.295
178.986
180.387
181.474
182.241
182.684
182.798
182.573
182.005
181.111
179.923
178.474
176.789
174.889
172.787
170.498
168.045
165.452
162.743
159.943
157.073
154.157
151.223
148.299
145.412
142.586
139.836
137.179
134.628
132.199
129.902
127.746
125.737
123.878
122.177
120.64
119.274
118.084
117.072
116.235
115.564
115.043
114.656
114.389
114.23
114.17
114.205
114.335
114.568
114.921
115.412
116.056
116.865
117.84
118.974
120.254
121.674
123.239
124.948
126.785
128.714
130.685
132.647
134.559
136.364
137.969
139.252
140.071
140.299
139.853
138.685
136.747
133.94
130.197
125.565
120.221
114.458
108.559
102.696
97.052
91.959
87.705
84.357
81.712
79.296
76.71
73.697
69.897
64.924
58.485
51.241
45.067
41.161
40.095
41.439
43.269
47.219
57.63
78.169
113.222
161.225
214.514
266.993
311.887
346.891
376.189
400.264
417.959
424.652
409.704
368.016
299.431
207.245
102.175
-6.304
-110.512
-200.594
-270.571
-317.775
-341.965
-349.064
-346.604
-338.655
-327.258
-312.121
-291.424
-265.924
-238.172
-210.55
-185.756
-165.658
-150.595
-140.213
-133.898
-130.776
-129.805
-130.188
-130.863
-130.33
-127.745
-122.832
-115.513
-106.217
-95.567
-84.046
-72.44
-61.804
-52.763
-45.645
-40.6
-37.417
-35.852
-35.757
-36.841
-38.747
-41.267
-44.267
-47.685
-51.542
-55.786
-60.286
-64.906
-69.515
-73.975
-78.144
-81.867
-85.023
-87.551
-89.433
-90.678
-91.276
-91.198
-90.414
-88.889
-86.606
-83.572
-79.793
-75.303
-70.173
-64.495
-58.402
-52.061
-45.59
-39.068
-32.544
-26.04
-19.593
-13.254
-7.057
-1.041
4.755
10.284
15.473
20.258
24.623
28.579
32.186
35.534
38.683
41.669
44.526
47.265
49.901
52.453
54.913
57.271
59.532
61.716
63.866
66.028
68.22
70.444
72.686
74.912
77.106
79.259
81.354
83.383
85.348
87.251
89.112
90.956
92.798
94.646
96.5
98.358
100.221
102.096
103.987
105.901
107.842
109.814
111.822
113.869
115.954
118.069
120.205
122.345
124.476
126.584
128.652
130.664
132.605
134.458
136.207
137.836
139.331
140.672
141.844
142.828
143.607
144.166
144.489
144.562
144.373
143.91
143.166
142.133
140.807
139.185
137.265
135.051
132.544
129.751
126.679
123.338
119.739
115.896
111.824
107.541
103.065
98.417
93.618
88.69
83.656
78.538
73.36
68.145
62.916
57.695
52.504
47.365
42.297
37.322
32.458
27.723
23.132
18.694
14.421
10.322
6.397
2.637
-0.968
-4.425
-7.742
-10.919
-13.963
-16.894
-19.7
-22.352
-24.838
-27.167
-29.364
-31.484
-33.571
-35.642
-37.818
-40.34
-43.289
-46.602
-50.289
-54.237
-58.727
-64.594
-71.542
-78.624
-84.398
-86.253
-83.849
-78.905
-73.959
-73.786
-81.579
-97.63
-120.257
-144.018
-162.468
-171.658
-170.973
-164.275
-158.295
-158.124
-165.389
-178.35
-192.913
-206.008
-216.744
-225.559
-233.679
-241.748
-249.646
-257.178
-264.195
-270.734
-276.937
-282.833
-288.376
-293.526
-298.25
-302.511
-306.259
-309.433
-311.988
-313.906
-315.186
-315.826
-315.82
-315.166
-313.869
-311.941
-309.397
-306.254
-302.53
-298.25
-293.44
-288.134
-282.366
-276.17
-269.585
-262.648
-255.398
-247.878
-240.129
-232.196
-224.122
-215.955
-207.746
-199.545
-191.407
-183.379
-175.51
-167.843
-160.421
-153.287
-146.478
-140.026
-133.966
-128.331
-123.157
-118.485
-114.347
-110.758
-107.722
-105.234
-103.268
-101.807
-100.829
-100.297
-100.191
-100.502
-101.222
-102.371
-103.962
-105.982
-108.41
-111.197
-114.291
-117.673
-121.326
-125.244
-129.45
-133.962
-138.803
-144.021
-149.625
-155.58
-161.834
-168.285
-174.821
-181.37
-187.86
-194.24
-200.478
-206.498
-212.243
-217.649
-222.566
-226.901
-230.595
-233.576
-235.914
-237.705
-238.87
-239.392
-239.304
-238.378
-236.379
-232.984
-227.525
-219.582
-209.225
-196.642
-182.295
-167.041
-151.594
-136.805
-123.961
-113.932
-107.015
-103.216
-101.957
-102.32
-103.683
-105.388
-106.487
-106.26
-104.276
-100.377
-94.936
-88.48
-81.307
-73.713
-66.096
-58.958
-52.794
-47.734
-43.542
-40.063
-37.236
-34.808
-32.32
-28.229
-20.218
-6.986
11.708
34.183
57.553
80.57
104.259
132.832
171.012
221.048
281.833
347.026
408.966
460.129
493.33
504.292
489.346
447.626
381.615
296.184
200.705
104.63
17.102
-54.276
-107.739
-144.412
-168.047
-183.103
-190.874
-190.706
-180.992
-161.451
-134.426
-103.639
-73.367
-46.559
-24.575
-8.237
2.362
7.705
8.646
6.558
3.101
-0.332
-2.806
-3.561
-2.181
1.325
6.677
13.271
20.243
26.816
32.542
37.129
40.472
42.662
43.832
44.257
44.372
44.579
45.116
46.108
47.569
49.46
51.782
54.512
57.574
60.881
64.358
67.958
71.666
75.462
79.296
83.101
86.798
90.336
93.686
96.837
99.775
102.486
104.955
107.171
109.15
110.911
112.472
113.849
115.041
116.034
116.833
117.455
117.914
118.244
118.435
118.423
118.239
117.995
117.786
117.746
117.872
117.965
117.964
117.95
117.823
117.388
116.415
114.52
111.72
108.503
105.131
101.675
98.375
95.466
93.306
92.512
93.132
94.594
96.564
98.856
101.226
103.559
105.573
106.719
106.932
106.643
106.115
105.513
105.014
104.717
104.728
105.231
106.262
107.486
109.085
111.914
115.703
119.577
122.026
120.146
114.04
106.554
100.515
99.957
105.172
112.292
118.325
120.065
116.895
111.659
106.115
101.438
98.004
94.646
90.828
86.591
81.901
76.937
71.754
66.204
60.25
53.931
47.259
40.252
32.938
25.35
17.531
9.54
1.42
-6.802
-15.093
-23.413
-31.729
-40.011
-48.227
-56.346
-64.33
-72.13
-79.706
-87.028
-94.064
-100.786
-107.18
-113.234
-118.959
-124.394
-129.559
-134.467
-139.121
-143.501
-147.589
-151.371
-154.826
-157.939
-160.695
-163.066
-165.045
-166.643
-167.848
-168.644
-168.976
-168.732
-167.843
-166.274
-164.002
-161.053
-157.468
-153.296
-148.639
-143.626
-138.36
-132.948
-127.478
-122.012
-116.659
-111.533
-106.764
-102.557
-99.118
-96.637
-95.25
-94.966
-95.666
-97.147
-99.228
-101.738
-104.416
-107.142
-110.09
-113.434
-117.637
-122.875
-128.417
-134.357
-141.305
-150.38
-163.661
-179.976
-195.511
-206
-206.4
-196.71
-181.187
-163.658
-148.658
-137.245
-127.071
-117.291
-107.128
-96.527
-86.824
-78.222
-70.348
-63.139
-56.258
-49.408
-42.499
-35.349
-27.895
-20.222
-12.291
-4.106
4.17
12.182
19.245
24.674
28.007
28.766
26.32
21.122
15.4
11.779
12.83
17.59
19.548
