Name,Criss Capps
Date of Birth,"Feb 5, 1952"
Recorded Date,2024-08-31 09:05:56 -0400
Classification,Poor Recording
Symptoms,
Software Version,1.90
Device,"Watch5,4"
Sample Rate,512.844 hertz


Lead,Lead I
Unit,µV

-78.721
-69.419
-60.015
-50.544
-41.035
-31.529
-22.085
-12.724
-3.433
5.803
15.008
24.173
33.25
42.202
50.989
59.601
68.075
76.419
84.607
92.648
100.566
108.4
116.233
124.049
131.731
139.182
146.302
153.041
159.41
165.393
170.956
176.055
180.617
184.606
188.031
190.839
192.941
194.237
194.586
193.982
192.549
190.373
187.522
184.009
179.802
174.928
169.457
163.451
156.969
150.048
142.714
135.079
127.285
119.467
111.762
104.17
96.624
89.115
81.695
74.485
67.586
61.004
54.68
48.532
42.499
36.543
30.514
24.089
17.055
9.355
1.146
-7.116
-15.077
-22.642
-29.736
-36.22
-42.086
-47.61
-53.534
-61.124
-71.448
-84.964
-101.754
-121.872
-145.263
-171.247
-198.263
-223.768
-245.078
-260.281
-267.973
-266.566
-254.324
-230.217
-194.338
-148.17
-94.951
-38.457
18.112
70.385
116.244
157.187
191.984
219.227
232.954
218.904
169.018
80.883
-41.453
-180.959
-323.458
-458.525
-574.783
-669.59
-739.997
-780.948
-793.704
-777.385
-732.835
-668.523
-593.177
-518.854
-457.635
-412.815
-382.464
-360.323
-339.349
-317.255
-294.867
-274.871
-258.491
-244.306
-229.952
-212.339
-189.806
-162.402
-130.785
-96.292
-60.481
-24.612
10.449
44.039
75.775
105.502
133.171
158.943
183.201
206.341
228.38
249.085
268.158
285.265
300.223
312.905
323.085
330.502
334.984
336.475
335.033
330.792
323.822
314.2
302.076
287.687
271.449
253.821
235.156
215.741
195.796
175.521
155.141
134.869
114.833
95.106
75.731
56.751
38.242
20.248
2.745
-14.356
-31.232
-48.035
-64.844
-81.695
-98.589
-115.509
-132.445
-149.361
-166.168
-182.771
-199.088
-215.055
-230.641
-245.8
-260.462
-274.529
-287.874
-300.394
-312.026
-322.734
-332.506
-341.348
-349.252
-356.215
-362.258
-367.395
-371.626
-374.923
-377.21
-378.393
-378.395
-377.186
-374.796
-371.259
-366.587
-360.771
-353.765
-345.547
-336.17
-325.706
-314.239
-301.837
-288.509
-274.34
-259.595
-244.56
-229.485
-214.368
-198.82
-182.572
-165.671
-148.287
-130.594
-112.607
-94.186
-75.746
-58.454
-43.248
-29.688
-15.875
-0.07
18.103
35.623
47.871
54.377
59.272
71.7
101.703
151.972
217.049
285.947
347.964
397.665
436.855
470.951
502.431
532.65
559.666
580.215
597.288
613.626
632.741
659.296
690.363
722.689
753.455
778.22
798.29
815.385
829.649
842.275
852.034
857.663
859.485
857.628
852.484
844.465
833.493
819.514
802.708
783.217
761.217
736.961
710.693
682.732
653.339
622.656
590.815
557.932
524.162
489.735
454.829
419.565
384.121
348.697
313.53
278.935
245.091
212.038
179.865
148.66
118.62
90.088
63.329
38.538
15.885
-4.539
-22.635
-38.281
-51.477
-62.32
-70.965
-77.661
-82.557
-85.695
-87.169
-87.085
-85.622
-83.061
-79.617
-75.434
-70.666
-65.433
-59.86
-54.091
-48.175
-42.084
-35.759
-29.089
-22.031
-14.622
-6.887
1.141
9.439
18.018
26.836
35.803
44.839
53.868
62.81
71.604
80.144
88.283
95.871
102.745
108.776
113.873
117.951
120.94
122.786
123.44
122.885
121.13
118.183
114.052
108.75
102.291
94.705
86.043
76.361
65.719
54.178
41.802
28.656
14.815
0.349
-14.67
-30.17
-46.081
-62.326
-78.823
-95.489
-112.238
-128.982
-145.64
-162.126
-178.357
-194.252
-209.736
-224.739
-239.194
-253.043
-266.23
-278.707
-290.435
-301.376
-311.501
-320.786
-329.215
-336.778
-343.469
-349.283
-354.219
-358.28
-361.477
-363.826
-365.344
-366.058
-365.996
-365.198
-363.711
-361.595
-358.908
-355.713
-352.071
-348.038
-343.679
-339.063
-334.264
-329.355
-324.409
-319.492
-314.676
-310.033
-305.626
-301.503
-297.681
-294.165
-290.964
-288.094
-285.584
-283.485
-281.845
-280.709
-280.137
-280.171
-280.866
-282.306
-284.564
-287.705
-291.784
-296.822
-302.907
-310.213
-318.806
-328.634
-339.517
-351.023
-362.769
-374.664
-386.582
-398.353
-410.045
-421.765
-433.962
-447.846
-464.557
-484.508
-507.67
-533.491
-561.02
-589.527
-617.574
-642.422
-661.249
-671.701
-673.142
-667.274
-655.635
-639.409
-619.028
-593.171
-563.254
-534.311
-514.205
-514.784
-545.27
-608.024
-699.31
-809.955
-932.036
-1061.081
-1192.514
-1319.675
-1429.515
-1507.435
-1547.153
-1550.668
-1528.777
-1496.029
-1460.042
-1423.531
-1386.908
-1348.179
-1307.765
-1268.102
-1231.148
-1198.859
-1172.262
-1150.256
-1130.269
-1110.049
-1088.416
-1064.937
-1039.993
-1014.081
-987.262
-960.429
-935.33
-913.327
-895.3
-881.681
-872.354
-867.234
-866.49
-869.842
-876.571
-886.068
-897.832
-911.561
-927.132
-944.273
-962.473
-981.201
-1000.107
-1018.945
-1037.562
-1055.843
-1073.603
-1090.726
-1107.214
-1123.167
-1138.735
-1154.027
-1169.071
-1183.86
-1198.449
-1212.925
-1227.434
-1242.151
-1257.134
-1272.397
-1287.956
-1303.779
-1319.847
-1336.099
-1352.389
-1368.53
-1384.344
-1399.692
-1414.495
-1428.707
-1442.257
-1455.109
-1467.256
-1478.694
-1489.5
-1499.711
-1509.287
-1518.202
-1526.412
-1533.891
-1540.669
-1546.753
-1552.095
-1556.638
-1560.291
-1562.904
-1564.32
-1564.273
-1562.388
-1558.305
-1551.626
-1542.036
-1529.355
-1513.399
-1493.989
-1470.98
-1444.223
-1413.6
-1379.096
-1340.684
-1298.328
-1252.132
-1202.262
-1149.043
-1092.988
-1034.58
-974.333
-912.747
-850.232
-787.225
-724.222
-661.675
-600.044
-539.83
-481.448
-425.344
-372.024
-321.829
-275.016
-231.728
-191.926
-155.587
-122.677
-93.098
-66.762
-43.562
-23.302
-5.799
9.145
21.842
32.548
41.53
49.123
55.536
60.92
65.389
68.949
71.591
73.319
74.072
73.781
72.398
69.813
65.913
60.576
53.591
44.801
34.098
21.359
6.536
-10.367
-29.336
-50.276
-73.03
-97.467
-123.431
-150.764
-179.361
-209.067
-239.697
-271.062
-302.918
-335.079
-367.441
-399.903
-432.395
-464.911
-497.461
-530.137
-563.127
-596.538
-630.431
-664.832
-699.688
-734.981
-770.73
-806.937
-843.624
-880.767
-918.241
-955.908
-993.606
-1031.048
-1067.899
-1103.709
-1137.906
-1170.054
-1199.817
-1226.897
-1251.097
-1272.19
-1289.911
-1304.045
-1314.378
-1320.688
-1322.854
-1320.795
-1314.495
-1304.15
-1290.072
-1272.724
-1252.723
-1230.586
-1206.759
-1181.704
-1155.843
-1129.639
-1103.621
-1078.284
-1054.157
-1031.874
-1012.032
-995.21
-981.893
-972.333
-966.653
-964.836
-966.74
-972.239
-981.216
-993.493
-1008.859
-1027.061
-1047.786
-1070.732
-1095.54
-1121.718
-1148.702
-1175.874
-1202.68
-1228.738
-1253.779
-1277.646
-1300.194
-1321.222
-1340.609
-1358.431
-1374.93
-1390.376
-1404.868
-1418.181
-1430.057
-1440.559
-1449.747
-1457.459
-1463.202
-1466.242
-1466.162
-1463.38
-1458.683
-1452.483
-1445.277
-1437.712
-1430.559
-1424.954
-1421.706
-1420.408
-1420.111
-1420.181
-1419.569
-1417.263
-1412.531
-1404.227
-1391.456
-1374.401
-1353.518
-1329.094
-1302.139
-1273.495
-1243.576
-1213.188
-1182.937
-1152.868
-1123.159
-1094.052
-1065.158
-1036.301
-1007.602
-978.907
-950.23
-921.715
-893.232
-864.65
-836.118
-807.616
-779.019
-750.34
-721.502
-692.494
-663.461
-634.478
-605.546
-576.684
-547.912
-519.294
-490.975
-463.068
-435.71
-409.124
-383.61
-359.598
-337.54
-317.76
-300.466
-285.756
-273.685
-264.337
-257.793
-254.1
-253.292
-255.357
-260.31
-268.218
-279.045
-292.628
-308.659
-326.628
-346.014
-366.401
-387.426
-408.813
-430.321
-451.642
-472.492
-492.603
-511.587
-529.026
-544.393
-557.002
-566.349
-572.108
-573.891
-571.413
-564.449
-552.646
-535.875
-514.227
-487.385
-454.857
-416.645
-373.131
-325.129
-273.897
-220.077
-163.642
-105.068
-45.101
16.235
79.74
147.191
221.09
302.919
391.896
486.386
585.254
686.45
789.384
896.302
1006.376
1117.153
1223.948
1313.227
1372.35
1395.63
1380.758
1337.363
1283.341
1233.541
1204.611
1208.076
1242.85
1304.645
1385.019
1475.763
1577.73
1692.091
1816.443
1943.567
2060.979
2160.753
2243.971
2319.247
2396.913
2482.426
2575.282
2670.609
2764.137
2854.158
2940.213
3022.256
3099.097
3168.32
3227.095
3273.096
3305.211
3323.298
3328.228
3321.753
3305.423
3280.658
3249.077
3211.819
3169.588
3123.009
3072.179
3016.72
2956.673
2892.286
2823.75
2751.695
2676.84
2599.754
2521.223
2442.154
2363.197
2285.003
2208.316
2133.626
2061.368
1991.961
1925.599
1862.484
1802.857
1746.814
1694.34
1645.349
1599.693
1557.295
1518.164
1482.248
1449.44
1419.524
1392.149
1367.011
1343.836
1322.299
1302.072
1282.771
1263.982
1245.441
1227.034
1208.703
1190.434
1172.172
1153.83
1135.384
1116.867
1098.351
1079.954
1061.763
1043.847
1026.345
1009.424
993.288
978.173
964.207
951.424
939.833
929.409
920.124
911.955
904.834
898.658
893.333
888.771
884.898
881.658
878.958
876.686
874.723
872.937
871.235
869.566
867.884
866.159
864.377
862.526
860.618
858.68
856.729
854.768
852.801
850.821
848.83
846.839
844.858
842.896
840.959
839.049
837.168
835.314
833.482
831.663
829.844
828.006
826.133
824.211
822.226
820.164
818.011
815.75
813.365
810.841
808.161
805.305
802.253
798.981
795.469
791.693
787.631
783.263
778.569
773.529
768.127
762.348
756.179
749.608
742.625
735.226
727.403
719.157
710.488
701.4
691.901
682
671.713
661.057
650.053
638.725
627.098
615.204
603.073
590.741
578.243
565.619
552.909
540.155
527.403
514.697
502.085
489.613
477.329
465.281
453.515
442.076
431.01
420.359
410.164
400.464
391.294
382.688
374.677
367.287
360.541
354.458
349.054
344.338
340.317
336.991
334.358
332.409
331.132
330.511
330.523
331.145
332.346
334.094
336.352
339.08
342.236
345.774
349.645
353.802
358.191
362.763
367.463
372.238
377.037
381.807
386.498
391.061
395.449
399.617
403.525
407.134
410.411
413.326
415.854
417.972
419.666
420.922
421.736
422.106
422.034
421.53
420.607
419.285
417.585
415.535
413.168
410.519
407.628
404.537
401.293
397.943
394.538
391.129
387.771
384.518
381.427
378.55
375.942
373.655
371.739
370.242
369.207
368.672
368.673
369.241
370.401
372.177
374.585
377.636
381.336
385.688
390.687
396.324
402.584
409.444
416.88
424.859
433.345
442.299
451.675
461.426
471.501
481.846
492.405
503.118
513.922
524.75
535.534
546.207
556.704
566.959
576.91
586.501
595.679
604.402
612.626
620.312
627.419
633.912
639.755
644.919
649.372
653.083
656.032
658.2
659.574
660.147
659.909
658.85
656.972
654.278
650.779
646.506
641.485
635.747
629.343
622.327
614.776
606.785
598.424
589.764
580.885
571.878
562.85
553.89
545.029
536.266
527.57
518.891
510.204
501.435
492.447
483.212
473.775
464.249
454.895
445.88
437.214
429.007
421.332
413.934
406.39
398.016
387.957
375.787
361.372
344.453
324.984
303.452
280.847
258.843
239.187
223.072
211.529
205.719
206.935
216.081
233.13
257.31
286.541
317.459
346.959
371.51
390.312
406.761
421.284
432.183
431.9
404.686
342.239
242.479
109.697
-38.164
-185.193
-317.954
-420.74
-488.711
-523.693
-528.863
-514.729
-489.605
-454.538
-412.487
-366.833
-322.84
-290.702
-276.849
-281.17
-297.984
-318.967
-338.887
-356.827
-375.474
-396.885
-419.797
-441.385
-458.689
-470.24
-476.517
-478.802
-478.103
-475.251
-471.296
-467.039
-462.973
-459.412
-456.271
-453.274
-450.299
-447.094
-443.222
-438.475
-432.782
-426.13
-418.683
-410.571
-401.844
-392.65
-383.173
-373.563
-363.96
-354.446
-345.027
-335.738
-326.634
-317.758
-309.17
-300.897
-292.951
-285.363
-278.18
-271.451
-265.227
-259.536
-254.395
-249.819
-245.819
-242.404
-239.581
-237.346
-235.69
-234.604
-234.076
-234.097
-234.656
-235.732
-237.301
-239.331
-241.786
-244.629
-247.821
-251.316
-255.07
-259.038
-263.176
-267.441
-271.791
-276.183
-280.574
-284.924
-289.191
-293.335
-297.316
-301.096
-304.641
-307.917
-310.895
-313.548
-315.852
-317.788
-319.339
-320.493
-321.241
-321.576
-321.497
-321.003
-320.1
-318.797
-317.104
-315.039
-312.619
-309.866
-306.807
-303.469
-299.882
-296.08
-292.094
-287.962
-283.718
-279.4
-275.048
-270.699
-266.393
-262.17
-258.069
-254.13
-250.392
-246.893
-243.669
-240.758
-238.194
-236.01
-234.238
-232.909
-232.049
-231.686
-231.843
-232.542
-233.803
-235.642
-238.073
-241.109
-244.759
-249.028
-253.92
-259.437
-265.576
-272.333
-279.702
-287.672
-296.232
-305.368
-315.062
-325.296
-336.048
-347.295
-359.011
-371.17
-383.74
-396.691
-409.988
-423.597
-437.48
-451.599
-465.913
-480.381
-494.96
-509.606
-524.274
-538.918
-553.493
-567.951
-582.244
-596.327
-610.151
-623.669
-636.835
-649.604
-661.93
-673.768
-685.076
-695.812
-705.934
-715.405
-724.186
-732.241
-739.538
-746.043
-751.728
-756.566
-760.533
-763.606
-765.766
-766.999
-767.291
-766.632
-765.017
-762.442
-758.908
-754.419
-748.982
-742.608
-735.313
-727.112
-718.027
-708.082
-697.304
-685.722
-673.37
-660.283
-646.5
-632.063
-617.014
-601.399
-585.267
-568.667
-551.65
-534.271
-516.583
-498.644
-480.511
-462.243
-443.901
-425.544
-407.234
-389.032
-370.999
-353.196
-335.683
-318.519
-301.761
-285.468
-269.693
-254.492
-239.916
-226.015
-212.839
-200.435
-188.847
-178.116
-168.281
-159.379
-151.44
-144.496
-138.573
-133.694
-129.881
-127.151
-125.519
-124.997
-125.592
-127.309
-130.145
-134.098
-139.156
-145.31
-152.54
-160.827
-170.144
-180.468
-191.765
-204.004
-217.147
-231.156
-245.988
-261.602
-277.952
-294.984
-312.644
-330.873
-349.608
-368.787
-388.342
-408.204
-428.303
-448.574
-468.951
-489.368
-509.758
-530.045
-550.156
-570.012
-589.536
-608.654
-627.291
-645.369
-662.824
-679.603
-695.663
-710.981
-725.524
-739.23
-752.04
-763.886
-774.689
-784.388
-792.92
-800.205
-806.198
-810.875
-814.232
-816.301
-817.097
-816.598
-814.78
-811.588
-806.989
-801.034
-793.785
-785.342
-775.873
-765.512
-754.43
-742.873
-731.028
-719.04
-707.034
-695.015
-683.01
-671.154
-659.489
-648.026
-636.68
-625.115
-612.973
-599.959
-585.735
-570.069
-552.977
-534.573
-515.281
-495.956
-477.501
-460.819
-446.452
-434.364
-423.962
-414.217
-403.78
-390.876
-373.455
-349.458
-317.422
-276.777
-227.924
-171.885
-111.05
-49.531
8.237
56.904
94.229
122.165
139.764
145.188
132.248
87.962
7.24
-109.859
-259.939
-428.519
-602.005
-766.928
-904.332
-1002.671
-1059.026
-1075.983
-1065.468
-1038.886
-999.619
-949.701
-891.222
-829.529
-775.036
-735.743
-713.404
-703.082
-697.214
-690.899
-683.094
-676.221
-672.026
-669.306
-665.413
-657.393
-643.771
-624.846
-601.798
-576.09
-549.032
-522.026
-496.189
-472.084
-450.033
-430
-411.632
-394.557
-378.244
-361.963
-345.291
-328.078
-310.266
-291.986
-273.365
-254.47
-235.465
-216.568
-197.926
-179.652
-161.823
-144.463
-127.659
-111.538
-96.231
-81.877
-68.573
-56.367
-45.308
-35.427
-26.741
-19.251
-12.932
-7.741
-3.639
-0.591
1.444
2.512
2.676
2.008
0.585
-1.508
-4.192
-7.391
-11.029
-15.033
-19.331
-23.846
-28.507
-33.243
-37.979
-42.638
-47.139
-51.403
-55.353
-58.911
-62.008
-64.58
-66.563
-67.898
-68.523
-68.371
-67.392
-65.559
-62.85
-59.261
-54.802
-49.494
-43.383
-36.541
-29.039
-20.944
-12.318
-3.21
6.329
16.252
26.503
37.015
47.752
58.712
69.906
81.361
93.115
105.204
117.694
130.692
144.27
158.47
173.3
188.717
204.654
221.019
237.697
254.56
271.421
288.039
304.133
319.393
333.513
346.214
357.183
366.081
372.618
376.56
377.735
376.05
371.457
363.954
353.586
340.445
324.702
306.595
286.424
264.543
241.288
216.966
191.91
166.471
140.966
115.675
90.825
66.581
43.089
20.475
-1.166
-21.766
-41.314
-59.843
-77.424
-94.168
-110.157
-125.449
-140.106
-154.191
-167.744
-180.788
-193.308
-205.252
-216.574
-227.233
-237.178
-246.357
-254.705
-262.146
-268.604
-274.005
-278.29
-281.423
-283.373
-284.112
-283.639
-281.98
-279.177
-275.305
-270.451
-264.706
-258.19
-251.035
-243.346
-235.221
-226.738
-217.941
-208.886
-199.617
-190.17
-180.611
-170.999
-161.371
-151.778
-142.253
-132.792
-123.376
-113.939
-104.374
-94.634
-84.715
-74.64
-64.51
-54.426
-44.502
-34.885
-25.674
-16.947
-8.79
-1.27
5.543
11.521
16.526
20.371
22.788
23.566
22.533
19.569
14.665
7.855
-0.791
-11.161
-23.149
-36.663
-51.587
-67.779
-85.083
-103.29
-122.176
-141.46
-160.747
-179.619
-197.649
-214.467
-229.806
-243.466
-255.277
-265.066
-272.712
-278.13
-281.291
-282.256
-281.078
-277.81
-272.516
-265.312
-256.411
-246.11
-234.748
-222.588
-209.834
-196.649
-183.202
-169.718
-156.347
-143.16
-130.142
-117.178
-104.218
-91.301
-78.483
-65.807
-53.292
-40.905
-28.63
-16.568
-4.824
6.501
17.335
27.685
37.479
46.555
54.68
61.552
66.969
70.851
73.152
73.848
72.96
70.522
66.657
61.619
55.622
48.842
41.428
33.462
25.098
16.559
8.1
0.005
-7.505
-14.282
-20.189
-25.106
-28.962
-31.709
-33.371
-34.047
-33.771
-32.538
-30.322
-27.064
-22.759
-17.435
-11.133
-3.912
4.199
13.17
22.945
33.477
44.709
56.573
69.038
82.021
95.346
108.957
122.875
137.208
152.287
168.332
185.457
203.982
224.144
245.789
268.54
291.575
313.689
334.156
352.492
368.028
380.569
390.553
398.882
407.385
418.284
433.11
453.515
481.43
518.048
564.094
618.354
677.245
737.615
796.409
852.587
907.347
957.752
998.515
1020.066
1008.991
960.342
874.834
760.273
630.338
490.727
346.096
200.776
59.993
-61.419
-152.599
-209.989
-236.298
-244.18
-242.725
-234.469
-219.88
-196.306
-164.295
-128.244
-92.348
-60.102
-33.237
-12.373
2.658
12.947
19.852
25.394
31.608
39.332
49.106
61.661
77.147
95.34
115.716
136.99
157.782
177.461
195.68
212.117
226.744
239.599
250.871
261.161
271.199
281.448
292.141
303.375
315.104
327.297
339.934
352.887
365.965
378.995
391.849
404.447
416.75
428.701
440.193
451.11
461.325
470.724
479.243
486.847
493.511
499.234
504.033
507.937
511
513.29
514.868
515.787
516.102
515.867
515.15
514.028
512.582
510.893
509.037
507.085
505.108
503.174
501.35
499.699
498.278
497.139
496.338
495.933
495.978
496.528
497.633
499.337
501.682
504.707
508.445
512.925
518.169
524.194
531.012
538.63
547.052
556.275
566.289
577.082
588.634
600.922
613.917
627.585
641.889
656.786
672.229
688.168
704.549
721.317
738.41
755.767
773.323
791.013
808.767
826.517
844.191
861.719
879.028
896.046
912.702
928.923
944.639
959.781
974.283
988.08
1001.109
1013.311
1024.629
1035.011
1044.407
1052.773
1060.068
1066.255
1071.304
1075.188
1077.887
1079.384
1079.668
1078.735
1076.584
1073.22
1068.656
1062.905
1055.991
1047.939
1038.782
1028.557
1017.306
1005.076
991.919
977.892
963.055
947.475
931.22
914.364
896.982
879.153
860.961
842.487
823.817
805.039
786.238
767.502
748.917
730.569
712.542
694.919
677.781
661.204
645.264
630.032
615.575
601.958
589.238
577.47
566.704
556.982
548.344
540.822
534.442
529.224
525.183
522.327
520.655
520.161
520.834
522.652
525.589
529.612
534.681
540.75
547.766
555.673
564.406
573.899
584.078
594.867
606.186
617.951
630.076
642.471
655.047
667.71
680.369
692.929
705.299
717.386
729.099
740.349
751.049
761.113
770.46
779.009
786.687
793.421
799.146
803.801
807.33
809.685
810.823
810.708
809.312
806.612
802.593
797.248
790.575
782.58
773.278
762.688
750.841
737.77
723.519
708.138
691.681
674.21
655.792
636.497
616.399
595.576
574.113
552.093
529.606
506.743
483.597
460.265
436.844
413.433
390.127
367.025
344.219
321.802
299.863
278.485
257.751
237.737
218.516
200.157
182.722
166.268
150.845
136.496
123.255
111.147
100.19
90.389
81.746
74.254
67.899
62.663
58.523
55.451
53.415
52.379
52.3
53.127
54.801
57.253
60.41
64.193
68.517
73.291
78.426
83.83
89.414
95.108
100.828
106.49
112.003
117.265
122.188
126.699
130.728
134.203
137.075
139.303
140.87
141.809
142.138
141.87
141.011
139.525
137.383
134.577
131.094
126.926
122.044
116.378
109.878
102.547
94.366
85.309
75.308
64.188
51.829
38.159
23.123
6.757
-10.92
-29.927
-50.254
-71.829
-94.483
-117.895
-141.794
-166.093
-190.604
-215.045
-238.906
-261.323
-281.74
-299.998
-315.956
-329.484
-340.426
-348.639
-354.594
-359.547
-364.448
-369.703
-375.245
-380.519
-385.254
-389.125
-390.986
-388.913
-380.731
-364.82
-340.753
-308.732
-269.959
-227.342
-184.171
-144.556
-110.017
-78.121
-48.498
-22.668
-9.26
-23.497
-74.191
-165.116
-289.034
-425.753
-557.382
-665.39
-736.646
-773.115
-778.875
-762.152
-733.488
-692.887
-642.033
-585.834
-526.484
-472.323
-427.911
-389.958
-357.479
-327.843
-300.17
-278.611
-264.924
-259.527
-261.841
-268.844
-277.922
-286.85
-294.184
-299.809
-303.747
-306.188
-307.327
-307.109
-306.049
-305.25
-305.44
-307.022
-310.112
-314.38
-319.59
-325.681
-332.35
-339.145
-345.686
-351.623
-356.828
-361.435
-365.615
-369.577
-373.516
-377.567
-381.827
-386.358
-391.172
-396.251
-401.541
-406.957
-412.448
-417.99
-423.607
-429.372
-435.319
-441.438
-447.692
-454.005
-460.321
-466.612
-472.839
-478.96
-484.954
-490.812
-496.552
-502.223
-507.862
-513.487
-519.112
-524.737
-530.371
-536.035
-541.748
-547.534
-553.416
-559.415
-565.557
-571.878
-578.406
-585.164
-592.171
-599.433
-606.961
-614.767
-622.858
-631.241
-639.918
-648.889
-658.155
-667.717
-677.57
-687.707
-698.114
-708.777
-719.677
-730.792
-742.097
-753.565
-765.165
-776.865
-788.63
-800.425
-812.214
-823.957
-835.617
-847.151
-858.519
-869.68
-880.59
-891.204
-901.48
-911.374
-920.844
-929.846
-938.341
-946.287
-953.648
-960.387
-966.468
-971.858
-976.525
-980.439
-983.572
-985.899
-987.397
-988.049
-987.837
-986.75
-984.777
-981.912
-978.153
-973.5
-967.956
-961.525
-954.217
-946.044
-937.02
-927.165
-916.499
-905.046
-892.834
-879.893
-866.255
-851.957
-837.037
-821.535
-805.494
-788.961
-771.986
-754.62
-736.919
-718.94
-700.743
-682.39
-663.947
-645.478
-627.05
-608.73
-590.585
-572.683
-555.093
-537.881
-521.114
-504.859
-489.181
-474.145
-459.813
-446.247
-433.504
-421.64
-410.705
-400.749
-391.817
-383.951
-377.187
-371.557
-367.092
-363.814
-361.742
-360.887
-361.252
-362.837
-365.63
-369.614
-374.763
-381.04
-388.405
-396.812
-406.209
-416.539
-427.74
-439.745
-452.485
-465.889
-479.881
-494.376
-509.284
-524.506
-539.942
-555.491
-571.048
-586.505
-601.752
-616.678
-631.182
-645.175
-658.561
-671.242
-683.115
-694.068
-704.009
-712.867
-720.581
-727.099
-732.377
-736.393
-739.154
-740.707
-741.1
-740.357
-738.477
-735.432
-731.215
-725.826
-719.281
-711.595
-702.75
-692.719
-681.5
-669.116
-655.588
-640.91
-625.022
-607.803
-589.173
-569.136
-547.768
-525.207
-501.586
-477.065
-451.835
-426.141
-400.307
-374.64
-349.387
-324.751
-300.935
-278.185
-256.826
-237.24
-219.738
-204.529
-191.742
-181.444
-173.697
-168.502
-165.783
-165.359
-166.96
-170.352
-175.373
-181.899
-189.804
-198.921
-209.01
-219.796
-231.075
-242.699
-254.551
-266.541
-278.564
-290.562
-302.542
-314.586
-326.829
-339.352
-352.179
-365.308
-378.722
-392.412
-406.385
-420.637
-435.102
-449.699
-464.326
-478.868
-493.222
-507.269
-520.86
-533.833
-546.018
-557.287
-567.538
-576.671
-584.615
-591.32
-596.767
-600.996
-604.08
-606.09
-607.13
-607.327
-606.833
-605.845
-604.55
-603.114
-601.678
-600.309
-599.12
-598.293
-597.838
-597.627
-597.369
-596.539
-594.701
-591.639
-586.955
-580.094
-570.885
-559.411
-546.169
-532.23
-518.323
-504.706
-491.873
-480.41
-470.187
-460.5
-449.848
-435.863
-416.825
-391.678
-358.968
-317.172
-265.504
-204.04
-134.294
-58.934
18.752
94.593
164.072
222.136
267.018
300.676
323.226
333.569
324.15
281.617
199.199
76.017
-79.254
-248.119
-413.661
-559.959
-675.912
-758.185
-807.302
-829.857
-834.038
-827.327
-817.801
-809.135
-803.976
-804.438
-807.66
-812.209
-817.03
-819.897
-822.355
-824.859
-826.076
-825.564
-821.818
-814.143
-803.383
-790.329
-775.897
-760.985
-746.271
-732.413
-719.861
-708.738
-698.913
-690.105
-682.08
-674.667
-667.697
-661.023
-654.443
-647.73
-640.685
-633.112
-624.88
-615.922
-606.183
-595.644
-584.333
-572.318
-559.719
-546.685
-533.345
-519.819
-506.217
-492.645
-479.245
-466.167
-453.545
-441.522
-430.2
-419.634
-409.859
-400.862
-392.578
-384.93
-377.826
-371.17
-364.89
-358.895
-353.089
-347.376
-341.653
-335.847
-329.896
-323.709
-317.22
-310.423
-303.387
-296.283
-289.335
-282.684
-276.434
-270.707
-265.501
-260.735
-256.229
-251.639
-246.614
-240.938
-234.481
-227.13
-219.147
-211.053
-203.386
-196.818
-191.803
-188.344
-186.242
-185.144
-183.686
-179.698
-170.928
-154.836
-129.418
-93.692
-46.934
11.292
79.801
156.105
237.26
319.638
400.262
477.372
549.235
614.202
671.963
723.215
769.221
812.006
852.977
892.599
931.452
970.213
1008.952
1047.349
1084.763
1120.065
1152.594
1182.235
1208.805
1232.147
1252.328
1269.526
1284.09
1296.615
1307.475
1316.846
1324.979
1332.051
1338.196
1343.567
1348.195
1352.005
1354.98
1357.136
1358.432
1358.832
1358.252
1356.537
1353.616
1349.498
1344.181
1337.663
1329.936
1320.976
1310.78
1299.363
1286.689
1272.699
1257.405
1240.859
1223.195
1204.639
1185.434
1165.872
1146.275
1126.894
1107.96
1089.693
1072.247
1055.772
1040.46
1026.49
1014.104
1003.597
995.15
988.888
984.884
983.083
983.396
985.664
989.615
995.015
1001.674
1009.412
1018.109
1027.656
1037.879
1048.603
1059.622
1070.666
1081.527
1092.031
1102.003
1111.353
1120.033
1128.037
1135.456
1142.363
1148.772
1154.685
1160.057
1164.829
1168.973
1172.455
1175.233
1177.307
1178.668
1179.299
1179.208
1178.369
1176.731
1174.235
1170.783
1166.289
1160.706
1154.003
1146.172
1137.229
1127.189
1116.086
1103.976
1090.91
1076.936
1062.109
1046.474
1030.091
1013.035
995.385
977.228
958.66
939.767
920.639
901.366
882.031
862.716
843.5
824.453
805.644
787.147
769.032
751.368
734.221
717.654
701.723
686.487
671.995
658.29
645.41
633.386
622.245
612.009
602.694
594.311
586.865
580.357
574.784
570.138
566.405
563.567
561.603
560.487
560.191
560.682
561.925
563.882
566.511
569.772
573.622
578.016
582.91
588.261
594.029
600.178
606.674
613.481
620.567
627.9
635.446
643.177
651.057
659.048
667.115
675.225
683.348
691.463
699.542
707.556
715.479
723.284
730.94
738.424
745.702
752.741
759.523
766.042
772.302
778.334
784.157
789.783
795.227
800.487
805.554
810.422
815.071
819.475
823.607
827.429
830.899
833.97
836.552
838.562
839.875
840.3
839.768
838.306
836.007
833.136
829.885
826.329
822.696
819.196
815.656
811.702
806.62
799.373
789.417
776.462
759.975
739.812
716.374
690.488
663.913
638.729
616.2
597.684
584.897
578.972
581.011
590.648
604.821
620.565
635.354
647.962
660.986
675.839
689.345
694.786
679.325
629.897
542.49
419.423
268.712
104.372
-61.829
-218.744
-351.3
-449.411
-510.423
-535.762
-535.199
-519.794
-492.4
-456.506
-416.514
-374.761
-338.767
-312.465
-292.792
-278.055
-264.774
-251.448
-240.812
-233.421
-229.105
-226.606
-223.136
-217.274
-208.165
-195.45
-179.834
-162.051
-142.895
-123.469
-104.356
-85.842
-68.334
-51.886
-36.314
-21.373
-6.595
8.533
24.236
40.567
57.546
75.06
92.981
111.185
129.464
147.6
165.447
182.901
199.869
216.27
231.982
246.857
260.787
273.693
285.511
296.2
305.73
314.079
321.249
327.261
332.129
335.86
338.462
339.94
340.305
339.582
337.799
334.987
331.182
326.42
320.737
314.167
306.742
298.494
289.452
279.645
269.107
257.874
245.983
233.476
220.392
206.772
192.655
178.082
163.089
147.713
131.988
115.946
99.623
83.049
66.258
49.278
32.142
14.877
-2.489
-19.931
-37.426
-54.952
-72.489
-90.02
-107.528
-125
-142.424
-159.786
-177.078
-194.288
-211.407
-228.428
-245.342
-262.144
-278.825
-295.378
-311.798
-328.078
-344.214
-360.199
-376.025
-391.684
-407.168
-422.469
-437.577
-452.482
-467.172
-481.638
-495.866
-509.844
-523.558
-536.99
-550.121
-562.929
-575.389
-587.474
-599.151
-610.385
-621.145
-631.393
-641.096
-650.218
-658.724
-666.579
-673.754
-680.216
-685.933
-690.868
-694.98
-698.231
-700.583
-701.999
-702.439
-701.867
-700.242
-697.536
-693.731
-688.807
-682.744
-675.516
-667.087
-657.442
-646.585
-634.528
-621.297
-606.927
-591.457
-574.961
-557.547
-539.319
-520.38
-500.807
-480.632
-459.906
-438.689
-417.043
-395.047
-372.738
-350.103
-327.157
-303.93
-280.441
-256.72
-232.731
-208.367
-183.565
-158.304
-132.627
-106.674
-80.574
-54.448
-28.47
-2.832
22.202
46.282
69.123
90.507
110.198
127.985
143.579
156.601
166.761
173.852
177.741
178.408
175.843
170.035
161.08
149.15
134.502
117.493
98.406
77.442
54.831
30.79
5.599
-20.374
-46.841
-73.591
-100.436
-127.243
-153.88
-180.195
-206.129
-231.698
-256.956
-282.016
-306.926
-331.658
-356.199
-380.524
-404.625
-428.533
-452.226
-475.633
-498.695
-521.345
-543.525
-565.194
-586.268
-606.624
-626.135
-644.662
-662.102
-678.393
-693.476
-707.302
-719.835
-731.04
-740.91
-749.464
-756.712
-762.663
-767.323
-770.699
-772.811
-773.698
-773.398
-771.949
-769.39
-765.756
-761.083
-755.411
-748.775
-741.207
-732.736
-723.388
-713.196
-702.197
-690.429
-677.932
-664.748
-650.914
-636.474
-621.472
-605.95
-589.943
-573.485
-556.602
-539.322
-521.674
-503.683
-485.376
-466.777
-447.917
-428.827
-409.551
-390.127
-370.595
-350.991
-331.347
-311.704
-292.099
-272.577
-253.181
-233.959
-214.957
-196.222
-177.805
-159.744
-142.073
-124.811
-107.946
-91.476
-75.394
-59.704
-44.43
-29.6
-15.243
-1.393
11.914
24.634
36.692
48.008
58.489
68.026
76.573
84.038
90.231
95.068
98.532
100.712
101.91
102.409
102.292
101.643
100.59
98.974
96.54
92.87
87.097
78.443
66.507
51.181
32.509
11.232
-11.461
-34.504
-55.389
-71.406
-81.603
-84.649
-81.151
-73.876
-62.92
-48.998
-32.268
-10.319
16.73
47.432
76.616
93.949
87.404
45.277
-36.119
-153.03
-297.216
-454.366
-612.072
-758.398
-878.047
-961.887
-1007.308
-1017.716
-1005.83
-984.057
-957.878
-929.319
-896.82
-857.812
-813.911
-768.512
-724.77
-686.506
-656.475
-635.21
-622.069
-615.847
-614.995
-618.218
-624.626
-632.552
-639.466
-643.744
-644.625
-641.769
-635.524
-626.236
-614.024
-599.635
-584.363
-568.964
-553.812
-539.094
-524.617
-510.276
-496.096
-481.799
-466.901
-451.179
-434.603
-417.274
-399.469
-381.38
-363.105
-344.849
-326.888
-309.402
-292.459
-275.98
-259.734
-243.565
-227.402
-211.197
-194.945
-178.578
-161.978
-145.066
-127.788
-110.074
-91.852
-72.975
-53.211
-32.455
-10.707
11.926
35.204
58.959
83.094
107.508
132.119
156.828
181.503
206.063
230.469
254.637
278.463
301.78
324.337
345.985
366.661
386.366
405.194
423.191
440.348
456.674
472.176
486.849
500.694
513.665
525.672
536.663
546.612
555.526
563.46
570.422
576.379
581.28
585.04
587.594
588.903
588.92
587.591
584.884
580.781
575.292
568.458
560.309
550.867
540.149
528.169
514.952
500.542
484.987
468.341
450.663
432.015
412.466
392.096
370.981
349.197
326.816
303.906
280.541
256.801
232.766
208.518
184.14
159.715
135.329
111.068
87.02
63.265
39.884
16.955
-5.447
-27.247
-48.372
-68.757
-88.337
-107.053
-124.849
-141.673
-157.478
-172.221
-185.863
-198.372
-209.718
-219.875
-228.822
-236.544
-243.031
-248.275
-252.276
-255.035
-256.559
-256.858
-255.947
-253.844
-250.566
-246.137
-240.58
-233.925
-226.2
-217.436
-207.663
-196.916
-185.234
-172.656
-159.226
-144.987
-129.981
-114.252
-97.849
-80.815
-63.192
-45.017
-26.325
-7.151
12.465
32.482
52.858
73.55
94.522
115.728
137.116
158.643
180.267
201.96
223.71
245.483
267.224
288.866
310.329
331.534
352.418
372.9
392.88
412.289
431.069
449.203
466.722
483.617
499.856
515.384
530.102
543.959
556.949
569.07
580.336
590.763
600.352
609.157
617.288
624.777
631.593
637.627
642.668
646.574
649.269
650.7
650.862
649.717
647.176
643.18
637.691
630.647
621.997
611.622
599.322
585.023
568.757
550.656
530.992
509.965
487.706
464.353
440.02
414.838
388.969
362.527
335.586
308.263
280.691
253.07
225.675
198.68
172.171
146.164
120.579
95.378
70.579
46.175
22.157
-1.47
-24.711
-47.53
-69.844
-91.609
-112.809
-133.459
-153.623
-173.321
-192.53
-211.209
-229.287
-246.712
-263.461
-279.506
-294.81
-309.348
-323.102
-336.074
-348.291
-359.769
-370.503
-380.478
-389.672
-398.075
-405.706
-412.603
-418.791
-424.272
-429.03
-433.033
-436.255
-438.679
-440.274
-440.989
-440.79
-439.658
-437.612
-434.725
-431.03
-426.524
-421.167
-414.849
-407.51
-399.148
-389.767
-379.405
-368.124
-355.969
-343.049
-329.552
-315.557
-301.098
-286.154
-270.587
-254.379
-237.602
-220.291
-202.603
-184.696
-166.544
-148.099
-129.229
-109.482
-88.446
-65.898
-41.493
-15.109
12.952
42.404
72.576
102.233
130.354
156.477
180.468
202.729
224.178
245.321
267.031
291.211
319.628
353.596
393.896
440.204
491.699
547.371
604.635
659.567
707.734
747.537
781.525
810.901
835.288
847.344
831.5
779.186
687.511
560.17
414.146
264.423
124.142
9.289
-73.698
-124.599
-145.611
-145.131
-130.499
-105.001
-73.95
-45.155
-25.443
-19.839
-28.078
-43.462
-60.283
-76.111
-91.363
-109.237
-130.942
-155.829
-182.697
-209.357
-234.554
-257.839
-279.126
-299.407
-320.071
-341.794
-364.787
-388.948
-413.922
-439.7
-466.276
-493.223
-519.899
-545.753
-570.448
-593.905
-616.205
-637.308
-657.122
-675.637
-692.887
-708.97
-723.973
-737.916
-750.8
-762.645
-773.506
-783.47
-792.607
-800.948
-808.509
-815.286
-821.27
-826.461
-830.85
-834.416
-837.151
-839.043
-840.086
-840.285
-839.638
-838.14
-835.786
-832.562
-828.461
-823.483
-817.631
-810.912
-803.335
-794.913
-785.657
-775.587
-764.717
-753.057
-740.617
-727.407
-713.438
-698.72
-683.266
-667.087
-650.195
-632.608
-614.341
-595.412
-575.84
-555.642
-534.839
-513.45
-491.498
-469.008
-446.003
-422.51
-398.557
-374.176
-349.399
-324.262
-298.802
-273.057
-247.068
-220.878
-194.533
-168.08
-141.57
-115.052
-88.58
-62.21
-36
-10.006
15.709
41.087
66.064
90.579
114.568
137.968
160.719
182.758
204.023
224.456
243.997
262.588
280.175
296.704
312.124
326.388
339.448
351.263
361.795
371.009
378.872
385.358
390.445
394.112
396.347
397.139
396.485
394.383
390.839
385.863
379.469
371.678
362.512
352.002
340.179
327.081
312.75
297.231
280.573
262.828
244.053
224.305
203.645
182.138
159.85
136.847
113.2
88.979
64.257
39.107
13.602
-12.184
-38.176
-64.301
-90.485
-116.654
-142.738
-168.666
-194.368
-219.778
-244.83
-269.462
-293.613
-317.224
-340.242
-362.612
-384.287
-405.22
-425.368
-444.69
-463.15
-480.713
-497.349
-513.029
-527.73
-541.429
-554.107
-565.748
-576.34
-585.873
-594.34
-601.738
-608.065
-613.323
-617.517
-620.654
-622.744
-623.797
-623.827
-622.85
-620.883
-617.945
-614.057
-609.239
-603.514
-596.905
-589.434
-581.126
-572.003
-562.089
-551.406
-539.979
-527.829
-514.979
-501.454
-487.277
-472.469
-457.054
-441.055
-424.495
-407.395
-389.776
-371.66
-353.068
-334.02
-314.537
-294.639
-274.347
-253.68
-232.661
-211.311
-189.65
-167.701
-145.485
-123.023
-100.339
-77.456
-54.401
-31.2
-7.884
15.515
38.962
62.421
85.852
109.216
132.472
155.577
178.489
201.161
223.549
245.606
267.285
288.537
309.31
329.554
349.217
368.247
386.59
404.196
421.014
436.998
452.105
466.294
479.525
491.758
502.959
513.096
522.136
530.051
536.811
542.392
546.782
549.977
551.978
552.795
552.44
550.927
548.276
544.512
539.652
533.712
526.701
518.624
509.505
499.391
488.338
476.42
463.711
450.275
436.193
421.561
406.452
390.936
375.062
358.857
342.396
325.784
309.139
292.602
276.283
260.237
244.519
229.178
214.201
199.577
185.247
171.051
156.909
142.813
128.729
114.671
100.698
86.869
73.383
60.604
48.806
38.245
29.275
22.105
16.698
12.751
9.465
5.785
0.852
-6.13
-15.948
-28.915
-44.616
-61.793
-78.12
-90.897
-97.522
-95.33
-81.907
-55.405
-15.801
34.534
92.251
153.521
216.033
280.13
344.208
403.763
450.965
473.158
460.893
411.927
330.28
226.875
111.991
-8.584
-129.646
-245.027
-343.825
-412.4
-443.159
-436.571
-402.278
-354.27
-301.176
-247.083
-191.64
-131.926
-69.26
-6.884
51.558
101.362
140.613
169.986
190.448
203.728
212.033
216.869
220.157
224.639
231.905
242.529
256.794
274.269
294.199
316.139
339.199
361.86
383.298
403.189
421.344
438.054
453.564
467.871
481.213
494.013
506.453
518.603
530.434
541.706
552.284
562.144
571.216
579.464
586.846
593.277
598.725
603.191
606.669
609.168
610.689
611.218
610.758
609.315
606.907
603.574
599.302
594.047
587.721
580.174
571.342
561.244
549.932
537.511
524.111
509.866
494.971
479.678
464.202
448.743
433.465
418.47
403.928
390.05
377.094
365.385
355.151
346.513
339.556
334.302
330.707
328.7
328.102
328.628
330.049
332.176
334.858
338.011
341.495
345.116
348.667
351.894
354.596
356.643
357.909
358.291
357.748
356.269
353.928
350.891
347.268
343.116
338.466
333.302
327.63
321.488
314.904
307.908
300.526
292.767
284.654
276.221
267.47
258.389
248.932
239.016
228.594
217.656
206.205
194.27
181.885
169.081
155.91
142.443
128.745
114.879
100.906
86.876
72.854
58.914
45.134
31.601
18.396
5.593
-6.737
-18.523
-29.702
-40.211
-49.999
-59.02
-67.231
-74.585
-81.037
-86.545
-91.07
-94.578
-97.04
-98.425
-98.712
-97.884
-95.929
-92.841
-88.619
-83.264
-76.782
-69.183
-60.482
-50.694
-39.841
-27.946
-15.035
-1.137
13.716
29.488
46.144
63.645
81.949
101.016
120.801
141.259
162.344
184.01
206.208
228.891
252.007
275.506
299.337
323.448
347.785
372.297
396.931
421.634
446.356
471.044
495.647
520.116
544.399
568.446
592.207
615.633
638.674
661.28
683.404
704.998
726.013
746.403
766.122
785.125
803.369
820.809
837.407
853.12
867.913
881.749
894.595
906.42
917.195
926.894
935.493
942.971
949.311
954.497
958.517
961.361
963.024
963.503
962.797
960.911
957.851
953.628
948.257
941.754
934.142
925.444
915.688
904.906
893.131
880.404
866.764
852.255
836.923
820.815
803.981
786.471
768.338
749.631
730.401
710.7
690.578
670.087
649.276
628.193
606.888
585.407
563.795
542.099
520.359
498.616
476.909
455.274
433.745
412.352
391.127
370.093
349.277
328.702
308.388
288.351
268.608
249.169
230.044
211.24
192.762
174.613
156.797
139.319
122.19
105.423
89.031
73.028
57.427
42.24
27.48
13.16
-0.713
-14.141
-27.121
-39.645
-51.7
-63.271
-74.346
-84.921
-94.991
-104.547
-113.579
-122.066
-129.993
-137.344
-144.095
-150.203
-155.612
-160.242
-164.016
-166.885
-168.811
-169.749
-169.665
-168.502
-166.211
-162.796
-158.276
-152.698
-146.141
-138.68
-130.389
-121.39
-111.861
-101.892
-91.496
-80.559
-68.803
-55.995
-42.01
-26.789
-10.308
7.155
25.1
42.954
59.8
74.809
87.47
97.452
104.816
110.491
115.834
122.112
131.19
144.929
164.842
192.771
229.881
275.848
329.978
390.321
452.803
513.849
569.471
617.855
661.512
699.855
730.358
745.764
731.826
682.053
595.97
478.294
345.468
211.993
90.53
-3.536
-64.005
-91.514
-89.511
-68.274
-35.449
8.152
60.858
120.242
179.919
228.976
260.327
272.76
271.313
263.853
254.814
244.383
229.987
209.515
184.047
157.295
132.95
112.798
97.057
84.947
75.36
67.679
61.053
54.027
45.713
35.726
23.874
10.423
-4.349
-20.328
-37.168
-54.37
-71.675
-88.978
-106.271
-123.702
-141.353
-159.244
-177.462
-196.106
-215.242
-234.926
-255.149
-275.854
-297.003
-318.566
-340.507
-362.791
-385.363
-408.157
-431.12
-454.207
-477.377
-500.586
-523.78
-546.903
-569.895
-592.689
-615.221
-637.426
-659.234
-680.583
-701.405
-721.635
-741.213
-760.086
-778.195
-795.485
-811.898
-827.378
-841.87
-855.325
-867.694
-878.934
-889.003
-897.867
-905.497
-911.866
-916.954
-920.743
-923.221
-924.375
-924.201
-922.695
-919.86
-915.703
-910.233
-903.467
-895.423
-886.127
-875.608
-863.898
-851.036
-837.06
-822.014
-805.945
-788.902
-770.94
-752.111
-732.475
-712.09
-691.02
-669.327
-647.079
-624.342
-601.183
-577.673
-553.88
-529.875
-505.726
-481.505
-457.281
-433.124
-409.105
-385.292
-361.753
-338.558
-315.771
-293.46
-271.689
-250.519
-230.012
-210.225
-191.217
-173.041
-155.749
-139.392
-124.016
-109.665
-96.382
-84.204
-73.169
-63.307
-54.649
-47.218
-41.038
-36.127
-32.499
-30.164
-29.13
-29.4
-30.973
-33.844
-38.006
-43.446
-50.147
-58.09
-67.249
-77.597
-89.103
-101.729
-115.438
-130.186
-145.927
-162.612
-180.188
-198.601
-217.792
-237.702
-258.268
-279.426
-301.108
-323.248
-345.777
-368.626
-391.723
-414.999
-438.383
-461.807
-485.199
-508.493
-531.619
-554.513
-577.108
-599.342
-621.153
-642.482
-663.271
-683.466
-703.015
-721.869
-739.981
-757.309
-773.812
-789.455
-804.204
-818.03
-830.905
-842.808
-853.719
-863.622
-872.504
-880.357
-887.175
-892.954
-897.695
-901.401
-904.075
-905.726
-906.363
-905.995
-904.637
-902.303
-899.009
-894.772
-889.612
-883.549
-876.605
-868.803
-860.166
-850.72
-840.489
-829.501
-817.783
-805.361
-792.265
-778.524
-764.167
-749.224
-733.725
-717.702
-701.184
-684.203
-666.789
-648.973
-630.786
-612.26
-593.425
-574.316
-554.965
-535.407
-515.677
-495.813
-475.854
-455.84
-435.811
-415.809
-395.877
-376.059
-356.4
-336.944
-317.737
-298.824
-280.25
-262.064
-244.31
-227.033
-210.278
-194.088
-178.507
-163.576
-149.338
-135.829
-123.087
-111.146
-100.041
-89.804
-80.465
-72.05
-64.585
-58.093
-52.588
-48.084
-44.585
-42.085
-40.576
-40.042
-40.465
-41.821
-44.084
-47.225
-51.218
-56.039
-61.661
-68.051
-75.168
-82.968
-91.407
-100.445
-110.041
-120.151
-130.729
-141.722
-153.089
-164.787
-176.758
-188.931
-201.208
-213.471
-225.604
-237.509
-249.097
-260.274
-270.953
-281.036
-290.432
-299.094
-306.999
-314.126
-320.465
-326.023
-330.79
-334.841
-338.379
-341.493
-344.169
-346.292
-347.5
-347.504
-346.252
-343.533
-339.021
-332.843
-325.369
-317.348
-310.336
-305.562
-303.585
-305.19
-311.061
-320.751
-333.227
-346.838
-357.587
-361.895
-358.374
-344.375
-319.415
-285.537
-241.633
-188.5
-127.762
-57.618
19.373
98.031
172.655
231.719
264.613
264.912
227.658
155.611
55.787
-65.917
-199.25
-333.818
-458.684
-557.953
-620.858
-644.23
-631.428
-594.976
-547.702
-497.151
-447.607
-398.983
-350.032
-302.327
-258.009
-219.739
-190.598
-170.604
-157.857
-149.771
-142.772
-134.817
-125.346
-113.616
-98.968
-81.328
-60.971
-38.994
-17.222
3.373
22.558
40.173
56.271
70.908
84.151
96.498
108.727
121.324
134.497
148.285
162.574
177.333
192.584
208.253
224.203
240.287
256.383
272.424
288.368
304.146
319.649
334.746
349.328
363.32
376.674
389.359
401.355
412.631
423.169
432.968
442.014
450.301
457.82
464.552
470.483
475.613
479.946
483.495
486.271
488.28
489.524
490.009
489.738
488.717
486.951
484.445
481.211
477.264
472.626
467.322
461.379
454.823
447.684
439.994
431.784
423.086
413.934
404.361
394.404
384.101
373.491
362.615
351.512
340.224
328.792
317.259
305.666
294.054
282.461
270.927
259.489
248.184
237.047
226.112
215.41
204.97
194.822
184.99
175.499
166.37
157.623
149.273
141.337
133.828
126.756
120.131
113.961
108.252
103.009
98.234
93.93
90.096
86.731
83.832
81.396
79.415
77.884
76.795
76.14
75.908
76.091
76.679
77.662
79.028
80.769
82.873
85.331
88.134
91.27
94.732
98.511
102.597
106.983
111.66
116.62
121.855
127.357
133.118
139.129
145.381
151.864
158.569
165.487
172.605
179.914
187.402
195.057
202.867
210.818
218.898
227.092
235.386
243.765
252.214
260.715
269.252
277.807
286.36
294.893
303.384
311.813
320.159
328.398
336.509
344.468
352.253
359.839
367.205
374.328
381.186
387.757
394.02
399.957
405.548
410.776
415.624
420.077
424.12
427.741
430.928
433.671
435.96
437.787
439.143
440.022
440.42
440.331
439.751
438.679
437.113
435.054
432.503
429.463
425.937
421.929
417.445
412.491
407.074
401.201
394.879
388.116
380.921
373.304
365.272
356.835
348.003
338.783
329.184
319.214
308.882
298.194
287.159
275.784
264.078
252.051
239.712
227.074
214.148
200.947
187.485
173.776
159.835
145.678
131.319
116.775
102.065
87.206
72.218
57.121
41.938
26.691
11.405
-3.896
-19.187
-34.443
-49.639
-64.748
-79.743
-94.597
-109.28
-123.764
-138.016
-152.006
-165.704
-179.078
-192.099
-204.739
-216.971
-228.774
-240.126
-251.009
-261.407
-271.302
-280.679
-289.524
-297.822
-305.559
-312.719
-319.287
-325.251
-330.605
-335.346
-339.476
-343
-345.92
-348.242
-349.971
-351.112
-351.673
-351.655
-351.054
-349.875
-348.127
-345.835
-343.037
-339.765
-336.032
-331.848
-327.215
-322.128
-316.582
-310.552
-303.984
-296.834
-289.062
-280.654
-271.642
-262.053
-251.899
-241.184
-229.886
-217.997
-205.575
-192.685
-179.369
-165.687
-151.691
-137.478
-123.269
-109.3
-95.768
-82.838
-70.572
-58.989
-48.2
-38.313
-29.315
-21.082
-13.256
-5.364
2.88
11.653
21.258
32.031
44.163
57.611
71.853
86.094
99.829
112.767
124.553
134.966
144.308
153.464
163.944
177.447
195.254
218.421
248.196
285.777
331.562
384.852
444.12
506.701
569.214
628.677
681.137
724.716
760.972
789.267
808.634
813.666
791.814
735.687
642.073
514.527
369.489
223.543
92.961
-8.277
-78.445
-121.781
-147.032
-164.433
-177.734
-186.137
-186.953
-179.142
-165.043
-148.671
-133.784
-121.499
-111.678
-104.286
-98.406
-93
-87.375
-80.744
-73.381
-66.66
-61.153
-56.608
-53.054
-50.667
-49.749
-50.817
-53.693
-57.503
-62.019
-67.767
-75.231
-84.746
-96.366
-109.712
-124.496
-140.807
-158.452
-176.875
-195.633
-214.296
-232.576
-250.507
-268.112
-285.261
-301.871
-317.851
-333.018
-347.317
-360.709
-373.115
-384.572
-395.124
-404.836
-413.871
-422.361
-430.358
-437.895
-444.933
-451.384
-457.206
-462.358
-466.793
-470.514
-473.497
-475.702
-477.11
-477.671
-477.314
-475.956
-473.469
-469.733
-464.672
-458.231
-450.38
-441.117
-430.431
-418.33
-404.841
-389.987
-373.789
-356.274
-337.463
-317.391
-296.108
-273.677
-250.171
-225.673
-200.264
-174.025
-147.044
-119.406
-91.197
-62.504
-33.408
-3.998
25.635
55.394
85.179
114.889
144.424
173.686
202.572
230.983
258.825
286.006
312.44
338.042
362.732
386.434
409.075
430.59
450.917
469.999
487.785
504.23
519.293
532.941
545.149
555.894
565.163
572.946
579.24
584.047
587.376
589.239
589.654
588.642
586.232
582.457
577.352
570.961
563.328
554.503
544.538
533.489
521.414
508.371
494.421
479.626
464.047
447.75
430.796
413.25
395.176
376.636
357.693
338.409
318.842
299.053
279.097
259.029
238.904
218.77
198.679
178.676
158.807
139.114
119.637
100.415
81.483
62.875
44.621
26.749
9.288
-7.74
-24.311
-40.405
-56.004
-71.091
-85.65
-99.666
-113.128
-126.024
-138.344
-150.079
-161.221
-171.763
-181.699
-191.025
-199.734
-207.823
-215.289
-222.129
-228.34
-233.919
-238.866
-243.179
-246.856
-249.898
-252.305
-254.075
-255.211
-255.713
-255.581
-254.819
-253.427
-251.408
-248.766
-245.503
-241.624
-237.134
-232.037
-226.34
-220.048
-213.169
-205.71
-197.679
-189.083
-179.932
-170.235
-160
-149.238
-137.958
-126.171
-113.889
-101.122
-87.884
-74.186
-60.043
-45.467
-30.474
-15.08
0.701
16.851
33.352
50.185
67.331
84.768
102.475
120.429
138.608
156.986
175.537
194.237
213.058
231.974
250.955
269.971
288.99
307.982
326.912
345.746
364.445
382.972
401.287
419.35
437.12
454.555
471.61
488.242
504.407
520.061
535.16
549.66
563.519
576.694
589.143
600.828
611.711
621.756
630.927
639.191
646.521
652.889
658.272
662.647
665.994
668.297
669.544
669.725
668.834
666.868
663.829
659.729
654.587
648.428
641.28
633.175
624.15
614.241
603.492
591.946
579.639
566.611
552.903
538.566
523.658
508.235
492.349
476.047
459.378
442.39
425.136
407.667
390.026
372.268
354.46
336.679
319.03
301.61
284.507
267.795
251.535
235.782
220.588
205.999
192.05
178.764
166.144
154.177
142.833
132.035
121.716
111.77
102.028
92.438
83.046
73.964
65.472
57.865
51.308
45.954
41.944
38.981
36.549
34.083
30.659
25.494
18.131
8.241
-4.103
-17.934
-31.851
-44.476
-53.921
-58.359
-56.206
-45.999
-26.902
0.832
36.206
78.206
124.096
169.506
210.059
241.997
265.132
281.801
292.46
293.299
274.31
225.362
141.833
25.298
-112.179
-254.897
-388.762
-498.259
-575.396
-620.557
-635.826
-628.84
-606.786
-569.263
-518.72
-459.921
-396.236
-336.183
-283.951
-236.73
-193.85
-153.411
-115.104
-82.803
-58.001
-40.729
-30.115
-23.275
-17.547
-10.504
-0.542
12.703
29.281
48.863
71.007
95.404
121.205
147.069
172.173
196.173
218.992
240.927
262.168
282.729
302.841
322.903
343.115
363.52
384.017
404.339
424.297
443.797
462.705
480.87
498.154
514.413
529.571
543.613
556.52
568.269
578.836
588.188
596.319
603.247
608.983
613.533
616.897
619.067
620.046
619.848
618.489
615.991
612.37
607.644
601.835
594.97
587.077
578.189
568.332
557.533
545.824
533.242
519.827
505.621
490.666
475.007
458.687
441.753
424.25
406.222
387.712
368.76
349.408
329.699
309.675
289.376
268.843
248.117
227.237
206.243
185.173
164.062
142.946
121.858
100.831
79.896
59.081
38.413
17.917
-2.383
-22.464
-42.307
-61.894
-81.206
-100.231
-118.952
-137.359
-155.438
-173.18
-190.576
-207.616
-224.293
-240.596
-256.519
-272.053
-287.19
-301.923
-316.243
-330.142
-343.612
-356.646
-369.234
-381.37
-393.043
-404.244
-414.965
-425.193
-434.92
-444.132
-452.819
-460.967
-468.563
-475.594
-482.045
-487.903
-493.152
-497.778
-501.765
-505.099
-507.766
-509.752
-511.042
-511.624
-511.488
-510.623
-509.02
-506.674
-503.579
-499.733
-495.136
-489.79
-483.698
-476.869
-469.312
-461.04
-452.067
-442.411
-432.095
-421.142
-409.58
-397.438
-384.751
-371.554
-357.888
-343.794
-329.317
-314.505
-299.407
-284.076
-268.566
-252.933
-237.234
-221.529
-205.876
-190.337
-174.973
-159.843
-145.008
-130.527
-116.458
-102.859
-89.784
-77.285
-65.415
-54.22
-43.746
-34.036
-25.129
-17.06
-9.862
-3.561
1.816
6.251
9.728
12.236
13.767
14.32
13.896
12.502
10.148
6.848
2.623
-2.505
-8.509
-15.36
-23.022
-31.459
-40.631
-50.496
-61.009
-72.122
-83.789
-95.957
-108.578
-121.599
-134.967
-148.631
-162.537
-176.634
-190.87
-205.194
-219.556
-233.908
-248.203
-262.396
-276.443
-290.305
-303.943
-317.321
-330.404
-343.162
-355.568
-367.595
-379.22
-390.423
-401.185
-411.492
-421.332
-430.694
-439.572
-447.96
-455.857
-463.264
-470.184
-476.621
-482.582
-488.075
-493.109
-497.698
-501.854
-505.59
-508.921
-511.861
-514.428
-516.638
-518.508
-520.053
-521.29
-522.235
-522.904
-523.312
-523.476
-523.408
-523.12
-522.624
-521.933
-521.058
-520.01
-518.795
-517.42
-515.892
-514.218
-512.401
-510.441
-508.327
-506.052
-503.605
-500.977
-498.158
-495.133
-491.89
-488.417
-484.712
-480.777
-476.611
-472.209
-467.559
-462.647
-457.467
-452.016
-446.291
-440.289
-434.002
-427.426
-420.564
-413.415
-405.971
-398.205
-390.066
-381.504
-372.483
-362.971
-352.949
-342.428
-331.418
-319.944
-308.055
-295.776
-283.144
-270.229
-257.106
-243.881
-230.679
-217.58
-204.709
-192.268
-180.348
-168.944
-157.942
-146.939
-135.556
-123.726
-111.385
-98.453
-85.142
-71.689
-58.569
-46.973
-37.958
-31.769
-28.317
-27.135
-27.198
-27.624
-27.092
-23.111
-13.343
3.712
28.955
62.274
102.964
149.337
197.681
243.286
281.241
310.195
332.827
349.844
359.678
353.844
318.217
245.218
133.391
-8.655
-162.557
-311.764
-440.766
-539.214
-605.275
-639.691
-646.738
-632.548
-600.883
-557.602
-511.038
-467.787
-434.805
-414.178
-401.15
-392.18
-384.164
-376.87
-374.161
-377.378
-386.016
-398.121
-410.335
-420.849
-428.676
-433.327
-435.27
-435.05
-433.547
-432.01
-431.045
-430.861
-431.702
-433.475
-435.986
-439.065
-442.187
-444.713
-446.331
-446.888
-446.328
-444.747
-442.186
-438.639
-434.218
-429.053
-423.222
-416.811
-409.857
-402.377
-394.443
-386.108
-377.403
-368.357
-358.963
-349.201
-339.057
-328.501
-317.492
-306.004
-294.013
-281.497
-268.445
-254.84
-240.659
-225.882
-210.481
-194.435
-177.729
-160.346
-142.276
-123.516
-104.067
-83.938
-63.144
-41.699
-19.612
3.1
26.422
50.332
74.804
99.809
125.317
151.288
177.678
204.439
231.516
258.853
286.393
314.073
341.827
369.589
397.286
424.846
452.194
479.252
505.941
532.178
557.881
582.966
607.351
630.952
653.685
675.47
696.226
715.874
734.34
751.55
767.435
781.93
794.972
806.506
816.481
824.851
831.577
836.626
839.972
841.597
841.488
839.643
836.062
830.756
823.742
815.045
804.696
792.734
779.203
764.156
747.651
729.754
710.535
690.071
668.443
645.739
622.049
597.468
572.093
546.025
519.368
492.226
464.705
436.911
408.951
380.929
352.95
325.116
297.527
270.279
243.465
217.175
191.494
166.502
142.274
118.881
96.386
74.851
54.326
34.861
16.495
-0.734
-16.799
-31.675
-45.344
-57.796
-69.022
-79.022
-87.8
-95.365
-101.731
-106.916
-110.941
-113.833
-115.622
-116.339
-116.018
-114.699
-112.418
-109.217
-105.137
-100.219
-94.507
-88.043
-80.868
-73.025
-64.554
-55.495
-45.887
-35.767
-25.171
-14.133
-2.688
9.135
21.303
33.789
46.564
59.602
72.877
86.365
100.041
113.883
127.868
141.975
156.181
170.465
184.806
199.183
213.572
227.951
242.298
256.588
270.796
284.896
298.862
312.666
326.278
339.668
352.805
365.655
378.185
390.359
402.141
413.494
424.378
434.756
444.589
453.836
462.459
470.419
477.679
484.201
489.948
494.887
498.983
502.206
504.528
505.922
506.363
505.832
504.312
501.789
498.255
493.703
488.13
481.54
473.937
465.332
455.737
445.169
433.647
421.196
407.844
393.621
378.565
362.713
346.108
328.794
310.822
292.242
273.109
253.48
233.412
212.965
192.202
171.185
149.977
128.643
107.245
85.848
64.515
43.31
22.294
1.527
-18.936
-39.04
-58.732
-77.961
-96.678
-114.834
-132.383
-149.274
-165.457
-180.883
-195.507
-209.289
-222.189
-234.175
-245.221
-255.31
-264.431
-272.579
-279.747
-285.929
-291.127
-295.348
-298.608
-300.921
-302.301
-302.767
-302.337
-301.033
-298.878
-295.885
-292.044
-287.336
-281.72
-275.167
-267.67
-259.214
-249.779
-239.345
-227.881
-215.397
-201.966
-187.663
-172.565
-156.769
-140.321
-123.353
-106.116
-88.738
-71.283
-53.702
-35.709
-17.142
1.952
21.715
42.37
63.765
85.617
107.216
127.15
144.513
158.862
169.295
175.27
177.238
175.903
173.776
174.517
179.802
191.708
211.083
238.064
275.428
323.17
381.848
451.436
526.68
605.105
682.172
750.347
805.04
838.543
842.425
812.158
746.448
647.444
522.863
385.578
248.44
127.441
37.635
-16.382
-36.837
-33.525
-20.301
-3.842
15.045
38.662
69.802
106.635
145.01
180.523
209.464
230.467
242.684
245.899
241.759
232.248
219.324
205.257
191.202
177.798
166.274
157.236
150.385
145.086
140.164
134.205
126.607
117.12
105.304
91.095
74.654
56.246
36.531
16.252
-4.236
-24.766
-45.208
-65.573
-85.828
-105.921
-125.938
-145.985
-166.095
-186.267
-206.457
-226.604
-246.699
-266.769
-286.818
-306.828
-326.758
-346.541
-366.115
-385.418
-404.378
-422.909
-440.928
-458.357
-475.131
-491.193
-506.486
-520.948
-534.513
-547.115
-558.695
-569.201
-578.586
-586.81
-593.841
-599.651
-604.224
-607.547
-609.609
-610.4
-609.914
-608.148
-605.101
-600.781
-595.195
-588.358
-580.288
-571.01
-560.549
-548.94
-536.214
-522.408
-507.56
-491.712
-474.907
-457.191
-438.611
-419.213
-399.049
-378.17
-356.627
-334.474
-311.762
-288.544
-264.872
-240.799
-216.377
-191.657
-166.691
-141.527
-116.216
-90.806
-65.345
-39.88
-14.456
10.881
36.088
61.122
85.942
110.507
134.779
158.721
182.297
205.473
228.215
250.491
272.27
293.523
314.22
334.334
353.836
372.703
390.907
408.425
425.233
441.308
456.629
471.173
484.92
497.852
509.948
521.192
531.567
541.057
549.649
557.329
564.085
569.909
574.792
578.725
581.706
583.728
584.791
584.892
584.034
582.217
579.446
575.725
571.062
565.466
558.946
551.515
543.186
533.975
523.9
512.98
501.237
488.693
475.373
461.303
446.511
431.028
414.883
398.109
380.741
362.811
344.357
325.413
306.017
286.206
266.018
245.492
224.665
203.576
182.266
160.773
139.137
117.399
95.597
73.773
51.965
30.215
8.561
-12.958
-34.303
-55.436
-76.319
-96.915
-117.19
-137.108
-156.635
-175.738
-194.387
-212.55
-230.198
-247.303
-263.838
-279.777
-295.094
-309.767
-323.773
-337.089
-349.695
-361.572
-372.703
-383.07
-392.659
-401.456
-409.448
-416.625
-422.977
-428.498
-433.179
-437.018
-440.01
-442.155
-443.453
-443.906
-443.518
-442.292
-440.237
-437.358
-433.666
-429.17
-423.882
-417.813
-410.976
-403.388
-395.064
-386.022
-376.279
-365.856
-354.773
-343.05
-330.709
-317.772
-304.261
-290.199
-275.61
-260.518
-244.948
-228.928
-212.482
-195.639
-178.428
-160.878
-143.017
-124.876
-106.483
-87.867
-69.058
-50.086
-30.981
-11.773
7.506
26.825
46.149
65.445
84.679
103.819
122.834
141.69
160.356
178.798
196.984
214.88
232.452
249.662
266.471
282.841
298.735
314.119
328.96
343.226
356.888
369.922
382.303
394.007
405.006
415.268
424.758
433.441
441.28
448.237
454.272
459.341
463.404
466.424
468.361
469.18
468.842
467.305
464.541
460.531
455.262
448.733
440.948
431.922
421.69
410.293
397.8
384.284
369.825
354.519
338.459
321.716
304.353
286.397
267.806
248.547
228.537
207.621
185.796
163.111
139.641
115.633
91.285
66.669
42.046
17.706
-6.626
-31.382
-57.163
-85.225
-116.551
-151.803
-192.091
-237.508
-286.26
-336.574
-387.01
-437.547
-490.118
-544.526
-595.436
-632.298
-644.818
-628.34
-587.305
-535.7
-486.76
-448.137
-420.895
-399.945
-383.559
-375.733
-385.284
-422.449
-491.223
-589.321
-708.132
-834.809
-957.192
-1063.005
-1142.652
-1192.438
-1213.92
-1214.149
-1200.633
-1177.402
-1145.226
-1102.322
-1049.557
-991.069
-931.457
-875.681
-826.492
-784.394
-749.942
-722.945
-701.72
-684.245
-668.529
-652.37
-634.678
-614.981
-592.297
-566.207
-537.126
-505.697
-472.988
-440.304
-408.196
-376.902
-346.871
-318.171
-290.755
-264.576
-239.199
-214.119
-189.147
-164.201
-139.259
-114.454
-89.845
-65.469
-41.49
-18.061
4.697
26.672
47.805
68.053
87.369
105.728
123.107
139.494
154.898
169.335
182.831
195.431
207.167
218.061
228.145
237.443
245.987
253.821
260.98
267.503
273.429
278.791
283.624
287.964
291.836
295.263
298.262
300.842
303.016
304.8
306.209
307.254
307.944
308.286
308.285
307.944
307.262
306.233
304.846
303.087
300.943
298.399
295.439
292.046
288.202
283.889
279.088
273.781
267.95
261.575
254.639
247.124
239.014
230.296
220.959
210.993
200.392
189.153
177.276
164.763
151.621
137.86
123.492
108.536
93.01
76.941
60.355
43.285
25.765
7.835
-10.462
-29.081
-47.974
-67.089
-86.372
-105.769
-125.221
-144.669
-164.052
-183.309
-202.378
-221.195
-239.697
-257.822
-275.507
-292.692
-309.317
-325.323
-340.656
-355.261
-369.088
-382.089
-394.217
-405.432
-415.694
-424.968
-433.223
-440.431
-446.567
-451.612
-455.549
-458.365
-460.05
-460.6
-460.011
-458.285
-455.426
-451.444
-446.349
-440.156
-432.884
-424.553
-415.189
-404.818
-393.468
-381.172
-367.962
-353.873
-338.942
-323.206
-306.702
-289.473
-271.559
-253.004
-233.852
-214.148
-193.937
-173.267
-152.185
-130.738
-108.975
-86.943
-64.69
-42.266
-19.721
2.895
25.529
48.13
70.647
93.026
115.216
137.165
158.82
180.131
201.046
221.515
241.485
260.902
279.715
297.869
315.31
331.981
347.826
362.792
376.826
389.879
401.903
412.851
422.684
431.363
438.857
445.128
450.143
453.867
456.265
457.304
456.958
455.197
451.999
447.348
441.231
433.651
424.616
414.132
402.208
388.849
374.052
357.838
340.241
321.297
301.061
279.608
257.026
233.441
208.987
183.772
157.889
131.414
104.389
76.871
48.914
20.557
-8.122
-37.052
-66.18
-95.419
-124.703
-154.005
-183.32
-212.701
-242.231
-271.914
-301.709
-331.543
-361.255
-390.685
-419.642
-447.868
-475.161
-501.346
-526.244
-549.745
-571.735
-592.042
-610.485
-626.831
-640.799
-652.216
-660.976
-667.004
-670.348
-671.094
-669.389
-665.5
-659.656
-652.036
-642.815
-632.104
-620.007
-606.693
-592.335
-577.131
-561.342
-545.162
-528.75
-512.265
-495.779
-479.317
-462.859
-446.282
-429.482
-412.415
-395.05
-377.4
-359.5
-341.348
-322.96
-304.368
-285.565
-266.558
-247.357
-227.952
-208.371
-188.677
-168.946
-149.297
-129.841
-110.648
-91.785
-73.303
-55.224
-37.563
-20.299
-3.368
13.277
29.674
45.854
61.826
77.606
93.221
108.688
124.023
139.23
154.284
169.172
183.85
198.246
212.3
225.854
238.687
250.706
261.895
272.374
282.469
292.412
302.344
312.538
323.174
334.135
345.099
355.196
363.198
368.215
369.527
366.567
359.372
348.463
334.906
320.91
309.128
301.87
301.609
310.467
329.501
359.352
398.874
444.15
491.135
535.473
574.147
607.936
636.26
656.153
661.778
641.572
586.263
492.769
362.803
207.219
40.262
-124.175
-270.485
-387.145
-466.958
-508.053
-514.784
-494.773
-458.768
-416.858
-378.893
-352.175
-337.367
-331.877
-329.635
-325.666
-320.352
-316.14
-317.164
-326.159
-342.249
-363.316
-386.405
-408.626
-428.37
-444.994
-458.354
-468.636
-476.251
-481.537
-485.05
-487.794
-490.569
-493.731
-497.398
-501.384
-505.359
-509.144
-512.486
-514.966
-516.326
-516.456
-515.336
-513.102
-509.899
-505.799
-500.89
-495.298
-489.107
-482.407
-475.289
-467.777
-459.893
-451.667
-443.113
-434.25
-425.094
-415.641
-405.874
-395.791
-385.39
-374.675
-363.659
-352.346
-340.736
-328.825
-316.604
-304.067
-291.213
-278.036
-264.531
-250.69
-236.508
-221.986
-207.129
-191.937
-176.405
-160.527
-144.296
-127.708
-110.757
-93.439
-75.748
-57.683
-39.241
-20.425
-1.238
18.316
38.235
58.516
79.153
100.142
121.475
143.147
165.147
187.466
210.091
233.005
256.19
279.627
303.293
327.163
351.208
375.398
399.701
424.079
448.496
472.911
497.28
521.559
545.7
569.655
593.375
616.808
639.902
662.605
684.863
706.625
727.835
748.441
768.389
787.625
806.097
823.753
840.542
856.415
871.323
885.221
898.066
909.818
920.441
929.903
938.173
945.228
951.047
955.616
958.925
960.968
961.746
961.266
959.537
956.578
952.409
947.057
940.553
932.935
924.244
914.523
903.825
892.202
879.712
866.417
852.382
837.675
822.368
806.534
790.249
773.592
756.642
739.479
722.183
704.837
687.521
670.313
653.295
636.541
620.126
604.122
588.599
573.621
559.25
545.543
532.554
520.333
508.925
498.37
488.703
479.957
472.157
465.326
459.482
454.635
450.795
447.964
446.141
445.319
445.487
446.631
448.731
451.762
455.698
460.505
466.149
472.591
479.787
487.694
496.262
505.441
515.178
525.421
536.111
547.194
558.611
570.303
582.212
594.278
606.441
618.642
630.822
642.921
654.881
666.644
678.153
689.351
700.185
710.599
720.543
729.966
738.818
747.054
754.63
761.504
767.637
772.993
777.541
781.25
784.096
786.056
787.113
787.25
786.456
784.724
782.049
778.431
773.871
768.375
761.953
754.618
746.384
737.271
727.3
716.497
704.888
692.505
679.38
665.548
651.047
635.917
620.199
603.936
587.175
569.962
552.343
534.366
516.078
497.526
478.756
459.812
440.736
421.568
402.346
383.108
363.887
344.716
325.622
306.632
287.771
269.06
250.518
232.164
214.008
196.064
178.34
160.842
143.576
126.542
109.74
93.168
76.824
60.703
44.799
29.104
13.61
-1.695
-16.819
-31.773
-46.57
-61.215
-75.716
-90.071
-104.274
-118.316
-132.187
-145.873
-159.361
-172.636
-185.679
-198.48
-211.032
-223.324
-235.344
-247.069
-258.475
-269.543
-280.257
-290.601
-300.554
-310.093
-319.195
-327.839
-336.005
-343.665
-350.771
-357.259
-363.045
-368.052
-372.221
-375.507
-377.857
-379.228
-379.571
-378.835
-377.032
-374.191
-370.334
-365.525
-359.832
-353.314
-346.125
-338.478
-330.462
-322.103
-313.296
-303.719
-293.185
-281.607
-268.754
-254.515
-239.106
-222.962
-206.96
-192.389
-180.152
-170.918
-165.445
-163.876
-165.559
-169.29
-173.016
-174.091
-170.252
-159.397
-139.147
-108.029
-65.914
-13.425
46.775
110.236
172.948
230.169
279.009
320.039
351.561
371.562
374.825
350.449
294.206
205.102
85.624
-50.018
-189.318
-318.211
-418.212
-483.126
-512.85
-513.166
-498.854
-477.68
-451.807
-421.561
-383.513
-338.374
-290.285
-243.128
-201.77
-169.681
-147.808
-135.994
-132.879
-136.401
-144.839
-156.632
-169.701
-181.515
-190.328
-195.326
-196.445
-194.407
-189.944
-183.621
-176.461
-169.881
-164.84
-161.812
-160.883
-161.705
-163.966
-167.517
-172.058
-177.154
-182.547
-188.129
-193.926
-200.136
-206.923
-214.367
-222.556
-231.587
-241.521
-252.425
-264.352
-277.294
-291.237
-306.173
-322.071
-338.909
-356.658
-375.258
-394.637
-414.726
-435.448
-456.735
-478.52
-500.728
-523.269
-546.05
-568.971
-591.932
-614.84
-637.594
-660.092
-682.232
-703.916
-725.052
-745.555
-765.335
-784.301
-802.367
-819.446
-835.459
-850.33
-863.989
-876.368
-887.406
-897.05
-905.255
-911.977
-917.18
-920.831
-922.905
-923.382
-922.247
-919.491
-915.112
-909.118
-901.526
-892.359
-881.645
-869.419
-855.722
-840.603
-824.115
-806.309
-787.239
-766.962
-745.545
-723.058
-699.578
-675.185
-649.957
-623.978
-597.336
-570.13
-542.453
-514.388
-486.008
-457.38
-428.593
-399.759
-371.002
-342.438
-314.174
-286.317
-258.986
-232.312
-206.403
-181.33
-157.122
-133.8
-111.41
-90.026
-69.749
-50.676
-32.86
-16.309
-1.019
12.993
25.713
37.148
47.357
56.431
64.395
71.187
76.661
80.675
83.155
84.08
83.469
81.329
77.631
72.332
65.404
56.863
46.715
34.929
21.408
6.037
-11.197
-30.172
-50.651
-72.406
-95.274
-119.134
-143.878
-169.367
-195.44
-221.948
-248.784
-275.864
-303.072
-330.245
-357.155
-383.561
-409.31
-434.352
-458.721
-482.433
-505.462
-527.764
-549.297
-570.052
-590.022
-609.166
-627.404
-644.655
-660.869
-676.038
-690.195
-703.374
-715.576
-726.76
-736.865
-745.842
-753.667
-760.32
-765.781
-770.019
-773.018
-774.793
-775.383
-774.834
-773.176
-770.432
-766.615
-761.747
-755.862
-748.997
-741.197
-732.501
-722.951
-712.59
-701.468
-689.637
-677.143
-664.025
-650.316
-636.052
-621.268
-606.004
-590.297
-574.181
-557.692
-540.863
-523.732
-506.333
-488.7
-470.862
-452.848
-434.687
-416.405
-398.03
-379.589
-361.104
-342.601
-324.103
-305.631
-287.207
-268.852
-250.586
-232.429
-214.398
-196.514
-178.797
-161.266
-143.942
-126.844
-109.994
-93.411
-77.116
-61.129
-45.472
-30.162
-15.223
-0.676
13.458
27.155
40.391
53.141
65.383
77.092
88.244
98.816
108.785
118.131
126.834
134.872
142.224
148.871
154.79
159.963
164.369
167.987
170.797
172.786
173.941
174.255
173.725
172.35
170.136
167.094
163.233
158.562
153.091
146.83
139.795
132.005
123.484
114.263
104.377
93.869
82.789
71.2
59.155
46.704
33.884
20.718
7.243
-6.479
-20.388
-34.423
-48.501
-62.539
-76.421
-89.992
-103.129
-115.743
-127.761
-139.155
-149.885
-159.878
-169.063
-177.353
-184.674
-191.003
-196.29
-200.455
-203.471
-205.338
-206.152
-206.165
-205.558
-204.434
-202.879
-200.871
-198.438
-195.737
-192.752
-189.319
-185.191
-179.89
-173.069
-164.689
-154.481
-142.028
-127.238
-110.091
-91.084
-71.543
-52.452
-34.375
-18.126
-4.226
7.602
17.968
28.548
42.282
61.566
88.667
126.204
175.977
238.878
314.059
397.98
486.265
574.788
660.87
744.756
825.121
897.531
955.248
986.583
981.071
935.981
852.437
737.727
606.914
472.723
349.967
256.005
196.737
172.758
178.362
198.73
226.12
258.387
295.3
340.723
393.993
450.499
505.926
555.568
596.836
629.06
652.275
667.628
676.875
681.967
684.904
687.526
691.255
697.311
706.409
718.551
733.182
749.351
765.974
781.929
796.439
808.998
819.29
827.376
833.527
838.092
841.541
844.375
846.849
849.07
851.082
852.779
854.065
854.872
855.061
854.497
853.107
850.822
847.597
843.403
838.16
831.801
824.289
815.59
805.701
794.644
782.428
769.085
754.665
739.209
722.763
705.375
687.08
667.924
647.968
627.276
605.922
583.981
561.523
538.623
515.354
491.785
467.985
444.018
419.942
395.823
371.729
347.728
323.888
300.276
276.953
253.981
231.422
209.328
187.752
166.739
146.331
126.567
107.486
89.12
71.498
54.647
38.586
23.334
8.904
-4.693
-17.453
-29.375
-40.461
-50.719
-60.155
-68.784
-76.619
-83.68
-89.986
-95.56
-100.426
-104.609
-108.135
-111.035
-113.335
-115.066
-116.255
-116.933
-117.129
-116.869
-116.182
-115.093
-113.626
-111.803
-109.645
-107.173
-104.403
-101.35
-98.029
-94.45
-90.624
-86.558
-82.259
-77.728
-72.969
-67.98
-62.761
-57.307
-51.614
-45.676
-39.486
-33.037
-26.32
-19.327
-12.051
-4.482
3.386
11.56
20.047
28.851
37.975
47.421
57.189
67.278
77.682
88.396
99.41
110.713
122.291
134.126
146.2
158.491
170.972
183.619
196.4
209.283
222.234
235.215
248.187
261.109
273.937
286.628
299.134
311.41
323.407
335.078
346.372
357.243
367.642
377.521
386.833
395.534
403.58
410.927
417.536
423.369
428.39
432.567
435.869
438.271
439.749
440.283
439.857
438.457
436.075
432.705
428.346
422.999
416.672
409.374
401.119
391.925
381.815
370.812
358.946
346.248
332.754
318.501
303.531
287.886
271.612
254.756
237.368
219.499
201.201
182.528
163.535
144.276
124.807
105.185
85.465
65.705
45.959
26.283
6.731
-12.644
-31.789
-50.654
-69.188
-87.346
-105.082
-122.352
-139.116
-155.335
-170.974
-186.001
-200.385
-214.099
-227.119
-239.422
-250.99
-261.807
-271.858
-281.132
-289.621
-297.316
-304.214
-310.314
-315.617
-320.125
-323.844
-326.782
-328.953
-330.368
-331.044
-330.999
-330.252
-328.824
-326.74
-324.023
-320.7
-316.796
-312.338
-307.354
-301.871
-295.918
-289.52
-282.705
-275.499
-267.927
-260.016
-251.791
-243.272
-234.481
-225.44
-216.168
-206.687
-197.015
-187.169
-177.166
-167.019
-156.741
-146.34
-135.818
-125.172
-114.395
-103.481
-92.421
-81.207
-69.83
-58.283
-46.564
-34.674
-22.615
-10.384
2.016
14.587
27.323
40.209
53.237
66.391
79.656
93.015
106.449
119.934
133.47
147.064
160.736
174.529
188.472
202.576
216.865
231.361
246.086
261.077
276.33
291.796
307.426
323.162
338.934
354.693
370.296
385.507
400.169
414.205
427.675
440.808
453.766
466.57
479.332
492.293
505.501
518.646
530.93
541.071
547.855
550.531
548.501
541
527.683
509.172
487.061
463.97
442.842
426.025
415.763
414.765
425.39
448.087
481.169
521.634
565.35
610.298
656.595
702.473
745.031
777.79
790.295
772.272
715.117
615.448
475.604
304.943
119.172
-64.446
-226.771
-353.151
-438.727
-485.009
-500.532
-496.205
-478.015
-451.196
-420.927
-390.886
-367.215
-352.136
-342.513
-336.035
-329.244
-321.979
-318.34
-319.541
-325.636
-335.453
-345.295
-353.337
-359.084
-361.571
-360.826
-357.358
-351.473
-344.036
-336.18
-328.329
-320.713
-313.731
-307.422
-301.628
-296.13
-290.403
-283.88
-276.344
-267.731
-258.004
-247.255
-235.559
-223.007
-209.797
-196.138
-182.177
-168.017
-153.738
-139.412
-125.157
-111.121
-97.421
-84.143
-71.353
-59.097
-47.421
-36.363
-25.944
-16.164
-7.024
1.468
9.3
16.455
22.928
28.723
33.853
38.332
42.177
45.406
48.036
50.088
51.578
52.525
52.944
52.852
52.272
51.23
49.754
47.874
45.623
43.029
40.123
36.938
33.501
29.838
25.974
21.932
17.734
13.404
8.96
4.42
-0.199
-4.884
-9.621
-14.401
-19.218
-24.066
-28.945
-33.854
-38.795
-43.773
-48.796
-53.872
-59.013
-64.23
-69.54
-74.956
-80.495
-86.177
-92.018
-98.037
-104.252
-110.68
-117.338
-124.242
-131.406
-138.84
-146.556
-154.56
-162.858
-171.451
-180.34
-189.521
-198.986
-208.728
-218.731
-228.982
-239.46
-250.142
-261.003
-272.013
-283.14
-294.35
-305.604
-316.861
-328.078
-339.21
-350.21
-361.028
-371.614
-381.916
-391.881
-401.459
-410.595
-419.238
-427.338
-434.845
-441.71
-447.89
-453.34
-458.022
-461.899
-464.939
-467.112
-468.396
-468.771
-468.221
-466.737
-464.315
-460.955
-456.663
-451.45
-445.334
-438.337
-430.486
-421.814
-412.359
-402.165
-391.28
-379.758
-367.654
-355.032
-341.957
-328.499
-314.73
-300.727
-286.566
-272.33
-258.098
-243.955
-229.983
-216.266
-202.887
-189.928
-177.47
-165.59
-154.366
-143.87
-134.173
-125.34
-117.435
-110.514
-104.632
-99.835
-96.166
-93.663
-92.356
-92.269
-93.423
-95.83
-99.495
-104.419
-110.595
-118.008
-126.64
-136.463
-147.444
-159.544
-172.716
-186.909
-202.064
-218.119
-235.006
-252.653
-270.981
-289.911
-309.36
-329.238
-349.457
-369.923
-390.543
-411.221
-431.862
-452.369
-472.647
-492.6
-512.134
-531.158
-549.582
-567.318
-584.281
-600.387
-615.56
-629.722
-642.803
-654.736
-665.459
-674.915
-683.054
-689.832
-695.211
-699.16
-701.652
-702.667
-702.193
-700.223
-696.755
-691.794
-685.352
-677.445
-668.097
-657.34
-645.211
-631.752
-617.008
-601.034
-583.884
-565.62
-546.307
-526.011
-504.803
-482.756
-459.95
-436.465
-412.386
-387.798
-362.793
-337.461
-311.896
-286.189
-260.428
-234.702
-209.095
-183.687
-158.556
-133.774
-109.413
-85.541
-62.233
-39.558
-17.584
3.629
24.025
43.554
62.17
79.833
96.516
112.203
126.876
140.517
153.098
164.58
174.941
184.175
192.294
199.314
205.258
210.164
214.095
217.144
219.411
220.968
221.855
222.084
221.678
220.672
219.129
217.126
214.696
211.85
208.602
204.987
201.035
196.745
192.051
186.777
180.751
173.872
166.095
157.432
147.896
137.452
126.032
113.712
100.741
87.465
74.328
61.61
49.491
38.353
28.634
20.588
14.196
8.94
3.935
-1.347
-7.229
-14.27
-22.675
-32.2
-42.235
-51.199
-57.149
-58.732
-54.345
-42.062
-20.689
10.612
51.173
97.722
147.164
196.834
244.954
293.166
342.035
388.159
425.04
439.986
419.67
358.997
259.223
129.355
-15.294
-163.433
-304.471
-426.982
-524.206
-589.561
-620.181
-620.104
-594.573
-549.56
-492.681
-431.561
-372.549
-322.544
-284.069
-253.933
-230.044
-209.486
-191.251
-178.205
-170.79
-167.716
-166.761
-164.204
-157.555
-145.954
-129.281
-108.269
-84.041
-57.928
-31.389
-5.46
19.149
42.133
63.514
83.426
102.233
120.48
138.774
157.506
176.818
196.685
216.983
237.607
258.457
279.392
300.221
320.791
341.012
360.807
380.124
398.871
416.912
434.137
450.462
465.825
480.199
493.56
505.884
517.164
527.412
536.636
544.848
552.062
558.28
563.52
567.814
571.202
573.731
575.453
576.414
576.663
576.247
575.214
573.61
571.482
568.873
565.833
562.417
558.68
554.679
550.471
546.108
541.642
537.126
532.606
528.123
523.718
519.425
515.276
511.303
507.53
503.978
500.665
497.602
494.797
492.253
489.969
487.936
486.142
484.57
483.199
482.005
480.959
480.028
479.174
478.359
477.539
476.67
475.705
474.594
473.285
471.728
469.87
467.659
465.044
461.975
458.403
454.282
449.567
444.22
438.202
431.479
424.022
415.805
406.807
397.011
386.408
374.989
362.756
349.711
335.867
321.238
305.847
289.721
272.891
255.397
237.281
218.591
199.38
179.706
159.63
139.218
118.54
97.668
76.676
55.643
34.647
13.768
-6.911
-27.311
-47.348
-66.944
-86.018
-104.493
-122.292
-139.342
-155.571
-170.912
-185.301
-198.678
-210.986
-222.173
-232.193
-241.004
-248.569
-254.857
-259.843
-263.508
-265.836
-266.822
-266.464
-264.766
-261.739
-257.4
-251.773
-244.885
-236.77
-227.469
-217.027
-205.491
-192.917
-179.363
-164.891
-149.567
-133.46
-116.641
-99.186
-81.171
-62.674
-43.776
-24.558
-5.101
14.511
34.198
53.875
73.463
92.882
112.052
130.897
149.344
167.32
184.758
201.592
217.761
233.209
247.882
261.731
274.713
286.787
297.921
308.083
317.25
325.402
332.523
338.606
343.644
347.638
350.593
352.517
353.424
353.332
352.261
350.239
347.294
343.46
338.774
333.276
327.009
320.017
312.347
304.047
295.167
285.756
275.865
265.544
254.844
243.814
232.503
220.96
209.232
197.364
185.399
173.378
161.34
149.321
137.353
125.465
113.685
102.038
90.545
79.227
68.099
57.178
46.472
35.991
25.738
15.715
5.919
-3.655
-13.015
-22.171
-31.133
-39.913
-48.524
-56.978
-65.291
-73.477
-81.549
-89.523
-97.415
-105.241
-113.019
-120.763
-128.488
-136.208
-143.935
-151.679
-159.444
-167.231
-175.04
-182.867
-190.713
-198.569
-206.428
-214.281
-222.12
-229.934
-237.711
-245.43
-253.064
-260.584
-267.957
-275.152
-282.139
-288.885
-295.358
-301.537
-307.403
-312.949
-318.179
-323.074
-327.601
-331.721
-335.378
-338.522
-341.115
-343.1
-344.407
-345
-344.85
-343.956
-342.346
-339.995
-336.855
-332.877
-327.989
-322.154
-315.391
-307.71
-299.144
-289.783
-279.721
-269.138
-258.288
-247.335
-236.364
-225.423
-214.515
-203.635
-192.76
-181.721
-170.226
-158.018
-144.912
-130.843
-115.784
-99.878
-83.465
-67.068
-51.472
-37.456
-25.608
-16.186
-9.113
-3.708
1.21
7.186
16.28
30.593
52.168
82.574
122.463
171.835
229.091
290.715
352.984
411.654
464.298
512.742
557.319
595.859
622.862
625.851
594.735
526.18
421.177
290.165
147.766
8.113
-112.162
-200.123
-248.828
-257.865
-233.691
-184.968
-121.564
-50.653
21.4
84.734
131.851
157.906
161.467
149.707
132.052
113.879
98.314
84.079
67.259
47.873
27.899
9.284
-5.438
-15.732
-22.888
-28.021
-32.292
-36.975
-42.737
-49.823
-58.414
-68.383
-79.403
-91.256
-103.619
-115.993
-128.099
-139.839
-151.161
-162.157
-172.902
-183.383
-193.643
-203.789
-213.888
-223.997
-234.16
-244.342
-254.51
-264.651
-274.74
-284.758
-294.674
-304.437
-313.996
-323.319
-332.384
-341.18
-349.69
-357.886
-365.735
-373.204
-380.255
-386.857
-392.974
-398.572
-403.616
-408.078
-411.933
-415.163
-417.755
-419.692
-420.953
-421.518
-421.367
-420.482
-418.847
-416.448
-413.272
-409.309
-404.556
-399.013
-392.681
-385.566
-377.673
-369.011
-359.59
-349.42
-338.515
-326.89
-314.562
-301.55
-287.875
-273.561
-258.633
-243.119
-227.05
-210.455
-193.367
-175.819
-157.846
-139.483
-120.769
-101.741
-82.439
-62.905
-43.18
-23.308
-3.333
16.702
36.751
56.77
76.714
96.539
116.201
135.656
154.859
173.768
192.339
210.529
228.296
245.598
262.395
278.644
294.307
309.344
323.716
337.388
350.321
362.482
373.835
384.348
393.991
402.733
410.546
417.405
423.287
428.169
432.033
434.862
436.641
437.359
437.008
435.581
433.075
429.491
424.831
419.101
412.31
404.471
395.598
385.71
374.829
362.979
350.188
336.487
321.912
306.5
290.291
273.329
255.662
237.338
218.411
198.934
178.965
158.563
137.789
116.704
95.373
73.861
52.234
30.557
8.897
-12.68
-34.108
-55.321
-76.256
-96.848
-117.037
-136.763
-155.966
-174.591
-192.584
-209.894
-226.471
-242.269
-257.247
-271.365
-284.586
-296.878
-308.212
-318.564
-327.911
-336.237
-343.527
-349.772
-354.964
-359.102
-362.187
-364.223
-365.217
-365.181
-364.129
-362.078
-359.049
-355.062
-350.144
-344.321
-337.621
-330.077
-321.719
-312.581
-302.699
-292.109
-280.848
-268.954
-256.465
-243.422
-229.864
-215.829
-201.358
-186.491
-171.266
-155.723
-139.9
-123.836
-107.57
-91.138
-74.578
-57.928
-41.224
-24.503
-7.801
8.847
25.404
41.836
58.107
74.182
90.027
105.606
120.885
135.829
150.404
164.576
178.31
191.573
204.333
216.558
228.215
239.272
249.699
259.465
268.541
276.895
284.499
291.323
297.339
302.521
306.844
310.284
312.818
314.427
315.092
314.798
313.532
311.284
308.045
303.809
298.576
292.348
285.131
276.933
267.768
257.648
246.596
234.635
221.792
208.095
193.575
178.267
162.21
145.449
128.029
110
91.416
72.333
52.816
32.931
12.748
-7.66
-28.22
-48.858
-69.498
-90.065
-110.487
-130.693
-150.614
-170.183
-189.335
-208.003
-226.125
-243.637
-260.474
-276.572
-291.872
-306.322
-319.877
-332.484
-344.085
-354.621
-364.022
-372.229
-379.192
-384.854
-389.159
-392.071
-393.58
-393.714
-392.547
-390.145
-386.563
-381.845
-376.02
-369.166
-361.394
-352.817
-343.547
-333.674
-323.242
-312.386
-301.344
-290.229
-278.99
-267.366
-254.922
-241.397
-226.826
-211.183
-194.152
-175.448
-155.163
-134.055
-113.384
-94.222
-75.998
-57.017
-36.594
-14.131
8.423
26.77
40.721
51.476
63.896
89.071
132.492
195.764
276.367
361.349
439.663
500.751
532.653
530.743
491.317
416.1
314.031
192.649
61.776
-69.806
-194.109
-298.061
-369.966
-402.885
-397.048
-361.94
-310.527
-254.879
-201.879
-153.748
-110.538
-69.581
-30.943
3.418
32.031
51.495
60.815
61.311
54.309
42.702
29.142
15.779
4.828
-2.732
-6.707
-7.298
-5.304
-1.457
3.455
8.235
11.928
14.073
14.511
13.447
11.274
8.254
4.69
1.02
-2.495
-5.747
-8.723
-11.56
-14.409
-17.342
-20.448
-23.839
-27.572
-31.706
-36.292
-41.321
-46.78
-52.668
-58.962
-65.642
-72.684
-80.044
-87.668
-95.51
-103.529
-111.684
-119.943
-128.265
-136.606
-144.915
-153.141
-161.233
-169.143
-176.823
-184.223
-191.292
-197.985
-204.262
-210.089
-215.428
-220.241
-224.488
-228.131
-231.137
-233.474
-235.115
-236.031
-236.202
-235.609
-234.242
-232.09
-229.149
-225.415
-220.887
-215.569
-209.467
-202.59
-194.95
-186.564
-177.45
-167.629
-157.129
-145.977
-134.206
-121.848
-108.939
-95.517
-81.622
-67.296
-52.582
-37.524
-22.167
-6.558
9.257
25.231
41.316
57.467
73.637
89.78
105.853
121.812
137.615
153.222
168.594
183.692
198.481
212.927
226.997
240.661
253.892
266.661
278.946
290.725
301.978
312.688
322.84
332.422
341.423
349.835
357.652
364.87
371.486
377.501
382.916
387.735
391.964
395.607
398.674
401.173
403.115
404.511
405.372
405.712
405.545
404.885
403.747
402.147
400.1
397.623
394.731
391.441
387.769
383.732
379.344
374.621
369.578
364.231
358.592
352.676
346.495
340.063
333.39
326.487
319.365
312.033
304.498
296.767
288.848
280.746
272.466
264.011
255.386
246.593
237.635
228.513
219.229
209.783
200.175
190.405
180.473
170.377
160.116
149.691
139.099
128.34
117.415
106.322
95.061
83.633
72.036
60.272
48.34
36.242
23.979
11.552
-1.035
-13.778
-26.67
-39.704
-52.871
-66.161
-79.564
-93.064
-106.649
-120.301
-134.005
-147.742
-161.494
-175.24
-188.956
-202.619
-216.205
-229.689
-243.043
-256.24
-269.251
-282.047
-294.6
-306.878
-318.849
-330.48
-341.735
-352.578
-362.972
-372.876
-382.247
-391.043
-399.226
-406.754
-413.593
-419.705
-425.056
-429.617
-433.363
-436.271
-438.315
-439.473
-439.714
-439.016
-437.356
-434.713
-431.068
-426.401
-420.69
-413.928
-406.116
-397.255
-387.348
-376.39
-364.368
-351.288
-337.178
-322.072
-306.016
-289.066
-271.278
-252.746
-233.594
-213.939
-193.898
-173.556
-152.955
-132.153
-111.212
-90.195
-69.176
-48.186
-27.207
-6.246
14.676
35.551
56.368
77.178
98.106
119.234
140.603
162.196
183.902
205.62
227.258
248.668
269.686
290.082
309.55
327.85
344.805
360.223
373.935
385.696
395.171
402.108
406.327
407.72
406.282
402.018
394.94
385.164
372.881
358.363
341.978
324.013
304.674
284.189
262.768
240.696
218.338
195.993
173.899
152.275
131.283
111.09
91.863
73.651
56.398
39.991
24.241
9.041
-5.619
-19.778
-33.474
-46.791
-59.876
-72.812
-85.616
-98.344
-111.103
-123.963
-136.953
-149.904
-162.296
-173.565
-183.336
-191.377
-197.609
-202.043
-204.563
-205.361
-205.568
-206.646
-209.555
-213.888
-217.67
-219.128
-218.217
-217.662
-220.636
-226.85
-231.378
-224.679
-198.079
-148.767
-81.72
-8.273
61.541
121.136
168.714
204.933
225.941
223.951
189.814
117.56
6.937
-133.401
-286.554
-434.393
-555.819
-635.471
-672.342
-671.912
-647.05
-610.67
-564.749
-508.957
-443.87
-372.902
-305.572
-249.493
-206.131
-171.513
-139.736
-107.441
-75.089
-46.039
-22.363
-3.406
13.106
30.223
49.898
72.517
97.734
124.714
152.364
179.457
204.624
226.783
245.248
259.706
270.19
276.907
280.132
280.256
277.795
273.139
266.516
258.056
247.833
235.965
222.735
208.531
193.631
178.268
162.635
146.839
131.005
115.242
99.599
84.106
68.795
53.698
38.883
24.457
10.468
-3.071
-16.228
-29.167
-41.987
-54.718
-67.364
-79.877
-92.197
-104.268
-115.988
-127.209
-137.8
-147.65
-156.671
-164.814
-172.004
-178.144
-183.124
-186.806
-189.084
-189.886
-189.148
-186.828
-182.895
-177.33
-170.147
-161.392
-151.104
-139.319
-126.075
-111.402
-95.344
-77.962
-59.319
-39.483
-18.525
3.479
26.449
50.3
74.946
100.302
126.286
152.817
179.81
207.178
234.833
262.687
290.653
318.648
346.586
374.387
401.97
429.262
456.194
482.702
508.725
534.205
559.091
583.337
606.901
629.746
651.84
673.154
693.665
713.353
732.205
750.209
767.357
783.647
799.079
813.659
827.392
840.29
852.365
863.63
874.101
883.796
892.734
900.932
908.409
915.186
921.281
926.714
931.502
935.664
939.216
942.172
944.546
946.351
947.597
948.294
948.45
948.071
947.162
945.728
943.77
941.292
938.292
934.769
930.724
926.153
921.053
915.421
909.254
902.548
895.3
887.507
879.168
870.282
860.847
850.867
840.342
829.279
817.682
805.559
792.921
779.777
766.143
752.033
737.465
722.458
707.033
691.214
675.026
658.494
641.647
624.515
607.129
589.521
571.724
553.772
535.701
517.544
499.339
481.12
462.925
444.787
426.742
408.825
391.069
373.507
356.169
339.086
322.287
305.797
289.642
273.845
258.429
243.411
228.81
214.641
200.918
187.653
174.855
162.532
150.69
139.334
128.465
118.085
108.192
98.786
89.861
81.416
73.443
65.937
58.891
52.298
46.151
40.443
35.166
30.314
25.879
21.854
18.233
15.01
12.179
9.736
7.674
5.991
4.682
3.744
3.174
2.969
3.128
3.648
4.528
5.765
7.358
9.306
11.606
14.257
17.258
20.607
24.301
28.337
32.711
37.417
42.448
47.796
53.45
59.395
65.616
72.096
78.814
85.75
92.879
100.177
107.616
115.167
122.8
130.483
138.182
145.863
153.489
161.024
168.427
175.662
182.69
189.472
195.971
202.149
207.967
213.389
218.377
222.892
226.897
230.355
233.233
235.498
237.123
238.089
238.38
237.989
236.91
235.139
232.676
229.523
225.685
221.162
215.955
210.062
203.49
196.255
188.371
179.856
170.723
160.983
150.651
139.747
128.296
116.324
103.866
90.952
77.63
63.963
50.031
35.937
21.767
7.584
-6.543
-20.542
-34.332
-47.814
-60.929
-73.681
-86.096
-98.232
-110.162
-121.913
-133.554
-145.228
-156.974
-168.783
-180.551
-191.965
-202.749
-212.808
-222.074
-230.55
-238.601
-246.688
-255.335
-265.437
-277.727
-292.622
-310.382
-330.816
-352.803
-374.849
-395.532
-412.93
-425.224
-430.845
-428.229
-416.427
-395.868
-367.683
-332.693
-293.505
-254.126
-218.16
-190.044
-170.962
-157.69
-150.434
-151.644
-167.131
-208.211
-278.936
-377.806
-500.818
-635.595
-770.859
-895.656
-995.601
-1062.298
-1092.808
-1088.159
-1055.697
-1004.017
-940.226
-872.611
-809.91
-758.874
-723.55
-703.138
-691.738
-683.612
-675.635
-668.137
-665.097
-668.845
-678.937
-692.935
-706.271
-716.239
-722.42
-724.84
-724.189
-721.104
-715.649
-708.436
-700.76
-693.293
-686.328
-680.024
-674.083
-668.291
-662.643
-656.886
-650.591
-643.563
-635.705
-627.016
-617.692
-607.844
-597.525
-586.856
-575.95
-564.905
-553.788
-542.604
-531.32
-519.915
-508.375
-496.692
-484.862
-472.866
-460.696
-448.36
-435.865
-423.231
-410.472
-397.602
-384.638
-371.595
-358.492
-345.356
-332.218
-319.11
-306.067
-293.125
-280.315
-267.683
-255.274
-243.127
-231.288
-219.796
-208.694
-198.03
-187.855
-178.22
-169.171
-160.758
-153.021
-146.005
-139.751
-134.297
-129.68
-125.931
-123.073
-121.135
-120.147
-120.14
-121.147
-123.193
-126.29
-130.448
-135.671
-141.955
-149.297
-157.687
-167.111
-177.557
-189.011
-201.461
-214.901
-229.32
-244.699
-260.965
-277.978
-295.592
-313.663
-332.083
-350.81
-369.743
-388.695
-407.616
-426.563
-445.617
-464.924
-484.421
-503.727
-522.64
-541.168
-559.106
-576.195
-592.096
-606.184
-618.281
-628.789
-637.966
-645.993
-653.401
-660.752
-668.803
-678.729
-691.135
-706.026
-723.228
-742.154
-761.709
-780.505
-796.92
-809.173
-815.904
-816.119
-809.365
-795.9
-776.526
-752.657
-725.763
-697.099
-667.899
-639.307
-611.989
-586.196
-561.771
-538.087
-514.813
-491.977
-469.475
-447.227
-425.326
-403.939
-383.548
-364.827
-348.058
-333.269
-320.456
-309.537
-300.453
-293.151
-287.365
-282.683
-278.796
-275.461
-272.535
-269.939
-267.501
-264.99
-262.169
-258.877
-255.065
-250.73
-245.856
-240.404
-234.37
-227.806
-220.858
-213.715
-206.491
-199.243
-191.996
-184.765
-177.596
-170.561
-163.717
-157.074
-150.625
-144.355
-138.262
-132.353
-126.609
-120.976
-115.364
-109.674
-103.848
-97.86
-91.699
-85.362
-78.845
-72.145
-65.282
-58.296
-51.219
-44.081
-36.907
-29.719
-22.555
-15.464
-8.5
-1.721
4.821
11.081
17.012
22.572
27.718
32.416
36.635
40.351
43.539
46.17
48.216
49.65
50.449
50.595
50.069
48.857
46.948
44.335
41.015
36.99
32.263
26.84
20.733
13.954
6.519
-1.552
-10.236
-19.506
-29.334
-39.691
-50.545
-61.865
-73.617
-85.766
-98.277
-111.115
-124.244
-137.629
-151.232
-165.019
-178.954
-193.004
-207.139
-221.331
-235.553
-249.781
-263.999
-278.188
-292.332
-306.418
-320.43
-334.355
-348.183
-361.901
-375.496
-388.959
-402.287
-415.482
-428.552
-441.506
-454.353
-467.101
-479.758
-492.332
-504.832
-517.258
-529.602
-541.86
-554.039
-566.156
-578.252
-590.35
-602.458
-614.574
-626.692
-638.804
-650.89
-662.905
-674.767
-686.4
-697.75
-708.811
-719.608
-730.147
-740.424
-750.406
-760.045
-769.335
-778.293
-786.928
-795.224
-803.176
-810.807
-818.213
-825.598
-833.157
-841.007
-849.193
-857.713
-866.555
-875.744
-885.377
-895.387
-905.52
-915.451
-924.718
-932.95
-939.939
-945.271
-948.318
-948.8
-946.748
-942.617
-937.614
-932.705
-928.416
-925.633
-925.084
-926.626
-929.699
-932.868
-933.372
-928.75
-916.826
-894.847
-860.54
-813.63
-755.568
-688.805
-617.356
-543.142
-465.59
-386.408
-309.119
-241.195
-194.379
-179.526
-204.168
-269.583
-372.054
-502.381
-645.529
-786.245
-906.27
-990.277
-1035.165
-1043.672
-1025.754
-993.285
-948.509
-891.877
-825.325
-753.251
-686.17
-632.089
-591.579
-559.547
-529.093
-496.583
-462.772
-431.195
-403.773
-379.841
-357.769
-335.329
-311.237
-285.128
-257.075
-227.747
-198.19
-169.518
-142.34
-116.775
-92.82
-70.538
-49.969
-31.026
-13.28
3.964
21.141
38.411
55.801
73.256
90.8
108.498
126.312
144.104
161.757
179.199
196.407
213.407
230.181
246.671
262.804
278.53
293.837
308.743
323.277
337.468
351.34
364.931
378.293
391.479
404.535
417.497
430.391
443.246
456.098
468.984
481.942
495.002
508.184
521.5
534.96
548.568
562.319
576.206
590.214
604.328
618.537
632.822
647.168
661.552
675.951
690.337
704.682
718.954
733.117
747.135
760.969
774.58
787.933
800.987
813.706
826.052
837.989
849.48
860.492
870.993
880.949
890.331
899.11
907.263
914.766
921.599
927.745
933.188
937.917
941.923
945.2
947.744
949.555
950.633
950.985
950.617
949.539
947.765
945.308
942.185
938.417
934.025
929.033
923.466
917.351
910.716
903.591
896.008
887.997
879.591
870.825
861.732
852.348
842.708
832.849
822.806
812.618
802.319
791.948
781.541
771.135
760.767
750.473
740.29
730.255
720.403
710.772
701.396
692.312
683.556
675.162
667.166
659.601
652.501
645.9
639.829
634.32
629.402
625.105
621.455
618.478
616.198
614.636
613.812
613.742
614.441
615.921
618.19
621.254
625.116
629.775
635.226
641.464
648.475
656.246
664.758
673.987
683.907
694.485
705.687
717.472
729.796
742.611
755.863
769.497
783.453
797.665
812.068
826.591
841.161
855.704
870.142
884.398
898.392
912.044
925.276
938.006
950.159
961.655
972.421
982.382
991.469
999.614
1006.752
1012.824
1017.775
1021.552
1024.11
1025.409
1025.414
1024.098
1021.439
1017.422
1012.041
1005.295
997.191
987.744
976.977
964.919
951.608
937.088
921.41
904.631
886.816
868.035
848.36
827.874
806.657
784.799
762.388
739.517
716.281
692.777
669.1
645.349
621.619
598.006
574.605
551.509
528.807
506.586
484.927
463.911
443.611
424.098
405.435
387.68
370.884
355.092
340.343
326.666
314.085
302.614
292.261
283.025
274.901
267.876
261.929
257.035
253.162
250.275
248.334
247.294
247.107
247.72
249.078
251.125
253.801
257.047
260.799
264.996
269.577
274.482
279.653
285.031
290.561
296.186
301.853
307.513
313.12
318.632
324.012
329.23
334.264
339.104
343.742
348.179
352.414
356.452
360.299
363.964
367.455
370.773
373.926
376.926
379.784
382.515
385.133
387.646
390.063
392.396
394.654
396.849
398.992
401.096
403.188
405.308
407.504
409.846
412.397
415.198
418.304
421.767
425.628
429.943
434.731
439.95
445.571
451.542
457.771
464.207
470.721
477.087
483.207
489.047
494.644
500.227
505.955
511.758
517.722
524.085
530.701
537.226
542.966
546.699
547.545
545.29
539.703
530.181
516.667
499.902
481.313
464.185
452.385
447.046
448.546
456.501
467.66
482.618
504.457
535.173
578.998
635.403
697.666
758.194
808.037
838.738
845.199
823.157
766.987
675.931
551.795
398.076
227.6
53.782
-107.499
-236.558
-325.79
-375.03
-392.31
-393.52
-385.577
-368.873
-339.85
-294.547
-237.813
-179.421
-130.316
-96.145
-75.025
-63.009
-54.534
-48.103
-46.571
-50.585
-60.411
-74.355
-87.797
-98.493
-106.021
-110.247
-112.249
-113.072
-113.092
-113.309
-115.188
-119.404
-126.087
-135.003
-145.486
-157.011
-169.302
-181.931
-194.309
-206.033
-216.853
-226.632
-235.375
-243.075
-249.675
-255.158
-259.61
-263.146
-265.937
-268.229
-270.181
-271.882
-273.408
-274.774
-275.979
-277.048
-277.969
-278.708
-279.28
-279.695
-279.963
-280.112
-280.125
-279.947
-279.501
-278.672
-277.354
-275.481
-273.002
-269.88
-266.104
-261.662
-256.564
-250.843
-244.517
-237.593
-230.083
-221.987
-213.319
-204.107
-194.385
-184.192
-173.579
-162.591
-151.278
-139.69
-127.872
-115.868
-103.722
-91.47
-79.151
-66.81
-54.493
-42.249
-30.128
-18.178
-6.451
5.004
16.139
26.909
37.271
47.187
56.618
65.529
73.887
81.662
88.825
95.351
101.215
106.397
110.88
114.648
117.691
120
121.571
122.4
122.491
121.847
120.476
118.388
115.593
112.107
107.945
103.127
97.674
91.608
84.955
77.741
69.996
61.748
53.028
43.868
34.296
24.346
14.045
3.426
-7.482
-18.649
-30.048
-41.65
-53.427
-65.354
-77.404
-89.553
-101.779
-114.06
-126.377
-138.709
-151.04
-163.354
-175.635
-187.872
-200.053
-212.166
-224.204
-236.159
-248.025
-259.798
-271.473
-283.049
-294.523
-305.896
-317.166
-328.333
-339.398
-350.36
-361.22
-371.978
-382.632
-393.181
-403.623
-413.955
-424.173
-434.272
-444.247
-454.089
-463.791
-473.343
-482.734
-491.953
-500.985
-509.818
-518.436
-526.822
-534.959
-542.829
-550.412
-557.688
-564.635
-571.232
-577.456
-583.284
-588.694
-593.66
-598.161
-602.173
-605.673
-608.638
-611.049
-612.884
-614.125
-614.754
-614.755
-614.114
-612.82
-610.863
-608.237
-604.936
-600.958
-596.304
-590.977
-584.982
-578.327
-571.023
-563.081
-554.516
-545.345
-535.588
-525.264
-514.399
-503.016
-491.143
-478.81
-466.045
-452.883
-439.356
-425.5
-411.351
-396.947
-382.326
-367.528
-352.592
-337.56
-322.47
-307.364
-292.281
-277.26
-262.338
-247.553
-232.941
-218.533
-204.362
-190.458
-176.852
-163.57
-150.639
-138.082
-125.925
-114.19
-102.899
-92.073
-81.732
-71.893
-62.573
-53.788
-45.554
-37.883
-30.787
-24.275
-18.358
-13.041
-8.332
-4.234
-0.748
2.125
4.386
6.035
7.075
7.51
7.347
6.591
5.248
3.324
0.826
-2.238
-5.858
-10.026
-14.73
-19.958
-25.691
-31.907
-38.578
-45.677
-53.176
-61.044
-69.25
-77.763
-86.551
-95.591
-104.86
-114.331
-123.978
-133.764
-143.658
-153.635
-163.67
-173.738
-183.816
-193.874
-203.889
-213.842
-223.702
-233.43
-242.97
-252.241
-261.172
-269.698
-277.759
-285.311
-292.311
-298.719
-304.509
-309.666
-314.191
-318.101
-321.409
-324.148
-326.389
-328.195
-329.696
-331.074
-332.377
-333.579
-334.583
-335.113
-334.958
-333.987
-331.905
-328.477
-323.847
-318.345
-312.606
-307.633
-304.062
-302.339
-303.141
-306.691
-312.485
-319.601
-326.392
-330.601
-330.46
-324.326
-309.972
-285.901
-251.685
-207.408
-155.347
-99.787
-44.609
5.552
48.132
84.425
113.888
135.158
141.311
118.683
59.062
-41.819
-178.121
-330.285
-479.645
-606.426
-694.965
-743.991
-757.932
-747.122
-725.172
-697.633
-665.463
-627.454
-580.782
-527.299
-470.999
-415.672
-365.452
-322.111
-286.042
-257.186
-234.288
-215.738
-200.345
-186.688
-173.109
-158.453
-141.63
-121.965
-99.653
-75.249
-49.293
-22.544
4.03
29.761
54.082
76.638
97.568
117.177
135.73
153.574
171.094
188.471
205.817
223.17
240.38
257.276
273.711
289.499
304.471
318.528
331.568
343.5
354.253
363.728
371.843
378.557
383.834
387.656
390.025
390.946
390.45
388.591
385.418
380.978
375.318
368.484
360.533
351.536
341.569
330.712
319.048
306.663
293.648
280.096
266.095
251.736
237.103
222.284
207.369
192.451
177.623
162.978
148.605
134.593
121.027
107.99
95.557
83.798
72.778
62.555
53.185
44.715
37.189
30.642
25.105
20.601
17.147
14.753
13.421
13.146
13.916
15.713
18.514
22.287
26.995
32.595
39.039
46.275
54.245
62.887
72.135
81.922
92.177
102.826
113.795
125.011
136.396
147.876
159.377
170.827
182.156
193.295
204.181
214.751
224.947
234.714
244.003
252.767
260.966
268.562
275.523
281.825
287.445
292.367
296.58
300.078
302.859
304.928
306.292
306.962
306.955
306.291
304.991
303.082
300.592
297.551
293.992
289.946
285.45
280.535
275.238
269.592
263.63
257.383
250.881
244.152
237.224
230.118
222.856
215.456
207.934
200.302
192.568
184.739
176.817
168.801
160.69
152.476
144.15
135.701
127.115
118.378
109.471
100.377
91.076
81.547
71.77
61.723
51.387
40.742
29.768
18.449
6.769
-5.286
-17.726
-30.56
-43.793
-57.427
-71.461
-85.892
-100.711
-115.906
-131.463
-147.363
-163.582
-180.096
-196.873
-213.881
-231.084
-248.443
-265.916
-283.46
-301.029
-318.575
-336.051
-353.406
-370.59
-387.552
-404.241
-420.607
-436.6
-452.171
-467.273
-481.861
-495.891
-509.323
-522.12
-534.246
-545.671
-556.365
-566.303
-575.464
-583.83
-591.386
-598.123
-604.034
-609.118
-613.378
-616.82
-619.454
-621.293
-622.354
-622.656
-622.22
-621.072
-619.236
-616.742
-613.618
-609.898
-605.615
-600.806
-595.506
-589.753
-583.583
-577.032
-570.138
-562.936
-555.46
-547.744
-539.818
-531.716
-523.469
-515.108
-506.663
-498.161
-489.629
-481.091
-472.572
-464.09
-455.664
-447.307
-439.036
-430.861
-422.798
-414.857
-407.052
-399.394
-391.898
-384.577
-377.441
-370.501
-363.761
-357.225
-350.896
-344.773
-338.853
-333.136
-327.622
-322.311
-317.213
-312.333
-307.677
-303.25
-299.054
-295.087
-291.353
-287.849
-284.562
-281.489
-278.625
-275.98
-273.583
-271.453
-269.594
-268.004
-266.677
-265.598
-264.759
-264.124
-263.622
-263.184
-262.745
-262.268
-261.759
-261.223
-260.642
-259.997
-259.246
-258.37
-257.42
-256.422
-255.375
-254.281
-253.13
-252.002
-251.109
-250.671
-250.886
-251.9
-253.751
-256.517
-260.371
-265.318
-271.217
-277.77
-284.418
-290.741
-296.609
-301.747
-305.746
-308.517
-310.115
-310.932
-311.951
-313.82
-316.658
-320.838
-326.758
-334.09
-342.083
-349.254
-353.209
-352.079
-344.603
-329.146
-303.975
-268.265
-221.939
-165.974
-103.643
-39.084
24.155
81.421
130.71
174.106
210.577
238.292
251.043
234.587
181.456
89.721
-37.571
-184.616
-336.451
-479.447
-596.16
-678.154
-724.476
-737.107
-726.474
-702.406
-666.205
-620.884
-570.397
-517.349
-470.569
-434.707
-406.846
-385.447
-366.977
-349.985
-337.664
-330.806
-328.741
-329.75
-330.753
-330.035
-326.703
-320.32
-311.313
-300.234
-288.012
-275.914
-264.552
-254.154
-244.966
-236.904
-229.799
-223.504
-217.515
-211.214
-204.308
-196.661
-188.224
-179.108
-169.369
-159.01
-148.158
-136.957
-125.503
-113.901
-102.209
-90.462
-78.745
-67.129
-55.654
-44.362
-33.261
-22.337
-11.585
-0.984
9.5
19.887
30.197
40.448
50.652
60.829
71.005
81.21
91.48
101.848
112.343
122.996
133.836
144.883
156.156
167.669
179.431
191.456
203.761
216.364
229.281
242.527
256.112
270.047
284.34
298.994
314.007
329.372
345.079
361.116
377.47
394.122
411.053
428.24
445.656
463.271
481.054
498.968
516.974
535.029
553.088
571.102
589.022
606.797
624.372
641.692
658.702
675.344
691.562
707.299
722.496
737.098
751.047
764.29
776.774
788.448
799.265
809.178
818.148
826.136
833.11
839.038
843.896
847.662
850.319
851.854
852.261
851.537
849.682
846.706
842.619
837.438
831.187
823.891
815.582
806.295
796.07
784.951
772.985
760.221
746.714
732.519
717.694
702.299
686.396
670.047
653.316
636.265
618.957
601.455
583.82
566.111
548.387
530.703
513.113
495.668
478.416
461.401
444.666
428.248
412.182
396.497
381.221
366.374
351.975
338.038
324.573
311.585
299.078
287.048
275.492
264.401
253.763
243.565
233.788
224.415
215.423
206.791
198.493
190.506
182.802
175.356
168.141
161.133
154.304
147.631
141.09
134.657
128.313
122.036
115.809
109.616
103.443
97.278
91.111
84.935
78.745
72.538
66.314
60.074
53.823
47.566
41.312
35.069
28.85
22.668
16.535
10.468
4.482
-1.406
-7.178
-12.819
-18.31
-23.634
-28.776
-33.719
-38.447
-42.945
-47.201
-51.2
-54.93
-58.381
-61.541
-64.401
-66.952
-69.189
-71.104
-72.694
-73.955
-74.884
-75.48
-75.743
-75.674
-75.273
-74.544
-73.489
-72.113
-70.419
-68.413
-66.101
-63.488
-60.578
-57.378
-53.892
-50.127
-46.085
-41.772
-37.189
-32.341
-27.23
-21.862
-16.238
-10.363
-4.241
2.122
8.719
15.544
22.589
29.847
37.309
44.964
52.801
60.808
68.972
77.279
85.713
94.257
102.894
111.605
120.372
129.175
137.992
146.798
155.569
164.282
172.908
181.421
189.791
197.987
205.978
213.736
221.23
228.43
235.306
241.831
247.98
253.739
259.092
264.026
268.528
272.588
276.198
279.352
282.047
284.27
286.008
287.255
288.008
288.274
288.065
287.387
286.247
284.653
282.616
280.154
277.286
274.026
270.398
266.438
262.201
257.767
253.22
248.628
244.057
239.56
235.162
230.889
226.751
222.733
218.85
215.108
211.483
207.956
204.469
200.935
197.308
193.501
189.356
184.832
179.974
174.906
170.045
165.81
162.319
159.713
158.13
157.341
157.098
156.986
155.876
152.75
147.373
139.723
130.159
119.754
109.458
100.481
95.166
95.894
104.207
121.141
147
180.259
218.38
258.837
297.479
331.627
362.44
389.292
410.16
420.825
409.547
366.028
286.533
170.339
26.987
-127.166
-277.277
-404.743
-494.954
-545.091
-558.23
-546.398
-525.701
-504.214
-485.071
-467.254
-446.419
-422.628
-398.243
-375.3
-356.242
-341.094
-328.107
-315.689
-302.177
-286.472
-268.557
-248.823
-227.757
-206.059
-184.393
-163.372
-143.723
-126.033
-110.514
-97.172
-85.885
-76.521
-69.095
-63.573
-59.729
-57.214
-55.589
-54.471
-53.666
-53.048
-52.499
-51.93
-51.243
-50.405
-49.482
-48.505
-47.463
-46.284
-44.805
-42.923
-40.653
-38.067
-35.327
-32.617
-30.032
-27.645
-25.532
-23.716
-22.205
-20.976
-19.932
-18.989
-18.102
-17.252
-16.462
-15.751
-15.08
-14.392
-13.604
-12.607
-11.32
-9.672
-7.577
-4.981
-1.848
1.845
6.086
10.849
16.125
21.91
28.203
35.007
42.308
50.082
58.304
66.935
75.934
85.254
94.839
104.634
114.588
124.647
134.765
144.899
154.999
165.016
174.899
184.595
194.051
203.215
212.034
220.455
228.427
235.906
242.845
249.206
254.952
260.048
264.465
268.174
271.152
273.381
274.844
275.528
275.427
274.535
272.853
270.385
267.14
263.13
258.372
252.886
246.695
239.827
232.309
224.173
215.452
206.183
196.402
186.147
175.459
164.38
152.953
141.222
129.232
117.026
104.649
92.146
79.56
66.934
54.312
41.733
29.241
16.874
4.671
-7.329
-19.09
-30.579
-41.761
-52.606
-63.086
-73.173
-82.841
-92.07
-100.836
-109.123
-116.912
-124.189
-130.942
-137.159
-142.832
-147.953
-152.518
-156.522
-159.964
-162.843
-165.163
-166.925
-168.135
-168.799
-168.926
-168.526
-167.61
-166.194
-164.291
-161.919
-159.098
-155.847
-152.188
-148.146
-143.746
-139.013
-133.976
-128.664
-123.106
-117.333
-111.378
-105.272
-99.048
-92.741
-86.382
-80.007
-73.65
-67.345
-61.126
-55.027
-49.082
-43.325
-37.789
-32.506
-27.508
-22.825
-18.487
-14.521
-10.954
-7.81
-5.111
-2.879
-1.13
0.12
0.858
1.075
0.764
-0.079
-1.452
-3.354
-5.776
-8.709
-12.14
-16.051
-20.425
-25.238
-30.465
-36.078
-42.047
-48.338
-54.916
-61.742
-68.777
-75.978
-83.302
-90.704
-98.137
-105.554
-112.908
-120.148
-127.226
-134.092
-140.698
-146.995
-152.933
-158.466
-163.55
-168.141
-172.199
-175.686
-178.57
-180.821
-182.414
-183.326
-183.541
-183.043
-181.825
-179.881
-177.209
-173.812
-169.696
-164.874
-159.36
-153.174
-146.34
-138.886
-130.844
-122.248
-113.135
-103.547
-93.526
-83.117
-72.37
-61.335
-50.064
-38.616
-27.047
-15.419
-3.791
7.778
19.229
30.509
41.568
52.362
62.848
72.988
82.744
92.079
100.958
109.341
117.187
124.457
131.113
137.126
142.468
147.113
151.034
154.21
156.619
158.242
159.064
159.064
158.236
156.577
154.097
150.828
146.818
142.135
136.849
131.018
124.706
117.982
110.919
103.605
96.102
88.423
80.577
72.554
64.325
55.897
47.211
38.113
28.555
18.551
8.215
-2.115
-12.175
-21.9
-31.095
-39.523
-47.336
-54.845
-62.781
-72.489
-84.96
-100.735
-120.487
-144.654
-172.845
-204.142
-236.625
-267.225
-293.453
-313.165
-323.876
-323.547
-310.826
-285.923
-251.778
-212.6
-172.21
-132.615
-92.557
-51.694
-13.366
15.526
22.233
-5.632
-72.171
-175.962
-308.305
-452.832
-596.766
-727.025
-829.08
-898.779
-935.321
-942.889
-934.121
-915.426
-889.04
-855.818
-812.536
-760.368
-704.153
-648.293
-597.83
-555.681
-522.67
-499.044
-483.803
-475.118
-470.964
-469.15
-467.636
-465.01
-460.138
-452.375
-441.839
-429.083
-414.958
-400.458
-386.459
-373.426
-361.645
-351.181
-341.858
-333.44
-325.568
-317.798
-309.688
-300.94
-291.398
-280.973
-269.605
-257.26
-243.977
-229.876
-215.201
-200.226
-185.148
-170.136
-155.308
-140.734
-126.49
-112.626
-99.138
-86.011
-73.239
-60.828
-48.838
-37.332
-26.327
-15.82
-5.765
3.921
13.299
22.428
31.379
40.198
48.922
57.582
66.179
74.697
83.136
91.498
99.798
108.062
116.308
124.544
132.778
141.01
149.241
157.47
165.687
173.88
182.04
190.16
198.235
206.266
214.249
222.174
230.033
237.814
245.501
253.078
260.524
267.816
274.93
281.842
288.529
294.966
301.129
306.993
312.532
317.723
322.539
326.957
330.951
334.499
337.576
340.16
342.231
343.768
344.755
345.176
345.016
344.267
342.919
340.967
338.409
335.242
331.47
327.096
322.127
316.571
310.441
303.751
296.519
288.764
280.509
271.778
262.597
252.994
242.998
232.639
221.95
210.96
199.705
188.217
176.531
164.681
152.701
140.627
128.491
116.328
104.17
92.049
79.996
68.04
56.207
44.524
33.015
21.702
10.605
-0.256
-10.866
-21.21
-31.275
-41.05
-50.525
-59.695
-68.552
-77.095
-85.321
-93.228
-100.818
-108.092
-115.052
-121.702
-128.044
-134.085
-139.827
-145.276
-150.437
-155.316
-159.918
-164.249
-168.313
-172.115
-175.658
-178.948
-181.984
-184.769
-187.303
-189.586
-191.616
-193.39
-194.906
-196.157
-197.14
-197.848
-198.274
-198.409
-198.245
-197.772
-196.979
-195.856
-194.391
-192.574
-190.395
-187.841
-184.902
-181.568
-177.83
-173.678
-169.102
-164.093
-158.643
-152.743
-146.388
-139.57
-132.284
-124.526
-116.293
-107.582
-98.393
-88.724
-78.577
-67.953
-56.855
-45.288
-33.256
-20.768
-7.831
5.545
19.348
33.565
48.183
63.186
78.558
94.283
110.343
126.719
143.392
160.341
177.545
194.983
212.63
230.461
248.451
266.574
284.803
303.111
321.47
339.851
358.224
376.557
394.819
412.975
430.99
448.83
466.457
483.834
500.924
517.693
534.104
550.123
565.714
580.843
595.476
609.579
623.119
636.059
648.368
660.013
670.964
681.188
690.658
699.347
707.234
714.3
720.524
725.888
730.378
733.983
736.697
738.516
739.436
739.456
738.581
736.823
734.198
730.724
726.417
721.297
715.382
708.694
701.258
693.1
684.233
674.658
664.375
653.396
641.754
629.504
616.689
603.35
589.536
575.317
560.772
545.979
530.987
515.819
500.507
485.094
469.655
454.305
439.165
424.325
409.818
395.611
381.66
367.909
354.256
340.572
326.664
312.311
297.492
282.376
267.186
252.251
237.775
223.671
209.961
196.821
184.086
171.374
158.016
142.921
125.432
105.64
83.653
59.343
32.965
5.123
-22.801
-47.851
-66.843
-77.774
-79.775
-74.481
-65.432
-55.129
-43.772
-26.796
1.889
45.747
103.774
166.443
222.014
259.823
270.526
249.513
193.361
101.313
-24.62
-177.641
-343.351
-505.273
-643.468
-742.018
-798.037
-816.627
-811.706
-799.206
-785.672
-771.902
-754.969
-730.877
-701.066
-669.952
-641.982
-621.216
-609.372
-606.122
-610.395
-620.335
-633.765
-648.719
-663.301
-675.984
-685.576
-691.371
-693.295
-691.857
-687.995
-682.78
-677.343
-672.467
-668.634
-666.139
-664.922
-664.711
-665.153
-665.767
-666.039
-665.7
-664.63
-662.768
-660.202
-657.004
-653.221
-648.971
-644.369
-639.471
-634.328
-628.969
-623.409
-617.707
-611.919
-606.074
-600.199
-594.298
-588.353
-582.36
-576.299
-570.136
-563.851
-557.419
-550.822
-544.049
-537.087
-529.912
-522.499
-514.816
-506.831
-498.52
-489.853
-480.808
-471.363
-461.502
-451.213
-440.489
-429.319
-417.69
-405.592
-393.012
-379.943
-366.378
-352.314
-337.748
-322.682
-307.125
-291.085
-274.576
-257.613
-240.212
-222.393
-204.177
-185.588
-166.652
-147.397
-127.855
-108.058
-88.042
-67.845
-47.508
-27.073
-6.585
13.91
34.364
54.725
74.944
94.968
114.744
134.218
153.337
172.047
190.294
208.026
225.191
241.739
257.62
272.788
287.199
300.81
313.583
325.482
336.472
346.524
355.612
363.711
370.801
376.867
381.894
385.874
388.801
390.674
391.497
391.276
390.024
387.756
384.491
380.253
375.071
368.975
362
354.185
345.57
336.199
326.119
315.379
304.027
292.117
279.7
266.831
253.564
239.952
226.049
211.909
197.584
183.125
168.584
154.007
139.444
124.938
110.533
96.269
82.186
68.318
54.697
41.354
28.314
15.601
3.233
-8.771
-20.4
-31.643
-42.493
-52.947
-63.003
-72.664
-81.933
-90.819
-99.329
-107.474
-115.267
-122.721
-129.851
-136.671
-143.197
-149.447
-155.435
-161.178
-166.693
-171.994
-177.098
-182.018
-186.769
-191.362
-195.809
-200.12
-204.304
-208.367
-212.316
-216.154
-219.885
-223.509
-227.026
-230.435
-233.732
-236.914
-239.975
-242.908
-245.705
-248.359
-250.858
-253.196
-255.361
-257.346
-259.14
-260.737
-262.127
-263.303
-264.258
-264.986
-265.481
-265.738
-265.754
-265.524
-265.049
-264.327
-263.361
-262.153
-260.706
-259.028
-257.122
-254.998
-252.662
-250.123
-247.391
-244.476
-241.389
-238.141
-234.744
-231.211
-227.556
-223.792
-219.931
-215.987
-211.97
-207.891
-203.759
-199.582
-195.369
-191.126
-186.861
-182.582
-178.294
-174.005
-169.72
-165.443
-161.178
-156.927
-152.691
-148.471
-144.264
-140.07
-135.887
-131.713
-127.548
-123.391
-119.241
-115.099
-110.966
-106.844
-102.733
-98.63
-94.534
-90.441
-86.346
-82.248
-78.146
-74.036
-69.92
-65.801
-61.685
-57.578
-53.486
-49.408
-45.343
-41.285
-37.23
-33.175
-29.117
-25.051
-20.986
-16.933
-12.914
-8.962
-5.102
-1.34
2.325
5.903
9.427
12.919
16.401
19.911
23.464
27.068
30.716
34.38
38.047
41.733
45.47
49.324
53.354
57.569
61.97
66.546
71.207
75.854
80.366
84.553
88.271
91.476
94.104
96.093
97.504
98.411
98.973
99.528
100.296
101.352
102.931
105.367
108.737
112.971
117.583
121.467
123.905
124.681
123.133
118.524
110.906
100.549
89.45
81.876
79.792
83.758
93.949
108.012
127.567
157.105
198.09
252.47
316.878
383.129
448.302
508.715
560.17
599.558
614.916
592.381
526.03
414.893
267.133
100.429
-69.834
-228.729
-359.283
-453.034
-508.382
-528.267
-523.774
-503.218
-466.997
-416.505
-354.425
-287.645
-229.267
-186.973
-160.483
-144.505
-131.257
-117.375
-104.962
-98.391
-100.556
-111.462
-128.526
-147.625
-165.819
-181.337
-193.284
-201.814
-207.143
-209.304
-208.67
-205.927
-201.84
-197.449
-193.589
-190.498
-188.302
-187.033
-186.393
-186.075
-185.927
-185.61
-184.682
-183.013
-180.357
-176.493
-171.943
-167.205
-162.375
-157.689
-153.481
-149.866
-147.308
-146.301
-146.306
-146.788
-147.611
-148.475
-149.196
-149.743
-149.646
-148.413
-146.372
-143.822
-140.847
-137.668
-134.244
-130.463
-126.519
-122.593
-118.513
-114.142
-109.38
-104.07
-98.243
-91.946
-85.11
-77.689
-69.686
-61.09
-51.918
-42.197
-31.902
-21.018
-9.551
2.498
15.105
28.24
41.879
55.994
70.552
85.522
100.864
116.536
132.494
148.692
165.078
181.602
198.208
214.841
231.442
247.953
264.319
280.486
296.398
312.003
327.246
342.075
356.44
370.294
383.59
396.286
408.343
419.723
430.395
440.331
449.507
457.904
465.505
472.298
478.275
483.433
487.772
491.297
494.014
495.938
497.083
497.469
497.12
496.061
494.321
491.932
488.928
485.345
481.219
476.589
471.495
465.976
460.072
453.824
447.271
440.452
433.406
426.17
418.779
411.267
403.666
396.007
388.318
380.624
372.95
365.315
357.74
350.24
342.828
335.517
328.314
321.226
314.256
307.406
300.676
294.062
287.559
281.162
274.864
268.654
262.524
256.463
250.461
244.507
238.59
232.699
226.826
220.96
215.095
209.222
203.336
197.432
191.506
185.558
179.586
173.593
167.579
161.55
155.511
149.47
143.434
137.414
131.42
125.464
119.559
113.719
107.958
102.293
96.737
91.308
86.02
80.889
75.931
71.159
66.587
62.227
58.091
54.186
50.521
47.103
43.934
41.017
38.352
35.937
33.768
31.838
30.139
28.66
27.39
26.314
25.416
24.681
24.088
23.619
23.255
22.974
22.756
22.577
22.417
22.252
22.061
21.821
21.511
21.111
20.6
19.96
19.173
18.224
17.1
15.787
14.276
12.559
10.63
8.484
6.121
3.541
0.75
-2.248
-5.441
-8.819
-12.368
-16.073
-19.915
-23.878
-27.941
-32.085
-36.289
-40.534
-44.799
-49.061
-53.3
-57.495
-61.622
-65.662
-69.592
-73.393
-77.044
-80.529
-83.828
-86.928
-89.813
-92.471
-94.89
-97.06
-98.973
-100.62
-101.996
-103.097
-103.923
-104.475
-104.759
-104.782
-104.553
-104.08
-103.375
-102.445
-101.299
-99.94
-98.37
-96.59
-94.605
-92.421
-90.042
-87.481
-84.75
-81.867
-78.854
-75.728
-72.507
-69.211
-65.861
-62.48
-59.093
-55.718
-52.377
-49.094
-45.881
-42.749
-39.708
-36.744
-33.838
-30.955
-28.041
-25.056
-21.961
-18.707
-15.244
-11.512
-7.47
-3.129
1.466
6.266
11.186
16.174
21.144
25.898
30.357
34.518
38.419
42.309
46.371
50.576
55.042
59.972
65.155
70.29
74.8
77.477
77.555
74.719
68.381
58.232
44.704
28.492
11.21
-4.335
-16.022
-22.166
-20.526
-9.372
12.218
44.974
87.271
134.642
183.512
230.342
272.944
313.044
350.414
380.999
397.959
390.189
348.459
271.874
164.738
35.606
-103.397
-242.196
-370.216
-474.118
-544.531
-577.718
-574.549
-543.935
-497.833
-445.616
-397.432
-359.741
-333.079
-315.507
-301.095
-284.826
-266.375
-248.331
-235.57
-231.075
-234.375
-243.646
-255.786
-268.254
-279.951
-289.812
-297.24
-302.206
-304.797
-305.36
-304.619
-303.435
-302.417
-302.095
-302.749
-304.307
-306.615
-309.454
-312.469
-315.249
-317.543
-319.205
-320.205
-320.648
-320.631
-320.232
-319.556
-318.725
-317.829
-316.937
-316.104
-315.332
-314.62
-313.979
-313.411
-312.917
-312.495
-312.124
-311.774
-311.428
-311.071
-310.69
-310.28
-309.829
-309.32
-308.736
-308.059
-307.274
-306.368
-305.324
-304.123
-302.748
-301.182
-299.414
-297.433
-295.227
-292.778
-290.065
-287.07
-283.77
-280.147
-276.181
-271.849
-267.134
-262.019
-256.487
-250.525
-244.12
-237.258
-229.926
-222.11
-213.8
-204.986
-195.66
-185.813
-175.442
-164.544
-153.119
-141.17
-128.703
-115.723
-102.242
-88.272
-73.828
-58.929
-43.596
-27.851
-11.722
4.763
21.572
38.67
56.023
73.591
91.334
109.211
127.178
145.191
163.206
181.177
199.057
216.801
234.361
251.691
268.745
285.478
301.845
317.803
333.311
348.33
362.822
376.752
390.088
402.799
414.86
426.246
436.936
446.913
456.161
464.671
472.434
479.446
485.707
491.219
495.987
500.021
503.333
505.938
507.854
509.101
509.702
509.682
509.067
507.887
506.171
503.952
501.261
498.131
494.596
490.688
486.442
481.89
477.065
471.997
466.717
461.255
455.637
449.891
444.042
438.11
432.119
426.087
420.03
413.964
407.901
401.852
395.825
389.826
383.86
377.93
372.034
366.172
360.341
354.535
348.748
342.973
337.201
331.422
325.626
319.802
313.939
308.025
302.048
295.998
289.864
283.634
277.299
270.849
264.275
257.571
250.729
243.743
236.61
229.327
221.89
214.3
206.557
198.664
190.623
182.44
174.12
165.672
157.103
148.424
139.647
130.783
121.845
112.848
103.806
94.736
85.654
76.577
67.521
58.506
49.551
40.672
31.891
23.224
14.691
6.31
-1.9
-9.922
-17.738
-25.332
-32.688
-39.79
-46.623
-53.174
-59.43
-65.378
-71.008
-76.31
-81.274
-85.894
-90.162
-94.072
-97.619
-100.8
-103.609
-106.044
-108.104
-109.787
-111.095
-112.027
-112.586
-112.777
-112.606
-112.08
-111.206
-109.993
-108.452
-106.594
-104.43
-101.974
-99.238
-96.235
-92.978
-89.483
-85.764
-81.836
-77.714
-73.412
-68.945
-64.328
-59.575
-54.701
-49.718
-44.638
-39.473
-34.236
-28.942
-23.601
-18.227
-12.831
-7.422
-2.008
3.403
8.815
14.23
19.658
25.107
30.585
36.101
41.662
47.276
52.942
58.657
64.418
70.225
76.079
81.979
87.92
93.893
99.891
105.906
111.932
117.955
123.97
129.969
135.956
141.958
148.01
154.169
160.485
166.989
173.716
180.707
187.998
195.636
203.638
211.959
220.554
229.381
238.369
247.494
256.644
265.576
274.149
282.304
290.095
297.769
305.462
313.079
320.735
328.704
336.922
345.155
352.648
358.05
360.617
360.001
355.48
346.405
332.678
315.471
297.947
283.655
274.227
268.447
264.106
261.604
265.049
281.637
316.635
369.344
433.479
499.17
559.786
611.774
652.297
678.407
680.559
647.91
576.119
465.901
326.719
173.284
15.484
-136.658
-273.354
-387.979
-470.829
-518.22
-532.446
-516.394
-480.095
-432.096
-381.198
-340.301
-314.201
-303.519
-304.459
-306.38
-304.681
-299.927
-294.155
-292.456
-296.118
-302.901
-310.985
-318.204
-323.357
-326.239
-326.884
-325.751
-323.685
-321.742
-320.453
-319.866
-320.028
-321.005
-322.785
-325.262
-328.051
-330.531
-332.365
-333.484
-333.886
-333.654
-332.833
-331.439
-329.586
-327.463
-325.216
-322.945
-320.723
-318.586
-316.613
-314.919
-313.585
-312.67
-312.204
-312.188
-312.62
-313.501
-314.811
-316.514
-318.578
-320.97
-323.66
-326.626
-329.832
-333.238
-336.797
-340.456
-344.164
-347.872
-351.53
-355.092
-358.51
-361.744
-364.754
-367.503
-369.95
-372.053
-373.77
-375.059
-375.883
-376.205
-375.993
-375.215
-373.847
-371.868
-369.265
-366.025
-362.14
-357.606
-352.421
-346.589
-340.119
-333.021
-325.311
-317.01
-308.141
-298.733
-288.821
-278.441
-267.632
-256.437
-244.902
-233.077
-221.011
-208.758
-196.371
-183.905
-171.413
-158.954
-146.581
-134.35
-122.315
-110.526
-99.035
-87.889
-77.134
-66.812
-56.961
-47.617
-38.812
-30.572
-22.923
-15.885
-9.473
-3.699
1.43
5.909
9.74
12.928
15.484
17.42
18.755
19.51
19.709
19.381
18.556
17.268
15.551
13.444
10.983
8.21
5.165
1.888
-1.577
-5.191
-8.913
-12.702
-16.521
-20.331
-24.099
-27.789
-31.37
-34.813
-38.091
-41.18
-44.058
-46.706
-49.108
-51.251
-53.125
-54.723
-56.042
-57.082
-57.844
-58.334
-58.56
-58.532
-58.264
-57.768
-57.064
-56.168
-55.101
-53.884
-52.54
-51.091
-49.562
-47.978
-46.362
-44.739
-43.134
-41.571
-40.073
-38.663
-37.365
-36.198
-35.184
-34.341
-33.689
-33.244
-33.022
-33.037
-33.301
-33.827
-34.622
-35.695
-37.052
-38.697
-40.633
-42.86
-45.378
-48.185
-51.278
-54.653
-58.303
-62.221
-66.399
-70.829
-75.499
-80.399
-85.518
-90.842
-96.361
-102.059
-107.925
-113.944
-120.102
-126.384
-132.777
-139.264
-145.832
-152.464
-159.144
-165.858
-172.588
-179.32
-186.036
-192.723
-199.365
-205.946
-212.454
-218.873
-225.191
-231.394
-237.471
-243.41
-249.199
-254.828
-260.287
-265.565
-270.656
-275.55
-280.24
-284.718
-288.978
-293.014
-296.818
-300.385
-303.708
-306.781
-309.6
-312.159
-314.454
-316.483
-318.243
-319.735
-320.959
-321.917
-322.611
-323.045
-323.223
-323.149
-322.826
-322.26
-321.455
-320.417
-319.152
-317.664
-315.962
-314.053
-311.943
-309.64
-307.152
-304.485
-301.646
-298.642
-295.479
-292.164
-288.705
-285.112
-281.394
-277.565
-273.633
-269.61
-265.504
-261.321
-257.062
-252.728
-248.313
-243.812
-239.22
-234.533
-229.747
-224.866
-219.891
-214.829
-209.689
-204.478
-199.203
-193.876
-188.507
-183.106
-177.689
-172.265
-166.848
-161.454
-156.086
-150.742
-145.42
-140.108
-134.783
-129.413
-123.944
-118.329
-112.526
-106.484
-100.148
-93.457
-86.362
-78.863
-70.991
-62.801
-54.372
-45.764
-37.075
-28.463
-19.974
-11.581
-3.202
5.402
14.396
23.762
33.605
44.105
55.059
66.078
76.502
85.258
91.696
95.658
96.753
94.544
89.275
81.708
73.485
67.083
64.269
66.227
74.663
91.507
118.052
155.012
200.875
251.836
305.04
357.674
408.06
457.651
505.981
549.538
582.37
593.051
570.96
513.649
423.404
308.056
180.764
51.739
-67.757
-163.082
-225.921
-252.799
-245.335
-213.67
-166.341
-109.429
-49.914
8.507
61.843
108.343
151.262
192.612
233.997
274.401
309.282
336.758
356.431
368.97
377.002
382.169
385.713
388.955
392.181
395.347
398.31
400.687
402.212
402.502
400.752
396.37
389.238
379.544
367.8
354.506
340.001
324.737
309.352
294.434
280.385
267.407
255.501
244.624
234.772
225.907
217.93
210.664
203.898
197.433
191.089
184.763
178.378
171.851
165.103
158.048
150.631
142.847
134.717
126.261
117.5
108.459
99.177
89.747
80.276
70.877
61.671
52.745
44.162
35.983
28.259
21.027
14.317
8.138
2.484
-2.638
-7.216
-11.239
-14.694
-17.586
-19.924
-21.72
-22.989
-23.744
-23.996
-23.758
-23.041
-21.854
-20.204
-18.096
-15.535
-12.53
-9.096
-5.252
-1.018
3.582
8.524
13.781
19.326
25.13
31.164
37.401
43.813
50.373
57.049
63.813
70.635
77.484
84.331
91.146
97.901
104.568
111.119
117.528
123.772
129.826
135.669
141.28
146.64
151.729
156.532
161.033
165.22
169.081
172.61
175.798
178.642
181.142
183.297
185.111
186.59
187.74
188.572
189.097
189.326
189.275
188.96
188.399
187.611
186.615
185.434
184.09
182.605
181.004
179.31
177.547
175.74
173.912
172.088
170.291
168.544
166.868
165.286
163.818
162.483
161.3
160.286
159.456
158.824
158.402
158.202
158.232
158.499
159.008
159.763
160.764
162.012
163.504
165.236
167.202
169.395
171.806
174.424
177.239
180.236
183.403
186.724
190.185
193.768
197.457
201.236
205.087
208.992
212.935
216.897
220.86
224.808
228.723
232.588
236.386
240.101
243.717
247.218
250.59
253.818
256.888
259.789
262.508
265.033
267.354
269.462
271.35
273.009
274.435
275.621
276.563
277.26
277.707
277.904
277.849
277.54
276.979
276.165
275.1
273.785
272.223
270.417
268.37
266.086
263.571
260.828
257.865
254.686
251.3
247.714
243.94
239.986
235.863
231.585
227.165
222.618
217.956
213.194
208.345
203.422
198.44
193.412
188.352
183.271
178.183
173.104
168.048
163.03
158.064
153.164
148.343
143.615
138.993
134.488
130.111
125.872
121.781
117.85
114.088
110.504
107.103
103.887
100.86
98.021
95.368
92.894
90.586
88.435
86.43
84.563
82.825
81.204
79.69
78.273
76.952
75.72
74.568
73.479
72.434
71.414
70.403
69.382
68.332
67.228
66.052
64.794
63.457
62.037
60.531
58.921
57.182
55.3
53.28
51.131
48.861
46.486
44.029
41.547
39.126
36.85
34.775
32.924
31.291
29.874
28.672
27.68
26.9
26.299
25.844
25.532
25.368
25.343
25.419
25.499
25.411
25.008
24.169
22.81
20.914
18.479
15.561
12.27
8.707
4.997
1.221
-2.582
-6.347
-9.934
-13.243
-16.194
-18.522
-19.839
-19.579
-17.123
-12.194
-4.858
4.744
16.686
30.92
47.004
63.991
80.593
95.991
110.233
123.654
136.098
147.466
158.132
169.185
182.916
201.339
224.989
254.09
288.061
324.479
361.074
394.686
422.977
448.135
470.814
488.749
495.654
477.097
421.82
326.163
191.42
31.309
-135.089
-290.736
-415.188
-495.891
-534.162
-534.712
-509.673
-472.277
-424.578
-369.824
-312.315
-254.071
-203.777
-165.966
-138.497
-120.719
-108.376
-99.382
-96.889
-101.417
-112.888
-129.953
-147.816
-162.956
-173.946
-180.132
-182.088
-180.665
-176.281
-169.6
-161.897
-154.543
-148.341
-143.6
-140.249
-137.939
-136.451
-135.642
-135.157
-134.558
-133.614
-132.261
-130.572
-128.761
-126.96
-125.221
-123.639
-122.31
-121.318
-120.745
-120.615
-120.893
-121.561
-122.597
-123.978
-125.695
-127.713
-129.98
-132.451
-135.088
-137.851
-140.716
-143.65
-146.612
-149.558
-152.441
-155.216
-157.847
-160.296
-162.522
-164.487
-166.151
-167.483
-168.459
-169.052
-169.235
-168.981
-168.266
-167.07
-165.376
-163.172
-160.447
-157.194
-153.413
-149.108
-144.288
-138.964
-133.151
-126.866
-120.131
-112.969
-105.407
-97.476
-89.206
-80.634
-71.795
-62.73
-53.479
-44.084
-34.588
-25.036
-15.471
-5.94
3.512
12.839
21.999
30.946
39.638
48.034
56.095
63.783
71.065
77.907
84.279
90.153
95.507
100.319
104.572
108.252
111.349
113.857
115.774
117.102
117.846
118.015
117.622
116.683
115.215
113.24
110.782
107.866
104.521
100.777
96.668
92.23
87.5
82.515
77.314
71.938
66.425
60.817
55.15
49.465
43.798
38.189
32.673
27.287
22.064
17.036
12.234
7.685
3.411
-0.568
-4.237
-7.585
-10.606
-13.296
-15.659
-17.698
-19.419
-20.83
-21.941
-22.763
-23.309
-23.598
-23.647
-23.477
-23.118
-22.601
-21.965
-21.25
-20.495
-19.736
-19.011
-18.353
-17.8
-17.384
-17.129
-17.065
-17.228
-17.656
-18.403
-19.513
-21.001
-22.874
-25.121
-27.709
-30.612
-33.8
-37.216
-40.825
-44.611
-48.577
-52.77
-57.235
-61.984
-67.006
-72.251
-77.67
-83.259
-89.025
-94.977
-101.166
-107.63
-114.421
-121.652
-129.38
-137.584
-146.192
-155.028
-163.879
-172.599
-181.077
-189.231
-197.008
-204.301
-211.006
-217.045
-222.3
-226.648
-229.945
-231.961
-232.529
-231.613
-229.246
-225.588
-220.875
-215.266
-208.897
-201.91
-194.402
-186.501
-178.334
-169.965
-161.487
-153.027
-144.744
-136.873
-129.618
-123.07
-117.274
-112.195
-107.733
-103.847
-100.506
-97.649
-95.256
-93.301
-91.78
-90.76
-90.31
-90.466
-91.217
-92.466
-94.141
-96.234
-98.751
-101.76
-105.291
-109.244
-113.678
-118.805
-124.789
-131.841
-139.926
-148.627
-157.732
-167.31
-177.117
-186.745
-195.736
-203.348
-209.508
-214.996
-220.203
-225.177
-230.249
-235.733
-242.146
-250.486
-260.793
-272.026
-283.538
-294.94
-305.774
-315.855
-324.71
-331.385
-335.725
-338.398
-339.828
-340.361
-340.237
-339.366
-337.907
-336.332
-334.728
-332.838
-330.484
-327.451
-323.648
-319.183
-314.027
-308.044
-301.203
-293.525
-285.073
-275.974
-266.284
-255.993
-245.104
-233.591
-221.473
-208.82
-195.661
-182.05
-168.08
-153.873
-139.68
-125.803
-112.472
-99.89
-88.188
-77.373
-67.504
-58.652
-50.747
-43.708
-37.327
-31.219
-25.109
-18.805
-12.076
-4.675
3.53
12.566
22.128
31.512
40
46.97
52.119
55.45
57.47
59.205
61.966
67.543
78.122
95.83
122.165
158.16
202.961
253.681
307.69
361.686
413.393
463.788
512.215
554.868
585.525
592.788
565.977
502.542
405.08
281.164
143.49
2.769
-130.202
-240.783
-319.437
-363.109
-373.377
-361.153
-337.127
-306.167
-273.904
-241.934
-211.683
-187.741
-168.902
-154.601
-145.093
-137.669
-133.976
-134.362
-136.143
-139.015
-141.744
-143.089
-143.599
-143.217
-141.486
-139.138
-137.433
-136.945
-138.053
-140.778
-144.555
-149.202
-154.886
-161.29
-167.859
-174.197
-179.918
-184.891
-189.267
-193.04
-196.118
-198.51
-200.236
-201.375
-202.046
-202.297
-202.149
-201.643
-200.838
-199.822
-198.67
-197.417
-196.077
-194.647
-193.109
-191.456
-189.669
-187.715
-185.577
-183.234
-180.671
-177.882
-174.86
-171.586
-168.051
-164.233
-160.12
-155.707
-150.997
-145.992
-140.706
-135.154
-129.358
-123.342
-117.133
-110.75
-104.215
-97.549
-90.774
-83.915
-76.997
-70.044
-63.083
-56.143
-49.253
-42.443
-35.742
-29.175
-22.767
-16.544
-10.527
-4.738
0.805
6.082
11.078
15.779
20.17
24.239
27.976
31.375
34.431
37.14
39.502
41.518
43.193
44.531
45.543
46.237
46.624
46.719
46.534
46.088
45.396
44.478
43.352
42.038
40.559
38.935
37.187
35.336
33.402
31.406
29.367
27.302
25.229
23.165
21.124
19.121
17.169
15.281
13.466
11.736
10.098
8.558
7.122
5.795
4.579
3.475
2.483
1.602
0.829
0.161
-0.407
-0.879
-1.263
-1.564
-1.79
-1.948
-2.045
-2.089
-2.087
-2.047
-1.974
-1.874
-1.753
-1.614
-1.462
-1.299
-1.128
-0.95
-0.766
-0.576
-0.378
-0.172
0.044
0.274
0.522
0.79
1.084
1.409
1.771
2.174
2.626
3.132
3.698
4.331
5.037
5.821
6.689
7.645
8.694
9.84
11.084
12.43
13.878
15.427
17.076
18.823
20.663
22.592
24.603
26.69
28.844
31.056
33.316
35.613
37.935
40.27
42.605
44.927
47.22
49.473
51.67
53.797
55.841
57.789
59.629
61.347
62.934
64.378
65.67
66.802
67.767
68.558
69.172
69.604
69.854
69.92
69.806
69.514
69.048
68.417
67.629
66.693
65.622
64.428
63.126
61.731
60.262
58.736
57.174
55.597
54.025
52.482
50.991
49.574
48.253
47.049
45.983
45.075
44.342
43.803
43.474
43.369
43.502
43.885
44.529
45.443
46.634
48.107
49.864
51.908
54.236
56.845
59.727
62.875
66.277
69.921
73.792
77.872
82.139
86.57
91.139
95.816
100.568
105.359
110.152
114.912
119.601
124.183
128.622
132.884
136.936
140.748
144.29
147.531
150.442
152.989
155.141
156.869
158.144
158.937
159.222
158.971
158.162
156.789
154.839
152.307
149.184
145.452
141.111
136.18
130.681
124.644
118.109
111.118
103.732
96.036
88.112
80.038
71.882
63.686
55.494
47.34
39.261
31.296
23.45
15.697
8.008
0.353
-7.302
-14.99
-22.777
-30.766
-39.05
-47.715
-56.831
-66.448
-76.577
-87.173
-98.186
-109.556
-121.158
-132.869
-144.547
-155.98
-167.049
-177.695
-187.676
-196.681
-204.305
-209.889
-212.864
-212.821
-209.259
-201.925
-191.06
-177.101
-160.987
-144.243
-128.352
-114.675
-104.426
-98.18
-94.739
-92.574
-90.71
-86.538
-79.313
-68.352
-48.207
-16.767
26.737
83.983
148.487
215.098
282.95
346.744
402.594
444.721
460.013
437.769
374.278
270.771
136.257
-15.241
-173.4
-327.397
-464.776
-576.527
-654.307
-696.143
-708.304
-697.558
-670.812
-632.933
-587.136
-540.339
-500.133
-470.513
-450.394
-433.23
-412.474
-386.068
-356.76
-329.793
-308.335
-293.207
-283.793
-278.114
-275.152
-274.089
-273.092
-271.307
-268.5
-264.113
-257.983
-250.075
-240.151
-228.701
-216.958
-205.571
-194.703
-184.435
-174.532
-164.875
-155.582
-146.459
-137.063
-127.172
-116.72
-105.764
-94.547
-83.215
-71.799
-60.401
-49.141
-38.129
-27.488
-17.264
-7.438
2.003
11.069
19.773
28.114
36.123
43.855
51.357
58.672
65.838
72.879
79.832
86.736
93.633
100.564
107.564
114.666
121.901
129.301
136.897
144.717
152.786
161.117
169.729
178.639
187.859
197.406
207.287
217.509
228.075
238.985
250.234
261.813
273.706
285.895
298.358
311.07
324.004
337.128
350.41
363.814
377.304
390.84
404.381
417.883
431.303
444.595
457.715
470.615
483.251
495.575
507.544
519.112
530.238
540.881
551
560.558
569.52
577.853
585.527
592.515
598.794
604.341
609.141
613.179
616.446
618.935
620.643
621.57
621.719
621.098
619.715
617.582
614.714
611.128
606.844
601.884
596.272
590.033
583.195
575.786
567.836
559.376
550.436
541.049
531.247
521.061
510.524
499.669
488.526
477.126
465.501
453.678
441.687
429.555
417.309
404.972
392.57
380.124
367.655
355.184
342.729
330.309
317.938
305.633
293.408
281.275
269.248
257.337
245.554
233.909
222.41
211.067
199.889
188.884
178.06
167.425
156.987
146.752
136.73
126.926
117.35
108.008
98.907
90.057
81.464
73.137
65.082
57.309
49.825
42.637
35.754
29.182
22.93
17.005
11.412
6.159
1.251
-3.307
-7.51
-11.356
-14.84
-17.961
-20.718
-23.111
-25.141
-26.809
-28.119
-29.075
-29.681
-29.945
-29.873
-29.473
-28.756
-27.731
-26.41
-24.803
-22.923
-20.783
-18.395
-15.773
-12.931
-9.884
-6.645
-3.23
0.348
4.072
7.931
11.909
15.995
20.178
24.444
28.784
33.188
37.646
42.152
46.698
51.276
55.881
60.51
65.16
69.83
74.518
79.227
83.957
88.712
93.497
98.314
103.168
108.062
113
117.987
123.028
128.127
133.288
138.516
143.816
149.192
154.647
160.183
165.801
171.498
177.27
183.114
189.025
194.996
201.017
207.079
213.172
219.285
225.405
231.516
237.599
243.636
249.602
255.474
261.226
266.826
272.243
277.448
282.414
287.112
291.516
295.603
299.348
302.733
305.737
308.334
310.497
312.202
313.423
314.142
314.342
314.008
313.132
311.708
309.74
307.238
304.209
300.648
296.544
291.872
286.626
280.82
274.471
267.596
260.23
252.413
244.214
235.742
227.077
218.264
209.328
200.27
191.104
181.882
172.662
163.497
154.422
145.442
136.584
127.903
119.414
111.091
102.815
94.357
85.557
76.34
66.66
56.537
45.94
34.72
22.888
10.641
-1.725
-13.726
-25.01
-35.499
-44.901
-52.73
-58.81
-63.13
-66.184
-69.256
-73.291
-78.737
-86.289
-96.412
-108.82
-122.948
-137.204
-148.731
-155.229
-154.616
-144.45
-123.072
-89.631
-44.669
8.655
66.153
123.907
179.078
231.692
281.091
323.636
353.44
359.483
330.309
261.572
153.373
12.667
-144.717
-305.201
-454.289
-575.829
-664.769
-720.177
-746.334
-756.081
-755.887
-747.603
-731.729
-705.248
-669.497
-629.693
-590.604
-556.61
-529.995
-511.374
-500.61
-496.385
-496.768
-499.337
-501.751
-502.809
-501.764
-497.741
-490.431
-480.071
-467.348
-453.694
-440.54
-428.509
-417.895
-408.955
-401.684
-396.008
-391.697
-388.072
-384.406
-380.331
-375.68
-370.432
-364.667
-358.378
-351.559
-344.333
-336.871
-329.31
-321.751
-314.226
-306.758
-299.415
-292.304
-285.549
-279.246
-273.438
-268.145
-263.371
-259.117
-255.385
-252.158
-249.395
-247.057
-245.109
-243.523
-242.282
-241.356
-240.702
-240.27
-240.009
-239.875
-239.83
-239.839
-239.868
-239.887
-239.869
-239.79
-239.632
-239.371
-238.977
-238.423
-237.683
-236.729
-235.538
-234.087
-232.353
-230.32
-227.98
-225.324
-222.345
-219.039
-215.4
-211.429
-207.129
-202.501
-197.541
-192.249
-186.625
-180.675
-174.411
-167.842
-160.977
-153.829
-146.406
