Name,Criss Capps
Date of Birth,"Feb 5, 1952"
Recorded Date,2025-08-04 19:21:53 -0400
Classification,Poor Recording
Symptoms,
Software Version,1.90
Device,"Watch5,4"
Sample Rate,512.844 hertz


Lead,Lead I
Unit,µV

44.402
91.959
137.066
174.658
205.416
231.782
257.129
281.383
301.993
317.667
327.371
330.232
326.52
316.672
300.926
280.128
255.655
228.511
199.619
170.329
139.954
107.444
74.392
41.318
12.049
-9.257
-27.251
-45.14
-68.008
-101.551
-138.532
-173.324
-202.558
-220.381
-229.869
-233.815
-231.272
-224.568
-214.433
-200.568
-184.267
-166.515
-148.309
-131.412
-117.904
-108.302
-101.652
-97.335
-94.771
-93.553
-93.927
-95.652
-97.847
-100.341
-103.511
-107.508
-112.601
-118.755
-125.383
-132.17
-138.968
-145.452
-151.445
-156.845
-161.401
-165.085
-167.868
-169.349
-169.547
-168.88
-167.639
-166.372
-165.287
-163.783
-161.849
-160.416
-159.78
-159.297
-157.556
-152.438
-142.964
-131.335
-121.063
-112.047
-103.047
-91.876
-72.127
-45.096
-19.1
-1.248
-8.293
-52.879
-127.808
-220.088
-302.19
-340.653
-327.717
-270.25
-188.381
-113.44
-58.814
-24.227
-4.62
10.732
24.807
33.179
33.475
25.089
9.087
-11.311
-33.705
-57.531
-80.925
-100.395
-115.001
-125.709
-133.049
-138.43
-141.933
-140.89
-134.824
-125.412
-112.308
-94.897
-73.435
-47.021
-16.32
14.735
43.958
70.664
91.991
105.646
111.018
105.917
90.562
70.746
48.532
23.677
-3.698
-40.418
-87.074
-132.707
-164.585
-164.572
-124.196
-54.656
26.02
93.228
130.387
138.892
126.777
107.53
91.009
77.544
66.43
61.269
70.733
106.022
172.501
258.487
341.219
396.543
407.258
373.67
305.239
215.225
118.47
27.468
-41.732
-76.454
-73.096
-38.166
10.439
57.226
94.37
123.305
152.812
185.591
220.88
254.034
278.536
297.714
314.982
333.886
358.567
382.571
400.3
406.89
394.683
364.972
320.483
263.142
199.985
133.982
64.865
-3.054
-67.848
-127.706
-173.633
-201.445
-207.431
-186.036
-144.02
-89.759
-31.986
17.662
56.706
85.168
101.799
106.658
97.624
74.621
41.25
1.909
-38.32
-75.938
-109.1
-135.719
-154.577
-165.795
-170.264
-169.928
-167.185
-163.381
-159.491
-156.33
-153.704
-151.745
-150.884
-150.848
-152.096
-153.842
-152.845
-149.594
-146.671
-147.82
-160.684
-183.328
-205.07
-215.628
-202.583
-165.951
-118.506
-71.696
-37.284
-18.666
-10.464
-9.728
-13.233
-19.844
-31.419
-46.354
-62.374
-77.802
-89.67
-96.176
-97.13
-92.48
-82.632
-70.735
-60.959
-53.58
-47.886
-38.841
-15.629
21.094
61.877
92.779
92.19
56.736
3.374
-45.477
-63.864
-44.073
-2.378
37.591
57.14
52.613
36.058
28.399
38.866
59.799
80.345
82.288
58.842
25.831
-4.94
-19.671
-9.851
10.331
30.423
43.882
44.217
38.506
32.903
27.231
21.102
13.428
5.004
1.185
10.486
32.448
59.098
81.815
88.335
77.954
61.769
48.18
46.352
57.515
72.89
87.286
97.42
102.734
107.334
113.174
120.188
128.637
138.155
148.215
158.452
167.712
174.237
177.147
176.373
171.666
163.106
151.7
139.287
128.981
124.242
127.613
141.205
167.031
206.857
261.757
330.775
410.844
497.482
584.481
665.436
736.18
797.048
851.589
902.727
945.922
962.975
932.647
840.519
687.453
497.528
302.337
129.812
-2.402
-94.451
-154.668
-194.895
-225.075
-247.888
-262.404
-263.622
-248.627
-219.706
-180.976
-139.049
-98.425
-59.558
-22.589
11.851
42.571
66.95
82.77
89.987
88.436
77.5
57.549
29.455
-4.696
-40.891
-75.58
-106.914
-133.348
-153.822
-168.045
-175.847
-178.222
-177.639
-176.116
-174.759
-174.274
-174.74
-176.043
-178.275
-181.081
-183.604
-185.26
-185.777
-185.137
-183.697
-181.816
-179.663
-177.355
-175.072
-172.985
-171.2
-169.778
-168.627
-167.532
-166.401
-165.379
-164.363
-162.839
-160.699
-158.121
-155.033
-151.997
-148.014
-139.701
-127.668
-115.111
-107.054
-113.146
-133.218
-157.541
-176.553
-176.635
-156.384
-128.793
-103.94
-92.546
-96.901
-107.303
-117.65
-123.934
-124.744
-124.013
-123.615
-123.361
-123.397
-123.148
-122.437
-121.814
-121.437
-121.128
-120.856
-120.662
-120.444
-120.063
-119.389
-118.194
-116.387
-114.17
-111.606
-108.551
-105.182
-101.943
-98.837
-95.753
-92.828
-89.278
-85.891
-85.979
-88.79
-91.392
-89.478
-72.588
-40.034
-2.852
29.289
39.868
23.861
-1.799
-24.559
-29.494
-8.415
23.733
56.426
82.431
95.037
101.851
108.485
115.646
125.832
137.028
147.277
157.332
166.979
176.387
186.109
195.736
205.017
213.985
222.09
230.456
240.259
249.749
258.378
262.899
259.442
252.27
244.223
239.578
244.201
252.889
261.245
266.253
262.934
254.87
245.695
236.233
228.714
221.892
214.153
205.843
196.789
187.142
177.278
167.031
156.267
145.084
133.562
121.744
109.696
97.498
85.192
72.831
60.527
48.332
36.218
24.191
12.254
0.393
-11.305
-22.725
-33.891
-44.849
-55.343
-65.087
-74.176
-82.554
-90.215
-97.732
-103.691
-106.772
-109.02
-111.088
-116.677
-130.179
-146.703
-162.9
-174.061
-173.529
-166.617
-158.075
-151.283
-151.719
-156.146
-160.346
-160.885
-154.223
-143.691
-136.328
-141.984
-168.429
-209.583
-249.043
-267.046
-245.747
-190.733
-128.386
-83.342
-79.376
-117.222
-169.238
-214.678
-234.941
-223.338
-198.893
-173.961
-156.04
-151.433
-151.744
-151.453
-150.308
-145.921
-140.416
-135.894
-131.657
-128.137
-125.651
-124.077
-123.883
-125.437
-128.779
-134.006
-141.22
-150.381
-161.32
-173.791
-187.472
-202.079
-217.327
-232.852
-248.081
-262.176
-274.301
-283.534
-288.876
-289.721
-285.815
-277.264
-264.718
-248.726
-229.414
-207.409
-183.801
-158.842
-132.036
-101.945
-66.134
-25.047
17.756
60.251
102.371
148.215
204.455
269.893
333.608
377.525
382.828
341.995
262.363
162.166
60.272
-32.183
-113.83
-191.038
-268.799
-347.477
-424.958
-497.465
-563.686
-625.163
-683.03
-737.595
-788.274
-833.724
-872.827
-904.817
-928.627
-943.044
-947.395
-941.523
-925.843
-901.2
-868.341
-827.973
-780.945
-728.347
-671.481
-611.676
-550.197
-488.149
-426.527
-366.313
-308.524
-254.048
-203.613
-157.856
-117.146
-81.711
-51.751
-27.313
-8.347
5.39
14.397
19.296
20.754
19.435
15.954
10.944
5.131
-0.869
-6.545
-11.418
-15.188
-17.617
-18.468
-17.621
-15.027
-10.724
-4.885
2.236
10.377
19.245
28.545
37.961
47.107
55.67
63.43
70.197
75.887
80.441
83.801
85.965
86.984
86.932
85.902
84.005
81.356
78.099
74.416
70.511
66.606
62.896
59.599
56.986
55.254
54.464
54.631
55.721
57.67
60.567
64.322
68.282
72.193
76.465
81.109
86.595
92.384
95.732
96.943
98.731
105.654
125.233
158.002
197.997
235.11
254.686
251.422
227.873
194.044
169.085
163.744
182.641
222.556
268.989
312.567
347.3
372.364
393.391
413.437
435.645
459.59
483.951
510.339
536.024
558.751
574.326
574.333
557.422
529.45
502.155
489.913
500.848
531.378
568.76
601.338
621.02
627.442
627.654
625.922
624.876
625.473
625.539
624.752
623.735
622.116
620.191
618.198
615.131
611.591
608.397
603.492
596.425
584.619
563.249
534.333
500.796
469.204
452.355
454.762
474.616
504.386
527.259
531.024
511.932
470.546
415.132
355.091
296.567
249.339
221.891
219.546
243.936
284.13
324.167
348.361
345.437
317.312
270.793
215.116
160.613
112.365
77.11
61.531
65.477
86.154
114.012
133.622
137.715
124.102
95.708
64.792
38.487
19.875
10.999
6.523
3.014
-0.638
-5.094
-7.865
-9.604
-11.388
-16.357
-28.684
-44.228
-59.733
-70.481
-70.283
-64.447
-57.499
-52.624
-55.062
-61.113
-67.093
-72.283
-74.482
-75.148
-76.104
-77.07
-78.329
-79.855
-81.378
-83.178
-85.444
-88.065
-90.942
-94.076
-97.42
-100.747
-103.893
-106.781
-109.428
-112.144
-115.281
-118.804
-122.437
-126.158
-129.468
-131.101
-129.779
-123.81
-111.303
-93.091
-70.727
-43.314
-12.569
21.755
60.407
95.034
119.534
127.743
112.912
81.127
39.294
-6.066
-46.402
-81.949
-113.745
-141.107
-165.611
-186.04
-201.792
-214.926
-226.555
-237.762
-249.412
-261.093
-272.132
-281.991
-289.897
-294.979
-296.89
-295.729
-291.764
-285.544
-277.667
-268.585
-258.742
-248.638
-238.635
-228.781
-219.097
-209.977
-201.781
-194.796
-189.695
-185.285
-180.285
-176.4
-174.037
-176.303
-186.855
-200.95
-215.395
-225.663
-225.677
-220.686
-215.109
-211.921
-216.092
-223.9
-231.597
-238.286
-241.663
-243.019
-244.001
-244.242
-244.015
-243.316
-241.889
-240.072
-238.13
-235.973
-233.768
-232.061
-230.958
-230.151
-229.639
-229.071
-229.039
-231.851
-237.042
-242.127
-243.055
-232.56
-209.585
-179.165
-149.724
-134.829
-140.354
-164.012
-196.876
-222.186
-229.636
-215.368
-184.007
-149.74
-122.27
-107.7
-105.794
-108.47
-110.646
-109.307
-103.697
-96.768
-89.856
-82.958
-76.187
-69.027
-61.4
-53.793
-46.388
-39.195
-32.267
-25.602
-19.187
-13.02
-7.069
-1.274
4.377
9.848
15.119
20.183
25.028
29.653
34.047
38.196
42.092
45.734
49.118
52.24
55.094
57.674
59.975
61.995
63.731
65.184
66.352
67.237
67.841
68.167
68.22
68.003
67.525
66.791
65.813
64.6
63.167
61.527
59.698
57.696
55.543
53.257
50.862
48.38
45.834
43.249
40.648
38.057
35.501
33.007
30.6
28.305
26.15
24.157
22.354
20.762
19.406
18.307
17.486
16.961
16.751
16.871
17.335
18.154
19.338
20.893
22.821
25.122
27.793
30.826
34.211
37.934
41.978
46.322
50.944
55.818
60.916
66.207
71.657
77.233
82.897
88.612
94.339
100.039
105.671
111.196
116.575
121.768
126.737
131.444
135.851
139.922
143.623
146.92
149.783
152.184
154.097
155.501
156.379
156.717
156.507
155.743
154.425
152.558
150.148
147.208
143.754
139.805
135.385
130.524
125.255
119.613
113.64
107.378
100.872
94.17
87.321
80.375
73.38
66.39
59.456
52.631
45.97
39.525
33.352
27.502
22.028
16.98
12.403
8.341
4.832
1.912
-0.39
-2.047
-3.041
-3.354
-2.971
-1.88
-0.072
2.461
5.719
9.7
14.398
19.799
25.882
32.615
39.959
47.867
56.296
65.201
74.538
84.262
94.326
104.683
115.3
126.13
137.12
148.207
159.302
170.329
181.249
192.033
202.673
213.192
223.596
233.9
244.147
254.355
264.505
274.554
284.393
293.909
303.041
311.759
320.089
328.059
335.626
342.737
349.333
355.295
360.524
364.905
368.233
370.384
371.348
371.191
370.132
368.447
366.316
363.869
361.196
358.346
355.448
352.639
350.017
347.747
345.999
344.979
345.022
346.373
349.097
353.158
358.336
364.3
370.833
377.762
384.915
392.185
399.425
406.487
413.302
419.765
425.731
431.009
435.294
438.329
440.018
440.343
439.417
437.443
434.545
430.823
426.405
421.368
415.781
409.7
403.119
396.051
388.574
380.796
372.866
364.907
356.957
349.041
341.106
332.976
324.486
315.531
306.052
296.104
285.815
275.253
264.708
254.837
246.113
238.585
232.117
226.318
222.033
221.495
225.52
232.48
235.796
226.342
198.974
155.527
109.371
78.58
77.216
110.221
165.081
220.978
257.149
259.81
233.082
191.539
153.604
133.956
134.715
149.831
169.396
185.578
196.413
203.288
209.039
215.202
221.604
227.837
233.559
238.931
244.386
250.087
256.024
262.183
268.501
274.917
281.364
287.747
294.013
300.161
306.206
312.171
318.075
323.955
329.874
335.895
342.062
348.418
355.009
361.863
369.008
376.423
384.018
391.687
399.328
406.863
414.258
421.456
428.373
434.908
440.969
446.488
451.391
455.533
458.702
460.824
462.014
462.552
462.847
463.322
464.566
467.417
472.548
479.962
489.014
498.841
509.977
524.406
543.011
564.398
582.428
588.88
581.171
563.895
551.337
562.099
605.649
680.762
772.698
857.148
917.484
945.26
940.807
914.368
870.117
807.817
728.056
627.831
509.809
380.72
245.334
111.111
-14.253
-123.927
-211.493
-274.285
-313.196
-330.504
-328.888
-311.469
-282.37
-247.495
-212.945
-182.772
-158.886
-141.842
-131.846
-128.881
-132.225
-139.554
-147.596
-154.489
-160.062
-165.03
-170.615
-177.977
-187.957
-202.666
-225.673
-259.051
-302.919
-356.003
-415.401
-477.991
-541.674
-603.61
-659.125
-705.862
-744.546
-774.97
-798.22
-813.826
-816.067
-807.796
-799.887
-803.006
-831.017
-885.265
-952.615
-1021.842
-1082.25
-1130.675
-1173.564
-1214.291
-1254.303
-1293.745
-1330.356
-1364.192
-1396.153
-1426.727
-1456.98
-1487.106
-1516.665
-1545.702
-1574.063
-1601.387
-1628.016
-1653.354
-1675.808
-1695.052
-1711.227
-1723.616
-1731.363
-1733.015
-1727.702
-1718.013
-1707.014
-1694.366
-1674.991
-1641.811
-1592.243
-1532.277
-1475.927
-1435.387
-1416.387
-1416.555
-1425.328
-1436.609
-1444.908
-1444.218
-1436.202
-1418.133
-1389.966
-1361.182
-1333.772
-1310.616
-1297.49
-1289.423
-1286.279
-1290.797
-1295.934
-1299.993
-1301.135
-1293.928
-1282.349
-1269.828
-1257.091
-1246.82
-1237.764
-1228.123
-1218.34
-1208.469
-1198.809
-1189.804
-1181.252
-1172.889
-1164.707
-1156.71
-1148.849
-1141.074
-1133.363
-1125.682
-1118.074
-1110.607
-1103.354
-1096.504
-1089.926
-1083.167
-1075.844
-1067.495
-1058.088
-1048.235
-1038.156
-1027.608
-1016.978
-1007.011
-998.538
-992.877
-990.037
-988.443
-987.258
-986.291
-984.826
-982.179
-977.273
-968.156
-954.721
-938.884
-921.81
-904.206
-886.868
-870.075
-854.654
-842.33
-833.312
-826.302
-820.453
-815.038
-809.558
-804.168
-798.582
-791.966
-784.185
-775.686
-766.771
-757.799
-748.898
-739.814
-730.508
-721.098
-711.553
-701.785
-691.681
-681.112
-670.073
-658.648
-646.886
-634.758
-622.147
-608.955
-595.15
-580.724
-565.706
-549.97
-533.151
-515.204
-496.404
-477.056
-457.621
-438.072
-417.668
-396.072
-373.54
-349.861
-324.384
-296.076
-263.087
-224.876
-182.927
-138.565
-92.641
-46.155
-0.125
43.606
81.631
112.161
136.39
156.248
174.004
191.46
209.551
229.992
256.114
290.265
332.206
380.167
431.2
483.101
535.042
585.969
633.959
677.14
714.828
747.74
777.829
806.565
834.394
861.562
888.349
915.355
943.057
971.233
999.036
1025.674
1050.646
1073.608
1094.4
1112.726
1128.257
1140.872
1150.578
1157.515
1161.824
1163.64
1163.151
1160.503
1155.854
1149.392
1141.293
1131.82
1121.479
1110.928
1100.875
1092.085
1085.042
1080.16
1077.952
1078.511
1081.686
1087.04
1093.519
1100.281
1107.192
1114.016
1120.508
1127.052
1133.724
1140.803
1149.658
1160.789
1173.214
1185.891
1197.202
1204.14
1204.206
1195.013
1172.511
1135.243
1085.385
1022.641
946.798
857.365
749.448
626.76
501.07
383.335
286.648
212.6
150.257
90.072
22.704
-53.209
-130.035
-202.655
-267.176
-322.291
-370.216
-411.154
-444.584
-470.529
-488.713
-499.746
-504.627
-503.936
-498.26
-488.271
-474.599
-457.944
-438.933
-418.069
-395.932
-372.984
-349.611
-326.099
-302.421
-278.48
-254.129
-229.124
-203.296
-176.544
-148.639
-119.384
-88.894
-57.149
-24.192
9.731
44.799
81.042
117.855
154.714
191.589
228.175
264.371
300.375
335.132
367.806
398.812
427.968
454.252
476.95
494.664
505.872
511.273
511.086
503.942
489.9
470.032
445.756
420.231
396.417
375.027
357.764
347.656
346.005
353.283
368.698
389.071
411.772
435.646
458.601
477.985
492.319
500.582
503.101
501.985
498.586
493.404
487.2
480.633
474.07
467.838
461.609
454.361
445.62
435.393
423.889
411.609
398.854
385.684
372.236
358.73
345.257
331.805
318.215
304.129
289.353
273.858
257.663
240.909
223.712
206.123
188.206
170.066
151.882
133.93
116.554
100.021
84.596
70.555
58.205
47.969
40.196
35.111
32.877
33.536
37.055
43.376
52.36
63.708
77.056
91.986
108.006
124.774
142.057
159.644
177.379
195.061
212.448
229.318
245.501
260.854
275.292
288.8
301.36
313.133
324.466
335.506
346.24
356.402
365.266
372.07
376.272
377.288
374.596
368.59
360.17
350.477
341.418
334.456
330.292
329.376
331.3
333.931
334.245
329.077
314.554
287.311
244.544
183.723
103.87
7.807
-98.681
-210.757
-324.43
-440.179
-561.226
-683.758
-797.516
-886.068
-932.023
-930.388
-890.408
-831.713
-775.452
-734.121
-709.683
-697.037
-691.884
-693.566
-703.227
-721.869
-747.122
-773.765
-796.621
-811.705
-816.13
-808.41
-787.995
-755.1
-711.204
-658.618
-599.895
-537.163
-472.158
-406.067
-339.521
-272.894
-206.235
-139.409
-72.173
-4.488
63.327
130.742
196.919
260.852
321.709
378.84
431.736
480.196
524.193
563.67
598.65
629.2
655.387
677.399
695.429
709.616
720.241
727.715
732.626
735.785
737.869
739.338
740.551
741.705
742.939
744.434
746.283
748.482
751.024
753.871
757.002
760.454
764.162
767.958
771.561
774.567
776.668
777.687
777.496
776.04
773.297
769.242
763.932
757.504
750.073
741.743
732.593
722.66
712.028
700.826
689.208
677.363
665.437
653.524
641.711
630.061
618.621
607.426
596.471
585.714
575.13
564.708
554.444
544.35
534.423
524.65
515.019
505.523
496.155
486.917
477.809
468.828
459.98
451.274
442.725
434.356
426.181
418.212
410.459
402.932
395.638
388.588
381.788
375.242
368.956
362.936
357.189
351.722
346.541
341.649
337.05
332.749
328.747
325.046
321.645
318.542
315.731
313.208
310.963
308.985
307.262
305.777
304.516
303.46
302.591
301.889
301.331
300.895
300.559
300.3
300.092
299.913
299.737
299.543
299.306
299.007
298.624
298.138
297.531
296.785
295.885
294.818
293.571
292.133
290.497
288.656
286.606
284.344
281.872
279.19
276.304
273.221
269.947
266.495
262.875
259.101
255.188
251.149
247.002
242.764
238.452
234.083
229.676
225.249
220.818
216.402
212.017
207.677
203.397
199.189
195.065
191.032
187.1
183.273
179.556
175.949
172.454
169.068
165.788
162.609
159.523
156.522
153.596
150.733
147.921
145.146
142.394
139.65
136.899
134.127
131.318
128.458
125.531
122.524
119.421
116.209
112.875
109.408
105.796
102.031
98.105
94.011
89.746
85.309
80.699
75.919
70.972
65.861
60.595
55.189
49.657
44.013
38.273
32.445
26.549
20.614
14.653
8.658
2.63
-3.437
-9.527
-15.586
-21.593
-27.572
-33.481
-39.222
-44.717
-49.883
-54.698
-59.26
-63.593
-67.576
-71.318
-75.231
-79.404
-83.714
-88.218
-92.48
-97.315
-105.311
-115.958
-126.884
-134.232
-130.678
-116.597
-99.391
-86.407
-88.073
-105.189
-127.897
-148.572
-159.014
-157.702
-152.019
-146.532
-144.32
-146.366
-149.668
-152.844
-156.003
-159.038
-162.398
-166.201
-170.035
-173.773
-177.474
-181.121
-184.683
-188.16
-191.555
-194.889
-198.212
-201.528
-204.783
-207.944
-210.992
-213.902
-216.652
-219.217
-221.566
-223.67
-225.515
-227.085
-228.366
-229.35
-230.027
-230.387
-230.42
-230.115
-229.465
-228.469
-227.122
-225.422
-223.372
-220.976
-218.247
-215.209
-211.88
-208.276
-204.41
-200.286
-195.921
-191.349
-186.606
-181.745
-176.812
-171.848
-166.902
-162.027
-157.269
-152.668
-148.246
-144.003
-139.952
-136.109
-132.516
-129.243
-126.319
-123.748
-121.485
-119.423
-117.514
-115.763
-114.194
-112.871
-111.816
-110.949
-110.324
-110.14
-110.394
-110.979
-111.471
-111.033
-109.348
-106.697
-103.434
-100.063
-97.236
-95.477
-96.093
-101.278
-111.987
-127.929
-148.091
-170.504
-193.455
-215.883
-235.737
-250.025
-257.243
-257.257
-251.247
-242.004
-231.606
-221.117
-212.271
-207.259
-207.3
-212.825
-223.015
-235.622
-249.144
-262.936
-276.185
-288.145
-298.313
-306.307
-312.4
-317.554
-322.332
-326.911
-331.389
-335.658
-339.693
-343.602
-347.339
-350.736
-353.707
-356.222
-358.318
-360.121
-361.704
-363.075
-364.235
-365.162
-365.848
-366.307
-366.549
-366.582
-366.41
-366.029
-365.442
-364.654
-363.672
-362.503
-361.151
-359.615
-357.907
-356.048
-354.063
-351.984
-349.831
-347.618
-345.361
-343.069
-340.752
-338.419
-336.074
-333.728
-331.394
-329.088
-326.819
-324.595
-322.418
-320.288
-318.216
-316.199
-314.228
-312.299
-310.411
-308.577
-306.839
-305.227
-303.749
-302.415
-301.223
-300.163
-299.237
-298.394
-297.532
-296.545
-295.312
-293.751
-291.856
-289.592
-286.898
-283.723
-279.99
-275.669
-270.814
-265.393
-259.3
-252.494
-244.966
-236.885
-228.643
-220.6
-213.061
-206.354
-200.802
-196.601
-193.774
-191.996
-190.555
-188.72
-185.955
-181.85
-175.987
-168.406
-159.847
-151.593
-145.666
-144.005
-147.553
-156.986
-173.054
-195.238
-221.458
-248.293
-270.507
-282.841
-281.69
-263.506
-224.689
-163.248
-78.916
25.992
146.109
273.815
400.841
519.222
621.618
705.728
772.473
819.704
842.525
829.574
766.909
650.656
485.673
285.947
73.059
-133.86
-315.903
-457.568
-552.944
-604.686
-625.266
-628.773
-623.457
-610.528
-585.944
-548.97
-504.071
-458.244
-418.495
-387.587
-365.042
-350.031
-341.075
-336.446
-334.173
-331.628
-327.316
-321.196
-313.713
-305.587
-297.424
-289.65
-282.974
-278.28
-275.882
-275.587
-276.859
-278.903
-281.108
-283.025
-284.251
-284.452
-283.36
-280.821
-276.815
-271.405
-264.656
-256.638
-247.388
-236.953
-225.454
-213.02
-199.825
-186.069
-171.935
-157.613
-143.249
-128.94
-114.765
-100.782
-87.018
-73.497
-60.23
-47.211
-34.458
-22.003
-9.866
1.927
13.359
24.429
35.133
45.467
55.424
64.99
74.141
82.855
91.104
98.858
106.088
112.759
118.846
124.334
129.212
133.477
137.125
140.154
142.565
144.364
145.558
146.154
146.162
145.592
144.458
142.779
140.579
137.883
134.721
131.126
127.132
122.778
118.105
113.157
107.976
102.61
97.104
91.508
85.87
80.241
74.67
69.206
63.896
58.789
53.929
49.358
45.116
41.24
37.762
34.712
32.117
30
28.379
27.269
26.682
26.626
27.105
28.119
29.661
31.723
34.292
37.35
40.874
44.839
49.212
53.962
59.049
64.434
70.073
75.92
81.926
88.044
94.222
100.41
106.556
112.608
118.515
124.229
129.701
134.885
139.74
144.224
148.301
151.938
155.108
157.783
159.941
161.565
162.639
163.151
163.096
162.469
161.271
159.505
157.18
154.309
150.91
147.002
142.61
137.76
132.485
126.817
120.795
114.455
107.835
100.977
93.923
86.719
79.41
72.04
64.653
57.29
49.992
42.8
35.747
28.865
22.182
15.725
9.517
3.584
-2.054
-7.378
-12.373
-17.024
-21.318
-25.245
-28.8
-31.983
-34.799
-37.252
-39.349
-41.099
-42.52
-43.632
-44.45
-44.991
-45.267
-45.299
-45.112
-44.731
-44.176
-43.463
-42.611
-41.64
-40.574
-39.432
-38.22
-36.938
-35.586
-34.169
-32.696
-31.182
-29.631
-28.04
-26.414
-24.777
-23.173
-21.656
-20.246
-18.931
-17.677
-16.466
-15.283
-14.099
-12.849
-11.449
-9.832
-7.965
-5.853
-3.503
-0.869
2.144
5.667
9.85
14.82
20.591
27.12
34.351
42.13
50.262
58.529
66.581
74.073
80.969
87.446
93.819
100.614
108.132
116.403
125.661
136.073
147.188
158.184
167.721
173.87
175.399
171.608
161.502
144.924
123.245
98.726
74.868
56.152
46.126
48.39
67.413
105.63
161.385
230.159
306.5
385.408
466.902
552.301
635.99
707.698
753.481
758.844
717.659
636.361
526.833
402.792
281.327
168.789
66.139
-22.484
-101.855
-173.59
-235.096
-289.807
-336.922
-375.021
-405.926
-430.234
-449.961
-467.846
-485.873
-504.812
-523.77
-541.825
-557.729
-569.916
-578.041
-581.839
-580.614
-574.509
-563.976
-549.571
-532.691
-514.844
-496.845
-479.287
-462.582
-446.823
-432.217
-418.927
-406.792
-395.557
-384.987
-374.925
-365.371
-356.352
-347.772
-339.42
-330.975
-322.159
-312.844
-302.963
-292.489
-281.405
-269.69
-257.39
-244.645
-231.618
-218.456
-205.265
-192.101
-179.044
-166.207
-153.732
-141.783
-130.479
-119.885
-110.05
-101.004
-92.765
-85.336
-78.689
-72.751
-67.455
-62.744
-58.567
-54.881
-51.631
-48.745
-46.153
-43.781
-41.567
-39.45
-37.37
-35.266
-33.082
-30.768
-28.28
-25.586
-22.647
-19.426
-15.888
-12.001
-7.738
-3.076
2.005
7.522
13.485
19.9
26.767
34.079
41.829
50.004
58.589
67.561
76.898
86.573
96.557
106.816
117.316
128.018
138.883
149.872
160.944
172.059
183.175
194.251
205.246
216.121
226.837
237.358
247.646
257.669
267.393
276.792
285.838
294.507
302.779
310.633
318.053
325.025
331.536
337.575
343.134
348.204
352.779
356.854
360.428
363.497
366.062
368.123
369.686
370.755
371.334
371.431
371.049
370.195
368.876
367.097
364.866
362.188
359.07
355.519
351.543
347.148
342.341
337.125
331.506
325.486
319.069
312.259
305.059
297.473
289.51
281.177
272.487
263.453
254.092
244.423
234.467
224.246
213.781
203.091
192.195
181.112
169.86
158.462
146.936
135.307
123.604
111.862
100.123
88.432
76.827
65.348
54.03
42.908
32.018
21.392
11.051
1.024
-8.653
-17.933
-26.749
-35.046
-42.809
-50.036
-56.745
-62.987
-68.798
-74.22
-79.33
-84.172
-88.756
-93.066
-97.017
-100.522
-103.544
-106.081
-108.18
-109.889
-111.182
-112.023
-112.365
-112.102
-111.146
-109.389
-106.633
-102.761
-97.774
-91.752
-84.923
-77.574
-69.888
-62.001
-54.006
-45.957
-37.986
-30.232
-22.793
-15.833
-9.523
-4.073
0.181
2.995
4.31
4.17
2.805
0.551
-2.374
-5.793
-9.532
-13.483
-17.499
-21.436
-25.229
-28.779
-31.944
-34.534
-36.249
-36.84
-36.217
-34.374
-31.433
-27.611
-23.047
-17.854
-12.175
-6.094
0.312
6.974
13.897
21.087
28.499
36.052
43.602
51.011
58.214
65.182
71.928
78.506
84.94
91.245
97.458
103.585
109.614
115.519
121.237
126.687
131.821
136.6
141.005
145.024
148.637
151.814
154.531
156.759
158.474
159.657
160.28
160.328
159.797
158.69
157.023
154.827
152.124
148.945
145.321
141.286
136.874
132.126
127.077
121.767
116.235
110.527
104.688
98.766
92.81
86.869
80.991
75.225
69.619
64.22
59.077
54.23
49.722
45.588
41.862
38.574
35.752
33.417
31.587
30.279
29.504
29.271
29.586
30.449
31.855
33.795
36.253
39.208
42.631
46.493
50.762
55.401
60.373
65.642
71.169
76.918
82.855
88.94
95.131
101.382
107.639
113.846
119.944
125.875
131.578
136.995
142.066
146.738
150.978
154.751
158.023
160.755
162.883
164.368
165.193
165.351
164.848
163.705
161.943
159.615
156.828
153.683
150.281
146.705
142.969
139.089
135.09
131.003
126.872
122.693
118.367
113.791
108.892
103.588
97.82
91.461
84.235
75.915
66.326
55.33
42.933
29.145
13.925
-2.708
-20.66
-39.716
-59.461
-79.443
-99.32
-118.735
-137.353
-154.738
-170.222
-183.244
-193.392
-200.305
-203.788
-203.62
-199.473
-191.164
-178.721
-162.353
-142.553
-119.882
-94.762
-67.673
-39.138
-9.794
19.473
47.926
75.049
100.362
123.49
143.985
161.244
174.84
184.612
190.556
192.908
191.971
187.933
181.093
171.862
160.744
148.418
135.412
122.04
108.597
95.348
82.639
70.945
60.605
51.761
44.485
38.738
34.457
31.644
30.184
29.849
30.364
31.381
32.661
34.112
35.65
37.189
38.614
39.752
40.504
40.868
40.839
40.424
39.63
38.438
36.901
35.139
33.283
31.478
29.821
28.349
27.097
26.102
25.392
24.999
24.928
25.155
25.671
26.485
27.607
29.048
30.8
32.831
35.107
37.594
40.257
43.068
45.999
49.024
52.122
55.28
58.49
61.748
65.051
68.386
71.733
75.065
78.35
81.552
84.631
87.543
90.243
92.687
94.838
96.657
98.118
99.199
99.868
100.09
99.817
98.986
97.558
95.516
92.838
89.53
85.62
81.155
76.229
70.952
65.387
59.58
53.541
47.231
40.632
33.719
26.453
18.849
10.908
2.614
-6.008
-14.954
-24.281
-34.072
-44.495
-55.761
-67.958
-81.109
-95.177
-109.999
-125.404
-141.172
-156.987
-172.607
-187.825
-202.426
-216.285
-229.271
-241.16
-251.711
-260.602
-267.437
-271.978
-274.075
-273.63
-270.718
-265.471
-258.104
-248.998
-238.473
-226.771
-214.124
-200.671
-186.534
-171.929
-157.074
-142.221
-127.714
-113.799
-100.664
-88.494
-77.337
-67.179
-57.937
-49.393
-41.358
-33.729
-26.426
-19.432
-12.764
-6.395
-0.312
5.489
11.074
16.49
21.77
26.969
32.089
37.099
41.942
46.501
50.658
54.334
57.471
60.035
62.02
63.411
64.203
64.417
64.064
63.167
61.743
59.792
57.308
54.281
50.725
46.69
42.232
37.403
32.253
26.828
21.209
15.513
9.843
4.284
-1.128
-6.413
-11.562
-16.557
-21.379
-25.999
-30.467
-34.889
-39.33
-43.833
-48.438
-53.189
-58.248
-63.868
-70.242
-77.535
-85.837
-95.156
-105.57
-117.147
-129.856
-143.629
-158.253
-173.42
-188.923
-204.581
-220.189
-235.53
-250.243
-263.877
-276.08
-286.471
-294.646
-300.225
-302.695
-301.638
-296.817
-288.012
-275.318
-259.119
-239.871
-218.268
-195.084
-170.879
-146.193
-121.632
-97.096
-71.998
-45.668
-17.075
14.482
49.028
86.194
125.317
164.405
200.094
228.883
246.991
250.957
238.711
209.161
161.581
97.421
20.831
-63.641
-150.68
-234.456
-310.901
-376.675
-428.04
-463.476
-483.985
-490.873
-486.818
-475.431
-458.612
-438.037
-416.035
-393.512
-370.459
-346.941
-321.88
-293.764
-262.302
-227.469
-189.272
-148.44
-105.743
-61.932
-18.303
23.69
62.937
98.548
129.849
156.458
178.115
194.655
206.087
212.61
214.48
212.041
205.795
196.178
183.567
168.458
151.33
132.736
113.386
93.8
74.381
55.604
37.801
21.261
6.334
-6.95
-18.69
-28.712
-37.023
-43.606
-48.289
-51.503
-53.818
-55.327
-56.282
-57.368
-58.957
-61.78
-66.675
-73.037
-80.167
-88.091
-96.554
-105.011
-113.223
-120.237
-124.996
-128.32
-131.035
-133.217
-135.215
-137.213
-139.156
-141.8
-145.961
-150.963
-156.174
-161.382
-166.148
-170.5
-174.597
-178.038
-180.441
-182.081
-183.181
-183.893
-184.484
-184.869
-184.923
-184.741
-184.374
-183.788
-182.976
-181.888
-180.454
-178.711
-176.698
-174.425
-171.921
-169.18
-166.191
-162.966
-159.514
-155.844
-151.969
-147.897
-143.636
-139.197
-134.591
-129.834
-124.945
-119.938
-114.833
-109.647
-104.4
-99.118
-93.829
-88.562
-83.343
-78.199
-73.153
-68.231
-63.458
-58.856
-54.446
-50.245
-46.268
-42.531
-39.045
-35.818
-32.857
-30.166
-27.746
-25.595
-23.71
-22.085
-20.714
-19.586
-18.691
-18.015
-17.541
-17.254
-17.134
-17.161
-17.31
-17.56
-17.883
-18.257
-18.654
-19.05
-19.422
-19.746
-20.001
-20.167
-20.23
-20.176
-19.995
-19.68
-19.228
-18.642
-17.924
-17.083
-16.13
-15.082
-13.955
-12.772
-11.557
-10.337
-9.141
-8.001
-6.949
-6.02
-5.251
-4.678
-4.341
-4.277
-4.528
-5.136
-6.139
-7.579
-9.493
-11.917
-14.883
-18.422
-22.556
-27.308
-32.692
-38.719
-45.396
-52.724
-60.697
-69.307
-78.537
-88.366
-98.765
-109.703
-121.139
-133.027
-145.317
-157.955
-170.885
-184.047
-197.374
-210.794
-224.233
-237.61
-250.84
-263.838
-276.51
-288.762
-300.499
-311.63
-322.071
-331.741
-340.563
-348.459
-355.361
-361.207
-365.947
-369.539
-371.953
-373.162
-373.147
-371.885
-369.354
-365.528
-360.391
-353.919
-346.086
-336.877
-326.262
-314.235
-300.809
-285.969
-269.708
-252.008
-232.811
-212.099
-189.919
-166.363
-141.606
-115.888
-89.375
-62.296
-35.003
-7.644
19.725
47.209
75.221
104.026
133.586
163.812
194.554
225.015
254.071
280.352
301.848
317.033
325.107
325.7
319.175
307.342
293.045
279.437
270.686
270.561
281.631
305.742
343.26
392.281
449.12
509.603
568.252
619.365
658.537
681.865
686.911
673.57
643.414
598.708
543.062
480.777
415.235
349.737
286.833
227.567
172.242
120.62
71.5
23.262
-25.098
-74.426
-125.113
-176.747
-228.744
-280.253
-329.919
-376.319
-418.37
-455.261
-486.585
-512.322
-532.542
-547.365
-557.01
-561.769
-561.84
-557.317
-548.257
-534.739
-516.892
-495.009
-469.533
-440.854
-409.45
-375.869
-340.513
-303.729
-265.813
-226.987
-187.483
-147.563
-107.536
-67.78
-28.74
9.139
45.42
79.737
111.82
141.383
168.252
192.397
213.749
232.257
247.893
260.61
270.387
277.277
281.397
282.925
282.161
279.478
275.235
269.765
263.385
256.412
249.094
241.596
234.046
226.524
219.094
211.827
204.774
197.955
191.343
184.887
178.464
171.893
165.035
157.785
150.048
141.75
132.853
123.351
113.295
102.792
91.944
80.856
69.642
58.418
47.329
36.529
26.191
16.506
7.636
-0.288
-7.144
-12.835
-17.277
-20.399
-22.166
-22.576
-21.628
-19.321
-15.665
-10.672
-4.376
3.173
11.913
21.783
32.717
44.649
57.513
71.238
85.756
101
116.902
133.392
150.385
167.786
185.489
203.386
221.366
239.314
257.118
274.667
291.852
308.584
324.781
340.353
355.213
369.26
382.383
394.503
405.56
415.498
424.291
431.94
438.473
443.967
448.522
452.189
455.009
456.986
458.08
458.272
457.537
455.84
453.204
449.641
445.15
439.771
433.524
426.367
418.229
408.954
398.342
386.318
372.877
358.072
342.092
325.136
307.454
289.398
271.238
253.205
235.536
218.376
201.876
186.28
171.851
158.933
147.947
139.156
132.725
128.767
127.208
127.914
130.657
135.039
140.722
147.446
154.965
163.126
171.791
180.729
189.706
198.45
206.596
213.878
220.091
225.037
228.657
230.965
232.047
232.129
231.416
230.019
228.031
225.478
222.359
218.719
214.593
210.005
205.044
199.78
194.272
188.602
182.798
176.846
170.711
164.296
157.514
150.334
142.745
134.766
126.443
117.823
108.968
99.969
90.901
81.827
72.81
63.897
55.148
46.634
38.431
30.623
23.293
16.514
10.351
4.864
0.102
-3.893
-7.091
-9.473
-11.027
-11.735
-11.583
-10.559
-8.654
-5.866
-2.194
2.358
7.782
14.06
21.172
29.087
37.773
47.194
57.307
68.07
79.433
91.346
103.756
116.609
129.849
143.417
157.255
171.304
185.502
199.79
214.109
228.402
242.61
256.681
270.561
284.201
297.554
310.574
323.217
335.443
347.211
358.486
369.233
379.418
389.014
397.993
406.334
414.019
421.031
427.36
432.995
437.931
442.166
445.698
448.531
450.67
452.121
452.894
453.002
452.459
451.281
449.484
447.088
444.112
440.576
436.502
431.909
426.82
421.255
415.237
408.787
401.928
394.68
387.065
379.104
370.819
362.229
353.352
344.207
334.81
325.177
315.321
305.256
294.994
284.546
273.921
263.127
252.171
241.058
229.792
218.375
206.807
195.089
183.219
171.196
159.016
146.677
134.175
121.507
108.667
95.653
82.459
69.08
55.51
41.744
27.778
13.607
-0.773
-15.365
-30.17
-45.187
-60.413
-75.844
-91.475
-107.302
-123.316
-139.509
-155.87
-172.387
-189.044
-205.827
-222.715
-239.688
-256.72
-273.786
-290.859
-307.911
-324.912
-341.831
-358.633
-375.286
-391.755
-408.003
-423.991
-439.676
-455.017
-469.967
-484.485
-498.523
-512.033
-524.969
-537.289
-548.956
-559.934
-570.19
-579.687
-588.396
-596.291
-603.344
-609.526
-614.804
-619.142
-622.511
-624.892
-626.271
-626.639
-625.992
-624.324
-621.644
-617.972
-613.326
-607.72
-601.155
-593.611
-585.102
-575.68
-565.413
-554.401
-542.735
-530.492
-517.78
-504.731
-491.443
-477.993
-464.402
-450.628
-436.678
-422.604
-408.49
-394.482
-380.664
-367.052
-353.659
-340.475
-327.482
-314.689
-302.028
-289.346
-276.606
-263.86
-251.273
-239.163
-227.748
-217.15
-207.461
-198.697
-190.924
-184.284
-178.872
-174.758
-172.043
-170.809
-171.24
-173.636
-178.116
-184.649
-193.054
-202.945
-214.036
-226.146
-239.081
-252.684
-266.775
-281.122
-295.563
-309.996
-324.258
-338.163
-351.433
-363.674
-374.639
-384.214
-392.383
-399.279
-404.968
-409.438
-412.709
-414.803
-415.73
-415.51
-414.106
-411.411
-407.383
-402.023
-395.383
-387.59
-378.71
-368.748
-357.69
-345.472
-332.066
-317.481
-301.717
-284.766
-266.651
-247.415
-227.141
-205.958
-183.976
-161.282
-137.964
-114.091
-89.748
-65.04
-40.071
-14.948
10.218
35.324
60.255
84.892
109.129
132.865
156.013
178.495
200.236
221.158
241.188
260.26
278.308
295.27
311.088
325.709
339.084
351.179
361.962
371.409
379.509
386.251
391.638
395.678
398.377
399.747
399.804
398.569
396.077
392.371
387.49
381.48
374.39
366.269
357.175
347.172
336.31
324.643
312.221
299.092
285.326
270.988
256.154
240.904
225.273
209.308
193.048
176.519
159.808
143.005
126.149
109.301
92.504
75.751
59.199
43.022
27.062
11.233
-4.583
-20.599
-36.505
-51.889
-66.864
-81.487
-95.291
-108.037
-119.153
-127.909
-134.997
-141.211
-146.54
-151.183
-155.646
-160.114
-165.481
-172.786
-181.151
-189.67
-198.187
-206.235
-213.551
-220.154
-225.246
-227.986
-229.045
-229.039
-228.198
-227.006
-225.468
-223.455
-221.401
-219.7
-218.101
-216.412
-214.514
-212.186
-209.548
-206.735
-203.67
-200.323
-196.77
-193.097
-189.411
-185.816
-182.307
-178.871
-175.519
-172.25
-169.041
-165.801
-162.414
-158.758
-154.763
-150.431
-145.755
-140.719
-135.28
-129.34
-122.834
-115.745
-108.034
-99.675
-90.695
-81.155
-71.276
-61.461
-52.181
-44.016
-37.316
-32.046
-27.97
-24.581
-21.369
-18.131
-14.48
-9.653
-3.498
3.26
9.17
11.838
9.215
0.56
-14.755
-37.689
-68.167
-104.447
-143.044
-178.607
-205.411
-219.017
-215.305
-189.209
-138.343
-64.723
28.404
135.609
255.152
391.128
540.666
693.942
830.32
921.187
953.051
924.209
846.198
742.391
621.152
484.633
336.983
179.539
29.607
-86.638
-155.1
-171.587
-145.275
-100.687
-58.982
-30.937
-23.172
-30.362
-41.03
-49.497
-50.326
-43.994
-37.458
-33.86
-34.601
-38.482
-41.325
-41.377
-38.66
-33.681
-27.77
-21.79
-16.184
-11.737
-8.959
-7.958
-8.703
-10.944
-14.358
-18.631
-23.336
-27.928
-32.043
-35.518
-38.272
-40.314
-41.593
-41.965
-41.369
-39.827
-37.349
-33.966
-29.69
-24.507
-18.49
-11.799
-4.616
2.859
10.477
18.153
25.806
33.355
40.732
47.87
54.73
61.305
67.564
73.459
78.937
83.942
88.435
92.406
95.839
98.724
101.047
102.796
103.959
104.531
104.503
103.859
102.582
100.658
98.08
94.851
90.98
86.478
81.364
75.659
69.39
62.589
55.289
47.519
39.313
30.707
21.738
12.447
2.875
-6.936
-16.942
-27.096
-37.352
-47.663
-57.985
-68.273
-78.485
-88.577
-98.508
-108.239
-117.732
-126.951
-135.86
-144.423
-152.606
-160.378
-167.712
-174.58
-180.961
-186.831
-192.17
-196.963
-201.195
-204.851
-207.919
-210.384
-212.236
-213.463
-214.058
-214.016
-213.332
-212.001
-210.022
-207.395
-204.121
-200.202
-195.64
-190.435
-184.591
-178.113
-171.009
-163.287
-154.957
-146.035
-136.537
-126.488
-115.911
-104.828
-93.262
-81.241
-68.788
-55.932
-42.695
-29.1
-15.175
-0.956
13.515
28.189
43.012
57.933
72.895
87.835
102.694
117.414
131.95
146.272
160.34
174.106
187.508
200.471
212.937
224.874
236.243
247.009
257.159
266.698
275.679
284.205
292.339
300.104
307.498
314.473
320.992
327.036
332.569
337.553
341.941
345.665
348.697
351.056
352.703
353.542
353.375
351.891
348.887
344.268
337.981
330.046
320.504
309.419
296.966
283.426
269.059
254.115
238.796
223.215
207.565
192.149
177.415
163.968
152.302
142.768
135.653
131.172
129.513
130.81
134.908
141.365
149.799
159.873
171.341
184.158
198.115
212.699
227.555
242.539
257.166
270.838
283.149
293.118
301.143
309.489
317.451
322.849
321.89
307.283
279.687
246.477
215.083
196.119
190.195
187.589
180.934
162.259
130.614
93.821
56.8
22.982
-6.562
-34.785
-63.006
-91.056
-118.92
-146.051
-172.195
-197.531
-221.861
-244.635
-265.446
-284.085
-300.376
-314.256
-325.71
-334.61
-340.795
-344.105
-344.231
-340.762
-333.392
-321.793
-305.664
-285.143
-260.722
-233.26
-203.958
-173.792
-143.345
-113.065
-83.341
-53.883
-23.913
7.672
42.418
81.125
123.509
168.52
214.456
258.429
296.685
325.342
340.107
337.606
316.126
275.492
217.02
143.793
60.192
-29.527
-120.936
-210.114
-294.446
-372.385
-443.471
-508.571
-569.347
-626.78
-681.408
-733.352
-781.995
-826.714
-866.848
-901.247
-928.665
-948.438
-960.381
-964.814
-962.481
-953.893
-939.38
-919.44
-894.691
-865.973
-834.296
-800.548
-765.567
-730.153
-695.052
-661.057
-628.848
-598.834
-571.211
-546.046
-523.374
-503.382
-486.391
-472.594
-462.037
-454.545
-449.765
-447.34
-446.831
-447.764
-449.615
-451.781
-453.792
-455.381
-456.427
-456.872
-456.649
-455.571
-453.378
-449.918
-445.118
-439
-431.66
-423.196
-413.796
-403.724
-393.333
-383.03
-373.111
-363.744
-355.014
-346.962
-339.632
-333.114
-327.498
-322.8
-319.025
-316.164
-314.193
-313.097
-312.801
-313.171
-314.012
-315.103
-316.271
-317.388
-318.352
-319.071
-319.46
-319.427
-318.896
-317.822
-316.142
-313.784
-310.666
-306.7
-301.814
-295.96
-289.103
-281.214
-272.262
-262.213
-251.037
-238.711
-225.212
-210.52
-194.616
-177.479
-159.107
-139.509
-118.705
-96.726
-73.612
-49.408
-24.169
2.037
29.14
57.066
85.731
115.052
144.937
175.287
206.001
236.975
268.099
299.261
330.347
361.241
391.827
421.989
451.614
480.589
508.806
536.158
562.543
587.864
612.031
634.955
656.556
676.761
695.503
712.724
728.377
742.418
754.817
765.55
774.603
781.972
787.66
791.678
794.047
794.793
793.951
791.565
787.685
782.368
775.675
767.677
758.449
748.07
736.625
724.202
710.891
696.787
681.984
666.58
650.671
634.355
617.727
600.884
583.918
566.921
549.981
533.183
516.609
500.335
484.436
468.979
454.028
439.639
425.866
412.756
400.349
388.681
377.781
367.673
358.374
349.896
342.246
335.422
329.42
324.227
319.828
316.201
313.319
311.15
309.66
308.809
308.554
308.849
309.644
310.888
312.528
314.506
316.765
319.246
321.89
324.635
327.421
330.188
332.875
335.424
337.776
339.876
341.668
343.102
344.127
344.696
344.767
344.299
343.256
341.607
339.324
336.383
332.766
328.459
323.454
317.747
311.338
304.233
296.444
287.986
278.879
269.148
258.825
247.942
236.538
224.658
212.346
199.654
186.636
173.347
159.847
146.198
132.463
118.706
104.993
91.39
77.964
64.78
51.903
39.395
27.319
15.733
4.694
-5.746
-15.537
-24.633
-32.993
-40.58
-47.361
-53.309
-58.4
-62.619
-65.953
-68.395
-69.945
-70.608
-70.394
-69.318
-67.402
-64.672
-61.16
-56.902
-51.938
-46.314
-40.079
-33.284
-25.986
-18.243
-10.116
-1.666
7.041
15.943
24.974
34.069
43.163
52.193
61.095
69.809
78.276
86.439
94.243
101.636
108.569
114.999
120.882
126.182
130.864
134.899
138.262
140.932
142.892
144.132
144.643
144.424
143.475
141.803
139.417
136.333
132.567
128.141
123.08
117.412
111.167
104.377
97.079
89.31
81.108
72.513
63.569
54.318
44.803
35.07
25.162
15.125
5.004
-5.158
-15.316
-25.427
-35.45
-45.345
-55.073
-64.597
-73.883
-82.899
-91.615
-100.003
-108.039
-115.701
-122.971
-129.831
-136.27
-142.277
-147.843
-152.965
-157.64
-161.868
-165.653
-169
-171.917
-174.414
-176.504
-178.2
-179.519
-180.481
-181.104
-181.412
-181.425
-181.17
-180.67
-179.951
-179.039
-177.959
-176.738
-175.401
-173.972
-172.474
-170.929
-169.359
-167.781
-166.214
-164.671
-163.166
-161.71
-160.311
-158.976
-157.708
-156.51
-155.381
-154.318
-153.317
-152.371
-151.471
-150.608
-149.767
-148.936
-148.098
-147.236
-146.333
-145.369
-144.325
-143.181
-141.917
-140.513
-138.95
-137.21
-135.275
-133.131
-130.762
-128.157
-125.306
-122.202
-118.84
-115.219
-111.338
-107.202
-102.816
-98.191
-93.339
-88.273
-83.012
-77.576
-71.986
-66.27
-60.453
-54.565
-48.637
-42.704
-36.798
-30.958
-25.218
-19.618
-14.194
-8.986
-4.031
0.633
4.97
8.945
12.525
15.678
18.375
20.59
22.298
23.478
24.114
24.19
23.695
22.621
20.963
18.721
15.896
12.493
8.52
3.99
-1.083
-6.681
-12.785
-19.369
-26.409
-33.876
-41.738
-49.963
-58.515
-67.357
-76.45
-85.756
-95.232
-104.839
-114.533
-124.275
-134.022
-143.734
-153.373
-162.901
-172.28
-181.476
-190.456
-199.189
-207.647
-215.802
-223.631
-231.11
-238.22
-244.943
-251.262
-257.165
-262.64
-267.678
-272.272
-276.418
-280.114
-283.36
-286.159
-288.516
-290.44
-291.941
-293.031
-293.724
-294.037
-293.987
-293.593
-292.874
-291.853
-290.55
-288.987
-287.185
-285.166
-282.951
-280.561
-278.015
-275.331
-272.527
-269.617
-266.617
-263.54
-260.399
-257.206
-253.97
-250.701
-247.409
-244.099
-240.779
-237.451
-234.116
-230.775
-227.424
-224.057
-220.667
-217.246
-213.78
-210.258
-206.668
-202.993
-199.219
-195.328
-191.302
-187.123
-182.772
-178.231
-173.481
-168.506
-163.29
-157.82
-152.087
-146.085
-139.809
-133.256
-126.423
-119.312
-111.926
-104.266
-96.337
-88.147
-79.706
-71.028
-62.133
-53.044
-43.789
-34.403
-24.922
-15.381
-5.822
3.718
13.202
22.59
31.845
40.928
49.799
58.416
66.74
74.725
82.325
89.498
96.205
102.411
108.091
113.213
117.746
121.677
124.984
127.647
129.64
130.919
131.441
131.188
130.146
128.311
125.706
122.35
118.285
113.61
108.425
102.844
96.993
90.937
84.724
78.438
72.158
65.981
60.019
54.309
48.886
43.86
39.294
35.211
31.561
28.096
24.541
20.675
16.189
10.77
4.317
-3.123
-11.25
-19.418
-27.055
-33.764
-39.027
-42.271
-43.392
-42.915
-42.037
-42.652
-46.413
-54.046
-66.1
-83.348
-105.682
-131.566
-157.948
-179.917
-192.478
-192.249
-176.111
-140.516
-83.033
-2.958
97.911
214.462
340.503
470.411
597.569
714.291
812.675
885.062
926.365
934.247
908.783
852.817
769.206
661.694
534.136
388.521
233.936
85.155
-42.544
-131.924
-179.241
-194.095
-186.19
-168.091
-145.522
-115.748
-80.814
-44.151
-9.137
18.888
38.048
49.34
53.484
51.909
47.175
41.789
37.481
35.198
34.721
35.125
35.791
36.293
35.895
33.765
29.408
22.655
13.842
3.66
-7.263
-18.381
-29.304
-39.754
-49.535
-58.525
-66.618
-73.787
-80.057
-85.476
-90.071
-93.848
-96.807
-98.978
-100.488
-101.504
-102.207
-102.79
-103.357
-103.972
-104.691
-105.546
-106.561
-107.752
-109.104
-110.585
-112.204
-113.992
-115.986
-118.224
-120.71
-123.431
-126.375
-129.526
-132.861
-136.356
-139.986
-143.729
-147.593
-151.6
-155.764
-160.089
-164.551
-169.107
-173.692
-178.218
-182.58
-186.664
-190.375
-193.638
-196.424
-198.749
-200.629
-202.098
-203.154
-203.752
-203.863
-203.482
-202.61
-201.264
-199.502
-197.407
-195.115
-192.814
-190.625
-188.622
-186.801
-185.074
-183.343
-181.463
-179.301
-176.767
-173.753
-170.112
-165.712
-160.403
-153.969
-146.211
-136.866
-125.589
-112.157
-96.413
-78.269
-57.753
-34.903
-9.81
17.36
46.429
77.189
109.35
142.618
176.657
211.013
245.295
279.082
311.875
343.311
373.073
400.851
426.429
449.585
470.104
487.896
502.932
515.2
524.813
531.921
536.733
539.614
540.856
540.716
539.485
537.352
534.481
531.079
527.308
523.329
519.361
515.532
511.918
508.609
505.587
502.788
500.102
497.299
494.197
490.686
486.667
482.103
476.989
471.282
464.969
458.056
450.497
442.274
433.388
423.822
413.611
402.828
391.569
379.984
368.214
356.354
344.481
332.65
320.893
309.25
297.749
286.389
275.193
264.189
253.403
242.879
232.646
222.717
213.098
203.786
194.771
186.051
177.626
169.493
161.649
154.095
146.836
139.885
133.252
126.935
120.933
115.238
109.849
104.758
99.955
95.419
91.127
87.06
83.202
79.538
76.045
72.694
69.454
66.299
63.219
60.194
57.195
54.171
51.06
47.828
44.469
40.987
37.386
33.682
29.901
26.108
22.423
18.95
15.775
12.956
10.515
8.503
7.011
6.137
5.974
6.537
7.768
9.603
11.987
14.82
17.953
21.118
23.942
26.135
27.462
27.743
26.864
24.636
20.856
15.385
8.119
-0.878
-11.381
-23.166
-35.965
-49.404
-63.197
-76.863
-89.478
-100.268
-108.43
-113.125
-114.066
-110.795
-102.202
-87.507
-66.808
-40.567
-10.189
22.884
58.892
97.777
138.41
180.369
223.962
270.306
322.625
382.05
445.462
510.826
576.247
643.558
719.365
804.534
895.428
979.187
1034.066
1043.084
993.263
888.56
750.733
606.102
487.413
410.239
371.348
358.57
342.893
306.783
245.62
159.575
66.802
-20.134
-96.9
-158.949
-212.589
-262.325
-307.393
-348.641
-383.861
-411.257
-431.809
-446.096
-454.893
-459.243
-459.608
-456.338
-449.94
-440.941
-429.918
-417.643
-404.987
-392.592
-380.985
-370.611
-361.715
-354.509
-349.114
-345.448
-343.34
-342.581
-342.966
-344.371
-346.685
-349.696
-353.127
-356.602
-359.709
-362.183
-363.843
-364.545
-364.22
-362.819
-360.34
-356.891
-352.628
-347.69
-342.203
-336.259
-329.927
-323.331
-316.616
-309.946
-303.501
-297.403
-291.733
-286.564
-281.943
-277.897
-274.435
-271.525
-269.107
-267.141
-265.594
-264.437
-263.652
-263.202
-263.04
-263.123
-263.402
-263.833
-264.375
-264.986
-265.62
-266.24
-266.812
-267.304
-267.692
-267.945
-268.027
-267.902
-267.531
-266.878
-265.907
-264.583
-262.87
-260.738
-258.16
-255.111
-251.572
-247.525
-242.956
-237.852
-232.205
-226.009
-219.263
-211.968
-204.13
-195.758
-186.864
-177.465
-167.578
-157.228
-146.439
-135.24
-123.665
-111.749
-99.53
-87.049
-74.35
-61.481
-48.49
-35.429
-22.352
-9.313
3.632
16.423
29.003
41.313
53.296
64.895
76.054
86.718
96.836
106.357
115.233
123.419
130.874
137.556
143.433
148.47
152.642
155.924
158.297
159.747
160.263
159.841
158.479
156.183
152.961
148.828
143.803
137.911
131.18
123.646
115.346
106.323
96.623
86.298
75.399
63.983
52.108
39.835
27.224
14.338
1.241
-12.005
-25.337
-38.693
-52.011
-65.232
-78.298
-91.154
-103.746
-116.024
-127.941
-139.452
-150.517
-161.098
-171.164
-180.685
-189.638
-198.002
-205.762
-212.908
-219.433
-225.337
-230.622
-235.294
-239.364
-242.846
-245.757
-248.118
-249.951
-251.281
-252.135
-252.542
-252.531
-252.134
-251.382
-250.306
-248.938
-247.31
-245.454
-243.398
-241.174
-238.809
-236.33
-233.763
-231.132
-228.458
-225.761
-223.058
-220.363
-217.687
-215.04
-212.428
-209.854
-207.32
-204.824
-202.362
-199.929
-197.518
-195.12
-192.726
-190.325
-187.905
-185.455
-182.961
-180.413
-177.796
-175.101
-172.313
-169.424
-166.422
-163.297
-160.04
-156.645
-153.103
-149.41
-145.56
-141.552
-137.383
-133.056
-128.571
-123.935
-119.154
-114.237
-109.196
-104.043
-98.794
-93.466
-88.075
-82.643
-77.189
-71.734
-66.3
-60.908
-55.582
-50.342
-45.211
-40.21
-35.36
-30.681
-26.193
-21.915
-17.865
-14.06
-10.516
-7.25
-4.274
-1.604
0.75
2.777
4.468
5.816
6.816
7.464
7.76
7.704
7.299
6.55
5.466
4.053
2.324
0.291
-2.033
-4.633
-7.493
-10.595
-13.922
-17.456
-21.177
-25.066
-29.103
-33.267
-37.538
-41.896
-46.318
-50.785
-55.274
-59.765
-64.237
-68.668
-73.039
-77.33
-81.52
-85.592
-89.527
-93.31
-96.925
-100.357
-103.595
-106.626
-109.441
-112.032
-114.39
-116.511
-118.389
-120.022
-121.408
-122.545
-123.435
-124.08
-124.481
-124.645
-124.575
-124.279
-123.764
-123.04
-122.116
-121.003
-119.713
-118.259
-116.654
-114.913
-113.05
-111.08
-109.018
-106.881
-104.683
-102.44
-100.168
-97.88
-95.593
-93.319
-91.073
-88.867
-86.714
-84.625
-82.611
-80.682
-78.846
-77.111
-75.483
-73.968
-72.567
-71.283
-70.117
-69.065
-68.126
-67.293
-66.56
-65.919
-65.36
-64.872
-64.443
-64.059
-63.705
-63.367
-63.028
-62.673
-62.283
-61.842
-61.331
-60.734
-60.033
-59.209
-58.245
-57.124
-55.829
-54.342
-52.648
-50.731
-48.578
-46.175
-43.509
-40.572
-37.355
-33.851
-30.056
-25.968
-21.587
-16.915
-11.956
-6.717
-1.206
4.568
10.592
16.854
23.341
30.036
36.924
43.989
51.213
58.579
66.069
73.666
81.35
89.106
96.913
104.754
112.613
120.469
128.308
136.111
143.863
151.547
159.151
166.66
174.062
181.349
188.509
195.537
202.426
209.172
215.772
222.225
228.528
234.683
240.688
246.546
252.257
257.822
263.241
268.513
273.638
278.613
283.435
288.099
292.6
296.931
301.083
305.047
308.814
312.372
315.71
318.816
321.674
324.272
326.594
328.622
330.34
331.728
332.768
333.441
333.725
333.603
333.054
332.06
330.602
328.663
326.228
323.282
319.812
315.809
311.264
306.173
300.535
294.353
287.633
280.385
272.623
264.364
255.629
246.44
236.825
226.81
216.429
205.714
194.704
183.438
171.959
160.312
148.543
136.704
124.846
113.019
101.276
89.667
78.244
67.056
56.155
45.588
35.404
25.65
16.37
7.609
-0.593
-8.198
-15.174
-21.495
-27.137
-32.081
-36.315
-39.827
-42.612
-44.666
-45.989
-46.582
-46.451
-45.605
-44.06
-41.832
-38.944
-35.425
-31.31
-26.637
-21.449
-15.785
-9.686
-3.193
3.652
10.809
18.244
25.924
33.818
41.882
50.068
58.323
66.599
74.848
83.024
91.078
98.96
106.629
114.058
121.236
128.148
134.769
141.054
146.935
152.369
157.334
161.82
165.823
169.338
172.38
175.017
177.374
179.585
181.746
183.891
186.004
188.073
190.088
192.064
194.024
195.928
197.733
199.404
200.9
202.215
203.301
203.974
203.942
202.848
200.334
196.203
190.393
182.877
173.761
163.082
150.751
137.071
122.577
107.746
93.162
79.037
65.095
51.603
39.582
29.643
21.784
15.65
10.106
4.703
0.504
-1.875
-2.867
-2.546
0.084
6.671
20.283
44.043
78.556
123.569
179.53
244.511
313.347
382.53
447.38
503.561
552.974
591.995
611.498
603.279
555.714
464.511
337.955
190.222
42.372
-83.126
-171.911
-219.021
-230.665
-222.225
-208.009
-196.832
-190.507
-184.895
-177.509
-168.887
-161.273
-158.175
-160.157
-165.066
-170.307
-172.67
-170.122
-162.212
-148.828
-130.441
-107.958
-82.341
-54.862
-26.986
0.148
25.796
49.494
71.104
90.571
107.763
122.53
134.626
143.816
149.936
152.904
152.694
149.234
142.612
133.093
121.115
107.343
92.372
76.679
60.698
44.777
29.265
14.587
1.156
-10.729
-20.786
-28.776
-34.449
-37.45
-37.615
-34.973
-29.72
-22.299
-13.126
-2.59
8.844
20.78
32.878
44.782
56.236
67.082
77.101
86.082
93.782
99.854
104.088
106.393
106.747
105.295
102.208
97.685
92.044
85.565
78.45
70.874
62.927
54.638
46.09
37.363
28.534
19.748
11.114
2.71
-5.377
-13.123
-20.537
-27.655
-34.571
-41.377
-48.11
-54.784
-61.381
-67.852
-74.163
-80.269
-86.101
-91.62
-96.794
-101.596
-106.023
-110.06
-113.679
-116.852
-119.538
-121.699
-123.308
-124.348
-124.804
-124.673
-123.959
-122.675
-120.848
-118.505
-115.667
-112.357
-108.595
-104.4
-99.801
-94.822
-89.489
-83.831
-77.884
-71.686
-65.281
-58.712
-52.026
-45.267
-38.483
-31.722
-25.03
-18.455
-12.043
-5.838
0.117
5.776
11.096
16.037
20.559
24.625
28.201
31.255
33.757
35.683
37.009
37.717
37.788
37.207
35.961
34.04
31.437
28.148
24.17
19.506
14.164
8.155
1.495
-5.796
-13.695
-22.176
-31.207
-40.754
-50.781
-61.249
-72.116
-83.339
-94.871
-106.666
-118.674
-130.847
-143.134
-155.486
-167.853
-180.188
-192.44
-204.563
-216.511
-228.236
-239.693
-250.838
-261.628
-272.022
-281.982
-291.47
-300.455
-308.908
-316.804
-324.122
-330.844
-336.956
-342.447
-347.311
-351.544
-355.145
-358.118
-360.471
-362.214
-363.362
-363.933
-363.947
-363.426
-362.394
-360.874
-358.893
-356.477
-353.651
-350.44
-346.87
-342.966
-338.757
-334.275
-329.548
-324.6
-319.45
-314.119
-308.626
-302.986
-297.212
-291.307
-285.272
-279.111
-272.829
-266.434
-259.935
-253.336
-246.631
-239.815
-232.886
-225.852
-218.724
-211.504
-204.179
-196.73
-189.137
-181.388
-173.469
-165.365
-157.047
-148.486
-139.652
-130.52
-121.086
-111.341
-101.27
-90.842
-79.987
-68.641
-56.813
-44.607
-32.188
-19.725
-7.339
4.927
16.949
28.454
39.294
49.554
59.589
69.852
80.498
91.163
101.362
110.978
119.77
127.237
132.463
134.16
131.741
125.793
117.543
108.051
98.647
90.889
86.596
88.174
97.122
113.539
136.52
164.602
195.59
226.756
255.435
278.532
293.477
298.553
292.648
275.585
248.404
213.106
171.366
124.839
75.169
23.751
-27.861
-78.665
-128.889
-179.47
-230.808
-282.82
-335.176
-387.284
-438.864
-489.363
-537.409
-581.439
-620.215
-652.981
-679.554
-699.925
-713.937
-721.537
-722.818
-718.013
-707.54
-691.731
-670.745
-644.899
-614.66
-580.735
-544.165
-505.857
-466.526
-426.79
-387.079
-347.861
-309.668
-272.924
-238.002
-205.263
-174.983
-147.517
-123.32
-102.642
-85.576
-72.041
-61.689
-54.23
-49.452
-47.126
-47.064
-49.014
-52.637
-57.612
-63.631
-70.386
-77.601
-84.943
-92.007
-98.504
-104.244
-109.137
-113.227
-116.536
-119.063
-120.839
-121.908
-122.361
-122.334
-121.976
-121.444
-120.874
-120.367
-120.035
-119.999
-120.332
-121.061
-122.164
-123.557
-125.166
-126.921
-128.741
-130.531
-132.175
-133.542
-134.492
-134.877
-134.57
-133.469
-131.479
-128.523
-124.538
-119.479
-113.325
-106.085
-97.761
-88.356
-77.878
-66.336
-53.754
-40.163
-25.602
-10.113
6.257
23.465
41.463
60.202
79.633
99.703
120.361
141.556
163.232
185.321
207.755
230.454
253.341
276.334
299.352
322.305
345.109
367.678
389.927
411.774
433.139
453.938
474.093
493.526
512.163
529.933
546.768
562.606
577.388
591.059
603.569
614.875
624.935
633.716
641.187
647.323
652.104
655.517
657.553
658.21
657.492
655.407
651.972
647.206
641.136
633.795
625.218
615.447
604.529
592.513
579.452
565.404
550.429
534.589
517.949
500.576
482.538
463.905
444.748
425.137
405.143
384.836
364.285
343.56
322.726
301.85
280.994
260.22
239.587
219.153
198.97
179.091
159.564
140.434
121.743
103.531
85.833
68.681
52.105
36.129
20.776
6.066
-7.986
-21.367
-34.067
-46.079
-57.397
-68.019
-77.947
-87.182
-95.728
-103.593
-110.784
-117.311
-123.185
-128.418
-133.023
-137.016
-140.41
-143.222
-145.468
-147.165
-148.332
-148.986
-149.146
-148.83
-148.058
-146.849
-145.222
-143.195
-140.787
-138.016
-134.901
-131.459
-127.71
-123.67
-119.358
-114.793
-109.991
-104.97
-99.75
-94.347
-88.779
-83.063
-77.219
-71.262
-65.211
-59.083
-52.896
-46.667
-40.412
-34.15
-27.896
-21.667
-15.479
-9.346
-3.285
2.69
8.564
14.32
19.946
25.424
30.74
35.88
40.828
45.57
50.092
54.381
58.424
62.209
65.725
68.962
71.911
74.564
76.914
78.954
80.679
82.088
83.175
83.942
84.386
84.51
84.314
83.802
82.976
81.84
80.399
78.659
76.626
74.307
71.713
68.853
65.738
62.382
58.799
55.005
51.016
46.849
42.523
38.057
33.469
28.78
24.009
19.174
14.297
9.394
4.486
-0.412
-5.281
-10.107
-14.873
-19.566
-24.171
-28.676
-33.069
-37.336
-41.466
-45.449
-49.272
-52.925
-56.4
-59.686
-62.777
-65.666
-68.346
-70.815
-73.069
-75.106
-76.924
-78.525
-79.909
-81.077
-82.03
-82.772
-83.303
-83.626
-83.742
-83.653
-83.359
-82.86
-82.155
-81.242
-80.117
-78.779
-77.222
-75.444
-73.44
-71.205
-68.737
-66.031
-63.083
-59.892
-56.453
-52.765
-48.823
-44.626
-40.17
-35.452
-30.471
-25.222
-19.705
-13.916
-7.856
-1.523
5.081
11.955
19.095
26.496
34.151
42.051
50.184
58.536
67.091
75.829
84.729
93.768
102.92
112.159
121.455
130.78
140.102
149.39
158.612
167.735
176.724
185.547
194.168
202.552
210.665
218.471
225.934
233.019
239.69
245.915
251.66
256.891
261.579
265.696
269.215
272.112
274.368
275.965
276.891
277.135
276.692
275.562
273.746
271.253
268.092
264.277
259.827
254.763
249.108
242.889
236.138
228.885
221.167
213.021
204.488
195.61
186.432
177
167.364
157.574
147.682
137.739
127.8
117.918
108.146
98.536
89.139
80.006
71.182
62.712
54.637
46.995
39.82
33.142
26.987
21.376
16.328
11.856
7.97
4.677
1.977
-0.129
-1.647
-2.586
-2.958
-2.778
-2.066
-0.844
0.863
3.025
5.611
8.587
11.913
15.552
19.462
23.599
27.92
32.379
36.933
41.535
46.144
50.716
55.211
59.59
63.818
67.86
71.687
75.269
78.582
81.605
84.316
86.701
88.744
90.436
91.768
92.733
93.329
93.555
93.413
92.909
92.048
90.843
89.304
87.447
85.289
82.849
80.149
77.21
74.058
70.716
67.21
63.567
59.813
55.972
52.07
48.132
44.181
40.239
36.327
32.463
28.667
24.955
21.343
17.844
14.471
11.237
8.152
5.225
2.466
-0.12
-2.525
-4.745
-6.777
-8.618
-10.269
-11.729
-13.002
-14.091
-14.999
-15.732
-16.295
-16.695
-16.94
-17.039
-17
-16.832
-16.547
-16.155
-15.669
-15.1
-14.461
-13.763
-13.02
-12.244
-11.449
-10.646
-9.85
-9.073
-8.33
-7.637
-7.005
-6.45
-5.988
-5.632
-5.399
-5.303
-5.355
-5.567
-5.951
-6.516
-7.276
-8.241
-9.417
-10.811
-12.43
-14.281
-16.373
-18.707
-21.275
-24.064
-27.058
-30.244
-33.608
-37.132
-40.794
-44.572
-48.451
-52.429
-56.507
-60.678
-64.93
-69.241
-73.584
-77.944
-82.304
-86.649
-90.963
-95.22
-99.393
-103.471
-107.432
-111.248
-114.874
-118.223
-121.198
-123.728
-125.733
-127.172
-128.047
-128.338
-128.05
-127.204
-125.774
-123.805
-121.408
-118.685
-115.787
-112.816
-109.763
-106.771
-104.132
-101.956
-100.241
-98.636
-96.306
-92.826
-88.271
-82.675
-76.119
-68.689
-60.462
-52.529
-47.105
-45.634
-48.443
-54.901
-63.525
-73.203
-82.867
-89.808
-89.7
-78.584
-53.916
-15.549
34.712
95.348
164.32
237.421
308.011
368.002
409.876
428.573
422.617
391.88
335.917
255.318
148.974
15.915
-137.657
-299.347
-449.311
-564.824
-634.106
-659.439
-654.583
-636.139
-613.415
-587.072
-552.731
-509.161
-460.151
-410.91
-366.708
-329.772
-299.447
-274.898
-254.96
-237.697
-221.204
-204.307
-186.522
-168.179
-150.089
-132.848
-116.946
-103.253
-92.76
-85.941
-82.792
-82.761
-84.911
-88.496
-92.933
-97.706
-102.387
-106.625
-110.17
-112.933
-114.945
-116.187
-116.622
-116.115
-114.444
-111.546
-107.478
-102.44
-96.778
-90.783
-84.685
-78.683
-72.923
-67.516
-62.547
-58.016
-53.856
-50.03
-46.516
-43.36
-40.678
-38.52
-36.884
-35.719
-34.907
-34.354
-34.001
-33.774
-33.599
-33.427
-33.22
-32.982
-32.762
-32.584
-32.458
-32.376
-32.303
-32.217
-32.11
-31.974
-31.808
-31.607
-31.363
-31.077
-30.762
-30.422
-30.055
-29.65
-29.183
-28.637
-27.999
-27.255
-26.389
-25.387
-24.234
-22.917
-21.429
-19.762
-17.904
-15.842
-13.565
-11.059
-8.314
-5.323
-2.076
1.434
5.21
9.255
13.566
18.14
22.972
28.053
33.374
38.922
44.686
50.649
56.797
63.114
69.58
76.177
82.883
89.674
96.526
103.414
110.309
117.183
124.006
130.75
137.385
143.882
150.21
156.339
162.239
167.879
173.23
178.264
182.954
187.273
191.198
194.708
197.784
200.409
202.57
204.255
205.456
206.164
206.374
206.084
205.292
204
202.21
199.929
197.164
193.926
190.226
186.082
181.508
176.522
171.144
165.395
159.298
152.876
146.153
139.157
131.912
124.448
116.792
108.974
101.023
92.965
84.828
76.641
68.429
60.216
52.026
43.879
35.798
27.802
19.914
12.153
4.536
-2.919
-10.196
-17.28
-24.16
-30.824
-37.267
-43.484
-49.471
-55.222
-60.736
-66.009
-71.044
-75.842
-80.404
-84.733
-88.832
-92.711
-96.379
-99.847
-103.123
-106.22
-109.152
-111.933
-114.579
-117.099
-119.5
-121.792
-123.984
-126.084
-128.102
-130.041
-131.908
-133.719
-135.493
-137.246
-138.989
-140.724
-142.448
-144.156
-145.849
-147.521
-149.155
-150.728
-152.229
-153.665
-155.073
-156.485
-157.902
-159.287
-160.58
-161.733
-162.708
-163.449
-163.871
-163.876
-163.395
-162.42
-161.022
-159.259
-157.129
-154.575
-151.466
-147.701
-143.273
-138.231
-132.645
-126.581
-120.115
-113.402
-106.738
-100.423
-94.635
-89.379
-84.459
-79.735
-75.207
-70.969
-67.215
-64.017
-61.249
-58.709
-56.176
-53.444
-50.335
-46.446
-41.018
-33.513
-23.733
-12.009
0.702
13.959
28.04
43.287
60.086
78.836
99.663
123.372
151.687
185.028
222.414
262.081
301.14
336.999
367.988
391.665
404.812
405.68
393.785
369.976
336.909
296.76
250.838
201.248
150.536
100.445
52.233
6.031
-39.298
-84.198
-128.456
-172.105
-215.07
-257.002
-297.455
-335.388
-369.367
-398.555
-422.537
-441.133
-454.423
-462.545
-465.773
-464.609
-459.671
-451.49
-440.52
-427.158
-411.863
-395.245
-377.891
-360.383
-343.178
-326.574
-310.856
-296.226
-282.793
-270.588
-259.53
-249.479
-240.348
-232.081
-224.578
-217.729
-211.327
-205.08
-198.776
-192.225
-185.277
-177.863
-169.916
-161.399
-152.352
-142.86
-133.026
-122.974
-112.794
-102.543
-92.311
-82.197
-72.322
-62.843
-53.865
-45.467
-37.718
-30.657
-24.315
-18.711
-13.827
-9.616
-6.037
-3.047
-0.605
1.317
2.76
3.778
4.421
4.748
4.814
4.663
4.346
3.913
3.411
2.886
2.379
1.925
1.561
1.332
1.28
1.45
1.885
2.624
3.709
5.179
7.072
9.418
12.248
15.585
19.451
23.866
28.845
34.4
40.538
47.265
54.581
62.482
70.961
80.008
89.608
99.744
110.395
121.537
133.143
145.184
157.625
170.43
183.56
196.973
210.625
224.466
238.45
252.523
266.633
280.725
294.745
308.633
322.334
335.79
348.944
361.741
374.126
386.044
397.442
408.272
418.483
428.031
436.87
444.96
452.263
458.745
464.373
469.121
472.963
475.88
477.856
478.877
478.936
478.028
476.155
473.319
469.53
464.8
459.147
452.591
445.157
436.874
427.775
417.895
407.273
395.952
383.975
371.391
358.247
344.595
330.487
315.975
301.114
285.957
270.558
254.972
239.251
223.447
207.613
191.796
176.046
160.408
144.927
129.643
114.597
99.823
85.357
71.229
57.466
44.094
31.133
18.6
6.512
-5.123
-16.296
-27.003
-37.244
-47.023
-56.344
-65.218
-73.655
-81.672
-89.284
-96.512
-103.375
-109.897
-116.101
-122.013
-127.659
-133.066
-138.26
-143.269
-148.12
-152.841
-157.458
-161.996
-166.481
-170.937
-175.386
-179.852
-184.352
-188.907
-193.531
-198.241
-203.047
-207.96
-212.986
-218.131
-223.394
-228.776
-234.272
-239.876
-245.579
-251.367
-257.229
-263.146
-269.101
-275.073
-281.041
-286.981
-292.869
-298.679
-304.385
-309.96
-315.377
-320.61
-325.63
-330.411
-334.928
-339.153
-343.063
-346.633
-349.841
-352.664
-355.085
-357.083
-358.645
-359.757
-360.407
-360.589
-360.296
-359.527
-358.283
-356.567
-354.386
-351.75
-348.673
-345.168
-341.256
-336.955
-332.29
-327.285
-321.967
-316.364
-310.507
-304.427
-298.155
-291.724
-285.169
-278.521
-271.817
-265.088
-258.37
-251.697
-245.101
-238.616
-232.272
-226.102
-220.134
-214.397
-208.916
-203.717
-198.82
-194.246
-190.013
-186.136
-182.626
-179.495
-176.75
-174.395
-172.432
-170.862
-169.682
-168.887
-168.469
-168.419
-168.727
-169.379
-170.361
-171.656
-173.245
-175.111
-177.231
-179.583
-182.143
-184.885
-187.783
-190.808
-193.931
-197.121
-200.346
-203.573
-206.77
-209.901
-212.933
-215.83
-218.558
-221.079
-223.361
-225.367
-227.063
-228.415
-229.389
-229.955
-230.079
-229.731
-228.883
-227.506
-225.574
-223.061
-219.944
-216.2
-211.811
-206.758
-201.026
-194.602
-187.477
-179.642
-171.094
-161.833
-151.861
-141.185
-129.815
-117.766
-105.055
-91.704
-77.739
-63.188
-48.086
-32.468
-16.374
0.151
17.063
34.312
51.846
69.613
87.557
105.62
123.743
141.867
159.93
177.87
195.627
213.137
230.339
247.172
263.576
279.492
294.864
309.636
323.757
337.178
349.851
361.734
372.789
382.98
392.276
400.652
408.087
414.562
420.067
424.593
428.139
430.706
432.302
432.937
432.626
431.388
429.246
426.228
422.363
417.683
412.225
406.028
399.132
391.581
383.42
374.695
365.454
355.747
345.623
335.133
324.326
313.253
301.965
290.51
278.936
267.291
255.619
243.964
232.368
220.869
209.505
198.31
187.316
176.553
166.048
155.825
145.907
136.313
127.061
118.166
109.641
101.497
93.744
86.388
79.435
72.889
66.753
61.026
55.708
50.797
46.289
42.179
38.462
35.129
32.174
29.587
27.357
25.475
23.929
22.707
21.798
21.189
20.868
20.822
21.038
21.503
22.204
23.129
24.263
25.594
27.108
28.791
30.63
32.61
34.719
36.941
39.263
41.668
44.143
46.673
49.242
51.835
54.437
57.034
59.61
62.152
64.645
67.078
69.436
71.709
73.885
75.954
77.907
79.734
81.428
82.983
84.393
85.654
86.763
87.719
88.521
89.17
89.667
90.016
90.221
90.286
90.219
90.026
89.716
89.298
88.785
88.187
87.519
86.793
86.024
85.228
84.42
83.614
82.827
82.074
81.369
80.727
80.161
79.687
79.316
79.061
78.932
78.938
79.087
79.383
79.83
80.43
81.183
82.087
83.14
84.338
85.675
87.148
88.749
90.473
92.308
94.246
96.275
98.384
100.556
102.779
105.035
107.31
109.589
111.858
114.101
116.304
118.453
120.536
122.539
124.449
126.253
127.938
129.492
130.907
132.176
133.296
134.263
135.08
135.745
136.262
136.637
136.874
136.973
136.936
136.759
136.443
135.99
135.403
134.685
133.842
132.883
131.823
130.68
129.47
128.205
126.895
125.543
124.152
122.72
121.245
119.727
118.164
116.555
114.904
113.219
111.508
109.775
108.007
106.168
104.228
102.168
99.98
97.672
95.269
92.811
90.361
88.008
85.848
83.985
82.498
81.437
80.825
80.646
80.907
81.65
82.885
84.599
86.729
89.159
91.76
94.381
96.827
98.837
100.111
100.34
99.232
96.523
92.062
85.837
77.832
68.117
56.755
43.661
29.16
13.969
-1.232
-15.62
-28.625
-40.22
-49.836
-56.153
-58.684
-57.659
-53.771
-48.789
-43.24
-35.758
-25.837
-14.144
-0.775
15.107
36.054
66.515
109.082
161.811
221.071
286.595
359.298
440.64
532.674
626.294
706.694
762.004
778.166
751.918
691.434
604.714
504.501
399.812
290.912
180.108
70.26
-33.245
-120.036
-183.997
-224.153
-241.894
-241.005
-225.249
-197.613
-162.865
-127.63
-96.607
-72.327
-55.896
-46.788
-44.353
-48.07
-56.038
-65.122
-73.174
-79.138
-82.76
-84.824
-85.944
-86.377
-86.787
-88.1
-90.856
-95.189
-100.854
-107.126
-113.349
-119.173
-124.329
-128.653
-132.092
-134.595
-136.14
-136.786
-136.616
-135.668
-133.969
-131.519
-128.313
-124.424
-119.993
-115.217
-110.311
-105.431
-100.668
-96.078
-91.706
-87.593
-83.775
-80.268
-77.061
-74.163
-71.61
-69.45
-67.734
-66.49
-65.721
-65.415
-65.56
-66.145
-67.162
-68.602
-70.448
-72.689
-75.317
-78.327
-81.716
-85.469
-89.56
-93.957
-98.623
-103.52
-108.607
-113.837
-119.161
-124.531
-129.9
-135.222
-140.45
-145.537
-150.433
-155.091
-159.462
-163.5
-167.157
-170.388
-173.149
-175.402
-177.112
-178.248
-178.784
-178.698
-177.973
-176.6
-174.573
-171.888
-168.548
-164.559
-159.935
-154.693
-148.859
-142.463
-135.54
-128.128
-120.274
-112.026
-103.439
-94.566
-85.463
-76.191
-66.809
-57.384
-47.98
-38.664
-29.501
-20.559
-11.906
-3.605
4.282
11.698
18.59
24.91
30.614
35.663
40.028
43.68
46.596
48.752
50.131
50.722
50.521
49.53
47.752
45.203
41.908
37.903
33.239
27.965
22.129
15.785
8.986
1.791
-5.733
-13.527
-21.538
-29.7
-37.941
-46.17
-54.27
-62.153
-69.769
-77.078
-84.072
-90.736
-97.035
-102.969
-108.562
-113.806
-118.673
-123.084
-126.896
-130.025
-132.427
-134.104
-135.121
-135.488
-135.153
-134.066
-132.162
-129.373
-125.669
-120.946
-115.025
-107.85
-99.46
-90.017
-79.848
-69.184
-58.171
-46.931
-35.516
-24.037
-12.686
-1.614
9.046
19.128
28.478
36.839
43.827
49.237
53.012
55.243
56.224
56.149
55.102
53.18
50.442
46.973
42.91
38.322
33.216
27.66
21.753
15.69
9.79
4.233
-0.933
-5.755
-10.42
-15.041
-19.644
-24.279
-28.993
-33.824
-38.807
-43.915
-49.038
-54.121
-59.162
-64.211
-69.395
-74.778
-80.347
-86.05
-91.78
-97.448
-102.995
-108.337
-113.372
-118.006
-122.173
-125.845
-129.049
-131.809
-134.094
-135.828
-136.887
-137.121
-136.468
-134.94
-132.616
-129.647
-126.164
-122.238
-118.04
-113.84
-109.731
-105.689
-101.423
-96.276
-90.03
-83.017
-75.595
-68.175
-61.331
-55.576
-52.016
-52.518
-57.897
-67.749
-81.291
-97.193
-113.909
-130.04
-143.138
-149.676
-147.481
-135.886
-114.881
-85.384
-48.892
-7.147
36.628
77.86
113.126
140.261
157.481
163.585
158.168
141.422
115.003
82.082
44.985
5.086
-36.083
-76.989
-116.572
-154.124
-189.937
-225.556
-261.811
-298.634
-336.069
-374.062
-412.389
-450.786
-488.349
-523.44
-554.852
-581.943
-604.263
-621.738
-634.295
-641.785
-644.385
-642.465
-636.409
-626.652
-613.481
-596.994
-577.404
-555.076
-530.482
-504.279
-477.016
-449.012
-420.598
-392.106
-363.918
-336.411
-309.783
-284.092
-259.319
-235.448
-212.555
-190.8
-170.265
-150.905
-132.617
-115.224
-98.689
-83.124
-68.539
-54.822
-41.735
-29.054
-16.71
-4.765
6.692
17.637
28.101
38.135
47.71
56.727
65.109
72.814
79.931
86.612
92.903
98.725
103.903
108.298
111.873
114.663
116.7
117.967
118.448
118.168
117.226
115.748
113.821
111.487
108.728
105.526
101.926
98.036
94.003
89.956
85.987
82.18
78.632
75.46
72.763
70.601
68.998
67.971
67.555
67.805
68.78
70.527
73.071
76.423
80.588
85.567
91.358
97.947
105.304
113.393
122.179
131.63
141.718
152.408
163.654
175.402
187.596
200.178
213.085
226.247
239.586
253.026
266.487
279.893
293.168
306.234
319.014
331.434
343.42
354.903
365.815
376.091
385.669
394.492
402.509
409.673
415.943
421.284
425.664
429.061
431.456
432.839
433.203
432.548
430.879
428.208
424.552
419.935
414.384
407.932
400.617
392.484
383.582
373.962
363.678
352.789
341.353
329.432
317.086
304.38
291.372
278.125
264.699
251.152
237.541
223.921
210.343
196.857
183.508
170.338
157.387
144.689
132.277
120.177
108.414
97.008
85.976
75.329
65.076
55.222
45.77
36.716
28.056
19.782
11.882
4.345
-2.846
-9.706
-16.252
-22.502
-28.475
-34.187
-39.655
-44.895
-49.922
-54.748
-59.384
-63.838
-68.118
-72.228
-76.17
-79.944
-83.547
-86.975
-90.222
-93.279
-96.135
-98.779
-101.198
-103.377
-105.301
-106.952
-108.316
-109.373
-110.105
-110.497
-110.529
-110.185
-109.45
-108.31
-106.75
-104.762
-102.336
-99.468
-96.156
-92.399
-88.203
-83.576
-78.529
-73.077
-67.239
-61.038
-54.499
-47.651
-40.525
-33.157
-25.584
-17.844
-9.978
-2.029
5.961
13.949
21.888
29.737
37.451
44.986
52.3
59.353
66.104
72.514
78.55
84.175
89.361
94.08
98.306
102.02
105.204
107.846
109.936
111.47
112.447
112.869
112.745
112.084
110.903
109.218
107.052
104.429
101.376
97.921
94.096
89.934
85.467
80.731
75.76
70.589
65.253
59.787
54.224
48.599
42.943
37.288
31.662
26.094
20.609
15.231
9.98
4.877
-0.064
-4.827
-9.402
-13.78
-17.955
-21.923
-25.683
-29.236
-32.584
-35.733
-38.689
-41.462
-44.06
-46.493
-48.774
-50.914
-52.925
-54.82
-56.61
-58.307
-59.922
-61.468
-62.953
-64.388
-65.782
-67.142
-68.475
-69.788
-71.086
-72.372
-73.649
-74.919
-76.183
-77.441
-78.691
-79.932
-81.161
-82.375
-83.571
-84.743
-85.888
-87.002
-88.08
-89.119
-90.113
-91.061
-91.959
-92.807
-93.602
-94.345
-95.037
-95.679
-96.275
-96.829
-97.346
-97.831
-98.291
-98.733
-99.166
-99.598
-100.038
-100.497
-100.984
-101.509
-102.083
-102.716
-103.418
-104.198
-105.066
-106.031
-107.101
-108.282
-109.581
-111.002
-112.55
-114.226
-116.032
-117.967
-120.028
-122.213
-124.515
-126.928
-129.443
-132.05
-134.738
-137.493
-140.302
-143.148
-146.016
-148.888
-151.747
-154.574
-157.351
-160.058
-162.677
-165.19
-167.577
-169.821
-171.904
-173.81
-175.521
-177.025
-178.306
-179.353
-180.155
-180.702
-180.987
-181.004
-180.748
-180.217
-179.41
-178.328
-176.974
-175.352
-173.468
-171.332
-168.953
-166.343
-163.513
-160.478
-157.254
-153.857
-150.302
-146.608
-142.792
-138.872
-134.868
-130.797
-126.677
-122.527
-118.365
-114.208
-110.074
-105.977
-101.933
-97.956
-94.06
-90.257
-86.557
-82.97
-79.506
-76.172
-72.974
-69.917
-67.005
-64.241
-61.625
-59.158
-56.838
-54.662
-52.628
-50.73
-48.964
-47.324
-45.802
-44.393
-43.088
-41.879
-40.76
-39.72
-38.752
-37.846
-36.994
-36.188
-35.418
-34.676
-33.954
-33.245
-32.541
-31.834
-31.117
-30.383
-29.626
-28.84
-28.017
-27.154
-26.243
-25.281
-24.263
-23.185
-22.044
-20.836
-19.559
-18.21
-16.788
-15.291
-13.716
-12.063
-10.33
-8.518
-6.624
-4.651
-2.597
-0.463
1.749
4.038
6.402
8.841
11.35
13.928
16.571
19.275
22.035
24.847
27.704
30.599
33.527
36.478
39.446
42.42
45.393
48.354
51.294
54.203
57.07
59.884
62.634
65.309
67.898
70.388
72.77
75.031
77.161
79.15
80.988
82.665
84.173
85.503
86.65
87.607
88.368
88.93
89.291
89.449
89.405
89.16
88.718
88.084
87.265
86.269
85.105
83.785
82.321
80.727
79.018
77.21
75.322
73.373
71.382
69.371
67.362
65.379
63.446
61.586
59.825
58.186
56.695
55.377
54.255
53.352
52.693
52.297
52.186
52.379
52.893
53.745
54.947
56.511
58.447
60.762
63.462
66.55
70.025
73.887
78.132
82.754
87.746
93.097
98.793
104.819
111.156
117.785
124.681
131.816
139.161
146.684
154.35
162.125
169.97
177.845
185.71
193.522
201.24
208.822
216.225
223.405
230.318
236.922
243.175
249.036
254.467
259.428
263.882
267.795
271.137
273.879
275.993
277.454
278.237
278.322
277.691
276.332
274.24
271.414
267.864
263.609
258.671
253.075
246.846
240.017
232.618
224.679
216.229
207.29
197.895
188.086
177.907
167.404
156.613
145.567
134.298
122.843
111.255
99.589
87.903
76.249
64.693
53.328
42.274
31.676
21.642
12.242
3.548
-4.359
-11.362
-17.328
-22.189
-25.956
-28.69
-30.481
-31.425
-31.571
-31.044
-30.108
-28.915
-27.494
-25.669
-22.958
-18.917
-13.375
-6.308
2.292
11.912
21.74
30.808
37.457
40.112
37.736
29.723
16.259
-0.825
-18.92
-35.569
-47.227
-50.333
-41.654
-17.85
22.613
78.305
146.487
224.244
307.005
389.804
466.404
528.396
569.57
586.249
577.127
543.895
487.154
406.816
303.435
176.924
35.552
-105.347
-230.041
-320.378
-372.076
-395.026
-399.073
-397.846
-396.919
-391.473
-381.342
-367.096
-350.307
-336.476
-327.506
-322.049
-319.188
-316.903
-312.683
-305.453
-294.692
-280.117
-262.407
-242.646
-221.592
-200.167
-179.552
-160.421
-143.169
-128.063
-114.912
-103.436
-93.465
-84.721
-76.886
-69.759
-63.082
-56.553
-50.015
-43.306
-36.293
-28.94
-21.194
-13.014
-4.426
4.509
13.714
23.073
32.491
41.901
51.208
60.318
69.108
77.423
85.156
92.235
98.606
104.243
109.123
113.227
116.575
119.215
121.189
122.542
123.308
123.507
123.178
122.369
121.132
119.522
117.587
115.367
112.904
110.24
107.415
104.465
101.418
98.297
95.127
91.941
88.769
85.643
82.591
79.639
76.813
74.14
71.642
69.337
67.242
65.367
63.724
62.324
61.175
60.281
59.646
59.271
59.155
59.296
59.69
60.327
61.2
62.294
63.599
65.101
66.784
68.63
70.622
72.74
74.964
77.273
79.647
82.062
84.495
86.923
89.323
91.673
93.949
96.129
98.192
100.117
101.885
103.478
104.88
106.076
107.05
107.791
108.289
108.534
108.519
108.238
107.689
106.87
105.783
104.43
102.818
100.952
98.843
96.501
93.939
91.171
88.215
85.088
81.809
78.4
74.883
71.28
67.618
63.92
60.212
56.518
52.863
49.272
45.77
42.378
39.119
36.014
33.083
30.345
27.816
25.51
23.442
21.62
20.053
18.747
17.706
16.932
16.421
16.172
16.177
16.43
16.92
17.636
18.561
19.678
20.966
22.404
23.967
25.625
27.349
29.108
30.87
32.603
34.274
35.85
37.298
38.584
39.676
40.543
41.152
41.473
41.476
41.135
40.423
39.318
37.8
35.847
33.442
30.571
27.219
23.378
19.041
14.199
8.851
2.998
-3.355
-10.201
-17.528
-25.32
-33.555
-42.205
-51.238
-60.62
-70.313
-80.276
-90.466
-100.843
-111.369
-122.013
-132.741
-143.519
-154.302
-165.045
-175.698
-186.209
-196.522
-206.57
-216.285
-225.595
-234.445
-242.801
-250.619
-257.844
-264.399
-270.181
-275.107
-279.121
-282.178
-284.248
-285.327
-285.431
-284.64
-283.108
-280.981
-278.399
-275.448
-272.15
-268.569
-264.798
-260.986
-257.331
-253.95
-250.856
-248.038
-245.43
-242.896
-240.295
-237.283
-233.284
-227.952
-221.177
-213.112
-204.251
-194.938
-185.141
-174.712
-163.509
-150.925
-136.03
-117.613
-94.016
-64.149
-27.936
13.756
59.247
105.772
149.844
187.912
216.105
231.265
231.499
216.12
185.752
142.663
90.314
32.059
-28.689
-89.107
-147.41
-202.335
-253.283
-300.759
-346.044
-390.077
-433.468
-476.214
-517.445
-556.16
-591.415
-622.079
-647.02
-665.513
-677.087
-681.589
-679.328
-670.759
-656.35
-636.624
-611.998
-582.75
-549.307
-512.249
-472.321
-430.425
-387.33
-343.649
-299.937
-256.687
-214.388
-173.554
-134.581
-97.673
-63.04
-30.893
-1.52
24.658
47.395
66.658
82.578
95.46
105.569
113.076
118.175
121.133
122.257
121.947
120.594
118.407
115.596
112.393
109.05
105.95
103.381
101.47
100.263
99.709
99.76
100.418
101.661
103.348
105.312
107.321
109.113
110.568
111.592
112.079
111.939
111.035
109.262
106.611
103.121
98.836
93.805
88.057
81.631
74.641
67.222
59.521
51.708
43.893
36.161
28.605
21.3
14.315
7.717
1.531
-4.237
-9.564
-14.422
-18.78
-22.603
-25.88
-28.606
-30.778
-32.391
-33.439
-33.909
-33.792
-33.078
-31.75
-29.792
-27.183
-23.899
-19.925
-15.253
-9.881
-3.809
2.958
10.413
18.547
27.341
36.781
46.849
57.525
68.788
80.614
92.973
105.833
119.159
132.912
147.05
161.528
176.299
191.313
206.518
221.86
237.281
252.724
268.129
283.432
298.573
313.486
328.106
342.371
356.216
369.581
382.407
394.636
406.212
417.085
427.206
436.529
445.014
452.622
459.319
465.075
469.865
473.667
476.465
478.249
479.012
478.754
477.48
475.2
471.93
467.691
462.509
456.413
449.44
441.627
433.019
423.663
413.608
402.908
391.619
379.798
367.505
354.799
341.743
328.397
314.821
301.077
287.224
273.319
259.421
245.583
231.859
218.299
204.951
191.861
179.071
166.62
154.543
142.873
131.639
120.863
110.568
100.769
91.481
82.712
74.468
66.752
59.563
52.897
46.745
41.1
35.948
31.274
27.062
23.294
19.948
17.005
14.442
12.236
10.363
8.801
7.524
6.508
5.729
5.163
4.784
4.569
4.494
4.535
4.672
4.881
5.142
5.435
5.743
6.046
6.33
6.578
6.775
6.91
6.97
6.945
6.824
6.6
6.266
5.816
5.243
4.545
3.717
2.756
1.66
0.428
-0.943
-2.452
-4.1
-5.885
-7.808
-9.864
-12.052
-14.368
-16.807
-19.364
-22.033
-24.809
-27.685
-30.652
-33.703
-36.829
-40.021
-43.27
-46.565
-49.895
-53.251
-56.621
-59.995
-63.36
-66.707
-70.023
-73.297
-76.518
-79.674
-82.753
-85.744
-88.635
-91.414
-94.069
-96.588
-98.961
-101.177
-103.226
-105.099
-106.785
-108.278
-109.57
-110.653
-111.522
-112.173
-112.6
-112.802
-112.776
-112.522
-112.039
-111.331
-110.398
-109.246
-107.877
-106.299
-104.517
-102.539
-100.374
-98.031
-95.52
-92.853
-90.043
-87.103
-84.047
-80.891
-77.651
-74.342
-70.983
-67.592
-64.185
-60.782
-57.402
-54.063
-50.785
-47.586
-44.485
-41.501
-38.652
-35.955
-33.427
-31.083
-28.94
-27.01
-25.308
-23.845
-22.632
-21.678
-20.992
-20.581
-20.45
-20.604
-21.045
-21.773
-22.789
-24.089
-25.67
-27.527
-29.651
-32.035
-34.667
-37.538
-40.632
-43.937
-47.436
-51.112
-54.948
-58.924
-63.021
-67.219
-71.495
-75.829
-80.199
-84.584
-88.961
-93.311
-97.611
-101.842
-105.984
-110.018
-113.926
-117.692
-121.299
-124.734
-127.983
-131.035
-133.88
-136.509
-138.916
-141.095
-143.043
-144.759
-146.242
-147.493
-148.516
-149.315
-149.896
-150.268
-150.439
-150.421
-150.224
-149.862
-149.349
-148.699
-147.929
-147.054
-146.09
-145.055
-143.965
-142.837
-141.686
-140.53
-139.383
-138.261
-137.177
-136.145
-135.177
-134.284
-133.476
-132.762
-132.15
-131.645
-131.254
-130.978
-130.822
-130.786
-130.87
-131.074
-131.394
-131.827
-132.369
-133.013
-133.752
-134.578
-135.484
-136.458
-137.492
-138.574
-139.693
-140.839
-141.999
-143.164
-144.32
-145.458
-146.566
-147.634
-148.652
-149.611
-150.503
-151.319
-152.053
-152.699
-153.252
-153.706
-154.059
-154.308
-154.45
-154.484
-154.41
-154.228
-153.938
-153.543
-153.043
-152.442
-151.744
-150.951
-150.068
-149.101
-148.053
-146.931
-145.739
-144.484
-143.17
-141.804
-140.39
-138.935
-137.444
-135.921
-134.372
-132.8
-131.211
-129.607
-127.993
-126.37
-124.741
-123.11
-121.477
-119.845
-118.215
-116.588
-114.968
-113.354
-111.748
-110.152
-108.568
-106.996
-105.439
-103.899
-102.376
-100.874
-99.393
-97.938
-96.51
-95.112
-93.747
-92.418
-91.129
-89.884
-88.685
-87.538
-86.446
-85.413
-84.445
-83.545
-82.719
-81.971
-81.305
-80.726
-80.239
-79.847
-79.555
-79.365
-79.28
-79.303
-79.436
-79.68
-80.034
-80.5
-81.077
-81.763
-82.557
-83.456
-84.457
-85.557
-86.751
-88.034
-89.401
-90.847
-92.364
-93.945
-95.583
-97.27
-98.998
-100.76
-102.547
-104.35
-106.162
-107.975
-109.78
-111.569
-113.336
-115.071
-116.768
-118.42
-120.021
-121.566
-123.05
-124.469
-125.82
-127.1
-128.307
-129.438
-130.49
-131.464
-132.357
-133.168
-133.898
-134.548
-135.119
-135.612
-136.029
-136.374
-136.65
-136.859
-137.004
-137.088
-137.112
-137.081
-136.995
-136.858
-136.67
-136.434
-136.152
-135.827
-135.464
-135.062
-134.623
-134.146
-133.633
-133.082
-132.494
-131.867
-131.203
-130.503
-129.769
-129.007
-128.22
-127.414
-126.591
-125.756
-124.914
-124.069
-123.226
-122.39
-121.564
-120.755
-119.972
-119.224
-118.52
-117.869
-117.281
-116.769
-116.349
-116.031
-115.822
-115.727
-115.751
-115.9
-116.182
-116.598
-117.147
-117.831
-118.654
-119.624
-120.751
-122.034
-123.464
-125.031
-126.722
-128.523
-130.422
-132.391
-134.396
-136.421
-138.454
-140.501
-142.586
-144.7
-146.802
-148.843
-150.746
-152.434
-153.837
-154.851
-155.352
-155.267
-154.543
-153.176
-151.209
-148.611
-145.326
-141.281
-136.352
-130.478
-123.671
-115.962
-107.453
-98.321
-88.737
-78.956
-69.293
-59.933
-50.988
-42.459
-34.226
-26.26
-18.58
-11.234
-4.317
2.165
8.336
14.393
20.644
27.525
35.551
45.45
57.919
73.287
91.52
112.075
134.27
157.687
181.802
205.923
229.844
253.985
279.574
308.857
343.692
384.894
433.394
489.791
553.222
621.769
690.135
750.837
798.837
829.044
839.541
830.944
798.972
741.794
656.422
535.845
383.084
207.093
24.731
-134.005
-246.406
-304.495
-313.949
-296.063
-270.822
-247.125
-225.959
-202.568
-174.69
-144.795
-117.024
-95.739
-82.243
-75.422
-73.499
-73.666
-73.385
-71.46
-67.402
-61.338
-53.958
-45.883
-37.662
-30.184
-24.432
-20.876
-19.555
-20.213
-22.313
-25.415
-29.239
-33.389
-37.404
-40.968
-43.843
-45.928
-47.285
-47.922
-47.8
-46.93
-45.335
-43.083
-40.311
-37.127
-33.614
-29.876
-26.013
-22.139
-18.397
-14.877
-11.63
-8.686
-6.046
-3.711
-1.693
0.026
1.477
2.691
3.705
4.547
5.232
5.788
6.253
6.662
7.056
7.466
7.906
8.394
8.946
9.571
10.279
11.074
11.951
12.911
13.959
15.098
16.333
17.664
19.088
20.601
22.201
23.882
25.634
27.446
29.303
31.194
33.106
35.026
36.942
38.841
40.71
42.538
44.316
46.033
47.68
49.247
50.725
52.109
53.395
54.579
55.66
56.636
57.51
58.285
58.966
59.56
60.074
60.518
60.903
61.24
61.545
61.831
62.117
62.418
62.754
63.144
63.609
64.17
64.845
65.653
66.613
67.742
69.056
70.567
72.287
74.227
76.395
78.796
81.436
84.316
87.434
90.788
94.372
98.177
102.192
106.403
110.792
115.34
120.028
124.832
129.729
134.692
139.692
144.702
149.69
154.626
159.477
164.211
168.795
173.197
177.389
181.342
185.03
188.428
191.517
194.279
196.699
198.764
200.464
201.791
202.741
203.313
203.51
203.338
202.806
201.928
200.722
199.21
197.415
195.366
193.092
190.623
187.991
185.231
182.381
179.477
176.558
173.665
170.839
168.123
165.559
163.187
161.041
159.156
157.563
156.288
155.351
154.766
154.545
154.701
155.244
156.18
157.513
159.242
161.369
163.895
166.818
170.126
173.797
177.807
182.124
186.715
191.545
196.573
201.754
207.05
212.428
217.867
223.34
228.816
234.248
239.575
244.747
249.734
254.513
259.067
263.393
267.514
271.492
275.439
279.465
283.648
288.02
292.577
297.317
302.229
307.303
312.537
317.895
323.346
328.885
334.514
340.205
345.868
351.305
356.203
360.265
363.246
364.994
365.447
364.571
362.436
359.195
355.043
350.241
344.966
339.277
333.263
327.135
321.215
316.034
312.289
310.553
311.458
315.696
323.606
335.287
350.483
368.361
388.147
409.645
432.803
457.686
484.948
515.09
548.762
587.431
631.714
680.67
732.784
785.645
835.791
880.481
917.027
941.689
952.01
947.354
927.743
894.916
852.05
801.462
745.551
687.655
630.099
574.245
521.141
470.468
421.051
372.561
324.761
277.208
230.185
184.301
140.387
99.851
64.152
34.107
10.178
-7.365
-18.64
-23.848
-23.347
-17.827
-7.998
5.592
22.498
42.265
64.397
88.182
112.749
137.418
161.657
185.037
207.277
228.109
247.321
264.86
280.819
295.346
308.591
320.656
331.589
341.538
350.726
359.475
368.187
377.136
386.497
396.411
406.943
418.14
430.021
442.51
455.453
468.714
482.173
495.733
509.334
522.87
536.208
549.194
561.65
573.443
584.475
594.655
603.916
612.206
619.48
625.731
630.975
635.225
638.498
640.799
642.117
642.443
641.761
640.074
637.417
633.824
629.337
624.008
617.891
611.076
603.698
595.872
587.701
579.246
570.504
561.498
552.263
542.832
533.257
523.524
513.539
503.242
492.59
481.512
469.941
457.714
444.561
430.291
414.786
398.019
380.092
361.086
341.06
320.133
298.441
276.223
253.841
231.582
209.674
188.407
168.087
149.148
132.172
117.586
105.652
96.539
90.261
86.843
86.327
88.651
93.69
101.223
110.924
122.513
135.762
150.314
165.734
181.442
196.682
210.869
223.599
234.53
243.447
250.123
254.31
255.84
254.61
250.547
243.633
233.838
221.131
205.634
187.594
167.418
145.705
122.92
99.395
75.397
51.071
26.576
2.091
-22.259
-46.382
-70.191
-93.628
-116.603
-139.006
-160.848
-182.224
-203.395
-224.802
-246.77
-269.509
-293.118
-317.521
-342.637
-368.379
-394.555
-420.913
-447.146
-472.87
-497.794
-521.713
-544.357
-565.435
-584.519
-601.02
-614.481
-624.573
-631.08
-633.969
-633.234
-628.886
-621.11
-610.213
-596.602
-580.805
-563.235
-544.182
-523.98
-502.953
-481.515
-460.202
-439.44
-419.542
-400.785
-383.351
-367.416
-353.163
-340.627
-329.728
-320.322
-312.18
-305.168
-299.251
-294.379
-290.51
-287.573
-285.446
-284.071
-283.454
-283.583
-284.444
-286.014
-288.243
-291.141
-294.776
-299.218
-304.552
-310.813
-317.978
-326.021
-334.9
-344.559
-354.939
-365.945
-377.45
-389.344
-401.525
-413.897
-426.371
-438.839
-451.184
-463.293
-475.056
-486.375
-497.159
-507.321
-516.785
-525.494
-533.379
-540.388
-546.482
-551.62
-555.786
-558.985
-561.186
-562.363
-562.568
-561.846
-560.24
-557.819
-554.583
-550.506
-545.678
-540.228
-534.033
-526.94
-519.154
-510.741
-501.739
-492.703
-482.441
-469.797
-456.631
-443.567
-433.947
-431.755
-432.755
-434.147
-431.722
-419.664
-403.247
-386.943
-373.836
-368.973
-368.83
-369.826
-371.191
-370.746
-369.796
-370.005
-371.069
-373.201
-376.287
-379.982
-384.488
-389.957
-396.3
-403.47
-411.447
-420.179
-429.603
-439.657
-450.25
-461.284
-472.708
-484.47
-496.497
-508.718
-521.065
-533.463
-545.847
-558.152
-570.309
-582.248
-593.907
-605.223
-616.138
-626.597
-636.548
-645.944
-654.741
-662.902
-670.391
-677.18
-683.243
-688.561
-693.121
-696.911
-699.929
-702.176
-703.658
-704.386
-704.378
-703.654
-702.24
-700.165
-697.463
-694.17
-690.328
-685.977
-681.164
-675.936
-670.343
-664.434
-658.263
-651.881
-645.342
-638.699
-632.003
-625.308
-618.663
-612.118
-605.719
-599.513
-593.542
-587.848
-582.469
-577.441
-572.797
-568.566
-564.774
-561.443
-558.591
-556.233
-554.38
-553.037
-552.208
-551.889
-552.077
-552.761
-553.928
-555.563
-557.644
-560.149
-563.05
-566.317
-569.918
-573.818
-577.979
-582.362
-586.924
-591.624
-596.417
-601.259
-606.102
-610.902
-615.611
-620.181
-624.566
-628.719
-632.594
-636.144
-639.326
-642.097
-644.415
-646.241
-647.538
-648.272
-648.41
-647.923
-646.785
-644.974
-642.468
-639.252
-635.312
-630.64
-625.229
-619.078
-612.188
-604.566
-596.219
-587.161
-577.407
-566.976
-555.891
-544.175
-531.858
-518.969
-505.543
-491.614
-477.22
-462.403
-447.203
-431.666
-415.835
-399.758
-383.482
-367.053
-350.522
-333.934
-317.338
-300.78
-284.308
-267.967
-251.799
-235.847
-220.15
-204.748
-189.675
-174.965
-160.646
-146.746
-133.289
-120.297
-107.787
-95.775
-84.273
-73.289
-62.831
-52.901
-43.499
-34.624
-26.27
-18.429
-11.089
-4.239
2.138
8.06
13.546
18.617
23.297
27.609
31.58
35.236
38.603
41.71
44.585
47.255
49.749
52.092
54.311
56.431
58.476
60.468
62.427
64.373
66.323
68.293
70.295
72.342
74.444
76.608
78.841
81.146
83.525
85.978
88.503
91.095
93.749
96.457
99.211
101.998
104.806
107.623
110.432
113.217
115.962
118.648
121.255
123.766
126.161
128.42
130.525
132.458
134.201
135.738
137.054
138.134
138.966
139.539
139.844
139.872
139.618
139.078
138.251
137.136
135.738
134.06
132.11
129.897
127.432
124.731
121.808
118.682
115.373
111.905
108.303
104.594
100.806
96.972
93.122
89.29
85.51
81.817
78.247
74.834
71.614
68.621
65.891
63.459
61.356
59.615
58.265
57.336
56.853
56.84
57.318
58.307
59.821
61.875
64.481
67.646
71.377
75.675
80.54
85.966
91.945
98.466
105.512
113.064
121.099
129.593
138.519
147.848
157.548
167.588
177.934
188.551
199.401
210.447
221.648
232.962
244.35
255.771
267.185
278.556
289.845
301.019
312.046
322.897
333.542
343.952
354.101
363.961
373.51
382.727
391.592
400.092
408.216
415.955
423.309
430.277
436.86
443.059
448.878
454.32
459.39
464.089
468.416
472.375
475.973
479.22
482.128
484.71
486.981
488.961
490.67
492.128
493.346
494.329
495.073
495.575
495.829
495.828
495.56
495.015
494.184
493.064
491.669
490
488.045
485.771
483.12
480.045
476.524
472.539
468.075
463.134
457.74
451.972
445.962
439.833
433.663
427.473
421.22
414.868
408.392
401.774
395.014
388.077
380.908
373.471
365.764
357.748
349.295
340.147
329.887
318.112
304.534
288.99
271.45
251.909
230.415
207.075
182.051
155.608
128.048
99.623
70.542
41.09
11.671
-17.027
-43.974
-68.285
-89.392
-107.087
-121.571
-133.035
-141.563
-147.494
-151.526
-154.072
-154.858
-152.621
-145.059
-130.154
-106.808
-74.442
-32.756
17.742
75.029
135.265
192.487
240.211
273.113
286.732
278.308
247.464
195.319
123.66
32.531
-78.584
-206.109
-339.618
-459.252
-544.195
-584.285
-582.202
-553.297
-515.022
-477.005
-441.482
-405.528
-367.456
-328.788
-292.598
-262.486
-239.133
-221.331
-207.291
-194.003
-179.456
-162.911
-143.91
-122.881
-100.732
-78.11
-55.894
-35.177
-16.504
-0.1
14.012
26.274
37.152
47.007
56.299
65.34
74.257
83.141
92.012
100.853
109.687
118.516
127.319
136.099
144.844
153.52
162.09
170.435
178.42
185.911
192.761
198.89
204.273
208.889
212.74
215.843
218.218
219.909
220.975
221.451
221.369
220.764
219.669
218.146
216.263
214.088
211.694
209.152
206.524
203.872
201.256
198.723
196.321
194.092
192.072
190.304
188.832
187.7
186.955
186.638
186.788
187.445
188.642
190.41
192.772
195.745
199.344
203.577
208.451
213.968
220.128
226.924
234.35
242.394
251.04
260.269
270.057
280.377
291.199
302.487
314.203
326.306
338.753
351.5
364.499
377.701
391.054
404.508
418.005
431.493
444.913
458.209
471.323
484.197
496.775
509.002
520.823
532.189
543.048
553.354
563.062
572.13
580.519
588.191
595.113
601.255
606.588
611.087
614.734
617.509
619.399
620.393
620.484
619.67
617.95
615.328
611.81
607.408
602.134
596.006
589.045
581.274
572.72
563.412
553.385
542.672
531.312
519.344
506.81
493.753
480.216
466.244
451.882
437.176
422.172
406.915
391.45
375.822
360.077
344.257
328.406
312.565
296.775
281.077
265.507
250.105
234.903
219.937
205.239
190.841
176.772
163.058
149.725
136.795
124.288
112.222
100.611
89.465
78.792
68.599
58.889
49.664
40.925
32.67
24.895
17.596
10.769
4.406
-1.499
-6.955
-11.973
-16.561
-20.732
-24.495
-27.863
-30.849
-33.466
-35.727
-37.646
-39.235
-40.511
-41.487
-42.181
-42.606
-42.774
-42.701
-42.4
-41.881
-41.154
-40.222
-39.087
-37.753
-36.223
-34.492
-32.563
-30.436
-28.119
-25.623
-22.964
-20.151
-17.2
-14.118
-10.908
-7.571
-4.099
-0.478
3.305
7.268
11.42
15.754
20.274
24.988
29.916
35.105
40.592
46.396
52.546
59.053
65.895
73.036
80.386
87.806
95.177
102.369
109.268
115.816
121.912
127.466
132.385
136.503
139.71
141.983
143.288
143.684
143.319
142.313
141
139.893
139.206
139.033
139.229
139.284
139.013
138.422
137.258
135.451
133.472
132.249
133.659
139.994
152.385
171.315
196.923
228.477
264.579
302.325
336.667
362.151
374.737
371.574
351.043
312.516
255.767
183.082
99.765
11.828
-75.254
-157.261
-231.565
-295.754
-347.083
-385.006
-411.456
-429.211
-441.545
-450.705
-457.442
-462.842
-468.613
-475.331
-482.564
-489.256
-493.521
-494.328
-491.814
-485.973
-476.712
-464.367
-449.339
-432.455
-415.162
-398.373
-382.498
-367.892
-354.655
-342.866
-332.689
-324.025
-316.565
-310.126
-304.523
-299.597
-295.268
-291.306
-287.491
-283.679
-279.701
-275.461
-270.91
-265.989
-260.691
-255.067
-249.156
-243.024
-236.767
-230.441
-224.131
-217.931
-211.932
-206.257
-201.002
-196.22
-191.959
-188.239
-185.064
-182.432
-180.314
-178.65
-177.39
-176.486
-175.888
-175.553
-175.429
-175.452
-175.558
-175.684
-175.766
-175.749
-175.583
-175.216
-174.602
-173.699
-172.473
-170.895
-168.934
-166.558
-163.734
-160.43
-156.618
-152.275
-147.379
-141.91
-135.851
-129.194
-121.934
-114.071
-105.606
-96.546
-86.9
-76.68
-65.902
-54.588
-42.758
-30.44
-17.663
-4.458
9.139
23.089
37.355
51.895
66.668
81.629
96.735
111.94
127.197
142.46
157.681
172.813
187.806
202.615
217.19
231.485
245.455
259.052
272.234
284.958
297.182
308.867
319.977
330.474
340.324
349.495
357.958
365.684
372.647
378.822
384.188
388.725
392.416
395.244
397.197
398.264
398.436
397.704
396.066
393.516
390.055
385.684
380.405
374.223
367.146
359.181
350.34
340.635
330.079
318.691
306.487
293.487
279.713
265.19
249.942
233.997
217.384
200.133
182.279
163.854
144.896
125.441
105.53
85.202
64.501
43.469
22.152
0.595
-21.153
-43.046
-65.035
-87.069
-109.099
-131.075
-152.945
-174.658
-196.164
-217.411
-238.348
-258.926
-279.095
-298.807
-318.014
-336.672
-354.735
-372.161
-388.91
-404.945
-420.228
-434.727
-448.412
-461.253
-473.227
-484.313
-494.491
-503.747
-512.069
-519.45
-525.883
-531.368
-535.906
-539.503
-542.165
-543.904
-544.735
-544.674
-543.74
-541.957
-539.349
-535.943
-531.769
-526.857
-521.24
-514.952
-508.029
-500.505
-492.419
-483.808
-474.71
-465.163
-455.204
-444.873
-434.205
-423.239
-412.009
-400.55
-388.896
-377.079
-365.13
-353.078
-340.952
-328.778
-316.582
-304.387
-292.216
-280.09
-268.029
-256.051
-244.174
-232.413
-220.784
-209.301
-197.978
-186.826
-175.859
-165.088
-154.524
-144.179
-134.063
-124.187
-114.56
-105.191
-96.092
-87.27
-78.735
-70.497
-62.565
-54.946
-47.652
-40.69
-34.069
-27.798
-21.883
-16.334
-11.155
-6.353
-1.934
2.099
5.742
8.993
11.852
14.318
16.395
18.087
19.398
20.338
20.915
21.142
21.032
20.601
19.866
18.847
17.565
16.042
14.301
12.369
10.271
8.036
5.692
3.268
0.794
-1.7
-4.183
-6.625
-8.996
-11.266
-13.408
-15.394
-17.196
-18.79
-20.152
-21.259
-22.093
-22.635
-22.871
-22.787
-22.373
-21.623
-20.532
-19.1
-17.327
-15.22
-12.784
-10.031
-6.972
-3.624
-0.002
3.874
7.982
12.299
16.803
21.466
26.264
31.168
36.152
41.188
46.249
51.309
56.341
61.32
66.221
71.021
75.699
80.235
84.611
88.811
92.821
96.632
100.233
103.621
106.791
109.744
112.482
115.01
117.336
119.471
121.425
123.214
124.853
126.36
127.755
129.056
130.286
131.465
132.615
133.758
134.916
136.108
137.354
138.674
140.086
141.604
143.245
145.02
146.94
149.013
151.247
153.644
156.205
158.929
161.812
164.846
168.021
171.325
174.743
178.257
181.846
185.489
189.161
192.836
196.488
200.088
203.607
207.015
210.283
213.38
216.279
218.949
221.365
223.5
225.331
226.834
227.99
228.782
229.193
229.211
228.827
228.033
226.826
225.206
223.174
220.738
217.906
214.692
211.112
207.185
202.933
198.383
193.562
188.502
183.235
177.798
172.227
166.561
160.84
155.104
149.394
143.751
138.216
132.829
127.629
122.654
117.94
113.521
109.43
105.696
102.346
99.406
96.897
94.837
93.243
92.127
91.497
91.358
91.714
92.562
93.896
95.71
97.989
100.72
103.884
107.459
111.422
115.745
120.399
125.354
130.575
136.029
141.679
147.489
153.42
159.436
165.499
171.57
177.613
183.591
189.47
195.214
200.79
206.166
211.313
216.202
220.806
225.101
229.065
232.676
235.917
238.772
241.226
243.269
244.89
246.083
246.841
247.162
247.043
246.486
245.492
244.065
242.21
239.934
237.243
234.147
230.653
226.772
222.514
217.889
212.907
207.581
201.922
195.94
189.647
183.055
176.176
169.019
161.597
153.919
145.998
137.842
129.463
120.87
112.074
103.085
93.913
84.568
75.061
65.402
55.602
45.671
35.621
25.462
15.207
4.869
-5.54
-16.006
-26.514
-37.049
-47.597
-58.141
-68.664
-79.15
-89.582
-99.943
-110.216
-120.382
-130.424
-140.325
-150.067
-159.633
-169.005
-178.166
-187.101
-195.792
-204.225
-212.385
-220.257
-227.826
-235.08
-242.006
-248.592
-254.828
-260.704
-266.211
-271.342
-276.09
-280.453
-284.426
-288.008
-291.198
-293.997
-296.407
-298.432
-300.074
-301.34
-302.234
-302.763
-302.933
-302.754
-302.232
-301.377
-300.195
-298.695
-296.886
-294.778
-292.38
-289.702
-286.753
-283.547
-280.097
-276.419
-272.526
-268.436
-264.163
-259.725
-255.141
-250.426
-245.599
-240.675
-235.671
-230.604
-225.492
-220.354
-215.206
-210.067
-204.956
-199.89
-194.889
-189.969
-185.145
-180.435
-175.853
-171.417
-167.145
-163.055
-159.166
-155.495
-152.061
-148.872
-145.938
-143.256
-140.818
-138.618
-136.645
-134.891
-133.342
-131.989
-130.823
-129.844
-129.061
-128.471
-128.063
-127.825
-127.743
-127.814
-128.043
-128.429
-128.964
-129.631
-130.403
-131.26
-132.187
-133.15
-134.08
-134.89
-135.459
-135.694
-135.545
-134.946
-133.821
-132.074
-129.579
-126.274
-122.19
-117.39
-111.973
-106.072
-99.749
-93.13
-86.493
-79.951
-73.506
-67.016
-60.005
-52.02
-42.884
-32.492
-20.796
-8.358
4.003
15.36
24.114
28.82
28.467
22.327
10.525
-5.191
-22.203
-37.917
-48.896
-51.655
-42.864
-19.153
21.329
77.597
146.86
226.182
311.333
397.096
477.366
544.199
590.541
612.483
607.501
574.961
515.965
430.932
323.836
198.833
60.454
-79.559
-211.578
-323.692
-403.549
-453.313
-476.745
-479.254
-470.13
-449.332
-417.356
-379.077
-337.771
-298.805
-266.19
-240.102
-220.201
-205.65
-195.046
-186.651
-178.263
-168.412
-156.686
-143.342
-129.131
-114.696
-100.497
-87.315
-76.086
-67.274
-60.944
-56.842
-54.383
-53.123
-52.754
-52.84
-53.029
-53.091
-52.809
-52.137
-51.139
-49.809
-48.169
-46.281
-44.158
-41.874
-39.552
-37.28
-35.182
-33.395
-32.037
-31.251
-31.138
-31.745
-33.106
-35.226
-38.081
-41.653
-45.905
-50.773
-56.212
-62.176
-68.604
-75.451
-82.656
-90.146
-97.849
-105.689
-113.594
-121.504
-129.362
-137.113
-144.707
-152.098
-159.243
-166.107
-172.65
-178.828
-184.599
-189.919
-194.749
-199.054
-202.804
-205.965
-208.513
-210.428
-211.693
-212.299
-212.237
-211.5
-210.087
-207.997
-205.235
-201.808
-197.728
-193.008
-187.664
-181.717
-175.191
-168.111
-160.506
-152.407
-143.846
-134.855
-125.471
-115.732
-105.676
-95.342
-84.771
-74.006
-63.091
-52.069
-40.984
-29.881
-18.803
-7.796
3.098
13.837
24.38
34.687
44.722
54.445
63.823
72.822
81.411
89.56
97.242
104.432
111.106
117.244
122.83
127.848
132.284
136.13
139.378
142.024
144.065
145.503
146.342
146.586
146.245
145.33
143.856
141.838
139.296
136.251
132.726
128.747
124.343
119.54
114.369
108.861
103.048
96.963
90.639
84.109
77.405
70.563
63.616
56.597
49.539
42.474
35.431
28.441
21.533
14.734
8.068
1.557
-4.777
-10.916
-16.84
-22.533
-27.982
-33.175
-38.104
-42.76
-47.14
-51.242
-55.069
-58.625
-61.918
-64.954
-67.742
-70.29
-72.613
-74.721
-76.627
-78.345
-79.888
-81.273
-82.518
-83.641
-84.658
-85.587
-86.448
-87.26
-88.044
-88.819
-89.594
-90.384
-91.202
-92.06
-92.966
-93.929
-94.949
-96.034
-97.196
-98.444
-99.783
-101.211
-102.714
-104.281
-105.903
-107.564
-109.245
-110.921
-112.561
-114.155
-115.718
-117.263
-118.805
-120.326
-121.762
-123.07
-124.218
-125.152
-125.811
-126.119
-125.975
-125.343
-124.26
-122.75
-120.833
-118.473
-115.55
-111.973
-107.688
-102.691
-97.05
-90.825
-84.047
-76.844
-69.438
-62.057
-54.968
-48.261
-41.808
-35.543
-29.447
-23.586
-18.179
-13.354
-9.061
-5.194
-1.556
2.106
5.908
10.178
15.576
22.521
31.253
41.641
52.822
64.131
75.675
87.641
100.32
114.591
131.083
150.623
175.108
205.686
241.894
282.649
325.663
367.381
405.013
435.817
455.991
462.841
455.379
433.446
398.847
355.052
304.649
250.169
194.961
141.366
90.787
44.191
1.06
-40.14
-80.084
-119.166
-157.981
-196.306
-233.559
-269.12
-301.777
-330.161
-353.574
-371.661
-384.22
-391.519
-393.903
-391.698
-385.496
-375.889
-363.288
-348.117
-330.814
-311.833
-291.834
-271.502
-251.339
-231.767
-213.093
-195.51
-179.191
-164.209
-150.495
-137.949
-126.469
-115.973
-106.436
-97.792
-89.893
-82.529
-75.404
-68.246
-60.876
-53.157
-45
-36.363
-27.224
-17.616
-7.652
2.551
12.893
23.296
33.713
44.076
54.286
64.223
73.744
82.736
91.121
98.836
105.836
112.091
117.585
122.331
126.373
129.753
132.505
134.655
136.22
137.226
137.708
137.705
137.257
136.399
135.161
133.577
131.681
129.507
127.084
124.439
121.593
118.573
115.409
112.135
108.787
105.403
102.017
98.667
95.394
92.234
89.224
86.398
83.789
81.429
79.349
77.579
76.149
75.086
74.415
74.16
74.343
74.984
76.102
77.712
79.827
82.459
85.618
89.307
93.531
98.287
103.573
109.38
115.699
122.513
129.805
137.553
145.731
154.31
163.257
172.535
182.106
191.927
201.953
212.138
222.433
232.788
243.151
253.469
263.686
273.747
283.596
293.177
302.434
311.31
319.75
327.702
335.113
341.933
348.116
353.616
358.392
362.404
365.619
368.005
369.535
370.187
369.945
368.794
366.727
363.743
359.843
355.035
349.331
342.749
335.311
327.043
317.976
308.146
297.592
286.357
274.488
262.034
249.05
235.59
221.714
207.481
192.952
178.19
163.259
148.221
133.14
118.078
103.099
88.263
73.628
59.252
45.188
31.49
18.205
5.378
-6.949
-18.74
-29.959
-40.579
-50.573
-59.922
-68.608
-76.619
-83.946
-90.586
-96.539
-101.81
-106.406
-110.34
-113.628
-116.29
-118.347
-119.826
-120.756
-121.166
-121.092
-120.568
-119.631
-118.319
-116.672
-114.731
-112.535
-110.124
-107.54
-104.822
-102.007
-99.133
-96.235
-93.347
-90.5
-87.724
-85.045
-82.489
-80.078
-77.831
-75.767
-73.9
-72.242
-70.804
-69.591
-68.609
-67.859
-67.341
-67.053
-66.988
-67.139
-67.498
-68.052
-68.788
-69.693
-70.748
-71.937
-73.241
-74.64
-76.116
-77.647
-79.215
-80.798
-82.38
-83.94
-85.462
-86.93
-88.329
-89.646
-90.866
-91.98
-92.978
-93.85
-94.59
-95.192
-95.65
-95.962
-96.126
-96.14
-96.006
-95.723
-95.296
-94.729
-94.025
-93.19
-92.233
-91.16
-89.981
-88.704
-87.34
-85.9
-84.394
-82.833
-81.228
-79.589
-77.926
-76.248
-74.564
-72.88
-71.205
-69.543
-67.902
-66.284
-64.694
-63.135
-61.611
-60.122
-58.67
-57.258
-55.884
-54.551
-53.258
-52.005
-50.792
-49.619
-48.485
-47.391
-46.336
-45.318
-44.331
-43.374
-42.441
-41.532
-40.649
-39.781
-38.919
-38.075
-37.254
-36.463
-35.714
-34.991
-34.27
-33.566
-32.9
-32.222
-31.496
-30.693
-29.767
-28.752
-27.717
-26.621
-25.386
-24.199
-23.276
-22.478
-21.812
-21.314
-20.498
-20.645
-23.001
-25.765
-28.386
-27.565
-19.352
-8.099
3.299
10.524
7.644
-0.075
-8.167
-13.569
-11.226
-4.735
2.255
8.939
13.098
16.031
19.41
22.925
26.792
30.905
34.93
39.091
43.565
48.293
53.26
58.486
63.958
69.66
75.575
81.662
87.873
94.21
100.675
107.248
113.913
120.654
127.451
134.288
141.152
148.021
154.873
161.688
168.443
175.121
181.699
188.159
194.48
200.642
206.627
212.416
217.99
223.333
228.427
233.258
237.809
242.068
246.023
249.661
252.974
255.953
258.593
260.889
262.837
264.436
265.687
266.59
267.149
267.369
267.257
266.821
266.069
265.014
263.667
262.043
260.154
258.017
255.648
253.063
250.281
247.32
244.198
240.935
237.551
234.066
230.502
226.88
223.222
219.549
215.883
212.245
208.655
205.135
201.702
198.376
195.174
192.113
189.208
186.472
183.919
181.559
179.401
177.453
175.722
174.211
172.923
171.861
171.022
170.406
170.01
169.829
169.858
170.089
170.513
171.122
171.903
172.843
173.929
175.143
176.47
177.891
179.387
180.937
182.521
184.118
185.707
187.265
188.771
190.203
191.541
192.763
193.85
194.782
195.542
196.114
196.482
196.632
196.552
196.232
195.662
194.835
193.745
192.388
190.761
188.863
186.696
184.261
181.564
178.612
175.414
171.981
168.325
164.462
160.408
156.181
151.801
147.289
142.666
137.958
133.187
128.379
123.56
118.756
113.992
109.296
104.692
100.205
95.858
91.674
87.673
83.875
80.298
76.958
73.868
71.04
68.485
66.21
64.219
62.516
61.1
59.969
59.117
58.537
58.219
58.151
58.318
58.702
59.287
60.05
60.969
62.019
63.174
64.405
65.683
66.977
68.258
69.492
70.648
71.697
72.606
73.347
73.892
74.213
74.286
74.088
73.599
72.802
71.683
70.231
68.438
66.3
63.818
60.993
57.83
54.339
50.529
46.415
42.013
37.34
32.419
27.272
21.925
16.405
10.744
4.972
-0.878
-6.771
-12.671
-18.543
-24.35
-30.058
-35.632
-41.035
-46.234
-51.197
-55.893
-60.295
-64.377
-68.12
-71.509
-74.533
-77.185
-79.465
-81.376
-82.925
-84.123
-84.982
-85.519
-85.751
-85.703
-85.397
-84.861
-84.125
-83.224
-82.196
-81.08
-79.914
-78.74
-77.603
-76.544
-75.607
-74.832
-74.254
-73.914
-73.856
-74.118
-74.735
-75.738
-77.147
-78.983
-81.27
-84.014
-87.216
-90.873
-94.972
-99.5
-104.452
-109.817
-115.584
-121.74
-128.253
-135.11
-142.317
-149.874
-157.797
-166.068
-174.629
-183.431
-192.437
-201.579
-210.788
-219.98
-229.027
-237.84
-246.36
-254.517
-262.265
-269.504
-276.082
-281.831
-286.535
-290.078
-292.479
-293.764
-294.026
-293.428
-292.109
-290.348
-288.599
-286.983
-285.35
-283.411
-280.53
-276.35
-270.852
-263.79
-255.084
-245.308
-235.388
-226.888
-222.015
-222.141
-228.095
-240.928
-260.612
-285.665
-313.624
-340.641
-362.166
-374.341
-373.208
-354.296
-314.612
-255.246
-180.924
-96.897
-7.497
87.626
190.647
296.276
392.053
459.162
478.841
443.933
360.734
247.04
122.932
1.88
-111.23
-219.02
-323.043
-419.55
-501.765
-562.616
-599.551
-614.875
-612.044
-594.398
-565.063
-527.627
-487.348
-449.345
-416.302
-388.795
-366.745
-350.025
-338.668
-332.461
-329.112
-325.442
-319.862
-312.017
-302.086
-290.482
-276.995
-260.933
-243.146
-225.563
-209.293
-194.908
-182.473
-171.541
-162.184
-154.961
-149.681
-145.523
-141.904
-138.307
-134.511
-130.717
-126.895
-122.819
-118.441
-113.82
-109.039
-104.266
-99.586
-94.956
-90.393
-85.936
-81.649
-77.668
-74.077
-70.903
-68.165
-65.854
-63.955
-62.468
-61.367
-60.597
-60.11
-59.857
-59.793
-59.894
-60.124
-60.441
-60.796
-61.131
-61.394
-61.552
-61.573
-61.435
-61.12
-60.612
-59.903
-58.997
-57.896
-56.598
-55.102
-53.407
-51.512
-49.423
-47.146
-44.687
-42.057
-39.268
-36.335
-33.275
-30.102
-26.834
-23.486
-20.073
-16.611
-13.115
-9.602
-6.084
-2.575
0.909
4.357
7.756
11.096
14.369
17.568
20.689
23.727
26.682
29.554
32.345
35.058
37.697
40.268
42.776
45.228
47.631
49.993
52.321
54.624
56.91
59.187
61.465
63.751
66.052
68.377
70.732
73.123
75.555
78.031
80.554
83.125
85.746
88.414
91.127
93.881
96.672
99.491
102.331
105.182
108.032
110.869
113.677
116.441
119.144
121.767
124.291
126.696
128.961
131.066
132.991
134.712
136.209
137.458
138.438
139.124
139.494
139.522
139.185
138.46
137.324
135.756
133.734
131.24
128.255
124.765
120.754
116.21
111.12
105.475
99.265
92.485
85.13
77.198
68.69
59.609
49.961
39.757
29.007
17.725
5.926
-6.374
-19.157
-32.402
-46.086
-60.184
-74.665
-89.5
-104.651
-120.079
-135.742
-151.598
-167.601
-183.706
-199.87
-216.048
-232.197
-248.277
-264.249
-280.069
-295.695
-311.084
-326.192
-340.974
-355.38
-369.357
-382.856
-395.837
-408.265
-420.112
-431.356
-441.973
-451.944
-461.255
-469.89
-477.831
-485.051
-491.515
-497.198
-502.091
-506.209
-509.59
-512.267
-514.252
-515.548
-516.151
-516.044
-515.185
-513.493
-510.84
-507.103
-502.213
-496.159
-488.992
-480.757
-471.487
-461.199
-449.887
-437.59
-424.385
-410.351
-395.566
-380.147
-364.293
-348.329
-332.722
-317.934
-304.283
-291.937
-280.937
-271.285
-263.023
-256.224
-250.887
-246.873
-243.942
-241.802
-240.206
-238.936
-237.5
-235.036
-230.669
-223.734
-214.06
-202.085
-188.221
-172.428
-154.753
-135.539
-114.251
-89.793
-60.952
-25.414
17.275
64.663
116.548
173.447
236.018
307.523
383.031
450.561
499.079
516.048
500.62
463.625
415.316
367.759
325.558
284.739
243.555
200.413
155.435
111.926
70.503
29.678
-11.539
-54.432
-99.464
-145.865
-192.922
-239.89
-285.512
-328.236
-366.869
-400.555
-428.791
-451.614
-469.15
-481.545
-489.17
-492.36
-491.321
-486.299
-477.477
-464.963
-448.963
-429.696
-407.494
-382.956
-356.741
-329.453
-301.635
-273.658
-245.786
-218.311
-191.51
-165.704
-141.271
-118.473
-97.562
-78.823
-62.529
-49.004
-38.437
-30.761
-25.791
-23.322
-23.159
-25.186
-29.303
-35.284
-42.866
-51.732
-61.504
-71.913
-82.709
-93.601
-104.287
-114.402
-123.657
-131.923
-139.164
-145.364
-150.515
-154.583
-157.543
-159.492
-160.564
-160.926
-160.79
-160.276
-159.471
-158.481
-157.402
-156.351
-155.418
-154.614
-153.893
-153.217
-152.542
-151.836
-151.062
-150.118
-148.881
-147.222
-144.991
-142.088
-138.438
-133.963
-128.604
-122.313
-115.049
-106.807
-97.609
-87.464
-76.38
-64.367
-51.434
-37.612
-22.945
-7.476
8.741
25.659
43.232
61.408
80.133
99.362
119.042
139.126
159.568
180.312
201.295
222.45
243.704
264.984
286.215
307.319
328.216
348.83
369.082
388.899
408.208
426.936
445.013
462.369
478.937
494.655
509.462
523.304
536.128
547.889
558.545
568.059
576.401
583.544
589.468
594.159
597.607
599.808
600.767
600.491
598.997
596.309
592.454
587.467
581.39
574.268
566.152
557.099
547.168
536.423
524.93
512.757
499.977
486.663
472.888
458.728
444.258
429.553
414.687
399.733
384.762
369.844
355.044
340.426
326.048
311.968
298.236
284.9
272.001
259.577
247.658
236.271
225.435
215.164
205.468
196.351
187.809
179.836
172.421
165.548
159.197
153.345
147.966
143.03
138.506
134.361
130.56
127.069
123.852
120.874
118.099
115.495
113.028
110.669
108.388
106.159
103.96
101.77
99.572
97.352
95.102
92.815
90.49
88.13
85.74
83.333
80.922
78.525
76.165
73.867
71.657
69.565
67.624
65.867
64.328
63.041
62.042
61.364
61.041
61.105
61.584
62.508
63.899
65.78
68.17
71.082
74.527
78.512
83.039
88.105
93.705
99.826
106.454
113.568
121.145
129.154
137.563
146.336
155.431
164.804
174.407
184.192
194.104
204.091
214.096
224.063
233.936
243.659
253.176
262.432
271.377
279.958
288.13
295.848
303.071
309.763
315.89
321.424
326.342
330.626
334.26
337.236
339.55
341.201
342.195
342.54
342.25
341.343
339.841
337.769
335.156
332.036
328.442
324.414
319.992
315.217
310.132
304.782
299.211
293.463
287.583
281.615
275.6
269.581
263.596
257.684
251.878
246.211
240.712
235.408
230.321
225.471
220.873
216.54
212.482
208.706
205.214
202.008
199.086
196.443
194.071
191.963
190.106
188.487
187.091
185.904
184.906
184.082
183.413
182.881
182.468
182.156
181.928
181.765
181.654
181.577
181.52
181.472
181.42
181.356
181.27
181.159
181.017
180.845
180.641
180.41
180.155
179.882
179.6
179.318
179.047
178.801
178.591
178.435
178.347
178.345
178.445
178.666
179.024
179.537
180.223
181.096
182.175
183.473
185.005
186.786
188.828
191.144
193.744
196.637
199.831
203.334
207.149
211.28
215.726
220.489
225.563
230.945
236.627
242.601
248.855
255.376
262.149
269.156
276.379
283.796
291.386
299.123
306.984
314.941
322.969
331.039
339.123
347.193
355.221
363.178
371.035
378.765
386.338
393.727
400.905
407.847
414.526
420.92
427.005
432.76
438.166
443.205
447.86
452.119
455.969
459.401
462.409
464.988
467.138
468.861
470.159
471.04
471.514
471.593
471.29
470.623
469.61
468.27
466.627
464.702
462.521
460.11
457.494
454.702
451.761
448.699
445.544
442.324
439.066
435.797
432.544
429.332
426.185
423.125
420.176
417.356
414.683
412.173
409.84
407.694
405.744
403.997
402.455
401.119
399.988
399.058
398.323
397.773
397.399
397.188
397.126
397.198
397.385
397.671
398.037
398.463
398.93
399.419
399.909
400.381
400.816
401.197
401.505
401.724
401.838
401.833
401.696
401.416
400.982
400.385
399.621
398.683
397.57
396.279
394.812
393.171
391.36
389.383
387.247
384.96
382.532
379.97
377.286
374.491
371.595
368.61
365.546
362.415
359.226
355.989
352.712
349.405
346.073
342.723
339.359
335.985
332.604
329.216
325.821
322.419
319.006
315.578
312.13
308.656
305.15
301.603
298.008
294.355
290.636
286.841
282.962
278.988
274.913
270.726
266.421
261.991
257.428
252.727
247.883
242.892
237.75
232.454
227.004
221.396
215.631
209.708
203.627
197.391
190.998
184.451
177.751
170.9
163.898
156.746
149.445
141.993
134.39
126.634
118.719
110.642
102.395
93.969
85.355
76.538
67.506
58.24
48.723
38.936
28.857
18.463
7.732
-3.362
-14.842
-26.733
-39.059
-51.845
-65.113
-78.885
-93.182
-108.021
-123.42
-139.393
-155.95
-173.102
-190.852
-209.204
-228.156
-247.703
-267.837
-288.543
-309.804
-331.596
-353.892
-376.658
-399.854
-423.436
-447.354
-471.553
-495.974
-520.554
-545.225
-569.918
-594.559
-619.071
-643.377
-667.395
-691.046
-714.248
-736.923
-758.99
-780.371
-800.991
-820.779
-839.667
-857.59
-874.488
-890.301
-904.972
-918.451
-930.697
-941.675
-951.354
-959.706
-966.709
-972.351
-976.627
-979.545
-981.113
-981.34
-980.237
-977.825
-974.132
-969.201
-963.08
-955.813
-947.44
-938.002
-927.552
-916.162
-903.911
-890.875
-877.128
-862.744
-847.811
-832.445
-816.774
-800.921
-785.004
-769.115
-753.344
-737.807
-722.64
-708.017
-694.108
-681.002
-668.718
-657.234
-646.552
-636.735
-627.864
-619.874
-612.513
-605.608
-599.272
-593.948
-590.139
-587.985
-587.073
-586.825
-587.197
-588.23
-589.338
-589.153
-585.794
-577.926
-565.945
-551.379
-535.081
-517.875
-501.67
-489.513
-485.832
-494.861
-517.984
-554.555
-604.362
-666.372
-737.797
-814.447
-889.737
-956.305
-1009.473
-1046.109
-1062.66
-1057.526
-1031.385
-986.432
-927.857
-862.764
-797.3
-737.946
-692.338
-665.918
-662.016
-682.896
-728.108
-794.595
-878.328
-973.22
-1071.004
-1164.747
-1248.704
-1317.063
-1365.762
-1393.151
-1399.094
-1385.832
-1358.068
-1320.18
-1276.449
-1232.147
-1191.558
-1157.38
-1131.436
-1113.896
-1103.301
-1098.156
-1096.481
-1095.417
-1092.887
-1087.643
-1078.814
-1066.423
-1050.954
-1032.828
-1012.897
-992.272
-971.544
-950.979
-930.589
-910.022
-889.071
-867.695
-845.768
-823.224
-800.101
-776.471
-752.524
-728.506
-704.553
-680.72
-656.992
-633.326
-609.762
-586.381
-563.291
-540.633
-518.508
-497
-476.213
-456.214
-437.04
-418.717
-401.224
-384.527
-368.621
-353.515
-339.227
-325.789
-313.205
-301.466
-290.556
-280.449
-271.115
-262.524
-254.632
-247.398
-240.791
-234.78
-229.346
-224.475
-220.143
-216.328
-213.008
-210.156
-207.747
-205.759
-204.165
-202.941
-202.066
-201.523
-201.298
-201.381
-201.764
-202.438
-203.402
-204.653
-206.19
-208.015
-210.13
-212.54
-215.25
-218.264
-221.589
-225.231
-229.197
-233.493
-238.123
-243.092
-248.402
-254.052
-260.039
-266.359
-273.003
-279.96
-287.213
-294.746
-302.536
-310.561
-318.793
-327.203
-335.756
-344.415
-353.139
-361.882
-370.597
-379.232
-387.733
-396.04
-404.096
-411.839
-419.205
-426.132
-432.555
-438.41
-443.633
-448.161
-451.933
-454.889
-456.974
-458.133
-458.317
-457.48
-455.58
-452.583
-448.456
-443.174
-436.717
-429.072
-420.231
-410.191
-398.956
-386.538
-372.952
-358.22
-342.371
-325.44
-307.467
-288.499
-268.588
-247.793
-226.175
-203.802
-180.746
-157.081
-132.888
-108.247
-83.24
-57.954
-32.474
-6.885
18.727
44.278
69.685
94.868
119.749
144.253
168.31
191.852
214.818
237.15
258.795
279.705
299.836
319.15
337.614
355.198
371.877
387.632
402.448
416.318
429.239
441.212
452.245
462.35
471.546
479.853
487.298
493.91
499.721
504.769
509.089
512.722
515.709
518.092
519.913
521.215
522.041
522.43
522.426
522.069
521.399
520.451
519.264
517.872
516.306
514.601
512.789
510.904
508.979
507.049
505.142
503.29
501.526
499.875
498.356
496.98
495.747
494.664
493.74
492.98
492.391
491.983
491.765
491.76
491.997
492.497
493.287
494.374
495.75
497.428
499.43
501.785
504.555
507.773
511.443
515.571
520.151
525.149
530.521
536.173
541.948
547.725
553.388
558.859
564.131
569.14
573.81
578.042
581.665
584.607
586.924
588.707
590.108
591.309
592.386
593.578
595.356
597.946
601.455
605.659
609.865
613.86
617.955
622.477
627.855
634.551
642.744
653.28
667.791
686.674
709.231
734.034
758.607
780.818
799.212
811.469
814.477
806.463
786.912
756.655
718.224
673.646
624.196
571.891
519.235
468.024
419.367
373.237
328.354
284.061
240.473
197.548
155.34
114.146
74.342
36.862
3.095
-26.109
-50.404
-69.668
-84.08
-93.869
-99.195
-100.421
-98.066
-92.547
-84.268
-73.6
-60.912
-46.728
-31.614
-16.124
-0.712
14.303
28.687
42.276
54.985
66.808
77.769
87.937
97.366
106.069
114.108
121.559
128.564
135.351
142.121
149.049
156.273
163.857
171.842
180.243
189.019
198.083
207.342
216.686
226.029
235.325
244.497
253.463
262.119
270.332
278
285.049
291.422
297.081
302.008
306.189
309.646
312.429
314.583
316.158
317.199
317.737
317.817
317.491
316.815
315.847
314.642
313.247
311.709
310.077
308.398
306.715
305.065
303.477
301.984
300.624
299.432
298.445
297.699
297.224
297.051
297.214
297.739
298.65
299.967
301.706
303.883
306.507
309.589
313.132
317.141
321.612
326.542
331.924
337.747
344
350.668
357.731
365.172
372.968
381.097
389.532
398.247
407.21
416.391
425.756
435.27
444.895
454.594
464.326
474.049
483.721
493.3
502.739
511.994
521.021
529.773
538.209
546.282
553.951
561.174
567.908
574.116
579.76
584.802
589.21
592.95
595.995
598.317
599.893
600.7
600.722
599.942
598.349
595.935
592.695
588.629
583.739
578.032
571.519
564.215
556.139
547.314
537.765
527.523
516.622
505.098
492.992
480.346
467.206
453.619
439.637
425.31
410.691
395.835
380.797
365.632
350.396
335.143
319.928
304.806
289.827
275.045
260.507
246.261
232.352
218.822
205.711
193.053
180.882
169.227
158.112
147.559
137.585
128.204
119.425
111.253
103.691
96.736
90.383
84.622
79.44
74.822
70.749
67.198
64.146
61.567
59.431
57.709
56.369
55.38
54.706
54.314
54.17
54.238
54.483
54.872
55.371
55.948
56.572
57.212
57.842
58.435
58.967
59.417
59.765
59.993
60.085
60.031
59.817
59.437
58.884
58.154
57.245
56.157
54.894
53.457
51.854
50.092
48.177
46.122
43.936
41.631
39.221
36.719
34.14
31.498
28.808
26.086
23.346
20.603
17.872
15.165
12.496
9.877
7.318
4.831
2.423
0.105
-2.118
-4.239
-6.253
-8.155
-9.942
-11.613
-13.165
-14.599
-15.915
-17.114
-18.198
-19.172
-20.037
-20.8
-21.465
-22.038
-22.526
-22.936
-23.275
-23.553
-23.777
-23.956
-24.099
-24.214
-24.31
-24.395
-24.478
-24.565
-24.664
-24.781
-24.922
-25.094
-25.301
-25.548
-25.838
-26.176
-26.565
-27.006
-27.501
-28.052
-28.66
-29.324
-30.044
-30.818
-31.646
-32.524
-33.45
-34.42
-35.429
-36.474
-37.547
-38.645
-39.76
-40.886
-42.016
-43.144
-44.262
-45.365
-46.447
-47.5
-48.52
-49.501
-50.439
-51.33
-52.17
-52.955
-53.685
-54.357
-54.971
-55.526
-56.023
-56.463
-56.849
-57.184
-57.47
-57.713
-57.917
-58.088
-58.232
-58.356
-58.467
-58.573
-58.682
-58.802
-58.942
-59.11
-59.315
-59.564
-59.865
-60.225
-60.651
-61.148
-61.721
-62.374
-63.109
-63.93
-64.835
-65.825
-66.897
-68.048
-69.272
-70.564
-71.916
-73.319
-74.761
-76.231
-77.717
-79.203
-80.674
-82.115
-83.509
-84.837
-86.083
-87.228
-88.254
-89.142
-89.875
-90.434
-90.804
-90.968
-90.911
-90.62
-90.081
-89.284
-88.218
-86.876
-85.252
-83.341
-81.14
-78.649
-75.871
-72.808
-69.468
-65.859
-61.991
-57.878
-53.535
-48.98
-44.232
-39.311
-34.241
-29.046
-23.75
-18.381
-12.965
-7.529
-2.101
3.291
8.62
13.858
18.98
23.96
28.775
33.4
37.816
42.001
45.937
49.608
52.999
56.097
58.891
61.372
63.533
65.37
66.88
68.065
68.927
69.47
69.702
69.631
69.27
68.632
67.731
66.583
65.203
63.613
61.835
59.889
57.798
55.581
53.255
50.846
48.382
45.869
43.315
40.732
38.12
35.51
32.94
30.404
27.897
25.474
23.183
21.059
19.154
17.438
15.846
14.422
13.24
12.115
10.827
9.509
8.145
6.693
5.621
3.651
-0.465
-4.957
-9.291
-10.214
-3.827
5.546
15.022
20.311
15.521
5.858
-4.263
-11.818
-11.808
-7.807
-3.435
0.503
1.803
1.75
1.995
2.228
2.665
3.199
3.501
3.795
4.26
4.843
5.536
6.363
7.324
8.409
9.615
10.911
12.262
13.685
15.194
16.783
18.452
20.199
22.018
23.908
25.87
27.896
29.977
32.106
34.273
36.471
38.691
40.922
43.157
45.383
47.592
49.773
51.917
54.015
56.056
58.033
59.938
61.763
63.503
65.151
66.704
68.158
69.509
70.755
71.896
72.93
73.857
74.677
75.391
76
76.507
76.915
77.227
77.448
77.582
77.634
77.609
77.511
77.344
77.114
76.824
76.478
76.079
75.631
75.137
74.601
74.023
73.406
72.748
72.048
71.305
70.515
69.671
68.769
67.802
66.763
65.646
64.443
63.147
61.751
60.248
58.63
56.89
55.019
53.007
50.845
48.525
46.039
43.381
40.543
37.522
34.313
30.914
27.324
23.541
19.562
15.382
10.999
6.411
1.619
-3.376
-8.573
-13.968
-19.557
-25.329
-31.277
-37.393
-43.67
-50.102
-56.685
-63.413
-70.286
-77.303
-84.465
-91.764
-99.197
-106.756
-114.429
-122.207
-130.075
-138.015
-146.017
-154.077
-162.191
-170.362
-178.588
-186.863
-195.181
-203.535
-211.917
-220.32
-228.723
-237.099
-245.431
-253.717
-261.976
-270.248
-278.549
-286.86
-295.168
-303.464
-311.72
-319.903
-327.934
-335.67
-343.007
-349.884
-356.275
-362.216
-367.722
-372.762
-377.307
-381.312
-384.764
-387.722
-390.199
-392.151
-393.594
-394.567
-395.26
-396.105
-397.438
-399.498
-402.504
-406.434
-411.302
-417.296
-424.299
-432.012
-440.11
-447.816
-454.478
-460.155
-464.697
-467.846
-469.956
-470.932
-470.765
-470.858
-472.333
-475.37
-480.42
-486.977
-492.949
-497.224
-498.945
-495.194
-482.932
-459.659
-422.46
-370.567
-307.933
-237.707
-159.928
-78.517
4.904
88.033
157.978
206.475
226.889
210.381
160.351
81.8
-19.915
-133.98
-255.439
-380.91
-505.494
-624.837
-730.601
-815.212
-875.251
-910.336
-923.564
-918.294
-897.441
-865.109
-826.584
-787.343
-751.274
-719.964
-693.461
-671.432
-653.296
-638.072
-623.934
-608.581
-590.876
-570.812
-548.91
-526.014
-502.786
-479.726
-457.705
-437.784
-420.479
-405.866
-393.696
-383.453
-374.83
-367.647
-361.599
-356.305
-351.358
-346.422
-341.357
-336.151
-330.777
-325.19
-319.344
-313.215
-306.888
-300.49
-294.133
-287.918
-281.906
-276.165
-270.788
-265.893
-261.604
-258.005
-255.13
-252.985
-251.569
-250.876
-250.894
-251.585
-252.875
-254.688
-256.963
-259.643
-262.681
-266.017
-269.581
-273.302
-277.114
-280.961
-284.794
-288.564
-292.225
-295.733
-299.052
-302.151
-305.005
-307.587
-309.865
-311.811
-313.397
-314.6
-315.4
-315.779
-315.718
-315.207
-314.236
-312.803
-310.906
-308.545
-305.724
-302.447
-298.723
-294.563
-289.979
-284.986
-279.601
-273.842
-267.732
-261.294
-254.551
-247.528
-240.252
-232.749
-225.048
-217.177
-209.167
-201.047
-192.848
-184.601
-176.337
-168.089
-159.888
-151.766
-143.753
-135.882
-128.184
-120.69
-113.428
-106.427
-99.716
-93.322
-87.271
-81.588
-76.298
-71.424
-66.989
-63.014
-59.52
-56.525
-54.048
-52.105
-50.711
-49.879
-49.621
-49.947
-50.866
-52.387
-54.515
-57.255
-60.609
-64.579
-69.162
-74.356
-80.155
-86.549
-93.529
-101.081
-109.19
-117.838
-127.007
-136.675
-146.817
-157.407
-168.416
-179.815
-191.571
-203.646
-216.004
-228.605
-241.411
-254.377
-267.462
-280.619
-293.803
-306.97
-320.073
-333.064
-345.894
-358.514
-370.872
-382.92
-394.608
-405.887
-416.711
-427.032
-436.808
-445.997
-454.564
-462.474
-469.691
-476.185
-481.927
-486.893
-491.062
-494.416
-496.939
-498.621
-499.458
-499.45
-498.6
-496.915
-494.407
-491.092
-486.991
-482.13
-476.53
-470.216
-463.22
-455.576
-447.323
-438.5
-429.145
-419.303
-409.025
-398.37
-387.401
-376.172
-364.734
-353.134
-341.418
-329.632
-317.825
-306.035
-294.287
-282.611
-271.051
-259.675
-248.563
-237.763
-227.287
-217.115
-207.239
-197.656
-188.36
-179.317
-170.46
-161.739
-153.148
-144.747
-136.617
-128.794
-121.256
-113.907
-106.631
-99.378
-92.176
-85.081
-78.123
-71.34
-64.814
-58.739
-53.4
-49.002
-45.589
-43.039
-41.174
-39.889
-39.184
-39.167
-39.946
-41.567
-43.966
-47.007
-50.56
-54.394
-58.14
-61.326
-63.293
-63.409
-61.519
-57.876
-52.947
-47.519
-42.13
-36.595
-30.776
-24.625
-17.47
-8.678
2.619
18.17
38.811
63.56
90.927
118.752
143.891
164.055
176.834
178.486
166.519
140.279
99.938
47.532
-13.53
-80.887
-152.109
-223.792
-293.502
-359.594
-420.904
-477.97
-532.234
-584.314
-634.581
-683.438
-730.646
-775.828
-818.542
-857.766
-892.272
-921.321
-944.543
-961.842
-973.567
-980.195
-982.133
-979.865
-973.929
-964.755
-952.783
-938.53
-922.358
-904.6
-885.665
-865.852
-845.442
-824.713
-803.782
-782.672
-761.363
-739.732
-717.666
-695.121
-671.993
-648.168
-623.514
-597.807
-570.902
-542.733
-513.199
-482.254
-449.882
-416.062
-380.857
-344.399
-306.807
-268.226
-228.808
-188.665
-147.939
-106.795
-65.392
-23.926
17.445
58.605
99.439
139.848
179.757
219.091
257.812
295.914
333.384
370.209
406.385
441.898
476.748
510.948
544.512
577.461
609.818
641.601
672.827
703.519
733.7
763.391
792.613
821.382
849.719
877.649
905.203
932.412
959.307
985.922
1012.287
1038.439
1064.409
1090.225
1115.917
1141.508
1167.02
1192.474
1217.889
1243.28
1268.66
1294.038
1319.421
1344.813
1370.213
1395.617
1421.021
1446.413
1471.781
1497.109
1522.381
1547.575
1572.668
1597.634
1622.443
1647.067
1671.47
1695.619
1719.474
1742.996
1766.145
1788.876
1811.147
1832.91
1854.12
1874.729
1894.694
1913.966
1932.502
1950.255
1967.184
1983.246
1998.402
2012.612
2025.84
2038.053
2049.219
2059.311
2068.302
2076.172
2082.903
2088.479
2092.889
2096.126
2098.187
2099.071
2098.783
2097.331
2094.726
2090.985
2086.126
2080.175
2073.159
2065.109
2056.061
2046.054
2035.13
2023.337
2010.723
1997.337
1983.235
1968.472
1953.105
1937.193
1920.795
1903.972
1886.786
1869.297
1851.567
1833.655
1815.62
1797.522
1779.417
1761.359
1743.403
1725.598
1707.995
1690.638
1673.572
1656.838
1640.473
1624.512
1608.988
1593.926
1579.351
1565.284
1551.74
1538.731
1526.263
1514.341
1502.964
1492.13
1481.831
1472.059
1462.802
1454.046
1445.775
1437.971
1430.616
1423.686
1417.159
1411.012
1405.218
1399.752
1394.588
1389.696
1385.05
1380.622
1376.385
1372.312
1368.378
1364.556
1360.821
1357.151
1353.525
1349.923
1346.329
1342.727
1339.107
1335.465
1331.801
1328.116
1324.414
1320.698
1316.974
1313.251
1309.536
1305.829
1302.132
1298.445
1294.774
1291.129
1287.519
1283.956
1280.452
1277.025
1273.694
1270.482
1267.411
1264.496
1261.745
1259.176
1256.807
1254.657
1252.76
1251.123
1249.733
1248.572
1247.605
1246.779
1246.03
1245.26
1244.341
1243.167
1241.63
1239.633
1237.111
1233.964
1230.106
1225.471
1219.976
1213.583
1206.319
1198.219
1189.358
1179.874
1169.891
1159.574
1149.13
1138.687
1128.359
1118.237
1108.346
1098.745
1089.466
1080.479
1071.778
1063.294
1054.824
1046.125
1036.855
1026.531
1014.728
1001.02
984.93
966.111
944.243
919.009
890.188
857.537
820.828
779.877
734.464
684.431
629.802
570.742
507.61
440.988
371.431
299.489
225.787
150.871
75.302
-0.312
-75.408
-149.392
-221.609
-291.326
-357.728
-420.011
-477.513
-529.784
-576.616
-618.019
-654.062
-684.853
-710.569
-731.396
-747.559
-759.334
-767.008
-770.902
-771.441
-769.233
-764.987
-759.437
-753.281
-747.017
-740.957
-735.303
-730.149
-725.508
-721.385
-717.789
-714.725
-712.257
-710.458
-709.402
-709.125
-709.542
-710.536
-712.006
-713.86
-716.128
-718.952
-722.496
-727.036
-732.98
-740.702
-750.536
-762.778
-777.596
-795.135
-815.554
-838.984
-865.535
-895.266
-928.166
-964.184
-1003.25
-1045.231
-1089.958
-1137.168
-1186.417
-1237.254
-1289.258
-1342.021
-1395.175
-1448.316
-1500.932
-1552.492
-1602.573
-1650.815
-1696.917
-1740.611
-1781.55
-1819.415
-1853.966
-1885.036
-1912.605
-1936.702
-1957.34
-1974.554
-1988.469
-1999.295
-2007.39
-2013.196
-2017.025
-2019.133
-2019.765
-2019.14
-2017.576
-2015.375
-2012.745
-2009.839
-2006.76
-2003.582
-2000.401
-1997.298
-1994.244
-1991.149
-1987.847
-1984.106
-1979.797
-1974.839
-1969.161
-1962.726
-1955.476
-1947.385
-1938.491
-1928.848
-1918.507
-1907.521
-1895.914
-1883.707
-1870.939
-1857.615
-1843.762
-1829.436
-1814.669
-1799.505
-1783.953
-1767.967
-1751.492
-1734.456
-1716.813
-1698.592
-1679.792
-1660.374
-1640.365
-1619.831
-1598.998
-1578.304
-1558.12
-1538.708
-1520.308
-1503.124
-1487.32
-1473.033
-1460.151
-1448.279
-1436.94
-1425.661
-1414.182
-1402.337
-1390.28
-1378.603
-1367.938
-1359.076
-1352.757
-1349.252
-1348.485
-1350.143
-1352.63
-1353.105
-1346.908
-1328.924
-1296.453
-1248.358
-1189.259
-1123.49
-1047.823
-957.493
-840.317
-688.49
-514.034
