Name,Criss Capps
Date of Birth,"Feb 5, 1952"
Recorded Date,2025-04-05 18:37:58 -0400
Classification,Sinus Rhythm
Symptoms,
Software Version,1.90
Device,"Watch5,4"
Sample Rate,512.844 hertz


Lead,Lead I
Unit,µV

226.063
286.855
312.452
298.9
256.281
201.765
151.283
115.395
94.875
83.958
75.167
61.078
38.991
10.281
-22.29
-55.12
-86.684
-117.342
-147.674
-177.964
-207.251
-233.977
-256.815
-274.862
-287.771
-295.392
-297.666
-295.106
-288.709
-279.572
-268.785
-256.903
-243.992
-230.243
-215.869
-200.915
-185.425
-169.407
-152.93
-136.624
-121.449
-108.151
-97.36
-89.514
-84.721
-82.98
-84.1
-87.467
-92.392
-98.347
-104.877
-111.728
-118.884
-126.422
-134.592
-143.829
-154.438
-166.546
-180.204
-195.372
-211.948
-229.775
-248.516
-267.659
-286.737
-305.409
-323.359
-340.232
-355.664
-369.324
-381.124
-391.315
-400.16
-407.932
-414.963
-421.484
-427.686
-433.14
-436.399
-435.775
-429.75
-418.38
-403.274
-384.993
-362.735
-332.06
-286.103
-220.838
-135.03
-33.885
72.175
173.618
261.525
332.326
387.904
431.49
468.093
500.392
528.308
551.105
567.145
576.396
580.333
580.564
578.812
575.759
571.229
564.973
556.626
546.039
533.262
518.382
501.831
484.325
466.737
450.091
435.2
422.577
412.635
405.547
401.118
398.989
398.558
399.017
399.793
400.531
400.936
400.884
400.389
399.459
398.249
397.046
395.961
394.953
393.91
392.605
390.812
388.389
385.182
381.011
375.804
369.557
362.313
354.194
345.316
335.779
325.696
315.178
304.319
293.226
282.013
270.788
259.669
248.744
238.071
227.696
217.65
207.947
198.59
189.564
180.843
172.404
164.226
156.294
148.596
141.106
133.794
126.627
119.565
112.583
105.666
98.8
91.976
85.191
78.444
71.742
65.096
58.511
51.987
45.522
39.112
32.757
26.458
20.217
14.036
7.916
1.858
-4.136
-10.061
-15.918
-21.708
-27.435
-33.103
-38.71
-44.253
-49.731
-55.141
-60.481
-65.748
-70.935
-76.037
-81.054
-85.994
-90.87
-95.692
-100.463
-105.189
-109.875
-114.523
-119.133
-123.688
-128.16
-132.517
-136.737
-140.812
-144.739
-148.507
-152.101
-155.502
-158.691
-161.667
-164.421
-166.925
-169.147
-171.076
-172.731
-174.187
-175.54
-176.868
-178.255
-179.794
-181.557
-183.586
-185.821
-188.111
-190.308
-192.292
-193.95
-195.153
-195.818
-196.011
-196.077
-196.514
-197.756
-200.189
-204.202
-210.243
-218.684
-229.015
-239.637
-248.925
-255.771
-260.59
-264.721
-267.672
-266.482
-256.283
-232.929
-195.826
-148.782
-98.269
-49.429
-5.509
32.204
62.996
83.794
89.965
77.039
42.641
-12.723
-84.127
-162.757
-239.401
-303.707
-348.479
-373.572
-381.39
-377.795
-369.247
-356.656
-340.687
-322.397
-301.897
-282.839
-267.485
-254.764
-244.276
-234.281
-224.065
-215.421
-209.072
-205.18
-203.435
-202.424
-201.217
-199.512
-197.047
-193.858
-190.088
-185.876
-181.49
-177.253
-173.493
-170.401
-168.099
-166.657
-166.031
-166.131
-166.826
-167.928
-169.244
-170.663
-172.125
-173.594
-175.072
-176.548
-178.006
-179.459
-180.925
-182.417
-183.95
-185.529
-187.151
-188.828
-190.579
-192.426
-194.401
-196.514
-198.766
-201.16
-203.696
-206.392
-209.287
-212.403
-215.752
-219.328
-223.092
-227.007
-231.034
-235.115
-239.183
-243.148
-246.888
-250.309
-253.337
-255.895
-257.917
-259.313
-259.956
-259.754
-258.639
-256.572
-253.554
-249.588
-244.68
-238.872
-232.234
-224.869
-216.916
-208.49
-199.672
-190.552
-181.216
-171.773
-162.362
-153.097
-144.06
-135.325
-126.947
-118.977
-111.476
-104.47
-97.955
-91.909
-86.29
-81.083
-76.3
-71.958
-68.068
-64.631
-61.627
-59.051
-56.908
-55.198
-53.911
-53.022
-52.498
-52.326
-52.509
-53.064
-54.005
-55.327
-57.008
-59.009
-61.301
-63.861
-66.672
-69.714
-72.979
-76.465
-80.189
-84.211
-88.591
-93.381
-98.625
-104.331
-110.481
-117.067
-124.087
-131.505
-139.255
-147.226
-155.245
-163.146
-170.828
-178.171
-185.019
-191.281
-196.893
-201.821
-206.19
-210.11
-213.472
-216.154
-217.994
-218.518
-217.257
-213.737
-207.242
-197.236
-183.582
-166.163
-145.063
-120.936
-94.493
-66.557
-38.28
-10.501
16.271
41.434
64.544
85.619
104.752
122.235
138.646
154.267
169.201
183.695
197.967
212.054
225.923
239.36
251.96
263.488
273.823
282.792
290.228
296.015
300.094
302.532
303.522
303.22
301.705
299.046
295.296
290.504
284.734
278.016
270.337
261.7
252.143
241.723
230.519
218.603
206.014
192.785
178.953
164.549
149.614
134.199
118.342
102.092
85.517
68.685
51.688
34.638
17.646
0.831
-15.662
-31.688
-47.092
-61.715
-75.434
-88.149
-99.782
-110.285
-119.623
-127.779
-134.755
-140.56
-145.218
-148.776
-151.3
-152.871
-153.609
-153.646
-153.117
-152.163
-150.892
-149.377
-147.661
-145.763
-143.679
-141.391
-138.89
-136.171
-133.24
-130.109
-126.784
-123.275
-119.586
-115.72
-111.679
-107.481
-103.168
-98.82
-94.562
-90.529
-86.872
-83.758
-81.319
-79.677
-78.935
-79.161
-80.416
-82.738
-86.143
-90.637
-96.222
-102.872
-110.541
-119.15
-128.572
-138.68
-149.348
-160.43
-171.811
-183.384
-195.048
-206.733
-218.382
-229.944
-241.387
-252.687
-263.814
-274.753
-285.505
-296.077
-306.51
-316.832
-327.058
-337.209
-347.29
-357.295
-367.221
-377.047
-386.737
-396.261
-405.582
-414.66
-423.467
-431.968
-440.124
-447.894
-455.231
-462.098
-468.472
-474.331
-479.662
-484.46
-488.716
-492.434
-495.626
-498.307
-500.491
-502.19
-503.414
-504.174
-504.485
-504.365
-503.831
-502.896
-501.567
-499.849
-497.747
-495.274
-492.443
-489.269
-485.763
-481.925
-477.755
-473.255
-468.439
-463.334
-457.967
-452.351
-446.501
-440.422
-434.15
-427.754
-421.26
-414.628
-407.758
-400.532
-392.912
-384.989
-376.855
-368.498
-359.962
-351.4
-343.131
-335.595
-329.016
-323.259
-318.023
-313.094
-308.217
-303.051
-297.037
-289.356
-279.438
-267.212
-252.983
-237.147
-220.208
-202.726
-185.413
-169.334
-155.493
-144.556
-136.825
-132.334
-130.8
-131.821
-135.04
-139.639
-144.467
-148.483
-150.208
-148.246
-142.292
-131.761
-116.71
-98.369
-76.866
-52.652
-25.949
4.432
38.404
74.443
108.78
135.125
147.046
139.484
111.392
65.3
5.466
-62.374
-133.391
-203.219
-266.305
-317.943
-355.401
-378.441
-390.709
-397.329
-401.608
-404.822
-405.923
-403.027
-395.847
-385.31
-372.985
-360.291
-347.487
-334.477
-321.253
-307.911
-295.061
-283.095
-271.996
-261.992
-253.332
-246.082
-240.3
-235.669
-231.492
-227.448
-223.512
-219.621
-215.819
-212.15
-208.62
-205.501
-203.261
-202.132
-202.146
-203.246
-205.267
-208.091
-211.644
-215.741
-220.09
-224.433
-228.567
-232.355
-235.756
-238.737
-241.246
-243.271
-244.838
-246.007
-246.876
-247.535
-248.019
-248.335
-248.479
-248.449
-248.26
-247.937
-247.489
-246.903
-246.156
-245.221
-244.084
-242.713
-241.053
-239.006
-236.439
-233.24
-229.337
-224.698
-219.313
-213.18
-206.306
-198.724
-190.499
-181.723
-172.483
-162.844
-152.854
-142.57
-132.064
-121.44
-110.818
-100.302
-89.969
-79.882
-70.092
-60.649
-51.587
-42.918
-34.616
-26.638
-18.954
-11.558
-4.455
2.34
8.822
14.992
20.86
26.426
31.683
36.628
41.263
45.605
49.669
53.472
57.006
60.245
63.166
65.754
68.004
69.919
71.504
72.758
73.686
74.298
74.606
74.637
74.402
73.894
73.092
71.943
70.42
68.536
66.331
63.859
61.172
58.286
55.228
52.115
49.067
46.218
43.679
41.42
39.472
38.012
37.157
36.95
37.428
38.322
39.731
42.091
45.105
48.666
51.925
53.906
55.853
58.91
64.81
75.156
88.205
102.428
116.457
128.448
139.115
148.879
157.195
164.489
170.499
175.042
178.83
182.245
185.524
189.181
193.647
199.038
205.393
212.537
220.013
227.576
235.143
242.551
249.66
256.397
262.688
268.577
274.222
279.672
284.914
289.943
294.72
299.237
303.511
307.524
311.249
314.677
317.808
320.654
323.24
325.577
327.669
329.522
331.141
332.536
333.72
334.701
335.49
336.092
336.512
336.753
336.818
336.706
336.418
335.954
335.315
334.503
333.523
332.378
331.076
329.623
328.023
326.282
324.401
322.384
320.234
317.957
315.554
313.029
310.386
307.63
304.765
301.797
298.732
295.574
292.329
289.003
285.604
282.138
278.614
275.039
271.422
267.773
264.102
260.419
256.735
253.061
249.408
245.788
242.212
238.692
235.24
231.866
228.583
225.403
222.336
219.395
216.591
213.935
211.438
209.111
206.964
205.006
203.247
201.694
200.356
199.24
198.35
197.693
197.272
197.091
197.151
197.454
198
198.788
199.816
201.081
202.579
204.306
206.255
208.418
210.787
213.354
216.107
219.037
222.131
225.377
228.762
232.273
235.895
239.614
243.414
247.28
251.193
255.138
259.098
263.054
266.991
270.889
274.732
278.504
282.188
285.77
289.231
292.558
295.735
298.748
301.581
304.221
306.655
308.869
310.854
312.601
314.103
315.354
316.35
317.088
317.568
317.792
317.759
317.47
316.928
316.139
315.107
313.844
312.358
310.658
308.758
306.674
304.422
302.016
299.467
296.781
293.967
291.039
288.013
284.906
281.737
278.523
275.295
272.089
268.948
265.907
262.99
260.211
257.585
255.138
252.899
250.897
249.148
247.652
246.423
245.481
244.839
244.492
244.389
244.448
244.587
244.742
244.862
244.893
244.8
244.565
244.212
243.846
243.601
243.593
243.924
244.682
245.874
247.477
249.394
251.34
253.012
254.108
254.315
253.471
251.532
248.471
244.531
240.331
236.951
236.005
238.844
246.036
256.827
269.55
283.587
299.717
320.448
348.64
384.306
424.782
465.365
500.917
528.496
546.429
553.322
546.93
523.643
481.138
419
340.793
254.756
170.068
96.852
42.433
7.85
-9.388
-15.356
-16.003
-13.352
-6.868
5.303
23.263
45.042
67.011
85.478
99.92
110.35
117.338
122.294
124.513
123.661
120.254
114.19
106.496
98.494
90.85
84.344
79.325
75.607
73.064
71.62
71.042
71.029
71.235
71.192
70.649
69.65
68.259
66.561
64.656
62.587
60.456
58.446
56.643
55.037
53.595
52.238
50.912
49.611
48.301
46.935
45.474
43.881
42.144
40.279
38.296
36.203
34.012
31.727
29.362
26.944
24.49
22.017
19.542
17.076
14.634
12.238
9.91
7.674
5.551
3.564
1.731
0.071
-1.398
-2.655
-3.681
-4.458
-4.971
-5.216
-5.185
-4.878
-4.298
-3.455
-2.367
-1.062
0.438
2.114
3.945
5.921
8.018
10.217
12.499
14.841
17.23
19.669
22.159
24.709
27.346
30.097
33
36.108
39.445
43.019
46.835
50.878
55.142
59.61
64.252
69.03
73.905
78.815
83.685
88.427
92.907
96.996
100.567
103.468
105.59
106.847
107.153
106.444
104.661
101.755
97.694
92.464
86.045
78.442
69.692
59.868
49.097
37.514
25.248
12.453
-0.733
-14.182
-27.758
-41.324
-54.757
-67.92
-80.667
-92.873
-104.404
-115.129
-124.969
-133.876
-141.844
-148.886
-155.011
-160.244
-164.628
-168.207
-171.035
-173.182
-174.715
-175.724
-176.335
-176.657
-176.804
-176.893
-177.003
-177.194
-177.511
-177.981
-178.624
-179.458
-180.483
-181.692
-183.082
-184.636
-186.332
-188.137
-189.984
-191.821
-193.607
-195.293
-196.858
-198.285
-199.56
-200.685
-201.673
-202.533
-203.281
-203.934
-204.505
-205.009
-205.469
-205.909
-206.364
-206.861
-207.419
-208.055
-208.778
-209.594
-210.508
-211.516
-212.608
-213.775
-215.009
-216.299
-217.642
-219.03
-220.453
-221.901
-223.365
-224.834
-226.303
-227.765
-229.214
-230.645
-232.054
-233.438
-234.796
-236.126
-237.426
-238.692
-239.922
-241.113
-242.262
-243.368
-244.427
-245.439
-246.404
-247.32
-248.189
-249.013
-249.792
-250.53
-251.228
-251.891
-252.521
-253.122
-253.7
-254.257
-254.798
-255.329
-255.853
-256.375
-256.899
-257.43
-257.97
-258.524
-259.095
-259.688
-260.305
-260.951
-261.627
-262.337
-263.084
-263.87
-264.697
-265.567
-266.481
-267.44
-268.445
-269.495
-270.59
-271.729
-272.909
-274.128
-275.384
-276.672
-277.988
-279.327
-280.685
-282.053
-283.428
-284.801
-286.165
-287.515
-288.843
-290.14
-291.401
-292.617
-293.78
-294.885
-295.922
-296.885
-297.767
-298.562
-299.262
-299.861
-300.356
-300.739
-301.009
-301.159
-301.189
-301.095
-300.876
-300.53
-300.059
-299.465
-298.749
-297.916
-296.971
-295.92
-294.772
-293.536
-292.225
-290.848
-289.419
-287.949
-286.454
-284.948
-283.446
-281.963
-280.512
-279.108
-277.769
-276.509
-275.345
-274.292
-273.363
-272.572
-271.929
-271.447
-271.137
-271.006
-271.061
-271.303
-271.736
-272.369
-273.208
-274.252
-275.499
-276.941
-278.563
-280.351
-282.284
-284.333
-286.465
-288.646
-290.839
-293.013
-295.14
-297.193
-299.149
-300.972
-302.621
-304.056
-305.23
-306.113
-306.705
-307.012
-307.044
-306.815
-306.354
-305.742
-305.124
-304.63
-304.32
-304.167
-304.102
-304.158
-304.395
-304.733
-304.939
-304.655
-303.558
-301.594
-298.863
-295.256
-290.59
-284.826
-278.104
-270.93
-263.96
-257.477
-251.503
-246.181
-241.618
-237.805
-234.562
-231.14
-226.281
-218.804
-207.61
-191.534
-169.552
-140.702
-104.13
-59.473
-7.594
49.74
110.687
172.917
235.354
298.194
359.451
416.052
462.941
492.403
500.842
488.654
458.867
418.555
371.681
318.325
259.293
194.978
129.795
72.553
29.044
2.14
-9.63
-12.488
-10.439
-5.296
2.325
13.896
29.064
45.773
62.241
76.367
86.923
93.924
97.707
98.904
98.493
97.505
96.824
97.306
99.581
103.83
109.986
117.813
126.806
136.379
145.992
155.036
163.07
169.93
175.536
179.914
183.222
185.614
187.276
188.481
189.415
190.171
190.874
191.613
192.435
193.411
194.555
195.829
197.227
198.742
200.354
202.065
203.851
205.67
207.507
209.349
211.182
213.008
214.786
216.447
217.949
219.26
220.361
221.256
221.942
222.406
222.663
222.732
222.634
222.396
222.028
221.53
220.907
220.159
219.303
218.371
217.387
216.373
215.346
214.321
213.317
212.356
211.449
210.599
209.81
209.086
208.435
207.871
207.404
207.041
206.789
206.649
206.624
206.715
206.921
207.239
207.664
208.19
208.81
209.52
210.317
211.191
212.137
213.143
214.2
215.3
216.43
217.58
218.735
219.885
221.017
222.12
223.181
224.189
225.133
226.003
226.787
227.475
228.06
228.53
228.879
229.099
229.184
229.127
228.926
228.576
228.077
227.428
226.629
225.683
224.593
223.363
221.999
220.506
218.893
217.166
215.336
213.411
211.403
209.323
207.182
204.993
202.767
200.518
198.258
196
193.755
191.536
189.355
187.224
185.153
183.153
181.234
179.407
177.678
176.056
174.547
173.157
171.889
170.748
169.735
168.85
168.094
167.463
166.956
166.568
166.293
166.125
166.057
166.078
166.18
166.352
166.582
166.859
167.169
167.499
167.837
168.167
168.476
168.749
168.974
169.134
169.218
169.211
169.1
168.872
168.517
168.021
167.377
166.573
165.603
164.457
163.132
161.621
159.921
158.03
155.946
153.671
151.206
148.554
145.719
142.707
139.525
136.181
132.684
129.044
125.273
121.382
117.385
113.294
109.124
104.888
100.602
96.282
91.941
87.596
83.261
78.952
74.684
70.47
66.326
62.263
58.295
54.433
50.688
47.07
43.588
40.249
37.061
34.028
31.154
28.443
25.896
23.513
21.293
19.234
17.332
15.582
13.979
12.517
11.187
9.981
8.889
7.903
7.011
6.203
5.466
4.79
4.162
3.57
3.003
2.448
1.893
1.329
0.744
0.127
-0.53
-1.237
-2
-2.829
-3.728
-4.703
-5.757
-6.894
-8.115
-9.42
-10.809
-12.279
-13.827
-15.449
-17.138
-18.889
-20.695
-22.547
-24.436
-26.355
-28.291
-30.237
-32.179
-34.108
-36.012
-37.879
-39.699
-41.459
-43.15
-44.76
-46.279
-47.699
-49.01
-50.207
-51.28
-52.225
-53.035
-53.709
-54.242
-54.634
-54.886
-54.997
-54.972
-54.816
-54.538
-54.144
-53.645
-53.05
-52.371
-51.62
-50.811
-49.953
-49.059
-48.14
-47.209
-46.28
-45.369
-44.49
-43.657
-42.884
-42.188
-41.58
-41.075
-40.68
-40.403
-40.25
-40.23
-40.354
-40.635
-41.083
-41.704
-42.502
-43.475
-44.618
-45.922
-47.369
-48.932
-50.59
-52.317
-54.095
-55.911
-57.743
-59.579
-61.405
-63.194
-64.926
-66.587
-68.166
-69.672
-71.126
-72.548
-73.968
-75.429
-76.968
-78.641
-80.509
-82.618
-85.014
-87.7
-90.69
-94.042
-97.777
-101.865
-106.2
-110.53
-114.603
-118.279
-121.371
-123.637
-124.945
-125.192
-124.517
-123.465
-122.502
-121.913
-122.105
-123.401
-125.847
-129.473
-133.461
-135.932
-135.853
-132.637
-126.055
-117.128
-104.892
-86.693
-61.008
-26.652
14.52
57.184
97.358
132.627
162.046
186.684
205.324
213.262
204.992
174.955
120.808
45.66
-43.276
-135.253
-218.801
-284.93
-329.139
-352.972
-361.541
-360.181
-352.638
-339.616
-321.47
-300.88
-281.173
-265.476
-254.598
-245.776
-236.366
-225.364
-213.491
-203.202
-195.973
-191.816
-190.194
-189.937
-190.187
-190.369
-189.828
-188.325
-185.879
-182.585
-178.602
-174.038
-169.009
-163.852
-159.033
-154.842
-151.364
-148.518
-146.13
-144.096
-142.371
-140.856
-139.404
-137.918
-136.37
-134.806
-133.335
-132.046
-130.988
-130.202
-129.731
-129.615
-129.894
-130.597
-131.734
-133.296
-135.273
-137.654
-140.435
-143.613
-147.173
-151.081
-155.294
-159.77
-164.483
-169.428
-174.597
-179.982
-185.585
-191.418
-197.52
-203.947
-210.734
-217.891
-225.41
-233.263
-241.428
-249.886
-258.608
-267.551
-276.648
-285.813
-294.966
-304.017
-312.856
-321.354
-329.341
-336.627
-343.06
-348.518
-352.9
-356.133
-358.141
-358.858
-358.255
-356.331
-353.107
-348.629
-342.944
-336.1
-328.182
-319.29
-309.564
-299.176
-288.275
-276.992
-265.47
-253.836
-242.234
-230.813
-219.682
-208.917
-198.589
-188.748
-179.448
-170.751
-162.697
-155.321
-148.648
-142.671
-137.389
-132.804
-128.887
-125.601
-122.889
-120.665
-118.875
-117.49
-116.477
-115.82
-115.502
-115.484
-115.739
-116.237
-116.931
-117.79
-118.783
-119.877
-121.065
-122.349
-123.746
-125.298
-127.032
-128.951
-131.057
-133.335
-135.766
-138.34
-141.04
-143.845
-146.748
-149.739
-152.804
-155.935
-159.112
-162.303
-165.474
-168.577
-171.569
-174.418
-177.098
-179.589
-181.88
-183.959
-185.821
-187.466
-188.893
-190.1
-191.085
-191.848
-192.388
-192.715
-192.835
-192.762
-192.511
-192.092
-191.519
-190.803
-189.954
-188.982
-187.895
-186.697
-185.395
-183.993
-182.498
-180.916
-179.253
-177.513
-175.698
-173.812
-171.856
-169.83
-167.731
-165.555
-163.299
-160.955
-158.516
-155.974
-153.319
-150.542
-147.631
-144.574
-141.36
-137.974
-134.404
-130.637
-126.659
-122.458
-118.02
-113.335
-108.392
-103.18
-97.693
-91.922
-85.862
-79.511
-72.865
-65.925
-58.691
-51.168
-43.361
-35.276
-26.925
-18.317
-9.468
-0.394
8.889
18.359
27.995
37.774
47.67
57.657
67.707
77.792
87.883
97.948
107.958
117.881
127.686
137.343
146.821
156.091
165.124
173.893
182.371
190.534
198.359
205.824
212.91
219.6
225.88
231.738
237.162
242.147
246.687
250.781
254.428
257.632
260.398
262.735
264.652
266.162
267.281
268.025
268.413
268.467
268.209
267.664
266.856
265.811
264.556
263.119
261.528
259.811
257.994
256.106
254.173
252.221
250.277
248.365
246.506
244.724
243.037
241.465
240.023
238.725
237.584
236.609
235.81
235.191
234.758
234.511
234.452
234.576
234.882
235.363
236.009
236.811
237.753
238.823
240.004
241.281
242.635
244.048
245.501
246.978
248.463
249.938
251.386
252.788
254.127
255.387
256.551
257.605
258.534
259.325
259.967
260.454
260.782
260.947
260.943
260.763
260.399
259.846
259.104
258.175
257.063
255.779
254.334
252.751
251.062
249.293
247.47
245.621
243.766
241.932
240.142
238.418
236.789
235.282
233.915
232.695
231.624
230.686
229.869
229.156
228.502
227.858
227.161
226.339
225.342
224.138
222.696
220.961
218.9
216.509
213.868
211.163
208.578
206.24
204.264
202.817
202.045
202.033
202.677
203.588
204.392
204.889
204.883
204.132
202.445
199.736
196.73
194.953
195.648
199.528
206.016
213.856
223.227
235.636
253.787
280.303
315.143
356.277
400.498
444.225
484.73
518.317
540.37
546.152
531.244
495.507
441.715
373.789
298.742
222.138
149.606
88.88
43.09
12.97
-3.261
-11.986
-16.773
-18.49
-17.061
-10.458
1.332
16.307
32.356
47.183
59.424
68.438
73.789
75.627
74.388
70.633
65.068
58.251
50.723
43.295
36.755
31.512
27.671
25.081
23.446
22.555
22.206
22.003
21.51
20.476
18.816
16.618
14.091
11.378
8.577
5.841
3.325
1.131
-0.688
-2.148
-3.324
-4.266
-5.005
-5.577
-6.009
-6.332
-6.579
-6.782
-6.968
-7.161
-7.375
-7.623
-7.914
-8.256
-8.654
-9.104
-9.597
-10.126
-10.69
-11.29
-11.931
-12.614
-13.333
-14.085
-14.864
-15.667
-16.494
-17.341
-18.204
-19.082
-19.974
-20.882
-21.808
-22.753
-23.714
-24.69
-25.677
-26.672
-27.672
-28.674
-29.673
-30.665
-31.646
-32.614
-33.564
-34.493
-35.396
-36.267
-37.102
-37.895
-38.64
-39.332
-39.964
-40.531
-41.027
-41.445
-41.781
-42.03
-42.185
-42.242
-42.197
-42.047
-41.789
-41.42
-40.937
-40.342
-39.633
-38.813
-37.882
-36.845
-35.704
-34.467
-33.139
-31.727
-30.24
-28.688
-27.079
-25.427
-23.742
-22.039
-20.33
-18.63
-16.956
-15.322
-13.746
-12.244
-10.834
-9.532
-8.357
-7.326
-6.455
-5.762
-5.262
-4.972
-4.904
-5.074
-5.493
-6.173
-7.123
-8.351
-9.864
-11.667
-13.763
-16.153
-18.835
-21.809
-25.068
-28.607
-32.418
-36.49
-40.812
-45.37
-50.15
-55.134
-60.304
-65.642
-71.126
-76.734
-82.445
-88.234
-94.078
-99.951
-105.828
-111.684
-117.493
-123.231
-128.872
-134.391
-139.766
-144.972
-149.989
-154.795
-159.371
-163.699
-167.762
-171.545
-175.035
-178.221
-181.091
-183.639
-185.857
-187.742
-189.29
-190.5
-191.372
-191.908
-192.113
-191.989
-191.544
-190.785
-189.721
-188.362
-186.719
-184.804
-182.629
-180.209
-177.558
-174.691
-171.623
-168.37
-164.949
-161.375
-157.664
-153.833
-149.897
-145.873
-141.774
-137.617
-133.415
-129.183
-124.932
-120.677
-116.43
-112.201
-108.001
-103.841
-99.732
-95.681
-91.699
-87.794
-83.973
-80.244
-76.615
-73.091
-69.68
-66.385
-63.213
-60.167
-57.253
-54.473
-51.83
-49.327
-46.965
-44.747
-42.671
-40.74
-38.952
-37.305
-35.8
-34.433
-33.201
-32.102
-31.132
-30.285
-29.557
-28.942
-28.433
-28.022
-27.701
-27.46
-27.29
-27.18
-27.119
-27.093
-27.09
-27.096
-27.096
-27.076
-27.021
-26.913
-26.737
-26.477
-26.116
-25.638
-25.027
-24.267
-23.343
-22.241
-20.947
-19.448
-17.732
-15.787
-13.604
-11.174
-8.488
-5.542
-2.329
1.153
4.906
8.929
13.219
17.772
22.583
27.643
32.943
38.471
44.213
50.153
56.275
62.56
68.986
75.528
82.162
88.862
95.6
102.351
109.085
115.773
122.389
128.907
135.302
141.547
147.615
153.48
159.117
164.502
169.613
174.428
178.926
183.089
186.902
190.357
193.445
196.156
198.481
200.405
201.923
203.038
203.751
204.07
204.007
203.576
202.806
201.736
200.399
198.829
197.056
195.102
193.003
190.8
188.528
186.225
183.92
181.632
179.387
177.201
175.068
172.973
170.889
168.775
166.602
164.342
161.949
159.384
156.599
153.559
150.241
146.613
142.672
138.453
134.039
129.603
125.352
121.463
118.109
115.491
113.728
112.876
112.855
113.369
114.082
114.761
115.26
115.426
115.127
114.34
113.351
113.164
115.282
120.91
130.56
143.379
157.804
173.085
189.772
210.695
238.887
275.694
320.292
367.846
412.437
448.218
469.568
474.004
460.589
430.198
386.071
330.958
267.428
198.552
127.367
59.038
0.456
-43.951
-72.334
-86.634
-92.441
-93.298
-90.7
-84.93
-74.578
-60.064
-43.495
-26.806
-12.155
-1.06
5.968
8.888
8.1
4.357
-1.496
-8.757
-16.738
-24.525
-31.226
-36.311
-39.586
-41.182
-41.445
-40.644
-39.025
-37.026
-35.147
-33.688
-32.778
-32.369
-32.262
-32.31
-32.415
-32.423
-32.158
-31.522
-30.469
-29.014
-27.244
-25.221
-22.991
-20.605
-18.11
-15.549
-12.968
-10.407
-7.898
-5.474
-3.158
-0.971
1.07
2.953
4.669
6.216
7.599
8.822
9.887
10.793
11.54
12.128
12.566
12.864
13.032
13.082
13.023
12.867
12.627
12.315
11.944
11.522
11.06
10.569
10.063
9.557
9.067
8.608
8.193
7.838
7.558
7.368
7.281
7.309
7.463
7.755
8.196
8.796
9.566
10.515
11.649
12.978
14.508
16.245
18.194
20.359
22.741
25.345
28.17
31.218
34.487
37.977
41.685
45.607
49.741
54.081
58.621
63.355
68.275
73.373
78.642
84.07
89.648
95.366
101.211
107.174
113.241
119.401
125.641
131.947
138.306
144.704
151.127
157.561
163.991
170.402
176.781
183.112
189.38
195.571
201.671
207.665
213.539
219.28
224.874
230.308
235.569
240.646
245.528
250.204
254.664
258.899
262.901
266.662
270.177
273.438
276.443
279.187
281.668
283.884
285.833
287.518
288.938
290.097
290.997
291.642
292.039
292.193
292.11
291.799
291.268
290.526
289.583
288.45
287.137
285.656
284.02
282.239
280.326
278.294
276.155
273.921
271.604
269.217
266.771
264.276
261.744
259.185
256.609
254.024
251.439
248.861
246.296
243.751
241.23
238.739
236.278
233.852
231.462
229.107
226.787
224.502
222.248
220.022
217.821
215.639
213.471
211.311
209.151
206.984
204.802
202.598
200.362
198.085
195.759
193.375
190.924
188.396
185.783
183.077
180.269
177.352
174.319
171.163
167.878
164.459
160.9
157.198
153.35
149.353
145.206
140.907
136.458
131.859
127.113
122.222
117.191
112.024
106.727
101.306
95.769
90.124
84.379
78.544
72.628
66.643
60.598
54.506
48.378
42.225
36.06
29.895
23.742
17.614
11.521
5.477
-0.507
-6.419
-12.247
-17.982
-23.61
-29.123
-34.51
-39.762
-44.87
-49.824
-54.618
-59.244
-63.694
-67.963
-72.044
-75.933
-79.624
-83.113
-86.396
-89.471
-92.335
-94.987
-97.424
-99.647
-101.655
-103.448
-105.028
-106.396
-107.554
-108.503
-109.247
-109.789
-110.134
-110.287
-110.253
-110.038
-109.648
-109.09
-108.375
-107.508
-106.501
-105.362
-104.102
-102.734
-101.27
-99.722
-98.105
-96.432
-94.723
-92.992
-91.259
-89.54
-87.854
-86.219
-84.654
-83.177
-81.806
-80.556
-79.446
-78.494
-77.718
-77.138
-76.772
-76.635
-76.745
-77.117
-77.767
-78.708
-79.945
-81.486
-83.339
-85.514
-88.026
-90.886
-94.095
-97.652
-101.554
-105.793
-110.358
-115.23
-120.374
-125.761
-131.361
-137.155
-143.131
-149.27
-155.541
-161.912
-168.341
-174.8
-181.279
-187.76
-194.222
-200.666
-207.104
-213.575
-220.148
-226.859
-233.733
-240.795
-248.064
-255.585
-263.405
-271.545
-280.033
-288.905
-298.151
-307.743
-317.592
-327.464
-337.111
-346.315
-354.809
-362.345
-368.759
-373.957
-378.08
-381.563
-384.826
-388.144
-391.789
-396.059
-401.167
-407.18
-413.305
-417.86
-419.433
-417.269
-411.936
-404.661
-395.32
-382.05
-361.7
-331.848
-292.834
-248.125
-202.906
-161.303
-125.756
-97.24
-76.857
-67.919
-74.753
-101.118
-148.285
-213.949
-292.896
-378.261
-463.14
-540.882
-606.352
-656.755
-691.52
-712.314
-721.418
-720.931
-712.558
-698.452
-682.287
-667.599
-656.675
-649.542
-643.612
-636.586
-628.064
-619.369
-612.941
-610.341
-611.666
-616.06
-622.229
-629.219
-636.248
-642.674
-648.29
-653.073
-657.132
-660.733
-664.05
-667.267
-670.783
-674.983
-680.037
-685.902
-692.319
-698.991
-705.72
-712.354
-718.704
-724.534
-729.64
-733.878
-737.206
-739.639
-741.193
-741.867
-741.662
-740.619
-738.811
-736.343
-733.337
-729.866
-725.97
-721.68
-717.015
-712.004
-706.682
-701.075
-695.183
-689.01
-682.562
-675.847
-668.884
-661.673
-654.192
-646.409
-638.282
-629.79
-620.923
-611.681
-602.066
-592.082
-581.738
-571.051
-560.05
-548.759
-537.196
-525.382
-513.332
-501.07
-488.623
-476.024
-463.304
-450.496
-437.629
-424.735
-411.847
-398.996
-386.211
-373.52
-360.95
-348.528
-336.284
-324.247
-312.449
-300.918
-289.682
-278.771
-268.211
-258.03
-248.251
-238.896
-229.985
-221.537
-213.568
-206.093
-199.125
-192.675
-186.75
-181.358
-176.504
-172.189
-168.413
-165.175
-162.47
-160.292
-158.632
-157.48
-156.822
-156.643
-156.929
-157.66
-158.818
-160.381
-162.326
-164.63
-167.268
-170.214
-173.439
-176.918
-180.62
-184.519
-188.584
-192.788
-197.102
-201.499
-205.951
-210.43
-214.912
-219.37
-223.779
-228.116
-232.358
-236.483
-240.47
-244.301
-247.957
-251.421
-254.679
-257.716
-260.519
-263.078
-265.384
-267.426
-269.2
-270.698
-271.919
-272.857
-273.513
-273.886
-273.976
-273.786
-273.319
-272.579
-271.571
-270.299
-268.771
-266.993
-264.972
-262.717
-260.235
-257.537
-254.63
-251.525
-248.23
-244.756
-241.113
-237.31
-233.356
-229.263
-225.038
-220.693
-216.234
-211.673
-207.016
-202.272
-197.449
-192.554
-187.593
-182.574
-177.503
-172.385
-167.225
-162.028
-156.799
-151.542
-146.26
-140.958
-135.637
-130.301
-124.951
-119.59
-114.219
-108.84
-103.453
-98.059
-92.658
-87.25
-81.836
-76.415
-70.986
-65.549
-60.103
-54.647
-49.181
-43.703
-38.212
-32.709
-27.192
-21.66
-16.114
-10.552
-4.974
0.619
6.228
11.853
17.495
23.151
28.823
34.51
40.21
45.924
51.649
57.385
63.13
68.883
74.642
80.405
86.17
91.936
97.7
103.46
109.213
114.958
120.691
126.412
132.117
137.805
143.474
149.123
154.751
160.355
165.936
171.493
177.026
182.534
188.018
193.479
198.919
204.337
209.737
215.121
220.492
225.853
231.207
236.558
241.912
247.271
252.64
258.024
263.429
268.857
274.315
279.807
285.339
290.915
296.54
302.217
307.951
313.745
319.601
325.521
331.508
337.562
343.683
349.871
356.124
362.44
368.815
375.245
381.722
388.241
394.792
401.365
407.949
414.53
421.094
427.626
434.111
440.531
446.868
453.104
459.22
465.198
471.019
476.663
482.11
487.339
492.33
497.063
501.519
505.677
509.519
513.028
516.186
518.979
521.396
523.425
525.057
526.281
527.085
527.461
527.413
526.944
526.062
524.78
523.112
521.079
518.717
516.057
513.128
509.953
506.547
502.929
499.128
495.178
491.122
486.997
482.815
478.59
474.337
470.068
465.792
461.498
457.13
452.644
448.023
443.267
438.414
433.487
428.466
423.322
418.026
412.565
406.986
401.32
395.533
389.631
383.676
377.85
372.496
367.922
364.283
361.737
360.462
360.564
362.095
364.819
368.17
371.657
374.846
377.26
378.511
378.324
377.036
375.906
376.297
379.064
383.827
389.578
396.655
407.282
425.392
454.07
493.149
539.185
586.63
631.34
671.43
706.139
734.195
751.399
751.714
729.987
684.222
616.781
534.285
445.22
357.916
280.044
216.384
169.248
138.859
123.195
119.759
125.294
136.305
148.888
159.491
166.759
170.974
174.604
179.951
186.914
193.99
198.526
198.702
194.621
187.274
177.901
167.471
156.656
146.116
136.554
128.441
121.86
116.667
112.685
109.696
107.42
105.469
103.341
100.742
97.643
94.17
90.568
87.028
83.677
80.673
78.178
76.29
75.033
74.345
74.11
74.229
74.616
75.204
75.928
76.701
77.425
77.971
78.188
77.974
77.262
75.992
74.141
71.68
68.584
64.888
60.655
55.944
50.833
45.373
39.616
33.658
27.617
21.649
15.926
10.572
5.683
1.355
-2.331
-5.283
-7.403
-8.657
-9.044
-8.567
-7.246
-5.089
-2.117
1.607
5.985
10.898
16.229
21.897
27.841
33.996
40.295
46.659
53.004
59.288
65.49
71.583
77.552
83.376
89.051
94.608
100.097
105.572
111.068
116.6
122.163
127.757
133.381
139.018
144.654
150.256
155.789
161.234
166.574
171.786
176.833
181.664
186.228
190.5
194.47
198.123
201.449
204.414
207.005
209.266
211.242
212.984
214.549
215.919
217.083
218.1
218.982
219.703
220.204
220.257
219.63
218.282
216.196
213.317
209.725
205.506
200.743
195.784
191.024
186.162
180.878
175.397
169.254
162.921
157.034
149.662
139.547
125.193
104.651
79.744
52.612
24.99
-0.682
-24.319
-46.181
-65.768
-82.91
-97.039
-108.002
-116.328
-122.676
-127.742
-131.968
-135.713
-139.442
-143.344
-147.372
-151.358
-154.908
-157.803
-160.087
-161.737
-162.724
-163.107
-162.941
-162.369
-161.65
-160.914
-160.176
-159.46
-158.739
-157.997
-157.254
-156.476
-155.59
-154.541
-153.262
-151.712
-149.884
-147.749
-145.288
-142.493
-139.358
-135.895
-132.137
-128.111
-123.846
-119.375
-114.72
-109.913
-104.99
-99.991
-94.959
-89.933
-84.938
-80
-75.14
-70.376
-65.723
-61.191
-56.777
-52.482
-48.307
-44.251
-40.317
-36.502
-32.801
-29.208
-25.718
-22.323
-19.018
-15.799
-12.66
-9.594
-6.596
-3.661
-0.785
2.038
4.813
7.549
10.252
12.932
15.594
18.245
20.895
23.548
26.213
28.894
31.597
34.327
37.09
39.889
42.73
45.617
48.553
51.542
54.586
57.687
60.849
64.072
67.357
70.706
74.121
77.601
81.146
84.757
88.433
92.173
95.975
99.837
103.757
107.731
111.756
115.831
119.951
124.113
128.313
132.549
136.817
141.114
145.436
149.778
154.136
158.505
162.881
167.26
171.635
176.002
180.355
184.689
188.999
193.279
197.522
201.722
205.871
209.961
213.988
217.942
221.818
225.607
229.304
232.903
236.399
239.786
243.06
246.213
249.239
252.134
254.892
257.506
259.969
262.273
264.416
266.393
268.203
269.844
271.314
272.615
273.75
274.722
275.533
276.186
276.683
277.03
277.233
277.301
277.243
277.069
276.79
276.419
275.971
275.459
274.888
274.264
273.584
272.851
272.077
271.268
270.435
269.592
268.76
267.971
267.268
266.684
266.235
265.937
265.794
265.823
266.048
266.486
267.148
268.047
269.188
270.589
272.277
274.24
276.428
278.765
281.132
283.449
285.683
287.782
289.667
291.294
292.649
293.813
294.993
296.342
297.905
299.727
301.905
304.514
307.562
310.873
313.961
316.361
317.867
318.3
317.411
315.085
311.407
307.215
304.309
304.287
307.956
314.843
323.636
334.132
347.474
366.164
392.736
427.221
467.455
509.505
548.767
581.802
605.664
617.658
614.905
594.389
555.002
497.481
425.678
346.984
269.196
200.854
148.556
113.605
94.285
85.384
80.897
78.416
77.803
80.922
89.852
104.103
121.869
141.041
159.721
177.183
193.094
206.806
217.948
226.401
232.244
235.863
237.52
237.397
235.891
233.663
231.385
229.443
227.926
226.757
225.884
225.278
224.845
224.308
223.299
221.687
219.542
217
214.222
211.322
208.389
205.62
203.299
201.591
200.561
200.207
200.459
201.278
202.638
204.464
206.637
209.032
211.542
214.108
216.711
219.33
221.931
224.469
226.883
229.123
231.158
232.953
234.47
235.681
236.561
237.095
237.293
237.159
236.687
235.883
234.751
233.285
231.507
229.453
227.168
224.745
222.288
219.837
217.419
215.027
212.579
210.021
207.334
204.415
201.15
197.599
193.848
190.053
186.654
184.041
182.351
181.858
182.394
182.918
183.079
182.731
181.77
181.289
180.246
175.436
163.851
142.105
110.319
72.474
32.538
-5.382
-39.447
-70.395
-98.285
-123.292
-145.331
-163.65
-178.625
-191.053
-201.657
-211.596
-221.751
-232.535
-244.29
-257.05
-270.509
-284.419
-298.463
-312.193
-325.344
-337.761
-349.33
-360.096
-370.184
-379.716
-388.902
-397.967
-407.031
-416.159
-425.358
-434.578
-443.776
-452.89
-461.827
-470.487
-478.777
-486.641
-494.065
-501.045
-507.577
-513.651
-519.24
-524.33
-528.929
-533.04
-536.671
-539.833
-542.527
-544.777
-546.622
-548.101
-549.256
-550.123
-550.719
-551.063
-551.175
-551.069
-550.764
-550.271
-549.596
-548.748
-547.738
-546.578
-545.283
-543.861
-542.319
-540.658
-538.884
-537.001
-535.016
-532.936
-530.767
-528.516
-526.193
-523.805
-521.365
-518.882
-516.362
-513.812
-511.238
-508.647
-506.043
-503.433
-500.82
-498.208
-495.603
-493.008
-490.428
-487.867
-485.329
-482.815
-480.33
-477.874
-475.45
-473.059
-470.702
-468.38
-466.093
-463.841
-461.624
-459.442
-457.294
-455.179
-453.096
-451.043
-449.018
-447.018
-445.039
-443.08
-441.137
-439.206
-437.285
-435.368
-433.454
-431.537
-429.615
-427.684
-425.74
-423.78
-421.799
-419.793
-417.761
-415.697
-413.599
-411.465
-409.29
-407.074
-404.814
-402.508
-400.156
-397.757
-395.309
-392.813
-390.269
-387.677
-385.038
-382.353
-379.624
-376.853
-374.042
-371.193
-368.31
-365.396
-362.455
-359.489
-356.504
-353.502
-350.488
-347.465
-344.439
-341.413
-338.391
-335.378
-332.379
-329.397
-326.436
-323.501
-320.595
-317.72
-314.881
-312.078
-309.315
-306.592
-303.912
-301.275
-298.682
-296.133
-293.629
-291.171
-288.756
-286.386
-284.058
-281.772
-279.526
-277.318
-275.146
-273.01
-270.906
-268.832
-266.788
-264.771
-262.78
-260.812
-258.867
-256.941
-255.033
-253.143
-251.268
-249.408
-247.561
-245.729
-243.912
-242.114
-240.338
-238.585
-236.861
-235.169
-233.512
-231.896
-230.323
-228.793
-227.309
-225.873
-224.488
-223.158
-221.887
-220.675
-219.525
-218.441
-217.423
-216.475
-215.593
-214.774
-214.014
-213.313
-212.676
-212.109
-211.617
-211.199
-210.852
-210.575
-210.361
-210.201
-210.074
-209.952
-209.806
-209.615
-209.358
-209.019
-208.576
-207.998
-207.263
-206.344
-205.218
-203.87
-202.294
-200.489
-198.475
-196.283
-193.949
-191.529
-189.085
-186.681
-184.39
-182.268
-180.354
-178.7
-177.376
-176.439
-175.906
-175.713
-175.702
-175.708
-175.591
-175.185
-174.258
-172.57
-169.999
-166.681
-162.946
-159.118
-155.5
-152.413
-150.286
-149.689
-150.237
-150.26
-148.249
-142.875
-135.011
-128.109
-123.036
-118.352
-109.208
-86.844
-47.25
8.981
77.241
146.897
210.214
262.172
298.211
318.47
321.41
304.434
268.352
213.109
142.077
63.177
-16.244
-86.99
-141.529
-178.353
-198.625
-207.074
-209.708
-208.84
-204.996
-197.48
-185.156
-169.296
-152.429
-136.848
-124.538
-116.354
-112.196
-111.672
-113.931
-117.836
-122.139
-125.762
-128.102
-128.771
-127.625
-124.752
-120.373
-114.963
-109.217
-103.78
-99.043
-95.232
-92.399
-90.479
-89.401
-89.007
-89.041
-89.205
-89.252
-89.033
-88.488
-87.613
-86.406
-84.855
-82.957
-80.739
-78.24
-75.487
-72.499
-69.283
-65.843
-62.208
-58.417
-54.52
-50.571
-46.603
-42.639
-38.695
-34.782
-30.912
-27.095
-23.33
-19.607
-15.922
-12.272
-8.66
-5.088
-1.556
1.946
5.424
8.883
12.326
15.753
19.164
22.559
25.937
29.295
32.628
35.931
39.2
42.433
45.63
48.789
51.909
54.99
58.031
61.032
63.993
66.915
69.797
72.64
75.443
78.208
80.936
83.628
86.287
88.914
91.511
94.083
96.63
99.157
101.666
104.16
106.643
109.118
111.588
114.057
116.528
119.004
121.489
123.984
126.492
129.015
131.555
134.112
136.688
139.283
141.895
144.523
147.165
149.82
152.484
155.153
157.824
160.49
163.147
165.788
168.406
170.994
173.542
176.043
178.486
180.863
183.163
185.376
187.491
189.499
191.388
193.149
194.771
196.244
197.56
198.708
199.68
200.468
201.066
201.466
201.664
201.655
201.434
201
200.351
199.487
198.408
197.118
195.618
193.913
192.01
189.916
187.637
185.185
182.569
179.8
176.892
173.858
170.711
167.468
164.144
160.754
157.315
153.844
150.358
146.874
143.408
139.976
136.596
133.283
130.053
126.92
123.898
121.001
118.241
115.629
113.176
110.89
108.78
106.853
105.113
103.565
102.212
101.055
100.095
99.329
98.755
98.37
98.167
98.141
98.284
98.588
99.042
99.637
100.36
101.202
102.148
103.187
104.305
105.49
106.727
108.004
109.308
110.625
111.944
113.252
114.537
115.789
116.997
118.152
119.245
120.269
121.217
122.083
122.862
123.55
124.145
124.646
125.051
125.361
125.578
125.704
125.742
125.696
125.572
125.375
125.111
124.788
124.413
123.993
123.537
123.053
122.548
122.03
121.509
120.99
120.483
119.993
119.529
119.095
118.697
118.341
118.031
117.77
117.561
117.407
117.308
117.265
117.277
117.345
117.466
117.638
117.858
118.124
118.43
118.772
119.145
119.543
119.959
120.388
120.822
121.255
121.68
122.09
122.481
122.845
123.176
123.471
123.724
123.929
124.083
124.182
124.222
124.202
124.119
123.973
123.763
123.49
123.155
122.76
122.307
121.799
121.238
120.626
119.969
119.268
118.529
117.756
116.954
116.128
115.284
114.428
113.565
112.7
111.837
110.981
110.134
109.296
108.468
107.653
106.849
106.057
105.278
104.511
103.758
103.019
102.294
101.581
100.878
100.178
99.477
98.768
98.045
97.303
96.536
95.738
94.902
94.026
93.106
92.133
91.094
89.968
88.736
87.386
85.909
84.294
82.538
80.636
78.59
76.421
74.146
71.783
69.344
66.821
64.211
61.517
58.749
55.93
53.07
50.154
47.165
44.093
40.929
37.672
34.29
30.694
26.798
22.527
17.818
12.667
7.052
0.895
-5.833
-13.107
-20.842
-28.829
-36.865
-44.859
-52.651
-59.999
-66.782
-72.944
-78.556
-83.971
-89.564
-95.604
-102.52
-110.879
-120.467
-130.315
-139.526
-146.713
-151.994
-157.469
-163.241
-168.305
-169.396
-159.928
-136.861
-100.399
-53.497
-4.119
41.859
80.481
107.553
122.603
123.231
105.513
68.754
11.264
-64.477
-149.49
-234.403
-306.951
-356.868
-382.766
-387.794
-379.181
-365.503
-349.471
-329.933
-305.922
-276.983
-245.844
-217.915
-195.671
-178.919
-166.59
-156.118
-146.86
-140.292
-136.887
-136.822
-139.533
-143.279
-147.049
-150.39
-152.872
-154.391
-154.777
-153.882
-151.86
-148.909
-145.149
-140.693
-135.586
-130.002
-124.354
-118.887
-113.659
-108.736
-104.135
-99.916
-96.266
-93.166
-90.353
-87.678
-85.062
-82.456
-79.908
-77.404
-74.825
-72.166
-69.526
-66.962
-64.527
-62.231
-60.019
-57.87
-55.802
-53.809
-51.878
-49.993
-48.133
-46.291
-44.478
-42.697
-40.948
-39.227
-37.524
-35.832
-34.148
-32.47
-30.794
-29.119
-27.443
-25.762
-24.071
-22.369
-20.65
-18.911
-17.146
-15.353
-13.525
-11.661
-9.761
-7.825
-5.852
-3.844
-1.799
0.285
2.406
4.567
6.769
9.013
11.3
13.633
16.011
18.436
20.906
23.423
25.986
28.595
31.249
33.948
36.689
39.472
42.294
45.153
48.047
50.972
53.925
56.902
59.898
62.909
65.93
68.954
71.977
74.992
77.993
80.972
83.923
86.837
89.705
92.519
95.269
97.945
100.537
103.035
105.428
107.706
109.859
111.877
113.75
115.468
117.022
118.403
119.603
120.615
121.431
122.045
122.451
122.646
122.627
122.39
121.934
121.26
120.369
119.262
117.944
116.42
114.694
112.776
110.675
108.399
105.962
103.375
100.653
97.812
94.866
91.834
88.734
85.583
82.402
79.211
76.029
72.877
69.776
66.745
63.807
60.98
58.285
55.74
53.363
51.172
49.184
47.412
45.871
44.574
43.53
42.75
42.24
42.006
42.052
42.379
42.987
43.874
45.035
46.465
48.154
50.093
52.27
54.67
57.279
60.078
63.05
66.174
69.429
72.792
76.24
79.748
83.293
86.849
90.389
93.89
97.324
100.668
103.895
106.983
109.909
112.65
115.186
117.496
119.565
121.375
122.911
124.162
125.118
125.768
126.108
126.132
125.839
125.229
124.304
123.068
121.527
119.691
117.569
115.173
112.517
109.617
106.49
103.154
99.627
95.932
92.088
88.119
84.046
79.893
75.681
71.435
67.176
62.927
58.709
54.542
50.447
46.442
42.545
38.771
35.136
31.654
28.336
25.191
22.23
19.458
16.882
14.503
12.325
10.348
8.57
6.988
5.6
4.398
3.377
2.528
1.843
1.311
0.921
0.663
0.525
0.493
0.557
0.705
0.923
1.2
1.525
1.886
2.271
2.671
3.076
3.477
3.866
4.235
4.577
4.889
5.164
5.4
5.594
5.744
5.85
5.911
5.927
5.901
5.834
5.728
5.587
5.416
5.218
4.996
4.757
4.503
4.24
3.972
3.701
3.428
3.157
2.887
2.621
2.359
2.101
1.848
1.599
1.356
1.122
0.895
0.673
0.454
0.235
0.013
-0.213
-0.449
-0.699
-0.966
-1.252
-1.554
-1.874
-2.214
-2.581
-2.983
-3.43
-3.921
-4.461
-5.047
-5.676
-6.342
-7.029
-7.713
-8.373
-8.994
-9.561
-10.069
-10.506
-10.857
-11.108
-11.242
-11.247
-11.117
-10.847
-10.443
-9.928
-9.336
-8.71
-8.108
-7.577
-7.17
-6.941
-6.939
-7.206
-7.768
-8.649
-9.895
-11.541
-13.582
-15.933
-18.422
-20.851
-23.047
-24.838
-25.99
-26.281
-25.579
-23.995
-21.853
-19.507
-17.302
-15.531
-14.536
-14.754
-16.019
-17.244
-17.272
-14.926
-10.325
-5.283
-0.178
6.135
16.918
37.422
69.83
112.875
162.692
213.083
259.75
300.583
332.975
354.532
361.864
350.452
319.271
269.666
204.07
128.332
48.027
-31.065
-100.527
-154.352
-189.824
-207.284
-212.307
-211.372
-207.834
-202.793
-195.048
-182.698
-166.176
-147.275
-127.792
-109.382
-92.714
-77.901
-64.983
-53.862
-44.422
-36.433
-29.743
-24.351
-20.15
-16.806
-13.945
-11.128
-7.917
-4.182
0.137
5.162
10.89
17.193
23.906
30.731
37.321
43.572
49.496
55.087
60.408
65.501
70.381
75.151
79.949
84.808
89.702
94.581
99.355
103.973
108.414
112.626
116.548
120.127
123.314
126.088
128.454
130.411
131.962
133.109
133.855
134.219
134.228
133.906
133.273
132.349
131.149
129.695
128.013
126.129
124.069
121.858
119.519
117.078
114.559
111.988
109.387
106.779
104.183
101.62
99.11
96.673
94.329
92.097
89.99
88.026
86.217
84.574
83.106
81.82
80.722
79.813
79.097
78.573
78.239
78.094
78.131
78.347
78.734
79.283
79.986
80.832
81.811
82.91
84.118
85.42
86.804
88.256
89.763
91.311
92.885
94.474
96.062
97.639
99.192
100.709
102.181
103.596
104.946
106.224
107.421
108.532
109.552
110.477
111.304
112.03
112.655
113.177
113.596
113.915
114.133
114.253
114.278
114.211
114.054
113.812
113.488
113.086
112.61
112.065
111.454
110.781
110.05
109.265
108.428
107.544
106.615
105.643
104.631
103.58
102.492
101.369
100.21
99.016
97.788
96.525
95.226
93.891
92.518
91.106
89.653
88.159
86.62
85.036
83.404
81.723
79.992
78.209
76.373
74.483
72.54
70.542
68.49
66.385
64.228
62.02
59.764
57.462
55.118
52.734
50.315
47.865
45.39
42.893
40.381
37.861
35.337
32.818
30.31
27.82
25.356
22.926
20.538
18.199
15.919
13.704
11.563
9.503
7.533
5.66
3.891
2.232
0.691
-0.727
-2.016
-3.172
-4.189
-5.066
-5.797
-6.382
-6.819
-7.107
-7.245
-7.235
-7.077
-6.774
-6.329
-5.745
-5.027
-4.18
-3.209
-2.121
-0.923
0.377
1.771
3.25
4.804
6.425
8.102
9.825
11.583
13.366
15.162
16.96
18.749
20.519
22.258
23.957
25.604
27.192
28.71
30.149
31.503
32.763
33.923
34.976
35.919
36.746
37.455
38.043
38.508
38.85
39.071
39.17
39.152
39.018
38.774
38.425
37.976
37.434
36.807
36.103
35.332
34.502
33.624
32.709
31.769
30.814
29.858
28.911
27.984
27.09
26.241
25.446
24.716
24.061
23.492
23.016
22.642
22.377
22.228
22.2
22.296
22.52
22.874
23.358
23.971
24.711
25.575
26.559
27.657
28.864
30.169
31.565
33.039
34.581
36.177
37.813
39.47
41.134
42.785
44.408
45.984
47.495
48.922
50.248
51.459
52.538
53.469
54.236
54.822
55.213
55.394
55.353
55.076
54.553
53.773
52.733
51.431
49.865
48.035
45.937
43.566
40.92
38.008
34.834
31.41
27.752
23.878
19.817
15.609
11.288
6.881
2.416
-2.094
-6.62
-11.133
-15.613
-20.03
-24.366
-28.608
-32.737
-36.739
-40.631
-44.436
-48.188
-51.946
-55.74
-59.594
-63.555
-67.65
-71.92
-76.41
-81.116
-86.044
-91.224
-96.649
-102.288
-108.055
-113.73
-119.066
-123.877
-127.944
-131.059
-133.082
-133.922
-133.696
-132.781
-131.635
-130.665
-130.175
-130.472
-131.822
-134.27
-137.488
-140.388
-141.29
-138.8
-132.144
-121.8
-108.99
-94.215
-77.129
-55.432
-26.666
9.916
53.503
99.555
142.143
175.03
191.757
189
165.104
121.41
62.161
-9.051
-87.114
-167.178
-244.979
-313.784
-368.435
-406.742
-428.841
-439.156
-443.026
-443.087
-440.288
-434.077
-423.432
-409.21
-393.183
-377.012
-362.276
-349.91
-340.486
-334.135
-330.491
-329.068
-329.302
-330.765
-333.174
-335.965
-338.291
-339.626
-339.794
-338.833
-337.029
-334.589
-331.605
-328.363
-325.329
-322.811
-320.93
-319.658
-318.779
-318.106
-317.545
-316.96
-316.174
-315.078
-313.621
-311.805
-309.715
-307.429
-304.995
-302.464
-299.888
-297.302
-294.75
-292.274
-289.908
-287.692
-285.656
-283.821
-282.202
-280.808
-279.642
-278.7
-277.972
-277.441
-277.095
-276.925
-276.924
-277.087
-277.401
-277.854
-278.429
-279.11
-279.883
-280.734
-281.645
-282.604
-283.596
-284.611
-285.637
-286.666
-287.684
-288.681
-289.641
-290.553
-291.403
-292.179
-292.868
-293.46
-293.944
-294.31
-294.552
-294.663
-294.635
-294.463
-294.143
-293.67
-293.043
-292.259
-291.317
-290.218
-288.964
-287.556
-285.998
-284.294
-282.45
-280.471
-278.365
-276.138
-273.799
-271.357
-268.82
-266.199
-263.502
-260.74
-257.923
-255.061
-252.166
-249.248
-246.316
-243.382
-240.455
-237.544
-234.659
-231.806
-228.994
-226.231
-223.52
-220.869
-218.282
-215.761
-213.311
-210.931
-208.624
-206.388
-204.223
-202.126
-200.094
-198.122
-196.208
-194.344
-192.524
-190.742
-188.991
-187.263
-185.549
-183.842
-182.132
-180.41
-178.668
-176.896
-175.085
-173.227
-171.312
-169.333
-167.281
-165.148
-162.928
-160.615
-158.202
-155.685
-153.06
-150.324
-147.474
-144.509
-141.429
-138.234
-134.926
-131.508
-127.984
-124.356
-120.632
-116.817
-112.917
-108.94
-104.894
-100.788
-96.629
-92.428
-88.194
-83.936
-79.664
-75.388
-71.118
-66.864
-62.636
-58.441
-54.291
-50.193
-46.155
-42.185
-38.291
-34.478
-30.753
-27.121
-23.586
-20.151
-16.82
-13.594
-10.476
-7.465
-4.562
-1.765
0.927
3.516
6.005
8.396
10.694
12.902
15.024
17.065
19.03
20.923
22.749
24.512
26.219
27.873
29.48
31.043
32.567
34.055
35.511
36.939
38.34
39.717
41.072
42.407
43.721
45.016
46.292
47.548
48.784
49.999
51.19
52.358
53.499
54.611
55.692
56.739
57.751
58.725
59.658
60.548
61.394
62.193
62.944
63.646
64.297
64.898
65.448
65.948
66.398
66.801
67.159
67.474
67.751
67.993
68.205
68.392
68.561
68.718
68.869
69.022
69.184
69.363
69.568
69.806
70.086
70.416
70.807
71.266
71.801
72.421
73.133
73.944
74.861
75.89
77.035
78.303
79.696
81.218
82.871
84.657
86.575
88.625
90.804
93.11
95.536
98.079
100.73
103.48
106.322
109.243
112.235
115.284
118.377
121.5
124.639
127.778
130.901
133.989
137.025
139.989
142.863
145.629
148.269
150.765
153.102
155.265
157.242
159.02
160.587
161.932
163.044
163.916
164.54
164.909
165.021
164.873
164.465
163.803
162.893
161.74
160.35
158.727
156.87
154.786
152.486
149.984
147.293
144.436
141.436
138.326
135.148
131.939
128.737
125.575
122.481
119.492
116.643
113.968
111.51
109.308
107.374
105.726
104.372
103.304
102.525
102.013
101.707
101.55
101.476
101.417
101.34
101.179
100.843
100.288
99.494
98.513
97.529
96.718
96.218
96.22
96.912
98.414
100.791
103.864
107.176
110.244
112.647
114.041
114.158
112.875
110.33
107.125
104.348
103.348
105.432
111.701
123.296
141.151
165.754
197.163
234.299
274.932
316.869
357.851
396.08
431.433
463.238
489.478
507.406
512.155
499.061
466.921
416.695
351.59
277.712
200.697
126.67
63.579
16.648
-12.078
-23.853
-24.712
-20.913
-15.637
-10.139
-3.489
5.833
17.172
29.089
40.14
48.597
53.788
55.98
55.599
53.378
50.157
46.38
42.429
38.92
36.303
34.782
34.426
35.044
36.269
37.871
39.605
41.083
42.051
42.387
42.052
41.163
39.913
38.467
37.007
35.739
34.786
34.207
34.029
34.224
34.756
35.589
36.674
37.959
39.407
40.993
42.688
44.466
46.286
48.095
49.853
51.534
53.118
54.595
55.96
57.209
58.346
59.384
60.334
61.202
61.995
62.713
63.362
63.955
64.504
65.023
65.524
66.018
66.516
67.028
67.562
68.126
68.725
69.362
70.044
70.777
71.568
72.425
73.354
74.36
75.448
76.623
77.887
79.243
80.69
82.228
83.855
85.569
87.367
89.246
91.2
93.224
95.311
97.454
99.646
101.878
104.139
106.42
108.712
111.002
113.281
115.535
117.755
119.927
122.041
124.085
126.047
127.917
129.682
131.334
132.861
134.256
135.508
136.61
137.556
138.339
138.955
139.4
139.671
139.767
139.686
139.43
139
138.399
137.63
136.699
135.609
134.369
132.985
131.466
129.821
128.06
126.193
124.231
122.186
120.07
117.894
115.673
113.417
111.141
108.856
106.576
104.312
102.078
99.884
97.742
95.663
93.657
91.733
89.9
88.166
86.538
85.022
83.623
82.345
81.192
80.166
79.269
78.501
77.862
77.35
76.963
76.699
76.554
76.523
76.601
76.784
77.064
77.435
77.891
78.423
79.026
79.69
80.408
81.173
81.978
82.814
83.675
84.554
85.445
86.34
87.236
88.128
89.009
89.878
90.731
91.566
92.381
93.174
93.947
94.698
95.43
96.143
96.841
97.525
98.199
98.866
99.53
100.197
100.869
101.553
102.253
102.973
103.719
104.496
105.307
106.158
107.052
107.993
108.984
110.028
111.126
112.281
113.494
114.763
116.089
117.469
118.902
120.383
121.909
123.475
125.074
126.699
128.343
129.997
131.652
133.298
134.925
136.521
138.075
139.575
141.008
142.362
143.624
144.781
145.82
146.729
147.494
148.103
148.545
148.807
148.88
148.752
148.414
147.857
147.073
146.056
144.8
143.301
141.554
139.559
137.315
134.822
132.085
129.105
125.889
122.442
118.774
114.892
110.808
106.533
102.08
97.464
92.699
87.802
82.789
77.68
72.493
67.246
61.959
56.651
51.344
46.055
40.805
35.614
30.501
25.485
20.585
15.818
11.201
6.749
2.477
-1.602
-5.476
-9.136
-12.574
-15.782
-18.756
-21.492
-23.987
-26.243
-28.259
-30.04
-31.591
-32.917
-34.028
-34.935
-35.652
-36.193
-36.572
-36.805
-36.911
-36.907
-36.81
-36.638
-36.406
-36.133
-35.836
-35.535
-35.248
-34.992
-34.785
-34.643
-34.582
-34.617
-34.76
-35.019
-35.4
-35.911
-36.56
-37.356
-38.31
-39.429
-40.715
-42.169
-43.791
-45.572
-47.502
-49.56
-51.717
-53.95
-56.233
-58.54
-60.852
-63.14
-65.378
-67.546
-69.61
-71.546
-73.337
-74.965
-76.424
-77.722
-78.858
-79.847
-80.736
-81.562
-82.388
-83.279
-84.274
-85.432
-86.819
-88.461
-90.366
-92.495
-94.704
-96.839
-98.755
-100.262
-101.183
-101.39
-100.794
-99.496
-97.824
-96.122
-94.754
-94.039
-94.23
-95.627
-98.312
-101.892
-105.592
-108.023
-107.756
-104.1
-95.968
-83.071
-65.448
-41.789
-12.498
22.326
62.753
106.235
151.232
195.267
234.45
265.576
284.382
287.408
272.461
239.628
191.36
130.266
61.149
-11.035
-81.346
-142.287
-188.574
-218.266
-232.121
-235.44
-234.042
-230.737
-226.311
-219.735
-209.605
-196.526
-182.029
-167.465
-154.108
-142.504
-132.955
-125.768
-120.82
-117.778
-116.319
-116.245
-117.419
-119.587
-122.149
-124.374
-125.849
-126.466
-126.269
-125.309
-123.591
-121.176
-118.354
-115.562
-113.059
-110.9
-109.003
-107.24
-105.544
-103.881
-102.151
-100.184
-97.868
-95.174
-92.136
-88.84
-85.348
-81.687
-77.892
-74.014
-70.108
-66.223
-62.404
-58.67
-55.032
-51.508
-48.109
-44.848
-41.735
-38.767
-35.936
-33.236
-30.666
-28.224
-25.916
-23.739
-21.689
-19.759
-17.943
-16.235
-14.63
-13.123
-11.705
-10.368
-9.105
-7.91
-6.779
-5.706
-4.681
-3.695
-2.738
-1.8
-0.872
0.056
0.995
1.954
2.941
3.964
5.03
6.146
7.318
8.551
9.852
11.225
12.674
14.202
15.811
17.504
19.28
21.139
23.079
25.099
27.195
29.362
31.595
33.887
36.232
38.621
41.046
43.498
45.965
48.437
50.903
53.352
55.771
58.148
60.472
62.728
64.907
66.994
68.98
70.852
72.599
74.211
75.677
76.988
78.135
79.109
79.903
80.51
80.925
81.142
81.157
80.97
80.577
79.978
79.174
78.168
76.961
75.56
73.967
72.191
70.238
68.117
65.837
63.407
60.839
58.143
55.332
52.417
49.413
46.332
43.187
39.993
36.763
33.511
30.25
26.996
23.76
20.557
17.399
14.299
11.268
8.318
5.46
2.702
0.054
-2.475
-4.88
-7.154
-9.291
-11.289
-13.143
-14.853
-16.416
-17.832
-19.103
-20.23
-21.215
-22.061
-22.772
-23.353
-23.809
-24.146
-24.369
-24.487
-24.505
-24.432
-24.274
-24.042
-23.741
-23.382
-22.973
-22.522
-22.037
-21.528
-21.002
-20.467
-19.932
-19.403
-18.886
-18.389
-17.917
-17.476
-17.07
-16.703
-16.38
-16.104
-15.877
-15.701
-15.58
-15.513
-15.503
-15.55
-15.654
-15.815
-16.032
-16.306
-16.635
-17.019
-17.455
-17.943
-18.48
-19.065
-19.695
-20.368
-21.083
-21.835
-22.624
-23.445
-24.297
-25.178
-26.085
-27.015
-27.966
-28.937
-29.925
-30.929
-31.947
-32.977
-34.016
-35.064
-36.118
-37.177
-38.238
-39.3
-40.361
-41.418
-42.469
-43.512
-44.545
-45.563
-46.565
-47.548
-48.506
-49.438
-50.338
-51.205
-52.033
-52.818
-53.558
-54.246
-54.88
-55.455
-55.965
-56.408
-56.776
-57.066
-57.272
-57.391
-57.416
-57.345
-57.173
-56.897
-56.513
-56.019
-55.412
-54.69
-53.851
-52.895
-51.821
-50.63
-49.322
-47.9
-46.366
-44.723
-42.977
-41.133
-39.197
-37.175
-35.076
-32.906
-30.675
-28.393
-26.071
-23.718
-21.347
-18.97
-16.602
-14.258
-11.954
-9.704
-7.524
-5.429
-3.435
-1.556
0.196
1.811
3.277
4.584
5.72
6.674
7.437
8.001
8.358
8.499
8.422
8.122
7.6
6.863
5.913
4.755
3.39
1.815
0.031
-1.955
-4.136
-6.5
-9.031
-11.707
-14.498
-17.367
-20.279
-23.202
-26.104
-28.965
-31.757
-34.458
-37.047
-39.492
-41.764
-43.84
-45.703
-47.355
-48.817
-50.106
-51.25
-52.29
-53.267
-54.249
-55.3
-56.464
-57.779
-59.254
-60.912
-62.842
-65.091
-67.618
-70.313
-72.957
-75.318
-77.266
-78.611
-79.031
-78.337
-76.521
-73.766
-70.546
-67.379
-64.665
-62.871
-62.542
-63.513
-64.797
-65.341
-64.179
-61.779
-59.563
-57.255
-52.31
-39.626
-14.428
24.073
72.504
123.884
172.194
215.087
252.171
284.449
310.585
325.805
324.872
303.229
259.608
196.64
119.76
36.394
-45.919
-120.05
-180.511
-224.79
-253.002
-267.223
-271.053
-267.318
-257.122
-242.314
-223.877
-202.954
-182.341
-162.483
-143.911
-127.621
-113.217
-101.895
-94.454
-90.453
-89.777
-91.437
-94.27
-97.548
-100.381
-102.055
-102.306
-101.104
-98.588
-95.041
-90.757
-86.062
-81.396
-77.231
-73.82
-71.191
-69.248
-67.795
-66.679
-65.798
-65.006
-64.134
-63.087
-61.838
-60.424
-58.934
-57.428
-55.94
-54.503
-53.156
-51.936
-50.882
-50.026
-49.39
-48.991
-48.837
-48.936
-49.291
-49.899
-50.754
-51.836
-53.124
-54.599
-56.247
-58.057
-60.017
-62.11
-64.316
-66.614
-68.984
-71.408
-73.866
-76.34
-78.809
-81.257
-83.669
-86.032
-88.334
-90.563
-92.705
-94.746
-96.673
-98.475
-100.142
-101.664
-103.03
-104.236
-105.274
-106.14
-106.833
-107.35
-107.689
-107.851
-107.836
-107.648
-107.29
-106.764
-106.078
-105.237
-104.249
-103.122
-101.866
-100.491
-99.008
-97.429
-95.766
-94.032
-92.24
-90.405
-88.541
-86.661
-84.781
-82.915
-81.078
-79.284
-77.549
-75.885
-74.309
-72.832
-71.469
-70.231
-69.131
-68.181
-67.391
-66.772
-66.333
-66.082
-66.028
-66.178
-66.537
-67.111
-67.905
-68.92
-70.159
-71.623
-73.311
-75.223
-77.355
-79.705
-82.268
-85.037
-88.007
-91.17
-94.518
-98.04
-101.727
-105.568
-109.55
-113.66
-117.886
-122.214
-126.628
-131.114
-135.656
-140.239
-144.845
-149.46
-154.066
-158.648
-163.188
-167.671
-172.081
-176.403
-180.622
-184.723
-188.692
-192.518
-196.187
-199.689
-203.013
-206.15
-209.092
-211.83
-214.36
-216.675
-218.772
-220.648
-222.3
-223.729
-224.933
-225.916
-226.679
-227.226
-227.561
-227.691
-227.622
-227.362
-226.919
-226.302
-225.522
-224.588
-223.513
-222.307
-220.983
-219.553
-218.029
-216.423
-214.747
-213.015
-211.237
-209.425
-207.59
-205.743
-203.893
-202.051
-200.224
-198.422
-196.651
-194.918
-193.228
-191.588
-190
-188.468
-186.994
-185.58
-184.225
-182.929
-181.69
-180.506
-179.373
-178.286
-177.241
-176.232
-175.252
-174.293
-173.348
-172.408
-171.464
-170.508
-169.529
-168.518
-167.465
-166.361
-165.197
-163.962
-162.648
-161.245
-159.747
-158.144
-156.429
-154.595
-152.634
-150.542
-148.312
-145.94
-143.421
-140.752
-137.931
-134.955
-131.825
-128.539
-125.097
-121.502
-117.755
-113.858
-109.816
-105.631
-101.309
-96.856
-92.276
-87.578
-82.767
-77.851
-72.838
-67.736
-62.552
-57.295
-51.973
-46.593
-41.164
-35.694
-30.192
-24.665
-19.122
-13.57
-8.019
-2.475
3.054
8.559
14.036
19.475
24.872
30.218
35.509
40.737
45.898
50.985
55.991
60.912
65.742
70.476
75.109
79.636
84.053
88.355
92.538
96.596
100.527
104.324
107.981
111.491
114.849
118.049
121.086
123.953
126.645
129.159
131.492
133.642
135.608
137.388
138.979
140.379
141.587
142.603
143.426
144.055
144.492
144.74
144.805
144.696
144.418
143.979
143.378
142.616
141.696
140.625
139.411
138.064
136.6
135.034
133.394
131.713
130.02
128.344
126.706
125.126
123.627
122.228
120.949
119.818
118.856
118.077
117.488
117.087
116.854
116.776
116.827
116.955
117.108
117.221
117.228
117.076
116.727
116.142
115.271
114.084
112.584
110.843
109.023
107.312
105.867
104.827
104.359
104.606
105.634
107.339
109.384
111.344
112.897
113.856
114.01
113.185
111.385
108.949
107.028
107.348
111.271
119.491
131.376
145.531
161.448
179.748
203.046
234.039
273.441
319.925
368.301
412.674
448.112
469.943
476.853
467.841
441.618
399.14
340.567
268.468
189.276
109.605
38.433
-16.553
-53.418
-73.148
-80.868
-83.332
-83.385
-81.645
-77.11
-67.87
-54.477
-38.828
-22.609
-7.547
5.495
16.222
24.345
30.008
33.675
35.788
36.607
36.329
35.237
33.893
33.017
33.002
33.88
35.521
37.804
40.667
44.031
47.6
50.922
53.727
55.956
57.698
59.131
60.363
61.451
62.509
63.709
65.164
66.922
68.958
71.184
73.536
75.982
78.485
81.007
83.503
85.928
88.243
90.416
92.426
94.258
95.898
97.339
98.577
99.615
100.465
101.147
101.678
102.068
102.326
102.459
102.478
102.401
102.243
102.02
101.748
101.44
101.113
100.783
100.464
100.167
99.905
99.684
99.516
99.413
99.386
99.447
99.606
99.873
100.256
100.766
101.409
102.19
103.114
104.183
105.4
106.766
108.281
109.946
111.757
113.714
115.811
118.046
120.412
122.903
125.511
128.229
131.046
133.952
136.938
139.991
143.1
146.252
149.433
152.631
155.831
159.021
162.186
165.312
168.385
171.392
174.319
177.154
179.885
182.498
184.984
187.331
189.53
191.573
193.45
195.154
196.68
198.021
199.172
200.131
200.893
201.459
201.826
201.996
201.969
201.749
201.338
200.742
199.966
199.017
197.902
196.629
195.207
193.647
191.958
190.152
188.241
186.235
184.147
181.99
179.776
177.518
175.229
172.921
170.607
168.298
166.008
163.748
161.528
159.361
157.254
155.218
153.262
151.394
149.621
147.95
146.387
144.936
143.601
142.386
141.292
140.32
139.471
138.742
138.134
137.642
137.265
136.998
136.837
136.778
136.816
136.944
137.157
137.447
137.808
138.231
138.711
139.239
139.807
140.407
141.033
141.676
142.33
142.988
143.644
144.29
144.919
145.526
146.105
146.65
147.156
147.619
148.035
148.401
148.715
148.974
149.177
149.322
149.409
149.434
149.396
149.292
149.119
148.877
148.564
148.178
147.721
147.193
146.595
145.931
145.204
144.417
143.57
142.666
141.704
140.687
139.617
138.495
137.326
136.112
134.855
133.565
132.245
130.9
129.528
128.122
126.679
125.201
123.693
122.159
120.608
119.051
117.501
115.989
114.543
113.186
111.942
110.819
109.819
108.954
108.238
107.688
107.318
107.114
107.056
107.135
107.337
107.653
108.056
108.464
108.789
108.95
108.866
108.504
107.83
106.762
105.272
103.385
101.173
98.827
96.532
94.358
92.433
90.926
89.842
89.16
88.714
88.059
86.908
85.128
82.441
78.653
73.928
68.622
63.523
59.838
58.372
59.819
65.165
75.212
90.324
109.967
132.425
155.695
178.589
201.305
224.274
246.821
266.854
279.863
281.325
268.538
240.435
200.409
154.009
107.342
66.9
34.598
9.349
-11.924
-34.351
-59.966
-88.508
-118.471
-146.557
-170.922
-191.26
-207.62
-220.781
-231.349
-239.365
-244.988
-248.577
-250.464
-251.014
-250.601
-249.439
-247.555
-244.982
-241.631
-237.277
-231.929
-225.708
-218.723
-211.184
-203.246
-194.972
-186.527
-178.118
-169.847
-161.776
-153.917
-146.217
-138.689
-131.38
-124.302
-117.451
-110.781
-104.217
-97.724
-91.282
-84.91
-78.677
-72.626
-66.78
-61.183
-55.865
-50.85
-46.168
-41.795
-37.667
-33.739
-29.977
-26.373
-22.951
-19.712
-16.645
-13.718
-10.872
-8.065
-5.272
-2.459
0.407
3.344
6.365
9.449
12.538
15.593
18.596
21.538
24.434
27.291
30.105
32.877
35.608
38.302
40.97
43.618
46.249
48.873
51.51
54.192
56.969
59.879
62.947
66.193
69.628
73.263
77.11
81.172
85.443
89.921
94.601
99.48
104.557
109.826
115.275
120.892
126.657
132.552
138.563
144.672
150.861
157.114
163.414
169.744
176.09
182.437
188.766
195.059
201.295
207.454
213.517
219.464
225.275
230.93
236.41
241.699
246.779
251.634
256.249
260.611
264.705
268.521
272.048
275.276
278.196
280.802
283.088
285.049
286.682
287.984
288.955
289.596
289.906
289.889
289.549
288.888
287.914
286.63
285.046
283.169
281.008
278.573
275.875
272.926
269.736
266.32
262.69
258.859
254.839
250.646
246.292
241.79
237.155
232.399
227.535
222.577
217.537
212.427
207.259
202.045
196.795
191.519
186.227
180.928
175.63
170.342
165.071
159.823
154.604
149.421
144.277
139.178
134.126
129.126
124.178
119.286
114.45
109.671
104.95
100.287
95.682
91.133
86.639
82.201
77.816
73.482
69.199
64.963
60.774
56.629
52.527
48.466
44.444
40.459
36.512
32.599
28.721
24.875
21.063
17.282
13.533
9.815
6.128
2.473
-1.15
-4.741
-8.3
-11.824
-15.313
-18.767
-22.183
-25.562
-28.901
-32.199
-35.455
-38.669
-41.839
-44.964
-48.044
-51.078
-54.065
-57.005
-59.899
-62.747
-65.548
-68.305
-71.018
-73.69
-76.32
-78.913
-81.47
-83.993
-86.487
-88.954
-91.397
-93.822
-96.231
-98.629
-101.022
-103.414
-105.81
-108.216
-110.637
-113.078
-115.547
-118.047
-120.585
-123.166
-125.796
-128.481
-131.225
-134.034
-136.913
-139.867
-142.899
-146.015
-149.218
-152.511
-155.897
-159.379
-162.96
-166.641
-170.423
-174.307
-178.295
-182.385
-186.578
-190.872
-195.266
-199.757
-204.343
-209.021
-213.786
-218.635
-223.562
-228.563
-233.632
-238.763
-243.95
-249.186
-254.463
-259.775
-265.115
-270.474
-275.844
-281.218
-286.587
-291.943
-297.279
-302.586
-307.856
-313.081
-318.253
-323.365
-328.409
-333.379
-338.266
-343.065
-347.769
-352.372
-356.87
-361.257
-365.528
-369.68
-373.71
-377.615
-381.392
-385.039
-388.555
-391.939
-395.191
-398.312
-401.302
-404.163
-406.896
-409.503
-411.987
-414.352
-416.599
-418.733
-420.757
-422.674
-424.49
-426.208
-427.833
-429.368
-430.819
-432.19
-433.485
-434.708
-435.864
-436.955
-437.985
-438.958
-439.877
-440.743
-441.561
-442.332
-443.058
-443.741
-444.382
-444.983
-445.542
-446.062
-446.54
-446.977
-447.372
-447.724
-448.032
-448.294
-448.51
-448.679
-448.8
-448.872
-448.893
-448.864
-448.784
-448.651
-448.467
-448.231
-447.944
-447.608
-447.226
-446.799
-446.331
-445.827
-445.289
-444.723
-444.135
-443.528
-442.91
-442.287
-441.667
-441.057
-440.468
-439.909
-439.391
-438.926
-438.525
-438.2
-437.962
-437.821
-437.788
-437.87
-438.075
-438.412
-438.887
-439.506
-440.277
-441.204
-442.294
-443.55
-444.976
-446.572
-448.34
-450.279
-452.385
-454.657
-457.09
-459.684
-462.443
-465.368
-468.455
-471.7
-475.095
-478.627
-482.279
-486.03
-489.845
-493.691
-497.529
-501.324
-505.052
-508.686
-512.206
-515.583
-518.785
-521.782
-524.565
-527.122
-529.443
-531.531
-533.397
-535.078
-536.655
-538.208
-539.812
-541.552
-543.511
-545.732
-548.217
-550.928
-553.764
-556.621
-559.411
-561.99
-564.184
-565.926
-567.211
-568.114
-568.863
-569.651
-570.574
-571.842
-573.648
-575.933
-578.649
-581.63
-584.292
-586.051
-585.923
-582.206
-573.643
-559.838
-541.872
-521.935
-501.331
-479.447
-452.706
-417.318
-371.942
-318.052
-261.972
-210.685
-169.698
-143.98
-134.781
-143.1
-170.052
-214.233
-274.913
-348.498
-427.844
-505.887
-573.156
-622.225
-651.554
-662.249
-659.602
-650.052
-635.899
-617.806
-595.269
-566.953
-533.92
-498.586
-463.154
-430.054
-400.969
-376.394
-355.825
-337.963
-322.098
-307.898
-295.759
-286.912
-279.928
-271.904
-260.406
-242.301
-217.858
-190.62
-163.302
-138.996
-118.94
-101.447
-85.472
-70.235
-55.311
-41.391
-28.72
-17.024
-6.068
4.426
14.589
24.366
33.721
42.713
51.388
59.756
67.862
75.772
83.551
91.265
98.945
106.57
114.112
121.556
128.889
136.104
143.184
150.1
156.817
163.294
169.502
175.421
181.023
186.283
191.183
195.719
199.901
203.759
207.321
210.611
213.657
216.485
219.126
221.611
223.977
226.264
228.504
230.724
232.951
235.207
237.513
239.883
242.326
244.844
247.437
250.108
252.858
255.689
258.599
261.584
264.64
267.761
270.941
274.175
277.456
280.78
284.138
287.526
290.937
294.365
297.806
301.252
304.694
308.125
311.535
314.918
318.266
321.57
324.824
328.021
331.157
334.227
337.227
340.154
343.005
345.779
348.474
351.09
353.627
356.087
358.472
360.783
363.025
365.201
367.315
369.372
371.378
373.337
375.256
377.14
378.997
380.834
382.657
384.474
386.292
388.118
389.959
391.821
393.712
395.638
397.603
399.614
401.674
403.788
405.958
408.187
410.478
412.83
415.244
417.72
420.257
422.852
425.502
428.203
430.951
433.741
436.566
439.419
442.292
445.176
448.062
450.939
453.798
456.626
459.411
462.142
464.806
467.389
469.88
472.265
474.532
476.666
478.656
480.49
482.154
483.637
484.928
486.017
486.893
487.547
487.971
488.157
488.097
487.787
487.22
486.393
485.302
483.946
482.325
480.437
478.286
475.874
473.206
470.286
467.121
463.72
460.09
456.241
452.182
447.926
443.482
438.865
434.085
429.157
424.094
418.91
413.618
408.234
402.771
397.243
391.664
386.048
380.408
374.758
369.111
363.479
357.873
352.305
346.787
341.327
335.935
330.619
325.385
320.239
315.185
310.225
305.361
300.592
295.917
291.335
286.843
282.44
278.12
273.884
269.728
265.647
261.638
257.695
253.809
249.975
246.185
242.434
238.714
235.017
231.339
227.677
224.029
220.391
216.754
213.105
209.433
205.733
202.005
198.249
194.472
190.683
186.897
183.146
179.457
175.857
172.365
168.992
165.748
162.657
159.743
157.044
154.584
152.369
150.396
148.664
147.156
145.841
144.664
143.533
142.374
141.125
139.729
138.146
136.309
134.143
131.587
128.563
124.993
120.865
116.221
111.165
105.906
100.668
95.665
91.19
87.553
84.935
83.364
82.63
82.324
82.083
81.672
80.885
79.486
77.391
74.821
72.487
71.521
73.06
78.057
87.365
101.888
122.378
148.76
179.888
214.071
249.743
286.628
325.101
363.945
399.855
427.224
440.369
436.792
417.804
387.914
351.856
312.693
271.392
227.105
179.752
130.322
80.31
31.946
-13.144
-54.326
-91.054
-122.982
-150.101
-172.284
-189.616
-202.592
-211.728
-217.482
-220.485
-221.489
-221.133
-220.079
-218.757
-217.292
-215.8
-214.426
-213.231
-212.068
-210.658
-208.649
-205.868
-202.351
-198.136
-193.182
-187.385
-180.781
-173.591
-166.124
-158.587
-151.011
-143.361
-135.647
-127.965
-120.37
-112.815
-105.189
-97.409
-89.506
-81.602
-73.823
-66.254
-58.963
-52.016
-45.513
-39.569
-34.27
-29.675
-25.805
-22.65
-20.205
-18.464
-17.389
-16.912
-16.92
-17.25
-17.771
-18.379
-18.983
-19.517
-19.91
-20.087
-19.996
-19.604
-18.891
-17.847
-16.465
-14.727
-12.643
-10.246
-7.591
-4.765
-1.829
1.186
4.254
7.368
10.524
13.715
16.954
20.271
23.692
27.239
30.931
34.776
38.795
43.016
47.472
52.206
57.244
62.6
68.283
74.296
80.634
87.292
94.252
101.485
108.968
116.679
124.595
132.698
140.963
149.363
157.868
166.45
175.077
183.721
192.352
200.938
209.449
217.855
226.128
234.242
242.168
249.878
257.343
264.534
271.423
277.985
284.194
290.023
295.451
300.457
305.021
309.128
312.762
315.91
318.561
320.707
322.339
323.453
324.046
324.115
323.662
322.689
321.2
319.202
316.702
313.71
310.238
306.299
301.908
297.081
291.837
286.193
280.172
273.794
267.081
260.059
252.75
245.179
237.373
229.358
221.158
212.799
204.308
195.71
187.029
178.289
169.514
160.728
151.952
143.206
134.513
125.89
117.355
108.926
100.618
92.445
84.421
76.558
68.866
61.356
54.034
46.908
39.985
33.268
26.761
20.467
14.386
8.52
2.866
-2.576
-7.809
-12.836
-17.66
-22.287
-26.721
-30.966
-35.029
-38.916
-42.631
-46.18
-49.57
-52.806
-55.894
-58.838
-61.644
-64.317
-66.86
-69.278
-71.574
-73.753
-75.816
-77.768
-79.611
-81.346
-82.977
-84.505
-85.931
-87.258
-88.487
-89.619
-90.654
-91.595
-92.442
-93.197
-93.861
-94.434
-94.919
-95.318
-95.631
-95.862
-96.012
-96.085
-96.083
-96.01
-95.87
-95.668
-95.408
-95.095
-94.735
-94.334
-93.898
-93.433
-92.946
-92.444
-91.932
-91.419
-90.91
-90.413
-89.933
-89.476
-89.049
-88.656
-88.303
-87.994
-87.733
-87.523
-87.367
-87.266
-87.223
-87.238
-87.31
-87.439
-87.622
-87.859
-88.144
-88.475
-88.846
-89.252
-89.685
-90.139
-90.606
-91.078
-91.545
-91.998
-92.426
-92.82
-93.169
-93.463
-93.691
-93.843
-93.908
-93.877
-93.741
-93.49
-93.117
-92.613
-91.973
-91.191
-90.261
-89.18
-87.944
-86.553
-85.006
-83.302
-81.444
-79.434
-77.276
-74.975
-72.538
-69.97
-67.282
-64.482
-61.58
-58.589
-55.519
-52.385
-49.199
-45.976
-42.731
-39.479
-36.234
-33.012
-29.828
-26.697
-23.633
-20.651
-17.764
-14.985
-12.326
-9.797
-7.409
-5.17
-3.088
-1.17
0.578
2.154
3.554
4.777
5.823
6.694
7.392
7.921
8.288
8.5
8.563
8.488
8.284
7.963
7.537
7.018
6.421
5.759
5.047
4.299
3.531
2.757
1.993
1.25
0.544
-0.113
-0.707
-1.228
-1.666
-2.011
-2.256
-2.394
-2.419
-2.327
-2.117
-1.789
-1.342
-0.781
-0.109
0.664
1.529
2.477
3.493
4.565
5.678
6.817
7.964
9.104
10.221
11.297
12.315
13.251
14.086
14.8
15.372
15.784
16.016
16.046
15.859
15.442
14.783
13.869
12.681
11.194
9.39
7.262
4.804
2.014
-1.105
-4.548
-8.298
-12.323
-16.589
-21.065
-25.731
-30.574
-35.573
-40.693
-45.891
-51.112
-56.323
-61.508
-66.652
-71.74
-76.769
-81.753
-86.737
-91.797
-96.993
-102.372
-107.971
-113.823
-119.979
-126.487
-133.408
-140.817
-148.725
-157.083
-165.791
-174.653
-183.437
-191.93
-199.853
-206.876
-212.783
-217.475
-221.085
-224.001
-226.649
-229.333
-232.214
-235.456
-239.198
-243.397
-247.574
-250.346
-249.688
-243.993
-232.599
-216.402
-197.167
-175.648
-151.041
-120.227
-80.019
-29.53
29.373
90.314
146.547
192.864
224.877
242.261
244.334
229.059
196.633
146.064
78.898
1.988
-77.483
-149.779
-205.526
-242.059
-260.302
-265.471
-265.297
-263.373
-260.377
-254.922
-244.53
-229.34
-211.164
-192.16
-174.557
-159.377
-147.051
-137.945
-131.806
-128.189
-126.623
-126.478
-127.331
-128.809
-130.223
-130.873
-130.397
-128.702
-125.927
-122.336
-118.098
-113.368
-108.495
-103.888
-99.776
-96.232
-93.18
-90.433
-87.854
-85.352
-82.779
-79.97
-76.829
-73.307
-69.415
-65.221
-60.775
-56.109
-51.263
-46.278
-41.191
-36.043
-30.874
-25.717
-20.605
-15.562
-10.608
-5.763
-1.038
3.557
8.016
12.343
16.539
20.6
24.521
28.293
31.911
35.375
38.687
41.85
44.863
47.727
50.44
53.006
55.424
57.693
59.811
61.773
63.577
65.226
66.719
68.061
69.253
70.297
71.197
71.957
72.58
73.071
73.431
73.666
73.777
73.772
73.654
73.431
73.107
72.689
72.184
71.599
70.942
70.219
69.436
68.603
67.724
66.809
65.865
64.898
63.916
62.927
61.937
60.954
59.985
59.036
58.113
57.223
56.371
55.562
54.802
54.094
53.443
52.851
52.321
51.855
51.455
51.12
50.85
50.643
50.497
50.408
50.374
50.388
50.446
50.542
50.668
50.818
50.985
51.159
51.332
51.496
51.641
51.758
51.838
51.87
51.846
51.757
51.592
51.344
51.004
50.563
50.014
49.35
48.565
47.653
46.611
45.433
44.119
42.666
41.075
39.347
37.483
35.489
33.367
31.124
28.767
26.303
23.741
21.09
18.362
15.567
12.718
9.826
6.906
3.969
1.03
-1.896
-4.798
-7.659
-10.467
-13.207
-15.866
-18.431
-20.887
-23.223
-25.426
-27.486
-29.392
-31.135
-32.705
-34.097
-35.304
-36.321
-37.144
-37.772
-38.202
-38.435
-38.472
-38.316
-37.969
-37.439
-36.729
-35.849
-34.805
-33.608
-32.267
-30.792
-29.194
-27.486
-25.679
-23.785
-21.817
-19.788
-17.712
-15.602
-13.474
-11.342
-9.218
-7.118
-5.055
-3.042
-1.092
0.782
2.57
4.259
5.84
7.303
8.639
9.838
10.894
11.8
12.551
13.142
13.57
13.833
13.929
13.859
13.621
13.216
12.644
11.908
11.009
9.948
8.728
7.352
5.825
4.152
2.339
0.395
-1.672
-3.853
-6.136
-8.51
-10.966
-13.494
-16.084
-18.728
-21.414
-24.133
-26.875
-29.63
-32.386
-35.126
-37.836
-40.5
-43.111
-45.663
-48.149
-50.556
-52.871
-55.079
-57.162
-59.105
-60.879
-62.443
-63.76
-64.797
-65.535
-65.975
-66.116
-65.954
-65.486
-64.707
-63.619
-62.248
-60.611
-58.716
-56.586
-54.245
-51.751
-49.208
-46.71
-44.339
-42.15
-40.153
-38.352
-36.772
-35.417
-34.29
-33.385
-32.638
-32.013
-31.539
-31.189
-30.895
-30.508
-29.723
-28.25
-25.958
-22.75
-18.544
-13.407
-7.431
-0.88
5.636
11.577
16.721
21.032
24.606
27.706
30.622
33.926
38.725
46.034
55.878
67.467
80.052
93.188
107.683
124.643
142.902
159.204
168.962
167.959
154.597
130.135
97.243
58.219
15.438
-28.759
-71.863
-110.487
-142.931
-170.026
-194.215
-218.597
-244.713
-271.684
-297.154
-319.173
-336.946
-350.751
-361.716
-370.477
-377.184
-382.134
-385.487
-387.481
-388.525
-388.796
-388.275
-387.012
-384.959
-381.979
-378.118
-373.466
-368.108
-362.221
-355.933
-349.331
-342.57
-335.813
-329.154
-322.644
-316.286
-310.071
-304.03
-298.19
-292.552
-287.086
-281.726
-276.437
-271.207
-266.039
-260.985
-256.082
-251.343
-246.8
-242.482
-238.399
-234.569
-230.975
-227.555
-224.27
-221.094
-218.011
-215.04
-212.18
-209.413
-206.719
-204.051
-201.369
-198.65
-195.866
-192.986
-190.002
-186.906
-183.715
-180.486
-177.253
-174.034
-170.839
-167.653
-164.471
-161.295
-158.12
-154.943
-151.76
-148.557
-145.326
-142.062
-138.749
-135.365
-131.874
-128.226
-124.379
-120.306
-115.982
-111.391
-106.52
-101.353
-95.883
-90.109
-84.032
-77.65
-70.965
-63.973
-56.676
-49.083
-41.205
-33.058
-24.658
-16.018
-7.155
1.915
11.176
20.61
30.199
39.93
49.784
59.74
69.778
79.872
90
100.136
110.255
120.332
130.339
140.25
150.04
159.684
169.156
178.432
187.488
196.299
204.843
213.098
221.043
228.66
235.928
242.83
249.352
255.478
261.196
266.494
271.362
275.792
279.777
283.313
286.395
289.023
291.195
292.914
294.182
295.005
295.39
295.346
294.881
294.008
292.74
291.092
289.078
286.716
284.022
281.016
277.718
274.146
270.321
266.266
262
257.545
252.924
248.157
243.265
238.269
233.19
228.046
222.856
217.639
212.41
207.185
201.979
196.805
191.676
186.602
181.592
176.656
171.8
167.03
162.35
157.762
153.269
148.871
144.566
140.354
136.231
132.192
128.233
124.347
120.528
116.769
113.061
109.395
105.764
102.157
98.567
94.983
91.397
87.8
84.185
80.543
76.869
73.155
69.397
65.591
61.732
57.819
53.849
49.823
45.74
41.602
37.411
33.172
28.888
24.565
20.209
15.828
11.429
7.022
2.617
-1.777
-6.148
-10.485
-14.775
-19.006
-23.166
-27.241
-31.218
-35.084
-38.827
-42.434
-45.893
-49.193
-52.322
-55.272
-58.031
-60.593
-62.949
-65.093
-67.019
-68.724
-70.203
-71.454
-72.477
-73.27
-73.834
-74.173
-74.288
-74.184
-73.866
-73.341
-72.615
-71.696
-70.594
-69.318
-67.879
-66.288
-64.558
-62.702
-60.732
-58.663
-56.508
-54.281
-51.998
-49.672
-47.318
-44.949
-42.579
-40.223
-37.892
-35.599
-33.357
-31.176
-29.068
-27.041
-25.106
-23.272
-21.545
-19.933
-18.442
-17.077
-15.843
-14.744
-13.783
-12.961
-12.281
-11.741
-11.342
-11.082
-10.96
-10.971
-11.113
-11.382
-11.771
-12.277
-12.892
-13.611
-14.426
-15.331
-16.319
-17.381
-18.51
-19.699
-20.939
-22.223
-23.544
-24.895
-26.267
-27.655
-29.052
-30.45
-31.843
-33.226
-34.591
-35.934
-37.248
-38.529
-39.773
-40.975
-42.131
-43.239
-44.294
-45.296
-46.242
-47.129
-47.958
-48.726
-49.434
-50.081
-50.669
-51.197
-51.667
-52.079
-52.437
-52.743
-52.998
-53.206
-53.368
-53.488
-53.569
-53.615
-53.629
-53.617
-53.583
-53.531
-53.47
-53.407
-53.347
-53.297
-53.265
-53.257
-53.28
-53.34
-53.442
-53.589
-53.787
-54.042
-54.362
-54.752
-55.217
-55.761
-56.39
-57.109
-57.923
-58.833
-59.835
-60.929
-62.118
-63.405
-64.803
-66.314
-67.939
-69.676
-71.521
-73.468
-75.508
-77.623
-79.783
-81.965
-84.147
-86.316
-88.466
-90.581
-92.641
-94.623
-96.498
-98.255
-99.886
-101.382
-102.742
-103.983
-105.13
-106.235
-107.356
-108.543
-109.847
-111.314
-112.993
-114.939
-117.196
-119.815
-122.862
-126.359
-130.287
-134.572
-139.04
-143.483
-147.712
-151.489
-154.546
-156.717
-157.93
-158.314
-158.246
-158.144
-158.359
-159.207
-160.97
-163.783
-167.566
-171.821
-175.594
-177.717
-177.044
-172.593
-163.353
-148.414
-127.202
-99.549
-66.499
-30.378
6.518
41.911
74.646
105.69
134.776
160.102
178.028
181.08
163.403
122.957
60.555
-16.553
-98.585
-177.546
-245.16
-297.181
-334.613
-358.598
-372.515
-380.042
-380.672
-375.11
-364.946
-351
-337.063
-324.975
-313.524
-302.323
-289.961
-276.644
-265.084
-256.589
-251.819
-250.731
-251.988
-254.773
-258.627
-262.686
-266.225
-268.811
-270.161
-270.297
-269.45
-267.785
-265.51
-263.09
-261.053
-259.72
-259.23
-259.531
-260.441
-261.852
-263.684
-265.785
-267.978
-270.14
-272.201
-274.169
-276.096
-278.015
-279.946
-281.9
-283.883
-285.892
-287.908
-289.907
-291.869
-293.75
-295.493
-297.075
-298.495
-299.825
-301.21
-302.719
-304.353
-306.101
-307.937
-309.811
-311.661
-313.301
-314.442
-315
-315.096
-314.94
-314.786
-314.795
-315.091
-315.95
-317.642
-320.108
-323.124
-326.276
-329.478
-333.428
-338.128
-342.984
-346.622
-345.897
-339.761
-329.511
-317.458
-309.194
-307.555
-309.994
-311.642
-302.082
-271.646
-217.563
-140.639
-48.72
46.802
137.607
216.465
279.998
328.468
362.833
385.131
397.657
403.439
405.674
408.204
414.41
424.507
436.881
448.125
454.771
456.132
453.571
449.504
445.974
443.705
442.378
441.273
440.19
439.192
438.194
437.243
436.238
434.903
433.269
431.5
429.68
428.074
427.043
426.766
427.391
429.063
431.744
435.338
439.735
444.711
450.015
455.493
461.001
466.391
471.534
476.248
480.388
483.887
486.701
488.809
490.19
490.819
490.701
489.883
488.429
486.398
483.835
480.766
477.234
473.304
469.063
464.624
460.063
455.432
450.776
446.122
441.494
436.915
432.38
427.863
423.344
418.805
414.238
409.644
405.014
400.331
395.573
390.713
385.736
380.638
375.416
370.073
364.616
359.054
353.406
347.7
341.96
336.205
330.455
324.723
319.027
313.388
307.826
302.357
297
291.77
286.681
281.749
276.985
272.401
268.005
263.803
259.801
256.005
252.422
249.054
245.907
242.98
240.276
237.792
235.527
233.476
231.633
229.991
228.541
227.272
226.175
225.236
224.443
223.782
223.239
222.799
222.446
222.166
221.941
221.757
221.598
221.446
221.288
221.106
220.887
220.614
220.275
219.854
219.34
218.719
217.981
217.115
216.113
214.965
213.665
212.207
210.587
208.802
206.849
204.729
202.444
199.994
197.385
194.62
191.706
188.651
185.46
182.144
178.712
175.174
171.542
167.826
164.039
160.193
156.301
152.378
148.437
144.491
140.555
136.642
132.766
128.941
125.179
121.493
117.895
114.398
111.01
107.744
104.608
101.61
98.758
96.058
93.515
91.133
88.915
86.861
84.973
83.248
81.686
80.284
79.036
77.938
76.984
76.166
75.476
74.905
74.44
74.07
73.779
73.555
73.383
73.247
73.131
73.021
72.902
72.761
72.587
72.363
72.075
71.708
71.249
70.685
70.003
69.191
68.237
67.131
65.868
64.446
62.86
61.103
59.167
57.04
54.714
52.188
49.464
46.541
43.428
40.134
36.679
33.093
29.402
25.626
21.786
17.897
13.982
10.067
6.182
2.354
-1.389
-5.03
-8.562
-11.979
-15.295
-18.529
-21.702
-24.864
-28.061
-31.34
-34.755
-38.353
-42.161
-46.232
-50.64
-55.413
-60.546
-65.955
-71.432
-76.759
-81.767
-86.241
-89.939
-92.698
-94.465
-95.416
-96.025
-96.81
-98.114
-100.227
-103.493
-108.017
-113.582
-119.643
-124.67
-126.97
-125.797
-120.099
-109.718
-95.02
-74.343
-47.074
-12.909
28.428
73.104
116.688
155.131
184.477
204.985
218.771
226.845
228.309
218.639
191.528
142.963
75.193
-3.553
-81.41
-145.857
-190.805
-216.762
-228.098
-232.368
-233.849
-232.715
-227.858
-217.028
-200.073
-179.158
-156.847
-135.703
-117.305
-102.54
-92.045
-85.849
-83.663
-84.957
-88.901
-94.789
-101.971
-109.498
-116.432
-122.225
-126.644
-129.759
-131.857
-133.151
-133.845
-134.36
-135.175
-136.581
-138.689
-141.433
-144.633
-148.17
-151.954
-155.831
-159.614
-163.173
-166.448
-169.447
-172.228
-174.83
-177.267
-179.559
-181.736
-183.825
-185.849
-187.825
-189.748
-191.609
-193.403
-195.122
-196.757
-198.302
-199.741
-201.056
-202.234
-203.264
-204.138
-204.854
-205.407
-205.789
-205.992
-206.008
-205.833
-205.463
-204.898
-204.136
-203.174
-202.016
-200.666
-199.13
-197.415
-195.524
-193.464
-191.238
-188.853
-186.315
-183.632
-180.809
-177.855
-174.779
-171.591
-168.3
-164.917
-161.452
-157.914
-154.312
-150.657
-146.957
-143.221
-139.458
-135.677
-131.887
-128.095
-124.311
-120.543
-116.798
-113.084
-109.408
-105.777
-102.198
-98.678
-95.221
-91.835
-88.523
-85.292
-82.147
-79.091
-76.13
-73.267
-70.506
-67.85
-65.302
-62.865
-60.54
-58.33
-56.237
-54.261
-52.405
-50.669
-49.054
-47.562
-46.192
-44.944
-43.82
-42.818
-41.938
-41.179
-40.541
-40.021
-39.62
-39.334
-39.163
-39.103
-39.154
-39.313
-39.576
-39.942
-40.407
-40.968
-41.622
-42.366
-43.197
-44.11
-45.103
-46.172
-47.313
-48.523
-49.798
-51.135
-52.529
-53.977
-55.477
-57.023
-58.612
-60.242
-61.908
-63.608
-65.338
-67.095
-68.876
-70.678
-72.498
-74.332
-76.178
-78.032
-79.892
-81.755
-83.616
-85.473
-87.322
-89.16
-90.982
-92.786
-94.566
-96.319
-98.04
-99.724
-101.367
-102.963
-104.506
-105.992
-107.415
-108.769
-110.047
-111.244
-112.354
-113.369
-114.285
-115.094
-115.79
-116.366
-116.818
-117.139
-117.323
-117.365
-117.26
-117.004
-116.592
-116.021
-115.287
-114.39
-113.326
-112.095
-110.698
-109.134
-107.405
-105.514
-103.463
-101.257
-98.901
-96.4
-93.76
-90.99
-88.096
-85.089
-81.976
-78.77
-75.479
-72.116
-68.691
-65.217
-61.706
-58.171
-54.623
-51.077
-47.543
-44.035
-40.566
-37.146
-33.788
-30.502
-27.299
-24.189
-21.179
-18.278
-15.493
-12.83
-10.294
-7.889
-5.617
-3.481
-1.481
0.384
2.115
3.716
5.19
6.542
7.778
8.905
9.931
10.863
11.711
12.483
13.19
13.842
14.45
15.025
15.577
16.119
16.662
17.217
17.795
18.407
19.062
19.769
20.538
21.374
22.286
23.278
24.356
25.523
26.783
28.137
29.584
31.126
32.758
34.476
36.276
38.152
40.095
42.097
44.149
46.241
48.364
50.506
52.657
54.804
56.932
59.028
61.077
63.063
64.97
66.782
68.482
70.057
71.494
72.782
73.911
74.871
75.651
76.243
76.641
76.842
76.846
76.653
76.262
75.677
74.903
73.948
72.819
71.524
70.067
68.453
66.69
64.785
62.743
60.577
58.294
55.898
53.387
50.762
48.033
45.231
42.398
39.576
36.801
34.099
31.505
29.082
26.862
24.836
22.943
21.105
19.309
17.645
16.231
15.104
14.293
13.876
14.011
14.894
16.561
18.759
21.087
23.29
25.206
26.677
27.498
27.368
26.176
24.205
21.983
19.857
17.991
16.382
14.892
13.536
12.247
10.702
8.52
5.394
1.192
-3.683
-8.428
-11.907
-12.434
-9.075
-1.402
10.627
25.815
44.708
68.729
98.318
134.815
176.555
219.492
261.515
299.152
329.361
350.711
358.759
349.475
321.902
275.444
212.658
139.715
61.815
-14.168
-80.039
-131.988
-168.15
-189.943
-203.223
-211.434
-215.942
-216.62
-211.065
-199.051
-182.325
-162.947
-143.651
-126.016
-110.613
-98.166
-88.878
-82.499
-78.791
-77.267
-77.262
-78.328
-79.856
-80.901
-80.93
-79.814
-77.549
-74.396
-70.689
-66.614
-62.551
-59.109
-56.611
-55.145
-54.656
-54.875
-55.558
-56.588
-57.791
-58.939
-59.901
-60.594
-60.998
-61.194
-61.236
-61.13
-60.87
-60.439
-59.834
-59.102
-58.314
-57.527
-56.792
-56.142
-55.595
-55.182
-54.92
-54.806
-54.822
-54.933
-55.112
-55.349
-55.652
-56.029
-56.478
-56.974
-57.477
-57.955
-58.378
-58.723
-58.964
-59.067
-59.009
-58.776
-58.368
-57.784
-57.022
-56.073
-54.924
-53.566
-51.991
-50.199
-48.187
-45.957
-43.507
-40.841
-37.968
-34.897
-31.636
-28.195
-24.578
-20.794
-16.854
-12.771
-8.557
-4.227
0.206
4.724
9.31
13.944
18.608
23.283
27.95
32.59
37.185
41.715
46.161
50.507
54.735
58.827
62.767
66.54
70.131
73.527
76.716
79.686
82.426
84.93
87.188
89.196
90.95
92.446
93.683
94.661
95.381
95.846
96.059
96.025
95.752
95.247
94.521
93.582
92.444
91.119
89.621
87.963
86.161
84.23
82.186
80.045
77.824
75.539
73.207
70.844
68.466
66.089
63.729
61.401
59.119
56.897
54.747
52.682
50.714
48.851
47.105
45.484
43.995
42.646
41.44
40.384
39.48
38.731
38.137
37.699
37.417
37.287
37.308
37.476
37.786
38.233
38.811
39.513
40.334
41.264
42.297
43.424
44.637
45.928
47.288
48.709
50.183
51.701
53.255
54.839
56.443
58.061
59.686
61.311
62.931
64.538
66.127
67.694
69.233
70.74
72.212
73.644
75.034
76.378
77.676
78.923
80.119
81.263
82.353
83.389
84.369
85.293
86.162
86.973
87.728
88.424
89.063
89.643
90.164
90.624
91.023
91.36
91.633
91.841
91.982
92.055
92.059
91.991
91.85
91.634
91.342
90.973
90.524
89.994
89.383
88.69
87.912
87.051
86.106
85.077
83.963
82.765
81.485
80.123
78.682
77.163
75.569
73.904
72.171
70.375
68.521
66.615
64.662
62.67
60.645
58.595
56.529
54.455
52.383
50.322
48.282
46.272
44.303
42.384
40.525
38.736
37.027
35.406
33.882
32.464
31.162
29.981
28.932
28.02
27.252
26.635
26.173
25.87
25.729
25.754
25.944
26.302
26.826
27.515
28.366
29.375
30.539
31.851
33.304
34.89
36.599
38.421
40.344
42.357
44.447
46.601
48.807
51.049
53.314
55.588
57.857
60.104
62.314
64.47
66.555
68.553
70.448
72.224
73.866
75.36
76.695
77.861
78.847
79.648
80.254
80.663
80.867
80.866
80.655
80.233
79.604
78.769
77.734
76.503
75.086
73.49
71.723
69.792
67.698
65.445
63.042
60.496
57.821
55.032
52.152
49.206
46.23
43.262
40.344
37.512
34.798
32.229
29.83
27.632
25.669
23.97
22.547
21.412
20.572
20.026
19.759
19.729
19.853
20.038
20.209
20.273
20.131
19.731
19.059
18.135
17.064
15.952
14.875
13.977
13.417
13.225
13.39
13.798
14.129
14.137
13.639
12.346
10.089
6.938
2.982
-1.464
-5.616
-8.732
-9.628
-6.611
1.438
15.044
33.346
54.508
77.265
101.291
128.593
161.638
201.28
247.255
295.649
340.105
374.61
392.224
388.148
362.004
315.514
253.304
182.023
106.99
33.319
-33.165
-88.327
-129.581
-155.782
-170.132
-176.62
-177.352
-174.994
-169.393
-159.996
-148.842
-135.99
-122.039
-108.173
-93.812
-80.274
-69.255
-61.031
-55.906
-53.286
-52.274
-52.586
-53.977
-55.945
-57.672
-58.563
-58.383
-57.115
-54.972
-52.106
-48.567
-44.647
-40.869
-37.562
-34.878
-32.808
-31.138
-29.72
-28.496
-27.332
-26.048
-24.531
-22.712
-20.594
-18.272
-15.815
-13.258
-10.649
-8.021
-5.409
-2.854
-0.394
1.943
4.136
6.169
8.035
9.726
11.243
12.587
13.773
14.823
15.755
16.585
17.323
17.977
18.558
19.085
19.575
20.044
20.508
20.982
21.479
22.016
22.604
23.254
23.971
24.761
25.629
26.582
27.625
28.764
30.002
31.34
32.78
34.32
35.96
37.694
39.515
41.415
43.384
45.414
47.491
49.604
51.739
53.88
56.014
58.124
60.192
62.202
64.135
65.972
67.696
69.288
70.729
72.002
73.088
73.971
74.634
75.062
75.241
75.158
74.799
74.156
73.218
71.979
70.433
68.575
66.404
63.92
61.124
58.021
54.615
50.916
46.931
42.671
38.15
33.382
28.38
23.164
17.749
12.156
6.405
0.517
-5.486
-11.581
-17.746
-23.958
-30.192
-36.425
-42.635
-48.799
-54.893
-60.897
-66.789
-72.551
-78.162
-83.607
-88.867
-93.93
-98.782
-103.411
-107.809
-111.967
-115.88
-119.543
-122.955
-126.114
-129.022
-131.682
-134.098
-136.278
-138.228
-139.958
-141.48
-142.805
-143.947
-144.92
-145.741
-146.426
-146.993
-147.459
-147.843
-148.163
-148.439
-148.69
-148.935
-149.192
-149.479
-149.814
-150.214
-150.695
-151.272
-151.957
-152.765
-153.705
-154.789
-156.024
-157.417
-158.975
-160.7
-162.596
-164.663
-166.902
-169.309
-171.883
-174.617
-177.505
-180.54
-183.712
-187.011
-190.427
-193.945
-197.554
-201.238
-204.983
-208.772
-212.591
-216.421
-220.247
-224.052
-227.818
-231.529
-235.169
-238.722
-242.172
-245.506
-248.709
-251.768
-254.671
-257.407
-259.966
-262.339
-264.517
-266.494
-268.264
-269.822
-271.164
-272.289
-273.194
-273.88
-274.348
-274.6
-274.638
-274.467
-274.092
-273.518
-272.753
-271.802
-270.675
-269.379
-267.923
-266.316
-264.568
-262.687
-260.684
-258.566
-256.344
-254.026
-251.62
-249.133
-246.574
-243.949
-241.264
-238.525
-235.737
-232.906
-230.034
-227.126
-224.186
-221.215
-218.215
-215.19
-212.138
-209.062
-205.96
-202.833
-199.68
-196.501
-193.293
-190.057
-186.792
-183.497
-180.171
-176.814
-173.425
-170.005
-166.554
-163.074
-159.566
-156.032
-152.475
-148.899
-145.309
-141.712
-138.113
-134.52
-130.94
-127.382
-123.854
-120.367
-116.928
-113.549
-110.239
-107.01
-103.872
-100.839
-97.922
-95.135
-92.489
-89.998
-87.672
-85.525
-83.563
-81.797
-80.232
-78.873
-77.725
-76.79
-76.072
-75.573
-75.294
-75.233
-75.388
-75.754
-76.324
-77.088
-78.037
-79.153
-80.421
-81.826
-83.355
-85.003
-86.758
-88.602
-90.517
-92.48
-94.466
-96.449
-98.395
-100.258
-101.994
-103.559
-104.915
-106.045
-106.931
-107.545
-107.858
-107.827
-107.424
-106.649
-105.503
-103.977
-102.073
-99.791
-97.158
-94.265
-91.194
-88.025
-84.826
-81.612
-78.411
-75.289
-72.281
-69.396
-66.581
-63.666
-60.48
-56.945
-52.968
-48.426
-43.214
-37.206
-30.46
-23.28
-16.029
-9.016
-2.434
3.531
8.661
12.848
16.327
20.084
25.758
34.818
47.923
64.135
81.714
99.639
118.414
141.507
172.701
213.988
264.908
319.809
371.459
412.5
436.05
439.689
422.885
387.655
338.256
277.293
208.246
134.733
60.564
-7.047
-61.296
-98.357
-117.264
-122.155
-119.249
-112.098
-102.367
-89.817
-72.967
-52.383
-30.01
-7.806
12.015
27.975
39.602
46.978
50.633
51.295
49.718
46.533
42.427
38.386
35.338
33.783
33.885
35.512
38.356
42.205
46.825
51.751
56.474
60.691
64.295
67.378
70.149
72.739
75.24
77.802
80.601
83.745
87.278
91.16
95.299
99.624
104.092
108.657
113.274
117.893
122.466
126.954
131.324
135.55
139.611
143.488
147.166
150.633
153.881
156.914
159.737
162.354
164.764
166.964
168.952
170.728
172.301
173.675
174.86
175.863
176.691
177.354
177.862
178.224
178.448
178.541
178.509
178.363
178.113
177.772
177.351
176.863
176.32
175.736
175.121
174.489
173.849
173.212
172.586
171.981
171.406
170.869
170.376
169.936
169.553
169.232
168.979
168.794
168.681
168.641
168.672
168.773
168.942
169.176
169.469
169.817
170.212
170.647
171.114
171.603
172.103
172.604
173.093
173.559
173.988
174.367
174.683
174.922
175.071
175.115
175.042
174.839
174.492
173.99
173.319
172.47
171.431
170.193
168.746
167.082
165.194
163.076
160.724
158.133
155.3
152.225
148.908
145.348
141.551
137.518
133.256
128.771
124.072
119.168
114.068
108.787
103.335
97.728
91.979
86.106
80.124
74.052
67.905
61.704
55.466
49.211
42.957
36.725
30.532
24.397
18.34
12.378
6.529
0.809
-4.764
-10.175
-15.409
-20.452
-25.292
-29.916
-34.314
-38.476
-42.395
-46.063
-49.475
-52.627
-55.515
-58.139
-60.498
-62.592
-64.425
-66
-67.32
-68.392
-69.222
-69.818
-70.187
-70.339
-70.284
-70.032
-69.593
-68.979
-68.201
-67.272
-66.203
-65.006
-63.693
-62.277
-60.77
-59.183
-57.527
-55.815
-54.056
-52.26
-50.438
-48.596
-46.745
-44.89
-43.038
-41.195
-39.367
-37.556
-35.767
-34.003
-32.265
-30.554
-28.871
-27.216
-25.589
-23.987
-22.411
-20.857
-19.323
-17.806
-16.304
-14.812
-13.328
-11.847
-10.366
-8.88
-7.385
-5.878
-4.353
-2.808
-1.239
0.357
1.984
3.643
5.338
7.069
8.839
10.647
12.496
14.384
16.311
18.277
20.28
22.32
24.393
26.499
28.635
30.798
32.987
35.198
37.429
39.679
41.943
44.219
46.504
48.796
51.092
53.39
55.686
57.98
60.268
62.55
64.826
67.093
69.352
71.603
73.844
76.075
78.298
80.513
82.722
84.927
87.125
89.324
91.529
93.744
95.974
98.22
100.475
102.748
105.044
107.351
109.661
111.965
114.253
116.533
118.826
121.119
123.39
125.69
128.079
130.516
132.999
135.533
137.977
140.687
144.008
147.428
150.786
153.148
153.398
152.758
152.039
152.449
155.654
160.163
164.715
168.442
169.917
170.147
170.152
170.156
170.783
171.67
172.347
172.899
173.259
173.449
173.556
173.519
173.289
172.885
172.318
171.595
170.737
169.782
168.76
167.705
166.647
165.596
164.568
163.588
162.681
161.871
161.182
160.625
160.204
159.92
159.754
159.678
159.65
159.602
159.467
159.178
158.662
157.868
156.757
155.283
153.396
151.069
148.297
145.141
141.762
138.32
134.962
131.855
129.18
127.133
125.874
125.357
125.31
125.431
125.503
125.361
124.839
123.729
121.801
119.646
118.739
120.395
125.792
134.421
143.962
153.661
163.867
177.101
198.828
231.376
274.4
325.125
375.939
421.152
456.77
478.721
486.734
479.27
453.771
410.438
348.884
272.138
187.876
103.689
28.872
-29.284
-69.643
-93.804
-106.725
-114.468
-119.278
-121.339
-119.483
-112.02
-99.628
-84.345
-68.291
-53.395
-40.608
-30.356
-22.962
-18.465
-16.67
-17.176
-19.469
-23.197
-27.951
-33.118
-38.075
-42.223
-45.254
-47.218
-48.248
-48.432
-47.918
-46.937
-45.8
-44.899
-44.442
-44.386
-44.626
-45.042
-45.534
-46.043
-46.473
-46.661
-46.522
-46.061
-45.32
-44.38
-43.303
-42.111
-40.838
-39.538
-38.256
-37.044
-35.945
-34.972
-34.139
-33.458
-32.938
-32.588
-32.413
-32.407
-32.556
-32.852
-33.29
-33.868
-34.588
-35.444
-36.427
-37.527
-38.734
-40.04
-41.437
-42.914
-44.463
-46.073
-47.735
-49.444
-51.193
-52.975
-54.78
-56.598
-58.419
-60.233
-62.031
-63.802
-65.536
-67.226
-68.862
-70.437
-71.946
-73.382
-74.738
-76.01
-77.192
-78.281
-79.271
-80.16
-80.945
-81.623
-82.194
-82.656
-83.011
-83.259
-83.401
-83.441
-83.381
-83.227
-82.981
-82.65
-82.24
-81.757
-81.21
-80.605
-79.952
-79.259
-78.537
-77.794
-77.041
-76.289
-75.547
-74.826
-74.137
-73.49
-72.895
-72.363
-71.904
-71.527
-71.243
-71.061
-70.99
-71.038
-71.214
-71.525
-71.978
-72.579
-73.333
-74.246
-75.32
-76.559
-77.965
-79.539
-81.281
-83.19
-85.265
-87.501
-89.897
-92.446
-95.144
-97.983
-100.956
-104.055
-107.271
-110.594
-114.013
-117.518
-121.097
-124.738
-128.429
-132.158
-135.911
-139.675
-143.439
-147.188
-150.909
-154.591
-158.22
-161.784
-165.271
-168.67
-171.97
-175.161
-178.234
-181.179
-183.989
-186.656
-189.175
-191.54
-193.746
-195.79
-197.671
-199.385
-200.933
-202.315
-203.533
-204.588
-205.484
-206.225
-206.816
-207.261
-207.567
-207.741
-207.79
-207.721
-207.544
-207.266
-206.896
-206.445
-205.921
-205.334
-204.694
-204.01
-203.293
-202.552
-201.796
-201.035
-200.277
-199.531
-198.805
-198.107
-197.443
-196.82
-196.244
-195.72
-195.253
-194.847
-194.504
-194.228
-194.021
-193.882
-193.815
-193.817
-193.888
-194.028
-194.235
-194.505
-194.836
-195.225
-195.668
-196.161
-196.698
-197.275
-197.887
-198.528
-199.192
-199.875
-200.568
-201.268
-201.968
-202.662
-203.345
-204.011
-204.657
-205.276
-205.866
-206.422
-206.942
-207.423
-207.864
-208.263
-208.619
-208.932
-209.203
-209.433
-209.624
-209.779
-209.9
-209.993
-210.06
-210.107
-210.139
-210.162
-210.183
-210.207
-210.242
-210.295
-210.373
-210.484
-210.635
-210.834
-211.087
-211.402
-211.785
-212.243
-212.778
-213.397
-214.102
-214.897
-215.783
-216.761
-217.831
-218.992
-220.242
-221.577
-222.993
-224.485
-226.043
-227.661
-229.329
-231.035
-232.768
-234.514
-236.26
-237.991
-239.691
-241.343
-242.932
-244.438
-245.843
-247.128
-248.275
-249.264
-250.077
-250.696
-251.101
-251.277
-251.211
-250.887
-250.294
-249.417
-248.247
-246.774
-244.99
-242.885
-240.451
-237.682
-234.572
-231.12
-227.328
-223.197
-218.729
-213.932
-208.812
-203.379
-197.646
-191.62
-185.309
-178.725
-171.884
-164.804
-157.513
-150.033
-142.382
-134.581
-126.652
-118.609
-110.468
-102.235
-93.904
-85.476
-76.958
-68.356
-59.688
-50.96
-42.175
-33.342
-24.468
-15.564
-6.65
2.259
11.143
19.958
28.648
37.152
45.392
53.307
60.84
67.918
74.471
80.432
85.749
90.389
94.308
97.479
99.912
101.686
102.979
104.022
105.022
106.177
107.737
109.898
112.776
116.299
120.117
123.821
127.117
129.71
131.241
131.413
130.104
128.035
126.794
127.836
132.109
139.18
147.895
158.436
172.386
192.846
222.948
262.932
310.527
361.446
410.575
454.301
489.015
511.158
517.473
504.162
470.655
418.868
352.024
276.433
197.285
119.792
50.705
-5.946
-47.224
-72.374
-84.174
-84.925
-76.597
-61.046
-40.199
-17.726
2.61
18.286
29.11
37.519
45.62
54.195
62.815
69.684
73.753
75.227
74.742
73.486
72.547
72.494
73.542
75.618
78.51
81.996
85.916
90.098
94.211
97.861
100.822
103.026
104.55
105.592
106.32
106.842
107.305
107.876
108.649
109.675
110.951
112.406
113.984
115.652
117.37
119.104
120.829
122.512
124.124
125.642
127.035
128.282
129.377
130.309
131.081
131.7
132.174
132.523
132.774
132.944
133.051
133.108
133.126
133.125
133.123
133.139
133.192
133.297
133.47
133.725
134.078
134.538
135.113
135.811
136.635
137.591
138.687
139.927
141.314
142.852
144.543
146.387
148.384
150.532
152.827
155.263
157.833
160.53
163.347
166.274
169.301
172.416
175.609
178.868
182.179
185.529
188.905
192.292
195.677
199.045
202.382
205.672
208.903
212.059
215.127
218.093
220.944
223.667
226.251
228.683
230.952
233.048
234.962
236.683
238.205
239.52
240.621
241.505
242.165
242.6
242.806
242.783
242.529
242.046
241.333
240.394
239.231
237.846
236.245
234.432
232.413
230.194
227.781
225.181
222.404
219.456
216.346
213.083
209.678
206.139
202.477
198.702
194.825
190.857
186.809
182.691
178.516
174.295
170.038
165.757
161.462
157.165
152.874
148.6
144.354
140.143
135.978
131.866
127.816
123.835
119.932
116.112
112.382
108.748
105.216
101.791
98.476
95.277
92.196
89.237
86.401
83.691
81.107
78.651
76.323
74.121
72.045
70.092
68.261
66.549
64.953
63.469
62.093
60.822
59.651
58.575
57.589
56.689
55.869
55.123
54.446
53.833
53.278
52.775
52.318
51.902
51.52
51.167
50.838
50.525
50.225
49.93
49.637
49.339
49.033
48.714
48.377
48.02
47.639
47.232
46.797
46.331
45.835
45.306
44.745
44.152
43.528
42.874
42.192
41.484
40.752
40.001
39.233
38.453
37.663
36.871
36.079
35.294
34.522
33.769
33.042
32.347
31.692
31.083
30.53
30.038
29.617
29.272
29.011
28.842
28.77
28.802
28.944
29.201
29.579
30.081
30.712
31.474
32.369
33.4
34.566
35.869
37.306
38.878
40.582
42.416
44.375
46.456
48.655
50.964
53.38
55.893
58.496
61.182
63.94
66.763
69.638
72.558
75.51
78.485
81.473
84.462
87.443
90.404
93.335
96.226
99.066
101.847
104.558
107.191
109.738
112.192
114.545
116.79
118.923
120.937
122.828
124.591
126.222
127.718
129.075
130.29
131.362
132.289
133.07
133.705
134.193
134.534
134.729
134.777
134.679
134.432
134.036
133.49
132.792
131.943
130.94
129.785
128.476
127.016
125.407
123.652
121.751
119.706
117.517
115.185
112.712
110.098
107.346
104.458
101.437
98.289
95.024
91.646
88.163
84.573
80.876
77.069
73.161
69.157
65.069
60.91
56.697
52.455
48.219
44.018
39.879
35.825
31.872
28.038
24.345
20.811
17.467
14.34
11.437
8.758
6.3
4.038
1.952
0.011
-1.849
-3.692
-5.582
-7.582
-9.737
-12.083
-14.667
-17.542
-20.748
-24.288
-28.077
-31.942
-35.689
-39.118
-42.041
-44.257
-45.57
-45.889
-45.351
-44.299
-43.189
-42.491
-42.531
-43.534
-45.719
-49.099
-53.166
-57.135
-59.589
-58.484
-52.807
-42.038
-26.238
-7.223
14.61
40.368
70.688
107.779
151.835
198.96
244.831
282.636
305.343
309.615
293.482
258.207
208.101
146.935
78.026
4.116
-72.326
-147.09
-213.396
-264.743
-297.896
-313.524
-316.909
-314.608
-310.146
-304.687
-297.4
-286.688
-272.935
-257.758
-242.794
-229.776
-219.725
-212.709
-208.395
-206.31
-205.902
-206.612
-208.073
-209.747
-210.808
-210.807
-209.615
-207.221
-203.887
-199.927
-195.511
-190.962
-186.783
-183.237
-180.44
-178.409
-176.95
-175.87
-175.035
-174.256
-173.328
-172.144
-170.646
-168.823
-166.741
-164.455
-162.009
-159.46
-156.857
-154.239
-151.638
-149.084
-146.607
-144.248
-142.053
-140.054
-138.272
-136.718
-135.397
-134.307
-133.442
-132.787
-132.321
-132.028
-131.895
-131.911
-132.065
-132.34
-132.719
-133.179
-133.703
-134.271
-134.865
-135.467
-136.06
-136.633
-137.172
-137.667
-138.109
-138.487
-138.791
-139.01
-139.134
-139.154
-139.061
-138.85
-138.513
-138.047
-137.45
-136.72
-135.858
-134.865
-133.743
-132.495
-131.127
-129.643
-128.051
-126.358
-124.573
-122.704
-120.763
-118.761
-116.708
-114.616
-112.498
-110.367
-108.235
-106.114
-104.016
-101.955
-99.941
-97.986
-96.101
-94.296
-92.58
-90.963
-89.452
-88.055
-86.778
-85.625
-84.601
-83.708
-82.949
-82.324
-81.831
-81.47
-81.238
-81.131
-81.143
-81.27
-81.504
-81.838
-82.264
-82.772
-83.353
-83.996
-84.691
-85.428
-86.195
-86.981
-87.776
-88.568
-89.347
-90.103
-90.825
-91.505
-92.133
-92.7
-93.201
-93.627
-93.973
-94.233
-94.403
-94.48
-94.461
-94.345
-94.131
-93.819
-93.411
-92.908
-92.316
-91.636
-90.875
-90.038
-89.131
-88.161
-87.136
-86.063
-84.951
-83.809
-82.644
-81.465
-80.281
-79.101
-77.932
-76.784
-75.662
-74.575
-73.529
-72.531
-71.584
-70.696
-69.869
-69.107
-68.413
-67.788
-67.234
-66.752
-66.34
-65.997
-65.722
-65.511
-65.361
-65.267
-65.225
-65.229
-65.274
-65.351
-65.456
-65.58
-65.717
-65.859
-65.998
-66.128
-66.24
-66.327
-66.383
-66.4
-66.373
-66.295
-66.161
-65.966
-65.705
-65.376
-64.976
-64.5
-63.949
-63.321
-62.616
-61.834
-60.977
-60.046
-59.045
-57.976
-56.845
-55.655
-54.414
-53.126
-51.799
-50.44
-49.055
-47.654
-46.244
-44.835
-43.433
-42.049
-40.692
-39.37
-38.092
-36.867
-35.705
-34.613
-33.6
-32.673
-31.841
-31.11
-30.488
-29.979
-29.591
-29.327
-29.192
-29.19
-29.323
-29.593
-30.002
-30.55
-31.236
-32.059
-33.016
-34.104
-35.319
-36.656
-38.11
-39.674
-41.341
-43.103
-44.952
-46.879
-48.873
-50.925
-53.023
-55.156
-57.311
-59.476
-61.637
-63.783
-65.899
-67.973
-69.992
-71.942
-73.81
-75.585
-77.253
-78.803
-80.224
-81.504
-82.634
-83.605
-84.408
-85.036
-85.483
-85.745
-85.819
-85.7
-85.389
-84.885
-84.188
-83.3
-82.226
-80.97
-79.538
-77.936
-76.174
-74.263
-72.217
-70.049
-67.773
-65.405
-62.962
-60.459
-57.915
-55.345
-52.763
-50.185
-47.63
-45.115
-42.658
-40.276
-37.986
-35.805
-33.751
-31.839
-30.083
-28.494
-27.078
-25.845
-24.807
-23.974
-23.363
-22.982
-22.837
-22.933
-23.269
-23.84
-24.639
-25.647
-26.837
-28.188
-29.675
-31.277
-32.978
-34.755
-36.589
-38.461
-40.344
-42.214
-44.059
-45.874
-47.66
-49.437
-51.216
-53.017
-54.885
-56.864
-59.008
-61.379
-64.013
-66.933
-70.163
-73.741
-77.687
-81.982
-86.534
-91.155
-95.652
-99.882
-103.708
-106.933
-109.404
-111.062
-111.994
-112.544
-113.057
-113.683
-114.599
-116.107
-118.392
-121.428
-124.53
-126.198
-124.996
-120.274
-112.719
-103.657
-94.046
-83.221
-67.587
-43.104
-6.815
41.394
95.294
146.077
185.235
205.941
208.687
198.201
178.512
153.609
122.5
80.448
27.024
-35.663
-100.921
-157.043
-197.449
-220.205
-227.582
-227.164
-223.63
-218.266
-210.797
-198.927
-182.321
-162.791
-142.539
-123.995
-108.654
-97.052
-89.3
-85.038
-83.758
-84.791
-87.297
-90.53
-93.679
-96.031
-97.25
-97.219
-96.016
-93.955
-91.386
-88.651
-86.212
-84.409
-83.354
-83.08
-83.489
-84.376
-85.585
-86.945
-88.236
-89.333
-90.186
-90.762
-91.094
-91.221
-91.157
-90.935
-90.593
-90.144
-89.606
-88.995
-88.321
-87.608
-86.877
-86.139
-85.4
-84.66
-83.913
-83.154
-82.376
-81.564
-80.708
-79.803
-78.844
-77.832
-76.766
-75.64
-74.45
-73.189
-71.853
-70.442
-68.954
-67.389
-65.75
-64.04
-62.267
-60.436
-58.555
-56.628
-54.657
-52.646
-50.597
-48.514
-46.399
-44.254
-42.08
-39.878
-37.651
-35.4
-33.127
-30.831
-28.509
-26.161
-23.783
-21.371
-18.923
-16.43
-13.887
-11.286
-8.618
-5.876
-3.053
-0.138
2.876
6
9.243
12.612
16.116
19.765
23.57
27.542
31.692
36.021
40.529
45.22
50.095
55.153
60.394
65.811
71.394
77.148
83.072
89.168
95.436
101.863
108.433
115.131
121.94
128.852
135.866
142.961
150.121
157.336
164.592
171.886
179.216
186.541
193.822
201.023
208.104
215.048
221.837
228.445
234.85
241.023
246.931
252.561
257.901
262.916
267.584
271.87
275.737
279.202
282.285
284.994
287.349
289.349
290.993
292.299
293.283
293.956
294.335
294.426
294.235
293.794
293.131
292.279
291.278
290.125
288.82
287.375
285.794
284.096
282.298
280.408
278.43
276.384
274.287
272.159
270.02
267.874
265.724
263.576
261.427
259.296
257.198
255.14
253.13
251.174
249.275
247.44
245.677
243.982
242.349
240.776
239.255
237.786
236.368
234.996
233.667
232.374
231.111
229.874
228.656
227.452
226.256
225.062
223.862
222.655
221.438
220.208
218.963
217.7
216.419
215.118
213.798
212.459
211.1
209.723
208.328
206.918
205.495
204.061
202.618
201.169
199.716
198.261
196.806
195.352
193.899
192.45
191.003
189.559
188.117
186.676
185.234
183.788
182.336
180.874
179.398
177.904
176.386
174.839
173.256
171.632
169.959
168.23
166.44
164.581
162.645
160.628
158.521
156.32
154.018
151.611
149.094
146.465
143.721
140.861
137.886
134.798
131.598
128.292
124.884
121.381
117.792
114.125
110.39
106.6
102.767
98.904
95.028
91.154
87.299
83.48
79.717
76.027
72.429
68.941
65.584
62.375
59.332
56.472
53.815
51.375
49.168
47.208
45.509
44.081
42.933
42.075
41.51
41.242
41.272
41.6
42.222
43.134
44.328
45.795
47.524
49.5
51.71
54.134
56.755
59.551
62.498
65.569
68.738
71.976
75.256
78.547
81.822
85.051
88.208
91.268
94.204
96.992
99.608
102.028
104.227
106.182
107.872
109.283
110.404
111.227
111.744
111.952
111.848
111.43
110.696
109.639
108.25
106.53
104.481
102.112
99.443
96.5
93.311
89.906
86.306
82.532
78.612
74.578
70.468
66.315
62.15
58.004
53.925
49.974
46.179
42.516
38.906
35.252
31.513
27.726
23.936
20.114
16.259
12.449
8.879
5.829
3.411
1.497
-0.096
-1.423
-2.498
-3.353
-4.171
-5.317
-6.969
-9.051
-11.478
-14.287
-17.616
-21.606
-26.268
-31.46
-37.063
-42.901
-48.174
-51.472
-51.442
-47.271
-39.613
-30.036
-18.95
-4.886
15.667
46.403
87.664
135.422
182.621
222.055
250.389
268.883
280.266
286.414
284.833
268.946
233.371
174.904
96.71
9.044
-77.053
-149.619
-200.923
-231.366
-244.393
-246.941
-245.978
-243.442
-239.41
-232.728
-221.681
-207.192
-191.458
-176.414
-164.057
-155.372
-150.191
-148.097
-148.485
-150.528
-153.493
-156.77
-159.586
-161.297
-161.656
-160.587
-158.219
-154.939
-151.133
-147.186
-143.603
-140.742
-138.74
-137.657
-137.409
-137.815
-138.691
-139.797
-140.866
-141.735
-142.334
-142.636
-142.664
-142.441
-141.98
-141.328
-140.535
-139.632
-138.638
-137.557
-136.397
-135.181
-133.948
-132.742
-131.593
-130.513
-129.507
-128.575
-127.712
-126.913
-126.162
-125.435
-124.714
-123.986
-123.238
-122.463
-121.645
-120.768
-119.815
-118.767
-117.611
-116.333
-114.923
-113.371
-111.672
-109.82
-107.814
-105.653
-103.335
-100.86
-98.226
-95.433
-92.48
-89.37
-86.104
-82.687
-79.121
-75.415
-71.573
-67.605
-63.518
-59.322
-55.026
-50.64
-46.176
-41.644
-37.056
-32.424
-27.76
-23.076
-18.385
-13.698
-9.029
-4.389
0.211
4.758
9.242
13.651
17.977
22.208
26.337
30.353
34.248
38.016
41.648
45.137
48.479
51.666
54.695
57.56
60.259
62.788
65.146
67.331
69.343
71.18
72.844
74.335
75.655
76.806
77.791
78.612
79.273
79.779
80.132
80.337
80.4
80.326
80.12
79.787
79.333
78.765
78.087
77.308
76.433
75.47
74.424
73.303
72.115
70.866
69.565
68.218
66.832
65.416
63.976
62.519
61.053
59.583
58.118
56.662
55.222
53.804
52.413
51.055
49.733
48.454
47.22
46.036
44.905
43.83
42.814
41.86
40.968
40.142
39.382
38.689
38.062
37.503
37.01
36.582
36.219
35.917
35.675
35.491
35.361
35.283
35.253
35.268
35.324
35.418
35.545
35.704
35.889
36.097
36.325
36.569
36.825
37.092
37.366
37.644
37.925
38.206
38.484
38.757
39.021
39.276
39.522
39.758
39.98
40.189
40.393
40.598
40.812
41.035
41.258
41.479
41.714
41.953
42.175
42.359
42.485
42.553
42.598
42.63
42.614
42.589
42.684
42.923
43.269
43.739
44.191
44.891
46.63
49.214
51.921
53.527
51.764
46.83
40.977
36.472
36.531
41.269
47.654
53.344
55.787
54.599
52.042
49.484
47.878
47.483
47.363
47.108
46.741
46.228
45.704
45.198
44.581
43.815
42.919
41.889
40.719
39.414
37.981
36.433
34.794
33.075
31.268
29.377
27.407
25.364
23.256
21.09
18.872
16.611
14.316
11.997
9.666
7.333
5.008
2.701
0.422
-1.816
-4.005
-6.133
-8.191
-10.17
-12.06
-13.853
-15.541
-17.119
-18.58
-19.92
-21.136
-22.226
-23.188
-24.022
-24.728
-25.308
-25.763
-26.098
-26.318
-26.426
-26.432
-26.344
-26.172
-25.93
-25.627
-25.277
-24.892
-24.486
-24.073
-23.664
-23.269
-22.9
-22.572
-22.297
-22.087
-21.955
-21.91
-21.966
-22.132
-22.419
-22.831
-23.374
-24.049
-24.861
-25.814
-26.914
-28.17
-29.587
-31.166
-32.905
-34.805
-36.857
-39.052
-41.37
-43.784
-46.27
-48.804
-51.365
-53.932
-56.476
-58.974
-61.405
-63.74
-65.956
-68.042
-69.984
-71.78
-73.443
-74.975
-76.396
-77.758
-79.104
-80.503
-82.034
-83.74
-85.687
-87.959
-90.579
-93.56
-96.859
-100.305
-103.721
-106.979
-109.896
-112.303
-114.113
-115.259
-115.856
-116.304
-117.009
-118.274
-120.325
-123.387
-127.643
-133.059
-139.302
-145.172
-148.846
-149.322
-146.139
-139.272
-129.665
-116.387
-96.952
-70.035
-34.572
7.686
51.763
94.104
132.711
166.742
196.151
218.614
228.382
219.239
188.152
135.361
65.092
-14.775
-97.359
-176.17
-243.847
-296.6
-333.602
-355.282
-365.744
-368.845
-364.739
-354.616
-340.061
-322.145
-304.877
-290.419
-277.798
-266.784
-256.297
-246.349
-238.954
-234.894
-234.323
-236.803
-240.939
-245.758
-250.423
-254.044
-256.262
-256.964
-256.17
-254.137
-251.106
-247.289
-243.112
-239.088
-235.508
-232.487
-229.975
-227.766
-225.708
-223.711
-221.617
-219.244
-216.49
-213.302
-209.698
-205.77
-201.576
-197.155
-192.549
-187.796
-182.937
-178.014
-173.063
-168.112
-163.185
-158.3
-153.472
-148.712
-144.026
-139.417
-134.881
-130.404
-125.979
-121.601
-117.27
-112.987
-108.748
-104.546
-100.372
-96.219
-92.08
-87.951
-83.824
-79.693
-75.554
-71.403
-67.242
-63.07
-58.887
-54.691
-50.48
-46.251
-42.004
-37.736
-33.448
-29.139
-24.809
-20.46
-16.094
-11.714
-7.323
-2.923
1.481
5.888
10.292
14.691
19.08
23.455
27.812
32.147
36.454
40.728
44.966
49.162
53.311
57.408
61.449
65.428
69.342
73.186
76.954
80.644
84.249
87.767
91.192
94.52
97.748
100.87
103.884
106.784
109.569
112.234
114.777
117.193
119.479
121.633
123.651
125.531
127.269
128.862
130.309
131.607
132.755
133.75
134.591
135.278
135.809
136.184
136.404
136.468
136.379
136.137
135.744
135.204
134.519
133.694
132.733
131.64
130.422
129.085
127.636
126.081
124.428
122.686
120.862
118.967
117.009
114.997
112.943
110.855
108.743
106.618
104.489
102.366
100.258
98.174
96.123
94.113
92.151
90.244
88.398
86.62
84.912
83.279
81.723
80.246
78.849
77.531
76.291
75.127
74.035
73.011
72.05
71.147
70.295
69.486
68.714
67.969
67.242
66.524
65.806
65.077
64.328
63.548
62.728
61.857
60.928
59.93
58.855
57.695
56.443
55.091
53.635
52.07
50.39
48.594
46.68
44.647
42.495
40.226
37.841
35.344
32.739
30.031
27.227
24.331
21.352
18.297
15.175
11.994
8.763
5.491
2.188
-1.137
-4.475
-7.818
-11.155
-14.479
-17.781
-21.055
-24.292
-27.486
-30.632
-33.724
-36.759
-39.733
-42.643
-45.488
-48.267
-50.982
-53.633
-56.222
-58.753
-61.228
-63.652
-66.03
-68.367
-70.668
-72.94
-75.188
-77.419
-79.639
-81.854
-84.07
-86.292
-88.526
-90.776
-93.046
-95.341
-97.662
-100.012
-102.393
-104.805
-107.249
-109.724
-112.227
-114.756
-117.308
-119.877
-122.459
-125.045
-127.629
-130.202
-132.755
-135.279
-137.764
-140.199
-142.573
-144.875
-147.094
-149.218
-151.238
-153.141
-154.917
-156.556
-158.049
-159.387
-160.563
-161.57
-162.4
-163.051
-163.517
-163.797
-163.889
-163.792
-163.507
-163.037
-162.385
-161.558
-160.56
-159.401
-158.09
-156.64
-155.065
-153.379
-151.597
-149.736
-147.813
-145.846
-143.852
-141.849
-139.852
-137.879
-135.949
-134.083
-132.3
-130.617
-129.052
-127.621
-126.344
-125.236
-124.311
-123.575
-123.04
-122.715
-122.615
-122.758
-123.156
-123.813
-124.733
-125.916
-127.359
-129.055
-130.987
-133.126
-135.444
-137.918
-140.533
-143.279
-146.135
-149.074
-152.065
-155.076
-158.088
-161.089
-164.064
-167.006
-169.924
-172.841
-175.806
-178.875
-182.094
-185.504
-189.148
-193.072
-197.323
-201.933
-206.942
-212.407
-218.339
-224.726
-231.491
-238.441
-245.376
-252.129
-258.467
-264.135
-268.946
-272.768
-275.701
-278.138
-280.424
-282.764
-285.427
-288.713
-292.78
-297.736
-302.897
-306.608
-307.93
-306.495
-302.398
-296.706
-288.419
-274.68
-253.582
-223.555
-186.054
-145.85
-106.257
-69.567
-36.778
-7.292
16.757
30.658
29.07
7.147
-36.301
-98.518
-173.647
-254.181
-332.956
-403.265
-460.716
-503.531
-531.89
-548.216
-554.822
-553.262
-544.84
-531.316
-516.101
-502.768
-493.665
-488.664
-484.838
-479.509
-471.801
-462.542
-454.108
-448.21
-445.02
-444.073
-444.535
-445.807
-447.552
-449.426
-451.009
-451.788
-451.497
-450.011
-447.182
-442.996
-437.568
-431.059
-423.793
-416.158
-408.293
-400.233
-392.005
-383.56
-374.877
-365.941
-356.649
-346.865
-336.552
-325.734
-314.468
-302.852
-290.947
-278.8
-266.484
-254.081
-241.669
-229.311
-217.044
-204.891
-192.877
-181.034
-169.394
-157.987
-146.833
-135.948
-125.351
-115.061
-105.103
-95.495
-86.251
-77.38
-68.89
-60.79
-53.088
-45.792
-38.908
-32.438
-26.385
-20.753
-15.543
-10.756
-6.386
-2.427
1.129
4.294
7.08
9.502
11.577
13.322
14.749
15.873
16.708
17.268
17.567
17.62
17.439
17.04
16.437
15.653
14.705
13.61
12.379
11.018
9.54
7.962
6.305
4.587
2.831
1.064
-0.678
-2.348
-3.898
-5.298
-6.528
-7.584
-8.458
-9.143
-9.632
-9.917
-10.008
-9.922
-9.668
-9.248
-8.67
-7.953
-7.144
-6.313
-5.518
-4.785
-4.113
-3.476
-2.848
-2.196
-1.469
-0.599
0.511
1.95
3.783
6.061
8.834
12.168
16.164
20.946
26.609
33.213
40.782
49.315
58.807
69.231
80.524
92.59
105.297
118.533
132.216
146.282
160.669
175.297
190.059
204.835
219.532
234.08
248.423
262.518
276.323
289.817
303.009
315.941
328.672
341.243
353.665
365.938
378.057
390.024
401.851
413.548
425.111
436.527
447.788
458.882
469.802
480.53
491.031
501.258
511.159
520.695
529.84
538.577
546.893
554.774
562.213
569.204
575.756
581.874
587.558
592.813
597.639
602.043
606.036
609.637
612.86
615.722
618.238
620.423
622.291
623.859
625.142
626.15
626.897
627.397
627.664
627.717
627.572
627.246
626.757
626.121
625.357
624.479
623.504
622.445
621.315
620.126
618.889
617.615
616.312
614.989
613.653
612.308
610.96
609.613
608.268
606.928
605.592
604.261
602.933
601.605
600.276
598.941
597.595
596.236
594.856
593.451
592.013
590.536
589.011
587.433
585.793
584.083
582.296
580.424
578.462
576.401
574.239
571.968
569.586
567.089
564.475
561.743
558.894
555.929
552.849
549.657
546.358
542.956
539.456
535.867
532.194
528.446
524.631
520.759
516.84
512.886
508.907
504.916
500.923
496.942
492.984
489.063
485.189
481.375
477.633
473.974
470.41
466.951
463.605
460.384
457.293
454.34
451.53
448.867
446.353
443.989
441.775
439.711
437.794
436.021
434.387
432.886
431.512
430.258
429.114
428.069
427.111
426.226
425.4
424.618
423.864
423.122
422.377
421.615
420.82
419.981
419.082
418.11
417.05
415.89
414.616
413.216
411.679
409.995
408.156
406.155
403.989
401.655
399.148
396.461
393.59
390.521
387.25
383.771
380.082
376.183
372.081
367.785
363.313
358.693
353.947
349.103
344.189
339.225
334.238
329.255
324.302
319.415
314.623
309.94
305.378
300.942
296.636
292.453
288.36
284.291
280.164
275.895
271.417
266.655
261.506
255.902
249.816
243.29
236.476
229.554
222.667
215.986
209.71
203.949
198.719
193.841
188.857
183.257
176.617
168.583
158.875
147.414
134.387
120.473
106.912
95.217
86.875
83.166
85.353
94.515
111.278
135.752
166.762
201.753
238.192
273.679
306.592
337.148
364.712
386.836
399.819
397.842
376.121
333.889
273.074
198.356
116.648
33.788
-44.153
-110.443
-161.409
-195.101
-212.11
-216.947
-213.242
-204.229
-193.443
-182.202
-172.13
-164.18
-157.072
-150.26
-143.41
-136.993
-132.873
-131.92
-134.234
-139.215
-145.54
-152.321
-158.764
-164.067
-167.896
-170.109
-170.729
-170.053
-168.35
-165.861
-163.02
-160.331
-158.115
-156.528
-155.573
-155.096
-154.934
-154.975
-155.059
-154.996
-154.691
-154.1
-153.225
-152.136
-150.899
-149.556
-148.163
-146.773
-145.418
-144.135
-142.959
-141.915
-141.046
-140.387
-139.958
-139.777
-139.855
-140.194
-140.796
-141.654
-142.751
-144.071
-145.604
-147.337
-149.261
-151.361
-153.614
-155.999
-158.491
-161.066
-163.704
-166.379
-169.066
-171.745
-174.395
-176.997
-179.535
-181.989
-184.34
-186.568
-188.656
-190.585
-192.341
-193.908
-195.273
-196.423
-197.35
-198.046
-198.507
-198.727
-198.705
-198.44
-197.932
-197.186
-196.205
-194.996
-193.566
-191.926
-190.086
-188.059
-185.86
-183.502
-181.002
-178.376
-175.643
-172.82
-169.927
-166.981
-164.003
-161.012
-158.026
-155.064
-152.147
-149.29
-146.513
-143.832
-141.263
-138.822
-136.523
-134.379
-132.402
-130.603
-128.991
-127.575
-126.362
-125.356
-124.564
-123.988
-123.631
-123.493
-123.573
-123.871
-124.384
-125.108
-126.039
-127.171
-128.499
-130.015
-131.712
-133.581
-135.616
-137.806
-140.143
-142.618
-145.22
-147.942
-150.773
-153.704
-156.727
-159.832
-163.01
-166.255
-169.557
-172.91
-176.307
-179.742
-183.209
-186.702
-190.218
-193.752
-197.301
-200.863
-204.435
-208.015
-211.604
-215.2
-218.804
-222.417
-226.039
-229.672
-233.318
-236.979
-240.658
-244.357
-248.079
-251.827
-255.604
-259.412
-263.255
-267.135
-271.055
-275.016
-279.023
-283.075
-287.176
-291.326
-295.526
-299.778
-304.081
-308.436
-312.841
-317.297
-321.801
-326.351
-330.946
-335.582
-340.255
-344.963
-349.701
-354.464
-359.247
-364.044
-368.849
-373.656
-378.458
-383.248
-388.018
-392.761
-397.47
-402.137
-406.754
-411.313
-415.806
-420.226
-424.565
-428.815
-432.969
-437.019
-440.959
-444.781
-448.48
-452.048
-455.481
-458.772
-461.917
-464.91
-467.748
-470.426
-472.942
-475.292
-477.473
-479.485
-481.327
-482.996
-484.494
-485.821
-486.978
-487.966
-488.788
-489.444
-489.938
-490.273
-490.452
-490.478
-490.355
-490.087
-489.678
-489.132
-488.452
-487.643
-486.709
-485.653
-484.478
-483.189
-481.788
-480.278
-478.663
-476.944
-475.125
-473.206
-471.19
-469.078
-466.87
-464.568
-462.169
-459.674
-457.082
-454.391
-451.6
-448.707
-445.709
-442.605
-439.392
-436.068
-432.63
-429.076
-425.403
-421.609
-417.691
-413.649
-409.479
-405.182
-400.757
-396.204
-391.526
-386.724
-381.8
-376.757
-371.599
-366.33
-360.956
-355.483
-349.918
-344.267
-338.54
-332.748
-326.904
-321.021
-315.11
-309.187
-303.265
-297.36
-291.485
-285.654
-279.877
-274.168
-268.54
-263.006
-257.582
-252.279
-247.11
-242.088
-237.224
-232.531
-228.017
-223.686
-219.541
-215.587
-211.829
-208.275
-204.934
-201.814
-198.917
-196.243
-193.79
-191.552
-189.516
-187.663
-185.965
-184.396
-182.93
-181.544
-180.217
-178.924
-177.644
-176.358
-175.036
-173.653
-172.191
-170.643
-169.013
-167.319
-165.574
-163.797
-162.031
-160.326
-158.749
-157.371
-156.253
-155.433
-154.951
-154.866
-155.213
-155.984
-157.09
-158.326
-159.45
-160.277
-160.648
-160.349
-159.236
-157.28
-154.619
-151.69
-149.026
-146.975
-145.772
-145.749
-147.091
-149.596
-152.739
-155.111
-154.654
-150.291
-141.41
-127.942
-111.045
-90.226
-64.088
-31.573
8.856
56.002
106.179
155.031
197.635
230.327
250.733
257.333
248.119
221.169
176.246
113.351
36.479
-46.371
-126.813
-193.988
-240.25
-265.065
-271.293
-266.311
-257.909
-248.793
-239.217
-227.852
-212.729
-194.433
-174.976
-156.144
-139.722
-126.728
-117.169
-110.604
-106.445
-104.024
-102.687
-102.049
-101.603
-100.566
-98.515
-95.347
-91.089
-86.04
-80.552
-74.804
-69.104
-63.915
-59.474
-55.882
-53.15
-51.097
-49.522
-48.286
-47.202
-46.067
-44.774
-43.264
-41.511
-39.559
-37.445
-35.199
-32.864
-30.477
-28.06
-25.628
-23.196
-20.78
-18.405
-16.104
-13.894
-11.786
-9.779
-7.871
-6.054
-4.319
-2.646
-1.012
0.603
2.212
3.83
5.466
7.138
8.863
10.659
12.541
14.524
16.622
18.847
21.208
23.714
26.37
29.179
32.146
35.273
38.565
42.025
45.656
49.46
53.437
57.589
61.916
66.415
71.084
75.918
80.915
86.068
91.374
96.825
102.416
108.14
113.99
119.957
126.035
132.214
138.485
144.84
151.268
157.761
164.309
170.901
177.527
184.177
190.839
197.503
204.158
210.792
217.394
223.952
230.455
236.891
243.249
249.515
255.679
261.727
267.649
273.432
279.066
284.537
289.835
294.948
299.866
304.577
309.072
313.339
317.37
321.154
324.683
327.948
330.941
333.656
336.086
338.226
340.072
341.619
342.865
343.809
344.451
344.79
344.828
344.569
344.016
343.175
342.052
340.655
338.991
337.072
334.907
332.509
329.889
327.062
324.042
320.843
317.482
313.974
310.336
306.585
302.739
298.815
294.829
290.801
286.747
282.684
278.628
274.596
270.602
266.662
262.789
258.995
255.292
251.692
248.205
244.838
241.599
238.495
235.532
232.712
230.041
227.519
225.149
222.93
220.863
218.946
217.178
215.556
214.076
212.734
211.527
210.448
209.493
208.656
207.931
207.312
206.794
206.369
206.034
205.782
205.607
205.506
205.473
205.505
205.598
205.749
205.956
206.216
206.529
206.893
207.307
207.77
208.282
208.84
209.445
210.095
210.787
211.518
212.286
213.089
213.922
214.784
215.67
216.579
217.507
218.454
219.413
220.382
221.354
222.322
223.279
224.22
225.134
226.013
226.848
227.628
228.349
229.004
229.584
230.077
230.464
230.731
230.874
230.886
230.766
230.514
230.135
229.642
229.064
228.427
227.752
227.055
226.338
225.609
224.883
224.181
223.529
222.942
222.417
221.944
221.519
221.126
220.738
220.297
219.705
218.876
217.744
216.271
214.444
212.241
209.617
206.532
202.945
198.842
194.252
189.194
183.67
177.742
171.54
165.286
159.328
153.957
149.382
145.827
143.462
142.342
142.456
143.611
145.467
147.821
150.488
153.198
155.876
158.664
161.885
166.203
172.288
180.454
191.22
205.362
223.239
244.951
269.638
295.137
320.319
344.93
368.94
393.231
415.886
432.626
439.838
433.597
413.785
384.218
348.429
310.71
273.178
234.937
195.77
155.483
114.84
76.236
41.195
10.456
-15.697
-37.741
-55.876
-69.994
-80.405
-87.709
-92.667
-96.163
-98.683
-100.328
-101.24
-101.518
-101.115
-99.881
-97.449
-93.354
-87.428
-79.749
-70.499
-59.961
-48.424
-36.18
-23.575
-10.973
1.381
13.367
24.921
36.009
46.574
56.52
65.724
74.093
81.544
87.98
93.359
97.667
100.923
103.199
104.555
105.025
104.645
103.432
101.408
98.625
95.148
91.052
86.473
81.553
76.44
71.305
66.263
61.389
56.74
52.329
48.167
44.278
40.672
37.359
34.353
31.65
29.244
27.128
25.257
23.572
22.002
20.458
18.884
17.249
15.537
13.752
11.908
10.019
8.109
6.21
4.349
2.549
0.835
-0.779
-2.263
-3.579
-4.687
-5.539
-6.099
-6.345
-6.258
-5.83
-5.057
-3.939
-2.484
-0.709
1.377
3.763
6.44
9.403
12.64
16.138
19.883
23.856
28.04
32.42
36.978
41.694
46.551
51.53
56.614
61.786
67.027
72.316
77.632
82.953
88.255
93.517
98.714
103.824
108.824
113.691
118.404
122.943
127.287
131.418
135.316
138.963
142.344
145.443
148.243
150.731
152.895
154.721
156.199
157.321
158.077
158.463
158.472
158.102
157.351
156.218
154.706
152.817
150.555
147.926
144.938
141.6
137.921
133.913
129.589
124.962
120.047
114.859
109.414
103.73
97.823
91.711
85.412
78.945
72.327
65.58
58.72
51.768
44.743
37.662
30.546
23.413
16.28
9.165
2.086
-4.942
-11.902
-18.78
-25.56
-32.229
-38.774
-45.182
-51.442
-57.544
-63.476
-69.23
-74.797
-80.168
-85.336
-90.294
-95.036
-99.555
-103.846
-107.904
-111.725
-115.305
-118.639
-121.727
-124.564
-127.149
-129.48
-131.558
-133.381
-134.951
-136.268
-137.334
-138.151
-138.723
-139.051
-139.142
-138.999
-138.628
-138.035
-137.227
-136.212
-134.998
-133.594
-132.011
-130.258
-128.348
-126.292
-124.104
-121.798
-119.389
-116.891
-114.321
-111.695
-109.03
-106.344
-103.654
-100.979
-98.337
-95.745
-93.221
-90.784
-88.45
-86.238
-84.162
-82.239
-80.483
-78.91
-77.532
-76.36
-75.407
-74.682
-74.194
-73.949
-73.954
-74.212
-74.726
-75.497
-76.524
-77.806
-79.337
-81.113
-83.126
-85.367
-87.825
-90.488
-93.343
-96.373
-99.564
-102.896
-106.352
-109.913
-113.556
-117.262
-121.009
-124.774
-128.536
-132.271
-135.958
-139.573
-143.094
-146.5
-149.77
-152.882
-155.817
-158.555
-161.079
-163.371
-165.416
-167.199
-168.707
-169.929
-170.854
-171.473
-171.781
-171.772
-171.443
-170.791
-169.818
-168.524
-166.913
-164.991
-162.764
-160.24
-157.429
-154.343
-150.992
-147.392
-143.558
-139.504
-135.248
-130.808
-126.203
-121.451
-116.575
-111.592
-106.526
-101.397
-96.226
-91.034
-85.844
-80.676
-75.55
-70.488
-65.509
-60.632
-55.875
-51.257
-46.794
-42.501
-38.392
-34.482
-30.781
-27.3
-24.049
-21.037
-18.268
-15.751
-13.488
-11.483
-9.736
-8.249
-7.019
-6.043
-5.319
-4.838
-4.596
-4.583
-4.79
-5.208
-5.825
-6.629
-7.608
-8.747
-10.034
-11.453
-12.99
-14.628
-16.353
-18.149
-20.001
-21.893
-23.812
-25.742
-27.67
-29.584
-31.47
-33.318
-35.116
-36.853
-38.52
-40.108
-41.611
-43.021
-44.334
-45.546
-46.657
-47.666
-48.576
-49.389
-50.108
-50.738
-51.283
-51.75
-52.142
-52.463
-52.72
-52.919
-53.069
-53.177
-53.251
-53.301
-53.335
-53.363
-53.392
-53.429
-53.479
-53.544
-53.63
-53.745
-53.897
-54.102
-54.372
-54.71
-55.122
-55.61
-56.17
-56.795
-57.47
-58.167
-58.864
-59.54
-60.177
-60.763
-61.283
-61.716
-62.048
-62.25
-62.297
-62.188
-61.922
-61.504
-60.956
-60.294
-59.556
-58.819
-58.154
-57.636
-57.343
-57.308
-57.583
-58.241
-59.316
-60.828
-62.74
-64.885
-67.074
-69.161
-70.964
-72.287
-72.969
-72.862
-72.016
-70.766
-69.544
-68.711
-68.5
-69.184
-71.024
-74.027
-77.848
-81.295
-82.443
-80.191
-74.009
-63.764
-50.401
-32.928
-9.42
20.73
58.694
102.598
148.439
193.995
235.873
271.579
299.337
314.632
313.246
292.205
250.395
190.527
118.268
40.47
-35.86
-103.984
-159.024
-198.236
-221.391
-231.24
-231.772
-226.898
-218.748
-207.948
-194.625
-178.57
-160.738
-142.618
-125.423
-110.645
-99.285
-91.404
-86.658
-84.377
-83.775
-84.352
-85.738
-87.277
-88.078
-87.579
-85.581
-82.135
-77.534
-72.01
-65.717
-59.029
-52.522
-46.616
-41.503
-37.237
-33.728
-30.864
-28.575
-26.69
-24.88
-22.901
-20.667
-18.085
-15.071
-11.667
-7.95
-4.144
-0.672
2.148
4.061
4.668
3.442
0.666
-2.134
-3.099
-0.531
4.613
7.612
